task_index,L,N,nmax,W_over_t,realization_start,realization_stop,realizations_in_block,U_points,U_values_over_t_json,core_hash
0,7,4,4,0.1,0,50,50,41,"[0.0,0.025,0.05,0.075,0.1,0.125,0.15,0.175,0.2,0.225,0.25,0.275,0.3,0.325,0.35,0.375,0.4,0.425,0.45,0.475,0.5,0.525,0.55,0.575,0.6,0.625,0.65,0.675,0.7,0.725,0.75,0.775,0.8,0.825,0.85,0.875,0.9,0.925,0.95,0.975,1.0]",e216df2265753f96d56dbd578d0600dc56e865a8e4b6e691fb4f40fc8706b7bf
1,7,4,4,0.1,50,100,50,41,"[0.0,0.025,0.05,0.075,0.1,0.125,0.15,0.175,0.2,0.225,0.25,0.275,0.3,0.325,0.35,0.375,0.4,0.425,0.45,0.475,0.5,0.525,0.55,0.575,0.6,0.625,0.65,0.675,0.7,0.725,0.75,0.775,0.8,0.825,0.85,0.875,0.9,0.925,0.95,0.975,1.0]",e216df2265753f96d56dbd578d0600dc56e865a8e4b6e691fb4f40fc8706b7bf
2,7,4,4,0.1,100,150,50,41,"[0.0,0.025,0.05,0.075,0.1,0.125,0.15,0.175,0.2,0.225,0.25,0.275,0.3,0.325,0.35,0.375,0.4,0.425,0.45,0.475,0.5,0.525,0.55,0.575,0.6,0.625,0.65,0.675,0.7,0.725,0.75,0.775,0.8,0.825,0.85,0.875,0.9,0.925,0.95,0.975,1.0]",e216df2265753f96d56dbd578d0600dc56e865a8e4b6e691fb4f40fc8706b7bf
3,7,4,4,0.1,150,200,50,41,"[0.0,0.025,0.05,0.075,0.1,0.125,0.15,0.175,0.2,0.225,0.25,0.275,0.3,0.325,0.35,0.375,0.4,0.425,0.45,0.475,0.5,0.525,0.55,0.575,0.6,0.625,0.65,0.675,0.7,0.725,0.75,0.775,0.8,0.825,0.85,0.875,0.9,0.925,0.95,0.975,1.0]",e216df2265753f96d56dbd578d0600dc56e865a8e4b6e691fb4f40fc8706b7bf
4,7,4,4,0.2,0,50,50,41,"[0.0,0.025,0.05,0.075,0.1,0.125,0.15,0.175,0.2,0.225,0.25,0.275,0.3,0.325,0.35,0.375,0.4,0.425,0.45,0.475,0.5,0.525,0.55,0.575,0.6,0.625,0.65,0.675,0.7,0.725,0.75,0.775,0.8,0.825,0.85,0.875,0.9,0.925,0.95,0.975,1.0]",0e66e76974023b4c9249293ba29e580a085849e1f39c3b22ae5667f3dd284b55
5,7,4,4,0.2,50,100,50,41,"[0.0,0.025,0.05,0.075,0.1,0.125,0.15,0.175,0.2,0.225,0.25,0.275,0.3,0.325,0.35,0.375,0.4,0.425,0.45,0.475,0.5,0.525,0.55,0.575,0.6,0.625,0.65,0.675,0.7,0.725,0.75,0.775,0.8,0.825,0.85,0.875,0.9,0.925,0.95,0.975,1.0]",0e66e76974023b4c9249293ba29e580a085849e1f39c3b22ae5667f3dd284b55
6,7,4,4,0.2,100,150,50,41,"[0.0,0.025,0.05,0.075,0.1,0.125,0.15,0.175,0.2,0.225,0.25,0.275,0.3,0.325,0.35,0.375,0.4,0.425,0.45,0.475,0.5,0.525,0.55,0.575,0.6,0.625,0.65,0.675,0.7,0.725,0.75,0.775,0.8,0.825,0.85,0.875,0.9,0.925,0.95,0.975,1.0]",0e66e76974023b4c9249293ba29e580a085849e1f39c3b22ae5667f3dd284b55
7,7,4,4,0.2,150,200,50,41,"[0.0,0.025,0.05,0.075,0.1,0.125,0.15,0.175,0.2,0.225,0.25,0.275,0.3,0.325,0.35,0.375,0.4,0.425,0.45,0.475,0.5,0.525,0.55,0.575,0.6,0.625,0.65,0.675,0.7,0.725,0.75,0.775,0.8,0.825,0.85,0.875,0.9,0.925,0.95,0.975,1.0]",0e66e76974023b4c9249293ba29e580a085849e1f39c3b22ae5667f3dd284b55
8,7,4,4,0.3,0,50,50,41,"[0.0,0.025,0.05,0.075,0.1,0.125,0.15,0.175,0.2,0.225,0.25,0.275,0.3,0.325,0.35,0.375,0.4,0.425,0.45,0.475,0.5,0.525,0.55,0.575,0.6,0.625,0.65,0.675,0.7,0.725,0.75,0.775,0.8,0.825,0.85,0.875,0.9,0.925,0.95,0.975,1.0]",87e0bcea512866af50f181b50dd9b4ffd4053f5617605caa51019b103d6ee564
9,7,4,4,0.3,50,100,50,41,"[0.0,0.025,0.05,0.075,0.1,0.125,0.15,0.175,0.2,0.225,0.25,0.275,0.3,0.325,0.35,0.375,0.4,0.425,0.45,0.475,0.5,0.525,0.55,0.575,0.6,0.625,0.65,0.675,0.7,0.725,0.75,0.775,0.8,0.825,0.85,0.875,0.9,0.925,0.95,0.975,1.0]",87e0bcea512866af50f181b50dd9b4ffd4053f5617605caa51019b103d6ee564
10,7,4,4,0.3,100,150,50,41,"[0.0,0.025,0.05,0.075,0.1,0.125,0.15,0.175,0.2,0.225,0.25,0.275,0.3,0.325,0.35,0.375,0.4,0.425,0.45,0.475,0.5,0.525,0.55,0.575,0.6,0.625,0.65,0.675,0.7,0.725,0.75,0.775,0.8,0.825,0.85,0.875,0.9,0.925,0.95,0.975,1.0]",87e0bcea512866af50f181b50dd9b4ffd4053f5617605caa51019b103d6ee564
11,7,4,4,0.3,150,200,50,41,"[0.0,0.025,0.05,0.075,0.1,0.125,0.15,0.175,0.2,0.225,0.25,0.275,0.3,0.325,0.35,0.375,0.4,0.425,0.45,0.475,0.5,0.525,0.55,0.575,0.6,0.625,0.65,0.675,0.7,0.725,0.75,0.775,0.8,0.825,0.85,0.875,0.9,0.925,0.95,0.975,1.0]",87e0bcea512866af50f181b50dd9b4ffd4053f5617605caa51019b103d6ee564
12,7,4,4,0.4,0,50,50,41,"[0.0,0.025,0.05,0.075,0.1,0.125,0.15,0.175,0.2,0.225,0.25,0.275,0.3,0.325,0.35,0.375,0.4,0.425,0.45,0.475,0.5,0.525,0.55,0.575,0.6,0.625,0.65,0.675,0.7,0.725,0.75,0.775,0.8,0.825,0.85,0.875,0.9,0.925,0.95,0.975,1.0]",64073acd08925121a527f6525f13e3a11b0933b01dd3bd651415d3531081ebf2
13,7,4,4,0.4,50,100,50,41,"[0.0,0.025,0.05,0.075,0.1,0.125,0.15,0.175,0.2,0.225,0.25,0.275,0.3,0.325,0.35,0.375,0.4,0.425,0.45,0.475,0.5,0.525,0.55,0.575,0.6,0.625,0.65,0.675,0.7,0.725,0.75,0.775,0.8,0.825,0.85,0.875,0.9,0.925,0.95,0.975,1.0]",64073acd08925121a527f6525f13e3a11b0933b01dd3bd651415d3531081ebf2
14,7,4,4,0.4,100,150,50,41,"[0.0,0.025,0.05,0.075,0.1,0.125,0.15,0.175,0.2,0.225,0.25,0.275,0.3,0.325,0.35,0.375,0.4,0.425,0.45,0.475,0.5,0.525,0.55,0.575,0.6,0.625,0.65,0.675,0.7,0.725,0.75,0.775,0.8,0.825,0.85,0.875,0.9,0.925,0.95,0.975,1.0]",64073acd08925121a527f6525f13e3a11b0933b01dd3bd651415d3531081ebf2
15,7,4,4,0.4,150,200,50,41,"[0.0,0.025,0.05,0.075,0.1,0.125,0.15,0.175,0.2,0.225,0.25,0.275,0.3,0.325,0.35,0.375,0.4,0.425,0.45,0.475,0.5,0.525,0.55,0.575,0.6,0.625,0.65,0.675,0.7,0.725,0.75,0.775,0.8,0.825,0.85,0.875,0.9,0.925,0.95,0.975,1.0]",64073acd08925121a527f6525f13e3a11b0933b01dd3bd651415d3531081ebf2
16,7,4,4,0.5,0,50,50,41,"[0.0,0.025,0.05,0.075,0.1,0.125,0.15,0.175,0.2,0.225,0.25,0.275,0.3,0.325,0.35,0.375,0.4,0.425,0.45,0.475,0.5,0.525,0.55,0.575,0.6,0.625,0.65,0.675,0.7,0.725,0.75,0.775,0.8,0.825,0.85,0.875,0.9,0.925,0.95,0.975,1.0]",3bd1ad8bca54d75554427a8fa52d09d687cb84f8b27a4beae4d97cddaea38def
17,7,4,4,0.5,50,100,50,41,"[0.0,0.025,0.05,0.075,0.1,0.125,0.15,0.175,0.2,0.225,0.25,0.275,0.3,0.325,0.35,0.375,0.4,0.425,0.45,0.475,0.5,0.525,0.55,0.575,0.6,0.625,0.65,0.675,0.7,0.725,0.75,0.775,0.8,0.825,0.85,0.875,0.9,0.925,0.95,0.975,1.0]",3bd1ad8bca54d75554427a8fa52d09d687cb84f8b27a4beae4d97cddaea38def
18,7,4,4,0.5,100,150,50,41,"[0.0,0.025,0.05,0.075,0.1,0.125,0.15,0.175,0.2,0.225,0.25,0.275,0.3,0.325,0.35,0.375,0.4,0.425,0.45,0.475,0.5,0.525,0.55,0.575,0.6,0.625,0.65,0.675,0.7,0.725,0.75,0.775,0.8,0.825,0.85,0.875,0.9,0.925,0.95,0.975,1.0]",3bd1ad8bca54d75554427a8fa52d09d687cb84f8b27a4beae4d97cddaea38def
19,7,4,4,0.5,150,200,50,41,"[0.0,0.025,0.05,0.075,0.1,0.125,0.15,0.175,0.2,0.225,0.25,0.275,0.3,0.325,0.35,0.375,0.4,0.425,0.45,0.475,0.5,0.525,0.55,0.575,0.6,0.625,0.65,0.675,0.7,0.725,0.75,0.775,0.8,0.825,0.85,0.875,0.9,0.925,0.95,0.975,1.0]",3bd1ad8bca54d75554427a8fa52d09d687cb84f8b27a4beae4d97cddaea38def
20,7,4,4,0.6,0,50,50,41,"[0.0,0.025,0.05,0.075,0.1,0.125,0.15,0.175,0.2,0.225,0.25,0.275,0.3,0.325,0.35,0.375,0.4,0.425,0.45,0.475,0.5,0.525,0.55,0.575,0.6,0.625,0.65,0.675,0.7,0.725,0.75,0.775,0.8,0.825,0.85,0.875,0.9,0.925,0.95,0.975,1.0]",b6ca479cdde285a55753e98a0cca3fc3c6ee07a92a7f8a46519b1d923b8e5335
21,7,4,4,0.6,50,100,50,41,"[0.0,0.025,0.05,0.075,0.1,0.125,0.15,0.175,0.2,0.225,0.25,0.275,0.3,0.325,0.35,0.375,0.4,0.425,0.45,0.475,0.5,0.525,0.55,0.575,0.6,0.625,0.65,0.675,0.7,0.725,0.75,0.775,0.8,0.825,0.85,0.875,0.9,0.925,0.95,0.975,1.0]",b6ca479cdde285a55753e98a0cca3fc3c6ee07a92a7f8a46519b1d923b8e5335
22,7,4,4,0.6,100,150,50,41,"[0.0,0.025,0.05,0.075,0.1,0.125,0.15,0.175,0.2,0.225,0.25,0.275,0.3,0.325,0.35,0.375,0.4,0.425,0.45,0.475,0.5,0.525,0.55,0.575,0.6,0.625,0.65,0.675,0.7,0.725,0.75,0.775,0.8,0.825,0.85,0.875,0.9,0.925,0.95,0.975,1.0]",b6ca479cdde285a55753e98a0cca3fc3c6ee07a92a7f8a46519b1d923b8e5335
23,7,4,4,0.6,150,200,50,41,"[0.0,0.025,0.05,0.075,0.1,0.125,0.15,0.175,0.2,0.225,0.25,0.275,0.3,0.325,0.35,0.375,0.4,0.425,0.45,0.475,0.5,0.525,0.55,0.575,0.6,0.625,0.65,0.675,0.7,0.725,0.75,0.775,0.8,0.825,0.85,0.875,0.9,0.925,0.95,0.975,1.0]",b6ca479cdde285a55753e98a0cca3fc3c6ee07a92a7f8a46519b1d923b8e5335
24,7,4,4,0.7,0,50,50,41,"[0.0,0.025,0.05,0.075,0.1,0.125,0.15,0.175,0.2,0.225,0.25,0.275,0.3,0.325,0.35,0.375,0.4,0.425,0.45,0.475,0.5,0.525,0.55,0.575,0.6,0.625,0.65,0.675,0.7,0.725,0.75,0.775,0.8,0.825,0.85,0.875,0.9,0.925,0.95,0.975,1.0]",022a2cbb084c6cd36cd5b4b3b50ac286d9b795bd26cac250d62d434ab9d74126
25,7,4,4,0.7,50,100,50,41,"[0.0,0.025,0.05,0.075,0.1,0.125,0.15,0.175,0.2,0.225,0.25,0.275,0.3,0.325,0.35,0.375,0.4,0.425,0.45,0.475,0.5,0.525,0.55,0.575,0.6,0.625,0.65,0.675,0.7,0.725,0.75,0.775,0.8,0.825,0.85,0.875,0.9,0.925,0.95,0.975,1.0]",022a2cbb084c6cd36cd5b4b3b50ac286d9b795bd26cac250d62d434ab9d74126
26,7,4,4,0.7,100,150,50,41,"[0.0,0.025,0.05,0.075,0.1,0.125,0.15,0.175,0.2,0.225,0.25,0.275,0.3,0.325,0.35,0.375,0.4,0.425,0.45,0.475,0.5,0.525,0.55,0.575,0.6,0.625,0.65,0.675,0.7,0.725,0.75,0.775,0.8,0.825,0.85,0.875,0.9,0.925,0.95,0.975,1.0]",022a2cbb084c6cd36cd5b4b3b50ac286d9b795bd26cac250d62d434ab9d74126
27,7,4,4,0.7,150,200,50,41,"[0.0,0.025,0.05,0.075,0.1,0.125,0.15,0.175,0.2,0.225,0.25,0.275,0.3,0.325,0.35,0.375,0.4,0.425,0.45,0.475,0.5,0.525,0.55,0.575,0.6,0.625,0.65,0.675,0.7,0.725,0.75,0.775,0.8,0.825,0.85,0.875,0.9,0.925,0.95,0.975,1.0]",022a2cbb084c6cd36cd5b4b3b50ac286d9b795bd26cac250d62d434ab9d74126
28,7,4,4,0.8,0,50,50,41,"[0.0,0.025,0.05,0.075,0.1,0.125,0.15,0.175,0.2,0.225,0.25,0.275,0.3,0.325,0.35,0.375,0.4,0.425,0.45,0.475,0.5,0.525,0.55,0.575,0.6,0.625,0.65,0.675,0.7,0.725,0.75,0.775,0.8,0.825,0.85,0.875,0.9,0.925,0.95,0.975,1.0]",4e0d68367f17a8b7cf874e2cd2be1abe844ad1cf3bcd4d5e960d75a3b06d2a49
29,7,4,4,0.8,50,100,50,41,"[0.0,0.025,0.05,0.075,0.1,0.125,0.15,0.175,0.2,0.225,0.25,0.275,0.3,0.325,0.35,0.375,0.4,0.425,0.45,0.475,0.5,0.525,0.55,0.575,0.6,0.625,0.65,0.675,0.7,0.725,0.75,0.775,0.8,0.825,0.85,0.875,0.9,0.925,0.95,0.975,1.0]",4e0d68367f17a8b7cf874e2cd2be1abe844ad1cf3bcd4d5e960d75a3b06d2a49
30,7,4,4,0.8,100,150,50,41,"[0.0,0.025,0.05,0.075,0.1,0.125,0.15,0.175,0.2,0.225,0.25,0.275,0.3,0.325,0.35,0.375,0.4,0.425,0.45,0.475,0.5,0.525,0.55,0.575,0.6,0.625,0.65,0.675,0.7,0.725,0.75,0.775,0.8,0.825,0.85,0.875,0.9,0.925,0.95,0.975,1.0]",4e0d68367f17a8b7cf874e2cd2be1abe844ad1cf3bcd4d5e960d75a3b06d2a49
31,7,4,4,0.8,150,200,50,41,"[0.0,0.025,0.05,0.075,0.1,0.125,0.15,0.175,0.2,0.225,0.25,0.275,0.3,0.325,0.35,0.375,0.4,0.425,0.45,0.475,0.5,0.525,0.55,0.575,0.6,0.625,0.65,0.675,0.7,0.725,0.75,0.775,0.8,0.825,0.85,0.875,0.9,0.925,0.95,0.975,1.0]",4e0d68367f17a8b7cf874e2cd2be1abe844ad1cf3bcd4d5e960d75a3b06d2a49
32,7,4,4,0.9,0,50,50,41,"[0.0,0.025,0.05,0.075,0.1,0.125,0.15,0.175,0.2,0.225,0.25,0.275,0.3,0.325,0.35,0.375,0.4,0.425,0.45,0.475,0.5,0.525,0.55,0.575,0.6,0.625,0.65,0.675,0.7,0.725,0.75,0.775,0.8,0.825,0.85,0.875,0.9,0.925,0.95,0.975,1.0]",e36958b2225c673e834c23ae680e2371dba13c3be407de2ad4f6e04c52efa10e
33,7,4,4,0.9,50,100,50,41,"[0.0,0.025,0.05,0.075,0.1,0.125,0.15,0.175,0.2,0.225,0.25,0.275,0.3,0.325,0.35,0.375,0.4,0.425,0.45,0.475,0.5,0.525,0.55,0.575,0.6,0.625,0.65,0.675,0.7,0.725,0.75,0.775,0.8,0.825,0.85,0.875,0.9,0.925,0.95,0.975,1.0]",e36958b2225c673e834c23ae680e2371dba13c3be407de2ad4f6e04c52efa10e
34,7,4,4,0.9,100,150,50,41,"[0.0,0.025,0.05,0.075,0.1,0.125,0.15,0.175,0.2,0.225,0.25,0.275,0.3,0.325,0.35,0.375,0.4,0.425,0.45,0.475,0.5,0.525,0.55,0.575,0.6,0.625,0.65,0.675,0.7,0.725,0.75,0.775,0.8,0.825,0.85,0.875,0.9,0.925,0.95,0.975,1.0]",e36958b2225c673e834c23ae680e2371dba13c3be407de2ad4f6e04c52efa10e
35,7,4,4,0.9,150,200,50,41,"[0.0,0.025,0.05,0.075,0.1,0.125,0.15,0.175,0.2,0.225,0.25,0.275,0.3,0.325,0.35,0.375,0.4,0.425,0.45,0.475,0.5,0.525,0.55,0.575,0.6,0.625,0.65,0.675,0.7,0.725,0.75,0.775,0.8,0.825,0.85,0.875,0.9,0.925,0.95,0.975,1.0]",e36958b2225c673e834c23ae680e2371dba13c3be407de2ad4f6e04c52efa10e
36,7,4,4,1.0,0,50,50,41,"[0.0,0.025,0.05,0.075,0.1,0.125,0.15,0.175,0.2,0.225,0.25,0.275,0.3,0.325,0.35,0.375,0.4,0.425,0.45,0.475,0.5,0.525,0.55,0.575,0.6,0.625,0.65,0.675,0.7,0.725,0.75,0.775,0.8,0.825,0.85,0.875,0.9,0.925,0.95,0.975,1.0]",b9c6fa5af7285e6fe3212d0bc22cb19deeed310ea46c2b8d895b3509ff8f3f9f
37,7,4,4,1.0,50,100,50,41,"[0.0,0.025,0.05,0.075,0.1,0.125,0.15,0.175,0.2,0.225,0.25,0.275,0.3,0.325,0.35,0.375,0.4,0.425,0.45,0.475,0.5,0.525,0.55,0.575,0.6,0.625,0.65,0.675,0.7,0.725,0.75,0.775,0.8,0.825,0.85,0.875,0.9,0.925,0.95,0.975,1.0]",b9c6fa5af7285e6fe3212d0bc22cb19deeed310ea46c2b8d895b3509ff8f3f9f
38,7,4,4,1.0,100,150,50,41,"[0.0,0.025,0.05,0.075,0.1,0.125,0.15,0.175,0.2,0.225,0.25,0.275,0.3,0.325,0.35,0.375,0.4,0.425,0.45,0.475,0.5,0.525,0.55,0.575,0.6,0.625,0.65,0.675,0.7,0.725,0.75,0.775,0.8,0.825,0.85,0.875,0.9,0.925,0.95,0.975,1.0]",b9c6fa5af7285e6fe3212d0bc22cb19deeed310ea46c2b8d895b3509ff8f3f9f
39,7,4,4,1.0,150,200,50,41,"[0.0,0.025,0.05,0.075,0.1,0.125,0.15,0.175,0.2,0.225,0.25,0.275,0.3,0.325,0.35,0.375,0.4,0.425,0.45,0.475,0.5,0.525,0.55,0.575,0.6,0.625,0.65,0.675,0.7,0.725,0.75,0.775,0.8,0.825,0.85,0.875,0.9,0.925,0.95,0.975,1.0]",b9c6fa5af7285e6fe3212d0bc22cb19deeed310ea46c2b8d895b3509ff8f3f9f
40,7,4,4,1.1,0,50,50,41,"[0.0,0.025,0.05,0.075,0.1,0.125,0.15,0.175,0.2,0.225,0.25,0.275,0.3,0.325,0.35,0.375,0.4,0.425,0.45,0.475,0.5,0.525,0.55,0.575,0.6,0.625,0.65,0.675,0.7,0.725,0.75,0.775,0.8,0.825,0.85,0.875,0.9,0.925,0.95,0.975,1.0]",5679dbd9eab7f6e57433ee670457dc1290b48d9fdb59b65252c8db5a0c27e8c2
41,7,4,4,1.1,50,100,50,41,"[0.0,0.025,0.05,0.075,0.1,0.125,0.15,0.175,0.2,0.225,0.25,0.275,0.3,0.325,0.35,0.375,0.4,0.425,0.45,0.475,0.5,0.525,0.55,0.575,0.6,0.625,0.65,0.675,0.7,0.725,0.75,0.775,0.8,0.825,0.85,0.875,0.9,0.925,0.95,0.975,1.0]",5679dbd9eab7f6e57433ee670457dc1290b48d9fdb59b65252c8db5a0c27e8c2
42,7,4,4,1.1,100,150,50,41,"[0.0,0.025,0.05,0.075,0.1,0.125,0.15,0.175,0.2,0.225,0.25,0.275,0.3,0.325,0.35,0.375,0.4,0.425,0.45,0.475,0.5,0.525,0.55,0.575,0.6,0.625,0.65,0.675,0.7,0.725,0.75,0.775,0.8,0.825,0.85,0.875,0.9,0.925,0.95,0.975,1.0]",5679dbd9eab7f6e57433ee670457dc1290b48d9fdb59b65252c8db5a0c27e8c2
43,7,4,4,1.1,150,200,50,41,"[0.0,0.025,0.05,0.075,0.1,0.125,0.15,0.175,0.2,0.225,0.25,0.275,0.3,0.325,0.35,0.375,0.4,0.425,0.45,0.475,0.5,0.525,0.55,0.575,0.6,0.625,0.65,0.675,0.7,0.725,0.75,0.775,0.8,0.825,0.85,0.875,0.9,0.925,0.95,0.975,1.0]",5679dbd9eab7f6e57433ee670457dc1290b48d9fdb59b65252c8db5a0c27e8c2
44,7,4,4,1.2,0,50,50,41,"[0.0,0.025,0.05,0.075,0.1,0.125,0.15,0.175,0.2,0.225,0.25,0.275,0.3,0.325,0.35,0.375,0.4,0.425,0.45,0.475,0.5,0.525,0.55,0.575,0.6,0.625,0.65,0.675,0.7,0.725,0.75,0.775,0.8,0.825,0.85,0.875,0.9,0.925,0.95,0.975,1.0]",6e54ff0714e86bb3bbd43bca60d0ac7c8e1fffabf6816d8a158af99abb9e4086
45,7,4,4,1.2,50,100,50,41,"[0.0,0.025,0.05,0.075,0.1,0.125,0.15,0.175,0.2,0.225,0.25,0.275,0.3,0.325,0.35,0.375,0.4,0.425,0.45,0.475,0.5,0.525,0.55,0.575,0.6,0.625,0.65,0.675,0.7,0.725,0.75,0.775,0.8,0.825,0.85,0.875,0.9,0.925,0.95,0.975,1.0]",6e54ff0714e86bb3bbd43bca60d0ac7c8e1fffabf6816d8a158af99abb9e4086
46,7,4,4,1.2,100,150,50,41,"[0.0,0.025,0.05,0.075,0.1,0.125,0.15,0.175,0.2,0.225,0.25,0.275,0.3,0.325,0.35,0.375,0.4,0.425,0.45,0.475,0.5,0.525,0.55,0.575,0.6,0.625,0.65,0.675,0.7,0.725,0.75,0.775,0.8,0.825,0.85,0.875,0.9,0.925,0.95,0.975,1.0]",6e54ff0714e86bb3bbd43bca60d0ac7c8e1fffabf6816d8a158af99abb9e4086
47,7,4,4,1.2,150,200,50,41,"[0.0,0.025,0.05,0.075,0.1,0.125,0.15,0.175,0.2,0.225,0.25,0.275,0.3,0.325,0.35,0.375,0.4,0.425,0.45,0.475,0.5,0.525,0.55,0.575,0.6,0.625,0.65,0.675,0.7,0.725,0.75,0.775,0.8,0.825,0.85,0.875,0.9,0.925,0.95,0.975,1.0]",6e54ff0714e86bb3bbd43bca60d0ac7c8e1fffabf6816d8a158af99abb9e4086
48,7,4,4,1.3,0,50,50,41,"[0.0,0.025,0.05,0.075,0.1,0.125,0.15,0.175,0.2,0.225,0.25,0.275,0.3,0.325,0.35,0.375,0.4,0.425,0.45,0.475,0.5,0.525,0.55,0.575,0.6,0.625,0.65,0.675,0.7,0.725,0.75,0.775,0.8,0.825,0.85,0.875,0.9,0.925,0.95,0.975,1.0]",e36598b5ceac647c62c94a1d916b79e6ca521d957fa7ea3e91cb003eed059e90
49,7,4,4,1.3,50,100,50,41,"[0.0,0.025,0.05,0.075,0.1,0.125,0.15,0.175,0.2,0.225,0.25,0.275,0.3,0.325,0.35,0.375,0.4,0.425,0.45,0.475,0.5,0.525,0.55,0.575,0.6,0.625,0.65,0.675,0.7,0.725,0.75,0.775,0.8,0.825,0.85,0.875,0.9,0.925,0.95,0.975,1.0]",e36598b5ceac647c62c94a1d916b79e6ca521d957fa7ea3e91cb003eed059e90
50,7,4,4,1.3,100,150,50,41,"[0.0,0.025,0.05,0.075,0.1,0.125,0.15,0.175,0.2,0.225,0.25,0.275,0.3,0.325,0.35,0.375,0.4,0.425,0.45,0.475,0.5,0.525,0.55,0.575,0.6,0.625,0.65,0.675,0.7,0.725,0.75,0.775,0.8,0.825,0.85,0.875,0.9,0.925,0.95,0.975,1.0]",e36598b5ceac647c62c94a1d916b79e6ca521d957fa7ea3e91cb003eed059e90
51,7,4,4,1.3,150,200,50,41,"[0.0,0.025,0.05,0.075,0.1,0.125,0.15,0.175,0.2,0.225,0.25,0.275,0.3,0.325,0.35,0.375,0.4,0.425,0.45,0.475,0.5,0.525,0.55,0.575,0.6,0.625,0.65,0.675,0.7,0.725,0.75,0.775,0.8,0.825,0.85,0.875,0.9,0.925,0.95,0.975,1.0]",e36598b5ceac647c62c94a1d916b79e6ca521d957fa7ea3e91cb003eed059e90
52,7,4,4,1.4,0,50,50,41,"[0.0,0.025,0.05,0.075,0.1,0.125,0.15,0.175,0.2,0.225,0.25,0.275,0.3,0.325,0.35,0.375,0.4,0.425,0.45,0.475,0.5,0.525,0.55,0.575,0.6,0.625,0.65,0.675,0.7,0.725,0.75,0.775,0.8,0.825,0.85,0.875,0.9,0.925,0.95,0.975,1.0]",82c490c5cdb8047f1c905fcb14f491bd6fd1209f159e7514caae6293f6a20c18
53,7,4,4,1.4,50,100,50,41,"[0.0,0.025,0.05,0.075,0.1,0.125,0.15,0.175,0.2,0.225,0.25,0.275,0.3,0.325,0.35,0.375,0.4,0.425,0.45,0.475,0.5,0.525,0.55,0.575,0.6,0.625,0.65,0.675,0.7,0.725,0.75,0.775,0.8,0.825,0.85,0.875,0.9,0.925,0.95,0.975,1.0]",82c490c5cdb8047f1c905fcb14f491bd6fd1209f159e7514caae6293f6a20c18
54,7,4,4,1.4,100,150,50,41,"[0.0,0.025,0.05,0.075,0.1,0.125,0.15,0.175,0.2,0.225,0.25,0.275,0.3,0.325,0.35,0.375,0.4,0.425,0.45,0.475,0.5,0.525,0.55,0.575,0.6,0.625,0.65,0.675,0.7,0.725,0.75,0.775,0.8,0.825,0.85,0.875,0.9,0.925,0.95,0.975,1.0]",82c490c5cdb8047f1c905fcb14f491bd6fd1209f159e7514caae6293f6a20c18
55,7,4,4,1.4,150,200,50,41,"[0.0,0.025,0.05,0.075,0.1,0.125,0.15,0.175,0.2,0.225,0.25,0.275,0.3,0.325,0.35,0.375,0.4,0.425,0.45,0.475,0.5,0.525,0.55,0.575,0.6,0.625,0.65,0.675,0.7,0.725,0.75,0.775,0.8,0.825,0.85,0.875,0.9,0.925,0.95,0.975,1.0]",82c490c5cdb8047f1c905fcb14f491bd6fd1209f159e7514caae6293f6a20c18
56,7,4,4,1.5,0,50,50,41,"[0.0,0.025,0.05,0.075,0.1,0.125,0.15,0.175,0.2,0.225,0.25,0.275,0.3,0.325,0.35,0.375,0.4,0.425,0.45,0.475,0.5,0.525,0.55,0.575,0.6,0.625,0.65,0.675,0.7,0.725,0.75,0.775,0.8,0.825,0.85,0.875,0.9,0.925,0.95,0.975,1.0]",c5948621efcd134b6650a3ce7ee174b9da21432fb716dead0c767a9a963bd4da
57,7,4,4,1.5,50,100,50,41,"[0.0,0.025,0.05,0.075,0.1,0.125,0.15,0.175,0.2,0.225,0.25,0.275,0.3,0.325,0.35,0.375,0.4,0.425,0.45,0.475,0.5,0.525,0.55,0.575,0.6,0.625,0.65,0.675,0.7,0.725,0.75,0.775,0.8,0.825,0.85,0.875,0.9,0.925,0.95,0.975,1.0]",c5948621efcd134b6650a3ce7ee174b9da21432fb716dead0c767a9a963bd4da
58,7,4,4,1.5,100,150,50,41,"[0.0,0.025,0.05,0.075,0.1,0.125,0.15,0.175,0.2,0.225,0.25,0.275,0.3,0.325,0.35,0.375,0.4,0.425,0.45,0.475,0.5,0.525,0.55,0.575,0.6,0.625,0.65,0.675,0.7,0.725,0.75,0.775,0.8,0.825,0.85,0.875,0.9,0.925,0.95,0.975,1.0]",c5948621efcd134b6650a3ce7ee174b9da21432fb716dead0c767a9a963bd4da
59,7,4,4,1.5,150,200,50,41,"[0.0,0.025,0.05,0.075,0.1,0.125,0.15,0.175,0.2,0.225,0.25,0.275,0.3,0.325,0.35,0.375,0.4,0.425,0.45,0.475,0.5,0.525,0.55,0.575,0.6,0.625,0.65,0.675,0.7,0.725,0.75,0.775,0.8,0.825,0.85,0.875,0.9,0.925,0.95,0.975,1.0]",c5948621efcd134b6650a3ce7ee174b9da21432fb716dead0c767a9a963bd4da
60,7,4,4,1.6,0,50,50,41,"[0.0,0.025,0.05,0.075,0.1,0.125,0.15,0.175,0.2,0.225,0.25,0.275,0.3,0.325,0.35,0.375,0.4,0.425,0.45,0.475,0.5,0.525,0.55,0.575,0.6,0.625,0.65,0.675,0.7,0.725,0.75,0.775,0.8,0.825,0.85,0.875,0.9,0.925,0.95,0.975,1.0]",5fba99a2537e9f25a8b779bbacd03f39522096b958b51e27882cfffd65b9fd11
61,7,4,4,1.6,50,100,50,41,"[0.0,0.025,0.05,0.075,0.1,0.125,0.15,0.175,0.2,0.225,0.25,0.275,0.3,0.325,0.35,0.375,0.4,0.425,0.45,0.475,0.5,0.525,0.55,0.575,0.6,0.625,0.65,0.675,0.7,0.725,0.75,0.775,0.8,0.825,0.85,0.875,0.9,0.925,0.95,0.975,1.0]",5fba99a2537e9f25a8b779bbacd03f39522096b958b51e27882cfffd65b9fd11
62,7,4,4,1.6,100,150,50,41,"[0.0,0.025,0.05,0.075,0.1,0.125,0.15,0.175,0.2,0.225,0.25,0.275,0.3,0.325,0.35,0.375,0.4,0.425,0.45,0.475,0.5,0.525,0.55,0.575,0.6,0.625,0.65,0.675,0.7,0.725,0.75,0.775,0.8,0.825,0.85,0.875,0.9,0.925,0.95,0.975,1.0]",5fba99a2537e9f25a8b779bbacd03f39522096b958b51e27882cfffd65b9fd11
63,7,4,4,1.6,150,200,50,41,"[0.0,0.025,0.05,0.075,0.1,0.125,0.15,0.175,0.2,0.225,0.25,0.275,0.3,0.325,0.35,0.375,0.4,0.425,0.45,0.475,0.5,0.525,0.55,0.575,0.6,0.625,0.65,0.675,0.7,0.725,0.75,0.775,0.8,0.825,0.85,0.875,0.9,0.925,0.95,0.975,1.0]",5fba99a2537e9f25a8b779bbacd03f39522096b958b51e27882cfffd65b9fd11
64,7,4,4,1.7,0,50,50,41,"[0.0,0.025,0.05,0.075,0.1,0.125,0.15,0.175,0.2,0.225,0.25,0.275,0.3,0.325,0.35,0.375,0.4,0.425,0.45,0.475,0.5,0.525,0.55,0.575,0.6,0.625,0.65,0.675,0.7,0.725,0.75,0.775,0.8,0.825,0.85,0.875,0.9,0.925,0.95,0.975,1.0]",cea48833bc42759e90d494a93bb9c31740e1b53c1f47767ff1208bf87418e74e
65,7,4,4,1.7,50,100,50,41,"[0.0,0.025,0.05,0.075,0.1,0.125,0.15,0.175,0.2,0.225,0.25,0.275,0.3,0.325,0.35,0.375,0.4,0.425,0.45,0.475,0.5,0.525,0.55,0.575,0.6,0.625,0.65,0.675,0.7,0.725,0.75,0.775,0.8,0.825,0.85,0.875,0.9,0.925,0.95,0.975,1.0]",cea48833bc42759e90d494a93bb9c31740e1b53c1f47767ff1208bf87418e74e
66,7,4,4,1.7,100,150,50,41,"[0.0,0.025,0.05,0.075,0.1,0.125,0.15,0.175,0.2,0.225,0.25,0.275,0.3,0.325,0.35,0.375,0.4,0.425,0.45,0.475,0.5,0.525,0.55,0.575,0.6,0.625,0.65,0.675,0.7,0.725,0.75,0.775,0.8,0.825,0.85,0.875,0.9,0.925,0.95,0.975,1.0]",cea48833bc42759e90d494a93bb9c31740e1b53c1f47767ff1208bf87418e74e
67,7,4,4,1.7,150,200,50,41,"[0.0,0.025,0.05,0.075,0.1,0.125,0.15,0.175,0.2,0.225,0.25,0.275,0.3,0.325,0.35,0.375,0.4,0.425,0.45,0.475,0.5,0.525,0.55,0.575,0.6,0.625,0.65,0.675,0.7,0.725,0.75,0.775,0.8,0.825,0.85,0.875,0.9,0.925,0.95,0.975,1.0]",cea48833bc42759e90d494a93bb9c31740e1b53c1f47767ff1208bf87418e74e
68,7,4,4,1.8,0,50,50,41,"[0.0,0.025,0.05,0.075,0.1,0.125,0.15,0.175,0.2,0.225,0.25,0.275,0.3,0.325,0.35,0.375,0.4,0.425,0.45,0.475,0.5,0.525,0.55,0.575,0.6,0.625,0.65,0.675,0.7,0.725,0.75,0.775,0.8,0.825,0.85,0.875,0.9,0.925,0.95,0.975,1.0]",8048bb84aea9d3897f24b42aa2672e4a6b14d2f383d17cb20f98ed4f02bc2187
69,7,4,4,1.8,50,100,50,41,"[0.0,0.025,0.05,0.075,0.1,0.125,0.15,0.175,0.2,0.225,0.25,0.275,0.3,0.325,0.35,0.375,0.4,0.425,0.45,0.475,0.5,0.525,0.55,0.575,0.6,0.625,0.65,0.675,0.7,0.725,0.75,0.775,0.8,0.825,0.85,0.875,0.9,0.925,0.95,0.975,1.0]",8048bb84aea9d3897f24b42aa2672e4a6b14d2f383d17cb20f98ed4f02bc2187
70,7,4,4,1.8,100,150,50,41,"[0.0,0.025,0.05,0.075,0.1,0.125,0.15,0.175,0.2,0.225,0.25,0.275,0.3,0.325,0.35,0.375,0.4,0.425,0.45,0.475,0.5,0.525,0.55,0.575,0.6,0.625,0.65,0.675,0.7,0.725,0.75,0.775,0.8,0.825,0.85,0.875,0.9,0.925,0.95,0.975,1.0]",8048bb84aea9d3897f24b42aa2672e4a6b14d2f383d17cb20f98ed4f02bc2187
71,7,4,4,1.8,150,200,50,41,"[0.0,0.025,0.05,0.075,0.1,0.125,0.15,0.175,0.2,0.225,0.25,0.275,0.3,0.325,0.35,0.375,0.4,0.425,0.45,0.475,0.5,0.525,0.55,0.575,0.6,0.625,0.65,0.675,0.7,0.725,0.75,0.775,0.8,0.825,0.85,0.875,0.9,0.925,0.95,0.975,1.0]",8048bb84aea9d3897f24b42aa2672e4a6b14d2f383d17cb20f98ed4f02bc2187
72,7,4,4,1.9,0,50,50,41,"[0.0,0.025,0.05,0.075,0.1,0.125,0.15,0.175,0.2,0.225,0.25,0.275,0.3,0.325,0.35,0.375,0.4,0.425,0.45,0.475,0.5,0.525,0.55,0.575,0.6,0.625,0.65,0.675,0.7,0.725,0.75,0.775,0.8,0.825,0.85,0.875,0.9,0.925,0.95,0.975,1.0]",2957cfcea65697507a2f32c8de84ba20d2e79906cd2a5c1015bb72e5fb4c2d35
73,7,4,4,1.9,50,100,50,41,"[0.0,0.025,0.05,0.075,0.1,0.125,0.15,0.175,0.2,0.225,0.25,0.275,0.3,0.325,0.35,0.375,0.4,0.425,0.45,0.475,0.5,0.525,0.55,0.575,0.6,0.625,0.65,0.675,0.7,0.725,0.75,0.775,0.8,0.825,0.85,0.875,0.9,0.925,0.95,0.975,1.0]",2957cfcea65697507a2f32c8de84ba20d2e79906cd2a5c1015bb72e5fb4c2d35
74,7,4,4,1.9,100,150,50,41,"[0.0,0.025,0.05,0.075,0.1,0.125,0.15,0.175,0.2,0.225,0.25,0.275,0.3,0.325,0.35,0.375,0.4,0.425,0.45,0.475,0.5,0.525,0.55,0.575,0.6,0.625,0.65,0.675,0.7,0.725,0.75,0.775,0.8,0.825,0.85,0.875,0.9,0.925,0.95,0.975,1.0]",2957cfcea65697507a2f32c8de84ba20d2e79906cd2a5c1015bb72e5fb4c2d35
75,7,4,4,1.9,150,200,50,41,"[0.0,0.025,0.05,0.075,0.1,0.125,0.15,0.175,0.2,0.225,0.25,0.275,0.3,0.325,0.35,0.375,0.4,0.425,0.45,0.475,0.5,0.525,0.55,0.575,0.6,0.625,0.65,0.675,0.7,0.725,0.75,0.775,0.8,0.825,0.85,0.875,0.9,0.925,0.95,0.975,1.0]",2957cfcea65697507a2f32c8de84ba20d2e79906cd2a5c1015bb72e5fb4c2d35
76,7,4,4,2.0,0,50,50,41,"[0.0,0.025,0.05,0.075,0.1,0.125,0.15,0.175,0.2,0.225,0.25,0.275,0.3,0.325,0.35,0.375,0.4,0.425,0.45,0.475,0.5,0.525,0.55,0.575,0.6,0.625,0.65,0.675,0.7,0.725,0.75,0.775,0.8,0.825,0.85,0.875,0.9,0.925,0.95,0.975,1.0]",131b292018b0160fb50798f9c6f27fb9e901dfcd23af677676f579a616d55239
77,7,4,4,2.0,50,100,50,41,"[0.0,0.025,0.05,0.075,0.1,0.125,0.15,0.175,0.2,0.225,0.25,0.275,0.3,0.325,0.35,0.375,0.4,0.425,0.45,0.475,0.5,0.525,0.55,0.575,0.6,0.625,0.65,0.675,0.7,0.725,0.75,0.775,0.8,0.825,0.85,0.875,0.9,0.925,0.95,0.975,1.0]",131b292018b0160fb50798f9c6f27fb9e901dfcd23af677676f579a616d55239
78,7,4,4,2.0,100,150,50,41,"[0.0,0.025,0.05,0.075,0.1,0.125,0.15,0.175,0.2,0.225,0.25,0.275,0.3,0.325,0.35,0.375,0.4,0.425,0.45,0.475,0.5,0.525,0.55,0.575,0.6,0.625,0.65,0.675,0.7,0.725,0.75,0.775,0.8,0.825,0.85,0.875,0.9,0.925,0.95,0.975,1.0]",131b292018b0160fb50798f9c6f27fb9e901dfcd23af677676f579a616d55239
79,7,4,4,2.0,150,200,50,41,"[0.0,0.025,0.05,0.075,0.1,0.125,0.15,0.175,0.2,0.225,0.25,0.275,0.3,0.325,0.35,0.375,0.4,0.425,0.45,0.475,0.5,0.525,0.55,0.575,0.6,0.625,0.65,0.675,0.7,0.725,0.75,0.775,0.8,0.825,0.85,0.875,0.9,0.925,0.95,0.975,1.0]",131b292018b0160fb50798f9c6f27fb9e901dfcd23af677676f579a616d55239
80,7,4,4,2.1,0,50,50,41,"[0.0,0.025,0.05,0.075,0.1,0.125,0.15,0.175,0.2,0.225,0.25,0.275,0.3,0.325,0.35,0.375,0.4,0.425,0.45,0.475,0.5,0.525,0.55,0.575,0.6,0.625,0.65,0.675,0.7,0.725,0.75,0.775,0.8,0.825,0.85,0.875,0.9,0.925,0.95,0.975,1.0]",d56d47459e7f7ff2ccb2b8c9b7e84ecc264ad6edf7ef83a40c06160daa367867
81,7,4,4,2.1,50,100,50,41,"[0.0,0.025,0.05,0.075,0.1,0.125,0.15,0.175,0.2,0.225,0.25,0.275,0.3,0.325,0.35,0.375,0.4,0.425,0.45,0.475,0.5,0.525,0.55,0.575,0.6,0.625,0.65,0.675,0.7,0.725,0.75,0.775,0.8,0.825,0.85,0.875,0.9,0.925,0.95,0.975,1.0]",d56d47459e7f7ff2ccb2b8c9b7e84ecc264ad6edf7ef83a40c06160daa367867
82,7,4,4,2.1,100,150,50,41,"[0.0,0.025,0.05,0.075,0.1,0.125,0.15,0.175,0.2,0.225,0.25,0.275,0.3,0.325,0.35,0.375,0.4,0.425,0.45,0.475,0.5,0.525,0.55,0.575,0.6,0.625,0.65,0.675,0.7,0.725,0.75,0.775,0.8,0.825,0.85,0.875,0.9,0.925,0.95,0.975,1.0]",d56d47459e7f7ff2ccb2b8c9b7e84ecc264ad6edf7ef83a40c06160daa367867
83,7,4,4,2.1,150,200,50,41,"[0.0,0.025,0.05,0.075,0.1,0.125,0.15,0.175,0.2,0.225,0.25,0.275,0.3,0.325,0.35,0.375,0.4,0.425,0.45,0.475,0.5,0.525,0.55,0.575,0.6,0.625,0.65,0.675,0.7,0.725,0.75,0.775,0.8,0.825,0.85,0.875,0.9,0.925,0.95,0.975,1.0]",d56d47459e7f7ff2ccb2b8c9b7e84ecc264ad6edf7ef83a40c06160daa367867
84,7,4,4,2.2,0,50,50,41,"[0.0,0.025,0.05,0.075,0.1,0.125,0.15,0.175,0.2,0.225,0.25,0.275,0.3,0.325,0.35,0.375,0.4,0.425,0.45,0.475,0.5,0.525,0.55,0.575,0.6,0.625,0.65,0.675,0.7,0.725,0.75,0.775,0.8,0.825,0.85,0.875,0.9,0.925,0.95,0.975,1.0]",c723bdcb2264e1bb4274460a73adf499b975e6b7bc29214c2b99597fa24c9787
85,7,4,4,2.2,50,100,50,41,"[0.0,0.025,0.05,0.075,0.1,0.125,0.15,0.175,0.2,0.225,0.25,0.275,0.3,0.325,0.35,0.375,0.4,0.425,0.45,0.475,0.5,0.525,0.55,0.575,0.6,0.625,0.65,0.675,0.7,0.725,0.75,0.775,0.8,0.825,0.85,0.875,0.9,0.925,0.95,0.975,1.0]",c723bdcb2264e1bb4274460a73adf499b975e6b7bc29214c2b99597fa24c9787
86,7,4,4,2.2,100,150,50,41,"[0.0,0.025,0.05,0.075,0.1,0.125,0.15,0.175,0.2,0.225,0.25,0.275,0.3,0.325,0.35,0.375,0.4,0.425,0.45,0.475,0.5,0.525,0.55,0.575,0.6,0.625,0.65,0.675,0.7,0.725,0.75,0.775,0.8,0.825,0.85,0.875,0.9,0.925,0.95,0.975,1.0]",c723bdcb2264e1bb4274460a73adf499b975e6b7bc29214c2b99597fa24c9787
87,7,4,4,2.2,150,200,50,41,"[0.0,0.025,0.05,0.075,0.1,0.125,0.15,0.175,0.2,0.225,0.25,0.275,0.3,0.325,0.35,0.375,0.4,0.425,0.45,0.475,0.5,0.525,0.55,0.575,0.6,0.625,0.65,0.675,0.7,0.725,0.75,0.775,0.8,0.825,0.85,0.875,0.9,0.925,0.95,0.975,1.0]",c723bdcb2264e1bb4274460a73adf499b975e6b7bc29214c2b99597fa24c9787
88,7,4,4,2.3,0,50,50,41,"[0.0,0.025,0.05,0.075,0.1,0.125,0.15,0.175,0.2,0.225,0.25,0.275,0.3,0.325,0.35,0.375,0.4,0.425,0.45,0.475,0.5,0.525,0.55,0.575,0.6,0.625,0.65,0.675,0.7,0.725,0.75,0.775,0.8,0.825,0.85,0.875,0.9,0.925,0.95,0.975,1.0]",2ae7aace0c5a84ec97859bc9b5ca6dd44ae90aefb301976d7d7f878b04e7f0b7
89,7,4,4,2.3,50,100,50,41,"[0.0,0.025,0.05,0.075,0.1,0.125,0.15,0.175,0.2,0.225,0.25,0.275,0.3,0.325,0.35,0.375,0.4,0.425,0.45,0.475,0.5,0.525,0.55,0.575,0.6,0.625,0.65,0.675,0.7,0.725,0.75,0.775,0.8,0.825,0.85,0.875,0.9,0.925,0.95,0.975,1.0]",2ae7aace0c5a84ec97859bc9b5ca6dd44ae90aefb301976d7d7f878b04e7f0b7
90,7,4,4,2.3,100,150,50,41,"[0.0,0.025,0.05,0.075,0.1,0.125,0.15,0.175,0.2,0.225,0.25,0.275,0.3,0.325,0.35,0.375,0.4,0.425,0.45,0.475,0.5,0.525,0.55,0.575,0.6,0.625,0.65,0.675,0.7,0.725,0.75,0.775,0.8,0.825,0.85,0.875,0.9,0.925,0.95,0.975,1.0]",2ae7aace0c5a84ec97859bc9b5ca6dd44ae90aefb301976d7d7f878b04e7f0b7
91,7,4,4,2.3,150,200,50,41,"[0.0,0.025,0.05,0.075,0.1,0.125,0.15,0.175,0.2,0.225,0.25,0.275,0.3,0.325,0.35,0.375,0.4,0.425,0.45,0.475,0.5,0.525,0.55,0.575,0.6,0.625,0.65,0.675,0.7,0.725,0.75,0.775,0.8,0.825,0.85,0.875,0.9,0.925,0.95,0.975,1.0]",2ae7aace0c5a84ec97859bc9b5ca6dd44ae90aefb301976d7d7f878b04e7f0b7
92,7,4,4,2.4,0,50,50,41,"[0.0,0.025,0.05,0.075,0.1,0.125,0.15,0.175,0.2,0.225,0.25,0.275,0.3,0.325,0.35,0.375,0.4,0.425,0.45,0.475,0.5,0.525,0.55,0.575,0.6,0.625,0.65,0.675,0.7,0.725,0.75,0.775,0.8,0.825,0.85,0.875,0.9,0.925,0.95,0.975,1.0]",89eac78129d68e5038ab7bedf0c2101c7ebca4ee218abc52363939e18c039129
93,7,4,4,2.4,50,100,50,41,"[0.0,0.025,0.05,0.075,0.1,0.125,0.15,0.175,0.2,0.225,0.25,0.275,0.3,0.325,0.35,0.375,0.4,0.425,0.45,0.475,0.5,0.525,0.55,0.575,0.6,0.625,0.65,0.675,0.7,0.725,0.75,0.775,0.8,0.825,0.85,0.875,0.9,0.925,0.95,0.975,1.0]",89eac78129d68e5038ab7bedf0c2101c7ebca4ee218abc52363939e18c039129
94,7,4,4,2.4,100,150,50,41,"[0.0,0.025,0.05,0.075,0.1,0.125,0.15,0.175,0.2,0.225,0.25,0.275,0.3,0.325,0.35,0.375,0.4,0.425,0.45,0.475,0.5,0.525,0.55,0.575,0.6,0.625,0.65,0.675,0.7,0.725,0.75,0.775,0.8,0.825,0.85,0.875,0.9,0.925,0.95,0.975,1.0]",89eac78129d68e5038ab7bedf0c2101c7ebca4ee218abc52363939e18c039129
95,7,4,4,2.4,150,200,50,41,"[0.0,0.025,0.05,0.075,0.1,0.125,0.15,0.175,0.2,0.225,0.25,0.275,0.3,0.325,0.35,0.375,0.4,0.425,0.45,0.475,0.5,0.525,0.55,0.575,0.6,0.625,0.65,0.675,0.7,0.725,0.75,0.775,0.8,0.825,0.85,0.875,0.9,0.925,0.95,0.975,1.0]",89eac78129d68e5038ab7bedf0c2101c7ebca4ee218abc52363939e18c039129
96,7,4,4,2.5,0,50,50,41,"[0.0,0.025,0.05,0.075,0.1,0.125,0.15,0.175,0.2,0.225,0.25,0.275,0.3,0.325,0.35,0.375,0.4,0.425,0.45,0.475,0.5,0.525,0.55,0.575,0.6,0.625,0.65,0.675,0.7,0.725,0.75,0.775,0.8,0.825,0.85,0.875,0.9,0.925,0.95,0.975,1.0]",5c58eaf431dec626e569de505ccd69b430325ec2621043ba7bbff3ac899f826d
97,7,4,4,2.5,50,100,50,41,"[0.0,0.025,0.05,0.075,0.1,0.125,0.15,0.175,0.2,0.225,0.25,0.275,0.3,0.325,0.35,0.375,0.4,0.425,0.45,0.475,0.5,0.525,0.55,0.575,0.6,0.625,0.65,0.675,0.7,0.725,0.75,0.775,0.8,0.825,0.85,0.875,0.9,0.925,0.95,0.975,1.0]",5c58eaf431dec626e569de505ccd69b430325ec2621043ba7bbff3ac899f826d
98,7,4,4,2.5,100,150,50,41,"[0.0,0.025,0.05,0.075,0.1,0.125,0.15,0.175,0.2,0.225,0.25,0.275,0.3,0.325,0.35,0.375,0.4,0.425,0.45,0.475,0.5,0.525,0.55,0.575,0.6,0.625,0.65,0.675,0.7,0.725,0.75,0.775,0.8,0.825,0.85,0.875,0.9,0.925,0.95,0.975,1.0]",5c58eaf431dec626e569de505ccd69b430325ec2621043ba7bbff3ac899f826d
99,7,4,4,2.5,150,200,50,41,"[0.0,0.025,0.05,0.075,0.1,0.125,0.15,0.175,0.2,0.225,0.25,0.275,0.3,0.325,0.35,0.375,0.4,0.425,0.45,0.475,0.5,0.525,0.55,0.575,0.6,0.625,0.65,0.675,0.7,0.725,0.75,0.775,0.8,0.825,0.85,0.875,0.9,0.925,0.95,0.975,1.0]",5c58eaf431dec626e569de505ccd69b430325ec2621043ba7bbff3ac899f826d
100,7,5,5,0.1,0,50,50,41,"[0.0,0.025,0.05,0.075,0.1,0.125,0.15,0.175,0.2,0.225,0.25,0.275,0.3,0.325,0.35,0.375,0.4,0.425,0.45,0.475,0.5,0.525,0.55,0.575,0.6,0.625,0.65,0.675,0.7,0.725,0.75,0.775,0.8,0.825,0.85,0.875,0.9,0.925,0.95,0.975,1.0]",deb2c9a2b7558d60cb233391062626fd7cd7769e3c67ae7d99a64e6392fedbde
101,7,5,5,0.1,50,100,50,41,"[0.0,0.025,0.05,0.075,0.1,0.125,0.15,0.175,0.2,0.225,0.25,0.275,0.3,0.325,0.35,0.375,0.4,0.425,0.45,0.475,0.5,0.525,0.55,0.575,0.6,0.625,0.65,0.675,0.7,0.725,0.75,0.775,0.8,0.825,0.85,0.875,0.9,0.925,0.95,0.975,1.0]",deb2c9a2b7558d60cb233391062626fd7cd7769e3c67ae7d99a64e6392fedbde
102,7,5,5,0.1,100,150,50,41,"[0.0,0.025,0.05,0.075,0.1,0.125,0.15,0.175,0.2,0.225,0.25,0.275,0.3,0.325,0.35,0.375,0.4,0.425,0.45,0.475,0.5,0.525,0.55,0.575,0.6,0.625,0.65,0.675,0.7,0.725,0.75,0.775,0.8,0.825,0.85,0.875,0.9,0.925,0.95,0.975,1.0]",deb2c9a2b7558d60cb233391062626fd7cd7769e3c67ae7d99a64e6392fedbde
103,7,5,5,0.1,150,200,50,41,"[0.0,0.025,0.05,0.075,0.1,0.125,0.15,0.175,0.2,0.225,0.25,0.275,0.3,0.325,0.35,0.375,0.4,0.425,0.45,0.475,0.5,0.525,0.55,0.575,0.6,0.625,0.65,0.675,0.7,0.725,0.75,0.775,0.8,0.825,0.85,0.875,0.9,0.925,0.95,0.975,1.0]",deb2c9a2b7558d60cb233391062626fd7cd7769e3c67ae7d99a64e6392fedbde
104,7,5,5,0.2,0,50,50,41,"[0.0,0.025,0.05,0.075,0.1,0.125,0.15,0.175,0.2,0.225,0.25,0.275,0.3,0.325,0.35,0.375,0.4,0.425,0.45,0.475,0.5,0.525,0.55,0.575,0.6,0.625,0.65,0.675,0.7,0.725,0.75,0.775,0.8,0.825,0.85,0.875,0.9,0.925,0.95,0.975,1.0]",079d9b266c080a073f0c47cf4d0c4d1692e67517d8d49f6e150f2711b090afe7
105,7,5,5,0.2,50,100,50,41,"[0.0,0.025,0.05,0.075,0.1,0.125,0.15,0.175,0.2,0.225,0.25,0.275,0.3,0.325,0.35,0.375,0.4,0.425,0.45,0.475,0.5,0.525,0.55,0.575,0.6,0.625,0.65,0.675,0.7,0.725,0.75,0.775,0.8,0.825,0.85,0.875,0.9,0.925,0.95,0.975,1.0]",079d9b266c080a073f0c47cf4d0c4d1692e67517d8d49f6e150f2711b090afe7
106,7,5,5,0.2,100,150,50,41,"[0.0,0.025,0.05,0.075,0.1,0.125,0.15,0.175,0.2,0.225,0.25,0.275,0.3,0.325,0.35,0.375,0.4,0.425,0.45,0.475,0.5,0.525,0.55,0.575,0.6,0.625,0.65,0.675,0.7,0.725,0.75,0.775,0.8,0.825,0.85,0.875,0.9,0.925,0.95,0.975,1.0]",079d9b266c080a073f0c47cf4d0c4d1692e67517d8d49f6e150f2711b090afe7
107,7,5,5,0.2,150,200,50,41,"[0.0,0.025,0.05,0.075,0.1,0.125,0.15,0.175,0.2,0.225,0.25,0.275,0.3,0.325,0.35,0.375,0.4,0.425,0.45,0.475,0.5,0.525,0.55,0.575,0.6,0.625,0.65,0.675,0.7,0.725,0.75,0.775,0.8,0.825,0.85,0.875,0.9,0.925,0.95,0.975,1.0]",079d9b266c080a073f0c47cf4d0c4d1692e67517d8d49f6e150f2711b090afe7
108,7,5,5,0.3,0,50,50,41,"[0.0,0.025,0.05,0.075,0.1,0.125,0.15,0.175,0.2,0.225,0.25,0.275,0.3,0.325,0.35,0.375,0.4,0.425,0.45,0.475,0.5,0.525,0.55,0.575,0.6,0.625,0.65,0.675,0.7,0.725,0.75,0.775,0.8,0.825,0.85,0.875,0.9,0.925,0.95,0.975,1.0]",60740ecbbc1e1d2cf0507cc5d4208acaad85f283cc54afa5f62400899b514fa8
109,7,5,5,0.3,50,100,50,41,"[0.0,0.025,0.05,0.075,0.1,0.125,0.15,0.175,0.2,0.225,0.25,0.275,0.3,0.325,0.35,0.375,0.4,0.425,0.45,0.475,0.5,0.525,0.55,0.575,0.6,0.625,0.65,0.675,0.7,0.725,0.75,0.775,0.8,0.825,0.85,0.875,0.9,0.925,0.95,0.975,1.0]",60740ecbbc1e1d2cf0507cc5d4208acaad85f283cc54afa5f62400899b514fa8
110,7,5,5,0.3,100,150,50,41,"[0.0,0.025,0.05,0.075,0.1,0.125,0.15,0.175,0.2,0.225,0.25,0.275,0.3,0.325,0.35,0.375,0.4,0.425,0.45,0.475,0.5,0.525,0.55,0.575,0.6,0.625,0.65,0.675,0.7,0.725,0.75,0.775,0.8,0.825,0.85,0.875,0.9,0.925,0.95,0.975,1.0]",60740ecbbc1e1d2cf0507cc5d4208acaad85f283cc54afa5f62400899b514fa8
111,7,5,5,0.3,150,200,50,41,"[0.0,0.025,0.05,0.075,0.1,0.125,0.15,0.175,0.2,0.225,0.25,0.275,0.3,0.325,0.35,0.375,0.4,0.425,0.45,0.475,0.5,0.525,0.55,0.575,0.6,0.625,0.65,0.675,0.7,0.725,0.75,0.775,0.8,0.825,0.85,0.875,0.9,0.925,0.95,0.975,1.0]",60740ecbbc1e1d2cf0507cc5d4208acaad85f283cc54afa5f62400899b514fa8
112,7,5,5,0.4,0,50,50,41,"[0.0,0.025,0.05,0.075,0.1,0.125,0.15,0.175,0.2,0.225,0.25,0.275,0.3,0.325,0.35,0.375,0.4,0.425,0.45,0.475,0.5,0.525,0.55,0.575,0.6,0.625,0.65,0.675,0.7,0.725,0.75,0.775,0.8,0.825,0.85,0.875,0.9,0.925,0.95,0.975,1.0]",23e25740eee06d2b029686b920154fd325a0554a5d1f8f7bd3684a678e1d55d7
113,7,5,5,0.4,50,100,50,41,"[0.0,0.025,0.05,0.075,0.1,0.125,0.15,0.175,0.2,0.225,0.25,0.275,0.3,0.325,0.35,0.375,0.4,0.425,0.45,0.475,0.5,0.525,0.55,0.575,0.6,0.625,0.65,0.675,0.7,0.725,0.75,0.775,0.8,0.825,0.85,0.875,0.9,0.925,0.95,0.975,1.0]",23e25740eee06d2b029686b920154fd325a0554a5d1f8f7bd3684a678e1d55d7
114,7,5,5,0.4,100,150,50,41,"[0.0,0.025,0.05,0.075,0.1,0.125,0.15,0.175,0.2,0.225,0.25,0.275,0.3,0.325,0.35,0.375,0.4,0.425,0.45,0.475,0.5,0.525,0.55,0.575,0.6,0.625,0.65,0.675,0.7,0.725,0.75,0.775,0.8,0.825,0.85,0.875,0.9,0.925,0.95,0.975,1.0]",23e25740eee06d2b029686b920154fd325a0554a5d1f8f7bd3684a678e1d55d7
115,7,5,5,0.4,150,200,50,41,"[0.0,0.025,0.05,0.075,0.1,0.125,0.15,0.175,0.2,0.225,0.25,0.275,0.3,0.325,0.35,0.375,0.4,0.425,0.45,0.475,0.5,0.525,0.55,0.575,0.6,0.625,0.65,0.675,0.7,0.725,0.75,0.775,0.8,0.825,0.85,0.875,0.9,0.925,0.95,0.975,1.0]",23e25740eee06d2b029686b920154fd325a0554a5d1f8f7bd3684a678e1d55d7
116,7,5,5,0.5,0,50,50,41,"[0.0,0.025,0.05,0.075,0.1,0.125,0.15,0.175,0.2,0.225,0.25,0.275,0.3,0.325,0.35,0.375,0.4,0.425,0.45,0.475,0.5,0.525,0.55,0.575,0.6,0.625,0.65,0.675,0.7,0.725,0.75,0.775,0.8,0.825,0.85,0.875,0.9,0.925,0.95,0.975,1.0]",f527bc467ed36ca1352a349856bf2aae2473cc2c744c8548ef15001586a3d291
117,7,5,5,0.5,50,100,50,41,"[0.0,0.025,0.05,0.075,0.1,0.125,0.15,0.175,0.2,0.225,0.25,0.275,0.3,0.325,0.35,0.375,0.4,0.425,0.45,0.475,0.5,0.525,0.55,0.575,0.6,0.625,0.65,0.675,0.7,0.725,0.75,0.775,0.8,0.825,0.85,0.875,0.9,0.925,0.95,0.975,1.0]",f527bc467ed36ca1352a349856bf2aae2473cc2c744c8548ef15001586a3d291
118,7,5,5,0.5,100,150,50,41,"[0.0,0.025,0.05,0.075,0.1,0.125,0.15,0.175,0.2,0.225,0.25,0.275,0.3,0.325,0.35,0.375,0.4,0.425,0.45,0.475,0.5,0.525,0.55,0.575,0.6,0.625,0.65,0.675,0.7,0.725,0.75,0.775,0.8,0.825,0.85,0.875,0.9,0.925,0.95,0.975,1.0]",f527bc467ed36ca1352a349856bf2aae2473cc2c744c8548ef15001586a3d291
119,7,5,5,0.5,150,200,50,41,"[0.0,0.025,0.05,0.075,0.1,0.125,0.15,0.175,0.2,0.225,0.25,0.275,0.3,0.325,0.35,0.375,0.4,0.425,0.45,0.475,0.5,0.525,0.55,0.575,0.6,0.625,0.65,0.675,0.7,0.725,0.75,0.775,0.8,0.825,0.85,0.875,0.9,0.925,0.95,0.975,1.0]",f527bc467ed36ca1352a349856bf2aae2473cc2c744c8548ef15001586a3d291
120,7,5,5,0.6,0,50,50,41,"[0.0,0.025,0.05,0.075,0.1,0.125,0.15,0.175,0.2,0.225,0.25,0.275,0.3,0.325,0.35,0.375,0.4,0.425,0.45,0.475,0.5,0.525,0.55,0.575,0.6,0.625,0.65,0.675,0.7,0.725,0.75,0.775,0.8,0.825,0.85,0.875,0.9,0.925,0.95,0.975,1.0]",46ed92ecf8acd98a6042d4a23b44fc6db988f781dc130d6b4bd981cf171bfada
121,7,5,5,0.6,50,100,50,41,"[0.0,0.025,0.05,0.075,0.1,0.125,0.15,0.175,0.2,0.225,0.25,0.275,0.3,0.325,0.35,0.375,0.4,0.425,0.45,0.475,0.5,0.525,0.55,0.575,0.6,0.625,0.65,0.675,0.7,0.725,0.75,0.775,0.8,0.825,0.85,0.875,0.9,0.925,0.95,0.975,1.0]",46ed92ecf8acd98a6042d4a23b44fc6db988f781dc130d6b4bd981cf171bfada
122,7,5,5,0.6,100,150,50,41,"[0.0,0.025,0.05,0.075,0.1,0.125,0.15,0.175,0.2,0.225,0.25,0.275,0.3,0.325,0.35,0.375,0.4,0.425,0.45,0.475,0.5,0.525,0.55,0.575,0.6,0.625,0.65,0.675,0.7,0.725,0.75,0.775,0.8,0.825,0.85,0.875,0.9,0.925,0.95,0.975,1.0]",46ed92ecf8acd98a6042d4a23b44fc6db988f781dc130d6b4bd981cf171bfada
123,7,5,5,0.6,150,200,50,41,"[0.0,0.025,0.05,0.075,0.1,0.125,0.15,0.175,0.2,0.225,0.25,0.275,0.3,0.325,0.35,0.375,0.4,0.425,0.45,0.475,0.5,0.525,0.55,0.575,0.6,0.625,0.65,0.675,0.7,0.725,0.75,0.775,0.8,0.825,0.85,0.875,0.9,0.925,0.95,0.975,1.0]",46ed92ecf8acd98a6042d4a23b44fc6db988f781dc130d6b4bd981cf171bfada
124,7,5,5,0.7,0,50,50,41,"[0.0,0.025,0.05,0.075,0.1,0.125,0.15,0.175,0.2,0.225,0.25,0.275,0.3,0.325,0.35,0.375,0.4,0.425,0.45,0.475,0.5,0.525,0.55,0.575,0.6,0.625,0.65,0.675,0.7,0.725,0.75,0.775,0.8,0.825,0.85,0.875,0.9,0.925,0.95,0.975,1.0]",9df7befca1404b59e9a3907fb056773f5e10a4361a74b97316f7dd6f4aa1d592
125,7,5,5,0.7,50,100,50,41,"[0.0,0.025,0.05,0.075,0.1,0.125,0.15,0.175,0.2,0.225,0.25,0.275,0.3,0.325,0.35,0.375,0.4,0.425,0.45,0.475,0.5,0.525,0.55,0.575,0.6,0.625,0.65,0.675,0.7,0.725,0.75,0.775,0.8,0.825,0.85,0.875,0.9,0.925,0.95,0.975,1.0]",9df7befca1404b59e9a3907fb056773f5e10a4361a74b97316f7dd6f4aa1d592
126,7,5,5,0.7,100,150,50,41,"[0.0,0.025,0.05,0.075,0.1,0.125,0.15,0.175,0.2,0.225,0.25,0.275,0.3,0.325,0.35,0.375,0.4,0.425,0.45,0.475,0.5,0.525,0.55,0.575,0.6,0.625,0.65,0.675,0.7,0.725,0.75,0.775,0.8,0.825,0.85,0.875,0.9,0.925,0.95,0.975,1.0]",9df7befca1404b59e9a3907fb056773f5e10a4361a74b97316f7dd6f4aa1d592
127,7,5,5,0.7,150,200,50,41,"[0.0,0.025,0.05,0.075,0.1,0.125,0.15,0.175,0.2,0.225,0.25,0.275,0.3,0.325,0.35,0.375,0.4,0.425,0.45,0.475,0.5,0.525,0.55,0.575,0.6,0.625,0.65,0.675,0.7,0.725,0.75,0.775,0.8,0.825,0.85,0.875,0.9,0.925,0.95,0.975,1.0]",9df7befca1404b59e9a3907fb056773f5e10a4361a74b97316f7dd6f4aa1d592
128,7,5,5,0.8,0,50,50,41,"[0.0,0.025,0.05,0.075,0.1,0.125,0.15,0.175,0.2,0.225,0.25,0.275,0.3,0.325,0.35,0.375,0.4,0.425,0.45,0.475,0.5,0.525,0.55,0.575,0.6,0.625,0.65,0.675,0.7,0.725,0.75,0.775,0.8,0.825,0.85,0.875,0.9,0.925,0.95,0.975,1.0]",deb38a392fcd16067e43c775e2bb045e2867935bbaa57adc51c6945fecf71547
129,7,5,5,0.8,50,100,50,41,"[0.0,0.025,0.05,0.075,0.1,0.125,0.15,0.175,0.2,0.225,0.25,0.275,0.3,0.325,0.35,0.375,0.4,0.425,0.45,0.475,0.5,0.525,0.55,0.575,0.6,0.625,0.65,0.675,0.7,0.725,0.75,0.775,0.8,0.825,0.85,0.875,0.9,0.925,0.95,0.975,1.0]",deb38a392fcd16067e43c775e2bb045e2867935bbaa57adc51c6945fecf71547
130,7,5,5,0.8,100,150,50,41,"[0.0,0.025,0.05,0.075,0.1,0.125,0.15,0.175,0.2,0.225,0.25,0.275,0.3,0.325,0.35,0.375,0.4,0.425,0.45,0.475,0.5,0.525,0.55,0.575,0.6,0.625,0.65,0.675,0.7,0.725,0.75,0.775,0.8,0.825,0.85,0.875,0.9,0.925,0.95,0.975,1.0]",deb38a392fcd16067e43c775e2bb045e2867935bbaa57adc51c6945fecf71547
131,7,5,5,0.8,150,200,50,41,"[0.0,0.025,0.05,0.075,0.1,0.125,0.15,0.175,0.2,0.225,0.25,0.275,0.3,0.325,0.35,0.375,0.4,0.425,0.45,0.475,0.5,0.525,0.55,0.575,0.6,0.625,0.65,0.675,0.7,0.725,0.75,0.775,0.8,0.825,0.85,0.875,0.9,0.925,0.95,0.975,1.0]",deb38a392fcd16067e43c775e2bb045e2867935bbaa57adc51c6945fecf71547
132,7,5,5,0.9,0,50,50,41,"[0.0,0.025,0.05,0.075,0.1,0.125,0.15,0.175,0.2,0.225,0.25,0.275,0.3,0.325,0.35,0.375,0.4,0.425,0.45,0.475,0.5,0.525,0.55,0.575,0.6,0.625,0.65,0.675,0.7,0.725,0.75,0.775,0.8,0.825,0.85,0.875,0.9,0.925,0.95,0.975,1.0]",c1966c444679d68bff64d7f319c73872e21374f6492971e25c679530ac2a5338
133,7,5,5,0.9,50,100,50,41,"[0.0,0.025,0.05,0.075,0.1,0.125,0.15,0.175,0.2,0.225,0.25,0.275,0.3,0.325,0.35,0.375,0.4,0.425,0.45,0.475,0.5,0.525,0.55,0.575,0.6,0.625,0.65,0.675,0.7,0.725,0.75,0.775,0.8,0.825,0.85,0.875,0.9,0.925,0.95,0.975,1.0]",c1966c444679d68bff64d7f319c73872e21374f6492971e25c679530ac2a5338
134,7,5,5,0.9,100,150,50,41,"[0.0,0.025,0.05,0.075,0.1,0.125,0.15,0.175,0.2,0.225,0.25,0.275,0.3,0.325,0.35,0.375,0.4,0.425,0.45,0.475,0.5,0.525,0.55,0.575,0.6,0.625,0.65,0.675,0.7,0.725,0.75,0.775,0.8,0.825,0.85,0.875,0.9,0.925,0.95,0.975,1.0]",c1966c444679d68bff64d7f319c73872e21374f6492971e25c679530ac2a5338
135,7,5,5,0.9,150,200,50,41,"[0.0,0.025,0.05,0.075,0.1,0.125,0.15,0.175,0.2,0.225,0.25,0.275,0.3,0.325,0.35,0.375,0.4,0.425,0.45,0.475,0.5,0.525,0.55,0.575,0.6,0.625,0.65,0.675,0.7,0.725,0.75,0.775,0.8,0.825,0.85,0.875,0.9,0.925,0.95,0.975,1.0]",c1966c444679d68bff64d7f319c73872e21374f6492971e25c679530ac2a5338
136,7,5,5,1.0,0,50,50,41,"[0.0,0.025,0.05,0.075,0.1,0.125,0.15,0.175,0.2,0.225,0.25,0.275,0.3,0.325,0.35,0.375,0.4,0.425,0.45,0.475,0.5,0.525,0.55,0.575,0.6,0.625,0.65,0.675,0.7,0.725,0.75,0.775,0.8,0.825,0.85,0.875,0.9,0.925,0.95,0.975,1.0]",4731f85b32566a61425ca948f1061d1346af80882613d0bd9a1885f7a99d9041
137,7,5,5,1.0,50,100,50,41,"[0.0,0.025,0.05,0.075,0.1,0.125,0.15,0.175,0.2,0.225,0.25,0.275,0.3,0.325,0.35,0.375,0.4,0.425,0.45,0.475,0.5,0.525,0.55,0.575,0.6,0.625,0.65,0.675,0.7,0.725,0.75,0.775,0.8,0.825,0.85,0.875,0.9,0.925,0.95,0.975,1.0]",4731f85b32566a61425ca948f1061d1346af80882613d0bd9a1885f7a99d9041
138,7,5,5,1.0,100,150,50,41,"[0.0,0.025,0.05,0.075,0.1,0.125,0.15,0.175,0.2,0.225,0.25,0.275,0.3,0.325,0.35,0.375,0.4,0.425,0.45,0.475,0.5,0.525,0.55,0.575,0.6,0.625,0.65,0.675,0.7,0.725,0.75,0.775,0.8,0.825,0.85,0.875,0.9,0.925,0.95,0.975,1.0]",4731f85b32566a61425ca948f1061d1346af80882613d0bd9a1885f7a99d9041
139,7,5,5,1.0,150,200,50,41,"[0.0,0.025,0.05,0.075,0.1,0.125,0.15,0.175,0.2,0.225,0.25,0.275,0.3,0.325,0.35,0.375,0.4,0.425,0.45,0.475,0.5,0.525,0.55,0.575,0.6,0.625,0.65,0.675,0.7,0.725,0.75,0.775,0.8,0.825,0.85,0.875,0.9,0.925,0.95,0.975,1.0]",4731f85b32566a61425ca948f1061d1346af80882613d0bd9a1885f7a99d9041
140,7,5,5,1.1,0,50,50,41,"[0.0,0.025,0.05,0.075,0.1,0.125,0.15,0.175,0.2,0.225,0.25,0.275,0.3,0.325,0.35,0.375,0.4,0.425,0.45,0.475,0.5,0.525,0.55,0.575,0.6,0.625,0.65,0.675,0.7,0.725,0.75,0.775,0.8,0.825,0.85,0.875,0.9,0.925,0.95,0.975,1.0]",73b4e735847b82be2ce49566f1f12e72421b9caeab569fe96e50f020be5949aa
141,7,5,5,1.1,50,100,50,41,"[0.0,0.025,0.05,0.075,0.1,0.125,0.15,0.175,0.2,0.225,0.25,0.275,0.3,0.325,0.35,0.375,0.4,0.425,0.45,0.475,0.5,0.525,0.55,0.575,0.6,0.625,0.65,0.675,0.7,0.725,0.75,0.775,0.8,0.825,0.85,0.875,0.9,0.925,0.95,0.975,1.0]",73b4e735847b82be2ce49566f1f12e72421b9caeab569fe96e50f020be5949aa
142,7,5,5,1.1,100,150,50,41,"[0.0,0.025,0.05,0.075,0.1,0.125,0.15,0.175,0.2,0.225,0.25,0.275,0.3,0.325,0.35,0.375,0.4,0.425,0.45,0.475,0.5,0.525,0.55,0.575,0.6,0.625,0.65,0.675,0.7,0.725,0.75,0.775,0.8,0.825,0.85,0.875,0.9,0.925,0.95,0.975,1.0]",73b4e735847b82be2ce49566f1f12e72421b9caeab569fe96e50f020be5949aa
143,7,5,5,1.1,150,200,50,41,"[0.0,0.025,0.05,0.075,0.1,0.125,0.15,0.175,0.2,0.225,0.25,0.275,0.3,0.325,0.35,0.375,0.4,0.425,0.45,0.475,0.5,0.525,0.55,0.575,0.6,0.625,0.65,0.675,0.7,0.725,0.75,0.775,0.8,0.825,0.85,0.875,0.9,0.925,0.95,0.975,1.0]",73b4e735847b82be2ce49566f1f12e72421b9caeab569fe96e50f020be5949aa
144,7,5,5,1.2,0,50,50,41,"[0.0,0.025,0.05,0.075,0.1,0.125,0.15,0.175,0.2,0.225,0.25,0.275,0.3,0.325,0.35,0.375,0.4,0.425,0.45,0.475,0.5,0.525,0.55,0.575,0.6,0.625,0.65,0.675,0.7,0.725,0.75,0.775,0.8,0.825,0.85,0.875,0.9,0.925,0.95,0.975,1.0]",8e27120ef7fc02657ca31f7fccd9238888fddeaa7aa1f198af590311ba356f68
145,7,5,5,1.2,50,100,50,41,"[0.0,0.025,0.05,0.075,0.1,0.125,0.15,0.175,0.2,0.225,0.25,0.275,0.3,0.325,0.35,0.375,0.4,0.425,0.45,0.475,0.5,0.525,0.55,0.575,0.6,0.625,0.65,0.675,0.7,0.725,0.75,0.775,0.8,0.825,0.85,0.875,0.9,0.925,0.95,0.975,1.0]",8e27120ef7fc02657ca31f7fccd9238888fddeaa7aa1f198af590311ba356f68
146,7,5,5,1.2,100,150,50,41,"[0.0,0.025,0.05,0.075,0.1,0.125,0.15,0.175,0.2,0.225,0.25,0.275,0.3,0.325,0.35,0.375,0.4,0.425,0.45,0.475,0.5,0.525,0.55,0.575,0.6,0.625,0.65,0.675,0.7,0.725,0.75,0.775,0.8,0.825,0.85,0.875,0.9,0.925,0.95,0.975,1.0]",8e27120ef7fc02657ca31f7fccd9238888fddeaa7aa1f198af590311ba356f68
147,7,5,5,1.2,150,200,50,41,"[0.0,0.025,0.05,0.075,0.1,0.125,0.15,0.175,0.2,0.225,0.25,0.275,0.3,0.325,0.35,0.375,0.4,0.425,0.45,0.475,0.5,0.525,0.55,0.575,0.6,0.625,0.65,0.675,0.7,0.725,0.75,0.775,0.8,0.825,0.85,0.875,0.9,0.925,0.95,0.975,1.0]",8e27120ef7fc02657ca31f7fccd9238888fddeaa7aa1f198af590311ba356f68
148,7,5,5,1.3,0,50,50,41,"[0.0,0.025,0.05,0.075,0.1,0.125,0.15,0.175,0.2,0.225,0.25,0.275,0.3,0.325,0.35,0.375,0.4,0.425,0.45,0.475,0.5,0.525,0.55,0.575,0.6,0.625,0.65,0.675,0.7,0.725,0.75,0.775,0.8,0.825,0.85,0.875,0.9,0.925,0.95,0.975,1.0]",cbcd33b112d6c151a0540fc21117a507e1ab9432279f35b45c3f3106db5f2d10
149,7,5,5,1.3,50,100,50,41,"[0.0,0.025,0.05,0.075,0.1,0.125,0.15,0.175,0.2,0.225,0.25,0.275,0.3,0.325,0.35,0.375,0.4,0.425,0.45,0.475,0.5,0.525,0.55,0.575,0.6,0.625,0.65,0.675,0.7,0.725,0.75,0.775,0.8,0.825,0.85,0.875,0.9,0.925,0.95,0.975,1.0]",cbcd33b112d6c151a0540fc21117a507e1ab9432279f35b45c3f3106db5f2d10
150,7,5,5,1.3,100,150,50,41,"[0.0,0.025,0.05,0.075,0.1,0.125,0.15,0.175,0.2,0.225,0.25,0.275,0.3,0.325,0.35,0.375,0.4,0.425,0.45,0.475,0.5,0.525,0.55,0.575,0.6,0.625,0.65,0.675,0.7,0.725,0.75,0.775,0.8,0.825,0.85,0.875,0.9,0.925,0.95,0.975,1.0]",cbcd33b112d6c151a0540fc21117a507e1ab9432279f35b45c3f3106db5f2d10
151,7,5,5,1.3,150,200,50,41,"[0.0,0.025,0.05,0.075,0.1,0.125,0.15,0.175,0.2,0.225,0.25,0.275,0.3,0.325,0.35,0.375,0.4,0.425,0.45,0.475,0.5,0.525,0.55,0.575,0.6,0.625,0.65,0.675,0.7,0.725,0.75,0.775,0.8,0.825,0.85,0.875,0.9,0.925,0.95,0.975,1.0]",cbcd33b112d6c151a0540fc21117a507e1ab9432279f35b45c3f3106db5f2d10
152,7,5,5,1.4,0,50,50,41,"[0.0,0.025,0.05,0.075,0.1,0.125,0.15,0.175,0.2,0.225,0.25,0.275,0.3,0.325,0.35,0.375,0.4,0.425,0.45,0.475,0.5,0.525,0.55,0.575,0.6,0.625,0.65,0.675,0.7,0.725,0.75,0.775,0.8,0.825,0.85,0.875,0.9,0.925,0.95,0.975,1.0]",6db580a10fd6b5ed79440105268788385dd346510699a2b6288ea6477347eb80
153,7,5,5,1.4,50,100,50,41,"[0.0,0.025,0.05,0.075,0.1,0.125,0.15,0.175,0.2,0.225,0.25,0.275,0.3,0.325,0.35,0.375,0.4,0.425,0.45,0.475,0.5,0.525,0.55,0.575,0.6,0.625,0.65,0.675,0.7,0.725,0.75,0.775,0.8,0.825,0.85,0.875,0.9,0.925,0.95,0.975,1.0]",6db580a10fd6b5ed79440105268788385dd346510699a2b6288ea6477347eb80
154,7,5,5,1.4,100,150,50,41,"[0.0,0.025,0.05,0.075,0.1,0.125,0.15,0.175,0.2,0.225,0.25,0.275,0.3,0.325,0.35,0.375,0.4,0.425,0.45,0.475,0.5,0.525,0.55,0.575,0.6,0.625,0.65,0.675,0.7,0.725,0.75,0.775,0.8,0.825,0.85,0.875,0.9,0.925,0.95,0.975,1.0]",6db580a10fd6b5ed79440105268788385dd346510699a2b6288ea6477347eb80
155,7,5,5,1.4,150,200,50,41,"[0.0,0.025,0.05,0.075,0.1,0.125,0.15,0.175,0.2,0.225,0.25,0.275,0.3,0.325,0.35,0.375,0.4,0.425,0.45,0.475,0.5,0.525,0.55,0.575,0.6,0.625,0.65,0.675,0.7,0.725,0.75,0.775,0.8,0.825,0.85,0.875,0.9,0.925,0.95,0.975,1.0]",6db580a10fd6b5ed79440105268788385dd346510699a2b6288ea6477347eb80
156,7,5,5,1.5,0,50,50,41,"[0.0,0.025,0.05,0.075,0.1,0.125,0.15,0.175,0.2,0.225,0.25,0.275,0.3,0.325,0.35,0.375,0.4,0.425,0.45,0.475,0.5,0.525,0.55,0.575,0.6,0.625,0.65,0.675,0.7,0.725,0.75,0.775,0.8,0.825,0.85,0.875,0.9,0.925,0.95,0.975,1.0]",426746bf6458f2db5739fc5550ec8eccfb4e4f86babebc152bb1b982d6299292
157,7,5,5,1.5,50,100,50,41,"[0.0,0.025,0.05,0.075,0.1,0.125,0.15,0.175,0.2,0.225,0.25,0.275,0.3,0.325,0.35,0.375,0.4,0.425,0.45,0.475,0.5,0.525,0.55,0.575,0.6,0.625,0.65,0.675,0.7,0.725,0.75,0.775,0.8,0.825,0.85,0.875,0.9,0.925,0.95,0.975,1.0]",426746bf6458f2db5739fc5550ec8eccfb4e4f86babebc152bb1b982d6299292
158,7,5,5,1.5,100,150,50,41,"[0.0,0.025,0.05,0.075,0.1,0.125,0.15,0.175,0.2,0.225,0.25,0.275,0.3,0.325,0.35,0.375,0.4,0.425,0.45,0.475,0.5,0.525,0.55,0.575,0.6,0.625,0.65,0.675,0.7,0.725,0.75,0.775,0.8,0.825,0.85,0.875,0.9,0.925,0.95,0.975,1.0]",426746bf6458f2db5739fc5550ec8eccfb4e4f86babebc152bb1b982d6299292
159,7,5,5,1.5,150,200,50,41,"[0.0,0.025,0.05,0.075,0.1,0.125,0.15,0.175,0.2,0.225,0.25,0.275,0.3,0.325,0.35,0.375,0.4,0.425,0.45,0.475,0.5,0.525,0.55,0.575,0.6,0.625,0.65,0.675,0.7,0.725,0.75,0.775,0.8,0.825,0.85,0.875,0.9,0.925,0.95,0.975,1.0]",426746bf6458f2db5739fc5550ec8eccfb4e4f86babebc152bb1b982d6299292
160,7,5,5,1.6,0,50,50,41,"[0.0,0.025,0.05,0.075,0.1,0.125,0.15,0.175,0.2,0.225,0.25,0.275,0.3,0.325,0.35,0.375,0.4,0.425,0.45,0.475,0.5,0.525,0.55,0.575,0.6,0.625,0.65,0.675,0.7,0.725,0.75,0.775,0.8,0.825,0.85,0.875,0.9,0.925,0.95,0.975,1.0]",1b03990c095d8f5dfc1198b2150b7cf07b3f0ba35f2e0ab0344dee87757d373c
161,7,5,5,1.6,50,100,50,41,"[0.0,0.025,0.05,0.075,0.1,0.125,0.15,0.175,0.2,0.225,0.25,0.275,0.3,0.325,0.35,0.375,0.4,0.425,0.45,0.475,0.5,0.525,0.55,0.575,0.6,0.625,0.65,0.675,0.7,0.725,0.75,0.775,0.8,0.825,0.85,0.875,0.9,0.925,0.95,0.975,1.0]",1b03990c095d8f5dfc1198b2150b7cf07b3f0ba35f2e0ab0344dee87757d373c
162,7,5,5,1.6,100,150,50,41,"[0.0,0.025,0.05,0.075,0.1,0.125,0.15,0.175,0.2,0.225,0.25,0.275,0.3,0.325,0.35,0.375,0.4,0.425,0.45,0.475,0.5,0.525,0.55,0.575,0.6,0.625,0.65,0.675,0.7,0.725,0.75,0.775,0.8,0.825,0.85,0.875,0.9,0.925,0.95,0.975,1.0]",1b03990c095d8f5dfc1198b2150b7cf07b3f0ba35f2e0ab0344dee87757d373c
163,7,5,5,1.6,150,200,50,41,"[0.0,0.025,0.05,0.075,0.1,0.125,0.15,0.175,0.2,0.225,0.25,0.275,0.3,0.325,0.35,0.375,0.4,0.425,0.45,0.475,0.5,0.525,0.55,0.575,0.6,0.625,0.65,0.675,0.7,0.725,0.75,0.775,0.8,0.825,0.85,0.875,0.9,0.925,0.95,0.975,1.0]",1b03990c095d8f5dfc1198b2150b7cf07b3f0ba35f2e0ab0344dee87757d373c
164,7,5,5,1.7,0,50,50,41,"[0.0,0.025,0.05,0.075,0.1,0.125,0.15,0.175,0.2,0.225,0.25,0.275,0.3,0.325,0.35,0.375,0.4,0.425,0.45,0.475,0.5,0.525,0.55,0.575,0.6,0.625,0.65,0.675,0.7,0.725,0.75,0.775,0.8,0.825,0.85,0.875,0.9,0.925,0.95,0.975,1.0]",e54ad53ea3bc447d2c428f2aeb8b6fcd8c679c4723d9bca20104b97562d65579
165,7,5,5,1.7,50,100,50,41,"[0.0,0.025,0.05,0.075,0.1,0.125,0.15,0.175,0.2,0.225,0.25,0.275,0.3,0.325,0.35,0.375,0.4,0.425,0.45,0.475,0.5,0.525,0.55,0.575,0.6,0.625,0.65,0.675,0.7,0.725,0.75,0.775,0.8,0.825,0.85,0.875,0.9,0.925,0.95,0.975,1.0]",e54ad53ea3bc447d2c428f2aeb8b6fcd8c679c4723d9bca20104b97562d65579
166,7,5,5,1.7,100,150,50,41,"[0.0,0.025,0.05,0.075,0.1,0.125,0.15,0.175,0.2,0.225,0.25,0.275,0.3,0.325,0.35,0.375,0.4,0.425,0.45,0.475,0.5,0.525,0.55,0.575,0.6,0.625,0.65,0.675,0.7,0.725,0.75,0.775,0.8,0.825,0.85,0.875,0.9,0.925,0.95,0.975,1.0]",e54ad53ea3bc447d2c428f2aeb8b6fcd8c679c4723d9bca20104b97562d65579
167,7,5,5,1.7,150,200,50,41,"[0.0,0.025,0.05,0.075,0.1,0.125,0.15,0.175,0.2,0.225,0.25,0.275,0.3,0.325,0.35,0.375,0.4,0.425,0.45,0.475,0.5,0.525,0.55,0.575,0.6,0.625,0.65,0.675,0.7,0.725,0.75,0.775,0.8,0.825,0.85,0.875,0.9,0.925,0.95,0.975,1.0]",e54ad53ea3bc447d2c428f2aeb8b6fcd8c679c4723d9bca20104b97562d65579
168,7,5,5,1.8,0,50,50,41,"[0.0,0.025,0.05,0.075,0.1,0.125,0.15,0.175,0.2,0.225,0.25,0.275,0.3,0.325,0.35,0.375,0.4,0.425,0.45,0.475,0.5,0.525,0.55,0.575,0.6,0.625,0.65,0.675,0.7,0.725,0.75,0.775,0.8,0.825,0.85,0.875,0.9,0.925,0.95,0.975,1.0]",e34db4760e060bcd1b5426ad2118599825003f7949462a635a3b543bb3aa2d28
169,7,5,5,1.8,50,100,50,41,"[0.0,0.025,0.05,0.075,0.1,0.125,0.15,0.175,0.2,0.225,0.25,0.275,0.3,0.325,0.35,0.375,0.4,0.425,0.45,0.475,0.5,0.525,0.55,0.575,0.6,0.625,0.65,0.675,0.7,0.725,0.75,0.775,0.8,0.825,0.85,0.875,0.9,0.925,0.95,0.975,1.0]",e34db4760e060bcd1b5426ad2118599825003f7949462a635a3b543bb3aa2d28
170,7,5,5,1.8,100,150,50,41,"[0.0,0.025,0.05,0.075,0.1,0.125,0.15,0.175,0.2,0.225,0.25,0.275,0.3,0.325,0.35,0.375,0.4,0.425,0.45,0.475,0.5,0.525,0.55,0.575,0.6,0.625,0.65,0.675,0.7,0.725,0.75,0.775,0.8,0.825,0.85,0.875,0.9,0.925,0.95,0.975,1.0]",e34db4760e060bcd1b5426ad2118599825003f7949462a635a3b543bb3aa2d28
171,7,5,5,1.8,150,200,50,41,"[0.0,0.025,0.05,0.075,0.1,0.125,0.15,0.175,0.2,0.225,0.25,0.275,0.3,0.325,0.35,0.375,0.4,0.425,0.45,0.475,0.5,0.525,0.55,0.575,0.6,0.625,0.65,0.675,0.7,0.725,0.75,0.775,0.8,0.825,0.85,0.875,0.9,0.925,0.95,0.975,1.0]",e34db4760e060bcd1b5426ad2118599825003f7949462a635a3b543bb3aa2d28
172,7,5,5,1.9,0,50,50,41,"[0.0,0.025,0.05,0.075,0.1,0.125,0.15,0.175,0.2,0.225,0.25,0.275,0.3,0.325,0.35,0.375,0.4,0.425,0.45,0.475,0.5,0.525,0.55,0.575,0.6,0.625,0.65,0.675,0.7,0.725,0.75,0.775,0.8,0.825,0.85,0.875,0.9,0.925,0.95,0.975,1.0]",f11ee00889bf7d4b96e7693eee7feda4da147d2de1b92ea99b3860a244032f22
173,7,5,5,1.9,50,100,50,41,"[0.0,0.025,0.05,0.075,0.1,0.125,0.15,0.175,0.2,0.225,0.25,0.275,0.3,0.325,0.35,0.375,0.4,0.425,0.45,0.475,0.5,0.525,0.55,0.575,0.6,0.625,0.65,0.675,0.7,0.725,0.75,0.775,0.8,0.825,0.85,0.875,0.9,0.925,0.95,0.975,1.0]",f11ee00889bf7d4b96e7693eee7feda4da147d2de1b92ea99b3860a244032f22
174,7,5,5,1.9,100,150,50,41,"[0.0,0.025,0.05,0.075,0.1,0.125,0.15,0.175,0.2,0.225,0.25,0.275,0.3,0.325,0.35,0.375,0.4,0.425,0.45,0.475,0.5,0.525,0.55,0.575,0.6,0.625,0.65,0.675,0.7,0.725,0.75,0.775,0.8,0.825,0.85,0.875,0.9,0.925,0.95,0.975,1.0]",f11ee00889bf7d4b96e7693eee7feda4da147d2de1b92ea99b3860a244032f22
175,7,5,5,1.9,150,200,50,41,"[0.0,0.025,0.05,0.075,0.1,0.125,0.15,0.175,0.2,0.225,0.25,0.275,0.3,0.325,0.35,0.375,0.4,0.425,0.45,0.475,0.5,0.525,0.55,0.575,0.6,0.625,0.65,0.675,0.7,0.725,0.75,0.775,0.8,0.825,0.85,0.875,0.9,0.925,0.95,0.975,1.0]",f11ee00889bf7d4b96e7693eee7feda4da147d2de1b92ea99b3860a244032f22
176,7,5,5,2.0,0,50,50,41,"[0.0,0.025,0.05,0.075,0.1,0.125,0.15,0.175,0.2,0.225,0.25,0.275,0.3,0.325,0.35,0.375,0.4,0.425,0.45,0.475,0.5,0.525,0.55,0.575,0.6,0.625,0.65,0.675,0.7,0.725,0.75,0.775,0.8,0.825,0.85,0.875,0.9,0.925,0.95,0.975,1.0]",cb5d9a9fb6bc0564b7cba118377cc972ba196ddd7dd4b3343136335802e5f69c
177,7,5,5,2.0,50,100,50,41,"[0.0,0.025,0.05,0.075,0.1,0.125,0.15,0.175,0.2,0.225,0.25,0.275,0.3,0.325,0.35,0.375,0.4,0.425,0.45,0.475,0.5,0.525,0.55,0.575,0.6,0.625,0.65,0.675,0.7,0.725,0.75,0.775,0.8,0.825,0.85,0.875,0.9,0.925,0.95,0.975,1.0]",cb5d9a9fb6bc0564b7cba118377cc972ba196ddd7dd4b3343136335802e5f69c
178,7,5,5,2.0,100,150,50,41,"[0.0,0.025,0.05,0.075,0.1,0.125,0.15,0.175,0.2,0.225,0.25,0.275,0.3,0.325,0.35,0.375,0.4,0.425,0.45,0.475,0.5,0.525,0.55,0.575,0.6,0.625,0.65,0.675,0.7,0.725,0.75,0.775,0.8,0.825,0.85,0.875,0.9,0.925,0.95,0.975,1.0]",cb5d9a9fb6bc0564b7cba118377cc972ba196ddd7dd4b3343136335802e5f69c
179,7,5,5,2.0,150,200,50,41,"[0.0,0.025,0.05,0.075,0.1,0.125,0.15,0.175,0.2,0.225,0.25,0.275,0.3,0.325,0.35,0.375,0.4,0.425,0.45,0.475,0.5,0.525,0.55,0.575,0.6,0.625,0.65,0.675,0.7,0.725,0.75,0.775,0.8,0.825,0.85,0.875,0.9,0.925,0.95,0.975,1.0]",cb5d9a9fb6bc0564b7cba118377cc972ba196ddd7dd4b3343136335802e5f69c
180,7,5,5,2.1,0,50,50,41,"[0.0,0.025,0.05,0.075,0.1,0.125,0.15,0.175,0.2,0.225,0.25,0.275,0.3,0.325,0.35,0.375,0.4,0.425,0.45,0.475,0.5,0.525,0.55,0.575,0.6,0.625,0.65,0.675,0.7,0.725,0.75,0.775,0.8,0.825,0.85,0.875,0.9,0.925,0.95,0.975,1.0]",4194051c0f75ba69bed9a110b067a350b24c08c5d5b2d2c4251cf9278d60c273
181,7,5,5,2.1,50,100,50,41,"[0.0,0.025,0.05,0.075,0.1,0.125,0.15,0.175,0.2,0.225,0.25,0.275,0.3,0.325,0.35,0.375,0.4,0.425,0.45,0.475,0.5,0.525,0.55,0.575,0.6,0.625,0.65,0.675,0.7,0.725,0.75,0.775,0.8,0.825,0.85,0.875,0.9,0.925,0.95,0.975,1.0]",4194051c0f75ba69bed9a110b067a350b24c08c5d5b2d2c4251cf9278d60c273
182,7,5,5,2.1,100,150,50,41,"[0.0,0.025,0.05,0.075,0.1,0.125,0.15,0.175,0.2,0.225,0.25,0.275,0.3,0.325,0.35,0.375,0.4,0.425,0.45,0.475,0.5,0.525,0.55,0.575,0.6,0.625,0.65,0.675,0.7,0.725,0.75,0.775,0.8,0.825,0.85,0.875,0.9,0.925,0.95,0.975,1.0]",4194051c0f75ba69bed9a110b067a350b24c08c5d5b2d2c4251cf9278d60c273
183,7,5,5,2.1,150,200,50,41,"[0.0,0.025,0.05,0.075,0.1,0.125,0.15,0.175,0.2,0.225,0.25,0.275,0.3,0.325,0.35,0.375,0.4,0.425,0.45,0.475,0.5,0.525,0.55,0.575,0.6,0.625,0.65,0.675,0.7,0.725,0.75,0.775,0.8,0.825,0.85,0.875,0.9,0.925,0.95,0.975,1.0]",4194051c0f75ba69bed9a110b067a350b24c08c5d5b2d2c4251cf9278d60c273
184,7,5,5,2.2,0,50,50,41,"[0.0,0.025,0.05,0.075,0.1,0.125,0.15,0.175,0.2,0.225,0.25,0.275,0.3,0.325,0.35,0.375,0.4,0.425,0.45,0.475,0.5,0.525,0.55,0.575,0.6,0.625,0.65,0.675,0.7,0.725,0.75,0.775,0.8,0.825,0.85,0.875,0.9,0.925,0.95,0.975,1.0]",feb3b7cd4d38f47c3e5dcdc1f0ec147b9d82dcc2e844404576363ad7c929c116
185,7,5,5,2.2,50,100,50,41,"[0.0,0.025,0.05,0.075,0.1,0.125,0.15,0.175,0.2,0.225,0.25,0.275,0.3,0.325,0.35,0.375,0.4,0.425,0.45,0.475,0.5,0.525,0.55,0.575,0.6,0.625,0.65,0.675,0.7,0.725,0.75,0.775,0.8,0.825,0.85,0.875,0.9,0.925,0.95,0.975,1.0]",feb3b7cd4d38f47c3e5dcdc1f0ec147b9d82dcc2e844404576363ad7c929c116
186,7,5,5,2.2,100,150,50,41,"[0.0,0.025,0.05,0.075,0.1,0.125,0.15,0.175,0.2,0.225,0.25,0.275,0.3,0.325,0.35,0.375,0.4,0.425,0.45,0.475,0.5,0.525,0.55,0.575,0.6,0.625,0.65,0.675,0.7,0.725,0.75,0.775,0.8,0.825,0.85,0.875,0.9,0.925,0.95,0.975,1.0]",feb3b7cd4d38f47c3e5dcdc1f0ec147b9d82dcc2e844404576363ad7c929c116
187,7,5,5,2.2,150,200,50,41,"[0.0,0.025,0.05,0.075,0.1,0.125,0.15,0.175,0.2,0.225,0.25,0.275,0.3,0.325,0.35,0.375,0.4,0.425,0.45,0.475,0.5,0.525,0.55,0.575,0.6,0.625,0.65,0.675,0.7,0.725,0.75,0.775,0.8,0.825,0.85,0.875,0.9,0.925,0.95,0.975,1.0]",feb3b7cd4d38f47c3e5dcdc1f0ec147b9d82dcc2e844404576363ad7c929c116
188,7,5,5,2.3,0,50,50,41,"[0.0,0.025,0.05,0.075,0.1,0.125,0.15,0.175,0.2,0.225,0.25,0.275,0.3,0.325,0.35,0.375,0.4,0.425,0.45,0.475,0.5,0.525,0.55,0.575,0.6,0.625,0.65,0.675,0.7,0.725,0.75,0.775,0.8,0.825,0.85,0.875,0.9,0.925,0.95,0.975,1.0]",4fd73d83af4152004b04b1b0109121e6023f5ef5dd33679a6a508e9b17bfa91f
189,7,5,5,2.3,50,100,50,41,"[0.0,0.025,0.05,0.075,0.1,0.125,0.15,0.175,0.2,0.225,0.25,0.275,0.3,0.325,0.35,0.375,0.4,0.425,0.45,0.475,0.5,0.525,0.55,0.575,0.6,0.625,0.65,0.675,0.7,0.725,0.75,0.775,0.8,0.825,0.85,0.875,0.9,0.925,0.95,0.975,1.0]",4fd73d83af4152004b04b1b0109121e6023f5ef5dd33679a6a508e9b17bfa91f
190,7,5,5,2.3,100,150,50,41,"[0.0,0.025,0.05,0.075,0.1,0.125,0.15,0.175,0.2,0.225,0.25,0.275,0.3,0.325,0.35,0.375,0.4,0.425,0.45,0.475,0.5,0.525,0.55,0.575,0.6,0.625,0.65,0.675,0.7,0.725,0.75,0.775,0.8,0.825,0.85,0.875,0.9,0.925,0.95,0.975,1.0]",4fd73d83af4152004b04b1b0109121e6023f5ef5dd33679a6a508e9b17bfa91f
191,7,5,5,2.3,150,200,50,41,"[0.0,0.025,0.05,0.075,0.1,0.125,0.15,0.175,0.2,0.225,0.25,0.275,0.3,0.325,0.35,0.375,0.4,0.425,0.45,0.475,0.5,0.525,0.55,0.575,0.6,0.625,0.65,0.675,0.7,0.725,0.75,0.775,0.8,0.825,0.85,0.875,0.9,0.925,0.95,0.975,1.0]",4fd73d83af4152004b04b1b0109121e6023f5ef5dd33679a6a508e9b17bfa91f
192,7,5,5,2.4,0,50,50,41,"[0.0,0.025,0.05,0.075,0.1,0.125,0.15,0.175,0.2,0.225,0.25,0.275,0.3,0.325,0.35,0.375,0.4,0.425,0.45,0.475,0.5,0.525,0.55,0.575,0.6,0.625,0.65,0.675,0.7,0.725,0.75,0.775,0.8,0.825,0.85,0.875,0.9,0.925,0.95,0.975,1.0]",435edb7e75d78598cc45fba0410968479d66a6d386992d153474bab157415661
193,7,5,5,2.4,50,100,50,41,"[0.0,0.025,0.05,0.075,0.1,0.125,0.15,0.175,0.2,0.225,0.25,0.275,0.3,0.325,0.35,0.375,0.4,0.425,0.45,0.475,0.5,0.525,0.55,0.575,0.6,0.625,0.65,0.675,0.7,0.725,0.75,0.775,0.8,0.825,0.85,0.875,0.9,0.925,0.95,0.975,1.0]",435edb7e75d78598cc45fba0410968479d66a6d386992d153474bab157415661
194,7,5,5,2.4,100,150,50,41,"[0.0,0.025,0.05,0.075,0.1,0.125,0.15,0.175,0.2,0.225,0.25,0.275,0.3,0.325,0.35,0.375,0.4,0.425,0.45,0.475,0.5,0.525,0.55,0.575,0.6,0.625,0.65,0.675,0.7,0.725,0.75,0.775,0.8,0.825,0.85,0.875,0.9,0.925,0.95,0.975,1.0]",435edb7e75d78598cc45fba0410968479d66a6d386992d153474bab157415661
195,7,5,5,2.4,150,200,50,41,"[0.0,0.025,0.05,0.075,0.1,0.125,0.15,0.175,0.2,0.225,0.25,0.275,0.3,0.325,0.35,0.375,0.4,0.425,0.45,0.475,0.5,0.525,0.55,0.575,0.6,0.625,0.65,0.675,0.7,0.725,0.75,0.775,0.8,0.825,0.85,0.875,0.9,0.925,0.95,0.975,1.0]",435edb7e75d78598cc45fba0410968479d66a6d386992d153474bab157415661
196,7,5,5,2.5,0,50,50,41,"[0.0,0.025,0.05,0.075,0.1,0.125,0.15,0.175,0.2,0.225,0.25,0.275,0.3,0.325,0.35,0.375,0.4,0.425,0.45,0.475,0.5,0.525,0.55,0.575,0.6,0.625,0.65,0.675,0.7,0.725,0.75,0.775,0.8,0.825,0.85,0.875,0.9,0.925,0.95,0.975,1.0]",2ab751952f72163144f1cdfcf90e1049874cee4e0bc95973e49ef14439f79d3b
197,7,5,5,2.5,50,100,50,41,"[0.0,0.025,0.05,0.075,0.1,0.125,0.15,0.175,0.2,0.225,0.25,0.275,0.3,0.325,0.35,0.375,0.4,0.425,0.45,0.475,0.5,0.525,0.55,0.575,0.6,0.625,0.65,0.675,0.7,0.725,0.75,0.775,0.8,0.825,0.85,0.875,0.9,0.925,0.95,0.975,1.0]",2ab751952f72163144f1cdfcf90e1049874cee4e0bc95973e49ef14439f79d3b
198,7,5,5,2.5,100,150,50,41,"[0.0,0.025,0.05,0.075,0.1,0.125,0.15,0.175,0.2,0.225,0.25,0.275,0.3,0.325,0.35,0.375,0.4,0.425,0.45,0.475,0.5,0.525,0.55,0.575,0.6,0.625,0.65,0.675,0.7,0.725,0.75,0.775,0.8,0.825,0.85,0.875,0.9,0.925,0.95,0.975,1.0]",2ab751952f72163144f1cdfcf90e1049874cee4e0bc95973e49ef14439f79d3b
199,7,5,5,2.5,150,200,50,41,"[0.0,0.025,0.05,0.075,0.1,0.125,0.15,0.175,0.2,0.225,0.25,0.275,0.3,0.325,0.35,0.375,0.4,0.425,0.45,0.475,0.5,0.525,0.55,0.575,0.6,0.625,0.65,0.675,0.7,0.725,0.75,0.775,0.8,0.825,0.85,0.875,0.9,0.925,0.95,0.975,1.0]",2ab751952f72163144f1cdfcf90e1049874cee4e0bc95973e49ef14439f79d3b
200,7,6,6,0.1,0,50,50,41,"[0.0,0.025,0.05,0.075,0.1,0.125,0.15,0.175,0.2,0.225,0.25,0.275,0.3,0.325,0.35,0.375,0.4,0.425,0.45,0.475,0.5,0.525,0.55,0.575,0.6,0.625,0.65,0.675,0.7,0.725,0.75,0.775,0.8,0.825,0.85,0.875,0.9,0.925,0.95,0.975,1.0]",d2d8071a60c0f938355bb8a5e0e66a6eafdadf2dc11e293bdf705e09d100d1ed
201,7,6,6,0.1,50,100,50,41,"[0.0,0.025,0.05,0.075,0.1,0.125,0.15,0.175,0.2,0.225,0.25,0.275,0.3,0.325,0.35,0.375,0.4,0.425,0.45,0.475,0.5,0.525,0.55,0.575,0.6,0.625,0.65,0.675,0.7,0.725,0.75,0.775,0.8,0.825,0.85,0.875,0.9,0.925,0.95,0.975,1.0]",d2d8071a60c0f938355bb8a5e0e66a6eafdadf2dc11e293bdf705e09d100d1ed
202,7,6,6,0.1,100,150,50,41,"[0.0,0.025,0.05,0.075,0.1,0.125,0.15,0.175,0.2,0.225,0.25,0.275,0.3,0.325,0.35,0.375,0.4,0.425,0.45,0.475,0.5,0.525,0.55,0.575,0.6,0.625,0.65,0.675,0.7,0.725,0.75,0.775,0.8,0.825,0.85,0.875,0.9,0.925,0.95,0.975,1.0]",d2d8071a60c0f938355bb8a5e0e66a6eafdadf2dc11e293bdf705e09d100d1ed
203,7,6,6,0.1,150,200,50,41,"[0.0,0.025,0.05,0.075,0.1,0.125,0.15,0.175,0.2,0.225,0.25,0.275,0.3,0.325,0.35,0.375,0.4,0.425,0.45,0.475,0.5,0.525,0.55,0.575,0.6,0.625,0.65,0.675,0.7,0.725,0.75,0.775,0.8,0.825,0.85,0.875,0.9,0.925,0.95,0.975,1.0]",d2d8071a60c0f938355bb8a5e0e66a6eafdadf2dc11e293bdf705e09d100d1ed
204,7,6,6,0.2,0,50,50,41,"[0.0,0.025,0.05,0.075,0.1,0.125,0.15,0.175,0.2,0.225,0.25,0.275,0.3,0.325,0.35,0.375,0.4,0.425,0.45,0.475,0.5,0.525,0.55,0.575,0.6,0.625,0.65,0.675,0.7,0.725,0.75,0.775,0.8,0.825,0.85,0.875,0.9,0.925,0.95,0.975,1.0]",4471fec96d48b092906b89a40e92bc637d590d24fb7f0d31bdfaf09e5526b8ad
205,7,6,6,0.2,50,100,50,41,"[0.0,0.025,0.05,0.075,0.1,0.125,0.15,0.175,0.2,0.225,0.25,0.275,0.3,0.325,0.35,0.375,0.4,0.425,0.45,0.475,0.5,0.525,0.55,0.575,0.6,0.625,0.65,0.675,0.7,0.725,0.75,0.775,0.8,0.825,0.85,0.875,0.9,0.925,0.95,0.975,1.0]",4471fec96d48b092906b89a40e92bc637d590d24fb7f0d31bdfaf09e5526b8ad
206,7,6,6,0.2,100,150,50,41,"[0.0,0.025,0.05,0.075,0.1,0.125,0.15,0.175,0.2,0.225,0.25,0.275,0.3,0.325,0.35,0.375,0.4,0.425,0.45,0.475,0.5,0.525,0.55,0.575,0.6,0.625,0.65,0.675,0.7,0.725,0.75,0.775,0.8,0.825,0.85,0.875,0.9,0.925,0.95,0.975,1.0]",4471fec96d48b092906b89a40e92bc637d590d24fb7f0d31bdfaf09e5526b8ad
207,7,6,6,0.2,150,200,50,41,"[0.0,0.025,0.05,0.075,0.1,0.125,0.15,0.175,0.2,0.225,0.25,0.275,0.3,0.325,0.35,0.375,0.4,0.425,0.45,0.475,0.5,0.525,0.55,0.575,0.6,0.625,0.65,0.675,0.7,0.725,0.75,0.775,0.8,0.825,0.85,0.875,0.9,0.925,0.95,0.975,1.0]",4471fec96d48b092906b89a40e92bc637d590d24fb7f0d31bdfaf09e5526b8ad
208,7,6,6,0.3,0,50,50,41,"[0.0,0.025,0.05,0.075,0.1,0.125,0.15,0.175,0.2,0.225,0.25,0.275,0.3,0.325,0.35,0.375,0.4,0.425,0.45,0.475,0.5,0.525,0.55,0.575,0.6,0.625,0.65,0.675,0.7,0.725,0.75,0.775,0.8,0.825,0.85,0.875,0.9,0.925,0.95,0.975,1.0]",690426c6b86fa79479fedd92937bbf1490a59bff64b8ba4b6fcbb65c7dd01104
209,7,6,6,0.3,50,100,50,41,"[0.0,0.025,0.05,0.075,0.1,0.125,0.15,0.175,0.2,0.225,0.25,0.275,0.3,0.325,0.35,0.375,0.4,0.425,0.45,0.475,0.5,0.525,0.55,0.575,0.6,0.625,0.65,0.675,0.7,0.725,0.75,0.775,0.8,0.825,0.85,0.875,0.9,0.925,0.95,0.975,1.0]",690426c6b86fa79479fedd92937bbf1490a59bff64b8ba4b6fcbb65c7dd01104
210,7,6,6,0.3,100,150,50,41,"[0.0,0.025,0.05,0.075,0.1,0.125,0.15,0.175,0.2,0.225,0.25,0.275,0.3,0.325,0.35,0.375,0.4,0.425,0.45,0.475,0.5,0.525,0.55,0.575,0.6,0.625,0.65,0.675,0.7,0.725,0.75,0.775,0.8,0.825,0.85,0.875,0.9,0.925,0.95,0.975,1.0]",690426c6b86fa79479fedd92937bbf1490a59bff64b8ba4b6fcbb65c7dd01104
211,7,6,6,0.3,150,200,50,41,"[0.0,0.025,0.05,0.075,0.1,0.125,0.15,0.175,0.2,0.225,0.25,0.275,0.3,0.325,0.35,0.375,0.4,0.425,0.45,0.475,0.5,0.525,0.55,0.575,0.6,0.625,0.65,0.675,0.7,0.725,0.75,0.775,0.8,0.825,0.85,0.875,0.9,0.925,0.95,0.975,1.0]",690426c6b86fa79479fedd92937bbf1490a59bff64b8ba4b6fcbb65c7dd01104
212,7,6,6,0.4,0,50,50,41,"[0.0,0.025,0.05,0.075,0.1,0.125,0.15,0.175,0.2,0.225,0.25,0.275,0.3,0.325,0.35,0.375,0.4,0.425,0.45,0.475,0.5,0.525,0.55,0.575,0.6,0.625,0.65,0.675,0.7,0.725,0.75,0.775,0.8,0.825,0.85,0.875,0.9,0.925,0.95,0.975,1.0]",38ecf1b569e7b7c0966a68efec0a1a3a8080266798d469effd6f252c7ca71a8b
213,7,6,6,0.4,50,100,50,41,"[0.0,0.025,0.05,0.075,0.1,0.125,0.15,0.175,0.2,0.225,0.25,0.275,0.3,0.325,0.35,0.375,0.4,0.425,0.45,0.475,0.5,0.525,0.55,0.575,0.6,0.625,0.65,0.675,0.7,0.725,0.75,0.775,0.8,0.825,0.85,0.875,0.9,0.925,0.95,0.975,1.0]",38ecf1b569e7b7c0966a68efec0a1a3a8080266798d469effd6f252c7ca71a8b
214,7,6,6,0.4,100,150,50,41,"[0.0,0.025,0.05,0.075,0.1,0.125,0.15,0.175,0.2,0.225,0.25,0.275,0.3,0.325,0.35,0.375,0.4,0.425,0.45,0.475,0.5,0.525,0.55,0.575,0.6,0.625,0.65,0.675,0.7,0.725,0.75,0.775,0.8,0.825,0.85,0.875,0.9,0.925,0.95,0.975,1.0]",38ecf1b569e7b7c0966a68efec0a1a3a8080266798d469effd6f252c7ca71a8b
215,7,6,6,0.4,150,200,50,41,"[0.0,0.025,0.05,0.075,0.1,0.125,0.15,0.175,0.2,0.225,0.25,0.275,0.3,0.325,0.35,0.375,0.4,0.425,0.45,0.475,0.5,0.525,0.55,0.575,0.6,0.625,0.65,0.675,0.7,0.725,0.75,0.775,0.8,0.825,0.85,0.875,0.9,0.925,0.95,0.975,1.0]",38ecf1b569e7b7c0966a68efec0a1a3a8080266798d469effd6f252c7ca71a8b
216,7,6,6,0.5,0,50,50,41,"[0.0,0.025,0.05,0.075,0.1,0.125,0.15,0.175,0.2,0.225,0.25,0.275,0.3,0.325,0.35,0.375,0.4,0.425,0.45,0.475,0.5,0.525,0.55,0.575,0.6,0.625,0.65,0.675,0.7,0.725,0.75,0.775,0.8,0.825,0.85,0.875,0.9,0.925,0.95,0.975,1.0]",ef059b98154c6b9057626d6d5fb96cb8074670b65d43b6cc61db09bc209a1708
217,7,6,6,0.5,50,100,50,41,"[0.0,0.025,0.05,0.075,0.1,0.125,0.15,0.175,0.2,0.225,0.25,0.275,0.3,0.325,0.35,0.375,0.4,0.425,0.45,0.475,0.5,0.525,0.55,0.575,0.6,0.625,0.65,0.675,0.7,0.725,0.75,0.775,0.8,0.825,0.85,0.875,0.9,0.925,0.95,0.975,1.0]",ef059b98154c6b9057626d6d5fb96cb8074670b65d43b6cc61db09bc209a1708
218,7,6,6,0.5,100,150,50,41,"[0.0,0.025,0.05,0.075,0.1,0.125,0.15,0.175,0.2,0.225,0.25,0.275,0.3,0.325,0.35,0.375,0.4,0.425,0.45,0.475,0.5,0.525,0.55,0.575,0.6,0.625,0.65,0.675,0.7,0.725,0.75,0.775,0.8,0.825,0.85,0.875,0.9,0.925,0.95,0.975,1.0]",ef059b98154c6b9057626d6d5fb96cb8074670b65d43b6cc61db09bc209a1708
219,7,6,6,0.5,150,200,50,41,"[0.0,0.025,0.05,0.075,0.1,0.125,0.15,0.175,0.2,0.225,0.25,0.275,0.3,0.325,0.35,0.375,0.4,0.425,0.45,0.475,0.5,0.525,0.55,0.575,0.6,0.625,0.65,0.675,0.7,0.725,0.75,0.775,0.8,0.825,0.85,0.875,0.9,0.925,0.95,0.975,1.0]",ef059b98154c6b9057626d6d5fb96cb8074670b65d43b6cc61db09bc209a1708
220,7,6,6,0.6,0,50,50,41,"[0.0,0.025,0.05,0.075,0.1,0.125,0.15,0.175,0.2,0.225,0.25,0.275,0.3,0.325,0.35,0.375,0.4,0.425,0.45,0.475,0.5,0.525,0.55,0.575,0.6,0.625,0.65,0.675,0.7,0.725,0.75,0.775,0.8,0.825,0.85,0.875,0.9,0.925,0.95,0.975,1.0]",c73f11ce6e17e4eea568b039c73e94dea00dab118a42c11a11b44c1c4a3f88a5
221,7,6,6,0.6,50,100,50,41,"[0.0,0.025,0.05,0.075,0.1,0.125,0.15,0.175,0.2,0.225,0.25,0.275,0.3,0.325,0.35,0.375,0.4,0.425,0.45,0.475,0.5,0.525,0.55,0.575,0.6,0.625,0.65,0.675,0.7,0.725,0.75,0.775,0.8,0.825,0.85,0.875,0.9,0.925,0.95,0.975,1.0]",c73f11ce6e17e4eea568b039c73e94dea00dab118a42c11a11b44c1c4a3f88a5
222,7,6,6,0.6,100,150,50,41,"[0.0,0.025,0.05,0.075,0.1,0.125,0.15,0.175,0.2,0.225,0.25,0.275,0.3,0.325,0.35,0.375,0.4,0.425,0.45,0.475,0.5,0.525,0.55,0.575,0.6,0.625,0.65,0.675,0.7,0.725,0.75,0.775,0.8,0.825,0.85,0.875,0.9,0.925,0.95,0.975,1.0]",c73f11ce6e17e4eea568b039c73e94dea00dab118a42c11a11b44c1c4a3f88a5
223,7,6,6,0.6,150,200,50,41,"[0.0,0.025,0.05,0.075,0.1,0.125,0.15,0.175,0.2,0.225,0.25,0.275,0.3,0.325,0.35,0.375,0.4,0.425,0.45,0.475,0.5,0.525,0.55,0.575,0.6,0.625,0.65,0.675,0.7,0.725,0.75,0.775,0.8,0.825,0.85,0.875,0.9,0.925,0.95,0.975,1.0]",c73f11ce6e17e4eea568b039c73e94dea00dab118a42c11a11b44c1c4a3f88a5
224,7,6,6,0.7,0,50,50,41,"[0.0,0.025,0.05,0.075,0.1,0.125,0.15,0.175,0.2,0.225,0.25,0.275,0.3,0.325,0.35,0.375,0.4,0.425,0.45,0.475,0.5,0.525,0.55,0.575,0.6,0.625,0.65,0.675,0.7,0.725,0.75,0.775,0.8,0.825,0.85,0.875,0.9,0.925,0.95,0.975,1.0]",87fa7ae9663bfffd7d3d9139a3c51548e1e24c7bac1126c4232ffbd6679cc500
225,7,6,6,0.7,50,100,50,41,"[0.0,0.025,0.05,0.075,0.1,0.125,0.15,0.175,0.2,0.225,0.25,0.275,0.3,0.325,0.35,0.375,0.4,0.425,0.45,0.475,0.5,0.525,0.55,0.575,0.6,0.625,0.65,0.675,0.7,0.725,0.75,0.775,0.8,0.825,0.85,0.875,0.9,0.925,0.95,0.975,1.0]",87fa7ae9663bfffd7d3d9139a3c51548e1e24c7bac1126c4232ffbd6679cc500
226,7,6,6,0.7,100,150,50,41,"[0.0,0.025,0.05,0.075,0.1,0.125,0.15,0.175,0.2,0.225,0.25,0.275,0.3,0.325,0.35,0.375,0.4,0.425,0.45,0.475,0.5,0.525,0.55,0.575,0.6,0.625,0.65,0.675,0.7,0.725,0.75,0.775,0.8,0.825,0.85,0.875,0.9,0.925,0.95,0.975,1.0]",87fa7ae9663bfffd7d3d9139a3c51548e1e24c7bac1126c4232ffbd6679cc500
227,7,6,6,0.7,150,200,50,41,"[0.0,0.025,0.05,0.075,0.1,0.125,0.15,0.175,0.2,0.225,0.25,0.275,0.3,0.325,0.35,0.375,0.4,0.425,0.45,0.475,0.5,0.525,0.55,0.575,0.6,0.625,0.65,0.675,0.7,0.725,0.75,0.775,0.8,0.825,0.85,0.875,0.9,0.925,0.95,0.975,1.0]",87fa7ae9663bfffd7d3d9139a3c51548e1e24c7bac1126c4232ffbd6679cc500
228,7,6,6,0.8,0,50,50,41,"[0.0,0.025,0.05,0.075,0.1,0.125,0.15,0.175,0.2,0.225,0.25,0.275,0.3,0.325,0.35,0.375,0.4,0.425,0.45,0.475,0.5,0.525,0.55,0.575,0.6,0.625,0.65,0.675,0.7,0.725,0.75,0.775,0.8,0.825,0.85,0.875,0.9,0.925,0.95,0.975,1.0]",3ac92cd8fd2569a23ff24e151578d488f57224362a65b76ea903472a1eef30c3
229,7,6,6,0.8,50,100,50,41,"[0.0,0.025,0.05,0.075,0.1,0.125,0.15,0.175,0.2,0.225,0.25,0.275,0.3,0.325,0.35,0.375,0.4,0.425,0.45,0.475,0.5,0.525,0.55,0.575,0.6,0.625,0.65,0.675,0.7,0.725,0.75,0.775,0.8,0.825,0.85,0.875,0.9,0.925,0.95,0.975,1.0]",3ac92cd8fd2569a23ff24e151578d488f57224362a65b76ea903472a1eef30c3
230,7,6,6,0.8,100,150,50,41,"[0.0,0.025,0.05,0.075,0.1,0.125,0.15,0.175,0.2,0.225,0.25,0.275,0.3,0.325,0.35,0.375,0.4,0.425,0.45,0.475,0.5,0.525,0.55,0.575,0.6,0.625,0.65,0.675,0.7,0.725,0.75,0.775,0.8,0.825,0.85,0.875,0.9,0.925,0.95,0.975,1.0]",3ac92cd8fd2569a23ff24e151578d488f57224362a65b76ea903472a1eef30c3
231,7,6,6,0.8,150,200,50,41,"[0.0,0.025,0.05,0.075,0.1,0.125,0.15,0.175,0.2,0.225,0.25,0.275,0.3,0.325,0.35,0.375,0.4,0.425,0.45,0.475,0.5,0.525,0.55,0.575,0.6,0.625,0.65,0.675,0.7,0.725,0.75,0.775,0.8,0.825,0.85,0.875,0.9,0.925,0.95,0.975,1.0]",3ac92cd8fd2569a23ff24e151578d488f57224362a65b76ea903472a1eef30c3
232,7,6,6,0.9,0,50,50,41,"[0.0,0.025,0.05,0.075,0.1,0.125,0.15,0.175,0.2,0.225,0.25,0.275,0.3,0.325,0.35,0.375,0.4,0.425,0.45,0.475,0.5,0.525,0.55,0.575,0.6,0.625,0.65,0.675,0.7,0.725,0.75,0.775,0.8,0.825,0.85,0.875,0.9,0.925,0.95,0.975,1.0]",b74da7aea9735ecee755bf83bfe06f3bd0f23883f7d665421ad1551f907486d8
233,7,6,6,0.9,50,100,50,41,"[0.0,0.025,0.05,0.075,0.1,0.125,0.15,0.175,0.2,0.225,0.25,0.275,0.3,0.325,0.35,0.375,0.4,0.425,0.45,0.475,0.5,0.525,0.55,0.575,0.6,0.625,0.65,0.675,0.7,0.725,0.75,0.775,0.8,0.825,0.85,0.875,0.9,0.925,0.95,0.975,1.0]",b74da7aea9735ecee755bf83bfe06f3bd0f23883f7d665421ad1551f907486d8
234,7,6,6,0.9,100,150,50,41,"[0.0,0.025,0.05,0.075,0.1,0.125,0.15,0.175,0.2,0.225,0.25,0.275,0.3,0.325,0.35,0.375,0.4,0.425,0.45,0.475,0.5,0.525,0.55,0.575,0.6,0.625,0.65,0.675,0.7,0.725,0.75,0.775,0.8,0.825,0.85,0.875,0.9,0.925,0.95,0.975,1.0]",b74da7aea9735ecee755bf83bfe06f3bd0f23883f7d665421ad1551f907486d8
235,7,6,6,0.9,150,200,50,41,"[0.0,0.025,0.05,0.075,0.1,0.125,0.15,0.175,0.2,0.225,0.25,0.275,0.3,0.325,0.35,0.375,0.4,0.425,0.45,0.475,0.5,0.525,0.55,0.575,0.6,0.625,0.65,0.675,0.7,0.725,0.75,0.775,0.8,0.825,0.85,0.875,0.9,0.925,0.95,0.975,1.0]",b74da7aea9735ecee755bf83bfe06f3bd0f23883f7d665421ad1551f907486d8
236,7,6,6,1.0,0,50,50,41,"[0.0,0.025,0.05,0.075,0.1,0.125,0.15,0.175,0.2,0.225,0.25,0.275,0.3,0.325,0.35,0.375,0.4,0.425,0.45,0.475,0.5,0.525,0.55,0.575,0.6,0.625,0.65,0.675,0.7,0.725,0.75,0.775,0.8,0.825,0.85,0.875,0.9,0.925,0.95,0.975,1.0]",790269e62a9737438980d40438d52ca231ab7ede776c1e627919988b30f16b15
237,7,6,6,1.0,50,100,50,41,"[0.0,0.025,0.05,0.075,0.1,0.125,0.15,0.175,0.2,0.225,0.25,0.275,0.3,0.325,0.35,0.375,0.4,0.425,0.45,0.475,0.5,0.525,0.55,0.575,0.6,0.625,0.65,0.675,0.7,0.725,0.75,0.775,0.8,0.825,0.85,0.875,0.9,0.925,0.95,0.975,1.0]",790269e62a9737438980d40438d52ca231ab7ede776c1e627919988b30f16b15
238,7,6,6,1.0,100,150,50,41,"[0.0,0.025,0.05,0.075,0.1,0.125,0.15,0.175,0.2,0.225,0.25,0.275,0.3,0.325,0.35,0.375,0.4,0.425,0.45,0.475,0.5,0.525,0.55,0.575,0.6,0.625,0.65,0.675,0.7,0.725,0.75,0.775,0.8,0.825,0.85,0.875,0.9,0.925,0.95,0.975,1.0]",790269e62a9737438980d40438d52ca231ab7ede776c1e627919988b30f16b15
239,7,6,6,1.0,150,200,50,41,"[0.0,0.025,0.05,0.075,0.1,0.125,0.15,0.175,0.2,0.225,0.25,0.275,0.3,0.325,0.35,0.375,0.4,0.425,0.45,0.475,0.5,0.525,0.55,0.575,0.6,0.625,0.65,0.675,0.7,0.725,0.75,0.775,0.8,0.825,0.85,0.875,0.9,0.925,0.95,0.975,1.0]",790269e62a9737438980d40438d52ca231ab7ede776c1e627919988b30f16b15
240,7,6,6,1.1,0,50,50,41,"[0.0,0.025,0.05,0.075,0.1,0.125,0.15,0.175,0.2,0.225,0.25,0.275,0.3,0.325,0.35,0.375,0.4,0.425,0.45,0.475,0.5,0.525,0.55,0.575,0.6,0.625,0.65,0.675,0.7,0.725,0.75,0.775,0.8,0.825,0.85,0.875,0.9,0.925,0.95,0.975,1.0]",51dbbd212ebefd0ce214a54b88a28dfef016f536215ea14f50aa68b9eb41d2fa
241,7,6,6,1.1,50,100,50,41,"[0.0,0.025,0.05,0.075,0.1,0.125,0.15,0.175,0.2,0.225,0.25,0.275,0.3,0.325,0.35,0.375,0.4,0.425,0.45,0.475,0.5,0.525,0.55,0.575,0.6,0.625,0.65,0.675,0.7,0.725,0.75,0.775,0.8,0.825,0.85,0.875,0.9,0.925,0.95,0.975,1.0]",51dbbd212ebefd0ce214a54b88a28dfef016f536215ea14f50aa68b9eb41d2fa
242,7,6,6,1.1,100,150,50,41,"[0.0,0.025,0.05,0.075,0.1,0.125,0.15,0.175,0.2,0.225,0.25,0.275,0.3,0.325,0.35,0.375,0.4,0.425,0.45,0.475,0.5,0.525,0.55,0.575,0.6,0.625,0.65,0.675,0.7,0.725,0.75,0.775,0.8,0.825,0.85,0.875,0.9,0.925,0.95,0.975,1.0]",51dbbd212ebefd0ce214a54b88a28dfef016f536215ea14f50aa68b9eb41d2fa
243,7,6,6,1.1,150,200,50,41,"[0.0,0.025,0.05,0.075,0.1,0.125,0.15,0.175,0.2,0.225,0.25,0.275,0.3,0.325,0.35,0.375,0.4,0.425,0.45,0.475,0.5,0.525,0.55,0.575,0.6,0.625,0.65,0.675,0.7,0.725,0.75,0.775,0.8,0.825,0.85,0.875,0.9,0.925,0.95,0.975,1.0]",51dbbd212ebefd0ce214a54b88a28dfef016f536215ea14f50aa68b9eb41d2fa
244,7,6,6,1.2,0,50,50,41,"[0.0,0.025,0.05,0.075,0.1,0.125,0.15,0.175,0.2,0.225,0.25,0.275,0.3,0.325,0.35,0.375,0.4,0.425,0.45,0.475,0.5,0.525,0.55,0.575,0.6,0.625,0.65,0.675,0.7,0.725,0.75,0.775,0.8,0.825,0.85,0.875,0.9,0.925,0.95,0.975,1.0]",50e7fd22d5e4cf4a342b3b7ad2dbc06119659954f4daf278a9ec92b36099edba
245,7,6,6,1.2,50,100,50,41,"[0.0,0.025,0.05,0.075,0.1,0.125,0.15,0.175,0.2,0.225,0.25,0.275,0.3,0.325,0.35,0.375,0.4,0.425,0.45,0.475,0.5,0.525,0.55,0.575,0.6,0.625,0.65,0.675,0.7,0.725,0.75,0.775,0.8,0.825,0.85,0.875,0.9,0.925,0.95,0.975,1.0]",50e7fd22d5e4cf4a342b3b7ad2dbc06119659954f4daf278a9ec92b36099edba
246,7,6,6,1.2,100,150,50,41,"[0.0,0.025,0.05,0.075,0.1,0.125,0.15,0.175,0.2,0.225,0.25,0.275,0.3,0.325,0.35,0.375,0.4,0.425,0.45,0.475,0.5,0.525,0.55,0.575,0.6,0.625,0.65,0.675,0.7,0.725,0.75,0.775,0.8,0.825,0.85,0.875,0.9,0.925,0.95,0.975,1.0]",50e7fd22d5e4cf4a342b3b7ad2dbc06119659954f4daf278a9ec92b36099edba
247,7,6,6,1.2,150,200,50,41,"[0.0,0.025,0.05,0.075,0.1,0.125,0.15,0.175,0.2,0.225,0.25,0.275,0.3,0.325,0.35,0.375,0.4,0.425,0.45,0.475,0.5,0.525,0.55,0.575,0.6,0.625,0.65,0.675,0.7,0.725,0.75,0.775,0.8,0.825,0.85,0.875,0.9,0.925,0.95,0.975,1.0]",50e7fd22d5e4cf4a342b3b7ad2dbc06119659954f4daf278a9ec92b36099edba
248,7,6,6,1.3,0,50,50,41,"[0.0,0.025,0.05,0.075,0.1,0.125,0.15,0.175,0.2,0.225,0.25,0.275,0.3,0.325,0.35,0.375,0.4,0.425,0.45,0.475,0.5,0.525,0.55,0.575,0.6,0.625,0.65,0.675,0.7,0.725,0.75,0.775,0.8,0.825,0.85,0.875,0.9,0.925,0.95,0.975,1.0]",41f7f4b9776ed29a8491942c0d849f4d834e8e0908cd403ca91f806d7c8d7c98
249,7,6,6,1.3,50,100,50,41,"[0.0,0.025,0.05,0.075,0.1,0.125,0.15,0.175,0.2,0.225,0.25,0.275,0.3,0.325,0.35,0.375,0.4,0.425,0.45,0.475,0.5,0.525,0.55,0.575,0.6,0.625,0.65,0.675,0.7,0.725,0.75,0.775,0.8,0.825,0.85,0.875,0.9,0.925,0.95,0.975,1.0]",41f7f4b9776ed29a8491942c0d849f4d834e8e0908cd403ca91f806d7c8d7c98
250,7,6,6,1.3,100,150,50,41,"[0.0,0.025,0.05,0.075,0.1,0.125,0.15,0.175,0.2,0.225,0.25,0.275,0.3,0.325,0.35,0.375,0.4,0.425,0.45,0.475,0.5,0.525,0.55,0.575,0.6,0.625,0.65,0.675,0.7,0.725,0.75,0.775,0.8,0.825,0.85,0.875,0.9,0.925,0.95,0.975,1.0]",41f7f4b9776ed29a8491942c0d849f4d834e8e0908cd403ca91f806d7c8d7c98
251,7,6,6,1.3,150,200,50,41,"[0.0,0.025,0.05,0.075,0.1,0.125,0.15,0.175,0.2,0.225,0.25,0.275,0.3,0.325,0.35,0.375,0.4,0.425,0.45,0.475,0.5,0.525,0.55,0.575,0.6,0.625,0.65,0.675,0.7,0.725,0.75,0.775,0.8,0.825,0.85,0.875,0.9,0.925,0.95,0.975,1.0]",41f7f4b9776ed29a8491942c0d849f4d834e8e0908cd403ca91f806d7c8d7c98
252,7,6,6,1.4,0,50,50,41,"[0.0,0.025,0.05,0.075,0.1,0.125,0.15,0.175,0.2,0.225,0.25,0.275,0.3,0.325,0.35,0.375,0.4,0.425,0.45,0.475,0.5,0.525,0.55,0.575,0.6,0.625,0.65,0.675,0.7,0.725,0.75,0.775,0.8,0.825,0.85,0.875,0.9,0.925,0.95,0.975,1.0]",f3c9913ccf13ae9f4c40a5cb0ef72b350564539ee7bb09e25ff7636b2ccfb9c9
253,7,6,6,1.4,50,100,50,41,"[0.0,0.025,0.05,0.075,0.1,0.125,0.15,0.175,0.2,0.225,0.25,0.275,0.3,0.325,0.35,0.375,0.4,0.425,0.45,0.475,0.5,0.525,0.55,0.575,0.6,0.625,0.65,0.675,0.7,0.725,0.75,0.775,0.8,0.825,0.85,0.875,0.9,0.925,0.95,0.975,1.0]",f3c9913ccf13ae9f4c40a5cb0ef72b350564539ee7bb09e25ff7636b2ccfb9c9
254,7,6,6,1.4,100,150,50,41,"[0.0,0.025,0.05,0.075,0.1,0.125,0.15,0.175,0.2,0.225,0.25,0.275,0.3,0.325,0.35,0.375,0.4,0.425,0.45,0.475,0.5,0.525,0.55,0.575,0.6,0.625,0.65,0.675,0.7,0.725,0.75,0.775,0.8,0.825,0.85,0.875,0.9,0.925,0.95,0.975,1.0]",f3c9913ccf13ae9f4c40a5cb0ef72b350564539ee7bb09e25ff7636b2ccfb9c9
255,7,6,6,1.4,150,200,50,41,"[0.0,0.025,0.05,0.075,0.1,0.125,0.15,0.175,0.2,0.225,0.25,0.275,0.3,0.325,0.35,0.375,0.4,0.425,0.45,0.475,0.5,0.525,0.55,0.575,0.6,0.625,0.65,0.675,0.7,0.725,0.75,0.775,0.8,0.825,0.85,0.875,0.9,0.925,0.95,0.975,1.0]",f3c9913ccf13ae9f4c40a5cb0ef72b350564539ee7bb09e25ff7636b2ccfb9c9
256,7,6,6,1.5,0,50,50,41,"[0.0,0.025,0.05,0.075,0.1,0.125,0.15,0.175,0.2,0.225,0.25,0.275,0.3,0.325,0.35,0.375,0.4,0.425,0.45,0.475,0.5,0.525,0.55,0.575,0.6,0.625,0.65,0.675,0.7,0.725,0.75,0.775,0.8,0.825,0.85,0.875,0.9,0.925,0.95,0.975,1.0]",1a0f4641672f64f2ca70d1f8db4143244d1a6fb97a57ac3b6501a46c27cc71ff
257,7,6,6,1.5,50,100,50,41,"[0.0,0.025,0.05,0.075,0.1,0.125,0.15,0.175,0.2,0.225,0.25,0.275,0.3,0.325,0.35,0.375,0.4,0.425,0.45,0.475,0.5,0.525,0.55,0.575,0.6,0.625,0.65,0.675,0.7,0.725,0.75,0.775,0.8,0.825,0.85,0.875,0.9,0.925,0.95,0.975,1.0]",1a0f4641672f64f2ca70d1f8db4143244d1a6fb97a57ac3b6501a46c27cc71ff
258,7,6,6,1.5,100,150,50,41,"[0.0,0.025,0.05,0.075,0.1,0.125,0.15,0.175,0.2,0.225,0.25,0.275,0.3,0.325,0.35,0.375,0.4,0.425,0.45,0.475,0.5,0.525,0.55,0.575,0.6,0.625,0.65,0.675,0.7,0.725,0.75,0.775,0.8,0.825,0.85,0.875,0.9,0.925,0.95,0.975,1.0]",1a0f4641672f64f2ca70d1f8db4143244d1a6fb97a57ac3b6501a46c27cc71ff
259,7,6,6,1.5,150,200,50,41,"[0.0,0.025,0.05,0.075,0.1,0.125,0.15,0.175,0.2,0.225,0.25,0.275,0.3,0.325,0.35,0.375,0.4,0.425,0.45,0.475,0.5,0.525,0.55,0.575,0.6,0.625,0.65,0.675,0.7,0.725,0.75,0.775,0.8,0.825,0.85,0.875,0.9,0.925,0.95,0.975,1.0]",1a0f4641672f64f2ca70d1f8db4143244d1a6fb97a57ac3b6501a46c27cc71ff
260,7,6,6,1.6,0,50,50,41,"[0.0,0.025,0.05,0.075,0.1,0.125,0.15,0.175,0.2,0.225,0.25,0.275,0.3,0.325,0.35,0.375,0.4,0.425,0.45,0.475,0.5,0.525,0.55,0.575,0.6,0.625,0.65,0.675,0.7,0.725,0.75,0.775,0.8,0.825,0.85,0.875,0.9,0.925,0.95,0.975,1.0]",5890d66ced97a93aa7f587c8187cc441e5addb9c73e89acf7adf508fe08301e5
261,7,6,6,1.6,50,100,50,41,"[0.0,0.025,0.05,0.075,0.1,0.125,0.15,0.175,0.2,0.225,0.25,0.275,0.3,0.325,0.35,0.375,0.4,0.425,0.45,0.475,0.5,0.525,0.55,0.575,0.6,0.625,0.65,0.675,0.7,0.725,0.75,0.775,0.8,0.825,0.85,0.875,0.9,0.925,0.95,0.975,1.0]",5890d66ced97a93aa7f587c8187cc441e5addb9c73e89acf7adf508fe08301e5
262,7,6,6,1.6,100,150,50,41,"[0.0,0.025,0.05,0.075,0.1,0.125,0.15,0.175,0.2,0.225,0.25,0.275,0.3,0.325,0.35,0.375,0.4,0.425,0.45,0.475,0.5,0.525,0.55,0.575,0.6,0.625,0.65,0.675,0.7,0.725,0.75,0.775,0.8,0.825,0.85,0.875,0.9,0.925,0.95,0.975,1.0]",5890d66ced97a93aa7f587c8187cc441e5addb9c73e89acf7adf508fe08301e5
263,7,6,6,1.6,150,200,50,41,"[0.0,0.025,0.05,0.075,0.1,0.125,0.15,0.175,0.2,0.225,0.25,0.275,0.3,0.325,0.35,0.375,0.4,0.425,0.45,0.475,0.5,0.525,0.55,0.575,0.6,0.625,0.65,0.675,0.7,0.725,0.75,0.775,0.8,0.825,0.85,0.875,0.9,0.925,0.95,0.975,1.0]",5890d66ced97a93aa7f587c8187cc441e5addb9c73e89acf7adf508fe08301e5
264,7,6,6,1.7,0,50,50,41,"[0.0,0.025,0.05,0.075,0.1,0.125,0.15,0.175,0.2,0.225,0.25,0.275,0.3,0.325,0.35,0.375,0.4,0.425,0.45,0.475,0.5,0.525,0.55,0.575,0.6,0.625,0.65,0.675,0.7,0.725,0.75,0.775,0.8,0.825,0.85,0.875,0.9,0.925,0.95,0.975,1.0]",cbddcaa804a555424eba558c280c1d055facb421c2dce07a8f37aa5dea136ce9
265,7,6,6,1.7,50,100,50,41,"[0.0,0.025,0.05,0.075,0.1,0.125,0.15,0.175,0.2,0.225,0.25,0.275,0.3,0.325,0.35,0.375,0.4,0.425,0.45,0.475,0.5,0.525,0.55,0.575,0.6,0.625,0.65,0.675,0.7,0.725,0.75,0.775,0.8,0.825,0.85,0.875,0.9,0.925,0.95,0.975,1.0]",cbddcaa804a555424eba558c280c1d055facb421c2dce07a8f37aa5dea136ce9
266,7,6,6,1.7,100,150,50,41,"[0.0,0.025,0.05,0.075,0.1,0.125,0.15,0.175,0.2,0.225,0.25,0.275,0.3,0.325,0.35,0.375,0.4,0.425,0.45,0.475,0.5,0.525,0.55,0.575,0.6,0.625,0.65,0.675,0.7,0.725,0.75,0.775,0.8,0.825,0.85,0.875,0.9,0.925,0.95,0.975,1.0]",cbddcaa804a555424eba558c280c1d055facb421c2dce07a8f37aa5dea136ce9
267,7,6,6,1.7,150,200,50,41,"[0.0,0.025,0.05,0.075,0.1,0.125,0.15,0.175,0.2,0.225,0.25,0.275,0.3,0.325,0.35,0.375,0.4,0.425,0.45,0.475,0.5,0.525,0.55,0.575,0.6,0.625,0.65,0.675,0.7,0.725,0.75,0.775,0.8,0.825,0.85,0.875,0.9,0.925,0.95,0.975,1.0]",cbddcaa804a555424eba558c280c1d055facb421c2dce07a8f37aa5dea136ce9
268,7,6,6,1.8,0,50,50,41,"[0.0,0.025,0.05,0.075,0.1,0.125,0.15,0.175,0.2,0.225,0.25,0.275,0.3,0.325,0.35,0.375,0.4,0.425,0.45,0.475,0.5,0.525,0.55,0.575,0.6,0.625,0.65,0.675,0.7,0.725,0.75,0.775,0.8,0.825,0.85,0.875,0.9,0.925,0.95,0.975,1.0]",03521d45b63549475e67081cc275d05e17989d5c22e9c0a3f7d679ac3c4e78a7
269,7,6,6,1.8,50,100,50,41,"[0.0,0.025,0.05,0.075,0.1,0.125,0.15,0.175,0.2,0.225,0.25,0.275,0.3,0.325,0.35,0.375,0.4,0.425,0.45,0.475,0.5,0.525,0.55,0.575,0.6,0.625,0.65,0.675,0.7,0.725,0.75,0.775,0.8,0.825,0.85,0.875,0.9,0.925,0.95,0.975,1.0]",03521d45b63549475e67081cc275d05e17989d5c22e9c0a3f7d679ac3c4e78a7
270,7,6,6,1.8,100,150,50,41,"[0.0,0.025,0.05,0.075,0.1,0.125,0.15,0.175,0.2,0.225,0.25,0.275,0.3,0.325,0.35,0.375,0.4,0.425,0.45,0.475,0.5,0.525,0.55,0.575,0.6,0.625,0.65,0.675,0.7,0.725,0.75,0.775,0.8,0.825,0.85,0.875,0.9,0.925,0.95,0.975,1.0]",03521d45b63549475e67081cc275d05e17989d5c22e9c0a3f7d679ac3c4e78a7
271,7,6,6,1.8,150,200,50,41,"[0.0,0.025,0.05,0.075,0.1,0.125,0.15,0.175,0.2,0.225,0.25,0.275,0.3,0.325,0.35,0.375,0.4,0.425,0.45,0.475,0.5,0.525,0.55,0.575,0.6,0.625,0.65,0.675,0.7,0.725,0.75,0.775,0.8,0.825,0.85,0.875,0.9,0.925,0.95,0.975,1.0]",03521d45b63549475e67081cc275d05e17989d5c22e9c0a3f7d679ac3c4e78a7
272,7,6,6,1.9,0,50,50,41,"[0.0,0.025,0.05,0.075,0.1,0.125,0.15,0.175,0.2,0.225,0.25,0.275,0.3,0.325,0.35,0.375,0.4,0.425,0.45,0.475,0.5,0.525,0.55,0.575,0.6,0.625,0.65,0.675,0.7,0.725,0.75,0.775,0.8,0.825,0.85,0.875,0.9,0.925,0.95,0.975,1.0]",7556a55e6f521cdc724ee5d96a54d2c18475cfa5d6b084963746576573769b07
273,7,6,6,1.9,50,100,50,41,"[0.0,0.025,0.05,0.075,0.1,0.125,0.15,0.175,0.2,0.225,0.25,0.275,0.3,0.325,0.35,0.375,0.4,0.425,0.45,0.475,0.5,0.525,0.55,0.575,0.6,0.625,0.65,0.675,0.7,0.725,0.75,0.775,0.8,0.825,0.85,0.875,0.9,0.925,0.95,0.975,1.0]",7556a55e6f521cdc724ee5d96a54d2c18475cfa5d6b084963746576573769b07
274,7,6,6,1.9,100,150,50,41,"[0.0,0.025,0.05,0.075,0.1,0.125,0.15,0.175,0.2,0.225,0.25,0.275,0.3,0.325,0.35,0.375,0.4,0.425,0.45,0.475,0.5,0.525,0.55,0.575,0.6,0.625,0.65,0.675,0.7,0.725,0.75,0.775,0.8,0.825,0.85,0.875,0.9,0.925,0.95,0.975,1.0]",7556a55e6f521cdc724ee5d96a54d2c18475cfa5d6b084963746576573769b07
275,7,6,6,1.9,150,200,50,41,"[0.0,0.025,0.05,0.075,0.1,0.125,0.15,0.175,0.2,0.225,0.25,0.275,0.3,0.325,0.35,0.375,0.4,0.425,0.45,0.475,0.5,0.525,0.55,0.575,0.6,0.625,0.65,0.675,0.7,0.725,0.75,0.775,0.8,0.825,0.85,0.875,0.9,0.925,0.95,0.975,1.0]",7556a55e6f521cdc724ee5d96a54d2c18475cfa5d6b084963746576573769b07
276,7,6,6,2.0,0,50,50,41,"[0.0,0.025,0.05,0.075,0.1,0.125,0.15,0.175,0.2,0.225,0.25,0.275,0.3,0.325,0.35,0.375,0.4,0.425,0.45,0.475,0.5,0.525,0.55,0.575,0.6,0.625,0.65,0.675,0.7,0.725,0.75,0.775,0.8,0.825,0.85,0.875,0.9,0.925,0.95,0.975,1.0]",ea5b4e718f981e947d1389c59c8b5b3ea8888b6c775ae067a0339def3db2890c
277,7,6,6,2.0,50,100,50,41,"[0.0,0.025,0.05,0.075,0.1,0.125,0.15,0.175,0.2,0.225,0.25,0.275,0.3,0.325,0.35,0.375,0.4,0.425,0.45,0.475,0.5,0.525,0.55,0.575,0.6,0.625,0.65,0.675,0.7,0.725,0.75,0.775,0.8,0.825,0.85,0.875,0.9,0.925,0.95,0.975,1.0]",ea5b4e718f981e947d1389c59c8b5b3ea8888b6c775ae067a0339def3db2890c
278,7,6,6,2.0,100,150,50,41,"[0.0,0.025,0.05,0.075,0.1,0.125,0.15,0.175,0.2,0.225,0.25,0.275,0.3,0.325,0.35,0.375,0.4,0.425,0.45,0.475,0.5,0.525,0.55,0.575,0.6,0.625,0.65,0.675,0.7,0.725,0.75,0.775,0.8,0.825,0.85,0.875,0.9,0.925,0.95,0.975,1.0]",ea5b4e718f981e947d1389c59c8b5b3ea8888b6c775ae067a0339def3db2890c
279,7,6,6,2.0,150,200,50,41,"[0.0,0.025,0.05,0.075,0.1,0.125,0.15,0.175,0.2,0.225,0.25,0.275,0.3,0.325,0.35,0.375,0.4,0.425,0.45,0.475,0.5,0.525,0.55,0.575,0.6,0.625,0.65,0.675,0.7,0.725,0.75,0.775,0.8,0.825,0.85,0.875,0.9,0.925,0.95,0.975,1.0]",ea5b4e718f981e947d1389c59c8b5b3ea8888b6c775ae067a0339def3db2890c
280,7,6,6,2.1,0,50,50,41,"[0.0,0.025,0.05,0.075,0.1,0.125,0.15,0.175,0.2,0.225,0.25,0.275,0.3,0.325,0.35,0.375,0.4,0.425,0.45,0.475,0.5,0.525,0.55,0.575,0.6,0.625,0.65,0.675,0.7,0.725,0.75,0.775,0.8,0.825,0.85,0.875,0.9,0.925,0.95,0.975,1.0]",09ab3fa2bc21d03300178561795f5e9b546cb9bd97b6e937840657f469cfed20
281,7,6,6,2.1,50,100,50,41,"[0.0,0.025,0.05,0.075,0.1,0.125,0.15,0.175,0.2,0.225,0.25,0.275,0.3,0.325,0.35,0.375,0.4,0.425,0.45,0.475,0.5,0.525,0.55,0.575,0.6,0.625,0.65,0.675,0.7,0.725,0.75,0.775,0.8,0.825,0.85,0.875,0.9,0.925,0.95,0.975,1.0]",09ab3fa2bc21d03300178561795f5e9b546cb9bd97b6e937840657f469cfed20
282,7,6,6,2.1,100,150,50,41,"[0.0,0.025,0.05,0.075,0.1,0.125,0.15,0.175,0.2,0.225,0.25,0.275,0.3,0.325,0.35,0.375,0.4,0.425,0.45,0.475,0.5,0.525,0.55,0.575,0.6,0.625,0.65,0.675,0.7,0.725,0.75,0.775,0.8,0.825,0.85,0.875,0.9,0.925,0.95,0.975,1.0]",09ab3fa2bc21d03300178561795f5e9b546cb9bd97b6e937840657f469cfed20
283,7,6,6,2.1,150,200,50,41,"[0.0,0.025,0.05,0.075,0.1,0.125,0.15,0.175,0.2,0.225,0.25,0.275,0.3,0.325,0.35,0.375,0.4,0.425,0.45,0.475,0.5,0.525,0.55,0.575,0.6,0.625,0.65,0.675,0.7,0.725,0.75,0.775,0.8,0.825,0.85,0.875,0.9,0.925,0.95,0.975,1.0]",09ab3fa2bc21d03300178561795f5e9b546cb9bd97b6e937840657f469cfed20
284,7,6,6,2.2,0,50,50,41,"[0.0,0.025,0.05,0.075,0.1,0.125,0.15,0.175,0.2,0.225,0.25,0.275,0.3,0.325,0.35,0.375,0.4,0.425,0.45,0.475,0.5,0.525,0.55,0.575,0.6,0.625,0.65,0.675,0.7,0.725,0.75,0.775,0.8,0.825,0.85,0.875,0.9,0.925,0.95,0.975,1.0]",41e78afe10faaf6cf15c0bc12e5208dee3c261778f7f11b7e1fa436678039536
285,7,6,6,2.2,50,100,50,41,"[0.0,0.025,0.05,0.075,0.1,0.125,0.15,0.175,0.2,0.225,0.25,0.275,0.3,0.325,0.35,0.375,0.4,0.425,0.45,0.475,0.5,0.525,0.55,0.575,0.6,0.625,0.65,0.675,0.7,0.725,0.75,0.775,0.8,0.825,0.85,0.875,0.9,0.925,0.95,0.975,1.0]",41e78afe10faaf6cf15c0bc12e5208dee3c261778f7f11b7e1fa436678039536
286,7,6,6,2.2,100,150,50,41,"[0.0,0.025,0.05,0.075,0.1,0.125,0.15,0.175,0.2,0.225,0.25,0.275,0.3,0.325,0.35,0.375,0.4,0.425,0.45,0.475,0.5,0.525,0.55,0.575,0.6,0.625,0.65,0.675,0.7,0.725,0.75,0.775,0.8,0.825,0.85,0.875,0.9,0.925,0.95,0.975,1.0]",41e78afe10faaf6cf15c0bc12e5208dee3c261778f7f11b7e1fa436678039536
287,7,6,6,2.2,150,200,50,41,"[0.0,0.025,0.05,0.075,0.1,0.125,0.15,0.175,0.2,0.225,0.25,0.275,0.3,0.325,0.35,0.375,0.4,0.425,0.45,0.475,0.5,0.525,0.55,0.575,0.6,0.625,0.65,0.675,0.7,0.725,0.75,0.775,0.8,0.825,0.85,0.875,0.9,0.925,0.95,0.975,1.0]",41e78afe10faaf6cf15c0bc12e5208dee3c261778f7f11b7e1fa436678039536
288,7,6,6,2.3,0,50,50,41,"[0.0,0.025,0.05,0.075,0.1,0.125,0.15,0.175,0.2,0.225,0.25,0.275,0.3,0.325,0.35,0.375,0.4,0.425,0.45,0.475,0.5,0.525,0.55,0.575,0.6,0.625,0.65,0.675,0.7,0.725,0.75,0.775,0.8,0.825,0.85,0.875,0.9,0.925,0.95,0.975,1.0]",f16b43ed58afa44667ac486f89ba27f9b75eaeb6be769563c66da03c1d1ab773
289,7,6,6,2.3,50,100,50,41,"[0.0,0.025,0.05,0.075,0.1,0.125,0.15,0.175,0.2,0.225,0.25,0.275,0.3,0.325,0.35,0.375,0.4,0.425,0.45,0.475,0.5,0.525,0.55,0.575,0.6,0.625,0.65,0.675,0.7,0.725,0.75,0.775,0.8,0.825,0.85,0.875,0.9,0.925,0.95,0.975,1.0]",f16b43ed58afa44667ac486f89ba27f9b75eaeb6be769563c66da03c1d1ab773
290,7,6,6,2.3,100,150,50,41,"[0.0,0.025,0.05,0.075,0.1,0.125,0.15,0.175,0.2,0.225,0.25,0.275,0.3,0.325,0.35,0.375,0.4,0.425,0.45,0.475,0.5,0.525,0.55,0.575,0.6,0.625,0.65,0.675,0.7,0.725,0.75,0.775,0.8,0.825,0.85,0.875,0.9,0.925,0.95,0.975,1.0]",f16b43ed58afa44667ac486f89ba27f9b75eaeb6be769563c66da03c1d1ab773
291,7,6,6,2.3,150,200,50,41,"[0.0,0.025,0.05,0.075,0.1,0.125,0.15,0.175,0.2,0.225,0.25,0.275,0.3,0.325,0.35,0.375,0.4,0.425,0.45,0.475,0.5,0.525,0.55,0.575,0.6,0.625,0.65,0.675,0.7,0.725,0.75,0.775,0.8,0.825,0.85,0.875,0.9,0.925,0.95,0.975,1.0]",f16b43ed58afa44667ac486f89ba27f9b75eaeb6be769563c66da03c1d1ab773
292,7,6,6,2.4,0,50,50,41,"[0.0,0.025,0.05,0.075,0.1,0.125,0.15,0.175,0.2,0.225,0.25,0.275,0.3,0.325,0.35,0.375,0.4,0.425,0.45,0.475,0.5,0.525,0.55,0.575,0.6,0.625,0.65,0.675,0.7,0.725,0.75,0.775,0.8,0.825,0.85,0.875,0.9,0.925,0.95,0.975,1.0]",d3232ad4d6dd191460ed7ad73a6e75be815983f975f43965107786a912dee6a2
293,7,6,6,2.4,50,100,50,41,"[0.0,0.025,0.05,0.075,0.1,0.125,0.15,0.175,0.2,0.225,0.25,0.275,0.3,0.325,0.35,0.375,0.4,0.425,0.45,0.475,0.5,0.525,0.55,0.575,0.6,0.625,0.65,0.675,0.7,0.725,0.75,0.775,0.8,0.825,0.85,0.875,0.9,0.925,0.95,0.975,1.0]",d3232ad4d6dd191460ed7ad73a6e75be815983f975f43965107786a912dee6a2
294,7,6,6,2.4,100,150,50,41,"[0.0,0.025,0.05,0.075,0.1,0.125,0.15,0.175,0.2,0.225,0.25,0.275,0.3,0.325,0.35,0.375,0.4,0.425,0.45,0.475,0.5,0.525,0.55,0.575,0.6,0.625,0.65,0.675,0.7,0.725,0.75,0.775,0.8,0.825,0.85,0.875,0.9,0.925,0.95,0.975,1.0]",d3232ad4d6dd191460ed7ad73a6e75be815983f975f43965107786a912dee6a2
295,7,6,6,2.4,150,200,50,41,"[0.0,0.025,0.05,0.075,0.1,0.125,0.15,0.175,0.2,0.225,0.25,0.275,0.3,0.325,0.35,0.375,0.4,0.425,0.45,0.475,0.5,0.525,0.55,0.575,0.6,0.625,0.65,0.675,0.7,0.725,0.75,0.775,0.8,0.825,0.85,0.875,0.9,0.925,0.95,0.975,1.0]",d3232ad4d6dd191460ed7ad73a6e75be815983f975f43965107786a912dee6a2
296,7,6,6,2.5,0,50,50,41,"[0.0,0.025,0.05,0.075,0.1,0.125,0.15,0.175,0.2,0.225,0.25,0.275,0.3,0.325,0.35,0.375,0.4,0.425,0.45,0.475,0.5,0.525,0.55,0.575,0.6,0.625,0.65,0.675,0.7,0.725,0.75,0.775,0.8,0.825,0.85,0.875,0.9,0.925,0.95,0.975,1.0]",d0cd6132e0221067e8e542c3e26893cd6963cba7884105572e82c8f32150c735
297,7,6,6,2.5,50,100,50,41,"[0.0,0.025,0.05,0.075,0.1,0.125,0.15,0.175,0.2,0.225,0.25,0.275,0.3,0.325,0.35,0.375,0.4,0.425,0.45,0.475,0.5,0.525,0.55,0.575,0.6,0.625,0.65,0.675,0.7,0.725,0.75,0.775,0.8,0.825,0.85,0.875,0.9,0.925,0.95,0.975,1.0]",d0cd6132e0221067e8e542c3e26893cd6963cba7884105572e82c8f32150c735
298,7,6,6,2.5,100,150,50,41,"[0.0,0.025,0.05,0.075,0.1,0.125,0.15,0.175,0.2,0.225,0.25,0.275,0.3,0.325,0.35,0.375,0.4,0.425,0.45,0.475,0.5,0.525,0.55,0.575,0.6,0.625,0.65,0.675,0.7,0.725,0.75,0.775,0.8,0.825,0.85,0.875,0.9,0.925,0.95,0.975,1.0]",d0cd6132e0221067e8e542c3e26893cd6963cba7884105572e82c8f32150c735
299,7,6,6,2.5,150,200,50,41,"[0.0,0.025,0.05,0.075,0.1,0.125,0.15,0.175,0.2,0.225,0.25,0.275,0.3,0.325,0.35,0.375,0.4,0.425,0.45,0.475,0.5,0.525,0.55,0.575,0.6,0.625,0.65,0.675,0.7,0.725,0.75,0.775,0.8,0.825,0.85,0.875,0.9,0.925,0.95,0.975,1.0]",d0cd6132e0221067e8e542c3e26893cd6963cba7884105572e82c8f32150c735
300,7,7,7,0.1,0,50,50,41,"[0.0,0.025,0.05,0.075,0.1,0.125,0.15,0.175,0.2,0.225,0.25,0.275,0.3,0.325,0.35,0.375,0.4,0.425,0.45,0.475,0.5,0.525,0.55,0.575,0.6,0.625,0.65,0.675,0.7,0.725,0.75,0.775,0.8,0.825,0.85,0.875,0.9,0.925,0.95,0.975,1.0]",7452eb01fb435e1a84c09a62d1c5aebdd90c0034c18c33e9e4180dab4cb3b497
301,7,7,7,0.1,50,100,50,41,"[0.0,0.025,0.05,0.075,0.1,0.125,0.15,0.175,0.2,0.225,0.25,0.275,0.3,0.325,0.35,0.375,0.4,0.425,0.45,0.475,0.5,0.525,0.55,0.575,0.6,0.625,0.65,0.675,0.7,0.725,0.75,0.775,0.8,0.825,0.85,0.875,0.9,0.925,0.95,0.975,1.0]",7452eb01fb435e1a84c09a62d1c5aebdd90c0034c18c33e9e4180dab4cb3b497
302,7,7,7,0.1,100,150,50,41,"[0.0,0.025,0.05,0.075,0.1,0.125,0.15,0.175,0.2,0.225,0.25,0.275,0.3,0.325,0.35,0.375,0.4,0.425,0.45,0.475,0.5,0.525,0.55,0.575,0.6,0.625,0.65,0.675,0.7,0.725,0.75,0.775,0.8,0.825,0.85,0.875,0.9,0.925,0.95,0.975,1.0]",7452eb01fb435e1a84c09a62d1c5aebdd90c0034c18c33e9e4180dab4cb3b497
303,7,7,7,0.1,150,200,50,41,"[0.0,0.025,0.05,0.075,0.1,0.125,0.15,0.175,0.2,0.225,0.25,0.275,0.3,0.325,0.35,0.375,0.4,0.425,0.45,0.475,0.5,0.525,0.55,0.575,0.6,0.625,0.65,0.675,0.7,0.725,0.75,0.775,0.8,0.825,0.85,0.875,0.9,0.925,0.95,0.975,1.0]",7452eb01fb435e1a84c09a62d1c5aebdd90c0034c18c33e9e4180dab4cb3b497
304,7,7,7,0.2,0,50,50,41,"[0.0,0.025,0.05,0.075,0.1,0.125,0.15,0.175,0.2,0.225,0.25,0.275,0.3,0.325,0.35,0.375,0.4,0.425,0.45,0.475,0.5,0.525,0.55,0.575,0.6,0.625,0.65,0.675,0.7,0.725,0.75,0.775,0.8,0.825,0.85,0.875,0.9,0.925,0.95,0.975,1.0]",5e5ee07db64898692ef08ed72fe7c2eff5d021d7db984738469585e430b8c2ed
305,7,7,7,0.2,50,100,50,41,"[0.0,0.025,0.05,0.075,0.1,0.125,0.15,0.175,0.2,0.225,0.25,0.275,0.3,0.325,0.35,0.375,0.4,0.425,0.45,0.475,0.5,0.525,0.55,0.575,0.6,0.625,0.65,0.675,0.7,0.725,0.75,0.775,0.8,0.825,0.85,0.875,0.9,0.925,0.95,0.975,1.0]",5e5ee07db64898692ef08ed72fe7c2eff5d021d7db984738469585e430b8c2ed
306,7,7,7,0.2,100,150,50,41,"[0.0,0.025,0.05,0.075,0.1,0.125,0.15,0.175,0.2,0.225,0.25,0.275,0.3,0.325,0.35,0.375,0.4,0.425,0.45,0.475,0.5,0.525,0.55,0.575,0.6,0.625,0.65,0.675,0.7,0.725,0.75,0.775,0.8,0.825,0.85,0.875,0.9,0.925,0.95,0.975,1.0]",5e5ee07db64898692ef08ed72fe7c2eff5d021d7db984738469585e430b8c2ed
307,7,7,7,0.2,150,200,50,41,"[0.0,0.025,0.05,0.075,0.1,0.125,0.15,0.175,0.2,0.225,0.25,0.275,0.3,0.325,0.35,0.375,0.4,0.425,0.45,0.475,0.5,0.525,0.55,0.575,0.6,0.625,0.65,0.675,0.7,0.725,0.75,0.775,0.8,0.825,0.85,0.875,0.9,0.925,0.95,0.975,1.0]",5e5ee07db64898692ef08ed72fe7c2eff5d021d7db984738469585e430b8c2ed
308,7,7,7,0.3,0,50,50,41,"[0.0,0.025,0.05,0.075,0.1,0.125,0.15,0.175,0.2,0.225,0.25,0.275,0.3,0.325,0.35,0.375,0.4,0.425,0.45,0.475,0.5,0.525,0.55,0.575,0.6,0.625,0.65,0.675,0.7,0.725,0.75,0.775,0.8,0.825,0.85,0.875,0.9,0.925,0.95,0.975,1.0]",16c438de01a474b637240be439bbc9a0a2a11c318d603eb2036a9da9115079f5
309,7,7,7,0.3,50,100,50,41,"[0.0,0.025,0.05,0.075,0.1,0.125,0.15,0.175,0.2,0.225,0.25,0.275,0.3,0.325,0.35,0.375,0.4,0.425,0.45,0.475,0.5,0.525,0.55,0.575,0.6,0.625,0.65,0.675,0.7,0.725,0.75,0.775,0.8,0.825,0.85,0.875,0.9,0.925,0.95,0.975,1.0]",16c438de01a474b637240be439bbc9a0a2a11c318d603eb2036a9da9115079f5
310,7,7,7,0.3,100,150,50,41,"[0.0,0.025,0.05,0.075,0.1,0.125,0.15,0.175,0.2,0.225,0.25,0.275,0.3,0.325,0.35,0.375,0.4,0.425,0.45,0.475,0.5,0.525,0.55,0.575,0.6,0.625,0.65,0.675,0.7,0.725,0.75,0.775,0.8,0.825,0.85,0.875,0.9,0.925,0.95,0.975,1.0]",16c438de01a474b637240be439bbc9a0a2a11c318d603eb2036a9da9115079f5
311,7,7,7,0.3,150,200,50,41,"[0.0,0.025,0.05,0.075,0.1,0.125,0.15,0.175,0.2,0.225,0.25,0.275,0.3,0.325,0.35,0.375,0.4,0.425,0.45,0.475,0.5,0.525,0.55,0.575,0.6,0.625,0.65,0.675,0.7,0.725,0.75,0.775,0.8,0.825,0.85,0.875,0.9,0.925,0.95,0.975,1.0]",16c438de01a474b637240be439bbc9a0a2a11c318d603eb2036a9da9115079f5
312,7,7,7,0.4,0,50,50,41,"[0.0,0.025,0.05,0.075,0.1,0.125,0.15,0.175,0.2,0.225,0.25,0.275,0.3,0.325,0.35,0.375,0.4,0.425,0.45,0.475,0.5,0.525,0.55,0.575,0.6,0.625,0.65,0.675,0.7,0.725,0.75,0.775,0.8,0.825,0.85,0.875,0.9,0.925,0.95,0.975,1.0]",83dc0688cccedd2f565ad04ec886945da3b327a32883d7232504423dd1be89a0
313,7,7,7,0.4,50,100,50,41,"[0.0,0.025,0.05,0.075,0.1,0.125,0.15,0.175,0.2,0.225,0.25,0.275,0.3,0.325,0.35,0.375,0.4,0.425,0.45,0.475,0.5,0.525,0.55,0.575,0.6,0.625,0.65,0.675,0.7,0.725,0.75,0.775,0.8,0.825,0.85,0.875,0.9,0.925,0.95,0.975,1.0]",83dc0688cccedd2f565ad04ec886945da3b327a32883d7232504423dd1be89a0
314,7,7,7,0.4,100,150,50,41,"[0.0,0.025,0.05,0.075,0.1,0.125,0.15,0.175,0.2,0.225,0.25,0.275,0.3,0.325,0.35,0.375,0.4,0.425,0.45,0.475,0.5,0.525,0.55,0.575,0.6,0.625,0.65,0.675,0.7,0.725,0.75,0.775,0.8,0.825,0.85,0.875,0.9,0.925,0.95,0.975,1.0]",83dc0688cccedd2f565ad04ec886945da3b327a32883d7232504423dd1be89a0
315,7,7,7,0.4,150,200,50,41,"[0.0,0.025,0.05,0.075,0.1,0.125,0.15,0.175,0.2,0.225,0.25,0.275,0.3,0.325,0.35,0.375,0.4,0.425,0.45,0.475,0.5,0.525,0.55,0.575,0.6,0.625,0.65,0.675,0.7,0.725,0.75,0.775,0.8,0.825,0.85,0.875,0.9,0.925,0.95,0.975,1.0]",83dc0688cccedd2f565ad04ec886945da3b327a32883d7232504423dd1be89a0
316,7,7,7,0.5,0,50,50,41,"[0.0,0.025,0.05,0.075,0.1,0.125,0.15,0.175,0.2,0.225,0.25,0.275,0.3,0.325,0.35,0.375,0.4,0.425,0.45,0.475,0.5,0.525,0.55,0.575,0.6,0.625,0.65,0.675,0.7,0.725,0.75,0.775,0.8,0.825,0.85,0.875,0.9,0.925,0.95,0.975,1.0]",cfd74525fec3aa0ab5f152db2c4a825c972a829f2d5fc8be6b28c110e5074868
317,7,7,7,0.5,50,100,50,41,"[0.0,0.025,0.05,0.075,0.1,0.125,0.15,0.175,0.2,0.225,0.25,0.275,0.3,0.325,0.35,0.375,0.4,0.425,0.45,0.475,0.5,0.525,0.55,0.575,0.6,0.625,0.65,0.675,0.7,0.725,0.75,0.775,0.8,0.825,0.85,0.875,0.9,0.925,0.95,0.975,1.0]",cfd74525fec3aa0ab5f152db2c4a825c972a829f2d5fc8be6b28c110e5074868
318,7,7,7,0.5,100,150,50,41,"[0.0,0.025,0.05,0.075,0.1,0.125,0.15,0.175,0.2,0.225,0.25,0.275,0.3,0.325,0.35,0.375,0.4,0.425,0.45,0.475,0.5,0.525,0.55,0.575,0.6,0.625,0.65,0.675,0.7,0.725,0.75,0.775,0.8,0.825,0.85,0.875,0.9,0.925,0.95,0.975,1.0]",cfd74525fec3aa0ab5f152db2c4a825c972a829f2d5fc8be6b28c110e5074868
319,7,7,7,0.5,150,200,50,41,"[0.0,0.025,0.05,0.075,0.1,0.125,0.15,0.175,0.2,0.225,0.25,0.275,0.3,0.325,0.35,0.375,0.4,0.425,0.45,0.475,0.5,0.525,0.55,0.575,0.6,0.625,0.65,0.675,0.7,0.725,0.75,0.775,0.8,0.825,0.85,0.875,0.9,0.925,0.95,0.975,1.0]",cfd74525fec3aa0ab5f152db2c4a825c972a829f2d5fc8be6b28c110e5074868
320,7,7,7,0.6,0,50,50,41,"[0.0,0.025,0.05,0.075,0.1,0.125,0.15,0.175,0.2,0.225,0.25,0.275,0.3,0.325,0.35,0.375,0.4,0.425,0.45,0.475,0.5,0.525,0.55,0.575,0.6,0.625,0.65,0.675,0.7,0.725,0.75,0.775,0.8,0.825,0.85,0.875,0.9,0.925,0.95,0.975,1.0]",a877c06ed1978706708ee8dd9d3fcaa19303612d488296149cb501075db8ea46
321,7,7,7,0.6,50,100,50,41,"[0.0,0.025,0.05,0.075,0.1,0.125,0.15,0.175,0.2,0.225,0.25,0.275,0.3,0.325,0.35,0.375,0.4,0.425,0.45,0.475,0.5,0.525,0.55,0.575,0.6,0.625,0.65,0.675,0.7,0.725,0.75,0.775,0.8,0.825,0.85,0.875,0.9,0.925,0.95,0.975,1.0]",a877c06ed1978706708ee8dd9d3fcaa19303612d488296149cb501075db8ea46
322,7,7,7,0.6,100,150,50,41,"[0.0,0.025,0.05,0.075,0.1,0.125,0.15,0.175,0.2,0.225,0.25,0.275,0.3,0.325,0.35,0.375,0.4,0.425,0.45,0.475,0.5,0.525,0.55,0.575,0.6,0.625,0.65,0.675,0.7,0.725,0.75,0.775,0.8,0.825,0.85,0.875,0.9,0.925,0.95,0.975,1.0]",a877c06ed1978706708ee8dd9d3fcaa19303612d488296149cb501075db8ea46
323,7,7,7,0.6,150,200,50,41,"[0.0,0.025,0.05,0.075,0.1,0.125,0.15,0.175,0.2,0.225,0.25,0.275,0.3,0.325,0.35,0.375,0.4,0.425,0.45,0.475,0.5,0.525,0.55,0.575,0.6,0.625,0.65,0.675,0.7,0.725,0.75,0.775,0.8,0.825,0.85,0.875,0.9,0.925,0.95,0.975,1.0]",a877c06ed1978706708ee8dd9d3fcaa19303612d488296149cb501075db8ea46
324,7,7,7,0.7,0,50,50,41,"[0.0,0.025,0.05,0.075,0.1,0.125,0.15,0.175,0.2,0.225,0.25,0.275,0.3,0.325,0.35,0.375,0.4,0.425,0.45,0.475,0.5,0.525,0.55,0.575,0.6,0.625,0.65,0.675,0.7,0.725,0.75,0.775,0.8,0.825,0.85,0.875,0.9,0.925,0.95,0.975,1.0]",30309e2f1bb861094407cdc8ce1b9614982d8fbe05f47d073f1ec5d9fba34357
325,7,7,7,0.7,50,100,50,41,"[0.0,0.025,0.05,0.075,0.1,0.125,0.15,0.175,0.2,0.225,0.25,0.275,0.3,0.325,0.35,0.375,0.4,0.425,0.45,0.475,0.5,0.525,0.55,0.575,0.6,0.625,0.65,0.675,0.7,0.725,0.75,0.775,0.8,0.825,0.85,0.875,0.9,0.925,0.95,0.975,1.0]",30309e2f1bb861094407cdc8ce1b9614982d8fbe05f47d073f1ec5d9fba34357
326,7,7,7,0.7,100,150,50,41,"[0.0,0.025,0.05,0.075,0.1,0.125,0.15,0.175,0.2,0.225,0.25,0.275,0.3,0.325,0.35,0.375,0.4,0.425,0.45,0.475,0.5,0.525,0.55,0.575,0.6,0.625,0.65,0.675,0.7,0.725,0.75,0.775,0.8,0.825,0.85,0.875,0.9,0.925,0.95,0.975,1.0]",30309e2f1bb861094407cdc8ce1b9614982d8fbe05f47d073f1ec5d9fba34357
327,7,7,7,0.7,150,200,50,41,"[0.0,0.025,0.05,0.075,0.1,0.125,0.15,0.175,0.2,0.225,0.25,0.275,0.3,0.325,0.35,0.375,0.4,0.425,0.45,0.475,0.5,0.525,0.55,0.575,0.6,0.625,0.65,0.675,0.7,0.725,0.75,0.775,0.8,0.825,0.85,0.875,0.9,0.925,0.95,0.975,1.0]",30309e2f1bb861094407cdc8ce1b9614982d8fbe05f47d073f1ec5d9fba34357
328,7,7,7,0.8,0,50,50,41,"[0.0,0.025,0.05,0.075,0.1,0.125,0.15,0.175,0.2,0.225,0.25,0.275,0.3,0.325,0.35,0.375,0.4,0.425,0.45,0.475,0.5,0.525,0.55,0.575,0.6,0.625,0.65,0.675,0.7,0.725,0.75,0.775,0.8,0.825,0.85,0.875,0.9,0.925,0.95,0.975,1.0]",f1ca5b0eaf323a25f6eb16d70590110491039ff570c97a1b0483a5f471420681
329,7,7,7,0.8,50,100,50,41,"[0.0,0.025,0.05,0.075,0.1,0.125,0.15,0.175,0.2,0.225,0.25,0.275,0.3,0.325,0.35,0.375,0.4,0.425,0.45,0.475,0.5,0.525,0.55,0.575,0.6,0.625,0.65,0.675,0.7,0.725,0.75,0.775,0.8,0.825,0.85,0.875,0.9,0.925,0.95,0.975,1.0]",f1ca5b0eaf323a25f6eb16d70590110491039ff570c97a1b0483a5f471420681
330,7,7,7,0.8,100,150,50,41,"[0.0,0.025,0.05,0.075,0.1,0.125,0.15,0.175,0.2,0.225,0.25,0.275,0.3,0.325,0.35,0.375,0.4,0.425,0.45,0.475,0.5,0.525,0.55,0.575,0.6,0.625,0.65,0.675,0.7,0.725,0.75,0.775,0.8,0.825,0.85,0.875,0.9,0.925,0.95,0.975,1.0]",f1ca5b0eaf323a25f6eb16d70590110491039ff570c97a1b0483a5f471420681
331,7,7,7,0.8,150,200,50,41,"[0.0,0.025,0.05,0.075,0.1,0.125,0.15,0.175,0.2,0.225,0.25,0.275,0.3,0.325,0.35,0.375,0.4,0.425,0.45,0.475,0.5,0.525,0.55,0.575,0.6,0.625,0.65,0.675,0.7,0.725,0.75,0.775,0.8,0.825,0.85,0.875,0.9,0.925,0.95,0.975,1.0]",f1ca5b0eaf323a25f6eb16d70590110491039ff570c97a1b0483a5f471420681
332,7,7,7,0.9,0,50,50,41,"[0.0,0.025,0.05,0.075,0.1,0.125,0.15,0.175,0.2,0.225,0.25,0.275,0.3,0.325,0.35,0.375,0.4,0.425,0.45,0.475,0.5,0.525,0.55,0.575,0.6,0.625,0.65,0.675,0.7,0.725,0.75,0.775,0.8,0.825,0.85,0.875,0.9,0.925,0.95,0.975,1.0]",e33a3ba474507b9d090ede20ca1ce1432fe90da983fe51287d31bebba87d050e
333,7,7,7,0.9,50,100,50,41,"[0.0,0.025,0.05,0.075,0.1,0.125,0.15,0.175,0.2,0.225,0.25,0.275,0.3,0.325,0.35,0.375,0.4,0.425,0.45,0.475,0.5,0.525,0.55,0.575,0.6,0.625,0.65,0.675,0.7,0.725,0.75,0.775,0.8,0.825,0.85,0.875,0.9,0.925,0.95,0.975,1.0]",e33a3ba474507b9d090ede20ca1ce1432fe90da983fe51287d31bebba87d050e
334,7,7,7,0.9,100,150,50,41,"[0.0,0.025,0.05,0.075,0.1,0.125,0.15,0.175,0.2,0.225,0.25,0.275,0.3,0.325,0.35,0.375,0.4,0.425,0.45,0.475,0.5,0.525,0.55,0.575,0.6,0.625,0.65,0.675,0.7,0.725,0.75,0.775,0.8,0.825,0.85,0.875,0.9,0.925,0.95,0.975,1.0]",e33a3ba474507b9d090ede20ca1ce1432fe90da983fe51287d31bebba87d050e
335,7,7,7,0.9,150,200,50,41,"[0.0,0.025,0.05,0.075,0.1,0.125,0.15,0.175,0.2,0.225,0.25,0.275,0.3,0.325,0.35,0.375,0.4,0.425,0.45,0.475,0.5,0.525,0.55,0.575,0.6,0.625,0.65,0.675,0.7,0.725,0.75,0.775,0.8,0.825,0.85,0.875,0.9,0.925,0.95,0.975,1.0]",e33a3ba474507b9d090ede20ca1ce1432fe90da983fe51287d31bebba87d050e
336,7,7,7,1.0,0,50,50,41,"[0.0,0.025,0.05,0.075,0.1,0.125,0.15,0.175,0.2,0.225,0.25,0.275,0.3,0.325,0.35,0.375,0.4,0.425,0.45,0.475,0.5,0.525,0.55,0.575,0.6,0.625,0.65,0.675,0.7,0.725,0.75,0.775,0.8,0.825,0.85,0.875,0.9,0.925,0.95,0.975,1.0]",da725174978305e9f1566556a425f5ba49e6f0a43c8250c40415329be0d96192
337,7,7,7,1.0,50,100,50,41,"[0.0,0.025,0.05,0.075,0.1,0.125,0.15,0.175,0.2,0.225,0.25,0.275,0.3,0.325,0.35,0.375,0.4,0.425,0.45,0.475,0.5,0.525,0.55,0.575,0.6,0.625,0.65,0.675,0.7,0.725,0.75,0.775,0.8,0.825,0.85,0.875,0.9,0.925,0.95,0.975,1.0]",da725174978305e9f1566556a425f5ba49e6f0a43c8250c40415329be0d96192
338,7,7,7,1.0,100,150,50,41,"[0.0,0.025,0.05,0.075,0.1,0.125,0.15,0.175,0.2,0.225,0.25,0.275,0.3,0.325,0.35,0.375,0.4,0.425,0.45,0.475,0.5,0.525,0.55,0.575,0.6,0.625,0.65,0.675,0.7,0.725,0.75,0.775,0.8,0.825,0.85,0.875,0.9,0.925,0.95,0.975,1.0]",da725174978305e9f1566556a425f5ba49e6f0a43c8250c40415329be0d96192
339,7,7,7,1.0,150,200,50,41,"[0.0,0.025,0.05,0.075,0.1,0.125,0.15,0.175,0.2,0.225,0.25,0.275,0.3,0.325,0.35,0.375,0.4,0.425,0.45,0.475,0.5,0.525,0.55,0.575,0.6,0.625,0.65,0.675,0.7,0.725,0.75,0.775,0.8,0.825,0.85,0.875,0.9,0.925,0.95,0.975,1.0]",da725174978305e9f1566556a425f5ba49e6f0a43c8250c40415329be0d96192
340,7,7,7,1.1,0,50,50,41,"[0.0,0.025,0.05,0.075,0.1,0.125,0.15,0.175,0.2,0.225,0.25,0.275,0.3,0.325,0.35,0.375,0.4,0.425,0.45,0.475,0.5,0.525,0.55,0.575,0.6,0.625,0.65,0.675,0.7,0.725,0.75,0.775,0.8,0.825,0.85,0.875,0.9,0.925,0.95,0.975,1.0]",57e11cdd167bad001d822de0590770532e3fd0e4437fe61f2607bcea6b056c22
341,7,7,7,1.1,50,100,50,41,"[0.0,0.025,0.05,0.075,0.1,0.125,0.15,0.175,0.2,0.225,0.25,0.275,0.3,0.325,0.35,0.375,0.4,0.425,0.45,0.475,0.5,0.525,0.55,0.575,0.6,0.625,0.65,0.675,0.7,0.725,0.75,0.775,0.8,0.825,0.85,0.875,0.9,0.925,0.95,0.975,1.0]",57e11cdd167bad001d822de0590770532e3fd0e4437fe61f2607bcea6b056c22
342,7,7,7,1.1,100,150,50,41,"[0.0,0.025,0.05,0.075,0.1,0.125,0.15,0.175,0.2,0.225,0.25,0.275,0.3,0.325,0.35,0.375,0.4,0.425,0.45,0.475,0.5,0.525,0.55,0.575,0.6,0.625,0.65,0.675,0.7,0.725,0.75,0.775,0.8,0.825,0.85,0.875,0.9,0.925,0.95,0.975,1.0]",57e11cdd167bad001d822de0590770532e3fd0e4437fe61f2607bcea6b056c22
343,7,7,7,1.1,150,200,50,41,"[0.0,0.025,0.05,0.075,0.1,0.125,0.15,0.175,0.2,0.225,0.25,0.275,0.3,0.325,0.35,0.375,0.4,0.425,0.45,0.475,0.5,0.525,0.55,0.575,0.6,0.625,0.65,0.675,0.7,0.725,0.75,0.775,0.8,0.825,0.85,0.875,0.9,0.925,0.95,0.975,1.0]",57e11cdd167bad001d822de0590770532e3fd0e4437fe61f2607bcea6b056c22
344,7,7,7,1.2,0,50,50,41,"[0.0,0.025,0.05,0.075,0.1,0.125,0.15,0.175,0.2,0.225,0.25,0.275,0.3,0.325,0.35,0.375,0.4,0.425,0.45,0.475,0.5,0.525,0.55,0.575,0.6,0.625,0.65,0.675,0.7,0.725,0.75,0.775,0.8,0.825,0.85,0.875,0.9,0.925,0.95,0.975,1.0]",83cbccf2d91cfbe1aacfd77b9fca08f7c34fbc75d86ac22920319db025a0c108
345,7,7,7,1.2,50,100,50,41,"[0.0,0.025,0.05,0.075,0.1,0.125,0.15,0.175,0.2,0.225,0.25,0.275,0.3,0.325,0.35,0.375,0.4,0.425,0.45,0.475,0.5,0.525,0.55,0.575,0.6,0.625,0.65,0.675,0.7,0.725,0.75,0.775,0.8,0.825,0.85,0.875,0.9,0.925,0.95,0.975,1.0]",83cbccf2d91cfbe1aacfd77b9fca08f7c34fbc75d86ac22920319db025a0c108
346,7,7,7,1.2,100,150,50,41,"[0.0,0.025,0.05,0.075,0.1,0.125,0.15,0.175,0.2,0.225,0.25,0.275,0.3,0.325,0.35,0.375,0.4,0.425,0.45,0.475,0.5,0.525,0.55,0.575,0.6,0.625,0.65,0.675,0.7,0.725,0.75,0.775,0.8,0.825,0.85,0.875,0.9,0.925,0.95,0.975,1.0]",83cbccf2d91cfbe1aacfd77b9fca08f7c34fbc75d86ac22920319db025a0c108
347,7,7,7,1.2,150,200,50,41,"[0.0,0.025,0.05,0.075,0.1,0.125,0.15,0.175,0.2,0.225,0.25,0.275,0.3,0.325,0.35,0.375,0.4,0.425,0.45,0.475,0.5,0.525,0.55,0.575,0.6,0.625,0.65,0.675,0.7,0.725,0.75,0.775,0.8,0.825,0.85,0.875,0.9,0.925,0.95,0.975,1.0]",83cbccf2d91cfbe1aacfd77b9fca08f7c34fbc75d86ac22920319db025a0c108
348,7,7,7,1.3,0,50,50,41,"[0.0,0.025,0.05,0.075,0.1,0.125,0.15,0.175,0.2,0.225,0.25,0.275,0.3,0.325,0.35,0.375,0.4,0.425,0.45,0.475,0.5,0.525,0.55,0.575,0.6,0.625,0.65,0.675,0.7,0.725,0.75,0.775,0.8,0.825,0.85,0.875,0.9,0.925,0.95,0.975,1.0]",cd27ef3bee01c029ee58df2e4c65e8e54d5d3d384b2b1b43d9285d050629e7f5
349,7,7,7,1.3,50,100,50,41,"[0.0,0.025,0.05,0.075,0.1,0.125,0.15,0.175,0.2,0.225,0.25,0.275,0.3,0.325,0.35,0.375,0.4,0.425,0.45,0.475,0.5,0.525,0.55,0.575,0.6,0.625,0.65,0.675,0.7,0.725,0.75,0.775,0.8,0.825,0.85,0.875,0.9,0.925,0.95,0.975,1.0]",cd27ef3bee01c029ee58df2e4c65e8e54d5d3d384b2b1b43d9285d050629e7f5
350,7,7,7,1.3,100,150,50,41,"[0.0,0.025,0.05,0.075,0.1,0.125,0.15,0.175,0.2,0.225,0.25,0.275,0.3,0.325,0.35,0.375,0.4,0.425,0.45,0.475,0.5,0.525,0.55,0.575,0.6,0.625,0.65,0.675,0.7,0.725,0.75,0.775,0.8,0.825,0.85,0.875,0.9,0.925,0.95,0.975,1.0]",cd27ef3bee01c029ee58df2e4c65e8e54d5d3d384b2b1b43d9285d050629e7f5
351,7,7,7,1.3,150,200,50,41,"[0.0,0.025,0.05,0.075,0.1,0.125,0.15,0.175,0.2,0.225,0.25,0.275,0.3,0.325,0.35,0.375,0.4,0.425,0.45,0.475,0.5,0.525,0.55,0.575,0.6,0.625,0.65,0.675,0.7,0.725,0.75,0.775,0.8,0.825,0.85,0.875,0.9,0.925,0.95,0.975,1.0]",cd27ef3bee01c029ee58df2e4c65e8e54d5d3d384b2b1b43d9285d050629e7f5
352,7,7,7,1.4,0,50,50,41,"[0.0,0.025,0.05,0.075,0.1,0.125,0.15,0.175,0.2,0.225,0.25,0.275,0.3,0.325,0.35,0.375,0.4,0.425,0.45,0.475,0.5,0.525,0.55,0.575,0.6,0.625,0.65,0.675,0.7,0.725,0.75,0.775,0.8,0.825,0.85,0.875,0.9,0.925,0.95,0.975,1.0]",270038c5c04ced34e194368e9aae2ef9768e90ab9af3bdae5fca00f36a1def64
353,7,7,7,1.4,50,100,50,41,"[0.0,0.025,0.05,0.075,0.1,0.125,0.15,0.175,0.2,0.225,0.25,0.275,0.3,0.325,0.35,0.375,0.4,0.425,0.45,0.475,0.5,0.525,0.55,0.575,0.6,0.625,0.65,0.675,0.7,0.725,0.75,0.775,0.8,0.825,0.85,0.875,0.9,0.925,0.95,0.975,1.0]",270038c5c04ced34e194368e9aae2ef9768e90ab9af3bdae5fca00f36a1def64
354,7,7,7,1.4,100,150,50,41,"[0.0,0.025,0.05,0.075,0.1,0.125,0.15,0.175,0.2,0.225,0.25,0.275,0.3,0.325,0.35,0.375,0.4,0.425,0.45,0.475,0.5,0.525,0.55,0.575,0.6,0.625,0.65,0.675,0.7,0.725,0.75,0.775,0.8,0.825,0.85,0.875,0.9,0.925,0.95,0.975,1.0]",270038c5c04ced34e194368e9aae2ef9768e90ab9af3bdae5fca00f36a1def64
355,7,7,7,1.4,150,200,50,41,"[0.0,0.025,0.05,0.075,0.1,0.125,0.15,0.175,0.2,0.225,0.25,0.275,0.3,0.325,0.35,0.375,0.4,0.425,0.45,0.475,0.5,0.525,0.55,0.575,0.6,0.625,0.65,0.675,0.7,0.725,0.75,0.775,0.8,0.825,0.85,0.875,0.9,0.925,0.95,0.975,1.0]",270038c5c04ced34e194368e9aae2ef9768e90ab9af3bdae5fca00f36a1def64
356,7,7,7,1.5,0,50,50,41,"[0.0,0.025,0.05,0.075,0.1,0.125,0.15,0.175,0.2,0.225,0.25,0.275,0.3,0.325,0.35,0.375,0.4,0.425,0.45,0.475,0.5,0.525,0.55,0.575,0.6,0.625,0.65,0.675,0.7,0.725,0.75,0.775,0.8,0.825,0.85,0.875,0.9,0.925,0.95,0.975,1.0]",b32b72ecb1f55f5efc45686311b6ec005657335bcad4d19c07a0045cb92af25f
357,7,7,7,1.5,50,100,50,41,"[0.0,0.025,0.05,0.075,0.1,0.125,0.15,0.175,0.2,0.225,0.25,0.275,0.3,0.325,0.35,0.375,0.4,0.425,0.45,0.475,0.5,0.525,0.55,0.575,0.6,0.625,0.65,0.675,0.7,0.725,0.75,0.775,0.8,0.825,0.85,0.875,0.9,0.925,0.95,0.975,1.0]",b32b72ecb1f55f5efc45686311b6ec005657335bcad4d19c07a0045cb92af25f
358,7,7,7,1.5,100,150,50,41,"[0.0,0.025,0.05,0.075,0.1,0.125,0.15,0.175,0.2,0.225,0.25,0.275,0.3,0.325,0.35,0.375,0.4,0.425,0.45,0.475,0.5,0.525,0.55,0.575,0.6,0.625,0.65,0.675,0.7,0.725,0.75,0.775,0.8,0.825,0.85,0.875,0.9,0.925,0.95,0.975,1.0]",b32b72ecb1f55f5efc45686311b6ec005657335bcad4d19c07a0045cb92af25f
359,7,7,7,1.5,150,200,50,41,"[0.0,0.025,0.05,0.075,0.1,0.125,0.15,0.175,0.2,0.225,0.25,0.275,0.3,0.325,0.35,0.375,0.4,0.425,0.45,0.475,0.5,0.525,0.55,0.575,0.6,0.625,0.65,0.675,0.7,0.725,0.75,0.775,0.8,0.825,0.85,0.875,0.9,0.925,0.95,0.975,1.0]",b32b72ecb1f55f5efc45686311b6ec005657335bcad4d19c07a0045cb92af25f
360,7,7,7,1.6,0,50,50,41,"[0.0,0.025,0.05,0.075,0.1,0.125,0.15,0.175,0.2,0.225,0.25,0.275,0.3,0.325,0.35,0.375,0.4,0.425,0.45,0.475,0.5,0.525,0.55,0.575,0.6,0.625,0.65,0.675,0.7,0.725,0.75,0.775,0.8,0.825,0.85,0.875,0.9,0.925,0.95,0.975,1.0]",29c88cb8d2fe4cea58035232e2e3e5819d3e3ed1e4eb63d93f622bb348575e8a
361,7,7,7,1.6,50,100,50,41,"[0.0,0.025,0.05,0.075,0.1,0.125,0.15,0.175,0.2,0.225,0.25,0.275,0.3,0.325,0.35,0.375,0.4,0.425,0.45,0.475,0.5,0.525,0.55,0.575,0.6,0.625,0.65,0.675,0.7,0.725,0.75,0.775,0.8,0.825,0.85,0.875,0.9,0.925,0.95,0.975,1.0]",29c88cb8d2fe4cea58035232e2e3e5819d3e3ed1e4eb63d93f622bb348575e8a
362,7,7,7,1.6,100,150,50,41,"[0.0,0.025,0.05,0.075,0.1,0.125,0.15,0.175,0.2,0.225,0.25,0.275,0.3,0.325,0.35,0.375,0.4,0.425,0.45,0.475,0.5,0.525,0.55,0.575,0.6,0.625,0.65,0.675,0.7,0.725,0.75,0.775,0.8,0.825,0.85,0.875,0.9,0.925,0.95,0.975,1.0]",29c88cb8d2fe4cea58035232e2e3e5819d3e3ed1e4eb63d93f622bb348575e8a
363,7,7,7,1.6,150,200,50,41,"[0.0,0.025,0.05,0.075,0.1,0.125,0.15,0.175,0.2,0.225,0.25,0.275,0.3,0.325,0.35,0.375,0.4,0.425,0.45,0.475,0.5,0.525,0.55,0.575,0.6,0.625,0.65,0.675,0.7,0.725,0.75,0.775,0.8,0.825,0.85,0.875,0.9,0.925,0.95,0.975,1.0]",29c88cb8d2fe4cea58035232e2e3e5819d3e3ed1e4eb63d93f622bb348575e8a
364,7,7,7,1.7,0,50,50,41,"[0.0,0.025,0.05,0.075,0.1,0.125,0.15,0.175,0.2,0.225,0.25,0.275,0.3,0.325,0.35,0.375,0.4,0.425,0.45,0.475,0.5,0.525,0.55,0.575,0.6,0.625,0.65,0.675,0.7,0.725,0.75,0.775,0.8,0.825,0.85,0.875,0.9,0.925,0.95,0.975,1.0]",3f6e06f7103576613f8115a3e15e387e9759e058eb405e1f0609a5498ac17aab
365,7,7,7,1.7,50,100,50,41,"[0.0,0.025,0.05,0.075,0.1,0.125,0.15,0.175,0.2,0.225,0.25,0.275,0.3,0.325,0.35,0.375,0.4,0.425,0.45,0.475,0.5,0.525,0.55,0.575,0.6,0.625,0.65,0.675,0.7,0.725,0.75,0.775,0.8,0.825,0.85,0.875,0.9,0.925,0.95,0.975,1.0]",3f6e06f7103576613f8115a3e15e387e9759e058eb405e1f0609a5498ac17aab
366,7,7,7,1.7,100,150,50,41,"[0.0,0.025,0.05,0.075,0.1,0.125,0.15,0.175,0.2,0.225,0.25,0.275,0.3,0.325,0.35,0.375,0.4,0.425,0.45,0.475,0.5,0.525,0.55,0.575,0.6,0.625,0.65,0.675,0.7,0.725,0.75,0.775,0.8,0.825,0.85,0.875,0.9,0.925,0.95,0.975,1.0]",3f6e06f7103576613f8115a3e15e387e9759e058eb405e1f0609a5498ac17aab
367,7,7,7,1.7,150,200,50,41,"[0.0,0.025,0.05,0.075,0.1,0.125,0.15,0.175,0.2,0.225,0.25,0.275,0.3,0.325,0.35,0.375,0.4,0.425,0.45,0.475,0.5,0.525,0.55,0.575,0.6,0.625,0.65,0.675,0.7,0.725,0.75,0.775,0.8,0.825,0.85,0.875,0.9,0.925,0.95,0.975,1.0]",3f6e06f7103576613f8115a3e15e387e9759e058eb405e1f0609a5498ac17aab
368,7,7,7,1.8,0,50,50,41,"[0.0,0.025,0.05,0.075,0.1,0.125,0.15,0.175,0.2,0.225,0.25,0.275,0.3,0.325,0.35,0.375,0.4,0.425,0.45,0.475,0.5,0.525,0.55,0.575,0.6,0.625,0.65,0.675,0.7,0.725,0.75,0.775,0.8,0.825,0.85,0.875,0.9,0.925,0.95,0.975,1.0]",0b3df571fedabe4e92beb98796cd882889e865e7d582cabac34b078e51b3a975
369,7,7,7,1.8,50,100,50,41,"[0.0,0.025,0.05,0.075,0.1,0.125,0.15,0.175,0.2,0.225,0.25,0.275,0.3,0.325,0.35,0.375,0.4,0.425,0.45,0.475,0.5,0.525,0.55,0.575,0.6,0.625,0.65,0.675,0.7,0.725,0.75,0.775,0.8,0.825,0.85,0.875,0.9,0.925,0.95,0.975,1.0]",0b3df571fedabe4e92beb98796cd882889e865e7d582cabac34b078e51b3a975
370,7,7,7,1.8,100,150,50,41,"[0.0,0.025,0.05,0.075,0.1,0.125,0.15,0.175,0.2,0.225,0.25,0.275,0.3,0.325,0.35,0.375,0.4,0.425,0.45,0.475,0.5,0.525,0.55,0.575,0.6,0.625,0.65,0.675,0.7,0.725,0.75,0.775,0.8,0.825,0.85,0.875,0.9,0.925,0.95,0.975,1.0]",0b3df571fedabe4e92beb98796cd882889e865e7d582cabac34b078e51b3a975
371,7,7,7,1.8,150,200,50,41,"[0.0,0.025,0.05,0.075,0.1,0.125,0.15,0.175,0.2,0.225,0.25,0.275,0.3,0.325,0.35,0.375,0.4,0.425,0.45,0.475,0.5,0.525,0.55,0.575,0.6,0.625,0.65,0.675,0.7,0.725,0.75,0.775,0.8,0.825,0.85,0.875,0.9,0.925,0.95,0.975,1.0]",0b3df571fedabe4e92beb98796cd882889e865e7d582cabac34b078e51b3a975
372,7,7,7,1.9,0,50,50,41,"[0.0,0.025,0.05,0.075,0.1,0.125,0.15,0.175,0.2,0.225,0.25,0.275,0.3,0.325,0.35,0.375,0.4,0.425,0.45,0.475,0.5,0.525,0.55,0.575,0.6,0.625,0.65,0.675,0.7,0.725,0.75,0.775,0.8,0.825,0.85,0.875,0.9,0.925,0.95,0.975,1.0]",30025e22af8f8c2623932e91463ce4359f740373a2512c51be9bd8a0e8f63b1c
373,7,7,7,1.9,50,100,50,41,"[0.0,0.025,0.05,0.075,0.1,0.125,0.15,0.175,0.2,0.225,0.25,0.275,0.3,0.325,0.35,0.375,0.4,0.425,0.45,0.475,0.5,0.525,0.55,0.575,0.6,0.625,0.65,0.675,0.7,0.725,0.75,0.775,0.8,0.825,0.85,0.875,0.9,0.925,0.95,0.975,1.0]",30025e22af8f8c2623932e91463ce4359f740373a2512c51be9bd8a0e8f63b1c
374,7,7,7,1.9,100,150,50,41,"[0.0,0.025,0.05,0.075,0.1,0.125,0.15,0.175,0.2,0.225,0.25,0.275,0.3,0.325,0.35,0.375,0.4,0.425,0.45,0.475,0.5,0.525,0.55,0.575,0.6,0.625,0.65,0.675,0.7,0.725,0.75,0.775,0.8,0.825,0.85,0.875,0.9,0.925,0.95,0.975,1.0]",30025e22af8f8c2623932e91463ce4359f740373a2512c51be9bd8a0e8f63b1c
375,7,7,7,1.9,150,200,50,41,"[0.0,0.025,0.05,0.075,0.1,0.125,0.15,0.175,0.2,0.225,0.25,0.275,0.3,0.325,0.35,0.375,0.4,0.425,0.45,0.475,0.5,0.525,0.55,0.575,0.6,0.625,0.65,0.675,0.7,0.725,0.75,0.775,0.8,0.825,0.85,0.875,0.9,0.925,0.95,0.975,1.0]",30025e22af8f8c2623932e91463ce4359f740373a2512c51be9bd8a0e8f63b1c
376,7,7,7,2.0,0,50,50,41,"[0.0,0.025,0.05,0.075,0.1,0.125,0.15,0.175,0.2,0.225,0.25,0.275,0.3,0.325,0.35,0.375,0.4,0.425,0.45,0.475,0.5,0.525,0.55,0.575,0.6,0.625,0.65,0.675,0.7,0.725,0.75,0.775,0.8,0.825,0.85,0.875,0.9,0.925,0.95,0.975,1.0]",1be9167ad0a68a82d1809795305f8e6882399b72ae95a80e2edaf66fa65c6bd3
377,7,7,7,2.0,50,100,50,41,"[0.0,0.025,0.05,0.075,0.1,0.125,0.15,0.175,0.2,0.225,0.25,0.275,0.3,0.325,0.35,0.375,0.4,0.425,0.45,0.475,0.5,0.525,0.55,0.575,0.6,0.625,0.65,0.675,0.7,0.725,0.75,0.775,0.8,0.825,0.85,0.875,0.9,0.925,0.95,0.975,1.0]",1be9167ad0a68a82d1809795305f8e6882399b72ae95a80e2edaf66fa65c6bd3
378,7,7,7,2.0,100,150,50,41,"[0.0,0.025,0.05,0.075,0.1,0.125,0.15,0.175,0.2,0.225,0.25,0.275,0.3,0.325,0.35,0.375,0.4,0.425,0.45,0.475,0.5,0.525,0.55,0.575,0.6,0.625,0.65,0.675,0.7,0.725,0.75,0.775,0.8,0.825,0.85,0.875,0.9,0.925,0.95,0.975,1.0]",1be9167ad0a68a82d1809795305f8e6882399b72ae95a80e2edaf66fa65c6bd3
379,7,7,7,2.0,150,200,50,41,"[0.0,0.025,0.05,0.075,0.1,0.125,0.15,0.175,0.2,0.225,0.25,0.275,0.3,0.325,0.35,0.375,0.4,0.425,0.45,0.475,0.5,0.525,0.55,0.575,0.6,0.625,0.65,0.675,0.7,0.725,0.75,0.775,0.8,0.825,0.85,0.875,0.9,0.925,0.95,0.975,1.0]",1be9167ad0a68a82d1809795305f8e6882399b72ae95a80e2edaf66fa65c6bd3
380,7,7,7,2.1,0,50,50,41,"[0.0,0.025,0.05,0.075,0.1,0.125,0.15,0.175,0.2,0.225,0.25,0.275,0.3,0.325,0.35,0.375,0.4,0.425,0.45,0.475,0.5,0.525,0.55,0.575,0.6,0.625,0.65,0.675,0.7,0.725,0.75,0.775,0.8,0.825,0.85,0.875,0.9,0.925,0.95,0.975,1.0]",649965326b66d87a771d13809ea83ea9d0a7188faf44bf0756b78a6055fea674
381,7,7,7,2.1,50,100,50,41,"[0.0,0.025,0.05,0.075,0.1,0.125,0.15,0.175,0.2,0.225,0.25,0.275,0.3,0.325,0.35,0.375,0.4,0.425,0.45,0.475,0.5,0.525,0.55,0.575,0.6,0.625,0.65,0.675,0.7,0.725,0.75,0.775,0.8,0.825,0.85,0.875,0.9,0.925,0.95,0.975,1.0]",649965326b66d87a771d13809ea83ea9d0a7188faf44bf0756b78a6055fea674
382,7,7,7,2.1,100,150,50,41,"[0.0,0.025,0.05,0.075,0.1,0.125,0.15,0.175,0.2,0.225,0.25,0.275,0.3,0.325,0.35,0.375,0.4,0.425,0.45,0.475,0.5,0.525,0.55,0.575,0.6,0.625,0.65,0.675,0.7,0.725,0.75,0.775,0.8,0.825,0.85,0.875,0.9,0.925,0.95,0.975,1.0]",649965326b66d87a771d13809ea83ea9d0a7188faf44bf0756b78a6055fea674
383,7,7,7,2.1,150,200,50,41,"[0.0,0.025,0.05,0.075,0.1,0.125,0.15,0.175,0.2,0.225,0.25,0.275,0.3,0.325,0.35,0.375,0.4,0.425,0.45,0.475,0.5,0.525,0.55,0.575,0.6,0.625,0.65,0.675,0.7,0.725,0.75,0.775,0.8,0.825,0.85,0.875,0.9,0.925,0.95,0.975,1.0]",649965326b66d87a771d13809ea83ea9d0a7188faf44bf0756b78a6055fea674
384,7,7,7,2.2,0,50,50,41,"[0.0,0.025,0.05,0.075,0.1,0.125,0.15,0.175,0.2,0.225,0.25,0.275,0.3,0.325,0.35,0.375,0.4,0.425,0.45,0.475,0.5,0.525,0.55,0.575,0.6,0.625,0.65,0.675,0.7,0.725,0.75,0.775,0.8,0.825,0.85,0.875,0.9,0.925,0.95,0.975,1.0]",726eb4f774ff677874613854258df23c8a8e7a60bece28b8b49b5bf8f9b4198a
385,7,7,7,2.2,50,100,50,41,"[0.0,0.025,0.05,0.075,0.1,0.125,0.15,0.175,0.2,0.225,0.25,0.275,0.3,0.325,0.35,0.375,0.4,0.425,0.45,0.475,0.5,0.525,0.55,0.575,0.6,0.625,0.65,0.675,0.7,0.725,0.75,0.775,0.8,0.825,0.85,0.875,0.9,0.925,0.95,0.975,1.0]",726eb4f774ff677874613854258df23c8a8e7a60bece28b8b49b5bf8f9b4198a
386,7,7,7,2.2,100,150,50,41,"[0.0,0.025,0.05,0.075,0.1,0.125,0.15,0.175,0.2,0.225,0.25,0.275,0.3,0.325,0.35,0.375,0.4,0.425,0.45,0.475,0.5,0.525,0.55,0.575,0.6,0.625,0.65,0.675,0.7,0.725,0.75,0.775,0.8,0.825,0.85,0.875,0.9,0.925,0.95,0.975,1.0]",726eb4f774ff677874613854258df23c8a8e7a60bece28b8b49b5bf8f9b4198a
387,7,7,7,2.2,150,200,50,41,"[0.0,0.025,0.05,0.075,0.1,0.125,0.15,0.175,0.2,0.225,0.25,0.275,0.3,0.325,0.35,0.375,0.4,0.425,0.45,0.475,0.5,0.525,0.55,0.575,0.6,0.625,0.65,0.675,0.7,0.725,0.75,0.775,0.8,0.825,0.85,0.875,0.9,0.925,0.95,0.975,1.0]",726eb4f774ff677874613854258df23c8a8e7a60bece28b8b49b5bf8f9b4198a
388,7,7,7,2.3,0,50,50,41,"[0.0,0.025,0.05,0.075,0.1,0.125,0.15,0.175,0.2,0.225,0.25,0.275,0.3,0.325,0.35,0.375,0.4,0.425,0.45,0.475,0.5,0.525,0.55,0.575,0.6,0.625,0.65,0.675,0.7,0.725,0.75,0.775,0.8,0.825,0.85,0.875,0.9,0.925,0.95,0.975,1.0]",91c73b6536002d9ceb87fd33566061de47920d437dd20a34d70bcc5f95714148
389,7,7,7,2.3,50,100,50,41,"[0.0,0.025,0.05,0.075,0.1,0.125,0.15,0.175,0.2,0.225,0.25,0.275,0.3,0.325,0.35,0.375,0.4,0.425,0.45,0.475,0.5,0.525,0.55,0.575,0.6,0.625,0.65,0.675,0.7,0.725,0.75,0.775,0.8,0.825,0.85,0.875,0.9,0.925,0.95,0.975,1.0]",91c73b6536002d9ceb87fd33566061de47920d437dd20a34d70bcc5f95714148
390,7,7,7,2.3,100,150,50,41,"[0.0,0.025,0.05,0.075,0.1,0.125,0.15,0.175,0.2,0.225,0.25,0.275,0.3,0.325,0.35,0.375,0.4,0.425,0.45,0.475,0.5,0.525,0.55,0.575,0.6,0.625,0.65,0.675,0.7,0.725,0.75,0.775,0.8,0.825,0.85,0.875,0.9,0.925,0.95,0.975,1.0]",91c73b6536002d9ceb87fd33566061de47920d437dd20a34d70bcc5f95714148
391,7,7,7,2.3,150,200,50,41,"[0.0,0.025,0.05,0.075,0.1,0.125,0.15,0.175,0.2,0.225,0.25,0.275,0.3,0.325,0.35,0.375,0.4,0.425,0.45,0.475,0.5,0.525,0.55,0.575,0.6,0.625,0.65,0.675,0.7,0.725,0.75,0.775,0.8,0.825,0.85,0.875,0.9,0.925,0.95,0.975,1.0]",91c73b6536002d9ceb87fd33566061de47920d437dd20a34d70bcc5f95714148
392,7,7,7,2.4,0,50,50,41,"[0.0,0.025,0.05,0.075,0.1,0.125,0.15,0.175,0.2,0.225,0.25,0.275,0.3,0.325,0.35,0.375,0.4,0.425,0.45,0.475,0.5,0.525,0.55,0.575,0.6,0.625,0.65,0.675,0.7,0.725,0.75,0.775,0.8,0.825,0.85,0.875,0.9,0.925,0.95,0.975,1.0]",a3af815c43a2dbb7418baa22fe48115469bab8cc0f5f67c94ccb03cebb7a140f
393,7,7,7,2.4,50,100,50,41,"[0.0,0.025,0.05,0.075,0.1,0.125,0.15,0.175,0.2,0.225,0.25,0.275,0.3,0.325,0.35,0.375,0.4,0.425,0.45,0.475,0.5,0.525,0.55,0.575,0.6,0.625,0.65,0.675,0.7,0.725,0.75,0.775,0.8,0.825,0.85,0.875,0.9,0.925,0.95,0.975,1.0]",a3af815c43a2dbb7418baa22fe48115469bab8cc0f5f67c94ccb03cebb7a140f
394,7,7,7,2.4,100,150,50,41,"[0.0,0.025,0.05,0.075,0.1,0.125,0.15,0.175,0.2,0.225,0.25,0.275,0.3,0.325,0.35,0.375,0.4,0.425,0.45,0.475,0.5,0.525,0.55,0.575,0.6,0.625,0.65,0.675,0.7,0.725,0.75,0.775,0.8,0.825,0.85,0.875,0.9,0.925,0.95,0.975,1.0]",a3af815c43a2dbb7418baa22fe48115469bab8cc0f5f67c94ccb03cebb7a140f
395,7,7,7,2.4,150,200,50,41,"[0.0,0.025,0.05,0.075,0.1,0.125,0.15,0.175,0.2,0.225,0.25,0.275,0.3,0.325,0.35,0.375,0.4,0.425,0.45,0.475,0.5,0.525,0.55,0.575,0.6,0.625,0.65,0.675,0.7,0.725,0.75,0.775,0.8,0.825,0.85,0.875,0.9,0.925,0.95,0.975,1.0]",a3af815c43a2dbb7418baa22fe48115469bab8cc0f5f67c94ccb03cebb7a140f
396,7,7,7,2.5,0,50,50,41,"[0.0,0.025,0.05,0.075,0.1,0.125,0.15,0.175,0.2,0.225,0.25,0.275,0.3,0.325,0.35,0.375,0.4,0.425,0.45,0.475,0.5,0.525,0.55,0.575,0.6,0.625,0.65,0.675,0.7,0.725,0.75,0.775,0.8,0.825,0.85,0.875,0.9,0.925,0.95,0.975,1.0]",0f5e8fbf64e005b4cebeabd2a2f17348ef382d01811ccd8998c690a31af22e97
397,7,7,7,2.5,50,100,50,41,"[0.0,0.025,0.05,0.075,0.1,0.125,0.15,0.175,0.2,0.225,0.25,0.275,0.3,0.325,0.35,0.375,0.4,0.425,0.45,0.475,0.5,0.525,0.55,0.575,0.6,0.625,0.65,0.675,0.7,0.725,0.75,0.775,0.8,0.825,0.85,0.875,0.9,0.925,0.95,0.975,1.0]",0f5e8fbf64e005b4cebeabd2a2f17348ef382d01811ccd8998c690a31af22e97
398,7,7,7,2.5,100,150,50,41,"[0.0,0.025,0.05,0.075,0.1,0.125,0.15,0.175,0.2,0.225,0.25,0.275,0.3,0.325,0.35,0.375,0.4,0.425,0.45,0.475,0.5,0.525,0.55,0.575,0.6,0.625,0.65,0.675,0.7,0.725,0.75,0.775,0.8,0.825,0.85,0.875,0.9,0.925,0.95,0.975,1.0]",0f5e8fbf64e005b4cebeabd2a2f17348ef382d01811ccd8998c690a31af22e97
399,7,7,7,2.5,150,200,50,41,"[0.0,0.025,0.05,0.075,0.1,0.125,0.15,0.175,0.2,0.225,0.25,0.275,0.3,0.325,0.35,0.375,0.4,0.425,0.45,0.475,0.5,0.525,0.55,0.575,0.6,0.625,0.65,0.675,0.7,0.725,0.75,0.775,0.8,0.825,0.85,0.875,0.9,0.925,0.95,0.975,1.0]",0f5e8fbf64e005b4cebeabd2a2f17348ef382d01811ccd8998c690a31af22e97
