L,N,nmax,W_over_t,U_over_t,observable,mean,stderr,n_disorder
7,4,4,0.8,0.0,M_sum,4.811451903234024,0.009271168402277994,300
7,4,4,0.8,0.005,M_sum,4.811353257715754,0.009357845455078052,300
7,4,4,0.8,0.01,M_sum,4.811337332600253,0.009383432054308978,300
7,4,4,0.8,0.015,M_sum,4.810617668002411,0.00927184383401455,300
7,4,4,0.8,0.02,M_sum,4.810680581469751,0.009220948179166216,300
7,4,4,0.8,0.025,M_sum,4.811053407629194,0.009288048369269287,300
7,4,4,0.8,0.03,M_sum,4.811289283367499,0.009206522016530522,300
7,4,4,0.8,0.035,M_sum,4.811546850116643,0.00916065369607838,300
7,4,4,0.8,0.04,M_sum,4.810378062195126,0.009053537987780521,300
7,4,4,0.8,0.045,M_sum,4.808868213816262,0.008960326425959664,300
7,4,4,0.8,0.05,M_sum,4.80774248645302,0.008952980012184824,300
7,4,4,0.8,0.055,M_sum,4.805285605153686,0.008974019922106061,300
7,4,4,0.8,0.06,M_sum,4.8036247802211225,0.008896838026183742,300
7,4,4,0.8,0.065,M_sum,4.80164996324035,0.008894650676582258,300
7,4,4,0.8,0.07,M_sum,4.799606706991859,0.008911709066164546,300
7,4,4,0.8,0.075,M_sum,4.797667931013552,0.00894210357173088,300
7,4,4,0.8,0.08,M_sum,4.792851066346788,0.008857984587863191,300
7,4,4,0.8,0.085,M_sum,4.789628701080347,0.008789466555083374,300
7,4,4,0.8,0.09,M_sum,4.7871955443286485,0.008697568754727936,300
7,4,4,0.8,0.095,M_sum,4.785763696793587,0.008701101421738633,300
7,4,4,0.8,0.1,M_sum,4.780858179306407,0.008658500524934323,300
7,4,4,0.8,0.105,M_sum,4.776377213085249,0.008631694704398821,300
7,4,4,0.8,0.11,M_sum,4.772887147283327,0.00857585999932468,300
7,4,4,0.8,0.115,M_sum,4.76808273264334,0.008524633868725722,300
7,4,4,0.8,0.12,M_sum,4.764227172365065,0.008588209959918852,300
7,4,4,0.8,0.125,M_sum,4.760060326448167,0.008603323501171727,300
7,4,4,0.8,0.13,M_sum,4.7575578483579015,0.008542440089987873,300
7,4,4,0.8,0.135,M_sum,4.754095279130538,0.008518768072418147,300
7,4,4,0.8,0.14,M_sum,4.748528507533712,0.008505346810938147,300
7,4,4,0.8,0.145,M_sum,4.74423575682171,0.008553900289536233,300
7,4,4,0.8,0.15,M_sum,4.739366322560042,0.008527969178187735,300
7,4,4,0.8,0.155,M_sum,4.734972000984464,0.00857376800109621,300
7,4,4,0.8,0.16,M_sum,4.730405924225576,0.008470271217388243,300
7,4,4,0.8,0.165,M_sum,4.726021462582646,0.00854980259857112,300
7,4,4,0.8,0.17,M_sum,4.721200753528595,0.008508420395028837,300
7,4,4,0.8,0.17500000000000002,M_sum,4.716013742334284,0.008591601085386908,300
7,4,4,0.8,0.18,M_sum,4.71179595583806,0.008598733816429935,300
7,4,4,0.8,0.185,M_sum,4.707357708708886,0.008608864035277303,300
7,4,4,0.8,0.19,M_sum,4.7008469584433135,0.008563971626880619,300
7,4,4,0.8,0.195,M_sum,4.695847587412845,0.008591877924406556,300
7,4,4,0.8,0.2,M_sum,4.687794973176413,0.008461612598351126,300
7,4,4,0.8,0.20500000000000002,M_sum,4.683460277545616,0.00849994643609954,300
7,4,4,0.8,0.21,M_sum,4.6784719372016665,0.008458530559754329,300
7,4,4,0.8,0.215,M_sum,4.673011941609222,0.008405741416128173,300
7,4,4,0.8,0.22,M_sum,4.6681663326018015,0.008342638978838855,300
7,4,4,0.8,0.225,M_sum,4.662732755783213,0.008330328446906681,300
7,4,4,0.8,0.23,M_sum,4.657708366113993,0.008275008528775595,300
7,4,4,0.8,0.23500000000000001,M_sum,4.65166985169667,0.008234344532899368,300
7,4,4,0.8,0.24,M_sum,4.645600434703918,0.008162549084449924,300
7,4,4,0.8,0.245,M_sum,4.6392108248107755,0.008089311089846176,300
7,4,4,0.8,0.25,M_sum,4.6325076471093105,0.00817531408746273,300
7,4,4,0.8,0.255,M_sum,4.627463029801432,0.008081479880906448,300
7,4,4,0.8,0.26,M_sum,4.622954937704868,0.007936141597348761,300
7,4,4,0.8,0.265,M_sum,4.617125766262433,0.007800195691792574,300
7,4,4,0.8,0.27,M_sum,4.613454276259859,0.007856719983190565,300
7,4,4,0.8,0.275,M_sum,4.608031344442301,0.00784562277795211,300
7,4,4,0.8,0.28,M_sum,4.6011533857274545,0.007834531012265843,300
7,4,4,0.8,0.28500000000000003,M_sum,4.596129512941953,0.007813140843137556,300
7,4,4,0.8,0.29,M_sum,4.5905817558348625,0.007748730771343119,300
7,4,4,0.8,0.295,M_sum,4.585838454381342,0.007667608253152031,300
7,4,4,0.8,0.3,M_sum,4.580376312829881,0.007612443463150318,300
7,4,4,0.8,0.305,M_sum,4.574561804078906,0.007604494843915908,300
7,4,4,0.8,0.31,M_sum,4.569354283814281,0.007586582608968204,300
7,4,4,0.8,0.315,M_sum,4.562686579372865,0.007495719665408546,300
7,4,4,0.8,0.32,M_sum,4.5562046208455715,0.007457197952266742,300
7,4,4,0.8,0.325,M_sum,4.549584345630091,0.007466162995612434,300
7,4,4,0.8,0.33,M_sum,4.543615845667493,0.007430738458874675,300
7,4,4,0.8,0.335,M_sum,4.5384080913794556,0.007459425428343935,300
7,4,4,0.8,0.34,M_sum,4.5324281439219085,0.00738986643233459,300
7,4,4,0.8,0.34500000000000003,M_sum,4.52842380427316,0.0073967446682652975,300
7,4,4,0.8,0.35000000000000003,M_sum,4.5223448679910945,0.007366146204565232,300
7,4,4,0.8,0.355,M_sum,4.516620821683494,0.007329949291535546,300
7,4,4,0.8,0.36,M_sum,4.511777777117748,0.007310659495990582,300
7,4,4,0.8,0.365,M_sum,4.506354700411717,0.007279614388966336,300
7,4,4,0.8,0.37,M_sum,4.4993204895264585,0.007309779527311622,300
7,4,4,0.8,0.375,M_sum,4.492361770131568,0.007312592832663696,300
7,4,4,0.8,0.38,M_sum,4.484941406628216,0.007330992171307199,300
7,4,4,0.8,0.385,M_sum,4.479339957626904,0.0072874938092214615,300
7,4,4,0.8,0.39,M_sum,4.474037985927236,0.007371819563427644,300
7,4,4,0.8,0.395,M_sum,4.467592199303244,0.007333794915726473,300
7,4,4,0.8,0.4,M_sum,4.462227152857335,0.007302510073953314,300
7,4,4,0.8,0.405,M_sum,4.4565378757345036,0.007271950157750592,300
7,4,4,0.8,0.41000000000000003,M_sum,4.4500962584112695,0.007206485597660287,300
7,4,4,0.8,0.41500000000000004,M_sum,4.444879396274156,0.007202778049421958,300
7,4,4,0.8,0.42,M_sum,4.439084023820998,0.007183295039707582,300
7,4,4,0.8,0.425,M_sum,4.433936302836186,0.007137836630735752,300
7,4,4,0.8,0.43,M_sum,4.429059689040626,0.007125318926575672,300
7,4,4,0.8,0.435,M_sum,4.423431748966876,0.007166536915446934,300
7,4,4,0.8,0.44,M_sum,4.416947846702152,0.007142906502443311,300
7,4,4,0.8,0.445,M_sum,4.410900643680628,0.007078273060310261,300
7,4,4,0.8,0.45,M_sum,4.405339073561829,0.007045555070526933,300
7,4,4,0.8,0.455,M_sum,4.399723842906513,0.006985590750445893,300
7,4,4,0.8,0.46,M_sum,4.3943425420627085,0.006970134544443287,300
7,4,4,0.8,0.465,M_sum,4.3885799541940695,0.0069325645014834784,300
7,4,4,0.8,0.47000000000000003,M_sum,4.382864754034762,0.006869118923144067,300
7,4,4,0.8,0.47500000000000003,M_sum,4.376950695911223,0.0068481912958467915,300
7,4,4,0.8,0.48,M_sum,4.371667976053629,0.006836584635471179,300
7,4,4,0.8,0.485,M_sum,4.366509072245065,0.0068711845316547305,300
7,4,4,0.8,0.49,M_sum,4.360632646155735,0.006839180526705947,300
7,4,4,0.8,0.495,M_sum,4.3534845470134576,0.0068253480869929885,300
7,4,4,0.8,0.5,M_sum,4.34746686412694,0.006825157822407382,300
7,4,4,0.8,0.505,M_sum,4.3414960698456495,0.006832365504290213,300
7,4,4,0.8,0.51,M_sum,4.336207159933754,0.006756945823892068,300
7,4,4,0.8,0.515,M_sum,4.330584003728289,0.006758418389929054,300
7,4,4,0.8,0.52,M_sum,4.323894737399772,0.00676463009781763,300
7,4,4,0.8,0.525,M_sum,4.317649799355282,0.006769342535216015,300
7,4,4,0.8,0.53,M_sum,4.311969581018095,0.00670298934467033,300
7,4,4,0.8,0.535,M_sum,4.306668181556957,0.006720090931339838,300
7,4,4,0.8,0.54,M_sum,4.301426613286628,0.006703424896943438,300
7,4,4,0.8,0.545,M_sum,4.295873304946578,0.006678195136672584,300
7,4,4,0.8,0.55,M_sum,4.290285699868929,0.006697717728137899,300
7,4,4,0.8,0.555,M_sum,4.285125192219112,0.006647450980832425,300
7,4,4,0.8,0.56,M_sum,4.278612180299861,0.006645934797174794,300
7,4,4,0.8,0.5650000000000001,M_sum,4.272932349600008,0.006600628835606332,300
7,4,4,0.8,0.5700000000000001,M_sum,4.2672957580187925,0.006635956726587525,300
7,4,4,0.8,0.5750000000000001,M_sum,4.261366288798713,0.0066145629381437025,300
7,4,4,0.8,0.58,M_sum,4.255223827224047,0.006544991109095602,300
7,4,4,0.8,0.585,M_sum,4.249293820748816,0.0065330124959336305,300
7,4,4,0.8,0.59,M_sum,4.243583520710948,0.006534943434315515,300
7,4,4,0.8,0.595,M_sum,4.238333735205596,0.006529877907499129,300
7,4,4,0.8,0.6,M_sum,4.232065409497878,0.006517254260754666,300
7,4,4,0.8,0.0,S2_sum,3.389820933521357,0.005319090897488483,300
7,4,4,0.8,0.005,S2_sum,3.3897356142149744,0.005375993856675693,300
7,4,4,0.8,0.01,S2_sum,3.389733451308871,0.0053872078780838085,300
7,4,4,0.8,0.015,S2_sum,3.389254823794696,0.00531286881276659,300
7,4,4,0.8,0.02,S2_sum,3.3893528550489496,0.0052833134389760755,300
7,4,4,0.8,0.025,S2_sum,3.3896668536050725,0.005320408951768979,300
7,4,4,0.8,0.03,S2_sum,3.3899162461486276,0.005262987530462698,300
7,4,4,0.8,0.035,S2_sum,3.39016632208431,0.005226784314613378,300
7,4,4,0.8,0.04,S2_sum,3.389453039247976,0.005151310839199039,300
7,4,4,0.8,0.045,S2_sum,3.388491986226458,0.00507732321779406,300
7,4,4,0.8,0.05,S2_sum,3.3878069375602617,0.005078046892068337,300
7,4,4,0.8,0.055,S2_sum,3.3861924805259265,0.005104095572249292,300
7,4,4,0.8,0.06,S2_sum,3.385174917381394,0.005040932252913299,300
7,4,4,0.8,0.065,S2_sum,3.3839234253222825,0.005053789241604,300
7,4,4,0.8,0.07,S2_sum,3.382639606444827,0.005057727086328949,300
7,4,4,0.8,0.075,S2_sum,3.3814333171227235,0.005084798079623226,300
7,4,4,0.8,0.08,S2_sum,3.3782133461044292,0.00502443878099618,300
7,4,4,0.8,0.085,S2_sum,3.376147335757449,0.00499217844858678,300
7,4,4,0.8,0.09,S2_sum,3.3746440317593667,0.004923238539267892,300
7,4,4,0.8,0.095,S2_sum,3.3738836203464406,0.0049337845611951625,300
7,4,4,0.8,0.1,S2_sum,3.370665867646969,0.0049133430456665085,300
7,4,4,0.8,0.105,S2_sum,3.3677612976701594,0.004906230207913978,300
7,4,4,0.8,0.11,S2_sum,3.3655454559335567,0.004879301932811715,300
7,4,4,0.8,0.115,S2_sum,3.36243305648253,0.004845291153359706,300
7,4,4,0.8,0.12,S2_sum,3.359998327391587,0.004891617134194103,300
7,4,4,0.8,0.125,S2_sum,3.3573140729872426,0.004918106374765015,300
7,4,4,0.8,0.13,S2_sum,3.3558508445500346,0.004886306410220043,300
7,4,4,0.8,0.135,S2_sum,3.3537087523414946,0.004872244734386288,300
7,4,4,0.8,0.14,S2_sum,3.350092690227436,0.004856538174910255,300
7,4,4,0.8,0.145,S2_sum,3.3473930398908567,0.004902106829001015,300
7,4,4,0.8,0.15,S2_sum,3.3443088207885405,0.0048932680437535295,300
7,4,4,0.8,0.155,S2_sum,3.3415539931199194,0.00491756297646151,300
7,4,4,0.8,0.16,S2_sum,3.338666580017791,0.0048411053636859425,300
7,4,4,0.8,0.165,S2_sum,3.335931911958924,0.004911548637232874,300
7,4,4,0.8,0.17,S2_sum,3.3329168682528185,0.004895779864431911,300
7,4,4,0.8,0.17500000000000002,S2_sum,3.3296280491526167,0.00496080100613707,300
7,4,4,0.8,0.18,S2_sum,3.3270464347968685,0.004975939731775736,300
7,4,4,0.8,0.185,S2_sum,3.3243119942326933,0.00499051316023456,300
7,4,4,0.8,0.19,S2_sum,3.3201290735103215,0.004959754695469364,300
7,4,4,0.8,0.195,S2_sum,3.317029174317598,0.004977403035134771,300
7,4,4,0.8,0.2,S2_sum,3.311802303911784,0.004890190508577298,300
7,4,4,0.8,0.20500000000000002,S2_sum,3.3091856525291066,0.0049119904156481545,300
7,4,4,0.8,0.21,S2_sum,3.306146382920763,0.004887099220948452,300
7,4,4,0.8,0.215,S2_sum,3.3027901679238956,0.004860831525687028,300
7,4,4,0.8,0.22,S2_sum,3.2998566341941196,0.004825550723896976,300
7,4,4,0.8,0.225,S2_sum,3.296534031747909,0.004827641974529843,300
7,4,4,0.8,0.23,S2_sum,3.2934949963087106,0.004792904239617415,300
7,4,4,0.8,0.23500000000000001,S2_sum,3.289767640935788,0.004776801852488425,300
7,4,4,0.8,0.24,S2_sum,3.286023409191744,0.004733531890470707,300
7,4,4,0.8,0.245,S2_sum,3.282046711022103,0.004689212810838498,300
7,4,4,0.8,0.25,S2_sum,3.277840931961415,0.004750605024964711,300
7,4,4,0.8,0.255,S2_sum,3.2748633907941738,0.004688487453155304,300
7,4,4,0.8,0.26,S2_sum,3.272252560278698,0.004582851399270762,300
7,4,4,0.8,0.265,S2_sum,3.268717615057359,0.004493023669223213,300
7,4,4,0.8,0.27,S2_sum,3.2667005741446364,0.004531691301570924,300
7,4,4,0.8,0.275,S2_sum,3.263479083066488,0.004526060262579578,300
7,4,4,0.8,0.28,S2_sum,3.2592031427103443,0.004519919912786319,300
7,4,4,0.8,0.28500000000000003,S2_sum,3.2562856024615705,0.004493106194379695,300
7,4,4,0.8,0.29,S2_sum,3.2529906880039166,0.004455416360867369,300
7,4,4,0.8,0.295,S2_sum,3.2502677813533403,0.004402908534914716,300
7,4,4,0.8,0.3,S2_sum,3.247021895766118,0.00437180059098463,300
7,4,4,0.8,0.305,S2_sum,3.2435447050333157,0.0043736478641780725,300
7,4,4,0.8,0.31,S2_sum,3.240527466204738,0.004362317227919254,300
7,4,4,0.8,0.315,S2_sum,3.236490474247564,0.004296564207048446,300
7,4,4,0.8,0.32,S2_sum,3.232560905943779,0.004269982696844787,300
7,4,4,0.8,0.325,S2_sum,3.2285562322517367,0.004272244767410126,300
7,4,4,0.8,0.33,S2_sum,3.225026049429171,0.004246393775300226,300
7,4,4,0.8,0.335,S2_sum,3.2220287178704163,0.0042708857075542265,300
7,4,4,0.8,0.34,S2_sum,3.2185002080208935,0.004223837351852228,300
7,4,4,0.8,0.34500000000000003,S2_sum,3.216415000673442,0.004235575928516096,300
7,4,4,0.8,0.35000000000000003,S2_sum,3.212827782359883,0.00421276961535121,300
7,4,4,0.8,0.355,S2_sum,3.2094944180995695,0.004186845251237854,300
7,4,4,0.8,0.36,S2_sum,3.206819973063712,0.0041783569761913225,300
7,4,4,0.8,0.365,S2_sum,3.2037222861414767,0.004162086682308148,300
7,4,4,0.8,0.37,S2_sum,3.199472620905549,0.0041931150093463335,300
7,4,4,0.8,0.375,S2_sum,3.195296153450527,0.0042015780664668755,300
7,4,4,0.8,0.38,S2_sum,3.1907725184695885,0.0042092968452518585,300
7,4,4,0.8,0.385,S2_sum,3.187569558794966,0.004181625418842147,300
7,4,4,0.8,0.39,S2_sum,3.1845752529659666,0.004239027844757386,300
7,4,4,0.8,0.395,S2_sum,3.1807690127125143,0.0042090983319686675,300
7,4,4,0.8,0.4,S2_sum,3.1777573933532235,0.004192460736075174,300
7,4,4,0.8,0.405,S2_sum,3.174516890448008,0.004175660346475826,300
7,4,4,0.8,0.41000000000000003,S2_sum,3.1707140951581128,0.004127931227560172,300
7,4,4,0.8,0.41500000000000004,S2_sum,3.167799032285507,0.004125524073151292,300
7,4,4,0.8,0.42,S2_sum,3.16448174539648,0.004117010724014488,300
7,4,4,0.8,0.425,S2_sum,3.16163715398618,0.004083645638786963,300
7,4,4,0.8,0.43,S2_sum,3.159004552896003,0.004078749944850822,300
7,4,4,0.8,0.435,S2_sum,3.155789023012709,0.004114909527503701,300
7,4,4,0.8,0.44,S2_sum,3.1519783309434706,0.004103747323087908,300
7,4,4,0.8,0.445,S2_sum,3.1484996299149217,0.004055607002638409,300
7,4,4,0.8,0.45,S2_sum,3.145410056523309,0.004035741659864985,300
7,4,4,0.8,0.455,S2_sum,3.142277526617464,0.003995523703146938,300
7,4,4,0.8,0.46,S2_sum,3.139281558294631,0.003986124777139503,300
7,4,4,0.8,0.465,S2_sum,3.1360211557388427,0.003960136765672428,300
7,4,4,0.8,0.47000000000000003,S2_sum,3.1327692195563874,0.003914243557102819,300
7,4,4,0.8,0.47500000000000003,S2_sum,3.129410932653262,0.003899915660940606,300
7,4,4,0.8,0.48,S2_sum,3.126510859884488,0.0038994148025142538,300
7,4,4,0.8,0.485,S2_sum,3.1236863168828073,0.003927403010601052,300
7,4,4,0.8,0.49,S2_sum,3.1203683872297026,0.0039071921417011156,300
7,4,4,0.8,0.495,S2_sum,3.116109741643227,0.003896872785876202,300
7,4,4,0.8,0.5,S2_sum,3.112682015088154,0.0038951963447250684,300
7,4,4,0.8,0.505,S2_sum,3.109301455609005,0.003902125695553042,300
7,4,4,0.8,0.51,S2_sum,3.1064306282999623,0.0038514525825952034,300
7,4,4,0.8,0.515,S2_sum,3.103281728584002,0.0038605219444848037,300
7,4,4,0.8,0.52,S2_sum,3.0993879821596813,0.0038695890332105585,300
7,4,4,0.8,0.525,S2_sum,3.0958015499246043,0.003878289616687567,300
7,4,4,0.8,0.53,S2_sum,3.0926484054214,0.003832930289014935,300
7,4,4,0.8,0.535,S2_sum,3.089726690250837,0.00384705434072485,300
7,4,4,0.8,0.54,S2_sum,3.0868562396578176,0.003836517608537238,300
7,4,4,0.8,0.545,S2_sum,3.0838035413785274,0.0038191980457490944,300
7,4,4,0.8,0.55,S2_sum,3.0806780154768436,0.003834755587591259,300
7,4,4,0.8,0.555,S2_sum,3.0778896199103123,0.003801261109104571,300
7,4,4,0.8,0.56,S2_sum,3.074121617992663,0.0038044455596896553,300
7,4,4,0.8,0.5650000000000001,S2_sum,3.0709489295502004,0.0037724389424318903,300
7,4,4,0.8,0.5700000000000001,S2_sum,3.0677997915630004,0.003799281553745494,300
7,4,4,0.8,0.5750000000000001,S2_sum,3.0644446313102245,0.0037886599637839496,300
7,4,4,0.8,0.58,S2_sum,3.0609258305307154,0.0037377037356626686,300
7,4,4,0.8,0.585,S2_sum,3.05754980147885,0.003731377843726635,300
7,4,4,0.8,0.59,S2_sum,3.0543691698137363,0.0037324881719953767,300
7,4,4,0.8,0.595,S2_sum,3.0515025701186755,0.003733690012087589,300
7,4,4,0.8,0.6,S2_sum,3.0478936724175623,0.0037301722941394996,300
7,4,4,0.8,0.0,Sstar,1.416281006997255,0.001027666644076312,300
7,4,4,0.8,0.005,Sstar,1.4162798020849752,0.001035539257948389,300
7,4,4,0.8,0.01,Sstar,1.4162374066049088,0.001037703021501896,300
7,4,4,0.8,0.015,Sstar,1.4162053084810255,0.0010222492274629558,300
7,4,4,0.8,0.02,Sstar,1.4163090576044968,0.0010236194450584054,300
7,4,4,0.8,0.025,Sstar,1.4165866094870836,0.0010241799343921115,300
7,4,4,0.8,0.03,Sstar,1.416844844013307,0.001018551268232597,300
7,4,4,0.8,0.035,Sstar,1.4171756127948196,0.0010060812123884359,300
7,4,4,0.8,0.04,Sstar,1.417185695074117,0.0009947630169695083,300
7,4,4,0.8,0.045,Sstar,1.417220056339814,0.0009850024515898356,300
7,4,4,0.8,0.05,Sstar,1.4173259883931895,0.0009730943123183632,300
7,4,4,0.8,0.055,Sstar,1.417245959686759,0.0009760825129118466,300
7,4,4,0.8,0.06,Sstar,1.4174755336187526,0.0009545247971901925,300
7,4,4,0.8,0.065,Sstar,1.4175945740796003,0.0009498988025117388,300
7,4,4,0.8,0.07,Sstar,1.4177696200705034,0.0009428988258965359,300
7,4,4,0.8,0.075,Sstar,1.4178060678966826,0.0009474735358849396,300
7,4,4,0.8,0.08,Sstar,1.4174413057848017,0.0009319719139677403,300
7,4,4,0.8,0.085,Sstar,1.4173193355768032,0.0009251191478656646,300
7,4,4,0.8,0.09,Sstar,1.4172750616770662,0.0009060936582287198,300
7,4,4,0.8,0.095,Sstar,1.4173952558352116,0.0009020777651774571,300
7,4,4,0.8,0.1,Sstar,1.4170680008974668,0.0008978075124389532,300
7,4,4,0.8,0.105,Sstar,1.416845342602538,0.0008807756611620413,300
7,4,4,0.8,0.11,Sstar,1.41676295982502,0.0008772884952831603,300
7,4,4,0.8,0.115,Sstar,1.4165396866095417,0.0008708337330109059,300
7,4,4,0.8,0.12,Sstar,1.4164062786876537,0.0008792570145711968,300
7,4,4,0.8,0.125,Sstar,1.4163349664610538,0.000878494311089257,300
7,4,4,0.8,0.13,Sstar,1.4164005563763582,0.0008632779253936476,300
7,4,4,0.8,0.135,Sstar,1.4164373919694013,0.0008612778595667512,300
7,4,4,0.8,0.14,Sstar,1.416092667080124,0.0008527738562507657,300
7,4,4,0.8,0.145,Sstar,1.4159858660232323,0.0008502125158114619,300
7,4,4,0.8,0.15,Sstar,1.415616910203782,0.0008373057394979912,300
7,4,4,0.8,0.155,Sstar,1.4153791158976754,0.0008254763368897638,300
7,4,4,0.8,0.16,Sstar,1.415152811540047,0.0008063377430102386,300
7,4,4,0.8,0.165,Sstar,1.414930074934504,0.0008040648490298351,300
7,4,4,0.8,0.17,Sstar,1.4146921919553337,0.0007943169992804477,300
7,4,4,0.8,0.17500000000000002,Sstar,1.4143449742921463,0.0007998124170052081,300
7,4,4,0.8,0.18,Sstar,1.41418014706478,0.0007928711897093319,300
7,4,4,0.8,0.185,Sstar,1.413979048424939,0.000780522136496973,300
7,4,4,0.8,0.19,Sstar,1.413380888129819,0.0007647690278892676,300
7,4,4,0.8,0.195,Sstar,1.4130562827363682,0.0007714459152124852,300
7,4,4,0.8,0.2,Sstar,1.4123256461171427,0.0007566770471636994,300
7,4,4,0.8,0.20500000000000002,Sstar,1.4121364688534102,0.0007564682076640812,300
7,4,4,0.8,0.21,Sstar,1.4118315637297907,0.0007545233358115205,300
7,4,4,0.8,0.215,Sstar,1.4115338419206651,0.0007477496636616676,300
7,4,4,0.8,0.22,Sstar,1.4113601919136745,0.0007331049903885073,300
7,4,4,0.8,0.225,Sstar,1.4109541629848101,0.000730799024068597,300
7,4,4,0.8,0.23,Sstar,1.410731663486995,0.000717938056221589,300
7,4,4,0.8,0.23500000000000001,Sstar,1.4103717260908122,0.0007186106858477679,300
7,4,4,0.8,0.24,Sstar,1.4098870736185767,0.000711064463782089,300
7,4,4,0.8,0.245,Sstar,1.4094040145391729,0.0007039405367297938,300
7,4,4,0.8,0.25,Sstar,1.4088072105345837,0.0007123831687103475,300
7,4,4,0.8,0.255,Sstar,1.408544077889926,0.0007010109407310317,300
7,4,4,0.8,0.26,Sstar,1.4082998223917707,0.000687521623467821,300
7,4,4,0.8,0.265,Sstar,1.4079455161043206,0.0006669709216575214,300
7,4,4,0.8,0.27,Sstar,1.4078030268894082,0.0006631521440699928,300
7,4,4,0.8,0.275,Sstar,1.407474450194497,0.0006626770892089613,300
7,4,4,0.8,0.28,Sstar,1.4068863162416114,0.000662154948079452,300
7,4,4,0.8,0.28500000000000003,Sstar,1.4064314180572306,0.0006550968823558737,300
7,4,4,0.8,0.29,Sstar,1.4059885926347953,0.0006497236166646234,300
7,4,4,0.8,0.295,Sstar,1.4057820236062526,0.0006403049569055282,300
7,4,4,0.8,0.3,Sstar,1.4054255928892485,0.0006303835525882162,300
7,4,4,0.8,0.305,Sstar,1.4050399941046343,0.0006240450759708464,300
7,4,4,0.8,0.31,Sstar,1.4047168764507358,0.0006115600135949882,300
7,4,4,0.8,0.315,Sstar,1.4042600691101281,0.0006007420770379782,300
7,4,4,0.8,0.32,Sstar,1.4037061929477055,0.0005902777682881514,300
7,4,4,0.8,0.325,Sstar,1.4031570798678112,0.0005765231014424917,300
7,4,4,0.8,0.33,Sstar,1.4026242819032115,0.0005689069443929367,300
7,4,4,0.8,0.335,Sstar,1.4021739040846186,0.0005713245310242786,300
7,4,4,0.8,0.34,Sstar,1.4017915164267827,0.0005657378558390451,300
7,4,4,0.8,0.34500000000000003,Sstar,1.4016115197095458,0.0005671014052265908,300
7,4,4,0.8,0.35000000000000003,Sstar,1.401133934846502,0.0005545241783594495,300
7,4,4,0.8,0.355,Sstar,1.4007145706841382,0.0005426063579194201,300
7,4,4,0.8,0.36,Sstar,1.4004337448988133,0.0005354464688438973,300
7,4,4,0.8,0.365,Sstar,1.3999659544595873,0.0005272820541388809,300
7,4,4,0.8,0.37,Sstar,1.3992955475430373,0.0005363051479094833,300
7,4,4,0.8,0.375,Sstar,1.3987134914810102,0.0005356741285082662,300
7,4,4,0.8,0.38,Sstar,1.3980211068986514,0.0005284454381475582,300
7,4,4,0.8,0.385,Sstar,1.3975480196759504,0.0005270156201713139,300
7,4,4,0.8,0.39,Sstar,1.3971519020515242,0.0005415274339806488,300
7,4,4,0.8,0.395,Sstar,1.3966087175181612,0.0005339436569496625,300
7,4,4,0.8,0.4,Sstar,1.3961022009244084,0.0005320361729716435,300
7,4,4,0.8,0.405,Sstar,1.3956888190591312,0.0005304066297902751,300
7,4,4,0.8,0.41000000000000003,Sstar,1.3951792055531658,0.0005224167667334373,300
7,4,4,0.8,0.41500000000000004,Sstar,1.3947294728840822,0.0005235893351561298,300
7,4,4,0.8,0.42,Sstar,1.3942709940263045,0.0005298313028376849,300
7,4,4,0.8,0.425,Sstar,1.3938190584093322,0.0005147900112561757,300
7,4,4,0.8,0.43,Sstar,1.3933769803420002,0.0005155617347794617,300
7,4,4,0.8,0.435,Sstar,1.3928543397568154,0.0005142635596509475,300
7,4,4,0.8,0.44,Sstar,1.392233857348522,0.0005185028752252554,300
7,4,4,0.8,0.445,Sstar,1.3917023392096803,0.0005099325442711308,300
7,4,4,0.8,0.45,Sstar,1.3912156815090844,0.0005064263354407107,300
7,4,4,0.8,0.455,Sstar,1.390725476922347,0.0004976612502991556,300
7,4,4,0.8,0.46,Sstar,1.3902368409861483,0.0004990204513079918,300
7,4,4,0.8,0.465,Sstar,1.3898113818997582,0.0004909919352619006,300
7,4,4,0.8,0.47000000000000003,Sstar,1.3892415505237385,0.0004814696301449262,300
7,4,4,0.8,0.47500000000000003,Sstar,1.3886859072769038,0.00047939181326746907,300
7,4,4,0.8,0.48,Sstar,1.388158399824473,0.0004782228153259437,300
7,4,4,0.8,0.485,Sstar,1.3877145477428992,0.00047738508139620074,300
7,4,4,0.8,0.49,Sstar,1.387041627091876,0.0004747250467581019,300
7,4,4,0.8,0.495,Sstar,1.3862774647898046,0.0004722337168114835,300
7,4,4,0.8,0.5,Sstar,1.385732298553153,0.0004689589614652027,300
7,4,4,0.8,0.505,Sstar,1.3851256178901517,0.0004701383712089835,300
7,4,4,0.8,0.51,Sstar,1.3846252177510359,0.0004701081919424124,300
7,4,4,0.8,0.515,Sstar,1.3839872772632906,0.00047310178290113403,300
7,4,4,0.8,0.52,Sstar,1.3832327532013984,0.0004723556018616875,300
7,4,4,0.8,0.525,Sstar,1.3825474389027999,0.00047306222012701216,300
7,4,4,0.8,0.53,Sstar,1.3818869420388304,0.0004710843149129305,300
7,4,4,0.8,0.535,Sstar,1.3812956883112804,0.0004699433039234152,300
7,4,4,0.8,0.54,Sstar,1.380743602758624,0.00047296374896345605,300
7,4,4,0.8,0.545,Sstar,1.3801609639997146,0.0004717230911937095,300
7,4,4,0.8,0.55,Sstar,1.379518947537165,0.000468736036502102,300
7,4,4,0.8,0.555,Sstar,1.3789990609984728,0.00046916804371441756,300
7,4,4,0.8,0.56,Sstar,1.378219717636363,0.00046499799588602727,300
7,4,4,0.8,0.5650000000000001,Sstar,1.3775592718417489,0.00046093644092801633,300
7,4,4,0.8,0.5700000000000001,Sstar,1.3769011506004272,0.0004668091554561845,300
7,4,4,0.8,0.5750000000000001,Sstar,1.3762546593567144,0.00046791685783366524,300
7,4,4,0.8,0.58,Sstar,1.3755021283333826,0.0004637759538497896,300
7,4,4,0.8,0.585,Sstar,1.3747990706760824,0.0004635371245427251,300
7,4,4,0.8,0.59,Sstar,1.3740892241668534,0.0004647701889878545,300
7,4,4,0.8,0.595,Sstar,1.3734505656388836,0.00047024409836285544,300
7,4,4,0.8,0.6,Sstar,1.3726680327087717,0.00047037582481586186,300
7,4,4,1.2,0.0,M_sum,4.533255858503188,0.014909544566028408,300
7,4,4,1.2,0.005,M_sum,4.533229366048134,0.014948172704884183,300
7,4,4,1.2,0.01,M_sum,4.5333187389464955,0.015028601670321834,300
7,4,4,1.2,0.015,M_sum,4.533185300283722,0.01503402885475565,300
7,4,4,1.2,0.02,M_sum,4.5323094796699115,0.014981290694919653,300
7,4,4,1.2,0.025,M_sum,4.533668031337834,0.014962653680901435,300
7,4,4,1.2,0.03,M_sum,4.532211333687834,0.014869254575609234,300
7,4,4,1.2,0.035,M_sum,4.533076672970538,0.014947546841328064,300
7,4,4,1.2,0.04,M_sum,4.533336211271368,0.014923532653597436,300
7,4,4,1.2,0.045,M_sum,4.532194107058774,0.014880118836341865,300
7,4,4,1.2,0.05,M_sum,4.533079635288514,0.014858285751631704,300
7,4,4,1.2,0.055,M_sum,4.531160187217242,0.014793230694882578,300
7,4,4,1.2,0.06,M_sum,4.530538342520555,0.014745764659149835,300
7,4,4,1.2,0.065,M_sum,4.529360343659647,0.014697466870142005,300
7,4,4,1.2,0.07,M_sum,4.527612560933828,0.014661186445479764,300
7,4,4,1.2,0.075,M_sum,4.527108054094209,0.01465122165670693,300
7,4,4,1.2,0.08,M_sum,4.5245140688703405,0.014653750426080234,300
7,4,4,1.2,0.085,M_sum,4.523747480218849,0.014542507139580649,300
7,4,4,1.2,0.09,M_sum,4.522025283683059,0.014576879134387967,300
7,4,4,1.2,0.095,M_sum,4.5206839455673435,0.01456756443255078,300
7,4,4,1.2,0.1,M_sum,4.519113021760443,0.014538898900299253,300
7,4,4,1.2,0.105,M_sum,4.516903000595302,0.014544609505839322,300
7,4,4,1.2,0.11,M_sum,4.514758048182839,0.014542345691096564,300
7,4,4,1.2,0.115,M_sum,4.512435014545308,0.014463771560576372,300
7,4,4,1.2,0.12,M_sum,4.509018359872298,0.014444388902328385,300
7,4,4,1.2,0.125,M_sum,4.506876430146994,0.014432192115999692,300
7,4,4,1.2,0.13,M_sum,4.504733915814069,0.014341089328250078,300
7,4,4,1.2,0.135,M_sum,4.5018228392929736,0.014245772962441356,300
7,4,4,1.2,0.14,M_sum,4.499830956876728,0.014192377227831498,300
7,4,4,1.2,0.145,M_sum,4.497069312271342,0.014144592813052779,300
7,4,4,1.2,0.15,M_sum,4.49365050364331,0.014135662242956443,300
7,4,4,1.2,0.155,M_sum,4.490083640880943,0.014105425796287877,300
7,4,4,1.2,0.16,M_sum,4.48679525187633,0.014049494498738888,300
7,4,4,1.2,0.165,M_sum,4.483911395795409,0.013969910709781968,300
7,4,4,1.2,0.17,M_sum,4.480345288034246,0.013976895702522819,300
7,4,4,1.2,0.17500000000000002,M_sum,4.476617425121292,0.013865909843876915,300
7,4,4,1.2,0.18,M_sum,4.473279879695292,0.013930017499917466,300
7,4,4,1.2,0.185,M_sum,4.470312005872691,0.013887515342712741,300
7,4,4,1.2,0.19,M_sum,4.466368102794143,0.013807274216810047,300
7,4,4,1.2,0.195,M_sum,4.464531391026373,0.013775065015652167,300
7,4,4,1.2,0.2,M_sum,4.461555043418685,0.01373659482531826,300
7,4,4,1.2,0.20500000000000002,M_sum,4.458420450009609,0.01368607543339903,300
7,4,4,1.2,0.21,M_sum,4.4532989450166225,0.01368807624184806,300
7,4,4,1.2,0.215,M_sum,4.449522717051891,0.013702956204354185,300
7,4,4,1.2,0.22,M_sum,4.445590470242437,0.013684141901665071,300
7,4,4,1.2,0.225,M_sum,4.441637359376811,0.013610104248386512,300
7,4,4,1.2,0.23,M_sum,4.43844080093,0.013645989214710025,300
7,4,4,1.2,0.23500000000000001,M_sum,4.43425512290484,0.013590603238062816,300
7,4,4,1.2,0.24,M_sum,4.430196495753799,0.013523024249291166,300
7,4,4,1.2,0.245,M_sum,4.426890834351835,0.013510951369332376,300
7,4,4,1.2,0.25,M_sum,4.422045891005033,0.01350550938597189,300
7,4,4,1.2,0.255,M_sum,4.418255861123859,0.013443771053013375,300
7,4,4,1.2,0.26,M_sum,4.4143053405604205,0.013468414178357912,300
7,4,4,1.2,0.265,M_sum,4.409770028954346,0.013435557894492632,300
7,4,4,1.2,0.27,M_sum,4.4060421735656865,0.013429250133265049,300
7,4,4,1.2,0.275,M_sum,4.402283678153044,0.013430306868907975,300
7,4,4,1.2,0.28,M_sum,4.39719479883882,0.013407234824446765,300
7,4,4,1.2,0.28500000000000003,M_sum,4.3922078970578555,0.013316401272015077,300
7,4,4,1.2,0.29,M_sum,4.3881423249546465,0.01330451296482597,300
7,4,4,1.2,0.295,M_sum,4.381716834627781,0.013253172794381617,300
7,4,4,1.2,0.3,M_sum,4.376085514302982,0.013153445247720922,300
7,4,4,1.2,0.305,M_sum,4.371739337762926,0.013161997995432034,300
7,4,4,1.2,0.31,M_sum,4.36740480674509,0.013151021645826448,300
7,4,4,1.2,0.315,M_sum,4.363289260688913,0.013084230074800465,300
7,4,4,1.2,0.32,M_sum,4.358435244270603,0.01304519039667654,300
7,4,4,1.2,0.325,M_sum,4.354006833508988,0.012935182565555042,300
7,4,4,1.2,0.33,M_sum,4.349324734831377,0.012878405282844804,300
7,4,4,1.2,0.335,M_sum,4.343412811118644,0.012828691144306206,300
7,4,4,1.2,0.34,M_sum,4.339636879657647,0.01278431548276795,300
7,4,4,1.2,0.34500000000000003,M_sum,4.335100320498387,0.012726039412010798,300
7,4,4,1.2,0.35000000000000003,M_sum,4.32977994662762,0.012691155754255461,300
7,4,4,1.2,0.355,M_sum,4.324665704419686,0.012587402015569871,300
7,4,4,1.2,0.36,M_sum,4.319133674102241,0.012525049209451161,300
7,4,4,1.2,0.365,M_sum,4.313363131571174,0.012428495820653614,300
7,4,4,1.2,0.37,M_sum,4.30803379850387,0.012413250641110181,300
7,4,4,1.2,0.375,M_sum,4.3023102664231585,0.012447638968737365,300
7,4,4,1.2,0.38,M_sum,4.297195395048476,0.012374583363340238,300
7,4,4,1.2,0.385,M_sum,4.292433247429295,0.01229817916343695,300
7,4,4,1.2,0.39,M_sum,4.28845496751114,0.012185346685333958,300
7,4,4,1.2,0.395,M_sum,4.283430081240095,0.012097496866980853,300
7,4,4,1.2,0.4,M_sum,4.278836985101984,0.012027925556695856,300
7,4,4,1.2,0.405,M_sum,4.2746664354912705,0.012051104805357891,300
7,4,4,1.2,0.41000000000000003,M_sum,4.26963508051323,0.012073665787937813,300
7,4,4,1.2,0.41500000000000004,M_sum,4.2638148766598585,0.012000118192587759,300
7,4,4,1.2,0.42,M_sum,4.25817022944356,0.011961565506549119,300
7,4,4,1.2,0.425,M_sum,4.253060960521505,0.011946636640237814,300
7,4,4,1.2,0.43,M_sum,4.247967500540183,0.011900976289170594,300
7,4,4,1.2,0.435,M_sum,4.243054070072058,0.011837631680860005,300
7,4,4,1.2,0.44,M_sum,4.238721392132938,0.011756428253333673,300
7,4,4,1.2,0.445,M_sum,4.233420691040275,0.011690861832162192,300
7,4,4,1.2,0.45,M_sum,4.228376520558192,0.011623403607235683,300
7,4,4,1.2,0.455,M_sum,4.222891012141208,0.011588410141262743,300
7,4,4,1.2,0.46,M_sum,4.217723623913896,0.011552674301604771,300
7,4,4,1.2,0.465,M_sum,4.2127863537008725,0.011516375857897597,300
7,4,4,1.2,0.47000000000000003,M_sum,4.20674847162835,0.011424039810176385,300
7,4,4,1.2,0.47500000000000003,M_sum,4.199974373745389,0.011332743867454002,300
7,4,4,1.2,0.48,M_sum,4.195091225378656,0.011337234073250073,300
7,4,4,1.2,0.485,M_sum,4.1889234413742935,0.011337159757515283,300
7,4,4,1.2,0.49,M_sum,4.183710762259986,0.011307663755081908,300
7,4,4,1.2,0.495,M_sum,4.177845407624145,0.011258856089175784,300
7,4,4,1.2,0.5,M_sum,4.172524693034453,0.011273301907766153,300
7,4,4,1.2,0.505,M_sum,4.167565891934667,0.011190802748702993,300
7,4,4,1.2,0.51,M_sum,4.1618932035490905,0.011154825973705894,300
7,4,4,1.2,0.515,M_sum,4.157422887221336,0.011156637160790907,300
7,4,4,1.2,0.52,M_sum,4.1522903798556285,0.011106543295527665,300
7,4,4,1.2,0.525,M_sum,4.146709599165797,0.011071212142805676,300
7,4,4,1.2,0.53,M_sum,4.14148975234264,0.011046324842854827,300
7,4,4,1.2,0.535,M_sum,4.135647889410554,0.010947923329247624,300
7,4,4,1.2,0.54,M_sum,4.131114619244234,0.010960901937047006,300
7,4,4,1.2,0.545,M_sum,4.125680041885744,0.010898742680981264,300
7,4,4,1.2,0.55,M_sum,4.119794747155677,0.010888274012163374,300
7,4,4,1.2,0.555,M_sum,4.113807574988055,0.010869584060763661,300
7,4,4,1.2,0.56,M_sum,4.10768064970915,0.010847677852255887,300
7,4,4,1.2,0.5650000000000001,M_sum,4.101019612660792,0.010817148535677173,300
7,4,4,1.2,0.5700000000000001,M_sum,4.094750794538931,0.010827318905461406,300
7,4,4,1.2,0.5750000000000001,M_sum,4.089727646945561,0.010782166879918129,300
7,4,4,1.2,0.58,M_sum,4.083683421417538,0.010752911532394256,300
7,4,4,1.2,0.585,M_sum,4.078821818864561,0.010804697702244322,300
7,4,4,1.2,0.59,M_sum,4.072862271525636,0.010781536189578007,300
7,4,4,1.2,0.595,M_sum,4.067929340757238,0.010737820865436265,300
7,4,4,1.2,0.6,M_sum,4.062054220460474,0.010693996081421828,300
7,4,4,1.2,0.0,S2_sum,3.2402378631907713,0.008233599515774424,300
7,4,4,1.2,0.005,S2_sum,3.240196080925272,0.0082605252630895,300
7,4,4,1.2,0.01,S2_sum,3.240255001432257,0.008314991340771198,300
7,4,4,1.2,0.015,S2_sum,3.2401735422337237,0.008318747950812014,300
7,4,4,1.2,0.02,S2_sum,3.2395788175000706,0.008282392137215102,300
7,4,4,1.2,0.025,S2_sum,3.2405876123479143,0.008264351341922972,300
7,4,4,1.2,0.03,S2_sum,3.2396117533422064,0.00820391475938021,300
7,4,4,1.2,0.035,S2_sum,3.2402785024491227,0.008249596877722983,300
7,4,4,1.2,0.04,S2_sum,3.240534725303259,0.008231155004774612,300
7,4,4,1.2,0.045,S2_sum,3.2398229299839385,0.008205109253879015,300
7,4,4,1.2,0.05,S2_sum,3.240550029397018,0.008187510535707971,300
7,4,4,1.2,0.055,S2_sum,3.2392526515358737,0.008142560036059529,300
7,4,4,1.2,0.06,S2_sum,3.238940553711569,0.00810640478933372,300
7,4,4,1.2,0.065,S2_sum,3.238195074239357,0.008070059042226314,300
7,4,4,1.2,0.07,S2_sum,3.237080237845667,0.008044322635684054,300
7,4,4,1.2,0.075,S2_sum,3.236846215838122,0.00803972159121542,300
7,4,4,1.2,0.08,S2_sum,3.2351204864189205,0.00804864759168245,300
7,4,4,1.2,0.085,S2_sum,3.2347456505177252,0.007970369191699418,300
7,4,4,1.2,0.09,S2_sum,3.233667598829149,0.00799437240039676,300
7,4,4,1.2,0.095,S2_sum,3.2328433138556973,0.007997136098876879,300
7,4,4,1.2,0.1,S2_sum,3.2319136052329545,0.007977841727050876,300
7,4,4,1.2,0.105,S2_sum,3.2305106284951677,0.007988899010108519,300
7,4,4,1.2,0.11,S2_sum,3.229137975185494,0.007994052589123044,300
7,4,4,1.2,0.115,S2_sum,3.2277074834449957,0.007946181326657578,300
7,4,4,1.2,0.12,S2_sum,3.225447874132456,0.007936327634486333,300
7,4,4,1.2,0.125,S2_sum,3.2241503924938453,0.007938863256676781,300
7,4,4,1.2,0.13,S2_sum,3.222866669802653,0.007875451569502473,300
7,4,4,1.2,0.135,S2_sum,3.2210095763958124,0.007810223160179842,300
7,4,4,1.2,0.14,S2_sum,3.2198741539020204,0.007784428223368543,300
7,4,4,1.2,0.145,S2_sum,3.2181547849629717,0.007750616179723585,300
7,4,4,1.2,0.15,S2_sum,3.21599886657889,0.007756605546598937,300
7,4,4,1.2,0.155,S2_sum,3.2137335277116352,0.00774371693834756,300
7,4,4,1.2,0.16,S2_sum,3.211661872981179,0.0077139910008256415,300
7,4,4,1.2,0.165,S2_sum,3.2098791004560114,0.0076686962980839135,300
7,4,4,1.2,0.17,S2_sum,3.2076385016356355,0.007680199132103444,300
7,4,4,1.2,0.17500000000000002,S2_sum,3.205273145468756,0.007604691138650623,300
7,4,4,1.2,0.18,S2_sum,3.2032144200786585,0.00766049697755327,300
7,4,4,1.2,0.185,S2_sum,3.2013806245221184,0.007647606228068211,300
7,4,4,1.2,0.19,S2_sum,3.1988941206439767,0.007600446986784603,300
7,4,4,1.2,0.195,S2_sum,3.19789240888676,0.007588346719516529,300
7,4,4,1.2,0.2,S2_sum,3.1960930803581844,0.007567295547019424,300
7,4,4,1.2,0.20500000000000002,S2_sum,3.1942037336289895,0.0075415180413735934,300
7,4,4,1.2,0.21,S2_sum,3.1908921243986748,0.007548894522966212,300
7,4,4,1.2,0.215,S2_sum,3.1885653974360455,0.007570111766683386,300
7,4,4,1.2,0.22,S2_sum,3.1861410072329486,0.007570531874762471,300
7,4,4,1.2,0.225,S2_sum,3.183700145149039,0.007528368216613283,300
7,4,4,1.2,0.23,S2_sum,3.1818291082325403,0.007558883923379645,300
7,4,4,1.2,0.23500000000000001,S2_sum,3.1791805011641427,0.0075211059856476565,300
7,4,4,1.2,0.24,S2_sum,3.1766553382917677,0.00748246660742534,300
7,4,4,1.2,0.245,S2_sum,3.1747125226360424,0.007483015337621258,300
7,4,4,1.2,0.25,S2_sum,3.171610784814992,0.007495226046326942,300
7,4,4,1.2,0.255,S2_sum,3.1693559767242134,0.007465575297338001,300
7,4,4,1.2,0.26,S2_sum,3.166927084624872,0.007493117520464982,300
7,4,4,1.2,0.265,S2_sum,3.1641483995258497,0.007482101215178431,300
7,4,4,1.2,0.27,S2_sum,3.1618936862026636,0.007492300265893259,300
7,4,4,1.2,0.275,S2_sum,3.15965000050069,0.00750926228997979,300
7,4,4,1.2,0.28,S2_sum,3.156454603392408,0.007498987864674278,300
7,4,4,1.2,0.28500000000000003,S2_sum,3.1533363559637153,0.007442593833678246,300
7,4,4,1.2,0.29,S2_sum,3.1508811042549616,0.007442661948469136,300
7,4,4,1.2,0.295,S2_sum,3.146790132671847,0.007413862339482895,300
7,4,4,1.2,0.3,S2_sum,3.1432601845354338,0.007352891168689222,300
7,4,4,1.2,0.305,S2_sum,3.1406418049477516,0.007365976549010707,300
7,4,4,1.2,0.31,S2_sum,3.1380367609568753,0.007367144626153063,300
7,4,4,1.2,0.315,S2_sum,3.135632446972298,0.007330025302244881,300
7,4,4,1.2,0.32,S2_sum,3.1327039152622738,0.007312847288532851,300
7,4,4,1.2,0.325,S2_sum,3.1300832671088883,0.007246821123846436,300
7,4,4,1.2,0.33,S2_sum,3.1272620437842553,0.007217703157308007,300
7,4,4,1.2,0.335,S2_sum,3.1235895245463503,0.007194437746521654,300
7,4,4,1.2,0.34,S2_sum,3.121436763590943,0.007176318629650719,300
7,4,4,1.2,0.34500000000000003,S2_sum,3.118751612693019,0.007142189464938503,300
7,4,4,1.2,0.35000000000000003,S2_sum,3.1155100116078795,0.007125793801639536,300
7,4,4,1.2,0.355,S2_sum,3.1124307845604484,0.007067855731998178,300
7,4,4,1.2,0.36,S2_sum,3.1090687126158043,0.007032058893914222,300
7,4,4,1.2,0.365,S2_sum,3.1055239948128737,0.006973151488088967,300
7,4,4,1.2,0.37,S2_sum,3.1022886629356083,0.006970154719940626,300
7,4,4,1.2,0.375,S2_sum,3.098746659422092,0.007011525096145988,300
7,4,4,1.2,0.38,S2_sum,3.095710424351525,0.0069674228927935145,300
7,4,4,1.2,0.385,S2_sum,3.0929016152909967,0.006917365700261432,300
7,4,4,1.2,0.39,S2_sum,3.0906881330342433,0.006839609069395325,300
7,4,4,1.2,0.395,S2_sum,3.0877230131373654,0.006786257443363919,300
7,4,4,1.2,0.4,S2_sum,3.085054063906395,0.006740784042853261,300
7,4,4,1.2,0.405,S2_sum,3.0826714076081725,0.006767142697890794,300
7,4,4,1.2,0.41000000000000003,S2_sum,3.079713857210689,0.0067916064109256645,300
7,4,4,1.2,0.41500000000000004,S2_sum,3.0761638989724123,0.006745932565207754,300
7,4,4,1.2,0.42,S2_sum,3.0727477055309413,0.00673023353378112,300
7,4,4,1.2,0.425,S2_sum,3.0697431428307596,0.0067207025218367425,300
7,4,4,1.2,0.43,S2_sum,3.0667696433240463,0.006695719203844711,300
7,4,4,1.2,0.435,S2_sum,3.0639069680325934,0.006659749130234956,300
7,4,4,1.2,0.44,S2_sum,3.061489929022539,0.0066120446654135655,300
7,4,4,1.2,0.445,S2_sum,3.0583186376018054,0.0065736566217887244,300
7,4,4,1.2,0.45,S2_sum,3.055345331907134,0.006538414399573359,300
7,4,4,1.2,0.455,S2_sum,3.0520606485095123,0.0065267995089019004,300
7,4,4,1.2,0.46,S2_sum,3.0490384879435517,0.006507652435175787,300
7,4,4,1.2,0.465,S2_sum,3.046188947454223,0.006493285449647022,300
7,4,4,1.2,0.47000000000000003,S2_sum,3.042582428347338,0.006431914105557206,300
7,4,4,1.2,0.47500000000000003,S2_sum,3.0383766141989796,0.0063741533372416925,300
7,4,4,1.2,0.48,S2_sum,3.035566817073185,0.00638818288963145,300
7,4,4,1.2,0.485,S2_sum,3.031828103288918,0.006398181455101617,300
7,4,4,1.2,0.49,S2_sum,3.0287842780681498,0.006383372824433448,300
7,4,4,1.2,0.495,S2_sum,3.02529975836092,0.0063548781899729085,300
7,4,4,1.2,0.5,S2_sum,3.0221962610966107,0.0063752628886043,300
7,4,4,1.2,0.505,S2_sum,3.0193182118323354,0.006323331623640683,300
7,4,4,1.2,0.51,S2_sum,3.0159701864221526,0.0063049697748819395,300
7,4,4,1.2,0.515,S2_sum,3.0135145663625456,0.006315074812426566,300
7,4,4,1.2,0.52,S2_sum,3.0105813017699528,0.006286994875132473,300
7,4,4,1.2,0.525,S2_sum,3.0072959463903075,0.006268912871239901,300
7,4,4,1.2,0.53,S2_sum,3.0042595557627534,0.006259003386471191,300
7,4,4,1.2,0.535,S2_sum,3.0008209897607263,0.006196106655437346,300
7,4,4,1.2,0.54,S2_sum,2.998313944919243,0.006212558644262194,300
7,4,4,1.2,0.545,S2_sum,2.9951618387503594,0.006176436048944358,300
7,4,4,1.2,0.55,S2_sum,2.9916535598239706,0.006179647300505728,300
7,4,4,1.2,0.555,S2_sum,2.988083998614395,0.0061799750278360354,300
7,4,4,1.2,0.56,S2_sum,2.984429764587302,0.006172891769962004,300
7,4,4,1.2,0.5650000000000001,S2_sum,2.9803502066646232,0.006161897059991756,300
7,4,4,1.2,0.5700000000000001,S2_sum,2.976583300769283,0.006174849759694844,300
7,4,4,1.2,0.5750000000000001,S2_sum,2.9737272385582396,0.00615216711252823,300
7,4,4,1.2,0.58,S2_sum,2.970136736147673,0.00613769414377231,300
7,4,4,1.2,0.585,S2_sum,2.9673781074174452,0.006182195696964929,300
7,4,4,1.2,0.59,S2_sum,2.963824142186537,0.006173577637496304,300
7,4,4,1.2,0.595,S2_sum,2.9610596082954572,0.006146247955754958,300
7,4,4,1.2,0.6,S2_sum,2.9575722785561287,0.00612119687020459,300
7,4,4,1.2,0.0,Sstar,1.3882848360109574,0.0016197979854786436,300
7,4,4,1.2,0.005,Sstar,1.3883394936764104,0.0016288937704074578,300
7,4,4,1.2,0.01,Sstar,1.3884777611115537,0.0016302584458099982,300
7,4,4,1.2,0.015,Sstar,1.3885963330549955,0.001626411068662027,300
7,4,4,1.2,0.02,Sstar,1.3885670356805913,0.0016138856150585224,300
7,4,4,1.2,0.025,Sstar,1.388874574392972,0.0016134077548812,300
7,4,4,1.2,0.03,Sstar,1.3888963185070684,0.001604864534103937,300
7,4,4,1.2,0.035,Sstar,1.3893189950129217,0.0016088780924212972,300
7,4,4,1.2,0.04,Sstar,1.3897270472975387,0.0015947879954764093,300
7,4,4,1.2,0.045,Sstar,1.3899378308906432,0.0015797155280774656,300
7,4,4,1.2,0.05,Sstar,1.390396943424798,0.0015637185158352508,300
7,4,4,1.2,0.055,Sstar,1.3907061065000041,0.001543499252837154,300
7,4,4,1.2,0.06,Sstar,1.3911733942416573,0.0015338676985029746,300
7,4,4,1.2,0.065,Sstar,1.3914471373242698,0.00151997722769433,300
7,4,4,1.2,0.07,Sstar,1.3917571532885253,0.0015032245921420496,300
7,4,4,1.2,0.075,Sstar,1.3922376283362223,0.001484399067250156,300
7,4,4,1.2,0.08,Sstar,1.3923817675245387,0.001485490615074686,300
7,4,4,1.2,0.085,Sstar,1.3928202046369316,0.0014656150357503712,300
7,4,4,1.2,0.09,Sstar,1.393089030456942,0.0014543058237259134,300
7,4,4,1.2,0.095,Sstar,1.3932679526979765,0.0014570558298283927,300
7,4,4,1.2,0.1,Sstar,1.3935810916558926,0.0014491748058569184,300
7,4,4,1.2,0.105,Sstar,1.393786094541608,0.0014434779871171722,300
7,4,4,1.2,0.11,Sstar,1.3938776247725628,0.0014338555150106354,300
7,4,4,1.2,0.115,Sstar,1.394072632330609,0.001422234353910318,300
7,4,4,1.2,0.12,Sstar,1.3940058780845899,0.0014068597552915607,300
7,4,4,1.2,0.125,Sstar,1.3940567841439824,0.0014017659577125771,300
7,4,4,1.2,0.13,Sstar,1.3941662373269632,0.0013926346507649487,300
7,4,4,1.2,0.135,Sstar,1.3941756793605884,0.0013682120852634115,300
7,4,4,1.2,0.14,Sstar,1.3941584740118105,0.0013563096643931577,300
7,4,4,1.2,0.145,Sstar,1.3942758831667053,0.0013385560503784608,300
7,4,4,1.2,0.15,Sstar,1.3942052300950953,0.0013426903298813316,300
7,4,4,1.2,0.155,Sstar,1.394049654051171,0.0013334082487091478,300
7,4,4,1.2,0.16,Sstar,1.3939882372705252,0.0013283170345474314,300
7,4,4,1.2,0.165,Sstar,1.3939943507334487,0.0013159875092553746,300
7,4,4,1.2,0.17,Sstar,1.3939694630043002,0.0013168856843907809,300
7,4,4,1.2,0.17500000000000002,Sstar,1.3939885217443808,0.0012926182842468556,300
7,4,4,1.2,0.18,Sstar,1.3939659296746028,0.0012985675024145735,300
7,4,4,1.2,0.185,Sstar,1.3940324237221235,0.0012965637422124152,300
7,4,4,1.2,0.19,Sstar,1.3938084743389474,0.0012799743019606912,300
7,4,4,1.2,0.195,Sstar,1.3939148848918606,0.0012737870220534337,300
7,4,4,1.2,0.2,Sstar,1.3939090816608262,0.0012680314982741162,300
7,4,4,1.2,0.20500000000000002,Sstar,1.3938805765100535,0.0012598810994837624,300
7,4,4,1.2,0.21,Sstar,1.3935240955266828,0.0012591801722752426,300
7,4,4,1.2,0.215,Sstar,1.393351400321589,0.0012607654017183685,300
7,4,4,1.2,0.22,Sstar,1.3931539863837739,0.00124977324785949,300
7,4,4,1.2,0.225,Sstar,1.3928695043340489,0.0012373223889852805,300
7,4,4,1.2,0.23,Sstar,1.3927541131451742,0.0012433161304730436,300
7,4,4,1.2,0.23500000000000001,Sstar,1.3924299579914103,0.0012259485603969588,300
7,4,4,1.2,0.24,Sstar,1.3922160077914112,0.0012064987025777294,300
7,4,4,1.2,0.245,Sstar,1.392162305605973,0.0012012598588930353,300
7,4,4,1.2,0.25,Sstar,1.3918118420116259,0.0012025062470373566,300
7,4,4,1.2,0.255,Sstar,1.3916751498871558,0.0011952402743543966,300
7,4,4,1.2,0.26,Sstar,1.3915101683413469,0.0011955416615365964,300
7,4,4,1.2,0.265,Sstar,1.3911247846963777,0.0011986878784445304,300
7,4,4,1.2,0.27,Sstar,1.390977800087655,0.0011928290592392492,300
7,4,4,1.2,0.275,Sstar,1.3907577178280262,0.001191830123488655,300
7,4,4,1.2,0.28,Sstar,1.3903716498673144,0.0011784358663878682,300
7,4,4,1.2,0.28500000000000003,Sstar,1.389927108061855,0.0011589129871077506,300
7,4,4,1.2,0.29,Sstar,1.3896394959374119,0.0011614037207790847,300
7,4,4,1.2,0.295,Sstar,1.3890374871806992,0.0011568454546454457,300
7,4,4,1.2,0.3,Sstar,1.3884626325119036,0.0011507791628550927,300
7,4,4,1.2,0.305,Sstar,1.388198420623466,0.0011534075362130399,300
7,4,4,1.2,0.31,Sstar,1.3878960431473444,0.00116123457039633,300
7,4,4,1.2,0.315,Sstar,1.3875974383520233,0.0011572610065706907,300
7,4,4,1.2,0.32,Sstar,1.38722324625046,0.0011559823433792884,300
7,4,4,1.2,0.325,Sstar,1.3869315410852532,0.001147721165417237,300
7,4,4,1.2,0.33,Sstar,1.3866547012875938,0.0011433624139610555,300
7,4,4,1.2,0.335,Sstar,1.3860385552831216,0.0011392783990494706,300
7,4,4,1.2,0.34,Sstar,1.3858654454374006,0.0011334234834053554,300
7,4,4,1.2,0.34500000000000003,Sstar,1.3855992037570868,0.0011267490985309029,300
7,4,4,1.2,0.35000000000000003,Sstar,1.3851417086097106,0.0011311294774365903,300
7,4,4,1.2,0.355,Sstar,1.3846608725470548,0.001117573608938277,300
7,4,4,1.2,0.36,Sstar,1.384131550522997,0.0011161508818536019,300
7,4,4,1.2,0.365,Sstar,1.3836002054932497,0.0011122346571987352,300
7,4,4,1.2,0.37,Sstar,1.3831881778410449,0.0010991822800574696,300
7,4,4,1.2,0.375,Sstar,1.3824778479611795,0.0011121017940057413,300
7,4,4,1.2,0.38,Sstar,1.3819571429285913,0.0011050677265548538,300
7,4,4,1.2,0.385,Sstar,1.381574880141274,0.0010941988897012992,300
7,4,4,1.2,0.39,Sstar,1.3813264463244714,0.0010904230981982766,300
7,4,4,1.2,0.395,Sstar,1.381038822345091,0.0010791410675256455,300
7,4,4,1.2,0.4,Sstar,1.380638235679288,0.0010723723713305824,300
7,4,4,1.2,0.405,Sstar,1.3803501249706955,0.0010656769452401336,300
7,4,4,1.2,0.41000000000000003,Sstar,1.3798713383823107,0.0010757871026683262,300
7,4,4,1.2,0.41500000000000004,Sstar,1.3793440518813578,0.001071247457654129,300
7,4,4,1.2,0.42,Sstar,1.3788447265771533,0.0010654507149097877,300
7,4,4,1.2,0.425,Sstar,1.3783982720722956,0.0010598385416952514,300
7,4,4,1.2,0.43,Sstar,1.3779755843848491,0.001056017198082626,300
7,4,4,1.2,0.435,Sstar,1.37751487837256,0.0010487276964170312,300
7,4,4,1.2,0.44,Sstar,1.3772235651753102,0.0010409408781979067,300
7,4,4,1.2,0.445,Sstar,1.3767824647078328,0.0010381793283970042,300
7,4,4,1.2,0.45,Sstar,1.376324745958803,0.0010276387610988233,300
7,4,4,1.2,0.455,Sstar,1.375776890823283,0.0010302263662324742,300
7,4,4,1.2,0.46,Sstar,1.375190899176959,0.0010254761639897502,300
7,4,4,1.2,0.465,Sstar,1.374794224858027,0.0010171087791914046,300
7,4,4,1.2,0.47000000000000003,Sstar,1.3742163690629676,0.0010068508868103375,300
7,4,4,1.2,0.47500000000000003,Sstar,1.3734791860819713,0.0009981972879802485,300
7,4,4,1.2,0.48,Sstar,1.3730138890539452,0.000995876635431121,300
7,4,4,1.2,0.485,Sstar,1.372415945259919,0.0009925125068008566,300
7,4,4,1.2,0.49,Sstar,1.3718847131520782,0.0009854408218470062,300
7,4,4,1.2,0.495,Sstar,1.371249882560643,0.0009756104392966632,300
7,4,4,1.2,0.5,Sstar,1.3707375537020228,0.0009753141760389671,300
7,4,4,1.2,0.505,Sstar,1.3703568109883348,0.0009685712633695805,300
7,4,4,1.2,0.51,Sstar,1.3699580153949094,0.0009556046959563587,300
7,4,4,1.2,0.515,Sstar,1.369472764708326,0.0009624177209683591,300
7,4,4,1.2,0.52,Sstar,1.3689393466063142,0.0009565789990536201,300
7,4,4,1.2,0.525,Sstar,1.368506762201072,0.0009423842147577437,300
7,4,4,1.2,0.53,Sstar,1.3680018957437525,0.000936506184455998,300
7,4,4,1.2,0.535,Sstar,1.3674778219183006,0.0009297213384827676,300
7,4,4,1.2,0.54,Sstar,1.3671053638528563,0.000919786355188187,300
7,4,4,1.2,0.545,Sstar,1.3665621016841702,0.0009110666048245095,300
7,4,4,1.2,0.55,Sstar,1.3659434061030764,0.000910912280957934,300
7,4,4,1.2,0.555,Sstar,1.3653205716320167,0.0009149265111392501,300
7,4,4,1.2,0.56,Sstar,1.364733001046648,0.0009088662000164342,300
7,4,4,1.2,0.5650000000000001,Sstar,1.3639918518748275,0.0009082164278640046,300
7,4,4,1.2,0.5700000000000001,Sstar,1.363322161332462,0.0009015317191517085,300
7,4,4,1.2,0.5750000000000001,Sstar,1.362800601034595,0.0008959310219379171,300
7,4,4,1.2,0.58,Sstar,1.3622033157000502,0.0008849010007371961,300
7,4,4,1.2,0.585,Sstar,1.3617369159284751,0.0008911876540291328,300
7,4,4,1.2,0.59,Sstar,1.3609863849408503,0.0008873896945484199,300
7,4,4,1.2,0.595,Sstar,1.3605754979585343,0.0008765737028262109,300
7,4,4,1.2,0.6,Sstar,1.3598776216914668,0.0008707619311418982,300
7,4,4,1.6,0.0,M_sum,4.244799818900226,0.020120598550191396,300
7,4,4,1.6,0.005,M_sum,4.245056956600021,0.020172935194213856,300
7,4,4,1.6,0.01,M_sum,4.244895265042215,0.020214991157569112,300
7,4,4,1.6,0.015,M_sum,4.2452354709598845,0.020213630058214974,300
7,4,4,1.6,0.02,M_sum,4.244777150818273,0.020241131254117327,300
7,4,4,1.6,0.025,M_sum,4.244260308730514,0.020214579300263935,300
7,4,4,1.6,0.03,M_sum,4.2439246976687715,0.020149705966768256,300
7,4,4,1.6,0.035,M_sum,4.244922282701644,0.020187738489980785,300
7,4,4,1.6,0.04,M_sum,4.243559653915981,0.020084527072270927,300
7,4,4,1.6,0.045,M_sum,4.243964261290322,0.0201288635519669,300
7,4,4,1.6,0.05,M_sum,4.243507756351329,0.020173477478639353,300
7,4,4,1.6,0.055,M_sum,4.244209541474217,0.02013954454588662,300
7,4,4,1.6,0.06,M_sum,4.243008425888671,0.020099395877417138,300
7,4,4,1.6,0.065,M_sum,4.243704406496119,0.02005782527741648,300
7,4,4,1.6,0.07,M_sum,4.2426384448996455,0.020057321942265754,300
7,4,4,1.6,0.075,M_sum,4.241350489956994,0.01999592405016772,300
7,4,4,1.6,0.08,M_sum,4.2407231914578,0.01996207050455327,300
7,4,4,1.6,0.085,M_sum,4.238792771406991,0.019925490931494642,300
7,4,4,1.6,0.09,M_sum,4.238493206278693,0.019893470695125058,300
7,4,4,1.6,0.095,M_sum,4.237284233983848,0.019849879624294325,300
7,4,4,1.6,0.1,M_sum,4.236627073644818,0.01985631602587798,300
7,4,4,1.6,0.105,M_sum,4.234650789082472,0.019828119003124606,300
7,4,4,1.6,0.11,M_sum,4.2335067543311276,0.01980154902034467,300
7,4,4,1.6,0.115,M_sum,4.232073679940549,0.019693710035939428,300
7,4,4,1.6,0.12,M_sum,4.230750418304427,0.019746818005446407,300
7,4,4,1.6,0.125,M_sum,4.229842884290643,0.019735048783176723,300
7,4,4,1.6,0.13,M_sum,4.227778750113043,0.019667948153317384,300
7,4,4,1.6,0.135,M_sum,4.226332419067317,0.01965864887764671,300
7,4,4,1.6,0.14,M_sum,4.22469421457509,0.019656819630134943,300
7,4,4,1.6,0.145,M_sum,4.2228123258203665,0.019615837070862282,300
7,4,4,1.6,0.15,M_sum,4.22162476513643,0.019617013318464865,300
7,4,4,1.6,0.155,M_sum,4.219117233764967,0.019527134078631034,300
7,4,4,1.6,0.16,M_sum,4.2158624220043235,0.019493223109976428,300
7,4,4,1.6,0.165,M_sum,4.2137594442541015,0.01947312651624167,300
7,4,4,1.6,0.17,M_sum,4.211278532688923,0.019355304110519726,300
7,4,4,1.6,0.17500000000000002,M_sum,4.209950554043623,0.01931733808695134,300
7,4,4,1.6,0.18,M_sum,4.2073756295396745,0.019245276306627587,300
7,4,4,1.6,0.185,M_sum,4.2052730063530515,0.019167188689575874,300
7,4,4,1.6,0.19,M_sum,4.203982936882464,0.019174255176974676,300
7,4,4,1.6,0.195,M_sum,4.201172845612717,0.01908534534552598,300
7,4,4,1.6,0.2,M_sum,4.197646271890355,0.019059256759292223,300
7,4,4,1.6,0.20500000000000002,M_sum,4.194882484844462,0.019017932258273647,300
7,4,4,1.6,0.21,M_sum,4.191607636991092,0.018957095441587652,300
7,4,4,1.6,0.215,M_sum,4.188947005430005,0.018875077750087434,300
7,4,4,1.6,0.22,M_sum,4.186437061662216,0.01881240198246924,300
7,4,4,1.6,0.225,M_sum,4.18357657831987,0.018808052121880022,300
7,4,4,1.6,0.23,M_sum,4.179966537363123,0.01870170112572815,300
7,4,4,1.6,0.23500000000000001,M_sum,4.176475827847723,0.018638005122996692,300
7,4,4,1.6,0.24,M_sum,4.174170967722163,0.01869182656085558,300
7,4,4,1.6,0.245,M_sum,4.171188895797144,0.018598207987352063,300
7,4,4,1.6,0.25,M_sum,4.168351306205463,0.018571632131814918,300
7,4,4,1.6,0.255,M_sum,4.165743041211506,0.018512386365602405,300
7,4,4,1.6,0.26,M_sum,4.163681940603843,0.01842688428186431,300
7,4,4,1.6,0.265,M_sum,4.160634932216158,0.018372902391353196,300
7,4,4,1.6,0.27,M_sum,4.158117035921578,0.01833415826534333,300
7,4,4,1.6,0.275,M_sum,4.154458729908468,0.018261571927168572,300
7,4,4,1.6,0.28,M_sum,4.150601565479094,0.018246467860072134,300
7,4,4,1.6,0.28500000000000003,M_sum,4.146968208268289,0.018208038599219475,300
7,4,4,1.6,0.29,M_sum,4.144015758300578,0.01818522373398451,300
7,4,4,1.6,0.295,M_sum,4.140811451652565,0.018144217259736008,300
7,4,4,1.6,0.3,M_sum,4.136824070602924,0.01806069658517096,300
7,4,4,1.6,0.305,M_sum,4.133915615566635,0.01808190705344658,300
7,4,4,1.6,0.31,M_sum,4.1301041324890795,0.018032604235719393,300
7,4,4,1.6,0.315,M_sum,4.126951884403032,0.017966112123894328,300
7,4,4,1.6,0.32,M_sum,4.123318487746628,0.01788528599886529,300
7,4,4,1.6,0.325,M_sum,4.12017504533777,0.017857042199428796,300
7,4,4,1.6,0.33,M_sum,4.116551925961223,0.017840391134227498,300
7,4,4,1.6,0.335,M_sum,4.112712200990598,0.017791794699267338,300
7,4,4,1.6,0.34,M_sum,4.109108903872671,0.017688598606220907,300
7,4,4,1.6,0.34500000000000003,M_sum,4.105246250193888,0.017651510504924132,300
7,4,4,1.6,0.35000000000000003,M_sum,4.101508809720539,0.01765119499507343,300
7,4,4,1.6,0.355,M_sum,4.097738426877972,0.017595453811580165,300
7,4,4,1.6,0.36,M_sum,4.094570740306524,0.017552798829719708,300
7,4,4,1.6,0.365,M_sum,4.091191977329021,0.017518956312759872,300
7,4,4,1.6,0.37,M_sum,4.087411387306059,0.01745167146474395,300
7,4,4,1.6,0.375,M_sum,4.082390056010894,0.017395185648094245,300
7,4,4,1.6,0.38,M_sum,4.078377874928235,0.01733236360331939,300
7,4,4,1.6,0.385,M_sum,4.074749827027838,0.017297938191597115,300
7,4,4,1.6,0.39,M_sum,4.070526454773957,0.01727550706311981,300
7,4,4,1.6,0.395,M_sum,4.064596472554551,0.01714594411361359,300
7,4,4,1.6,0.4,M_sum,4.059768321908065,0.017069931412945858,300
7,4,4,1.6,0.405,M_sum,4.056089224893839,0.017090127365812707,300
7,4,4,1.6,0.41000000000000003,M_sum,4.052410550823968,0.017028781700581905,300
7,4,4,1.6,0.41500000000000004,M_sum,4.04831169291963,0.016942962765910227,300
7,4,4,1.6,0.42,M_sum,4.044110859602592,0.01689319326536912,300
7,4,4,1.6,0.425,M_sum,4.039453832428289,0.016833568732807884,300
7,4,4,1.6,0.43,M_sum,4.035300246651499,0.016745516318859215,300
7,4,4,1.6,0.435,M_sum,4.031209570821503,0.016650601341859743,300
7,4,4,1.6,0.44,M_sum,4.027151239512878,0.016586653204067138,300
7,4,4,1.6,0.445,M_sum,4.022243599617237,0.01652951735741045,300
7,4,4,1.6,0.45,M_sum,4.018292130376792,0.016466150767554973,300
7,4,4,1.6,0.455,M_sum,4.014196575266373,0.016411314206952125,300
7,4,4,1.6,0.46,M_sum,4.009877222301694,0.016332257468211632,300
7,4,4,1.6,0.465,M_sum,4.005276109928105,0.01628096861236468,300
7,4,4,1.6,0.47000000000000003,M_sum,4.000389836067178,0.01619377296917551,300
7,4,4,1.6,0.47500000000000003,M_sum,3.9956667731804214,0.016079510322470413,300
7,4,4,1.6,0.48,M_sum,3.990842531541914,0.016032794888600554,300
7,4,4,1.6,0.485,M_sum,3.985867488993344,0.015913639812617366,300
7,4,4,1.6,0.49,M_sum,3.9810537439310085,0.015872482364860677,300
7,4,4,1.6,0.495,M_sum,3.976509273855958,0.01585068333992582,300
7,4,4,1.6,0.5,M_sum,3.9710542701708405,0.015841377142434502,300
7,4,4,1.6,0.505,M_sum,3.9665303479560188,0.01575055649295783,300
7,4,4,1.6,0.51,M_sum,3.962132162470451,0.015694715555079543,300
7,4,4,1.6,0.515,M_sum,3.9583016442523733,0.015630021111646124,300
7,4,4,1.6,0.52,M_sum,3.953781371781472,0.015517415432634886,300
7,4,4,1.6,0.525,M_sum,3.949772445868961,0.015462869354329322,300
7,4,4,1.6,0.53,M_sum,3.9442123355368826,0.015324958370417911,300
7,4,4,1.6,0.535,M_sum,3.9406174255744237,0.015293515389467788,300
7,4,4,1.6,0.54,M_sum,3.9365998084924727,0.01529967414966789,300
7,4,4,1.6,0.545,M_sum,3.9318074685296667,0.015287462733859577,300
7,4,4,1.6,0.55,M_sum,3.927256391037394,0.01520230725434784,300
7,4,4,1.6,0.555,M_sum,3.922035709316849,0.015182386433058394,300
7,4,4,1.6,0.56,M_sum,3.916870166589636,0.015115792166142906,300
7,4,4,1.6,0.5650000000000001,M_sum,3.912515274807404,0.015077991767281734,300
7,4,4,1.6,0.5700000000000001,M_sum,3.907744708236819,0.01506471823953491,300
7,4,4,1.6,0.5750000000000001,M_sum,3.9024330830144276,0.014995108791164448,300
7,4,4,1.6,0.58,M_sum,3.8982302741936556,0.014915324254143785,300
7,4,4,1.6,0.585,M_sum,3.8934000336791,0.014809204036458952,300
7,4,4,1.6,0.59,M_sum,3.8894204054307524,0.014753597768616681,300
7,4,4,1.6,0.595,M_sum,3.8845350701673778,0.014694972829598349,300
7,4,4,1.6,0.6,M_sum,3.880129755178494,0.014609152098806954,300
7,4,4,1.6,0.0,S2_sum,3.0791530760217114,0.01127476490355316,300
7,4,4,1.6,0.005,S2_sum,3.079313937998766,0.011310951694112392,300
7,4,4,1.6,0.01,S2_sum,3.0791720352008065,0.011340278387830069,300
7,4,4,1.6,0.015,S2_sum,3.079456109860173,0.01134159344066777,300
7,4,4,1.6,0.02,S2_sum,3.0791150358481256,0.011361328911882023,300
7,4,4,1.6,0.025,S2_sum,3.078760483817481,0.01134194408805751,300
7,4,4,1.6,0.03,S2_sum,3.078552615933183,0.011293194228641527,300
7,4,4,1.6,0.035,S2_sum,3.0793179064194693,0.011323610819395846,300
7,4,4,1.6,0.04,S2_sum,3.07839834070721,0.011249889122933484,300
7,4,4,1.6,0.045,S2_sum,3.0787425434595,0.011276737191092854,300
7,4,4,1.6,0.05,S2_sum,3.0784599355147786,0.011311483654441354,300
7,4,4,1.6,0.055,S2_sum,3.079049377722776,0.011285531489034835,300
7,4,4,1.6,0.06,S2_sum,3.0782858058218587,0.011258957129197545,300
7,4,4,1.6,0.065,S2_sum,3.0788889662605423,0.011230725999312208,300
7,4,4,1.6,0.07,S2_sum,3.078176677009404,0.011231922875975917,300
7,4,4,1.6,0.075,S2_sum,3.0773493003146606,0.011189153935057766,300
7,4,4,1.6,0.08,S2_sum,3.0770203243320298,0.011164416230210819,300
7,4,4,1.6,0.085,S2_sum,3.075708318681236,0.011139518901049519,300
7,4,4,1.6,0.09,S2_sum,3.0756428379940983,0.011116092743712242,300
7,4,4,1.6,0.095,S2_sum,3.074897788685601,0.011089681898202254,300
7,4,4,1.6,0.1,S2_sum,3.0745190514901872,0.011096257840642542,300
7,4,4,1.6,0.105,S2_sum,3.073219065875131,0.011082942075751499,300
7,4,4,1.6,0.11,S2_sum,3.0725079277743204,0.011073440947528842,300
7,4,4,1.6,0.115,S2_sum,3.0716572396640562,0.010995970765814253,300
7,4,4,1.6,0.12,S2_sum,3.0708512582121963,0.011035114790150166,300
7,4,4,1.6,0.125,S2_sum,3.0703465053842525,0.01103806332644406,300
7,4,4,1.6,0.13,S2_sum,3.069023742345417,0.010995040851576121,300
7,4,4,1.6,0.135,S2_sum,3.068120284900474,0.01099178484483383,300
7,4,4,1.6,0.14,S2_sum,3.0671259177618344,0.010999438418356338,300
7,4,4,1.6,0.145,S2_sum,3.065938324562797,0.010979668292971022,300
7,4,4,1.6,0.15,S2_sum,3.0652609463156586,0.01098758489625842,300
7,4,4,1.6,0.155,S2_sum,3.0636744164875656,0.0109294371853916,300
7,4,4,1.6,0.16,S2_sum,3.0614846567306326,0.010914823384220384,300
7,4,4,1.6,0.165,S2_sum,3.060172836701633,0.010908790255522452,300
7,4,4,1.6,0.17,S2_sum,3.058622023195916,0.010831965900120312,300
7,4,4,1.6,0.17500000000000002,S2_sum,3.0579230014485135,0.010809078928044646,300
7,4,4,1.6,0.18,S2_sum,3.056257447046997,0.01076405485332249,300
7,4,4,1.6,0.185,S2_sum,3.055021229223576,0.010722954691585414,300
7,4,4,1.6,0.19,S2_sum,3.0543633444892815,0.010732373110182714,300
7,4,4,1.6,0.195,S2_sum,3.0525963063139403,0.010676100911213942,300
7,4,4,1.6,0.2,S2_sum,3.0503005078873775,0.01066871557578961,300
7,4,4,1.6,0.20500000000000002,S2_sum,3.048588338079264,0.010649206949839363,300
7,4,4,1.6,0.21,S2_sum,3.0464732513203026,0.010615787929224796,300
7,4,4,1.6,0.215,S2_sum,3.04482441498957,0.010569380044487896,300
7,4,4,1.6,0.22,S2_sum,3.043279172880875,0.010534916994172312,300
7,4,4,1.6,0.225,S2_sum,3.0415050767457688,0.010538829623737287,300
7,4,4,1.6,0.23,S2_sum,3.0391775095378413,0.010475013530779504,300
7,4,4,1.6,0.23500000000000001,S2_sum,3.0369686695528793,0.010436960763742785,300
7,4,4,1.6,0.24,S2_sum,3.035610676864031,0.010487605921782139,300
7,4,4,1.6,0.245,S2_sum,3.033745453835696,0.010439947538092353,300
7,4,4,1.6,0.25,S2_sum,3.03195938717563,0.01043344173150058,300
7,4,4,1.6,0.255,S2_sum,3.030419906605448,0.01040385700078059,300
7,4,4,1.6,0.26,S2_sum,3.0292244399374306,0.010353214260661863,300
7,4,4,1.6,0.265,S2_sum,3.0273309299581674,0.010325568178284929,300
7,4,4,1.6,0.27,S2_sum,3.025854119853535,0.010308166695734729,300
7,4,4,1.6,0.275,S2_sum,3.023546683441281,0.010271568984795244,300
7,4,4,1.6,0.28,S2_sum,3.0210952616185938,0.010270891730303754,300
7,4,4,1.6,0.28500000000000003,S2_sum,3.0188321160933715,0.010255093481486862,300
7,4,4,1.6,0.29,S2_sum,3.017063940069173,0.010253998118582115,300
7,4,4,1.6,0.295,S2_sum,3.0151406074007308,0.010237783855619211,300
7,4,4,1.6,0.3,S2_sum,3.012616007198347,0.010190909799574783,300
7,4,4,1.6,0.305,S2_sum,3.0109304677332958,0.010218091674185685,300
7,4,4,1.6,0.31,S2_sum,3.0084961404605615,0.010195688408650474,300
7,4,4,1.6,0.315,S2_sum,3.0065778993962353,0.010153849555799637,300
7,4,4,1.6,0.32,S2_sum,3.0043054709752854,0.010108670944406796,300
7,4,4,1.6,0.325,S2_sum,3.002450450099954,0.010099021896849397,300
7,4,4,1.6,0.33,S2_sum,3.000164859172712,0.010106422005659664,300
7,4,4,1.6,0.335,S2_sum,2.9977745528326327,0.010084184856226674,300
7,4,4,1.6,0.34,S2_sum,2.9956129310210784,0.010024794914027052,300
7,4,4,1.6,0.34500000000000003,S2_sum,2.9932136258905744,0.010010882306032582,300
7,4,4,1.6,0.35000000000000003,S2_sum,2.990901693068059,0.010029319944232925,300
7,4,4,1.6,0.355,S2_sum,2.9886132476879377,0.010000656185297045,300
7,4,4,1.6,0.36,S2_sum,2.986721833972031,0.009986165179320513,300
7,4,4,1.6,0.365,S2_sum,2.98470322314045,0.009979595005496618,300
7,4,4,1.6,0.37,S2_sum,2.9823884020017233,0.009942993072196,300
7,4,4,1.6,0.375,S2_sum,2.9791864883291876,0.009915773539480394,300
7,4,4,1.6,0.38,S2_sum,2.9767066056528235,0.00988236659719353,300
7,4,4,1.6,0.385,S2_sum,2.974496323231006,0.009872175478584783,300
7,4,4,1.6,0.39,S2_sum,2.9719226971034236,0.009867893275917998,300
7,4,4,1.6,0.395,S2_sum,2.9681136366598326,0.009787395184629073,300
7,4,4,1.6,0.4,S2_sum,2.9650865889999936,0.0097458472170308,300
7,4,4,1.6,0.405,S2_sum,2.9628714405416976,0.009773804834297031,300
7,4,4,1.6,0.41000000000000003,S2_sum,2.9606829951375424,0.009741509478212037,300
7,4,4,1.6,0.41500000000000004,S2_sum,2.958206841628173,0.009694123845479225,300
7,4,4,1.6,0.42,S2_sum,2.95569635607755,0.009671379081798475,300
7,4,4,1.6,0.425,S2_sum,2.9528536278765145,0.00964136459278084,300
7,4,4,1.6,0.43,S2_sum,2.9503619512898114,0.009590976224957706,300
7,4,4,1.6,0.435,S2_sum,2.9478875248993526,0.009538754082464407,300
7,4,4,1.6,0.44,S2_sum,2.9454756458706783,0.009504781571110883,300
7,4,4,1.6,0.445,S2_sum,2.9424332445898367,0.00948025562331805,300
7,4,4,1.6,0.45,S2_sum,2.940124586173227,0.009447376897297131,300
7,4,4,1.6,0.455,S2_sum,2.937680698508215,0.009420685614679474,300
7,4,4,1.6,0.46,S2_sum,2.935071761117638,0.009375788319318679,300
7,4,4,1.6,0.465,S2_sum,2.932253384004206,0.009350863270214435,300
7,4,4,1.6,0.47000000000000003,S2_sum,2.929286974946593,0.009301665600383103,300
7,4,4,1.6,0.47500000000000003,S2_sum,2.926409048041608,0.009233515466140743,300
7,4,4,1.6,0.48,S2_sum,2.9234678806573764,0.009212382392873284,300
7,4,4,1.6,0.485,S2_sum,2.920409393485681,0.00913715829400029,300
7,4,4,1.6,0.49,S2_sum,2.917463476723951,0.009123153984816008,300
7,4,4,1.6,0.495,S2_sum,2.914703370038791,0.009120063577167539,300
7,4,4,1.6,0.5,S2_sum,2.9112889090728444,0.009132561057956443,300
7,4,4,1.6,0.505,S2_sum,2.9086096592193185,0.009078374660716065,300
7,4,4,1.6,0.51,S2_sum,2.905994779428972,0.009045910908519453,300
7,4,4,1.6,0.515,S2_sum,2.9037587346981333,0.009008403029071388,300
7,4,4,1.6,0.52,S2_sum,2.9010893250372076,0.008935793394381756,300
7,4,4,1.6,0.525,S2_sum,2.8987762432266733,0.008909010436944047,300
7,4,4,1.6,0.53,S2_sum,2.895314252787824,0.00881755200650348,300
7,4,4,1.6,0.535,S2_sum,2.8932979852667273,0.008807830434715684,300
7,4,4,1.6,0.54,S2_sum,2.890943107754725,0.008823015427490186,300
7,4,4,1.6,0.545,S2_sum,2.888065556613566,0.008827305819349703,300
7,4,4,1.6,0.55,S2_sum,2.8853637021153378,0.008778451355369286,300
7,4,4,1.6,0.555,S2_sum,2.8821332788034457,0.008773526038607357,300
7,4,4,1.6,0.56,S2_sum,2.8789647860546315,0.008738941432790694,300
7,4,4,1.6,0.5650000000000001,S2_sum,2.8764234161695987,0.00871804152367844,300
7,4,4,1.6,0.5700000000000001,S2_sum,2.8735787672226096,0.0087172691405198,300
7,4,4,1.6,0.5750000000000001,S2_sum,2.8703098224155834,0.008679712451562233,300
7,4,4,1.6,0.58,S2_sum,2.8678911646619607,0.008634257418809197,300
7,4,4,1.6,0.585,S2_sum,2.865010180375693,0.00857061125079555,300
7,4,4,1.6,0.59,S2_sum,2.8627140890900584,0.00854281916825455,300
7,4,4,1.6,0.595,S2_sum,2.859754091340893,0.008514050606859407,300
7,4,4,1.6,0.6,S2_sum,2.857147202624712,0.008464245201936206,300
7,4,4,1.6,0.0,Sstar,1.357621128242238,0.0021693655875950598,300
7,4,4,1.6,0.005,Sstar,1.3578191918204114,0.0021824426604256193,300
7,4,4,1.6,0.01,Sstar,1.3577205967421684,0.002196872229321317,300
7,4,4,1.6,0.015,Sstar,1.3575200151426368,0.0022103093526758865,300
7,4,4,1.6,0.02,Sstar,1.3573485285380409,0.002231732439341471,300
7,4,4,1.6,0.025,Sstar,1.3572477466369708,0.0022391189855659153,300
7,4,4,1.6,0.03,Sstar,1.3571563055730855,0.0022428677966571013,300
7,4,4,1.6,0.035,Sstar,1.3576296577438085,0.002246095029931211,300
7,4,4,1.6,0.04,Sstar,1.35775006667718,0.0022385861932887187,300
7,4,4,1.6,0.045,Sstar,1.3581341908787754,0.0022416535758364464,300
7,4,4,1.6,0.05,Sstar,1.358649413773827,0.002237850259432521,300
7,4,4,1.6,0.055,Sstar,1.3594596550970592,0.002220196733629688,300
7,4,4,1.6,0.06,Sstar,1.35965242997879,0.002213305869757335,300
7,4,4,1.6,0.065,Sstar,1.3603284142248697,0.002204153526365972,300
7,4,4,1.6,0.07,Sstar,1.3608343800128266,0.002201914985717937,300
7,4,4,1.6,0.075,Sstar,1.3610853127574079,0.0021886110307147866,300
7,4,4,1.6,0.08,Sstar,1.3615301197869012,0.0021747709581978877,300
7,4,4,1.6,0.085,Sstar,1.3617687891415602,0.0021729205223480932,300
7,4,4,1.6,0.09,Sstar,1.362239947839468,0.0021595875382791636,300
7,4,4,1.6,0.095,Sstar,1.3626182548619883,0.0021469380379560846,300
7,4,4,1.6,0.1,Sstar,1.3630336252693107,0.00212951470063677,300
7,4,4,1.6,0.105,Sstar,1.3633024064071777,0.002124134116074856,300
7,4,4,1.6,0.11,Sstar,1.3638351624660425,0.0021093643553328416,300
7,4,4,1.6,0.115,Sstar,1.3642477408973994,0.0020859839009646393,300
7,4,4,1.6,0.12,Sstar,1.3645697872613944,0.0020903066017090017,300
7,4,4,1.6,0.125,Sstar,1.3650613333259132,0.002085866907538828,300
7,4,4,1.6,0.13,Sstar,1.3652566842273703,0.002069329051298228,300
7,4,4,1.6,0.135,Sstar,1.3655036420022233,0.0020570372794172405,300
7,4,4,1.6,0.14,Sstar,1.365764237879387,0.0020454553908064907,300
7,4,4,1.6,0.145,Sstar,1.3659360396633498,0.002033564168906058,300
7,4,4,1.6,0.15,Sstar,1.3664135663712516,0.002032146302040751,300
7,4,4,1.6,0.155,Sstar,1.3665372000277654,0.0020124497803958117,300
7,4,4,1.6,0.16,Sstar,1.3665135142984042,0.001996535598140681,300
7,4,4,1.6,0.165,Sstar,1.366701579720483,0.0019974862713591428,300
7,4,4,1.6,0.17,Sstar,1.366787334592308,0.001984004250565362,300
7,4,4,1.6,0.17500000000000002,Sstar,1.3670850555853988,0.0019771338402431956,300
7,4,4,1.6,0.18,Sstar,1.3671067290210666,0.0019729288669570735,300
7,4,4,1.6,0.185,Sstar,1.3672277977987892,0.0019540891461261012,300
7,4,4,1.6,0.19,Sstar,1.3674812212598304,0.0019499173823293245,300
7,4,4,1.6,0.195,Sstar,1.3675616604659677,0.0019349810098831315,300
7,4,4,1.6,0.2,Sstar,1.3675273143639481,0.0019254025501562288,300
7,4,4,1.6,0.20500000000000002,Sstar,1.367463274875638,0.0019181260190638512,300
7,4,4,1.6,0.21,Sstar,1.3674427546983192,0.0019074935760238073,300
7,4,4,1.6,0.215,Sstar,1.3676640469297925,0.0018866849687545458,300
7,4,4,1.6,0.22,Sstar,1.3677567751514663,0.001873317091285525,300
7,4,4,1.6,0.225,Sstar,1.3677928485646949,0.0018677898873962265,300
7,4,4,1.6,0.23,Sstar,1.3677064012067903,0.0018474810405632782,300
7,4,4,1.6,0.23500000000000001,Sstar,1.3676629047148752,0.0018331152014558184,300
7,4,4,1.6,0.24,Sstar,1.367708756219112,0.001839196943139188,300
7,4,4,1.6,0.245,Sstar,1.367829232115611,0.0018212979777379324,300
7,4,4,1.6,0.25,Sstar,1.3677961336528681,0.001818473375468579,300
7,4,4,1.6,0.255,Sstar,1.3678046168845364,0.001809748267384942,300
7,4,4,1.6,0.26,Sstar,1.3677673199813982,0.0018011900716285944,300
7,4,4,1.6,0.265,Sstar,1.367666121589496,0.001795591261794178,300
7,4,4,1.6,0.27,Sstar,1.3677166987403089,0.0017886303897881354,300
7,4,4,1.6,0.275,Sstar,1.3675001623696779,0.001781729288825531,300
7,4,4,1.6,0.28,Sstar,1.367320106243473,0.0017778617857461927,300
7,4,4,1.6,0.28500000000000003,Sstar,1.3671868251093517,0.0017607331199966112,300
7,4,4,1.6,0.29,Sstar,1.3671689265815195,0.0017496250471303947,300
7,4,4,1.6,0.295,Sstar,1.367259229459735,0.0017329764531072009,300
7,4,4,1.6,0.3,Sstar,1.3670453155083044,0.0017159579491769338,300
7,4,4,1.6,0.305,Sstar,1.3670387863161366,0.0017105228295659384,300
7,4,4,1.6,0.31,Sstar,1.3668336959286702,0.0016896874041849343,300
7,4,4,1.6,0.315,Sstar,1.3667778872564476,0.0016801896744884526,300
7,4,4,1.6,0.32,Sstar,1.3665353357717351,0.0016673701139001827,300
7,4,4,1.6,0.325,Sstar,1.3664713048477644,0.0016716570339236256,300
7,4,4,1.6,0.33,Sstar,1.3660583222710716,0.001667086725972811,300
7,4,4,1.6,0.335,Sstar,1.365826302314548,0.0016605374765749272,300
7,4,4,1.6,0.34,Sstar,1.3657233404213724,0.0016519019521486502,300
7,4,4,1.6,0.34500000000000003,Sstar,1.3655347378893363,0.00164754266420274,300
7,4,4,1.6,0.35000000000000003,Sstar,1.3652261492979336,0.0016497117321999557,300
7,4,4,1.6,0.355,Sstar,1.3650450805801932,0.0016469720671082016,300
7,4,4,1.6,0.36,Sstar,1.3649386580659493,0.0016392173834964188,300
7,4,4,1.6,0.365,Sstar,1.3646943984949538,0.0016307674067243083,300
7,4,4,1.6,0.37,Sstar,1.3644987974300067,0.0016208114812735377,300
7,4,4,1.6,0.375,Sstar,1.3638778143571857,0.001619072803131755,300
7,4,4,1.6,0.38,Sstar,1.363747736167091,0.0016109409444950156,300
7,4,4,1.6,0.385,Sstar,1.3635776762870622,0.0015973319782959928,300
7,4,4,1.6,0.39,Sstar,1.3632134623541072,0.0015921455241907447,300
7,4,4,1.6,0.395,Sstar,1.3627355759784563,0.001575241581708527,300
7,4,4,1.6,0.4,Sstar,1.3622096663726204,0.001566288720297913,300
7,4,4,1.6,0.405,Sstar,1.3619218249917338,0.001574880263095175,300
7,4,4,1.6,0.41000000000000003,Sstar,1.3617091677235469,0.0015686214662204905,300
7,4,4,1.6,0.41500000000000004,Sstar,1.3612723593037834,0.001566423089427702,300
7,4,4,1.6,0.42,Sstar,1.3609466982175302,0.0015611568979230093,300
7,4,4,1.6,0.425,Sstar,1.3606617055295989,0.0015478031830122865,300
7,4,4,1.6,0.43,Sstar,1.360460324149112,0.0015327777018962364,300
7,4,4,1.6,0.435,Sstar,1.360143903084735,0.0015165677573684608,300
7,4,4,1.6,0.44,Sstar,1.3599812636857438,0.001503623131222852,300
7,4,4,1.6,0.445,Sstar,1.3595973516014028,0.0014988115978053665,300
7,4,4,1.6,0.45,Sstar,1.3593957410569617,0.0014708924109305733,300
7,4,4,1.6,0.455,Sstar,1.3591246398802772,0.001461796297629819,300
7,4,4,1.6,0.46,Sstar,1.3587325026649468,0.0014531085878694554,300
7,4,4,1.6,0.465,Sstar,1.3583784227385036,0.0014458564551261645,300
7,4,4,1.6,0.47000000000000003,Sstar,1.3578639901125997,0.0014444084709843393,300
7,4,4,1.6,0.47500000000000003,Sstar,1.3573539849044032,0.0014287688319224807,300
7,4,4,1.6,0.48,Sstar,1.3569119970307804,0.0014344452311321706,300
7,4,4,1.6,0.485,Sstar,1.356494172769795,0.001413441654116952,300
7,4,4,1.6,0.49,Sstar,1.3561478799363618,0.001408783305282526,300
7,4,4,1.6,0.495,Sstar,1.3557043067670187,0.001412049840587383,300
7,4,4,1.6,0.5,Sstar,1.3550480349521385,0.0014197551860704008,300
7,4,4,1.6,0.505,Sstar,1.354600715173375,0.0014034874578372977,300
7,4,4,1.6,0.51,Sstar,1.3541491016113372,0.0013883010462734306,300
7,4,4,1.6,0.515,Sstar,1.353779374713337,0.0013739143428044926,300
7,4,4,1.6,0.52,Sstar,1.353377547483197,0.001373499592701849,300
7,4,4,1.6,0.525,Sstar,1.3531668021194774,0.0013591058423528082,300
7,4,4,1.6,0.53,Sstar,1.3526688028904632,0.0013385408928992461,300
7,4,4,1.6,0.535,Sstar,1.3523212227839132,0.0013347908313835607,300
7,4,4,1.6,0.54,Sstar,1.3520467371422216,0.0013365746922357436,300
7,4,4,1.6,0.545,Sstar,1.351679024821408,0.0013352388192970192,300
7,4,4,1.6,0.55,Sstar,1.351396204039521,0.0013283131943377944,300
7,4,4,1.6,0.555,Sstar,1.3507184949797544,0.001327196470078198,300
7,4,4,1.6,0.56,Sstar,1.3501920958782379,0.0013181889956898967,300
7,4,4,1.6,0.5650000000000001,Sstar,1.3499054377848496,0.001301699798416271,300
7,4,4,1.6,0.5700000000000001,Sstar,1.3493285160457344,0.0012965576451484863,300
7,4,4,1.6,0.5750000000000001,Sstar,1.3487674294685534,0.0012947468603610214,300
7,4,4,1.6,0.58,Sstar,1.3484043492194164,0.0012834312025789992,300
7,4,4,1.6,0.585,Sstar,1.3480968657757637,0.0012638195568023501,300
7,4,4,1.6,0.59,Sstar,1.3477427894711793,0.00125008116601467,300
7,4,4,1.6,0.595,Sstar,1.3474411345130506,0.0012348914066335176,300
7,4,4,1.6,0.6,Sstar,1.3471088345141915,0.001219027203546328,300
7,4,4,2.0,0.0,M_sum,3.969275653322415,0.024313139732277687,300
7,4,4,2.0,0.005,M_sum,3.969384333021089,0.024334612351741107,300
7,4,4,2.0,0.01,M_sum,3.9692432352265,0.024385838939940625,300
7,4,4,2.0,0.015,M_sum,3.9696567081507137,0.024456202938246074,300
7,4,4,2.0,0.02,M_sum,3.9700077738143396,0.024423736781276295,300
7,4,4,2.0,0.025,M_sum,3.9692978211849437,0.0244248272350989,300
7,4,4,2.0,0.03,M_sum,3.969714097959855,0.024461116486849364,300
7,4,4,2.0,0.035,M_sum,3.968309666709735,0.02436378997088223,300
7,4,4,2.0,0.04,M_sum,3.9689082082882297,0.02435209213535921,300
7,4,4,2.0,0.045,M_sum,3.968332922006663,0.024340285771383335,300
7,4,4,2.0,0.05,M_sum,3.9679254854022754,0.024274110387667247,300
7,4,4,2.0,0.055,M_sum,3.967929286708908,0.024306070707310105,300
7,4,4,2.0,0.06,M_sum,3.968584345935576,0.024363200388217918,300
7,4,4,2.0,0.065,M_sum,3.967999522199507,0.02434378766005025,300
7,4,4,2.0,0.07,M_sum,3.968384133412794,0.024330399999931415,300
7,4,4,2.0,0.075,M_sum,3.966962373409724,0.024281213248077322,300
7,4,4,2.0,0.08,M_sum,3.9672865009336653,0.02422511573323833,300
7,4,4,2.0,0.085,M_sum,3.9667201626482984,0.02424878409527212,300
7,4,4,2.0,0.09,M_sum,3.965925191253526,0.02417956416734687,300
7,4,4,2.0,0.095,M_sum,3.965050874457422,0.024175990415268165,300
7,4,4,2.0,0.1,M_sum,3.9641999705433957,0.0241261643295289,300
7,4,4,2.0,0.105,M_sum,3.962444384730375,0.024101970386873544,300
7,4,4,2.0,0.11,M_sum,3.9625325789098738,0.024087716458860726,300
7,4,4,2.0,0.115,M_sum,3.960355721367881,0.024017255699947792,300
7,4,4,2.0,0.12,M_sum,3.9603766276024546,0.024031390893289994,300
7,4,4,2.0,0.125,M_sum,3.9596083375235307,0.023998130651738076,300
7,4,4,2.0,0.13,M_sum,3.957945918467821,0.023957017106795903,300
7,4,4,2.0,0.135,M_sum,3.9560133928981207,0.02393239452686282,300
7,4,4,2.0,0.14,M_sum,3.9553736933479544,0.023840518859547535,300
7,4,4,2.0,0.145,M_sum,3.9543160901078824,0.023840832617700078,300
7,4,4,2.0,0.15,M_sum,3.9531523908612773,0.023842614369785492,300
7,4,4,2.0,0.155,M_sum,3.952283197940648,0.023798134988341144,300
7,4,4,2.0,0.16,M_sum,3.9506427879579475,0.023775380997149546,300
7,4,4,2.0,0.165,M_sum,3.949421915720957,0.023733921004778835,300
7,4,4,2.0,0.17,M_sum,3.947979715192597,0.023703096070341254,300
7,4,4,2.0,0.17500000000000002,M_sum,3.946391944203859,0.023690744470565035,300
7,4,4,2.0,0.18,M_sum,3.944978162522149,0.0236485066093937,300
7,4,4,2.0,0.185,M_sum,3.943987503351772,0.023630329672679272,300
7,4,4,2.0,0.19,M_sum,3.941409415215942,0.023568260639140987,300
7,4,4,2.0,0.195,M_sum,3.9390707132639657,0.02349406114875511,300
7,4,4,2.0,0.2,M_sum,3.936853983287449,0.023459682288504303,300
7,4,4,2.0,0.20500000000000002,M_sum,3.9351629146188967,0.023457688755461163,300
7,4,4,2.0,0.21,M_sum,3.933364676053289,0.02335806828571778,300
7,4,4,2.0,0.215,M_sum,3.9315786767307332,0.023298823309590072,300
7,4,4,2.0,0.22,M_sum,3.9292539691036517,0.02321481106458066,300
7,4,4,2.0,0.225,M_sum,3.927401973652251,0.023152297321970886,300
7,4,4,2.0,0.23,M_sum,3.9252985727433813,0.023056684815383605,300
7,4,4,2.0,0.23500000000000001,M_sum,3.9239837936911512,0.023050697845471483,300
7,4,4,2.0,0.24,M_sum,3.921936895620663,0.02299674756211055,300
7,4,4,2.0,0.245,M_sum,3.9194358759565437,0.022935499556598366,300
7,4,4,2.0,0.25,M_sum,3.9164922598925522,0.022884958331041656,300
7,4,4,2.0,0.255,M_sum,3.9142139541711556,0.022821984724989624,300
7,4,4,2.0,0.26,M_sum,3.911473775270127,0.0227511092010991,300
7,4,4,2.0,0.265,M_sum,3.9092864798240385,0.022729296626756136,300
7,4,4,2.0,0.27,M_sum,3.90649149503227,0.02262435382428179,300
7,4,4,2.0,0.275,M_sum,3.904197563687463,0.022554541593068387,300
7,4,4,2.0,0.28,M_sum,3.9019686743364552,0.022527763189728923,300
7,4,4,2.0,0.28500000000000003,M_sum,3.8989264214688766,0.02246208056692778,300
7,4,4,2.0,0.29,M_sum,3.8962524059142365,0.022364388094856795,300
7,4,4,2.0,0.295,M_sum,3.8935406773990926,0.022358532829403803,300
7,4,4,2.0,0.3,M_sum,3.8907164371528817,0.022342406820388436,300
7,4,4,2.0,0.305,M_sum,3.888135432974754,0.022219159105508576,300
7,4,4,2.0,0.31,M_sum,3.885495087064503,0.022179807617163767,300
7,4,4,2.0,0.315,M_sum,3.8827104646764314,0.02209096373835761,300
7,4,4,2.0,0.32,M_sum,3.8811065239269578,0.022062493114591776,300
7,4,4,2.0,0.325,M_sum,3.878926358435643,0.02196669634651727,300
7,4,4,2.0,0.33,M_sum,3.8760666443018414,0.021914964673320027,300
7,4,4,2.0,0.335,M_sum,3.873549166317525,0.02185255794149957,300
7,4,4,2.0,0.34,M_sum,3.871513122543764,0.02177454066477646,300
7,4,4,2.0,0.34500000000000003,M_sum,3.8676025687542674,0.021709003506917016,300
7,4,4,2.0,0.35000000000000003,M_sum,3.8644735580210265,0.021681526355254697,300
7,4,4,2.0,0.355,M_sum,3.861425978668723,0.021640223942107874,300
7,4,4,2.0,0.36,M_sum,3.8587363299546964,0.021600722580024843,300
7,4,4,2.0,0.365,M_sum,3.855026840082435,0.02152857103710584,300
7,4,4,2.0,0.37,M_sum,3.852016314385741,0.02147546234102066,300
7,4,4,2.0,0.375,M_sum,3.8490938683120035,0.021385473390214824,300
7,4,4,2.0,0.38,M_sum,3.8463768766501607,0.021390794756488803,300
7,4,4,2.0,0.385,M_sum,3.8433172621269933,0.021344570924428274,300
7,4,4,2.0,0.39,M_sum,3.8403544189116383,0.021269727847616948,300
7,4,4,2.0,0.395,M_sum,3.837238759456405,0.021201981105610297,300
7,4,4,2.0,0.4,M_sum,3.8340616848222626,0.021103556435712306,300
7,4,4,2.0,0.405,M_sum,3.8308872355950507,0.0210629264203943,300
7,4,4,2.0,0.41000000000000003,M_sum,3.828009316318301,0.02099903765100119,300
7,4,4,2.0,0.41500000000000004,M_sum,3.8253922873744295,0.020994109541733124,300
7,4,4,2.0,0.42,M_sum,3.821389519380064,0.02089972224566177,300
7,4,4,2.0,0.425,M_sum,3.818172291423235,0.02078983800961584,300
7,4,4,2.0,0.43,M_sum,3.814956194106284,0.02074007772696032,300
7,4,4,2.0,0.435,M_sum,3.811985981306028,0.020721910967890445,300
7,4,4,2.0,0.44,M_sum,3.8082060928749963,0.020661931042925616,300
7,4,4,2.0,0.445,M_sum,3.8043950502255544,0.020586671617259657,300
7,4,4,2.0,0.45,M_sum,3.801921559269772,0.020530773114070287,300
7,4,4,2.0,0.455,M_sum,3.7989950324148465,0.02049027157959195,300
7,4,4,2.0,0.46,M_sum,3.7954472733124027,0.020399793021943415,300
7,4,4,2.0,0.465,M_sum,3.7919737447430113,0.020347851075600606,300
7,4,4,2.0,0.47000000000000003,M_sum,3.7876122338813936,0.02027360522945067,300
7,4,4,2.0,0.47500000000000003,M_sum,3.7840179917289105,0.02019744611863045,300
7,4,4,2.0,0.48,M_sum,3.780735871177563,0.020162503677807187,300
7,4,4,2.0,0.485,M_sum,3.777195960498832,0.0201101892032478,300
7,4,4,2.0,0.49,M_sum,3.772425989051386,0.0200143924126785,300
7,4,4,2.0,0.495,M_sum,3.7681736312151703,0.019896161482191668,300
7,4,4,2.0,0.5,M_sum,3.7636243187641054,0.01982707813894731,300
7,4,4,2.0,0.505,M_sum,3.7599382233448964,0.019819494249027115,300
7,4,4,2.0,0.51,M_sum,3.757073298636558,0.019758885484532304,300
7,4,4,2.0,0.515,M_sum,3.7529479158581807,0.01969222353436953,300
7,4,4,2.0,0.52,M_sum,3.749611724024853,0.019602776166113278,300
7,4,4,2.0,0.525,M_sum,3.7458667489741613,0.01953681471957953,300
7,4,4,2.0,0.53,M_sum,3.7417338466897663,0.019467394471382786,300
7,4,4,2.0,0.535,M_sum,3.7378060024413844,0.019408941071279627,300
7,4,4,2.0,0.54,M_sum,3.7344442161909357,0.01929024800309707,300
7,4,4,2.0,0.545,M_sum,3.730375177870866,0.01919979778575114,300
7,4,4,2.0,0.55,M_sum,3.7267242845622497,0.019130290540026875,300
7,4,4,2.0,0.555,M_sum,3.72270766990424,0.01905494938971143,300
7,4,4,2.0,0.56,M_sum,3.7181380490836013,0.01898862813108117,300
7,4,4,2.0,0.5650000000000001,M_sum,3.7148838001591944,0.018926276503866565,300
7,4,4,2.0,0.5700000000000001,M_sum,3.711522509235838,0.01886126659749581,300
7,4,4,2.0,0.5750000000000001,M_sum,3.7072499731725648,0.018774913073484535,300
7,4,4,2.0,0.58,M_sum,3.7034327561375084,0.018721076716609223,300
7,4,4,2.0,0.585,M_sum,3.6990630211777695,0.018656374465628234,300
7,4,4,2.0,0.59,M_sum,3.694969444997045,0.01853305259463596,300
7,4,4,2.0,0.595,M_sum,3.6905430297847004,0.018431191612594024,300
7,4,4,2.0,0.6,M_sum,3.6860511145558865,0.01837871011155663,300
7,4,4,2.0,0.0,S2_sum,2.9199887440072376,0.013930218966207055,300
7,4,4,2.0,0.005,S2_sum,2.920041141929887,0.013943552990252519,300
7,4,4,2.0,0.01,S2_sum,2.9199059124735234,0.013982323067644955,300
7,4,4,2.0,0.015,S2_sum,2.920187018673964,0.014033094182262121,300
7,4,4,2.0,0.02,S2_sum,2.920500287023449,0.014009675465468996,300
7,4,4,2.0,0.025,S2_sum,2.919976741974763,0.014013528505709449,300
7,4,4,2.0,0.03,S2_sum,2.9202883027087627,0.014038752384651987,300
7,4,4,2.0,0.035,S2_sum,2.9193034753159206,0.013967697918465504,300
7,4,4,2.0,0.04,S2_sum,2.919763039728559,0.01395873730186433,300
7,4,4,2.0,0.045,S2_sum,2.919361671531484,0.013954751667962667,300
7,4,4,2.0,0.05,S2_sum,2.919146180650866,0.013906571836253713,300
7,4,4,2.0,0.055,S2_sum,2.9191860179802305,0.013925278436134125,300
7,4,4,2.0,0.06,S2_sum,2.91972106541302,0.01396994979240907,300
7,4,4,2.0,0.065,S2_sum,2.919344774137418,0.013955072653969601,300
7,4,4,2.0,0.07,S2_sum,2.9197171929945616,0.013946742841926072,300
7,4,4,2.0,0.075,S2_sum,2.9187643860302965,0.013915600080688957,300
7,4,4,2.0,0.08,S2_sum,2.9191002007505324,0.013876216910269225,300
7,4,4,2.0,0.085,S2_sum,2.918737852224237,0.01389664916346527,300
7,4,4,2.0,0.09,S2_sum,2.918235335402171,0.013852539111411016,300
7,4,4,2.0,0.095,S2_sum,2.917690558727804,0.01385112453625369,300
7,4,4,2.0,0.1,S2_sum,2.9171838756494153,0.013816207865472167,300
7,4,4,2.0,0.105,S2_sum,2.915971258172645,0.013805001266878105,300
7,4,4,2.0,0.11,S2_sum,2.9161695076791134,0.013792082712521189,300
7,4,4,2.0,0.115,S2_sum,2.9146774673991724,0.013745958547189813,300
7,4,4,2.0,0.12,S2_sum,2.914805176584896,0.01376010209229658,300
7,4,4,2.0,0.125,S2_sum,2.914351867422999,0.01373976881568852,300
7,4,4,2.0,0.13,S2_sum,2.9132312250476784,0.013718481272009217,300
7,4,4,2.0,0.135,S2_sum,2.911924720978212,0.013710787790267132,300
7,4,4,2.0,0.14,S2_sum,2.911628790909887,0.013646455162162016,300
7,4,4,2.0,0.145,S2_sum,2.911010278982967,0.013649907938636343,300
7,4,4,2.0,0.15,S2_sum,2.910292502721049,0.013656330780172301,300
7,4,4,2.0,0.155,S2_sum,2.9098111628262764,0.01363612455744013,300
7,4,4,2.0,0.16,S2_sum,2.908749578691848,0.013624811248483856,300
7,4,4,2.0,0.165,S2_sum,2.9079989688268304,0.013598591832426937,300
7,4,4,2.0,0.17,S2_sum,2.9071035843023263,0.013585321995079216,300
7,4,4,2.0,0.17500000000000002,S2_sum,2.906100856176702,0.01358746673317553,300
7,4,4,2.0,0.18,S2_sum,2.905234985048875,0.013565973742490162,300
7,4,4,2.0,0.185,S2_sum,2.904650263099139,0.013559545073447131,300
7,4,4,2.0,0.19,S2_sum,2.9029689063101287,0.013526127222924424,300
7,4,4,2.0,0.195,S2_sum,2.901450938283497,0.013480521475664893,300
7,4,4,2.0,0.2,S2_sum,2.8999888043102975,0.013466549265844072,300
7,4,4,2.0,0.20500000000000002,S2_sum,2.8989442103767566,0.013474102864113996,300
7,4,4,2.0,0.21,S2_sum,2.897858394836889,0.013413509099412498,300
7,4,4,2.0,0.215,S2_sum,2.89677823277411,0.013374339704627525,300
7,4,4,2.0,0.22,S2_sum,2.8952911738269203,0.01332267261519608,300
7,4,4,2.0,0.225,S2_sum,2.8941188656811723,0.0132859474087574,300
7,4,4,2.0,0.23,S2_sum,2.892839911689176,0.013232835322657061,300
7,4,4,2.0,0.23500000000000001,S2_sum,2.892150775443935,0.01323316263623446,300
7,4,4,2.0,0.24,S2_sum,2.8908779044389274,0.013206669567927314,300
7,4,4,2.0,0.245,S2_sum,2.8892934265064487,0.013172283476396691,300
7,4,4,2.0,0.25,S2_sum,2.8873828348955097,0.013146694206083385,300
7,4,4,2.0,0.255,S2_sum,2.8859613911814375,0.013112918725331353,300
7,4,4,2.0,0.26,S2_sum,2.88419964684615,0.013073660975874073,300
7,4,4,2.0,0.265,S2_sum,2.882858034616985,0.013068856416814857,300
7,4,4,2.0,0.27,S2_sum,2.881053017439205,0.013006219483288298,300
7,4,4,2.0,0.275,S2_sum,2.8796332339860875,0.012966886615524448,300
7,4,4,2.0,0.28,S2_sum,2.8782530406661406,0.012958980008567383,300
7,4,4,2.0,0.28500000000000003,S2_sum,2.876314798651106,0.01292436597821076,300
7,4,4,2.0,0.29,S2_sum,2.8746245781090187,0.01286319952436995,300
7,4,4,2.0,0.295,S2_sum,2.8729317065780235,0.012869947328712276,300
7,4,4,2.0,0.3,S2_sum,2.871151903098544,0.012871952892210959,300
7,4,4,2.0,0.305,S2_sum,2.869527475037887,0.01280137806259572,300
7,4,4,2.0,0.31,S2_sum,2.8678181745541127,0.012791054989115912,300
7,4,4,2.0,0.315,S2_sum,2.8660999842316826,0.012736745325606898,300
7,4,4,2.0,0.32,S2_sum,2.86522390454533,0.012730890313361314,300
7,4,4,2.0,0.325,S2_sum,2.8638990165960116,0.01267547843922345,300
7,4,4,2.0,0.33,S2_sum,2.862065028748565,0.012651500989275389,300
7,4,4,2.0,0.335,S2_sum,2.8605558638103417,0.0126178632009549,300
7,4,4,2.0,0.34,S2_sum,2.8593946435448387,0.012575560579903782,300
7,4,4,2.0,0.34500000000000003,S2_sum,2.8568339279959285,0.012543690542385267,300
7,4,4,2.0,0.35000000000000003,S2_sum,2.8548528845580723,0.012538587799929527,300
7,4,4,2.0,0.355,S2_sum,2.852971640671284,0.012524139273600082,300
7,4,4,2.0,0.36,S2_sum,2.8513310442367703,0.012508444191144089,300
7,4,4,2.0,0.365,S2_sum,2.8489648840276867,0.012470458653062469,300
7,4,4,2.0,0.37,S2_sum,2.847115294859037,0.012450568662138988,300
7,4,4,2.0,0.375,S2_sum,2.84531504787303,0.012397590147794358,300
7,4,4,2.0,0.38,S2_sum,2.8437144698277788,0.012417102055391932,300
7,4,4,2.0,0.385,S2_sum,2.8417993721070736,0.012398578247056086,300
7,4,4,2.0,0.39,S2_sum,2.839943161060995,0.012356687997360649,300
7,4,4,2.0,0.395,S2_sum,2.8379595988556967,0.012318133428071885,300
7,4,4,2.0,0.4,S2_sum,2.8359810080155476,0.012262080522777077,300
7,4,4,2.0,0.405,S2_sum,2.834027576602396,0.012245325217653352,300
7,4,4,2.0,0.41000000000000003,S2_sum,2.8322528534067803,0.012215126625318581,300
7,4,4,2.0,0.41500000000000004,S2_sum,2.830653189248918,0.012227923426787003,300
7,4,4,2.0,0.42,S2_sum,2.828117302966571,0.012176017080402246,300
7,4,4,2.0,0.425,S2_sum,2.826162401011505,0.012112046500889786,300
7,4,4,2.0,0.43,S2_sum,2.8241635098184306,0.012089861033847916,300
7,4,4,2.0,0.435,S2_sum,2.822335107166096,0.012094480458214672,300
7,4,4,2.0,0.44,S2_sum,2.8199630446294863,0.01206888933377765,300
7,4,4,2.0,0.445,S2_sum,2.817561406560175,0.012030762889142916,300
7,4,4,2.0,0.45,S2_sum,2.8161199694587338,0.012004850569265322,300
7,4,4,2.0,0.455,S2_sum,2.8143664931077357,0.011992687485087937,300
7,4,4,2.0,0.46,S2_sum,2.812164368160512,0.01194010753802639,300
7,4,4,2.0,0.465,S2_sum,2.810000264240996,0.01192012668075941,300
7,4,4,2.0,0.47000000000000003,S2_sum,2.8071937041803077,0.011879373556615289,300
7,4,4,2.0,0.47500000000000003,S2_sum,2.8049431676906975,0.011839913541709542,300
7,4,4,2.0,0.48,S2_sum,2.802918793152943,0.011831072180958052,300
7,4,4,2.0,0.485,S2_sum,2.8007651204573043,0.011807740738753814,300
7,4,4,2.0,0.49,S2_sum,2.7976861690378456,0.011749309024136205,300
7,4,4,2.0,0.495,S2_sum,2.79499184963518,0.011682125703150636,300
7,4,4,2.0,0.5,S2_sum,2.792102992267273,0.01164652859949671,300
7,4,4,2.0,0.505,S2_sum,2.789820251923082,0.011656060431489866,300
7,4,4,2.0,0.51,S2_sum,2.788132681826075,0.011626749487997074,300
7,4,4,2.0,0.515,S2_sum,2.78552919092196,0.011596739312735728,300
7,4,4,2.0,0.52,S2_sum,2.7835523909324382,0.011544519755680615,300
7,4,4,2.0,0.525,S2_sum,2.781297103902867,0.011510960514343,300
7,4,4,2.0,0.53,S2_sum,2.7787398138763835,0.011473486856419792,300
7,4,4,2.0,0.535,S2_sum,2.77633763097709,0.011445852032690081,300
7,4,4,2.0,0.54,S2_sum,2.774334145658661,0.011374179117441388,300
7,4,4,2.0,0.545,S2_sum,2.7717913005222323,0.011325573627908384,300
7,4,4,2.0,0.55,S2_sum,2.769598154891258,0.011288461518499559,300
7,4,4,2.0,0.555,S2_sum,2.7671392695030694,0.011249713743279925,300
7,4,4,2.0,0.56,S2_sum,2.764265166336534,0.01121583529252221,300
7,4,4,2.0,0.5650000000000001,S2_sum,2.762362585297792,0.01118597515701569,300
7,4,4,2.0,0.5700000000000001,S2_sum,2.7603657566892887,0.011152474723664733,300
7,4,4,2.0,0.5750000000000001,S2_sum,2.757693882011331,0.011103162740910454,300
7,4,4,2.0,0.58,S2_sum,2.755353875106185,0.011076745776771073,300
7,4,4,2.0,0.585,S2_sum,2.7526527719969742,0.011041589720313891,300
7,4,4,2.0,0.59,S2_sum,2.7501442618201297,0.010968189005905207,300
7,4,4,2.0,0.595,S2_sum,2.7474231804906513,0.010907471863701517,300
7,4,4,2.0,0.6,S2_sum,2.7445924321719835,0.010885391935836208,300
7,4,4,2.0,0.0,Sstar,1.3367134159518395,0.0023995585288650576,300
7,4,4,2.0,0.005,Sstar,1.3368726546820215,0.002410323523801402,300
7,4,4,2.0,0.01,Sstar,1.3365689739342235,0.0024355824217478406,300
7,4,4,2.0,0.015,Sstar,1.3364867179596716,0.002461842529000638,300
7,4,4,2.0,0.02,Sstar,1.336534829254034,0.0024623629227863778,300
7,4,4,2.0,0.025,Sstar,1.3360712199908829,0.002479227834650939,300
7,4,4,2.0,0.03,Sstar,1.3360340616395578,0.0024871855448327404,300
7,4,4,2.0,0.035,Sstar,1.3354815614616207,0.0024965741745010804,300
7,4,4,2.0,0.04,Sstar,1.3356852166316469,0.0025047460989691037,300
7,4,4,2.0,0.045,Sstar,1.3359482849646709,0.0025056623028045124,300
7,4,4,2.0,0.05,Sstar,1.3362871131666085,0.002495140769771252,300
7,4,4,2.0,0.055,Sstar,1.3365948838748811,0.0025072751660845174,300
7,4,4,2.0,0.06,Sstar,1.336947140930248,0.0025166367210633007,300
7,4,4,2.0,0.065,Sstar,1.3373059154638705,0.0025151200417144557,300
7,4,4,2.0,0.07,Sstar,1.3378225168988527,0.002521994090891181,300
7,4,4,2.0,0.075,Sstar,1.3380660558443933,0.002524053032541825,300
7,4,4,2.0,0.08,Sstar,1.338418399509177,0.00251210945001153,300
7,4,4,2.0,0.085,Sstar,1.3389174555596148,0.0025013798441458996,300
7,4,4,2.0,0.09,Sstar,1.3393198303138576,0.0024818729925001866,300
7,4,4,2.0,0.095,Sstar,1.3396590746862864,0.0024766188772991325,300
7,4,4,2.0,0.1,Sstar,1.3400483952374063,0.0024614561554620333,300
7,4,4,2.0,0.105,Sstar,1.3402392160231424,0.002462058114567799,300
7,4,4,2.0,0.11,Sstar,1.340840577470331,0.002454896165456946,300
7,4,4,2.0,0.115,Sstar,1.3411534308439468,0.0024525639937718374,300
7,4,4,2.0,0.12,Sstar,1.3416539499952962,0.002456565402224758,300
7,4,4,2.0,0.125,Sstar,1.3418311541727537,0.002460463820595423,300
7,4,4,2.0,0.13,Sstar,1.341952994993132,0.0024459332387639287,300
7,4,4,2.0,0.135,Sstar,1.3424134259351375,0.002433898176241747,300
7,4,4,2.0,0.14,Sstar,1.3430282699014287,0.0024285245482601465,300
7,4,4,2.0,0.145,Sstar,1.3433002548831752,0.00242694029991755,300
7,4,4,2.0,0.15,Sstar,1.3437051673223055,0.002418059433896642,300
7,4,4,2.0,0.155,Sstar,1.3440095946789816,0.0024041200098571425,300
7,4,4,2.0,0.16,Sstar,1.3443251086162604,0.0023865754269497405,300
7,4,4,2.0,0.165,Sstar,1.344695704839264,0.0023675098722172002,300
7,4,4,2.0,0.17,Sstar,1.3448337291088763,0.0023557837182909764,300
7,4,4,2.0,0.17500000000000002,Sstar,1.3451552485362486,0.0023513033398154235,300
7,4,4,2.0,0.18,Sstar,1.3452934016858356,0.002342855770226251,300
7,4,4,2.0,0.185,Sstar,1.3456794050619676,0.002345345037561276,300
7,4,4,2.0,0.19,Sstar,1.3457625631283592,0.002340374496379199,300
7,4,4,2.0,0.195,Sstar,1.3457518550986558,0.0023306986336760187,300
7,4,4,2.0,0.2,Sstar,1.3458861024569067,0.002323399817782662,300
7,4,4,2.0,0.20500000000000002,Sstar,1.345957446178292,0.002327215132674791,300
7,4,4,2.0,0.21,Sstar,1.3461833371266658,0.002321431829533006,300
7,4,4,2.0,0.215,Sstar,1.3464596154059922,0.0023007463941622564,300
7,4,4,2.0,0.22,Sstar,1.3465716605106537,0.0022808160984706663,300
7,4,4,2.0,0.225,Sstar,1.3465602994810626,0.0022720929274141705,300
7,4,4,2.0,0.23,Sstar,1.346753564649817,0.002260949331712041,300
7,4,4,2.0,0.23500000000000001,Sstar,1.3468642003280105,0.0022552794775905047,300
7,4,4,2.0,0.24,Sstar,1.346967741283418,0.0022382657486727806,300
7,4,4,2.0,0.245,Sstar,1.346814219792339,0.0022315106397110002,300
7,4,4,2.0,0.25,Sstar,1.3465776503097848,0.0022270815483103248,300
7,4,4,2.0,0.255,Sstar,1.346533831274789,0.002219973763533295,300
7,4,4,2.0,0.26,Sstar,1.3464677893553747,0.0022016379049512084,300
7,4,4,2.0,0.265,Sstar,1.346464667404052,0.0021969757913492456,300
7,4,4,2.0,0.27,Sstar,1.3464346075952154,0.0021908063407291784,300
7,4,4,2.0,0.275,Sstar,1.346517780256688,0.0021918690113353536,300
7,4,4,2.0,0.28,Sstar,1.3467020919454833,0.0021865650970863304,300
7,4,4,2.0,0.28500000000000003,Sstar,1.3466886594426073,0.0021699624267555277,300
7,4,4,2.0,0.29,Sstar,1.346608679618578,0.002150285276787972,300
7,4,4,2.0,0.295,Sstar,1.3465962754365923,0.002145796709435489,300
7,4,4,2.0,0.3,Sstar,1.3466802995992329,0.002135802274034482,300
7,4,4,2.0,0.305,Sstar,1.3467840659977215,0.0021097222546546703,300
7,4,4,2.0,0.31,Sstar,1.3467448253400907,0.0021035825710937514,300
7,4,4,2.0,0.315,Sstar,1.3466687690192165,0.0020812973742456763,300
7,4,4,2.0,0.32,Sstar,1.3468578842231627,0.0020758509282293495,300
7,4,4,2.0,0.325,Sstar,1.3469993600227912,0.002065991720282514,300
7,4,4,2.0,0.33,Sstar,1.3469283188705072,0.0020648690740746045,300
7,4,4,2.0,0.335,Sstar,1.3468966468693195,0.002054726294626907,300
7,4,4,2.0,0.34,Sstar,1.3469002389283662,0.002039190127489914,300
7,4,4,2.0,0.34500000000000003,Sstar,1.3467453207058802,0.0020222542268429297,300
7,4,4,2.0,0.35000000000000003,Sstar,1.3467005420108182,0.002006818854542031,300
7,4,4,2.0,0.355,Sstar,1.346602088737784,0.0019853323803240243,300
7,4,4,2.0,0.36,Sstar,1.3465800748455472,0.0019637271202767592,300
7,4,4,2.0,0.365,Sstar,1.3463327658203599,0.001957774561311385,300
7,4,4,2.0,0.37,Sstar,1.3462864909695635,0.0019276773781324546,300
7,4,4,2.0,0.375,Sstar,1.3460808815628085,0.001923881222724146,300
7,4,4,2.0,0.38,Sstar,1.345990468522827,0.0019136889456601775,300
7,4,4,2.0,0.385,Sstar,1.345872416642232,0.0019009802193343608,300
7,4,4,2.0,0.39,Sstar,1.345760679209291,0.0018847916094053554,300
7,4,4,2.0,0.395,Sstar,1.3455966080280142,0.0018678181687170345,300
7,4,4,2.0,0.4,Sstar,1.3453792358220475,0.0018558945310241405,300
7,4,4,2.0,0.405,Sstar,1.3451532137860407,0.0018501180307525465,300
7,4,4,2.0,0.41000000000000003,Sstar,1.3450331731494118,0.0018396479376243174,300
7,4,4,2.0,0.41500000000000004,Sstar,1.344984623669401,0.001833202549391675,300
7,4,4,2.0,0.42,Sstar,1.344783044229726,0.0018239249863206163,300
7,4,4,2.0,0.425,Sstar,1.344913827310962,0.0018035561832182522,300
7,4,4,2.0,0.43,Sstar,1.3449079315019417,0.0017939783676352088,300
7,4,4,2.0,0.435,Sstar,1.3445730561099953,0.0017931522573497827,300
7,4,4,2.0,0.44,Sstar,1.3444903692062637,0.001783476852457814,300
7,4,4,2.0,0.445,Sstar,1.3440650623542216,0.0017775023991666264,300
7,4,4,2.0,0.45,Sstar,1.3442430141872124,0.001768046153484063,300
7,4,4,2.0,0.455,Sstar,1.3441304166521195,0.0017575582383088984,300
7,4,4,2.0,0.46,Sstar,1.3439683693095963,0.0017342137240260655,300
7,4,4,2.0,0.465,Sstar,1.3438961980535495,0.0017187137564863837,300
7,4,4,2.0,0.47000000000000003,Sstar,1.3433840540938513,0.0017145790087000716,300
7,4,4,2.0,0.47500000000000003,Sstar,1.3430647723558224,0.0017009361227820767,300
7,4,4,2.0,0.48,Sstar,1.342927700645031,0.0016883592376835132,300
7,4,4,2.0,0.485,Sstar,1.3427854985929393,0.0016782512464660973,300
7,4,4,2.0,0.49,Sstar,1.3423304955744715,0.0016463855782342615,300
7,4,4,2.0,0.495,Sstar,1.3421586243932,0.0016347497039236468,300
7,4,4,2.0,0.5,Sstar,1.3418062016038568,0.0016123060748140224,300
7,4,4,2.0,0.505,Sstar,1.3416315901384601,0.001609238480926015,300
7,4,4,2.0,0.51,Sstar,1.3415584551706203,0.0015939790516416165,300
7,4,4,2.0,0.515,Sstar,1.3412905311170982,0.0015866551421801366,300
7,4,4,2.0,0.52,Sstar,1.3410214686070636,0.001576869480389584,300
7,4,4,2.0,0.525,Sstar,1.3406723594738124,0.0015654642254260371,300
7,4,4,2.0,0.53,Sstar,1.3404260285720533,0.001548337202277554,300
7,4,4,2.0,0.535,Sstar,1.3401918777201838,0.0015430203896261245,300
7,4,4,2.0,0.54,Sstar,1.3401818727767865,0.001521297389737887,300
7,4,4,2.0,0.545,Sstar,1.339806586916671,0.001505479061891429,300
7,4,4,2.0,0.55,Sstar,1.3394893346966583,0.0014944338864988976,300
7,4,4,2.0,0.555,Sstar,1.3392059371910534,0.0014957532696354614,300
7,4,4,2.0,0.56,Sstar,1.3388122767137742,0.0014767659666874383,300
7,4,4,2.0,0.5650000000000001,Sstar,1.338570155354477,0.0014669581328917787,300
7,4,4,2.0,0.5700000000000001,Sstar,1.3384139070275276,0.0014488101301215678,300
7,4,4,2.0,0.5750000000000001,Sstar,1.3381869408331422,0.0014377076291900073,300
7,4,4,2.0,0.58,Sstar,1.338001317309574,0.0014299770085270764,300
7,4,4,2.0,0.585,Sstar,1.3378425991670915,0.0014063695319118889,300
7,4,4,2.0,0.59,Sstar,1.3376762487073788,0.0014009702113066361,300
7,4,4,2.0,0.595,Sstar,1.3374307127601932,0.0013934702476745239,300
7,4,4,2.0,0.6,Sstar,1.3370371154899514,0.001390414371405394,300
7,4,4,2.5,0.0,M_sum,3.6555510889293017,0.028214581278092756,300
7,4,4,2.5,0.005,M_sum,3.65516052325571,0.028186195432299475,300
7,4,4,2.5,0.01,M_sum,3.6556286494194903,0.02825268361530664,300
7,4,4,2.5,0.015,M_sum,3.6560745235788747,0.028301074737519506,300
7,4,4,2.5,0.02,M_sum,3.6557115839725256,0.02832365067282376,300
7,4,4,2.5,0.025,M_sum,3.6562733062174297,0.028316154903274538,300
7,4,4,2.5,0.03,M_sum,3.6559927972465016,0.028317831221945037,300
7,4,4,2.5,0.035,M_sum,3.6554545641522704,0.02833756875540915,300
7,4,4,2.5,0.04,M_sum,3.654904092785367,0.028275114328268812,300
7,4,4,2.5,0.045,M_sum,3.654834786745673,0.028257617210851467,300
7,4,4,2.5,0.05,M_sum,3.6551855514324285,0.028244822046859817,300
7,4,4,2.5,0.055,M_sum,3.655420786381627,0.02825644900557773,300
7,4,4,2.5,0.06,M_sum,3.6540845660688874,0.028152708630198985,300
7,4,4,2.5,0.065,M_sum,3.6542122658288942,0.028165390476631167,300
7,4,4,2.5,0.07,M_sum,3.6541403918950905,0.028195145043503938,300
7,4,4,2.5,0.075,M_sum,3.6546490923615664,0.028243765869262517,300
7,4,4,2.5,0.08,M_sum,3.653846623947065,0.028221832818528175,300
7,4,4,2.5,0.085,M_sum,3.6542658619129367,0.028212782622173273,300
7,4,4,2.5,0.09,M_sum,3.654075344811677,0.028177167860882705,300
7,4,4,2.5,0.095,M_sum,3.6527837620487245,0.028125310342267448,300
7,4,4,2.5,0.1,M_sum,3.652972476058313,0.028090223710962692,300
7,4,4,2.5,0.105,M_sum,3.652792248977416,0.028111426113689254,300
7,4,4,2.5,0.11,M_sum,3.6517472944064306,0.028052886890886232,300
7,4,4,2.5,0.115,M_sum,3.6510221847207625,0.028024282478391956,300
7,4,4,2.5,0.12,M_sum,3.650511350094745,0.028019127446423615,300
7,4,4,2.5,0.125,M_sum,3.649648587111169,0.027960918954007832,300
7,4,4,2.5,0.13,M_sum,3.648268230482357,0.027942726696597645,300
7,4,4,2.5,0.135,M_sum,3.647890335100061,0.02790052218337876,300
7,4,4,2.5,0.14,M_sum,3.646980926706782,0.027877888208788976,300
7,4,4,2.5,0.145,M_sum,3.645813321281512,0.02783791423072667,300
7,4,4,2.5,0.15,M_sum,3.645497825227695,0.027837512598038867,300
7,4,4,2.5,0.155,M_sum,3.6450803368787175,0.02782020326639523,300
7,4,4,2.5,0.16,M_sum,3.6436814531166797,0.0277937295276378,300
7,4,4,2.5,0.165,M_sum,3.6420744016422235,0.02773074457819629,300
7,4,4,2.5,0.17,M_sum,3.6409051951695126,0.027654224366329423,300
7,4,4,2.5,0.17500000000000002,M_sum,3.6401969755318526,0.027600082346152053,300
7,4,4,2.5,0.18,M_sum,3.6391704236099813,0.027540866987384095,300
7,4,4,2.5,0.185,M_sum,3.638508882714631,0.027591960245531004,300
7,4,4,2.5,0.19,M_sum,3.637498107266725,0.027560993807037096,300
7,4,4,2.5,0.195,M_sum,3.6364213180298686,0.027514034035538898,300
7,4,4,2.5,0.2,M_sum,3.634955655265373,0.02747779818276917,300
7,4,4,2.5,0.20500000000000002,M_sum,3.633601408411836,0.027416773954682897,300
7,4,4,2.5,0.21,M_sum,3.6322093440006507,0.027386945423270696,300
7,4,4,2.5,0.215,M_sum,3.6315668674590644,0.027379727879806925,300
7,4,4,2.5,0.22,M_sum,3.629763959578982,0.027314351004441902,300
7,4,4,2.5,0.225,M_sum,3.6288102089958123,0.027288298662175657,300
7,4,4,2.5,0.23,M_sum,3.62761327300763,0.027267632489275353,300
7,4,4,2.5,0.23500000000000001,M_sum,3.626249733204401,0.027223817259753227,300
7,4,4,2.5,0.24,M_sum,3.6240570694241607,0.027123450790867885,300
7,4,4,2.5,0.245,M_sum,3.62240521422419,0.027090681206410068,300
7,4,4,2.5,0.25,M_sum,3.6202420379060785,0.0270298763389484,300
7,4,4,2.5,0.255,M_sum,3.6188673191705303,0.02702570858180861,300
7,4,4,2.5,0.26,M_sum,3.6170807710255017,0.026939827308160046,300
7,4,4,2.5,0.265,M_sum,3.6148313010929245,0.026810608174884332,300
7,4,4,2.5,0.27,M_sum,3.6138524727402963,0.02680158397434112,300
7,4,4,2.5,0.275,M_sum,3.611969000633939,0.026722556355841077,300
7,4,4,2.5,0.28,M_sum,3.610172060884654,0.02666572207678167,300
7,4,4,2.5,0.28500000000000003,M_sum,3.6088896731751916,0.026567816236241198,300
7,4,4,2.5,0.29,M_sum,3.6071027755767733,0.026516617476631324,300
7,4,4,2.5,0.295,M_sum,3.6057515657815005,0.02650442000821803,300
7,4,4,2.5,0.3,M_sum,3.603811296443219,0.026422344929499852,300
7,4,4,2.5,0.305,M_sum,3.601688977489526,0.02634147928973302,300
7,4,4,2.5,0.31,M_sum,3.5991737718021977,0.026281875373544185,300
7,4,4,2.5,0.315,M_sum,3.596895212743928,0.0262043547324065,300
7,4,4,2.5,0.32,M_sum,3.5948338979775487,0.026180392199022094,300
7,4,4,2.5,0.325,M_sum,3.59272559013343,0.026096051228311816,300
7,4,4,2.5,0.33,M_sum,3.5908235839430898,0.026066280498132175,300
7,4,4,2.5,0.335,M_sum,3.5883188066324054,0.02596925847381508,300
7,4,4,2.5,0.34,M_sum,3.5855546623641694,0.02586849150484396,300
7,4,4,2.5,0.34500000000000003,M_sum,3.584083283180737,0.025826343627916495,300
7,4,4,2.5,0.35000000000000003,M_sum,3.5824530135785504,0.025788831494956335,300
7,4,4,2.5,0.355,M_sum,3.579639715943979,0.025735802435073164,300
7,4,4,2.5,0.36,M_sum,3.5772013332085546,0.02562377781141799,300
7,4,4,2.5,0.365,M_sum,3.5751621385365624,0.02556633130555599,300
7,4,4,2.5,0.37,M_sum,3.5729407765794714,0.025540489056346708,300
7,4,4,2.5,0.375,M_sum,3.5703868212332024,0.025511347934996133,300
7,4,4,2.5,0.38,M_sum,3.568359326044571,0.02540570100035584,300
7,4,4,2.5,0.385,M_sum,3.566362286901382,0.025331437060154033,300
7,4,4,2.5,0.39,M_sum,3.563648489416552,0.02525762461569646,300
7,4,4,2.5,0.395,M_sum,3.5612859443708786,0.02516574242759535,300
7,4,4,2.5,0.4,M_sum,3.55990053234444,0.02512343809835525,300
7,4,4,2.5,0.405,M_sum,3.5579174048778577,0.025011714582228842,300
7,4,4,2.5,0.41000000000000003,M_sum,3.555245784531756,0.024936481853530718,300
7,4,4,2.5,0.41500000000000004,M_sum,3.5532893291226926,0.024888339774997416,300
7,4,4,2.5,0.42,M_sum,3.5513300670852983,0.02483747690620474,300
7,4,4,2.5,0.425,M_sum,3.549333673424455,0.0247417379481451,300
7,4,4,2.5,0.43,M_sum,3.546060360028103,0.024671014565014058,300
7,4,4,2.5,0.435,M_sum,3.5430847326609993,0.024591423058125682,300
7,4,4,2.5,0.44,M_sum,3.5403757857119564,0.024568290978900453,300
7,4,4,2.5,0.445,M_sum,3.5378017844295537,0.02450150373099227,300
7,4,4,2.5,0.45,M_sum,3.535617991228746,0.024458395275392633,300
7,4,4,2.5,0.455,M_sum,3.5322188158082044,0.02437646412866764,300
7,4,4,2.5,0.46,M_sum,3.530434516665392,0.02432511286106551,300
7,4,4,2.5,0.465,M_sum,3.5267602418637307,0.024228669183425772,300
7,4,4,2.5,0.47000000000000003,M_sum,3.524528303661394,0.0241609132467787,300
7,4,4,2.5,0.47500000000000003,M_sum,3.5221164936011187,0.024134062103712117,300
7,4,4,2.5,0.48,M_sum,3.519686989188728,0.02407144643705261,300
7,4,4,2.5,0.485,M_sum,3.5169239982491454,0.023999198991568868,300
7,4,4,2.5,0.49,M_sum,3.51425467638187,0.023907065760707117,300
7,4,4,2.5,0.495,M_sum,3.5120177863428657,0.023861180511805333,300
7,4,4,2.5,0.5,M_sum,3.508908146821343,0.023749508572074033,300
7,4,4,2.5,0.505,M_sum,3.5063775101512777,0.023704073568077518,300
7,4,4,2.5,0.51,M_sum,3.5037387329652687,0.02363717961029413,300
7,4,4,2.5,0.515,M_sum,3.5009442963130937,0.02356915627040061,300
7,4,4,2.5,0.52,M_sum,3.4980227006217834,0.023501172221763098,300
7,4,4,2.5,0.525,M_sum,3.4951736843780954,0.023433148433475635,300
7,4,4,2.5,0.53,M_sum,3.4925420560224674,0.02332282137666933,300
7,4,4,2.5,0.535,M_sum,3.4895211609922927,0.02323681907430481,300
7,4,4,2.5,0.54,M_sum,3.486622475990962,0.02319111443135422,300
7,4,4,2.5,0.545,M_sum,3.4836937980420446,0.023141225182110432,300
7,4,4,2.5,0.55,M_sum,3.4808553014306796,0.02308191384935629,300
7,4,4,2.5,0.555,M_sum,3.477703993619024,0.023001762419346393,300
7,4,4,2.5,0.56,M_sum,3.4753683449419643,0.02293238688140682,300
7,4,4,2.5,0.5650000000000001,M_sum,3.472664158625217,0.02288820277870348,300
7,4,4,2.5,0.5700000000000001,M_sum,3.470022031723279,0.02280476728756469,300
7,4,4,2.5,0.5750000000000001,M_sum,3.4668992330380024,0.022718318542043387,300
7,4,4,2.5,0.58,M_sum,3.464209774953086,0.02265443526912218,300
7,4,4,2.5,0.585,M_sum,3.460011042220324,0.022582734277584563,300
7,4,4,2.5,0.59,M_sum,3.457120124173201,0.02249438271914985,300
7,4,4,2.5,0.595,M_sum,3.454054901785636,0.022404556771172434,300
7,4,4,2.5,0.6,M_sum,3.4511525299597716,0.022371282649313994,300
7,4,4,2.5,0.0,S2_sum,2.732722995983034,0.01659476182178921,300
7,4,4,2.5,0.005,S2_sum,2.7324244172720284,0.016571633708626216,300
7,4,4,2.5,0.01,S2_sum,2.7327171085165936,0.016620143502536176,300
7,4,4,2.5,0.015,S2_sum,2.7330345919232344,0.016657827228806186,300
7,4,4,2.5,0.02,S2_sum,2.7327695372381973,0.016676156606876807,300
7,4,4,2.5,0.025,S2_sum,2.7332293484108727,0.016670548029466818,300
7,4,4,2.5,0.03,S2_sum,2.7330260393637844,0.016674978839528568,300
7,4,4,2.5,0.035,S2_sum,2.732622631067491,0.016690720631836256,300
7,4,4,2.5,0.04,S2_sum,2.732213025133034,0.016644642762406896,300
7,4,4,2.5,0.045,S2_sum,2.732190194479831,0.016630645240946956,300
7,4,4,2.5,0.05,S2_sum,2.7324844232540566,0.016622140156466292,300
7,4,4,2.5,0.055,S2_sum,2.732686521650948,0.016634388504543598,300
7,4,4,2.5,0.06,S2_sum,2.731739007634647,0.016559083380192303,300
7,4,4,2.5,0.065,S2_sum,2.7318794924099823,0.016568368053912673,300
7,4,4,2.5,0.07,S2_sum,2.731881181929558,0.016589209832785206,300
7,4,4,2.5,0.075,S2_sum,2.732283622424315,0.016629567942521,300
7,4,4,2.5,0.08,S2_sum,2.731720281735805,0.016612806970042665,300
7,4,4,2.5,0.085,S2_sum,2.7321050265264457,0.016608616397902703,300
7,4,4,2.5,0.09,S2_sum,2.732064783863471,0.01658697816605802,300
7,4,4,2.5,0.095,S2_sum,2.731167986644057,0.016551567861556257,300
7,4,4,2.5,0.1,S2_sum,2.731401186387189,0.01652985405740308,300
7,4,4,2.5,0.105,S2_sum,2.731332573950572,0.01655138187385903,300
7,4,4,2.5,0.11,S2_sum,2.730600124699836,0.01651407269320113,300
7,4,4,2.5,0.115,S2_sum,2.7301388789605183,0.016496184572852558,300
7,4,4,2.5,0.12,S2_sum,2.7298394878916317,0.01649632530659418,300
7,4,4,2.5,0.125,S2_sum,2.729298475390858,0.016456597056249377,300
7,4,4,2.5,0.13,S2_sum,2.7283266317039803,0.016450411981863967,300
7,4,4,2.5,0.135,S2_sum,2.7281651089036414,0.016420184793136464,300
7,4,4,2.5,0.14,S2_sum,2.727618412231335,0.01640908044989134,300
7,4,4,2.5,0.145,S2_sum,2.726832612119847,0.01638400651470541,300
7,4,4,2.5,0.15,S2_sum,2.7266792296457085,0.016387849926142294,300
7,4,4,2.5,0.155,S2_sum,2.7264475969849107,0.01637922488679569,300
7,4,4,2.5,0.16,S2_sum,2.7254888458260194,0.016367508521194146,300
7,4,4,2.5,0.165,S2_sum,2.724412562534423,0.016331253022862213,300
7,4,4,2.5,0.17,S2_sum,2.7236561038685907,0.0162864854916313,300
7,4,4,2.5,0.17500000000000002,S2_sum,2.723263478296664,0.016249800191330134,300
7,4,4,2.5,0.18,S2_sum,2.722640968780735,0.016214278430435287,300
7,4,4,2.5,0.185,S2_sum,2.7222540091820333,0.016257105189906584,300
7,4,4,2.5,0.19,S2_sum,2.7216376921808014,0.016243700147094142,300
7,4,4,2.5,0.195,S2_sum,2.7209747106487,0.01621934657139836,300
7,4,4,2.5,0.2,S2_sum,2.720019855099989,0.016198046896252052,300
7,4,4,2.5,0.20500000000000002,S2_sum,2.719142574751642,0.016159210578503915,300
7,4,4,2.5,0.21,S2_sum,2.7182152597503024,0.016148658636519552,300
7,4,4,2.5,0.215,S2_sum,2.7179231338142604,0.016151944568818393,300
7,4,4,2.5,0.22,S2_sum,2.716706843701046,0.016115392243127274,300
7,4,4,2.5,0.225,S2_sum,2.7161458307133843,0.016105298276235927,300
7,4,4,2.5,0.23,S2_sum,2.715352912769086,0.01609992104946271,300
7,4,4,2.5,0.23500000000000001,S2_sum,2.7145319164146104,0.016077506451852464,300
7,4,4,2.5,0.24,S2_sum,2.7131061170331368,0.01601569379582821,300
7,4,4,2.5,0.245,S2_sum,2.7120204075823673,0.016000915836423536,300
7,4,4,2.5,0.25,S2_sum,2.7105655811634874,0.015968040730524418,300
7,4,4,2.5,0.255,S2_sum,2.7097146124683626,0.01597497692834165,300
7,4,4,2.5,0.26,S2_sum,2.708601628573376,0.01592352197469292,300
7,4,4,2.5,0.265,S2_sum,2.707088035338677,0.015838323730875608,300
7,4,4,2.5,0.27,S2_sum,2.706588982160012,0.015838495758697134,300
7,4,4,2.5,0.275,S2_sum,2.705367704010766,0.01579106861542713,300
7,4,4,2.5,0.28,S2_sum,2.7041643276277414,0.01575990021412567,300
7,4,4,2.5,0.28500000000000003,S2_sum,2.703459274095594,0.015700482797399665,300
7,4,4,2.5,0.29,S2_sum,2.702364865616722,0.015676382617424833,300
7,4,4,2.5,0.295,S2_sum,2.7016071998501254,0.015677595893953532,300
7,4,4,2.5,0.3,S2_sum,2.700355097573137,0.015631319736265,300
7,4,4,2.5,0.305,S2_sum,2.699006074299569,0.015583468453187376,300
7,4,4,2.5,0.31,S2_sum,2.69733971834806,0.015550018443564212,300
7,4,4,2.5,0.315,S2_sum,2.6958653785633455,0.01550935505794518,300
7,4,4,2.5,0.32,S2_sum,2.6945490317141996,0.015502036854470084,300
7,4,4,2.5,0.325,S2_sum,2.6931924028104475,0.015453931530859751,300
7,4,4,2.5,0.33,S2_sum,2.692014726049668,0.015444272437942724,300
7,4,4,2.5,0.335,S2_sum,2.6903721775497167,0.015387850063050008,300
7,4,4,2.5,0.34,S2_sum,2.688539561598694,0.015325928854806733,300
7,4,4,2.5,0.34500000000000003,S2_sum,2.6876572505100764,0.015307798654612244,300
7,4,4,2.5,0.35000000000000003,S2_sum,2.686679467269333,0.01529185251105387,300
7,4,4,2.5,0.355,S2_sum,2.6848430131837038,0.01526736238063015,300
7,4,4,2.5,0.36,S2_sum,2.6832689252845974,0.015198657712097207,300
7,4,4,2.5,0.365,S2_sum,2.6819975060923493,0.015166463331414375,300
7,4,4,2.5,0.37,S2_sum,2.6806109304435806,0.015161314690570126,300
7,4,4,2.5,0.375,S2_sum,2.6789695568384886,0.01515469714006182,300
7,4,4,2.5,0.38,S2_sum,2.6776644559349476,0.015095811055908345,300
7,4,4,2.5,0.385,S2_sum,2.6764426341503764,0.015059940261789747,300
7,4,4,2.5,0.39,S2_sum,2.674647239568417,0.015020638605503666,300
7,4,4,2.5,0.395,S2_sum,2.673174316205063,0.01496638801349216,300
7,4,4,2.5,0.4,S2_sum,2.6723946392836546,0.01495145504349278,300
7,4,4,2.5,0.405,S2_sum,2.6711662382325727,0.014883839357813799,300
7,4,4,2.5,0.41000000000000003,S2_sum,2.669405643817187,0.014844451620102238,300
7,4,4,2.5,0.41500000000000004,S2_sum,2.6682142444918715,0.014822015955454279,300
7,4,4,2.5,0.42,S2_sum,2.6670306890192603,0.01479798698059408,300
7,4,4,2.5,0.425,S2_sum,2.665843808323265,0.014743562356053282,300
7,4,4,2.5,0.43,S2_sum,2.663679125124153,0.014709724349573855,300
7,4,4,2.5,0.435,S2_sum,2.6617459084719157,0.01466640853568763,300
7,4,4,2.5,0.44,S2_sum,2.660024006491272,0.014664654578387122,300
7,4,4,2.5,0.445,S2_sum,2.6584215954469568,0.014631118666010965,300
7,4,4,2.5,0.45,S2_sum,2.6570834767807097,0.014615038445470649,300
7,4,4,2.5,0.455,S2_sum,2.654868286835818,0.01457109667336306,300
7,4,4,2.5,0.46,S2_sum,2.6538686713022273,0.014549154752761896,300
7,4,4,2.5,0.465,S2_sum,2.651408901532948,0.014497801012949138,300
7,4,4,2.5,0.47000000000000003,S2_sum,2.6500773952899577,0.014460322362174562,300
7,4,4,2.5,0.47500000000000003,S2_sum,2.6486264215135633,0.01445861762952286,300
7,4,4,2.5,0.48,S2_sum,2.6471046378185306,0.01442917485701226,300
7,4,4,2.5,0.485,S2_sum,2.6453052487667437,0.014392826829326012,300
7,4,4,2.5,0.49,S2_sum,2.64361445196134,0.014338699729474378,300
7,4,4,2.5,0.495,S2_sum,2.6422094914823897,0.014316443000851881,300
7,4,4,2.5,0.5,S2_sum,2.64020735218173,0.014250696156920987,300
7,4,4,2.5,0.505,S2_sum,2.6386661179081687,0.014230136262094274,300
7,4,4,2.5,0.51,S2_sum,2.6370039927614717,0.014198628712144343,300
7,4,4,2.5,0.515,S2_sum,2.635183223800684,0.014168159834213752,300
7,4,4,2.5,0.52,S2_sum,2.633302000066994,0.014132986769288884,300
7,4,4,2.5,0.525,S2_sum,2.6315452040626823,0.014099673787276012,300
7,4,4,2.5,0.53,S2_sum,2.6299323062820803,0.014035382901494099,300
7,4,4,2.5,0.535,S2_sum,2.6280319566000836,0.013985612527428207,300
7,4,4,2.5,0.54,S2_sum,2.62617621671682,0.013968093005040578,300
7,4,4,2.5,0.545,S2_sum,2.624298448721213,0.013954003156870388,300
7,4,4,2.5,0.55,S2_sum,2.622537014141237,0.013926222769308,300
7,4,4,2.5,0.555,S2_sum,2.620550496567213,0.013881803697165906,300
7,4,4,2.5,0.56,S2_sum,2.619118894529905,0.01384932134227343,300
7,4,4,2.5,0.5650000000000001,S2_sum,2.6174348177774314,0.013829744363587861,300
7,4,4,2.5,0.5700000000000001,S2_sum,2.6158204220082792,0.013787064878520761,300
7,4,4,2.5,0.5750000000000001,S2_sum,2.613834115012168,0.013737422524211089,300
7,4,4,2.5,0.58,S2_sum,2.6121543725047136,0.01370802174453075,300
7,4,4,2.5,0.585,S2_sum,2.6093696161048503,0.013670861228196237,300
7,4,4,2.5,0.59,S2_sum,2.60757380315974,0.013623506217940257,300
7,4,4,2.5,0.595,S2_sum,2.60560634765071,0.013573680171187333,300
7,4,4,2.5,0.6,S2_sum,2.6037847445278657,0.013565534132879229,300
7,4,4,2.5,0.0,Sstar,1.331454661806681,0.0023172418590642146,300
7,4,4,2.5,0.005,Sstar,1.331484417335601,0.002311706309279373,300
7,4,4,2.5,0.01,Sstar,1.331339930139908,0.0023271465243130335,300
7,4,4,2.5,0.015,Sstar,1.3310048610736986,0.0023373515274377706,300
7,4,4,2.5,0.02,Sstar,1.330605289922437,0.0023469637547469885,300
7,4,4,2.5,0.025,Sstar,1.3304276602541263,0.0023687603959516228,300
7,4,4,2.5,0.03,Sstar,1.3300800813209772,0.0023820085088750997,300
7,4,4,2.5,0.035,Sstar,1.3298322061158487,0.002394412225680429,300
7,4,4,2.5,0.04,Sstar,1.329705890592672,0.0023956405652489255,300
7,4,4,2.5,0.045,Sstar,1.3297964058247485,0.0024028705367979243,300
7,4,4,2.5,0.05,Sstar,1.330063574020482,0.0023950597941178606,300
7,4,4,2.5,0.055,Sstar,1.3302917798268907,0.002409456516977113,300
7,4,4,2.5,0.06,Sstar,1.3304491350123453,0.002410887144299242,300
7,4,4,2.5,0.065,Sstar,1.3306669572013032,0.0024211905736566653,300
7,4,4,2.5,0.07,Sstar,1.3310483520118035,0.00240952140610253,300
7,4,4,2.5,0.075,Sstar,1.3314085486920593,0.0024131493480335177,300
7,4,4,2.5,0.08,Sstar,1.3314236407740667,0.0024318242828352413,300
7,4,4,2.5,0.085,Sstar,1.3318410692161955,0.0024230748820397185,300
7,4,4,2.5,0.09,Sstar,1.3322838980578673,0.0024198786404224628,300
7,4,4,2.5,0.095,Sstar,1.3324493076730257,0.002412094283622618,300
7,4,4,2.5,0.1,Sstar,1.332631082912871,0.002407088991772055,300
7,4,4,2.5,0.105,Sstar,1.3328181447935048,0.0023996857099735673,300
7,4,4,2.5,0.11,Sstar,1.3329247061294622,0.0024015776061617014,300
7,4,4,2.5,0.115,Sstar,1.333051043194015,0.002388465875636787,300
7,4,4,2.5,0.12,Sstar,1.333155323919566,0.0023838033160576044,300
7,4,4,2.5,0.125,Sstar,1.3335234512743446,0.002381665087076405,300
7,4,4,2.5,0.13,Sstar,1.3334953759884522,0.0023839382354626697,300
7,4,4,2.5,0.135,Sstar,1.333711288820752,0.002385727215589293,300
7,4,4,2.5,0.14,Sstar,1.3339367952735044,0.002382967081472369,300
7,4,4,2.5,0.145,Sstar,1.3340638609522142,0.0023654499701426164,300
7,4,4,2.5,0.15,Sstar,1.3341845429767376,0.0023569253143661713,300
7,4,4,2.5,0.155,Sstar,1.3341546184073425,0.002349724721423115,300
7,4,4,2.5,0.16,Sstar,1.3341999050551616,0.0023407675750888547,300
7,4,4,2.5,0.165,Sstar,1.3341889795197692,0.0023119962403543347,300
7,4,4,2.5,0.17,Sstar,1.334258715243413,0.002305685749067004,300
7,4,4,2.5,0.17500000000000002,Sstar,1.334316545043461,0.0023028331684864017,300
7,4,4,2.5,0.18,Sstar,1.3343903580232166,0.002288785303553993,300
7,4,4,2.5,0.185,Sstar,1.3346899844996725,0.0022909125690315025,300
7,4,4,2.5,0.19,Sstar,1.3347650140138951,0.0022901140952578205,300
7,4,4,2.5,0.195,Sstar,1.334696522640993,0.002281684036774066,300
7,4,4,2.5,0.2,Sstar,1.33465563864488,0.002278666169898594,300
7,4,4,2.5,0.20500000000000002,Sstar,1.334593802941762,0.0022642093895343064,300
7,4,4,2.5,0.21,Sstar,1.3347837947419372,0.0022585634292723146,300
7,4,4,2.5,0.215,Sstar,1.33493353052999,0.002258587294703949,300
7,4,4,2.5,0.22,Sstar,1.3349602506364977,0.00223964178513586,300
7,4,4,2.5,0.225,Sstar,1.3350634692416665,0.002249900789305187,300
7,4,4,2.5,0.23,Sstar,1.3350486015073053,0.002238405266673222,300
7,4,4,2.5,0.23500000000000001,Sstar,1.3350936767882766,0.0022301743274580482,300
7,4,4,2.5,0.24,Sstar,1.3350167685793546,0.0022111273846697364,300
7,4,4,2.5,0.245,Sstar,1.3351015560756563,0.0022149368995920977,300
7,4,4,2.5,0.25,Sstar,1.3350335165367535,0.0021980571164651437,300
7,4,4,2.5,0.255,Sstar,1.3350870062060602,0.002207353578852308,300
7,4,4,2.5,0.26,Sstar,1.3350923538980295,0.0021954213505683755,300
7,4,4,2.5,0.265,Sstar,1.334836407789152,0.002187188053922793,300
7,4,4,2.5,0.27,Sstar,1.3348061307153825,0.00218877833681788,300
7,4,4,2.5,0.275,Sstar,1.3346420023689562,0.002174695817265757,300
7,4,4,2.5,0.28,Sstar,1.334568050237703,0.0021839854049631505,300
7,4,4,2.5,0.28500000000000003,Sstar,1.3346247102821738,0.0021731589529508494,300
7,4,4,2.5,0.29,Sstar,1.3346726059249159,0.0021645695819177664,300
7,4,4,2.5,0.295,Sstar,1.3347339792552382,0.002150633334398029,300
7,4,4,2.5,0.3,Sstar,1.334782114997675,0.0021368696507619964,300
7,4,4,2.5,0.305,Sstar,1.3348760939491284,0.002120013652202056,300
7,4,4,2.5,0.31,Sstar,1.3346411647083358,0.0021083028231749994,300
7,4,4,2.5,0.315,Sstar,1.334668319715886,0.0020939148145417987,300
7,4,4,2.5,0.32,Sstar,1.3344581918475902,0.0020950070249313494,300
7,4,4,2.5,0.325,Sstar,1.3345851905548523,0.0020822204821511615,300
7,4,4,2.5,0.33,Sstar,1.3346387121506542,0.0020605439099506697,300
7,4,4,2.5,0.335,Sstar,1.3346177438792004,0.002049196039059012,300
7,4,4,2.5,0.34,Sstar,1.3343702932935957,0.0020385456802897973,300
7,4,4,2.5,0.34500000000000003,Sstar,1.3344473371943184,0.0020373546256449403,300
7,4,4,2.5,0.35000000000000003,Sstar,1.3344615617098454,0.0020290408464581603,300
7,4,4,2.5,0.355,Sstar,1.334296547467582,0.002025716669112248,300
7,4,4,2.5,0.36,Sstar,1.3342626239678912,0.0020016797890274277,300
7,4,4,2.5,0.365,Sstar,1.334364538824062,0.001982225993598666,300
7,4,4,2.5,0.37,Sstar,1.3341902656372622,0.0019702520192955283,300
7,4,4,2.5,0.375,Sstar,1.3343092768227176,0.0019596928958569484,300
7,4,4,2.5,0.38,Sstar,1.334195382257508,0.0019510581354125857,300
7,4,4,2.5,0.385,Sstar,1.334290185435292,0.0019468340735375852,300
7,4,4,2.5,0.39,Sstar,1.3339557510013695,0.0019335906728650794,300
7,4,4,2.5,0.395,Sstar,1.3340667548136396,0.0019287481956063166,300
7,4,4,2.5,0.4,Sstar,1.3341600837150382,0.0019136779047796031,300
7,4,4,2.5,0.405,Sstar,1.3341352564513955,0.0019103745429530322,300
7,4,4,2.5,0.41000000000000003,Sstar,1.3340807900215501,0.0019041056843878625,300
7,4,4,2.5,0.41500000000000004,Sstar,1.3341828633883517,0.001894483722195533,300
7,4,4,2.5,0.42,Sstar,1.3343404993300299,0.0018730025489749184,300
7,4,4,2.5,0.425,Sstar,1.3343466333022491,0.0018539318191843005,300
7,4,4,2.5,0.43,Sstar,1.334009709495755,0.001848629115233815,300
7,4,4,2.5,0.435,Sstar,1.3338978904719079,0.0018295261038447984,300
7,4,4,2.5,0.44,Sstar,1.3336771711851405,0.001825555096918006,300
7,4,4,2.5,0.445,Sstar,1.333665287189416,0.001818473417796565,300
7,4,4,2.5,0.45,Sstar,1.3335451696603642,0.0018108154844730417,300
7,4,4,2.5,0.455,Sstar,1.3332942786750492,0.001799925843287359,300
7,4,4,2.5,0.46,Sstar,1.3333935155268568,0.0017888513567535362,300
7,4,4,2.5,0.465,Sstar,1.332908228843494,0.0017723990426990921,300
7,4,4,2.5,0.47000000000000003,Sstar,1.3327705675954273,0.0017631387906407912,300
7,4,4,2.5,0.47500000000000003,Sstar,1.332797126203061,0.001758477335934965,300
7,4,4,2.5,0.48,Sstar,1.3327230049538972,0.0017387656681445952,300
7,4,4,2.5,0.485,Sstar,1.3327455790485145,0.0017159114031961454,300
7,4,4,2.5,0.49,Sstar,1.3326146852535226,0.0016974852849151283,300
7,4,4,2.5,0.495,Sstar,1.3325206003450225,0.0016875995588304174,300
7,4,4,2.5,0.5,Sstar,1.3324809736836785,0.0016755805285495933,300
7,4,4,2.5,0.505,Sstar,1.33256921514946,0.0016620426392576226,300
7,4,4,2.5,0.51,Sstar,1.332580285633749,0.0016586363929273252,300
7,4,4,2.5,0.515,Sstar,1.3324642960936555,0.0016334086547328153,300
7,4,4,2.5,0.52,Sstar,1.3322533049918277,0.0016132865558254209,300
7,4,4,2.5,0.525,Sstar,1.3321044338970724,0.0015951892079282852,300
7,4,4,2.5,0.53,Sstar,1.3321129422963998,0.0015800820768557245,300
7,4,4,2.5,0.535,Sstar,1.3320352798684851,0.0015648885976920499,300
7,4,4,2.5,0.54,Sstar,1.331756474671738,0.0015503942022681793,300
7,4,4,2.5,0.545,Sstar,1.3315230764036006,0.0015448491268391527,300
7,4,4,2.5,0.55,Sstar,1.331463348366382,0.001529874750248998,300
7,4,4,2.5,0.555,Sstar,1.331128211104054,0.0015279568776830404,300
7,4,4,2.5,0.56,Sstar,1.3310971478410383,0.0015087708511571365,300
7,4,4,2.5,0.5650000000000001,Sstar,1.330864735072763,0.001502357759966236,300
7,4,4,2.5,0.5700000000000001,Sstar,1.3307712189348417,0.0014892073939383925,300
7,4,4,2.5,0.5750000000000001,Sstar,1.3307299038926108,0.0014859038173112378,300
7,4,4,2.5,0.58,Sstar,1.3306709443983975,0.0014716006387740926,300
7,4,4,2.5,0.585,Sstar,1.330179199038388,0.0014629751251353793,300
7,4,4,2.5,0.59,Sstar,1.3299617377686217,0.001455388259249931,300
7,4,4,2.5,0.595,Sstar,1.3298447097036183,0.0014381164143216908,300
7,4,4,2.5,0.6,Sstar,1.3296585025856302,0.00142791841606156,300
7,5,5,0.8,0.0,M_sum,5.500757901249786,0.009112146014679566,300
7,5,5,0.8,0.005,M_sum,5.499639944864036,0.009003171418946947,300
7,5,5,0.8,0.01,M_sum,5.500127912724566,0.009033169443697068,300
7,5,5,0.8,0.015,M_sum,5.501932159598203,0.009005783255571366,300
7,5,5,0.8,0.02,M_sum,5.50044186207888,0.00904441042863461,300
7,5,5,0.8,0.025,M_sum,5.49861505725878,0.00906942084533577,300
7,5,5,0.8,0.03,M_sum,5.497173489535749,0.009082202757849222,300
7,5,5,0.8,0.035,M_sum,5.495653362499154,0.00897167997093797,300
7,5,5,0.8,0.04,M_sum,5.493869145811587,0.008890939480822537,300
7,5,5,0.8,0.045,M_sum,5.491089625201888,0.008947317076131289,300
7,5,5,0.8,0.05,M_sum,5.487030862200538,0.00892004468910974,300
7,5,5,0.8,0.055,M_sum,5.481781941037529,0.008893844096335816,300
7,5,5,0.8,0.06,M_sum,5.476206489340547,0.008818828278033514,300
7,5,5,0.8,0.065,M_sum,5.471627522974069,0.008720845146849317,300
7,5,5,0.8,0.07,M_sum,5.467512552540114,0.008800193153252625,300
7,5,5,0.8,0.075,M_sum,5.462507582005494,0.008712680913258424,300
7,5,5,0.8,0.08,M_sum,5.457769688047724,0.008623546508539548,300
7,5,5,0.8,0.085,M_sum,5.452175102632822,0.008560660941096736,300
7,5,5,0.8,0.09,M_sum,5.445647316634502,0.008549645383223838,300
7,5,5,0.8,0.095,M_sum,5.439978898167137,0.00853928435775166,300
7,5,5,0.8,0.1,M_sum,5.434272896474723,0.008592344297471325,300
7,5,5,0.8,0.105,M_sum,5.429247738344623,0.00857959978393123,300
7,5,5,0.8,0.11,M_sum,5.422796604895619,0.008616937570407263,300
7,5,5,0.8,0.115,M_sum,5.41612643125499,0.008637047888853893,300
7,5,5,0.8,0.12,M_sum,5.410042377105644,0.00862553393314776,300
7,5,5,0.8,0.125,M_sum,5.403522326359066,0.008558660446499148,300
7,5,5,0.8,0.13,M_sum,5.396387849250647,0.00849741184039702,300
7,5,5,0.8,0.135,M_sum,5.38848969766791,0.008530585660393764,300
7,5,5,0.8,0.14,M_sum,5.381209781454243,0.008474067915624633,300
7,5,5,0.8,0.145,M_sum,5.373267066999804,0.008395109872051273,300
7,5,5,0.8,0.15,M_sum,5.366734719194082,0.008393403711911678,300
7,5,5,0.8,0.155,M_sum,5.360203641375724,0.008390825124895331,300
7,5,5,0.8,0.16,M_sum,5.354469203795429,0.008329926963898617,300
7,5,5,0.8,0.165,M_sum,5.34642669105058,0.008295236862154812,300
7,5,5,0.8,0.17,M_sum,5.339454011552998,0.008269447411403417,300
7,5,5,0.8,0.17500000000000002,M_sum,5.332297857500262,0.008247732558817758,300
7,5,5,0.8,0.18,M_sum,5.325740337589787,0.008184536868785168,300
7,5,5,0.8,0.185,M_sum,5.3179843750904014,0.008149984776416663,300
7,5,5,0.8,0.19,M_sum,5.3112750923012255,0.008071907205139277,300
7,5,5,0.8,0.195,M_sum,5.303216210184998,0.008076503396633914,300
7,5,5,0.8,0.2,M_sum,5.2958567806521755,0.008060401289812974,300
7,5,5,0.8,0.20500000000000002,M_sum,5.288880403346876,0.008028402142098434,300
7,5,5,0.8,0.21,M_sum,5.2817819354161735,0.007995294788208469,300
7,5,5,0.8,0.215,M_sum,5.275030756070351,0.007994635208084811,300
7,5,5,0.8,0.22,M_sum,5.267683738874979,0.007915139840413761,300
7,5,5,0.8,0.225,M_sum,5.260209840976423,0.007919195550319922,300
7,5,5,0.8,0.23,M_sum,5.2529419506911275,0.007799034955161254,300
7,5,5,0.8,0.23500000000000001,M_sum,5.245927740679562,0.007775936966947004,300
7,5,5,0.8,0.24,M_sum,5.237977270296971,0.007763157409618818,300
7,5,5,0.8,0.245,M_sum,5.230178084379261,0.007759033679580327,300
7,5,5,0.8,0.25,M_sum,5.221457733217288,0.007683237031869646,300
7,5,5,0.8,0.255,M_sum,5.213103416482606,0.007639379699132298,300
7,5,5,0.8,0.26,M_sum,5.206131300540748,0.007569935335933017,300
7,5,5,0.8,0.265,M_sum,5.198431316875021,0.007581837667402522,300
7,5,5,0.8,0.27,M_sum,5.190223077079385,0.0074549372750363435,300
7,5,5,0.8,0.275,M_sum,5.182108608175895,0.007414219195480925,300
7,5,5,0.8,0.28,M_sum,5.174036693221008,0.007352547537976013,300
7,5,5,0.8,0.28500000000000003,M_sum,5.16594152489784,0.007290145080628856,300
7,5,5,0.8,0.29,M_sum,5.15679239031136,0.007278504773977806,300
7,5,5,0.8,0.295,M_sum,5.1489169080729145,0.007232206315743967,300
7,5,5,0.8,0.3,M_sum,5.140625871703722,0.007128846225660071,300
7,5,5,0.8,0.305,M_sum,5.133043931274999,0.007074480343674458,300
7,5,5,0.8,0.31,M_sum,5.125084010480348,0.007027861604700352,300
7,5,5,0.8,0.315,M_sum,5.116878168233373,0.0069964641526527975,300
7,5,5,0.8,0.32,M_sum,5.108881069666929,0.006923163294841972,300
7,5,5,0.8,0.325,M_sum,5.101281905804479,0.0069101050179671344,300
7,5,5,0.8,0.33,M_sum,5.09271787635245,0.006968403994207704,300
7,5,5,0.8,0.335,M_sum,5.083387983086722,0.006885871093419258,300
7,5,5,0.8,0.34,M_sum,5.075018439259656,0.006813903200378073,300
7,5,5,0.8,0.34500000000000003,M_sum,5.066714264065976,0.006758757887706561,300
7,5,5,0.8,0.35000000000000003,M_sum,5.058599173813403,0.006681486419177716,300
7,5,5,0.8,0.355,M_sum,5.051245764643079,0.006617953112362162,300
7,5,5,0.8,0.36,M_sum,5.042578055173251,0.0065380373621516195,300
7,5,5,0.8,0.365,M_sum,5.034189902450937,0.00647874370292563,300
7,5,5,0.8,0.37,M_sum,5.025960989318297,0.006455215052618879,300
7,5,5,0.8,0.375,M_sum,5.018074305787747,0.0064012206101259845,300
7,5,5,0.8,0.38,M_sum,5.009672384000834,0.00635709625228618,300
7,5,5,0.8,0.385,M_sum,5.000657575911835,0.006297274751427572,300
7,5,5,0.8,0.39,M_sum,4.993115855381791,0.006255821791878438,300
7,5,5,0.8,0.395,M_sum,4.984603215528481,0.0061710914253436675,300
7,5,5,0.8,0.4,M_sum,4.976611699062221,0.006177093925418339,300
7,5,5,0.8,0.405,M_sum,4.967656122474886,0.006129381616524345,300
7,5,5,0.8,0.41000000000000003,M_sum,4.959168057669067,0.006102884085245965,300
7,5,5,0.8,0.41500000000000004,M_sum,4.950514689748088,0.006054590467094002,300
7,5,5,0.8,0.42,M_sum,4.941528424384426,0.0060545444859592965,300
7,5,5,0.8,0.425,M_sum,4.932811679324482,0.006025545764300753,300
7,5,5,0.8,0.43,M_sum,4.924326716931077,0.0060053563356291945,300
7,5,5,0.8,0.435,M_sum,4.915999824293327,0.00593793261501233,300
7,5,5,0.8,0.44,M_sum,4.907015213959766,0.005911214725162559,300
7,5,5,0.8,0.445,M_sum,4.898458897523672,0.005883710028841388,300
7,5,5,0.8,0.45,M_sum,4.8895265833826995,0.005878485130989855,300
7,5,5,0.8,0.455,M_sum,4.8810963505257465,0.005854322334563137,300
7,5,5,0.8,0.46,M_sum,4.872630482388607,0.0058259028104093455,300
7,5,5,0.8,0.465,M_sum,4.864188358132488,0.0058070165128762345,300
7,5,5,0.8,0.47000000000000003,M_sum,4.855872375766232,0.005833024658177586,300
7,5,5,0.8,0.47500000000000003,M_sum,4.847713004539589,0.005814195219039098,300
7,5,5,0.8,0.48,M_sum,4.839290522563833,0.005773435993457748,300
7,5,5,0.8,0.485,M_sum,4.830673066229945,0.005751186222280077,300
7,5,5,0.8,0.49,M_sum,4.822941915204728,0.005743401260774962,300
7,5,5,0.8,0.495,M_sum,4.814147034001755,0.005753547252227893,300
7,5,5,0.8,0.5,M_sum,4.8057192904253965,0.005738816148862005,300
7,5,5,0.8,0.505,M_sum,4.797484253007749,0.005738953120441862,300
7,5,5,0.8,0.51,M_sum,4.789176902571597,0.005699030713523249,300
7,5,5,0.8,0.515,M_sum,4.78082461013619,0.0057023149589891355,300
7,5,5,0.8,0.52,M_sum,4.772483363758694,0.005670861449230112,300
7,5,5,0.8,0.525,M_sum,4.76385086700258,0.005629075993930697,300
7,5,5,0.8,0.53,M_sum,4.755556146145003,0.0056409668369244515,300
7,5,5,0.8,0.535,M_sum,4.747666137586793,0.0056290181853781976,300
7,5,5,0.8,0.54,M_sum,4.7390767430811644,0.005590616357758087,300
7,5,5,0.8,0.545,M_sum,4.730282218472043,0.005616760425393509,300
7,5,5,0.8,0.55,M_sum,4.7216688551453005,0.005574713283969356,300
7,5,5,0.8,0.555,M_sum,4.712973152367432,0.0055497959471079335,300
7,5,5,0.8,0.56,M_sum,4.70478243740418,0.005533192625604102,300
7,5,5,0.8,0.5650000000000001,M_sum,4.696926579769654,0.005511955705127901,300
7,5,5,0.8,0.5700000000000001,M_sum,4.6882310184282465,0.005535301151151123,300
7,5,5,0.8,0.5750000000000001,M_sum,4.6803316205665295,0.0055274109457733025,300
7,5,5,0.8,0.58,M_sum,4.67195774741186,0.00552524929859405,300
7,5,5,0.8,0.585,M_sum,4.664250518122777,0.005515112210463166,300
7,5,5,0.8,0.59,M_sum,4.656338352812527,0.005473074246201063,300
7,5,5,0.8,0.595,M_sum,4.647857604511787,0.0054568447649394735,300
7,5,5,0.8,0.6,M_sum,4.639547561533015,0.005445699669583795,300
7,5,5,0.8,0.0,S2_sum,3.8701118451157943,0.005043614159389355,300
7,5,5,0.8,0.005,S2_sum,3.8693446562378897,0.004971249565391897,300
7,5,5,0.8,0.01,S2_sum,3.869719265801893,0.0049881932934937485,300
7,5,5,0.8,0.015,S2_sum,3.871046989796744,0.004971744618611084,300
7,5,5,0.8,0.02,S2_sum,3.870061729140216,0.004999233440115899,300
7,5,5,0.8,0.025,S2_sum,3.8688568964859678,0.005021769091813223,300
7,5,5,0.8,0.03,S2_sum,3.8679360772698685,0.005039124054581261,300
7,5,5,0.8,0.035,S2_sum,3.867006117621088,0.004971381584567461,300
7,5,5,0.8,0.04,S2_sum,3.865908703427324,0.00491742777146211,300
7,5,5,0.8,0.045,S2_sum,3.8640910224737413,0.00497299106164157,300
7,5,5,0.8,0.05,S2_sum,3.8614076448962993,0.004954588659843239,300
7,5,5,0.8,0.055,S2_sum,3.8579160334271068,0.004948536842893714,300
7,5,5,0.8,0.06,S2_sum,3.8542034541140326,0.004909324856093324,300
7,5,5,0.8,0.065,S2_sum,3.8512224153875225,0.004847406197921358,300
7,5,5,0.8,0.07,S2_sum,3.8485716970935973,0.004909590441182321,300
7,5,5,0.8,0.075,S2_sum,3.8453206223690994,0.004861749626150772,300
7,5,5,0.8,0.08,S2_sum,3.8422702551240917,0.004808978691801895,300
7,5,5,0.8,0.085,S2_sum,3.8386369560500344,0.0047825800151075175,300
7,5,5,0.8,0.09,S2_sum,3.8343588804264557,0.0047924216516514115,300
7,5,5,0.8,0.095,S2_sum,3.8307085475996328,0.004789012887077237,300
7,5,5,0.8,0.1,S2_sum,3.8270317051827427,0.004833111699074922,300
7,5,5,0.8,0.105,S2_sum,3.823868116439346,0.004831370407489516,300
7,5,5,0.8,0.11,S2_sum,3.8197161145240277,0.004869911952425618,300
7,5,5,0.8,0.115,S2_sum,3.8154358882660246,0.004890543550358639,300
7,5,5,0.8,0.12,S2_sum,3.8115895509450852,0.004899303476804825,300
7,5,5,0.8,0.125,S2_sum,3.8074505735836137,0.004861101130596403,300
7,5,5,0.8,0.13,S2_sum,3.802904689687864,0.004838652285285183,300
7,5,5,0.8,0.135,S2_sum,3.797818491373137,0.0048681458368613675,300
7,5,5,0.8,0.14,S2_sum,3.7932018911219925,0.0048376841683503815,300
7,5,5,0.8,0.145,S2_sum,3.7881396428029075,0.004786917607534093,300
7,5,5,0.8,0.15,S2_sum,3.784063631816203,0.004785897003009165,300
7,5,5,0.8,0.155,S2_sum,3.7800179229506785,0.004784528762828555,300
7,5,5,0.8,0.16,S2_sum,3.7765687040534597,0.004754230276991359,300
7,5,5,0.8,0.165,S2_sum,3.771484608372014,0.00472849209719805,300
7,5,5,0.8,0.17,S2_sum,3.7671605612878487,0.004710803103585784,300
7,5,5,0.8,0.17500000000000002,S2_sum,3.7627246112991686,0.004696380186500325,300
7,5,5,0.8,0.18,S2_sum,3.758757024847147,0.004644629715237323,300
7,5,5,0.8,0.185,S2_sum,3.753930014892184,0.004626523268728425,300
7,5,5,0.8,0.19,S2_sum,3.74987205221757,0.004578937412116022,300
7,5,5,0.8,0.195,S2_sum,3.7448711241189234,0.004582993211086924,300
7,5,5,0.8,0.2,S2_sum,3.7403822503504953,0.004583074244692195,300
7,5,5,0.8,0.20500000000000002,S2_sum,3.736170152485345,0.004567401518837042,300
7,5,5,0.8,0.21,S2_sum,3.731906027890243,0.004546132167976636,300
7,5,5,0.8,0.215,S2_sum,3.7278938817407363,0.004552326332450503,300
7,5,5,0.8,0.22,S2_sum,3.723480314375801,0.0044976787185647595,300
7,5,5,0.8,0.225,S2_sum,3.7189741064635062,0.004507509551661722,300
7,5,5,0.8,0.23,S2_sum,3.714639642867892,0.004427953766916156,300
7,5,5,0.8,0.23500000000000001,S2_sum,3.7104934229605737,0.004414650541403539,300
7,5,5,0.8,0.24,S2_sum,3.705686249640036,0.004403506785472973,300
7,5,5,0.8,0.245,S2_sum,3.7009961822782818,0.004404997888710757,300
7,5,5,0.8,0.25,S2_sum,3.695690190723535,0.004346716698735595,300
7,5,5,0.8,0.255,S2_sum,3.6906509670336685,0.004317194749303308,300
7,5,5,0.8,0.26,S2_sum,3.686608647828356,0.004273275845615024,300
7,5,5,0.8,0.265,S2_sum,3.682041214895584,0.004279163323076114,300
7,5,5,0.8,0.27,S2_sum,3.6771509532877453,0.0041935110162717,300
7,5,5,0.8,0.275,S2_sum,3.672306385632384,0.00416975399231236,300
7,5,5,0.8,0.28,S2_sum,3.6675269903316274,0.004133241017537982,300
7,5,5,0.8,0.28500000000000003,S2_sum,3.6627353952265,0.004096546293254814,300
7,5,5,0.8,0.29,S2_sum,3.6571966649386227,0.00409003706903335,300
7,5,5,0.8,0.295,S2_sum,3.6525646991485043,0.004054654599187557,300
7,5,5,0.8,0.3,S2_sum,3.647674882269891,0.003988498750779916,300
7,5,5,0.8,0.305,S2_sum,3.6432801361071725,0.00395720052084134,300
7,5,5,0.8,0.31,S2_sum,3.638635492053154,0.003929369087088148,300
7,5,5,0.8,0.315,S2_sum,3.6338186925967975,0.003909988229332732,300
7,5,5,0.8,0.32,S2_sum,3.6291637428687182,0.003862887008130042,300
7,5,5,0.8,0.325,S2_sum,3.624797459399873,0.003863461225423612,300
7,5,5,0.8,0.33,S2_sum,3.6197285561779546,0.003903548085965506,300
7,5,5,0.8,0.335,S2_sum,3.614148137933796,0.003846383700317371,300
7,5,5,0.8,0.34,S2_sum,3.6092635724219697,0.0037943120005309336,300
7,5,5,0.8,0.34500000000000003,S2_sum,3.604423531922937,0.003753236476979123,300
7,5,5,0.8,0.35000000000000003,S2_sum,3.5997321686381345,0.0036994131431516163,300
7,5,5,0.8,0.355,S2_sum,3.595604095845684,0.0036643762346957034,300
7,5,5,0.8,0.36,S2_sum,3.5905325918896627,0.0036097321558371622,300
7,5,5,0.8,0.365,S2_sum,3.5856703309622118,0.003571830057634166,300
7,5,5,0.8,0.37,S2_sum,3.580925631258527,0.003558240038422318,300
7,5,5,0.8,0.375,S2_sum,3.576427091380425,0.0035270668930779455,300
7,5,5,0.8,0.38,S2_sum,3.571573272686203,0.0035003217167686456,300
7,5,5,0.8,0.385,S2_sum,3.5662785216937,0.0034644288891718497,300
7,5,5,0.8,0.39,S2_sum,3.562043003972364,0.003437867488154839,300
7,5,5,0.8,0.395,S2_sum,3.557105724446977,0.0033807990576830995,300
7,5,5,0.8,0.4,S2_sum,3.5525511303005626,0.003386595564135647,300
7,5,5,0.8,0.405,S2_sum,3.54732277288257,0.0033546680363340828,300
7,5,5,0.8,0.41000000000000003,S2_sum,3.542446554036742,0.0033371777092934284,300
7,5,5,0.8,0.41500000000000004,S2_sum,3.537428925186933,0.00331005059488872,300
7,5,5,0.8,0.42,S2_sum,3.532174881791475,0.003311804184422464,300
7,5,5,0.8,0.425,S2_sum,3.52712148461618,0.0032944967670891327,300
7,5,5,0.8,0.43,S2_sum,3.522224866159619,0.0032832761682042404,300
7,5,5,0.8,0.435,S2_sum,3.5174569728209546,0.0032408861806906986,300
7,5,5,0.8,0.44,S2_sum,3.5122105211137233,0.0032297957598295935,300
7,5,5,0.8,0.445,S2_sum,3.5073057775559944,0.0032119252173654876,300
7,5,5,0.8,0.45,S2_sum,3.5021057416410364,0.003211856860928298,300
7,5,5,0.8,0.455,S2_sum,3.497265684936626,0.003201173300378053,300
7,5,5,0.8,0.46,S2_sum,3.49241045554533,0.0031848452793732233,300
7,5,5,0.8,0.465,S2_sum,3.487564029143079,0.003176886855327227,300
7,5,5,0.8,0.47000000000000003,S2_sum,3.482810145345665,0.0031981172573523086,300
7,5,5,0.8,0.47500000000000003,S2_sum,3.478188326619099,0.00318798738549468,300
7,5,5,0.8,0.48,S2_sum,3.4733598880213865,0.003164685473214428,300
7,5,5,0.8,0.485,S2_sum,3.468406112343779,0.0031519526645737,300
7,5,5,0.8,0.49,S2_sum,3.4640893910710777,0.0031511687212565135,300
7,5,5,0.8,0.495,S2_sum,3.4590030896079687,0.0031599049982742613,300
7,5,5,0.8,0.5,S2_sum,3.4541868184946134,0.003154716204702843,300
7,5,5,0.8,0.505,S2_sum,3.449492585756719,0.0031575604302255564,300
7,5,5,0.8,0.51,S2_sum,3.4447473633632466,0.0031332078003830357,300
7,5,5,0.8,0.515,S2_sum,3.439970203407228,0.003137559572200663,300
7,5,5,0.8,0.52,S2_sum,3.435202620140194,0.0031158502412011943,300
7,5,5,0.8,0.525,S2_sum,3.43024316664048,0.003089821736715089,300
7,5,5,0.8,0.53,S2_sum,3.4255006774489267,0.0031035590753527814,300
7,5,5,0.8,0.535,S2_sum,3.421059469680118,0.0031006493696586327,300
7,5,5,0.8,0.54,S2_sum,3.416122994412865,0.0030745006727877318,300
7,5,5,0.8,0.545,S2_sum,3.411008694719143,0.0030956083130995204,300
7,5,5,0.8,0.55,S2_sum,3.406051487401606,0.003067635097417133,300
7,5,5,0.8,0.555,S2_sum,3.4010194199821706,0.0030554465833855333,300
7,5,5,0.8,0.56,S2_sum,3.39635690511185,0.0030497146599684534,300
7,5,5,0.8,0.5650000000000001,S2_sum,3.3919474420533686,0.0030388390392001273,300
7,5,5,0.8,0.5700000000000001,S2_sum,3.3869102883820323,0.003056807154443008,300
7,5,5,0.8,0.5750000000000001,S2_sum,3.382446672358976,0.003054804954564167,300
7,5,5,0.8,0.58,S2_sum,3.3776322782432966,0.0030581028916835014,300
7,5,5,0.8,0.585,S2_sum,3.3733060864630953,0.0030556411791027227,300
7,5,5,0.8,0.59,S2_sum,3.3688261336213996,0.0030275554283506166,300
7,5,5,0.8,0.595,S2_sum,3.363929971112972,0.0030206229220400755,300
7,5,5,0.8,0.6,S2_sum,3.3591412736356614,0.0030160848293148616,300
7,5,5,0.8,0.0,Sstar,1.4788916467149291,0.0007465719756385052,300
7,5,5,0.8,0.005,Sstar,1.4788317727350455,0.0007352414429603636,300
7,5,5,0.8,0.01,Sstar,1.4788414339638978,0.0007336982207987958,300
7,5,5,0.8,0.015,Sstar,1.4790605914169657,0.0007358290507267361,300
7,5,5,0.8,0.02,Sstar,1.4788282489888724,0.0007412930952709879,300
7,5,5,0.8,0.025,Sstar,1.4786544725697524,0.0007424674577695392,300
7,5,5,0.8,0.03,Sstar,1.4784657520006896,0.0007456539489662105,300
7,5,5,0.8,0.035,Sstar,1.4783013149483444,0.0007337276402525345,300
7,5,5,0.8,0.04,Sstar,1.478154783343198,0.0007214170849151225,300
7,5,5,0.8,0.045,Sstar,1.477876206885124,0.0007274643170456284,300
7,5,5,0.8,0.05,Sstar,1.4774630514199092,0.0007210923755983401,300
7,5,5,0.8,0.055,Sstar,1.476945715951436,0.0007213100860331979,300
7,5,5,0.8,0.06,Sstar,1.4763971728696406,0.0007161887677382988,300
7,5,5,0.8,0.065,Sstar,1.4760282785745091,0.0007010755747806813,300
7,5,5,0.8,0.07,Sstar,1.4756159298409308,0.0007031825403202081,300
7,5,5,0.8,0.075,Sstar,1.4751382192982887,0.0006958836492179404,300
7,5,5,0.8,0.08,Sstar,1.4748193823298754,0.0006855048033422455,300
7,5,5,0.8,0.085,Sstar,1.474419374317309,0.000680186488053288,300
7,5,5,0.8,0.09,Sstar,1.4739162744569585,0.0006768182747804832,300
7,5,5,0.8,0.095,Sstar,1.473524372481195,0.0006706634283539987,300
7,5,5,0.8,0.1,Sstar,1.47308123701091,0.0006683216230127567,300
7,5,5,0.8,0.105,Sstar,1.472735553234333,0.0006572241725057959,300
7,5,5,0.8,0.11,Sstar,1.4722510389304932,0.0006584169353318741,300
7,5,5,0.8,0.115,Sstar,1.4717946678946845,0.0006528658548015403,300
7,5,5,0.8,0.12,Sstar,1.4713608816194614,0.0006517291661201658,300
7,5,5,0.8,0.125,Sstar,1.4709043336345102,0.0006420279644806725,300
7,5,5,0.8,0.13,Sstar,1.4703550422656382,0.000636088014017711,300
7,5,5,0.8,0.135,Sstar,1.4697159432794364,0.0006315851882198541,300
7,5,5,0.8,0.14,Sstar,1.4692169453868482,0.0006223549783265298,300
7,5,5,0.8,0.145,Sstar,1.4686598492567673,0.0006093794665210062,300
7,5,5,0.8,0.15,Sstar,1.4682873091093833,0.0006048761179225311,300
7,5,5,0.8,0.155,Sstar,1.4677744616940616,0.0005983391036474057,300
7,5,5,0.8,0.16,Sstar,1.4673592847495573,0.0005940522535013357,300
7,5,5,0.8,0.165,Sstar,1.4667727161811552,0.0005807995244576447,300
7,5,5,0.8,0.17,Sstar,1.4663374684281176,0.0005710828664459991,300
7,5,5,0.8,0.17500000000000002,Sstar,1.4659105998853712,0.0005643838455099559,300
7,5,5,0.8,0.18,Sstar,1.4654594455521748,0.0005556065221425013,300
7,5,5,0.8,0.185,Sstar,1.464918565542836,0.0005440906371693666,300
7,5,5,0.8,0.19,Sstar,1.464578601352937,0.0005341372285198489,300
7,5,5,0.8,0.195,Sstar,1.464014312678385,0.0005289730541509314,300
7,5,5,0.8,0.2,Sstar,1.463481837050966,0.0005302928051250792,300
7,5,5,0.8,0.20500000000000002,Sstar,1.4630734590752044,0.0005245222906556576,300
7,5,5,0.8,0.21,Sstar,1.4626956026743758,0.0005215249552504354,300
7,5,5,0.8,0.215,Sstar,1.4623681294819848,0.0005171464974880836,300
7,5,5,0.8,0.22,Sstar,1.4619486026009143,0.0005082950975456773,300
7,5,5,0.8,0.225,Sstar,1.4615302382642161,0.0005106175288944876,300
7,5,5,0.8,0.23,Sstar,1.4611307114642944,0.0005002334235973752,300
7,5,5,0.8,0.23500000000000001,Sstar,1.4607019750197898,0.0004999900960023965,300
7,5,5,0.8,0.24,Sstar,1.4602238982196338,0.0004923858266236242,300
7,5,5,0.8,0.245,Sstar,1.4597600220664027,0.0004914918517075657,300
7,5,5,0.8,0.25,Sstar,1.4592243357019494,0.00047906373302299615,300
7,5,5,0.8,0.255,Sstar,1.4587221158057617,0.000473389959809527,300
7,5,5,0.8,0.26,Sstar,1.4583127179398518,0.00046840752107371977,300
7,5,5,0.8,0.265,Sstar,1.4578141451388893,0.0004581694825515548,300
7,5,5,0.8,0.27,Sstar,1.4572884721994233,0.0004432406169241218,300
7,5,5,0.8,0.275,Sstar,1.4568064136054635,0.0004399173031647349,300
7,5,5,0.8,0.28,Sstar,1.456267641031032,0.00043567615374317007,300
7,5,5,0.8,0.28500000000000003,Sstar,1.4557872722867442,0.00043170679647500863,300
7,5,5,0.8,0.29,Sstar,1.455115895302865,0.00043076963397269927,300
7,5,5,0.8,0.295,Sstar,1.4546133830477095,0.00042365679324812627,300
7,5,5,0.8,0.3,Sstar,1.4540709998491528,0.00041713093986637384,300
7,5,5,0.8,0.305,Sstar,1.453579874237003,0.0004139706538251242,300
7,5,5,0.8,0.31,Sstar,1.4531024575371323,0.0004158306729940335,300
7,5,5,0.8,0.315,Sstar,1.452562423942314,0.00041825291380825946,300
7,5,5,0.8,0.32,Sstar,1.4520875251912289,0.00041700828099780035,300
7,5,5,0.8,0.325,Sstar,1.4515963436444692,0.0004155020165264944,300
7,5,5,0.8,0.33,Sstar,1.451054156026838,0.0004167462246564183,300
7,5,5,0.8,0.335,Sstar,1.4503659839877818,0.00041684244828684255,300
7,5,5,0.8,0.34,Sstar,1.449762318616564,0.00040722775757157277,300
7,5,5,0.8,0.34500000000000003,Sstar,1.4492435614016648,0.00040474450925716927,300
7,5,5,0.8,0.35000000000000003,Sstar,1.448701773145613,0.0004012287355753293,300
7,5,5,0.8,0.355,Sstar,1.4482468206005727,0.00039923201195503615,300
7,5,5,0.8,0.36,Sstar,1.4476761606172437,0.00039350012573702964,300
7,5,5,0.8,0.365,Sstar,1.4471519083547053,0.0003865157828059798,300
7,5,5,0.8,0.37,Sstar,1.4466646667410752,0.0003870998770690448,300
7,5,5,0.8,0.375,Sstar,1.4461765502014925,0.0003885165561647318,300
7,5,5,0.8,0.38,Sstar,1.4455653651707274,0.0003830053178253977,300
7,5,5,0.8,0.385,Sstar,1.4449004848567686,0.00038434891694560106,300
7,5,5,0.8,0.39,Sstar,1.4444461246174847,0.00038360983270822185,300
7,5,5,0.8,0.395,Sstar,1.4438967411658157,0.0003860759449933532,300
7,5,5,0.8,0.4,Sstar,1.4434365669599458,0.0003871411403390342,300
7,5,5,0.8,0.405,Sstar,1.4428261665918347,0.0003855180032205705,300
7,5,5,0.8,0.41000000000000003,Sstar,1.4422864196698184,0.00038682001624872184,300
7,5,5,0.8,0.41500000000000004,Sstar,1.441624259409069,0.0003903428733377677,300
7,5,5,0.8,0.42,Sstar,1.440935373687214,0.0003968910702501957,300
7,5,5,0.8,0.425,Sstar,1.4403070616492049,0.0003958853587997123,300
7,5,5,0.8,0.43,Sstar,1.4396784101922557,0.00039648758209485507,300
7,5,5,0.8,0.435,Sstar,1.4390863226817292,0.0003980666161535447,300
7,5,5,0.8,0.44,Sstar,1.4384078947413108,0.0004029062131052926,300
7,5,5,0.8,0.445,Sstar,1.4378242843473201,0.0004058742636186807,300
7,5,5,0.8,0.45,Sstar,1.4371353189101872,0.0004134840572106684,300
7,5,5,0.8,0.455,Sstar,1.4365327958333118,0.0004218501290101605,300
7,5,5,0.8,0.46,Sstar,1.4358776493770757,0.00042441698501454703,300
7,5,5,0.8,0.465,Sstar,1.4352297857819196,0.0004242075699510133,300
7,5,5,0.8,0.47000000000000003,Sstar,1.434595603679954,0.00043196986556835336,300
7,5,5,0.8,0.47500000000000003,Sstar,1.4339819203711366,0.00043306291650236224,300
7,5,5,0.8,0.48,Sstar,1.4333020446619809,0.00043814881250554176,300
7,5,5,0.8,0.485,Sstar,1.4326307494582773,0.00044144132288136313,300
7,5,5,0.8,0.49,Sstar,1.4320416210959872,0.00044768086551245445,300
7,5,5,0.8,0.495,Sstar,1.4313350628786943,0.0004498347264281924,300
7,5,5,0.8,0.5,Sstar,1.4306272898043593,0.00045772676441006047,300
7,5,5,0.8,0.505,Sstar,1.4299876345161067,0.00046300833923414186,300
7,5,5,0.8,0.51,Sstar,1.4293883287801175,0.0004621440183875522,300
7,5,5,0.8,0.515,Sstar,1.428747501101378,0.00046387990012526615,300
7,5,5,0.8,0.52,Sstar,1.4280878496720553,0.0004684884963484619,300
7,5,5,0.8,0.525,Sstar,1.4274097063112499,0.00047038629668910584,300
7,5,5,0.8,0.53,Sstar,1.4267688984887386,0.0004738538394264328,300
7,5,5,0.8,0.535,Sstar,1.4261826219458227,0.0004772551442973691,300
7,5,5,0.8,0.54,Sstar,1.4255052750345631,0.0004786552387341614,300
7,5,5,0.8,0.545,Sstar,1.4247931844760882,0.000488323657953445,300
7,5,5,0.8,0.55,Sstar,1.4241244031598363,0.0004896585988027903,300
7,5,5,0.8,0.555,Sstar,1.4234382819455176,0.0004955405548346272,300
7,5,5,0.8,0.56,Sstar,1.4227902084859587,0.0004980382346213468,300
7,5,5,0.8,0.5650000000000001,Sstar,1.422157248374613,0.0005026172171913537,300
7,5,5,0.8,0.5700000000000001,Sstar,1.421340818458063,0.0005102629584266365,300
7,5,5,0.8,0.5750000000000001,Sstar,1.4207160724442616,0.0005177476956335829,300
7,5,5,0.8,0.58,Sstar,1.420012939438823,0.0005250578053651665,300
7,5,5,0.8,0.585,Sstar,1.4194196830026575,0.000528691951825238,300
7,5,5,0.8,0.59,Sstar,1.41879455579285,0.0005283151424528147,300
7,5,5,0.8,0.595,Sstar,1.418089144889558,0.0005308316427619657,300
7,5,5,0.8,0.6,Sstar,1.4173125215566262,0.0005343263749213883,300
7,5,5,1.2,0.0,M_sum,5.20435520760238,0.015319038836147929,300
7,5,5,1.2,0.005,M_sum,5.203419052492669,0.015225427165979093,300
7,5,5,1.2,0.01,M_sum,5.20340603514364,0.015208190732686096,300
7,5,5,1.2,0.015,M_sum,5.20352998509385,0.015248004672780193,300
7,5,5,1.2,0.02,M_sum,5.20444415848568,0.015214125995405628,300
7,5,5,1.2,0.025,M_sum,5.204852296180302,0.015267185459630541,300
7,5,5,1.2,0.03,M_sum,5.203258514064665,0.015245609691014237,300
7,5,5,1.2,0.035,M_sum,5.201383499067609,0.01524900946661879,300
7,5,5,1.2,0.04,M_sum,5.201259689885988,0.015223671707221253,300
7,5,5,1.2,0.045,M_sum,5.199357970205314,0.015243470964143102,300
7,5,5,1.2,0.05,M_sum,5.19775379065953,0.015177055882094946,300
7,5,5,1.2,0.055,M_sum,5.196090481938769,0.015076137174431467,300
7,5,5,1.2,0.06,M_sum,5.194838415283033,0.015018646311273672,300
7,5,5,1.2,0.065,M_sum,5.192297013799509,0.015028054015249816,300
7,5,5,1.2,0.07,M_sum,5.190603350816386,0.015024882421966942,300
7,5,5,1.2,0.075,M_sum,5.18692566344275,0.014981843453735825,300
7,5,5,1.2,0.08,M_sum,5.182906561309202,0.01495651927350858,300
7,5,5,1.2,0.085,M_sum,5.178645952997335,0.01487533018736868,300
7,5,5,1.2,0.09,M_sum,5.174772091191974,0.014795727046356203,300
7,5,5,1.2,0.095,M_sum,5.1708819348697785,0.014772149510522385,300
7,5,5,1.2,0.1,M_sum,5.1670410275523535,0.014670274728952071,300
7,5,5,1.2,0.105,M_sum,5.164319458223667,0.014716469699614357,300
7,5,5,1.2,0.11,M_sum,5.160696693528428,0.014633819962306914,300
7,5,5,1.2,0.115,M_sum,5.157122486871967,0.014565431792245821,300
7,5,5,1.2,0.12,M_sum,5.152527317082841,0.01446696180804661,300
7,5,5,1.2,0.125,M_sum,5.148065817454327,0.014435220930550064,300
7,5,5,1.2,0.13,M_sum,5.1432851265540895,0.014317844064165154,300
7,5,5,1.2,0.135,M_sum,5.138219116886208,0.014284614229751545,300
7,5,5,1.2,0.14,M_sum,5.1335363287841185,0.014306900745823657,300
7,5,5,1.2,0.145,M_sum,5.129130742868335,0.014171563216832649,300
7,5,5,1.2,0.15,M_sum,5.124323555268474,0.014243527858676887,300
7,5,5,1.2,0.155,M_sum,5.120031728647109,0.014217169140207904,300
7,5,5,1.2,0.16,M_sum,5.115595288851873,0.014164279690099178,300
7,5,5,1.2,0.165,M_sum,5.109966422569267,0.014168554837522735,300
7,5,5,1.2,0.17,M_sum,5.104269370548682,0.014134344450278082,300
7,5,5,1.2,0.17500000000000002,M_sum,5.099420611615626,0.014131818910794148,300
7,5,5,1.2,0.18,M_sum,5.0940188137960805,0.014073712402447366,300
7,5,5,1.2,0.185,M_sum,5.088704681825678,0.013990032684610241,300
7,5,5,1.2,0.19,M_sum,5.083187611450286,0.013914117647568197,300
7,5,5,1.2,0.195,M_sum,5.076878479287089,0.013835198582933004,300
7,5,5,1.2,0.2,M_sum,5.070357234153966,0.013835057291694293,300
7,5,5,1.2,0.20500000000000002,M_sum,5.063994809651441,0.013748372807264219,300
7,5,5,1.2,0.21,M_sum,5.058057781969624,0.013709327386118323,300
7,5,5,1.2,0.215,M_sum,5.051593051149243,0.013635119618520848,300
7,5,5,1.2,0.22,M_sum,5.045103731307127,0.013581906435657421,300
7,5,5,1.2,0.225,M_sum,5.039604751189658,0.013553414195683046,300
7,5,5,1.2,0.23,M_sum,5.03353202056699,0.013542808363198525,300
7,5,5,1.2,0.23500000000000001,M_sum,5.028854621245262,0.013493514754091017,300
7,5,5,1.2,0.24,M_sum,5.02285953645743,0.013401659698882516,300
7,5,5,1.2,0.245,M_sum,5.016099827751421,0.013369019109748317,300
7,5,5,1.2,0.25,M_sum,5.009715685437149,0.013313907462817395,300
7,5,5,1.2,0.255,M_sum,5.003448348115897,0.013270291703537095,300
7,5,5,1.2,0.26,M_sum,4.997239632568191,0.013259657055072024,300
7,5,5,1.2,0.265,M_sum,4.990225235461254,0.013150223251228482,300
7,5,5,1.2,0.27,M_sum,4.984900274807133,0.013140166784596952,300
7,5,5,1.2,0.275,M_sum,4.977991794015329,0.013076323720108632,300
7,5,5,1.2,0.28,M_sum,4.971837019978324,0.013018487169449628,300
7,5,5,1.2,0.28500000000000003,M_sum,4.965466340108126,0.01292694129669677,300
7,5,5,1.2,0.29,M_sum,4.958753789220864,0.012896649113230824,300
7,5,5,1.2,0.295,M_sum,4.951661792421008,0.012892574667116725,300
7,5,5,1.2,0.3,M_sum,4.944882669979167,0.012813383838257704,300
7,5,5,1.2,0.305,M_sum,4.937884272670593,0.012735420999070966,300
7,5,5,1.2,0.31,M_sum,4.9317703967455255,0.012702606889357811,300
7,5,5,1.2,0.315,M_sum,4.925301808947089,0.012659227348463947,300
7,5,5,1.2,0.32,M_sum,4.919238494713345,0.012653820866336478,300
7,5,5,1.2,0.325,M_sum,4.9125214887501825,0.012576709367637561,300
7,5,5,1.2,0.33,M_sum,4.905455812820634,0.01248620543192505,300
7,5,5,1.2,0.335,M_sum,4.898879348071766,0.012441811399727666,300
7,5,5,1.2,0.34,M_sum,4.891879974682276,0.012408714354275091,300
7,5,5,1.2,0.34500000000000003,M_sum,4.884891955126619,0.012277839992787575,300
7,5,5,1.2,0.35000000000000003,M_sum,4.877823940709352,0.012234545924595273,300
7,5,5,1.2,0.355,M_sum,4.871316359899039,0.012219266562554908,300
7,5,5,1.2,0.36,M_sum,4.8639706103463425,0.01215982883759435,300
7,5,5,1.2,0.365,M_sum,4.856968382395864,0.012147362040845076,300
7,5,5,1.2,0.37,M_sum,4.84928988785431,0.01209397714111921,300
7,5,5,1.2,0.375,M_sum,4.841419393443684,0.01200900162852687,300
7,5,5,1.2,0.38,M_sum,4.833984511149587,0.011987209129554291,300
7,5,5,1.2,0.385,M_sum,4.8260951847359905,0.011880451088235766,300
7,5,5,1.2,0.39,M_sum,4.819764384990787,0.011825146349585793,300
7,5,5,1.2,0.395,M_sum,4.8121033436428595,0.011799930751002484,300
7,5,5,1.2,0.4,M_sum,4.804515832797602,0.011748909627022729,300
7,5,5,1.2,0.405,M_sum,4.79747490678234,0.011647056610258938,300
7,5,5,1.2,0.41000000000000003,M_sum,4.790553988442734,0.01157188782458709,300
7,5,5,1.2,0.41500000000000004,M_sum,4.78224872047257,0.011519312854477921,300
7,5,5,1.2,0.42,M_sum,4.77486111807687,0.011457751517327235,300
7,5,5,1.2,0.425,M_sum,4.767210182604533,0.011407136883192712,300
7,5,5,1.2,0.43,M_sum,4.759790060701695,0.01131601255708502,300
7,5,5,1.2,0.435,M_sum,4.751169833963602,0.011301897130052675,300
7,5,5,1.2,0.44,M_sum,4.7433621233628225,0.01124782049434105,300
7,5,5,1.2,0.445,M_sum,4.736156981226515,0.011185897764909473,300
7,5,5,1.2,0.45,M_sum,4.728384799420561,0.011084817600478405,300
7,5,5,1.2,0.455,M_sum,4.7204902952368935,0.010989726399286628,300
7,5,5,1.2,0.46,M_sum,4.713995281247088,0.010936683414926023,300
7,5,5,1.2,0.465,M_sum,4.70607689975926,0.010896216111169579,300
7,5,5,1.2,0.47000000000000003,M_sum,4.6982719714693975,0.010836736350683997,300
7,5,5,1.2,0.47500000000000003,M_sum,4.690785018387619,0.010772288176513866,300
7,5,5,1.2,0.48,M_sum,4.6831162174728105,0.010718547985638502,300
7,5,5,1.2,0.485,M_sum,4.6757809915370405,0.010662454238484364,300
7,5,5,1.2,0.49,M_sum,4.668320071566925,0.01064932522008694,300
7,5,5,1.2,0.495,M_sum,4.660274436924373,0.010672082550191768,300
7,5,5,1.2,0.5,M_sum,4.651524521491088,0.010585042927491656,300
7,5,5,1.2,0.505,M_sum,4.643721301507662,0.010542620793036524,300
7,5,5,1.2,0.51,M_sum,4.635846320741776,0.010468464188403517,300
7,5,5,1.2,0.515,M_sum,4.628404200163672,0.010408194792165341,300
7,5,5,1.2,0.52,M_sum,4.62036915193293,0.01035183833780627,300
7,5,5,1.2,0.525,M_sum,4.612581230208338,0.010283389423832551,300
7,5,5,1.2,0.53,M_sum,4.60523904235696,0.010224251630398855,300
7,5,5,1.2,0.535,M_sum,4.597531025514957,0.01014487628911143,300
7,5,5,1.2,0.54,M_sum,4.5896195789107335,0.010075458738515085,300
7,5,5,1.2,0.545,M_sum,4.581824933214015,0.010000093423826946,300
7,5,5,1.2,0.55,M_sum,4.573825421110784,0.00996254188585822,300
7,5,5,1.2,0.555,M_sum,4.566154493382214,0.009931058313936527,300
7,5,5,1.2,0.56,M_sum,4.558409549113734,0.009860139104411626,300
7,5,5,1.2,0.5650000000000001,M_sum,4.550963923213188,0.009816470551137858,300
7,5,5,1.2,0.5700000000000001,M_sum,4.543001070827035,0.009764264446192848,300
7,5,5,1.2,0.5750000000000001,M_sum,4.534550745514832,0.009678689298672905,300
7,5,5,1.2,0.58,M_sum,4.5268318375302865,0.009656247880507516,300
7,5,5,1.2,0.585,M_sum,4.519669459066608,0.009602480340438192,300
7,5,5,1.2,0.59,M_sum,4.511810796077253,0.009539764546747896,300
7,5,5,1.2,0.595,M_sum,4.503939029867685,0.009489273619787079,300
7,5,5,1.2,0.6,M_sum,4.496465710286779,0.009465824811259434,300
7,5,5,1.2,0.0,S2_sum,3.711660695632795,0.008361603410302728,300
7,5,5,1.2,0.005,S2_sum,3.711004648928339,0.008293262883353875,300
7,5,5,1.2,0.01,S2_sum,3.71102554916899,0.00828456902754741,300
7,5,5,1.2,0.015,S2_sum,3.7111582205038522,0.008308972367149798,300
7,5,5,1.2,0.02,S2_sum,3.7118764466159533,0.008288319487111942,300
7,5,5,1.2,0.025,S2_sum,3.7122228668169814,0.008325668993032992,300
7,5,5,1.2,0.03,S2_sum,3.7111774948000873,0.008311480296785103,300
7,5,5,1.2,0.035,S2_sum,3.709920319778292,0.008321800523410463,300
7,5,5,1.2,0.04,S2_sum,3.7099553018752522,0.008302520924991598,300
7,5,5,1.2,0.045,S2_sum,3.7086983292772553,0.008322686634857338,300
7,5,5,1.2,0.05,S2_sum,3.7077150466825994,0.008280920338872197,300
7,5,5,1.2,0.055,S2_sum,3.706689371309357,0.008212383410359106,300
7,5,5,1.2,0.06,S2_sum,3.705996560854274,0.008175581498677776,300
7,5,5,1.2,0.065,S2_sum,3.7043325099243094,0.008190835023086302,300
7,5,5,1.2,0.07,S2_sum,3.7033167600259187,0.008198968868012895,300
7,5,5,1.2,0.075,S2_sum,3.7008935184725456,0.008171238924670261,300
7,5,5,1.2,0.08,S2_sum,3.698274893583057,0.008163797868685365,300
7,5,5,1.2,0.085,S2_sum,3.6954419142809805,0.0081180319285298,300
7,5,5,1.2,0.09,S2_sum,3.6929420284213292,0.008067456421452452,300
7,5,5,1.2,0.095,S2_sum,3.690433020409899,0.008056794945353196,300
7,5,5,1.2,0.1,S2_sum,3.687974074134185,0.007990274856385138,300
7,5,5,1.2,0.105,S2_sum,3.6863224741132763,0.008033389532266667,300
7,5,5,1.2,0.11,S2_sum,3.6840323489553657,0.0079855570821738,300
7,5,5,1.2,0.115,S2_sum,3.6818283053567082,0.00794454599850478,300
7,5,5,1.2,0.12,S2_sum,3.6788763170189767,0.007882913852010995,300
7,5,5,1.2,0.125,S2_sum,3.676028709660602,0.00787235089219522,300
7,5,5,1.2,0.13,S2_sum,3.672971591831149,0.007796379019801448,300
7,5,5,1.2,0.135,S2_sum,3.669736226015869,0.007789657916428096,300
7,5,5,1.2,0.14,S2_sum,3.666760299777606,0.007814281904265585,300
7,5,5,1.2,0.145,S2_sum,3.66404229314742,0.007727595449128723,300
7,5,5,1.2,0.15,S2_sum,3.6610000268218497,0.007791162199178772,300
7,5,5,1.2,0.155,S2_sum,3.6583606064069136,0.007783901842985775,300
7,5,5,1.2,0.16,S2_sum,3.6556441432178017,0.007755803272070678,300
7,5,5,1.2,0.165,S2_sum,3.652072179636891,0.007773322257001161,300
7,5,5,1.2,0.17,S2_sum,3.648467266963518,0.0077612760092990824,300
7,5,5,1.2,0.17500000000000002,S2_sum,3.645519311252187,0.007770826774904528,300
7,5,5,1.2,0.18,S2_sum,3.6421539726356444,0.007742243018211774,300
7,5,5,1.2,0.185,S2_sum,3.638878403784512,0.007692479430213015,300
7,5,5,1.2,0.19,S2_sum,3.635474074620389,0.00765331289867589,300
7,5,5,1.2,0.195,S2_sum,3.631513223608156,0.007612277687984287,300
7,5,5,1.2,0.2,S2_sum,3.6273909082642333,0.007624986215694823,300
7,5,5,1.2,0.20500000000000002,S2_sum,3.623415727302306,0.007578601078151574,300
7,5,5,1.2,0.21,S2_sum,3.6197640129301645,0.007561380305729215,300
7,5,5,1.2,0.215,S2_sum,3.6157373089449387,0.00751836883690117,300
7,5,5,1.2,0.22,S2_sum,3.611706265762581,0.007492058238395253,300
7,5,5,1.2,0.225,S2_sum,3.608389524541767,0.00748093493474421,300
7,5,5,1.2,0.23,S2_sum,3.6046760305381613,0.007484036738229966,300
7,5,5,1.2,0.23500000000000001,S2_sum,3.601995622080874,0.007458702465165921,300
7,5,5,1.2,0.24,S2_sum,3.598377562196303,0.007407066437023664,300
7,5,5,1.2,0.245,S2_sum,3.594192658462097,0.007392337354963442,300
7,5,5,1.2,0.25,S2_sum,3.5903055175250262,0.007363765377122549,300
7,5,5,1.2,0.255,S2_sum,3.586489787115737,0.007343396584168431,300
7,5,5,1.2,0.26,S2_sum,3.5827278245402945,0.007345211818499655,300
7,5,5,1.2,0.265,S2_sum,3.5784308056700977,0.007273249636650988,300
7,5,5,1.2,0.27,S2_sum,3.575357335312599,0.0072724785902203585,300
7,5,5,1.2,0.275,S2_sum,3.571125038121178,0.007242740958634807,300
7,5,5,1.2,0.28,S2_sum,3.56746665152852,0.0072125654503310595,300
7,5,5,1.2,0.28500000000000003,S2_sum,3.5636602979248946,0.007159266426143665,300
7,5,5,1.2,0.29,S2_sum,3.5596171001111028,0.007147878672487784,300
7,5,5,1.2,0.295,S2_sum,3.5553137733843942,0.007159039457340486,300
7,5,5,1.2,0.3,S2_sum,3.551238507800158,0.007116867654926318,300
7,5,5,1.2,0.305,S2_sum,3.5470147948719304,0.007070221138675256,300
7,5,5,1.2,0.31,S2_sum,3.5434327999212867,0.007064664452784172,300
7,5,5,1.2,0.315,S2_sum,3.539634257685455,0.007041752010767873,300
7,5,5,1.2,0.32,S2_sum,3.53610340256583,0.007051710455980006,300
7,5,5,1.2,0.325,S2_sum,3.532137068079886,0.007008432285181898,300
7,5,5,1.2,0.33,S2_sum,3.5279346901521094,0.006954823308755229,300
7,5,5,1.2,0.335,S2_sum,3.524078034989897,0.006933773259773548,300
7,5,5,1.2,0.34,S2_sum,3.5198926248324582,0.006925906520468535,300
7,5,5,1.2,0.34500000000000003,S2_sum,3.5157666600218893,0.006842342891353541,300
7,5,5,1.2,0.35000000000000003,S2_sum,3.5115753150263997,0.0068248280899299175,300
7,5,5,1.2,0.355,S2_sum,3.507790025441926,0.006822977513204673,300
7,5,5,1.2,0.36,S2_sum,3.5034009056196904,0.0067908857102105735,300
7,5,5,1.2,0.365,S2_sum,3.4992577032048877,0.00679630024290988,300
7,5,5,1.2,0.37,S2_sum,3.4946490797264036,0.006769099365475436,300
7,5,5,1.2,0.375,S2_sum,3.4899355040972053,0.006712524671800495,300
7,5,5,1.2,0.38,S2_sum,3.4855092076573087,0.006706993208524174,300
7,5,5,1.2,0.385,S2_sum,3.4807918939668228,0.006637549278102175,300
7,5,5,1.2,0.39,S2_sum,3.47720105291164,0.00660960787360294,300
7,5,5,1.2,0.395,S2_sum,3.4726295173801,0.006601556542010179,300
7,5,5,1.2,0.4,S2_sum,3.4681313320342437,0.006573646866921364,300
7,5,5,1.2,0.405,S2_sum,3.4640485627451008,0.006509520521215592,300
7,5,5,1.2,0.41000000000000003,S2_sum,3.460032556881259,0.006465426953482658,300
7,5,5,1.2,0.41500000000000004,S2_sum,3.455013498476793,0.006440767252967697,300
7,5,5,1.2,0.42,S2_sum,3.4506909011722042,0.006408647910030181,300
7,5,5,1.2,0.425,S2_sum,3.4461733926715783,0.006382791827442338,300
7,5,5,1.2,0.43,S2_sum,3.4418208112744706,0.006327914358477851,300
7,5,5,1.2,0.435,S2_sum,3.436597652889908,0.006329561226396049,300
7,5,5,1.2,0.44,S2_sum,3.431942044845348,0.006296497178133706,300
7,5,5,1.2,0.445,S2_sum,3.4277683567311934,0.006265718185329233,300
7,5,5,1.2,0.45,S2_sum,3.423198130220329,0.006202890972093897,300
7,5,5,1.2,0.455,S2_sum,3.418509122935468,0.006146236466652881,300
7,5,5,1.2,0.46,S2_sum,3.4148660853873056,0.006119160227314381,300
7,5,5,1.2,0.465,S2_sum,3.4101852694878323,0.006102719778923069,300
7,5,5,1.2,0.47000000000000003,S2_sum,3.405584384342122,0.006069659435331126,300
7,5,5,1.2,0.47500000000000003,S2_sum,3.4012247748538162,0.006032859890412673,300
7,5,5,1.2,0.48,S2_sum,3.396722369858816,0.0060050581820209475,300
7,5,5,1.2,0.485,S2_sum,3.392459970712755,0.005977683682989,300
7,5,5,1.2,0.49,S2_sum,3.3881066666816233,0.005977955336968337,300
7,5,5,1.2,0.495,S2_sum,3.3833191702951937,0.006005918603498914,300
7,5,5,1.2,0.5,S2_sum,3.378040601077373,0.005951797227939825,300
7,5,5,1.2,0.505,S2_sum,3.373473519691842,0.005929150533920058,300
7,5,5,1.2,0.51,S2_sum,3.368839336131098,0.005882755198749565,300
7,5,5,1.2,0.515,S2_sum,3.364518615869654,0.0058473527541590435,300
7,5,5,1.2,0.52,S2_sum,3.359775955121577,0.005816889938188132,300
7,5,5,1.2,0.525,S2_sum,3.3552116830597503,0.005774572674494994,300
7,5,5,1.2,0.53,S2_sum,3.350980942783903,0.0057406725142587845,300
7,5,5,1.2,0.535,S2_sum,3.3465067121404957,0.005693371551903751,300
7,5,5,1.2,0.54,S2_sum,3.341835137387002,0.005652996912495241,300
7,5,5,1.2,0.545,S2_sum,3.337275850992273,0.00560738563256467,300
7,5,5,1.2,0.55,S2_sum,3.3325530006634594,0.0055898552242785735,300
7,5,5,1.2,0.555,S2_sum,3.328082386102713,0.005574787956659911,300
7,5,5,1.2,0.56,S2_sum,3.3235547896919906,0.005533832239516066,300
7,5,5,1.2,0.5650000000000001,S2_sum,3.3192490006031337,0.0055120834540438295,300
7,5,5,1.2,0.5700000000000001,S2_sum,3.314556661163417,0.005482666948272849,300
7,5,5,1.2,0.5750000000000001,S2_sum,3.3095155287881606,0.005429975429178514,300
7,5,5,1.2,0.58,S2_sum,3.3049852171835767,0.005422256345373771,300
7,5,5,1.2,0.585,S2_sum,3.300881573417608,0.0053915583783584915,300
7,5,5,1.2,0.59,S2_sum,3.2962468203743946,0.005355543519722879,300
7,5,5,1.2,0.595,S2_sum,3.291620322076874,0.005325653727744204,300
7,5,5,1.2,0.6,S2_sum,3.28727299778214,0.005317980205423099,300
7,5,5,1.2,0.0,Sstar,1.4586902719396708,0.0012112769661125704,300
7,5,5,1.2,0.005,Sstar,1.4585484715340655,0.0011967374981786047,300
7,5,5,1.2,0.01,Sstar,1.4586483392399139,0.001197161191499744,300
7,5,5,1.2,0.015,Sstar,1.4586915379930288,0.00120233407708679,300
7,5,5,1.2,0.02,Sstar,1.4588830705084062,0.001201758061959511,300
7,5,5,1.2,0.025,Sstar,1.4588744200748176,0.0012135062362084894,300
7,5,5,1.2,0.03,Sstar,1.4585481081117426,0.0012141228527552848,300
7,5,5,1.2,0.035,Sstar,1.4582489348842742,0.0012225460821453924,300
7,5,5,1.2,0.04,Sstar,1.4583522181807924,0.0012102971476552293,300
7,5,5,1.2,0.045,Sstar,1.4582279084801897,0.0012054453101079472,300
7,5,5,1.2,0.05,Sstar,1.4581860211161823,0.0011900946066010522,300
7,5,5,1.2,0.055,Sstar,1.458221619532157,0.0011720838567023943,300
7,5,5,1.2,0.06,Sstar,1.458224148485393,0.0011591706428147556,300
7,5,5,1.2,0.065,Sstar,1.4582452474233008,0.0011482367605414252,300
7,5,5,1.2,0.07,Sstar,1.4583141128799613,0.0011359116348016384,300
7,5,5,1.2,0.075,Sstar,1.458234218765284,0.0011237776420982713,300
7,5,5,1.2,0.08,Sstar,1.4581451607098466,0.001114095621280111,300
7,5,5,1.2,0.085,Sstar,1.4579418251399368,0.001102911453253677,300
7,5,5,1.2,0.09,Sstar,1.4578024889407668,0.0010898967584398954,300
7,5,5,1.2,0.095,Sstar,1.4576893864676705,0.0010785896393153136,300
7,5,5,1.2,0.1,Sstar,1.457653625405092,0.001057693357217236,300
7,5,5,1.2,0.105,Sstar,1.4576612854785629,0.0010502393952249239,300
7,5,5,1.2,0.11,Sstar,1.45752102869728,0.0010364894958378853,300
7,5,5,1.2,0.115,Sstar,1.4574259918699894,0.0010311998489031188,300
7,5,5,1.2,0.12,Sstar,1.457292502044487,0.0010131633403337927,300
7,5,5,1.2,0.125,Sstar,1.4570603088834762,0.0010081759343198392,300
7,5,5,1.2,0.13,Sstar,1.4569179824761143,0.0009918899338947867,300
7,5,5,1.2,0.135,Sstar,1.4566629956760493,0.000988839376108879,300
7,5,5,1.2,0.14,Sstar,1.4565402894228685,0.0009868814678017875,300
7,5,5,1.2,0.145,Sstar,1.456407928135554,0.000976693721992946,300
7,5,5,1.2,0.15,Sstar,1.4561121146218192,0.0009796085225079701,300
7,5,5,1.2,0.155,Sstar,1.4558981266476347,0.0009726811954788902,300
7,5,5,1.2,0.16,Sstar,1.4557287154847238,0.0009598057719513291,300
7,5,5,1.2,0.165,Sstar,1.4553536016821382,0.0009574971847884199,300
7,5,5,1.2,0.17,Sstar,1.4550142596505324,0.0009489965088034334,300
7,5,5,1.2,0.17500000000000002,Sstar,1.4547943526629803,0.000938115687513189,300
7,5,5,1.2,0.18,Sstar,1.4545012834975484,0.0009292692552129998,300
7,5,5,1.2,0.185,Sstar,1.4542103415483851,0.0009183288308365,300
7,5,5,1.2,0.19,Sstar,1.453881351824587,0.0009023785976848801,300
7,5,5,1.2,0.195,Sstar,1.4535165477283358,0.0008921268835254351,300
7,5,5,1.2,0.2,Sstar,1.453018813467567,0.000890358426250769,300
7,5,5,1.2,0.20500000000000002,Sstar,1.4526291409110772,0.0008779963881931976,300
7,5,5,1.2,0.21,Sstar,1.4522807640558404,0.0008729025265325598,300
7,5,5,1.2,0.215,Sstar,1.4517977910855615,0.0008600356674056599,300
7,5,5,1.2,0.22,Sstar,1.4513882848478976,0.0008491680166969335,300
7,5,5,1.2,0.225,Sstar,1.451142028675389,0.0008468650709448206,300
7,5,5,1.2,0.23,Sstar,1.4506910081013606,0.000839434390175206,300
7,5,5,1.2,0.23500000000000001,Sstar,1.450455901425962,0.0008352633069686698,300
7,5,5,1.2,0.24,Sstar,1.4499988947016278,0.000828880997744581,300
7,5,5,1.2,0.245,Sstar,1.4495587820844287,0.0008257902063965944,300
7,5,5,1.2,0.25,Sstar,1.4491096103039736,0.0008183415908257441,300
7,5,5,1.2,0.255,Sstar,1.448678938293981,0.0008185135173636141,300
7,5,5,1.2,0.26,Sstar,1.4482681151196766,0.0008171360091727007,300
7,5,5,1.2,0.265,Sstar,1.4477427967103977,0.0008118456669369844,300
7,5,5,1.2,0.27,Sstar,1.4474429050979405,0.0008124063308254222,300
7,5,5,1.2,0.275,Sstar,1.446921796211893,0.0008083739879326995,300
7,5,5,1.2,0.28,Sstar,1.4464812290960716,0.0008027578818452447,300
7,5,5,1.2,0.28500000000000003,Sstar,1.446064956090504,0.0007951636400771913,300
7,5,5,1.2,0.29,Sstar,1.4455988612888935,0.0007896198305984696,300
7,5,5,1.2,0.295,Sstar,1.4450500666895165,0.0007953951158863638,300
7,5,5,1.2,0.3,Sstar,1.444555945615797,0.0007947530144133806,300
7,5,5,1.2,0.305,Sstar,1.4441042722412873,0.0007912494853344688,300
7,5,5,1.2,0.31,Sstar,1.4438027998201322,0.0007963835760841585,300
7,5,5,1.2,0.315,Sstar,1.4433758859140675,0.0007905753501768844,300
7,5,5,1.2,0.32,Sstar,1.4430281552373119,0.0007916022658909685,300
7,5,5,1.2,0.325,Sstar,1.442584367560708,0.0007855708846434754,300
7,5,5,1.2,0.33,Sstar,1.442025008254478,0.0007828344791524353,300
7,5,5,1.2,0.335,Sstar,1.441618473118829,0.0007811631324310454,300
7,5,5,1.2,0.34,Sstar,1.441112922382987,0.000787018440448661,300
7,5,5,1.2,0.34500000000000003,Sstar,1.440638111092604,0.0007767728967758326,300
7,5,5,1.2,0.35000000000000003,Sstar,1.440146011618895,0.0007824470946018213,300
7,5,5,1.2,0.355,Sstar,1.4396653539936344,0.0007845672449943958,300
7,5,5,1.2,0.36,Sstar,1.4390174446746011,0.0007828283530783062,300
7,5,5,1.2,0.365,Sstar,1.4385327424475935,0.000790379536291724,300
7,5,5,1.2,0.37,Sstar,1.4378226432706427,0.0007937164800690513,300
7,5,5,1.2,0.375,Sstar,1.437251302192938,0.0007871590797420861,300
7,5,5,1.2,0.38,Sstar,1.4366736377751521,0.0007934170731601007,300
7,5,5,1.2,0.385,Sstar,1.4360654701502724,0.0007808285129910916,300
7,5,5,1.2,0.39,Sstar,1.435601532618855,0.0007792864984662856,300
7,5,5,1.2,0.395,Sstar,1.4349788932884144,0.0007706029530145748,300
7,5,5,1.2,0.4,Sstar,1.4343827797771829,0.0007703083018641629,300
7,5,5,1.2,0.405,Sstar,1.4338953386160256,0.0007607576935843672,300
7,5,5,1.2,0.41000000000000003,Sstar,1.4333956694192576,0.0007575017357448258,300
7,5,5,1.2,0.41500000000000004,Sstar,1.4326398888080714,0.000758310565601045,300
7,5,5,1.2,0.42,Sstar,1.4320872621340281,0.0007601636771897418,300
7,5,5,1.2,0.425,Sstar,1.4314501367481474,0.0007617852065575217,300
7,5,5,1.2,0.43,Sstar,1.430851880347169,0.0007553304187797374,300
7,5,5,1.2,0.435,Sstar,1.4300201856341859,0.0007633593800579619,300
7,5,5,1.2,0.44,Sstar,1.4293545572011062,0.0007598692331287437,300
7,5,5,1.2,0.445,Sstar,1.4287536411536017,0.0007559482902636093,300
7,5,5,1.2,0.45,Sstar,1.4280656617110752,0.0007487019501623034,300
7,5,5,1.2,0.455,Sstar,1.427390623376852,0.0007446701324354607,300
7,5,5,1.2,0.46,Sstar,1.4269355622966884,0.0007424241014772466,300
7,5,5,1.2,0.465,Sstar,1.4262355869291339,0.0007475955747434863,300
7,5,5,1.2,0.47000000000000003,Sstar,1.4256013650433095,0.0007466751891865749,300
7,5,5,1.2,0.47500000000000003,Sstar,1.425018589549659,0.0007456923629177688,300
7,5,5,1.2,0.48,Sstar,1.4243930260974955,0.0007478192977063019,300
7,5,5,1.2,0.485,Sstar,1.4237741044887215,0.0007414211533587544,300
7,5,5,1.2,0.49,Sstar,1.4230786059074807,0.0007416941548128974,300
7,5,5,1.2,0.495,Sstar,1.4223435437953604,0.0007473613711102679,300
7,5,5,1.2,0.5,Sstar,1.42149671433642,0.0007496800345201748,300
7,5,5,1.2,0.505,Sstar,1.4207439753740405,0.000751753413678004,300
7,5,5,1.2,0.51,Sstar,1.4200643051477506,0.000745785583380493,300
7,5,5,1.2,0.515,Sstar,1.4194372614871695,0.0007439318146137949,300
7,5,5,1.2,0.52,Sstar,1.418767954439509,0.0007473755313111598,300
7,5,5,1.2,0.525,Sstar,1.418075744819484,0.0007376428399596452,300
7,5,5,1.2,0.53,Sstar,1.4174242564947173,0.0007321176387021244,300
7,5,5,1.2,0.535,Sstar,1.4167145454124532,0.0007264817752956271,300
7,5,5,1.2,0.54,Sstar,1.415984476176392,0.0007248940451080268,300
7,5,5,1.2,0.545,Sstar,1.4152955607603643,0.000710945179395824,300
7,5,5,1.2,0.55,Sstar,1.4145308496854934,0.0007118148480950358,300
7,5,5,1.2,0.555,Sstar,1.4138919789120052,0.0007106341449806568,300
7,5,5,1.2,0.56,Sstar,1.4132198989607874,0.0007104921650555616,300
7,5,5,1.2,0.5650000000000001,Sstar,1.412539833110241,0.0007084022724882831,300
7,5,5,1.2,0.5700000000000001,Sstar,1.41171025677396,0.0007058072035688853,300
7,5,5,1.2,0.5750000000000001,Sstar,1.4108878141846324,0.0007058200644066694,300
7,5,5,1.2,0.58,Sstar,1.41014944034678,0.0007099960185290828,300
7,5,5,1.2,0.585,Sstar,1.4094626609754055,0.0007143248294228599,300
7,5,5,1.2,0.59,Sstar,1.4087725901781838,0.0007105514094919005,300
7,5,5,1.2,0.595,Sstar,1.4081235379494572,0.0007127933142804297,300
7,5,5,1.2,0.6,Sstar,1.4074077451704865,0.0007141223672364342,300
7,5,5,1.6,0.0,M_sum,4.890633806571889,0.021049869915124975,300
7,5,5,1.6,0.005,M_sum,4.89008252161814,0.020980817704998357,300
7,5,5,1.6,0.01,M_sum,4.88949271148313,0.020961618765496445,300
7,5,5,1.6,0.015,M_sum,4.8895238546864075,0.020962827143936772,300
7,5,5,1.6,0.02,M_sum,4.8896454660645325,0.02098492465468729,300
7,5,5,1.6,0.025,M_sum,4.890381974071798,0.0209648493887482,300
7,5,5,1.6,0.03,M_sum,4.89070633794895,0.020942435775366097,300
7,5,5,1.6,0.035,M_sum,4.889384084339148,0.020972699276341173,300
7,5,5,1.6,0.04,M_sum,4.88883903941024,0.020967383836241832,300
7,5,5,1.6,0.045,M_sum,4.887660964386212,0.02094377838261041,300
7,5,5,1.6,0.05,M_sum,4.88651811322579,0.020955107308462364,300
7,5,5,1.6,0.055,M_sum,4.886157318030687,0.020916335376080952,300
7,5,5,1.6,0.06,M_sum,4.884404362563342,0.020932194103900927,300
7,5,5,1.6,0.065,M_sum,4.882832478295657,0.020873114790129706,300
7,5,5,1.6,0.07,M_sum,4.881758663635444,0.02078474330677164,300
7,5,5,1.6,0.075,M_sum,4.87963881935906,0.020710661652902772,300
7,5,5,1.6,0.08,M_sum,4.878809806786044,0.020672090392051725,300
7,5,5,1.6,0.085,M_sum,4.876929512600853,0.02068980850691326,300
7,5,5,1.6,0.09,M_sum,4.875064938367946,0.020639625950993,300
7,5,5,1.6,0.095,M_sum,4.873110998923814,0.020604276661210973,300
7,5,5,1.6,0.1,M_sum,4.870000050327356,0.020569599267892293,300
7,5,5,1.6,0.105,M_sum,4.867061510396946,0.02054148978147244,300
7,5,5,1.6,0.11,M_sum,4.863580642522764,0.020464465649085783,300
7,5,5,1.6,0.115,M_sum,4.859677027546315,0.020337898715314707,300
7,5,5,1.6,0.12,M_sum,4.856750566753471,0.020305127781743273,300
7,5,5,1.6,0.125,M_sum,4.8534056269077865,0.02026425925713662,300
7,5,5,1.6,0.13,M_sum,4.850621075798072,0.02016568095351866,300
7,5,5,1.6,0.135,M_sum,4.847192295926755,0.020131947761886315,300
7,5,5,1.6,0.14,M_sum,4.844827199911759,0.020149815436964046,300
7,5,5,1.6,0.145,M_sum,4.841969652788461,0.020067839968488037,300
7,5,5,1.6,0.15,M_sum,4.8380228342167335,0.019986877421400377,300
7,5,5,1.6,0.155,M_sum,4.83549746624213,0.01993216057476217,300
7,5,5,1.6,0.16,M_sum,4.831291187702316,0.019824082509401156,300
7,5,5,1.6,0.165,M_sum,4.82771366111152,0.019771105933033675,300
7,5,5,1.6,0.17,M_sum,4.823707373745633,0.01967534792853486,300
7,5,5,1.6,0.17500000000000002,M_sum,4.819063326413907,0.019573537166279714,300
7,5,5,1.6,0.18,M_sum,4.815167715658202,0.019543992503458125,300
7,5,5,1.6,0.185,M_sum,4.811479813650593,0.01954364028525277,300
7,5,5,1.6,0.19,M_sum,4.807174562386639,0.019448508583670376,300
7,5,5,1.6,0.195,M_sum,4.802993134721865,0.019364010664401632,300
7,5,5,1.6,0.2,M_sum,4.799120680772501,0.019390125052612308,300
7,5,5,1.6,0.20500000000000002,M_sum,4.795326750264548,0.01933936589334977,300
7,5,5,1.6,0.21,M_sum,4.791432046008356,0.019286441416399625,300
7,5,5,1.6,0.215,M_sum,4.786857434388079,0.01920124283512296,300
7,5,5,1.6,0.22,M_sum,4.782313845037056,0.01919735353995507,300
7,5,5,1.6,0.225,M_sum,4.777278312438818,0.019138217543261272,300
7,5,5,1.6,0.23,M_sum,4.772855771496341,0.0191204246721755,300
7,5,5,1.6,0.23500000000000001,M_sum,4.768534222963684,0.01906081643364314,300
7,5,5,1.6,0.24,M_sum,4.763672631723944,0.018984808270875408,300
7,5,5,1.6,0.245,M_sum,4.758779611039808,0.018895766422961226,300
7,5,5,1.6,0.25,M_sum,4.7540212701069064,0.018821326487942124,300
7,5,5,1.6,0.255,M_sum,4.749066527070822,0.018719173363462092,300
7,5,5,1.6,0.26,M_sum,4.743587623761898,0.018625448296993575,300
7,5,5,1.6,0.265,M_sum,4.738172224698751,0.018575136103906542,300
7,5,5,1.6,0.27,M_sum,4.73253893055367,0.018541220486712105,300
7,5,5,1.6,0.275,M_sum,4.727384713690722,0.018421929523051217,300
7,5,5,1.6,0.28,M_sum,4.72170535867744,0.01836588884779943,300
7,5,5,1.6,0.28500000000000003,M_sum,4.715785924312429,0.018278179233528064,300
7,5,5,1.6,0.29,M_sum,4.710151668528953,0.018195581936493562,300
7,5,5,1.6,0.295,M_sum,4.705047997538673,0.018144102560875938,300
7,5,5,1.6,0.3,M_sum,4.699905897286447,0.01808792319967616,300
7,5,5,1.6,0.305,M_sum,4.694128370718911,0.018046701980423043,300
7,5,5,1.6,0.31,M_sum,4.689423186528011,0.017988186489577607,300
7,5,5,1.6,0.315,M_sum,4.6847424427786555,0.017912980809442914,300
7,5,5,1.6,0.32,M_sum,4.679370127498331,0.017813426702318662,300
7,5,5,1.6,0.325,M_sum,4.673398679340338,0.017773762594359328,300
7,5,5,1.6,0.33,M_sum,4.667402657216157,0.017680113965991378,300
7,5,5,1.6,0.335,M_sum,4.661861647068887,0.017619537778983625,300
7,5,5,1.6,0.34,M_sum,4.6562982688174195,0.017556896013422262,300
7,5,5,1.6,0.34500000000000003,M_sum,4.650347168358407,0.017499030075878316,300
7,5,5,1.6,0.35000000000000003,M_sum,4.644930008642194,0.01744570658989578,300
7,5,5,1.6,0.355,M_sum,4.638678826073207,0.017350290734267665,300
7,5,5,1.6,0.36,M_sum,4.6337219642929375,0.017319677053498576,300
7,5,5,1.6,0.365,M_sum,4.6275287608045,0.01721904775407668,300
7,5,5,1.6,0.37,M_sum,4.621617852145231,0.01715343341357391,300
7,5,5,1.6,0.375,M_sum,4.616012429812028,0.01708040614916825,300
7,5,5,1.6,0.38,M_sum,4.610188883098173,0.01697256187823393,300
7,5,5,1.6,0.385,M_sum,4.603677482681012,0.01691369964242925,300
7,5,5,1.6,0.39,M_sum,4.5975298252117796,0.016864850767738613,300
7,5,5,1.6,0.395,M_sum,4.591224156888126,0.016793956423662507,300
7,5,5,1.6,0.4,M_sum,4.585386461436168,0.016722428314445696,300
7,5,5,1.6,0.405,M_sum,4.579473236977158,0.016648909788760897,300
7,5,5,1.6,0.41000000000000003,M_sum,4.573526252421996,0.016579468245297106,300
7,5,5,1.6,0.41500000000000004,M_sum,4.567189466207809,0.016476466476564637,300
7,5,5,1.6,0.42,M_sum,4.5613181435700065,0.01644253107701985,300
7,5,5,1.6,0.425,M_sum,4.555514312496962,0.016399090084728056,300
7,5,5,1.6,0.43,M_sum,4.549390479835413,0.016314141447375932,300
7,5,5,1.6,0.435,M_sum,4.54310898502438,0.01620393718838725,300
7,5,5,1.6,0.44,M_sum,4.536827615345409,0.01613932886469787,300
7,5,5,1.6,0.445,M_sum,4.530708738257349,0.016071640534419437,300
7,5,5,1.6,0.45,M_sum,4.524242669732962,0.016022643012766083,300
7,5,5,1.6,0.455,M_sum,4.51782182234473,0.015918551858001832,300
7,5,5,1.6,0.46,M_sum,4.511616294883832,0.01580992409908818,300
7,5,5,1.6,0.465,M_sum,4.50506538197429,0.01575779773189631,300
7,5,5,1.6,0.47000000000000003,M_sum,4.499186238009608,0.01568530716398668,300
7,5,5,1.6,0.47500000000000003,M_sum,4.492983849711167,0.015651750913978774,300
7,5,5,1.6,0.48,M_sum,4.485981221608166,0.015567972015655882,300
7,5,5,1.6,0.485,M_sum,4.479415356224808,0.015516776625940313,300
7,5,5,1.6,0.49,M_sum,4.472869423692693,0.015450404356226917,300
7,5,5,1.6,0.495,M_sum,4.465893344273918,0.0153950835955769,300
7,5,5,1.6,0.5,M_sum,4.458728341277454,0.015305084147005573,300
7,5,5,1.6,0.505,M_sum,4.4520583314187885,0.015267472346307924,300
7,5,5,1.6,0.51,M_sum,4.444948493655315,0.015182225427197363,300
7,5,5,1.6,0.515,M_sum,4.437946083659084,0.015115771484786393,300
7,5,5,1.6,0.52,M_sum,4.432198379886695,0.01502242690039681,300
7,5,5,1.6,0.525,M_sum,4.425473402458783,0.014970246388536824,300
7,5,5,1.6,0.53,M_sum,4.418946050338569,0.014940084389647917,300
7,5,5,1.6,0.535,M_sum,4.411598213404707,0.01483957007504876,300
7,5,5,1.6,0.54,M_sum,4.405047694393315,0.014746317967438907,300
7,5,5,1.6,0.545,M_sum,4.398784000842732,0.014691156845299756,300
7,5,5,1.6,0.55,M_sum,4.391424925474033,0.014612395453932935,300
7,5,5,1.6,0.555,M_sum,4.384581809103075,0.01452561465466548,300
7,5,5,1.6,0.56,M_sum,4.377593758417468,0.014451825880852242,300
7,5,5,1.6,0.5650000000000001,M_sum,4.370597067404001,0.014387471723729742,300
7,5,5,1.6,0.5700000000000001,M_sum,4.363793466733237,0.014295149339121523,300
7,5,5,1.6,0.5750000000000001,M_sum,4.356689157866947,0.01425086555917895,300
7,5,5,1.6,0.58,M_sum,4.349135522715712,0.014194352295551238,300
7,5,5,1.6,0.585,M_sum,4.342041703396331,0.01411717257797125,300
7,5,5,1.6,0.59,M_sum,4.335636620917581,0.014074142342222895,300
7,5,5,1.6,0.595,M_sum,4.328276094451073,0.013981531630502418,300
7,5,5,1.6,0.6,M_sum,4.321523851209088,0.013887126291036328,300
7,5,5,1.6,0.0,S2_sum,3.5378863208764346,0.01171396938789863,300
7,5,5,1.6,0.005,S2_sum,3.537498733089447,0.011661844445515096,300
7,5,5,1.6,0.01,S2_sum,3.537099246459393,0.011646302758594365,300
7,5,5,1.6,0.015,S2_sum,3.5371503718759794,0.011649451363136592,300
7,5,5,1.6,0.02,S2_sum,3.537284023521046,0.011665302904145886,300
7,5,5,1.6,0.025,S2_sum,3.5378904416308106,0.011654452919240473,300
7,5,5,1.6,0.03,S2_sum,3.538196094016805,0.011638200840090648,300
7,5,5,1.6,0.035,S2_sum,3.537290274599155,0.011662992247540641,300
7,5,5,1.6,0.04,S2_sum,3.53698849659254,0.01165958988892903,300
7,5,5,1.6,0.045,S2_sum,3.536226760911567,0.011648907817899231,300
7,5,5,1.6,0.05,S2_sum,3.535493436114522,0.011659317855220888,300
7,5,5,1.6,0.055,S2_sum,3.535357365433079,0.011633988702482804,300
7,5,5,1.6,0.06,S2_sum,3.534184048686439,0.011650850551880648,300
7,5,5,1.6,0.065,S2_sum,3.5332041885353624,0.01161297862822172,300
7,5,5,1.6,0.07,S2_sum,3.5326142197744432,0.011554659974460476,300
7,5,5,1.6,0.075,S2_sum,3.531228285187501,0.011508232562521674,300
7,5,5,1.6,0.08,S2_sum,3.53084074442596,0.011484238636245338,300
7,5,5,1.6,0.085,S2_sum,3.5296197473482764,0.011504127372263756,300
7,5,5,1.6,0.09,S2_sum,3.5284697501743456,0.011479001027208455,300
7,5,5,1.6,0.095,S2_sum,3.527243329762025,0.011461945917843771,300
7,5,5,1.6,0.1,S2_sum,3.525188496528727,0.01144262400077498,300
7,5,5,1.6,0.105,S2_sum,3.52330475179987,0.011432583168885721,300
7,5,5,1.6,0.11,S2_sum,3.5210074823391158,0.011386118674563026,300
7,5,5,1.6,0.115,S2_sum,3.5184265913952224,0.011308365101453739,300
7,5,5,1.6,0.12,S2_sum,3.5165621985658246,0.011292873205515438,300
7,5,5,1.6,0.125,S2_sum,3.5144096415128647,0.01127065995483375,300
7,5,5,1.6,0.13,S2_sum,3.512670423666205,0.011207447061305536,300
7,5,5,1.6,0.135,S2_sum,3.510468005121773,0.011193992012156796,300
7,5,5,1.6,0.14,S2_sum,3.5090428282827353,0.011219681424286462,300
7,5,5,1.6,0.145,S2_sum,3.5072726847081026,0.011171492480782507,300
7,5,5,1.6,0.15,S2_sum,3.504741756209541,0.01112245301455721,300
7,5,5,1.6,0.155,S2_sum,3.5032536394281246,0.011093884691510437,300
7,5,5,1.6,0.16,S2_sum,3.500538124165043,0.011027493223679805,300
7,5,5,1.6,0.165,S2_sum,3.4982903715043503,0.011001595103769139,300
7,5,5,1.6,0.17,S2_sum,3.495739762693282,0.010942533777644564,300
7,5,5,1.6,0.17500000000000002,S2_sum,3.4927346420708516,0.010882274009451914,300
7,5,5,1.6,0.18,S2_sum,3.4902840188401685,0.010876844149674565,300
7,5,5,1.6,0.185,S2_sum,3.487987573685,0.01088941744685272,300
7,5,5,1.6,0.19,S2_sum,3.485281518052832,0.01083354077619458,300
7,5,5,1.6,0.195,S2_sum,3.4826665049416152,0.010788581322358425,300
7,5,5,1.6,0.2,S2_sum,3.480243487397482,0.010821134902899243,300
7,5,5,1.6,0.20500000000000002,S2_sum,3.4779210118735744,0.010797952618294035,300
7,5,5,1.6,0.21,S2_sum,3.47553111369759,0.010772714268862255,300
7,5,5,1.6,0.215,S2_sum,3.472676691655727,0.010726613481906027,300
7,5,5,1.6,0.22,S2_sum,3.469828193657554,0.010740838019828149,300
7,5,5,1.6,0.225,S2_sum,3.466642258855497,0.010712662546506614,300
7,5,5,1.6,0.23,S2_sum,3.463915275427098,0.0107127257042838,300
7,5,5,1.6,0.23500000000000001,S2_sum,3.461304119433126,0.010686828722548216,300
7,5,5,1.6,0.24,S2_sum,3.4582685460713627,0.010646586913929,300
7,5,5,1.6,0.245,S2_sum,3.455229518464249,0.010598081405331923,300
7,5,5,1.6,0.25,S2_sum,3.4523028348155034,0.01055765154800618,300
7,5,5,1.6,0.255,S2_sum,3.449267150202462,0.010501882958642468,300
7,5,5,1.6,0.26,S2_sum,3.445834555822186,0.010450947819067,300
7,5,5,1.6,0.265,S2_sum,3.4424516023290237,0.010431202891191708,300
7,5,5,1.6,0.27,S2_sum,3.4389025547803627,0.010423190226183347,300
7,5,5,1.6,0.275,S2_sum,3.4357577389331353,0.0103558316731694,300
7,5,5,1.6,0.28,S2_sum,3.4322166776578245,0.010331652219620386,300
7,5,5,1.6,0.28500000000000003,S2_sum,3.428500436451872,0.010281674959731604,300
7,5,5,1.6,0.29,S2_sum,3.425042688826055,0.010237693655329554,300
7,5,5,1.6,0.295,S2_sum,3.42194353220178,0.010217866990278397,300
7,5,5,1.6,0.3,S2_sum,3.4188005440511136,0.010192903185849849,300
7,5,5,1.6,0.305,S2_sum,3.415234926673516,0.010179779079590154,300
7,5,5,1.6,0.31,S2_sum,3.4124495635265237,0.010152108830871927,300
7,5,5,1.6,0.315,S2_sum,3.4097096570699814,0.010111746932602448,300
7,5,5,1.6,0.32,S2_sum,3.406481987514924,0.010057678983327416,300
7,5,5,1.6,0.325,S2_sum,3.4027735909383963,0.010044121324030467,300
7,5,5,1.6,0.33,S2_sum,3.399092208188076,0.009993594071848022,300
7,5,5,1.6,0.335,S2_sum,3.3957445960422135,0.00996534442480311,300
7,5,5,1.6,0.34,S2_sum,3.3923505689954063,0.009935617765814145,300
7,5,5,1.6,0.34500000000000003,S2_sum,3.3887018156700677,0.009908441880694997,300
7,5,5,1.6,0.35000000000000003,S2_sum,3.3854436480617043,0.00988410412054127,300
7,5,5,1.6,0.355,S2_sum,3.3816296058579707,0.009827587480436727,300
7,5,5,1.6,0.36,S2_sum,3.3787498637702416,0.009818744346087014,300
7,5,5,1.6,0.365,S2_sum,3.3749485977708944,0.009767368665168846,300
7,5,5,1.6,0.37,S2_sum,3.37136216069678,0.009736469697282764,300
7,5,5,1.6,0.375,S2_sum,3.3680335105356924,0.009700414829055476,300
7,5,5,1.6,0.38,S2_sum,3.364529781199518,0.009637373349988895,300
7,5,5,1.6,0.385,S2_sum,3.360540614922466,0.009614193073516767,300
7,5,5,1.6,0.39,S2_sum,3.356814828652911,0.009593582220842028,300
7,5,5,1.6,0.395,S2_sum,3.3530034738091996,0.009559727742595453,300
7,5,5,1.6,0.4,S2_sum,3.349499382602338,0.009525370880784286,300
7,5,5,1.6,0.405,S2_sum,3.3459625697542,0.009488036753820995,300
7,5,5,1.6,0.41000000000000003,S2_sum,3.342403680343982,0.00945447790804072,300
7,5,5,1.6,0.41500000000000004,S2_sum,3.3385837405286662,0.009398559108622756,300
7,5,5,1.6,0.42,S2_sum,3.3351176623216348,0.009387406615092752,300
7,5,5,1.6,0.425,S2_sum,3.3316579595075715,0.009375769239961656,300
7,5,5,1.6,0.43,S2_sum,3.3280412606528493,0.009330018608421543,300
7,5,5,1.6,0.435,S2_sum,3.324293373400378,0.009266261213803379,300
7,5,5,1.6,0.44,S2_sum,3.320532013481757,0.00923517920525458,300
7,5,5,1.6,0.445,S2_sum,3.3168865494026956,0.009201545312492449,300
7,5,5,1.6,0.45,S2_sum,3.312980958658853,0.009183865944642973,300
7,5,5,1.6,0.455,S2_sum,3.309127440645106,0.009126016262513362,300
7,5,5,1.6,0.46,S2_sum,3.3054597383686573,0.00906075806901361,300
7,5,5,1.6,0.465,S2_sum,3.301515381858199,0.009041589263986398,300
7,5,5,1.6,0.47000000000000003,S2_sum,3.2980863868525807,0.00900082657773175,300
7,5,5,1.6,0.47500000000000003,S2_sum,3.294397603337523,0.008993922956409526,300
7,5,5,1.6,0.48,S2_sum,3.2901363832542643,0.00894844995443283,300
7,5,5,1.6,0.485,S2_sum,3.286188967474071,0.008929333965554141,300
7,5,5,1.6,0.49,S2_sum,3.2822636773523777,0.008895653417776863,300
7,5,5,1.6,0.495,S2_sum,3.2780408477694825,0.00887072926008785,300
7,5,5,1.6,0.5,S2_sum,3.273700049981162,0.008816060181764505,300
7,5,5,1.6,0.505,S2_sum,3.2696925058949833,0.008801807305277057,300
7,5,5,1.6,0.51,S2_sum,3.2653856483062484,0.008752126225912819,300
7,5,5,1.6,0.515,S2_sum,3.261146446665485,0.008717353812243919,300
7,5,5,1.6,0.52,S2_sum,3.257867846891893,0.008663841735722691,300
7,5,5,1.6,0.525,S2_sum,3.2538416173751923,0.008640128215786578,300
7,5,5,1.6,0.53,S2_sum,3.2499479577124983,0.008632850477785708,300
7,5,5,1.6,0.535,S2_sum,3.2454666742563063,0.008571638744780388,300
7,5,5,1.6,0.54,S2_sum,3.241609895833782,0.008516379570773822,300
7,5,5,1.6,0.545,S2_sum,3.2379233349210095,0.008488925594589022,300
7,5,5,1.6,0.55,S2_sum,3.233419747185112,0.008447047664847966,300
7,5,5,1.6,0.555,S2_sum,3.229328964191495,0.008398937509034478,300
7,5,5,1.6,0.56,S2_sum,3.2251430217748993,0.008360233226316214,300
7,5,5,1.6,0.5650000000000001,S2_sum,3.2209445366928735,0.008327295053787846,300
7,5,5,1.6,0.5700000000000001,S2_sum,3.216872723162916,0.00827451114306166,300
7,5,5,1.6,0.5750000000000001,S2_sum,3.2125817909050283,0.00825585383598046,300
7,5,5,1.6,0.58,S2_sum,3.2079604423874004,0.008228203515510133,300
7,5,5,1.6,0.585,S2_sum,3.2036622795657363,0.008184025238308973,300
7,5,5,1.6,0.59,S2_sum,3.199876463598908,0.00816581091236974,300
7,5,5,1.6,0.595,S2_sum,3.1954127298305646,0.008111203548279516,300
7,5,5,1.6,0.6,S2_sum,3.191411792659737,0.008055819873600044,300
7,5,5,1.6,0.0,Sstar,1.4319943989022703,0.0018829950569542325,300
7,5,5,1.6,0.005,Sstar,1.4320172943004386,0.0018619761200712643,300
7,5,5,1.6,0.01,Sstar,1.431930891613613,0.0018689678694601324,300
7,5,5,1.6,0.015,Sstar,1.4319342433077422,0.001869712253237601,300
7,5,5,1.6,0.02,Sstar,1.4318273057348774,0.0018953633241522107,300
7,5,5,1.6,0.025,Sstar,1.431752266932695,0.0019113079175972175,300
7,5,5,1.6,0.03,Sstar,1.4315201881704536,0.0019160674313253108,300
7,5,5,1.6,0.035,Sstar,1.431091389613049,0.0019288018058945886,300
7,5,5,1.6,0.04,Sstar,1.4310700991772483,0.0019232404647512356,300
7,5,5,1.6,0.045,Sstar,1.431045815800813,0.0019157815856204342,300
7,5,5,1.6,0.05,Sstar,1.4311885339646302,0.0019032356270262908,300
7,5,5,1.6,0.055,Sstar,1.4315145230172894,0.0018881898959925794,300
7,5,5,1.6,0.06,Sstar,1.4317355564855543,0.0018740808331416756,300
7,5,5,1.6,0.065,Sstar,1.4319485786082689,0.00185521481292627,300
7,5,5,1.6,0.07,Sstar,1.4323268440798982,0.001837081291264234,300
7,5,5,1.6,0.075,Sstar,1.4326343851669499,0.00181953093958842,300
7,5,5,1.6,0.08,Sstar,1.4329476325152954,0.0018074468779580462,300
7,5,5,1.6,0.085,Sstar,1.4332627959651882,0.0018012404883283536,300
7,5,5,1.6,0.09,Sstar,1.4335689160725695,0.0017883901054180746,300
7,5,5,1.6,0.095,Sstar,1.4338599477754965,0.0017747794019208733,300
7,5,5,1.6,0.1,Sstar,1.433972677698834,0.0017680720918465138,300
7,5,5,1.6,0.105,Sstar,1.4341315388998022,0.0017550605132850593,300
7,5,5,1.6,0.11,Sstar,1.4342138374612692,0.0017412453332034678,300
7,5,5,1.6,0.115,Sstar,1.4342748926345346,0.0017230750241261745,300
7,5,5,1.6,0.12,Sstar,1.434388983234626,0.0017112780736808838,300
7,5,5,1.6,0.125,Sstar,1.4344115018094556,0.0016947289860235718,300
7,5,5,1.6,0.13,Sstar,1.43459670271043,0.0016703723112496424,300
7,5,5,1.6,0.135,Sstar,1.4346016238414077,0.0016626028601680314,300
7,5,5,1.6,0.14,Sstar,1.4347686344193937,0.0016519418661564626,300
7,5,5,1.6,0.145,Sstar,1.4347901545458908,0.001635190162065546,300
7,5,5,1.6,0.15,Sstar,1.4346534795003647,0.0016268189981675225,300
7,5,5,1.6,0.155,Sstar,1.4347917193557973,0.0016176576034527333,300
7,5,5,1.6,0.16,Sstar,1.4347196604636112,0.0016007096637623926,300
7,5,5,1.6,0.165,Sstar,1.434679573343217,0.001587721054306841,300
7,5,5,1.6,0.17,Sstar,1.4346239017721434,0.0015728885821621645,300
7,5,5,1.6,0.17500000000000002,Sstar,1.4343503079631423,0.0015527409237785597,300
7,5,5,1.6,0.18,Sstar,1.4342727655263838,0.0015482320228162095,300
7,5,5,1.6,0.185,Sstar,1.4342203298493894,0.0015402323882403666,300
7,5,5,1.6,0.19,Sstar,1.434099196087705,0.0015331919604895132,300
7,5,5,1.6,0.195,Sstar,1.4339510070708603,0.0015217975548227531,300
7,5,5,1.6,0.2,Sstar,1.4337290214436937,0.001519584638689464,300
7,5,5,1.6,0.20500000000000002,Sstar,1.4336607438859006,0.0015108956090466583,300
7,5,5,1.6,0.21,Sstar,1.4334541251005268,0.001498892962362762,300
7,5,5,1.6,0.215,Sstar,1.4332899832366086,0.0014799552021840317,300
7,5,5,1.6,0.22,Sstar,1.4330861890315463,0.0014774187857562596,300
7,5,5,1.6,0.225,Sstar,1.4328127374012352,0.001472633369451471,300
7,5,5,1.6,0.23,Sstar,1.4325405103270865,0.0014638160024773798,300
7,5,5,1.6,0.23500000000000001,Sstar,1.432367934203489,0.0014502218204170347,300
7,5,5,1.6,0.24,Sstar,1.4320814277183136,0.0014361957672205518,300
7,5,5,1.6,0.245,Sstar,1.4317928087168255,0.0014221621497328542,300
7,5,5,1.6,0.25,Sstar,1.4316362165011653,0.00141267175132603,300
7,5,5,1.6,0.255,Sstar,1.4313358737760487,0.0013982135432072623,300
7,5,5,1.6,0.26,Sstar,1.4310798854992697,0.0013847554593706896,300
7,5,5,1.6,0.265,Sstar,1.4307459388568329,0.001376220217958753,300
7,5,5,1.6,0.27,Sstar,1.4303870368464913,0.0013682411126651982,300
7,5,5,1.6,0.275,Sstar,1.4301370800958209,0.0013527999330030663,300
7,5,5,1.6,0.28,Sstar,1.4297097553552167,0.0013465763322438437,300
7,5,5,1.6,0.28500000000000003,Sstar,1.4292008980969635,0.0013313328396078717,300
7,5,5,1.6,0.29,Sstar,1.4288739727835533,0.0013181392105711272,300
7,5,5,1.6,0.295,Sstar,1.4285351034763818,0.0013149760294944891,300
7,5,5,1.6,0.3,Sstar,1.4282175055516297,0.0013112692910829536,300
7,5,5,1.6,0.305,Sstar,1.4277546562747014,0.001300759963891697,300
7,5,5,1.6,0.31,Sstar,1.4274894468841448,0.0013003833572889064,300
7,5,5,1.6,0.315,Sstar,1.4271308663186453,0.0012929458411141388,300
7,5,5,1.6,0.32,Sstar,1.426734391251196,0.0012808388237803606,300
7,5,5,1.6,0.325,Sstar,1.4263327067355436,0.0012789561876261255,300
7,5,5,1.6,0.33,Sstar,1.4258827127911948,0.0012694912236557194,300
7,5,5,1.6,0.335,Sstar,1.425512083846187,0.0012626539505717436,300
7,5,5,1.6,0.34,Sstar,1.425119570161727,0.001256310804029938,300
7,5,5,1.6,0.34500000000000003,Sstar,1.4246698062422323,0.0012495363657089203,300
7,5,5,1.6,0.35000000000000003,Sstar,1.4242966053904813,0.001245387311675936,300
7,5,5,1.6,0.355,Sstar,1.4236833197925132,0.001248450172835852,300
7,5,5,1.6,0.36,Sstar,1.4233721330340197,0.0012418329806789903,300
7,5,5,1.6,0.365,Sstar,1.422904845957591,0.0012359220484675277,300
7,5,5,1.6,0.37,Sstar,1.422432742854235,0.0012321426889052003,300
7,5,5,1.6,0.375,Sstar,1.422033874532171,0.0012272786213818028,300
7,5,5,1.6,0.38,Sstar,1.421687869065138,0.0012148233763937084,300
7,5,5,1.6,0.385,Sstar,1.4211661367081603,0.0012086219302765372,300
7,5,5,1.6,0.39,Sstar,1.4206777376025281,0.0011986351528837445,300
7,5,5,1.6,0.395,Sstar,1.4201998270586544,0.0011974158418853514,300
7,5,5,1.6,0.4,Sstar,1.4197739149626172,0.0011913823451092037,300
7,5,5,1.6,0.405,Sstar,1.419323887051343,0.001187050792342491,300
7,5,5,1.6,0.41000000000000003,Sstar,1.418930369008458,0.0011809631022201754,300
7,5,5,1.6,0.41500000000000004,Sstar,1.4185279801300623,0.0011699189917662855,300
7,5,5,1.6,0.42,Sstar,1.4180897580249396,0.0011694578115668392,300
7,5,5,1.6,0.425,Sstar,1.4176699986307404,0.0011688022577638721,300
7,5,5,1.6,0.43,Sstar,1.4171983034433508,0.001151574798702059,300
7,5,5,1.6,0.435,Sstar,1.4167537851864191,0.0011463640527813264,300
7,5,5,1.6,0.44,Sstar,1.4161998077461193,0.0011425820460062505,300
7,5,5,1.6,0.445,Sstar,1.415672211625278,0.0011357323165299533,300
7,5,5,1.6,0.45,Sstar,1.4151127490738014,0.001140093988971289,300
7,5,5,1.6,0.455,Sstar,1.4145551514531298,0.001132342410842303,300
7,5,5,1.6,0.46,Sstar,1.4141249556229447,0.0011180325573254455,300
7,5,5,1.6,0.465,Sstar,1.4135746915814833,0.0011143143910102367,300
7,5,5,1.6,0.47000000000000003,Sstar,1.4131288471183912,0.0011079904396996735,300
7,5,5,1.6,0.47500000000000003,Sstar,1.412686414673821,0.0011137898367884647,300
7,5,5,1.6,0.48,Sstar,1.4120936252928713,0.0011049149927643764,300
7,5,5,1.6,0.485,Sstar,1.4114914725691707,0.0010951826310314427,300
7,5,5,1.6,0.49,Sstar,1.4108480835796582,0.0010995915406174577,300
7,5,5,1.6,0.495,Sstar,1.4102813553631433,0.0010936372297312717,300
7,5,5,1.6,0.5,Sstar,1.4097012056315692,0.0010845222276924145,300
7,5,5,1.6,0.505,Sstar,1.409148795111527,0.0010792637611144484,300
7,5,5,1.6,0.51,Sstar,1.4084793402710944,0.0010703340190989282,300
7,5,5,1.6,0.515,Sstar,1.4078682384301653,0.0010611874984911853,300
7,5,5,1.6,0.52,Sstar,1.407494828885888,0.0010446824171087593,300
7,5,5,1.6,0.525,Sstar,1.4068248168791726,0.00103401488980828,300
7,5,5,1.6,0.53,Sstar,1.4063176684938403,0.0010312041448058346,300
7,5,5,1.6,0.535,Sstar,1.4056821037531486,0.001023452593935514,300
7,5,5,1.6,0.54,Sstar,1.4052096373561245,0.0010116546232323493,300
7,5,5,1.6,0.545,Sstar,1.4046058737623315,0.0010089137774502547,300
7,5,5,1.6,0.55,Sstar,1.4039070113079422,0.0010007045746136612,300
7,5,5,1.6,0.555,Sstar,1.4031886280732189,0.00099368444183647,300
7,5,5,1.6,0.56,Sstar,1.4026816429205127,0.0009858127890335884,300
7,5,5,1.6,0.5650000000000001,Sstar,1.4021527241596599,0.0009711369880506677,300
7,5,5,1.6,0.5700000000000001,Sstar,1.401520077044033,0.000964372817161321,300
7,5,5,1.6,0.5750000000000001,Sstar,1.4008015950284047,0.0009580467724231655,300
7,5,5,1.6,0.58,Sstar,1.400035633858464,0.0009559889365620997,300
7,5,5,1.6,0.585,Sstar,1.3993697983242959,0.0009444466884893698,300
7,5,5,1.6,0.59,Sstar,1.3987151355103462,0.0009302949132730028,300
7,5,5,1.6,0.595,Sstar,1.3979790700588586,0.0009247746192176975,300
7,5,5,1.6,0.6,Sstar,1.3974973659376422,0.000910314125239989,300
7,5,5,2.0,0.0,M_sum,4.585753468126743,0.025769285176742592,300
7,5,5,2.0,0.005,M_sum,4.585406874719643,0.025729350699766566,300
7,5,5,2.0,0.01,M_sum,4.584731817272881,0.02569029864181342,300
7,5,5,2.0,0.015,M_sum,4.584939870149045,0.025704983722116246,300
7,5,5,2.0,0.02,M_sum,4.584793509974183,0.025689599997920486,300
7,5,5,2.0,0.025,M_sum,4.5846461687915046,0.025706807907359883,300
7,5,5,2.0,0.03,M_sum,4.585451749059775,0.025694583834339573,300
7,5,5,2.0,0.035,M_sum,4.585249756197348,0.025649476977336667,300
7,5,5,2.0,0.04,M_sum,4.585281667737927,0.025691441942266968,300
7,5,5,2.0,0.045,M_sum,4.584132469573959,0.02567615823190187,300
7,5,5,2.0,0.05,M_sum,4.583403473753696,0.025671475793230515,300
7,5,5,2.0,0.055,M_sum,4.582437027882415,0.025631042473865245,300
7,5,5,2.0,0.06,M_sum,4.5811789906144345,0.02562350798258754,300
7,5,5,2.0,0.065,M_sum,4.580842894405862,0.025629209287543503,300
7,5,5,2.0,0.07,M_sum,4.57996563820709,0.025597905077829518,300
7,5,5,2.0,0.075,M_sum,4.578585496900481,0.025601393129002687,300
7,5,5,2.0,0.08,M_sum,4.576924320675836,0.02555318164758146,300
7,5,5,2.0,0.085,M_sum,4.576290299366766,0.025478238953620908,300
7,5,5,2.0,0.09,M_sum,4.574726766027813,0.025412408535689514,300
7,5,5,2.0,0.095,M_sum,4.5730720388954,0.025348705982958977,300
7,5,5,2.0,0.1,M_sum,4.572158265060071,0.02529992730818674,300
7,5,5,2.0,0.105,M_sum,4.5704911370634065,0.02530904179203749,300
7,5,5,2.0,0.11,M_sum,4.568890351084817,0.02526199223675061,300
7,5,5,2.0,0.115,M_sum,4.567688370189177,0.025215452788269307,300
7,5,5,2.0,0.12,M_sum,4.564997073793292,0.025171544503501685,300
7,5,5,2.0,0.125,M_sum,4.5627183307614665,0.025127746995979708,300
7,5,5,2.0,0.13,M_sum,4.560343460094603,0.025080688706084864,300
7,5,5,2.0,0.135,M_sum,4.55747884081721,0.025032022724937025,300
7,5,5,2.0,0.14,M_sum,4.554347901981621,0.02492572579963739,300
7,5,5,2.0,0.145,M_sum,4.551278011461803,0.02484936732331376,300
7,5,5,2.0,0.15,M_sum,4.548710575160649,0.024782528987624508,300
7,5,5,2.0,0.155,M_sum,4.545873766697544,0.024728675395918616,300
7,5,5,2.0,0.16,M_sum,4.54349626652279,0.02468393217324121,300
7,5,5,2.0,0.165,M_sum,4.5405746771557745,0.024611157269460844,300
7,5,5,2.0,0.17,M_sum,4.53778138528053,0.024532547802326957,300
7,5,5,2.0,0.17500000000000002,M_sum,4.535733461181681,0.024538971772601104,300
7,5,5,2.0,0.18,M_sum,4.532774304133181,0.0244468962225471,300
7,5,5,2.0,0.185,M_sum,4.529739236044595,0.024383385949181748,300
7,5,5,2.0,0.19,M_sum,4.526661457858959,0.024302292935066482,300
7,5,5,2.0,0.195,M_sum,4.524760162423053,0.02423306581876169,300
7,5,5,2.0,0.2,M_sum,4.520925463724216,0.024127459547973445,300
7,5,5,2.0,0.20500000000000002,M_sum,4.517767074039634,0.024066999175540824,300
7,5,5,2.0,0.21,M_sum,4.514766817736237,0.024022375808816186,300
7,5,5,2.0,0.215,M_sum,4.511299352152583,0.023906819344019947,300
7,5,5,2.0,0.22,M_sum,4.50712412966622,0.023819884209490074,300
7,5,5,2.0,0.225,M_sum,4.503515828805679,0.023744802974318503,300
7,5,5,2.0,0.23,M_sum,4.500284291184283,0.023717830397555744,300
7,5,5,2.0,0.23500000000000001,M_sum,4.496600730916341,0.023650251816292208,300
7,5,5,2.0,0.24,M_sum,4.493275933833631,0.02352772765987169,300
7,5,5,2.0,0.245,M_sum,4.489119385062229,0.02346510510255548,300
7,5,5,2.0,0.25,M_sum,4.485882911889251,0.02346448739842021,300
7,5,5,2.0,0.255,M_sum,4.482376508610934,0.023395168277144596,300
7,5,5,2.0,0.26,M_sum,4.478946731905508,0.0233415128268259,300
7,5,5,2.0,0.265,M_sum,4.475707405385123,0.023264260384745956,300
7,5,5,2.0,0.27,M_sum,4.471037578108677,0.02318957575194181,300
7,5,5,2.0,0.275,M_sum,4.467270939331257,0.023142819152356966,300
7,5,5,2.0,0.28,M_sum,4.463218626073974,0.023080207119390347,300
7,5,5,2.0,0.28500000000000003,M_sum,4.459124211452219,0.023032316523443102,300
7,5,5,2.0,0.29,M_sum,4.454974168750966,0.022959547943330508,300
7,5,5,2.0,0.295,M_sum,4.451192918784301,0.022908922550139533,300
7,5,5,2.0,0.3,M_sum,4.446657584718826,0.02280137120038775,300
7,5,5,2.0,0.305,M_sum,4.44210589171196,0.022698211595945726,300
7,5,5,2.0,0.31,M_sum,4.438224814071517,0.02260846226853755,300
7,5,5,2.0,0.315,M_sum,4.434092834782864,0.022531439284560657,300
7,5,5,2.0,0.32,M_sum,4.429065220819354,0.022402422250500032,300
7,5,5,2.0,0.325,M_sum,4.424406936770857,0.02231114767990158,300
7,5,5,2.0,0.33,M_sum,4.42007756504351,0.022245024653509953,300
7,5,5,2.0,0.335,M_sum,4.414494546835664,0.0221686850814669,300
7,5,5,2.0,0.34,M_sum,4.410073909019076,0.02211242620233383,300
7,5,5,2.0,0.34500000000000003,M_sum,4.40558705396193,0.02200690308859207,300
7,5,5,2.0,0.35000000000000003,M_sum,4.400287089697401,0.02190608455834695,300
7,5,5,2.0,0.355,M_sum,4.394918165211635,0.021796632486550678,300
7,5,5,2.0,0.36,M_sum,4.390265543422693,0.02172502765187909,300
7,5,5,2.0,0.365,M_sum,4.385257132879656,0.021635094596022118,300
7,5,5,2.0,0.37,M_sum,4.380623436556426,0.021556792836542625,300
7,5,5,2.0,0.375,M_sum,4.376023570620398,0.02148947354605154,300
7,5,5,2.0,0.38,M_sum,4.370818265996031,0.021414502661998392,300
7,5,5,2.0,0.385,M_sum,4.366300594433226,0.021353507223363103,300
7,5,5,2.0,0.39,M_sum,4.362507392593801,0.02128156112284905,300
7,5,5,2.0,0.395,M_sum,4.357664249889032,0.021190293211012547,300
7,5,5,2.0,0.4,M_sum,4.352662591723573,0.021079075208299065,300
7,5,5,2.0,0.405,M_sum,4.347611291779541,0.021024965982180375,300
7,5,5,2.0,0.41000000000000003,M_sum,4.342255286232297,0.02092119117976095,300
7,5,5,2.0,0.41500000000000004,M_sum,4.336884180027053,0.020820948215635567,300
7,5,5,2.0,0.42,M_sum,4.332283968314709,0.020783341549331556,300
7,5,5,2.0,0.425,M_sum,4.326915907910944,0.020682940400324153,300
7,5,5,2.0,0.43,M_sum,4.321592347041258,0.020591325216050286,300
7,5,5,2.0,0.435,M_sum,4.316833669793776,0.02056203592750786,300
7,5,5,2.0,0.44,M_sum,4.311499724300335,0.02045019769219167,300
7,5,5,2.0,0.445,M_sum,4.306093456531335,0.020358993792344977,300
7,5,5,2.0,0.45,M_sum,4.301379121104223,0.020318604534858658,300
7,5,5,2.0,0.455,M_sum,4.296004265032981,0.020202725116270543,300
7,5,5,2.0,0.46,M_sum,4.290784513378756,0.020138380082960587,300
7,5,5,2.0,0.465,M_sum,4.285278650562322,0.020024516142325175,300
7,5,5,2.0,0.47000000000000003,M_sum,4.280248299857117,0.019930579171722973,300
7,5,5,2.0,0.47500000000000003,M_sum,4.274866947247643,0.01983280107138075,300
7,5,5,2.0,0.48,M_sum,4.269069493556266,0.019761416957289717,300
7,5,5,2.0,0.485,M_sum,4.26353843043615,0.01970028319964841,300
7,5,5,2.0,0.49,M_sum,4.257712185436195,0.019633448027455945,300
7,5,5,2.0,0.495,M_sum,4.252370817564365,0.019515451697176833,300
7,5,5,2.0,0.5,M_sum,4.24702827379868,0.0194413174376107,300
7,5,5,2.0,0.505,M_sum,4.241772231513407,0.019353175680842792,300
7,5,5,2.0,0.51,M_sum,4.2359762043473905,0.019254710966650705,300
7,5,5,2.0,0.515,M_sum,4.230860995491866,0.0191663012385047,300
7,5,5,2.0,0.52,M_sum,4.22499511586069,0.019075292092537364,300
7,5,5,2.0,0.525,M_sum,4.219732690692906,0.019031275949392735,300
7,5,5,2.0,0.53,M_sum,4.214604145467958,0.018968037814177763,300
7,5,5,2.0,0.535,M_sum,4.208995239911217,0.018890854964330354,300
7,5,5,2.0,0.54,M_sum,4.203525529486685,0.018794735195006886,300
7,5,5,2.0,0.545,M_sum,4.1977775557605055,0.0186814699625797,300
7,5,5,2.0,0.55,M_sum,4.191929813388424,0.01859704509095394,300
7,5,5,2.0,0.555,M_sum,4.186456851226538,0.01851749145198719,300
7,5,5,2.0,0.56,M_sum,4.180784416099701,0.018441425658256613,300
7,5,5,2.0,0.5650000000000001,M_sum,4.175136464256184,0.018370662591899373,300
7,5,5,2.0,0.5700000000000001,M_sum,4.169406659462034,0.01826794927960573,300
7,5,5,2.0,0.5750000000000001,M_sum,4.163447846845313,0.01814811094953191,300
7,5,5,2.0,0.58,M_sum,4.157513081719967,0.018083001596314388,300
7,5,5,2.0,0.585,M_sum,4.152033547192525,0.018008850802160022,300
7,5,5,2.0,0.59,M_sum,4.1464738201612805,0.017948699092762234,300
7,5,5,2.0,0.595,M_sum,4.140923857906799,0.01788012719696623,300
7,5,5,2.0,0.6,M_sum,4.134527555646978,0.01778298480282664,300
7,5,5,2.0,0.0,S2_sum,3.3634479922223606,0.01466926304524284,300
7,5,5,2.0,0.005,S2_sum,3.3632071647623314,0.014637442410016795,300
7,5,5,2.0,0.01,S2_sum,3.3627246883740116,0.01460601994455787,300
7,5,5,2.0,0.015,S2_sum,3.3628950483904845,0.014618914468891056,300
7,5,5,2.0,0.02,S2_sum,3.3628127482014945,0.014608497556173577,300
7,5,5,2.0,0.025,S2_sum,3.3627654328564933,0.01462306765798006,300
7,5,5,2.0,0.03,S2_sum,3.363421000755387,0.014616628724443817,300
7,5,5,2.0,0.035,S2_sum,3.363346831009454,0.014585781225071932,300
7,5,5,2.0,0.04,S2_sum,3.3634041250532123,0.014618063234802414,300
7,5,5,2.0,0.045,S2_sum,3.362638968866721,0.014608540090711606,300
7,5,5,2.0,0.05,S2_sum,3.362194830275062,0.014608170266947012,300
7,5,5,2.0,0.055,S2_sum,3.3615762596899494,0.014583172617923067,300
7,5,5,2.0,0.06,S2_sum,3.360723893873822,0.014584826844487088,300
7,5,5,2.0,0.065,S2_sum,3.360597718144625,0.014590448669863323,300
7,5,5,2.0,0.07,S2_sum,3.3600735584703316,0.014571629463302982,300
7,5,5,2.0,0.075,S2_sum,3.3591299507679904,0.014580384519322209,300
7,5,5,2.0,0.08,S2_sum,3.3580652036287604,0.014553381878863039,300
7,5,5,2.0,0.085,S2_sum,3.357768439779305,0.014502150396080755,300
7,5,5,2.0,0.09,S2_sum,3.356753571465536,0.01445986430407794,300
7,5,5,2.0,0.095,S2_sum,3.3557199290450095,0.014421529820361174,300
7,5,5,2.0,0.1,S2_sum,3.3552459154430765,0.0143922034671848,300
7,5,5,2.0,0.105,S2_sum,3.3541425564096348,0.014406917111230504,300
7,5,5,2.0,0.11,S2_sum,3.3531530235476885,0.014382428072112435,300
7,5,5,2.0,0.115,S2_sum,3.3524641933006847,0.014356867780009037,300
7,5,5,2.0,0.12,S2_sum,3.350656345689217,0.014336990846537924,300
7,5,5,2.0,0.125,S2_sum,3.349159965322813,0.014312455471009611,300
7,5,5,2.0,0.13,S2_sum,3.347643488719139,0.014289963696578862,300
7,5,5,2.0,0.135,S2_sum,3.3457636496680943,0.014264214689567154,300
7,5,5,2.0,0.14,S2_sum,3.3436635625098594,0.014200152028185748,300
7,5,5,2.0,0.145,S2_sum,3.34164496339645,0.014155392967110648,300
7,5,5,2.0,0.15,S2_sum,3.3400065718163487,0.014117664218248449,300
7,5,5,2.0,0.155,S2_sum,3.338171864401716,0.014089349010080021,300
7,5,5,2.0,0.16,S2_sum,3.336672557819244,0.01406578143292527,300
7,5,5,2.0,0.165,S2_sum,3.334785311945138,0.014023354019529135,300
7,5,5,2.0,0.17,S2_sum,3.3330070804451855,0.01398102983349565,300
7,5,5,2.0,0.17500000000000002,S2_sum,3.33176957677112,0.01399881000984264,300
7,5,5,2.0,0.18,S2_sum,3.32987740759806,0.013944177586759834,300
7,5,5,2.0,0.185,S2_sum,3.3279391560032168,0.013909532872142803,300
7,5,5,2.0,0.19,S2_sum,3.3259941605572805,0.013862549857457503,300
7,5,5,2.0,0.195,S2_sum,3.3249211764166886,0.013823698097571299,300
7,5,5,2.0,0.2,S2_sum,3.322408899156735,0.013761480682986738,300
7,5,5,2.0,0.20500000000000002,S2_sum,3.320407744235759,0.01373062960126182,300
7,5,5,2.0,0.21,S2_sum,3.3185195675631527,0.013711639482898531,300
7,5,5,2.0,0.215,S2_sum,3.3162753969271033,0.013640380236275031,300
7,5,5,2.0,0.22,S2_sum,3.31357400248393,0.01359228318296715,300
7,5,5,2.0,0.225,S2_sum,3.3112729827790637,0.013554422483111424,300
7,5,5,2.0,0.23,S2_sum,3.3092496385916763,0.013550920967449235,300
7,5,5,2.0,0.23500000000000001,S2_sum,3.3069141650288563,0.01351704848445267,300
7,5,5,2.0,0.24,S2_sum,3.304871564300032,0.01344299178219673,300
7,5,5,2.0,0.245,S2_sum,3.3021916309244297,0.013416645489255512,300
7,5,5,2.0,0.25,S2_sum,3.300171413365338,0.013432154568275637,300
7,5,5,2.0,0.255,S2_sum,3.29798403872288,0.01339797831261406,300
7,5,5,2.0,0.26,S2_sum,3.295864545675455,0.013374492055910188,300
7,5,5,2.0,0.265,S2_sum,3.29392880699944,0.01333183210125555,300
7,5,5,2.0,0.27,S2_sum,3.2908861904771167,0.013297755497948595,300
7,5,5,2.0,0.275,S2_sum,3.288547637864144,0.013282891351875997,300
7,5,5,2.0,0.28,S2_sum,3.285990356606057,0.013253207454803602,300
7,5,5,2.0,0.28500000000000003,S2_sum,3.2834138426031165,0.013235990414725864,300
7,5,5,2.0,0.29,S2_sum,3.280844838640336,0.013200335434366021,300
7,5,5,2.0,0.295,S2_sum,3.2785171008749767,0.013181807590990996,300
7,5,5,2.0,0.3,S2_sum,3.275661818144816,0.013119682710101648,300
7,5,5,2.0,0.305,S2_sum,3.2727706711662665,0.013063388436345025,300
7,5,5,2.0,0.31,S2_sum,3.2704457338625508,0.013011520144034875,300
7,5,5,2.0,0.315,S2_sum,3.2678841901978473,0.012977100058555829,300
7,5,5,2.0,0.32,S2_sum,3.264706759490354,0.012900664356782948,300
7,5,5,2.0,0.325,S2_sum,3.2617751921301257,0.01285361985273838,300
7,5,5,2.0,0.33,S2_sum,3.259114651103204,0.012824804669879617,300
7,5,5,2.0,0.335,S2_sum,3.2554862768872668,0.012788092650531189,300
7,5,5,2.0,0.34,S2_sum,3.2527440639909613,0.012767555633584081,300
7,5,5,2.0,0.34500000000000003,S2_sum,3.2499949395894987,0.012711363320872342,300
7,5,5,2.0,0.35000000000000003,S2_sum,3.2466504787513357,0.012656644272683374,300
7,5,5,2.0,0.355,S2_sum,3.2432435459949494,0.012592932881606062,300
7,5,5,2.0,0.36,S2_sum,3.2403772174228025,0.012560885975908787,300
7,5,5,2.0,0.365,S2_sum,3.2372643888381165,0.012513609611129834,300
7,5,5,2.0,0.37,S2_sum,3.2344179572794944,0.012475243620969042,300
7,5,5,2.0,0.375,S2_sum,3.2315816297876947,0.012445708748325833,300
7,5,5,2.0,0.38,S2_sum,3.228342027940679,0.012410557105521655,300
7,5,5,2.0,0.385,S2_sum,3.225577277613136,0.01238485065996067,300
7,5,5,2.0,0.39,S2_sum,3.2234221351168864,0.012348787231908265,300
7,5,5,2.0,0.395,S2_sum,3.2204400230505184,0.012299292485559698,300
7,5,5,2.0,0.4,S2_sum,3.2173814101091005,0.012238688296298535,300
7,5,5,2.0,0.405,S2_sum,3.214235363708623,0.012219062861175167,300
7,5,5,2.0,0.41000000000000003,S2_sum,3.2109074871442354,0.01216195819798104,300
7,5,5,2.0,0.41500000000000004,S2_sum,3.207585626576781,0.012108659193524616,300
7,5,5,2.0,0.42,S2_sum,3.2048061336041918,0.012098327744487547,300
7,5,5,2.0,0.425,S2_sum,3.2014460692312885,0.012043593221183084,300
7,5,5,2.0,0.43,S2_sum,3.198135653679938,0.01199354071140842,300
7,5,5,2.0,0.435,S2_sum,3.1952552626006296,0.011990161507325773,300
7,5,5,2.0,0.44,S2_sum,3.191965677560902,0.011924784493304228,300
7,5,5,2.0,0.445,S2_sum,3.188659926765686,0.011874594617871855,300
7,5,5,2.0,0.45,S2_sum,3.1858548799169215,0.011862747283613998,300
7,5,5,2.0,0.455,S2_sum,3.1825519965673434,0.011801343416459983,300
7,5,5,2.0,0.46,S2_sum,3.179322281794976,0.011775179658468984,300
7,5,5,2.0,0.465,S2_sum,3.17593485223165,0.011710754057340879,300
7,5,5,2.0,0.47000000000000003,S2_sum,3.1729121356992347,0.01165904832831903,300
7,5,5,2.0,0.47500000000000003,S2_sum,3.169617223739629,0.011605749961429847,300
7,5,5,2.0,0.48,S2_sum,3.1660220439614233,0.011575274155381326,300
7,5,5,2.0,0.485,S2_sum,3.162614403065329,0.011547613402023002,300
7,5,5,2.0,0.49,S2_sum,3.159024475224003,0.011518855252580675,300
7,5,5,2.0,0.495,S2_sum,3.1557909287066273,0.011451630311533382,300
7,5,5,2.0,0.5,S2_sum,3.1525169366718098,0.011416421626525567,300
7,5,5,2.0,0.505,S2_sum,3.1493371658319753,0.011370665184170743,300
7,5,5,2.0,0.51,S2_sum,3.1457539072607767,0.011314779268120218,300
7,5,5,2.0,0.515,S2_sum,3.1426895865053446,0.011269989348754908,300
7,5,5,2.0,0.52,S2_sum,3.139076992313498,0.011223075344494649,300
7,5,5,2.0,0.525,S2_sum,3.1359335391481746,0.011207537205479129,300
7,5,5,2.0,0.53,S2_sum,3.1328480166334174,0.011181727939098973,300
7,5,5,2.0,0.535,S2_sum,3.1294486397992283,0.01114504049980182,300
7,5,5,2.0,0.54,S2_sum,3.1261596491297534,0.011090877546856675,300
7,5,5,2.0,0.545,S2_sum,3.122653229093457,0.011025923679455193,300
7,5,5,2.0,0.55,S2_sum,3.1190751930640057,0.01098298593935372,300
7,5,5,2.0,0.555,S2_sum,3.1157530782379244,0.010942121690966746,300
7,5,5,2.0,0.56,S2_sum,3.1123102285352475,0.010903138491179474,300
7,5,5,2.0,0.5650000000000001,S2_sum,3.108859118965805,0.010869515452128196,300
7,5,5,2.0,0.5700000000000001,S2_sum,3.1053887433517233,0.010813965700489661,300
7,5,5,2.0,0.5750000000000001,S2_sum,3.101738727201081,0.01074191261576016,300
7,5,5,2.0,0.58,S2_sum,3.0980851062409687,0.010712968698826538,300
7,5,5,2.0,0.585,S2_sum,3.0948070555446985,0.0106744098152735,300
7,5,5,2.0,0.59,S2_sum,3.091452748366002,0.010646589047634892,300
7,5,5,2.0,0.595,S2_sum,3.088094904670461,0.010616031379083787,300
7,5,5,2.0,0.6,S2_sum,3.0841261943413256,0.010561339361765228,300
7,5,5,2.0,0.0,Sstar,1.4060178244170098,0.002286851632437525,300
7,5,5,2.0,0.005,Sstar,1.405996322778359,0.0022817985654342682,300
7,5,5,2.0,0.01,Sstar,1.405670181682686,0.0022908060542690947,300
7,5,5,2.0,0.015,Sstar,1.4053730172985288,0.0023040544230663526,300
7,5,5,2.0,0.02,Sstar,1.4050258052956925,0.0023196261096673997,300
7,5,5,2.0,0.025,Sstar,1.404746640104321,0.002330079999777882,300
7,5,5,2.0,0.03,Sstar,1.4046817839758428,0.002330905305083775,300
7,5,5,2.0,0.035,Sstar,1.4042830415653789,0.0023312382158345063,300
7,5,5,2.0,0.04,Sstar,1.4042804492676018,0.0023389189408739544,300
7,5,5,2.0,0.045,Sstar,1.4041534333647072,0.0023421763692444545,300
7,5,5,2.0,0.05,Sstar,1.4044150036636767,0.002333880213648294,300
7,5,5,2.0,0.055,Sstar,1.4047349547785961,0.0023322689792321274,300
7,5,5,2.0,0.06,Sstar,1.4051093595664803,0.002325895021938727,300
7,5,5,2.0,0.065,Sstar,1.4057169250647124,0.002316672096447374,300
7,5,5,2.0,0.07,Sstar,1.4060495867666185,0.002313257269055429,300
7,5,5,2.0,0.075,Sstar,1.4063936845219915,0.002313891543948457,300
7,5,5,2.0,0.08,Sstar,1.406746876823741,0.0023064220266559555,300
7,5,5,2.0,0.085,Sstar,1.4071465889924992,0.0022979256567327334,300
7,5,5,2.0,0.09,Sstar,1.4075647411914802,0.0022872144405303757,300
7,5,5,2.0,0.095,Sstar,1.4080337370957712,0.0022656889680098212,300
7,5,5,2.0,0.1,Sstar,1.408310634468954,0.0022623409989447974,300
7,5,5,2.0,0.105,Sstar,1.4087569843114203,0.0022579752458698585,300
7,5,5,2.0,0.11,Sstar,1.4090807326551313,0.002236396049296643,300
7,5,5,2.0,0.115,Sstar,1.4094982012394766,0.0022210664898693663,300
7,5,5,2.0,0.12,Sstar,1.4097558412988078,0.0022123565929324227,300
7,5,5,2.0,0.125,Sstar,1.4099471723495178,0.0022091399113450434,300
7,5,5,2.0,0.13,Sstar,1.4101913263770798,0.002191150663456334,300
7,5,5,2.0,0.135,Sstar,1.4103637493167136,0.0021813928364760216,300
7,5,5,2.0,0.14,Sstar,1.4105661654191268,0.002170953961019143,300
7,5,5,2.0,0.145,Sstar,1.4107668525781012,0.0021525291085502433,300
7,5,5,2.0,0.15,Sstar,1.4109476714323306,0.0021423897650144495,300
7,5,5,2.0,0.155,Sstar,1.4110361092298547,0.0021165850693068123,300
7,5,5,2.0,0.16,Sstar,1.4112939774482025,0.002100183013266705,300
7,5,5,2.0,0.165,Sstar,1.4114844401054731,0.0020856997247882102,300
7,5,5,2.0,0.17,Sstar,1.4116310532799081,0.00206737729133142,300
7,5,5,2.0,0.17500000000000002,Sstar,1.411874989744777,0.0020512814858032447,300
7,5,5,2.0,0.18,Sstar,1.4119974308739562,0.00203093685871607,300
7,5,5,2.0,0.185,Sstar,1.4120745799750498,0.00201839562112476,300
7,5,5,2.0,0.19,Sstar,1.4121727224783642,0.002002006999892878,300
7,5,5,2.0,0.195,Sstar,1.4124102765045774,0.0019906980006492983,300
7,5,5,2.0,0.2,Sstar,1.412409520585109,0.0019722259825777897,300
7,5,5,2.0,0.20500000000000002,Sstar,1.4123471168655282,0.0019692106932356476,300
7,5,5,2.0,0.21,Sstar,1.4123423583610866,0.0019657670048838795,300
7,5,5,2.0,0.215,Sstar,1.412319769461501,0.001951746744253481,300
7,5,5,2.0,0.22,Sstar,1.4121503596961218,0.001941089983534978,300
7,5,5,2.0,0.225,Sstar,1.4121807110253362,0.0019178291711793858,300
7,5,5,2.0,0.23,Sstar,1.412265583590507,0.0019042394020226889,300
7,5,5,2.0,0.23500000000000001,Sstar,1.4122730823468257,0.0018927096674165335,300
7,5,5,2.0,0.24,Sstar,1.4123098497155218,0.001883462589898165,300
7,5,5,2.0,0.245,Sstar,1.4121549165370104,0.0018631727646156496,300
7,5,5,2.0,0.25,Sstar,1.4120897618008026,0.0018530261755004803,300
7,5,5,2.0,0.255,Sstar,1.4120873444848414,0.001842583295961073,300
7,5,5,2.0,0.26,Sstar,1.4119960727428509,0.001836343437055725,300
7,5,5,2.0,0.265,Sstar,1.411978527622939,0.0018253147879102418,300
7,5,5,2.0,0.27,Sstar,1.4117042032214704,0.0018146288533035372,300
7,5,5,2.0,0.275,Sstar,1.4115309769503726,0.0018119308949045725,300
7,5,5,2.0,0.28,Sstar,1.4115301259116273,0.0018023183823895137,300
7,5,5,2.0,0.28500000000000003,Sstar,1.4114306965301888,0.0017921797546300734,300
7,5,5,2.0,0.29,Sstar,1.4112111662184783,0.0017799885391122973,300
7,5,5,2.0,0.295,Sstar,1.411115051513623,0.0017679399066557427,300
7,5,5,2.0,0.3,Sstar,1.4109382302033577,0.00175802902650929,300
7,5,5,2.0,0.305,Sstar,1.410722243754616,0.001743220807321954,300
7,5,5,2.0,0.31,Sstar,1.410574558934948,0.001728530541260194,300
7,5,5,2.0,0.315,Sstar,1.410389222357118,0.0017124614317692442,300
7,5,5,2.0,0.32,Sstar,1.4100988237622425,0.0016894113861335937,300
7,5,5,2.0,0.325,Sstar,1.4098376185520405,0.001674745004467213,300
7,5,5,2.0,0.33,Sstar,1.4096571497197394,0.001659968154314662,300
7,5,5,2.0,0.335,Sstar,1.4092492527144809,0.001648893507215661,300
7,5,5,2.0,0.34,Sstar,1.4089842273005015,0.0016326307218645592,300
7,5,5,2.0,0.34500000000000003,Sstar,1.4086939551606061,0.001621412708973063,300
7,5,5,2.0,0.35000000000000003,Sstar,1.408308217737865,0.0016031678990750529,300
7,5,5,2.0,0.355,Sstar,1.4078072861354192,0.0015962858052770703,300
7,5,5,2.0,0.36,Sstar,1.4075588431794994,0.0015883763459604659,300
7,5,5,2.0,0.365,Sstar,1.4072704590730825,0.001575718674949282,300
7,5,5,2.0,0.37,Sstar,1.4070523499408922,0.0015596127385826527,300
7,5,5,2.0,0.375,Sstar,1.4068586888292436,0.0015491981866406063,300
7,5,5,2.0,0.38,Sstar,1.4064705233776693,0.0015260469933879865,300
7,5,5,2.0,0.385,Sstar,1.4062250432089451,0.0015174215183273883,300
7,5,5,2.0,0.39,Sstar,1.4062613064841716,0.001507336042536749,300
7,5,5,2.0,0.395,Sstar,1.4058970335284717,0.0014961663764325736,300
7,5,5,2.0,0.4,Sstar,1.4055902849636683,0.0014826785986955826,300
7,5,5,2.0,0.405,Sstar,1.4053104570512642,0.0014655725852441384,300
7,5,5,2.0,0.41000000000000003,Sstar,1.404912042435897,0.001450102853505458,300
7,5,5,2.0,0.41500000000000004,Sstar,1.404607621592533,0.001434148374813223,300
7,5,5,2.0,0.42,Sstar,1.4043787375821988,0.0014321295051305306,300
7,5,5,2.0,0.425,Sstar,1.4039926860000744,0.0014240916969571389,300
7,5,5,2.0,0.43,Sstar,1.403529379874728,0.0014201406495090115,300
7,5,5,2.0,0.435,Sstar,1.4031905031548026,0.0014100288006031938,300
7,5,5,2.0,0.44,Sstar,1.402839302632919,0.00140135491445541,300
7,5,5,2.0,0.445,Sstar,1.4024139709359853,0.0013934499987846894,300
7,5,5,2.0,0.45,Sstar,1.4020955425177453,0.0013880070949860424,300
7,5,5,2.0,0.455,Sstar,1.4016578136075366,0.001375616295335994,300
7,5,5,2.0,0.46,Sstar,1.4013847744012053,0.001367982023811573,300
7,5,5,2.0,0.465,Sstar,1.401042865173452,0.0013482228602873794,300
7,5,5,2.0,0.47000000000000003,Sstar,1.4007129962386018,0.0013399938805770501,300
7,5,5,2.0,0.47500000000000003,Sstar,1.400344694325468,0.001334145398346135,300
7,5,5,2.0,0.48,Sstar,1.3997983494227642,0.0013233056039896323,300
7,5,5,2.0,0.485,Sstar,1.3994638809450013,0.0013140533897769346,300
7,5,5,2.0,0.49,Sstar,1.3990857424609937,0.0012958692028020892,300
7,5,5,2.0,0.495,Sstar,1.398616010835036,0.0012850290077522472,300
7,5,5,2.0,0.5,Sstar,1.398212573934826,0.0012783133924785205,300
7,5,5,2.0,0.505,Sstar,1.3978185387367772,0.0012738021915900167,300
7,5,5,2.0,0.51,Sstar,1.3973934201720999,0.0012538982553448542,300
7,5,5,2.0,0.515,Sstar,1.397073881255278,0.0012446081281057338,300
7,5,5,2.0,0.52,Sstar,1.3966262258725712,0.0012283167526898093,300
7,5,5,2.0,0.525,Sstar,1.3963832467389121,0.0012198850669874273,300
7,5,5,2.0,0.53,Sstar,1.3960462757264949,0.0012133446801571514,300
7,5,5,2.0,0.535,Sstar,1.395642278364517,0.0012011924070936119,300
7,5,5,2.0,0.54,Sstar,1.3953595024129732,0.0011850522560269956,300
7,5,5,2.0,0.545,Sstar,1.3949056271120188,0.0011729800764103818,300
7,5,5,2.0,0.55,Sstar,1.394436207421741,0.001159281220169355,300
7,5,5,2.0,0.555,Sstar,1.394163384978474,0.0011481210893414377,300
7,5,5,2.0,0.56,Sstar,1.3937840900145595,0.0011309697251750495,300
7,5,5,2.0,0.5650000000000001,Sstar,1.393423108503319,0.0011319980658515713,300
7,5,5,2.0,0.5700000000000001,Sstar,1.3929615132367668,0.001122283417730599,300
7,5,5,2.0,0.5750000000000001,Sstar,1.3926367344976611,0.001103484323370052,300
7,5,5,2.0,0.58,Sstar,1.3922945111207963,0.0010979691383574601,300
7,5,5,2.0,0.585,Sstar,1.3919213831735615,0.0010884229183487088,300
7,5,5,2.0,0.59,Sstar,1.3916875111312454,0.0010760507374727485,300
7,5,5,2.0,0.595,Sstar,1.3913834232728717,0.0010691163527646258,300
7,5,5,2.0,0.6,Sstar,1.3907901282887944,0.0010554411809169254,300
7,5,5,2.5,0.0,M_sum,4.233330744007544,0.03028545614582074,300
7,5,5,2.5,0.005,M_sum,4.232873585005975,0.03025576046056041,300
7,5,5,2.5,0.01,M_sum,4.232570645204361,0.030238688091511323,300
7,5,5,2.5,0.015,M_sum,4.232244301169893,0.030224344843815507,300
7,5,5,2.5,0.02,M_sum,4.23253747663974,0.03021452784010915,300
7,5,5,2.5,0.025,M_sum,4.232349940389822,0.03021213953713622,300
7,5,5,2.5,0.03,M_sum,4.2320410279150495,0.030228294112845163,300
7,5,5,2.5,0.035,M_sum,4.232542160301946,0.03022066462855449,300
7,5,5,2.5,0.04,M_sum,4.232538223422309,0.03018785997611705,300
7,5,5,2.5,0.045,M_sum,4.232400891724192,0.030173446080205776,300
7,5,5,2.5,0.05,M_sum,4.232463858219379,0.030191147379358154,300
7,5,5,2.5,0.055,M_sum,4.2312699787727714,0.03017991739371048,300
7,5,5,2.5,0.06,M_sum,4.230842329515314,0.03016666495447584,300
7,5,5,2.5,0.065,M_sum,4.230156136527222,0.030152287510028516,300
7,5,5,2.5,0.07,M_sum,4.229294287749293,0.03012179944443745,300
7,5,5,2.5,0.075,M_sum,4.228208246087441,0.030092355570919677,300
7,5,5,2.5,0.08,M_sum,4.227702525454448,0.03009381612475616,300
7,5,5,2.5,0.085,M_sum,4.227411247639059,0.03007163868523973,300
7,5,5,2.5,0.09,M_sum,4.226726706661689,0.030062915244343808,300
7,5,5,2.5,0.095,M_sum,4.224994422557562,0.030042302944054126,300
7,5,5,2.5,0.1,M_sum,4.223624427491305,0.029980951797440213,300
7,5,5,2.5,0.105,M_sum,4.222769326947972,0.029924353813091376,300
7,5,5,2.5,0.11,M_sum,4.221569460953582,0.029851755614853644,300
7,5,5,2.5,0.115,M_sum,4.220490318124345,0.029788543055290658,300
7,5,5,2.5,0.12,M_sum,4.21920073801908,0.029747143392126914,300
7,5,5,2.5,0.125,M_sum,4.218256479933941,0.02968503103997841,300
7,5,5,2.5,0.13,M_sum,4.217170184797743,0.029669040102508884,300
7,5,5,2.5,0.135,M_sum,4.215531128935717,0.029643135884979452,300
7,5,5,2.5,0.14,M_sum,4.213970984671648,0.029578787625109737,300
7,5,5,2.5,0.145,M_sum,4.21278481711311,0.029534603357132528,300
7,5,5,2.5,0.15,M_sum,4.210710703584769,0.029483149621829532,300
7,5,5,2.5,0.155,M_sum,4.208882654495236,0.029441493418887042,300
7,5,5,2.5,0.16,M_sum,4.206532787540245,0.02937920755756921,300
7,5,5,2.5,0.165,M_sum,4.204306101405314,0.029332267495497104,300
7,5,5,2.5,0.17,M_sum,4.202027181839756,0.029257115403184916,300
7,5,5,2.5,0.17500000000000002,M_sum,4.1997444171434966,0.0291597343672901,300
7,5,5,2.5,0.18,M_sum,4.197075693308614,0.029049908158901586,300
7,5,5,2.5,0.185,M_sum,4.195004014239644,0.02901212288158374,300
7,5,5,2.5,0.19,M_sum,4.193043971443452,0.028946994764269943,300
7,5,5,2.5,0.195,M_sum,4.190191905415224,0.028895696195409548,300
7,5,5,2.5,0.2,M_sum,4.18837557361987,0.028837414897586088,300
7,5,5,2.5,0.20500000000000002,M_sum,4.18591167803384,0.028736206081240195,300
7,5,5,2.5,0.21,M_sum,4.183334801883606,0.028667228992288775,300
7,5,5,2.5,0.215,M_sum,4.1817807121010135,0.028634500944119835,300
7,5,5,2.5,0.22,M_sum,4.179507698778774,0.028590242198462935,300
7,5,5,2.5,0.225,M_sum,4.1769842788686615,0.02850411393586191,300
7,5,5,2.5,0.23,M_sum,4.174499040619866,0.028427815421652226,300
7,5,5,2.5,0.23500000000000001,M_sum,4.171896277177368,0.02834775933094758,300
7,5,5,2.5,0.24,M_sum,4.169913316492465,0.028271151828170218,300
7,5,5,2.5,0.245,M_sum,4.167456694108402,0.028195676873274404,300
7,5,5,2.5,0.25,M_sum,4.1643271938668285,0.0280913217887933,300
7,5,5,2.5,0.255,M_sum,4.161405267284472,0.0280097407197283,300
7,5,5,2.5,0.26,M_sum,4.15872919749097,0.02795607821589614,300
7,5,5,2.5,0.265,M_sum,4.1562783011576405,0.027865193001923687,300
7,5,5,2.5,0.27,M_sum,4.15292487709271,0.027761470543118925,300
7,5,5,2.5,0.275,M_sum,4.149807888096226,0.02768356496554689,300
7,5,5,2.5,0.28,M_sum,4.146696878702469,0.027600499045159602,300
7,5,5,2.5,0.28500000000000003,M_sum,4.144051038460429,0.02752876018278164,300
7,5,5,2.5,0.29,M_sum,4.140737068714971,0.02750537238416344,300
7,5,5,2.5,0.295,M_sum,4.137893482896957,0.02740820772706321,300
7,5,5,2.5,0.3,M_sum,4.134958307613321,0.02727118882494981,300
7,5,5,2.5,0.305,M_sum,4.131408814948924,0.027191486940484698,300
7,5,5,2.5,0.31,M_sum,4.1285401991552435,0.027156730543708176,300
7,5,5,2.5,0.315,M_sum,4.125945275409272,0.02710917753690682,300
7,5,5,2.5,0.32,M_sum,4.122788848322815,0.02702440086436684,300
7,5,5,2.5,0.325,M_sum,4.119613526456262,0.02695232030419421,300
7,5,5,2.5,0.33,M_sum,4.116735661576058,0.0268648046582407,300
7,5,5,2.5,0.335,M_sum,4.113282740255513,0.026767750635155668,300
7,5,5,2.5,0.34,M_sum,4.109867987372103,0.026704441963934605,300
7,5,5,2.5,0.34500000000000003,M_sum,4.106208528841461,0.02664192033544925,300
7,5,5,2.5,0.35000000000000003,M_sum,4.1027506527449535,0.02655916306410666,300
7,5,5,2.5,0.355,M_sum,4.098981856361039,0.026477994994207638,300
7,5,5,2.5,0.36,M_sum,4.095448193225833,0.026425901018235876,300
7,5,5,2.5,0.365,M_sum,4.092262749439698,0.026342024862337516,300
7,5,5,2.5,0.37,M_sum,4.088846216856033,0.02626583789466004,300
7,5,5,2.5,0.375,M_sum,4.084918600513814,0.026149874368460453,300
7,5,5,2.5,0.38,M_sum,4.081233166139187,0.026044921699320628,300
7,5,5,2.5,0.385,M_sum,4.077341042339501,0.02593876906480716,300
7,5,5,2.5,0.39,M_sum,4.07394336652458,0.025865724543425467,300
7,5,5,2.5,0.395,M_sum,4.070324690112873,0.025749859611758217,300
7,5,5,2.5,0.4,M_sum,4.0659378645449555,0.025623820551769233,300
7,5,5,2.5,0.405,M_sum,4.062319667774081,0.025543291198352698,300
7,5,5,2.5,0.41000000000000003,M_sum,4.057947057654652,0.025447028856677045,300
7,5,5,2.5,0.41500000000000004,M_sum,4.053849022254309,0.02535373318889275,300
7,5,5,2.5,0.42,M_sum,4.049607829545623,0.02527438038486464,300
7,5,5,2.5,0.425,M_sum,4.045662824070421,0.02519176823125706,300
7,5,5,2.5,0.43,M_sum,4.041524938854113,0.02505626140709054,300
7,5,5,2.5,0.435,M_sum,4.03720946812822,0.02497130783508471,300
7,5,5,2.5,0.44,M_sum,4.032948322287106,0.024869828431403472,300
7,5,5,2.5,0.445,M_sum,4.028161525568482,0.02475785098665202,300
7,5,5,2.5,0.45,M_sum,4.0243026168229585,0.02466882188987449,300
7,5,5,2.5,0.455,M_sum,4.019709418289079,0.02456628835299119,300
7,5,5,2.5,0.46,M_sum,4.015903078636955,0.024480468815559906,300
7,5,5,2.5,0.465,M_sum,4.011693059761901,0.024378730295000713,300
7,5,5,2.5,0.47000000000000003,M_sum,4.007587743316056,0.024307662364734587,300
7,5,5,2.5,0.47500000000000003,M_sum,4.00323126060315,0.02421808164128762,300
7,5,5,2.5,0.48,M_sum,3.999456780867876,0.02414456432961965,300
7,5,5,2.5,0.485,M_sum,3.995657652760601,0.024055985774219676,300
7,5,5,2.5,0.49,M_sum,3.991696273761749,0.023984515086137016,300
7,5,5,2.5,0.495,M_sum,3.987392742424151,0.02386133909785492,300
7,5,5,2.5,0.5,M_sum,3.9831686824229267,0.023753565084625363,300
7,5,5,2.5,0.505,M_sum,3.978971220427865,0.023699769843987726,300
7,5,5,2.5,0.51,M_sum,3.9740841411141794,0.023584614093261676,300
7,5,5,2.5,0.515,M_sum,3.9695191058867,0.0234784391877181,300
7,5,5,2.5,0.52,M_sum,3.964956027918093,0.023385796067372754,300
7,5,5,2.5,0.525,M_sum,3.961045492956801,0.023322298642956405,300
7,5,5,2.5,0.53,M_sum,3.9564401460307748,0.023218827904713284,300
7,5,5,2.5,0.535,M_sum,3.9520098805769575,0.023128913860354917,300
7,5,5,2.5,0.54,M_sum,3.9472133731742134,0.023059362010487933,300
7,5,5,2.5,0.545,M_sum,3.9432324465620257,0.022986324927885236,300
7,5,5,2.5,0.55,M_sum,3.9385361008985615,0.02286776340598136,300
7,5,5,2.5,0.555,M_sum,3.9335964845199025,0.02277367695486922,300
7,5,5,2.5,0.56,M_sum,3.9294130438593493,0.02269159090583447,300
7,5,5,2.5,0.5650000000000001,M_sum,3.9249635037203885,0.02260879414894788,300
7,5,5,2.5,0.5700000000000001,M_sum,3.920239798934734,0.022495652527431638,300
7,5,5,2.5,0.5750000000000001,M_sum,3.915889861650741,0.02242161289363896,300
7,5,5,2.5,0.58,M_sum,3.91087756269146,0.022302517643474844,300
7,5,5,2.5,0.585,M_sum,3.9068431851569048,0.022223728339396412,300
7,5,5,2.5,0.59,M_sum,3.901990832492004,0.02210166761672627,300
7,5,5,2.5,0.595,M_sum,3.8973561649930364,0.0220075247190436,300
7,5,5,2.5,0.6,M_sum,3.892230078440326,0.021924154671305016,300
7,5,5,2.5,0.0,S2_sum,3.1552592646825333,0.017693494446177398,300
7,5,5,2.5,0.005,S2_sum,3.1549242252526417,0.017668529230783304,300
7,5,5,2.5,0.01,S2_sum,3.1546810425505045,0.01765390597783684,300
7,5,5,2.5,0.015,S2_sum,3.1544947419681164,0.017642953493040018,300
7,5,5,2.5,0.02,S2_sum,3.1547343087143473,0.01763712549252759,300
7,5,5,2.5,0.025,S2_sum,3.1546026337925475,0.017637854818400214,300
7,5,5,2.5,0.03,S2_sum,3.154424183166014,0.017652423424844202,300
7,5,5,2.5,0.035,S2_sum,3.1548633588482895,0.017650024155635716,300
7,5,5,2.5,0.04,S2_sum,3.1549128128568804,0.017629771659035055,300
7,5,5,2.5,0.045,S2_sum,3.154876328560193,0.017618194387831625,300
7,5,5,2.5,0.05,S2_sum,3.1549457440345443,0.017634773644245986,300
7,5,5,2.5,0.055,S2_sum,3.154120711661184,0.017629714480790676,300
7,5,5,2.5,0.06,S2_sum,3.153877138214203,0.01762156768554458,300
7,5,5,2.5,0.065,S2_sum,3.153458138495627,0.017615797368959445,300
7,5,5,2.5,0.07,S2_sum,3.1528783903041617,0.017599517762866078,300
7,5,5,2.5,0.075,S2_sum,3.152135216510191,0.017584873984641543,300
7,5,5,2.5,0.08,S2_sum,3.1518551000956756,0.017589116171016276,300
7,5,5,2.5,0.085,S2_sum,3.151742427141852,0.017577591534010346,300
7,5,5,2.5,0.09,S2_sum,3.151316478799757,0.017575743191470115,300
7,5,5,2.5,0.095,S2_sum,3.1501129797763823,0.017569060989266236,300
7,5,5,2.5,0.1,S2_sum,3.149225389873176,0.01753174277904032,300
7,5,5,2.5,0.105,S2_sum,3.148734005400214,0.01749590120077688,300
7,5,5,2.5,0.11,S2_sum,3.147984395153872,0.01744709393945476,300
7,5,5,2.5,0.115,S2_sum,3.1473028788578596,0.017408755504759874,300
7,5,5,2.5,0.12,S2_sum,3.146501998568467,0.017387019898108043,300
7,5,5,2.5,0.125,S2_sum,3.1459695227339703,0.017349380760287983,300
7,5,5,2.5,0.13,S2_sum,3.145273224276569,0.017345789190240667,300
7,5,5,2.5,0.135,S2_sum,3.144178351547176,0.01733707546080681,300
7,5,5,2.5,0.14,S2_sum,3.1431942408277758,0.017301302711572698,300
7,5,5,2.5,0.145,S2_sum,3.142474862697374,0.017278944221953706,300
7,5,5,2.5,0.15,S2_sum,3.141069723850076,0.017253170112069994,300
7,5,5,2.5,0.155,S2_sum,3.139847918902254,0.01723244282659713,300
7,5,5,2.5,0.16,S2_sum,3.1382783019518006,0.017196607395429192,300
7,5,5,2.5,0.165,S2_sum,3.1368315799761297,0.017176052668165947,300
7,5,5,2.5,0.17,S2_sum,3.1353048608308174,0.017132196061860724,300
7,5,5,2.5,0.17500000000000002,S2_sum,3.1337833479179986,0.01707339419707458,300
7,5,5,2.5,0.18,S2_sum,3.132017338177044,0.017005427210079502,300
7,5,5,2.5,0.185,S2_sum,3.130660384693111,0.01698945954705853,300
7,5,5,2.5,0.19,S2_sum,3.129419739410689,0.016953289897556227,300
7,5,5,2.5,0.195,S2_sum,3.127504892009216,0.016927775027382536,300
7,5,5,2.5,0.2,S2_sum,3.1263625715416845,0.016896985120821013,300
7,5,5,2.5,0.20500000000000002,S2_sum,3.124753063076354,0.01683334496857944,300
7,5,5,2.5,0.21,S2_sum,3.1230588898591165,0.01679862331449222,300
7,5,5,2.5,0.215,S2_sum,3.122141029409013,0.01679099411167374,300
7,5,5,2.5,0.22,S2_sum,3.120666328407696,0.016771525187290658,300
7,5,5,2.5,0.225,S2_sum,3.1190353954219794,0.0167224854874537,300
7,5,5,2.5,0.23,S2_sum,3.1174134777833062,0.01667989550511054,300
7,5,5,2.5,0.23500000000000001,S2_sum,3.1157636202388552,0.016633963493336512,300
7,5,5,2.5,0.24,S2_sum,3.1145763546335177,0.016592024580166637,300
7,5,5,2.5,0.245,S2_sum,3.1130018205470122,0.016550995237510253,300
7,5,5,2.5,0.25,S2_sum,3.1109358294932346,0.016490252380541044,300
7,5,5,2.5,0.255,S2_sum,3.1090430988027635,0.016444852214085388,300
7,5,5,2.5,0.26,S2_sum,3.1073015075388764,0.01641944777269594,300
7,5,5,2.5,0.265,S2_sum,3.1057574025489867,0.0163670582299382,300
7,5,5,2.5,0.27,S2_sum,3.103521445968212,0.016306243070006447,300
7,5,5,2.5,0.275,S2_sum,3.1015075687981786,0.01626683552193647,300
7,5,5,2.5,0.28,S2_sum,3.099484880861567,0.016224504495540425,300
7,5,5,2.5,0.28500000000000003,S2_sum,3.0978161747660398,0.01618628800962011,300
7,5,5,2.5,0.29,S2_sum,3.0956407816303497,0.01618896127601409,300
7,5,5,2.5,0.295,S2_sum,3.093872243668869,0.01613434362655293,300
7,5,5,2.5,0.3,S2_sum,3.0920359502202976,0.016051045640173088,300
7,5,5,2.5,0.305,S2_sum,3.089724437548397,0.016012975865500864,300
7,5,5,2.5,0.31,S2_sum,3.087890949621145,0.01600524535884148,300
7,5,5,2.5,0.315,S2_sum,3.086260411650941,0.015989049247353376,300
7,5,5,2.5,0.32,S2_sum,3.0842735523117346,0.015944286411716958,300
7,5,5,2.5,0.325,S2_sum,3.082241497975943,0.015910034376173717,300
7,5,5,2.5,0.33,S2_sum,3.080476784908531,0.015861518640204714,300
7,5,5,2.5,0.335,S2_sum,3.078267724177253,0.015809935482041116,300
7,5,5,2.5,0.34,S2_sum,3.0760834493702993,0.01578155815330469,300
7,5,5,2.5,0.34500000000000003,S2_sum,3.0736933940723814,0.015758912533196626,300
7,5,5,2.5,0.35000000000000003,S2_sum,3.0714905012484475,0.01571562808215071,300
7,5,5,2.5,0.355,S2_sum,3.0690411895644774,0.01567601413948553,300
7,5,5,2.5,0.36,S2_sum,3.066804047051319,0.015655841825114203,300
7,5,5,2.5,0.365,S2_sum,3.0648565988503473,0.01561405630854294,300
7,5,5,2.5,0.37,S2_sum,3.0626870581338723,0.01557642331176577,300
7,5,5,2.5,0.375,S2_sum,3.0601806047126296,0.015509795347115966,300
7,5,5,2.5,0.38,S2_sum,3.0578190698777794,0.015453160384104353,300
7,5,5,2.5,0.385,S2_sum,3.0553621747215276,0.015392815645601972,300
7,5,5,2.5,0.39,S2_sum,3.0532456752707193,0.015357895818913213,300
7,5,5,2.5,0.395,S2_sum,3.0509844354669067,0.015293644307035899,300
7,5,5,2.5,0.4,S2_sum,3.0481621427145633,0.015220077093455624,300
7,5,5,2.5,0.405,S2_sum,3.045894063397275,0.015182219852555794,300
7,5,5,2.5,0.41000000000000003,S2_sum,3.043069099253502,0.015130996482680546,300
7,5,5,2.5,0.41500000000000004,S2_sum,3.0404206219895413,0.015084547477894556,300
7,5,5,2.5,0.42,S2_sum,3.0376841401786723,0.015046019718828484,300
7,5,5,2.5,0.425,S2_sum,3.035190002040671,0.01500697714606547,300
7,5,5,2.5,0.43,S2_sum,3.03259427720011,0.014929109038398053,300
7,5,5,2.5,0.435,S2_sum,3.0298429726506915,0.014888847584731246,300
7,5,5,2.5,0.44,S2_sum,3.027136734756642,0.014832269859741906,300
7,5,5,2.5,0.445,S2_sum,3.0240300870649204,0.014768564031297783,300
7,5,5,2.5,0.45,S2_sum,3.0216452044334607,0.014724837545406863,300
7,5,5,2.5,0.455,S2_sum,3.0187151643718755,0.014667232896161024,300
7,5,5,2.5,0.46,S2_sum,3.0163519362395754,0.01462664017745238,300
7,5,5,2.5,0.465,S2_sum,3.013680681790159,0.014572846898082976,300
7,5,5,2.5,0.47000000000000003,S2_sum,3.011108608442959,0.014541315711819467,300
7,5,5,2.5,0.47500000000000003,S2_sum,3.0083691165484363,0.014496704464253385,300
7,5,5,2.5,0.48,S2_sum,3.0060336333153974,0.01446312240900217,300
7,5,5,2.5,0.485,S2_sum,3.003721206707279,0.014416916580877914,300
7,5,5,2.5,0.49,S2_sum,3.0013020972896656,0.014383666043558308,300
7,5,5,2.5,0.495,S2_sum,2.998597113925936,0.01431166546549992,300
7,5,5,2.5,0.5,S2_sum,2.9959862364616243,0.014252102418020031,300
7,5,5,2.5,0.505,S2_sum,2.993333589608394,0.014234501192628335,300
7,5,5,2.5,0.51,S2_sum,2.990211869747076,0.014169827067642879,300
7,5,5,2.5,0.515,S2_sum,2.987333761809278,0.0141104686666498,300
7,5,5,2.5,0.52,S2_sum,2.9844726291499253,0.014062990955446815,300
7,5,5,2.5,0.525,S2_sum,2.9820794788530587,0.014035131602164304,300
7,5,5,2.5,0.53,S2_sum,2.9791513984146354,0.013977437889385953,300
7,5,5,2.5,0.535,S2_sum,2.976354702304814,0.013929001000618176,300
7,5,5,2.5,0.54,S2_sum,2.9732988675166188,0.013898634757142444,300
7,5,5,2.5,0.545,S2_sum,2.9708850480793805,0.013864226793936243,300
7,5,5,2.5,0.55,S2_sum,2.9679071056458173,0.013793809259327773,300
7,5,5,2.5,0.555,S2_sum,2.9648109183366302,0.013742810518685105,300
7,5,5,2.5,0.56,S2_sum,2.962238810001016,0.01370145775299765,300
7,5,5,2.5,0.5650000000000001,S2_sum,2.9594783230531534,0.01366214369606409,300
7,5,5,2.5,0.5700000000000001,S2_sum,2.9565032371450584,0.013600325831340935,300
7,5,5,2.5,0.5750000000000001,S2_sum,2.95379079302558,0.013566728058803422,300
7,5,5,2.5,0.58,S2_sum,2.9506069615982904,0.013497586962870938,300
7,5,5,2.5,0.585,S2_sum,2.9481791664658523,0.013458879795848241,300
7,5,5,2.5,0.59,S2_sum,2.9451442806126225,0.013386126324436367,300
7,5,5,2.5,0.595,S2_sum,2.9422424804659264,0.013336291486136985,300
7,5,5,2.5,0.6,S2_sum,2.938996365346369,0.013296424317355731,300
7,5,5,2.5,0.0,Sstar,1.38966871596295,0.002408881602714657,300
7,5,5,2.5,0.005,Sstar,1.3894592284904592,0.002407546696576347,300
7,5,5,2.5,0.01,Sstar,1.3893968292417944,0.0024120894138764007,300
7,5,5,2.5,0.015,Sstar,1.3892117264432002,0.002424441710797675,300
7,5,5,2.5,0.02,Sstar,1.3889458865191178,0.002428491693196385,300
7,5,5,2.5,0.025,Sstar,1.3887479051010525,0.0024379816690142716,300
7,5,5,2.5,0.03,Sstar,1.388442356425174,0.0024516795516574285,300
7,5,5,2.5,0.035,Sstar,1.38827723157581,0.0024646912546950734,300
7,5,5,2.5,0.04,Sstar,1.3882824278753823,0.0024543726919635197,300
7,5,5,2.5,0.045,Sstar,1.3882607606262176,0.002459226322501384,300
7,5,5,2.5,0.05,Sstar,1.3884953900427885,0.0024598846606857408,300
7,5,5,2.5,0.055,Sstar,1.3884635344942688,0.002464999195965297,300
7,5,5,2.5,0.06,Sstar,1.3886712183191128,0.002446885847241947,300
7,5,5,2.5,0.065,Sstar,1.388773938761018,0.002445566024148458,300
7,5,5,2.5,0.07,Sstar,1.3890901007566987,0.0024534373443350866,300
7,5,5,2.5,0.075,Sstar,1.3894172510919363,0.0024448658751849853,300
7,5,5,2.5,0.08,Sstar,1.3898291045412465,0.002449590489871576,300
7,5,5,2.5,0.085,Sstar,1.3902529813950475,0.0024440528420692892,300
7,5,5,2.5,0.09,Sstar,1.3905195115132243,0.0024456426504488537,300
7,5,5,2.5,0.095,Sstar,1.390663492663407,0.0024418544548660817,300
7,5,5,2.5,0.1,Sstar,1.390934639340648,0.0024368268102592278,300
7,5,5,2.5,0.105,Sstar,1.391406062690121,0.002427831513552128,300
7,5,5,2.5,0.11,Sstar,1.391712316587475,0.0024272225089649164,300
7,5,5,2.5,0.115,Sstar,1.392064540901831,0.0024127952944976794,300
7,5,5,2.5,0.12,Sstar,1.3922870708863697,0.0024053646852912605,300
7,5,5,2.5,0.125,Sstar,1.392600261315044,0.002392768172917478,300
7,5,5,2.5,0.13,Sstar,1.3930694454796466,0.002382500497823812,300
7,5,5,2.5,0.135,Sstar,1.3931919614372033,0.0023757231619325318,300
7,5,5,2.5,0.14,Sstar,1.3934661857140724,0.0023463110176247717,300
7,5,5,2.5,0.145,Sstar,1.3937731444783465,0.0023362508716148387,300
7,5,5,2.5,0.15,Sstar,1.393868005986666,0.0023239105862196264,300
7,5,5,2.5,0.155,Sstar,1.394189785513157,0.0023133733667195042,300
7,5,5,2.5,0.16,Sstar,1.3944265606974793,0.002296248590894002,300
7,5,5,2.5,0.165,Sstar,1.3944598002883846,0.002292013980225924,300
7,5,5,2.5,0.17,Sstar,1.3945914042552685,0.0022834237253754955,300
7,5,5,2.5,0.17500000000000002,Sstar,1.3948430758044752,0.002276474970505195,300
7,5,5,2.5,0.18,Sstar,1.394854610108716,0.0022581619785662804,300
7,5,5,2.5,0.185,Sstar,1.3949932278143806,0.0022503796292566106,300
7,5,5,2.5,0.19,Sstar,1.3952197220150448,0.00223993203248143,300
7,5,5,2.5,0.195,Sstar,1.3952935320427804,0.0022222515726087622,300
7,5,5,2.5,0.2,Sstar,1.3954285011031033,0.0022075491398014326,300
7,5,5,2.5,0.20500000000000002,Sstar,1.3956339027219846,0.0021761792796709356,300
7,5,5,2.5,0.21,Sstar,1.3956678080035332,0.0021588355836548072,300
7,5,5,2.5,0.215,Sstar,1.3959825668484591,0.0021488392368829907,300
7,5,5,2.5,0.22,Sstar,1.396120595947268,0.0021324098181264074,300
7,5,5,2.5,0.225,Sstar,1.3959611047895184,0.0021220550817614018,300
7,5,5,2.5,0.23,Sstar,1.3959007318097802,0.0021198117300357,300
7,5,5,2.5,0.23500000000000001,Sstar,1.395870654950451,0.0021139121461482666,300
7,5,5,2.5,0.24,Sstar,1.3959934880097056,0.0021026735176238455,300
7,5,5,2.5,0.245,Sstar,1.3962019070395115,0.002083278483126477,300
7,5,5,2.5,0.25,Sstar,1.396156279223952,0.002071769258373673,300
7,5,5,2.5,0.255,Sstar,1.3960662332382634,0.0020680472312000655,300
7,5,5,2.5,0.26,Sstar,1.3959560167637497,0.0020697269416267683,300
7,5,5,2.5,0.265,Sstar,1.3961641628670227,0.002054873253004939,300
7,5,5,2.5,0.27,Sstar,1.3960580920671388,0.0020375641650129664,300
7,5,5,2.5,0.275,Sstar,1.39594641023481,0.002028031212577014,300
7,5,5,2.5,0.28,Sstar,1.395968043126232,0.0020105154398064574,300
7,5,5,2.5,0.28500000000000003,Sstar,1.3959818211614565,0.001994051254117524,300
7,5,5,2.5,0.29,Sstar,1.395867984084339,0.001984248285152643,300
7,5,5,2.5,0.295,Sstar,1.3957542614218503,0.0019765878407614684,300
7,5,5,2.5,0.3,Sstar,1.3956997882832716,0.0019689658855056797,300
7,5,5,2.5,0.305,Sstar,1.395593246433446,0.0019516825194178433,300
7,5,5,2.5,0.31,Sstar,1.3955387885866595,0.001943338406910092,300
7,5,5,2.5,0.315,Sstar,1.3955794776624277,0.0019288719027273089,300
7,5,5,2.5,0.32,Sstar,1.3954361678972396,0.0019183663424687909,300
7,5,5,2.5,0.325,Sstar,1.3952907338252656,0.0019057111741747823,300
7,5,5,2.5,0.33,Sstar,1.3953248869483745,0.0019012752335681223,300
7,5,5,2.5,0.335,Sstar,1.3952542158048085,0.0018829774466670606,300
7,5,5,2.5,0.34,Sstar,1.39504351848517,0.0018751583926010392,300
7,5,5,2.5,0.34500000000000003,Sstar,1.394722164134061,0.0018732114959529255,300
7,5,5,2.5,0.35000000000000003,Sstar,1.394707134387218,0.001857579886926481,300
7,5,5,2.5,0.355,Sstar,1.3945687603007348,0.001840852654014561,300
7,5,5,2.5,0.36,Sstar,1.3944669656819622,0.001820879606109048,300
7,5,5,2.5,0.365,Sstar,1.3944406548929176,0.0018108969856679724,300
7,5,5,2.5,0.37,Sstar,1.3943373766383116,0.001801984892343525,300
7,5,5,2.5,0.375,Sstar,1.3941655600185374,0.001784114203282383,300
7,5,5,2.5,0.38,Sstar,1.3939784715400596,0.0017686439440583277,300
7,5,5,2.5,0.385,Sstar,1.3937985247634619,0.0017495023774084188,300
7,5,5,2.5,0.39,Sstar,1.3938005408292307,0.0017282221851347022,300
7,5,5,2.5,0.395,Sstar,1.393688720817651,0.0017039931052498293,300
7,5,5,2.5,0.4,Sstar,1.3932449006989993,0.0016981831338739152,300
7,5,5,2.5,0.405,Sstar,1.3931121729779792,0.0016868305833377735,300
7,5,5,2.5,0.41000000000000003,Sstar,1.3928344126992291,0.0016778354245754173,300
7,5,5,2.5,0.41500000000000004,Sstar,1.392425811369348,0.0016626692503305747,300
7,5,5,2.5,0.42,Sstar,1.3921212693439062,0.0016514908749064897,300
7,5,5,2.5,0.425,Sstar,1.3920708673315818,0.0016332269765385239,300
7,5,5,2.5,0.43,Sstar,1.3918467997561554,0.001616812069898831,300
7,5,5,2.5,0.435,Sstar,1.391458912281972,0.0016014535612287263,300
7,5,5,2.5,0.44,Sstar,1.391225519254311,0.001586395680824815,300
7,5,5,2.5,0.445,Sstar,1.3909349458983786,0.0015626727916279884,300
7,5,5,2.5,0.45,Sstar,1.3907086279144774,0.001549626402844382,300
7,5,5,2.5,0.455,Sstar,1.3905452018296174,0.0015353651744675274,300
7,5,5,2.5,0.46,Sstar,1.3904603290678799,0.0015076350156213389,300
7,5,5,2.5,0.465,Sstar,1.3902158488058054,0.0014860082763111032,300
7,5,5,2.5,0.47000000000000003,Sstar,1.3902341207449918,0.0014686148771666484,300
7,5,5,2.5,0.47500000000000003,Sstar,1.3898322629923772,0.0014566133642217982,300
7,5,5,2.5,0.48,Sstar,1.3896452749350594,0.0014490595369528979,300
7,5,5,2.5,0.485,Sstar,1.3895616458596871,0.0014344048959044609,300
7,5,5,2.5,0.49,Sstar,1.3892753560916036,0.0014224962089423015,300
7,5,5,2.5,0.495,Sstar,1.3891099886172307,0.0014034755784185138,300
7,5,5,2.5,0.5,Sstar,1.3888069100825398,0.0013963347853749044,300
7,5,5,2.5,0.505,Sstar,1.3886376010973907,0.001376948492064201,300
7,5,5,2.5,0.51,Sstar,1.388408882369813,0.0013623907640486555,300
7,5,5,2.5,0.515,Sstar,1.3881583390637287,0.0013408037276158324,300
7,5,5,2.5,0.52,Sstar,1.3877729072318656,0.0013262348772613618,300
7,5,5,2.5,0.525,Sstar,1.3874455228261988,0.0013192334543700003,300
7,5,5,2.5,0.53,Sstar,1.3872166026183637,0.0013037927905241566,300
7,5,5,2.5,0.535,Sstar,1.3869134846998548,0.0012921012375466784,300
7,5,5,2.5,0.54,Sstar,1.3866890288986053,0.0012813155958526813,300
7,5,5,2.5,0.545,Sstar,1.3866847609638357,0.001266283031262785,300
7,5,5,2.5,0.55,Sstar,1.3864270707807047,0.0012520508158407047,300
7,5,5,2.5,0.555,Sstar,1.3861034961391874,0.0012385830692908043,300
7,5,5,2.5,0.56,Sstar,1.3858053048627241,0.0012313010523054965,300
7,5,5,2.5,0.5650000000000001,Sstar,1.385567185542938,0.0012248584310698637,300
7,5,5,2.5,0.5700000000000001,Sstar,1.3852758431885537,0.001217834841425839,300
7,5,5,2.5,0.5750000000000001,Sstar,1.3851679876681318,0.0012060927004338624,300
7,5,5,2.5,0.58,Sstar,1.384899953163219,0.0011918301905969588,300
7,5,5,2.5,0.585,Sstar,1.3847155085031198,0.0011769017104380347,300
7,5,5,2.5,0.59,Sstar,1.384453916723583,0.0011713528671409082,300
7,5,5,2.5,0.595,Sstar,1.3843102149894408,0.00115811473554287,300
7,5,5,2.5,0.6,Sstar,1.38402383842467,0.0011433830224237154,300
7,6,6,0.8,0.0,M_sum,6.077228017642746,0.008451836451479388,300
7,6,6,0.8,0.005,M_sum,6.075885009440596,0.00850364294246584,300
7,6,6,0.8,0.01,M_sum,6.074812746030861,0.008468827148084447,300
7,6,6,0.8,0.015,M_sum,6.073835243947532,0.008497341449448187,300
7,6,6,0.8,0.02,M_sum,6.071735355022726,0.008556809377264314,300
7,6,6,0.8,0.025,M_sum,6.069738404835181,0.00857569085036874,300
7,6,6,0.8,0.03,M_sum,6.066080826370805,0.008647464994225643,300
7,6,6,0.8,0.035,M_sum,6.0640136966934275,0.008584947976307097,300
7,6,6,0.8,0.04,M_sum,6.060172037077941,0.00859956173774697,300
7,6,6,0.8,0.045,M_sum,6.058104127748032,0.008605500979780408,300
7,6,6,0.8,0.05,M_sum,6.055460300818674,0.008612798708828587,300
7,6,6,0.8,0.055,M_sum,6.051530268271583,0.008594175624756683,300
7,6,6,0.8,0.06,M_sum,6.046016506492326,0.008594599186753149,300
7,6,6,0.8,0.065,M_sum,6.038606635020288,0.00849388126424672,300
7,6,6,0.8,0.07,M_sum,6.033603941269169,0.008493633569687489,300
7,6,6,0.8,0.075,M_sum,6.027153947591984,0.00842163143869127,300
7,6,6,0.8,0.08,M_sum,6.020657954961908,0.008346008951725924,300
7,6,6,0.8,0.085,M_sum,6.014495396807072,0.00835000543937435,300
7,6,6,0.8,0.09,M_sum,6.007094887473591,0.008298685788762484,300
7,6,6,0.8,0.095,M_sum,5.999564980491065,0.008278611000846038,300
7,6,6,0.8,0.1,M_sum,5.990635301429052,0.008212352327761453,300
7,6,6,0.8,0.105,M_sum,5.982420977685334,0.008166706572908137,300
7,6,6,0.8,0.11,M_sum,5.974952105108544,0.00814271917676094,300
7,6,6,0.8,0.115,M_sum,5.965846170755341,0.00812784248864666,300
7,6,6,0.8,0.12,M_sum,5.957059781741637,0.008096289509400929,300
7,6,6,0.8,0.125,M_sum,5.9492045871687,0.008088079931035295,300
7,6,6,0.8,0.13,M_sum,5.940351117434357,0.008055503460019318,300
7,6,6,0.8,0.135,M_sum,5.930880784198675,0.007975999642529628,300
7,6,6,0.8,0.14,M_sum,5.921264112568826,0.007952523721529235,300
7,6,6,0.8,0.145,M_sum,5.912098979875341,0.007892234103531248,300
7,6,6,0.8,0.15,M_sum,5.902219350224388,0.007861810721594231,300
7,6,6,0.8,0.155,M_sum,5.892753346096218,0.007895253113808814,300
7,6,6,0.8,0.16,M_sum,5.882244892516307,0.007845996240323906,300
7,6,6,0.8,0.165,M_sum,5.872267217346314,0.007790442687730421,300
7,6,6,0.8,0.17,M_sum,5.861717206240164,0.007754252950875383,300
7,6,6,0.8,0.17500000000000002,M_sum,5.851537241913422,0.007694163942670306,300
7,6,6,0.8,0.18,M_sum,5.841920840831508,0.007650717501048898,300
7,6,6,0.8,0.185,M_sum,5.8324368854702096,0.007615350022657104,300
7,6,6,0.8,0.19,M_sum,5.822358981401649,0.007550577005754657,300
7,6,6,0.8,0.195,M_sum,5.8126253028214805,0.007486509581982818,300
7,6,6,0.8,0.2,M_sum,5.802611213329235,0.0074194489111313365,300
7,6,6,0.8,0.20500000000000002,M_sum,5.792751767074572,0.007396986115441735,300
7,6,6,0.8,0.21,M_sum,5.782901074534662,0.007354929672377695,300
7,6,6,0.8,0.215,M_sum,5.773437986021677,0.007375059754385426,300
7,6,6,0.8,0.22,M_sum,5.764176366106496,0.0073277169472153545,300
7,6,6,0.8,0.225,M_sum,5.753903280199436,0.007271681639578251,300
7,6,6,0.8,0.23,M_sum,5.744774063499433,0.007211687880482348,300
7,6,6,0.8,0.23500000000000001,M_sum,5.7352956702639295,0.007212821616572801,300
7,6,6,0.8,0.24,M_sum,5.724875993078055,0.00716181115958085,300
7,6,6,0.8,0.245,M_sum,5.71474682297434,0.007067455783055317,300
7,6,6,0.8,0.25,M_sum,5.704475258504649,0.007034798639542223,300
7,6,6,0.8,0.255,M_sum,5.69428782593986,0.006971865207174276,300
7,6,6,0.8,0.26,M_sum,5.684655160980911,0.006907992284588003,300
7,6,6,0.8,0.265,M_sum,5.6752290626781585,0.006868542906070293,300
7,6,6,0.8,0.27,M_sum,5.6653505325509625,0.006814815012802787,300
7,6,6,0.8,0.275,M_sum,5.65641264187363,0.006809623792103704,300
7,6,6,0.8,0.28,M_sum,5.646471424214025,0.0067627620193657255,300
7,6,6,0.8,0.28500000000000003,M_sum,5.637425061178417,0.006751270710355674,300
7,6,6,0.8,0.29,M_sum,5.62814880286264,0.006688263253571854,300
7,6,6,0.8,0.295,M_sum,5.618708745891763,0.006651942293895092,300
7,6,6,0.8,0.3,M_sum,5.609093669848246,0.00657573652148568,300
7,6,6,0.8,0.305,M_sum,5.599307623557958,0.006531989401117773,300
7,6,6,0.8,0.31,M_sum,5.5899373211351975,0.0065167891740662565,300
7,6,6,0.8,0.315,M_sum,5.579595424111168,0.006486008174071029,300
7,6,6,0.8,0.32,M_sum,5.57034680954728,0.006435186022321058,300
7,6,6,0.8,0.325,M_sum,5.560409623299891,0.006404925623965341,300
7,6,6,0.8,0.33,M_sum,5.550937920568582,0.006371286291902242,300
7,6,6,0.8,0.335,M_sum,5.540911988386677,0.0063084953776048735,300
7,6,6,0.8,0.34,M_sum,5.530928050823809,0.006248689624116574,300
7,6,6,0.8,0.34500000000000003,M_sum,5.520643401166061,0.006191536340062377,300
7,6,6,0.8,0.35000000000000003,M_sum,5.5100002176202265,0.006126187345889324,300
7,6,6,0.8,0.355,M_sum,5.500516790457456,0.006056854369827005,300
7,6,6,0.8,0.36,M_sum,5.490459092272332,0.006050377535151495,300
7,6,6,0.8,0.365,M_sum,5.480071736259438,0.005992458765485042,300
7,6,6,0.8,0.37,M_sum,5.470470805304527,0.005954070726794821,300
7,6,6,0.8,0.375,M_sum,5.4606883524758,0.0058869478485942,300
7,6,6,0.8,0.38,M_sum,5.45076225297139,0.005834953536135472,300
7,6,6,0.8,0.385,M_sum,5.440851561361678,0.00575422989429796,300
7,6,6,0.8,0.39,M_sum,5.43120156067284,0.0057199084038911455,300
7,6,6,0.8,0.395,M_sum,5.42142586640211,0.005688191276303811,300
7,6,6,0.8,0.4,M_sum,5.411693662259417,0.005655686612511549,300
7,6,6,0.8,0.405,M_sum,5.401020146303783,0.005567155158098588,300
7,6,6,0.8,0.41000000000000003,M_sum,5.391172794865608,0.005517284915412606,300
7,6,6,0.8,0.41500000000000004,M_sum,5.380827625470107,0.005478257786661891,300
7,6,6,0.8,0.42,M_sum,5.3703218086516715,0.005452249798346112,300
7,6,6,0.8,0.425,M_sum,5.359707505600907,0.005435952690381028,300
7,6,6,0.8,0.43,M_sum,5.349612540217071,0.005402509051092006,300
7,6,6,0.8,0.435,M_sum,5.3391803200885075,0.00534699365404723,300
7,6,6,0.8,0.44,M_sum,5.32922556350378,0.005296219284654066,300
7,6,6,0.8,0.445,M_sum,5.318982631872563,0.005278169281888609,300
7,6,6,0.8,0.45,M_sum,5.308777102064289,0.005246873260791086,300
7,6,6,0.8,0.455,M_sum,5.298828478132585,0.00520177187284255,300
7,6,6,0.8,0.46,M_sum,5.288396871372423,0.005173848382149631,300
7,6,6,0.8,0.465,M_sum,5.277656251826603,0.005116870667052534,300
7,6,6,0.8,0.47000000000000003,M_sum,5.267776269327312,0.005079562071282586,300
7,6,6,0.8,0.47500000000000003,M_sum,5.257555145021757,0.005065335092482121,300
7,6,6,0.8,0.48,M_sum,5.247147805695173,0.005045244392615863,300
7,6,6,0.8,0.485,M_sum,5.236941185754354,0.0050129216864317145,300
7,6,6,0.8,0.49,M_sum,5.226760094428664,0.004981156569188352,300
7,6,6,0.8,0.495,M_sum,5.21609612918313,0.0049589058820850565,300
7,6,6,0.8,0.5,M_sum,5.206097221579819,0.004930463084617896,300
7,6,6,0.8,0.505,M_sum,5.195842389405597,0.0049059981291390544,300
7,6,6,0.8,0.51,M_sum,5.185459642921882,0.004888975209659263,300
7,6,6,0.8,0.515,M_sum,5.175466479838738,0.004876677361798158,300
7,6,6,0.8,0.52,M_sum,5.1649236786778285,0.004871013038594332,300
7,6,6,0.8,0.525,M_sum,5.154802143917889,0.004868649776791262,300
7,6,6,0.8,0.53,M_sum,5.14432905878101,0.004834595571167357,300
7,6,6,0.8,0.535,M_sum,5.13409607132161,0.004824004781741888,300
7,6,6,0.8,0.54,M_sum,5.123889979510659,0.004800463143350028,300
7,6,6,0.8,0.545,M_sum,5.114010695177267,0.004757420988593458,300
7,6,6,0.8,0.55,M_sum,5.103711915642048,0.004722106396726422,300
7,6,6,0.8,0.555,M_sum,5.0934702206035,0.004696699663405815,300
7,6,6,0.8,0.56,M_sum,5.0830848206515915,0.0046733031131392455,300
7,6,6,0.8,0.5650000000000001,M_sum,5.072931727539098,0.004650300160177632,300
7,6,6,0.8,0.5700000000000001,M_sum,5.062647771898094,0.00462867388652107,300
7,6,6,0.8,0.5750000000000001,M_sum,5.052693489552375,0.004599314620067899,300
7,6,6,0.8,0.58,M_sum,5.042106282471684,0.004592546177502456,300
7,6,6,0.8,0.585,M_sum,5.031911358089895,0.004571846078222055,300
7,6,6,0.8,0.59,M_sum,5.021976059511784,0.004561509463089687,300
7,6,6,0.8,0.595,M_sum,5.01149120717196,0.004554439849602579,300
7,6,6,0.8,0.6,M_sum,5.001214853460957,0.004543608133278967,300
7,6,6,0.8,0.0,S2_sum,4.265717845206774,0.00460357904752626,300
7,6,6,0.8,0.005,S2_sum,4.26478657022018,0.004651981519507722,300
7,6,6,0.8,0.01,S2_sum,4.264085931671517,0.004635118512718361,300
7,6,6,0.8,0.015,S2_sum,4.263476016808995,0.004658072368242647,300
7,6,6,0.8,0.02,S2_sum,4.262098400139987,0.004705846562740684,300
7,6,6,0.8,0.025,S2_sum,4.26081102640868,0.0047282267290140656,300
7,6,6,0.8,0.03,S2_sum,4.258401530606463,0.004781009762919603,300
7,6,6,0.8,0.035,S2_sum,4.257139295244055,0.0047442524818941244,300
7,6,6,0.8,0.04,S2_sum,4.25464489550385,0.004757056367346734,300
7,6,6,0.8,0.045,S2_sum,4.253426135025516,0.004766261035661727,300
7,6,6,0.8,0.05,S2_sum,4.251844938161755,0.004780240504921975,300
7,6,6,0.8,0.055,S2_sum,4.249375486760189,0.004777443200264755,300
7,6,6,0.8,0.06,S2_sum,4.245816680190402,0.004797497020709603,300
7,6,6,0.8,0.065,S2_sum,4.240957782978122,0.0047372435782010855,300
7,6,6,0.8,0.07,S2_sum,4.237818458398073,0.004757429483276682,300
7,6,6,0.8,0.075,S2_sum,4.233680890376895,0.004714423923443786,300
7,6,6,0.8,0.08,S2_sum,4.229540126018239,0.004664544026395552,300
7,6,6,0.8,0.085,S2_sum,4.225659556216126,0.0046736323675863655,300
7,6,6,0.8,0.09,S2_sum,4.22093364906431,0.004646603246770537,300
7,6,6,0.8,0.095,S2_sum,4.216141247539657,0.004644743517652334,300
7,6,6,0.8,0.1,S2_sum,4.210391900888707,0.004615383715372613,300
7,6,6,0.8,0.105,S2_sum,4.205170597917058,0.0045983827582574644,300
7,6,6,0.8,0.11,S2_sum,4.200492292667901,0.0045883383234824075,300
7,6,6,0.8,0.115,S2_sum,4.194697743963114,0.004590281565566648,300
7,6,6,0.8,0.12,S2_sum,4.189167845311708,0.004579963792887719,300
7,6,6,0.8,0.125,S2_sum,4.184296513719521,0.004580695847840016,300
7,6,6,0.8,0.13,S2_sum,4.17874410001586,0.004569868114876055,300
7,6,6,0.8,0.135,S2_sum,4.172790185358712,0.0045170650475865005,300
7,6,6,0.8,0.14,S2_sum,4.1667468192809265,0.004517399764674203,300
7,6,6,0.8,0.145,S2_sum,4.161060776302642,0.004480324354017574,300
7,6,6,0.8,0.15,S2_sum,4.154886710115782,0.00446847864909395,300
7,6,6,0.8,0.155,S2_sum,4.149003205598073,0.004498493717112928,300
7,6,6,0.8,0.16,S2_sum,4.1424372247046835,0.004468485404596237,300
7,6,6,0.8,0.165,S2_sum,4.136271048033846,0.004440264038242571,300
7,6,6,0.8,0.17,S2_sum,4.129706478534803,0.004415408609819416,300
7,6,6,0.8,0.17500000000000002,S2_sum,4.1234194111278875,0.00438104122111209,300
7,6,6,0.8,0.18,S2_sum,4.117549338078399,0.0043604517944572,300
7,6,6,0.8,0.185,S2_sum,4.111801913340837,0.004344167152324167,300
7,6,6,0.8,0.19,S2_sum,4.105652980063243,0.004297062989163238,300
7,6,6,0.8,0.195,S2_sum,4.099762238776109,0.004256480836781765,300
7,6,6,0.8,0.2,S2_sum,4.093703587303491,0.004220030884342138,300
7,6,6,0.8,0.20500000000000002,S2_sum,4.0877641511956835,0.004204474729111241,300
7,6,6,0.8,0.21,S2_sum,4.0818534372876485,0.0041808533498137,300
7,6,6,0.8,0.215,S2_sum,4.076219255163605,0.004201624723104142,300
7,6,6,0.8,0.22,S2_sum,4.070764393417689,0.004170358429918663,300
7,6,6,0.8,0.225,S2_sum,4.064603785813489,0.004134631427834451,300
7,6,6,0.8,0.23,S2_sum,4.059266598429525,0.004092710850040531,300
7,6,6,0.8,0.23500000000000001,S2_sum,4.053684936020071,0.004095274831407049,300
7,6,6,0.8,0.24,S2_sum,4.047466467883318,0.004055820152120254,300
7,6,6,0.8,0.245,S2_sum,4.041471482085185,0.003998640268557143,300
7,6,6,0.8,0.25,S2_sum,4.035383783950843,0.003978370228056397,300
7,6,6,0.8,0.255,S2_sum,4.0293812370918864,0.0039383506081645935,300
7,6,6,0.8,0.26,S2_sum,4.023782640915329,0.003898105491108213,300
7,6,6,0.8,0.265,S2_sum,4.0183215746289855,0.0038737764934548688,300
7,6,6,0.8,0.27,S2_sum,4.01256966738431,0.0038391356793812054,300
7,6,6,0.8,0.275,S2_sum,4.007492617508724,0.0038376337859887676,300
7,6,6,0.8,0.28,S2_sum,4.001722440110104,0.0038039545151474174,300
7,6,6,0.8,0.28500000000000003,S2_sum,3.9966007840527626,0.003797683590676924,300
7,6,6,0.8,0.29,S2_sum,3.991331771202341,0.0037573074567037595,300
7,6,6,0.8,0.295,S2_sum,3.9859448037102627,0.0037341507045911457,300
7,6,6,0.8,0.3,S2_sum,3.9804559622782207,0.0036846274878192748,300
7,6,6,0.8,0.305,S2_sum,3.9748527535884257,0.0036558786390054293,300
7,6,6,0.8,0.31,S2_sum,3.9695557994558475,0.0036505360517288116,300
7,6,6,0.8,0.315,S2_sum,3.9635614675961857,0.0036332043793363463,300
7,6,6,0.8,0.32,S2_sum,3.9583594413811185,0.0036031838827203524,300
7,6,6,0.8,0.325,S2_sum,3.952678174629951,0.00358376195236512,300
7,6,6,0.8,0.33,S2_sum,3.9473232865250414,0.003561185884545725,300
7,6,6,0.8,0.335,S2_sum,3.941595382765287,0.0035165679111437338,300
7,6,6,0.8,0.34,S2_sum,3.935904744137625,0.0034762739188370223,300
7,6,6,0.8,0.34500000000000003,S2_sum,3.9300058589865587,0.0034382069065213286,300
7,6,6,0.8,0.35000000000000003,S2_sum,3.923854804414949,0.003394795124379567,300
7,6,6,0.8,0.355,S2_sum,3.918540489770576,0.00334838066878813,300
7,6,6,0.8,0.36,S2_sum,3.9128236108043697,0.0033475521170329443,300
7,6,6,0.8,0.365,S2_sum,3.9068680862509577,0.003307479410776041,300
7,6,6,0.8,0.37,S2_sum,3.9014831627125885,0.003287883410797532,300
7,6,6,0.8,0.375,S2_sum,3.895971175142898,0.003242526369176875,300
7,6,6,0.8,0.38,S2_sum,3.890364024630503,0.0032113117927839263,300
7,6,6,0.8,0.385,S2_sum,3.8847757160090812,0.003155701823255778,300
7,6,6,0.8,0.39,S2_sum,3.8793676189297313,0.00313496244200207,300
7,6,6,0.8,0.395,S2_sum,3.8738725555826945,0.0031157428397779914,300
7,6,6,0.8,0.4,S2_sum,3.8684217318273446,0.0030966237244313935,300
7,6,6,0.8,0.405,S2_sum,3.862302256212726,0.0030385071111720457,300
7,6,6,0.8,0.41000000000000003,S2_sum,3.8567740206068084,0.0030093221642986403,300
7,6,6,0.8,0.41500000000000004,S2_sum,3.850882173541657,0.002988147170520702,300
7,6,6,0.8,0.42,S2_sum,3.8449031983201665,0.0029742947067352005,300
7,6,6,0.8,0.425,S2_sum,3.838816235650016,0.0029646817967442104,300
7,6,6,0.8,0.43,S2_sum,3.8331041562880714,0.002947264330086355,300
7,6,6,0.8,0.435,S2_sum,3.8271531907505505,0.0029130510353097077,300
7,6,6,0.8,0.44,S2_sum,3.8215547902683626,0.0028832855061905363,300
7,6,6,0.8,0.445,S2_sum,3.8157504689961206,0.002875274134570067,300
7,6,6,0.8,0.45,S2_sum,3.809957017023525,0.002852657451089551,300
7,6,6,0.8,0.455,S2_sum,3.8043517509957305,0.00282386565105041,300
7,6,6,0.8,0.46,S2_sum,3.7983906208630804,0.0028097472443219,300
7,6,6,0.8,0.465,S2_sum,3.7922205649596936,0.002772997433825605,300
7,6,6,0.8,0.47000000000000003,S2_sum,3.786677426999273,0.002749537077118476,300
7,6,6,0.8,0.47500000000000003,S2_sum,3.7808791523446983,0.0027469305542200105,300
7,6,6,0.8,0.48,S2_sum,3.77494521400606,0.0027381521353208415,300
7,6,6,0.8,0.485,S2_sum,3.7691515875643473,0.0027194374380217776,300
7,6,6,0.8,0.49,S2_sum,3.763383305672891,0.0027035239010421296,300
7,6,6,0.8,0.495,S2_sum,3.7572606603542287,0.0026900505753498748,300
7,6,6,0.8,0.5,S2_sum,3.7516179260256974,0.0026753327842624114,300
7,6,6,0.8,0.505,S2_sum,3.745788445012989,0.0026620472086848505,300
7,6,6,0.8,0.51,S2_sum,3.739864284533925,0.002653651624500943,300
7,6,6,0.8,0.515,S2_sum,3.7341929210421942,0.0026473688531506653,300
7,6,6,0.8,0.52,S2_sum,3.7281465705253845,0.002649815977311378,300
7,6,6,0.8,0.525,S2_sum,3.722394515431613,0.0026539848918032617,300
7,6,6,0.8,0.53,S2_sum,3.7163891487624716,0.002633434759583261,300
7,6,6,0.8,0.535,S2_sum,3.7105531338356728,0.002630604207143834,300
7,6,6,0.8,0.54,S2_sum,3.7047246625526955,0.002615813453451953,300
7,6,6,0.8,0.545,S2_sum,3.6991528519568244,0.002588714812625442,300
7,6,6,0.8,0.55,S2_sum,3.6932713516149103,0.0025669358328792276,300
7,6,6,0.8,0.555,S2_sum,3.6873997700858188,0.0025535173154665283,300
7,6,6,0.8,0.56,S2_sum,3.681438254500559,0.002541468474890541,300
7,6,6,0.8,0.5650000000000001,S2_sum,3.6756445079154454,0.0025301075943399763,300
7,6,6,0.8,0.5700000000000001,S2_sum,3.6697516169372677,0.0025197638953770255,300
7,6,6,0.8,0.5750000000000001,S2_sum,3.6640877307561044,0.002503574295328033,300
7,6,6,0.8,0.58,S2_sum,3.657946222512819,0.0025015758884270266,300
7,6,6,0.8,0.585,S2_sum,3.652090207886316,0.0024893920167496737,300
7,6,6,0.8,0.59,S2_sum,3.6464083794651247,0.00248569595305992,300
7,6,6,0.8,0.595,S2_sum,3.6403372894785306,0.002484922238268918,300
7,6,6,0.8,0.6,S2_sum,3.6344021581485344,0.0024807001757871077,300
7,6,6,0.8,0.0,Sstar,1.5197298837394706,0.0005860061297407701,300
7,6,6,0.8,0.005,Sstar,1.519663836189375,0.0005943887186676401,300
7,6,6,0.8,0.01,Sstar,1.5194926795917554,0.0005954166000765262,300
7,6,6,0.8,0.015,Sstar,1.5194314845774652,0.0005928546769076161,300
7,6,6,0.8,0.02,Sstar,1.5191823618584501,0.0005961691087702278,300
7,6,6,0.8,0.025,Sstar,1.5189846534398133,0.0005994416334554693,300
7,6,6,0.8,0.03,Sstar,1.5186194500394186,0.0006027485341554891,300
7,6,6,0.8,0.035,Sstar,1.518426127975509,0.0005964871617526246,300
7,6,6,0.8,0.04,Sstar,1.5180395727376852,0.0005974446265728382,300
7,6,6,0.8,0.045,Sstar,1.5178411150388864,0.0005960244824511548,300
7,6,6,0.8,0.05,Sstar,1.5176087351722207,0.0005999762824076085,300
7,6,6,0.8,0.055,Sstar,1.5172356538855296,0.0006004632398360259,300
7,6,6,0.8,0.06,Sstar,1.5167090215698054,0.0006039598186292146,300
7,6,6,0.8,0.065,Sstar,1.5159651993575376,0.0005927328405325693,300
7,6,6,0.8,0.07,Sstar,1.5155223568073686,0.0005958859850448447,300
7,6,6,0.8,0.075,Sstar,1.5149245806841334,0.0005836259201345712,300
7,6,6,0.8,0.08,Sstar,1.5143558702147502,0.0005712725040841087,300
7,6,6,0.8,0.085,Sstar,1.513844228356094,0.0005680788562648173,300
7,6,6,0.8,0.09,Sstar,1.5131760186282273,0.0005630594256489043,300
7,6,6,0.8,0.095,Sstar,1.512519712914904,0.0005557794686729502,300
7,6,6,0.8,0.1,Sstar,1.5118030055854073,0.0005479259335553707,300
7,6,6,0.8,0.105,Sstar,1.5111305692451389,0.0005437296020453699,300
7,6,6,0.8,0.11,Sstar,1.5105906489676884,0.0005374640919626704,300
7,6,6,0.8,0.115,Sstar,1.5098776221713057,0.0005346567462473968,300
7,6,6,0.8,0.12,Sstar,1.5092147302850136,0.0005282436317676108,300
7,6,6,0.8,0.125,Sstar,1.5086521488023117,0.0005191381205428567,300
7,6,6,0.8,0.13,Sstar,1.5080317449462053,0.0005156235440066057,300
7,6,6,0.8,0.135,Sstar,1.5072924004942088,0.0005081337641118393,300
7,6,6,0.8,0.14,Sstar,1.506587212829607,0.0005069434902423487,300
7,6,6,0.8,0.145,Sstar,1.5059772539504228,0.0004964705457726784,300
7,6,6,0.8,0.15,Sstar,1.5052506976720628,0.0004952240270719871,300
7,6,6,0.8,0.155,Sstar,1.5045931666627737,0.0004922378036249565,300
7,6,6,0.8,0.16,Sstar,1.5038138609430183,0.00048720450437130365,300
7,6,6,0.8,0.165,Sstar,1.5031580132007443,0.000484403769397584,300
7,6,6,0.8,0.17,Sstar,1.5023960366769837,0.00047782585237643807,300
7,6,6,0.8,0.17500000000000002,Sstar,1.5017413196711407,0.0004707891228246336,300
7,6,6,0.8,0.18,Sstar,1.5011009080706845,0.0004644429021450274,300
7,6,6,0.8,0.185,Sstar,1.5005072823427894,0.00046249970586264216,300
7,6,6,0.8,0.19,Sstar,1.4997982117246245,0.0004536920913597846,300
7,6,6,0.8,0.195,Sstar,1.4991968326195646,0.0004455908106968087,300
7,6,6,0.8,0.2,Sstar,1.4985901339764012,0.00044449726499564747,300
7,6,6,0.8,0.20500000000000002,Sstar,1.4979406289638886,0.00044397784136786304,300
7,6,6,0.8,0.21,Sstar,1.497297954016399,0.0004383331619847578,300
7,6,6,0.8,0.215,Sstar,1.4967713501688729,0.0004377047979055311,300
7,6,6,0.8,0.22,Sstar,1.4962471004145947,0.000433139733612361,300
7,6,6,0.8,0.225,Sstar,1.4956157898659528,0.0004277441352743184,300
7,6,6,0.8,0.23,Sstar,1.4951332336556573,0.0004204414218919559,300
7,6,6,0.8,0.23500000000000001,Sstar,1.4945824063174342,0.000416942525471656,300
7,6,6,0.8,0.24,Sstar,1.4939561443828835,0.00040651207224075297,300
7,6,6,0.8,0.245,Sstar,1.4933553433826716,0.00039911575370667033,300
7,6,6,0.8,0.25,Sstar,1.4927814389853564,0.0003962870914447193,300
7,6,6,0.8,0.255,Sstar,1.4921785201958429,0.0003892185876273435,300
7,6,6,0.8,0.26,Sstar,1.491631710460105,0.0003836146144691918,300
7,6,6,0.8,0.265,Sstar,1.4911029416191095,0.0003791376463999117,300
7,6,6,0.8,0.27,Sstar,1.4905156557793715,0.00037649642985020435,300
7,6,6,0.8,0.275,Sstar,1.4900588824584406,0.00037832748434158585,300
7,6,6,0.8,0.28,Sstar,1.4895285059394037,0.0003757500405217117,300
7,6,6,0.8,0.28500000000000003,Sstar,1.4890865002440208,0.00037154396973841083,300
7,6,6,0.8,0.29,Sstar,1.4885820216836414,0.0003674499357147083,300
7,6,6,0.8,0.295,Sstar,1.4880604833796716,0.0003655745165524822,300
7,6,6,0.8,0.3,Sstar,1.4875313971999158,0.00036150566108914065,300
7,6,6,0.8,0.305,Sstar,1.486964391046551,0.0003583999207545324,300
7,6,6,0.8,0.31,Sstar,1.4864686959189113,0.000360173131990447,300
7,6,6,0.8,0.315,Sstar,1.4859154442447684,0.00036136676001824355,300
7,6,6,0.8,0.32,Sstar,1.4854426866749948,0.0003597040929863316,300
7,6,6,0.8,0.325,Sstar,1.4849034544039228,0.0003612172412259879,300
7,6,6,0.8,0.33,Sstar,1.4843755172161648,0.0003615849310520946,300
7,6,6,0.8,0.335,Sstar,1.4838484614568241,0.0003578054099916903,300
7,6,6,0.8,0.34,Sstar,1.483278699188161,0.00035373544145795904,300
7,6,6,0.8,0.34500000000000003,Sstar,1.4826670469497811,0.0003523163671707619,300
7,6,6,0.8,0.35000000000000003,Sstar,1.4820649471100318,0.0003485855720502615,300
7,6,6,0.8,0.355,Sstar,1.4815442209089202,0.00034831985131411126,300
7,6,6,0.8,0.36,Sstar,1.4809675465245107,0.00034864764414708886,300
7,6,6,0.8,0.365,Sstar,1.4803165481867666,0.00034643270377443823,300
7,6,6,0.8,0.37,Sstar,1.479788248563257,0.0003478270934997895,300
7,6,6,0.8,0.375,Sstar,1.4792728591965167,0.0003453420393469391,300
7,6,6,0.8,0.38,Sstar,1.4786660685584814,0.00034990561033108213,300
7,6,6,0.8,0.385,Sstar,1.4780889982482817,0.00034728131852758876,300
7,6,6,0.8,0.39,Sstar,1.4775348059964188,0.0003465068630097805,300
7,6,6,0.8,0.395,Sstar,1.4769541302872413,0.0003493013121928505,300
7,6,6,0.8,0.4,Sstar,1.4763638678245306,0.00034885884988287557,300
7,6,6,0.8,0.405,Sstar,1.4757454363880358,0.00034501605897246224,300
7,6,6,0.8,0.41000000000000003,Sstar,1.4751823773720585,0.0003446870656593071,300
7,6,6,0.8,0.41500000000000004,Sstar,1.4745114360902842,0.00034516847242635647,300
7,6,6,0.8,0.42,Sstar,1.4738819412220665,0.00034637234991271893,300
7,6,6,0.8,0.425,Sstar,1.4732427489838877,0.00034695147438153884,300
7,6,6,0.8,0.43,Sstar,1.4726045017349936,0.0003458518878874614,300
7,6,6,0.8,0.435,Sstar,1.4719751395214162,0.00034666303753577124,300
7,6,6,0.8,0.44,Sstar,1.4713668793395653,0.0003488013808272487,300
7,6,6,0.8,0.445,Sstar,1.4707396374871953,0.0003505356676036366,300
7,6,6,0.8,0.45,Sstar,1.4701026663153451,0.00035094543113484334,300
7,6,6,0.8,0.455,Sstar,1.4694699606723902,0.0003535906343821292,300
7,6,6,0.8,0.46,Sstar,1.4687850067693982,0.0003536537816874935,300
7,6,6,0.8,0.465,Sstar,1.46809411465584,0.0003575510744090314,300
7,6,6,0.8,0.47000000000000003,Sstar,1.4674778569591893,0.0003598944961617898,300
7,6,6,0.8,0.47500000000000003,Sstar,1.466809942482149,0.0003646929654197137,300
7,6,6,0.8,0.48,Sstar,1.4661290317222053,0.00036835221011083873,300
7,6,6,0.8,0.485,Sstar,1.4654750915779897,0.00037252993268793467,300
7,6,6,0.8,0.49,Sstar,1.464804395684422,0.00037434207480904167,300
7,6,6,0.8,0.495,Sstar,1.4640857337368829,0.00037810875730619095,300
7,6,6,0.8,0.5,Sstar,1.4633920862635852,0.0003806776498789568,300
7,6,6,0.8,0.505,Sstar,1.4626714132761003,0.0003867538376186608,300
7,6,6,0.8,0.51,Sstar,1.4619314477811185,0.00038915772606302893,300
7,6,6,0.8,0.515,Sstar,1.4612304335068973,0.00039513024657468726,300
7,6,6,0.8,0.52,Sstar,1.4605187499132726,0.00039742298714399657,300
7,6,6,0.8,0.525,Sstar,1.4598289084414997,0.0004014082359680002,300
7,6,6,0.8,0.53,Sstar,1.4590972297402096,0.0004030308238167302,300
7,6,6,0.8,0.535,Sstar,1.4583705853707651,0.0004047847665586457,300
7,6,6,0.8,0.54,Sstar,1.4576379841312812,0.000407530021642777,300
7,6,6,0.8,0.545,Sstar,1.456944838417198,0.00041267996343310044,300
7,6,6,0.8,0.55,Sstar,1.45617757787533,0.0004150307559406849,300
7,6,6,0.8,0.555,Sstar,1.455508144711745,0.0004169303522437882,300
7,6,6,0.8,0.56,Sstar,1.4547197774162792,0.0004211969569103589,300
7,6,6,0.8,0.5650000000000001,Sstar,1.4539773464993306,0.00042176072382430624,300
7,6,6,0.8,0.5700000000000001,Sstar,1.4532885572723422,0.0004224052909309714,300
7,6,6,0.8,0.5750000000000001,Sstar,1.4525897355574828,0.00042682526349053693,300
7,6,6,0.8,0.58,Sstar,1.4518389951192028,0.0004288001243483671,300
7,6,6,0.8,0.585,Sstar,1.4511521475475264,0.00043057750662111346,300
7,6,6,0.8,0.59,Sstar,1.4504490342035976,0.0004292279490797139,300
7,6,6,0.8,0.595,Sstar,1.4497163740658419,0.0004326006806605049,300
7,6,6,0.8,0.6,Sstar,1.4489664851002428,0.0004345780310623557,300
7,6,6,1.2,0.0,M_sum,5.798456656234611,0.014727874893951191,300
7,6,6,1.2,0.005,M_sum,5.7979694061290425,0.014762419066044252,300
7,6,6,1.2,0.01,M_sum,5.797594669548249,0.014789996113557314,300
7,6,6,1.2,0.015,M_sum,5.795850249010303,0.014700779056008018,300
7,6,6,1.2,0.02,M_sum,5.7951776746863874,0.014689978777504113,300
7,6,6,1.2,0.025,M_sum,5.793954520776221,0.014745842844905507,300
7,6,6,1.2,0.03,M_sum,5.792069927428046,0.014757265446724337,300
7,6,6,1.2,0.035,M_sum,5.79056476574648,0.014770412161267777,300
7,6,6,1.2,0.04,M_sum,5.788489014809843,0.014761288966290089,300
7,6,6,1.2,0.045,M_sum,5.785323015408986,0.014801719610520455,300
7,6,6,1.2,0.05,M_sum,5.78272049109452,0.01475034664717208,300
7,6,6,1.2,0.055,M_sum,5.781135690376782,0.014761778344145627,300
7,6,6,1.2,0.06,M_sum,5.777758048865865,0.01471910352442164,300
7,6,6,1.2,0.065,M_sum,5.776219240645397,0.01470695913410636,300
7,6,6,1.2,0.07,M_sum,5.773123204133955,0.014692272547985146,300
7,6,6,1.2,0.075,M_sum,5.770758261742956,0.014670255203815772,300
7,6,6,1.2,0.08,M_sum,5.7672882703982005,0.014634666881921386,300
7,6,6,1.2,0.085,M_sum,5.7641988372386965,0.014596685704925727,300
7,6,6,1.2,0.09,M_sum,5.758787626224354,0.01455585311472306,300
7,6,6,1.2,0.095,M_sum,5.752893990413397,0.014461103799133845,300
7,6,6,1.2,0.1,M_sum,5.747354236054132,0.014381541319525723,300
7,6,6,1.2,0.105,M_sum,5.743442497680815,0.014354884429077338,300
7,6,6,1.2,0.11,M_sum,5.7386976429793854,0.014280622169559288,300
7,6,6,1.2,0.115,M_sum,5.7332478307718215,0.014232076905004236,300
7,6,6,1.2,0.12,M_sum,5.727131005541157,0.01414595473424494,300
7,6,6,1.2,0.125,M_sum,5.722023886404005,0.014141659794687069,300
7,6,6,1.2,0.13,M_sum,5.716164067743229,0.014058731822993706,300
7,6,6,1.2,0.135,M_sum,5.709731054414757,0.014007729995385637,300
7,6,6,1.2,0.14,M_sum,5.703642621609281,0.013962721034407141,300
7,6,6,1.2,0.145,M_sum,5.696655030074786,0.013900073609686843,300
7,6,6,1.2,0.15,M_sum,5.689109847718176,0.01380562501747413,300
7,6,6,1.2,0.155,M_sum,5.682257042619304,0.013719556341039276,300
7,6,6,1.2,0.16,M_sum,5.676479227978935,0.013685295054115101,300
7,6,6,1.2,0.165,M_sum,5.668762679440511,0.01362544208558908,300
7,6,6,1.2,0.17,M_sum,5.661099812764809,0.013602765027263318,300
7,6,6,1.2,0.17500000000000002,M_sum,5.653267444976029,0.01351648692729172,300
7,6,6,1.2,0.18,M_sum,5.645749047725046,0.013459715170659295,300
7,6,6,1.2,0.185,M_sum,5.638381434941954,0.013414769793084742,300
7,6,6,1.2,0.19,M_sum,5.63172223979629,0.013367337520504296,300
7,6,6,1.2,0.195,M_sum,5.62355903487958,0.013311085931861883,300
7,6,6,1.2,0.2,M_sum,5.615690972211179,0.013222354284514914,300
7,6,6,1.2,0.20500000000000002,M_sum,5.607021067411799,0.013189219475881796,300
7,6,6,1.2,0.21,M_sum,5.5986867693753695,0.013096226980479485,300
7,6,6,1.2,0.215,M_sum,5.59035058865083,0.01302140077398271,300
7,6,6,1.2,0.22,M_sum,5.582144944984149,0.012959198083873674,300
7,6,6,1.2,0.225,M_sum,5.573387953652283,0.012902894271833745,300
7,6,6,1.2,0.23,M_sum,5.565253653639645,0.012894800370249794,300
7,6,6,1.2,0.23500000000000001,M_sum,5.556428983054931,0.012830102485178501,300
7,6,6,1.2,0.24,M_sum,5.546948469433617,0.01277506640139303,300
7,6,6,1.2,0.245,M_sum,5.537559728737751,0.012709729737467909,300
7,6,6,1.2,0.25,M_sum,5.52931830343364,0.012637217999266233,300
7,6,6,1.2,0.255,M_sum,5.5195487717029135,0.012581013595623813,300
7,6,6,1.2,0.26,M_sum,5.510368220138851,0.012522615002137404,300
7,6,6,1.2,0.265,M_sum,5.501794368166623,0.0124134422956962,300
7,6,6,1.2,0.27,M_sum,5.492636817141812,0.01236378061580669,300
7,6,6,1.2,0.275,M_sum,5.4836685149915505,0.012328251786719329,300
7,6,6,1.2,0.28,M_sum,5.474867856015378,0.012255621611267593,300
7,6,6,1.2,0.28500000000000003,M_sum,5.465590465360176,0.01217312617695342,300
7,6,6,1.2,0.29,M_sum,5.45578363579698,0.01210607357892403,300
7,6,6,1.2,0.295,M_sum,5.447419819840842,0.012029546565278739,300
7,6,6,1.2,0.3,M_sum,5.438089384242473,0.011939704440770272,300
7,6,6,1.2,0.305,M_sum,5.428969793168552,0.01188063393761708,300
7,6,6,1.2,0.31,M_sum,5.419558377306234,0.011835227793677114,300
7,6,6,1.2,0.315,M_sum,5.410401121536629,0.011783164452826223,300
7,6,6,1.2,0.32,M_sum,5.401181730619275,0.011743737426795688,300
7,6,6,1.2,0.325,M_sum,5.392401615332026,0.011722355455110882,300
7,6,6,1.2,0.33,M_sum,5.383444994581859,0.01165963405934922,300
7,6,6,1.2,0.335,M_sum,5.374151544104889,0.011603159223139977,300
7,6,6,1.2,0.34,M_sum,5.364880553355127,0.01154443080140666,300
7,6,6,1.2,0.34500000000000003,M_sum,5.3556398593865655,0.011462220097295741,300
7,6,6,1.2,0.35000000000000003,M_sum,5.346382507611572,0.011421998742012144,300
7,6,6,1.2,0.355,M_sum,5.337183176020707,0.011395401974354378,300
7,6,6,1.2,0.36,M_sum,5.327276733348589,0.011334497841228567,300
7,6,6,1.2,0.365,M_sum,5.317639650459918,0.011249030519171482,300
7,6,6,1.2,0.37,M_sum,5.307906612718492,0.01116472336219195,300
7,6,6,1.2,0.375,M_sum,5.298238613019497,0.011115355392404607,300
7,6,6,1.2,0.38,M_sum,5.2885892854256795,0.011032309490613007,300
7,6,6,1.2,0.385,M_sum,5.279087269299871,0.010958675457111999,300
7,6,6,1.2,0.39,M_sum,5.269583841102823,0.010901928608891975,300
7,6,6,1.2,0.395,M_sum,5.26062590916196,0.010831943786317912,300
7,6,6,1.2,0.4,M_sum,5.250889122844761,0.010786991821024376,300
7,6,6,1.2,0.405,M_sum,5.2414354118002615,0.010725906107829856,300
7,6,6,1.2,0.41000000000000003,M_sum,5.232846809670142,0.0107139908117633,300
7,6,6,1.2,0.41500000000000004,M_sum,5.22335808722548,0.010636514663060561,300
7,6,6,1.2,0.42,M_sum,5.213539570325393,0.01059783279775911,300
7,6,6,1.2,0.425,M_sum,5.204521636888754,0.010567509775179215,300
7,6,6,1.2,0.43,M_sum,5.195325783739812,0.010487027583057288,300
7,6,6,1.2,0.435,M_sum,5.1860420905017115,0.010439769818050917,300
7,6,6,1.2,0.44,M_sum,5.176621065999445,0.010380592696939688,300
7,6,6,1.2,0.445,M_sum,5.167670036333899,0.010324913948546158,300
7,6,6,1.2,0.45,M_sum,5.157883422488896,0.010255066658437808,300
7,6,6,1.2,0.455,M_sum,5.1482198830039065,0.010209851399613893,300
7,6,6,1.2,0.46,M_sum,5.139040608126964,0.010163270925736684,300
7,6,6,1.2,0.465,M_sum,5.129585817965843,0.010112500719740727,300
7,6,6,1.2,0.47000000000000003,M_sum,5.119773415779204,0.01007839044581189,300
7,6,6,1.2,0.47500000000000003,M_sum,5.110126195867577,0.010002095697960395,300
7,6,6,1.2,0.48,M_sum,5.100994266989617,0.009941314213364463,300
7,6,6,1.2,0.485,M_sum,5.091328009375422,0.009875126558060542,300
7,6,6,1.2,0.49,M_sum,5.082142040028257,0.00984156573243646,300
7,6,6,1.2,0.495,M_sum,5.072611743687364,0.009805716342460368,300
7,6,6,1.2,0.5,M_sum,5.062963335446509,0.009732020546095843,300
7,6,6,1.2,0.505,M_sum,5.05334319603989,0.009680409922656662,300
7,6,6,1.2,0.51,M_sum,5.043647356649465,0.009624314562134842,300
7,6,6,1.2,0.515,M_sum,5.033852411617445,0.009564429078883713,300
7,6,6,1.2,0.52,M_sum,5.024032868079135,0.00948978559122519,300
7,6,6,1.2,0.525,M_sum,5.013913306839293,0.009436404774783767,300
7,6,6,1.2,0.53,M_sum,5.004625582745455,0.009372300739178137,300
7,6,6,1.2,0.535,M_sum,4.995082222878899,0.00931675619721851,300
7,6,6,1.2,0.54,M_sum,4.985489655356579,0.009288139772804984,300
7,6,6,1.2,0.545,M_sum,4.975564770494596,0.009218046843569357,300
7,6,6,1.2,0.55,M_sum,4.965993458689904,0.009167025200100274,300
7,6,6,1.2,0.555,M_sum,4.956801378308855,0.009124413993899733,300
7,6,6,1.2,0.56,M_sum,4.947329817407947,0.009065525664181957,300
7,6,6,1.2,0.5650000000000001,M_sum,4.938203153838141,0.008991114330866952,300
7,6,6,1.2,0.5700000000000001,M_sum,4.92843039096253,0.008944314454063235,300
7,6,6,1.2,0.5750000000000001,M_sum,4.919043059710454,0.008889163585336061,300
7,6,6,1.2,0.58,M_sum,4.909344636012457,0.00882204868443795,300
7,6,6,1.2,0.585,M_sum,4.900290283566761,0.008775107373981595,300
7,6,6,1.2,0.59,M_sum,4.891200607447106,0.008719343157852211,300
7,6,6,1.2,0.595,M_sum,4.881430002848363,0.008683932758065024,300
7,6,6,1.2,0.6,M_sum,4.872327120986729,0.008645925531092022,300
7,6,6,1.2,0.0,S2_sum,4.117185363114822,0.00792968868058155,300
7,6,6,1.2,0.005,S2_sum,4.116842306628795,0.007960530608235867,300
7,6,6,1.2,0.01,S2_sum,4.116613833107387,0.00798182566969423,300
7,6,6,1.2,0.015,S2_sum,4.115446742510641,0.007922793809481165,300
7,6,6,1.2,0.02,S2_sum,4.115059351079471,0.007917795110153458,300
7,6,6,1.2,0.025,S2_sum,4.114288067850777,0.007957641970045018,300
7,6,6,1.2,0.03,S2_sum,4.113074751773081,0.007972035688950841,300
7,6,6,1.2,0.035,S2_sum,4.112137481556815,0.007987069622250587,300
7,6,6,1.2,0.04,S2_sum,4.110836304591842,0.00798416019276258,300
7,6,6,1.2,0.045,S2_sum,4.108783513046417,0.008017656450837544,300
7,6,6,1.2,0.05,S2_sum,4.107145462061657,0.007985677150544768,300
7,6,6,1.2,0.055,S2_sum,4.106253849601445,0.007995564693848514,300
7,6,6,1.2,0.06,S2_sum,4.104124623009695,0.00797193000467629,300
7,6,6,1.2,0.065,S2_sum,4.1033142217420515,0.007967743838639518,300
7,6,6,1.2,0.07,S2_sum,4.101422604996587,0.007967222165069222,300
7,6,6,1.2,0.075,S2_sum,4.100080138980106,0.007957787935588205,300
7,6,6,1.2,0.08,S2_sum,4.0979731097733145,0.007940386695295494,300
7,6,6,1.2,0.085,S2_sum,4.096138971595774,0.007924704543775278,300
7,6,6,1.2,0.09,S2_sum,4.092674778280661,0.00790807544008701,300
7,6,6,1.2,0.095,S2_sum,4.088898768490751,0.00784920317482459,300
7,6,6,1.2,0.1,S2_sum,4.085393554380586,0.007805038937683936,300
7,6,6,1.2,0.105,S2_sum,4.08307428659187,0.007799758708130854,300
7,6,6,1.2,0.11,S2_sum,4.080167389343921,0.007753719154263767,300
7,6,6,1.2,0.115,S2_sum,4.076789334526106,0.00772758726582965,300
7,6,6,1.2,0.12,S2_sum,4.0729569205247325,0.007676331860881792,300
7,6,6,1.2,0.125,S2_sum,4.069851335869918,0.007682600171962084,300
7,6,6,1.2,0.13,S2_sum,4.0662569433622195,0.007640002577834966,300
7,6,6,1.2,0.135,S2_sum,4.062252095473591,0.007611212852391961,300
7,6,6,1.2,0.14,S2_sum,4.05851513451363,0.007594932168978919,300
7,6,6,1.2,0.145,S2_sum,4.054169908741344,0.007560740114613581,300
7,6,6,1.2,0.15,S2_sum,4.049429785188833,0.007508707368164607,300
7,6,6,1.2,0.155,S2_sum,4.04521160050723,0.0074630782104931435,300
7,6,6,1.2,0.16,S2_sum,4.041784515506991,0.007450976173125818,300
7,6,6,1.2,0.165,S2_sum,4.036975029458134,0.007420634357491566,300
7,6,6,1.2,0.17,S2_sum,4.032232486877241,0.007421117927441896,300
7,6,6,1.2,0.17500000000000002,S2_sum,4.027415333464216,0.007374056008424462,300
7,6,6,1.2,0.18,S2_sum,4.022835480872015,0.007345508746884674,300
7,6,6,1.2,0.185,S2_sum,4.018358893167351,0.0073262456070966086,300
7,6,6,1.2,0.19,S2_sum,4.014398167804175,0.00730413384857194,300
7,6,6,1.2,0.195,S2_sum,4.009394835908513,0.007279664159427342,300
7,6,6,1.2,0.2,S2_sum,4.00462315841813,0.007228170436910829,300
7,6,6,1.2,0.20500000000000002,S2_sum,3.999280710230797,0.007216905018106043,300
7,6,6,1.2,0.21,S2_sum,3.9942042345969413,0.00716881984525957,300
7,6,6,1.2,0.215,S2_sum,3.9891567647143877,0.007126290248067809,300
7,6,6,1.2,0.22,S2_sum,3.9842044470239824,0.007095502549979625,300
7,6,6,1.2,0.225,S2_sum,3.9788853531803,0.007070479217448294,300
7,6,6,1.2,0.23,S2_sum,3.973994182072009,0.007081705120143788,300
7,6,6,1.2,0.23500000000000001,S2_sum,3.9686386645372576,0.007047970374937232,300
7,6,6,1.2,0.24,S2_sum,3.962852109319317,0.007021653619779693,300
7,6,6,1.2,0.245,S2_sum,3.9571453326941257,0.006991042016245501,300
7,6,6,1.2,0.25,S2_sum,3.952276814452948,0.006948167099287132,300
7,6,6,1.2,0.255,S2_sum,3.9463000212278407,0.006923126749018558,300
7,6,6,1.2,0.26,S2_sum,3.9407669626149753,0.006896350597053951,300
7,6,6,1.2,0.265,S2_sum,3.9356726363909273,0.006831521764262631,300
7,6,6,1.2,0.27,S2_sum,3.9301748037761453,0.006811984281533773,300
7,6,6,1.2,0.275,S2_sum,3.924833503961654,0.006802480248915886,300
7,6,6,1.2,0.28,S2_sum,3.919627155436161,0.006761142271941064,300
7,6,6,1.2,0.28500000000000003,S2_sum,3.9140902769980555,0.006712310429084796,300
7,6,6,1.2,0.29,S2_sum,3.9081911643758582,0.006676749290002937,300
7,6,6,1.2,0.295,S2_sum,3.9033271562078995,0.006635397524830243,300
7,6,6,1.2,0.3,S2_sum,3.897788874161948,0.006586030456128722,300
7,6,6,1.2,0.305,S2_sum,3.8924121413153574,0.006554106877896301,300
7,6,6,1.2,0.31,S2_sum,3.88682142859612,0.006535620719889018,300
7,6,6,1.2,0.315,S2_sum,3.8814417108192365,0.006510653915526792,300
7,6,6,1.2,0.32,S2_sum,3.876010482634209,0.006495089331408996,300
7,6,6,1.2,0.325,S2_sum,3.8708951280703543,0.0064928329037696846,300
7,6,6,1.2,0.33,S2_sum,3.8656959713698384,0.006459691254347314,300
7,6,6,1.2,0.335,S2_sum,3.8602400646689383,0.006433691941239401,300
7,6,6,1.2,0.34,S2_sum,3.854819738143048,0.006402010593310215,300
7,6,6,1.2,0.34500000000000003,S2_sum,3.849426656419286,0.006352824697598401,300
7,6,6,1.2,0.35000000000000003,S2_sum,3.844008341359908,0.006338114176998461,300
7,6,6,1.2,0.355,S2_sum,3.8386579869985695,0.0063266827889444715,300
7,6,6,1.2,0.36,S2_sum,3.8327975644227936,0.006294095648492497,300
7,6,6,1.2,0.365,S2_sum,3.8271457202656567,0.006246646351221606,300
7,6,6,1.2,0.37,S2_sum,3.821427054178898,0.00619902026883436,300
7,6,6,1.2,0.375,S2_sum,3.815766917297471,0.006174442002686806,300
7,6,6,1.2,0.38,S2_sum,3.8101249059586575,0.006125825719853536,300
7,6,6,1.2,0.385,S2_sum,3.804587530867623,0.006085684757599568,300
7,6,6,1.2,0.39,S2_sum,3.799078618533837,0.006056500263235631,300
7,6,6,1.2,0.395,S2_sum,3.7939303110465814,0.006018961439300011,300
7,6,6,1.2,0.4,S2_sum,3.788230785505053,0.005996150155518728,300
7,6,6,1.2,0.405,S2_sum,3.7827499951165295,0.00596427771609849,300
7,6,6,1.2,0.41000000000000003,S2_sum,3.777884948525701,0.00596787258624306,300
7,6,6,1.2,0.41500000000000004,S2_sum,3.7723939426332884,0.005922234022994377,300
7,6,6,1.2,0.42,S2_sum,3.7666643083304447,0.005903871880686963,300
7,6,6,1.2,0.425,S2_sum,3.761506494161681,0.005894860577203426,300
7,6,6,1.2,0.43,S2_sum,3.7562384509919156,0.00584724315998951,300
7,6,6,1.2,0.435,S2_sum,3.7509178569038673,0.005823942779003844,300
7,6,6,1.2,0.44,S2_sum,3.745480848008054,0.005790137216587868,300
7,6,6,1.2,0.445,S2_sum,3.740385953192139,0.005761214886510017,300
7,6,6,1.2,0.45,S2_sum,3.734695249948918,0.005721752088477129,300
7,6,6,1.2,0.455,S2_sum,3.7290861002111826,0.005699771537950848,300
7,6,6,1.2,0.46,S2_sum,3.723850029180779,0.005677546646351028,300
7,6,6,1.2,0.465,S2_sum,3.718397165127817,0.0056524512505358475,300
7,6,6,1.2,0.47000000000000003,S2_sum,3.7126800917139304,0.005639648319318627,300
7,6,6,1.2,0.47500000000000003,S2_sum,3.7070763619374647,0.005597130776251367,300
7,6,6,1.2,0.48,S2_sum,3.7018527492602025,0.005565519402053403,300
7,6,6,1.2,0.485,S2_sum,3.696251111205797,0.005527563892477499,300
7,6,6,1.2,0.49,S2_sum,3.690967804784738,0.005515126617432744,300
7,6,6,1.2,0.495,S2_sum,3.685451892044693,0.005497582308726367,300
7,6,6,1.2,0.5,S2_sum,3.679865509053431,0.0054529448327610445,300
7,6,6,1.2,0.505,S2_sum,3.6742898295027984,0.0054252384557516705,300
7,6,6,1.2,0.51,S2_sum,3.668648986911775,0.005393276768599002,300
7,6,6,1.2,0.515,S2_sum,3.662938528779765,0.0053600301359936165,300
7,6,6,1.2,0.52,S2_sum,3.6572073133898546,0.005315267262291513,300
7,6,6,1.2,0.525,S2_sum,3.6512679817371168,0.005286401940382269,300
7,6,6,1.2,0.53,S2_sum,3.6459190035206763,0.0052506444707244556,300
7,6,6,1.2,0.535,S2_sum,3.640387577199966,0.005218829235269134,300
7,6,6,1.2,0.54,S2_sum,3.6348313662119867,0.005209165143908219,300
7,6,6,1.2,0.545,S2_sum,3.6290032367866707,0.00516826984675553,300
7,6,6,1.2,0.55,S2_sum,3.6234551324865745,0.005138958185921867,300
7,6,6,1.2,0.555,S2_sum,3.6181555259483154,0.005119713813072457,300
7,6,6,1.2,0.56,S2_sum,3.6126589856939084,0.005083776843986284,300
7,6,6,1.2,0.5650000000000001,S2_sum,3.607409711698705,0.005040786794187843,300
7,6,6,1.2,0.5700000000000001,S2_sum,3.6016945667261924,0.0050163559855814785,300
7,6,6,1.2,0.5750000000000001,S2_sum,3.59625319275189,0.00498573541454197,300
7,6,6,1.2,0.58,S2_sum,3.590575769505567,0.004943252686027081,300
7,6,6,1.2,0.585,S2_sum,3.585372970899388,0.004918546097621926,300
7,6,6,1.2,0.59,S2_sum,3.580129796694435,0.0048875666474089245,300
7,6,6,1.2,0.595,S2_sum,3.574392599195399,0.004870970911041245,300
7,6,6,1.2,0.6,S2_sum,3.569139347761557,0.004852276648245158,300
7,6,6,1.2,0.0,Sstar,1.506566494464244,0.0008472428183508271,300
7,6,6,1.2,0.005,Sstar,1.5066053501406438,0.0008491978246068607,300
7,6,6,1.2,0.01,Sstar,1.5065888227162525,0.0008549770857785011,300
7,6,6,1.2,0.015,Sstar,1.5063680910285169,0.0008489771289662354,300
7,6,6,1.2,0.02,Sstar,1.5062917451184867,0.000851133362457423,300
7,6,6,1.2,0.025,Sstar,1.5061444487857811,0.0008534133477595341,300
7,6,6,1.2,0.03,Sstar,1.5058326389987151,0.000861492082480193,300
7,6,6,1.2,0.035,Sstar,1.5055472578447917,0.0008704843443778581,300
7,6,6,1.2,0.04,Sstar,1.505287602883019,0.000873477784365781,300
7,6,6,1.2,0.045,Sstar,1.5048558336228066,0.0008796394743839454,300
7,6,6,1.2,0.05,Sstar,1.5045662278637422,0.0008784495486875145,300
7,6,6,1.2,0.055,Sstar,1.5044328446425879,0.0008778219688398159,300
7,6,6,1.2,0.06,Sstar,1.5040989334507384,0.0008732780271226571,300
7,6,6,1.2,0.065,Sstar,1.5039920746279625,0.0008751649335921355,300
7,6,6,1.2,0.07,Sstar,1.5037317340825882,0.0008753769701097566,300
7,6,6,1.2,0.075,Sstar,1.5035865888728734,0.0008690003736716729,300
7,6,6,1.2,0.08,Sstar,1.5033541488906996,0.0008634596555045501,300
7,6,6,1.2,0.085,Sstar,1.503209532041711,0.0008584958147616524,300
7,6,6,1.2,0.09,Sstar,1.5028465596758034,0.000853789774572929,300
7,6,6,1.2,0.095,Sstar,1.5023681411584944,0.0008390717467004548,300
7,6,6,1.2,0.1,Sstar,1.5020039605356306,0.0008289200114774777,300
7,6,6,1.2,0.105,Sstar,1.5018457701305707,0.0008261781115564559,300
7,6,6,1.2,0.11,Sstar,1.5015963166477715,0.0008086471412381223,300
7,6,6,1.2,0.115,Sstar,1.501266330072586,0.0007995642636145646,300
7,6,6,1.2,0.12,Sstar,1.5009155277505353,0.0007870394139738161,300
7,6,6,1.2,0.125,Sstar,1.5006143208127498,0.0007825662441993819,300
7,6,6,1.2,0.13,Sstar,1.5003441289759623,0.0007781856243107574,300
7,6,6,1.2,0.135,Sstar,1.4999243726894536,0.0007685244812482482,300
7,6,6,1.2,0.14,Sstar,1.4995640756832092,0.0007655817953799422,300
7,6,6,1.2,0.145,Sstar,1.4990793259883408,0.0007542704520645952,300
7,6,6,1.2,0.15,Sstar,1.498603510811523,0.0007428807752646464,300
7,6,6,1.2,0.155,Sstar,1.4981957815458373,0.000734669284333602,300
7,6,6,1.2,0.16,Sstar,1.4979115729950483,0.0007339065348413961,300
7,6,6,1.2,0.165,Sstar,1.4973997602845823,0.0007263069889865593,300
7,6,6,1.2,0.17,Sstar,1.49688548384911,0.000724459540972232,300
7,6,6,1.2,0.17500000000000002,Sstar,1.4963980526701386,0.0007174074685412564,300
7,6,6,1.2,0.18,Sstar,1.4959431570114872,0.0007076454525709069,300
7,6,6,1.2,0.185,Sstar,1.4954851365198338,0.000702227252351449,300
7,6,6,1.2,0.19,Sstar,1.4950746863023572,0.0006944856808620433,300
7,6,6,1.2,0.195,Sstar,1.4945571063998715,0.0006913890091925288,300
7,6,6,1.2,0.2,Sstar,1.4940345457917978,0.0006830586166158995,300
7,6,6,1.2,0.20500000000000002,Sstar,1.4934236027942442,0.0006756415081394332,300
7,6,6,1.2,0.21,Sstar,1.4928999018530729,0.0006707817921483406,300
7,6,6,1.2,0.215,Sstar,1.4923896118805635,0.0006628335544724334,300
7,6,6,1.2,0.22,Sstar,1.4918920802472944,0.0006577146626596704,300
7,6,6,1.2,0.225,Sstar,1.491280879912723,0.0006564017171416945,300
7,6,6,1.2,0.23,Sstar,1.4907634650781627,0.0006571645088576683,300
7,6,6,1.2,0.23500000000000001,Sstar,1.4902353371187078,0.0006456946615275889,300
7,6,6,1.2,0.24,Sstar,1.4895229328337865,0.000644977488608585,300
7,6,6,1.2,0.245,Sstar,1.4889232746935237,0.0006426154769485669,300
7,6,6,1.2,0.25,Sstar,1.4884529046246364,0.0006405185957138563,300
7,6,6,1.2,0.255,Sstar,1.4877539499373935,0.000644240450770942,300
7,6,6,1.2,0.26,Sstar,1.48713992893419,0.0006422252953953209,300
7,6,6,1.2,0.265,Sstar,1.486623251849108,0.0006335935476961808,300
7,6,6,1.2,0.27,Sstar,1.4860005369202691,0.0006337541281447873,300
7,6,6,1.2,0.275,Sstar,1.4853873913140687,0.0006340360854835711,300
7,6,6,1.2,0.28,Sstar,1.4848695903291698,0.0006321239114924466,300
7,6,6,1.2,0.28500000000000003,Sstar,1.4842943106458584,0.0006230187198881882,300
7,6,6,1.2,0.29,Sstar,1.4836511023732724,0.0006224845934145631,300
7,6,6,1.2,0.295,Sstar,1.4832016520989098,0.0006196364539177126,300
7,6,6,1.2,0.3,Sstar,1.4825481260301003,0.0006168612913903623,300
7,6,6,1.2,0.305,Sstar,1.4819123281289661,0.0006179128221618745,300
7,6,6,1.2,0.31,Sstar,1.4812884191866962,0.000619720217867951,300
7,6,6,1.2,0.315,Sstar,1.4806528984707918,0.0006184761833892013,300
7,6,6,1.2,0.32,Sstar,1.4800874825288892,0.0006158256745630707,300
7,6,6,1.2,0.325,Sstar,1.479552283766706,0.0006170829435598404,300
7,6,6,1.2,0.33,Sstar,1.47899560110886,0.0006193607795794567,300
7,6,6,1.2,0.335,Sstar,1.478425065847791,0.0006214443330549212,300
7,6,6,1.2,0.34,Sstar,1.4778141129428939,0.0006178451155757294,300
7,6,6,1.2,0.34500000000000003,Sstar,1.477220439260844,0.0006142947615763356,300
7,6,6,1.2,0.35000000000000003,Sstar,1.4765885004250847,0.0006186746753349967,300
7,6,6,1.2,0.355,Sstar,1.47596260277236,0.0006177020510045078,300
7,6,6,1.2,0.36,Sstar,1.4752704398536323,0.0006163651125812186,300
7,6,6,1.2,0.365,Sstar,1.4746439496040689,0.0006154952679972693,300
7,6,6,1.2,0.37,Sstar,1.474022303362598,0.0006150346416143186,300
7,6,6,1.2,0.375,Sstar,1.4733659647653763,0.0006201273794850595,300
7,6,6,1.2,0.38,Sstar,1.4726317926604091,0.0006187276689978815,300
7,6,6,1.2,0.385,Sstar,1.4719335635676638,0.0006146953664473211,300
7,6,6,1.2,0.39,Sstar,1.4712551231708102,0.0006180238421365949,300
7,6,6,1.2,0.395,Sstar,1.4707025850551978,0.0006173704619419504,300
7,6,6,1.2,0.4,Sstar,1.4699951422294741,0.0006222515838948931,300
7,6,6,1.2,0.405,Sstar,1.469340013996303,0.0006212260528007734,300
7,6,6,1.2,0.41000000000000003,Sstar,1.468780244876411,0.0006299447702955375,300
7,6,6,1.2,0.41500000000000004,Sstar,1.468106839463372,0.0006311370590239818,300
7,6,6,1.2,0.42,Sstar,1.4673649929389263,0.0006377316148980051,300
7,6,6,1.2,0.425,Sstar,1.4667410694096565,0.0006420023762833357,300
7,6,6,1.2,0.43,Sstar,1.4660901780860542,0.0006391839517234612,300
7,6,6,1.2,0.435,Sstar,1.4654460196879644,0.0006416379396722282,300
7,6,6,1.2,0.44,Sstar,1.4647651869209786,0.0006408976903941929,300
7,6,6,1.2,0.445,Sstar,1.4641052075655625,0.0006440591352927196,300
7,6,6,1.2,0.45,Sstar,1.4634120893930405,0.0006425135385345822,300
7,6,6,1.2,0.455,Sstar,1.4626602576343304,0.0006435868467342847,300
7,6,6,1.2,0.46,Sstar,1.4619597926089336,0.0006485689019126861,300
7,6,6,1.2,0.465,Sstar,1.4612659072247873,0.0006518698398679524,300
7,6,6,1.2,0.47000000000000003,Sstar,1.4605385999756044,0.0006568881595386832,300
7,6,6,1.2,0.47500000000000003,Sstar,1.4597794331973721,0.000657860193453399,300
7,6,6,1.2,0.48,Sstar,1.459087485266502,0.0006599800537950537,300
7,6,6,1.2,0.485,Sstar,1.4583566859346824,0.0006618392468478292,300
7,6,6,1.2,0.49,Sstar,1.457623434845514,0.0006664025223404239,300
7,6,6,1.2,0.495,Sstar,1.4568654942649,0.000667259841368362,300
7,6,6,1.2,0.5,Sstar,1.4561154776054581,0.0006674128049443363,300
7,6,6,1.2,0.505,Sstar,1.4553966902282742,0.0006705249547017907,300
7,6,6,1.2,0.51,Sstar,1.454623931995593,0.0006687614267277891,300
7,6,6,1.2,0.515,Sstar,1.453855104962939,0.0006717122631901907,300
7,6,6,1.2,0.52,Sstar,1.4530659463315034,0.0006710846262444327,300
7,6,6,1.2,0.525,Sstar,1.4522739434489893,0.0006716723074811653,300
7,6,6,1.2,0.53,Sstar,1.4515368736700838,0.0006747498374857978,300
7,6,6,1.2,0.535,Sstar,1.4508101260337998,0.0006789762365523926,300
7,6,6,1.2,0.54,Sstar,1.4500628665282274,0.0006787919785683749,300
7,6,6,1.2,0.545,Sstar,1.449225753625774,0.0006790145625485292,300
7,6,6,1.2,0.55,Sstar,1.4484678926313685,0.0006765916607062019,300
7,6,6,1.2,0.555,Sstar,1.4477048231028427,0.0006793996225058279,300
7,6,6,1.2,0.56,Sstar,1.44698814405748,0.0006822089124534493,300
7,6,6,1.2,0.5650000000000001,Sstar,1.4462531802019563,0.0006820009121724157,300
7,6,6,1.2,0.5700000000000001,Sstar,1.445520339955579,0.0006821230834790125,300
7,6,6,1.2,0.5750000000000001,Sstar,1.4447876460832392,0.0006808823199010878,300
7,6,6,1.2,0.58,Sstar,1.4440407939189182,0.0006774484199669877,300
7,6,6,1.2,0.585,Sstar,1.443322575782755,0.0006778497665042924,300
7,6,6,1.2,0.59,Sstar,1.4426707508682617,0.0006798359386174661,300
7,6,6,1.2,0.595,Sstar,1.4419764261572392,0.0006815667177953355,300
7,6,6,1.2,0.6,Sstar,1.4413227269201523,0.0006817041232860556,300
7,6,6,1.6,0.0,M_sum,5.499240216473951,0.020696246615381268,300
7,6,6,1.6,0.005,M_sum,5.499187383576756,0.020742309804758385,300
7,6,6,1.6,0.01,M_sum,5.497926426396943,0.020705891974845955,300
7,6,6,1.6,0.015,M_sum,5.498008684019978,0.020714526329480627,300
7,6,6,1.6,0.02,M_sum,5.496464625911243,0.020647768631627688,300
7,6,6,1.6,0.025,M_sum,5.496199823205473,0.020652611587252748,300
7,6,6,1.6,0.03,M_sum,5.494831200951168,0.020652116795681904,300
7,6,6,1.6,0.035,M_sum,5.493376318866871,0.02067560166021221,300
7,6,6,1.6,0.04,M_sum,5.492019486568666,0.02067553410697288,300
7,6,6,1.6,0.045,M_sum,5.490045361059602,0.020675094222997695,300
7,6,6,1.6,0.05,M_sum,5.489072184986717,0.02064704488340105,300
7,6,6,1.6,0.055,M_sum,5.487270633742647,0.020648597424591377,300
7,6,6,1.6,0.06,M_sum,5.484219773720751,0.020673673797259894,300
7,6,6,1.6,0.065,M_sum,5.481960625152545,0.020615664687775224,300
7,6,6,1.6,0.07,M_sum,5.480497372336591,0.020580263320638215,300
7,6,6,1.6,0.075,M_sum,5.478013323737938,0.020595987397792673,300
7,6,6,1.6,0.08,M_sum,5.475055285529877,0.020545349006021375,300
7,6,6,1.6,0.085,M_sum,5.473598345498524,0.02053332139686096,300
7,6,6,1.6,0.09,M_sum,5.470904306141752,0.020493359268782388,300
7,6,6,1.6,0.095,M_sum,5.468609187304055,0.020468819997295905,300
7,6,6,1.6,0.1,M_sum,5.465835699526508,0.0204232080526943,300
7,6,6,1.6,0.105,M_sum,5.462512702989128,0.020350798200547547,300
7,6,6,1.6,0.11,M_sum,5.459438395293158,0.02032838952317642,300
7,6,6,1.6,0.115,M_sum,5.456104236453521,0.020287546874728054,300
7,6,6,1.6,0.12,M_sum,5.451436552380722,0.020218622403601207,300
7,6,6,1.6,0.125,M_sum,5.446156533153757,0.02012445158823729,300
7,6,6,1.6,0.13,M_sum,5.441457798830564,0.020043037689746558,300
7,6,6,1.6,0.135,M_sum,5.437219656364461,0.01996093279778966,300
7,6,6,1.6,0.14,M_sum,5.433304145459762,0.01991727757240114,300
7,6,6,1.6,0.145,M_sum,5.42898344329591,0.019858143307474357,300
7,6,6,1.6,0.15,M_sum,5.423710641453408,0.01976614329508479,300
7,6,6,1.6,0.155,M_sum,5.419173637651693,0.01968761435982498,300
7,6,6,1.6,0.16,M_sum,5.413795687728605,0.01961256694091647,300
7,6,6,1.6,0.165,M_sum,5.408636453508457,0.01957824024649196,300
7,6,6,1.6,0.17,M_sum,5.40393555436658,0.019511958895168983,300
7,6,6,1.6,0.17500000000000002,M_sum,5.398569118133065,0.01943576688348498,300
7,6,6,1.6,0.18,M_sum,5.392756537345274,0.01935179833034599,300
7,6,6,1.6,0.185,M_sum,5.387127551908352,0.019286566762834984,300
7,6,6,1.6,0.19,M_sum,5.381242183486581,0.019215056083978454,300
7,6,6,1.6,0.195,M_sum,5.374970483012957,0.019109627742514613,300
7,6,6,1.6,0.2,M_sum,5.368229283045438,0.01901842377869414,300
7,6,6,1.6,0.20500000000000002,M_sum,5.361915584306945,0.018930035649147435,300
7,6,6,1.6,0.21,M_sum,5.355613900230873,0.018840272100292738,300
7,6,6,1.6,0.215,M_sum,5.350494361785335,0.01877297613645758,300
7,6,6,1.6,0.22,M_sum,5.343494741187378,0.01869988263183625,300
7,6,6,1.6,0.225,M_sum,5.33671258807542,0.018653975584315297,300
7,6,6,1.6,0.23,M_sum,5.32965331575513,0.01854738935652758,300
7,6,6,1.6,0.23500000000000001,M_sum,5.322983550569799,0.018473458252727563,300
7,6,6,1.6,0.24,M_sum,5.315724330544678,0.018387390907918074,300
7,6,6,1.6,0.245,M_sum,5.30885479580507,0.018327208464215365,300
7,6,6,1.6,0.25,M_sum,5.302639211405342,0.018260936947634285,300
7,6,6,1.6,0.255,M_sum,5.295685201857076,0.018164779958293614,300
7,6,6,1.6,0.26,M_sum,5.288472232035406,0.018095873540195928,300
7,6,6,1.6,0.265,M_sum,5.2812091546002575,0.017990295313408275,300
7,6,6,1.6,0.27,M_sum,5.273499185838235,0.017909822207900036,300
7,6,6,1.6,0.275,M_sum,5.2660666259213365,0.01785459901283433,300
7,6,6,1.6,0.28,M_sum,5.258319120146668,0.017732556050109427,300
7,6,6,1.6,0.28500000000000003,M_sum,5.250689508049429,0.01765769346111185,300
7,6,6,1.6,0.29,M_sum,5.243215512999891,0.017561711413365478,300
7,6,6,1.6,0.295,M_sum,5.234986774735887,0.01745333509695956,300
7,6,6,1.6,0.3,M_sum,5.227353551928473,0.017393084449165527,300
7,6,6,1.6,0.305,M_sum,5.219848966690498,0.01735806346742141,300
7,6,6,1.6,0.31,M_sum,5.211906933743491,0.01727415551193573,300
7,6,6,1.6,0.315,M_sum,5.203964834040297,0.017185715746117942,300
7,6,6,1.6,0.32,M_sum,5.195112097686038,0.01710684310920426,300
7,6,6,1.6,0.325,M_sum,5.186920530825788,0.017002542092646858,300
7,6,6,1.6,0.33,M_sum,5.17862492082562,0.016916818419763672,300
7,6,6,1.6,0.335,M_sum,5.170381144978121,0.016845834174347016,300
7,6,6,1.6,0.34,M_sum,5.16161890173716,0.0167644025779829,300
7,6,6,1.6,0.34500000000000003,M_sum,5.1533844217731755,0.016683301879263604,300
7,6,6,1.6,0.35000000000000003,M_sum,5.144850330034756,0.01657572724582803,300
7,6,6,1.6,0.355,M_sum,5.137222785205686,0.01647539697742191,300
7,6,6,1.6,0.36,M_sum,5.128463763929875,0.016396731530439766,300
7,6,6,1.6,0.365,M_sum,5.120310779122611,0.016335543950399822,300
7,6,6,1.6,0.37,M_sum,5.112011159297652,0.01623114492513149,300
7,6,6,1.6,0.375,M_sum,5.1033044780689885,0.016167252786748885,300
7,6,6,1.6,0.38,M_sum,5.09494112438839,0.016066583658912868,300
7,6,6,1.6,0.385,M_sum,5.085790196224982,0.01596726507741564,300
7,6,6,1.6,0.39,M_sum,5.0780876099324965,0.015890335600431488,300
7,6,6,1.6,0.395,M_sum,5.069639584737586,0.01581176010941728,300
7,6,6,1.6,0.4,M_sum,5.0608118913850495,0.015695454946036875,300
7,6,6,1.6,0.405,M_sum,5.052566899947921,0.01564428312661781,300
7,6,6,1.6,0.41000000000000003,M_sum,5.043685404869489,0.015567293342831495,300
7,6,6,1.6,0.41500000000000004,M_sum,5.035339982170352,0.015490591612166848,300
7,6,6,1.6,0.42,M_sum,5.026411314019572,0.015402446452825775,300
7,6,6,1.6,0.425,M_sum,5.01786577250706,0.01534513164476626,300
7,6,6,1.6,0.43,M_sum,5.0095528124406705,0.015291634674455023,300
7,6,6,1.6,0.435,M_sum,5.00117565693451,0.015221355879753278,300
7,6,6,1.6,0.44,M_sum,4.992622615379913,0.015144666191600365,300
7,6,6,1.6,0.445,M_sum,4.983701223258487,0.015069089388354042,300
7,6,6,1.6,0.45,M_sum,4.97482341346819,0.01497534031529974,300
7,6,6,1.6,0.455,M_sum,4.966519157217899,0.014912849771391389,300
7,6,6,1.6,0.46,M_sum,4.95794635487766,0.01482228049340621,300
7,6,6,1.6,0.465,M_sum,4.949257540727587,0.014751262710661787,300
7,6,6,1.6,0.47000000000000003,M_sum,4.94085138496805,0.014708458908859951,300
7,6,6,1.6,0.47500000000000003,M_sum,4.931809935812672,0.014645864227306161,300
7,6,6,1.6,0.48,M_sum,4.9227829901331015,0.01456919827522981,300
7,6,6,1.6,0.485,M_sum,4.913649383244559,0.014472696220917746,300
7,6,6,1.6,0.49,M_sum,4.904901520854338,0.014369321310121154,300
7,6,6,1.6,0.495,M_sum,4.895719480525098,0.014296921024306514,300
7,6,6,1.6,0.5,M_sum,4.88691510293157,0.014231745602943305,300
7,6,6,1.6,0.505,M_sum,4.878171505230969,0.014143092170249803,300
7,6,6,1.6,0.51,M_sum,4.868914068094426,0.014068724917808273,300
7,6,6,1.6,0.515,M_sum,4.860215389831495,0.013967481073772332,300
7,6,6,1.6,0.52,M_sum,4.851409908534744,0.013904721656391181,300
7,6,6,1.6,0.525,M_sum,4.84286931571465,0.013825930671238685,300
7,6,6,1.6,0.53,M_sum,4.834235006239925,0.013768336932925803,300
7,6,6,1.6,0.535,M_sum,4.825298646915782,0.013705595405818786,300
7,6,6,1.6,0.54,M_sum,4.816518358659771,0.013618892039815384,300
7,6,6,1.6,0.545,M_sum,4.808131184644205,0.013591322231190693,300
7,6,6,1.6,0.55,M_sum,4.7996247873857225,0.01351253131954898,300
7,6,6,1.6,0.555,M_sum,4.79086915528667,0.01344146053451576,300
7,6,6,1.6,0.56,M_sum,4.781850409564975,0.013383855667989502,300
7,6,6,1.6,0.5650000000000001,M_sum,4.77358316478651,0.013323009383904823,300
7,6,6,1.6,0.5700000000000001,M_sum,4.764821709608956,0.013270183787219548,300
7,6,6,1.6,0.5750000000000001,M_sum,4.7564910157888765,0.013172053050927864,300
7,6,6,1.6,0.58,M_sum,4.747582631760139,0.013118886379342217,300
7,6,6,1.6,0.585,M_sum,4.738711268471228,0.01305271928904539,300
7,6,6,1.6,0.59,M_sum,4.730344496937766,0.012997726087279948,300
7,6,6,1.6,0.595,M_sum,4.721832360699987,0.012922644021709345,300
7,6,6,1.6,0.6,M_sum,4.712859557881228,0.012841933626528787,300
7,6,6,1.6,0.0,S2_sum,3.9523566829381176,0.011378117840129341,300
7,6,6,1.6,0.005,S2_sum,3.952315274548245,0.011414337529588491,300
7,6,6,1.6,0.01,S2_sum,3.951438218304495,0.011390804738224632,300
7,6,6,1.6,0.015,S2_sum,3.9515456987781694,0.0113988658769727,300
7,6,6,1.6,0.02,S2_sum,3.950517135292668,0.011354016466092309,300
7,6,6,1.6,0.025,S2_sum,3.95042265423554,0.01135907551435563,300
7,6,6,1.6,0.03,S2_sum,3.949541045445647,0.011362215888585818,300
7,6,6,1.6,0.035,S2_sum,3.9485979243141993,0.011381686109400999,300
7,6,6,1.6,0.04,S2_sum,3.9477596821576153,0.011386454627363754,300
7,6,6,1.6,0.045,S2_sum,3.9464720021758817,0.011392452643742926,300
7,6,6,1.6,0.05,S2_sum,3.9459429341382686,0.011376020059154682,300
7,6,6,1.6,0.055,S2_sum,3.9448397662780605,0.011380871688050832,300
7,6,6,1.6,0.06,S2_sum,3.9428627358327315,0.011405891215406368,300
7,6,6,1.6,0.065,S2_sum,3.9414681143280164,0.011368653399660299,300
7,6,6,1.6,0.07,S2_sum,3.9406766542645664,0.011348212267405405,300
7,6,6,1.6,0.075,S2_sum,3.9391188860926785,0.01136636316961156,300
7,6,6,1.6,0.08,S2_sum,3.937284384218076,0.011337355827057806,300
7,6,6,1.6,0.085,S2_sum,3.93653386555327,0.011334385410587764,300
7,6,6,1.6,0.09,S2_sum,3.934902937290555,0.011315283886789231,300
7,6,6,1.6,0.095,S2_sum,3.9336067066699822,0.01130730086931417,300
7,6,6,1.6,0.1,S2_sum,3.931966280024134,0.011284296718978305,300
7,6,6,1.6,0.105,S2_sum,3.929963207371114,0.011241458878757228,300
7,6,6,1.6,0.11,S2_sum,3.928118852438475,0.011236258528263595,300
7,6,6,1.6,0.115,S2_sum,3.9261174647820924,0.011219179228933597,300
7,6,6,1.6,0.12,S2_sum,3.9231620617411673,0.011182550509016917,300
7,6,6,1.6,0.125,S2_sum,3.9197982656259387,0.011125420658727944,300
7,6,6,1.6,0.13,S2_sum,3.9168519028334305,0.011079095269741785,300
7,6,6,1.6,0.135,S2_sum,3.9142716427134703,0.011035787274145333,300
7,6,6,1.6,0.14,S2_sum,3.911948552031597,0.011018001430183758,300
7,6,6,1.6,0.145,S2_sum,3.9093253011921196,0.01098785933060379,300
7,6,6,1.6,0.15,S2_sum,3.9060432287703133,0.010933921225842204,300
7,6,6,1.6,0.155,S2_sum,3.9033056897584864,0.01089041888767604,300
7,6,6,1.6,0.16,S2_sum,3.8999806578174048,0.010849006440451222,300
7,6,6,1.6,0.165,S2_sum,3.8968038245580114,0.010838749560266554,300
7,6,6,1.6,0.17,S2_sum,3.8940225988674677,0.010806002825931567,300
7,6,6,1.6,0.17500000000000002,S2_sum,3.890750907313724,0.010769356042988235,300
7,6,6,1.6,0.18,S2_sum,3.8871679625185465,0.010721855324826066,300
7,6,6,1.6,0.185,S2_sum,3.883718412959666,0.01069226716868761,300
7,6,6,1.6,0.19,S2_sum,3.8801285428788908,0.010655500764494692,300
7,6,6,1.6,0.195,S2_sum,3.8762770141795757,0.010597245289477397,300
7,6,6,1.6,0.2,S2_sum,3.872073252746108,0.010549120340480042,300
7,6,6,1.6,0.20500000000000002,S2_sum,3.8682032831098514,0.010503532261250708,300
7,6,6,1.6,0.21,S2_sum,3.864369155737438,0.010456549666394036,300
7,6,6,1.6,0.215,S2_sum,3.8614011788382223,0.010424296634666878,300
7,6,6,1.6,0.22,S2_sum,3.8570684749568334,0.010389258780648902,300
7,6,6,1.6,0.225,S2_sum,3.852906856055237,0.010375460028461764,300
7,6,6,1.6,0.23,S2_sum,3.8485910470681657,0.01031687552232631,300
7,6,6,1.6,0.23500000000000001,S2_sum,3.8445803843410666,0.010282140876383294,300
7,6,6,1.6,0.24,S2_sum,3.8401492935781842,0.010237483847021611,300
7,6,6,1.6,0.245,S2_sum,3.8359919328781493,0.010212527061129024,300
7,6,6,1.6,0.25,S2_sum,3.832312121765877,0.010180790042299378,300
7,6,6,1.6,0.255,S2_sum,3.828115551077504,0.01013036175628085,300
7,6,6,1.6,0.26,S2_sum,3.8237434333675497,0.010099041827982413,300
7,6,6,1.6,0.265,S2_sum,3.8193523351472414,0.010039292968001165,300
7,6,6,1.6,0.27,S2_sum,3.814659189937617,0.009999877547915518,300
7,6,6,1.6,0.275,S2_sum,3.810145648847165,0.009979901500284489,300
7,6,6,1.6,0.28,S2_sum,3.805444020343583,0.009912748176586234,300
7,6,6,1.6,0.28500000000000003,S2_sum,3.8008456114610607,0.009875276520435367,300
7,6,6,1.6,0.29,S2_sum,3.796369348731091,0.009824266451789472,300
7,6,6,1.6,0.295,S2_sum,3.7913640056276297,0.009764205438482271,300
7,6,6,1.6,0.3,S2_sum,3.786778527618119,0.009741786918598633,300
7,6,6,1.6,0.305,S2_sum,3.7822754898073687,0.00973764624940497,300
7,6,6,1.6,0.31,S2_sum,3.7774738766441542,0.009698241005239838,300
7,6,6,1.6,0.315,S2_sum,3.772710802360926,0.009650867981214752,300
7,6,6,1.6,0.32,S2_sum,3.7673046031271737,0.009613615108437673,300
7,6,6,1.6,0.325,S2_sum,3.762388735109326,0.009557889296369802,300
7,6,6,1.6,0.33,S2_sum,3.7573990949531093,0.009514921370878495,300
7,6,6,1.6,0.335,S2_sum,3.752450903439468,0.0094818268310042,300
7,6,6,1.6,0.34,S2_sum,3.747120014839386,0.009441657098991026,300
7,6,6,1.6,0.34500000000000003,S2_sum,3.74218631325277,0.009402363787743808,300
7,6,6,1.6,0.35000000000000003,S2_sum,3.7370349971615373,0.009344218262795318,300
7,6,6,1.6,0.355,S2_sum,3.7325553681920574,0.009291095144035675,300
7,6,6,1.6,0.36,S2_sum,3.727255826038028,0.009253875564590923,300
7,6,6,1.6,0.365,S2_sum,3.722422151304983,0.009229134895004494,300
7,6,6,1.6,0.37,S2_sum,3.717474796599191,0.009171762904848797,300
7,6,6,1.6,0.375,S2_sum,3.712233730641464,0.009143518347691485,300
7,6,6,1.6,0.38,S2_sum,3.707268978970572,0.00908648441158363,300
7,6,6,1.6,0.385,S2_sum,3.701744905984656,0.009032981720228558,300
7,6,6,1.6,0.39,S2_sum,3.6972416785821665,0.00899437959187619,300
7,6,6,1.6,0.395,S2_sum,3.6922362850678505,0.008956905204773578,300
7,6,6,1.6,0.4,S2_sum,3.6869522454834094,0.00889055273681216,300
7,6,6,1.6,0.405,S2_sum,3.682086589861271,0.008869939285967372,300
7,6,6,1.6,0.41000000000000003,S2_sum,3.676764453537105,0.008831346050962535,300
7,6,6,1.6,0.41500000000000004,S2_sum,3.671844396101958,0.008794089927638967,300
7,6,6,1.6,0.42,S2_sum,3.66650960454653,0.008748037705239655,300
7,6,6,1.6,0.425,S2_sum,3.661444137605964,0.008724402691814471,300
7,6,6,1.6,0.43,S2_sum,3.6565334925292405,0.008704419098991566,300
7,6,6,1.6,0.435,S2_sum,3.651603004515059,0.00866832517090548,300
7,6,6,1.6,0.44,S2_sum,3.64656956673183,0.008629677589438221,300
7,6,6,1.6,0.445,S2_sum,3.641239931832619,0.008594048992071853,300
7,6,6,1.6,0.45,S2_sum,3.6359663179859663,0.008542116701149894,300
7,6,6,1.6,0.455,S2_sum,3.631118468887577,0.008511673755119643,300
7,6,6,1.6,0.46,S2_sum,3.6260534258582995,0.008462149268842423,300
7,6,6,1.6,0.465,S2_sum,3.620904012969591,0.008428261850235791,300
7,6,6,1.6,0.47000000000000003,S2_sum,3.615955524722499,0.008414004880951809,300
7,6,6,1.6,0.47500000000000003,S2_sum,3.6105746681988253,0.008382299174851835,300
7,6,6,1.6,0.48,S2_sum,3.605186955090274,0.008343224170525385,300
7,6,6,1.6,0.485,S2_sum,3.5997406072584037,0.008290461540721713,300
7,6,6,1.6,0.49,S2_sum,3.5945701079340946,0.008230608600388437,300
7,6,6,1.6,0.495,S2_sum,3.589072670948723,0.008194219627462444,300
7,6,6,1.6,0.5,S2_sum,3.583869180043229,0.00816268788663456,300
7,6,6,1.6,0.505,S2_sum,3.5787077355297083,0.008113005779563967,300
7,6,6,1.6,0.51,S2_sum,3.573177559354442,0.008074887994234985,300
7,6,6,1.6,0.515,S2_sum,3.5680336791494485,0.008017424764469547,300
7,6,6,1.6,0.52,S2_sum,3.5628412177917617,0.007986597080854805,300
7,6,6,1.6,0.525,S2_sum,3.5578178675863636,0.007944340754283222,300
7,6,6,1.6,0.53,S2_sum,3.552702670015166,0.007917273370941759,300
7,6,6,1.6,0.535,S2_sum,3.5473980138518777,0.00788673476518202,300
7,6,6,1.6,0.54,S2_sum,3.5422067273935878,0.00783848860920136,300
7,6,6,1.6,0.545,S2_sum,3.537274810701994,0.007834788635786778,300
7,6,6,1.6,0.55,S2_sum,3.532307666898727,0.007790983791503757,300
7,6,6,1.6,0.555,S2_sum,3.5271382078663276,0.0077528347925053046,300
7,6,6,1.6,0.56,S2_sum,3.521765284571699,0.007724657513491593,300
7,6,6,1.6,0.5650000000000001,S2_sum,3.5169324481051514,0.007696372394143862,300
7,6,6,1.6,0.5700000000000001,S2_sum,3.511772646910868,0.007671955814998305,300
7,6,6,1.6,0.5750000000000001,S2_sum,3.5069093045863156,0.007613729842745566,300
7,6,6,1.6,0.58,S2_sum,3.5016269709113264,0.0075894764222322626,300
7,6,6,1.6,0.585,S2_sum,3.496354188400835,0.007553661726563844,300
7,6,6,1.6,0.59,S2_sum,3.491440430572753,0.0075279645650712795,300
7,6,6,1.6,0.595,S2_sum,3.4864395165617386,0.00748469819684173,300
7,6,6,1.6,0.6,S2_sum,3.4810977992460743,0.00743989426917857,300
7,6,6,1.6,0.0,Sstar,1.487422128795407,0.0013525930674607735,300
7,6,6,1.6,0.005,Sstar,1.4874812057700186,0.001360219215937502,300
7,6,6,1.6,0.01,Sstar,1.4873862415108579,0.00135989829263561,300
7,6,6,1.6,0.015,Sstar,1.4873916413777346,0.0013659777812605617,300
7,6,6,1.6,0.02,Sstar,1.4872521033509112,0.0013649257743715032,300
7,6,6,1.6,0.025,Sstar,1.4871333288557314,0.001378916748923015,300
7,6,6,1.6,0.03,Sstar,1.4867773647098663,0.001393152577319173,300
7,6,6,1.6,0.035,Sstar,1.4863785042191584,0.0014069560987942796,300
7,6,6,1.6,0.04,Sstar,1.486017956513014,0.001417447896271859,300
7,6,6,1.6,0.045,Sstar,1.485727812655741,0.0014241651960288145,300
7,6,6,1.6,0.05,Sstar,1.4856445143092158,0.001422993186550317,300
7,6,6,1.6,0.055,Sstar,1.485547498114896,0.0014180383382534636,300
7,6,6,1.6,0.06,Sstar,1.4853187828330832,0.0014155903206638618,300
7,6,6,1.6,0.065,Sstar,1.4852249314041925,0.0014024535920874974,300
7,6,6,1.6,0.07,Sstar,1.485295256976205,0.0013960683324133205,300
7,6,6,1.6,0.075,Sstar,1.4851852051865557,0.0013929866041891615,300
7,6,6,1.6,0.08,Sstar,1.4851797164883023,0.0013809442101169636,300
7,6,6,1.6,0.085,Sstar,1.4853428482470517,0.0013736197207309887,300
7,6,6,1.6,0.09,Sstar,1.4853634711319257,0.0013663752136155558,300
7,6,6,1.6,0.095,Sstar,1.4853830075773589,0.0013640491349576104,300
7,6,6,1.6,0.1,Sstar,1.4854682393739227,0.0013555189451284109,300
7,6,6,1.6,0.105,Sstar,1.4854862114871092,0.001343506376927962,300
7,6,6,1.6,0.11,Sstar,1.485460196037873,0.0013368179098307488,300
7,6,6,1.6,0.115,Sstar,1.4854456606955113,0.0013333315569551674,300
7,6,6,1.6,0.12,Sstar,1.48526887300737,0.0013234436961267512,300
7,6,6,1.6,0.125,Sstar,1.485013568098772,0.001317141220845116,300
7,6,6,1.6,0.13,Sstar,1.4848106420876819,0.0013078482882007418,300
7,6,6,1.6,0.135,Sstar,1.4846815811102414,0.0012975679252293832,300
7,6,6,1.6,0.14,Sstar,1.4846020675680238,0.0012913381914973507,300
7,6,6,1.6,0.145,Sstar,1.484487698531375,0.0012786565791134722,300
7,6,6,1.6,0.15,Sstar,1.484187662738428,0.0012664402356888519,300
7,6,6,1.6,0.155,Sstar,1.484006084298669,0.001259844513117169,300
7,6,6,1.6,0.16,Sstar,1.483780008082391,0.0012478829036494596,300
7,6,6,1.6,0.165,Sstar,1.4834836478887865,0.0012411922359761153,300
7,6,6,1.6,0.17,Sstar,1.4833838169265647,0.0012350203384053576,300
7,6,6,1.6,0.17500000000000002,Sstar,1.4831022082124459,0.0012257787700350558,300
7,6,6,1.6,0.18,Sstar,1.4827824031716113,0.001213971117025609,300
7,6,6,1.6,0.185,Sstar,1.482444869356928,0.0012061000681420943,300
7,6,6,1.6,0.19,Sstar,1.4820902584028257,0.0011936756415973704,300
7,6,6,1.6,0.195,Sstar,1.4817384214913711,0.001185825163036469,300
7,6,6,1.6,0.2,Sstar,1.4813501486483593,0.0011740869511184455,300
7,6,6,1.6,0.20500000000000002,Sstar,1.480953577243964,0.0011648610625141305,300
7,6,6,1.6,0.21,Sstar,1.480590854896838,0.0011597611867242392,300
7,6,6,1.6,0.215,Sstar,1.4804093654436195,0.001155571313181001,300
7,6,6,1.6,0.22,Sstar,1.4799590776719558,0.0011479554003925542,300
7,6,6,1.6,0.225,Sstar,1.4794370442558646,0.0011437984840308852,300
7,6,6,1.6,0.23,Sstar,1.478932122667703,0.0011367154076173897,300
7,6,6,1.6,0.23500000000000001,Sstar,1.4785376175881924,0.0011270950216024356,300
7,6,6,1.6,0.24,Sstar,1.4780115522820099,0.0011185778279145684,300
7,6,6,1.6,0.245,Sstar,1.4776250738121428,0.001110985385139007,300
7,6,6,1.6,0.25,Sstar,1.477241541683765,0.0011039948280918209,300
7,6,6,1.6,0.255,Sstar,1.4767912094901692,0.001095622780132907,300
7,6,6,1.6,0.26,Sstar,1.4763588635231963,0.0010889359170392534,300
7,6,6,1.6,0.265,Sstar,1.4758578115542265,0.0010829545909464273,300
7,6,6,1.6,0.27,Sstar,1.475259490641141,0.0010829139422298493,300
7,6,6,1.6,0.275,Sstar,1.4747410159483996,0.0010820846362525048,300
7,6,6,1.6,0.28,Sstar,1.4742441427638269,0.0010730122951825454,300
7,6,6,1.6,0.28500000000000003,Sstar,1.4737554634605876,0.001067753291133242,300
7,6,6,1.6,0.29,Sstar,1.4732678212253896,0.0010610322065376966,300
7,6,6,1.6,0.295,Sstar,1.472649290389749,0.0010504699932915426,300
7,6,6,1.6,0.3,Sstar,1.4721113383913074,0.0010495144638395498,300
7,6,6,1.6,0.305,Sstar,1.4715233186896477,0.0010534687375237635,300
7,6,6,1.6,0.31,Sstar,1.4709465392716894,0.0010459642209333065,300
7,6,6,1.6,0.315,Sstar,1.4704179120200596,0.0010399188396846332,300
7,6,6,1.6,0.32,Sstar,1.4697360299934865,0.0010380590194852904,300
7,6,6,1.6,0.325,Sstar,1.4691699158637455,0.001034507972425685,300
7,6,6,1.6,0.33,Sstar,1.4685742737879965,0.0010343405246707694,300
7,6,6,1.6,0.335,Sstar,1.4679570529716963,0.0010348068168061137,300
7,6,6,1.6,0.34,Sstar,1.467291481503535,0.0010367647189549203,300
7,6,6,1.6,0.34500000000000003,Sstar,1.4667791503349505,0.0010297272163405297,300
7,6,6,1.6,0.35000000000000003,Sstar,1.4661923106783168,0.0010210001441955693,300
7,6,6,1.6,0.355,Sstar,1.4656114632599508,0.001017489717387675,300
7,6,6,1.6,0.36,Sstar,1.4649666516872477,0.0010148595975431112,300
7,6,6,1.6,0.365,Sstar,1.4643365620893634,0.001015429067356114,300
7,6,6,1.6,0.37,Sstar,1.4638056460727304,0.0010046205900002372,300
7,6,6,1.6,0.375,Sstar,1.4631567023989949,0.001005413500130132,300
7,6,6,1.6,0.38,Sstar,1.4625683378858867,0.000995690372551108,300
7,6,6,1.6,0.385,Sstar,1.4618815209829235,0.000990746318857427,300
7,6,6,1.6,0.39,Sstar,1.4613748732495209,0.000987199809395158,300
7,6,6,1.6,0.395,Sstar,1.4607305234153243,0.000987994524911116,300
7,6,6,1.6,0.4,Sstar,1.460065999968981,0.0009782400642724654,300
7,6,6,1.6,0.405,Sstar,1.4594457310757973,0.0009813288772291967,300
7,6,6,1.6,0.41000000000000003,Sstar,1.458768285256166,0.0009779592861347052,300
7,6,6,1.6,0.41500000000000004,Sstar,1.4581003324905257,0.0009777668125376961,300
7,6,6,1.6,0.42,Sstar,1.4574713193752329,0.00096711984071407,300
7,6,6,1.6,0.425,Sstar,1.4568630445596782,0.0009659315498552499,300
7,6,6,1.6,0.43,Sstar,1.4562877938249355,0.0009671817511442714,300
7,6,6,1.6,0.435,Sstar,1.4556743246274104,0.0009607058944846355,300
7,6,6,1.6,0.44,Sstar,1.455120979189345,0.0009602570618707265,300
7,6,6,1.6,0.445,Sstar,1.454476640228227,0.0009575848529657329,300
7,6,6,1.6,0.45,Sstar,1.4537566062976444,0.0009537175793406359,300
7,6,6,1.6,0.455,Sstar,1.4532145871412776,0.0009492004175938261,300
7,6,6,1.6,0.46,Sstar,1.4526025285884414,0.000941790184486801,300
7,6,6,1.6,0.465,Sstar,1.4519083808136688,0.0009380042079874069,300
7,6,6,1.6,0.47000000000000003,Sstar,1.4512880496041267,0.0009352690971936972,300
7,6,6,1.6,0.47500000000000003,Sstar,1.4505568066309364,0.0009319275540320403,300
7,6,6,1.6,0.48,Sstar,1.4498693018069944,0.0009310480256512511,300
7,6,6,1.6,0.485,Sstar,1.449212489011521,0.0009220398168992905,300
7,6,6,1.6,0.49,Sstar,1.4485738516833857,0.0009160343831012578,300
7,6,6,1.6,0.495,Sstar,1.4478354530204463,0.0009111569908338173,300
7,6,6,1.6,0.5,Sstar,1.4472404473488207,0.0009067243229626444,300
7,6,6,1.6,0.505,Sstar,1.4465656770255337,0.0009024599479056968,300
7,6,6,1.6,0.51,Sstar,1.4458072823144705,0.0008982571587359181,300
7,6,6,1.6,0.515,Sstar,1.4451413019378665,0.0008883979652044146,300
7,6,6,1.6,0.52,Sstar,1.444425646115743,0.0008842126086462751,300
7,6,6,1.6,0.525,Sstar,1.4438246600481632,0.0008781312423568377,300
7,6,6,1.6,0.53,Sstar,1.4431656252490486,0.0008784286561432672,300
7,6,6,1.6,0.535,Sstar,1.44252215486866,0.0008709598002445562,300
7,6,6,1.6,0.54,Sstar,1.4418957870103688,0.000866703689030556,300
7,6,6,1.6,0.545,Sstar,1.4412682136194694,0.0008624776949428239,300
7,6,6,1.6,0.55,Sstar,1.4406842709737069,0.0008576171889867472,300
7,6,6,1.6,0.555,Sstar,1.4399649334510318,0.0008577460775888072,300
7,6,6,1.6,0.56,Sstar,1.439315431754471,0.0008566654938618458,300
7,6,6,1.6,0.5650000000000001,Sstar,1.438797680441452,0.000855016488514983,300
7,6,6,1.6,0.5700000000000001,Sstar,1.4380941260160007,0.0008514080509373812,300
7,6,6,1.6,0.5750000000000001,Sstar,1.437570336233649,0.0008442792915358966,300
7,6,6,1.6,0.58,Sstar,1.4367928681766406,0.0008407661658185793,300
7,6,6,1.6,0.585,Sstar,1.4360927311588862,0.0008383490484394384,300
7,6,6,1.6,0.59,Sstar,1.4355631733621053,0.0008384358257527613,300
7,6,6,1.6,0.595,Sstar,1.4350035209138299,0.0008371447136649646,300
7,6,6,1.6,0.6,Sstar,1.4343730201228333,0.0008317113150400838,300
7,6,6,2.0,0.0,M_sum,5.204090977452151,0.025767496197226545,300
7,6,6,2.0,0.005,M_sum,5.204213129948801,0.02580258935401434,300
7,6,6,2.0,0.01,M_sum,5.203392688258183,0.02578790222421895,300
7,6,6,2.0,0.015,M_sum,5.2030194734367035,0.025801064201606976,300
7,6,6,2.0,0.02,M_sum,5.202290734669602,0.025746220854977606,300
7,6,6,2.0,0.025,M_sum,5.201179296716237,0.025703346951817172,300
7,6,6,2.0,0.03,M_sum,5.200993119602118,0.025708548334036577,300
7,6,6,2.0,0.035,M_sum,5.199664210714548,0.025694330615153856,300
7,6,6,2.0,0.04,M_sum,5.198695880942199,0.025698414220403965,300
7,6,6,2.0,0.045,M_sum,5.197446192703414,0.025712017628995706,300
7,6,6,2.0,0.05,M_sum,5.196168900256967,0.02569942312980339,300
7,6,6,2.0,0.055,M_sum,5.194518905211605,0.025694253587113428,300
7,6,6,2.0,0.06,M_sum,5.193706504486314,0.025678157491756674,300
7,6,6,2.0,0.065,M_sum,5.1917750928816115,0.02567020629485464,300
7,6,6,2.0,0.07,M_sum,5.19021148565358,0.025649500032308637,300
7,6,6,2.0,0.075,M_sum,5.187461829470209,0.02564578074598469,300
7,6,6,2.0,0.08,M_sum,5.1854538930766525,0.02560441660211412,300
7,6,6,2.0,0.085,M_sum,5.18377638323843,0.02555636526878252,300
7,6,6,2.0,0.09,M_sum,5.181947747469619,0.025534683922916045,300
7,6,6,2.0,0.095,M_sum,5.179906393686469,0.02553863682108356,300
7,6,6,2.0,0.1,M_sum,5.176905771594472,0.025458906688850765,300
7,6,6,2.0,0.105,M_sum,5.175427353473033,0.02544607992528466,300
7,6,6,2.0,0.11,M_sum,5.173252962704231,0.025392908584866595,300
7,6,6,2.0,0.115,M_sum,5.1708125208583535,0.025349679577080904,300
7,6,6,2.0,0.12,M_sum,5.1679192103855796,0.025305506840655953,300
7,6,6,2.0,0.125,M_sum,5.1657486086536775,0.0252506884997975,300
7,6,6,2.0,0.13,M_sum,5.162563524967382,0.025177959206150978,300
7,6,6,2.0,0.135,M_sum,5.159710422785741,0.025130029013319906,300
7,6,6,2.0,0.14,M_sum,5.157106002702593,0.025076883658934523,300
7,6,6,2.0,0.145,M_sum,5.153220828231232,0.02502530132935412,300
7,6,6,2.0,0.15,M_sum,5.149255980516229,0.02494660635446993,300
7,6,6,2.0,0.155,M_sum,5.144383275971679,0.02484182319840906,300
7,6,6,2.0,0.16,M_sum,5.140267636895934,0.024758977215411586,300
7,6,6,2.0,0.165,M_sum,5.1362095077743355,0.024692255246962967,300
7,6,6,2.0,0.17,M_sum,5.132476013712368,0.02460662965618165,300
7,6,6,2.0,0.17500000000000002,M_sum,5.128753704880624,0.024532646251524105,300
7,6,6,2.0,0.18,M_sum,5.124989006835884,0.024453991760077586,300
7,6,6,2.0,0.185,M_sum,5.120519581676713,0.024369187535287603,300
7,6,6,2.0,0.19,M_sum,5.115720912680515,0.02429607816486952,300
7,6,6,2.0,0.195,M_sum,5.111438267647474,0.024204038681654612,300
7,6,6,2.0,0.2,M_sum,5.10652821885119,0.024108924292439656,300
7,6,6,2.0,0.20500000000000002,M_sum,5.101760787631636,0.024048363921359454,300
7,6,6,2.0,0.21,M_sum,5.097725015422511,0.02398971938712888,300
7,6,6,2.0,0.215,M_sum,5.092706294653506,0.023881852593678168,300
7,6,6,2.0,0.22,M_sum,5.087597909785592,0.023799105849194545,300
7,6,6,2.0,0.225,M_sum,5.082395584527417,0.02370527756715153,300
7,6,6,2.0,0.23,M_sum,5.077505189455338,0.02361391261440506,300
7,6,6,2.0,0.23500000000000001,M_sum,5.072034490254542,0.023540688364469226,300
7,6,6,2.0,0.24,M_sum,5.066505018928045,0.023443918941520897,300
7,6,6,2.0,0.245,M_sum,5.060815344783172,0.023330287647816587,300
7,6,6,2.0,0.25,M_sum,5.0545931252698715,0.0232236830394605,300
7,6,6,2.0,0.255,M_sum,5.048737990088268,0.023130674712748902,300
7,6,6,2.0,0.26,M_sum,5.043345100305537,0.023021985665865684,300
7,6,6,2.0,0.265,M_sum,5.037872015581309,0.022936668438398426,300
7,6,6,2.0,0.27,M_sum,5.032664115233917,0.02284874786916655,300
7,6,6,2.0,0.275,M_sum,5.026166413829004,0.022748545222850188,300
7,6,6,2.0,0.28,M_sum,5.020098371977677,0.022687294501096533,300
7,6,6,2.0,0.28500000000000003,M_sum,5.013624536775357,0.02257632204487791,300
7,6,6,2.0,0.29,M_sum,5.0074448659172734,0.02247473149720405,300
7,6,6,2.0,0.295,M_sum,5.000595364905417,0.022362102637846132,300
7,6,6,2.0,0.3,M_sum,4.994445536326514,0.0222714356911141,300
7,6,6,2.0,0.305,M_sum,4.988381186009249,0.022209001910456078,300
7,6,6,2.0,0.31,M_sum,4.982244271249741,0.022092754283424883,300
7,6,6,2.0,0.315,M_sum,4.976123191144997,0.02202459536169416,300
7,6,6,2.0,0.32,M_sum,4.969495571705599,0.02191134663803886,300
7,6,6,2.0,0.325,M_sum,4.9630162033242025,0.021817927577423835,300
7,6,6,2.0,0.33,M_sum,4.95644281741883,0.02170745101495499,300
7,6,6,2.0,0.335,M_sum,4.949744835640775,0.021609096569275663,300
7,6,6,2.0,0.34,M_sum,4.942453139019039,0.02151735474715125,300
7,6,6,2.0,0.34500000000000003,M_sum,4.935633824181758,0.021427557103946584,300
7,6,6,2.0,0.35000000000000003,M_sum,4.928562492739307,0.02128865469682598,300
7,6,6,2.0,0.355,M_sum,4.921445445838115,0.021199237454570943,300
7,6,6,2.0,0.36,M_sum,4.914659609492877,0.021081480034566065,300
7,6,6,2.0,0.365,M_sum,4.907843132018233,0.020999109023756804,300
7,6,6,2.0,0.37,M_sum,4.900429534312956,0.020870772343061665,300
7,6,6,2.0,0.375,M_sum,4.893018216530971,0.02078466828257721,300
7,6,6,2.0,0.38,M_sum,4.886265699782323,0.020717766893230096,300
7,6,6,2.0,0.385,M_sum,4.878676903344415,0.02062704801187079,300
7,6,6,2.0,0.39,M_sum,4.871280761965272,0.02050463776368782,300
7,6,6,2.0,0.395,M_sum,4.864318564057049,0.020435057178821225,300
7,6,6,2.0,0.4,M_sum,4.8561400277864895,0.02032650041760227,300
7,6,6,2.0,0.405,M_sum,4.848571023955542,0.020209411161596753,300
7,6,6,2.0,0.41000000000000003,M_sum,4.840787771390845,0.020128206745977446,300
7,6,6,2.0,0.41500000000000004,M_sum,4.833737224328993,0.020017481601362245,300
7,6,6,2.0,0.42,M_sum,4.825809086084308,0.019917309959744587,300
7,6,6,2.0,0.425,M_sum,4.817839760806866,0.019822472561219953,300
7,6,6,2.0,0.43,M_sum,4.810279695433467,0.019733211320454136,300
7,6,6,2.0,0.435,M_sum,4.802477187286149,0.019605639125187323,300
7,6,6,2.0,0.44,M_sum,4.795057137309075,0.019505117983478724,300
7,6,6,2.0,0.445,M_sum,4.787929986184528,0.019402038196705933,300
7,6,6,2.0,0.45,M_sum,4.779812961854803,0.019296024078773042,300
7,6,6,2.0,0.455,M_sum,4.772066068178078,0.01921976707144646,300
7,6,6,2.0,0.46,M_sum,4.764827610316602,0.019122975005043747,300
7,6,6,2.0,0.465,M_sum,4.7569245854804425,0.019005044050981048,300
7,6,6,2.0,0.47000000000000003,M_sum,4.749023349927577,0.018923302260672376,300
7,6,6,2.0,0.47500000000000003,M_sum,4.741315109874429,0.01881611622529833,300
7,6,6,2.0,0.48,M_sum,4.733060751164434,0.01870855655365437,300
7,6,6,2.0,0.485,M_sum,4.725458688333439,0.018613170858965487,300
7,6,6,2.0,0.49,M_sum,4.718094051842402,0.018510468150959157,300
7,6,6,2.0,0.495,M_sum,4.710098168560382,0.018409939117030347,300
7,6,6,2.0,0.5,M_sum,4.7021627650656335,0.018302667362744277,300
7,6,6,2.0,0.505,M_sum,4.694436758346985,0.018235095433846722,300
7,6,6,2.0,0.51,M_sum,4.68645746247005,0.018151618783627144,300
7,6,6,2.0,0.515,M_sum,4.678266592313925,0.01804715243397393,300
7,6,6,2.0,0.52,M_sum,4.671095251282158,0.017980550207875718,300
7,6,6,2.0,0.525,M_sum,4.662764285800797,0.017868681452831974,300
7,6,6,2.0,0.53,M_sum,4.654967979077102,0.017796690383249245,300
7,6,6,2.0,0.535,M_sum,4.647380738630439,0.017718101546176767,300
7,6,6,2.0,0.54,M_sum,4.63973350646249,0.01764516168193045,300
7,6,6,2.0,0.545,M_sum,4.631642933680762,0.017558647820062334,300
7,6,6,2.0,0.55,M_sum,4.623960010795202,0.017475737009138168,300
7,6,6,2.0,0.555,M_sum,4.615802745278097,0.01738097764650937,300
7,6,6,2.0,0.56,M_sum,4.6078829153932075,0.017296084239376196,300
7,6,6,2.0,0.5650000000000001,M_sum,4.600024659955085,0.017198987942255325,300
7,6,6,2.0,0.5700000000000001,M_sum,4.5920534550260745,0.01713602639199784,300
7,6,6,2.0,0.5750000000000001,M_sum,4.584330107190581,0.01702792633962477,300
7,6,6,2.0,0.58,M_sum,4.576345930092551,0.016951575995762313,300
7,6,6,2.0,0.585,M_sum,4.568504668193967,0.016866108663774828,300
7,6,6,2.0,0.59,M_sum,4.560884575163663,0.01681215606287473,300
7,6,6,2.0,0.595,M_sum,4.55257985623851,0.016727933732895366,300
7,6,6,2.0,0.6,M_sum,4.544363068457062,0.01665074827929443,300
7,6,6,2.0,0.0,S2_sum,3.784806245124167,0.014495717043504611,300
7,6,6,2.0,0.005,S2_sum,3.7848889478772305,0.014523161272032683,300
7,6,6,2.0,0.01,S2_sum,3.784312407129296,0.01451460165750129,300
7,6,6,2.0,0.015,S2_sum,3.784064037784167,0.014526046725009928,300
7,6,6,2.0,0.02,S2_sum,3.7836081814154725,0.014488175346506598,300
7,6,6,2.0,0.025,S2_sum,3.782879976097177,0.01446065412792198,300
7,6,6,2.0,0.03,S2_sum,3.7828338018668313,0.014466149843165004,300
7,6,6,2.0,0.035,S2_sum,3.7819745017152067,0.014459672584152684,300
7,6,6,2.0,0.04,S2_sum,3.7813744857907388,0.014467142604231811,300
7,6,6,2.0,0.045,S2_sum,3.780565905394407,0.01448030713989775,300
7,6,6,2.0,0.05,S2_sum,3.7797747285981456,0.014476068558759651,300
7,6,6,2.0,0.055,S2_sum,3.7787074560951304,0.014479960586741352,300
7,6,6,2.0,0.06,S2_sum,3.778264357727083,0.014472444630266828,300
7,6,6,2.0,0.065,S2_sum,3.777041782228632,0.014471117095135717,300
7,6,6,2.0,0.07,S2_sum,3.7761172568312116,0.014462005505568063,300
7,6,6,2.0,0.075,S2_sum,3.774324155319883,0.014467900969957136,300
7,6,6,2.0,0.08,S2_sum,3.773088154205196,0.014443469173254038,300
7,6,6,2.0,0.085,S2_sum,3.7721102965178406,0.014415712162224831,300
7,6,6,2.0,0.09,S2_sum,3.7710241404716065,0.014407382265108843,300
7,6,6,2.0,0.095,S2_sum,3.769789092967307,0.014419580567897468,300
7,6,6,2.0,0.1,S2_sum,3.7679006178000205,0.014370540332050354,300
7,6,6,2.0,0.105,S2_sum,3.767114121902889,0.014369383834933887,300
7,6,6,2.0,0.11,S2_sum,3.7658336736147886,0.014341219729354746,300
7,6,6,2.0,0.115,S2_sum,3.764388738800309,0.014320422899596787,300
7,6,6,2.0,0.12,S2_sum,3.7626321802757055,0.01430124544708572,300
7,6,6,2.0,0.125,S2_sum,3.7614081554438075,0.01427283491831625,300
7,6,6,2.0,0.13,S2_sum,3.7594672874071806,0.014230565273735231,300
7,6,6,2.0,0.135,S2_sum,3.7577749126404836,0.014208436272570287,300
7,6,6,2.0,0.14,S2_sum,3.756240904105633,0.014183158040160895,300
7,6,6,2.0,0.145,S2_sum,3.753803961469045,0.01415952104271897,300
7,6,6,2.0,0.15,S2_sum,3.7513262664069233,0.014117735677225815,300
7,6,6,2.0,0.155,S2_sum,3.7481983201211286,0.01405477553884796,300
7,6,6,2.0,0.16,S2_sum,3.7456239774426314,0.014008724746732986,300
7,6,6,2.0,0.165,S2_sum,3.743108290790842,0.013976534544079733,300
7,6,6,2.0,0.17,S2_sum,3.7408810251965368,0.013930751268312228,300
7,6,6,2.0,0.17500000000000002,S2_sum,3.738655061751715,0.013893421176930336,300
7,6,6,2.0,0.18,S2_sum,3.7363977945426723,0.013851182711006056,300
7,6,6,2.0,0.185,S2_sum,3.733623761091172,0.013805301127335483,300
7,6,6,2.0,0.19,S2_sum,3.7306513049816044,0.013768432286265305,300
7,6,6,2.0,0.195,S2_sum,3.728048389573973,0.013718128015964426,300
7,6,6,2.0,0.2,S2_sum,3.7250155064809194,0.013665184053510707,300
7,6,6,2.0,0.20500000000000002,S2_sum,3.722065002263335,0.013639045389750559,300
7,6,6,2.0,0.21,S2_sum,3.71969588037428,0.013614427663566365,300
7,6,6,2.0,0.215,S2_sum,3.7166323653719124,0.013555190642504565,300
7,6,6,2.0,0.22,S2_sum,3.713503982086728,0.013514328624187303,300
7,6,6,2.0,0.225,S2_sum,3.7102993534653903,0.013464065455418265,300
7,6,6,2.0,0.23,S2_sum,3.7073294027804633,0.01341680648721761,300
7,6,6,2.0,0.23500000000000001,S2_sum,3.7039547986827572,0.013384435735057487,300
7,6,6,2.0,0.24,S2_sum,3.7005741248140187,0.01333296841463465,300
7,6,6,2.0,0.245,S2_sum,3.6970813728140826,0.013269728703220494,300
7,6,6,2.0,0.25,S2_sum,3.6931737575490113,0.01321325729877302,300
7,6,6,2.0,0.255,S2_sum,3.6895565068377967,0.013165725603199833,300
7,6,6,2.0,0.26,S2_sum,3.686315779697041,0.01310924288958176,300
7,6,6,2.0,0.265,S2_sum,3.6830210499262943,0.013066520928273918,300
7,6,6,2.0,0.27,S2_sum,3.6799402279081317,0.013022243992453655,300
7,6,6,2.0,0.275,S2_sum,3.6758840969842375,0.012971079181987562,300
7,6,6,2.0,0.28,S2_sum,3.6721630624080324,0.012947135230089012,300
7,6,6,2.0,0.28500000000000003,S2_sum,3.6681710250808344,0.012888701847916028,300
7,6,6,2.0,0.29,S2_sum,3.664428234751593,0.012838508394145364,300
7,6,6,2.0,0.295,S2_sum,3.660206378863924,0.012777912678252018,300
7,6,6,2.0,0.3,S2_sum,3.656500902993736,0.01273234253483724,300
7,6,6,2.0,0.305,S2_sum,3.6528398441837218,0.012708265349588512,300
7,6,6,2.0,0.31,S2_sum,3.649130978744529,0.012643930560046306,300
7,6,6,2.0,0.315,S2_sum,3.6454348461172246,0.012616728895834248,300
7,6,6,2.0,0.32,S2_sum,3.6413972810437167,0.012556254604121122,300
7,6,6,2.0,0.325,S2_sum,3.6374798167326543,0.0125090755742027,300
7,6,6,2.0,0.33,S2_sum,3.6335029726838473,0.012448205773549397,300
7,6,6,2.0,0.335,S2_sum,3.6294415582327173,0.012400967463958683,300
7,6,6,2.0,0.34,S2_sum,3.6249410826415533,0.012354854943278818,300
7,6,6,2.0,0.34500000000000003,S2_sum,3.620790763601484,0.012312149420830884,300
7,6,6,2.0,0.35000000000000003,S2_sum,3.6164667689627117,0.012235257628619692,300
7,6,6,2.0,0.355,S2_sum,3.6121280424643327,0.012191265214470217,300
7,6,6,2.0,0.36,S2_sum,3.608066518458639,0.012127547764340232,300
7,6,6,2.0,0.365,S2_sum,3.603946091546398,0.012089235402616423,300
7,6,6,2.0,0.37,S2_sum,3.5994254248778983,0.01201643342943323,300
7,6,6,2.0,0.375,S2_sum,3.5948983680301656,0.011977972036005528,300
7,6,6,2.0,0.38,S2_sum,3.5908269999465317,0.01195372660066854,300
7,6,6,2.0,0.385,S2_sum,3.586169478687996,0.01191168177461429,300
7,6,6,2.0,0.39,S2_sum,3.5816743947475396,0.011844720113215971,300
7,6,6,2.0,0.395,S2_sum,3.5775107940127078,0.01181428813498403,300
7,6,6,2.0,0.4,S2_sum,3.572465297515391,0.011757921872144379,300
7,6,6,2.0,0.405,S2_sum,3.5678805824258424,0.011694910492397403,300
7,6,6,2.0,0.41000000000000003,S2_sum,3.5631168380075313,0.01165838331414561,300
7,6,6,2.0,0.41500000000000004,S2_sum,3.558940093533177,0.011597300863948135,300
7,6,6,2.0,0.42,S2_sum,3.5540787490975556,0.0115471489851755,300
7,6,6,2.0,0.425,S2_sum,3.5491883749218625,0.011500004675127892,300
7,6,6,2.0,0.43,S2_sum,3.544617240278119,0.01145754821381504,300
7,6,6,2.0,0.435,S2_sum,3.5398591804534925,0.011387018840014737,300
7,6,6,2.0,0.44,S2_sum,3.535393558945694,0.011334086430428351,300
7,6,6,2.0,0.445,S2_sum,3.531148843672943,0.011281612618401491,300
7,6,6,2.0,0.45,S2_sum,3.5261688544300203,0.011226321675369662,300
7,6,6,2.0,0.455,S2_sum,3.5214905411321973,0.01119223415068775,300
7,6,6,2.0,0.46,S2_sum,3.517169117371055,0.011142605642253549,300
7,6,6,2.0,0.465,S2_sum,3.512382079954823,0.01107730246720332,300
7,6,6,2.0,0.47000000000000003,S2_sum,3.5075675207342853,0.011038014653999968,300
7,6,6,2.0,0.47500000000000003,S2_sum,3.502928292916315,0.010978987978419555,300
7,6,6,2.0,0.48,S2_sum,3.4978884466331186,0.010920917267415944,300
7,6,6,2.0,0.485,S2_sum,3.4933303448270294,0.010870248321771123,300
7,6,6,2.0,0.49,S2_sum,3.48894494426124,0.010815879784655194,300
7,6,6,2.0,0.495,S2_sum,3.4841118260850386,0.010763145092552611,300
7,6,6,2.0,0.5,S2_sum,3.479298381763042,0.010705481559165652,300
7,6,6,2.0,0.505,S2_sum,3.4746468991796657,0.010675245750430285,300
7,6,6,2.0,0.51,S2_sum,3.469817744316218,0.0106330467199015,300
7,6,6,2.0,0.515,S2_sum,3.4648272387349865,0.010577371419778917,300
7,6,6,2.0,0.52,S2_sum,3.4605911009877506,0.010549447529966435,300
7,6,6,2.0,0.525,S2_sum,3.4555219038406326,0.010486321072355323,300
7,6,6,2.0,0.53,S2_sum,3.45082342755626,0.010453328791158846,300
7,6,6,2.0,0.535,S2_sum,3.446275943638598,0.0104147406568619,300
7,6,6,2.0,0.54,S2_sum,3.4416785398592538,0.01038113878200801,300
7,6,6,2.0,0.545,S2_sum,3.436788721020875,0.010335364544582067,300
7,6,6,2.0,0.55,S2_sum,3.432205114148718,0.010293409304411033,300
7,6,6,2.0,0.555,S2_sum,3.4272444600266554,0.010244606374730465,300
7,6,6,2.0,0.56,S2_sum,3.422478597217886,0.01020034877655109,300
7,6,6,2.0,0.5650000000000001,S2_sum,3.417743817534281,0.010147448543393568,300
7,6,6,2.0,0.5700000000000001,S2_sum,3.4129457915669668,0.010118100627394568,300
7,6,6,2.0,0.5750000000000001,S2_sum,3.408315045137842,0.010056982702138662,300
7,6,6,2.0,0.58,S2_sum,3.4034750876547,0.010020008549877722,300
7,6,6,2.0,0.585,S2_sum,3.3987512830835533,0.009976787937455744,300
7,6,6,2.0,0.59,S2_sum,3.3941953875701576,0.00995316425654686,300
7,6,6,2.0,0.595,S2_sum,3.389135941907517,0.009908003315550303,300
7,6,6,2.0,0.6,S2_sum,3.384132720594099,0.009869480977811743,300
7,6,6,2.0,0.0,Sstar,1.4628188930297155,0.00204458688732127,300
7,6,6,2.0,0.005,Sstar,1.4628688671879524,0.0020545541872241395,300
7,6,6,2.0,0.01,Sstar,1.4627771242277985,0.0020622685438274426,300
7,6,6,2.0,0.015,Sstar,1.4625293051796566,0.002085915139079736,300
7,6,6,2.0,0.02,Sstar,1.462291850469141,0.0020988094350896072,300
7,6,6,2.0,0.025,Sstar,1.4619210942757908,0.002113027454212857,300
7,6,6,2.0,0.03,Sstar,1.4615397471167622,0.002128939029218346,300
7,6,6,2.0,0.035,Sstar,1.461067021847019,0.002144126073851457,300
7,6,6,2.0,0.04,Sstar,1.4608464357801445,0.0021471880262402877,300
7,6,6,2.0,0.045,Sstar,1.4607049236552874,0.002148650241033704,300
7,6,6,2.0,0.05,Sstar,1.4606297744123322,0.0021371560344951353,300
7,6,6,2.0,0.055,Sstar,1.4605754842203196,0.0021335556240411825,300
7,6,6,2.0,0.06,Sstar,1.4607603613515225,0.0021262894344180076,300
7,6,6,2.0,0.065,Sstar,1.460823349484109,0.0021158244913980205,300
7,6,6,2.0,0.07,Sstar,1.4610617704086108,0.0021065669761274907,300
7,6,6,2.0,0.075,Sstar,1.4610456829127376,0.0021021856166956393,300
7,6,6,2.0,0.08,Sstar,1.4611739604454754,0.0020931609016642603,300
7,6,6,2.0,0.085,Sstar,1.4614158951712135,0.002084074838009543,300
7,6,6,2.0,0.09,Sstar,1.4616983180171637,0.002074357110426948,300
7,6,6,2.0,0.095,Sstar,1.4619290897130113,0.0020676756366113467,300
7,6,6,2.0,0.1,Sstar,1.462093276713663,0.0020491740647594742,300
7,6,6,2.0,0.105,Sstar,1.4624030109469308,0.0020469261431196543,300
7,6,6,2.0,0.11,Sstar,1.4626869684052644,0.002029080894855029,300
7,6,6,2.0,0.115,Sstar,1.4628227637587077,0.002022096022487866,300
7,6,6,2.0,0.12,Sstar,1.46302035268122,0.0020186276701601633,300
7,6,6,2.0,0.125,Sstar,1.463279234989888,0.002003721971942365,300
7,6,6,2.0,0.13,Sstar,1.4633508839126113,0.001990015393763573,300
7,6,6,2.0,0.135,Sstar,1.463513729127542,0.001973321601200983,300
7,6,6,2.0,0.14,Sstar,1.4636679624711322,0.0019641114087030173,300
7,6,6,2.0,0.145,Sstar,1.4636289267786329,0.001952650059115402,300
7,6,6,2.0,0.15,Sstar,1.4636188032197355,0.0019359756696814097,300
7,6,6,2.0,0.155,Sstar,1.4634617362809326,0.0019217925304275808,300
7,6,6,2.0,0.16,Sstar,1.4633291502744994,0.001905883350008708,300
7,6,6,2.0,0.165,Sstar,1.4632890888083976,0.0018945984532150442,300
7,6,6,2.0,0.17,Sstar,1.4631918062145897,0.0018822958264282695,300
7,6,6,2.0,0.17500000000000002,Sstar,1.463216159506021,0.0018658425631349136,300
7,6,6,2.0,0.18,Sstar,1.4631190288732439,0.001850948522470554,300
7,6,6,2.0,0.185,Sstar,1.4629613998548365,0.001839011732689061,300
7,6,6,2.0,0.19,Sstar,1.462795664798765,0.0018275355465718001,300
7,6,6,2.0,0.195,Sstar,1.4627553272068372,0.0018109400306975144,300
7,6,6,2.0,0.2,Sstar,1.4625916370772298,0.001795312627564774,300
7,6,6,2.0,0.20500000000000002,Sstar,1.462386990231156,0.0017830614395200294,300
7,6,6,2.0,0.21,Sstar,1.4622699764762166,0.0017730500713819266,300
7,6,6,2.0,0.215,Sstar,1.4621441606836276,0.001757990319292226,300
7,6,6,2.0,0.22,Sstar,1.4619972252993276,0.0017429748860501946,300
7,6,6,2.0,0.225,Sstar,1.4617467872233947,0.0017263759465415427,300
7,6,6,2.0,0.23,Sstar,1.4616016859323167,0.0017120268955830486,300
7,6,6,2.0,0.23500000000000001,Sstar,1.4613290327693256,0.0017027415915327057,300
7,6,6,2.0,0.24,Sstar,1.4610557287200965,0.0016872015244972203,300
7,6,6,2.0,0.245,Sstar,1.4607661967831598,0.0016764594222341842,300
7,6,6,2.0,0.25,Sstar,1.4604322846688127,0.0016628119611450456,300
7,6,6,2.0,0.255,Sstar,1.4601280287691063,0.0016504759046541628,300
7,6,6,2.0,0.26,Sstar,1.4599381559956912,0.0016402197529875602,300
7,6,6,2.0,0.265,Sstar,1.4597297149619914,0.001629677852623066,300
7,6,6,2.0,0.27,Sstar,1.459508351674003,0.001614253660764177,300
7,6,6,2.0,0.275,Sstar,1.4592099914426877,0.0015990394091968344,300
7,6,6,2.0,0.28,Sstar,1.4588268072793775,0.0015916466825694545,300
7,6,6,2.0,0.28500000000000003,Sstar,1.4583955676020373,0.0015799329339956124,300
7,6,6,2.0,0.29,Sstar,1.4581165238618325,0.0015700942773724375,300
7,6,6,2.0,0.295,Sstar,1.4577085881206227,0.0015481314045744199,300
7,6,6,2.0,0.3,Sstar,1.4573713815675047,0.0015388212161007266,300
7,6,6,2.0,0.305,Sstar,1.4570282462626816,0.0015333287349312626,300
7,6,6,2.0,0.31,Sstar,1.4567032216957458,0.0015179992315040392,300
7,6,6,2.0,0.315,Sstar,1.4562746950644907,0.0015076026395419528,300
7,6,6,2.0,0.32,Sstar,1.4559247437185507,0.001489970492003076,300
7,6,6,2.0,0.325,Sstar,1.455523431820276,0.0014778993480365488,300
7,6,6,2.0,0.33,Sstar,1.4550086026570925,0.0014666523207650859,300
7,6,6,2.0,0.335,Sstar,1.4545931071356546,0.0014576599241215517,300
7,6,6,2.0,0.34,Sstar,1.4541168470411485,0.00144781373543246,300
7,6,6,2.0,0.34500000000000003,Sstar,1.4536731236785732,0.0014412728591616285,300
7,6,6,2.0,0.35000000000000003,Sstar,1.4532487351241812,0.0014263515540310838,300
7,6,6,2.0,0.355,Sstar,1.4528296104917318,0.0014154886174810618,300
7,6,6,2.0,0.36,Sstar,1.4523798680032352,0.0013998299396166388,300
7,6,6,2.0,0.365,Sstar,1.4519287897560258,0.0013886361939183392,300
7,6,6,2.0,0.37,Sstar,1.451370181633946,0.0013761306936967074,300
7,6,6,2.0,0.375,Sstar,1.4508447843007974,0.0013689287505539288,300
7,6,6,2.0,0.38,Sstar,1.450423132945201,0.0013595257393800913,300
7,6,6,2.0,0.385,Sstar,1.4498552422222528,0.0013464558306898334,300
7,6,6,2.0,0.39,Sstar,1.4493655055538515,0.0013308605717123685,300
7,6,6,2.0,0.395,Sstar,1.4490001316071368,0.0013209498425578422,300
7,6,6,2.0,0.4,Sstar,1.4484488331093528,0.0013088268914415982,300
7,6,6,2.0,0.405,Sstar,1.4479310822523714,0.0012975538529635198,300
7,6,6,2.0,0.41000000000000003,Sstar,1.4473800159648436,0.0012874087899911518,300
7,6,6,2.0,0.41500000000000004,Sstar,1.446872904351425,0.0012850388165118294,300
7,6,6,2.0,0.42,Sstar,1.4463329208722313,0.001271174249828435,300
7,6,6,2.0,0.425,Sstar,1.445763783204951,0.0012641867775570375,300
7,6,6,2.0,0.43,Sstar,1.4452481713535519,0.0012591304034984168,300
7,6,6,2.0,0.435,Sstar,1.4446739472502492,0.0012465447457199418,300
7,6,6,2.0,0.44,Sstar,1.4442538121625426,0.0012394108749237507,300
7,6,6,2.0,0.445,Sstar,1.4437668439929086,0.0012232169920202874,300
7,6,6,2.0,0.45,Sstar,1.4431890005636117,0.0012165874008991384,300
7,6,6,2.0,0.455,Sstar,1.442597383271482,0.001208882172232896,300
7,6,6,2.0,0.46,Sstar,1.4421735289074973,0.001194593726011581,300
7,6,6,2.0,0.465,Sstar,1.4416596008083222,0.0011793699918554589,300
7,6,6,2.0,0.47000000000000003,Sstar,1.4411819179321876,0.001169065891104754,300
7,6,6,2.0,0.47500000000000003,Sstar,1.4406435635989379,0.001159321740619845,300
7,6,6,2.0,0.48,Sstar,1.4400797059111334,0.001148977628743212,300
7,6,6,2.0,0.485,Sstar,1.4395736584980485,0.00114186910127925,300
7,6,6,2.0,0.49,Sstar,1.439109751915759,0.0011336139835983663,300
7,6,6,2.0,0.495,Sstar,1.4385514500411607,0.00112976615811633,300
7,6,6,2.0,0.5,Sstar,1.4380121705228537,0.0011201801505023616,300
7,6,6,2.0,0.505,Sstar,1.4373943906717315,0.0011187255555749412,300
7,6,6,2.0,0.51,Sstar,1.436733752799177,0.0011109568747783767,300
7,6,6,2.0,0.515,Sstar,1.4361109700043544,0.001103058623448023,300
7,6,6,2.0,0.52,Sstar,1.4356744693621593,0.001089489467928983,300
7,6,6,2.0,0.525,Sstar,1.4350767582093462,0.0010790304685372638,300
7,6,6,2.0,0.53,Sstar,1.434618703009751,0.0010769007099523638,300
7,6,6,2.0,0.535,Sstar,1.4341388439061513,0.0010629496375717997,300
7,6,6,2.0,0.54,Sstar,1.4337128538516748,0.001050819529585741,300
7,6,6,2.0,0.545,Sstar,1.4331797665985162,0.0010452943067063576,300
7,6,6,2.0,0.55,Sstar,1.4327331016937481,0.001040377722986079,300
7,6,6,2.0,0.555,Sstar,1.432096385905167,0.0010381016489191116,300
7,6,6,2.0,0.56,Sstar,1.4315061209646822,0.001031764243551317,300
7,6,6,2.0,0.5650000000000001,Sstar,1.4310381669959311,0.0010214826150044382,300
7,6,6,2.0,0.5700000000000001,Sstar,1.4305541977253933,0.001013757675024727,300
7,6,6,2.0,0.5750000000000001,Sstar,1.430076035669794,0.0010018560082853034,300
7,6,6,2.0,0.58,Sstar,1.4295663793058793,0.0009933215494939997,300
7,6,6,2.0,0.585,Sstar,1.4289809176163475,0.0009865523389723135,300
7,6,6,2.0,0.59,Sstar,1.4284914167507607,0.0009849922447541068,300
7,6,6,2.0,0.595,Sstar,1.4278980247432285,0.000976739222478761,300
7,6,6,2.0,0.6,Sstar,1.4272823176747123,0.0009650674157489118,300
7,6,6,2.5,0.0,M_sum,4.857118059418841,0.030798262505583464,300
7,6,6,2.5,0.005,M_sum,4.857075311512994,0.030808354919503442,300
7,6,6,2.5,0.01,M_sum,4.8567369037297405,0.030806188106877515,300
7,6,6,2.5,0.015,M_sum,4.855828059875851,0.030787616968986294,300
7,6,6,2.5,0.02,M_sum,4.856009954107511,0.030822979988840007,300
7,6,6,2.5,0.025,M_sum,4.855251077347832,0.030764491723720262,300
7,6,6,2.5,0.03,M_sum,4.854077697752884,0.030704119519732696,300
7,6,6,2.5,0.035,M_sum,4.853849797951252,0.030701286687603562,300
7,6,6,2.5,0.04,M_sum,4.853373203161023,0.03070765667690622,300
7,6,6,2.5,0.045,M_sum,4.852220934625651,0.03069049028554791,300
7,6,6,2.5,0.05,M_sum,4.851253997973282,0.03068792771485213,300
7,6,6,2.5,0.055,M_sum,4.850272009785659,0.030693955668485946,300
7,6,6,2.5,0.06,M_sum,4.848837589012555,0.030675543562102052,300
7,6,6,2.5,0.065,M_sum,4.847790816028412,0.030654031231878962,300
7,6,6,2.5,0.07,M_sum,4.846323759799276,0.03064275279787756,300
7,6,6,2.5,0.075,M_sum,4.845743403243494,0.030623402665917423,300
7,6,6,2.5,0.08,M_sum,4.84402292373394,0.030591154667682065,300
7,6,6,2.5,0.085,M_sum,4.842605112417725,0.030566088105926793,300
7,6,6,2.5,0.09,M_sum,4.840862620692918,0.030568944304905348,300
7,6,6,2.5,0.095,M_sum,4.838368717754756,0.03053425013687856,300
7,6,6,2.5,0.1,M_sum,4.836669757851526,0.030492162390033856,300
7,6,6,2.5,0.105,M_sum,4.8348154783060435,0.030439618956767205,300
7,6,6,2.5,0.11,M_sum,4.83366079711551,0.030395098008174536,300
7,6,6,2.5,0.115,M_sum,4.831568219526669,0.030384647749211534,300
7,6,6,2.5,0.12,M_sum,4.829364843164012,0.030338580505888467,300
7,6,6,2.5,0.125,M_sum,4.82696605355743,0.03027454957496558,300
7,6,6,2.5,0.13,M_sum,4.825301100648917,0.030231822431321963,300
7,6,6,2.5,0.135,M_sum,4.8237934293862885,0.030189257110854878,300
7,6,6,2.5,0.14,M_sum,4.821171942766749,0.030136746195118684,300
7,6,6,2.5,0.145,M_sum,4.8190123842277615,0.030077470188074374,300
7,6,6,2.5,0.15,M_sum,4.816475688543346,0.030026394805126696,300
7,6,6,2.5,0.155,M_sum,4.814320714122178,0.029958559746159696,300
7,6,6,2.5,0.16,M_sum,4.812001004017493,0.029893344059621612,300
7,6,6,2.5,0.165,M_sum,4.808982197535712,0.029819447060616917,300
7,6,6,2.5,0.17,M_sum,4.806136721576115,0.029762866474427788,300
7,6,6,2.5,0.17500000000000002,M_sum,4.803942409968636,0.029698242518260004,300
7,6,6,2.5,0.18,M_sum,4.800815645842605,0.02963642060803942,300
7,6,6,2.5,0.185,M_sum,4.796839937057343,0.02955498219633574,300
7,6,6,2.5,0.19,M_sum,4.793426681164446,0.029477624886282566,300
7,6,6,2.5,0.195,M_sum,4.789297468173478,0.029366847596254606,300
7,6,6,2.5,0.2,M_sum,4.785566230268005,0.029268349261101556,300
7,6,6,2.5,0.20500000000000002,M_sum,4.782178348389363,0.029180902775342722,300
7,6,6,2.5,0.21,M_sum,4.778340907445307,0.02906740631083034,300
7,6,6,2.5,0.215,M_sum,4.775375957461457,0.02900521007757451,300
7,6,6,2.5,0.22,M_sum,4.771612668368884,0.028921206586474256,300
7,6,6,2.5,0.225,M_sum,4.768202071064208,0.028835581887751496,300
7,6,6,2.5,0.23,M_sum,4.76447455601508,0.028756792629727555,300
7,6,6,2.5,0.23500000000000001,M_sum,4.75983342963653,0.02864739709887442,300
7,6,6,2.5,0.24,M_sum,4.756419228553516,0.028566505551129478,300
7,6,6,2.5,0.245,M_sum,4.752175507719138,0.028451128687888457,300
7,6,6,2.5,0.25,M_sum,4.747643703524877,0.028357706207097638,300
7,6,6,2.5,0.255,M_sum,4.743748319432001,0.02829517857095541,300
7,6,6,2.5,0.26,M_sum,4.739697910642,0.028209461903155913,300
7,6,6,2.5,0.265,M_sum,4.7354030269938505,0.028111836120712025,300
7,6,6,2.5,0.27,M_sum,4.730890788510629,0.027987868701422298,300
7,6,6,2.5,0.275,M_sum,4.726295424406472,0.02789652033201345,300
7,6,6,2.5,0.28,M_sum,4.7217953890935345,0.02779688161066026,300
7,6,6,2.5,0.28500000000000003,M_sum,4.717204161542063,0.027687084041451853,300
7,6,6,2.5,0.29,M_sum,4.712636617076345,0.027598609843300263,300
7,6,6,2.5,0.295,M_sum,4.707753348283737,0.02749675572395938,300
7,6,6,2.5,0.3,M_sum,4.702736623753751,0.02738747214303534,300
7,6,6,2.5,0.305,M_sum,4.697570482835405,0.027264076587237163,300
7,6,6,2.5,0.31,M_sum,4.692305355271956,0.027135203514184175,300
7,6,6,2.5,0.315,M_sum,4.687437378803132,0.027013984259256395,300
7,6,6,2.5,0.32,M_sum,4.681814023521312,0.02692025372064869,300
7,6,6,2.5,0.325,M_sum,4.676962310337913,0.026808091348466786,300
7,6,6,2.5,0.33,M_sum,4.671848372942482,0.026701433169817452,300
7,6,6,2.5,0.335,M_sum,4.667285439230842,0.026597424418490435,300
7,6,6,2.5,0.34,M_sum,4.661677869817184,0.026485557556558008,300
7,6,6,2.5,0.34500000000000003,M_sum,4.656275232332131,0.02639441031427389,300
7,6,6,2.5,0.35000000000000003,M_sum,4.650849203122187,0.026310034552738257,300
7,6,6,2.5,0.355,M_sum,4.645121133303615,0.02619034472386643,300
7,6,6,2.5,0.36,M_sum,4.639651812514188,0.02606422524689742,300
7,6,6,2.5,0.365,M_sum,4.6336093815854085,0.025939834333886608,300
7,6,6,2.5,0.37,M_sum,4.6277963834688745,0.025829079177132144,300
7,6,6,2.5,0.375,M_sum,4.6221691981748805,0.025727138080332494,300
7,6,6,2.5,0.38,M_sum,4.616663981224817,0.02564368446886641,300
7,6,6,2.5,0.385,M_sum,4.611106732138733,0.02552495099693319,300
7,6,6,2.5,0.39,M_sum,4.605840025889901,0.025414923177332998,300
7,6,6,2.5,0.395,M_sum,4.600311777636394,0.025325030619858777,300
7,6,6,2.5,0.4,M_sum,4.59412182088976,0.02520126418559949,300
7,6,6,2.5,0.405,M_sum,4.588275553997397,0.025094758925521418,300
7,6,6,2.5,0.41000000000000003,M_sum,4.5823351730364665,0.024975543086351755,300
7,6,6,2.5,0.41500000000000004,M_sum,4.576255859547076,0.024861187013109236,300
7,6,6,2.5,0.42,M_sum,4.570157324083793,0.0247397428793715,300
7,6,6,2.5,0.425,M_sum,4.56388638577892,0.024645534790153738,300
7,6,6,2.5,0.43,M_sum,4.557952124686808,0.02454504513549295,300
7,6,6,2.5,0.435,M_sum,4.551406757231913,0.02439447494083996,300
7,6,6,2.5,0.44,M_sum,4.545436215466156,0.024291218129968154,300
7,6,6,2.5,0.445,M_sum,4.538970503095399,0.024177052859281692,300
7,6,6,2.5,0.45,M_sum,4.532818275907504,0.024045948778150642,300
7,6,6,2.5,0.455,M_sum,4.526641427653402,0.023948141579464458,300
7,6,6,2.5,0.46,M_sum,4.520008106052464,0.023825894550003744,300
7,6,6,2.5,0.465,M_sum,4.5136792248416775,0.023717089055895032,300
7,6,6,2.5,0.47000000000000003,M_sum,4.507158768200487,0.023604076384613034,300
7,6,6,2.5,0.47500000000000003,M_sum,4.501122395392588,0.023515984587851747,300
7,6,6,2.5,0.48,M_sum,4.494441113862456,0.023401703627666828,300
7,6,6,2.5,0.485,M_sum,4.488045019487002,0.023291480335343204,300
7,6,6,2.5,0.49,M_sum,4.481542007818221,0.02318404335798106,300
7,6,6,2.5,0.495,M_sum,4.4746611459094705,0.023081153626558056,300
7,6,6,2.5,0.5,M_sum,4.467651191998602,0.022965384275786573,300
7,6,6,2.5,0.505,M_sum,4.460841022687433,0.022836818183522387,300
7,6,6,2.5,0.51,M_sum,4.453947647340533,0.022733829772954614,300
7,6,6,2.5,0.515,M_sum,4.447375024951387,0.022619015477126712,300
7,6,6,2.5,0.52,M_sum,4.440965195120117,0.0225179781643054,300
7,6,6,2.5,0.525,M_sum,4.43388221765118,0.022404732184044738,300
7,6,6,2.5,0.53,M_sum,4.426905600738822,0.02230366295043127,300
7,6,6,2.5,0.535,M_sum,4.420017512994432,0.022191225390426065,300
7,6,6,2.5,0.54,M_sum,4.413097622033742,0.02207375220835633,300
7,6,6,2.5,0.545,M_sum,4.406259150399275,0.021952454111862484,300
7,6,6,2.5,0.55,M_sum,4.399755959183839,0.021844167869154888,300
7,6,6,2.5,0.555,M_sum,4.393409299566387,0.02172419488769099,300
7,6,6,2.5,0.56,M_sum,4.38646103851029,0.02161416516611364,300
7,6,6,2.5,0.5650000000000001,M_sum,4.379383590772578,0.02151230280871592,300
7,6,6,2.5,0.5700000000000001,M_sum,4.372690080664388,0.021420690286263287,300
7,6,6,2.5,0.5750000000000001,M_sum,4.36609863377282,0.0213187283822726,300
7,6,6,2.5,0.58,M_sum,4.358922713209448,0.021195322010576507,300
7,6,6,2.5,0.585,M_sum,4.3520757813427755,0.021111055144394923,300
7,6,6,2.5,0.59,M_sum,4.345350375944668,0.020994052991863424,300
7,6,6,2.5,0.595,M_sum,4.338332677446221,0.02088859308330146,300
7,6,6,2.5,0.6,M_sum,4.331001680040653,0.02077250592016761,300
7,6,6,2.5,0.0,S2_sum,3.581967304479987,0.01777813871319875,300
7,6,6,2.5,0.005,S2_sum,3.581940721500934,0.017786625537402036,300
7,6,6,2.5,0.01,S2_sum,3.5816888853777193,0.017787108902548626,300
7,6,6,2.5,0.015,S2_sum,3.581056247052757,0.017774787208217187,300
7,6,6,2.5,0.02,S2_sum,3.5812111347216318,0.017802969096816824,300
7,6,6,2.5,0.025,S2_sum,3.580722920265152,0.017762397899633863,300
7,6,6,2.5,0.03,S2_sum,3.5799357291452973,0.017722059851381186,300
7,6,6,2.5,0.035,S2_sum,3.5798503063028524,0.017722163292502084,300
7,6,6,2.5,0.04,S2_sum,3.579589824858844,0.017729859278968987,300
7,6,6,2.5,0.045,S2_sum,3.578842484166003,0.01772249165075784,300
7,6,6,2.5,0.05,S2_sum,3.578228897038651,0.01772588380058555,300
7,6,6,2.5,0.055,S2_sum,3.5775903249832033,0.01773407976509868,300
7,6,6,2.5,0.06,S2_sum,3.57665768509978,0.017726089223522815,300
7,6,6,2.5,0.065,S2_sum,3.5760087538025878,0.01771750846681993,300
7,6,6,2.5,0.07,S2_sum,3.575058012981286,0.01771569112890588,300
7,6,6,2.5,0.075,S2_sum,3.574774488327006,0.01770731303820245,300
7,6,6,2.5,0.08,S2_sum,3.573678756973728,0.0176896045870332,300
7,6,6,2.5,0.085,S2_sum,3.5728267670782192,0.017677686956759243,300
7,6,6,2.5,0.09,S2_sum,3.571724781111455,0.017688584242402283,300
7,6,6,2.5,0.095,S2_sum,3.570091578035391,0.01767310244981567,300
7,6,6,2.5,0.1,S2_sum,3.569058134009981,0.01764909952791401,300
7,6,6,2.5,0.105,S2_sum,3.5679168176837743,0.017618969723937387,300
7,6,6,2.5,0.11,S2_sum,3.567313272463143,0.01759547272260153,300
7,6,6,2.5,0.115,S2_sum,3.5659819931274837,0.01759792822936061,300
7,6,6,2.5,0.12,S2_sum,3.5646285193390774,0.017575450288831722,300
7,6,6,2.5,0.125,S2_sum,3.5631239605944582,0.017539129071527923,300
7,6,6,2.5,0.13,S2_sum,3.562173525336452,0.017518079514255026,300
7,6,6,2.5,0.135,S2_sum,3.5613473223601955,0.017498583850260954,300
7,6,6,2.5,0.14,S2_sum,3.559699699295248,0.017474107250716752,300
7,6,6,2.5,0.145,S2_sum,3.558424600119548,0.017442638679910524,300
7,6,6,2.5,0.15,S2_sum,3.556883628606219,0.017419985131651383,300
7,6,6,2.5,0.155,S2_sum,3.5556321438606258,0.017383619210811746,300
7,6,6,2.5,0.16,S2_sum,3.5542727339602265,0.017348580436743203,300
7,6,6,2.5,0.165,S2_sum,3.5523974629585147,0.01730920773385045,300
7,6,6,2.5,0.17,S2_sum,3.5506518666334537,0.017282365174707118,300
7,6,6,2.5,0.17500000000000002,S2_sum,3.5493780916982502,0.017249640589245628,300
7,6,6,2.5,0.18,S2_sum,3.547450843477312,0.017220425633664212,300
7,6,6,2.5,0.185,S2_sum,3.544863315376637,0.017178003380870457,300
7,6,6,2.5,0.19,S2_sum,3.5427358976627534,0.01713695829370263,300
7,6,6,2.5,0.195,S2_sum,3.540100783313827,0.01707081264417466,300
7,6,6,2.5,0.2,S2_sum,3.537732498593438,0.017016055927575765,300
7,6,6,2.5,0.20500000000000002,S2_sum,3.5356482164712233,0.016971080967620344,300
7,6,6,2.5,0.21,S2_sum,3.533267169399678,0.01690644373604263,300
7,6,6,2.5,0.215,S2_sum,3.5315269673690577,0.016878203660184377,300
7,6,6,2.5,0.22,S2_sum,3.529213730877578,0.016834798994477564,300
7,6,6,2.5,0.225,S2_sum,3.527142805887072,0.016789529706753195,300
7,6,6,2.5,0.23,S2_sum,3.5248352301231427,0.016749236978983673,300
7,6,6,2.5,0.23500000000000001,S2_sum,3.521895048704686,0.016689371902779394,300
7,6,6,2.5,0.24,S2_sum,3.519853229771556,0.0166488622054614,300
7,6,6,2.5,0.245,S2_sum,3.517215935374236,0.01658391531440468,300
7,6,6,2.5,0.25,S2_sum,3.5143692644920543,0.01653460911540177,300
7,6,6,2.5,0.255,S2_sum,3.511972474220541,0.01651002993688489,300
7,6,6,2.5,0.26,S2_sum,3.5095192125662122,0.016466871935541683,300
7,6,6,2.5,0.265,S2_sum,3.5068928094712337,0.016416996226082798,300
7,6,6,2.5,0.27,S2_sum,3.5041045839192453,0.016346832918664792,300
7,6,6,2.5,0.275,S2_sum,3.501263686413456,0.016302071108815777,300
7,6,6,2.5,0.28,S2_sum,3.4984852212396755,0.016248609430100317,300
7,6,6,2.5,0.28500000000000003,S2_sum,3.495645757146355,0.01619170501405028,300
7,6,6,2.5,0.29,S2_sum,3.492823843137286,0.016148357385696428,300
7,6,6,2.5,0.295,S2_sum,3.489789783270641,0.016096385577652937,300
7,6,6,2.5,0.3,S2_sum,3.48668484032644,0.016038424514593978,300
7,6,6,2.5,0.305,S2_sum,3.483461136480934,0.015969906089147425,300
7,6,6,2.5,0.31,S2_sum,3.480164706764536,0.015898666588823582,300
7,6,6,2.5,0.315,S2_sum,3.477181609025234,0.0158318054266697,300
7,6,6,2.5,0.32,S2_sum,3.4736230492853375,0.01578642747442031,300
7,6,6,2.5,0.325,S2_sum,3.4706771517877573,0.01572854603894877,300
7,6,6,2.5,0.33,S2_sum,3.4675372301228338,0.015671861377949434,300
7,6,6,2.5,0.335,S2_sum,3.464833338257594,0.015618525476615781,300
7,6,6,2.5,0.34,S2_sum,3.4613274589334804,0.0155608890440453,300
7,6,6,2.5,0.34500000000000003,S2_sum,3.457971193350874,0.015516967467345143,300
7,6,6,2.5,0.35000000000000003,S2_sum,3.4546101375028866,0.01547833107022904,300
7,6,6,2.5,0.355,S2_sum,3.4510465874635474,0.015415777773291261,300
7,6,6,2.5,0.36,S2_sum,3.4476964753676027,0.015347444784015956,300
7,6,6,2.5,0.365,S2_sum,3.443942067145098,0.015281198202031537,300
7,6,6,2.5,0.37,S2_sum,3.4403473564181946,0.015222996927720148,300
7,6,6,2.5,0.375,S2_sum,3.436903437778235,0.015171669109594619,300
7,6,6,2.5,0.38,S2_sum,3.433520871605736,0.01513530941670533,300
7,6,6,2.5,0.385,S2_sum,3.4301247623055784,0.015070402202361022,300
7,6,6,2.5,0.39,S2_sum,3.426944982631597,0.015011694146933855,300
7,6,6,2.5,0.395,S2_sum,3.4235537134681895,0.014971288556269568,300
7,6,6,2.5,0.4,S2_sum,3.4196975625445476,0.014904476153391726,300
7,6,6,2.5,0.405,S2_sum,3.4161214468052905,0.014850364414178968,300
7,6,6,2.5,0.41000000000000003,S2_sum,3.412452012712592,0.01478447459053361,300
7,6,6,2.5,0.41500000000000004,S2_sum,3.4087101118769474,0.01472558733777875,300
7,6,6,2.5,0.42,S2_sum,3.4049685810565475,0.014662193900930688,300
7,6,6,2.5,0.425,S2_sum,3.4010599320615165,0.014614680002717028,300
7,6,6,2.5,0.43,S2_sum,3.397402245686169,0.014566647569364122,300
7,6,6,2.5,0.435,S2_sum,3.3933268539508026,0.014480994197821596,300
7,6,6,2.5,0.44,S2_sum,3.3896665319319803,0.01442893922966216,300
7,6,6,2.5,0.445,S2_sum,3.3856759921092183,0.014367798166660213,300
7,6,6,2.5,0.45,S2_sum,3.38192777412585,0.014295960179714125,300
7,6,6,2.5,0.455,S2_sum,3.378115217666052,0.014247354441476956,300
7,6,6,2.5,0.46,S2_sum,3.3740208591975893,0.014179749941768155,300
7,6,6,2.5,0.465,S2_sum,3.370120129765048,0.014124838041701721,300
7,6,6,2.5,0.47000000000000003,S2_sum,3.3660975589062656,0.014068007966096795,300
7,6,6,2.5,0.47500000000000003,S2_sum,3.36239713074399,0.014027956166771792,300
7,6,6,2.5,0.48,S2_sum,3.3582403987400165,0.01396921157978454,300
7,6,6,2.5,0.485,S2_sum,3.354316850663949,0.013912707635189108,300
7,6,6,2.5,0.49,S2_sum,3.3503140343253497,0.013855637524905432,300
7,6,6,2.5,0.495,S2_sum,3.3460483657562508,0.013803546796049757,300
7,6,6,2.5,0.5,S2_sum,3.341692511448058,0.013742006562740662,300
7,6,6,2.5,0.505,S2_sum,3.3375004255119487,0.013671533684211314,300
7,6,6,2.5,0.51,S2_sum,3.33320812508384,0.013618759186607524,300
7,6,6,2.5,0.515,S2_sum,3.3291860326130216,0.013556613238157513,300
7,6,6,2.5,0.52,S2_sum,3.3252891204761945,0.013504752760676657,300
7,6,6,2.5,0.525,S2_sum,3.3208761304892027,0.013444762210422965,300
7,6,6,2.5,0.53,S2_sum,3.3165251861669227,0.013394098931663868,300
7,6,6,2.5,0.535,S2_sum,3.312265944451355,0.013335165107508958,300
7,6,6,2.5,0.54,S2_sum,3.3079943328563974,0.013270695780037138,300
7,6,6,2.5,0.545,S2_sum,3.3037431342968495,0.013204554194321863,300
7,6,6,2.5,0.55,S2_sum,3.2997865813269294,0.013146793973553596,300
7,6,6,2.5,0.555,S2_sum,3.2959281411997563,0.013081703704087967,300
7,6,6,2.5,0.56,S2_sum,3.291616914924346,0.013023553951900385,300
7,6,6,2.5,0.5650000000000001,S2_sum,3.287223869670775,0.012969663863228934,300
7,6,6,2.5,0.5700000000000001,S2_sum,3.2831309525853705,0.01292500519974459,300
7,6,6,2.5,0.5750000000000001,S2_sum,3.2790934749286103,0.012871163643178783,300
7,6,6,2.5,0.58,S2_sum,3.274637328408424,0.012801899968558296,300
7,6,6,2.5,0.585,S2_sum,3.270410874981984,0.012761237493501321,300
7,6,6,2.5,0.59,S2_sum,3.2662737769389025,0.012695293053776289,300
7,6,6,2.5,0.595,S2_sum,3.261940853884414,0.012637692368848,300
7,6,6,2.5,0.6,S2_sum,3.2573737199798916,0.012573266797056446,300
7,6,6,2.5,0.0,Sstar,1.434807899625609,0.0025845323042941923,300
7,6,6,2.5,0.005,Sstar,1.4348243125117608,0.0025906766106800335,300
7,6,6,2.5,0.01,Sstar,1.4346656076529676,0.002598189785280626,300
7,6,6,2.5,0.015,Sstar,1.4343616066489777,0.002606884704700223,300
7,6,6,2.5,0.02,Sstar,1.4340144078879005,0.002623995991799597,300
7,6,6,2.5,0.025,Sstar,1.4335533634211655,0.002626635206136706,300
7,6,6,2.5,0.03,Sstar,1.4332376777780194,0.002628748296829093,300
7,6,6,2.5,0.035,Sstar,1.4330440863984917,0.0026269460561684026,300
7,6,6,2.5,0.04,Sstar,1.4328348103389303,0.0026338206145853807,300
7,6,6,2.5,0.045,Sstar,1.4327049072147369,0.0026312333937545083,300
7,6,6,2.5,0.05,Sstar,1.4326646702019916,0.002629139340220771,300
7,6,6,2.5,0.055,Sstar,1.4327996517648989,0.0026247326142438327,300
7,6,6,2.5,0.06,Sstar,1.4329134172872318,0.002613314228961544,300
7,6,6,2.5,0.065,Sstar,1.4331730299341614,0.0026072161657166616,300
7,6,6,2.5,0.07,Sstar,1.4333743231651355,0.002603179047983566,300
7,6,6,2.5,0.075,Sstar,1.4337305655702055,0.0025985442770365104,300
7,6,6,2.5,0.08,Sstar,1.4340128219549066,0.002590178308493715,300
7,6,6,2.5,0.085,Sstar,1.434206520529218,0.0025919061650478774,300
7,6,6,2.5,0.09,Sstar,1.4346155672446053,0.0025789633996576022,300
7,6,6,2.5,0.095,Sstar,1.4347810411357882,0.0025721256445376127,300
7,6,6,2.5,0.1,Sstar,1.435073714475342,0.00255942376060744,300
7,6,6,2.5,0.105,Sstar,1.4352770571929874,0.0025517361932188187,300
7,6,6,2.5,0.11,Sstar,1.4356835762546911,0.002538766417412757,300
7,6,6,2.5,0.115,Sstar,1.435979194123295,0.002528621709922038,300
7,6,6,2.5,0.12,Sstar,1.436231173225963,0.0025168697260105352,300
7,6,6,2.5,0.125,Sstar,1.4365131673090932,0.002503784890207067,300
7,6,6,2.5,0.13,Sstar,1.4368187163785087,0.0024967257570197806,300
7,6,6,2.5,0.135,Sstar,1.4371842719546637,0.0024890152754250307,300
7,6,6,2.5,0.14,Sstar,1.4373842595791144,0.0024812796055195315,300
7,6,6,2.5,0.145,Sstar,1.4375637053781543,0.0024680451784664676,300
7,6,6,2.5,0.15,Sstar,1.4378107688831063,0.0024511406683195218,300
7,6,6,2.5,0.155,Sstar,1.438009022176833,0.002438865607722006,300
7,6,6,2.5,0.16,Sstar,1.4382833183199886,0.002419841721761624,300
7,6,6,2.5,0.165,Sstar,1.4384367074377755,0.00240509678838262,300
7,6,6,2.5,0.17,Sstar,1.4386243258131446,0.002388290648201386,300
7,6,6,2.5,0.17500000000000002,Sstar,1.4388538181884147,0.002371694440485829,300
7,6,6,2.5,0.18,Sstar,1.4390381107776633,0.0023624784412614166,300
7,6,6,2.5,0.185,Sstar,1.4389723682166577,0.0023416170720384744,300
7,6,6,2.5,0.19,Sstar,1.4391376053445608,0.002322649412081645,300
7,6,6,2.5,0.195,Sstar,1.4391280611202266,0.0023050993319545143,300
7,6,6,2.5,0.2,Sstar,1.4391122165224566,0.0022894761218258558,300
7,6,6,2.5,0.20500000000000002,Sstar,1.4392310901075709,0.0022713621094579283,300
7,6,6,2.5,0.21,Sstar,1.439260147180503,0.0022493333028046755,300
7,6,6,2.5,0.215,Sstar,1.4394520586349937,0.002236353705718414,300
7,6,6,2.5,0.22,Sstar,1.4395214166650792,0.00222013649770487,300
7,6,6,2.5,0.225,Sstar,1.4395182187982942,0.0022029951453414187,300
7,6,6,2.5,0.23,Sstar,1.4394916800842945,0.0021800050776169034,300
7,6,6,2.5,0.23500000000000001,Sstar,1.439382968636581,0.00216435698762023,300
7,6,6,2.5,0.24,Sstar,1.4394269113599742,0.0021441729957325456,300
7,6,6,2.5,0.245,Sstar,1.439470521173639,0.0021258359862696154,300
7,6,6,2.5,0.25,Sstar,1.4392979296827433,0.0021048368537811865,300
7,6,6,2.5,0.255,Sstar,1.439278978641687,0.0020879212325345324,300
7,6,6,2.5,0.26,Sstar,1.4392723109584493,0.0020677821757715395,300
7,6,6,2.5,0.265,Sstar,1.439222473746215,0.002057774269216037,300
7,6,6,2.5,0.27,Sstar,1.4390909128435698,0.0020374669330932584,300
7,6,6,2.5,0.275,Sstar,1.4389540970620407,0.002018988888966253,300
7,6,6,2.5,0.28,Sstar,1.4388812722113606,0.0019990833370003708,300
7,6,6,2.5,0.28500000000000003,Sstar,1.4388134861723443,0.001974195568980131,300
7,6,6,2.5,0.29,Sstar,1.4387553346782602,0.0019545981868435416,300
7,6,6,2.5,0.295,Sstar,1.4384754230722165,0.0019424091228809714,300
7,6,6,2.5,0.3,Sstar,1.4382664478075728,0.001926071339599188,300
7,6,6,2.5,0.305,Sstar,1.438103236635485,0.0019072134927669029,300
7,6,6,2.5,0.31,Sstar,1.437983451929789,0.0018911898124890445,300
7,6,6,2.5,0.315,Sstar,1.4378324234998456,0.0018713987003407392,300
7,6,6,2.5,0.32,Sstar,1.437681399141176,0.0018587489493190636,300
7,6,6,2.5,0.325,Sstar,1.4374689574870552,0.0018491549744280755,300
7,6,6,2.5,0.33,Sstar,1.4373404349984218,0.0018327596036104153,300
7,6,6,2.5,0.335,Sstar,1.4371925595196269,0.0018279920844556574,300
7,6,6,2.5,0.34,Sstar,1.436945880712609,0.0018105171699592216,300
7,6,6,2.5,0.34500000000000003,Sstar,1.4367585708705624,0.0017914711954826414,300
7,6,6,2.5,0.35000000000000003,Sstar,1.436544974628628,0.0017790731969859572,300
7,6,6,2.5,0.355,Sstar,1.4361713871968937,0.001768224741338703,300
7,6,6,2.5,0.36,Sstar,1.4359620311327455,0.001750296597010128,300
7,6,6,2.5,0.365,Sstar,1.4356575482728848,0.001730439525573251,300
7,6,6,2.5,0.37,Sstar,1.43535606790999,0.001714242155016618,300
7,6,6,2.5,0.375,Sstar,1.4351838037363451,0.0017009189757503014,300
7,6,6,2.5,0.38,Sstar,1.434973072083484,0.001685799630556601,300
7,6,6,2.5,0.385,Sstar,1.434813219284509,0.0016663896665795746,300
7,6,6,2.5,0.39,Sstar,1.4346836145118371,0.0016518956784092687,300
7,6,6,2.5,0.395,Sstar,1.434298706862547,0.001643425716340403,300
7,6,6,2.5,0.4,Sstar,1.4340363090908,0.0016272171754689,300
7,6,6,2.5,0.405,Sstar,1.4338561939485783,0.0016028949642689031,300
7,6,6,2.5,0.41000000000000003,Sstar,1.4335926719510335,0.0015794096715944545,300
7,6,6,2.5,0.41500000000000004,Sstar,1.433233082045364,0.0015615433991808543,300
7,6,6,2.5,0.42,Sstar,1.4328223492606025,0.0015439344184004623,300
7,6,6,2.5,0.425,Sstar,1.4325708377117907,0.0015293090084295728,300
7,6,6,2.5,0.43,Sstar,1.4323147211636527,0.0015142876221978985,300
7,6,6,2.5,0.435,Sstar,1.4319093665144988,0.001493760954639897,300
7,6,6,2.5,0.44,Sstar,1.4317149833489407,0.0014799187865624183,300
7,6,6,2.5,0.445,Sstar,1.431378291481015,0.0014597643284297076,300
7,6,6,2.5,0.45,Sstar,1.4311169021058863,0.0014406814087475415,300
7,6,6,2.5,0.455,Sstar,1.4307467770526052,0.0014255858647280217,300
7,6,6,2.5,0.46,Sstar,1.4303891711778096,0.0014066982324008803,300
7,6,6,2.5,0.465,Sstar,1.4300223837656705,0.0013957570160738255,300
7,6,6,2.5,0.47000000000000003,Sstar,1.4296741871774903,0.0013825078642276038,300
7,6,6,2.5,0.47500000000000003,Sstar,1.4294228138881344,0.0013791279441607654,300
7,6,6,2.5,0.48,Sstar,1.4290472388175621,0.001365570986987809,300
7,6,6,2.5,0.485,Sstar,1.4287112752797364,0.0013490537461900854,300
7,6,6,2.5,0.49,Sstar,1.4283231797289628,0.0013314488449301493,300
7,6,6,2.5,0.495,Sstar,1.42788409487776,0.0013173487601333123,300
7,6,6,2.5,0.5,Sstar,1.4274981528210307,0.0012994112894324336,300
7,6,6,2.5,0.505,Sstar,1.4271387056396716,0.0012746562753096552,300
7,6,6,2.5,0.51,Sstar,1.4268094300395728,0.0012594002382272907,300
7,6,6,2.5,0.515,Sstar,1.4264558370414868,0.0012445055528533934,300
7,6,6,2.5,0.52,Sstar,1.4262019290310077,0.0012298476804554182,300
7,6,6,2.5,0.525,Sstar,1.425816537042797,0.0012115619476126265,300
7,6,6,2.5,0.53,Sstar,1.4255560136244254,0.0011991413001364091,300
7,6,6,2.5,0.535,Sstar,1.4251610157173895,0.0011826268977050258,300
7,6,6,2.5,0.54,Sstar,1.424728023407359,0.0011687223490598575,300
7,6,6,2.5,0.545,Sstar,1.424475538421563,0.001152834340639092,300
7,6,6,2.5,0.55,Sstar,1.4242106462335493,0.0011378512550633826,300
7,6,6,2.5,0.555,Sstar,1.4239123910563491,0.0011177705891076283,300
7,6,6,2.5,0.56,Sstar,1.4234111535399918,0.0011062545299868715,300
7,6,6,2.5,0.5650000000000001,Sstar,1.4229859941225318,0.0010945309971677804,300
7,6,6,2.5,0.5700000000000001,Sstar,1.4227339911730206,0.0010845127690383939,300
7,6,6,2.5,0.5750000000000001,Sstar,1.4223875032900584,0.001080856109246807,300
7,6,6,2.5,0.58,Sstar,1.4219644595177228,0.0010698061224290534,300
7,6,6,2.5,0.585,Sstar,1.421585573138173,0.0010561021808556815,300
7,6,6,2.5,0.59,Sstar,1.4211698905415031,0.0010440970628396286,300
7,6,6,2.5,0.595,Sstar,1.4207595938151365,0.0010319749938030472,300
7,6,6,2.5,0.6,Sstar,1.4203747752603548,0.0010238055529717988,300
7,7,7,0.8,0.0,M_sum,6.540787140389827,0.008844470617275167,300
7,7,7,0.8,0.005,M_sum,6.53947749052088,0.008796839226745404,300
7,7,7,0.8,0.01,M_sum,6.53795460810224,0.008806945459955919,300
7,7,7,0.8,0.015,M_sum,6.535321993150513,0.008760596323556686,300
7,7,7,0.8,0.02,M_sum,6.531613208176651,0.008755518895588506,300
7,7,7,0.8,0.025,M_sum,6.527142085393706,0.008713648272855154,300
7,7,7,0.8,0.03,M_sum,6.522541547834783,0.008661455355093474,300
7,7,7,0.8,0.035,M_sum,6.51770468371574,0.008600378165305168,300
7,7,7,0.8,0.04,M_sum,6.511890078071861,0.008521624162786082,300
7,7,7,0.8,0.045,M_sum,6.506133014065062,0.008450836223028436,300
7,7,7,0.8,0.05,M_sum,6.499867430781266,0.008427608172727584,300
7,7,7,0.8,0.055,M_sum,6.4924143213271215,0.008378670564166602,300
7,7,7,0.8,0.06,M_sum,6.484007425992394,0.008351865404849303,300
7,7,7,0.8,0.065,M_sum,6.4754667809198345,0.008338881047379112,300
7,7,7,0.8,0.07,M_sum,6.466467951192377,0.008212204655620947,300
7,7,7,0.8,0.075,M_sum,6.457946246510347,0.008111336463545265,300
7,7,7,0.8,0.08,M_sum,6.4492531838302,0.008018576627174732,300
7,7,7,0.8,0.085,M_sum,6.439994600593425,0.008010705725130194,300
7,7,7,0.8,0.09,M_sum,6.429937840302585,0.007915665551284555,300
7,7,7,0.8,0.095,M_sum,6.419744919046136,0.00786765405191585,300
7,7,7,0.8,0.1,M_sum,6.4103946069518365,0.007780459659921756,300
7,7,7,0.8,0.105,M_sum,6.3997470141089865,0.007699396234578805,300
7,7,7,0.8,0.11,M_sum,6.3899078762090875,0.007642819980207842,300
7,7,7,0.8,0.115,M_sum,6.379920092764213,0.007612632445682076,300
7,7,7,0.8,0.12,M_sum,6.368864769160521,0.00753302970250232,300
7,7,7,0.8,0.125,M_sum,6.358179319626582,0.007475987737732953,300
7,7,7,0.8,0.13,M_sum,6.347883335975084,0.007433302461140388,300
7,7,7,0.8,0.135,M_sum,6.336456059433055,0.007391672676786316,300
7,7,7,0.8,0.14,M_sum,6.325503111655304,0.007391792801529687,300
7,7,7,0.8,0.145,M_sum,6.313938853408537,0.007323996503609766,300
7,7,7,0.8,0.15,M_sum,6.303802860075047,0.007260489538653137,300
7,7,7,0.8,0.155,M_sum,6.2932217959859456,0.007198114488446306,300
7,7,7,0.8,0.16,M_sum,6.282522175628156,0.0071535994179507114,300
7,7,7,0.8,0.165,M_sum,6.27165516133059,0.0071405805809147335,300
7,7,7,0.8,0.17,M_sum,6.260711525494733,0.00707281480209583,300
7,7,7,0.8,0.17500000000000002,M_sum,6.250019779358025,0.006984327138557807,300
7,7,7,0.8,0.18,M_sum,6.239569603091318,0.006952800652345825,300
7,7,7,0.8,0.185,M_sum,6.228684037223742,0.006928015887796399,300
7,7,7,0.8,0.19,M_sum,6.217754090346947,0.0069186708118301275,300
7,7,7,0.8,0.195,M_sum,6.206708040171876,0.006891176185022098,300
7,7,7,0.8,0.2,M_sum,6.195688912071961,0.006849361699481054,300
7,7,7,0.8,0.20500000000000002,M_sum,6.185281304724466,0.006774129845946227,300
7,7,7,0.8,0.21,M_sum,6.174191392033123,0.006706132653466915,300
7,7,7,0.8,0.215,M_sum,6.16289798595851,0.006663886114826873,300
7,7,7,0.8,0.22,M_sum,6.15169433399001,0.006621979204204039,300
7,7,7,0.8,0.225,M_sum,6.140127851202633,0.006553718890868604,300
7,7,7,0.8,0.23,M_sum,6.129286858106264,0.006511712431288902,300
7,7,7,0.8,0.23500000000000001,M_sum,6.117773650349003,0.006502810392835123,300
7,7,7,0.8,0.24,M_sum,6.106556942031087,0.006467827602908101,300
7,7,7,0.8,0.245,M_sum,6.0949665651872955,0.006414739865172471,300
7,7,7,0.8,0.25,M_sum,6.083689010776837,0.006347963264862219,300
7,7,7,0.8,0.255,M_sum,6.072972046427112,0.006309418775530062,300
7,7,7,0.8,0.26,M_sum,6.061129190192162,0.006280970944447707,300
7,7,7,0.8,0.265,M_sum,6.049620906798339,0.006215924638014616,300
7,7,7,0.8,0.27,M_sum,6.038557036255819,0.006160924386022651,300
7,7,7,0.8,0.275,M_sum,6.027457210453755,0.006104206848824775,300
7,7,7,0.8,0.28,M_sum,6.015334815165913,0.006063741691244159,300
7,7,7,0.8,0.28500000000000003,M_sum,6.004105939468286,0.006040825677447377,300
7,7,7,0.8,0.29,M_sum,5.992790836176096,0.006000509180849163,300
7,7,7,0.8,0.295,M_sum,5.981370358859142,0.005948589727255596,300
7,7,7,0.8,0.3,M_sum,5.9691953513600335,0.005935749304095329,300
7,7,7,0.8,0.305,M_sum,5.957565447533747,0.005888708495144378,300
7,7,7,0.8,0.31,M_sum,5.945939401244527,0.005867076482221767,300
7,7,7,0.8,0.315,M_sum,5.934256926212779,0.005851228919101788,300
7,7,7,0.8,0.32,M_sum,5.922539123396008,0.005816327379637448,300
7,7,7,0.8,0.325,M_sum,5.910759421604205,0.00580888866702653,300
7,7,7,0.8,0.33,M_sum,5.898892617878709,0.0057780169882536425,300
7,7,7,0.8,0.335,M_sum,5.886670418917124,0.005761869819078499,300
7,7,7,0.8,0.34,M_sum,5.874890871510214,0.005732536425344611,300
7,7,7,0.8,0.34500000000000003,M_sum,5.863014801482454,0.005695997975398859,300
7,7,7,0.8,0.35000000000000003,M_sum,5.850909766004976,0.00567768404691618,300
7,7,7,0.8,0.355,M_sum,5.839234392250733,0.0056525797856737375,300
7,7,7,0.8,0.36,M_sum,5.827450134723608,0.005632398107874566,300
7,7,7,0.8,0.365,M_sum,5.815243107469642,0.005625539609613932,300
7,7,7,0.8,0.37,M_sum,5.8031280783022865,0.005606388872282006,300
7,7,7,0.8,0.375,M_sum,5.791108395240245,0.0055949600041375344,300
7,7,7,0.8,0.38,M_sum,5.779176377685193,0.005551975390529379,300
7,7,7,0.8,0.385,M_sum,5.767181667048682,0.005523526246304229,300
7,7,7,0.8,0.39,M_sum,5.75533201232043,0.005500099795921648,300
7,7,7,0.8,0.395,M_sum,5.7435920110280225,0.0054717018923659665,300
7,7,7,0.8,0.4,M_sum,5.731514599393256,0.005446281802324259,300
7,7,7,0.8,0.405,M_sum,5.719289262920392,0.005421274907089738,300
7,7,7,0.8,0.41000000000000003,M_sum,5.707310600178103,0.005404850723527192,300
7,7,7,0.8,0.41500000000000004,M_sum,5.695349202276108,0.005363772360416429,300
7,7,7,0.8,0.42,M_sum,5.68368960833491,0.005352100505713973,300
7,7,7,0.8,0.425,M_sum,5.671526670708582,0.005309177021507715,300
7,7,7,0.8,0.43,M_sum,5.6595167090571605,0.005289369179954383,300
7,7,7,0.8,0.435,M_sum,5.647500098971608,0.005281630547241175,300
7,7,7,0.8,0.44,M_sum,5.635418016751059,0.005258944745243695,300
7,7,7,0.8,0.445,M_sum,5.623280039250763,0.005227972461023833,300
7,7,7,0.8,0.45,M_sum,5.611104078225315,0.005210640265132667,300
7,7,7,0.8,0.455,M_sum,5.598949172666672,0.005193483947608388,300
7,7,7,0.8,0.46,M_sum,5.586873955736028,0.005155194352477927,300
7,7,7,0.8,0.465,M_sum,5.574768470253251,0.005134355939928113,300
7,7,7,0.8,0.47000000000000003,M_sum,5.563020659747163,0.005119521028169961,300
7,7,7,0.8,0.47500000000000003,M_sum,5.55095818745584,0.0050975290202412695,300
7,7,7,0.8,0.48,M_sum,5.539096437915584,0.005057875532594488,300
7,7,7,0.8,0.485,M_sum,5.527062098350569,0.005023560769882823,300
7,7,7,0.8,0.49,M_sum,5.514955160042942,0.00499784093331122,300
7,7,7,0.8,0.495,M_sum,5.503244735268103,0.00497995860986025,300
7,7,7,0.8,0.5,M_sum,5.49129813268496,0.004943417412022909,300
7,7,7,0.8,0.505,M_sum,5.479479583522652,0.004920719142627492,300
7,7,7,0.8,0.51,M_sum,5.467763803387768,0.004890691213328123,300
7,7,7,0.8,0.515,M_sum,5.455781173234457,0.004856374578680362,300
7,7,7,0.8,0.52,M_sum,5.4438332300566845,0.00483576033562476,300
7,7,7,0.8,0.525,M_sum,5.431920231778428,0.004800076836858761,300
7,7,7,0.8,0.53,M_sum,5.419983120283217,0.0047764134551571856,300
7,7,7,0.8,0.535,M_sum,5.407658400229571,0.0047506113776910235,300
7,7,7,0.8,0.54,M_sum,5.395856645849353,0.004723120039781853,300
7,7,7,0.8,0.545,M_sum,5.38405572494253,0.0047117980715801885,300
7,7,7,0.8,0.55,M_sum,5.372212496137143,0.004680009841932605,300
7,7,7,0.8,0.555,M_sum,5.360306720162283,0.004659822906739567,300
7,7,7,0.8,0.56,M_sum,5.348473002558462,0.004633929970575379,300
7,7,7,0.8,0.5650000000000001,M_sum,5.336782537619932,0.004603620086847293,300
7,7,7,0.8,0.5700000000000001,M_sum,5.3250243513815345,0.004575579142815987,300
7,7,7,0.8,0.5750000000000001,M_sum,5.313355697797712,0.004550698281208094,300
7,7,7,0.8,0.58,M_sum,5.301431788359613,0.004514631477067222,300
7,7,7,0.8,0.585,M_sum,5.289534953101316,0.004489820532651648,300
7,7,7,0.8,0.59,M_sum,5.277754341867258,0.004467864900322383,300
7,7,7,0.8,0.595,M_sum,5.265958383339493,0.004432354366594377,300
7,7,7,0.8,0.6,M_sum,5.254241711524768,0.004408143016540215,300
7,7,7,0.8,0.0,S2_sum,4.590950442245719,0.004763141274702289,300
7,7,7,0.8,0.005,S2_sum,4.590051093250875,0.004737452797923363,300
7,7,7,0.8,0.01,S2_sum,4.589029036678628,0.004754774292138861,300
7,7,7,0.8,0.015,S2_sum,4.5872675393467475,0.00472951866627394,300
7,7,7,0.8,0.02,S2_sum,4.584781738480034,0.00473269792985348,300
7,7,7,0.8,0.025,S2_sum,4.58179497785681,0.004712651611552627,300
7,7,7,0.8,0.03,S2_sum,4.578761911039471,0.00467668423050276,300
7,7,7,0.8,0.035,S2_sum,4.575606461270031,0.004638459127913674,300
7,7,7,0.8,0.04,S2_sum,4.571782857936098,0.004592340514105737,300
7,7,7,0.8,0.045,S2_sum,4.568043446568054,0.004551215412883887,300
7,7,7,0.8,0.05,S2_sum,4.563974221532699,0.004549361471833453,300
7,7,7,0.8,0.055,S2_sum,4.559107763328726,0.004528360494599161,300
7,7,7,0.8,0.06,S2_sum,4.553607390751793,0.004526388844535576,300
7,7,7,0.8,0.065,S2_sum,4.548045625037596,0.004534386260148482,300
7,7,7,0.8,0.07,S2_sum,4.542208440198853,0.004465484986767007,300
7,7,7,0.8,0.075,S2_sum,4.536740881109963,0.004406326851333133,300
7,7,7,0.8,0.08,S2_sum,4.531179943322663,0.004357660262449936,300
7,7,7,0.8,0.085,S2_sum,4.525246780892761,0.004368186591174734,300
7,7,7,0.8,0.09,S2_sum,4.518791032757376,0.0043204972944546295,300
7,7,7,0.8,0.095,S2_sum,4.5122644099839615,0.0042962411815660575,300
7,7,7,0.8,0.1,S2_sum,4.506376280088681,0.0042442779298084215,300
7,7,7,0.8,0.105,S2_sum,4.499594012410951,0.004197605565884953,300
7,7,7,0.8,0.11,S2_sum,4.493417432682769,0.004162148340630176,300
7,7,7,0.8,0.115,S2_sum,4.487155301639717,0.004150524065067274,300
7,7,7,0.8,0.12,S2_sum,4.4801801351975925,0.004107786839342192,300
7,7,7,0.8,0.125,S2_sum,4.473494355078859,0.004075195325858935,300
7,7,7,0.8,0.13,S2_sum,4.467116770393621,0.004050465162162714,300
7,7,7,0.8,0.135,S2_sum,4.459968096636264,0.004028563020791864,300
7,7,7,0.8,0.14,S2_sum,4.4531646822723046,0.00402754710739654,300
7,7,7,0.8,0.145,S2_sum,4.44596770154037,0.003986200608516631,300
7,7,7,0.8,0.15,S2_sum,4.439810754972224,0.003942587733172367,300
7,7,7,0.8,0.155,S2_sum,4.433366552221382,0.0039051083210316,300
7,7,7,0.8,0.16,S2_sum,4.426860624860585,0.0038803710857675867,300
7,7,7,0.8,0.165,S2_sum,4.420267553498988,0.0038782271861255296,300
7,7,7,0.8,0.17,S2_sum,4.413642990825566,0.003833858726222639,300
7,7,7,0.8,0.17500000000000002,S2_sum,4.4072272640307135,0.0037742180119983443,300
7,7,7,0.8,0.18,S2_sum,4.400991393836842,0.003752495372618218,300
7,7,7,0.8,0.185,S2_sum,4.394484802107553,0.0037386757126230915,300
7,7,7,0.8,0.19,S2_sum,4.387973913314783,0.0037380659000753103,300
7,7,7,0.8,0.195,S2_sum,4.381389486650062,0.0037208475363549065,300
7,7,7,0.8,0.2,S2_sum,4.374854082418754,0.003698107350879105,300
7,7,7,0.8,0.20500000000000002,S2_sum,4.368769400536332,0.003648548000602012,300
7,7,7,0.8,0.21,S2_sum,4.362234442759401,0.003604427648303844,300
7,7,7,0.8,0.215,S2_sum,4.355559522841674,0.0035737397851820832,300
7,7,7,0.8,0.22,S2_sum,4.348981388749805,0.003547003454378983,300
7,7,7,0.8,0.225,S2_sum,4.342156090241798,0.0035007198161729107,300
7,7,7,0.8,0.23,S2_sum,4.335864551355063,0.003474658479123162,300
7,7,7,0.8,0.23500000000000001,S2_sum,4.32911438762839,0.003471074897660614,300
7,7,7,0.8,0.24,S2_sum,4.3225918231966665,0.0034500806118690237,300
7,7,7,0.8,0.245,S2_sum,4.3158141325043236,0.003417018426108804,300
7,7,7,0.8,0.25,S2_sum,4.309289440846384,0.0033726282894439995,300
7,7,7,0.8,0.255,S2_sum,4.3031624935909525,0.0033508470832574393,300
7,7,7,0.8,0.26,S2_sum,4.296262239881198,0.0033356539516074205,300
7,7,7,0.8,0.265,S2_sum,4.28962692681503,0.003293863239960993,300
7,7,7,0.8,0.27,S2_sum,4.283316724362898,0.003259853679627586,300
7,7,7,0.8,0.275,S2_sum,4.276994908620227,0.003227625376303507,300
7,7,7,0.8,0.28,S2_sum,4.269942356463028,0.0032008057984549967,300
7,7,7,0.8,0.28500000000000003,S2_sum,4.263542187372714,0.0031905979723652585,300
7,7,7,0.8,0.29,S2_sum,4.257104208544022,0.003164663032186506,300
7,7,7,0.8,0.295,S2_sum,4.2505936865866785,0.0031327389800798935,300
7,7,7,0.8,0.3,S2_sum,4.243544846012407,0.003127893465063493,300
7,7,7,0.8,0.305,S2_sum,4.236911980206877,0.0030994414048046144,300
7,7,7,0.8,0.31,S2_sum,4.23028388647571,0.003091166909590059,300
7,7,7,0.8,0.315,S2_sum,4.223629758991616,0.0030844006961921197,300
7,7,7,0.8,0.32,S2_sum,4.216962221353245,0.0030646910244972515,300
7,7,7,0.8,0.325,S2_sum,4.210254022762537,0.0030650674154013456,300
7,7,7,0.8,0.33,S2_sum,4.20349728920397,0.0030490245446208094,300
7,7,7,0.8,0.335,S2_sum,4.196489894933927,0.0030442613574404053,300
7,7,7,0.8,0.34,S2_sum,4.189804116732067,0.0030283168707709324,300
7,7,7,0.8,0.34500000000000003,S2_sum,4.183050054250203,0.003010878598584638,300
7,7,7,0.8,0.35000000000000003,S2_sum,4.17615072955165,0.0030028316243926228,300
7,7,7,0.8,0.355,S2_sum,4.16954799276581,0.002989071325786762,300
7,7,7,0.8,0.36,S2_sum,4.162884582901379,0.0029796437432377614,300
7,7,7,0.8,0.365,S2_sum,4.1559201739289025,0.002978871283717109,300
7,7,7,0.8,0.37,S2_sum,4.149017742457701,0.0029705148741507583,300
7,7,7,0.8,0.375,S2_sum,4.142200130143548,0.0029676695875574,300
7,7,7,0.8,0.38,S2_sum,4.135444459490314,0.002942295392372291,300
7,7,7,0.8,0.385,S2_sum,4.128641595581491,0.002927154728553877,300
7,7,7,0.8,0.39,S2_sum,4.121940492839841,0.0029169205237280613,300
7,7,7,0.8,0.395,S2_sum,4.115326241452861,0.002902276223072101,300
7,7,7,0.8,0.4,S2_sum,4.108479478694706,0.0028884745893780245,300
7,7,7,0.8,0.405,S2_sum,4.101518848434796,0.0028770493436229023,300
7,7,7,0.8,0.41000000000000003,S2_sum,4.094740356936783,0.0028697795626075797,300
7,7,7,0.8,0.41500000000000004,S2_sum,4.087979821345173,0.0028468824327886784,300
7,7,7,0.8,0.42,S2_sum,4.081443524382195,0.0028450929117125093,300
7,7,7,0.8,0.425,S2_sum,4.074541019179619,0.0028194283116718937,300
7,7,7,0.8,0.43,S2_sum,4.067756219871588,0.0028092298129570956,300
7,7,7,0.8,0.435,S2_sum,4.060958137340506,0.002809603583779285,300
7,7,7,0.8,0.44,S2_sum,4.054103532506083,0.0027996271954435986,300
7,7,7,0.8,0.445,S2_sum,4.0472124688909075,0.0027820943794239043,300
7,7,7,0.8,0.45,S2_sum,4.040286280514496,0.0027760683944299223,300
7,7,7,0.8,0.455,S2_sum,4.033370724449332,0.002770322345024895,300
7,7,7,0.8,0.46,S2_sum,4.026522924453577,0.0027490343032214137,300
7,7,7,0.8,0.465,S2_sum,4.019637758980361,0.0027408198488370283,300
7,7,7,0.8,0.47000000000000003,S2_sum,4.013013128010933,0.0027365633591895405,300
7,7,7,0.8,0.47500000000000003,S2_sum,4.00615212166099,0.0027261577801975445,300
7,7,7,0.8,0.48,S2_sum,3.9994425151563457,0.002703622496350646,300
7,7,7,0.8,0.485,S2_sum,3.992597436084127,0.00268520176154633,300
7,7,7,0.8,0.49,S2_sum,3.985692968347402,0.0026721225889420053,300
7,7,7,0.8,0.495,S2_sum,3.97906952139852,0.0026663451229063323,300
7,7,7,0.8,0.5,S2_sum,3.972286755840565,0.002646621250379747,300
7,7,7,0.8,0.505,S2_sum,3.96557786397212,0.0026366630172692173,300
7,7,7,0.8,0.51,S2_sum,3.9589446633488032,0.0026205739080595236,300
7,7,7,0.8,0.515,S2_sum,3.9521223441804874,0.002601755770396506,300
7,7,7,0.8,0.52,S2_sum,3.945300926691629,0.0025920601300178574,300
7,7,7,0.8,0.525,S2_sum,3.9385103266621186,0.0025721273483761565,300
7,7,7,0.8,0.53,S2_sum,3.931693222837772,0.0025601305064999655,300
7,7,7,0.8,0.535,S2_sum,3.9245869223210508,0.002545529519890816,300
7,7,7,0.8,0.54,S2_sum,3.917848083395292,0.002529929988328541,300
7,7,7,0.8,0.545,S2_sum,3.91110433443592,0.0025276385183061177,300
7,7,7,0.8,0.55,S2_sum,3.904318906186508,0.0025100742585657263,300
7,7,7,0.8,0.555,S2_sum,3.897484867344609,0.0025019829818489123,300
7,7,7,0.8,0.56,S2_sum,3.890692582962409,0.0024881061663895175,300
7,7,7,0.8,0.5650000000000001,S2_sum,3.8840075238008684,0.002470975198142678,300
7,7,7,0.8,0.5700000000000001,S2_sum,3.8772520509874986,0.002456109913959697,300
7,7,7,0.8,0.5750000000000001,S2_sum,3.8705680689074757,0.0024456192470595503,300
7,7,7,0.8,0.58,S2_sum,3.863673060831824,0.0024232745445401677,300
7,7,7,0.8,0.585,S2_sum,3.856799147648941,0.0024097140713999154,300
7,7,7,0.8,0.59,S2_sum,3.849995160674724,0.0023991927149067276,300
7,7,7,0.8,0.595,S2_sum,3.843179300888867,0.0023779463868046423,300
7,7,7,0.8,0.6,S2_sum,3.8364133989694165,0.0023647786994974484,300
7,7,7,0.8,0.0,Sstar,1.550669842105302,0.0005059965826818391,300
7,7,7,0.8,0.005,Sstar,1.5505515608478435,0.0005092169183572424,300
7,7,7,0.8,0.01,Sstar,1.550408451251443,0.0005184885639416401,300
7,7,7,0.8,0.015,Sstar,1.550146265846949,0.0005173547623200433,300
7,7,7,0.8,0.02,Sstar,1.5497785630769754,0.000517879431379784,300
7,7,7,0.8,0.025,Sstar,1.5493026237223404,0.0005191770142983542,300
7,7,7,0.8,0.03,Sstar,1.5488572133122398,0.0005108235118021792,300
7,7,7,0.8,0.035,Sstar,1.5483846557577978,0.0005020152664749294,300
7,7,7,0.8,0.04,Sstar,1.5477893399889722,0.000498459994812794,300
7,7,7,0.8,0.045,Sstar,1.5472209775558143,0.0004970068574666611,300
7,7,7,0.8,0.05,Sstar,1.546595390447869,0.0004987933280103103,300
7,7,7,0.8,0.055,Sstar,1.5458306119915892,0.0004957782638080958,300
7,7,7,0.8,0.06,Sstar,1.5449912968284676,0.0004962044690165683,300
7,7,7,0.8,0.065,Sstar,1.544172680576709,0.0004958834068727604,300
7,7,7,0.8,0.07,Sstar,1.543292299417626,0.0004908928990812173,300
7,7,7,0.8,0.075,Sstar,1.5424826009232886,0.0004812182239983451,300
7,7,7,0.8,0.08,Sstar,1.541653638309623,0.0004723683621143691,300
7,7,7,0.8,0.085,Sstar,1.540814078132515,0.0004720212206243931,300
7,7,7,0.8,0.09,Sstar,1.5398844626529278,0.0004664513270560353,300
7,7,7,0.8,0.095,Sstar,1.5389628979928751,0.00045911177762137566,300
7,7,7,0.8,0.1,Sstar,1.538176211149816,0.0004471062046296283,300
7,7,7,0.8,0.105,Sstar,1.5372413350491398,0.0004365308880873871,300
7,7,7,0.8,0.11,Sstar,1.5364416986621243,0.00042622236711527977,300
7,7,7,0.8,0.115,Sstar,1.5356309399509838,0.000421410953577244,300
7,7,7,0.8,0.12,Sstar,1.5347509298538602,0.0004135470955663078,300
7,7,7,0.8,0.125,Sstar,1.533963126532342,0.00040245897529963095,300
7,7,7,0.8,0.13,Sstar,1.5332090613561804,0.0003948623550399662,300
7,7,7,0.8,0.135,Sstar,1.532327840396866,0.00038858608034663127,300
7,7,7,0.8,0.14,Sstar,1.5315264087124638,0.0003827518888806971,300
7,7,7,0.8,0.145,Sstar,1.530711492950704,0.0003753702471762454,300
7,7,7,0.8,0.15,Sstar,1.5300230844398865,0.0003660946858201088,300
7,7,7,0.8,0.155,Sstar,1.5292782635056361,0.00035944366944486335,300
7,7,7,0.8,0.16,Sstar,1.5285717317756016,0.0003523667487801525,300
7,7,7,0.8,0.165,Sstar,1.5278560181941234,0.0003502784601210013,300
7,7,7,0.8,0.17,Sstar,1.527175559296648,0.0003406084654671802,300
7,7,7,0.8,0.17500000000000002,Sstar,1.5264777631924737,0.0003323348731048215,300
7,7,7,0.8,0.18,Sstar,1.5258059298810691,0.0003276620877726532,300
7,7,7,0.8,0.185,Sstar,1.525117756094826,0.00032518447836445244,300
7,7,7,0.8,0.19,Sstar,1.5244664323211468,0.00032193233577232724,300
7,7,7,0.8,0.195,Sstar,1.5237923905971016,0.00032086709178615356,300
7,7,7,0.8,0.2,Sstar,1.523124310109193,0.00031805336639734893,300
7,7,7,0.8,0.20500000000000002,Sstar,1.5225165427599021,0.00030951392496623363,300
7,7,7,0.8,0.21,Sstar,1.5218364942569036,0.0003069206498506121,300
7,7,7,0.8,0.215,Sstar,1.5211774093780353,0.00030049511283505376,300
7,7,7,0.8,0.22,Sstar,1.5205012784378455,0.000295379520752282,300
7,7,7,0.8,0.225,Sstar,1.519841128265581,0.00028991368356510604,300
7,7,7,0.8,0.23,Sstar,1.5192553459869866,0.000284690096835077,300
7,7,7,0.8,0.23500000000000001,Sstar,1.5185985073038488,0.00028415310790502307,300
7,7,7,0.8,0.24,Sstar,1.5179776717195532,0.0002809716393539088,300
7,7,7,0.8,0.245,Sstar,1.5172808084062739,0.0002759388853287958,300
7,7,7,0.8,0.25,Sstar,1.5166711148169665,0.000269722362752904,300
7,7,7,0.8,0.255,Sstar,1.5160968119304379,0.0002681250924630568,300
7,7,7,0.8,0.26,Sstar,1.5154244789949778,0.0002661902291547158,300
7,7,7,0.8,0.265,Sstar,1.5147708960372879,0.00026215927127369034,300
7,7,7,0.8,0.27,Sstar,1.5141752401539315,0.00026053368102925135,300
7,7,7,0.8,0.275,Sstar,1.5135699227139612,0.0002628012628592734,300
7,7,7,0.8,0.28,Sstar,1.5128982724365037,0.0002611301744053024,300
7,7,7,0.8,0.28500000000000003,Sstar,1.5123193623990567,0.0002622091179491782,300
7,7,7,0.8,0.29,Sstar,1.5117682939212336,0.0002617868331398111,300
7,7,7,0.8,0.295,Sstar,1.5111667310383867,0.0002604164191299434,300
7,7,7,0.8,0.3,Sstar,1.5105010646573045,0.0002620934866614996,300
7,7,7,0.8,0.305,Sstar,1.5099159104648108,0.00026004600733106034,300
7,7,7,0.8,0.31,Sstar,1.5092923931171722,0.00026390961924765613,300
7,7,7,0.8,0.315,Sstar,1.508661387685956,0.00026531515785285374,300
7,7,7,0.8,0.32,Sstar,1.5080502555020763,0.00026504522129755753,300
7,7,7,0.8,0.325,Sstar,1.5074555790363002,0.0002676162975745454,300
7,7,7,0.8,0.33,Sstar,1.506825809163893,0.00026825091519196956,300
7,7,7,0.8,0.335,Sstar,1.50618494606207,0.0002721702696637865,300
7,7,7,0.8,0.34,Sstar,1.5055768413071897,0.00027181604081897025,300
7,7,7,0.8,0.34500000000000003,Sstar,1.5049856753950526,0.0002761248117944298,300
7,7,7,0.8,0.35000000000000003,Sstar,1.5043314006956026,0.0002796920634524171,300
7,7,7,0.8,0.355,Sstar,1.5037071245688158,0.0002843062295521623,300
7,7,7,0.8,0.36,Sstar,1.5030978879848522,0.0002868752507526946,300
7,7,7,0.8,0.365,Sstar,1.5024302597206403,0.0002891118749529436,300
7,7,7,0.8,0.37,Sstar,1.5017898768328066,0.0002923991277619666,300
7,7,7,0.8,0.375,Sstar,1.501154376831648,0.0002938249369842067,300
7,7,7,0.8,0.38,Sstar,1.500528540067657,0.0002980603162869043,300
7,7,7,0.8,0.385,Sstar,1.4998850460724527,0.000299755205541986,300
7,7,7,0.8,0.39,Sstar,1.4992452815034134,0.0003016423753108428,300
7,7,7,0.8,0.395,Sstar,1.4986430180747792,0.0003016971051225337,300
7,7,7,0.8,0.4,Sstar,1.497985034702414,0.0003051755813415939,300
7,7,7,0.8,0.405,Sstar,1.4972917128810237,0.00030684208953097024,300
7,7,7,0.8,0.41000000000000003,Sstar,1.4966106334151117,0.0003112434070555735,300
7,7,7,0.8,0.41500000000000004,Sstar,1.4959504082599746,0.00031631437864601054,300
7,7,7,0.8,0.42,Sstar,1.4953260587228727,0.00031747551137600594,300
7,7,7,0.8,0.425,Sstar,1.4946595845335962,0.0003160045707146911,300
7,7,7,0.8,0.43,Sstar,1.4939740129236843,0.0003195010923143024,300
7,7,7,0.8,0.435,Sstar,1.493288612445163,0.0003257292215784269,300
7,7,7,0.8,0.44,Sstar,1.4926134626507461,0.0003274196783910183,300
7,7,7,0.8,0.445,Sstar,1.4918912998162546,0.00033068929984823414,300
7,7,7,0.8,0.45,Sstar,1.4911543095080662,0.0003338359741346481,300
7,7,7,0.8,0.455,Sstar,1.4904295550089868,0.00033936314872415145,300
7,7,7,0.8,0.46,Sstar,1.4896827332596616,0.00034068000055912143,300
7,7,7,0.8,0.465,Sstar,1.4889359360167758,0.0003447952967571844,300
7,7,7,0.8,0.47000000000000003,Sstar,1.4882249038038686,0.00034704675426067,300
7,7,7,0.8,0.47500000000000003,Sstar,1.4874629905770256,0.00034700445016200195,300
7,7,7,0.8,0.48,Sstar,1.4867269402254164,0.00034794881353221414,300
7,7,7,0.8,0.485,Sstar,1.4859595890207886,0.00035169389764612365,300
7,7,7,0.8,0.49,Sstar,1.4851859002602816,0.00035340616136649337,300
7,7,7,0.8,0.495,Sstar,1.4844443602444997,0.00035648928780309265,300
7,7,7,0.8,0.5,Sstar,1.4836994034045634,0.000359611983994661,300
7,7,7,0.8,0.505,Sstar,1.4829332861423414,0.00036098398084779827,300
7,7,7,0.8,0.51,Sstar,1.4821868520990653,0.0003639704116885414,300
7,7,7,0.8,0.515,Sstar,1.4813979830312312,0.0003639733653206252,300
7,7,7,0.8,0.52,Sstar,1.4806073440661423,0.0003663602905801589,300
7,7,7,0.8,0.525,Sstar,1.4798379028808042,0.00036812778832012185,300
7,7,7,0.8,0.53,Sstar,1.479062136076666,0.0003704126560877026,300
7,7,7,0.8,0.535,Sstar,1.4782533840680858,0.0003696993820484274,300
7,7,7,0.8,0.54,Sstar,1.4774688875642625,0.0003732289807549991,300
7,7,7,0.8,0.545,Sstar,1.47669812192827,0.00037333362782606327,300
7,7,7,0.8,0.55,Sstar,1.4759336692349319,0.0003757443959661892,300
7,7,7,0.8,0.555,Sstar,1.475161461180869,0.00038307733888231073,300
7,7,7,0.8,0.56,Sstar,1.474378530409435,0.0003828169483254652,300
7,7,7,0.8,0.5650000000000001,Sstar,1.4736688708062358,0.0003852384969477033,300
7,7,7,0.8,0.5700000000000001,Sstar,1.472985255778284,0.0003881299370862083,300
7,7,7,0.8,0.5750000000000001,Sstar,1.472277757957886,0.0003862732547841391,300
7,7,7,0.8,0.58,Sstar,1.4715705259659235,0.0003823642483154479,300
7,7,7,0.8,0.585,Sstar,1.4707981800857413,0.0003815720496538391,300
7,7,7,0.8,0.59,Sstar,1.4701452592753665,0.0003802441040324108,300
7,7,7,0.8,0.595,Sstar,1.469385946370319,0.00038252000320910287,300
7,7,7,0.8,0.6,Sstar,1.4687260416122028,0.00038037971498804937,300
7,7,7,1.2,0.0,M_sum,6.239728814519707,0.015732820009953113,300
7,7,7,1.2,0.005,M_sum,6.238921495920919,0.01570646600866861,300
7,7,7,1.2,0.01,M_sum,6.238263118342132,0.015711394387450617,300
7,7,7,1.2,0.015,M_sum,6.2366816976233475,0.015657187149335484,300
7,7,7,1.2,0.02,M_sum,6.234534576585767,0.01565231959112735,300
7,7,7,1.2,0.025,M_sum,6.2326300862387605,0.015556160843158846,300
7,7,7,1.2,0.03,M_sum,6.229635984217841,0.015565057484669026,300
7,7,7,1.2,0.035,M_sum,6.226256388671786,0.015529144534867985,300
7,7,7,1.2,0.04,M_sum,6.223089739072339,0.015478877768807606,300
7,7,7,1.2,0.045,M_sum,6.219265163759703,0.015431914554499562,300
7,7,7,1.2,0.05,M_sum,6.2154175003971535,0.015367723591438209,300
7,7,7,1.2,0.055,M_sum,6.2114151621087705,0.015327672691153576,300
7,7,7,1.2,0.06,M_sum,6.206663195881037,0.015233411469425546,300
7,7,7,1.2,0.065,M_sum,6.202452239150952,0.015145053165847524,300
7,7,7,1.2,0.07,M_sum,6.197478947619022,0.015111346602777912,300
7,7,7,1.2,0.075,M_sum,6.192107342726936,0.015053675006586489,300
7,7,7,1.2,0.08,M_sum,6.18608034488766,0.014974552830609352,300
7,7,7,1.2,0.085,M_sum,6.180326884858281,0.014919497232385757,300
7,7,7,1.2,0.09,M_sum,6.173241596731856,0.014867912674709792,300
7,7,7,1.2,0.095,M_sum,6.166586941803211,0.014793246706705478,300
7,7,7,1.2,0.1,M_sum,6.159684751978912,0.014742403190149805,300
7,7,7,1.2,0.105,M_sum,6.152080416317624,0.014602998039420167,300
7,7,7,1.2,0.11,M_sum,6.1448505374650155,0.014514127365828645,300
7,7,7,1.2,0.115,M_sum,6.137772297657289,0.014405948300756793,300
7,7,7,1.2,0.12,M_sum,6.130547780408005,0.014304945786622905,300
7,7,7,1.2,0.125,M_sum,6.1229630702212035,0.014256970867796337,300
7,7,7,1.2,0.13,M_sum,6.114666202770198,0.014178411159894981,300
7,7,7,1.2,0.135,M_sum,6.106475889444278,0.014068276459353869,300
7,7,7,1.2,0.14,M_sum,6.098070819132453,0.01401929058967149,300
7,7,7,1.2,0.145,M_sum,6.089383725912253,0.013926957774738872,300
7,7,7,1.2,0.15,M_sum,6.081571010281295,0.01382797632288423,300
7,7,7,1.2,0.155,M_sum,6.072656410753488,0.013743552839773349,300
7,7,7,1.2,0.16,M_sum,6.06422384187718,0.013654844020095706,300
7,7,7,1.2,0.165,M_sum,6.055219176946635,0.01358450320347593,300
7,7,7,1.2,0.17,M_sum,6.0466343670237555,0.013537839210276213,300
7,7,7,1.2,0.17500000000000002,M_sum,6.0373969720974285,0.01343709617566114,300
7,7,7,1.2,0.18,M_sum,6.027840265181833,0.01334844163590557,300
7,7,7,1.2,0.185,M_sum,6.018366355789829,0.013246606934534234,300
7,7,7,1.2,0.19,M_sum,6.008710607534856,0.01319859134398496,300
7,7,7,1.2,0.195,M_sum,5.999968923766512,0.013136395624545171,300
7,7,7,1.2,0.2,M_sum,5.989634917984699,0.013072544870538232,300
7,7,7,1.2,0.20500000000000002,M_sum,5.979976225341966,0.013020306407118726,300
7,7,7,1.2,0.21,M_sum,5.970370466825165,0.01298057412173134,300
7,7,7,1.2,0.215,M_sum,5.9600376735760925,0.01288699195672839,300
7,7,7,1.2,0.22,M_sum,5.95017380226997,0.012816595370547385,300
7,7,7,1.2,0.225,M_sum,5.940934771608629,0.012748136213870085,300
7,7,7,1.2,0.23,M_sum,5.931073481747827,0.012664488144649017,300
7,7,7,1.2,0.23500000000000001,M_sum,5.921353551654989,0.012614538608880834,300
7,7,7,1.2,0.24,M_sum,5.911461806044189,0.012521526720087417,300
7,7,7,1.2,0.245,M_sum,5.901242420772971,0.012463320101393598,300
7,7,7,1.2,0.25,M_sum,5.891040332389708,0.012408360372137526,300
7,7,7,1.2,0.255,M_sum,5.881087414815064,0.012326052718511756,300
7,7,7,1.2,0.26,M_sum,5.870973609833623,0.01224735485368606,300
7,7,7,1.2,0.265,M_sum,5.860919004738008,0.012151553584747878,300
7,7,7,1.2,0.27,M_sum,5.851021027412718,0.012107975896342278,300
7,7,7,1.2,0.275,M_sum,5.840530373639677,0.012059703350637144,300
7,7,7,1.2,0.28,M_sum,5.830268549492024,0.012001347524370718,300
7,7,7,1.2,0.28500000000000003,M_sum,5.8199380487753976,0.011953173239043916,300
7,7,7,1.2,0.29,M_sum,5.809643311505792,0.011904582911835382,300
7,7,7,1.2,0.295,M_sum,5.798960901556861,0.011829089649297622,300
7,7,7,1.2,0.3,M_sum,5.78841700646155,0.011770764383616463,300
7,7,7,1.2,0.305,M_sum,5.777921435758164,0.01166642526512895,300
7,7,7,1.2,0.31,M_sum,5.767624176124312,0.011606902205020012,300
7,7,7,1.2,0.315,M_sum,5.757107477173973,0.011524536434859957,300
7,7,7,1.2,0.32,M_sum,5.746099621525387,0.011467930955997362,300
7,7,7,1.2,0.325,M_sum,5.735317498570812,0.011412070793393961,300
7,7,7,1.2,0.33,M_sum,5.724695895770119,0.01134120959417259,300
7,7,7,1.2,0.335,M_sum,5.71350881051916,0.01124756231606852,300
7,7,7,1.2,0.34,M_sum,5.702664689146665,0.011174787246471717,300
7,7,7,1.2,0.34500000000000003,M_sum,5.692196407562545,0.011127020358460683,300
7,7,7,1.2,0.35000000000000003,M_sum,5.6811544729403565,0.011067966364418128,300
7,7,7,1.2,0.355,M_sum,5.670240711572518,0.011023623089241853,300
7,7,7,1.2,0.36,M_sum,5.659237883649221,0.010973657642854679,300
7,7,7,1.2,0.365,M_sum,5.648156372369395,0.010888653132020856,300
7,7,7,1.2,0.37,M_sum,5.636938463175834,0.010832264851759164,300
7,7,7,1.2,0.375,M_sum,5.626032286623866,0.010754778111019147,300
7,7,7,1.2,0.38,M_sum,5.615368345272349,0.010702229873453593,300
7,7,7,1.2,0.385,M_sum,5.604471489195856,0.01062719625887271,300
7,7,7,1.2,0.39,M_sum,5.5930422123081085,0.010578788190144748,300
7,7,7,1.2,0.395,M_sum,5.581764300588404,0.010486281039369274,300
7,7,7,1.2,0.4,M_sum,5.570965592914613,0.010417489807474156,300
7,7,7,1.2,0.405,M_sum,5.559841220407036,0.010358425060163018,300
7,7,7,1.2,0.41000000000000003,M_sum,5.548777232657543,0.010279674949208433,300
7,7,7,1.2,0.41500000000000004,M_sum,5.537540716263322,0.01022536592831001,300
7,7,7,1.2,0.42,M_sum,5.5260879809521635,0.010163137299883697,300
7,7,7,1.2,0.425,M_sum,5.515071740999067,0.010115846967538084,300
7,7,7,1.2,0.43,M_sum,5.504075037263586,0.010056855873411626,300
7,7,7,1.2,0.435,M_sum,5.492927924240392,0.010002046360912531,300
7,7,7,1.2,0.44,M_sum,5.481696352604958,0.009933852551573454,300
7,7,7,1.2,0.445,M_sum,5.470557750464554,0.009884553739336256,300
7,7,7,1.2,0.45,M_sum,5.458895761898038,0.00984063520121958,300
7,7,7,1.2,0.455,M_sum,5.447877172577439,0.009772843659722388,300
7,7,7,1.2,0.46,M_sum,5.436423418347562,0.00971015129506991,300
7,7,7,1.2,0.465,M_sum,5.425134014064284,0.00967272219110274,300
7,7,7,1.2,0.47000000000000003,M_sum,5.413948847033833,0.00962793513690318,300
7,7,7,1.2,0.47500000000000003,M_sum,5.402470424294426,0.009581689564312558,300
7,7,7,1.2,0.48,M_sum,5.391263424967681,0.009525638059983767,300
7,7,7,1.2,0.485,M_sum,5.37984908172427,0.009493725823039516,300
7,7,7,1.2,0.49,M_sum,5.368799876325537,0.00944577515494927,300
7,7,7,1.2,0.495,M_sum,5.357250814468626,0.009390248432706846,300
7,7,7,1.2,0.5,M_sum,5.3456395835417245,0.009347710999748158,300
7,7,7,1.2,0.505,M_sum,5.334543093668215,0.009314683256005058,300
7,7,7,1.2,0.51,M_sum,5.323016938270049,0.009252624453300322,300
7,7,7,1.2,0.515,M_sum,5.311832899002294,0.009192037267492974,300
7,7,7,1.2,0.52,M_sum,5.300479490350553,0.009156313144567085,300
7,7,7,1.2,0.525,M_sum,5.288907279786593,0.009105327307685318,300
7,7,7,1.2,0.53,M_sum,5.27765416463662,0.00906070089811995,300
7,7,7,1.2,0.535,M_sum,5.266341822922293,0.009014683960328996,300
7,7,7,1.2,0.54,M_sum,5.255415814524157,0.008975492816969879,300
7,7,7,1.2,0.545,M_sum,5.243915079143344,0.008940119358734377,300
7,7,7,1.2,0.55,M_sum,5.2325301356209275,0.008903558852253792,300
7,7,7,1.2,0.555,M_sum,5.221276083992027,0.008865062091903762,300
7,7,7,1.2,0.56,M_sum,5.210099339206477,0.008839163463893204,300
7,7,7,1.2,0.5650000000000001,M_sum,5.198704836636056,0.008781098759584938,300
7,7,7,1.2,0.5700000000000001,M_sum,5.187574758191613,0.008732513939999756,300
7,7,7,1.2,0.5750000000000001,M_sum,5.176406593482909,0.008687058677846814,300
7,7,7,1.2,0.58,M_sum,5.165303103237925,0.008643405335975388,300
7,7,7,1.2,0.585,M_sum,5.1541960508003966,0.008599110920235409,300
7,7,7,1.2,0.59,M_sum,5.14328100957287,0.00854594025483071,300
7,7,7,1.2,0.595,M_sum,5.132204409340915,0.00850751788092888,300
7,7,7,1.2,0.6,M_sum,5.120945751827622,0.008471037483630855,300
7,7,7,1.2,0.0,S2_sum,4.43082856723438,0.008426986721799163,300
7,7,7,1.2,0.005,S2_sum,4.430278534306548,0.008410999327493056,300
7,7,7,1.2,0.01,S2_sum,4.429840662931303,0.008416840230988945,300
7,7,7,1.2,0.015,S2_sum,4.428791749431778,0.008383908449888212,300
7,7,7,1.2,0.02,S2_sum,4.427358034046868,0.008383827867839177,300
7,7,7,1.2,0.025,S2_sum,4.426143394236655,0.008320505924320171,300
7,7,7,1.2,0.03,S2_sum,4.424157029361438,0.008331534553394146,300
7,7,7,1.2,0.035,S2_sum,4.421929453563339,0.008310983067389826,300
7,7,7,1.2,0.04,S2_sum,4.419896618424135,0.008282225841722193,300
7,7,7,1.2,0.045,S2_sum,4.4174270125114505,0.008252078972860464,300
7,7,7,1.2,0.05,S2_sum,4.414982726801224,0.008213034141576784,300
7,7,7,1.2,0.055,S2_sum,4.41243411677319,0.008190571836422033,300
7,7,7,1.2,0.06,S2_sum,4.409380825091375,0.008132978310365146,300
7,7,7,1.2,0.065,S2_sum,4.4067489096348735,0.008076506317111827,300
7,7,7,1.2,0.07,S2_sum,4.403595526771867,0.00806376423065504,300
7,7,7,1.2,0.075,S2_sum,4.4001861088363485,0.008035388892458193,300
7,7,7,1.2,0.08,S2_sum,4.396344813084864,0.007990751253825343,300
7,7,7,1.2,0.085,S2_sum,4.392710144490116,0.007962734205690368,300
7,7,7,1.2,0.09,S2_sum,4.388171429763324,0.007941556723832047,300
7,7,7,1.2,0.095,S2_sum,4.383962978382068,0.007903318253054105,300
7,7,7,1.2,0.1,S2_sum,4.379599268280998,0.007878815046565794,300
7,7,7,1.2,0.105,S2_sum,4.3747839340980965,0.007796121330191579,300
7,7,7,1.2,0.11,S2_sum,4.370253039950635,0.007745049035372935,300
7,7,7,1.2,0.115,S2_sum,4.36585780808248,0.007678517101500232,300
7,7,7,1.2,0.12,S2_sum,4.361385141080345,0.007622422387277123,300
7,7,7,1.2,0.125,S2_sum,4.356665181156217,0.007603311892353993,300
7,7,7,1.2,0.13,S2_sum,4.351472949709347,0.007564531096538269,300
7,7,7,1.2,0.135,S2_sum,4.346381968357906,0.007500628407250674,300
7,7,7,1.2,0.14,S2_sum,4.341155907737318,0.007480803439609554,300
7,7,7,1.2,0.145,S2_sum,4.335758850318705,0.007428401875738407,300
7,7,7,1.2,0.15,S2_sum,4.33101623043178,0.007369611834030071,300
7,7,7,1.2,0.155,S2_sum,4.32549831265877,0.007325432460785829,300
7,7,7,1.2,0.16,S2_sum,4.320363538777852,0.007273718752218893,300
7,7,7,1.2,0.165,S2_sum,4.3148262748005175,0.007237468387419652,300
7,7,7,1.2,0.17,S2_sum,4.309603051373379,0.0072202937924400225,300
7,7,7,1.2,0.17500000000000002,S2_sum,4.303948450451743,0.007165262695408337,300
7,7,7,1.2,0.18,S2_sum,4.298092286746233,0.007116170308663432,300
7,7,7,1.2,0.185,S2_sum,4.292315251104481,0.007059734682861638,300
7,7,7,1.2,0.19,S2_sum,4.286424023197453,0.007039119075661673,300
7,7,7,1.2,0.195,S2_sum,4.281215360355905,0.007008544308591706,300
7,7,7,1.2,0.2,S2_sum,4.274888867841079,0.0069790008322011595,300
7,7,7,1.2,0.20500000000000002,S2_sum,4.269052658988552,0.006954357559552743,300
7,7,7,1.2,0.21,S2_sum,4.263259221088986,0.0069421153409606525,300
7,7,7,1.2,0.215,S2_sum,4.2569840659751295,0.006889992078857798,300
7,7,7,1.2,0.22,S2_sum,4.25105970847762,0.006851574267296628,300
7,7,7,1.2,0.225,S2_sum,4.245601932297774,0.0068178108209889605,300
7,7,7,1.2,0.23,S2_sum,4.239722747875311,0.006775086004866199,300
7,7,7,1.2,0.23500000000000001,S2_sum,4.233947382518005,0.006754799865799733,300
7,7,7,1.2,0.24,S2_sum,4.228083224033154,0.006702461093358158,300
7,7,7,1.2,0.245,S2_sum,4.2219975872957685,0.006676785124346388,300
7,7,7,1.2,0.25,S2_sum,4.215935873425979,0.0066533453691523916,300
7,7,7,1.2,0.255,S2_sum,4.210074740536453,0.006608094487270058,300
7,7,7,1.2,0.26,S2_sum,4.2041068928388805,0.00656596286139801,300
7,7,7,1.2,0.265,S2_sum,4.198219168721601,0.0065105985840882485,300
7,7,7,1.2,0.27,S2_sum,4.192411839579426,0.0064929391047232185,300
7,7,7,1.2,0.275,S2_sum,4.186225400019833,0.006473141474219114,300
7,7,7,1.2,0.28,S2_sum,4.180210180669187,0.006447603264386062,300
7,7,7,1.2,0.28500000000000003,S2_sum,4.174170608057405,0.006428756045257017,300
7,7,7,1.2,0.29,S2_sum,4.168145243205637,0.006406853468071976,300
7,7,7,1.2,0.295,S2_sum,4.161871219986761,0.006369392088820645,300
7,7,7,1.2,0.3,S2_sum,4.155697700842843,0.0063425003408305505,300
7,7,7,1.2,0.305,S2_sum,4.14957444607558,0.006283403227467439,300
7,7,7,1.2,0.31,S2_sum,4.143609257995872,0.006254513335234403,300
7,7,7,1.2,0.315,S2_sum,4.13750305103002,0.006208926968540724,300
7,7,7,1.2,0.32,S2_sum,4.131029686122942,0.006181492974755449,300
7,7,7,1.2,0.325,S2_sum,4.124742514122964,0.006156336296393275,300
7,7,7,1.2,0.33,S2_sum,4.118587496785751,0.006118290732903275,300
7,7,7,1.2,0.335,S2_sum,4.11201889941613,0.00606503616551136,300
7,7,7,1.2,0.34,S2_sum,4.1057097265336395,0.006026771063630998,300
7,7,7,1.2,0.34500000000000003,S2_sum,4.099680540570133,0.0060072326112648585,300
7,7,7,1.2,0.35000000000000003,S2_sum,4.0932455459580215,0.005979839523024471,300
7,7,7,1.2,0.355,S2_sum,4.086903872684958,0.005962360748158084,300
7,7,7,1.2,0.36,S2_sum,4.080510915714821,0.005940714080953833,300
7,7,7,1.2,0.365,S2_sum,4.074059146799663,0.00589475067916982,300
7,7,7,1.2,0.37,S2_sum,4.067520017385137,0.005866075840269684,300
7,7,7,1.2,0.375,S2_sum,4.061216663535628,0.005824422758100435,300
7,7,7,1.2,0.38,S2_sum,4.0550796871838815,0.00580024693404254,300
7,7,7,1.2,0.385,S2_sum,4.048789615164193,0.005760096228898502,300
7,7,7,1.2,0.39,S2_sum,4.042112706991543,0.005740938795464222,300
7,7,7,1.2,0.395,S2_sum,4.03557315117921,0.005687446216962428,300
7,7,7,1.2,0.4,S2_sum,4.029365588902723,0.005651972103967086,300
7,7,7,1.2,0.405,S2_sum,4.022942135886878,0.005623620277857534,300
7,7,7,1.2,0.41000000000000003,S2_sum,4.016550441585221,0.005580384173092128,300
7,7,7,1.2,0.41500000000000004,S2_sum,4.010042238622362,0.005555560120438773,300
7,7,7,1.2,0.42,S2_sum,4.003362691272866,0.005522910728717235,300
7,7,7,1.2,0.425,S2_sum,3.9970075499245414,0.0055026001530576124,300
7,7,7,1.2,0.43,S2_sum,3.990677013378637,0.005472105888143283,300
7,7,7,1.2,0.435,S2_sum,3.9842341052842336,0.005445576457613481,300
7,7,7,1.2,0.44,S2_sum,3.9777410566068387,0.0054097078941928835,300
7,7,7,1.2,0.445,S2_sum,3.9712682933594525,0.00538691027081363,300
7,7,7,1.2,0.45,S2_sum,3.964447064969362,0.005368234739603915,300
7,7,7,1.2,0.455,S2_sum,3.9581026647187536,0.005331700146516971,300
7,7,7,1.2,0.46,S2_sum,3.951434988915108,0.005299679661431363,300
7,7,7,1.2,0.465,S2_sum,3.944882091484865,0.005286624543945843,300
7,7,7,1.2,0.47000000000000003,S2_sum,3.9384095047614807,0.005267502665529715,300
7,7,7,1.2,0.47500000000000003,S2_sum,3.931716656098999,0.005247460277989585,300
7,7,7,1.2,0.48,S2_sum,3.925239186679964,0.005218680405259015,300
7,7,7,1.2,0.485,S2_sum,3.9185885207560425,0.005207967541904508,300
7,7,7,1.2,0.49,S2_sum,3.9122084341177485,0.005186650986424237,300
7,7,7,1.2,0.495,S2_sum,3.90547171278986,0.005158803476930799,300
7,7,7,1.2,0.5,S2_sum,3.898685154329917,0.0051405145932605055,300
7,7,7,1.2,0.505,S2_sum,3.8922459607371427,0.005128995331096483,300
7,7,7,1.2,0.51,S2_sum,3.885513916999083,0.005095669082882723,300
7,7,7,1.2,0.515,S2_sum,3.879017245901189,0.005065413598148477,300
7,7,7,1.2,0.52,S2_sum,3.8723975059209055,0.005051164397786094,300
7,7,7,1.2,0.525,S2_sum,3.8656163307477573,0.005025423103087259,300
7,7,7,1.2,0.53,S2_sum,3.85904765448584,0.005003869551757545,300
7,7,7,1.2,0.535,S2_sum,3.8524453179294156,0.0049819550955394485,300
7,7,7,1.2,0.54,S2_sum,3.846124022226598,0.00496520967816796,300
7,7,7,1.2,0.545,S2_sum,3.839371147980587,0.004950072542739516,300
7,7,7,1.2,0.55,S2_sum,3.832706358980861,0.004935157485239844,300
7,7,7,1.2,0.555,S2_sum,3.826116633737365,0.00491839133402146,300
7,7,7,1.2,0.56,S2_sum,3.8195872236062187,0.004910354357321713,300
7,7,7,1.2,0.5650000000000001,S2_sum,3.8129040391352333,0.004879170393688152,300
7,7,7,1.2,0.5700000000000001,S2_sum,3.8064014162223097,0.004853793290195939,300
7,7,7,1.2,0.5750000000000001,S2_sum,3.79985018599878,0.004832445813159163,300
7,7,7,1.2,0.58,S2_sum,3.7933524924187068,0.004811224169752889,300
7,7,7,1.2,0.585,S2_sum,3.786843958930404,0.004789795411107787,300
7,7,7,1.2,0.59,S2_sum,3.780476264472076,0.004761634269453082,300
7,7,7,1.2,0.595,S2_sum,3.7739844823603605,0.00474360997280922,300
7,7,7,1.2,0.6,S2_sum,3.767350966192189,0.004726769880232771,300
7,7,7,1.2,0.0,Sstar,1.5406892602749833,0.000674252702079946,300
7,7,7,1.2,0.005,Sstar,1.5406184897052466,0.0006767316273696607,300
7,7,7,1.2,0.01,Sstar,1.5405088995826266,0.0006815411331934307,300
7,7,7,1.2,0.015,Sstar,1.5403256889706327,0.00068345121040167,300
7,7,7,1.2,0.02,Sstar,1.5400721035469205,0.0006834681846622161,300
7,7,7,1.2,0.025,Sstar,1.5398323243176417,0.0006772647181001092,300
7,7,7,1.2,0.03,Sstar,1.5394285896382103,0.0006797497221677803,300
7,7,7,1.2,0.035,Sstar,1.5390154560575815,0.0006802457571269867,300
7,7,7,1.2,0.04,Sstar,1.5386046715149861,0.0006809700122639584,300
7,7,7,1.2,0.045,Sstar,1.5381032655120195,0.000678119605453587,300
7,7,7,1.2,0.05,Sstar,1.5376304464548685,0.0006745598982509601,300
7,7,7,1.2,0.055,Sstar,1.537104105971156,0.000673572471219928,300
7,7,7,1.2,0.06,Sstar,1.536476652214636,0.0006697964732347032,300
7,7,7,1.2,0.065,Sstar,1.5359420174035465,0.0006651817380454368,300
7,7,7,1.2,0.07,Sstar,1.535387677620814,0.000666641221343536,300
7,7,7,1.2,0.075,Sstar,1.534757949549936,0.000663446734542954,300
7,7,7,1.2,0.08,Sstar,1.5341107279366413,0.0006546022830074823,300
7,7,7,1.2,0.085,Sstar,1.5335094215256144,0.0006496861115774828,300
7,7,7,1.2,0.09,Sstar,1.532843027338317,0.0006443053471344509,300
7,7,7,1.2,0.095,Sstar,1.5322321405795554,0.0006367723275718881,300
7,7,7,1.2,0.1,Sstar,1.531647611162372,0.0006257414632269895,300
7,7,7,1.2,0.105,Sstar,1.531007747427732,0.0006120500958595864,300
7,7,7,1.2,0.11,Sstar,1.530424335052981,0.0006016427623028637,300
7,7,7,1.2,0.115,Sstar,1.5298704408164965,0.0005871052735932018,300
7,7,7,1.2,0.12,Sstar,1.529330890303134,0.0005767926162832608,300
7,7,7,1.2,0.125,Sstar,1.5288020837722378,0.0005726937855704782,300
7,7,7,1.2,0.13,Sstar,1.5281784618808518,0.0005669850145160734,300
7,7,7,1.2,0.135,Sstar,1.5276158183204112,0.000557320256040348,300
7,7,7,1.2,0.14,Sstar,1.5270014673283394,0.0005537844370094468,300
7,7,7,1.2,0.145,Sstar,1.5263854414052969,0.000544993015218655,300
7,7,7,1.2,0.15,Sstar,1.525880317224891,0.0005352668316504113,300
7,7,7,1.2,0.155,Sstar,1.5252373534174009,0.0005272094116246631,300
7,7,7,1.2,0.16,Sstar,1.5246317516919412,0.0005189582506056198,300
7,7,7,1.2,0.165,Sstar,1.524024022728598,0.000513124971458115,300
7,7,7,1.2,0.17,Sstar,1.523410175761619,0.0005084869798130227,300
7,7,7,1.2,0.17500000000000002,Sstar,1.5227841163746656,0.0005001488293297589,300
7,7,7,1.2,0.18,Sstar,1.5221212219789002,0.0004954093074004192,300
7,7,7,1.2,0.185,Sstar,1.5215520481768328,0.00048586551960209116,300
7,7,7,1.2,0.19,Sstar,1.520915570358285,0.00048304327740118205,300
7,7,7,1.2,0.195,Sstar,1.5204235230794851,0.00047735159056935215,300
7,7,7,1.2,0.2,Sstar,1.5197124740059051,0.00047256799832460486,300
7,7,7,1.2,0.20500000000000002,Sstar,1.5191054894938254,0.0004703521802196191,300
7,7,7,1.2,0.21,Sstar,1.518511446059143,0.0004709471115240576,300
7,7,7,1.2,0.215,Sstar,1.5178519067245477,0.00046391555789735935,300
7,7,7,1.2,0.22,Sstar,1.5172340450395436,0.0004600719096241437,300
7,7,7,1.2,0.225,Sstar,1.5167016192516838,0.00045551883622791425,300
7,7,7,1.2,0.23,Sstar,1.5160790405402944,0.00045490474396255243,300
7,7,7,1.2,0.23500000000000001,Sstar,1.5154717353429064,0.0004513517146294495,300
7,7,7,1.2,0.24,Sstar,1.5149006842084165,0.00044731630520610687,300
7,7,7,1.2,0.245,Sstar,1.5142817800420967,0.00044726595909914534,300
7,7,7,1.2,0.25,Sstar,1.5136435045674819,0.00044845010597746967,300
7,7,7,1.2,0.255,Sstar,1.5130654118932056,0.0004451702525208927,300
7,7,7,1.2,0.26,Sstar,1.512414334956211,0.00044196197047922925,300
7,7,7,1.2,0.265,Sstar,1.511836225457399,0.00044160215680619274,300
7,7,7,1.2,0.27,Sstar,1.5112450520153091,0.0004415096232690881,300
7,7,7,1.2,0.275,Sstar,1.510624102030799,0.00044227083280041156,300
7,7,7,1.2,0.28,Sstar,1.5100226017513994,0.0004405207093809519,300
7,7,7,1.2,0.28500000000000003,Sstar,1.5093980042985755,0.00043992821748525324,300
7,7,7,1.2,0.29,Sstar,1.5087742216737012,0.0004428418127647951,300
7,7,7,1.2,0.295,Sstar,1.5081063434601485,0.00044330270436540695,300
7,7,7,1.2,0.3,Sstar,1.5074409834841207,0.00044313886777232414,300
7,7,7,1.2,0.305,Sstar,1.506803837035767,0.0004379367776872331,300
7,7,7,1.2,0.31,Sstar,1.5061750003278107,0.0004403877634078147,300
7,7,7,1.2,0.315,Sstar,1.5055230094240115,0.0004388810403088227,300
7,7,7,1.2,0.32,Sstar,1.5048280156124334,0.0004368448965953751,300
7,7,7,1.2,0.325,Sstar,1.5041628688525484,0.00043799258104891276,300
7,7,7,1.2,0.33,Sstar,1.5035300839045942,0.00043827890623837683,300
7,7,7,1.2,0.335,Sstar,1.5028225604352758,0.0004364866902367206,300
7,7,7,1.2,0.34,Sstar,1.5021356991687924,0.00043449266840419525,300
7,7,7,1.2,0.34500000000000003,Sstar,1.5015251081607242,0.0004364522929898396,300
7,7,7,1.2,0.35000000000000003,Sstar,1.5008277124999354,0.00044026867321105467,300
7,7,7,1.2,0.355,Sstar,1.5001409004868982,0.00044386382574683545,300
7,7,7,1.2,0.36,Sstar,1.4994207858279016,0.00044715310562616997,300
7,7,7,1.2,0.365,Sstar,1.498669121080837,0.0004490773254058873,300
7,7,7,1.2,0.37,Sstar,1.4979447173290887,0.0004497784234350134,300
7,7,7,1.2,0.375,Sstar,1.4972369289051604,0.00044892467337960746,300
7,7,7,1.2,0.38,Sstar,1.496519784541205,0.0004521515816006229,300
7,7,7,1.2,0.385,Sstar,1.4957837888063048,0.0004540345961453312,300
7,7,7,1.2,0.39,Sstar,1.495003555967573,0.00045655505864124267,300
7,7,7,1.2,0.395,Sstar,1.4942570243031246,0.0004558591675355045,300
7,7,7,1.2,0.4,Sstar,1.4934972994792954,0.0004588091855235524,300
7,7,7,1.2,0.405,Sstar,1.492793615798865,0.00046254784122553747,300
7,7,7,1.2,0.41000000000000003,Sstar,1.4920378186875665,0.00046568328414290766,300
7,7,7,1.2,0.41500000000000004,Sstar,1.4912702832103424,0.0004717021274608144,300
7,7,7,1.2,0.42,Sstar,1.4904775530959216,0.0004755460891431559,300
7,7,7,1.2,0.425,Sstar,1.4897379136331153,0.0004806403315978195,300
7,7,7,1.2,0.43,Sstar,1.4889807528075976,0.00048303068197482434,300
7,7,7,1.2,0.435,Sstar,1.4882060918303746,0.0004885324457997073,300
7,7,7,1.2,0.44,Sstar,1.4874530602648142,0.0004881326080141588,300
7,7,7,1.2,0.445,Sstar,1.486682288771381,0.0004887853950868486,300
7,7,7,1.2,0.45,Sstar,1.485817463993245,0.0004939468059566037,300
7,7,7,1.2,0.455,Sstar,1.4850869149976533,0.0004973528997188728,300
7,7,7,1.2,0.46,Sstar,1.4842672046514962,0.0005000760042945558,300
7,7,7,1.2,0.465,Sstar,1.4834343139416788,0.0005053651681838685,300
7,7,7,1.2,0.47000000000000003,Sstar,1.4826273736721187,0.0005091349794871272,300
7,7,7,1.2,0.47500000000000003,Sstar,1.4818630598469682,0.0005094143978370653,300
7,7,7,1.2,0.48,Sstar,1.4810351421294876,0.0005109109659282934,300
7,7,7,1.2,0.485,Sstar,1.4802046251067622,0.000513526589887702,300
7,7,7,1.2,0.49,Sstar,1.4794467962201534,0.000516795140734289,300
7,7,7,1.2,0.495,Sstar,1.478652184357727,0.0005174135026335134,300
7,7,7,1.2,0.5,Sstar,1.477830566100317,0.0005225230938960989,300
7,7,7,1.2,0.505,Sstar,1.477014158089491,0.0005296093973406022,300
7,7,7,1.2,0.51,Sstar,1.4761873510289036,0.0005300626441005414,300
7,7,7,1.2,0.515,Sstar,1.475447344372724,0.0005341064435256246,300
7,7,7,1.2,0.52,Sstar,1.474661688652828,0.0005379675263561455,300
7,7,7,1.2,0.525,Sstar,1.4737838462124093,0.0005434413353215933,300
7,7,7,1.2,0.53,Sstar,1.4729458139710137,0.0005496592733706102,300
7,7,7,1.2,0.535,Sstar,1.4721102062125944,0.000553284193091198,300
7,7,7,1.2,0.54,Sstar,1.471330090350842,0.0005574336709337691,300
7,7,7,1.2,0.545,Sstar,1.470446654994313,0.0005610274136807485,300
7,7,7,1.2,0.55,Sstar,1.4696315785971004,0.0005636450322258019,300
7,7,7,1.2,0.555,Sstar,1.468804282711068,0.0005651152667782268,300
7,7,7,1.2,0.56,Sstar,1.4680439417500974,0.0005683398604512817,300
7,7,7,1.2,0.5650000000000001,Sstar,1.4672396653892699,0.0005705413751638845,300
7,7,7,1.2,0.5700000000000001,Sstar,1.4664739739294483,0.0005717369329424166,300
7,7,7,1.2,0.5750000000000001,Sstar,1.4657414930164256,0.0005706395035971949,300
7,7,7,1.2,0.58,Sstar,1.464954246371785,0.0005723528758994939,300
7,7,7,1.2,0.585,Sstar,1.4641620137383247,0.0005722942181313898,300
7,7,7,1.2,0.59,Sstar,1.4634765937180618,0.0005717849046713867,300
7,7,7,1.2,0.595,Sstar,1.462723030796968,0.0005751044383486792,300
7,7,7,1.2,0.6,Sstar,1.4619669013879615,0.0005711284951616695,300
7,7,7,1.6,0.0,M_sum,5.914948022804741,0.022447672403779113,300
7,7,7,1.6,0.005,M_sum,5.9141299315293185,0.022409461900473458,300
7,7,7,1.6,0.01,M_sum,5.913561512910798,0.02238080330973151,300
7,7,7,1.6,0.015,M_sum,5.913123719056404,0.022390858979673366,300
7,7,7,1.6,0.02,M_sum,5.911690979332695,0.022353440165412967,300
7,7,7,1.6,0.025,M_sum,5.910266443203698,0.02234708468636277,300
7,7,7,1.6,0.03,M_sum,5.908472273668066,0.022275330061991883,300
7,7,7,1.6,0.035,M_sum,5.906430579932377,0.022213239611439426,300
7,7,7,1.6,0.04,M_sum,5.904003090479139,0.02222358346365601,300
7,7,7,1.6,0.045,M_sum,5.9010309974423105,0.022205556944618985,300
7,7,7,1.6,0.05,M_sum,5.898470749957764,0.02212312979427847,300
7,7,7,1.6,0.055,M_sum,5.89573332029451,0.022087242079214545,300
7,7,7,1.6,0.06,M_sum,5.892418511738839,0.02203816970800607,300
7,7,7,1.6,0.065,M_sum,5.889229654483781,0.021978760381168656,300
7,7,7,1.6,0.07,M_sum,5.885748048386284,0.021915963766032154,300
7,7,7,1.6,0.075,M_sum,5.882009431767401,0.021845513388975665,300
7,7,7,1.6,0.08,M_sum,5.877989166161411,0.021762940687736657,300
7,7,7,1.6,0.085,M_sum,5.87441264005123,0.021665625068809792,300
7,7,7,1.6,0.09,M_sum,5.8699003395099805,0.021616342478480172,300
7,7,7,1.6,0.095,M_sum,5.865794704862798,0.02154230961310369,300
7,7,7,1.6,0.1,M_sum,5.86106168547589,0.021484153839019193,300
7,7,7,1.6,0.105,M_sum,5.855815391129472,0.021398616417320673,300
7,7,7,1.6,0.11,M_sum,5.850836192418025,0.021331590466498546,300
7,7,7,1.6,0.115,M_sum,5.845568113644258,0.021251429376261715,300
7,7,7,1.6,0.12,M_sum,5.839403916120258,0.02117457261147478,300
7,7,7,1.6,0.125,M_sum,5.83369835878322,0.021081845833275534,300
7,7,7,1.6,0.13,M_sum,5.827574919725104,0.021027452219826957,300
7,7,7,1.6,0.135,M_sum,5.82141863805263,0.02090391882700185,300
7,7,7,1.6,0.14,M_sum,5.81489684488925,0.020773685689997986,300
7,7,7,1.6,0.145,M_sum,5.808465215123938,0.020688119755336645,300
7,7,7,1.6,0.15,M_sum,5.802344365490324,0.020563539277833578,300
7,7,7,1.6,0.155,M_sum,5.795907072489174,0.020447638774643312,300
7,7,7,1.6,0.16,M_sum,5.789365659588457,0.020342241334980634,300
7,7,7,1.6,0.165,M_sum,5.782450651130048,0.020245334790319966,300
7,7,7,1.6,0.17,M_sum,5.775661830417676,0.020190763140012887,300
7,7,7,1.6,0.17500000000000002,M_sum,5.7682879834540355,0.0200704454618852,300
7,7,7,1.6,0.18,M_sum,5.760908126424432,0.019948646199546657,300
7,7,7,1.6,0.185,M_sum,5.753660730931669,0.019882802500129963,300
7,7,7,1.6,0.19,M_sum,5.745830198488237,0.019760656040269647,300
7,7,7,1.6,0.195,M_sum,5.738085947701653,0.01966259829280613,300
7,7,7,1.6,0.2,M_sum,5.731084699723365,0.01955291397185476,300
7,7,7,1.6,0.20500000000000002,M_sum,5.723240378290828,0.019445626554125052,300
7,7,7,1.6,0.21,M_sum,5.715021669060386,0.019329309646182104,300
7,7,7,1.6,0.215,M_sum,5.707639919355833,0.019232591684308558,300
7,7,7,1.6,0.22,M_sum,5.699369932721143,0.01914482558580798,300
7,7,7,1.6,0.225,M_sum,5.691237801150302,0.019059110508058433,300
7,7,7,1.6,0.23,M_sum,5.683434736376225,0.01896661495605765,300
7,7,7,1.6,0.23500000000000001,M_sum,5.675038687242558,0.01884654441561871,300
7,7,7,1.6,0.24,M_sum,5.6662334320256535,0.018733685028332718,300
7,7,7,1.6,0.245,M_sum,5.657841653125575,0.018634416495312976,300
7,7,7,1.6,0.25,M_sum,5.649179248171521,0.01853357700848678,300
7,7,7,1.6,0.255,M_sum,5.640753658354157,0.018441445635929723,300
7,7,7,1.6,0.26,M_sum,5.632167954115225,0.018346171219662435,300
7,7,7,1.6,0.265,M_sum,5.623055584039301,0.018254607075958745,300
7,7,7,1.6,0.27,M_sum,5.613978610731239,0.018151507680541436,300
7,7,7,1.6,0.275,M_sum,5.604966111034011,0.018087753426553346,300
7,7,7,1.6,0.28,M_sum,5.596139642972463,0.018005973785261014,300
7,7,7,1.6,0.28500000000000003,M_sum,5.58676867246697,0.01788539840224151,300
7,7,7,1.6,0.29,M_sum,5.577508972527754,0.017795688026304657,300
7,7,7,1.6,0.295,M_sum,5.5686583135568055,0.017693755542408256,300
7,7,7,1.6,0.3,M_sum,5.559882474076061,0.017602926748278454,300
7,7,7,1.6,0.305,M_sum,5.550765594407232,0.0174936756875827,300
7,7,7,1.6,0.31,M_sum,5.541664599496577,0.017390930502950736,300
7,7,7,1.6,0.315,M_sum,5.532571142055678,0.017305527211463768,300
7,7,7,1.6,0.32,M_sum,5.523250527885482,0.017197966722261177,300
7,7,7,1.6,0.325,M_sum,5.513747945856528,0.017118372715994517,300
7,7,7,1.6,0.33,M_sum,5.504457450015311,0.01702739974869475,300
7,7,7,1.6,0.335,M_sum,5.495001000403022,0.016912034840947915,300
7,7,7,1.6,0.34,M_sum,5.485480804876272,0.016828221610945025,300
7,7,7,1.6,0.34500000000000003,M_sum,5.47608569091153,0.016723995803376895,300
7,7,7,1.6,0.35000000000000003,M_sum,5.466561658249422,0.01661009115623925,300
7,7,7,1.6,0.355,M_sum,5.4570722826860925,0.0165340906805594,300
7,7,7,1.6,0.36,M_sum,5.4478158850268095,0.01644520308653517,300
7,7,7,1.6,0.365,M_sum,5.438080835627719,0.01636739068231943,300
7,7,7,1.6,0.37,M_sum,5.428475530652364,0.01627838509032683,300
7,7,7,1.6,0.375,M_sum,5.418816067411113,0.016197078165247323,300
7,7,7,1.6,0.38,M_sum,5.408954209197223,0.016116096474801396,300
7,7,7,1.6,0.385,M_sum,5.399383486350567,0.01604669136599953,300
7,7,7,1.6,0.39,M_sum,5.389352173223426,0.01595393543746026,300
7,7,7,1.6,0.395,M_sum,5.379429379271711,0.015858525140679546,300
7,7,7,1.6,0.4,M_sum,5.369629288384334,0.015769542469065027,300
7,7,7,1.6,0.405,M_sum,5.359805497234932,0.015643708591102052,300
7,7,7,1.6,0.41000000000000003,M_sum,5.350356283000791,0.015561951447293335,300
7,7,7,1.6,0.41500000000000004,M_sum,5.340181692528686,0.015466549519849127,300
7,7,7,1.6,0.42,M_sum,5.330329069944868,0.01536871433411237,300
7,7,7,1.6,0.425,M_sum,5.3201927236248885,0.01528922131141498,300
7,7,7,1.6,0.43,M_sum,5.310212580138597,0.01520084483741796,300
7,7,7,1.6,0.435,M_sum,5.300211448837146,0.015118463944071516,300
7,7,7,1.6,0.44,M_sum,5.290002552967959,0.015033121000293121,300
7,7,7,1.6,0.445,M_sum,5.279583312587561,0.014923914737111715,300
7,7,7,1.6,0.45,M_sum,5.269511010016858,0.014841738967857438,300
7,7,7,1.6,0.455,M_sum,5.259428157367698,0.014736301163270937,300
7,7,7,1.6,0.46,M_sum,5.249579677542982,0.01466970374957222,300
7,7,7,1.6,0.465,M_sum,5.239272446026009,0.014595690812304149,300
7,7,7,1.6,0.47000000000000003,M_sum,5.229061529858061,0.014528971553333169,300
7,7,7,1.6,0.47500000000000003,M_sum,5.218817800008109,0.014438161078989261,300
7,7,7,1.6,0.48,M_sum,5.208734085773451,0.014367740978880748,300
7,7,7,1.6,0.485,M_sum,5.198412390728112,0.014262429867535302,300
7,7,7,1.6,0.49,M_sum,5.18814960955623,0.014188624231246267,300
7,7,7,1.6,0.495,M_sum,5.177963884596173,0.014095254644162237,300
7,7,7,1.6,0.5,M_sum,5.167717739026082,0.014014293519420427,300
7,7,7,1.6,0.505,M_sum,5.15781089502349,0.013939932838335048,300
7,7,7,1.6,0.51,M_sum,5.1478664200364666,0.013852332670359204,300
7,7,7,1.6,0.515,M_sum,5.1373812556717,0.013770822641155405,300
7,7,7,1.6,0.52,M_sum,5.126992160051302,0.013701987317001162,300
7,7,7,1.6,0.525,M_sum,5.1166083818618295,0.01359965634230992,300
7,7,7,1.6,0.53,M_sum,5.106317331591685,0.01352630532241262,300
7,7,7,1.6,0.535,M_sum,5.096237037454709,0.013435956072041363,300
7,7,7,1.6,0.54,M_sum,5.0860596395266375,0.013354934155048813,300
7,7,7,1.6,0.545,M_sum,5.075871344210182,0.013272983736885756,300
7,7,7,1.6,0.55,M_sum,5.065796846883874,0.013186837991292543,300
7,7,7,1.6,0.555,M_sum,5.055231479689794,0.013112852558655696,300
7,7,7,1.6,0.56,M_sum,5.04481433135409,0.013040144180388968,300
7,7,7,1.6,0.5650000000000001,M_sum,5.034577840383467,0.012975822843874182,300
7,7,7,1.6,0.5700000000000001,M_sum,5.024595472340466,0.012902973563327771,300
7,7,7,1.6,0.5750000000000001,M_sum,5.014463700802168,0.012849680588894833,300
7,7,7,1.6,0.58,M_sum,5.004257360896522,0.0127637218016649,300
7,7,7,1.6,0.585,M_sum,4.99408455920231,0.012690964109318305,300
7,7,7,1.6,0.59,M_sum,4.983948343042127,0.012610406069265296,300
7,7,7,1.6,0.595,M_sum,4.973620384948296,0.012560686208100707,300
7,7,7,1.6,0.6,M_sum,4.963140564422914,0.012490641840975092,300
7,7,7,1.6,0.0,S2_sum,4.2522685476825375,0.012269274346262701,300
7,7,7,1.6,0.005,S2_sum,4.251697476370413,0.012244099404283594,300
7,7,7,1.6,0.01,S2_sum,4.251325442240479,0.01222466160183324,300
7,7,7,1.6,0.015,S2_sum,4.251064594311597,0.012233561090117603,300
7,7,7,1.6,0.02,S2_sum,4.250111735326967,0.012211211223541435,300
7,7,7,1.6,0.025,S2_sum,4.249173775675462,0.012209183112803994,300
7,7,7,1.6,0.03,S2_sum,4.2480187372334495,0.012162943557243747,300
7,7,7,1.6,0.035,S2_sum,4.246701904454819,0.012123197224677402,300
7,7,7,1.6,0.04,S2_sum,4.2450988410418145,0.01213681814246343,300
7,7,7,1.6,0.045,S2_sum,4.243148296877646,0.012130974365506265,300
7,7,7,1.6,0.05,S2_sum,4.241514482040337,0.012079640869394557,300
7,7,7,1.6,0.055,S2_sum,4.239781812237109,0.012059014914694886,300
7,7,7,1.6,0.06,S2_sum,4.237661392406588,0.012031137506949369,300
7,7,7,1.6,0.065,S2_sum,4.235668662183647,0.011996516233654265,300
7,7,7,1.6,0.07,S2_sum,4.233470411696291,0.011961552119576785,300
7,7,7,1.6,0.075,S2_sum,4.231096465522316,0.01192074098831688,300
7,7,7,1.6,0.08,S2_sum,4.228551331359208,0.011872903279603947,300
7,7,7,1.6,0.085,S2_sum,4.2263578499052565,0.011812133914012514,300
7,7,7,1.6,0.09,S2_sum,4.223494274193428,0.011789709116954759,300
7,7,7,1.6,0.095,S2_sum,4.220951733202848,0.011749279133254482,300
7,7,7,1.6,0.1,S2_sum,4.217975459260698,0.011722755169178029,300
7,7,7,1.6,0.105,S2_sum,4.214655683905823,0.01167563269220692,300
7,7,7,1.6,0.11,S2_sum,4.211540799667641,0.011641790809835432,300
7,7,7,1.6,0.115,S2_sum,4.208247514758617,0.011599703431137677,300
7,7,7,1.6,0.12,S2_sum,4.204329428219193,0.01156257085945533,300
7,7,7,1.6,0.125,S2_sum,4.200756534536779,0.011511833014476934,300
7,7,7,1.6,0.13,S2_sum,4.196904236704271,0.011490995972669808,300
7,7,7,1.6,0.135,S2_sum,4.19306151414821,0.011419109297393506,300
7,7,7,1.6,0.14,S2_sum,4.188982393310397,0.011343250750189758,300
7,7,7,1.6,0.145,S2_sum,4.184977538031425,0.01129836331593845,300
7,7,7,1.6,0.15,S2_sum,4.181230651635775,0.011224623203120938,300
7,7,7,1.6,0.155,S2_sum,4.177261009580374,0.011158367902916232,300
7,7,7,1.6,0.16,S2_sum,4.173244192262242,0.01110151261101323,300
7,7,7,1.6,0.165,S2_sum,4.168960822135621,0.01105084029679297,300
7,7,7,1.6,0.17,S2_sum,4.164792065350063,0.011030241674001427,300
7,7,7,1.6,0.17500000000000002,S2_sum,4.160217601121249,0.010965098625896934,300
7,7,7,1.6,0.18,S2_sum,4.155670389824609,0.010896818237716198,300
7,7,7,1.6,0.185,S2_sum,4.151214635991774,0.010869310559229612,300
7,7,7,1.6,0.19,S2_sum,4.146367273804037,0.010802223673881792,300
7,7,7,1.6,0.195,S2_sum,4.141614685316397,0.01075002907163471,300
7,7,7,1.6,0.2,S2_sum,4.137415426306603,0.010689908017185475,300
7,7,7,1.6,0.20500000000000002,S2_sum,4.132607680431769,0.01063434109467759,300
7,7,7,1.6,0.21,S2_sum,4.1275539110799055,0.010571299841244398,300
7,7,7,1.6,0.215,S2_sum,4.123130712319411,0.010520547032143666,300
7,7,7,1.6,0.22,S2_sum,4.118070843854805,0.010478349367320809,300
7,7,7,1.6,0.225,S2_sum,4.113113801322814,0.010439856139297734,300
7,7,7,1.6,0.23,S2_sum,4.1084221809411945,0.010392963869870753,300
7,7,7,1.6,0.23500000000000001,S2_sum,4.103310301397127,0.010330008360515532,300
7,7,7,1.6,0.24,S2_sum,4.097941081987895,0.010269385395196968,300
7,7,7,1.6,0.245,S2_sum,4.092867821324474,0.010219344432764827,300
7,7,7,1.6,0.25,S2_sum,4.087611898727432,0.010168466156272668,300
7,7,7,1.6,0.255,S2_sum,4.082553140086803,0.01012417364448139,300
7,7,7,1.6,0.26,S2_sum,4.077393977319323,0.010077018816016935,300
7,7,7,1.6,0.265,S2_sum,4.071865755842221,0.010034373245116543,300
7,7,7,1.6,0.27,S2_sum,4.0663677486132,0.009981776762230098,300
7,7,7,1.6,0.275,S2_sum,4.0609100031491785,0.00995773678895464,300
7,7,7,1.6,0.28,S2_sum,4.055612779942442,0.009921963769980276,300
7,7,7,1.6,0.28500000000000003,S2_sum,4.049934568417645,0.009856652385344764,300
7,7,7,1.6,0.29,S2_sum,4.044348586201101,0.009814449307509411,300
7,7,7,1.6,0.295,S2_sum,4.039089404390311,0.00976009056768895,300
7,7,7,1.6,0.3,S2_sum,4.03387961906533,0.00971716118141405,300
7,7,7,1.6,0.305,S2_sum,4.028442500970584,0.00966146779230213,300
7,7,7,1.6,0.31,S2_sum,4.023033578502182,0.009609215141230474,300
7,7,7,1.6,0.315,S2_sum,4.017625938570535,0.009570120376973175,300
7,7,7,1.6,0.32,S2_sum,4.012066303512954,0.009514177298996118,300
7,7,7,1.6,0.325,S2_sum,4.006393038962846,0.009479429775132263,300
7,7,7,1.6,0.33,S2_sum,4.000884635750725,0.009436845959935523,300
7,7,7,1.6,0.335,S2_sum,3.9952573542318106,0.009373901435306453,300
7,7,7,1.6,0.34,S2_sum,3.989598178322648,0.009334743080960783,300
7,7,7,1.6,0.34500000000000003,S2_sum,3.9840225558043314,0.009280946420910105,300
7,7,7,1.6,0.35000000000000003,S2_sum,3.978393757909042,0.009218925764141867,300
7,7,7,1.6,0.355,S2_sum,3.972769275290168,0.009184602944973766,300
7,7,7,1.6,0.36,S2_sum,3.9673242375669786,0.009141451485537947,300
7,7,7,1.6,0.365,S2_sum,3.9615648581648704,0.00910700050235167,300
7,7,7,1.6,0.37,S2_sum,3.9558765145963095,0.009063651992764456,300
7,7,7,1.6,0.375,S2_sum,3.9501745050861543,0.009025803974581107,300
7,7,7,1.6,0.38,S2_sum,3.9443323182687093,0.008990644704851242,300
7,7,7,1.6,0.385,S2_sum,3.938689469754745,0.008960185343577877,300
7,7,7,1.6,0.39,S2_sum,3.9327209763472215,0.0089145204424401,300
7,7,7,1.6,0.395,S2_sum,3.926851411408041,0.008866692510309885,300
7,7,7,1.6,0.4,S2_sum,3.9210568271879453,0.008823022415656454,300
7,7,7,1.6,0.405,S2_sum,3.915264470492677,0.008753214104257275,300
7,7,7,1.6,0.41000000000000003,S2_sum,3.9097403891956506,0.008714149216368022,300
7,7,7,1.6,0.41500000000000004,S2_sum,3.903709371276152,0.008665656733575682,300
7,7,7,1.6,0.42,S2_sum,3.8979146495330914,0.008613770281867633,300
7,7,7,1.6,0.425,S2_sum,3.8918998666927562,0.00857587519235765,300
7,7,7,1.6,0.43,S2_sum,3.8859965433926997,0.008531863839163547,300
7,7,7,1.6,0.435,S2_sum,3.8801011370580007,0.008491601751307481,300
7,7,7,1.6,0.44,S2_sum,3.8740533347689423,0.008448893513438221,300
7,7,7,1.6,0.445,S2_sum,3.867838503560747,0.008389354490288265,300
7,7,7,1.6,0.45,S2_sum,3.861892753204235,0.008349125658478871,300
7,7,7,1.6,0.455,S2_sum,3.8559410096180553,0.008291563502288067,300
7,7,7,1.6,0.46,S2_sum,3.850156750493843,0.008263599002197837,300
7,7,7,1.6,0.465,S2_sum,3.8440397610084953,0.008229076521535606,300
7,7,7,1.6,0.47000000000000003,S2_sum,3.8379898777478663,0.008200584750385953,300
7,7,7,1.6,0.47500000000000003,S2_sum,3.8319304147888706,0.00815367788734792,300
7,7,7,1.6,0.48,S2_sum,3.8259780425446266,0.008121768522292648,300
7,7,7,1.6,0.485,S2_sum,3.81984733307149,0.00806422604915613,300
7,7,7,1.6,0.49,S2_sum,3.813756694628827,0.008029825292807742,300
7,7,7,1.6,0.495,S2_sum,3.8077379682655996,0.007978939665675562,300
7,7,7,1.6,0.5,S2_sum,3.8016749674578847,0.007937430779883993,300
7,7,7,1.6,0.505,S2_sum,3.795852203477301,0.007901747481960188,300
7,7,7,1.6,0.51,S2_sum,3.789989078080693,0.007856305190564369,300
7,7,7,1.6,0.515,S2_sum,3.78374977634633,0.007813504896436042,300
7,7,7,1.6,0.52,S2_sum,3.777565809725476,0.007782951826942729,300
7,7,7,1.6,0.525,S2_sum,3.7714041080574923,0.007724936735253988,300
7,7,7,1.6,0.53,S2_sum,3.7653088409957967,0.007689374990391987,300
7,7,7,1.6,0.535,S2_sum,3.7593606205089736,0.007642250766680879,300
7,7,7,1.6,0.54,S2_sum,3.7533452172696276,0.0075999794852927,300
7,7,7,1.6,0.545,S2_sum,3.7473052357472754,0.007556941720827766,300
7,7,7,1.6,0.55,S2_sum,3.7413679958462587,0.007510469426192786,300
7,7,7,1.6,0.555,S2_sum,3.7350479883596535,0.007473830775709245,300
7,7,7,1.6,0.56,S2_sum,3.728818270317663,0.0074365667543650135,300
7,7,7,1.6,0.5650000000000001,S2_sum,3.7227373609101573,0.007405855664844239,300
7,7,7,1.6,0.5700000000000001,S2_sum,3.71682537122789,0.007369444498858887,300
7,7,7,1.6,0.5750000000000001,S2_sum,3.7108234406552953,0.007345717305081956,300
7,7,7,1.6,0.58,S2_sum,3.7047540302171673,0.007297983997841029,300
7,7,7,1.6,0.585,S2_sum,3.698709823449144,0.007260346690298408,300
7,7,7,1.6,0.59,S2_sum,3.692669469549731,0.007217233939302719,300
7,7,7,1.6,0.595,S2_sum,3.686473296852415,0.007196918635714397,300
7,7,7,1.6,0.6,S2_sum,3.6801768678104416,0.007160949408205417,300
7,7,7,1.6,0.0,Sstar,1.5254546593658607,0.0010507505010877924,300
7,7,7,1.6,0.005,Sstar,1.5254104349936226,0.001050168539832393,300
7,7,7,1.6,0.01,Sstar,1.5253511205563894,0.0010491199499124274,300
7,7,7,1.6,0.015,Sstar,1.5252249008464032,0.0010572513418832066,300
7,7,7,1.6,0.02,Sstar,1.524973844345107,0.0010619903146232882,300
7,7,7,1.6,0.025,Sstar,1.524764880893725,0.0010635944577536249,300
7,7,7,1.6,0.03,Sstar,1.5243944834269527,0.0010668552582391618,300
7,7,7,1.6,0.035,Sstar,1.523923476495273,0.0010732548254163018,300
7,7,7,1.6,0.04,Sstar,1.5234292785593366,0.0010872035913769122,300
7,7,7,1.6,0.045,Sstar,1.5228522246299825,0.0010954541657471248,300
7,7,7,1.6,0.05,Sstar,1.5223956337748596,0.0010943438403404203,300
7,7,7,1.6,0.055,Sstar,1.5219425173890606,0.0010925808947495751,300
7,7,7,1.6,0.06,Sstar,1.5214544442885676,0.0010880172835339957,300
7,7,7,1.6,0.065,Sstar,1.521096625991529,0.0010782531028471728,300
7,7,7,1.6,0.07,Sstar,1.5207545889280962,0.0010680807842313692,300
7,7,7,1.6,0.075,Sstar,1.5203537094598938,0.0010560699010627897,300
7,7,7,1.6,0.08,Sstar,1.520053671517137,0.0010414466764047056,300
7,7,7,1.6,0.085,Sstar,1.5198142325386055,0.0010276667139700168,300
7,7,7,1.6,0.09,Sstar,1.5194928586251535,0.0010169914257202473,300
7,7,7,1.6,0.095,Sstar,1.5192571433284148,0.0010046653393122398,300
7,7,7,1.6,0.1,Sstar,1.5189213122251775,0.000995973998236909,300
7,7,7,1.6,0.105,Sstar,1.518588496354784,0.0009801643197539828,300
7,7,7,1.6,0.11,Sstar,1.5183210461451813,0.0009691723259373666,300
7,7,7,1.6,0.115,Sstar,1.5180264216437231,0.0009588042084882679,300
7,7,7,1.6,0.12,Sstar,1.5176045636550346,0.0009510954552404286,300
7,7,7,1.6,0.125,Sstar,1.5172680247482424,0.0009407927483756804,300
7,7,7,1.6,0.13,Sstar,1.5168690919557914,0.0009324731582391885,300
7,7,7,1.6,0.135,Sstar,1.516517721632178,0.0009211477705089787,300
7,7,7,1.6,0.14,Sstar,1.516097456464805,0.0009085782586605907,300
7,7,7,1.6,0.145,Sstar,1.5156978417753966,0.0009007693441678334,300
7,7,7,1.6,0.15,Sstar,1.5153100866223561,0.0008883918055941463,300
7,7,7,1.6,0.155,Sstar,1.5148906491111507,0.0008767003247278436,300
7,7,7,1.6,0.16,Sstar,1.5144671768856837,0.0008671671302274189,300
7,7,7,1.6,0.165,Sstar,1.514013464667234,0.0008621832207425815,300
7,7,7,1.6,0.17,Sstar,1.5135850168397127,0.0008590201724034326,300
7,7,7,1.6,0.17500000000000002,Sstar,1.5130851507123495,0.0008501095021437372,300
7,7,7,1.6,0.18,Sstar,1.5125789251091823,0.000841132918527327,300
7,7,7,1.6,0.185,Sstar,1.5121179799082647,0.000838122951784618,300
7,7,7,1.6,0.19,Sstar,1.5115818152764888,0.0008328979117533697,300
7,7,7,1.6,0.195,Sstar,1.5110778808462668,0.0008248178928662444,300
7,7,7,1.6,0.2,Sstar,1.5106442767795825,0.0008199984963829536,300
7,7,7,1.6,0.20500000000000002,Sstar,1.5100779657411307,0.000812914744339461,300
7,7,7,1.6,0.21,Sstar,1.5095036129520563,0.0008079537548212576,300
7,7,7,1.6,0.215,Sstar,1.508991920398382,0.0008062296925290821,300
7,7,7,1.6,0.22,Sstar,1.508413120308486,0.0008023372590836867,300
7,7,7,1.6,0.225,Sstar,1.5078356282228313,0.0007991803927222509,300
7,7,7,1.6,0.23,Sstar,1.5072796831102255,0.0007952386008760337,300
7,7,7,1.6,0.23500000000000001,Sstar,1.5066893172693612,0.0007896416541447933,300
7,7,7,1.6,0.24,Sstar,1.5060575906737976,0.0007867853462150417,300
7,7,7,1.6,0.245,Sstar,1.5055076480130503,0.0007811818401133099,300
7,7,7,1.6,0.25,Sstar,1.5049228782129684,0.0007777798507773605,300
7,7,7,1.6,0.255,Sstar,1.5043401611066767,0.0007786597041244869,300
7,7,7,1.6,0.26,Sstar,1.5037685435470267,0.000773654824935692,300
7,7,7,1.6,0.265,Sstar,1.5031264158794528,0.0007711218157674248,300
7,7,7,1.6,0.27,Sstar,1.5024736674434285,0.0007704654213819842,300
7,7,7,1.6,0.275,Sstar,1.501880044561792,0.0007712411928050101,300
7,7,7,1.6,0.28,Sstar,1.5012716106270199,0.0007709303007589188,300
7,7,7,1.6,0.28500000000000003,Sstar,1.5006056902876796,0.0007629031852995034,300
7,7,7,1.6,0.29,Sstar,1.4999936347012053,0.000761379370468988,300
7,7,7,1.6,0.295,Sstar,1.4993702242030482,0.0007602073163829864,300
7,7,7,1.6,0.3,Sstar,1.498761515690852,0.0007584144300861209,300
7,7,7,1.6,0.305,Sstar,1.4980962190570564,0.0007554811547889919,300
7,7,7,1.6,0.31,Sstar,1.4974419453203431,0.0007529515120569401,300
7,7,7,1.6,0.315,Sstar,1.4967976997985488,0.0007522746635733141,300
7,7,7,1.6,0.32,Sstar,1.4961296672021462,0.0007516652440535506,300
7,7,7,1.6,0.325,Sstar,1.4954700802382295,0.0007513081447917756,300
7,7,7,1.6,0.33,Sstar,1.4948292331219768,0.0007500272523138646,300
7,7,7,1.6,0.335,Sstar,1.4941852958380952,0.0007453902395194265,300
7,7,7,1.6,0.34,Sstar,1.4935106582087532,0.0007473335871276978,300
7,7,7,1.6,0.34500000000000003,Sstar,1.4927970235124135,0.0007440882520096582,300
7,7,7,1.6,0.35000000000000003,Sstar,1.4921179288842703,0.0007430407650690402,300
7,7,7,1.6,0.355,Sstar,1.4914566480394673,0.0007398373821374725,300
7,7,7,1.6,0.36,Sstar,1.4908029833447844,0.0007397958416119678,300
7,7,7,1.6,0.365,Sstar,1.4901592393100325,0.0007392341753433249,300
7,7,7,1.6,0.37,Sstar,1.4894624261706986,0.0007385927849806939,300
7,7,7,1.6,0.375,Sstar,1.4888287310491477,0.0007366137844401506,300
7,7,7,1.6,0.38,Sstar,1.488102227631199,0.0007359775574971943,300
7,7,7,1.6,0.385,Sstar,1.487374145000761,0.0007379405933280793,300
7,7,7,1.6,0.39,Sstar,1.486669356450321,0.0007382987316160129,300
7,7,7,1.6,0.395,Sstar,1.4859428846296354,0.0007368271031325143,300
7,7,7,1.6,0.4,Sstar,1.485243132639683,0.0007366569715473851,300
7,7,7,1.6,0.405,Sstar,1.4845282925411618,0.0007318065524075951,300
7,7,7,1.6,0.41000000000000003,Sstar,1.4838138429809933,0.0007310660429887714,300
7,7,7,1.6,0.41500000000000004,Sstar,1.4830180744692048,0.0007316623422478903,300
7,7,7,1.6,0.42,Sstar,1.4823409177286369,0.0007304753842532854,300
7,7,7,1.6,0.425,Sstar,1.4815797052770792,0.000728664766772328,300
7,7,7,1.6,0.43,Sstar,1.4808556168306841,0.0007286858483834413,300
7,7,7,1.6,0.435,Sstar,1.4801205366980175,0.0007258349448669678,300
7,7,7,1.6,0.44,Sstar,1.4793318635428359,0.0007236865138482549,300
7,7,7,1.6,0.445,Sstar,1.4785877233022608,0.0007195394807333097,300
7,7,7,1.6,0.45,Sstar,1.477906694666496,0.000715222342819444,300
7,7,7,1.6,0.455,Sstar,1.4771534428816544,0.0007126057036679937,300
7,7,7,1.6,0.46,Sstar,1.4764360592946706,0.000712013620638845,300
7,7,7,1.6,0.465,Sstar,1.4756432499222667,0.0007105856736986025,300
7,7,7,1.6,0.47000000000000003,Sstar,1.4748952768310295,0.0007107177784823875,300
7,7,7,1.6,0.47500000000000003,Sstar,1.4740858942766273,0.0007131915348918981,300
7,7,7,1.6,0.48,Sstar,1.4733300021375708,0.0007113542654191062,300
7,7,7,1.6,0.485,Sstar,1.472556801527092,0.0007093693317677686,300
7,7,7,1.6,0.49,Sstar,1.4717599058939375,0.0007085008979202255,300
7,7,7,1.6,0.495,Sstar,1.471017780320578,0.0007069203455824474,300
7,7,7,1.6,0.5,Sstar,1.4702024829479923,0.0007052673940384652,300
7,7,7,1.6,0.505,Sstar,1.4694400748172187,0.0007058585704929988,300
7,7,7,1.6,0.51,Sstar,1.4687450472904375,0.0007044265987722416,300
7,7,7,1.6,0.515,Sstar,1.467938351665161,0.000705189292652461,300
7,7,7,1.6,0.52,Sstar,1.4671556172753561,0.0007027374845640994,300
7,7,7,1.6,0.525,Sstar,1.4663803506880801,0.0007021767366904878,300
7,7,7,1.6,0.53,Sstar,1.465644712965433,0.0007030748636234829,300
7,7,7,1.6,0.535,Sstar,1.4648728634315134,0.0007027103540013321,300
7,7,7,1.6,0.54,Sstar,1.464164506672445,0.0007012516382601416,300
7,7,7,1.6,0.545,Sstar,1.463403446668931,0.0006998562365890621,300
7,7,7,1.6,0.55,Sstar,1.4626508270951737,0.0007025050700384787,300
7,7,7,1.6,0.555,Sstar,1.461884543593387,0.0007019089615928389,300
7,7,7,1.6,0.56,Sstar,1.4610511993638893,0.0006982358447848234,300
7,7,7,1.6,0.5650000000000001,Sstar,1.460285707820413,0.0006958983815300659,300
7,7,7,1.6,0.5700000000000001,Sstar,1.45958376038919,0.0006958970669874442,300
7,7,7,1.6,0.5750000000000001,Sstar,1.4588857376687483,0.0006942264531756661,300
7,7,7,1.6,0.58,Sstar,1.458220925941158,0.0006902038796929102,300
7,7,7,1.6,0.585,Sstar,1.4575185463030635,0.000688713685181946,300
7,7,7,1.6,0.59,Sstar,1.4568222790544836,0.0006835135413487676,300
7,7,7,1.6,0.595,Sstar,1.4560497053785508,0.0006772345377162186,300
7,7,7,1.6,0.6,Sstar,1.4553180194040092,0.0006738953169288108,300
7,7,7,2.0,0.0,M_sum,5.593703563715045,0.02832471018304215,300
7,7,7,2.0,0.005,M_sum,5.593266585180746,0.028297507229955204,300
7,7,7,2.0,0.01,M_sum,5.592619805127441,0.02828077863413449,300
7,7,7,2.0,0.015,M_sum,5.592480094322714,0.028281556974120707,300
7,7,7,2.0,0.02,M_sum,5.591356502592553,0.028260602089495712,300
7,7,7,2.0,0.025,M_sum,5.590266468434619,0.028214882552616016,300
7,7,7,2.0,0.03,M_sum,5.589078025837418,0.028192357633780116,300
7,7,7,2.0,0.035,M_sum,5.587484143126771,0.02815665279892062,300
7,7,7,2.0,0.04,M_sum,5.5862446848507235,0.028077613386761634,300
7,7,7,2.0,0.045,M_sum,5.584191203475382,0.02805003320655816,300
7,7,7,2.0,0.05,M_sum,5.5820618869192025,0.028041753693108858,300
7,7,7,2.0,0.055,M_sum,5.579296549202641,0.028000767919282927,300
7,7,7,2.0,0.06,M_sum,5.577352359395663,0.027951892754899673,300
7,7,7,2.0,0.065,M_sum,5.575050869923777,0.02788551906817728,300
7,7,7,2.0,0.07,M_sum,5.572335729416897,0.027839437540678712,300
7,7,7,2.0,0.075,M_sum,5.569476341512006,0.027790122385550845,300
7,7,7,2.0,0.08,M_sum,5.566466975280539,0.02772721277254087,300
7,7,7,2.0,0.085,M_sum,5.563856254345967,0.02766900615143083,300
7,7,7,2.0,0.09,M_sum,5.5606805558349395,0.027611628365275174,300
7,7,7,2.0,0.095,M_sum,5.557273769454977,0.02751804142632487,300
7,7,7,2.0,0.1,M_sum,5.553527132700856,0.027420919998004948,300
7,7,7,2.0,0.105,M_sum,5.5500326026855245,0.027332983942618135,300
7,7,7,2.0,0.11,M_sum,5.546790975326376,0.02726908889866213,300
7,7,7,2.0,0.115,M_sum,5.542825486764858,0.027187317951321028,300
7,7,7,2.0,0.12,M_sum,5.538830174797998,0.027098347056457816,300
7,7,7,2.0,0.125,M_sum,5.534630552432543,0.027024241249412086,300
7,7,7,2.0,0.13,M_sum,5.5299785503282575,0.02693164867129698,300
7,7,7,2.0,0.135,M_sum,5.525423264662465,0.026835102747531217,300
7,7,7,2.0,0.14,M_sum,5.521126157161469,0.0267579701067788,300
7,7,7,2.0,0.145,M_sum,5.515911546914054,0.026670991413289435,300
7,7,7,2.0,0.15,M_sum,5.510673544329856,0.026569064695863873,300
7,7,7,2.0,0.155,M_sum,5.505799324180003,0.026463914534299422,300
7,7,7,2.0,0.16,M_sum,5.500191591725676,0.026364354470233827,300
7,7,7,2.0,0.165,M_sum,5.494902839304196,0.026279024494736417,300
7,7,7,2.0,0.17,M_sum,5.489272194732442,0.026149345447860826,300
7,7,7,2.0,0.17500000000000002,M_sum,5.483427978693287,0.026008979813044217,300
7,7,7,2.0,0.18,M_sum,5.477711297961514,0.025917806822103664,300
7,7,7,2.0,0.185,M_sum,5.472202251447127,0.02578799777201541,300
7,7,7,2.0,0.19,M_sum,5.466593917765393,0.025660375859294333,300
7,7,7,2.0,0.195,M_sum,5.460835873938191,0.025538742615817418,300
7,7,7,2.0,0.2,M_sum,5.454610070641407,0.025413550677712688,300
7,7,7,2.0,0.20500000000000002,M_sum,5.448276080820258,0.02530640258086669,300
7,7,7,2.0,0.21,M_sum,5.442253184944887,0.02522208531784583,300
7,7,7,2.0,0.215,M_sum,5.43566064388134,0.025100474238096294,300
7,7,7,2.0,0.22,M_sum,5.429266092859127,0.024967958145649023,300
7,7,7,2.0,0.225,M_sum,5.422563187085852,0.02483525028674023,300
7,7,7,2.0,0.23,M_sum,5.4158938608154354,0.024743464303846878,300
7,7,7,2.0,0.23500000000000001,M_sum,5.408942103712459,0.024608806580559115,300
7,7,7,2.0,0.24,M_sum,5.402122421792469,0.024489764222703967,300
7,7,7,2.0,0.245,M_sum,5.395097732477234,0.0243651618604912,300
7,7,7,2.0,0.25,M_sum,5.388733927221611,0.02424922843434971,300
7,7,7,2.0,0.255,M_sum,5.38185240782885,0.024132680544222993,300
7,7,7,2.0,0.26,M_sum,5.374235291387864,0.024001638841225165,300
7,7,7,2.0,0.265,M_sum,5.367272411763288,0.023870361956509566,300
7,7,7,2.0,0.27,M_sum,5.36023483495097,0.023752006531455244,300
7,7,7,2.0,0.275,M_sum,5.352664107775647,0.02364224316622047,300
7,7,7,2.0,0.28,M_sum,5.345294124620686,0.023514684746103166,300
7,7,7,2.0,0.28500000000000003,M_sum,5.338196275457388,0.02342566868425493,300
7,7,7,2.0,0.29,M_sum,5.33048632750822,0.023284392537793037,300
7,7,7,2.0,0.295,M_sum,5.322976311269552,0.02315443047131395,300
7,7,7,2.0,0.3,M_sum,5.314879245112347,0.023026342764249468,300
7,7,7,2.0,0.305,M_sum,5.307279482965514,0.02289341671035296,300
7,7,7,2.0,0.31,M_sum,5.299360068089125,0.022765469266258227,300
7,7,7,2.0,0.315,M_sum,5.291299356270316,0.022671680771398434,300
7,7,7,2.0,0.32,M_sum,5.283874245708453,0.02256146064753351,300
7,7,7,2.0,0.325,M_sum,5.275865803699308,0.022432334779222084,300
7,7,7,2.0,0.33,M_sum,5.267428922605867,0.022316117996732096,300
7,7,7,2.0,0.335,M_sum,5.259024033270989,0.0221929970267466,300
7,7,7,2.0,0.34,M_sum,5.250938434159266,0.022067584122353278,300
7,7,7,2.0,0.34500000000000003,M_sum,5.2426545653514145,0.02198694563167219,300
7,7,7,2.0,0.35000000000000003,M_sum,5.2347568367738155,0.021880588312625876,300
7,7,7,2.0,0.355,M_sum,5.226129470661806,0.021752790041340703,300
7,7,7,2.0,0.36,M_sum,5.217851005326704,0.02162657672329414,300
7,7,7,2.0,0.365,M_sum,5.20933928077815,0.0215175733929585,300
7,7,7,2.0,0.37,M_sum,5.20113404554998,0.02139813515529196,300
7,7,7,2.0,0.375,M_sum,5.193159862812891,0.021279651750615025,300
7,7,7,2.0,0.38,M_sum,5.184781046107147,0.021159044382959947,300
7,7,7,2.0,0.385,M_sum,5.176418656807438,0.02103620396116837,300
7,7,7,2.0,0.39,M_sum,5.167835769420152,0.02091803969496664,300
7,7,7,2.0,0.395,M_sum,5.159415783929194,0.020807925099623252,300
7,7,7,2.0,0.4,M_sum,5.15097772362736,0.020677183378920307,300
7,7,7,2.0,0.405,M_sum,5.14213707543606,0.020572490508175483,300
7,7,7,2.0,0.41000000000000003,M_sum,5.133711607492969,0.02045032814147529,300
7,7,7,2.0,0.41500000000000004,M_sum,5.1249245035789075,0.02035001542431254,300
7,7,7,2.0,0.42,M_sum,5.116469815511427,0.020227171658186795,300
7,7,7,2.0,0.425,M_sum,5.107545800414142,0.020116269356378825,300
7,7,7,2.0,0.43,M_sum,5.098871533366974,0.0200015640867451,300
7,7,7,2.0,0.435,M_sum,5.090486141146121,0.01988440469696079,300
7,7,7,2.0,0.44,M_sum,5.08121743484878,0.019746220605063324,300
7,7,7,2.0,0.445,M_sum,5.072829114068838,0.019661546620935524,300
7,7,7,2.0,0.45,M_sum,5.064150187224555,0.019552274557834978,300
7,7,7,2.0,0.455,M_sum,5.055213463780479,0.01945417568451347,300
7,7,7,2.0,0.46,M_sum,5.046319773525428,0.019351498993443506,300
7,7,7,2.0,0.465,M_sum,5.037352557850941,0.019243052075404103,300
7,7,7,2.0,0.47000000000000003,M_sum,5.028575760905579,0.019143667702522123,300
7,7,7,2.0,0.47500000000000003,M_sum,5.019512916626217,0.019041203313080124,300
7,7,7,2.0,0.48,M_sum,5.01079088847061,0.018952260586537463,300
7,7,7,2.0,0.485,M_sum,5.001722593567906,0.01885395397507007,300
7,7,7,2.0,0.49,M_sum,4.992568804676913,0.018733862942332168,300
7,7,7,2.0,0.495,M_sum,4.983556949361689,0.018637335749053636,300
7,7,7,2.0,0.5,M_sum,4.974504956959831,0.018525357237504533,300
7,7,7,2.0,0.505,M_sum,4.965408734549511,0.018392150496471655,300
7,7,7,2.0,0.51,M_sum,4.956796469196243,0.01828599384323708,300
7,7,7,2.0,0.515,M_sum,4.947659022439823,0.018181707247935636,300
7,7,7,2.0,0.52,M_sum,4.938576229073408,0.01807931925296789,300
7,7,7,2.0,0.525,M_sum,4.929468245278467,0.01796702662077667,300
7,7,7,2.0,0.53,M_sum,4.920256344151723,0.017865631267122834,300
7,7,7,2.0,0.535,M_sum,4.910934430384581,0.017770428900361304,300
7,7,7,2.0,0.54,M_sum,4.901907615911896,0.017678339697725885,300
7,7,7,2.0,0.545,M_sum,4.892912201569911,0.017577590555629408,300
7,7,7,2.0,0.55,M_sum,4.883589055937005,0.017479010654843752,300
7,7,7,2.0,0.555,M_sum,4.874208274352469,0.017364671577309983,300
7,7,7,2.0,0.56,M_sum,4.8648819866086574,0.01726269862949962,300
7,7,7,2.0,0.5650000000000001,M_sum,4.855721279646322,0.017153833937018036,300
7,7,7,2.0,0.5700000000000001,M_sum,4.8465883513300305,0.017056801581278792,300
7,7,7,2.0,0.5750000000000001,M_sum,4.8377087166664845,0.01697067409918972,300
7,7,7,2.0,0.58,M_sum,4.8281621905788095,0.016878575639452362,300
7,7,7,2.0,0.585,M_sum,4.819204022060525,0.016788821109584826,300
7,7,7,2.0,0.59,M_sum,4.809932626139758,0.016711041809259364,300
7,7,7,2.0,0.595,M_sum,4.800663206608882,0.016610707000119383,300
7,7,7,2.0,0.6,M_sum,4.7915426407250425,0.016528455838534187,300
7,7,7,2.0,0.0,S2_sum,4.070205393847559,0.015823764244563172,300
7,7,7,2.0,0.005,S2_sum,4.069901723388557,0.01580580361987202,300
7,7,7,2.0,0.01,S2_sum,4.069463866670762,0.015794330566942807,300
7,7,7,2.0,0.015,S2_sum,4.069399446400156,0.015796254291034283,300
7,7,7,2.0,0.02,S2_sum,4.068651686657737,0.01578482334851256,300
7,7,7,2.0,0.025,S2_sum,4.0679387467832715,0.015755491163803276,300
7,7,7,2.0,0.03,S2_sum,4.067159335871852,0.01574194381802321,300
7,7,7,2.0,0.035,S2_sum,4.066122320367225,0.01572180617799851,300
7,7,7,2.0,0.04,S2_sum,4.065363491416934,0.0156705497310071,300
7,7,7,2.0,0.045,S2_sum,4.064008000512155,0.01565633863812372,300
7,7,7,2.0,0.05,S2_sum,4.062598011366872,0.015658031514791344,300
7,7,7,2.0,0.055,S2_sum,4.060772818408468,0.015636815378128,300
7,7,7,2.0,0.06,S2_sum,4.059547100288262,0.015609765057971124,300
7,7,7,2.0,0.065,S2_sum,4.05809480626337,0.015570777177619557,300
7,7,7,2.0,0.07,S2_sum,4.056361313561498,0.015545317462796563,300
7,7,7,2.0,0.075,S2_sum,4.054534807851312,0.015519308637288991,300
7,7,7,2.0,0.08,S2_sum,4.052635868811089,0.015484495254895926,300
7,7,7,2.0,0.085,S2_sum,4.051027804392485,0.015455202439525027,300
7,7,7,2.0,0.09,S2_sum,4.049027044620994,0.015424259115851994,300
7,7,7,2.0,0.095,S2_sum,4.0468594513519065,0.01536982214141366,300
7,7,7,2.0,0.1,S2_sum,4.044478690765683,0.015313280566422501,300
7,7,7,2.0,0.105,S2_sum,4.0423011500055495,0.015262635037088633,300
7,7,7,2.0,0.11,S2_sum,4.040306078947392,0.015229167431051337,300
7,7,7,2.0,0.115,S2_sum,4.037819312959748,0.015186827979157099,300
7,7,7,2.0,0.12,S2_sum,4.035313690434084,0.01513891452560875,300
7,7,7,2.0,0.125,S2_sum,4.0326759624627115,0.01510238585927386,300
7,7,7,2.0,0.13,S2_sum,4.029726367179311,0.015052778950941313,300
7,7,7,2.0,0.135,S2_sum,4.026856381198139,0.015001092050560133,300
7,7,7,2.0,0.14,S2_sum,4.024201748921886,0.014962107327281614,300
7,7,7,2.0,0.145,S2_sum,4.020894776429251,0.014919884740945353,300
7,7,7,2.0,0.15,S2_sum,4.017590382123125,0.014866670588371997,300
7,7,7,2.0,0.155,S2_sum,4.014559227112246,0.014809947139670366,300
7,7,7,2.0,0.16,S2_sum,4.011006259114164,0.014759217710431313,300
7,7,7,2.0,0.165,S2_sum,4.007711895456126,0.01471716918118449,300
7,7,7,2.0,0.17,S2_sum,4.004168834184059,0.014645423457641651,300
7,7,7,2.0,0.17500000000000002,S2_sum,4.000522470200672,0.01456446751807344,300
7,7,7,2.0,0.18,S2_sum,3.9969584965719243,0.01451957908411658,300
7,7,7,2.0,0.185,S2_sum,3.9935821028954765,0.014445022061683115,300
7,7,7,2.0,0.19,S2_sum,3.9901341178344927,0.014373859580746967,300
7,7,7,2.0,0.195,S2_sum,3.9865837458855244,0.014307454159123647,300
7,7,7,2.0,0.2,S2_sum,3.982723709283861,0.01423976219611077,300
7,7,7,2.0,0.20500000000000002,S2_sum,3.9787755789215526,0.01418530033014015,300
7,7,7,2.0,0.21,S2_sum,3.975074535867885,0.014147079966506583,300
7,7,7,2.0,0.215,S2_sum,3.9709823259664807,0.01408262484940121,300
7,7,7,2.0,0.22,S2_sum,3.9670369184376804,0.01401174007804954,300
7,7,7,2.0,0.225,S2_sum,3.9628936778286827,0.013939412446870877,300
7,7,7,2.0,0.23,S2_sum,3.9587709566096807,0.013898339556703807,300
7,7,7,2.0,0.23500000000000001,S2_sum,3.954458309786796,0.013826040246060876,300
7,7,7,2.0,0.24,S2_sum,3.950261386636182,0.013764133718112071,300
7,7,7,2.0,0.245,S2_sum,3.945935382109448,0.013696639268312218,300
7,7,7,2.0,0.25,S2_sum,3.9421131195318315,0.013636376416843113,300
7,7,7,2.0,0.255,S2_sum,3.9379057691004067,0.013577114978110013,300
7,7,7,2.0,0.26,S2_sum,3.933175723700118,0.013508694129339537,300
7,7,7,2.0,0.265,S2_sum,3.9289598198404097,0.013438230799859736,300
7,7,7,2.0,0.27,S2_sum,3.9246832877864244,0.013378144409963324,300
7,7,7,2.0,0.275,S2_sum,3.92001776115931,0.013323807254897884,300
7,7,7,2.0,0.28,S2_sum,3.9155094026595636,0.013258524786953099,300
7,7,7,2.0,0.28500000000000003,S2_sum,3.911216651396403,0.013219416060633357,300
7,7,7,2.0,0.29,S2_sum,3.906492068006315,0.013142685419790714,300
7,7,7,2.0,0.295,S2_sum,3.9019221379679037,0.013076090941356177,300
7,7,7,2.0,0.3,S2_sum,3.8969412834162656,0.013008974111238358,300
7,7,7,2.0,0.305,S2_sum,3.8923290033278515,0.0129387711387953,300
7,7,7,2.0,0.31,S2_sum,3.8874894405657385,0.01287327396010756,300
7,7,7,2.0,0.315,S2_sum,3.8825503761247044,0.012831643575334523,300
7,7,7,2.0,0.32,S2_sum,3.878102958444352,0.01277819105764401,300
7,7,7,2.0,0.325,S2_sum,3.8732369059560323,0.012710562915452908,300
7,7,7,2.0,0.33,S2_sum,3.8680664860141616,0.012653817190477945,300
7,7,7,2.0,0.335,S2_sum,3.8629231579830576,0.012591804067328384,300
7,7,7,2.0,0.34,S2_sum,3.8580230864235365,0.012526314741982783,300
7,7,7,2.0,0.34500000000000003,S2_sum,3.8529413009381885,0.012495755963925438,300
7,7,7,2.0,0.35000000000000003,S2_sum,3.8481924664893645,0.012445614140099679,300
7,7,7,2.0,0.355,S2_sum,3.842916851736254,0.012378815835870072,300
7,7,7,2.0,0.36,S2_sum,3.8378956442274466,0.012313436638971786,300
7,7,7,2.0,0.365,S2_sum,3.8327178093618226,0.012260327936035403,300
7,7,7,2.0,0.37,S2_sum,3.827775736363147,0.012197984222048965,300
7,7,7,2.0,0.375,S2_sum,3.8230090826942598,0.012138865380333898,300
7,7,7,2.0,0.38,S2_sum,3.817957431278443,0.012078392797137455,300
7,7,7,2.0,0.385,S2_sum,3.812917849019296,0.012015145235106769,300
7,7,7,2.0,0.39,S2_sum,3.807732668582934,0.011955151125558451,300
7,7,7,2.0,0.395,S2_sum,3.8026651370340234,0.011901264019529217,300
7,7,7,2.0,0.4,S2_sum,3.797587923158088,0.01183157566969676,300
7,7,7,2.0,0.405,S2_sum,3.792225491221259,0.011781916528373902,300
7,7,7,2.0,0.41000000000000003,S2_sum,3.7871856765667045,0.011719371676205547,300
7,7,7,2.0,0.41500000000000004,S2_sum,3.7818649324629687,0.011671582884547544,300
7,7,7,2.0,0.42,S2_sum,3.776805633562631,0.01160644912476524,300
7,7,7,2.0,0.425,S2_sum,3.7714100207115773,0.011550878176038925,300
7,7,7,2.0,0.43,S2_sum,3.766170566223579,0.011492212675199323,300
7,7,7,2.0,0.435,S2_sum,3.7611870143309445,0.01143136902424541,300
7,7,7,2.0,0.44,S2_sum,3.7555664861273126,0.011354766979327736,300
7,7,7,2.0,0.445,S2_sum,3.7505582187379756,0.01131711573280629,300
7,7,7,2.0,0.45,S2_sum,3.7453452784562447,0.011262139537961112,300
7,7,7,2.0,0.455,S2_sum,3.739971931471207,0.01121559950914682,300
7,7,7,2.0,0.46,S2_sum,3.734614861829862,0.01116451100246993,300
7,7,7,2.0,0.465,S2_sum,3.7292148321731218,0.011110842396754254,300
7,7,7,2.0,0.47000000000000003,S2_sum,3.7239526769910754,0.011061918642659898,300
7,7,7,2.0,0.47500000000000003,S2_sum,3.7184944025969027,0.011012667704015275,300
7,7,7,2.0,0.48,S2_sum,3.7132811957971374,0.010970524794553986,300
7,7,7,2.0,0.485,S2_sum,3.7077895840502166,0.010922246490671878,300
7,7,7,2.0,0.49,S2_sum,3.7022584539078465,0.010858047573186612,300
7,7,7,2.0,0.495,S2_sum,3.696833774273323,0.010812051112461288,300
7,7,7,2.0,0.5,S2_sum,3.6913742084474324,0.010752859946398212,300
7,7,7,2.0,0.505,S2_sum,3.685893875533833,0.01067906007598797,300
7,7,7,2.0,0.51,S2_sum,3.6807597799051472,0.010624561114223071,300
7,7,7,2.0,0.515,S2_sum,3.675259853651713,0.010570701129397264,300
7,7,7,2.0,0.52,S2_sum,3.6697970848015045,0.01051776570863684,300
7,7,7,2.0,0.525,S2_sum,3.6643143396300237,0.010457572265408704,300
7,7,7,2.0,0.53,S2_sum,3.6587424146009537,0.010405603723192526,300
7,7,7,2.0,0.535,S2_sum,3.653073776895817,0.01035824894307843,300
7,7,7,2.0,0.54,S2_sum,3.647649260085669,0.010313348449369918,300
7,7,7,2.0,0.545,S2_sum,3.6422461917237,0.010259831086267455,300
7,7,7,2.0,0.55,S2_sum,3.636602844714612,0.010208777018348549,300
7,7,7,2.0,0.555,S2_sum,3.630902608628985,0.010147012212725988,300
7,7,7,2.0,0.56,S2_sum,3.62524468822358,0.010093665570768974,300
7,7,7,2.0,0.5650000000000001,S2_sum,3.6197102624217004,0.010035060143735864,300
7,7,7,2.0,0.5700000000000001,S2_sum,3.6141998075226054,0.009984314112124639,300
7,7,7,2.0,0.5750000000000001,S2_sum,3.6088747787215385,0.009942396992214162,300
7,7,7,2.0,0.58,S2_sum,3.60305769636205,0.009895686554139508,300
7,7,7,2.0,0.585,S2_sum,3.5976597251799967,0.009850179588395186,300
7,7,7,2.0,0.59,S2_sum,3.592042350667188,0.009814177191787099,300
7,7,7,2.0,0.595,S2_sum,3.5864225169061554,0.009761069940370683,300
7,7,7,2.0,0.6,S2_sum,3.5809074727625867,0.00972085069008935,300
7,7,7,2.0,0.0,Sstar,1.5047885762361126,0.0016226813249847426,300
7,7,7,2.0,0.005,Sstar,1.5046771554380893,0.001630923975191022,300
7,7,7,2.0,0.01,Sstar,1.5045086761332784,0.0016390493745327027,300
7,7,7,2.0,0.015,Sstar,1.5042757178754416,0.0016549797028815733,300
7,7,7,2.0,0.02,Sstar,1.5038982862249914,0.0016696416972612515,300
7,7,7,2.0,0.025,Sstar,1.5034665885674001,0.0016851500556215237,300
7,7,7,2.0,0.03,Sstar,1.5029890981991756,0.001699789411146396,300
7,7,7,2.0,0.035,Sstar,1.5025073310018633,0.0017093299664537576,300
7,7,7,2.0,0.04,Sstar,1.5019542628857618,0.0017130431015593927,300
7,7,7,2.0,0.045,Sstar,1.5014328126639078,0.0017182258005217588,300
7,7,7,2.0,0.05,Sstar,1.500943320191401,0.0017222417935040147,300
7,7,7,2.0,0.055,Sstar,1.5005148422936072,0.0017176774097644207,300
7,7,7,2.0,0.06,Sstar,1.5002432078593297,0.0017082895417635184,300
7,7,7,2.0,0.065,Sstar,1.5001283720001883,0.0016934124703821445,300
7,7,7,2.0,0.07,Sstar,1.5000323332192833,0.0016777240324092617,300
7,7,7,2.0,0.075,Sstar,1.499955288492348,0.0016638899227640893,300
7,7,7,2.0,0.08,Sstar,1.4998635841316617,0.0016499000424843144,300
7,7,7,2.0,0.085,Sstar,1.4999039102502807,0.0016357455757111195,300
7,7,7,2.0,0.09,Sstar,1.4998722880581479,0.0016208940739453506,300
7,7,7,2.0,0.095,Sstar,1.499750088774428,0.0016043775698454431,300
7,7,7,2.0,0.1,Sstar,1.4996382660649499,0.0015893097975943659,300
7,7,7,2.0,0.105,Sstar,1.4995545245656015,0.0015766615367320178,300
7,7,7,2.0,0.11,Sstar,1.4994798022664675,0.0015643361844973355,300
7,7,7,2.0,0.115,Sstar,1.4994270623826182,0.0015510625564418754,300
7,7,7,2.0,0.12,Sstar,1.4993491117779638,0.0015371491372533294,300
7,7,7,2.0,0.125,Sstar,1.4992312343354994,0.0015273110397212026,300
7,7,7,2.0,0.13,Sstar,1.499041536295206,0.0015144832839685879,300
7,7,7,2.0,0.135,Sstar,1.4989227008215853,0.001502074398445709,300
7,7,7,2.0,0.14,Sstar,1.4988178115170305,0.0014863608061218342,300
7,7,7,2.0,0.145,Sstar,1.4985980477533156,0.001476515045801298,300
7,7,7,2.0,0.15,Sstar,1.4983374663915938,0.0014678748800574786,300
7,7,7,2.0,0.155,Sstar,1.498129430877959,0.0014539991485010401,300
7,7,7,2.0,0.16,Sstar,1.497858432132602,0.0014418313034777785,300
7,7,7,2.0,0.165,Sstar,1.4975908201776937,0.0014336166010443367,300
7,7,7,2.0,0.17,Sstar,1.4972704427660486,0.0014205776545772174,300
7,7,7,2.0,0.17500000000000002,Sstar,1.496982714114626,0.0014053771735253549,300
7,7,7,2.0,0.18,Sstar,1.4966875154108894,0.0013993588071597384,300
7,7,7,2.0,0.185,Sstar,1.496398617916812,0.0013865557050923027,300
7,7,7,2.0,0.19,Sstar,1.4961250751573651,0.0013722393363040965,300
7,7,7,2.0,0.195,Sstar,1.4957800974482087,0.001358325455829277,300
7,7,7,2.0,0.2,Sstar,1.49535506953672,0.0013475048052923732,300
7,7,7,2.0,0.20500000000000002,Sstar,1.494990820000561,0.001339037670793395,300
7,7,7,2.0,0.21,Sstar,1.4946533016841792,0.0013310802870589301,300
7,7,7,2.0,0.215,Sstar,1.4942542622784716,0.0013206379489950522,300
7,7,7,2.0,0.22,Sstar,1.4938544026109943,0.0013089303200982307,300
7,7,7,2.0,0.225,Sstar,1.4934144814813182,0.001296041608269844,300
7,7,7,2.0,0.23,Sstar,1.4929583926254983,0.001292520094083417,300
7,7,7,2.0,0.23500000000000001,Sstar,1.4924902964176767,0.0012826315971468313,300
7,7,7,2.0,0.24,Sstar,1.4920077069365356,0.0012725766385073673,300
7,7,7,2.0,0.245,Sstar,1.4916581018418797,0.0012557727691113638,300
7,7,7,2.0,0.25,Sstar,1.4912328349914463,0.0012519017673045221,300
7,7,7,2.0,0.255,Sstar,1.4907679931892772,0.0012408214976924545,300
7,7,7,2.0,0.26,Sstar,1.4902090185375494,0.001228375148355204,300
7,7,7,2.0,0.265,Sstar,1.489732020796775,0.0012240005683975597,300
7,7,7,2.0,0.27,Sstar,1.4892489361927916,0.0012177455648353075,300
7,7,7,2.0,0.275,Sstar,1.4887042012031404,0.001209875006225814,300
7,7,7,2.0,0.28,Sstar,1.4881941337297644,0.0011979471676297339,300
7,7,7,2.0,0.28500000000000003,Sstar,1.487707330894035,0.0011928209280908212,300
7,7,7,2.0,0.29,Sstar,1.4871921912680655,0.0011815789523749447,300
7,7,7,2.0,0.295,Sstar,1.4866398241010903,0.001173287170235664,300
7,7,7,2.0,0.3,Sstar,1.4860982069652084,0.0011662236188292568,300
7,7,7,2.0,0.305,Sstar,1.4856457412115422,0.0011558400971582441,300
7,7,7,2.0,0.31,Sstar,1.4850910742486192,0.0011464092937354302,300
7,7,7,2.0,0.315,Sstar,1.4844797562410772,0.0011435287686673164,300
7,7,7,2.0,0.32,Sstar,1.4839809160376989,0.0011369252746735714,300
7,7,7,2.0,0.325,Sstar,1.4834855983351507,0.001127655392662427,300
7,7,7,2.0,0.33,Sstar,1.4828648696014395,0.0011191802078562836,300
7,7,7,2.0,0.335,Sstar,1.4822658355929517,0.0011122791119574365,300
7,7,7,2.0,0.34,Sstar,1.4817175255379733,0.0011040967997761341,300
7,7,7,2.0,0.34500000000000003,Sstar,1.481155117249701,0.0010979086640119852,300
7,7,7,2.0,0.35000000000000003,Sstar,1.4805620579162901,0.0010938303984772309,300
7,7,7,2.0,0.355,Sstar,1.479945826019304,0.0010794408106378024,300
7,7,7,2.0,0.36,Sstar,1.4794232379755092,0.0010731560491548653,300
7,7,7,2.0,0.365,Sstar,1.4787617375049684,0.0010663207307860668,300
7,7,7,2.0,0.37,Sstar,1.478167117186454,0.0010562016450832241,300
7,7,7,2.0,0.375,Sstar,1.4776082888891364,0.0010515358499976382,300
7,7,7,2.0,0.38,Sstar,1.4769532531233491,0.0010465881970357768,300
7,7,7,2.0,0.385,Sstar,1.4763547098944716,0.0010383778243505618,300
7,7,7,2.0,0.39,Sstar,1.4757437937097715,0.0010325944235094514,300
7,7,7,2.0,0.395,Sstar,1.4752051557962098,0.0010208395704601253,300
7,7,7,2.0,0.4,Sstar,1.4746756373123142,0.0010115090769648842,300
7,7,7,2.0,0.405,Sstar,1.4740597398325972,0.0010038619378627846,300
7,7,7,2.0,0.41000000000000003,Sstar,1.4734845482042664,0.0009986415689751014,300
7,7,7,2.0,0.41500000000000004,Sstar,1.4728036366837562,0.0009957703896422113,300
7,7,7,2.0,0.42,Sstar,1.4723064901475111,0.0009849264451438297,300
7,7,7,2.0,0.425,Sstar,1.4716701549301157,0.0009812889023695052,300
7,7,7,2.0,0.43,Sstar,1.4710066938178343,0.0009727808298562501,300
7,7,7,2.0,0.435,Sstar,1.4705191215666422,0.00096770776355467,300
7,7,7,2.0,0.44,Sstar,1.4698372013958927,0.0009624160459912395,300
7,7,7,2.0,0.445,Sstar,1.4692449172843824,0.0009558605241261782,300
7,7,7,2.0,0.45,Sstar,1.4686628532047912,0.0009479812030197791,300
7,7,7,2.0,0.455,Sstar,1.4680390748798928,0.0009451431306639407,300
7,7,7,2.0,0.46,Sstar,1.4673757806961363,0.0009396157289775764,300
7,7,7,2.0,0.465,Sstar,1.4667690262054014,0.0009329786777468358,300
7,7,7,2.0,0.47000000000000003,Sstar,1.466197535908593,0.0009271273939656791,300
7,7,7,2.0,0.47500000000000003,Sstar,1.4655826313099953,0.0009179932967301632,300
7,7,7,2.0,0.48,Sstar,1.4649638205806743,0.0009138550994133331,300
7,7,7,2.0,0.485,Sstar,1.4643164502517778,0.0009164720857484243,300
7,7,7,2.0,0.49,Sstar,1.4637060674418476,0.0009043076226750766,300
7,7,7,2.0,0.495,Sstar,1.4630541550152463,0.0009015992057856441,300
7,7,7,2.0,0.5,Sstar,1.4624286039390013,0.000896633684785815,300
7,7,7,2.0,0.505,Sstar,1.461790198846428,0.000882977522939348,300
7,7,7,2.0,0.51,Sstar,1.4612731569904684,0.0008772525012599241,300
7,7,7,2.0,0.515,Sstar,1.4605520973184352,0.0008725704614229536,300
7,7,7,2.0,0.52,Sstar,1.4599540240722946,0.0008687005251164906,300
7,7,7,2.0,0.525,Sstar,1.4593962029512304,0.0008657576226145398,300
7,7,7,2.0,0.53,Sstar,1.4588693971427413,0.0008568057579292508,300
7,7,7,2.0,0.535,Sstar,1.4582394380621257,0.0008502019007808193,300
7,7,7,2.0,0.54,Sstar,1.4577284728973583,0.0008376847896353724,300
7,7,7,2.0,0.545,Sstar,1.4572003990151032,0.0008296825110444972,300
7,7,7,2.0,0.55,Sstar,1.4566235992208343,0.0008219766163882361,300
7,7,7,2.0,0.555,Sstar,1.4559835508854064,0.0008175503469369192,300
7,7,7,2.0,0.56,Sstar,1.4553974605644993,0.0008100456647379428,300
7,7,7,2.0,0.5650000000000001,Sstar,1.4548404946567584,0.0007997490168262402,300
7,7,7,2.0,0.5700000000000001,Sstar,1.4542441384819667,0.0007917798064885638,300
7,7,7,2.0,0.5750000000000001,Sstar,1.4535952529401674,0.0007876161104742809,300
7,7,7,2.0,0.58,Sstar,1.4529378726327278,0.0007811646845579527,300
7,7,7,2.0,0.585,Sstar,1.4523124185587828,0.000776431050322994,300
7,7,7,2.0,0.59,Sstar,1.4517835612513015,0.0007714991804272598,300
7,7,7,2.0,0.595,Sstar,1.4511909134376366,0.0007665816018841342,300
7,7,7,2.0,0.6,Sstar,1.4506718415337791,0.0007690314452411813,300
7,7,7,2.5,0.0,M_sum,5.215774551193023,0.03433077692862195,300
7,7,7,2.5,0.005,M_sum,5.215251363728522,0.03430136550033726,300
7,7,7,2.5,0.01,M_sum,5.2148387792364215,0.034298130138213256,300
7,7,7,2.5,0.015,M_sum,5.214384327936882,0.03426654686546761,300
7,7,7,2.5,0.02,M_sum,5.214084848724879,0.03428040113932874,300
7,7,7,2.5,0.025,M_sum,5.213310854748721,0.03425270166573617,300
7,7,7,2.5,0.03,M_sum,5.212319662228307,0.03421543261790618,300
7,7,7,2.5,0.035,M_sum,5.211677237129404,0.03418768812009578,300
7,7,7,2.5,0.04,M_sum,5.2100999200409595,0.0341679755436438,300
7,7,7,2.5,0.045,M_sum,5.209089433384533,0.03411425258756869,300
7,7,7,2.5,0.05,M_sum,5.207830864002091,0.03403560040817705,300
7,7,7,2.5,0.055,M_sum,5.206073364369466,0.03399332388133191,300
7,7,7,2.5,0.06,M_sum,5.204103028361944,0.03397866637379576,300
7,7,7,2.5,0.065,M_sum,5.20226922740603,0.033931647651466924,300
7,7,7,2.5,0.07,M_sum,5.200283967715562,0.033906898554255216,300
7,7,7,2.5,0.075,M_sum,5.198466548496484,0.03384155498528242,300
7,7,7,2.5,0.08,M_sum,5.19648002270598,0.03377870331914765,300
7,7,7,2.5,0.085,M_sum,5.19419019971371,0.03371564624970856,300
7,7,7,2.5,0.09,M_sum,5.191845623030188,0.03366279232384187,300
7,7,7,2.5,0.095,M_sum,5.189351674202583,0.03362090194806402,300
7,7,7,2.5,0.1,M_sum,5.186680641820232,0.03353290237717869,300
7,7,7,2.5,0.105,M_sum,5.184176105903243,0.03345562477639861,300
7,7,7,2.5,0.11,M_sum,5.181611642066851,0.03338971921158185,300
7,7,7,2.5,0.115,M_sum,5.178754459481813,0.0333092426777096,300
7,7,7,2.5,0.12,M_sum,5.175755414673157,0.03322099721926408,300
7,7,7,2.5,0.125,M_sum,5.172574424014171,0.03311894565892775,300
7,7,7,2.5,0.13,M_sum,5.169494264026604,0.033027120805703206,300
7,7,7,2.5,0.135,M_sum,5.166739552268523,0.03293958212947187,300
7,7,7,2.5,0.14,M_sum,5.163171467915321,0.03284846054738914,300
7,7,7,2.5,0.145,M_sum,5.159990010777963,0.032776703480067504,300
7,7,7,2.5,0.15,M_sum,5.15640852018299,0.03266938631330695,300
7,7,7,2.5,0.155,M_sum,5.15264733329689,0.0325808895368077,300
7,7,7,2.5,0.16,M_sum,5.148693551332562,0.032475617332765626,300
7,7,7,2.5,0.165,M_sum,5.144793894549988,0.03237761695327742,300
7,7,7,2.5,0.17,M_sum,5.141062205764329,0.032288541483658936,300
7,7,7,2.5,0.17500000000000002,M_sum,5.137061822518712,0.032178581989549426,300
7,7,7,2.5,0.18,M_sum,5.13264685697617,0.032069342973935516,300
7,7,7,2.5,0.185,M_sum,5.12803804725705,0.03196154617186883,300
7,7,7,2.5,0.19,M_sum,5.123585797315762,0.03184202889485968,300
7,7,7,2.5,0.195,M_sum,5.119186824318799,0.03173287797054976,300
7,7,7,2.5,0.2,M_sum,5.11428326158692,0.03161255734103203,300
7,7,7,2.5,0.20500000000000002,M_sum,5.109677670870065,0.031523943194710115,300
7,7,7,2.5,0.21,M_sum,5.1047295829413795,0.03137729217965009,300
7,7,7,2.5,0.215,M_sum,5.099890323334306,0.03124465308241517,300
7,7,7,2.5,0.22,M_sum,5.0947399202066,0.031095717536368254,300
7,7,7,2.5,0.225,M_sum,5.0896742055489606,0.030987617807433615,300
7,7,7,2.5,0.23,M_sum,5.084745329117218,0.030843435061325253,300
7,7,7,2.5,0.23500000000000001,M_sum,5.0797108416973655,0.030707176136165564,300
7,7,7,2.5,0.24,M_sum,5.074539025987999,0.030583916586847427,300
7,7,7,2.5,0.245,M_sum,5.069502195029827,0.03044738121818158,300
7,7,7,2.5,0.25,M_sum,5.064066404995902,0.03030321687095535,300
7,7,7,2.5,0.255,M_sum,5.058620200328317,0.030174038060821123,300
7,7,7,2.5,0.26,M_sum,5.053382828975418,0.03007044391710314,300
7,7,7,2.5,0.265,M_sum,5.047609435775988,0.029955263219077242,300
7,7,7,2.5,0.27,M_sum,5.041578885207665,0.029800310911380926,300
7,7,7,2.5,0.275,M_sum,5.036102241055643,0.029658287254176754,300
7,7,7,2.5,0.28,M_sum,5.030049673672089,0.029509288646298187,300
7,7,7,2.5,0.28500000000000003,M_sum,5.02432985956944,0.029396498547022698,300
7,7,7,2.5,0.29,M_sum,5.018563676779811,0.029261781441386324,300
7,7,7,2.5,0.295,M_sum,5.0122723352945595,0.02910675780167027,300
7,7,7,2.5,0.3,M_sum,5.0061501530915855,0.02897289567799419,300
7,7,7,2.5,0.305,M_sum,4.999937121087838,0.028842792406006304,300
7,7,7,2.5,0.31,M_sum,4.993950998383228,0.028694750840635216,300
7,7,7,2.5,0.315,M_sum,4.987929696454903,0.028567229603612947,300
7,7,7,2.5,0.32,M_sum,4.981753183971476,0.02841968313574708,300
7,7,7,2.5,0.325,M_sum,4.975165425551312,0.028281143941328225,300
7,7,7,2.5,0.33,M_sum,4.968724200127398,0.0281253361190227,300
7,7,7,2.5,0.335,M_sum,4.962721749899726,0.028007582193738976,300
7,7,7,2.5,0.34,M_sum,4.956266446912371,0.02785823369543158,300
7,7,7,2.5,0.34500000000000003,M_sum,4.949509467932436,0.027729909828678307,300
7,7,7,2.5,0.35000000000000003,M_sum,4.942935610887687,0.02758434903692343,300
7,7,7,2.5,0.355,M_sum,4.936513744987226,0.02747558732268195,300
7,7,7,2.5,0.36,M_sum,4.930014530042955,0.02733156308151574,300
7,7,7,2.5,0.365,M_sum,4.923043021512396,0.0271717158389986,300
7,7,7,2.5,0.37,M_sum,4.9162881972001085,0.027022275035204296,300
7,7,7,2.5,0.375,M_sum,4.909112528542623,0.02688522506052051,300
7,7,7,2.5,0.38,M_sum,4.9022755151601265,0.02673379911177307,300
7,7,7,2.5,0.385,M_sum,4.895306207373857,0.026591163001789018,300
7,7,7,2.5,0.39,M_sum,4.8882874687867055,0.02646289240311872,300
7,7,7,2.5,0.395,M_sum,4.881149430605547,0.026327488711620696,300
7,7,7,2.5,0.4,M_sum,4.874566769382238,0.026208392413010984,300
7,7,7,2.5,0.405,M_sum,4.867284332927672,0.026063642637254216,300
7,7,7,2.5,0.41000000000000003,M_sum,4.860046626085775,0.025920368544287767,300
7,7,7,2.5,0.41500000000000004,M_sum,4.8525749764113835,0.025784344906915595,300
7,7,7,2.5,0.42,M_sum,4.845380393792352,0.025647208083407213,300
7,7,7,2.5,0.425,M_sum,4.838027848511962,0.025509997290619455,300
7,7,7,2.5,0.43,M_sum,4.83075508982418,0.025403333871311606,300
7,7,7,2.5,0.435,M_sum,4.82351423541915,0.02526973843425078,300
7,7,7,2.5,0.44,M_sum,4.816179633995282,0.025136526923007788,300
7,7,7,2.5,0.445,M_sum,4.808722453794382,0.024995422952574356,300
7,7,7,2.5,0.45,M_sum,4.801311879444237,0.024864146739602997,300
7,7,7,2.5,0.455,M_sum,4.793729603501966,0.024724679015252632,300
7,7,7,2.5,0.46,M_sum,4.786540261147218,0.024595049608337957,300
7,7,7,2.5,0.465,M_sum,4.7792395499994615,0.024476943486973927,300
7,7,7,2.5,0.47000000000000003,M_sum,4.7718856116061845,0.02434295788667364,300
7,7,7,2.5,0.47500000000000003,M_sum,4.764417230833606,0.024201975283461612,300
7,7,7,2.5,0.48,M_sum,4.757000264314578,0.024064100257783955,300
7,7,7,2.5,0.485,M_sum,4.749304417462049,0.023923199594753433,300
7,7,7,2.5,0.49,M_sum,4.7419973758307234,0.023812055952868057,300
7,7,7,2.5,0.495,M_sum,4.734339903542968,0.023679391457107908,300
7,7,7,2.5,0.5,M_sum,4.726772776209612,0.023534463908186132,300
7,7,7,2.5,0.505,M_sum,4.718822975098315,0.02341155844820168,300
7,7,7,2.5,0.51,M_sum,4.7112796205114345,0.023282699692048568,300
7,7,7,2.5,0.515,M_sum,4.703696487436962,0.023165193710537463,300
7,7,7,2.5,0.52,M_sum,4.695884761244658,0.023035899346421366,300
7,7,7,2.5,0.525,M_sum,4.688401580546366,0.022905040880646196,300
7,7,7,2.5,0.53,M_sum,4.680390244262385,0.022774579342669122,300
7,7,7,2.5,0.535,M_sum,4.672691327991717,0.02265078922474401,300
7,7,7,2.5,0.54,M_sum,4.665087725548926,0.022522121797702195,300
7,7,7,2.5,0.545,M_sum,4.657415669075071,0.02240385244094391,300
7,7,7,2.5,0.55,M_sum,4.649307558672643,0.022256635667402016,300
7,7,7,2.5,0.555,M_sum,4.641752468766256,0.02216188441357445,300
7,7,7,2.5,0.56,M_sum,4.6340263254481515,0.02203395908840054,300
7,7,7,2.5,0.5650000000000001,M_sum,4.626364077015837,0.021923031591525435,300
7,7,7,2.5,0.5700000000000001,M_sum,4.618454647861455,0.021808460602764344,300
7,7,7,2.5,0.5750000000000001,M_sum,4.6105906281697155,0.02169696192580649,300
7,7,7,2.5,0.58,M_sum,4.602731947579222,0.021578122054716174,300
7,7,7,2.5,0.585,M_sum,4.594843257418331,0.021464331287890985,300
7,7,7,2.5,0.59,M_sum,4.58702086878355,0.021347398652993062,300
7,7,7,2.5,0.595,M_sum,4.579161709514547,0.021240115767391498,300
7,7,7,2.5,0.6,M_sum,4.571277215703771,0.021138985972077702,300
7,7,7,2.5,0.0,S2_sum,3.8494724408822085,0.01966202754254338,300
7,7,7,2.5,0.005,S2_sum,3.8491079731059736,0.019642103123005374,300
7,7,7,2.5,0.01,S2_sum,3.8488289709407497,0.019640824899629882,300
7,7,7,2.5,0.015,S2_sum,3.848528420554707,0.019619321012009798,300
7,7,7,2.5,0.02,S2_sum,3.848341939960127,0.01963112090192541,300
7,7,7,2.5,0.025,S2_sum,3.847843966436908,0.019614927395856192,300
7,7,7,2.5,0.03,S2_sum,3.847187549984144,0.019592233815602128,300
7,7,7,2.5,0.035,S2_sum,3.8467924892127243,0.019574970807348983,300
7,7,7,2.5,0.04,S2_sum,3.8457171950365354,0.019565795617470093,300
7,7,7,2.5,0.045,S2_sum,3.845095554822178,0.019533667931092596,300
7,7,7,2.5,0.05,S2_sum,3.844308549764927,0.019482588963774517,300
7,7,7,2.5,0.055,S2_sum,3.843141623061315,0.01945831156869359,300
7,7,7,2.5,0.06,S2_sum,3.84181520673069,0.019457352487689174,300
7,7,7,2.5,0.065,S2_sum,3.840622383819652,0.01943188655536533,300
7,7,7,2.5,0.07,S2_sum,3.839326113444234,0.019423208040886028,300
7,7,7,2.5,0.075,S2_sum,3.8381653914912066,0.019385806872735206,300
7,7,7,2.5,0.08,S2_sum,3.836899067401392,0.019351410125127033,300
7,7,7,2.5,0.085,S2_sum,3.835431198626493,0.019315234013939885,300
7,7,7,2.5,0.09,S2_sum,3.8339296157823513,0.019288053091464356,300
7,7,7,2.5,0.095,S2_sum,3.832337026411921,0.019268893246995,300
7,7,7,2.5,0.1,S2_sum,3.8306443980074216,0.019217978459390994,300
7,7,7,2.5,0.105,S2_sum,3.8290737289476766,0.019176280859648946,300
7,7,7,2.5,0.11,S2_sum,3.827462168609127,0.019141296623030244,300
7,7,7,2.5,0.115,S2_sum,3.8256414277631228,0.019097718943946,300
7,7,7,2.5,0.12,S2_sum,3.8237266594648958,0.019048862840616115,300
7,7,7,2.5,0.125,S2_sum,3.821701683572529,0.01899059252094383,300
7,7,7,2.5,0.13,S2_sum,3.81976229817085,0.01893970438086146,300
7,7,7,2.5,0.135,S2_sum,3.8180742475754954,0.01889059248045208,300
7,7,7,2.5,0.14,S2_sum,3.815791579205142,0.018842828263478627,300
7,7,7,2.5,0.145,S2_sum,3.813810001245947,0.018808736885495336,300
7,7,7,2.5,0.15,S2_sum,3.8115474985583053,0.01874996006478292,300
7,7,7,2.5,0.155,S2_sum,3.8091558395620297,0.01870589080664133,300
7,7,7,2.5,0.16,S2_sum,3.806651166476633,0.01864915061219535,300
7,7,7,2.5,0.165,S2_sum,3.80417760261829,0.01859784726106047,300
7,7,7,2.5,0.17,S2_sum,3.8018245755720486,0.018554600777675557,300
7,7,7,2.5,0.17500000000000002,S2_sum,3.7993215635695985,0.018494727534875487,300
7,7,7,2.5,0.18,S2_sum,3.7965233604007955,0.018438319978269117,300
7,7,7,2.5,0.185,S2_sum,3.7935857453676007,0.01838331238898002,300
7,7,7,2.5,0.19,S2_sum,3.790764790038012,0.018319427429968033,300
7,7,7,2.5,0.195,S2_sum,3.7879884148481375,0.01826238400411672,300
7,7,7,2.5,0.2,S2_sum,3.7848691003002135,0.01819960090999945,300
7,7,7,2.5,0.20500000000000002,S2_sum,3.7819805166469336,0.018158871004281874,300
7,7,7,2.5,0.21,S2_sum,3.7788373674046687,0.018074442105585602,300
7,7,7,2.5,0.215,S2_sum,3.7757948328842175,0.018003529523383705,300
7,7,7,2.5,0.22,S2_sum,3.772546406895462,0.01792020627857594,300
7,7,7,2.5,0.225,S2_sum,3.769362398455502,0.017866185273274462,300
7,7,7,2.5,0.23,S2_sum,3.7663031258624535,0.01778483591742898,300
7,7,7,2.5,0.23500000000000001,S2_sum,3.7631684432647163,0.017709332395340553,300
7,7,7,2.5,0.24,S2_sum,3.75993148554304,0.01764442125095828,300
7,7,7,2.5,0.245,S2_sum,3.7568221649301345,0.017570880206323126,300
7,7,7,2.5,0.25,S2_sum,3.753423622867187,0.017492314315901727,300
7,7,7,2.5,0.255,S2_sum,3.7500220867800724,0.017423875332371476,300
7,7,7,2.5,0.26,S2_sum,3.746770659877878,0.01737512164793711,300
7,7,7,2.5,0.265,S2_sum,3.743142811941457,0.017318463006032604,300
7,7,7,2.5,0.27,S2_sum,3.739341659316549,0.017232774052256112,300
7,7,7,2.5,0.275,S2_sum,3.7359451602583205,0.0171580133001331,300
7,7,7,2.5,0.28,S2_sum,3.7321473352515326,0.01707714055960771,300
7,7,7,2.5,0.28500000000000003,S2_sum,3.728585521860031,0.017024002127577865,300
7,7,7,2.5,0.29,S2_sum,3.725004416235231,0.016954066889070255,300
7,7,7,2.5,0.295,S2_sum,3.721055049146542,0.016869145145416927,300
7,7,7,2.5,0.3,S2_sum,3.717238213450523,0.01680022719456302,300
7,7,7,2.5,0.305,S2_sum,3.71336925603291,0.016732671590862266,300
7,7,7,2.5,0.31,S2_sum,3.7096843895908758,0.0166515386212695,300
7,7,7,2.5,0.315,S2_sum,3.70597283860391,0.01658604366019352,300
7,7,7,2.5,0.32,S2_sum,3.7021469970904186,0.016507991592189564,300
7,7,7,2.5,0.325,S2_sum,3.6980245687320794,0.016436562934103862,300
7,7,7,2.5,0.33,S2_sum,3.6940433689345284,0.01635276215383703,300
7,7,7,2.5,0.335,S2_sum,3.6903788295154207,0.016293800229924927,300
7,7,7,2.5,0.34,S2_sum,3.686397194333692,0.01621363210590585,300
7,7,7,2.5,0.34500000000000003,S2_sum,3.682167988374076,0.016150485336921563,300
7,7,7,2.5,0.35000000000000003,S2_sum,3.678093731242901,0.01607362444025283,300
7,7,7,2.5,0.355,S2_sum,3.6741416172124044,0.016023217832291346,300
7,7,7,2.5,0.36,S2_sum,3.670141741868534,0.015946409088771724,300
7,7,7,2.5,0.365,S2_sum,3.6657972154900276,0.01586050151839283,300
7,7,7,2.5,0.37,S2_sum,3.661637448456865,0.01578087160853811,300
7,7,7,2.5,0.375,S2_sum,3.6571635536524103,0.015709873674908812,300
7,7,7,2.5,0.38,S2_sum,3.652946678151635,0.01562821485407242,300
7,7,7,2.5,0.385,S2_sum,3.6486291581608254,0.01555395382232242,300
7,7,7,2.5,0.39,S2_sum,3.644275492223493,0.01548946062689215,300
7,7,7,2.5,0.395,S2_sum,3.6398474202130098,0.015421286833905153,300
7,7,7,2.5,0.4,S2_sum,3.635852409090589,0.015363448550760122,300
7,7,7,2.5,0.405,S2_sum,3.6313461900017887,0.015286459604308151,300
7,7,7,2.5,0.41000000000000003,S2_sum,3.6268574567501233,0.015211890085211194,300
7,7,7,2.5,0.41500000000000004,S2_sum,3.6222206230012435,0.015142210095298933,300
7,7,7,2.5,0.42,S2_sum,3.6177738765812295,0.015070523143858303,300
7,7,7,2.5,0.425,S2_sum,3.6132324723544125,0.014998707061903213,300
7,7,7,2.5,0.43,S2_sum,3.6087068698364906,0.014951071586853888,300
7,7,7,2.5,0.435,S2_sum,3.604241716808411,0.014883368162309512,300
7,7,7,2.5,0.44,S2_sum,3.5997319970020816,0.014814324988924845,300
7,7,7,2.5,0.445,S2_sum,3.595096871238079,0.01474005490471851,300
7,7,7,2.5,0.45,S2_sum,3.59052956297792,0.014671987266436376,300
7,7,7,2.5,0.455,S2_sum,3.585834458969312,0.01459864460908502,300
7,7,7,2.5,0.46,S2_sum,3.5814484909693185,0.014530537032334213,300
7,7,7,2.5,0.465,S2_sum,3.5769562506783217,0.014472017682207947,300
7,7,7,2.5,0.47000000000000003,S2_sum,3.572456923043953,0.014402868798766885,300
7,7,7,2.5,0.47500000000000003,S2_sum,3.56786518033823,0.014328157443139236,300
7,7,7,2.5,0.48,S2_sum,3.5633214264402895,0.014254645564032985,300
7,7,7,2.5,0.485,S2_sum,3.5585790807250466,0.014178959477958155,300
7,7,7,2.5,0.49,S2_sum,3.5540910586446044,0.014125848666374487,300
7,7,7,2.5,0.495,S2_sum,3.5493813200653004,0.014055803405606998,300
7,7,7,2.5,0.5,S2_sum,3.5447278771452626,0.013976164590022874,300
7,7,7,2.5,0.505,S2_sum,3.539806697498667,0.013912417190648065,300
7,7,7,2.5,0.51,S2_sum,3.535184498663071,0.01384699780573532,300
7,7,7,2.5,0.515,S2_sum,3.5305358886740184,0.013787806819868164,300
7,7,7,2.5,0.52,S2_sum,3.525705269700311,0.013719273435460377,300
7,7,7,2.5,0.525,S2_sum,3.521135104914647,0.013648399270065493,300
7,7,7,2.5,0.53,S2_sum,3.5161789984899694,0.013578624646354292,300
7,7,7,2.5,0.535,S2_sum,3.5114308011661417,0.013514407182137556,300
7,7,7,2.5,0.54,S2_sum,3.5067701844864216,0.013446155940729176,300
7,7,7,2.5,0.545,S2_sum,3.5020751384480353,0.013384110669050918,300
7,7,7,2.5,0.55,S2_sum,3.497065807798834,0.01330053397768486,300
7,7,7,2.5,0.555,S2_sum,3.4924292748457066,0.013255625891123666,300
7,7,7,2.5,0.56,S2_sum,3.487682835485573,0.013187764185224491,300
7,7,7,2.5,0.5650000000000001,S2_sum,3.482988598686509,0.013130634083112344,300
7,7,7,2.5,0.5700000000000001,S2_sum,3.4781299995280346,0.013071999678470812,300
7,7,7,2.5,0.5750000000000001,S2_sum,3.4732729078951277,0.013014328610017998,300
7,7,7,2.5,0.58,S2_sum,3.468434623409384,0.01295239266945298,300
7,7,7,2.5,0.585,S2_sum,3.4635764395826723,0.012892704074038962,300
7,7,7,2.5,0.59,S2_sum,3.4587698676375918,0.012831011000415194,300
7,7,7,2.5,0.595,S2_sum,3.4539516247807054,0.01277720840912217,300
7,7,7,2.5,0.6,S2_sum,3.449084621410669,0.012726476160295028,300
7,7,7,2.5,0.0,Sstar,1.474737043604804,0.0024277032154167905,300
7,7,7,2.5,0.005,Sstar,1.4745105440153978,0.0024283523770003623,300
7,7,7,2.5,0.01,Sstar,1.4742434860502363,0.0024417888954668746,300
7,7,7,2.5,0.015,Sstar,1.4738663121875815,0.0024551336295211804,300
7,7,7,2.5,0.02,Sstar,1.473314494003636,0.002472125424763849,300
7,7,7,2.5,0.025,Sstar,1.4727261870679824,0.002488938474462938,300
7,7,7,2.5,0.03,Sstar,1.4721370621076497,0.0024976148447853927,300
7,7,7,2.5,0.035,Sstar,1.4715998914939405,0.0025058646279148733,300
7,7,7,2.5,0.04,Sstar,1.4710326876693722,0.002503285711933476,300
7,7,7,2.5,0.045,Sstar,1.4706710110199614,0.002504593084516555,300
7,7,7,2.5,0.05,Sstar,1.4704446854826168,0.0024912944157088382,300
7,7,7,2.5,0.055,Sstar,1.4702666789288457,0.0024848288141634802,300
7,7,7,2.5,0.06,Sstar,1.47009586556144,0.002479892952329206,300
7,7,7,2.5,0.065,Sstar,1.4701187924964998,0.002472199873679702,300
7,7,7,2.5,0.07,Sstar,1.4701085333774375,0.0024630916930863315,300
7,7,7,2.5,0.075,Sstar,1.4702258751615498,0.002449356383113083,300
7,7,7,2.5,0.08,Sstar,1.4703678627742425,0.0024331718236338755,300
7,7,7,2.5,0.085,Sstar,1.4705852816988922,0.0024183133593925913,300
7,7,7,2.5,0.09,Sstar,1.4708292492104427,0.0023990327088582145,300
7,7,7,2.5,0.095,Sstar,1.47099053396865,0.0023853972650196317,300
7,7,7,2.5,0.1,Sstar,1.4711658360829023,0.002371145048978331,300
7,7,7,2.5,0.105,Sstar,1.4713875478965548,0.002356621210467315,300
7,7,7,2.5,0.11,Sstar,1.47164410418497,0.0023436284084627627,300
7,7,7,2.5,0.115,Sstar,1.471763368011001,0.0023301660956522247,300
7,7,7,2.5,0.12,Sstar,1.4718746006080188,0.0023162385564145594,300
7,7,7,2.5,0.125,Sstar,1.472006212323936,0.0022980032299936078,300
7,7,7,2.5,0.13,Sstar,1.4721825784740958,0.002279605701827755,300
7,7,7,2.5,0.135,Sstar,1.4724026902715475,0.002263455830607908,300
7,7,7,2.5,0.14,Sstar,1.4724413971520598,0.002247944686602513,300
7,7,7,2.5,0.145,Sstar,1.4725813887851529,0.0022287446720625774,300
7,7,7,2.5,0.15,Sstar,1.4726665153993999,0.0022073227712396783,300
7,7,7,2.5,0.155,Sstar,1.4726552378092965,0.002195370399471496,300
7,7,7,2.5,0.16,Sstar,1.4727035125386052,0.002177282395585638,300
7,7,7,2.5,0.165,Sstar,1.4726961535664493,0.002161802167700409,300
7,7,7,2.5,0.17,Sstar,1.4727138388670342,0.002142284668295917,300
7,7,7,2.5,0.17500000000000002,Sstar,1.472706981218062,0.00212384299772642,300
7,7,7,2.5,0.18,Sstar,1.472683849985915,0.0021104425642469843,300
7,7,7,2.5,0.185,Sstar,1.4725752918538257,0.002094653417553485,300
7,7,7,2.5,0.19,Sstar,1.4725795439172626,0.0020752934860226255,300
7,7,7,2.5,0.195,Sstar,1.4725201286271044,0.0020612150836963527,300
7,7,7,2.5,0.2,Sstar,1.4724022996772146,0.002041021631388307,300
7,7,7,2.5,0.20500000000000002,Sstar,1.4723065414622762,0.002022022124418248,300
7,7,7,2.5,0.21,Sstar,1.4721378683603188,0.002002997600190849,300
7,7,7,2.5,0.215,Sstar,1.472005937478334,0.0019813108268529095,300
7,7,7,2.5,0.22,Sstar,1.4718980595656563,0.001957647227487771,300
7,7,7,2.5,0.225,Sstar,1.47177308586034,0.0019421598529152685,300
7,7,7,2.5,0.23,Sstar,1.4716184112397606,0.0019231035781567016,300
7,7,7,2.5,0.23500000000000001,Sstar,1.4714579467828517,0.0019020977003984417,300
7,7,7,2.5,0.24,Sstar,1.471330342493662,0.0018815327167748018,300
7,7,7,2.5,0.245,Sstar,1.4712272443034318,0.0018630620028757265,300
7,7,7,2.5,0.25,Sstar,1.4709486309708182,0.001843561448332971,300
7,7,7,2.5,0.255,Sstar,1.4707724261349895,0.0018292633396455105,300
7,7,7,2.5,0.26,Sstar,1.4705710942000894,0.0018141609677786719,300
7,7,7,2.5,0.265,Sstar,1.4703274898213916,0.0017967697776153084,300
7,7,7,2.5,0.27,Sstar,1.470055706516298,0.0017799457937070025,300
7,7,7,2.5,0.275,Sstar,1.4698359900066391,0.0017594608157725554,300
7,7,7,2.5,0.28,Sstar,1.469513905847995,0.0017434665107078286,300
7,7,7,2.5,0.28500000000000003,Sstar,1.4692232033391004,0.001733758369171298,300
7,7,7,2.5,0.29,Sstar,1.4689739265709079,0.0017206593206049443,300
7,7,7,2.5,0.295,Sstar,1.4686880074910873,0.0017031640171420428,300
7,7,7,2.5,0.3,Sstar,1.468300241173346,0.001687288563946722,300
7,7,7,2.5,0.305,Sstar,1.4680386722439096,0.0016670041733067953,300
7,7,7,2.5,0.31,Sstar,1.4678201318839825,0.0016519300347466322,300
7,7,7,2.5,0.315,Sstar,1.4674941922759803,0.0016379179704500008,300
7,7,7,2.5,0.32,Sstar,1.4671711979906683,0.0016189279636623212,300
7,7,7,2.5,0.325,Sstar,1.4668178266180367,0.0016022773247770597,300
7,7,7,2.5,0.33,Sstar,1.4664484798793413,0.001585899302420131,300
7,7,7,2.5,0.335,Sstar,1.4661729146885092,0.0015733726717886002,300
7,7,7,2.5,0.34,Sstar,1.4659062138636885,0.0015564432548859715,300
7,7,7,2.5,0.34500000000000003,Sstar,1.4655459698638686,0.0015451521025515746,300
7,7,7,2.5,0.35000000000000003,Sstar,1.4652145547194835,0.0015269360594040438,300
7,7,7,2.5,0.355,Sstar,1.4649128547564962,0.001512454771318484,300
7,7,7,2.5,0.36,Sstar,1.4646659145397705,0.0014919169853130616,300
7,7,7,2.5,0.365,Sstar,1.464244355666391,0.0014744885704407375,300
7,7,7,2.5,0.37,Sstar,1.463861598312166,0.0014591362019079162,300
7,7,7,2.5,0.375,Sstar,1.463480996638586,0.0014446617902123936,300
7,7,7,2.5,0.38,Sstar,1.463159187454895,0.0014284276865326442,300
7,7,7,2.5,0.385,Sstar,1.4627790541863948,0.001413485923809735,300
7,7,7,2.5,0.39,Sstar,1.4623894057193907,0.001400797064027281,300
7,7,7,2.5,0.395,Sstar,1.46195391305259,0.0013896550388397514,300
7,7,7,2.5,0.4,Sstar,1.461634787190999,0.0013782338949618284,300
7,7,7,2.5,0.405,Sstar,1.4612864017838485,0.0013658689684967363,300
7,7,7,2.5,0.41000000000000003,Sstar,1.460956942858336,0.001349046837758691,300
7,7,7,2.5,0.41500000000000004,Sstar,1.460575369320509,0.0013333402986069752,300
7,7,7,2.5,0.42,Sstar,1.4601220415865293,0.0013179639427934088,300
7,7,7,2.5,0.425,Sstar,1.459721812571649,0.0013057868804360593,300
7,7,7,2.5,0.43,Sstar,1.4593864816441493,0.0012986673536306067,300
7,7,7,2.5,0.435,Sstar,1.459039602515282,0.0012832044512281371,300
7,7,7,2.5,0.44,Sstar,1.4586615800669722,0.0012651595348229436,300
7,7,7,2.5,0.445,Sstar,1.4582088096305414,0.0012511051421389098,300
7,7,7,2.5,0.45,Sstar,1.4577985773670727,0.001235600740126477,300
7,7,7,2.5,0.455,Sstar,1.4573289870961585,0.0012200768735307853,300
7,7,7,2.5,0.46,Sstar,1.456997077451715,0.0012089913469597179,300
7,7,7,2.5,0.465,Sstar,1.456565365641278,0.0011914270572600176,300
7,7,7,2.5,0.47000000000000003,Sstar,1.4561253735299031,0.0011798090869190652,300
7,7,7,2.5,0.47500000000000003,Sstar,1.455723851418019,0.0011679138921745122,300
7,7,7,2.5,0.48,Sstar,1.455347683555621,0.0011528749786230725,300
7,7,7,2.5,0.485,Sstar,1.4549163454707437,0.0011394108739022225,300
7,7,7,2.5,0.49,Sstar,1.4545373440294567,0.0011236698699785398,300
7,7,7,2.5,0.495,Sstar,1.4541695395242566,0.0011091024504383442,300
7,7,7,2.5,0.5,Sstar,1.4538349960500916,0.0010938502967317543,300
7,7,7,2.5,0.505,Sstar,1.4533679832552382,0.0010794432322642966,300
7,7,7,2.5,0.51,Sstar,1.4529057956179545,0.001065275899447167,300
7,7,7,2.5,0.515,Sstar,1.4524621107752267,0.0010515206606575116,300
7,7,7,2.5,0.52,Sstar,1.4519705644584493,0.001039680259479266,300
7,7,7,2.5,0.525,Sstar,1.4515700297809193,0.001026563297002418,300
7,7,7,2.5,0.53,Sstar,1.4511151120698118,0.001022502210636276,300
7,7,7,2.5,0.535,Sstar,1.4506959495701224,0.0010117585549610768,300
7,7,7,2.5,0.54,Sstar,1.4503524291575625,0.0010030770018305778,300
7,7,7,2.5,0.545,Sstar,1.4499616231357952,0.0009922532814095636,300
7,7,7,2.5,0.55,Sstar,1.4495171549873804,0.0009789016535094275,300
7,7,7,2.5,0.555,Sstar,1.4491581177618997,0.0009672024840732708,300
7,7,7,2.5,0.56,Sstar,1.44868126641498,0.0009595506000665216,300
7,7,7,2.5,0.5650000000000001,Sstar,1.4484335137384716,0.0009504762039167045,300
7,7,7,2.5,0.5700000000000001,Sstar,1.4480799296015503,0.0009457709656805159,300
7,7,7,2.5,0.5750000000000001,Sstar,1.4476773585717966,0.0009365853987702718,300
7,7,7,2.5,0.58,Sstar,1.4472438514449648,0.0009328420860191828,300
7,7,7,2.5,0.585,Sstar,1.44691184491896,0.0009196472125555386,300
7,7,7,2.5,0.59,Sstar,1.4465482976412085,0.0009094752112306796,300
7,7,7,2.5,0.595,Sstar,1.4461018994954398,0.000900264633759608,300
7,7,7,2.5,0.6,Sstar,1.4457264401310232,0.0008901713498750823,300
