task_index,L,N,nmax,W_over_t,realization_start,realization_stop,realizations_in_block,U_points,U_values_over_t_json,core_hash
0,6,6,3,0.1,0,50,50,41,"[0.0,0.025,0.05,0.075,0.1,0.125,0.15,0.175,0.2,0.225,0.25,0.275,0.3,0.325,0.35,0.375,0.4,0.425,0.45,0.475,0.5,0.525,0.55,0.575,0.6,0.625,0.65,0.675,0.7,0.725,0.75,0.775,0.8,0.825,0.85,0.875,0.9,0.925,0.95,0.975,1.0]",d75e5e94f16a800de2465090de989ec6fae1dc8ad7281ea44a6964a0c44d3ea4
1,6,6,3,0.1,50,100,50,41,"[0.0,0.025,0.05,0.075,0.1,0.125,0.15,0.175,0.2,0.225,0.25,0.275,0.3,0.325,0.35,0.375,0.4,0.425,0.45,0.475,0.5,0.525,0.55,0.575,0.6,0.625,0.65,0.675,0.7,0.725,0.75,0.775,0.8,0.825,0.85,0.875,0.9,0.925,0.95,0.975,1.0]",d75e5e94f16a800de2465090de989ec6fae1dc8ad7281ea44a6964a0c44d3ea4
2,6,6,3,0.1,100,150,50,41,"[0.0,0.025,0.05,0.075,0.1,0.125,0.15,0.175,0.2,0.225,0.25,0.275,0.3,0.325,0.35,0.375,0.4,0.425,0.45,0.475,0.5,0.525,0.55,0.575,0.6,0.625,0.65,0.675,0.7,0.725,0.75,0.775,0.8,0.825,0.85,0.875,0.9,0.925,0.95,0.975,1.0]",d75e5e94f16a800de2465090de989ec6fae1dc8ad7281ea44a6964a0c44d3ea4
3,6,6,3,0.1,150,200,50,41,"[0.0,0.025,0.05,0.075,0.1,0.125,0.15,0.175,0.2,0.225,0.25,0.275,0.3,0.325,0.35,0.375,0.4,0.425,0.45,0.475,0.5,0.525,0.55,0.575,0.6,0.625,0.65,0.675,0.7,0.725,0.75,0.775,0.8,0.825,0.85,0.875,0.9,0.925,0.95,0.975,1.0]",d75e5e94f16a800de2465090de989ec6fae1dc8ad7281ea44a6964a0c44d3ea4
4,6,6,3,0.2,0,50,50,41,"[0.0,0.025,0.05,0.075,0.1,0.125,0.15,0.175,0.2,0.225,0.25,0.275,0.3,0.325,0.35,0.375,0.4,0.425,0.45,0.475,0.5,0.525,0.55,0.575,0.6,0.625,0.65,0.675,0.7,0.725,0.75,0.775,0.8,0.825,0.85,0.875,0.9,0.925,0.95,0.975,1.0]",204446096c47fb6d4be900393fc2a4a1d66a9efa2b37451fbd62154724435bde
5,6,6,3,0.2,50,100,50,41,"[0.0,0.025,0.05,0.075,0.1,0.125,0.15,0.175,0.2,0.225,0.25,0.275,0.3,0.325,0.35,0.375,0.4,0.425,0.45,0.475,0.5,0.525,0.55,0.575,0.6,0.625,0.65,0.675,0.7,0.725,0.75,0.775,0.8,0.825,0.85,0.875,0.9,0.925,0.95,0.975,1.0]",204446096c47fb6d4be900393fc2a4a1d66a9efa2b37451fbd62154724435bde
6,6,6,3,0.2,100,150,50,41,"[0.0,0.025,0.05,0.075,0.1,0.125,0.15,0.175,0.2,0.225,0.25,0.275,0.3,0.325,0.35,0.375,0.4,0.425,0.45,0.475,0.5,0.525,0.55,0.575,0.6,0.625,0.65,0.675,0.7,0.725,0.75,0.775,0.8,0.825,0.85,0.875,0.9,0.925,0.95,0.975,1.0]",204446096c47fb6d4be900393fc2a4a1d66a9efa2b37451fbd62154724435bde
7,6,6,3,0.2,150,200,50,41,"[0.0,0.025,0.05,0.075,0.1,0.125,0.15,0.175,0.2,0.225,0.25,0.275,0.3,0.325,0.35,0.375,0.4,0.425,0.45,0.475,0.5,0.525,0.55,0.575,0.6,0.625,0.65,0.675,0.7,0.725,0.75,0.775,0.8,0.825,0.85,0.875,0.9,0.925,0.95,0.975,1.0]",204446096c47fb6d4be900393fc2a4a1d66a9efa2b37451fbd62154724435bde
8,6,6,3,0.3,0,50,50,41,"[0.0,0.025,0.05,0.075,0.1,0.125,0.15,0.175,0.2,0.225,0.25,0.275,0.3,0.325,0.35,0.375,0.4,0.425,0.45,0.475,0.5,0.525,0.55,0.575,0.6,0.625,0.65,0.675,0.7,0.725,0.75,0.775,0.8,0.825,0.85,0.875,0.9,0.925,0.95,0.975,1.0]",59988782d41cb6a3be16d75864ee8cca8dffa74a2f855bef8aebea5c2a0e3ebf
9,6,6,3,0.3,50,100,50,41,"[0.0,0.025,0.05,0.075,0.1,0.125,0.15,0.175,0.2,0.225,0.25,0.275,0.3,0.325,0.35,0.375,0.4,0.425,0.45,0.475,0.5,0.525,0.55,0.575,0.6,0.625,0.65,0.675,0.7,0.725,0.75,0.775,0.8,0.825,0.85,0.875,0.9,0.925,0.95,0.975,1.0]",59988782d41cb6a3be16d75864ee8cca8dffa74a2f855bef8aebea5c2a0e3ebf
10,6,6,3,0.3,100,150,50,41,"[0.0,0.025,0.05,0.075,0.1,0.125,0.15,0.175,0.2,0.225,0.25,0.275,0.3,0.325,0.35,0.375,0.4,0.425,0.45,0.475,0.5,0.525,0.55,0.575,0.6,0.625,0.65,0.675,0.7,0.725,0.75,0.775,0.8,0.825,0.85,0.875,0.9,0.925,0.95,0.975,1.0]",59988782d41cb6a3be16d75864ee8cca8dffa74a2f855bef8aebea5c2a0e3ebf
11,6,6,3,0.3,150,200,50,41,"[0.0,0.025,0.05,0.075,0.1,0.125,0.15,0.175,0.2,0.225,0.25,0.275,0.3,0.325,0.35,0.375,0.4,0.425,0.45,0.475,0.5,0.525,0.55,0.575,0.6,0.625,0.65,0.675,0.7,0.725,0.75,0.775,0.8,0.825,0.85,0.875,0.9,0.925,0.95,0.975,1.0]",59988782d41cb6a3be16d75864ee8cca8dffa74a2f855bef8aebea5c2a0e3ebf
12,6,6,3,0.4,0,50,50,41,"[0.0,0.025,0.05,0.075,0.1,0.125,0.15,0.175,0.2,0.225,0.25,0.275,0.3,0.325,0.35,0.375,0.4,0.425,0.45,0.475,0.5,0.525,0.55,0.575,0.6,0.625,0.65,0.675,0.7,0.725,0.75,0.775,0.8,0.825,0.85,0.875,0.9,0.925,0.95,0.975,1.0]",8a387c1a51a37d6ba92668030f0742d5dbf2383a55ed0fbbb277ff4086677b63
13,6,6,3,0.4,50,100,50,41,"[0.0,0.025,0.05,0.075,0.1,0.125,0.15,0.175,0.2,0.225,0.25,0.275,0.3,0.325,0.35,0.375,0.4,0.425,0.45,0.475,0.5,0.525,0.55,0.575,0.6,0.625,0.65,0.675,0.7,0.725,0.75,0.775,0.8,0.825,0.85,0.875,0.9,0.925,0.95,0.975,1.0]",8a387c1a51a37d6ba92668030f0742d5dbf2383a55ed0fbbb277ff4086677b63
14,6,6,3,0.4,100,150,50,41,"[0.0,0.025,0.05,0.075,0.1,0.125,0.15,0.175,0.2,0.225,0.25,0.275,0.3,0.325,0.35,0.375,0.4,0.425,0.45,0.475,0.5,0.525,0.55,0.575,0.6,0.625,0.65,0.675,0.7,0.725,0.75,0.775,0.8,0.825,0.85,0.875,0.9,0.925,0.95,0.975,1.0]",8a387c1a51a37d6ba92668030f0742d5dbf2383a55ed0fbbb277ff4086677b63
15,6,6,3,0.4,150,200,50,41,"[0.0,0.025,0.05,0.075,0.1,0.125,0.15,0.175,0.2,0.225,0.25,0.275,0.3,0.325,0.35,0.375,0.4,0.425,0.45,0.475,0.5,0.525,0.55,0.575,0.6,0.625,0.65,0.675,0.7,0.725,0.75,0.775,0.8,0.825,0.85,0.875,0.9,0.925,0.95,0.975,1.0]",8a387c1a51a37d6ba92668030f0742d5dbf2383a55ed0fbbb277ff4086677b63
16,6,6,3,0.5,0,50,50,41,"[0.0,0.025,0.05,0.075,0.1,0.125,0.15,0.175,0.2,0.225,0.25,0.275,0.3,0.325,0.35,0.375,0.4,0.425,0.45,0.475,0.5,0.525,0.55,0.575,0.6,0.625,0.65,0.675,0.7,0.725,0.75,0.775,0.8,0.825,0.85,0.875,0.9,0.925,0.95,0.975,1.0]",4ba2ed597321b0f39e13fae84ef2162ca01df221e32baf4da496729bd1df0399
17,6,6,3,0.5,50,100,50,41,"[0.0,0.025,0.05,0.075,0.1,0.125,0.15,0.175,0.2,0.225,0.25,0.275,0.3,0.325,0.35,0.375,0.4,0.425,0.45,0.475,0.5,0.525,0.55,0.575,0.6,0.625,0.65,0.675,0.7,0.725,0.75,0.775,0.8,0.825,0.85,0.875,0.9,0.925,0.95,0.975,1.0]",4ba2ed597321b0f39e13fae84ef2162ca01df221e32baf4da496729bd1df0399
18,6,6,3,0.5,100,150,50,41,"[0.0,0.025,0.05,0.075,0.1,0.125,0.15,0.175,0.2,0.225,0.25,0.275,0.3,0.325,0.35,0.375,0.4,0.425,0.45,0.475,0.5,0.525,0.55,0.575,0.6,0.625,0.65,0.675,0.7,0.725,0.75,0.775,0.8,0.825,0.85,0.875,0.9,0.925,0.95,0.975,1.0]",4ba2ed597321b0f39e13fae84ef2162ca01df221e32baf4da496729bd1df0399
19,6,6,3,0.5,150,200,50,41,"[0.0,0.025,0.05,0.075,0.1,0.125,0.15,0.175,0.2,0.225,0.25,0.275,0.3,0.325,0.35,0.375,0.4,0.425,0.45,0.475,0.5,0.525,0.55,0.575,0.6,0.625,0.65,0.675,0.7,0.725,0.75,0.775,0.8,0.825,0.85,0.875,0.9,0.925,0.95,0.975,1.0]",4ba2ed597321b0f39e13fae84ef2162ca01df221e32baf4da496729bd1df0399
20,6,6,3,0.6,0,50,50,41,"[0.0,0.025,0.05,0.075,0.1,0.125,0.15,0.175,0.2,0.225,0.25,0.275,0.3,0.325,0.35,0.375,0.4,0.425,0.45,0.475,0.5,0.525,0.55,0.575,0.6,0.625,0.65,0.675,0.7,0.725,0.75,0.775,0.8,0.825,0.85,0.875,0.9,0.925,0.95,0.975,1.0]",58d8f8f6791fba11a4e2c528f91625f9c5b31c11f86591415352f49e36a43020
21,6,6,3,0.6,50,100,50,41,"[0.0,0.025,0.05,0.075,0.1,0.125,0.15,0.175,0.2,0.225,0.25,0.275,0.3,0.325,0.35,0.375,0.4,0.425,0.45,0.475,0.5,0.525,0.55,0.575,0.6,0.625,0.65,0.675,0.7,0.725,0.75,0.775,0.8,0.825,0.85,0.875,0.9,0.925,0.95,0.975,1.0]",58d8f8f6791fba11a4e2c528f91625f9c5b31c11f86591415352f49e36a43020
22,6,6,3,0.6,100,150,50,41,"[0.0,0.025,0.05,0.075,0.1,0.125,0.15,0.175,0.2,0.225,0.25,0.275,0.3,0.325,0.35,0.375,0.4,0.425,0.45,0.475,0.5,0.525,0.55,0.575,0.6,0.625,0.65,0.675,0.7,0.725,0.75,0.775,0.8,0.825,0.85,0.875,0.9,0.925,0.95,0.975,1.0]",58d8f8f6791fba11a4e2c528f91625f9c5b31c11f86591415352f49e36a43020
23,6,6,3,0.6,150,200,50,41,"[0.0,0.025,0.05,0.075,0.1,0.125,0.15,0.175,0.2,0.225,0.25,0.275,0.3,0.325,0.35,0.375,0.4,0.425,0.45,0.475,0.5,0.525,0.55,0.575,0.6,0.625,0.65,0.675,0.7,0.725,0.75,0.775,0.8,0.825,0.85,0.875,0.9,0.925,0.95,0.975,1.0]",58d8f8f6791fba11a4e2c528f91625f9c5b31c11f86591415352f49e36a43020
24,6,6,3,0.7,0,50,50,41,"[0.0,0.025,0.05,0.075,0.1,0.125,0.15,0.175,0.2,0.225,0.25,0.275,0.3,0.325,0.35,0.375,0.4,0.425,0.45,0.475,0.5,0.525,0.55,0.575,0.6,0.625,0.65,0.675,0.7,0.725,0.75,0.775,0.8,0.825,0.85,0.875,0.9,0.925,0.95,0.975,1.0]",ee27fced46915d951a041ae0ad100d2da475db48728a44da7c44de2bc37d6d55
25,6,6,3,0.7,50,100,50,41,"[0.0,0.025,0.05,0.075,0.1,0.125,0.15,0.175,0.2,0.225,0.25,0.275,0.3,0.325,0.35,0.375,0.4,0.425,0.45,0.475,0.5,0.525,0.55,0.575,0.6,0.625,0.65,0.675,0.7,0.725,0.75,0.775,0.8,0.825,0.85,0.875,0.9,0.925,0.95,0.975,1.0]",ee27fced46915d951a041ae0ad100d2da475db48728a44da7c44de2bc37d6d55
26,6,6,3,0.7,100,150,50,41,"[0.0,0.025,0.05,0.075,0.1,0.125,0.15,0.175,0.2,0.225,0.25,0.275,0.3,0.325,0.35,0.375,0.4,0.425,0.45,0.475,0.5,0.525,0.55,0.575,0.6,0.625,0.65,0.675,0.7,0.725,0.75,0.775,0.8,0.825,0.85,0.875,0.9,0.925,0.95,0.975,1.0]",ee27fced46915d951a041ae0ad100d2da475db48728a44da7c44de2bc37d6d55
27,6,6,3,0.7,150,200,50,41,"[0.0,0.025,0.05,0.075,0.1,0.125,0.15,0.175,0.2,0.225,0.25,0.275,0.3,0.325,0.35,0.375,0.4,0.425,0.45,0.475,0.5,0.525,0.55,0.575,0.6,0.625,0.65,0.675,0.7,0.725,0.75,0.775,0.8,0.825,0.85,0.875,0.9,0.925,0.95,0.975,1.0]",ee27fced46915d951a041ae0ad100d2da475db48728a44da7c44de2bc37d6d55
28,6,6,3,0.8,0,50,50,41,"[0.0,0.025,0.05,0.075,0.1,0.125,0.15,0.175,0.2,0.225,0.25,0.275,0.3,0.325,0.35,0.375,0.4,0.425,0.45,0.475,0.5,0.525,0.55,0.575,0.6,0.625,0.65,0.675,0.7,0.725,0.75,0.775,0.8,0.825,0.85,0.875,0.9,0.925,0.95,0.975,1.0]",4c016e7c8ea25ce466bc9166e44ca7faabf7f448b65fedbea7ac1700f8621f39
29,6,6,3,0.8,50,100,50,41,"[0.0,0.025,0.05,0.075,0.1,0.125,0.15,0.175,0.2,0.225,0.25,0.275,0.3,0.325,0.35,0.375,0.4,0.425,0.45,0.475,0.5,0.525,0.55,0.575,0.6,0.625,0.65,0.675,0.7,0.725,0.75,0.775,0.8,0.825,0.85,0.875,0.9,0.925,0.95,0.975,1.0]",4c016e7c8ea25ce466bc9166e44ca7faabf7f448b65fedbea7ac1700f8621f39
30,6,6,3,0.8,100,150,50,41,"[0.0,0.025,0.05,0.075,0.1,0.125,0.15,0.175,0.2,0.225,0.25,0.275,0.3,0.325,0.35,0.375,0.4,0.425,0.45,0.475,0.5,0.525,0.55,0.575,0.6,0.625,0.65,0.675,0.7,0.725,0.75,0.775,0.8,0.825,0.85,0.875,0.9,0.925,0.95,0.975,1.0]",4c016e7c8ea25ce466bc9166e44ca7faabf7f448b65fedbea7ac1700f8621f39
31,6,6,3,0.8,150,200,50,41,"[0.0,0.025,0.05,0.075,0.1,0.125,0.15,0.175,0.2,0.225,0.25,0.275,0.3,0.325,0.35,0.375,0.4,0.425,0.45,0.475,0.5,0.525,0.55,0.575,0.6,0.625,0.65,0.675,0.7,0.725,0.75,0.775,0.8,0.825,0.85,0.875,0.9,0.925,0.95,0.975,1.0]",4c016e7c8ea25ce466bc9166e44ca7faabf7f448b65fedbea7ac1700f8621f39
32,6,6,3,0.9,0,50,50,41,"[0.0,0.025,0.05,0.075,0.1,0.125,0.15,0.175,0.2,0.225,0.25,0.275,0.3,0.325,0.35,0.375,0.4,0.425,0.45,0.475,0.5,0.525,0.55,0.575,0.6,0.625,0.65,0.675,0.7,0.725,0.75,0.775,0.8,0.825,0.85,0.875,0.9,0.925,0.95,0.975,1.0]",fbd94cdc02bb63b9b920be9693a683cd6f71d853f9eb58ea9742e43abcdf90aa
33,6,6,3,0.9,50,100,50,41,"[0.0,0.025,0.05,0.075,0.1,0.125,0.15,0.175,0.2,0.225,0.25,0.275,0.3,0.325,0.35,0.375,0.4,0.425,0.45,0.475,0.5,0.525,0.55,0.575,0.6,0.625,0.65,0.675,0.7,0.725,0.75,0.775,0.8,0.825,0.85,0.875,0.9,0.925,0.95,0.975,1.0]",fbd94cdc02bb63b9b920be9693a683cd6f71d853f9eb58ea9742e43abcdf90aa
34,6,6,3,0.9,100,150,50,41,"[0.0,0.025,0.05,0.075,0.1,0.125,0.15,0.175,0.2,0.225,0.25,0.275,0.3,0.325,0.35,0.375,0.4,0.425,0.45,0.475,0.5,0.525,0.55,0.575,0.6,0.625,0.65,0.675,0.7,0.725,0.75,0.775,0.8,0.825,0.85,0.875,0.9,0.925,0.95,0.975,1.0]",fbd94cdc02bb63b9b920be9693a683cd6f71d853f9eb58ea9742e43abcdf90aa
35,6,6,3,0.9,150,200,50,41,"[0.0,0.025,0.05,0.075,0.1,0.125,0.15,0.175,0.2,0.225,0.25,0.275,0.3,0.325,0.35,0.375,0.4,0.425,0.45,0.475,0.5,0.525,0.55,0.575,0.6,0.625,0.65,0.675,0.7,0.725,0.75,0.775,0.8,0.825,0.85,0.875,0.9,0.925,0.95,0.975,1.0]",fbd94cdc02bb63b9b920be9693a683cd6f71d853f9eb58ea9742e43abcdf90aa
36,6,6,3,1.0,0,50,50,41,"[0.0,0.025,0.05,0.075,0.1,0.125,0.15,0.175,0.2,0.225,0.25,0.275,0.3,0.325,0.35,0.375,0.4,0.425,0.45,0.475,0.5,0.525,0.55,0.575,0.6,0.625,0.65,0.675,0.7,0.725,0.75,0.775,0.8,0.825,0.85,0.875,0.9,0.925,0.95,0.975,1.0]",b7d5d9ec8a3cb818b0d69c4af9394f3be2d5daf7e88d3f4655e18b198d08f307
37,6,6,3,1.0,50,100,50,41,"[0.0,0.025,0.05,0.075,0.1,0.125,0.15,0.175,0.2,0.225,0.25,0.275,0.3,0.325,0.35,0.375,0.4,0.425,0.45,0.475,0.5,0.525,0.55,0.575,0.6,0.625,0.65,0.675,0.7,0.725,0.75,0.775,0.8,0.825,0.85,0.875,0.9,0.925,0.95,0.975,1.0]",b7d5d9ec8a3cb818b0d69c4af9394f3be2d5daf7e88d3f4655e18b198d08f307
38,6,6,3,1.0,100,150,50,41,"[0.0,0.025,0.05,0.075,0.1,0.125,0.15,0.175,0.2,0.225,0.25,0.275,0.3,0.325,0.35,0.375,0.4,0.425,0.45,0.475,0.5,0.525,0.55,0.575,0.6,0.625,0.65,0.675,0.7,0.725,0.75,0.775,0.8,0.825,0.85,0.875,0.9,0.925,0.95,0.975,1.0]",b7d5d9ec8a3cb818b0d69c4af9394f3be2d5daf7e88d3f4655e18b198d08f307
39,6,6,3,1.0,150,200,50,41,"[0.0,0.025,0.05,0.075,0.1,0.125,0.15,0.175,0.2,0.225,0.25,0.275,0.3,0.325,0.35,0.375,0.4,0.425,0.45,0.475,0.5,0.525,0.55,0.575,0.6,0.625,0.65,0.675,0.7,0.725,0.75,0.775,0.8,0.825,0.85,0.875,0.9,0.925,0.95,0.975,1.0]",b7d5d9ec8a3cb818b0d69c4af9394f3be2d5daf7e88d3f4655e18b198d08f307
40,6,6,3,1.1,0,50,50,41,"[0.0,0.025,0.05,0.075,0.1,0.125,0.15,0.175,0.2,0.225,0.25,0.275,0.3,0.325,0.35,0.375,0.4,0.425,0.45,0.475,0.5,0.525,0.55,0.575,0.6,0.625,0.65,0.675,0.7,0.725,0.75,0.775,0.8,0.825,0.85,0.875,0.9,0.925,0.95,0.975,1.0]",0d273d67a2be0d14128eeec12f878966854cd8a198511d51ab3cf6b85e20ad09
41,6,6,3,1.1,50,100,50,41,"[0.0,0.025,0.05,0.075,0.1,0.125,0.15,0.175,0.2,0.225,0.25,0.275,0.3,0.325,0.35,0.375,0.4,0.425,0.45,0.475,0.5,0.525,0.55,0.575,0.6,0.625,0.65,0.675,0.7,0.725,0.75,0.775,0.8,0.825,0.85,0.875,0.9,0.925,0.95,0.975,1.0]",0d273d67a2be0d14128eeec12f878966854cd8a198511d51ab3cf6b85e20ad09
42,6,6,3,1.1,100,150,50,41,"[0.0,0.025,0.05,0.075,0.1,0.125,0.15,0.175,0.2,0.225,0.25,0.275,0.3,0.325,0.35,0.375,0.4,0.425,0.45,0.475,0.5,0.525,0.55,0.575,0.6,0.625,0.65,0.675,0.7,0.725,0.75,0.775,0.8,0.825,0.85,0.875,0.9,0.925,0.95,0.975,1.0]",0d273d67a2be0d14128eeec12f878966854cd8a198511d51ab3cf6b85e20ad09
43,6,6,3,1.1,150,200,50,41,"[0.0,0.025,0.05,0.075,0.1,0.125,0.15,0.175,0.2,0.225,0.25,0.275,0.3,0.325,0.35,0.375,0.4,0.425,0.45,0.475,0.5,0.525,0.55,0.575,0.6,0.625,0.65,0.675,0.7,0.725,0.75,0.775,0.8,0.825,0.85,0.875,0.9,0.925,0.95,0.975,1.0]",0d273d67a2be0d14128eeec12f878966854cd8a198511d51ab3cf6b85e20ad09
44,6,6,3,1.2,0,50,50,41,"[0.0,0.025,0.05,0.075,0.1,0.125,0.15,0.175,0.2,0.225,0.25,0.275,0.3,0.325,0.35,0.375,0.4,0.425,0.45,0.475,0.5,0.525,0.55,0.575,0.6,0.625,0.65,0.675,0.7,0.725,0.75,0.775,0.8,0.825,0.85,0.875,0.9,0.925,0.95,0.975,1.0]",ec13bedea79bba0717f6bb0d0f430c1efc22db2c74d3078b64f582e903089323
45,6,6,3,1.2,50,100,50,41,"[0.0,0.025,0.05,0.075,0.1,0.125,0.15,0.175,0.2,0.225,0.25,0.275,0.3,0.325,0.35,0.375,0.4,0.425,0.45,0.475,0.5,0.525,0.55,0.575,0.6,0.625,0.65,0.675,0.7,0.725,0.75,0.775,0.8,0.825,0.85,0.875,0.9,0.925,0.95,0.975,1.0]",ec13bedea79bba0717f6bb0d0f430c1efc22db2c74d3078b64f582e903089323
46,6,6,3,1.2,100,150,50,41,"[0.0,0.025,0.05,0.075,0.1,0.125,0.15,0.175,0.2,0.225,0.25,0.275,0.3,0.325,0.35,0.375,0.4,0.425,0.45,0.475,0.5,0.525,0.55,0.575,0.6,0.625,0.65,0.675,0.7,0.725,0.75,0.775,0.8,0.825,0.85,0.875,0.9,0.925,0.95,0.975,1.0]",ec13bedea79bba0717f6bb0d0f430c1efc22db2c74d3078b64f582e903089323
47,6,6,3,1.2,150,200,50,41,"[0.0,0.025,0.05,0.075,0.1,0.125,0.15,0.175,0.2,0.225,0.25,0.275,0.3,0.325,0.35,0.375,0.4,0.425,0.45,0.475,0.5,0.525,0.55,0.575,0.6,0.625,0.65,0.675,0.7,0.725,0.75,0.775,0.8,0.825,0.85,0.875,0.9,0.925,0.95,0.975,1.0]",ec13bedea79bba0717f6bb0d0f430c1efc22db2c74d3078b64f582e903089323
48,6,6,3,1.3,0,50,50,41,"[0.0,0.025,0.05,0.075,0.1,0.125,0.15,0.175,0.2,0.225,0.25,0.275,0.3,0.325,0.35,0.375,0.4,0.425,0.45,0.475,0.5,0.525,0.55,0.575,0.6,0.625,0.65,0.675,0.7,0.725,0.75,0.775,0.8,0.825,0.85,0.875,0.9,0.925,0.95,0.975,1.0]",b6ca080d2a7ef82c9dafe81e7322d070be5ba7837d837ada53d9c2b69909ccc4
49,6,6,3,1.3,50,100,50,41,"[0.0,0.025,0.05,0.075,0.1,0.125,0.15,0.175,0.2,0.225,0.25,0.275,0.3,0.325,0.35,0.375,0.4,0.425,0.45,0.475,0.5,0.525,0.55,0.575,0.6,0.625,0.65,0.675,0.7,0.725,0.75,0.775,0.8,0.825,0.85,0.875,0.9,0.925,0.95,0.975,1.0]",b6ca080d2a7ef82c9dafe81e7322d070be5ba7837d837ada53d9c2b69909ccc4
50,6,6,3,1.3,100,150,50,41,"[0.0,0.025,0.05,0.075,0.1,0.125,0.15,0.175,0.2,0.225,0.25,0.275,0.3,0.325,0.35,0.375,0.4,0.425,0.45,0.475,0.5,0.525,0.55,0.575,0.6,0.625,0.65,0.675,0.7,0.725,0.75,0.775,0.8,0.825,0.85,0.875,0.9,0.925,0.95,0.975,1.0]",b6ca080d2a7ef82c9dafe81e7322d070be5ba7837d837ada53d9c2b69909ccc4
51,6,6,3,1.3,150,200,50,41,"[0.0,0.025,0.05,0.075,0.1,0.125,0.15,0.175,0.2,0.225,0.25,0.275,0.3,0.325,0.35,0.375,0.4,0.425,0.45,0.475,0.5,0.525,0.55,0.575,0.6,0.625,0.65,0.675,0.7,0.725,0.75,0.775,0.8,0.825,0.85,0.875,0.9,0.925,0.95,0.975,1.0]",b6ca080d2a7ef82c9dafe81e7322d070be5ba7837d837ada53d9c2b69909ccc4
52,6,6,3,1.4,0,50,50,41,"[0.0,0.025,0.05,0.075,0.1,0.125,0.15,0.175,0.2,0.225,0.25,0.275,0.3,0.325,0.35,0.375,0.4,0.425,0.45,0.475,0.5,0.525,0.55,0.575,0.6,0.625,0.65,0.675,0.7,0.725,0.75,0.775,0.8,0.825,0.85,0.875,0.9,0.925,0.95,0.975,1.0]",c226277509d90ac1eb901dba8b72c9a13f84e0c8940a30260bdfa078f692652e
53,6,6,3,1.4,50,100,50,41,"[0.0,0.025,0.05,0.075,0.1,0.125,0.15,0.175,0.2,0.225,0.25,0.275,0.3,0.325,0.35,0.375,0.4,0.425,0.45,0.475,0.5,0.525,0.55,0.575,0.6,0.625,0.65,0.675,0.7,0.725,0.75,0.775,0.8,0.825,0.85,0.875,0.9,0.925,0.95,0.975,1.0]",c226277509d90ac1eb901dba8b72c9a13f84e0c8940a30260bdfa078f692652e
54,6,6,3,1.4,100,150,50,41,"[0.0,0.025,0.05,0.075,0.1,0.125,0.15,0.175,0.2,0.225,0.25,0.275,0.3,0.325,0.35,0.375,0.4,0.425,0.45,0.475,0.5,0.525,0.55,0.575,0.6,0.625,0.65,0.675,0.7,0.725,0.75,0.775,0.8,0.825,0.85,0.875,0.9,0.925,0.95,0.975,1.0]",c226277509d90ac1eb901dba8b72c9a13f84e0c8940a30260bdfa078f692652e
55,6,6,3,1.4,150,200,50,41,"[0.0,0.025,0.05,0.075,0.1,0.125,0.15,0.175,0.2,0.225,0.25,0.275,0.3,0.325,0.35,0.375,0.4,0.425,0.45,0.475,0.5,0.525,0.55,0.575,0.6,0.625,0.65,0.675,0.7,0.725,0.75,0.775,0.8,0.825,0.85,0.875,0.9,0.925,0.95,0.975,1.0]",c226277509d90ac1eb901dba8b72c9a13f84e0c8940a30260bdfa078f692652e
56,6,6,3,1.5,0,50,50,41,"[0.0,0.025,0.05,0.075,0.1,0.125,0.15,0.175,0.2,0.225,0.25,0.275,0.3,0.325,0.35,0.375,0.4,0.425,0.45,0.475,0.5,0.525,0.55,0.575,0.6,0.625,0.65,0.675,0.7,0.725,0.75,0.775,0.8,0.825,0.85,0.875,0.9,0.925,0.95,0.975,1.0]",5d5c127b31ef9758b53a5386f0f5025b26dfa1a9da81a7183b1a4ae0e072470c
57,6,6,3,1.5,50,100,50,41,"[0.0,0.025,0.05,0.075,0.1,0.125,0.15,0.175,0.2,0.225,0.25,0.275,0.3,0.325,0.35,0.375,0.4,0.425,0.45,0.475,0.5,0.525,0.55,0.575,0.6,0.625,0.65,0.675,0.7,0.725,0.75,0.775,0.8,0.825,0.85,0.875,0.9,0.925,0.95,0.975,1.0]",5d5c127b31ef9758b53a5386f0f5025b26dfa1a9da81a7183b1a4ae0e072470c
58,6,6,3,1.5,100,150,50,41,"[0.0,0.025,0.05,0.075,0.1,0.125,0.15,0.175,0.2,0.225,0.25,0.275,0.3,0.325,0.35,0.375,0.4,0.425,0.45,0.475,0.5,0.525,0.55,0.575,0.6,0.625,0.65,0.675,0.7,0.725,0.75,0.775,0.8,0.825,0.85,0.875,0.9,0.925,0.95,0.975,1.0]",5d5c127b31ef9758b53a5386f0f5025b26dfa1a9da81a7183b1a4ae0e072470c
59,6,6,3,1.5,150,200,50,41,"[0.0,0.025,0.05,0.075,0.1,0.125,0.15,0.175,0.2,0.225,0.25,0.275,0.3,0.325,0.35,0.375,0.4,0.425,0.45,0.475,0.5,0.525,0.55,0.575,0.6,0.625,0.65,0.675,0.7,0.725,0.75,0.775,0.8,0.825,0.85,0.875,0.9,0.925,0.95,0.975,1.0]",5d5c127b31ef9758b53a5386f0f5025b26dfa1a9da81a7183b1a4ae0e072470c
60,6,6,3,1.6,0,50,50,41,"[0.0,0.025,0.05,0.075,0.1,0.125,0.15,0.175,0.2,0.225,0.25,0.275,0.3,0.325,0.35,0.375,0.4,0.425,0.45,0.475,0.5,0.525,0.55,0.575,0.6,0.625,0.65,0.675,0.7,0.725,0.75,0.775,0.8,0.825,0.85,0.875,0.9,0.925,0.95,0.975,1.0]",50f1cfdb2735a4370af0c2965f72b3f4928bbe732640705fe61c848a6e99c6c3
61,6,6,3,1.6,50,100,50,41,"[0.0,0.025,0.05,0.075,0.1,0.125,0.15,0.175,0.2,0.225,0.25,0.275,0.3,0.325,0.35,0.375,0.4,0.425,0.45,0.475,0.5,0.525,0.55,0.575,0.6,0.625,0.65,0.675,0.7,0.725,0.75,0.775,0.8,0.825,0.85,0.875,0.9,0.925,0.95,0.975,1.0]",50f1cfdb2735a4370af0c2965f72b3f4928bbe732640705fe61c848a6e99c6c3
62,6,6,3,1.6,100,150,50,41,"[0.0,0.025,0.05,0.075,0.1,0.125,0.15,0.175,0.2,0.225,0.25,0.275,0.3,0.325,0.35,0.375,0.4,0.425,0.45,0.475,0.5,0.525,0.55,0.575,0.6,0.625,0.65,0.675,0.7,0.725,0.75,0.775,0.8,0.825,0.85,0.875,0.9,0.925,0.95,0.975,1.0]",50f1cfdb2735a4370af0c2965f72b3f4928bbe732640705fe61c848a6e99c6c3
63,6,6,3,1.6,150,200,50,41,"[0.0,0.025,0.05,0.075,0.1,0.125,0.15,0.175,0.2,0.225,0.25,0.275,0.3,0.325,0.35,0.375,0.4,0.425,0.45,0.475,0.5,0.525,0.55,0.575,0.6,0.625,0.65,0.675,0.7,0.725,0.75,0.775,0.8,0.825,0.85,0.875,0.9,0.925,0.95,0.975,1.0]",50f1cfdb2735a4370af0c2965f72b3f4928bbe732640705fe61c848a6e99c6c3
64,6,6,3,1.7,0,50,50,41,"[0.0,0.025,0.05,0.075,0.1,0.125,0.15,0.175,0.2,0.225,0.25,0.275,0.3,0.325,0.35,0.375,0.4,0.425,0.45,0.475,0.5,0.525,0.55,0.575,0.6,0.625,0.65,0.675,0.7,0.725,0.75,0.775,0.8,0.825,0.85,0.875,0.9,0.925,0.95,0.975,1.0]",54864a61072e603edffddbc408dac15f97a3b4b550b6f8429e838db793de4e70
65,6,6,3,1.7,50,100,50,41,"[0.0,0.025,0.05,0.075,0.1,0.125,0.15,0.175,0.2,0.225,0.25,0.275,0.3,0.325,0.35,0.375,0.4,0.425,0.45,0.475,0.5,0.525,0.55,0.575,0.6,0.625,0.65,0.675,0.7,0.725,0.75,0.775,0.8,0.825,0.85,0.875,0.9,0.925,0.95,0.975,1.0]",54864a61072e603edffddbc408dac15f97a3b4b550b6f8429e838db793de4e70
66,6,6,3,1.7,100,150,50,41,"[0.0,0.025,0.05,0.075,0.1,0.125,0.15,0.175,0.2,0.225,0.25,0.275,0.3,0.325,0.35,0.375,0.4,0.425,0.45,0.475,0.5,0.525,0.55,0.575,0.6,0.625,0.65,0.675,0.7,0.725,0.75,0.775,0.8,0.825,0.85,0.875,0.9,0.925,0.95,0.975,1.0]",54864a61072e603edffddbc408dac15f97a3b4b550b6f8429e838db793de4e70
67,6,6,3,1.7,150,200,50,41,"[0.0,0.025,0.05,0.075,0.1,0.125,0.15,0.175,0.2,0.225,0.25,0.275,0.3,0.325,0.35,0.375,0.4,0.425,0.45,0.475,0.5,0.525,0.55,0.575,0.6,0.625,0.65,0.675,0.7,0.725,0.75,0.775,0.8,0.825,0.85,0.875,0.9,0.925,0.95,0.975,1.0]",54864a61072e603edffddbc408dac15f97a3b4b550b6f8429e838db793de4e70
68,6,6,3,1.8,0,50,50,41,"[0.0,0.025,0.05,0.075,0.1,0.125,0.15,0.175,0.2,0.225,0.25,0.275,0.3,0.325,0.35,0.375,0.4,0.425,0.45,0.475,0.5,0.525,0.55,0.575,0.6,0.625,0.65,0.675,0.7,0.725,0.75,0.775,0.8,0.825,0.85,0.875,0.9,0.925,0.95,0.975,1.0]",3a975a6014f0cd6c6d99861c7f6beba24ac27260157edb221e4981b7ca4f1e31
69,6,6,3,1.8,50,100,50,41,"[0.0,0.025,0.05,0.075,0.1,0.125,0.15,0.175,0.2,0.225,0.25,0.275,0.3,0.325,0.35,0.375,0.4,0.425,0.45,0.475,0.5,0.525,0.55,0.575,0.6,0.625,0.65,0.675,0.7,0.725,0.75,0.775,0.8,0.825,0.85,0.875,0.9,0.925,0.95,0.975,1.0]",3a975a6014f0cd6c6d99861c7f6beba24ac27260157edb221e4981b7ca4f1e31
70,6,6,3,1.8,100,150,50,41,"[0.0,0.025,0.05,0.075,0.1,0.125,0.15,0.175,0.2,0.225,0.25,0.275,0.3,0.325,0.35,0.375,0.4,0.425,0.45,0.475,0.5,0.525,0.55,0.575,0.6,0.625,0.65,0.675,0.7,0.725,0.75,0.775,0.8,0.825,0.85,0.875,0.9,0.925,0.95,0.975,1.0]",3a975a6014f0cd6c6d99861c7f6beba24ac27260157edb221e4981b7ca4f1e31
71,6,6,3,1.8,150,200,50,41,"[0.0,0.025,0.05,0.075,0.1,0.125,0.15,0.175,0.2,0.225,0.25,0.275,0.3,0.325,0.35,0.375,0.4,0.425,0.45,0.475,0.5,0.525,0.55,0.575,0.6,0.625,0.65,0.675,0.7,0.725,0.75,0.775,0.8,0.825,0.85,0.875,0.9,0.925,0.95,0.975,1.0]",3a975a6014f0cd6c6d99861c7f6beba24ac27260157edb221e4981b7ca4f1e31
72,6,6,3,1.9,0,50,50,41,"[0.0,0.025,0.05,0.075,0.1,0.125,0.15,0.175,0.2,0.225,0.25,0.275,0.3,0.325,0.35,0.375,0.4,0.425,0.45,0.475,0.5,0.525,0.55,0.575,0.6,0.625,0.65,0.675,0.7,0.725,0.75,0.775,0.8,0.825,0.85,0.875,0.9,0.925,0.95,0.975,1.0]",d434d1c3be9056d4adca9f224e602573fa2adb6c703513c5ba6a863a7f559a2d
73,6,6,3,1.9,50,100,50,41,"[0.0,0.025,0.05,0.075,0.1,0.125,0.15,0.175,0.2,0.225,0.25,0.275,0.3,0.325,0.35,0.375,0.4,0.425,0.45,0.475,0.5,0.525,0.55,0.575,0.6,0.625,0.65,0.675,0.7,0.725,0.75,0.775,0.8,0.825,0.85,0.875,0.9,0.925,0.95,0.975,1.0]",d434d1c3be9056d4adca9f224e602573fa2adb6c703513c5ba6a863a7f559a2d
74,6,6,3,1.9,100,150,50,41,"[0.0,0.025,0.05,0.075,0.1,0.125,0.15,0.175,0.2,0.225,0.25,0.275,0.3,0.325,0.35,0.375,0.4,0.425,0.45,0.475,0.5,0.525,0.55,0.575,0.6,0.625,0.65,0.675,0.7,0.725,0.75,0.775,0.8,0.825,0.85,0.875,0.9,0.925,0.95,0.975,1.0]",d434d1c3be9056d4adca9f224e602573fa2adb6c703513c5ba6a863a7f559a2d
75,6,6,3,1.9,150,200,50,41,"[0.0,0.025,0.05,0.075,0.1,0.125,0.15,0.175,0.2,0.225,0.25,0.275,0.3,0.325,0.35,0.375,0.4,0.425,0.45,0.475,0.5,0.525,0.55,0.575,0.6,0.625,0.65,0.675,0.7,0.725,0.75,0.775,0.8,0.825,0.85,0.875,0.9,0.925,0.95,0.975,1.0]",d434d1c3be9056d4adca9f224e602573fa2adb6c703513c5ba6a863a7f559a2d
76,6,6,3,2.0,0,50,50,41,"[0.0,0.025,0.05,0.075,0.1,0.125,0.15,0.175,0.2,0.225,0.25,0.275,0.3,0.325,0.35,0.375,0.4,0.425,0.45,0.475,0.5,0.525,0.55,0.575,0.6,0.625,0.65,0.675,0.7,0.725,0.75,0.775,0.8,0.825,0.85,0.875,0.9,0.925,0.95,0.975,1.0]",e01bcba4deee321a14364c6bfd1e817002deb6f5bdca58246ebadb4700cd5041
77,6,6,3,2.0,50,100,50,41,"[0.0,0.025,0.05,0.075,0.1,0.125,0.15,0.175,0.2,0.225,0.25,0.275,0.3,0.325,0.35,0.375,0.4,0.425,0.45,0.475,0.5,0.525,0.55,0.575,0.6,0.625,0.65,0.675,0.7,0.725,0.75,0.775,0.8,0.825,0.85,0.875,0.9,0.925,0.95,0.975,1.0]",e01bcba4deee321a14364c6bfd1e817002deb6f5bdca58246ebadb4700cd5041
78,6,6,3,2.0,100,150,50,41,"[0.0,0.025,0.05,0.075,0.1,0.125,0.15,0.175,0.2,0.225,0.25,0.275,0.3,0.325,0.35,0.375,0.4,0.425,0.45,0.475,0.5,0.525,0.55,0.575,0.6,0.625,0.65,0.675,0.7,0.725,0.75,0.775,0.8,0.825,0.85,0.875,0.9,0.925,0.95,0.975,1.0]",e01bcba4deee321a14364c6bfd1e817002deb6f5bdca58246ebadb4700cd5041
79,6,6,3,2.0,150,200,50,41,"[0.0,0.025,0.05,0.075,0.1,0.125,0.15,0.175,0.2,0.225,0.25,0.275,0.3,0.325,0.35,0.375,0.4,0.425,0.45,0.475,0.5,0.525,0.55,0.575,0.6,0.625,0.65,0.675,0.7,0.725,0.75,0.775,0.8,0.825,0.85,0.875,0.9,0.925,0.95,0.975,1.0]",e01bcba4deee321a14364c6bfd1e817002deb6f5bdca58246ebadb4700cd5041
80,6,6,3,2.1,0,50,50,41,"[0.0,0.025,0.05,0.075,0.1,0.125,0.15,0.175,0.2,0.225,0.25,0.275,0.3,0.325,0.35,0.375,0.4,0.425,0.45,0.475,0.5,0.525,0.55,0.575,0.6,0.625,0.65,0.675,0.7,0.725,0.75,0.775,0.8,0.825,0.85,0.875,0.9,0.925,0.95,0.975,1.0]",fad360eaeffecab78871a79e5286dc195268bcecc9a82ae08848480c5637a3fd
81,6,6,3,2.1,50,100,50,41,"[0.0,0.025,0.05,0.075,0.1,0.125,0.15,0.175,0.2,0.225,0.25,0.275,0.3,0.325,0.35,0.375,0.4,0.425,0.45,0.475,0.5,0.525,0.55,0.575,0.6,0.625,0.65,0.675,0.7,0.725,0.75,0.775,0.8,0.825,0.85,0.875,0.9,0.925,0.95,0.975,1.0]",fad360eaeffecab78871a79e5286dc195268bcecc9a82ae08848480c5637a3fd
82,6,6,3,2.1,100,150,50,41,"[0.0,0.025,0.05,0.075,0.1,0.125,0.15,0.175,0.2,0.225,0.25,0.275,0.3,0.325,0.35,0.375,0.4,0.425,0.45,0.475,0.5,0.525,0.55,0.575,0.6,0.625,0.65,0.675,0.7,0.725,0.75,0.775,0.8,0.825,0.85,0.875,0.9,0.925,0.95,0.975,1.0]",fad360eaeffecab78871a79e5286dc195268bcecc9a82ae08848480c5637a3fd
83,6,6,3,2.1,150,200,50,41,"[0.0,0.025,0.05,0.075,0.1,0.125,0.15,0.175,0.2,0.225,0.25,0.275,0.3,0.325,0.35,0.375,0.4,0.425,0.45,0.475,0.5,0.525,0.55,0.575,0.6,0.625,0.65,0.675,0.7,0.725,0.75,0.775,0.8,0.825,0.85,0.875,0.9,0.925,0.95,0.975,1.0]",fad360eaeffecab78871a79e5286dc195268bcecc9a82ae08848480c5637a3fd
84,6,6,3,2.2,0,50,50,41,"[0.0,0.025,0.05,0.075,0.1,0.125,0.15,0.175,0.2,0.225,0.25,0.275,0.3,0.325,0.35,0.375,0.4,0.425,0.45,0.475,0.5,0.525,0.55,0.575,0.6,0.625,0.65,0.675,0.7,0.725,0.75,0.775,0.8,0.825,0.85,0.875,0.9,0.925,0.95,0.975,1.0]",2d81a153ab66c1921b4c373407eef819507a0eb6fda56cd3a3108427fb5340bf
85,6,6,3,2.2,50,100,50,41,"[0.0,0.025,0.05,0.075,0.1,0.125,0.15,0.175,0.2,0.225,0.25,0.275,0.3,0.325,0.35,0.375,0.4,0.425,0.45,0.475,0.5,0.525,0.55,0.575,0.6,0.625,0.65,0.675,0.7,0.725,0.75,0.775,0.8,0.825,0.85,0.875,0.9,0.925,0.95,0.975,1.0]",2d81a153ab66c1921b4c373407eef819507a0eb6fda56cd3a3108427fb5340bf
86,6,6,3,2.2,100,150,50,41,"[0.0,0.025,0.05,0.075,0.1,0.125,0.15,0.175,0.2,0.225,0.25,0.275,0.3,0.325,0.35,0.375,0.4,0.425,0.45,0.475,0.5,0.525,0.55,0.575,0.6,0.625,0.65,0.675,0.7,0.725,0.75,0.775,0.8,0.825,0.85,0.875,0.9,0.925,0.95,0.975,1.0]",2d81a153ab66c1921b4c373407eef819507a0eb6fda56cd3a3108427fb5340bf
87,6,6,3,2.2,150,200,50,41,"[0.0,0.025,0.05,0.075,0.1,0.125,0.15,0.175,0.2,0.225,0.25,0.275,0.3,0.325,0.35,0.375,0.4,0.425,0.45,0.475,0.5,0.525,0.55,0.575,0.6,0.625,0.65,0.675,0.7,0.725,0.75,0.775,0.8,0.825,0.85,0.875,0.9,0.925,0.95,0.975,1.0]",2d81a153ab66c1921b4c373407eef819507a0eb6fda56cd3a3108427fb5340bf
88,6,6,3,2.3,0,50,50,41,"[0.0,0.025,0.05,0.075,0.1,0.125,0.15,0.175,0.2,0.225,0.25,0.275,0.3,0.325,0.35,0.375,0.4,0.425,0.45,0.475,0.5,0.525,0.55,0.575,0.6,0.625,0.65,0.675,0.7,0.725,0.75,0.775,0.8,0.825,0.85,0.875,0.9,0.925,0.95,0.975,1.0]",48a49f9a91efefefb4a57548b53d94e10e73d65f0b937aad4a36eed96c68d647
89,6,6,3,2.3,50,100,50,41,"[0.0,0.025,0.05,0.075,0.1,0.125,0.15,0.175,0.2,0.225,0.25,0.275,0.3,0.325,0.35,0.375,0.4,0.425,0.45,0.475,0.5,0.525,0.55,0.575,0.6,0.625,0.65,0.675,0.7,0.725,0.75,0.775,0.8,0.825,0.85,0.875,0.9,0.925,0.95,0.975,1.0]",48a49f9a91efefefb4a57548b53d94e10e73d65f0b937aad4a36eed96c68d647
90,6,6,3,2.3,100,150,50,41,"[0.0,0.025,0.05,0.075,0.1,0.125,0.15,0.175,0.2,0.225,0.25,0.275,0.3,0.325,0.35,0.375,0.4,0.425,0.45,0.475,0.5,0.525,0.55,0.575,0.6,0.625,0.65,0.675,0.7,0.725,0.75,0.775,0.8,0.825,0.85,0.875,0.9,0.925,0.95,0.975,1.0]",48a49f9a91efefefb4a57548b53d94e10e73d65f0b937aad4a36eed96c68d647
91,6,6,3,2.3,150,200,50,41,"[0.0,0.025,0.05,0.075,0.1,0.125,0.15,0.175,0.2,0.225,0.25,0.275,0.3,0.325,0.35,0.375,0.4,0.425,0.45,0.475,0.5,0.525,0.55,0.575,0.6,0.625,0.65,0.675,0.7,0.725,0.75,0.775,0.8,0.825,0.85,0.875,0.9,0.925,0.95,0.975,1.0]",48a49f9a91efefefb4a57548b53d94e10e73d65f0b937aad4a36eed96c68d647
92,6,6,3,2.4,0,50,50,41,"[0.0,0.025,0.05,0.075,0.1,0.125,0.15,0.175,0.2,0.225,0.25,0.275,0.3,0.325,0.35,0.375,0.4,0.425,0.45,0.475,0.5,0.525,0.55,0.575,0.6,0.625,0.65,0.675,0.7,0.725,0.75,0.775,0.8,0.825,0.85,0.875,0.9,0.925,0.95,0.975,1.0]",c7679c54d5ee9409cb5c636d96eddb19df37190c647cf7772134fd48d79d037b
93,6,6,3,2.4,50,100,50,41,"[0.0,0.025,0.05,0.075,0.1,0.125,0.15,0.175,0.2,0.225,0.25,0.275,0.3,0.325,0.35,0.375,0.4,0.425,0.45,0.475,0.5,0.525,0.55,0.575,0.6,0.625,0.65,0.675,0.7,0.725,0.75,0.775,0.8,0.825,0.85,0.875,0.9,0.925,0.95,0.975,1.0]",c7679c54d5ee9409cb5c636d96eddb19df37190c647cf7772134fd48d79d037b
94,6,6,3,2.4,100,150,50,41,"[0.0,0.025,0.05,0.075,0.1,0.125,0.15,0.175,0.2,0.225,0.25,0.275,0.3,0.325,0.35,0.375,0.4,0.425,0.45,0.475,0.5,0.525,0.55,0.575,0.6,0.625,0.65,0.675,0.7,0.725,0.75,0.775,0.8,0.825,0.85,0.875,0.9,0.925,0.95,0.975,1.0]",c7679c54d5ee9409cb5c636d96eddb19df37190c647cf7772134fd48d79d037b
95,6,6,3,2.4,150,200,50,41,"[0.0,0.025,0.05,0.075,0.1,0.125,0.15,0.175,0.2,0.225,0.25,0.275,0.3,0.325,0.35,0.375,0.4,0.425,0.45,0.475,0.5,0.525,0.55,0.575,0.6,0.625,0.65,0.675,0.7,0.725,0.75,0.775,0.8,0.825,0.85,0.875,0.9,0.925,0.95,0.975,1.0]",c7679c54d5ee9409cb5c636d96eddb19df37190c647cf7772134fd48d79d037b
96,6,6,3,2.5,0,50,50,41,"[0.0,0.025,0.05,0.075,0.1,0.125,0.15,0.175,0.2,0.225,0.25,0.275,0.3,0.325,0.35,0.375,0.4,0.425,0.45,0.475,0.5,0.525,0.55,0.575,0.6,0.625,0.65,0.675,0.7,0.725,0.75,0.775,0.8,0.825,0.85,0.875,0.9,0.925,0.95,0.975,1.0]",60c0360e1c43fbad8f97ca4bcd4d37cf316b0724fe8e57418d2ec3195fcaf412
97,6,6,3,2.5,50,100,50,41,"[0.0,0.025,0.05,0.075,0.1,0.125,0.15,0.175,0.2,0.225,0.25,0.275,0.3,0.325,0.35,0.375,0.4,0.425,0.45,0.475,0.5,0.525,0.55,0.575,0.6,0.625,0.65,0.675,0.7,0.725,0.75,0.775,0.8,0.825,0.85,0.875,0.9,0.925,0.95,0.975,1.0]",60c0360e1c43fbad8f97ca4bcd4d37cf316b0724fe8e57418d2ec3195fcaf412
98,6,6,3,2.5,100,150,50,41,"[0.0,0.025,0.05,0.075,0.1,0.125,0.15,0.175,0.2,0.225,0.25,0.275,0.3,0.325,0.35,0.375,0.4,0.425,0.45,0.475,0.5,0.525,0.55,0.575,0.6,0.625,0.65,0.675,0.7,0.725,0.75,0.775,0.8,0.825,0.85,0.875,0.9,0.925,0.95,0.975,1.0]",60c0360e1c43fbad8f97ca4bcd4d37cf316b0724fe8e57418d2ec3195fcaf412
99,6,6,3,2.5,150,200,50,41,"[0.0,0.025,0.05,0.075,0.1,0.125,0.15,0.175,0.2,0.225,0.25,0.275,0.3,0.325,0.35,0.375,0.4,0.425,0.45,0.475,0.5,0.525,0.55,0.575,0.6,0.625,0.65,0.675,0.7,0.725,0.75,0.775,0.8,0.825,0.85,0.875,0.9,0.925,0.95,0.975,1.0]",60c0360e1c43fbad8f97ca4bcd4d37cf316b0724fe8e57418d2ec3195fcaf412
100,6,6,4,0.1,0,50,50,41,"[0.0,0.025,0.05,0.075,0.1,0.125,0.15,0.175,0.2,0.225,0.25,0.275,0.3,0.325,0.35,0.375,0.4,0.425,0.45,0.475,0.5,0.525,0.55,0.575,0.6,0.625,0.65,0.675,0.7,0.725,0.75,0.775,0.8,0.825,0.85,0.875,0.9,0.925,0.95,0.975,1.0]",a5b03b20e4b7844b3bfcb3956c51388bba495058d8cd5cbe696cad0868a08942
101,6,6,4,0.1,50,100,50,41,"[0.0,0.025,0.05,0.075,0.1,0.125,0.15,0.175,0.2,0.225,0.25,0.275,0.3,0.325,0.35,0.375,0.4,0.425,0.45,0.475,0.5,0.525,0.55,0.575,0.6,0.625,0.65,0.675,0.7,0.725,0.75,0.775,0.8,0.825,0.85,0.875,0.9,0.925,0.95,0.975,1.0]",a5b03b20e4b7844b3bfcb3956c51388bba495058d8cd5cbe696cad0868a08942
102,6,6,4,0.1,100,150,50,41,"[0.0,0.025,0.05,0.075,0.1,0.125,0.15,0.175,0.2,0.225,0.25,0.275,0.3,0.325,0.35,0.375,0.4,0.425,0.45,0.475,0.5,0.525,0.55,0.575,0.6,0.625,0.65,0.675,0.7,0.725,0.75,0.775,0.8,0.825,0.85,0.875,0.9,0.925,0.95,0.975,1.0]",a5b03b20e4b7844b3bfcb3956c51388bba495058d8cd5cbe696cad0868a08942
103,6,6,4,0.1,150,200,50,41,"[0.0,0.025,0.05,0.075,0.1,0.125,0.15,0.175,0.2,0.225,0.25,0.275,0.3,0.325,0.35,0.375,0.4,0.425,0.45,0.475,0.5,0.525,0.55,0.575,0.6,0.625,0.65,0.675,0.7,0.725,0.75,0.775,0.8,0.825,0.85,0.875,0.9,0.925,0.95,0.975,1.0]",a5b03b20e4b7844b3bfcb3956c51388bba495058d8cd5cbe696cad0868a08942
104,6,6,4,0.2,0,50,50,41,"[0.0,0.025,0.05,0.075,0.1,0.125,0.15,0.175,0.2,0.225,0.25,0.275,0.3,0.325,0.35,0.375,0.4,0.425,0.45,0.475,0.5,0.525,0.55,0.575,0.6,0.625,0.65,0.675,0.7,0.725,0.75,0.775,0.8,0.825,0.85,0.875,0.9,0.925,0.95,0.975,1.0]",2ab84cc7f98beb08676f42e21684985ae8cfbb8c2f6f4a1039203e7f21eca021
105,6,6,4,0.2,50,100,50,41,"[0.0,0.025,0.05,0.075,0.1,0.125,0.15,0.175,0.2,0.225,0.25,0.275,0.3,0.325,0.35,0.375,0.4,0.425,0.45,0.475,0.5,0.525,0.55,0.575,0.6,0.625,0.65,0.675,0.7,0.725,0.75,0.775,0.8,0.825,0.85,0.875,0.9,0.925,0.95,0.975,1.0]",2ab84cc7f98beb08676f42e21684985ae8cfbb8c2f6f4a1039203e7f21eca021
106,6,6,4,0.2,100,150,50,41,"[0.0,0.025,0.05,0.075,0.1,0.125,0.15,0.175,0.2,0.225,0.25,0.275,0.3,0.325,0.35,0.375,0.4,0.425,0.45,0.475,0.5,0.525,0.55,0.575,0.6,0.625,0.65,0.675,0.7,0.725,0.75,0.775,0.8,0.825,0.85,0.875,0.9,0.925,0.95,0.975,1.0]",2ab84cc7f98beb08676f42e21684985ae8cfbb8c2f6f4a1039203e7f21eca021
107,6,6,4,0.2,150,200,50,41,"[0.0,0.025,0.05,0.075,0.1,0.125,0.15,0.175,0.2,0.225,0.25,0.275,0.3,0.325,0.35,0.375,0.4,0.425,0.45,0.475,0.5,0.525,0.55,0.575,0.6,0.625,0.65,0.675,0.7,0.725,0.75,0.775,0.8,0.825,0.85,0.875,0.9,0.925,0.95,0.975,1.0]",2ab84cc7f98beb08676f42e21684985ae8cfbb8c2f6f4a1039203e7f21eca021
108,6,6,4,0.3,0,50,50,41,"[0.0,0.025,0.05,0.075,0.1,0.125,0.15,0.175,0.2,0.225,0.25,0.275,0.3,0.325,0.35,0.375,0.4,0.425,0.45,0.475,0.5,0.525,0.55,0.575,0.6,0.625,0.65,0.675,0.7,0.725,0.75,0.775,0.8,0.825,0.85,0.875,0.9,0.925,0.95,0.975,1.0]",828c2d058186e065030e1d3d3aff9232f43c22e059c20dedd9f3b18a118d78e9
109,6,6,4,0.3,50,100,50,41,"[0.0,0.025,0.05,0.075,0.1,0.125,0.15,0.175,0.2,0.225,0.25,0.275,0.3,0.325,0.35,0.375,0.4,0.425,0.45,0.475,0.5,0.525,0.55,0.575,0.6,0.625,0.65,0.675,0.7,0.725,0.75,0.775,0.8,0.825,0.85,0.875,0.9,0.925,0.95,0.975,1.0]",828c2d058186e065030e1d3d3aff9232f43c22e059c20dedd9f3b18a118d78e9
110,6,6,4,0.3,100,150,50,41,"[0.0,0.025,0.05,0.075,0.1,0.125,0.15,0.175,0.2,0.225,0.25,0.275,0.3,0.325,0.35,0.375,0.4,0.425,0.45,0.475,0.5,0.525,0.55,0.575,0.6,0.625,0.65,0.675,0.7,0.725,0.75,0.775,0.8,0.825,0.85,0.875,0.9,0.925,0.95,0.975,1.0]",828c2d058186e065030e1d3d3aff9232f43c22e059c20dedd9f3b18a118d78e9
111,6,6,4,0.3,150,200,50,41,"[0.0,0.025,0.05,0.075,0.1,0.125,0.15,0.175,0.2,0.225,0.25,0.275,0.3,0.325,0.35,0.375,0.4,0.425,0.45,0.475,0.5,0.525,0.55,0.575,0.6,0.625,0.65,0.675,0.7,0.725,0.75,0.775,0.8,0.825,0.85,0.875,0.9,0.925,0.95,0.975,1.0]",828c2d058186e065030e1d3d3aff9232f43c22e059c20dedd9f3b18a118d78e9
112,6,6,4,0.4,0,50,50,41,"[0.0,0.025,0.05,0.075,0.1,0.125,0.15,0.175,0.2,0.225,0.25,0.275,0.3,0.325,0.35,0.375,0.4,0.425,0.45,0.475,0.5,0.525,0.55,0.575,0.6,0.625,0.65,0.675,0.7,0.725,0.75,0.775,0.8,0.825,0.85,0.875,0.9,0.925,0.95,0.975,1.0]",3c7d38ccd60171c22cf828f8d1ca1feae66d32f7b4cf343e24ffb0eb30afb236
113,6,6,4,0.4,50,100,50,41,"[0.0,0.025,0.05,0.075,0.1,0.125,0.15,0.175,0.2,0.225,0.25,0.275,0.3,0.325,0.35,0.375,0.4,0.425,0.45,0.475,0.5,0.525,0.55,0.575,0.6,0.625,0.65,0.675,0.7,0.725,0.75,0.775,0.8,0.825,0.85,0.875,0.9,0.925,0.95,0.975,1.0]",3c7d38ccd60171c22cf828f8d1ca1feae66d32f7b4cf343e24ffb0eb30afb236
114,6,6,4,0.4,100,150,50,41,"[0.0,0.025,0.05,0.075,0.1,0.125,0.15,0.175,0.2,0.225,0.25,0.275,0.3,0.325,0.35,0.375,0.4,0.425,0.45,0.475,0.5,0.525,0.55,0.575,0.6,0.625,0.65,0.675,0.7,0.725,0.75,0.775,0.8,0.825,0.85,0.875,0.9,0.925,0.95,0.975,1.0]",3c7d38ccd60171c22cf828f8d1ca1feae66d32f7b4cf343e24ffb0eb30afb236
115,6,6,4,0.4,150,200,50,41,"[0.0,0.025,0.05,0.075,0.1,0.125,0.15,0.175,0.2,0.225,0.25,0.275,0.3,0.325,0.35,0.375,0.4,0.425,0.45,0.475,0.5,0.525,0.55,0.575,0.6,0.625,0.65,0.675,0.7,0.725,0.75,0.775,0.8,0.825,0.85,0.875,0.9,0.925,0.95,0.975,1.0]",3c7d38ccd60171c22cf828f8d1ca1feae66d32f7b4cf343e24ffb0eb30afb236
116,6,6,4,0.5,0,50,50,41,"[0.0,0.025,0.05,0.075,0.1,0.125,0.15,0.175,0.2,0.225,0.25,0.275,0.3,0.325,0.35,0.375,0.4,0.425,0.45,0.475,0.5,0.525,0.55,0.575,0.6,0.625,0.65,0.675,0.7,0.725,0.75,0.775,0.8,0.825,0.85,0.875,0.9,0.925,0.95,0.975,1.0]",175e823345d39dcb381b98e04a03203e605218cefed9bf99862461f0c5c2dbd9
117,6,6,4,0.5,50,100,50,41,"[0.0,0.025,0.05,0.075,0.1,0.125,0.15,0.175,0.2,0.225,0.25,0.275,0.3,0.325,0.35,0.375,0.4,0.425,0.45,0.475,0.5,0.525,0.55,0.575,0.6,0.625,0.65,0.675,0.7,0.725,0.75,0.775,0.8,0.825,0.85,0.875,0.9,0.925,0.95,0.975,1.0]",175e823345d39dcb381b98e04a03203e605218cefed9bf99862461f0c5c2dbd9
118,6,6,4,0.5,100,150,50,41,"[0.0,0.025,0.05,0.075,0.1,0.125,0.15,0.175,0.2,0.225,0.25,0.275,0.3,0.325,0.35,0.375,0.4,0.425,0.45,0.475,0.5,0.525,0.55,0.575,0.6,0.625,0.65,0.675,0.7,0.725,0.75,0.775,0.8,0.825,0.85,0.875,0.9,0.925,0.95,0.975,1.0]",175e823345d39dcb381b98e04a03203e605218cefed9bf99862461f0c5c2dbd9
119,6,6,4,0.5,150,200,50,41,"[0.0,0.025,0.05,0.075,0.1,0.125,0.15,0.175,0.2,0.225,0.25,0.275,0.3,0.325,0.35,0.375,0.4,0.425,0.45,0.475,0.5,0.525,0.55,0.575,0.6,0.625,0.65,0.675,0.7,0.725,0.75,0.775,0.8,0.825,0.85,0.875,0.9,0.925,0.95,0.975,1.0]",175e823345d39dcb381b98e04a03203e605218cefed9bf99862461f0c5c2dbd9
120,6,6,4,0.6,0,50,50,41,"[0.0,0.025,0.05,0.075,0.1,0.125,0.15,0.175,0.2,0.225,0.25,0.275,0.3,0.325,0.35,0.375,0.4,0.425,0.45,0.475,0.5,0.525,0.55,0.575,0.6,0.625,0.65,0.675,0.7,0.725,0.75,0.775,0.8,0.825,0.85,0.875,0.9,0.925,0.95,0.975,1.0]",adfed782c6e883a8204f1938f534b351dae8fa792067c0d9924f5c885867b06b
121,6,6,4,0.6,50,100,50,41,"[0.0,0.025,0.05,0.075,0.1,0.125,0.15,0.175,0.2,0.225,0.25,0.275,0.3,0.325,0.35,0.375,0.4,0.425,0.45,0.475,0.5,0.525,0.55,0.575,0.6,0.625,0.65,0.675,0.7,0.725,0.75,0.775,0.8,0.825,0.85,0.875,0.9,0.925,0.95,0.975,1.0]",adfed782c6e883a8204f1938f534b351dae8fa792067c0d9924f5c885867b06b
122,6,6,4,0.6,100,150,50,41,"[0.0,0.025,0.05,0.075,0.1,0.125,0.15,0.175,0.2,0.225,0.25,0.275,0.3,0.325,0.35,0.375,0.4,0.425,0.45,0.475,0.5,0.525,0.55,0.575,0.6,0.625,0.65,0.675,0.7,0.725,0.75,0.775,0.8,0.825,0.85,0.875,0.9,0.925,0.95,0.975,1.0]",adfed782c6e883a8204f1938f534b351dae8fa792067c0d9924f5c885867b06b
123,6,6,4,0.6,150,200,50,41,"[0.0,0.025,0.05,0.075,0.1,0.125,0.15,0.175,0.2,0.225,0.25,0.275,0.3,0.325,0.35,0.375,0.4,0.425,0.45,0.475,0.5,0.525,0.55,0.575,0.6,0.625,0.65,0.675,0.7,0.725,0.75,0.775,0.8,0.825,0.85,0.875,0.9,0.925,0.95,0.975,1.0]",adfed782c6e883a8204f1938f534b351dae8fa792067c0d9924f5c885867b06b
124,6,6,4,0.7,0,50,50,41,"[0.0,0.025,0.05,0.075,0.1,0.125,0.15,0.175,0.2,0.225,0.25,0.275,0.3,0.325,0.35,0.375,0.4,0.425,0.45,0.475,0.5,0.525,0.55,0.575,0.6,0.625,0.65,0.675,0.7,0.725,0.75,0.775,0.8,0.825,0.85,0.875,0.9,0.925,0.95,0.975,1.0]",17076c858d24e4474de4ba3312dce6a118379cc252221676b1202f680d5003da
125,6,6,4,0.7,50,100,50,41,"[0.0,0.025,0.05,0.075,0.1,0.125,0.15,0.175,0.2,0.225,0.25,0.275,0.3,0.325,0.35,0.375,0.4,0.425,0.45,0.475,0.5,0.525,0.55,0.575,0.6,0.625,0.65,0.675,0.7,0.725,0.75,0.775,0.8,0.825,0.85,0.875,0.9,0.925,0.95,0.975,1.0]",17076c858d24e4474de4ba3312dce6a118379cc252221676b1202f680d5003da
126,6,6,4,0.7,100,150,50,41,"[0.0,0.025,0.05,0.075,0.1,0.125,0.15,0.175,0.2,0.225,0.25,0.275,0.3,0.325,0.35,0.375,0.4,0.425,0.45,0.475,0.5,0.525,0.55,0.575,0.6,0.625,0.65,0.675,0.7,0.725,0.75,0.775,0.8,0.825,0.85,0.875,0.9,0.925,0.95,0.975,1.0]",17076c858d24e4474de4ba3312dce6a118379cc252221676b1202f680d5003da
127,6,6,4,0.7,150,200,50,41,"[0.0,0.025,0.05,0.075,0.1,0.125,0.15,0.175,0.2,0.225,0.25,0.275,0.3,0.325,0.35,0.375,0.4,0.425,0.45,0.475,0.5,0.525,0.55,0.575,0.6,0.625,0.65,0.675,0.7,0.725,0.75,0.775,0.8,0.825,0.85,0.875,0.9,0.925,0.95,0.975,1.0]",17076c858d24e4474de4ba3312dce6a118379cc252221676b1202f680d5003da
128,6,6,4,0.8,0,50,50,41,"[0.0,0.025,0.05,0.075,0.1,0.125,0.15,0.175,0.2,0.225,0.25,0.275,0.3,0.325,0.35,0.375,0.4,0.425,0.45,0.475,0.5,0.525,0.55,0.575,0.6,0.625,0.65,0.675,0.7,0.725,0.75,0.775,0.8,0.825,0.85,0.875,0.9,0.925,0.95,0.975,1.0]",878387659756496560b1fde95a367af5521457fb38694f3bf417e23de56ab229
129,6,6,4,0.8,50,100,50,41,"[0.0,0.025,0.05,0.075,0.1,0.125,0.15,0.175,0.2,0.225,0.25,0.275,0.3,0.325,0.35,0.375,0.4,0.425,0.45,0.475,0.5,0.525,0.55,0.575,0.6,0.625,0.65,0.675,0.7,0.725,0.75,0.775,0.8,0.825,0.85,0.875,0.9,0.925,0.95,0.975,1.0]",878387659756496560b1fde95a367af5521457fb38694f3bf417e23de56ab229
130,6,6,4,0.8,100,150,50,41,"[0.0,0.025,0.05,0.075,0.1,0.125,0.15,0.175,0.2,0.225,0.25,0.275,0.3,0.325,0.35,0.375,0.4,0.425,0.45,0.475,0.5,0.525,0.55,0.575,0.6,0.625,0.65,0.675,0.7,0.725,0.75,0.775,0.8,0.825,0.85,0.875,0.9,0.925,0.95,0.975,1.0]",878387659756496560b1fde95a367af5521457fb38694f3bf417e23de56ab229
131,6,6,4,0.8,150,200,50,41,"[0.0,0.025,0.05,0.075,0.1,0.125,0.15,0.175,0.2,0.225,0.25,0.275,0.3,0.325,0.35,0.375,0.4,0.425,0.45,0.475,0.5,0.525,0.55,0.575,0.6,0.625,0.65,0.675,0.7,0.725,0.75,0.775,0.8,0.825,0.85,0.875,0.9,0.925,0.95,0.975,1.0]",878387659756496560b1fde95a367af5521457fb38694f3bf417e23de56ab229
132,6,6,4,0.9,0,50,50,41,"[0.0,0.025,0.05,0.075,0.1,0.125,0.15,0.175,0.2,0.225,0.25,0.275,0.3,0.325,0.35,0.375,0.4,0.425,0.45,0.475,0.5,0.525,0.55,0.575,0.6,0.625,0.65,0.675,0.7,0.725,0.75,0.775,0.8,0.825,0.85,0.875,0.9,0.925,0.95,0.975,1.0]",b6c372827a4ede36afa65c891c24f42e342bacd4c998fbeb7f04846b3191ea5b
133,6,6,4,0.9,50,100,50,41,"[0.0,0.025,0.05,0.075,0.1,0.125,0.15,0.175,0.2,0.225,0.25,0.275,0.3,0.325,0.35,0.375,0.4,0.425,0.45,0.475,0.5,0.525,0.55,0.575,0.6,0.625,0.65,0.675,0.7,0.725,0.75,0.775,0.8,0.825,0.85,0.875,0.9,0.925,0.95,0.975,1.0]",b6c372827a4ede36afa65c891c24f42e342bacd4c998fbeb7f04846b3191ea5b
134,6,6,4,0.9,100,150,50,41,"[0.0,0.025,0.05,0.075,0.1,0.125,0.15,0.175,0.2,0.225,0.25,0.275,0.3,0.325,0.35,0.375,0.4,0.425,0.45,0.475,0.5,0.525,0.55,0.575,0.6,0.625,0.65,0.675,0.7,0.725,0.75,0.775,0.8,0.825,0.85,0.875,0.9,0.925,0.95,0.975,1.0]",b6c372827a4ede36afa65c891c24f42e342bacd4c998fbeb7f04846b3191ea5b
135,6,6,4,0.9,150,200,50,41,"[0.0,0.025,0.05,0.075,0.1,0.125,0.15,0.175,0.2,0.225,0.25,0.275,0.3,0.325,0.35,0.375,0.4,0.425,0.45,0.475,0.5,0.525,0.55,0.575,0.6,0.625,0.65,0.675,0.7,0.725,0.75,0.775,0.8,0.825,0.85,0.875,0.9,0.925,0.95,0.975,1.0]",b6c372827a4ede36afa65c891c24f42e342bacd4c998fbeb7f04846b3191ea5b
136,6,6,4,1.0,0,50,50,41,"[0.0,0.025,0.05,0.075,0.1,0.125,0.15,0.175,0.2,0.225,0.25,0.275,0.3,0.325,0.35,0.375,0.4,0.425,0.45,0.475,0.5,0.525,0.55,0.575,0.6,0.625,0.65,0.675,0.7,0.725,0.75,0.775,0.8,0.825,0.85,0.875,0.9,0.925,0.95,0.975,1.0]",576ddfa34571afb6d4cc71d42de2e09237da11806875e254e821ccdd7db56e91
137,6,6,4,1.0,50,100,50,41,"[0.0,0.025,0.05,0.075,0.1,0.125,0.15,0.175,0.2,0.225,0.25,0.275,0.3,0.325,0.35,0.375,0.4,0.425,0.45,0.475,0.5,0.525,0.55,0.575,0.6,0.625,0.65,0.675,0.7,0.725,0.75,0.775,0.8,0.825,0.85,0.875,0.9,0.925,0.95,0.975,1.0]",576ddfa34571afb6d4cc71d42de2e09237da11806875e254e821ccdd7db56e91
138,6,6,4,1.0,100,150,50,41,"[0.0,0.025,0.05,0.075,0.1,0.125,0.15,0.175,0.2,0.225,0.25,0.275,0.3,0.325,0.35,0.375,0.4,0.425,0.45,0.475,0.5,0.525,0.55,0.575,0.6,0.625,0.65,0.675,0.7,0.725,0.75,0.775,0.8,0.825,0.85,0.875,0.9,0.925,0.95,0.975,1.0]",576ddfa34571afb6d4cc71d42de2e09237da11806875e254e821ccdd7db56e91
139,6,6,4,1.0,150,200,50,41,"[0.0,0.025,0.05,0.075,0.1,0.125,0.15,0.175,0.2,0.225,0.25,0.275,0.3,0.325,0.35,0.375,0.4,0.425,0.45,0.475,0.5,0.525,0.55,0.575,0.6,0.625,0.65,0.675,0.7,0.725,0.75,0.775,0.8,0.825,0.85,0.875,0.9,0.925,0.95,0.975,1.0]",576ddfa34571afb6d4cc71d42de2e09237da11806875e254e821ccdd7db56e91
140,6,6,4,1.1,0,50,50,41,"[0.0,0.025,0.05,0.075,0.1,0.125,0.15,0.175,0.2,0.225,0.25,0.275,0.3,0.325,0.35,0.375,0.4,0.425,0.45,0.475,0.5,0.525,0.55,0.575,0.6,0.625,0.65,0.675,0.7,0.725,0.75,0.775,0.8,0.825,0.85,0.875,0.9,0.925,0.95,0.975,1.0]",54e05c5945cc91ae1e1ddb2dde151a09bd6d80e96c64de19714606275a93a3d2
141,6,6,4,1.1,50,100,50,41,"[0.0,0.025,0.05,0.075,0.1,0.125,0.15,0.175,0.2,0.225,0.25,0.275,0.3,0.325,0.35,0.375,0.4,0.425,0.45,0.475,0.5,0.525,0.55,0.575,0.6,0.625,0.65,0.675,0.7,0.725,0.75,0.775,0.8,0.825,0.85,0.875,0.9,0.925,0.95,0.975,1.0]",54e05c5945cc91ae1e1ddb2dde151a09bd6d80e96c64de19714606275a93a3d2
142,6,6,4,1.1,100,150,50,41,"[0.0,0.025,0.05,0.075,0.1,0.125,0.15,0.175,0.2,0.225,0.25,0.275,0.3,0.325,0.35,0.375,0.4,0.425,0.45,0.475,0.5,0.525,0.55,0.575,0.6,0.625,0.65,0.675,0.7,0.725,0.75,0.775,0.8,0.825,0.85,0.875,0.9,0.925,0.95,0.975,1.0]",54e05c5945cc91ae1e1ddb2dde151a09bd6d80e96c64de19714606275a93a3d2
143,6,6,4,1.1,150,200,50,41,"[0.0,0.025,0.05,0.075,0.1,0.125,0.15,0.175,0.2,0.225,0.25,0.275,0.3,0.325,0.35,0.375,0.4,0.425,0.45,0.475,0.5,0.525,0.55,0.575,0.6,0.625,0.65,0.675,0.7,0.725,0.75,0.775,0.8,0.825,0.85,0.875,0.9,0.925,0.95,0.975,1.0]",54e05c5945cc91ae1e1ddb2dde151a09bd6d80e96c64de19714606275a93a3d2
144,6,6,4,1.2,0,50,50,41,"[0.0,0.025,0.05,0.075,0.1,0.125,0.15,0.175,0.2,0.225,0.25,0.275,0.3,0.325,0.35,0.375,0.4,0.425,0.45,0.475,0.5,0.525,0.55,0.575,0.6,0.625,0.65,0.675,0.7,0.725,0.75,0.775,0.8,0.825,0.85,0.875,0.9,0.925,0.95,0.975,1.0]",9c2532d40198a0ab300803249b89455d368cca8fa07d4740807feaf72d94e776
145,6,6,4,1.2,50,100,50,41,"[0.0,0.025,0.05,0.075,0.1,0.125,0.15,0.175,0.2,0.225,0.25,0.275,0.3,0.325,0.35,0.375,0.4,0.425,0.45,0.475,0.5,0.525,0.55,0.575,0.6,0.625,0.65,0.675,0.7,0.725,0.75,0.775,0.8,0.825,0.85,0.875,0.9,0.925,0.95,0.975,1.0]",9c2532d40198a0ab300803249b89455d368cca8fa07d4740807feaf72d94e776
146,6,6,4,1.2,100,150,50,41,"[0.0,0.025,0.05,0.075,0.1,0.125,0.15,0.175,0.2,0.225,0.25,0.275,0.3,0.325,0.35,0.375,0.4,0.425,0.45,0.475,0.5,0.525,0.55,0.575,0.6,0.625,0.65,0.675,0.7,0.725,0.75,0.775,0.8,0.825,0.85,0.875,0.9,0.925,0.95,0.975,1.0]",9c2532d40198a0ab300803249b89455d368cca8fa07d4740807feaf72d94e776
147,6,6,4,1.2,150,200,50,41,"[0.0,0.025,0.05,0.075,0.1,0.125,0.15,0.175,0.2,0.225,0.25,0.275,0.3,0.325,0.35,0.375,0.4,0.425,0.45,0.475,0.5,0.525,0.55,0.575,0.6,0.625,0.65,0.675,0.7,0.725,0.75,0.775,0.8,0.825,0.85,0.875,0.9,0.925,0.95,0.975,1.0]",9c2532d40198a0ab300803249b89455d368cca8fa07d4740807feaf72d94e776
148,6,6,4,1.3,0,50,50,41,"[0.0,0.025,0.05,0.075,0.1,0.125,0.15,0.175,0.2,0.225,0.25,0.275,0.3,0.325,0.35,0.375,0.4,0.425,0.45,0.475,0.5,0.525,0.55,0.575,0.6,0.625,0.65,0.675,0.7,0.725,0.75,0.775,0.8,0.825,0.85,0.875,0.9,0.925,0.95,0.975,1.0]",7569f095965202fb77f596c9fd993ec8ec76ece2bcb717e37bab8c39ae48e845
149,6,6,4,1.3,50,100,50,41,"[0.0,0.025,0.05,0.075,0.1,0.125,0.15,0.175,0.2,0.225,0.25,0.275,0.3,0.325,0.35,0.375,0.4,0.425,0.45,0.475,0.5,0.525,0.55,0.575,0.6,0.625,0.65,0.675,0.7,0.725,0.75,0.775,0.8,0.825,0.85,0.875,0.9,0.925,0.95,0.975,1.0]",7569f095965202fb77f596c9fd993ec8ec76ece2bcb717e37bab8c39ae48e845
150,6,6,4,1.3,100,150,50,41,"[0.0,0.025,0.05,0.075,0.1,0.125,0.15,0.175,0.2,0.225,0.25,0.275,0.3,0.325,0.35,0.375,0.4,0.425,0.45,0.475,0.5,0.525,0.55,0.575,0.6,0.625,0.65,0.675,0.7,0.725,0.75,0.775,0.8,0.825,0.85,0.875,0.9,0.925,0.95,0.975,1.0]",7569f095965202fb77f596c9fd993ec8ec76ece2bcb717e37bab8c39ae48e845
151,6,6,4,1.3,150,200,50,41,"[0.0,0.025,0.05,0.075,0.1,0.125,0.15,0.175,0.2,0.225,0.25,0.275,0.3,0.325,0.35,0.375,0.4,0.425,0.45,0.475,0.5,0.525,0.55,0.575,0.6,0.625,0.65,0.675,0.7,0.725,0.75,0.775,0.8,0.825,0.85,0.875,0.9,0.925,0.95,0.975,1.0]",7569f095965202fb77f596c9fd993ec8ec76ece2bcb717e37bab8c39ae48e845
152,6,6,4,1.4,0,50,50,41,"[0.0,0.025,0.05,0.075,0.1,0.125,0.15,0.175,0.2,0.225,0.25,0.275,0.3,0.325,0.35,0.375,0.4,0.425,0.45,0.475,0.5,0.525,0.55,0.575,0.6,0.625,0.65,0.675,0.7,0.725,0.75,0.775,0.8,0.825,0.85,0.875,0.9,0.925,0.95,0.975,1.0]",31319d4cc24ea1d2f2daec39523eca7cd51369220ee1d36c74117760395831fb
153,6,6,4,1.4,50,100,50,41,"[0.0,0.025,0.05,0.075,0.1,0.125,0.15,0.175,0.2,0.225,0.25,0.275,0.3,0.325,0.35,0.375,0.4,0.425,0.45,0.475,0.5,0.525,0.55,0.575,0.6,0.625,0.65,0.675,0.7,0.725,0.75,0.775,0.8,0.825,0.85,0.875,0.9,0.925,0.95,0.975,1.0]",31319d4cc24ea1d2f2daec39523eca7cd51369220ee1d36c74117760395831fb
154,6,6,4,1.4,100,150,50,41,"[0.0,0.025,0.05,0.075,0.1,0.125,0.15,0.175,0.2,0.225,0.25,0.275,0.3,0.325,0.35,0.375,0.4,0.425,0.45,0.475,0.5,0.525,0.55,0.575,0.6,0.625,0.65,0.675,0.7,0.725,0.75,0.775,0.8,0.825,0.85,0.875,0.9,0.925,0.95,0.975,1.0]",31319d4cc24ea1d2f2daec39523eca7cd51369220ee1d36c74117760395831fb
155,6,6,4,1.4,150,200,50,41,"[0.0,0.025,0.05,0.075,0.1,0.125,0.15,0.175,0.2,0.225,0.25,0.275,0.3,0.325,0.35,0.375,0.4,0.425,0.45,0.475,0.5,0.525,0.55,0.575,0.6,0.625,0.65,0.675,0.7,0.725,0.75,0.775,0.8,0.825,0.85,0.875,0.9,0.925,0.95,0.975,1.0]",31319d4cc24ea1d2f2daec39523eca7cd51369220ee1d36c74117760395831fb
156,6,6,4,1.5,0,50,50,41,"[0.0,0.025,0.05,0.075,0.1,0.125,0.15,0.175,0.2,0.225,0.25,0.275,0.3,0.325,0.35,0.375,0.4,0.425,0.45,0.475,0.5,0.525,0.55,0.575,0.6,0.625,0.65,0.675,0.7,0.725,0.75,0.775,0.8,0.825,0.85,0.875,0.9,0.925,0.95,0.975,1.0]",ade7b44e6fe6e39c8033bef7a5755010f3ec24df0e7a53ff574d6d6250ab9ce2
157,6,6,4,1.5,50,100,50,41,"[0.0,0.025,0.05,0.075,0.1,0.125,0.15,0.175,0.2,0.225,0.25,0.275,0.3,0.325,0.35,0.375,0.4,0.425,0.45,0.475,0.5,0.525,0.55,0.575,0.6,0.625,0.65,0.675,0.7,0.725,0.75,0.775,0.8,0.825,0.85,0.875,0.9,0.925,0.95,0.975,1.0]",ade7b44e6fe6e39c8033bef7a5755010f3ec24df0e7a53ff574d6d6250ab9ce2
158,6,6,4,1.5,100,150,50,41,"[0.0,0.025,0.05,0.075,0.1,0.125,0.15,0.175,0.2,0.225,0.25,0.275,0.3,0.325,0.35,0.375,0.4,0.425,0.45,0.475,0.5,0.525,0.55,0.575,0.6,0.625,0.65,0.675,0.7,0.725,0.75,0.775,0.8,0.825,0.85,0.875,0.9,0.925,0.95,0.975,1.0]",ade7b44e6fe6e39c8033bef7a5755010f3ec24df0e7a53ff574d6d6250ab9ce2
159,6,6,4,1.5,150,200,50,41,"[0.0,0.025,0.05,0.075,0.1,0.125,0.15,0.175,0.2,0.225,0.25,0.275,0.3,0.325,0.35,0.375,0.4,0.425,0.45,0.475,0.5,0.525,0.55,0.575,0.6,0.625,0.65,0.675,0.7,0.725,0.75,0.775,0.8,0.825,0.85,0.875,0.9,0.925,0.95,0.975,1.0]",ade7b44e6fe6e39c8033bef7a5755010f3ec24df0e7a53ff574d6d6250ab9ce2
160,6,6,4,1.6,0,50,50,41,"[0.0,0.025,0.05,0.075,0.1,0.125,0.15,0.175,0.2,0.225,0.25,0.275,0.3,0.325,0.35,0.375,0.4,0.425,0.45,0.475,0.5,0.525,0.55,0.575,0.6,0.625,0.65,0.675,0.7,0.725,0.75,0.775,0.8,0.825,0.85,0.875,0.9,0.925,0.95,0.975,1.0]",e9ebbf4b57c653e7e2c577a3adf2273940105d1d1706a9ac4dc10ad4202693df
161,6,6,4,1.6,50,100,50,41,"[0.0,0.025,0.05,0.075,0.1,0.125,0.15,0.175,0.2,0.225,0.25,0.275,0.3,0.325,0.35,0.375,0.4,0.425,0.45,0.475,0.5,0.525,0.55,0.575,0.6,0.625,0.65,0.675,0.7,0.725,0.75,0.775,0.8,0.825,0.85,0.875,0.9,0.925,0.95,0.975,1.0]",e9ebbf4b57c653e7e2c577a3adf2273940105d1d1706a9ac4dc10ad4202693df
162,6,6,4,1.6,100,150,50,41,"[0.0,0.025,0.05,0.075,0.1,0.125,0.15,0.175,0.2,0.225,0.25,0.275,0.3,0.325,0.35,0.375,0.4,0.425,0.45,0.475,0.5,0.525,0.55,0.575,0.6,0.625,0.65,0.675,0.7,0.725,0.75,0.775,0.8,0.825,0.85,0.875,0.9,0.925,0.95,0.975,1.0]",e9ebbf4b57c653e7e2c577a3adf2273940105d1d1706a9ac4dc10ad4202693df
163,6,6,4,1.6,150,200,50,41,"[0.0,0.025,0.05,0.075,0.1,0.125,0.15,0.175,0.2,0.225,0.25,0.275,0.3,0.325,0.35,0.375,0.4,0.425,0.45,0.475,0.5,0.525,0.55,0.575,0.6,0.625,0.65,0.675,0.7,0.725,0.75,0.775,0.8,0.825,0.85,0.875,0.9,0.925,0.95,0.975,1.0]",e9ebbf4b57c653e7e2c577a3adf2273940105d1d1706a9ac4dc10ad4202693df
164,6,6,4,1.7,0,50,50,41,"[0.0,0.025,0.05,0.075,0.1,0.125,0.15,0.175,0.2,0.225,0.25,0.275,0.3,0.325,0.35,0.375,0.4,0.425,0.45,0.475,0.5,0.525,0.55,0.575,0.6,0.625,0.65,0.675,0.7,0.725,0.75,0.775,0.8,0.825,0.85,0.875,0.9,0.925,0.95,0.975,1.0]",e1835d84d4b2675577dbe9825b8277ec115d46683eac97becaada8b99850aaea
165,6,6,4,1.7,50,100,50,41,"[0.0,0.025,0.05,0.075,0.1,0.125,0.15,0.175,0.2,0.225,0.25,0.275,0.3,0.325,0.35,0.375,0.4,0.425,0.45,0.475,0.5,0.525,0.55,0.575,0.6,0.625,0.65,0.675,0.7,0.725,0.75,0.775,0.8,0.825,0.85,0.875,0.9,0.925,0.95,0.975,1.0]",e1835d84d4b2675577dbe9825b8277ec115d46683eac97becaada8b99850aaea
166,6,6,4,1.7,100,150,50,41,"[0.0,0.025,0.05,0.075,0.1,0.125,0.15,0.175,0.2,0.225,0.25,0.275,0.3,0.325,0.35,0.375,0.4,0.425,0.45,0.475,0.5,0.525,0.55,0.575,0.6,0.625,0.65,0.675,0.7,0.725,0.75,0.775,0.8,0.825,0.85,0.875,0.9,0.925,0.95,0.975,1.0]",e1835d84d4b2675577dbe9825b8277ec115d46683eac97becaada8b99850aaea
167,6,6,4,1.7,150,200,50,41,"[0.0,0.025,0.05,0.075,0.1,0.125,0.15,0.175,0.2,0.225,0.25,0.275,0.3,0.325,0.35,0.375,0.4,0.425,0.45,0.475,0.5,0.525,0.55,0.575,0.6,0.625,0.65,0.675,0.7,0.725,0.75,0.775,0.8,0.825,0.85,0.875,0.9,0.925,0.95,0.975,1.0]",e1835d84d4b2675577dbe9825b8277ec115d46683eac97becaada8b99850aaea
168,6,6,4,1.8,0,50,50,41,"[0.0,0.025,0.05,0.075,0.1,0.125,0.15,0.175,0.2,0.225,0.25,0.275,0.3,0.325,0.35,0.375,0.4,0.425,0.45,0.475,0.5,0.525,0.55,0.575,0.6,0.625,0.65,0.675,0.7,0.725,0.75,0.775,0.8,0.825,0.85,0.875,0.9,0.925,0.95,0.975,1.0]",5d3e47a586169b8144ca14655d7b3fe75bc1e89369a937bec784517bc82584ee
169,6,6,4,1.8,50,100,50,41,"[0.0,0.025,0.05,0.075,0.1,0.125,0.15,0.175,0.2,0.225,0.25,0.275,0.3,0.325,0.35,0.375,0.4,0.425,0.45,0.475,0.5,0.525,0.55,0.575,0.6,0.625,0.65,0.675,0.7,0.725,0.75,0.775,0.8,0.825,0.85,0.875,0.9,0.925,0.95,0.975,1.0]",5d3e47a586169b8144ca14655d7b3fe75bc1e89369a937bec784517bc82584ee
170,6,6,4,1.8,100,150,50,41,"[0.0,0.025,0.05,0.075,0.1,0.125,0.15,0.175,0.2,0.225,0.25,0.275,0.3,0.325,0.35,0.375,0.4,0.425,0.45,0.475,0.5,0.525,0.55,0.575,0.6,0.625,0.65,0.675,0.7,0.725,0.75,0.775,0.8,0.825,0.85,0.875,0.9,0.925,0.95,0.975,1.0]",5d3e47a586169b8144ca14655d7b3fe75bc1e89369a937bec784517bc82584ee
171,6,6,4,1.8,150,200,50,41,"[0.0,0.025,0.05,0.075,0.1,0.125,0.15,0.175,0.2,0.225,0.25,0.275,0.3,0.325,0.35,0.375,0.4,0.425,0.45,0.475,0.5,0.525,0.55,0.575,0.6,0.625,0.65,0.675,0.7,0.725,0.75,0.775,0.8,0.825,0.85,0.875,0.9,0.925,0.95,0.975,1.0]",5d3e47a586169b8144ca14655d7b3fe75bc1e89369a937bec784517bc82584ee
172,6,6,4,1.9,0,50,50,41,"[0.0,0.025,0.05,0.075,0.1,0.125,0.15,0.175,0.2,0.225,0.25,0.275,0.3,0.325,0.35,0.375,0.4,0.425,0.45,0.475,0.5,0.525,0.55,0.575,0.6,0.625,0.65,0.675,0.7,0.725,0.75,0.775,0.8,0.825,0.85,0.875,0.9,0.925,0.95,0.975,1.0]",f231e11755bc1f4ee075eaafe8e17b51aa5da6f064503f0ca57b7675db4b879b
173,6,6,4,1.9,50,100,50,41,"[0.0,0.025,0.05,0.075,0.1,0.125,0.15,0.175,0.2,0.225,0.25,0.275,0.3,0.325,0.35,0.375,0.4,0.425,0.45,0.475,0.5,0.525,0.55,0.575,0.6,0.625,0.65,0.675,0.7,0.725,0.75,0.775,0.8,0.825,0.85,0.875,0.9,0.925,0.95,0.975,1.0]",f231e11755bc1f4ee075eaafe8e17b51aa5da6f064503f0ca57b7675db4b879b
174,6,6,4,1.9,100,150,50,41,"[0.0,0.025,0.05,0.075,0.1,0.125,0.15,0.175,0.2,0.225,0.25,0.275,0.3,0.325,0.35,0.375,0.4,0.425,0.45,0.475,0.5,0.525,0.55,0.575,0.6,0.625,0.65,0.675,0.7,0.725,0.75,0.775,0.8,0.825,0.85,0.875,0.9,0.925,0.95,0.975,1.0]",f231e11755bc1f4ee075eaafe8e17b51aa5da6f064503f0ca57b7675db4b879b
175,6,6,4,1.9,150,200,50,41,"[0.0,0.025,0.05,0.075,0.1,0.125,0.15,0.175,0.2,0.225,0.25,0.275,0.3,0.325,0.35,0.375,0.4,0.425,0.45,0.475,0.5,0.525,0.55,0.575,0.6,0.625,0.65,0.675,0.7,0.725,0.75,0.775,0.8,0.825,0.85,0.875,0.9,0.925,0.95,0.975,1.0]",f231e11755bc1f4ee075eaafe8e17b51aa5da6f064503f0ca57b7675db4b879b
176,6,6,4,2.0,0,50,50,41,"[0.0,0.025,0.05,0.075,0.1,0.125,0.15,0.175,0.2,0.225,0.25,0.275,0.3,0.325,0.35,0.375,0.4,0.425,0.45,0.475,0.5,0.525,0.55,0.575,0.6,0.625,0.65,0.675,0.7,0.725,0.75,0.775,0.8,0.825,0.85,0.875,0.9,0.925,0.95,0.975,1.0]",b23aaf1d4aa08e85d7fcb484b8bf79c0568372ce926429c9f568efa761be8cfd
177,6,6,4,2.0,50,100,50,41,"[0.0,0.025,0.05,0.075,0.1,0.125,0.15,0.175,0.2,0.225,0.25,0.275,0.3,0.325,0.35,0.375,0.4,0.425,0.45,0.475,0.5,0.525,0.55,0.575,0.6,0.625,0.65,0.675,0.7,0.725,0.75,0.775,0.8,0.825,0.85,0.875,0.9,0.925,0.95,0.975,1.0]",b23aaf1d4aa08e85d7fcb484b8bf79c0568372ce926429c9f568efa761be8cfd
178,6,6,4,2.0,100,150,50,41,"[0.0,0.025,0.05,0.075,0.1,0.125,0.15,0.175,0.2,0.225,0.25,0.275,0.3,0.325,0.35,0.375,0.4,0.425,0.45,0.475,0.5,0.525,0.55,0.575,0.6,0.625,0.65,0.675,0.7,0.725,0.75,0.775,0.8,0.825,0.85,0.875,0.9,0.925,0.95,0.975,1.0]",b23aaf1d4aa08e85d7fcb484b8bf79c0568372ce926429c9f568efa761be8cfd
179,6,6,4,2.0,150,200,50,41,"[0.0,0.025,0.05,0.075,0.1,0.125,0.15,0.175,0.2,0.225,0.25,0.275,0.3,0.325,0.35,0.375,0.4,0.425,0.45,0.475,0.5,0.525,0.55,0.575,0.6,0.625,0.65,0.675,0.7,0.725,0.75,0.775,0.8,0.825,0.85,0.875,0.9,0.925,0.95,0.975,1.0]",b23aaf1d4aa08e85d7fcb484b8bf79c0568372ce926429c9f568efa761be8cfd
180,6,6,4,2.1,0,50,50,41,"[0.0,0.025,0.05,0.075,0.1,0.125,0.15,0.175,0.2,0.225,0.25,0.275,0.3,0.325,0.35,0.375,0.4,0.425,0.45,0.475,0.5,0.525,0.55,0.575,0.6,0.625,0.65,0.675,0.7,0.725,0.75,0.775,0.8,0.825,0.85,0.875,0.9,0.925,0.95,0.975,1.0]",8ae95ff61edcb33b863650c6df59d0ee90e9746b8702e79980de0af3072f601b
181,6,6,4,2.1,50,100,50,41,"[0.0,0.025,0.05,0.075,0.1,0.125,0.15,0.175,0.2,0.225,0.25,0.275,0.3,0.325,0.35,0.375,0.4,0.425,0.45,0.475,0.5,0.525,0.55,0.575,0.6,0.625,0.65,0.675,0.7,0.725,0.75,0.775,0.8,0.825,0.85,0.875,0.9,0.925,0.95,0.975,1.0]",8ae95ff61edcb33b863650c6df59d0ee90e9746b8702e79980de0af3072f601b
182,6,6,4,2.1,100,150,50,41,"[0.0,0.025,0.05,0.075,0.1,0.125,0.15,0.175,0.2,0.225,0.25,0.275,0.3,0.325,0.35,0.375,0.4,0.425,0.45,0.475,0.5,0.525,0.55,0.575,0.6,0.625,0.65,0.675,0.7,0.725,0.75,0.775,0.8,0.825,0.85,0.875,0.9,0.925,0.95,0.975,1.0]",8ae95ff61edcb33b863650c6df59d0ee90e9746b8702e79980de0af3072f601b
183,6,6,4,2.1,150,200,50,41,"[0.0,0.025,0.05,0.075,0.1,0.125,0.15,0.175,0.2,0.225,0.25,0.275,0.3,0.325,0.35,0.375,0.4,0.425,0.45,0.475,0.5,0.525,0.55,0.575,0.6,0.625,0.65,0.675,0.7,0.725,0.75,0.775,0.8,0.825,0.85,0.875,0.9,0.925,0.95,0.975,1.0]",8ae95ff61edcb33b863650c6df59d0ee90e9746b8702e79980de0af3072f601b
184,6,6,4,2.2,0,50,50,41,"[0.0,0.025,0.05,0.075,0.1,0.125,0.15,0.175,0.2,0.225,0.25,0.275,0.3,0.325,0.35,0.375,0.4,0.425,0.45,0.475,0.5,0.525,0.55,0.575,0.6,0.625,0.65,0.675,0.7,0.725,0.75,0.775,0.8,0.825,0.85,0.875,0.9,0.925,0.95,0.975,1.0]",a3873aac550be767bc3fb836fdaf62b2867f8f35f73c0f51f86835cefc293203
185,6,6,4,2.2,50,100,50,41,"[0.0,0.025,0.05,0.075,0.1,0.125,0.15,0.175,0.2,0.225,0.25,0.275,0.3,0.325,0.35,0.375,0.4,0.425,0.45,0.475,0.5,0.525,0.55,0.575,0.6,0.625,0.65,0.675,0.7,0.725,0.75,0.775,0.8,0.825,0.85,0.875,0.9,0.925,0.95,0.975,1.0]",a3873aac550be767bc3fb836fdaf62b2867f8f35f73c0f51f86835cefc293203
186,6,6,4,2.2,100,150,50,41,"[0.0,0.025,0.05,0.075,0.1,0.125,0.15,0.175,0.2,0.225,0.25,0.275,0.3,0.325,0.35,0.375,0.4,0.425,0.45,0.475,0.5,0.525,0.55,0.575,0.6,0.625,0.65,0.675,0.7,0.725,0.75,0.775,0.8,0.825,0.85,0.875,0.9,0.925,0.95,0.975,1.0]",a3873aac550be767bc3fb836fdaf62b2867f8f35f73c0f51f86835cefc293203
187,6,6,4,2.2,150,200,50,41,"[0.0,0.025,0.05,0.075,0.1,0.125,0.15,0.175,0.2,0.225,0.25,0.275,0.3,0.325,0.35,0.375,0.4,0.425,0.45,0.475,0.5,0.525,0.55,0.575,0.6,0.625,0.65,0.675,0.7,0.725,0.75,0.775,0.8,0.825,0.85,0.875,0.9,0.925,0.95,0.975,1.0]",a3873aac550be767bc3fb836fdaf62b2867f8f35f73c0f51f86835cefc293203
188,6,6,4,2.3,0,50,50,41,"[0.0,0.025,0.05,0.075,0.1,0.125,0.15,0.175,0.2,0.225,0.25,0.275,0.3,0.325,0.35,0.375,0.4,0.425,0.45,0.475,0.5,0.525,0.55,0.575,0.6,0.625,0.65,0.675,0.7,0.725,0.75,0.775,0.8,0.825,0.85,0.875,0.9,0.925,0.95,0.975,1.0]",f57e2258adf412b3caef531e5ec22ca83a22fb6c8e3d7747ab9a266add0ad0ba
189,6,6,4,2.3,50,100,50,41,"[0.0,0.025,0.05,0.075,0.1,0.125,0.15,0.175,0.2,0.225,0.25,0.275,0.3,0.325,0.35,0.375,0.4,0.425,0.45,0.475,0.5,0.525,0.55,0.575,0.6,0.625,0.65,0.675,0.7,0.725,0.75,0.775,0.8,0.825,0.85,0.875,0.9,0.925,0.95,0.975,1.0]",f57e2258adf412b3caef531e5ec22ca83a22fb6c8e3d7747ab9a266add0ad0ba
190,6,6,4,2.3,100,150,50,41,"[0.0,0.025,0.05,0.075,0.1,0.125,0.15,0.175,0.2,0.225,0.25,0.275,0.3,0.325,0.35,0.375,0.4,0.425,0.45,0.475,0.5,0.525,0.55,0.575,0.6,0.625,0.65,0.675,0.7,0.725,0.75,0.775,0.8,0.825,0.85,0.875,0.9,0.925,0.95,0.975,1.0]",f57e2258adf412b3caef531e5ec22ca83a22fb6c8e3d7747ab9a266add0ad0ba
191,6,6,4,2.3,150,200,50,41,"[0.0,0.025,0.05,0.075,0.1,0.125,0.15,0.175,0.2,0.225,0.25,0.275,0.3,0.325,0.35,0.375,0.4,0.425,0.45,0.475,0.5,0.525,0.55,0.575,0.6,0.625,0.65,0.675,0.7,0.725,0.75,0.775,0.8,0.825,0.85,0.875,0.9,0.925,0.95,0.975,1.0]",f57e2258adf412b3caef531e5ec22ca83a22fb6c8e3d7747ab9a266add0ad0ba
192,6,6,4,2.4,0,50,50,41,"[0.0,0.025,0.05,0.075,0.1,0.125,0.15,0.175,0.2,0.225,0.25,0.275,0.3,0.325,0.35,0.375,0.4,0.425,0.45,0.475,0.5,0.525,0.55,0.575,0.6,0.625,0.65,0.675,0.7,0.725,0.75,0.775,0.8,0.825,0.85,0.875,0.9,0.925,0.95,0.975,1.0]",48de5eeab18627cbfa00e02239ac9b017fddfe91538f0d2d18751f8f3bfbb065
193,6,6,4,2.4,50,100,50,41,"[0.0,0.025,0.05,0.075,0.1,0.125,0.15,0.175,0.2,0.225,0.25,0.275,0.3,0.325,0.35,0.375,0.4,0.425,0.45,0.475,0.5,0.525,0.55,0.575,0.6,0.625,0.65,0.675,0.7,0.725,0.75,0.775,0.8,0.825,0.85,0.875,0.9,0.925,0.95,0.975,1.0]",48de5eeab18627cbfa00e02239ac9b017fddfe91538f0d2d18751f8f3bfbb065
194,6,6,4,2.4,100,150,50,41,"[0.0,0.025,0.05,0.075,0.1,0.125,0.15,0.175,0.2,0.225,0.25,0.275,0.3,0.325,0.35,0.375,0.4,0.425,0.45,0.475,0.5,0.525,0.55,0.575,0.6,0.625,0.65,0.675,0.7,0.725,0.75,0.775,0.8,0.825,0.85,0.875,0.9,0.925,0.95,0.975,1.0]",48de5eeab18627cbfa00e02239ac9b017fddfe91538f0d2d18751f8f3bfbb065
195,6,6,4,2.4,150,200,50,41,"[0.0,0.025,0.05,0.075,0.1,0.125,0.15,0.175,0.2,0.225,0.25,0.275,0.3,0.325,0.35,0.375,0.4,0.425,0.45,0.475,0.5,0.525,0.55,0.575,0.6,0.625,0.65,0.675,0.7,0.725,0.75,0.775,0.8,0.825,0.85,0.875,0.9,0.925,0.95,0.975,1.0]",48de5eeab18627cbfa00e02239ac9b017fddfe91538f0d2d18751f8f3bfbb065
196,6,6,4,2.5,0,50,50,41,"[0.0,0.025,0.05,0.075,0.1,0.125,0.15,0.175,0.2,0.225,0.25,0.275,0.3,0.325,0.35,0.375,0.4,0.425,0.45,0.475,0.5,0.525,0.55,0.575,0.6,0.625,0.65,0.675,0.7,0.725,0.75,0.775,0.8,0.825,0.85,0.875,0.9,0.925,0.95,0.975,1.0]",8042852c40ae61f4527bd988ae73b5dff9fe5ead8c5b38d4fd36493b1adad2a7
197,6,6,4,2.5,50,100,50,41,"[0.0,0.025,0.05,0.075,0.1,0.125,0.15,0.175,0.2,0.225,0.25,0.275,0.3,0.325,0.35,0.375,0.4,0.425,0.45,0.475,0.5,0.525,0.55,0.575,0.6,0.625,0.65,0.675,0.7,0.725,0.75,0.775,0.8,0.825,0.85,0.875,0.9,0.925,0.95,0.975,1.0]",8042852c40ae61f4527bd988ae73b5dff9fe5ead8c5b38d4fd36493b1adad2a7
198,6,6,4,2.5,100,150,50,41,"[0.0,0.025,0.05,0.075,0.1,0.125,0.15,0.175,0.2,0.225,0.25,0.275,0.3,0.325,0.35,0.375,0.4,0.425,0.45,0.475,0.5,0.525,0.55,0.575,0.6,0.625,0.65,0.675,0.7,0.725,0.75,0.775,0.8,0.825,0.85,0.875,0.9,0.925,0.95,0.975,1.0]",8042852c40ae61f4527bd988ae73b5dff9fe5ead8c5b38d4fd36493b1adad2a7
199,6,6,4,2.5,150,200,50,41,"[0.0,0.025,0.05,0.075,0.1,0.125,0.15,0.175,0.2,0.225,0.25,0.275,0.3,0.325,0.35,0.375,0.4,0.425,0.45,0.475,0.5,0.525,0.55,0.575,0.6,0.625,0.65,0.675,0.7,0.725,0.75,0.775,0.8,0.825,0.85,0.875,0.9,0.925,0.95,0.975,1.0]",8042852c40ae61f4527bd988ae73b5dff9fe5ead8c5b38d4fd36493b1adad2a7
200,6,6,5,0.1,0,50,50,41,"[0.0,0.025,0.05,0.075,0.1,0.125,0.15,0.175,0.2,0.225,0.25,0.275,0.3,0.325,0.35,0.375,0.4,0.425,0.45,0.475,0.5,0.525,0.55,0.575,0.6,0.625,0.65,0.675,0.7,0.725,0.75,0.775,0.8,0.825,0.85,0.875,0.9,0.925,0.95,0.975,1.0]",5e05ebc8ce0871eadafabb7e861af664aa2662019b1eb8feabcf7e3eff9e8e3a
201,6,6,5,0.1,50,100,50,41,"[0.0,0.025,0.05,0.075,0.1,0.125,0.15,0.175,0.2,0.225,0.25,0.275,0.3,0.325,0.35,0.375,0.4,0.425,0.45,0.475,0.5,0.525,0.55,0.575,0.6,0.625,0.65,0.675,0.7,0.725,0.75,0.775,0.8,0.825,0.85,0.875,0.9,0.925,0.95,0.975,1.0]",5e05ebc8ce0871eadafabb7e861af664aa2662019b1eb8feabcf7e3eff9e8e3a
202,6,6,5,0.1,100,150,50,41,"[0.0,0.025,0.05,0.075,0.1,0.125,0.15,0.175,0.2,0.225,0.25,0.275,0.3,0.325,0.35,0.375,0.4,0.425,0.45,0.475,0.5,0.525,0.55,0.575,0.6,0.625,0.65,0.675,0.7,0.725,0.75,0.775,0.8,0.825,0.85,0.875,0.9,0.925,0.95,0.975,1.0]",5e05ebc8ce0871eadafabb7e861af664aa2662019b1eb8feabcf7e3eff9e8e3a
203,6,6,5,0.1,150,200,50,41,"[0.0,0.025,0.05,0.075,0.1,0.125,0.15,0.175,0.2,0.225,0.25,0.275,0.3,0.325,0.35,0.375,0.4,0.425,0.45,0.475,0.5,0.525,0.55,0.575,0.6,0.625,0.65,0.675,0.7,0.725,0.75,0.775,0.8,0.825,0.85,0.875,0.9,0.925,0.95,0.975,1.0]",5e05ebc8ce0871eadafabb7e861af664aa2662019b1eb8feabcf7e3eff9e8e3a
204,6,6,5,0.2,0,50,50,41,"[0.0,0.025,0.05,0.075,0.1,0.125,0.15,0.175,0.2,0.225,0.25,0.275,0.3,0.325,0.35,0.375,0.4,0.425,0.45,0.475,0.5,0.525,0.55,0.575,0.6,0.625,0.65,0.675,0.7,0.725,0.75,0.775,0.8,0.825,0.85,0.875,0.9,0.925,0.95,0.975,1.0]",a419a4172e31209d5e25053ca48286d848006f910f20792d60472e759d9dd416
205,6,6,5,0.2,50,100,50,41,"[0.0,0.025,0.05,0.075,0.1,0.125,0.15,0.175,0.2,0.225,0.25,0.275,0.3,0.325,0.35,0.375,0.4,0.425,0.45,0.475,0.5,0.525,0.55,0.575,0.6,0.625,0.65,0.675,0.7,0.725,0.75,0.775,0.8,0.825,0.85,0.875,0.9,0.925,0.95,0.975,1.0]",a419a4172e31209d5e25053ca48286d848006f910f20792d60472e759d9dd416
206,6,6,5,0.2,100,150,50,41,"[0.0,0.025,0.05,0.075,0.1,0.125,0.15,0.175,0.2,0.225,0.25,0.275,0.3,0.325,0.35,0.375,0.4,0.425,0.45,0.475,0.5,0.525,0.55,0.575,0.6,0.625,0.65,0.675,0.7,0.725,0.75,0.775,0.8,0.825,0.85,0.875,0.9,0.925,0.95,0.975,1.0]",a419a4172e31209d5e25053ca48286d848006f910f20792d60472e759d9dd416
207,6,6,5,0.2,150,200,50,41,"[0.0,0.025,0.05,0.075,0.1,0.125,0.15,0.175,0.2,0.225,0.25,0.275,0.3,0.325,0.35,0.375,0.4,0.425,0.45,0.475,0.5,0.525,0.55,0.575,0.6,0.625,0.65,0.675,0.7,0.725,0.75,0.775,0.8,0.825,0.85,0.875,0.9,0.925,0.95,0.975,1.0]",a419a4172e31209d5e25053ca48286d848006f910f20792d60472e759d9dd416
208,6,6,5,0.3,0,50,50,41,"[0.0,0.025,0.05,0.075,0.1,0.125,0.15,0.175,0.2,0.225,0.25,0.275,0.3,0.325,0.35,0.375,0.4,0.425,0.45,0.475,0.5,0.525,0.55,0.575,0.6,0.625,0.65,0.675,0.7,0.725,0.75,0.775,0.8,0.825,0.85,0.875,0.9,0.925,0.95,0.975,1.0]",fcafab759013357454226c75973b44e0cab6adcf25a4572ed73a7cdf10b80e21
209,6,6,5,0.3,50,100,50,41,"[0.0,0.025,0.05,0.075,0.1,0.125,0.15,0.175,0.2,0.225,0.25,0.275,0.3,0.325,0.35,0.375,0.4,0.425,0.45,0.475,0.5,0.525,0.55,0.575,0.6,0.625,0.65,0.675,0.7,0.725,0.75,0.775,0.8,0.825,0.85,0.875,0.9,0.925,0.95,0.975,1.0]",fcafab759013357454226c75973b44e0cab6adcf25a4572ed73a7cdf10b80e21
210,6,6,5,0.3,100,150,50,41,"[0.0,0.025,0.05,0.075,0.1,0.125,0.15,0.175,0.2,0.225,0.25,0.275,0.3,0.325,0.35,0.375,0.4,0.425,0.45,0.475,0.5,0.525,0.55,0.575,0.6,0.625,0.65,0.675,0.7,0.725,0.75,0.775,0.8,0.825,0.85,0.875,0.9,0.925,0.95,0.975,1.0]",fcafab759013357454226c75973b44e0cab6adcf25a4572ed73a7cdf10b80e21
211,6,6,5,0.3,150,200,50,41,"[0.0,0.025,0.05,0.075,0.1,0.125,0.15,0.175,0.2,0.225,0.25,0.275,0.3,0.325,0.35,0.375,0.4,0.425,0.45,0.475,0.5,0.525,0.55,0.575,0.6,0.625,0.65,0.675,0.7,0.725,0.75,0.775,0.8,0.825,0.85,0.875,0.9,0.925,0.95,0.975,1.0]",fcafab759013357454226c75973b44e0cab6adcf25a4572ed73a7cdf10b80e21
212,6,6,5,0.4,0,50,50,41,"[0.0,0.025,0.05,0.075,0.1,0.125,0.15,0.175,0.2,0.225,0.25,0.275,0.3,0.325,0.35,0.375,0.4,0.425,0.45,0.475,0.5,0.525,0.55,0.575,0.6,0.625,0.65,0.675,0.7,0.725,0.75,0.775,0.8,0.825,0.85,0.875,0.9,0.925,0.95,0.975,1.0]",9fde5d9a03cb319fbdc9e66487167187f2256784fee89bc855f7021bff70058a
213,6,6,5,0.4,50,100,50,41,"[0.0,0.025,0.05,0.075,0.1,0.125,0.15,0.175,0.2,0.225,0.25,0.275,0.3,0.325,0.35,0.375,0.4,0.425,0.45,0.475,0.5,0.525,0.55,0.575,0.6,0.625,0.65,0.675,0.7,0.725,0.75,0.775,0.8,0.825,0.85,0.875,0.9,0.925,0.95,0.975,1.0]",9fde5d9a03cb319fbdc9e66487167187f2256784fee89bc855f7021bff70058a
214,6,6,5,0.4,100,150,50,41,"[0.0,0.025,0.05,0.075,0.1,0.125,0.15,0.175,0.2,0.225,0.25,0.275,0.3,0.325,0.35,0.375,0.4,0.425,0.45,0.475,0.5,0.525,0.55,0.575,0.6,0.625,0.65,0.675,0.7,0.725,0.75,0.775,0.8,0.825,0.85,0.875,0.9,0.925,0.95,0.975,1.0]",9fde5d9a03cb319fbdc9e66487167187f2256784fee89bc855f7021bff70058a
215,6,6,5,0.4,150,200,50,41,"[0.0,0.025,0.05,0.075,0.1,0.125,0.15,0.175,0.2,0.225,0.25,0.275,0.3,0.325,0.35,0.375,0.4,0.425,0.45,0.475,0.5,0.525,0.55,0.575,0.6,0.625,0.65,0.675,0.7,0.725,0.75,0.775,0.8,0.825,0.85,0.875,0.9,0.925,0.95,0.975,1.0]",9fde5d9a03cb319fbdc9e66487167187f2256784fee89bc855f7021bff70058a
216,6,6,5,0.5,0,50,50,41,"[0.0,0.025,0.05,0.075,0.1,0.125,0.15,0.175,0.2,0.225,0.25,0.275,0.3,0.325,0.35,0.375,0.4,0.425,0.45,0.475,0.5,0.525,0.55,0.575,0.6,0.625,0.65,0.675,0.7,0.725,0.75,0.775,0.8,0.825,0.85,0.875,0.9,0.925,0.95,0.975,1.0]",de584ed3eca5c7f6ed9840809ae961b027f08aaa5a90366d237ccc0b0283ff78
217,6,6,5,0.5,50,100,50,41,"[0.0,0.025,0.05,0.075,0.1,0.125,0.15,0.175,0.2,0.225,0.25,0.275,0.3,0.325,0.35,0.375,0.4,0.425,0.45,0.475,0.5,0.525,0.55,0.575,0.6,0.625,0.65,0.675,0.7,0.725,0.75,0.775,0.8,0.825,0.85,0.875,0.9,0.925,0.95,0.975,1.0]",de584ed3eca5c7f6ed9840809ae961b027f08aaa5a90366d237ccc0b0283ff78
218,6,6,5,0.5,100,150,50,41,"[0.0,0.025,0.05,0.075,0.1,0.125,0.15,0.175,0.2,0.225,0.25,0.275,0.3,0.325,0.35,0.375,0.4,0.425,0.45,0.475,0.5,0.525,0.55,0.575,0.6,0.625,0.65,0.675,0.7,0.725,0.75,0.775,0.8,0.825,0.85,0.875,0.9,0.925,0.95,0.975,1.0]",de584ed3eca5c7f6ed9840809ae961b027f08aaa5a90366d237ccc0b0283ff78
219,6,6,5,0.5,150,200,50,41,"[0.0,0.025,0.05,0.075,0.1,0.125,0.15,0.175,0.2,0.225,0.25,0.275,0.3,0.325,0.35,0.375,0.4,0.425,0.45,0.475,0.5,0.525,0.55,0.575,0.6,0.625,0.65,0.675,0.7,0.725,0.75,0.775,0.8,0.825,0.85,0.875,0.9,0.925,0.95,0.975,1.0]",de584ed3eca5c7f6ed9840809ae961b027f08aaa5a90366d237ccc0b0283ff78
220,6,6,5,0.6,0,50,50,41,"[0.0,0.025,0.05,0.075,0.1,0.125,0.15,0.175,0.2,0.225,0.25,0.275,0.3,0.325,0.35,0.375,0.4,0.425,0.45,0.475,0.5,0.525,0.55,0.575,0.6,0.625,0.65,0.675,0.7,0.725,0.75,0.775,0.8,0.825,0.85,0.875,0.9,0.925,0.95,0.975,1.0]",c92fd578f003ed596417729e8c236b8a203c1a1a81d931bc01d09b028a95b7f2
221,6,6,5,0.6,50,100,50,41,"[0.0,0.025,0.05,0.075,0.1,0.125,0.15,0.175,0.2,0.225,0.25,0.275,0.3,0.325,0.35,0.375,0.4,0.425,0.45,0.475,0.5,0.525,0.55,0.575,0.6,0.625,0.65,0.675,0.7,0.725,0.75,0.775,0.8,0.825,0.85,0.875,0.9,0.925,0.95,0.975,1.0]",c92fd578f003ed596417729e8c236b8a203c1a1a81d931bc01d09b028a95b7f2
222,6,6,5,0.6,100,150,50,41,"[0.0,0.025,0.05,0.075,0.1,0.125,0.15,0.175,0.2,0.225,0.25,0.275,0.3,0.325,0.35,0.375,0.4,0.425,0.45,0.475,0.5,0.525,0.55,0.575,0.6,0.625,0.65,0.675,0.7,0.725,0.75,0.775,0.8,0.825,0.85,0.875,0.9,0.925,0.95,0.975,1.0]",c92fd578f003ed596417729e8c236b8a203c1a1a81d931bc01d09b028a95b7f2
223,6,6,5,0.6,150,200,50,41,"[0.0,0.025,0.05,0.075,0.1,0.125,0.15,0.175,0.2,0.225,0.25,0.275,0.3,0.325,0.35,0.375,0.4,0.425,0.45,0.475,0.5,0.525,0.55,0.575,0.6,0.625,0.65,0.675,0.7,0.725,0.75,0.775,0.8,0.825,0.85,0.875,0.9,0.925,0.95,0.975,1.0]",c92fd578f003ed596417729e8c236b8a203c1a1a81d931bc01d09b028a95b7f2
224,6,6,5,0.7,0,50,50,41,"[0.0,0.025,0.05,0.075,0.1,0.125,0.15,0.175,0.2,0.225,0.25,0.275,0.3,0.325,0.35,0.375,0.4,0.425,0.45,0.475,0.5,0.525,0.55,0.575,0.6,0.625,0.65,0.675,0.7,0.725,0.75,0.775,0.8,0.825,0.85,0.875,0.9,0.925,0.95,0.975,1.0]",08d9f60ec766cc5a5782d90f51faaeaa4246b064b906f24cafa4ba61ab7e12e4
225,6,6,5,0.7,50,100,50,41,"[0.0,0.025,0.05,0.075,0.1,0.125,0.15,0.175,0.2,0.225,0.25,0.275,0.3,0.325,0.35,0.375,0.4,0.425,0.45,0.475,0.5,0.525,0.55,0.575,0.6,0.625,0.65,0.675,0.7,0.725,0.75,0.775,0.8,0.825,0.85,0.875,0.9,0.925,0.95,0.975,1.0]",08d9f60ec766cc5a5782d90f51faaeaa4246b064b906f24cafa4ba61ab7e12e4
226,6,6,5,0.7,100,150,50,41,"[0.0,0.025,0.05,0.075,0.1,0.125,0.15,0.175,0.2,0.225,0.25,0.275,0.3,0.325,0.35,0.375,0.4,0.425,0.45,0.475,0.5,0.525,0.55,0.575,0.6,0.625,0.65,0.675,0.7,0.725,0.75,0.775,0.8,0.825,0.85,0.875,0.9,0.925,0.95,0.975,1.0]",08d9f60ec766cc5a5782d90f51faaeaa4246b064b906f24cafa4ba61ab7e12e4
227,6,6,5,0.7,150,200,50,41,"[0.0,0.025,0.05,0.075,0.1,0.125,0.15,0.175,0.2,0.225,0.25,0.275,0.3,0.325,0.35,0.375,0.4,0.425,0.45,0.475,0.5,0.525,0.55,0.575,0.6,0.625,0.65,0.675,0.7,0.725,0.75,0.775,0.8,0.825,0.85,0.875,0.9,0.925,0.95,0.975,1.0]",08d9f60ec766cc5a5782d90f51faaeaa4246b064b906f24cafa4ba61ab7e12e4
228,6,6,5,0.8,0,50,50,41,"[0.0,0.025,0.05,0.075,0.1,0.125,0.15,0.175,0.2,0.225,0.25,0.275,0.3,0.325,0.35,0.375,0.4,0.425,0.45,0.475,0.5,0.525,0.55,0.575,0.6,0.625,0.65,0.675,0.7,0.725,0.75,0.775,0.8,0.825,0.85,0.875,0.9,0.925,0.95,0.975,1.0]",e10f19a6dd53518e75dfd7a4b32d2630252847578a39e3b507997d1f417be552
229,6,6,5,0.8,50,100,50,41,"[0.0,0.025,0.05,0.075,0.1,0.125,0.15,0.175,0.2,0.225,0.25,0.275,0.3,0.325,0.35,0.375,0.4,0.425,0.45,0.475,0.5,0.525,0.55,0.575,0.6,0.625,0.65,0.675,0.7,0.725,0.75,0.775,0.8,0.825,0.85,0.875,0.9,0.925,0.95,0.975,1.0]",e10f19a6dd53518e75dfd7a4b32d2630252847578a39e3b507997d1f417be552
230,6,6,5,0.8,100,150,50,41,"[0.0,0.025,0.05,0.075,0.1,0.125,0.15,0.175,0.2,0.225,0.25,0.275,0.3,0.325,0.35,0.375,0.4,0.425,0.45,0.475,0.5,0.525,0.55,0.575,0.6,0.625,0.65,0.675,0.7,0.725,0.75,0.775,0.8,0.825,0.85,0.875,0.9,0.925,0.95,0.975,1.0]",e10f19a6dd53518e75dfd7a4b32d2630252847578a39e3b507997d1f417be552
231,6,6,5,0.8,150,200,50,41,"[0.0,0.025,0.05,0.075,0.1,0.125,0.15,0.175,0.2,0.225,0.25,0.275,0.3,0.325,0.35,0.375,0.4,0.425,0.45,0.475,0.5,0.525,0.55,0.575,0.6,0.625,0.65,0.675,0.7,0.725,0.75,0.775,0.8,0.825,0.85,0.875,0.9,0.925,0.95,0.975,1.0]",e10f19a6dd53518e75dfd7a4b32d2630252847578a39e3b507997d1f417be552
232,6,6,5,0.9,0,50,50,41,"[0.0,0.025,0.05,0.075,0.1,0.125,0.15,0.175,0.2,0.225,0.25,0.275,0.3,0.325,0.35,0.375,0.4,0.425,0.45,0.475,0.5,0.525,0.55,0.575,0.6,0.625,0.65,0.675,0.7,0.725,0.75,0.775,0.8,0.825,0.85,0.875,0.9,0.925,0.95,0.975,1.0]",4f70ec60031af43d24d56958dadc25d58f32875ae1ef42d2551185ccade5d7c3
233,6,6,5,0.9,50,100,50,41,"[0.0,0.025,0.05,0.075,0.1,0.125,0.15,0.175,0.2,0.225,0.25,0.275,0.3,0.325,0.35,0.375,0.4,0.425,0.45,0.475,0.5,0.525,0.55,0.575,0.6,0.625,0.65,0.675,0.7,0.725,0.75,0.775,0.8,0.825,0.85,0.875,0.9,0.925,0.95,0.975,1.0]",4f70ec60031af43d24d56958dadc25d58f32875ae1ef42d2551185ccade5d7c3
234,6,6,5,0.9,100,150,50,41,"[0.0,0.025,0.05,0.075,0.1,0.125,0.15,0.175,0.2,0.225,0.25,0.275,0.3,0.325,0.35,0.375,0.4,0.425,0.45,0.475,0.5,0.525,0.55,0.575,0.6,0.625,0.65,0.675,0.7,0.725,0.75,0.775,0.8,0.825,0.85,0.875,0.9,0.925,0.95,0.975,1.0]",4f70ec60031af43d24d56958dadc25d58f32875ae1ef42d2551185ccade5d7c3
235,6,6,5,0.9,150,200,50,41,"[0.0,0.025,0.05,0.075,0.1,0.125,0.15,0.175,0.2,0.225,0.25,0.275,0.3,0.325,0.35,0.375,0.4,0.425,0.45,0.475,0.5,0.525,0.55,0.575,0.6,0.625,0.65,0.675,0.7,0.725,0.75,0.775,0.8,0.825,0.85,0.875,0.9,0.925,0.95,0.975,1.0]",4f70ec60031af43d24d56958dadc25d58f32875ae1ef42d2551185ccade5d7c3
236,6,6,5,1.0,0,50,50,41,"[0.0,0.025,0.05,0.075,0.1,0.125,0.15,0.175,0.2,0.225,0.25,0.275,0.3,0.325,0.35,0.375,0.4,0.425,0.45,0.475,0.5,0.525,0.55,0.575,0.6,0.625,0.65,0.675,0.7,0.725,0.75,0.775,0.8,0.825,0.85,0.875,0.9,0.925,0.95,0.975,1.0]",84b94f0300c24a50c0aea7de7a71d2a8e17d8db1c37b11436a78fffc3effd291
237,6,6,5,1.0,50,100,50,41,"[0.0,0.025,0.05,0.075,0.1,0.125,0.15,0.175,0.2,0.225,0.25,0.275,0.3,0.325,0.35,0.375,0.4,0.425,0.45,0.475,0.5,0.525,0.55,0.575,0.6,0.625,0.65,0.675,0.7,0.725,0.75,0.775,0.8,0.825,0.85,0.875,0.9,0.925,0.95,0.975,1.0]",84b94f0300c24a50c0aea7de7a71d2a8e17d8db1c37b11436a78fffc3effd291
238,6,6,5,1.0,100,150,50,41,"[0.0,0.025,0.05,0.075,0.1,0.125,0.15,0.175,0.2,0.225,0.25,0.275,0.3,0.325,0.35,0.375,0.4,0.425,0.45,0.475,0.5,0.525,0.55,0.575,0.6,0.625,0.65,0.675,0.7,0.725,0.75,0.775,0.8,0.825,0.85,0.875,0.9,0.925,0.95,0.975,1.0]",84b94f0300c24a50c0aea7de7a71d2a8e17d8db1c37b11436a78fffc3effd291
239,6,6,5,1.0,150,200,50,41,"[0.0,0.025,0.05,0.075,0.1,0.125,0.15,0.175,0.2,0.225,0.25,0.275,0.3,0.325,0.35,0.375,0.4,0.425,0.45,0.475,0.5,0.525,0.55,0.575,0.6,0.625,0.65,0.675,0.7,0.725,0.75,0.775,0.8,0.825,0.85,0.875,0.9,0.925,0.95,0.975,1.0]",84b94f0300c24a50c0aea7de7a71d2a8e17d8db1c37b11436a78fffc3effd291
240,6,6,5,1.1,0,50,50,41,"[0.0,0.025,0.05,0.075,0.1,0.125,0.15,0.175,0.2,0.225,0.25,0.275,0.3,0.325,0.35,0.375,0.4,0.425,0.45,0.475,0.5,0.525,0.55,0.575,0.6,0.625,0.65,0.675,0.7,0.725,0.75,0.775,0.8,0.825,0.85,0.875,0.9,0.925,0.95,0.975,1.0]",4d7a372a89b67f5c90b3d49149e8877e84480d15bccba2f99a65db11cba421eb
241,6,6,5,1.1,50,100,50,41,"[0.0,0.025,0.05,0.075,0.1,0.125,0.15,0.175,0.2,0.225,0.25,0.275,0.3,0.325,0.35,0.375,0.4,0.425,0.45,0.475,0.5,0.525,0.55,0.575,0.6,0.625,0.65,0.675,0.7,0.725,0.75,0.775,0.8,0.825,0.85,0.875,0.9,0.925,0.95,0.975,1.0]",4d7a372a89b67f5c90b3d49149e8877e84480d15bccba2f99a65db11cba421eb
242,6,6,5,1.1,100,150,50,41,"[0.0,0.025,0.05,0.075,0.1,0.125,0.15,0.175,0.2,0.225,0.25,0.275,0.3,0.325,0.35,0.375,0.4,0.425,0.45,0.475,0.5,0.525,0.55,0.575,0.6,0.625,0.65,0.675,0.7,0.725,0.75,0.775,0.8,0.825,0.85,0.875,0.9,0.925,0.95,0.975,1.0]",4d7a372a89b67f5c90b3d49149e8877e84480d15bccba2f99a65db11cba421eb
243,6,6,5,1.1,150,200,50,41,"[0.0,0.025,0.05,0.075,0.1,0.125,0.15,0.175,0.2,0.225,0.25,0.275,0.3,0.325,0.35,0.375,0.4,0.425,0.45,0.475,0.5,0.525,0.55,0.575,0.6,0.625,0.65,0.675,0.7,0.725,0.75,0.775,0.8,0.825,0.85,0.875,0.9,0.925,0.95,0.975,1.0]",4d7a372a89b67f5c90b3d49149e8877e84480d15bccba2f99a65db11cba421eb
244,6,6,5,1.2,0,50,50,41,"[0.0,0.025,0.05,0.075,0.1,0.125,0.15,0.175,0.2,0.225,0.25,0.275,0.3,0.325,0.35,0.375,0.4,0.425,0.45,0.475,0.5,0.525,0.55,0.575,0.6,0.625,0.65,0.675,0.7,0.725,0.75,0.775,0.8,0.825,0.85,0.875,0.9,0.925,0.95,0.975,1.0]",9dab37d831e8fc22c95540dc7953b3e3a245f928c6ad39351699f9d9a6079783
245,6,6,5,1.2,50,100,50,41,"[0.0,0.025,0.05,0.075,0.1,0.125,0.15,0.175,0.2,0.225,0.25,0.275,0.3,0.325,0.35,0.375,0.4,0.425,0.45,0.475,0.5,0.525,0.55,0.575,0.6,0.625,0.65,0.675,0.7,0.725,0.75,0.775,0.8,0.825,0.85,0.875,0.9,0.925,0.95,0.975,1.0]",9dab37d831e8fc22c95540dc7953b3e3a245f928c6ad39351699f9d9a6079783
246,6,6,5,1.2,100,150,50,41,"[0.0,0.025,0.05,0.075,0.1,0.125,0.15,0.175,0.2,0.225,0.25,0.275,0.3,0.325,0.35,0.375,0.4,0.425,0.45,0.475,0.5,0.525,0.55,0.575,0.6,0.625,0.65,0.675,0.7,0.725,0.75,0.775,0.8,0.825,0.85,0.875,0.9,0.925,0.95,0.975,1.0]",9dab37d831e8fc22c95540dc7953b3e3a245f928c6ad39351699f9d9a6079783
247,6,6,5,1.2,150,200,50,41,"[0.0,0.025,0.05,0.075,0.1,0.125,0.15,0.175,0.2,0.225,0.25,0.275,0.3,0.325,0.35,0.375,0.4,0.425,0.45,0.475,0.5,0.525,0.55,0.575,0.6,0.625,0.65,0.675,0.7,0.725,0.75,0.775,0.8,0.825,0.85,0.875,0.9,0.925,0.95,0.975,1.0]",9dab37d831e8fc22c95540dc7953b3e3a245f928c6ad39351699f9d9a6079783
248,6,6,5,1.3,0,50,50,41,"[0.0,0.025,0.05,0.075,0.1,0.125,0.15,0.175,0.2,0.225,0.25,0.275,0.3,0.325,0.35,0.375,0.4,0.425,0.45,0.475,0.5,0.525,0.55,0.575,0.6,0.625,0.65,0.675,0.7,0.725,0.75,0.775,0.8,0.825,0.85,0.875,0.9,0.925,0.95,0.975,1.0]",b56c833ff7bf30d3f42a50225352689afc5d6f1ffcea7feeccfb9f1b156b515e
249,6,6,5,1.3,50,100,50,41,"[0.0,0.025,0.05,0.075,0.1,0.125,0.15,0.175,0.2,0.225,0.25,0.275,0.3,0.325,0.35,0.375,0.4,0.425,0.45,0.475,0.5,0.525,0.55,0.575,0.6,0.625,0.65,0.675,0.7,0.725,0.75,0.775,0.8,0.825,0.85,0.875,0.9,0.925,0.95,0.975,1.0]",b56c833ff7bf30d3f42a50225352689afc5d6f1ffcea7feeccfb9f1b156b515e
250,6,6,5,1.3,100,150,50,41,"[0.0,0.025,0.05,0.075,0.1,0.125,0.15,0.175,0.2,0.225,0.25,0.275,0.3,0.325,0.35,0.375,0.4,0.425,0.45,0.475,0.5,0.525,0.55,0.575,0.6,0.625,0.65,0.675,0.7,0.725,0.75,0.775,0.8,0.825,0.85,0.875,0.9,0.925,0.95,0.975,1.0]",b56c833ff7bf30d3f42a50225352689afc5d6f1ffcea7feeccfb9f1b156b515e
251,6,6,5,1.3,150,200,50,41,"[0.0,0.025,0.05,0.075,0.1,0.125,0.15,0.175,0.2,0.225,0.25,0.275,0.3,0.325,0.35,0.375,0.4,0.425,0.45,0.475,0.5,0.525,0.55,0.575,0.6,0.625,0.65,0.675,0.7,0.725,0.75,0.775,0.8,0.825,0.85,0.875,0.9,0.925,0.95,0.975,1.0]",b56c833ff7bf30d3f42a50225352689afc5d6f1ffcea7feeccfb9f1b156b515e
252,6,6,5,1.4,0,50,50,41,"[0.0,0.025,0.05,0.075,0.1,0.125,0.15,0.175,0.2,0.225,0.25,0.275,0.3,0.325,0.35,0.375,0.4,0.425,0.45,0.475,0.5,0.525,0.55,0.575,0.6,0.625,0.65,0.675,0.7,0.725,0.75,0.775,0.8,0.825,0.85,0.875,0.9,0.925,0.95,0.975,1.0]",d26253de29a9464cc6514e53cc51256a06344b812389d4be36a64328e9712424
253,6,6,5,1.4,50,100,50,41,"[0.0,0.025,0.05,0.075,0.1,0.125,0.15,0.175,0.2,0.225,0.25,0.275,0.3,0.325,0.35,0.375,0.4,0.425,0.45,0.475,0.5,0.525,0.55,0.575,0.6,0.625,0.65,0.675,0.7,0.725,0.75,0.775,0.8,0.825,0.85,0.875,0.9,0.925,0.95,0.975,1.0]",d26253de29a9464cc6514e53cc51256a06344b812389d4be36a64328e9712424
254,6,6,5,1.4,100,150,50,41,"[0.0,0.025,0.05,0.075,0.1,0.125,0.15,0.175,0.2,0.225,0.25,0.275,0.3,0.325,0.35,0.375,0.4,0.425,0.45,0.475,0.5,0.525,0.55,0.575,0.6,0.625,0.65,0.675,0.7,0.725,0.75,0.775,0.8,0.825,0.85,0.875,0.9,0.925,0.95,0.975,1.0]",d26253de29a9464cc6514e53cc51256a06344b812389d4be36a64328e9712424
255,6,6,5,1.4,150,200,50,41,"[0.0,0.025,0.05,0.075,0.1,0.125,0.15,0.175,0.2,0.225,0.25,0.275,0.3,0.325,0.35,0.375,0.4,0.425,0.45,0.475,0.5,0.525,0.55,0.575,0.6,0.625,0.65,0.675,0.7,0.725,0.75,0.775,0.8,0.825,0.85,0.875,0.9,0.925,0.95,0.975,1.0]",d26253de29a9464cc6514e53cc51256a06344b812389d4be36a64328e9712424
256,6,6,5,1.5,0,50,50,41,"[0.0,0.025,0.05,0.075,0.1,0.125,0.15,0.175,0.2,0.225,0.25,0.275,0.3,0.325,0.35,0.375,0.4,0.425,0.45,0.475,0.5,0.525,0.55,0.575,0.6,0.625,0.65,0.675,0.7,0.725,0.75,0.775,0.8,0.825,0.85,0.875,0.9,0.925,0.95,0.975,1.0]",70a6e4383f70c7cb4028f69bbf4fd451969275824eb29723864cb64c7f70608a
257,6,6,5,1.5,50,100,50,41,"[0.0,0.025,0.05,0.075,0.1,0.125,0.15,0.175,0.2,0.225,0.25,0.275,0.3,0.325,0.35,0.375,0.4,0.425,0.45,0.475,0.5,0.525,0.55,0.575,0.6,0.625,0.65,0.675,0.7,0.725,0.75,0.775,0.8,0.825,0.85,0.875,0.9,0.925,0.95,0.975,1.0]",70a6e4383f70c7cb4028f69bbf4fd451969275824eb29723864cb64c7f70608a
258,6,6,5,1.5,100,150,50,41,"[0.0,0.025,0.05,0.075,0.1,0.125,0.15,0.175,0.2,0.225,0.25,0.275,0.3,0.325,0.35,0.375,0.4,0.425,0.45,0.475,0.5,0.525,0.55,0.575,0.6,0.625,0.65,0.675,0.7,0.725,0.75,0.775,0.8,0.825,0.85,0.875,0.9,0.925,0.95,0.975,1.0]",70a6e4383f70c7cb4028f69bbf4fd451969275824eb29723864cb64c7f70608a
259,6,6,5,1.5,150,200,50,41,"[0.0,0.025,0.05,0.075,0.1,0.125,0.15,0.175,0.2,0.225,0.25,0.275,0.3,0.325,0.35,0.375,0.4,0.425,0.45,0.475,0.5,0.525,0.55,0.575,0.6,0.625,0.65,0.675,0.7,0.725,0.75,0.775,0.8,0.825,0.85,0.875,0.9,0.925,0.95,0.975,1.0]",70a6e4383f70c7cb4028f69bbf4fd451969275824eb29723864cb64c7f70608a
260,6,6,5,1.6,0,50,50,41,"[0.0,0.025,0.05,0.075,0.1,0.125,0.15,0.175,0.2,0.225,0.25,0.275,0.3,0.325,0.35,0.375,0.4,0.425,0.45,0.475,0.5,0.525,0.55,0.575,0.6,0.625,0.65,0.675,0.7,0.725,0.75,0.775,0.8,0.825,0.85,0.875,0.9,0.925,0.95,0.975,1.0]",7dc2feb0d6c2d6114e9a0f1b615bcc5d5dbb0accb993914ee6b20133e5323e4f
261,6,6,5,1.6,50,100,50,41,"[0.0,0.025,0.05,0.075,0.1,0.125,0.15,0.175,0.2,0.225,0.25,0.275,0.3,0.325,0.35,0.375,0.4,0.425,0.45,0.475,0.5,0.525,0.55,0.575,0.6,0.625,0.65,0.675,0.7,0.725,0.75,0.775,0.8,0.825,0.85,0.875,0.9,0.925,0.95,0.975,1.0]",7dc2feb0d6c2d6114e9a0f1b615bcc5d5dbb0accb993914ee6b20133e5323e4f
262,6,6,5,1.6,100,150,50,41,"[0.0,0.025,0.05,0.075,0.1,0.125,0.15,0.175,0.2,0.225,0.25,0.275,0.3,0.325,0.35,0.375,0.4,0.425,0.45,0.475,0.5,0.525,0.55,0.575,0.6,0.625,0.65,0.675,0.7,0.725,0.75,0.775,0.8,0.825,0.85,0.875,0.9,0.925,0.95,0.975,1.0]",7dc2feb0d6c2d6114e9a0f1b615bcc5d5dbb0accb993914ee6b20133e5323e4f
263,6,6,5,1.6,150,200,50,41,"[0.0,0.025,0.05,0.075,0.1,0.125,0.15,0.175,0.2,0.225,0.25,0.275,0.3,0.325,0.35,0.375,0.4,0.425,0.45,0.475,0.5,0.525,0.55,0.575,0.6,0.625,0.65,0.675,0.7,0.725,0.75,0.775,0.8,0.825,0.85,0.875,0.9,0.925,0.95,0.975,1.0]",7dc2feb0d6c2d6114e9a0f1b615bcc5d5dbb0accb993914ee6b20133e5323e4f
264,6,6,5,1.7,0,50,50,41,"[0.0,0.025,0.05,0.075,0.1,0.125,0.15,0.175,0.2,0.225,0.25,0.275,0.3,0.325,0.35,0.375,0.4,0.425,0.45,0.475,0.5,0.525,0.55,0.575,0.6,0.625,0.65,0.675,0.7,0.725,0.75,0.775,0.8,0.825,0.85,0.875,0.9,0.925,0.95,0.975,1.0]",61aaad4198fde1358cb6443e2b5a3e83d0e833416a770edfd44a63f067618717
265,6,6,5,1.7,50,100,50,41,"[0.0,0.025,0.05,0.075,0.1,0.125,0.15,0.175,0.2,0.225,0.25,0.275,0.3,0.325,0.35,0.375,0.4,0.425,0.45,0.475,0.5,0.525,0.55,0.575,0.6,0.625,0.65,0.675,0.7,0.725,0.75,0.775,0.8,0.825,0.85,0.875,0.9,0.925,0.95,0.975,1.0]",61aaad4198fde1358cb6443e2b5a3e83d0e833416a770edfd44a63f067618717
266,6,6,5,1.7,100,150,50,41,"[0.0,0.025,0.05,0.075,0.1,0.125,0.15,0.175,0.2,0.225,0.25,0.275,0.3,0.325,0.35,0.375,0.4,0.425,0.45,0.475,0.5,0.525,0.55,0.575,0.6,0.625,0.65,0.675,0.7,0.725,0.75,0.775,0.8,0.825,0.85,0.875,0.9,0.925,0.95,0.975,1.0]",61aaad4198fde1358cb6443e2b5a3e83d0e833416a770edfd44a63f067618717
267,6,6,5,1.7,150,200,50,41,"[0.0,0.025,0.05,0.075,0.1,0.125,0.15,0.175,0.2,0.225,0.25,0.275,0.3,0.325,0.35,0.375,0.4,0.425,0.45,0.475,0.5,0.525,0.55,0.575,0.6,0.625,0.65,0.675,0.7,0.725,0.75,0.775,0.8,0.825,0.85,0.875,0.9,0.925,0.95,0.975,1.0]",61aaad4198fde1358cb6443e2b5a3e83d0e833416a770edfd44a63f067618717
268,6,6,5,1.8,0,50,50,41,"[0.0,0.025,0.05,0.075,0.1,0.125,0.15,0.175,0.2,0.225,0.25,0.275,0.3,0.325,0.35,0.375,0.4,0.425,0.45,0.475,0.5,0.525,0.55,0.575,0.6,0.625,0.65,0.675,0.7,0.725,0.75,0.775,0.8,0.825,0.85,0.875,0.9,0.925,0.95,0.975,1.0]",cad8546c2d35ae9e390eb61d40df288300b166d90421aececa7ce1ac8a2b44c8
269,6,6,5,1.8,50,100,50,41,"[0.0,0.025,0.05,0.075,0.1,0.125,0.15,0.175,0.2,0.225,0.25,0.275,0.3,0.325,0.35,0.375,0.4,0.425,0.45,0.475,0.5,0.525,0.55,0.575,0.6,0.625,0.65,0.675,0.7,0.725,0.75,0.775,0.8,0.825,0.85,0.875,0.9,0.925,0.95,0.975,1.0]",cad8546c2d35ae9e390eb61d40df288300b166d90421aececa7ce1ac8a2b44c8
270,6,6,5,1.8,100,150,50,41,"[0.0,0.025,0.05,0.075,0.1,0.125,0.15,0.175,0.2,0.225,0.25,0.275,0.3,0.325,0.35,0.375,0.4,0.425,0.45,0.475,0.5,0.525,0.55,0.575,0.6,0.625,0.65,0.675,0.7,0.725,0.75,0.775,0.8,0.825,0.85,0.875,0.9,0.925,0.95,0.975,1.0]",cad8546c2d35ae9e390eb61d40df288300b166d90421aececa7ce1ac8a2b44c8
271,6,6,5,1.8,150,200,50,41,"[0.0,0.025,0.05,0.075,0.1,0.125,0.15,0.175,0.2,0.225,0.25,0.275,0.3,0.325,0.35,0.375,0.4,0.425,0.45,0.475,0.5,0.525,0.55,0.575,0.6,0.625,0.65,0.675,0.7,0.725,0.75,0.775,0.8,0.825,0.85,0.875,0.9,0.925,0.95,0.975,1.0]",cad8546c2d35ae9e390eb61d40df288300b166d90421aececa7ce1ac8a2b44c8
272,6,6,5,1.9,0,50,50,41,"[0.0,0.025,0.05,0.075,0.1,0.125,0.15,0.175,0.2,0.225,0.25,0.275,0.3,0.325,0.35,0.375,0.4,0.425,0.45,0.475,0.5,0.525,0.55,0.575,0.6,0.625,0.65,0.675,0.7,0.725,0.75,0.775,0.8,0.825,0.85,0.875,0.9,0.925,0.95,0.975,1.0]",c381c4cdd92e3b15a9880935287936e13f90043a9f4d27ca4e2f178b4d61515c
273,6,6,5,1.9,50,100,50,41,"[0.0,0.025,0.05,0.075,0.1,0.125,0.15,0.175,0.2,0.225,0.25,0.275,0.3,0.325,0.35,0.375,0.4,0.425,0.45,0.475,0.5,0.525,0.55,0.575,0.6,0.625,0.65,0.675,0.7,0.725,0.75,0.775,0.8,0.825,0.85,0.875,0.9,0.925,0.95,0.975,1.0]",c381c4cdd92e3b15a9880935287936e13f90043a9f4d27ca4e2f178b4d61515c
274,6,6,5,1.9,100,150,50,41,"[0.0,0.025,0.05,0.075,0.1,0.125,0.15,0.175,0.2,0.225,0.25,0.275,0.3,0.325,0.35,0.375,0.4,0.425,0.45,0.475,0.5,0.525,0.55,0.575,0.6,0.625,0.65,0.675,0.7,0.725,0.75,0.775,0.8,0.825,0.85,0.875,0.9,0.925,0.95,0.975,1.0]",c381c4cdd92e3b15a9880935287936e13f90043a9f4d27ca4e2f178b4d61515c
275,6,6,5,1.9,150,200,50,41,"[0.0,0.025,0.05,0.075,0.1,0.125,0.15,0.175,0.2,0.225,0.25,0.275,0.3,0.325,0.35,0.375,0.4,0.425,0.45,0.475,0.5,0.525,0.55,0.575,0.6,0.625,0.65,0.675,0.7,0.725,0.75,0.775,0.8,0.825,0.85,0.875,0.9,0.925,0.95,0.975,1.0]",c381c4cdd92e3b15a9880935287936e13f90043a9f4d27ca4e2f178b4d61515c
276,6,6,5,2.0,0,50,50,41,"[0.0,0.025,0.05,0.075,0.1,0.125,0.15,0.175,0.2,0.225,0.25,0.275,0.3,0.325,0.35,0.375,0.4,0.425,0.45,0.475,0.5,0.525,0.55,0.575,0.6,0.625,0.65,0.675,0.7,0.725,0.75,0.775,0.8,0.825,0.85,0.875,0.9,0.925,0.95,0.975,1.0]",3a596dba9a255d65b597d174bf269a378a305acf86250ec293c9720b1c95ca2a
277,6,6,5,2.0,50,100,50,41,"[0.0,0.025,0.05,0.075,0.1,0.125,0.15,0.175,0.2,0.225,0.25,0.275,0.3,0.325,0.35,0.375,0.4,0.425,0.45,0.475,0.5,0.525,0.55,0.575,0.6,0.625,0.65,0.675,0.7,0.725,0.75,0.775,0.8,0.825,0.85,0.875,0.9,0.925,0.95,0.975,1.0]",3a596dba9a255d65b597d174bf269a378a305acf86250ec293c9720b1c95ca2a
278,6,6,5,2.0,100,150,50,41,"[0.0,0.025,0.05,0.075,0.1,0.125,0.15,0.175,0.2,0.225,0.25,0.275,0.3,0.325,0.35,0.375,0.4,0.425,0.45,0.475,0.5,0.525,0.55,0.575,0.6,0.625,0.65,0.675,0.7,0.725,0.75,0.775,0.8,0.825,0.85,0.875,0.9,0.925,0.95,0.975,1.0]",3a596dba9a255d65b597d174bf269a378a305acf86250ec293c9720b1c95ca2a
279,6,6,5,2.0,150,200,50,41,"[0.0,0.025,0.05,0.075,0.1,0.125,0.15,0.175,0.2,0.225,0.25,0.275,0.3,0.325,0.35,0.375,0.4,0.425,0.45,0.475,0.5,0.525,0.55,0.575,0.6,0.625,0.65,0.675,0.7,0.725,0.75,0.775,0.8,0.825,0.85,0.875,0.9,0.925,0.95,0.975,1.0]",3a596dba9a255d65b597d174bf269a378a305acf86250ec293c9720b1c95ca2a
280,6,6,5,2.1,0,50,50,41,"[0.0,0.025,0.05,0.075,0.1,0.125,0.15,0.175,0.2,0.225,0.25,0.275,0.3,0.325,0.35,0.375,0.4,0.425,0.45,0.475,0.5,0.525,0.55,0.575,0.6,0.625,0.65,0.675,0.7,0.725,0.75,0.775,0.8,0.825,0.85,0.875,0.9,0.925,0.95,0.975,1.0]",dc203a3714a8dff71771a2b52f89dfd23c56aa7cf3c31b64e9098a7c1ff63806
281,6,6,5,2.1,50,100,50,41,"[0.0,0.025,0.05,0.075,0.1,0.125,0.15,0.175,0.2,0.225,0.25,0.275,0.3,0.325,0.35,0.375,0.4,0.425,0.45,0.475,0.5,0.525,0.55,0.575,0.6,0.625,0.65,0.675,0.7,0.725,0.75,0.775,0.8,0.825,0.85,0.875,0.9,0.925,0.95,0.975,1.0]",dc203a3714a8dff71771a2b52f89dfd23c56aa7cf3c31b64e9098a7c1ff63806
282,6,6,5,2.1,100,150,50,41,"[0.0,0.025,0.05,0.075,0.1,0.125,0.15,0.175,0.2,0.225,0.25,0.275,0.3,0.325,0.35,0.375,0.4,0.425,0.45,0.475,0.5,0.525,0.55,0.575,0.6,0.625,0.65,0.675,0.7,0.725,0.75,0.775,0.8,0.825,0.85,0.875,0.9,0.925,0.95,0.975,1.0]",dc203a3714a8dff71771a2b52f89dfd23c56aa7cf3c31b64e9098a7c1ff63806
283,6,6,5,2.1,150,200,50,41,"[0.0,0.025,0.05,0.075,0.1,0.125,0.15,0.175,0.2,0.225,0.25,0.275,0.3,0.325,0.35,0.375,0.4,0.425,0.45,0.475,0.5,0.525,0.55,0.575,0.6,0.625,0.65,0.675,0.7,0.725,0.75,0.775,0.8,0.825,0.85,0.875,0.9,0.925,0.95,0.975,1.0]",dc203a3714a8dff71771a2b52f89dfd23c56aa7cf3c31b64e9098a7c1ff63806
284,6,6,5,2.2,0,50,50,41,"[0.0,0.025,0.05,0.075,0.1,0.125,0.15,0.175,0.2,0.225,0.25,0.275,0.3,0.325,0.35,0.375,0.4,0.425,0.45,0.475,0.5,0.525,0.55,0.575,0.6,0.625,0.65,0.675,0.7,0.725,0.75,0.775,0.8,0.825,0.85,0.875,0.9,0.925,0.95,0.975,1.0]",5089f9f2703fd9ff1843d635a7817a5e14a27395e444dac4a8e0238cdb2720b1
285,6,6,5,2.2,50,100,50,41,"[0.0,0.025,0.05,0.075,0.1,0.125,0.15,0.175,0.2,0.225,0.25,0.275,0.3,0.325,0.35,0.375,0.4,0.425,0.45,0.475,0.5,0.525,0.55,0.575,0.6,0.625,0.65,0.675,0.7,0.725,0.75,0.775,0.8,0.825,0.85,0.875,0.9,0.925,0.95,0.975,1.0]",5089f9f2703fd9ff1843d635a7817a5e14a27395e444dac4a8e0238cdb2720b1
286,6,6,5,2.2,100,150,50,41,"[0.0,0.025,0.05,0.075,0.1,0.125,0.15,0.175,0.2,0.225,0.25,0.275,0.3,0.325,0.35,0.375,0.4,0.425,0.45,0.475,0.5,0.525,0.55,0.575,0.6,0.625,0.65,0.675,0.7,0.725,0.75,0.775,0.8,0.825,0.85,0.875,0.9,0.925,0.95,0.975,1.0]",5089f9f2703fd9ff1843d635a7817a5e14a27395e444dac4a8e0238cdb2720b1
287,6,6,5,2.2,150,200,50,41,"[0.0,0.025,0.05,0.075,0.1,0.125,0.15,0.175,0.2,0.225,0.25,0.275,0.3,0.325,0.35,0.375,0.4,0.425,0.45,0.475,0.5,0.525,0.55,0.575,0.6,0.625,0.65,0.675,0.7,0.725,0.75,0.775,0.8,0.825,0.85,0.875,0.9,0.925,0.95,0.975,1.0]",5089f9f2703fd9ff1843d635a7817a5e14a27395e444dac4a8e0238cdb2720b1
288,6,6,5,2.3,0,50,50,41,"[0.0,0.025,0.05,0.075,0.1,0.125,0.15,0.175,0.2,0.225,0.25,0.275,0.3,0.325,0.35,0.375,0.4,0.425,0.45,0.475,0.5,0.525,0.55,0.575,0.6,0.625,0.65,0.675,0.7,0.725,0.75,0.775,0.8,0.825,0.85,0.875,0.9,0.925,0.95,0.975,1.0]",d1b409184efcc870c0106d259ca378c0907b7302b05a830710b2961d746e9b30
289,6,6,5,2.3,50,100,50,41,"[0.0,0.025,0.05,0.075,0.1,0.125,0.15,0.175,0.2,0.225,0.25,0.275,0.3,0.325,0.35,0.375,0.4,0.425,0.45,0.475,0.5,0.525,0.55,0.575,0.6,0.625,0.65,0.675,0.7,0.725,0.75,0.775,0.8,0.825,0.85,0.875,0.9,0.925,0.95,0.975,1.0]",d1b409184efcc870c0106d259ca378c0907b7302b05a830710b2961d746e9b30
290,6,6,5,2.3,100,150,50,41,"[0.0,0.025,0.05,0.075,0.1,0.125,0.15,0.175,0.2,0.225,0.25,0.275,0.3,0.325,0.35,0.375,0.4,0.425,0.45,0.475,0.5,0.525,0.55,0.575,0.6,0.625,0.65,0.675,0.7,0.725,0.75,0.775,0.8,0.825,0.85,0.875,0.9,0.925,0.95,0.975,1.0]",d1b409184efcc870c0106d259ca378c0907b7302b05a830710b2961d746e9b30
291,6,6,5,2.3,150,200,50,41,"[0.0,0.025,0.05,0.075,0.1,0.125,0.15,0.175,0.2,0.225,0.25,0.275,0.3,0.325,0.35,0.375,0.4,0.425,0.45,0.475,0.5,0.525,0.55,0.575,0.6,0.625,0.65,0.675,0.7,0.725,0.75,0.775,0.8,0.825,0.85,0.875,0.9,0.925,0.95,0.975,1.0]",d1b409184efcc870c0106d259ca378c0907b7302b05a830710b2961d746e9b30
292,6,6,5,2.4,0,50,50,41,"[0.0,0.025,0.05,0.075,0.1,0.125,0.15,0.175,0.2,0.225,0.25,0.275,0.3,0.325,0.35,0.375,0.4,0.425,0.45,0.475,0.5,0.525,0.55,0.575,0.6,0.625,0.65,0.675,0.7,0.725,0.75,0.775,0.8,0.825,0.85,0.875,0.9,0.925,0.95,0.975,1.0]",b5a8dff9d8db6b388cf3520208a7eb0424d3eb7b9797236fc5a906508a44b5e1
293,6,6,5,2.4,50,100,50,41,"[0.0,0.025,0.05,0.075,0.1,0.125,0.15,0.175,0.2,0.225,0.25,0.275,0.3,0.325,0.35,0.375,0.4,0.425,0.45,0.475,0.5,0.525,0.55,0.575,0.6,0.625,0.65,0.675,0.7,0.725,0.75,0.775,0.8,0.825,0.85,0.875,0.9,0.925,0.95,0.975,1.0]",b5a8dff9d8db6b388cf3520208a7eb0424d3eb7b9797236fc5a906508a44b5e1
294,6,6,5,2.4,100,150,50,41,"[0.0,0.025,0.05,0.075,0.1,0.125,0.15,0.175,0.2,0.225,0.25,0.275,0.3,0.325,0.35,0.375,0.4,0.425,0.45,0.475,0.5,0.525,0.55,0.575,0.6,0.625,0.65,0.675,0.7,0.725,0.75,0.775,0.8,0.825,0.85,0.875,0.9,0.925,0.95,0.975,1.0]",b5a8dff9d8db6b388cf3520208a7eb0424d3eb7b9797236fc5a906508a44b5e1
295,6,6,5,2.4,150,200,50,41,"[0.0,0.025,0.05,0.075,0.1,0.125,0.15,0.175,0.2,0.225,0.25,0.275,0.3,0.325,0.35,0.375,0.4,0.425,0.45,0.475,0.5,0.525,0.55,0.575,0.6,0.625,0.65,0.675,0.7,0.725,0.75,0.775,0.8,0.825,0.85,0.875,0.9,0.925,0.95,0.975,1.0]",b5a8dff9d8db6b388cf3520208a7eb0424d3eb7b9797236fc5a906508a44b5e1
296,6,6,5,2.5,0,50,50,41,"[0.0,0.025,0.05,0.075,0.1,0.125,0.15,0.175,0.2,0.225,0.25,0.275,0.3,0.325,0.35,0.375,0.4,0.425,0.45,0.475,0.5,0.525,0.55,0.575,0.6,0.625,0.65,0.675,0.7,0.725,0.75,0.775,0.8,0.825,0.85,0.875,0.9,0.925,0.95,0.975,1.0]",7b6ac8179592802d4fe634549f2a04734f0c886458b89b48f108d1aa7a5dcd3d
297,6,6,5,2.5,50,100,50,41,"[0.0,0.025,0.05,0.075,0.1,0.125,0.15,0.175,0.2,0.225,0.25,0.275,0.3,0.325,0.35,0.375,0.4,0.425,0.45,0.475,0.5,0.525,0.55,0.575,0.6,0.625,0.65,0.675,0.7,0.725,0.75,0.775,0.8,0.825,0.85,0.875,0.9,0.925,0.95,0.975,1.0]",7b6ac8179592802d4fe634549f2a04734f0c886458b89b48f108d1aa7a5dcd3d
298,6,6,5,2.5,100,150,50,41,"[0.0,0.025,0.05,0.075,0.1,0.125,0.15,0.175,0.2,0.225,0.25,0.275,0.3,0.325,0.35,0.375,0.4,0.425,0.45,0.475,0.5,0.525,0.55,0.575,0.6,0.625,0.65,0.675,0.7,0.725,0.75,0.775,0.8,0.825,0.85,0.875,0.9,0.925,0.95,0.975,1.0]",7b6ac8179592802d4fe634549f2a04734f0c886458b89b48f108d1aa7a5dcd3d
299,6,6,5,2.5,150,200,50,41,"[0.0,0.025,0.05,0.075,0.1,0.125,0.15,0.175,0.2,0.225,0.25,0.275,0.3,0.325,0.35,0.375,0.4,0.425,0.45,0.475,0.5,0.525,0.55,0.575,0.6,0.625,0.65,0.675,0.7,0.725,0.75,0.775,0.8,0.825,0.85,0.875,0.9,0.925,0.95,0.975,1.0]",7b6ac8179592802d4fe634549f2a04734f0c886458b89b48f108d1aa7a5dcd3d
300,6,6,6,0.1,0,50,50,41,"[0.0,0.025,0.05,0.075,0.1,0.125,0.15,0.175,0.2,0.225,0.25,0.275,0.3,0.325,0.35,0.375,0.4,0.425,0.45,0.475,0.5,0.525,0.55,0.575,0.6,0.625,0.65,0.675,0.7,0.725,0.75,0.775,0.8,0.825,0.85,0.875,0.9,0.925,0.95,0.975,1.0]",c230608014139f269e0670dd2ee6fcdfb1fccc60bbce4dccefa22d7313443b2f
301,6,6,6,0.1,50,100,50,41,"[0.0,0.025,0.05,0.075,0.1,0.125,0.15,0.175,0.2,0.225,0.25,0.275,0.3,0.325,0.35,0.375,0.4,0.425,0.45,0.475,0.5,0.525,0.55,0.575,0.6,0.625,0.65,0.675,0.7,0.725,0.75,0.775,0.8,0.825,0.85,0.875,0.9,0.925,0.95,0.975,1.0]",c230608014139f269e0670dd2ee6fcdfb1fccc60bbce4dccefa22d7313443b2f
302,6,6,6,0.1,100,150,50,41,"[0.0,0.025,0.05,0.075,0.1,0.125,0.15,0.175,0.2,0.225,0.25,0.275,0.3,0.325,0.35,0.375,0.4,0.425,0.45,0.475,0.5,0.525,0.55,0.575,0.6,0.625,0.65,0.675,0.7,0.725,0.75,0.775,0.8,0.825,0.85,0.875,0.9,0.925,0.95,0.975,1.0]",c230608014139f269e0670dd2ee6fcdfb1fccc60bbce4dccefa22d7313443b2f
303,6,6,6,0.1,150,200,50,41,"[0.0,0.025,0.05,0.075,0.1,0.125,0.15,0.175,0.2,0.225,0.25,0.275,0.3,0.325,0.35,0.375,0.4,0.425,0.45,0.475,0.5,0.525,0.55,0.575,0.6,0.625,0.65,0.675,0.7,0.725,0.75,0.775,0.8,0.825,0.85,0.875,0.9,0.925,0.95,0.975,1.0]",c230608014139f269e0670dd2ee6fcdfb1fccc60bbce4dccefa22d7313443b2f
304,6,6,6,0.2,0,50,50,41,"[0.0,0.025,0.05,0.075,0.1,0.125,0.15,0.175,0.2,0.225,0.25,0.275,0.3,0.325,0.35,0.375,0.4,0.425,0.45,0.475,0.5,0.525,0.55,0.575,0.6,0.625,0.65,0.675,0.7,0.725,0.75,0.775,0.8,0.825,0.85,0.875,0.9,0.925,0.95,0.975,1.0]",1fd9f4d6919c4ce68483ba4a0f1c283748c703b02d1fd439cf123d28d44e3c44
305,6,6,6,0.2,50,100,50,41,"[0.0,0.025,0.05,0.075,0.1,0.125,0.15,0.175,0.2,0.225,0.25,0.275,0.3,0.325,0.35,0.375,0.4,0.425,0.45,0.475,0.5,0.525,0.55,0.575,0.6,0.625,0.65,0.675,0.7,0.725,0.75,0.775,0.8,0.825,0.85,0.875,0.9,0.925,0.95,0.975,1.0]",1fd9f4d6919c4ce68483ba4a0f1c283748c703b02d1fd439cf123d28d44e3c44
306,6,6,6,0.2,100,150,50,41,"[0.0,0.025,0.05,0.075,0.1,0.125,0.15,0.175,0.2,0.225,0.25,0.275,0.3,0.325,0.35,0.375,0.4,0.425,0.45,0.475,0.5,0.525,0.55,0.575,0.6,0.625,0.65,0.675,0.7,0.725,0.75,0.775,0.8,0.825,0.85,0.875,0.9,0.925,0.95,0.975,1.0]",1fd9f4d6919c4ce68483ba4a0f1c283748c703b02d1fd439cf123d28d44e3c44
307,6,6,6,0.2,150,200,50,41,"[0.0,0.025,0.05,0.075,0.1,0.125,0.15,0.175,0.2,0.225,0.25,0.275,0.3,0.325,0.35,0.375,0.4,0.425,0.45,0.475,0.5,0.525,0.55,0.575,0.6,0.625,0.65,0.675,0.7,0.725,0.75,0.775,0.8,0.825,0.85,0.875,0.9,0.925,0.95,0.975,1.0]",1fd9f4d6919c4ce68483ba4a0f1c283748c703b02d1fd439cf123d28d44e3c44
308,6,6,6,0.3,0,50,50,41,"[0.0,0.025,0.05,0.075,0.1,0.125,0.15,0.175,0.2,0.225,0.25,0.275,0.3,0.325,0.35,0.375,0.4,0.425,0.45,0.475,0.5,0.525,0.55,0.575,0.6,0.625,0.65,0.675,0.7,0.725,0.75,0.775,0.8,0.825,0.85,0.875,0.9,0.925,0.95,0.975,1.0]",abd948495951266599de90d21c67481e25e5eb941d15c25d25ad903b9525abc2
309,6,6,6,0.3,50,100,50,41,"[0.0,0.025,0.05,0.075,0.1,0.125,0.15,0.175,0.2,0.225,0.25,0.275,0.3,0.325,0.35,0.375,0.4,0.425,0.45,0.475,0.5,0.525,0.55,0.575,0.6,0.625,0.65,0.675,0.7,0.725,0.75,0.775,0.8,0.825,0.85,0.875,0.9,0.925,0.95,0.975,1.0]",abd948495951266599de90d21c67481e25e5eb941d15c25d25ad903b9525abc2
310,6,6,6,0.3,100,150,50,41,"[0.0,0.025,0.05,0.075,0.1,0.125,0.15,0.175,0.2,0.225,0.25,0.275,0.3,0.325,0.35,0.375,0.4,0.425,0.45,0.475,0.5,0.525,0.55,0.575,0.6,0.625,0.65,0.675,0.7,0.725,0.75,0.775,0.8,0.825,0.85,0.875,0.9,0.925,0.95,0.975,1.0]",abd948495951266599de90d21c67481e25e5eb941d15c25d25ad903b9525abc2
311,6,6,6,0.3,150,200,50,41,"[0.0,0.025,0.05,0.075,0.1,0.125,0.15,0.175,0.2,0.225,0.25,0.275,0.3,0.325,0.35,0.375,0.4,0.425,0.45,0.475,0.5,0.525,0.55,0.575,0.6,0.625,0.65,0.675,0.7,0.725,0.75,0.775,0.8,0.825,0.85,0.875,0.9,0.925,0.95,0.975,1.0]",abd948495951266599de90d21c67481e25e5eb941d15c25d25ad903b9525abc2
312,6,6,6,0.4,0,50,50,41,"[0.0,0.025,0.05,0.075,0.1,0.125,0.15,0.175,0.2,0.225,0.25,0.275,0.3,0.325,0.35,0.375,0.4,0.425,0.45,0.475,0.5,0.525,0.55,0.575,0.6,0.625,0.65,0.675,0.7,0.725,0.75,0.775,0.8,0.825,0.85,0.875,0.9,0.925,0.95,0.975,1.0]",ef5157cc70d7eddb95839235ea3307be2d1d091dd5b4abff7f50a5b5207ce9e1
313,6,6,6,0.4,50,100,50,41,"[0.0,0.025,0.05,0.075,0.1,0.125,0.15,0.175,0.2,0.225,0.25,0.275,0.3,0.325,0.35,0.375,0.4,0.425,0.45,0.475,0.5,0.525,0.55,0.575,0.6,0.625,0.65,0.675,0.7,0.725,0.75,0.775,0.8,0.825,0.85,0.875,0.9,0.925,0.95,0.975,1.0]",ef5157cc70d7eddb95839235ea3307be2d1d091dd5b4abff7f50a5b5207ce9e1
314,6,6,6,0.4,100,150,50,41,"[0.0,0.025,0.05,0.075,0.1,0.125,0.15,0.175,0.2,0.225,0.25,0.275,0.3,0.325,0.35,0.375,0.4,0.425,0.45,0.475,0.5,0.525,0.55,0.575,0.6,0.625,0.65,0.675,0.7,0.725,0.75,0.775,0.8,0.825,0.85,0.875,0.9,0.925,0.95,0.975,1.0]",ef5157cc70d7eddb95839235ea3307be2d1d091dd5b4abff7f50a5b5207ce9e1
315,6,6,6,0.4,150,200,50,41,"[0.0,0.025,0.05,0.075,0.1,0.125,0.15,0.175,0.2,0.225,0.25,0.275,0.3,0.325,0.35,0.375,0.4,0.425,0.45,0.475,0.5,0.525,0.55,0.575,0.6,0.625,0.65,0.675,0.7,0.725,0.75,0.775,0.8,0.825,0.85,0.875,0.9,0.925,0.95,0.975,1.0]",ef5157cc70d7eddb95839235ea3307be2d1d091dd5b4abff7f50a5b5207ce9e1
316,6,6,6,0.5,0,50,50,41,"[0.0,0.025,0.05,0.075,0.1,0.125,0.15,0.175,0.2,0.225,0.25,0.275,0.3,0.325,0.35,0.375,0.4,0.425,0.45,0.475,0.5,0.525,0.55,0.575,0.6,0.625,0.65,0.675,0.7,0.725,0.75,0.775,0.8,0.825,0.85,0.875,0.9,0.925,0.95,0.975,1.0]",b384563c735a7250c50eae54044bc0fcfa8740310f89ae40369fd0d968f81c92
317,6,6,6,0.5,50,100,50,41,"[0.0,0.025,0.05,0.075,0.1,0.125,0.15,0.175,0.2,0.225,0.25,0.275,0.3,0.325,0.35,0.375,0.4,0.425,0.45,0.475,0.5,0.525,0.55,0.575,0.6,0.625,0.65,0.675,0.7,0.725,0.75,0.775,0.8,0.825,0.85,0.875,0.9,0.925,0.95,0.975,1.0]",b384563c735a7250c50eae54044bc0fcfa8740310f89ae40369fd0d968f81c92
318,6,6,6,0.5,100,150,50,41,"[0.0,0.025,0.05,0.075,0.1,0.125,0.15,0.175,0.2,0.225,0.25,0.275,0.3,0.325,0.35,0.375,0.4,0.425,0.45,0.475,0.5,0.525,0.55,0.575,0.6,0.625,0.65,0.675,0.7,0.725,0.75,0.775,0.8,0.825,0.85,0.875,0.9,0.925,0.95,0.975,1.0]",b384563c735a7250c50eae54044bc0fcfa8740310f89ae40369fd0d968f81c92
319,6,6,6,0.5,150,200,50,41,"[0.0,0.025,0.05,0.075,0.1,0.125,0.15,0.175,0.2,0.225,0.25,0.275,0.3,0.325,0.35,0.375,0.4,0.425,0.45,0.475,0.5,0.525,0.55,0.575,0.6,0.625,0.65,0.675,0.7,0.725,0.75,0.775,0.8,0.825,0.85,0.875,0.9,0.925,0.95,0.975,1.0]",b384563c735a7250c50eae54044bc0fcfa8740310f89ae40369fd0d968f81c92
320,6,6,6,0.6,0,50,50,41,"[0.0,0.025,0.05,0.075,0.1,0.125,0.15,0.175,0.2,0.225,0.25,0.275,0.3,0.325,0.35,0.375,0.4,0.425,0.45,0.475,0.5,0.525,0.55,0.575,0.6,0.625,0.65,0.675,0.7,0.725,0.75,0.775,0.8,0.825,0.85,0.875,0.9,0.925,0.95,0.975,1.0]",401c5837fd56f920c057c948031789320f09bc5fb19a4155207ab982aa01911f
321,6,6,6,0.6,50,100,50,41,"[0.0,0.025,0.05,0.075,0.1,0.125,0.15,0.175,0.2,0.225,0.25,0.275,0.3,0.325,0.35,0.375,0.4,0.425,0.45,0.475,0.5,0.525,0.55,0.575,0.6,0.625,0.65,0.675,0.7,0.725,0.75,0.775,0.8,0.825,0.85,0.875,0.9,0.925,0.95,0.975,1.0]",401c5837fd56f920c057c948031789320f09bc5fb19a4155207ab982aa01911f
322,6,6,6,0.6,100,150,50,41,"[0.0,0.025,0.05,0.075,0.1,0.125,0.15,0.175,0.2,0.225,0.25,0.275,0.3,0.325,0.35,0.375,0.4,0.425,0.45,0.475,0.5,0.525,0.55,0.575,0.6,0.625,0.65,0.675,0.7,0.725,0.75,0.775,0.8,0.825,0.85,0.875,0.9,0.925,0.95,0.975,1.0]",401c5837fd56f920c057c948031789320f09bc5fb19a4155207ab982aa01911f
323,6,6,6,0.6,150,200,50,41,"[0.0,0.025,0.05,0.075,0.1,0.125,0.15,0.175,0.2,0.225,0.25,0.275,0.3,0.325,0.35,0.375,0.4,0.425,0.45,0.475,0.5,0.525,0.55,0.575,0.6,0.625,0.65,0.675,0.7,0.725,0.75,0.775,0.8,0.825,0.85,0.875,0.9,0.925,0.95,0.975,1.0]",401c5837fd56f920c057c948031789320f09bc5fb19a4155207ab982aa01911f
324,6,6,6,0.7,0,50,50,41,"[0.0,0.025,0.05,0.075,0.1,0.125,0.15,0.175,0.2,0.225,0.25,0.275,0.3,0.325,0.35,0.375,0.4,0.425,0.45,0.475,0.5,0.525,0.55,0.575,0.6,0.625,0.65,0.675,0.7,0.725,0.75,0.775,0.8,0.825,0.85,0.875,0.9,0.925,0.95,0.975,1.0]",a3719513223b88db8f371bd997f97e919b7057f06764df19d39f56f9680c43ba
325,6,6,6,0.7,50,100,50,41,"[0.0,0.025,0.05,0.075,0.1,0.125,0.15,0.175,0.2,0.225,0.25,0.275,0.3,0.325,0.35,0.375,0.4,0.425,0.45,0.475,0.5,0.525,0.55,0.575,0.6,0.625,0.65,0.675,0.7,0.725,0.75,0.775,0.8,0.825,0.85,0.875,0.9,0.925,0.95,0.975,1.0]",a3719513223b88db8f371bd997f97e919b7057f06764df19d39f56f9680c43ba
326,6,6,6,0.7,100,150,50,41,"[0.0,0.025,0.05,0.075,0.1,0.125,0.15,0.175,0.2,0.225,0.25,0.275,0.3,0.325,0.35,0.375,0.4,0.425,0.45,0.475,0.5,0.525,0.55,0.575,0.6,0.625,0.65,0.675,0.7,0.725,0.75,0.775,0.8,0.825,0.85,0.875,0.9,0.925,0.95,0.975,1.0]",a3719513223b88db8f371bd997f97e919b7057f06764df19d39f56f9680c43ba
327,6,6,6,0.7,150,200,50,41,"[0.0,0.025,0.05,0.075,0.1,0.125,0.15,0.175,0.2,0.225,0.25,0.275,0.3,0.325,0.35,0.375,0.4,0.425,0.45,0.475,0.5,0.525,0.55,0.575,0.6,0.625,0.65,0.675,0.7,0.725,0.75,0.775,0.8,0.825,0.85,0.875,0.9,0.925,0.95,0.975,1.0]",a3719513223b88db8f371bd997f97e919b7057f06764df19d39f56f9680c43ba
328,6,6,6,0.8,0,50,50,41,"[0.0,0.025,0.05,0.075,0.1,0.125,0.15,0.175,0.2,0.225,0.25,0.275,0.3,0.325,0.35,0.375,0.4,0.425,0.45,0.475,0.5,0.525,0.55,0.575,0.6,0.625,0.65,0.675,0.7,0.725,0.75,0.775,0.8,0.825,0.85,0.875,0.9,0.925,0.95,0.975,1.0]",c5b42df9425f324527671990d88978349642041f645c1dfcb5d50a745b34fe46
329,6,6,6,0.8,50,100,50,41,"[0.0,0.025,0.05,0.075,0.1,0.125,0.15,0.175,0.2,0.225,0.25,0.275,0.3,0.325,0.35,0.375,0.4,0.425,0.45,0.475,0.5,0.525,0.55,0.575,0.6,0.625,0.65,0.675,0.7,0.725,0.75,0.775,0.8,0.825,0.85,0.875,0.9,0.925,0.95,0.975,1.0]",c5b42df9425f324527671990d88978349642041f645c1dfcb5d50a745b34fe46
330,6,6,6,0.8,100,150,50,41,"[0.0,0.025,0.05,0.075,0.1,0.125,0.15,0.175,0.2,0.225,0.25,0.275,0.3,0.325,0.35,0.375,0.4,0.425,0.45,0.475,0.5,0.525,0.55,0.575,0.6,0.625,0.65,0.675,0.7,0.725,0.75,0.775,0.8,0.825,0.85,0.875,0.9,0.925,0.95,0.975,1.0]",c5b42df9425f324527671990d88978349642041f645c1dfcb5d50a745b34fe46
331,6,6,6,0.8,150,200,50,41,"[0.0,0.025,0.05,0.075,0.1,0.125,0.15,0.175,0.2,0.225,0.25,0.275,0.3,0.325,0.35,0.375,0.4,0.425,0.45,0.475,0.5,0.525,0.55,0.575,0.6,0.625,0.65,0.675,0.7,0.725,0.75,0.775,0.8,0.825,0.85,0.875,0.9,0.925,0.95,0.975,1.0]",c5b42df9425f324527671990d88978349642041f645c1dfcb5d50a745b34fe46
332,6,6,6,0.9,0,50,50,41,"[0.0,0.025,0.05,0.075,0.1,0.125,0.15,0.175,0.2,0.225,0.25,0.275,0.3,0.325,0.35,0.375,0.4,0.425,0.45,0.475,0.5,0.525,0.55,0.575,0.6,0.625,0.65,0.675,0.7,0.725,0.75,0.775,0.8,0.825,0.85,0.875,0.9,0.925,0.95,0.975,1.0]",4bf73b606305972fbd066f3b4dad541acec973e9e00ebe70ed1e8821792c95aa
333,6,6,6,0.9,50,100,50,41,"[0.0,0.025,0.05,0.075,0.1,0.125,0.15,0.175,0.2,0.225,0.25,0.275,0.3,0.325,0.35,0.375,0.4,0.425,0.45,0.475,0.5,0.525,0.55,0.575,0.6,0.625,0.65,0.675,0.7,0.725,0.75,0.775,0.8,0.825,0.85,0.875,0.9,0.925,0.95,0.975,1.0]",4bf73b606305972fbd066f3b4dad541acec973e9e00ebe70ed1e8821792c95aa
334,6,6,6,0.9,100,150,50,41,"[0.0,0.025,0.05,0.075,0.1,0.125,0.15,0.175,0.2,0.225,0.25,0.275,0.3,0.325,0.35,0.375,0.4,0.425,0.45,0.475,0.5,0.525,0.55,0.575,0.6,0.625,0.65,0.675,0.7,0.725,0.75,0.775,0.8,0.825,0.85,0.875,0.9,0.925,0.95,0.975,1.0]",4bf73b606305972fbd066f3b4dad541acec973e9e00ebe70ed1e8821792c95aa
335,6,6,6,0.9,150,200,50,41,"[0.0,0.025,0.05,0.075,0.1,0.125,0.15,0.175,0.2,0.225,0.25,0.275,0.3,0.325,0.35,0.375,0.4,0.425,0.45,0.475,0.5,0.525,0.55,0.575,0.6,0.625,0.65,0.675,0.7,0.725,0.75,0.775,0.8,0.825,0.85,0.875,0.9,0.925,0.95,0.975,1.0]",4bf73b606305972fbd066f3b4dad541acec973e9e00ebe70ed1e8821792c95aa
336,6,6,6,1.0,0,50,50,41,"[0.0,0.025,0.05,0.075,0.1,0.125,0.15,0.175,0.2,0.225,0.25,0.275,0.3,0.325,0.35,0.375,0.4,0.425,0.45,0.475,0.5,0.525,0.55,0.575,0.6,0.625,0.65,0.675,0.7,0.725,0.75,0.775,0.8,0.825,0.85,0.875,0.9,0.925,0.95,0.975,1.0]",6fecfb639ce4690b86b77519b091043727b0b9a0bb8b50c2a8b9d38b39620c67
337,6,6,6,1.0,50,100,50,41,"[0.0,0.025,0.05,0.075,0.1,0.125,0.15,0.175,0.2,0.225,0.25,0.275,0.3,0.325,0.35,0.375,0.4,0.425,0.45,0.475,0.5,0.525,0.55,0.575,0.6,0.625,0.65,0.675,0.7,0.725,0.75,0.775,0.8,0.825,0.85,0.875,0.9,0.925,0.95,0.975,1.0]",6fecfb639ce4690b86b77519b091043727b0b9a0bb8b50c2a8b9d38b39620c67
338,6,6,6,1.0,100,150,50,41,"[0.0,0.025,0.05,0.075,0.1,0.125,0.15,0.175,0.2,0.225,0.25,0.275,0.3,0.325,0.35,0.375,0.4,0.425,0.45,0.475,0.5,0.525,0.55,0.575,0.6,0.625,0.65,0.675,0.7,0.725,0.75,0.775,0.8,0.825,0.85,0.875,0.9,0.925,0.95,0.975,1.0]",6fecfb639ce4690b86b77519b091043727b0b9a0bb8b50c2a8b9d38b39620c67
339,6,6,6,1.0,150,200,50,41,"[0.0,0.025,0.05,0.075,0.1,0.125,0.15,0.175,0.2,0.225,0.25,0.275,0.3,0.325,0.35,0.375,0.4,0.425,0.45,0.475,0.5,0.525,0.55,0.575,0.6,0.625,0.65,0.675,0.7,0.725,0.75,0.775,0.8,0.825,0.85,0.875,0.9,0.925,0.95,0.975,1.0]",6fecfb639ce4690b86b77519b091043727b0b9a0bb8b50c2a8b9d38b39620c67
340,6,6,6,1.1,0,50,50,41,"[0.0,0.025,0.05,0.075,0.1,0.125,0.15,0.175,0.2,0.225,0.25,0.275,0.3,0.325,0.35,0.375,0.4,0.425,0.45,0.475,0.5,0.525,0.55,0.575,0.6,0.625,0.65,0.675,0.7,0.725,0.75,0.775,0.8,0.825,0.85,0.875,0.9,0.925,0.95,0.975,1.0]",23f3646591c9a0c64a92f5afb13f92e02545bb19e351673ba3ad9c8cad52618c
341,6,6,6,1.1,50,100,50,41,"[0.0,0.025,0.05,0.075,0.1,0.125,0.15,0.175,0.2,0.225,0.25,0.275,0.3,0.325,0.35,0.375,0.4,0.425,0.45,0.475,0.5,0.525,0.55,0.575,0.6,0.625,0.65,0.675,0.7,0.725,0.75,0.775,0.8,0.825,0.85,0.875,0.9,0.925,0.95,0.975,1.0]",23f3646591c9a0c64a92f5afb13f92e02545bb19e351673ba3ad9c8cad52618c
342,6,6,6,1.1,100,150,50,41,"[0.0,0.025,0.05,0.075,0.1,0.125,0.15,0.175,0.2,0.225,0.25,0.275,0.3,0.325,0.35,0.375,0.4,0.425,0.45,0.475,0.5,0.525,0.55,0.575,0.6,0.625,0.65,0.675,0.7,0.725,0.75,0.775,0.8,0.825,0.85,0.875,0.9,0.925,0.95,0.975,1.0]",23f3646591c9a0c64a92f5afb13f92e02545bb19e351673ba3ad9c8cad52618c
343,6,6,6,1.1,150,200,50,41,"[0.0,0.025,0.05,0.075,0.1,0.125,0.15,0.175,0.2,0.225,0.25,0.275,0.3,0.325,0.35,0.375,0.4,0.425,0.45,0.475,0.5,0.525,0.55,0.575,0.6,0.625,0.65,0.675,0.7,0.725,0.75,0.775,0.8,0.825,0.85,0.875,0.9,0.925,0.95,0.975,1.0]",23f3646591c9a0c64a92f5afb13f92e02545bb19e351673ba3ad9c8cad52618c
344,6,6,6,1.2,0,50,50,41,"[0.0,0.025,0.05,0.075,0.1,0.125,0.15,0.175,0.2,0.225,0.25,0.275,0.3,0.325,0.35,0.375,0.4,0.425,0.45,0.475,0.5,0.525,0.55,0.575,0.6,0.625,0.65,0.675,0.7,0.725,0.75,0.775,0.8,0.825,0.85,0.875,0.9,0.925,0.95,0.975,1.0]",b41ace2452db12c57f4efff824e01fd7751c092744ee3d87724e6f02e5ba78a2
345,6,6,6,1.2,50,100,50,41,"[0.0,0.025,0.05,0.075,0.1,0.125,0.15,0.175,0.2,0.225,0.25,0.275,0.3,0.325,0.35,0.375,0.4,0.425,0.45,0.475,0.5,0.525,0.55,0.575,0.6,0.625,0.65,0.675,0.7,0.725,0.75,0.775,0.8,0.825,0.85,0.875,0.9,0.925,0.95,0.975,1.0]",b41ace2452db12c57f4efff824e01fd7751c092744ee3d87724e6f02e5ba78a2
346,6,6,6,1.2,100,150,50,41,"[0.0,0.025,0.05,0.075,0.1,0.125,0.15,0.175,0.2,0.225,0.25,0.275,0.3,0.325,0.35,0.375,0.4,0.425,0.45,0.475,0.5,0.525,0.55,0.575,0.6,0.625,0.65,0.675,0.7,0.725,0.75,0.775,0.8,0.825,0.85,0.875,0.9,0.925,0.95,0.975,1.0]",b41ace2452db12c57f4efff824e01fd7751c092744ee3d87724e6f02e5ba78a2
347,6,6,6,1.2,150,200,50,41,"[0.0,0.025,0.05,0.075,0.1,0.125,0.15,0.175,0.2,0.225,0.25,0.275,0.3,0.325,0.35,0.375,0.4,0.425,0.45,0.475,0.5,0.525,0.55,0.575,0.6,0.625,0.65,0.675,0.7,0.725,0.75,0.775,0.8,0.825,0.85,0.875,0.9,0.925,0.95,0.975,1.0]",b41ace2452db12c57f4efff824e01fd7751c092744ee3d87724e6f02e5ba78a2
348,6,6,6,1.3,0,50,50,41,"[0.0,0.025,0.05,0.075,0.1,0.125,0.15,0.175,0.2,0.225,0.25,0.275,0.3,0.325,0.35,0.375,0.4,0.425,0.45,0.475,0.5,0.525,0.55,0.575,0.6,0.625,0.65,0.675,0.7,0.725,0.75,0.775,0.8,0.825,0.85,0.875,0.9,0.925,0.95,0.975,1.0]",59f18e5c0deb1708bde016ff659cd69758da1264c14f70e6089d8b5512d94812
349,6,6,6,1.3,50,100,50,41,"[0.0,0.025,0.05,0.075,0.1,0.125,0.15,0.175,0.2,0.225,0.25,0.275,0.3,0.325,0.35,0.375,0.4,0.425,0.45,0.475,0.5,0.525,0.55,0.575,0.6,0.625,0.65,0.675,0.7,0.725,0.75,0.775,0.8,0.825,0.85,0.875,0.9,0.925,0.95,0.975,1.0]",59f18e5c0deb1708bde016ff659cd69758da1264c14f70e6089d8b5512d94812
350,6,6,6,1.3,100,150,50,41,"[0.0,0.025,0.05,0.075,0.1,0.125,0.15,0.175,0.2,0.225,0.25,0.275,0.3,0.325,0.35,0.375,0.4,0.425,0.45,0.475,0.5,0.525,0.55,0.575,0.6,0.625,0.65,0.675,0.7,0.725,0.75,0.775,0.8,0.825,0.85,0.875,0.9,0.925,0.95,0.975,1.0]",59f18e5c0deb1708bde016ff659cd69758da1264c14f70e6089d8b5512d94812
351,6,6,6,1.3,150,200,50,41,"[0.0,0.025,0.05,0.075,0.1,0.125,0.15,0.175,0.2,0.225,0.25,0.275,0.3,0.325,0.35,0.375,0.4,0.425,0.45,0.475,0.5,0.525,0.55,0.575,0.6,0.625,0.65,0.675,0.7,0.725,0.75,0.775,0.8,0.825,0.85,0.875,0.9,0.925,0.95,0.975,1.0]",59f18e5c0deb1708bde016ff659cd69758da1264c14f70e6089d8b5512d94812
352,6,6,6,1.4,0,50,50,41,"[0.0,0.025,0.05,0.075,0.1,0.125,0.15,0.175,0.2,0.225,0.25,0.275,0.3,0.325,0.35,0.375,0.4,0.425,0.45,0.475,0.5,0.525,0.55,0.575,0.6,0.625,0.65,0.675,0.7,0.725,0.75,0.775,0.8,0.825,0.85,0.875,0.9,0.925,0.95,0.975,1.0]",67face9985f697dfce2febc7324ec7138d3579a5a42391a81e30a1015992f37d
353,6,6,6,1.4,50,100,50,41,"[0.0,0.025,0.05,0.075,0.1,0.125,0.15,0.175,0.2,0.225,0.25,0.275,0.3,0.325,0.35,0.375,0.4,0.425,0.45,0.475,0.5,0.525,0.55,0.575,0.6,0.625,0.65,0.675,0.7,0.725,0.75,0.775,0.8,0.825,0.85,0.875,0.9,0.925,0.95,0.975,1.0]",67face9985f697dfce2febc7324ec7138d3579a5a42391a81e30a1015992f37d
354,6,6,6,1.4,100,150,50,41,"[0.0,0.025,0.05,0.075,0.1,0.125,0.15,0.175,0.2,0.225,0.25,0.275,0.3,0.325,0.35,0.375,0.4,0.425,0.45,0.475,0.5,0.525,0.55,0.575,0.6,0.625,0.65,0.675,0.7,0.725,0.75,0.775,0.8,0.825,0.85,0.875,0.9,0.925,0.95,0.975,1.0]",67face9985f697dfce2febc7324ec7138d3579a5a42391a81e30a1015992f37d
355,6,6,6,1.4,150,200,50,41,"[0.0,0.025,0.05,0.075,0.1,0.125,0.15,0.175,0.2,0.225,0.25,0.275,0.3,0.325,0.35,0.375,0.4,0.425,0.45,0.475,0.5,0.525,0.55,0.575,0.6,0.625,0.65,0.675,0.7,0.725,0.75,0.775,0.8,0.825,0.85,0.875,0.9,0.925,0.95,0.975,1.0]",67face9985f697dfce2febc7324ec7138d3579a5a42391a81e30a1015992f37d
356,6,6,6,1.5,0,50,50,41,"[0.0,0.025,0.05,0.075,0.1,0.125,0.15,0.175,0.2,0.225,0.25,0.275,0.3,0.325,0.35,0.375,0.4,0.425,0.45,0.475,0.5,0.525,0.55,0.575,0.6,0.625,0.65,0.675,0.7,0.725,0.75,0.775,0.8,0.825,0.85,0.875,0.9,0.925,0.95,0.975,1.0]",28912a26b8b70d33e1826274cc6af878433cbcf22b91e8dd3e49a6318e5823af
357,6,6,6,1.5,50,100,50,41,"[0.0,0.025,0.05,0.075,0.1,0.125,0.15,0.175,0.2,0.225,0.25,0.275,0.3,0.325,0.35,0.375,0.4,0.425,0.45,0.475,0.5,0.525,0.55,0.575,0.6,0.625,0.65,0.675,0.7,0.725,0.75,0.775,0.8,0.825,0.85,0.875,0.9,0.925,0.95,0.975,1.0]",28912a26b8b70d33e1826274cc6af878433cbcf22b91e8dd3e49a6318e5823af
358,6,6,6,1.5,100,150,50,41,"[0.0,0.025,0.05,0.075,0.1,0.125,0.15,0.175,0.2,0.225,0.25,0.275,0.3,0.325,0.35,0.375,0.4,0.425,0.45,0.475,0.5,0.525,0.55,0.575,0.6,0.625,0.65,0.675,0.7,0.725,0.75,0.775,0.8,0.825,0.85,0.875,0.9,0.925,0.95,0.975,1.0]",28912a26b8b70d33e1826274cc6af878433cbcf22b91e8dd3e49a6318e5823af
359,6,6,6,1.5,150,200,50,41,"[0.0,0.025,0.05,0.075,0.1,0.125,0.15,0.175,0.2,0.225,0.25,0.275,0.3,0.325,0.35,0.375,0.4,0.425,0.45,0.475,0.5,0.525,0.55,0.575,0.6,0.625,0.65,0.675,0.7,0.725,0.75,0.775,0.8,0.825,0.85,0.875,0.9,0.925,0.95,0.975,1.0]",28912a26b8b70d33e1826274cc6af878433cbcf22b91e8dd3e49a6318e5823af
360,6,6,6,1.6,0,50,50,41,"[0.0,0.025,0.05,0.075,0.1,0.125,0.15,0.175,0.2,0.225,0.25,0.275,0.3,0.325,0.35,0.375,0.4,0.425,0.45,0.475,0.5,0.525,0.55,0.575,0.6,0.625,0.65,0.675,0.7,0.725,0.75,0.775,0.8,0.825,0.85,0.875,0.9,0.925,0.95,0.975,1.0]",438da2d10cd7da09e9967c37c495dd1a0b7571c5069d4f0b2e668c9fa4a48e42
361,6,6,6,1.6,50,100,50,41,"[0.0,0.025,0.05,0.075,0.1,0.125,0.15,0.175,0.2,0.225,0.25,0.275,0.3,0.325,0.35,0.375,0.4,0.425,0.45,0.475,0.5,0.525,0.55,0.575,0.6,0.625,0.65,0.675,0.7,0.725,0.75,0.775,0.8,0.825,0.85,0.875,0.9,0.925,0.95,0.975,1.0]",438da2d10cd7da09e9967c37c495dd1a0b7571c5069d4f0b2e668c9fa4a48e42
362,6,6,6,1.6,100,150,50,41,"[0.0,0.025,0.05,0.075,0.1,0.125,0.15,0.175,0.2,0.225,0.25,0.275,0.3,0.325,0.35,0.375,0.4,0.425,0.45,0.475,0.5,0.525,0.55,0.575,0.6,0.625,0.65,0.675,0.7,0.725,0.75,0.775,0.8,0.825,0.85,0.875,0.9,0.925,0.95,0.975,1.0]",438da2d10cd7da09e9967c37c495dd1a0b7571c5069d4f0b2e668c9fa4a48e42
363,6,6,6,1.6,150,200,50,41,"[0.0,0.025,0.05,0.075,0.1,0.125,0.15,0.175,0.2,0.225,0.25,0.275,0.3,0.325,0.35,0.375,0.4,0.425,0.45,0.475,0.5,0.525,0.55,0.575,0.6,0.625,0.65,0.675,0.7,0.725,0.75,0.775,0.8,0.825,0.85,0.875,0.9,0.925,0.95,0.975,1.0]",438da2d10cd7da09e9967c37c495dd1a0b7571c5069d4f0b2e668c9fa4a48e42
364,6,6,6,1.7,0,50,50,41,"[0.0,0.025,0.05,0.075,0.1,0.125,0.15,0.175,0.2,0.225,0.25,0.275,0.3,0.325,0.35,0.375,0.4,0.425,0.45,0.475,0.5,0.525,0.55,0.575,0.6,0.625,0.65,0.675,0.7,0.725,0.75,0.775,0.8,0.825,0.85,0.875,0.9,0.925,0.95,0.975,1.0]",3bc02baeb5591f022a91f44d69a11de82c23705c787478366355ca05200065ea
365,6,6,6,1.7,50,100,50,41,"[0.0,0.025,0.05,0.075,0.1,0.125,0.15,0.175,0.2,0.225,0.25,0.275,0.3,0.325,0.35,0.375,0.4,0.425,0.45,0.475,0.5,0.525,0.55,0.575,0.6,0.625,0.65,0.675,0.7,0.725,0.75,0.775,0.8,0.825,0.85,0.875,0.9,0.925,0.95,0.975,1.0]",3bc02baeb5591f022a91f44d69a11de82c23705c787478366355ca05200065ea
366,6,6,6,1.7,100,150,50,41,"[0.0,0.025,0.05,0.075,0.1,0.125,0.15,0.175,0.2,0.225,0.25,0.275,0.3,0.325,0.35,0.375,0.4,0.425,0.45,0.475,0.5,0.525,0.55,0.575,0.6,0.625,0.65,0.675,0.7,0.725,0.75,0.775,0.8,0.825,0.85,0.875,0.9,0.925,0.95,0.975,1.0]",3bc02baeb5591f022a91f44d69a11de82c23705c787478366355ca05200065ea
367,6,6,6,1.7,150,200,50,41,"[0.0,0.025,0.05,0.075,0.1,0.125,0.15,0.175,0.2,0.225,0.25,0.275,0.3,0.325,0.35,0.375,0.4,0.425,0.45,0.475,0.5,0.525,0.55,0.575,0.6,0.625,0.65,0.675,0.7,0.725,0.75,0.775,0.8,0.825,0.85,0.875,0.9,0.925,0.95,0.975,1.0]",3bc02baeb5591f022a91f44d69a11de82c23705c787478366355ca05200065ea
368,6,6,6,1.8,0,50,50,41,"[0.0,0.025,0.05,0.075,0.1,0.125,0.15,0.175,0.2,0.225,0.25,0.275,0.3,0.325,0.35,0.375,0.4,0.425,0.45,0.475,0.5,0.525,0.55,0.575,0.6,0.625,0.65,0.675,0.7,0.725,0.75,0.775,0.8,0.825,0.85,0.875,0.9,0.925,0.95,0.975,1.0]",45d5abcb31c2af42321feae828e1a2e9cb1376971c602ed5c9c62ddc1e528749
369,6,6,6,1.8,50,100,50,41,"[0.0,0.025,0.05,0.075,0.1,0.125,0.15,0.175,0.2,0.225,0.25,0.275,0.3,0.325,0.35,0.375,0.4,0.425,0.45,0.475,0.5,0.525,0.55,0.575,0.6,0.625,0.65,0.675,0.7,0.725,0.75,0.775,0.8,0.825,0.85,0.875,0.9,0.925,0.95,0.975,1.0]",45d5abcb31c2af42321feae828e1a2e9cb1376971c602ed5c9c62ddc1e528749
370,6,6,6,1.8,100,150,50,41,"[0.0,0.025,0.05,0.075,0.1,0.125,0.15,0.175,0.2,0.225,0.25,0.275,0.3,0.325,0.35,0.375,0.4,0.425,0.45,0.475,0.5,0.525,0.55,0.575,0.6,0.625,0.65,0.675,0.7,0.725,0.75,0.775,0.8,0.825,0.85,0.875,0.9,0.925,0.95,0.975,1.0]",45d5abcb31c2af42321feae828e1a2e9cb1376971c602ed5c9c62ddc1e528749
371,6,6,6,1.8,150,200,50,41,"[0.0,0.025,0.05,0.075,0.1,0.125,0.15,0.175,0.2,0.225,0.25,0.275,0.3,0.325,0.35,0.375,0.4,0.425,0.45,0.475,0.5,0.525,0.55,0.575,0.6,0.625,0.65,0.675,0.7,0.725,0.75,0.775,0.8,0.825,0.85,0.875,0.9,0.925,0.95,0.975,1.0]",45d5abcb31c2af42321feae828e1a2e9cb1376971c602ed5c9c62ddc1e528749
372,6,6,6,1.9,0,50,50,41,"[0.0,0.025,0.05,0.075,0.1,0.125,0.15,0.175,0.2,0.225,0.25,0.275,0.3,0.325,0.35,0.375,0.4,0.425,0.45,0.475,0.5,0.525,0.55,0.575,0.6,0.625,0.65,0.675,0.7,0.725,0.75,0.775,0.8,0.825,0.85,0.875,0.9,0.925,0.95,0.975,1.0]",2184fd3f1783a89fb65e3a24573f5877b3affc3b2ec461b0b203debea80d33a8
373,6,6,6,1.9,50,100,50,41,"[0.0,0.025,0.05,0.075,0.1,0.125,0.15,0.175,0.2,0.225,0.25,0.275,0.3,0.325,0.35,0.375,0.4,0.425,0.45,0.475,0.5,0.525,0.55,0.575,0.6,0.625,0.65,0.675,0.7,0.725,0.75,0.775,0.8,0.825,0.85,0.875,0.9,0.925,0.95,0.975,1.0]",2184fd3f1783a89fb65e3a24573f5877b3affc3b2ec461b0b203debea80d33a8
374,6,6,6,1.9,100,150,50,41,"[0.0,0.025,0.05,0.075,0.1,0.125,0.15,0.175,0.2,0.225,0.25,0.275,0.3,0.325,0.35,0.375,0.4,0.425,0.45,0.475,0.5,0.525,0.55,0.575,0.6,0.625,0.65,0.675,0.7,0.725,0.75,0.775,0.8,0.825,0.85,0.875,0.9,0.925,0.95,0.975,1.0]",2184fd3f1783a89fb65e3a24573f5877b3affc3b2ec461b0b203debea80d33a8
375,6,6,6,1.9,150,200,50,41,"[0.0,0.025,0.05,0.075,0.1,0.125,0.15,0.175,0.2,0.225,0.25,0.275,0.3,0.325,0.35,0.375,0.4,0.425,0.45,0.475,0.5,0.525,0.55,0.575,0.6,0.625,0.65,0.675,0.7,0.725,0.75,0.775,0.8,0.825,0.85,0.875,0.9,0.925,0.95,0.975,1.0]",2184fd3f1783a89fb65e3a24573f5877b3affc3b2ec461b0b203debea80d33a8
376,6,6,6,2.0,0,50,50,41,"[0.0,0.025,0.05,0.075,0.1,0.125,0.15,0.175,0.2,0.225,0.25,0.275,0.3,0.325,0.35,0.375,0.4,0.425,0.45,0.475,0.5,0.525,0.55,0.575,0.6,0.625,0.65,0.675,0.7,0.725,0.75,0.775,0.8,0.825,0.85,0.875,0.9,0.925,0.95,0.975,1.0]",3f2d38d4ec9447d44946a3a07370ee555e9fee534e8df4332625c4469d4e8f07
377,6,6,6,2.0,50,100,50,41,"[0.0,0.025,0.05,0.075,0.1,0.125,0.15,0.175,0.2,0.225,0.25,0.275,0.3,0.325,0.35,0.375,0.4,0.425,0.45,0.475,0.5,0.525,0.55,0.575,0.6,0.625,0.65,0.675,0.7,0.725,0.75,0.775,0.8,0.825,0.85,0.875,0.9,0.925,0.95,0.975,1.0]",3f2d38d4ec9447d44946a3a07370ee555e9fee534e8df4332625c4469d4e8f07
378,6,6,6,2.0,100,150,50,41,"[0.0,0.025,0.05,0.075,0.1,0.125,0.15,0.175,0.2,0.225,0.25,0.275,0.3,0.325,0.35,0.375,0.4,0.425,0.45,0.475,0.5,0.525,0.55,0.575,0.6,0.625,0.65,0.675,0.7,0.725,0.75,0.775,0.8,0.825,0.85,0.875,0.9,0.925,0.95,0.975,1.0]",3f2d38d4ec9447d44946a3a07370ee555e9fee534e8df4332625c4469d4e8f07
379,6,6,6,2.0,150,200,50,41,"[0.0,0.025,0.05,0.075,0.1,0.125,0.15,0.175,0.2,0.225,0.25,0.275,0.3,0.325,0.35,0.375,0.4,0.425,0.45,0.475,0.5,0.525,0.55,0.575,0.6,0.625,0.65,0.675,0.7,0.725,0.75,0.775,0.8,0.825,0.85,0.875,0.9,0.925,0.95,0.975,1.0]",3f2d38d4ec9447d44946a3a07370ee555e9fee534e8df4332625c4469d4e8f07
380,6,6,6,2.1,0,50,50,41,"[0.0,0.025,0.05,0.075,0.1,0.125,0.15,0.175,0.2,0.225,0.25,0.275,0.3,0.325,0.35,0.375,0.4,0.425,0.45,0.475,0.5,0.525,0.55,0.575,0.6,0.625,0.65,0.675,0.7,0.725,0.75,0.775,0.8,0.825,0.85,0.875,0.9,0.925,0.95,0.975,1.0]",5034adac02e6fbc3baa96ff8c9f690199b8bb52a36e97f2bf6616416d488b597
381,6,6,6,2.1,50,100,50,41,"[0.0,0.025,0.05,0.075,0.1,0.125,0.15,0.175,0.2,0.225,0.25,0.275,0.3,0.325,0.35,0.375,0.4,0.425,0.45,0.475,0.5,0.525,0.55,0.575,0.6,0.625,0.65,0.675,0.7,0.725,0.75,0.775,0.8,0.825,0.85,0.875,0.9,0.925,0.95,0.975,1.0]",5034adac02e6fbc3baa96ff8c9f690199b8bb52a36e97f2bf6616416d488b597
382,6,6,6,2.1,100,150,50,41,"[0.0,0.025,0.05,0.075,0.1,0.125,0.15,0.175,0.2,0.225,0.25,0.275,0.3,0.325,0.35,0.375,0.4,0.425,0.45,0.475,0.5,0.525,0.55,0.575,0.6,0.625,0.65,0.675,0.7,0.725,0.75,0.775,0.8,0.825,0.85,0.875,0.9,0.925,0.95,0.975,1.0]",5034adac02e6fbc3baa96ff8c9f690199b8bb52a36e97f2bf6616416d488b597
383,6,6,6,2.1,150,200,50,41,"[0.0,0.025,0.05,0.075,0.1,0.125,0.15,0.175,0.2,0.225,0.25,0.275,0.3,0.325,0.35,0.375,0.4,0.425,0.45,0.475,0.5,0.525,0.55,0.575,0.6,0.625,0.65,0.675,0.7,0.725,0.75,0.775,0.8,0.825,0.85,0.875,0.9,0.925,0.95,0.975,1.0]",5034adac02e6fbc3baa96ff8c9f690199b8bb52a36e97f2bf6616416d488b597
384,6,6,6,2.2,0,50,50,41,"[0.0,0.025,0.05,0.075,0.1,0.125,0.15,0.175,0.2,0.225,0.25,0.275,0.3,0.325,0.35,0.375,0.4,0.425,0.45,0.475,0.5,0.525,0.55,0.575,0.6,0.625,0.65,0.675,0.7,0.725,0.75,0.775,0.8,0.825,0.85,0.875,0.9,0.925,0.95,0.975,1.0]",01ad4291d143c5bec45280d50eb05e8282df681dea5195ae8c257a8f5393b45d
385,6,6,6,2.2,50,100,50,41,"[0.0,0.025,0.05,0.075,0.1,0.125,0.15,0.175,0.2,0.225,0.25,0.275,0.3,0.325,0.35,0.375,0.4,0.425,0.45,0.475,0.5,0.525,0.55,0.575,0.6,0.625,0.65,0.675,0.7,0.725,0.75,0.775,0.8,0.825,0.85,0.875,0.9,0.925,0.95,0.975,1.0]",01ad4291d143c5bec45280d50eb05e8282df681dea5195ae8c257a8f5393b45d
386,6,6,6,2.2,100,150,50,41,"[0.0,0.025,0.05,0.075,0.1,0.125,0.15,0.175,0.2,0.225,0.25,0.275,0.3,0.325,0.35,0.375,0.4,0.425,0.45,0.475,0.5,0.525,0.55,0.575,0.6,0.625,0.65,0.675,0.7,0.725,0.75,0.775,0.8,0.825,0.85,0.875,0.9,0.925,0.95,0.975,1.0]",01ad4291d143c5bec45280d50eb05e8282df681dea5195ae8c257a8f5393b45d
387,6,6,6,2.2,150,200,50,41,"[0.0,0.025,0.05,0.075,0.1,0.125,0.15,0.175,0.2,0.225,0.25,0.275,0.3,0.325,0.35,0.375,0.4,0.425,0.45,0.475,0.5,0.525,0.55,0.575,0.6,0.625,0.65,0.675,0.7,0.725,0.75,0.775,0.8,0.825,0.85,0.875,0.9,0.925,0.95,0.975,1.0]",01ad4291d143c5bec45280d50eb05e8282df681dea5195ae8c257a8f5393b45d
388,6,6,6,2.3,0,50,50,41,"[0.0,0.025,0.05,0.075,0.1,0.125,0.15,0.175,0.2,0.225,0.25,0.275,0.3,0.325,0.35,0.375,0.4,0.425,0.45,0.475,0.5,0.525,0.55,0.575,0.6,0.625,0.65,0.675,0.7,0.725,0.75,0.775,0.8,0.825,0.85,0.875,0.9,0.925,0.95,0.975,1.0]",fc7b1c0af846c9881c8c5feaea155c9835c55a49cbc724788164a82bd2534abf
389,6,6,6,2.3,50,100,50,41,"[0.0,0.025,0.05,0.075,0.1,0.125,0.15,0.175,0.2,0.225,0.25,0.275,0.3,0.325,0.35,0.375,0.4,0.425,0.45,0.475,0.5,0.525,0.55,0.575,0.6,0.625,0.65,0.675,0.7,0.725,0.75,0.775,0.8,0.825,0.85,0.875,0.9,0.925,0.95,0.975,1.0]",fc7b1c0af846c9881c8c5feaea155c9835c55a49cbc724788164a82bd2534abf
390,6,6,6,2.3,100,150,50,41,"[0.0,0.025,0.05,0.075,0.1,0.125,0.15,0.175,0.2,0.225,0.25,0.275,0.3,0.325,0.35,0.375,0.4,0.425,0.45,0.475,0.5,0.525,0.55,0.575,0.6,0.625,0.65,0.675,0.7,0.725,0.75,0.775,0.8,0.825,0.85,0.875,0.9,0.925,0.95,0.975,1.0]",fc7b1c0af846c9881c8c5feaea155c9835c55a49cbc724788164a82bd2534abf
391,6,6,6,2.3,150,200,50,41,"[0.0,0.025,0.05,0.075,0.1,0.125,0.15,0.175,0.2,0.225,0.25,0.275,0.3,0.325,0.35,0.375,0.4,0.425,0.45,0.475,0.5,0.525,0.55,0.575,0.6,0.625,0.65,0.675,0.7,0.725,0.75,0.775,0.8,0.825,0.85,0.875,0.9,0.925,0.95,0.975,1.0]",fc7b1c0af846c9881c8c5feaea155c9835c55a49cbc724788164a82bd2534abf
392,6,6,6,2.4,0,50,50,41,"[0.0,0.025,0.05,0.075,0.1,0.125,0.15,0.175,0.2,0.225,0.25,0.275,0.3,0.325,0.35,0.375,0.4,0.425,0.45,0.475,0.5,0.525,0.55,0.575,0.6,0.625,0.65,0.675,0.7,0.725,0.75,0.775,0.8,0.825,0.85,0.875,0.9,0.925,0.95,0.975,1.0]",6f386a119628cd001d78f660bcf2830794c296bc5c3c5881e6fba1c7d66355e7
393,6,6,6,2.4,50,100,50,41,"[0.0,0.025,0.05,0.075,0.1,0.125,0.15,0.175,0.2,0.225,0.25,0.275,0.3,0.325,0.35,0.375,0.4,0.425,0.45,0.475,0.5,0.525,0.55,0.575,0.6,0.625,0.65,0.675,0.7,0.725,0.75,0.775,0.8,0.825,0.85,0.875,0.9,0.925,0.95,0.975,1.0]",6f386a119628cd001d78f660bcf2830794c296bc5c3c5881e6fba1c7d66355e7
394,6,6,6,2.4,100,150,50,41,"[0.0,0.025,0.05,0.075,0.1,0.125,0.15,0.175,0.2,0.225,0.25,0.275,0.3,0.325,0.35,0.375,0.4,0.425,0.45,0.475,0.5,0.525,0.55,0.575,0.6,0.625,0.65,0.675,0.7,0.725,0.75,0.775,0.8,0.825,0.85,0.875,0.9,0.925,0.95,0.975,1.0]",6f386a119628cd001d78f660bcf2830794c296bc5c3c5881e6fba1c7d66355e7
395,6,6,6,2.4,150,200,50,41,"[0.0,0.025,0.05,0.075,0.1,0.125,0.15,0.175,0.2,0.225,0.25,0.275,0.3,0.325,0.35,0.375,0.4,0.425,0.45,0.475,0.5,0.525,0.55,0.575,0.6,0.625,0.65,0.675,0.7,0.725,0.75,0.775,0.8,0.825,0.85,0.875,0.9,0.925,0.95,0.975,1.0]",6f386a119628cd001d78f660bcf2830794c296bc5c3c5881e6fba1c7d66355e7
396,6,6,6,2.5,0,50,50,41,"[0.0,0.025,0.05,0.075,0.1,0.125,0.15,0.175,0.2,0.225,0.25,0.275,0.3,0.325,0.35,0.375,0.4,0.425,0.45,0.475,0.5,0.525,0.55,0.575,0.6,0.625,0.65,0.675,0.7,0.725,0.75,0.775,0.8,0.825,0.85,0.875,0.9,0.925,0.95,0.975,1.0]",13dde2c23f8aa9af4e835eeb77d1b976f014dcdb40326ed13fe6ddcd0d92849d
397,6,6,6,2.5,50,100,50,41,"[0.0,0.025,0.05,0.075,0.1,0.125,0.15,0.175,0.2,0.225,0.25,0.275,0.3,0.325,0.35,0.375,0.4,0.425,0.45,0.475,0.5,0.525,0.55,0.575,0.6,0.625,0.65,0.675,0.7,0.725,0.75,0.775,0.8,0.825,0.85,0.875,0.9,0.925,0.95,0.975,1.0]",13dde2c23f8aa9af4e835eeb77d1b976f014dcdb40326ed13fe6ddcd0d92849d
398,6,6,6,2.5,100,150,50,41,"[0.0,0.025,0.05,0.075,0.1,0.125,0.15,0.175,0.2,0.225,0.25,0.275,0.3,0.325,0.35,0.375,0.4,0.425,0.45,0.475,0.5,0.525,0.55,0.575,0.6,0.625,0.65,0.675,0.7,0.725,0.75,0.775,0.8,0.825,0.85,0.875,0.9,0.925,0.95,0.975,1.0]",13dde2c23f8aa9af4e835eeb77d1b976f014dcdb40326ed13fe6ddcd0d92849d
399,6,6,6,2.5,150,200,50,41,"[0.0,0.025,0.05,0.075,0.1,0.125,0.15,0.175,0.2,0.225,0.25,0.275,0.3,0.325,0.35,0.375,0.4,0.425,0.45,0.475,0.5,0.525,0.55,0.575,0.6,0.625,0.65,0.675,0.7,0.725,0.75,0.775,0.8,0.825,0.85,0.875,0.9,0.925,0.95,0.975,1.0]",13dde2c23f8aa9af4e835eeb77d1b976f014dcdb40326ed13fe6ddcd0d92849d
