L,N,nmax,filling,U,W,r_mean,r_mean_stderr,r_mean_n,onsite_pair_density,onsite_pair_density_stderr,onsite_pair_density_n,onsite_pair_variance,onsite_pair_variance_stderr,onsite_pair_variance_n,charge_fluctuation,charge_fluctuation_stderr,charge_fluctuation_n,fock_entropy_normalized,fock_entropy_normalized_stderr,fock_entropy_normalized_n,ipr,ipr_stderr,ipr_n,pr,pr_stderr,pr_n,pr_normalized,pr_normalized_stderr,pr_normalized_n,entanglement_entropy,entanglement_entropy_stderr,entanglement_entropy_n,diag_std,diag_std_stderr,diag_std_n,disorder_diag_std,disorder_diag_std_stderr,disorder_diag_std_n,interaction_diag_std,interaction_diag_std_stderr,interaction_diag_std_n,connectivity_mean,connectivity_mean_stderr,connectivity_mean_n,Nres_mean_l1.0,Nres_mean_l1.0_stderr,Nres_mean_l1.0_n,Nres_mean_l2.0,Nres_mean_l2.0_stderr,Nres_mean_l2.0_n,fres_l1.0,fres_l1.0_stderr,fres_l1.0_n,fres_l2.0,fres_l2.0_stderr,fres_l2.0_n
8,4,2,0.5,1.0,1.0,0.52716419668437,0.0013010690775220473,500,0.21550168267406,3.17958774789141e-05,500,1.1406885216564202,0.0009545763067197033,500,0.45753307083580796,8.666433865809157e-05,500,0.8602372998792521,9.286145222244362e-05,500,0.0123189309954966,1.125092420170199e-05,500,82.68425618241439,0.06612544357530249,500,0.31084306835496,0.00024859189313997305,500,nan,nan,0,1.60577320408078,0.006223457976198669,500,1.083910961270162,0.009371599956992757,500,1.17437046035,0.0,500,5.894736842110002,7.95206533574069e-17,500,3.2763609022556,0.018290221310933597,500,5.463684210526241,0.010167358132534573,500,0.5558112244897979,0.0031028054009608667,500,0.9268750000000339,0.0017248196832010817,500
8,4,2,0.5,2.0,1.0,0.5272729353942579,0.0012489006949744279,500,0.218383255706392,3.3503337550381304e-05,500,0.73308487595554,0.0013954176376778226,500,0.45124874231768797,0.00015495933300758226,500,0.833481524878252,0.00018833084117958278,500,0.0157979466975992,3.1098412457743415e-05,500,66.2120478129094,0.10356279649684254,500,0.248917472980866,0.0003893338214169734,500,nan,nan,0,2.59765747584658,0.004061965941377671,500,1.091700042079588,0.009773461205159028,500,2.34874092071,0.0,500,5.894736842110002,7.95206533574069e-17,500,2.59924812030082,0.023464065543830598,500,3.5872631578942595,0.008402123805614739,500,0.44094387755074,0.003980511119050202,500,0.6085535714286,0.0014253602884364463,500
8,4,2,0.5,3.0,1.0,0.5200646705129199,0.001235195670117147,500,0.22711714200459202,5.74131582992955e-05,500,0.41098356616107,0.0010669152298368417,500,0.445427357503528,0.0002966317955256086,500,0.793940300970644,0.000332768373298735,500,0.021602874536865203,7.073935798164316e-05,500,50.571232730450205,0.13761697650811414,500,0.19011741627989598,0.0005173570545418121,500,nan,nan,0,3.6957603266976804,0.002726635815546122,500,1.098860904965386,0.009233677300285376,500,3.52311138106,0.0,500,5.894736842110002,7.95206533574069e-17,500,2.6105263157896204,0.022375759036109184,500,3.36842105263,0.0,500,0.44285714285685795,0.0037958876936343465,500,0.5714285714289999,4.9700408348379315e-18,500
8,4,2,0.5,4.0,1.0,0.520903888518462,0.0011497818089182372,500,0.23570506347552203,5.528150372339136e-05,500,0.23113232660942198,0.0002952588898280283,500,0.44067250298600597,0.000411365122033901,500,0.764844504229956,0.000514350007180968,500,0.0262379741649796,0.00011808196847259212,500,43.57076288697941,0.15908452653588057,500,0.163799860477386,0.0005980621298342444,500,nan,nan,0,4.826325101125359,0.0021727311111568197,500,1.0865270927847042,0.009898570515947183,500,4.69748184142,0.0,500,5.894736842110002,7.95206533574069e-17,500,2.58270676691738,0.02333100699835555,500,3.36842105263,0.0,500,0.438137755101772,0.003957938687230773,500,0.5714285714289999,4.9700408348379315e-18,500
8,4,2,0.5,5.0,1.0,0.51927155884202,0.0012178263259872127,500,0.23889697007555,3.770102988029725e-06,500,0.151993748930626,9.440755781302058e-05,500,0.436333067250748,0.00046775113617220803,500,0.747726882614032,0.0006072365049585986,500,0.029127061632391,0.0001475142439720745,500,40.315673495868005,0.16221123051612055,500,0.15156268231530198,0.0006098166560766215,500,nan,nan,0,5.97734846792062,0.0015765674125668549,500,1.10195651176088,0.00860830984041869,500,5.87185230177,0.0,500,5.894736842110002,7.95206533574069e-17,500,2.5992481203008264,0.02275319591146763,500,3.36842105263,0.0,500,0.44094387755072,0.003859917163559354,500,0.5714285714289999,4.9700408348379315e-18,500
8,4,2,0.5,6.0,1.0,0.518970840091752,0.0011644700295457265,500,0.23996398781107803,2.343306803026144e-06,500,0.10809477195549799,5.0162957931964266e-05,500,0.433291238028806,0.0005375237827112156,500,0.736952599102032,0.0007058935286643696,500,0.0309003113547326,0.00017344502117984368,500,38.322800812687,0.17569142723360445,500,0.14407067974694998,0.0006604940873437894,500,nan,nan,0,7.13391710675514,0.001385563808737693,500,1.0966364732217562,0.009159518401008182,500,7.04622276213,0.0,500,5.894736842110002,7.95206533574069e-17,500,2.58872180451132,0.02265739486680546,500,3.36842105263,0.0,500,0.439158163265024,0.003843665200628244,500,0.5714285714289999,4.9700408348379315e-18,500
8,4,2,0.5,7.0,1.0,0.510444906839408,0.0011780912471426074,500,0.240623561221194,1.5018605711516542e-06,500,0.08054111277960001,2.9480384218923105e-05,500,0.43159531584063604,0.0005831098739244372,500,0.73006230158063,0.0007651280198121827,500,0.0319423021529254,0.00019246875833241813,500,37.3130139341162,0.18148353774304452,500,0.140274488474129,0.0006822689388834822,500,nan,nan,0,8.29530547065396,0.0012645475805881073,500,1.089898320636848,0.009690554235214517,500,8.220593222480002,7.95206533574069e-17,500,5.894736842110002,7.95206533574069e-17,500,2.5766917293232465,0.02376916095144301,500,3.36842105263,0.0,500,0.437117346938512,0.004032268375700383,500,0.5714285714289999,4.9700408348379315e-18,500
8,4,2,0.5,8.0,1.0,0.5072241063407741,0.0013016674706276753,500,0.241057501816628,1.0045976553648598e-06,500,0.0622303974046146,1.7384923286613455e-05,500,0.42951275780048603,0.0005918453841209786,500,0.7239424106043859,0.0007891471306911279,500,0.0330002551462694,0.00019374979728142228,500,36.3871032225374,0.1830219615557169,500,0.1367936211373506,0.0006880524870521177,500,nan,nan,0,9.461986617774178,0.0011334581391573041,500,1.10241287495731,0.009927097510904339,500,9.39496368283,0.0,500,5.894736842110002,7.95206533574069e-17,500,2.6112781954888606,0.02233813372105745,500,3.36842105263,0.0,500,0.442984693877266,0.0037895048276866223,500,0.5714285714289999,4.9700408348379315e-18,500
8,4,2,0.5,9.0,1.0,0.507672619870272,0.0012153829913453802,500,0.241354757074612,6.991841168856162e-07,500,0.04947986463102721,1.1906842358252567e-05,500,0.4290643968613961,0.0006070327494430893,500,0.721131902458986,0.0007963455829466305,500,0.0333673828781502,0.00019772133736292418,500,36.0746508469646,0.1809253918708002,500,0.1356189881464814,0.0006801706461309121,500,nan,nan,0,10.626804578381801,0.0009598800688917201,500,1.083427062255388,0.0094748777694823,500,10.569334143199999,7.95206533574069e-17,500,5.894736842110002,7.95206533574069e-17,500,2.6135338345864985,0.023942333626154628,500,3.36842105263,0.0,500,0.4433673469385198,0.004061645883017611,500,0.5714285714289999,4.9700408348379315e-18,500
8,4,2,0.5,10.0,1.0,0.5078561872287041,0.001189595059544351,500,0.24157006699224398,5.42670414655875e-07,500,0.0402457690073562,7.992285447738657e-06,500,0.427794830767186,0.0006102437257216582,500,0.7178872003022,0.0008011962973706486,500,0.03394040695807601,0.00020051730798532625,500,35.664765725077,0.17837058548613757,500,0.13407806663563138,0.0006705661108493426,500,nan,nan,0,11.7965105750474,0.0008336374749564337,500,1.0960716186727517,0.009178449035603694,500,11.743704603499996,1.590413067148138e-16,500,5.894736842110002,7.95206533574069e-17,500,2.6007518796994,0.022302807102516548,500,3.36842105263,0.0,500,0.44119897959154797,0.003783511919184349,500,0.5714285714289999,4.9700408348379315e-18,500
8,5,2,0.625,1.0,1.0,0.531248536625484,0.0008875150291782782,500,0.314651371335814,4.5120920448239466e-05,500,1.3967724809493602,0.0003759406491618758,500,0.542756218290106,8.277480185923238e-05,500,0.8746378127186519,6.01681220690113e-05,500,0.006529887720289039,4.273837441640934e-06,500,154.84750204934204,0.09203622858863693,500,0.307237107240724,0.00018261156465905837,500,nan,nan,0,1.73882148576604,0.00694913174986396,500,1.1875489560217,0.01039654679796855,500,1.2583276828999996,1.9880163339351726e-17,500,6.69841269841,0.0,500,3.5959523809511804,0.01774238092853152,500,6.15119047618968,0.0127217886719245,500,0.5368364928910739,0.0026487440722676716,500,0.9183056872037481,0.0018992243751859848,500
8,5,2,0.625,2.0,1.0,0.530184236502766,0.0008697752118276978,500,0.30832915670031796,1.4477706651059263e-05,500,1.04469549152429,0.0009250843701345125,500,0.532198453115534,4.911364198652335e-05,500,0.8544281345390359,7.512620971017487e-05,500,0.008147304117281519,7.300468667944797e-06,500,126.494840409266,0.09404463779037582,500,0.25098182620882403,0.00018659650355329913,500,nan,nan,0,2.78640012028612,0.004213636365025481,500,1.1782885533888379,0.010106357855837191,500,2.51665536579,0.0,500,6.69841269841,0.0,500,2.81023809523808,0.021933151773112537,500,3.79801587301432,0.01067368092093651,500,0.41953791469209,0.0032743804779722593,500,0.567002369668146,0.0015934642133203646,500
8,5,2,0.625,3.0,1.0,0.5290989006705019,0.0008828517190074162,500,0.299463675084864,3.352577096357797e-05,500,0.68083945442294,0.0016847480931411623,500,0.510875350324366,0.00010922093616828967,500,0.816021488352908,0.0001567011909387569,500,0.0124284428173092,2.9417643864074016e-05,500,93.72265790263259,0.14168600380895047,500,0.185957654568712,0.00028112302342914945,500,nan,nan,0,3.96455358958496,0.0031288133365501227,500,1.190104094823274,0.010567593035517648,500,3.7749830486899993,1.9880163339351726e-17,500,6.69841269841,0.0,500,2.8216666666664802,0.021383457616157463,500,3.523809523810001,5.964049001805518e-17,500,0.42124407582952994,0.0031923171322660233,500,0.526066350711,0.0,500
8,5,2,0.625,4.0,1.0,0.517304438442952,0.0009034449100923689,500,0.29379729668793203,2.2086037251096943e-05,500,0.37283193429325195,0.001204054248126673,500,0.48276071686130195,0.00031856426026621686,500,0.773478570271942,0.0003447656003162946,500,0.019461888092339803,9.608457075510564e-05,500,76.93248197529681,0.1860773331813468,500,0.15264381344306,0.00036920105790084405,500,nan,nan,0,5.17318847180372,0.0023015547827321924,500,1.174099715268516,0.010188128456855785,500,5.03331073159,0.0,500,6.69841269841,0.0,500,2.82023809523814,0.021192877861757074,500,3.523809523810001,5.964049001805518e-17,500,0.42103080568734996,0.003163865652343182,500,0.526066350711,0.0,500
8,5,2,0.625,5.0,1.0,0.516744919651784,0.0008781012865645969,500,0.29250948926037595,2.447730367569262e-06,500,0.222630548995334,0.00029441658856400735,500,0.46766137818740205,0.000503227477430172,500,0.7489015324619959,0.0004968837823424852,500,0.024638614093943,0.00015751003136836803,500,70.5147616002516,0.20102253977050838,500,0.13991024127032198,0.0003988542455750881,500,nan,nan,0,6.40546868934516,0.0018527171944385124,500,1.18101180015181,0.010231701240873055,500,6.29163841448,0.0,500,6.69841269841,0.0,500,2.800238095238,0.021671280322654442,500,3.523809523810001,5.964049001805518e-17,500,0.41804502369682994,0.0032352859249425085,500,0.526066350711,0.0,500
8,5,2,0.625,6.0,1.0,0.5190805307476639,0.0009058497602023104,500,0.29213097321475,1.6755712418465904e-06,500,0.155004940941972,7.78927483866193e-05,500,0.459637703541818,0.000541008517289387,500,0.7344930140152819,0.0005309778511187352,500,0.0281170604753318,0.00018235080094353037,500,66.9525556010068,0.19518446964820915,500,0.13284237222423803,0.0003872707731109634,500,nan,nan,0,7.64810028234194,0.0014343922840001876,500,1.203846969041592,0.009307593323476315,500,7.549966097379999,3.976032667870345e-17,500,6.69841269841,0.0,500,2.78238095238088,0.02046342564902903,500,3.523809523810001,5.964049001805518e-17,500,0.41537914691957994,0.00305496638835909,500,0.526066350711,0.0,500
8,5,2,0.625,7.0,1.0,0.518140419755282,0.0008904451406154033,500,0.291945098446572,1.2110360549850157e-06,500,0.115037849181398,3.5796911237381966e-05,500,0.455337906089268,0.0005908402393964557,500,0.7257498922439559,0.0005773599521728572,500,0.030487446285445,0.00020621895095376157,500,65.1631835353044,0.20353825617080046,500,0.12929203082402,0.00040384574637038965,500,nan,nan,0,8.89001114925746,0.0013615321289288218,500,1.17923629039559,0.010648860505380817,500,8.808293780279998,7.95206533574069e-17,500,6.69841269841,0.0,500,2.79666666666634,0.021322765793646163,500,3.523809523810001,5.964049001805518e-17,500,0.41751184834137994,0.0031832565047360305,500,0.526066350711,0.0,500
8,5,2,0.625,8.0,1.0,0.5162251025015759,0.0008801834596841479,500,0.291847254817766,9.14339194189198e-07,500,0.0886839360382408,2.3754012190074616e-05,500,0.45126010485181,0.0005584154621917335,500,0.718242642449898,0.0005551537776407042,500,0.0326267646740974,0.0002091125780493224,500,63.6456635608558,0.19861824646510418,500,0.12628107849376,0.0003940838223521065,500,nan,nan,0,10.1398990856298,0.0011384846112315965,500,1.196950423604834,0.00987316811327639,500,10.066621463199997,1.590413067148138e-16,500,6.69841269841,0.0,500,2.7938095238094998,0.02090729648758997,500,3.523809523810001,5.964049001805518e-17,500,0.41708530805702004,0.0031212314661531867,500,0.526066350711,0.0,500
8,5,2,0.625,9.0,1.0,0.5128987837878239,0.000891204014064472,500,0.291789551358408,7.324626777025287e-07,500,0.07039074396290682,1.64169935356049e-05,500,0.44935127403975,0.0005633772367377638,500,0.714020903848366,0.0005537464851136845,500,0.0338149653512802,0.00020419176885842454,500,63.1275489962052,0.20042012137369414,500,0.1252530734051422,0.00039765897097902007,500,nan,nan,0,11.3878607570878,0.0010236020827895619,500,1.1742291137068301,0.010070720185439771,500,11.324949146100002,7.95206533574069e-17,500,6.69841269841,0.0,500,2.79523809523808,0.02255598916776215,500,3.523809523810001,5.964049001805518e-17,500,0.4172985781991999,0.003367363311771052,500,0.526066350711,0.0,500
8,5,2,0.625,10.0,1.0,0.514616288940558,0.0009248251246396134,500,0.29175362602522603,5.725256426789584e-07,500,0.05720183423799959,1.2430796612511065e-05,500,0.4465334962873919,0.0005691847819960351,500,0.709226006607012,0.0005585940483152037,500,0.035486968530244,0.0002140268777403492,500,62.433566154068195,0.19733988081242035,500,0.1238761233215762,0.0003915473825643672,500,nan,nan,0,12.640837144499201,0.0009378099041596061,500,1.1836174896299299,0.010148838433348654,500,12.583276829000003,7.95206533574069e-17,500,6.69841269841,0.0,500,2.80238095238112,0.02233505882156795,500,3.523809523810001,5.964049001805518e-17,500,0.4183649289100999,0.0033343808193300067,500,0.526066350711,0.0,500
8,6,2,0.75,1.0,1.0,0.530614970995552,0.0006833034543948937,500,0.41985909076498795,2.8103820773664056e-05,500,1.53187985229768,0.0006623531805480323,500,0.6024151235810421,6.373759374485202e-05,500,0.8833586179925039,4.8578015009204486e-05,500,0.00418129038379678,2.400457768066161e-06,500,240.926213040314,0.1278454494315339,500,0.30730384316367,0.00016306817529388216,500,nan,nan,0,1.83142595113856,0.007254408351343656,500,1.242493185058608,0.010856553817192669,500,1.33333333333,0.0,500,7.26530612245,0.0,500,3.86459183673466,0.015432582574785103,500,6.638979591835361,0.014658291434341213,500,0.531924157303416,0.0021241476015879143,500,0.913792134831258,0.0020175738210225884,500
8,6,2,0.75,2.0,1.0,0.530695160347578,0.0006671471840520095,500,0.419767699356794,3.275661772079027e-05,500,1.1388636696200198,0.0009531244349207009,500,0.598928045370428,7.464818266023795e-05,500,0.868000063877522,5.930902426256136e-05,500,0.004986142815917139,3.657438914594398e-06,500,204.3448659197,0.13140130269654574,500,0.26064396163224796,0.00016760370241954828,500,nan,nan,0,2.9433706900951604,0.004275637211164028,500,1.22756892159737,0.010452364187232404,500,2.6666666666699994,1.9880163339351726e-17,500,7.26530612245,0.0,500,2.9579795918387397,0.019746233713268516,500,3.901326530610999,0.012583223773062474,500,0.40713764044928596,0.002717880483005062,500,0.5369803370785121,0.0017319605754989363,500
8,6,2,0.75,3.0,1.0,0.530499355050274,0.0007223599446452755,500,0.423727182343064,3.445708358841173e-05,500,0.816634447036246,0.0012561110490013029,500,0.5954483055756359,0.00010987421221008778,500,0.838099714689364,9.57671446819566e-05,500,0.00683813131283772,8.790222538848732e-06,500,153.38943576845,0.17889889833385436,500,0.195649790520978,0.0002281873703232902,500,nan,nan,0,4.18788954974356,0.003045521424594016,500,1.2191361934781522,0.010664697233791359,500,4.0,0.0,500,7.26530612245,0.0,500,2.96055102040996,0.019553875704024153,500,3.5918367346899984,7.95206533574069e-17,500,0.40749157303355193,0.0026914042401617305,500,0.4943820224720001,2.4850204174189658e-18,500
8,6,2,0.75,4.0,1.0,0.524473087599804,0.0006692436668602176,500,0.425848992986718,9.048315004722919e-06,500,0.490968802607094,0.0017378173185163075,500,0.583143262401456,0.0002055796798566227,500,0.7955546225510279,0.0002197676821816599,500,0.01017733138127844,3.0385487209150355e-05,500,108.6896104356926,0.2560386661564494,500,0.13863470718836196,0.0003265799313219032,500,nan,nan,0,5.487092044835441,0.0024789593242607304,500,1.267294691057446,0.011035132863153512,500,5.333333333330001,3.976032667870345e-17,500,7.26530612245,0.0,500,2.92390816326716,0.019979207577632097,500,3.5918367346899984,7.95206533574069e-17,500,0.40244803370772003,0.002749947110402966,500,0.4943820224720001,2.4850204174189658e-18,500
8,6,2,0.75,5.0,1.0,0.5198426713742039,0.0007386541706879517,500,0.426711319916042,3.332177031297206e-06,500,0.26991538057433795,0.0005633599461011727,500,0.57260959157294,0.00037017457418115447,500,0.764766813486578,0.0003970342660427251,500,0.0129679506276444,6.117708125462018e-05,500,90.259916434371,0.3052488860445888,500,0.1151274444316126,0.00038934806893449665,500,nan,nan,0,6.78178034776128,0.0019370844332614896,500,1.2203730091052039,0.011025780978011249,500,6.666666666669998,1.1928098003611036e-16,500,7.26530612245,0.0,500,2.9971938775529,0.01932378864017198,500,3.5918367346899984,7.95206533574069e-17,500,0.412535112359378,0.002659734953285098,500,0.4943820224720001,2.4850204174189658e-18,500
8,6,2,0.75,6.0,1.0,0.522138578504292,0.0006706678804059763,500,0.427205192829638,1.9531011650812333e-06,500,0.18044352718146797,0.00011738491632628721,500,0.566253842728776,0.00043878961336271677,500,0.746353323932658,0.0004844536745949863,500,0.014898127298610798,7.858893449271272e-05,500,81.1272678779704,0.30334606681667725,500,0.103478658007607,0.0003869210035923482,500,nan,nan,0,8.0993787161395,0.0016155242641339575,500,1.241492731315572,0.010959365185554976,500,8.0,0.0,500,7.26530612245,0.0,500,2.95283673469562,0.019854147947154677,500,3.5918367346899984,7.95206533574069e-17,500,0.406429775280768,0.002732733846659219,500,0.4943820224720001,2.4850204174189658e-18,500
8,6,2,0.75,7.0,1.0,0.5237812469245361,0.0007121606377933054,500,0.427533733736936,1.2018038516115758e-06,500,0.13272064018789,4.330733972414241e-05,500,0.5621572537929881,0.00047625016357638025,500,0.7333637882496019,0.0005302843663724903,500,0.016381138246562003,9.200614058450411e-05,500,75.1978985176766,0.28784145284633567,500,0.09591568688478881,0.00036714471026325595,500,nan,nan,0,9.4194158738612,0.0013663381653364372,500,1.249729315096994,0.010344032554661532,500,9.33333333333,0.0,500,7.26530612245,0.0,500,2.9451224489816394,0.018936080647818283,500,3.5918367346899984,7.95206533574069e-17,500,0.40536797752793,0.0026063706509619083,500,0.4943820224720001,2.4850204174189658e-18,500
8,6,2,0.75,8.0,1.0,0.522432008066722,0.0007020581469587284,500,0.427757768048166,8.278588138494012e-07,500,0.10192019012586,2.1591648108021688e-05,500,0.559555586562134,0.00047925260384256785,500,0.723867196779822,0.0005410449275296395,500,0.0175026164933668,9.648837267069738e-05,500,71.3153807544758,0.27078915640743584,500,0.09096349586030561,0.0003453943321524588,500,nan,nan,0,10.7406274952432,0.0011612905581653448,500,1.238117551672314,0.010113493369331058,500,10.6666666667,0.0,500,7.26530612245,0.0,500,2.9509081632674796,0.018460538755566153,500,3.5918367346899984,7.95206533574069e-17,500,0.406164325842528,0.0025409168511852137,500,0.4943820224720001,2.4850204174189658e-18,500
8,6,2,0.75,9.0,1.0,0.5198475715918739,0.000717983046959946,500,0.427915734387714,6.003439403603427e-07,500,0.08069877954740941,1.2242088097858809e-05,500,0.5583869321658139,0.0005037632232756294,500,0.717097097028646,0.0005535332509102594,500,0.018255452168205,9.787352311242363e-05,500,68.83668649667999,0.2639775263268548,500,0.0878018960416866,0.00033670602847836597,500,nan,nan,0,12.0642585136888,0.0010929586450111122,500,1.218810191079486,0.01109544021215716,500,12.0,0.0,500,7.26530612245,0.0,500,2.9959081632671998,0.018764889797607813,500,3.5918367346899984,7.95206533574069e-17,500,0.41235814606725,0.0025828078654035426,500,0.4943820224720001,2.4850204174189658e-18,500
8,6,2,0.75,10.0,1.0,0.517552613294516,0.0007381426840388934,500,0.428032697766122,4.405687686684671e-07,500,0.0654802940009496,8.536474350496222e-06,500,0.5558048440206921,0.0005246745438903496,500,0.709435933002428,0.0005805274620167985,500,0.019294606602768802,0.0001069676946329792,500,66.06893287837339,0.2624595460563888,500,0.0842715980591452,0.0003347698291535348,500,nan,nan,0,13.392590265536201,0.0009703849463751786,500,1.235207497213244,0.010820873785056993,500,13.3333333333,0.0,500,7.26530612245,0.0,500,2.98883673469574,0.01887457552483369,500,3.5918367346899984,7.95206533574069e-17,500,0.41138483146051397,0.002597905058195632,500,0.4943820224720001,2.4850204174189658e-18,500
8,7,2,0.875,1.0,1.0,0.530872079950192,0.0006078391724692073,500,0.5358206445926941,3.7849913317766396e-05,500,1.6501260415546801,0.00034681978482137916,500,0.640825782131378,6.535870344079556e-05,500,0.888067183174512,3.4381480625396634e-05,500,0.0032146937334010194,1.3103572565881822e-06,500,312.845870044966,0.12141889792949694,500,0.30791916343007,0.00011950678929898039,500,nan,nan,0,1.8724445591772798,0.007243098655177538,500,1.27135952824421,0.010964873198780327,500,1.3623062651399995,1.9880163339351726e-17,500,7.606299212599997,1.1928098003611036e-16,500,4.0743897637797195,0.014454937433692503,500,6.92917322834724,0.016186250066781645,500,0.5356599378881581,0.001900390325133315,500,0.9109782608694941,0.002128005961165425,500
8,7,2,0.875,2.0,1.0,0.53023494428429,0.0006332022839904135,500,0.5307004167333219,7.989035832298157e-06,500,1.25116716882488,0.0008796770978878711,500,0.6334694839128661,3.141262063921893e-05,500,0.8745382793790559,4.219307876520074e-05,500,0.00379321304552018,1.958150227054834e-06,500,267.639327523464,0.12745332395104605,500,0.26342453496404006,0.00012544618499071966,500,nan,nan,0,3.02459559273888,0.004357703593509671,500,1.2957427284797078,0.010516867051839214,500,2.724612530270001,3.976032667870345e-17,500,7.606299212599997,1.1928098003611036e-16,500,3.0543661417311596,0.016006866293522163,500,3.9870236220468205,0.012956005522850325,500,0.40155745341620597,0.0021044223802072714,500,0.524173913043438,0.0017033257778523,500
8,7,2,0.875,3.0,1.0,0.5306317947800039,0.0005777114385008623,500,0.524867002621856,2.5694626109497048e-05,500,0.8441487665021441,0.0013252946381359524,500,0.6218643789897581,3.9961467180441054e-05,500,0.84952850446538,8.001753999655534e-05,500,0.0052354568317333405,7.825797058108704e-06,500,207.06927852528798,0.2017562399565226,500,0.203808345005196,0.00019857897633340972,500,nan,nan,0,4.28930589943042,0.0034266748052552507,500,1.277572356645956,0.01175126651944972,500,4.08691879541,0.0,500,7.606299212599997,1.1928098003611036e-16,500,3.0676889763773,0.01717690903798652,500,3.6377952755900007,3.976032667870345e-17,500,0.40330900621120996,0.0022582478755967606,500,0.4782608695650001,2.4850204174189658e-18,500
8,7,2,0.875,4.0,1.0,0.526062304145624,0.0006111403727760633,500,0.519700004866082,3.2419495346174115e-05,500,0.49244443579369,0.0015746774907238123,500,0.6029128623369862,0.00012485429955969016,500,0.817172449530242,0.00014123971471716548,500,0.00826599072814682,2.6588164698877922e-05,500,165.260918449946,0.2598021737299005,500,0.162658384301144,0.00025571080091504634,500,nan,nan,0,5.59872091648256,0.0023937957137542807,500,1.2632362976901579,0.010847420113628962,500,5.449225060550001,3.976032667870345e-17,500,7.606299212599997,1.1928098003611036e-16,500,3.1076574803139403,0.016455365821724893,500,3.6377952755900007,3.976032667870345e-17,500,0.4085636645963,0.002163386603892137,500,0.4782608695650001,2.4850204174189658e-18,500
8,7,2,0.875,5.0,1.0,0.521341754560898,0.0006203630699724897,500,0.5152595042009179,3.846930644645465e-05,500,0.28278369939118203,0.0006248176732783677,500,0.5856055362322581,0.00022223079860793374,500,0.793300297750518,0.000267286394140184,500,0.01124421860184604,5.633066128776583e-05,500,146.01760477714402,0.32499804728783305,500,0.14371811493812398,0.0003198799678033676,500,nan,nan,0,6.93419454669534,0.0020010640689145385,500,1.275306579585458,0.011118442595835555,500,6.811531325689999,3.976032667870345e-17,500,7.606299212599997,1.1928098003611036e-16,500,3.08989370078636,0.01641508583154183,500,3.6377952755900007,3.976032667870345e-17,500,0.406228260869564,0.0021580909944175814,500,0.4782608695650001,2.4850204174189658e-18,500
8,7,2,0.875,6.0,1.0,0.5235192986993441,0.0006079284379162323,500,0.5130053785015719,1.2595290705388952e-05,500,0.18914412458184,0.00015846770680727894,500,0.5771824628830441,0.0003073459714764248,500,0.7786485759114881,0.0003235513554970491,500,0.01305695627805996,7.305119045743542e-05,500,134.614987016274,0.32504467507604307,500,0.132495065960864,0.00031992586129442037,500,nan,nan,0,8.280307923771138,0.0017370500466240345,500,1.3004313450743539,0.011170236911529232,500,8.17383759082,0.0,500,7.606299212599997,1.1928098003611036e-16,500,3.0554763779518597,0.017074644232281666,500,3.6377952755900007,3.976032667870345e-17,500,0.401703416149096,0.0022448031237077733,500,0.4782608695650001,2.4850204174189658e-18,500
8,7,2,0.875,7.0,1.0,0.524633196381556,0.0005590024983495337,500,0.512753036056772,1.069034594112354e-06,500,0.138682305989254,4.5851843005162596e-05,500,0.574216544612212,0.0003142346853835126,500,0.7687661217653561,0.0003291516154410809,500,0.0142856711171016,7.720620075058017e-05,500,127.28709520593,0.3034326320438167,500,0.1252825740215856,0.00029865416539826066,500,nan,nan,0,9.62577408026922,0.0014199924255258963,500,1.2893460967159458,0.01060115115852012,500,9.536143855960002,7.95206533574069e-17,500,7.606299212599997,1.1928098003611036e-16,500,3.0693543307076996,0.016170478023349914,500,3.6377952755900007,3.976032667870345e-17,500,0.40352795031058997,0.002125932410939715,500,0.4782608695650001,2.4850204174189658e-18,500
8,7,2,0.875,8.0,1.0,0.522972120687816,0.0006187881876408545,500,0.5127167637981,8.848609231784142e-07,500,0.10648306477709801,2.9661950119084e-05,500,0.5722583452922879,0.00035884095928505127,500,0.760804687851532,0.0003768197656781318,500,0.0153449328682104,9.134414324903125e-05,500,121.51951056743,0.3303411445003286,500,0.1196058174876478,0.0003251389217515363,500,nan,nan,0,10.975503211414,0.0013206349168382021,500,1.2719316442429158,0.011717780899160842,500,10.898450121100002,7.95206533574069e-17,500,7.606299212599997,1.1928098003611036e-16,500,3.09988582677048,0.0174226460591288,500,3.6377952755900007,3.976032667870345e-17,500,0.407541925465848,0.0022905549166771857,500,0.4782608695650001,2.4850204174189658e-18,500
8,7,2,0.875,9.0,1.0,0.520946869515876,0.0006107587458878302,500,0.512706437316236,6.615314300077738e-07,500,0.08432795433983781,1.89668750591073e-05,500,0.570200071025482,0.000353373753643238,500,0.7535938957629781,0.00038223251774087316,500,0.016277283558832602,9.131673268039966e-05,500,116.3376257831592,0.3215553129246094,500,0.11450553718817401,0.00031649144972988036,500,nan,nan,0,12.3310454868956,0.0012040984506338853,500,1.288711824351812,0.011714792704668716,500,12.2607563862,0.0,500,7.606299212599997,1.1928098003611036e-16,500,3.07657086614076,0.016509767465503165,500,3.6377952755900007,3.976032667870345e-17,500,0.404476708074554,0.0021705387868746176,500,0.4782608695650001,2.4850204174189658e-18,500
8,7,2,0.875,10.0,1.0,0.519391807926966,0.0006267274242793145,500,0.5127056212777981,5.119278030233256e-07,500,0.068440147201401,1.3140555816476282e-05,500,0.5684029491783599,0.0003465986871303738,500,0.747506629043918,0.00037838820036003326,500,0.017175391990462,9.597143411278953e-05,500,112.32281006505521,0.30241966299611434,500,0.1105539469144298,0.00029765714861719093,500,nan,nan,0,13.6862935907442,0.0009983818687736787,500,1.29248232415451,0.010667414939644631,500,13.623062651400003,1.590413067148138e-16,500,7.606299212599997,1.1928098003611036e-16,500,3.0593622047233398,0.016895342742015266,500,3.6377952755900007,3.976032667870345e-17,500,0.402214285714316,0.002221230360495185,500,0.4782608695650001,2.4850204174189658e-18,500
8,8,2,1.0,1.0,1.0,0.530495352720408,0.0005798684075676695,500,0.6569256433254579,2.800772932602744e-05,500,1.66970027276782,0.0005545753080152801,500,0.65295813993204,5.5048660971983986e-05,500,0.8898422578760681,3.3235522360650567e-05,500,0.00293618002790456,1.1777425511326967e-06,500,342.33036343883003,0.1320358812840407,500,0.30924152072161004,0.00011927360549600152,500,nan,nan,0,1.89812035296292,0.007210318287143346,500,1.2888836768107022,0.010889695940045676,500,1.38145139069,0.0,500,7.718157181570001,7.95206533574069e-17,500,4.21370189701964,0.013152570799330153,500,7.01557723577352,0.01675796902104686,500,0.5459466292135201,0.001704107663259063,500,0.908970505617812,0.002171239665992251,500
8,8,2,1.0,2.0,1.0,0.529347693882808,0.0005791887620328406,500,0.65509695808834,2.314711590865284e-05,500,1.2759383472628398,0.0009063650010534769,500,0.64888660891986,5.217083596739538e-05,500,0.878828899809344,4.6717135160384695e-05,500,0.00335391546763608,2.0877167114065035e-06,500,301.873261516642,0.1626203548874829,500,0.272694906519084,0.00014690185626748816,500,nan,nan,0,3.05875521170492,0.004571744660599809,500,1.2928273513968838,0.011090683684342338,500,2.76290278138,0.0,500,7.718157181570001,7.95206533574069e-17,500,3.1724227642277003,0.013595680079058557,500,3.99687804878088,0.012994056903039532,500,0.41103370786532,0.0017615189428365776,500,0.51785393258445,0.0016835698726049798,500
8,8,2,1.0,3.0,1.0,0.5311531646791281,0.00060265557562066,500,0.6565390862197981,2.785893072032548e-05,500,0.976310258101626,0.0008986943407061394,500,0.645755429485022,7.249048099360177e-05,500,0.8567202658512499,6.413599219890056e-05,500,0.00432633087669132,3.7747181624824476e-06,500,239.37732879329997,0.20629666960879905,500,0.21623968274011598,0.0001863565217793921,500,nan,nan,0,4.34637909622356,0.003250814992887927,500,1.287958696788176,0.01112647920117867,500,4.144354172070001,3.976032667870345e-17,500,7.718157181570001,7.95206533574069e-17,500,3.1847154471543,0.013815403891222738,500,3.6422764227599993,3.976032667870345e-17,500,0.412626404494536,0.0017899873721508883,500,0.47191011235999986,7.455061252256898e-18,500
8,8,2,1.0,4.0,1.0,0.528249013112784,0.0005991476593890216,500,0.657617178913636,8.988649695018976e-06,500,0.660051426426498,0.0017334526426028777,500,0.6376768218461041,9.460456679177637e-05,500,0.820447453134446,8.688668652867806e-05,500,0.0063327521042027,8.648123805649884e-06,500,171.289033018952,0.19344284281413968,500,0.15473264048684,0.00017474511545971047,500,nan,nan,0,5.676526782967421,0.002484671150735112,500,1.2759386371120058,0.011279862740810116,500,5.52580556276,0.0,500,7.718157181570001,7.95206533574069e-17,500,3.20065040650386,0.013147146448586035,500,3.6422764227599993,3.976032667870345e-17,500,0.41469101123611596,0.0017034048593930914,500,0.47191011235999986,7.455061252256898e-18,500
8,8,2,1.0,5.0,1.0,0.5169798764372799,0.0005970506172697429,500,0.6579912267606159,3.536678014434143e-06,500,0.359820459713626,0.001258688472896085,500,0.6239481353056561,0.00021419881665987,500,0.781007079649744,0.00020875754447599446,500,0.009056596347055362,2.714036453226291e-05,500,127.37730661570001,0.28331610016008196,500,0.11506531762936041,0.0002559314364583294,500,nan,nan,0,7.0334167029101,0.00201317251052965,500,1.3026712964784382,0.011309258807010262,500,6.907256953450001,3.976032667870345e-17,500,7.718157181570001,7.95206533574069e-17,500,3.18334959349556,0.014045919914085221,500,3.6422764227599993,3.976032667870345e-17,500,0.412449438202418,0.0018198540899991111,500,0.47191011235999986,7.455061252256898e-18,500
8,8,2,1.0,6.0,1.0,0.5183573383645221,0.0006064041987989129,500,0.6582775341430059,1.8815096769864673e-06,500,0.215226123074084,0.0003325638386701835,500,0.61610960175991,0.0003332629925197916,500,0.757742240535196,0.0003530237897374276,500,0.010923679971488581,4.9108823489679995e-05,500,110.71275070530622,0.3238618685431516,500,0.1000115182522962,0.00029255814683140115,500,nan,nan,0,8.39184433357528,0.0017344258391531636,500,1.287711114409036,0.01129549352775132,500,8.288708344140002,7.95206533574069e-17,500,7.718157181570001,7.95206533574069e-17,500,3.1947317073166994,0.013856475595184764,500,3.6422764227599993,3.976032667870345e-17,500,0.413924157303544,0.001795308811321852,500,0.47191011235999986,7.455061252256898e-18,500
8,8,2,1.0,7.0,1.0,0.521863525417418,0.0005804480687193731,500,0.658486889572618,1.0321300426505327e-06,500,0.15293118604018,6.903719627258407e-05,500,0.61203063653356,0.00037902210503009255,500,0.7432909143542841,0.0004080398617944635,500,0.012218080524248361,5.963823035275506e-05,500,101.3608900556154,0.3143699880465301,500,0.0915635863194334,0.00028398372903960816,500,nan,nan,0,9.758407535476241,0.001480832968767131,500,1.2847765683723342,0.011410691903257268,500,9.670159734829998,7.95206533574069e-17,500,7.718157181570001,7.95206533574069e-17,500,3.2129430894307,0.012878214340017886,500,3.6422764227599993,3.976032667870345e-17,500,0.416283707865328,0.0016685607765070081,500,0.47191011235999986,7.455061252256898e-18,500
8,8,2,1.0,8.0,1.0,0.522973103574736,0.0005776537376690474,500,0.6586415328121341,7.096446934746564e-07,500,0.11662828337107,2.9498362253419408e-05,500,0.6084401945359279,0.00039514477529125437,500,0.7314870093676941,0.00043096164646674466,500,0.013412421306565,6.725969519973521e-05,500,94.1795431937526,0.2973156833469491,500,0.08507637144874099,0.0002685778530688049,500,nan,nan,0,11.1303200993634,0.0012615091024236853,500,1.2988787318476738,0.010931119351591016,500,11.0516111255,0.0,500,7.718157181570001,7.95206533574069e-17,500,3.16650406504052,0.014009481420575464,500,3.6422764227599993,3.976032667870345e-17,500,0.410266853932734,0.0018151329509171247,500,0.47191011235999986,7.455061252256898e-18,500
8,8,2,1.0,9.0,1.0,0.521295017734524,0.0005844995299510277,500,0.6587589632454081,4.6340170819144526e-07,500,0.0919663681076032,1.7553978191748294e-05,500,0.605736361953308,0.00044861369059499574,500,0.7219220753190501,0.0004820643853723545,500,0.014419690304891401,7.781340432031412e-05,500,88.892487391128,0.3033707031458622,500,0.08030034994682199,0.000274047608984806,500,nan,nan,0,12.5030897999076,0.0011729096131509126,500,1.2964053941833882,0.011520701008560905,500,12.433062516200001,7.95206533574069e-17,500,7.718157181570001,7.95206533574069e-17,500,3.18380487804864,0.014156609359548622,500,3.6422764227599993,3.976032667870345e-17,500,0.412508426966456,0.001834195524473019,500,0.47191011235999986,7.455061252256898e-18,500
8,8,2,1.0,10.0,1.0,0.518663746975046,0.0005894076187463466,500,0.6588489106114521,3.576294909559422e-07,500,0.07438911946431741,1.1063649701583712e-05,500,0.60376155567569,0.0004644805374350564,500,0.714266040304416,0.0005020563553401124,500,0.0152517556455442,8.492653641723644e-05,500,84.9189009107692,0.29266550799943064,500,0.0767108409311372,0.0002643771526644022,500,nan,nan,0,13.8762061272468,0.0010545848445956006,500,1.281860800045502,0.011473578052600854,500,13.814513906900002,7.95206533574069e-17,500,7.718157181570001,7.95206533574069e-17,500,3.20019512195088,0.014188967165032054,500,3.6422764227599993,3.976032667870345e-17,500,0.414632022472082,0.0018383879508160547,500,0.47191011235999986,7.455061252256898e-18,500
8,4,2,0.5,1.0,2.0,0.5281442096531961,0.0011541799127223623,500,0.210355048029578,0.00011342725776831147,500,1.22457873467842,0.0014603311076003284,500,0.44077932157043803,0.00048134259250304066,500,0.839158719129884,0.000701898343596437,500,0.015331544264598401,0.00011704360927321837,500,70.3391147443848,0.35509334697543243,500,0.26443276219692596,0.0013349373946447715,500,nan,nan,0,2.48582365869364,0.016657091452563787,500,2.1802969840608157,0.01925101743126871,500,1.17437046035,0.0,500,5.894736842110002,7.95206533574069e-17,500,2.4711879699250003,0.021362696298187815,500,4.35446616541292,0.02863805189468362,500,0.41921938775509604,0.003624028836299323,500,0.73870408163263,0.004858240946420823,500
8,4,2,0.5,2.0,2.0,0.528886168185548,0.001154938746990691,500,0.21473620016675599,8.874291260142203e-05,500,0.900131323770612,0.00306942406434937,500,0.435009199799508,0.0005010986365482368,500,0.807117609556384,0.0008005056795914651,500,0.020653759311391403,0.0001696410805588371,500,54.7105729898492,0.2950284365508578,500,0.205678845826508,0.0011091294607177566,500,nan,nan,0,3.2078676521562803,0.012690618197481632,500,2.159770384025956,0.019491927970700026,500,2.34874092071,0.0,500,5.894736842110002,7.95206533574069e-17,500,1.7609022556390341,0.023939371313511416,500,3.23260150375944,0.018355463209081102,500,0.2987244897958778,0.00406114334782727,500,0.5483877551020501,0.0031138732229675893,500
8,4,2,0.5,3.0,2.0,0.514252156160228,0.00126100417474744,500,0.221481789057898,9.251183892097953e-05,500,0.5701671771658959,0.003326684394812805,500,0.415377562813528,0.0006720290436192443,500,0.7491054367096581,0.0010940899976355006,500,0.0329069942076528,0.0003199614390363957,500,36.8438447022286,0.2732765303635303,500,0.13851069436929378,0.0010273553773060596,500,nan,nan,0,4.171017419950259,0.00967149079645753,500,2.2041852577252956,0.018636658401949533,500,3.52311138106,0.0,500,5.894736842110002,7.95206533574069e-17,500,1.5318496240610038,0.02594597819910883,500,2.65842105263176,0.021027639561509635,500,0.259867346938781,0.004401549873058698,500,0.45098214285695404,0.003567188854190105,500
8,4,2,0.5,4.0,2.0,0.49873297265993,0.0012529050238643162,500,0.229320595221738,0.00011817092375961537,500,0.30345433668746,0.002176595679742974,500,0.393385630490826,0.0010666038423194201,500,0.696506046798306,0.001566517468417608,500,0.046016139769322,0.000558542670483696,500,27.9786227871472,0.2964048220492761,500,0.10518279243288259,0.0011143038422901368,500,nan,nan,0,5.19489617354966,0.007599296384057032,500,2.18633559818863,0.018423005520443268,500,4.69748184142,0.0,500,5.894736842110002,7.95206533574069e-17,500,1.6018947368427374,0.026487653237994548,500,2.594736842105226,0.02362497168723161,500,0.2717499999999958,0.0044934411743010865,500,0.4401785714283041,0.004007807696949884,500
8,4,2,0.5,5.0,2.0,0.48880651347377,0.0013519097548239686,500,0.23591176057483,0.00010064657493638822,500,0.17156460174186802,0.0006943313745624934,500,0.37878083055517797,0.0013804240181828084,500,0.663954028416414,0.0019447136296758217,500,0.0550927345057102,0.0007437394505589359,500,24.4194602522938,0.3052765776020441,500,0.0918024821514824,0.0011476563067751896,500,nan,nan,0,6.274643486363161,0.0064465411342357615,500,2.174481894076598,0.019247741864557525,500,5.87185230177,0.0,500,5.894736842110002,7.95206533574069e-17,500,1.6021954887222116,0.027300949400669,500,2.6285714285715605,0.02372271554216685,500,0.271801020408177,0.004631411059041005,500,0.445918367346688,0.004024389243770181,500
8,4,2,0.5,6.0,2.0,0.4852572834784,0.0014697676501039165,500,0.23935608644718798,3.9370203050726695e-05,500,0.115474524103128,0.00022360054205800998,500,0.3694799103374501,0.0015447836124042101,500,0.6434553703295801,0.0021701392617739473,500,0.0613836367160844,0.0008799591646634245,500,22.48676204351978,0.30352932496997503,500,0.08453669941173061,0.0011410876878572222,500,nan,nan,0,7.38513069266174,0.005464660408862912,500,2.1725929517770837,0.019287997361083192,500,7.04622276213,0.0,500,5.894736842110002,7.95206533574069e-17,500,1.5919398496247041,0.026397853862972467,500,2.6120300751879264,0.02272811214802857,500,0.27006122448980396,0.004478207351753297,500,0.443112244897696,0.0038556618822645473,500
8,4,2,0.5,7.0,2.0,0.4820373334818399,0.0014151048878013061,500,0.24045648120858198,1.0546305498336022e-05,500,0.08445448338086418,9.98961900328089e-05,500,0.362423159762148,0.0015528870192757502,500,0.6296451797167479,0.0021642980618234,500,0.06544470312713599,0.0009165696132162948,500,21.090733091773444,0.27944008506338164,500,0.079288470269815,0.0010505266355764638,500,nan,nan,0,8.51427074967882,0.004655843600229122,500,2.1801937311553763,0.018577979881981586,500,8.220593222480002,7.95206533574069e-17,500,5.894736842110002,7.95206533574069e-17,500,1.5828872180458082,0.024765576668140075,500,2.6180451127819,0.021473021389005458,500,0.2685255102040998,0.004201303184772706,500,0.44413265306093,0.0036427446999276005,500
8,4,2,0.5,8.0,2.0,0.476432715386416,0.0014444918559951313,500,0.24097011014595798,2.7009596792849826e-06,500,0.0645700468026032,6.011875382221902e-05,500,0.360504764825602,0.0015952437875778698,500,0.6237088523843599,0.002218036093902526,500,0.06681965553384318,0.000945980478065997,500,20.73203299826058,0.2753004580997481,500,0.077939973677677,0.001034964128194128,500,nan,nan,0,9.650186587498302,0.004147795997987585,500,2.1664705020137798,0.018767058359763906,500,9.39496368283,0.0,500,5.894736842110002,7.95206533574069e-17,500,1.588511278196074,0.025986230994140786,500,2.63984962406032,0.02211098610419616,500,0.26947959183674436,0.004408378472219152,500,0.447831632652788,0.0037509708569721245,500
8,4,2,0.5,9.0,2.0,0.47139451036200203,0.001462452379772513,500,0.24129443921858598,1.9584460455152995e-06,500,0.0510314355457602,4.1176370173347555e-05,500,0.35702876511129206,0.001712610000788432,500,0.6167564395914981,0.002370459195951441,500,0.0691135588756558,0.0010478952972951493,500,20.24855675198348,0.28282229190259045,500,0.0761223938044474,0.0010632416988819394,500,nan,nan,0,10.797007433443198,0.003735688403299534,500,2.166051470377028,0.018978420596207395,500,10.569334143199999,7.95206533574069e-17,500,5.894736842110002,7.95206533574069e-17,500,1.583488721805172,0.025591095194733578,500,2.6293233082706005,0.023202849800217407,500,0.26862755102040803,0.00434134650624797,500,0.4460459183670801,0.00393619773397433,500
8,4,2,0.5,10.0,2.0,0.467783727261006,0.0015672247667163621,500,0.241525063413172,1.4907729316180587e-06,500,0.041300691387082596,2.8464965670387194e-05,500,0.35274322528554397,0.0018396736867315594,500,0.609338479280164,0.0025465671375823305,500,0.0720633252786472,0.0011267826671575926,500,19.740269675563002,0.30503214745888485,500,0.0742115401337074,0.0011467373964632913,500,nan,nan,0,11.9513856731638,0.0036216850436999334,500,2.1704341795676503,0.02084307001226075,500,11.743704603499996,1.590413067148138e-16,500,5.894736842110002,7.95206533574069e-17,500,1.6082105263162538,0.02777579021941114,500,2.60977443609034,0.022888425649160278,500,0.2728214285714236,0.004711964412221033,500,0.442729591836476,0.003882857922636893,500
8,5,2,0.625,1.0,2.0,0.529340710450296,0.000899722364915125,500,0.308709821094374,0.00011351287931820395,500,1.4391241948176599,0.0008894785480773146,500,0.528108005087862,0.0003661314582072175,500,0.8599114303755401,0.00045769604772655627,500,0.007708321518642681,4.327574266852482e-05,500,135.3110075978158,0.551792683697044,500,0.26847422142422794,0.001094826753366057,500,nan,nan,0,2.67106032317426,0.017302903299710296,500,2.3458008686130545,0.019909052640458055,500,1.2583276828999996,1.9880163339351726e-17,500,6.69841269841,0.0,500,2.8938730158727597,0.022002844553639912,500,5.00928571428588,0.029515641137642056,500,0.432023696682474,0.0032847848504267583,500,0.747831753554574,0.004406363487376575,500
8,5,2,0.625,2.0,2.0,0.5296346083683179,0.0008739470313913289,500,0.30865558378252406,4.817499948659714e-05,500,1.1484006393751403,0.0017737482199063337,500,0.52368291724745,0.0002858473500739867,500,0.838549909547392,0.0004739187064401577,500,0.00973276562600968,5.63854299533114e-05,500,110.23138214313862,0.4315799824125932,500,0.218713059807798,0.0008563094889160056,500,nan,nan,0,3.44565266130324,0.013349275139263667,500,2.329742622241964,0.02002957315104473,500,2.51665536579,0.0,500,6.69841269841,0.0,500,1.9164999999997399,0.02265143556077877,500,3.6107936507922,0.017188243627763358,500,0.28611255924179135,0.0033816124178442882,500,0.5390521327014881,0.002566017413620656,500
8,5,2,0.625,3.0,2.0,0.526913643303156,0.0008723007192596317,500,0.30408251950371196,9.208020610053882e-05,500,0.8339093800769859,0.002724289130042521,500,0.5027889155861159,0.00032550968501794697,500,0.792375312485196,0.0006788916448562401,500,0.016117648436986598,0.00011953702492105183,500,75.4911175627992,0.4246412037695276,500,0.1497839634182542,0.0008425420709713364,500,nan,nan,0,4.4703566010658,0.011204711303871564,500,2.35955502193476,0.0214101306442552,500,3.7749830486899993,1.9880163339351726e-17,500,6.69841269841,0.0,500,1.7281666666664959,0.02646112856295138,500,2.87944444444464,0.02044346171750555,500,0.25799644549755735,0.003950358055612892,500,0.42986966824646,0.0030519859909978408,500
8,5,2,0.625,4.0,2.0,0.5153955585775379,0.0008875237576321428,500,0.297860557401022,9.701520283183461e-05,500,0.52608855568603,0.003111971837297485,500,0.46420313744923997,0.0004655345552006783,500,0.7337784822128061,0.0009379957009598398,500,0.0287886911442166,0.0002485535169458882,500,54.335745859221795,0.452831163093548,500,0.1078090195619694,0.0008984745299475213,500,nan,nan,0,5.5768558294333,0.008552517998936054,500,2.36436117737308,0.02067982282751761,500,5.03331073159,0.0,500,6.69841269841,0.0,500,1.7457857142857287,0.02673713498292608,500,2.79452380952372,0.02215485946796755,500,0.26062677725110583,0.003991562805512931,500,0.41719194312811,0.003307479020096867,500
8,5,2,0.625,5.0,2.0,0.50215446917575,0.0009324510220181428,500,0.29374455534455796,5.598176294484664e-05,500,0.293319390151902,0.00224075535652799,500,0.429074356308562,0.0007720800714775142,500,0.6902341287804261,0.0012660311055626501,500,0.0413879581927348,0.00041561408057300033,500,46.2098765479536,0.48262819721172073,500,0.09168626299198959,0.0009575956293890581,500,nan,nan,0,6.74012479621276,0.00696088366367176,500,2.379915980695088,0.020256212167261936,500,6.29163841448,0.0,500,6.69841269841,0.0,500,1.7602857142857602,0.02629554906180189,500,2.8138095238094203,0.021425326598500487,500,0.2627914691942382,0.003925638840986453,500,0.42007109004754,0.0031985677149389785,500
8,5,2,0.625,6.0,2.0,0.49879617194317605,0.000997606956409319,500,0.29220665532446194,1.5445918138434664e-05,500,0.17303219596308203,0.0008994462228183655,500,0.40999747325236197,0.00107144829809473,500,0.667752108768078,0.0015476845636936425,500,0.0491835248974282,0.0005540001173442028,500,43.3833475542788,0.48859759141648773,500,0.0860780705441928,0.0009694396655083675,500,nan,nan,0,7.913522084541159,0.0061558276824793525,500,2.3274241471057238,0.021180101990109952,500,7.549966097379999,3.976032667870345e-17,500,6.69841269841,0.0,500,1.8028333333331166,0.025684246462763557,500,2.8430952380953594,0.020705201518565978,500,0.2691433649288316,0.0038343780264386866,500,0.42444312796223,0.003091060890207815,500
8,5,2,0.625,7.0,2.0,0.497345109516492,0.001083757900050166,500,0.29192319160857594,2.518116852021516e-06,500,0.120443053582482,0.000292114963528824,500,0.398010255497194,0.0013418180031772842,500,0.649709815953576,0.0018366247254912667,500,0.055866978852578,0.000718782640102677,500,40.177815034053594,0.5139250679139947,500,0.0797178869723216,0.001019692595066924,500,nan,nan,0,9.133364225719541,0.005490692083695262,500,2.3699313509826996,0.02150508416035981,500,8.808293780279998,7.95206533574069e-17,500,6.69841269841,0.0,500,1.722309523809394,0.02699858803110774,500,2.7888095238096797,0.022191748983722937,500,0.25712203791460836,0.004030594895645338,500,0.41633886255939,0.0033129862226855037,500
8,5,2,0.625,8.0,2.0,0.49573807775558204,0.0009977908358184742,500,0.291831747350532,1.5032146809080148e-06,500,0.09063838919852821,8.493194426534815e-05,500,0.394061497442538,0.0013059201591436927,500,0.64251121507113,0.0017507740419815847,500,0.05828144832777239,0.0006907168822308551,500,39.210290175770595,0.48879618691942944,500,0.077798194793203,0.000969833704205519,500,nan,nan,0,10.351727103714602,0.004591090508347142,500,2.3716112479662104,0.020385287504982485,500,10.066621463199997,1.590413067148138e-16,500,6.69841269841,0.0,500,1.714690476190298,0.026456117792737068,500,2.7959523809525537,0.02192475914570288,500,0.25598459715630617,0.003949610002237909,500,0.4174052132702894,0.0032731275501848263,500
8,5,2,0.625,9.0,2.0,0.49388610059958193,0.001082578558884271,500,0.29177871575328196,1.1257010511517254e-06,500,0.0714671947243562,4.8630473514559445e-05,500,0.390799371474618,0.0013111161352262024,500,0.635809262808468,0.0017865889264093915,500,0.060395204627887195,0.0007094739972832894,500,38.21723296736881,0.4820925166395784,500,0.0758278431892272,0.0009565327711105262,500,nan,nan,0,11.578066575643,0.004099497081650875,500,2.365392755424596,0.020536672990283257,500,11.324949146100002,7.95206533574069e-17,500,6.69841269841,0.0,500,1.762952380952328,0.02529772784198125,500,2.8038095238094543,0.022495529163801035,500,0.2631895734596292,0.0037766750095914103,500,0.4185781990522794,0.0033583372922220945,500
8,5,2,0.625,10.0,2.0,0.490543733817202,0.0010636932097069268,500,0.291745336128624,9.410267479064044e-07,500,0.057861813969127394,3.5238496044953286e-05,500,0.38611634725238403,0.0014117466671702283,500,0.628489293132552,0.0019200057193394578,500,0.0634303295818776,0.0007680984862869695,500,37.1453779567152,0.5014508039842445,500,0.07370114673951281,0.0009949420713971724,500,nan,nan,0,12.812225338552402,0.0037292854059067554,500,2.366838797912404,0.02096262316477974,500,12.583276829000003,7.95206533574069e-17,500,6.69841269841,0.0,500,1.7169047619047202,0.02546014979471627,500,2.8023809523810197,0.021256105272847464,500,0.2563151658766856,0.00380092283665876,500,0.41836492891009996,0.003173304815610816,500
8,6,2,0.75,1.0,2.0,0.530735570666212,0.0006716178914368132,500,0.41483802414354204,9.812160979025249e-05,500,1.60301657169812,0.0010232113109940701,500,0.590015607757884,0.00028858547681200584,500,0.871488490002354,0.0003310872888577876,500,0.0048096928686061,2.0187569145356256e-05,500,213.327724960306,0.721581687182899,500,0.27210169000040196,0.0009203848050794071,500,nan,nan,0,2.83902119238646,0.01757354909683903,500,2.4965926025163196,0.020189230765037834,500,1.33333333333,0.0,500,7.26530612245,0.0,500,3.19570408163264,0.020088580199211212,500,5.458877551020479,0.027582933135033107,500,0.439858146067444,0.0027650012071947887,500,0.7513623595506002,0.003796527313531247,500
8,6,2,0.75,2.0,2.0,0.529889051443618,0.0006992905862567023,500,0.416225551536318,6.910286940315459e-05,500,1.27719940125838,0.0023295280365954307,500,0.5882833751250142,0.00025806154564101406,500,0.854639081270906,0.0003549644854797368,500,0.00584930266574108,2.6445512995331586e-05,500,178.96535384392598,0.6185215764927036,500,0.22827213500492796,0.0007889305822611633,500,nan,nan,0,3.66879027975826,0.01422316607115331,500,2.49384033280472,0.021497929634448444,500,2.6666666666699994,1.9880163339351726e-17,500,7.26530612245,0.0,500,2.1197448979590963,0.02167147469896209,500,3.86027551020396,0.015210004880711963,500,0.291762640449456,0.002982871517551016,500,0.5313300561798039,0.0020935119077406467,500
8,6,2,0.75,3.0,2.0,0.5301908852768941,0.0007154614185417524,500,0.419419706890498,6.847624843618928e-05,500,0.9677685124378119,0.0025225808111571405,500,0.579557573264362,0.00032844354714359127,500,0.817891870289128,0.0004883065254266829,500,0.00894601539073578,5.768132149218482e-05,500,125.37039297258978,0.5794657691394159,500,0.159911215526234,0.0007391145014546786,500,nan,nan,0,4.73020641102882,0.010416054693404068,500,2.4963187922439203,0.01988865709900153,500,4.0,0.0,500,7.26530612245,0.0,500,1.904295918367212,0.0243429525748793,500,3.03521428571544,0.017089237516282642,500,0.26210814606749117,0.003350574933058357,500,0.41776825842686005,0.0023521703322989624,500
8,6,2,0.75,4.0,2.0,0.5234893747334399,0.0006907418098082265,500,0.423470804296466,5.905851417901559e-05,500,0.664816161247568,0.0031986907277257405,500,0.558736282026882,0.000586780505934554,500,0.763703051214624,0.000813928240227218,500,0.015217317015700279,0.00015303776030194075,500,80.9906680592402,0.5697642500206971,500,0.1033044235449462,0.0007267401148219389,500,nan,nan,0,5.89503401582904,0.008601084319344412,500,2.47512993327835,0.02088372062615726,500,5.333333333330001,3.976032667870345e-17,500,7.26530612245,0.0,500,1.889959183673434,0.02606013659944246,500,2.9772653061242798,0.019112390349937027,500,0.260134831460744,0.0035869289139685745,500,0.409792134831308,0.0026306379976054864,500
8,6,2,0.75,5.0,2.0,0.510142395103316,0.000726365153292553,500,0.42592182913949206,2.8821201232222367e-05,500,0.387080284132248,0.0030189927904346833,500,0.529455269376154,0.0009118833006318812,500,0.7101900288751279,0.0011959035066982533,500,0.023228103043495204,0.0002862902263716166,500,57.7997616292254,0.5775881595676169,500,0.07372418575155579,0.0007367195912849087,500,nan,nan,0,7.12573796010372,0.007393149603878132,500,2.474624199354902,0.02171074073909447,500,6.666666666669998,1.1928098003611036e-16,500,7.26530612245,0.0,500,1.899928571428566,0.025906315905811828,500,2.95540816326726,0.01886895824825997,500,0.26150702247198876,0.00356575696456346,500,0.406783707865004,0.00259713189372114,500
8,6,2,0.75,6.0,2.0,0.5019964749158681,0.0008421722920461415,500,0.426930055764864,8.354539320175448e-06,500,0.216494568707238,0.0015087722307459068,500,0.508112047537588,0.0013747493260471185,500,0.676356547184132,0.0016600716844483879,500,0.0295064270136814,0.0004497815941350826,500,49.341259529137794,0.6159248953658731,500,0.0629352800116582,0.000785618488987559,500,nan,nan,0,8.383569176241759,0.006479896981818186,500,2.4598624268152762,0.022573039648113462,500,8.0,0.0,500,7.26530612245,0.0,500,1.942142857142976,0.02639091991455124,500,2.9824081632670993,0.019524629497312488,500,0.2673174157304084,0.0036324580781248736,500,0.41049999999985604,0.0026873787791262317,500
8,6,2,0.75,7.0,2.0,0.49918264221159003,0.0009232475239703679,500,0.42736727592615803,3.82108396186139e-06,500,0.14271746665738602,0.0003824214956581348,500,0.49219217517349,0.001561266050638292,500,0.651735435013734,0.001784944333007477,500,0.034703614346413204,0.0005165249479914658,500,43.2813244356308,0.5575546005523903,500,0.055205770963816,0.0007111665823371202,500,nan,nan,0,9.678526037319862,0.005429202510437885,500,2.52087977390308,0.021122268032056267,500,9.33333333333,0.0,500,7.26530612245,0.0,500,1.8708367346939239,0.024727436989982043,500,2.9258367346957597,0.019660065595404126,500,0.25750280898885397,0.0034034955407546688,500,0.402713483145918,0.0027060202645343787,500
8,6,2,0.75,8.0,2.0,0.500325457934204,0.0009788797229807718,500,0.427652240744514,2.3414616304547554e-06,500,0.105795645772264,0.00012303548314351347,500,0.485872795982156,0.0017163177865925075,500,0.639309655309034,0.0019142997561106794,500,0.037392200765420595,0.0005793059884995643,500,40.8893724352596,0.5513330669841886,500,0.052154811779663406,0.0007032309527861316,500,nan,nan,0,10.960463525702803,0.004621979016176602,500,2.4777722125673334,0.02124802315335166,500,10.6666666667,0.0,500,7.26530612245,0.0,500,1.853275510203988,0.026160836488506634,500,2.9496224489815193,0.018727956655111167,500,0.2550856741574142,0.0036007892919582857,500,0.40598735955041804,0.0025777243710688644,500
8,6,2,0.75,9.0,2.0,0.49620747136064797,0.000993629769382139,500,0.427845329751662,1.5448373919546974e-06,500,0.08297714224677459,6.877460883606373e-05,500,0.48036830711558204,0.001791349390197639,500,0.628852840179798,0.0019530390459314888,500,0.0396133309598532,0.0006313391458235341,500,38.8526793607288,0.5144099557480893,500,0.0495569889805208,0.0006561351476380415,500,nan,nan,0,12.2640941187436,0.004155572222762657,500,2.49101932644013,0.02058485493786192,500,12.0,0.0,500,7.26530612245,0.0,500,1.8997959183671018,0.026070816793165877,500,2.9566938775529197,0.019935157246891055,500,0.26148876404503596,0.003588398940631091,500,0.406960674157146,0.0027438840030819035,500
8,6,2,0.75,10.0,2.0,0.49274542247576997,0.0009442119291147416,500,0.42798230339911597,1.1673743188070513e-06,500,0.0669566032571884,4.2522322635482496e-05,500,0.475378770646738,0.00179369817950227,500,0.6198105513470339,0.0019374901575369156,500,0.0416637114864986,0.0006377259501169336,500,37.072637385844004,0.49067811838095815,500,0.0472865272778632,0.0006258649469143583,500,nan,nan,0,13.5691571841942,0.0037763655450942842,500,2.4766555524902807,0.020879576146834715,500,13.3333333333,0.0,500,7.26530612245,0.0,500,1.861959183673266,0.02546448488289906,500,2.92776530612432,0.019842610798597247,500,0.2562808988764896,0.003504943143994437,500,0.40297893258411793,0.0027311458683447957,500
8,7,2,0.875,1.0,2.0,0.530140037278426,0.0006301583962746283,500,0.529870666555876,0.00011183238934784828,500,1.6962778929232198,0.0008354175480964307,500,0.62856005656889,0.00027930673115695095,500,0.878176497341478,0.0002946688678373287,500,0.0036258477962028,1.4297886217847264e-05,500,281.339295291108,0.8798385830407299,500,0.27690875520778596,0.0008659828573240479,500,nan,nan,0,2.90600028528686,0.01935970772790099,500,2.5552987318845397,0.02222277588525586,500,1.3623062651399995,1.9880163339351726e-17,500,7.606299212599997,1.1928098003611036e-16,500,3.43417322834644,0.022882765975837292,500,5.78515748031504,0.02809397273604695,500,0.45149068322983005,0.0030083967690792057,500,0.7605745341615159,0.003693514013949585,500
8,7,2,0.875,2.0,2.0,0.5312420779490861,0.000612498438702986,500,0.529620380081574,4.0028040790777986e-05,500,1.3737155803971801,0.0021836980696579847,500,0.6264672846450301,0.00019601982829950556,500,0.8641578180454501,0.000285984841989709,500,0.004296845959520519,1.6020846643329093e-05,500,240.681326365276,0.7085243667614721,500,0.23689106925714798,0.0006973665027175176,500,nan,nan,0,3.76169374625844,0.015123843066415314,500,2.5656571407355058,0.022754524341371523,500,2.724612530270001,3.976032667870345e-17,500,7.606299212599997,1.1928098003611036e-16,500,2.28297637795267,0.02101799739552378,500,4.0547716535432805,0.014940872928644681,500,0.30014285714283906,0.0027632356824357513,500,0.533080745341586,0.001964276254595471,500
8,7,2,0.875,3.0,2.0,0.5312868802187979,0.0006331562429435699,500,0.527666920960414,4.512625618438742e-05,500,1.0089238553889441,0.0030397666225027826,500,0.6165813513460159,0.0001932788675524722,500,0.8345272773630641,0.00038739298056603675,500,0.0063527169299759795,3.354382401171773e-05,500,176.843898083156,0.6944385464904327,500,0.174058954806254,0.0006835025063870015,500,nan,nan,0,4.866728544571,0.01203063393320957,500,2.604718304342654,0.023252874131642166,500,4.08691879541,0.0,500,7.606299212599997,1.1928098003611036e-16,500,2.083287401575788,0.02559841274631194,500,3.17280708661354,0.015277754449805982,500,0.2738897515527558,0.003365422793773725,500,0.41712888198758197,0.002008566061203939,500
8,7,2,0.875,4.0,2.0,0.5276769821104279,0.000635910419320032,500,0.524245188941228,7.904072176581931e-05,500,0.6667477075122299,0.003154559511340646,500,0.5960156193333739,0.0002598446208325375,500,0.7943493673644559,0.0005763082385736423,500,0.01074047397538866,7.521180375610354e-05,500,127.78170322437678,0.7725352387487607,500,0.1257693929373728,0.0007603693294775588,500,nan,nan,0,6.030671447041361,0.009070135873213517,500,2.54472712023886,0.021947269662459322,500,5.449225060550001,3.976032667870345e-17,500,7.606299212599997,1.1928098003611036e-16,500,2.055342519686116,0.02568541355636904,500,3.0832322834636,0.016642396424049178,500,0.2702158385092692,0.0033768607884685823,500,0.40535248447206196,0.002187975513308491,500
8,7,2,0.875,5.0,2.0,0.519743780370884,0.0006340443512591074,500,0.520593505607878,9.60251477003743e-05,500,0.39409462252034,0.0027553580925759307,500,0.566716925149498,0.0004420967170642438,500,0.7541588609588059,0.0008865473703278156,500,0.017215176827204397,0.00015752387103735053,500,101.605829564492,0.8841795287374532,500,0.10000573776034019,0.0008702554416710351,500,nan,nan,0,7.29126154797974,0.007468084735087457,500,2.56104491248222,0.021674180912714,500,6.811531325689999,3.976032667870345e-17,500,7.606299212599997,1.1928098003611036e-16,500,1.993275590552182,0.025833429215043953,500,3.05991732283364,0.01762142246111641,500,0.2620559006210904,0.00339632040404854,500,0.40228726708076,0.0023166880461321943,500
8,7,2,0.875,6.0,2.0,0.5152031118612901,0.0006587914539291117,500,0.5168213761722941,9.591327429056532e-05,500,0.22732154782746797,0.0014149315390880083,500,0.544066393629156,0.0007321289859041631,500,0.7287981545683619,0.0011989465800222165,500,0.022172139150667,0.0002453777613877912,500,90.48388180386019,0.9390745168337795,500,0.0890589387833354,0.0009242859417660326,500,nan,nan,0,8.5749551801723,0.006617051584223252,500,2.54611787609684,0.02271051782298404,500,8.17383759082,0.0,500,7.606299212599997,1.1928098003611036e-16,500,2.015645669292378,0.025882500513617963,500,3.06713385826664,0.017040558501464485,500,0.264996894409898,0.0034027718066570595,500,0.403236024844742,0.0022403218733831488,500
8,7,2,0.875,7.0,2.0,0.5146345281676701,0.0007083079928163075,500,0.5141709912965601,6.297234368795324e-05,500,0.148757327991382,0.0004879045203045548,500,0.5326885249879719,0.001015510771671816,500,0.714418237629862,0.0014050347530111017,500,0.0247585603892724,0.0003229177914923802,500,84.273617388152,0.9242732202730441,500,0.082946473807243,0.0009097177364896865,500,nan,nan,0,9.8811521419998,0.0058752807731751915,500,2.537534631724808,0.023572297337558504,500,9.536143855960002,7.95206533574069e-17,500,7.606299212599997,1.1928098003611036e-16,500,2.039539370079878,0.025645605004685563,500,3.07934645669198,0.017054106820430643,500,0.26813819875770323,0.003371627159001836,500,0.40484161490685205,0.0022421030705963617,500
8,7,2,0.875,8.0,2.0,0.512965273467762,0.0007419569757041258,500,0.51297086554976,2.135049586008674e-05,500,0.10991401956100999,0.0001363612065551059,500,0.52518171842452,0.0010534888766581922,500,0.701575425273154,0.0013694302969671243,500,0.0268777148727324,0.00032351409990668954,500,77.6272973967522,0.822038410220375,500,0.07640482027239341,0.0008090929234452676,500,nan,nan,0,11.2071887420178,0.004663849449765434,500,2.57408551419312,0.020504763467362536,500,10.898450121100002,7.95206533574069e-17,500,7.606299212599997,1.1928098003611036e-16,500,1.994527559056212,0.023374536259429562,500,3.0810118110224796,0.016399277517685926,500,0.2622204968943478,0.0030730497980813185,500,0.405060559006228,0.0021560126757224256,500
8,7,2,0.875,9.0,2.0,0.51073111744002,0.0006851745389881899,500,0.512708207801106,4.525830085527555e-06,500,0.085949957623182,5.7066167809261724e-05,500,0.521791669182272,0.0011868502540701934,500,0.6931284145886379,0.0014963765635390618,500,0.0283617168263472,0.000361942486501368,500,74.33250981019322,0.8533826868554163,500,0.0731619191045324,0.0008399435894254552,500,nan,nan,0,12.535684853326599,0.004365037026452217,500,2.56683619596514,0.021844194276730965,500,12.2607563862,0.0,500,7.606299212599997,1.1928098003611036e-16,500,2.023440944882828,0.025681885471406433,500,3.07934645669194,0.016963337608096637,500,0.2660217391303886,0.0033763969512119623,500,0.40484161490685405,0.0022301696441304284,500
8,7,2,0.875,10.0,2.0,0.509110830910416,0.0007393985288551381,500,0.512696250204056,1.024275229033218e-06,500,0.0693637822034786,3.1767261047192125e-05,500,0.519515796085474,0.0012708993570879424,500,0.6865223749143641,0.0015917408101569226,500,0.029472375925196005,0.0004011257086050681,500,71.80586434847359,0.842261751542401,500,0.0706750633351078,0.0008289977869507659,500,nan,nan,0,13.8657810946114,0.003986360636572521,500,2.537795381426816,0.02191135387704231,500,13.623062651400003,1.590413067148138e-16,500,7.606299212599997,1.1928098003611036e-16,500,2.033562992126722,0.02579282471184555,500,3.0943346456680003,0.016428774065992868,500,0.2673524844719988,0.003390982130855648,500,0.40681211180126603,0.002159890586316962,500
8,8,2,1.0,1.0,2.0,0.530518346650776,0.0005784546245816514,500,0.651838515393526,0.00010039688871301182,500,1.73495360292352,0.0010211921715201028,500,0.642125378623728,0.00023886862148563205,500,0.881101415089372,0.00024226035639802527,500,0.0032674711169008203,1.0463576077468482e-05,500,310.909854182914,0.8380453721508335,500,0.28085804352571003,0.0007570418899287393,500,nan,nan,0,2.93265148348326,0.019170973186110968,500,2.5752801179937825,0.02208403847120775,500,1.38145139069,0.0,500,7.718157181570001,7.95206533574069e-17,500,3.59646612466136,0.02202910442305932,500,5.96300271002718,0.025609435239327415,500,0.46597471910103205,0.002854192251438828,500,0.772594101123428,0.0033180764056571534,500
8,8,2,1.0,2.0,2.0,0.5303296975852461,0.0006031713472991453,500,0.652243976408622,6.0529072369380646e-05,500,1.4013377863914398,0.002265815017402414,500,0.64096810007419,0.00018810642136894655,500,0.869245765380124,0.00024870295968438524,500,0.003767715844331,1.1950544579268201e-05,500,272.33400516763203,0.7226797538178312,500,0.24601084477652,0.0006528272392206914,500,nan,nan,0,3.78781798826778,0.015101532694355746,500,2.5631674509326796,0.022734242266145073,500,2.76290278138,0.0,500,7.718157181570001,7.95206533574069e-17,500,2.41173983739818,0.019983165823920724,500,4.203804878049459,0.014198991406650641,500,0.312476123595494,0.0025891110214284075,500,0.5446643258427379,0.0018396867377309966,500
8,8,2,1.0,3.0,2.0,0.530291799798136,0.000580290470760979,500,0.6535634756823179,4.865988911940115e-05,500,1.0960789777317639,0.00231492085717494,500,0.635914545904946,0.00019993590681619466,500,0.8441396509334641,0.00029964269430379764,500,0.005153486969957341,2.1427391759077252e-05,500,207.986978742384,0.6766288388012279,500,0.18788344963177797,0.0006112274966576641,500,nan,nan,0,4.887230249960781,0.011443044851125404,500,2.55491952552624,0.02225174443738203,500,4.144354172070001,3.976032667870345e-17,500,7.718157181570001,7.95206533574069e-17,500,2.1676097560968683,0.024273298076755042,500,3.28131165311608,0.012339423074724819,500,0.28084550561799476,0.0031449603196382005,500,0.42514185393271603,0.0015987524981053278,500
8,8,2,1.0,4.0,2.0,0.529077955844838,0.0005840117443368231,500,0.655555889962498,4.5764312225569696e-05,500,0.8287455565628921,0.0027499630988949194,500,0.622758581114794,0.00036358708930694293,500,0.8019838989540319,0.0005101192666945402,500,0.00835955454202836,6.250602437717842e-05,500,139.9923261625552,0.7020325058156791,500,0.1264609992435054,0.0006341757053438094,500,nan,nan,0,6.119599766469561,0.009469819504152759,500,2.5886818525048603,0.02275818309968245,500,5.52580556276,0.0,500,7.718157181570001,7.95206533574069e-17,500,2.1443902439017304,0.024448259636187,500,3.1847154471544594,0.013603301100692035,500,0.2778370786516984,0.003167629145278411,500,0.412626404494532,0.0017625063575084014,500
8,8,2,1.0,5.0,2.0,0.521675026200876,0.0006298294279314094,500,0.657255588381646,2.5129268197915116e-05,500,0.532671920908026,0.0037081700528309547,500,0.600603261012416,0.0005633200898305827,500,0.75292061352773,0.000732590687057584,500,0.01322277111664754,0.00012696796427942003,500,96.4893568271172,0.6509840529639511,500,0.08716292396308481,0.0005880614751265689,500,nan,nan,0,7.37721601917316,0.007854663252233851,500,2.54540779411528,0.023036213796711093,500,6.907256953450001,3.976032667870345e-17,500,7.718157181570001,7.95206533574069e-17,500,2.193105691056202,0.024669087508487272,500,3.19791869918678,0.013541307917326153,500,0.284148876404529,0.003196240621711302,500,0.414337078651832,0.001754474235083108,500
8,8,2,1.0,6.0,2.0,0.5082946848402939,0.0006334316942817952,500,0.6579969403596081,9.144350491235917e-06,500,0.292175851428382,0.002466600783021177,500,0.5735516546242521,0.0008933533537989926,500,0.708867008953898,0.0010623529661810773,500,0.018949229750512997,0.00022199300464243073,500,74.4208036926726,0.6597157285072559,500,0.0672274649436928,0.0005959491675759959,500,nan,nan,0,8.69030378349952,0.0066239082281103635,500,2.56830787821838,0.02213017970035704,500,8.288708344140002,7.95206533574069e-17,500,7.718157181570001,7.95206533574069e-17,500,2.16760975609703,0.023490574777985388,500,3.1924552845526595,0.013970599131596092,500,0.28084550561800997,0.003043547083244036,500,0.41362921348329995,0.0018100951824390453,500
8,8,2,1.0,7.0,2.0,0.5054884366200519,0.0006800525146546013,500,0.658332334740122,3.479082933075732e-06,500,0.175517502002816,0.0009038617007086533,500,0.554755572325548,0.0011880491902773506,500,0.680501764527246,0.0013014725276354181,500,0.02349174426187,0.00030200283071019036,500,64.1542522701646,0.6317720498155015,500,0.0579532540832526,0.0005707064587311272,500,nan,nan,0,10.0252449015492,0.0054033177247204385,500,2.6047765392618003,0.021151895778120464,500,9.670159734829998,7.95206533574069e-17,500,7.718157181570001,7.95206533574069e-17,500,2.14347967479598,0.024190645060708848,500,3.17242276422758,0.01406129016243886,500,0.27771910112362774,0.0031342514141166856,500,0.411033707865326,0.0018218455301843377,500
8,8,2,1.0,8.0,2.0,0.5065564762682381,0.0007600562222411833,500,0.658549839117936,2.4409925582582996e-06,500,0.12293264905071,0.000274601923502741,500,0.5495834342890981,0.001488906717144542,500,0.66862630025955,0.0015582704108829627,500,0.025352625317096398,0.00037475313205783653,500,61.26494517207819,0.673759637277251,500,0.0553432205709822,0.0006086356253633102,500,nan,nan,0,11.3513897260612,0.0051944162637497055,500,2.5400497291009376,0.023584224847907675,500,11.0516111255,0.0,500,7.718157181570001,7.95206533574069e-17,500,2.1871869918693365,0.026025808567620188,500,3.18835772357698,0.014127823852991423,500,0.28338202247193,0.003372023652197905,500,0.41309831460692603,0.0018304659416352692,500
8,8,2,1.0,9.0,2.0,0.5050851758128121,0.0007512897978215058,500,0.658697499170814,1.593576775593485e-06,500,0.0947289555574574,9.056592925555088e-05,500,0.543227925285762,0.0015187578738288412,500,0.656013901575742,0.0015622237169328457,500,0.0274761807772884,0.00038498582703141505,500,57.1953628933,0.6326378414474356,500,0.0516669944835606,0.0005714885649931518,500,nan,nan,0,12.703128768017,0.0044718328098222095,500,2.5548475791491083,0.023311494377089993,500,12.433062516200001,7.95206533574069e-17,500,7.718157181570001,7.95206533574069e-17,500,2.187642276421966,0.024773804909931158,500,3.19700813008126,0.013310681955418978,500,0.2834410112359996,0.0032098082906490844,500,0.414219101123756,0.0017245932730273333,500
8,8,2,1.0,10.0,2.0,0.502324694415236,0.000703545753760189,500,0.6588059100808459,1.0864674260388239e-06,500,0.0760233780825972,4.3847814720971245e-05,500,0.5384842828691819,0.0015012361658803559,500,0.646057535184154,0.0015057685952613782,500,0.029127599490108,0.00039353764179796624,500,54.1279769548528,0.5484658128238705,500,0.04889609481016279,0.0004954524054415725,500,nan,nan,0,14.0608904114246,0.0038605272088882113,500,2.578096385858298,0.021408360650377076,500,13.814513906900002,7.95206533574069e-17,500,7.718157181570001,7.95206533574069e-17,500,2.173073170731166,0.024380806011903303,500,3.1956422764227,0.013567587447008627,500,0.28155337078654236,0.0031588895429749434,500,0.414042134831596,0.0017578791320133928,500
8,4,2,0.5,1.0,3.0,0.51711405643906,0.0014422291871295215,500,0.20451046107322798,0.0001708901281389336,500,1.25530460466478,0.0014347077965800948,500,0.408648488791032,0.001257987231120297,500,0.7885955416175181,0.0020035974342718114,500,0.025495634663819,0.0004950665338577563,500,51.261355546413796,0.6313832215780638,500,0.1927118629564436,0.0023736211337518826,500,nan,nan,0,3.42643588789542,0.025462266224219987,500,3.2108519821945403,0.02742311671226992,500,1.17437046035,0.0,500,5.894736842110002,7.95206533574069e-17,500,1.941774436090334,0.02282641194552836,500,3.5937293233082,0.031949819350856085,500,0.3294081632652772,0.0038723377407585426,500,0.609650510204054,0.0054200586398791715,500
8,4,2,0.5,2.0,3.0,0.512586475277924,0.0014567368167276982,500,0.209145361824378,0.0001679267132840395,500,1.037216881983686,0.0031921712757857607,500,0.40193261791963397,0.001331351444502229,500,0.753383302858804,0.0020703692635182097,500,0.034269309412367596,0.0006290768983809905,500,40.1185426807918,0.45928184631087604,500,0.15082158902552062,0.0017266234823709594,500,nan,nan,0,4.085475776876259,0.023563847553785856,500,3.31968656014066,0.02939884508625667,500,2.34874092071,0.0,500,5.894736842110002,7.95206533574069e-17,500,1.5487819548870998,0.02063765509195958,500,2.7810676691729603,0.020903536020829602,500,0.2627397959183448,0.0035010307745293842,500,0.471788265306104,0.0035461355749644837,500
8,4,2,0.5,3.0,3.0,0.500765073846756,0.0014171290004338583,500,0.216419984649002,0.0001603461321253308,500,0.7320454382323222,0.004582457126786467,500,0.38475191324904,0.0012246995703863266,500,0.6964863845053181,0.0019343614143381837,500,0.0509784448611954,0.0007639029907633678,500,27.3644594644076,0.3086711508282864,500,0.10287390776093881,0.001160417860256857,500,nan,nan,0,4.831525716886419,0.019675228393955652,500,3.26770181402446,0.029917119841443105,500,3.52311138106,0.0,500,5.894736842110002,7.95206533574069e-17,500,1.2290225563910977,0.023894409891953572,500,2.300556390977656,0.020610358063110155,500,0.20849489795918041,0.004053515963810734,500,0.390272959183634,0.0034964000285629734,500
8,4,2,0.5,4.0,3.0,0.47886400537867,0.0013516766560154238,500,0.22354344034555,0.00016037526864104193,500,0.451730954786284,0.004401841472882274,500,0.350691018158692,0.0013524213128979239,500,0.625052738590788,0.0021780808565141584,500,0.0777408877581346,0.001097599971420464,500,18.380477271631964,0.25727902807481895,500,0.06909953861515039,0.0009672143912588094,500,nan,nan,0,5.756995053226699,0.016392218112846187,500,3.28352173112128,0.02932866539108882,500,4.69748184142,0.0,500,5.894736842110002,7.95206533574069e-17,500,1.1068872180455729,0.0246792875119138,500,1.9763157894738683,0.026232486989157075,500,0.18777551020412375,0.004186664845767947,500,0.3352678571427662,0.0044501540428029274,500
8,4,2,0.5,5.0,3.0,0.4620258139652,0.0014808844188787624,500,0.23014463208816202,0.00015446417303675925,500,0.24751559396491002,0.003008398834709432,500,0.323666748992134,0.0017255489392196874,500,0.577655398784352,0.0025848873622854015,500,0.09804991194891499,0.001525341224999524,500,14.88606841686234,0.24217524394941378,500,0.0559626632212794,0.0009104332479295999,500,nan,nan,0,6.74563032057188,0.01376017159404063,500,3.27221400564416,0.02873332183624751,500,5.87185230177,0.0,500,5.894736842110002,7.95206533574069e-17,500,1.1332631578953902,0.022913195037478212,500,1.994015037594488,0.025287021763848606,500,0.19225000000003456,0.0038870598724234894,500,0.33827040816318,0.004289762620651047,500
8,4,2,0.5,6.0,3.0,0.45549249001106396,0.0014493306387952174,500,0.235552279717168,0.0001315236587330253,500,0.138199326503662,0.0012346064073677397,500,0.307756181272826,0.0020523992389320143,500,0.55049220007806,0.002950113980512075,500,0.10983030020077081,0.001860066352340202,500,13.517460879002522,0.2514422142281699,500,0.05081752210150679,0.0009452714820606933,500,nan,nan,0,7.769086035066721,0.011810408690404622,500,3.2175428827347297,0.029234172892468643,500,7.04622276213,0.0,500,5.894736842110002,7.95206533574069e-17,500,1.1419849624065277,0.024848085483373833,500,2.0213533834588824,0.025865975666897627,500,0.1937295918367597,0.004215300215925101,500,0.34290816326520884,0.004387978014919429,500
8,4,2,0.5,7.0,3.0,0.45159268197232805,0.001533480741676414,500,0.23878570291829998,8.759137296485153e-05,500,0.0928119466213046,0.0003454951214974573,500,0.294433366200474,0.0021433226826689457,500,0.5281617960617259,0.0030099417542685174,500,0.1207175982119318,0.0019889629794151834,500,12.25208288634782,0.23163214398061302,500,0.04606046197875,0.0008707975337615329,500,nan,nan,0,8.86422681390052,0.01015547101937395,500,3.2640591857585,0.028090369942291023,500,8.220593222480002,7.95206533574069e-17,500,5.894736842110002,7.95206533574069e-17,500,1.1097142857148612,0.025201023822704623,500,1.9695639097748079,0.026754858903683797,500,0.18825510204084556,0.00427517368420485,500,0.3341224489795188,0.004538770706873045,500
8,4,2,0.5,8.0,3.0,0.449887430036696,0.0015006984709546585,500,0.240504849621748,4.125133261292038e-05,500,0.068705083811868,0.00015965453643980337,500,0.29138709453208,0.0021829590061557087,500,0.5207548341962179,0.003091583873697415,500,0.1234701323009768,0.0021025850452827933,500,12.0140904911016,0.2259074370148591,500,0.045165753725951205,0.0008492760790037074,500,nan,nan,0,9.95008965965102,0.009334589791410976,500,3.21787405697056,0.029276798542673718,500,9.39496368283,0.0,500,5.894736842110002,7.95206533574069e-17,500,1.127518796993066,0.023831043385120036,500,2.055187969925012,0.02636755089298145,500,0.19127551020412448,0.004042766288542568,500,0.34864795918358005,0.004473066669344042,500
8,4,2,0.5,9.0,3.0,0.44429464955213405,0.0014103424696323861,500,0.24115100867796002,1.4023565934630325e-05,500,0.0538312197517484,9.924687364495528e-05,500,0.279913692812412,0.0023139717673176926,500,0.502580636742816,0.0032126685821339583,500,0.135139868148484,0.0023742810265879213,500,11.03843228300874,0.20913874948318267,500,0.041497865725596196,0.0007862359003124997,500,nan,nan,0,11.0941896681398,0.008286872642673143,500,3.3175367659186605,0.028257243238271116,500,10.569334143199999,7.95206533574069e-17,500,5.894736842110002,7.95206533574069e-17,500,1.099308270677148,0.024233755824740022,500,1.978496240601652,0.026355895898855636,500,0.18648979591840872,0.0041110835774093475,500,0.33563775510196375,0.004471089482841117,500
8,4,2,0.5,10.0,3.0,0.441888608069126,0.00135756419812498,500,0.24144884951231801,6.125293293377512e-06,500,0.04313082276879139,5.8228746774370944e-05,500,0.278906001104388,0.0022128182229751406,500,0.499518068242234,0.003080251503873746,500,0.13437719545451382,0.0022060570515254983,500,10.9267558845647,0.20792948004757628,500,0.041078029641219,0.0007816897746153864,500,nan,nan,0,12.2143362672284,0.0073525084260691485,500,3.3041543416993324,0.02777494547802424,500,11.743704603499996,1.590413067148138e-16,500,5.894736842110002,7.95206533574069e-17,500,1.1154887218051353,0.023820239999128263,500,1.9965413533836638,0.02594320557988763,500,0.18923469387757288,0.004040933571276611,500,0.3386989795917568,0.004401079518017723,500
8,5,2,0.625,1.0,3.0,0.523645716470174,0.0009855642921178034,500,0.302288941751866,0.00015595061558545164,500,1.47078276562604,0.0010829688717736048,500,0.49606607373169403,0.0011554679072706701,500,0.815577577737746,0.0016488727102761792,500,0.0130885217338165,0.0002576646715218177,500,96.80976473560199,1.17225909949588,500,0.19208286653891918,0.0023259109116983605,500,nan,nan,0,3.79148444563462,0.027946149821057493,500,3.5688207919680597,0.029869339927456804,500,1.2583276828999996,1.9880163339351726e-17,500,6.69841269841,0.0,500,2.2079285714288464,0.024745875714506604,500,4.077880952381039,0.03513479733368384,500,0.3296196682464456,0.003694289502402982,500,0.60878317535547,0.0052452422559793035,500
8,5,2,0.625,2.0,3.0,0.5239175440535161,0.000971045312321803,500,0.306151896835972,0.00010974092260791978,500,1.23684432716314,0.002196361844861569,500,0.49607387825819205,0.0011718250699481747,500,0.795518511133414,0.0017009374351803662,500,0.01601633530202494,0.00031834532647273935,500,81.2630310972464,0.9004523721911285,500,0.1612361728119808,0.0017866118495852644,500,nan,nan,0,4.35160727342288,0.024555997798363465,500,3.5263426722107396,0.030648779900607777,500,2.51665536579,0.0,500,6.69841269841,0.0,500,1.734071428571116,0.02169718288139101,500,3.1874999999993197,0.01959863371638048,500,0.2588779620853194,0.003239152894615195,500,0.47585900473935394,0.0029258623794641762,500
8,5,2,0.625,3.0,3.0,0.520686011618896,0.0009262187971492932,500,0.30689826388857205,9.460926667463405e-05,500,0.9577036006142601,0.0031746417354050717,500,0.482231145946792,0.0009137891818675699,500,0.7516350887840819,0.0014697404453794915,500,0.0241522079921874,0.0003413711611908805,500,56.51670603894,0.5712747294763199,500,0.1121363215058474,0.0011334816061039303,500,nan,nan,0,5.1794101526478595,0.019902139693411654,500,3.51040021432158,0.030047868749382905,500,3.7749830486899993,1.9880163339351726e-17,500,6.69841269841,0.0,500,1.3173174603175812,0.024331551450370553,500,2.54673809523801,0.01979045303726753,500,0.1966611374406498,0.0036324354061003784,500,0.380200236966826,0.0029544989131435545,500
8,5,2,0.625,4.0,3.0,0.502690110037012,0.000990967807660677,500,0.30351029837854004,0.00014984272012859588,500,0.6713955582940682,0.0038816102164011016,500,0.43987095462902803,0.0010043022365634918,500,0.6795153286361699,0.0017742273451719565,500,0.0443287184693922,0.0006023208227873602,500,35.99792178012439,0.48745844384448267,500,0.0714244479764414,0.0009671794520720624,500,nan,nan,0,6.18003861236304,0.017458597069670925,500,3.53946704863992,0.031109408212936358,500,5.03331073159,0.0,500,6.69841269841,0.0,500,1.2075714285716659,0.024060337403136862,500,2.1595873015869302,0.024908708350700647,500,0.1802772511847086,0.003591946105206421,500,0.3224028436019814,0.0037185986400373235,500
8,5,2,0.625,5.0,3.0,0.48472468578183603,0.0010549468798155665,500,0.298349723866222,0.00015064854602001888,500,0.404807125178662,0.0038277928109265264,500,0.39827150390762406,0.0011912697214917756,500,0.626319039686092,0.002156625520426324,500,0.063958442572737,0.000906843741156249,500,28.890362590163722,0.49852060248952024,500,0.0573221479963604,0.0009891281795430175,500,nan,nan,0,7.2174928671538,0.014781488958511453,500,3.4834649713721,0.031079085156523023,500,6.29163841448,0.0,500,6.69841269841,0.0,500,1.2747142857143463,0.025682853501095892,500,2.2212857142851834,0.02662166128804488,500,0.1903009478671598,0.0038341700724400353,500,0.331613744075878,0.003974323841583725,500
8,5,2,0.625,6.0,3.0,0.471398806575148,0.0011906853136809026,500,0.294670661922722,0.00010807598141685285,500,0.240565291367828,0.0026144154557505147,500,0.361831191374838,0.00159000377269374,500,0.5838081739794361,0.0026011384015969005,500,0.08318221870919541,0.0012884827161630651,500,24.3737323715143,0.49799198493096236,500,0.0483605801022142,0.000988079335180709,500,nan,nan,0,8.350118914963438,0.01298676553862208,500,3.5088338029094603,0.031487585412397254,500,7.549966097379999,3.976032667870345e-17,500,6.69841269841,0.0,500,1.217071428571544,0.02549091775190245,500,2.1741190476187797,0.026158021754664914,500,0.1816954976302002,0.0038055161572741612,500,0.32457227488156243,0.003905107513140824,500
8,5,2,0.625,7.0,3.0,0.465133154410522,0.0012498307439482543,500,0.292573659437476,4.819439139021564e-05,500,0.146397538580152,0.001287685403115592,500,0.34384918297839195,0.0017825488377497447,500,0.563776610174384,0.0026961596769216095,500,0.0920857746831466,0.0014048120375785103,500,22.73537188546836,0.4697073333771923,500,0.0451098648521186,0.0009319589947962794,500,nan,nan,0,9.50128210769042,0.01096250634928388,500,3.5039273150324997,0.030715705820287174,500,8.808293780279998,7.95206533574069e-17,500,6.69841269841,0.0,500,1.262976190476346,0.023570020590826673,500,2.228476190475606,0.025496197817238313,500,0.18854857819890042,0.00351874714981709,500,0.332687203791516,0.003806304413476644,500
8,5,2,0.625,8.0,3.0,0.463426200780176,0.0012992420382342284,500,0.29191218168267996,1.786361122650044e-05,500,0.10028931736229059,0.000576021660862387,500,0.331340842791048,0.0019912850503933208,500,0.5480532362386721,0.0028929537369393596,500,0.0999884076932442,0.0015709918756246035,500,21.3849540229622,0.45374357029005136,500,0.042430464331269804,0.000900284861686468,500,nan,nan,0,10.6863389572172,0.010268122461285651,500,3.52326731587792,0.031659884080830654,500,10.066621463199997,1.590413067148138e-16,500,6.69841269841,0.0,500,1.2538333333334681,0.023898882297176842,500,2.192476190475722,0.025212954832738096,500,0.1871836492889626,0.003567842617825053,500,0.327312796208568,0.0037640193233747813,500
8,5,2,0.625,9.0,3.0,0.462332077015208,0.001345720989163358,500,0.29176130287473595,1.2843746935412838e-06,500,0.0749965126859162,0.0002076123481702379,500,0.32439943687488604,0.0020702061009420535,500,0.5377848174058399,0.0029017694622661843,500,0.10520389381244959,0.0016742938833481907,500,20.36816719035598,0.4356806556882169,500,0.0404130301395916,0.0008644457454129944,500,nan,nan,0,11.8809979344916,0.00854511736464738,500,3.536150703860806,0.02954950515824157,500,11.324949146100002,7.95206533574069e-17,500,6.69841269841,0.0,500,1.2139047619048964,0.025885118019923915,500,2.162047619047102,0.025093659936822513,500,0.1812227488150278,0.0038643659603192766,500,0.32277014218014444,0.0037462098957856843,500
8,5,2,0.625,10.0,3.0,0.45977569149596803,0.0013328026677186442,500,0.29173111894742604,1.0428574350259422e-06,500,0.059556401420119795,9.059442170963465e-05,500,0.31959451702127606,0.002079777589200734,500,0.5295431038088619,0.002933146634555242,500,0.1091260654281644,0.0017405994041114006,500,19.63388135487404,0.4150302611771786,500,0.038956113799343,0.0008234727404305732,500,nan,nan,0,13.092029543521399,0.008177979035366144,500,3.5531208297447603,0.030725593130503267,500,12.583276829000003,7.95206533574069e-17,500,6.69841269841,0.0,500,1.2174285714287356,0.02410463582584252,500,2.1829999999993217,0.0241197558600894,500,0.1817488151657034,0.003598559376844123,500,0.32589810426544397,0.0036008166331463836,500
8,6,2,0.75,1.0,3.0,0.5264826401571081,0.0007463953784811209,500,0.408942100751996,0.0001560870385944133,500,1.6452306995815797,0.0011423392741826584,500,0.5644233007673559,0.0009947614059089653,500,0.838476088708352,0.0013370039433552542,500,0.0074509053235608195,0.00013635562751276672,500,160.9780240857204,1.7632657374646832,500,0.2053291123542354,0.0022490634406437515,500,nan,nan,0,3.95820405282954,0.03100815910860539,500,3.71710260077156,0.03327607423455675,500,1.33333333333,0.0,500,7.26530612245,0.0,500,2.4953979591838396,0.027322940653669123,500,4.56315306122462,0.035313613868184206,500,0.34346769662924703,0.003760741831543913,500,0.628074438202262,0.004860581684104822,500
8,6,2,0.75,2.0,3.0,0.5279321357294481,0.0007259627979776561,500,0.412066549649642,0.00011266179948262586,500,1.3937170781639603,0.0025729386489615957,500,0.564861366452584,0.0009520910610535918,500,0.8211117322976059,0.0013008588207703545,500,0.00905633864567276,0.00016186931060763153,500,135.5932025977732,1.3738991630603063,500,0.17295051351756457,0.001752422401861938,500,nan,nan,0,4.64167144610036,0.02573503488872548,500,3.77417493523836,0.032284121282041764,500,2.6666666666699994,1.9880163339351726e-17,500,7.26530612245,0.0,500,1.9538979591839198,0.019580730790325435,500,3.5086224489793802,0.019535979498205843,500,0.2689353932584778,0.00269510058630836,500,0.48292837078656603,0.0026889409983491875,500
8,6,2,0.75,3.0,3.0,0.524909761211338,0.0007284591744893397,500,0.41567395946771796,0.00010442407560679996,500,1.11333025293857,0.0035268182898081156,500,0.555535747959564,0.0009068934937826096,500,0.7823115124805439,0.0012691449741816158,500,0.01395335077409012,0.00020971685917917953,500,94.909572142676,0.9111204334186084,500,0.1210581277330032,0.001162143409972616,500,nan,nan,0,5.499047410529459,0.02179858725285306,500,3.733984923741566,0.03271278537679618,500,4.0,0.0,500,7.26530612245,0.0,500,1.456469387755322,0.023308794372158416,500,2.7411326530611997,0.016475058637637714,500,0.200469101123633,0.003208232933247369,500,0.377290730337094,0.002267634475403367,500
8,6,2,0.75,4.0,3.0,0.515105608999878,0.0007937834557277009,500,0.419525184986336,0.00010568642334121052,500,0.83513999704623,0.003925894297393122,500,0.5253645336044019,0.0010952905865102035,500,0.716109382251156,0.0014962155323723556,500,0.026010270219218198,0.0003883165079659675,500,56.8661719553572,0.651048477767731,500,0.0725333825961132,0.0008304189767443643,500,nan,nan,0,6.54893683042926,0.017362947731294227,500,3.75721274815186,0.030947496900596127,500,5.333333333330001,3.976032667870345e-17,500,7.26530612245,0.0,500,1.34980612244925,0.025602355089333607,500,2.3429285714290917,0.023974220315298195,500,0.1857879213483884,0.003523919661172441,500,0.3224817415730412,0.0032998224591164874,500
8,6,2,0.75,5.0,3.0,0.495291144161148,0.0008503879881090221,500,0.423192743921534,9.235204126031541e-05,500,0.5494218045156161,0.004498195478586213,500,0.482087479765014,0.0015068874395887811,500,0.6465048579996739,0.001961623427231469,500,0.0427953500067736,0.0006979671862105009,500,36.9020935742896,0.5729351326075999,500,0.047068996905979606,0.0007307846079177844,500,nan,nan,0,7.68040573723992,0.016155652626569872,500,3.75343507611552,0.034273289387449266,500,6.666666666669998,1.1928098003611036e-16,500,7.26530612245,0.0,500,1.397734693878006,0.025471519955680515,500,2.353704081632964,0.02417222891193823,500,0.1923848314607572,0.003505911454574632,500,0.323964887640472,0.003327076451352711,500
8,6,2,0.75,6.0,3.0,0.47582264133334,0.0009583992479655769,500,0.42587115707085,4.741039495900321e-05,500,0.32085838693064206,0.0034233014227176904,500,0.442667923674568,0.001928276919663572,500,0.593938937417332,0.0023356560538356714,500,0.0581847909829896,0.0010078110545521666,500,27.8996422370736,0.51251708414821,500,0.035586278363610196,0.0006537207705971329,500,nan,nan,0,8.83476620344604,0.01263946320336132,500,3.693473927223818,0.031370258864631816,500,8.0,0.0,500,7.26530612245,0.0,500,1.34612244897974,0.025169797858648844,500,2.3364285714287196,0.024373197699387762,500,0.1852808988764884,0.003464382289535704,500,0.32158707865169084,0.003354737885576777,500
8,6,2,0.75,7.0,3.0,0.46786557810816803,0.001123547378929227,500,0.42700462925148,2.0027372257988662e-05,500,0.185228343329732,0.0019198799395030268,500,0.416284885253648,0.002319308595262201,500,0.561287798484638,0.002647030292931009,500,0.0687870228841054,0.001264441091100419,500,24.08926651177474,0.486241065263357,500,0.030726105244610398,0.000620205440386974,500,nan,nan,0,10.07052879415846,0.011065888532139943,500,3.7276452239925804,0.03069680606933302,500,9.33333333333,0.0,500,7.26530612245,0.0,500,1.365775510204392,0.025336936766528567,500,2.3386428571432356,0.024364114415447544,500,0.18798595505623303,0.0034873873639323094,500,0.32189185393258063,0.003353487658294146,500
8,6,2,0.75,8.0,3.0,0.465031461587654,0.001266705769540266,500,0.427501910923134,7.773213742995186e-06,500,0.12082358299605199,0.0008105200300848055,500,0.401871273824064,0.0026880226170197196,500,0.543523507555762,0.0029610656437559306,500,0.0756449347503478,0.0014973975060845863,500,22.5246574809376,0.4679518334128643,500,0.028730430460379985,0.0005968773385369064,500,nan,nan,0,11.305619189128599,0.010466179360256293,500,3.6834738070313007,0.03246484452936836,500,10.6666666667,0.0,500,7.26530612245,0.0,500,1.375571428571518,0.02342759606996998,500,2.371428571429058,0.024000686424886133,500,0.18933426966302142,0.0032245848523297523,500,0.326404494382018,0.003303465266334869,500
8,6,2,0.75,9.0,3.0,0.46339077322996003,0.0012436101858646822,500,0.427749813742712,4.065121996732359e-06,500,0.08872864827233722,0.00031482009995080723,500,0.39128926966477195,0.002840611846580248,500,0.52889520443437,0.003061828734956278,500,0.0812947477912204,0.001612417065900132,500,21.1221841211629,0.4662962095815559,500,0.02694156137903188,0.0005947655734457964,500,nan,nan,0,12.5863489384114,0.009812726017865711,500,3.727744688583034,0.033742738923301846,500,12.0,0.0,500,7.26530612245,0.0,500,1.36522448979638,0.02559091047656121,500,2.3438367346942224,0.024686778441715542,500,0.18791011235961658,0.0035223444195261228,500,0.32260674157306285,0.003397899279889173,500
8,6,2,0.75,10.0,3.0,0.45965776958178195,0.0011973943660501492,500,0.427910550127264,2.0775841294933193e-06,500,0.0697299478698504,0.0001288741064871026,500,0.38322784536323795,0.0028365924437093546,500,0.517176293226996,0.0030092308826046845,500,0.085975805176422,0.0016480663118211697,500,19.881031847307618,0.4340470277188361,500,0.025358458988911963,0.0005536314129067359,500,nan,nan,0,13.8653580146262,0.008149857466948584,500,3.7441811476456794,0.03116400143539938,500,13.3333333333,0.0,500,7.26530612245,0.0,500,1.3259693877554322,0.02622488912644662,500,2.3202755102041897,0.02468790321390708,500,0.1825070224720016,0.003609605525832097,500,0.31936376404496264,0.0033980540940392817,500
8,7,2,0.875,1.0,3.0,0.5299869477431418,0.0006331691400968775,500,0.523598667259682,0.0001502178453466639,500,1.7380607876857401,0.0009837149481109865,500,0.60620562758968,0.0008115547310674481,500,0.851480107310876,0.001026569943340433,500,0.005232502220630121,8.348662776482631e-05,500,218.36327810152,2.0353396192356294,500,0.2149244863203976,0.002003287026806095,500,nan,nan,0,4.06047022898938,0.030054774209162204,500,3.81591841677482,0.03231384776478097,500,1.3623062651399995,1.9880163339351726e-17,500,7.606299212599997,1.1928098003611036e-16,500,2.684740157480206,0.027548850158876727,500,4.8709842519689,0.03489442689783825,500,0.352962732919278,0.0036218467600195032,500,0.640388198757854,0.00458756958180638,500
8,7,2,0.875,2.0,3.0,0.5290803835100459,0.0006373462026999574,500,0.5262739270112099,9.965107729070677e-05,500,1.4885288249875002,0.002521551536148469,500,0.606960381545694,0.0007914275968503203,500,0.83689262230179,0.0010373417694626921,500,0.00622590905734992,9.643981546257979e-05,500,188.23981903288902,1.6709857709748765,500,0.1852754124339404,0.0016446710344237086,500,nan,nan,0,4.75774857299818,0.025337746905698705,500,3.87584697094552,0.03199533436862791,500,2.724612530270001,3.976032667870345e-17,500,7.606299212599997,1.1928098003611036e-16,500,2.090314960629856,0.019476660009698662,500,3.7609724409450402,0.017780079964556973,500,0.2748136645962792,0.0025605960882292716,500,0.49445496894409,0.0023375467448215393,500
8,7,2,0.875,3.0,3.0,0.5295465159297919,0.0006345597876425512,500,0.528052669708146,4.689517070023826e-05,500,1.169443252840662,0.003938129870528391,500,0.600226490286786,0.0007167558288123537,500,0.805997439914596,0.0010563665565210625,500,0.009217630181618358,0.00013054699907830066,500,138.1596522264468,1.2098904119911074,500,0.135983909671685,0.0011908370196757683,500,nan,nan,0,5.648485844155661,0.022022797452381976,500,3.86058005429586,0.032909225242177854,500,4.08691879541,0.0,500,7.606299212599997,1.1928098003611036e-16,500,1.586976377953382,0.0241830745379518,500,2.9309645669291604,0.015527042339947627,500,0.20863975155277398,0.0031793483088156565,500,0.385333850931656,0.002041339934961725,500
8,7,2,0.875,4.0,3.0,0.5239765234662659,0.0006663483343926069,500,0.527585173701762,7.451820711823025e-05,500,0.84383524762301,0.004485797825270817,500,0.57549536815724,0.0008014001743590192,500,0.753889287012164,0.0013100821747467533,500,0.016867228205546703,0.00023719698333053596,500,89.7027487649816,1.0092252589189628,500,0.08829010705213139,0.0009933319477539216,500,nan,nan,0,6.6874193768909,0.01902481222274716,500,3.82577760913326,0.033843907990510805,500,5.449225060550001,3.976032667870345e-17,500,7.606299212599997,1.1928098003611036e-16,500,1.451929133859486,0.023562776342083286,500,2.5220551181108397,0.02095795158546103,500,0.1908850931676872,0.0030977977178489446,500,0.33157453416148996,0.002755341461035903,500
8,7,2,0.875,5.0,3.0,0.511013769666052,0.0007646982652607609,500,0.525478927668894,0.00011228094507299098,500,0.549006651021812,0.004327877473412165,500,0.5369765943739101,0.0011266144480897664,500,0.6974471507292099,0.0018251736100446663,500,0.028795457730575798,0.0004582341933880196,500,63.260050417809396,0.9925492471799581,500,0.0622638291513952,0.00097691855037457,500,nan,nan,0,7.830376671896199,0.015931513696605136,500,3.80761301991456,0.03309595161816349,500,6.811531325689999,3.976032667870345e-17,500,7.606299212599997,1.1928098003611036e-16,500,1.43966929133951,0.025551305785154688,500,2.479429133858802,0.023620034520823157,500,0.18927329192544198,0.003359229642560417,500,0.325970496894424,0.0031053254494346314,500
8,7,2,0.875,6.0,3.0,0.49902453926672996,0.0008125525718522097,500,0.522366477671216,0.000149732134640736,500,0.3219504227491581,0.003397517461365208,500,0.5026457608904,0.0015297920131823314,500,0.6588949721045421,0.0023392167210569584,500,0.039167943660844404,0.0007094895372215822,500,53.5447778903082,1.0540491864918287,500,0.052701553041645394,0.001037449986704526,500,nan,nan,0,9.030575734594,0.01410731675578571,500,3.7735540044064,0.034654796043848836,500,8.17383759082,0.0,500,7.606299212599997,1.1928098003611036e-16,500,1.512791338583686,0.025643974573567895,500,2.539003937008158,0.023674006763672432,500,0.1988866459626964,0.0033714128062544237,500,0.33380279503105,0.0031124211790857777,500
8,7,2,0.875,7.0,3.0,0.49133778024814,0.000987165744036825,500,0.5192814429760081,0.00015552400138220675,500,0.192278142912174,0.0018516502464136738,500,0.47565861070814996,0.001965313122375889,500,0.6304602637779619,0.0027436110551538706,500,0.047385942569898594,0.0008980045648837896,500,47.0871457661016,1.044218342752704,500,0.0463456159115194,0.0010277739594022122,500,nan,nan,0,10.28907134358924,0.012737202842707032,500,3.7908357787948264,0.03574204795220278,500,9.536143855960002,7.95206533574069e-17,500,7.606299212599997,1.1928098003611036e-16,500,1.5176811023633399,0.02524241001421699,500,2.53622834645718,0.022575768336816546,500,0.1995295031055746,0.003318619121951512,500,0.333437888198758,0.002968035795844763,500
8,7,2,0.875,8.0,3.0,0.48769003134294203,0.0010649482829548245,500,0.516357406826894,0.00012752326318688485,500,0.124145799847878,0.0007307541521075601,500,0.46102432372147,0.0021577222587324356,500,0.6151453644020181,0.002798961870461657,500,0.0511530408502228,0.0010000592894824584,500,43.1185252026482,0.9135481621696554,500,0.042439493309695396,0.000899161576938859,500,nan,nan,0,11.562559497513199,0.01083138187485041,500,3.7971913223311997,0.033393483664509976,500,10.898450121100002,7.95206533574069e-17,500,7.606299212599997,1.1928098003611036e-16,500,1.480051181103536,0.02525666111046828,500,2.5042677165361202,0.02229575068195482,500,0.1945822981366164,0.0033204927132788973,500,0.329236024844732,0.00293122188055522,500
8,7,2,0.875,9.0,3.0,0.485576473434904,0.001117127386644322,500,0.5143059206459741,8.5799974924376e-05,500,0.09163559339434,0.0003262440763475461,500,0.45333544445888196,0.0023588837976627653,500,0.6050523221939719,0.0029238961148142246,500,0.053444824118374,0.0010726065115606457,500,41.0676804084652,0.8905684825230217,500,0.0404209452839228,0.0008765437820105421,500,nan,nan,0,12.8480040062058,0.009772408697670196,500,3.77111310350498,0.033839780083109026,500,12.2607563862,0.0,500,7.606299212599997,1.1928098003611036e-16,500,1.498570866142964,0.025260562986337297,500,2.511377952756488,0.02371297629460748,500,0.1970170807453274,0.0033210056928172057,500,0.330170807453422,0.003117544502508989,500
8,7,2,0.875,10.0,3.0,0.47913474959974994,0.0011253709701432885,500,0.513314581172424,4.5663339625134995e-05,500,0.0719750750347434,0.00013863912236544156,500,0.44106360084325397,0.0023537008602728007,500,0.5880855354690381,0.0028406515257136202,500,0.058035111519747405,0.0010748186639581692,500,36.501852584332404,0.7989408682146585,500,0.03592702026017,0.0007863591222585945,500,nan,nan,0,14.181137981766,0.008642397408084805,500,3.87662476688954,0.03246362838555153,500,13.623062651400003,1.590413067148138e-16,500,7.606299212599997,1.1928098003611036e-16,500,1.428602362205984,0.025307905565507317,500,2.4437952755914,0.022505149900068504,500,0.18781832298134202,0.0033272298207220326,500,0.3212857142856919,0.002958751591424206,500
8,8,2,1.0,1.0,3.0,0.529021633460642,0.0006368176272751825,500,0.645540735019562,0.0001398598691336405,500,1.7832885050568,0.0009721597762685,500,0.6221719968342541,0.0006896577587332815,500,0.857794825978074,0.0008837420048476253,500,0.00450695420358254,6.497938442793557e-05,500,247.553394201859,2.029764622196163,500,0.2236254690170326,0.0018335723777747454,500,nan,nan,0,4.148962103486779,0.030024258641213275,500,3.9038683518932604,0.0321294064229089,500,1.38145139069,0.0,500,7.718157181570001,7.95206533574069e-17,500,2.8717506775065504,0.02936409791057756,500,5.1183631436319,0.0338624170138182,500,0.372077247190954,0.0038045477981030534,500,0.663158707865024,0.00438737074371189,500
8,8,2,1.0,2.0,3.0,0.52961910075706,0.0005696499615874443,500,0.648092287040422,0.00011172418364060574,500,1.52158654499972,0.0027555058052324477,500,0.623363427574244,0.000672905670594751,500,0.8455297991089519,0.0008930054560778792,500,0.00522984706601186,6.808723782935762e-05,500,217.715267631236,1.8033959614270183,500,0.1966714251411146,0.001629083975994994,500,nan,nan,0,4.797940316189139,0.02715561454615299,500,3.89460153043202,0.03428790899146687,500,2.76290278138,0.0,500,7.718157181570001,7.95206533574069e-17,500,2.203132791327882,0.01884391417640989,500,3.95020054200584,0.018126907194003217,500,0.285448033707815,0.002441504329736892,500,0.51180617977521,0.0023486056020335455,500
8,8,2,1.0,3.0,3.0,0.530734063992086,0.0006107512711993474,500,0.650865380104002,7.852852789137576e-05,500,1.2286042245337139,0.0032597761821651383,500,0.62056344792866,0.000593578348512402,500,0.8209674531834019,0.0008305356806458066,500,0.00715856407159482,8.362873003847273e-05,500,168.0824081683684,1.2353523653291245,500,0.15183596040502662,0.0011159461294746721,500,nan,nan,0,5.65155094965322,0.021397938391375753,500,3.8034782349636598,0.032479003887444166,500,4.144354172070001,3.976032667870345e-17,500,7.718157181570001,7.95206533574069e-17,500,1.711859078590436,0.02398752446506234,500,3.0909701897016,0.014296011962481139,500,0.22179634831455536,0.003107934174021333,500,0.400480337078674,0.0018522571678974136,500
8,8,2,1.0,4.0,3.0,0.5263019940885958,0.0006412169201195601,500,0.653076236029194,6.684958897796961e-05,500,0.9721933848097261,0.0034010851356347364,500,0.599941518062308,0.000763447614275297,500,0.76972781124416,0.0010686807129058624,500,0.013092000654858401,0.00017653224947100266,500,106.4298939934088,0.9827864846378407,500,0.0961426323336944,0.0008877926690492501,500,nan,nan,0,6.77034519809478,0.01772644974601278,500,3.8670386481068397,0.03183935003994833,500,5.52580556276,0.0,500,7.718157181570001,7.95206533574069e-17,500,1.577560975609338,0.025270185212884856,500,2.6740054200545003,0.020268028969572333,500,0.20439606741571156,0.003274121609397765,500,0.346456460674232,0.002626019202866655,500
8,8,2,1.0,5.0,3.0,0.5141278731821081,0.0006600820374873758,500,0.655329553465448,6.470266665007133e-05,500,0.7031217715284259,0.00440198991109423,500,0.5648155555273079,0.0011722042415831045,500,0.7068645348996301,0.0014953218273867385,500,0.023178872292304076,0.00037429644780214675,500,67.2148084860734,0.8014533893560907,500,0.060717984178931005,0.0007239868015865398,500,nan,nan,0,7.92843065797652,0.016567498184557772,500,3.8316508036635004,0.03482658764253559,500,6.907256953450001,3.976032667870345e-17,500,7.718157181570001,7.95206533574069e-17,500,1.551154471544362,0.02535696194119811,500,2.619252032519894,0.02236837435289407,500,0.20097471910108117,0.00328536480207504,500,0.3393623595506498,0.0028981496264802943,500
8,8,2,1.0,6.0,3.0,0.49540894073828395,0.0006920985888826118,500,0.6570467662763999,3.9477024835541306e-05,500,0.44436639165136804,0.0045089522957682876,500,0.524139079337582,0.0015740310965170262,500,0.6493675572189099,0.0018472773797604397,500,0.034688433640750804,0.0005909441922025224,500,47.5023123720398,0.7193868372283879,500,0.042910851284591996,0.0006498526081559319,500,nan,nan,0,9.15685262556604,0.013781552832505529,500,3.82938527646974,0.03397063639857779,500,8.288708344140002,7.95206533574069e-17,500,7.718157181570001,7.95206533574069e-17,500,1.5725528455280882,0.02633757555733261,500,2.6260813008128796,0.022559625358509125,500,0.20374719101120517,0.003412417619614434,500,0.34024719101131795,0.00292292898781275,500
8,8,2,1.0,7.0,3.0,0.48163759647264,0.0009003225203540593,500,0.65797608773911,1.8566496810792963e-05,500,0.25365345647234,0.0029666295303823675,500,0.48911789189961596,0.0020617931581038166,500,0.6067318773413619,0.002265060744763193,500,0.0450959618354174,0.0008175792536296672,500,38.3941487952542,0.6916022259208391,500,0.0346830612423262,0.0006247535916177316,500,nan,nan,0,10.445469132023199,0.012104862284366382,500,3.88586620969556,0.03376795771265772,500,9.670159734829998,7.95206533574069e-17,500,7.718157181570001,7.95206533574069e-17,500,1.581203252032024,0.026106979519655037,500,2.6461138211383823,0.021275381188875467,500,0.20486797752805458,0.0033825405346775412,500,0.342842696629318,0.002756536397013397,500
8,8,2,1.0,8.0,3.0,0.477142690751092,0.001044744022807487,500,0.658396286257396,7.864445937032187e-06,500,0.15107121695399597,0.0014431665066052869,500,0.469959962196236,0.0024095778300126922,500,0.5841653622321601,0.0024893465287894037,500,0.051115443144795596,0.0009894245768446105,500,34.771224253588834,0.6385682754787194,500,0.0314103200122762,0.0005768457773067466,500,nan,nan,0,11.7183373091768,0.010881303027048329,500,3.83110394042888,0.03359091377435927,500,11.0516111255,0.0,500,7.718157181570001,7.95206533574069e-17,500,1.5561626016255,0.026198350012188936,500,2.631089430894398,0.02168155535133041,500,0.20162359550558837,0.0033943789166098696,500,0.3408960674158148,0.0028091621926399444,500
8,8,2,1.0,9.0,3.0,0.475473214549364,0.001129003311186435,500,0.6586052103388499,3.599139290985311e-06,500,0.1046193661282914,0.0006128425766045907,500,0.45743356877045405,0.002713826467857155,500,0.5679853046143021,0.0027209534941095527,500,0.0560774948400832,0.0011466377277272546,500,32.5646546663545,0.6276489757080053,500,0.02941703221892946,0.0005669819112086567,500,nan,nan,0,13.036267571624,0.010160801010976427,500,3.84880372037306,0.0347177651648221,500,12.433062516200001,7.95206533574069e-17,500,7.718157181570001,7.95206533574069e-17,500,1.5784715447149842,0.025864316551592832,500,2.6360975609757427,0.0221106965434471,500,0.20451404494381156,0.0033511000026499064,500,0.341544943820296,0.0028647637024315623,500
8,8,2,1.0,10.0,3.0,0.47283570050253193,0.0011018737057622366,500,0.658737504451606,2.0426178308386908e-06,500,0.080155153397618,0.0002093541175103323,500,0.447845758302444,0.0027273452973605446,500,0.554975554929778,0.0026527237439015324,500,0.059732709285162,0.0011554801067257003,500,30.30210281111544,0.5586350424989758,500,0.02737317327110752,0.0005046387014443986,500,nan,nan,0,14.3694893105446,0.008632026547613691,500,3.89380859104442,0.03218386081519165,500,13.814513906900002,7.95206533574069e-17,500,7.718157181570001,7.95206533574069e-17,500,1.577105691056292,0.025519060174165872,500,2.629268292682842,0.02187435817390567,500,0.20433707865165635,0.0033063669958836423,500,0.34066011235961796,0.002834142614523953,500
8,4,2,0.5,1.0,4.0,0.48671398006251204,0.001764266363809312,500,0.19920210771062802,0.00018750226209252494,500,1.22345227126491,0.0030566428050804524,500,0.360647593970492,0.0020699082330100263,500,0.705966095696264,0.0034949628678646203,500,0.050084052590263196,0.0013153589058404972,500,32.70159484920566,0.641681121068714,500,0.1229383265007994,0.0024123350416129195,500,nan,nan,0,4.5363645394512995,0.0360471780500533,500,4.37574611134288,0.03747285856400648,500,1.17437046035,0.0,500,5.894736842110002,7.95206533574069e-17,500,1.514150375939876,0.02213557176138157,500,2.872285714285894,0.033956648955591556,500,0.2568647959183356,0.003755141638089245,500,0.487262755102016,0.005760502947823724,500
8,4,2,0.5,2.0,4.0,0.49108666163309195,0.001761379084945097,500,0.20403877064020798,0.00020648519248216008,500,1.0850360436154378,0.002994505948830849,500,0.35724143299993,0.0021463508880737326,500,0.6806682390209781,0.0033723136931051094,500,0.059805730968467,0.0013856431372427154,500,27.83006731283708,0.5114589288668688,500,0.104624313206151,0.0019227779280704194,500,nan,nan,0,5.0085175875624,0.034466340487212935,500,4.40100514326452,0.03985430947629152,500,2.34874092071,0.0,500,5.894736842110002,7.95206533574069e-17,500,1.304932330826842,0.01898185309400512,500,2.44600000000004,0.02217135084493987,500,0.2213724489795718,0.0032201357927342535,500,0.414946428571434,0.003761211304053453,500
8,4,2,0.5,3.0,4.0,0.482846619477544,0.0016376178388703654,500,0.211318803510108,0.00021281633356047026,500,0.850351247046528,0.004666847439445093,500,0.34581313435658206,0.0018679469116612021,500,0.635643112143662,0.0028001315435089644,500,0.0775729726214652,0.0013258772780567443,500,20.299464804207922,0.30523810109433136,500,0.07631377745943602,0.001147511658249061,500,nan,nan,0,5.60006401812492,0.02910036455053431,500,4.3152616036858,0.03875541911159623,500,3.52311138106,0.0,500,5.894736842110002,7.95206533574069e-17,500,1.0582706766916523,0.0210206515949494,500,2.022165413533712,0.019365639733790227,500,0.17952806122450402,0.0035660033955709886,500,0.343045918367324,0.003285242454838291,500
8,4,2,0.5,4.0,4.0,0.46150601581454,0.0013825247231466539,500,0.218325980871342,0.00020242626788873424,500,0.5778435025205261,0.004976153741373682,500,0.31657791058983203,0.0016646545193377852,500,0.568689094044538,0.0025456547941989354,500,0.1102329285803498,0.0016131461471603353,500,13.734024562270701,0.20408495872600294,500,0.051631671286735396,0.0007672366869403629,500,nan,nan,0,6.42395952058492,0.024868634644136,500,4.337512937831081,0.037333674735489895,500,4.69748184142,0.0,500,5.894736842110002,7.95206533574069e-17,500,0.9319849624061389,0.022362337443746768,500,1.7526165413532782,0.02377755388601777,500,0.15810459183675432,0.0037936108163477175,500,0.29731887755101016,0.004033692177091815,500
8,4,2,0.5,5.0,4.0,0.44630034236531196,0.0013694374837307413,500,0.22472582611984399,0.00019276442909457693,500,0.352870624249084,0.004101917428667396,500,0.281455513833232,0.0017453900019582494,500,0.50817986300609,0.0026695243981272464,500,0.1466461433924118,0.0020883876487396568,500,10.154343751987039,0.1739791025816203,500,0.0381742246315314,0.0006540567766226625,500,nan,nan,0,7.34643295809176,0.021197125494025453,500,4.36359333689366,0.03677071596141266,500,5.87185230177,0.0,500,5.894736842110002,7.95206533574069e-17,500,0.8006616541357918,0.020976212112747868,500,1.5979398496246089,0.02542541968084233,500,0.1358265306122862,0.0035584645548373617,500,0.27107908163265015,0.004313240838713342,500
8,4,2,0.5,6.0,4.0,0.43611275605510597,0.0013597476914655004,500,0.23055776479383003,0.00018938800750455822,500,0.19793070879879401,0.0030375879172247306,500,0.263530236797558,0.0019684401046751276,500,0.47951394973419204,0.002926846488105384,500,0.16240238626466116,0.0024346302179231345,500,9.11410900019746,0.1698608223176619,500,0.0342635676699152,0.0006385745199910762,500,nan,nan,0,8.265090493953059,0.01935845214974431,500,4.257292319071779,0.038115105039337224,500,7.04622276213,0.0,500,5.894736842110002,7.95206533574069e-17,500,0.8713383458650663,0.021551793555240513,500,1.6304360902261101,0.02511068072171042,500,0.14781632653065443,0.003656107835260926,500,0.276591836734698,0.004259847622431783,500
8,4,2,0.5,7.0,4.0,0.432869682919826,0.001486987276776436,500,0.23467471887547398,0.0001699999709196573,500,0.1228612889497462,0.0017779644265128209,500,0.243258145041706,0.002233239529949099,500,0.448909633256232,0.0032252461297643154,500,0.184975700987724,0.0029829549564107595,500,8.044654809390881,0.16430382122250695,500,0.0302430631931988,0.0006176835384301992,500,nan,nan,0,9.328431192468619,0.017742706866904236,500,4.3408237452553005,0.038918542329629754,500,8.220593222480002,7.95206533574069e-17,500,5.894736842110002,7.95206533574069e-17,500,0.8381654135343395,0.022541754016672813,500,1.5655338345871783,0.02614798402984025,500,0.14218877551025141,0.0038240475563951336,500,0.265581632653067,0.0044358187193473675,500
8,4,2,0.5,8.0,4.0,0.42786140592994193,0.0014289899468634248,500,0.237779382375218,0.00011978099188878977,500,0.0792935837618252,0.0006698972191507494,500,0.234513601667272,0.00228147452834945,500,0.43361503600637996,0.003261896819575971,500,0.19400918566662897,0.003134497961110278,500,7.600676966741379,0.15622788988307892,500,0.02857397355918068,0.0005873228942977528,500,nan,nan,0,10.40070742084908,0.015620245303185632,500,4.395118422335879,0.0378282784233398,500,9.39496368283,0.0,500,5.894736842110002,7.95206533574069e-17,500,0.9004210526320618,0.022119670346397315,500,1.6116992481208792,0.025371419996584207,500,0.15275000000005157,0.003752444076616812,500,0.2734132653061258,0.004304080177991988,500
8,4,2,0.5,9.0,4.0,0.42722434694603,0.001354663749082259,500,0.23978830828449,8.184608534547342e-05,500,0.05815987975026479,0.00023936219560219673,500,0.229240777052746,0.0023423876639438635,500,0.42440498210518796,0.0033284145810483414,500,0.20022306337292503,0.0033407248704425438,500,7.3476939813348,0.1470096795272842,500,0.02762290970426856,0.0005526679681478299,500,nan,nan,0,11.4838632589192,0.014270318237580421,500,4.42449256034584,0.03728711253837683,500,10.569334143199999,7.95206533574069e-17,500,5.894736842110002,7.95206533574069e-17,500,0.8838195488726821,0.02212249539968892,500,1.60646616541417,0.025774971419801902,500,0.14993367346943393,0.0037529233267291364,500,0.272525510204076,0.004372539794429956,500
8,4,2,0.5,10.0,4.0,0.42534174355487,0.001340165364384994,500,0.24104696524381,3.9345746763173715e-05,500,0.045606855297940806,0.00013311413806503904,500,0.22561397302727404,0.002205870002907708,500,0.41834907707074803,0.0031585814855962313,500,0.2026938088980684,0.00320041239696973,500,7.09962867363618,0.13547452433124826,500,0.02669033335953526,0.0005093027230496176,500,nan,nan,0,12.5479624356504,0.012888026783802459,500,4.3485089780628,0.03772375210230584,500,11.743704603499996,1.590413067148138e-16,500,5.894736842110002,7.95206533574069e-17,500,0.8676691729328281,0.02167166122342863,500,1.5857443609028814,0.02483740573011623,500,0.1471938775510585,0.003676442528970754,500,0.2690102040816484,0.004213488472072769,500
8,5,2,0.625,1.0,4.0,0.5001724736267499,0.0014295046273382955,500,0.29749737186681,0.0001816432762289894,500,1.4556629778494004,0.0025277689180848804,500,0.449063385265322,0.002223131955659066,500,0.746557105563714,0.003213781036119789,500,0.02672795493929474,0.0008114679107597494,500,63.777269127322405,1.3546680535847708,500,0.126542200649478,0.0026878334396536613,500,nan,nan,0,4.870837897844,0.03984813703919409,500,4.69812033147594,0.04155513418107638,500,1.2583276828999996,1.9880163339351726e-17,500,6.69841269841,0.0,500,1.818023809524022,0.025317194967246232,500,3.43272222222234,0.038141327533606856,500,0.27141113744078177,0.0037795812391857807,500,0.5124680094786679,0.005694084442221525,500
8,5,2,0.625,2.0,4.0,0.504966127552414,0.0013892174922326334,500,0.30254032155671,0.00015974532438708535,500,1.28783461654184,0.0023695239036729513,500,0.453784491884312,0.0020437443066174993,500,0.733206426184192,0.002870053672314187,500,0.02929107731428844,0.0007516192984518965,500,55.76682233307341,0.999811779716229,500,0.1106484570100792,0.001983753531182967,500,nan,nan,0,5.321665450107221,0.03465888755743203,500,4.667669118501419,0.04001131948433949,500,2.51665536579,0.0,500,6.69841269841,0.0,500,1.570055555555446,0.019559618051603857,500,2.8779523809523804,0.021112500393740255,500,0.2343921800948052,0.0029200377659975886,500,0.42964691943129,0.0031518661725298577,500
8,5,2,0.625,3.0,4.0,0.499204885417818,0.0013388572806060754,500,0.306031481318066,0.00010999313613333525,500,1.048907371708636,0.003224304865743227,500,0.43897608651435804,0.0019283059836990794,500,0.687406406042056,0.0026466933558888096,500,0.04148277729862039,0.000813118114682791,500,39.0553916468244,0.6306756757393827,500,0.0774908564421178,0.0012513406264675596,500,nan,nan,0,6.0788986624058,0.03129852353541535,500,4.7278482998829405,0.0409990853159906,500,3.7749830486899993,1.9880163339351726e-17,500,6.69841269841,0.0,500,1.2197619047618007,0.021521193290768088,500,2.3192619047622403,0.01762481171333063,500,0.18209715639809,0.003212879567107412,500,0.346240521327044,0.0026311922700001577,500
8,5,2,0.625,4.0,4.0,0.48273272548490004,0.0012155545118234334,500,0.30626319956548004,0.00014044641540959452,500,0.780459282253646,0.004144518252428744,500,0.40801836313481804,0.0016634298484496399,500,0.6254318969658441,0.0024756854236942546,500,0.06425140707158761,0.001023475099177765,500,26.02076051886774,0.45038509880655714,500,0.051628493092993194,0.0008936212277909766,500,nan,nan,0,6.9361606007533,0.027519797007742763,500,4.720769195222199,0.04171564775717359,500,5.03331073159,0.0,500,6.69841269841,0.0,500,1.0406111111113376,0.023151317626251906,500,1.9567301587298438,0.023763667646005664,500,0.1553518957345418,0.0034562393612647593,500,0.2921184834123988,0.003547656544312903,500
8,5,2,0.625,5.0,4.0,0.466096474644164,0.0011222241243008632,500,0.3040849857755,0.00017211436719534012,500,0.5280126214661379,0.004109629975702249,500,0.36337870956108803,0.0015881745055318598,500,0.559622315827324,0.002485563766021343,500,0.0953908423757322,0.0014060367509605518,500,18.17103917927626,0.3333174147930636,500,0.0360536491652294,0.0006613440769703777,500,nan,nan,0,7.927962900145159,0.022533342809486857,500,4.77529029132854,0.03792864460166263,500,6.29163841448,0.0,500,6.69841269841,0.0,500,0.9615714285714166,0.02378307539502855,500,1.768499999999972,0.02518865266927608,500,0.1435521327013308,0.0035505539096823847,500,0.264017772511778,0.0037603912752771965,500
8,5,2,0.625,6.0,4.0,0.45057763118568,0.0011973643075371134,500,0.30008382686660195,0.00019092296995090253,500,0.32907898396145,0.003622928296120033,500,0.323453629273542,0.0017149316233230673,500,0.511796781508132,0.0027270671918883096,500,0.12253522555142121,0.0018408259427296313,500,14.6874711641485,0.31662264301956483,500,0.02914180786537272,0.0006282195298009148,500,nan,nan,0,8.93453210498554,0.01972680710495797,500,4.72149578164382,0.03813113539394403,500,7.549966097379999,3.976032667870345e-17,500,6.69841269841,0.0,500,0.9483809523810789,0.023163111223973003,500,1.7541190476189519,0.026042153705564987,500,0.14158293838853717,0.0034580000168475187,500,0.2618708530804728,0.0038878096764294267,500
8,5,2,0.625,7.0,4.0,0.443508142984494,0.0012487307116252958,500,0.29609985300667596,0.0001550874273537968,500,0.200221993854336,0.002592913640045678,500,0.296725621848304,0.002087510111291441,500,0.48378915095632796,0.0031929704085642318,500,0.1415364755564744,0.0023422184033334344,500,13.57158070605964,0.3516532429701263,500,0.02692773949614498,0.0006977246884328431,500,nan,nan,0,10.023725244373619,0.01883129326643356,500,4.71486270153162,0.040932329564363,500,8.808293780279998,7.95206533574069e-17,500,6.69841269841,0.0,500,0.9622380952381709,0.02443285605463909,500,1.735642857142944,0.028179688942131364,500,0.1436516587676912,0.003647559079244922,500,0.25911255924162363,0.004206920387100068,500
8,5,2,0.625,8.0,4.0,0.437651140790928,0.0012813634135456127,500,0.29367437236300803,9.690170885832673e-05,500,0.1273510217214376,0.0014568954978174467,500,0.27799150855170796,0.0022612681124851565,500,0.46345306573000994,0.003333453271616392,500,0.155348981081437,0.0026268914515358115,500,12.54122427274066,0.3325183246843838,500,0.02488338149353492,0.0006597585807229685,500,nan,nan,0,11.151058106925401,0.01642115290491373,500,4.72639818970382,0.04016366443989539,500,10.066621463199997,1.590413067148138e-16,500,6.69841269841,0.0,500,0.934952380952544,0.023919636969640466,500,1.72311904761898,0.027869716230234067,500,0.13957819905207242,0.0035709410641854033,500,0.257242890995178,0.004160644840064721,500
8,5,2,0.625,9.0,4.0,0.43862095911323606,0.00137596234942731,500,0.292325877999148,4.8058200179704606e-05,500,0.08602148104463081,0.0007416154282429211,500,0.27569957903427805,0.0024464874438040107,500,0.461483317270354,0.003494755099115912,500,0.15435639428488582,0.0026514666687016955,500,12.96064385307874,0.3637821201472217,500,0.025715563200555222,0.0007217899209271548,500,nan,nan,0,12.2833675239316,0.015782489632513653,500,4.67187454848072,0.04304369716022492,500,11.324949146100002,7.95206533574069e-17,500,6.69841269841,0.0,500,1.020214285714478,0.023691224840360167,500,1.812333333333308,0.0266305256401033,500,0.1523068720378314,0.003536841623084134,500,0.2705616113743306,0.003975647192721404,500
8,5,2,0.625,10.0,4.0,0.435182930479006,0.0012364720762718293,500,0.291839497972878,2.032505412650608e-05,500,0.06483879304034221,0.0003829618800205037,500,0.261653840749236,0.0023615229227315552,500,0.44359641195329,0.003320763762751778,500,0.1673098142249318,0.002696930857128056,500,11.4979787185526,0.30795509216641254,500,0.02281344983839838,0.0006110220082670762,500,nan,nan,0,13.4673590225162,0.013680163357729098,500,4.72474871090712,0.040066057519662815,500,12.583276829000003,7.95206533574069e-17,500,6.69841269841,0.0,500,0.9269761904761961,0.022809294076598527,500,1.72054761904738,0.025091735024150776,500,0.13838744075822343,0.003405178973519176,500,0.2568590047392508,0.0037459225273084977,500
8,6,2,0.75,1.0,4.0,0.50889418558145,0.0011503523878969855,500,0.40440328657097596,0.00016878701336789926,500,1.64571498605592,0.0019753223320370813,500,0.520501726333292,0.002099082741255336,500,0.7788736248887781,0.002816001076388773,500,0.015605476155379201,0.0004880602559408186,500,106.8516557782694,2.1944246888151233,500,0.1362903772682088,0.002799011082671658,500,nan,nan,0,5.0731181713833,0.04292301129999395,500,4.8860365486268,0.04487227728613444,500,1.33333333333,0.0,500,7.26530612245,0.0,500,2.0235816326531757,0.02801746015236249,500,3.8128367346938403,0.04063889041922773,500,0.2785266853932668,0.0038563358074894935,500,0.52480056179779,0.005593555141971768,500
8,6,2,0.75,2.0,4.0,0.512949978161578,0.001132970929901902,500,0.40811251823373007,0.00014063769179948127,500,1.4566751584548598,0.00203496112658216,500,0.5243825462026939,0.001972242902687057,500,0.7659288715975561,0.0025663470970592925,500,0.017260566971183756,0.0004846318744763599,500,93.0004387037672,1.6046929347880952,500,0.1186230085507328,0.0020468022127402333,500,nan,nan,0,5.66334377919164,0.035895332191179435,500,4.97583200806594,0.04118476962748631,500,2.6666666666699994,1.9880163339351726e-17,500,7.26530612245,0.0,500,1.67932653061233,0.019381794489793443,500,3.1809591836733397,0.02080417806758087,500,0.2311432584269862,0.002667718904493075,500,0.43782865168540797,0.0028634964194158828,500
8,6,2,0.75,3.0,4.0,0.50992643281568,0.0010595907509832639,500,0.41226402997296996,0.00013425026804976637,500,1.2142221681395278,0.0035220411523418683,500,0.515304556239236,0.001956148168181254,500,0.72878308962009,0.002445869117303681,500,0.02449433646671852,0.0005502381502968075,500,67.7267785979068,1.1099947368673535,500,0.08638619719120581,0.0014158096133508587,500,nan,nan,0,6.40926752431444,0.0337971443217795,500,4.965249922089219,0.04465374792374292,500,4.0,0.0,500,7.26530612245,0.0,500,1.4082040816324137,0.022070015399614014,500,2.5320612244897998,0.01654637850108708,500,0.19382584269663722,0.0030377268387108886,500,0.348514044943848,0.002277450973464826,500
8,6,2,0.75,4.0,4.0,0.498592663818196,0.0010419678424335233,500,0.41575832026839,0.00013220807605186517,500,0.96176000776857,0.003988876258416148,500,0.48396819347808606,0.001840933822554817,500,0.6622692177250319,0.0022497179609189777,500,0.041973256926864204,0.0007376076983202203,500,40.630892009789605,0.6107421399265347,500,0.051825117359426,0.0007790078315393294,500,nan,nan,0,7.371937137705399,0.028675266729100132,500,5.03975555184386,0.042755535814917325,500,5.333333333330001,3.976032667870345e-17,500,7.26530612245,0.0,500,1.092938775510418,0.022679191181941387,500,2.116500000000126,0.021898054124880044,500,0.15043258426970418,0.0031215740671760436,500,0.291316011235985,0.00301405801156588,500
8,6,2,0.75,5.0,4.0,0.47796260697347,0.0009657032811781054,500,0.419776563155654,0.00013536717477442644,500,0.6811764681789,0.004313137688696856,500,0.438200130523096,0.0018576928581732083,500,0.5896384353877501,0.0022855437013435185,500,0.0673360932024462,0.0010840130888123212,500,25.4982796826918,0.41966863704928725,500,0.032523315921803006,0.0005352916288892157,500,nan,nan,0,8.34427622299266,0.023890431928706015,500,4.9630927477179805,0.04090698268187737,500,6.666666666669998,1.1928098003611036e-16,500,7.26530612245,0.0,500,1.055091836734922,0.022268194402537248,500,1.907816326530482,0.024717915654252468,500,0.14522331460680657,0.0030650042857415156,500,0.2625926966293063,0.0034021850198251075,500
8,6,2,0.75,6.0,4.0,0.457954600971582,0.0010220401963095078,500,0.42323131057909597,0.0001120605727663143,500,0.43820353810947804,0.004441310918239824,500,0.39063486031331207,0.002215721120958077,500,0.527781985481666,0.002656629515428032,500,0.09420930587982781,0.0016284020897551425,500,18.25574362217696,0.3754628614716458,500,0.02328538727318896,0.0004789067110607249,500,nan,nan,0,9.433092960306382,0.02149412822574603,500,4.93215058077888,0.042176987116373306,500,8.0,0.0,500,7.26530612245,0.0,500,1.022571428571552,0.02431129846358433,500,1.88376530612221,0.02674334827957797,500,0.14074719101128277,0.003346218046953502,500,0.259282303370862,0.0036809664766820844,500
8,6,2,0.75,7.0,4.0,0.44379275822673003,0.0010173626513391469,500,0.425441753227364,7.895420574920744e-05,500,0.27335703286783203,0.0034324923329593793,500,0.34990786703851406,0.002423787233141411,500,0.48011808700923,0.0027883505837309297,500,0.117810186502285,0.001970828911732373,500,14.21448189510122,0.31833759346038387,500,0.01813071670293454,0.0004060428488014278,500,nan,nan,0,10.65324515231142,0.019098884233700715,500,5.07253616846416,0.040830970451366175,500,9.33333333333,0.0,500,7.26530612245,0.0,500,1.011255102041066,0.023376462365957296,500,1.827071428571452,0.02596091031983461,500,0.13918960674161718,0.0032175467863233415,500,0.2514789325843856,0.003573271364247518,500
8,6,2,0.75,8.0,4.0,0.44005585751421405,0.0011752567669021917,500,0.42692761534094403,4.263904374953085e-05,500,0.15833727028644798,0.0019406894422502262,500,0.33551542470911594,0.0028966328809321407,500,0.46482928478867797,0.003246596961398714,500,0.12426304744584041,0.00235083273948014,500,13.811097932237539,0.3399230268406607,500,0.017616196342140098,0.0004335752893375383,500,nan,nan,0,11.779769359268801,0.017803247791707222,500,4.917793892329721,0.04383089367091078,500,10.6666666667,0.0,500,7.26530612245,0.0,500,1.0426632653062238,0.022955008227107714,500,1.923540816326636,0.026522106631997753,500,0.14351264044949102,0.0031595376492378506,500,0.2647570224719802,0.0036505146768732997,500
8,6,2,0.75,9.0,4.0,0.43811298493656,0.001149691913859587,500,0.4275583570865,2.0132636680226233e-05,500,0.10767757706063119,0.0011723518860789906,500,0.31927000130647,0.003111251006325367,500,0.44601468171208797,0.0033719245585983426,500,0.1355624511809904,0.0025861330372179774,500,12.692962494007501,0.327860495193074,500,0.0161900031811314,0.00041818940713418375,500,nan,nan,0,13.0150520690954,0.01625936836120392,500,4.957050165446941,0.04365911817326268,500,12.0,0.0,500,7.26530612245,0.0,500,1.0496938775511622,0.02365420902593172,500,1.88671428571441,0.027041904719422395,500,0.144480337078697,0.003255775961433927,500,0.25968820224727485,0.0037220599192459894,500
8,6,2,0.75,10.0,4.0,0.43693284355364803,0.0012174439654182518,500,0.427846977616732,1.0176152689988109e-05,500,0.07764107788798799,0.0005583984550698091,500,0.31123287893417795,0.0031113711710717075,500,0.43652863876094794,0.0033292948067086066,500,0.140204518913313,0.002645558857326963,500,12.113326712945822,0.29923099058768826,500,0.015450671827737359,0.0003816721818721565,500,nan,nan,0,14.2429293349174,0.014828641628553239,500,4.9262550617828005,0.043054557028233485,500,13.3333333333,0.0,500,7.26530612245,0.0,500,1.047408163265488,0.02323766590961225,500,1.883071428571414,0.025496195978095285,500,0.14416573033713542,0.0031984427796931895,500,0.25918679775287623,0.0035093078733871106,500
8,7,2,0.875,1.0,4.0,0.517889193614158,0.0009992661446934245,500,0.518393338229072,0.00016146723732441104,500,1.7471007933938398,0.0017273237549451051,500,0.567337209199952,0.0019011009727841353,500,0.80076866881133,0.0024429839934215613,500,0.0105369981862496,0.00035012122810489695,500,149.3380927764772,2.7176975697197285,500,0.14698631178785657,0.002674899182795355,500,nan,nan,0,5.27861904237288,0.04215465009500941,500,5.09262570521406,0.04385790292532532,500,1.3623062651399995,1.9880163339351726e-17,500,7.606299212599997,1.1928098003611036e-16,500,2.186704724409716,0.030251380884562317,500,4.113484251968633,0.04129884592625719,500,0.287486024844741,0.0039771484185726624,500,0.540799689441064,0.0054295584188798355,500
8,7,2,0.875,2.0,4.0,0.5176484024055581,0.00093471983486359,500,0.522315154375538,0.0001400364978453916,500,1.5518263524289,0.0022005612522389656,500,0.5691077943573759,0.0018776525523371147,500,0.7867182246921,0.0023907615350575234,500,0.0123292558560813,0.00036877298377854616,500,130.96266764246258,2.2954781970635523,500,0.12890026342761018,0.0022593289341172936,500,nan,nan,0,5.80075414268478,0.038035336702552464,500,5.098245009918501,0.04374799702913653,500,2.724612530270001,3.976032667870345e-17,500,7.606299212599997,1.1928098003611036e-16,500,1.8289488188976462,0.020036740845867807,500,3.40797637795296,0.022204212213144003,500,0.2404518633540588,0.00263422990416637,500,0.44804658385095797,0.0029191873199457805,500
8,7,2,0.875,3.0,4.0,0.51784235630307,0.00090183788253206,500,0.5260210251038662,9.938346551581719e-05,500,1.29083850359459,0.004142495218597292,500,0.56673193200576,0.0016461888389660779,500,0.7599796029361301,0.002079105413358785,500,0.01590087351683728,0.00035324298548559225,500,100.0166634240834,1.5183188793455007,500,0.09844159785835101,0.001494408345813611,500,nan,nan,0,6.570638872473721,0.034279514159720643,500,5.1033504007626,0.04504667140270685,500,4.08691879541,0.0,500,7.606299212599997,1.1928098003611036e-16,500,1.491956692913704,0.021929168244013246,500,2.73972047244128,0.015222831579368724,500,0.1961475155279308,0.002883027295018009,500,0.360190993788774,0.002001345352566739,500
8,7,2,0.875,4.0,4.0,0.510025438442414,0.0008946874777394638,500,0.528009255042518,6.82335603230291e-05,500,0.9956752933998121,0.005080886293888008,500,0.5403265567479059,0.0016866569776702203,500,0.702990898275774,0.0021637578751418276,500,0.02771282572392264,0.000529411054180209,500,62.978274552372,1.025982893844218,500,0.0619864907011594,0.00100982568291826,500,nan,nan,0,7.51668089101264,0.029983085729238544,500,5.1221414544089,0.04518273978605695,500,5.449225060550001,3.976032667870345e-17,500,7.606299212599997,1.1928098003611036e-16,500,1.192523622047864,0.024425574750760074,500,2.260098425196828,0.021991709789382304,500,0.1567810559005932,0.0032112298067743824,500,0.29713509316768,0.0028912496306939405,500
8,7,2,0.875,5.0,4.0,0.494458684537608,0.000918340739644411,500,0.5281755158743159,8.718507925343976e-05,500,0.702630574200932,0.004924839774006185,500,0.495667224475688,0.0017299816642036938,500,0.63465252727771,0.0023552693072854793,500,0.0475159808399834,0.0008120301716561109,500,39.927832249401,0.8014046444823985,500,0.039299047489562804,0.0007887840988994257,500,nan,nan,0,8.57083367845952,0.02580379036455741,500,5.1408750003221,0.043995972148125596,500,6.811531325689999,3.976032667870345e-17,500,7.606299212599997,1.1928098003611036e-16,500,1.095614173229292,0.02369908002771891,500,2.028047244095446,0.02406762084781859,500,0.1440403726707554,0.003115717560576402,500,0.2666273291924996,0.003164169614568488,500
8,7,2,0.875,6.0,4.0,0.478443703732224,0.0010020482555913532,500,0.526632562501204,0.00013093618563555392,500,0.440750703342276,0.004453818120131561,500,0.45522890615643596,0.002003086162475116,500,0.5865315502732701,0.002767273644158212,500,0.06457286088551441,0.0011309128453368847,500,31.58119519661436,0.7691524419457811,500,0.031083853539976856,0.0007570398050653136,500,nan,nan,0,9.62961644620394,0.021777892919284603,500,5.024437466420061,0.04269442429892995,500,8.17383759082,0.0,500,7.606299212599997,1.1928098003611036e-16,500,1.167177165355278,0.024038109156002973,500,2.083665354331858,0.02470726449371206,500,0.15344875776393876,0.0031602897130540227,500,0.27393944099377165,0.0032482635514517323,500
8,7,2,0.875,7.0,4.0,0.4648397972174261,0.0010655148648669312,500,0.52459546344884,0.0001523388006178352,500,0.274485434117032,0.0033185262794847886,500,0.415937913091976,0.0023555362180999895,500,0.544699036063866,0.0030775970342703947,500,0.0819991532508932,0.001522250960814324,500,25.413881739635055,0.6588773488720809,500,0.0250136631295628,0.0006485013276303382,500,nan,nan,0,10.83793162314622,0.018967685017692294,500,5.0854282192007405,0.04104518303552367,500,9.536143855960002,7.95206533574069e-17,500,7.606299212599997,1.1928098003611036e-16,500,1.1164370078750159,0.023029774657772235,500,2.0246574803160082,0.02426058102439617,500,0.14677795031053642,0.00302772399744777,500,0.2661816770185642,0.003189538084989037,500
8,7,2,0.875,8.0,4.0,0.45939301685424994,0.0011847692043471707,500,0.5218267202536561,0.0001827097112691355,500,0.166186762315936,0.0020437440937175837,500,0.393348249517244,0.0027310270632855673,500,0.52378697073612,0.0034011404340244435,500,0.0912081860841896,0.0018464440405334284,500,23.407948499191285,0.6125288376955681,500,0.02303931938896796,0.0006028827142674382,500,nan,nan,0,12.0647139544374,0.018052239080453027,500,5.100274733521979,0.043192285446325585,500,10.898450121100002,7.95206533574069e-17,500,7.606299212599997,1.1928098003611036e-16,500,1.1648858267727178,0.022652889828893984,500,2.061070866142782,0.024595562554945494,500,0.15314751552790842,0.00297817495679747,500,0.27096894409936,0.003233578099874399,500
8,7,2,0.875,9.0,4.0,0.45582676320402993,0.0012292572073316274,500,0.519123169924714,0.0001733600655197997,500,0.1090627929692692,0.0010542685658593317,500,0.379229401312346,0.0028722395910109728,500,0.510108611680604,0.003463655656430347,500,0.0961885391667378,0.00192350312995009,500,22.0399265365045,0.6356427897589553,500,0.0216928410792357,0.0006256326670856303,500,nan,nan,0,13.3140498145596,0.01643899953894124,500,5.11174148627736,0.04346524171897545,500,12.2607563862,0.0,500,7.606299212599997,1.1928098003611036e-16,500,1.161696850394716,0.023152864541335905,500,2.04792519685147,0.024046214727354333,500,0.15272826086952382,0.0030439066218910563,500,0.2692406832297628,0.0031613553523552893,500
8,7,2,0.875,10.0,4.0,0.45021461282086594,0.001236551591695448,500,0.51695114681597,0.00015375703813358494,500,0.08076334173741921,0.0005640158342679163,500,0.362954044582658,0.0030289019452324436,500,0.49226477322640994,0.0035454569646031667,500,0.10484232805300439,0.002100703462985005,500,19.830997316942646,0.5849414494954562,500,0.01951869814659612,0.0005757297731254253,500,nan,nan,0,14.605798289128002,0.015612008123152226,500,5.184209013002221,0.04447665468143928,500,13.623062651400003,1.590413067148138e-16,500,7.606299212599997,1.1928098003611036e-16,500,1.101342519685988,0.023253891615490047,500,1.9844527559066039,0.02457948669291242,500,0.14479347826084443,0.0030571886492393773,500,0.26089596273288695,0.0032314646066244905,500
8,8,2,1.0,1.0,4.0,0.5201074640893381,0.0008722768590826099,500,0.640731599977248,0.00016826036631779973,500,1.79445942429962,0.0015861447919928644,500,0.588246487827726,0.0017911259558812999,500,0.813788544082354,0.002257700916439833,500,0.008736190740116398,0.00030690118234311115,500,176.271205706689,3.0278652484759907,500,0.159233248154178,0.0027351989597804646,500,nan,nan,0,5.317234012527581,0.044234854436205874,500,5.12640600341148,0.046109904831819724,500,1.38145139069,0.0,500,7.718157181570001,7.95206533574069e-17,500,2.327056910569088,0.0325679927518119,500,4.331327913278879,0.0428649898846297,500,0.3015042134831064,0.00421965917324887,500,0.5611867977527161,0.005553785557378879,500
8,8,2,1.0,2.0,4.0,0.5209243164313421,0.0008594221004938391,500,0.644184496729778,0.00014106950357250023,500,1.5927013369614,0.0024612041343007192,500,0.593172871661394,0.0016106565443739166,500,0.8057687033276739,0.0020077876023518212,500,0.009285041431240159,0.0002793149682348934,500,159.9615971758116,2.385286647295708,500,0.1445000877830386,0.0021547304853631486,500,nan,nan,0,5.8340007179168,0.03911517257464672,500,5.11296437198442,0.045277950195166394,500,2.76290278138,0.0,500,7.718157181570001,7.95206533574069e-17,500,1.9189810298099739,0.020885039562028127,500,3.63809214092168,0.02027906850749952,500,0.24863202247183938,0.0027059619376337165,500,0.47136797752800996,0.002627449536256495,500
8,8,2,1.0,3.0,4.0,0.523155508178362,0.000812803857649514,500,0.647645938133076,0.00010753688919093728,500,1.3441727606803602,0.0034476387486917478,500,0.590120812893726,0.0014294567968388802,500,0.77970526340238,0.0017587293148218065,500,0.012274079786708119,0.00026711461370769224,500,122.73983789607539,1.5997588020712739,500,0.110876095660388,0.0014451299025035095,500,nan,nan,0,6.624547863763301,0.03239733110110748,500,5.13022906315462,0.04278521178697464,500,4.144354172070001,3.976032667870345e-17,500,7.718157181570001,7.95206533574069e-17,500,1.579046070460122,0.022273923271506506,500,2.9102547425471204,0.013738904065346768,500,0.20458848314597458,0.002885912109266165,500,0.377066011235906,0.0017800757022902172,500
8,8,2,1.0,4.0,4.0,0.51668888487203,0.0007991203823230594,500,0.6505549716321021,9.37689824733817e-05,500,1.0916412879998958,0.0038799771632670324,500,0.56762666752733,0.001479614395589799,500,0.7267009890513081,0.0018164648549469959,500,0.021263615556180483,0.00039031303103875543,500,78.07300803103621,1.0530125397778707,500,0.07052665585459439,0.0009512308399076112,500,nan,nan,0,7.59994598271634,0.029798105585823007,500,5.1642315237749,0.044731221646260866,500,5.52580556276,0.0,500,7.718157181570001,7.95206533574069e-17,500,1.2719566395661241,0.023704963931916748,500,2.3946558265580196,0.01943610354677146,500,0.16480056179771202,0.003071324329663684,500,0.310262640449418,0.002518231112624586,500
8,8,2,1.0,5.0,4.0,0.50210337686222,0.0008455223360794357,500,0.6530022663410742,8.524243496175366e-05,500,0.8313824316196399,0.003911558802739842,500,0.525622963127426,0.001700654054437098,500,0.6577241959004221,0.0020438361059954193,500,0.03765960885355921,0.0006711564965782386,500,47.8363872077464,0.7157319575439812,500,0.043212635237350396,0.0006465510004915189,500,nan,nan,0,8.6478428986152,0.025496419327026305,500,5.14396254577312,0.04337978661951511,500,6.907256953450001,3.976032667870345e-17,500,7.718157181570001,7.95206533574069e-17,500,1.235642276422408,0.023621291058887134,500,2.176368563684948,0.024091571462681774,500,0.1600955056179278,0.00306048328677351,500,0.281980337078679,0.003121414982349677,500
8,8,2,1.0,6.0,4.0,0.47972370035031203,0.0008707404562986257,500,0.65514134482538,7.804492195446668e-05,500,0.582103544192102,0.0046198538785028965,500,0.474974689786394,0.001976979563111572,500,0.590325363498956,0.0022932463544952124,500,0.0579057437324248,0.0009994321444095173,500,31.608124540692398,0.5739703420786161,500,0.028552958031337197,0.0005184917272614984,500,nan,nan,0,9.79470592164044,0.023085486027821612,500,5.147346964190259,0.04486305594023623,500,8.288708344140002,7.95206533574069e-17,500,7.718157181570001,7.95206533574069e-17,500,1.1869268292680482,0.022741872138766116,500,2.1425691056901344,0.023694685599099808,500,0.15378370786511777,0.0029465417202263816,500,0.27760112359552597,0.003069992621514687,500
8,8,2,1.0,7.0,4.0,0.462481651107874,0.0008683785810661102,500,0.656863019814714,5.7696177754450344e-05,500,0.364260796049664,0.004351270380973175,500,0.433076511804546,0.0022828092618994455,500,0.54204977628421,0.0025173408736407733,500,0.0744043041930512,0.0013354979083925636,500,24.346921385730262,0.49123785172580364,500,0.021993605587828,0.0004437559636186438,500,nan,nan,0,10.975647953896079,0.019966626634518755,500,5.119190101461039,0.04353345842546381,500,9.670159734829998,7.95206533574069e-17,500,7.718157181570001,7.95206533574069e-17,500,1.200585365853302,0.024412816335874034,500,2.151219512194526,0.024583600139121475,500,0.1555533707864852,0.0031630369480132813,500,0.27872191011237735,0.003185164484317583,500
8,8,2,1.0,8.0,4.0,0.45299909284937995,0.0009737418235241657,500,0.6578989711396199,3.4977463919866404e-05,500,0.218427399601464,0.00311589683596035,500,0.39960421930422796,0.0027325659797096673,500,0.5070681571998,0.0028626610825116298,500,0.08882389282058639,0.0017154820376916744,500,20.70236998841436,0.47057325677316997,500,0.01870132790281298,0.0004250887595060418,500,nan,nan,0,12.222591433871601,0.01783509433454526,500,5.1460668047764795,0.04317918426175994,500,11.0516111255,0.0,500,7.718157181570001,7.95206533574069e-17,500,1.1955772357721621,0.025301800940867144,500,2.1621463414628304,0.02538682520280533,500,0.15490449438198658,0.003278217888757954,500,0.28013764044948236,0.003289234023819272,500
8,8,2,1.0,9.0,4.0,0.44647755867392996,0.0011560706872190032,500,0.6584393439978239,1.5812940889354913e-05,500,0.1362224114908048,0.0017048636920773033,500,0.37956656670005795,0.0030051723066998096,500,0.4864064127066,0.003042242960178433,500,0.0974946250522562,0.001906564260603309,500,18.94720824485998,0.44571478276856563,500,0.017115815939349438,0.0004026330467647311,500,nan,nan,0,13.487319008511,0.016632301822190526,500,5.14718108149144,0.04411902098219819,500,12.433062516200001,7.95206533574069e-17,500,7.718157181570001,7.95206533574069e-17,500,1.2137886178857038,0.02352648931964342,500,2.164422764226938,0.02487428259176656,500,0.15726404494376378,0.0030482003367107682,500,0.2804325842696792,0.003222826641981347,500
8,8,2,1.0,10.0,4.0,0.44386871468595,0.0010993310321325315,500,0.6586774442901319,7.671231678724856e-06,500,0.09333413344313579,0.0008425767360898352,500,0.36690971587354404,0.003128229226263172,500,0.47166967010362,0.0031062396563882617,500,0.1039344612317886,0.0020045630292060044,500,17.732750457832758,0.436752160393265,500,0.0160187447676904,0.000394536730256006,500,nan,nan,0,14.7893486128862,0.01526557979820663,500,5.19750754174376,0.04445707187095888,500,13.814513906900002,7.95206533574069e-17,500,7.718157181570001,7.95206533574069e-17,500,1.1869268292678201,0.024227665064377776,500,2.15076422764167,0.02437103279127281,500,0.1537837078651278,0.003139047896334078,500,0.27866292134834714,0.0031576232794887967,500
8,4,2,0.5,1.0,5.0,0.46305375317647196,0.0017793667188258807,500,0.19619279010936802,0.00020466336802925947,500,1.1577869952558781,0.004845256487371095,500,0.31630519150268005,0.002622646895541158,500,0.627248648543652,0.004474246581180187,500,0.0832366153555338,0.0022825390252409947,500,22.1301953415996,0.5871236563470643,500,0.0831962230887346,0.0022072317907783,500,nan,nan,0,5.516541888060099,0.047991073933043325,500,5.38390604680876,0.04936292632418916,500,1.17437046035,0.0,500,5.894736842110002,7.95206533574069e-17,500,1.303578947368366,0.024142914966555178,500,2.46487218045098,0.0357038905070356,500,0.2211428571428574,0.004095673074682561,500,0.41814795918365805,0.006056909996730576,500
8,4,2,0.5,2.0,5.0,0.46679892746378004,0.0018682115219804654,500,0.199917400594314,0.0002279897708054245,500,1.075439311123232,0.004004220127836107,500,0.31591689220334795,0.0026761667134338487,500,0.6113103446038759,0.004282911614278805,500,0.09229929808644939,0.0022905226374245026,500,19.90089453213482,0.46246168270097604,500,0.074815392977942,0.001738577754514321,500,nan,nan,0,5.9387566866927,0.04509672002575551,500,5.4341849688142,0.04978318039811439,500,2.34874092071,0.0,500,5.894736842110002,7.95206533574069e-17,500,1.1257894736841196,0.019832033538352282,500,2.1395789473685345,0.023525766923330575,500,0.1909821428571044,0.0033643628323979744,500,0.362964285714274,0.003990978317351289,500
8,4,2,0.5,3.0,5.0,0.46130479631419796,0.001728201372947615,500,0.206105997783456,0.00023704496355426372,500,0.909187309755846,0.004198086305480042,500,0.30373480818422,0.0023144692179347275,500,0.571285654006982,0.003397534871701828,500,0.11134290458968701,0.0019857063611757324,500,15.04788221614894,0.2808552882972692,500,0.0565709857749994,0.0010558469484860404,500,nan,nan,0,6.5423964436559,0.03988927861083957,500,5.47745605684804,0.048671708879478595,500,3.52311138106,0.0,500,5.894736842110002,7.95206533574069e-17,500,1.0114586466162696,0.019347332298285086,500,1.8789323308269918,0.01929449539534942,500,0.1715867346938606,0.003282136729173697,500,0.31874744897960205,0.0032731733259958825,500
8,4,2,0.5,4.0,5.0,0.44955898346550205,0.0014149285938687365,500,0.21292866548682599,0.00024363826409052897,500,0.675743873644976,0.005176081681628508,500,0.28160863708072403,0.0018397277429630815,500,0.516594251328376,0.0026543176777506254,500,0.1443345713759688,0.001943734642898195,500,10.672577895758499,0.15920877018991222,500,0.0401224732923208,0.0005985292112404722,500,nan,nan,0,7.21749136119914,0.034405526820043685,500,5.43377527910806,0.04675048920688138,500,4.69748184142,0.0,500,5.894736842110002,7.95206533574069e-17,500,0.8286917293231787,0.020180274850329614,500,1.613774436090016,0.021606313057774468,500,0.14058163265306706,0.003423439483537806,500,0.273765306122442,0.0036653566794440824,500
8,4,2,0.5,5.0,5.0,0.43487098046652206,0.0013647736427753973,500,0.21954765434741597,0.0002469714475595266,500,0.44858296259217195,0.004840162366342126,500,0.250520484398684,0.0018317130268854503,500,0.45854349591501603,0.002776708668645077,500,0.1884956738696996,0.002537142509359318,500,7.992484401040739,0.14406324210487192,500,0.030046933838499598,0.0005415911357322168,500,nan,nan,0,8.030943384925841,0.031013129367572174,500,5.42115874665308,0.04712974723275515,500,5.87185230177,0.0,500,5.894736842110002,7.95206533574069e-17,500,0.7219398496243419,0.020749704798755864,500,1.4264962406016872,0.023830932675253647,500,0.12247193877554598,0.00352003920692909,500,0.24199489795916618,0.004042747507405805,500
8,4,2,0.5,6.0,5.0,0.425123505199018,0.00140265758847116,500,0.22548962695900598,0.00023850185823346882,500,0.270263875617296,0.003918190191402031,500,0.22889201151565197,0.0020006611354365655,500,0.42357843627715397,0.0030598289017978605,500,0.21709747334234863,0.0031750777374747736,500,6.86967702817612,0.13784675252447445,500,0.02582585348937926,0.0005182208741518967,500,nan,nan,0,8.8839028387117,0.02865959672067188,500,5.3366395732931995,0.0491331137094998,500,7.04622276213,0.0,500,5.894736842110002,7.95206533574069e-17,500,0.7131428571432235,0.01999541258516226,500,1.3542406015042971,0.02534414852057758,500,0.1209795918367827,0.003392078920695326,500,0.2297372448979828,0.004299453766880821,500
8,4,2,0.5,7.0,5.0,0.421782242581384,0.0013594299619998477,500,0.230240775222016,0.0001965102953564978,500,0.17545098196836936,0.0031225646899797482,500,0.20822168118477402,0.0019526724060353795,500,0.391172165583466,0.0029318870870035174,500,0.2443608485045504,0.0033671746549598603,500,5.897533577893821,0.11032164404006697,500,0.02217117886426324,0.00041474302270699603,500,nan,nan,0,9.882909087124458,0.02405933886218416,500,5.42091639100412,0.04468216902268832,500,8.220593222480002,7.95206533574069e-17,500,5.894736842110002,7.95206533574069e-17,500,0.6958796992483337,0.020254897812298174,500,1.3164812030082418,0.024619184304793176,500,0.11805102040820308,0.0034360987360143864,500,0.223331632653098,0.004176468765988288,500
8,4,2,0.5,8.0,5.0,0.419078397750912,0.0013702715589280544,500,0.23398062336069803,0.00018690280670334323,500,0.10804389088960839,0.0018988564611246393,500,0.19980080566027203,0.0021363359697523943,500,0.378190276900282,0.0031844148190588993,500,0.2545597025579724,0.00372299063956051,500,5.65893530936628,0.1114053089212823,500,0.02127419289235198,0.00041881695083165454,500,nan,nan,0,10.878153904659001,0.022958914145995744,500,5.40446655105154,0.04745338030348311,500,9.39496368283,0.0,500,5.894736842110002,7.95206533574069e-17,500,0.6610225563912412,0.019738526947045726,500,1.318285714286507,0.023905078756784288,500,0.11213775510209509,0.003348500107086708,500,0.22363775510207778,0.004055325860521937,500
8,4,2,0.5,9.0,5.0,0.41818348367430597,0.0013458583206189798,500,0.236743442062702,0.0001551748076986943,500,0.06942326853287341,0.0008496670139795214,500,0.1907073144676592,0.002082128090073325,500,0.36498281440889796,0.0030257627556735025,500,0.263592997810181,0.0038478854785830054,500,5.32933336289798,0.09404528043473356,500,0.020035087830443183,0.00035355368584481496,500,nan,nan,0,11.9523968701136,0.02030974762513843,500,5.5089269499319995,0.04491187115314199,500,10.569334143199999,7.95206533574069e-17,500,5.894736842110002,7.95206533574069e-17,500,0.7119699248123583,0.020447359254789948,500,1.3346766917300905,0.023869736224013043,500,0.12078061224493954,0.0034687484450066776,500,0.2264183673469413,0.004049330252284393,500
8,4,2,0.5,10.0,5.0,0.41727606079526597,0.001393062702502923,500,0.23909426462071598,0.00011722803469005611,500,0.0510202866748796,0.00044216726485926656,500,0.185764541697177,0.0023158626259885927,500,0.357469869328066,0.003437161333301397,500,0.2723198688357934,0.0042547888527432,500,5.31634316609976,0.1203755871015001,500,0.01998625250413244,0.00045253980113341635,500,nan,nan,0,12.9915060458996,0.020675971042577342,500,5.45853986915646,0.05069248748921748,500,11.743704603499996,1.590413067148138e-16,500,5.894736842110002,7.95206533574069e-17,500,0.7273684210529423,0.02195245870241248,500,1.3359699248125045,0.025864551589387424,500,0.12339285714290799,0.0037240778155859123,500,0.22663775510207035,0.004387736430340726,500
8,5,2,0.625,1.0,5.0,0.472418023238268,0.0016151733864707646,500,0.293844371816716,0.00016840514503503305,500,1.397045330760394,0.004691638503968704,500,0.39287859544055,0.0030780890547908667,500,0.662965502539126,0.004449882866326239,500,0.05277067690193336,0.0017480332473433613,500,39.86731887409344,1.151297436054762,500,0.07910182316288591,0.002284320309633589,500,nan,nan,0,6.02165341554508,0.04991326146678861,500,5.88301395521136,0.051241962146829,500,1.2583276828999996,1.9880163339351726e-17,500,6.69841269841,0.0,500,1.460825396825308,0.026503784985289332,500,2.832206349206448,0.04079395471083059,500,0.21808530805688778,0.003956726194486662,500,0.4228175355450378,0.006090092764888578,500
8,5,2,0.625,2.0,5.0,0.4793898834457,0.001702739327407779,500,0.298759477438482,0.0001844129905579936,500,1.290560527994242,0.0030980000163176955,500,0.40369815089567396,0.0028578314854079893,500,0.6614608707646421,0.003928445541297366,500,0.0518369097658055,0.001446036628055538,500,37.65694941885402,0.9185866249091369,500,0.07471616948185221,0.0018225925097401627,500,nan,nan,0,6.359476090021181,0.044887465292049386,500,5.822150843035541,0.0493924786358665,500,2.51665536579,0.0,500,6.69841269841,0.0,500,1.319563492063356,0.020211747102262284,500,2.55858730158752,0.0230410439289509,500,0.19699644549764822,0.00301739352474559,500,0.38196919431280996,0.0034397767002971955,500
8,5,2,0.625,3.0,5.0,0.47723126088454,0.0015524253015130288,500,0.303753778132666,0.0001688860298575454,500,1.09203679863282,0.0030850518317771863,500,0.39405148149092806,0.002775679025701425,500,0.6254861730137959,0.003621533293704052,500,0.0648211585833028,0.0014978160107631797,500,28.399824085096743,0.6034562565028747,500,0.0563488573116986,0.0011973338422671478,500,nan,nan,0,6.98516084581208,0.043867156660897966,500,5.8383385729624,0.053270157319386634,500,3.7749830486899993,1.9880163339351726e-17,500,6.69841269841,0.0,500,1.114190476190503,0.02084272742576452,500,2.1763968253971204,0.018488704142395614,500,0.16633649289099942,0.003111592009061712,500,0.324912322274926,0.0027601619928207333,500
8,5,2,0.625,4.0,5.0,0.46298955529771,0.0013777550946776674,500,0.306469746523684,0.00014694408991135064,500,0.863064480588366,0.004028108931271077,500,0.365638595157324,0.002303887557363867,500,0.5665943398943061,0.0029687069537195788,500,0.09093894798806561,0.0014877632656456982,500,18.8184886310849,0.3478884272681337,500,0.037338271093419195,0.0006902548160081207,500,nan,nan,0,7.809974257689401,0.037328182899031094,500,5.92483565704588,0.050112231717828096,500,5.03331073159,0.0,500,6.69841269841,0.0,500,0.9718809523811407,0.021388718261001846,500,1.8322698412694558,0.021360322477368455,500,0.14509123222746959,0.0031931024892018498,500,0.27353791469198174,0.003188863308231687,500
8,5,2,0.625,5.0,5.0,0.450365333392226,0.0011937526020038398,500,0.306420358620202,0.00017286897660436198,500,0.610798671129658,0.004449484285134715,500,0.32808045030055,0.0019928046460951166,500,0.507188674304312,0.0028189980259839755,500,0.1271412801528204,0.0018489435392822497,500,13.27765586379692,0.26750836463180877,500,0.026344555285312,0.0005307705647456572,500,nan,nan,0,8.59687583713452,0.03471115519931522,500,5.7926067680013,0.052368632000157456,500,6.29163841448,0.0,500,6.69841269841,0.0,500,0.783380952381097,0.021797146215593765,500,1.5467857142855346,0.023795161330092404,500,0.1169502369667936,0.0032540763307626554,500,0.2309182464454802,0.0035523582080523607,500
8,5,2,0.625,6.0,5.0,0.43697698632182197,0.0011434244397492892,500,0.30464061795233804,0.0002202345568261094,500,0.41053763619057393,0.004388250937423924,500,0.290819284630822,0.0020508971517591806,500,0.456874872185702,0.0030876001810061795,500,0.16392510804371882,0.00250283233022378,500,10.69485683279186,0.28029168768291957,500,0.021219954033315978,0.0005561343009580481,500,nan,nan,0,9.64822713014658,0.031661934275839104,500,5.9300050857633195,0.053374596516991966,500,7.549966097379999,3.976032667870345e-17,500,6.69841269841,0.0,500,0.7860476190476513,0.02186282128571146,500,1.4640476190477245,0.026199492433603394,500,0.11734834123220321,0.0032638809028418246,500,0.2185663507107708,0.003911298633455541,500
8,5,2,0.625,7.0,5.0,0.430695620534524,0.0011060954549727674,500,0.300982323081444,0.00022439654636777784,500,0.2637712941640619,0.0034417110716302144,500,0.262291108316522,0.0021341370333479268,500,0.424853822663566,0.0032346274515397543,500,0.1891239189517082,0.002983072355842359,500,9.24752051492644,0.23118296596695517,500,0.01834825498993574,0.0004586963610456238,500,nan,nan,0,10.639760911903341,0.02825741138822434,500,5.88522975510204,0.052607097375918024,500,8.808293780279998,7.95206533574069e-17,500,6.69841269841,0.0,500,0.7906904761905829,0.021711762847883915,500,1.4441190476192447,0.02497437080081575,500,0.11804146919430601,0.003241329524684257,500,0.215591232227349,0.0037284013280853316,500
8,5,2,0.625,8.0,5.0,0.424012310603186,0.0011258506312886109,500,0.29756456359127204,0.0001954479910367604,500,0.1679738271077818,0.0023952960793641996,500,0.245955184345006,0.0022176409862832195,500,0.40776853923352596,0.003334089394751078,500,0.20145133044223637,0.0032233713934737727,500,8.808272199372041,0.23064342618741632,500,0.017476730554309143,0.0004576258456098873,500,nan,nan,0,11.698329187472599,0.02573260740410948,500,5.87131026060934,0.052439014949964634,500,10.066621463199997,1.590413067148138e-16,500,6.69841269841,0.0,500,0.8121666666668816,0.020686573008744977,500,1.489119047619059,0.025647798238479638,500,0.12124763033173962,0.003088279856753477,500,0.22230924170600838,0.0038289367038541917,500
8,5,2,0.625,9.0,5.0,0.42221502266072,0.0011401542499036106,500,0.29492452759691,0.00014104971870094495,500,0.1096676449911012,0.0016314958699290478,500,0.231159385924864,0.002326094838538821,500,0.392519719175244,0.0033515644251955676,500,0.2147143104699154,0.003495049294493765,500,8.246639677205119,0.22026835559253483,500,0.01636238031191306,0.0004370403880804654,500,nan,nan,0,12.8211942471408,0.022832918448438683,500,5.9265440869820605,0.050344975992677315,500,11.324949146100002,7.95206533574069e-17,500,6.69841269841,0.0,500,0.7980000000001104,0.021265663160320605,500,1.4695952380954327,0.025750337247358243,500,0.11913270142177781,0.003174731704027494,500,0.2193945497629066,0.003844244660152904,500
8,5,2,0.625,10.0,5.0,0.42198232385716594,0.0011842292615557347,500,0.29302148589897004,8.615243192043683e-05,500,0.0747222780339272,0.0007917547829683083,500,0.22619767263369603,0.0024235862679161937,500,0.38850440021894395,0.0034758724319947343,500,0.21718352572112162,0.0035411600098465518,500,8.25313422949974,0.22710915937648482,500,0.016375266328374417,0.00045061341146133304,500,nan,nan,0,13.882262082011401,0.02084174154252448,500,5.7695358167523,0.05118937952561513,500,12.583276829000003,7.95206533574069e-17,500,6.69841269841,0.0,500,0.8063333333334473,0.02173504069598276,500,1.4877142857140697,0.025309304155877316,500,0.12037677725114841,0.0032448046536635218,500,0.222099526066204,0.003778403227066335,500
8,6,2,0.75,1.0,5.0,0.48537850525291604,0.0015048235117275722,500,0.400326817188762,0.0001574849786039034,500,1.6034052934396,0.004210690813505266,500,0.464372350973512,0.0031499647402981586,500,0.7030896393806441,0.004102694186956712,500,0.032261132038057756,0.0011358041380476196,500,67.58779574248963,1.9887000205149317,500,0.0862089231409252,0.002536607169023196,500,nan,nan,0,6.3372683456818795,0.05121956011572737,500,6.18910828508368,0.052725879550258946,500,1.33333333333,0.0,500,7.26530612245,0.0,500,1.70934693877578,0.029436158016754293,500,3.2448877551019604,0.04440895829768347,500,0.2352752808989082,0.004051606019160542,500,0.4466278089887852,0.006112468979175889,500
8,6,2,0.75,2.0,5.0,0.48980846303122993,0.0015045459218571186,500,0.40454134952555,0.00016083544368057504,500,1.4659032306835402,0.003072020291991458,500,0.470049683001672,0.003077855926470309,500,0.693819447154392,0.0038997591379835747,500,0.0344885203756401,0.0011190213958448593,500,61.05992631221964,1.5824277756820113,500,0.0778825590717008,0.002018402775103866,500,nan,nan,0,6.80409947151056,0.04788503060382905,500,6.2400849756758,0.05278217622229275,500,2.6666666666699994,1.9880163339351726e-17,500,7.26530612245,0.0,500,1.478693877550976,0.02044042813693244,500,2.8187959183673197,0.025397384307131964,500,0.203528089887659,0.0028134297154770874,500,0.387980337078694,0.0034957073905898875,500
8,6,2,0.75,3.0,5.0,0.48876267015834196,0.0014524196634602975,500,0.409154844422544,0.00015000169416065087,500,1.266124107857094,0.002679371708162325,500,0.46716807642651204,0.002835783658506185,500,0.668032132889136,0.003393579709620318,500,0.040947386677147556,0.0010731438910147263,500,47.42573302457867,0.9914182168739791,500,0.060492006408901816,0.0012645640521350848,500,nan,nan,0,7.375422574089059,0.04311446199893744,500,6.16138565302348,0.05223951584789568,500,4.0,0.0,500,7.26530612245,0.0,500,1.26801020408158,0.02180235452024576,500,2.41968367346974,0.01716419523300964,500,0.174529494382038,0.003000885874976082,500,0.33304634831464597,0.002362487546114705,500
8,6,2,0.75,4.0,5.0,0.480551633735206,0.0012789534394370445,500,0.412899553701174,0.00015382694145666594,500,1.038160735094384,0.003848367688842786,500,0.44342084302816,0.0025220425948783505,500,0.6139163750654859,0.002868305427465468,500,0.0595675790506914,0.0011096192165416733,500,31.179068836563797,0.5863571517426158,500,0.039769220454802204,0.0007479045302837324,500,nan,nan,0,8.22356707903182,0.03897517973706105,500,6.207001794208421,0.05322755322470213,500,5.333333333330001,3.976032667870345e-17,500,7.26530612245,0.0,500,1.057785714285664,0.022867819205928824,500,2.023214285714324,0.02192888818214805,500,0.145594101123623,0.0031475369131758113,500,0.27847612359552076,0.003018302025070208,500
8,6,2,0.75,5.0,5.0,0.46421084289871,0.0010626094773467229,500,0.41636065038832004,0.00015870382060750198,500,0.7797863065141359,0.004254040344476353,500,0.39709509028803996,0.0021947033894040542,500,0.540172358578896,0.002527559980180928,500,0.09290942034233,0.0014209407815647358,500,18.986122034499342,0.33353201698662555,500,0.02421699239094326,0.0004254234910544936,500,nan,nan,0,9.160126067613339,0.03579228587944031,500,6.220043152657179,0.053228269451603624,500,6.666666666669998,1.1928098003611036e-16,500,7.26530612245,0.0,500,0.8669081632654279,0.022081554915318435,500,1.681448979591768,0.0230233584583213,500,0.11932162921351279,0.003039315142837836,500,0.2314353932584668,0.0031689454057821777,500
8,6,2,0.75,6.0,5.0,0.44596549971142996,0.0010066038828558375,500,0.419886691730572,0.00016278230976289281,500,0.533409732275246,0.004625239276300985,500,0.34969685084218405,0.0023678352308252357,500,0.477459710063358,0.0027882119578920284,500,0.12950549769402142,0.002033453659188838,500,13.47916179655794,0.3074033349567196,500,0.017192808413976163,0.0003920960905060366,500,nan,nan,0,10.162139483149259,0.03352645329770192,500,6.18211524005138,0.056826874622791554,500,8.0,0.0,500,7.26530612245,0.0,500,0.818714285714298,0.022137212407048485,500,1.561836734694206,0.025915388375456067,500,0.112688202247233,0.003046975865014681,500,0.21497191011243338,0.0035670057033645574,500
8,6,2,0.75,7.0,5.0,0.432716082006904,0.0009128941172897792,500,0.422709594075724,0.00014345123282108991,500,0.352678114880552,0.004016465214000102,500,0.312854716171914,0.0022976543887671197,500,0.433269907695132,0.0026693162771152697,500,0.15576710454722043,0.0023709736948541492,500,10.53528165842596,0.2144626429280966,500,0.01343785925819626,0.0002735492894490025,500,nan,nan,0,11.26581060557314,0.028309391962694108,500,6.233510500469981,0.05202577103548819,500,9.33333333333,0.0,500,7.26530612245,0.0,500,0.85974489795919,0.022022973333458845,500,1.5871428571432882,0.023879814292146816,500,0.118335674157334,0.0030312519475816347,500,0.2184550561798824,0.0032868283716747768,500
8,6,2,0.75,8.0,5.0,0.4255986142529,0.0009679230078101249,500,0.42522014744852005,0.00010931063761130899,500,0.21746121323761203,0.0032176324991858548,500,0.286979041147812,0.002561759435988667,500,0.405601823816584,0.002904468610575804,500,0.17468201179963,0.002826408534963616,500,9.2934318905805,0.2120021664804547,500,0.011853867207373359,0.0002704109266333387,500,nan,nan,0,12.3629693048474,0.025868915341715253,500,6.1664995120147195,0.05246331312658349,500,10.6666666667,0.0,500,7.26530612245,0.0,500,0.8872653061225299,0.022572383703597574,500,1.5841938775513658,0.02489223068809145,500,0.1221235955056418,0.003106873037852846,500,0.2180491573034658,0.003426177819429644,500
8,6,2,0.75,9.0,5.0,0.421353783479306,0.001007377468018794,500,0.42663037176899,6.975502609224649e-05,500,0.140821966214045,0.002161695101395858,500,0.267745479945014,0.002753659461684695,500,0.385103409554388,0.0030558786748010273,500,0.1894021879082634,0.0030572350386349426,500,8.499399920891559,0.20960373655539985,500,0.0108410713276678,0.00026735170479006093,500,nan,nan,0,13.558426240349199,0.02390270777353875,500,6.2219391017208,0.05303408193574474,500,12.0,0.0,500,7.26530612245,0.0,500,0.854908163265364,0.021298992892553603,500,1.567887755102192,0.02518873598821684,500,0.1176699438202526,0.002931602954310739,500,0.21580477528099481,0.003466988942201253,500
8,6,2,0.75,10.0,5.0,0.422878804488774,0.0010707005600201075,500,0.42752705279131,4.2005903558182805e-05,500,0.092764260974152,0.00108057498078392,500,0.25978711712508196,0.0030276443137448174,500,0.377080183888614,0.003330564308467416,500,0.19520244511873058,0.003428043765983284,500,8.40722494966572,0.23307385821829876,500,0.01072350121130928,0.00029728808446224123,500,nan,nan,0,14.6957099349196,0.02240956558284031,500,6.07439484037082,0.0555250428789224,500,13.3333333333,0.0,500,7.26530612245,0.0,500,0.8764591836735021,0.0224320332442664,500,1.598112244898068,0.02580742672490211,500,0.12063623595507819,0.0030875551375518285,500,0.219964887640541,0.0035521458132608966,500
8,7,2,0.875,1.0,5.0,0.492577315900082,0.0013612192227731297,500,0.514316532115354,0.00015069566610743633,500,1.71183786466304,0.003811973422233872,500,0.5116204475819599,0.0029039344207151424,500,0.728497356889226,0.0036227056164927526,500,0.02256584980098696,0.0008086119474940598,500,91.36043673589161,2.4184203750217015,500,0.08992168970068301,0.002380335014784836,500,nan,nan,0,6.583184060721621,0.051619389856938036,500,6.43524791525516,0.05296110475277952,500,1.3623062651399995,1.9880163339351726e-17,500,7.606299212599997,1.1928098003611036e-16,500,1.844999999999958,0.027113241472414697,500,3.52203543307094,0.04011728106009954,500,0.2425621118012296,0.0035645772950283205,500,0.4630419254659,0.005274218110387068,500
8,7,2,0.875,2.0,5.0,0.49958997437515396,0.0013460909900794285,500,0.518771857354098,0.0001567952712170628,500,1.57527263094508,0.0027336437812226916,500,0.5264000685720419,0.0028667241640090296,500,0.73145258705607,0.003491614324840712,500,0.022261834858210157,0.000807606623269169,500,92.0303057565472,2.17942312496849,500,0.0905810096028934,0.00214510150095271,500,nan,nan,0,6.90448833532632,0.049217057893364016,500,6.323652443021221,0.054250265968181936,500,2.724612530270001,3.976032667870345e-17,500,7.606299212599997,1.1928098003611036e-16,500,1.637031496063222,0.020715395870590077,500,3.09664960629904,0.02607356343946533,500,0.2152204968944202,0.00272345266621489,500,0.40711645962735804,0.003427890845561737,500
8,7,2,0.875,3.0,5.0,0.499804652103736,0.0013190935541506142,500,0.523261040812328,0.00014852068846759827,500,1.3585096063007982,0.003514024223136135,500,0.5214821578706179,0.0027588177946096743,500,0.7041087226680761,0.003232206152746349,500,0.02791972692807694,0.0007910891254918472,500,71.718767571906,1.5544141435039385,500,0.070589338161322,0.0015299351806141517,500,nan,nan,0,7.55754458374816,0.04686572087155836,500,6.315799549920661,0.05698244360789422,500,4.08691879541,0.0,500,7.606299212599997,1.1928098003611036e-16,500,1.415539370078602,0.021219478794562204,500,2.5959094488189205,0.01569358079270748,500,0.18610093167703137,0.002789724437793958,500,0.34128416149066404,0.0020632347418967447,500
8,7,2,0.875,4.0,5.0,0.49103683827860195,0.0012118699920377408,500,0.526357189241126,0.0001076563225296741,500,1.124168796969326,0.004241441338440674,500,0.4936080653870641,0.002395844428649042,500,0.645230501613896,0.0026527347102424104,500,0.0434733221312418,0.000835795512742321,500,43.5015342346008,0.7888624500060523,500,0.0428164707033474,0.0007764394192973425,500,nan,nan,0,8.57133883914686,0.03849063808494997,500,6.573423632120899,0.05110366235004734,500,5.449225060550001,3.976032667870345e-17,500,7.606299212599997,1.1928098003611036e-16,500,1.1122440944882581,0.022337158169107328,500,2.13917716535448,0.020072792768079026,500,0.14622670807454038,0.0029366657220243997,500,0.28123757763973983,0.0026389696496321564,500
8,7,2,0.875,5.0,5.0,0.478592960005372,0.0011073411911501942,500,0.5284863109134239,9.487762838523627e-05,500,0.8164827426483601,0.005584013487347479,500,0.456916901155478,0.0024684707261729503,500,0.5862348063251059,0.0029175194072424944,500,0.0665805613543282,0.0012405665435637518,500,29.73537063931012,0.6736818358881993,500,0.029267097085933898,0.0006630726731183805,500,nan,nan,0,9.36079506366574,0.038204970036347395,500,6.346765606384221,0.05792749612320115,500,6.811531325689999,3.976032667870345e-17,500,7.606299212599997,1.1928098003611036e-16,500,0.982547244095092,0.023013957525598296,500,1.878862204724644,0.024144803706234123,500,0.1291754658384716,0.0030256445194079564,500,0.2470139751552642,0.003174316843365351,500
8,7,2,0.875,6.0,5.0,0.45928290886269996,0.001054561609997066,500,0.528821569017802,9.579302809243988e-05,500,0.556817256516682,0.004818968956470953,500,0.406265568896972,0.002450715175536154,500,0.5220144371284461,0.0029754542799395114,500,0.0970047278459468,0.001670658663049343,500,20.272526583554523,0.5206227463190759,500,0.01995327419641216,0.0005124239629128097,500,nan,nan,0,10.414777898848,0.032369370545004855,500,6.3818865729257,0.05391193349590942,500,8.17383759082,0.0,500,7.606299212599997,1.1928098003611036e-16,500,0.92529921259919,0.022997365835202975,500,1.710507874016622,0.02648900604250162,500,0.12164906832292519,0.0030234632102149562,500,0.2248804347825954,0.0034825090759805725,500
8,7,2,0.875,7.0,5.0,0.44502554817709794,0.0010693607131743433,500,0.528046363996034,0.00013548320889186156,500,0.369542351595506,0.004160225911802126,500,0.36055841404949,0.0026904295399856207,500,0.47164123664829194,0.003307884523226379,500,0.1263692181538476,0.0022049721214580094,500,15.81896955597996,0.51155301953438,500,0.01556985192517752,0.0005034970664708436,500,nan,nan,0,11.59203070370742,0.030419583364611313,500,6.50766823638874,0.055717950144602034,500,9.536143855960002,7.95206533574069e-17,500,7.606299212599997,1.1928098003611036e-16,500,0.9158385826779799,0.02275136963618421,500,1.6749803149616742,0.026070396323549523,500,0.1204052795030594,0.002991122095022632,500,0.22020962732915542,0.0034274744648950463,500
8,7,2,0.875,8.0,5.0,0.441896474546122,0.0012091796206254953,500,0.5258558078969721,0.0001867540010961142,500,0.22848279294229598,0.003327484119482646,500,0.34336248775483796,0.003024147035493489,500,0.45686959522746806,0.003708316379058925,500,0.13488989672679663,0.002603710729940097,500,15.42854401956684,0.5070727628422855,500,0.01518557482240822,0.000499087365002389,500,nan,nan,0,12.658853493958201,0.02804941789316705,500,6.3407590430351,0.05763769171813539,500,10.898450121100002,7.95206533574069e-17,500,7.606299212599997,1.1928098003611036e-16,500,0.9230433070873101,0.02235523943054032,500,1.719413385827804,0.02586096243315663,500,0.121352484471985,0.0029390428650882885,500,0.2260512422360122,0.00339994019566183,500
8,7,2,0.875,9.0,5.0,0.43553240643171803,0.001196834471986716,500,0.523509208133112,0.00019703229718463352,500,0.14318586438044298,0.0020153344076243988,500,0.323526664087168,0.003221973291095581,500,0.43910002315584,0.003817889863476757,500,0.1450862833032876,0.0028971607449423263,500,14.27348550516118,0.5006679397937478,500,0.014048706205868818,0.0004927834053089034,500,nan,nan,0,13.828482476796601,0.024838978550600806,500,6.29619471741942,0.05603074917420679,500,12.2607563862,0.0,500,7.606299212599997,1.1928098003611036e-16,500,0.9560196850401039,0.023331111891610884,500,1.741925196851558,0.026827358399997392,500,0.1256878881986948,0.003067340797340471,500,0.229010869565202,0.0035269922534153335,500
8,7,2,0.875,10.0,5.0,0.43103011890418996,0.0011447301622123692,500,0.5215441093731461,0.00020353669606957328,500,0.0997997400657692,0.0012133753994505588,500,0.30417090699085997,0.0033669523393775012,500,0.41988348469646,0.0038730749257433307,500,0.1586722960536946,0.0032338468535604735,500,12.64654601997686,0.3987960663265121,500,0.01244738781493794,0.00039251581331354484,500,nan,nan,0,15.0978362294506,0.022832801155285947,500,6.41206685685232,0.0548703792101174,500,13.623062651400003,1.590413067148138e-16,500,7.606299212599997,1.1928098003611036e-16,500,0.9138070866150081,0.023263854855058372,500,1.67044488189089,0.02685186984498626,500,0.1201381987577112,0.0030584985161369715,500,0.2196133540372486,0.0035302147725781545,500
8,8,2,1.0,1.0,5.0,0.498697027052456,0.0013520025347719975,500,0.636759580200636,0.00016205109815800272,500,1.75920174211008,0.0040128244136382555,500,0.532783047294744,0.0030261509763783593,500,0.743701159024234,0.0037308533543919695,500,0.0199539943746759,0.0008228843518471512,500,110.91208029193413,3.0387957314689884,500,0.10019158111285986,0.0027450729281560554,500,nan,nan,0,6.62376636562176,0.056692848753202414,500,6.470997996262921,0.05829720213559997,500,1.38145139069,0.0,500,7.718157181570001,7.95206533574069e-17,500,1.940130081300448,0.03233463329421175,500,3.6344281842813437,0.04706508339427677,500,0.25137219101120256,0.004189424046895521,500,0.470893258426854,0.0060979690212344855,500
8,8,2,1.0,2.0,5.0,0.5062109057885661,0.0012225496822598411,500,0.6405279923476361,0.00015572602650666792,500,1.6214622854697,0.0026364330219301943,500,0.549643521525878,0.0026077236212400717,500,0.749879937081844,0.003187588903503531,500,0.01794027396448652,0.000635098126677076,500,110.1335404682128,2.477290619668965,500,0.09948829310586521,0.0022378415715165476,500,nan,nan,0,6.974019362839581,0.05244708078233598,500,6.38032564198756,0.05780480666499837,500,2.76290278138,0.0,500,7.718157181570001,7.95206533574069e-17,500,1.7240216802162758,0.019183467397201958,500,3.2374092140922004,0.026253212262641587,500,0.22337219101119177,0.0024854984092545795,500,0.419453651685312,0.00340148712250969,500
8,8,2,1.0,3.0,5.0,0.501874827711718,0.001336122052522284,500,0.644206312964252,0.00013953390717849127,500,1.4123110213871601,0.002996727904226821,500,0.5401222434295021,0.0027477156662424865,500,0.7185286141549421,0.003173336487398422,500,0.023940472778845378,0.0007248816348710181,500,84.4467030178834,1.7835326147816577,500,0.0762842845690032,0.0016111405734252672,500,nan,nan,0,7.76266809560368,0.04750572403304622,500,6.52441869774154,0.05735389610219059,500,4.144354172070001,3.976032667870345e-17,500,7.718157181570001,7.95206533574069e-17,500,1.4907533875333758,0.02270373228094112,500,2.7389376693761798,0.015129425240568014,500,0.1931488764044178,0.0029416001445464446,500,0.35486938202240403,0.0019602380315220697,500
8,8,2,1.0,4.0,5.0,0.498686719274752,0.0012326353948877834,500,0.6476750561283359,0.00012569458759568037,500,1.1841706184522582,0.0038726006509979013,500,0.523022510753524,0.002392876496164535,500,0.674217103963352,0.0026749536398241146,500,0.034217372198042835,0.0007339240761349216,500,56.8719965278242,1.0302605860092127,500,0.0513748839456388,0.000930678036141987,500,nan,nan,0,8.60266256116512,0.04350571254557352,500,6.535999493937699,0.058307240346380906,500,5.52580556276,0.0,500,7.718157181570001,7.95206533574069e-17,500,1.260379403793748,0.022261637441181155,500,2.295761517614992,0.01874004247187605,500,0.1633005617976902,0.0028843203004909326,500,0.29744943820218916,0.00242804623318876,500
8,8,2,1.0,5.0,5.0,0.48479643101430203,0.0010471057897684108,500,0.650635579298202,0.00010551376370622356,500,0.9299117869765859,0.0041917215417124065,500,0.48219202451712395,0.0022833591507637643,500,0.607518467523334,0.0025342158080830486,500,0.05577060038140954,0.0009835483997343005,500,35.1441663865566,0.671210599957364,500,0.03174721444133553,0.0006063329719582176,500,nan,nan,0,9.526715718843661,0.036734132850197034,500,6.4926711186296595,0.05603256234823123,500,6.907256953450001,3.976032667870345e-17,500,7.718157181570001,7.95206533574069e-17,500,1.074504065040502,0.0231592707312644,500,1.9877289972893082,0.02207906351952437,500,0.13921769662917097,0.003000621804717969,500,0.25753932584266875,0.0028606651821317212,500
8,8,2,1.0,6.0,5.0,0.46827090357428997,0.0009211075265396685,500,0.6529419386458339,9.790213719216769e-05,500,0.675156786882952,0.004170877701591576,500,0.435205940532542,0.0023255966730674374,500,0.544001047572586,0.002578972768253708,500,0.0814761640308298,0.0013706051969223335,500,23.56502747561358,0.47445941022022864,500,0.0212872876925136,0.0004285992865583686,500,nan,nan,0,10.57137173356458,0.03282326874470983,500,6.48608578383556,0.05518254709228166,500,8.288708344140002,7.95206533574069e-17,500,7.718157181570001,7.95206533574069e-17,500,1.018926829267976,0.022980857577876653,500,1.8414308943082802,0.02496920230128344,500,0.132016853932551,0.0029775057746621067,500,0.23858426966290577,0.003235124876818871,500
8,8,2,1.0,7.0,5.0,0.448894081837528,0.0009207196628381454,500,0.654877530186476,9.717513742963033e-05,500,0.46189090673847,0.004303724306081433,500,0.38767991137358193,0.0023558763507039765,500,0.489137461528136,0.0026076091274153607,500,0.1069372698786664,0.001769325166661847,500,17.0827468731415,0.35307450213324665,500,0.015431568991094618,0.000318947156398602,500,nan,nan,0,11.683958700508661,0.03094004159893998,500,6.46972294286128,0.0570355242392603,500,9.670159734829998,7.95206533574069e-17,500,7.718157181570001,7.95206533574069e-17,500,1.01710569105661,0.0228711281793065,500,1.832520325202692,0.024088591962621798,500,0.1317808988763514,0.0029632887282873923,500,0.23742977528091216,0.0031210289445992583,500
8,8,2,1.0,8.0,5.0,0.43723047953498395,0.0009066147660645866,500,0.656572066618554,8.212089202703617e-05,500,0.29749018980432196,0.004042132986558614,500,0.353634959180374,0.0027437079790448527,500,0.45402230126770804,0.002931504796918345,500,0.12555469358330582,0.0022134533028419145,500,14.502512403016858,0.34492769761077974,500,0.0131007338780647,0.0003115878027198298,500,nan,nan,0,12.824535002628,0.028759068561561484,500,6.409486639844081,0.057708157782356315,500,11.0516111255,0.0,500,7.718157181570001,7.95206533574069e-17,500,1.0271219512192982,0.022488511298356814,500,1.838439024389722,0.0258574496938181,500,0.1330786516853632,0.002913715122575237,500,0.23819662921347975,0.0033502103009221875,500
8,8,2,1.0,9.0,5.0,0.43335494534648605,0.0009865313491229163,500,0.657695997328156,5.7096760872830246e-05,500,0.1873625117905636,0.0030690593527842305,500,0.329993527703676,0.003101358966405259,500,0.430891509034482,0.003232040291999015,500,0.13916315301118617,0.002600328031310204,500,13.262930667787579,0.35684582273486065,500,0.0119809671795729,0.0003223539500767537,500,nan,nan,0,14.027011031729801,0.02656721280948956,500,6.3852481361971805,0.059335055773530904,500,12.433062516200001,7.95206533574069e-17,500,7.718157181570001,7.95206533574069e-17,500,1.018016260162302,0.02292609476556831,500,1.843447154470668,0.026582598842297935,500,0.13189887640445802,0.002970410452421201,500,0.23884550561796158,0.0034441639651732006,500
8,8,2,1.0,10.0,5.0,0.428335442047048,0.0010050044968332463,500,0.658397022035414,3.200706762030693e-05,500,0.1189066094083714,0.0017846558513140065,500,0.31559696205458,0.0032008778642401946,500,0.416913432340738,0.0032246031303484143,500,0.1453619047311358,0.002765395380455551,500,12.378061484975598,0.32301906582834367,500,0.01118162735770046,0.000291796807433002,500,nan,nan,0,15.257119796488,0.02303458390438873,500,6.37729900703892,0.05544017359145336,500,13.814513906900002,7.95206533574069e-17,500,7.718157181570001,7.95206533574069e-17,500,1.042146341463144,0.023794535159662913,500,1.8853333333325482,0.025453171364392208,500,0.13502528089884402,0.0030829295905609334,500,0.24427247191009735,0.0032978301381553945,500
8,4,2,0.5,1.0,6.0,0.437877984496754,0.0016573546724491608,500,0.19347385629982397,0.00019181056845040922,500,1.075600320412624,0.005974807214159701,500,0.269774023834762,0.002880498650539563,500,0.545682400332182,0.0049166130644326305,500,0.12951099036481103,0.0032647061471864827,500,14.601592876487299,0.4542603481916047,500,0.05489320630258122,0.0017077456698929038,500,nan,nan,0,6.59818442214224,0.054897002666220704,500,6.4882907907741405,0.05596307605284307,500,1.17437046035,0.0,500,5.894736842110002,7.95206533574069e-17,500,1.036390977443592,0.02212231796358433,500,2.049127819548964,0.035073977635699916,500,0.175816326530575,0.003752893225964308,500,0.3476198979591578,0.005950049777483739,500
8,4,2,0.5,2.0,6.0,0.445373861672128,0.0017201735333734493,500,0.19677605083327002,0.00021700979003585818,500,1.0360604481548221,0.005061795510902725,500,0.27680304068593,0.0027364257966843277,500,0.5444191562536019,0.004387020715288582,500,0.1298709244655324,0.002837992738720775,500,14.062299129109581,0.35877274488772404,500,0.0528657861996652,0.0013487697176232248,500,nan,nan,0,6.96083158437064,0.05090017710693697,500,6.538025984421179,0.05452715025077889,500,2.34874092071,0.0,500,5.894736842110002,7.95206533574069e-17,500,0.9804812030074939,0.018437949288092816,500,1.91816541353386,0.023521366574357272,500,0.16633163265302842,0.0031278663970866634,500,0.325403061224459,0.0039902318295808115,500
8,4,2,0.5,3.0,6.0,0.44256453479381197,0.001682972907351841,500,0.202220840839842,0.0002352012796430273,500,0.9139317111348519,0.004138107956242949,500,0.27199799674777597,0.0025029304365986184,500,0.5206662954358101,0.0037051441986475763,500,0.14365181965690776,0.0025741500740132438,500,11.813413380518199,0.23633110390027284,500,0.044411328498189004,0.0008884627966174874,500,nan,nan,0,7.4249678704096205,0.04861414559170315,500,6.50566406052986,0.05615383689142079,500,3.52311138106,0.0,500,5.894736842110002,7.95206533574069e-17,500,0.9018345864658854,0.019866289917335096,500,1.752165413533898,0.019054331266700475,500,0.15298979591834339,0.0033701741824062104,500,0.297242346938762,0.0032324311970294266,500
8,4,2,0.5,4.0,6.0,0.43817217068565595,0.0015182203602517282,500,0.208646256516218,0.0002768829595680969,500,0.73812465452377,0.005228618638280719,500,0.254879231060316,0.002163381237963527,500,0.477667444122166,0.00304960684731654,500,0.1734480244467336,0.0024588481288588333,500,9.0721742676168,0.14925503213961414,500,0.034105918299308,0.0005611091433818538,500,nan,nan,0,8.03237517285566,0.04800869352350608,500,6.46397446868086,0.060390543055259226,500,4.69748184142,0.0,500,5.894736842110002,7.95206533574069e-17,500,0.8244060150375023,0.0194719120252796,500,1.531984962406108,0.02026659049960994,500,0.13985459183672533,0.0033032707900014315,500,0.25989030612244246,0.0034380823168988304,500
8,4,2,0.5,5.0,6.0,0.42789399637908004,0.001369411050601075,500,0.214897581872748,0.00028715313205203836,500,0.532481777677566,0.0053882163144481415,500,0.23020575420538603,0.0019344426379371104,500,0.427843733868176,0.0027793061300564405,500,0.21650423542900818,0.0027931480841388158,500,6.92969670045796,0.11996367770520636,500,0.0260514913551058,0.000450991269568294,500,nan,nan,0,8.802609336497538,0.043246286015728684,500,6.492373229738379,0.05988669844649553,500,5.87185230177,0.0,500,5.894736842110002,7.95206533574069e-17,500,0.671127819548884,0.01987472677702264,500,1.325714285714236,0.023103665690442046,500,0.11385204081633603,0.0033716054353875678,500,0.2248979591836874,0.003919371858198954,500
8,4,2,0.5,6.0,6.0,0.422103401781956,0.0013084375156485356,500,0.220367168760462,0.0002571484220006519,500,0.35261002056181395,0.00458244034572576,500,0.20258247287231199,0.0017436602811435739,500,0.380770189427726,0.0025994489874064867,500,0.26214774376084476,0.003108713585954905,500,5.44170273263616,0.08699229618018968,500,0.020457529070061042,0.00032703870744461264,500,nan,nan,0,9.66198320428788,0.03695201120555715,500,6.54643949408096,0.055375459061775656,500,7.04622276213,0.0,500,5.894736842110002,7.95206533574069e-17,500,0.6034887218047359,0.01875667713637516,500,1.195849624060609,0.022448775929603128,500,0.10237755102044117,0.0031819362999189376,500,0.20286734693878936,0.0038082744880533082,500
8,4,2,0.5,7.0,6.0,0.415168902038326,0.0014078488631295415,500,0.225525280141076,0.00026536471640378393,500,0.2216239200387362,0.0036145455609746116,500,0.18875055490998,0.00197798294617268,500,0.358086280716312,0.00304529711208982,500,0.2853002253412784,0.0038722665516235702,500,5.0407940928368795,0.09780437453611254,500,0.01895035373247064,0.0003676856185567997,500,nan,nan,0,10.52104604634448,0.036257015201641915,500,6.4778002662656595,0.060198930321604026,500,8.220593222480002,7.95206533574069e-17,500,5.894736842110002,7.95206533574069e-17,500,0.6218345864663938,0.020124583450213257,500,1.1607819548876892,0.024517138527389817,500,0.1054897959183913,0.0034139918353026963,500,0.19691836734696272,0.004159157428748913,500
8,4,2,0.5,8.0,6.0,0.41339291739677403,0.0013478617220461782,500,0.229822285378932,0.0002418396662605515,500,0.1429403135168886,0.0027078905402054807,500,0.1739800509904228,0.001981554053661964,500,0.33608575424550996,0.003060816670095493,500,0.308915202994455,0.004267701401634107,500,4.58027645127278,0.09010211733621222,500,0.017219084403280762,0.0003387297644216991,500,nan,nan,0,11.475733178392879,0.032310003288762254,500,6.49975878034822,0.05838798770647345,500,9.39496368283,0.0,500,5.894736842110002,7.95206533574069e-17,500,0.5963308270679969,0.019426739516837363,500,1.1195789473689162,0.02490980684783715,500,0.10116326530617009,0.003295607596604196,500,0.1899285714286154,0.004225770804540228,500
8,4,2,0.5,9.0,6.0,0.40858620131314205,0.0013443516426852025,500,0.233326383284228,0.00021000352300498356,500,0.09168194199923761,0.0018010085737173375,500,0.163975232017017,0.001954331347216731,500,0.32098044521899205,0.002948260622321568,500,0.323707497427208,0.004380076216648995,500,4.25617670649834,0.07543141229201236,500,0.01600066431014364,0.0002835767379398443,500,nan,nan,0,12.459245627101803,0.028754267306569273,500,6.507651202297339,0.05635967964862089,500,10.569334143199999,7.95206533574069e-17,500,5.894736842110002,7.95206533574069e-17,500,0.567518796992824,0.019463546342018783,500,1.1168120300758377,0.02405661085663017,500,0.09627551020413205,0.0033018516115904993,500,0.1894591836735039,0.0040810321988884605,500
8,4,2,0.5,10.0,6.0,0.411038976455886,0.001313455696093714,500,0.236112722723964,0.00017080645417406212,500,0.0652179798066944,0.0012747052340133641,500,0.1598866645837628,0.0021583425816617597,500,0.3140135865569901,0.0032192939787345945,500,0.33106799054920416,0.004768683875634653,500,4.24179526369024,0.08827760534709031,500,0.01594659873567714,0.0003318706967936349,500,nan,nan,0,13.4824856837184,0.026457543740499898,500,6.52981884870282,0.05615589894723591,500,11.743704603499996,1.590413067148138e-16,500,5.894736842110002,7.95206533574069e-17,500,0.6185263157897726,0.021290121752356714,500,1.1346466165418123,0.025392287336288948,500,0.10492857142859424,0.00361171708298597,500,0.1924846938775893,0.004307620173117321,500
8,5,2,0.625,1.0,6.0,0.45274224199697005,0.0016858235344674047,500,0.291301022503768,0.00015334642986072664,500,1.33449181958492,0.006401486465336932,500,0.351322655469592,0.0033653063723713215,500,0.59895284015115,0.004908396922925411,500,0.07784993433664002,0.0023344319473252912,500,28.11127380562586,0.9528104854852882,500,0.0557763369159324,0.0018904969950112095,500,nan,nan,0,7.1178965210731,0.059543157143691926,500,7.0010720490953,0.060644515689036296,500,1.2583276828999996,1.9880163339351726e-17,500,6.69841269841,0.0,500,1.303238095238232,0.024031009398026437,500,2.521738095238238,0.03842710203208122,500,0.1945592417061734,0.003587567753734078,500,0.3764680094786752,0.005736747459766985,500
8,5,2,0.625,2.0,6.0,0.45379191064947405,0.0016392197198029773,500,0.295593583632248,0.0001973850588327515,500,1.24704529971071,0.005410257111132755,500,0.34899355681354804,0.003340522172065362,500,0.582286591149584,0.0045918163989753895,500,0.0861225135423812,0.002441480044372232,500,24.247122978715836,0.7054410655620329,500,0.04810937098951814,0.001399684653892947,500,nan,nan,0,7.54569288677832,0.055827762340789316,500,7.0978131195118,0.059729326285380684,500,2.51665536579,0.0,500,6.69841269841,0.0,500,1.1757063492063407,0.019676794441117418,500,2.2339682539682797,0.024923107137278938,500,0.17552014218011622,0.0029375309236746748,500,0.3335071090047514,0.0037207482219179526,500
8,5,2,0.625,3.0,6.0,0.45604734658065604,0.0016161685537542485,500,0.301067230254278,0.0001891642166620109,500,1.107285472598382,0.0034821256414452185,500,0.347422223197808,0.0031759190426535145,500,0.562010547271198,0.004077546343990241,500,0.0955310345453054,0.0022117686262770483,500,20.30755924508796,0.4975035511364496,500,0.04029277627993872,0.000987110220508844,500,nan,nan,0,8.003376311942901,0.05180491561775945,500,7.0252309323683,0.05987389237993266,500,3.7749830486899993,1.9880163339351726e-17,500,6.69841269841,0.0,500,1.044444444444443,0.020101085421209364,500,1.9905000000003519,0.019220330147676868,500,0.1559241706160898,0.003000872942029068,500,0.29715995260665395,0.0028693857803382444,500
8,5,2,0.625,4.0,6.0,0.447248510044692,0.0014451858566458496,500,0.30496566438294,0.000178750750784231,500,0.92028517784817,0.0038587283518041015,500,0.325054913799776,0.002490297820558038,500,0.513706823916448,0.0030702774297437932,500,0.1202526875801998,0.001859740652766835,500,14.21383210354698,0.27780359147128936,500,0.028202047824499622,0.00055119760212558,500,nan,nan,0,8.79458995404418,0.04663584815667058,500,7.16882642787632,0.058433104968307274,500,5.03331073159,0.0,500,6.69841269841,0.0,500,0.8767142857144757,0.02161960527333925,500,1.7277777777777639,0.02083375480695883,500,0.13088388625592484,0.0032275714033668263,500,0.2579383886256022,0.0031102524948762667,500
8,5,2,0.625,5.0,6.0,0.43634130656650805,0.0011784395291858881,500,0.30721758083363193,0.00017099287256941483,500,0.6975660366620801,0.004651319190016439,500,0.29685209684259,0.00216123214362054,500,0.46380495109017206,0.0027484768667352913,500,0.1561849376087996,0.0020954386675895932,500,10.4438745802351,0.19673593114426327,500,0.020721973373483738,0.00039034906973067887,500,nan,nan,0,9.507506696811939,0.042407845498574966,500,7.0729227168218,0.05800884715443075,500,6.29163841448,0.0,500,6.69841269841,0.0,500,0.7631746031747466,0.018903945025419686,500,1.4703571428569222,0.02074138959437625,500,0.1139336492890944,0.00282215293033556,500,0.219508293838869,0.003096463375466612,500
8,5,2,0.625,6.0,6.0,0.427253972613908,0.0010282707582355704,500,0.30700907816881,0.0001713493025323092,500,0.479836969969944,0.0041938859357412385,500,0.26136622373405205,0.0020076206695652395,500,0.41262532681137004,0.0026834190290457006,500,0.19978263474331562,0.0026729706396955016,500,7.902263598385221,0.14828529616764083,500,0.01567909444123924,0.00029421685747543,500,nan,nan,0,10.446282109421519,0.039416626070197476,500,7.15622408222304,0.05813673775397995,500,7.549966097379999,3.976032667870345e-17,500,6.69841269841,0.0,500,0.6993015873016811,0.020657292885023985,500,1.3235158730158922,0.023100174160498824,500,0.1043981042654056,0.0030839086534508063,500,0.1975864928909064,0.0034486041993190514,500
8,5,2,0.625,7.0,6.0,0.42000915932154204,0.0010421220861875462,500,0.30499429050618,0.00020772721185812395,500,0.322740675053008,0.0036118682400414093,500,0.23297842606398803,0.0020120944628598835,500,0.377066721159802,0.002897760000837618,500,0.23580338024311298,0.0032685923200540833,500,6.75547747367096,0.14280470094222497,500,0.01340372514617224,0.00028334266059962064,500,nan,nan,0,11.39580748709128,0.03684012661690865,500,7.1532217066917205,0.05984362467640957,500,8.808293780279998,7.95206533574069e-17,500,6.69841269841,0.0,500,0.6352142857143742,0.019481689784839853,500,1.2280396825399627,0.02394249382290236,500,0.09483056872038721,0.00290840392522442,500,0.1833329383884718,0.003574353343229393,500
8,5,2,0.625,8.0,6.0,0.41752394133666804,0.0010386286065388439,500,0.301455590944248,0.000241911147173655,500,0.20548672792289618,0.0029446284202811726,500,0.217163750208684,0.002096682783722397,500,0.36214636061919,0.0031274415392622368,500,0.25047016192959903,0.003623956006085087,500,6.53722559040994,0.17233821619128606,500,0.01297068569525832,0.0003419409051414887,500,nan,nan,0,12.2837861258138,0.03468622973808871,500,6.94323349310114,0.06245490067279603,500,10.066621463199997,1.590413067148138e-16,500,6.69841269841,0.0,500,0.6368333333334096,0.02012596406935609,500,1.2461666666668223,0.025340410477958507,500,0.09507227488151941,0.0030045870530071924,500,0.18603909952592163,0.0037830470618752266,500
8,5,2,0.625,9.0,6.0,0.413765407804614,0.0010799079408722353,500,0.29878307960291,0.00022886143991396722,500,0.14216266699002397,0.0024048787004060553,500,0.206625430096752,0.002126743577776269,500,0.350163623035056,0.0031320343881086066,500,0.2587708259541178,0.0037712232400436557,500,6.2621279806081205,0.14967105277259823,500,0.01242485710437958,0.00029696637454868017,500,nan,nan,0,13.3893033101534,0.03397818024137811,500,7.033578262612981,0.0652396636587597,500,11.324949146100002,7.95206533574069e-17,500,6.69841269841,0.0,500,0.7012380952381998,0.02008732271726612,500,1.288595238095448,0.023935558656408448,500,0.10468720379148622,0.0029988183203497366,500,0.1923732227486828,0.0035733179984684836,500
8,5,2,0.625,10.0,6.0,0.41418735362389,0.0010747956797366963,500,0.296348534980086,0.00018187343452719478,500,0.09788183911236101,0.0016604159944388801,500,0.19302700933895697,0.002361368275040525,500,0.334614419538736,0.0034408790635928753,500,0.2786372395854056,0.004368421222323802,500,5.979144471326819,0.17309413332113355,500,0.011863381887553339,0.00034344074071662435,500,nan,nan,0,14.4927634895276,0.029056122720773694,500,7.089487614505581,0.06108222469041482,500,12.583276829000003,7.95206533574069e-17,500,6.69841269841,0.0,500,0.6686190476191819,0.021176623098405047,500,1.2435476190478183,0.0262712938808182,500,0.0998175355450326,0.003161438993363056,500,0.1856481042652554,0.003922017806850671,500
8,6,2,0.75,1.0,6.0,0.461236261235638,0.0016655012513000621,500,0.397605801633426,0.00014787869131779855,500,1.5276582943623997,0.006553148336188734,500,0.40894550938661,0.003799305592452673,500,0.629193474147022,0.004936337809702146,500,0.05581889640125108,0.0019058860917521494,500,43.556880810447616,1.5479034032138412,500,0.05555724593169284,0.001974366585731217,500,nan,nan,0,7.5095364396242,0.06241537391024556,500,7.3851170228485,0.06361441478387808,500,1.33333333333,0.0,500,7.26530612245,0.0,500,1.442357142857162,0.026385132395408243,500,2.765295918367532,0.04070726272408748,500,0.1985266853932664,0.00363166148138872,500,0.38061657303373303,0.005602965936741212,500
8,6,2,0.75,2.0,6.0,0.46580718482006206,0.0015790278038330112,500,0.401527508430706,0.00017301552891006003,500,1.4329788731633657,0.004968047319621863,500,0.414700679021836,0.0036171036769416264,500,0.6216008198688819,0.004551942548632309,500,0.05823347571886654,0.0018103215253379506,500,39.7339700553817,1.252835321752483,500,0.050681084254314585,0.0015980042369294896,500,nan,nan,0,7.925253999837239,0.058851582600519925,500,7.445662615985641,0.06313358516421318,500,2.6666666666699994,1.9880163339351726e-17,500,7.26530612245,0.0,500,1.29476530612256,0.019440698249484384,500,2.4941020408165406,0.026374100326091634,500,0.178212078651721,0.00267582644445075,500,0.34328932584271304,0.0036301430224110337,500
8,6,2,0.75,3.0,6.0,0.467850717468776,0.0016414464284312225,500,0.40615077828228,0.0001649102252843706,500,1.2827647666013322,0.0029068159247172187,500,0.41480937055663797,0.003470298098299199,500,0.6027770551574161,0.004065372459892123,500,0.0646440878966158,0.0016425941903804948,500,32.814990129590676,0.8481086299916398,500,0.041855854757134284,0.0010817712117242907,500,nan,nan,0,8.49109820349072,0.05429588294804367,500,7.458761176309101,0.06229903684208235,500,4.0,0.0,500,7.26530612245,0.0,500,1.156408163265066,0.019339404978858978,500,2.2226632653062404,0.017226693277573733,500,0.1591685393258598,0.0026618843931579496,500,0.305928370786546,0.002371089805058948,500
8,6,2,0.75,4.0,6.0,0.462026330778918,0.0014384753514052175,500,0.41034928553299604,0.0001783187954237035,500,1.076882385495122,0.0036375737167440485,500,0.39853082946479995,0.0031589766978312238,500,0.563311636111834,0.0034871204970201375,500,0.0821720830387816,0.0016211679612537627,500,23.9914934543691,0.5515721767000019,500,0.03060139471220378,0.000703535939668373,500,nan,nan,0,9.141244004184498,0.054746729209878164,500,7.36086490445928,0.0698003211731976,500,5.333333333330001,3.976032667870345e-17,500,7.26530612245,0.0,500,0.994826530612168,0.020517250935102965,500,1.944989795918608,0.02038416557148974,500,0.1369283707865368,0.0028240036399444952,500,0.26770926966297,0.00280568571068389,500
8,6,2,0.75,5.0,6.0,0.44851650162764,0.0011417471513456288,500,0.413378802765052,0.00016600490461529815,500,0.853134645420678,0.004251266898238124,500,0.35951072060852596,0.0025221490580254902,500,0.49955433894052004,0.0026996169052388914,500,0.1159878035807992,0.0016829661754792207,500,15.27378133223442,0.2767453800235513,500,0.0194818639441749,0.00035299155615239577,500,nan,nan,0,10.05723032362172,0.046051483567872066,500,7.467652560071739,0.0632431990412736,500,6.666666666669998,1.1928098003611036e-16,500,7.26530612245,0.0,500,0.8684387755101559,0.020197602222597776,500,1.639765306122082,0.022772053734338576,500,0.11953230337078599,0.002780007047491093,500,0.2256980337079196,0.0031343557106262,500
8,6,2,0.75,6.0,6.0,0.436292797562874,0.0009722256469231128,500,0.416759976691206,0.00017107365317855708,500,0.608809981369192,0.004557159338717153,500,0.31996782142804603,0.0022970231633216384,500,0.44316037979635,0.002601102247503651,500,0.1553233560180704,0.0021340421762171993,500,10.88627432507732,0.22060414991752644,500,0.0138855539860678,0.000281382844282612,500,nan,nan,0,10.936235114982221,0.04078914736200729,500,7.38248319233228,0.06219746693810406,500,8.0,0.0,500,7.26530612245,0.0,500,0.740316326530608,0.01993654113669465,500,1.4512959183673741,0.02292473283571209,500,0.10189747191013439,0.0027440744822959844,500,0.1997570224719962,0.003155370530760405,500
8,6,2,0.75,7.0,6.0,0.425951816182544,0.0009238889309152594,500,0.419963479856674,0.00018028004655243893,500,0.413026311234648,0.004165042673295714,500,0.28405618967919405,0.002326062016679784,500,0.39887287934549,0.002674458585002797,500,0.18988549794590723,0.002759323761437161,500,8.5476164224254,0.16870751242150042,500,0.010902571967378758,0.0002151881535987841,500,nan,nan,0,11.94298455824,0.039091603880099565,500,7.36427428649178,0.06415446468193176,500,9.33333333333,0.0,500,7.26530612245,0.0,500,0.737020408163234,0.01989863302652426,500,1.375030612245222,0.023470123425221007,500,0.10144382022473519,0.0027388567929751543,500,0.18925983146075942,0.0032304383366198778,500
8,6,2,0.75,8.0,6.0,0.41902631733801,0.0009143986547299786,500,0.422366759180068,0.00016860927772824742,500,0.275242428881044,0.003669552553970421,500,0.255200207843236,0.002507468087836685,500,0.366261823554678,0.00290943687189691,500,0.21859614615829004,0.0032843493076307796,500,7.37896058629356,0.1862325851086639,500,0.00941193952333342,0.00023754156263858906,500,nan,nan,0,13.062168174955199,0.036914082079970184,500,7.43421465646246,0.06722191546027907,500,10.6666666667,0.0,500,7.26530612245,0.0,500,0.7175102040816639,0.021036149753728063,500,1.355204081633106,0.025209291879238184,500,0.0987584269663184,0.002895425106551104,500,0.1865308988764818,0.003469818264276581,500
8,6,2,0.75,9.0,6.0,0.413683801312848,0.0009485500702357672,500,0.424505016561888,0.0001368326675635149,500,0.18689554913225118,0.0029446957035930087,500,0.23768567102826602,0.0025822555082145194,500,0.345828434124978,0.002999865153793924,500,0.23507758939521478,0.003588656999674997,500,6.74231115412292,0.1740150756565446,500,0.0085998866761774,0.00022195800466394828,500,nan,nan,0,14.2066451127678,0.03450549849600989,500,7.4925627716921195,0.06766048325589744,500,12.0,0.0,500,7.26530612245,0.0,500,0.7681122448979799,0.021239429434685653,500,1.3669489795920882,0.024659349334171528,500,0.10572331460675702,0.002923404613199355,500,0.1881474719102062,0.0033941239252096114,500
8,6,2,0.75,10.0,6.0,0.411175374395792,0.0009013306949303499,500,0.42615745171155006,0.00010359448185343223,500,0.1228548934320788,0.0020823074195240837,500,0.222962576679566,0.0026045774426021774,500,0.331312038675936,0.002954049710189809,500,0.24753302080569703,0.0038437952581160686,500,6.21716885708114,0.13744421920924713,500,0.007930062317706101,0.000175311504093423,500,nan,nan,0,15.3308175340648,0.031315161476789546,500,7.45620260338472,0.06564876254886662,500,13.3333333333,0.0,500,7.26530612245,0.0,500,0.754744897959152,0.02082068590926577,500,1.374591836734984,0.023976556481805616,500,0.10388342696632459,0.0028657685661621,500,0.18919943820233737,0.003300144010138618,500
8,7,2,0.875,1.0,6.0,0.47038112386507996,0.0016677371901877465,500,0.511877918331714,0.0001620871808357366,500,1.6357256404016398,0.006447416128894532,500,0.45557833251027,0.003863886498765961,500,0.657591058143886,0.004779355275833754,500,0.041744532735925856,0.0015776545122810047,500,61.87166153639374,2.297146279258827,500,0.06089730466181886,0.00226097074730305,500,nan,nan,0,7.7522656726777806,0.06799320676830045,500,7.625433851878021,0.06937190697982223,500,1.3623062651399995,1.9880163339351726e-17,500,7.606299212599997,1.1928098003611036e-16,500,1.6251496062993143,0.02802139123465066,500,3.095846456692966,0.043322510380955484,500,0.213658385093154,0.003683971725468127,500,0.40701086956527444,0.005695609542840075,500
8,7,2,0.875,2.0,6.0,0.473811386271466,0.0016550492050647634,500,0.515431026052584,0.0001625422049892081,500,1.5435292298852021,0.004928711388258139,500,0.461888924770398,0.00374617758234795,500,0.651797281325702,0.004516448097112406,500,0.043488789985102284,0.0014846446500489474,500,57.51143850350166,1.9123769511519926,500,0.05660574655855858,0.0018822607786926594,500,nan,nan,0,8.1930749346265,0.062224405113958554,500,7.7079665174545795,0.06673433149990965,500,2.724612530270001,3.976032667870345e-17,500,7.606299212599997,1.1928098003611036e-16,500,1.4053818897639538,0.020081436747901724,500,2.7056102362205,0.02830057430120273,500,0.18476552795034,0.0026401060734809025,500,0.35570652173915,0.0037206759174462276,500
8,7,2,0.875,3.0,6.0,0.47529723563827,0.0015933195744275799,500,0.519763386883606,0.0001600907416162466,500,1.38546775436276,0.003323098795974408,500,0.46334753353019,0.003642546775440935,500,0.6348020034648261,0.004089886347687381,500,0.048838892595764266,0.0014070864941721074,500,47.664806940914,1.32530116540413,500,0.04691418005995409,0.0013044302809095399,500,nan,nan,0,8.776076332774318,0.05645118830305801,500,7.732291540762261,0.06515681224508206,500,4.08691879541,0.0,500,7.606299212599997,1.1928098003611036e-16,500,1.29325984251967,0.022637616455069717,500,2.39851181102366,0.01851352626150765,500,0.17002484472051618,0.0029761669666606666,500,0.31533229813664004,0.002433972914295004,500
8,7,2,0.875,4.0,6.0,0.47447301655235397,0.0014842579444433277,500,0.52424546116816,0.00015182609365690255,500,1.163440688672064,0.004373463225409345,500,0.450221307374618,0.003343824793555661,500,0.598190746778758,0.003564695075161372,500,0.061637673852748806,0.0013964134424973912,500,34.312156533695905,0.8073706915965992,500,0.033771807611909656,0.0007946561925167252,500,nan,nan,0,9.3989439521846,0.05654022189056009,500,7.59601624843834,0.07137122964696004,500,5.449225060550001,3.976032667870345e-17,500,7.606299212599997,1.1928098003611036e-16,500,1.055787401575108,0.021382607664276153,500,2.043200787401688,0.019401963009048027,500,0.13880434782609022,0.002811170986917014,500,0.2686195652173818,0.002550775675101326,500
8,7,2,0.875,5.0,6.0,0.460897450016834,0.0012344083124863027,500,0.527064036747594,0.00012094295353479201,500,0.9244926023452,0.00552691113509749,500,0.413392791790812,0.00285381250231312,500,0.5383568412624099,0.0029997252353152057,500,0.08746036173087039,0.0014748844896006314,500,22.27410336318658,0.5075851420800919,500,0.0219233300818777,0.0004995916752754776,500,nan,nan,0,10.36261937187296,0.05033317751776715,500,7.73832560675964,0.06890816112399771,500,6.811531325689999,3.976032667870345e-17,500,7.606299212599997,1.1928098003611036e-16,500,0.983208661417646,0.022665443975724456,500,1.8060708661418938,0.023362265082467176,500,0.12926242236021762,0.0029798254502224016,500,0.2374440993788676,0.0030714365066986447,500
8,7,2,0.875,6.0,6.0,0.44652131774159,0.0010513763354210285,500,0.528942198929856,9.657704842248201e-05,500,0.6570848907928221,0.005211646238896366,500,0.36771759449433594,0.002687585412486892,500,0.476832106421396,0.0029286037788039624,500,0.12456911080297019,0.001959814424905618,500,15.19480424577286,0.42558717064712653,500,0.014955515989932418,0.000418885010479569,500,nan,nan,0,11.2944291210872,0.04302831379256428,500,7.721442582065361,0.06418440242922739,500,8.17383759082,0.0,500,7.606299212599997,1.1928098003611036e-16,500,0.834118110236758,0.02200466997800019,500,1.59499606299266,0.023857002489875025,500,0.109661490683181,0.0028929535064224853,500,0.20969409937884562,0.0031364796234065974,500
8,7,2,0.875,7.0,6.0,0.433911772853068,0.0010105463982250493,500,0.529377981398224,0.00010859860547732337,500,0.44462330283670404,0.004423547877355287,500,0.32771852791322,0.0026828310159480854,500,0.42996727903473003,0.003087749015136587,500,0.15752653446147458,0.002532895440918989,500,11.74581953322596,0.3483366306433197,500,0.01156084599726956,0.0003428510144127417,500,nan,nan,0,12.31020095040328,0.04078743933567904,500,7.69581637067346,0.06651294832443103,500,9.536143855960002,7.95206533574069e-17,500,7.606299212599997,1.1928098003611036e-16,500,0.7763385826778019,0.021207812056626866,500,1.453275590552144,0.024727371070467127,500,0.10206521739125342,0.0027881906119963645,500,0.1910621118012172,0.003250906962679851,500
8,7,2,0.875,8.0,6.0,0.427183998726886,0.00096098974300105,500,0.528530715861124,0.0001422070908976138,500,0.29535797463367,0.0037378749354734586,500,0.300325722249038,0.0028743296455367557,500,0.401883809944384,0.003388809675620407,500,0.178774476030199,0.003013666920568406,500,10.50189357188256,0.3465479021434479,500,0.0103365094211449,0.00034109045486560146,500,nan,nan,0,13.383258176240401,0.03699570480033541,500,7.66974697380852,0.06629831972911497,500,10.898450121100002,7.95206533574069e-17,500,7.606299212599997,1.1928098003611036e-16,500,0.8053464566935161,0.02184358547825833,500,1.476425196851682,0.025212126605135284,500,0.10587888198751802,0.0028717757305754305,500,0.1941055900620934,0.0033146377627839194,500
8,7,2,0.875,9.0,6.0,0.421605104504208,0.0010263774162270404,500,0.527163262773958,0.00017251561771327372,500,0.1958235981471684,0.0030411154909855583,500,0.278745288086734,0.0030018002085207772,500,0.381241336261008,0.0034996048858515123,500,0.1956134155782672,0.00343042772339757,500,9.45523597931234,0.2834358068608241,500,0.009306334625308282,0.00027897225084733157,500,nan,nan,0,14.5297594943968,0.03453017412519336,500,7.69354182541984,0.06628039231872238,500,12.2607563862,0.0,500,7.606299212599997,1.1928098003611036e-16,500,0.7926259842526121,0.02165308610371231,500,1.467673228347558,0.02617326032041735,500,0.10420652173907541,0.0028467307817472915,500,0.1929549689440866,0.0034409979924345797,500
8,7,2,0.875,10.0,6.0,0.41971737838567,0.0009840596602701153,500,0.5253507492930559,0.0001984229684637572,500,0.1273598732568238,0.001999451776924645,500,0.26595210975633404,0.003056070708135997,500,0.370090922816944,0.003483468096566397,500,0.2024081684273042,0.0035921277893430407,500,8.920097397113562,0.2507965320465576,500,0.008779623422353179,0.00024684698036059235,500,nan,nan,0,15.686788449447002,0.03161710960829455,500,7.67129567289418,0.06544957400332523,500,13.623062651400003,1.590413067148138e-16,500,7.606299212599997,1.1928098003611036e-16,500,0.806066929134596,0.022244592251240498,500,1.49887795275693,0.02508507545437435,500,0.1059736024844268,0.002924496082715453,500,0.1970574534161226,0.003297934350625383,500
8,8,2,1.0,1.0,6.0,0.476545172047876,0.001624570230169316,500,0.6337617878162721,0.00016345279468893417,500,1.68970556831728,0.006159650132237511,500,0.47550536041305996,0.0038702980666843216,500,0.6728323758489,0.004710881704836831,500,0.03683358775668802,0.0013976787723297118,500,72.26797385956908,2.6199635461542896,500,0.06528272254703547,0.0023667240706003886,500,nan,nan,0,7.85719481049034,0.06875076988754888,500,7.72862735261456,0.07012769774167876,500,1.38145139069,0.0,500,7.718157181570001,7.95206533574069e-17,500,1.6592953929535237,0.030074216205013802,500,3.1517398373980403,0.04583139638086958,500,0.214985955056174,0.0038965539956609158,500,0.408353932584179,0.005938126848499756,500
8,8,2,1.0,2.0,6.0,0.47940541333770403,0.0015696379785691637,500,0.637198907653964,0.00014777954892822946,500,1.5896755326594598,0.0050760669340668375,500,0.48268210590929,0.0038650702031248763,500,0.6684819205814699,0.004528536590997449,500,0.038776663934642304,0.0014909878043893202,500,67.35031267377032,2.135701210512668,500,0.0608403908525594,0.0019292693861911294,500,nan,nan,0,8.28550882793032,0.0608159207432851,500,7.793759636438981,0.06516396799172326,500,2.76290278138,0.0,500,7.718157181570001,7.95206533574069e-17,500,1.4336476964765739,0.022119001646594867,500,2.7863956639564322,0.030604154967970393,500,0.185749999999979,0.002865839749857271,500,0.3610182584268932,0.003965215303081781,500
8,8,2,1.0,3.0,6.0,0.482624287189666,0.0015586548460191144,500,0.6414877095325441,0.00014675672880898175,500,1.4334492089609998,0.0032612359013357204,500,0.490126608626564,0.0035539739876833416,500,0.659316637061688,0.0040087587174928545,500,0.04005322267862357,0.001270873307162048,500,59.19522951970331,1.6101807255750822,500,0.05347355873505908,0.0014545444675474748,500,nan,nan,0,8.8201162701,0.05903336946489424,500,7.749146369648659,0.06801647909453334,500,4.144354172070001,3.976032667870345e-17,500,7.718157181570001,7.95206533574069e-17,500,1.3064607046066319,0.02069303771978991,500,2.52367479674792,0.017802290200334133,500,0.1692710674156702,0.002681085294451864,500,0.326978932584218,0.0023065467289052947,500
8,8,2,1.0,4.0,6.0,0.480711745933992,0.001411458735092388,500,0.6454303437254061,0.00013904717358258008,500,1.23012763406061,0.003425436822784041,500,0.477181225883406,0.003158070517378433,500,0.623702997737912,0.0033476986640711276,500,0.0503732989424481,0.001160416320035797,500,42.510804364773804,0.9675527031484613,500,0.038401810627619,0.0008740313488238022,500,nan,nan,0,9.521293218784077,0.05347386745366359,500,7.69891545697796,0.06750738136218856,500,5.52580556276,0.0,500,7.718157181570001,7.95206533574069e-17,500,1.155479674796646,0.021243278569744246,500,2.175533875338654,0.01899642461537282,500,0.1497092696628622,0.0027523770337901723,500,0.2818721910111329,0.002461264284785019,500
8,8,2,1.0,5.0,6.0,0.46847015481192206,0.0012802176730474307,500,0.648344722267208,0.00013497503780075993,500,1.0009082484501621,0.004648538670858857,500,0.444793588888954,0.002895422977525553,500,0.5681504851110319,0.003007798470441331,500,0.0720099417621892,0.0012937116961399854,500,28.33132135413414,0.6112474940519033,500,0.025592882885398262,0.0005521657579511753,500,nan,nan,0,10.4190786096793,0.0516345159825812,500,7.72164746673744,0.07153563723966933,500,6.907256953450001,3.976032667870345e-17,500,7.718157181570001,7.95206533574069e-17,500,1.026287262872504,0.021749366318526357,500,1.918666666666012,0.022768776180022654,500,0.13297050561793258,0.0028179480939384337,500,0.24859129213475395,0.002950027531753042,500
8,8,2,1.0,6.0,6.0,0.454881256530954,0.001004036756656795,500,0.651084150451998,0.00011771892991757942,500,0.74375477043364,0.00456060843945467,500,0.4033682866314319,0.0026526068691639986,500,0.509736536054062,0.0027772629405985183,500,0.1011664818722148,0.0016938157948099162,500,19.137631844276505,0.3992616568377677,500,0.01728783364433028,0.0003606699700431834,500,nan,nan,0,11.29816589928772,0.043870455849920616,500,7.5969200690875605,0.06629405509638488,500,8.288708344140002,7.95206533574069e-17,500,7.718157181570001,7.95206533574069e-17,500,0.905831978319712,0.02288201961149395,500,1.702948509484584,0.02521377164010658,500,0.1173637640449178,0.0029646998724161284,500,0.2206418539325506,0.003266812407025974,500
8,8,2,1.0,7.0,6.0,0.439726238361148,0.0008975073247540875,500,0.652987235131612,0.00011148638354508395,500,0.532314646073246,0.00433586663106957,500,0.353858311932702,0.0026202489434489543,500,0.451182918577544,0.002801887495240985,500,0.136471017265239,0.002168227866362959,500,13.573423874181401,0.32476257439631545,500,0.01226144884749754,0.00029337179258936844,500,nan,nan,0,12.4512025373246,0.04142105738216146,500,7.74960501854932,0.0681889053290858,500,9.670159734829998,7.95206533574069e-17,500,7.718157181570001,7.95206533574069e-17,500,0.83317073170701,0.02195231652980564,500,1.584379403793522,0.02607286213828945,500,0.1079494382022178,0.002844243258252107,500,0.2052794943819904,0.0033781201295773884,500
8,8,2,1.0,8.0,6.0,0.427775235970164,0.0007984274782254959,500,0.654579977531666,0.0001070974970442617,500,0.36649366761503993,0.004083171048698588,500,0.31383123659884,0.0026092918362150418,500,0.408888108023996,0.0027813401414997427,500,0.1649265486172524,0.002593901090354414,500,10.713493731162957,0.25746752915092574,500,0.00967795278334636,0.00023258132714639126,500,nan,nan,0,13.590763246667601,0.03635795043327822,500,7.81992097593116,0.06455026263540592,500,11.0516111255,0.0,500,7.718157181570001,7.95206533574069e-17,500,0.867317073170454,0.022003112730274492,500,1.5725528455278561,0.025381793151510464,500,0.1123735955055842,0.002850824647989382,500,0.20374719101119917,0.0032885820480748813,500
8,8,2,1.0,9.0,6.0,0.4204787742949341,0.0008284557202378074,500,0.656262804787104,9.219412653936119e-05,500,0.24325062401262523,0.0034659261247582287,500,0.287397839406332,0.002622934449386815,500,0.383217711989604,0.002766538969224074,500,0.181990213827572,0.00283756805210943,500,9.32031254374978,0.22860277434467152,500,0.00841943319218732,0.00020650657122378823,500,nan,nan,0,14.690907162827399,0.032613719825281905,500,7.731067231319041,0.06335751067669909,500,12.433062516200001,7.95206533574069e-17,500,7.718157181570001,7.95206533574069e-17,500,0.8308943089428361,0.022371939664371274,500,1.562991869918192,0.025177434501842608,500,0.1076544943819806,0.002898611564660162,500,0.20250842696627097,0.0032621043999956694,500
8,8,2,1.0,10.0,6.0,0.41669301617140797,0.0009074319865052441,500,0.657355339497996,7.559186122754378e-05,500,0.162129472817451,0.0027735405977048788,500,0.27063180989018,0.0030565254180356678,500,0.36669761098845005,0.0031777965326480573,500,0.19577385725931623,0.0033619698960959113,500,8.895778732610719,0.24797960464974722,500,0.008035933814463039,0.0002240104829717876,500,nan,nan,0,15.8997105599936,0.03373767250896268,500,7.749798018612961,0.07033571259983709,500,13.814513906900002,7.95206533574069e-17,500,7.718157181570001,7.95206533574069e-17,500,0.846373983739662,0.022554496650511537,500,1.571186991869568,0.02663723621419955,500,0.1096601123595238,0.0029222644887781928,500,0.20357022471907554,0.0034512430347774683,500
8,4,2,0.5,1.0,7.0,0.426559154732838,0.0014828233346901895,500,0.19147791469687,0.000190520531584938,500,0.9925994420174999,0.0066191350822226635,500,0.2373537790856562,0.0026892963446903126,500,0.483600699770818,0.004599951971892822,500,0.16835673188904962,0.0038319322741802997,500,10.269354548446362,0.2949031715720875,500,0.03860659604678811,0.0011086585397444468,500,nan,nan,0,7.837747914120079,0.06257626696083816,500,7.74603355061188,0.06337358496093676,500,1.17437046035,0.0,500,5.894736842110002,7.95206533574069e-17,500,0.950060150375848,0.020715760606537636,500,1.845458646616646,0.032590360874675955,500,0.16117091836732622,0.003514280817180703,500,0.31306887755097784,0.005528721934095344,500
8,4,2,0.5,2.0,7.0,0.432525305392212,0.0015751353198826367,500,0.194510334632572,0.00022130413866424363,500,0.9675657900033701,0.0062747210394511746,500,0.24422989589517602,0.0028578148227294377,500,0.4868309128163,0.004686583390852118,500,0.1701024313602868,0.003686437681486494,500,10.633159370870878,0.29717583079338455,500,0.03997428334913678,0.0011172023714035844,500,nan,nan,0,8.024292708155478,0.06389230318852135,500,7.65789308487134,0.06739341070163034,500,2.34874092071,0.0,500,5.894736842110002,7.95206533574069e-17,500,0.887022556390791,0.018934579626928343,500,1.7231278195490622,0.024134050100420936,500,0.1504770408163033,0.0032121161867110356,500,0.29231632653058065,0.004094169213462653,500
8,4,2,0.5,3.0,7.0,0.430302767759438,0.0015483630563252894,500,0.198852896160748,0.0002483664729739514,500,0.8908251686624681,0.004765791858741226,500,0.2367844953664236,0.002528503628711667,500,0.46379990491680806,0.0038822776954281,500,0.18675781095645697,0.0033051707615833503,500,8.963166601673601,0.19019468477938103,500,0.033696115043882556,0.0007150176119527457,500,nan,nan,0,8.44040957585352,0.05825144589092138,500,7.64244834738978,0.0650944358771314,500,3.52311138106,0.0,500,5.894736842110002,7.95206533574069e-17,500,0.7998496240599872,0.01783798458876545,500,1.571082706766896,0.018995435345808907,500,0.13568877551019518,0.0030260866713093947,500,0.26652295918364804,0.003222439924734123,500
8,4,2,0.5,4.0,7.0,0.42616119773532,0.0013689762204964532,500,0.20414039368920403,0.0002757848222261926,500,0.7681306046947679,0.004801205136758639,500,0.22307450182758,0.0021918741365259263,500,0.43038213987810797,0.003106952294942149,500,0.21364837380178722,0.002938760622946745,500,7.277842008985719,0.12343869675300242,500,0.0273603083044596,0.0004640552509513459,500,nan,nan,0,9.0673931544007,0.055704370675753706,500,7.712565111535899,0.0666400591702776,500,4.69748184142,0.0,500,5.894736842110002,7.95206533574069e-17,500,0.7413082706764015,0.01859398615964633,500,1.4090225563908838,0.02069374821295392,500,0.125757653061227,0.003154336937799757,500,0.2390306122448688,0.003510546571840221,500
8,4,2,0.5,5.0,7.0,0.420991031571442,0.0013767305888703898,500,0.209947285801732,0.00028312775429837673,500,0.605623707722402,0.005499418709159834,500,0.2049487553970308,0.00182994795271517,500,0.39181925116258204,0.0025750441003080334,500,0.250956213357578,0.002845751505117588,500,5.82944762872436,0.09139360778759788,500,0.02191521664933876,0.00034358499168254454,500,nan,nan,0,9.75726776287468,0.05114046127877176,500,7.73790490839432,0.06572412151626233,500,5.87185230177,0.0,500,5.894736842110002,7.95206533574069e-17,500,0.6366466165412109,0.01899656801912258,500,1.2396541353382158,0.022353455307727324,500,0.10800255102040468,0.00322263207467345,500,0.2102984693877492,0.0037921040254169317,500
8,4,2,0.5,6.0,7.0,0.414282745771576,0.001258989347112449,500,0.21585147459963203,0.00028112474980921493,500,0.422268388278338,0.005659682429970516,500,0.1857175772817898,0.0017542042217867089,500,0.355769554950356,0.0025650260450444033,500,0.29033734217138024,0.0033355445646605615,500,4.86745043959586,0.0778187866062866,500,0.01829868586314326,0.0002925518293468713,500,nan,nan,0,10.44816497937864,0.04520284819582978,500,7.65133868478676,0.0631745046133097,500,7.04622276213,0.0,500,5.894736842110002,7.95206533574069e-17,500,0.6029473684211166,0.018676307728782187,500,1.1625112781956126,0.021760747573311225,500,0.10228571428573897,0.0031683022039890756,500,0.1972117346938778,0.003691555391898258,500
8,4,2,0.5,7.0,7.0,0.40888047824104995,0.001328206915878095,500,0.220645170837012,0.0002791145049420062,500,0.2779536329861588,0.004166249581556064,500,0.1687105017858606,0.001682227919144166,500,0.325666782501366,0.0025456436729872065,500,0.3267801951341132,0.0037488407416872253,500,4.227059429520199,0.06920510362070857,500,0.01589120086285792,0.0002601695624837541,500,nan,nan,0,11.28980506100926,0.04160279432127414,500,7.66779497246854,0.06251462516656107,500,8.220593222480002,7.95206533574069e-17,500,5.894736842110002,7.95206533574069e-17,500,0.5342706766918145,0.018902066338558843,500,1.060255639097838,0.0231931015213989,500,0.09063520408166528,0.0032066005395778056,500,0.17986479591837687,0.003934544008092582,500
8,4,2,0.5,8.0,7.0,0.40663393732811803,0.0013554503946755863,500,0.225728722825022,0.00027374293940254495,500,0.1738031978737136,0.00292647378587769,500,0.1555287066415528,0.0018699773146360324,500,0.30410766205493994,0.002861941285961214,500,0.3549272544855352,0.004345262814774358,500,3.87203004026368,0.07376145503140642,500,0.0145565039107672,0.00027729870312562585,500,nan,nan,0,12.077804355297179,0.03910905806398861,500,7.50349189329384,0.06438944858095197,500,9.39496368283,0.0,500,5.894736842110002,7.95206533574069e-17,500,0.5065563909777574,0.018635348842682264,500,0.9955338345868772,0.023337190465482424,500,0.08593367346942903,0.0031613538215237756,500,0.16888520408166321,0.003958987668249735,500
8,4,2,0.5,9.0,7.0,0.40525033299787194,0.001233496909630014,500,0.22951063204021402,0.00024575948160658454,500,0.118559315467912,0.002277395372449472,500,0.145287061786548,0.0018699813562336432,500,0.289123215810022,0.002884422255991095,500,0.3731507204663128,0.0046915351864203194,500,3.6484645459140204,0.07001718012996179,500,0.013716032127494,0.00026322248169145926,500,nan,nan,0,13.041879969786802,0.0355902084161143,500,7.554557507040999,0.06236061962854132,500,10.569334143199999,7.95206533574069e-17,500,5.894736842110002,7.95206533574069e-17,500,0.5144962406017216,0.019097116773735736,500,0.9798796992486146,0.02413596997119254,500,0.08728061224494309,0.003239689452686618,500,0.166229591836772,0.004094494905824321,500
8,4,2,0.5,10.0,7.0,0.40595587859483795,0.0012560025099866653,500,0.23214720301468603,0.00022643870819758752,500,0.08265288065376741,0.0016128732390993583,500,0.13777082720113482,0.0017543284649762462,500,0.27707986064252005,0.002718711692253825,500,0.38509564181044,0.004610784614948482,500,3.45366624835024,0.056597640374000675,500,0.01298370770056618,0.00021277308411279873,500,nan,nan,0,14.1159742845,0.034026547906076614,500,7.742217418223359,0.06302251418143406,500,11.743704603499996,1.590413067148138e-16,500,5.894736842110002,7.95206533574069e-17,500,0.5280902255641379,0.01789243444623434,500,0.9673082706772248,0.022306669603170265,500,0.08958673469392116,0.0030353237007003033,500,0.1640969387755525,0.0037841671648195688,500
8,5,2,0.625,1.0,7.0,0.432386643776808,0.0014625202091492916,500,0.289031356119982,0.00015941623596572028,500,1.2363285352212579,0.007372416495356902,500,0.3022605763539081,0.003302886183177679,500,0.525057398609852,0.004781243318432333,500,0.11482494902225011,0.0030200685210043385,500,17.824437233709343,0.6393149627569932,500,0.03536594689227434,0.0012684820689612152,500,nan,nan,0,8.4457828213705,0.06922166328868969,500,8.3476098624115,0.0701600830385787,500,1.2583276828999996,1.9880163339351726e-17,500,6.69841269841,0.0,500,1.1208015873016142,0.02295453483051562,500,2.170301587301918,0.037624164054825694,500,0.16732345971563378,0.0034268618348867546,500,0.32400236966821944,0.005616877572164481,500
8,5,2,0.625,2.0,7.0,0.44041350524477796,0.0016315133062116184,500,0.293555810697242,0.00020488201748711826,500,1.199290220615902,0.006404982089402447,500,0.31412248070241405,0.0035869386274547427,500,0.531753668024908,0.004978278757548529,500,0.1150357501152694,0.0030262673411573108,500,18.882460254677,0.6607687172910046,500,0.0374651989180134,0.0013110490422443594,500,nan,nan,0,8.479254503497899,0.07036272602585016,500,8.078883009489939,0.07445671924868764,500,2.51665536579,0.0,500,6.69841269841,0.0,500,1.0534285714284892,0.01966814175502492,500,2.030047619047744,0.025691146555136803,500,0.15726540284360402,0.0029362391719607085,500,0.30306398104266374,0.0038354081350101044,500
8,5,2,0.625,3.0,7.0,0.44050142966475,0.001558657918791301,500,0.298067456941766,0.00021881103092956383,500,1.087565526882568,0.004756668461889992,500,0.306578874532382,0.003346638036253832,500,0.5059666492118741,0.004324331676972069,500,0.1290298753997306,0.0027938172692746088,500,15.177061516413257,0.42338186189643584,500,0.030113217294478543,0.0008400433767788107,500,nan,nan,0,9.16742154667322,0.06368718352511084,500,8.32439569933626,0.07105742481010592,500,3.7749830486899993,1.9880163339351726e-17,500,6.69841269841,0.0,500,0.9195555555555622,0.020461004070842087,500,1.81542857142864,0.019901034347398837,500,0.137279620853083,0.0030546048731365963,500,0.27102369668247156,0.0029710074973584894,500
8,5,2,0.625,4.0,7.0,0.43458544760028806,0.0013455388706252913,500,0.30232584093802395,0.0002098754620674733,500,0.9268279832770979,0.003783720268852128,500,0.288101977423574,0.0028289200922250787,500,0.468195133625206,0.0034405401655664383,500,0.15180257997450003,0.0024486345835520694,500,11.38132628687106,0.24897080867307664,500,0.0225819966009351,0.0004939896997479506,500,nan,nan,0,9.73749899406554,0.05891871708072069,500,8.2909989869423,0.07044436303216345,500,5.03331073159,0.0,500,6.69841269841,0.0,500,0.8319444444446092,0.019056788209216434,500,1.63978571428538,0.02014126902604298,500,0.1242002369667976,0.0028449707516130557,500,0.2448021327014334,0.0030068719162080868,500
8,5,2,0.625,5.0,7.0,0.42834511226669203,0.0011514371396149478,500,0.305530870679732,0.00017681355538028804,500,0.7394565958754661,0.004886000952242996,500,0.269838474321304,0.0024128776651947113,500,0.43152713427143197,0.0029558217624365917,500,0.182166022661993,0.002507560819699816,500,8.912304189758618,0.17057550516247014,500,0.017683143233648002,0.0003384434626241541,500,nan,nan,0,10.3711714571927,0.05510847035345828,500,8.18129483833382,0.07160251326421518,500,6.29163841448,0.0,500,6.69841269841,0.0,500,0.7282539682540613,0.02002439398136927,500,1.425634920634784,0.02188521992981736,500,0.10872037914690161,0.0029894237460335914,500,0.212831753554508,0.0032672247762537917,500
8,5,2,0.625,6.0,7.0,0.42191643414173396,0.00102516440744021,500,0.307006086953892,0.0001951996638117045,500,0.5481021146001981,0.005605710129043035,500,0.246978748601852,0.002181864774881769,500,0.393958042724184,0.0028245714375564395,500,0.21674312350063782,0.0029019312892854757,500,7.29389665785074,0.14276902980201492,500,0.01447201717827382,0.0002832718845277346,500,nan,nan,0,11.17715102580384,0.05308040400727975,500,8.16238631428516,0.07366872926295906,500,7.549966097379999,3.976032667870345e-17,500,6.69841269841,0.0,500,0.7078888888890993,0.02023118283086674,500,1.2920714285715125,0.02302146891189034,500,0.1056800947867334,0.0030202950671668945,500,0.1928921800947432,0.0034368543636255173,500
8,5,2,0.625,7.0,7.0,0.41307562469264,0.0010383363455613503,500,0.306383570805292,0.00020573829924204386,500,0.37844609857925593,0.004466029415921108,500,0.216235296551864,0.002010047366040396,500,0.352220787563926,0.002751663963877965,500,0.2621218363734114,0.0033520844711416825,500,5.84462579255132,0.12288934058277873,500,0.01159647974712622,0.00024382805671194324,500,nan,nan,0,12.1046964952459,0.05005893581079509,500,8.20864323289976,0.07499174072810452,500,8.808293780279998,7.95206533574069e-17,500,6.69841269841,0.0,500,0.5929841269842959,0.018675868667138638,500,1.1655396825398026,0.023581054476936803,500,0.08852606635072781,0.002788103616183815,500,0.1740023696681518,0.0035203943887384026,500
8,5,2,0.625,8.0,7.0,0.40890957204385403,0.0010434816365605414,500,0.305023913284252,0.0002402019584863261,500,0.2546964469244004,0.003556155739995375,500,0.1972745252745456,0.0020392848912736375,500,0.327756192036364,0.0029809839406437686,500,0.29116608564896,0.0039030333657716298,500,5.31513620713554,0.13469420368229715,500,0.0105459051728877,0.0002672504041316329,500,nan,nan,0,13.069735571305,0.04508513130792697,500,8.234197456685921,0.0734685232289241,500,10.066621463199997,1.590413067148138e-16,500,6.69841269841,0.0,500,0.5793333333334496,0.018733809690949184,500,1.1239761904764383,0.023423420551720472,500,0.08648815165877619,0.0027967535794541755,500,0.16779739336483862,0.0034968613619848297,500
8,5,2,0.625,9.0,7.0,0.407531035366916,0.001028596240338695,500,0.30274703103524003,0.0002464739338548612,500,0.1743358376366928,0.002681220880670651,500,0.18120174287310561,0.0019352432155123034,500,0.309248803373124,0.002839112184277797,500,0.3110847659130526,0.004066609408477618,500,4.832948170769121,0.10854575916415632,500,0.009589182878510119,0.00021536856977021448,500,nan,nan,0,14.0679194871762,0.03951688006985977,500,8.24904851101366,0.06912441980090986,500,11.324949146100002,7.95206533574069e-17,500,6.69841269841,0.0,500,0.5927142857144295,0.01948971522589623,500,1.0830714285715601,0.023033872464098756,500,0.0884857819905544,0.002909602036094207,500,0.1616907582937238,0.0034387060787621675,500
8,5,2,0.625,10.0,7.0,0.40626479501727397,0.0010669436610456192,500,0.300069720415394,0.00023464910286296765,500,0.12307128615253081,0.0021291002130394638,500,0.1700197376014344,0.0021022719202427676,500,0.296676815101364,0.0030794643579127195,500,0.3286300368285316,0.004561026525004733,500,4.65289525064204,0.12958299998196748,500,0.00923193502111422,0.0002571091269481786,500,nan,nan,0,15.0905075053372,0.03792654960561732,500,8.21721243154444,0.07190165333584443,500,12.583276829000003,7.95206533574069e-17,500,6.69841269841,0.0,500,0.5624047619047633,0.019553528705176272,500,1.0628333333333595,0.023530142985283827,500,0.08396090047395399,0.002919128692953605,500,0.15866943127950758,0.00351279385799182,500
8,6,2,0.75,1.0,7.0,0.441038966562254,0.0015983485654005507,500,0.395641302896282,0.0001439262112706205,500,1.4237284753497261,0.008632610911131388,500,0.35529894868674,0.0041744033100572136,500,0.555966774550048,0.005445269910775375,500,0.08892024036238791,0.0028969060280482676,500,29.120393166721957,1.2705676039718385,500,0.03714335863103128,0.0016206219438424947,500,nan,nan,0,8.82584263472358,0.07609740585385302,500,8.71975296272624,0.07719072334931716,500,1.33333333333,0.0,500,7.26530612245,0.0,500,1.267632653061024,0.027318659491667757,500,2.4623775510206,0.04397495290755441,500,0.1744775280898768,0.00376015257048261,500,0.338922752808983,0.0060527322822174524,500
8,6,2,0.75,2.0,7.0,0.44964241389267,0.0017252795275920997,500,0.39941161297965,0.00018418986322928126,500,1.373819706682984,0.007053287581317466,500,0.371098860376302,0.0042356568552041176,500,0.564942246666382,0.005357217656572707,500,0.08579046543974451,0.002746359421991948,500,30.360889994036004,1.1963041307052042,500,0.0387256249923942,0.0015258981259000564,500,nan,nan,0,8.998943428109481,0.0758481529398278,500,8.575028822901778,0.08019853380629148,500,2.6666666666699994,1.9880163339351726e-17,500,7.26530612245,0.0,500,1.194918367346964,0.020687152770684104,500,2.289908163265396,0.029311632792780026,500,0.16446910112362803,0.0028473890049523485,500,0.31518398876406184,0.004034466311366314,500
8,6,2,0.75,3.0,7.0,0.447323805614844,0.0015086114704190615,500,0.40362294211449,0.00016346687787419055,500,1.256869722149478,0.004491642370564108,500,0.3645365210883,0.0036384953576864896,500,0.5409303034553959,0.004264606733049112,500,0.09389083911323265,0.002274062312818548,500,22.89618218756912,0.7026894654144149,500,0.02920431401475986,0.0008962875834367391,500,nan,nan,0,9.62578098135126,0.06521810589159135,500,8.725210230071479,0.07285768938944358,500,4.0,0.0,500,7.26530612245,0.0,500,1.056857142856984,0.019929239048353507,500,2.034500000000124,0.018891643669116383,500,0.14546629213485,0.002743069419576736,500,0.28002949438204805,0.0026002543252445806,500
8,6,2,0.75,4.0,7.0,0.446084793259034,0.0014464669202577903,500,0.407616795859608,0.0001744893318021435,500,1.0949979109191659,0.002958775338004478,500,0.354323863781128,0.0033363830753809975,500,0.5122030341235579,0.0036412427100369345,500,0.1088817615367134,0.002073873007410856,500,17.95327497353786,0.4265403727923929,500,0.0228995854254338,0.0005440565979496585,500,nan,nan,0,10.19826761938266,0.06116252235004506,500,8.64732206421716,0.07288398178693423,500,5.333333333330001,3.976032667870345e-17,500,7.26530612245,0.0,500,0.951581632652996,0.020061659422888876,500,1.7987551020410701,0.01991944120798714,500,0.1309761235955176,0.002761295819441927,500,0.247581460674191,0.0027417208404251904,500
8,6,2,0.75,5.0,7.0,0.438260974784268,0.0011735954894498955,500,0.41100526250428204,0.0001801877753805402,500,0.901137132995356,0.0044227148649610085,500,0.32806107252982,0.0027458298091162683,500,0.46624415729180396,0.0028230871997453853,500,0.1370583494374904,0.001958517468974892,500,12.793122554151262,0.2290415037563253,500,0.01631775835988936,0.00029214477519934757,500,nan,nan,0,10.975965660801801,0.060946250628429934,500,8.650187716782138,0.07824654645968131,500,6.666666666669998,1.1928098003611036e-16,500,7.26530612245,0.0,500,0.834387755101938,0.02152299434871943,500,1.5890918367345261,0.02204875187454063,500,0.11484550561797399,0.0029624346154127233,500,0.21872331460677202,0.003034800117561959,500
8,6,2,0.75,6.0,7.0,0.426940359298278,0.0009598342159019295,500,0.41382671228601403,0.0001839019159498921,500,0.68638638615747,0.004947503698808479,500,0.288247033406882,0.0023309300177146745,500,0.409972326601916,0.002469213858682441,500,0.18310610329240684,0.0022903310955320203,500,8.952562521759981,0.16044118415273448,500,0.011419084849183721,0.00020464436754178471,500,nan,nan,0,11.8527128343494,0.05302876015931144,500,8.670849482302001,0.07364519068495842,500,8.0,0.0,500,7.26530612245,0.0,500,0.68857142857144,0.018974221549249465,500,1.3531530612244,0.021907700027737804,500,0.0947752808988798,0.002611620381776506,500,0.18624859550564618,0.003015385677974093,500
8,6,2,0.75,7.0,7.0,0.419346520108904,0.0008911560565165825,500,0.416842600793866,0.00018717261284175859,500,0.482741232970488,0.004795030576913428,500,0.258056202777124,0.0023298454564646786,500,0.36853737949748,0.002633075805174392,500,0.2227420507838392,0.0029736197193159777,500,7.184468680044761,0.14975289536318606,500,0.00916386311230266,0.00019101134612655422,500,nan,nan,0,12.813396231012419,0.05038222168095609,500,8.68514745388504,0.07632426510639131,500,9.33333333333,0.0,500,7.26530612245,0.0,500,0.6546734693877759,0.02015145713111131,500,1.258540816326562,0.023493775841762394,500,0.0901095505618036,0.0027736556163583054,500,0.1732261235955766,0.0032336938658624912,500
8,6,2,0.75,8.0,7.0,0.41329740341722593,0.0008484965109035973,500,0.4197829201943781,0.00019710205184480083,500,0.330763146870818,0.003826831457194681,500,0.233550638668884,0.002260276726138721,500,0.338519576991972,0.002612726485470473,500,0.25211607152926885,0.0034347556589968548,500,6.1321151100398605,0.11895743840713668,500,0.00782157539545792,0.0001517314265395776,500,nan,nan,0,13.7825289235388,0.04519827924787144,500,8.63337515877286,0.07307391126565776,500,10.6666666667,0.0,500,7.26530612245,0.0,500,0.637163265306104,0.019525862826993347,500,1.208642857143346,0.023911121083158578,500,0.0876994382022708,0.002687548535174657,500,0.16635814606749558,0.0032911374524571177,500
8,6,2,0.75,9.0,7.0,0.408516335872378,0.0008705979215893192,500,0.42207615738106996,0.00018326628867137206,500,0.22461129775830396,0.0031457972401942856,500,0.211388888802728,0.0024359706946674537,500,0.31377585028925603,0.0028515612732262024,500,0.2794222767758144,0.003965916201704527,500,5.4948719173130005,0.1377427333439479,500,0.0070087652006547594,0.00017569226191831386,500,nan,nan,0,14.8702239428016,0.043370425404997734,500,8.667064976902719,0.07681224932197606,500,12.0,0.0,500,7.26530612245,0.0,500,0.627459183673362,0.0197506363050082,500,1.18166326530645,0.02482314607449947,500,0.08636376404495781,0.0027184864577116897,500,0.162644662921426,0.0034166689821638675,500
8,6,2,0.75,10.0,7.0,0.40542856799094207,0.0008190774500387741,500,0.424266278654742,0.0001568677766896714,500,0.1548048598758302,0.0024874130638910725,500,0.19421536996439742,0.002261133789287945,500,0.29470674181665196,0.002675527731738591,500,0.2993735362505142,0.004083926523431044,500,4.887127916583821,0.10477714072261105,500,0.00623358152625414,0.00013364431214603746,500,nan,nan,0,15.98679105165,0.040778250289467737,500,8.70253295367998,0.07617352466483104,500,13.3333333333,0.0,500,7.26530612245,0.0,500,0.6010408163264139,0.017778045378223167,500,1.14743877551053,0.022200725867603802,500,0.08272752808990981,0.002446978155991742,500,0.1579339887641106,0.0030557178862700824,500
8,7,2,0.875,1.0,7.0,0.448206304207892,0.001612118211158689,500,0.509680101850132,0.00015431139152337594,500,1.5415409865750418,0.008463555172930223,500,0.39793135307976796,0.0042580314141919245,500,0.5846031136313761,0.005220858283712335,500,0.06842430797849516,0.0023673633121910663,500,39.50319812409313,1.7547336795121289,500,0.03888110051584066,0.0017271000782602115,500,nan,nan,0,9.04576778355894,0.07548434606890653,500,8.938199540098482,0.07652092827607854,500,1.3623062651399995,1.9880163339351726e-17,500,7.606299212599997,1.1928098003611036e-16,500,1.402783464567328,0.029525519341604477,500,2.672007874015712,0.04568732340873615,500,0.18442391304345643,0.0038817194165461557,500,0.3512888198757986,0.006006511462640245,500
8,7,2,0.875,2.0,7.0,0.457678260981092,0.0017579819153731298,500,0.513190086174206,0.00015760991271947732,500,1.494377490407886,0.006653476013246499,500,0.41567240291598,0.004361550889379573,500,0.5944009783282601,0.005122938103977271,500,0.06554457285243444,0.002143989608400703,500,41.17103690570268,1.5538507069983638,500,0.040522674119782325,0.001529380617123741,500,nan,nan,0,9.3481283035256,0.07371814820404853,500,8.925542020002661,0.07767200590501036,500,2.724612530270001,3.976032667870345e-17,500,7.606299212599997,1.1928098003611036e-16,500,1.316633858267892,0.021053986524880372,500,2.4533976377951605,0.02962993939975247,500,0.1730978260869718,0.0027679671725248803,500,0.32254813664597703,0.003895447519431091,500
8,7,2,0.875,3.0,7.0,0.456138363279652,0.0015961869077082476,500,0.517446857390354,0.00017665445170734952,500,1.3621239713694178,0.005038703688355875,500,0.41323075180221996,0.004244048264173252,500,0.5761036978838678,0.004780331088740133,500,0.07337990687877795,0.0022365702659555347,500,34.3556641357065,1.13755320629498,500,0.03381463005482592,0.0011196389825730286,500,nan,nan,0,9.844775491589298,0.07305111284775281,500,8.91858539514914,0.08179388862501677,500,4.08691879541,0.0,500,7.606299212599997,1.1928098003611036e-16,500,1.1541968503939841,0.020897283515491784,500,2.2077637795275877,0.020342015328155202,500,0.15174223602485842,0.0027473654311251654,500,0.290254658385105,0.0026743643340324335,500
8,7,2,0.875,4.0,7.0,0.455041150877062,0.001511983909501786,500,0.52184785109011,0.0001800981670620202,500,1.1918860319031,0.0035857089359838533,500,0.39919839776243204,0.003741602175361992,500,0.542547647137304,0.00390748779068782,500,0.087127932972876,0.0019905471136222146,500,24.955974987479383,0.6522044151598189,500,0.02456296750736182,0.0006419334794879088,500,nan,nan,0,10.451279036002258,0.06589928041800505,500,8.8667476101958,0.07860228659520935,500,5.449225060550001,3.976032667870345e-17,500,7.606299212599997,1.1928098003611036e-16,500,0.9943582677166221,0.020464225572720623,500,1.9389685039369702,0.019289710636675332,500,0.1307282608695664,0.0026904313123560057,500,0.25491614906831844,0.0025360178580284085,500
8,7,2,0.875,5.0,7.0,0.448748868100314,0.0013317033215964333,500,0.5252411430505619,0.00015503243133079732,500,0.982711769045756,0.005298917752882159,500,0.379385838135824,0.0031769222914151073,500,0.502186179531792,0.0032419021509614825,500,0.107477866581491,0.0017826260460425609,500,18.2957575377105,0.46491212685844324,500,0.018007635371763156,0.0004575906760418035,500,nan,nan,0,11.27665517100758,0.06379244311803266,500,8.910117264148921,0.08262321954748993,500,6.811531325689999,3.976032667870345e-17,500,7.606299212599997,1.1928098003611036e-16,500,0.900318897637994,0.021758423515073427,500,1.757385826771806,0.022365497932524812,500,0.1183649068322854,0.00286057948904065,500,0.2310434782608652,0.0029403915501327637,500
8,7,2,0.875,6.0,7.0,0.436153340588838,0.0010410399355767189,500,0.527949530892794,0.0001353848353919511,500,0.74502470034352,0.005888176988015956,500,0.338822526283934,0.0028912457320377197,500,0.44727761103798197,0.002994024989596636,500,0.144255240471074,0.002216447933336249,500,12.8379299252315,0.3340396201361812,500,0.01263575780042408,0.0003287791536773783,500,nan,nan,0,12.183781055001297,0.056884260989374644,500,8.949434120911121,0.07951761511329869,500,8.17383759082,0.0,500,7.606299212599997,1.1928098003611036e-16,500,0.83687007874042,0.02168577013717518,500,1.5513661417324638,0.023963266419160457,500,0.1100232919254266,0.0028510277509520804,500,0.2039580745341604,0.0031504501399905018,500
8,7,2,0.875,7.0,7.0,0.42540415517727603,0.0009401110201597997,500,0.529178566254406,0.0001081951937740866,500,0.5185011442508919,0.005209211754050111,500,0.296586288972738,0.0027864730167714968,500,0.39570013190084397,0.0030058323851435095,500,0.1883340711643832,0.002851604422170263,500,9.358622351906401,0.23398040205734258,500,0.00921124247235062,0.00023029567131638664,500,nan,nan,0,13.1259528099792,0.051992158461309154,500,8.9262238594005,0.07784695723109285,500,9.536143855960002,7.95206533574069e-17,500,7.606299212599997,1.1928098003611036e-16,500,0.678921259843018,0.020169839376249794,500,1.34370472441003,0.023435453592453658,500,0.0892577639751118,0.0026517283651962724,500,0.1766568322981056,0.0030810585985918256,500
8,7,2,0.875,8.0,7.0,0.420593854982288,0.0009747624494204306,500,0.52932417405126,0.00012141661643891476,500,0.34772376323914,0.004266226037182921,500,0.27358505359922203,0.0028228907129145935,500,0.36947352635125996,0.003204620411629594,500,0.21115419107706462,0.003302433597758491,500,8.341529251153979,0.2341270992156132,500,0.00821016658578116,0.00023044005828309116,500,nan,nan,0,14.1101463251304,0.04960158575020541,500,8.847098992135699,0.08103231789285685,500,10.898450121100002,7.95206533574069e-17,500,7.606299212599997,1.1928098003611036e-16,500,0.69941338582732,0.0199258694593236,500,1.327287401575948,0.02400018284883844,500,0.091951863353991,0.0026196536452692096,500,0.1744984472049514,0.0031553035422347705,500
8,7,2,0.875,9.0,7.0,0.41388335408696403,0.0008491029183197332,500,0.529204528264642,0.0001245268628510915,500,0.2454062720773278,0.0032580806430789894,500,0.244228852685024,0.0026059577208276514,500,0.33805649401436605,0.002942986268750797,500,0.2409333266720048,0.003565449421943061,500,6.8455654042241605,0.17032451639972698,500,0.00673776122463016,0.00016764224055095255,500,nan,nan,0,15.310697730781001,0.043437313014491455,500,9.06919080642498,0.07467510441138628,500,12.2607563862,0.0,500,7.606299212599997,1.1928098003611036e-16,500,0.655086614173716,0.019444144299745246,500,1.26256299212704,0.024289036059308575,500,0.08612422360242941,0.002556321248512699,500,0.165989130434773,0.0031932790678365517,500
8,7,2,0.875,10.0,7.0,0.41048971274931795,0.0009162303048174382,500,0.52789721806541,0.00017120161478430384,500,0.16607097253058858,0.002684129142454482,500,0.231552346728598,0.002885203951982118,500,0.327577436978586,0.003299579012491109,500,0.2514479634782184,0.0040334210632023285,500,6.756493425332021,0.22220253286754532,500,0.00665009195406776,0.00021870328038144427,500,nan,nan,0,16.3341237296532,0.041200178676350535,500,8.89237489033366,0.07738797875744703,500,13.623062651400003,1.590413067148138e-16,500,7.606299212599997,1.1928098003611036e-16,500,0.6848503937013241,0.019650624529909445,500,1.2767244094498542,0.023979547365576614,500,0.09003726708069482,0.0025834672000974814,500,0.1678509316769766,0.003152590595679458,500
8,8,2,1.0,1.0,7.0,0.45566730843087394,0.001685935981014863,500,0.631429536658802,0.0001532689723412182,500,1.601207439412902,0.008637977788540072,500,0.42267303440309606,0.004423132314286511,500,0.6066331683099899,0.005313308634970701,500,0.05881174995103764,0.0021072216029685937,500,48.94911279191228,2.129379368423579,500,0.04421780740011246,0.0019235585983961698,500,nan,nan,0,9.21881321378112,0.078951155296205,500,9.10992324519716,0.08005279781753621,500,1.38145139069,0.0,500,7.718157181570001,7.95206533574069e-17,500,1.478807588075638,0.031494183130394496,500,2.83132791327878,0.046690749309125416,500,0.1916011235954646,0.004080531451934733,500,0.3668398876403634,0.006049468572701026,500
8,8,2,1.0,2.0,7.0,0.46197484627491997,0.0017059828587624208,500,0.634708370412254,0.00016113684365628704,500,1.538040511126992,0.006889436284435992,500,0.434905710911222,0.004437723299507097,500,0.61060052094627,0.0051812682374468375,500,0.05889054112602272,0.002097142066247053,500,49.3202114634242,1.965485699580682,500,0.04455303655232752,0.0017755065036861282,500,nan,nan,0,9.46178411518138,0.07554968732760502,500,9.030869604165721,0.07987077398475502,500,2.76290278138,0.0,500,7.718157181570001,7.95206533574069e-17,500,1.3183089430889259,0.022195069619402312,500,2.5496043360433096,0.03257971090494728,500,0.17080617977523518,0.0028756954668384517,500,0.33033848314599323,0.004221177431150335,500
8,8,2,1.0,3.0,7.0,0.46548470773828604,0.0016681360898484169,500,0.639159285255072,0.00015800222807974896,500,1.420629303476808,0.004422382654210216,500,0.44340117885198205,0.004208800847926844,500,0.60478474389477,0.004695117408496272,500,0.05990865948990151,0.0018278382237013058,500,43.7914250871692,1.4601454681085264,500,0.039558649581903436,0.0013190112629703303,500,nan,nan,0,9.90713189727192,0.07175913943757736,500,8.96210259639382,0.08040286401578355,500,4.144354172070001,3.976032667870345e-17,500,7.718157181570001,7.95206533574069e-17,500,1.215967479674432,0.02087190099763801,500,2.330384823848456,0.019849576601943444,500,0.15754634831454659,0.002704259644708168,500,0.301935393258388,0.0025718025864157274,500
8,8,2,1.0,4.0,7.0,0.46222258952998196,0.0014459871651875057,500,0.6427422544806939,0.0001445313533378039,500,1.250900266164392,0.0031360835634308007,500,0.429295656347836,0.0036393852611244773,500,0.571323496508784,0.003756172357332847,500,0.07162123484589199,0.001642032426381105,500,31.24020417095658,0.7772649465428658,500,0.028220599973763718,0.0007021363564074117,500,nan,nan,0,10.63740622897102,0.0624276258968806,500,9.04390443721538,0.0745377703118994,500,5.52580556276,0.0,500,7.718157181570001,7.95206533574069e-17,500,1.11194579945767,0.020569151211940147,500,2.0852574525744663,0.01844853115740792,500,0.14406882022467718,0.002665033987783643,500,0.270175561797686,0.0023902766843666994,500
8,8,2,1.0,5.0,7.0,0.45546256586435,0.0013011432084262431,500,0.6460184876492181,0.00014870695647359666,500,1.049729900297664,0.004041801702962794,500,0.405627250763848,0.003194408660539034,500,0.52787755992733,0.003147697834785758,500,0.09100819571397659,0.0015759701591459652,500,22.35308953203656,0.4874796705269136,500,0.0201924928021999,0.0004403610393196485,500,nan,nan,0,11.433811607417221,0.06234867050993266,500,9.041101564868319,0.0803315118606258,500,6.907256953450001,3.976032667870345e-17,500,7.718157181570001,7.95206533574069e-17,500,0.9874146341462781,0.022003555159124978,500,1.8616585365850038,0.021902996227149425,500,0.12793398876398138,0.002850881971107496,500,0.24120505617968738,0.002837853092632585,500
8,8,2,1.0,6.0,7.0,0.44105984554374006,0.001030119555443777,500,0.648627578133728,0.00013556467356950276,500,0.830886691014284,0.004897848263748669,500,0.36036330635092,0.002840828372955801,500,0.46704910740703204,0.0027939739871264847,500,0.12723089607134302,0.001890610083812606,500,14.8932218743483,0.3090639555487582,500,0.01345367829661216,0.0002791905650846721,500,nan,nan,0,12.3929750881138,0.05729946544558472,500,9.13083109892586,0.0794444652287215,500,8.288708344140002,7.95206533574069e-17,500,7.718157181570001,7.95206533574069e-17,500,0.8505474254743001,0.020985570278914522,500,1.6237723577229641,0.022912303069757466,500,0.1102008426965894,0.00271898716043399,500,0.21038342696621418,0.002968623536778506,500
8,8,2,1.0,7.0,7.0,0.430800836489306,0.0008404879875163096,500,0.651087815412348,0.00012756729885124533,500,0.598799415292292,0.004590678229527151,500,0.32413534625115803,0.0025663935175551677,500,0.42013457565058004,0.0026570845151049583,500,0.1614432672644532,0.0023448707745288974,500,11.04286240324282,0.23476944150872614,500,0.009975485459115701,0.0002120771829346433,500,nan,nan,0,13.244752122123998,0.051782681950201144,500,8.956239692193678,0.07799185102280713,500,9.670159734829998,7.95206533574069e-17,500,7.718157181570001,7.95206533574069e-17,500,0.751696476964692,0.02052844049703723,500,1.473691056910034,0.023622813515730784,500,0.09739325842694821,0.0026597593200163223,500,0.19093820224713517,0.0030606805432981483,500
8,8,2,1.0,8.0,7.0,0.421246108952472,0.0007423087808212093,500,0.6531009997760141,0.0001195395609699768,500,0.41614743171768404,0.003917460481370957,500,0.28629931983775603,0.0023791165594407447,500,0.37846729022262193,0.0025353201214782174,500,0.19520956799820402,0.0028281095841033764,500,8.569577803646538,0.1631675614874997,500,0.007741262695255721,0.0001473961711722317,500,nan,nan,0,14.26537367713,0.046588852402595436,500,8.92247476649362,0.07537895953381724,500,11.0516111255,0.0,500,7.718157181570001,7.95206533574069e-17,500,0.7125203252031019,0.020907267168987678,500,1.3657560975606402,0.024157534968683687,500,0.0923174157303098,0.002708841848791042,500,0.17695365168535518,0.003129961518065528,500
8,8,2,1.0,9.0,7.0,0.415671569448718,0.0008642939654304844,500,0.6544748706069741,0.00012497475070926168,500,0.297449344971071,0.003662464347931045,500,0.263287989922694,0.002853761567975266,500,0.35369493289438403,0.0030630553165457795,500,0.21785770298961318,0.003394519604658979,500,8.034163240845999,0.2801976536448819,500,0.00725760003689774,0.000253114411603302,500,nan,nan,0,15.465128737471401,0.04804584871751925,500,9.06005806868816,0.08560060720081056,500,12.433062516200001,7.95206533574069e-17,500,7.718157181570001,7.95206533574069e-17,500,0.7598699186990321,0.021588241375111568,500,1.4018211382109742,0.02624574012396984,500,0.09845224719098443,0.0027970720040089536,500,0.1816264044943502,0.0034005189978066354,500
8,8,2,1.0,10.0,7.0,0.4111909970038,0.0007822754736193269,500,0.6558576868807099,0.00010871580279849838,500,0.2060090231115432,0.0032892051487065283,500,0.24072743890200599,0.0026950532484884228,500,0.33110120203306403,0.0028364247187516204,500,0.237425385327381,0.0036288523727819265,500,6.852237179098081,0.16510895035357057,500,0.00618991615094666,0.00014914990998518291,500,nan,nan,0,16.6155103389106,0.04162432856458457,500,9.117387097290521,0.07717717217181104,500,13.814513906900002,7.95206533574069e-17,500,7.718157181570001,7.95206533574069e-17,500,0.740747967479608,0.020808645085798355,500,1.369495934958992,0.025152054720120706,500,0.0959747191011018,0.0026960639173661885,500,0.17743820224716597,0.0032588160785568527,500
8,4,2,0.5,1.0,8.0,0.41797529131919603,0.0015557541429415769,500,0.190222507139044,0.00020915602474345072,500,0.923320814807272,0.007630705859040094,500,0.2139252090813278,0.002950044888907598,500,0.44013930371132404,0.005083626199440057,500,0.20790873699709078,0.004723617760490068,500,8.680826706911779,0.31305960483650114,500,0.032634686868089104,0.0011769158076558985,500,nan,nan,0,8.763937447813179,0.07400413423931675,500,8.681137542826422,0.074883127427975,500,1.17437046035,0.0,500,5.894736842110002,7.95206533574069e-17,500,0.8580300751877741,0.02127668061153093,500,1.67165413533806,0.03467937004221244,500,0.14555867346936718,0.0036094368894565893,500,0.2835841836734222,0.005883107417875928,500
8,4,2,0.5,2.0,8.0,0.420583490204004,0.0015297484714022465,500,0.19266569616707802,0.0002227611811698138,500,0.90498257924701,0.0066409293255508565,500,0.21304958124204199,0.0025768475131745638,500,0.43311102665415996,0.004318069821248087,500,0.2129822353056642,0.004048169222044929,500,7.91669859845636,0.20815457073231025,500,0.029762024806229276,0.0007825359801967079,500,nan,nan,0,9.18087663493254,0.07204743786415256,500,8.86330609569776,0.07496081468373825,500,2.34874092071,0.0,500,5.894736842110002,7.95206533574069e-17,500,0.7642706766915383,0.016534982945333322,500,1.54840601503764,0.023490278523351043,500,0.1296530612244775,0.002805041749655181,500,0.262676020408149,0.003984957963781067,500
8,4,2,0.5,3.0,8.0,0.423187633450148,0.0015651093488331168,500,0.196285076192906,0.0002556484130455008,500,0.862642057295574,0.005573954705093631,500,0.21007935433155883,0.0026130674835541804,500,0.419311160234968,0.004042295139668157,500,0.22701437143129238,0.003821814366106184,500,7.2646415757562,0.18303483894793102,500,0.02731068261562906,0.0006881008983010542,500,nan,nan,0,9.52967420964516,0.06950483654313792,500,8.82713940367974,0.07616321620402486,500,3.52311138106,0.0,500,5.894736842110002,7.95206533574069e-17,500,0.698481203007342,0.01756485306894182,500,1.402872180451062,0.018971812827616244,500,0.1184923469387642,0.0029797518599113267,500,0.2379872448979622,0.0032184325332539595,500
8,4,2,0.5,4.0,8.0,0.423072014741446,0.0014430028946467712,500,0.20138638544747198,0.000269445565166846,500,0.7540680208258019,0.004501008065175941,500,0.20457220661322822,0.002257881082303884,500,0.401755847905276,0.0033047717707633604,500,0.2421400103474104,0.0034310477001808126,500,6.40344048814078,0.11887288446525739,500,0.02407308454188066,0.00044689054310237896,500,nan,nan,0,9.894011045872299,0.06685403455298672,500,8.663867744307419,0.07744383368592873,500,4.69748184142,0.0,500,5.894736842110002,7.95206533574069e-17,500,0.6837593984961102,0.01805472970894425,500,1.3278045112780639,0.020871579502784624,500,0.11599489795917901,0.0030628559327681645,500,0.22525255102039238,0.0035407143799356697,500
8,4,2,0.5,5.0,8.0,0.417466611288136,0.0014142658131400864,500,0.206703832934188,0.00030599925434884103,500,0.617171807220086,0.005415336989032062,500,0.1889708577279014,0.0020247272644530754,500,0.370075539910034,0.0028649501113883285,500,0.27482867618075635,0.003223322096720004,500,5.3988612273776795,0.10856960191891833,500,0.020296470779616337,0.0004081563981913651,500,nan,nan,0,10.49249975373546,0.06209472692500913,500,8.634356091013418,0.0773537578477004,500,5.87185230177,0.0,500,5.894736842110002,7.95206533574069e-17,500,0.6386165413532635,0.01778542244916418,500,1.2210375939848317,0.02119735368417785,500,0.10833673469387227,0.0030171698797698643,500,0.20714030612243522,0.003595979642851876,500
8,4,2,0.5,6.0,8.0,0.41237143090331196,0.001274250887146045,500,0.211268195045608,0.0003006397801912873,500,0.484138948834754,0.0060570394539612195,500,0.1685594846274186,0.0016318297374442175,500,0.330363701749132,0.002362261565594961,500,0.320480539257674,0.003356207863062466,500,4.31812983679396,0.05966009346045593,500,0.01623357081501348,0.00022428606564067372,500,nan,nan,0,11.38073371640814,0.05908460380431136,500,8.869397420855242,0.0768576008597273,500,7.04622276213,0.0,500,5.894736842110002,7.95206533574069e-17,500,0.5742406015038026,0.017222322184934732,500,1.0695488721802024,0.021624277248233535,500,0.09741581632654461,0.002921643942086153,500,0.181441326530607,0.0036684041760396595,500
8,4,2,0.5,7.0,8.0,0.406295167490702,0.0012845614936004503,500,0.217445787126972,0.00032031850780784237,500,0.3360163180468336,0.005556979473527329,500,0.15460818415687239,0.0015979329153058852,500,0.30387996902008796,0.0024264906423537612,500,0.3568548165652439,0.003729022153193198,500,3.7879448551426202,0.058042892397474476,500,0.01424039419226676,0.00021820636239658966,500,nan,nan,0,11.939813675604722,0.05403162767518456,500,8.57412701508714,0.07652435642064763,500,8.220593222480002,7.95206533574069e-17,500,5.894736842110002,7.95206533574069e-17,500,0.49500751879699684,0.01723520720454836,500,0.9706165413534551,0.021281737004903923,500,0.08397448979593478,0.0029238297936294627,500,0.1646581632653295,0.0036102946704722853,500
8,4,2,0.5,8.0,8.0,0.405621254157214,0.001253797628413089,500,0.22103318381547798,0.0002946247337839879,500,0.22976745564133857,0.004112924249864131,500,0.13982854374758583,0.0016053016042675442,500,0.279462274243862,0.0024917417356663195,500,0.3913085696423039,0.004247163653425765,500,3.3755774031690597,0.052262339722464767,500,0.012690140613418301,0.00019647496136263078,500,nan,nan,0,12.9310437232196,0.05054836446977118,500,8.797415243927581,0.07526902497290604,500,9.39496368283,0.0,500,5.894736842110002,7.95206533574069e-17,500,0.4466917293234768,0.016993992909070648,500,0.8789774436093112,0.021497379386544054,500,0.07577806122451684,0.002882909511359542,500,0.14911224489800098,0.003646876860214899,500
8,4,2,0.5,9.0,8.0,0.40367111020245205,0.001274817476187227,500,0.224799113322322,0.00029862055796211687,500,0.1511605879382726,0.002771216628666032,500,0.1306731674075258,0.001742150538714659,500,0.26405890095829,0.0027147161926629397,500,0.413061062680444,0.0047055351938012,500,3.21478065707724,0.05899805460830167,500,0.01208564156796028,0.00022179719777566128,500,nan,nan,0,13.853471571981801,0.04809340498263828,500,8.854802060882658,0.07694707930459962,500,10.569334143199999,7.95206533574069e-17,500,5.894736842110002,7.95206533574069e-17,500,0.44481203007543485,0.017422048845355458,500,0.8607518796996341,0.021517487723865046,500,0.07545918367349876,0.002955526143406327,500,0.1460204081632984,0.003650288096008995,500
8,4,2,0.5,10.0,8.0,0.403103966693376,0.0013090216539520028,500,0.229169139029826,0.00026664504525174395,500,0.0985876743559906,0.0020963632922663656,500,0.12598709614539458,0.0017069833558569015,500,0.255925202917186,0.0027029240285731727,500,0.422658423511332,0.004902917501386224,500,3.0919837734551603,0.05106158890917279,500,0.0116239991483295,0.0001919608605607819,500,nan,nan,0,14.6331386514948,0.043681790948898055,500,8.6209492921398,0.07551458222704299,500,11.743704603499996,1.590413067148138e-16,500,5.894736842110002,7.95206533574069e-17,500,0.4456842105265356,0.017282164009302974,500,0.8552180451133261,0.021346591458928886,500,0.07560714285718481,0.0029317956801485886,500,0.14508163265311352,0.003621296765350305,500
8,5,2,0.625,1.0,8.0,0.42124426305872603,0.0014314771730403783,500,0.288099456288004,0.00016689217256761726,500,1.142548295820028,0.008556338316312261,500,0.26296405874753837,0.0036029636680496163,500,0.466272311606846,0.005283252434169208,500,0.1589204415931081,0.004025326375036826,500,13.501389412696078,0.60155493351585,500,0.02678847105693928,0.0011935613760241852,500,nan,nan,0,9.4770871089304,0.08475081066337847,500,9.388872732528002,0.0857014856799749,500,1.2583276828999996,1.9880163339351726e-17,500,6.69841269841,0.0,500,0.9695396825396679,0.023795000278236396,500,1.8863174603176622,0.03639529144708796,500,0.1447417061611472,0.0035523341647603944,500,0.281606635071078,0.0054334202871246665,500
8,5,2,0.625,2.0,8.0,0.423898999094952,0.0013900687532142615,500,0.29110927367079,0.0001859553193654066,500,1.115243897316408,0.007273970603432978,500,0.265407730848462,0.0033788034113732546,500,0.46120725698904197,0.004668307437751082,500,0.1611061832900482,0.0036804260280412964,500,12.2071184792164,0.4177506311018027,500,0.02422047317304296,0.0008288702998046734,500,nan,nan,0,9.78314603958516,0.07207547059527009,500,9.44233677850556,0.07505389139670356,500,2.51665536579,0.0,500,6.69841269841,0.0,500,0.9211269841270372,0.01780839573609179,500,1.7663095238097721,0.02465816046557115,500,0.1375142180094842,0.0026585993634454415,500,0.2636907582938389,0.0036811945718725043,500
8,5,2,0.625,3.0,8.0,0.42491060342874004,0.0013918956059936407,500,0.295396871050486,0.00021527983032628686,500,1.0420261830995399,0.006639542603535056,500,0.265795746588295,0.0034329565833203005,500,0.45007321087430396,0.004489065368209655,500,0.1703189279625622,0.0035879647372612285,500,11.31339655881144,0.34194014506924103,500,0.02244721539446668,0.0006784526687880548,500,nan,nan,0,10.255708095349299,0.0760263679205828,500,9.50763329396088,0.08276515012637067,500,3.7749830486899993,1.9880163339351726e-17,500,6.69841269841,0.0,500,0.8654285714286168,0.01983524756395351,500,1.661690476190426,0.020626622064141363,500,0.12919905213269403,0.002961186247700759,500,0.2480722748815682,0.0030793298342201626,500
8,5,2,0.625,4.0,8.0,0.427061100829822,0.0012335587694436297,500,0.30004318167651,0.00022016060051012346,500,0.9146900709736919,0.004612567933767846,500,0.25844956748786,0.00294192222271015,500,0.4305792016355521,0.0036289205242671465,500,0.184022723289397,0.0031694378434640406,500,9.352810178294101,0.19762403685443344,500,0.018557163052173798,0.0003921111842351206,500,nan,nan,0,10.674860927880781,0.07231457076795152,500,9.368451868358921,0.08327006158002827,500,5.03331073159,0.0,500,6.69841269841,0.0,500,0.7737380952381417,0.01740384141674484,500,1.5388253968250418,0.01951722322029361,500,0.1155106635071144,0.002598203813401187,500,0.229729857819948,0.002913708679807934,500
8,5,2,0.625,5.0,8.0,0.420730385033944,0.0011097831979949094,500,0.30403885241622,0.00021128962712933525,500,0.77017618425372,0.004428685346709726,500,0.24573344161302998,0.0025667155064697206,500,0.401007159750076,0.0030630361697991807,500,0.2087286708590354,0.00290478004636253,500,7.664635944144,0.15030277200925574,500,0.0152076110002855,0.00029821978573251124,500,nan,nan,0,11.38038460832294,0.06880436601558611,500,9.41962317731098,0.08448150765674989,500,6.29163841448,0.0,500,6.69841269841,0.0,500,0.6955396825398532,0.019011308035261354,500,1.3634682539680179,0.021652858249988284,500,0.10383649289099199,0.0028381810573965705,500,0.203550947867336,0.0032325357103073537,500
8,5,2,0.625,6.0,8.0,0.413230781651334,0.0010232580166161856,500,0.306081000194972,0.0001954148647067142,500,0.619064651454686,0.0053153527088245075,500,0.21588167194941202,0.002066072592171284,500,0.35530552851006203,0.0025170542849139495,500,0.25407399827838323,0.0028499412589474216,500,5.902053798999359,0.10922577967148363,500,0.011710424204364299,0.00021671781680856429,500,nan,nan,0,12.3389438301442,0.05978459347348218,500,9.696303068706403,0.07770219834875786,500,7.549966097379999,3.976032667870345e-17,500,6.69841269841,0.0,500,0.6530000000001578,0.018207757124166855,500,1.2366349206350706,0.021362045321897127,500,0.097485781990531,0.0027182196654561607,500,0.18461611374408404,0.003189120510143088,500
8,5,2,0.625,7.0,8.0,0.410238204385156,0.001022977147192054,500,0.30717761804929605,0.00020971482475755493,500,0.44872929627549796,0.005432058820583546,500,0.19685890112437401,0.002112065772266129,500,0.326364288333324,0.0028073723599217194,500,0.29388681739691297,0.00368117734632581,500,5.1168759949708,0.10874660571230683,500,0.010152531736053518,0.00021576707482605538,500,nan,nan,0,13.0118061137882,0.058924261214674235,500,9.48849721635588,0.08281183017958127,500,8.808293780279998,7.95206533574069e-17,500,6.69841269841,0.0,500,0.5472857142857978,0.018141928405294647,500,1.077349206349159,0.023799197970847247,500,0.08170379146918541,0.0027083921552924404,500,0.16083649289095883,0.0035529608345124695,500
8,5,2,0.625,8.0,8.0,0.40503715567423,0.00098544137791399,500,0.306715250663352,0.00019669857689423364,500,0.3099519361811638,0.00426281571529228,500,0.17867406763535443,0.0018641194603996616,500,0.30045618764507404,0.0025475278112144038,500,0.32528972471336126,0.0037652586968995585,500,4.4379569080476,0.09757347449373073,500,0.008805470055650499,0.00019359816367812567,500,nan,nan,0,13.9257524672276,0.0550183451134051,500,9.526608636962541,0.08186116729949733,500,10.066621463199997,1.590413067148138e-16,500,6.69841269841,0.0,500,0.5082857142857587,0.017876520551793534,500,1.0045317460318801,0.02202778561198843,500,0.0758815165877062,0.0026687696558380393,500,0.14996563981035518,0.0032885082785668028,500
8,5,2,0.625,9.0,8.0,0.40264884198889606,0.0009284925822357346,500,0.30532656392922003,0.0002427922594103932,500,0.2069657122110066,0.0031913087865222713,500,0.1643913550321148,0.0019192524013727727,500,0.28206807976959203,0.0027485156048308174,500,0.35154654016061077,0.0043687612589849035,500,4.10961426459716,0.09259116735195325,500,0.00815399655674072,0.0001837126336348332,500,nan,nan,0,14.7937212586838,0.05036708550904461,500,9.412835945185138,0.0808784411068945,500,11.324949146100002,7.95206533574069e-17,500,6.69841269841,0.0,500,0.5061666666667486,0.01765647079985038,500,0.9634365079366853,0.022790949346808056,500,0.0755651658768146,0.002635918626519296,500,0.1438305687202876,0.0034024403053267106,500
8,5,2,0.625,10.0,8.0,0.40379822868127596,0.0010103804430882022,500,0.30332425475642005,0.00024930648783765333,500,0.1448900315489516,0.0024544127097975853,500,0.1529035427869014,0.0018757408784808164,500,0.26838434898428604,0.002755170540149139,500,0.370206046270315,0.004529607207120141,500,3.88299331584254,0.09869233136553344,500,0.007704351817147421,0.00019581811778869788,500,nan,nan,0,15.7702521771066,0.045956323344341875,500,9.39691147525168,0.07899585927317251,500,12.583276829000003,7.95206533574069e-17,500,6.69841269841,0.0,500,0.4787857142858694,0.01753039868501806,500,0.95080952380962,0.022551320847999358,500,0.0714774881516886,0.0026170974340196393,500,0.14194549763025502,0.003366666382519105,500
8,6,2,0.75,1.0,8.0,0.42644069150898406,0.001387887570920247,500,0.39445013124997397,0.00014523783727966516,500,1.333222655468836,0.009452405937708045,500,0.31478478043699604,0.004010716334307465,500,0.500005700518294,0.005255314535684064,500,0.11747390081686879,0.0033094615075878776,500,20.16865778982888,0.9281437517349566,500,0.025725328813559677,0.0011838568261924895,500,nan,nan,0,9.98953446598306,0.08674687452358815,500,9.8959409732608,0.08770462386410155,500,1.33333333333,0.0,500,7.26530612245,0.0,500,1.1500510204081138,0.02460813786746142,500,2.211224489795498,0.03939200785341297,500,0.15829353932584,0.0033870751559129577,500,0.30435393258425086,0.005421933665217453,500
8,6,2,0.75,2.0,8.0,0.43182755456622396,0.0014629208856300345,500,0.397273829167176,0.00017425501434135965,500,1.294753986442802,0.008546805270755662,500,0.322453353259682,0.00408243352073652,500,0.500493476982298,0.005148374285569167,500,0.11924492581582338,0.00332479995474149,500,19.96135527563018,0.8521256229454184,500,0.0254609123413594,0.0010868949272256736,500,nan,nan,0,10.30943477343722,0.08610441082581037,500,9.942067299467341,0.08984737517166017,500,2.6666666666699994,1.9880163339351726e-17,500,7.26530612245,0.0,500,1.0522142857141021,0.019820386311691796,500,2.05163265306126,0.028862081099859903,500,0.14482724719103002,0.0027280868799790395,500,0.2823876404494512,0.003972589814305837,500
8,6,2,0.75,3.0,8.0,0.4312788372272,0.0013423387747661807,500,0.401336064350046,0.00016460326063915437,500,1.206575091390738,0.006448498473359592,500,0.319393630872434,0.0036087859880752074,500,0.48578710372441797,0.004280132025796685,500,0.12621299456321883,0.002829022810981799,500,16.35681833809068,0.49102442193402923,500,0.02086328869654468,0.0006263066606301477,500,nan,nan,0,10.76640911548342,0.07243656357431703,500,9.97208461500024,0.07870920693329458,500,4.0,0.0,500,7.26530612245,0.0,500,0.958499999999886,0.020131835496745288,500,1.8536326530613478,0.0195632141078877,500,0.1319283707865426,0.0027709548857879755,500,0.2551348314606706,0.0026926895822649154,500
8,6,2,0.75,4.0,8.0,0.432539564225304,0.0013663841273199458,500,0.40548888594374605,0.00019742854185370688,500,1.078427665832762,0.004203738701218311,500,0.31505337542023604,0.0036262741108749287,500,0.466697408503986,0.004010503645362705,500,0.13923877574191443,0.0027962574011571695,500,14.179669261589241,0.37910021276499667,500,0.01808631283365898,0.0004835461897512207,500,nan,nan,0,11.330140226802,0.0784667802397601,500,9.945467537949721,0.09050813282001806,500,5.333333333330001,3.976032667870345e-17,500,7.26530612245,0.0,500,0.901612244897766,0.020635172733349746,500,1.726091836734766,0.020972653260715807,500,0.1240983146067484,0.0028402344492532623,500,0.2375800561797866,0.002886685420715837,500
8,6,2,0.75,5.0,8.0,0.428328332013724,0.0011345536821486962,500,0.408971841991214,0.00020140610104536346,500,0.9182481019641,0.003862267976489243,500,0.29662831264278,0.0029783663732408264,500,0.432777002617764,0.003125312527254009,500,0.1630221351872774,0.002390074913939534,500,10.87360269688818,0.23307932534316964,500,0.013869391195010482,0.00029729505783567163,500,nan,nan,0,11.907239194731021,0.06906663447769341,500,9.800695761432861,0.0856964067045133,500,6.666666666669998,1.1928098003611036e-16,500,7.26530612245,0.0,500,0.7967959183671821,0.019275003706969458,500,1.5388469387753918,0.021789463640899263,500,0.1096713483146178,0.0026530201731508963,500,0.2118075842696722,0.0029991115685507686,500
8,6,2,0.75,6.0,8.0,0.42114239939782394,0.0009193695790085103,500,0.41188447205110607,0.00018250739882499903,500,0.740722370696758,0.005234500794799186,500,0.267885906180782,0.0023188597811030676,500,0.388830807214098,0.0024130165566372246,500,0.1997511330704406,0.0023784012436334156,500,8.05156356759106,0.14092034330355438,500,0.01026985148927538,0.00017974533584634843,500,nan,nan,0,12.755294419346178,0.06484290117262598,500,9.85873442715258,0.084949443098916,500,8.0,0.0,500,7.26530612245,0.0,500,0.7021734693876599,0.01906441503716372,500,1.360928571428258,0.02269005238526002,500,0.0966474719101126,0.0026240346539911463,500,0.187318820224728,0.003123069008083399,500
8,6,2,0.75,7.0,8.0,0.41382556642668206,0.0008331735437349726,500,0.414526215323558,0.00018520283565879206,500,0.556115773642178,0.005361082587645205,500,0.23718070096304797,0.0021428428078255,500,0.34625368079539603,0.0023476573480722372,500,0.24595317774405784,0.002896601357363596,500,6.26578768880106,0.11136435592047939,500,0.00799207613367508,0.00014204637234760227,500,nan,nan,0,13.7164265531482,0.05893694249090756,500,9.96675363944964,0.08286425869595365,500,9.33333333333,0.0,500,7.26530612245,0.0,500,0.6024999999999521,0.019065000290076052,500,1.1849897959182099,0.02221663712856654,500,0.0829283707865244,0.0026241152084648884,500,0.16310252808992498,0.003057907919382646,500
8,6,2,0.75,8.0,8.0,0.40858715883985003,0.000837994460664468,500,0.41690682155273395,0.0001956169762620649,500,0.390561659738324,0.004704262135617634,500,0.21189092204981597,0.002130868909903622,500,0.312418748946692,0.0024391626591333776,500,0.2857166510754001,0.0035098713229852795,500,5.21555857663098,0.09737512422010053,500,0.00665249818447806,0.0001242029645664594,500,nan,nan,0,14.712874943293999,0.05763984854533621,500,10.03118772208048,0.08638866735322501,500,10.6666666667,0.0,500,7.26530612245,0.0,500,0.5691122448979381,0.018101735616706117,500,1.090642857142962,0.022644056371605815,500,0.0783328651685478,0.002491531025893444,500,0.15011657303377224,0.003116738096092253,500
8,6,2,0.75,9.0,8.0,0.40599505777860806,0.0007829704318951458,500,0.41961677874231196,0.0002057279251316428,500,0.2606619549267664,0.003499657540224677,500,0.1928830756920896,0.0022787045784938725,500,0.290805679554962,0.0026370921686863402,500,0.31353975932207195,0.004093470923376636,500,4.719925344613201,0.10562309543601613,500,0.006020312939557939,0.00013472333601530602,500,nan,nan,0,15.5831850989504,0.052581898348008936,500,9.82589437894224,0.08572595385396663,500,12.0,0.0,500,7.26530612245,0.0,500,0.539785714285614,0.017430544166459703,500,1.048132653061542,0.022723325629612906,500,0.0742963483146286,0.002399147933024646,500,0.14426544943824057,0.003127648752387789,500
8,6,2,0.75,10.0,8.0,0.40150946907403395,0.0008594445757919431,500,0.42145071610476403,0.00019831159353459453,500,0.186042916619024,0.002978545463889925,500,0.17876381317528,0.0022860556374516253,500,0.27456188040539004,0.002697833156327195,500,0.33227547590610856,0.004393290554411071,500,4.39632257848292,0.10697489137676701,500,0.0056075543092895,0.0001364475655315535,500,nan,nan,0,16.790666764607398,0.053418081584030525,500,10.06919048042236,0.09156847389087594,500,13.3333333333,0.0,500,7.26530612245,0.0,500,0.554030612244824,0.017938281370095024,500,1.0424081632655038,0.022840194270490433,500,0.07625702247192541,0.0024690331099285114,500,0.1434775280899384,0.003143734604645598,500
8,7,2,0.875,1.0,8.0,0.433593054059656,0.0016038760733008402,500,0.508227997674454,0.00014907296214569405,500,1.446463369446172,0.010326357027633903,500,0.353575897577714,0.004613560329585644,500,0.52917914845408,0.005693890550031565,500,0.09648201885534044,0.003142019740589366,500,29.37862869534818,1.4786024050805435,500,0.02891597312533098,0.00145531732783299,500,nan,nan,0,10.20719551119636,0.09121445026174625,500,10.111223243479321,0.09224264699673045,500,1.3623062651399995,1.9880163339351726e-17,500,7.606299212599997,1.1928098003611036e-16,500,1.239129921260162,0.027503532449599834,500,2.420137795275874,0.043732046918881884,500,0.16290838509317898,0.0036158888417182292,500,0.31817546583855383,0.005749451303000668,500
8,7,2,0.875,2.0,8.0,0.438015014159854,0.0015968877604274733,500,0.5110645413117241,0.000150270270263269,500,1.408680678717618,0.008701942877229833,500,0.359960036660868,0.004551483295536706,500,0.5263385217684741,0.005398052506310494,500,0.09818695607612461,0.002939224696181676,500,27.4774833206985,1.1987117602177972,500,0.027044767047927236,0.001179834409662706,500,nan,nan,0,10.691833531182061,0.08464388706905926,500,10.3244436550102,0.08809704130202567,500,2.724612530270001,3.976032667870345e-17,500,7.606299212599997,1.1928098003611036e-16,500,1.147877952756126,0.020168812684296277,500,2.1948543307087904,0.031064161349155784,500,0.1509114906832348,0.0026515933860290935,500,0.2885574534161582,0.004084004649422303,500
8,7,2,0.875,3.0,8.0,0.44157241661932994,0.001543185145002035,500,0.515209433688976,0.0001813055699906124,500,1.318386691996312,0.0065990878338913735,500,0.364228116642856,0.004338138351135987,500,0.51905036324628,0.004924765547274115,500,0.10226066219712374,0.0028311499821366375,500,24.514836714737122,0.948994016747393,500,0.02412877629402964,0.0009340492290813885,500,nan,nan,0,11.004115540609,0.08302456914254705,500,10.183566031524801,0.09089052780029255,500,4.08691879541,0.0,500,7.606299212599997,1.1928098003611036e-16,500,1.0421574803150941,0.020599102694737484,500,2.01584645669302,0.021500538088568045,500,0.13701242236024622,0.0027081636047942724,500,0.26502329192546986,0.002826675297358808,500
8,7,2,0.875,4.0,8.0,0.439895720265364,0.0014432504174907797,500,0.5192236515797479,0.000180222896128041,500,1.179981383704408,0.004385823623789884,500,0.35539042142173605,0.003964641441903009,500,0.494971758530738,0.0041356155439820986,500,0.11449251674987519,0.00245675718032163,500,19.11495526837898,0.5754365286599331,500,0.01881393235076428,0.0005663745360824975,500,nan,nan,0,11.608754105710021,0.07928074856206002,500,10.1982428197117,0.0917585337082752,500,5.449225060550001,3.976032667870345e-17,500,7.606299212599997,1.1928098003611036e-16,500,0.925003937008116,0.020686498656693704,500,1.820539370078924,0.0198359149609672,500,0.1216102484471854,0.0027196535501017344,500,0.2393462732919396,0.0026078273292349952,500
8,7,2,0.875,5.0,8.0,0.43552677566008197,0.0011792206921282559,500,0.5231864810886641,0.0001728278457372143,500,1.007926095935022,0.004316498163293331,500,0.338964777051306,0.003376041708738488,500,0.461696975473654,0.003325128890358576,500,0.1335546206977582,0.0022457009617891997,500,14.3752370475597,0.3310398864682911,500,0.0141488553617715,0.00032582665990967235,500,nan,nan,0,12.24133100165774,0.07228049735981158,500,10.10389984598254,0.0892121413128402,500,6.811531325689999,3.976032667870345e-17,500,7.606299212599997,1.1928098003611036e-16,500,0.838606299212922,0.020396212545563966,500,1.638177165354602,0.02219253573057195,500,0.1102515527950228,0.002681489641081075,500,0.21537111801243758,0.002917652213023266,500
8,7,2,0.875,6.0,8.0,0.427309721394076,0.0009713010594627259,500,0.52596350994279,0.00015157819459217858,500,0.816413068575312,0.005688255352257469,500,0.30963101092797596,0.002849062779072942,500,0.41728890959143994,0.0027212849275359743,500,0.1657074102541506,0.0022610310374527663,500,10.519997717754919,0.19994841454559636,500,0.010354328462358,0.0001967996206156998,500,nan,nan,0,13.17920979027598,0.06635535133947645,500,10.263068092748622,0.0866487664104198,500,8.17383759082,0.0,500,7.606299212599997,1.1928098003611036e-16,500,0.79106692913423,0.019281277870267344,500,1.497661417323174,0.021364190632899776,500,0.104001552795019,0.002534909202403699,500,0.19689751552793883,0.0028087497001806276,500
8,7,2,0.875,7.0,8.0,0.422237678384934,0.0009257570188149832,500,0.5285003296666081,0.00014315250603968928,500,0.591618525517666,0.00635370619117657,500,0.28012914820004403,0.002715217308372994,500,0.37889166471682995,0.002838228851618991,500,0.20183758522002762,0.0027936246973190096,500,8.508864689578779,0.2270557078173792,500,0.008374866820451299,0.00022348002737931013,500,nan,nan,0,13.910043886733279,0.06587960251530028,500,10.019300369229338,0.0931590134547351,500,9.536143855960002,7.95206533574069e-17,500,7.606299212599997,1.1928098003611036e-16,500,0.695917322835016,0.0199067503790847,500,1.32124015748071,0.023732568963377262,500,0.0914922360248128,0.0026171400601875845,500,0.1737034161490516,0.0031201203502561566,500
8,7,2,0.875,8.0,8.0,0.413645301624408,0.000829392407084654,500,0.529404593963816,0.00011727555138370935,500,0.416181538201012,0.005185523298083224,500,0.245013276898248,0.0025164021638345675,500,0.337490704046902,0.0027544779977772774,500,0.24528572463667841,0.003359168701224034,500,6.63191529327928,0.1790668429553392,500,0.00652747568236138,0.00017624689267259946,500,nan,nan,0,14.966954564313001,0.05993538253314348,500,10.14792442603674,0.0900420356199291,500,10.898450121100002,7.95206533574069e-17,500,7.606299212599997,1.1928098003611036e-16,500,0.597236220472902,0.018840186554842764,500,1.1957244094495558,0.022920576751181136,500,0.07851863354033381,0.002476918936294643,500,0.157201863354019,0.0030133677509290944,500
8,7,2,0.875,9.0,8.0,0.409705713435294,0.0007946342982030764,500,0.529721711811316,0.00011232438523650305,500,0.2872545929400468,0.0038018219232247887,500,0.22163284362119998,0.002575145762967142,500,0.311384348852196,0.002903696497983631,500,0.27602421891025086,0.0038498966057851735,500,5.8702672230854605,0.19849989305445315,500,0.00577782206996556,0.00019537391048673263,500,nan,nan,0,16.1014249574352,0.05544374483750165,500,10.32202477341106,0.08862649877451978,500,12.2607563862,0.0,500,7.606299212599997,1.1928098003611036e-16,500,0.59805118110282,0.019542801468034197,500,1.135511811024538,0.02366225335071407,500,0.0786257763974672,0.0025692917043851214,500,0.1492857142856586,0.003110875958113806,500
8,7,2,0.875,10.0,8.0,0.40740368202195,0.0008017289134893002,500,0.5296539059382059,0.00013369010126199835,500,0.1998967753356214,0.0029277663381642614,500,0.2096693041228914,0.0024139825080586046,500,0.299025109270426,0.0027171359267525313,500,0.28625925983491063,0.003907614809176785,500,5.39451743972456,0.12222722318422306,500,0.00530956440917838,0.00012030238502389257,500,nan,nan,0,17.1016481129272,0.04913530991076195,500,10.226966451881879,0.08365898941672396,500,13.623062651400003,1.590413067148138e-16,500,7.606299212599997,1.1928098003611036e-16,500,0.604015748031956,0.018020349573899735,500,1.145893700788482,0.02177619302026838,500,0.079409937888149,0.002369134985383557,500,0.15065062111799501,0.0028629156455192485,500
8,8,2,1.0,1.0,8.0,0.438633499026324,0.0015724127411629347,500,0.6299435969265319,0.00017352392619933584,500,1.5087163793593217,0.009789016480826317,500,0.375413469858236,0.004541089210841751,500,0.5487850321571759,0.005467176144487836,500,0.0831732935818844,0.0027027492688149347,500,34.38571115090474,1.7283834197753352,500,0.03106206969367844,0.001561321969083037,500,nan,nan,0,10.379064175759861,0.09170769834328056,500,10.2820422884236,0.09275252336293352,500,1.38145139069,0.0,500,7.718157181570001,7.95206533574069e-17,500,1.3219945799454058,0.02851348999642212,500,2.5145582655823477,0.04494732888747007,500,0.17128370786512262,0.003694339118214991,500,0.3257977528089092,0.005823582991386224,500
8,8,2,1.0,2.0,8.0,0.44149947468891804,0.0015457442654145616,500,0.632625179582916,0.0001468226308262004,500,1.4560019393920898,0.008582076692556348,500,0.377192472097246,0.004539872103097704,500,0.5407887329343121,0.005282093730938045,500,0.0886378400375355,0.0026464864916032377,500,31.379340093283922,1.4360332542370582,500,0.02834628734713642,0.0012972296786236722,500,nan,nan,0,10.81413468201982,0.08358976259559381,500,10.44028873610554,0.08725248651642012,500,2.76290278138,0.0,500,7.718157181570001,7.95206533574069e-17,500,1.1912411924115378,0.021131736939189922,500,2.2887913279133083,0.0310054489829083,500,0.15434269662916,0.0027379251862915985,500,0.29654634831458837,0.004017208804316405,500
8,8,2,1.0,3.0,8.0,0.448962452100898,0.0015976272479553072,500,0.6370237297981179,0.00014824053183135533,500,1.389592612258576,0.006323860240070267,500,0.395751357890772,0.00433760241243502,500,0.550317579729674,0.004809576871589922,500,0.08365973058845656,0.0024021444129266583,500,30.6351066870984,1.0559711553006925,500,0.02767398978057842,0.0009539034826563453,500,nan,nan,0,10.9608728601029,0.07798643814412091,500,10.11875725313468,0.08506362568076456,500,4.144354172070001,3.976032667870345e-17,500,7.718157181570001,7.95206533574069e-17,500,1.099913279132438,0.019720077894631607,500,2.15456910569132,0.02043063739417617,500,0.14250983146063617,0.0025550241373317488,500,0.27915589887637393,0.002647087499454382,500
8,8,2,1.0,4.0,8.0,0.4468599931675041,0.0014748544305019178,500,0.6406873694747981,0.00015000417567307523,500,1.238506030723158,0.004723808350940908,500,0.382937470152024,0.004048604693645985,500,0.521095021206288,0.004191768029580322,500,0.0973313825713268,0.0022576561151012075,500,23.73631512564642,0.7262721953352139,500,0.021442019083694037,0.0006560724438436501,500,nan,nan,0,11.72194839315494,0.07484982506714398,500,10.291823432540541,0.08661483981604884,500,5.52580556276,0.0,500,7.718157181570001,7.95206533574069e-17,500,1.0015392953928282,0.02074288626673275,500,1.9562818428183042,0.02023282436550777,500,0.1297640449437604,0.0026875439018330376,500,0.253464887640385,0.002621457932184337,500
8,8,2,1.0,5.0,8.0,0.440170477394772,0.0012752344732616795,500,0.643823688943036,0.00015179002381791258,500,1.072383407519068,0.0037255322091128166,500,0.35831325076479403,0.003592871397482943,500,0.480136811302366,0.0034921584394048883,500,0.1195617628311086,0.0021552898515344366,500,17.20655137675424,0.44216369204264383,500,0.01554340684440548,0.00039942519606376236,500,nan,nan,0,12.56892150136002,0.0724561742235535,500,10.435138203937301,0.08947831933148952,500,6.907256953450001,3.976032667870345e-17,500,7.718157181570001,7.95206533574069e-17,500,0.9124010840106961,0.02097595589484146,500,1.757875338752706,0.020858140480034815,500,0.1182148876404032,0.0027177414765429866,500,0.22775842696623397,0.0027024767686545745,500
8,8,2,1.0,6.0,8.0,0.43365380673054404,0.0011257233316249223,500,0.64694242124334,0.00014978025130686022,500,0.8735736430426361,0.005081844470510208,500,0.3327401718931581,0.003082423128038477,500,0.44119775581881204,0.002973038648480414,500,0.14555247807929642,0.002138260051740074,500,12.9984057309697,0.30757842590668666,500,0.01174201059708238,0.0002778486232219115,500,nan,nan,0,13.23746887469634,0.06855535449037709,500,10.234324698902102,0.0909944241696568,500,8.288708344140002,7.95206533574069e-17,500,7.718157181570001,7.95206533574069e-17,500,0.826146341463398,0.020884727975683727,500,1.601701897018202,0.022829968096488514,500,0.1070393258426414,0.0027059215670715655,500,0.20752387640440897,0.002957955838345048,500
8,8,2,1.0,7.0,8.0,0.422828843989412,0.0008668609256881753,500,0.6488995763592541,0.0001429796951012694,500,0.685234939621114,0.005421446808575235,500,0.293474492083828,0.0025973993951957093,500,0.390835142179284,0.0025609084500706216,500,0.1859909924011928,0.002445591892122869,500,9.26856480930536,0.18554513714154533,500,0.00837268727127746,0.00016761078332558745,500,nan,nan,0,14.347454284250597,0.06621864428676275,500,10.499665356113539,0.0926405347199602,500,9.670159734829998,7.95206533574069e-17,500,7.718157181570001,7.95206533574069e-17,500,0.74254742547425,0.019299623722882752,500,1.420065040649948,0.02201023725240626,500,0.0962078651685114,0.0025005481579149116,500,0.18399016853924155,0.0028517477338979255,500
8,8,2,1.0,8.0,8.0,0.415876891740038,0.0007190170606810426,500,0.6511089146558261,0.00012346463580582663,500,0.48020138081924196,0.004336762252216142,500,0.263857570007344,0.0022788789658461464,500,0.354561331633756,0.0023121296589985233,500,0.2199680488987236,0.0027702938124513138,500,7.3280045931930395,0.13016584772290543,500,0.00661969701282126,0.00011758432495299205,500,nan,nan,0,15.237521556920802,0.05543332579563388,500,10.40214144774954,0.0822133933345788,500,11.0516111255,0.0,500,7.718157181570001,7.95206533574069e-17,500,0.658254742547364,0.019474624224217862,500,1.291317073170484,0.022279082031250685,500,0.08528651685391139,0.0025232220290510323,500,0.1673089887639928,0.002886580501943674,500
8,8,2,1.0,9.0,8.0,0.411150143904008,0.0007684676500318262,500,0.652933322403098,0.00013057959305639829,500,0.3336229805288684,0.0038170846391402283,500,0.23889786444468,0.0026256526941578024,500,0.327191259488922,0.002802443385234433,500,0.25105948903270464,0.0036345480658861898,500,6.54959013249648,0.18650479570579534,500,0.00591652225157748,0.00016847768356441391,500,nan,nan,0,16.2175227900748,0.05745265624768893,500,10.2821062851061,0.09339290699780718,500,12.433062516200001,7.95206533574069e-17,500,7.718157181570001,7.95206533574069e-17,500,0.636487804877936,0.01995494104222979,500,1.252119241192076,0.024182683903028527,500,0.08246629213481581,0.002585454088687926,500,0.16223033707860918,0.0031332199298530787,500
8,8,2,1.0,10.0,8.0,0.408646623813328,0.0008277062010848796,500,0.654453932714152,0.00012840007190011556,500,0.2353020921603598,0.003399506972706135,500,0.22009132716767,0.002757841267843308,500,0.30760629059501,0.0029509159525404655,500,0.2715123358718408,0.004050844978272687,500,6.0144535557731595,0.19094324631595347,500,0.00543311070982224,0.00017248712404329024,500,nan,nan,0,17.2749395314736,0.051401343693328494,500,10.24289012149578,0.08935697991278922,500,13.814513906900002,7.95206533574069e-17,500,7.718157181570001,7.95206533574069e-17,500,0.666081300812818,0.020985166041942848,500,1.23973983739802,0.026162610182484183,500,0.08630056179772819,0.002718934785631989,500,0.1606264044943432,0.0033897482996282547,500
8,4,2,0.5,1.0,9.0,0.40978050460108,0.0014427410564414086,500,0.189648616358178,0.00022550848941613365,500,0.8562273688386881,0.007860696788404413,500,0.1900855078294946,0.002728643699972329,500,0.396753864691864,0.00482005789761833,500,0.2491960501703264,0.005325691866898847,500,6.80426706714226,0.22802699999157003,500,0.02557995138022958,0.0008572443608702578,500,nan,nan,0,9.88925735607468,0.08708093456623367,500,9.81594816165534,0.08783054665043877,500,1.17437046035,0.0,500,5.894736842110002,7.95206533574069e-17,500,0.741699248120088,0.018923804713274157,500,1.47293233082708,0.031556125862204444,500,0.12582397959180538,0.0032102882995734827,500,0.24987244897957303,0.005353271351622611,500
8,4,2,0.5,2.0,9.0,0.417233625249628,0.0015883177316624842,500,0.191392557619006,0.00021805820666953636,500,0.8588673738383721,0.0073533218372028065,500,0.1935794793685826,0.002733301085428813,500,0.398424515580748,0.004607231768534101,500,0.2491575612415878,0.004838306105385685,500,6.77184660701862,0.18707839777086172,500,0.0254580699511993,0.0007033022472589947,500,nan,nan,0,9.989352745565201,0.08266890572643026,500,9.69704613904446,0.085503581696914,500,2.34874092071,0.0,500,5.894736842110002,7.95206533574069e-17,500,0.7066315789472367,0.017055891623682793,500,1.392270676691598,0.023107658878683397,500,0.1198750000000131,0.0028934101861619156,500,0.23618877551018722,0.0039200492740605495,500
8,4,2,0.5,3.0,9.0,0.419485947695816,0.0014724319308382962,500,0.194709674230758,0.0002565908850022239,500,0.817128708291146,0.006294329709050544,500,0.1909571704214856,0.002576958015174343,500,0.38943352129927805,0.00408408073020024,500,0.25803380369193496,0.00423023770286179,500,6.2962555077232,0.15266017049911557,500,0.023670133487677845,0.0005739104154099256,500,nan,nan,0,10.38223349869654,0.08432718734761985,500,9.738070563771522,0.09060989631200685,500,3.52311138106,0.0,500,5.894736842110002,7.95206533574069e-17,500,0.6378796992480359,0.016384894467781408,500,1.2918796992481294,0.020140517659043906,500,0.10821173469386003,0.0027795803114986344,500,0.2191581632652782,0.00341669496001592,500
8,4,2,0.5,4.0,9.0,0.41400031054106,0.0013238982024236252,500,0.19861390270371398,0.0002597099952506515,500,0.7454147976552099,0.004845888255270411,500,0.179085182913754,0.002216183766290081,500,0.361430953244962,0.0033207431882817913,500,0.28652889581129826,0.003911826461106261,500,5.2759821244281,0.09818371979461177,500,0.019834519264769198,0.000369111728551233,500,nan,nan,0,10.98590045223064,0.07454114890060502,500,9.89461953115988,0.08366375691362855,500,4.69748184142,0.0,500,5.894736842110002,7.95206533574069e-17,500,0.6108120300750159,0.017569734176098556,500,1.19081203007488,0.01998588662941892,500,0.10361989795918664,0.0029805799048754755,500,0.2020127551020272,0.0033904629103471678,500
8,4,2,0.5,5.0,9.0,0.414657166248076,0.0013332603704876405,500,0.20292670517992598,0.00028487656272094134,500,0.6307807622581099,0.005208392879006668,500,0.16866271600010582,0.0019304855185837317,500,0.339297057772998,0.002780440679622457,500,0.310573802542404,0.0035634405061053627,500,4.6349382473649205,0.07354288193803574,500,0.01742457987731284,0.0002764769997672282,500,nan,nan,0,11.58827609816796,0.07084132869963158,500,9.93761552423484,0.08443516916480104,500,5.87185230177,0.0,500,5.894736842110002,7.95206533574069e-17,500,0.553548872180406,0.01644576392148771,500,1.1009172932326232,0.02000875412297178,500,0.09390561224490723,0.002789906379538651,500,0.1867627551020452,0.0033943422172912924,500
8,4,2,0.5,6.0,9.0,0.40742498643110403,0.0013122276469135776,500,0.208717238794142,0.00032232971579639573,500,0.508009200830864,0.0059536759245820015,500,0.1587974295920934,0.0017493042208633406,500,0.316103008336922,0.0025932373824413346,500,0.34114879100772655,0.0036779900314269426,500,4.10073867930162,0.06913446160167461,500,0.015416310824442519,0.00025990399098359875,500,nan,nan,0,11.998153873930521,0.06758498881932018,500,9.63976615165672,0.0856502574793504,500,7.04622276213,0.0,500,5.894736842110002,7.95206533574069e-17,500,0.5080150375939867,0.016603567623429894,500,1.0200601503756686,0.020272560606899057,500,0.08618112244898811,0.0028166766504031256,500,0.17304591836732874,0.0034390951029559177,500
8,4,2,0.5,7.0,9.0,0.40527537809289205,0.0012831196944885566,500,0.21263889879457598,0.00033635311664264564,500,0.39972154330724896,0.005983072319643052,500,0.14578897810287259,0.0016908837261205164,500,0.29022266711056605,0.0025609464195527555,500,0.37547554949212203,0.0039660241671444565,500,3.6525602178258607,0.06795451304496396,500,0.01373142939032244,0.0002554680941538311,500,nan,nan,0,12.97073524145948,0.06391713284442992,500,9.95255237082864,0.08549204062538114,500,8.220593222480002,7.95206533574069e-17,500,5.894736842110002,7.95206533574069e-17,500,0.4959398496240494,0.017432476133216506,500,0.9576090225560786,0.021144835091696446,500,0.08413265306124794,0.0029572950583140376,500,0.16245153061223572,0.0035870702387703728,500
8,4,2,0.5,8.0,9.0,0.40429248122717004,0.001279634650524261,500,0.217717338330424,0.00031266490080237186,500,0.2787651534615004,0.005057845266400482,500,0.1322568358700744,0.0015840025635125614,500,0.26620976972621996,0.002403339953048635,500,0.41207766660130196,0.004243394502165608,500,3.19246598142354,0.048766000930961804,500,0.0120017518098628,0.00018333083056757326,500,nan,nan,0,13.695960973462999,0.05973929058069889,500,9.875128570869002,0.08466203861459448,500,9.39496368283,0.0,500,5.894736842110002,7.95206533574069e-17,500,0.42649624060158725,0.016080870375008355,500,0.849518796992503,0.02098841454054325,500,0.072352040816352,0.0027280047957605543,500,0.14411479591839077,0.0035605346095560794,500
8,4,2,0.5,9.0,9.0,0.401193808254526,0.0013050573276103443,500,0.221758802869602,0.00030868235917493167,500,0.1835715601281516,0.003494957610030656,500,0.12013256454921241,0.001558461923874612,500,0.245580857392084,0.0024933393932581043,500,0.444887750957096,0.004720057226648509,500,2.9058616400933404,0.04544198365822491,500,0.01092429188005042,0.0001708345250309323,500,nan,nan,0,14.489161171301799,0.05655081443164647,500,9.80927634178338,0.0849243938163375,500,10.569334143199999,7.95206533574069e-17,500,5.894736842110002,7.95206533574069e-17,500,0.3972330827068993,0.01564775268728229,500,0.7778496240603718,0.020574450651804056,500,0.06738775510206978,0.0026545294737350907,500,0.13195663265310037,0.0034903085927157932,500
8,4,2,0.5,10.0,9.0,0.399515888145812,0.0012394435829361206,500,0.225272734586066,0.0003067839822554748,500,0.125034511938291,0.0026272041425973685,500,0.1146058426691236,0.0016723471158997445,500,0.23564341923441998,0.002649658357101864,500,0.460018610581534,0.0050409756504611,500,2.8177669928860807,0.04997660365344321,500,0.010593108995811762,0.00018788196862200914,500,nan,nan,0,15.3752029620758,0.05450240128801176,500,9.80708620377212,0.08709994561931483,500,11.743704603499996,1.590413067148138e-16,500,5.894736842110002,7.95206533574069e-17,500,0.40081203007532884,0.016511084536985875,500,0.7749473684214708,0.020805249581132126,500,0.06799489795921049,0.0028009875553809214,500,0.13146428571434746,0.0035294619825108247,500
8,5,2,0.625,1.0,9.0,0.41358017692399196,0.0012534884252947578,500,0.286502990725042,0.0001740067059350866,500,1.050959962232886,0.009588252983278896,500,0.23150615551514078,0.0035154458404246212,500,0.41508761124093996,0.005150518725766673,500,0.20038495625154662,0.004897998244035375,500,9.97621125747912,0.40244481290849615,500,0.019794069955316382,0.0007985016129133301,500,nan,nan,0,10.908629816104119,0.09565598737034743,500,10.8323827399448,0.09643114580315824,500,1.2583276828999996,1.9880163339351726e-17,500,6.69841269841,0.0,500,0.889666666666634,0.02271967404351363,500,1.7246111111109999,0.03700602461871158,500,0.132817535545039,0.0033917996794822864,500,0.25746563981041437,0.00552459609236701,500
8,5,2,0.625,2.0,9.0,0.41669638384890195,0.0013177785902597882,500,0.28952854863042804,0.0001855958644938785,500,1.0613741536547259,0.008383872487142641,500,0.2431263134746236,0.0034251318924258937,500,0.42748383489306796,0.0048054419546675175,500,0.1904264814088978,0.004260600810175171,500,10.30681235424014,0.3772920737506855,500,0.02045002451237938,0.000748595384425953,500,nan,nan,0,10.84501905515316,0.08852238946949331,500,10.536315518900318,0.09149405478003025,500,2.51665536579,0.0,500,6.69841269841,0.0,500,0.8164523809523841,0.018705135622718333,500,1.656095238095294,0.025573479678541677,500,0.12188744075830461,0.002792472853629642,500,0.24723696682467658,0.0038178417529573733,500
8,5,2,0.625,3.0,9.0,0.41773861705352794,0.0013464905430885877,500,0.29349508703435195,0.00020669135344335846,500,1.003326161230476,0.007152853234933801,500,0.2418367702758194,0.0032996750185540994,500,0.415903167038418,0.004430570630809235,500,0.20034114968315458,0.00409613430419609,500,9.29797767664534,0.2782681661355467,500,0.01844836840604224,0.0005521193772529907,500,nan,nan,0,11.293581157164441,0.08736257315217368,500,10.61734798859608,0.09363380467205044,500,3.7749830486899993,1.9880163339351726e-17,500,6.69841269841,0.0,500,0.7611825396826757,0.01840700956722112,500,1.511087301587082,0.02031445772118547,500,0.1136362559241708,0.0027479658832583157,500,0.225588862559267,0.0030327271005551907,500
8,5,2,0.625,4.0,9.0,0.419646282436664,0.001306533464818499,500,0.298271342318052,0.00024470820317697606,500,0.8983465038417601,0.005390117749665566,500,0.2373612416959794,0.003069753382030181,500,0.400428484858958,0.00383783670320091,500,0.2128073895549378,0.003691651308980635,500,8.1453689774544,0.20606824978936558,500,0.0161614463838364,0.0004088655749787617,500,nan,nan,0,11.69260280686852,0.08513125208352486,500,10.50630499263486,0.09618699005436321,500,5.03331073159,0.0,500,6.69841269841,0.0,500,0.7438730158732347,0.01914839454464983,500,1.427222222221998,0.02102564309491983,500,0.1110521327014058,0.00285864657893954,500,0.21306872037916783,0.0031388993245963837,500
8,5,2,0.625,5.0,9.0,0.415596812092832,0.0011301465669239805,500,0.301839286978424,0.00022660842935850667,500,0.774216877059384,0.004242466588023329,500,0.2186077066380096,0.0026072656133908907,500,0.368002729189024,0.003142934450029757,500,0.24249475489840525,0.0033582597781953894,500,6.51225442630028,0.13494669907817597,500,0.0129211397347208,0.0002677513870598097,500,nan,nan,0,12.33319130866578,0.07793350112121447,500,10.55021351954526,0.09225118490979586,500,6.29163841448,0.0,500,6.69841269841,0.0,500,0.6715952380954305,0.017175124097519465,500,1.2858253968251334,0.02106302318352734,500,0.10026184834124502,0.0025640588107663947,500,0.1919597156398032,0.00314447976436705,500
8,5,2,0.625,6.0,9.0,0.41124060243558996,0.001038251736836518,500,0.30497824515450805,0.00021275457346721626,500,0.6454118154586399,0.005144431866631858,500,0.200495277181989,0.002052104358865768,500,0.33715129077302797,0.0024720229690746733,500,0.2737470183040552,0.0030259104252562965,500,5.393926861915159,0.09982376847190982,500,0.01070223583713038,0.00019806303268220273,500,nan,nan,0,13.171243701047878,0.07087436453606787,500,10.725565426397441,0.08895387834086979,500,7.549966097379999,3.976032667870345e-17,500,6.69841269841,0.0,500,0.622412698412858,0.017701240835418703,500,1.1927777777777082,0.020420773164794247,500,0.0929194312796066,0.0026426023048132454,500,0.17806872037914717,0.003048598837401337,500
8,5,2,0.625,7.0,9.0,0.406134248936096,0.0010032057305298227,500,0.30653103896051,0.00020680594805253124,500,0.498532397211706,0.005931993701157858,500,0.1840689048698608,0.001964897561458631,500,0.309642166962254,0.002513328371318391,500,0.31101704981752143,0.003459186424913914,500,4.6381218616019995,0.08903225826491076,500,0.00920262274127444,0.00017665130608128632,500,nan,nan,0,13.8944208582377,0.07020060026895791,500,10.65671104909718,0.09350163477424787,500,8.808293780279998,7.95206533574069e-17,500,6.69841269841,0.0,500,0.5638888888890458,0.017396935554809465,500,1.0696428571427996,0.021433954462234204,500,0.0841824644549702,0.002597172843489725,500,0.159686018957313,0.0031998557609515116,500
8,5,2,0.625,8.0,9.0,0.40445447470829593,0.0009152458276534675,500,0.30759377612739003,0.00020317020110474264,500,0.36838781423643,0.0054404309012155445,500,0.16753228567931921,0.001766816256835695,500,0.284346647464586,0.002363221165802243,500,0.345282308194696,0.003759921974113263,500,4.05061583283448,0.0683709012164562,500,0.008036936176257939,0.00013565655003254656,500,nan,nan,0,14.7547152060878,0.06279031312973682,500,10.69955465095904,0.0878563740614922,500,10.066621463199997,1.590413067148138e-16,500,6.69841269841,0.0,500,0.523071428571534,0.016939212461361985,500,1.0047142857144387,0.02153620699043752,500,0.07808886255925318,0.002528839775038426,500,0.1499928909952028,0.003215120948808879,500
8,5,2,0.625,9.0,9.0,0.39993296071188,0.0009357610872265358,500,0.30683541194522795,0.0002226971780992192,500,0.2503529782933092,0.003942648161447977,500,0.1497342376381272,0.0019413453993232426,500,0.26047734850305604,0.0027853584881732474,500,0.386353729808426,0.004561330406454015,500,3.67502381760968,0.0914964631256197,500,0.007291713923828779,0.00018154060143972027,500,nan,nan,0,15.6150761758576,0.06352173345550553,500,10.629606375719181,0.09602385114114209,500,11.324949146100002,7.95206533574069e-17,500,6.69841269841,0.0,500,0.4501349206350248,0.016628517357395307,500,0.8893333333335123,0.021824807945625073,500,0.06720023696686579,0.0024824563827409007,500,0.132767772511796,0.003258205925529734,500
8,5,2,0.625,10.0,9.0,0.39876375006137005,0.0009303111927718969,500,0.30553423931234797,0.00023922250461604758,500,0.17291525996360257,0.0028836687070055056,500,0.14400034978330137,0.0018757240256440145,500,0.25237703360860003,0.002689839680155663,500,0.397108402091636,0.004804951575039435,500,3.53222761486348,0.07195063355051928,500,0.00700838812472914,0.00014275919355259198,500,nan,nan,0,16.556208962984602,0.059209478203362226,500,10.636907852452401,0.0936326147123639,500,12.583276829000003,7.95206533574069e-17,500,6.69841269841,0.0,500,0.45164285714294056,0.016942744278567932,500,0.8692857142857652,0.02224356732334049,500,0.0674253554502668,0.0025293670368491655,500,0.12977488151654362,0.0033207221359476662,500
8,6,2,0.75,1.0,9.0,0.414633858374878,0.0012056327711906822,500,0.39304030001036006,0.00012210913893150076,500,1.2231011953335043,0.01071270579794261,500,0.2706444931127682,0.0039620392912592785,500,0.43962908494755,0.0051938334161541295,500,0.1614002984134114,0.004364212042528357,500,13.67729677320538,0.6004101662886705,500,0.01744553159847562,0.0007658292937355399,500,nan,nan,0,11.46325217674158,0.09605076456907109,500,11.382324507997941,0.0967892409241878,500,1.33333333333,0.0,500,7.26530612245,0.0,500,0.979877551020248,0.024180990420946746,500,1.9193469387753421,0.03881388912379881,500,0.13487078651685722,0.003328282389400444,500,0.26417977528091446,0.005342361143444333,500
8,6,2,0.75,2.0,9.0,0.423845646917812,0.001383877998206898,500,0.396143744101818,0.00015110480427061763,500,1.2298433999034142,0.009706440202700919,500,0.28951199906021124,0.004192865896253724,500,0.45819912155737397,0.005351276057406045,500,0.1506552795300096,0.004060752722493527,500,15.74038796622874,0.6781966225752629,500,0.020077025467127838,0.0008650467124683088,500,nan,nan,0,11.32263457077732,0.09417210785221347,500,10.990095077638601,0.09740189308430071,500,2.6666666666699994,1.9880163339351726e-17,500,7.26530612245,0.0,500,0.924112244897812,0.019189110903684862,500,1.8836632653059902,0.030117218508319846,500,0.1271952247191224,0.0026411978491032123,500,0.25926825842698137,0.00414534749131229,500
8,6,2,0.75,3.0,9.0,0.424725947355044,0.0014599287611739334,500,0.39979430066555,0.00019217985204372798,500,1.1493980379015258,0.007976343950292926,500,0.28840602418032485,0.004185569510345852,500,0.446276642103526,0.005039976554682975,500,0.1601172200427924,0.0038592215158803327,500,14.02270367636668,0.534340265702613,500,0.01788610162801974,0.0006815564613553294,500,nan,nan,0,11.88073083513806,0.09827069496520219,500,11.15325712741836,0.1057043201102382,500,4.0,0.0,500,7.26530612245,0.0,500,0.874357142857066,0.02075492955518195,500,1.729693877551132,0.022264219090537038,500,0.1203469101123668,0.0028567178320330297,500,0.23807584269662999,0.003064457122011599,500
8,6,2,0.75,4.0,9.0,0.423898871481372,0.0013006947501747069,500,0.403560280998738,0.00019292892323746782,500,1.053052632282478,0.005421740631769254,500,0.28319721619673804,0.0036713603758363788,500,0.42892096023631804,0.004098456109717024,500,0.169067574265079,0.003253252229552197,500,11.539175717430341,0.34244964391217037,500,0.01471833637427428,0.00043679801519416707,500,nan,nan,0,12.414524144407158,0.08677995029305235,500,11.16456761147362,0.09793708322567263,500,5.333333333330001,3.976032667870345e-17,500,7.26530612245,0.0,500,0.810867346938624,0.019233587318251217,500,1.606051020408194,0.02088624039803695,500,0.11160814606743,0.002647319602793931,500,0.2210575842697122,0.002874791515459458,500
8,6,2,0.75,5.0,9.0,0.42128972423898403,0.0011274298689817979,500,0.407106943637138,0.00019548972082866607,500,0.92871862994296,0.0037680088211732056,500,0.26558569668764404,0.0030394066940086684,500,0.39768735613601003,0.0032206565152783635,500,0.19369217128203298,0.0029655856050250884,500,8.92830885556574,0.1988893722261991,500,0.01138814905046798,0.0002536854237578512,500,nan,nan,0,13.037333946163699,0.07978038959565643,500,11.14653822417238,0.09452346431539768,500,6.666666666669998,1.1928098003611036e-16,500,7.26530612245,0.0,500,0.7479693877549819,0.019703960695826556,500,1.4210408163265478,0.02182141620373062,500,0.1029508426966358,0.002712062005886189,500,0.19559269662925158,0.0030035095336597263,500
8,6,2,0.75,6.0,9.0,0.417539953901342,0.0009035174278945564,500,0.409962989166438,0.00019563437970538568,500,0.7732144675696441,0.005070695804047263,500,0.249282714803674,0.002521385295607645,500,0.36968061595332596,0.00260501487797777,500,0.21875006217540818,0.002737501724703455,500,7.383925479650239,0.13596955867263,500,0.0094182722954735,0.0001734305595314304,500,nan,nan,0,13.70622961888542,0.07753972300669314,500,11.04854129451128,0.09798222347470786,500,8.0,0.0,500,7.26530612245,0.0,500,0.6890306122448101,0.018786178887970455,500,1.3501428571425982,0.02209745185755339,500,0.0948384831460754,0.002585738105366636,500,0.18583426966290897,0.003041503205113659,500
8,6,2,0.75,7.0,9.0,0.411075283011412,0.0008178361739313612,500,0.412934256926954,0.00020688856363656612,500,0.6072761151951219,0.005961347634839298,500,0.224305934649652,0.0022187117485040287,500,0.33314543381743394,0.0023684242018073265,500,0.26037003422630856,0.003049197806370816,500,5.890025768333599,0.10338507146510444,500,0.007512787969813541,0.00013186871360353067,500,nan,nan,0,14.5270805616026,0.07094215777422984,500,11.04351714005362,0.09472087244525475,500,9.33333333333,0.0,500,7.26530612245,0.0,500,0.59946938775507,0.019085161134961667,500,1.178418367346794,0.02313451146077503,500,0.082511235955063,0.0026268901562158742,500,0.1621980337078906,0.0031842445549943293,500
8,6,2,0.75,8.0,9.0,0.406868986062532,0.0007778456845528896,500,0.414844006059442,0.00020245826160295182,500,0.44911247736574794,0.005512894501084594,500,0.1968451019484346,0.002123882772619006,500,0.297360056661494,0.0023774414027224167,500,0.306520549815026,0.0036457951655759642,500,4.799676079837219,0.08830066769766202,500,0.00612203581611896,0.00011262840267559665,500,nan,nan,0,15.5514004630902,0.06640281510256443,500,11.21676646295708,0.09446279175434394,500,10.6666666667,0.0,500,7.26530612245,0.0,500,0.535530612244864,0.017382835902903793,500,1.054602040816416,0.02212164969265738,500,0.0737106741573076,0.002392581346185084,500,0.14515589887643499,0.0030448338060108807,500
8,6,2,0.75,9.0,9.0,0.402388972218662,0.0008032818829389687,500,0.417197410279812,0.00021447972396702384,500,0.308645252979881,0.004499919446894737,500,0.178897262095075,0.0021210277469211492,500,0.274331004878628,0.0024938215685960667,500,0.33873327444784457,0.004073814673226549,500,4.28168788285312,0.10973722172613971,500,0.00546133658527288,0.00013997094607939303,500,nan,nan,0,16.4615017577218,0.06436374716760163,500,11.14672790753136,0.09806443791528674,500,12.0,0.0,500,7.26530612245,0.0,500,0.496622448979518,0.017859196052730942,500,0.997010204081844,0.02153713242940718,500,0.068355337078661,0.0024581477713018518,500,0.13722893258429558,0.0029643805871912513,500
8,6,2,0.75,10.0,9.0,0.399658265800604,0.000766581146928375,500,0.41918989754857,0.00021321933880125778,500,0.217725958136904,0.003439557667151688,500,0.1616462319351356,0.0021027243095099804,500,0.25267183674966404,0.0025435283713900305,500,0.3710900373246262,0.004533127852473261,500,3.80084442957052,0.07806670904752225,500,0.0048480158540441,9.957488398915966e-05,500,nan,nan,0,17.5465461485748,0.06329580116374862,500,11.2677524639849,0.10149613496200983,500,13.3333333333,0.0,500,7.26530612245,0.0,500,0.48115306122443596,0.017757239021291688,500,0.9075000000001401,0.02275015051382779,500,0.066226123595514,0.00244411435967162,500,0.12490870786519719,0.003131340941508187,500
8,7,2,0.875,1.0,9.0,0.420801268307592,0.001293469501478946,500,0.506967984670914,0.00015257839266237161,500,1.344206712488676,0.011373970089369636,500,0.3073320282671632,0.004443949420840586,500,0.470506151934464,0.005490141814589403,500,0.1318586954894503,0.003980811243613293,500,19.23079737422964,0.978336296108502,500,0.01892795017148412,0.0009629294253034216,500,nan,nan,0,11.5882172049003,0.09963307836064374,500,11.504065870400481,0.10050789337702368,500,1.3623062651399995,1.9880163339351726e-17,500,7.606299212599997,1.1928098003611036e-16,500,1.089330708661638,0.026375387800036763,500,2.105291338582986,0.041939920363575134,500,0.1432142857142656,0.003467571687997222,500,0.276782608695687,0.00551384046187822,500
8,7,2,0.875,2.0,9.0,0.42659165367498203,0.001373388726748195,500,0.5097939205829319,0.0001550088797584381,500,1.319544917054282,0.009834191465172046,500,0.315400053297192,0.004378651503665734,500,0.471688470278454,0.005248242074092533,500,0.13087076847721255,0.003545691797957231,500,19.195376844179282,0.9668399218083713,500,0.01889308744506002,0.0009516140962686554,500,nan,nan,0,11.843570201094781,0.09648644621339718,500,11.51175503801036,0.09981591403042937,500,2.724612530270001,3.976032667870345e-17,500,7.606299212599997,1.1928098003611036e-16,500,1.001314960630142,0.019626709252212823,500,1.984027559055382,0.02876605743866691,500,0.1316428571428588,0.002580323059037507,500,0.26084006211182337,0.0037818729758910593,500
8,7,2,0.875,3.0,9.0,0.43020844410659004,0.00146487045706158,500,0.513362300705092,0.0001631669363644226,500,1.2693757847068,0.00827975598334136,500,0.329061501010278,0.004457588350044009,500,0.47649364573811204,0.005039545142216131,500,0.1293282332709292,0.003430796286446136,500,18.88665770675232,0.7142088760498427,500,0.0185892300263268,0.0007029614921744972,500,nan,nan,0,12.144814099751141,0.09137645746160897,500,11.40946133772694,0.09791693232489508,500,4.08691879541,0.0,500,7.606299212599997,1.1928098003611036e-16,500,0.99204330708671,0.020307004031950047,500,1.871173228346574,0.021723342083979812,500,0.13042391304346979,0.0026697613996454067,500,0.24600310559009858,0.00285596733402336,500
8,7,2,0.875,4.0,9.0,0.429340077224958,0.0012517842430514983,500,0.517271343727544,0.00017361637328224233,500,1.169161385906118,0.0053217202115076676,500,0.32139918002056,0.003841102547416863,500,0.45593959018680597,0.004043772920846813,500,0.1390163891268042,0.002820905725842142,500,15.010284304399622,0.45193934641501127,500,0.0147739018744105,0.00044482219135330846,500,nan,nan,0,12.80059123922762,0.08734441181671035,500,11.54045005217932,0.09793446950223506,500,5.449225060550001,3.976032667870345e-17,500,7.606299212599997,1.1928098003611036e-16,500,0.893952755905696,0.01959468391342244,500,1.72543700787408,0.020818817309581607,500,0.11752795031055599,0.0025761126884100145,500,0.2268431677018946,0.002737049480659522,500
8,7,2,0.875,5.0,9.0,0.426646919101908,0.001110894267756244,500,0.521035871144672,0.00018260813016444404,500,1.01999306270958,0.004006765950724307,500,0.30301237049494595,0.0034510646388706376,500,0.424908325370018,0.0034115237199445233,500,0.1614227493231758,0.0026895994527309447,500,11.697520547353939,0.28835426640756084,500,0.011513307625348761,0.0002838132543382442,500,nan,nan,0,13.366244657528139,0.08116138137691141,500,11.4441237010429,0.0957887591461545,500,6.811531325689999,3.976032667870345e-17,500,7.606299212599997,1.1928098003611036e-16,500,0.810106299212714,0.020256645970517188,500,1.566082677165386,0.022034006591423825,500,0.106504658385089,0.0026631408263509716,500,0.205892857142858,0.0028968103903819257,500
8,7,2,0.875,6.0,9.0,0.42145096259602605,0.0009328863210605976,500,0.523900024455508,0.00016835550251198802,500,0.85826270556365,0.005300573346406623,500,0.27951869471151597,0.0027037421135177753,500,0.38866027062504394,0.0025679151852168384,500,0.18974647304667738,0.0023782627360036273,500,8.94473742392524,0.16685792743959488,500,0.00880387541724728,0.00016423024354274382,500,nan,nan,0,14.25736263659072,0.07444157115180515,500,11.61551802462182,0.09289101528909902,500,8.17383759082,0.0,500,7.606299212599997,1.1928098003611036e-16,500,0.735129921259952,0.019183534696500523,500,1.4407204724410398,0.022356623977925556,500,0.09664751552794121,0.002522058909373596,500,0.18941149068323843,0.0029392248915064817,500
8,7,2,0.875,7.0,9.0,0.41458395633864803,0.0008794922613596869,500,0.526673479421862,0.000178582070313683,500,0.67430514938322,0.006828474020218947,500,0.25231553547796803,0.0025852485693432475,500,0.3521782844596841,0.002592745228493004,500,0.2268385530795558,0.0027988799711216156,500,7.19475530119936,0.15940020855837803,500,0.007081452068110779,0.00015688996905361587,500,nan,nan,0,15.086827590882601,0.07894518330020436,500,11.58936481465392,0.10470771370588887,500,9.536143855960002,7.95206533574069e-17,500,7.606299212599997,1.1928098003611036e-16,500,0.65662204724444,0.018256782390388956,500,1.30067716535435,0.022566512369335417,500,0.0863260869565068,0.0024002188028744795,500,0.17100000000001636,0.0029668189139796376,500
8,7,2,0.875,8.0,9.0,0.408020485427322,0.0007789821275781429,500,0.528282840952562,0.00012891191836165398,500,0.502087885897238,0.006673186457893596,500,0.22566010095174802,0.0024215908680504344,500,0.317805689926296,0.0025251826730718317,500,0.26747444562534767,0.0033275454866791665,500,5.83485188387772,0.1170104174875847,500,0.0057429644526347,0.00011516773374750427,500,nan,nan,0,16.018358717647004,0.0731072520142604,500,11.62714380434642,0.10294382767429539,500,10.898450121100002,7.95206533574069e-17,500,7.606299212599997,1.1928098003611036e-16,500,0.590870078740532,0.018753979033407905,500,1.164342519685398,0.022296294372114684,500,0.077681677018617,0.0024655852352382795,500,0.15307608695650005,0.0029312933594790548,500
8,7,2,0.875,9.0,9.0,0.407388920818064,0.00079003633979415,500,0.5293581540716141,0.00011983660830389247,500,0.332282543919918,0.00515112413699317,500,0.205987499856651,0.0025091626657831358,500,0.29434947170548,0.002790064118999444,500,0.2992978739682002,0.003966804740515484,500,5.221483749515261,0.16183018253960407,500,0.005139255658970979,0.00015928167572790245,500,nan,nan,0,16.808660948341,0.07096195599423084,500,11.358608470844262,0.10687502599708353,500,12.2607563862,0.0,500,7.606299212599997,1.1928098003611036e-16,500,0.5415826771657201,0.017703170475295574,500,1.081440944882536,0.022430080221151366,500,0.07120186335399462,0.002327435455857488,500,0.1421770186335054,0.0029488821822815383,500
8,7,2,0.875,10.0,9.0,0.40273202456493196,0.0007294881251746891,500,0.530051698934836,0.00012395974482590073,500,0.239937123387816,0.0034236192879260807,500,0.187637289399928,0.002329964746311273,500,0.273057145884276,0.0026382103139379535,500,0.3262165921679024,0.0041314831061670465,500,4.61134538888814,0.11357304992956754,500,0.00453872577646516,0.00011178449796223144,500,nan,nan,0,18.015343163319603,0.06167854041096115,500,11.667487222907221,0.09738887736176266,500,13.623062651400003,1.590413067148138e-16,500,7.606299212599997,1.1928098003611036e-16,500,0.519200787401964,0.01817021885397705,500,1.009606299213442,0.02202539713455547,500,0.06825931677014299,0.002388838296532263,500,0.1327329192546196,0.0028956785052653474,500
8,8,2,1.0,1.0,9.0,0.424144809211032,0.0012800966113483568,500,0.628659483053004,0.0001531914385434768,500,1.399928448668606,0.011068942044205934,500,0.324990761197956,0.00440822297411165,500,0.486704047875326,0.005317665767744429,500,0.11750351864559369,0.0035947298365745337,500,21.593883106785682,1.022541570787951,500,0.0195066694731587,0.0009237051226636089,500,nan,nan,0,11.726303916037281,0.09275921694441615,500,11.64161483029442,0.09351874011179637,500,1.38145139069,0.0,500,7.718157181570001,7.95206533574069e-17,500,1.136271002709638,0.02771670949985162,500,2.210623306232736,0.042446114715439034,500,0.1472205056179478,0.003591104566517767,500,0.2864185393257844,0.005499514160810507,500
8,8,2,1.0,2.0,9.0,0.43102552949799805,0.0014319078193089105,500,0.6312017796191299,0.00016020198463418937,500,1.3941492691849322,0.009495917212909563,500,0.341727345978358,0.004487144059611364,500,0.498084323713616,0.005236133529135202,500,0.11210422884969552,0.0032282417317423097,500,23.528678433299422,1.1559551705294793,500,0.021254452062602743,0.0010442232796111417,500,nan,nan,0,11.97308625960316,0.09707347242535659,500,11.63577505010178,0.10042103797614287,500,2.76290278138,0.0,500,7.718157181570001,7.95206533574069e-17,500,1.1096585365849179,0.019609918363880943,500,2.111490514904994,0.030097267969758687,500,0.14377247191007858,0.0025407513610507275,500,0.27357443820221816,0.0038995406884954407,500
8,8,2,1.0,3.0,9.0,0.43318827351321604,0.0015309806208601946,500,0.6348306752722881,0.00015162678567937893,500,1.304404617967238,0.008457821290623023,500,0.34106702603420797,0.004584504238712198,500,0.48699223102082,0.005146988742279183,500,0.12069180133007772,0.003232582115037623,500,21.588412092204422,0.9281778292997253,500,0.01950172727390004,0.0008384623570912851,500,nan,nan,0,12.431213431663,0.09714661461539731,500,11.689729173500938,0.10420923371264192,500,4.144354172070001,3.976032667870345e-17,500,7.718157181570001,7.95206533574069e-17,500,0.9785257452571141,0.019911583313944707,500,1.9379295392950757,0.022057878625836122,500,0.1267823033707576,0.0025798364616745804,500,0.2510870786516754,0.002857920369707343,500
8,8,2,1.0,4.0,9.0,0.437994406802144,0.0014256509945378207,500,0.638960752130766,0.00016447709520585452,500,1.2174555841483339,0.005660465677033772,500,0.354047680924844,0.004239659897146825,500,0.488928934920442,0.004419950146233637,500,0.11714151606435039,0.0027128413228078383,500,19.893322602210358,0.6602544786980639,500,0.017970481122141523,0.0005964358434488726,500,nan,nan,0,12.67005370073998,0.08856351741852089,500,11.352035874883699,0.10050892511314843,500,5.52580556276,0.0,500,7.718157181570001,7.95206533574069e-17,500,0.9870243902436,0.02078807938839712,500,1.849560975609406,0.020406150928413427,500,0.127883426966251,0.0026933993308704126,500,0.23963764044937858,0.0026439149201448113,500
8,8,2,1.0,5.0,9.0,0.43448035608092006,0.001212944213098643,500,0.642532075924954,0.00016190395428184595,500,1.06397683209201,0.003874264919531924,500,0.336606216333674,0.0037205426419185607,500,0.457686218836726,0.0036488199921125603,500,0.1356661997057988,0.002524966419062153,500,15.11656536077916,0.393067053576145,500,0.013655433930242121,0.00035507412247159014,500,nan,nan,0,13.25413585629336,0.08309518385710539,500,11.24639022448694,0.09935791433305917,500,6.907256953450001,3.976032667870345e-17,500,7.718157181570001,7.95206533574069e-17,500,0.879707317073044,0.021230882983477993,500,1.6824715447148781,0.021448071672854934,500,0.113978932584231,0.002750771004530046,500,0.21798876404490478,0.0027789109716588553,500
8,8,2,1.0,6.0,9.0,0.42541907750134594,0.0009857387999048397,500,0.644957143539854,0.0001553557363040764,500,0.902845350373374,0.004667408728886519,500,0.306455197824604,0.002931483321912459,500,0.41486468659525794,0.0027795691882631837,500,0.1653119544411558,0.0023074697080139057,500,10.97300128753158,0.21889706211810037,500,0.00991237695350642,0.0001977389901698871,500,nan,nan,0,14.319989858086078,0.08075116712928505,500,11.59921243810384,0.10081381361319969,500,8.288708344140002,7.95206533574069e-17,500,7.718157181570001,7.95206533574069e-17,500,0.805756097561046,0.018936596518113885,500,1.5430569105683039,0.021802507908963646,500,0.10439747191007101,0.002453512680891035,500,0.19992556179767,0.002824833363206046,500
8,8,2,1.0,7.0,9.0,0.420358584861306,0.0008677066595781477,500,0.64762944460025,0.0001507693689072944,500,0.7171910867741421,0.005608934618054059,500,0.280697875956888,0.002728180278770658,500,0.3784864113317681,0.0026046206988145407,500,0.1979632069129946,0.0026400427157690053,500,8.625162629574039,0.170429942919372,500,0.00779147482346574,0.0001539565880031826,500,nan,nan,0,15.031064186487999,0.07601337374954979,500,11.40726417476408,0.10187091314707808,500,9.670159734829998,7.95206533574069e-17,500,7.718157181570001,7.95206533574069e-17,500,0.710189701896956,0.01934472483542804,500,1.3881517615170242,0.022019451160053233,500,0.0920154494381764,0.002506391665825647,500,0.17985533707857776,0.0028529415302190058,500
8,8,2,1.0,8.0,9.0,0.411949965811192,0.0007506613387763418,500,0.64938275005014,0.00013824021842822291,500,0.550404911200932,0.005505905250336816,500,0.24617242568650397,0.0023739301518202107,500,0.33745789502376794,0.0024158176122226374,500,0.2401905254999046,0.003047854185716428,500,6.716462964260461,0.13283541908885824,500,0.0060672655503698604,0.00011999586186886885,500,nan,nan,0,16.086427571919398,0.06690282967344804,500,11.592030840383519,0.09489349449046838,500,11.0516111255,0.0,500,7.718157181570001,7.95206533574069e-17,500,0.6364119241191861,0.018727990812653268,500,1.2267642276419242,0.02299858309741031,500,0.0824564606741198,0.00242648476469968,500,0.15894522471904698,0.002979802374630617,500
8,8,2,1.0,9.0,9.0,0.408759655581972,0.0007427682958038552,500,0.6513114380787219,0.0001448154271636961,500,0.390800458541484,0.00499361992241495,500,0.22534018820829801,0.0025369697168437432,500,0.311546366793672,0.0026736289381570307,500,0.27172804343336576,0.0037662265460833722,500,5.8752736478312,0.1352873623966578,500,0.0053073836023776605,0.0001222108061398221,500,nan,nan,0,17.093920659623205,0.0706900673800565,500,11.59263719171826,0.10711547394342791,500,12.433062516200001,7.95206533574069e-17,500,7.718157181570001,7.95206533574069e-17,500,0.5771815718157001,0.019513163460415008,500,1.145430894308714,0.023653418032182738,500,0.0747823033707656,0.0025282153500325514,500,0.14840730337073899,0.0030646458054353234,500
8,8,2,1.0,10.0,9.0,0.40435055640269,0.0007176304233857184,500,0.652957799493668,0.00013428616022612857,500,0.2694702266831666,0.003403955753771734,500,0.2010474867256788,0.002484528846101463,500,0.285183755904406,0.0027080316843484985,500,0.30520841551781597,0.004268286520306079,500,5.072306555361799,0.11769192811496589,500,0.0045820294086380406,0.00010631610489165713,500,nan,nan,0,18.090960704036,0.06178613319636859,500,11.55254821056346,0.09894878490600195,500,13.814513906900002,7.95206533574069e-17,500,7.718157181570001,7.95206533574069e-17,500,0.5727479674796121,0.019329373406309806,500,1.117300813007896,0.02485235513140573,500,0.07420786516852018,0.0025044026639497946,500,0.1447626404494056,0.0032199856192033018,500
8,4,2,0.5,1.0,10.0,0.406209307445654,0.001348958247968697,500,0.18923299393256798,0.00022249388056864208,500,0.8041618544474499,0.008022601097586693,500,0.1741697526833834,0.002713007470443137,500,0.36559760924831,0.0047367397020894346,500,0.28146806623348564,0.005568012839973369,500,5.8699069386262,0.2061026129300145,500,0.0220673193181415,0.000774821853120047,500,nan,nan,0,10.97057064753258,0.0987575977829242,500,10.90446637136532,0.09943392894935853,500,1.17437046035,0.0,500,5.894736842110002,7.95206533574069e-17,500,0.6981503759396619,0.02009656369098071,500,1.360150375939876,0.031808708770899134,500,0.11843622448977958,0.003409238483291878,500,0.2307397959183318,0.005396120237918574,500
8,4,2,0.5,2.0,10.0,0.410853229489316,0.0014450205016556018,500,0.19066711965246402,0.0002185500349296716,500,0.813932972435572,0.007496364943146125,500,0.1753883386463622,0.0026477138141661263,500,0.36584516791586397,0.004451988246321744,500,0.2848302208450118,0.005269503696645251,500,5.726544368573641,0.15537808901383748,500,0.021528362287871503,0.0005841281541875167,500,nan,nan,0,10.99548561745556,0.08822894857689173,500,10.73119662854336,0.09075422454016868,500,2.34874092071,0.0,500,5.894736842110002,7.95206533574069e-17,500,0.6201052631577109,0.016115162779062435,500,1.2497593984961521,0.022480609804867498,500,0.10519642857141367,0.002733822257163005,500,0.2120127551020338,0.0038136748776093233,500
8,4,2,0.5,3.0,10.0,0.411414097315414,0.0014122767110750797,500,0.19272303999753998,0.00025057930539643656,500,0.771901063395844,0.0065638516511486,500,0.1712967372904368,0.0025477743594803162,500,0.353480373845772,0.00413364835146022,500,0.2986865896051556,0.004929732530239784,500,5.29591691488256,0.129449906410246,500,0.01990946208602448,0.0004866537834972015,500,nan,nan,0,11.539080461050899,0.09013680541429027,500,10.96536671721622,0.0955208697430507,500,3.52311138106,0.0,500,5.894736842110002,7.95206533574069e-17,500,0.6043007518795548,0.016748828003177313,500,1.210045112781642,0.019563319993072724,500,0.10251530612244736,0.0028413190362539943,500,0.20527551020405702,0.003318777498825352,500
8,4,2,0.5,4.0,10.0,0.41135538470025595,0.0013866545267201135,500,0.19678080808572598,0.00025963544189053233,500,0.7228203728369761,0.005342321608654552,500,0.16991322112227938,0.0020619430676723114,500,0.34653923428882605,0.0031316219786716023,500,0.3031352250361662,0.003881673520597003,500,4.866594969223521,0.0864262523577093,500,0.01829546980911266,0.00032491072314946813,500,nan,nan,0,11.76347531343206,0.07863367217504953,500,10.75365778732092,0.08677365504743202,500,4.69748184142,0.0,500,5.894736842110002,7.95206533574069e-17,500,0.5888421052630399,0.016149288782008667,500,1.1553383458645199,0.01856880312376136,500,0.09989285714285324,0.0027396114898053377,500,0.1959948979591424,0.003150064815637383,500
8,4,2,0.5,5.0,10.0,0.408416889904832,0.001321448659659134,500,0.200705549870164,0.0002964229071656103,500,0.626802741710958,0.004850569853746983,500,0.158701077644327,0.0019680634712909537,500,0.32300215383220404,0.0028619928648615177,500,0.331971992542664,0.003917675236244284,500,4.30497815429376,0.06784924088811974,500,0.01618412839960052,0.00025507233416582236,500,nan,nan,0,12.40757389712856,0.082004104577544,500,10.878535113239279,0.09477667305128985,500,5.87185230177,0.0,500,5.894736842110002,7.95206533574069e-17,500,0.553503759398393,0.016291466624208936,500,1.0685413533834476,0.01952262089587271,500,0.09389795918366599,0.0027637309451791154,500,0.1812704081632566,0.003311873187692403,500
8,4,2,0.5,6.0,10.0,0.407025694199946,0.0013134028945201443,500,0.20519581849879795,0.0003142781064367109,500,0.538029894481704,0.005192568610604551,500,0.14656603499021278,0.0016723535595629085,500,0.297450343097114,0.0024713451978313817,500,0.364604332672312,0.003690441387859549,500,3.7739271426308596,0.05806031181234694,500,0.01418769602492988,0.00021827184891857522,500,nan,nan,0,13.02757806910628,0.07299714539884089,500,10.897502952495621,0.0892175693808436,500,7.04622276213,0.0,500,5.894736842110002,7.95206533574069e-17,500,0.510902255639068,0.016556672567785504,500,0.9858496240599548,0.020658549280836873,500,0.086670918367348,0.0028087212391772437,500,0.1672423469387726,0.0035045753244279353,500
8,4,2,0.5,7.0,10.0,0.406328183960008,0.0012606909016759902,500,0.210153112875756,0.0003406791396524291,500,0.4360571543256794,0.006242985214379558,500,0.139415244726911,0.0016102916896610215,500,0.282224003352958,0.0024557178162068283,500,0.38567634849406796,0.003966841787532079,500,3.51939937914062,0.05674742436864089,500,0.01323082473361078,0.00021333618183709733,500,nan,nan,0,13.6678631937077,0.07440754395202254,500,10.833766219723321,0.0962685129334104,500,8.220593222480002,7.95206533574069e-17,500,5.894736842110002,7.95206533574069e-17,500,0.5065413533833677,0.017060618408781963,500,0.9388421052630276,0.02074490600119677,500,0.0859311224489922,0.0028942120514910932,500,0.1592678571428451,0.003519225125202702,500
8,4,2,0.5,8.0,10.0,0.40300252649738,0.0012697724897698696,500,0.21475070344690603,0.00034796715201171054,500,0.3263864205716564,0.00611548353080393,500,0.1280661898802962,0.0015638234907939758,500,0.2602973437641519,0.0024068736417609954,500,0.41869671961509,0.004235072858069961,500,3.16011172760944,0.050471658602911404,500,0.011880119276726159,0.00018974307745464594,500,nan,nan,0,14.407528654903398,0.07238289099862888,500,10.82076394781234,0.09845509131152785,500,9.39496368283,0.0,500,5.894736842110002,7.95206533574069e-17,500,0.4563609022556184,0.016478207226635455,500,0.8659398496239239,0.020778227950284296,500,0.07741836734695168,0.002795410154519456,500,0.14690051020408026,0.0035248779558513213,500
8,4,2,0.5,9.0,10.0,0.398781156308416,0.0012059078456816647,500,0.217779528765728,0.00031929991425594346,500,0.23269297979959663,0.00450406205027061,500,0.11269181646074582,0.001441668007666623,500,0.23301581781907799,0.002300946602876042,500,0.464783579061996,0.004558033524706388,500,2.74746486684326,0.04041296075058405,500,0.01032881528888294,0.00015192842387441973,500,nan,nan,0,15.3783872151694,0.06370872709021261,500,11.079018036253519,0.0902531577941382,500,10.569334143199999,7.95206533574069e-17,500,5.894736842110002,7.95206533574069e-17,500,0.3919248120301358,0.015556632703751898,500,0.7556691729322166,0.01961304227005656,500,0.0664872448979787,0.0026390716193862435,500,0.12819387755102898,0.0033272125279563266,500
8,4,2,0.5,10.0,10.0,0.39901738243261,0.0012179720148798184,500,0.22202390229109,0.0003275760036381836,500,0.1522167764461678,0.003249905410555353,500,0.1074939110609216,0.0015130069491573219,500,0.223575049396176,0.002460217763430079,500,0.479607810729518,0.004963790539863718,500,2.65059553702734,0.041052018118843,500,0.00996464487604314,0.00015433089518360654,500,nan,nan,0,16.0926690287268,0.06369968820970245,500,10.882653983366302,0.09655393396392276,500,11.743704603499996,1.590413067148138e-16,500,5.894736842110002,7.95206533574069e-17,500,0.3914436090226304,0.0151477206498523,500,0.7618195488725088,0.020724892870451886,500,0.0664056122449204,0.0025697026102432727,500,0.12923724489800467,0.003515830040520634,500
8,5,2,0.625,1.0,10.0,0.406371344600106,0.0011352367161848907,500,0.28618772552835803,0.0001724675938999234,500,0.991796777042612,0.009419325465118535,500,0.20988747211397962,0.003215444798641652,500,0.381162010039495,0.004731630750239114,500,0.23116678564669702,0.005286306446541531,500,7.898337349084479,0.33890525202423066,500,0.01567130426405602,0.0006724310556029579,500,nan,nan,0,11.948340608054842,0.10026216485809177,500,11.87903533578694,0.10093920241003332,500,1.2583276828999996,1.9880163339351726e-17,500,6.69841269841,0.0,500,0.7739682539682319,0.020627843609146695,500,1.5307222222221821,0.03381046923551012,500,0.11554502369668741,0.0030795121975752565,500,0.22852014218003977,0.005047534506722086,500
8,5,2,0.625,2.0,10.0,0.40917390336284803,0.0012075148867288093,500,0.288312586139688,0.0001829474582170787,500,0.9964452385677641,0.008689658582683732,500,0.2149533177563384,0.0033398212984646907,500,0.384384483701974,0.004768265611142322,500,0.2303549219737872,0.0048971972160776756,500,8.09072891532692,0.2977279759814641,500,0.01605303356215544,0.0005907301110742065,500,nan,nan,0,12.06236399332144,0.09778117792199995,500,11.785489541169682,0.10050299720631872,500,2.51665536579,0.0,500,6.69841269841,0.0,500,0.7634126984128226,0.017897320608409966,500,1.506246031746138,0.02518285186231375,500,0.1139691943128084,0.0026718748775579246,500,0.2248661137440892,0.003759525278022315,500
8,5,2,0.625,3.0,10.0,0.41294483375217206,0.0012434340788388004,500,0.291949300683228,0.00021548949056004319,500,0.942981050033122,0.0077999410528795275,500,0.21591252992835222,0.0030703172782352043,500,0.37878064056332994,0.004141764709544837,500,0.2347499754060982,0.004331802201938766,500,7.46671686836112,0.2031459649183387,500,0.014814914421349102,0.0004030673907108136,500,nan,nan,0,12.40553755802704,0.09301325174136824,500,11.795426238775159,0.09840273435442681,500,3.7749830486899993,1.9880163339351726e-17,500,6.69841269841,0.0,500,0.7393730158731516,0.01757741296420373,500,1.4206746031744202,0.020320097722402668,500,0.11038033175354661,0.00262411615342346,500,0.21209123222752482,0.003033569091258684,500
8,5,2,0.625,4.0,10.0,0.411787822017022,0.001067422181489971,500,0.29557892673325,0.00022170952958716026,500,0.8667797816528959,0.006009577032285582,500,0.2059203877452958,0.00277838708428721,500,0.359347532999612,0.003527971651251815,500,0.2536693112008262,0.0039757247123754025,500,6.415467276225,0.13792022196831985,500,0.012729101738542081,0.0002736512340640896,500,nan,nan,0,12.988927572806361,0.09009938258014785,500,11.93957231279802,0.0988457131627962,500,5.03331073159,0.0,500,6.69841269841,0.0,500,0.6618015873017564,0.0167558123588175,500,1.308515873015874,0.019194090596625354,500,0.0987997630331576,0.00250146013887443,500,0.19534715639811162,0.0028654685013926955,500
8,5,2,0.625,5.0,10.0,0.40934523404993,0.0010450085678019156,500,0.299845110318884,0.00023751159830234735,500,0.774179851477122,0.004672432492373755,500,0.19999456820512362,0.0025539705934794366,500,0.34216988474263405,0.0031164808109409806,500,0.27131395118809837,0.003615400571911928,500,5.741571833687179,0.12275771510627326,500,0.01139200760652184,0.0002435668950521153,500,nan,nan,0,13.547210465238539,0.08826183761538481,500,11.94368925011196,0.10186409258063406,500,6.29163841448,0.0,500,6.69841269841,0.0,500,0.6342936507937199,0.01704377999533796,500,1.2411507936504869,0.02047577027315471,500,0.09469312796208859,0.0025444505680250243,500,0.18529028436020423,0.003056809306184473,500
8,5,2,0.625,6.0,10.0,0.40762491008032,0.0009855930534933412,500,0.30343713095022995,0.000227634939873079,500,0.6593329018281161,0.004788399970913836,500,0.18845491900014377,0.002250068841889306,500,0.320736117445216,0.0026865521189238257,500,0.295549741251048,0.0035369042353338123,500,4.98503878333364,0.08790173462627342,500,0.0098909499669318,0.00017440820362353565,500,nan,nan,0,13.98851305081932,0.08296087266705227,500,11.70758857988466,0.1005321475816171,500,7.549966097379999,3.976032667870345e-17,500,6.69841269841,0.0,500,0.6012857142859246,0.018246260932510583,500,1.1571428571427027,0.020447953503522753,500,0.08976540284360619,0.0027239678643317757,500,0.1727488151659136,0.003052656565694533,500
8,5,2,0.625,7.0,10.0,0.40334832779813995,0.0010217844271102874,500,0.305951060510166,0.00021624365434965302,500,0.538786281306658,0.005933740695969617,500,0.1704201503888304,0.0019719912104241206,500,0.29321828847338194,0.0024428953059617434,500,0.332961167466296,0.003691179588432792,500,4.26975626420124,0.07324385641800325,500,0.00847173861944694,0.0001453251119405686,500,nan,nan,0,14.8270938731,0.07825948733023488,500,11.848656965592722,0.09931781989529921,500,8.808293780279998,7.95206533574069e-17,500,6.69841269841,0.0,500,0.5293333333334674,0.01788573128360525,500,1.0328253968252756,0.022012273724515048,500,0.079023696682473,0.0026701447176945155,500,0.15418957345970302,0.0032861925228561575,500
8,5,2,0.625,8.0,10.0,0.403131188660798,0.0009193787092283018,500,0.30725709756613,0.00020364295776034502,500,0.4124992099262732,0.005924263009550564,500,0.1611163365313974,0.001847669316473976,500,0.27588211153507197,0.0023514857375137093,500,0.35747547344798397,0.003901063066964377,500,3.8873387269596997,0.06644439011820978,500,0.007712973664602599,0.00013183410737742802,500,nan,nan,0,15.477719780862401,0.07625822917901373,500,11.6569329621572,0.10248123430688312,500,10.066621463199997,1.590413067148138e-16,500,6.69841269841,0.0,500,0.5013492063493392,0.016794453366850134,500,0.9736666666668714,0.021292930129244592,500,0.07484597156400678,0.0025072288201703507,500,0.14535781990519303,0.0031788023652662895,500
8,5,2,0.625,9.0,10.0,0.403082152663924,0.0009505539048228894,500,0.30738015929716006,0.00022703995190729334,500,0.30024368875763774,0.0054737057652434066,500,0.1486413501536462,0.0019734503837497957,500,0.25775020085816003,0.002692949352908009,500,0.386899467317516,0.004696697071143347,500,3.62710939178596,0.0706463640591692,500,0.00719664561862396,0.00014017135726035988,500,nan,nan,0,16.3429494869972,0.0733327968142682,500,11.66574178299836,0.10432976536916551,500,11.324949146100002,7.95206533574069e-17,500,6.69841269841,0.0,500,0.4869126984128784,0.018151743492450367,500,0.9341746031746061,0.02214474017131801,500,0.0726907582938556,0.00270985744081603,500,0.1394620853080084,0.003305968319414219,500
8,5,2,0.625,10.0,10.0,0.39945288287602204,0.0009349087792540901,500,0.30724603969503606,0.000237900928279737,500,0.211254691986243,0.0036755801304483135,500,0.13150014477319139,0.0017535862157900205,500,0.233905047439012,0.0024825963412610594,500,0.42804628082069596,0.004792743469084727,500,3.14855856390224,0.05777168692870914,500,0.0062471400077427205,0.00011462636295375843,500,nan,nan,0,17.363777329895797,0.06654310938570955,500,11.850534354184678,0.09946054540558542,500,12.583276829000003,7.95206533574069e-17,500,6.69841269841,0.0,500,0.4100793650794208,0.016774388428585755,500,0.8232063492064507,0.021837831793491847,500,0.0612203791469368,0.0025042333436049694,500,0.12289573459709982,0.0032601502440508232,500
8,6,2,0.75,1.0,10.0,0.41112816714656797,0.0011346362543173875,500,0.392344062916318,0.00012809965474725176,500,1.1496657802395798,0.011258665955758779,500,0.2444386761864424,0.003961767351157346,500,0.40267726910212204,0.005232189883849475,500,0.1935308098898344,0.005039578778255018,500,11.20979122249708,0.5450861300068361,500,0.014298203089919479,0.0006952629209271098,500,nan,nan,0,12.55593946670868,0.10715635760286181,500,12.481738648340018,0.10790219009184072,500,1.33333333333,0.0,500,7.26530612245,0.0,500,0.9101938775509341,0.024463150350296496,500,1.7670204081632401,0.039995331332034076,500,0.12527949438202798,0.0033671190088889595,500,0.2432134831460548,0.005504975379970419,500
8,6,2,0.75,2.0,10.0,0.415861864060588,0.00125003270945054,500,0.394660216924414,0.00016252044478002987,500,1.1498396061090341,0.010235913684366224,500,0.2555488821330552,0.003988514801680215,500,0.411244864182116,0.005099751678570576,500,0.18626520658939227,0.004384720678727502,500,11.86850518783522,0.5980429766249636,500,0.0151383994742781,0.0007628099191639914,500,nan,nan,0,12.82593326744048,0.10676553068201086,500,12.53250404471474,0.10981708084395603,500,2.6666666666699994,1.9880163339351726e-17,500,7.26530612245,0.0,500,0.8544693877549719,0.018544436171677347,500,1.6937755102041379,0.027952729159887082,500,0.1176095505618218,0.0025524645292479926,500,0.233132022471909,0.0038474262045913132,500
8,6,2,0.75,3.0,10.0,0.416305833400348,0.0011837091174321075,500,0.398152259145304,0.00017753224913996503,500,1.099280036098402,0.00801082544219738,500,0.2568152236966486,0.0036766462696924485,500,0.406674557569238,0.004487455724672583,500,0.1900507763987868,0.0040639372377017525,500,10.580473117291302,0.4077893012934308,500,0.013495501425116978,0.0005201394149150882,500,nan,nan,0,12.954101500757998,0.09782526883500331,500,12.29514423009476,0.10415704076380257,500,4.0,0.0,500,7.26530612245,0.0,500,0.775265306122298,0.01828250564687757,500,1.572112244898004,0.021590370010741024,500,0.1067078651685454,0.0025164122940932072,500,0.2163862359550774,0.0029717082318145766,500
8,6,2,0.75,4.0,10.0,0.41410207676631,0.0011271718518988231,500,0.401470371859508,0.0001799161752953329,500,1.010068151909094,0.006679094528124638,500,0.2479203510871356,0.003432271839051872,500,0.38612997637271,0.00390943635282469,500,0.2071437452167024,0.003797910789397411,500,8.84654961555136,0.25240436658760945,500,0.011283864305549961,0.00032194434513723103,500,nan,nan,0,13.73088183881226,0.09496484441525403,500,12.61536264340406,0.1044638906285581,500,5.333333333330001,3.976032667870345e-17,500,7.26530612245,0.0,500,0.751030612244928,0.01845864830498565,500,1.460602040816466,0.02015470900979089,500,0.10337219101124481,0.0025406566487187095,500,0.20103792134832402,0.002774103206404142,500
8,6,2,0.75,5.0,10.0,0.415440678261278,0.0010175642704035358,500,0.40510143028425605,0.00019437148132679693,500,0.911982941002548,0.004966733902888787,500,0.24356564333990838,0.003038085703090152,500,0.37220962165107596,0.003265539407267172,500,0.2183285042359234,0.0033577995218971343,500,7.76617206450172,0.1675440943887467,500,0.0099058317149257,0.0002137042020265037,500,nan,nan,0,14.12770976965774,0.09317405264969354,500,12.3966591940585,0.10783532644487884,500,6.666666666669998,1.1928098003611036e-16,500,7.26530612245,0.0,500,0.7285510204080982,0.01848896608766292,500,1.3907448979589399,0.02082809770682996,500,0.100278089887655,0.002544829601953872,500,0.1914227528090132,0.0028667887293101447,500
8,6,2,0.75,6.0,10.0,0.412589964965768,0.0009549968133085109,500,0.40797869846313994,0.00021200379119000636,500,0.780240996661108,0.0045350046156936675,500,0.22720782098985803,0.0026348439166628155,500,0.345651990609,0.0027311317580049213,500,0.24607124458221039,0.003032226520882726,500,6.4771676134519405,0.13031205153979633,500,0.0082616933845052,0.00016621435145379186,500,nan,nan,0,14.859426355505521,0.09148553711922038,500,12.4443564881874,0.11071796443902852,500,8.0,0.0,500,7.26530612245,0.0,500,0.62169387755103,0.017546549126903337,500,1.267479591836354,0.02159726040380262,500,0.0855702247191084,0.0024151149079152975,500,0.1744564606741716,0.0029726566286134752,500
8,6,2,0.75,7.0,10.0,0.406905670930802,0.0008427546491465971,500,0.41071008075937,0.00021232510847214172,500,0.642924441400932,0.005885099607022758,500,0.20515628134439443,0.0023641687824746483,500,0.31369808502224,0.002510883701066677,500,0.28316910160224407,0.003383857631339765,500,5.35845555166728,0.1015368687429409,500,0.00683476473427036,0.00012951131217219878,500,nan,nan,0,15.590275427224759,0.08518457521418424,500,12.3895679204752,0.11024779018318219,500,9.33333333333,0.0,500,7.26530612245,0.0,500,0.607030612244828,0.01791678302778573,500,1.150193877550958,0.02144877015332455,500,0.0835519662921362,0.0024660740684307346,500,0.1583132022472132,0.0029522183637990473,500
8,6,2,0.75,8.0,10.0,0.404080748218286,0.0008277331852103702,500,0.413124680087416,0.0002087130168806529,500,0.505974269137442,0.006630701246011567,500,0.191086509855808,0.002184575440016513,500,0.291414959983342,0.0024020860547365225,500,0.31178896922245,0.0035449975762072293,500,4.7341470068203,0.09886956053467003,500,0.00603845281482184,0.00012610913333502714,500,nan,nan,0,16.440548028491403,0.08293153412479569,500,12.39061059478238,0.1134144228568129,500,10.6666666667,0.0,500,7.26530612245,0.0,500,0.569428571428482,0.018215266950666827,500,1.0951428571427821,0.022233063547091703,500,0.0783764044943956,0.0025071575297270225,500,0.15073595505620258,0.0030601688590099546,500
8,6,2,0.75,9.0,10.0,0.402785454514064,0.0007697837865816128,500,0.415247668948608,0.00021725729455221026,500,0.37733125370660925,0.005961466735719678,500,0.1723384441319688,0.002030669924837078,500,0.26654597786691603,0.002310123631565055,500,0.34803532211870397,0.003874826433636407,500,4.08926909321374,0.07529454646409416,500,0.0052159044556295995,9.603896232668757e-05,500,nan,nan,0,17.4294234060976,0.07762038654712466,500,12.520674958530279,0.10987272771387499,500,12.0,0.0,500,7.26530612245,0.0,500,0.49928571428564,0.01763416823843736,500,0.973051020408204,0.021448425178712913,500,0.06872191011235981,0.0024271748418064065,500,0.13393117977530278,0.002952170881339198,500
8,6,2,0.75,10.0,10.0,0.39798416611244397,0.0007999147811816086,500,0.41711952246538,0.00021006569203700393,500,0.2580949295493866,0.00432996578626573,500,0.153426796136961,0.0019681532615558927,500,0.24210067781086603,0.002352110412530835,500,0.38859985644802575,0.0044416681699121704,500,3.55862058440436,0.06948154992166157,500,0.0045390568678627796,8.862442592053603e-05,500,nan,nan,0,18.321874378186397,0.07023137163293312,500,12.441258385401081,0.10583841311020052,500,13.3333333333,0.0,500,7.26530612245,0.0,500,0.44634693877542597,0.017120956791161122,500,0.882224489796,0.021598396118105902,500,0.0614353932584396,0.002356536187547828,500,0.121429775280934,0.0029728129488398127,500
8,7,2,0.875,1.0,10.0,0.41413363350002996,0.001179514427185035,500,0.5059253688555221,0.0001527835603086013,500,1.2711700374718842,0.011872412951408626,500,0.2797466277636108,0.004280946876496197,500,0.43375640125638404,0.005361341464211988,500,0.15773687826917746,0.004505428414495171,500,14.85336577324236,0.6881444064775076,500,0.01461945450122172,0.0006773074866905387,500,nan,nan,0,12.754774754782881,0.10695493835941852,500,12.67871815521144,0.10768791365392001,500,1.3623062651399995,1.9880163339351726e-17,500,7.606299212599997,1.1928098003611036e-16,500,0.9840236220475621,0.024342994130446924,500,1.947059055118308,0.04077397311486342,500,0.12936956521739518,0.003200372934334018,500,0.2559798136646204,0.005360553401231369,500
8,7,2,0.875,2.0,10.0,0.418015696043694,0.0012342051634550572,500,0.508637899411942,0.00015237673445582409,500,1.25724578889949,0.010830669492641352,500,0.28490468248398043,0.0042967440258667305,500,0.43432030192130194,0.005187440447518075,500,0.15920907679889656,0.004192373263962089,500,14.942858134982322,0.7153593393988765,500,0.01470753753443204,0.0007040938379911369,500,nan,nan,0,12.90191706816274,0.10630335400095152,500,12.598529968476862,0.1092137537477185,500,2.724612530270001,3.976032667870345e-17,500,7.606299212599997,1.1928098003611036e-16,500,0.9386220472443481,0.019456874323556753,500,1.823019685039478,0.028383759258650436,500,0.12340062111801879,0.0025579948644839394,500,0.23967236024845182,0.0037316122420800076,500
8,7,2,0.875,3.0,10.0,0.4198089363809401,0.0012383419149675978,500,0.51188325425451,0.00017450612288233462,500,1.1908211051956559,0.009627252149106057,500,0.28680454296511604,0.00430956992730215,500,0.426962816159288,0.004959968467424529,500,0.1655429035199972,0.0040430886300363775,500,14.029877001945621,0.6230099232000579,500,0.0138089340570357,0.0006131987433076818,500,nan,nan,0,13.482665843114683,0.10764652080181684,500,12.819535575571061,0.11431752329767551,500,4.08691879541,0.0,500,7.606299212599997,1.1928098003611036e-16,500,0.854669291338844,0.018963125183354433,500,1.715976377952826,0.02237346168192737,500,0.11236335403727961,0.002493081675243484,500,0.2255993788819976,0.002941438544104248,500
8,7,2,0.875,4.0,10.0,0.421749905061184,0.0012702241086456673,500,0.515434913518408,0.0001784339584835994,500,1.11919496389313,0.007235582235601169,500,0.28670955473142634,0.003875860675983842,500,0.41700271436593,0.0041844500849941004,500,0.1705685388743674,0.0035309765476290076,500,12.08184753848066,0.3955645069439555,500,0.01189158222291486,0.000389335144629918,500,nan,nan,0,13.881790981154401,0.09994960550831784,500,12.7260694285249,0.1100391247718849,500,5.449225060550001,3.976032667870345e-17,500,7.606299212599997,1.1928098003611036e-16,500,0.8506299212600179,0.020824494450589544,500,1.615866141732462,0.02162103238170011,500,0.11183229813664161,0.0027377958542697564,500,0.2124378881987886,0.0028425166795814447,500
8,7,2,0.875,5.0,10.0,0.420707348604304,0.0010950711462826906,500,0.519210926816842,0.00019604823330558993,500,1.004157579831442,0.004650333348929237,500,0.27825739540507,0.003544880057210229,500,0.39788218974499395,0.0035338712072038704,500,0.1857983214378644,0.0031946506168709613,500,9.987720624363542,0.23180644201984188,500,0.009830433685397941,0.00022815594686999006,500,nan,nan,0,14.40355877036064,0.09660819246116323,500,12.631716369350181,0.11112943668375191,500,6.811531325689999,3.976032667870345e-17,500,7.606299212599997,1.1928098003611036e-16,500,0.759413385826916,0.019245615863224475,500,1.501807086614552,0.020830162139419867,500,0.09984006211179638,0.0025302207190774882,500,0.1974425465838664,0.002738540985201613,500
8,7,2,0.875,6.0,10.0,0.415741048088402,0.0009732596450981846,500,0.522139442482708,0.00019089338452534888,500,0.865237163902856,0.005234273738786111,500,0.257338182280119,0.0031694423702530454,500,0.366480529619366,0.0030798845568599394,500,0.213169219737806,0.0031119052908603903,500,8.158039874092479,0.19147573888239733,500,0.008029566805209219,0.00018846037291571168,500,nan,nan,0,15.20511319810174,0.0934921667118415,500,12.74038786119434,0.11349799275444981,500,8.17383759082,0.0,500,7.606299212599997,1.1928098003611036e-16,500,0.712429133858432,0.01992372505690442,500,1.40123622047253,0.02240457640156923,500,0.0936630434782592,0.0026193717207315154,500,0.184220496894439,0.0029455291956495184,500
8,7,2,0.875,7.0,10.0,0.410898489083224,0.0008372087863109524,500,0.524765343829366,0.00017892920307860036,500,0.7085315540759299,0.006393605658710527,500,0.23496525140133,0.0026431305416278355,500,0.33535136273867,0.002618276198922305,500,0.2457807050979192,0.0029908974150976955,500,6.61043438594462,0.1553240204137258,500,0.00650633305703192,0.0001528779728481257,500,nan,nan,0,16.0529937905766,0.08713835726935323,500,12.81786359518266,0.11193234800526318,500,9.536143855960002,7.95206533574069e-17,500,7.606299212599997,1.1928098003611036e-16,500,0.648673228346688,0.01932511865707693,500,1.257106299212588,0.022468168562214733,500,0.0852810559006094,0.002540672949738032,500,0.16527173913042162,0.0029538896556933563,500
8,7,2,0.875,8.0,10.0,0.407420197776622,0.0007397966004989346,500,0.5275828664704441,0.00015872798801883434,500,0.541638020262116,0.00680718181883402,500,0.21667955884388398,0.0023726503697165035,500,0.308562484769472,0.002433189111489224,500,0.2785590622983126,0.0033752867682671273,500,5.5577578871844,0.11913849480853907,500,0.00547023414092956,0.00011726229803991984,500,nan,nan,0,16.7089163777126,0.08223660257974032,500,12.5564497310295,0.11076259769115389,500,10.898450121100002,7.95206533574069e-17,500,7.606299212599997,1.1928098003611036e-16,500,0.567366141732602,0.01841758413631988,500,1.129157480315218,0.0229479317048876,500,0.0745916149068192,0.002421359405082797,500,0.14845031055900001,0.0030169641061270178,500
8,7,2,0.875,9.0,10.0,0.403240929183262,0.0007115562452441411,500,0.528750114404466,0.00013765789658343568,500,0.40278076206272195,0.006368035107966665,500,0.1951640257870838,0.0021894276485672553,500,0.28203873981100197,0.0023152797918565412,500,0.3127030342106566,0.0035841837470472894,500,4.7395996116477,0.09330967008614605,500,0.004664960247684659,9.184022646271921e-05,500,nan,nan,0,17.823419845769997,0.07740882594470663,500,12.82127743663062,0.10922448221117022,500,12.2607563862,0.0,500,7.606299212599997,1.1928098003611036e-16,500,0.543531496063278,0.017521970937179755,500,1.073456692913864,0.02159948095396207,500,0.07145807453412621,0.002303613156334321,500,0.1411273291925126,0.00283968331382141,500
8,7,2,0.875,10.0,10.0,0.4019787628539,0.0006830269566383023,500,0.529648197070826,0.00013759420391841712,500,0.283687433978027,0.004788257433635615,500,0.1782997068532482,0.0022334373543901956,500,0.26150000045354,0.002486915782562625,500,0.34305464222880666,0.00436289614069937,500,4.23959240328132,0.08234414369642744,500,0.00417282716858384,8.104738552795382e-05,500,nan,nan,0,18.794458774286003,0.07532860292637969,500,12.813615702484022,0.11224277701534113,500,13.623062651400003,1.590413067148138e-16,500,7.606299212599997,1.1928098003611036e-16,500,0.53001968503976,0.017300544969994024,500,1.0157125984259279,0.022027934817722403,500,0.0696816770185896,0.0022745022890111252,500,0.1335357142856908,0.002896012134418723,500
8,8,2,1.0,1.0,10.0,0.41639530485133797,0.0012047411949482798,500,0.627845692288362,0.00015505404275020576,500,1.303528892847898,0.012771113963672495,500,0.29245894401785144,0.004648043062334031,500,0.44521519806528803,0.0056666128225557385,500,0.14934315004898485,0.004546739022569783,500,17.73872727834976,0.9952957336032912,500,0.01602414388288102,0.0008990928036166033,500,nan,nan,0,12.94461583241764,0.1121682193528536,500,12.86729153239212,0.11294697650582705,500,1.38145139069,0.0,500,7.718157181570001,7.95206533574069e-17,500,1.0526504065038238,0.027759817976957493,500,2.01633604335992,0.043701202756759705,500,0.1363862359550292,0.003596689899400249,500,0.2612457865167952,0.005662129149310525,500
8,8,2,1.0,2.0,10.0,0.421280278402454,0.0013176292594332718,500,0.6299651565701859,0.0001390654819114989,500,1.290755395259532,0.01144244733707494,500,0.30234810697763814,0.004642879655114289,500,0.44919242236755996,0.005438015796171526,500,0.1466599189725202,0.004070272245804862,500,17.740842306826437,0.883523704434604,500,0.016026054477713,0.0007981243942495813,500,nan,nan,0,13.280608790352181,0.11068802596942885,500,12.9773792911357,0.11362343763493843,500,2.76290278138,0.0,500,7.718157181570001,7.95206533574069e-17,500,0.9739837398371779,0.02043641165307139,500,1.8861788617881998,0.03069318103856949,500,0.12619382022468378,0.0026478356390386873,500,0.24438202247186458,0.003976749930907993,500
8,8,2,1.0,3.0,10.0,0.425459205450584,0.0013846058476577616,500,0.633279013970738,0.00014456290153278857,500,1.257654510960162,0.0093301575282202,500,0.305281509906444,0.004521308422766192,500,0.44562058452157205,0.005081139520825464,500,0.14941973019574253,0.0037281982723490876,500,16.527446531699017,0.724605778679051,500,0.01492994266639618,0.0006545670990776531,500,nan,nan,0,13.548576672431981,0.10180936115714045,500,12.874664841217221,0.10784342018352569,500,4.144354172070001,3.976032667870345e-17,500,7.718157181570001,7.95206533574069e-17,500,0.912617886178606,0.019193352529270968,500,1.7869810298100919,0.023365983437054663,500,0.11824297752807761,0.0024867791725085345,500,0.23152949438199635,0.0030274044551487672,500
8,8,2,1.0,4.0,10.0,0.42650674061632005,0.0013719050078064014,500,0.6369295556621399,0.00016960472884454595,500,1.15590414613007,0.007638412556591059,500,0.30602847027296365,0.004428395327340747,500,0.435842635464108,0.004743286747480189,500,0.1565945130901398,0.003593910036057212,500,14.89941033018666,0.5800479506984444,500,0.013459268590954799,0.0005239818886163798,500,nan,nan,0,14.028909672374981,0.10400253182056815,500,12.84667326364364,0.11532138868423628,500,5.52580556276,0.0,500,7.718157181570001,7.95206533574069e-17,500,0.8532899728995501,0.019170306756831203,500,1.687078590785538,0.021337018945679413,500,0.1105561797752628,0.0024837932560648037,500,0.21858567415723698,0.0027645224687317892,500
8,8,2,1.0,5.0,10.0,0.42356215065707403,0.0011563429725232144,500,0.64026564460478,0.00016478611477274018,500,1.050917830422182,0.004956167706806544,500,0.29754352957361,0.003623617505844388,500,0.41648751257137,0.003648776056072089,500,0.1670282607440752,0.0030152097357750694,500,11.843759895322219,0.33853446995731806,500,0.01069897009514106,0.0003058125293199443,500,nan,nan,0,14.645555810922561,0.09775410608009998,500,12.8519004850766,0.113065652749943,500,6.907256953450001,3.976032667870345e-17,500,7.718157181570001,7.95206533574069e-17,500,0.822092140921334,0.020824269459568362,500,1.58817344173381,0.022366328180205293,500,0.10651404494378638,0.002698088283208686,500,0.20577106741566736,0.0028978845149196936,500
8,8,2,1.0,6.0,10.0,0.41891919357740803,0.0009737289936020256,500,0.64332935825614,0.00015843933506271582,500,0.91352707406116,0.004545889019455278,500,0.27961045478468394,0.0031081562372206593,500,0.38825672369519,0.002960570393869635,500,0.189248627497532,0.002722549133432379,500,9.474594989203062,0.22280178507471687,500,0.00855880306160928,0.0002012662918470359,500,nan,nan,0,15.326667098750539,0.09272931628913134,500,12.81226506119766,0.11272420692924141,500,8.288708344140002,7.95206533574069e-17,500,7.718157181570001,7.95206533574069e-17,500,0.743533875338662,0.019178417814721484,500,1.466168021679578,0.021410377838438632,500,0.0963356741572756,0.0024848441620886922,500,0.18996348314598596,0.0027740271848262126,500
8,8,2,1.0,7.0,10.0,0.41429938884804,0.000842135341594612,500,0.6455375271975099,0.00015442318326398195,500,0.7656217581473299,0.005403908596099654,500,0.253083913579688,0.0027746129600534747,500,0.35326583177686804,0.002646033275620042,500,0.22277065630703222,0.002886913058985983,500,7.548996839781939,0.1529715865396818,500,0.0068193286718895,0.00013818571503133357,500,nan,nan,0,16.2450702192564,0.08436477652580701,500,12.965875466151239,0.10807090442554965,500,9.670159734829998,7.95206533574069e-17,500,7.718157181570001,7.95206533574069e-17,500,0.678970189701886,0.019212596282790647,500,1.33897018970149,0.02214043896975514,500,0.0879705056179636,0.0024892724818637666,500,0.1734831460673438,0.002868617268203319,500
8,8,2,1.0,8.0,10.0,0.41115519297455605,0.000796545325999275,500,0.648030881447188,0.0001573249912476467,500,0.5956428836535981,0.006545036133937699,500,0.235636534554104,0.0025192811588189514,500,0.32747005795522793,0.0025147740896107706,500,0.2507870234500902,0.0031123561422609814,500,6.48601345443846,0.15558646635016435,500,0.00585909074474986,0.00014054784674804343,500,nan,nan,0,16.9280150718702,0.0853694917454723,500,12.70020007843054,0.11640223677158001,500,11.0516111255,0.0,500,7.718157181570001,7.95206533574069e-17,500,0.655826558265588,0.020182771186613973,500,1.2363252032515921,0.024234180965378528,500,0.08497191011233701,0.002614972811748072,500,0.160183988763984,0.0031398921264857204,500
8,8,2,1.0,9.0,10.0,0.40586327436203806,0.000710538319797671,500,0.649617957393994,0.00014776899800195,500,0.4568985269397056,0.006052479224455515,500,0.2094253114515958,0.0023807260838059757,500,0.29574968828594,0.002448804610378856,500,0.29134815468640435,0.003669557180803728,500,5.301139916604781,0.11992691552504524,500,0.00478874427877522,0.00010833506370814141,500,nan,nan,0,18.049522178293003,0.07946409125436323,500,12.95897435389786,0.11342850975196288,500,12.433062516200001,7.95206533574069e-17,500,7.718157181570001,7.95206533574069e-17,500,0.5776476964770639,0.018979842210777812,500,1.129376693766716,0.023789508694390754,500,0.0748426966291936,0.002459115792054851,500,0.1463272471909732,0.0030822783385656936,500
8,8,2,1.0,10.0,10.0,0.40256264005371406,0.0006995455992142955,500,0.6514646954540599,0.00014209011302167008,500,0.3113204764508686,0.004352150401821392,500,0.1875151631126564,0.00218004083405681,500,0.27027171648744797,0.0023494150185954933,500,0.3260836696818156,0.003957196120979038,500,4.52862461489056,0.09163696407760209,500,0.0040908984777690205,8.277955201223668e-05,500,nan,nan,0,18.9064046066246,0.07209374682006503,500,12.78155671126312,0.10815176525089225,500,13.814513906900002,7.95206533574069e-17,500,7.718157181570001,7.95206533574069e-17,500,0.540032520325224,0.01942985692174481,500,1.0230677506772143,0.02319642454670826,500,0.0699691011235834,0.0025174217711110758,500,0.1325533707864762,0.0030054356242065683,500
