L,N,nmax,filling,U,W,r_mean,r_mean_stderr,r_mean_n,onsite_pair_density,onsite_pair_density_stderr,onsite_pair_density_n,onsite_pair_variance,onsite_pair_variance_stderr,onsite_pair_variance_n,charge_fluctuation,charge_fluctuation_stderr,charge_fluctuation_n,fock_entropy_normalized,fock_entropy_normalized_stderr,fock_entropy_normalized_n,ipr,ipr_stderr,ipr_n,pr,pr_stderr,pr_n,pr_normalized,pr_normalized_stderr,pr_normalized_n,entanglement_entropy,entanglement_entropy_stderr,entanglement_entropy_n,diag_std,diag_std_stderr,diag_std_n,disorder_diag_std,disorder_diag_std_stderr,disorder_diag_std_n,interaction_diag_std,interaction_diag_std_stderr,interaction_diag_std_n,connectivity_mean,connectivity_mean_stderr,connectivity_mean_n,Nres_mean_l1.0,Nres_mean_l1.0_stderr,Nres_mean_l1.0_n,Nres_mean_l2.0,Nres_mean_l2.0_stderr,Nres_mean_l2.0_n,fres_l1.0,fres_l1.0_stderr,fres_l1.0_n,fres_l2.0,fres_l2.0_stderr,fres_l2.0_n
6,3,5,0.5,1.0,1.0,0.4913879514176421,0.0031253559634161544,500,0.25157229813544796,6.851588155586683e-05,500,1.67085283179116,0.003472841571813892,500,0.477318907151894,0.00021417196064903198,500,0.812708562448414,0.0002770327599894078,500,0.0544550536969638,9.900300179136759e-05,500,19.163812984806597,0.02980331845842569,500,0.342210946157304,0.0005322021153317758,500,nan,nan,0,2.0460665158988998,0.005114977592142515,500,1.013216078338872,0.010589212956121344,500,1.7654696590100007,2.982024500902759e-17,500,4.5,0.0,500,2.2608571428568203,0.014900490618430974,500,3.8852142857138006,0.006795182268730182,500,0.502412698412744,0.003311220137443538,500,0.863380952380896,0.0015100405041608847,500
6,3,5,0.5,2.0,1.0,0.51784369657079,0.002817777222969529,500,0.24843567718147,8.965857809821679e-05,500,0.852162253056372,0.0017413383637520856,500,0.44870498865249,0.0004318645623012618,500,0.757924454109872,0.000432862448335374,500,0.0752801920302648,0.00021449313956625429,500,14.406259089217,0.033998843394894465,500,0.25725462659310006,0.0006071222034814124,500,nan,nan,0,3.6815215656994797,0.002953616119415101,500,1.015360776343508,0.010916357647928185,500,3.5309393180200015,5.964049001805518e-17,500,4.5,0.0,500,1.827857142856886,0.017700255565190216,500,2.50171428571344,0.006394703546453677,500,0.40619047619026993,0.003933390125610222,500,0.555936507936952,0.0014210452325344155,500
6,3,5,0.5,3.0,1.0,0.507961179455494,0.0025120813735052374,500,0.254018364015144,2.6080364578535944e-05,500,0.439083089391912,0.0013963788049576314,500,0.412945453369696,0.0007419656699734118,500,0.679683085000984,0.0006890978632438109,500,0.1090224576431246,0.00039268102405216025,500,10.299310961668402,0.035688799629159405,500,0.183916267172628,0.0006372999933783047,500,nan,nan,0,5.40295864447452,0.0021682473229889857,500,1.0374396307042042,0.011507514450903521,500,5.296408977029999,3.976032667870345e-17,500,4.5,0.0,500,1.7857142857139638,0.019554985245618866,500,2.3571428571399995,1.9880163339351726e-17,500,0.39682539682522194,0.004345552276817206,500,0.5238095238099999,4.9700408348379315e-18,500
6,3,5,0.5,4.0,1.0,0.5062942998583541,0.0028083780914519066,500,0.25694939700688796,1.208352976512283e-05,500,0.24879375853601599,0.00035286683343291515,500,0.39503543622043796,0.0009591756758243969,500,0.639943569677154,0.0009257372875544939,500,0.126621956991674,0.0005432415524049461,500,9.123722932638941,0.03948273836716069,500,0.16292362379713604,0.0007050488994142073,500,nan,nan,0,7.13742814017728,0.001507559228064448,500,1.007225983300402,0.010908666124189318,500,7.061878636040003,1.1928098003611036e-16,500,4.5,0.0,500,1.820714285713982,0.018767899721487322,500,2.3571428571399995,1.9880163339351726e-17,500,0.40460317460298795,0.004170644382566051,500,0.5238095238099999,4.9700408348379315e-18,500
6,3,5,0.5,5.0,1.0,0.488027899699486,0.002549793858431907,500,0.258569070242364,6.588367166538021e-06,500,0.16207488025491,0.0001684146674892566,500,0.38641091645238396,0.0010199072455932122,500,0.619272150874108,0.0010081395468360065,500,0.135284669785718,0.0005872036050420385,500,8.662997120910019,0.04013788947284485,500,0.154696377159108,0.0007167480263012608,500,nan,nan,0,8.88581952940288,0.0011608613993678144,500,0.989144570632012,0.010778909249956278,500,8.82734829505,0.0,500,4.5,0.0,500,1.84928571428538,0.018423706128969215,500,2.3571428571399995,1.9880163339351726e-17,500,0.4109523809522179,0.004094156917564898,500,0.5238095238099999,4.9700408348379315e-18,500
6,3,5,0.5,6.0,1.0,0.47805741739245605,0.0028091035499678177,500,0.25951641378858803,4.5897444216065336e-06,500,0.113889784322776,0.00010798339352422541,500,0.379040954148776,0.0011196668237271321,500,0.604742783266076,0.001103303426540381,500,0.14121173891842198,0.0006469600212310514,500,8.34399556631328,0.04033309803879294,500,0.14899992082700197,0.0007202338935495227,500,nan,nan,0,10.643986225132,0.0010416494860197578,500,1.0117516629868082,0.011285203860481055,500,10.592817954099997,7.95206533574069e-17,500,4.5,0.0,500,1.8257142857141242,0.01801643808371441,500,2.3571428571399995,1.9880163339351726e-17,500,0.4057142857141,0.004003652907507214,500,0.5238095238099999,4.9700408348379315e-18,500
6,3,5,0.5,7.0,1.0,0.47169035317129004,0.002696820188869362,500,0.26011819526817204,3.1868769384036852e-06,500,0.0842707309371212,7.621475653485794e-05,500,0.37498643727469,0.0011239848416505344,500,0.59529214552092,0.0011170740480846272,500,0.14505706127062398,0.0006670035792401001,500,8.15320898125086,0.0401286925720834,500,0.1455930175223248,0.00071658379592977,500,nan,nan,0,12.4022908786634,0.0009214232789257792,500,1.012003656561272,0.011484813726294516,500,12.358287613100002,7.95206533574069e-17,500,4.5,0.0,500,1.8299999999997139,0.018041731329403597,500,2.3571428571399995,1.9880163339351726e-17,500,0.40666666666647994,0.004009273628770358,500,0.5238095238099999,4.9700408348379315e-18,500
6,3,5,0.5,8.0,1.0,0.46762358607089405,0.002834612000464453,500,0.26052532312258797,2.4872107082111814e-06,500,0.0647431228333486,5.53017688605323e-05,500,0.375037147141162,0.0011726835589935998,500,0.5923666992420039,0.0011711800504001627,500,0.14572882314682561,0.0006946363080083909,500,8.182789165670199,0.04303222291687884,500,0.146121235101242,0.0007684325520872543,500,nan,nan,0,14.161979810573602,0.0007804806887728809,500,1.009766638864308,0.011131206519038773,500,14.123757272099995,2.3856196007222073e-16,500,4.5,0.0,500,1.837142857142664,0.018617946980695167,500,2.3571428571399995,1.9880163339351726e-17,500,0.40825396825379,0.004137321551281066,500,0.5238095238099999,4.9700408348379315e-18,500
6,3,5,0.5,9.0,1.0,0.46077008208221204,0.002602176780341844,500,0.2608124799705361,1.993081656501599e-06,500,0.051246083250431396,4.251728347621845e-05,500,0.37372578573040405,0.001154321638753097,500,0.5882496714964921,0.0011653394197272261,500,0.14674970692695796,0.0006660314054852306,500,8.15036102311796,0.04388885122856789,500,0.14554216112711799,0.0007837294862245075,500,nan,nan,0,15.922112106824999,0.0006596885005223015,500,0.995038825808764,0.01061593776481373,500,15.889226931100003,1.590413067148138e-16,500,4.5,0.0,500,1.846428571428168,0.018208678400152434,500,2.3571428571399995,1.9880163339351726e-17,500,0.410317460317284,0.004046372977825893,500,0.5238095238099999,4.9700408348379315e-18,500
6,3,5,0.5,10.0,1.0,0.460516532901966,0.00269153629300679,500,0.26101260610309196,1.62646466889586e-06,500,0.041558027262450205,3.3752545610049773e-05,500,0.36865618354164,0.001258024530795568,500,0.580967054603262,0.0012621526072221067,500,0.15026595105349,0.0007551673766527006,500,7.97762576211136,0.04503083854470493,500,0.1424576028948546,0.0008041221168702768,500,nan,nan,0,17.6858564293722,0.0006226447877374393,500,1.020493060120756,0.010964811807775716,500,17.6546965901,0.0,500,4.5,0.0,500,1.809285714285342,0.019244317309823972,500,2.3571428571399995,1.9880163339351726e-17,500,0.402063492063308,0.004276514957751111,500,0.5238095238099999,4.9700408348379315e-18,500
6,4,5,0.6666666666666666,1.0,1.0,0.5222933044434821,0.0019413561334013143,500,0.501767318154692,9.644235537069038e-05,500,3.72467144249364,0.005073750411210309,500,0.697381578091164,0.00019879112908894553,500,0.828215391376516,0.0001339320341119825,500,0.027676650307225402,3.12701552031442e-05,500,37.455837384032,0.033678833176925445,500,0.29726855066692204,0.00026729232680122,500,nan,nan,0,3.0298342828393,0.005299330342657743,500,1.25136414350775,0.01306219031465031,500,2.7464262493000002,1.9880163339351726e-17,500,5.333333333330001,3.976032667870345e-17,500,2.4116507936509803,0.013448472681614424,500,4.253714285714881,0.006724286387345554,500,0.452184523809522,0.002521588627807028,500,0.7975714285714279,0.0012608036976253614,500
6,4,5,0.6666666666666666,2.0,1.0,0.51940598459584,0.001878044273027606,500,0.46621774761181795,0.0001306526556669735,500,1.7304715375917599,0.004341961197402459,500,0.600590422510902,0.0004577267939702203,500,0.7422208057284582,0.00023494801434632997,500,0.0550653444353172,0.0001322275323584939,500,23.350246597614397,0.03562071337520138,500,0.18531941744137398,0.00028270407440611175,500,nan,nan,0,5.6327499465468,0.002841464232046733,500,1.213149042913074,0.01333562995677471,500,5.4928524986000005,3.976032667870345e-17,500,5.333333333330001,3.976032667870345e-17,500,1.828888888886474,0.016713559317651824,500,2.60482539682452,0.006944933941348621,500,0.3429166666666954,0.0031337923720685832,500,0.488404761904794,0.0013021751140045383,500
6,4,5,0.6666666666666666,3.0,1.0,0.503910584422396,0.0019689594039230783,500,0.454868290151556,9.01106565532391e-05,500,0.7985989677815739,0.0023410425916953652,500,0.50570600948116,0.0008355146211439818,500,0.645816523608318,0.00041428859615923907,500,0.112589028634885,0.0003820734083670434,500,17.110798289300202,0.049729105162646295,500,0.135799986423002,0.00039467543779824556,500,nan,nan,0,8.33591389752104,0.0019650317027157505,500,1.228981155671324,0.013672255423906814,500,8.239278747909998,7.95206533574069e-17,500,5.333333333330001,3.976032667870345e-17,500,1.806984126980334,0.01682686720726241,500,2.3047936507929396,0.0007696521104001915,500,0.33880952380958035,0.0031550376013618356,500,0.43214880952384194,0.0001443097706976498,500
6,4,5,0.6666666666666666,4.0,1.0,0.503325792170354,0.0019382832495869887,500,0.454208460184674,1.325050770132966e-05,500,0.43473731160733997,0.00043830704357624323,500,0.462796287112448,0.0012604339490877375,500,0.59706114349658,0.0006879264189071382,500,0.15370210569367398,0.0007073117077087224,500,15.3569601292236,0.051409528341225204,500,0.121880635946247,0.0004080121296919106,500,nan,nan,0,11.058394708126801,0.0013965164827185576,500,1.234014962569548,0.01270597716724596,500,10.985704997200001,7.95206533574069e-17,500,5.333333333330001,3.976032667870345e-17,500,1.8171428571390458,0.015551172996450917,500,2.28571428571,0.0,500,0.34071428571436796,0.002915844936834396,500,0.42857142857099995,2.4850204174189658e-18,500
6,4,5,0.6666666666666666,5.0,1.0,0.488212297486136,0.0020019500764907284,500,0.454415305710962,4.309555355888889e-06,500,0.28411241279574007,0.0001578398764953118,500,0.441272905883742,0.0014370361638643364,500,0.5708968502220519,0.000811313179010978,500,0.179589387156256,0.0009527931570945284,500,14.499337524294,0.05348729239619998,500,0.1150741073356658,0.0004245023206059355,500,nan,nan,0,13.792023892755799,0.0011860580959418543,500,1.2484212843037699,0.013477565715158976,500,13.732131246499998,7.95206533574069e-17,500,5.333333333330001,3.976032667870345e-17,500,1.8038095238057459,0.016921063957541574,500,2.28571428571,0.0,500,0.33821428571434436,0.0031726994920397615,500,0.42857142857099995,2.4850204174189658e-18,500
6,4,5,0.6666666666666666,6.0,1.0,0.48263467063394794,0.0019483849145250367,500,0.45456651177849405,3.1545622802559173e-06,500,0.20021908363188398,8.296841748769866e-05,500,0.42964467941151796,0.0014812958227226358,500,0.5549054419561139,0.0008685934925401871,500,0.196122981298218,0.001062213146223967,500,14.0743439952536,0.055297213763008335,500,0.1117011428194736,0.0004388667758965508,500,nan,nan,0,16.5269180630616,0.001026821873719241,500,1.223947438031136,0.01405987172284442,500,16.478557495800004,1.590413067148138e-16,500,5.333333333330001,3.976032667870345e-17,500,1.816507936504126,0.016776260190148374,500,2.28571428571,0.0,500,0.340595238095284,0.0031455487856525055,500,0.42857142857099995,2.4850204174189658e-18,500
6,4,5,0.6666666666666666,7.0,1.0,0.4763527429108079,0.001986723531962617,500,0.45466858823173595,2.1040109172271118e-06,500,0.14875193617653798,5.872405894999823e-05,500,0.418043204735222,0.0014280992357928561,500,0.542290463994138,0.0008559096985032504,500,0.210705589357888,0.0010926473102705109,500,13.7514273306644,0.05219288180012256,500,0.10913831214813201,0.00041422922063613383,500,nan,nan,0,19.265938242944596,0.0008752296499371891,500,1.2160649326516921,0.014010067087372293,500,19.224983745099998,1.590413067148138e-16,500,5.333333333330001,3.976032667870345e-17,500,1.8158730158692178,0.01741471226469083,500,2.28571428571,0.0,500,0.340476190476238,0.003265258549630594,500,0.42857142857099995,2.4850204174189658e-18,500
6,4,5,0.6666666666666666,8.0,1.0,0.47321045436543796,0.002050600277963847,500,0.45473812924415996,1.6633546633527551e-06,500,0.114740174684382,4.165941396739222e-05,500,0.41012792805689,0.0013843228460534349,500,0.533125159657402,0.0008236733094642561,500,0.22190551352277998,0.0010650740710607038,500,13.577822504399398,0.05270068031028227,500,0.1077604960666722,0.0004182593675427225,500,nan,nan,0,22.0084458119872,0.0007111892473633518,500,1.243067412192046,0.012964087472064924,500,21.971409994400002,1.590413067148138e-16,500,5.333333333330001,3.976032667870345e-17,500,1.801904761900996,0.017227122336893875,500,2.28571428571,0.0,500,0.3378571428572095,0.003230085438169252,500,0.42857142857099995,2.4850204174189658e-18,500
6,4,5,0.6666666666666666,9.0,1.0,0.47553400288997205,0.0018706117776267654,500,0.45478782996011,1.1803024068571433e-06,500,0.0911338745789672,3.3505314977185906e-05,500,0.40272583373074805,0.0014105887206631337,500,0.5255325060607561,0.0008318828336226289,500,0.230601642078364,0.001129391634149829,500,13.3771074358822,0.0502202437884394,500,0.1061675193323956,0.000398573363400107,500,nan,nan,0,24.7503266125896,0.0006354480927361542,500,1.232740540962976,0.013264014810268088,500,24.717836243699995,1.590413067148138e-16,500,5.333333333330001,3.976032667870345e-17,500,1.829841269837456,0.016633522894107428,500,2.28571428571,0.0,500,0.3430952380952972,0.0031187855426452883,500,0.42857142857099995,2.4850204174189658e-18,500
6,4,5,0.6666666666666666,10.0,1.0,0.469600760460594,0.0018795494771990083,500,0.45482620595953,9.812390661004347e-07,500,0.0741129412141226,2.6543572251790475e-05,500,0.39807367062779797,0.0013194599174246285,500,0.520341713268902,0.0008100916494939517,500,0.23634318114317596,0.0011021461605428466,500,13.26989037807654,0.050832052367970025,500,0.1053165903021704,0.00040342898704681326,500,nan,nan,0,27.492628454125203,0.0005734478682733595,500,1.2131214300478859,0.013234854033104218,500,27.464262492999996,1.590413067148138e-16,500,5.333333333330001,3.976032667870345e-17,500,1.804444444440654,0.016945323936103394,500,2.28571428571,0.0,500,0.3383333333333944,0.0031772482380199767,500,0.42857142857099995,2.4850204174189658e-18,500
6,5,5,0.8333333333333334,1.0,1.0,0.5299998343811599,0.0012921172531598028,500,0.839440429907076,0.00017592415341620803,500,6.265789924943739,0.01035441879843656,500,0.9496936110709121,0.00014454924047804484,500,0.840744016775536,0.0001058653130725177,500,0.015112040429886602,1.6263575610544966e-05,500,68.4757931976426,0.056522646610714995,500,0.27172933808588595,0.00022429621670869493,500,nan,nan,0,4.151742770775599,0.005238007312846403,500,1.451111148466786,0.015463678738640104,500,3.87628841011,0.0,500,6.0,0.0,500,2.53973015873036,0.011019817050325243,500,4.51174603174592,0.006430649519562741,500,0.423288359788238,0.001836636175051896,500,0.7519576719577039,0.0010717749199297456,500
6,5,5,0.8333333333333334,2.0,1.0,0.523381686260484,0.0012692657778806613,500,0.815670459989532,8.098878502303513e-05,500,2.74821896221562,0.003978098990248633,500,0.8635861551780261,0.0005839946000522214,500,0.758014678794504,0.0003151289865413318,500,0.0302937526609914,9.983092770702445e-05,500,38.93927882465461,0.08494801243836973,500,0.15452094771688202,0.00033709528745355785,500,nan,nan,0,7.8913206831011,0.0028458281015516992,500,1.429813119078192,0.016151244370615162,500,7.75257682022,0.0,500,6.0,0.0,500,1.7954920634929958,0.013861262796976083,500,2.67187301587306,0.005880375453932793,500,0.299248677248572,0.002310210466150751,500,0.44531216931173995,0.0009800625756578195,500
6,5,5,0.8333333333333334,3.0,1.0,0.507122238438426,0.0013435104372996967,500,0.820679938668442,7.59870933822513e-05,500,1.36734449383938,0.0032976382887338115,500,0.785503973763494,0.0013516338219209164,500,0.6637131100220119,0.0005806282262974133,500,0.0571116056780938,0.00024103231169540526,500,22.921904883913797,0.08704176898981751,500,0.09095994001552421,0.00034540384519753293,500,nan,nan,0,11.725153668401399,0.0019612563397377464,500,1.4557008711422441,0.016238230997580594,500,11.628865230299999,7.95206533574069e-17,500,6.0,0.0,500,1.756031746033034,0.015259695580585394,500,2.2307301587307,0.001647658646722843,500,0.29267195767185,0.0025432825967561905,500,0.37178835978798797,0.0002746097744643535,500
6,5,5,0.8333333333333334,4.0,1.0,0.49849950133433807,0.0013891065259347686,500,0.8252417316241302,8.737264293213257e-05,500,0.732677447138328,0.0012947503265918856,500,0.719006938516696,0.002207358824814515,500,0.597025530152476,0.0008970754085446917,500,0.08114918356024661,0.00045419435840799674,500,16.664329718385,0.09032297362201644,500,0.0661282925332778,0.00035842449850010473,500,nan,nan,0,15.5746131489496,0.0014218948933627763,500,1.4250290481918442,0.016083848942603136,500,15.505153640400001,7.95206533574069e-17,500,6.0,0.0,500,1.7776984126996418,0.015238908267825505,500,2.1904761904799996,1.9880163339351726e-17,500,0.2962830687829412,0.0025398180446269333,500,0.36507936507899996,2.4850204174189658e-18,500
6,5,5,0.8333333333333334,5.0,1.0,0.49743098112544204,0.001524396072103182,500,0.82931319845931,3.9794602675869516e-05,500,0.46620460800523994,0.00030714237477817095,500,0.673211540308534,0.002697142684619367,500,0.555405003067,0.0011100804399213665,500,0.09745177221826341,0.0006009917978016,500,13.83738287274756,0.08901675883658312,500,0.0549102494950218,0.0003532411064944874,500,nan,nan,0,19.4398324473088,0.0011381388358623864,500,1.4660685503241921,0.01538282432446606,500,19.381442050600008,3.180826134296276e-16,500,6.0,0.0,500,1.7471428571439478,0.014822151749650148,500,2.1904761904799996,1.9880163339351726e-17,500,0.29119047619037924,0.002470358624933348,500,0.36507936507899996,2.4850204174189658e-18,500
6,5,5,0.8333333333333334,6.0,1.0,0.487479784778002,0.001290637876825252,500,0.830723895174222,2.8375248213303637e-06,500,0.32904009863523404,7.76416263252571e-05,500,0.648051918238074,0.0028798316259886336,500,0.532403468609044,0.001202220348514137,500,0.10702676457279099,0.0006883350460209703,500,12.586512120038641,0.08613315255595093,500,0.0499464766668284,0.0003417982244283051,500,nan,nan,0,23.304291015894602,0.000931507336324918,500,1.43115591483162,0.015519029968498686,500,23.257730460699996,1.590413067148138e-16,500,6.0,0.0,500,1.7643650793661418,0.01459115243516402,500,2.1904761904799996,1.9880163339351726e-17,500,0.2940608465607412,0.002431858739183849,500,0.36507936507899996,2.4850204174189658e-18,500
6,5,5,0.8333333333333334,7.0,1.0,0.477704239770588,0.0014742747901574152,500,0.831414722691958,1.8868028141380875e-06,500,0.24507206253492597,3.703484470639831e-05,500,0.6301063972416959,0.0029900443378630985,500,0.51573451647809,0.001273859387813512,500,0.11376666747271319,0.0007393895750301573,500,11.79128795196262,0.08343278794106107,500,0.0467908252061938,0.000331082491829684,500,nan,nan,0,27.1732518559454,0.0008405535963670976,500,1.4134790998153581,0.016329874755268235,500,27.134018870799995,1.590413067148138e-16,500,6.0,0.0,500,1.79769841269988,0.015059260953314424,500,2.1904761904799996,1.9880163339351726e-17,500,0.29961640211627805,0.0025098768255424,500,0.36507936507899996,2.4850204174189658e-18,500
6,5,5,0.8333333333333334,8.0,1.0,0.465889973458608,0.0014117995902827845,500,0.8318575625638001,1.475004253382582e-06,500,0.18959778157519802,2.1359604265751765e-05,500,0.5995302889291461,0.003028067859132658,500,0.49715811079494604,0.0012967590133707036,500,0.1226667410021778,0.0007953555629969556,500,10.84405586648384,0.0792888094421708,500,0.0430319677241454,0.00031463813270723664,500,nan,nan,0,31.0457846669246,0.0007240030743535281,500,1.437956229343986,0.016395132140319686,500,31.010307280900005,1.590413067148138e-16,500,6.0,0.0,500,1.7693650793663138,0.015013704288465116,500,2.1904761904799996,1.9880163339351726e-17,500,0.294894179894062,0.002502284048067916,500,0.36507936507899996,2.4850204174189658e-18,500
6,5,5,0.8333333333333334,9.0,1.0,0.459782323901598,0.0013744944204816332,500,0.83216526220196,1.0734337089766212e-06,500,0.15090398242922196,1.2488308121733873e-05,500,0.5815208931588081,0.0027810668880627228,500,0.484758723939678,0.0011945270835832164,500,0.128210783330003,0.0007535893317595831,500,10.285331136364759,0.06696300237563022,500,0.04081480609668799,0.0002657261999033735,500,nan,nan,0,34.918755714804995,0.0006448080689387223,500,1.4570353855774079,0.015648770255823428,500,34.88659569100001,6.361652268592552e-16,500,6.0,0.0,500,1.7693650793661682,0.014122090311711783,500,2.1904761904799996,1.9880163339351726e-17,500,0.294894179894094,0.0023536817186082006,500,0.36507936507899996,2.4850204174189658e-18,500
6,5,5,0.8333333333333334,10.0,1.0,0.452482336579836,0.0013203701205564812,500,0.832385215965802,9.011286784393611e-07,500,0.12291029180267402,8.445725236190273e-06,500,0.562674920218184,0.002867233444941574,500,0.473690364640496,0.0012220796335709705,500,0.1335325073194088,0.0008056361864700721,500,9.8168631725237,0.06451383470190175,500,0.0389558062401712,0.0002560072805627199,500,nan,nan,0,38.7908986130378,0.0005582254336663256,500,1.433752207459878,0.01532163353194852,500,38.7628841011,0.0,500,6.0,0.0,500,1.7771428571440078,0.014723088709675512,500,2.1904761904799996,1.9880163339351726e-17,500,0.2961904761903744,0.002453848118268138,500,0.36507936507899996,2.4850204174189658e-18,500
6,6,5,1.0,1.0,1.0,0.529876564602032,0.000983376964434714,500,1.2616629282864198,9.788957343554304e-05,500,9.72636673332626,0.012814836954703998,500,1.23011829092974,0.000192967511022511,500,0.8503305530948241,8.768667224259525e-05,500,0.0089463013344476,1.052251927961621e-05,500,116.263857170014,0.08362212869122823,500,0.254964599057058,0.0001833818611658455,500,nan,nan,0,4.859564872589399,0.0058025936755158455,500,1.634372392052362,0.017741525533323105,500,4.56113285371,0.0,500,6.578947368420002,1.1928098003611036e-16,500,2.63012280701768,0.01026291256684841,500,4.7314210526316005,0.006445260998181041,500,0.399778666666672,0.001559962710160367,500,0.7191760000000099,0.0009796796717214521,500
6,6,5,1.0,2.0,1.0,0.5171716689425779,0.0008561312815832166,500,1.22853032624264,7.710090274856511e-05,500,3.9610652335694003,0.00667701038976115,500,1.0539896320456201,0.0006982586344657915,500,0.749122838984068,0.00024254761729510484,500,0.0255629550473086,7.745018333380284e-05,500,57.43486732430039,0.10341377648620036,500,0.125953656412928,0.00022678459755640302,500,nan,nan,0,9.27205648434726,0.0028605394381928553,500,1.617652044623322,0.016903879795776275,500,9.12226570742,0.0,500,6.578947368420002,1.1928098003611036e-16,500,1.7726842105261,0.011407095706681795,500,2.75662280701754,0.005194258248068105,500,0.26944799999998403,0.0017338785474157146,500,0.419006666666668,0.000789527253707559,500
6,6,5,1.0,3.0,1.0,0.502405787042522,0.0009303514419885065,500,1.2399535715674201,0.00010292774383055813,500,1.8548871727811798,0.0028252852481747645,500,0.909058567926558,0.0015488467130917749,500,0.63560980926558,0.00046100990584581466,500,0.059939313710361,0.00020604043398855532,500,27.971239299615203,0.09923267769517549,500,0.0613404370605646,0.00021761552126124442,500,nan,nan,0,13.782508208208402,0.002079494228416193,500,1.59748529788012,0.01858387655583974,500,13.683398561100004,1.590413067148138e-16,500,6.578947368420002,1.1928098003611036e-16,500,1.7643508771926004,0.012388300560029958,500,2.20103508771762,0.001891149768512775,500,0.26818133333335203,0.0018830216851319656,500,0.334557333333248,0.0002874547648186257,500
6,6,5,1.0,4.0,1.0,0.467820511565936,0.0009790868557528296,500,1.2489791862504198,6.90432017536649e-05,500,0.996687308273892,0.0015430305612774379,500,0.7925746618314399,0.0022006165863024327,500,0.543415314337424,0.0007209904330212556,500,0.09907802830413899,0.00043000353144738,500,16.8758214513244,0.09306198709766443,500,0.0370083803757108,0.00020408330503890397,500,nan,nan,0,18.319206752265796,0.0015241421197574549,500,1.6029197416683318,0.018030088878565873,500,18.244531414800004,1.590413067148138e-16,500,6.578947368420002,1.1928098003611036e-16,500,1.7343859649118802,0.013129477452472282,500,2.1109824561398405,0.00022070742267668635,500,0.26362666666669,0.001995680572780238,500,0.32086933333337003,3.354752823852716e-05,500
6,6,5,1.0,5.0,1.0,0.463149863017644,0.0010336037495636925,500,1.25248698755838,1.4512952919753414e-05,500,0.6292599716007,0.0003524632714027568,500,0.7202347374371479,0.0029424895154047935,500,0.491602906643656,0.001045831950586792,500,0.1274151310409536,0.0007436697168373539,500,13.324757876449919,0.0907083368164535,500,0.029220960255376,0.00019892179126409048,500,nan,nan,0,22.8645412976224,0.0012839263481989366,500,1.585970064370094,0.018697441269471714,500,22.805664268600005,1.590413067148138e-16,500,6.578947368420002,1.1928098003611036e-16,500,1.7589473684204804,0.013564255626181724,500,2.10526315789,0.0,500,0.267360000000048,0.0020617668551840677,500,0.32,0.0,500
6,6,5,1.0,6.0,1.0,0.453873628059064,0.0009562622376698734,500,1.25378055108756,7.277816287582895e-06,500,0.44240406407360605,0.00010044325179161885,500,0.658174897765202,0.0030017476196331832,500,0.454166330589728,0.0010729110601919666,500,0.1514696948631844,0.0008620227217754411,500,11.17282809172044,0.0766547326243876,500,0.024501815990613598,0.0001681024838253661,500,nan,nan,0,27.4179907798962,0.0010178677116922247,500,1.6281384611315621,0.01758550927164544,500,27.3667971223,0.0,500,6.578947368420002,1.1928098003611036e-16,500,1.7255438596488202,0.012746290107625603,500,2.10526315789,0.0,500,0.262282666666702,0.001937436096361156,500,0.32,0.0,500
6,6,5,1.0,7.0,1.0,0.44574426877571605,0.0009481390729098092,500,1.25461258127116,5.2560695205888e-06,500,0.328518798938494,5.668741579459648e-05,500,0.615845971195466,0.003076710616904062,500,0.428982982646388,0.0010776213592706846,500,0.16867201897312997,0.0009264665168695532,500,10.00189697550984,0.06981002850313817,500,0.0219339845954196,0.0001530921677700011,500,nan,nan,0,31.972128097615602,0.0008851568420275121,500,1.6333499003641059,0.017727711767980436,500,31.92792997599999,4.771239201444415e-16,500,6.578947368420002,1.1928098003611036e-16,500,1.741263157894556,0.013165228909102475,500,2.10526315789,0.0,500,0.26467200000005403,0.002001114794186921,500,0.32,0.0,500
6,6,5,1.0,8.0,1.0,0.435436876351562,0.0010092659014007308,500,1.25519202703194,3.904101546936666e-06,500,0.253393151134722,3.896235536431226e-05,500,0.582194536770304,0.0028633549254870896,500,0.40957241340577394,0.0010127424087463211,500,0.18245338981665402,0.000926481567621875,500,9.18063418552182,0.06005300451019087,500,0.0201329697050926,0.00013169518532929404,500,nan,nan,0,36.526255787187196,0.0007305686328988233,500,1.6032181363183422,0.017082470090977308,500,36.4890628297,0.0,500,6.578947368420002,1.1928098003611036e-16,500,1.7540350877190203,0.012268882967361967,500,2.10526315789,0.0,500,0.26661333333337406,0.0018648702110438103,500,0.32,0.0,500
6,6,5,1.0,9.0,1.0,0.4317358907521381,0.0010119133438709809,500,1.2555974955843598,3.041834377905362e-06,500,0.201318334795126,3.136597781922543e-05,500,0.5477287323175579,0.002739816473867517,500,0.39229293297914797,0.0009605438478564013,500,0.19585430832929798,0.0009258627620471378,500,8.508637967446921,0.05209616273956238,500,0.018659293788264603,0.00011424597092014855,500,nan,nan,0,41.0835458943212,0.0006435947304232648,500,1.6132131752475178,0.01656514134309401,500,41.0501956834,0.0,500,6.578947368420002,1.1928098003611036e-16,500,1.7314385964909043,0.013146114709420537,500,2.10526315789,0.0,500,0.263178666666694,0.001998209435835665,500,0.32,0.0,500
6,6,5,1.0,10.0,1.0,0.42494978126669597,0.0010244435454747763,500,1.25590505108556,2.477100145177804e-06,500,0.16373641225841398,2.338298749228513e-05,500,0.523711360415928,0.002764724106446824,500,0.37968841959158,0.0009747837877155394,500,0.204875393495884,0.0009790546516525158,500,8.05101480368416,0.050319666970334534,500,0.017655734218607604,0.00011035014686488,500,nan,nan,0,45.6418961557702,0.0006075555039687582,500,1.623441322427718,0.01756843132550717,500,45.61132853709999,3.180826134296276e-16,500,6.578947368420002,1.1928098003611036e-16,500,1.7388070175437442,0.01256503938406031,500,2.10526315789,0.0,500,0.26429866666671,0.0019098859863796332,500,0.32,0.0,500
6,7,5,1.1666666666666667,1.0,1.0,0.5301066806112519,0.0007193296845856282,500,1.73617870796166,0.0001446373319020846,500,13.0093748878844,0.01875209305675622,500,1.5086790355345596,0.00014113166365198115,500,0.8601214475927259,8.696357823460373e-05,500,0.00556187399703236,7.38034698646711e-06,500,187.259825615644,0.1427010644403788,500,0.24769818203126198,0.00018875802174550692,500,nan,nan,0,5.27409196416348,0.006356612586840712,500,1.7679834536860761,0.01942101185626896,500,4.95199280433,0.0,500,7.0793650793700005,3.976032667870345e-17,500,2.7389523809522998,0.008478411301083797,500,4.96244444444428,0.006121915560678612,500,0.386892376681604,0.0011976231210051316,500,0.700973094170394,0.0008647548886173473,500
6,7,5,1.1666666666666667,2.0,1.0,0.5165756098440779,0.0007219605985593437,500,1.7149305335254,5.5254726562997e-05,500,5.276352132629221,0.009309548491618825,500,1.31983432206628,0.0009471949327918196,500,0.7419645526689059,0.00022161780780930736,500,0.019634827036065002,5.927604281090264e-05,500,73.4904537435288,0.09684960219989276,500,0.097209594898842,0.00012810793941740947,500,nan,nan,0,10.06621372045612,0.003368205114149619,500,1.748412610634182,0.01943294984651518,500,9.90398560866,0.0,500,7.0793650793700005,3.976032667870345e-17,500,1.7465820105827219,0.009870188909713936,500,2.82775132275132,0.0052873537409361855,500,0.246714499252658,0.0013942195096699913,500,0.3994357249626299,0.0007468683535424847,500
6,7,5,1.1666666666666667,3.0,1.0,0.480940190172538,0.0006905490490273829,500,1.72199258355624,4.4835572650367176e-05,500,2.3868059316126202,0.003776672183586454,500,1.004139296885012,0.0016632157296922515,500,0.591137155248294,0.00034140446678072666,500,0.0661859239440078,0.00017504648716424695,500,32.4994040548948,0.08244526057232453,500,0.042988629702241,0.0001090545774766723,500,nan,nan,0,14.9702454123964,0.0022387105077884394,500,1.7970022097943903,0.01906833290122006,500,14.855978413,0.0,500,7.0793650793700005,3.976032667870345e-17,500,1.6816931216934399,0.01081062338711773,500,2.1735238095230796,0.0021967137313552553,500,0.23754857997005996,0.0015270611510912273,500,0.30702242152464204,0.0003102981279681331,500
6,7,5,1.1666666666666667,4.0,1.0,0.46271397072904596,0.0007239908332149693,500,1.7271688602633,1.572425750749354e-05,500,1.2989951964558,0.0015790701510646717,500,0.8202354333043299,0.00201846910139557,500,0.504857057228378,0.0004818848011040474,500,0.111970407094417,0.00032036099478414677,500,21.9839578554986,0.08381978778322721,500,0.0290793093326714,0.0001108727351629103,500,nan,nan,0,19.890505357825997,0.0015961132827910958,500,1.762601409142118,0.018511067857053864,500,19.807971217300004,1.590413067148138e-16,500,7.0793650793700005,3.976032667870345e-17,500,1.695238095238396,0.010611235106024889,500,2.01339682539552,0.0005047339599658313,500,0.239461883408026,0.0014988964387387565,500,0.284403587443726,7.129650107402464e-05,500
6,7,5,1.1666666666666667,5.0,1.0,0.45312315342976206,0.0007356408918675876,500,1.7291131975069,5.354953341268382e-06,500,0.80760825799265,0.000602788884093728,500,0.722100015725664,0.0024178008859304916,500,0.45566722606543997,0.0006527384354029779,500,0.14294403641259198,0.0004928807201641586,500,17.384642776761,0.09006171680405,500,0.022995559228519598,0.0001191292550317807,500,nan,nan,0,24.8260485440276,0.0013838786533685865,500,1.7533857745006498,0.020192556386100232,500,24.7599640217,0.0,500,7.0793650793700005,3.976032667870345e-17,500,1.6901587301590377,0.010721913453682307,500,2.0,0.0,500,0.23874439461878597,0.0015145303757401701,500,0.2825112107619999,2.4850204174189658e-18,500
6,7,5,1.1666666666666667,6.0,1.0,0.44556068323568004,0.0007380630638779511,500,1.73019591101192,3.7829830099318634e-06,500,0.559144373065296,0.0002455751616265806,500,0.657055399592936,0.002512877112683006,500,0.423072031630794,0.0007155458922429447,500,0.165030394088532,0.0005986810581548915,500,14.53330085120272,0.08101691063888065,500,0.0192239429248694,0.00010716522571283453,500,nan,nan,0,29.7680455922274,0.0011557015486620807,500,1.7734554793176878,0.019599297646223632,500,29.711956826,0.0,500,7.0793650793700005,3.976032667870345e-17,500,1.685079365079674,0.011455134996671184,500,2.0,0.0,500,0.238026905829542,0.0016181020286736608,500,0.2825112107619999,2.4850204174189658e-18,500
6,7,5,1.1666666666666667,7.0,1.0,0.440824873499516,0.0007966762431967309,500,1.7308674768382,2.6872627100771708e-06,500,0.412780535521338,9.482460092495627e-05,500,0.618538650078214,0.0025700604236255846,500,0.401874300554354,0.0007435853764898402,500,0.17921534663551397,0.0006507597474205077,500,12.89046142872606,0.07439743501490229,500,0.017050874905723202,9.840930557529368e-05,500,nan,nan,0,34.710556156962205,0.0010030004414346015,500,1.7404559056456201,0.020249940823421454,500,34.6639496303,0.0,500,7.0793650793700005,3.976032667870345e-17,500,1.6846560846563963,0.011423920775293002,500,2.0,0.0,500,0.237967115097112,0.001613692844935832,500,0.2825112107619999,2.4850204174189658e-18,500
6,7,5,1.1666666666666667,8.0,1.0,0.43411590755029394,0.0007289367741556043,500,1.7313127888853401,2.0044104454565875e-06,500,0.318505871963194,5.8442587978879324e-05,500,0.57913362729575,0.0024810019678393478,500,0.382784082049326,0.000747363386959899,500,0.19284041514408198,0.0006871734038138272,500,11.46907085114314,0.06652725938360461,500,0.015170728639076998,8.799902034879141e-05,500,nan,nan,0,39.657716237376995,0.0008556350515243805,500,1.764901528666362,0.019871838671225186,500,39.615942434699996,3.180826134296276e-16,500,7.0793650793700005,3.976032667870345e-17,500,1.684232804233116,0.010743791996755767,500,2.0,0.0,500,0.23790732436469597,0.0015176208425854213,500,0.2825112107619999,2.4850204174189658e-18,500
6,7,5,1.1666666666666667,9.0,1.0,0.43187205945413804,0.0007753212431278127,500,1.73161551404134,1.776931599743747e-06,500,0.253248556560512,4.228086872156379e-05,500,0.546355199042634,0.0023219117480060805,500,0.367308315553624,0.0007001016314071023,500,0.204238472248034,0.0006838373619815219,500,10.444789208663481,0.0561076150654179,500,0.013815858741617141,7.421642204425491e-05,500,nan,nan,0,44.60618270884961,0.0007469803839917112,500,1.7965946974612503,0.019161287473296106,500,44.567935239,0.0,500,7.0793650793700005,3.976032667870345e-17,500,1.66730158730191,0.011116955481033272,500,2.0,0.0,500,0.23551569506723796,0.001570332276464431,500,0.2825112107619999,2.4850204174189658e-18,500
6,7,5,1.1666666666666667,10.0,1.0,0.42697274357142395,0.0007148715366706877,500,1.7318390634448402,1.2997888843379436e-06,500,0.206036912042178,3.1715836708620924e-05,500,0.5228635072085479,0.002216042097018391,500,0.355833310497228,0.0006928579905766634,500,0.21230968205919398,0.0007010202715428899,500,9.75355314807574,0.051360115986477876,500,0.012901525328143539,6.793666135766265e-05,500,nan,nan,0,49.55313454154199,0.0006560923947504626,500,1.762467417156008,0.01919172742224488,500,49.5199280433,0.0,500,7.0793650793700005,3.976032667870345e-17,500,1.685925925926236,0.010793006265127449,500,2.0,0.0,500,0.238146487294438,0.0015245726338578643,500,0.2825112107619999,2.4850204174189658e-18,500
6,8,5,1.3333333333333333,1.0,1.0,0.53021848728178,0.0005878584163057587,500,2.2561090158483004,0.00012205892927388667,500,16.2783126270858,0.01744987893072419,500,1.7756342097144597,0.00014241876584984858,500,0.868320443582892,4.344267486696294e-05,500,0.0037277386634885002,3.0095387779359364e-06,500,284.48093517636994,0.13386360666837335,500,0.245030951917628,0.00011530026414104204,500,nan,nan,0,5.579938313210239,0.006521325700633472,500,1.892523455604358,0.019654828157308814,500,5.232830786799999,3.976032667870345e-17,500,7.503875968990001,3.976032667870345e-17,500,2.8473591731269,0.006738910461336746,500,5.165553832902661,0.005515955017362513,500,0.379451790633624,0.000898057282556773,500,0.6883847566575318,0.000735080782274672,500
6,8,5,1.3333333333333333,2.0,1.0,0.519715520062672,0.0005706179526674175,500,2.2244898744196,5.294142051255753e-05,500,6.7481455113185405,0.008124276857685471,500,1.5342799208161,0.0007923899849604815,500,0.7490546318346399,0.00018649404239013407,500,0.0156624693420454,4.599542901767599e-05,500,101.8261173161904,0.13041854399438593,500,0.08770552740411199,0.00011233294056380743,500,nan,nan,0,10.643951168160802,0.003324517416609223,500,1.892202405396554,0.019446731599170212,500,10.465661573599998,7.95206533574069e-17,500,7.503875968990001,3.976032667870345e-17,500,1.7135538329024997,0.008260111226560977,500,2.9183049095604603,0.004593188066728857,500,0.22835583103763202,0.0011007792853576263,500,0.388906336088108,0.0006121087402985179,500
6,8,5,1.3333333333333333,3.0,1.0,0.474485893689802,0.0006109389375744148,500,2.2291862216355804,3.7499590525954594e-05,500,3.1252413825210597,0.004926941442059833,500,1.15209460417248,0.001609467347341201,500,0.578606803551794,0.00031128712447991427,500,0.061968945082253,0.00017122655978632593,500,31.902272282930795,0.07854890190948921,500,0.027478270700198797,6.765624626133168e-05,500,nan,nan,0,15.818933111702401,0.00249826263562429,500,1.8896890818515582,0.021383603621657907,500,15.6984923604,0.0,500,7.503875968990001,3.976032667870345e-17,500,1.6290370370365799,0.009549845091283524,500,2.17388458225608,0.0023632366624280724,500,0.21709274563831002,0.0012726549760178896,500,0.28970156106514194,0.0003149354643056594,500
6,8,5,1.3333333333333333,4.0,1.0,0.44313230677846194,0.0006398543366875909,500,2.23364876054248,1.5156759175596643e-05,500,1.65269467806182,0.0021434963348267774,500,0.888205315943022,0.002085810202678517,500,0.467536700327132,0.00044505112110203304,500,0.11470095990939841,0.0003603740929749055,500,16.4654843094604,0.0576624458215465,500,0.014182157027962399,4.9666189338135944e-05,500,nan,nan,0,21.0201565049778,0.0017193780054322535,500,1.881081858295084,0.019497547120018086,500,20.931323147199997,1.590413067148138e-16,500,7.503875968990001,3.976032667870345e-17,500,1.6466907838067661,0.009017639257577929,500,1.9405719207574,0.000724509719741102,500,0.219445362718132,0.0012017308514881966,500,0.25860927456371596,9.655139860824274e-05,500
6,8,5,1.3333333333333333,5.0,1.0,0.432306920349022,0.0006302657684213605,500,2.2357314307889,4.216938499869317e-06,500,1.02793222952568,0.0007340204396332368,500,0.7471793041757,0.0027931814121299687,500,0.40812992365799405,0.0006349204817443514,500,0.15303385171531,0.000621547708748014,500,11.85999644665784,0.05304761211381841,500,0.010215328550094039,4.569131103689203e-05,500,nan,nan,0,26.2409369839176,0.0015036766176594928,500,1.953734056805116,0.020410330169224868,500,26.16415393400001,3.180826134296276e-16,500,7.503875968990001,3.976032667870345e-17,500,1.612292850990306,0.009504921114876786,500,1.9043307493559003,8.92922888696104e-05,500,0.214861340679562,0.001266668206440151,500,0.253779614325148,1.1899488910981164e-05,500
6,8,5,1.3333333333333333,6.0,1.0,0.426871814557364,0.0005979915134285668,500,2.2366944480142603,2.481412365742401e-06,500,0.7167934007531719,0.0001773381167910991,500,0.678723019752354,0.0027676580523957866,500,0.37610649418148,0.0006609023982415832,500,0.17664459662062398,0.0007271018277625449,500,10.03611497319206,0.044482927393342406,500,0.008644371208606082,3.831432161356774e-05,500,nan,nan,0,31.4567860726394,0.0011974964070938035,500,1.885020345311174,0.02032572056662102,500,31.3969847208,0.0,500,7.503875968990001,3.976032667870345e-17,500,1.631641688199772,0.009221170607852713,500,1.9018087855300008,2.982024500902759e-17,500,0.21743985307623598,0.0012288543475482796,500,0.253443526171,0.0,500
6,8,5,1.3333333333333333,7.0,1.0,0.423011689458978,0.0006107786955670002,500,2.2372915329427596,1.668331787159089e-06,500,0.5338776658316681,9.023375492076708e-05,500,0.6278835189908059,0.002756407751825729,500,0.352325169800992,0.0006711885255596449,500,0.19616183785872401,0.0008258912644435257,500,8.86022805763984,0.038966969281268665,500,0.00763154871459044,3.356328103468627e-05,500,nan,nan,0,36.682234920675604,0.0010579504676822959,500,1.90478800315581,0.02077244913808505,500,36.629815507600014,6.361652268592552e-16,500,7.503875968990001,3.976032667870345e-17,500,1.6334332472004722,0.009563789964689814,500,1.9018087855300008,2.982024500902759e-17,500,0.217678604224114,0.001274513332085983,500,0.253443526171,0.0,500
6,8,5,1.3333333333333333,8.0,1.0,0.41859906620127596,0.0006040020818269301,500,2.23768547430288,1.2681154435395782e-06,500,0.41331427939510795,5.374028530050315e-05,500,0.575814403086682,0.0026094767152764235,500,0.3314456137453,0.000652653762932951,500,0.21538360009250399,0.0008717289824252095,500,7.91662460007222,0.033151557962556207,500,0.00681879810514372,2.8554313490574254e-05,500,nan,nan,0,41.91035302374,0.0009168640195988559,500,1.948137236413274,0.020105761966665827,500,41.862646294399994,3.180826134296276e-16,500,7.503875968990001,3.976032667870345e-17,500,1.6140844099911862,0.009237994129077116,500,1.9018087855300008,2.982024500902759e-17,500,0.215100091827394,0.0012310963250679182,500,0.253443526171,0.0,500
6,8,5,1.3333333333333333,9.0,1.0,0.41474174192663604,0.0006069627401133188,500,2.23796454951368,9.231548615456161e-07,500,0.32915765495081994,3.594466821350328e-05,500,0.545026610647952,0.0026430579903490726,500,0.317740897149614,0.00066125779054063,500,0.22788917900540998,0.0009251404176621702,500,7.39540576858532,0.03148602102313095,500,0.00636985854313946,2.711974248331703e-05,500,nan,nan,0,47.13639040704181,0.0008178881780066516,500,1.9094853396654459,0.020491879055573634,500,47.095477081199995,3.180826134296276e-16,500,7.503875968990001,3.976032667870345e-17,500,1.63271662359998,0.009009689653691349,500,1.9018087855300008,2.982024500902759e-17,500,0.21758310376496598,0.0012006714517978174,500,0.253443526171,0.0,500
6,8,5,1.3333333333333333,10.0,1.0,0.411384555424176,0.0006122683095976548,500,2.2381690284906397,7.070931298910301e-07,500,0.26825781086459405,2.6871645558670025e-05,500,0.5204073572744521,0.002588786945543346,500,0.30690323619542403,0.0006521906062734164,500,0.23788374466316997,0.0009692491229202997,500,7.002660573568301,0.028384447590165427,500,0.00603157672141982,2.444827527145662e-05,500,nan,nan,0,52.36309894011279,0.0006700396631882553,500,1.8591516348268438,0.019312092835775667,500,52.32830786800002,6.361652268592552e-16,500,7.503875968990001,3.976032667870345e-17,500,1.640599483203826,0.009270911310240887,500,1.9018087855300008,2.982024500902759e-17,500,0.21863360881548,0.0012354830155316854,500,0.253443526171,0.0,500
6,9,5,1.5,1.0,1.0,0.530831652035278,0.0004702189467803341,500,2.80750528758006,8.413726285056102e-05,500,18.5849972374592,0.018736913846177965,500,2.0265286821095,0.00012105877552541897,500,0.8767696679926641,5.146312167275483e-05,500,0.0024897686756694,1.6753002380923866e-06,500,413.927567497218,0.21590498333309704,500,0.24845592286747803,0.00012959482793037077,500,nan,nan,0,5.86914861101204,0.007079156949556387,500,1.9758775102070658,0.02158482666065918,500,5.50775218521,0.0,500,7.858343337329999,3.976032667870345e-17,500,2.9618823529414198,0.0054694182844511816,500,5.33791356542606,0.005098144291930196,500,0.3769092575618259,0.0006960014407195668,500,0.679267033302814,0.0006487556057447909,500
6,9,5,1.5,2.0,1.0,0.52009420098575,0.0004889833398205035,500,2.78637859609148,6.593908959776079e-05,500,7.98468217829308,0.010995544053408406,500,1.78558068136484,0.0007442040844863672,500,0.761372088384936,0.00016434550251580708,500,0.0118507875532198,2.711378369039174e-05,500,145.15561706426,0.18280646250277965,500,0.08712822152718201,0.00010972776860883721,500,nan,nan,0,11.202072024306199,0.0038790162424339808,500,1.9741073178593402,0.022627493936055114,500,11.015504370399999,7.95206533574069e-17,500,7.858343337329999,3.976032667870345e-17,500,1.72278991596594,0.007129830127287246,500,3.0173445378144996,0.003994528223750024,500,0.219230675221508,0.0009072943012540487,500,0.38396700274975604,0.0005083168362980973,500
6,9,5,1.5,3.0,1.0,0.47695653532744003,0.0005121932806643439,500,2.7882799775787,5.707035756484272e-05,500,3.70712636702536,0.004266209155237102,500,1.3250305699564,0.001735976830492717,500,0.588620067245442,0.0003283917394983243,500,0.0525120132670646,0.00013450480423203852,500,41.80108510049641,0.10872650717384535,500,0.025090687335229803,6.526200910790113e-05,500,nan,nan,0,16.6508104383038,0.0024994013444107287,500,2.001628062575204,0.021379452101325844,500,16.523256555599996,1.590413067148138e-16,500,7.858343337329999,3.976032667870345e-17,500,1.5784345738316596,0.007992271009301362,500,2.19629291716742,0.0023987760659140104,500,0.200860983806944,0.0010170427361352538,500,0.279485487320426,0.0003052521330378268,500
6,9,5,1.5,4.0,1.0,0.442376442893252,0.000500311832673785,500,2.7921070414905405,2.767356390092754e-05,500,1.9957406275635798,0.002282054935505192,500,0.9837435595976279,0.002132416763224391,500,0.467750667609836,0.0004226642090085415,500,0.102406388014787,0.00031439767982961606,500,18.840823250839204,0.06328257940464538,500,0.011309017557527919,3.798474153942061e-05,500,nan,nan,0,22.1274232645738,0.001829143922360593,500,2.01121277989856,0.020718887774235955,500,22.031008740799997,1.590413067148138e-16,500,7.858343337329999,3.976032667870345e-17,500,1.5687274909980597,0.008186569356982604,500,1.88900840336134,0.0010124074146482269,500,0.19962572563401002,0.0010417678390379766,500,0.240382523678568,0.0001288321687122488,500
6,9,5,1.5,5.0,1.0,0.4273261557484257,0.000683778814861279,343,2.7947108376574925,2.650552237157073e-05,343,1.2280105882383965,0.0010943015025197886,343,0.8090614327820846,0.003114908858627145,343,0.40316828935594456,0.0006471838873261335,343,0.13941151508682215,0.0005956618811282715,343,12.911897345690262,0.06082063557977043,343,0.007750238502816705,3.65069841415639e-05,343,nan,nan,0,27.61583347482128,0.0018762768120010097,343,2.004240508191347,0.026220451754244294,343,27.53876092600001,5.763262618457166e-16,343,7.85834333733,0.0,343,1.5756145023623902,0.009427029863482409,343,1.8145590597758017,0.0002970725586940916,343,0.20050212045018367,0.0011996205127180004,343,0.23090860018225656,3.7803458831705374e-05,343
6,9,5,1.5,6.0,1.0,0.41998993841257704,0.0006425799716528301,331,2.7955686163793656,1.6627578924847722e-05,331,0.8454656575117644,0.00028566594859303815,331,0.7086543498178278,0.0031901932242067547,331,0.36473341343748644,0.0007078698637654592,331,0.16618975414056192,0.0007569588689486213,331,10.35492820257837,0.05068103114137663,331,0.0062154430987851365,3.0420786999580237e-05,331,nan,nan,0,33.11117134269638,0.0015294021723772622,331,2.0153928491157913,0.025619738544571842,331,33.0465131112,0.0,331,7.85834333733,0.0,331,1.5785262745598485,0.009827393362971693,331,1.8079231692699997,1.2223153213212883e-17,331,0.20087265302584895,0.0012505680830012281,331,0.23006416132000004,3.0557883033032207e-18,331
6,9,5,1.5,7.0,1.0,0.41739123927420413,0.0005507990853087332,436,2.7961157149877063,4.780536319699503e-06,436,0.627447960635493,8.020099189369237e-05,436,0.6410871064498876,0.002555935382581384,436,0.33830119108641515,0.000596124985510852,436,0.18673516761054815,0.0007089919573745159,436,8.871799285353486,0.036509782525561016,436,0.005325209655074243,2.1914635369488736e-05,436,nan,nan,0,38.6105524139906,0.0011678210704056846,436,2.0265449264261033,0.023346174537977632,436,38.554265296400004,3.406791659339945e-16,436,7.858343337329998,8.516979148349862e-17,436,1.5787030408510547,0.008274480069770227,436,1.8079231692700004,2.1292447870874656e-17,436,0.20089514711699774,0.0010529547659783947,436,0.23006416132000004,2.661555983859332e-18,436
6,9,5,1.5,8.0,1.0,0.41371695505846334,0.0006039077839138746,328,2.796565997186402,2.2220890423437892e-06,328,0.485053882440936,4.952307812375582e-05,328,0.5931358913904756,0.00266509521650793,328,0.3193987935579543,0.0006223419431728787,328,0.2025378045954817,0.0008054078774862649,328,7.971499368905518,0.03460831493895103,328,0.004784813546762286,2.077329828272039e-05,328,nan,nan,0,44.11090824884848,0.0011819561626759609,328,2.0200173226123233,0.02656875143054854,328,44.06201748170001,3.929310307237664e-16,328,7.858343337330001,4.91163788404708e-17,328,1.5718531314981707,0.009459829372457793,328,1.8079231692699997,1.22790947101177e-17,328,0.2000234736536829,0.0012037943579618834,328,0.23006416132000002,1.5348868387647125e-18,328
6,9,5,1.5,9.0,1.0,0.41032727259381957,0.0006488761739003983,327,2.7969039187750457,1.5986580930590938e-06,327,0.3860955150769358,3.41082489764798e-05,327,0.558239602377422,0.0026183491453802736,327,0.30509126782305196,0.0006507102472288809,327,0.21476063693937003,0.0008841702898874907,327,7.361145492063731,0.03350394519194523,327,0.004418454677109388,2.0110411279674365e-05,327,nan,nan,0,49.61105110488685,0.0010305657388889685,327,1.9646780841141713,0.026832425050585727,327,49.56976966690001,3.9353322422763267e-16,327,7.858343337329999,4.9191653028454083e-17,327,1.5881104735489293,0.009742548251926733,327,1.8079231692699997,1.2297913257113521e-17,327,0.20209227382602443,0.001239771263951703,327,0.23006416132000004,3.0744783142783802e-18,327
6,9,5,1.5,10.0,1.0,0.40794265169679067,0.0006091730413982006,320,2.7971567907301873,1.336969811021305e-06,320,0.3145581665796219,2.4159644042708254e-05,320,0.5226139665171813,0.00260976159760898,320,0.2921053538332281,0.0006564392020879639,320,0.22714291342374066,0.0009429961236672247,320,6.84218637399197,0.0312338239476626,320,0.004106954606237688,1.8747793486004894e-05,320,nan,nan,0,55.11491552119251,0.0009529772391948039,320,1.9700416026390157,0.027413319171714273,320,55.07752185209999,3.9782755646616455e-16,320,7.85834333733,0.0,320,1.5917429471805937,0.009972895159660395,320,1.80792316927,0.0,320,0.20255451802627186,0.0012690836645244225,320,0.23006416132000002,1.5540138924459553e-18,320
6,3,5,0.5,1.0,2.0,0.52159183689311,0.0028661155728528166,500,0.253614583179086,0.00023745448938730345,500,2.0579634179559196,0.009629254958905611,500,0.463987810314292,0.0007373653710626295,500,0.791964901734698,0.0008865516943512097,500,0.0623943690672238,0.0003659918080831276,500,17.1644882033432,0.07362769245399887,500,0.306508717916814,0.0013147802223904795,500,nan,nan,0,2.70651841763006,0.015501456860230607,500,2.025931458958078,0.021180957101310707,500,1.7654696590100007,2.982024500902759e-17,500,4.5,0.0,500,1.7517857142858961,0.016303866747418353,500,3.17557142857154,0.021784015505877042,500,0.38928571428553,0.0036230814994251985,500,0.705682539682556,0.004840892334641681,500
6,3,5,0.5,2.0,2.0,0.5147123721839619,0.002761681362173069,500,0.23960210442090998,0.000231044616098133,500,1.0224928045941182,0.004565567211824702,500,0.419498088979572,0.0009072646549590347,500,0.7321435419469481,0.0010368174745799734,500,0.0888802954096054,0.0005921196693693512,500,12.792610559061119,0.05949392069376739,500,0.22843947426900002,0.0010623914409598632,500,nan,nan,0,4.08792776583368,0.010419386104889072,500,2.015601881902062,0.021707808436407065,500,3.5309393180200015,5.964049001805518e-17,500,4.5,0.0,500,1.1882857142855412,0.018197726596541404,500,2.2557142857138803,0.015624237742647169,500,0.2640634920634454,0.004043939243669869,500,0.5012698412698879,0.0034720528317132284,500
6,3,5,0.5,3.0,2.0,0.5023461174810521,0.0027335470500048837,500,0.24984581821965596,0.0001775462232074723,500,0.5936284486136701,0.0038489875112639373,500,0.379286716132806,0.0011371738142743643,500,0.6489250578459399,0.0011746514899752094,500,0.13088829470737598,0.0008775139882830916,500,8.84705638436578,0.04781960314142039,500,0.157983149720826,0.0008539214846680834,500,nan,nan,0,5.686119209170079,0.00756919042084829,500,2.0166019662434738,0.022017898888474257,500,5.296408977029999,3.976032667870345e-17,500,4.5,0.0,500,1.0900714285716175,0.02171329569480693,500,1.857857142856628,0.0179435071572165,500,0.24223809523805767,0.004825176821063528,500,0.412857142856972,0.003987446034953978,500
6,3,5,0.5,4.0,2.0,0.48272118396475,0.002802812562605178,500,0.25578405806682597,4.685714264893289e-05,500,0.319841027947272,0.0023555121284074545,500,0.338817736344884,0.0015127782810762673,500,0.579917912917172,0.0015726570802616277,500,0.170405456158894,0.0012955987296435236,500,6.91803901567826,0.05283215120215592,500,0.12353641099424081,0.0009434312714674261,500,nan,nan,0,7.361527969849041,0.005735510571934995,500,2.027275253487834,0.021400577409426042,500,7.061878636040003,1.1928098003611036e-16,500,4.5,0.0,500,1.0926428571429614,0.0193376507469648,500,1.8335714285711737,0.017866759506158004,500,0.24280952380950424,0.004297255721543604,500,0.40746031746012396,0.0039703910013822695,500
6,3,5,0.5,5.0,2.0,0.480117849643136,0.002962072371289863,500,0.258092288712908,1.9137198993221345e-05,500,0.185457216611348,0.0007554836815168544,500,0.319963319393598,0.0018636084435004923,500,0.545644990708742,0.001979700912267728,500,0.18990039838933803,0.0017035586013582444,500,6.346003316466961,0.057441743930187555,500,0.113321487794024,0.0010257454273234104,500,nan,nan,0,9.06959281935282,0.004793666866527088,500,2.02459437832922,0.022289776397155223,500,8.82734829505,0.0,500,4.5,0.0,500,1.117357142857233,0.0208403007721241,500,1.859285714285318,0.01802287818499365,500,0.24830158730157306,0.004631177949357017,500,0.41317460317443194,0.004005084041124902,500
6,3,5,0.5,6.0,2.0,0.468203387855664,0.002676801308569661,500,0.259272645555808,1.168385187606254e-05,500,0.12665064472891602,0.0003077493551735404,500,0.30574862919136603,0.0020385827161004027,500,0.52261423911936,0.002153581984805752,500,0.204450656736574,0.001965028218467826,500,5.94204982479168,0.05626674003087069,500,0.1061080325855636,0.0010047632148370324,500,nan,nan,0,10.7999044840986,0.0038789947630737845,500,2.05373953879589,0.02098796383091648,500,10.592817954099997,7.95206533574069e-17,500,4.5,0.0,500,1.0873571428572695,0.020766263257147657,500,1.80928571428534,0.019455677147723748,500,0.24163492063490263,0.004614725168250653,500,0.40206349206330194,0.0043234838106169515,500
6,3,5,0.5,7.0,2.0,0.45202760677482,0.0028352865540216764,500,0.259974803292644,7.85932496988781e-06,500,0.09260571553835321,0.00018556973486227329,500,0.29388735821728595,0.002036939945422207,500,0.505629454964002,0.002171516690458176,500,0.215207076213428,0.001974176069796354,500,5.664751916277661,0.054936113819655304,500,0.10115628421924039,0.0009810020324939575,500,nan,nan,0,12.541307356430199,0.0034139136941402203,500,2.0828114252507137,0.021226415488040322,500,12.358287613100002,7.95206533574069e-17,500,4.5,0.0,500,1.059214285714444,0.020627566336968047,500,1.792142857142506,0.0187766143097838,500,0.2353809523809476,0.004583903630433386,500,0.39825396825376397,0.004172580957740097,500
6,3,5,0.5,8.0,2.0,0.442485095691602,0.0026909767858002416,500,0.260454486958722,5.549925309808515e-06,500,0.07029743092147739,0.00012098555302042764,500,0.293773874680326,0.0019936418079517762,500,0.501889518776084,0.0021576018397584103,500,0.21511877088548598,0.0019524398060125506,500,5.65734294160324,0.053739350319555,500,0.10102398110005961,0.0009596312557064009,500,nan,nan,0,14.2789272327584,0.002986196231914832,500,2.044148842649382,0.02161554743467848,500,14.123757272099995,2.3856196007222073e-16,500,4.5,0.0,500,1.0752857142859302,0.02013336480139332,500,1.8171428571426922,0.017873997199210973,500,0.23895238095234425,0.004474081066971056,500,0.40380952380933394,0.003971999377616928,500
6,3,5,0.5,9.0,2.0,0.435287802355274,0.0027499839832984788,500,0.260772710251604,4.000083669190831e-06,500,0.055367845665623,8.944473569827382e-05,500,0.29112906559603596,0.0021713368491657506,500,0.49624375983334,0.00232174638797113,500,0.218626277106804,0.002129971839315364,500,5.61120966548876,0.056868022531135654,500,0.10020017259800239,0.0010155004023410946,500,nan,nan,0,16.0271766202654,0.00265809100527932,500,2.0427845220830276,0.021627888011286536,500,15.889226931100003,1.590413067148138e-16,500,4.5,0.0,500,1.0894285714287755,0.021472303880901853,500,1.822857142856782,0.018521039791871405,500,0.24209523809522449,0.004771623084639343,500,0.4050793650791779,0.0041157866204286665,500
6,3,5,0.5,10.0,2.0,0.43431220509513996,0.0025812122190708954,500,0.26098771153407196,3.2725313517232445e-06,500,0.044615668053836405,7.019013155767566e-05,500,0.28957624585105807,0.002249560440339685,500,0.49295741671034,0.002425904298018969,500,0.220309435726372,0.0022569008436181706,500,5.607200231585341,0.05906137709277618,500,0.10012857556402681,0.0010546674480853848,500,nan,nan,0,17.775673169213402,0.0024660183497057456,500,2.008802660146806,0.022561043667148624,500,17.6546965901,0.0,500,4.5,0.0,500,1.1074285714287386,0.02117151476639457,500,1.8028571428568563,0.019100675224618245,500,0.24609523809522665,0.004704781059195697,500,0.40063492063472395,0.00424459449437135,500
6,4,5,0.6666666666666666,1.0,2.0,0.523738429214252,0.0017386056546333456,500,0.50247946412633,0.0002791760151846859,500,4.294355995406461,0.015491456928104044,500,0.679380781248904,0.0009068827002148214,500,0.8113040272112619,0.0006803767224604114,500,0.0316704833318002,0.00017317381345710334,500,33.833587669600604,0.13352606636842568,500,0.26852053706033596,0.0010597306854641855,500,nan,nan,0,3.73374795130672,0.017201236008304113,500,2.4865287842394856,0.026965301082238238,500,2.7464262493000002,1.9880163339351726e-17,500,5.333333333330001,3.976032667870345e-17,500,1.9788571428571,0.014683518028885918,500,3.58428571428516,0.02062747950523469,500,0.371035714285656,0.0027531596304108336,500,0.6720535714285661,0.0038676524072342906,500
6,4,5,0.6666666666666666,2.0,2.0,0.521234804851938,0.0018464406670463036,500,0.475086815545382,0.00026946896194003563,500,2.17051061429124,0.010873562341406002,500,0.596100781732752,0.0006744736063482666,500,0.730942874613046,0.0005441373606420843,500,0.0590915197676584,0.00026095618526515794,500,21.576600386128,0.07119496237921608,500,0.171242860207358,0.0005650393839619508,500,nan,nan,0,6.043692836054101,0.01013516423725672,500,2.4641371431417918,0.025874706602288824,500,5.4928524986000005,3.976032667870345e-17,500,5.333333333330001,3.976032667870345e-17,500,1.264984126984768,0.017512614655770666,500,2.42384126984126,0.012997348090200141,500,0.23718452380953078,0.003283615247958237,500,0.454470238095208,0.002437002766915725,500
6,4,5,0.6666666666666666,3.0,2.0,0.49768556653529006,0.0018197751447062767,500,0.46331171798472004,0.0002408476117783308,500,1.0192542928808699,0.005836632327175142,500,0.486842189251216,0.0009939887193675541,500,0.6274636429919981,0.0007566397619105146,500,0.1176845351529722,0.0004559827436999081,500,14.394336002617521,0.08044512456178977,500,0.1142407619255512,0.0006384533695386374,500,nan,nan,0,8.6123845990142,0.00763867027575637,500,2.4369803083096158,0.02751197462147568,500,8.239278747909998,7.95206533574069e-17,500,5.333333333330001,3.976032667870345e-17,500,1.1279365079355266,0.019375620613120904,500,1.9139682539689662,0.014496394758310492,500,0.2114880952380676,0.003632928864968123,500,0.358869047619038,0.0027180740171902453,500
6,4,5,0.6666666666666666,4.0,2.0,0.485906507223468,0.0019083139204951628,500,0.458280233560252,0.0001968871289368941,500,0.525359756749722,0.0028103298457341193,500,0.41345529703149203,0.001438939407447063,500,0.552967847662248,0.0011681032476707988,500,0.18292300714330798,0.000876391025500535,500,11.5863501402311,0.09528438889116016,500,0.09195515984313,0.0007562253086610667,500,nan,nan,0,11.278705570607999,0.0058230857069263755,500,2.4837552987124765,0.027280364822374316,500,10.985704997200001,7.95206533574069e-17,500,5.333333333330001,3.976032667870345e-17,500,1.112253968253176,0.01962330018052233,500,1.791650793648586,0.016544656064185353,500,0.208547619047568,0.003679368783854567,500,0.335934523809562,0.003102123012044575,500
6,4,5,0.6666666666666666,5.0,2.0,0.4866119567430459,0.0018514996517598058,500,0.455280584274304,9.931725614768078e-05,500,0.308035731007594,0.0010574669977640723,500,0.37504623859216407,0.0017330684695838247,500,0.5154329012986221,0.0014512171529794033,500,0.225456790164018,0.0012615860452673564,500,10.761711067883581,0.09672155014003066,500,0.0854104053006572,0.00076763135031717,500,nan,nan,0,13.9607894948506,0.004671661710015552,500,2.441809790840824,0.027620027028840102,500,13.732131246499998,7.95206533574069e-17,500,5.333333333330001,3.976032667870345e-17,500,1.1344761904753222,0.01939240616318719,500,1.83111111110729,0.015757290389673297,500,0.212714285714229,0.003636076155604845,500,0.3433333333334212,0.0029544919480639737,500
6,4,5,0.6666666666666666,6.0,2.0,0.488449937137616,0.001889541342519311,500,0.45462473394114,3.6808376496758124e-05,500,0.209040900862272,0.00034493065531424896,500,0.35589080327799805,0.0018392410681416637,500,0.492965615978994,0.0015504019062373441,500,0.250008322497364,0.0014412403359522416,500,10.135183527909001,0.09366602238067906,500,0.08043796450720361,0.0007433811300049177,500,nan,nan,0,16.671859625687397,0.003529638169364355,500,2.473507568513506,0.024356374596232334,500,16.478557495800004,1.590413067148138e-16,500,5.333333333330001,3.976032667870345e-17,500,1.1272380952372922,0.018623754377874724,500,1.8076190476152498,0.016215810532313836,500,0.21135714285707702,0.0034919539458581174,500,0.33892857142865923,0.0030404644748099896,500
6,4,5,0.6666666666666666,7.0,2.0,0.47406646611731806,0.0018319238418703966,500,0.45463191384660795,4.583336593046905e-06,500,0.152950431151182,0.0001268139974088196,500,0.34490813041124796,0.00205242220458453,500,0.47786252196338397,0.001760284320489697,500,0.266578922976816,0.0016457575506887054,500,9.77742198880244,0.10116809241944963,500,0.0775985872127138,0.000802921368408165,500,nan,nan,0,19.3925225812758,0.0032591825556936987,500,2.474726514269212,0.02652035396526008,500,19.224983745099998,1.590413067148138e-16,500,5.333333333330001,3.976032667870345e-17,500,1.1137777777769207,0.019794343157962156,500,1.794285714281954,0.017357186742602667,500,0.2088333333332776,0.0037114393421255293,500,0.3364285714286292,0.003254472514239824,500
6,4,5,0.6666666666666666,8.0,2.0,0.469272333130226,0.0018227277565121378,500,0.45471716852866995,3.5274820654780863e-06,500,0.11707693151324,7.053721283403644e-05,500,0.341974229255654,0.0020268791527671506,500,0.4721640878004659,0.0017773936237297189,500,0.27432145303829,0.0016508792833011502,500,9.798276776927281,0.10162785419187867,500,0.0777641014041784,0.00080657027136378,500,nan,nan,0,22.1135160033848,0.0030469976822596768,500,2.4193764592055658,0.028872716700177898,500,21.971409994400002,1.590413067148138e-16,500,5.333333333330001,3.976032667870345e-17,500,1.1453968253958742,0.020869182941890052,500,1.819047619043806,0.016941485683693563,500,0.2147619047618404,0.0039129718016126325,500,0.341071428571486,0.0031765285656931166,500
6,4,5,0.6666666666666666,9.0,2.0,0.462965113154274,0.0018777878647744297,500,0.45477529944877404,2.7224308456109686e-06,500,0.0926788193133608,4.345368891701748e-05,500,0.335250215420974,0.0017986665262236662,500,0.465076833291762,0.0016148734133671799,500,0.282720264844976,0.0014841919624904898,500,9.6216054008213,0.09309742782554772,500,0.0763619476255652,0.0007388684748059115,500,nan,nan,0,24.843662908139,0.0024170454642278784,500,2.43290658959385,0.02532509509518796,500,24.717836243699995,1.590413067148138e-16,500,5.333333333330001,3.976032667870345e-17,500,1.11301587301501,0.019312783562691987,500,1.825396825393,0.016125485246668587,500,0.2086904761904328,0.0036211469180129643,500,0.34226190476197793,0.0030235284837503594,500
6,4,5,0.6666666666666666,10.0,2.0,0.46021471940861397,0.001842016223430138,500,0.45481535101558596,2.314780304314148e-06,500,0.07525581190914658,3.460489899288756e-05,500,0.33291803692557803,0.0019426568932549933,500,0.460340065825132,0.0017448740026413674,500,0.28772522023588,0.0015711027130079387,500,9.5787355466229,0.09898753382699735,500,0.0760217106874754,0.0007856153478331187,500,nan,nan,0,27.5796129206198,0.002372991711771327,500,2.4456832668859563,0.0272587923090499,500,27.464262492999996,1.590413067148138e-16,500,5.333333333330001,3.976032667870345e-17,500,1.1365079365069861,0.019663670593146842,500,1.812698412694614,0.017300100355359015,500,0.21309523809518982,0.0036869382362230583,500,0.33988095238100235,0.003243768816630284,500
6,5,5,0.8333333333333334,1.0,2.0,0.5289498853151199,0.0012616205214032066,500,0.850385049145304,0.00035086594734334484,500,7.54557520382406,0.03075293248454173,500,0.935240650462644,0.0009539529096529207,500,0.8233859939120259,0.0006389252356229117,500,0.0178852108952102,0.00011612485935891865,500,60.806280748489606,0.25234140491199825,500,0.241294764874972,0.0010013547813963488,500,nan,nan,0,4.89274588537856,0.0181213360698024,500,2.93193893276869,0.031045495824977322,500,3.87628841011,0.0,500,6.0,0.0,500,2.1279365079363,0.012959868401758577,500,3.9040952380953198,0.01739085210936267,500,0.354656084656066,0.0021599780669563024,500,0.6506825396825558,0.0028984753515578234,500
6,5,5,0.8333333333333334,2.0,2.0,0.517425851032684,0.0012580726817729387,500,0.818139067519992,0.00017386842777763296,500,3.26881973401656,0.013619231907689397,500,0.808935679887518,0.0015211493264343872,500,0.726240826135388,0.0008592704278175498,500,0.0415036065040184,0.0003474845655402618,500,32.5503220583962,0.14766666519668561,500,0.1291679446761646,0.0005859788301456383,500,nan,nan,0,8.298520309680262,0.01074484126992687,500,2.8834153475967517,0.03186011085932816,500,7.75257682022,0.0,500,6.0,0.0,500,1.3119841269840098,0.014299517865228683,500,2.5219047619048203,0.011432789846816975,500,0.2186640211639728,0.002383252977537064,500,0.420317460317368,0.0019054649744646086,500
6,5,5,0.8333333333333334,3.0,2.0,0.49134557185833,0.0013271244340281453,500,0.821346466883934,0.00010948869900887761,500,1.6197853916968599,0.0069284390914716035,500,0.683587858878168,0.002485229698889497,500,0.6122233908768319,0.0012640698037887424,500,0.083902871098102,0.0007462261189923785,500,17.227652937521803,0.12078017200866753,500,0.0683637021330126,0.0004792863968596792,500,nan,nan,0,11.982640675375798,0.007121986269433554,500,2.8110263581835,0.03090526104725653,500,11.628865230299999,7.95206533574069e-17,500,6.0,0.0,500,1.1556349206353898,0.01777715115922049,500,1.9288888888885178,0.012475227165058379,500,0.1926058201058002,0.0029628585265357565,500,0.321481481481414,0.002079204527505282,500
6,5,5,0.8333333333333334,4.0,2.0,0.465717369117488,0.0014028117292138294,500,0.8259605437965101,0.00010653466266015085,500,0.889941060095958,0.004562276518323351,500,0.570866007172574,0.003110979896372413,500,0.523006350681432,0.0015803064402009574,500,0.12953790386767958,0.0012206720763487937,500,10.9853213828035,0.10259452587279931,500,0.0435925451698584,0.0004071211344160388,500,nan,nan,0,15.790938274269399,0.005745712044478349,500,2.909253894105472,0.03154846568606137,500,15.505153640400001,7.95206533574069e-17,500,6.0,0.0,500,1.1298095238100379,0.01848317432610513,500,1.783476190477406,0.014530714644131568,500,0.1883015873015642,0.0030805290543474387,500,0.2972460317459212,0.0024217857740119766,500
6,5,5,0.8333333333333334,5.0,2.0,0.45816856766838393,0.0014744531459330561,500,0.829148390461602,0.00010528761967668568,500,0.520937848066114,0.002217464166931196,500,0.50300653233765,0.003643312421998902,500,0.470521919008008,0.0018424086646635324,500,0.15888431592788121,0.0016640098700570756,500,8.61440963730058,0.09461484972903832,500,0.034184165227389,0.00037545575289315365,500,nan,nan,0,19.6042119302268,0.004288319805882313,500,2.8739190807263997,0.029511555339138722,500,19.381442050600008,3.180826134296276e-16,500,6.0,0.0,500,1.1418253968258991,0.01783922715703563,500,1.7793650793661877,0.014230382039127585,500,0.1903042328042105,0.0029732045261706102,500,0.29656084656075843,0.0023717303398434228,500
6,5,5,0.8333333333333334,6.0,2.0,0.454961713009628,0.0015244019919311413,500,0.830767320406598,8.068108391219697e-05,500,0.34405920859704203,0.0007943231916002133,500,0.462408331646328,0.004166521354472462,500,0.439586742853346,0.002097038147607223,500,0.17741925118078303,0.0019794836887009216,500,7.6047333266536805,0.09490390697365034,500,0.0301775132010058,0.00037660280545099005,500,nan,nan,0,23.4436877514662,0.003691870672844902,500,2.865721788837296,0.030979635199551298,500,23.257730460699996,1.590413067148138e-16,500,6.0,0.0,500,1.141238095238572,0.017391887989275844,500,1.7854761904774539,0.014840147105286696,500,0.19020634920631824,0.0028986479982087135,500,0.2975793650792352,0.0024733578508711906,500
6,5,5,0.8333333333333334,7.0,2.0,0.451359251088088,0.0014672066764181773,500,0.8314574545183879,4.9226763113779056e-05,500,0.25108098566063397,0.0003044525156991007,500,0.43697330847334204,0.004534586604259183,500,0.418986425189162,0.0022975764402151043,500,0.1912168379384716,0.00226404534187105,500,7.043729135245941,0.09542849225156462,500,0.0279513060922476,0.0003786844930618951,500,nan,nan,0,27.2959433932018,0.003409263294293692,500,2.8764839102265602,0.033053847922602526,500,27.134018870799995,1.590413067148138e-16,500,6.0,0.0,500,1.142222222222782,0.01913903005401827,500,1.753809523810822,0.015752875811016653,500,0.19037037037034502,0.0031898383423329614,500,0.29230158730146516,0.0026254793018280426,500
6,5,5,0.8333333333333334,8.0,2.0,0.443808375606562,0.0014065756526399327,500,0.8317357922679179,6.727166210592056e-06,500,0.19220018315089402,0.0001051477817778887,500,0.42177005796499795,0.003906116042695291,500,0.40720520225418405,0.0020085410447332787,500,0.196520258744944,0.0020419632536767024,500,6.7016329697265205,0.07740206091120548,500,0.026593781625896803,0.0003071510353618764,500,nan,nan,0,31.1466671918584,0.0026901347159507816,500,2.8316446278061203,0.0303987983197466,500,31.010307280900005,1.590413067148138e-16,500,6.0,0.0,500,1.1407619047623572,0.017413894278239556,500,1.7893650793663278,0.014366988256719466,500,0.19012698412696552,0.002902315713037363,500,0.2982275132274192,0.0023944980427756456,500
6,5,5,0.8333333333333334,9.0,2.0,0.438452913981864,0.0013992925341728964,500,0.832071493187008,3.348054507619638e-06,500,0.152486239677028,6.316158221430091e-05,500,0.399704844241846,0.003932163251600911,500,0.39168894700868395,0.002062937385457722,500,0.20871426416078,0.0022121547458594224,500,6.2964090939915,0.07407496409788449,500,0.024985750372980595,0.00029394827022957763,500,nan,nan,0,35.0163134697786,0.0026106363445446198,500,2.927261195091436,0.03172378591685561,500,34.88659569100001,6.361652268592552e-16,500,6.0,0.0,500,1.12152380952426,0.01818676996082306,500,1.7599206349218677,0.015267779769447466,500,0.1869206349206186,0.003031128326800971,500,0.2933201058199972,0.0025446299615655807,500
6,5,5,0.8333333333333334,10.0,2.0,0.430913467869458,0.0014277490353359777,500,0.8323137920667439,2.6317722760137365e-06,500,0.12380226684807999,3.996221025214053e-05,500,0.39293948756478403,0.0041354861172830095,500,0.386303374895958,0.002135424844341839,500,0.211320289774102,0.0022757371564457616,500,6.2193656010054,0.07731891819633481,500,0.024680022226209603,0.00030682110395361414,500,nan,nan,0,38.874198327861,0.0022905966416047543,500,2.848471557600828,0.03261912814998059,500,38.7628841011,0.0,500,6.0,0.0,500,1.143460317460689,0.01911388727907937,500,1.777698412699584,0.015075680988082,500,0.19057671957670352,0.003185647879843281,500,0.2962830687829592,0.0025126134980021165,500
6,6,5,1.0,1.0,2.0,0.5278627789494861,0.0008855458950006778,500,1.2688061231563001,0.00028997689583775825,500,11.325580967166621,0.044650064518904665,500,1.21073801713738,0.0009876395784669358,500,0.8361981728519781,0.0005168440146049859,500,0.010537418455201137,6.579304714998452e-05,500,104.39962990594661,0.39590790808123205,500,0.22894655681128198,0.0008682190966688529,500,nan,nan,0,5.6190413816090805,0.020262481975535495,500,3.21314985995884,0.03609813600834896,500,4.56113285371,0.0,500,6.578947368420002,1.1928098003611036e-16,500,2.30692105263162,0.011575429558925938,500,4.23523684210502,0.015920189328268938,500,0.35065200000001,0.0017594652929579604,500,0.643756,0.002419868777897907,500
6,6,5,1.0,2.0,2.0,0.5128066270854399,0.0009123059858865405,500,1.23592338636504,0.0002787245762412159,500,4.80227812795816,0.02110251578565292,500,1.0177233490653699,0.0011520674389423834,500,0.7219136100469481,0.0006954563770718919,500,0.032576734366977,0.00020014197883427032,500,47.5538175869548,0.22216098145823152,500,0.1042846876906978,0.00048719513477747027,500,nan,nan,0,9.721670721381841,0.011105147831213939,500,3.284009399994764,0.033856086702743066,500,9.12226570742,0.0,500,6.578947368420002,1.1928098003611036e-16,500,1.372517543859678,0.012844276682631746,500,2.6302105263159,0.010412711156639179,500,0.2086226666666908,0.001952330055760545,500,0.39979199999998,0.0015827320958102125,500
6,6,5,1.0,3.0,2.0,0.484050739130074,0.0009724903612884147,500,1.2337505181211,0.0001452166999316726,500,2.17545702745298,0.0094130463556512,500,0.7961012037909541,0.002399389578910156,500,0.5894536104877479,0.0010639799648557275,500,0.0818092167611588,0.0005931201320154634,500,21.002624508247003,0.13324790077575738,500,0.0460583870794894,0.00029221030871865225,500,nan,nan,0,14.0832817789622,0.007542787110486725,500,3.2519290849292797,0.03340336567904606,500,13.683398561100004,1.590413067148138e-16,500,6.578947368420002,1.1928098003611036e-16,500,1.129833333333344,0.016123261994940078,500,1.95298245614058,0.010639360065735756,500,0.1717346666666772,0.0024507358232298045,500,0.29685333333335406,0.0016171827299931714,500
6,6,5,1.0,4.0,2.0,0.456097217036938,0.0010069447831470577,500,1.24155927529988,0.00017718196742896782,500,1.1658768921340859,0.0043786581744287385,500,0.643768643923262,0.0032496225423050574,500,0.48638941251554,0.0012674176878094323,500,0.13639971914218596,0.0009997515319829053,500,11.60334034838984,0.09795374659859071,500,0.0254459218166452,0.0002148108478041912,500,nan,nan,0,18.543914800300403,0.00588781710891352,500,3.23064956389966,0.03450339060406097,500,18.244531414800004,1.590413067148138e-16,500,6.578947368420002,1.1928098003611036e-16,500,1.1380701754387346,0.01557121788896051,500,1.761201754385922,0.01227006040053716,500,0.17298666666666043,0.002366825119122447,500,0.26770266666666,0.0018650491808838714,500
6,6,5,1.0,5.0,2.0,0.43847659197021,0.0010379640380138657,500,1.2484180525596398,0.00013364171513064005,500,0.693176571441326,0.002213502838146379,500,0.5312700634020779,0.004117101079093104,500,0.41587853511005396,0.0016452339116008255,500,0.18774023587827599,0.0015486709214025441,500,8.24881080908804,0.09488483567296886,500,0.0180894973883506,0.00020808077998462794,500,nan,nan,0,23.0492263011766,0.0048949148010289855,500,3.2467505937159458,0.035787086662926064,500,22.805664268600005,1.590413067148138e-16,500,6.578947368420002,1.1928098003611036e-16,500,1.125157894736972,0.017061903762321466,500,1.7288333333327202,0.012773033699280586,500,0.17102400000001558,0.002593409371872978,500,0.26278266666665795,0.0019415011222995713,500
6,6,5,1.0,6.0,2.0,0.42729143137169,0.0010902810242252464,500,1.2525691864180402,6.939546405684317e-05,500,0.463233937781908,0.0009117948486093576,500,0.46662133166483794,0.004304427759636217,500,0.37593846652135,0.0017432748099763715,500,0.22157249484655597,0.0018511389895190268,500,6.91259432793148,0.08215738611201552,500,0.01515919808756968,0.00018016970638615228,500,nan,nan,0,27.568994524096198,0.003969306371361873,500,3.243009831447854,0.034635910824061894,500,27.3667971223,0.0,500,6.578947368420002,1.1928098003611036e-16,500,1.1109122807020895,0.017278560747257178,500,1.7103157894734964,0.013241501093841292,500,0.16885866666668464,0.002626341233583617,500,0.259968000000018,0.0020127081662665944,500
6,6,5,1.0,7.0,2.0,0.423606478278954,0.0010341953852529163,500,1.2542905726407199,2.4195275724778883e-05,500,0.335639424020908,0.0003043050640563902,500,0.427968413756024,0.0041568890486499924,500,0.35207408835894,0.0017090314629748774,500,0.24290427248355798,0.0019670568393609067,500,6.25981021852008,0.06996599755336935,500,0.013727653987984601,0.0001534342051610141,500,nan,nan,0,32.0999955878912,0.003566669971141679,500,3.223315916760258,0.035633025449659295,500,31.92792997599999,4.771239201444415e-16,500,6.578947368420002,1.1928098003611036e-16,500,1.1280350877193632,0.016246082397147584,500,1.7353684210522442,0.012812888168166364,500,0.17146133333332447,0.002469404524366332,500,0.26377600000000995,0.0019475590015664043,500
6,6,5,1.0,8.0,2.0,0.420679291709058,0.0010780204077495503,500,1.2550618532703997,6.715566814250916e-06,500,0.256845767158868,0.00012727569518792962,500,0.399210766527566,0.003888845911601746,500,0.334439374573164,0.0016191219528178924,500,0.25936294550189,0.001943513299782262,500,5.811941507061579,0.06183423230044731,500,0.012745485761099939,0.00013560138662368386,500,nan,nan,0,36.640299674007196,0.0029197004056302333,500,3.2401744201240197,0.033660379127427774,500,36.4890628297,0.0,500,6.578947368420002,1.1928098003611036e-16,500,1.1313684210527861,0.01628825897801521,500,1.7442105263154521,0.012541753063352439,500,0.1719680000000166,0.002475815364659303,500,0.26512000000002606,0.0019063464656339892,500
6,6,5,1.0,9.0,2.0,0.41645010056257004,0.0010093005732456884,500,1.25550515062858,4.875396844577704e-06,500,0.203408794073168,6.665762920626255e-05,500,0.367396108657078,0.0036657034140568823,500,0.31693475806542,0.0015340461979449606,500,0.27729464862619,0.0020039142211929427,500,5.36079230155692,0.05367846566341743,500,0.011756123468326682,0.00011771593347227454,500,nan,nan,0,41.192009774069795,0.0026114009297154646,500,3.33491517297911,0.033043581449983546,500,41.0501956834,0.0,500,6.578947368420002,1.1928098003611036e-16,500,1.095929824561762,0.016078157554350728,500,1.7054035087717883,0.012923989133568554,500,0.16658133333334318,0.0024438799482615968,500,0.25922133333336206,0.001964446348303444,500
6,6,5,1.0,10.0,2.0,0.41371125739017406,0.0010874916980961105,500,1.2558460433378,3.6088066390073625e-06,500,0.1649652963133,4.510503704359584e-05,500,0.35793986590907606,0.0037692497538822285,500,0.31024322739231003,0.0015879045580571606,500,0.283000623939746,0.002078322070620695,500,5.27724977096752,0.05616216908816219,500,0.0115729161644037,0.00012316265150911625,500,nan,nan,0,45.7331623531862,0.0024205073044644173,500,3.2432881418890362,0.03504516126870386,500,45.61132853709999,3.180826134296276e-16,500,6.578947368420002,1.1928098003611036e-16,500,1.1329122807016552,0.017378971012223278,500,1.7299649122803442,0.012996747522292984,500,0.1722026666666704,0.0026416035938602394,500,0.26295466666669803,0.001975505623392545,500
6,7,5,1.1666666666666667,1.0,2.0,0.5299957633816079,0.0007212712188259337,500,1.74883328023664,0.00042040006361101665,500,15.306409171008399,0.058752575404758894,500,1.49350131538416,0.0007799646689523362,500,0.846729619133882,0.0004289038065340931,500,0.0065777817731255,3.599052627006672e-05,500,167.17864621916402,0.5973739780490998,500,0.22113577542218202,0.0007901772196420657,500,nan,nan,0,6.14801639225336,0.022267375451670977,500,3.5668638587850903,0.040059505010514036,500,4.95199280433,0.0,500,7.0793650793700005,3.976032667870345e-17,500,2.4627777777779603,0.010488953887835238,500,4.50507407407434,0.014429097979313984,500,0.34788116591928997,0.0014816235312427432,500,0.6363669656203039,0.002038190970171176,500
6,7,5,1.1666666666666667,2.0,2.0,0.511350378978902,0.0007360664435850712,500,1.71656095150654,0.0001520981747125615,500,6.314519764024021,0.027218125566761748,500,1.2489815350512798,0.0018351073766417196,500,0.720645265781784,0.0006100222469879598,500,0.0257537283227682,0.00019362143444764365,500,65.07429488634001,0.22730726879516616,500,0.086077109638015,0.00030067099046966495,500,nan,nan,0,10.53506254399746,0.012475460213810482,500,3.499794089615416,0.0381883350035992,500,9.90398560866,0.0,500,7.0793650793700005,3.976032667870345e-17,500,1.42295238095259,0.010721494212637893,500,2.73703174603164,0.008372165831261987,500,0.20100000000001542,0.0015144711555946902,500,0.38662107623316,0.0011826153528468441,500
6,7,5,1.1666666666666667,3.0,2.0,0.47151416375301397,0.000733514289676396,500,1.7205286152742598,8.449305711093059e-05,500,2.83805362638006,0.012420090524442493,500,0.908336606380124,0.0022341639661193667,500,0.56241404078344,0.0007303451180667913,500,0.08142555921641,0.00044143019967189835,500,25.7339595817254,0.15565832999463963,500,0.034039629076359,0.00020589726189762883,500,nan,nan,0,15.304587557947,0.00881750555439462,500,3.5799533331049656,0.038847017613524264,500,14.855978413,0.0,500,7.0793650793700005,3.976032667870345e-17,500,1.1569365079368958,0.014330671048458973,500,1.9632592592601599,0.009137599577237698,500,0.16342376681614518,0.002024287614466487,500,0.27732137518683403,0.0012907371600144497,500
6,7,5,1.1666666666666667,4.0,2.0,0.44955849543434,0.0007875996516013824,500,1.72532638217262,7.105976779236063e-05,500,1.4612772485168597,0.005066664368966228,500,0.6926804181837799,0.0031428274522696115,500,0.46141910674828,0.001118141843001666,500,0.143133502215659,0.0009122775027719959,500,15.36663919542482,0.15126354985500842,500,0.0203262423219926,0.00020008406065479524,500,nan,nan,0,20.1317087502906,0.006702357252060689,500,3.486222837508682,0.04000600311068467,500,19.807971217300004,1.590413067148138e-16,500,7.0793650793700005,3.976032667870345e-17,500,1.1641269841272979,0.01579363716221132,500,1.7271534391542258,0.010552209035071348,500,0.1644394618833876,0.002230939778517661,500,0.243970104633836,0.0014905586753595555,500
6,7,5,1.1666666666666667,5.0,2.0,0.43886620939305,0.0008037684573641341,500,1.72844722249728,3.708491858309432e-05,500,0.874876665516664,0.0022274508736964543,500,0.574258949623656,0.0033747620443832773,500,0.40398849287270805,0.0012589857223762552,500,0.18753380150993001,0.0012416347779962327,500,11.5852579426418,0.12333514940177517,500,0.0153244152680446,0.00016314173201291817,500,nan,nan,0,25.0143071109234,0.005131516086569914,500,3.4574648786794695,0.037954154249228114,500,24.7599640217,0.0,500,7.0793650793700005,3.976032667870345e-17,500,1.1716931216935482,0.015073820623799911,500,1.713650793650574,0.010781968458472577,500,0.16550822122568282,0.002129261657622381,500,0.242062780269008,0.0015230134817944404,500
6,7,5,1.1666666666666667,6.0,2.0,0.430703531245366,0.0008528144633055694,500,1.72986728661244,2.299450519623388e-05,500,0.590146863496132,0.0011493815989658766,500,0.496556232209722,0.00377062669152458,500,0.365168779262488,0.0013995068682626864,500,0.221378903452028,0.0015696101757414014,500,9.40413699156464,0.10751683673102068,500,0.0124393346449268,0.0001422180380040344,500,nan,nan,0,29.9345407496984,0.004497576792713357,500,3.542220355491764,0.038486399993214244,500,29.711956826,0.0,500,7.0793650793700005,3.976032667870345e-17,500,1.1214285714287697,0.015719048229016895,500,1.672380952381276,0.011256892181054308,500,0.158408071748832,0.0022204036736054966,500,0.23623318385646197,0.0015900991197413457,500
6,7,5,1.1666666666666667,7.0,2.0,0.426358864394762,0.0008306629451394705,500,1.7306949468895,9.476418633903243e-06,500,0.424884575372988,0.00046921208071177563,500,0.45593987249151796,0.003684961393783415,500,0.342836003619706,0.0014008683840848767,500,0.24095168452804597,0.0016917155302401672,500,8.369193067918658,0.0913602835319401,500,0.0110703612009489,0.00012084693588865031,500,nan,nan,0,34.8545231418714,0.0037651310094982894,500,3.5425510649183622,0.03760850316496946,500,34.6639496303,0.0,500,7.0793650793700005,3.976032667870345e-17,500,1.14052910052961,0.01533825876468937,500,1.6850793650796718,0.01108882098730452,500,0.16110612855002204,0.0021666150272980664,500,0.23802690582955197,0.0015663581215207042,500
6,7,5,1.1666666666666667,8.0,2.0,0.42505828970340204,0.0008299749617050962,500,1.73120500822712,3.0581341449327635e-06,500,0.3243907920543859,0.00019004520374626025,500,0.4259809758809999,0.003672256998789751,500,0.32604871134074803,0.001405808431683955,500,0.255850978581104,0.0018018670966809495,500,7.62658586138464,0.08283349466437626,500,0.010088076536223801,0.00010956811463537975,500,nan,nan,0,39.782190817598995,0.003294739092052591,500,3.531001411671344,0.038437860485520114,500,39.615942434699996,3.180826134296276e-16,500,7.0793650793700005,3.976032667870345e-17,500,1.138280423280862,0.01597905484424835,500,1.668571428571748,0.01164086323784603,500,0.16078849028395137,0.0022571310654415848,500,0.23569506726453596,0.0016443371838169817,500
6,7,5,1.1666666666666667,9.0,2.0,0.420455434487916,0.0007656031003074445,500,1.7315406465567398,2.5351904691581554e-06,500,0.25691418481379,0.00010242923555205414,500,0.402749350140486,0.0033104709345848507,500,0.31295976290136,0.0012921574352249931,500,0.267286396626026,0.0017155784090885124,500,7.0682640458625805,0.06952886909517501,500,0.00934955561621892,9.196940356494108e-05,500,nan,nan,0,44.7168415146126,0.002941032259541755,500,3.54637455689512,0.038054050381506485,500,44.567935239,0.0,500,7.0793650793700005,3.976032667870345e-17,500,1.130793650794224,0.014546396946616948,500,1.691005291005594,0.010703881983536548,500,0.15973094170399701,0.0020547601068072875,500,0.23886397608367196,0.0015119833295075948,500
6,7,5,1.1666666666666667,10.0,2.0,0.41748547935457403,0.0007714226339172094,500,1.73178653236188,1.924179920491404e-06,500,0.20866875390553202,7.294940576993265e-05,500,0.383143014369684,0.003432365298090551,500,0.30225919464943596,0.0013644066266828097,500,0.277821057468288,0.0018809312282610524,500,6.695042368209939,0.0696447686745004,500,0.008855876148424141,9.212270988678878e-05,500,nan,nan,0,49.652818236962794,0.0027272590882001036,500,3.5227051106625593,0.03936738459471079,500,49.5199280433,0.0,500,7.0793650793700005,3.976032667870345e-17,500,1.127671957672458,0.015986871512856052,500,1.680846560846868,0.011871043283970394,500,0.15928998505228378,0.0022582352136977257,500,0.23742899850518398,0.0016768514055784415,500
6,8,5,1.3333333333333333,1.0,2.0,0.531503144068704,0.0005865458137432375,500,2.2645042387282803,0.00040489644450109985,500,18.4090182491902,0.052756004605116334,500,1.76279117168294,0.0009824983455636244,500,0.8582586024449019,0.00035358368523011097,500,0.0041717851811744,2.0132651911900533e-05,500,258.598729168826,0.8238641055893521,500,0.22273792348738003,0.0007096159393526609,500,nan,nan,0,6.481955713919681,0.022825315130330363,500,3.75372323453548,0.04010932511949678,500,5.232830786799999,3.976032667870345e-17,500,7.503875968990001,3.976032667870345e-17,500,2.6066701119725204,0.00861285374802806,500,4.77676830318636,0.012437275311025396,500,0.347376492194674,0.0011477873279926254,500,0.6365734618916281,0.0016574468131410039,500
6,8,5,1.3333333333333333,2.0,2.0,0.513288934717812,0.0005986039857313103,500,2.2338565702717195,0.0003117604918001112,500,7.90030002457026,0.03175058405566322,500,1.48422607176032,0.0015827736878814597,500,0.730706006588402,0.0005369698949945448,500,0.0194921220276604,0.00011939039183023688,500,90.71928544395419,0.30516947509744224,500,0.07813891941771081,0.00026285053841363325,500,nan,nan,0,11.1439560360746,0.013344653300763508,500,3.725725278660758,0.04164736288450205,500,10.465661573599998,7.95206533574069e-17,500,7.503875968990001,3.976032667870345e-17,500,1.4766270456503399,0.009160733074301968,500,2.84365891472866,0.006484486499384734,500,0.19678191000918202,0.0012208001720917143,500,0.378958677685944,0.0008641516099390412,500
6,8,5,1.3333333333333333,3.0,2.0,0.467280245433488,0.0005908376953128783,500,2.2313753585588403,8.381165406067807e-05,500,3.6211318925303,0.01330088956917149,500,1.0574091272316442,0.002456288029723888,500,0.555728984058684,0.0006256629839808213,500,0.073805799850129,0.00033203922949623214,500,27.2405091535482,0.11740213172436405,500,0.023462970847155602,0.000101121560486181,500,nan,nan,0,16.159791941863798,0.00912552406827253,500,3.73005945200486,0.040646676889095484,500,15.6984923604,0.0,500,7.503875968990001,3.976032667870345e-17,500,1.166601205857002,0.013229289421749064,500,2.020261843238,0.007749170872518042,500,0.1554664830119836,0.001762994148150498,500,0.26922910927453797,0.001032689093544057,500
6,8,5,1.3333333333333333,4.0,2.0,0.43378916206228996,0.0006159172355632882,500,2.2344157260717403,5.792082501135699e-05,500,1.8965487411937199,0.005917586862088815,500,0.7509017574211819,0.0028590397665984265,500,0.43122676026463796,0.0007849793086003868,500,0.145753736931952,0.0007059053228576871,500,12.57184221816936,0.07765199175440163,500,0.010828460136238921,6.688371382813628e-05,500,nan,nan,0,21.3027547786964,0.006994360188987877,500,3.8624208446654396,0.03986925785618441,500,20.931323147199997,1.590413067148138e-16,500,7.503875968990001,3.976032667870345e-17,500,1.1073832902673661,0.013584253183944881,500,1.7100430663220798,0.008280452129310074,500,0.1475748393021382,0.0018102982032340076,500,0.22788797061523797,0.0011034900048357131,500
6,8,5,1.3333333333333333,5.0,2.0,0.421339919034442,0.0006336331051112658,500,2.2359585970240397,3.5215329669063235e-05,500,1.1203946136685798,0.00291419690182861,500,0.592526198877646,0.003525907221045545,500,0.363805262227558,0.0010457900001823242,500,0.20002707048527,0.0012152706524964935,500,8.67308024026512,0.06956328980304077,500,0.007470353350788359,5.991670095009121e-05,500,nan,nan,0,26.4549655890018,0.005913905757487102,500,3.8017367950096124,0.04167107435436518,500,26.16415393400001,3.180826134296276e-16,500,7.503875968990001,3.976032667870345e-17,500,1.147452196382762,0.013560928568329642,500,1.64834108527134,0.008815217623644893,500,0.15291460055100423,0.0018071898608643083,500,0.219665289256244,0.001174755241164187,500
6,8,5,1.3333333333333333,6.0,2.0,0.414794450041734,0.0007048699629376539,500,2.2367151622436405,1.589601200182747e-05,500,0.7507910397438821,0.0012993992588311446,500,0.502918575462466,0.004059079960357128,500,0.32413029475127597,0.0012310071199330786,500,0.239152124952644,0.0016231668519936064,500,7.07806653912128,0.06547782694382014,500,0.00609652587348954,5.639778375867721e-05,500,nan,nan,0,31.6404282969108,0.0048118249776767374,500,3.8077320303278,0.041485050893332945,500,31.3969847208,0.0,500,7.503875968990001,3.976032667870345e-17,500,1.1310111972440642,0.013915122336960559,500,1.63297846683852,0.009226511967179196,500,0.1507235996327288,0.0018543913031692915,500,0.217617998163558,0.0012295661609247569,500
6,8,5,1.3333333333333333,7.0,2.0,0.412661350668824,0.0006654265514658763,500,2.23723900031838,5.6211034714192456e-06,500,0.54562462917265,0.0005036540585176881,500,0.45391665724570807,0.003913060245652144,500,0.300860858318154,0.0012168255183791449,500,0.26393217875137204,0.0017658372053651868,500,6.3183642862248,0.0550860790251275,500,0.00544217423447406,4.744709649016788e-05,500,nan,nan,0,36.836585545237,0.004070054162430142,500,3.793488792140716,0.04024871072200669,500,36.629815507600014,6.361652268592552e-16,500,7.503875968990001,3.976032667870345e-17,500,1.1299086993975003,0.013475082948760576,500,1.637732988802506,0.009330001944646782,500,0.15057667584943538,0.0017957496904862527,500,0.21825160697894,0.0012433576971842073,500
6,8,5,1.3333333333333333,8.0,2.0,0.41096139266816395,0.0006243310535494341,500,2.2376461424374803,2.9346978799161297e-06,500,0.41873722508011396,0.00021710913849445193,500,0.42238101259752403,0.004016065545793548,500,0.28442281219772203,0.0012635394092940968,500,0.28189190577131,0.0019502740167340524,500,5.84449391114386,0.05186228693015124,500,0.00503401714999492,4.4670359112963464e-05,500,nan,nan,0,42.0432507352252,0.0037018318785768944,500,3.7787548698470284,0.042033180027399974,500,41.862646294399994,3.180826134296276e-16,500,7.503875968990001,3.976032667870345e-17,500,1.1488992248064043,0.014019286200441242,500,1.6280585701979402,0.009721284808639891,500,0.1531074380165928,0.001868272644482709,500,0.21696235078058998,0.0012955017978611616,500
6,8,5,1.3333333333333333,9.0,2.0,0.410022892300428,0.0006394255155515177,500,2.23793415526138,2.0097657893915665e-06,500,0.332349383422334,0.0001062315196979592,500,0.391036567875424,0.003743498648835606,500,0.27038392623221796,0.0011944615319270128,500,0.298568567781828,0.0019477275248429991,500,5.442291870269961,0.04581093852535114,500,0.00468758989687354,3.945817271777616e-05,500,nan,nan,0,47.251012071777396,0.0032061775748200064,500,3.7182757634940398,0.041362931383123726,500,47.095477081199995,3.180826134296276e-16,500,7.503875968990001,3.976032667870345e-17,500,1.13854952627072,0.014371245558867101,500,1.6355831180013782,0.009776009254140527,500,0.1517281910009496,0.0019151763193144304,500,0.217965105601536,0.001302794621691455,500
6,8,5,1.3333333333333333,10.0,2.0,0.408114501000742,0.0006190041025488535,500,2.2381463239214,1.584647201089875e-06,500,0.270309325169118,6.535845015190335e-05,500,0.37380397465098403,0.003369624420116222,500,0.260772284917346,0.001098082138335143,500,0.30921756630803204,0.0018686616149926553,500,5.19752673417812,0.03970542832502381,500,0.00447676721290092,3.419933533595476e-05,500,nan,nan,0,52.4712652128264,0.0028129157386459092,500,3.7709346579022176,0.03917661681515236,500,52.32830786800002,6.361652268592552e-16,500,7.503875968990001,3.976032667870345e-17,500,1.145398794143304,0.013035718080051831,500,1.6416744186044803,0.009100966499263194,500,0.1526409550045978,0.0017371979672806351,500,0.21877685950418002,0.0012128354115910022,500
6,9,5,1.5,1.0,2.0,0.5311014037715739,0.0004919234939541768,500,2.8082151479785398,0.00032059100549628394,500,20.7524758254186,0.04939572377081739,500,2.00469793274668,0.0010116982690894984,500,0.867786993714926,0.00028352408849174996,500,0.0028051068916422803,1.1785204216012964e-05,500,378.74334891039,1.0652092247598335,500,0.2273369441239,0.0006393812873712319,500,nan,nan,0,6.842530729522341,0.023836943977050076,500,3.982749705261466,0.042613262615735135,500,5.50775218521,0.0,500,7.858343337329999,3.976032667870345e-17,500,2.7587803121248,0.006971809186830209,500,4.99923409363756,0.009968158148787695,500,0.351063855789762,0.0008871856175721285,500,0.6361689581424079,0.001268480864336002,500
6,9,5,1.5,2.0,2.0,0.5166013703652821,0.0005046265180350672,500,2.79344301222886,0.0002260884368663506,500,9.3723580959253,0.037904876590181207,500,1.73719834383714,0.0015247835685442434,500,0.7454737609147001,0.0004582889670709121,500,0.0142149752097648,7.624333744336985e-05,500,127.4835008984622,0.45866275527076644,500,0.076520708822608,0.0002753077762730207,500,nan,nan,0,11.721142057539,0.013890577580867076,500,3.9055665901780197,0.042153107053150445,500,11.015504370399999,7.95206533574069e-17,500,7.858343337329999,3.976032667870345e-17,500,1.53316686674618,0.00694094952459999,500,2.9740144057623996,0.005713799051386566,500,0.19510051940115603,0.0008832586241986981,500,0.37845310113041797,0.0007270996959677004,500
6,9,5,1.5,3.0,2.0,0.46795202323487206,0.000507439616855001,500,2.7933914519262597,0.00014447969820428772,500,4.2795538396039,0.015442036812899634,500,1.21627294687348,0.0025919329912056665,500,0.56379760924644,0.0006154383550758749,500,0.0634339469323966,0.0002958147105528994,500,34.990813231298404,0.1561086208080113,500,0.021002889094416402,9.370265354619412e-05,500,nan,nan,0,17.0293914511678,0.009984167480186852,500,4.01289599434322,0.04313779592856052,500,16.523256555599996,1.590413067148138e-16,500,7.858343337329999,3.976032667870345e-17,500,1.1785666266507682,0.010966514178193944,500,2.0799687875157002,0.006209302778972016,500,0.1499764741827112,0.0013955249481215478,500,0.26468285976170397,0.0007901541727578383,500
6,9,5,1.5,4.0,2.0,0.43184305079258606,0.0004888891727366165,500,2.79478920650108,9.403597764178615e-05,500,2.2325564309349,0.006704975718168746,500,0.847016939252258,0.003009565711400959,500,0.43425393421472197,0.0007654428264202944,500,0.1293757043242588,0.0006650800153510022,500,14.5581761292026,0.08882077350151975,500,0.008738401037935802,5.3313789616685875e-05,500,nan,nan,0,22.419143129810603,0.007428963649286981,500,4.04939536501576,0.042055628662247616,500,22.031008740799997,1.590413067148138e-16,500,7.858343337329999,3.976032667870345e-17,500,1.1265810324129162,0.012767762544208881,500,1.72022569027544,0.00683429887972977,500,0.14336113657196098,0.0016247397188085416,500,0.218904369080374,0.0008696869793450589,500
6,9,5,1.5,5.0,2.0,0.4162206202114005,0.0005950825591835307,402,2.796012677259353,5.741285070092461e-05,402,1.3349578790416916,0.0036817774611779862,402,0.6505247638568309,0.0038555955776502114,402,0.36190624927764675,0.0010264453923196227,402,0.18187428092393038,0.0011519539493567905,402,9.377104798553482,0.08185459998731671,402,0.005628514284846268,4.9132412957579295e-05,402,nan,nan,0,27.840649538515173,0.006397172841493431,402,3.9847411422516417,0.04622027564870961,402,27.538760926000002,1.7741405480326558e-16,402,7.858343337329999,4.4353513700816394e-17,402,1.1289948815346864,0.013343861481270916,402,1.6064813985282087,0.00821012370824506,402,0.14366830680085546,0.0016980502007145947,402,0.20443003436835572,0.0010447652076062196,402
6,9,5,1.5,6.0,2.0,0.4112198352049054,0.0006558831974075296,338,2.7969921555188164,5.689947365600177e-05,338,0.8852448406706597,0.001906976188322035,338,0.5470904056109763,0.0046460274393342995,338,0.3211280163835651,0.0012718632200566544,338,0.21712021236815385,0.0016267045835940141,338,7.491573435107011,0.0782817238730625,338,0.004496742758167337,4.6987829455617406e-05,338,nan,nan,0,33.29719387269586,0.006038621226928511,338,3.9648500284252366,0.05234398673931926,338,33.0465131112,0.0,338,7.858343337329999,4.8382161450785625e-17,338,1.152027674975364,0.015100708889482357,338,1.5957826917771003,0.009003115683849426,338,0.14659930541621063,0.001921614803687387,338,0.20306858879449707,0.0011456760410380234,338
6,9,5,1.5,7.0,2.0,0.40655109569827663,0.0006489350118252854,365,2.797449459766767,5.321934542612626e-05,365,0.6415904915996274,0.00068191893573252,365,0.47194286916763006,0.004391722855109369,365,0.2916126805968822,0.0012304659021294955,365,0.24722207608762461,0.001736843389540051,365,6.328515008364794,0.06282825694728805,365,0.0037986284564013972,3.77120389839762e-05,365,nan,nan,0,38.77504537777726,0.004687409579598764,365,4.035187505533397,0.046822995940191035,365,38.5542652964,0.0,365,7.858343337329999,4.655319848376386e-17,365,1.1283362660131315,0.014631086167396539,365,1.5760495979230411,0.00894892117334339,365,0.14358449581255123,0.0018618537698481402,365,0.20055748778930688,0.00113877961157456,365
6,9,5,1.5,8.0,2.0,0.40556230214661365,0.0006478020484166346,321,2.7974549191515266,4.996348641888171e-05,321,0.4907902360904423,0.00029858088263004214,321,0.43943745701114956,0.004668746202101031,321,0.2755904804919408,0.0013451424955495872,321,0.26324633353355453,0.002023659790845396,321,5.830529401261775,0.06136853536963241,321,0.0034997175277677573,3.683585556402878e-05,321,nan,nan,0,44.251310076838635,0.004836981074616893,321,3.968703866504798,0.05516836237704359,321,44.06201748170001,3.972054645195637e-16,321,7.85834333733,0.0,321,1.1416566626650249,0.015726433613397067,321,1.578859581217352,0.009976480374070729,321,0.14527956003670311,0.002001240329963985,321,0.2009150673927601,0.0012695398948320178,321
6,9,5,1.5,9.0,2.0,0.4054777575537926,0.0005530332761054641,434,2.7973174312914515,2.7506085303399856e-05,434,0.38936357797960136,0.0001304453329285187,434,0.40692020933863593,0.0036889525254955252,434,0.26128889526442856,0.0010801248632383601,434,0.2789849048161152,0.0017500979690062667,434,5.389525925413754,0.044637110329153844,434,0.0032350095590718206,2.679298339084484e-05,434,nan,nan,0,49.73940960567719,0.0034492264927270286,434,4.003714266791475,0.04357644757357075,434,49.56976966690001,3.4146504740719245e-16,434,7.858343337329999,4.2683130925899056e-17,434,1.1373968942416013,0.01310939389587792,434,1.584907695798917,0.008649949569952662,434,0.14473749051378318,0.0016682134303790256,434,0.20168470983798162,0.0011007344930867387,434
6,9,5,1.5,10.0,2.0,0.4039799839470912,0.0006529767578407104,318,2.797312108939277,2.1080157196709393e-05,318,0.3166183134612925,8.631705423931494e-05,318,0.38719795196772955,0.0038916328379189286,318,0.2516522119546164,0.001183703683546754,318,0.2892149345079214,0.001992290111751865,318,5.135660360036101,0.04610332877442515,318,0.003082629267728428,2.7673066491259483e-05,318,nan,nan,0,55.22616032600785,0.0036375206027138176,318,3.948745980779528,0.05045441992226447,318,55.07752185210001,7.981611194931739e-16,318,7.858343337329999,4.9885069968323366e-17,318,1.1522835549313744,0.01450670408360919,318,1.5984053998975467,0.009214181062810828,318,0.14663186698105943,0.0018460257411605484,318,0.2034023370170346,0.0011725348037413023,318
6,3,5,0.5,1.0,3.0,0.50602645124915,0.00285127795618874,500,0.24937297986859,0.0005439506521021783,500,2.2310354240884,0.01259448000523936,500,0.42547072536680797,0.0018718310550374414,500,0.74409163178812,0.0021692584771505334,500,0.08380058252273401,0.0011064260679324062,500,14.00710103902514,0.12622710545631682,500,0.2501268042682858,0.00225405545457775,500,nan,nan,0,3.55069377249732,0.026994061708075605,500,3.058050243803422,0.03173294312234601,500,1.7654696590100007,2.982024500902759e-17,500,4.5,0.0,500,1.4079285714288263,0.017680627441484926,500,2.580928571428902,0.025845446540268668,500,0.31287301587284744,0.003929028320326008,500,0.5735396825397,0.005743432564511523,500
6,3,5,0.5,2.0,3.0,0.508554760764202,0.0027881597428885433,500,0.23897662096878,0.00032053745684977245,500,1.3000154098398962,0.009917167724240615,500,0.389927892739838,0.001377662527707308,500,0.686107636856474,0.0019449449058234257,500,0.11602846332112739,0.0012067415114275224,500,10.687324058766801,0.08493080738494233,500,0.19084507247800542,0.0015166215604454352,500,nan,nan,0,4.70053427854082,0.01995395581559985,500,3.054108336964086,0.03160991949667422,500,3.5309393180200015,5.964049001805518e-17,500,4.5,0.0,500,1.03842857142855,0.0161867008335215,500,1.9614285714287,0.01611987322750009,500,0.23076190476187497,0.003597044629666814,500,0.43587301587289196,0.0035821940505610717,500
6,3,5,0.5,3.0,3.0,0.48997996398952,0.002605972570311865,500,0.23958005497470802,0.0003584694093279614,500,0.730579374313166,0.004979993859217855,500,0.34428212279256004,0.0015522171374310354,500,0.607824309246618,0.0018571444609706705,500,0.16514465871063697,0.001577148959767312,500,7.62534802370852,0.05537550645339367,500,0.1361669289947876,0.0009888483295246227,500,nan,nan,0,6.157448562178621,0.015841975990842447,500,3.075525893544186,0.03254712493769796,500,5.296408977029999,3.976032667870345e-17,500,4.5,0.0,500,0.8167857142859286,0.01814308002821328,500,1.554642857142454,0.01777587433332687,500,0.18150793650794977,0.004031795561820215,500,0.345476190476058,0.003950194296294271,500
6,3,5,0.5,4.0,3.0,0.47611770712718793,0.002768085432184873,500,0.250582246510034,0.0002680828590209998,500,0.433425506999484,0.004419826926175247,500,0.30563623508971605,0.0017164600891389657,500,0.5374435715377179,0.0019622010153292663,500,0.212684778185552,0.0019662942173275383,500,5.819090224186859,0.05238619748097519,500,0.10391232543189281,0.0009354678121592677,500,nan,nan,0,7.696717057988019,0.012422294160238585,500,2.982778669862114,0.03318006348797119,500,7.061878636040003,1.1928098003611036e-16,500,4.5,0.0,500,0.7852857142859861,0.01960588848687829,500,1.4130714285711599,0.021470855075763743,500,0.17450793650792915,0.004356864108189089,500,0.31401587301577955,0.0047713011279455295,500
6,3,5,0.5,5.0,3.0,0.45645882111089,0.0028625215307764695,500,0.256622572538646,0.00010013279794892202,500,0.256027305983966,0.003278868715029206,500,0.269687451277076,0.0020070637903849622,500,0.48036422736829004,0.0023783891495870717,500,0.256182451127466,0.0026310730832000465,500,4.8152252242468805,0.053431709274545755,500,0.0859861647186936,0.0009541376656159437,500,nan,nan,0,9.364940171524799,0.010316724549248976,500,3.0482431468787823,0.032937396730129624,500,8.82734829505,0.0,500,4.5,0.0,500,0.7763571428575574,0.02070945751604773,500,1.3746428571428093,0.020689733171044136,500,0.1725238095237971,0.0046021016702246864,500,0.3054761904761,0.004597718482450231,500
6,3,5,0.5,6.0,3.0,0.4548945911394339,0.0030237434909333415,500,0.25860004512275603,5.656098233899082e-05,500,0.15361197664294798,0.0017191311155335027,500,0.24504462899547802,0.0023556728441294058,500,0.445356676190104,0.002763103049112717,500,0.284374523149446,0.003152483216124774,500,4.3614130245947,0.055320990406348636,500,0.0778823754391874,0.0009878748286847108,500,nan,nan,0,11.0698190525212,0.00948266834702171,500,3.129898362027406,0.03414305838858509,500,10.592817954099997,7.95206533574069e-17,500,4.5,0.0,500,0.7572857142860725,0.019556186742332574,500,1.3463571428569112,0.02190488355041146,500,0.16828571428571126,0.004345819276066347,500,0.299190476190397,0.004867751900087276,500
6,3,5,0.5,7.0,3.0,0.45197563056743795,0.002793140960855331,500,0.259737578459258,1.3636839787422825e-05,500,0.1008858913076428,0.00038582281116493754,500,0.242763641027574,0.002424544883783965,500,0.43840771383483,0.002859141366772913,500,0.28511161444506605,0.003233128935630651,500,4.35801314730162,0.0549394572974246,500,0.0778216633446678,0.0009810617374541779,500,nan,nan,0,12.7416636088704,0.007740059226515871,500,3.01572721177534,0.03344011871790782,500,12.358287613100002,7.95206533574069e-17,500,4.5,0.0,500,0.7965000000004228,0.01978104426156634,500,1.4210714285713093,0.02122998808705192,500,0.17699999999999433,0.004395787613673252,500,0.31579365079354316,0.004717775130451945,500
6,3,5,0.5,8.0,3.0,0.437945322751032,0.0026493417603929916,500,0.26028274861864803,9.441620039096506e-06,500,0.075450779488917,0.0002129388248353455,500,0.23578308043797758,0.0025040307218952215,500,0.426301087599958,0.003008823684934461,500,0.295721840303964,0.003428190526909613,500,4.223834642153601,0.05639814857531238,500,0.07542561860988761,0.0010071097959876293,500,nan,nan,0,14.458762132225202,0.007054219340591289,500,3.0015338005029597,0.03441200923473457,500,14.123757272099995,2.3856196007222073e-16,500,4.5,0.0,500,0.7667142857144889,0.01973746029152931,500,1.3718571428568884,0.02180473443791825,500,0.17038095238096404,0.004386102287000198,500,0.30485714285705406,0.00484549654175702,500
6,3,5,0.5,9.0,3.0,0.429061477165002,0.0028127214644464876,500,0.260657626662784,6.158435989157995e-06,500,0.058847298719769604,0.00012845895388136,500,0.229837516187272,0.0024512094535227773,500,0.417428945291728,0.002922759593410155,500,0.30178468288412397,0.0033988986879754054,500,4.11517454901742,0.05276293341696243,500,0.0734852598038852,0.0009421952395885589,500,nan,nan,0,16.191668549273,0.006113743138581387,500,3.027880911933228,0.03329550316183798,500,15.889226931100003,1.590413067148138e-16,500,4.5,0.0,500,0.793214285714668,0.019037157012094626,500,1.4096428571428101,0.020281160150167885,500,0.17626984126985693,0.004230479336012864,500,0.313253968253871,0.0045069244778104455,500
6,3,5,0.5,10.0,3.0,0.420468099657452,0.0025890623793682487,500,0.26091084428537,4.656886504573754e-06,500,0.047362053350694794,9.625178476542746e-05,500,0.224874210177614,0.0024875278172611453,500,0.409940495179694,0.0029496405532866564,500,0.307424091079674,0.0034679919916407597,500,4.03473179673768,0.05219228435543147,500,0.0720487820846014,0.0009320050777758677,500,nan,nan,0,17.934964956502196,0.005677569204007791,500,3.069956984153798,0.0336820444581478,500,17.6546965901,0.0,500,4.5,0.0,500,0.7551428571433436,0.01987132341066653,500,1.36228571428559,0.021174130197488383,500,0.16780952380952305,0.004415849646805927,500,0.302730158730051,0.004705362266104414,500
6,4,5,0.6666666666666666,1.0,3.0,0.51408391588118,0.0019732384060803447,500,0.505002238588146,0.0006491971805772629,500,4.884050172645921,0.02465886880819874,500,0.6350502287629419,0.002369224205792041,500,0.7678346217233261,0.0019327481769596466,500,0.04439572436326201,0.0006344931030585965,500,27.0664631905524,0.26925239815247826,500,0.2148131999250262,0.002136923794860016,500,nan,nan,0,4.63116987046002,0.031254928727192155,500,3.6825552352676305,0.0408114727990687,500,2.7464262493000002,1.9880163339351726e-17,500,5.333333333330001,3.976032667870345e-17,500,1.6443809523802897,0.01762023519665765,500,3.0445714285711802,0.02453720566503876,500,0.308321428571384,0.003303794099369469,500,0.5708571428571501,0.004600726062197131,500
6,4,5,0.6666666666666666,2.0,3.0,0.508178754444002,0.0019074283561001466,500,0.48059830712577,0.000449100395129712,500,2.5568518155691597,0.014915263836715157,500,0.569030232323204,0.0017275827033990609,500,0.697846008821672,0.0015157078443820615,500,0.07218890299667101,0.0006769093134156942,500,18.185318274834202,0.14041055153273893,500,0.1443279228161348,0.0011143694566093335,500,nan,nan,0,6.644338643694759,0.021629754390825744,500,3.65508633731795,0.041262797216931636,500,5.4928524986000005,3.976032667870345e-17,500,5.333333333330001,3.976032667870345e-17,500,1.149333333334704,0.015874185407208145,500,2.17501587301594,0.01473801492152701,500,0.21550000000004058,0.0029764097638464854,500,0.407815476190442,0.0027633777977855555,500
6,4,5,0.6666666666666666,3.0,3.0,0.488864266478504,0.0017395037134902403,500,0.470042446218002,0.00035982295031494423,500,1.3307634945689901,0.0128345382211164,500,0.4695040360542,0.0012812529781004213,500,0.599028374049604,0.0013241881887725707,500,0.129607485955259,0.0007791358582664542,500,11.81562832807028,0.10280682384365268,500,0.0937748280005646,0.000815927173362578,500,nan,nan,0,9.05269723959596,0.01695032443734177,500,3.6430274684815322,0.043340783316156796,500,8.239278747909998,7.95206533574069e-17,500,5.333333333330001,3.976032667870345e-17,500,0.8847301587298553,0.01901112699718274,500,1.6846031746035979,0.01491353866573979,500,0.16588690476190074,0.003564586311975975,500,0.3158630952381,0.0027962884998296825,500
6,4,5,0.6666666666666666,4.0,3.0,0.4749137806548,0.001836886567797626,500,0.46540913393689604,0.00027506254398992333,500,0.664126192335852,0.005922872359736009,500,0.3821390861022,0.0016042093408960355,500,0.515660789004754,0.0015713621419224282,500,0.19936266774543,0.0011204498419459211,500,8.827081151812719,0.10266019028711694,500,0.0700561996175654,0.0008147634149775545,500,nan,nan,0,11.612496884939,0.012304344306932617,500,3.663453245389182,0.04051341308836082,500,10.985704997200001,7.95206533574069e-17,500,5.333333333330001,3.976032667870345e-17,500,0.805047619047568,0.018708241403617133,500,1.442666666666274,0.018128343646071982,500,0.1509464285714044,0.003507795263177974,500,0.27049999999998875,0.0033990644336462515,500
6,4,5,0.6666666666666666,5.0,3.0,0.466571711722384,0.0019369008452572146,500,0.46141637169272004,0.00025825123602354937,500,0.37337814769721794,0.002727512790368745,500,0.33195028371910995,0.0019132306609458553,500,0.46430416419813003,0.0019876482918380926,500,0.256630716168606,0.0015596862740354844,500,7.68926431221334,0.10895210570093414,500,0.061025907239791,0.0008646992515951941,500,nan,nan,0,14.2401625920542,0.010193440885342072,500,3.6650357835595795,0.04078793080149548,500,13.732131246499998,7.95206533574069e-17,500,5.333333333330001,3.976032667870345e-17,500,0.8017777777777038,0.018330845966592627,500,1.4021587301564482,0.019974570244554023,500,0.1503333333333002,0.003437033618735887,500,0.26290476190475365,0.0037452319208664342,500
6,4,5,0.6666666666666666,6.0,3.0,0.46051638268772,0.001903185318648666,500,0.45861573085067003,0.00020665637450302445,500,0.239598713393768,0.0015957525933385048,500,0.3047218603846,0.002181687240522156,500,0.43380596501247604,0.002206607112781352,500,0.29255292170902997,0.0019588181023435635,500,7.0752427036149,0.1055078729348702,500,0.056152719869957596,0.0008373640709118145,500,nan,nan,0,16.912748106507802,0.008407303289640053,500,3.7078270634643,0.03967504605324624,500,16.478557495800004,1.590413067148138e-16,500,5.333333333330001,3.976032667870345e-17,500,0.8027936507935832,0.018598530248632197,500,1.384380952378824,0.019798699045499697,500,0.1505238095237686,0.003487224421617531,500,0.2595714285714316,0.003712256071043641,500
6,4,5,0.6666666666666666,7.0,3.0,0.46015510336363197,0.0019559311364170566,500,0.456461994103714,0.0001438137322639478,500,0.16537914849799198,0.0007869837323880864,500,0.28623676034649204,0.002228492914517332,500,0.415020763604142,0.0022612546530169277,500,0.31741095161518,0.002139910459392983,500,6.7434437278515595,0.09856959532330924,500,0.053519394665491,0.000782298375582009,500,nan,nan,0,19.5958972283608,0.007128410193210189,500,3.6982251773307397,0.03870848410040547,500,19.224983745099998,1.590413067148138e-16,500,5.333333333330001,3.976032667870345e-17,500,0.783492063492007,0.018850310362886383,500,1.3763809523788222,0.02015311830538576,500,0.1469047619047308,0.003534433193040134,500,0.2580714285714386,0.003778709682272913,500
6,4,5,0.6666666666666666,8.0,3.0,0.45429518339701,0.0019979232305849153,500,0.45514209215716,6.898745410107878e-05,500,0.1222921130263,0.0003510544900972352,500,0.27835255243407,0.0023670885468039847,500,0.40465162074069805,0.002382007360268071,500,0.330574076652716,0.002308320709304539,500,6.6372663979121205,0.09968232488915929,500,0.0526767174437476,0.0007911295626125421,500,nan,nan,0,22.2929206227382,0.006073022422127866,500,3.6806543783655203,0.037524608222494454,500,21.971409994400002,1.590413067148138e-16,500,5.333333333330001,3.976032667870345e-17,500,0.7787936507936585,0.017996743844635354,500,1.3847619047597841,0.018899424568167098,500,0.1460238095237976,0.003374389470867695,500,0.2596428571428724,0.0035436421065452423,500
6,4,5,0.6666666666666666,9.0,3.0,0.449074805969484,0.001866291663795742,500,0.45495817876856,4.7040645761891e-05,500,0.0951836192230018,0.00012197541479224617,500,0.27300738394676405,0.002401907720776261,500,0.39580848409985003,0.002470778367735373,500,0.33965945115989804,0.0024234341445946617,500,6.47849785905926,0.10045393524427015,500,0.0514166496750742,0.0007972534543193671,500,nan,nan,0,25.0151806674244,0.006125074960205963,500,3.7363875254290395,0.041174253767268874,500,24.717836243699995,1.590413067148138e-16,500,5.333333333330001,3.976032667870345e-17,500,0.7824761904762293,0.01865702606929224,500,1.3842539682518462,0.019121443178649236,500,0.1467142857142414,0.0034981923879894425,500,0.2595476190476338,0.0035852705960107644,500
6,4,5,0.6666666666666666,10.0,3.0,0.44458500854940597,0.0018212269904905056,500,0.45481566857882,1.135976733967928e-05,500,0.0767230639120532,5.818753368633198e-05,500,0.270138047223626,0.0024260304949208474,500,0.392434899590806,0.0024902518552754934,500,0.344584283040756,0.002417914693049874,500,6.4855068322901195,0.10216469338759702,500,0.051472276446743404,0.0008108308999012534,500,nan,nan,0,27.7259448173718,0.005306696956699245,500,3.6909856660940394,0.04085702374410212,500,27.464262492999996,1.590413067148138e-16,500,5.333333333330001,3.976032667870345e-17,500,0.7922539682539211,0.019894749391573048,500,1.3939047619025522,0.01986109190847068,500,0.1485476190475658,0.003730265510918128,500,0.2613571428571606,0.003723954732851496,500
6,5,5,0.8333333333333334,1.0,3.0,0.515521648085042,0.0015354139582720912,500,0.852228912447714,0.0006691563897987209,500,8.697752606793259,0.04511468245168912,500,0.880453269719528,0.0028691610114748405,500,0.7852284964482019,0.0017384681188603757,500,0.025904731658180403,0.0004195176656783973,500,48.7591752855012,0.4841162256206136,500,0.19348879081548762,0.001921096133415929,500,nan,nan,0,5.83022473037498,0.03376071708902859,500,4.29296773610106,0.04705963062133775,500,3.87628841011,0.0,500,6.0,0.0,500,1.8440634920634562,0.01448089433143486,500,3.44988888888914,0.02203666583730435,500,0.307343915343944,0.0024134823885742763,500,0.574981481481512,0.0036727776395497212,500
6,5,5,0.8333333333333334,2.0,3.0,0.503699487149326,0.0014070283154444144,500,0.8268154644537381,0.00040416496204061486,500,3.9918326742045998,0.02387256264075393,500,0.749757257549982,0.0025049061051809823,500,0.685382267174622,0.0016080042202166252,500,0.058144237405562,0.0007089491173980559,500,26.725159817623396,0.2092962386240846,500,0.10605222149850481,0.0008305406294604544,500,nan,nan,0,8.936201395732121,0.021482103683195405,500,4.355295964863161,0.0450989559627221,500,7.75257682022,0.0,500,6.0,0.0,500,1.199269841269726,0.013451577997459416,500,2.29020634920616,0.012612642770922928,500,0.1998783068782692,0.0022419296662438797,500,0.381701058201002,0.002102107128481732,500
6,5,5,0.8333333333333334,3.0,3.0,0.47555509924378,0.00136471127051116,500,0.820657001868722,0.0001519495688670533,500,1.9917543097365802,0.013499751333161525,500,0.603256541664952,0.0027713330980656203,500,0.566634112442786,0.0015538946975443297,500,0.11548424124925001,0.00113390880849636,500,13.904395610982942,0.11206253564987798,500,0.055176173059465,0.00044469260178563955,500,nan,nan,0,12.4525799186072,0.01616573412232724,500,4.338409841889421,0.047898612795097655,500,11.628865230299999,7.95206533574069e-17,500,6.0,0.0,500,0.8876825396826121,0.017332804446128197,500,1.7305238095233721,0.012420881920623952,500,0.1479470899470818,0.002888800741019406,500,0.28842063492063197,0.0020701469867709533,500
6,5,5,0.8333333333333334,4.0,3.0,0.449658707409232,0.0012011646420563723,500,0.8252873316918039,0.00013925632834796382,500,1.069350335205524,0.007050072909099829,500,0.48218561674144395,0.003019892561554202,500,0.471190140289518,0.0017084686086618862,500,0.1772822013959646,0.001657686479378276,500,8.463379895296221,0.08204559250964005,500,0.0335848408543522,0.0003255777480541466,500,nan,nan,0,16.1188704950276,0.01184589598232896,500,4.29878930626088,0.044735459850513956,500,15.505153640400001,7.95206533574069e-17,500,6.0,0.0,500,0.7779682539684952,0.01667282078884669,500,1.427285714285694,0.016155312337747637,500,0.12966137566136773,0.002778803464805629,500,0.2378809523808924,0.0026925520562864477,500
6,5,5,0.8333333333333334,5.0,3.0,0.4379114769316,0.0014092125425322326,500,0.8290740457772361,0.00012462275004123104,500,0.6277227720817159,0.004617698012182328,500,0.409471966891926,0.0035970477562436492,500,0.413299723330478,0.0021005889033153375,500,0.2204936138290836,0.0023776250850022717,500,6.419663308780801,0.08318948758239086,500,0.0254748543999264,0.0003301170142159723,500,nan,nan,0,19.8734931869086,0.010234975314780183,500,4.26464779297291,0.04863852390940121,500,19.381442050600008,3.180826134296276e-16,500,6.0,0.0,500,0.7979682539685097,0.018010599703383492,500,1.404317460318206,0.01798286922362245,500,0.1329947089946919,0.0030017666172281686,500,0.2340529100528384,0.0029971448705991026,500
6,5,5,0.8333333333333334,6.0,3.0,0.43471502573056,0.001457814976056376,500,0.831459790122732,0.00012087218447435333,500,0.39718586726249,0.00260205011460687,500,0.36017408547075197,0.003732590469630597,500,0.37547613538428,0.00222737028288726,500,0.251177158200264,0.0028480468370886683,500,5.41816344261588,0.0727594522803925,500,0.021500648581811197,0.00028872798523995485,500,nan,nan,0,23.6708261890196,0.008232304138908393,500,4.282485539273659,0.04652496346854751,500,23.257730460699996,1.590413067148138e-16,500,6.0,0.0,500,0.8137142857143178,0.01777792978182412,500,1.4032539682546559,0.017409760542152722,500,0.1356190476190323,0.00296298829696977,500,0.2338756613756096,0.002901626757022075,500
6,5,5,0.8333333333333334,7.0,3.0,0.429765786546896,0.0014873250129991459,500,0.832667503813736,0.00010969115548712955,500,0.27093878519439,0.0011680092786925137,500,0.329236599201988,0.0038466565933771967,500,0.35212549463055803,0.0023031675920490427,500,0.2699619793403,0.0030851153810690294,500,4.92198306635572,0.07027053359541197,500,0.019531678834744718,0.0002788513237911167,500,nan,nan,0,27.4868063377006,0.006855630779212347,500,4.275739140049119,0.04501280623692426,500,27.134018870799995,1.590413067148138e-16,500,6.0,0.0,500,0.7938888888891288,0.017650562214056715,500,1.3969047619056518,0.01700503379286795,500,0.13231481481481921,0.0029417603690072274,500,0.2328174603173988,0.002834172298809248,500
6,5,5,0.8333333333333334,8.0,3.0,0.430821464248442,0.0014333414561405204,500,0.832962169329528,0.00010182606588664583,500,0.200763468931572,0.000573114462972607,500,0.313940141737846,0.004115145520531188,500,0.33897638110403,0.0024862696827441266,500,0.28003188875315405,0.0033855595826108066,500,4.722491228372161,0.0711734763791717,500,0.018740044557031404,0.0002824344300759204,500,nan,nan,0,31.326451191797798,0.006351486792881434,500,4.3100789918960185,0.04802170625119651,500,31.010307280900005,1.590413067148138e-16,500,6.0,0.0,500,0.813412698412884,0.017588394493345243,500,1.413571428572212,0.017979404947278337,500,0.13556878306878895,0.002931399082223214,500,0.235595238095203,0.002996567491208228,500
6,5,5,0.8333333333333334,9.0,3.0,0.426121760471014,0.0014178727057898612,500,0.8326378513235441,6.636446189240352e-05,500,0.1562677473063,0.0002392858979063709,500,0.293355460357486,0.0037402730635794266,500,0.324677213635022,0.002297866196926701,500,0.292928440927146,0.0033305560128324527,500,4.41113503022604,0.059600685768690875,500,0.01750450408819998,0.00023651065781234273,500,nan,nan,0,35.16806340667439,0.005429954121810525,500,4.32914928492434,0.04457108109927426,500,34.88659569100001,6.361652268592552e-16,500,6.0,0.0,500,0.7922063492064904,0.017386133299278163,500,1.3862698412706818,0.017295507014915636,500,0.1320343915343946,0.0028976888832116998,500,0.23104497354491543,0.002882584502483039,500
6,5,5,0.8333333333333334,10.0,3.0,0.423655911581214,0.0013780858353641139,500,0.832518335249056,3.8599565402004364e-05,500,0.12605914694920797,0.0001358600268009306,500,0.288565349527288,0.0037964692992517026,500,0.319889525388138,0.0023648956159273444,500,0.29551248464043395,0.0034309630053907135,500,4.380899921131499,0.06061339719369401,500,0.0173845234965529,0.00024052935394328542,500,nan,nan,0,39.0119367289966,0.004920180145883855,500,4.28079177898694,0.04602267312897412,500,38.7628841011,0.0,500,6.0,0.0,500,0.8066984126984836,0.01817708722747312,500,1.4150793650800841,0.01809491860076019,500,0.1344497354497196,0.0030295145379111363,500,0.235846560846535,0.0030158197667908295,500
6,6,5,1.0,1.0,3.0,0.520569284322854,0.0011333652960208072,500,1.27416997374658,0.0007904327086990468,500,13.28701831364594,0.06863453070961842,500,1.151508974529194,0.0029710670516946568,500,0.8014953149267939,0.0014141700231257283,500,0.01548704260949962,0.00022539873469938073,500,82.89410997165659,0.7756017201150389,500,0.1817853288852116,0.0017008809651627547,500,nan,nan,0,6.73914040424202,0.03650942981612029,500,4.89014033221398,0.05227766748709216,500,4.56113285371,0.0,500,6.578947368420002,1.1928098003611036e-16,500,2.01964035087706,0.013154070035596986,500,3.7761842105264005,0.019728761036723542,500,0.30698533333333794,0.001999418645411465,500,0.5739800000000059,0.002998771677580994,500
6,6,5,1.0,2.0,3.0,0.503056363524812,0.001082338176770646,500,1.242055469609,0.0003701335338654228,500,5.747366013422419,0.03554014853859221,500,0.963001986313836,0.0025473790244304718,500,0.6886577799808861,0.0013689753299835513,500,0.042990999765844806,0.0004447144297136142,500,39.159652114169205,0.3301900235392157,500,0.08587643007493419,0.0007241009288143648,500,nan,nan,0,10.34901419453346,0.023641893413667188,500,4.768586158830354,0.0534549766648329,500,9.12226570742,0.0,500,6.578947368420002,1.1928098003611036e-16,500,1.2919912280701902,0.012208005354497814,500,2.4424649122806605,0.010489188022321723,500,0.19638266666665122,0.0018556168138824936,500,0.371254666666676,0.0015943565793900803,500
6,6,5,1.0,3.0,3.0,0.471327459119238,0.0010686466954583896,500,1.23724014352418,0.0002970204978616779,500,2.6470713463805398,0.018608081589677933,500,0.730482458043786,0.0026780705450353713,500,0.55226414989915,0.0013861226815692006,500,0.1032271799173014,0.0008618903062391339,500,17.2177798720048,0.13717135920455667,500,0.037758289192996,0.0003008143842204218,500,nan,nan,0,14.5449276358892,0.017103762623778038,500,4.805791297787586,0.05239495764809001,500,13.683398561100004,1.590413067148138e-16,500,6.578947368420002,1.1928098003611036e-16,500,0.92464912280698,0.014846783765228033,500,1.80599122807052,0.010661811577161256,500,0.14054666666666918,0.0022567111323145775,500,0.27451066666667195,0.0016205953597299208,500
6,6,5,1.0,4.0,3.0,0.44336166160543805,0.0009704387461067957,500,1.2377920712534798,0.00019760851536064478,500,1.382198765342356,0.00821861085275175,500,0.550975068735584,0.00313275555841308,500,0.443499844391258,0.0014234207156783615,500,0.17430479642331562,0.0013650613094806148,500,9.09758583828628,0.08076162254364026,500,0.0199508461365938,0.0001771088213679484,500,nan,nan,0,18.913443059296203,0.012944028669428091,500,4.85669534113898,0.052042809660142214,500,18.244531414800004,1.590413067148138e-16,500,6.578947368420002,1.1928098003611036e-16,500,0.8014210526316525,0.016156877946685237,500,1.479596491228296,0.013371398426729403,500,0.1218160000000006,0.0024558454478957868,500,0.2248986666666634,0.002032452560863108,500
6,6,5,1.0,5.0,3.0,0.426626204837382,0.0010675233721464347,500,1.24235433896012,0.0002238401135315367,500,0.801663763300438,0.004637165711759965,500,0.445417507488908,0.003529883963169291,500,0.37527030963797,0.0015859441261930906,500,0.23109167730123603,0.0018342526628146426,500,6.38957431059002,0.07120837457566027,500,0.014012224365329562,0.0001561587161748699,500,nan,nan,0,23.3263610515552,0.010853505184292504,500,4.757781420971381,0.05377706927472023,500,22.805664268600005,1.590413067148138e-16,500,6.578947368420002,1.1928098003611036e-16,500,0.8202807017545202,0.016183683533087818,500,1.420991228070156,0.015704693199926734,500,0.12468266666666766,0.0024599198970297713,500,0.2159906666666758,0.002387113366392794,500
6,6,5,1.0,6.0,3.0,0.41755869145612,0.0009552554267378744,500,1.24732074592836,0.0001912969802126867,500,0.512257593344238,0.002268943015298808,500,0.366330596675458,0.0035330210292721705,500,0.32709251923818794,0.0016348691093939472,500,0.28019595166930195,0.0021902505404525385,500,5.08187135565504,0.06173807762238907,500,0.011144454727312698,0.0001353905211017439,500,nan,nan,0,27.8148175516784,0.008490653833517667,500,4.848232370450852,0.05011224063933726,500,27.3667971223,0.0,500,6.578947368420002,1.1928098003611036e-16,500,0.8178596491228092,0.016019260176817304,500,1.3863333333332741,0.014268417181277693,500,0.12431466666667526,0.0024349275468769443,500,0.2107226666666486,0.002168799411552397,500
6,6,5,1.0,7.0,3.0,0.415109000397344,0.0010296364866707606,500,1.25114440613846,0.00014701044824522915,500,0.357702442019284,0.0011579877945149183,500,0.326178095499414,0.003814284866668085,500,0.300660348268274,0.001832464734709747,500,0.3103808814336841,0.0026891023538599406,500,4.582689223342021,0.05951233619899332,500,0.010049757068734181,0.00013050950920837423,500,nan,nan,0,32.320959999932796,0.007800949505876841,500,4.884329815371228,0.05344694845260397,500,31.92792997599999,4.771239201444415e-16,500,6.578947368420002,1.1928098003611036e-16,500,0.8246315789475513,0.01665393985391633,500,1.4018596491226902,0.016544939204196377,500,0.12534399999999798,0.0025313988577947773,500,0.213082666666671,0.002514830759038084,500
6,6,5,1.0,8.0,3.0,0.410982636421536,0.0010350397744637789,500,1.2535662493509399,9.493228913723303e-05,500,0.268348377948792,0.0006635685134008791,500,0.295335380064326,0.0037915043745990157,500,0.280858937250602,0.001870917685303409,500,0.3350864959973339,0.0028626334871534875,500,4.21971289310658,0.056418662983091616,500,0.00925375634453162,0.0001237251381208268,500,nan,nan,0,36.83783775248101,0.00694129366727017,500,4.912306176434739,0.05423682049361639,500,36.4890628297,0.0,500,6.578947368420002,1.1928098003611036e-16,500,0.796596491228219,0.01656029174756812,500,1.373473684210478,0.016029210018745244,500,0.12108266666664906,0.0025171643456289635,500,0.2087679999999956,0.002436439922850573,500
6,6,5,1.0,9.0,3.0,0.40973883647746595,0.001034568244758812,500,1.2551572480037398,3.5434325715995353e-05,500,0.20790433915209003,0.00024105836340784293,500,0.282523009528628,0.003779308114411068,500,0.27176534777281997,0.0018872672441538263,500,0.344695871256896,0.002992860208208311,500,4.112635342311419,0.05301358573358275,500,0.00901893715419206,0.00011625786345087247,500,nan,nan,0,41.345065757316796,0.005838127699564981,500,4.785936797796614,0.053113739326712414,500,41.0501956834,0.0,500,6.578947368420002,1.1928098003611036e-16,500,0.8307017543860682,0.01708638685060826,500,1.412105263157816,0.015829501155013165,500,0.12626666666667113,0.0025971308012932653,500,0.2146399999999838,0.0024060841755640444,500
6,6,5,1.0,10.0,3.0,0.407060402311948,0.0010532620447185148,500,1.2557318380981801,1.4921053134175526e-05,500,0.167601928208588,0.000131888723207783,500,0.268104792775878,0.003449953680827142,500,0.26205246705769003,0.0017460750429798687,500,0.354978328868286,0.0029203216681980807,500,3.94937698058612,0.046818515533243614,500,0.00866091443111076,0.0001026721831869156,500,nan,nan,0,45.883776255708796,0.005492233034638864,500,4.8536559295416,0.05267796117709121,500,45.61132853709999,3.180826134296276e-16,500,6.578947368420002,1.1928098003611036e-16,500,0.8484912280702653,0.016822704139184953,500,1.402701754386122,0.015601349023340191,500,0.1289706666666579,0.0025570510291561366,500,0.2132106666666674,0.002371405051547148,500
6,7,5,1.1666666666666667,1.0,3.0,0.524192709671076,0.0008347626383760332,500,1.7516349271429,0.0008766815376589082,500,17.4276107841812,0.07470103922162988,500,1.4289016406054802,0.0035556524633541626,500,0.8169231086286141,0.0013200271538766318,500,0.00963413129345988,0.0001595752782977779,500,134.9201271050624,1.2290935604747852,500,0.178465776594001,0.0016257851329031293,500,nan,nan,0,7.360235785585819,0.03937199057606979,500,5.3700941630157395,0.056384974919344494,500,4.95199280433,0.0,500,7.0793650793700005,3.976032667870345e-17,500,2.20084656084644,0.012834859627681421,500,4.0862275132275006,0.01916616419235566,500,0.31088191330346404,0.001812995866690497,500,0.5772025411061039,0.0027073281258266834,500
6,7,5,1.1666666666666667,2.0,3.0,0.501568479778512,0.0008701641590689249,500,1.7257586333546402,0.00037769333010479557,500,7.6929990774263795,0.047530779773402344,500,1.178480742061276,0.0030199030967798216,500,0.6912283116191741,0.001186203606037087,500,0.0343752559465674,0.0003555185614341274,500,54.897930644074,0.38319307772132677,500,0.0726163103757602,0.0005068691504251919,500,nan,nan,0,11.276689602794958,0.025736207460075555,500,5.26793066706224,0.05757660720713756,500,9.90398560866,0.0,500,7.0793650793700005,3.976032667870345e-17,500,1.36525396825434,0.009998612820673344,500,2.57680423280408,0.009085663652430562,500,0.19284977578475798,0.0014123601069556716,500,0.3639880418535199,0.0012834009195147483,500
6,7,5,1.1666666666666667,3.0,3.0,0.461206933537618,0.0008035750348282523,500,1.7212111934937997,0.00013600888665486651,500,3.4812321307104397,0.023878154298137992,500,0.841768696839036,0.002608992673350236,500,0.534168972116442,0.00101621049462338,500,0.0980641925522938,0.000638406191021408,500,20.7279505599896,0.16966075655993387,500,0.0274179240211508,0.0002244189901586327,500,nan,nan,0,15.8090178905524,0.01778073074892428,500,5.27879639691566,0.05513731619428159,500,14.855978413,0.0,500,7.0793650793700005,3.976032667870345e-17,500,0.946042328042392,0.013776327316531348,500,1.8633544973544,0.009823180214665037,500,0.1336337817638398,0.0019459834550255388,500,0.263209267563548,0.0013875792679902774,500
6,7,5,1.1666666666666667,4.0,3.0,0.437256703689802,0.0008086431429280779,500,1.7240240960932398,0.00011037717869066661,500,1.72804217468356,0.011249898567531138,500,0.605795186390712,0.003311401180673762,500,0.42331391799823004,0.0013712265539776417,500,0.174336297552902,0.001244338019616185,500,11.13566477148096,0.14120223637327758,500,0.0147297153061912,0.00018677544493811684,500,nan,nan,0,20.539256699753796,0.015052295719681207,500,5.27611708963454,0.0597420929948766,500,19.807971217300004,1.590413067148138e-16,500,7.0793650793700005,3.976032667870345e-17,500,0.8371058201057714,0.01590578862528989,500,1.5024021164023,0.011728562335195704,500,0.1182458893871432,0.0022467818013298586,500,0.2122227204783514,0.0016567251729076896,500
6,7,5,1.1666666666666667,5.0,3.0,0.426520079787066,0.000835655974214566,500,1.7271798406800198,0.00010255891852751828,500,0.9872045022809939,0.004814244099681797,500,0.480702084040552,0.0033519410677522923,500,0.36072676403543,0.001485258529465159,500,0.231455176395232,0.0017044730561327703,500,8.0908582313828,0.10878678226918281,500,0.01070219342775716,0.0001438978601445617,500,nan,nan,0,25.340877339216,0.01200002952805803,500,5.242575214401601,0.05822194151289554,500,24.7599640217,0.0,500,7.0793650793700005,3.976032667870345e-17,500,0.8589947089948187,0.01525206244112334,500,1.413862433862,0.01316057667939195,500,0.12133781763823279,0.0021544393134307897,500,0.19971599402095677,0.0018590052260128898,500
6,7,5,1.1666666666666667,6.0,3.0,0.41750479657084405,0.0008677867790275678,500,1.7292070194220401,7.481040583389132e-05,500,0.647565746754242,0.002649449200634513,500,0.400548557100378,0.0036734955218604847,500,0.31910665317535597,0.0016702253680821641,500,0.276838112937296,0.00219559271787323,500,6.5454482641279,0.0987000458896257,500,0.008658000349375621,0.00013055561625607923,500,nan,nan,0,30.210336927299004,0.009925711375273169,500,5.31143571132932,0.05840036767397826,500,29.711956826,0.0,500,7.0793650793700005,3.976032667870345e-17,500,0.814920634920524,0.015587822590295538,500,1.359031746032776,0.013996201334966069,500,0.11511210762328215,0.0022018673165670574,500,0.191970852017923,0.0019770418926081767,500
6,7,5,1.1666666666666667,7.0,3.0,0.415982639348608,0.0008951415571960224,500,1.73050028541942,5.3722501851934214e-05,500,0.45268775939143396,0.0014219514572564066,500,0.360938417916922,0.00377971189229346,500,0.296837252080342,0.0017258792055103527,500,0.300845672164128,0.002519882250671439,500,5.90910140907266,0.08575091405351605,500,0.00781627170512296,0.00011342713499147675,500,nan,nan,0,35.0863020538946,0.008558193706860073,500,5.27331868216236,0.0581588939744024,500,34.6639496303,0.0,500,7.0793650793700005,3.976032667870345e-17,500,0.8426137566136642,0.015741189114992064,500,1.377010582011468,0.014447027776586345,500,0.11902391629295653,0.0022235311978588785,500,0.1945104633781334,0.0020407236545410693,500
6,7,5,1.1666666666666667,8.0,3.0,0.414045775964776,0.0008558558285981401,500,1.7311086897507397,3.172966746202837e-05,500,0.33791009840871206,0.0007132226381233808,500,0.32623339498137,0.003672813321825211,500,0.277416521856578,0.0017072667262527487,500,0.32368620369711004,0.002656597070822743,500,5.31815101166348,0.07478818394077809,500,0.00703459128526932,9.892616923386995e-05,500,nan,nan,0,39.9965039322422,0.007502776307564509,500,5.358415252417619,0.056853137337465436,500,39.615942434699996,3.180826134296276e-16,500,7.0793650793700005,3.976032667870345e-17,500,0.8162857142856894,0.015409560052358325,500,1.363730158730994,0.014109800783670873,500,0.11530493273539931,0.0021766867338531572,500,0.19263452914796078,0.001993088451505491,500
6,7,5,1.1666666666666667,9.0,3.0,0.41189704039871594,0.0008442390406657785,500,1.7315173406121798,1.7438550606689872e-05,500,0.26342425536678604,0.00033610868949687436,500,0.30664517300071,0.0033097567289968556,500,0.266025681619484,0.001566952384817655,500,0.335326448480446,0.002516654265763419,500,5.00731848576178,0.06434736828945538,500,0.00662343715047856,8.511556652045738e-05,500,nan,nan,0,44.903233051884996,0.006549931083277023,500,5.3339151681281205,0.05609617996227554,500,44.567935239,0.0,500,7.0793650793700005,3.976032667870345e-17,500,0.8203915343914637,0.014557373878281144,500,1.36534391534483,0.013352669972543876,500,0.11588490284003058,0.0020563106599367385,500,0.192862481315364,0.0018861394804269961,500
6,7,5,1.1666666666666667,10.0,3.0,0.410770051625322,0.0007923458933417401,500,1.73175839308586,9.404741079399463e-06,500,0.21204825969729602,0.00016581572263784668,500,0.29688630040223996,0.00339806508291228,500,0.259215750323064,0.0016191572228491295,500,0.342849098733586,0.0027149501856218675,500,4.88818031778576,0.06288611810619824,500,0.0064658469811984,8.318269590765795e-05,500,nan,nan,0,49.8140305666174,0.005860976450734004,500,5.258942762601619,0.05618160625134248,500,49.5199280433,0.0,500,7.0793650793700005,3.976032667870345e-17,500,0.8232804232805294,0.015592760453178218,500,1.377619047619898,0.01409649577011942,500,0.1162929745889048,0.002202564817375064,500,0.19459641255604318,0.0019912090437619835,500
6,8,5,1.3333333333333333,1.0,3.0,0.526284657323708,0.0007143705603800465,500,2.260725653215,0.0008980656471551797,500,20.457074727752595,0.06979988384249572,500,1.6935346714955801,0.0037792665880885643,500,0.8326069085603759,0.0011540317646539285,500,0.00598624217848958,0.00010192872154187256,500,210.91607810619,1.8053300993609318,500,0.1816675952680378,0.0015549785524218897,500,nan,nan,0,7.76628310607532,0.04310857871223298,500,5.65679559948932,0.06106298229781008,500,5.232830786799999,3.976032667870345e-17,500,7.503875968990001,3.976032667870345e-17,500,2.36896813092186,0.010934495690309737,500,4.3705185185182795,0.01643882048112162,500,0.315699265381078,0.0014571796942664005,500,0.582434802571162,0.00219071058064661,500
6,8,5,1.3333333333333333,2.0,3.0,0.50408411627077,0.0007170854297193802,500,2.24817872571482,0.0005431069080011928,500,9.67110466938376,0.062134137480517694,500,1.41672143638754,0.0030170730467741188,500,0.7032115045933499,0.0010972944377321305,500,0.0256126944503818,0.00025052668960900124,500,76.7401556788474,0.5228652767479349,500,0.0660983253047794,0.0004503576888442397,500,nan,nan,0,11.970806602615399,0.029014925442675518,500,5.67076862081183,0.06382297782244964,500,10.465661573599998,7.95206533574069e-17,500,7.503875968990001,3.976032667870345e-17,500,1.40689405684759,0.008180759951720847,500,2.7058811369508002,0.008098699081373745,500,0.187488980716262,0.0010902045803423764,500,0.36059779614323806,0.0010792687825395698,500
6,8,5,1.3333333333333333,3.0,3.0,0.45949382764312796,0.0006358322427247301,500,2.2379865243242003,0.0003135173181506524,500,4.305222867813341,0.026514363601858004,500,0.983445231130614,0.002992637683944383,500,0.532891919243644,0.0008756582889584509,500,0.0858174331981204,0.0004939813550444436,500,23.852102772580597,0.12892329245031905,500,0.020544446832540204,0.00011104504087011982,500,nan,nan,0,16.7008412732066,0.019819424267902667,500,5.55323185363454,0.06060921182414726,500,15.6984923604,0.0,500,7.503875968990001,3.976032667870345e-17,500,0.993243755383298,0.012187340507377737,500,1.94001033591734,0.007465180456069553,500,0.13236409550045902,0.0016241393857980206,500,0.25853443526172204,0.0009948432632560372,500
6,8,5,1.3333333333333333,4.0,3.0,0.4278290283861,0.0005967890586921168,500,2.23619658703164,0.00011542166219146542,500,2.17317440831984,0.012279100910993128,500,0.674617929888446,0.0032159754956297363,500,0.406938247874206,0.0009985011960037759,500,0.16716032334108583,0.0009376147547940841,500,10.585161303607762,0.08362968063083003,500,0.00911727933127302,7.203245532373743e-05,500,nan,nan,0,21.7159639811572,0.015823957235411065,500,5.625571161680956,0.062363284645024594,500,20.931323147199997,1.590413067148138e-16,500,7.503875968990001,3.976032667870345e-17,500,0.8586770025841164,0.01422003558994997,500,1.55676141257538,0.00904667798433263,500,0.1144311294765758,0.0018950254040325375,500,0.207460973370062,0.0012056006817960107,500
6,8,5,1.3333333333333333,5.0,3.0,0.414594173282446,0.0006532540431641795,500,2.23726536201876,6.75405256630611e-05,500,1.25700150176244,0.005594833818295451,500,0.50510379125688,0.003402536230526679,500,0.333138733618462,0.001146780662571027,500,0.23687014051462799,0.0014795048721554923,500,6.8781896515013194,0.06483451366037539,500,0.00592436662489382,5.584368101669072e-05,500,nan,nan,0,26.7824603158672,0.012617039430827107,500,5.56186510413142,0.06141813888171065,500,26.16415393400001,3.180826134296276e-16,500,7.503875968990001,3.976032667870345e-17,500,0.8497536606375486,0.014085776590760036,500,1.412303186907888,0.011242934022645541,500,0.11324196510562314,0.0018771334506282162,500,0.1882098255280304,0.0014982835629372972,500
6,8,5,1.3333333333333333,6.0,3.0,0.4076439984364799,0.0006617375233803049,500,2.23813788239028,6.515237648494291e-05,500,0.824837122758716,0.0030354073800972275,500,0.401443050310624,0.0034924450770008777,500,0.285865535223646,0.0012538823314952004,500,0.293309852590486,0.0019637642970520273,500,5.30224766867184,0.0552522864988782,500,0.00456696612288694,4.759025538236061e-05,500,nan,nan,0,31.9572046303692,0.010424434871077429,500,5.81904001283192,0.058114621548483014,500,31.3969847208,0.0,500,7.503875968990001,3.976032667870345e-17,500,0.8113281653748158,0.013800495256052842,500,1.3349147286821998,0.011532221997934147,500,0.10812121212121437,0.0018391155868080764,500,0.1778966942149178,0.0015368353695653144,500
6,8,5,1.3333333333333333,7.0,3.0,0.40478594045523597,0.0006730151719205225,500,2.23810086833114,5.3519434771845466e-05,500,0.58049979063287,0.0017487634752345641,500,0.35416098639053,0.00399845484450031,500,0.26126660943984,0.0014928483648602023,500,0.326042964363636,0.0025534913048583735,500,4.74951607835676,0.05665433990495104,500,0.00409088378842094,4.879788105508872e-05,500,nan,nan,0,37.106715084210805,0.00929306248972709,500,5.769499010251759,0.06204425878181021,500,36.629815507600014,6.361652268592552e-16,500,7.503875968990001,3.976032667870345e-17,500,0.8381877691646118,0.015200182870454297,500,1.34040999138703,0.013583748680023378,500,0.11170064279156489,0.002025644204844459,500,0.1786290174472228,0.0018102309707939,500
6,8,5,1.3333333333333333,8.0,3.0,0.404740031113904,0.000633072097212093,500,2.23796640353026,2.8746124834855732e-05,500,0.43342050805134197,0.0007691113852055859,500,0.321997111820084,0.0037655249780827074,500,0.24496286122775598,0.001420685272755199,500,0.347300332008514,0.002586543750182111,500,4.4089817178834805,0.048988213806039,500,0.00379757253908988,4.2194843932849896e-05,500,nan,nan,0,42.273749726244596,0.008110748053644614,500,5.71798138934062,0.062131096605948025,500,41.862646294399994,3.180826134296276e-16,500,7.503875968990001,3.976032667870345e-17,500,0.850453057708748,0.014497212447808496,500,1.3595452196385758,0.012545722355574841,500,0.11333516988062747,0.001931963229099888,500,0.1811790633608944,0.0016718989502832497,500
6,8,5,1.3333333333333333,9.0,3.0,0.40303789942646406,0.0006669983551982901,500,2.2379729234181,1.2078633619184473e-05,500,0.33920761525995397,0.00036393386678537263,500,0.29968094496279,0.0037124321311671356,500,0.232855212238532,0.0014234080527418369,500,0.364280705853296,0.002703042065901851,500,4.1798871434307,0.04560590443345008,500,0.0036002473242295403,3.928157143276722e-05,500,nan,nan,0,47.4621347530478,0.007098883726585655,500,5.73359217651946,0.06041508463376621,500,47.095477081199995,3.180826134296276e-16,500,7.503875968990001,3.976032667870345e-17,500,0.839786391042259,0.014403677949762758,500,1.352268733850586,0.012467049202762374,500,0.11191368227733933,0.001919498404463631,500,0.1802093663912,0.001661414614836789,500
6,8,5,1.3333333333333333,10.0,3.0,0.402735401259874,0.0006345881958206033,500,2.23813226046038,4.683065098072382e-06,500,0.274203362625336,0.00020294718241653032,500,0.28555748190419,0.003554984786992283,500,0.22451433801438203,0.0013949712662886795,500,0.374938570043642,0.002724042717578449,500,4.0361690557798795,0.043007399244178394,500,0.00347645913503856,3.7043410201696284e-05,500,nan,nan,0,52.6575716752484,0.006906065865669082,500,5.69478382339998,0.06581212689714994,500,52.32830786800002,6.361652268592552e-16,500,7.503875968990001,3.976032667870345e-17,500,0.8671145564168512,0.014641254768361058,500,1.3642583979333198,0.012559170845280007,500,0.11555555555555926,0.0019511589515702364,500,0.1818071625344366,0.0016736911560399437,500
6,9,5,1.5,1.0,3.0,0.527937519699238,0.0005203982141083192,500,2.79673812589476,0.0008443788729256667,500,22.8313620864978,0.0667160182581604,500,1.9340964809637802,0.0036885981980286963,500,0.845892085033812,0.001007496075172073,500,0.00389668212965478,6.385933975810831e-05,500,313.516673648044,2.5443334177881614,500,0.1881852783001554,0.001527210935046432,500,nan,nan,0,8.23426893423018,0.046438971273627366,500,6.034289512749,0.06535448693527215,500,5.50775218521,0.0,500,7.858343337329999,3.976032667870345e-17,500,2.53831452581026,0.010454686567489588,500,4.65581512605054,0.014815173942087543,500,0.323008860372722,0.0013303932035926855,500,0.592467766575028,0.0018852795438073812,500
6,9,5,1.5,2.0,3.0,0.5092566302823619,0.0005948606765626473,500,2.8020233066943603,0.0003590754791588859,500,11.49387973367984,0.07073294277035987,500,1.67099443438278,0.0029182017492452596,500,0.72212771792693,0.0008991021847984658,500,0.0180595414462708,0.00015663509223144974,500,107.53268549245621,0.6909349523513869,500,0.0645454294672506,0.00041472686215545936,500,nan,nan,0,12.597076355377599,0.029983748697854487,500,5.9755003914337195,0.06467127929378899,500,11.015504370399999,7.95206533574069e-17,500,7.858343337329999,3.976032667870345e-17,500,1.4810612244898202,0.006510858006387624,500,2.84070348139256,0.007116193649114139,500,0.18846990528566399,0.0008285280658935963,500,0.361488848151506,0.0009055590146199344,500
6,9,5,1.5,3.0,3.0,0.459241560649692,0.0005614931543532721,500,2.8002066661710394,0.00024884429800217563,500,5.136481812783341,0.031776558344639695,500,1.1366702118300682,0.002992895790377326,500,0.5405275261563061,0.0008267564047435235,500,0.07371709395190959,0.00040139067228981546,500,29.5219753875876,0.17434732690679305,500,0.0177202733418892,0.00010465025624663698,500,nan,nan,0,17.6250862343612,0.02094606030953653,500,5.987458422806579,0.0632285859208908,500,16.523256555599996,1.590413067148138e-16,500,7.858343337329999,3.976032667870345e-17,500,1.021903961584606,0.010526666811588934,500,2.0187731092437997,0.006159953999443476,500,0.13004063550258838,0.0013395529260697594,500,0.25689550870760397,0.0007838743784804895,500
6,9,5,1.5,4.0,3.0,0.42542904195792,0.0005066508325712622,500,2.7994095518676,0.00019409827049505238,500,2.5752651230721,0.014061310125559891,500,0.7596952664986739,0.0031817332798294903,500,0.40853645700960595,0.0009175859625675037,500,0.151091990737576,0.0008485084893570875,500,11.911050541049498,0.08704811186962737,500,0.00714949012067866,5.224976702861412e-05,500,nan,nan,0,22.8757597436126,0.016745800097281154,500,6.00387400912758,0.06375782525271956,500,22.031008740799997,1.590413067148138e-16,500,7.858343337329999,3.976032667870345e-17,500,0.8759735894357487,0.012148127544734516,500,1.59208643457332,0.007132152379324404,500,0.1114705163458834,0.00154588912996696,500,0.202598227925456,0.0009075898154596614,500
6,9,5,1.5,5.0,3.0,0.4116911063145132,0.0005998880288155164,378,2.798761516156825,0.00016685133369865162,378,1.4823412343364815,0.007288512376966492,378,0.560085415470828,0.0041499464460644855,378,0.3328165954944391,0.0012750017980546898,378,0.21626457028742596,0.001638471769509543,378,7.412987812901852,0.08099495431651564,378,0.004449572516747672,4.861641915755701e-05,378,nan,nan,0,28.21470972441931,0.016593985545606205,378,5.950752658645742,0.07943509340190386,378,27.538760926000005,3.659481270010223e-16,378,7.858343337329999,4.574351587512779e-17,378,0.8615763765823966,0.01568674920811451,378,1.409239886430013,0.010789349731608585,378,0.10963842372338953,0.0019961903590531437,378,0.17933040412417722,0.0013729801904149366,378
6,9,5,1.5,6.0,3.0,0.40534339739197134,0.0006685385967699909,348,2.798454526360632,0.00010408959747374732,348,0.9596162980393506,0.003903881557862064,348,0.44897107648408907,0.004254999855789523,348,0.2879218373582184,0.0013829178190993376,348,0.2636326042235517,0.002138672593913526,348,5.722043285642874,0.06949709186600111,348,0.003434599811310258,4.1714941096078474e-05,348,nan,nan,0,33.60427471907672,0.013328675053118749,348,5.931853705609855,0.07686224045432696,348,33.0465131112,0.0,348,7.85834333733,0.0,348,0.8689475790314598,0.01655070332909093,348,1.3657462985204971,0.01196566921417926,348,0.11057643344536668,0.0021061313585611255,348,0.1737957022099681,0.0015226707081218186,348
6,9,5,1.5,7.0,3.0,0.40048952537902516,0.000557296046322153,436,2.7986157680200914,7.296305401815455e-05,436,0.6762511291461146,0.0019075153456827977,436,0.38506717834122245,0.0038147998925965303,436,0.2609618171871881,0.001276256393247126,436,0.2949246707257477,0.00216805157135075,436,4.963368635339335,0.053837137456619354,436,0.0029792128663503666,3.2315208557389144e-05,436,nan,nan,0,39.030767983824774,0.01014248703157579,436,5.910875461991215,0.06907894200960087,436,38.554265296400004,3.406791659339945e-16,436,7.858343337329998,8.516979148349862e-17,436,0.8696460235468717,0.013366428044909826,436,1.365328700287876,0.011135074324645503,436,0.1106653128039688,0.001700921870060598,436,0.17374256146341813,0.0014169747803868427,436
6,9,5,1.5,8.0,3.0,0.39984980283015786,0.0006777945068717068,323,2.798806516672167,7.97252774498419e-05,323,0.5081586126643252,0.0012462038175292851,323,0.3461558911097554,0.004914644547649135,323,0.2425159114941424,0.001633974071100428,323,0.3188696507366006,0.0029611257552180407,323,4.535921271413436,0.06284068487471706,323,0.0027226418195757276,3.771949872432017e-05,323,nan,nan,0,44.48114478040155,0.010259176970372357,323,5.920446533230711,0.08062373303959504,323,44.06201748170002,7.919399714855797e-16,323,7.858343337330001,4.949624821784873e-17,323,0.8791305996080919,0.01784867325524924,323,1.3590625104534304,0.01370938106938984,323,0.11187225625936965,0.0022713022947798015,323,0.17294516822600092,0.001744563768832586,323
6,9,5,1.5,9.0,3.0,0.3999658407461927,0.0007078231489136779,327,2.7988899610456572,7.680791484331421e-05,327,0.39681623223251683,0.0005634974120515133,327,0.3205318528407278,0.004738269849091811,327,0.2299340011565902,0.001624691413410923,327,0.33523592495268806,0.003090899775793825,327,4.273449285169909,0.05728431336591752,327,0.0025650956093457794,3.438434175625403e-05,327,nan,nan,0,49.947552664840366,0.009783614761447831,327,5.937345495289603,0.08535536115214722,327,49.56976966690001,3.9353322422763267e-16,327,7.858343337329999,4.9191653028454083e-17,327,0.8789901281611657,0.01712478722457467,327,1.3565316034672112,0.013556482719986083,327,0.11185438080636391,0.0021791854198103906,327,0.17262310199941927,0.0017251069516850954,327
6,9,5,1.5,10.0,3.0,0.3990069860237664,0.0006920406766579781,321,2.7987226429238943,7.223240554263669e-05,321,0.3211081472287757,0.0002733963529957867,321,0.28754202865187223,0.004072235122893991,321,0.2156410485113022,0.001444881552836847,321,0.35686967550043613,0.00298053603130504,321,3.9080831620649534,0.045796575743189204,321,0.0023457882125240497,2.7488941022313073e-05,321,nan,nan,0,55.42043858011744,0.00776190838518674,321,6.0171844318439875,0.07298051262336092,321,55.0775218521,0.0,321,7.85834333733,0.0,321,0.8218427557936978,0.01675005636379165,321,1.3251506209963364,0.013038270061348656,321,0.10458218997500188,0.0021314996869918655,321,0.1686297689107517,0.001659162688830432,321
6,3,5,0.5,1.0,4.0,0.483331869450054,0.002957489812829752,500,0.24240166966409005,0.0007713529589599604,500,2.13837520073826,0.015422014352246953,500,0.376683757114816,0.0028640933424778896,500,0.680606735842656,0.0035273227681312247,500,0.1187066448409838,0.0021181956083608225,500,11.01514695773318,0.16353574987305527,500,0.1966990528166358,0.002920281247732316,500,nan,nan,0,4.42444529149552,0.041618834596992095,500,4.02969510716895,0.04662393643773243,500,1.7654696590100007,2.982024500902759e-17,500,4.5,0.0,500,1.15878571428594,0.019341478423750672,500,2.2312142857141515,0.029454630582833614,500,0.2575079365078736,0.004298106316381485,500,0.495825396825408,0.006545473462853143,500
6,3,5,0.5,2.0,4.0,0.48957546024562,0.0029806378292426645,500,0.23914848140674602,0.0004545577672789187,500,1.5195780037727258,0.013004536260823934,500,0.35278101127875594,0.002106473434821803,500,0.633012809948178,0.002872576034511142,500,0.14957408187914037,0.0019367223697773041,500,8.78404563106798,0.10066798631575061,500,0.156857957697673,0.001797642612780347,500,nan,nan,0,5.3968158200807,0.03137800433545332,500,4.026664388321921,0.04329530955828406,500,3.5309393180200015,5.964049001805518e-17,500,4.5,0.0,500,0.900000000000032,0.015758273286309837,500,1.735714285714726,0.016631730318777634,500,0.1999999999999788,0.0035018385080650832,500,0.385714285714108,0.0036959400708403757,500
6,3,5,0.5,3.0,4.0,0.482804531463206,0.0028576242503611077,500,0.236832749178098,0.0004022202183753555,500,0.8829888667855421,0.007693621088246252,500,0.313825357809756,0.001825549868480114,500,0.5659491970025661,0.002405682034719903,500,0.199914909266534,0.0020795681418210804,500,6.6377607668604,0.060729201706728554,500,0.1185314422653552,0.0010844500304762227,500,nan,nan,0,6.7193499665102605,0.024721389286269622,500,4.0650058542580805,0.04195631190865604,500,5.296408977029999,3.976032667870345e-17,500,4.5,0.0,500,0.7259285714287558,0.016577521844418783,500,1.402714285713768,0.016711138709456903,500,0.16131746031748026,0.0036838937431989366,500,0.3117142857142182,0.003713586379877404,500
6,3,5,0.5,4.0,4.0,0.463215289288898,0.002880252885876239,500,0.242313911903404,0.00043077929691799746,500,0.536207639346068,0.005217208778339115,500,0.27817172554453395,0.001993069065712703,500,0.501391303206438,0.0023726815518904376,500,0.25175293931984205,0.0025909156885823305,500,5.146531550841621,0.051450605405933464,500,0.0919023491221688,0.000918760810819994,500,nan,nan,0,8.182198243275659,0.02126316750392816,500,4.038364194661541,0.04466445546183466,500,7.061878636040003,1.1928098003611036e-16,500,4.5,0.0,500,0.6412857142859874,0.018622865850071668,500,1.2371428571427046,0.019507766212972254,500,0.14250793650795265,0.004138414633342028,500,0.2749206349206008,0.004335059158435345,500
6,3,5,0.5,5.0,4.0,0.45176827545117204,0.002687055665281561,500,0.249978388657432,0.0003671140029893743,500,0.33692458506456396,0.004383886238983769,500,0.238022552063448,0.0019392071791089216,500,0.43758178857842,0.0023657135057450433,500,0.30925774155028,0.00301408670000883,500,4.06352086406102,0.042900881755936524,500,0.0725628725725212,0.0007660871742131669,500,nan,nan,0,9.765063227547941,0.01850801762719852,500,4.071948754387814,0.0453122338367811,500,8.82734829505,0.0,500,4.5,0.0,500,0.5737142857144568,0.016867654556426945,500,1.0889285714286625,0.021333522140174012,500,0.12749206349209288,0.0037483676792004804,500,0.24198412698410826,0.004740782697812567,500
6,3,5,0.5,6.0,4.0,0.440287506631538,0.0028754893752046666,500,0.25621432977027997,0.00020105256469160398,500,0.20743012175691,0.003252548181191574,500,0.216522584227918,0.0020790629972859934,500,0.401648208208086,0.0025971221531585027,500,0.33988902264188,0.003431873266976383,500,3.6494369107862004,0.04439985041133537,500,0.0651685162640414,0.0007928544716315884,500,nan,nan,0,11.3893201741332,0.014793425700654698,500,4.08914456068782,0.042396223870372195,500,10.592817954099997,7.95206533574069e-17,500,4.5,0.0,500,0.5954285714286942,0.018060565925601235,500,1.0782857142858362,0.020933000345292076,500,0.1323174603174806,0.004013459094573249,500,0.23961904761904462,0.004651777854505063,500
6,3,5,0.5,7.0,4.0,0.44353634409562,0.002717998366680503,500,0.25894087228595003,7.903662038408425e-05,500,0.1308284906139788,0.002260408904383251,500,0.1959148917256964,0.0022537620823487644,500,0.37267852512563004,0.002859805987150207,500,0.36809529857495205,0.0039028395676728367,500,3.3491387436896605,0.04395529500862821,500,0.0598060489944586,0.0007849159822971188,500,nan,nan,0,13.0685104356618,0.013392203775703422,500,4.14885229034578,0.04329173909925464,500,12.358287613100002,7.95206533574069e-17,500,4.5,0.0,500,0.5562857142859585,0.01804837654627116,500,1.0700714285715085,0.02157411660912039,500,0.123619047619068,0.004010750343608965,500,0.23779365079363785,0.00479424813535622,500
6,3,5,0.5,8.0,4.0,0.43110837195888,0.0027459738025558834,500,0.260019086542154,2.835686781730673e-05,500,0.08447855737308359,0.000737439966526973,500,0.19654643589640058,0.002533339118717031,500,0.369923911830744,0.003230671572580723,500,0.36532742459409995,0.004252687398227823,500,3.4190435779148203,0.0504173052721536,500,0.061054349605622,0.0009003090227170029,500,nan,nan,0,14.718177730306602,0.012179987163240395,500,4.02030269199038,0.0459901134422015,500,14.123757272099995,2.3856196007222073e-16,500,4.5,0.0,500,0.6596428571430454,0.018698686139939254,500,1.1507857142858207,0.0221694563786035,500,0.14658730158730554,0.004155263586647907,500,0.255730158730139,0.004926545861908526,500
6,3,5,0.5,9.0,4.0,0.429934806841278,0.0028842295052770974,500,0.26049277479761807,1.0393964034718048e-05,500,0.0632600808177432,0.00023135994407124684,500,0.18424209403144498,0.0023765999394929137,500,0.35408800211937,0.0030508887279672484,500,0.38214415595853995,0.004242090181579039,500,3.22418687950256,0.04292564775716591,500,0.0575747657054038,0.0007665294242350872,500,nan,nan,0,16.419774932011197,0.010220385244760809,500,4.0385659103399805,0.042079832020292196,500,15.889226931100003,1.590413067148138e-16,500,4.5,0.0,500,0.6077857142859768,0.018559042258945606,500,1.0869285714287023,0.02140503789328178,500,0.13506349206350976,0.004124231613092466,500,0.24153968253965463,0.004756675087391609,500
6,3,5,0.5,10.0,4.0,0.431302413115552,0.00267416970563067,500,0.260806962535472,6.701993236817131e-06,500,0.0499525086231786,0.00013485301341997468,500,0.18335094790022283,0.00228433637234407,500,0.350519703701432,0.0029412487154502815,500,0.383062679028552,0.0040198496595861815,500,3.20150262096386,0.04179893426851224,500,0.057169689660067,0.000746409540509082,500,nan,nan,0,18.140499879449397,0.00937116751223158,500,4.06282302699576,0.04309459257605097,500,17.6546965901,0.0,500,4.5,0.0,500,0.5683571428572247,0.016335748613199086,500,1.0948571428573275,0.019968999736402517,500,0.126301587301611,0.0036301663584850023,500,0.24330158730156545,0.004437555496973767,500
6,4,5,0.6666666666666666,1.0,4.0,0.49200087827545,0.0021323589395878624,500,0.498032763797288,0.0010673984140524922,500,4.94742125970872,0.031065579888959746,500,0.5680901309895859,0.0038387275090871627,500,0.7068670222545299,0.0032133612513855336,500,0.06768079392343161,0.0013935251686388952,500,20.4769258365723,0.3175824724081255,500,0.1625152844172346,0.0025204958127631786,500,nan,nan,0,5.69032772552228,0.04654234588487908,500,4.9429748739493204,0.05455046140245735,500,2.7464262493000002,1.9880163339351726e-17,500,5.333333333330001,3.976032667870345e-17,500,1.37990476190443,0.017637833153475967,500,2.6394285714286596,0.02663530951359499,500,0.2587321428571346,0.003307093716276481,500,0.4948928571428539,0.004994120533799877,500
6,4,5,0.6666666666666666,2.0,4.0,0.490154614045292,0.0021355560661380805,500,0.48560149753150594,0.0006058056160596057,500,2.9020214382929397,0.01823614152058608,500,0.5179289423023741,0.002759956113935566,500,0.646913407404094,0.0025080618507653113,500,0.0977234991167078,0.0013061569840419358,500,14.515017268269839,0.1735438321657995,500,0.115198549748181,0.0013773320013152359,500,nan,nan,0,7.41260704665738,0.0336297232543656,500,4.8971908420479195,0.052151788216712215,500,5.4928524986000005,3.976032667870345e-17,500,5.333333333330001,3.976032667870345e-17,500,1.02571428571548,0.013236438973053249,500,1.9867301587300599,0.015147211504814196,500,0.19232142857145781,0.0024818323074401742,500,0.37251190476184803,0.0028401021571484884,500
6,4,5,0.6666666666666666,3.0,4.0,0.475787527867468,0.0018407343805422827,500,0.475483437367316,0.0005053979239071294,500,1.6214169261489741,0.015560504483760722,500,0.440933795190806,0.0018676667802022128,500,0.562624344471564,0.0018987765637021759,500,0.1505144734895108,0.0012460871533530825,500,9.741034407303799,0.10170193617720387,500,0.0773097968833706,0.00080715822362941,500,nan,nan,0,9.623530310614559,0.02591297339645252,500,4.86664728377748,0.052539424682412565,500,8.239278747909998,7.95206533574069e-17,500,5.333333333330001,3.976032667870345e-17,500,0.8114920634921055,0.016244727159976567,500,1.53749206349212,0.01376047646379712,500,0.15215476190479896,0.0030458863424952386,500,0.288279761904758,0.002580089336963222,500
6,4,5,0.6666666666666666,4.0,4.0,0.46278658170910203,0.001791680110643819,500,0.470641996606256,0.00033849318048142076,500,0.8659602666923241,0.009964939639334683,500,0.35870168644542,0.001685960558264393,500,0.481739549967768,0.0018007951814659957,500,0.220315624181322,0.0014883043511053785,500,7.05025907117222,0.0839776696817693,500,0.05595443707279701,0.000666489441919233,500,nan,nan,0,12.092355201644201,0.020745050277027274,500,4.943704870996521,0.05131283252085895,500,10.985704997200001,7.95206533574069e-17,500,5.333333333330001,3.976032667870345e-17,500,0.6443492063492221,0.01751954437935248,500,1.2687936507943058,0.016945086216206988,500,0.12081547619047049,0.0032849145711272335,500,0.2378988095238256,0.0031772036655396637,500
6,4,5,0.6666666666666666,5.0,4.0,0.453540411610328,0.0019771830467620725,500,0.466617602969842,0.00027584518018581325,500,0.46805895612119003,0.005446113726138965,500,0.304271636226012,0.0019278147584781435,500,0.42789630336450196,0.002145158969876787,500,0.279975185471628,0.0018922425001003658,500,6.0191190625813995,0.09421407622851281,500,0.0477707862109618,0.0007477307637183451,500,nan,nan,0,14.6072281601508,0.017680193843347212,500,4.84212300456112,0.055000688607416706,500,13.732131246499998,7.95206533574069e-17,500,5.333333333330001,3.976032667870345e-17,500,0.6366666666667402,0.017813872071926154,500,1.169301587300252,0.019501728691113517,500,0.1193749999999938,0.003340101013483782,500,0.21924404761903163,0.0036565741295943198,500
6,4,5,0.6666666666666666,6.0,4.0,0.446734796036854,0.0019115770542213694,500,0.46374591534166004,0.00028384959268196674,500,0.285130065912694,0.002706688890632265,500,0.267167159684812,0.0021335933015391856,500,0.38893125341957,0.002364103909654433,500,0.32898288972331197,0.002330677091057638,500,5.319479893604179,0.08805364177928929,500,0.0422180943936864,0.000698838426819853,500,nan,nan,0,17.2258080139712,0.014974118560976267,500,4.885723215940759,0.0534801133165741,500,16.478557495800004,1.590413067148138e-16,500,5.333333333330001,3.976032667870345e-17,500,0.6082539682540439,0.01720459806051519,500,1.1085079365069124,0.0194706694488328,500,0.1140476190476086,0.0032258621363432673,500,0.2078452380952072,0.003650750521665346,500
6,4,5,0.6666666666666666,7.0,4.0,0.44218003993062804,0.002023321842911796,500,0.461035048418488,0.00023807951410791112,500,0.18778201320412,0.0014777679081394194,500,0.247221546465954,0.0024468453773157806,500,0.36772524902239606,0.002647493052643807,500,0.35867689390857205,0.0027582088670253997,500,5.109082478911259,0.09441154149187898,500,0.0405482736421576,0.0007492979483486665,500,nan,nan,0,19.86247315267,0.012698658447020237,500,4.84988263287322,0.054404130441430096,500,19.224983745099998,1.590413067148138e-16,500,5.333333333330001,3.976032667870345e-17,500,0.605460317460335,0.017663601656662177,500,1.1302857142848148,0.02053600925351984,500,0.11352380952380599,0.0033119253106220145,500,0.2119285714285466,0.0038505017350430053,500
6,4,5,0.6666666666666666,8.0,4.0,0.43672603974695,0.0018757154252149106,500,0.4591604646878141,0.00020778734326654447,500,0.136103339854338,0.0008873645105813249,500,0.23162526784456,0.0024301726453723822,500,0.34828793814357206,0.0026675740479393953,500,0.381837057754158,0.002959451577937635,500,4.75795673031836,0.08553846690448928,500,0.037761561351735404,0.0006788767214644213,500,nan,nan,0,22.562981279975997,0.01124114366011465,500,5.0029257135985485,0.052570340205470946,500,21.971409994400002,1.590413067148138e-16,500,5.333333333330001,3.976032667870345e-17,500,0.611682539682605,0.01738686635764825,500,1.1019682539675146,0.01980923996748515,500,0.11469047619047021,0.0032600374420566525,500,0.2066190476190014,0.003714232493909986,500
6,4,5,0.6666666666666666,9.0,4.0,0.434012490996666,0.0020105578911998596,500,0.45714304034566206,0.00016276245551169694,500,0.1020084165240468,0.0005141006472434855,500,0.2239216624267662,0.0024771923748410163,500,0.339683432453394,0.002704421334542225,500,0.395338495816794,0.003021810161368012,500,4.690232426607979,0.08650987675237043,500,0.0372240668778446,0.0006865863234316406,500,nan,nan,0,25.2271448960512,0.009921151614959189,500,4.913141022924741,0.051966779104958075,500,24.717836243699995,1.590413067148138e-16,500,5.333333333330001,3.976032667870345e-17,500,0.5639365079365967,0.017228171812784254,500,1.0811428571419104,0.020584814116018747,500,0.10573809523810078,0.0032302822148947397,500,0.2027142857142462,0.0038596526467620704,500
6,4,5,0.6666666666666666,10.0,4.0,0.432716402515932,0.0019231480864272258,500,0.45606651721109803,0.00012218258427105507,500,0.0797758203876592,0.0002442808001146048,500,0.22257113573772222,0.002599465937857835,500,0.336014240911784,0.002832212251702487,500,0.40017094660007596,0.003183045732469995,500,4.7286083838478,0.08598345204143196,500,0.0375286379670452,0.0006824083495352671,500,nan,nan,0,27.9244159926078,0.009277478949165198,500,4.91090464284486,0.0532182628621351,500,27.464262492999996,1.590413067148138e-16,500,5.333333333330001,3.976032667870345e-17,500,0.6078730158731221,0.017184142068590473,500,1.1347301587291905,0.02000693451349022,500,0.1139761904761776,0.003222026637857203,500,0.212761904761849,0.0037513002212880334,500
6,5,5,0.8333333333333334,1.0,4.0,0.492799513687714,0.001723156748479502,500,0.846470012138386,0.001223222770041778,500,9.275300938256759,0.054547013424135135,500,0.789976167336642,0.005141763557974786,500,0.7244735808525841,0.0031181912535232616,500,0.0432134481256778,0.0010687529119078184,500,35.71158526062127,0.5966958832944046,500,0.1417126399231364,0.0023678408067235195,500,nan,nan,0,7.08563995554806,0.0505711292331552,500,5.8745593164114,0.06245474026342643,500,3.87628841011,0.0,500,6.0,0.0,500,1.5883650793652397,0.01686783037239474,500,2.999365079365134,0.026707285813994328,500,0.2647275132275198,0.002811305062067698,500,0.499894179894204,0.004451214302332877,500
6,5,5,0.8333333333333334,2.0,4.0,0.48473959805682204,0.001487791539238203,500,0.8335695701782619,0.0005525054194,500,4.7010167940442,0.03385498406922546,500,0.6890392666591799,0.0035293589217281858,500,0.640974278124716,0.0023322517404733276,500,0.078037322460978,0.0011051242030596005,500,21.50945484924644,0.2560840896942052,500,0.0853549795605086,0.0010162067051360934,500,nan,nan,0,9.75220923588056,0.03529265623299366,500,5.814275935810939,0.06037413727836543,500,7.75257682022,0.0,500,6.0,0.0,500,1.116857142857182,0.011798091856296346,500,2.13498412698402,0.013360033976332028,500,0.18614285714285442,0.0019663486427155107,500,0.355830687830668,0.0022266723293852034,500
6,5,5,0.8333333333333334,3.0,4.0,0.46994328940337604,0.0013189304783298576,500,0.8245195931491119,0.00033585036691697543,500,2.35061200558702,0.018316108158348866,500,0.5582292556256501,0.0029288515386138485,500,0.5360676261106939,0.0017707138739347327,500,0.1370974262220496,0.001349453987399852,500,12.10095850992504,0.1063455712775663,500,0.04801967662668579,0.00042200623522823473,500,nan,nan,0,12.9822017678134,0.0264641280117216,500,5.63208972097596,0.06228926404862762,500,11.628865230299999,7.95206533574069e-17,500,6.0,0.0,500,0.8503174603174967,0.014965451370072772,500,1.631222222222086,0.011989070911518813,500,0.14171957671955793,0.002494241895011104,500,0.271870370370394,0.001998178485255797,500
6,5,5,0.8333333333333334,4.0,4.0,0.443739238690894,0.001397413476367669,500,0.82365473840284,0.00017587854171760952,500,1.3103608913108642,0.01156651337676278,500,0.43428446344175997,0.0028750999349973234,500,0.438189647018732,0.001728859044158823,500,0.211943783875581,0.0018841306325613526,500,7.269535014572081,0.07169686428144215,500,0.0288473611689394,0.0002845113661961173,500,nan,nan,0,16.613937929233202,0.020923128228595128,500,5.8273667033756915,0.06127228688857529,500,15.505153640400001,7.95206533574069e-17,500,6.0,0.0,500,0.6799841269841814,0.016200857450310795,500,1.3134920634918736,0.01433247745908419,500,0.11333068783066223,0.0027001429083832644,500,0.21891534391529122,0.0023887462431810653,500
6,5,5,0.8333333333333334,5.0,4.0,0.43065173995758593,0.0013823723999172952,500,0.8274872651421159,0.0001671351307268516,500,0.7456192245106099,0.006342024469936369,500,0.354388975888962,0.0031465933521852116,500,0.37446184920505005,0.0019762167472713037,500,0.2694767580220498,0.0025686898704261694,500,5.28067081549702,0.06421027390402727,500,0.0209550429186396,0.0002548026742222808,500,nan,nan,0,20.2533390732674,0.016830329795085607,500,5.7325452168393,0.060669605837169197,500,19.381442050600008,3.180826134296276e-16,500,6.0,0.0,500,0.6277619047619153,0.017127084950609824,500,1.1740793650798542,0.017705203198438355,500,0.10462698412696272,0.0028545141584336666,500,0.19567989417986018,0.0029508671997360582,500
6,5,5,0.8333333333333334,6.0,4.0,0.423748529241178,0.001372430796699813,500,0.8309706112495139,0.0001518251267744033,500,0.478179549624076,0.003984036204092153,500,0.29670099236532804,0.0031132489749074723,500,0.329500060846612,0.0020871343183146303,500,0.316911079425442,0.00312674968255971,500,4.2694184129787995,0.054959925900029453,500,0.016942136559439925,0.00021809494404774268,500,nan,nan,0,24.01535006177,0.01452982824483,500,5.8327303004208,0.0616996488818238,500,23.257730460699996,1.590413067148138e-16,500,6.0,0.0,500,0.597142857142912,0.01619699273892253,500,1.1026507936511118,0.018122688131230653,500,0.09952380952379956,0.0026994987898189336,500,0.1837751322751268,0.0030204480218699314,500
6,5,5,0.8333333333333334,7.0,4.0,0.42039935400567197,0.0014062859844266502,500,0.832897877627654,0.00014226577480172848,500,0.31461128546711803,0.0025644900370030746,500,0.270683947859698,0.0033052858964449194,500,0.307611555428538,0.002250455576452835,500,0.337083435895796,0.0036226669610268424,500,3.91075661314576,0.05278713878138844,500,0.015518875448988981,0.0002094727729419999,500,nan,nan,0,27.7661980449682,0.012311170239338396,500,5.739069434928661,0.060814226549689626,500,27.134018870799995,1.590413067148138e-16,500,6.0,0.0,500,0.6454761904761835,0.016116281308549113,500,1.1412698412703721,0.018656628455482938,500,0.10757936507935073,0.002686046884757926,500,0.1902116402116046,0.003109438075910507,500
6,5,5,0.8333333333333334,8.0,4.0,0.41786519346557,0.0014541361516737083,500,0.8339192991675479,0.00014094370694655778,500,0.22218368885739398,0.0013885135674348607,500,0.24773455889319201,0.003560126619415817,500,0.289353774935478,0.002467777001908874,500,0.35733577841283204,0.004105957346966371,500,3.65013126469406,0.054139128220129194,500,0.0144846478757716,0.0002148378103974755,500,nan,nan,0,31.574803070037603,0.011488008150050842,500,5.773590316728339,0.06425995088165569,500,31.010307280900005,1.590413067148138e-16,500,6.0,0.0,500,0.6286349206349475,0.01660212996083995,500,1.121285714286124,0.01860586415632329,500,0.10477248677247256,0.002767021660138708,500,0.1868809523809262,0.0031009773593838373,500
6,5,5,0.8333333333333334,9.0,4.0,0.414849891648948,0.0013372196824187612,500,0.834266979051442,0.0001348127733408296,500,0.16727450315509798,0.0008180710505649267,500,0.23985362859361442,0.0035505895570301284,500,0.281753237345824,0.0024885586907585273,500,0.361578477690472,0.004162856795951694,500,3.56675106763038,0.05271411641326718,500,0.01415377407790062,0.00020918300163997138,500,nan,nan,0,35.37810733810801,0.010234331234268142,500,5.6981923096161,0.0651618971693297,500,34.88659569100001,6.361652268592552e-16,500,6.0,0.0,500,0.6423492063493431,0.01704823289768276,500,1.141523809524394,0.018812082755458173,500,0.10705820105819062,0.0028413721496123655,500,0.19025396825394464,0.0031353471259057152,500
6,5,5,0.8333333333333334,10.0,4.0,0.41578096606843,0.0013909887581423624,500,0.834390789618624,0.00012409419265662752,500,0.132347351098746,0.0004632568243098491,500,0.21820838827111239,0.003050301497786943,500,0.26547109979612804,0.0022131643879970122,500,0.38151228971777196,0.0039393878099808904,500,3.2880607476007198,0.04341790733307311,500,0.01304786010952628,0.00017229328306771056,500,nan,nan,0,39.2382012511868,0.00916862972775874,500,5.936142699772882,0.061370638215019195,500,38.7628841011,0.0,500,6.0,0.0,500,0.6074126984127042,0.014942273666643505,500,1.09336507936549,0.016847509148436007,500,0.10123544973544421,0.002490378944440236,500,0.182227513227483,0.002807918191403173,500
6,6,5,1.0,1.0,4.0,0.500987107716252,0.001493324684182386,500,1.2680685393753401,0.0014384100819796726,500,14.142944142357399,0.07555914629010016,500,1.0488913568772058,0.005681956235194041,500,0.749274567168688,0.002611021480266763,500,0.026101680488747038,0.0006416181669801005,500,61.23437206876181,0.9434156814163847,500,0.13428590365957319,0.0020688940381947654,500,nan,nan,0,8.04937351440898,0.053813059132191525,500,6.56830500257932,0.06775644937626492,500,4.56113285371,0.0,500,6.578947368420002,1.1928098003611036e-16,500,1.780412280702006,0.01488853742118832,500,3.35635964912288,0.023559395746925244,500,0.270622666666672,0.002263057688021049,500,0.51016666666668,0.003581028153530598,500
6,6,5,1.0,2.0,4.0,0.48556992139786403,0.0012675094495774425,500,1.2512761045854799,0.0005070948474771074,500,6.8415943613559795,0.04671957154769627,500,0.878366341851872,0.004164192365014477,500,0.642570758735656,0.0021200678557892053,500,0.0606139321677302,0.0008434970348067293,500,30.519684829835402,0.3714924433274802,500,0.066929133398761,0.0008146764108057169,500,nan,nan,0,11.33217598658384,0.039640816636965996,500,6.598704396311599,0.06998005759005747,500,9.12226570742,0.0,500,6.578947368420002,1.1928098003611036e-16,500,1.182877192982668,0.010852579289635523,500,2.2989298245614,0.011080698068241527,500,0.1797973333333132,0.0016495920520226753,500,0.349437333333336,0.001684266106373103,500
6,6,5,1.0,3.0,4.0,0.4608458561333119,0.0011437399912482536,500,1.2420927569957398,0.000441800315641747,500,3.2046205982174603,0.026514931132214946,500,0.680156104982666,0.002974491212447595,500,0.521782792394924,0.0015811499860045712,500,0.12199169971364901,0.0010081866796772957,500,14.76640027526818,0.13603735753014273,500,0.032382456744011,0.00029832753844313495,500,nan,nan,0,15.1879952847682,0.029498423608226524,500,6.43375904546564,0.07050856587384265,500,13.683398561100004,1.590413067148138e-16,500,6.578947368420002,1.1928098003611036e-16,500,0.897333333333278,0.013749110171513031,500,1.7215964912281398,0.009743312961161491,500,0.13639466666666458,0.002089864746069861,500,0.261682666666674,0.001480983570095291,500
6,6,5,1.0,4.0,4.0,0.43676066581726203,0.0009668545365081839,500,1.2401893757723201,0.00030298597910914443,500,1.65314053506648,0.013986946048824795,500,0.504781366751204,0.0030352544353841487,500,0.416806358740434,0.0015089643131375836,500,0.20073002342114,0.0015792538836114755,500,7.94771352525056,0.0731859641272813,500,0.017429196327299997,0.00016049553536693655,500,nan,nan,0,19.383204094848598,0.02197935222758647,500,6.3859980686729605,0.0679762715382915,500,18.244531414800004,1.590413067148138e-16,500,6.578947368420002,1.1928098003611036e-16,500,0.697254385964809,0.01548078308521195,500,1.3730789473686482,0.012704899784785588,500,0.10598266666665387,0.0023530790289530332,500,0.20870799999999456,0.001931144767288962,500
6,6,5,1.0,5.0,4.0,0.42152790297075,0.0009653778566583986,500,1.2402359775700003,0.00022693808897415564,500,0.936690249901772,0.007473935693706684,500,0.392534593511688,0.003159968288607576,500,0.346451065339264,0.001588279483881486,500,0.268245661061718,0.0021232997880339033,500,5.4189483523647395,0.05888945044318145,500,0.01188365866746652,0.0001291435316735854,500,nan,nan,0,23.734467462982998,0.01887813511672375,500,6.38833685362928,0.07209450037024749,500,22.805664268600005,1.590413067148138e-16,500,6.578947368420002,1.1928098003611036e-16,500,0.6350701754386119,0.015251465369749079,500,1.205807017543746,0.015351701154673316,500,0.09653066666666663,0.00231822273620201,500,0.18328266666665463,0.0023334585755103816,500
6,6,5,1.0,6.0,4.0,0.41403886734559203,0.0010012013603906097,500,1.24234295739026,0.0002307446589848376,500,0.585015052596308,0.004160353229732312,500,0.323049571844288,0.0033338359678654877,500,0.30080081013947596,0.0016952663275590536,500,0.32028109989876397,0.0026640998887967142,500,4.3486798762281,0.05301291610909205,500,0.00953657867594198,0.00011625639497613756,500,nan,nan,0,28.151977024466802,0.015340860370275504,500,6.42465835979238,0.06983269831785209,500,27.3667971223,0.0,500,6.578947368420002,1.1928098003611036e-16,500,0.6518947368421864,0.01647387623069645,500,1.1616140350878041,0.017254510246418883,500,0.0990880000000173,0.002504029187065689,500,0.1765653333333076,0.0026226855574559356,500
6,6,5,1.0,7.0,4.0,0.408702065274004,0.000993679511964709,500,1.2460932243649199,0.0002276616149509477,500,0.394955894115412,0.0022468836651471165,500,0.27327497907751,0.002974783238077012,500,0.26935430520087006,0.0015934616008272397,500,0.359934883406808,0.00283008845700473,500,3.7543250648019204,0.0420863596095121,500,0.00823316900175808,9.229464826643181e-05,500,nan,nan,0,32.597097799176,0.012474511376574467,500,6.41850289792786,0.06422879992713991,500,31.92792997599999,4.771239201444415e-16,500,6.578947368420002,1.1928098003611036e-16,500,0.6424561403509904,0.015136518227350477,500,1.140421052631687,0.016234423205144545,500,0.09765333333332976,0.0023007507705563434,500,0.1733440000000192,0.002467632327182571,500
6,6,5,1.0,8.0,4.0,0.40723905956842393,0.001003661749572462,500,1.2498216340616,0.00019929422400270346,500,0.28457881327982604,0.0011560928468737765,500,0.24529131479738397,0.003034162507049786,500,0.250141506254094,0.0016671225892730616,500,0.38529465395292006,0.0030453932498690456,500,3.47898076579308,0.04117419221883667,500,0.00762934378463428,9.029428118167367e-05,500,nan,nan,0,37.079539099472996,0.01140086742792728,500,6.422411099749439,0.0672686299027295,500,36.4890628297,0.0,500,6.578947368420002,1.1928098003611036e-16,500,0.6489824561404162,0.015296316638742065,500,1.1409122807017842,0.015832405314167724,500,0.09864533333333085,0.002325040129088091,500,0.1734186666666866,0.0024065256077548803,500
6,6,5,1.0,9.0,4.0,0.405163523861036,0.0009841947630710188,500,1.25205186621332,0.000154314326702755,500,0.220043163984438,0.0007560827155521431,500,0.22535336556450397,0.003187674828264634,500,0.23479557015437602,0.0018158896503554808,500,0.40881927697363596,0.003436760306897079,500,3.28010671317194,0.04197853797991539,500,0.007193216476254561,9.205819732435948e-05,500,nan,nan,0,41.602603478237604,0.010810110027770983,500,6.569066908397741,0.07167789865273569,500,41.0501956834,0.0,500,6.578947368420002,1.1928098003611036e-16,500,0.6304561403509047,0.015340688609347668,500,1.1315438596490814,0.016964486615884483,500,0.095829333333349,0.00233178466862143,500,0.17199466666667126,0.0025786019656162595,500
6,6,5,1.0,10.0,4.0,0.40233987225553197,0.0009815573652042385,500,1.25419138170466,0.0001175297444162195,500,0.173460815476358,0.00040411461520275046,500,0.2160536409736028,0.003161212748588567,500,0.22822992792973798,0.0018502999171272905,500,0.41671375181000203,0.0035858396218045045,500,3.2273527773510797,0.040468010669325115,500,0.00707752802050752,8.874563743276963e-05,500,nan,nan,0,46.0884742147454,0.010069944496284438,500,6.41390490058146,0.07310174830807395,500,45.61132853709999,3.180826134296276e-16,500,6.578947368420002,1.1928098003611036e-16,500,0.6495438596492076,0.01581682295063783,500,1.14817543859686,0.01719361894830083,500,0.09873066666667041,0.0024041570884967326,500,0.1745226666666868,0.0026134300801420583,500
6,7,5,1.1666666666666667,1.0,4.0,0.508220125586504,0.0013238365575497328,500,1.7384604663927798,0.001548394478497355,500,18.189366566423,0.08685846904776374,500,1.315841436774378,0.007008279302892425,500,0.77158533099908,0.0025402644341139128,500,0.01641796155767956,0.0004786398520531743,500,102.1363886782862,1.593931284031769,500,0.1351010432252092,0.0021083747143261296,500,nan,nan,0,8.7161093487611,0.06006478220369257,500,7.09826467787392,0.07574941894496488,500,4.95199280433,0.0,500,7.0793650793700005,3.976032667870345e-17,500,1.970015873016142,0.014591445291326735,500,3.69135978835988,0.023072399322580574,500,0.27827578475336734,0.002061123438012391,500,0.5214252615844419,0.003259105733906395,500
6,7,5,1.1666666666666667,2.0,4.0,0.486541457874672,0.001064112979546764,500,1.73587747622402,0.0006418381992674209,500,9.10086798883296,0.06504281193388751,500,1.0906614587053483,0.004706203504278724,500,0.6530919041438681,0.0019264680569276613,500,0.0465924781631526,0.0006553331881591664,500,44.0385330727526,0.5045416549092264,500,0.058252027874012,0.000667383141414416,500,nan,nan,0,12.267293533443999,0.044383611335062585,500,7.091950141793779,0.07862528082919659,500,9.90398560866,0.0,500,7.0793650793700005,3.976032667870345e-17,500,1.242910052910436,0.009223753414395965,500,2.4692645502647403,0.010604642853937928,500,0.175568011958158,0.0013029068724350495,500,0.348797458893884,0.0014979652461869363,500
6,7,5,1.1666666666666667,3.0,4.0,0.454273700142096,0.0008558972984165831,500,1.72727931088186,0.00034223047148418715,500,4.240426340898581,0.035500885882556184,500,0.790545155441808,0.002948908872648782,500,0.510038534164148,0.0012431286539078743,500,0.11185255965479339,0.0007647135878539989,500,17.6020510420354,0.15713405016579543,500,0.023283136298984597,0.00020784927270610086,500,nan,nan,0,16.549793263160197,0.031841177212626554,500,7.13328228410296,0.07514531978591092,500,14.855978413,0.0,500,7.0793650793700005,3.976032667870345e-17,500,0.951380952380892,0.013252091508295065,500,1.78262433862422,0.008627362430968049,500,0.1343878923766744,0.0018719322085710608,500,0.25180568011959203,0.0012186633030297324,500
6,7,5,1.1666666666666667,4.0,4.0,0.430329118278076,0.0008138299682760188,500,1.72450163803986,0.00014011786430132028,500,2.08313380364278,0.01896739066694406,500,0.556300327898006,0.003013986179061859,500,0.39777398092940797,0.0013606870188734525,500,0.197090976100504,0.0013422380667309677,500,9.03513250634302,0.11045740486699834,500,0.0119512334739996,0.00014610767839555664,500,nan,nan,0,21.0788846420052,0.024326912899074262,500,7.0253886468425994,0.07627179424645764,500,19.807971217300004,1.590413067148138e-16,500,7.0793650793700005,3.976032667870345e-17,500,0.7124973544974811,0.014362279844960728,500,1.414365079365092,0.011085829715149717,500,0.10064424514198615,0.0020287525341517944,500,0.1997869955157,0.0015659355875648148,500
6,7,5,1.1666666666666667,5.0,4.0,0.417400141061658,0.0007427881829979498,500,1.7261079627262,0.00012856958134418637,500,1.1532163974758158,0.008619187977378819,500,0.42288736152403394,0.0031822996399269833,500,0.33016974734639803,0.001524366654121208,500,0.267060419571132,0.0019417296090780962,500,6.26599324562422,0.08923308530179115,500,0.008288350854,0.00011803318161612679,500,nan,nan,0,25.790806092041,0.02092001840768862,500,7.0172702353131005,0.07864285860927879,500,24.7599640217,0.0,500,7.0793650793700005,3.976032667870345e-17,500,0.6758095238095134,0.01484551532348137,500,1.2301005291002038,0.013589200790903646,500,0.09546188340805747,0.002097012254213495,500,0.173758594917804,0.0019195507843662158,500
6,7,5,1.1666666666666667,6.0,4.0,0.412190365271712,0.0008233906589517942,500,1.72806416180358,0.00011582853090761125,500,0.7271945555870061,0.004619515672169653,500,0.341333429378686,0.0033536177259682266,500,0.28669348153387597,0.001666759366081519,500,0.32223613127129597,0.0024626897038371974,500,5.039082951229619,0.0811077668865565,500,0.00666545363919248,0.00010728540593454519,500,nan,nan,0,30.56715092855,0.016903474988703086,500,6.97995000824202,0.07719030627135036,500,29.711956826,0.0,500,7.0793650793700005,3.976032667870345e-17,500,0.6163227513228071,0.01425011631565486,500,1.140915343915822,0.014884846018008324,500,0.08705904334826677,0.002012908806918686,500,0.16116068759340602,0.002102567935277586,500
6,7,5,1.1666666666666667,7.0,4.0,0.409144882119788,0.000798271247059663,500,1.72987047131888,0.00010200307893540413,500,0.49530578268678405,0.0025151153234799196,500,0.297383670001136,0.003390856103455435,500,0.26095023222574604,0.0017413228479949195,500,0.35579665926432197,0.002942165333004962,500,4.4549828407054,0.06929504060439927,500,0.0058928344453774,9.166010661956466e-05,500,nan,nan,0,35.4111147871456,0.014220142318156208,500,7.048259294032779,0.07464802419031936,500,34.6639496303,0.0,500,7.0793650793700005,3.976032667870345e-17,500,0.6347830687830397,0.015043341473219216,500,1.1311798941804359,0.015823287796827328,500,0.08966666666663653,0.0021249563067545453,500,0.1597855007473446,0.00223512809685929,500
6,7,5,1.1666666666666667,8.0,4.0,0.406595444277286,0.0008471941036908493,500,1.7308536335169802,8.41484645850298e-05,500,0.361867311075066,0.0014746142497251151,500,0.26967822027586,0.003343886115987034,500,0.24443668058464402,0.0017336331889816839,500,0.377618299929508,0.003102405932840806,500,4.13525603989072,0.06212535713189257,500,0.00546991539668096,8.21763983226033e-05,500,nan,nan,0,40.2797739056106,0.01308154954885966,500,7.08913082620186,0.07579779255208093,500,39.615942434699996,3.180826134296276e-16,500,7.0793650793700005,3.976032667870345e-17,500,0.6396137566135922,0.0152235146025765,500,1.132063492063944,0.015309486463242919,500,0.09034902840058709,0.0021504067712174867,500,0.1599103139013008,0.002162550778438679,500
6,7,5,1.1666666666666667,9.0,4.0,0.404245137201586,0.0007823303759371308,500,1.7315324013414002,5.810866750028508e-05,500,0.275559688331246,0.0007703854394949387,500,0.25057210784971395,0.0030365751147667696,500,0.233002650423604,0.0016396846352569746,500,0.39145796600352606,0.003139743622265842,500,3.90576611859082,0.052781603508631855,500,0.0051663572997234,6.981693585801635e-05,500,nan,nan,0,45.156617528625596,0.01116535244079501,500,7.088901129690879,0.07258391337808501,500,44.567935239,0.0,500,7.0793650793700005,3.976032667870345e-17,500,0.649534391534297,0.014494639502244892,500,1.13542328042385,0.014910142459573361,500,0.0917503736920589,0.00204744907767183,500,0.16038490283999599,0.0021061411994436484,500
6,7,5,1.1666666666666667,10.0,4.0,0.40385200866986,0.0008252134183701879,500,1.7318249438478601,4.683738771570167e-05,500,0.219110480240774,0.0004651801646426239,500,0.2353566851448336,0.002905931220643014,500,0.223736217484228,0.0016084369639060448,500,0.404639992753716,0.00311208381718907,500,3.74738633031934,0.04883184754724275,500,0.004956860225290021,6.459239093548896e-05,500,nan,nan,0,50.0516077029678,0.010410002594319751,500,7.085593240887199,0.07475550488628864,500,49.5199280433,0.0,500,7.0793650793700005,3.976032667870345e-17,500,0.6272486772486365,0.01390707336726434,500,1.1272486772490942,0.014527372511277486,500,0.0886023916292892,0.0019644520675737367,500,0.15923019431984045,0.0020520727986779916,500
6,8,5,1.3333333333333333,1.0,4.0,0.5140978196444539,0.0010755528429785962,500,2.2480969571162004,0.0014704862882406896,500,21.3995880687916,0.07313269813579874,500,1.591620613784004,0.007294205654847188,500,0.7972250005967,0.002237557695333804,500,0.00974469915604804,0.0002949795340920655,500,167.38409609062776,2.437566919509026,500,0.14417234805392082,0.0020995408436768415,500,nan,nan,0,9.15136266523424,0.06400364535336574,500,7.42992808612394,0.08014548476038154,500,5.232830786799999,3.976032667870345e-17,500,7.503875968990001,3.976032667870345e-17,500,2.177715762273936,0.01373236475092422,500,4.036957795004341,0.021336777368138812,500,0.29021212121214796,0.001830036211640776,500,0.5379830119375459,0.0028434341740610934,500
6,8,5,1.3333333333333333,2.0,4.0,0.491089975449192,0.0009240867789746209,500,2.2573574291267797,0.0006902017704141924,500,11.551696445900161,0.07850205854361131,500,1.3141579470178761,0.005076614133621786,500,0.666326951381232,0.001716585192230897,500,0.0349978101676342,0.00045492619399415654,500,61.19997995048941,0.6659535892472195,500,0.052713161025398594,0.0005736034360441734,500,nan,nan,0,13.0574255018286,0.04511944144726815,500,7.67076680249594,0.07934440109413463,500,10.465661573599998,7.95206533574069e-17,500,7.503875968990001,3.976032667870345e-17,500,1.328151593454118,0.007460824391869899,500,2.5955590008612597,0.0084879253947735,500,0.17699540863175797,0.0009942627547014674,500,0.34589577594124,0.0011311388181058234,500
6,8,5,1.3333333333333333,3.0,4.0,0.452284262935522,0.0006688919503866563,500,2.24898783628758,0.0005148124346655064,500,5.19641050350208,0.03846806535278336,500,0.926682815774906,0.003228129363716063,500,0.5120685300231801,0.0010380261630236172,500,0.0970747223514982,0.0005969477666272409,500,21.241542296945003,0.1333268488356078,500,0.018295902064554396,0.00011483794042682686,500,nan,nan,0,17.485419921978,0.032614897669959945,500,7.53675639933374,0.0778641805883991,500,15.6984923604,0.0,500,7.503875968990001,3.976032667870345e-17,500,0.961050818260224,0.011584692561547106,500,1.8740947459089197,0.007410753792490626,500,0.1280739210284726,0.0015438278310320249,500,0.249750229568438,0.0009875901231732346,500
6,8,5,1.3333333333333333,4.0,4.0,0.42354363687897595,0.0006372206037779288,500,2.24187402323898,0.0003171786712865065,500,2.5945263700410406,0.021595656583801016,500,0.6234977579781019,0.0029662008209015854,500,0.3887988804308,0.0009625204014957441,500,0.183743854086652,0.000993984335881406,500,9.37081178613874,0.06851504297523608,500,0.0080713279811699,5.90138182387067e-05,500,nan,nan,0,22.334131664580198,0.02732809398869106,500,7.59576162122818,0.08218239950287586,500,20.931323147199997,1.590413067148138e-16,500,7.503875968990001,3.976032667870345e-17,500,0.7416296296297391,0.013274485866910579,500,1.472248062015456,0.009079993767027275,500,0.09883287419651104,0.0017690172281304712,500,0.19619834710744402,0.001210040491682628,500
6,8,5,1.3333333333333333,5.0,4.0,0.41053410575601196,0.0006159550900279935,500,2.2389780140718805,0.00012532452025481748,500,1.44865009451274,0.009315541696221884,500,0.448735320585654,0.003021664402954738,500,0.31117193445308206,0.0011002545079749962,500,0.264904696830474,0.001553906077181556,500,5.8008002634863205,0.05345253410720892,500,0.00499638265588826,4.6040081057014514e-05,500,nan,nan,0,27.2754443670976,0.02113587320640534,500,7.5118505873168795,0.07985371064546706,500,26.16415393400001,3.180826134296276e-16,500,7.503875968990001,3.976032667870345e-17,500,0.660565030146372,0.01322705803286786,500,1.2268182601204858,0.01099458294856614,500,0.0880298438934907,0.001762696783307073,500,0.16349127640038819,0.0014651871904610243,500
6,8,5,1.3333333333333333,6.0,4.0,0.40443241397781005,0.0005787653377584954,500,2.23891127942106,8.027105543951588e-05,500,0.9078052815562021,0.005256990978714967,500,0.358481377871076,0.003451772603674493,500,0.26703478024701,0.0013474122992295748,500,0.323362961159884,0.0022345207488930056,500,4.595191213046101,0.05434740378239236,500,0.00395795970115946,4.6810855971026136e-05,500,nan,nan,0,32.3280469737866,0.01945992520207169,500,7.4660847350661195,0.08701825258334148,500,31.3969847208,0.0,500,7.503875968990001,3.976032667870345e-17,500,0.6681826012057874,0.01428887299087993,500,1.1628871662360138,0.013904184439785564,500,0.08904499540862049,0.0019041989832893355,500,0.1549715335169992,0.0018529336701814763,500
6,8,5,1.3333333333333333,7.0,4.0,0.400969775038668,0.0006195366074785646,500,2.23963940242316,8.224790348525134e-05,500,0.63121704621084,0.0029757515692087444,500,0.297064156021492,0.0030810998614304555,500,0.236294838576224,0.0012918777279403596,500,0.369213237789024,0.0024841027830230728,500,3.8959639804442205,0.04269375450980248,500,0.00335569679624858,3.677325969834826e-05,500,nan,nan,0,37.463388265717,0.016329141750206173,500,7.6545770454888995,0.0813535330776335,500,36.629815507600014,6.361652268592552e-16,500,7.503875968990001,3.976032667870345e-17,500,0.6464358311800056,0.013330304068164565,500,1.138153316106868,0.01373951050674195,500,0.0861469237832627,0.001776455810735885,500,0.15167539026630983,0.0018309884869540146,500
6,8,5,1.3333333333333333,8.0,4.0,0.39975988808524,0.0006195592200689696,500,2.2393450301398197,7.353231485052852e-05,500,0.45928685982933,0.0016453296434245331,500,0.26661628502809404,0.0031850976635561384,500,0.219173436801982,0.0013860690651021149,500,0.396458589485024,0.002883136785189766,500,3.62279414024372,0.04110127118308712,500,0.0031204083895294402,3.5401611699473276e-05,500,nan,nan,0,42.568126968918406,0.01360502130443724,500,7.5208647768732195,0.0787328895969169,500,41.862646294399994,3.180826134296276e-16,500,7.503875968990001,3.976032667870345e-17,500,0.660589147286805,0.013642681949624664,500,1.1438587424638222,0.013952795334342113,500,0.08803305785125107,0.0018180846813038217,500,0.1524357208448198,0.0018594117749284778,500
6,8,5,1.3333333333333333,9.0,4.0,0.39975776205984404,0.0006662396282915748,500,2.23909684340288,6.549465419205942e-05,500,0.354607318430446,0.0009324774231865742,500,0.2412274671009104,0.003189393757779092,500,0.205183190856128,0.0014123412718958347,500,0.41913943310856605,0.0030380692018662607,500,3.3974741428284596,0.039308282176679005,500,0.00292633431768174,3.385726285674383e-05,500,nan,nan,0,47.7332870249072,0.012436654811576648,500,7.5671424530580005,0.08130035742817927,500,47.095477081199995,3.180826134296276e-16,500,7.503875968990001,3.976032667870345e-17,500,0.6463531438415403,0.013967552394241599,500,1.124368647717884,0.013828312679659888,500,0.0861359044995281,0.0018613783665867355,500,0.1498383838383858,0.0018428226608227345,500
6,8,5,1.3333333333333333,10.0,4.0,0.397260043858304,0.0006263883033631794,500,2.23864046155568,3.822629976984843e-05,500,0.2833750625577439,0.000576071743961885,500,0.2229277305625466,0.0029752718550197926,500,0.194138510806356,0.0013528164939775418,500,0.437379286032506,0.003072011263631667,500,3.2121640752853,0.03517904048823835,500,0.00276672185640388,3.0300637802093872e-05,500,nan,nan,0,52.913575083295,0.010880137940559876,500,7.66214967961726,0.07682523664170575,500,52.32830786800002,6.361652268592552e-16,500,7.503875968990001,3.976032667870345e-17,500,0.648613264427242,0.013472143666230068,500,1.116899224806472,0.013333895755204236,500,0.08643709825528409,0.0017953579885780513,500,0.1488429752066396,0.00177693445498013,500
6,9,5,1.5,1.0,4.0,0.518375395305304,0.0009429668914189973,500,2.7768415942827795,0.0014023909518896909,500,23.885251651520605,0.06707315082310765,500,1.81960231870514,0.007429133596375966,500,0.8118869884305879,0.002045043976552779,500,0.00649950907756234,0.00019513524633415678,500,245.9540284348182,3.553450969741398,500,0.14763146964873403,0.0021329237513456624,500,nan,nan,0,9.747276120832218,0.0701347299706536,500,7.9535146943648005,0.0880674607325558,500,5.50775218521,0.0,500,7.858343337329999,3.976032667870345e-17,500,2.34327731092444,0.012958520762719621,500,4.326998799519701,0.020150352815493468,500,0.29818973418880396,0.0016490143286506881,500,0.5506248090436979,0.002564198578570727,500
6,9,5,1.5,2.0,4.0,0.499820103779532,0.0008029643423426325,500,2.80351764481956,0.0005839269887086579,500,13.35790978794012,0.08937369860112727,500,1.5810539303904603,0.005482312971380948,500,0.6946535299800559,0.0015491972134387042,500,0.023669046985321202,0.00033327188670640795,500,90.2167574423434,0.8908161529428417,500,0.054151715151477195,0.0005347035731953709,500,nan,nan,0,13.618674494768001,0.04917072565458583,500,7.8471132507624795,0.08676130455321672,500,11.015504370399999,7.95206533574069e-17,500,7.858343337329999,3.976032667870345e-17,500,1.4159063625447739,0.006655034182364535,500,2.7660072028811,0.0074416719342815735,500,0.18017873510542198,0.0008468749578243814,500,0.351983501374876,0.0009469771954259705,500
6,9,5,1.5,3.0,4.0,0.452889651990092,0.0006444881126941611,500,2.80639229756674,0.00033860729636521497,500,6.215360333374139,0.05143459411264253,500,1.074992543763764,0.003600811759561112,500,0.520534778611114,0.001053187071278761,500,0.08271280076741759,0.000500272356729996,500,25.9295918145284,0.1928602090021167,500,0.0155639806809886,0.00011576243037345486,500,nan,nan,0,18.428300504711,0.03681455124198361,500,7.95832900219884,0.08869519603626293,500,16.523256555599996,1.590413067148138e-16,500,7.858343337329999,3.976032667870345e-17,500,1.000249699879872,0.010106854709800056,500,1.9497911164471398,0.006017859076192433,500,0.1272850595783988,0.00128613045726646,500,0.248117323556352,0.0007657923327922464,500
6,9,5,1.5,4.0,4.0,0.42276770434621197,0.0005145387727565999,500,2.8044709568878,0.00026812061097553313,500,3.0059330344970805,0.024053922925640993,500,0.7102378919254599,0.0034046215288840546,500,0.39254833365896796,0.0010023672324723726,500,0.16545332905164797,0.0009690862271199029,500,10.6596213330251,0.0849626796249529,500,0.00639833213266868,5.0998006977773904e-05,500,nan,nan,0,23.4501555400632,0.02901566947753104,500,7.810911358454639,0.08901853056869877,500,22.031008740799997,1.590413067148138e-16,500,7.858343337329999,3.976032667870345e-17,500,0.7805714285713478,0.012693038531376235,500,1.53385114045572,0.00786540586216101,500,0.09933027803237678,0.0016152308427486563,500,0.195187595478162,0.0010008987294843625,500
6,9,5,1.5,5.0,4.0,0.4083720218190145,0.0006296951087426633,345,2.8032417173390725,0.00025806049466214654,345,1.694576576605797,0.01336926283497082,345,0.496236699567084,0.003911625557714413,345,0.3103103664683739,0.001293118783410909,345,0.24639658187594493,0.0018826806205989833,345,6.215884629381335,0.06884295729486412,345,0.003731023186903711,4.1322303298264564e-05,345,nan,nan,0,28.748161825523187,0.027645645807951157,345,8.053108928379304,0.10063467935149861,345,27.538760926000005,3.830989683828478e-16,345,7.85834333733,0.0,345,0.6930459140177576,0.015968685609596016,345,1.2813577604952695,0.01166633926480072,345,0.0881923688323991,0.0020320676921475747,345,0.16305698357666318,0.0014845799889377292,345
6,9,5,1.5,6.0,4.0,0.40172163124449994,0.0005674894989709366,438,2.801510141693995,0.00019075792204519093,438,1.073255170520137,0.005921046531691251,438,0.3844090634350571,0.003632065015113913,438,0.2629560020601438,0.0012836612235779222,438,0.30542218221149087,0.002228299751317041,438,4.689801421271554,0.055627035060958896,438,0.0028150068555049773,3.3389576867324574e-05,438,nan,nan,0,34.06294243599635,0.020849456691295832,438,8.043337718519451,0.0920986035674854,438,33.0465131112,0.0,438,7.858343337329999,4.248733571498597e-17,438,0.6683796806393796,0.01485507856738727,438,1.1594747488037145,0.01260674983938863,438,0.08505350962001818,0.001890357538441046,438,0.14754697002039568,0.0016042503232784786,438
6,9,5,1.5,7.0,4.0,0.39928190241481704,0.000622654849355409,328,2.8003546947770728,0.00014330015308492458,328,0.7372110066404665,0.003861030553880549,328,0.31998571858556707,0.003824701362959987,328,0.2342163551331677,0.0014381861636111088,328,0.34510938225025,0.0028894208793313015,328,3.996304338739177,0.05123803609996899,328,0.0023987421000836585,3.07551237094636e-05,328,nan,nan,0,39.41080248247134,0.0201523740503139,328,7.974709769473812,0.10071281878682373,328,38.5542652964,0.0,328,7.858343337330001,4.91163788404708e-17,328,0.6598907855825803,0.015891246019923706,328,1.1333484613354696,0.014080450292169082,328,0.08397326984269317,0.002022213250014308,328,0.1442223141296814,0.001791783546191748,328
6,9,5,1.5,8.0,4.0,0.3960104294957523,0.0006477329692654643,323,2.7999174423304023,0.00011854789532555751,323,0.5379754815703901,0.0023672652495567133,323,0.28441201387005266,0.003887389701487262,323,0.2171323775654799,0.0015236904120186066,323,0.3692728418790743,0.0033005145885926686,323,3.692734697643901,0.04775270437324014,323,0.0022165274295580495,2.866308785909785e-05,323,nan,nan,0,44.79534067130062,0.018636641511929758,323,7.853655815107865,0.10563458197637715,323,44.06201748170002,7.919399714855797e-16,323,7.858343337330001,4.949624821784873e-17,323,0.6788473903493173,0.016142759096996386,323,1.1458453350380466,0.015366553896796113,323,0.08638556006125118,0.0020542191151544575,323,0.14581258235360278,0.0019554444540200266,323
6,9,5,1.5,9.0,4.0,0.394753292790788,0.0005497394437561814,434,2.7998017350641016,8.163850649665444e-05,434,0.4153872756489516,0.0012085321414772206,434,0.25754346007253914,0.0033854128745599297,434,0.20291832142115437,0.0013610790662941699,434,0.39141774954947234,0.0030645878560326438,434,3.446936866741682,0.040061674331482125,434,0.002068989715931544,2.4046623248188935e-05,434,nan,nan,0,50.24281280725346,0.014605146679856445,434,7.968166223248686,0.09341932041101252,434,49.56976966690001,3.4146504740719245e-16,434,7.858343337329999,4.2683130925899056e-17,434,0.6679316888046487,0.014295408298618369,434,1.1306753115991244,0.01320871460742488,434,0.08499650118763047,0.0018191376585313277,434,0.1438821470459106,0.0016808523171367498,434
6,9,5,1.5,10.0,4.0,0.39460045018457585,0.0006147326449430543,323,2.7997251087427553,8.696041982324409e-05,323,0.330694144523966,0.0007441989606117292,323,0.23764553623654797,0.003951234172892319,323,0.19245629072750467,0.0016191708058178275,323,0.4085163912630217,0.003751922005062372,323,3.281498030582724,0.045434199490981896,323,0.001969686693026873,2.7271428265892097e-05,323,nan,nan,0,55.69490859174675,0.015296749989196756,323,8.030481472577305,0.11112275620180515,323,55.07752185209999,3.9596998574278986e-16,323,7.858343337330001,4.949624821784873e-17,323,0.6659282908210111,0.016502989674930173,323,1.1371595077659877,0.015654447821925044,323,0.0847415622141679,0.0021000596393554306,323,0.14470728230509844,0.0019920799015650083,323
6,3,5,0.5,1.0,5.0,0.458646857459946,0.002975924916858259,500,0.235580434622398,0.0009454986603431378,500,1.976341843413258,0.01723613700490374,500,0.328273308582652,0.003084103517327298,500,0.6135319329397301,0.004049288389021784,500,0.160455469326809,0.002858609404415025,500,8.4414118805044,0.14412053486130297,500,0.1507394978661394,0.00257358097966621,500,nan,nan,0,5.3496901425786,0.05062209362182458,500,5.030244173182941,0.05441767969525835,500,1.7654696590100007,2.982024500902759e-17,500,4.5,0.0,500,0.971500000000048,0.017280349419335556,500,1.8601428571430498,0.026921900384227662,500,0.21588888888889857,0.0038400776487351692,500,0.4133650793650388,0.005982644529827604,500
6,3,5,0.5,2.0,5.0,0.47206249271164197,0.002983310252747549,500,0.23705216692975198,0.0007166004057774589,500,1.6400442123536918,0.01507175777641128,500,0.313319971580822,0.002641596777824361,500,0.5768203605358101,0.003647323600878393,500,0.18914850138635939,0.002774472694556304,500,7.1723817666445004,0.10442804645225638,500,0.1280782458329372,0.001864786543790862,500,nan,nan,0,6.2337941913213,0.044460705967008164,500,5.0818775437564,0.05579770603968399,500,3.5309393180200015,5.964049001805518e-17,500,4.5,0.0,500,0.79092857142856,0.015203542804059838,500,1.5341428571430178,0.017707363838857394,500,0.17576190476191061,0.0033785650675658735,500,0.3409206349204662,0.00393496974196388,500
6,3,5,0.5,3.0,5.0,0.46539864194744407,0.0027895934378626857,500,0.23722574608686803,0.0004586316648634789,500,1.0011544385288138,0.00993444332608625,500,0.2839947901941561,0.0023339377979603973,500,0.523512764000504,0.0031057292904264357,500,0.23661546475353798,0.0027860004752846097,500,5.79190028419456,0.06818611291665182,500,0.1034267907891834,0.0012176091592262551,500,nan,nan,0,7.35016603374186,0.03816680667441463,500,5.0036917423561,0.05772850353077737,500,5.296408977029999,3.976032667870345e-17,500,4.5,0.0,500,0.6914285714287416,0.017084965231811772,500,1.317642857142248,0.01605099888008797,500,0.15365079365082818,0.003796658940399111,500,0.2928095238094705,0.0035668886400147407,500
6,3,5,0.5,4.0,5.0,0.455815800788384,0.002869277158794248,500,0.23786282404385004,0.00044658698474953784,500,0.641235763568948,0.0070522116144231435,500,0.248708714237568,0.001990509432318602,500,0.46301980501974394,0.0025499821439284066,500,0.29192848670607996,0.00281672093073081,500,4.52506103381362,0.04637945230909886,500,0.0808046613180908,0.0008282045055192131,500,nan,nan,0,8.7490272607377,0.030771020781390088,500,5.064699722242736,0.054765776851544996,500,7.061878636040003,1.1928098003611036e-16,500,4.5,0.0,500,0.5743571428572734,0.01683514598093108,500,1.1101428571429512,0.017690818890130078,500,0.1276349206349397,0.0037411435513131875,500,0.2466984126983628,0.003931293086690151,500
6,3,5,0.5,5.0,5.0,0.44387571526155,0.002918003538358993,500,0.24223339597136598,0.0004951423433029401,500,0.409566308667724,0.004689395964918737,500,0.21552479590994,0.0019003042222955932,500,0.406793943919384,0.002372037140512707,500,0.34917488495275595,0.0031373445692978105,500,3.6480414126058,0.03799540907018688,500,0.0651435966536732,0.0006784894476814681,500,nan,nan,0,10.292465415311279,0.0274867702249836,500,5.177384255583312,0.056349617547745166,500,8.82734829505,0.0,500,4.5,0.0,500,0.4685714285714733,0.016495432720676606,500,0.9401428571432274,0.01927077280633209,500,0.10412698412702187,0.003665651715704026,500,0.20892063492061805,0.00428239395695563,500
6,3,5,0.5,6.0,5.0,0.442179931142496,0.0028924991616686396,500,0.250430955005652,0.00040804165545067566,500,0.2600244892013,0.003949316039744744,500,0.1963537756010162,0.0020461696777293137,500,0.372088433622252,0.0026114460165305216,500,0.382347629414416,0.0037627661624828166,500,3.2675165801413,0.03986485569587198,500,0.058348510359665,0.0007118724231407245,500,nan,nan,0,11.7975668718784,0.023321601092425887,500,5.07220159351954,0.055172666206104205,500,10.592817954099997,7.95206533574069e-17,500,4.5,0.0,500,0.49607142857148856,0.017406267554484704,500,0.9230000000003669,0.020515651273114034,500,0.11023809523812202,0.003868059456548745,500,0.2051111111111095,0.00455903361624148,500
6,3,5,0.5,7.0,5.0,0.435555980594866,0.002781360113902428,500,0.256335670395248,0.0002582339541317052,500,0.1625992579291344,0.0028715737037796818,500,0.1797234421544186,0.002138495431092748,500,0.345468302488816,0.0027775261776747822,500,0.40662685054205,0.004080917418986366,500,3.02409287097362,0.03929378863571635,500,0.054001658410245,0.0007016747970667062,500,nan,nan,0,13.3864305810188,0.019340631872747715,500,5.0241423804317,0.05323032486007382,500,12.358287613100002,7.95206533574069e-17,500,4.5,0.0,500,0.497071428571502,0.016689668632363194,500,0.943642857143329,0.020550026193201527,500,0.11046031746034188,0.0037088152516327215,500,0.209698412698415,0.004566672487371608,500
6,3,5,0.5,8.0,5.0,0.429137744508274,0.0027554274718573466,500,0.258685848184724,0.0001556717698191761,500,0.1109619258227164,0.002236290956310216,500,0.170544072456002,0.0022570586238042623,500,0.330699689383408,0.0030209952625446764,500,0.42135054144726203,0.00444700367758644,500,2.9252355647076,0.03985735606424865,500,0.052236349369779,0.0007117385011474313,500,nan,nan,0,15.037831287903199,0.018878368194542652,500,5.0164126059262,0.05783839919032792,500,14.123757272099995,2.3856196007222073e-16,500,4.5,0.0,500,0.5030714285714688,0.01678308755054537,500,0.9410714285719303,0.020267190679439995,500,0.11179365079367083,0.0037295750112291367,500,0.20912698412695557,0.004503820150978526,500
6,3,5,0.5,9.0,5.0,0.42612458004931,0.0028111454850324384,500,0.26017402960421804,5.456319302670622e-05,500,0.0732562625656226,0.0011004146746631616,500,0.16442732412561037,0.002406858919811644,500,0.32099889495008804,0.0031998572069071667,500,0.429779839203508,0.00483899372714057,500,2.87488169466526,0.0415676990035523,500,0.0513371731190264,0.000742280339349314,500,nan,nan,0,16.703500532933997,0.0165373979731246,500,5.010484612569281,0.0561080908882394,500,15.889226931100003,1.590413067148138e-16,500,4.5,0.0,500,0.5120000000000956,0.01754676615491628,500,0.9449285714288674,0.020701981350081115,500,0.11377777777778872,0.0038992813677545526,500,0.20998412698411345,0.004600440300012606,500
6,3,5,0.5,10.0,5.0,0.421380272788582,0.00271758214423625,500,0.26067153040089,1.0442198554878628e-05,500,0.054323504859918006,0.00046046870406589387,500,0.1530359742063258,0.0022018273404251156,500,0.30571558791091,0.002961441654655518,500,0.44758926976312197,0.004602736977073209,500,2.71323167378144,0.03605973151489029,500,0.048450565603240195,0.0006439237770515212,500,nan,nan,0,18.3856278525656,0.013762841975973644,500,5.0143849202405395,0.05091275515606696,500,17.6546965901,0.0,500,4.5,0.0,500,0.47685714285718384,0.01711409219475394,500,0.9065714285718708,0.019646308157939763,500,0.10596825396829078,0.003803131598832045,500,0.2014603174603249,0.004365846257313984,500
6,4,5,0.6666666666666666,1.0,5.0,0.46780160410422195,0.002288912109186631,500,0.490439872943076,0.001307340576600836,500,4.670018148408021,0.03581654333401394,500,0.5004636093645599,0.004768561157338453,500,0.6448099079617859,0.004187125638572381,500,0.0985728171125182,0.002246676425753141,500,15.724326771642339,0.33020181211691624,500,0.1247962442193716,0.002620649302515232,500,nan,nan,0,6.7055752797842,0.06121643041060731,500,6.076912754848601,0.06881464582763798,500,2.7464262493000002,1.9880163339351726e-17,500,5.333333333330001,3.976032667870345e-17,500,1.2122539682537121,0.019154591624002366,500,2.3041587301584876,0.0303234707131623,500,0.2272976190476206,0.003591485929501684,500,0.432029761904793,0.005685650758718914,500
6,4,5,0.6666666666666666,2.0,5.0,0.47086338486952806,0.002216577070006673,500,0.48933631601499,0.0008705553848773082,500,3.23186328986664,0.023060079239415734,500,0.45879346337330595,0.003432171624297228,500,0.5873924081312221,0.0032477803195796423,500,0.133190776614231,0.0020235294297648054,500,11.284090749213622,0.17520986553207266,500,0.0895562757874248,0.0013905544883506434,500,nan,nan,0,8.37174007104082,0.04804179740493331,500,6.233772035314414,0.06649526618413638,500,5.4928524986000005,3.976032667870345e-17,500,5.333333333330001,3.976032667870345e-17,500,0.917460317461366,0.014090590254187685,500,1.7834603174597061,0.01628783032715527,500,0.17202380952381918,0.002641985672653348,500,0.334398809523746,0.003053968186338668,500
6,4,5,0.6666666666666666,3.0,5.0,0.46202721535399804,0.001936583629841711,500,0.47863005830239796,0.0006465246178688226,500,1.807336627007812,0.014992983734567072,500,0.40431225657660996,0.0024791509415811788,500,0.52433658554959,0.0024033987638029776,500,0.17807188052147438,0.0018030724659110317,500,8.222211584631339,0.09759737253053509,500,0.065255647497075,0.0007745823216711221,500,nan,nan,0,10.333001460093099,0.03878390685086218,500,6.11770482290016,0.06654189561734647,500,8.239278747909998,7.95206533574069e-17,500,5.333333333330001,3.976032667870345e-17,500,0.770126984126989,0.015646016183116698,500,1.4711746031742658,0.013114661681083987,500,0.14439880952383374,0.0029336280343346503,500,0.275845238095264,0.0024589990652073767,500
6,4,5,0.6666666666666666,4.0,5.0,0.452853677129296,0.001951144909136017,500,0.474878138439624,0.00047705729902188426,500,1.058788458924522,0.013544484059078285,500,0.337302870183618,0.0019930836269298454,500,0.45232694819573405,0.002144607054011926,500,0.24358994975438203,0.0019459781631468726,500,6.089026370292861,0.07881420848788796,500,0.048325606113441,0.0006255095911741196,500,nan,nan,0,12.6264371610246,0.03130558422599417,500,6.08513084267702,0.06642040583494879,500,10.985704997200001,7.95206533574069e-17,500,5.333333333330001,3.976032667870345e-17,500,0.6262857142857712,0.015873907536115478,500,1.2175238095249679,0.016083165035831598,500,0.1174285714285642,0.002976357663019481,500,0.22828571428575758,0.003015593444214783,500
6,4,5,0.6666666666666666,5.0,5.0,0.44162530311272996,0.0019138682538630783,500,0.47073699981459605,0.00030847508003843096,500,0.5933670675960079,0.00843303855384724,500,0.28055360377734995,0.00193163306465556,500,0.395862211137134,0.002175070788507949,500,0.306325822015758,0.0022281754478861563,500,4.93288228554116,0.07542082766371097,500,0.0391498594090572,0.000598577997331253,500,nan,nan,0,15.083247657570801,0.026518137581009626,500,6.0823578964872596,0.06772507706992538,500,13.732131246499998,7.95206533574069e-17,500,5.333333333330001,3.976032667870345e-17,500,0.52463492063492,0.016093410536444912,500,1.052317460316826,0.017945278556094152,500,0.09836904761904233,0.003017514475581516,500,0.19730952380952038,0.003364739729274275,500
6,4,5,0.6666666666666666,6.0,5.0,0.43879813363111797,0.001880715933059091,500,0.468365352069038,0.0002863807277636424,500,0.34235509388044,0.004118412859006794,500,0.24631019665060402,0.0021733048336865846,500,0.35823024289823197,0.0023759959683887465,500,0.353999531287,0.002677574453827418,500,4.39319309364508,0.07378923886720372,500,0.034866611854326,0.0005856288798985162,500,nan,nan,0,17.621294311011198,0.02179456470634225,500,6.08921405787246,0.06526736644375007,500,16.478557495800004,1.590413067148138e-16,500,5.333333333330001,3.976032667870345e-17,500,0.5429841269841978,0.01638289043575221,500,0.9911111111105465,0.018745986778782198,500,0.1018095238095262,0.0030717919567008036,500,0.1858333333333016,0.0035148725210272123,500
6,4,5,0.6666666666666666,7.0,5.0,0.43041357768334193,0.0019303608880579927,500,0.46556115679286997,0.00028654390476738644,500,0.225452278429136,0.0026036881471988636,500,0.21815964157887402,0.002299238517986243,500,0.32860641964686804,0.002648448965327449,500,0.39761308191219996,0.0031325448454116935,500,4.03033541108566,0.07569008433827383,500,0.0319867889768682,0.0006007149550656457,500,nan,nan,0,20.216261087849198,0.019827525009208494,500,6.08368640556436,0.06762718047804094,500,19.224983745099998,1.590413067148138e-16,500,5.333333333330001,3.976032667870345e-17,500,0.48850793650795854,0.015912884117317463,500,0.9111111111107454,0.01995546234078626,500,0.09159523809523,0.002983665771994195,500,0.17083333333327239,0.003741649188900389,500
6,4,5,0.6666666666666666,8.0,5.0,0.426474257738358,0.0019909958245316606,500,0.463655426214594,0.0002844214271754765,500,0.15731492654189197,0.0016949975335869187,500,0.20758742567980698,0.002460787452928609,500,0.3154420539177681,0.002778903698153902,500,0.414985279964186,0.003346331315712597,500,3.94343106899938,0.07960124980461303,500,0.0312970719761854,0.000631755950830264,500,nan,nan,0,22.8546130299496,0.017491746553977665,500,6.114809615496521,0.06865816124513584,500,21.971409994400002,1.590413067148138e-16,500,5.333333333330001,3.976032667870345e-17,500,0.5236825396825912,0.016180249213875116,500,0.9456507936504406,0.019641629769257932,500,0.09819047619047999,0.003033796727599874,500,0.1773095238094754,0.0036828055817389144,500
6,4,5,0.6666666666666666,9.0,5.0,0.424987889339334,0.001959909065488454,500,0.461211943748666,0.0002573594375043536,500,0.11453853853270439,0.0010272732005627944,500,0.1943965835372624,0.0025491212193239346,500,0.301218450900284,0.002880628493283205,500,0.436540101212946,0.0036633641501549485,500,3.7811830520681204,0.07654101574211987,500,0.030009389302129603,0.0006074683789058236,500,nan,nan,0,25.519341664982196,0.015781787022211436,500,6.171594740648079,0.06790704680382982,500,24.717836243699995,1.590413067148138e-16,500,5.333333333330001,3.976032667870345e-17,500,0.5187301587301798,0.016448295786025764,500,0.9469206349203478,0.019321462286238853,500,0.0972619047618958,0.0030840554598770232,500,0.1775476190475696,0.0036227741786719323,500
6,4,5,0.6666666666666666,10.0,5.0,0.42642231634636996,0.0018179651586700588,500,0.45892814833116,0.00021669215144923569,500,0.0857943388094288,0.0005107554077434387,500,0.1863568064198858,0.0025659013169422053,500,0.291741727163606,0.002912609196626645,500,0.45066205473680204,0.003746184528037358,500,3.67584167265814,0.07547398257772278,500,0.029173346608398803,0.0005989998617280672,500,nan,nan,0,28.180044013237797,0.014371857804335624,500,6.133456800164501,0.06808197612469323,500,27.464262492999996,1.590413067148138e-16,500,5.333333333330001,3.976032667870345e-17,500,0.4962539682540372,0.016156177498218106,500,0.9196190476187833,0.019925632958491847,500,0.0930476190476208,0.0030292832809136003,500,0.17242857142851603,0.003736056179719187,500
6,5,5,0.8333333333333334,1.0,5.0,0.47521263026083205,0.0018840708497109163,500,0.8399343500303339,0.001570845194993694,500,9.124093764449018,0.0629526894635453,500,0.711895931713674,0.00608594349655363,500,0.6715043082149559,0.003857151046754873,500,0.062294958833469,0.0015551492660868342,500,27.46935504195028,0.5886705231435371,500,0.10900537715058979,0.0023359941394577623,500,nan,nan,0,8.20604133914052,0.06829551835206596,500,7.173249604852659,0.07989807338877211,500,3.87628841011,0.0,500,6.0,0.0,500,1.4083174603176498,0.017223652116619456,500,2.69447619047632,0.028767643268426093,500,0.2347195767195892,0.0028706086861034624,500,0.449079365079388,0.004794607211404145,500
6,5,5,0.8333333333333334,2.0,5.0,0.471468912245392,0.0017818326611024236,500,0.8363995364109059,0.0008164668930908857,500,5.235947581230061,0.040567588919808925,500,0.6314034370861621,0.0044037795074626206,500,0.599339788493252,0.0029587363595154955,500,0.09940386126879079,0.0015859782643914205,500,17.605286633548438,0.2700643618458527,500,0.0698622485458188,0.0010716839755780772,500,nan,nan,0,10.66862093879078,0.052177221953068974,500,7.20490631031314,0.07963920677491046,500,7.75257682022,0.0,500,6.0,0.0,500,1.047809523809456,0.012091177717421494,500,1.9978888888888,0.014058676834104084,500,0.1746349206348724,0.0020151962862367755,500,0.332981481481502,0.0023431128056809448,500
6,5,5,0.8333333333333334,3.0,5.0,0.454511555940966,0.0014504629960470723,500,0.829920855265704,0.0005191634577129371,500,2.68806543089294,0.02039233376727206,500,0.505141277736682,0.003488003413878557,500,0.49977062322619004,0.0022202827229119452,500,0.1650641509413474,0.0017864545333579314,500,10.23931436990808,0.11322651522819747,500,0.040632199880586806,0.00044931156836609283,500,nan,nan,0,13.768108353736599,0.04061584684497459,500,7.208112037980266,0.0800375137910608,500,11.628865230299999,7.95206533574069e-17,500,6.0,0.0,500,0.7882857142856433,0.014987342850842963,500,1.528952380952096,0.010868551133555764,500,0.1313809523809371,0.0024978904751401343,500,0.254825396825384,0.0018114251889286886,500
6,5,5,0.8333333333333334,4.0,5.0,0.439336210130776,0.00128873237013714,500,0.825338840330792,0.00030484397464442675,500,1.564911376041638,0.01580690148474783,500,0.403136898615664,0.0027832637848519636,500,0.41612530705364204,0.0017339662899192338,500,0.23490799784921002,0.0019566147313998133,500,6.625901676399301,0.06239911197036776,500,0.0262932606206314,0.00024761552369200634,500,nan,nan,0,17.1908134457956,0.03237924673781603,500,7.248404941295141,0.07879430509761252,500,15.505153640400001,7.95206533574069e-17,500,6.0,0.0,500,0.6528412698413281,0.015363368564550927,500,1.2615238095238561,0.01434288243566582,500,0.10880687830685568,0.0025605614274235296,500,0.2102539682539368,0.002390480405943353,500
6,5,5,0.8333333333333334,5.0,5.0,0.42570393672973,0.0013807895219742658,500,0.8255712581178359,0.000199449427574328,500,0.8927546209446461,0.009401557066360167,500,0.32799516221102604,0.0028928529875352927,500,0.353231175161202,0.0019054132001842222,500,0.29925297223258,0.0026837392829913115,500,4.812729620955119,0.055329351933895196,500,0.0190981334164898,0.00021956092037268648,500,nan,nan,0,20.7097785828306,0.02570781839445181,500,7.11245064420974,0.07750446229088157,500,19.381442050600008,3.180826134296276e-16,500,6.0,0.0,500,0.5610317460317076,0.015615438406829104,500,1.0792698412701138,0.016308728088344125,500,0.09350529100527388,0.0026025730678040605,500,0.17987830687830342,0.0027181213480557916,500
6,5,5,0.8333333333333334,6.0,5.0,0.416472708639208,0.0013254389670210441,500,0.82866861710992,0.00018552260921114006,500,0.5616747052468779,0.005747389915857994,500,0.265034475698254,0.002702703525544524,500,0.30366064191140196,0.0019491796639105044,500,0.35820231775558803,0.0032412797232257567,500,3.7533002082343603,0.04309807512102226,500,0.014894048445375379,0.0001710241076230394,500,nan,nan,0,24.402791036310802,0.022565388356966486,500,7.19799695450922,0.07775808024679179,500,23.257730460699996,1.590413067148138e-16,500,6.0,0.0,500,0.48547619047623164,0.014538229693250516,500,0.9506825396827362,0.017396002084956157,500,0.08091269841270077,0.0024230382822084096,500,0.15844708994707957,0.002899333680823936,500
6,5,5,0.8333333333333334,7.0,5.0,0.41276388470028,0.0013516710444952797,500,0.8316077467379921,0.00017316192133857682,500,0.362982820491894,0.0035931632806223872,500,0.23554132268139602,0.0028357040366528,500,0.278577931089718,0.0020527591763436505,500,0.386532160422116,0.0036828033524613827,500,3.3691210133604,0.04201531894657081,500,0.01336952783079464,0.00016672745613731594,500,nan,nan,0,28.1187525243116,0.019448431434352556,500,7.1839282456484,0.07739730290980064,500,27.134018870799995,1.590413067148138e-16,500,6.0,0.0,500,0.5060317460317455,0.015196689751020731,500,0.9606507936509999,0.01722699717105354,500,0.08433862433860183,0.0025327816251683923,500,0.16010846560844483,0.002871166195173841,500
6,5,5,0.8333333333333334,8.0,5.0,0.41141234503501,0.0013844034717068656,500,0.83362809377848,0.00016369436652474053,500,0.255252825432748,0.002487275038480863,500,0.21382987874306336,0.0028052698373832795,500,0.25991177578999003,0.002148916956490704,500,0.408581325788908,0.004074446974093636,500,3.1181079541010805,0.039364709983968245,500,0.01237344426230576,0.00015620916660296833,500,nan,nan,0,31.8608304733624,0.01708064924575934,500,7.11382036450516,0.07769865172588278,500,31.010307280900005,1.590413067148138e-16,500,6.0,0.0,500,0.5302539682539342,0.01517651795485977,500,0.9535079365082851,0.017772676979116397,500,0.0883756613756464,0.0025294196591428585,500,0.1589179894179601,0.0029621128298501077,500
6,5,5,0.8333333333333334,9.0,5.0,0.409535515134904,0.0013752704316896578,500,0.8347235091965319,0.0001570644990400091,500,0.18568202579603602,0.0015407491704281476,500,0.196233013317641,0.0030246825260861524,500,0.24525374213429002,0.0022979541396995432,500,0.428046655880666,0.004417307670694994,500,2.9486095753855404,0.042062650560279795,500,0.01170083164835502,0.00016691528000115118,500,nan,nan,0,35.6587914181284,0.015149176983781243,500,7.18788522147442,0.07654450840002437,500,34.88659569100001,6.361652268592552e-16,500,6.0,0.0,500,0.5110317460317465,0.015012937078030824,500,0.9449365079366093,0.018324725686648106,500,0.08517195767193517,0.0025021561796706444,500,0.15748941798940735,0.003054120947773082,500
6,5,5,0.8333333333333334,10.0,5.0,0.40995131985953803,0.001335758828704634,500,0.8350305191841381,0.00015269425348796368,500,0.14241179218023997,0.000838774836638208,500,0.18343229261342298,0.002929487857092162,500,0.234293009601474,0.0022996395744381204,500,0.441718296351328,0.004579743802411292,500,2.8265795292812,0.038764908315010976,500,0.0112165854336553,0.00015382900125009564,500,nan,nan,0,39.47857461341399,0.01440223629298368,500,7.274339851409819,0.07988160299032737,500,38.7628841011,0.0,500,6.0,0.0,500,0.504492063492041,0.014757736613204673,500,0.9264444444446139,0.01756207273584439,500,0.08408201058199043,0.002459622768866338,500,0.15440740740738165,0.0029270121226393697,500
6,6,5,1.0,1.0,5.0,0.481049353977578,0.0018600154437469758,500,1.25813860830682,0.0019441056030981728,500,13.97799182800746,0.09217433377884413,500,0.9332391433648041,0.00810850469624096,500,0.689251540065342,0.0038305396000142037,500,0.04328663323210666,0.0012171921073539595,500,45.107420232695006,1.0292061301611783,500,0.09891978121204222,0.0022570309871945103,500,nan,nan,0,9.43514896129426,0.07370296435746947,500,8.195158383251139,0.08689838624659438,500,4.56113285371,0.0,500,6.578947368420002,1.1928098003611036e-16,500,1.5623157894736301,0.01733048522730581,500,2.9676842105266426,0.0281808182036748,500,0.23747199999998203,0.002634233754551045,500,0.451088,0.004283484366958584,500
6,6,5,1.0,2.0,5.0,0.47435846640407,0.0014502483117916742,500,1.25714401301582,0.0008808990276871666,500,7.5931604565385005,0.05646435928674168,500,0.8169150981681521,0.005135098686819629,500,0.6082643496192679,0.002673567115595144,500,0.07639169277852301,0.0012005663858829633,500,25.64240968368654,0.39443914561256443,500,0.056233354569484605,0.0008649981263436391,500,nan,nan,0,12.264948495157139,0.05804037268977602,500,8.045817466483339,0.09129468455122515,500,9.12226570742,0.0,500,6.578947368420002,1.1928098003611036e-16,500,1.1243859649124162,0.01030046054170635,500,2.1656842105262997,0.0123024895500084,500,0.1709066666666768,0.0015656700023388792,500,0.32918400000000003,0.001869978411601327,500
6,6,5,1.0,3.0,5.0,0.446160623387358,0.0011865012415113753,500,1.24716272265842,0.0004562136886597988,500,3.777369955833,0.031802802796512104,500,0.6145908920263781,0.0035997050698813467,500,0.485594426426312,0.0019408341051669845,500,0.14626886476453319,0.0013330634845316353,500,12.273528799108421,0.1406561665691949,500,0.0269156333313762,0.0003084565056341875,500,nan,nan,0,16.0660240417618,0.04312832545735532,500,8.248862436536779,0.08687593954140929,500,13.683398561100004,1.590413067148138e-16,500,6.578947368420002,1.1928098003611036e-16,500,0.8599473684206621,0.01341769004509854,500,1.6218771929824203,0.009165011978498687,500,0.1307119999999968,0.0020394888868575036,500,0.24652533333332002,0.0013930818207299304,500
6,6,5,1.0,4.0,5.0,0.430145959964594,0.0010100978498709227,500,1.2438105911930597,0.00041518746526750613,500,1.961245987894878,0.01962722224030952,500,0.472247123814382,0.002933116151948874,500,0.39712812377398804,0.0015210592522757337,500,0.2204585146802662,0.001620176210099751,500,7.27011627372032,0.0697037875925178,500,0.01594323744236736,0.00015285918331688238,500,nan,nan,0,19.991339382174,0.03295052994100758,500,7.98635916398758,0.08435270479475,500,18.244531414800004,1.590413067148138e-16,500,6.578947368420002,1.1928098003611036e-16,500,0.6638947368419963,0.01415646862982723,500,1.307657894736822,0.012263526162082365,500,0.1009120000000114,0.0021517832317348093,500,0.198763999999992,0.001864055976636991,500
6,6,5,1.0,5.0,5.0,0.416494148198562,0.000985425645815928,500,1.24187946381946,0.0003155365365536051,500,1.1168652418419502,0.010993919137481527,500,0.35831645570289195,0.0026307042460061345,500,0.32565122307133004,0.0014363788953437632,500,0.29689027640720805,0.0021388344468832505,500,4.85766410686762,0.04548970224873625,500,0.010652772164183881,9.975811896652777e-05,500,nan,nan,0,24.2584040836378,0.02763786044280049,500,8.072681760891161,0.08475849170650925,500,22.805664268600005,1.590413067148138e-16,500,6.578947368420002,1.1928098003611036e-16,500,0.5521403508771154,0.013988325792950637,500,1.1062280701754,0.01410606427045114,500,0.08392533333333094,0.00212622552052942,500,0.16814666666666642,0.002144121769108434,500
6,6,5,1.0,6.0,5.0,0.41021208160773,0.0009856622009021948,500,1.24137362178006,0.0002525337230672353,500,0.6814429598746501,0.006406367670293568,500,0.28935899503184603,0.002850660808517718,500,0.279608918272878,0.0015988314430019192,500,0.35523282675288603,0.0027820742520933027,500,3.8342848645397196,0.04382617388879009,500,0.008408519439779919,9.611003045781232e-05,500,nan,nan,0,28.578317857924,0.024215928756866935,500,8.00921222740528,0.08867546315829171,500,27.3667971223,0.0,500,6.578947368420002,1.1928098003611036e-16,500,0.5279035087719397,0.015208039781502088,500,0.9826578947369029,0.01640646906990617,500,0.08024133333333867,0.002311622046788092,500,0.14936399999998082,0.002493783298624934,500
6,6,5,1.0,7.0,5.0,0.40824184804163,0.0009349660732724079,500,1.2432065002000399,0.00023666171704042358,500,0.447867830525708,0.0037917379919997682,500,0.24297092720483002,0.0028092181340545713,500,0.248873039410708,0.001649648260915996,500,0.398630042565372,0.0031385247318660558,500,3.32671856540922,0.038596680110725645,500,0.0072954354504578605,8.464184234794523e-05,500,nan,nan,0,32.969327603804594,0.020889235420085632,500,7.99155294733514,0.08882076821444337,500,31.92792997599999,4.771239201444415e-16,500,6.578947368420002,1.1928098003611036e-16,500,0.532596491228133,0.014487697194394938,500,0.9639736842103198,0.016816758905175925,500,0.0809546666666632,0.0022021299735476034,500,0.14652400000002647,0.0025561473535870675,500
6,6,5,1.0,8.0,5.0,0.40374975981566796,0.0010155561738104174,500,1.24560888047982,0.00025064035205352007,500,0.31580075076317804,0.0023691347035152467,500,0.21796245041440598,0.0029820513923286118,500,0.23046957632670803,0.0017671193680991347,500,0.42496238730797,0.003509683108023913,500,3.1013004516181,0.039753468900860484,500,0.006801097481618341,8.717865987029603e-05,500,nan,nan,0,37.4012699367562,0.019324140628178953,500,7.954745275394219,0.09295474883521197,500,36.4890628297,0.0,500,6.578947368420002,1.1928098003611036e-16,500,0.5355438596491738,0.014951395949419976,500,0.9933596491229699,0.017390588656719067,500,0.08140266666668858,0.0022726121843125815,500,0.15099066666667446,0.002643369475821809,500
6,6,5,1.0,9.0,5.0,0.402123978731582,0.0009717567846380988,500,1.2483528416631602,0.0002455340395710502,500,0.233804799253464,0.0013639856757045184,500,0.2004496091862422,0.003117958057117639,500,0.21685675523773798,0.0018644898310273097,500,0.444910586223772,0.0037510832052365254,500,2.9627074204076203,0.0416301771506674,500,0.0064971653956309595,9.129424813742698e-05,500,nan,nan,0,41.8601815070952,0.016710307969779303,500,7.94706557062558,0.09108252264774996,500,41.0501956834,0.0,500,6.578947368420002,1.1928098003611036e-16,500,0.5567719298246068,0.01570071000045407,500,0.9929824561404864,0.01728337364774673,500,0.08462933333332547,0.0023865079200681206,500,0.15093333333336226,0.0026270727944586888,500
6,6,5,1.0,10.0,5.0,0.400828260715078,0.0009618213149382871,500,1.2506314082355001,0.00021157959273627162,500,0.183523736989808,0.0007746729015066544,500,0.18025388391614597,0.0028475407663535344,500,0.20162221247468798,0.0018436409404625886,500,0.4721355230840919,0.004047951008000444,500,2.74897592601212,0.035721239824582536,500,0.0060284559780965806,7.833605224690367e-05,500,nan,nan,0,46.371455775979406,0.015309341132254956,500,8.12480270154654,0.08979105685946194,500,45.61132853709999,3.180826134296276e-16,500,6.578947368420002,1.1928098003611036e-16,500,0.5136140350878297,0.015094655774102355,500,0.9434736842107168,0.01733790291974318,500,0.07806933333334314,0.0022943876776630604,500,0.14340799999998938,0.0026353612438008585,500
6,7,5,1.1666666666666667,1.0,5.0,0.489962819080348,0.0016257095399265513,500,1.7271162240316398,0.0020177536154514803,500,18.246583180239003,0.09541852295736024,500,1.1901369142962581,0.009211829497429016,500,0.719218179885848,0.0034480985944614806,500,0.0271310429778855,0.0008344918163806443,500,75.0088213826498,1.5841234184021566,500,0.09921801770191939,0.0020954013470927744,500,nan,nan,0,10.22629083397474,0.07850580178605614,500,8.88512529111112,0.0915766742300401,500,4.95199280433,0.0,500,7.0793650793700005,3.976032667870345e-17,500,1.7549999999999921,0.015614930389956259,500,3.3230793650794004,0.025713440013111384,500,0.24790358744393398,0.002205696445217682,500,0.469403587443944,0.003632167535482479,500
6,7,5,1.1666666666666667,2.0,5.0,0.472294283623452,0.0012632809713422589,500,1.7407225520135001,0.000892088966083822,500,10.393358599229101,0.0726223395428798,500,0.9988895344971181,0.005678472561589804,500,0.61293644803832,0.002379803378423322,500,0.061291500978216396,0.0009118543306439366,500,34.8458443752976,0.5107494305851512,500,0.046092386739812606,0.0006755944849011316,500,nan,nan,0,13.402251360622,0.05996302340937132,500,8.890623128188759,0.09263907935888248,500,9.90398560866,0.0,500,7.0793650793700005,3.976032667870345e-17,500,1.1897195767198758,0.008955087481265356,500,2.30984656084656,0.01101138662318816,500,0.16805455904332042,0.0012649563034067407,500,0.326278774289996,0.0015554200835458524,500
6,7,5,1.1666666666666667,3.0,5.0,0.446083464829728,0.0008718965684960313,500,1.7329181610177802,0.0004399046093221365,500,4.831237918238839,0.039567420867986904,500,0.7406600023010019,0.0039246943456169164,500,0.48679972674641,0.0016133827616000127,500,0.12657903655759759,0.0010477136218951415,500,15.334565247468861,0.16593652028551545,500,0.020283816464904396,0.00021949275170041378,500,nan,nan,0,17.358913801983,0.047771737645669485,500,8.77905668734414,0.09703773595693838,500,14.855978413,0.0,500,7.0793650793700005,3.976032667870345e-17,500,0.898047619047608,0.012758765355341928,500,1.732798941799,0.008584257042346185,500,0.1268542600896856,0.0018022471241851137,500,0.244767563527664,0.001212574425263191,500
6,7,5,1.1666666666666667,4.0,5.0,0.423372252610012,0.000819772988542081,500,1.7287225450634,0.0002982778560408146,500,2.53853836446202,0.02817054742213263,500,0.528421455100424,0.0027180883276088238,500,0.382240573878724,0.0012714021528330323,500,0.20995384507262202,0.0012515234655513948,500,8.05291622983316,0.0857600567039268,500,0.01065200559501534,0.0001134392284441823,500,nan,nan,0,21.7656257164282,0.03719008198284807,500,8.80636472228668,0.09522515725062011,500,19.807971217300004,1.590413067148138e-16,500,7.0793650793700005,3.976032667870345e-17,500,0.7369470899472063,0.01317455955017781,500,1.382502645502966,0.00993071777096924,500,0.10409790732436469,0.0018609803848897114,500,0.19528624813151862,0.001402769550606615,500
6,7,5,1.1666666666666667,5.0,5.0,0.41414488430331997,0.0007667567000218504,500,1.7264923151109401,0.0001579606100450493,500,1.3662364207583118,0.014815803559924104,500,0.388997585798394,0.0028025634667747323,500,0.31127401016765394,0.0014068010572587104,500,0.29068535792859407,0.0019256609685327946,500,5.37309702761642,0.070198695944747,500,0.0071072712005505,9.2855417916266e-05,500,nan,nan,0,26.3134720373708,0.030977443475703696,500,8.6733663322159,0.0959557990989343,500,24.7599640217,0.0,500,7.0793650793700005,3.976032667870345e-17,500,0.571878306878353,0.013412882451501025,500,1.141708994709002,0.01283195913933569,500,0.0807810164424475,0.0018946448305921292,500,0.16127279521673782,0.0018125861564535506,500
6,7,5,1.1666666666666667,6.0,5.0,0.407757680286368,0.0008346140389374941,500,1.7272918709773402,0.00013472242070777145,500,0.8309332686630581,0.007020540882385875,500,0.30677525313991205,0.0029281795856564703,500,0.26489364578656205,0.0015222879048444487,500,0.354343570113858,0.0025210419618309776,500,4.20103820369204,0.06087501603497009,500,0.0055569288408622,8.052250798267548e-05,500,nan,nan,0,31.068681641818994,0.026597806026751176,500,8.84834966428522,0.09519858949056537,500,29.711956826,0.0,500,7.0793650793700005,3.976032667870345e-17,500,0.52606878306875,0.014152264418864764,500,0.995243386243458,0.01455776737814778,500,0.0743101644245075,0.001999086678001223,500,0.1405837070253968,0.0020563662439975062,500
6,7,5,1.1666666666666667,7.0,5.0,0.403380252057178,0.0008007396597028057,500,1.7288983742146402,0.00012872075518765045,500,0.55132794350838,0.004030770438713369,500,0.26359439440003996,0.003164135183681476,500,0.23958998867460798,0.0017460404064041264,500,0.392705019602828,0.003191554478905617,500,3.7800766031862603,0.06123628299773062,500,0.005000101326966419,8.100037433567905e-05,500,nan,nan,0,35.8048440722606,0.023524255974884535,500,8.70376382130234,0.09927686763550109,500,34.6639496303,0.0,500,7.0793650793700005,3.976032667870345e-17,500,0.5363650793650173,0.014432051756850042,500,0.9910000000002872,0.016425444161987875,500,0.0757645739910267,0.0020386082078068836,500,0.1399843049327123,0.0023201860587538465,500
6,7,5,1.1666666666666667,8.0,5.0,0.40094025229316604,0.0007899995736819095,500,1.7299647256603201,0.00012593740239228094,500,0.40046675996402,0.002692038323469972,500,0.23020029848222204,0.002984669297709432,500,0.218680474370686,0.001681345725333267,500,0.425246667534236,0.0033709799720775743,500,3.38333597207876,0.04984520676736729,500,0.0044753121323791,6.593281318432244e-05,500,nan,nan,0,40.67061070568379,0.02076892728979585,500,8.95613086952262,0.09682994263524586,500,39.615942434699996,3.180826134296276e-16,500,7.0793650793700005,3.976032667870345e-17,500,0.5233386243385878,0.014367975536147473,500,0.9313968253969532,0.015538704704222518,500,0.07392451420027876,0.002029557082459998,500,0.13156502242147727,0.002194929139833284,500
6,7,5,1.1666666666666667,9.0,5.0,0.401119491258194,0.0008149790740485206,500,1.73084961239232,0.0001035892347606417,500,0.294810713158148,0.0014188755840082558,500,0.21511203098155,0.0028831278433521968,500,0.209398721206824,0.0016962384787431895,500,0.43811384715741597,0.003503321616203206,500,3.2827971868221804,0.04823866695548748,500,0.0043423243211935,6.380776052308436e-05,500,nan,nan,0,45.4596741939126,0.017984789412099474,500,8.7094293539603,0.09589123714399614,500,44.567935239,0.0,500,7.0793650793700005,3.976032667870345e-17,500,0.5342328042327392,0.013645019224388464,500,0.9662275132275802,0.014864316940924336,500,0.07546337817636696,0.001927435450978953,500,0.13648505231686966,0.0020996680880668826,500
6,7,5,1.1666666666666667,10.0,5.0,0.400426750652628,0.0007651421868114852,500,1.7315947325189003,8.346663424549829e-05,500,0.230835401818218,0.0008070274928867638,500,0.1933634823248116,0.002658760436835486,500,0.196004412845278,0.0015910817848009322,500,0.46093213634163,0.003474627200177802,500,3.0426250531283205,0.04060061074507714,500,0.00402463631366178,5.370451156756804e-05,500,nan,nan,0,50.3503200482598,0.015934546213719626,500,8.879164895271398,0.09194608598280693,500,49.5199280433,0.0,500,7.0793650793700005,3.976032667870345e-17,500,0.5023492063491638,0.01355095406269422,500,0.9304021164022159,0.014534134447532581,500,0.07095964125560206,0.0019141482196190925,500,0.1314245142002586,0.002053027960077446,500
6,8,5,1.3333333333333333,1.0,5.0,0.496949846966824,0.001442147366457258,500,2.22537112946098,0.001832859869099402,500,21.359034240025597,0.08519718801356682,500,1.432404301532688,0.010302037324899932,500,0.743671161318234,0.0033116895976090847,500,0.017812942252140182,0.0006082983107116841,500,119.8449201336938,2.540971700590246,500,0.10322559873703199,0.0021886061159262704,500,nan,nan,0,10.828239114170902,0.0842518892433483,500,9.4117207369965,0.09838219488438543,500,5.232830786799999,3.976032667870345e-17,500,7.503875968990001,3.976032667870345e-17,500,1.9401653746770762,0.01541274582509684,500,3.64593281653758,0.02592589807930278,500,0.258555096418744,0.002053971292806739,500,0.485873278236918,0.0034550008804036876,500
6,8,5,1.3333333333333333,2.0,5.0,0.479458897738308,0.0011278918959805972,500,2.2569745887747596,0.001011262951660835,500,12.99155435255024,0.08459553015702309,500,1.22475388864861,0.00658148565783886,500,0.633953205046776,0.002205667620793939,500,0.044922825349957805,0.0006897302791028442,500,50.202471184802,0.6978975998166853,500,0.0432407159214512,0.0006011176570342475,500,nan,nan,0,14.2876034057328,0.06480237125211574,500,9.58153354449134,0.09904583010990792,500,10.465661573599998,7.95206533574069e-17,500,7.503875968990001,3.976032667870345e-17,500,1.282980189491786,0.007521811352007615,500,2.48976055124892,0.009700639729071692,500,0.17097566574841,0.0010023901491827659,500,0.33179660238752,0.0012927505424075467,500
6,8,5,1.3333333333333333,3.0,5.0,0.444662373068152,0.0007430892701458812,500,2.25670658608728,0.0006688082598846869,500,5.9852371290442,0.047898746646623996,500,0.86849256639532,0.0041269317045358545,500,0.490703561818896,0.0013989824727965428,500,0.1093488552982204,0.0008435548020876652,500,18.75677650743926,0.16119536832521333,500,0.0161557075860821,0.00013884183318276614,500,nan,nan,0,18.4090365357126,0.05150273689880602,500,9.40918259240322,0.10248280708626618,500,15.6984923604,0.0,500,7.503875968990001,3.976032667870345e-17,500,0.951255813953732,0.011027217425025253,500,1.8276072351422,0.007179141178062994,500,0.1267685950413412,0.0014695362064330291,500,0.24355509641875403,0.0009567243925312815,500
6,8,5,1.3333333333333333,4.0,5.0,0.42142727688069404,0.0006161258200935536,500,2.2497481436541396,0.000471211514275775,500,3.06429696582372,0.029666746386966935,500,0.598642203838998,0.002846766331245122,500,0.37872899441960195,0.0009698315698923272,500,0.19291662702952597,0.0010337970102930563,500,8.837615073174042,0.06368481738371438,500,0.0076120715531222604,5.485341721253338e-05,500,nan,nan,0,23.0350577260428,0.037358985141007495,500,9.42109113733086,0.09425468336685641,500,20.931323147199997,1.590413067148138e-16,500,7.503875968990001,3.976032667870345e-17,500,0.734439276485896,0.013072345107552943,500,1.4276899224804402,0.008560296181555543,500,0.09787465564738179,0.001742079048423279,500,0.190260330578504,0.0011407832721288635,500
6,8,5,1.3333333333333333,5.0,5.0,0.408325117636198,0.0005954022101835276,500,2.24377742716964,0.0003214645352203097,500,1.6784843073659599,0.0162450286628611,500,0.42593577647702396,0.0027784913424511795,500,0.30174629235324,0.0010467012510401684,500,0.2774462589524,0.0015611732051941786,500,5.44559213437234,0.04667756609673676,500,0.004690432501612839,4.0204621961016445e-05,500,nan,nan,0,27.8524804503984,0.03390776583885988,500,9.291919009656882,0.10433178760765002,500,26.16415393400001,3.180826134296276e-16,500,7.503875968990001,3.976032667870345e-17,500,0.611521102497903,0.012600739712954964,500,1.188578811369464,0.01051753650262188,500,0.08149403122130014,0.0016792308088540808,500,0.1583953168043876,0.0014016138521061113,500
6,8,5,1.3333333333333333,6.0,5.0,0.402169596588282,0.0006316037459396251,500,2.2410780959448604,0.00016399062527207626,500,1.020738266652942,0.007489793694701224,500,0.323450806314712,0.002730575705181328,500,0.252062121117694,0.0011330465576939442,500,0.34774797065530005,0.002111358509883586,500,4.07229687874584,0.04020784654285404,500,0.0035075769842770202,3.463208143226055e-05,500,nan,nan,0,32.8613644403138,0.028302992056138038,500,9.45059366782054,0.10193155849690222,500,31.3969847208,0.0,500,7.503875968990001,3.976032667870345e-17,500,0.5526787252369048,0.013606029459472799,500,1.043496985357514,0.012666891461866893,500,0.07365243342515686,0.0018132002068924383,500,0.13906106519745418,0.0016880464861378562,500
6,8,5,1.3333333333333333,7.0,5.0,0.398371905467168,0.000612112588184714,500,2.2402314869822804,9.739969641452684e-05,500,0.69042737180575,0.00436055202856739,500,0.26781332988231205,0.002979088484526633,500,0.22107215341066,0.00130835210048831,500,0.39908156024346,0.0026817779003828297,500,3.4629276218166196,0.040027417183607784,500,0.00298271112990238,3.447667285409257e-05,500,nan,nan,0,37.896478510273,0.024666746077210196,500,9.460009539122838,0.10219568060262067,500,36.629815507600014,6.361652268592552e-16,500,7.503875968990001,3.976032667870345e-17,500,0.5364892334194424,0.013268312711282473,500,0.979906976744222,0.013892122111717543,500,0.07149494949494041,0.001768194565862657,500,0.1305867768595058,0.001851326190508721,500
6,8,5,1.3333333333333333,8.0,5.0,0.39753216996029594,0.0006033540048529821,500,2.24035416911866,8.431629818708978e-05,500,0.491591243540106,0.002478726806935494,500,0.235930181214362,0.0027925536640293906,500,0.203161090219502,0.0012909255770192569,500,0.428731444291604,0.0028856382484058482,500,3.19220198554138,0.03534762746203784,500,0.00274952798065596,3.0445846220532155e-05,500,nan,nan,0,42.926746526870396,0.02149729860132205,500,9.24147433437562,0.10060109450540274,500,41.862646294399994,3.180826134296276e-16,500,7.503875968990001,3.976032667870345e-17,500,0.5518690783806356,0.012925143027171026,500,0.9934745908701221,0.013739072958487464,500,0.0735445362717972,0.0017224622422571747,500,0.13239485766762335,0.0018309301773203346,500
6,8,5,1.3333333333333333,9.0,5.0,0.397024253420274,0.00064435670187388,500,2.24045913179606,8.535445536215367e-05,500,0.377581793225406,0.0016683765038930695,500,0.2110784321168976,0.0029881687471777895,500,0.18780984182304003,0.0014085450545995681,500,0.457650501244888,0.0032950654766972123,500,2.9720918200618,0.036382257867515054,500,0.0025599412748164,3.133700074721274e-05,500,nan,nan,0,48.093496935564794,0.019629725673069694,500,9.485177649516874,0.10231947962637909,500,47.095477081199995,3.180826134296276e-16,500,7.503875968990001,3.976032667870345e-17,500,0.5446614987080349,0.013686437970593783,500,0.9743496985358643,0.014737975253498865,500,0.07258402203856552,0.0018239158039320687,500,0.1298461891644142,0.0019640483550644877,500
6,8,5,1.3333333333333333,10.0,5.0,0.396437066317036,0.0006773689449409923,500,2.2400512174751404,8.202341224796424e-05,500,0.295247765736452,0.0009717593061295466,500,0.1958612931795096,0.002766615913525448,500,0.17865636759838202,0.0013672270444494686,500,0.47308050238868005,0.0032482212772080203,500,2.86606083348426,0.03345305467394642,500,0.0024686139823292203,2.8814000580475903e-05,500,nan,nan,0,53.2118498229074,0.017666471317922892,500,9.3858237427735,0.10316834419807838,500,52.32830786800002,6.361652268592552e-16,500,7.503875968990001,3.976032667870345e-17,500,0.5658294573643403,0.012743028982799718,500,0.991848406546204,0.014150867252684609,500,0.07540495867766939,0.0016981929119633903,500,0.1321781450872496,0.0018858077227236593,500
6,9,5,1.5,1.0,5.0,0.501617798732946,0.0013779199637277066,500,2.75451725848614,0.0016250120526782798,500,24.0585384729078,0.0736358393393072,500,1.644036664800086,0.011413442008043092,500,0.75947249555777,0.0032463628808256455,500,0.012679794398164919,0.000462670735580223,500,176.3022679768918,4.027741715000205,500,0.1058236902622362,0.0024176120738298016,500,nan,nan,0,11.5177273539409,0.09648177989537221,500,10.024222052093481,0.11398009625186947,500,5.50775218521,0.0,500,7.858343337329999,3.976032667870345e-17,500,2.1009003601441036,0.016041944862853756,500,3.9105546218486804,0.026360669168699516,500,0.267346471127394,0.0020413901727393755,500,0.49763091964559203,0.0033544817319801756,500
6,9,5,1.5,2.0,5.0,0.48678220714552,0.0010778968387227862,500,2.7981599165479802,0.0009454749304587805,500,15.131543609943199,0.09803688910352379,500,1.4605891162028337,0.00783918193831588,500,0.6587253271738659,0.0022118760140592934,500,0.0323895540121012,0.0005550914632903227,500,72.591578080658,1.0233585653007422,500,0.0435723757987134,0.0006142608435177103,500,nan,nan,0,14.9856712607434,0.07378837543724882,500,9.97953595822118,0.11284964467641037,500,11.015504370399999,7.95206533574069e-17,500,7.858343337329999,3.976032667870345e-17,500,1.35465786314544,0.006621240585987462,500,2.65879231692682,0.008752325094998537,500,0.172384662389254,0.0008425746116903028,500,0.338340054995384,0.0011137621149014385,500
6,9,5,1.5,3.0,5.0,0.44605902268602005,0.0006948774585269619,500,2.80960361699482,0.00042393854879294555,500,7.15311449536128,0.06222443475915362,500,1.023238650336204,0.0044894339061256824,500,0.503459702651538,0.001326209816831365,500,0.0912271662923096,0.0006842930728972104,500,23.2891262877706,0.2033343919397158,500,0.01397906739962346,0.00012204945494571884,500,nan,nan,0,19.335382419851,0.05438427751426629,500,9.8107950369388,0.11022998396372916,500,16.523256555599996,1.590413067148138e-16,500,7.858343337329999,3.976032667870345e-17,500,1.002252100840296,0.009935914843020465,500,1.92456662665072,0.006201626339579133,500,0.12753987167735562,0.0012643777977749124,500,0.24490742438128002,0.0007891773206343275,500
6,9,5,1.5,4.0,5.0,0.41909878838072606,0.0005349001818926023,500,2.80954409380048,0.0003201466152167938,500,3.6644055932898,0.03748698770663632,500,0.673769313752102,0.003109421242130062,500,0.379736581835326,0.0009314658601268029,500,0.1761975912495582,0.0009419597202851829,500,9.830405386958521,0.07068038041940336,500,0.00590060347356432,4.242519833098508e-05,500,nan,nan,0,24.2990415763736,0.04431306661110652,500,9.99784562090582,0.11057346074915322,500,22.031008740799997,1.590413067148138e-16,500,7.858343337329999,3.976032667870345e-17,500,0.7709891956781919,0.012409302805445506,500,1.48416086434574,0.0070456118987701705,500,0.0981109074244032,0.0015791245397104407,500,0.18886434463794596,0.0008965772550706372,500
6,9,5,1.5,5.0,5.0,0.40667086563002697,0.0006487658451150394,334,2.807312145684551,0.0003262855636747713,334,1.9634462503268262,0.021868095510877705,334,0.4740122236953413,0.003718965842445355,334,0.3016559145043503,0.0012382673058578292,334,0.2585154056628563,0.0018675775785043256,334,5.86081109454012,0.06128937333688513,334,0.003517893814250149,3.67883393378686e-05,334,nan,nan,0,29.348217480635324,0.04163010903834614,334,9.896400550398234,0.1293653144537269,334,27.538760926000005,3.8937502065379514e-16,334,7.85834333733,0.0,334,0.6360136869118674,0.016016891895343298,334,1.2317609678601587,0.011592887265547004,334,0.08093483061375623,0.002038202100340022,334,0.15674562881569643,0.0014752329807801018,334
6,9,5,1.5,6.0,5.0,0.40130904617079505,0.0006089630001689761,327,2.8051827577520183,0.0002973253845598215,327,1.1992872391090825,0.010244597219370224,327,0.3556406530809296,0.0038705491165441997,327,0.25086024620733943,0.0014312503645123827,327,0.32805244482655654,0.0026522840046912985,327,4.2772237459378895,0.05603117715739302,327,0.0025673611920392966,3.363215915809749e-05,327,nan,nan,0,34.57308134574618,0.03710715644820598,327,9.883247981172723,0.13562191509376745,327,33.0465131112,0.0,327,7.858343337329999,4.9191653028454083e-17,327,0.5666853897522637,0.015519194468428121,327,1.0732733460357002,0.014580083811901063,327,0.07211257709496313,0.001974868468102067,327,0.13657755839409388,0.0018553635525971478,327
6,9,5,1.5,7.0,5.0,0.39597629702398773,0.0006409914683315382,325,2.8035808314248616,0.0002613696990401974,325,0.807270473827006,0.005512223019322329,325,0.28317944888030155,0.0032629721077681918,325,0.21747592438620927,0.0013553497382159754,325,0.3803198671808584,0.0029779407566315973,325,3.5053787607295384,0.04297801439315176,325,0.002104068883991077,2.579712748687214e-05,325,nan,nan,0,39.90770285769231,0.0326171693294291,325,10.034607791875077,0.1343102903483879,325,38.5542652964,0.0,325,7.858343337329998,9.868649107779169e-17,325,0.5480025856496992,0.015207325878947702,325,0.9986850124663077,0.01489124093761591,325,0.069735128910187,0.0019351821657737792,325,0.1270859479658723,0.0018949593188257393,325
6,9,5,1.5,8.0,5.0,0.396193819390164,0.0005989644124916424,372,2.8020812493191394,0.0001870188132034367,372,0.5844939758026156,0.0034727788562290817,372,0.24697368278435483,0.0030850875132291777,372,0.19841743169130108,0.0013559158510341235,372,0.4111973989282608,0.0032909495260080965,372,3.1832790935572577,0.037193629980375564,372,0.001910731748833871,2.232510803142772e-05,372,nan,nan,0,45.257130810006444,0.027255972339937547,372,10.060545245943306,0.12511499198910042,372,44.062017481700025,1.1066862235178796e-15,372,7.858343337329999,4.611192597991165e-17,372,0.5586654016445478,0.014137958308012814,372,0.9827511649821049,0.01464925761110787,372,0.07109200726702083,0.0017991016300906908,372,0.12505831353961505,0.0018641661457475308,372
6,9,5,1.5,9.0,5.0,0.3931786136118046,0.0006400829058770507,348,2.800778131600891,0.00012476070890958364,348,0.4410349900185231,0.002257774102432086,348,0.22224865543954594,0.0033978592157821006,348,0.18512502171994252,0.0014980131497676853,348,0.43408924040925,0.0037244044492426823,348,2.999792651230977,0.04005362773438147,348,0.0018005958290702871,2.4041793357981523e-05,348,nan,nan,0,50.605722572803735,0.023498795893673423,348,9.935628838841696,0.12302600389609587,348,49.56976966690001,3.814393260590655e-16,348,7.85834333733,0.0,348,0.5564881124863996,0.015182445966691412,348,0.9833726594085144,0.01566273731848039,348,0.07081494007044611,0.0019320161152235223,348,0.1251374007466385,0.0019931347672316945,348
6,9,5,1.5,10.0,5.0,0.394007305731007,0.0005756445302644993,428,2.800642833489229,0.00010052348347439271,428,0.3459089258535584,0.0012796739714647665,428,0.20682609607647992,0.0029780440666435084,428,0.1760389361247196,0.0013512956833138501,428,0.4482607081758994,0.0034982676078363344,428,2.8868662366534577,0.033851051648481276,428,0.0017328128671392758,2.0318758492497056e-05,428,nan,nan,0,56.04328137844486,0.020939166870381602,428,10.061374470512032,0.12119560187526267,428,55.07752185209999,3.438557303751304e-16,428,7.858343337329999,4.29819662968913e-17,428,0.5689070020533067,0.01384478288732456,428,0.9770534381975222,0.014697082714328574,428,0.0723952845570295,0.0017617940948874411,428,0.12433325909240084,0.0018702520472102368,428
6,3,5,0.5,1.0,6.0,0.444009002254302,0.0029435281964332732,500,0.22989126594882803,0.0010251430872522608,500,1.795541994786924,0.01921765425900185,500,0.28779230701447794,0.0034174681216237826,500,0.5520480910190799,0.004757926511130554,500,0.20742559849748737,0.004018653960388596,500,6.7709688292785,0.1374476573092585,500,0.1209101576657064,0.0024544224519510143,500,nan,nan,0,6.40046692317872,0.06442581318622823,500,6.1336936321003,0.06786300242990832,500,1.7654696590100007,2.982024500902759e-17,500,4.5,0.0,500,0.8426428571428565,0.017521842325750027,500,1.6294285714284873,0.02858460474880004,500,0.1872539682539854,0.0038937427390527456,500,0.3620952380951972,0.006352134388622509,500
6,3,5,0.5,2.0,6.0,0.460923277402566,0.0030627781451944168,500,0.233591170278326,0.0008818160594717626,500,1.609511165106274,0.01493800790308724,500,0.283995912216816,0.0028566594352568385,500,0.5354067277747199,0.0038854182357881016,500,0.2221763205982034,0.0032925464118104646,500,6.14646712211878,0.09341733925543604,500,0.10975834146639539,0.0016681667724169705,500,nan,nan,0,7.05236416185332,0.05738556634412648,500,6.05037743727712,0.06795759581201186,500,3.5309393180200015,5.964049001805518e-17,500,4.5,0.0,500,0.7273571428572152,0.01368625276636504,500,1.426428571428818,0.018581528447903447,500,0.16163492063493817,0.0030413895036329863,500,0.316984126983976,0.004129228543974592,500
6,3,5,0.5,3.0,6.0,0.456056227443414,0.0029569191173804943,500,0.236550174411094,0.0006271396649759891,500,1.135144435564242,0.012714761906184511,500,0.260293040281612,0.0024490622628103044,500,0.48874035614683997,0.003398733304077346,500,0.26635535342567196,0.003133696847845008,500,5.14513324759868,0.06889354094350247,500,0.0918773794213984,0.0012302418025622506,500,nan,nan,0,8.140748167353241,0.049881597120481354,500,6.09284131672866,0.06846024918315119,500,5.296408977029999,3.976032667870345e-17,500,4.5,0.0,500,0.6567857142858504,0.016299037184598915,500,1.225285714285462,0.015484118444750975,500,0.14595238095241997,0.003622008263240721,500,0.2722857142856846,0.003440915209942731,500
6,3,5,0.5,4.0,6.0,0.44237726873095395,0.00273927666926577,500,0.23643807752262597,0.0004939334848822361,500,0.706695057412466,0.00725622042049741,500,0.230784632069248,0.0020913902942336624,500,0.437148362484404,0.0026966920401841244,500,0.31944933718442003,0.003041206012802123,500,4.18188401535384,0.045149866999219385,500,0.07467650027416559,0.0008062476249854766,500,nan,nan,0,9.361697727986819,0.04000846275334594,500,6.0428768021271795,0.06415212855147609,500,7.061878636040003,1.1928098003611036e-16,500,4.5,0.0,500,0.5350714285714856,0.016242778382313923,500,1.026500000000036,0.01674747396893497,500,0.11890476190481147,0.003609506307179436,500,0.2281111111110846,0.003721660881981091,500
6,3,5,0.5,5.0,6.0,0.436303622761206,0.002882365983047772,500,0.23957492442610803,0.0005024515138014142,500,0.47641815563123396,0.006774792426533709,500,0.20375082781645598,0.0019273528483369465,500,0.387823996776248,0.002474066209668116,500,0.3712612058375261,0.003233406122117236,500,3.46484803969578,0.03692836877484642,500,0.06187228642313859,0.0006594351566936695,500,nan,nan,0,10.807652974760419,0.03806319921596677,500,6.10212525553556,0.06892107284328465,500,8.82734829505,0.0,500,4.5,0.0,500,0.49235714285714904,0.015668821030205476,500,0.8975714285714734,0.0177615949349048,500,0.10941269841272727,0.0034819602289329113,500,0.19946031746030946,0.003947021096642857,500
6,3,5,0.5,6.0,6.0,0.43282101298274,0.0028854617552596168,500,0.244235192520126,0.0005153696043178025,500,0.313053753461766,0.004658024015983992,500,0.17772637851930723,0.0019777703386095347,500,0.345009315099294,0.0025201289138088293,500,0.42183441154146006,0.0038026599647615366,500,2.97262699168264,0.03380892246691305,500,0.053082624851476794,0.0006037307583374053,500,nan,nan,0,12.3146628327326,0.03149487043942484,500,6.15468511519098,0.06421954943197285,500,10.592817954099997,7.95206533574069e-17,500,4.5,0.0,500,0.40714285714283777,0.016097213466288257,500,0.8074285714288731,0.01868263298972755,500,0.09047619047620915,0.003577158548062638,500,0.17942857142857352,0.004151696219932859,500
6,3,5,0.5,7.0,6.0,0.425133587277564,0.002826604552835133,500,0.251038223481752,0.0004394859795427153,500,0.19672181078879117,0.003455706940567035,500,0.1645822513332294,0.002010433280784199,500,0.321974906931762,0.0027189921324341287,500,0.443337061879034,0.004260652842345657,500,2.76757143692104,0.035437753559858426,500,0.049420918516445596,0.0006328170278550731,500,nan,nan,0,13.7925260257868,0.02771263916514383,500,5.9750700016409795,0.066221634221019,500,12.358287613100002,7.95206533574069e-17,500,4.5,0.0,500,0.4247857142857826,0.01622144760994718,500,0.8224285714290286,0.019853560858919594,500,0.09439682539685165,0.003604766135540608,500,0.18276190476190196,0.004411902413084853,500
6,3,5,0.5,8.0,6.0,0.422301725835684,0.002925083801214212,500,0.255324457713712,0.0003369629518734345,500,0.1375508267818984,0.0028866461164946413,500,0.1504019005390526,0.0019649460488521185,500,0.2988028001044,0.002724198858264763,500,0.471578256672678,0.004357551823273962,500,2.57961724805228,0.03373530289177462,500,0.0460645937152212,0.000602416123067265,500,nan,nan,0,15.42653832001,0.025308090812493408,500,6.054825919543441,0.06573550836620565,500,14.123757272099995,2.3856196007222073e-16,500,4.5,0.0,500,0.4006428571428424,0.01554354415035929,500,0.7614285714289598,0.01941603812579589,500,0.08903174603177286,0.0034541209223007277,500,0.16920634920635028,0.004314675139058561,500
6,3,5,0.5,9.0,6.0,0.41664684678972996,0.002842341521061836,500,0.25828338487022,0.00021735392386771133,500,0.0995182698934494,0.0023914928203409916,500,0.13968575099829939,0.002129209867617026,500,0.281341189434258,0.00300035027402076,500,0.492193779282244,0.004903711803720855,500,2.4654214094644202,0.03393677289207516,500,0.0440253823118656,0.0006060138016441302,500,nan,nan,0,17.0858497427392,0.02358892398483119,500,6.11465417857634,0.06858716599703103,500,15.889226931100003,1.590413067148138e-16,500,4.5,0.0,500,0.42042857142863377,0.016684823586277348,500,0.7790000000002718,0.02039976226826471,500,0.0934285714285775,0.0037077385747244936,500,0.17311111111110802,0.004533280504053066,500
6,3,5,0.5,10.0,6.0,0.418981887409676,0.0029473683515014687,500,0.25990009916495205,0.0001313685658265621,500,0.06890463526132919,0.0016174411910719552,500,0.13342506871529441,0.002069609770761779,500,0.27167732506997,0.0029476302529187043,500,0.5015210071986,0.005073755588125218,500,2.3929235011560603,0.030275993688905805,500,0.042730776806358,0.0005406427444449131,500,nan,nan,0,18.7553666216814,0.02127271252637937,500,6.17909055246342,0.06518229394585669,500,17.6546965901,0.0,500,4.5,0.0,500,0.390714285714329,0.015943113105891457,500,0.775642857143271,0.0197918752119324,500,0.08682539682542295,0.0035429140235294977,500,0.17236507936508155,0.0043981944915327306,500
6,4,5,0.6666666666666666,1.0,6.0,0.452648553937514,0.002231209432815291,500,0.48411977832224595,0.0013893182426543127,500,4.433107408036239,0.03982958241875851,500,0.44531017414684,0.0051330658939480476,500,0.5895456882436619,0.0046885552979641296,500,0.1310281404610036,0.003001338236363312,500,12.401382006997359,0.3023083633934616,500,0.0984236667222084,0.0023992727253454756,500,nan,nan,0,7.80246739123142,0.07383313663273543,500,7.26665018902304,0.08072380456612138,500,2.7464262493000002,1.9880163339351726e-17,500,5.333333333330001,3.976032667870345e-17,500,1.0584126984126419,0.01769185448719735,500,2.04158730158749,0.029721489455147073,500,0.19845238095241075,0.0033172227163508453,500,0.3827976190476568,0.0055727792728417005,500
6,4,5,0.6666666666666666,2.0,6.0,0.45686592020514,0.002245406651365592,500,0.490786162225088,0.0010787780410794988,500,3.37171751538262,0.023739187195722253,500,0.42131805658770394,0.003638560582091765,500,0.5478322497276119,0.003432407164838317,500,0.15983103307504082,0.002464635070489109,500,9.47912547939588,0.1516633128745094,500,0.07523115459836781,0.0012036770863046657,500,nan,nan,0,9.17517014964262,0.05625720635407331,500,7.27828627828956,0.0724346061908681,500,5.4928524986000005,3.976032667870345e-17,500,5.333333333330001,3.976032667870345e-17,500,0.8517777777786261,0.01306443095560898,500,1.658095238094428,0.015668182450531098,500,0.1597083333333582,0.0024495808041706357,500,0.310892857142818,0.002937784209471339,500
6,4,5,0.6666666666666666,3.0,6.0,0.44693802074454597,0.002117237756229979,500,0.48323624544984206,0.0007702877683657096,500,1.986643130449238,0.01567228922403686,500,0.36281400161892197,0.002841435717567641,500,0.4817027973503101,0.002686911755639481,500,0.214043809414804,0.0022947841123321195,500,6.8478559040184,0.09152348956496544,500,0.0543480627303016,0.0007263769013089794,500,nan,nan,0,11.10282003191488,0.046650761970384515,500,7.3335808274267205,0.07344187954102147,500,8.239278747909998,7.95206533574069e-17,500,5.333333333330001,3.976032667870345e-17,500,0.6938412698413292,0.014794771597703416,500,1.355873015872854,0.01290992688758992,500,0.13009523809528206,0.0027740196745705305,500,0.25422619047622,0.0024206112914239397,500
6,4,5,0.6666666666666666,4.0,6.0,0.43834314107175404,0.001955662088544828,500,0.4774478655840879,0.0005929131285550993,500,1.2141873767854021,0.013095305597358045,500,0.31285929257496004,0.002276126191028749,500,0.42371619872512994,0.002285067874194967,500,0.26827758617271796,0.002332695107453005,500,5.2862929571367605,0.06354529222424214,500,0.0419547060090222,0.0005043277160654917,500,nan,nan,0,13.302061509119799,0.041267104816478016,500,7.363731396999899,0.07602828836858248,500,10.985704997200001,7.95206533574069e-17,500,5.333333333330001,3.976032667870345e-17,500,0.5863174603174941,0.014763222511951246,500,1.1488253968267979,0.014917288170036638,500,0.10993452380953816,0.0027681042209906897,500,0.2154047619047814,0.0027969915318747794,500
6,4,5,0.6666666666666666,5.0,6.0,0.43310705873995603,0.0019211924368722295,500,0.47401651063010797,0.00044223800993608236,500,0.750053291729362,0.011831482796748028,500,0.264203997694674,0.0021091440245796763,500,0.37257691105408797,0.002288371746791331,500,0.32801386584601,0.0025934350270410047,500,4.3808700303340995,0.06920791118165735,500,0.034768809764554,0.0005492691363619506,500,nan,nan,0,15.6631442654656,0.03730649844504945,500,7.35327189083894,0.08238124199250411,500,13.732131246499998,7.95206533574069e-17,500,5.333333333330001,3.976032667870345e-17,500,0.5053650793650573,0.016531247473235137,500,0.9755555555556766,0.01802853812390441,500,0.09475595238095816,0.0030996089012305674,500,0.1829166666667058,0.0033803508982340707,500
6,4,5,0.6666666666666666,6.0,6.0,0.428329354187428,0.0018222395593807303,500,0.471454074894948,0.00034467211587190384,500,0.44361439854577406,0.007210943340880892,500,0.225512465958752,0.0021020533059023156,500,0.331334155549038,0.002394771845664517,500,0.38262336734937,0.003049147731846233,500,3.7651018008883796,0.05848155941003281,500,0.0298817603245102,0.0004641393603968857,500,nan,nan,0,18.1523207188514,0.03284612391107592,500,7.42650287805246,0.08192694824533739,500,16.478557495800004,1.590413067148138e-16,500,5.333333333330001,3.976032667870345e-17,500,0.4573333333333574,0.014514304905827743,500,0.9029841269838589,0.018231936539139057,500,0.08575000000000679,0.0027214321698401304,500,0.16930952380952233,0.0034184881010908366,500
6,4,5,0.6666666666666666,7.0,6.0,0.422910932224976,0.002003823557115935,500,0.46869128871829197,0.00031555500406117265,500,0.26735832626915196,0.0035962450361804585,500,0.203401032800591,0.0021594253261641803,500,0.3069647906600881,0.0025527648594775914,500,0.41930948208392804,0.0033698126236935554,500,3.5230987011089803,0.06196827032332098,500,0.0279611008024526,0.0004918116692328116,500,nan,nan,0,20.5975855327838,0.02832507891673652,500,7.1864129863329,0.08274294293169464,500,19.224983745099998,1.590413067148138e-16,500,5.333333333330001,3.976032667870345e-17,500,0.4355555555555572,0.014383361356497456,500,0.817777777777619,0.018212182015016034,500,0.0816666666666636,0.002696880254340427,500,0.1533333333333034,0.0034147841278158496,500
6,4,5,0.6666666666666666,8.0,6.0,0.423342230251422,0.0019726793432568493,500,0.467747746046356,0.00028534661607328485,500,0.18628948305667203,0.0023022072340585713,500,0.1817671801581464,0.0022231021713122992,500,0.281502730415606,0.00258234866979344,500,0.456079826187994,0.0037194965845680173,500,3.2102522410076197,0.057809745090574294,500,0.0254781923889484,0.0004588075007185241,500,nan,nan,0,23.27366103078,0.02396442167628537,500,7.495873613069641,0.07778099707350808,500,21.971409994400002,1.590413067148138e-16,500,5.333333333330001,3.976032667870345e-17,500,0.42298412698415655,0.015456377852374525,500,0.7787936507936825,0.018901100969888555,500,0.0793095238095174,0.002898070847316809,500,0.14602380952378538,0.0035439564318523456,500
6,4,5,0.6666666666666666,9.0,6.0,0.421143831259242,0.0019396200949398997,500,0.46480402345977595,0.0002927374580601825,500,0.1322408857898738,0.0016105246150462044,500,0.17297160566602837,0.002340063540291886,500,0.27239826694063596,0.00276534113749419,500,0.471751176189694,0.0038412546150318,500,3.1967827768695196,0.06261052276775347,500,0.025371291879918403,0.0004969089108552128,500,nan,nan,0,25.8452483633838,0.022201407694010248,500,7.342046748853139,0.08188341925940475,500,24.717836243699995,1.590413067148138e-16,500,5.333333333330001,3.976032667870345e-17,500,0.42514285714287026,0.01521825005841135,500,0.7949206349205532,0.017755952047924142,500,0.07971428571428141,0.0028534218859497876,500,0.14904761904757458,0.0033292410089847775,500
6,4,5,0.6666666666666666,10.0,6.0,0.411344069510944,0.0018190443888981191,500,0.462646287496532,0.0002707152321879677,500,0.0983050786976808,0.0010821198600949019,500,0.16397073010486302,0.0022458628164495043,500,0.261327383146382,0.0026604360762310523,500,0.488379253804932,0.003978363891316422,500,3.05703423078618,0.052454825665641816,500,0.0242621764348104,0.00041630814020336324,500,nan,nan,0,28.483991005983,0.019516849025492194,500,7.36423123771694,0.07766894974032082,500,27.464262492999996,1.590413067148138e-16,500,5.333333333330001,3.976032667870345e-17,500,0.3921269841269888,0.01422880983857008,500,0.7744761904761644,0.018121006993873902,500,0.0735238095238132,0.0026679018447297196,500,0.14521428571426198,0.0033976888113495893,500
6,5,5,0.8333333333333334,1.0,6.0,0.45377237234805795,0.0018608617480301295,500,0.8294387822586421,0.001848779801842058,500,8.539043131795761,0.07147925536959282,500,0.614377159694268,0.006705031114624183,500,0.60572527030646,0.004334107025003604,500,0.09216121309375601,0.002252431227290482,500,19.64649221906072,0.4958283158061197,500,0.07796227071055759,0.0019675726817707977,500,nan,nan,0,9.54464179986996,0.08135091917929807,500,8.675634639359519,0.09075840451876965,500,3.87628841011,0.0,500,6.0,0.0,500,1.207428571428682,0.017947388547704817,500,2.3187936507936144,0.028779228852553834,500,0.20123809523806882,0.00299123142461705,500,0.38646560846562816,0.0047965381420927685,500
6,5,5,0.8333333333333334,2.0,6.0,0.456873156360372,0.001739340584552785,500,0.837942484696522,0.0009583696572813408,500,5.65973959563984,0.03875843293158772,500,0.5694535789247541,0.004748215385102481,500,0.5544856258729,0.0032112997604763164,500,0.1250536233658508,0.0019454797895475926,500,13.9721669632581,0.24508194916739243,500,0.055445106997051394,0.0009725474173303053,500,nan,nan,0,11.6693722237089,0.06437640034476838,500,8.61010150989696,0.0895990721473242,500,7.75257682022,0.0,500,6.0,0.0,500,0.9608571428572379,0.012139146884621447,500,1.854603174603172,0.014363109579944987,500,0.1601428571428196,0.0020231911474359768,500,0.309100529100546,0.0023938515966581532,500
6,5,5,0.8333333333333334,3.0,6.0,0.443333247251864,0.0015644352444411631,500,0.832600615713594,0.0006647433447443013,500,2.98894099067102,0.02465565351189757,500,0.46343433512485205,0.0035800862965117224,500,0.46964856131088195,0.002417342428062788,500,0.18800841821082798,0.001999202408595118,500,8.85098805922508,0.11157554321209857,500,0.035122968488991,0.000442760092111515,500,nan,nan,0,14.548675451086599,0.05140405219366354,500,8.58497382127888,0.09009259585539259,500,11.628865230299999,7.95206533574069e-17,500,6.0,0.0,500,0.7399523809522982,0.013592308956665342,500,1.47399999999999,0.011036081384535804,500,0.12332539682539771,0.00226538482611086,500,0.245666666666664,0.0018393468974252226,500
6,5,5,0.8333333333333334,4.0,6.0,0.433590869739614,0.0013497926964262845,500,0.828606043245294,0.0004202591073664632,500,1.74017779665536,0.016633609551521062,500,0.37504127281840804,0.002702567520771946,500,0.39597497596718595,0.001776495435980744,500,0.255921016495964,0.002020943120896498,500,6.05351726400848,0.05781602511366248,500,0.024021893904796403,0.00022942867108600288,500,nan,nan,0,17.8191504614498,0.04298160451651082,500,8.598132113863642,0.09071437316255483,500,15.505153640400001,7.95206533574069e-17,500,6.0,0.0,500,0.6160317460317678,0.014230149633449186,500,1.2049841269841117,0.013441392944203217,500,0.10267195767193794,0.00237169160557336,500,0.2008306878306518,0.0022402321573684186,500
6,5,5,0.8333333333333334,5.0,6.0,0.422020390427616,0.0013023888194946623,500,0.826021366676042,0.00027325984046002236,500,1.071406744257974,0.012863528312955664,500,0.303041496197554,0.002503961911628826,500,0.33581103571809195,0.0016768292817729243,500,0.32221051854245597,0.0023938310292445355,500,4.449978203130841,0.04562606704609574,500,0.017658643663217802,0.00018105582161126585,500,nan,nan,0,21.296265400916404,0.03722821117686077,500,8.606705459869099,0.09503537057284966,500,19.381442050600008,3.180826134296276e-16,500,6.0,0.0,500,0.5281428571428683,0.014331798778984562,500,1.01744444444433,0.015746557029407887,500,0.08802380952381211,0.0023886331298305476,500,0.16957407407404743,0.0026244261715670696,500
6,5,5,0.8333333333333334,6.0,6.0,0.41341333891859405,0.0013047159237096863,500,0.8266289760509239,0.0002221340574079815,500,0.660620212880518,0.007663992899432395,500,0.2449181266942,0.0024140238223421284,500,0.28698157953965,0.0017373805964151527,500,0.385114479306442,0.0030372973409020644,500,3.482573337656,0.03727711630648694,500,0.01381973546688804,0.00014792506470812607,500,nan,nan,0,24.937760421373202,0.03223191259328377,500,8.779256048999901,0.09404025357994014,500,23.257730460699996,1.590413067148138e-16,500,6.0,0.0,500,0.43728571428571184,0.013959747700587506,500,0.889492063492044,0.015201539145114431,500,0.07288095238092847,0.00232662461676318,500,0.14824867724867444,0.002533589857519667,500
6,5,5,0.8333333333333334,7.0,6.0,0.41132918874003804,0.0014074040547670654,500,0.8296031577387719,0.00021636682247817032,500,0.429059697556792,0.004685087313074136,500,0.212289481594744,0.002428465508468877,500,0.25845936632307004,0.0018316390333388188,500,0.423010031774302,0.0035009945163928823,500,3.05466515796434,0.034489050123397584,500,0.012121687134779641,0.00013686131001343122,500,nan,nan,0,28.5473558648074,0.027134691959014988,500,8.654548564284738,0.0913355087384805,500,27.134018870799995,1.590413067148138e-16,500,6.0,0.0,500,0.44158730158728043,0.014181770983360775,500,0.8370158730160826,0.016761126250826465,500,0.07359788359786185,0.0023636284972255828,500,0.13950264550261732,0.0027935210418012857,500
6,5,5,0.8333333333333334,8.0,6.0,0.40781853259921,0.0012958146254343163,500,0.8318149174131659,0.00018647580838484433,500,0.298466594340472,0.0033119377915991296,500,0.1850765209598604,0.0025525305169140262,500,0.233904502453206,0.0020064791061416573,500,0.46044305782035805,0.004028797473837115,500,2.73304625968884,0.035049497673383466,500,0.010845421665431641,0.00013908530822773888,500,nan,nan,0,32.2639881453754,0.02338474138722255,500,8.69133044159018,0.09019489878544165,500,31.010307280900005,1.590413067148138e-16,500,6.0,0.0,500,0.40674603174600993,0.014293450330508401,500,0.7850317460319184,0.017056326374508823,500,0.0677910052909888,0.002382241721750308,500,0.13083862433861304,0.0028427210624163337,500
6,5,5,0.8333333333333334,9.0,6.0,0.405716565230814,0.001331123290794845,500,0.8339571722884681,0.00017881926500874426,500,0.21306419683674202,0.0021395103847107384,500,0.1704765066690418,0.0025379639067273103,500,0.220832464022366,0.00204780859365736,500,0.477412602353854,0.004283055151819527,500,2.60144492798036,0.033414648871070145,500,0.0103231941586524,0.00013259781298041945,500,nan,nan,0,36.008686566621996,0.02104427369851419,500,8.70205162022804,0.09004824815893868,500,34.88659569100001,6.361652268592552e-16,500,6.0,0.0,500,0.4254444444444267,0.01447785471937013,500,0.7963333333334863,0.0168977662766612,500,0.07090740740738821,0.0024129757865602704,500,0.13272222222219884,0.002816294379441576,500
6,5,5,0.8333333333333334,10.0,6.0,0.40554615299826796,0.0014029964043894968,500,0.8346915038819899,0.0001731095140478798,500,0.16061153367888603,0.001678051396914691,500,0.159836235941143,0.002784892116748522,500,0.21084967062455598,0.0022889952734936516,500,0.492111983479298,0.004902260241823858,500,2.5178739298174406,0.0356570929300358,500,0.00999156321356104,0.00014149640051600167,500,nan,nan,0,39.7749473166368,0.02003155672227418,500,8.67085264011254,0.09498227941156383,500,38.7628841011,0.0,500,6.0,0.0,500,0.43058730158726055,0.014938778587633358,500,0.7959841269843344,0.018309280144193633,500,0.0717645502645385,0.0024897964312714303,500,0.13266402116402679,0.0030515466906980396,500
6,6,5,1.0,1.0,6.0,0.46517575460122396,0.0018392578086462812,500,1.24774345555924,0.0021541926098961276,500,13.3908459311759,0.10207080573787877,500,0.837168976647524,0.00885894548223856,500,0.638716387552364,0.00436044274897727,500,0.061455114006472515,0.00181503040599393,500,34.18536377202096,0.9109679250493676,500,0.07496790300881441,0.0019977366777400984,500,nan,nan,0,10.780069084328542,0.09258484646999701,500,9.70764150049644,0.10446023105089504,500,4.56113285371,0.0,500,6.578947368420002,1.1928098003611036e-16,500,1.404350877193062,0.017188095440437583,500,2.678728070175332,0.02889048402653461,500,0.21346133333332118,0.002612590506945318,500,0.407166666666678,0.004391353572034025,500
6,6,5,1.0,2.0,6.0,0.45879115665541403,0.0014571395822326227,500,1.25767032239524,0.0012381660864936937,500,8.192954172485841,0.05942372141876845,500,0.732963700851368,0.006118044068902559,500,0.56412280518486,0.0032288956291241025,500,0.0987614696793076,0.0017026449503961172,500,20.3936409175687,0.3927054432799186,500,0.0447228967490488,0.0008611961475435407,500,nan,nan,0,13.374028779842742,0.07599291641816656,500,9.620703057253758,0.10940423105797686,500,9.12226570742,0.0,500,6.578947368420002,1.1928098003611036e-16,500,1.051605263158134,0.010559625213685869,500,2.0376228070176396,0.01437164578048569,500,0.159843999999993,0.0016050630324795285,500,0.309718666666666,0.0021844901586353122,500
6,6,5,1.0,3.0,6.0,0.43935860169375796,0.0011586665329560205,500,1.25210514362488,0.0005573220180100668,500,4.1979391412565,0.03461689274418584,500,0.566972316681162,0.0040280853170752175,500,0.460259402345062,0.0021195372939419727,500,0.1662109651487304,0.0016128189232487986,500,10.724271565254261,0.1359440473464011,500,0.023518139397489,0.00029812291084729207,500,nan,nan,0,16.854436255621597,0.05645861409299262,500,9.661212605975,0.10097913703196909,500,13.683398561100004,1.590413067148138e-16,500,6.578947368420002,1.1928098003611036e-16,500,0.7891929824561227,0.012898699739586924,500,1.5580526315788321,0.009565661650158777,500,0.11995733333330881,0.0019606023604177352,500,0.236824000000002,0.0014539805708237241,500
6,6,5,1.0,4.0,6.0,0.42370092955686595,0.0010708023341895565,500,1.24675862764648,0.0004870869163160012,500,2.2794176267369797,0.024378246463160298,500,0.441571161825214,0.003050741025453185,500,0.37844206037820205,0.0016255462518903333,500,0.238738910790826,0.0017772846164205401,500,6.6547238094807595,0.06605893180607493,500,0.01459369256465016,0.00014486607852206518,500,nan,nan,0,20.755701974619402,0.04772077600514356,500,9.66859720960704,0.10584922226551427,500,18.244531414800004,1.590413067148138e-16,500,6.578947368420002,1.1928098003611036e-16,500,0.6718947368419808,0.014293961752956951,500,1.28018421052666,0.011392367826599319,500,0.1021280000000028,0.0021726821864511588,500,0.19458799999999996,0.0017316399096416115,500
6,6,5,1.0,5.0,6.0,0.41385862201208995,0.0009368411839497815,500,1.2451427543337,0.0004242016790320924,500,1.3661507713811838,0.017679203301780837,500,0.3390289263858,0.0026183755417053052,500,0.312387656088758,0.001436297723192901,500,0.31458144705723395,0.002161942210752441,500,4.59262089222804,0.04650029073503303,500,0.010071537044359839,0.00010197432178734052,500,nan,nan,0,24.9083159585658,0.03928569786160494,500,9.79377860228864,0.10186557916717925,500,22.805664268600005,1.590413067148138e-16,500,6.578947368420002,1.1928098003611036e-16,500,0.5609122807016835,0.013988788777094086,500,1.0707719298241358,0.01386625512293066,500,0.0852586666666559,0.002126295894118854,500,0.1627573333333418,0.0021076707786878957,500
6,6,5,1.0,6.0,6.0,0.40892023495771795,0.0010114417329342219,500,1.2428527915181597,0.0003140112562498996,500,0.79899553107612,0.009145971169245771,500,0.27088959678854996,0.002526777225942805,500,0.26654683404382,0.0014684936381267168,500,0.377187822290344,0.0026830047011672854,500,3.57580039948086,0.03674737794909907,500,0.0078416675427203,8.058635515149326e-05,500,nan,nan,0,29.104377529107797,0.032830237437645925,500,9.674731275967721,0.10070508724887997,500,27.3667971223,0.0,500,6.578947368420002,1.1928098003611036e-16,500,0.4769385964912609,0.0139546632374594,500,0.9141491228068905,0.014876630914871992,500,0.07249466666668707,0.002121108812094643,500,0.13895066666665218,0.0022612478990610345,500
6,6,5,1.0,7.0,6.0,0.40468732869387,0.000977373196239514,500,1.24267400543212,0.00026799909525081835,500,0.5166643260622441,0.005232617963895137,500,0.224873644143432,0.0024589130907021156,500,0.234289080417498,0.0015354453275858151,500,0.426684168920572,0.0031373414355696564,500,3.0522397457591404,0.03344830443325147,500,0.0066935082143841996,7.335154480974487e-05,500,nan,nan,0,33.440264374091,0.030207487234681082,500,9.67985983763698,0.10607041968825466,500,31.92792997599999,4.771239201444415e-16,500,6.578947368420002,1.1928098003611036e-16,500,0.4452105263158011,0.013743053076610733,500,0.843052631578946,0.015362654815642767,500,0.06767200000000993,0.0020889440676450507,500,0.1281440000000208,0.0023351235319787663,500
6,6,5,1.0,8.0,6.0,0.401872751457016,0.0010460579890030804,500,1.24323643561962,0.0002466096464429579,500,0.359283089787582,0.003404036461734806,500,0.19361632858057998,0.0024204008470618066,500,0.21195065185964398,0.0016095141707887898,500,0.463262278224714,0.003596317498732096,500,2.7608586151073595,0.03087227302234263,500,0.0060545145068145395,6.770235311911955e-05,500,nan,nan,0,37.824726044634595,0.026244432804426603,500,9.697456383037599,0.10556869771365317,500,36.4890628297,0.0,500,6.578947368420002,1.1928098003611036e-16,500,0.44045614035092795,0.013862872250336894,500,0.8258859649122953,0.016638932114923826,500,0.06694933333332677,0.002107156582050167,500,0.1255346666666656,0.0025291176814685795,500
6,6,5,1.0,9.0,6.0,0.39841382503205397,0.0010225741120205502,500,1.24468535011968,0.00024979668536600043,500,0.262593158966752,0.002332201676212845,500,0.1764074157513966,0.0025350759595044866,500,0.19810314406854201,0.0016708412049240148,500,0.485820020508216,0.003777873857186845,500,2.62418942316734,0.03151028264440331,500,0.00575480136659494,6.910149702719473e-05,500,nan,nan,0,42.252592198721004,0.023403248787384368,500,9.739239909022402,0.10577982365994892,500,41.0501956834,0.0,500,6.578947368420002,1.1928098003611036e-16,500,0.44950877192982114,0.014159068038643153,500,0.8307280701754515,0.017253741954916458,500,0.06832533333334034,0.002152178341874075,500,0.12627066666664735,0.0026225687771478847,500
6,6,5,1.0,10.0,6.0,0.400331233805076,0.0010060652195287402,500,1.24693003804734,0.00024313841305895987,500,0.197948197994156,0.0014061565897929295,500,0.15777553108186157,0.002294648822080893,500,0.184326220875344,0.0015921447429953519,500,0.50950881566831,0.003907060339006968,500,2.45918437102174,0.026834885857446766,500,0.00539294818206594,5.8848433897950924e-05,500,nan,nan,0,46.687189160108,0.019696419988774905,500,9.748237768402939,0.09460166138589857,500,45.61132853709999,3.180826134296276e-16,500,6.578947368420002,1.1928098003611036e-16,500,0.435473684210563,0.013344336866315332,500,0.8125964912280575,0.01646151288106983,500,0.06619200000000301,0.002028339203679678,500,0.12351466666665946,0.0025021499579228348,500
6,7,5,1.1666666666666667,1.0,6.0,0.471458261706842,0.0017534190773737025,500,1.71251011928248,0.002235491952662203,500,17.55951601737978,0.11330845745688534,500,1.070485554164384,0.011114297936193127,500,0.668549466927546,0.004372506636685803,500,0.041846041529377015,0.0014796934324831144,500,57.31580092283622,1.5341969847860737,500,0.07581455148523583,0.0020293610909869735,500,nan,nan,0,11.683966898500879,0.10008121131649397,500,10.521655724682919,0.11223471275415763,500,4.95199280433,0.0,500,7.0793650793700005,3.976032667870345e-17,500,1.581179894180102,0.01766063725639791,500,3.0262116402116397,0.029246232218799743,500,0.22335052316892673,0.0024946640070689268,500,0.427469357249637,0.004131194237184799,500
6,7,5,1.1666666666666667,2.0,6.0,0.463378065759542,0.0013512561777495216,500,1.73758163983578,0.001448836470553276,500,11.0559993573124,0.07713174849408737,500,0.917909930403102,0.007257450438625219,500,0.5771803130193519,0.0030439720249301875,500,0.0774794125200318,0.0013733566619352061,500,28.733884212902545,0.5463951901108868,500,0.03800778335039974,0.0007227449604642108,500,nan,nan,0,14.649606009726,0.08434268330461375,500,10.622959433890301,0.12032428290118416,500,9.90398560866,0.0,500,7.0793650793700005,3.976032667870345e-17,500,1.13470899470918,0.009768873171566531,500,2.2189259259257597,0.013042022838167605,500,0.16028400597908762,0.0013799080937394082,500,0.31343572496265404,0.0018422588314003729,500
6,7,5,1.1666666666666667,3.0,6.0,0.439035424489708,0.0009353515206268561,500,1.7381689027738,0.0005704889038443717,500,5.3797774847392015,0.04366079229808221,500,0.6863577146413921,0.004287923507961847,500,0.46279797569497,0.0018197244932711906,500,0.14357507974971298,0.0012783665171925529,500,13.273843795564881,0.14985034651365536,500,0.01755799443857596,0.00019821474406565682,500,nan,nan,0,18.260222800359198,0.0621019569834682,500,10.42039879792654,0.11034107152966197,500,14.855978413,0.0,500,7.0793650793700005,3.976032667870345e-17,500,0.835095238095336,0.011759192448668798,500,1.66630687830642,0.008608002902791206,500,0.1179618834080662,0.0016610518481295676,500,0.23537518684603198,0.0012159286611562678,500
6,7,5,1.1666666666666667,4.0,6.0,0.420716667821464,0.0008151295178481368,500,1.73299993330818,0.00039553904376528446,500,2.8809131968541997,0.031904561873794444,500,0.500990618848616,0.0029253880143210067,500,0.36823329332700405,0.001346765357012539,500,0.223370268153586,0.0014042481436644335,500,7.36256037421844,0.07369009235715676,500,0.009738836473833138,9.747366713902395e-05,500,nan,nan,0,22.5569338477272,0.05442576820958937,500,10.532422050616,0.11848870108644642,500,19.807971217300004,1.590413067148138e-16,500,7.0793650793700005,3.976032667870345e-17,500,0.7046825396826486,0.013017822988920773,500,1.351227513227734,0.009581279561557876,500,0.0995403587443892,0.0018388404670429024,500,0.19086846038862598,0.0013534094447942436,500
6,7,5,1.1666666666666667,5.0,6.0,0.40950636732849,0.0007924837000211205,500,1.72927847563592,0.00026068531324486145,500,1.606554999563884,0.020465195580347973,500,0.37161080445924993,0.002629154384974361,500,0.29989824409845994,0.001298363863824305,500,0.30427884950737405,0.0018476333090199784,500,4.936292169942961,0.05960307097420884,500,0.00652948699727898,7.884004097124182e-05,500,nan,nan,0,26.9167564418592,0.0416219050240194,500,10.30402345234674,0.11099404013609512,500,24.7599640217,0.0,500,7.0793650793700005,3.976032667870345e-17,500,0.5546137566137446,0.012774499889786352,500,1.1014391534390982,0.012018553535573837,500,0.07834230194319974,0.0018044697153740056,500,0.1555844544095604,0.001697688055473278,500
6,7,5,1.1666666666666667,6.0,6.0,0.40332454305231397,0.0007525712436953976,500,1.72772800266574,0.0001566689891044955,500,0.97522713621667,0.010264601362347836,500,0.28169272546950197,0.0023752618521572,500,0.250221487310594,0.0012895585542489095,500,0.377151196647598,0.002391562536251508,500,3.71184643032548,0.041071718472568644,500,0.00490984977556308,5.432766993725687e-05,500,nan,nan,0,31.628716136862597,0.03548763600980038,500,10.596695024429641,0.1088635720134705,500,29.711956826,0.0,500,7.0793650793700005,3.976032667870345e-17,500,0.46709523809518927,0.012697892553570945,500,0.9345714285714539,0.01334856138444238,500,0.06597982062779405,0.0017936484997201894,500,0.1320134529147988,0.001885559119326841,500
6,7,5,1.1666666666666667,7.0,6.0,0.400167733309428,0.0007484961694900075,500,1.7283094318878203,0.00015520655711375716,500,0.6360369023856,0.006123159882111844,500,0.232542400005084,0.002538672452571645,500,0.21985652094148,0.0014855734353283957,500,0.428487702998876,0.0029891188785400244,500,3.2112283775538,0.04493896076633764,500,0.0042476565840662206,5.9443069796722736e-05,500,nan,nan,0,36.38724323137539,0.03409108683498113,500,10.77924875580156,0.11699135131405058,500,34.6639496303,0.0,500,7.0793650793700005,3.976032667870345e-17,500,0.42552910052903425,0.013323412847264078,500,0.8334497354498039,0.014517770887462757,500,0.060108370702547084,0.0018820067474850611,500,0.11772944693571301,0.002050716515492911,500
6,7,5,1.1666666666666667,8.0,6.0,0.40039742889489005,0.0008051978082001368,500,1.7291020101931198,0.00013361227459142612,500,0.4363582580979701,0.0034214848435323757,500,0.209195514597048,0.002820455609400775,500,0.20374644069157402,0.0016618253123300707,500,0.455432986022638,0.0034841688220585794,500,3.0315650570627595,0.04877284369019216,500,0.0040100066892360805,6.451434350554031e-05,500,nan,nan,0,41.0672881403,0.028980448167353307,500,10.52002005096674,0.11714311050943177,500,39.615942434699996,3.180826134296276e-16,500,7.0793650793700005,3.976032667870345e-17,500,0.45540740740738467,0.013545699216331199,500,0.8428465608467082,0.015831579546053076,500,0.06432884902839381,0.001913405943114386,500,0.11905680119579401,0.0022362993529166783,500
6,7,5,1.1666666666666667,9.0,6.0,0.397356088578612,0.0007579402132540957,500,1.72995323614428,0.00014396798110892484,500,0.32468596065003996,0.002350158235099294,500,0.18806598558729978,0.0024246013407287327,500,0.190169348850286,0.0015183484006761813,500,0.476620859771878,0.0034856134490814723,500,2.82458070674866,0.03653662984720398,500,0.0037362178660697598,4.832887545927951e-05,500,nan,nan,0,45.92271813157,0.02690282901589527,500,10.7800992148172,0.11626973843876946,500,44.567935239,0.0,500,7.0793650793700005,3.976032667870345e-17,500,0.4542380952381234,0.012738432665319764,500,0.8366666666667174,0.014640301479880517,500,0.06416367713005039,0.0017993750177474166,500,0.11818385650220965,0.002068024648503291,500
6,7,5,1.1666666666666667,10.0,6.0,0.397274795176196,0.0007735779985355053,500,1.73099282340926,0.0001160786754185145,500,0.247675685151608,0.00156173663407958,500,0.17451048968656738,0.002524631879056767,500,0.18071056551709,0.0016321501777385094,500,0.494314739470346,0.0038430454157902805,500,2.72976885753438,0.0374790597283008,500,0.0036108053671090197,4.957547583109045e-05,500,nan,nan,0,50.689271532442,0.02358161578973505,500,10.52789105772774,0.11518022089839206,500,49.5199280433,0.0,500,7.0793650793700005,3.976032667870345e-17,500,0.45748148148142115,0.013402016550242287,500,0.8221269841270439,0.01500260438965037,500,0.0646218236173226,0.0018931099611334803,500,0.11613004484301845,0.0021192019653531514,500
6,8,5,1.3333333333333333,1.0,6.0,0.47958577303888,0.0017277233538044376,500,2.20478199176916,0.0020691652870229458,500,20.5765165211016,0.11018064905244623,500,1.286229256102334,0.012953861506371173,500,0.6913563174050539,0.004324360265411196,500,0.0295260969748818,0.0010824811364301468,500,89.99699789837625,2.570350869543964,500,0.07751679405545991,0.0022139111710116227,500,nan,nan,0,12.56591140625776,0.11098055363689405,500,11.3521849970825,0.124973200959431,500,5.232830786799999,3.976032667870345e-17,500,7.503875968990001,3.976032667870345e-17,500,1.769212747631456,0.01808693356905777,500,3.3624565030145406,0.029880161622908415,500,0.235773186409554,0.002410345485958982,500,0.44809595959596005,0.003981963687351711,500
6,8,5,1.3333333333333333,2.0,6.0,0.468462013809454,0.001268788366424184,500,2.2520830039209803,0.001447490914926624,500,13.6561171163687,0.08869545611523186,500,1.1368121540845342,0.008562041982600603,500,0.6032240078540879,0.0029025234525331643,500,0.056304133069724004,0.001058104694371809,500,42.42311596395441,0.7727910693218639,500,0.03654015156240825,0.0006656253827061723,500,nan,nan,0,15.3162958512022,0.08778425443724683,500,11.003491674257399,0.12524404226361316,500,10.465661573599998,7.95206533574069e-17,500,7.503875968990001,3.976032667870345e-17,500,1.212954349698568,0.007943003621650846,500,2.39828768303194,0.01100353329157794,500,0.16164370982552656,0.0010585201107362744,500,0.31960651974287996,0.0014663799531146582,500
6,8,5,1.3333333333333333,3.0,6.0,0.438391501246516,0.000786063441589137,500,2.2606660895177,0.0008012688657718226,500,6.76166013798688,0.055581155147865886,500,0.802391675195252,0.004651964523852416,500,0.46667402852481804,0.0016351807261670212,500,0.1249963231051118,0.0010577128501475922,500,16.150631265667702,0.1721402344980003,500,0.0139109657757682,0.00014826893582958463,500,nan,nan,0,19.4979179603674,0.0685702026544645,500,11.341040414757298,0.12221387330709198,500,15.6984923604,0.0,500,7.503875968990001,3.976032667870345e-17,500,0.889443583118202,0.010406676230085357,500,1.75837381567628,0.007108279989414814,500,0.1185312213039372,0.0013868401174376732,500,0.23432874196511802,0.0009472811142919985,500
6,8,5,1.3333333333333333,4.0,6.0,0.41936269100386203,0.0006527014506710194,500,2.25615442502504,0.0006359287878861755,500,3.44793896655304,0.03356158259450557,500,0.572907411410128,0.003043869514971317,500,0.36806946259496603,0.0010828006159556282,500,0.202952669839538,0.0011665574909619958,500,8.32566076572292,0.06370188399688391,500,0.00717111177064832,5.486811713765963e-05,500,nan,nan,0,23.820567478917596,0.054965983800604044,500,11.10984391882232,0.12159694625888498,500,20.931323147199997,1.590413067148138e-16,500,7.503875968990001,3.976032667870345e-17,500,0.735397071490275,0.012710671685805424,500,1.41249267872535,0.008116491483697983,500,0.0980022956841016,0.0016938808341603032,500,0.18823507805327996,0.0010816398774769935,500
6,8,5,1.3333333333333333,5.0,6.0,0.40714019655063394,0.0006006256162519769,500,2.25085058600628,0.000475257301680753,500,2.06700904364512,0.023807458228051998,500,0.40470026037300205,0.0024328039034891983,500,0.292416737824164,0.0009345930330879689,500,0.28930017375554,0.0014793948626696618,500,5.14730804982366,0.04011068245883253,500,0.0044335125321481005,3.4548391437383025e-05,500,nan,nan,0,28.688180686520397,0.045940483464615406,500,11.51689702443112,0.11727531650557589,500,26.16415393400001,3.180826134296276e-16,500,7.503875968990001,3.976032667870345e-17,500,0.6000895779501768,0.012897160654578181,500,1.1512282515072378,0.010192924125582056,500,0.07997061524334223,0.001718733186404427,500,0.1534178145087478,0.0013583545580594697,500
6,8,5,1.3333333333333333,6.0,6.0,0.4008755602286381,0.0005798700102585544,500,2.2452657148363397,0.0003227450173331406,500,1.190174824718922,0.01256853097852738,500,0.306505940695876,0.002497736499902174,500,0.243122629613846,0.001089288238918876,500,0.36336260594286596,0.0021321623575878694,500,3.8188796328752,0.03478093596295056,500,0.0032893020093671403,2.9957739847506953e-05,500,nan,nan,0,33.477896715581,0.04163489023142388,500,11.30452022601582,0.1271842428105076,500,31.3969847208,0.0,500,7.503875968990001,3.976032667870345e-17,500,0.5058260120586224,0.012599520296700506,500,0.9862291128337799,0.012112239642106505,500,0.06740863177227141,0.0016790683040019095,500,0.13142929292930858,0.0016141311093309156,500
6,8,5,1.3333333333333333,7.0,6.0,0.39672816924242604,0.000615747998532004,500,2.24244077395872,0.00019945904975321997,500,0.7773625215840639,0.006433990454970657,500,0.24963887553456,0.002504989502263295,500,0.21135142624614797,0.001158574407987683,500,0.417359197540026,0.0025793103186290984,500,3.2029376829324203,0.03169853246933727,500,0.00275877492069994,2.7302784211312676e-05,500,nan,nan,0,38.464257108409996,0.03546913898276452,500,11.438936049117562,0.12287638748776696,500,36.629815507600014,6.361652268592552e-16,500,7.503875968990001,3.976032667870345e-17,500,0.470194659776088,0.012546930096472337,500,0.8934677002584667,0.013352694613129743,500,0.062660238751137,0.0016720598992187201,500,0.1190674931129428,0.0017794396746838113,500
6,8,5,1.3333333333333333,8.0,6.0,0.39496524357364604,0.0005815530286354536,500,2.24142707638212,0.0001285893058159965,500,0.5530824491648161,0.004019524936947247,500,0.210726097964438,0.002355893541230462,500,0.188361719508188,0.0011451691965566663,500,0.460362264661098,0.0027440719714158196,500,2.83579281544248,0.02867283446520507,500,0.00244254333802098,2.469667051266933e-05,500,nan,nan,0,43.5405485084638,0.032090856629391755,500,11.677985717826061,0.12207902543674229,500,41.862646294399994,3.180826134296276e-16,500,7.503875968990001,3.976032667870345e-17,500,0.4593178294573568,0.01210183853280828,500,0.8368682170545165,0.013225081095052351,500,0.06121074380163719,0.0016127450110854271,500,0.11152479338843609,0.0017624333277483724,500
6,8,5,1.3333333333333333,9.0,6.0,0.396000717281244,0.0006164756571305321,500,2.24094082688204,8.430535633724412e-05,500,0.401659276976116,0.002389286174501879,500,0.191632626437748,0.0025854012734458642,500,0.17673345536762997,0.0013101757308484822,500,0.48313453241913396,0.00328098268205538,500,2.7214334386945795,0.030733231408549066,500,0.0023440425828547395,2.647134488247358e-05,500,nan,nan,0,48.476514257019,0.027726301922606753,500,11.165671267618979,0.12421991704945524,500,47.095477081199995,3.180826134296276e-16,500,7.503875968990001,3.976032667870345e-17,500,0.47342635658913684,0.012934289179426182,500,0.8719379844963469,0.0144185562500293,500,0.06309090909089973,0.0017236810993235313,500,0.11619834710745597,0.0019214811531554693,500
6,8,5,1.3333333333333333,10.0,6.0,0.39498660298121,0.0006144073753474976,500,2.24112992060008,8.998301194109694e-05,500,0.315369666898362,0.0016749501445011098,500,0.172555786140813,0.0024524683623611153,500,0.16402440000615,0.0013071436405762166,500,0.508540625649604,0.0034451464375683956,500,2.55485126611242,0.027953388946251958,500,0.00220056095272388,2.407699306309049e-05,500,nan,nan,0,53.601942094077195,0.025314041395703896,500,11.30963198189054,0.12118631960665587,500,52.32830786800002,6.361652268592552e-16,500,7.503875968990001,3.976032667870345e-17,500,0.46772093023254957,0.012540486275243467,500,0.8333264427218564,0.014044514674072053,500,0.0623305785123916,0.0016712011668444508,500,0.11105280073462082,0.0018716347034659078,500
6,9,5,1.5,1.0,6.0,0.48790318394262394,0.0016289268214832722,500,2.73478300050386,0.0017637517732114194,500,23.7994955436818,0.09788176561151372,500,1.5110058774562858,0.013421285170268103,500,0.7160586844039959,0.003945180897899169,500,0.019926031093544322,0.0007762347116853747,500,132.943496613262,3.5448162197067914,500,0.07979801717481237,0.002127740828154416,500,nan,nan,0,13.397061167576641,0.11501147293144076,500,12.144699203555522,0.12860268670854538,500,5.50775218521,0.0,500,7.858343337329999,3.976032667870345e-17,500,1.9266194477793879,0.017094258759765172,500,3.62890756302526,0.027647622523678524,500,0.24516865261227178,0.0021753005723924414,500,0.4617904063549901,0.0035182507733310725,500
6,9,5,1.5,2.0,6.0,0.475485461686536,0.001172764438510231,500,2.79121525684946,0.0012808836199769945,500,16.251061714403303,0.08727089873957142,500,1.348028079768094,0.009323282656156123,500,0.6254206278175981,0.0026290900226437486,500,0.041943610708166,0.0007821872198277102,500,59.0647837071682,0.9941926761815278,500,0.035453051444881804,0.0005967543074319884,500,nan,nan,0,16.3299376755864,0.08750499977731789,500,11.89967853938834,0.12295692242415501,500,11.015504370399999,7.95206533574069e-17,500,7.858343337329999,3.976032667870345e-17,500,1.3090372148860379,0.00635992237127198,500,2.54932773109246,0.009873884064375714,500,0.16657928505959402,0.0008093210105819918,500,0.324410326917222,0.001256484177454551,500
6,9,5,1.5,3.0,6.0,0.43997258373211395,0.0007376893358130939,500,2.8105065349874,0.0007164077702305218,500,8.18648858793312,0.07117986846216899,500,0.954463831325322,0.005259511969047073,500,0.482117081072656,0.0015699643801717475,500,0.1032872866562114,0.0008836673468634935,500,20.4497285478837,0.21311759832195276,500,0.012274747027542098,0.00012792172768436396,500,nan,nan,0,20.604270020564602,0.0747375452797331,500,12.07090773996818,0.13126780323773019,500,16.523256555599996,1.590413067148138e-16,500,7.858343337329999,3.976032667870345e-17,500,0.9453253301320101,0.00985330566216677,500,1.88893157262922,0.006258229797792017,500,0.1202957531317058,0.0012538655081859116,500,0.240372746715558,0.000796380296601216,500
6,9,5,1.5,4.0,6.0,0.416836485756832,0.0005293170518205526,500,2.81273799057562,0.00042300619913091637,500,4.1997016797682,0.04464468691455493,500,0.6497616887715119,0.003004673200698003,500,0.371064629411698,0.0009361618208177491,500,0.183348789181314,0.000921118452721173,500,9.37089874348084,0.0632086901458277,500,0.005624789161753139,3.794039024357358e-05,500,nan,nan,0,25.232638135567598,0.06260704285047006,500,12.010466575557858,0.13448688983238255,500,22.031008740799997,1.590413067148138e-16,500,7.858343337329999,3.976032667870345e-17,500,0.790331332532858,0.01154669650622359,500,1.48231932773116,0.006638886663704328,500,0.1005722578673984,0.0014693550549487833,500,0.18863000305529198,0.0008448201330385212,500
6,9,5,1.5,5.0,6.0,0.40572215203882783,0.0006020512280623554,366,2.811675832304317,0.00040743866533628524,366,2.3444695845808194,0.03354800108167815,366,0.4539420579416175,0.003171402899000435,366,0.2942705863359672,0.0010482254871364307,366,0.2680155116371476,0.001571216482305472,366,5.608866125836666,0.055230250999395686,366,0.003366666342038989,3.315141116410259e-05,366,nan,nan,0,30.16838561500301,0.06138492795472135,366,11.989770392239754,0.1602130699380232,366,27.538760926000005,3.7191506591953334e-16,366,7.858343337329999,4.648938323994167e-17,366,0.626991780318665,0.013914037439067786,366,1.211015553762604,0.009774764127351423,366,0.07978676336779156,0.0017706069640621995,366,0.15410570673449234,0.0012438708399150947,366
6,9,5,1.5,6.0,6.0,0.39899890074922423,0.0005189670471932743,446,2.808900145187399,0.0002920378840449018,446,1.3745425532222488,0.014122381743511185,446,0.3322090066632713,0.0025986579054594235,446,0.24122217251819283,0.0010096171427853102,446,0.3455188272860336,0.00203725174790425,446,3.9699676299585196,0.03517291754673069,446,0.0023829337514759195,2.111219540619426e-05,446,nan,nan,0,35.22950839176032,0.04440097507293907,446,11.91589922666722,0.13353341596606128,446,33.0465131112,0.0,446,7.858343337329999,4.2103695031767894e-17,446,0.5087317438185865,0.012909883879312035,446,1.017867236580668,0.011408324891292367,446,0.06473778530414724,0.0016428251254921808,446,0.1295269489874547,0.0014517468124723148,446
6,9,5,1.5,7.0,6.0,0.3967315786688203,0.0005545104523033673,434,2.8066438216266816,0.00028588110402891654,434,0.8972528327027927,0.007639706769977462,434,0.2661871214597143,0.0029181199453463627,434,0.20862152923615207,0.0012322246265931598,434,0.4011973886977719,0.002832546230413114,434,3.2871497074770506,0.036902666850481915,434,0.0019730790561086637,2.2150460294392685e-05,434,nan,nan,0,40.43810258386199,0.041344769798145206,434,11.85304811411908,0.1446041367326358,434,38.554265296400004,3.4146504740719245e-16,434,7.858343337329999,4.2683130925899056e-17,434,0.48094998368016656,0.013557554785096104,434,0.915017619951143,0.013435088166018391,434,0.061202465078764555,0.0017252433754940991,434,0.11643899746708133,0.0017096590959809913,434
6,9,5,1.5,8.0,6.0,0.3937313403782828,0.0005559538631246409,435,2.8052323531325287,0.0002675389942534452,435,0.6387069119703839,0.004929244595513408,435,0.22201950440190804,0.002446536498736125,435,0.18565941231313562,0.0011423077358722164,435,0.4431669876982184,0.002997751256437327,435,2.877980685927862,0.02865502574544989,435,0.001727479403317977,1.7199895405434123e-05,435,nan,nan,0,45.7849719692177,0.037740532515929556,435,12.111247427107932,0.14189408630632774,435,44.06201748170001,3.410714276251662e-16,435,7.858343337329998,8.526785690629156e-17,435,0.46187302507219685,0.012558136367137356,435,0.8590249893061113,0.01393376639446178,435,0.05877485943859542,0.001598064099269207,435,0.10931375131257419,0.0017731175384334337,435
6,9,5,1.5,9.0,6.0,0.39419037342160784,0.0006444763976598454,329,2.803355869648663,0.00022983564321371326,329,0.47699654839443767,0.003498584736504307,329,0.1979299747946474,0.0027452388500478543,329,0.17179491560053797,0.0013711830639252156,329,0.4681479159330821,0.0038038811211098173,329,2.6935185162124315,0.031425785939955576,329,0.0016167578128527963,1.8863016770680604e-05,329,nan,nan,0,51.094106607845895,0.036982670380129534,329,12.063592110507537,0.15968740512880464,329,49.56976966690001,3.923315932569215e-16,329,7.85834333733,0.0,329,0.4666839380129156,0.014108892904336177,329,0.8488161221935016,0.01574363338462158,329,0.059387063911501954,0.0017954029620081756,329,0.10801463944200212,0.002003429057347668,329
6,9,5,1.5,10.0,6.0,0.3931637526318898,0.000522861824103162,481,2.8019485898636383,0.00014098678368549078,481,0.36552057712683367,0.0017988620000286097,481,0.18115847427379003,0.0024004703691689615,481,0.16207855926557585,0.0011983560088246273,481,0.48632493873886906,0.00338584233292035,481,2.583524369834158,0.026713526460934382,481,0.0015507349158666779,1.603452968843839e-05,481,nan,nan,0,56.392197118038666,0.025862438927728913,481,11.801064625209687,0.1258505372200173,481,55.07752185209998,9.729507111180987e-16,481,7.858343337329999,4.0539612963254114e-17,481,0.4664327269369701,0.012052643525704137,481,0.8529573991757775,0.013452192282522658,481,0.05935509647699977,0.001533738474932128,481,0.10854163053980415,0.0017118356509840968,481
6,3,5,0.5,1.0,7.0,0.431567379853996,0.003147459935390587,500,0.225903583192606,0.0010828775889880767,500,1.6514271619041219,0.020346633068262926,500,0.2574651716161518,0.003448623169883829,500,0.503237906768888,0.004977414553083994,500,0.2496480853870968,0.004744085149185764,500,5.65140834551294,0.11588553468922289,500,0.10091800616986259,0.002069384548020487,500,nan,nan,0,7.33676471820712,0.07371696929479037,500,7.10672945719602,0.0764609403619217,500,1.7654696590100007,2.982024500902759e-17,500,4.5,0.0,500,0.710071428571456,0.016029430763674853,500,1.4246428571425416,0.02639632029901051,500,0.15779365079368687,0.003562095725259282,500,0.3165873015872618,0.0058658489553357505,500
6,3,5,0.5,2.0,7.0,0.445071593076522,0.003011643327873881,500,0.23159339565771397,0.0010316380479265801,500,1.5618936722583818,0.015276168387077895,500,0.2510145674007934,0.003119355595458011,500,0.482862989951462,0.004381785364659572,500,0.26917328312276245,0.004154070583532138,500,5.1270225482637395,0.09222178950753558,500,0.0915539740761428,0.001646817669778288,500,nan,nan,0,8.04385823472958,0.0694176086365319,500,7.175047055537579,0.07957056552065116,500,3.5309393180200015,5.964049001805518e-17,500,4.5,0.0,500,0.6508571428571922,0.013447136784841924,500,1.2595000000001142,0.01871386365495331,500,0.1446349206349646,0.0029882526188511403,500,0.2798888888887696,0.004158636367763003,500
6,3,5,0.5,3.0,7.0,0.43787057921780603,0.002932732527111182,500,0.235287929160278,0.0007585949109031831,500,1.21141305110869,0.013501434769647032,500,0.23369056575430702,0.0026067592381739863,500,0.45020660712187394,0.0036152319803041282,500,0.30428239133995,0.0036026947960151566,500,4.476870692319,0.06540811777596706,500,0.07994411950569198,0.0011680021031417285,500,nan,nan,0,8.91089068536626,0.06291790672956464,500,7.074636155107921,0.08103687844126414,500,5.296408977029999,3.976032667870345e-17,500,4.5,0.0,500,0.538571428571507,0.01424177324598891,500,1.085857142856652,0.015520694158421151,500,0.11968253968259218,0.0031648384991066003,500,0.24130158730159662,0.0034490431463135955,500
6,3,5,0.5,4.0,7.0,0.43664724497628,0.002960028963041808,500,0.23633754034988003,0.0005428035011724345,500,0.789784148471172,0.008859780525973127,500,0.209512071598492,0.0021837934530789605,500,0.406311227435606,0.0028595938761449805,500,0.352565548173958,0.0032983419173398037,500,3.7593160433741595,0.04316771956560719,500,0.0671306436316728,0.0007708521350995656,500,nan,nan,0,10.0794179964932,0.051731544004082315,500,7.08639475285562,0.07548038344800893,500,7.061878636040003,1.1928098003611036e-16,500,4.5,0.0,500,0.48107142857145785,0.014441703114358424,500,0.944571428571556,0.015506731226959471,500,0.10690476190480519,0.003209267358743989,500,0.2099047619047508,0.0034459402726540493,500
6,3,5,0.5,5.0,7.0,0.436714830548872,0.0028139306591939083,500,0.237996420766958,0.0005131651139165072,500,0.54920611328456,0.007271277318867315,500,0.19108586654677562,0.00206513868316546,500,0.369804824914412,0.0027233432123931174,500,0.395278415236064,0.0036605416513927945,500,3.3099746025805596,0.03953467462076122,500,0.059106689331792195,0.0007059763325130911,500,nan,nan,0,11.34832074998296,0.04483653174537778,500,7.00690479064432,0.0744887471444778,500,8.82734829505,0.0,500,4.5,0.0,500,0.453428571428524,0.01572901477692348,500,0.8528571428572466,0.018164236036185843,500,0.10076190476193468,0.0034953366170932354,500,0.18952380952381429,0.004036496896926736,500
6,3,5,0.5,6.0,7.0,0.425177576074034,0.0027803064872568505,500,0.24056797003400401,0.0005343623147848039,500,0.36755224038342,0.006162945528476253,500,0.16954023374258823,0.0019151766818086041,500,0.332533746580606,0.0025731558470913855,500,0.43776745263690997,0.003844372745566961,500,2.8844450332668403,0.032576181806837884,500,0.0515079470226242,0.0005817175322649301,500,nan,nan,0,12.811227331704,0.041497912544676455,500,7.05502619311574,0.0776105488264586,500,10.592817954099997,7.95206533574069e-17,500,4.5,0.0,500,0.418571428571438,0.01492774302292396,500,0.7970714285716816,0.018081250181184224,500,0.09301587301590004,0.0033172762273147006,500,0.17712698412697792,0.004018055595812998,500
6,3,5,0.5,7.0,7.0,0.425647098006448,0.0029133779126381625,500,0.244702737945128,0.0005511492089946042,500,0.23922205655349302,0.004259819009208226,500,0.1492336124972016,0.0017643030943471066,500,0.29916554289695396,0.002425474486202749,500,0.47789715418774403,0.004080878718715783,500,2.54145276084936,0.028015350007747006,500,0.04538308501516681,0.0005002741072811891,500,nan,nan,0,14.349387409769003,0.036939525381795735,500,7.1364641948457,0.07661978118083686,500,12.358287613100002,7.95206533574069e-17,500,4.5,0.0,500,0.3704999999999232,0.014353023153653452,500,0.7221428571431365,0.018110258781995486,500,0.08233333333336257,0.003189560700812914,500,0.1604761904762052,0.004024501951549795,500
6,3,5,0.5,8.0,7.0,0.41969364296520995,0.0028341817900075232,500,0.249853749974938,0.0004940109686066201,500,0.16280567381077218,0.003009308484301978,500,0.13233057510454102,0.0018627621136407687,500,0.270944749831274,0.0025764175387852284,500,0.5174940089791801,0.004455477051880878,500,2.3050249432606997,0.027904005736378166,500,0.0411611597010806,0.0004982858167211633,500,nan,nan,0,15.891775602505401,0.03258247523024269,500,7.129664480378461,0.07444711301465273,500,14.123757272099995,2.3856196007222073e-16,500,4.5,0.0,500,0.33814285714280334,0.014234536155046525,500,0.6520000000002563,0.01792233048643248,500,0.07514285714288217,0.0031632302566773933,500,0.14488888888890644,0.0039827401080901395,500
6,3,5,0.5,9.0,7.0,0.415474523341418,0.0028359725806923904,500,0.254959722923088,0.0003734474239804381,500,0.1189569216338052,0.0027914327706092625,500,0.12780271657991762,0.001919398795852487,500,0.25944740726423593,0.0027187505749687144,500,0.5284674859058921,0.004771782549618175,500,2.2519201078744198,0.02787792053265111,500,0.040212859069182996,0.0004978200095116639,500,nan,nan,0,17.4849945630966,0.028930221543052876,500,7.13967751464126,0.0735603210064707,500,15.889226931100003,1.590413067148138e-16,500,4.5,0.0,500,0.3296428571427908,0.013999887164544688,500,0.6627142857145784,0.01769962476154504,500,0.073253968253998,0.003111086036566774,500,0.14726984126985798,0.003933249947002573,500
6,3,5,0.5,10.0,7.0,0.41543599929242603,0.002902880194885316,500,0.2582018568549,0.00026233684407615435,500,0.0841192935670274,0.0021766852740730427,500,0.11957385916579802,0.0019643780928953677,500,0.247977726888512,0.00289064282189826,500,0.543814634408056,0.0051511119929451045,500,2.19640665902264,0.028671992313597027,500,0.039221547482552,0.0005119998627429891,500,nan,nan,0,19.0853300121386,0.02788318809929066,500,7.076775225885541,0.07582176393567121,500,17.6546965901,0.0,500,4.5,0.0,500,0.3482142857142612,0.015304321973641902,500,0.6572857142860038,0.01838156264641568,500,0.077380952380966,0.0034009604385861155,500,0.14606349206349015,0.0040847916991963015,500
6,4,5,0.6666666666666666,1.0,7.0,0.434953119101146,0.002277012223835521,500,0.47827026209844803,0.001482768616688459,500,3.99691721893418,0.043955237182453075,500,0.381901153362356,0.005238977893304562,500,0.524898997405354,0.004915404625236491,500,0.17674190167861098,0.003913113526128371,500,9.18708024301598,0.2347842560414652,500,0.0729133352620226,0.0018633671114388966,500,nan,nan,0,9.13571052575246,0.08495417524093479,500,8.68737833478786,0.09008119327180703,500,2.7464262493000002,1.9880163339351726e-17,500,5.333333333330001,3.976032667870345e-17,500,0.90800000000005,0.017665361265249084,500,1.755936507936518,0.028456351826274887,500,0.1702500000000431,0.0033122552372344604,500,0.3292380952381194,0.005335565967427972,500
6,4,5,0.6666666666666666,2.0,7.0,0.44666292216556597,0.002124786016154674,500,0.48634828593307,0.0012826428218285864,500,3.35758178143928,0.026235516996494634,500,0.37749214435293404,0.00402152331070775,500,0.505007649556768,0.0038727571088407373,500,0.19323754109944782,0.0030680386990863395,500,7.95666884011446,0.1472357693498769,500,0.0631481653977326,0.0011685378519831727,500,nan,nan,0,10.23503247200248,0.07472084243868252,500,8.55614235451598,0.09133729342409581,500,5.4928524986000005,3.976032667870345e-17,500,5.333333333330001,3.976032667870345e-17,500,0.797904761905404,0.01256193510768452,500,1.5321904761897023,0.016852335679528332,500,0.1496071428571438,0.0023553628326847174,500,0.28728571428567945,0.0031598129399089637,500
6,4,5,0.6666666666666666,3.0,7.0,0.442864343165338,0.0020051245636715466,500,0.485644403519954,0.0009213304949934495,500,2.13987877108682,0.01940858016338553,500,0.336802938428096,0.003194723936366957,500,0.455326294167296,0.0030820854314974936,500,0.237196691037222,0.0028483120757700096,500,6.1613043202908395,0.08800381316669798,500,0.04889924063722521,0.0006984429616402538,500,nan,nan,0,11.85356553334938,0.06353571415581813,500,8.391858085628918,0.09187837366436433,500,8.239278747909998,7.95206533574069e-17,500,5.333333333330001,3.976032667870345e-17,500,0.6716825396825754,0.0136212405288651,500,1.2997777777772899,0.013196198868020752,500,0.12594047619048132,0.002553982599162349,500,0.24370833333333003,0.002474287287757195,500
6,4,5,0.6666666666666666,4.0,7.0,0.430958839121012,0.0019429772827435612,500,0.48085125166179,0.0007179061281695599,500,1.32930634459986,0.014222008970180167,500,0.28708707517594395,0.0024071436721895888,500,0.39599557950989195,0.0024488993110166925,500,0.296756586726962,0.0026328902931335462,500,4.73632017839676,0.06035922054496737,500,0.0375898426856874,0.0004790414328967375,500,nan,nan,0,14.1313636313038,0.055793484687959034,500,8.73422503061326,0.0925737583079762,500,10.985704997200001,7.95206533574069e-17,500,5.333333333330001,3.976032667870345e-17,500,0.5659365079365108,0.01452288838792989,500,1.087682539684014,0.014908126183333566,500,0.10611309523810736,0.002723041572735574,500,0.2039404761905152,0.002795273659366277,500
6,4,5,0.6666666666666666,5.0,7.0,0.43155749308497005,0.0018830485967710336,500,0.476352651374118,0.000590433548944423,500,0.86177809503246,0.012051325921119323,500,0.245815368851688,0.0022047677222579885,500,0.35081130269949,0.0023246356534025415,500,0.35113996000257397,0.0028675407138249475,500,3.95335197454248,0.0577580728377127,500,0.031375809321766195,0.0004583974034737708,500,nan,nan,0,16.329009897544797,0.04802920539772386,500,8.64961385882174,0.09390665254786229,500,13.732131246499998,7.95206533574069e-17,500,5.333333333330001,3.976032667870345e-17,500,0.49828571428564855,0.014616734708670247,500,0.9540317460321821,0.017197136026404252,500,0.09342857142857841,0.0027406377578744422,500,0.17888095238098878,0.003224463004949184,500
6,4,5,0.6666666666666666,6.0,7.0,0.421855644281562,0.0020121485489389356,500,0.47411910159655796,0.00041051834209710045,500,0.556683316915022,0.009617865819908955,500,0.213327221362844,0.002019140874298226,500,0.313199453327054,0.0022256889643214434,500,0.40099395436058605,0.0029956208147007635,500,3.40775831657684,0.05259264013146604,500,0.027045700925210605,0.00041740190580486983,500,nan,nan,0,18.7200772767378,0.041772582866463785,500,8.68492582490516,0.09327302684729427,500,16.478557495800004,1.590413067148138e-16,500,5.333333333330001,3.976032667870345e-17,500,0.4273968253968124,0.014405286890271948,500,0.8449523809522715,0.01748124399860833,500,0.08013690476190953,0.00270099129192373,500,0.15842857142858674,0.0032777332497409754,500
6,4,5,0.6666666666666666,7.0,7.0,0.415560936521442,0.0019431705073759884,500,0.471331908158136,0.0003321993302726081,500,0.32961069157260797,0.006067811398897042,500,0.1852536078122628,0.0020096211101538566,500,0.28378585780701393,0.002380177225699861,500,0.44817485112726,0.0034529501738231787,500,3.0740336296997803,0.04846532805654169,500,0.0243970922992046,0.00038464546076595125,500,nan,nan,0,21.0786901030728,0.0376560441103703,500,8.4172786132394,0.09567991121614683,500,19.224983745099998,1.590413067148138e-16,500,5.333333333330001,3.976032667870345e-17,500,0.3698412698412452,0.013760458924481142,500,0.743936507936554,0.01706665351677846,500,0.06934523809525116,0.0025800860483385433,500,0.1394880952380924,0.003199997534394636,500
6,4,5,0.6666666666666666,8.0,7.0,0.4117860856337401,0.001887233039306014,500,0.469754819047904,0.00031100056954856155,500,0.21789137452821,0.003298950016435375,500,0.16829391068321503,0.0020761836736365646,500,0.26359530872098197,0.002474767085283348,500,0.478815975043858,0.0037440465689104634,500,2.8959836431448003,0.04898693926547984,500,0.0229839971678158,0.0003887852322660007,500,nan,nan,0,23.678901488015605,0.034094369327738634,500,8.6019415392834,0.09532321217580424,500,21.971409994400002,1.590413067148138e-16,500,5.333333333330001,3.976032667870345e-17,500,0.3731111111110978,0.014046481204474083,500,0.7099999999999607,0.01816125801586445,500,0.06995833333333958,0.0026337152258369585,500,0.1331249999999989,0.0034052358779736855,500
6,4,5,0.6666666666666666,9.0,7.0,0.409210273007932,0.0018749705596218,500,0.468250375914548,0.0003033546288649827,500,0.1556864473589688,0.002194308257301148,500,0.15192436112000882,0.0021694858324267595,500,0.2441437305509,0.002561963161282553,500,0.511434174377752,0.004101050633598406,500,2.7003326613279595,0.05004269896587413,500,0.0214312115978382,0.0003971642775064713,500,nan,nan,0,26.261043516804797,0.029809459294444,500,8.65046950462016,0.09265369290258854,500,24.717836243699995,1.590413067148138e-16,500,5.333333333330001,3.976032667870345e-17,500,0.3395555555555238,0.014060284380116446,500,0.6568571428571761,0.017733963875280246,500,0.0636666666666648,0.002636303321269554,500,0.12316071428570877,0.003325118226613294,500
6,4,5,0.6666666666666666,10.0,7.0,0.409311687860492,0.0018973625977777968,500,0.466301099190356,0.0003093161932570852,500,0.1122241854321732,0.0015238715836358677,500,0.14858217812811358,0.002199298650283059,500,0.24065110349501,0.0026086070764124933,500,0.515655345287576,0.004202780195129096,500,2.7362906944636802,0.04926627813444786,500,0.021716592813204604,0.00039100220741631415,500,nan,nan,0,28.848669096307596,0.02651242350865272,500,8.612126695930499,0.09110784980132192,500,27.464262492999996,1.590413067148138e-16,500,5.333333333330001,3.976032667870345e-17,500,0.38349206349202913,0.014595787363549818,500,0.7128888888889768,0.01818625067856398,500,0.07190476190476201,0.0027367101306635297,500,0.13366666666662622,0.0034099220022266626,500
6,5,5,0.8333333333333334,1.0,7.0,0.443568134000982,0.0019615582485663016,500,0.821772748534592,0.0019730700315645578,500,7.956759513594781,0.07871703258701011,500,0.545933506660332,0.007567166656298611,500,0.554594565801772,0.005141997291784564,500,0.1248506781945392,0.0033104474869955144,500,15.78117655792684,0.4732288861017438,500,0.0626237164997082,0.0018778924051654755,500,nan,nan,0,10.80218253321424,0.10054318826611683,500,10.035655361615081,0.10957665416660999,500,3.87628841011,0.0,500,6.0,0.0,500,1.0656031746031025,0.018151479044030003,500,2.07107936507942,0.031127572437752087,500,0.17760052910052865,0.0030252465073386443,500,0.3451798941798808,0.005187928739626645,500
6,5,5,0.8333333333333334,2.0,7.0,0.447208142877814,0.0017074951746575905,500,0.836389734606432,0.0013070555396596322,500,5.841027503909739,0.040692065042506845,500,0.516747317082168,0.0051191294982944,500,0.5167005600601381,0.003563854533356214,500,0.1503794744315664,0.002416082199023802,500,11.7056991809901,0.2343595201938438,500,0.046451187226150596,0.0009299980960075035,500,nan,nan,0,12.7216041968216,0.08078187741873251,500,9.971899515983699,0.1055030527744894,500,7.75257682022,0.0,500,6.0,0.0,500,0.89147619047625,0.011396946232990536,500,1.720650793650984,0.014872051163985054,500,0.14857936507932157,0.0018994910388300463,500,0.286775132275174,0.002478675193998009,500
6,5,5,0.8333333333333334,3.0,7.0,0.43754934382307803,0.001538233786278074,500,0.834185524916178,0.0007932133484530503,500,3.2754040892370404,0.028720389156819813,500,0.43071806672596197,0.003871784073673241,500,0.444189734096422,0.0026136065329786175,500,0.2094681291655134,0.002260269806489147,500,7.7953895643229005,0.11363241240191713,500,0.0309340855727118,0.00045092227143618877,500,nan,nan,0,15.4078624925288,0.06584792288741406,500,9.933724183469101,0.10646894431376734,500,11.628865230299999,7.95206533574069e-17,500,6.0,0.0,500,0.7186349206347579,0.01402752414074721,500,1.398841269841248,0.011077919765082937,500,0.11977248677248042,0.002337920690126213,500,0.23314021164020396,0.0018463199608518745,500
6,5,5,0.8333333333333334,4.0,7.0,0.427943798799608,0.0012999542805808158,500,0.832366740369126,0.0005798049832027707,500,1.886461506524506,0.016877485540264633,500,0.34824575497970595,0.0029928708762356057,500,0.375244531230382,0.002000593573595535,500,0.2780740562585732,0.0023022217204012913,500,5.496314985314401,0.06185063654129894,500,0.0218107737512474,0.0002454390338941203,500,nan,nan,0,18.687635728344002,0.060061195991422484,500,10.203151268076398,0.11425203468099805,500,15.505153640400001,7.95206533574069e-17,500,6.0,0.0,500,0.5915873015872283,0.014981232767690398,500,1.151126984126936,0.012904967863759019,500,0.09859788359786673,0.002496872127948387,500,0.1918544973544914,0.0021508279772936927,500
6,5,5,0.8333333333333334,5.0,7.0,0.418678887908202,0.001347484267962505,500,0.828152785605976,0.0003773667079026583,500,1.2118778702235082,0.014925553706377218,500,0.288856371184714,0.002462936783551532,500,0.32391782001902,0.0017433282698210823,500,0.33781876990780396,0.0025626441214017075,500,4.24986464533868,0.043365700284401724,500,0.016864542243406604,0.00017208611223975157,500,nan,nan,0,21.8801185673858,0.047987418760072065,500,9.91190331405544,0.10967759862061192,500,19.381442050600008,3.180826134296276e-16,500,6.0,0.0,500,0.507666666666648,0.014030426570874164,500,1.012587301587214,0.015621470444016025,500,0.08461111111109924,0.0023384044284782673,500,0.1687645502645194,0.0026035784073355113,500
6,5,5,0.8333333333333334,6.0,7.0,0.41477135241081997,0.001284344217308578,500,0.8270244793854,0.00027587275227343455,500,0.8099126595134801,0.012594534258283581,500,0.239498230243846,0.0022790318541536228,500,0.280989892696166,0.0016687181461720465,500,0.39420872221834996,0.00296578641927522,500,3.4487683104674995,0.03544574543548551,500,0.013685588533598938,0.00014065771998199474,500,nan,nan,0,25.477191532828,0.04318512495608827,500,10.15213976345924,0.10992740359284872,500,23.257730460699996,1.590413067148138e-16,500,6.0,0.0,500,0.4811111111110651,0.01453976859217088,500,0.8981587301586658,0.01594333351027809,500,0.08018518518517971,0.002423294765361903,500,0.14969312169309773,0.00265722225171356,500
6,5,5,0.8333333333333334,7.0,7.0,0.40733095047241197,0.0012973785902112185,500,0.82755073034533,0.00022632088359035826,500,0.497114999358038,0.006643036624020023,500,0.20107553034950998,0.0022774835471407015,500,0.246961589767026,0.0017498456177585968,500,0.44438932848690804,0.0034735902891384718,500,2.8988558571497602,0.03183041470793433,500,0.0115033962585298,0.00012631116947582624,500,nan,nan,0,29.023330960271196,0.03509171488198619,500,10.067382931051162,0.1036512155454741,500,27.134018870799995,1.590413067148138e-16,500,6.0,0.0,500,0.403047619047568,0.013348811408198687,500,0.7850158730159681,0.01568170591268695,500,0.0671746031745885,0.0022248019013662947,500,0.1308359788359668,0.002613617652113453,500
6,5,5,0.8333333333333334,8.0,7.0,0.40344623390457796,0.0013467081886286707,500,0.830128135024708,0.00022836352361601975,500,0.33337666914198394,0.0040173132183499065,500,0.17827586897888317,0.0024617803084169164,500,0.226010966980464,0.00197770849943554,500,0.47591083372298204,0.004105295216668109,500,2.6531431131973995,0.03314920922663865,500,0.01052834568729116,0.00013154448105808685,500,nan,nan,0,32.657820717751,0.03289181700762344,500,9.97168763165174,0.10964870207682513,500,31.010307280900005,1.590413067148138e-16,500,6.0,0.0,500,0.40741269841265876,0.013961728049423307,500,0.7521111111112151,0.017072750391681456,500,0.06790211640210353,0.0023269546749029465,500,0.12535185185183534,0.002845458398611788,500
6,5,5,0.8333333333333334,9.0,7.0,0.403506306317596,0.0012874954467070726,500,0.832090231529196,0.00020117152913536087,500,0.23463528246313398,0.002846196751083397,500,0.16372632254933941,0.0025477537956016365,500,0.213013934789228,0.0021096670121550586,500,0.493523437555894,0.004462143672618601,500,2.52332628241938,0.0341866995502262,500,0.010013199533409779,0.00013566150615165463,500,nan,nan,0,36.358796635133594,0.03037827622552304,500,9.94095270912896,0.11435529905237549,500,34.88659569100001,6.361652268592552e-16,500,6.0,0.0,500,0.4104603174603002,0.014097157343876145,500,0.7572539682541001,0.016852941407878325,500,0.068410052910047,0.0023495262239782507,500,0.12620899470897964,0.002808823567978379,500
6,5,5,0.8333333333333334,10.0,7.0,0.400747336144088,0.001347699839704941,500,0.83380597276469,0.0001951421890861776,500,0.18032834033726602,0.0020872185656675307,500,0.1442741528764102,0.0023366400030797032,500,0.19503461105706218,0.002069146507293295,500,0.5259092526076099,0.004753873557450357,500,2.3174117129305603,0.02902870074729474,500,0.009196078225914561,0.00011519325693363988,500,nan,nan,0,40.1422253885118,0.026781068938862992,500,10.16339480247642,0.10874006988184495,500,38.7628841011,0.0,500,6.0,0.0,500,0.36793650793650523,0.013864978805614313,500,0.6996190476191114,0.017308259096343075,500,0.0613227513227437,0.0023108298009349715,500,0.11660317460315324,0.0028847098493880174,500
6,6,5,1.0,1.0,7.0,0.452105657289728,0.001878072255448432,500,1.2410177386827,0.0023050216771072977,500,12.65639426743184,0.11561299802567855,500,0.757930985280194,0.01025658786678994,500,0.595140404268298,0.00521899292770384,500,0.08324409302756319,0.0026180669336703408,500,28.303378545949503,0.9209252057033006,500,0.062068812600770386,0.0020195728195249777,500,nan,nan,0,11.96120145810998,0.1160269989937622,500,10.9901805943954,0.12819080138356537,500,4.56113285371,0.0,500,6.578947368420002,1.1928098003611036e-16,500,1.2889824561403957,0.019201798895599646,500,2.487464912280752,0.03254888316222483,500,0.19592533333334547,0.0029186734321310845,500,0.3780946666666559,0.004947430240660841,500
6,6,5,1.0,2.0,7.0,0.44731825592292396,0.0015177391735550904,500,1.25784995532444,0.0016858476617397577,500,8.63841814928872,0.060977756389801435,500,0.6617065202050619,0.006365885240083188,500,0.5240938133510319,0.0034368445061235564,500,0.122005848690946,0.002102006810778816,500,16.38536406772404,0.34069437878728726,500,0.0359328159379876,0.0007471367955858902,500,nan,nan,0,14.62858182104394,0.09129929208832037,500,11.29255704466936,0.12191914481416388,500,9.12226570742,0.0,500,6.578947368420002,1.1928098003611036e-16,500,0.970140350877412,0.010760054349525984,500,1.9106929824561099,0.014548061376341296,500,0.1474613333333246,0.0016355282611261513,500,0.290425333333338,0.0022113053292033584,500
6,6,5,1.0,3.0,7.0,0.433173813969502,0.0011696823041448866,500,1.2561797959343202,0.0008004922070389793,500,4.60652887742854,0.04077409282896815,500,0.529007148930768,0.004086784982647296,500,0.437959864291594,0.002216357342624055,500,0.1845225807069906,0.0018214108239165518,500,9.497771934129302,0.1219768012381923,500,0.02082844722397302,0.0002674929851716128,500,nan,nan,0,17.9248581817142,0.07495164182503988,500,11.38427380452872,0.1206753802589577,500,13.683398561100004,1.590413067148138e-16,500,6.578947368420002,1.1928098003611036e-16,500,0.774377192982289,0.012218204133071408,500,1.5096228070173723,0.009443511675482092,500,0.1177053333333454,0.0018571670282296043,500,0.229462666666674,0.0014354137746722352,500
6,6,5,1.0,4.0,7.0,0.42132407236842195,0.0010454716954523718,500,1.2498915925403802,0.0005116344222880137,500,2.5407321363494604,0.02466299679632315,500,0.40681640019968995,0.003050970498418691,500,0.35883237644562804,0.0016424086254172212,500,0.26003867550614407,0.001845178125411727,500,6.007331793081861,0.06024859407542609,500,0.01317397323044254,0.00013212410981451285,500,nan,nan,0,21.6152391232824,0.06163614290397957,500,11.36192989719196,0.11976842102588021,500,18.244531414800004,1.590413067148138e-16,500,6.578947368420002,1.1928098003611036e-16,500,0.6327982456139696,0.013405354919083876,500,1.227833333333554,0.011093749785566416,500,0.09618533333333473,0.0020376139477013087,500,0.18663066666666742,0.0016862499674056468,500
6,6,5,1.0,5.0,7.0,0.41283620490406,0.0009810065838769307,500,1.24622772266258,0.0004333467047344006,500,1.521399401347554,0.019865905777987344,500,0.325862872043144,0.002698655080243443,500,0.30329054105114406,0.0014948296939136933,500,0.3262767364114001,0.0022702636916485056,500,4.4058645061354405,0.04434755371015847,500,0.0096619835660871,9.725340725912687e-05,500,nan,nan,0,25.5106301498396,0.05148739454439099,500,11.17304019429038,0.11995260984261152,500,22.805664268600005,1.590413067148138e-16,500,6.578947368420002,1.1928098003611036e-16,500,0.5498684210525212,0.013652440561988778,500,1.059254385964602,0.01355927470569274,500,0.08357999999999208,0.0020751709654233987,500,0.16100666666664482,0.0020610097552674913,500
6,6,5,1.0,6.0,7.0,0.40721921536466404,0.0009717821757439898,500,1.2459889836636397,0.0003917335598603183,500,0.961099762634188,0.014412172151505835,500,0.258870205729702,0.0024682727137509287,500,0.258419568610196,0.0015022716424202072,500,0.39095528772155996,0.002763859290455243,500,3.46310886362646,0.03638958234293122,500,0.00759453698163804,7.980171566441945e-05,500,nan,nan,0,29.6922644052894,0.04513987377103684,500,11.226361689837939,0.1240155663292534,500,27.3667971223,0.0,500,6.578947368420002,1.1928098003611036e-16,500,0.4751666666666443,0.013327516757865504,500,0.916903508771896,0.014106079962757602,500,0.07222533333334467,0.0020257825471963887,500,0.13936933333332463,0.002144124154339256,500
6,6,5,1.0,7.0,7.0,0.40315964196544596,0.000945204232334852,500,1.243757374133,0.00032176146528133104,500,0.594194111205644,0.007622466896101098,500,0.21357268531506202,0.002066318406372667,500,0.22646223649151398,0.0013549106095473856,500,0.440635172308996,0.0029152518251256746,500,2.9214778941772,0.027223815209487613,500,0.00640674976793224,5.970134914359901e-05,500,nan,nan,0,33.9542306060742,0.038642768258036815,500,11.27714905068744,0.11901492213665843,500,31.92792997599999,4.771239201444415e-16,500,6.578947368420002,1.1928098003611036e-16,500,0.4304298245614197,0.012838538742898253,500,0.8242017543860182,0.014396232212862412,500,0.06542533333333787,0.00195145788892028,500,0.12527866666666235,0.002188227296354305,500
6,6,5,1.0,8.0,7.0,0.400835782384398,0.0009589082841985177,500,1.2434372620788599,0.0002897605889335328,500,0.404374437801296,0.004557771312269872,500,0.18182985112145,0.0022518227466151028,500,0.202122502280044,0.0015267608715040736,500,0.484412754223724,0.003493271830213708,500,2.6086161102743,0.028849972047917602,500,0.005720649364636619,6.326748256117418e-05,500,nan,nan,0,38.2946034752968,0.03633159514153011,500,11.31025915220276,0.12471739170901618,500,36.4890628297,0.0,500,6.578947368420002,1.1928098003611036e-16,500,0.3895614035087517,0.013052992156477159,500,0.7557017543859388,0.016140986670987113,500,0.05921333333333312,0.0019840548077848692,500,0.1148666666666642,0.002453429973990132,500
6,6,5,1.0,9.0,7.0,0.39953566811473606,0.0009596602174233083,500,1.2437009555582998,0.00027540861335803764,500,0.2913933826062,0.003116128219210885,500,0.1642422312914642,0.002261782470605953,500,0.187688226208862,0.0016128429608175097,500,0.509076744436746,0.0038938432456774603,500,2.4621346716953205,0.027985534073057438,500,0.00539941813968238,6.137178524793321e-05,500,nan,nan,0,42.674347598427005,0.033245026690084056,500,11.32485968017824,0.1288179744383641,500,41.0501956834,0.0,500,6.578947368420002,1.1928098003611036e-16,500,0.39814035087719857,0.013650741607500643,500,0.7421052631578633,0.016902280973895133,500,0.06051733333334524,0.00207491272434083,500,0.11279999999999339,0.002569146708032205,500
6,6,5,1.0,10.0,7.0,0.398029367524694,0.0010538615890509856,500,1.24448098851722,0.00025865580399335117,500,0.22073024409890202,0.0021775534324700637,500,0.14479323483973622,0.0020158171424134366,500,0.1729769695874876,0.0015091076078490656,500,0.5360953718170781,0.0038232725431696798,500,2.2954876140206397,0.024113548719123072,500,0.00503396406583424,5.2880589296285525e-05,500,nan,nan,0,47.096298833164404,0.028952242744522697,500,11.427671512714879,0.12255361272714062,500,45.61132853709999,3.180826134296276e-16,500,6.578947368420002,1.1928098003611036e-16,500,0.3749473684210642,0.012742523558251749,500,0.7213421052632009,0.01563088709117172,500,0.056992000000016245,0.0019368635808551698,500,0.10964399999998607,0.002375894837857921,500
6,7,5,1.1666666666666667,1.0,7.0,0.453241381933682,0.0017363687752505834,500,1.6966888257303199,0.0021490350607948037,500,16.499328116360637,0.12335352167698437,500,0.928425639112416,0.011524904699725638,500,0.6079026616633539,0.004789543175299662,500,0.06303580993234623,0.0020017881868425163,500,40.042417000790095,1.245542498664993,500,0.05296616005395565,0.0016475429876521318,500,nan,nan,0,13.40639669437118,0.12176440506075976,500,12.40048420199182,0.1330668744768834,500,4.95199280433,0.0,500,7.0793650793700005,3.976032667870345e-17,500,1.4092380952381458,0.017922285516943907,500,2.7080740740739437,0.02992312694692148,500,0.1990627802690524,0.0025316232905103703,500,0.38253064275036397,0.0042268094117848525,500
6,7,5,1.1666666666666667,2.0,7.0,0.450275012513624,0.001431795384658905,500,1.7351785765466,0.0016751335519291945,500,11.67561895760034,0.07526995089826657,500,0.834326984218442,0.008077405035500989,500,0.5406371946920201,0.003428666441405625,500,0.09620458331386339,0.0017859916458606803,500,23.54931444887798,0.5172619357724485,500,0.03114988683714058,0.0006842089097519091,500,nan,nan,0,15.924461388607,0.09980485782623301,500,12.3112583240075,0.13357277836791437,500,9.90398560866,0.0,500,7.0793650793700005,3.976032667870345e-17,500,1.0590370370372297,0.009494254428879535,500,2.0783439153439005,0.013501936985984266,500,0.14959491778773742,0.001341116656994436,500,0.293577727952166,0.0019072242827742724,500
6,7,5,1.1666666666666667,3.0,7.0,0.43110312068225604,0.0009684783439838078,500,1.7403819419136,0.0008429107388415356,500,6.06248823888716,0.05372108650218541,500,0.627573314277322,0.004819789830618231,500,0.43629422801579804,0.0021185069099796663,500,0.1641185493489862,0.0016450401461036517,500,11.45183637188132,0.1517279871952945,500,0.015147931708834602,0.00020069839576094764,500,nan,nan,0,19.507659326494803,0.08195104050787108,500,12.42473486595042,0.1329932257465435,500,14.855978413,0.0,500,7.0793650793700005,3.976032667870345e-17,500,0.798465608465666,0.010832118960652724,500,1.596730158729846,0.008909717089010942,500,0.1127877428998706,0.00153009752134733,500,0.225547085201802,0.0012585474811831357,500
6,7,5,1.1666666666666667,4.0,7.0,0.41632483212468,0.0008378109267960794,500,1.7375036907756598,0.00046455702259781136,500,3.25780886854978,0.0320053701708874,500,0.464559318101234,0.003044489190862657,500,0.35059869314627407,0.001420383570137719,500,0.24168506027993197,0.0015631259803006046,500,6.635970764682001,0.06717445114815036,500,0.00877773910672308,8.885509411133883e-05,500,nan,nan,0,23.4853432899228,0.06814916641819324,500,12.357530459993159,0.1329077969484357,500,19.807971217300004,1.590413067148138e-16,500,7.0793650793700005,3.976032667870345e-17,500,0.6793280423280496,0.012314585168746593,500,1.30441269841284,0.009319526737201902,500,0.09595889387145039,0.0017395041830286975,500,0.18425560538115998,0.0013164353911294352,500
6,7,5,1.1666666666666667,5.0,7.0,0.40881251565357796,0.0007615610542579025,500,1.7340619816329,0.00037494292569566033,500,1.9060801811526422,0.02468485153944454,500,0.357922628384664,0.0025275963159458147,500,0.29117071245240594,0.001222567037386591,500,0.313359156121324,0.0018203655287760592,500,4.65757892153754,0.04694336636241452,500,0.00616081867928194,6.209439995020934e-05,500,nan,nan,0,27.82410066214,0.058433609078183756,500,12.40643965802456,0.1336165899605323,500,24.7599640217,0.0,500,7.0793650793700005,3.976032667870345e-17,500,0.5919047619047926,0.012882336811983858,500,1.104862433862442,0.011682683754302174,500,0.08360986547085247,0.0018197022851003215,500,0.1560680119581436,0.0016502445661899933,500
6,7,5,1.1666666666666667,6.0,7.0,0.401854446842394,0.0007785159988744621,500,1.73027767370838,0.00024470905547492583,500,1.179179842024882,0.017352475654550233,500,0.27628092091182394,0.0022806066610169024,500,0.24499031820721,0.0012231342649764792,500,0.38370077411217796,0.002251469287193115,500,3.59681055790166,0.04183843005058898,500,0.00475768592315022,5.5341838691164604e-05,500,nan,nan,0,32.3228887191458,0.04988472187205578,500,12.4240648548847,0.1331980869642014,500,29.711956826,0.0,500,7.0793650793700005,3.976032667870345e-17,500,0.4849788359787739,0.012367045245774375,500,0.9411164021165259,0.013022230072623006,500,0.06850597907324493,0.001746914462969307,500,0.132937967115096,0.0018394629923195768,500
6,7,5,1.1666666666666667,7.0,7.0,0.398735253093346,0.0007921261530128498,500,1.72855250585126,0.00016890337203183045,500,0.721961267452946,0.009479938194900436,500,0.225015886145536,0.0024081602375563577,500,0.21359399599634402,0.0014266061577440947,500,0.43932806230579,0.003043765593997283,500,3.05634731649622,0.03684880682285416,500,0.00404278745568284,4.8741807966740245e-05,500,nan,nan,0,36.885974909411004,0.04473351614051897,500,12.26988899191376,0.13749919158737073,500,34.6639496303,0.0,500,7.0793650793700005,3.976032667870345e-17,500,0.41734391534384857,0.013147945130170292,500,0.823058201058416,0.013943753178942708,500,0.05895216741405413,0.0018572209488819098,500,0.11626158445442161,0.001969633296576143,500
6,7,5,1.1666666666666667,8.0,7.0,0.39692254366672597,0.000747008862739001,500,1.7285817757514002,0.0001557852731405465,500,0.48988450499106795,0.004924190885492692,500,0.189112273218074,0.0023451107041494255,500,0.18991246573631002,0.0014363112817104417,500,0.484419815845078,0.0032894933707387445,500,2.7001868531254,0.03552718782794062,500,0.0035716757316471,4.699363469301198e-05,500,nan,nan,0,41.6218324845658,0.039567057207346955,500,12.437216517573882,0.1346776760639022,500,39.615942434699996,3.180826134296276e-16,500,7.0793650793700005,3.976032667870345e-17,500,0.3770158730158539,0.011930883052164483,500,0.7388095238097104,0.014323234323075789,500,0.05325560538115589,0.0016853041082652306,500,0.10436098654707117,0.002023237135320574,500
6,7,5,1.1666666666666667,9.0,7.0,0.395382323269656,0.00076179787661757,500,1.7293173810426998,0.00013823979581035768,500,0.35601266768275797,0.0031436711758691697,500,0.16871286642693797,0.0023248720258925307,500,0.17568612486782398,0.0015067895925531148,500,0.511023886553814,0.003632961889663254,500,2.5438098217176397,0.03541595786783086,500,0.00336482780650484,4.6846505116249925e-05,500,nan,nan,0,46.379256702527805,0.03652271265377307,500,12.47826927432328,0.1393731823209988,500,44.567935239,0.0,500,7.0793650793700005,3.976032667870345e-17,500,0.37896825396826467,0.012384591547626504,500,0.7260211640211778,0.014789844924794395,500,0.05353139013452102,0.0017493929764582166,500,0.10255455904333113,0.00208914849834459,500
6,7,5,1.1666666666666667,10.0,7.0,0.396159217895702,0.0007893633059193227,500,1.7299380419201598,0.00013939497870114304,500,0.269471947029712,0.0020751104433792684,500,0.15343295183390399,0.0021901152808773737,500,0.16473826275511602,0.0014849632134664185,500,0.5316254183664559,0.003819153747674188,500,2.41501354379934,0.02936453397569496,500,0.0031944623595227,3.884197615831934e-05,500,nan,nan,0,51.146344483338,0.03163445764589906,500,12.46526174179036,0.133113622553682,500,49.5199280433,0.0,500,7.0793650793700005,3.976032667870345e-17,500,0.3876825396825189,0.012847576584112433,500,0.711920634920672,0.014748629172284117,500,0.054762331838557894,0.0018147922080700653,500,0.10056278026903288,0.002083326542272612,500
6,8,5,1.3333333333333333,1.0,7.0,0.46186730030499795,0.0017641931096741212,500,2.1861929347632594,0.002039625569468338,500,19.5033829957731,0.13735062629389233,500,1.1285427111996018,0.013833266348170097,500,0.634134193992546,0.004752078704856942,500,0.04560973931026764,0.0016026356944746428,500,62.43047447198574,2.027875529959692,500,0.05377301849438344,0.001746662816502347,500,nan,nan,0,14.477631536317858,0.12891949041153697,500,13.44005988445038,0.14069384626040754,500,5.232830786799999,3.976032667870345e-17,500,7.503875968990001,3.976032667870345e-17,500,1.577746770025724,0.018117673937337184,500,3.025777777777674,0.030251132720936175,500,0.21025757575757,0.0024144420846240154,500,0.4032286501377582,0.004031400951445779,500
6,8,5,1.3333333333333333,2.0,7.0,0.454750045449538,0.001345232538080061,500,2.2406714023611003,0.00175502941684572,500,14.24109488948726,0.08334648522721251,500,1.0205747791225561,0.009740580691580791,500,0.562372850127456,0.003327177755664935,500,0.073422806514321,0.001456184021185577,500,33.39074760837136,0.7317990661355634,500,0.02876033385733922,0.0006303178864216134,500,nan,nan,0,16.8782110324522,0.10668109701478797,500,13.0764222898713,0.14177632722249944,500,10.465661573599998,7.95206533574069e-17,500,7.503875968990001,3.976032667870345e-17,500,1.1491507321274939,0.008080973611237914,500,2.26722825150718,0.01327692821930393,500,0.1531409550045906,0.0010769066072837603,500,0.302140955004596,0.0017693427069123493,500
6,8,5,1.3333333333333333,3.0,7.0,0.43273890687435,0.000826965872778905,500,2.26252947648844,0.0010123812771348545,500,7.54109406335922,0.06665935763913086,500,0.758533832038666,0.005053655256302255,500,0.4487366070739999,0.0018425134332996393,500,0.13691968103005958,0.0012731356778502556,500,14.505113386572019,0.1701193035724796,500,0.012493637714534581,0.00014652825458439194,500,nan,nan,0,20.629063028053803,0.08742164003686867,500,13.154887639713579,0.14069779751413944,500,15.6984923604,0.0,500,7.503875968990001,3.976032667870345e-17,500,0.8900155038760299,0.01015679101043671,500,1.71642377261002,0.007198895399690044,500,0.1186074380165494,0.0013535392978784536,500,0.228738292011058,0.0009593569282645472,500
6,8,5,1.3333333333333333,4.0,7.0,0.41548609472044595,0.0006609893493963149,500,2.26298515547556,0.0007682642339453179,500,3.92245503211594,0.03873187326291234,500,0.53531477504519,0.0032831661219804745,500,0.353156013520608,0.0012295112236442398,500,0.218429290178536,0.001345460983564622,500,7.62331524328572,0.06472310396944189,500,0.00656616300024604,5.574772090392354e-05,500,nan,nan,0,24.969817016658002,0.0755856060802655,500,13.31409399197514,0.14818374733953465,500,20.931323147199997,1.590413067148138e-16,500,7.503875968990001,3.976032667870345e-17,500,0.6995658914730424,0.011924013873778944,500,1.3823290267010098,0.008005677841743414,500,0.09322727272726535,0.0015890473034262428,500,0.184215335169904,0.0010668723570091845,500
6,8,5,1.3333333333333333,5.0,7.0,0.406084629144558,0.0005734094112106864,500,2.2574683444649,0.0005984653362096409,500,2.34245884423408,0.02741620533966227,500,0.3958090219776921,0.0026764005996229275,500,0.287350598586118,0.0010288242338849652,500,0.295380771846384,0.0016204197540455227,500,5.02803618456756,0.04362983372198719,500,0.004330780520729959,3.7579529476287894e-05,500,nan,nan,0,29.548391947819596,0.06203772029573275,500,13.4412372879445,0.14012695703183142,500,26.16415393400001,3.180826134296276e-16,500,7.503875968990001,3.976032667870345e-17,500,0.6063393626185622,0.012745670812658746,500,1.157994832041444,0.010457624565640157,500,0.08080348943985619,0.001698544973999917,500,0.1543195592286572,0.0013936297200077131,500
6,8,5,1.3333333333333333,6.0,7.0,0.39980396904169196,0.000597695183619028,500,2.25055679843592,0.0004599040854334805,500,1.3971165404469659,0.017739269183127047,500,0.29817456975354,0.0023298802117715585,500,0.23844304030194602,0.000987678060750881,500,0.37008265977649,0.001998367724884216,500,3.7046441186448003,0.032334197139981584,500,0.00319090794026248,2.7850299000840745e-05,500,nan,nan,0,34.185581630582405,0.05262083448639615,500,13.214314572997079,0.13904151848338275,500,31.3969847208,0.0,500,7.503875968990001,3.976032667870345e-17,500,0.5017881136952107,0.012344816398102308,500,0.974618432385994,0.011251323810942924,500,0.06687052341597437,0.0016451253257785403,500,0.1298820018365592,0.001499401623566482,500
6,8,5,1.3333333333333333,7.0,7.0,0.395348359829648,0.0005946909661402612,500,2.2464309252021804,0.00032171024681160046,500,0.896078094026294,0.010572317112491604,500,0.23780887408853998,0.002217286902084031,500,0.205283461428036,0.0010482853277623545,500,0.4292477023014,0.002409534515240158,500,3.06185599004796,0.02742779627568854,500,0.00263725752803428,2.3624286197832102e-05,500,nan,nan,0,39.10396072262021,0.04793159521465416,500,13.3442898082294,0.14473187884578964,500,36.629815507600014,6.361652268592552e-16,500,7.503875968990001,3.976032667870345e-17,500,0.434694229112858,0.011569993958812731,500,0.859273040482332,0.012307528062405112,500,0.057929292929292914,0.001541869029635003,500,0.1145105601469224,0.0016401561157552767,500
6,8,5,1.3333333333333333,8.0,7.0,0.394855705682074,0.0005837018543005483,500,2.24326048912814,0.00021097885592324096,500,0.600947695424914,0.005321807029735845,500,0.196204940882666,0.0021886538876335357,500,0.180325279111116,0.0011218064205479068,500,0.48009146700605004,0.0028283008158471856,500,2.66209593899332,0.026015443053129583,500,0.00229293362531728,2.2407789020788173e-05,500,nan,nan,0,43.9872457707278,0.042101886267963684,500,13.156091340965661,0.14296045528596174,500,41.862646294399994,3.180826134296276e-16,500,7.503875968990001,3.976032667870345e-17,500,0.39180361757104437,0.011439977966922681,500,0.7696399655470211,0.012931974611131361,500,0.05221349862259329,0.0015245425183193905,500,0.10256565656566528,0.0017233726496236783,500
6,8,5,1.3333333333333333,9.0,7.0,0.39370146841667,0.0006179114591058023,500,2.2418750168471,0.00013835803738821643,500,0.432346666572206,0.0033863814154883876,500,0.1763199091266902,0.0021231427116887615,500,0.167353895329592,0.0011589094460685327,500,0.5052464700662079,0.0031099351992947897,500,2.5221860149661,0.02465419387778658,500,0.0021724255081534004,2.1235309110929777e-05,500,nan,nan,0,48.946720769828794,0.03784467639519811,500,12.97049178544772,0.14352094804818116,500,47.095477081199995,3.180826134296276e-16,500,7.503875968990001,3.976032667870345e-17,500,0.41294401378122314,0.011989372874312012,500,0.7805546942291386,0.013675853101487142,500,0.055030762167115825,0.0015977573355215277,500,0.10402020202020404,0.0018225052170370028,500
6,8,5,1.3333333333333333,10.0,7.0,0.394284083359884,0.0005980203799574893,500,2.2414515719583594,8.9728624119132e-05,500,0.33351722490412,0.002318660423687085,500,0.1594178754685434,0.0023306608030296406,500,0.15565230684059442,0.0012990373173468353,500,0.53056084771256,0.003527416642946509,500,2.39917659036816,0.0274666875368331,500,0.0020664742380431004,2.365778426945893e-05,500,nan,nan,0,53.9727236648178,0.034505104012860256,500,12.824184163894799,0.14805016277526356,500,52.32830786800002,6.361652268592552e-16,500,7.503875968990001,3.976032667870345e-17,500,0.4141670973298782,0.01230910054764208,500,0.757732988802819,0.014416393005596228,500,0.05519375573920811,0.001640365672154047,500,0.10097887970616765,0.0019211928695483996,500
6,9,5,1.5,1.0,7.0,0.470366019485674,0.0018349985322290516,500,2.7225357607590595,0.0020270597274907698,500,22.64765161643394,0.14456009168299752,500,1.337850858971774,0.01656563059697969,500,0.6603800375876019,0.00503352001909668,500,0.03413806293307456,0.0014247335971941226,500,98.60579874877361,3.415150754606139,500,0.05918715411091576,0.0020499104169305836,500,nan,nan,0,15.112954036882421,0.13678147872924046,500,14.00664746190914,0.14992148749398412,500,5.50775218521,0.0,500,7.858343337329999,3.976032667870345e-17,500,1.7191668667467181,0.020228128225665852,500,3.2840840336131643,0.033190829264450994,500,0.2187696303085724,0.002574095754962812,500,0.4179104796822128,0.004223642037470615,500
6,9,5,1.5,2.0,7.0,0.463521042691434,0.001336386970639093,500,2.77995224512442,0.001780796203474485,500,16.7329506085584,0.08366613340265368,500,1.231898353233782,0.011332442128364359,500,0.5897456017714039,0.0032802089828086224,500,0.054687893823402604,0.0012097044873831983,500,48.169182188079795,1.0048757976654756,500,0.028913074542664362,0.0006031667452972164,500,nan,nan,0,17.809586093685,0.1128109432486635,500,13.82545357338952,0.1487912683913528,500,11.015504370399999,7.95206533574069e-17,500,7.858343337329999,3.976032667870345e-17,500,1.253963985594416,0.007482715213188266,500,2.4418895558222,0.01173138701821824,500,0.15957103574704978,0.0009522000874701496,500,0.31073846623891,0.0014928575292057046,500
6,9,5,1.5,3.0,7.0,0.43471841489892804,0.000765401341656818,500,2.80671465814242,0.001083858927626798,500,9.134029184063483,0.07877601248923499,500,0.891545740682762,0.00580304736749343,500,0.461589264746252,0.0017703180025421224,500,0.1158151892800888,0.0010883698446243247,500,17.99156935907836,0.21443328461289238,500,0.01079926131997588,0.00012871145534989543,500,nan,nan,0,21.9188549621688,0.09464687486156996,500,14.1508785078441,0.15273649841203277,500,16.523256555599996,1.590413067148138e-16,500,7.858343337329999,3.976032667870345e-17,500,0.936405762304812,0.009393334361846624,500,1.8235126050417998,0.006752956393021219,500,0.1191607088298164,0.0011953326494682024,500,0.232047968224838,0.0008593358807495165,500
6,9,5,1.5,4.0,7.0,0.415240709446412,0.0005907919141989412,500,2.8143034513418796,0.0005377087332367948,500,4.6052982388256805,0.04609257511535716,500,0.6180518480238879,0.0034459786418467604,500,0.360321365320698,0.001101594523563839,500,0.194340791374094,0.00111984419370254,500,8.773440782862261,0.07105257837482906,500,0.00526617093809272,4.264860646751063e-05,500,nan,nan,0,26.265525771587804,0.07945178154786812,500,13.98170063720872,0.1561981002926051,500,22.031008740799997,1.590413067148138e-16,500,7.858343337329999,3.976032667870345e-17,500,0.750653061224444,0.011507774631408351,500,1.44938055222108,0.006741289698050479,500,0.0955230675221774,0.0014644021185418149,500,0.184438435685944,0.0008578512554956312,500
6,9,5,1.5,5.0,7.0,0.403988621785661,0.0006003354536647683,348,2.814701297017069,0.00043063462058038563,348,2.692426966457414,0.03830978772026068,348,0.4421643838007011,0.003177775276016556,348,0.2892016176520603,0.0010487474086315206,348,0.27424663951982187,0.0016421350875435309,348,5.473112030828362,0.04996897904866133,348,0.0032851812910133908,2.999338478311127e-05,348,nan,nan,0,31.117014246591378,0.07875170928889991,348,14.172475253011608,0.17948214885197294,348,27.538760926000002,1.9071966302953275e-16,348,7.85834333733,0.0,348,0.6375308744186776,0.014732855684769517,348,1.2128713554388506,0.010415626516469796,348,0.08112789770711668,0.0018748042751939131,348,0.1543418635930974,0.0013254226838083933,348
6,9,5,1.5,6.0,7.0,0.39889493301540857,0.0006374129510165086,328,2.81199983608,0.0003917107882118335,328,1.6094419135392501,0.02669092923935474,328,0.32773692301065854,0.0032108853026614924,328,0.23834679546032927,0.0012428326509582599,328,0.3506902192242043,0.002487061868091637,328,3.9323235321952135,0.045358351329805896,328,0.0023603382546191157,2.722590115834986e-05,328,nan,nan,0,35.91154157586464,0.06995968901475662,328,13.689559961725793,0.18966566989676983,328,33.0465131112,0.0,328,7.858343337330001,4.91163788404708e-17,328,0.5151780224285614,0.015357346867203638,328,1.0009003601440183,0.014098169294332186,328,0.06555809542971236,0.0019542728292658187,328,0.12736785823407712,0.0017940383474152192,328
6,9,5,1.5,7.0,7.0,0.3956276244486218,0.000512886238184144,431,2.810001594040301,0.00030486737009232675,431,1.0089895393618422,0.010646452978710436,431,0.2544815891684571,0.0024289542829120467,431,0.20275225536628305,0.0010637555476155096,431,0.413913531275645,0.002570309495095458,431,3.142979385067703,0.02955823282137786,431,0.0018865422479396985,1.774203650742477e-05,431,nan,nan,0,41.04211990661346,0.04926193472267078,431,13.754229551702318,0.15164908046274828,431,38.5542652964,0.0,431,7.85834333733,0.0,431,0.44681538508680735,0.012553994976688373,431,0.8838542377506612,0.012287716310257359,431,0.05685872529442189,0.001597537093733672,431,0.11247335472754756,0.0015636522588521739,431
6,9,5,1.5,8.0,7.0,0.39318252682128607,0.0005343285842266276,430,2.808234088166303,0.00028992523902261443,430,0.7044154711805372,0.006101966985017401,430,0.20607725015520004,0.0022634963882317395,430,0.17682741630531623,0.0010867094392773508,430,0.46649812785002565,0.0029591184602454704,430,2.6889635721413256,0.026077545179706885,430,0.0016140237527860464,1.5652788223105745e-05,430,nan,nan,0,46.38169890920326,0.045513523911659866,430,14.161559367938326,0.15373751361736307,430,44.06201748170001,3.4305326549973897e-16,430,7.858343337329999,4.288165818746737e-17,430,0.3858231664759467,0.012193565488155245,430,0.7743125157039518,0.013530411658221707,430,0.0490972651503854,0.001551671257505135,430,0.09853381081293397,0.0017217893234492633,430
6,9,5,1.5,9.0,7.0,0.39178414297259745,0.0006323577916040576,328,2.805902467606738,0.00031723022662691737,328,0.5099000172761372,0.004745012583490168,328,0.186036032403314,0.0029066317438888067,328,0.16416582480920733,0.0014495866541697174,328,0.49007924207167375,0.004095941322021642,328,2.549992449319299,0.03256061117912904,328,0.0015306077126763721,1.954418438124534e-05,328,nan,nan,0,51.57153166905367,0.0496632500503302,328,13.838839223148476,0.18959048238669654,328,49.569769666900015,7.858620614475328e-16,328,7.858343337330001,4.91163788404708e-17,328,0.4226934676309747,0.014490699482645123,328,0.7808721049396,0.01730852776042298,328,0.05378913207096671,0.001843989103121849,328,0.0993685400878047,0.002202567006481417,328
6,9,5,1.5,10.0,7.0,0.3918231466809255,0.0005268956699712729,483,2.8043373757473082,0.00020365326234448854,483,0.3965194391626335,0.00255278480510178,483,0.1609693607875257,0.002012834222694864,483,0.1496364292608882,0.0010751473306067469,483,0.5213365546237101,0.003276520251917009,483,2.340059550675259,0.02192504412398247,483,0.0014045975694329505,1.3160290590627915e-05,483,nan,nan,0,56.95806895656625,0.03575799700027806,483,14.175140523685632,0.14667758122384528,483,55.07752185209998,9.709300428702014e-16,483,7.858343337329999,4.045541845292506e-17,483,0.39536808512227833,0.011029237716184297,483,0.7408876594114627,0.012864531820918018,483,0.05031188739793271,0.001403506724347927,483,0.09428038806751318,0.0016370539271055313,483
6,3,5,0.5,1.0,8.0,0.42545160000757,0.0031359317773595498,500,0.223910124110738,0.0011838008053371655,500,1.490300851275708,0.02088284812529853,500,0.2273205337175402,0.003617873925764894,500,0.453050659822208,0.005285603240749805,500,0.29868169896541225,0.00551176496444888,500,4.77972929526806,0.11462234392775512,500,0.0853523088440746,0.002046827570138553,500,nan,nan,0,8.35408443710208,0.08702133393949457,500,8.1510421665558,0.08967921938224284,500,1.7654696590100007,2.982024500902759e-17,500,4.5,0.0,500,0.6482857142857068,0.016844983410968725,500,1.2635000000000782,0.027571757688106737,500,0.14406349206351013,0.003743329646881127,500,0.28077777777776347,0.006127057264020874,500
6,3,5,0.5,2.0,8.0,0.434548576050824,0.0029101626968851295,500,0.22767255610849402,0.0010567773710499148,500,1.4972868093421339,0.015621562083623653,500,0.2280603092210772,0.0029449866592755774,500,0.448839548523428,0.004227224171933591,500,0.3008714749324834,0.004393499848560734,500,4.50189974247548,0.07830240670727454,500,0.0803910668299204,0.0013982572626308,500,nan,nan,0,8.87476316355462,0.07557098984780437,500,8.100062585190761,0.08413953408043752,500,3.5309393180200015,5.964049001805518e-17,500,4.5,0.0,500,0.5844285714285475,0.013434744973389742,500,1.153285714285626,0.018176414095328476,500,0.12987301587305092,0.0029854988829751726,500,0.25628571428565683,0.00403920313229101,500
6,3,5,0.5,3.0,8.0,0.439317801735704,0.002906340380044301,500,0.23348476061552198,0.000946480685475986,500,1.2303040692334462,0.014087161213037993,500,0.2171783797684626,0.0025970059352510354,500,0.42358977126249203,0.0037086633103997515,500,0.329226927881718,0.003942417456783534,500,4.06990965390416,0.058080176120963965,500,0.0726769581054406,0.0010371460021602412,500,nan,nan,0,9.68639284633916,0.0777194205386837,500,8.01276200583864,0.09584574714429155,500,5.296408977029999,3.976032667870345e-17,500,4.5,0.0,500,0.5335714285714943,0.014291474647401338,500,1.041714285713846,0.01588041173882281,500,0.11857142857146258,0.0031758832549766574,500,0.23149206349207138,0.0035289803864036805,500
6,3,5,0.5,4.0,8.0,0.42961609249411203,0.0031550826377854386,500,0.235766750264834,0.0006693920495548703,500,0.8778434111281102,0.010806679668478036,500,0.1908728339468982,0.0021125110663451855,500,0.378394925630014,0.0029025475985894537,500,0.38252643266564,0.003468090794269623,500,3.4281353122034797,0.040937418345672244,500,0.0612167020036348,0.0007310253276017025,500,nan,nan,0,10.94316390104882,0.06214886431499858,500,8.26326326690432,0.08409085485674905,500,7.061878636040003,1.1928098003611036e-16,500,4.5,0.0,500,0.44364285714281837,0.013573341661541134,500,0.895285714285672,0.016088904516907164,500,0.09858730158734764,0.003016298147008308,500,0.19895238095239381,0.003575312114864758,500
6,3,5,0.5,5.0,8.0,0.426549730583994,0.0026847201915318323,500,0.237206237514276,0.000542987430968229,500,0.589378377009348,0.0075933610602139665,500,0.1743088536698304,0.0019437470012005455,500,0.347566105115712,0.00263459627085967,500,0.42308692907273404,0.0035168777820939415,500,3.0489357916190802,0.03588324398685369,500,0.054445281993203004,0.0006407722140515221,500,nan,nan,0,12.045814436356519,0.0563430388039379,500,8.066891178731739,0.08598047847143794,500,8.82734829505,0.0,500,4.5,0.0,500,0.3982142857142476,0.012885452102056359,500,0.8028571428572653,0.016826210052483984,500,0.0884920634920965,0.0028634338004559197,500,0.17841269841270982,0.0037391577894380305,500
6,3,5,0.5,6.0,8.0,0.42342137315164596,0.00291005492576322,500,0.237273287798462,0.0005399987367455982,500,0.42644934982500604,0.0069729155580033194,500,0.1566417870059806,0.0018567597237734816,500,0.31405454650966397,0.002494552845561693,500,0.463497314185126,0.0038994987034929466,500,2.72400722126152,0.029730953131426364,500,0.04864298609395159,0.0005309098773470016,500,nan,nan,0,13.5202641819054,0.05121771141938373,500,8.26049861867678,0.08567681314589197,500,10.592817954099997,7.95206533574069e-17,500,4.5,0.0,500,0.37835714285712085,0.014508459213053224,500,0.752428571428785,0.017107764204900126,500,0.08407936507940836,0.003224102047345072,500,0.16720634920635918,0.003801725378861443,500
6,3,5,0.5,7.0,8.0,0.41470685296576,0.0029602360767100274,500,0.240664349623218,0.0005456195754767907,500,0.2944203599738798,0.00548401955876393,500,0.13769053244539958,0.0017116034587538508,500,0.28161957990842,0.0023938704659686567,500,0.508050156500286,0.004006619540223714,500,2.40261347899778,0.025664832415794488,500,0.0429038121249612,0.00045830057885330093,500,nan,nan,0,14.8946618763036,0.045153404439316196,500,8.16117011169386,0.08418366963545577,500,12.358287613100002,7.95206533574069e-17,500,4.5,0.0,500,0.3284999999999212,0.012793005324620693,500,0.6335714285716522,0.016609307183311942,500,0.07300000000003233,0.002842890072139207,500,0.1407936507936806,0.0036909571518409894,500
6,3,5,0.5,8.0,8.0,0.413414941245596,0.0027651332902483704,500,0.24464171080321,0.0005759649350200828,500,0.2011481788468186,0.003815838965344719,500,0.127657848216878,0.0018811566540778888,500,0.261341982134226,0.0025965198129684875,500,0.5342894137887401,0.004477185143653514,500,2.2633751895160805,0.028523654430818782,500,0.0404174140985044,0.000509350971979105,500,nan,nan,0,16.427647252719797,0.041535563298706425,500,8.22540610538322,0.0848273678636594,500,14.123757272099995,2.3856196007222073e-16,500,4.5,0.0,500,0.3194999999999044,0.013267372724508428,500,0.6168571428573328,0.017012670087918493,500,0.071000000000011,0.0029483050498910223,500,0.13707936507938676,0.0037805933528643355,500
6,3,5,0.5,9.0,8.0,0.41107251548821194,0.002791406049339477,500,0.24999326972786598,0.0005141317732603726,500,0.1334856362146754,0.0030034564559476866,500,0.12013262656374979,0.0018393294952500484,500,0.24692628209126202,0.00268615205257934,500,0.550522625972808,0.004933771404576317,500,2.16019262241104,0.025221776490167488,500,0.0385748682573384,0.0004503888658956311,500,nan,nan,0,17.9267769108078,0.03922271647138476,500,8.103519297932579,0.08955965816065949,500,15.889226931100003,1.590413067148138e-16,500,4.5,0.0,500,0.313785714285652,0.013720589658967398,500,0.6083571428574044,0.01804077100429723,500,0.06973015873018028,0.0030490199242156064,500,0.13519047619049304,0.004009060223169976,500
6,3,5,0.5,10.0,8.0,0.409516590717218,0.0028509757562235893,500,0.254182365215288,0.00041877575422713043,500,0.096812975860127,0.0022796786159691735,500,0.1103656152677842,0.0018298237502014068,500,0.23136590990476,0.0027086537452764774,500,0.5711338589358399,0.005057881074511315,500,2.0670549483545,0.025308161773204572,500,0.03691169550633,0.0004519314602355847,500,nan,nan,0,19.541199642918,0.03595255876612748,500,8.18537518051192,0.08743512458686525,500,17.6546965901,0.0,500,4.5,0.0,500,0.3114285714285196,0.013779092868181504,500,0.6010714285716047,0.017470704107878002,500,0.06920634920636456,0.0030620206373736074,500,0.133571428571453,0.0038823786906343415,500
6,4,5,0.6666666666666666,1.0,8.0,0.431210228855754,0.0022082174006673536,500,0.47543497017362596,0.0015513983677974727,500,3.69124987004462,0.045213256671580354,500,0.3455170353276526,0.005433262671393422,500,0.482683004821988,0.005314656984308794,500,0.2125353788221768,0.004656811197426737,500,7.84265797146176,0.23561338846697374,500,0.062243317233823196,0.001869947527515496,500,nan,nan,0,10.270122499666861,0.10532660796962265,500,9.866804944166779,0.11069531282027721,500,2.7464262493000002,1.9880163339351726e-17,500,5.333333333330001,3.976032667870345e-17,500,0.8347936507936004,0.018666781786950314,500,1.5942539682540218,0.029182341689059532,500,0.15652380952385087,0.0035000215850536573,500,0.29892261904761575,0.005471689066699669,500
6,4,5,0.6666666666666666,2.0,8.0,0.43727664755933,0.002146634410557648,500,0.48512965828466,0.001397096786410453,500,3.3126609229764,0.027172658784801396,500,0.336511556244316,0.004289489224649383,500,0.46395298541056795,0.0042027216158278796,500,0.22869833190571362,0.003661011993035173,500,6.72065583701084,0.1437487300888045,500,0.0533385383889716,0.0011408629372124347,500,nan,nan,0,11.26974773075124,0.09162439647164937,500,9.75521191546342,0.10837426626000853,500,5.4928524986000005,3.976032667870345e-17,500,5.333333333330001,3.976032667870345e-17,500,0.698603174603596,0.012482009799555679,500,1.392095238094786,0.017255405993215924,500,0.13098809523809557,0.0023403768374111685,500,0.26101785714286224,0.0032353886237261207,500
6,4,5,0.6666666666666666,3.0,8.0,0.436876831980462,0.002085725360448758,500,0.488009743760952,0.0010117251394281296,500,2.2526687327544,0.020803715394373843,500,0.309086383063506,0.0032959899047598643,500,0.425555659903524,0.0032563525840888776,500,0.26720506362812396,0.0032534615656246496,500,5.4709030498561,0.08108710336081827,500,0.0434198654750478,0.0006435484393717265,500,nan,nan,0,12.86932609623928,0.08104570291026707,500,9.7459575377607,0.10990783287576933,500,8.239278747909998,7.95206533574069e-17,500,5.333333333330001,3.976032667870345e-17,500,0.6060952380952023,0.013370992460953262,500,1.208603174603002,0.013393096892396442,500,0.1136428571428805,0.0025070610864296695,500,0.22661309523808978,0.002511205667326733,500
6,4,5,0.6666666666666666,4.0,8.0,0.42728678347542404,0.0019552713215694765,500,0.482819999419554,0.0008287738133544852,500,1.41793228823388,0.015382298295278332,500,0.268158345653104,0.002585110855569722,500,0.37706762181737796,0.002559587412250031,500,0.317588280522612,0.003001054240062304,500,4.37235442667982,0.054345867842685296,500,0.03470122560856819,0.0004313164114500093,500,nan,nan,0,14.871470036946201,0.0693272558799556,500,9.856779164560018,0.10703827729911934,500,10.985704997200001,7.95206533574069e-17,500,5.333333333330001,3.976032667870345e-17,500,0.5529523809523035,0.01428866704718202,500,1.045301587302886,0.01406449155474957,500,0.10367857142858904,0.002679125071347561,500,0.19599404761905784,0.0026370921665082032,500
6,4,5,0.6666666666666666,5.0,8.0,0.42604592412100006,0.001935188757721619,500,0.4789347179740501,0.0006563927909287015,500,0.9419013943519622,0.013034670178239031,500,0.23070027810506,0.002304163420209521,500,0.333150887531942,0.002422147161686605,500,0.373273396346562,0.0031195272741693396,500,3.66237122353372,0.051571322362005324,500,0.0290664382820118,0.0004092962092223497,500,nan,nan,0,16.9987382366664,0.06277048503196302,500,9.79810680693234,0.11279739430666601,500,13.732131246499998,7.95206533574069e-17,500,5.333333333330001,3.976032667870345e-17,500,0.4659047619047254,0.014181032128462683,500,0.9002539682544525,0.0159274973015474,500,0.08735714285715959,0.0026589435240854174,500,0.16879761904765098,0.002986405744038155,500
6,4,5,0.6666666666666666,6.0,8.0,0.4228082350938,0.0019193987474958759,500,0.475069947642508,0.0005421015969268987,500,0.617562382064562,0.010706355502453043,500,0.20200162713560402,0.002138344717048462,500,0.30072100110107997,0.002357709536696969,500,0.41762588048799404,0.0033495577192447757,500,3.22841877250194,0.050510148420279455,500,0.025622371210334997,0.00040087419381188414,500,nan,nan,0,19.2073325378814,0.053554463473301235,500,9.624565889137338,0.11126589613744145,500,16.478557495800004,1.590413067148138e-16,500,5.333333333330001,3.976032667870345e-17,500,0.42323809523801004,0.013767742502546141,500,0.8181587301587865,0.016878484167158214,500,0.07935714285715187,0.002581451719226489,500,0.15340476190476296,0.0031647157813420026,500
6,4,5,0.6666666666666666,7.0,8.0,0.41507356570721593,0.001838925959675072,500,0.473774863001178,0.0003974966846382298,500,0.4173235149954199,0.008594615985475743,500,0.177801357511393,0.002009339283283532,500,0.27206853577338197,0.00227955827757462,500,0.45985887826311006,0.003521055886969688,500,2.88933903553792,0.04239215517352378,500,0.0229312621868102,0.0003364456759805501,500,nan,nan,0,21.700830204229398,0.04796922089116407,500,9.82582031154096,0.10898979368209444,500,19.224983745099998,1.590413067148138e-16,500,5.333333333330001,3.976032667870345e-17,500,0.38495238095236417,0.013441466043939802,500,0.7268253968253108,0.016329132327099476,500,0.07217857142858287,0.0025202748832367622,500,0.13627976190476845,0.003061712311332233,500
6,4,5,0.6666666666666666,8.0,8.0,0.408819713120138,0.0018783680997194634,500,0.47226756352774196,0.00031621556201687163,500,0.266849104199962,0.004683016840038974,500,0.1550324450725192,0.0019414032964677917,500,0.24482311692648204,0.002256484464389315,500,0.5046884298801719,0.0037872134359463617,500,2.5911132054658,0.03871546674189551,500,0.020564390519569604,0.00030726560906249974,500,nan,nan,0,24.2144169833212,0.042767389714581494,500,9.95013622411498,0.1050109029816726,500,21.971409994400002,1.590413067148138e-16,500,5.333333333330001,3.976032667870345e-17,500,0.32317460317453744,0.013084640711486437,500,0.6291746031746138,0.016528852722867377,500,0.060595238095246015,0.0024533701334029114,500,0.11797023809524376,0.003099159885536934,500
6,4,5,0.6666666666666666,9.0,8.0,0.407103671556896,0.0019340671956048446,500,0.470487178000342,0.0002920238196975137,500,0.17711419733807982,0.0028650188804421645,500,0.14603721389067498,0.002059250382945889,500,0.234760868019822,0.0024460644132912263,500,0.522454634432484,0.004034422136242402,500,2.56909979317098,0.045775239980654865,500,0.0203896808981808,0.0003632955554016588,500,nan,nan,0,26.707299020032597,0.03795665571341927,500,9.86338049669488,0.10726169653435746,500,24.717836243699995,1.590413067148138e-16,500,5.333333333330001,3.976032667870345e-17,500,0.3288888888888264,0.013435249719473602,500,0.6409206349207061,0.0169128966620912,500,0.0616666666666714,0.002519109322400124,500,0.12017261904761768,0.0031711681241405514,500
6,4,5,0.6666666666666666,10.0,8.0,0.40828914284007006,0.0018670188580609732,500,0.469169391961026,0.0002977677637380214,500,0.13054933502212981,0.001974078234275099,500,0.1341206130133662,0.0020526617706316114,500,0.219395235344372,0.0024668453115093475,500,0.547906516425762,0.004233453006966239,500,2.42904680563808,0.03902173846749891,500,0.0192781492510962,0.00030969633704370006,500,nan,nan,0,29.338533159694997,0.03538169595803696,500,10.06999513402466,0.10672471299517217,500,27.464262492999996,1.590413067148138e-16,500,5.333333333330001,3.976032667870345e-17,500,0.324444444444417,0.01397354493541276,500,0.6291746031747134,0.016339905650084998,500,0.06083333333333501,0.002620039675387518,500,0.11797023809523316,0.0030637323093877333,500
6,5,5,0.8333333333333334,1.0,8.0,0.436353607521964,0.00200106203716726,500,0.818181011980442,0.0020234455525461885,500,7.48837645301788,0.07790167448526734,500,0.51226185666681,0.0074544395792455675,500,0.5270962801419661,0.005217916785787122,500,0.14133438547416238,0.003443980071620815,500,14.11399403263284,0.49932744684570957,500,0.056007912827911406,0.0019814581224040745,500,nan,nan,0,11.98179882955226,0.12216961389784627,500,11.28122124873706,0.1321907314862956,500,3.87628841011,0.0,500,6.0,0.0,500,1.043222222222289,0.018001118169877334,500,2.0150952380954283,0.03039193166530582,500,0.1738703703703161,0.0030001863616451576,500,0.3358492063492146,0.005065321944217294,500
6,5,5,0.8333333333333334,2.0,8.0,0.435387741687028,0.0016732688655595827,500,0.832197985474824,0.0016336759316794116,500,5.7965883648648,0.04558913303056275,500,0.463009781257778,0.005527998811429115,500,0.476056660749888,0.003995260138346325,500,0.18166719311038002,0.00319318565241943,500,9.68668171783422,0.2131945847739872,500,0.038439213166007506,0.0008460102570395764,500,nan,nan,0,14.03043039442754,0.10352727086556848,500,11.56844604299902,0.12873529925788205,500,7.75257682022,0.0,500,6.0,0.0,500,0.812936507936558,0.011423747603552546,500,1.6066666666666,0.017541181199594455,500,0.13548941798939862,0.0019039579339244015,500,0.2677777777777668,0.0029235301999347187,500
6,5,5,0.8333333333333334,3.0,8.0,0.430071736433618,0.0014701415912300442,500,0.83468949806511,0.0009701610438238972,500,3.55387292570572,0.030323832217695763,500,0.39169880326327994,0.0038356860264703602,500,0.413870118228644,0.002678702635959398,500,0.23752218399729902,0.002545096198666706,500,6.72683218755732,0.09899747423089789,500,0.0266937785220524,0.0003928471199638212,500,nan,nan,0,16.615901939401002,0.0816091404019487,500,11.707078458843,0.11949602352737128,500,11.628865230299999,7.95206533574069e-17,500,6.0,0.0,500,0.658920634920529,0.01304313977397549,500,1.320317460317764,0.011569105688316133,500,0.10982010582009855,0.002173856628996103,500,0.220052910052888,0.0019281842813873038,500
6,5,5,0.8333333333333334,4.0,8.0,0.42085972752785406,0.001337650050984145,500,0.833697528107552,0.0007251915180092027,500,2.084172838660756,0.020920366476934456,500,0.31944561295595403,0.0031127464869387302,500,0.352971032677632,0.0021913646950221235,500,0.303241511225448,0.00264579161503621,500,4.941487737174301,0.059385907206233685,500,0.01960907832212028,0.00023565836192954634,500,nan,nan,0,19.470149430223202,0.07219556280233695,500,11.5404924697925,0.12736618519916665,500,15.505153640400001,7.95206533574069e-17,500,6.0,0.0,500,0.5726349206348541,0.013984052695211826,500,1.10288888888896,0.012763726407003876,500,0.09543915343913366,0.0023306754492012356,500,0.1838148148147938,0.0021272877345008324,500
6,5,5,0.8333333333333334,5.0,8.0,0.415909796576772,0.0013337088688893353,500,0.83079588468258,0.0005220363650032507,500,1.308356836783624,0.015344570991155798,500,0.270454925190014,0.0025913205595987673,500,0.30982358188230397,0.0017825550367315194,500,0.356476256763406,0.0026558315259950526,500,3.98244686524614,0.04219606773566544,500,0.01580336057637322,0.00016744471323674976,500,nan,nan,0,22.627574259122,0.06364176256035568,500,11.404972711956361,0.1290826662598768,500,19.381442050600008,3.180826134296276e-16,500,6.0,0.0,500,0.5121904761904236,0.014338917164400042,500,0.950206349206308,0.014812161082312966,500,0.08536507936507598,0.0023898195274005556,500,0.1583677248677052,0.0024686935137182794,500
6,5,5,0.8333333333333334,6.0,8.0,0.410656527786374,0.0013691063285423755,500,0.8284053949877341,0.0003374842852873483,500,0.90074130923602,0.013474543715490105,500,0.227538846257542,0.002267173219433605,500,0.27076727674366396,0.0016702930852190772,500,0.4107430510459,0.002963012582741436,500,3.2912099332444003,0.034836054203404285,500,0.01306035687795416,0.00013823831033094028,500,nan,nan,0,26.0593605694912,0.05277653930091715,500,11.48588822106616,0.12367546799185145,500,23.257730460699996,1.590413067148138e-16,500,6.0,0.0,500,0.4473650793650723,0.01370564284167578,500,0.8592857142856413,0.01595027283023412,500,0.07456084656084516,0.002284273806945923,500,0.1432142857142768,0.0026583788050386606,500
6,5,5,0.8333333333333334,7.0,8.0,0.40647277421315803,0.0013392438906290524,500,0.827476168575266,0.0002517956941107523,500,0.605343963007068,0.010219884338725956,500,0.1884590647609744,0.0021346987693618568,500,0.23608872769917003,0.001724883082886937,500,0.465760749032942,0.0034387987321655806,500,2.7708908044340195,0.029965055089952727,500,0.0109955984302951,0.00011890894876965031,500,nan,nan,0,29.601289912123605,0.04785413304662207,500,11.528314980365522,0.12836303338923483,500,27.134018870799995,1.590413067148138e-16,500,6.0,0.0,500,0.3623809523809554,0.012623740670507495,500,0.7329365079365063,0.015777968362522106,500,0.06039682539682625,0.002103956778417728,500,0.12215608465606333,0.00262966139375256,500
6,5,5,0.8333333333333334,8.0,8.0,0.403186678506786,0.001283626223648185,500,0.828082071456002,0.00024562152555878303,500,0.391478724290074,0.005680249927036603,500,0.1642316694351286,0.0020947537306200627,500,0.213671017206734,0.0017723550867254146,500,0.500972518607048,0.0038625482169429358,500,2.49067702322158,0.027225732720384376,500,0.009883638981037801,0.0001080386219063121,500,nan,nan,0,33.168709048748,0.041600392689642024,500,11.47522251632134,0.12427695692843509,500,31.010307280900005,1.590413067148138e-16,500,6.0,0.0,500,0.3472063492062971,0.013177439370390972,500,0.6907777777778569,0.01573854576811747,500,0.057867724867720224,0.0021962398950651383,500,0.11512962962961877,0.0026230909613518677,500
6,5,5,0.8333333333333334,9.0,8.0,0.40084521854636207,0.0012537374186283605,500,0.830009495964396,0.0002481308809461955,500,0.279751626674512,0.003713933291261813,500,0.1449202823534464,0.002153806973519263,500,0.193937838566966,0.0018434081703381066,500,0.5358336980973739,0.0042792069261528756,500,2.2824082801538004,0.02630308078045131,500,0.009057175714895241,0.00010437730468432441,500,nan,nan,0,36.882983279624995,0.03660990634826615,500,11.7077383604608,0.11739969510608257,500,34.88659569100001,6.361652268592552e-16,500,6.0,0.0,500,0.3366666666666063,0.013465005641517728,500,0.6281428571429735,0.016092608517900432,500,0.056111111111097144,0.0022441676069188065,500,0.10469047619047618,0.0026821014196488995,500
6,5,5,0.8333333333333334,10.0,8.0,0.40010440743343806,0.0013188113005484761,500,0.832238839500186,0.00020079645354827724,500,0.198574440570874,0.002569977023078327,500,0.1303669200511024,0.0021632151625483338,500,0.181046843477718,0.0019467914274330382,500,0.5588812506183999,0.004615521375252354,500,2.153289771843,0.02603447116156385,500,0.008544800681916402,0.00010331139349823716,500,nan,nan,0,40.4934380049318,0.034237638208142476,500,11.40653107110286,0.12368200762690414,500,38.7628841011,0.0,500,6.0,0.0,500,0.3211269841269677,0.013377127280264169,500,0.6182222222223127,0.01614847188350064,500,0.05352116402115844,0.0022295212133765117,500,0.10303703703702982,0.0026914119805819775,500
6,6,5,1.0,1.0,8.0,0.43839653500816994,0.001815375861064101,500,1.2264145645189999,0.0023046543510727817,500,11.602982203996698,0.11330661976736835,500,0.66160032922605,0.009800959194189553,500,0.543108536518228,0.0051154298227106786,500,0.1085876797321798,0.0028924233407092797,500,20.99939496577748,0.7494921979408783,500,0.04605130474951508,0.00164362324109887,500,nan,nan,0,13.614075218802059,0.12746003553327853,500,12.774014480331262,0.13776377125619102,500,4.56113285371,0.0,500,6.578947368420002,1.1928098003611036e-16,500,1.146342105263155,0.017732753316955657,500,2.242640350877128,0.03120160446234131,500,0.1742440000000136,0.002695378504177152,500,0.3408813333333348,0.004742643878275495,500
6,6,5,1.0,2.0,8.0,0.43851617198060605,0.0014404153200520363,500,1.25315250673576,0.001961580170735993,500,8.67476202397694,0.06310893773487411,500,0.6000798888932559,0.00695594720915834,500,0.488797732292662,0.003840059512818187,500,0.1467249478149066,0.0027117224421345258,500,13.7114979407634,0.3235965350539882,500,0.030069074431497044,0.0007096415242411562,500,nan,nan,0,15.92272001867702,0.11249159924698797,500,12.90540633094242,0.14214428710794214,500,9.12226570742,0.0,500,6.578947368420002,1.1928098003611036e-16,500,0.91755263157897,0.010852823699201446,500,1.7829649122807518,0.015977849040426175,500,0.13946799999999399,0.0016496292022785775,500,0.2710106666666494,0.002428633054146038,500
6,6,5,1.0,3.0,8.0,0.428995718933844,0.0011665932336822735,500,1.2550261353124201,0.001005995201427933,500,4.892019599842739,0.041465790601563746,500,0.484924868330992,0.0044417891589247525,500,0.414077459549962,0.0024246034263247706,500,0.20625906986771958,0.002211403072320747,500,8.38890832227186,0.11979710636671265,500,0.018396728776911397,0.00026271295255869014,500,nan,nan,0,18.8528846643568,0.09079764217185328,500,12.76362150965526,0.13724815992009862,500,13.683398561100004,1.590413067148138e-16,500,6.578947368420002,1.1928098003611036e-16,500,0.7275263157894181,0.012331232624343923,500,1.42035087719295,0.010515694168809363,500,0.1105839999999902,0.0018743473589018036,500,0.215893333333344,0.001598385513661461,500
6,6,5,1.0,4.0,8.0,0.418210113189074,0.0010519625944100926,500,1.2528882368836998,0.0005766007384578642,500,2.77534635966302,0.027340124708166026,500,0.38117426814530597,0.003237438099490144,500,0.34346923252626205,0.0017791088754018228,500,0.278373603279694,0.002123372628502086,500,5.5592898262662205,0.059980421297694986,500,0.01219142505760076,0.00013153601161773517,500,nan,nan,0,22.5908302848334,0.0782071854318069,500,13.071397423498919,0.1392315106882603,500,18.244531414800004,1.590413067148138e-16,500,6.578947368420002,1.1928098003611036e-16,500,0.5863859649121748,0.013223143869159744,500,1.184245614035198,0.011089170306708794,500,0.08913066666667799,0.002009917868114106,500,0.18000533333331123,0.0016855538866197342,500
6,6,5,1.0,5.0,8.0,0.41108649714069806,0.0009070494915880602,500,1.2498418287583002,0.0004963679274596857,500,1.669693643744524,0.01979593774940582,500,0.310189080560148,0.002578939144854167,500,0.29458790790023603,0.0014791735303408843,500,0.33862944682034196,0.0022408329658559095,500,4.249150533259201,0.04251857179218152,500,0.009318312572937339,9.32424820003891e-05,500,nan,nan,0,26.3167259536108,0.06611890236158796,500,12.84184089492822,0.13971304353492978,500,22.805664268600005,1.590413067148138e-16,500,6.578947368420002,1.1928098003611036e-16,500,0.5478684210525306,0.013237798676800538,500,1.048745614034832,0.01319321193394345,500,0.08327599999999823,0.002012145398874541,500,0.159409333333339,0.002005368213961695,500
6,6,5,1.0,6.0,8.0,0.40589214149452396,0.000955799948234098,500,1.24671209033036,0.0004649074830618973,500,1.088609316088804,0.016225641477987503,500,0.249139608690918,0.0022462955324459343,500,0.251249759962802,0.0013897086139830468,500,0.40214150498729606,0.002640003655857531,500,3.3372237388228405,0.03194973488899687,500,0.0073184731114529595,7.006520808987236e-05,500,nan,nan,0,30.3216235048078,0.05721049792007289,500,12.74285906115892,0.1395100048048295,500,27.3667971223,0.0,500,6.578947368420002,1.1928098003611036e-16,500,0.4675438596490805,0.012954218233712192,500,0.89504385964898,0.013911918647964969,500,0.07106666666667497,0.001969041171524974,500,0.13604666666666243,0.002114611634491882,500
6,6,5,1.0,7.0,8.0,0.40267926771502593,0.0009563594039089616,500,1.2456787355902803,0.00039557973256546306,500,0.70646035188473,0.012121845367760276,500,0.204739562464162,0.002195594056033754,500,0.218794611561758,0.0014167123693473416,500,0.456187890892946,0.0030406420558989227,500,2.81676418097648,0.03010610745413552,500,0.006177114431966039,6.602216546960774e-05,500,nan,nan,0,34.481784195551995,0.05168059228457857,500,12.66838252733922,0.14468252733830705,500,31.92792997599999,4.771239201444415e-16,500,6.578947368420002,1.1928098003611036e-16,500,0.40751754385965433,0.012872681731243913,500,0.79045614035082,0.014770710057603803,500,0.06194266666667011,0.0019566476231495677,500,0.120149333333342,0.0022451479287567194,500
6,6,5,1.0,8.0,8.0,0.398107536321374,0.0009609678818363187,500,1.2446447515550398,0.00034987273642112724,500,0.472961693313418,0.00659566988536652,500,0.17514577735339942,0.0023394461890621724,500,0.19487096925043598,0.0015543246060710971,500,0.5008201866188841,0.003542376584116031,500,2.5125467421162804,0.03070266649591814,500,0.00550997092569356,6.733040898229351e-05,500,nan,nan,0,38.8569474435326,0.04486259064999692,500,13.0250772864012,0.1398706351369064,500,36.4890628297,0.0,500,6.578947368420002,1.1928098003611036e-16,500,0.37474561403512185,0.013118015831208465,500,0.7074999999999279,0.01582325993262158,500,0.05696133333334382,0.0019939384063442298,500,0.10753999999999031,0.0024051355097588537,500
6,6,5,1.0,9.0,8.0,0.39785918729685,0.0009598031511492745,500,1.2438326491691,0.0002950834390145239,500,0.33163157791732795,0.0038426567381442144,500,0.1474110265430632,0.001867689010267383,500,0.174822295477044,0.0013771776541119775,500,0.539448378859336,0.0034530014466990842,500,2.2640164501037003,0.02302612656722319,500,0.00496494835548984,5.049589159477974e-05,500,nan,nan,0,43.17687544215,0.039834664439499616,500,13.077977402050161,0.13341760059980243,500,41.0501956834,0.0,500,6.578947368420002,1.1928098003611036e-16,500,0.31205263157893376,0.011425087046157285,500,0.6342105263158017,0.01459497990365395,500,0.04743199999999858,0.0017366132310158169,500,0.09639999999999367,0.002218436945355267,500
6,6,5,1.0,10.0,8.0,0.39468440914108,0.0010061644858854284,500,1.24405735171542,0.00027555490464999864,500,0.244528391390504,0.0027018798628107668,500,0.13309186035077078,0.001983800212560417,500,0.1621943777327314,0.0015004626574414283,500,0.564052810527442,0.003923168866696034,500,2.1492275126267,0.02313029106479403,500,0.00471321822944466,5.072432251048198e-05,500,nan,nan,0,47.54367296884999,0.03827220108113928,500,13.0605942675927,0.14268637745546617,500,45.61132853709999,3.180826134296276e-16,500,6.578947368420002,1.1928098003611036e-16,500,0.3301052631579014,0.012771836327025835,500,0.6302631578947955,0.015541977052480819,500,0.05017600000001286,0.0019413191217087528,500,0.09579999999998931,0.0023623805119762408,500
6,7,5,1.1666666666666667,1.0,8.0,0.44184545694502797,0.0017226224105409483,500,1.6863451776372,0.0022852092421852543,500,15.38691137181846,0.13247344747595668,500,0.828062582222012,0.012131865407872595,500,0.562884979010302,0.005150778554233263,500,0.0837306598488971,0.002534497521921146,500,31.499302577745162,1.1524294105390842,500,0.041665744150446826,0.0015243775271672681,500,nan,nan,0,15.01113567794292,0.13740957997966066,500,14.11785631812244,0.14793101849792595,500,4.95199280433,0.0,500,7.0793650793700005,3.976032667870345e-17,500,1.281952380952316,0.01819781311006428,500,2.49162433862433,0.03166113544639375,500,0.18108295964124319,0.0025705431074740655,500,0.3519559043348132,0.004472312854534458,500
6,7,5,1.1666666666666667,2.0,8.0,0.440382335350564,0.0013642700660379192,500,1.7248433697655001,0.0020528259191038953,500,11.72130298458682,0.07534767592712698,500,0.752002752310458,0.008229770714370104,500,0.5045617908191621,0.0035231900029439743,500,0.11625016156375981,0.002062066809236973,500,18.911410629694082,0.4496407232165845,500,0.0250150934255194,0.000594762861397725,500,nan,nan,0,17.4961334672438,0.11950449957256853,500,14.27872426065988,0.15028476802446353,500,9.90398560866,0.0,500,7.0793650793700005,3.976032667870345e-17,500,1.0085132275135078,0.009088497033746921,500,1.9663809523811702,0.01422765302250262,500,0.14245814648729696,0.0012838011505048716,500,0.27776233183856996,0.002009735740846193,500
6,7,5,1.1666666666666667,3.0,8.0,0.42651029402295,0.0009691530222777359,500,1.7418695893512999,0.0010726345477987036,500,6.46217315047918,0.05462269536230264,500,0.587387870015884,0.004763618128335727,500,0.41724915847394595,0.002150265361397209,500,0.1792339610196856,0.001764666638518439,500,10.25114759463298,0.1402463322554519,500,0.013559719040519141,0.00018551102150195117,500,nan,nan,0,20.6047158860464,0.10329107144638949,500,14.044872191959,0.15455437864854318,500,14.855978413,0.0,500,7.0793650793700005,3.976032667870345e-17,500,0.79231216931214,0.011227501672397121,500,1.5458518518515,0.008947182199619865,500,0.11191853512704879,0.0015859475456526408,500,0.21836023916296,0.0012638396380626267,500
6,7,5,1.1666666666666667,4.0,8.0,0.41528356436150804,0.0007782727048495878,500,1.74102096348622,0.0005879823937536253,500,3.4812156640497998,0.03447249257310946,500,0.44435533067308797,0.00339587541638356,500,0.340376403672452,0.0015548337196242227,500,0.253979450699336,0.0018211192391538128,500,6.25994723173608,0.06533027967846174,500,0.008280353481132182,8.641571386042615e-05,500,nan,nan,0,24.446069169014397,0.08349757176195911,500,14.056958278174399,0.1493838275317,500,19.807971217300004,1.590413067148138e-16,500,7.0793650793700005,3.976032667870345e-17,500,0.6586296296297138,0.01186269800114863,500,1.2658677248677959,0.009406112577839538,500,0.0930351270552965,0.0016756725876044582,500,0.1788109118086686,0.0013286661264646853,500
6,7,5,1.1666666666666667,5.0,8.0,0.40684766397621797,0.000798663887625401,500,1.73734064617816,0.00041252439891760115,500,2.084071734934574,0.025705162439355257,500,0.33895344541820394,0.0026614829097861285,500,0.281586327836428,0.0013066280242626889,500,0.327220932503364,0.002002367135477929,500,4.406096177347201,0.04522919761091891,500,0.00582816954675558,5.982698096682397e-05,500,nan,nan,0,28.677963338196196,0.07591585641800466,500,14.12972247057056,0.15888231353975069,500,24.7599640217,0.0,500,7.0793650793700005,3.976032667870345e-17,500,0.5576507936508479,0.012728662513328964,500,1.070714285714198,0.011609120222665456,500,0.07877130044843068,0.0017979949290125872,500,0.15124439461884503,0.0016398533049956057,500
6,7,5,1.1666666666666667,6.0,8.0,0.40108657530387803,0.0007607535267854783,500,1.7331426100963199,0.00032576056620140295,500,1.334492785662854,0.019706012435069895,500,0.26774311044785803,0.0022977976969569395,500,0.239111770096236,0.0012118056548901296,500,0.392294325224486,0.0023157715186475384,500,3.4614484618039194,0.036557803164316026,500,0.0045786355314869,4.835688249243092e-05,500,nan,nan,0,32.991568168703594,0.06204574012962981,500,14.017733170979442,0.14892625583070593,500,29.711956826,0.0,500,7.0793650793700005,3.976032667870345e-17,500,0.4837248677248412,0.0125825770878148,500,0.926857142856984,0.012654428211701442,500,0.0683288490284024,0.0017773595437947508,500,0.13092376681613999,0.0017875089177972541,500
6,7,5,1.1666666666666667,7.0,8.0,0.397913363016674,0.0007426223691303395,500,1.73068675740952,0.0002569699493406961,500,0.8601779992002261,0.014239559349407741,500,0.21767807596657598,0.002249852482587751,500,0.20812767787486197,0.001294144248937961,500,0.448146684561418,0.0028217826314787292,500,2.9348325278943004,0.03272707520072049,500,0.00388205360832586,4.3289782011531335e-05,500,nan,nan,0,37.509399968394,0.05822283632227315,500,13.94376230150504,0.15908514962471806,500,34.6639496303,0.0,500,7.0793650793700005,3.976032667870345e-17,500,0.4275925925926597,0.012755267274900712,500,0.81841798941796,0.013337309239353359,500,0.06039985052316564,0.0018017530007135053,500,0.1156061285500852,0.001883969690761022,500
6,7,5,1.1666666666666667,8.0,8.0,0.398005457810512,0.0007470243867448787,500,1.7291889088560801,0.0001833646471665175,500,0.56517175231589,0.007575435299611404,500,0.17904967045384002,0.0021460060026439,500,0.18240936276712397,0.001348314508917178,500,0.499929432368598,0.0032599437409429315,500,2.55712197999124,0.02952238186720905,500,0.0033824364814697,3.905076966564053e-05,500,nan,nan,0,42.203891172624004,0.049032067808970195,500,14.20261863716608,0.15002222056676748,500,39.615942434699996,3.180826134296276e-16,500,7.0793650793700005,3.976032667870345e-17,500,0.3644497354496531,0.012354586048830841,500,0.7131428571429449,0.014288055331344954,500,0.05148056801195345,0.0017451545315628262,500,0.10073542600894668,0.0020182679055472798,500
6,7,5,1.1666666666666667,9.0,8.0,0.395725411318034,0.0007651091365537404,500,1.7291347382507802,0.00014785120948245163,500,0.39295636012716,0.004121143375007209,500,0.1568991989817546,0.0020233515988912565,500,0.167086685783532,0.0013611171283960655,500,0.53034903306757,0.003419393463319584,500,2.37697092453628,0.02882764668120356,500,0.0031441414345720797,3.813180777937277e-05,500,nan,nan,0,46.8496066069694,0.04502672633266329,500,14.062744969786221,0.15400900028346343,500,44.567935239,0.0,500,7.0793650793700005,3.976032667870345e-17,500,0.3483015873015552,0.011708793777982998,500,0.6695026455027515,0.01389353096699952,500,0.049199551569506256,0.0016539327533929527,500,0.09457100149475878,0.0019625391276243942,500
6,7,5,1.1666666666666667,10.0,8.0,0.39617504036073603,0.0007551426393730774,500,1.72965937129946,0.00015945875517993065,500,0.29305677275134995,0.002758343676229325,500,0.14667492160342102,0.0022324185444782866,500,0.15820273319783662,0.001481570597832006,500,0.5471116210864241,0.00380471665719616,500,2.3146175873564596,0.030812263025840524,500,0.0030616634753391197,4.075696167439165e-05,500,nan,nan,0,51.6086418463222,0.04252585929300685,500,14.119391302409399,0.15999652402053466,500,49.5199280433,0.0,500,7.0793650793700005,3.976032667870345e-17,500,0.36236507936505125,0.01208844133008082,500,0.6724708994708413,0.0144423935492862,500,0.05118609865470152,0.0017075600981952324,500,0.09499028400597842,0.002040069043957464,500
6,8,5,1.3333333333333333,1.0,8.0,0.44534896015310993,0.0017413745341071291,500,2.1781710131403202,0.002041359499934127,500,18.52893388835058,0.14716082631711988,500,0.9974914860257299,0.01401720993726575,500,0.582492074040214,0.005101901396377189,500,0.06479195145397512,0.0022554037358973582,500,46.009506382566556,1.7903123313669247,500,0.039629204463888415,0.0015420433517378078,500,nan,nan,0,16.420725308094376,0.14805838605290833,500,15.512636806334562,0.1586170346057716,500,5.232830786799999,3.976032667870345e-17,500,7.503875968990001,3.976032667870345e-17,500,1.4197312661498345,0.019046378046308904,500,2.746711455641696,0.031943294243347686,500,0.18919972451790298,0.0025382053388173192,500,0.36603902662992704,0.004256905947717632,500
6,8,5,1.3333333333333333,2.0,8.0,0.44464817527967,0.0013276109268965557,500,2.2284694163856,0.002098818278871543,500,14.37891556784706,0.08198164527040064,500,0.9134578597831061,0.010194528574617157,500,0.5233672195533279,0.0035480792535055234,500,0.0929593886088682,0.0018576153543260056,500,26.259327684663084,0.6289438791872914,500,0.02261785330289836,0.0005417259941320089,500,nan,nan,0,18.6885591331112,0.12630914227589787,500,15.3375008998223,0.15798253472833246,500,10.465661573599998,7.95206533574069e-17,500,7.503875968990001,3.976032667870345e-17,500,1.092830318690764,0.008382950165529365,500,2.1564926787252396,0.01379239156380134,500,0.1456354453627074,0.0011171493505724324,500,0.287383838383836,0.0018380356526135147,500
6,8,5,1.3333333333333333,3.0,8.0,0.42670334808025406,0.000857577263966296,500,2.2584175400589603,0.0014518138701052267,500,8.16940179889428,0.07167979832712837,500,0.703423851497144,0.005504776212824378,500,0.427685627105222,0.0020375466105487334,500,0.15239750361299378,0.0015111033283297308,500,12.780694985607258,0.1736102494948699,500,0.0110083505474646,0.00014953509861742942,500,nan,nan,0,21.957760130482203,0.10802022642634675,500,15.107156447909379,0.16323942548109077,500,15.6984923604,0.0,500,7.503875968990001,3.976032667870345e-17,500,0.848961240310256,0.009734653913657694,500,1.6690921619291799,0.007947041830131242,500,0.1131363636363676,0.0012972834244432446,500,0.22243067033977598,0.0010590582604187266,500
6,8,5,1.3333333333333333,4.0,8.0,0.41134307780399,0.000642547126705567,500,2.26486088021244,0.00084974139872419,500,4.29854975748474,0.04136790520891198,500,0.504394779381832,0.003414322234181878,500,0.340509822741542,0.0013084660259175007,500,0.232155279820924,0.0014820076780314255,500,7.0613523911689,0.06438656891100424,500,0.00608212953589022,5.545785435914244e-05,500,nan,nan,0,25.984512910811798,0.09061768374762755,500,15.110930005730822,0.16036023837912283,500,20.931323147199997,1.590413067148138e-16,500,7.503875968990001,3.976032667870345e-17,500,0.6765615848407167,0.011857164672303527,500,1.33312661498715,0.007978932039761298,500,0.09016161616161023,0.0015801386805023299,500,0.177658402203866,0.0010633080920741662,500
6,8,5,1.3333333333333333,5.0,8.0,0.403949684069528,0.0006014449832483427,500,2.2608683613726397,0.0006758497574243227,500,2.49501119803572,0.027274131244839732,500,0.37850040360826404,0.002527315858434022,500,0.28013029233391795,0.000994583130022683,500,0.306123504007482,0.0016058157122471983,500,4.798395928906101,0.03794360040667715,500,0.00413298529621544,3.268182636234238e-05,500,nan,nan,0,30.388948275899203,0.0780787382335137,500,15.14142286897736,0.15956220244602196,500,26.16415393400001,3.180826134296276e-16,500,7.503875968990001,3.976032667870345e-17,500,0.5714108527132751,0.01211410093631819,500,1.1156244616710078,0.00957179655067271,500,0.07614876033057251,0.0016143791537021638,500,0.14867309458219619,0.0012755803254506318,500
6,8,5,1.3333333333333333,6.0,8.0,0.399498235253886,0.0005779458623464943,500,2.25583554579426,0.0005735596618615055,500,1.6117743371017679,0.0225000349790054,500,0.294332837127434,0.002216905761232694,500,0.236408644016282,0.00098582045545427,500,0.372245789203166,0.0019994774961954896,500,3.68699767896408,0.030478002678988383,500,0.00317570859514542,2.6251509628748785e-05,500,nan,nan,0,34.971256322805,0.06864414701576094,500,15.04404420529976,0.16292756684133725,500,31.3969847208,0.0,500,7.503875968990001,3.976032667870345e-17,500,0.5096503014643223,0.0119110240724453,500,0.977653746770326,0.01116280657784124,500,0.06791827364554452,0.0015873162245294385,500,0.130286501377423,0.0014876054220458671,500
6,8,5,1.3333333333333333,7.0,8.0,0.39661438621342604,0.0005867223474367957,500,2.2504745218690596,0.0004433805012826763,500,1.0348448992650778,0.015432741126495484,500,0.23224469473049597,0.002107570532114744,500,0.20210495340878798,0.0010190876862312015,500,0.435215297484562,0.002429325459061316,500,3.00256302879544,0.026583140550181964,500,0.0025861869326404595,2.2896761886471676e-05,500,nan,nan,0,39.71537713949299,0.060283796770925734,500,14.97197256612726,0.16277447071479553,500,36.629815507600014,6.361652268592552e-16,500,7.503875968990001,3.976032667870345e-17,500,0.43112144702843513,0.011772486763402274,500,0.836482342808282,0.012748664154838066,500,0.05745316804407391,0.0015688541244608045,500,0.1114733700642814,0.0016989438801359921,500
6,8,5,1.3333333333333333,8.0,8.0,0.394030961484152,0.0005973003245929258,500,2.2468596051866796,0.00033216008002665275,500,0.6817264081044041,0.008169200448076211,500,0.190237268686204,0.0019103424013271388,500,0.17712331247230997,0.0010138695425354113,500,0.48642886904038596,0.002722340719682528,500,2.5991476759031804,0.021960071607551077,500,0.0022387146217944204,1.8914790359644595e-05,500,nan,nan,0,44.6486970294262,0.05537081823701158,500,15.1271228489955,0.1658466091999806,500,41.862646294399994,3.180826134296276e-16,500,7.503875968990001,3.976032667870345e-17,500,0.37868044788973393,0.011067804380624921,500,0.751741602067249,0.012924432279951166,500,0.0504646464646477,0.0014749450052691476,500,0.1001804407713474,0.0017223675249104068,500
6,8,5,1.3333333333333333,9.0,8.0,0.393539906406228,0.0005747282586647594,500,2.2441596908680395,0.00024018518771328593,500,0.49196356007357406,0.004732860078994503,500,0.16404622191212218,0.002006901480303017,500,0.15888307704767998,0.0011534674040479592,500,0.52734056771586,0.0031801575532269845,500,2.36705055160102,0.02360333208134729,500,0.00203880323135324,2.03301740580063e-05,500,nan,nan,0,49.6473991716112,0.050153874351196504,500,15.299320071868701,0.16789560694678773,500,47.095477081199995,3.180826134296276e-16,500,7.503875968990001,3.976032667870345e-17,500,0.35103531438410834,0.011363478060917658,500,0.6840999138673864,0.013804578553354463,500,0.046780532598709866,0.0015143477994398898,500,0.09116620752984267,0.0018396597452292457,500
6,8,5,1.3333333333333333,10.0,8.0,0.392586595632864,0.0006238304013608862,500,2.2427851024892402,0.00014879146319654257,500,0.372113429063818,0.0031111161676305806,500,0.1434656698259208,0.0019430761450964938,500,0.1449162893535508,0.0011581607360219223,500,0.5593129771708941,0.003466633791556821,500,2.1980276350884598,0.02142064352418341,500,0.00189321932393528,1.8450166687488635e-05,500,nan,nan,0,54.6626505477744,0.0450550689837015,500,15.41402051544136,0.16248620590967844,500,52.32830786800002,6.361652268592552e-16,500,7.503875968990001,3.976032667870345e-17,500,0.3450025839793021,0.011368960580158585,500,0.6542497846684916,0.014201188636259934,500,0.04597658402203743,0.0015150784244215786,500,0.08718824609735824,0.001892513774873654,500
6,9,5,1.5,1.0,8.0,0.459831106244072,0.0018866973156319291,500,2.71079168071212,0.0018639872113540325,500,21.852124367687,0.16266020286685554,500,1.2301440555676058,0.01734045728090016,500,0.623766699469604,0.005464397646800536,500,0.045777325516004094,0.0018806166522682224,500,79.92306079856336,3.107775095961827,500,0.04797302568941344,0.0018654112220660441,500,nan,nan,0,16.677889195241722,0.1636495466071715,500,15.676737529759858,0.17579114142544114,500,5.50775218521,0.0,500,7.858343337329999,3.976032667870345e-17,500,1.614331332532918,0.02095462335400604,500,3.08792076830742,0.034774514029323855,500,0.2054289642529916,0.0026665446461777444,500,0.392948059883884,0.004425171125331991,500
6,9,5,1.5,2.0,8.0,0.451036419509738,0.00146539093678136,500,2.7646001049173,0.0018878907190736111,500,16.819481968176742,0.08150375908926284,500,1.104855605067622,0.013108032297235788,500,0.550697178539046,0.003914089119462375,500,0.07177864596960361,0.00170464077481561,500,39.000707741807695,1.0276158654929535,500,0.02340978856050722,0.0006168162457939561,500,nan,nan,0,19.5234212356416,0.1412184303935347,500,15.93510157406622,0.17820389759698452,500,11.015504370399999,7.95206533574069e-17,500,7.858343337329999,3.976032667870345e-17,500,1.200650660263972,0.00841156752177897,500,2.3253589435776196,0.013759646094076492,500,0.1527867399938992,0.0010703995945059359,500,0.29590956309194605,0.0017509601583206242,500
6,9,5,1.5,3.0,8.0,0.4304273073838,0.0007633847841580046,500,2.8015048717074595,0.0013409950391048862,500,9.703275301544519,0.07356847223510396,500,0.836282901064184,0.0060382111339238,500,0.444672322065722,0.001857136359774691,500,0.1269666389225598,0.0012412800424008686,500,16.132239326665623,0.19263861513342367,500,0.009683216882751542,0.00011562942084834149,500,nan,nan,0,22.960492958908798,0.1073049840064643,500,15.72504844696118,0.15912301294165393,500,16.523256555599996,1.590413067148138e-16,500,7.858343337329999,3.976032667870345e-17,500,0.90284993997596,0.008767495195657133,500,1.78116926770696,0.006702594950883435,500,0.11489062022610659,0.0011156925600347566,500,0.22665963947450402,0.0008529272218279256,500
6,9,5,1.5,4.0,8.0,0.412724628440912,0.0005684590551754711,500,2.8132144303124202,0.0007654493595270417,500,5.12186790499666,0.05031845423922422,500,0.5854644893910299,0.0034135687365645286,500,0.34889433780758805,0.0011352249369408294,500,0.205838972309606,0.0011965352534538214,500,8.1559590518044,0.06409352494095717,500,0.004895533644540461,3.8471503565997716e-05,500,nan,nan,0,27.340869935928,0.09352627055261237,500,15.895455632172279,0.16664283527098617,500,22.031008740799997,1.590413067148138e-16,500,7.858343337329999,3.976032667870345e-17,500,0.714763505402154,0.010265278930100877,500,1.4245234093637,0.006513773840962927,500,0.0909560036663774,0.0013062904596362513,500,0.181275282615338,0.0008288991154164119,500
6,9,5,1.5,5.0,8.0,0.4034590436516907,0.000656906178382294,333,2.816345168438799,0.0005601184912989231,333,2.9133684263571777,0.040408489777333315,333,0.4251655739349429,0.003523034665866143,333,0.2827791100126817,0.0012259420584062278,333,0.2839974834865435,0.0019161730907843826,333,5.280386102748679,0.053335715897314,333,0.0031694994614336934,3.2014235232463806e-05,333,nan,nan,0,32.07017733707057,0.1079261713193045,333,16.033579119858707,0.22564777638860833,333,27.538760926000005,3.8996098790878747e-16,333,7.858343337329999,4.8745123488598434e-17,333,0.6044543943702954,0.014416956406092748,333,1.1825991657926127,0.010718700042190098,333,0.07691880698296301,0.0018346050544264512,333,0.15048962803317417,0.0013639897853884727,333
6,9,5,1.5,6.0,8.0,0.3976352084386239,0.0005551964668432235,436,2.8151539067848623,0.00036169525594940814,436,1.8258738900908877,0.026449873218555547,436,0.3230869142551835,0.002555198192697791,436,0.2362517761291307,0.0009694564655387263,436,0.3533113160363647,0.002026548027074771,436,3.9113338469941517,0.03419549152251706,436,0.002347739403958326,2.0525505115560785e-05,436,nan,nan,0,36.79907994828233,0.0773970191127296,436,15.814860752166673,0.18317892449625134,436,33.0465131112,0.0,436,7.858343337329998,8.516979148349862e-17,436,0.5380656849895854,0.013139625495551619,436,1.0221813496039083,0.011056667217918958,436,0.0684706256639769,0.0016720605007329002,436,0.13007593403914725,0.0014069972185344,436
6,9,5,1.5,7.0,8.0,0.3948382011614119,0.000551703576385431,437,2.8123452442970938,0.0003267253822074103,437,1.1682731939975401,0.016723864269818464,437,0.25213338327830204,0.0023236936613169725,437,0.2011294994399611,0.00100582936403738,437,0.4168170549042677,0.002484094444017065,437,3.128734361380183,0.02802101738092684,437,0.0018779918135534324,1.6819338163823332e-05,437,nan,nan,0,41.76712550017575,0.06489422774452969,437,15.689521573383434,0.17749804562407956,437,38.554265296400004,3.402882545419854e-16,437,7.858343337329999,4.2536031817748176e-17,437,0.4514629650487638,0.012731318577570934,437,0.8816579263284348,0.01245966607032674,437,0.057450145109318014,0.0016201021043560806,437,0.1121938668853842,0.0015855334305805628,437
6,9,5,1.5,8.0,8.0,0.3929266580272425,0.0005314557593417597,437,2.810177818980846,0.00032571472800376844,437,0.7882881924187025,0.00996585997881344,437,0.2042848152524325,0.002173182608136022,437,0.17536103461881922,0.001070107550776291,437,0.4695237944371167,0.00292086473250255,437,2.675612342260847,0.02533107037619979,437,0.0016060098092802288,1.5204724115367982e-05,437,nan,nan,0,46.9310974444643,0.0630345941803359,437,15.696866480467895,0.1939881443817863,437,44.06201748170002,6.805765090839708e-16,437,7.858343337329999,4.2536031817748176e-17,437,0.4017845124320191,0.0119408637973139,437,0.7854217201754264,0.012765267052174975,437,0.05112839884751698,0.0015195141373601985,437,0.09994749356953822,0.0016244221592513935,437
6,9,5,1.5,9.0,8.0,0.3912461141652711,0.000531014280769988,439,2.8091711798183145,0.0003132700936832117,439,0.5642351891388998,0.005258766012963439,439,0.17312027581102507,0.002024698432056469,439,0.15636104097037815,0.0010422162855770122,439,0.5110921545114351,0.003139152929023315,439,2.3934276270289976,0.021697746677799414,439,0.0014366312287088815,1.3023857549700047e-05,439,nan,nan,0,52.26295393590752,0.055142824688340676,439,16.167814298128132,0.17997913584153785,439,49.56976966690001,3.3951045180024876e-16,439,7.858343337329999,4.2438806475031095e-17,439,0.3747576479338881,0.01160199099387598,439,0.7150568655708834,0.012639795135063227,439,0.047689141571790175,0.001476391460112719,439,0.09099333471135426,0.0016084554456927574,439
6,9,5,1.5,10.0,8.0,0.390971454757558,0.0005178751576262038,500,2.80660797095632,0.00025427941385078074,500,0.42362891966883603,0.003352392874333074,500,0.15642292209423697,0.0019861525388744834,500,0.1459557579526338,0.0010952081641330046,500,0.5329619875948061,0.0033970108191087828,500,2.2850134727609603,0.02153876046004226,500,0.0013715567063393478,1.2928427647085332e-05,500,nan,nan,0,57.45024118536401,0.04807829800474145,500,15.8790371242626,0.17910056256648355,500,55.077521852099984,6.361652268592552e-16,500,7.858343337329999,3.976032667870345e-17,500,0.37560624249702496,0.011112073916637835,500,0.7020024009602622,0.013027452322796071,500,0.04779712801711177,0.0014140479029265433,500,0.08933211121296596,0.001657786096073599,500
6,3,5,0.5,1.0,9.0,0.42667402474545996,0.003066525261454095,500,0.22195852957027798,0.001156246006811123,500,1.379817946954224,0.021592899724465126,500,0.21065881193075758,0.0037696351693776568,500,0.425324401706654,0.0057221075474274624,500,0.3316420949340462,0.006450661742820992,500,4.40027880432606,0.11278610552135339,500,0.0785764072200934,0.0020140375985947287,500,nan,nan,0,9.169281564932561,0.10064112397295139,500,8.982114739631331,0.10339570646620139,500,1.7654696590100007,2.982024500902759e-17,500,4.5,0.0,500,0.5958571428571461,0.016995091516643322,500,1.175500000000012,0.028201812446494588,500,0.13241269841270856,0.003776687003697097,500,0.2612222222222107,0.00626706943255093,500
6,3,5,0.5,2.0,9.0,0.42672608980532,0.003134081358355631,500,0.226224822135064,0.0011117078041521398,500,1.368537661105348,0.015588448734043867,500,0.1999119393952828,0.002997770401712126,500,0.40297595351832993,0.0045313413379185555,500,0.35132075399279644,0.005098484124810458,500,3.8299278543938002,0.07227912113992266,500,0.06839156882845221,0.001290698591783542,500,nan,nan,0,9.86644057055002,0.08697182802745099,500,9.175091565044779,0.09465999883166108,500,3.5309393180200015,5.964049001805518e-17,500,4.5,0.0,500,0.50878571428576,0.012586200671519145,500,0.998714285714238,0.017395456236413503,500,0.11306349206355104,0.002796933482559834,500,0.2219365079364894,0.003865656941419213,500
6,3,5,0.5,3.0,9.0,0.42981404736954004,0.003077341328144833,500,0.23019872472431,0.001102292144864919,500,1.204431080087074,0.01380469831694229,500,0.1913007988603542,0.0024028226933862228,500,0.386358198517472,0.0035181705308787517,500,0.369053692809398,0.003985845169624136,500,3.5435898543296,0.0508476629465734,500,0.063278390255889,0.0009079939811886602,500,nan,nan,0,10.608149254592341,0.0840525144522361,500,9.11140398706128,0.09998544691706455,500,5.296408977029999,3.976032667870345e-17,500,4.5,0.0,500,0.4617142857143544,0.012293321834544341,500,0.9430714285710681,0.014252498961119273,500,0.10260317460322857,0.0027318492965646454,500,0.209571428571452,0.003167221991359356,500
6,3,5,0.5,4.0,9.0,0.43014267357261,0.0028473849683742854,500,0.23417560497325202,0.0008143077617800813,500,0.902222444973844,0.012133040414032533,500,0.18692071915808398,0.00232440119831463,500,0.370933618729806,0.00322015766120704,500,0.390789835940398,0.0038478780507039466,500,3.3597265283441202,0.04590243654138433,500,0.0599951165775728,0.0008196863668099875,500,nan,nan,0,11.406090726005319,0.07487035184557592,500,8.83590903289098,0.09962521517024826,500,7.061878636040003,1.1928098003611036e-16,500,4.5,0.0,500,0.43764285714285844,0.01428047821306073,500,0.876928571428638,0.015932422355796987,500,0.09725396825402044,0.003173439602902187,500,0.1948730158730258,0.0035405383012843106,500
6,3,5,0.5,5.0,9.0,0.420010931305636,0.0029110059840017385,500,0.23591700422339199,0.000618510149032404,500,0.628487718342108,0.008705362418395897,500,0.162656635832851,0.001990217596882421,500,0.32908657497833804,0.0026786840039080407,500,0.44536403543921,0.0036707842961373528,500,2.87571337038062,0.0343486445277623,500,0.0513520244710828,0.000613368652281682,500,nan,nan,0,12.823344613328299,0.06829800370200698,500,9.169700146938622,0.09767161457759692,500,8.82734829505,0.0,500,4.5,0.0,500,0.39207142857136257,0.01349189367892039,500,0.762000000000018,0.016191822805401986,500,0.08712698412701846,0.0029981985953152794,500,0.16933333333334988,0.0035981828456432973,500
6,3,5,0.5,6.0,9.0,0.41978470627148,0.002938957853399851,500,0.236259705582474,0.0005442467647723127,500,0.45154867287867595,0.007091668804724657,500,0.1506267541825016,0.0019983596481775983,500,0.305486765426148,0.002724312452833161,500,0.47536694158202203,0.0040998847261281245,500,2.68189918230362,0.03357166888542434,500,0.047891056826847404,0.0005994940872392899,500,nan,nan,0,14.0067240668992,0.06116103621720625,500,8.9967457540264,0.09915159360891539,500,10.592817954099997,7.95206533574069e-17,500,4.5,0.0,500,0.39521428571420997,0.014272972774803787,500,0.7351428571431047,0.017517303328820448,500,0.08782539682542656,0.0031717717277340617,500,0.1633650793650941,0.0038927340730652285,500
6,3,5,0.5,7.0,9.0,0.41828527441235,0.00297860163606464,500,0.238951862156796,0.000534884688110724,500,0.34366079190088283,0.006483342009258588,500,0.1340103622439006,0.0017915696792600386,500,0.275129540594398,0.0025197952892705893,500,0.516701998543218,0.004220244996963198,500,2.3976162020871796,0.027253876652025787,500,0.042814575037271395,0.00048667636878615175,500,nan,nan,0,15.5417874222486,0.0591929249967361,500,9.238637280289618,0.10223810215709435,500,12.358287613100002,7.95206533574069e-17,500,4.5,0.0,500,0.33449999999991414,0.012927492667332658,500,0.6554285714287152,0.016591422038655178,500,0.07433333333336627,0.0028727761482974954,500,0.14565079365083045,0.003686982675252395,500
6,3,5,0.5,8.0,9.0,0.413079300520836,0.0029055623189342713,500,0.241461258619114,0.0006143986311403501,500,0.24610743073163582,0.005637696652607414,500,0.1230909293879128,0.0018241495055963876,500,0.25502803827550796,0.002674944549342531,500,0.543182874567072,0.0047001242461093004,500,2.2397198668747995,0.02700488525740465,500,0.039994997622764004,0.0004822300938822237,500,nan,nan,0,17.0384172467472,0.054569925110595184,500,9.325156461088723,0.10358852096761097,500,14.123757272099995,2.3856196007222073e-16,500,4.5,0.0,500,0.32371428571421734,0.013404306490740108,500,0.6231428571429676,0.017538620425026272,500,0.07193650793653061,0.002978734775720296,500,0.13847619047622203,0.0038974712055575523,500
6,3,5,0.5,9.0,9.0,0.410042565204296,0.0028759169839352324,500,0.245589446400944,0.0005853129303249281,500,0.1656623140240206,0.0037268719168570127,500,0.10921638268687821,0.001787643561584645,500,0.230160846132256,0.002664391418647752,500,0.5828411530692941,0.004952706112753554,500,2.03630053644522,0.025357031299741376,500,0.036362509579382404,0.00045280413035279785,500,nan,nan,0,18.447110763049,0.04947863693516186,500,9.15690917958752,0.10209230895606106,500,15.889226931100003,1.590413067148138e-16,500,4.5,0.0,500,0.2617857142856468,0.013535359349560426,500,0.5294285714286536,0.017424696738818902,500,0.05817460317461024,0.0030078576332360964,500,0.11765079365082576,0.003872154830844813,500
6,3,5,0.5,10.0,9.0,0.409739862994222,0.0028861049683889767,500,0.249932344261222,0.000536569322365171,500,0.1100697080936566,0.0026664234984842762,500,0.1058891920432418,0.001842301540101092,500,0.2238027452049136,0.0027305072329190517,500,0.5848532060153541,0.005130378950386272,500,2.00980830610874,0.024602852460140833,500,0.0358894340376548,0.0004393366510737317,500,nan,nan,0,19.966350068808,0.046843381610626,500,9.084327208535418,0.10533636787396818,500,17.6546965901,0.0,500,4.5,0.0,500,0.3029285714284998,0.013760536617490902,500,0.5608571428573045,0.01767603435457446,500,0.06731746031747306,0.0030578970261092935,500,0.12463492063494049,0.003928007634344578,500
6,4,5,0.6666666666666666,1.0,9.0,0.42362674280933404,0.0022795571939249826,500,0.46855433576417604,0.0015191347461762533,500,3.37336069846956,0.04447454521521835,500,0.3173173301823606,0.0053232874524544675,500,0.451200854236206,0.005437292966297627,500,0.24170407923771658,0.005259366581275539,500,6.89860060599022,0.2085400983616448,500,0.054750798460238996,0.0016550801457269541,500,nan,nan,0,11.424194023100759,0.11959487990979117,500,11.06245870474388,0.12445089055284604,500,2.7464262493000002,1.9880163339351726e-17,500,5.333333333330001,3.976032667870345e-17,500,0.7684761904760954,0.017577053309956667,500,1.488412698412866,0.029564353526739372,500,0.14408928571432889,0.003295697495618571,500,0.2790773809523698,0.00554331628626487,500
6,4,5,0.6666666666666666,2.0,9.0,0.43006415459296204,0.0021056472498729635,500,0.483284188703366,0.0015702801261026252,500,3.1856174473384598,0.028225970623378994,500,0.3058590644036368,0.004113085906833917,500,0.43042234407957597,0.004114697919863439,500,0.2597643862746226,0.004044337960249118,500,5.78388302970788,0.12033494891926516,500,0.045903833569112,0.0009550392771376246,500,nan,nan,0,12.40129985852396,0.10255654591702121,500,11.0445708544697,0.11747740123145685,500,5.4928524986000005,3.976032667870345e-17,500,5.333333333330001,3.976032667870345e-17,500,0.6549523809525942,0.012336374423674672,500,1.282063492063122,0.017511241299510337,500,0.12280357142857241,0.002313070204436544,500,0.24038690476192062,0.0032833577436587598,500
6,4,5,0.6666666666666666,3.0,9.0,0.42703818643773,0.0020042722695127525,500,0.483484068016008,0.0012110227978779755,500,2.293632730766644,0.021921129415207644,500,0.2770718479709282,0.0031528381686949628,500,0.39363225227273596,0.0032276678608115367,500,0.299488687735854,0.0034909425299986655,500,4.785425202013941,0.07419833761795111,500,0.03797956509535,0.0005888756953802208,500,nan,nan,0,13.84716020351402,0.09311621283474461,500,11.002733117265619,0.11948989177207711,500,8.239278747909998,7.95206533574069e-17,500,5.333333333330001,3.976032667870345e-17,500,0.5604126984126936,0.012897576968474201,500,1.138920634920352,0.01302663140386029,500,0.10507738095237562,0.0024182956815882715,500,0.21354761904763261,0.0024424933882265837,500
6,4,5,0.6666666666666666,4.0,9.0,0.421781142612294,0.0019432784306948313,500,0.48395755019494197,0.0009371081402632412,500,1.5290455361795519,0.01760340800784351,500,0.24392781691124799,0.0025868551959920025,500,0.353126432903534,0.002639633020734679,500,0.347202608545928,0.0032856247080292637,500,3.94626995634014,0.049624980294187486,500,0.031319602828096,0.0003938490499537264,500,nan,nan,0,15.6503022209354,0.08316909603886762,500,10.9648073992243,0.12235888103432611,500,10.985704997200001,7.95206533574069e-17,500,5.333333333330001,3.976032667870345e-17,500,0.4854920634920188,0.013377343649771702,500,0.979777777778848,0.01395330490353187,500,0.09102976190477176,0.002508251934331052,500,0.1837083333333448,0.0026162446694056067,500
6,4,5,0.6666666666666666,5.0,9.0,0.41996842485165997,0.0018656302333553542,500,0.47943714052871805,0.0007897429840576315,500,0.993001867493022,0.013066611635288421,500,0.21086962028451,0.0022859171759427917,500,0.313200340101644,0.0023710245287519006,500,0.3984277169575,0.0033334241772369193,500,3.3396320604061605,0.0422711979709843,500,0.026505016352430195,0.0003354856981824395,500,nan,nan,0,17.789754204250194,0.07241276470621738,500,11.10477149334626,0.12015801882584878,500,13.732131246499998,7.95206533574069e-17,500,5.333333333330001,3.976032667870345e-17,500,0.4149841269840946,0.01328820966481808,500,0.8517460317464162,0.015044449559918424,500,0.07780952380953562,0.0024915393121518674,500,0.1597023809523874,0.0028208342924814986,500
6,4,5,0.6666666666666666,6.0,9.0,0.41334863565505,0.0018633905306226495,500,0.47651469957278997,0.000643400798523144,500,0.697821755335958,0.010694379496043597,500,0.186687643066101,0.002089025280990279,500,0.28220148919718796,0.0022246763619319897,500,0.44105489288517,0.003398466433347485,500,2.94781650783636,0.04090583981195069,500,0.023395369109814802,0.000324649522317043,500,nan,nan,0,19.96047521206,0.06365640203447545,500,11.04010672424674,0.11857346545352644,500,16.478557495800004,1.590413067148138e-16,500,5.333333333330001,3.976032667870345e-17,500,0.40619047619041637,0.013056895190407845,500,0.7648253968254513,0.015478935144695907,500,0.07616071428572471,0.0024481678482000907,500,0.1434047619047916,0.0029023003396312828,500
6,4,5,0.6666666666666666,7.0,9.0,0.41045945856922594,0.0019273482957410761,500,0.47472404263748597,0.00048421627293768286,500,0.47752542548681404,0.009706439779832744,500,0.1699240042191374,0.0020074002614232775,500,0.260757704645364,0.002251489363378557,500,0.47452512559411597,0.003649561893527313,500,2.74051630288068,0.04339403248130173,500,0.0217501293879428,0.0003443970831844913,500,nan,nan,0,22.2517982117606,0.05894662978368549,500,10.942461023426127,0.12291506332997276,500,19.224983745099998,1.590413067148138e-16,500,5.333333333330001,3.976032667870345e-17,500,0.3549206349205706,0.01331939038646988,500,0.69901587301579,0.016403154465254796,500,0.0665476190476297,0.002497385697461975,500,0.13106547619047068,0.003075591462235753,500
6,4,5,0.6666666666666666,8.0,9.0,0.408939454636882,0.0018701112274450015,500,0.47359169824812397,0.00035550827753531275,500,0.338029710234572,0.007268195143715738,500,0.1475910669198122,0.001899621517260895,500,0.234200261339956,0.00220458028399407,500,0.518595172830404,0.0037354460741174534,500,2.4609445665362,0.03875531606105937,500,0.0195313060836214,0.00030758187350063654,500,nan,nan,0,24.7553376505828,0.051604517949067036,500,11.1515556722355,0.11890904601280337,500,21.971409994400002,1.590413067148138e-16,500,5.333333333330001,3.976032667870345e-17,500,0.3107619047618556,0.012757360632661207,500,0.6156507936508012,0.01554517506975534,500,0.05826785714286818,0.0023920051186230914,500,0.11543452380952823,0.0029147203255777,500
6,4,5,0.6666666666666666,9.0,9.0,0.40704479553851397,0.0017580693203124971,500,0.47202140061457604,0.0003356851863268652,500,0.21069675826038242,0.004065950343172075,500,0.1342716663768448,0.00195878303268422,500,0.2192346156742,0.0023342102588553328,500,0.545975960240614,0.0042374598425159215,500,2.34658464365664,0.0346121428788829,500,0.0186236876480662,0.0002746995466576193,500,nan,nan,0,27.155530210732998,0.04706346940569671,500,10.978844197849059,0.1186230506121435,500,24.717836243699995,1.590413067148138e-16,500,5.333333333330001,3.976032667870345e-17,500,0.3040952380951926,0.013099963597697785,500,0.5753968253969542,0.01698344915749077,500,0.05701785714286699,0.0024562431745668856,500,0.10788690476191022,0.003184396717025853,500
6,4,5,0.6666666666666666,10.0,9.0,0.406563379084858,0.0020089978385038733,500,0.47128481563548,0.0003069719370453916,500,0.1562078809224722,0.0027467903826197894,500,0.12134286332650458,0.0020294080446366953,500,0.201541349045628,0.0025028275318812205,500,0.5783717137457661,0.004588209209322334,500,2.2184608541323803,0.03931454372521717,500,0.01760683217565412,0.0003120201882955128,500,nan,nan,0,29.836223065303,0.04404846248683527,500,11.385068430832682,0.12064375254244941,500,27.464262492999996,1.590413067148138e-16,500,5.333333333330001,3.976032667870345e-17,500,0.2809841269840742,0.013790353342000034,500,0.5273968253968633,0.016788001796484698,500,0.05268452380952396,0.002585691251622929,500,0.09888690476190422,0.0031477503368389083,500
6,5,5,0.8333333333333334,1.0,9.0,0.42846946110905004,0.00170930492776736,500,0.81096293918976,0.0021048441105750927,500,6.8587524814920195,0.08134359299625228,500,0.4484020624062026,0.007468206720526748,500,0.479645781969322,0.00541578092467255,500,0.17931245011822658,0.0045417707523045135,500,10.997426448704122,0.37543151507790457,500,0.04364058114564496,0.0014898075995145633,500,nan,nan,0,13.24511819108604,0.13138549402624572,500,12.62365783975596,0.13916886611428742,500,3.87628841011,0.0,500,6.0,0.0,500,0.9166190476191313,0.018212430018665005,500,1.7880476190475165,0.03145631463835402,500,0.152769841269811,0.0030354050031101924,500,0.2980079365079541,0.005242719106393721,500
6,5,5,0.8333333333333334,2.0,9.0,0.43023778120773803,0.0016457433275550845,500,0.825279153956414,0.0017571415643778186,500,5.65836600677848,0.04592482996489972,500,0.414551976448676,0.005498247204089829,500,0.44152575706917,0.004053807337839177,500,0.2111874705717278,0.003661784406351844,500,8.14625934647938,0.1851206055633517,500,0.032326425978089574,0.0007346055776323562,500,nan,nan,0,15.281879888144239,0.11429036779471184,500,13.0639061869164,0.1364144523248548,500,7.75257682022,0.0,500,6.0,0.0,500,0.7490317460318601,0.011594373351055455,500,1.486031746031816,0.017102753636744645,500,0.12483862433861259,0.0019323955585077034,500,0.24767195767195038,0.0028504589394600576,500
6,5,5,0.8333333333333334,3.0,9.0,0.42069309671131194,0.0014210390002757935,500,0.8351768151120259,0.00111056913733906,500,3.67905087398936,0.033782516884151986,500,0.35960254702536204,0.0038214419146461805,500,0.39020461090974,0.002814339169168085,500,0.26088890462124253,0.002947003961475242,500,5.968855780902381,0.08870083148899696,500,0.02368593563850346,0.0003519874265437509,500,nan,nan,0,17.5699980289866,0.10218525879533047,500,12.99180588624224,0.1408375728272584,500,11.628865230299999,7.95206533574069e-17,500,6.0,0.0,500,0.6229841269841474,0.01186472035209854,500,1.235666666666824,0.011622630323923957,500,0.10383068783070222,0.0019774533920158665,500,0.2059444444444072,0.0019371050539892655,500
6,5,5,0.8333333333333334,4.0,9.0,0.41665145908520806,0.0013894897868380466,500,0.8355784153706041,0.0007525197338410413,500,2.285343688759764,0.025936864723663935,500,0.29877492834774205,0.003111447775547817,500,0.33602464072859006,0.0022899108084011048,500,0.32416332660186403,0.002852275702265372,500,4.5438577287192405,0.057991281154689156,500,0.018031181463171862,0.00023012413156623318,500,nan,nan,0,20.393862526566803,0.08819124876337148,500,13.009041832147739,0.14259083123450908,500,15.505153640400001,7.95206533574069e-17,500,6.0,0.0,500,0.5277460317460376,0.012996013608450473,500,1.0425079365081098,0.01203419823041169,500,0.08795767195767552,0.0021660022680743242,500,0.1737513227513052,0.0020056997050681142,500
6,5,5,0.8333333333333334,5.0,9.0,0.414145715797624,0.0013297358576717393,500,0.834002920741434,0.0006692251598625409,500,1.415704162617508,0.014827792556003153,500,0.254373292943536,0.002516712050052717,500,0.29564489526273996,0.0018233911938938582,500,0.376205223372428,0.0027570112502806146,500,3.71939514923282,0.03926182152803923,500,0.01475950456044732,0.0001558008790795517,500,nan,nan,0,23.602264824991597,0.07810157000679487,500,13.192850259379039,0.14449926466709023,500,19.381442050600008,3.180826134296276e-16,500,6.0,0.0,500,0.4610158730158713,0.013571848768552379,500,0.9101269841269672,0.014167739194923755,500,0.07683597883597017,0.0022619747947580527,500,0.15168783068781322,0.0023612898658206477,500
6,5,5,0.8333333333333334,6.0,9.0,0.409806233269436,0.001394544127371733,500,0.8290978366320281,0.0004994531102407684,500,0.9878787299963319,0.013855058717598576,500,0.214330821701644,0.0023118329320703963,500,0.26068166307554796,0.0016628869095717932,500,0.42671083300313983,0.0028057761511497237,500,3.16420858457352,0.040449907167760694,500,0.01255638327211838,0.00016051550463418727,500,nan,nan,0,26.7596663185592,0.06421254174287726,500,12.951219187715575,0.1378414969286938,500,23.257730460699996,1.590413067148138e-16,500,6.0,0.0,500,0.42726984126985745,0.013107212347276728,500,0.8336825396824399,0.01474587863774375,500,0.07121164021163483,0.0021845353912116235,500,0.13894708994708402,0.0024576464396232353,500
6,5,5,0.8333333333333334,7.0,9.0,0.405474654276256,0.0013256122405979202,500,0.827583659159182,0.0003243641205439093,500,0.676891631215878,0.011210240990597026,500,0.18040746192648863,0.0020716372120350517,500,0.22904441557424599,0.001607457435464617,500,0.47794080486876794,0.003198767202235877,500,2.69719898806096,0.02989424464080631,500,0.010703170587543621,0.00011862795492387618,500,nan,nan,0,30.126891660509,0.05522504474043202,500,12.80875918539514,0.13304030875091902,500,27.134018870799995,1.590413067148138e-16,500,6.0,0.0,500,0.3651746031746089,0.012473069016638241,500,0.7291111111111275,0.014580199019892217,500,0.06086243386243828,0.002078844836106222,500,0.12151851851849056,0.00243003316998015,500
6,5,5,0.8333333333333334,8.0,9.0,0.40549717658927803,0.0012764924180536238,500,0.828251884884404,0.00024916306429683766,500,0.47678384937604396,0.009266457681838655,500,0.1581332094425042,0.0019194527585080492,500,0.20711616452692602,0.0016205174655709307,500,0.514472546095414,0.003587785198857816,500,2.42624493122058,0.02487429876947266,500,0.009627956076273718,9.870753479955063e-05,500,nan,nan,0,33.6936635258988,0.053684852064051575,500,12.83742681384472,0.14340845534944077,500,31.010307280900005,1.590413067148138e-16,500,6.0,0.0,500,0.3354761904761932,0.012595935447913062,500,0.6615555555556182,0.015083747745429909,500,0.05591269841269281,0.002099322574651484,500,0.11025925925924708,0.0025139579575699064,500
6,5,5,0.8333333333333334,9.0,9.0,0.400645204252354,0.0012912162883290939,500,0.8291665059631941,0.0002398155438930645,500,0.316603426690234,0.0053613532629895886,500,0.13850762469376762,0.0018406164400408,500,0.18820201716939403,0.0016896614221523453,500,0.5481849631321,0.003958260698825424,500,2.2087219509023597,0.022831615631765483,500,0.00876476964643706,9.060164933236125e-05,500,nan,nan,0,37.2517513026456,0.049208944914247765,500,12.689166013031159,0.14719706305351218,500,34.88659569100001,6.361652268592552e-16,500,6.0,0.0,500,0.2971746031745824,0.011877081113874118,500,0.6096349206349819,0.014947892737324043,500,0.049529100529094656,0.0019795135189782384,500,0.1016058201057989,0.0024913154562186154,500
6,5,5,0.8333333333333334,10.0,9.0,0.3997711961581761,0.0013219146729765944,500,0.83037571750722,0.00022329611738959804,500,0.230892045442812,0.003255271298364225,500,0.1262368847142734,0.001950190521354316,500,0.17485275360319683,0.0017998640586331216,500,0.571582164870776,0.004402551487091606,500,2.0952563350106,0.02347406172763464,500,0.00831450926591642,9.315103860177206e-05,500,nan,nan,0,41.0041013700256,0.045151574684360346,500,13.011859957368658,0.14494791726296885,500,38.7628841011,0.0,500,6.0,0.0,500,0.30185714285711324,0.012553069893991247,500,0.5743333333333077,0.015503134037267432,500,0.05030952380952484,0.002092178315665215,500,0.0957222222222027,0.0025838556728772434,500
6,6,5,1.0,1.0,9.0,0.428160831687408,0.0014998555575164024,500,1.21934156118088,0.002285681343052649,500,10.74043507873206,0.12173991629715526,500,0.5835260509072221,0.00943713013289627,500,0.49535165423984,0.005219226356952163,500,0.13991831941333482,0.003853256247481762,500,15.75332587583098,0.5430206717730208,500,0.03454676727155394,0.0011908348065191759,500,nan,nan,0,15.350182151919718,0.14652982426367891,500,14.61366782241828,0.1549380616687237,500,4.56113285371,0.0,500,6.578947368420002,1.1928098003611036e-16,500,1.0218157894736042,0.01755452393154926,500,2.013350877193057,0.030018652416626185,500,0.15531599999999138,0.002668287637595073,500,0.3060293333333302,0.004562835167327421,500
6,6,5,1.0,2.0,9.0,0.4293193058695541,0.0014554543824481872,500,1.24395063432824,0.0022413241055891284,500,8.51668147532002,0.06639237909555938,500,0.5341852546806781,0.007212239365782041,500,0.45171473159213804,0.004061267048968674,500,0.17614731681164159,0.0033898004081855376,500,11.2624702251265,0.2811140148140858,500,0.024698399616501377,0.0006164781026622867,500,nan,nan,0,17.4297085152018,0.13283653301576137,500,14.718560990164201,0.15983518800079813,500,9.12226570742,0.0,500,6.578947368420002,1.1928098003611036e-16,500,0.843394736842072,0.011046543453318911,500,1.66206140350863,0.016888425795442676,500,0.1281959999999934,0.0016790746049045778,500,0.2526333333333466,0.00256704072090607,500
6,6,5,1.0,3.0,9.0,0.421884308562566,0.0011862478168998645,500,1.25898556168312,0.001249055725869213,500,5.20152184298998,0.041799998864133034,500,0.44388550207546407,0.004578692695443154,500,0.38918786796025995,0.0025777318799550734,500,0.2308570347101444,0.0025739396287008795,500,7.3699394534707,0.11173004714501478,500,0.0161621479242762,0.00024502203321265904,500,nan,nan,0,20.265385186928796,0.11108545514106233,500,14.74409646770876,0.15648768342293978,500,13.683398561100004,1.590413067148138e-16,500,6.578947368420002,1.1928098003611036e-16,500,0.6824649122806307,0.012341024787193258,500,1.3573070175438697,0.010321551771584217,500,0.1037346666666684,0.001875835767654167,500,0.2063106666667,0.001568875869280291,500
6,6,5,1.0,4.0,9.0,0.41396010409319595,0.0010099571775258527,500,1.25607638016802,0.000865198389633982,500,3.03053024173208,0.03244662365160572,500,0.357713915600546,0.0030599334536959007,500,0.32942485666520804,0.001761474491216514,500,0.29466028927216803,0.002193924251755356,500,5.16145574903844,0.05472382056396495,500,0.01131898190578594,0.00012000837842965447,500,nan,nan,0,23.484229432782403,0.09098200808925533,500,14.543718857915898,0.15019648092652393,500,18.244531414800004,1.590413067148138e-16,500,6.578947368420002,1.1928098003611036e-16,500,0.5783771929824266,0.012659356671177551,500,1.139763157895,0.01088442498908489,500,0.08791333333333691,0.0019242222140191897,500,0.17324400000002121,0.0016544325983373959,500
6,6,5,1.0,5.0,9.0,0.40708667087118205,0.0010233438324701578,500,1.2503947010780398,0.0005444097237749556,500,1.8169859614582802,0.021367845158909916,500,0.288350637136648,0.0028339620201928727,500,0.280571028858656,0.001608948554387404,500,0.35964387893633204,0.002474024958450026,500,3.9544392410624596,0.044751709735780625,500,0.008672015879522122,9.81397143327374e-05,500,nan,nan,0,27.175238687748603,0.08034870090021419,500,14.468410855345741,0.15688515693954858,500,22.805664268600005,1.590413067148138e-16,500,6.578947368420002,1.1928098003611036e-16,500,0.5063070175437869,0.013261342219500653,500,0.986622807017206,0.012858642013082898,500,0.07695866666666894,0.0020157240173655495,500,0.14996666666665498,0.0019545135859923564,500
6,6,5,1.0,6.0,9.0,0.406219480305468,0.0009584867213411903,500,1.2484666708795797,0.00048372671160193094,500,1.2076809299509899,0.017159253142097406,500,0.23829815487200603,0.0022648139300141105,500,0.24346739576782397,0.0013841623520619837,500,0.41545144518369603,0.0026279626261040273,500,3.2306994923822803,0.03169360629590333,500,0.00708486730785612,6.950352257876123e-05,500,nan,nan,0,31.085459804549,0.07193411147904494,500,14.401129412891219,0.1586123559028241,500,27.3667971223,0.0,500,6.578947368420002,1.1928098003611036e-16,500,0.4551052631578169,0.012681547815851893,500,0.8673508771928112,0.013573804531846896,500,0.06917599999999922,0.0019275952680105665,500,0.1318373333333532,0.0020632182888429777,500
6,6,5,1.0,7.0,9.0,0.401358766306792,0.0009662034086783561,500,1.2473093694753,0.0004627184651342453,500,0.821034881547036,0.013894823620804504,500,0.19871143523385398,0.0022282911351111626,500,0.213494998010906,0.0014326776393207977,500,0.466744113325698,0.003045993090342447,500,2.76669977677378,0.031187816449518794,500,0.0060673240718723,6.83943343191389e-05,500,nan,nan,0,35.228089393182,0.06077082101418654,500,14.55995671905586,0.1516514523256519,500,31.92792997599999,4.771239201444415e-16,500,6.578947368420002,1.1928098003611036e-16,500,0.4047192982455661,0.012885177583972608,500,0.7748070175437551,0.014546787670959028,500,0.06151733333332733,0.0019585469927645904,500,0.11777066666668048,0.002211111725987342,500
6,6,5,1.0,8.0,9.0,0.398619836151664,0.0009666594971992464,500,1.24656566697708,0.00037555701313788,500,0.570421498092334,0.010133436996317127,500,0.1653962346416526,0.0019384799137664875,500,0.187775700308616,0.0013786804203760289,500,0.5152860904810099,0.003326173750574045,500,2.4109596274738996,0.02459066452080609,500,0.005287192165512881,5.392689587892345e-05,500,nan,nan,0,39.4706810708132,0.055606968660654565,500,14.7012449631452,0.15442264236970515,500,36.4890628297,0.0,500,6.578947368420002,1.1928098003611036e-16,500,0.3411578947368275,0.012140559130878753,500,0.6819561403508303,0.01456654949758453,500,0.05185600000000249,0.0018453649878939146,500,0.1036573333333298,0.0022141155236332036,500
6,6,5,1.0,9.0,9.0,0.394990533818184,0.000936103311514117,500,1.2454139274260398,0.00033493419373490133,500,0.37919992709168604,0.005998895481284672,500,0.145573863627128,0.002030655399423722,500,0.17151567458116201,0.0015074078754166386,500,0.547578249314158,0.0038184227767523917,500,2.23643865738514,0.025084270836767654,500,0.00490447073987976,5.50093658700649e-05,500,nan,nan,0,43.6577848139408,0.053211773016184585,500,14.44581576576782,0.16517999521043225,500,41.0501956834,0.0,500,6.578947368420002,1.1928098003611036e-16,500,0.3192807017544251,0.012439404256819006,500,0.6426403508771644,0.015629763246044464,500,0.04853066666667282,0.0018907894470360982,500,0.09768133333333623,0.002375724013399531,500
6,6,5,1.0,10.0,9.0,0.39561617482844597,0.0009680925254280157,500,1.2446748351029,0.00029722602324720276,500,0.263816846677226,0.0034413662304906213,500,0.13192662161671978,0.0018393806398581854,500,0.16026090599692516,0.0014338547491624617,500,0.568052680677528,0.0038344955899932607,500,2.12794081642082,0.0215075119769506,500,0.004666536878116,4.7165596440683565e-05,500,nan,nan,0,47.8830558917532,0.0473334035962035,500,14.1502423478093,0.16315020808234348,500,45.61132853709999,3.180826134296276e-16,500,6.578947368420002,1.1928098003611036e-16,500,0.3231666666666783,0.012017236665597904,500,0.6121140350877147,0.014701715132049573,500,0.04912133333334703,0.0018266199731718294,500,0.09304133333333518,0.002234660700071994,500
6,7,5,1.1666666666666667,1.0,9.0,0.43145560777364406,0.0015897804857099313,500,1.6767929874487,0.0021866786114272023,500,14.33240014775068,0.13841663554066358,500,0.7343518428118538,0.011995323345845488,500,0.519952809717272,0.0052850257311106725,500,0.10646031354454208,0.0029880653888764595,500,24.617928748169476,1.0089909619028707,500,0.03256339781504378,0.001334644129501473,500,nan,nan,0,16.56778428230084,0.16475002483149945,500,15.75687177381974,0.17472783281408455,500,4.95199280433,0.0,500,7.0793650793700005,3.976032667870345e-17,500,1.1618730158730701,0.01857784718752941,500,2.27508994708998,0.03206501124104618,500,0.164121076233187,0.0026242250511536868,500,0.3213692077727966,0.004529362574407241,500
6,7,5,1.1666666666666667,2.0,9.0,0.43353206945436595,0.001389751767027832,500,1.7138241502825402,0.002328329375087872,500,11.40054641249204,0.08138004013187056,500,0.6814273607833181,0.00904957161797442,500,0.472784746279946,0.0039836439357791,500,0.1395898575758314,0.0028259823626055275,500,16.06748331369788,0.4293047841981897,500,0.021253284806478142,0.0005678634711616076,500,nan,nan,0,18.895858117976196,0.14407456859287596,500,15.93947577612626,0.1748495960412534,500,9.90398560866,0.0,500,7.0793650793700005,3.976032667870345e-17,500,0.9508095238095841,0.010079439707927532,500,1.8666772486772458,0.016097417428150868,500,0.13430717488791022,0.001423777357846752,500,0.26367862481314486,0.0022738504438851817,500
6,7,5,1.1666666666666667,3.0,9.0,0.42046501229931593,0.0009643633198504664,500,1.7381359422516602,0.0013802468195922876,500,6.91402976946036,0.05697671592145976,500,0.54213081392272,0.005318347721674341,500,0.395352744978394,0.002448436294115742,500,0.1993182308157514,0.0022234942390885024,500,9.132464980113939,0.1431152234749135,500,0.012079980132427061,0.00018930585115734257,500,nan,nan,0,21.9334259789842,0.1194359201197845,500,15.90878413615118,0.16989842801931912,500,14.855978413,0.0,500,7.0793650793700005,3.976032667870345e-17,500,0.7731428571429281,0.01103855427039331,500,1.488481481481464,0.009489490967905688,500,0.1092107623318236,0.001559257665996823,500,0.21025635276531,0.0013404437914322342,500
6,7,5,1.1666666666666667,4.0,9.0,0.411767452805952,0.0008654904392143048,500,1.74305819991112,0.0008274099326517538,500,3.83978331278146,0.04061776387318089,500,0.41897028928881797,0.0034163667730698765,500,0.327572972019308,0.0016171479076523083,500,0.268626774756886,0.0019910041933102252,500,5.85568747840618,0.06524877091068128,500,0.00774561835768084,8.63078980300385e-05,500,nan,nan,0,25.5314672268086,0.10230354695476758,500,15.81565662696678,0.17097880606194132,500,19.807971217300004,1.590413067148138e-16,500,7.0793650793700005,3.976032667870345e-17,500,0.6347566137566504,0.012421737358423376,500,1.243835978836348,0.009572645478454704,500,0.08966292974589726,0.0017546400304496617,500,0.17569880418534342,0.0013521898321579154,500
6,7,5,1.1666666666666667,5.0,9.0,0.40450412801020197,0.0007935539207256627,500,1.73987447159282,0.0005178662867302723,500,2.2258930615787618,0.024494370329608273,500,0.324182694179896,0.002455152778837343,500,0.27384164466331595,0.0012337374786075596,500,0.338356963620226,0.0019494712818674755,500,4.21689105761508,0.04120184213133495,500,0.00557789822435844,5.449979117900439e-05,500,nan,nan,0,29.553898954674402,0.08920998879510551,500,15.80163194005232,0.1713836519906464,500,24.7599640217,0.0,500,7.0793650793700005,3.976032667870345e-17,500,0.536111111111137,0.012721422645854491,500,1.0429999999999742,0.011342115292649498,500,0.07572869955156541,0.0017969722571490993,500,0.1473295964125744,0.0016021373619660472,500
6,7,5,1.1666666666666667,6.0,9.0,0.400339747198162,0.0007416343499745391,500,1.73623344309772,0.0003895153337942291,500,1.4675360061775542,0.021359288727731945,500,0.256066704625356,0.0021502272055367133,500,0.23203907468231402,0.0011200386751721888,500,0.404285048217636,0.002243196319702008,500,3.30503900964414,0.030072964440753157,500,0.00437174472175164,3.977905349305101e-05,500,nan,nan,0,33.8036787973718,0.0794343060695255,500,15.759624899290678,0.17146743482451884,500,29.711956826,0.0,500,7.0793650793700005,3.976032667870345e-17,500,0.44909523809524104,0.01210831726503039,500,0.88965608465617,0.012476005298489617,500,0.06343721973094833,0.0017103676854194096,500,0.125668908819136,0.0017623056811768697,500
6,7,5,1.1666666666666667,7.0,9.0,0.398436975183058,0.0007681176465132083,500,1.7336104887544401,0.000339894361339785,500,0.987194538679416,0.017221355782896137,500,0.21334590832850603,0.002044282545407139,500,0.204591801715482,0.0011718063267177198,500,0.45285268598896,0.0026281250914302703,500,2.8693779364453005,0.02903002411266563,500,0.00379547346090654,3.839950279454343e-05,500,nan,nan,0,38.2683152121222,0.0713732777817081,500,15.797366005873501,0.17827806253602907,500,34.6639496303,0.0,500,7.0793650793700005,3.976032667870345e-17,500,0.42072486772483786,0.012288213904233281,500,0.8195396825397502,0.013573153863539402,500,0.05942974588938901,0.0017357790940959964,500,0.11576457399103267,0.0019172840659251998,500
6,7,5,1.1666666666666667,8.0,9.0,0.39491350504963396,0.00075129229709703,500,1.73085101814234,0.0002553839337007674,500,0.676477912144368,0.012176595758016459,500,0.1772514768068898,0.0021046942138286855,500,0.180281794052594,0.0013066294800115608,500,0.5025369196957501,0.0032104452380221997,500,2.5275955509053603,0.028271150917879646,500,0.0033433803583403,3.739570227232902e-05,500,nan,nan,0,42.8546269321328,0.06402934182804834,500,15.92423610056124,0.17658890856196396,500,39.615942434699996,3.180826134296276e-16,500,7.0793650793700005,3.976032667870345e-17,500,0.37047089947089584,0.012263505595052382,500,0.7158730158731976,0.014307618662069518,500,0.052331091180865076,0.0017322889069246521,500,0.10112107623317412,0.0020210313356714294,500
6,7,5,1.1666666666666667,9.0,9.0,0.395166976880652,0.000770235026645337,500,1.72960548306796,0.00018096993022866822,500,0.446035481673446,0.006105483454919967,500,0.14771755361934583,0.0019840697013744865,500,0.159412648818738,0.0013160432211289403,500,0.549228459780716,0.0034637656355353402,500,2.24953039916332,0.02566803737512997,500,0.0029755693110620996,3.395243039038486e-05,500,nan,nan,0,47.475728332262,0.05680903955952543,500,15.94865685200056,0.17276879989492147,500,44.567935239,0.0,500,7.0793650793700005,3.976032667870345e-17,500,0.31071957671958217,0.011150653670471421,500,0.6369312169313023,0.01380022702138183,500,0.04389088191329701,0.001575092334617645,500,0.08997010463378008,0.0019493594223024264,500
6,7,5,1.1666666666666667,10.0,9.0,0.393689155320914,0.0008052441614970651,500,1.72924994067884,0.00015290186883768652,500,0.331510611012694,0.003567628037800997,500,0.13198451569002778,0.0020716535596291504,500,0.14698022695120896,0.0014405664137308314,500,0.5774844071539039,0.0038530267490747383,500,2.1316803850717796,0.02806755113086534,500,0.00281968304903648,3.712639038472953e-05,500,nan,nan,0,52.1426551396316,0.05253237343621992,500,15.87374257165266,0.1792579552371471,500,49.5199280433,0.0,500,7.0793650793700005,3.976032667870345e-17,500,0.293645502645471,0.01136052816071894,500,0.5780105820106205,0.014312024255117241,500,0.04147907324364258,0.0016047382827924339,500,0.08164723467862876,0.002021653650386461,500
6,8,5,1.3333333333333333,1.0,9.0,0.43684285988941396,0.0017024884458904585,500,2.1707517343906,0.002102790273096772,500,17.3822561782466,0.16048474310518232,500,0.8934224016399981,0.015230641583498745,500,0.5411161045572122,0.005627577029479575,500,0.08551559022090123,0.002760724199034935,500,37.81825410414952,1.7436097098443808,500,0.032573862277476835,0.0015018171488753982,500,nan,nan,0,17.92357997264054,0.17318027522674512,500,17.08779471956782,0.18373319219093923,500,5.232830786799999,3.976032667870345e-17,500,7.503875968990001,3.976032667870345e-17,500,1.299483204134214,0.020221728619985113,500,2.5276795865632202,0.03463884399381938,500,0.1731749311294588,0.0026948378016308145,500,0.33684986225895525,0.004616126937191792,500
6,8,5,1.3333333333333333,2.0,9.0,0.441284483402242,0.0013914385833908012,500,2.22013766513456,0.0023408916576079723,500,14.09345365937482,0.08472196830959199,500,0.8645714369339221,0.011187473795290179,500,0.504093780182282,0.003968536679240332,500,0.1051720387216076,0.0022901027400787704,500,23.86685549697398,0.6275060947167346,500,0.0205571537441608,0.0005404875923485406,500,nan,nan,0,19.859305667996605,0.15559872369062436,500,16.70817253724314,0.1887634604242666,500,10.465661573599998,7.95206533574069e-17,500,7.503875968990001,3.976032667870345e-17,500,1.0688544358310839,0.009664717479326089,500,2.0887235142119196,0.015161097676460062,500,0.1424403122130568,0.0012879633830929123,500,0.278352617079906,0.002020435537463225,500
6,8,5,1.3333333333333333,3.0,9.0,0.42252169540287193,0.0008429728472375391,500,2.25073457085106,0.001761288208766583,500,8.675079896334518,0.06913609852513568,500,0.640384191781986,0.005729390484153769,500,0.403516569895098,0.0022062421053476292,500,0.1725136553318352,0.0018268965796364876,500,11.0248111173204,0.16161448182480342,500,0.009495961341360501,0.00013920282672242413,500,nan,nan,0,23.578697056664,0.12969433588475776,500,17.35934479362882,0.18216539092373163,500,15.6984923604,0.0,500,7.503875968990001,3.976032667870345e-17,500,0.801660637381666,0.009150198178726992,500,1.602046511628042,0.008561326009898824,500,0.10683287419651359,0.001219396244891852,500,0.21349586776857798,0.0011409205116474782,500
6,8,5,1.3333333333333333,4.0,9.0,0.410630225473882,0.0006527516398852303,500,2.26487772545188,0.0010115072682246964,500,4.7276802759858,0.05250211449568004,500,0.47951685830015,0.0035262550561954726,500,0.329343908406654,0.0014161754215596299,500,0.245129035565238,0.0016571792660792885,500,6.5959893693690805,0.06252360659830127,500,0.005681300059749081,5.385323565744821e-05,500,nan,nan,0,27.160035631361804,0.11197154593111273,500,16.988941798097823,0.18554679690399403,500,20.931323147199997,1.590413067148138e-16,500,7.503875968990001,3.976032667870345e-17,500,0.6424254952627746,0.01135721745239336,500,1.2946218776918959,0.007996161785566114,500,0.08561248852157971,0.001513513482808141,500,0.172527089072546,0.0010656042048957115,500
6,8,5,1.3333333333333333,5.0,9.0,0.401888102792624,0.0006174937587444598,500,2.2640141786061005,0.0007728811610595563,500,2.70841986666602,0.028004023908525813,500,0.361938202472244,0.0026256005799809045,500,0.27250072301224804,0.001074555803164479,500,0.31714296920727597,0.001742056428776227,500,4.588060337075159,0.03944088951004566,500,0.00395181768912606,3.397148105948174e-05,500,nan,nan,0,31.3196721374478,0.09623680243716892,500,16.86778309342232,0.1816110533650867,500,26.16415393400001,3.180826134296276e-16,500,7.503875968990001,3.976032667870345e-17,500,0.5570645994832607,0.01196162181741302,500,1.0952006890611738,0.009841212032919563,500,0.07423691460055357,0.0015940591058323632,500,0.1459513314968004,0.0013114838349665076,500
6,8,5,1.3333333333333333,6.0,9.0,0.39849218551751,0.0005793022526794087,500,2.2594874625834,0.0006447967526897982,500,1.723848269348454,0.022401263224337487,500,0.28210287636319,0.002168189579013829,500,0.23096238602784,0.0009597883737106421,500,0.38243685708760405,0.001987433314910437,500,3.5570250025997394,0.02935165257271798,500,0.0030637596921616597,2.528135449846763e-05,500,nan,nan,0,35.742138960975396,0.08217182726990618,500,16.690670144901823,0.18195514901359516,500,31.3969847208,0.0,500,7.503875968990001,3.976032667870345e-17,500,0.47684754521967304,0.012036881144654465,500,0.9485236864775101,0.01120493106774637,500,0.06354683195592356,0.001604088499649018,500,0.1264044995408692,0.0014932191195641878,500
6,8,5,1.3333333333333333,7.0,9.0,0.39640177440836205,0.0006032733439706199,500,2.25491644183828,0.0005653984977313682,500,1.190024247821556,0.01865409345807682,500,0.22936747260219797,0.0022521273062731857,500,0.20008881374617601,0.001038618428163856,500,0.438535690524348,0.002401240359532378,500,2.9816074198916804,0.028991176000311626,500,0.0025681373125682797,2.4970866494665373e-05,500,nan,nan,0,40.501666140612805,0.07598083122114131,500,16.842548926153817,0.18913839015012301,500,36.629815507600014,6.361652268592552e-16,500,7.503875968990001,3.976032667870345e-17,500,0.4330060292851368,0.012045327744757452,500,0.84563307493559,0.012423710105139532,500,0.05770431588613193,0.0016052141312740012,500,0.11269283746556741,0.0016556390532659554,500
6,8,5,1.3333333333333333,8.0,9.0,0.39443254752395596,0.0006367881490552543,500,2.25065895361356,0.00042542798907663963,500,0.822344604499038,0.014554883970667695,500,0.190673284776918,0.00209792236318855,500,0.176115758879546,0.0010959254501818586,500,0.487672077892058,0.0028993504266242916,500,2.6036569694028997,0.024738757606123454,500,0.0022425985955234805,2.1308146086244623e-05,500,nan,nan,0,45.347970316662,0.06780454928673074,500,17.0059168017456,0.1848477779018999,500,41.862646294399994,3.180826134296276e-16,500,7.503875968990001,3.976032667870345e-17,500,0.39780534022394454,0.011857586483316326,500,0.7481791559002726,0.013554045768293034,500,0.05301331496786143,0.0015801948929211568,500,0.0997056932966174,0.0018062726282113268,500
6,8,5,1.3333333333333333,9.0,9.0,0.393572843138048,0.0006006112247852417,500,2.2468682687823605,0.0003024610422304525,500,0.5400358055608,0.00628702681241896,500,0.158902480523184,0.001928595918887274,500,0.155808013789654,0.0011015301380847742,500,0.534303390427734,0.0031530269464343664,500,2.3117543375140803,0.02226146431182562,500,0.0019911751399777403,1.9174387865473615e-05,500,nan,nan,0,50.1871243292638,0.05755837597967062,500,16.94369259232392,0.17526354976456282,500,47.095477081199995,3.180826134296276e-16,500,7.503875968990001,3.976032667870345e-17,500,0.34537123169679695,0.011434310102511322,500,0.6622532299742955,0.013270387029158393,500,0.04602571166207363,0.0015237871934124922,500,0.0882548209366401,0.0017684709987187117,500
6,8,5,1.3333333333333333,10.0,9.0,0.39179570886289,0.0006167259160406455,500,2.2443407506764603,0.00023371620060795746,500,0.39317265428545395,0.0039846775638818135,500,0.1395525928498128,0.001790091079155603,500,0.14235229119183082,0.0010960074100348578,500,0.565848113454924,0.003308349435658034,500,2.15543874059182,0.020220034740653925,500,0.00185653638293872,1.74160505948925e-05,500,nan,nan,0,55.0721772900762,0.05646538934097792,500,16.69149889180886,0.1882189150979055,500,52.32830786800002,6.361652268592552e-16,500,7.503875968990001,3.976032667870345e-17,500,0.3266701119724186,0.011327726582706022,500,0.6289853574505991,0.013461714136191044,500,0.04353351698805784,0.0015095833979009896,500,0.08382139577594597,0.001793968102859635,500
6,9,5,1.5,1.0,9.0,0.44569247825464,0.0018079164987033136,500,2.6981596048842804,0.001793649428201994,500,20.467301053489958,0.18392588019996955,500,1.080783949991014,0.017450973745470427,500,0.5709383106404959,0.005709189357839234,500,0.06453879809459975,0.00238199315911752,500,57.102208521857044,2.501122093266018,500,0.03427503512716707,0.0015012737654659849,500,nan,nan,0,19.021197434842122,0.18571646559517596,500,18.151015398064242,0.19626813859709155,500,5.50775218521,0.0,500,7.858343337329999,3.976032667870345e-17,500,1.4539663865546335,0.020938678658972164,500,2.802453781512594,0.03564268347963148,500,0.185021998166828,0.0026645156313652133,500,0.3566214482126502,0.004535648539340841,500
6,9,5,1.5,2.0,9.0,0.444683101311028,0.0014605598908291732,500,2.75331484734904,0.002177928991876537,500,16.56734933105168,0.08931986843498181,500,1.026598096880632,0.013458298279889713,500,0.52533119242111,0.004096059886652443,500,0.0840988302851814,0.0020640731839921597,500,33.177343716926664,0.9027193626228522,500,0.019914371978949158,0.000541848356916328,500,nan,nan,0,20.856766413940996,0.1623790595711029,500,17.53836212507384,0.19628991286054706,500,11.015504370399999,7.95206533574069e-17,500,7.858343337329999,3.976032667870345e-17,500,1.150266506602396,0.008913364625547154,500,2.25670828331346,0.014757989226546293,500,0.14637519095631318,0.0011342549240874785,500,0.2871735410938,0.0018780026009332749,500
6,9,5,1.5,3.0,9.0,0.425233163372622,0.0007602453891651846,500,2.79177024898334,0.0015892296101897452,500,10.188542889476421,0.07576149750183653,500,0.7821049020772342,0.006786137807804213,500,0.42661158483091205,0.0021352159794959854,500,0.1402677196190148,0.0015324482679907945,500,14.5383215951782,0.20986191983901636,500,0.008726483550528541,0.0001259675389190334,500,nan,nan,0,24.4801315142644,0.13885600277529045,500,17.794096939191,0.19641149207481126,500,16.523256555599996,1.590413067148138e-16,500,7.858343337329999,3.976032667870345e-17,500,0.887915966386556,0.009184745240193444,500,1.7546098439376,0.007549306722730475,500,0.11299022303698919,0.0011687889986384135,500,0.22327986556676602,0.0009606740757764986,500
6,9,5,1.5,4.0,9.0,0.410929787176536,0.0005589909471782725,500,2.81122866801216,0.0009525259733450158,500,5.535113512726601,0.05615680407793556,500,0.5634100221137219,0.003930735085326079,500,0.340703879418108,0.0013034371151312953,500,0.21501127643899998,0.0014313727845022852,500,7.79271256129616,0.07192567083378658,500,0.00467749853619202,4.3172671568886865e-05,500,nan,nan,0,28.399328194084198,0.11536577230512135,500,17.59405342503584,0.191225880044442,500,22.031008740799997,1.590413067148138e-16,500,7.858343337329999,3.976032667870345e-17,500,0.71761104441779,0.011099493054486424,500,1.398225690276252,0.006825315428120151,500,0.0913183623587118,0.0014124469468977637,500,0.177928811487946,0.0008685438056259983,500
6,9,5,1.5,5.0,9.0,0.4012672257333575,0.000573011857496216,358,2.8160331487146926,0.0006823898384831203,358,3.1883090417338824,0.0382779454077576,358,0.40202172334493846,0.0028747018222222325,358,0.2738917523091397,0.0010309809902471073,358,0.29611381618170113,0.00168482011571877,358,4.949048624780251,0.040103314926462796,358,0.0029706174218372063,2.407161760292861e-05,358,nan,nan,0,33.20344675633631,0.11185565171347367,358,18.235795901568157,0.21175499286767516,358,27.538760926000002,1.880295471412421e-16,358,7.858343337329998,9.401477357062106e-17,358,0.5766328877919887,0.012739909751356386,358,1.1534904464578268,0.009236021315392922,358,0.07337842889256715,0.0016211953594384638,358,0.1467854478917539,0.0011753140476197018,358
6,9,5,1.5,6.0,9.0,0.3975943606666744,0.0005544001380592266,433,2.816415354541478,0.00040512993017367106,433,2.01400090067124,0.02782056068782978,433,0.3148703272004665,0.002411757601850187,433,0.23287716413366977,0.0009330154228238776,433,0.3582831926762148,0.0019361618307661816,433,3.836500357837113,0.031470372952958715,433,0.0023028213432396997,1.8889779683649422e-05,433,nan,nan,0,37.68084711312979,0.09577084624662516,433,17.6953965678545,0.20755118965767333,433,33.0465131112,0.0,433,7.858343337329999,4.273250414185697e-17,433,0.543792574766679,0.01265586502464438,433,1.0206050087471386,0.010555459157497223,433,0.06919939119777663,0.00161050039192283,433,0.1298753394876806,0.001343216846653403,433
6,9,5,1.5,7.0,9.0,0.39567157398249847,0.0006322540903849578,327,2.8159124324898777,0.0004373043483463685,327,1.3940389374183364,0.025648629905909444,327,0.2472484699589786,0.002672585978784974,327,0.1986345063702997,0.0011540003244222,327,0.4212250215581591,0.0028422068658034492,327,3.104095393364679,0.03299984115265856,327,0.001863202517025719,1.9807827822712118e-05,327,nan,nan,0,42.755231955062996,0.09448923105911904,327,18.090589111313395,0.22982836092427378,327,38.55426529639999,3.9353322422763267e-16,327,7.858343337329999,4.9191653028454083e-17,327,0.45897625105092665,0.014622229402120938,327,0.8750472666131438,0.014570871733610918,327,0.05840623543009622,0.0018607267173798047,327,0.11135263872421132,0.0018541912853786283,327
6,9,5,1.5,8.0,9.0,0.392817639088052,0.0006886447608359198,327,2.813366378711162,0.00040736887806461165,327,0.9148893714326117,0.016594291024089457,327,0.20593879782211927,0.002719382126099863,327,0.17545285600074617,0.00126724158717069,327,0.46894432665802144,0.0033921631987267344,327,2.7105718718794805,0.03181624721635173,327,0.001626993920695841,1.909738728473967e-05,327,nan,nan,0,47.750901871178286,0.08807606364801841,327,17.922587170207372,0.24767027480708753,327,44.06201748170001,3.9353322422763267e-16,327,7.858343337329999,4.9191653028454083e-17,327,0.4287733442000759,0.01470416920931777,327,0.8088923642850122,0.015655126237891948,327,0.05456281633343483,0.0018711538269728064,327,0.10293421012060275,0.001992166232228185,327
6,9,5,1.5,9.0,9.0,0.3919922849857994,0.0006014841699607317,374,2.810920606229973,0.0003659306088151119,374,0.6289952654450455,0.008725010256705917,374,0.16977188976262836,0.0023816856254186814,374,0.15484314682024064,0.0012242328504236497,374,0.5162452102218796,0.0036144783855435693,374,2.3809379428262565,0.025816396347921988,374,0.0014291344194633155,1.5496036223224143e-05,374,nan,nan,0,52.84236123794813,0.07514148390120313,374,17.817714709695856,0.23032886728734048,374,49.56976966690001,3.679050828100811e-16,374,7.858343337329999,4.598813535126014e-17,374,0.35809617964838364,0.012430556322517623,374,0.7066655539220819,0.014909560209019113,374,0.04556891500872063,0.0015818291195619956,374,0.08992551274322942,0.0018972905062812789,374
6,9,5,1.5,10.0,9.0,0.39096486189021656,0.0005145257258933861,494,2.8094593583025906,0.00029250283196421257,494,0.47347573180820046,0.004376583199010354,494,0.1463007521928233,0.001941887084749854,494,0.13911351888879636,0.0010507708788646192,494,0.5543932581403076,0.0032795167624407413,494,2.170946945663806,0.020969489855866826,494,0.0013030894031592734,1.2586728604962331e-05,494,nan,nan,0,58.144879832354654,0.059525807166493645,494,18.173995562758076,0.1950002873356761,494,55.07752185209998,9.600370612852308e-16,494,7.858343337329999,4.000154422021795e-17,494,0.33567273063073405,0.010670140418108437,494,0.6436226312386311,0.012150805964329789,494,0.04271545747256699,0.0013578104137314103,494,0.08190309377053609,0.0015462299676586432,494
6,3,5,0.5,1.0,10.0,0.418589116969266,0.0031551252447268746,500,0.219998295253998,0.0012204478244356928,500,1.263499299103654,0.020470583081470952,500,0.189469932861895,0.0034342816584742803,500,0.38906776664691994,0.00527965810169636,500,0.3683962223913188,0.006412598584689003,500,3.7770682019132,0.0899394281595809,500,0.0674476464627372,0.0016060612171359136,500,nan,nan,0,10.208745062951678,0.10765461689203416,500,10.04384863134662,0.109707810754982,500,1.7654696590100007,2.982024500902759e-17,500,4.5,0.0,500,0.5440714285713777,0.01541148648203954,500,1.0646428571428277,0.025908007404171044,500,0.12090476190478833,0.003424774773787887,500,0.2365873015873167,0.005757334978701893,500
6,3,5,0.5,2.0,10.0,0.41982018790065606,0.0029892362420542184,500,0.22624586340157798,0.0011865984981595183,500,1.299437868611132,0.015797753755395928,500,0.18759376907165481,0.0029739023847918716,500,0.38095978990400997,0.0045208628182252806,500,0.3755222907866016,0.0053638804214443895,500,3.5560481349557,0.06677259815623256,500,0.0635008595527776,0.001192367824218443,500,nan,nan,0,10.70877476941402,0.09852562912329314,500,10.0736630793788,0.10570480368121292,500,3.5309393180200015,5.964049001805518e-17,500,4.5,0.0,500,0.487071428571447,0.012744977463053067,500,0.9509285714284312,0.01831031924034586,500,0.10823809523813933,0.00283221721401234,500,0.21131746031747559,0.004068959831183969,500
6,3,5,0.5,3.0,10.0,0.42224211945170204,0.003032418605645514,500,0.230686972536066,0.0011819166050462985,500,1.208586766761686,0.014712970502303177,500,0.1784626767794364,0.0024583446567266426,500,0.361501526232158,0.0036810578574783537,500,0.39653199137539796,0.004484935748260632,500,3.2597060550221397,0.04738387654031066,500,0.0582090366968208,0.0008461406525045989,500,nan,nan,0,11.631449501490598,0.09361974371591632,500,10.28583196264458,0.107940214287373,500,5.296408977029999,3.976032667870345e-17,500,4.5,0.0,500,0.4677857142858644,0.013434449301706368,500,0.8829285714282273,0.014761327982650969,500,0.10395238095242551,0.002985433178153903,500,0.196206349206376,0.003280295107255482,500
6,3,5,0.5,4.0,10.0,0.425462261350552,0.0029874606119444985,500,0.23318304525071598,0.0009073136722622975,500,0.975687809279318,0.013681937988863128,500,0.1688720484165656,0.0020105038466700894,500,0.34334847784742,0.002886100379278861,500,0.41902754114409196,0.0036436255556182304,500,3.0592074089524606,0.036123647310248426,500,0.054628703731294796,0.000645065130539906,500,nan,nan,0,12.59691613030796,0.08628596361953857,500,10.33050054172586,0.10788653927164332,500,7.061878636040003,1.1928098003611036e-16,500,4.5,0.0,500,0.449142857142847,0.01339250872722043,500,0.840928571428546,0.015425133946568753,500,0.09980952380957364,0.0029761130504934617,500,0.18687301587301658,0.0034278075436785776,500
6,3,5,0.5,5.0,10.0,0.424014343222486,0.002958689365413247,500,0.234617616898576,0.0006772387769738977,500,0.67626966099909,0.009623264658142054,500,0.15272353550784482,0.0018354578405875097,500,0.31475344050577203,0.0026041206808388217,500,0.461599682267592,0.0036056058498321656,500,2.73932304559756,0.03085224303268734,500,0.0489164829570974,0.0005509329112977368,500,nan,nan,0,13.54776194319668,0.07633939493574772,500,10.150848262649058,0.104872087394237,500,8.82734829505,0.0,500,4.5,0.0,500,0.37357142857135317,0.012144120107444516,500,0.7445000000001518,0.015587538647575228,500,0.08301587301592639,0.00269869335721083,500,0.16544444444449888,0.0034638974772349313,500
6,3,5,0.5,6.0,10.0,0.41540006099043403,0.002754571017596541,500,0.236387991116854,0.0005617011782496614,500,0.49434225180734803,0.007408355534461492,500,0.13904283993920358,0.0018325257889493783,500,0.28778330733041796,0.00254881993888948,500,0.500496573280154,0.0038873064554380207,500,2.50058807580194,0.029047776261746875,500,0.0446533584964592,0.0005187102903877391,500,nan,nan,0,14.7333300501936,0.07303704342804569,500,10.07826252266124,0.10923047585648496,500,10.592817954099997,7.95206533574069e-17,500,4.5,0.0,500,0.34564285714277204,0.012801346547794542,500,0.6718571428573018,0.01604382239510953,500,0.07680952380956169,0.002844743677288647,500,0.14930158730165313,0.003565293865575867,500
6,3,5,0.5,7.0,10.0,0.41465895988972,0.0030024552848939173,500,0.23775565703159002,0.0005479014596647753,500,0.372975560124994,0.006808261449226225,500,0.1256569352803198,0.0017874570806441442,500,0.26163131781919197,0.0025240552384875247,500,0.53776015970896,0.004240213504753636,500,2.2788798866264,0.026853305709461865,500,0.0406942836897594,0.00047952331624025613,500,nan,nan,0,16.125322058055602,0.06540195327495045,500,10.18758838610916,0.10637224270070667,500,12.358287613100002,7.95206533574069e-17,500,4.5,0.0,500,0.29828571428566036,0.012269728412963555,500,0.6045000000001305,0.016119787916477932,500,0.06628571428574932,0.0027266063139926794,500,0.13433333333336553,0.003582175092546681,500
6,3,5,0.5,8.0,10.0,0.418434173607164,0.002817285228828782,500,0.23961358011063,0.0005631009909196241,500,0.2709404353067622,0.006389538861644405,500,0.11468805221499379,0.0018128624189595844,500,0.24205128094242997,0.0025330314709476782,500,0.565436078515146,0.004452480353079736,500,2.1337626572793997,0.026546352160866305,500,0.038102904594278,0.0004740420028724702,500,nan,nan,0,17.454896345766798,0.06163186605189144,500,10.057507978503919,0.1090574042449528,500,14.123757272099995,2.3856196007222073e-16,500,4.5,0.0,500,0.297285714285636,0.013078366839752642,500,0.571857142857285,0.016418568258706846,500,0.06606349206351708,0.0029063037421683826,500,0.12707936507940346,0.0036485707241525308,500
6,3,5,0.5,9.0,10.0,0.40818959165662,0.002763895435749382,500,0.241488740731652,0.0005742677079048783,500,0.2061729386239432,0.005220819418593123,500,0.1068104277852068,0.001612016568679854,500,0.225238116414478,0.00236801669192578,500,0.5879739124530541,0.004415128058857911,500,2.0097971080380197,0.021906396455210152,500,0.0358892340721078,0.00039118565098574226,500,nan,nan,0,19.055787467255396,0.05712412950736984,500,10.308619725349839,0.10980199712329103,500,15.889226931100003,1.590413067148138e-16,500,4.5,0.0,500,0.28292857142850364,0.012415918595051804,500,0.5351428571428982,0.01599556193817457,500,0.06287301587302685,0.0027590930211227223,500,0.11892063492066575,0.003554569319592054,500
6,3,5,0.5,10.0,10.0,0.409814040228432,0.0028557305438900254,500,0.246078855690126,0.0005884200644263352,500,0.136428011573738,0.003554957126219384,500,0.09866658103778561,0.001698258277886584,500,0.2113652955560934,0.002600907205771513,500,0.6085806566179319,0.004862485370173332,500,1.92648403410916,0.023901378805813542,500,0.0344015006090956,0.0004268103358183734,500,nan,nan,0,20.4401852222316,0.054329301188961725,500,10.05944084221492,0.11319193786254951,500,17.6546965901,0.0,500,4.5,0.0,500,0.257499999999942,0.013126638865607804,500,0.5114285714286544,0.016582599865469592,500,0.057222222222228315,0.002917030859023528,500,0.11365079365081773,0.003685022192322543,500
6,4,5,0.6666666666666666,1.0,10.0,0.41521935971452,0.0021158837927256965,500,0.47036692306362204,0.0014737305393457514,500,3.11181012602272,0.04434443120768379,500,0.27708726673738976,0.005097789505108051,500,0.40383213152528996,0.0052981640163093915,500,0.2910697549656094,0.006085875394853805,500,5.512209207554321,0.17157759682582038,500,0.0437476921234436,0.0013617269589341438,500,nan,nan,0,12.749401339998819,0.12659920311501643,500,12.42810922914586,0.13085299106694406,500,2.7464262493000002,1.9880163339351726e-17,500,5.333333333330001,3.976032667870345e-17,500,0.6532380952380872,0.016309398663992836,500,1.2905714285717127,0.028416913891684565,500,0.12248214285718859,0.003058012249499347,500,0.24198214285713673,0.005328171354689344,500
6,4,5,0.6666666666666666,2.0,10.0,0.424804615689642,0.0019866669944897035,500,0.47499522292536406,0.001620515025728642,500,2.9389302179618197,0.030516980731546062,500,0.2806842854633606,0.004262969102506169,500,0.404197817401976,0.004364843203583215,500,0.2882439840951596,0.004627218928361479,500,5.22551558324676,0.11718814599504315,500,0.041472345898783604,0.0009300646507541911,500,nan,nan,0,13.44931868439984,0.12291098263779392,500,12.200025628490861,0.13732753355077257,500,5.4928524986000005,3.976032667870345e-17,500,5.333333333330001,3.976032667870345e-17,500,0.6182857142859782,0.012989119517335012,500,1.201333333333098,0.017569260280899186,500,0.11592857142856815,0.0024354599094960397,500,0.2252500000000244,0.003294236302669451,500
6,4,5,0.6666666666666666,3.0,10.0,0.4246840239247,0.00188898187158952,500,0.48761828877166596,0.001323348137730339,500,2.392769915308572,0.02211390548220057,500,0.256420986678624,0.00337771959368756,500,0.368904283548944,0.0034452114495027142,500,0.3274479103516,0.0039311148491235695,500,4.35147287708946,0.07283463077966731,500,0.03453549902451881,0.0005780526252347967,500,nan,nan,0,14.93488130523288,0.107192998205143,500,12.326380507571121,0.1339921033139884,500,8.239278747909998,7.95206533574069e-17,500,5.333333333330001,3.976032667870345e-17,500,0.5454920634920642,0.013074094965108909,500,1.055492063491982,0.013449680431345536,500,0.10227976190476087,0.0024513928059561,500,0.19790476190474204,0.0025218150808783537,500
6,4,5,0.6666666666666666,4.0,10.0,0.41757455311456204,0.0019390526189716627,500,0.48476742671251,0.001136734436384771,500,1.6023131581666439,0.01796452600790741,500,0.2296120282284606,0.0026827413234991803,500,0.33490999271353006,0.002712901027025292,500,0.36902882679556803,0.003533523515942755,500,3.7001286065097,0.0491716970476686,500,0.029366100051664196,0.0003902515638703846,500,nan,nan,0,16.7507738156634,0.09833519019513684,500,12.47581304605244,0.13490910607067272,500,10.985704997200001,7.95206533574069e-17,500,5.333333333330001,3.976032667870345e-17,500,0.4963492063492202,0.012938007099002133,500,0.94463492063587,0.013872283067066862,500,0.09306547619047868,0.0024258763310613433,500,0.1771190476190674,0.002601053075069863,500
6,4,5,0.6666666666666666,5.0,10.0,0.415813150351104,0.00183833502214689,500,0.481996548522368,0.0008968493618966273,500,1.0640988402403642,0.014517921360994907,500,0.1997308688139654,0.0023169331838669744,500,0.300042174321468,0.002425958396843277,500,0.416532230985756,0.0034905964041368484,500,3.16884362914734,0.04122677087878771,500,0.025149552612282404,0.0003271965942759316,500,nan,nan,0,18.561074441577404,0.088658823809541,500,12.25590140603952,0.1391159441498088,500,13.732131246499998,7.95206533574069e-17,500,5.333333333330001,3.976032667870345e-17,500,0.39901587301577335,0.012886034714397933,500,0.8251428571431102,0.01494794159762579,500,0.07481547619048966,0.002416131508949476,500,0.15471428571430815,0.002802739049554242,500
6,4,5,0.6666666666666666,6.0,10.0,0.41204541754956997,0.0018767905546148694,500,0.47927773884541397,0.0007047263952978374,500,0.755890503357774,0.011718656441763129,500,0.1780981896058218,0.002074067977558542,500,0.271168712088274,0.0022516131789956924,500,0.45758252392001403,0.0035644075141003976,500,2.8248165170073203,0.03814079724460762,500,0.0224191787064048,0.00030270474003655476,500,nan,nan,0,20.699745272624,0.0813069447339895,500,12.258885325310079,0.14124501233552855,500,16.478557495800004,1.590413067148138e-16,500,5.333333333330001,3.976032667870345e-17,500,0.369777777777716,0.013064906859290865,500,0.7432063492064499,0.015824564472249756,500,0.06933333333334539,0.002449670036115972,500,0.13935119047620428,0.0029671058385475693,500
6,4,5,0.6666666666666666,7.0,10.0,0.40898510543035604,0.0018484269130335858,500,0.4757726174184199,0.0006331138377173713,500,0.5357249810269761,0.010087428926107285,500,0.1597187235796838,0.0018142462466242293,500,0.24917685042026802,0.0020505082630410377,500,0.49041347961113,0.0035509825610920706,500,2.57613904356594,0.032288274318629795,500,0.020445547964806,0.0002562561453858777,500,nan,nan,0,22.8710338445062,0.06895896175169476,500,12.125895108282421,0.1329469495351949,500,19.224983745099998,1.590413067148138e-16,500,5.333333333330001,3.976032667870345e-17,500,0.3436507936507242,0.012912193148446478,500,0.6808571428572189,0.015806757469235128,500,0.06443452380955132,0.002421036215333504,500,0.12766071428572526,0.0029637670254799658,500
6,4,5,0.6666666666666666,8.0,10.0,0.408129247534342,0.0019414524707322403,500,0.47599259100235,0.0005024253950356829,500,0.381627638469206,0.008419912318872923,500,0.1443147092737754,0.0019695526342862,500,0.22944797111625598,0.0022293416923849156,500,0.52532116119188,0.003961083861407293,500,2.4241250480495,0.037158142071041206,500,0.0192390876829308,0.00029490588945237523,500,nan,nan,0,25.3312748100966,0.06292426084440984,500,12.328422032218961,0.13367331034962907,500,21.971409994400002,1.590413067148138e-16,500,5.333333333330001,3.976032667870345e-17,500,0.331492063491997,0.013368129796730901,500,0.6326031746032194,0.016554153080921955,500,0.0621547619047745,0.002506524336886281,500,0.11861309523809584,0.0031039037026713047,500
6,4,5,0.6666666666666666,9.0,10.0,0.407651058663736,0.0018814325056655812,500,0.47366425244818006,0.0003516262015529695,500,0.27799492206445003,0.0072378957366437775,500,0.12983191637951222,0.0018146624405780325,500,0.21042050957214,0.002181133388427296,500,0.556277466644774,0.004180901524524371,500,2.24467412621412,0.02864018147882698,500,0.0178148740175713,0.00022730302760974008,500,nan,nan,0,27.730404207920596,0.05818943615636166,500,12.27910625905624,0.13367817717756703,500,24.717836243699995,1.590413067148138e-16,500,5.333333333330001,3.976032667870345e-17,500,0.3027301587300926,0.012619414545043119,500,0.5826349206349588,0.015768776342987754,500,0.05676190476190384,0.0023661402271942067,500,0.10924404761903198,0.0029566455643076505,500
6,4,5,0.6666666666666666,10.0,10.0,0.40168774438368,0.0019636567963066975,500,0.47295678333260005,0.0003407986680996168,500,0.1824665863956412,0.0038360250578548124,500,0.11578871493419621,0.0018046111362337266,500,0.19509885120221598,0.002257334128787981,500,0.5867918799401379,0.004320349123136231,500,2.12466787328374,0.031225901818153698,500,0.016862443438759003,0.00024782461760432326,500,nan,nan,0,30.307247644973998,0.05473975517742705,500,12.51073602858708,0.1359318282866069,500,27.464262492999996,1.590413067148138e-16,500,5.333333333330001,3.976032667870345e-17,500,0.26260317460310995,0.012128894221050153,500,0.538126984126991,0.01595867708709035,500,0.04923809523809923,0.002274167666445547,500,0.1008988095237998,0.002992251953826399,500
6,5,5,0.8333333333333334,1.0,10.0,0.418208690730208,0.0016765565691527142,500,0.807864009001652,0.002233772137166173,500,6.33695731378176,0.08585654356723783,500,0.4016669966947996,0.007153844235619492,500,0.440640525819686,0.005331811639843776,500,0.2117793893725318,0.005015430221662439,500,8.961831511415799,0.32666986990998587,500,0.03556282345799336,0.0012963090075790373,500,nan,nan,0,14.837585751065038,0.14952775652552375,500,14.2832106395465,0.1568422700783962,500,3.87628841011,0.0,500,6.0,0.0,500,0.8354920634921259,0.017588237018811147,500,1.6265079365080863,0.030269501395076392,500,0.13924867724865744,0.0029313728364666718,500,0.271084656084654,0.005044916899179808,500
6,5,5,0.8333333333333334,2.0,10.0,0.42408540659629396,0.0015936445316708013,500,0.827382966764372,0.0019187768803216622,500,5.5544383234104,0.04550492091519244,500,0.381534369297934,0.005530197194389975,500,0.413437937999776,0.004143971873184467,500,0.2371465617213534,0.003980545710441521,500,7.11516726254546,0.16902137593050828,500,0.028234790724390262,0.0006707197457565266,500,nan,nan,0,16.25154446432254,0.13487398885063737,500,14.16811414785328,0.15733309098021311,500,7.75257682022,0.0,500,6.0,0.0,500,0.6994603174603501,0.011506593162811456,500,1.382079365079528,0.016506958622775028,500,0.116576719576709,0.0019177655271345262,500,0.23034656084655222,0.0027511597704627543,500
6,5,5,0.8333333333333334,3.0,10.0,0.419374788265652,0.0014402416583977763,500,0.832295065933428,0.001399844705598855,500,3.7446397310939603,0.03601795359477555,500,0.33433240552408,0.003918878149058298,500,0.370223665843414,0.0029800594845314755,500,0.2823524276326692,0.0032602076873032727,500,5.4793225299073605,0.08884909063395574,500,0.0217433433726459,0.00035257575648384187,500,nan,nan,0,18.60258139372,0.11834069044698599,500,14.33598105366852,0.15695901576522864,500,11.628865230299999,7.95206533574069e-17,500,6.0,0.0,500,0.603825396825393,0.012037208309233426,500,1.190634920635002,0.012051107147744074,500,0.10063756613757133,0.0020062013848717803,500,0.1984391534391202,0.0020085178579590233,500
6,5,5,0.8333333333333334,4.0,10.0,0.41524479190012603,0.0013576374163217027,500,0.833799323967042,0.0010089439188895302,500,2.371591640418714,0.027462410790279387,500,0.28328864916601,0.0029311054266909376,500,0.32416874029832604,0.0022133178480957887,500,0.33719034624532,0.002857312977805613,500,4.286177393964479,0.05153977728844085,500,0.017008640452238943,0.0002045229257476802,500,nan,nan,0,21.3608883422508,0.10446023689831417,500,14.444715395525181,0.1593638223174788,500,15.505153640400001,7.95206533574069e-17,500,6.0,0.0,500,0.5415238095238684,0.012434950673368623,500,1.0361428571428601,0.012367102767007872,500,0.0902539682539756,0.0020724917788937326,500,0.1726904761904476,0.00206118379450117,500
6,5,5,0.8333333333333334,5.0,10.0,0.412482027243514,0.0012915219224075185,500,0.8356240462199119,0.0007408918942565177,500,1.498867565238274,0.01622264540711944,500,0.24007697541593598,0.0023784813804284804,500,0.285143908086258,0.0017697540268769355,500,0.390736707258858,0.0027242170325001342,500,3.5469035904769797,0.03706306283287272,500,0.014075014247923779,0.00014707564616222272,500,nan,nan,0,24.199152584793797,0.08612510904502448,500,14.234254153928,0.14878295993281052,500,19.381442050600008,3.180826134296276e-16,500,6.0,0.0,500,0.4556825396824815,0.012842876285435947,500,0.8954920634920859,0.013956380741232136,500,0.07594708994708808,0.0021404793809068033,500,0.14924867724866522,0.002326063456871916,500
6,5,5,0.8333333333333334,6.0,10.0,0.410982358731484,0.0012903667378444464,500,0.832855408635294,0.000615372840714561,500,1.050683364046618,0.0132257596676517,500,0.20548217762411797,0.0023283601588675296,500,0.251862136572388,0.0017693371453015633,500,0.441188209749228,0.0031269535986029706,500,3.0468062637873006,0.03676139366384767,500,0.012090501046774558,0.0001458785462850358,500,nan,nan,0,27.5711524442952,0.07877181967179932,500,14.50109651804736,0.1554675892841999,500,23.257730460699996,1.590413067148138e-16,500,6.0,0.0,500,0.401920634920623,0.013386585012923705,500,0.7981904761903954,0.015230303261150414,500,0.06698677248676857,0.002231097502154018,500,0.13303174603173432,0.002538383876858562,500
6,5,5,0.8333333333333334,7.0,10.0,0.40304336019003,0.001327811295950096,500,0.830433626494978,0.0004851111269352819,500,0.761996625343638,0.01224576905929879,500,0.17550556061473377,0.00197545525573935,500,0.224537927313352,0.0015904381091403814,500,0.48478731880498604,0.00324031242305731,500,2.66852526814554,0.028337324133720473,500,0.010589385984706502,0.00011244969894338134,500,nan,nan,0,30.9852741907834,0.0729322937553373,500,14.627617865211201,0.15839420145590452,500,27.134018870799995,1.590413067148138e-16,500,6.0,0.0,500,0.3714126984127038,0.01286313814799325,500,0.7336349206348693,0.015156999081930828,500,0.061902116402112496,0.0021438563579983284,500,0.12227248677245887,0.0025261665136548698,500
6,5,5,0.8333333333333334,8.0,10.0,0.401326011691414,0.0013984368488023922,500,0.828241943414916,0.00032446582820483904,500,0.543555219406822,0.010467108134287566,500,0.15293012504944978,0.0019078143117705454,500,0.20109929077876398,0.0016409631078606577,500,0.5269240032971759,0.003606324262340541,500,2.37504200961934,0.025245521973195188,500,0.009424769879442341,0.00010018064275084421,500,nan,nan,0,34.2858713347224,0.061554073907801925,500,14.29355145163354,0.15159053545201934,500,31.010307280900005,1.590413067148138e-16,500,6.0,0.0,500,0.32349206349208515,0.011871763493327797,500,0.6346825396825279,0.014874352429376814,500,0.05391534391534092,0.001978627248886844,500,0.10578042328041248,0.0024790587382289135,500
6,5,5,0.8333333333333334,9.0,10.0,0.40007775731987405,0.0013131449681982527,500,0.828239573056762,0.0002567831170617063,500,0.382966749410882,0.007599318027126027,500,0.1323595374274552,0.0017243706260777728,500,0.18128459013329,0.0015824694121937138,500,0.5633967479412381,0.0038203885935317867,500,2.1510926814694398,0.021830114909885668,500,0.00853608206932196,8.662744011860388e-05,500,nan,nan,0,37.870528389933405,0.05573365573310692,500,14.405835743815238,0.14930884252729887,500,34.88659569100001,6.361652268592552e-16,500,6.0,0.0,500,0.2866984126983823,0.011931635243127615,500,0.5651269841269777,0.015040077381234312,500,0.047783068783069184,0.0019886058738548076,500,0.0941878306878123,0.002506679563538377,500
6,5,5,0.8333333333333334,10.0,10.0,0.39789294837653,0.0012684418973984352,500,0.828988173341218,0.0002342876724501253,500,0.258023116066134,0.004146877855570136,500,0.1167126211425886,0.0017264635636961786,500,0.16538808188594498,0.0016334670095156263,500,0.594575273408026,0.004140061308065851,500,1.9943189787019602,0.020713040949339866,500,0.00791396420119856,8.219460694184136e-05,500,nan,nan,0,41.440621718576395,0.050352195976784364,500,14.31818433497114,0.1485985190504662,500,38.7628841011,0.0,500,6.0,0.0,500,0.26330158730155595,0.012241873793970308,500,0.519047619047563,0.01460342354614444,500,0.043883597883595624,0.0020403122989946076,500,0.08650793650792775,0.00243390392435771,500
6,6,5,1.0,1.0,10.0,0.41937261973126405,0.0015777545823462366,500,1.2156190165233802,0.0024418641360562203,500,9.926401874683538,0.1279686877274407,500,0.5249394454291557,0.00982311506126363,500,0.45847486002800003,0.005563390461094179,500,0.169536001919167,0.0044017078848022795,500,13.656260237873779,0.6084791793744668,500,0.0299479391181454,0.0013343841652954313,500,nan,nan,0,16.917924179601258,0.17671482672932134,500,16.23890608757964,0.18615932355417905,500,4.56113285371,0.0,500,6.578947368420002,1.1928098003611036e-16,500,0.9533508771929162,0.01841889646397961,500,1.8541666666666528,0.031731676327607275,500,0.14490933333333572,0.002799672262525971,500,0.28183333333334704,0.004823214801797197,500
6,6,5,1.0,2.0,10.0,0.42536655342295404,0.0014546784888653777,500,1.2413608658675204,0.0024022216163766745,500,8.38218097302692,0.06989764527885789,500,0.5015223681238979,0.006987832275474613,500,0.431853022955326,0.003998390432275519,500,0.1917177460224964,0.003433172859957379,500,10.078280803074637,0.25712858332554667,500,0.02210149298919614,0.0005638784722049597,500,nan,nan,0,18.5074720496404,0.1406001323821986,500,15.98087934059678,0.16621879819910465,500,9.12226570742,0.0,500,6.578947368420002,1.1928098003611036e-16,500,0.806938596491228,0.010919703722248255,500,1.599131578947308,0.017136131101126446,500,0.12265466666666058,0.0016597949657812302,500,0.243067999999994,0.0026046919273714753,500
6,6,5,1.0,3.0,10.0,0.418757515323056,0.0011327457456065076,500,1.25721838556676,0.0016339754557149263,500,5.404275278537081,0.04704284135174484,500,0.412016598008496,0.004635624725444601,500,0.36962820210141606,0.002738026292629098,500,0.2510974057017346,0.0029397013221795316,500,6.65394156569626,0.10785312076258191,500,0.014591977117755721,0.00023652000167224255,500,nan,nan,0,21.501565055774602,0.13093875369904986,500,16.369354656793558,0.1772731859048255,500,13.683398561100004,1.590413067148138e-16,500,6.578947368420002,1.1928098003611036e-16,500,0.6654649122806526,0.011777722761748908,500,1.3153596491227422,0.011544507189347911,500,0.1011506666666574,0.00179021385978657,500,0.19993466666665402,0.0017547650927796162,500
6,6,5,1.0,4.0,10.0,0.411677502957284,0.0009844011454108366,500,1.25870342891066,0.001030818506469729,500,3.25581556460494,0.03527729040969067,500,0.336488501497984,0.0031598475806022754,500,0.316225847510094,0.0018417018837889223,500,0.311177886719426,0.002444415332216073,500,4.82311758106718,0.05251893081251633,500,0.01057701223918386,0.00011517309388703868,500,nan,nan,0,24.770312875317202,0.11297821913628386,500,16.495734701686676,0.17317895899348584,500,18.244531414800004,1.590413067148138e-16,500,6.578947368420002,1.1928098003611036e-16,500,0.5825526315789,0.012140687687255916,500,1.1230526315792722,0.010698242444167522,500,0.08854800000001134,0.0018453845284643266,500,0.17070400000001537,0.001626132851512299,500
6,6,5,1.0,5.0,10.0,0.40541205792554796,0.0009632006978168944,500,1.2528462851362199,0.0006877683720986966,500,1.957324296470536,0.022449153716087855,500,0.27550442891638405,0.002513841951248573,500,0.27196460983218596,0.0014772862818182384,500,0.37189058372552997,0.002355588374666851,500,3.75195533970222,0.03489417760823098,500,0.008227972236189582,7.652231931634067e-05,500,nan,nan,0,28.089243406924602,0.09756816357931646,500,16.06767948909288,0.17617172577834317,500,22.805664268600005,1.590413067148138e-16,500,6.578947368420002,1.1928098003611036e-16,500,0.47335964912275985,0.012002008022731233,500,0.9471403508769961,0.012221028722463502,500,0.07195066666666869,0.0018243052194560547,500,0.1439653333333398,0.0018575963658168963,500
6,6,5,1.0,6.0,10.0,0.40455058158517604,0.0009718833689608893,500,1.24970145883638,0.0004835177872992116,500,1.325019659740692,0.01793328699365159,500,0.22887225257706,0.0023761297998291663,500,0.237042107280628,0.0014545198329855953,500,0.425910881454436,0.002764142243331669,500,3.14567897183334,0.03241007242271494,500,0.00689841879787934,7.107472022523253e-05,500,nan,nan,0,32.0210793370774,0.09111526959055735,500,16.23280814262798,0.1848282047425887,500,27.3667971223,0.0,500,6.578947368420002,1.1928098003611036e-16,500,0.44959649122798534,0.01284744017938722,500,0.873657894736538,0.013481935507714322,500,0.06833866666668123,0.0019528109072691235,500,0.1327960000000026,0.002049254197175018,500
6,6,5,1.0,7.0,10.0,0.40015643050273797,0.0009612808111531776,500,1.24781704732848,0.00047094273296563477,500,0.916216847585448,0.01581781195959098,500,0.192678963594582,0.002248039601668774,500,0.20939116305893402,0.0014294183588033074,500,0.474552026777972,0.003086280312615648,500,2.72521762575448,0.029786158074562745,500,0.00597635444244376,6.532052209332726e-05,500,nan,nan,0,35.9161492298046,0.0761245514442705,500,16.063805858417698,0.17580552090449222,500,31.92792997599999,4.771239201444415e-16,500,6.578947368420002,1.1928098003611036e-16,500,0.40515789473681696,0.0130715601906988,500,0.7668070175437649,0.014536515045291161,500,0.06158399999999832,0.001986877148986576,500,0.11655466666668167,0.002209550286885598,500
6,6,5,1.0,8.0,10.0,0.398031850199732,0.0009140215269367342,500,1.2471959596511002,0.00042003262518611586,500,0.631541208833306,0.012359383025740425,500,0.163720219452908,0.0018108445828752505,500,0.18672265424224202,0.0012810417681567259,500,0.5158416955531179,0.003154294493107692,500,2.40777984589702,0.022227846148573014,500,0.00528021896030056,4.8745276641575684e-05,500,nan,nan,0,39.9697434667758,0.06975181774983331,500,15.90254956948942,0.1771823360559285,500,36.4890628297,0.0,500,6.578947368420002,1.1928098003611036e-16,500,0.35783333333333234,0.011818957448337305,500,0.6860789473682863,0.014205764702264846,500,0.05439066666666357,0.001796481532147071,500,0.10428400000000626,0.002159276234746274,500
6,6,5,1.0,9.0,10.0,0.39780868541837394,0.0009266167842742784,500,1.24618429531922,0.0003967010378277801,500,0.45620061936409795,0.008379785445243487,500,0.13832697837087402,0.001797025549352833,500,0.16522187500397598,0.0013736219243438597,500,0.56124225553465,0.0036029344899905047,500,2.15976765115728,0.021498350158203724,500,0.00473633256832738,4.714550473291763e-05,500,nan,nan,0,44.3682769849986,0.061335450914637483,500,16.44638595194526,0.17232980232769085,500,41.0501956834,0.0,500,6.578947368420002,1.1928098003611036e-16,500,0.31923684210523584,0.011637922944420277,500,0.61752631578932,0.014545659637619064,500,0.04852399999999609,0.001768964287551781,500,0.09386400000000394,0.00221094026491999,500
6,6,5,1.0,10.0,10.0,0.395413309550346,0.0009605576772913166,500,1.2447238721009801,0.00033763062950148507,500,0.29791714249021006,0.004358799406425544,500,0.12096254152095401,0.0019457468658323493,500,0.15088746423261362,0.0015083144737534824,500,0.59340952080843,0.004050664544180621,500,2.0155706742248602,0.02298268537729424,500,0.0044201111276857205,5.040062582740606e-05,500,nan,nan,0,48.4674006139698,0.056045335566882785,500,15.96296547631804,0.17594157402282212,500,45.61132853709999,3.180826134296276e-16,500,6.578947368420002,1.1928098003611036e-16,500,0.27919298245619134,0.011987952325121145,500,0.5492368421052347,0.014736068456451869,500,0.04243733333334506,0.0018221687534186928,500,0.08348399999999759,0.002239882405380922,500
6,7,5,1.1666666666666667,1.0,10.0,0.425359353294948,0.0015438891576729727,500,1.67050212004758,0.002342420534278588,500,13.43606089160786,0.15622782668866203,500,0.6825908564080919,0.012380911600533697,500,0.490422864739558,0.0056114087157073415,500,0.1271535836637698,0.003751956706746494,500,21.24450220306294,0.9678893733262174,500,0.02810119339029622,0.0012802769488453169,500,nan,nan,0,18.28850555139422,0.18783602840795924,500,17.55334660525384,0.19734271754329588,500,4.95199280433,0.0,500,7.0793650793700005,3.976032667870345e-17,500,1.1093439153440054,0.01946176623596628,500,2.1539682539682103,0.03444356009874041,500,0.15670104633780618,0.002749083571446476,500,0.30426008968609786,0.004865345933230738,500
6,7,5,1.1666666666666667,2.0,10.0,0.42695455453526,0.00131626638074439,500,1.7087698519425998,0.002310535768472803,500,11.237694891822422,0.07730357542628165,500,0.6254357772964441,0.008939440868549756,500,0.44604853127775806,0.004045812336486135,500,0.1591139303807222,0.0031097667968730336,500,13.704592481166442,0.37568949682172964,500,0.018127767832233178,0.0004969437788648159,500,nan,nan,0,20.243474145413003,0.16835767077860342,500,17.500895935853258,0.19804538017413956,500,9.90398560866,0.0,500,7.0793650793700005,3.976032667870345e-17,500,0.9008042328041181,0.009982454505440474,500,1.772407407407374,0.016377279699481388,500,0.12724364723468723,0.0014100776543565338,500,0.2503624813153878,0.002313382558447169,500
6,7,5,1.1666666666666667,3.0,10.0,0.416430942082838,0.000985428935068719,500,1.7336366469689002,0.0018669684643013902,500,7.09315143671096,0.059047327256632975,500,0.504188928223138,0.005393549102017826,500,0.37729179130999796,0.00254982441515111,500,0.21751758896505902,0.0025139812781225274,500,8.235824644594361,0.13615709572945905,500,0.010893947942586319,0.00018010197847813318,500,nan,nan,0,23.2979306780006,0.14652755312989327,500,17.695018412063583,0.19866031398249367,500,14.855978413,0.0,500,7.0793650793700005,3.976032667870345e-17,500,0.732444444444512,0.010618099058959819,500,1.439015873015828,0.010097840738374825,500,0.1034618834080868,0.0014998660105712605,500,0.203269058295974,0.001426376606541543,500
6,7,5,1.1666666666666667,4.0,10.0,0.4092257818004,0.0008338140795501828,500,1.7430209312211,0.001054604176909243,500,4.194386428683139,0.04269955834287077,500,0.3919071652557581,0.0031505804208480158,500,0.31388670546923797,0.0015321865887504504,500,0.285519459100806,0.0019966762671278396,500,5.39423200070724,0.05082531968885235,500,0.00713522751416364,6.722925884772059e-05,500,nan,nan,0,26.9292199690622,0.11902690075535814,500,17.98279259384052,0.18192837604583414,500,19.807971217300004,1.590413067148138e-16,500,7.0793650793700005,3.976032667870345e-17,500,0.6154656084656595,0.011758323067069075,500,1.195915343915694,0.008775671572163675,500,0.08693796711509691,0.0016609290431053782,500,0.1689297458893812,0.001239612800551607,500
6,7,5,1.1666666666666667,5.0,10.0,0.40319790205740796,0.0007273531485987225,500,1.74181307221242,0.000649251883743278,500,2.446516341515156,0.027533432574478982,500,0.309838184155038,0.002692501063940698,500,0.26554234278642597,0.0013474334476759559,500,0.35116228163878394,0.0021836835861671765,500,4.03993172476278,0.038653095671654286,500,0.00534382503275508,5.112843342812632e-05,500,nan,nan,0,30.619852639138806,0.1098858254760006,500,17.64518491741972,0.19611649918276844,500,24.7599640217,0.0,500,7.0793650793700005,3.976032667870345e-17,500,0.5209682539682434,0.011751502904375438,500,1.02610582010582,0.011037939341040996,500,0.07358968609865174,0.0016599656568955378,500,0.14494319880419199,0.0015591708037802398,500
6,7,5,1.1666666666666667,6.0,10.0,0.39964306302103203,0.0007536275346176752,500,1.7389320937897002,0.00044291829631112287,500,1.594366936006206,0.0212104763298509,500,0.246361923020334,0.0019773333548053053,500,0.22670157223355197,0.0010701584481592693,500,0.412599468512174,0.002195152220538341,500,3.2075713277864,0.025595829623456447,500,0.0042428192166481405,3.385691749134864e-05,500,nan,nan,0,34.845026633584204,0.09608004986882755,500,17.81788464640134,0.19257222057543685,500,29.711956826,0.0,500,7.0793650793700005,3.976032667870345e-17,500,0.45969312169314686,0.011773199670710057,500,0.8944391534392,0.012313678658455892,500,0.06493423019431753,0.0016630304467590495,500,0.12634454409567242,0.0017393761333688608,500
6,7,5,1.1666666666666667,7.0,10.0,0.39716485546690794,0.0007428339114232964,500,1.7365633401729401,0.00037548644972698646,500,1.087288614473532,0.017295201069120473,500,0.207633588878672,0.002182495112737132,500,0.20034489700726202,0.001230698697903205,500,0.4613936991101,0.0027792777410049862,500,2.80382366072718,0.028817742595142862,500,0.00370876145598832,3.81187071364384e-05,500,nan,nan,0,39.0285723517778,0.082531223282538,500,17.5242852612404,0.1896012688434068,500,34.6639496303,0.0,500,7.0793650793700005,3.976032667870345e-17,500,0.41467195767196485,0.0124251780080935,500,0.8011375661375999,0.013676221131548724,500,0.05857473841553927,0.0017551260415008968,500,0.1131651718983374,0.0019318428952620145,500
6,7,5,1.1666666666666667,8.0,10.0,0.396231464636342,0.0007498439822272452,500,1.73359525315932,0.00031175813164429874,500,0.7959356616960119,0.01404425832261047,500,0.170514507575798,0.0019570988225292066,500,0.17497595318833398,0.0012286170695588391,500,0.5134682187624501,0.0031084421575769414,500,2.4360685803859194,0.025049322006511863,500,0.00322231293701834,3.313402381812792e-05,500,nan,nan,0,43.67017315401581,0.07231354937069256,500,17.99119814590032,0.18232144229932454,500,39.615942434699996,3.180826134296276e-16,500,7.0793650793700005,3.976032667870345e-17,500,0.35286772486774803,0.0116459122110457,500,0.7035820105821131,0.013929594258599354,500,0.04984454409566635,0.0016450503795868978,500,0.09938490284006479,0.001967633269711222,500
6,7,5,1.1666666666666667,9.0,10.0,0.395875190933412,0.0007403849362173952,500,1.73146097488554,0.00025691998061733173,500,0.53261907333297,0.009355635880744,500,0.14698730204487878,0.0019250473323399813,500,0.158258915588618,0.0012751938418834145,500,0.5498161982219361,0.0034121896190368894,500,2.2377641058807405,0.024029473666499712,500,0.0029600054310594,3.178501807738647e-05,500,nan,nan,0,48.17798116021021,0.06823510312987606,500,17.868065656488696,0.18925338764535796,500,44.567935239,0.0,500,7.0793650793700005,3.976032667870345e-17,500,0.3297724867724679,0.011638612784572018,500,0.6420476190476077,0.01376389968536575,500,0.04658221225709259,0.0016440192946816192,500,0.09069282511211042,0.0019442279824617736,500
6,7,5,1.1666666666666667,10.0,10.0,0.39349972572735603,0.0007035811225319126,500,1.72971388566648,0.00018033820216776638,500,0.367138801127448,0.005478947068607367,500,0.1287963919482524,0.0017780071706736693,500,0.1444329560114716,0.001284711472755683,500,0.582427968231398,0.0035771926129099046,500,2.0831981035251,0.022530379528241332,500,0.0027555530469911,2.9802089323060735e-05,500,nan,nan,0,52.710580626812806,0.06419817988185884,500,17.56454580331528,0.19882091854324438,500,49.5199280433,0.0,500,7.0793650793700005,3.976032667870345e-17,500,0.2833280423280206,0.010826996038792691,500,0.5879206349206367,0.013631192829157942,500,0.04002167414050543,0.0015293738799195685,500,0.08304708520178744,0.001925482395150119,500
6,8,5,1.3333333333333333,1.0,10.0,0.42550263578988007,0.0015397776849397729,500,2.16202319312902,0.001963532699256115,500,16.24670826917988,0.1726783075363533,500,0.7798595564304539,0.014238964814884205,500,0.494714544638634,0.005508380566381467,500,0.11061419332213526,0.003387893074491864,500,27.08038125834096,1.2684957118316067,500,0.023325048456795523,0.0010925888990798182,500,nan,nan,0,19.90513532872428,0.18933844965760568,500,19.162672588038497,0.1977455547430549,500,5.232830786799999,3.976032667870345e-17,500,7.503875968990001,3.976032667870345e-17,500,1.160565030146376,0.01942517565751776,500,2.275996554694422,0.03415548856724601,500,0.15466207529844234,0.002588685598987641,500,0.30330945821857225,0.0045517128359243994,500
6,8,5,1.3333333333333333,2.0,10.0,0.427965610122796,0.0012583273658876874,500,2.2088130045415,0.0023319080293864787,500,13.908616014182142,0.09070841511567013,500,0.7488320913244361,0.010214503008716553,500,0.460637644754638,0.0038105543843409586,500,0.1311850218780666,0.002605390754308442,500,17.9213349767159,0.4961708155686253,500,0.01543611970432204,0.0004273650435560946,500,nan,nan,0,21.8238220493382,0.16898832156091564,500,19.013997122557956,0.19751471597605053,500,10.465661573599998,7.95206533574069e-17,500,7.503875968990001,3.976032667870345e-17,500,0.97962446167085,0.00931637582785321,500,1.9303669250646218,0.015305340110744475,500,0.13054912764003582,0.001241541820035157,500,0.2572493112947898,0.002039657927980905,500
6,8,5,1.3333333333333333,3.0,10.0,0.419148305456936,0.0008718153958617278,500,2.25090895221958,0.0018556799901414042,500,8.942423287135579,0.06815553260938204,500,0.613887475606486,0.006012932782692896,500,0.392145055837374,0.0023190267172903452,500,0.18300883378174318,0.0020344375128676846,500,10.321174298291881,0.15798200292656042,500,0.008889900343059481,0.00013607407659482645,500,nan,nan,0,24.619679419459803,0.14897673695529662,500,18.728069887966303,0.20030132915167428,500,15.6984923604,0.0,500,7.503875968990001,3.976032667870345e-17,500,0.79619638242905,0.009547558617214489,500,1.5695090439277202,0.009127664274846282,500,0.10610468319559299,0.0012723502702681995,500,0.20915977961429802,0.001216393276298222,500
6,8,5,1.3333333333333333,4.0,10.0,0.41030617827913796,0.000664707782217336,500,2.2613732275801,0.0012506684802139605,500,5.02934984261344,0.05269789329436883,500,0.46099760756030195,0.003644397011763833,500,0.321359907137292,0.001476411743095028,500,0.254352054955936,0.0017829201311507735,500,6.28504962623254,0.06236389422793194,500,0.005413479436892621,5.3715671169597957e-05,500,nan,nan,0,28.217901711610402,0.13144123710894098,500,18.5851745399314,0.20680845232710618,500,20.931323147199997,1.590413067148138e-16,500,7.503875968990001,3.976032667870345e-17,500,0.6353522825151645,0.011327634640582425,500,1.274635658914844,0.007700704555753061,500,0.08466988062443138,0.0015095711452834729,500,0.16986363636369278,0.001026230255881429,500
6,8,5,1.3333333333333333,5.0,10.0,0.403856592832056,0.0005986993146772221,500,2.26597620925686,0.0008919867154645212,500,2.9567861347369,0.030822367263771286,500,0.344887820243246,0.0025404661406483093,500,0.264616986163614,0.0010691777887813804,500,0.32878517287702197,0.001784294676519488,500,4.37679897346072,0.03499984948861265,500,0.0037698526903194,3.014629585582757e-05,500,nan,nan,0,32.5307860255674,0.11027771896222682,500,19.0038134393943,0.19313150634958637,500,26.16415393400001,3.180826134296276e-16,500,7.503875968990001,3.976032667870345e-17,500,0.5459534883721435,0.011360955989921793,500,1.0872627045649739,0.00926310624186309,500,0.0727561983471077,0.001514011697003301,500,0.144893480257122,0.001234442877274763,500
6,8,5,1.3333333333333333,6.0,10.0,0.398218829695704,0.0005922266113866883,500,2.2637904203684402,0.0007596579893706191,500,1.855819998406462,0.022831076243213514,500,0.275680482790932,0.0022979910664064876,500,0.22701938039060798,0.0010140275099203813,500,0.388733789010834,0.0020621369472976015,500,3.49245463275142,0.029852349365534,500,0.00300814352519514,2.5712617885900712e-05,500,nan,nan,0,36.8131933484056,0.10368434499333583,500,18.76924020768218,0.21244189694551371,500,31.3969847208,0.0,500,7.503875968990001,3.976032667870345e-17,500,0.48521963824287434,0.011743857475879436,500,0.947131782945998,0.011430664687279496,500,0.06466253443526666,0.0015650388578396168,500,0.12621900826445118,0.0015233013891084311,500
6,8,5,1.3333333333333333,7.0,10.0,0.39604248674987597,0.0006007313851794856,500,2.2590275923943994,0.0006518097693312842,500,1.2806486983713798,0.01901942064404924,500,0.221536015888546,0.001910890240698884,500,0.196234134471662,0.0009522402320818466,500,0.4459217627355,0.0023480963815576752,500,2.9079602951831003,0.02391516964737466,500,0.0025047030966261403,2.0598767999461933e-05,500,nan,nan,0,41.314404106093406,0.0896655167577506,500,18.6759779164122,0.20197602949204735,500,36.629815507600014,6.361652268592552e-16,500,7.503875968990001,3.976032667870345e-17,500,0.42314211886306147,0.011414492333070346,500,0.829750215331892,0.012646044416861861,500,0.056389807162539586,0.0015211461890144724,500,0.1105762167125688,0.00168526831588165,500
6,8,5,1.3333333333333333,8.0,10.0,0.393767958791624,0.0006110606999638909,500,2.2539664896491405,0.0004884183646200067,500,0.90182341307265,0.015248613434918191,500,0.18261253583178597,0.0018205319014105122,500,0.17206472946030998,0.0009694539097082351,500,0.496525584029814,0.002613074885156181,500,2.52641499992058,0.02141433404861696,500,0.00217606804472058,1.8444732169360366e-05,500,nan,nan,0,46.020009656362,0.08138166614740172,500,18.63361129913764,0.2073476395498582,500,41.862646294399994,3.180826134296276e-16,500,7.503875968990001,3.976032667870345e-17,500,0.3755762273901882,0.010992624108179918,500,0.7348699397072259,0.0126084390899966,500,0.05005096418733127,0.00146492614664775,500,0.0979320477502298,0.0016802568621993815,500
6,8,5,1.3333333333333333,9.0,10.0,0.39314811025050206,0.0005589193192848993,500,2.2505715340390196,0.0004134760668683708,500,0.6433686339138519,0.010810931839679239,500,0.15526086072785938,0.0017107801011831268,500,0.15348719391767,0.0009906590043439534,500,0.538558755918844,0.0029101581032207452,500,2.27344861744346,0.01945543265979569,500,0.0019581814103734,1.6757478604475186e-05,500,nan,nan,0,50.9450926181704,0.07381655039936322,500,18.95519952292954,0.20435098929200496,500,47.095477081199995,3.180826134296276e-16,500,7.503875968990001,3.976032667870345e-17,500,0.33543152454780056,0.010722934280628926,500,0.6592868217055468,0.012091474024968966,500,0.04470110192837882,0.0014289860766540344,500,0.0878595041322349,0.001611363790515986,500
6,8,5,1.3333333333333333,10.0,10.0,0.39306808099317603,0.0005754325939543564,500,2.2468586523946597,0.0003063052136160671,500,0.44455937816708796,0.0061246573441532315,500,0.1338470318968,0.001731240641606958,500,0.1385471439873956,0.0010671728940736737,500,0.5761032427589621,0.0032421105878306495,500,2.09482821340398,0.019479824601448967,500,0.00180433093316442,1.6778488028807976e-05,500,nan,nan,0,55.7287643660104,0.06545568863024202,500,18.6884906530454,0.20180363917166147,500,52.32830786800002,6.361652268592552e-16,500,7.503875968990001,3.976032667870345e-17,500,0.2971335055985959,0.010386604328205828,500,0.6073936261844046,0.013055266121584834,500,0.039597337006423455,0.0013841652462169807,500,0.08094398530762933,0.0017398030265329452,500
6,9,5,1.5,1.0,10.0,0.43436420908177,0.0016841081338948385,500,2.6922477901277997,0.00170017026381189,500,19.38733394974288,0.1882892455320415,500,0.971282826651972,0.017189410838923686,500,0.5327259591279639,0.005764998749204064,500,0.08148983119078715,0.0028815109068786055,500,44.79884904674776,2.2164505512286237,500,0.026890065454229537,0.0013304024917339178,500,nan,nan,0,20.693779160783663,0.2111348840904781,500,19.892462132270623,0.22127116743023942,500,5.50775218521,0.0,500,7.858343337329999,3.976032667870345e-17,500,1.3436806722688526,0.020598938316672453,500,2.6096542617048097,0.03590072607860546,500,0.17098777879621588,0.0026212825569483698,500,0.3320870760769642,0.00456848530758921,500
6,9,5,1.5,2.0,10.0,0.436649716762198,0.0013762515396952251,500,2.73903270350634,0.0021857852452855328,500,16.12765364427496,0.10133337453121491,500,0.925872812839886,0.013524927682516374,500,0.49185547532225,0.004281860629526413,500,0.10264165217283579,0.0024510709071527597,500,27.20377297408614,0.86997653594717,500,0.01632879530257276,0.0005221947994880625,500,nan,nan,0,22.8931613576542,0.18929579701750718,500,19.889310556571996,0.22406091035355527,500,11.015504370399999,7.95206533574069e-17,500,7.858343337329999,3.976032667870345e-17,500,1.0928475390156,0.009160827885028802,500,2.13835294117644,0.015974324035597277,500,0.1390684387412216,0.0011657454366372439,500,0.272112435074848,0.002032785200375468,500
6,9,5,1.5,3.0,10.0,0.420783309919238,0.0008253387985794738,500,2.7848269396294,0.0018945162139856339,500,10.588149764667179,0.0726354798809296,500,0.7183103778443181,0.007558144285638477,500,0.405192342921614,0.0024283920581597077,500,0.157960645294512,0.0019595722267695967,500,12.825047879067919,0.20977860689360628,500,0.00769810797062928,0.00012591753114863408,500,nan,nan,0,26.115082695289203,0.16323525875884054,500,19.958437329021216,0.21901833024986136,500,16.523256555599996,1.590413067148138e-16,500,7.858343337329999,3.976032667870345e-17,500,0.8476614645857581,0.008891773391458819,500,1.6794189675869402,0.008349174666315545,500,0.1078677054690084,0.001131507368635968,500,0.213711579590608,0.0010624598987228544,500
6,9,5,1.5,4.0,10.0,0.40764544641426,0.0005749616569739159,500,2.80571916326558,0.0012978525149064482,500,6.167560944242579,0.06151030310366582,500,0.5277757195581321,0.004070309355726037,500,0.32746838731824,0.0013652823545123908,500,0.22958393426792,0.0015778870397567377,500,7.1776070436694805,0.06758547994935984,500,0.0043082875412182595,4.056751497560374e-05,500,nan,nan,0,30.216275838780998,0.1370955307668183,500,20.37542444139244,0.20939293567372197,500,22.031008740799997,1.590413067148138e-16,500,7.858343337329999,3.976032667870345e-17,500,0.704220888355362,0.010671734515684605,500,1.36132773109238,0.006825847104680922,500,0.0896144210204776,0.001358013267882985,500,0.173233424992358,0.0008686114632136189,500
6,9,5,1.5,5.0,10.0,0.4005854723232845,0.0006093242677039062,341,2.8147956971136656,0.0008850084413178246,341,3.517104203396159,0.04692578926632052,341,0.38939009318976253,0.003097409228483445,341,0.2682223647857947,0.0011384445729854386,341,0.30476330907944577,0.0018700987800418867,341,4.795281799010938,0.04076349106576802,341,0.00287832040756956,2.446788179217352e-05,341,nan,nan,0,34.34357021866129,0.14652091649390822,341,20.147977294797393,0.2569946314437401,341,27.538760926000005,3.853459024203974e-16,341,7.85834333733,0.0,341,0.5683939264855264,0.01328330908573426,341,1.1362457006261877,0.00975262561379222,341,0.0723299940058825,0.001690344709505268,341,0.14459099734520853,0.0012410536413520296,341
6,9,5,1.5,6.0,10.0,0.39674199107307845,0.0005549689700024554,433,2.817342068767113,0.000536333576036949,433,2.1707556220785658,0.028036254833696192,433,0.3047731884725335,0.002661733191453214,433,0.2280033610725358,0.0010255100303574228,433,0.36846744625951044,0.0021339227961172146,433,3.7347032459997687,0.035068262018631564,433,0.0022417186350539723,2.104937696196357e-05,433,nan,nan,0,38.73633544072055,0.11500656313409091,433,19.777789984671752,0.2306619400726784,433,33.0465131112,0.0,433,7.858343337329999,4.273250414185697e-17,433,0.5061146860592419,0.013629786114167302,433,0.9878038975404826,0.011616376439493129,433,0.06440475610866303,0.0017344350493582606,433,0.12570129035308844,0.0014782220553162645,433
6,9,5,1.5,7.0,10.0,0.3947876505713333,0.0005256640263913712,438,2.8170679613714387,0.0003961452316102717,438,1.5028548756395,0.023699467603963645,438,0.2465139262139178,0.0023750528125418067,438,0.19829460997442008,0.0010182195131837745,438,0.42182390786248863,0.002489330443731233,438,3.11996564261847,0.029037209185185688,438,0.0018727284769619178,1.7429297230022437e-05,438,nan,nan,0,43.652239774807995,0.10217654953476293,438,20.013991031272784,0.22985981434473884,438,38.5542652964,0.0,438,7.858343337329999,4.248733571498597e-17,438,0.4663207748853389,0.01273486277009848,438,0.8862202415211028,0.012373746341267774,438,0.05934085021073153,0.0016205531144958011,438,0.11277443647834384,0.0015745998628603145,438
6,9,5,1.5,8.0,10.0,0.39310892130344166,0.0005252277306603664,437,2.815088780691442,0.00034082497916600185,437,1.050442837476428,0.01865417625568371,437,0.19814205930584897,0.001927220178697817,437,0.1720297999823753,0.0009258561398905006,437,0.47663607828065674,0.002555389736923008,437,2.639321363141213,0.022640980926147296,437,0.0015842265084879178,1.3590024565520688e-05,437,nan,nan,0,48.51922092924897,0.08964580316896667,437,19.87024274839398,0.2211869849021476,437,44.06201748170002,6.805765090839708e-16,437,7.858343337329999,4.2536031817748176e-17,437,0.39809241774512527,0.011110038640987965,437,0.7775073416094006,0.011768211965651119,437,0.05065856767211892,0.0014137889074156821,437,0.09894036290264531,0.0014975436247162495,437
6,9,5,1.5,9.0,10.0,0.39156269275979866,0.0005279996534189248,432,2.8137008083175234,0.00034136931927989967,432,0.7347262606133819,0.013535877253097527,432,0.1635893389530213,0.001846803134495852,432,0.15141842305205555,0.0009833495200757473,432,0.525697873980882,0.0030087942110483376,432,2.3202647938943053,0.02084039075795747,432,0.0013927159627218262,1.250923815003727e-05,432,nan,nan,0,53.63364566790464,0.08547672555125259,432,19.97146254807942,0.23447413210612555,432,49.5697696669,0.0,432,7.858343337329999,4.2782049090835985e-17,432,0.3339891512160642,0.011166515751716692,432,0.6798941798940609,0.012850495758286434,432,0.04250121646241373,0.0014209758052512167,432,0.08651876746896782,0.0016352677920343794,432
6,9,5,1.5,10.0,10.0,0.3906191008149608,0.0005379282754373369,485,2.810676693714227,0.00031600058492400526,485,0.5035550617671917,0.00656262737951959,485,0.14713070262029795,0.0019677789808379424,485,0.13961390217746744,0.0010557008080884377,485,0.5524720643223031,0.003322566588889047,485,2.1855991899780416,0.021135981911119053,485,0.0013118842676937837,1.2686663812189006e-05,485,nan,nan,0,58.59204635417979,0.07201944868807318,485,19.449384118029073,0.2214077411396354,485,55.077521852099984,6.459479416000911e-16,485,7.858343337329999,4.0371746350005693e-17,485,0.3384834346109499,0.011231304621463977,485,0.656774049826133,0.012448413656145692,485,0.04307312878566203,0.0014292204017233418,485,0.0835766549809322,0.0015841015239185011,485
