# Single-species disordered Bose-Hubbard chain
# H = -t sum_<i,j> (b_i^dag b_j + h.c.) + U sum_i n_i*(n_i-1) + sum_i eps_i*n_i
# L=6 N=6 nmax=2 dim=141 t=1 U=3 W=5 naccepted=300 nrequested=300 nattempted=300 nskipped=0 boundary=periodic mode=full
# Each column is one accepted disorder realization.
# Incomplete POLFED realizations are skipped, not padded with NaN.
# POLFED target=middle, requested howmany=500.
10.976168856796573	0.6703752089289061	-18.244746462299297	3.582342867736479	-7.017854239713076	-4.945683673734343	-12.677155527503661	2.347460603019323	-5.056682032237609	0.5434505767726439	-10.26326722829548	7.547869911380076	-5.533148356701563	-6.928619154764586	-11.537439470391094	-5.424058882162382	-16.377940511840485	-10.699196537641015	4.302196521443133	-12.081535898913172	-9.710769181573811	-11.512161791329953	-6.8364681146750135	-9.19585521832411	-11.240563653585435	0.8297456465132604	-3.8352384002807147	10.130205951847671	-6.939920543216163	-2.605478563989089	-0.39269087537311975	-12.46519853312088	-0.8090431562849099	-13.232877057242412	-11.698424325207448	-2.3797785073000135	-12.748320776669024	-2.5594089064659498	-5.448102897223607	-2.954398458510038	-15.315199858570061	-11.539484907849317	0.10508118387080145	-15.181575523827714	8.228380411815579	-2.45418747812181	-16.18771012055133	-14.280502497020517	-16.501262263002776	5.764630752160365	-11.551441702268392	-2.2555354900976847	-2.376189700430416	-13.527390111468375	-4.904272167344266	-12.08589291394787	-11.057613225867192	-5.213111231873674	1.3426754403156451	-7.17667691969244	-10.1371134368698	1.5485094959661292	-5.077034466417257	-13.94196324679219	-19.486830773231105	-7.902178447923236	-10.543851776452808	-10.936794462834655	-6.315856202948881	-5.851535561563843	-16.993630276077358	1.2793890760822761	-20.611184590996373	-12.372916494936554	-4.447272076391867	3.698543059826367	-4.281177612908338	-18.56792362526863	-13.25180177589445	-5.744231312948315	1.8225957040950922	-17.151894529309192	-5.937628597996663	-7.995774318083644	-4.289087660270407	4.440340482140498	-10.457140527167555	-11.813148830938012	-1.0190638454282446	-7.093811190561656	-1.8145386592771118	0.006247469070081486	-13.177277540906946	-17.010282253258595	-10.390206147592263	-2.437963302878922	-16.8663907722024	-12.301520579756442	-12.24743293123582	-19.50480298846064	3.131542430962942	4.484684949452223	-15.523450702569079	-14.565931128437416	2.9289882937066665	-13.99989764232488	-8.312938946342122	0.9212897554137799	-8.495230482292799	-1.038876260595325	-6.639229488876806	-16.777403996079208	-2.1708156658018503	-10.001436338840282	-10.491889124330198	-4.268315262756226	-8.937453321560607	3.8701602102577795	-10.499146890559604	-9.953121176933658	-19.425593455014628	-14.972767393251248	-16.717439266789988	-10.66163904595521	-7.886008481339966	-3.2560478584031465	7.0460151466678616	-22.347416375219243	-3.7649476928736005	3.6728432801558157	2.166552960642417	-5.0495213483940455	-0.02364464507528386	-16.298780977370413	-8.857171402332437	-15.045272162472209	-12.193361115967235	-19.382470421231524	-24.414468178368594	-6.514731133679147	-6.013006929070971	-9.270564788790512	-16.609915161634774	-0.28013253866892807	-4.673294129585188	-9.360727183450201	-9.956628596016225	1.0798075619224523	-1.7979732640253396	1.7587021668302576	-3.3454434028104916	-10.384554734043636	-3.9905125182218857	-0.6656558949737565	-4.637130611946247	-4.94638087303926	-3.314628214309433	-2.3618951067949925	-5.405057489196758	0.012921597247987427	-1.746967481751488	-1.73911732014961	-16.203229608385882	-14.791900775513525	-10.996615184656022	-2.7923410496175904	-12.77144567458689	5.371595327923974	-11.533009321971326	-2.5802956099962984	-15.156209501224755	-7.506036428185958	2.814904645748281	-20.06277335563237	-14.543642978554583	-18.518010982142474	-18.833323610163394	-7.12051476062463	-9.855934704790942	-6.2184430322205975	0.7917380159167349	-2.623180691877036	2.3652566949391027	8.410464327461483	-3.1453340039155875	-0.786480418598166	-3.478090515759752	-4.730806639049199	-4.09505825715998	-3.533949957914089	-7.870833290367095	-2.1164614638626134	-18.47831345724124	10.599010704374702	-7.248897074848328	1.718471523046453	-11.097389137730755	-12.144012549471723	2.572039597291884	2.7713480383602778	-7.806103579253679	-11.751079837274023	-7.309974378640854	4.677320966680863	3.8315763443632136	-13.257526188519034	-7.350431252646175	-13.988967632683103	-10.16230678336436	-10.689405853889694	-9.383890978608658	-6.670395885522876	-8.119245998426733	-13.356035804799387	-7.846781279236798	-14.55344167232788	-12.629357733779084	5.24668410281609	2.876726709334484	-14.070208965794219	-10.358330871365865	-5.496193817481038	-4.172406089037248	-23.880357260434646	-13.167056788462887	-12.449481106719382	1.9753922409051141	-16.108962943434417	-1.1994248906866112	-16.322349806730553	-12.948002962518638	0.644137946864209	-8.300687012625094	1.2834259089715787	4.655995651950683	-10.040386110594248	-14.248739783531239	0.4836653352872746	-8.037077521038988	-11.115077137045338	-9.26844788420205	-6.76285543716112	-4.288481390164939	-16.779708325378888	-12.440638439330215	1.3934115828034805	-8.203995452212183	-13.061454162275222	-15.608627898469507	-14.765057174843037	-4.627571928509755	-8.905772280945545	-12.80676424342634	-12.440340125068845	-2.584329702950489	0.0861287938679714	-8.751905340853385	-4.3146957194674895	-5.023156027146428	-12.810473757200937	-13.93403100373211	-8.733996461731195	-11.072063947223942	-2.2343910551307573	-18.957786585015125	-14.892814293079052	-9.849186045181447	12.517380784578116	-5.541786261484253	-14.599278699956866	-5.642177944250076	-12.390408907219047	-5.016499924890571	-11.044753086230907	-3.4210597364893864	-11.315496650272111	-4.843107855808171	-11.503106344931918	-14.981333186700962	-4.564472620102748	1.7479158203189442	-2.3998132635602083	-2.979637647525198	-11.673415971602632	-14.119913922778244	6.073418438631035	-7.025875324035584	17.353095302263775	-11.417392530860905	-8.888766169119386	-3.6589910716518337	8.57843524084398	-2.5512940419299373	-17.99946835115921	-18.46933767247299	-11.508458693948912	-3.109472344162887	-4.4734141104888785	-8.970701372980583	-9.797372991195395
13.782273616894988	3.3104336641079244	-16.011944575586487	5.766207853513019	-4.387601906097473	-2.6351299979137095	-10.348668655357878	4.8710108560846	-2.7589184345218745	2.742353671342606	-7.73452817959148	9.276825226616818	-3.152411077205781	-4.337542021371734	-8.858710708961624	-3.1224629462818174	-13.636412568113847	-7.890329567329126	7.441669858498015	-10.108967664896092	-7.386002593420695	-9.209375575757523	-4.462758015453035	-6.935763033190382	-8.97142195476325	3.2077283345998504	-1.4098958640526353	12.315643615782328	-4.5419429672041325	-0.3339444428945833	2.0395659037493443	-9.93199216634559	1.8271500675717693	-10.994934574664756	-9.420772524137824	-0.23049044726516113	-10.286146966383372	-0.3223937254843529	-3.1528856190067964	-0.4962691307011728	-12.94035278474441	-9.164327523988378	2.3592533320144176	-12.884892975201867	10.76023126856493	-0.2117235310652596	-13.728017960385959	-11.83494184259014	-14.225601896507106	8.388884936898187	-9.252852505012847	0.5285492009718296	0.9582179818603369	-11.437774694139854	-1.8285264882089367	-9.751825459493215	-8.638281673921389	-2.7856805989725815	3.041810775462828	-5.273655117290321	-7.430678501639593	3.72265514825906	-2.5997487673196664	-11.13756350011619	-16.93092845795854	-5.918030050578358	-8.194376814971317	-8.71942649719665	-4.093586730636041	-3.594037005479283	-14.593479235093259	2.9628817180481875	-18.663344462777903	-9.981449783023283	-2.168742391234335	5.868023012116557	-1.7085664267418086	-16.319131765251928	-11.070007900245736	-3.6872119964735206	4.049268299977217	-14.504617242204786	-3.56913271430936	-5.89611479131014	-2.39125682254632	6.509100207702289	-8.267457248471706	-9.68889821629183	0.8854937805917249	-4.727285042251726	0.6102602215409423	2.404025090304538	-10.700624699337034	-14.322384626362947	-8.061637996938572	-0.07839828355084712	-14.52889826519079	-9.901187488500865	-10.045361559920815	-16.94345322766234	5.379217031543576	6.715296954044418	-13.1461544176934	-11.860640955747972	5.079480521881996	-11.875751798866618	-6.355513458941844	2.789662185462731	-6.536881766593519	0.7767395292882805	-4.5562153488094275	-14.272470532102242	0.20582838686608085	-7.800562860850771	-8.267742895116701	-1.6953227615017363	-6.828716709969269	5.740538533690868	-7.852338376183294	-7.54475123343718	-16.946700560499174	-13.04594009087198	-14.412758561239372	-8.052172461686231	-5.647459798509846	-0.6777286241802918	9.18702369041728	-19.710212086002688	-1.399195708117595	5.959499376596047	4.543787006709178	-2.8494428387942774	2.46818487140898	-12.631618719095973	-6.790492853650349	-13.05154561256533	-9.702107871247927	-16.83318157383361	-22.20705649335015	-4.368380354032957	-3.54611074535777	-7.221849946946192	-14.056401975996707	2.1923034382746174	-2.9015761813617758	-6.887257915218335	-7.228252420132824	3.3761224607550835	0.6217508353522745	4.447901020760867	-1.0714910160614188	-7.45842818321315	-1.8183311096850963	1.8191570165773057	-2.27456182848267	-2.411295831746571	-0.881268133848053	-0.49329947877844094	-3.1510899253956093	2.4361261054571495	0.1732330012113099	0.5846356705506857	-13.95276923252262	-12.489675097862031	-8.765998095964257	-0.5862639406459549	-10.74896984311801	7.437648715703826	-9.634966995200235	-0.5675566388556847	-12.684239018772098	-5.161247707457732	4.824932938791138	-17.901376764309056	-11.958216015147675	-16.206909885702586	-16.582373962857606	-4.803976772815565	-6.783144216186874	-3.7170320247627986	3.1156285441828464	-0.09005132417301856	4.8343809673764	11.370937979232673	-0.9682075948599149	1.4044696907524037	-1.487559569711746	-2.513773829582707	-1.3936003920945477	-1.1055655543889957	-5.532472989516452	0.4045510288350176	-16.01043740417722	12.974423075146937	-5.141830752518857	3.5611510862599047	-8.264523415282037	-9.366068203730746	4.830020292675399	5.003046704131084	-5.956183814362188	-9.047976299301057	-4.535142995359111	7.180954694072125	6.180456575951677	-10.736061615792066	-5.118291406439746	-11.751715838830313	-7.815715905804723	-8.361741949583596	-6.298344120809192	-4.112884504927045	-5.918727680997426	-10.698618152157893	-5.85635035011818	-12.243948859114465	-10.380421137818754	8.430484268386493	5.139588520998093	-11.459882434989913	-7.929850382019192	-3.0936003490275783	-1.6587898656414108	-21.590456881588068	-10.826283936052612	-9.767160921380048	4.249205513766727	-13.770587618882422	1.1573604910099429	-14.378638287345328	-10.595978857428427	2.6875439930735294	-6.09439521279659	3.3805327560665144	7.197162770116255	-7.655804539022764	-11.696608495370395	2.7012439333567	-5.530598517338458	-8.247778424913914	-6.773557046746608	-4.447061876333452	-1.9194396459367526	-14.654099991490476	-10.02338159942323	3.310643428673343	-6.223085871009722	-10.531250848013473	-13.380221775299546	-12.53396823412972	-2.719928747819915	-6.888421002992693	-9.823464977995098	-9.294078814364092	-0.5299072915374222	2.294809746737955	-6.732121924565933	-2.212704774259258	-2.729454450559834	-10.64880708174399	-11.633754566242603	-6.8350927548122815	-8.494335665624874	-0.07404514106267497	-16.840227432854835	-12.19289737456112	-7.146240959453171	15.628337480925865	-3.2127103285618954	-12.21520671016528	-2.180377404017393	-9.964223263731187	-2.592800585562767	-8.957416410005669	-0.4523020591061919	-8.617592821710202	-2.6716705269974543	-9.641271615507323	-12.476748086956643	-2.3436176507460464	4.51699748069394	0.22348436863132187	-0.7334598647078167	-9.325536639415207	-11.475326936735268	8.334618254333455	-5.038604913890356	19.759031393340464	-9.150164393871302	-5.837544104023677	-1.5179808407567377	11.207606288079306	0.3651034839193651	-15.474463299141561	-16.23910428242983	-9.251587679427075	-0.7631005660068468	-2.399616508353965	-6.334323066364987	-7.141772728012465
14.466484106200717	3.7205691962990857	-15.420120601306397	6.504793889629808	-4.119128902634633	-2.1588841657105124	-9.60633384863359	5.408652211321512	-2.3513825486997817	2.8423036296472195	-7.610428972245678	10.057874868933492	-2.911404795863781	-4.134635858093935	-8.339576023052317	-2.375929346241416	-13.54626724717744	-7.585086313409208	7.705220302560268	-8.87743020852965	-6.932831649567182	-8.65595971450864	-4.324430745693331	-6.368255766507701	-8.291793120034201	3.8453210452062434	-0.6858429308150752	12.993735130771604	-4.29209892951375	0.23258201470771966	2.352964680778226	-9.401097520312717	1.952793451126795	-9.906494981602856	-8.840666552757058	0.27371687754200713	-9.906136516480933	0.11325545345722364	-2.8170022618753814	-0.044986266267972363	-12.715347197563165	-8.579420128276182	2.6417904224823845	-12.559880012850169	10.83061967550898	-0.03428028089165705	-12.79779477301576	-11.685445005265843	-13.54947760053956	8.704287038393359	-8.53103862323568	0.8229974204358195	1.1976760163409137	-10.430564629280465	-1.7054680705416305	-9.041827384362442	-8.185019381956366	-2.130493629552855	4.124527909280908	-4.426459681863418	-7.238319449870625	4.570253949888739	-2.018349360901639	-10.913978672033345	-16.59756940592497	-4.609583516933553	-7.947274087279237	-7.72492840232982	-3.336858560630995	-2.8958937822398276	-13.864321596399645	4.5435482720078735	-17.598792007485137	-9.285170385131067	-1.4398551179978063	6.0940384218124155	-1.5776135767238368	-15.193497041299784	-10.306624445277983	-2.8065155319316566	4.600426117233324	-14.247956844508417	-3.162851206760892	-4.837687362016628	-1.7320776418757986	7.1459513233783225	-7.6387039675837896	-9.171840640291638	2.0001080725298017	-4.537380823427518	1.368934725939376	2.5217929860405666	-9.860042166948178	-14.182415655234303	-7.468819643750734	0.850725682441648	-13.399633805048198	-9.405317568910979	-9.388862333301947	-16.45943903340186	5.969748434851106	7.3062986804698244	-12.800925309093705	-11.276107957056361	5.743450617742442	-11.070029276691447	-5.636715903884443	3.660947212149443	-5.6892202399777325	2.044589259568647	-4.029495919065883	-14.033866485281306	0.7611756352889951	-7.421964381312089	-7.4853502768095215	-1.482209916312796	-6.131577822809556	6.545347008175501	-7.573079680230637	-7.0362586431230545	-15.850948358270921	-11.705756412991194	-13.850914365570064	-7.760079457888971	-4.988941427846488	-0.6594079551598875	9.85140460575499	-19.579811928063087	-0.9061453080994619	6.16815869334289	5.117987650132873	-2.2235132162989015	2.7347809950604876	-12.521893569241467	-5.56058038734687	-12.142762398250474	-9.469310707205254	-16.657994023292378	-21.648406492459856	-3.655510347015396	-3.1236999171397826	-6.658915710759644	-13.694870328236828	2.4185240245954844	-2.1444717118218004	-6.430801159043727	-6.638184978891698	3.867998496636118	0.928407923661727	4.814664907134327	-0.44629986358378215	-7.232854814752557	-1.2418268671438675	2.654364593659782	-1.9583536577996192	-1.763133858520136	-0.43118461414218257	0.5287824002730551	-2.5862050558986494	2.6733320949375408	1.1192535471953435	1.2169589260160973	-13.146262743564588	-12.1892124529374	-8.038784589467967	0.14068249515720554	-9.746020168580817	8.383988569499627	-8.314460253721125	0.21900326871202733	-12.301362068772342	-4.484390813555466	5.827201891224825	-16.809969392156127	-11.683751543177422	-15.253909666963901	-15.842500903462984	-4.4848862366224544	-6.6208142080002155	-3.0803065929716738	3.3937855345314554	0.3128863724709224	5.556752063726481	11.813796102544414	-0.1462879173763625	2.3358972021327986	-0.48669662035649336	-1.6168239203613233	-1.1329426538672682	-0.4731181715549139	-5.025991764543712	0.6212136970068064	-15.75767346656189	13.38409129240032	-4.242321645311553	4.404558509367933	-7.743180439012303	-9.059806635984353	4.906573307802618	5.639722564986051	-5.331762059786385	-8.740180852460444	-4.250030964709474	7.318074913835821	6.755564713545413	-10.028343712490289	-4.311649927076397	-11.362785103082308	-7.478490911523658	-8.059433576787589	-6.023646148529208	-3.7757323827521954	-5.712846275908584	-10.230180058193111	-4.9793211588521435	-11.717832327570692	-9.39145480686222	9.062427226037311	5.666890713824544	-11.26169400323215	-7.4364417142421235	-2.439514894568038	-1.5396768715908693	-20.514445432422026	-10.122908411727538	-9.211519347784352	4.4438706672461965	-13.146069373264114	2.2230987393544908	-13.187027048633139	-10.295279709060807	3.390702214804234	-5.398559424158054	4.09242133052706	7.429965264620917	-7.166231773134343	-11.35569646566359	3.323959381808571	-4.694789229337189	-8.010666095227691	-6.58252325599696	-4.148324224373947	-1.601395181891838	-13.755251243718625	-9.382563876347872	3.59275266898255	-5.112375065169955	-9.969886432242362	-12.664558429636068	-11.393214687760317	-1.7445233410401686	-6.258481251120004	-9.441035547972145	-8.749317315456405	0.2605910974427639	3.051976455554446	-5.673965156190788	-1.4341079590471624	-2.4458641179295357	-9.332463717220268	-11.414499275862381	-6.070333875488599	-8.213313917149822	0.5770972786717986	-16.102961769369546	-12.037330478689123	-6.85861347720837	15.947131038025951	-2.9332697979675704	-11.71850996880542	-1.8981278805388664	-9.594126599967788	-2.1557894698112863	-8.17600261800454	-0.283342990813924	-8.47241311478825	-2.1114867705119456	-9.04550911587507	-12.111835657999134	-1.5805599132824248	4.91614781068003	0.3006607140405215	0.2392930115214599	-8.642707994472877	-10.892736932776467	8.803961795270759	-4.245551331601987	20.49977902818848	-8.389118942902847	-5.670140328514463	-0.9948444767179375	11.435691943561586	0.6497720253463714	-14.501700000223119	-15.691237736932226	-8.441086588801188	-0.1938420752551985	-1.4944209840598177	-6.025098748772408	-6.7740119492696245
15.395786699623008	4.8046292166684745	-13.830172704352268	7.644035678587977	-3.5223411672465383	-1.3155638323140557	-9.087901835709006	6.859225811687267	-1.330983806008652	4.588561009196513	-5.884204662804169	11.574331255630085	-2.228858966790016	-3.6103771306853574	-7.573994546170706	-1.5552440316819778	-12.765925712839296	-7.025255641053391	8.488456979632451	-8.115197187685062	-6.250333966680186	-7.654066373062157	-3.1296043329424754	-5.743851493200011	-7.552395487679725	5.119307908091025	0.009826844888891628	13.809822512633176	-1.734350224098704	1.391964521395181	2.958132525509567	-8.324756771325527	2.5331464838667253	-8.870442043359539	-8.022846689042217	1.0079684212398416	-9.137939634679567	0.753913626947455	-1.9598602665408384	0.6309871494721455	-11.352574977958449	-7.950133190401926	3.4076528425816015	-11.674820301818038	12.324436336027045	0.49866901194318636	-12.012680863622913	-10.619838340132258	-12.886939177714986	9.505400834104982	-7.856919795595806	1.5115611497679216	2.100715992600577	-10.074616628472915	-0.7835700714876142	-8.160352577636536	-7.613954361729141	-1.4265341572749752	5.224724434296963	-3.543970020507789	-6.388261716025822	5.3850826508119445	-1.2561209400994366	-9.857967327469199	-15.76284396617967	-3.3909134833562327	-6.987096475756769	-7.031840721576104	-2.1448323483435305	-2.4903359900505846	-13.100335837905739	5.268793044079651	-16.97707111403493	-8.623173108865185	-0.7650666244772696	7.868826688025386	-0.9030740748951409	-13.144894242211272	-9.370392451978136	-2.2638699063674212	5.3503488602641385	-13.475962086067772	-2.5880998931667962	-3.9920293023275817	-1.2780685109248837	7.901139035083805	-5.71103601228046	-7.784604618417695	2.795845144130351	-2.031292855341701	2.4595134065221815	3.319222764394307	-9.143353939932174	-13.013617408745247	-6.7293382012950635	1.483950162892481	-13.198037762459029	-9.006773090024852	-8.74454114869166	-15.75724643038257	6.6180720937513	8.087836358959448	-12.119473318611863	-10.789417034224961	6.8823381937498045	-10.170785657963473	-4.903252736285106	5.043734624372546	-5.301711712740712	2.538939790726355	-3.1782282129936843	-13.376436193968054	2.109787326318079	-6.046800891200231	-6.800082651199009	-0.8879977171171317	-5.321604103122176	7.103176513195254	-7.099776338583753	-6.381941155288691	-14.741792412323829	-10.999429183750543	-13.043215458977611	-7.252446227180545	-4.182571133583297	0.4725657930708552	10.943540792770587	-18.871772624097208	0.26147730454180873	7.323367969902367	5.9115712647665415	-1.5405975259492417	3.5376523772133135	-12.033874432219848	-5.179636823619201	-11.23602981503467	-8.927905222256921	-15.907793113945083	-19.588179244306314	-2.321805682264458	-2.5381662919703567	-5.222119513373005	-13.084569047672195	3.243454375992491	-0.9918928265874914	-4.664144311261757	-6.076397961878903	5.227147202360402	1.4607836290925986	5.968242621540951	0.2530492954083864	-6.857940963779951	0.08515803290575827	3.6236144957703367	-0.31148731927187934	-0.6452966835587084	0.5951295180331473	1.4464031398364936	-1.9473621883097347	3.9081245520083976	2.2240917011685992	1.7682372774924586	-11.836545943757939	-11.315171049563356	-6.992449725822517	1.3143437492547887	-9.072535953510746	9.324579089738783	-7.701112411222568	1.4754118962935887	-11.662473005659091	-3.9306465025113737	6.541214099070506	-15.798100768504431	-11.188467131229816	-14.342862437212776	-15.352451517476155	-3.940493092597528	-5.925398956074729	-2.3155171091957043	3.9340905086487257	0.8154221646227459	6.325913526321191	12.598155839836721	0.9967854057643541	3.1198958555014005	0.1913252579515553	-1.012763051928638	-0.28293348655624967	0.2235308224135295	-4.127433346588219	1.4184134690580628	-15.01185371549605	14.358024446496	-3.4687215436454757	5.036788504294073	-7.187210563839279	-7.87784731076515	6.30842137802207	6.244524535108576	-4.2674687590415115	-8.139351290632359	-3.881290294405728	8.059304611083338	7.646277890497421	-9.40117084611716	-3.8251502942285462	-9.90519801952635	-6.505996233763295	-7.427628577611015	-5.731392337218651	-2.8070933851585482	-4.560818501819146	-9.685371825378297	-4.473671300747387	-10.627686803532042	-8.577899028337598	9.675788321111085	6.7348455867890005	-10.517760862655031	-6.907208326090997	-1.2162994799343603	-0.6791398471550713	-20.070303640336572	-9.242455636145314	-8.273491901343387	5.121702575185146	-12.504633831598163	2.873075337057022	-12.652987857359918	-9.340435711058994	4.228528507786386	-4.827892234100643	4.492418901296144	8.4860102416452	-6.70499267734899	-10.966873482676373	4.299189111543404	-4.119316702335142	-7.002465982451996	-5.9269767631366745	-3.3288695885308326	-0.5931350553305857	-13.201311864188463	-8.576092076294362	4.284480349213655	-4.385357909594517	-8.508040156537668	-12.124724057725214	-11.01244033492285	-1.3310906751213991	-4.923556546924036	-9.086164910729893	-7.967321111530963	1.2509828941985273	4.148548970970417	-5.114793456971374	-0.20990373882484828	-1.6990517287241769	-9.051693844101202	-10.201699471152034	-5.221498492248526	-7.369908828970377	1.057796144008128	-14.760036506303036	-10.892298314766613	-6.053283070479329	17.04240543053168	-1.688095125816921	-10.933930265649527	-1.4016220423965338	-8.971456048318839	-1.0668323653417149	-7.104686582561795	0.4807522427732227	-7.2403457358046275	-0.8882299746374478	-7.994060871546652	-11.700473120528422	-0.5496295957123866	5.495377130561394	1.0294794544322239	0.9712415656217601	-8.011611963961805	-9.727990212709235	9.826705206693678	-3.087264608605528	21.681390360801643	-7.592535917581507	-4.573460133918583	0.31694097505019925	12.001664774786821	1.0180189879828914	-13.607989727905988	-13.526898901151469	-8.029660642727153	0.2925159765510776	-0.36811471867567613	-5.035966652275664	-6.18255483722678
15.638639400770646	5.159696467874145	-13.127584147107122	8.069269871325307	-2.961407368705502	-0.830309098138707	-8.507207823778433	7.336096855016083	-0.7256129705410392	5.11998203683396	-5.386381040765624	11.767606756573896	-2.063129289143261	-3.5720993927776874	-7.081407072327447	-1.2935264624276894	-12.701452265829555	-6.529801168532213	9.111074481855745	-6.946847211381439	-5.674693110720996	-7.279116812650892	-2.6165685870540583	-5.103995767996158	-6.865075893740426	5.218024030436818	0.6462671677415495	13.987005463295935	-1.4604219442226782	1.7114737126725323	3.1471303369565007	-7.800909370859895	2.8701967022391632	-7.990506389899524	-7.453176022735438	1.6123018741865127	-8.72548471123693	1.303098885681002	-1.7048996923379325	1.3174854925765964	-11.173061362222711	-7.54264883089778	3.875583360401951	-11.045136722996585	12.5349936303992	0.608779741493517	-11.051746505685571	-10.315844775532273	-12.123614304558146	9.695735725097748	-7.069981681239214	1.795305373414269	2.7793361649490262	-9.22933091616445	-0.5635864422188782	-7.413587994460453	-7.1329101376680795	-0.733652251983532	5.689250379324075	-2.8683246614969584	-6.192324881533913	5.9323977424711725	-0.908446290441962	-9.673958879484111	-15.465540308978772	-3.27780019492195	-6.765548302477872	-6.146629040658263	-1.523282970674369	-1.68230679449298	-12.209640387721585	5.644428908626183	-15.768751225327376	-7.972191949165187	-0.17877532860493034	7.981781205687668	-0.6108371911015977	-12.804479276097656	-8.715751699740911	-1.691133183462892	5.8950986219646175	-12.873202779695186	-2.19047408778043	-3.174781424992895	-1.096892721894313	8.171203078572582	-5.581160527953509	-7.313682441123112	3.241393192431131	-1.4995726674849659	2.83324755832734	3.428682588793121	-8.707833415630558	-12.58463592058062	-6.223365039069439	1.808802661118884	-11.753393090913596	-8.674852676792295	-8.101443725687805	-15.276308654995264	7.099818365207617	8.415982285787273	-11.908989995949307	-10.438505600321417	7.244999692353273	-9.48963537187928	-4.303091999358801	5.338925263573054	-4.706246244544039	3.5534712909708035	-2.832061115074079	-12.946739213878226	2.708870016753424	-5.756087793693453	-6.556856303097747	-0.25672688627722146	-4.669860962501399	7.782526904163102	-6.900200227890195	-5.963698556011472	-14.40113655120689	-10.272168985521924	-12.709901873272496	-7.022275754604095	-3.5275999869391286	0.7550229595485716	11.458953071356728	-18.72260529896557	1.0042474506743875	7.927629853794637	6.511361823476637	-1.0596377243887742	3.700515610267993	-10.95506500602747	-4.817482143758257	-10.421878915673098	-8.758690730890244	-15.481341633608833	-19.170399293749764	-1.4148608128457874	-2.3276645057222174	-4.835972719545643	-12.53318288889001	3.628851577785071	-0.5739392839076359	-4.1145886421332065	-5.382586603162758	5.755211659100825	1.7232322618054727	6.050377887921451	0.4398756787233721	-6.4440050029073435	0.24470490432967343	4.020509872269354	-0.06718804890379972	-0.20609768140056028	0.9389033332432447	2.1906515577772443	-1.5080258633358317	4.20272723208941	2.513391604370282	2.1034787799463452	-11.662706612386428	-10.790066259860241	-6.31302896141891	1.8208149650936063	-7.949682841752389	9.68584094396011	-6.595377985881959	1.752389180467548	-11.10506572074288	-3.3398675425374225	7.528203354961813	-15.403155426016957	-10.753059173901043	-13.15856885671121	-14.336017501814556	-3.6312370499055495	-5.428343103010165	-1.8081542246820619	4.107724515701448	1.076112507575865	6.905957533119095	12.91191287048636	1.8134960749039581	3.4281331854848935	0.37715803502115264	-0.7593325856071699	-0.024615019616320517	0.6698332264479923	-3.9857917913075225	1.6309970968836307	-14.951992044734451	14.51395612419456	-2.6883210861844002	5.461370466430289	-6.600506153013581	-7.768100966420714	6.865071756514517	7.214132094371528	-3.926309379553512	-7.9621849020670465	-3.506918895328657	8.295998141492495	8.009530787806222	-8.568693213094315	-3.2390571973938878	-9.575410721729094	-5.980275242492645	-6.886011768688007	-5.145993727266768	-2.750253446501987	-4.18716575433439	-8.727307801585296	-3.690101711126802	-9.972283441298899	-7.877337212074343	10.295046988288476	6.795963209134021	-10.330970466426876	-6.309282921903673	-1.0484752268612745	-0.38548251988246646	-18.501709465844264	-8.585875431472484	-7.609590819188783	5.4081164964647295	-12.043371700582918	3.4911137299629225	-11.740476894457554	-9.087194987026058	4.788702503812097	-4.16775393517346	5.000727309699892	8.556360572930567	-6.301056991599286	-10.51997861973712	4.665734038811379	-3.894054414932467	-6.6211522214979635	-5.685826131452166	-2.766104105898764	-0.06673139600154747	-12.440200445402615	-8.246659545006791	4.448963607454085	-3.6538961847302986	-8.19208409404715	-11.527176763981485	-10.212163576537396	-0.6141759813922333	-4.1653117835556	-7.956922477194015	-7.651358792935412	1.5130391986301186	4.58658667258322	-4.553117508052161	-0.016452625360117767	-1.4440335519087115	-8.354265455868289	-9.899204997814744	-4.661422896971396	-6.671490085182221	1.573978854565836	-13.92511843759929	-10.371997865354073	-5.938184426321412	17.60247562139865	-1.3820065232147363	-10.172772870822932	-0.48191988506072764	-8.54323461370295	-0.82625642948147	-6.6311857528030025	0.8779717492671255	-6.934169705852535	-0.6100610431986618	-7.826430076740852	-11.31297837539241	-0.3797609862273536	5.838008094632855	1.2287774952425463	1.8227900541024487	-7.459101272952879	-9.617608950333475	10.389128371940945	-2.656522451227629	21.94219497121606	-6.533291833417582	-4.356541476169121	0.8855585072040333	12.329663792388676	1.3811954340189414	-12.813620462228952	-13.287686587650322	-7.264481676449436	0.496201860535792	-0.3119885541661115	-4.928137269015939	-5.928907232078901
16.141070168411108	6.100219738505471	-12.77675036168872	8.585143520078809	-2.7385145512281586	-0.5910174864404127	-7.910856356238199	7.516754315823237	0.23898088729256273	5.245827329961298	-4.801113523654866	12.272663955736459	-1.3655854639634268	-2.472694899250274	-6.686322351194798	-0.4143980969288731	-11.090692750216705	-6.000086136620348	9.31253124405111	-6.79541339963672	-5.333378100273042	-7.126011553376285	-2.374427390192095	-4.4767523213569325	-5.909385422874022	5.8437188362805745	1.3152971348441005	14.425446277817809	-1.2134543274453709	2.1594549746325478	3.8977970238902895	-6.986896192977742	4.025145592915132	-7.767446680738126	-6.804527824723072	2.1945213231493303	-8.15576492926898	1.6723137178485947	-1.3080209640213705	1.889545050527647	-10.850317107235199	-6.953231658213947	4.3891321232784035	-10.694693245085391	12.754154085723599	1.2084480740253452	-10.71010087261661	-8.736842851551788	-11.818314739255849	10.851568888164403	-6.6039210787144205	2.8051476091145657	2.9390895128178767	-8.69169717457182	0.07451006021691967	-7.153310059289496	-6.181454193866208	-0.19427180104779923	6.052099793716492	-2.77929479007671	-5.8805605820210864	6.505096395753589	-0.5193339196317708	-8.962835277777577	-15.208301321986138	-2.5900846667024915	-6.285829534749367	-5.544977513924345	-1.4034718101323949	-1.3297671074138901	-11.53072241818001	6.0376049307051165	-15.498667096091951	-7.706578006624022	-0.02539105463331359	8.461480585089861	0.8224956510573331	-12.677797237052529	-8.366650312575867	-1.1580580249253947	6.23187783094857	-11.886729895789802	-0.9702188102224176	-3.0410582395796992	0.5241699994550302	8.540228200690429	-5.189968598495911	-6.917584052006473	3.4679172912956795	-1.2406298661771176	3.3065744243798583	4.342431385414008	-8.276431054262826	-11.818874191630043	-5.601318074225317	2.128223222467988	-11.328022770744548	-7.64346028247442	-7.245787709747198	-14.426868490921247	7.40440010290192	8.804139127091442	-10.232551271951847	-9.574481859372698	7.529971969413248	-9.323225892204388	-3.85408726209747	5.892332032570771	-4.446713132791274	3.794290709438671	-2.408778208252453	-11.496177278223708	2.8172799898108942	-4.982461980874925	-5.881710242535666	0.08159324061271249	-4.614125761712288	8.048936764981319	-5.867732128001135	-5.381305944580045	-14.199578347009696	-9.644544181890238	-12.371901913595945	-5.44896478892445	-3.239020810027492	1.5123459225692035	11.917528649581257	-17.558147553702398	1.1839229260329158	8.267075744163957	7.007118991652641	-0.7472101497438702	4.107190766573239	-10.875344237213257	-4.287275731582352	-10.014509723118035	-6.868011920540345	-14.157238809168627	-18.763140415268058	-1.2812838057525209	-1.1746944377441804	-4.639106960803947	-11.846808172629519	4.372622181899285	-0.46887485534235784	-3.5044462460522126	-4.758125026337908	6.212796874118108	2.868703308058236	6.757542248258448	0.86853426587228	-5.4324892953895105	0.40959940326717953	4.374986472501435	0.43033222430323503	0.10982669424889684	1.4806508057036383	2.4212309572313995	-0.4735192725354251	4.671238502461061	2.7298233114834707	2.8155874855498424	-11.119387322997424	-9.877726131120044	-5.712702164793524	2.1259542301316974	-7.806240992340953	10.073178841811616	-6.420398992633427	2.0227190118528044	-10.707850025565255	-3.154705991591367	7.722160768412774	-14.757944410029271	-9.569781986731899	-12.680077608317863	-13.756577152004905	-2.773232195313569	-5.222355041915575	-1.3979252469534396	4.923452019071533	1.6866168276506222	7.468661037812946	13.37263626647091	1.9422993452110666	4.088710322854059	1.0838553812984357	-0.22969049588438822	0.3684050398165851	1.364042452470545	-3.6164881497038612	1.742889883280958	-13.087595491880135	14.799993717204183	-2.5868700914674676	5.930677506513591	-6.296562450382058	-7.121736115278085	7.317085094018116	7.673442740168037	-3.6018129538221495	-6.88879438811926	-2.816775512272198	8.599790737834779	8.048265299028227	-7.870543640706129	-2.9167367646605364	-9.495843303662244	-5.608002068621763	-6.4819160031118885	-4.5692453547541625	-2.099339608391405	-3.9770549152496493	-7.915979056757179	-2.9099324901340835	-9.62103178922088	-7.390503203343215	10.554262799283194	7.185539767833133	-9.569959758956841	-5.848605442218942	-0.47492977766718275	0.0388864151452704	-18.399634055631427	-8.09478568073152	-7.0745359443386295	6.813722894852854	-11.610194729559531	4.032156977792839	-11.202809296420593	-7.758030954391252	5.416796641239922	-3.839815302478547	5.328847679135923	8.82725060700149	-5.147261712052341	-9.211504712965484	5.211593962416967	-3.3080917536968575	-5.999917962812557	-5.169352409748907	-2.493978972080613	0.9821398318817685	-12.17637247842246	-7.777497610236546	5.777705470184216	-3.198664295873435	-7.957267088371989	-11.098312517957066	-9.663738579171602	0.3774005111430968	-3.6058285791986573	-7.729581298533378	-7.187537941255018	2.255428701683055	5.293090381499347	-4.2036260611005	0.4240042592180016	-0.8917964902307569	-7.789974898244229	-9.792245054844821	-3.7934156948714586	-5.929127852299903	2.6549559307721013	-13.763157888546587	-9.648406151895186	-4.840578438473503	17.793175709957683	-1.0804427355047528	-9.775265149364039	-0.33925440992996503	-6.94336606650227	-0.6324058005954383	-6.208369967399536	1.385783912473862	-6.417167467832489	-0.48786175490200373	-7.393260120072368	-10.968369654793747	0.17984243060863014	6.158209256274925	1.8806417296919555	2.315639927286267	-7.215339307116712	-9.530707619101664	10.952843139953906	-2.489279098506074	22.383567886082744	-6.164504755268769	-3.483855303274877	1.3086077167765608	13.268153743495368	2.3354935685456755	-12.564412407831801	-12.871583551505495	-7.212197052547656	1.7448747986308322	0.6782183742701271	-4.263955245222499	-4.95518116872988
16.545572767795683	6.4120743324795875	-12.431519364590908	8.9651812925988	-2.163557960251749	0.11634943276615317	-7.196760234632736	8.087129168975766	0.5269014794561544	5.435743429798558	-4.589544226715916	12.49209338746158	-1.2058295542117299	-2.066716596382188	-6.522596250200586	-0.2240002643138273	-10.851717905920435	-5.219864108034536	9.494238070915827	-6.408649233439298	-4.663829678852066	-6.575089188927007	-1.259979167431942	-4.2762890448110795	-5.654942549068688	6.377500351248756	1.7222091434787419	15.022471800555197	-0.973569937637855	2.430341695737576	3.960413020670785	-6.812489200367432	4.5224515388148365	-7.250217503491072	-6.049428234538861	2.498870812178262	-7.874540052938956	2.121835448075733	-0.45131899598233877	2.503892950378509	-10.632493531941833	-6.369812548789823	4.84107163404558	-10.148326232625232	13.474883882124265	1.6792432555499754	-10.437074727456888	-8.695608605189753	-11.464414126886975	11.06620231475115	-5.823538582731359	3.4763420473894033	3.1387515697396497	-8.182139589081977	0.6708086542403715	-6.756053891048224	-5.803139587281733	-0.04418281109767122	6.684994152218194	-2.62193218028811	-5.549874947696309	7.379788783538232	0.035045098096565426	-8.503765379517903	-14.548932167157318	-2.4225136633828064	-5.708590856311015	-5.281014889500229	-0.9931391290490408	-1.1511341774199166	-11.477731894003222	6.649370823738031	-15.033028311939134	-7.1268115621609445	0.7623100233819351	8.834657129890292	1.1406596884288447	-12.466826985634398	-8.086977890294587	-0.6898371081117322	6.83383788468586	-11.445541338569011	-0.443136060668256	-2.547630657893885	0.6199106889552103	9.341784765756138	-4.369329085065022	-6.021809107167704	3.52201102879876	-1.0396670483533812	3.64570189824175	4.834696594444865	-7.792513278646849	-11.677590087724246	-5.271785710156354	2.641815916267722	-10.859834835097402	-7.356834441933794	-6.579309458908195	-13.988818938419259	8.242103466679803	8.967055461209053	-9.958748658626108	-8.837920838874055	8.001998971644626	-8.843184890544695	-3.33458658415095	6.496076222731155	-3.642887218774641	4.399877954456148	-1.8101448402349076	-11.10675450343276	3.229919505524541	-4.385491609644135	-5.23599806904787	0.8652167866258118	-3.40895020477182	8.846993806046935	-5.190354022939976	-4.753619970975842	-13.741848838987544	-9.57376053623554	-11.393410797321286	-5.138927580756018	-2.711879738217513	2.2962919604580403	11.956693425365707	-17.05673312170864	1.6929850106741111	8.739364750173047	7.422435502818235	-0.34798958958057724	4.827088061353583	-10.464900641589697	-4.051851887227422	-9.662026187318949	-6.8039134743857135	-13.802268048700107	-18.733940025489034	-0.8275248797342228	-0.393063359759875	-3.7780874270111475	-11.104102365396189	5.2647714110545625	0.042152026841434515	-3.3148362160959217	-4.5032631536118375	6.673893103022078	3.4916347806293704	6.986338356051874	1.7717702386345777	-4.871715923496753	0.7301215829572876	4.813432074539442	0.7199844795696378	0.37927500685945925	1.9651264104177322	3.050987773228213	-0.1825043942390007	5.198587047386992	3.620610583423958	3.058741659707648	-10.678999965191013	-9.5592775438553	-5.549891892972695	2.4909664050679217	-7.4069409471232035	10.830368164068215	-6.08018305317571	2.3002687749810624	-10.32294372277914	-2.7911764738173326	8.106088211361312	-14.443674548057349	-9.121688842048448	-12.444267820043311	-13.073339734493569	-2.390939203811987	-4.550740879254643	-1.2041468603880523	5.317039595405629	2.198260707554603	7.576338954796704	13.883344591206995	2.299702670834024	4.355495556821618	1.698498573509411	-0.048808883396096577	1.1554859048437207	1.628990488865841	-2.880664110933671	2.4532341051882622	-12.899791354503476	15.658762845411157	-1.9170897338715225	6.60400123673448	-5.980598774350711	-6.692127504369549	7.881753189594349	8.213752126353924	-2.996650892600696	-6.478569967641959	-2.3286813405776123	9.193034266679746	8.958221865940278	-7.677850262098979	-2.0898456624434916	-8.723621346077785	-4.99070373632933	-5.96804183150361	-4.204397887244964	-1.6627472667419878	-3.651696798768509	-7.438766038398303	-2.262781080247856	-9.196773959417198	-6.731672764822538	11.160848566947971	7.827318824605669	-9.034096830446298	-4.975734275158353	-0.3573334992608753	0.5890394969416556	-17.936392395781816	-7.538946730163278	-6.701584186734343	6.946339105652543	-11.512284513720845	4.293935865466381	-10.568431864435924	-7.3180987198333955	6.264795773233491	-2.878031693676475	6.061503592288605	9.608356313385272	-4.546149927726313	-8.635788683236324	5.4107251989217575	-2.8399507134002793	-5.661126773545516	-4.530131533455094	-1.4286435863088467	1.019999257041776	-10.890939780260526	-7.421726274507191	5.9465296491348525	-2.635940308607012	-7.731502921383053	-9.94563646852915	-9.51036213643577	0.767921443998055	-3.5110631989176224	-7.444401827049165	-6.80712280061618	2.597720870908631	5.525486761656947	-3.8809068810507132	0.9231982600693902	-0.23781583151937696	-7.20101011590922	-8.663535224783917	-3.2256824972029623	-5.367803071180664	3.170481420629896	-13.529789151669346	-9.388149774956503	-4.638369411106732	17.839765664831624	-0.6285811116939373	-9.227112875782845	0.024170020790459462	-6.776409748809422	-0.15186475267522434	-5.1742860013806515	1.7584749566491793	-6.314889927048465	-0.13727204983654082	-6.6926086053397835	-10.39878622961413	0.6918145584478849	7.134883697851404	2.252295643776091	2.6430424153891705	-6.986633029039326	-8.88211844804285	11.43688561383957	-2.2459800974679935	22.761907536176466	-5.731972904942227	-3.1752029421498107	1.4222518018547925	13.874394213563384	3.106823561574562	-12.241809424289208	-12.455355059981533	-6.055410252845412	2.2924171555289243	0.9584825936892318	-3.580025028908352	-4.72745760700381
16.787938350020003	6.785686426071988	-12.223444833217306	9.24220810212513	-1.8837243882361876	0.5346377149634496	-6.961290827739013	8.471454658351348	0.8141204649907738	6.123157141097657	-4.081007600622678	13.626830702483042	-0.4653095831870713	-1.5073636432743374	-5.893158780002212	0.45351598249928365	-10.395969386657438	-4.743244825081223	10.177561107200795	-5.63997061663221	-4.391566683335018	-6.17740231033586	-1.1538527287399303	-3.9851467463094123	-5.227834995508808	6.679698376283428	1.901418708184386	15.323731685490777	-0.3527669234779707	3.001825187338472	4.91863145512708	-6.474983230007216	4.9187901041054936	-6.869237181804042	-5.68414269838104	2.964435350642343	-7.546680353467709	2.435061662801501	-0.38277648415579885	2.7761710330550047	-9.47047317685588	-6.076697133632192	5.230931190592444	-9.511302042618098	13.665778122288136	2.385374165680861	-10.178119121680815	-8.398378950061161	-10.730653050219372	11.258691022869462	-5.718037733792194	4.118744785033063	3.7042783108281503	-7.618506154989489	1.1529117211350173	-6.183988885117388	-5.5931955653779415	0.755469011326212	7.414777438942286	-1.8979849132271491	-5.405633918566393	7.4824316173766965	0.5775532730023725	-8.243026383605818	-14.02469741394022	-1.8965631212543421	-5.004011440869756	-4.793449186535491	-0.09359548037939025	-0.5832283768635864	-10.868949964027657	7.229272706078427	-14.578615106646184	-6.6187999038221585	1.0378765873936848	9.008060199002335	1.2098080596803569	-12.209954066357897	-7.605371013668975	-0.5022528787956856	7.2863825155985165	-11.135146987628222	-0.05300399278864927	-2.274938546272582	0.7239950718715632	9.967737125926378	-4.126279591703612	-5.58011135498372	4.60934749496162	-0.7158515301082881	3.7980553068304137	5.120869000255315	-7.326784015408626	-11.081198697745736	-4.835149834675469	3.22616517482287	-10.0853663061834	-6.751932165390293	-6.344281569672709	-13.70845195786604	8.276420679118981	9.815153818987113	-9.899576526874831	-8.545056678896056	8.110025027262523	-8.38053171745322	-2.9251604557718727	6.7832365373390715	-3.1964095748033663	4.812934443330295	-1.2842394770397698	-10.834566341735961	3.846907656738157	-4.183159422838206	-5.082463795864674	1.1364452126310567	-3.239270604667635	9.084547946172364	-4.893987901076899	-4.126191825271523	-13.48346981709728	-8.865649380666655	-10.94123770135788	-4.929746477154177	-2.187790148276748	2.5445482868816005	12.93281973147046	-16.866702457783486	2.263774166290663	9.23041288663686	7.856368772169804	0.35144485590629	5.329515364812876	-10.139006646945894	-3.671688344284896	-9.203149578517085	-6.497322295603081	-13.524748349806613	-17.870120649857792	-0.4587906717600534	-0.27018853750496796	-3.2503331953893735	-10.933470440232588	5.446363932322573	0.3544671112596581	-2.7682834138509103	-4.276119883225519	6.865848533449111	3.6714782086635545	7.222046799658946	1.9750338807776995	-4.776491877848031	1.00920865572526	5.130097927147006	1.0220594102866483	1.1651509987489894	2.370824287175171	3.2439856637863196	0.03054071823266882	5.3905700209824525	4.435503450606097	3.3587924905768944	-10.029782870808514	-9.114192561745554	-5.053588314583732	3.17851255941096	-6.703236531354439	11.142597637167087	-5.292180020601922	2.6954439091322975	-10.21318520833656	-2.348340033453235	8.828550124278108	-14.184354490033755	-8.844736085603676	-11.702990594350574	-12.746556716937178	-2.1534247624989167	-4.401940348915717	-0.6011779640339872	5.9180362581727675	3.271856608866911	8.25883075059213	14.444255262998997	2.606708987565008	4.71400950747656	1.7211411438068045	0.36922736132513745	1.4869626816391612	2.2631461292701776	-2.5588172138030623	2.8679667645274933	-12.79017332680231	16.32552680123855	-1.281169940311461	6.726257225272732	-5.394633668291229	-6.408507200410155	7.968339971483095	8.617530771308038	-2.749049789866459	-5.95234546452498	-2.229239384796556	9.470316757156715	9.17307750267449	-7.366801453994027	-1.9621849277424301	-8.25996479892521	-4.390561834180929	-5.58921113994821	-3.865836185828868	-1.5016889871001853	-2.6102703828871174	-6.933491932137457	-2.0620988636073423	-8.59380057898372	-6.624979812159701	11.441306940126921	8.139272334313445	-8.8432232311025	-4.520851519268592	-0.013282428808351234	1.2703329944631419	-17.001699106097547	-7.052786506784259	-6.4412032763878955	7.287263906286163	-10.613470442480038	4.7130546992463245	-10.100506380674117	-7.216225866583968	6.699431662546697	-2.788879689149752	6.6165913412945185	9.864925920002422	-4.304062579889217	-8.561305556747955	6.254624771139564	-2.7303813905385867	-5.336153416558057	-3.873610401956852	-1.2525477773545644	1.0681874306383086	-10.832058851462719	-7.081861373122318	6.084665293875105	-2.401648391328372	-7.0114245477617665	-9.851159071316905	-8.737522611545534	1.106139479067456	-3.042571515138439	-7.390404971902687	-6.245127357193589	2.9373279002657426	5.764410687501315	-3.3569803705776122	1.669885665008864	-0.003943414297184146	-6.974032543938699	-8.38791427993911	-2.965123486346102	-5.092144327325959	3.3630233936829756	-12.933034271665116	-9.272954694522626	-4.273976654036008	18.695242742761433	-0.010176393092887207	-9.050868073759275	0.32967340645162213	-6.5646246996921125	0.5311107545266073	-4.7108893366358195	2.276279588992111	-6.155310830167567	0.9143671322015567	-6.280691009186887	-10.269518483899569	0.97802869646287	7.321346969833476	2.6544963859633004	2.9908850707864545	-6.684603168826561	-8.390119879635003	11.871516618819756	-1.8293796323186298	23.607564599226144	-5.49366492247229	-2.9382211141963617	1.8823592366625592	14.30374607286142	3.4315353001946187	-12.015122693370131	-12.36423939004802	-5.778624247667999	2.6353718474410837	1.2437942048383008	-3.1859581273871713	-4.398709180913128
17.4547373661131	7.012335554531708	-11.728458315812517	9.387442297163695	-1.6056850576994364	0.8872471561482346	-6.380941989526594	8.718268446888086	1.015116801297517	6.638663499293847	-4.013821617584317	13.746335151770063	-0.24405808047495478	-1.2229928092014644	-5.5595612960504885	0.65370414902688	-10.296571238387653	-4.549282112398799	10.49661748730051	-5.47247389521431	-4.2424198721304505	-5.4612425308363495	-1.0721428553102321	-3.935824432290294	-5.01254722872024	7.20811592889697	2.4800286364417765	15.897773766917796	-0.11500194247615676	3.1493991857642087	5.182196781244269	-6.104751663457597	5.1197031281630085	-6.653273010657387	-5.49155928743679	3.2505728602969355	-6.859578198503326	2.7226703792909097	-0.10982119888928446	3.1807136466381993	-9.18418739584251	-5.666330986196132	5.553784198222181	-9.44335822277571	14.092125397319737	3.0283459223141507	-9.717918050438653	-8.079633043074226	-10.547739856599343	11.769707554598245	-5.385687064873838	4.172570846924047	3.9097573905461203	-7.482114789265459	1.3868774299238384	-5.903445417284683	-5.206650547347387	1.02243102139816	7.638208242287284	-1.3418637887336062	-4.6403706007084065	7.57587414122827	0.99821758722463	-8.035030378992204	-13.664320663485285	-1.3611523927508316	-4.893217894954412	-4.553627199227796	0.00991173529344699	-0.3980419374398345	-10.748017200664828	7.648249555904622	-14.157253961442498	-6.498900614829919	1.6917046046757476	9.341636615690884	1.4122644128661836	-11.617620307564733	-7.127740153742792	0.3670420132097708	7.410027866414618	-10.824618831470632	0.17067718694320178	-1.5074453872591036	0.8490254071917241	10.029641063486187	-4.1023926855688515	-5.412423326833137	4.813893132013302	-0.3937642619234688	4.307352171411092	5.319061191662435	-6.7496986348097865	-10.71556059006978	-4.7731604530389555	3.734515544015431	-9.941751530128803	-6.699191437711349	-6.1066144448111785	-13.69323440399157	8.933636356706055	10.232308204844836	-9.443658891662878	-8.350788019517807	8.974006983172321	-8.17926743792647	-2.593576123423332	6.8556326403280385	-3.0571194376486868	5.074816004842967	-0.9903386668775385	-10.499618566814238	4.076443152446351	-4.062636814047506	-4.513593004334974	1.7779977891637462	-2.869916263705757	9.373177938988878	-4.462103732689652	-3.953211965141955	-13.161979861624562	-8.482772598101235	-10.466711552073557	-4.6588561188238495	-2.0135917461034825	2.6649725228596113	13.056497371555519	-16.542974357816334	2.4215491376657488	9.585051531176378	8.187007986548156	0.7893369719567127	5.664289123281826	-9.865803657820166	-2.8987684564811813	-8.899230706386774	-6.05695193925305	-13.410117826856458	-17.713055583252103	-0.10493664891314011	0.20577473306579572	-3.168487454068766	-10.389933355368079	5.828636561459312	1.0331729733765813	-2.680998904895677	-3.6936659689007367	7.382875703863448	3.991125569454737	7.7746146408399435	2.707412066968608	-4.276090043687704	2.1278726980497993	5.607498040890964	1.9665972063259078	1.374747742732378	2.5218180874325626	3.59897251749359	0.4156346704672754	5.645860806468416	4.469185157147605	4.045822721875991	-9.80404826159688	-8.965014435421095	-4.7690860260675745	3.5302743919293738	-6.612495116819834	11.378894131850208	-5.075696519058642	3.5821409838515303	-9.351376429122578	-1.7620791728893104	8.926058001480321	-13.809910562759734	-8.639485181066574	-11.544583675521178	-12.681405060375702	-1.8495049169360154	-3.8953183229694845	-0.3974625353453051	6.110257004511713	3.3855210147233583	8.381431132661062	14.572315105928595	3.203974532026309	5.277492951293254	2.3345349147767243	1.0076328167909736	2.08791000829377	2.42278121826916	-1.9130358890640338	3.1438890875701198	-12.682040239832771	16.820865635203607	-1.1191788229597874	7.097023865349071	-5.103392564039316	-5.90876669919331	8.85421251463369	8.970015607635878	-2.2459314618375843	-5.620314619896546	-1.958572037835449	9.986176246354335	9.593675504680073	-6.822678374314728	-1.0199150532818926	-7.917496335463689	-4.370157968380212	-5.2416066855578745	-3.7155430380435055	-0.5568227526665206	-2.4932545938966926	-6.661282250001766	-1.7553725675964802	-8.370424948493437	-6.344170549379963	11.60433342074683	8.623491371446038	-8.151032816133894	-4.282324049341219	0.894076808352475	1.57117568931306	-16.699375892346048	-6.879915221399994	-6.1899439622294885	7.481229457458684	-10.492625516564747	5.035241918190556	-9.912144253466042	-6.798198023449358	6.854645482337902	-2.3541584448770956	6.756116699377878	10.483407909797023	-4.137597508793179	-8.444176500179145	6.458983860753041	-2.4623450490285825	-5.00648489633427	-3.5677478637776927	-0.9989573928592522	1.569636606451816	-10.724543108549158	-6.590835260456809	6.6797514716183795	-2.0159173655361546	-6.577809067267046	-9.508688079311135	-8.364568474525543	1.464382585109295	-2.7823644303483834	-6.659767000120936	-6.063995174747172	3.2977516415472055	6.264575453341753	-2.6325084899938007	1.9221390962964997	0.3111273364425425	-5.936930628153606	-8.071940917359452	-2.642959306983124	-4.728915732586069	3.6975071377688007	-12.51311359844029	-9.007772260373775	-3.960837073015428	19.017634282877868	0.4191762478556194	-8.411512945872154	0.6638436940880006	-6.081002809988046	1.3922720936250519	-4.674837991031094	2.5469989002422686	-4.941337689831399	1.0298628028158792	-6.137402690775835	-9.74144806574336	1.6517245138835313	7.507596152738945	3.174123894805438	3.398351245025431	-6.127408763676479	-8.065101455874647	11.999426429748855	-0.9558494068340129	23.933428195040968	-5.028349999779545	-2.8376896416577932	2.3633729226782365	14.395737621220695	3.6625262274867096	-11.572254034108981	-11.995932535528189	-5.496556968111159	2.8142624943674406	1.831367492858786	-2.957128166559596	-4.33457150984701
17.676643558779812	7.21748081562399	-11.700191332824797	9.735832248047862	-0.6264438072029315	1.0299405478814936	-5.983766277535208	9.034560498186178	1.292505745338145	6.983554857157242	-3.754308884130528	14.056101934435736	0.29259041044695155	-1.0380526391534317	-5.18266577096773	1.0050338292374135	-10.018119960759584	-3.987307895015648	10.834558314201836	-5.22550806598287	-3.6549821293869984	-5.270460510928124	-0.661503018312377	-3.570320094954429	-4.923443346335388	7.481373660858932	2.664567754464383	16.303685080738276	0.011323366952017565	4.0157180368830945	5.613752718915663	-5.816208207672123	5.460058250612389	-6.495571505353951	-5.482802348006472	3.4628188907732427	-6.4691391218760055	2.904573115272238	0.05377537769030709	3.5515488667632042	-9.155485263420209	-5.476848296894436	6.0542182244925815	-9.244612810601778	14.150526097152767	3.5050926905427806	-9.615198852735043	-7.969659618233935	-10.355122937369975	11.910361699302452	-4.888343917986045	4.358349926903102	4.149015064447579	-7.086100541085723	1.7330861186090927	-5.400564264915694	-4.915894999898196	1.2311992939634393	7.767711472862245	-1.1016576504082483	-3.911223279712895	7.968863853738327	1.3584880995121	-7.423199682425101	-13.209882229597095	-1.317035670639752	-4.255836569417263	-4.477705331657492	0.3046926815203317	0.21864301494244032	-10.019031558079105	7.742440102124262	-13.917620946367235	-5.690080847410287	2.0569102527627496	10.043155631801097	1.9422939641118526	-11.254167584295583	-6.645654739609638	0.43588906504461883	7.803680336982524	-10.620208874847542	0.47005294155566546	-1.3401088161231607	1.1838564009734402	10.407698278930368	-3.6417029067487836	-5.274615688553586	5.035377967689463	-0.20304577695953469	4.932160566780909	6.146970176853354	-6.42105702180201	-10.560154278436531	-3.9424124209744487	4.009532494770409	-9.77094691008003	-6.415974688857378	-5.6407877513018025	-13.250019981596997	9.132508767911819	10.327571172104927	-9.02993530000762	-8.113391137410689	9.403475022681244	-7.722136379590686	-2.462911668451709	7.1819398848943345	-2.6426343939355488	5.083000887965834	-0.4934364891821783	-10.203310611322069	4.361084137897243	-3.5798365896765416	-4.123515104963125	1.9931994982498633	-2.4106493886288476	9.841100370450775	-4.217790424067364	-3.585097025996181	-12.921798590565224	-7.879316730182143	-10.216103515432847	-4.222744050889968	-1.8369764779017579	2.8016842287340906	13.276443777781953	-16.023952221728067	2.875551982039206	10.224851749820706	8.600850769651629	1.004381571713902	6.182386863668498	-9.738946899484953	-2.4253250267963646	-8.60870533569275	-5.7236218591570776	-13.141260912313525	-17.271510237170776	0.03642661275652505	0.37765504771855696	-2.869401370303841	-10.149908996450186	6.413751888443779	1.1237617795471622	-2.3302980587625597	-3.27817738048557	7.572349916669921	4.096150901254416	8.433765801057195	2.9922551075480412	-3.786272761878827	2.3629234989027	5.8176522972730735	2.0390721269666923	1.5633140866157915	3.079283901644157	3.8520863143402444	1.0048339159653754	6.3465178333869225	4.718276279539956	4.183359426485327	-9.510463447029949	-8.474703218408111	-4.641009273380358	3.7608062363478316	-6.3140577931478346	11.878590305606291	-4.76157327683006	3.8577382682829184	-9.071880303230474	-1.205404955083553	9.08817804811036	-13.277363128855086	-8.190354734850054	-11.386921208178087	-11.686507987914943	-1.5605865053113335	-3.4061774588621065	0.15476387864209615	6.675571142416318	3.6813547641508864	8.718206693279228	14.943480613649692	3.4182985723354697	5.312106049845789	2.6058421977531774	1.281615487424934	2.316601660295443	2.701911790852231	-1.6420619414498157	3.490596560814603	-12.337159647080997	17.021334319907968	-0.9305150306212727	7.373863933606651	-4.699562839116401	-5.57602450688777	9.56435773047482	9.027693446297219	-1.6558504033982133	-5.388463773879842	-1.0574522469261085	10.084994808707679	9.936597523708983	-6.567078847722553	-0.777772716416723	-7.728941985299793	-4.104064585059675	-4.901490422168929	-2.8397416991808284	-0.2284192000883003	-2.0689835476300287	-6.352683806651738	-1.3776353812712685	-8.087210750520846	-6.152687099228578	11.888989819187188	8.967769657751118	-7.874547744239963	-3.7373538530297687	1.1283695831801812	2.0454132991108027	-16.47971684211961	-6.629979453883969	-6.029690984366916	7.595852980856135	-9.851336883672944	5.144040579972456	-9.685330610360266	-6.649551645195836	7.0337139034891445	-1.6794067274145128	7.169199699297147	10.908078598746695	-3.6679615084110297	-8.170232837025928	6.895569142447849	-1.8242723713749545	-4.488485765118218	-3.1164943089409807	-0.44281890324444095	1.7399884229842686	-10.252944298111075	-6.340938832958426	6.845464213228639	-1.9336821155350068	-6.044679637305219	-9.128791562383448	-8.010102589199656	1.647317366478851	-2.233954968797174	-6.209609953586397	-5.813736088869123	3.74530264777961	6.387442901213036	-2.5052503486491102	2.066954173618369	0.926488662870054	-5.849257326888695	-7.883391003108951	-2.2569101536960545	-4.254729134817112	4.308061402133772	-12.467951065761149	-8.672524890470127	-3.601572102615851	19.17589229262963	0.46847473378707505	-8.150892535603292	0.9627523592460943	-5.866162289817488	1.7394538074124093	-4.443019319464691	2.9710126159932813	-4.610846679901576	1.309984744366783	-5.910441730655555	-9.138153748585399	1.9947847484409138	8.058086091603636	3.2532164586470556	3.6712879585894185	-5.476326525655447	-7.568472152094566	12.090158601102244	-0.8414156040983399	24.03642987393293	-4.839653263914955	-2.5601342391438373	2.629894904822588	14.681938589792177	3.86530208468504	-11.267274910351105	-11.53885259645472	-5.085230735322443	3.003193940909435	2.1852876673499035	-2.6746521158847454	-3.190894386099263
17.853649780054948	7.432409068653286	-11.178395977782587	10.050648967615242	-0.5574562896635481	1.7544561173146818	-5.707771642870176	9.368293155973356	1.572502686097399	7.223412157312705	-3.2400114352534453	14.295747439260014	0.8882382743961285	-0.36465202531902774	-4.851078232448376	1.7195042194545653	-9.354613721888997	-3.731624902182405	10.892003433958006	-5.182944556561911	-3.3635275261045123	-5.116210291193737	-0.32443499763724964	-2.955027545118841	-4.338584330591614	7.896601820739008	2.881311581683607	16.9490216579344	0.3063553416982532	4.479437628431358	6.101407463680734	-5.681658066675973	5.571805289539376	-5.816446980295428	-4.6532369040332044	4.385382502928013	-5.90293846097719	3.9479116613906986	1.204691844431919	3.7903558303689833	-8.647001146262447	-5.357589538002847	6.808279263994429	-8.6917471421871	14.527074184337005	3.6598410878415373	-9.383334901393972	-7.8743181330933725	-9.578237074119587	12.447364934833459	-4.710230946222411	4.642689899532554	4.483574828624343	-6.729530042337242	2.002849783690583	-4.98671363528863	-4.3415765416056065	1.9391087374894675	8.022896501166041	-0.4423802934425274	-3.683233283065014	8.281858772069473	1.684799277808171	-7.0719752669620775	-12.73493226772092	-0.797385879780145	-3.6125951676773655	-3.8363066054873043	0.4430720048751753	0.8914033242997856	-9.857344478026107	7.823213309639871	-13.668839969372211	-5.4600275867657	2.1793331038225454	10.076656888983644	2.2831455426197116	-10.751479007588687	-6.414259483406199	0.8282496474809514	8.095400289010245	-10.31351716096833	0.7862135751388686	-1.1282084785088289	2.2629422733960367	10.700277042136685	-3.2449936102380144	-4.937695609355263	5.368567538271483	0.34938042274579695	5.18893320601842	6.483044455103061	-5.74111402966982	-10.239716834423396	-3.6017963606998	4.5668484388905455	-9.389654304329566	-5.105444579361434	-4.926175586217341	-12.931463825213815	9.84501560704879	11.336668069407928	-8.778787824315636	-7.835151114860377	9.949395178829361	-7.519473468051076	-1.4008101271747337	7.513517618122027	-2.068075318187336	5.773503664368067	-0.14685742042457367	-9.755173561535798	4.707962270701488	-3.4246259147069322	-3.5890933424179576	2.616678641125379	-1.8825388019329894	10.451571246535273	-3.8985655385814972	-3.4438128515398567	-12.28854704307071	-7.7834871693053245	-9.941285163507313	-3.76087225662786	-1.3864479741449465	3.420162510753948	13.538390733405448	-15.48796246039326	2.990367446975487	10.38910366161664	8.91871112702924	1.4653669094831674	6.342934327746014	-9.650681838838155	-2.2277188711593965	-7.928656202302572	-5.324155975019515	-12.926493937984759	-17.121475512638177	0.12234361555790327	0.8049863726352546	-2.6557686460435495	-9.819830457374142	6.532252496858676	1.4708470220400842	-2.0445378042086815	-3.1031181274807302	7.721963489219167	4.592340002696382	8.715059748391706	3.461584880802628	-3.545846368340513	2.7700352555425685	6.220451280846557	2.355554885495631	2.176915404536965	3.550231547107507	4.508934947956474	1.5247333080919374	6.479585415135222	4.971162042065441	4.754210667759566	-9.316997099218321	-7.844879348235759	-4.326597352571756	4.131069048365031	-5.83498851484101	12.161781865007603	-4.628875389550166	4.313726275901205	-8.421328639306054	-0.9869437513600057	9.412775259012664	-13.08374494234422	-7.726396494673409	-11.089605208243144	-11.454123034815844	-0.5002003438483892	-2.876234566940804	0.39450988533056164	7.3612194162017515	4.388584732584003	8.879816921251438	15.13376873210027	3.710532077211219	5.8505689004689545	2.9022675151285995	1.581996837655144	2.704731188245004	2.957555220119941	-1.2819178518434369	4.102462950118318	-11.516487940800015	17.56247216473914	-0.6170097420954411	8.037960357043355	-4.425323147862613	-5.377850022190382	9.733646336774758	9.494401199398409	-1.4436420124344527	-5.1430969190499765	-0.7422926909421899	11.362427370598166	10.446880808684085	-6.151914450735076	-0.3289304977441699	-7.467767871943591	-3.438147013776477	-4.630797278279349	-2.1879282034435197	0.30945832379224747	-1.7633456833428707	-6.071263631628242	-1.0652257168466641	-7.850198257911822	-5.609813858393236	12.176583374644691	9.23866173545327	-7.0184531096856215	-3.4847908733616553	1.4146622719707422	2.291600721399751	-16.250826972305703	-6.553008269708792	-5.731179187804071	8.668088019970153	-9.434075767141817	5.595547726871294	-9.298121570621518	-6.427683254837617	7.4027292426888955	-1.5028961853983298	7.643925312714991	11.094760215496851	-3.3371816348061807	-6.454367205001638	7.085219345100481	-1.1936550105040848	-4.162791089968634	-2.6108688012353416	-0.18739808973318445	2.1825081971763725	-9.303705704918588	-5.9029000787654065	7.716366129390529	-1.609561870963141	-5.913511701752864	-8.256250827495332	-7.560121525404297	1.9844417417553277	-2.1337375813638535	-5.629455682048949	-5.6630211918315165	3.956353138008354	6.781612810930492	-2.0541455714717864	2.626175671938581	1.613057135331281	-5.6619701673046965	-7.038671720639296	-2.1426758416516383	-4.123434624356261	4.637868586101232	-11.752076432864659	-7.971503960728198	-3.0724736118695724	19.44941981985536	1.019246956160053	-7.860979303821521	1.2052289896195285	-5.464575878594132	1.7964688254598318	-4.313411666230172	3.2402913297097906	-4.35389116216289	1.5576631130250478	-4.973651238352995	-8.845445758334202	2.353810446275613	8.600422655577347	4.124040208796599	3.7722074540699158	-5.237249403127	-7.497241982569912	13.05458659007469	-0.43102771365994497	24.38001472584146	-4.5933719635471055	-2.0557918764243617	2.951891673438445	15.06455741914021	4.333515208062513	-11.04658678424841	-11.30357944867002	-4.842638187398033	3.4617397446680673	2.4240068132873143	-2.2701573501315795	-2.728504025092668
18.263682790250552	7.802946808624697	-10.96400147135822	10.741950327598945	0.21273075603725267	1.832881876103965	-5.157191479741614	9.552758856088984	1.8866476386848414	7.4409746648178325	-3.1199050345672825	14.634095564611394	1.1600630670761929	-0.015337126757884349	-4.588591474041023	2.0802583742935514	-8.868911211888454	-3.5420671395931365	11.56307110895229	-4.666751715772828	-3.0041585732126905	-4.60408642198419	0.2913155307792239	-2.1425233617220303	-4.20712460442646	8.06371359311876	3.0967547106861653	16.951254803054166	0.6540478169812566	4.949851902521489	6.346246037238124	-5.345642934007017	6.099363226289026	-5.560919352184332	-4.4172887135386345	5.013042807643699	-5.239592420076439	4.286524617451508	1.372970009685049	4.02509942766345	-8.395074453985455	-4.455242232699847	7.180263047958046	-8.064227570929377	15.204365843342917	3.908146140966147	-8.912004548669222	-7.726052483383055	-9.13916719670593	12.95457731491608	-4.559542187272374	4.878235728608043	4.8193376195745135	-6.156597191070213	2.093910926649978	-4.703519767801539	-3.7998199167643096	2.0370971058315828	8.388554850080105	-0.3936490478042597	-3.169981090243882	8.73571337050902	1.7905102597021019	-6.873013395790921	-12.395861066034746	-0.7452930474061721	-3.5173237960372825	-3.678997332374035	0.8324067149658647	1.410754960642435	-9.66845874130658	8.236283651918828	-12.936234828530988	-5.118890581147554	2.424639770051192	10.698126372256857	2.600539564708471	-10.681437586209361	-6.164187290765282	1.081792652223504	8.297114996484892	-10.203731711172233	0.9877345792543589	-0.8430676759273833	2.587716696820419	11.034311653748796	-3.0475277577739814	-4.677505793898525	6.236329118904602	0.601291991219427	5.418759698788335	6.739330761035434	-5.579133943032124	-9.910952188759541	-3.3464357613379	4.645798760909287	-8.865237293085418	-4.885316524735489	-4.682293530565729	-12.593648847518834	10.166021275838473	11.413976177619169	-8.683182907336953	-7.409549011200161	10.080697196530148	-6.894200948142601	-1.272043416909817	7.785219552911317	-1.9720192462932158	5.887921426102132	-0.013490247034641209	-9.610531848058411	4.864513106175539	-3.3061260536332293	-3.2937095998050587	2.8100691317185627	-1.5058105790620513	10.601287025364023	-3.2635512089430785	-2.993138855791548	-12.073826881368143	-7.453343193438191	-9.605246053799839	-3.6540453724192523	-0.7654058095384634	3.976266577537276	14.043608043259212	-14.865838695139962	3.4386132281261235	10.815762123219626	9.00148410624662	1.7920074840185924	6.997374043663621	-9.202503161526005	-1.7712215816792998	-7.5946522482945795	-5.250673532432854	-12.11745646574029	-16.743145659331663	0.2996534455350711	1.284886572924661	-2.0123516945720947	-9.100164968486807	7.057392093960535	2.448840263695338	-1.7955551988175744	-2.7716508968974027	7.965386837048042	5.198433948583365	8.803567934987885	3.619165392532211	-3.151684377988595	2.8918696046254273	6.479267677975916	2.7513172170001523	2.3254456222923157	3.644328931544888	4.690097818022993	1.897502501740785	7.14293284967216	4.9904858521345075	5.27557522690451	-9.143814710990327	-7.6304512356546565	-3.98044717802514	4.527010863697885	-5.624078633568514	12.376803059937973	-4.0874288400989665	4.611216657485809	-8.186051531541201	-0.5314776681478743	9.660824729273838	-12.710786466704285	-7.248146612930805	-10.886209383408348	-11.249958678368692	-0.3366034458563408	-2.501084237864615	0.856936049058426	7.516935918626543	4.5850380099603205	9.37828116375431	15.57714716187541	4.073055348271996	6.096771415810334	3.1006418664877105	1.8963129783034394	2.86132803227898	3.3009629476724847	-1.0857240217897721	4.610775305667908	-11.439085072048377	17.57964280340695	-0.33115939103181835	8.878592220367711	-3.994298861442431	-5.041759402720775	9.888058538078948	9.51500566200122	-1.2203347281267727	-4.902304579513999	-0.03432658671048785	11.689312087659797	10.516140970921565	-6.113378494932413	-0.2168223346116247	-6.70230440915215	-2.9561032667665232	-3.790487371950274	-1.9843648919765942	0.5490701384132287	-1.6986183112158708	-5.9820097645956185	-0.7819624417139265	-7.285992977106515	-5.3988573972521285	12.303653350030201	9.75105087488281	-6.974924268379488	-3.217722426291094	1.6586407864359372	2.5293748706171812	-16.164240550164127	-6.330474057438623	-4.9385432820079505	9.000312092572674	-9.032528391715433	5.987530403811687	-8.351590459379056	-6.278175322658394	7.5296102316724305	-1.165156767753126	7.805010002738841	11.351253487468467	-2.875983987668248	-6.340521278165906	7.315553521578516	-1.0911262811119673	-4.082629132132488	-2.168850801474255	0.11211468674727183	2.43209212023705	-9.087027648525858	-5.449897349643418	8.539841672311686	-1.2486509503306433	-5.723725904500511	-8.02590435235788	-6.999194727985026	2.3274529861358446	-1.8103268217632627	-5.0245352120105435	-5.3041471486435166	4.297616092500347	7.223269172865703	-1.9051573868580836	2.950768993177428	1.8286249613295609	-5.570710844028225	-6.686738114918881	-1.9270170902843322	-3.937709762280563	5.2518020353949675	-11.681403895828256	-7.489531260299691	-2.5457061767460316	19.764814382120836	1.1589669457851024	-7.5834877922421375	1.5735700004386322	-5.350509160486136	2.0556474580859883	-3.3988307536274966	3.625468562730645	-4.0536194640412635	2.093194744565489	-4.782087457757334	-8.20723269669978	2.479979950479033	8.700408939407684	4.6401105057336105	3.9047408400707773	-4.859173564030038	-6.862275920442174	13.376478957171345	-0.34748918569970444	24.582255649352906	-4.16411436281408	-1.2789813570113104	3.446268980849737	15.200750482544661	4.392499754278388	-10.75507938223455	-11.086696374603134	-4.217706710414772	3.8595037675248642	2.756273461185396	-1.915541134160021	-2.025675940116448
18.424892773760597	7.920682532055441	-10.700910587778372	10.899949182649632	0.5770709307382729	2.564926302599718	-4.9965049048996	9.798711302242822	2.1084149914078867	7.930798228444183	-2.6912961254325016	14.868951350129437	1.516061955247863	0.30874375266744525	-4.038135425851866	2.1937344998485506	-8.080707428237757	-3.35809819246291	12.053933422017021	-4.459648647387525	-2.5712250204539506	-4.264124086132735	0.36603343283150896	-1.9655019283736	-3.767047285211253	8.275265772711554	3.4494553762735607	17.313430880446003	0.9877367461453578	5.035281410821013	6.737555553696076	-5.0604999601975535	6.7375973593683405	-5.313494165543612	-4.291290749549674	5.085209591907664	-5.195565402117316	4.481228259208874	1.7068051576997676	4.433265896829303	-7.670155751006825	-4.047179912029262	7.207633743546615	-7.871874589929843	15.281240719285567	4.681806746400715	-8.584560472394966	-7.243352552726083	-8.96299196274041	13.134985828434337	-3.905855161004788	5.102566964088954	5.216717197705994	-5.782962462369619	2.6550611414044667	-4.402717715437166	-3.60913656999226	2.3918060537264747	8.77279036459568	0.05059434981241583	-2.1518418122635685	9.019235223591144	2.3355282934695745	-6.491275652809501	-12.29737631200943	-0.3219725682114283	-3.2797347035842104	-3.6144439477983887	1.2097417616576638	1.5055207566050444	-9.359765619268469	8.398332419292256	-12.469368292831499	-4.728535658788881	2.805084892571803	11.043592884265053	2.765589096237441	-10.540791087334139	-5.774726889251372	1.576455856559817	8.974641151654719	-9.992259162697678	1.414163451952035	-0.6701858458253361	2.9885625437242784	11.455968064247573	-2.5482510343812415	-4.251090079606875	6.391224698253619	0.8028437003092904	5.8079975591064965	7.093745695974623	-5.4284026047455525	-9.70321821449597	-2.9637748192940974	4.765469686562025	-8.532275785502323	-4.670806928820016	-4.231974209976812	-12.330437288344465	10.641999881637766	11.842777446550594	-8.065191510331521	-7.1680855071000265	10.434800306324249	-6.570280605601884	-1.1829981365966653	8.187035582697654	-1.6140041361721824	6.12281490816102	0.42070909621564395	-9.417193776265437	5.436199342052056	-2.9046594844943248	-2.9931210219477924	3.2842336513686585	-1.3143923838090363	11.455863884936958	-3.1713971371059846	-2.7593362155682506	-11.892096570445714	-6.949219612809406	-9.515616897258683	-2.6303909852542047	-0.6456000712514747	4.075260291864045	14.230462676179826	-14.766445534094215	3.708980409035835	10.977309192173777	9.588054063397601	1.940258642496148	7.126323119994015	-8.963353080926678	-1.1226477063484401	-7.2770646907616525	-5.01899815302506	-11.842306399477078	-16.718061835597076	1.1557671809691445	1.818233567115301	-1.4571737480392153	-8.57073413823105	7.404618603936558	2.5120755698756985	-1.2379283454810315	-2.4322907492013637	8.345203163877866	5.654664038313741	9.282580595032947	4.130704372737576	-2.896269701646442	3.5771946155137053	6.793169665197228	2.9233136726779043	2.6805857871737864	4.020859648542808	5.143680004385885	2.1869691500992787	7.5836489111994085	5.483562931681253	5.709296361738326	-8.649440128020972	-7.144253805640455	-3.9058846370040063	4.650546067782766	-5.003618661750754	12.76086558566113	-3.6220654235832113	4.9111192153556855	-7.357287887872941	0.2151108598872954	9.961196093128526	-12.50568435372363	-6.781213594390379	-10.307947737641415	-11.032401161134896	0.05514270488433139	-2.298037230928493	1.0921487223789517	7.753471038368921	4.8278201563950915	9.767337605002233	16.084495997794537	4.568631188718742	6.405998391865138	3.588191874944065	2.3536146491727896	2.9274939240853906	3.7088776154450103	-0.8224203098943895	4.842309528539849	-10.67471580986155	17.785957124536807	-0.12449633400410554	9.267680996401822	-3.755506774487794	-4.4695619219424225	10.414637560958031	10.192820590517536	-0.8035197329420365	-4.285195282356217	0.3813741121091694	11.850364036470992	11.004301762681797	-5.75997539641834	0.061031942078119766	-6.403353449074649	-2.8156082598658783	-3.7136446865677724	-1.8131696392408863	0.7248641430795261	-0.753815849920945	-5.324736152017876	-0.12184894435068398	-7.098637185888413	-4.974221046854642	12.523147196165613	10.179068239025444	-6.648131603101682	-3.019804778912975	1.752456156561147	2.7944819747454837	-15.879564236307314	-5.911024092950139	-4.586349214206087	9.365287052641953	-8.43236474646627	6.095328608372121	-8.088010711641827	-5.582268817208362	7.929162274987743	-1.02293750139717	8.314908489614947	11.943672771574796	-2.2815157950560128	-6.316981591470901	7.813274584270423	-0.7388038309482291	-3.5938740846133235	-1.9179286014053898	0.17525049686953564	3.4509815827530748	-9.00089961340007	-5.0850260966018475	8.624110740809282	-0.7730361656201707	-5.268103701319166	-7.921281396055555	-6.688339488843517	2.6176987858788494	-1.4865291963994003	-4.956990793603978	-5.152698294452675	4.546685731874193	7.626461231139731	-1.1244464700697767	3.108255673524279	2.0900497333668606	-4.7527942231966405	-6.374592055309344	-1.4168680464048116	-3.289988884699966	5.344018157661525	-11.536246652465307	-7.293369061671146	-2.342887432516769	20.02556013115708	2.11652900214079	-6.947544857064529	1.790271272535183	-5.15779674698958	2.0973076987906567	-3.189062732723211	4.1791272073461485	-3.4040832340793554	2.603688037924507	-4.680595793499891	-7.782628303003826	3.104666186271983	9.100546387556816	4.76208606691458	4.269896730152726	-4.51623599508798	-6.680305761871348	13.42625829126933	0.06129300003301159	24.780174792642256	-3.9304036405256624	-1.0665468474475313	3.797901495129844	16.001129824980282	4.745816495621975	-10.392013580925994	-10.861065284519999	-4.075748837510676	4.130201050008362	3.0015567746433853	-1.8541112215538693	-1.762692632944773
18.605401647675283	8.14068016064895	-10.517026252838438	11.082574755016427	0.8985580091145979	2.914579323325381	-4.809324861378489	9.998017960367026	2.2702242001109654	8.34239399552178	-2.47845148221253	15.390562147144127	2.2156230318170547	0.5282325334953427	-3.8014476892972913	2.348232200558797	-8.020800837633034	-2.9018108973081116	12.375456610250318	-4.0955661566469015	-1.965443019568242	-3.689450812233091	0.6639952961473332	-1.6826631763583946	-3.5035408415124	8.389131802236129	3.838012624881208	17.47365655803758	1.2370625563854913	5.072687736760156	7.010106579431519	-4.838802901936188	7.091731800112185	-5.1765631950226885	-3.868697332792509	5.21870143155673	-4.950838804689798	4.704505111923664	1.73482466257023	4.761284822343752	-7.59483751493835	-3.943478798346362	7.595123969649428	-7.711875225278089	15.448082921726732	4.971477736263727	-8.31900988260059	-6.661525316439806	-8.667925369232536	13.380458001289943	-3.805372315136253	5.547541631736163	5.492733039441769	-5.399453824130412	2.8232981665481023	-3.875720726736895	-3.458718909434209	2.5303235212969994	8.916943671446456	0.45247013648504175	-2.0383639152490103	9.190631872319472	2.5461861174694973	-5.995805361493433	-11.668964930724488	-0.2762162142175348	-3.020695335146599	-3.1742085603890056	1.4170008219746846	1.8085951340993778	-9.258918800002048	8.677271238885677	-12.417512298449013	-4.5408207152887625	3.3181444567612863	11.179475397803161	3.20957013510488	-9.864242859379901	-5.430345098896212	1.8715560998134124	9.170595071654308	-9.417830557165464	1.4640534777999177	-0.11289891852516289	3.273945234695574	11.788023303355173	-2.492430082522299	-3.7142857078935636	6.644782065108658	1.0457342469645443	6.199696474557968	7.116385810158319	-5.249526253216277	-9.527618331822024	-2.7299752866561717	5.476215026939338	-8.473312357920966	-4.4249361085227665	-4.070845087667548	-11.773589154217285	10.768084540653247	12.262714775457448	-7.550805705319464	-7.02010338229843	10.920066460801875	-6.394639926923046	-0.440370289330609	8.576185790892927	-1.1641721268288168	6.725183485672571	1.2063339205485222	-8.94942814859699	5.637258420602877	-2.5806179232580155	-2.546218822585582	3.387057988005169	-0.9368142401406092	11.469762413541076	-3.0432233300452727	-2.417948697356947	-11.720053208074301	-6.837161583625636	-9.31680868415521	-2.2745442852665003	-0.0454098300818684	4.685077015609039	14.293678125820087	-14.525711659076752	4.046853950956869	11.128651445199388	9.857391125058665	2.458131257700139	7.445666481268657	-8.487130752557825	-0.6631809540122002	-7.20632676389638	-4.641015110069904	-11.309570053670708	-16.491887814764517	1.2590052676309045	1.8713738460791374	-1.308375702756943	-8.51989668582633	7.497175299408844	3.4468086428765625	-1.1436957645793782	-2.103707481458662	8.602173809232111	5.853775243761778	9.86795622694611	4.168668012694083	-2.5591893859486454	4.029474004534113	7.013528952347153	3.040646653702304	2.8594916739672342	4.491310050854039	5.221634330297384	2.3803603580418278	7.70814301121966	5.719443910761594	5.837850509109692	-8.382377265081425	-7.009734308612346	-3.676962392778172	5.0645249645241694	-4.858424763037644	12.981191586993706	-3.6026854587486468	5.341916055180909	-7.12327103419589	0.7005253682724932	10.027320502691174	-12.400212250116027	-6.580713793091612	-10.110934326786337	-10.770951331390226	0.32300511388113845	-1.874091350320086	1.4125045136007788	8.39449996989129	5.022294401652089	10.101414878758234	16.473015199232403	4.797667051797214	7.001234416497628	3.9179752048370915	2.8414073448132116	3.4722249950080704	4.221309617366176	-0.2685560938258603	5.3080285634573485	-10.51516726786618	18.033819437220533	0.039437424971367846	9.49426957859561	-3.33379168532487	-4.235534679774781	10.691299365376791	10.547749498042764	0.12752961897912535	-4.010042106890821	0.5803733026681673	12.149790120083987	11.344428295346507	-5.596304952004492	0.28343095919148337	-5.788570526763048	-2.464964012113301	-3.189212873223804	-1.6104188912081885	1.5183280621964346	-0.31827912962941585	-5.116163150281683	0.10548842950259085	-6.949397802579377	-4.76140559938384	13.0804237719718	10.48281397812448	-6.1110291287124285	-2.7381638551043985	2.2055596678889176	3.3429117197594627	-15.66158140955226	-5.603783960800751	-4.349869489411359	9.656889365689686	-8.203283940609612	6.2582082551561635	-7.743479456258833	-4.959960780190927	8.174778054095675	-0.6820490120623356	8.49331624266885	12.122004028563381	-2.062392310029189	-6.08428577722369	8.227540815344868	-0.42746328510686066	-3.21787628088238	-1.5122187512096252	0.7485411596781644	3.5470356832407726	-8.221004721512829	-4.91524155072239	9.388611081280917	-0.6772337743701692	-4.890029661452499	-7.323253773650565	-6.433724119268067	3.138109599402279	-0.8954828892908437	-4.551577667779127	-4.428067246402177	5.102388746028628	7.792347146648064	-0.8539938622330115	3.366824370239534	2.1975676003837736	-4.713446388104333	-6.070737162917905	-0.9149461185689979	-3.1935480192516597	5.5633061233749554	-11.05992774159774	-7.064046977824509	-2.1767345655453076	20.489722641114867	2.472049487833257	-6.704408810287401	2.1759333980128357	-4.7190737315454685	3.2213112791244245	-2.9258852745852897	4.29901605383078	-3.287475740570794	2.8377871878760006	-3.8447694939550408	-7.523860727909501	3.1862629219306395	9.66347857024897	5.122337893835536	4.611038789124977	-4.017991914408479	-6.51010399024813	13.656880307572312	0.3716267856108615	25.139683982735303	-3.663031734705897	-0.9329944920913118	3.894631561123854	16.341729283327968	5.333042346307608	-10.254559469321016	-10.559333430683038	-3.844347969728916	4.296934148230071	3.2235280660736216	-1.2446587148789627	-1.719349757567437
18.80917819670978	8.300302027542514	-10.206228297797104	11.31469271089274	1.122512692088001	3.046149526883514	-4.067779040602908	10.234054988182912	2.973226777997049	8.461581535858613	-2.2607222617089398	15.557442129416213	2.476455540347374	0.908370548473932	-3.4483954395772343	2.7481424735946587	-7.837756312786886	-2.554389393879	12.498246695686582	-3.9919260013157873	-1.6570548831774872	-3.4744674686094332	0.6868727081732502	-1.6053723300093563	-3.3669152655971164	8.856643348920912	4.121582771967307	17.934914515530465	1.4178787158358361	5.403407432620652	7.041548122158414	-4.722469271148113	7.201218612119161	-4.799755286315615	-3.632883778509635	5.887768854250759	-4.539005554220176	5.198932136100564	2.0948659778809637	5.125638948165581	-7.543398427404134	-3.513659941258113	7.691421606294773	-7.378732298902292	16.12660302819394	5.489800308551312	-8.237744159974698	-5.9771812952741055	-8.58251789280767	13.674288623757981	-3.662522262265091	6.054407605297894	5.804322181564798	-5.3850220440716186	3.034278431806781	-3.733426015854478	-3.105610272367975	2.801058228182526	9.25469478717208	0.8434643250677429	-1.751674667774188	9.304038561805122	2.6839462829018514	-5.816970100115358	-11.524870198308681	0.040451869468288625	-2.8273232761196536	-3.163509170918517	1.7486706911932066	2.096269490778543	-8.934033537406135	9.100568070455772	-12.238412555879355	-4.403572943891589	3.8166211232709384	11.736438136218055	3.6921223470991715	-9.511182044095127	-5.18620252473068	2.238589896877786	9.528492690415991	-9.26881200078446	1.8250373659846542	-0.04659719727720882	3.620125417315191	12.170931743419697	-2.400096435786054	-3.3637098272024026	6.879308857300666	1.1998385241254914	6.235919411442175	7.756112092255064	-4.809820278047293	-9.250744899118788	-2.358149296146092	5.72261798538306	-8.16722702392535	-3.943374467556845	-3.669727281633212	-11.54749083642003	10.960369872805137	12.35232593952461	-7.430241385257646	-6.548299496274267	11.105323254419782	-6.012014596030463	-0.21981125834715454	8.960881373138589	-1.015030723081678	7.038491125013192	1.4773236465518866	-8.80957848153288	5.72731777646569	-2.2318615775286643	-2.2290506418562104	3.9580019559666337	-0.651538570877565	11.680086280005412	-2.7053541051547296	-1.8875680821111092	-11.41977714108857	-6.507057747576978	-8.944185500860593	-2.187426533490414	0.001431830906528092	4.817261455249286	14.755385966316856	-14.434380112518527	4.17823866369539	11.319012730298963	9.903009138925995	2.7454331631891487	7.873058025946607	-8.090711072557564	-0.40066502275308546	-6.562118411763064	-4.3278328211202535	-11.128649204917235	-16.43199341468884	1.4728258198343698	2.412937001387886	-1.23995755228685	-8.023301847389623	7.760366304539191	3.8371291290277214	-0.9849990845771195	-2.002231956272288	8.858580260359727	6.250884136670368	10.047105924420602	4.656354207290162	-2.351306109241992	4.307326888679465	7.259860168554516	3.2798904150032184	3.164308222700348	4.690192272333858	5.463121210068999	2.719544381729649	8.019772448388022	6.193890290388737	6.2748960207164854	-8.265111258376253	-6.765847747355579	-3.2240511021994407	5.119990369561654	-4.685174833008434	13.200445731454602	-3.3997059062124513	5.640725856469519	-6.8027979077870135	1.001572132382289	10.791342866247291	-12.169905786576159	-6.223375094526609	-9.897818203121107	-10.237923205467888	0.8210750316509462	-1.6687912469415325	1.8322069109705594	8.753662131467953	5.279318985064169	10.308964264001068	16.48751136917016	4.886299616404283	7.082887124639013	4.237802876880789	3.2730935011930553	3.7815383735768973	4.382432481082923	-0.15873257345221567	5.919338295922267	-10.441463566908286	18.35927261655633	0.5258522434064699	9.727295713785129	-2.961535295711815	-4.024931146160389	10.961727460867461	10.775796141521093	0.14533406359584458	-3.4361162734047777	0.961596455457137	12.398174864869503	11.7292251617874	-5.385656972720466	0.7635378168761322	-5.53741363065138	-2.167071907736242	-2.9362357822062704	-1.3814115389748651	1.5881475331011754	-0.17229404014848188	-4.719506783921252	0.2238770104545501	-6.6048044901670995	-4.546858355313669	13.19082095837667	10.582993190419739	-5.886552640458224	-2.3021229735389035	2.449598909632638	3.632923558103884	-15.492450435989623	-5.034191119972166	-4.200839465998633	9.776265098862996	-7.904265169631741	6.831476922131067	-7.612038890168818	-4.686864753296973	8.619693826548362	-0.12729257414455977	8.652744298462927	12.580246957783801	-1.803098670856423	-5.862619742723249	8.50700193801006	-0.05815003054678226	-3.1427759166533518	-1.3724873198193546	1.0598633992531934	3.7978873625831824	-7.919177214842699	-4.643386273531425	9.570913193024316	-0.3850535415182009	-4.776941071675282	-6.754249386270123	-6.286261113976938	3.5846297592906216	-0.5865118486124126	-4.118461433010464	-4.138472871777781	5.395264428797489	7.9602573084552155	-0.5419686295579631	3.5980986817907064	2.559823187277918	-4.496629833356842	-5.9551489684863474	-0.8933606881001481	-2.684592811104663	5.7888892146006725	-10.95356108458872	-6.7141053844804555	-2.0065575387571166	20.520845747149348	2.5290179375907504	-6.664435585673762	2.5162555224014365	-4.3353785337365975	3.464475804359363	-2.9148282808447727	4.782446616164318	-2.850484108583169	3.023049304762944	-3.521017950896121	-6.859638334526672	3.4447228657670013	9.810461714404598	5.460660867766008	5.248295590837581	-3.55691977584041	-5.932713024827175	13.860337310735163	0.748884657738728	25.44539660664144	-3.2135398141627443	-0.24786174684357842	4.226226888913436	16.692963232874064	5.480319228614388	-10.179377628944792	-10.295553261346452	-3.684042319850727	4.643076094886432	3.340518251419463	-0.9357381504855685	-1.1270760585863775
19.262141106053388	8.770564916124997	-10.165037848058171	11.671884781296816	1.2688535954337525	3.335412822363123	-3.859597757400334	10.414608793174457	3.0190299020906544	8.660154811128887	-1.9865241842694255	15.74020180158972	2.8841231256981175	1.2281420497834794	-3.148827528381458	3.0581794264619098	-7.779434684656773	-2.47844286709269	12.717594773776392	-3.9576955976972066	-1.5223069498579633	-3.325166091024068	0.9264901014900051	-1.0167930710631707	-3.174799058422602	9.028269139498988	4.320454535251917	18.02762402022306	1.8051719708587826	5.822070966987919	7.799762472270719	-4.506617483569058	7.449392034535605	-4.427668338621802	-3.1991467087988936	6.18371309653884	-4.145346518837001	5.444751066395905	2.7302542230453275	5.392449990053851	-7.272500156684147	-3.3032635752054467	8.216932362995763	-7.1385768703686585	16.195627953046813	5.736319061842766	-8.125409757634177	-5.865828065169567	-8.185510529364784	13.724063282652908	-3.274137085535206	6.264095530816724	6.183181747425592	-5.183222580219444	3.1725602174455454	-3.6536854479929795	-2.780269511016885	3.2356351216586585	9.417572269499072	1.1910445323735215	-1.610572126520892	9.734355698109862	3.1890305056882022	-5.608345557380689	-11.391826030543172	0.17897722901126453	-2.5499707047714812	-2.910933895552231	1.937989773935485	2.375836301448689	-8.714812243889794	9.405524318205279	-11.834146704148742	-4.195527349137846	3.9733713760828264	11.860812644920731	3.805139039254357	-9.328940743243512	-4.96996382890949	2.375348929281103	9.833588990156029	-9.078676302957858	2.1401968973257017	0.045481611168802706	3.763102672711401	12.391685119942096	-2.1801350679798324	-3.2680497171533993	7.149246850707764	1.4203919062679475	6.461210865870759	8.086973874954698	-4.430730359686767	-8.717264615825705	-1.8898370530500375	6.077404608298459	-7.922058628316437	-3.8625931070861137	-3.4249585293427733	-11.309568831054092	11.297129308064912	12.576489372087424	-6.997715980597312	-6.015660222453551	11.36296676507702	-5.57201189478197	0.1781145781275276	9.038536525158065	-0.4183786681881971	7.0593730041209195	1.5867721220571227	-8.384363620311294	5.817320320584187	-1.9233065879561473	-2.1118588181177644	4.0876526524393855	-0.505939339069259	12.083059923674861	-2.6042293833502654	-1.6497709803516387	-11.253181203066054	-6.293242321689228	-8.86270013313222	-1.949611507539959	0.2489388990505091	4.99386790893065	14.88603601844231	-14.352648355831004	4.4195633122385205	11.52773062140804	10.127146904987463	2.907155706489382	8.258316123540311	-7.887777656327866	-0.2300732305425692	-6.3035036657841115	-3.8296152361563283	-11.068318296279536	-16.19064439526087	1.5623949615739607	2.6327091708344073	-1.0022812068437028	-7.757377904796406	8.041733873039137	3.942819162098675	-0.9095542990547948	-1.5896392737330751	9.464730331319872	6.308320820643122	10.150550609145453	4.872559396629262	-1.9593216500680977	4.5087982141097696	7.635549464572461	3.550369919526626	3.3948749182034335	4.937900787408012	5.7569484730786895	2.8817392532221198	8.21235306178697	6.374842237430489	6.628514098869542	-8.092326742885714	-6.673446483063674	-2.6717518705689574	5.35551553747633	-4.505093589490468	13.345671593707667	-2.95723445813397	5.99099079137054	-6.7441785184173915	1.0866340923081295	11.062802222053833	-12.013347545206916	-6.1406893241777665	-9.846770751835749	-10.064022975240416	0.9751745805774046	-1.5033712538055486	2.101262626051155	8.963289310831398	5.460780066327204	10.484822127300943	16.747600526794905	5.1426451715731325	7.2700033393191585	4.492776739580919	3.438311323930746	4.07161333710844	4.715851259364213	0.06407791111058918	6.018406324490035	-10.029130120751269	18.41052349633568	1.0024479625058067	10.096631500599328	-2.841317229814542	-3.788453313511911	11.204836642674964	11.10467871258226	0.2849659644601178	-3.4060210245799176	1.0767140585061379	12.735377761970812	11.833330018042437	-4.994524556199291	0.9604434500939505	-5.464504220568267	-2.0829931352428	-2.615555879592608	-1.099662157616649	1.7856438094707217	-0.15840675553436043	-4.6278998731757905	0.7511605166747047	-6.306238751509008	-4.484229238039903	13.752193860154234	10.817926062405244	-5.832560945741391	-2.2594916553325426	2.865573202381766	3.7551638504577864	-15.036991768829603	-4.763677518162617	-3.9621821165010442	10.133058107182771	-7.653748960512372	7.109276250682642	-7.198616164286755	-4.5716844703686865	8.91827450261857	-0.010152231020459547	9.402669677998713	12.756284983097297	-1.7169340409868938	-5.5742593859856955	8.63579710108525	0.4129408113744465	-2.801975315888337	-1.2172718756264247	1.2986093268104657	4.008097705565036	-7.690431253253017	-4.459167189199527	9.917690166229367	-0.02565928122996532	-4.56181173778417	-6.727188601189121	-5.966726629670317	3.7383531026437056	-0.414886008835544	-3.9738201140923675	-4.081318406609129	5.741733580470308	8.35055495350942	-0.32247356428504254	3.8890862957942387	2.9169986493186024	-4.374106261998115	-5.57826253984716	-0.5716186334645963	-2.472366400531925	6.086197729326189	-10.700510662130762	-6.502064981142332	-1.7378348464200202	21.009009405997457	2.7379661274707185	-5.978725616351469	2.929268210688973	-4.146297761134164	3.6228484519499835	-2.1337142932946715	4.995161395008785	-2.5775240417482794	3.0872460064107887	-2.8641273871256705	-6.631425622964827	3.849969521873796	10.107780411321638	5.704851076037675	5.3918438150647745	-3.323611482088612	-5.850880072548935	14.205570990861252	1.2734118496837328	25.561022653790182	-3.1928758242323916	-0.06190585525503088	4.489324285631424	16.90337019528937	5.8429643959651925	-9.85737461003347	-10.088932738549149	-3.2815204791657293	4.97145692277501	3.677158940590028	-0.5872853637351909	-0.8257259428549395
19.613648886704738	8.97564266693549	-9.600487582665343	11.87096444364896	1.8609724129116405	3.52907474192192	-3.520687074592204	10.654908558128128	3.4132057282008565	9.012769181887471	-1.9060267535730295	15.924080508555916	3.094270247963826	1.3742643357764042	-3.0620715400155962	3.3308906042271023	-7.720053467802266	-2.297454034045931	12.838324133613623	-3.3488249091052134	-1.4579694916414203	-3.1960838692673423	1.222203374155616	-0.5740697902280906	-2.756714482540931	9.264344636650153	4.724726507129322	18.170767732835877	1.8659851318714171	6.054117956045323	8.186310925438821	-4.124997892056883	7.528546710418464	-4.105338502724565	-3.076689119148408	6.365231611564831	-4.016790696153401	5.987118020134907	2.8188875249322325	5.642242994500847	-7.213440886878721	-2.9982297058334066	8.498574084409274	-6.802842746545888	16.332469095396768	6.3357306058210945	-8.094509026838264	-5.5940946685845345	-7.699625819598224	14.137809822330452	-3.1177408772263053	6.645034032711401	6.2178499739238005	-4.8918365691684835	3.6426384117057173	-3.4909326535157597	-2.5395225237318924	3.540743005008009	9.57966012832064	1.3584837003763126	-1.377394467500174	10.078057642828087	3.35796218156973	-5.280730655391435	-11.235772973288551	0.43151299768499257	-2.3369433758577225	-2.3695255619572273	2.093525987394877	2.560119406849841	-8.259619876066544	9.666412414172065	-11.809024888993678	-4.001587525754498	4.152726561655922	11.971077445766793	4.159533028134834	-9.184418843167665	-4.623126471012811	2.7028776815695887	9.929823466160444	-8.882198018891614	2.6025350903454294	0.13387065144417257	4.653536825560233	12.708710068902827	-2.042673783215548	-2.995025837143972	7.353648223229445	1.5268241263501123	6.671976568991783	8.361971077161531	-4.162915469570941	-8.4152265211543	-1.740127618178129	6.236201306478671	-7.777450415642496	-3.60533785561011	-3.3719022124079667	-11.198855290445152	11.375405462009105	12.645242644676106	-6.958230891125635	-5.571535616278889	11.733271902571403	-5.371125653944744	0.46823735560629565	9.23705657107108	-0.016479709742963693	7.1988943156067835	1.8991757648609418	-8.200376631728549	6.134688307745441	-1.7479513673253406	-1.8253911856927723	4.178880693151102	-0.39915582951989753	12.366725470364742	-2.4905878461691002	-1.4560353427095274	-11.139499374831384	-6.1292080760709755	-8.710300393569813	-1.8242667262059848	0.46365841285395937	5.142895394499511	15.379504808530516	-14.334075216873872	4.54010492301766	11.731494721934304	10.622628475483896	3.2349121346671015	8.719869462003379	-7.60479324977222	-0.14099621194583606	-6.005220624471479	-3.723897996327833	-10.959055287640592	-15.733511103564044	2.174200841348894	2.751423921015563	-0.8067220634709794	-7.7147055444835235	8.144454325217	4.1629241812495135	-0.4865499715050045	-1.3677225383943787	9.552059521934636	6.656756093794735	10.369734693066249	5.19460359328353	-1.8056830865784677	4.518133565895412	7.703615691584072	3.7869095390606593	3.5807011907327913	5.041792374184513	5.937695535087924	3.1827679632843715	8.41583138466467	6.556959987609794	6.650310146174413	-7.751069885544999	-6.313384457630589	-2.4271315163147187	5.600110944642583	-4.104192516295706	13.652379583288704	-2.9117836158415042	6.077272559602224	-6.430297698799851	1.3431616750843072	11.164509426663871	-11.905077412789986	-5.824507404033643	-9.586070131826412	-9.795891254419743	1.3779360536304672	-1.2854680241614607	2.4003065225230413	9.353300559592826	5.7438615358137515	10.867993767985574	16.897359192526466	5.407324219612175	7.504284254160686	4.547854931115304	3.5010723157789165	4.396230083353103	4.8311747733551575	0.41783141353126485	6.136424939437948	-9.557543811155456	18.57838402422787	1.1603671800207378	10.315754714446545	-2.4730254507646814	-3.5369568353179677	11.452832889130812	11.471146346697092	0.5850315168920784	-3.1497697859883886	1.4159228014034	13.012056950382716	12.054245529063278	-4.825651151820641	1.3723446792687868	-4.907908006802986	-1.6922943879956374	-2.3630452791961023	-0.7280815094275254	2.0333653125741193	0.645770210006497	-4.525240490989959	0.8413860729361602	-6.033062083324035	-3.926761662219032	13.996296876427767	11.004133106792851	-5.571829767201292	-1.8329205217510862	3.015283485810816	4.110849246482402	-14.78845725974374	-4.5800880432265485	-3.7162181028857364	10.364818951416257	-7.451823201731193	7.380493773504135	-6.944301748726982	-4.395320429774288	9.11531138882576	0.029255488402896816	9.865085646142663	12.862659823192395	-1.665177487752179	-5.251218350642209	8.742100471527474	0.5420970564836022	-2.4493172235046057	-0.9472022587628155	1.4821790726935788	4.510106105852567	-7.48811615013414	-4.210364739778593	10.66591666466643	0.35760339099640126	-4.201369840818333	-6.537405985556523	-5.865524130719745	4.020962039442815	-0.26068147883096415	-3.6447135323505977	-3.9422374673929617	5.998288965087637	8.459907293806676	-0.14892583824039288	4.0806404486869425	3.209995083890365	-3.9977574933261253	-5.34824603939566	-0.14810410750214922	-2.2380629901236633	6.231469882185271	-10.379007501941667	-6.4630888364067145	-1.543711981489597	21.032870166734156	2.797784197209646	-5.799562938218835	3.059259800171471	-3.8073355015851895	3.858642714835294	-2.0453307071858275	5.0476875759284665	-2.487618788177115	3.3835401677901906	-2.75584806074185	-6.089721509175945	4.043401480645023	10.2636734295029	6.262381160301829	5.408218023011939	-3.244312731775832	-5.556625056947926	14.640870639119218	1.3483876769110292	25.71692262599326	-2.8089316072592188	0.14380333129410755	4.690459952000772	17.131950073474705	6.094696796404781	-9.772158744670628	-9.90541896436581	-2.9270540226964914	5.217873755947607	3.9645788446812675	-0.3869533655709806	-0.6776809349911262
19.786672295775936	9.25546320132044	-9.478442329854689	12.369657210087675	1.9617345504903168	3.5848065207385518	-3.4102403524485982	10.901887800819942	3.6275100499999	9.208172613282372	-1.703953501517393	16.14385509089787	3.3494948558599624	1.8388788301874193	-2.7733159695068603	3.427427404383866	-7.384208367182094	-1.9911198659185905	13.123917108456274	-3.0362886130540594	-1.0959704676899826	-2.914648766951607	1.3626126929527296	-0.3923344440971045	-2.6545738520579225	9.390067270712095	4.835250744314256	18.563267043643247	2.0896396315883807	6.380224647348042	8.429003368874668	-3.8852580643759316	7.834043180552571	-3.9943627527951784	-2.8295626736215174	6.421609308655886	-3.9343897488788637	6.098788625002408	3.2061636955193737	5.757072511130584	-6.962399487905267	-2.930363089879778	8.578888518817593	-6.318864610104989	16.874659694117124	6.515145797760326	-7.541934127892176	-5.4369399416896975	-7.626880124653023	14.267698608898163	-2.942805887745049	6.990543638145185	6.6837037038848415	-4.564418525889875	3.903109334442958	-3.106063622254515	-2.3738931921591164	3.6038492601550995	9.943016086787548	1.48323650143036	-1.1955046365555224	10.123136153993604	3.3863200853413438	-5.153734307293504	-11.025796669725372	0.6509067071598703	-2.0588579125215802	-2.3115670400661354	2.325430349217764	2.7589856960911034	-8.136300108932813	9.805475964749483	-11.61383144373442	-3.7995518153381274	4.220179296947673	12.43082854460988	4.296458906911608	-9.102084255754537	-4.423846530816659	2.9578029849181	10.137720472051564	-8.800533731101405	2.7155529379168453	0.3561513249547066	4.818407598606267	12.997115181636829	-1.732597825724312	-2.7312944634661953	7.441620281646063	1.9811916700140735	7.131551043714233	8.74246406728031	-4.039990048295626	-8.291120487855634	-1.6114240981311196	6.5265792302106105	-7.440548993550732	-3.252352065164245	-2.9022168094854957	-11.023190362307686	11.745346528429128	12.875673610010951	-6.660640226919952	-5.285429401471009	11.768385959912559	-4.95943333513067	0.6407628293677761	9.453358117001311	0.33122368192040347	7.664791445690701	2.35250054571388	-7.940535800127606	6.399464597456712	-1.4776480699002215	-1.3949638278505565	4.553986912246352	0.14339073963555568	12.621754269674073	-2.2516426341933027	-1.1510295657441219	-10.69790240885949	-5.970663607161065	-8.189840897002478	-1.4705530761305246	0.7347347821881087	5.503560146996254	15.615323773594357	-14.04003982592044	4.7873120200195185	11.820493526479488	10.822755385045628	3.4516052827974466	8.834894528562328	-7.452830469851049	0.3347262140804321	-5.879004861997731	-3.6705421612237275	-10.768266031004583	-15.609150496748997	2.7206707121670752	2.9709361885503225	-0.6425711256781736	-7.270012880878886	8.37436237258401	4.442230188112575	-0.24765152483177394	-1.0188084689830386	9.62926427082718	6.986393637384945	10.705059794888534	5.451327732566874	-1.4821027095376094	4.757177906976059	7.876196532657196	4.128404922647895	3.7412197123560453	5.499726820539038	6.27556363412115	3.41253110037591	8.6277666711499	6.902998876336525	7.0024856491728915	-7.588944897730988	-6.189102942226133	-2.1465862494980956	5.672321738816194	-3.9159809954679585	13.872135054248176	-2.721023447539424	6.221979919725566	-6.16234798689933	1.6510983744901597	11.723987910062437	-11.725098922911696	-5.532999344834416	-9.451211827604304	-9.613202166027584	1.681457521119112	-0.938840914116049	2.5513536353220343	9.840904482703172	5.968035996200135	11.033784062064615	17.304531705163757	5.6817596169493685	7.685800110682861	4.96765277177637	3.8297180621411386	4.564364464120313	5.102635297513039	0.6063734205761909	6.46431486058443	-9.452315277931799	19.072419412537933	1.6848255607270457	10.379197235756699	-2.393553696286245	-3.2498325529986447	11.550172452277746	11.54870466672696	1.0276520603773724	-3.107696974036998	1.5414991780794465	13.26405421635205	12.46245704229008	-4.5482152856266485	1.8662340230062686	-4.669450629421837	-1.297275752792899	-2.2564427107459815	-0.6315789930608756	2.1236105803907708	0.7780283848411771	-4.013626037198276	1.076199328041037	-5.9635709803728885	-3.718485037409368	14.103578957907212	11.474994768299815	-5.502036278738507	-1.7337344118207016	3.484779209249928	4.548489502168761	-14.440866531559129	-4.453280097420904	-3.5150536942514092	10.638245773816463	-7.194046505577522	7.795078947522796	-6.629049322529148	-4.231479261467842	9.477305402493522	0.4915237875710902	10.134942182469558	13.011992698867404	-1.3002968036708658	-5.132970081716534	8.847326250494612	0.9443853864381975	-2.1704135218166587	-0.7877381125873927	1.7614826861435398	4.659814096357311	-7.396813077566538	-3.809254391372064	10.847014605706482	0.4544353943607121	-3.9974344659986154	-6.271333219827312	-5.574024169628395	4.235655430153754	-0.05539848331155211	-3.583375070130404	-3.5586101853835292	6.311534577049819	8.742514970152595	0.054022337313083785	4.298160912940847	3.604171519168283	-3.748392193646155	-5.016499734155517	0.08049469962104361	-2.1178918060097045	6.526283833434362	-10.070413900161757	-6.20929481374871	-1.4797483421981692	21.439587785523948	2.885561271769615	-5.479964038577368	3.3727137136351724	-3.6382201203128717	3.968416956146788	-1.9653861637266035	5.208440618665055	-2.3297871704204804	3.5234036112173284	-1.563279413599521	-5.915828340152025	4.2546692099894186	10.321146246716882	6.534215160466303	5.684888940632329	-3.034065409762252	-5.304079368612651	14.663337212902752	1.5982908216369218	25.99367259688596	-2.735775532113754	0.24040972174714234	4.827676951812863	17.447845156344087	6.253369881743083	-9.43869718654313	-9.794623779094568	-2.7261566542579345	5.312567541106431	4.175299417137517	-0.2608174111601099	-0.5737807011948934
19.94885652353513	9.46900866702734	-9.331632240041783	12.563216118406439	2.1042493856381537	3.731157954264259	-3.003094904420057	11.134494881599137	3.8725443929439307	9.372154949171929	-1.4971094544699812	16.33556620796621	3.4388423023315218	2.09872809070887	-2.3066259450769935	3.557237621693245	-7.294078809083766	-1.82900885436129	13.348412220974721	-2.563251508274512	-0.8080192362252016	-2.42813195736189	1.6774834090411976	-0.2810810483971677	-2.3320143771687403	9.75399377288268	5.051778950316538	18.746757600276954	2.2766633379534986	6.479970558230379	8.566140479905787	-3.721135765600389	8.302382262100304	-3.863451174871219	-2.4834408615074532	7.5677326250494925	-3.78885875390494	6.273600643058022	3.330735623146739	6.153344045698202	-6.642143161246852	-2.691539968051071	9.058650992804328	-6.190908249237752	17.28250806337773	6.616051625077344	-7.4030202304196795	-5.188518613437232	-7.548025769158564	14.371630875311064	-2.6073417754162787	7.073016969078416	6.843374565982592	-4.332139702972945	4.031046352151964	-2.70775078543776	-1.954363471615417	3.7390435828490887	10.196918803339216	1.7436483396586628	-0.9450194728635782	10.33453690687012	3.7503808166479153	-4.944693866616217	-10.964627016081687	1.053059239033082	-1.9326601062649045	-2.1340821168853754	2.449967410491307	2.8627855125083843	-7.999112689268387	10.024493935436867	-11.50131018964985	-3.3023676344366444	4.612281801139591	12.79091678667492	4.573208833526862	-8.909396582454685	-4.150716538514152	3.4199932077678517	10.664706489394572	-8.479980802375948	2.879597086308821	0.6727791885012477	4.9651616747697	13.575849679423772	-1.3654452095686203	-2.6067830090452113	7.678723321732238	2.112663617682868	7.244660452725341	8.938492045621917	-3.9684295906400573	-8.174566693953846	-1.259909162181939	6.632409208622717	-7.2011118471842055	-3.16093564286005	-2.745161605277803	-10.676784007448884	11.963470919788008	13.26370051474888	-6.455195165384379	-5.179794389075651	11.911144251995115	-4.948072250553451	1.1778241224898285	9.756940838455025	0.6250723786982718	7.94351634914019	2.905382250719078	-7.601294235549846	6.569640551060711	-1.1209520818827117	-1.1019896283481774	4.967659806970702	0.412678568862456	13.260915666183255	-1.6068484135874428	-1.071855476032005	-10.49265269472036	-5.699356561571935	-7.8181195115950395	-1.3403225598751367	0.9127798858038118	5.668620237432528	15.713025719217775	-13.587902346361474	4.87173372023312	12.125874331804024	10.971314238707897	4.053580567195083	8.94680172088545	-6.924905207252879	0.6548201474351121	-5.582468656993965	-3.1618356299465598	-10.59048555694705	-15.174100848409712	2.791303314458254	3.180880224581302	-0.4219584050908369	-6.800695350906467	8.652179365691753	4.677614353587421	0.02153667637261958	-0.8253140600453459	9.96338981037009	7.227616994031895	10.860284367621649	5.582648273315224	-1.4333525622221694	4.847571108059738	8.146627307094654	4.281630574849423	3.980840478525774	5.7925220859599005	6.341673634538267	3.8690791658936226	8.760089523802993	7.485200897512557	7.224684665851632	-7.491842139945637	-5.878941427686038	-2.092396288372546	6.082117986135327	-3.6178096722675477	14.322920192024085	-2.494054883927848	6.445472632959962	-5.950804228395839	1.7459387156756965	11.863621724187112	-11.429162590709897	-5.306961498289736	-9.108226055939245	-9.299541501002535	2.047331589570849	-0.7719525879284963	2.8656326856667023	9.912770970389015	6.330902611906114	11.45658069194076	17.400691904775403	5.817761041426668	8.05889156258912	5.16669121404879	4.1146455641442286	4.834024442487962	5.335480822168009	1.1226878669257674	6.752469401491196	-9.294245299715174	19.647483940906685	1.8944511960033832	10.785521808757505	-2.259726330663407	-3.1463549250066642	11.744031098892759	11.88133216115039	1.7125198966214978	-2.9013501253516134	1.6191328581690347	13.539456099916972	12.80248254756342	-4.433161581035839	2.0709147624561424	-4.5427881454352885	-0.8770164498974645	-1.6469390980029057	-0.5364136299258605	2.391119866508942	1.079892698971731	-3.7137751186984373	1.3962099179451062	-5.825590795141708	-3.503077275235264	14.307979206513528	11.791697342513304	-5.244145734480798	-1.3673318632017561	3.6831698766432703	4.7685023543974845	-14.260980316576822	-4.271109924490421	-3.1749781491043034	10.986245326588833	-6.542710514679843	7.84555628542504	-6.476414136532793	-4.078727016811322	9.755864833863038	0.8098648232017428	10.368239390755116	13.353291485598318	-1.1564673957890552	-4.997107974156241	9.256301812207674	0.9582821804175853	-2.1108535479758674	-0.5293619629323411	1.8297094750648164	4.747458578979023	-6.752712843893024	-3.6850248568645916	10.990904282370087	0.7828545222358665	-3.8477591045385906	-5.848297278171107	-5.442129718222537	4.387239394870676	0.4520744961870339	-2.9524225437996994	-3.3267556726030483	6.439725788442343	8.911554064034576	0.304161882807862	4.451172541752765	3.7096884091844617	-3.50086172609637	-4.887470839504162	0.3429063367736203	-1.8445207126883525	6.592134050486825	-9.942242859485349	-5.838542637218146	-1.270688377913112	21.593487202003487	3.2369894633420415	-5.33881038574375	3.5183231661731775	-3.3162038754408214	4.13178631125789	-1.9024258723389753	5.317013926505445	-1.9818489503607117	3.576286199408116	-0.797425837254781	-5.356856112464123	4.341091988852654	10.733919772678247	6.58682465132012	5.7537601855680585	-2.598031971360219	-5.011049915240729	15.117865446463794	1.8456542465124681	26.169706164597812	-2.4250469195024436	0.3821336912552175	5.3486824974860365	17.614516304640254	6.482452593906648	-9.111799814866997	-9.444261976821396	-2.1068879407692283	5.6655635034334315	4.368965846186744	0.06715143883373086	-0.394455757357096
20.206315000783317	9.89920219008438	-9.094682061285862	12.654239876727349	2.3421359352524482	3.8595894411810234	-2.7807850238773186	11.426557149073004	4.119221562438043	9.734446674774032	-1.1825635334611886	16.5599200936609	3.6854031123658304	2.237163252720756	-2.1062478267090072	3.7132708600731514	-6.720062216042197	-1.3102742705686956	13.659675022945947	-2.429045603173362	-0.5644631918894499	-1.9469536159759098	1.8996207588983276	-0.09365914297961205	-2.211163154040705	9.808068996900163	5.22557969845847	19.067615068924763	2.406915107054435	6.702186698238745	8.77461009862004	-3.2458340401687034	8.48231516553502	-3.7192730218591787	-2.4337615449887964	7.647946158931861	-3.4291858390929018	6.5863244070075435	3.6605413566591016	6.500572244577621	-6.486009930299706	-2.236671674743899	9.593932253928905	-5.907519303162195	17.492829023483395	6.740172529579032	-7.172434661821031	-4.985320986629103	-7.324398203375289	14.691870561922707	-2.329491016041199	7.3605393901516765	6.962169960270747	-3.8942800619121023	4.111020095078498	-2.582354955733435	-1.9258657800864039	3.908651942748543	10.39649383298683	1.9971921598429665	-0.7493643236678196	10.432869241532574	3.7812765807529893	-4.703880781420054	-10.611508749415002	1.3244451631208571	-1.5818230327317302	-1.795707261337189	2.63308468448161	3.21656249656261	-7.77855221898825	10.197248181663308	-11.06179990463556	-3.108000873735187	4.754429176942857	12.842846841578886	4.779426989109098	-8.42502903503715	-4.034228293872599	3.669717846525554	10.821937646870598	-8.142749852629537	3.1598325665734253	0.8129675105841718	5.562026734837209	13.848423158701298	-1.2211359394278938	-2.259379211922247	8.062840135335433	2.2173958714689723	7.393483310572607	9.191580179757533	-3.7132827899659935	-7.932047653805905	-1.233306955416512	6.82177540751043	-6.865556971368758	-2.425524230556259	-2.428657172904384	-10.517286472676485	12.126916106475852	13.369906431565205	-6.316910312456216	-5.02159051139699	12.18495055557851	-4.69897155422193	1.2567974414867418	9.910209352315354	1.214196031391043	8.254911694046907	3.066046015447266	-7.49972849822435	6.9790551557308165	-0.8729951558557165	-0.9601408133000175	4.998076757452097	0.5742176068953639	13.384399362523363	-1.4951814432892665	-0.9716690083435445	-10.406047016513158	-5.5767939294432525	-7.624199193437579	-1.21601821335372	1.2227805991996223	6.042134506396225	15.792915825251983	-13.29337532998424	5.02520508864609	12.646553375903387	11.185017152050694	4.153749324045053	9.146512386606659	-6.8738845075329476	0.7547244237649724	-5.488810816583705	-3.003834067629245	-10.058011562208522	-15.037902511110268	2.9792377905874243	3.287488741765237	0.1401147502041274	-6.6221834571498075	8.85780054407382	4.9715741074686335	0.23451790695968794	-0.7452967542601858	10.090976338635581	7.405621282937871	11.178292467156188	5.7149036714087735	-1.156833745228616	5.041699839151647	8.279274980616984	4.440752002105219	4.124984980846758	6.005617866689418	6.616422391052457	4.345267341478379	9.258640359843344	7.637578246186728	7.501983769228553	-7.146715845946894	-5.709429034076129	-1.8604418435791283	6.391718578096073	-3.457906963478893	14.336515754242864	-2.197462849875105	6.6666857835922535	-5.796903762606151	2.179755604972164	12.239849624530983	-11.161961261970205	-5.074539358694115	-8.756958131654477	-8.938822903771168	2.2167041928024296	-0.6907134902728089	2.9924194087887805	10.232461242552082	6.783386587006557	11.87911612136886	17.658964357386076	6.051287159323681	8.171816103280788	5.623340325602245	4.26485635506373	5.069519499828394	5.625016867580294	1.2855755515403908	6.799987396755299	-9.201872779631115	19.8014847506113	1.9947655654914667	11.025756618329414	-1.7414319077130378	-2.735190802957792	11.80622414639299	12.02863186494168	1.9485775331662827	-2.5899317538388367	1.931149655897119	13.663886396665182	12.974403711689368	-4.354123397024995	2.222067772637073	-4.423193258922164	-0.8024727407104828	-1.5014310235239847	-0.30975157105346673	2.564202292536508	1.2629456831121815	-3.3507458404415296	1.6652564571199708	-5.50652732923525	-3.320900283027286	14.496530692434284	12.035407327589622	-4.790807004530264	-1.2499372223669087	3.7959586103080856	4.982601019919087	-14.147987273202329	-4.077653544089359	-2.8258007680544597	11.087203115753844	-6.475302420635342	8.104082361754058	-6.3945407520636115	-3.8058723470197715	9.803732622529509	1.0776252972575784	10.790744220789573	13.78779580312483	-0.8848646004831398	-4.721178679176812	9.426544528743882	1.170780646472712	-1.813027880080523	-0.3391147242116904	2.3081668295541844	4.9481592442630244	-6.4480271273679906	-3.2419706813355207	11.129466152863973	0.9110308786194877	-3.449913455596062	-5.453116830763646	-5.1053651032917875	4.807506089596792	0.5162842556891979	-2.759380177307458	-3.1623896150622937	6.499590160793308	9.316983665447017	0.5142374986860265	4.559284055887674	4.214765584752333	-3.171614214440275	-4.419666293771077	0.5917504822970338	-1.544999718329246	7.06739865512182	-9.660207580057225	-5.729560594238491	-1.0437451055360762	21.700199415228926	3.45390060849346	-5.141643706741276	3.693205517167873	-3.1839947071965433	4.706999693120477	-1.4387481141679328	5.727890872637166	-1.8274739448270754	3.790088884585621	-0.18625298393440404	-5.209197856299572	4.412585898042004	11.091157238367453	6.637852523720344	6.14680701888034	-2.506924536850986	-4.977615878041355	15.20407663900993	2.1706342404189614	26.261683913029106	-2.208422265990889	0.5670252575028424	5.510199102695814	17.792698930820194	7.008613160244329	-8.91109359583637	-9.326848877118419	-2.021207366707903	5.727606521208842	4.689596317871914	0.2909040909934778	0.26540219056609843
20.426119911963465	10.157058117434962	-8.928702562698241	12.899649030266707	2.699335216965335	4.1385262098308555	-2.5456185617731415	11.635431377629944	4.295631201719826	9.965203795467458	-0.8415760941563876	16.704908782865992	3.834032797182187	2.4888648582103805	-1.950495299483249	3.995226064601444	-6.589507566387635	-1.1893563206781386	13.945044999846763	-2.1937517126276336	-0.167939819436686	-1.8709878137030609	2.435427897321079	0.1634374715946686	-1.9083171045407619	9.968399535609981	5.407445760920545	19.251633312151128	2.7172232922474278	6.750911838164258	8.860878415081613	-3.1067102930626294	8.795471121927177	-3.564039711578064	-2.186051511720765	7.870006706908222	-3.09812766808059	6.844154810273174	3.8727516630357273	6.747494210030885	-6.380706844298735	-1.903011493258815	9.75043164096843	-5.8377505540210315	17.53835739313591	6.8828385843171525	-6.869592710395394	-4.864022732099401	-7.16516989320766	14.757298707940919	-2.2808635660840677	7.482852497793764	7.137161506407477	-3.81641545018246	4.306694413177979	-2.2962714666050053	-1.8070849080972449	4.005155630955478	10.69120863482963	2.43141159622812	-0.286912465328672	10.474981179317663	3.939999661072086	-4.3876966094336725	-10.5508826204536	1.5212567265952424	-1.4337836050786885	-1.7542454643111194	3.1110126093678185	3.522472041069553	-7.585329524212616	10.790043144297131	-10.645533657659415	-2.9162471127340264	5.12449377495739	12.948460924871647	5.129004396154233	-8.13383463960112	-3.653691005993805	4.134055503364552	11.260436172492147	-7.6480594244571565	3.262707701705002	1.0555272189001468	5.896925997871227	14.004080903993307	-1.121883865057329	-2.0728079282538214	8.181883333611763	2.4541734968035227	7.682981637467067	9.564945718662699	-3.4747547449015572	-7.928530987709213	-1.1207286890374841	7.165925792566537	-6.735022279082451	-2.3682688151583684	-2.2944986987273364	-10.403398970810768	12.219064509175528	13.618940715271062	-6.127591574903738	-4.861451277388835	12.203428131072688	-4.544286628221368	1.785767954342976	10.183453216977222	1.323735261963834	8.335837247068831	3.138300782724611	-7.29799316430954	7.133949535888139	-0.6978461741970657	-0.8248173757746735	5.2117027030171865	0.8947774325297932	13.664631393886884	-1.3712810185696869	-0.4118966749764154	-10.192427857524557	-5.522264522642046	-7.489758399920728	-1.008187991369087	1.4035975152942026	6.2575279967573	16.182793811938843	-13.176689809658209	5.304675927438788	12.945269070545873	11.563604585730353	4.435787306475121	9.292545740742296	-6.652097949845358	1.0868137140779552	-5.12662437840476	-2.865044750321025	-9.875556490479374	-14.91469998927658	3.1491094839132407	3.618386750979774	0.2941108546202638	-6.551109665130552	9.470395201224248	5.199199059390415	0.3742956671896005	-0.4453765995582556	10.2850021778969	7.82394396634501	11.281800208054861	5.772746074345157	-0.9756028958867173	5.662042935389453	8.609661344192853	4.484566736949408	4.238708825872181	6.291050281879419	6.697256906579872	4.366999407749519	9.468586744288421	7.74357139219045	7.857602736767538	-6.966377660303803	-5.5545563555221955	-1.7075547279625933	6.562745217910479	-3.427720706960699	14.522122260300854	-1.8599746641423174	6.76057859236335	-5.532433348033461	2.2089629115388147	12.414392901019577	-10.900332964008008	-4.863074405976601	-8.572254288743704	-8.856633880255316	2.3208317965298715	-0.5546934927792997	3.2465859085922446	10.32405389116226	6.899316150231776	11.949946214877013	17.8674220131727	6.270302072772482	8.519282644298578	5.941493600754278	4.466249784974061	5.435526222657248	5.917489463151835	1.4256177244222026	7.278696299579474	-8.819862347635416	19.952634762311963	2.1039167753014048	11.233590848052769	-1.684402910891828	-2.6596341920909166	12.008772972647543	12.245811870816897	2.236249155056624	-2.2611908958177165	2.0857018762936375	13.69123494524472	13.21896824485933	-4.022042373683909	2.3419700317854324	-4.341756031892023	-0.5909497325907218	-1.242682519644977	-0.19129897125125347	2.895427829086622	1.4887850612976052	-3.2829140967275467	1.8381289197103698	-5.381718878551666	-3.2367442325452918	14.774114213101404	12.370182112016881	-4.337094147478947	-1.0282176922262853	3.9790749460926316	5.129681209535046	-13.818440547109232	-3.974655015105812	-2.6713841645425287	11.298422878708093	-5.993682574073147	8.526808131513626	-5.892880437804802	-3.474526544127343	10.339032704151776	1.1863562981200286	10.99811565952379	13.819427904508652	-0.8119439887960308	-4.2849791561381085	9.620851717710714	1.3554100617538445	-1.7245339303584828	-0.1338868211944368	2.347100242211962	5.2080309971453955	-6.208846792044229	-3.198739465918277	11.495964019664479	1.0480489928411618	-3.044897543065306	-5.2476927243206495	-4.662036627381525	5.047067605061362	0.722737483957896	-2.734263775328072	-3.0856172302758256	6.767704010941099	9.449996867703241	0.8643824839580115	4.820971553780406	4.393845023744134	-3.1225604755127034	-4.298782563895563	0.799317373446463	-1.1812274482035143	7.380121262653053	-9.491312409389058	-5.203956796557116	-0.7590961363137689	21.865534042382347	3.6819063484003967	-4.982178921618987	3.9119132065937503	-3.0760008498218245	4.796540301698579	-1.2303263423293578	5.897995140343084	-1.7085833662685395	3.9845558883429546	0.09045793328186998	-4.915506461244399	4.748777231151062	11.1566389833994	6.910243144806754	6.183701335994068	-2.206269649085817	-4.922188513502867	15.480938560858128	2.25993278575402	26.516671980447274	-2.1447686148035965	0.7806230728944361	5.676097375826307	17.8684939762716	7.158906348612015	-8.7364965405873	-8.923786321455493	-1.8458353198963473	5.908661514240446	4.887030508182293	0.4955434411471886	0.4660522782577112
20.547570923810706	10.299466679313149	-8.599272783636545	13.411884467796718	2.8301419853599827	4.267621092353018	-2.4524732750763807	11.863734157906855	4.3987774216392275	10.163985869464907	-0.7255081753939489	17.15578637504089	4.013316154596484	2.7699166561103588	-1.7954600768377824	4.127070375724792	-6.413706278761863	-1.1758309642369136	13.999058383698777	-1.9546380299587014	-0.07384131413125063	-1.7102415579692183	2.6391650350567275	0.521709277080871	-1.8412544028258633	10.136044964419181	5.55728484809846	19.720536935402393	2.890437798510306	7.129557070234438	9.150511842995911	-2.9545489325006735	9.047834521967804	-3.0291045707653774	-1.8741899732165512	8.055036193433805	-2.579334599760982	6.883981340912811	4.1719091978410505	6.867440358099576	-6.169262911740268	-1.4824043971614638	9.82170430524856	-5.152672255155737	17.675556816575977	7.197577311837954	-6.76597982210184	-4.77204896126834	-7.116626848226969	15.191837288054792	-1.8756038223355889	7.6681848824774885	7.30739124762283	-3.593767966316691	4.497915341322329	-2.1510600843248726	-1.6394527867081683	4.2527215777522365	10.920574900394909	2.9740484664065363	-0.06397130380389449	10.74742662822389	4.5091848629150535	-4.312589592307262	-10.30812146702662	1.5684180276715627	-1.088878197298298	-1.6230776883408722	3.3491540897085583	3.8371094640430523	-7.41389682062032	11.12470614750865	-10.467359948275321	-2.7492072884297145	5.304242696983001	13.283945481715168	5.423202102193976	-7.988255090095584	-3.637904234262484	4.226175160256083	11.393767757402635	-7.443344530488182	3.5143219014587195	1.4395493892259903	5.928120981240779	14.12876408168469	-0.9272013875239475	-1.8148001087258243	8.367688110772129	2.8695512262237526	7.959602361774114	9.662327987421003	-3.2178248755342205	-7.571050042815237	-0.9739303203863411	7.445331148394548	-6.5644396460054	-2.3058099007989736	-2.146593242666556	-9.93646114072771	12.331930593733253	13.825019874278498	-5.790698274658977	-4.549629263640073	12.550236629208623	-4.469000077315194	2.3075401205223156	10.378915017333352	1.453086423450907	8.567691141386042	3.2860226674014417	-7.226639749105799	7.238923531946471	-0.6408773595049289	-0.7527920089667707	5.563193025426966	1.060270831713095	13.732206851459516	-0.8912516454987413	-0.3123296671414038	-9.772219910534073	-5.004945679661978	-7.156380849366478	-0.4240002630807552	1.5958149115491462	6.330072931788728	16.368759237310922	-12.95230484808165	5.732907427453162	13.02116930992546	11.749601951644694	4.655366614603694	9.427051941824566	-6.6195784931816055	1.1345740392180514	-4.939112129045213	-2.8175023251370552	-9.60260832715832	-14.584428771498104	3.2344973515381645	3.880184053885723	0.45569344044461385	-6.531425274823781	9.703125445156834	5.324754004792828	0.5069664718187604	-0.25049114649800414	10.526356253882216	7.97132399399761	11.297426365174442	5.847309588170635	-0.7912073319588734	5.935094149114524	8.682362528087822	4.607986156581817	4.324296468776301	6.403910096801224	6.933726241506029	4.579481593837942	9.539046288401513	7.876947783330479	8.026803916857531	-6.708243611455476	-5.294153963596708	-1.6205135028666866	6.771771383335428	-3.079143498671118	14.765838828341213	-1.6937919233570262	7.090868370710791	-5.4921343004809104	2.9182391108701524	12.50126573944106	-10.71014607724518	-4.582884255114108	-8.181925516491072	-8.664936499515742	2.5079236053998026	-0.3661591970750237	3.453371115768784	10.338295190053088	7.201669293426001	12.174634496348428	17.915416676299834	6.632904697999505	8.927618967579916	6.035095726638842	4.738498556278909	5.502724471108534	6.5796752860781735	1.6469719753723189	7.42324949708662	-8.693446182507946	20.11220097327976	2.2911821887504256	11.537014071289459	-1.5388852451125703	-2.5807873790765004	12.238993861761193	12.403248219372143	2.340035540781606	-2.068826091787231	2.387923192615453	14.330128307471131	13.357164490476524	-3.7423268294873293	2.8769823040500278	-3.6980744645895314	-0.3255228653869858	-0.9055604372162404	-0.0020432477044737283	3.0234200119332693	1.6314701925489785	-3.0835956807622584	1.8959243158030634	-5.141260200910022	-2.9800079865040217	14.95928777231567	12.64387109870336	-3.929767364988249	-0.8777454248252634	4.333259943700285	5.1610075885769175	-13.60252965064042	-3.5221366476389515	-2.3629141815825316	11.92725903107589	-5.956794001086551	8.627591038603867	-5.670935735857829	-3.0153019512090893	10.396773666696753	1.2916685117453492	11.243984116158542	14.080821794099315	-0.5434752892927092	-4.1348564355341795	9.740179046251425	1.690479645663531	-1.4367011429115732	0.24715160369413444	2.908174323908675	5.342926024481239	-6.019579199045475	-3.1132959464121006	11.647274503230628	1.3091219238898886	-2.9906449344697217	-5.190744301692348	-4.460572403465373	5.507090455333255	0.9366166136420451	-2.6049755923014635	-2.7814147166871197	6.959811970347306	9.489093833762174	1.0818710832294087	5.022008668681711	4.53407780381604	-2.917087236672592	-4.172694554346715	1.1797159494347156	-1.1161536620136807	7.64500760243501	-9.330981528788206	-5.1204067855215065	-0.5192220526698912	22.0640147156365	3.7177228860054465	-4.65289179855045	4.049488256903858	-2.9107830796994842	5.3267634218205915	-0.7405021727648546	6.073047806414801	-1.4052617090403114	4.343481919852593	0.12297020876184608	-4.844226304853804	4.893962195912547	11.322479246122453	7.056638216343097	6.488224247854348	-2.124583434760724	-4.649258641068923	15.558343054265693	2.7273356564161846	26.62542790804449	-2.0003453473769084	0.9829204851550597	5.723532965828137	18.015859676810475	7.21866077213588	-8.471313066586712	-8.84119302929207	-1.6423897456447274	6.423181137518005	5.0703034105262175	0.6317508323400517	0.5844837600569467
20.6790136721895	10.52768903248762	-8.399285678523153	13.572827985824809	2.983920633153214	4.5214573041959625	-2.1181936581750858	12.078946741260557	4.668663389332728	10.254114450532938	-0.3000225507842176	17.258540165681033	4.2994019632183065	2.918246958767005	-1.6724572087471625	4.522949477566372	-5.978225620893569	-0.9918242080124067	14.06409347144238	-1.776864235377686	0.04303057875050072	-1.5344371010015174	2.9845215108087175	0.7069374109976385	-1.626973469481663	10.304364273950862	5.66853524679773	19.774277806494826	3.0506940988778237	7.2477306996236175	9.568885826110375	-2.9022350883175516	9.115627319126821	-2.838883999722627	-1.6554650637527262	8.745869835283159	-1.7992616712821072	7.371462909836922	4.4790640469574114	7.287284063464561	-5.918671924103928	-1.4046891056331747	10.375846326816054	-5.071448607183776	17.830559033040515	7.661702864785932	-6.506716831188241	-4.563547757796912	-6.820808645652277	15.590786298776994	-1.7456746407935584	8.027229830471793	7.443386867706962	-3.250598291206961	4.8436403674875255	-1.8777741628345228	-1.5769635701724363	4.372074510775271	11.270322491779192	3.234838156423944	0.0286581612675393	11.06172802248776	4.767330263070255	-4.1882255304043285	-9.9846345233564	1.7168037750331056	-1.0632843690244596	-1.441225061986642	3.4953919936563698	3.959020235411489	-7.341984157981378	11.225652819437048	-10.297616662340284	-2.52146232379363	5.466954539992419	13.408942591426129	5.468432174873084	-7.8855710119433695	-3.402963829236942	4.458013494213629	11.420592184949484	-7.326155781107585	3.716801810652782	1.569475241996481	6.370585005612291	14.160679169257206	-0.7448752244812318	-1.5195099995924273	9.018435808755491	3.0107368656751112	8.08006059474465	9.821236108727737	-3.047621346070732	-7.282710181548877	-0.6684432919452581	7.63396952206452	-6.160584827976665	-2.2179761740338693	-2.0160918792493856	-9.743594590870886	12.61787946923077	13.944479801263926	-5.5146051257045405	-4.401265351699694	12.652916433615522	-4.34420483744189	2.335106808149303	10.650998505554211	1.8588449105824063	8.793402949641882	3.3736028628150185	-7.055242472085226	7.44301809716327	-0.37934487443950493	-0.21663101956937783	5.9554905612904205	1.2540816117517672	13.740576754684984	-0.7048239417793172	-0.10987112475925555	-9.661538539491817	-4.868011827771348	-7.09903515114082	-0.184859939914017	1.6417236296500792	6.657058078083384	16.670619664346358	-12.685480125045146	6.010491408187492	13.148827971093041	11.770258400516836	4.814952623750103	9.738150635846436	-6.346148836311334	1.5579474459128846	-4.8941969857533385	-2.3303166299285354	-9.44976848168582	-14.389964305936665	3.589951509166636	4.009174821361898	0.5946116338258695	-6.352933650046332	9.93184633955163	5.512908148561906	0.8460936812158869	-0.2251193336485958	10.64485681627742	8.028161439499309	11.378001686258813	6.378893742459314	-0.1922713757408503	6.479642459713063	8.98374276112411	4.833141718008453	4.701672519989243	6.424737865556685	7.22966856501952	4.676488058106755	9.737538070311027	8.11715841165556	8.11969904002628	-6.607453515787958	-4.646820513062913	-1.2075577231822265	7.038543855721938	-2.8758086107443037	14.881561953250861	-1.6335284209735974	7.139639835538438	-5.316260913758778	3.2731714475266447	12.670017781896785	-10.543971953846894	-4.538554692610569	-8.114150388171826	-8.440815310591415	2.6347392818035282	-0.3031374648699189	3.6769155230640753	10.68580329234408	7.40599938884263	12.221809347297835	18.163973203530333	6.863838272483971	8.974906952223668	6.1406932182363105	4.944139302931437	5.609164577820363	6.629225830929828	1.719657065645965	7.690450641668048	-8.42298566142821	20.356744564873143	2.553968627455253	12.129799680304458	-1.3635919108121708	-2.4192013773184016	12.309882921604936	12.630409942258874	2.6297202332998615	-1.9362484858136577	2.522901728062794	14.422929070707127	13.69082632610476	-3.6989457327717035	2.967851666487175	-3.477988709238641	-0.2735583584777618	-0.7322009222733372	0.2371083625944932	3.2889482322554637	2.151300126292783	-2.8912817661518324	2.168045464406391	-5.032633390226756	-2.824042692211818	15.037689120948567	12.691574055900254	-3.6919858818730265	-0.6493523976541571	4.408497290044081	5.410307733956591	-13.43441181375244	-3.271421062475564	-2.1595020382119485	12.041827324787171	-5.511457268822364	8.999469262639257	-5.645399028162082	-2.699271926162649	10.521695812674386	1.3149556714513746	11.53154719950652	14.325211340774562	-0.2871058134598509	-3.9872394356915595	10.163464768938184	1.8103494887434999	-1.3856777857274118	0.4571211035273853	3.1357058551261954	5.486374581727109	-5.766509875023506	-3.026740075215328	12.303495761329115	1.349108007234708	-2.7687933079040232	-4.99080915294387	-4.23861420129809	5.782134346736583	1.199247711503478	-2.4136319592877746	-2.5403343033257335	7.20797756039579	9.738422523226062	1.204527998076838	5.21211531535695	4.73054834385821	-2.606512341932749	-3.7097836057206632	1.3038360136037603	-0.9694511151141116	8.115398976482703	-9.227578499876408	-5.093628554383746	-0.31545012505253034	22.186940982220182	4.275246499879972	-4.411738178303668	4.327015077010705	-2.6649213256364233	5.932260845869087	-0.6671453659996618	6.190012944372208	-1.2971668729895303	4.460592033367545	0.13537633021423615	-4.570469498074187	5.2235129652516985	11.39436342255119	7.177625644052096	6.6481893112748045	-1.72906506661603	-4.486307831507791	15.789467457784532	3.0608528918840032	26.74384909881848	-1.84143287713181	1.42736755917935	5.877024349883978	18.221333457579178	7.256746490113781	-8.097894697777578	-8.772024152035048	-1.3686511652457427	6.476737223335463	5.305058262793222	0.8631427840427516	1.1330281524704418
20.798596476055533	10.538083506194884	-8.355936323183162	13.749176886708211	3.543058096601896	4.778342382983555	-1.8969272072743735	12.264343237326957	4.843229902806113	10.35872525802006	-0.15885344434085744	17.533895047638147	4.466206165379781	3.0047912604900584	-1.5916797665901308	4.631479424978734	-5.959476414909082	-0.8048689704592236	14.161220481189805	-1.6541000106229033	0.20134331420723928	-1.4644298621159582	3.0817704738828158	0.9188880902190099	-1.4443204612415566	10.427038939944097	6.025918613585338	20.06035497284039	3.3139206981015734	7.5468411808908415	9.722873561511589	-2.5786599077298495	9.274121728578498	-2.7443599142286987	-1.6136051710491288	8.787190236490169	-1.781629997044194	7.500579717122723	4.604838874167759	7.359803527780599	-5.784832172700547	-1.2250561611097766	10.546960816235499	-4.892406511393099	18.122744765651447	7.845540884400023	-6.188106022277394	-4.494750261917084	-6.405818313712399	15.7020717707316	-1.6038194256104217	8.102243582867656	7.610064474475093	-3.18810221634608	4.963188494567245	-1.7618338867106418	-1.166588861737018	4.807886265543564	11.383738074141244	3.443982409633858	0.22888561048544195	11.216874667907549	5.172430375998364	-4.129288801398164	-9.465728293635285	1.809046185789957	-0.6361816515564717	-1.225838728943902	3.765717182971307	4.215166567455155	-7.159678153053656	11.579193929130177	-10.19834949109471	-2.427431823028485	5.5397025965915745	13.614998801008802	5.66561175195334	-7.627336841206126	-3.2247072644904913	4.679419363726719	11.5558465786466	-7.10049390725347	3.8707368971172555	1.7899450949836437	6.514100553840901	14.504294033875258	-0.5082484101075897	-1.2720546838330058	9.127645634058247	3.0459826836219417	8.281593754743444	9.990116926851755	-2.8316488886719924	-6.900722403845131	-0.3424105649205786	7.789049596959856	-5.959167985987147	-1.566818926145154	-1.912341152073023	-9.654572149023098	13.127661299504442	14.055920380219602	-5.320609145953759	-4.187991913591454	12.783275254875726	-4.090964964525538	3.264603920927232	10.983655070796939	2.035924846654236	8.950219579648667	3.549192043713511	-6.914902342720485	7.558057232136506	-0.051056809053403575	-0.14550548924799878	6.022489795994148	1.4547995336062705	14.221062271575551	-0.5460799042163718	0.1817913358304608	-9.53525361407035	-4.713148757593647	-6.918102295473764	0.0878139772472939	1.970440727036601	6.70473170896859	16.729800592002658	-12.414992283394353	6.152504319432391	13.40432189406314	11.891819790381687	4.987113685738021	9.791888191210704	-6.159264388990637	2.2740431465271107	-4.613100986348798	-2.174885636920475	-9.395118958820682	-14.35393411208005	3.6718417721604966	4.25393150670903	0.81901398234477	-6.275554957653994	10.070425827220209	6.365237258951279	0.9644513727629982	0.13352641579271435	10.731235346554165	8.392956523037219	11.535808838115743	6.722495412628781	-0.12464685673175838	6.724237696372039	9.200984158997297	5.170266958382439	4.723452935824047	6.694514246994449	7.376758764490633	4.89346689474138	9.809006694666115	8.210537422332708	8.333315902210597	-6.510949012711308	-4.452981690551504	-0.9032189472070563	7.058380145428026	-2.4991077814501295	15.06681584103045	-1.163414826754962	7.329529782356367	-5.052752030826268	3.5455846260478907	12.813396267874799	-10.353775239559003	-4.230968840653911	-7.818954988936521	-8.321979564115763	2.7272083293995237	-0.07098449655942697	3.7616423651809123	10.79105938865176	7.664748028287753	12.407576547153528	18.37480687692664	7.101196602228707	9.204354448485716	6.339933382027708	5.324185897485015	5.8315328993914	6.825198710602604	1.9174586836160226	7.811603455174027	-8.357002152588764	20.38823384968889	2.7324001464230454	12.195111290717149	-1.280222488554333	-2.1937334707121865	12.727602545293479	13.037250732933225	2.782405254831863	-1.4528842204338714	2.6034871323966517	14.767204526077155	13.895514506854429	-3.329201665244406	3.246023999333168	-3.3573467382981406	0.03637355646190852	-0.584649364355994	0.5525596633791995	3.6403663349819264	2.446154003915314	-2.8465955004124712	2.5329394049490737	-4.832661222107194	-2.649869843418882	15.195964910980098	12.935752434064922	-3.510700914817898	-0.4196324168326908	4.610055948968546	5.68610058571078	-13.21486999736869	-3.222505478623592	-2.035484394541704	12.35944494780618	-5.460675079310162	9.118931971263091	-5.539182884108109	-2.569727708178001	10.68839524563952	1.5817392642880757	11.669158465703878	14.500579049574648	0.032217490976108064	-3.5758629901977224	10.300137985174542	1.987311290427388	-1.1232258356314235	0.6710154162052957	3.3981520069334885	5.9881324969284835	-5.640561648403775	-2.840020121131327	12.371110238827823	1.5842174843429517	-2.4168090783742824	-4.8154681116189915	-4.1091587106822445	6.01645034526919	1.2724484197078778	-2.1561646797413383	-2.4352780061777897	7.598446644597768	9.95358001446675	1.6813373183050826	5.372037044746916	4.8419353323521666	-2.0182936604167225	-3.333105217924528	1.5266156071453887	-0.584634597597036	8.456079436101733	-8.902319323687436	-4.974042155854523	-0.04608067813686031	22.504740547777917	4.374882785754827	-4.268087112669281	4.419340351836477	-2.617183665926935	6.160823133883432	-0.4361976091499243	6.2285134107437	-0.9777633330033333	4.859312549165935	0.23685267420865655	-4.315014656535489	5.43986684457981	11.7159127365945	7.218212665584969	6.834752148336083	-1.3857049870767848	-4.384781865144792	15.94848545440576	3.2240378077759946	26.881196629184153	-1.5299869120959055	1.6528561682720542	6.043982208587825	18.43756823365473	7.749762410406867	-8.022796390138033	-8.425816537800888	-1.0608793398447807	6.724925556059159	5.528568744688822	1.0949055960121243	1.3818540903884216
20.94887613550266	10.65010975328408	-8.265859858642424	13.776626834895387	3.813363149733233	4.95352333330957	-1.6772201710255743	12.447089175562224	5.0465907977012705	10.594909906996682	0.009521048832778694	17.772486031168075	4.621101753728282	3.223408054218652	-1.5181583695070389	4.783376539554993	-5.690731243919368	-0.593421945892687	14.32289759767072	-1.5537864603713472	0.4407558542002347	-1.2181521494189387	3.3198000035874764	1.3223021569780453	-1.2607041170251736	10.749151764460454	6.13536845400334	20.16948866895808	3.4976550264093476	7.598013263947771	9.814838090983415	-2.4014471974171174	9.476986950001718	-2.6741927380211643	-1.4033635140413292	8.983623937279438	-1.557317982770455	7.6090018785112825	4.738773755298944	7.496564468414726	-5.568001321353006	-1.1578725071405558	10.591140022865623	-4.840346464408765	18.43912944405187	8.047547408994415	-6.121130161421065	-4.284018744238865	-6.289900913815563	16.05078565201904	-1.5098620366806783	8.196706193016526	7.923939347250785	-3.102924390019448	5.169037142275934	-1.5042300902978878	-0.8366388470688472	4.951612986398822	11.462229536570863	3.684135454291392	0.7914830410464274	11.28550227847233	5.287042238493305	-3.86630374139211	-9.316514232285979	1.943595817908703	-0.48881247687829243	-1.1607224240584555	3.915232286768859	4.27492396106481	-6.960716901812669	11.715228921032173	-10.095237155179117	-2.3637365478065173	5.728678861738944	13.97366181632013	5.814273629491599	-7.527342919011917	-3.140156967366704	4.941474670947467	11.968794155417152	-6.971017519609256	4.114895579176668	1.871575343443765	6.574092838433705	14.646403480974202	-0.31699611928023746	-1.1577126093712486	9.301109372970512	3.093425586924068	8.468630268161386	10.176182008700742	-2.7069987438575027	-6.8207313432074095	-0.3011531118051239	8.22099650930071	-5.779367946337514	-1.487471441696594	-1.6476857450008808	-9.45166822607767	13.227932387111185	14.274827551818145	-5.251930734216355	-4.12671961268504	13.09664138291361	-3.9289999060954126	3.32989955932266	11.005742325825919	2.1548235284372557	9.103709767272694	3.727380597315209	-6.766019028141883	7.751166672623255	0.17597750894830114	-0.021715990148710198	6.170833141150312	2.0811722213189303	14.463048059309815	-0.3630010848690336	0.4162101215775762	-9.368583401607882	-4.6169692388403725	-6.657817571462043	0.2249824888895582	2.0733491789923133	6.797480636982304	16.91998044976758	-12.17030510050615	6.293557634535156	13.444666488054322	12.189202023109523	5.173503100661814	10.101810498770474	-5.813916112773352	2.4795651675966695	-4.428787027294787	-1.9675363104611534	-9.111896662897188	-14.209892277802286	3.855712088949181	4.47744220240667	1.0144464739109726	-5.742245016467208	10.274910822629696	6.595378109785523	1.0559062325019901	0.2121977500422709	10.860640626211469	8.501944817837991	11.783614405458035	7.16625800146943	-0.036031357305506134	6.921708610970012	9.320416097145493	5.276126933734949	4.903746430298842	6.881458306010816	7.494039850556068	5.002407928068614	10.208055231138003	8.408777022078523	8.532344608386497	-6.438718043301182	-4.324981414060342	-0.6985393103468333	7.326308465020333	-2.417921586976067	15.190225836101993	-1.1263519197249134	7.525247381311665	-5.03113795185765	3.7234758408771556	12.968304537131052	-10.062691307783007	-3.9601890988902544	-7.604091773672449	-8.121386497960419	3.040667657334964	0.02481026705101296	3.9073441189471447	11.034896286452502	7.757629810646701	12.479152107331748	18.54231046405816	7.146384503794247	9.394651069447184	6.602624916006621	5.511361883442001	5.970040337139424	7.04039920482856	2.074527583056735	7.913579781037005	-8.034483740959963	20.704360525070744	2.9655080915581378	12.350291823445383	-1.1628057041516229	-2.0321721156798693	12.81249551482067	13.137536094139453	2.814438674171882	-1.4418023887068045	2.869222385121065	14.938839480743395	14.121095410014131	-3.0243203343321676	3.602875802526785	-3.2042555169421205	0.19185213672928247	-0.41309046114874987	0.6379324683990126	3.820582067932568	2.7218954066634256	-2.292834584033139	2.6965140154603864	-4.69722417813213	-2.5570033358368707	15.490655351241072	13.132545379659076	-3.223600043739392	-0.27341810212935724	4.948378844504169	5.765494235618646	-12.91018660529399	-3.0280612561341838	-1.7000357729797486	12.44279511528924	-5.254977606189964	9.297267296161445	-5.345360805591574	-2.5181987281774294	10.971806134513908	1.8327205445639385	11.82214792796104	14.527933681360215	0.29509917004407915	-3.490882493372971	10.697842600995612	2.1307466304003793	-1.0620182861514096	0.7471709060596279	3.616960382696441	6.132748276830258	-5.327167165411785	-2.640571033876297	12.772142394593638	1.805658362271562	-2.2717770353590034	-4.395758617811062	-4.009521924292493	6.314261838582145	1.3795522890737366	-1.9424284050849692	-2.1077546248631944	7.729857417915477	9.994544809266648	1.8250886804051372	5.4996139536417745	5.340194652286795	-1.8955018834704285	-3.005905325119353	1.9241554238418028	-0.48735170029687536	8.534003185452354	-8.717330444927613	-4.783487755224931	0.3298090094635232	22.63123178960253	4.479242844456766	-4.009544173007911	4.658069705368613	-2.493988318337101	6.418863673651306	-0.3703337542333841	6.472713033700662	-0.8436602693389639	5.068515627636629	0.6032520235141186	-4.244746220176091	5.565319278398932	11.966644221982248	7.382933332628708	7.0511493505038745	-1.3812841260907753	-4.187263361904212	16.007345234896743	3.3736026274740976	27.27278794071181	-1.4238990881295766	1.8013466342630613	6.219443257298	18.46932604397106	7.860413343348466	-7.986306399733769	-8.343581833228383	-0.9877638372005022	6.918562150986734	5.793298142677185	1.2541133324623244	1.9600149938101137
21.202889389529968	10.84154191892359	-7.934698603358441	14.119366496276088	4.09395780835565	5.338113681390055	-1.2692388176594072	12.622849745630122	5.156655925479291	10.80772307124366	0.15275684699327516	17.902133843280552	4.762935748501892	3.366717315472088	-1.223778024530962	4.978972946147666	-5.647218154853878	-0.334371827314563	14.410843253621776	-1.3539504770553679	0.6476781816649603	-1.1131504537098162	3.535156366637319	1.4571546908710002	-0.9414998638029966	10.886755163897048	6.271350528280072	20.498628867302443	3.6629051264170314	7.822918897305655	9.912987556970114	-2.3009109540500363	9.743757724333692	-2.4731711653415767	-1.2902719228264232	9.431960855634303	-1.5427146532344	7.891404315505219	4.860528205688745	7.59945532531418	-5.378464724818417	-0.8518294945150204	10.834254597090085	-4.6013464537031235	18.508204143522565	8.548620517691434	-5.8567777861171075	-3.9409397045648697	-6.204289745608361	16.143198547872437	-1.2944272725007193	8.570747424181848	7.972444762921958	-2.903502014192506	5.2923000568331835	-1.3379673361234756	-0.6260563704606156	5.121925731654189	11.689029234865297	3.9330121122505766	1.0479919086550458	11.489699964406999	5.347864384631368	-3.7801470808409734	-9.259114260542619	2.1400569274242423	-0.3236609363601266	-0.9672637992420939	4.01128747898492	5.266263817487636	-6.872124872852543	11.901100301075697	-9.559342489536599	-2.146899929295155	6.03178561805397	14.017818727176955	5.930303194731201	-7.481706696169574	-2.7867298804367646	5.32179554295384	12.19098756075839	-6.910801782348963	4.483649469051741	1.9292906124467204	6.871509951277486	14.689785233048777	0.05706201383033138	-0.9121244730756202	9.573029592415608	3.250361460574166	8.981639194801796	10.477573185515533	-2.5609301751150415	-6.688603587485625	-0.16120753644668534	8.439066088766458	-5.6119879495891265	-1.3735780049189947	-1.3642246583554263	-9.293804872281079	13.77960798904675	14.540848718490771	-4.990092658311819	-4.007882069939156	13.173502025231008	-3.703116219551573	3.5795174939150027	11.261539954181131	2.329297532847795	9.449504028023295	3.995931133514725	-6.471723277159571	7.9211239156108855	0.3524734954482943	0.3524999062635219	6.220876261837182	2.1438781416459536	14.839472483261737	-0.29714935189634384	0.5539511198229383	-9.029593191854515	-4.47295601880355	-6.588946468185465	0.36381166672200144	2.213768594952725	6.963716394206899	17.327072520351372	-12.10964799713584	6.540959091193654	13.679042506378192	12.32490474380026	5.355374358794217	10.500145359429803	-5.759894362214273	2.7251331372421967	-4.297411751572859	-1.81824611131572	-9.053947204677925	-14.06393888204111	4.0753642796226135	4.576852874902187	1.4549442631773746	-5.456565571966408	10.574433805431854	6.7193752253436285	1.3091885544406303	0.36518380187083627	11.094181958490578	8.818598487791219	11.936115385727547	7.55668421906336	0.11498753559296371	7.127565900196588	9.59026913858922	5.333423204528173	5.049036781180501	7.092550926425843	7.52799588145439	5.016748835058073	10.329267860795461	8.501467182407016	8.632759837878872	-6.236365058763819	-4.044172136497488	-0.6108163713377116	7.49511300064799	-2.229717691015466	15.300463133590016	-0.978701470097972	7.728517546269434	-4.765304956876855	4.259565024079696	13.392522500548957	-9.64597564679774	-3.795161579296215	-7.45368574436094	-7.891180241788515	3.3976322570129396	0.38790516701687233	4.177612240747464	11.174360503623111	7.792889234559985	12.570469079605841	18.655874766897053	7.318913421508627	9.623874664057706	7.024150912619648	5.8476142726917235	6.0336601951295625	7.091177987942345	2.4453810151469786	8.120775894490814	-7.958630780486067	20.736945630586025	3.271784954117879	12.501688243915698	-1.0294673336311528	-1.8761789166569147	12.96133157945076	13.284055972981065	3.098834144704573	-1.18162505232844	3.064323422956916	15.047185183433593	14.261905218007254	-2.930279285555313	4.096275091323657	-2.8640851579188147	0.3274901724150651	-0.3226520324731322	0.861477604004497	4.095263133156479	2.8782218663987047	-2.2226924876485916	2.879007165738417	-4.53457424285845	-2.168417366365847	15.68922374039318	13.416070687430752	-3.173505457535627	0.04754105495507697	5.205833394998169	5.910288254099998	-12.67599712438446	-2.7880339682187993	-1.5342969531953714	12.73599157956334	-5.055241464486814	9.385147767494798	-4.964434165013195	-2.4169136714672272	11.30955303561084	2.103562673696887	11.836043303754982	14.827029352550808	0.326728632727923	-3.2809775417821787	10.82828007964998	2.181370799706478	-0.9159247585502055	0.9651943234939933	3.7409920223137534	6.325861067399824	-5.052446982576033	-2.1266675521441116	12.98946184195212	2.076333210542077	-2.1623538020590165	-4.115775935811658	-3.975530812959611	6.571867135042262	1.4867190940225867	-1.7482119151075433	-2.017855966377807	8.057026529911667	10.027505888437352	2.48382388114685	5.770115510238449	5.404961766280815	-1.7019141752983304	-2.968741368343231	2.0522186295365055	-0.36378764603627567	8.7427979271695	-8.528927903444723	-4.566061344400902	0.33786865919481557	22.834503014597384	4.683079392043404	-3.9236350454258164	4.745600675837997	-2.0427655367612276	6.51863324122885	-0.08427287593048892	6.518646429851565	-0.3645101774020062	5.3122423303698785	0.71846590874314	-3.5289910447976727	5.645037118003188	12.156392866197274	7.796294144915104	7.178536162251407	-1.3005302290926988	-3.948571317048537	16.200442861704794	4.16579594292948	27.27815092985141	-1.2008899942429814	1.9505954802965324	6.52034524610065	18.648169816326046	8.073257977735054	-7.604048673514101	-8.20727882596663	-0.8956814223160077	7.1716064330434355	5.979178488982202	1.3598350330392102	2.383624830205297
21.39123170708912	11.04449097380168	-7.8451807179510995	14.22829329196332	4.1218992279661535	5.649022877314557	-1.1348942386463163	12.782901408807891	5.2672946533168075	11.056680361985954	0.21547180649860945	18.07597556857321	5.055846436390494	3.387915674626116	-1.191148101162673	5.1736153535795655	-5.4639720135298395	-0.056554277384292195	14.636951109834307	-1.0375037897864656	0.7414890206999424	-0.9006317987207451	3.5628680450700463	1.6597873685037887	-0.8499888611613915	10.980639168332996	6.571858962202141	20.61569935120189	3.801945183878069	7.933052303242352	10.343332025074787	-2.246040464481683	9.972053712173354	-2.204065950179567	-0.8600077374062826	9.482657023521128	-1.3181965256015253	8.147417711217713	5.055284590976187	7.709304099666796	-5.1885389788166565	-0.6022048880903497	10.881460033364315	-4.493076970740857	18.75517441389963	8.73305209676696	-5.787095718961099	-3.7507006507361442	-5.930770967763239	16.179918251855593	-1.0316093059899423	8.676675131675356	8.17725616323062	-2.436624905995374	5.563433166724782	-1.2721467679322904	-0.6070576488790446	5.34086534471696	12.052295513947783	4.106850423783829	1.4201080046296366	11.794596115648504	5.490691122948801	-3.6650507707939557	-8.989583582969322	2.396888264618425	-0.16300747406686977	-0.7136590583896556	4.296451303647979	5.429752828540875	-6.807257241335864	12.291936831553329	-9.271523971921074	-1.9575293215962468	6.425109355730068	14.31291800288305	6.146479628707537	-7.4630389636274	-2.695892751225381	5.548324174976814	12.245478970151101	-6.845041276214668	4.563637663291981	2.0224171942586375	7.012873040383886	14.940411466712062	0.19460220289715632	-0.7979470705736325	9.717358873019322	3.5448462449786646	9.070366668531845	10.816606435253407	-2.2952898090382976	-6.560742485499206	0.11184878101305233	8.519107581353794	-5.290445742894346	-0.9398489572000285	-1.2046140941496288	-9.177654729555252	13.790633088152049	14.716390398465109	-4.8762131280354835	-3.7817327261668896	13.251254683767668	-3.4594951765430118	3.6800443320814575	11.383240216743213	2.3648930944883273	9.643057139685377	4.231264112257167	-6.076478873769187	8.12721266449116	0.6569514688605693	0.5841896791015454	6.567638742419246	2.3966923077275104	14.932858286717977	-0.0983878598200368	0.7469533428051257	-8.911043551173574	-4.265422309037595	-6.412278428082331	0.6494166643189141	2.4825853941103224	7.202788164115012	17.728458700134674	-11.797856033925633	6.599936867584534	13.892605047019305	12.686723484468523	5.484850474638694	10.720943015475418	-5.533808772713815	3.223204899841889	-4.0411386697988805	-1.6737484399469211	-8.975883903620064	-14.020379603366209	4.109377709156758	4.732723210359131	1.7469463550685782	-5.3654816632028615	10.766723282883124	7.230181729169258	1.5779316134069306	0.5943425125095879	11.315212427831367	8.999654769041971	12.161560099294224	7.679359381159349	0.3591994417354907	7.3027280668934145	9.800365343527387	5.559063022302658	5.430310091747215	7.18116929010724	7.711320825676931	5.195989961216222	10.44674402219316	8.906039740231124	8.913360381581406	-5.865199534052665	-3.9768174834428938	-0.39308595389463713	7.802849215065849	-1.9126523691518067	15.452992768735124	-0.7383771840939437	7.815410931441441	-4.524362381044579	4.645296475174283	13.546215525271837	-9.533516374700756	-3.6768173104604807	-7.341965085784974	-7.486418558012236	3.556222241498442	0.4427731140419507	4.2121846059981545	11.368572066964212	8.199970565754436	12.69721817758704	18.76099430163861	7.407375913867292	9.808234827112637	7.370074546905077	5.920353663164922	6.261235273686791	7.341849007038908	2.5911078126305576	8.307281301955097	-7.689597501221795	20.789962388159108	3.4600240668625166	12.763528857698875	-0.825954460254268	-1.7388260057546736	13.05739906208443	13.43326831204325	3.3387734853305617	-1.028751907234561	3.3827764351047334	15.14577488568262	14.406611434126363	-2.792826911171416	4.260804509673807	-2.821920946781934	0.548228972354475	-0.2258396701275604	0.9821162926228076	4.156986461209119	3.137208626143324	-2.115583146536614	3.0524445395710695	-4.382800728224256	-1.8313039209692534	15.923585403529902	13.675273917900777	-2.592565990208596	0.243850071740143	5.255485519146523	6.110705134798881	-12.456199691119448	-2.6634996041978463	-1.415943248436539	13.079778035085004	-4.79038474198098	9.582079070271128	-4.729831216436121	-1.9859909069962836	11.502187976168097	2.474904076105153	12.034694076506373	14.931044428666535	0.4116046094388766	-3.1313549576861686	10.837764754786722	2.461368046846522	-0.6968212621798272	1.0669623245193567	3.994095964639721	6.545934723574942	-4.944447125039009	-2.0107969588444283	13.056055899354606	2.144655459041891	-2.1068096028934136	-4.01914592603923	-3.9121496808946694	6.628428596595746	1.9339693590202705	-1.7161970582812547	-1.8860868220009848	8.170195628494112	10.25331499428496	2.691378323502286	5.850823596022633	5.494995232909249	-1.4794494750062352	-2.8338846763124215	2.2194718818843597	-0.15257556281025408	9.02791012348125	-8.238550020771857	-4.35655815726243	0.80163002513184	22.899698307820426	4.945918901431717	-3.640179478313915	4.782528985644353	-1.9855849573393238	6.576570211115377	0.5880382600505402	6.805617747349439	-0.20647368954395717	5.523273357713056	1.0388041201012645	-3.4424141788641642	5.782170568129814	12.41450406954183	7.97687453738272	7.4376094111774504	-1.0227118511854199	-3.912451945948659	16.466966098398945	4.248082513629206	27.531929682855726	-0.848412061534956	2.1758974410323497	6.644802571119576	18.715990634331913	8.183056882822456	-7.403785169390825	-8.06701426763539	-0.732389144149626	7.272268612225931	5.9846984852120455	1.4610072367633071	2.414408623005411
21.67542407651656	11.15602241889825	-7.653569601892039	14.350859059839669	4.4256898008383425	5.694025894809342	-1.0596479752592196	12.95843027194247	5.597486400126624	11.272678805476222	0.4866125715163901	18.321893674663013	5.293645643217171	3.540138946951264	-1.0954212271514672	5.348486450516072	-5.352013172658843	0.07424001107810478	14.794178440342654	-0.9387777397273502	0.8466924794412535	-0.736152310633445	3.821525948392152	1.8846876628022449	-0.7160545884186869	11.213698609458328	6.678759007246831	20.63187011313893	3.8797510317959794	8.10109853901786	10.723250224617423	-1.945118563696734	10.122889242306304	-1.8604727770553544	-0.7058829250651237	9.590036515646663	-1.2124292709510829	8.344794481368819	5.377178226760798	7.8485062728552615	-5.063627781718311	-0.4359207471538557	11.08423004785464	-4.383637460961992	18.8620312094449	8.766473915233014	-5.5666530350701215	-3.396188871188939	-5.707870086377109	16.292907838353738	-0.9022076257926654	8.764563604649478	8.248024489991897	-2.160009682758041	5.826557960350514	-1.0037088196081425	-0.5080659908918232	5.509316468345519	12.26189794901954	4.26573131418825	1.6199219374139353	11.982042040802103	5.728724315216971	-3.53679435761472	-8.844793620956974	2.59057927644757	-0.024784371602972415	-0.2685423546979469	4.5045916996598825	5.713039294420293	-6.469644858253886	12.546109711185123	-9.204508608246547	-1.7682190969366673	6.609558567365024	14.511629563257825	6.328480281748329	-7.3549009395675355	-2.2932795120112255	5.590084693460086	12.447581950756856	-6.562946633422156	4.7233322902726815	2.4322576513465544	7.14609991973121	15.484520059151547	0.2842665449380647	-0.5595314428132266	9.74368416283812	3.576661571191387	9.17725990336484	10.90134350805723	-2.0534436427424856	-6.502803821233295	0.295530147183485	8.834203126298796	-5.162721402110649	-0.48863716922607714	-1.1105971880372865	-8.904470938486142	13.88044006685042	14.965489708938872	-4.68510461709154	-3.571915207053859	13.422778723118281	-3.234792581700969	3.9038315807440567	11.484333583954399	2.4307220978168407	9.652420235146387	4.417393424837381	-5.8400477598863025	8.230539912460676	0.701488998112514	0.6708643057729254	6.735591090990121	2.5687464436352294	15.181392624804259	0.08730277797757553	0.8812662783225841	-8.751117107501901	-4.0319976780102555	-6.221522914669258	0.7588011576815967	2.600463720659702	7.469182658159657	17.77425678733183	-11.668661981632564	6.71551557889382	14.102371765791222	12.832107691656379	5.723830834000914	10.899826513034103	-5.495248290409807	3.359383367012712	-3.974673480791624	-1.617728927784999	-8.700310414622654	-13.878902956328893	4.367175174880723	5.11092046361054	1.9283614738997266	-5.194787544818213	10.915918408728581	7.285638551419831	1.6121524311127533	0.6971389476359986	11.465666083484075	9.129355243984982	12.273714402211764	7.800699563812826	0.40426048180564045	7.599939157564015	9.948927777630903	5.614058995415817	5.483088654133573	7.289960519468925	8.105649337845161	5.61142134360135	10.743466243564129	8.964553889315622	9.106100886229807	-5.776230293809119	-3.8375070590894964	-0.1282631028358952	8.13079398332726	-1.8808785027766641	15.630304158186583	-0.5905299800995405	8.113037497234192	-3.9829539414905013	5.1383386286555535	13.659748211831698	-9.447432121675062	-3.3974115789388457	-7.186044181323062	-7.335127571601492	3.7089034620208454	0.518231155863689	4.325878856052545	11.734431743893174	8.367366193879972	12.91853969653839	18.867042027422205	7.507734369331026	10.32627832677821	7.496828887423004	6.061056073031581	6.4182949875247255	7.426430531361855	2.6524639920742814	8.39730758694935	-7.647920798996493	21.017040337982895	3.6879641727252617	13.156450192807476	-0.49262327060848105	-1.6494407864628144	13.191931981758326	13.53787989930954	3.657708662719961	-0.9013534654950546	3.3984300102351757	15.24334338027491	14.488318475930155	-2.7526562453700736	4.32293598908165	-2.264867953964522	0.6891510680524182	0.09401035552303746	1.1849369242740233	4.492601926182739	3.299267957712148	-2.031158339932463	3.3544040699710425	-4.291169919162411	-1.6759416196061472	16.052412809815056	13.812756493264642	-2.3649157868413533	0.3561245921499179	5.331041275661176	6.243918435959355	-12.405568572674659	-2.460852794406678	-1.3546726489400231	13.170678082170362	-4.615392876986566	9.640459852367247	-4.437701508377818	-1.9241042396518562	11.73217467692412	2.5449596437061524	12.070862768702082	15.055010553410431	0.8249510420357267	-2.923574389878063	11.130072325614098	2.534880331880818	-0.5032457494965462	1.3276782010529304	4.207395719492131	6.652132442675818	-4.901733968381454	-1.8618059823200084	13.282818884974779	2.270050608677218	-1.8946289521063924	-4.01119496168377	-3.8687826831288166	6.845355734163801	2.0039281786367216	-1.4498110513433662	-1.809234853624508	8.322217386374284	10.485755120848335	3.026851796645274	6.051441632623406	5.887179086351698	-1.20536364457099	-2.503670515110961	2.410581939114411	0.0712039396650219	9.08267922886232	-8.163045398131132	-4.290909515603252	0.9180527032429232	23.05981241357032	5.089026135722202	-3.5772289298666355	5.100856876561221	-1.8498202766841665	7.406951165121392	0.8262435490291493	6.888723924036433	-0.06681748929625984	5.679450141625995	1.2103176570049141	-3.3100453677633754	5.958195423243269	12.60962090003032	8.18885921575156	7.539986648799404	-0.7290787124859798	-3.6157131352393557	16.569794764126613	4.348023263171607	27.725950595412552	-0.8011304897106554	2.4482745665808316	6.699815512717162	19.13431802484653	8.618861660892085	-7.329149171800662	-7.902989618609013	-0.4847350897722436	7.331223410868369	6.1933087437543035	1.5860645705528171	2.6599041907401832
21.857180809264808	11.458477658603549	-7.614200165029772	14.628142618323002	4.480088016927893	6.001933626520557	-0.8669149682520361	13.362297104298241	5.770053592354981	11.564722587225035	0.5212236461148264	18.49224239087014	5.4701512185200585	3.6349153049644927	-1.001249229605652	5.567545718219639	-5.1243872239706505	0.17191331794060585	15.038049030949704	-0.8622917691944655	0.9845939526081526	-0.5067364773138021	3.9006602719191683	2.0800844599107897	-0.5759953759229423	11.358466861275254	6.8768976836237705	20.878185896464707	4.121850771771889	8.400263475257361	11.01820395820838	-1.7272693062951374	10.20275605828058	-1.8237220994523757	-0.32544506396962347	9.622981823811337	-1.01716443312841	8.476243908814531	5.476672029370403	8.061154564482761	-4.958927878761305	-0.30043285732627517	11.21256515947964	-4.058098840900877	18.943553953842887	8.908635752686454	-5.35014521163859	-3.2689575336105454	-5.608604952642917	16.4280576751426	-0.7880428459089858	9.087410506147444	8.45916996082887	-1.9912616627573492	5.948465895588164	-0.6909857002309855	-0.05802445214245179	5.5440404426845005	12.530562737773757	4.419040240721861	2.0253854461330407	12.34482365842764	5.754250723924209	-3.417365077059648	-8.762105341998753	2.7760548793103075	0.030452809348847927	-0.1985173452720306	4.670156831687266	5.941853144891538	-6.27248309716428	12.691191536171637	-9.128727189098557	-1.6022611699050957	6.729189070011843	14.579539440074502	6.70849151144827	-7.078377116576112	-2.1660076662640604	5.785736428578561	12.490713366311237	-6.481385351223826	4.921572849516093	2.5197046679184116	7.425767866181166	15.587723938702366	0.5620561030039436	-0.376924544603406	10.046370179325905	3.8093016859902864	9.259700392721898	11.051935707390342	-1.881772316120608	-6.362921473204433	0.4505260258144634	8.92803070524057	-4.980808260246529	-0.18327842453648932	-0.8203016277112897	-8.728509008525515	13.958203608078097	15.25456895711654	-4.421058172218176	-3.3969190217482237	13.61053712842339	-3.176119815953249	4.055519761471142	11.761470674272806	2.7581355615996577	9.914294413066806	5.1380268296505935	-5.779383082299182	8.383919738698001	1.0016988237998923	0.9363461619022816	6.904261477348729	2.6541193097001194	15.453660600787398	0.16535346369915277	1.1163721214148334	-8.709536989088171	-3.561565416347342	-5.96552476626278	0.9477407828442691	2.8062546430579127	7.651819423298813	17.98335075088052	-11.541263148744425	6.976047738156249	14.32587069834992	13.02766357094812	5.846639387144159	10.989836702102828	-5.4244127398741595	3.5247706449033407	-3.7521503576790995	-1.4490060491912353	-8.511228167207923	-13.720648333196685	4.428481815581958	5.270302304395959	2.128357819820096	-4.970315413283978	10.952892054825892	7.438071790018095	1.790566819105508	1.1473321450631395	11.749925490285062	9.271882295906385	12.343266589262392	7.99055004826817	0.44473162821306295	7.864090073362911	10.299158599981228	5.795592562736394	5.539714278607758	7.707652481507258	8.235767824350107	5.871783159476444	10.943668101980084	9.18163837323421	9.17425604815041	-5.688897288395185	-3.597944662651802	-0.0829279551739815	8.148268404369437	-1.6898795296243367	15.892614645884288	-0.204085475092773	8.284152371770594	-3.831332514037665	5.287529996267202	13.949807576931345	-9.287257541848483	-3.251978440700324	-6.9350532637110565	-7.181242466698251	3.9485715883512364	0.8103113401888781	4.487682687105858	11.942695895061378	8.414484169144211	13.085858709862288	19.018515636642878	7.676588013574983	10.440842593090775	7.6062111069700915	6.244277129907605	6.470043807967892	7.768006009313725	2.7749201540111237	8.772901383187188	-7.48749998977792	21.14256985038608	3.7861205764709935	13.292947706797984	-0.41489693078173706	-1.5176434728813597	13.28831504943153	13.676302652032497	3.886262103131428	-0.6710521318169582	3.8684388831762653	15.468575694269566	14.695365178299864	-2.685672724703632	4.526425714502468	-2.0676639474756477	1.0296752564751452	0.2978070051346265	1.4430969286754218	5.125391840488238	3.3507927143887226	-1.9212203113123378	3.4126657044496436	-4.265774185704847	-1.5792941816163528	16.312468993654914	13.96996253416467	-2.1375078212290552	0.4551157610361005	5.466822920667178	6.603806624892471	-12.203945546697815	-2.28523139242253	-1.29531219906304	13.253779973149816	-4.51666744635295	9.784616085502	-4.353741707954459	-1.647125348790049	11.910948130114644	2.6949696637649345	12.50867362847882	15.16372410468492	0.926215505681079	-2.834606966315047	11.580160773269553	2.615940462399864	-0.4782317115800702	1.5368443961065927	4.618385667545002	6.706889190021844	-4.559770224532542	-1.715447130254096	13.422954816321582	2.5082287769504186	-1.663099811881765	-3.819592384424492	-3.6638023876533894	7.018463391469924	2.2728796299884726	-1.2571282180873777	-1.7773120776176667	8.486024492064447	10.578416417742536	3.059699204881647	6.169081353172008	6.038094102630057	-1.147226728650008	-2.2560400997481493	2.560724364296829	0.41718288177374996	9.215519193510847	-8.01689945941965	-4.175703458320822	0.9762218712942086	23.304824995553002	5.261782146060653	-3.322245077747697	5.288917775760114	-1.59760178783767	7.426538292849705	1.061642747951697	7.245479774497695	0.25415975347220987	6.055140407363877	1.371128288268181	-3.258181916054356	6.134551915654679	12.783445645833053	8.424946246567417	7.668970246196488	-0.5482369406577289	-3.4289422932201967	16.64466964745731	4.538655017959691	27.873099947279062	-0.6166253775808546	2.6518069840582066	6.880962266346657	19.365171244651215	8.683031825494334	-7.038976096732073	-7.673515985781779	-0.4410238628991506	7.523534175062555	6.3441504842008145	1.6473527595566004	3.37632199451527
21.96595548564212	11.58347863257024	-7.230011382772119	14.637821671893562	4.713332725295598	6.040383505653578	-0.8058521108241772	13.474779192427055	5.957929342737731	11.665066932473051	0.6075134627551517	18.788926290778438	5.757248800451426	3.8923929855416683	-0.8802109577999608	5.650823610001077	-4.942140363007268	0.3618833233123419	15.142669938601419	-0.7896654616010865	1.0835661572784305	-0.45406994536183654	4.144660477323189	2.3311220789115463	-0.49454366473506495	11.444370151162238	7.053459910198806	20.976122685539934	4.305497070778776	8.466886862168474	11.04004054978142	-1.5337616518788446	10.502750584446689	-1.6861073232209718	-0.1762898279529837	9.740161308028359	-0.35855137410354826	8.622894418153702	5.709333092336617	8.101449787392088	-4.740053893563948	-0.1772434598679079	11.3565507222469	-3.6970046216637056	18.955238739695652	9.073042499092292	-5.22400827226736	-3.070155841973259	-5.048442451957894	16.541933028741024	-0.49522417574323013	9.296574317882236	8.638065963246094	-1.9539442069103323	6.118599580572	-0.4950035788447542	0.098003756128967	5.840592155982741	12.696891455579058	4.592761785474888	2.310978584006077	12.496635374285422	5.964877619251118	-3.1846493642889624	-8.636003627792329	3.0567481103348557	0.07340497278583284	0.03253095245266499	4.807549528107372	6.254484664609506	-6.13814443220305	12.870810954910462	-8.998436799995766	-1.468327953145905	6.876148182507221	14.92928053941817	7.033270802039474	-6.695777230148069	-2.08978011601424	5.863933719435017	12.868528379286015	-6.284999727503418	5.139149886957766	2.978616570465108	7.779708329397075	15.68380248541262	0.7538210155594345	-0.19651161700999764	10.195484531173575	4.115024956403703	9.348732407627045	11.141237509592647	-1.5072906545868745	-6.2094403697579565	0.572189156643803	9.075387135669901	-4.783942652252209	-0.12226989158686165	-0.6607481884483695	-8.481921617715182	14.2619632198052	15.503286808798462	-4.28977436443798	-3.3114766183492383	13.732003207164343	-2.955557627776145	4.237645751029508	12.020574564600345	3.0662873355691413	10.087703429133272	5.799082660664483	-5.616813769795519	8.570887845162915	1.0889616522397407	0.9801061488009897	6.993635398276689	2.6804927938127965	15.704509794693955	0.31709875974990054	1.3445560348792849	-8.536597880470346	-3.5118914028759542	-5.810144065710981	1.0933636100165183	2.9033750143889785	7.703436276809918	18.043293815437778	-11.359812026620759	7.278887329198331	14.383011112380713	13.104839091633112	6.0208696451743835	11.102970632355898	-5.094195444867626	3.667139724500157	-3.4315376933499633	-1.1347652367260785	-8.251884581220903	-13.385643892068721	4.692110978475077	5.342330655745498	2.4799837651763825	-4.83857192007406	11.142301715700457	7.8017033251701315	1.986645085162005	1.238673872077996	11.844431315682808	9.399882736429635	12.427973862367814	8.161209436968848	0.6754196112478117	8.097437277222152	10.408985027376014	6.001868473557888	5.731859864857864	7.736670407096781	8.493310888043963	5.937911254902178	11.15000699944237	9.643877142078535	9.343575525805898	-5.4792840655769774	-3.4138988416503504	0.04040861921647842	8.326077996238759	-1.384983119268424	16.074747102502325	0.006375256352567039	8.423819088834076	-3.2939547519076995	5.421967949509592	14.206196101938993	-9.190519908088	-3.04711811263773	-6.852710048517714	-7.071824591193991	3.981675161790383	0.8691020284283549	4.740497320985824	12.032317576931836	8.586217136549013	13.129687462464416	19.25026048724443	7.772017828111638	10.461301301362964	7.661449272056234	6.411417904068338	6.636892559047449	7.824659431074302	3.0856912851291978	8.80989628127824	-7.383789239703421	21.445410788583494	3.9140103053596893	13.428194790933452	-0.2904163650665904	-1.4791030080623124	13.523386889598616	13.82310569927102	4.35843278713632	-0.5810070800094673	4.2811511072792445	15.614625731260022	14.796285624973285	-2.5257775695024614	4.601393885710954	-1.9278625541708359	1.318892513063093	0.43244323134937773	1.5659067428458264	5.429458558050005	3.7785866334023224	-1.7566257157940481	3.5350653015911697	-4.056485341674321	-1.3142405445890202	16.454831302487257	14.074513168300333	-2.0148933730185328	0.5495018157189496	5.875139434301056	6.891268847496317	-12.055116150161036	-2.165271749568088	-0.9563727457646156	13.338599735937775	-3.8007861180702287	10.058566371518298	-3.927843343462382	-1.506852075783561	11.953074864730175	2.83543188770329	12.5604114183279	15.405414994152103	0.9580239102517752	-2.589326548328113	11.764886681904805	2.7854917950164197	-0.36115849531815497	1.7412033853383577	4.838752798982903	6.768245019884174	-4.5042593357143215	-1.636463518374454	13.769613677985511	2.669579454458943	-1.5799982776025023	-3.646237301160084	-3.284956897887546	7.16922248559483	2.426434235371978	-1.210771566592603	-1.3060994263143655	8.759051540567356	10.775304823650139	3.184599744478957	6.3400961823322035	6.172899063234673	-0.9962328568863994	-2.1624338812916255	2.703366846351824	0.4892970555634545	9.235768262998423	-7.702686329332419	-4.030247091963379	1.0543058106215704	23.504975284649763	5.460413711596782	-3.3088317823019504	5.4493534246941255	-1.3157867288860945	7.640020213151543	1.1580716098544566	7.362202359953931	0.4095273039751349	6.069616204246908	1.4422407962172918	-2.8223486305240217	6.208119989496231	12.993505251913449	8.485718800112542	7.82588219242857	-0.4284055582318226	-3.2656428429414976	16.955434303624855	4.82323973397157	27.973609573257185	-0.46787283929765905	2.8948181824876387	7.3229578624427685	19.61817250845777	8.76927175092324	-6.995765340718688	-7.549045788788698	-0.3178664522632478	7.77263789140184	6.437509181814167	1.7298061439065968	3.5580680695641234
22.192946970562815	11.72753173147609	-7.007468634893307	14.786255172438596	4.903428143676972	6.2091722748125235	-0.6303488214775868	13.495630351788293	6.101979522482317	11.756825264171637	0.7769152331302079	18.838096826616752	5.834748052601799	3.9432350348652707	-0.5615616941272402	5.857313138176371	-4.695466458545042	0.5988802695714287	15.316697203535991	-0.3314295663508019	1.5762757409339612	-0.41987864896163973	4.277196475037815	2.66341913725143	-0.44941895480207683	11.555447922443385	7.193620838931034	21.198909648177025	4.463601814822603	8.538927996354383	11.311893685673901	-1.381098097663412	10.565508711299104	-1.3817402182299745	-0.007891698389378199	10.300134859278339	-0.22017535439554944	8.868190035545652	5.88862289693691	8.256764797146747	-4.508533995495865	0.05020216869929173	11.621819776613439	-3.51743946268071	19.16015819467281	9.152039826669983	-5.1196756826715415	-2.8138258817859287	-4.935178358948068	16.76683317689222	-0.4463221316348079	9.396321044528607	8.834087064541713	-1.899772942553065	6.21165387056111	-0.34041086640312346	0.1762429615712916	5.953826269218963	12.79886696049495	4.830298575832165	2.4895969663693664	12.592515542616788	6.183721631904684	-3.0365301021648383	-8.534459124080929	3.1508993979255715	0.514947463605496	0.15999984730564268	4.961716793621767	6.3272572486679985	-5.7928506501865495	13.149046120399715	-8.659082279143158	-1.3136978777106432	7.021514228443537	14.970922215379591	7.121816610257355	-6.664228955222169	-1.836726744526543	6.11619503903928	12.893780524777661	-6.226868004922792	5.2789392856613375	3.105607309563023	8.18184145069257	16.027857502303338	0.9077266764193758	0.07510464542122698	10.603091825224137	4.166689487127264	9.66706131498663	11.185077361044595	-1.3258997431139337	-6.070191646113034	0.7643405025814779	9.16158949426912	-4.588069880928292	0.10318704227516752	-0.4217119301914547	-8.373811316920653	14.368968482611491	15.685560760370556	-4.130703740738885	-3.0884613686787974	14.064691854578792	-2.764365082524878	4.341028911717606	12.419542121614201	3.2828181669599883	10.20455853409533	5.8460167650274455	-5.4084249762760495	8.728096912226981	1.3599975800466166	1.2563902541504939	7.196371054917584	2.808486392311497	15.84349648866213	0.42134651280208035	1.552681345394922	-8.212201253117613	-3.446968024214502	-5.76542848117112	1.2396828318843094	3.23486360369793	8.011842666281026	18.083066523584804	-11.225195025789361	7.345808377654533	14.44050422922346	13.330447842439286	6.145832901443443	11.231404229292966	-5.080617082886226	4.054471027968238	-3.2517512815442062	-1.044241632782904	-8.126152574843296	-13.202038659265684	4.963558303081368	5.634077167101573	2.694270752453096	-4.612471928969864	11.200324566224145	7.967542699321355	2.1524089118445193	1.3075758384752791	12.076216834651737	9.746685747732649	12.581778109467926	8.261471638563378	0.9325937506960275	8.111167453909191	10.477789180342292	6.141656106376638	5.786944798236739	7.880415332505425	8.600141142810918	6.105208135682923	11.389665424819913	9.693006633436905	9.448043244936036	-5.312943480340966	-3.292477930452246	0.34611185850027487	8.435914805175285	-1.2590413903162687	16.262792501033243	0.3414261477942397	8.728636396655245	-3.2034235203636516	5.80281094515129	14.262328781529344	-9.122502864545469	-2.944789616138518	-6.5971490502437655	-6.660248428658645	4.442228737144169	1.0061326937051596	4.815195026613984	12.1205093706969	8.808023575091228	13.534793036997181	19.33362798129485	8.071177896528333	10.596629682959128	7.7566788533544395	6.528557721566565	6.908860754511139	7.988250305797314	3.492322013355766	9.176378900737278	-7.287558902777543	21.47759008941127	4.042907730534223	13.519314335701786	-0.12047838578245733	-1.3123856668259137	13.705865124380928	13.928893034123549	5.03233594879953	-0.4409061709282543	4.373372140795913	15.856913395339484	15.030308821396254	-2.2088762732198686	4.710693453214314	-1.8635504635821234	1.462516562447781	0.5148762363780593	1.66613077183862	5.592597458353727	3.808049477853988	-1.4478979255231132	3.832804572145681	-3.8684275943227875	-1.2478594502588052	16.714593405297027	14.26575268425172	-1.5896257935523839	0.9891423648003155	6.160600958771575	6.943685503222076	-11.897008836033365	-2.055599493724868	-0.6160619239976741	13.514492279509742	-3.6206001520846463	10.203982201085543	-3.8136419535815977	-1.3436580570940537	12.151471809333296	3.1230381986536133	12.664288937157561	15.729737643135874	1.3416651806559463	-2.455579261783354	11.895320760272165	2.8922326154193776	-0.29028016794611844	1.8047642640020989	4.939197725060493	7.212399632178457	-4.096457061787541	-1.4389278932189185	13.86578928807176	2.788328401869981	-1.4625776404365165	-3.279547757412849	-3.1197115187510285	7.462705579640746	2.638779979250817	-0.9960997113359589	-1.2884794073892376	8.828501605685585	10.892060760041225	3.2874592496811945	6.5123033114577575	6.291227363156946	-0.9028450494658502	-2.045432271042849	2.896871347922057	0.5798178224519176	9.470778906048587	-7.546048995524658	-3.54911431579191	1.174199711962907	23.6234609821896	5.676954462867919	-2.8407908164721323	5.536223802889952	-1.2364547771248136	7.726990335111129	1.3382198606395062	7.70552323092127	0.547829347743367	6.205484372416344	1.7974433051952983	-2.7828883552157904	6.327811584166236	13.062170218605532	8.867185633818613	7.8653719574686844	-0.13061192063991367	-3.2478947118707295	17.001694815609216	4.865568665367399	28.27403072081638	-0.2691777051433871	3.0505001543322576	7.434291910762274	19.687321852087237	8.941388882138353	-6.947328540073062	-7.275489480830757	-0.09892527509139308	7.804881402443297	6.904488144995261	1.9250670911942327	3.714585290526104
22.29594170850661	11.943664803889295	-6.829816032156148	15.05974849718735	5.156387650266768	6.409333327963272	-0.3090293963998626	13.733797700698888	6.198492501970219	11.868762353023644	0.9103844556280334	19.06617002745176	6.0487214876403765	4.54766202662942	-0.48248548512877754	6.100522592508101	-4.632151926452111	0.8876835367981941	15.400803980564788	-0.17710916231592935	1.7382073665138142	-0.09196310218930978	4.345813804867738	2.893511188723788	-0.2823274187912486	11.767230133331145	7.326817755002042	21.41994327522471	4.496315301693714	8.847836840345993	11.658752476658385	-1.3558223855807268	10.758862127406474	-1.075352195728105	0.14437617528767496	10.567939772180631	0.0020892089020937954	9.093264082810926	6.145127167659607	8.573322165471858	-4.319468915105861	0.36652980027153564	11.760333604406075	-3.3863185447629376	19.211770391551447	9.337667711186864	-4.98412170936942	-2.590858954928927	-4.862905031298376	16.81055654723331	-0.32116735853376344	9.630387546044131	8.896820106969397	-1.633826837521822	6.446200850147888	0.08021685774364673	0.43030829404728	6.317835245570622	12.912524292571176	5.044444355228652	2.7313567082459813	12.746945554364915	6.298444993230534	-2.8780089373962445	-8.307259242590932	3.3799086071825992	0.6609057711525791	0.19821390942641473	5.170999650794334	6.4857339028766905	-5.534211214338474	13.299410321255019	-8.517279202929226	-1.0238889962116782	7.1634464957948385	15.482272714863623	7.166494020521286	-6.513532509168195	-1.7346566576774618	6.541367221536062	13.212553212973235	-5.969348956021427	5.429218588967647	3.245189136156664	8.281497963579827	16.13469666332793	0.9530946417842232	0.14461944059536952	10.894413930971316	4.333493696263668	9.764958810433482	11.346322384772462	-1.071668213370977	-5.86548561614747	0.8702200695213652	9.392884893774607	-4.416662974613584	0.16657802141108988	-0.22667063266602516	-8.21128721722426	14.617885266163931	15.846097870774265	-3.809352661075178	-2.7936029002886675	14.127972223003878	-2.693844329691221	4.59311614298879	12.501088473658676	3.5323318400906176	10.439688807730112	5.997395806862294	-5.250046974912618	8.79768675004412	1.4478243093571654	1.3438408543453706	7.351753363685039	3.116719311593529	15.945480493029391	0.6875779193018773	1.7127592984676558	-8.042880883906095	-3.3865480999648323	-5.488426900731464	1.5970072488167277	3.5192411539984976	8.2579157573154	18.39054783935416	-11.028728491592252	7.4937965743256445	14.727221012245419	13.536384076236551	6.275897199718545	11.763343072727597	-5.00427409368024	4.065739615974278	-3.040344656064408	-0.79943629219971	-7.873048768493053	-12.890530234768681	5.051214091214322	5.656942982285592	2.8447949267040045	-4.324808736158086	11.50938917303464	8.093878310659393	2.3223680647601537	1.3762724128982902	12.128139770669026	9.956179205194509	12.756423827225143	8.472566653452107	1.2088653528004616	8.253909834725459	10.658691222141067	6.241485345069548	5.93131159998928	8.085570543077672	8.75313223538348	6.335587422387528	11.49588894369538	9.738353154875758	9.73012588555899	-5.179608147777588	-3.0668237490175554	0.5202457526776118	8.661378818156383	-1.0091891865402796	16.29487958166179	0.40618992896965034	8.764769768992405	-3.0399227830773894	5.841645570775811	14.38660502424833	-8.843212483379682	-2.754631851160228	-6.273411495589704	-6.52847837064918	4.485525761412162	1.3466573061023184	5.118827964437632	12.185198706446235	8.851504334754086	13.939159162830308	19.596971726536715	8.233945746249598	10.731332880435684	7.882807867260527	6.620589585458465	7.0292127882186	8.118520647587351	3.6605184920117892	9.276992616224383	-6.294959933658697	21.66614830979227	4.329679757092181	13.623108388860144	0.01884314627723818	-1.1581379111129326	13.872508859680513	14.331323890750847	5.0581168536270935	-0.2668482037836858	4.83097242577681	16.008229099781563	15.061123640284087	-1.9620950461910032	4.890904266320283	-1.6895198507795925	1.5252041880756713	0.9386185320136355	1.8256210192736715	5.6617102913812545	4.018215914088948	-1.3818735202915298	4.008574391531851	-3.799134467953859	-1.0762128155772186	16.75698581424361	14.30892020221525	-1.512871970457374	1.1647015968343863	6.415911382082055	7.108583035284838	-11.852793800948284	-1.8319704825916734	-0.5351348811368234	13.567097228915593	-3.3102609385084025	10.566040585238538	-3.6775134966838356	-1.221120315469546	12.342720174270024	3.2784641015994835	13.37753899244995	15.822113424752462	1.4167022167011436	-2.29917938246941	11.938627618467104	3.1419138752034104	-0.16821176758978013	2.03472385178215	5.022781296186359	7.366151089641266	-4.046675732719614	-1.3100807703240747	13.920686991243592	3.003516912081991	-1.1905328587611546	-3.1992439209051815	-2.9943419774404916	7.486935585720467	2.7391123364717913	-0.33553933896298155	-0.9814143290545214	8.96122005452626	10.925757890330129	3.4576526122438285	6.826815608001482	6.391349674255023	-0.8594487842147011	-1.8675395907322065	3.101043444972433	0.8083144003952774	9.576999255795336	-7.528034541432459	-3.3492620843793257	1.2687301395717794	23.690409874894723	5.8260145183521965	-2.48940826156714	5.62433962058577	-1.1268399996475242	7.969195999457952	1.5845477006281345	7.790541968036879	0.648406426371163	6.2597532174700135	2.073741871997172	-2.6102680566564116	6.4415955013112995	13.206569933297695	9.012979478313305	8.127285658537147	0.1404239124300951	-3.0018431907312304	17.127432576180038	5.159200354167933	28.35966211481332	-0.1348024159427996	3.1628247472441626	7.508134894836682	19.867117501311746	9.05408676058346	-6.838117500645491	-7.118635095328168	0.06910842337879343	8.087102930239814	6.94949716715564	1.9684053781752675	3.8674843186802974
22.3061752159913	12.127582294142508	-6.677147973396626	15.244521542399283	5.4257478435941024	6.508095885478952	-0.22563965143969417	13.849201375297776	6.45065963700133	12.21197617412611	1.1188967272149373	19.147912504401646	6.252421118433132	4.627832331004801	-0.3909232006919293	6.16263726754364	-4.5300352862677356	1.0031050427210448	15.786972754463823	0.09876315141913287	1.9470511932812677	-0.03141879865658127	4.753547497011954	2.9966920041232483	-0.1618441128332328	12.034902337698865	7.5262912949757075	21.743782956025573	4.576355332143036	8.990106185524633	11.738826737111703	-1.0390602788567103	10.863853274420245	-0.8097073455299428	0.23418091603059338	10.644807628999834	0.13458598633814423	9.215708391964997	6.345278962393366	8.857986596029088	-4.142001246455847	0.5868437496843859	12.09441964899892	-3.1847187884519568	19.576518198611144	9.647133230798067	-4.840949877664781	-2.5139920664836133	-4.796704384871885	16.905670372733574	-0.2769814895706598	9.795635152442628	8.923343622945833	-1.4021436679132095	6.514287269715934	0.14838882356350025	0.7104395581544573	6.445467256315929	13.022221196945786	5.202154985448923	2.7613788911466877	12.90147832623545	6.386106864131382	-2.710416474701212	-8.210464373387136	3.5815542659392525	0.9991996036839801	0.46534708689085746	5.257657895284212	6.652005391078154	-5.382026696247577	13.363180875060126	-8.407871587558075	-0.8572074167612741	7.358840832936846	15.569338980251842	7.420216005646212	-6.138329697909052	-1.5288107737410395	6.7760545193003905	13.505683816256543	-5.870785480309815	5.622491764170079	3.3466188140200943	8.352105837582192	16.487102815014968	1.0317952641832073	0.27913920196383973	11.075045862568718	4.431390837117427	9.917245023821565	11.429757600637425	-0.8100061312907899	-5.645281866451606	1.0899767403554526	9.49758823245978	-4.310429792737291	0.3168025926976142	-0.15509165062905114	-8.127643732791425	14.630442882107847	15.999387165629654	-3.607443633031416	-2.4783981069014067	14.234101063466776	-2.6606719836576085	4.813367906138766	12.749351348953402	3.7877700327235235	10.615761062202536	6.236324119601315	-5.174816242685465	8.909096464521179	1.5599781650046216	1.7220547160028814	7.505803785522946	3.395545893674526	16.100053904523012	0.7678489743645642	1.8657547112152328	-7.998875665728423	-3.124567556422229	-5.372702716662032	1.7131545732242084	3.6208325561855856	8.552429345946464	18.53208686179696	-10.832959658657954	7.838404140486258	14.860126373871944	13.631835029166652	6.418228853940631	11.874103206572025	-4.703632689556508	4.25814366032288	-2.9582529825278017	-0.4445653237716129	-7.691372906548559	-12.694780239284368	5.248113354452644	5.833517762514192	3.0604770367399774	-4.241103050442898	11.516458403227144	8.159370511833473	2.6348786596773457	1.6782191101643478	12.18567837401208	9.998441659609293	12.935806513291046	8.735950616932335	1.3798884325114544	8.561607083502237	10.790274989102336	6.299049152909819	6.221308828081499	8.15236792756532	9.038298082794737	6.83268335550262	11.632735386941105	10.094131931683295	9.949061690831584	-5.041018640324264	-2.778414897131509	0.5721678674472471	8.998784328400355	-0.8930676960386416	16.46950180115192	0.7059925605817278	8.942945646585347	-2.725705814630755	5.945569613323654	14.475909108126052	-8.557135808541155	-2.602408161913828	-6.238210609841385	-6.522898834033688	4.823679312581294	1.482158667621543	5.308412587532712	12.554195243750309	8.938630782961086	13.993873238458013	19.743440998738752	8.317305237227355	10.882267722571902	8.01383009035582	6.738379628855123	7.154027478956174	8.277271914815653	3.708498262531039	9.446407852719428	-6.19199034712393	21.841411941283972	4.356814401877589	13.855786402105526	0.3089946121653643	-0.9360960403484369	13.98181440600137	14.551000184454944	5.151933985479746	-0.19361684002104487	4.915984661159729	16.46022997296905	15.167299140025023	-1.7807474074952643	5.237648912328515	-1.2698170577221901	1.980815649173699	0.955872947922698	2.07997796181734	5.909614109034377	4.220693652517291	-1.0148343746757884	4.167963445200909	-3.612669117580039	-1.0233543793953268	16.818045498603155	14.602947161077799	-1.2605230902441615	1.2998311239174183	6.5232910556012955	7.409409945472043	-11.723679182361547	-1.7600354575827821	-0.4216858267450088	13.7038953190727	-3.035867666008214	10.617152571435009	-3.5331027093264886	-1.0352579203058572	12.465393985507177	3.4188321396481887	13.510780834877323	16.109814952865555	1.5119429331029735	-2.1408415516455186	12.181460942939733	3.4851667646065234	-0.04369875085080621	2.2075329263465187	5.1960374689603395	7.424596119214848	-3.856811039449149	-1.054266197325236	14.128473032732147	3.2078692077847237	-0.9642737889393387	-2.9373860807312635	-2.453034599989275	7.679823869104598	2.8719073630076144	-0.28089707587813034	-0.8514823718521847	9.220080167573666	11.069704978226339	3.70822642499468	6.872790389080024	6.643801673519396	-0.5390257673708322	-1.5812442764034642	3.383048575320562	0.9826305842611723	9.836922613701487	-7.379425461688544	-3.2640595284806837	1.548465382117976	23.91567066871265	5.979114274304343	-2.3603183757271804	5.958052502507836	-0.9685332275661273	8.077872329656648	1.7729633387210566	7.972738212354788	1.1802076555461023	6.462447030057113	2.547542734051624	-2.329141581666378	6.568201783514569	13.309611833181933	9.200259875026985	8.199411370507091	0.2434013416936684	-2.8103260378844865	17.342011244385304	5.302601784118209	28.559453768166254	-0.10411375993662231	3.257905174780029	7.78591060336408	20.01436443487629	9.100142910095487	-6.615290549996632	-6.971910829540274	0.3878648294941445	8.360017005776623	7.0477584485458316	2.2478027752653116	4.032340516905012
22.58322416164153	12.193959369854126	-6.595230309115528	15.298215646322927	5.495395572346072	6.6734288265687	0.07756121342618712	13.945657088625586	6.522599490685022	12.411643219143814	1.2388430362767522	19.492849493540138	6.335829124142447	4.745389978992402	-0.20995682594582088	6.320160842702652	-4.309854497756947	1.0580876255086145	15.884637228530254	0.3961893993086023	2.051288113806144	0.2412188903463152	4.804309073522618	3.0624006931474055	0.09598900864974581	12.06614679615705	7.636035483139392	22.028148267597008	4.804861781171837	9.346353496397324	11.79094672190058	-1.0054964973235032	11.23807865758204	-0.6858231937005035	0.55656903594083	10.74071563178935	0.3896705510474212	9.625265868744192	6.533877246512229	8.972575073118009	-3.9974635195656463	0.6950104858339036	12.16520301430522	-3.081906628107186	19.63965930070921	9.904342038536486	-4.679541951530358	-2.1059326211448983	-4.51173854871739	16.970753438984893	0.12152797499843929	9.889819756597072	9.063607132611528	-1.10409954773121	6.578658817280776	0.37005517651576164	0.9244671960676155	6.524202724207457	13.19533942005634	5.424548253734501	2.8108237622821117	13.05212646452385	6.518871420961584	-2.601484065484047	-8.093156862073322	3.656200150966364	1.0216632293743122	0.6029966842614466	5.376258920902479	6.861540559586442	-5.140407149552541	13.429180762969384	-7.718753743009743	-0.6812651902355055	7.520201289319224	15.775172678311192	7.593836096868489	-6.089613186676153	-1.2516276566144733	6.93088186678686	13.547315949716698	-5.785783680702195	5.7230156084935	3.5395045745662825	8.705528770648096	16.744687334609342	1.1502549694308712	0.6030103294476639	11.319570088637688	4.496765620001883	10.123669010303425	11.51945394281881	-0.7086315257664385	-5.228076273928582	1.2923157216093806	9.74432303208472	-4.166953825881774	0.5846496354196267	0.01565310457221141	-8.000598472056634	14.652892441623639	16.196701279622307	-3.5531404303549152	-2.4092549254746345	14.551241052478534	-2.502135599841924	5.096591360212892	12.83076312507823	4.026782263925997	10.694674720088715	6.297343823185416	-4.993057593340514	9.234601833467934	1.7629456696592125	1.8603877484941223	7.65033100539223	3.5414964144766183	16.375014807320888	0.9492537167309252	2.2421212319525203	-7.92389908210685	-2.7773573139101204	-5.239503908199592	1.8045701232260565	3.7853445954259044	8.871676823809509	18.647559347483032	-10.697130482420162	7.8618465531748205	14.950061884954433	13.661838155209471	6.600163193776206	12.179159134975128	-4.48283734779406	4.738055522646058	-2.2360532545050313	-0.2540636682847371	-7.484179007200335	-12.54848498883055	5.426468283775142	6.000339907505265	3.088270696164358	-4.200306684782777	11.55569290996484	8.349351435931483	2.804691882202603	1.8183793806235624	12.545516619330662	10.36757390489864	13.093844360948156	8.882082907322035	1.5232836374681833	8.799954120589787	10.899768160823676	6.559076425790682	6.3472937649661	8.411751351585222	9.230250188941687	7.194132173321813	11.840001036591314	10.227766296732169	10.06611161267882	-4.9633175767119955	-2.527460591355854	0.7259179664325834	9.116802124049995	-0.79228103688375	16.573643029942794	0.774905793899439	9.117078788251677	-2.6479105233229765	5.999783234842838	14.61120827319038	-8.47621572321214	-2.261754335261879	-5.924969895878485	-6.366381283314476	5.114358240134141	1.709283418838575	5.4258319001991655	12.857924645642889	9.63648605839771	14.086018542065494	19.781918192317395	8.547204721984658	11.206558824405336	8.425772828739385	6.95150015264667	7.402720759305259	8.456062831384104	3.782592947801346	9.52101611920864	-6.118292196361797	22.11151746481086	4.431142977126347	14.05109952447968	0.3522908670272921	-0.8500755284715745	14.284265453390523	14.704124077801106	5.369428595159405	-0.14319236351545456	4.997481892705611	16.536250325193894	15.243028257491687	-1.7414594156817738	5.361801860576732	-1.0523307919991975	2.179008974219344	1.0439666079527958	2.182822307683144	5.956891434534486	4.379099980054281	-0.9675958785351697	4.389184749814726	-3.426482137612568	-0.6599705434987836	16.888486882162052	15.060281033010853	-1.2502033513928692	1.4543715052510764	6.7457814890767756	7.519206524066839	-11.523962302060044	-1.6087447117610032	-0.26170106862697234	14.147257254148382	-2.868686975377793	11.080629024723192	-3.463733476550764	-0.6451413134318628	12.699183668914056	3.5003177389857156	13.753410423281514	16.167737243956797	1.701523018614387	-2.0547353013350818	12.458538687448206	3.926270396081286	0.2215408508109726	2.2877117406112424	5.32313664396344	7.605770073085873	-3.7182040051839524	-0.9479662600131442	14.203249738703922	3.393786061501576	-0.7495110272769177	-2.6137681935179558	-2.3931556674463743	7.781023048917418	3.129516550065856	-0.03291106154289819	-0.7358361568819567	9.52659604215817	11.18348952706827	3.7819668236087525	7.020367165269654	6.841671552824808	-0.4075634098805494	-1.4853625058378757	3.6662389946047247	1.3867561430462896	10.046525425820487	-6.996475506707547	-3.1030347410583405	1.6007506621278633	24.040784695091787	6.131590419350083	-2.1204817095263024	6.121076934494396	-0.9112854276727759	8.351808844864314	1.7859480607094338	8.162013660352114	1.2945039083376286	6.689703163696675	2.5519416022295234	-2.013515982973674	6.688929234564129	13.473696527218975	9.265671624552901	8.388607840763784	0.33054297910767094	-2.633480326163138	17.557472817978468	5.553749799205233	28.70102290757097	0.30422242962441115	3.4177294587210634	7.88315398500145	20.214661464081704	9.255042801947956	-6.5839445684944975	-6.852374440270532	0.6376584515597818	8.532980515312618	7.189120541888151	2.297398627599239	4.164655968206821
22.737668113946377	12.306293820806019	-6.497513336358088	15.54751075252019	5.637430661243494	6.782302457751687	0.16241714908645	14.124868620502774	6.719686706099439	12.441794852305065	1.3904850364414425	19.631640716168697	6.582825481978369	5.099775053493119	-0.07833085668239193	6.559715967794162	-3.850289356157292	1.1980211212534149	15.950803507036689	0.5129407906856085	2.1851228316445392	0.5899980297964396	5.013359042464728	3.444679128430431	0.30242184166954306	12.23681010214795	7.884515368406956	22.0627021108475	4.856260707665599	9.39194035354545	11.885217576858567	-0.8580258136336724	11.285796184783123	-0.5180355083444663	0.8621704111728374	10.97406780940696	0.6983503086837248	9.768541778969851	6.834846196733851	9.109631924138958	-3.797886730760713	0.7299514646884387	12.306727470476595	-2.941771128590054	19.96522511964049	9.99740398378154	-4.579932326394844	-1.9650508429652618	-4.191338108151903	17.33206183224278	0.2293102312500271	10.198233743843602	9.218864891523573	-0.6579988286401677	6.865738725289447	0.6616685677727332	1.0719719908637455	6.883918109653708	13.45233966391679	5.5077410949448575	2.929065523814372	13.136188502457761	6.88983341377191	-2.5044762648092154	-7.768955281593481	3.8609795676673224	1.099964515594914	0.6964674092913028	5.574545326761869	6.921250834060035	-5.068154461010209	13.481592232223973	-7.5180857969079655	-0.5910556349774766	7.824700114026717	15.915922815778801	7.738703037782752	-5.819094110762226	-1.0787715530287054	6.985110540895589	13.658088171264902	-5.631062979157614	6.080161186281981	3.6236596502714873	8.760349739256476	16.89315936828196	1.2762744273384374	0.7131321460311846	11.380013403346489	4.6175463268097285	10.138983356161921	11.749847779578708	-0.5445757848000258	-5.099762032368481	1.3881027639292802	9.77305221688876	-3.8651025475940424	1.0076627800395273	0.2620895778748849	-7.816816041403412	14.891435853757546	16.341090605350733	-3.4144644000167883	-2.2722089239795515	14.729711545807799	-2.0236021231081387	5.2415647317565295	13.220044849430762	4.222467214851662	11.170226568517581	6.408300007550716	-4.810686138784398	9.284257112818798	1.8629166630727747	2.249165420046362	7.691179043568162	3.8827724125116925	16.43493050155171	0.9752452127164115	2.440571724272089	-7.822900227391423	-2.5381718357082264	-5.047492771045285	2.0862741666278195	3.9413574324687843	8.906536936461544	18.790828809564253	-10.605250822513304	8.035088300738666	15.324062314084905	13.87417503304002	6.6483296629449455	12.215971699330684	-4.430979211649981	4.813930372376893	-2.1315651159367004	-0.18572976635226499	-7.364133356349666	-12.43919163416217	5.501046474004748	6.142481185580584	3.212662162514282	-3.6764289800384464	11.81859549114525	8.572876673211029	2.9171058703740025	2.17243091216939	12.58196251484018	10.53712002312136	13.194655678755254	8.898018659493866	1.5616259239733303	8.888224408997203	11.1777191342537	6.630259976337637	6.467486198478641	8.58093491542	9.354653716718024	7.238787737317049	11.975507284669595	10.488232686955904	10.314779490087355	-4.836179418897857	-2.3785962569491943	0.8833381840681516	9.483398019559255	-0.5895659039366381	16.603040172933703	0.9261316551287038	9.276963548448585	-2.5751050830582556	6.062958351005217	14.777553206693579	-8.341076051566374	-2.1576906543266796	-5.84959417315848	-6.290245544637486	5.303517380889297	1.874552791161619	5.468483973465831	13.079735034833352	9.69416087322345	14.355470574498634	19.977193003213138	8.722322700444153	11.265895864357173	8.565139439396939	6.99705437227112	7.522514751771903	8.605909901385088	3.8205372377877693	9.673647552197838	-6.005329259214021	22.244344154185228	4.548584183193318	14.277582049289842	0.5820355359028893	-0.7755553332444806	14.48533206013383	14.825156388979563	5.401398337849153	0.1799838312560474	5.1087474169788285	16.621403797677292	15.489223647810507	-1.4809031901266618	5.792715062305278	-0.9261240850598474	2.3814619087888538	1.2675240040537974	2.3130943223763327	6.062172322592418	4.6083148279388615	-0.7602009353734226	4.680816306858571	-3.3126800179435394	-0.5221806579074698	16.943931290791124	15.387741806120996	-0.9995434831857711	1.5599232443119169	6.824368080645236	7.7123578915865965	-11.090606377398279	-1.397680770762143	0.028565395018164776	14.33828523014362	-2.746646752882356	11.140082017530741	-3.2937221799828187	-0.4665178113558508	12.828354965669893	3.7937246570898275	13.892233905612203	16.403078977706222	1.8250862255816642	-1.774965641582928	12.553063645109894	3.990294220176912	0.4058259824917881	2.439108604527585	5.557697143158014	7.914298881682933	-3.386532773299021	-0.7487311713208111	14.64440659940223	3.4930239915309715	-0.5111525616275682	-2.5797263709685585	-2.0830454213424545	8.122478226880881	3.2990480857402673	0.05326412642087814	-0.6219187362651214	9.710786022180226	11.411384428527956	3.998888080771563	7.106714295075171	6.897387710497758	-0.1655449197054807	-1.337885570522151	3.8317882285400833	1.5449383892434119	10.245834288599594	-6.990489488018508	-2.970205175051282	1.6946767597417782	24.1433207769195	6.3259928203519795	-2.0856293788867335	6.147073859544667	-0.8314132533890024	8.735832152228873	1.816245107956865	8.293104701181853	1.4828655392974015	6.777685362273851	2.907329595392211	-1.1640704992813777	6.7608505803884125	13.706292458903434	9.56483154811419	8.653841734112921	0.8511500021462244	-2.388526925455033	17.67770231392661	5.817681492163401	28.946541821700027	0.5802564995464651	3.631423725671971	8.01306489516156	20.362953924311434	9.440692529914203	-6.482630759222438	-6.6034428961466265	0.8747733566496232	8.79145772547563	7.2327960896812815	2.6942508935447322	4.435558239083193
22.882206192072427	12.409425713575136	-6.381145687391341	15.821850709792285	5.678390387856437	6.844816757631934	0.6485785676724231	14.257847810943376	6.983730022915628	12.690276442667662	1.4446119445839694	19.81314422998291	6.592615949611727	5.3390672539917	-0.045824981537075794	6.5843920437603245	-3.7445839115284074	1.2604883889801994	15.986700036011673	0.5280806350258939	2.2671006531725175	0.8673290551431312	5.03156485698651	3.5186576796287543	0.38648167862722166	12.424260657035076	7.949151898345964	22.26696335810414	4.88411335566306	9.433842319125322	11.964686266529851	-0.703539255761925	11.376291200270463	-0.29827504473512456	0.9204369248079789	11.14465972155781	0.7019082898550248	9.807813145735599	6.918035692256069	9.235658336596343	-3.674183423233302	0.7840195653337746	12.406009440887816	-2.734839442383291	20.026216052936135	10.258101157876487	-4.542775059865033	-1.9210413903142318	-3.846464884249437	17.464276050366717	0.3759485357838612	10.376388988871257	9.430345071122366	-0.5777266426637847	6.904410694082579	0.7879537910034626	1.151453248747697	6.988841754090278	13.543837711303146	5.8197443994501175	3.132158643957426	13.393874917609153	7.186667414032242	-2.374172454038759	-7.56719940435632	3.928185622630223	1.438775056448257	0.7875464057512809	5.7349029259892585	7.365066754409218	-4.991412281405536	13.564503538813364	-7.429501989754925	-0.3893620670152566	8.180657197238782	16.04574411401805	7.888894800863683	-5.723712037392441	-0.9144014394193679	7.17885195193849	13.919995130326697	-5.557593843929898	6.1485212694781115	3.746800421683016	8.861267021086224	16.991625956848875	1.585338551703636	1.1294179886118036	11.496163414653285	4.761461049668158	10.397071875315769	12.210897797254145	-0.29313817109597023	-4.968377182130635	1.4199785128929459	9.89405885751519	-3.792565382787389	1.1415679783486552	0.3205108395880527	-7.734517596026953	15.101151277234472	16.514016818999792	-3.207538536394144	-2.142105864697381	14.79668691502582	-1.8763045990337743	5.310208579184993	13.283085973504742	4.415110162655979	11.337110121341572	6.452912543404263	-4.644076262779284	9.481626054024458	2.074395539898181	2.5849461751165492	7.837233740632724	4.0410578322387485	16.487023076699586	1.2494405326045042	2.601920090530393	-7.752966148898129	-2.3852957451216015	-4.938496203849572	2.118186039286441	4.116757238571962	8.952510878640172	18.825378457380598	-10.540822829162245	8.260083299866917	15.36947269699147	14.1164643002649	6.937061185772526	12.392961663050505	-4.302125934895621	4.946459749337645	-2.1092119593820198	-0.03832489837369621	-7.221858651889991	-12.370132405185537	5.73061854813118	6.378866591615661	3.3475323610775587	-3.4655035438527193	12.231458391163665	8.697750009858131	3.0151205207720717	2.1894229848657836	12.681568357775886	10.80568870840972	13.317330381136392	9.014746852665798	1.726855540207217	9.038978498201558	11.2184041389961	6.781790338172222	6.482230268980738	8.671493474004462	9.45073398073689	7.338267422857866	12.181281492348667	10.69998681814178	10.430706422939155	-4.685625492907089	-2.333601462781271	1.0822721338041488	9.599797804396282	-0.4821068447661671	17.006407921687096	0.998491136299897	9.478171747566693	-1.9544498805122164	6.343958941912356	14.94337314016042	-8.25934430702828	-1.8493290181038486	-5.752958257839579	-5.913080278984495	5.44451987785584	2.0896179362952383	5.603757101443324	13.297472062234784	9.724017482227591	14.373428317276753	20.16144426028358	8.741361180621123	11.450227081928588	8.650428710874177	7.109922923228419	7.526327441527824	8.75002899357011	3.9351016035676682	9.805941021028143	-5.963480743040951	22.37824119189824	4.681832179622577	14.326584728239967	0.655323473134124	-0.5675758590404832	14.519445078398489	14.932954575690541	5.767569981217784	0.27154489227334444	5.390117846163738	16.756558736326944	15.718370441641582	-1.3933184581161584	5.876807312174856	-0.8601701060849026	2.4766572616832665	1.4032533370733982	2.427224039031696	6.4066244473635106	4.886947924012191	-0.5096237471696898	4.77118387926619	-3.17459436997447	-0.39873122101601305	17.147193839993452	15.638789433951404	-0.8024036492650171	1.6243519023056254	6.892114026080708	8.021294307962371	-10.953834667915014	-1.1096773006323395	0.12322401512497583	14.499553307272073	-2.5174597639639615	11.409288915333011	-3.216366021606373	-0.38317774869809357	13.08795874829803	4.007291006816684	13.985560295797804	16.63608061305607	2.066054720512739	-1.4106496140936506	12.658342494881751	4.3336278831247075	0.48508273080501213	2.6333096850419166	5.6913667747567205	8.26533056662551	-3.2981113005457816	-0.6579086620648695	14.69411587964336	3.7452293776306824	-0.39429081958162304	-2.4957868395110383	-1.9432954308614403	8.385655763598363	3.443558806878651	0.12419114150011831	-0.5500295717706465	9.946461869751511	11.609603750404482	4.396512609083171	7.205488475920082	7.107628442890657	0.07176747468350576	-0.9864196134069534	4.031386383120863	1.756016691119219	10.362812276811617	-6.759984964539318	-2.9328671703735614	1.8062927904130697	24.320920359827372	6.498268967473184	-1.8978279090566919	6.276279238751732	-0.5991747800735874	8.847190010136432	1.8784169311148797	8.430519643088386	1.8223465993438166	6.901797080165818	3.094334475602839	-1.0395037652382741	7.072326187716922	13.758926704376726	9.629705733002705	8.676304457017714	0.9990894364985712	-2.299551693833065	17.866068619902055	5.872290404545475	29.01891090525634	0.6751590702104479	3.9003747615884095	8.069835453406581	20.606530316042694	9.535160759835962	-6.191360235567926	-6.418304882027807	1.1649369521047142	9.126902012135009	7.461042219235645	2.737991736856549	4.504608133566848
23.05407925024683	12.512922934609572	-6.170015267316635	15.87674820550144	5.949198003718589	7.09212603490571	0.715518296262476	14.367023965791764	7.092765503640416	13.004346491754433	1.6560269206296443	19.888120092636058	7.026635263698653	5.39316223929187	0.2983201179419155	6.738997541129492	-3.58795502869006	1.4352926835345825	16.146971035152298	0.6047315085778028	2.4891183947828575	1.0709088223405971	5.212084943465331	3.687181620134429	0.5903776453091493	12.710897511018404	8.123426673687073	22.4135187902212	5.215047184262144	9.655707286347065	12.096600832721764	-0.6241865314179542	11.44242322107247	-0.2043768580701651	1.057855163823467	11.514221974314804	0.8418565659872503	9.895532086319674	7.0325944869840225	9.349043080269164	-3.3661552970073814	0.9456300017764294	12.610374394067335	-2.5681333929110584	20.13865784724922	10.569493870864727	-4.35922642027239	-1.7747655524085506	-3.8223553471775573	17.687157032880073	0.5580296627913042	10.50523728389559	9.594849903273957	-0.28400561388268164	7.006409409383735	1.0095143273457914	1.2405383390312086	7.129118826948102	13.986132194284606	6.017504012243586	3.1688096255086218	13.524341570045378	7.296030729671817	-2.3218763480538724	-7.51068646619309	4.148220064632251	1.6121785731824356	0.9396115606924796	5.96617592335143	7.421592804946509	-4.841151972639933	13.881042428037755	-7.354956406133368	-0.17372022674310028	8.341193960233301	16.233458128040922	8.004226850022148	-5.466077120597127	-0.6955742953902122	7.230591251825669	14.13125652623937	-5.283923361412594	6.2005997753871585	3.970354327316506	9.036554248497922	17.322621179599953	1.7402303733529856	1.2208499131713293	11.584357067924445	5.168293377408616	10.69012200442062	12.354051697963191	-0.10370831254023263	-4.88006110162629	1.7596998967517377	9.987290728965515	-3.720563654509912	1.500639277382801	0.7331166693193768	-7.566396758408676	15.125067753988482	16.653024816846525	-3.1786208421722946	-1.888794152633451	14.967543630340337	-1.7070742716714313	5.599639772837005	13.44421522563577	4.487956416726836	11.763545036986493	6.557137241768364	-4.607216096026903	9.54387038589269	2.2084155908183862	2.7971291272906735	8.037914276471222	4.207432001453448	16.81076687022251	1.3972621355960002	2.7367187831399393	-7.592270177740692	-2.170782120095053	-4.8445518933663	2.3140940667993615	4.23875588900813	9.076090795460425	19.163383999278878	-10.321981477593658	8.333382917604284	15.562067200062353	14.258252890791542	7.016630284622152	12.546934621125624	-4.238188933903568	5.338830231242432	-2.026884978673367	0.08658196862854224	-7.135398848233593	-12.276888363504725	5.981537318549024	6.485091597978776	3.52248367147668	-2.8542458063714813	12.425560839850048	8.894578270609154	3.1431691585050188	2.298834202996668	12.893874214260224	10.857091553935408	13.426661950785826	9.24981025261707	1.8105627401966964	9.342098553355916	11.268285928673254	6.833890075562457	6.758107002184765	8.946520005760034	9.666700859806962	7.458425784539604	12.282231351643281	10.765261591277847	10.83936708570065	-4.590074666360884	-2.0947674436148787	1.3296355921856267	9.70189269125787	-0.16387672432817263	17.25126044883755	1.1173738588612891	9.599171687438783	-1.9138173759721213	6.583455089594015	15.080186329884238	-8.127074779460823	-1.7488403154002023	-5.406436545424109	-5.882600167887213	5.7139997857059015	2.1510223293804107	5.72373174741716	13.79920999067821	9.7927512269463	14.529325867063806	20.294790866197935	9.101909794031402	11.547884153868168	8.772240877407386	7.4673605136358585	7.880685525386704	9.0295946905604	4.207820079903354	10.1575945754848	-5.856491590666276	22.4398510141059	4.803811598235112	14.460842439492055	0.9296736338904042	-0.5134154806710425	14.63152768747847	15.074323898685948	5.868139668428129	0.48041853260072376	5.454849262294092	16.958351373784588	15.855116988122933	-1.3437350268616965	6.4141752699439545	-0.39601163965534564	2.7030053559514235	1.6850163924280142	2.5397930304004275	6.566550073458409	5.20605810042729	-0.3934534357145281	4.8415196136056196	-2.9799023796719104	-0.0648475842925606	17.28307383639966	15.673393744615828	-0.7587051187981827	1.9315717334752145	7.014050622451288	8.075718152408196	-10.768906737009514	-0.8379017351204782	0.25346841513209933	14.826661892352147	-2.3295001757276625	11.488720340614753	-2.8756320369415	-0.3083364414925346	13.257710776073434	4.377820811181797	14.063627329107831	16.923942650076576	2.3043488605665234	-1.2630590360674059	12.883185123028884	4.43840791565105	0.5416850662217431	2.9199430761871388	5.90750093825724	8.544776829584139	-3.2416534032513145	-0.5182431513053974	14.714713602528745	3.9472806231565	-0.09171603057777689	-2.296284181940536	-1.6578180566993745	8.470484436135054	3.95745751981012	0.3131224573148176	-0.5056503140037572	9.997993733833002	11.686159590472533	4.660589268141267	7.308827225495384	7.394845999626732	0.2635532706206297	-0.9393896154801181	4.1343206632669585	1.9808079171286337	10.626817427509412	-6.672513030235601	-2.7074893005208955	1.971148556800937	24.4254898551451	6.666678844796879	-1.7706347898146595	6.383438799929383	-0.4749082846359414	9.084275687084167	2.2634195164761475	8.583339796284944	1.950050119068661	7.142410446699289	3.4853501389370853	-0.8762628445527807	7.199097277874921	13.895690512311214	9.829097061909662	8.901427325874506	1.0910887044487287	-2.208918016998645	17.96377014552379	6.074538983338774	29.08681916202379	0.7610288707911	3.927496289978013	8.106197575547526	20.737118745081858	9.638467299182166	-6.149775690404709	-6.352494767638213	1.5138153507733327	9.247231256308703	7.619425163292848	2.8700708915510353	4.641301599897885
23.13707211311901	12.688928017464713	-6.013938064805057	16.11894945530865	6.336591119534676	7.3649416486730015	0.89400632680925	14.508449085201221	7.281384500508795	13.22177440192694	1.7966084373570361	19.98030646277474	7.411202987002297	5.502262374952292	0.41492042683909636	6.837505471146058	-3.3390241752631002	1.714737705914979	16.37756751769694	0.9003309666015934	2.720909270725869	1.1218008467788554	5.272744431406909	3.8562138884039308	0.7020953034911854	12.773497323549497	8.369135117222696	22.463407704449523	5.345442337888991	9.827781898247766	12.208732615234462	-0.452982138418931	11.657656479823967	-0.0558539896743413	1.2206434436962317	11.629817869089171	1.332269038869489	10.065331279386749	7.266697222277135	9.3952849811943	-3.321586407009129	1.058888585511044	12.727124016573118	-2.469020518191769	20.291664114234255	10.661386703418994	-4.171228450422898	-1.5141027109607057	-3.6767464051964223	17.97398882060689	0.7593814165937216	10.536490186562895	9.77246063415695	-0.13606494418277978	7.060109210979182	1.1869382390083392	1.2911421780822219	7.2055946302086085	14.098354594468022	6.044083648042334	3.3669388140909318	13.674630475611302	7.3503301598318425	-2.151017270799502	-7.410394018116841	4.2559904111330935	1.6834129775446403	1.1121615043099247	6.198228332451835	7.6157056132460665	-4.714265534525585	13.939648929097029	-7.244118718289615	0.027219419224943083	8.458059370684294	16.301286912106786	8.091713932218916	-5.419059143547159	-0.6176428848882523	7.427375793393064	14.55339186631295	-5.186436412213645	6.35449119080569	3.992362558653028	9.186098277241372	17.3532484567916	1.978909486338324	1.2460394428396815	11.63523248496259	5.3349494713144665	10.703451784938304	12.762117883142658	0.01207638323791105	-4.738471636707336	1.9700857930090303	10.125082118075424	-3.6240249439171817	1.7187518131033888	0.8444311664230112	-7.377910757347012	15.271718794071688	16.852447307100253	-2.8967234983041226	-1.7255078554170993	15.067559494973665	-1.449802006524581	5.896239921419601	13.624606481536958	4.549302812190999	11.804770181625786	6.713556093349604	-4.502627139825015	9.75672491187037	2.386938764055427	3.1392907027204116	8.19993882546083	4.618549055880144	17.114123848289918	1.6328037921214251	2.7642363355324506	-7.3596557719984235	-1.7368634366288669	-4.709685612719869	2.537471564557932	4.327404147511921	9.340055320989782	19.276663872474437	-10.174426285223968	8.553692635756539	15.647753701166742	14.48069215676087	7.154618372411666	12.677630320940539	-4.136442421812618	5.386163112121505	-1.8992931337051417	0.12962425782433226	-6.800283080048288	-12.196758672617255	6.105652907954415	6.735342080285402	3.883661648655332	-2.8046601730047263	12.536356443279706	8.99602667819356	3.2763568154325444	2.512979140407126	12.978292417368003	11.047789870060956	13.475334615133427	9.352114896932271	2.0489676180717966	9.458133026287364	11.338217999264998	6.905649365265429	6.972062986201585	9.268399905900559	9.796642757958006	7.63983179205291	12.530495908858766	11.023690306629799	11.152460851353785	-4.403700756851062	-1.9674966753638166	1.5424701796090317	9.965903329704597	-0.08327607472502249	17.388670970836486	1.4426871544943232	9.664271994777922	-1.6608024406589734	6.728360302766914	15.211026924833378	-8.086367727875738	-1.6431170218536344	-5.329168936671855	-5.556303546605194	5.844548019163295	2.274589152710563	6.097982334937664	13.853343101210069	10.326889341362998	14.59333706986752	20.31153451040294	9.283168391116298	11.767878731580776	8.945644306123828	7.677006312869348	7.890667483259429	9.305116081126492	4.44964987891154	10.341907973903947	-5.762722361196441	22.55535563134917	4.90162986843857	14.581324112109929	1.1683282075127874	-0.27301868180701744	14.827775446217887	15.142758547410583	5.955697383214524	0.6571892128022933	5.5495241748435316	17.13626367642953	15.999074499203653	-1.2009549000442874	6.573319792901891	-0.32993500520559976	2.727295018055779	2.003243134850984	2.6557797159055743	6.623213695803357	5.6282616151149965	-0.16670449683743654	5.251657108796144	-2.7099505951981646	0.041485385512174275	17.453288565041202	15.807310599672892	-0.6385566320317104	2.0569460375529522	7.2533131117552365	8.288097287119752	-10.726663842349668	-0.641426869647721	0.31194211580208664	14.938202876613014	-2.1403245623356972	11.56974925167991	-2.75069218105291	-0.23102227681443918	13.306753553808255	4.474216996651816	14.144327473276096	17.059984453899318	2.3416429660906437	-1.1958838364610833	13.115968424558588	4.5227894504367585	0.7806363290654104	3.0409481463808676	6.169054712822388	8.660012639986421	-2.899251049303141	-0.24040662520202588	14.981595659880611	4.215289363297326	0.15787457711607122	-2.213814450522772	-1.5666975655303004	8.503155104851718	4.352595233528836	0.45846370158578215	-0.4211704969118634	10.237286500571887	11.88412690687667	4.899000376289721	7.398895738698461	7.5033165624982185	0.41200308435538735	-0.6105800172030904	4.2036935267881885	2.0235682057349007	10.727377154335088	-6.419003709654635	-2.425771155534361	2.1663190141699302	24.486832600251958	6.875344965370836	-1.4923399336813434	6.469410165512988	-0.21169847962275948	9.230245010937292	2.3650030587923396	8.62805286011111	1.969542629082523	7.2772324358680915	3.682802677507267	-0.7314125470906411	7.251604740953186	14.001254045708599	9.980005529710553	9.007898857843477	1.211280126177639	-2.084577958700343	18.108926282115338	6.29918220439523	29.213098701479193	0.8686333920071871	4.019812723351824	8.434585780157898	20.99524916713822	9.82360387009642	-5.931047764202482	-6.255107935951135	1.6088318990949104	9.436692855321633	7.662637007535183	3.0130295229236377	4.836878295976755
23.21540437576699	12.790791535328168	-5.93664448085897	16.20340891233572	6.737644818512272	7.454204685574273	0.9629426176592453	14.657503147573676	7.369156710911579	13.450183485736222	2.1673081675277155	20.148416739942302	7.563901937613726	5.554191411249624	0.5754698107108203	6.877609926987479	-3.2146188249191474	1.7342900753404662	16.476482469569856	0.9911862491170051	2.949386027984916	1.3912503761801045	5.376805541247665	4.0274077011284115	0.8854897889974488	12.917080454455814	8.388496794942569	22.586477029817406	5.77569352916285	9.993476347213523	13.240547423971968	-0.3872884587365321	11.79850662405855	0.15018727277989763	1.469907104334545	11.669354285386241	1.5907445517992442	10.122856676697301	7.361534826568265	9.688691150613296	-3.1714920524521393	1.185466402790241	12.91198919876965	-2.1864952941521425	20.471153559670114	10.72195259517977	-4.0801952574034726	-1.374206407370615	-3.4184097845787234	18.11046269429561	0.9206198540838797	10.636076220991399	9.824906012925496	0.07212239241654589	7.130735495641979	1.4283589089048132	1.5048959296903284	7.3755893440468805	14.328154493914608	6.381387253146159	3.721704278946442	13.829504042512541	7.367456042438322	-1.9418481471953843	-7.229478778660933	4.392301886529708	1.8441437051942662	1.3389655971723982	6.342146240052688	7.62846928615577	-4.628743364731292	14.107456929140584	-7.1962991078129175	0.26090850788691805	8.467685087199563	16.55273809116735	8.313399609394647	-5.149731226299322	-0.3069385332144745	7.540704506907554	14.756768610611061	-4.961342417347058	6.4271834528588085	4.201972166699017	9.34212716842147	17.39636969981391	2.249996374079653	1.3113097625540597	12.024540184666876	5.356820160189284	10.93141667182178	12.878731544874583	0.07971582276595529	-4.692447306285325	2.239144468015268	10.2614284545655	-3.4387654596279558	2.199958109267526	1.0368804745407343	-7.305193082036273	15.643466219458787	17.038303146438963	-2.737410432037139	-1.6241613165450188	15.175332314994613	-1.1628338602713428	5.9472674770368075	13.760354135586661	4.842331662335785	11.939987439223101	7.22303561075319	-4.398540178797211	9.797126122081377	2.5426995635018312	3.2763444629748695	8.380416151806504	4.675159952166592	17.16516911572156	1.8100729464758831	3.0361002354092492	-7.188959824567513	-1.6928285548606343	-4.572508705705705	2.6323142780022795	4.340899157789946	9.483415036749943	19.450529545355533	-10.12808439184606	8.653719839144417	15.958609458099986	14.654249938608206	7.193530692283086	12.722979020069989	-4.0325713597595385	5.660486741796938	-1.698288589815075	0.2624804180809116	-6.554501369555797	-11.864055397981176	6.195557412450944	6.7900573900097	3.927597637528019	-2.749195140968049	12.741290032607871	9.225165253786567	3.359719381994974	2.615462411269076	13.292136195586409	11.10030052746401	13.747674622790967	9.411310360346373	2.222299836186958	9.66434895600082	11.502127393535662	7.125926610059162	7.014587596716921	9.287167761458758	9.852516853525913	7.819295320648694	12.667508012923813	11.048923121475312	11.186550635978296	-4.323497279666822	-1.9184745613829084	1.6925411906183907	10.00720189138336	-0.04087962641091738	17.412179761134116	1.6172527534146486	9.721055676793664	-1.6189157019262919	6.906025390354383	15.70190494113594	-7.89036427381414	-1.4857376327610363	-5.240076899446564	-5.430943078619129	5.970007984758207	2.3231973058897517	6.227724422532935	13.909503547040805	10.477260577053654	14.67457867368852	20.631844981040818	9.499786154660418	11.985903699330535	9.185962916215743	7.854887168643811	7.995676806349229	9.762904733064937	4.613009377616379	10.862889076671866	-5.696856223883593	22.674358196234063	5.218112783389573	14.83977852224736	1.2771630139140846	-0.14266784456268092	14.989391790252107	15.392627154829476	6.349924262752006	0.8304180887770038	5.687518047179696	17.23492181416052	16.390539538536952	-1.0906099246473655	6.698014897503781	-0.22408049239863292	2.8474102524160734	2.165170646602279	2.8494234177178517	6.793702326389677	5.656624037190464	-0.09896237008136573	5.5704462268769195	-2.6520824600871618	0.29622446711651057	17.56384313266609	16.0474171280498	-0.3546230465267746	2.1934021025497383	7.3876421965876276	8.434017519163895	-10.517218152666977	-0.43746667200451844	0.4643891685902982	15.030067246735559	-2.0771604749051384	11.656269113545953	-2.4471811676127704	-0.0333402981434417	13.330175169291266	4.55728021691226	14.3408562170681	17.06843472433199	2.567549522421809	-1.113047000669123	13.183332652436704	4.587963750909227	1.0361229083215693	3.3362423013606057	6.24064201747521	8.777997708157702	-2.649744728290563	0.08365310257770284	15.204172019724409	4.312505859949518	0.26523785262356414	-1.9747858819274664	-1.2947489004285533	8.974298253597233	4.548085599793266	0.8588983129448693	-0.38208311113924714	10.24927371341581	12.044109188796916	5.20353288107335	7.579345679821804	7.824964035247678	0.5729644639516384	-0.47015579956321946	4.587136559713868	2.1127830792705247	10.837377960633596	-6.154674626438984	-2.1018245425297333	2.3807932613619007	24.607620942895824	6.925910868433742	-1.2998083497789155	6.531452184557605	-0.08530041859678893	9.667988472687895	2.6238844453537378	8.878536224791658	2.424892666390885	7.492160719505401	3.7405047048176807	-0.2953527504474356	7.37609456562573	14.084350385490259	10.139977623292292	9.105082388612649	1.3661261386436296	-1.853507694640329	18.547080926184154	6.4096245954880064	29.339188692978368	1.1224310919824367	4.2388653622113415	8.490500906841248	21.03834017523212	9.936655698821244	-5.756117641982562	-5.997106671971715	1.6458973474523049	9.505898734678466	7.886595700853296	3.152482106836507	5.262832951136722
23.30341398460967	12.961628250717038	-5.795111022318156	16.288084106310922	6.8349154312882066	7.53627854943757	1.1386260240160953	14.77367545947879	7.488515306018354	13.653567063174734	2.3179484121666656	20.178794234287217	7.621593593310297	5.600131921705702	0.7006264338558209	6.968225480766567	-3.087339135821928	1.8325948728108907	16.541561624113488	1.0457255323366235	2.972885233527364	1.4930021384581533	5.433433629478925	4.54085683996959	1.1525852377926677	13.10298089738766	8.441551192684255	22.754123567713926	5.874240006299036	10.246612053360185	13.46632913152019	-0.1457176436651203	11.874012791447717	0.25414572079819014	1.5770776867927137	11.729538542471188	1.7281684398773192	10.415884457997143	7.5966837612301905	9.773182103103927	-2.8469248764433948	1.372840459112183	13.049029325043286	-2.0958612613390235	20.539617141833094	10.776550553625762	-3.9612210320352665	-1.2476255705706099	-3.318400936165269	18.2924002789514	1.1179758308286423	10.838132236680758	10.044840822844622	0.13746118838935018	7.2974530517446645	1.4622573498046774	1.5669637959084546	7.473033005790156	14.442746573720436	6.484320050022577	3.9153214665699343	13.916865080636418	7.489317317111216	-1.890999418497107	-7.1978732475647975	4.573831615034324	2.040284529478107	1.3798216873391582	6.376189421437074	7.7212149434262	-4.449189590064416	14.529881674752177	-7.001910876285958	0.38935449242491976	8.5403043154746	16.763342257912356	8.534983184689104	-4.884167527654687	-0.13930788331298932	7.649941024927214	14.772646156015915	-4.756265481252436	6.625214760317263	4.2436752294032996	9.579295529368027	17.737418605413698	2.3060544602808823	1.6460970383818583	12.128500885081849	5.597154448914622	11.03334338346639	12.9422846536914	0.22356650258532382	-4.514524702140953	2.3422510033936095	10.492344338417805	-3.0985420843480895	2.272253107341519	1.1115840692997245	-7.180213367615703	15.731982891551924	17.237013042758722	-2.686438245287694	-1.4863966585178638	15.371399061457879	-0.8392693799863258	6.399667955418689	13.986440842553433	5.106304622236763	11.96805918582634	7.453020502828626	-4.23257531653647	10.021986940735475	2.8275137275519278	3.4801617350112184	8.625100995392796	4.8240874329580805	17.443226459975932	2.050458100745085	3.30835829535482	-7.100318261598542	-1.6202852472565905	-4.541099002893436	2.925300406316249	4.43993325861735	9.547906887007688	19.47494157614473	-9.833911058211434	8.767192658631286	16.026480669290976	14.714862203860795	7.362506454355841	12.80643993823771	-3.9514026623347958	5.8220996958794275	-1.4529577969481566	0.40049751713092524	-6.503393187981417	-11.77436389486055	6.230474496661951	6.872212076125319	4.302955968345954	-2.519881799966863	12.912644936660769	9.366349539092937	3.6513195248771	2.993995134235239	13.33367597548966	11.313646821234084	13.80433369959973	9.5324085216862	2.2755070754100153	9.730819843203385	11.654540300481425	7.2003404404808675	7.149805780198707	9.332318947392945	10.13275382721142	7.840296035969242	12.7824502622191	11.215993702884228	11.351434021102435	-4.162311481592544	-1.7026976137206653	1.8127216618749988	10.069840516791245	0.3781499251880386	17.6941482416485	1.6859658831080149	9.88171454445106	-1.2019935903530683	7.682651449682443	15.899550247024719	-7.789444960848624	-1.120998808613548	-5.147134733386877	-5.3326909009666466	6.241285824400193	2.5501564776471155	6.328453946542982	14.15614283386419	10.534424594505182	14.730034360073256	20.714801621609816	9.837861271227375	12.110600120725831	9.338398072059606	8.102173987880448	8.179854986860473	9.894648727712081	4.773917294127501	10.97014519663772	-5.649717368143519	22.811389412772584	5.424402724638237	15.040791735284614	1.4310819077676222	0.10743199441056243	15.203251814166077	15.615255668126016	6.655573081184712	1.110353850476047	5.879170962049323	17.281135018125962	16.69110500406391	-0.9542605633800628	6.788865239503472	0.042176347648216816	2.9758191219513797	2.351980665940828	2.901359619383093	6.816452489350538	5.902734004466753	0.0934266166116686	5.648073736788298	-2.391386008924748	0.4152708875519128	17.62336155785256	16.216561918207145	0.0015301799368278544	2.243500432043956	7.474623685900338	8.62740665596209	-10.381344306738328	-0.34419140399230574	0.6679594558026891	15.044566911008008	-1.8611279400533909	11.771634512695805	-2.1937473540961254	0.15500373862005143	13.821411586316804	4.621150993313646	14.680501461235753	17.171712182183146	2.6711963758284223	-0.8627893507592481	13.28471788240275	4.700611997691835	1.1082308691063292	3.4422521178939753	6.577900130477979	8.861080729483145	-2.2782768153076254	0.13873176025069434	15.38218221261482	4.436004314923093	0.43232878091110427	-1.8536353638039158	-1.0764576827967645	9.092815496774394	4.621504214367551	0.9724113914678998	-0.24918804678662237	10.679797955564622	12.233279634028206	5.559912987817774	7.833017085941915	7.9813532140216195	0.6863922783881494	-0.45563475697534356	4.70433846633516	2.2497776467359967	11.01916825274363	-6.025384068906726	-2.0776808945780263	2.544590794110217	24.834826064630846	7.080128362273082	-1.1616235530231385	6.75955050348318	0.01042551902734062	9.724662563496667	2.763772146414649	9.025048957378681	2.47644839535819	7.606110861323673	4.0682079840855545	-0.28576587102063644	7.437790858308958	14.197502647014323	10.208558290283632	9.262555848527256	1.4873561500654608	-1.7902642699788014	18.615537796211765	6.653041196592861	29.544716970674603	1.3680838818138468	4.529179235382244	8.846307596926398	21.15027515043324	10.290217608643475	-5.647004637222638	-5.811969499112586	1.7785038657789403	9.638160278446753	8.0447064422894	3.269616563629838	5.411831889916605
23.39587608422449	12.965691058602175	-5.470536278637414	16.480474895486687	7.020990735820377	7.690792860846687	1.4591245792548657	14.810613033708828	7.774101301280494	13.68186276821952	2.401326941413389	20.441066211831775	7.948457645848748	5.890043215169857	0.86853603261762	7.192715763943341	-3.0456780333502005	2.0658757373571084	16.72930131768374	1.3479166169456431	3.1413347803690783	1.6245264351386643	5.633699527287627	4.660662248374159	1.2006102909515388	13.387229085148915	8.505864041185891	22.77989790430117	5.966848693081268	10.33859821087324	13.609471818641254	-0.011554102335999007	12.083541613904467	0.6215468154513857	1.6105645927856151	11.801680473182849	1.823847679824243	10.724913742648415	8.01139182084283	10.215911019527303	-2.764325777500896	1.6061147371942155	13.62592247126429	-2.0283185295310915	20.637418557570488	11.192152984410601	-3.6828621367746144	-1.167169149947957	-3.1018325559835462	18.399465875749804	1.2423131887015817	10.990318589820872	10.116174973551738	0.32219995233483023	7.418744882460863	1.6430333530280843	1.7400176719314469	7.963619241488172	14.616469066645598	6.535462209527876	3.9811496802495765	14.133851061337861	7.851095010630866	-1.576842489682339	-6.9147265082827944	4.748972537554893	2.348707156054451	1.6070916149935046	6.648572438215241	7.7669638095721645	-4.382516382680228	14.620364758717235	-6.830426113634401	0.45304543607268916	8.66354520789565	16.94234038402805	8.562085303708962	-4.798246875931737	0.14515905993437542	7.845613922141254	14.98024029900796	-4.704519999033011	6.653124614507184	4.449226089175485	9.669754896217226	17.897111293192186	2.4284048693478297	1.7586875708178031	12.285666692408551	5.835148155891781	11.239340872605181	13.02102449122056	0.42835024024510704	-4.247191142648763	2.4048439051028905	10.617405259050571	-2.9015105424881695	2.499289800783786	1.3789960849878244	-6.958401477556692	15.977935682496309	17.288333605226665	-2.5787345452212906	-1.1240141330289521	15.420600894800808	-0.7576219440729653	6.476153557453861	14.037317564489058	5.265033183801178	12.175826384372693	7.503271800383942	-4.007763342906928	10.067491241086808	3.029368284586457	3.637590051532014	8.748492756810018	4.962937567753381	17.470370521644337	2.2040512289118457	3.32716282974604	-7.0079545878799205	-1.4867022048573328	-4.234464119275283	3.249271251048019	4.545304069010249	9.726726919533474	19.649873642682426	-9.76610125724673	8.953411530117775	16.16200026921364	14.841281401250102	7.6068152187505715	13.10933672842768	-3.8921431023657864	6.020079618208093	-1.2506148910321238	0.5118062451266581	-6.15193629575092	-11.617620565147929	6.442218406267587	7.213848985056071	4.374883858887882	-2.4892358877253256	13.361520028277187	9.413400843361682	3.719333127732304	3.117295463330315	13.456315284565125	11.631554950636746	13.976478440755232	9.679644903496698	2.4110235583162023	10.110047572188083	11.772660268173473	7.469879137141245	7.304341923135022	9.402495495272797	10.160633943027403	7.975947274818973	12.868051333804596	11.339309518909152	11.545579711087772	-4.049828607044943	-1.537885905740984	1.9330855989901519	10.247670125728465	0.6485200363588998	17.969089688297245	1.7178518040387287	10.07028504652395	-1.0984008295541807	7.702752547172566	16.042682469211332	-7.722850728474965	-0.7786220854289461	-4.961210979390137	-5.085822942947819	6.381324668132674	2.637668449716429	6.44247895634896	14.200618623639244	10.657878738916219	14.910510252302819	20.88054551381979	9.980142674149308	12.258959789162894	9.534959219379056	8.173087143614032	8.465494641697576	10.148163746613955	4.947320576407631	11.078989424456266	-5.584134477797917	23.04600962150619	5.681080576918191	15.190926766553293	1.5121191164219199	0.17910184677064034	15.269961639050377	15.659284128455054	6.761632785151211	1.1573086932999843	5.957953678991538	17.522477938422057	16.720376717262273	-0.8249858506753024	6.926165401357414	0.21092353942845074	3.1013289155200874	2.515936794929954	3.0478217605953604	6.914285584531647	6.056308169105525	0.26160184876424086	5.674712128221693	-2.2489882473059373	0.4965440799701332	17.83439999523156	16.309424218436	0.16486284498607234	2.268728980373643	7.638991787124453	8.758563002645488	-10.31168966441765	-0.21010545055670504	0.7480463866319643	15.287220258232823	-1.7103415119962233	12.046503449303072	-2.076453708782712	0.24242857202888127	13.841582457082414	4.81835431156179	14.998575839618526	17.350282368726056	2.9166794270593677	-0.6926552156182368	13.355578439080853	4.983108560995232	1.2783282917757905	3.6108202279392994	6.680329816260008	8.951930069120008	-2.2334550387447694	0.23938180104465231	15.455489962199751	4.477500424012866	0.5336259853025019	-1.5734965339882803	-0.9752456678035109	9.322171238559232	4.782841480504704	0.9922364064328203	0.0024362344119026017	10.900757900354563	12.419085355871445	5.612057953498863	7.968381479136795	8.181486526182233	0.9719056485883637	-0.32427050126287593	4.781882091155361	2.3274999273719	11.382082657823842	-5.928274072347883	-1.9826118454242316	2.5637962051476304	24.891411521476428	7.1277258029203185	-0.9514857930993871	6.92722755809974	0.23229589984284996	9.856528589832335	3.2930191875846324	9.082110169724096	2.568933157524551	7.695828799624461	4.452054190598421	-0.1797563885204902	7.7080114909594855	14.62064606469689	10.48365670087047	9.397827394723839	1.7444675227188982	-1.6929709197002623	18.673701828275995	6.727717128134379	29.64278842119422	1.4213589796967165	4.720048758216473	8.897925947611125	21.20119764850736	10.606865808191227	-5.5967198683220944	-5.723736597532232	2.090274038289162	9.654937058287361	8.104115265066005	3.3631758427655525	5.723719213575632
23.4949370879454	13.12446971756217	-5.342752334646224	16.659800090238143	7.45647287873498	7.843980385666699	1.6493062099153752	14.974206078075715	7.859419720668095	13.808136923117264	2.6394040713104197	20.942265338377208	8.20950747567961	6.082308638880774	1.001831438946179	7.3469588989625665	-3.017841763892427	2.1219868183037915	16.81313893981147	1.391586666253264	3.427789932864766	1.7460560508749747	5.860592460904406	4.839954249474523	1.3800225751419652	13.416577826364128	8.79348083505871	22.870163206465254	6.284577426858997	10.562607393533437	13.6608227948376	0.02839373177193139	12.433785525792349	0.6630231275464872	1.7291424737851404	12.420859858235954	2.102404974690814	10.855163549958078	8.110738216401232	10.250659590375353	-2.5370286061881004	1.9768010182438167	13.646955276494136	-1.741829940905714	20.883839426001675	11.462417753089394	-3.638435795093574	-1.1324791329317605	-3.0438678724733284	18.49601186305591	1.3016065010568505	11.172531963112684	10.176022470319849	0.4814316284134869	7.605315375575891	1.7252334063784298	1.8970873267106476	8.067329156602954	14.742989841613975	6.628156203697382	4.087063964828543	14.262933329391828	8.033012372348308	-1.4201629618567475	-6.5565138956024205	4.773146810731386	2.3937117673368484	1.6319270749105803	6.831572412688184	8.201638627718292	-4.225518230869213	14.951102445915438	-6.602208318892844	0.6550005757113309	8.968031959076955	17.07025407472115	8.789731547003289	-4.479614021044779	0.3292796746593446	8.583698556877417	15.148622310753618	-4.546323505377288	6.923333663658705	4.542971677071074	9.880919559740809	18.03207614310973	2.7130731620028574	1.7792601052077262	12.49566943057895	5.900075427101426	11.347544552620919	13.210072529842147	0.5642834651482505	-4.144318917536226	2.5000297675077268	10.69194456992435	-2.796474283028073	2.537098493462571	1.4878417843253875	-6.884946541319226	16.073752700409138	17.50554249323306	-2.263164660781434	-0.8556965014831541	15.428361110676427	-0.6875564329127324	6.91768906739508	14.164371386093958	5.460949264153031	12.362132213137368	7.548138719402768	-3.764863887058192	10.129851146185045	3.259276261567487	3.7333772201294404	8.784971362191863	5.119368041379972	17.58664787527429	2.244759064681153	3.4900474094723117	-6.882687121416862	-1.3854644410130657	-4.004797060405607	3.432928167543731	4.876504295143686	9.837378574204134	19.832408287497515	-9.459731220906383	9.002197773279825	16.33895134768121	14.967771372628174	8.054578374205903	13.476436085058634	-3.5558245435764815	6.078553752810381	-1.0864935465564496	0.6216297931039501	-6.142547922910992	-11.294156535787826	6.614903225057293	7.484531122341905	4.569164445181034	-2.2419329835184416	13.562575529967406	9.519543052794388	3.808118337004954	3.1879495586559075	13.670424533072877	11.781302558042935	14.188358646505616	9.825349043507561	2.706347876695501	10.46252807210723	11.822308023089514	7.582122432796137	7.4718830550394655	9.601900177226527	10.284382781562162	8.278404721031864	12.958578693423915	11.50315994288373	11.651896573515536	-3.8258099536324703	-1.1217543150107354	2.1842573377963825	10.435332889526187	0.847818799898448	18.10026403524234	1.7945296555163621	10.11334398248527	-1.0252812604674404	7.888196729217963	16.076105610163665	-7.406674312193348	-0.6370686550177367	-4.918270936801308	-4.7668164815323415	6.4980763095915695	2.703003913270806	6.471191309289497	14.641169254612123	10.79040162129752	14.98626850314046	20.985395497683907	10.204663357547144	12.359806223123766	9.7444606464429	8.72460144589856	8.568930034454295	10.185666896452906	5.0358169360285965	11.36837626830711	-4.982315599345709	23.281602788495668	5.861782945061425	15.264505482561043	1.5705517454536462	0.26744263804945884	15.33498511968538	15.781959233997307	6.834847006731956	1.2229749205951501	6.088793524776881	17.702872068588796	17.036826388016912	-0.7558358244352404	7.293767758194425	0.33986919318097414	3.1827785190410856	2.653599329504281	3.1275633921213912	6.97895930227828	6.19653962285476	0.37582284534587984	5.841238362466156	-2.178165106291999	0.6130118022508406	17.869423952766926	16.490883932504097	0.3345567050852098	2.4880837622849628	7.768780441743901	8.813486247149335	-9.892580522945432	-0.0561426244931685	0.8356524317712827	15.421283771477428	-1.4877987204222578	12.124261495599644	-1.9697909092616332	0.5041714096857507	13.975360917678675	4.990781287414434	15.19717674072121	17.48111087404908	2.9774166861214955	-0.5983711775131569	13.478905087935892	5.081632709340004	1.5420505705885128	3.865177145918764	6.759962626721933	9.164497354056797	-2.061762166331508	0.39730505033631514	15.819741481509807	4.6324802982964055	0.8231293460796973	-1.2751290829101463	-0.8604228513088342	9.41895323831314	4.852256194565134	1.2890030952017575	0.2559311577322013	10.941444842269378	12.54716285788729	5.772468053362519	8.075904936228211	8.30169075292669	1.1433921804309588	0.13348157578852365	4.873321462895494	2.6854537280839974	11.642468162140824	-5.825889851652983	-1.9018712058066687	2.737903100531018	25.138965378939375	7.373666988031844	-0.7605696252487089	6.970478257944367	0.3187870630078243	10.093250926582575	3.462996727197541	9.198382767471516	2.7692408408643376	7.957322833975745	4.976123731114366	-0.1502065510439548	7.855072370444579	14.76394122668063	10.585980844876499	9.481369536517072	1.794352714999945	-1.4776206079482352	18.841879313043588	7.032781491379168	29.806168912863733	1.4686172186440434	5.010912936673278	8.993364920268924	21.321416277778255	10.680453126588459	-5.373202255496727	-5.603162128314787	2.154680013136321	9.751360607158379	8.410503668565369	3.592071654120623	5.965124771884107
23.6583658297908	13.233051111797955	-5.208929647526378	16.887936865785797	7.549066260245048	7.944743545711135	1.92842860575808	15.122148571970806	7.8725234612852555	13.911824964827323	2.768183314164093	21.03666086003056	8.26337188449663	6.402034819456868	1.0333397662596193	7.5278306647570075	-2.9458321234176696	2.2374148499174566	16.96268926194132	1.7262513138274735	3.5978183387999763	1.9047425459134897	6.153723892414842	5.02097440464348	1.551031641452159	13.47166780728644	8.867655011068779	23.007764437995462	6.377739350965153	10.660821734921823	13.779048816645174	0.1333472012882914	12.523691296257038	0.764706615038244	2.034323667706872	12.642130520550019	2.4026770999119034	10.910081532242872	8.303068216502872	10.264221432044764	-2.3478368707989024	2.0848890708863195	13.751692816045638	-1.5441882509779734	20.96813914895802	11.525797259125707	-3.2990423934787363	-0.9137524926709546	-2.9219046763307026	18.570107056603813	1.451439734993381	11.29954481574751	10.294397540804711	0.6334433079406159	7.813179463158548	1.7814291096035977	1.965277466669461	8.086154124089271	14.94574343070801	6.835536809017	4.730507977228705	14.322422258641383	8.208542194471951	-1.1376102523739624	-6.459286568702334	4.864702449696103	2.5612041899502915	1.763869684055114	7.046971898808345	8.292702195735139	-3.9960903887863157	15.412421786000877	-6.499012066186792	0.7900574126985778	9.173372776527838	17.322307979557607	8.867957610228164	-4.362169819871591	0.4141749077340679	8.769692348416205	15.268927933238281	-4.2940154121619	6.967823588162863	4.752592820543419	10.098472108927586	18.231482088820414	2.794185140078538	2.235938943898724	12.542535738131262	6.09431978487978	11.463970498299775	13.474326178875312	0.7782769104110276	-4.043026869167982	2.709808455667903	10.797558355893058	-2.7477765964634093	2.5660845376731456	1.7096487074073978	-6.677734405726931	16.115544260349772	17.719353362692758	-2.1557825354000353	-0.6451068710456389	15.511807321564866	-0.6210751298757231	7.005939907761331	14.47585595987711	5.709125666411382	12.470041973957425	7.701014640445922	-3.6446537927245815	10.357576599021012	3.3376713164234024	3.756474503272361	8.899422284945267	5.3282329861436555	17.706393872878685	2.553892688029	3.5620327583291873	-6.846156039214274	-1.1922215953635626	-3.883480872185792	3.685324487542438	5.099010155006758	10.009911328688212	19.90050889202776	-9.166553394081877	9.140135672981092	16.438881824468254	15.198970313735376	8.112997132078556	13.54350768258842	-3.512456121130979	6.230117505388222	-1.0093296338589337	0.7700219203354772	-6.029889297128475	-11.140555379912195	6.9026051942799596	7.633352474132839	4.683345405580863	-2.0901099684811353	13.59020269917644	10.180823674420768	3.9921752143121747	3.2680457475298827	13.743710713667223	11.958748604688212	14.388907386405315	9.887733976150567	2.754810280506025	10.885525840804958	11.913726294771566	7.830581472179748	7.567589773903545	9.747100314782001	10.566548796165696	8.415988948454798	13.112929598031405	11.545191530302395	11.744540981401991	-3.6082014131599114	-1.0311088638655457	2.2812593982808673	10.558967595888571	0.9278270950011761	18.15825143001554	2.1319714049011482	10.276407776157592	-0.9049295683675798	8.139903220820464	16.152999236351018	-7.313804684336354	-0.5966803866556397	-4.770569468964561	-4.66908633365453	6.691192775835477	2.875055150781165	6.688182019944795	14.908175269225719	10.956763368226564	15.06036746924636	21.11251448714332	10.297369365179145	12.503681695166522	9.984960716489834	8.752367247835476	8.661106335835528	10.264849978700871	5.42633113458973	11.479568023254926	-4.896491678697925	23.33552994084019	6.079959819986801	15.333728373822428	1.6677044149489841	0.5803797527913945	15.463694170250427	15.94990783018404	7.0073731846031455	1.3019218867947921	6.285883094507114	17.737722623652324	17.06448431196683	-0.5322630676714868	7.550473354206551	0.5694853863917961	3.28147477606774	2.941294701088727	3.2088337883943723	7.425859170603379	6.521974889296972	0.5406065156606592	5.948081375533664	-2.0201687445930805	0.7564626940479701	17.980993909403942	16.557256815844045	0.45343853880847446	2.5673065779336954	7.90855975694633	8.93177523563891	-9.826162926691428	0.026733976284468046	1.551799585086376	15.567886439934183	-1.340336485958249	12.22158043828294	-1.815464542564384	0.7307293872981632	14.344223677912169	5.1299931551754705	15.612256697183065	17.589568791153898	3.178269502310291	-0.5449060900847128	13.54915165487413	5.199126995516843	1.5726276037653422	4.000718418859176	6.797645952541745	9.28889443834149	-1.9109281213817841	0.5326269507851151	15.921309071316598	4.8861269754705905	1.0312005067005492	-0.9382828275661683	-0.7964269168210731	9.522328592514432	5.012297890446571	1.5073975614205284	0.3573569777201849	11.314981179571939	12.809194372060603	5.86652758669741	8.287607493003947	8.4497186117905	1.2256439858827928	0.23850816713985556	5.09006470986841	2.93751915293236	12.011071536655619	-5.794365860049573	-1.8042661027953126	2.980698678260615	25.288612813438693	7.563324553757139	-0.6951322563319662	7.137528519585365	0.39260280975101675	10.541500394122892	3.5526372485822546	9.331830062778408	2.804105843855045	8.321726181852858	5.208825728698796	-0.12343647422454562	7.981343110236789	14.890684108154886	10.72622246955347	9.622455168332412	2.1732198473304294	-1.3441744761282108	18.878981797762304	7.151453950763381	30.043310848476988	1.6145104671379964	5.046940171186222	9.314874551443877	21.4736318272254	10.755634054040064	-5.179443900573852	-5.313132843344351	2.534650131279296	9.880001944583217	8.42912314771702	3.893869836928105	6.078281206973453
23.738653042299596	13.367804331215082	-5.122667199825543	17.100495206940252	8.005033281263211	8.100949060645323	2.0915793755403334	15.292905407927803	8.041647914479132	14.132993142794035	2.8025466559286674	21.10065647358759	8.681758040771657	6.612413559483464	1.3706539396801436	7.722016852812118	-2.6963909104510457	2.416176501222977	17.211622291467716	1.841698830164179	3.8759335121307656	2.1124286474151734	6.304998549156694	5.124671604584855	1.6599175897548155	13.693143051954717	9.030659062151297	23.16403107261808	6.514036754038335	10.72353774333166	13.843209653317832	0.3382321920991607	12.65534439341504	0.7939836164818642	2.2279818745018805	13.043181305826677	2.424186395628235	11.011807684801974	8.49124877075597	10.477416730585288	-2.3075672931035647	2.4058185849646705	13.987086795596628	-1.4562303791720548	21.23503411183465	11.59471287271855	-3.25719115000895	-0.6360443849992106	-2.813451636628991	18.664117951844155	1.5659234083357594	11.631816954181131	10.436147334199356	0.7081318386855106	7.972783976032811	2.201399708168916	2.104336285976463	8.178558133589966	15.086236180587159	7.333561402335388	4.857265605762827	14.479248490772466	8.280779319819874	-1.1146648407292123	-6.378835265427527	4.9880541464979435	2.7706897260089627	2.10418685038041	7.189181046513333	8.814706476480573	-3.8367343369797826	15.432829411648726	-6.280655184164584	0.9747167516240733	9.355499468663092	17.548442756523873	9.119441810202442	-4.221440875110698	0.5412666130131691	9.159017574083855	15.491906411016975	-4.2412914930846775	7.053280882523031	4.811741058707049	10.12009451605084	18.368186348977854	2.886614177613186	2.681622798349083	12.651446973029083	6.2670501082012615	11.514950110862074	13.699113909283236	0.9615275387504341	-3.953363262948153	2.9611877738128127	10.980078386612496	-2.5183782019364447	2.5786886691204027	1.8081380049933988	-6.645364400825016	16.251862761840286	17.765734276402505	-2.040664279981197	-0.39688956934663366	15.7042278467726	-0.46475972548209665	7.259349336295666	14.638643148842547	5.913020529505018	12.60572697846448	8.299260426574635	-3.577593873627117	10.593490750592558	3.443235235895304	3.9345020825951065	9.119552692080363	5.452888534953098	17.897211293208855	2.731627656348874	3.786825809995707	-6.633646651410619	-1.020926315206296	-3.854325727620435	3.724497537286383	5.206722349666663	10.18638350266637	19.936492478515618	-8.674813841328058	9.370796626234608	16.7263351969821	15.454532705105132	8.34605172603077	13.708741875796422	-3.392982448080668	6.346814486917425	-0.7574806683271736	0.9722848496224341	-5.997097906855474	-11.060024775208833	6.924975610976445	7.708634306403565	4.894313171406898	-1.843340904528177	13.644966956797857	10.354271295740723	4.360734702861901	3.3402963728550366	13.860133507813341	12.122948903201582	14.508710807904107	10.040313409072224	3.0676105344763727	11.282954871343522	12.160498408333213	7.85628300268924	7.793859427499118	9.783136153893341	10.853531844907025	8.539769699045799	13.388640372519896	11.917099642830301	11.901879631065993	-3.4342726509319426	-0.8402544295698353	2.3516871999387865	10.692641437027238	1.0524222302419195	18.272757768621652	2.216292186753498	10.424606856585235	-0.89874434588665	8.365633359826848	16.26377592672945	-7.262922321573977	-0.5424922354030294	-4.392324302075401	-4.571741515125362	6.8065642135732265	2.9579409241647405	6.856733145207064	15.254153056614488	11.047201125720598	15.32955028588659	21.324633924599016	10.463927262879581	12.852147362317181	10.006808479157439	8.92927379715524	8.718221811586165	10.503484447254255	5.81728320346347	11.528820536059138	-4.759472027238079	23.581063288638408	6.150338209988767	15.594287135307093	1.790780304608806	0.6333008164704469	15.631587027000807	16.03030728661136	7.31451092715172	1.4027339370843515	6.391887667880491	17.824360787982044	17.182548650193244	-0.46049040374817435	7.762058023798616	0.6977451547041844	3.558792515763435	3.135253119765622	3.318833876600882	7.466433732545453	6.6477526739926915	0.6580383857874895	6.170113024033001	-1.8299893391536985	0.9554717499140851	18.009452743233275	16.739891328042887	0.7216933505829962	2.9948725383997914	7.975840851489707	8.96444968957346	-9.6296191093975	0.10183163630795504	1.6263729542682899	15.623209367711544	-0.8896680751394811	12.364886606112346	-1.5320666475979012	0.8478541383331681	14.440368145260065	5.3739713753317755	15.731219664807982	17.696837733362692	3.229835148134805	-0.3457018565269517	14.124244659780778	5.320526782423452	1.6348637096982683	4.128869764589317	6.897688832271548	9.430755215954674	-1.5008717636404594	0.6077806221444438	15.955658280933006	4.906626416342538	1.0901799789447426	-0.8471327125110273	-0.7536200491509104	9.654381977201352	5.277445625135008	1.8403886762529007	0.4670425649949224	11.40253975384342	12.942150227925895	5.92513118565065	8.339921505470206	8.511793418940986	1.47776409956472	0.37276271913601233	5.346083547213192	3.01552991179876	12.25633757744097	-5.7387024529933175	-1.700271168727438	3.1061568404129893	25.319454638281535	7.688680973474294	-0.5897019105067572	7.235816117704909	0.4403822578402846	10.618251010777357	3.778967632782586	9.486680305149507	2.862449417001572	8.392683201713579	5.454218849006111	0.050492843822322914	8.126057623530768	15.041865770622605	10.810104652940215	9.69676310827647	2.3138964420672785	-1.2645885270463588	19.075663364640988	7.201691893367147	30.127111198137847	1.7542905283477985	5.284164512675675	9.363154217470433	21.698238580466928	10.932508585059278	-5.046034469693804	-5.221135374078243	2.5501831233781673	10.12909208682721	8.67272252591702	4.101110037795476	6.297639889347868
23.8527463595397	13.49755361603997	-4.922676469500514	17.397594237659007	8.10298242138741	8.275148627526129	2.226512578455219	15.380007129587941	8.225293230790543	14.162162162885368	2.916042992801123	21.272171601469875	8.831735922411758	6.670917186168932	1.570572614949303	7.829044691637478	-2.4448188353512554	2.4211183052745646	17.2670662988937	2.1590770122197926	4.004739655883787	2.153594803628603	6.420869153740971	5.1708462963873	1.7583513837128382	13.854440577499567	9.157111687913508	23.29441987132232	6.617946358533693	10.876903670611897	13.906780048770457	0.4513381491167349	12.740296582210437	1.1128967619099974	2.2900660092544296	13.139167242065195	2.6371965636728514	11.174122616917975	8.592116932999854	10.56086624003739	-2.182384498797243	2.6831871036723074	14.13268827233011	-1.2310529057452253	21.491656562128874	11.812291588511608	-3.0685029002331707	-0.5497673742122111	-2.5683027750756677	19.067765359459397	1.7511610779822087	11.814084676577322	10.564430213542071	0.7929715016370372	8.19678371870507	2.2545986207795288	2.1561212714865063	8.267986046556594	15.132751363289742	7.45765597304944	4.953055379770605	14.584205836238052	8.35143592820402	-0.9830206898535887	-6.298746307340404	5.194482420219928	3.0093991415218495	2.1653723070691577	7.27897099641028	8.952712291992782	-3.7849324623352603	15.52009083895737	-6.238120649200473	1.144072071298011	9.429564124182376	17.621923504171	9.172554713228903	-4.115290517034479	0.8004245848040391	9.401187530008757	15.615430001469461	-4.1811141208917695	7.172056012464469	4.9626896110271765	10.276782327724222	18.481023523835525	3.0516165332305825	2.9202361415277647	12.978436595953339	6.411779471439255	11.678456359278698	13.828348169453697	1.0458881078756053	-3.842877692404494	3.1461312581831313	11.120177166103295	-2.355154404264241	2.746792947855668	1.9518519026335366	-6.460958087060584	16.425380762430667	17.85644201168972	-1.8750492286551863	-0.3416793661019544	15.723183969227179	-0.41902001317498283	7.303835437651222	14.722774190949872	6.014541325848214	12.804572403557215	8.40630335466214	-3.545482469898898	10.68130675305641	3.587803083636215	4.217913424418907	9.20783234341623	5.689615391586192	18.160750079566	2.7630813409476103	4.091937111090922	-6.532656811602347	-0.8972142493380925	-3.715893149179331	3.77906649910982	5.252311991780322	10.306191348183342	20.04538798153702	-8.479447234481833	9.41276428765522	16.804952505737546	15.572468970594764	8.626409479832521	14.133590815385398	-3.3140209690304103	6.413293478060114	-0.6883373107758518	1.2311363041347247	-5.862548452997385	-10.915084902313708	7.329125900471515	7.936154282007626	5.264895760752629	-1.7782784686147641	13.756526517345623	10.523458509371643	4.394051924280469	3.4248294244586828	14.148969192324124	12.249091222747088	14.63021018815055	10.263971069707345	3.175327219289706	11.324856717191981	12.24233472356547	8.03034666639684	7.962931488937351	10.01941273788424	10.92694784940585	8.673854907771974	13.509996441532946	11.989727889926094	11.934698989250368	-3.3077194725666255	-0.7046078560934829	2.4804621236435365	10.716556682560755	1.0669994264565141	18.313628709174193	2.5787435941374492	10.494438266414937	-0.8274643256723287	8.630188723605931	16.58839035427666	-7.084240211540519	-0.4498092598149844	-4.319700189800887	-4.49678355770614	7.395969562738575	3.0172645966826828	6.932097226666735	15.378776354739106	11.24659065670737	15.344713978593951	21.427048874488786	10.535782568652557	12.898121274905225	10.101778074803105	9.007399890773208	8.875648282777005	10.69939177678893	5.99456077129333	11.602460041089945	-4.519723366524717	23.66713535711727	6.336685025930546	15.6444844983925	1.8542944346761168	0.7524305375343885	15.808824973261038	16.076034818595065	7.51720159819111	1.6051977961117374	6.744435920004718	17.96932433560864	17.44644790538607	-0.35749894110920694	7.78951475455332	0.8030159381665382	3.941610213174683	3.2903960178494356	3.6544595533090045	7.823237692522866	6.819451544517989	0.8066355013645641	6.296774463276489	-1.6796221578313226	1.1336104235663187	18.108804455759604	16.773726332160635	0.8198277131044334	3.2983387990746076	8.19806753964251	9.122799612279175	-9.532181310510596	0.2708526603027948	1.7058039912730618	15.708906512984402	-0.8686819093953031	12.636889820517672	-1.3149293162617264	0.9383969916399691	14.502441701709593	5.531405638184904	15.822002484590243	17.813589398527856	3.4435183865371304	-0.2791339967069135	14.160525758421873	5.472810099009665	1.8111947765552971	4.263591505037684	7.02815978387363	9.52869271637438	-1.198573990733165	0.8445277175784108	16.14091834882754	5.144439527283953	1.2346633296792169	-0.4686828610304695	-0.38608897616249105	9.804634101969144	5.483463936188026	1.9687325443707493	0.591250077842981	11.540600694024153	13.063513651023987	6.06537273802612	8.440533232159657	8.642279445113376	1.871786192846952	0.7282015085053372	5.520743024156504	3.271674253655473	12.273732157820296	-5.592405583660761	-1.6664097692000217	3.2323806079747976	25.465664523287337	7.7204948830432105	-0.49814087693378156	7.331450239561832	0.7529445122923507	10.733506339866723	4.245774364006452	9.639844706828605	3.036521872173517	8.461183920406377	5.509121926484074	0.22822475081125976	8.219990177770773	15.114692524513297	10.890757289492711	9.972581121207492	2.614733061667918	-1.1854326231598193	19.174331885363664	7.531834074975675	30.196681336836633	1.9100767028156422	5.441494900796397	9.588714718361867	21.780817997034998	11.044295473491491	-4.889830988499696	-5.0918337386529915	2.599554163368176	10.280954544013232	8.880929978286368	4.173691862507135	6.382869025294716
24.10337818954268	13.631200886053108	-4.765288332397848	17.515971199524287	8.143074753249024	8.296723185875836	2.3500602576471774	15.509234911441457	8.449508781934002	14.292156400250779	3.042637132745752	21.40827048987992	8.90143489833292	6.946876967400308	1.6258213515433215	7.997636496185596	-2.2701326451715484	2.5325548462214598	17.3419115488662	2.3036814413223716	4.220794600123122	2.380616323503946	6.638602075244812	5.28063118401992	1.8699749797806333	13.930844942524558	9.278860843541626	23.36307889969558	6.6666828138682	10.893303404087497	14.03592436587133	0.6247937728468941	13.144293648938298	1.2454734765867363	2.464771939234496	13.174963990139283	2.845180442494875	11.276330188307332	8.859026825068261	10.73798614438211	-2.0699825896294675	2.796533419456274	14.176856270871744	-1.0763468449335778	21.569238829439122	11.96671515016744	-3.0010880947769025	-0.4740944533273558	-2.444448707895809	19.166265034181393	1.9345391515358232	11.835843619175822	10.797409786851942	0.9449731937521261	8.257647020064297	2.4491204395548696	2.3048548324407587	8.35087726587724	15.461835095145705	7.616757781213479	5.233392607679604	14.722783961708512	8.695101614682658	-0.9308250090851429	-6.231298300567467	5.239194741752486	3.0752628106302318	2.237098713106941	7.4597816706596065	9.0499444473398	-3.4835813347187212	15.616709590455718	-5.995427467211318	1.2532582500599692	9.806568454877212	17.702662236212475	9.254408204299565	-3.918716118121401	0.8205097544318567	9.565596716222322	15.67769224915296	-3.8541229888366333	7.3023478107829725	5.017952692310103	10.624372746110545	18.52206396128448	3.069995670738532	3.106417773084857	13.104272403119573	6.731589972857267	11.829527393976802	13.962279846680275	1.1902088348989917	-3.722622388414147	3.2991374346559765	11.223565389947582	-2.2994284775596827	3.298995524284649	2.1394920036974683	-6.349499421809985	16.500499450373187	18.080608896996694	-1.7644560068638961	-0.3178901407774084	15.797275322320047	-0.2671313641393482	7.670894369121236	14.937405084403602	6.275560865290252	12.97269428139377	8.555457528625055	-3.3440864927064906	10.80710571742805	3.764310514704503	4.314720881144558	9.324038250770757	5.717541320473593	18.388517642320178	2.8130425964463432	4.365873230525869	-6.312778702888171	-0.6784071586267979	-3.5679285814545816	3.9428119852321917	5.394476143620382	10.447664474063172	20.295134134954694	-8.452310422684178	9.481413522003301	16.918020050466552	15.697689683940379	8.68198936246009	14.165828036157398	-3.209627314199064	6.835862061194532	-0.5448377876332094	1.398029915266285	-5.64092511290722	-10.718102797229848	7.388352097267463	8.037646334836177	5.336872340626165	-1.6394384388192471	13.890620709377831	10.692486911242256	4.750060360969341	3.686589348513981	14.246202131633853	12.383120385901448	14.66707235095575	10.44081571820658	3.279540575582306	11.383047527584422	12.387005398745606	8.249720463442861	8.013352603081875	10.455918138632354	11.041359031250732	8.76954460195869	13.780278869518401	12.152085857214196	12.036414778258065	-3.2626827870041306	-0.4239510225795133	2.8054147989192413	10.8494559656994	1.4587239072714386	18.510117841643467	2.854192108391808	10.70582643658324	-0.6985410257242162	8.760756438997134	16.720839567327975	-6.952855257456129	-0.2639603544219618	-4.193693162782911	-4.264701459271068	7.561824349339637	3.173620791888474	7.141140050654995	15.502113770368572	11.398208761840833	15.667828461155448	21.54167108594466	10.721926581581082	13.002632606287643	10.315115451855705	9.168311508913632	8.991765750161123	10.7235674472458	6.027594259687027	11.771470714424998	-4.061237776768827	23.80272154546837	6.40077520553609	15.724563885979226	2.0587184776293666	0.9072331395561332	15.860571532096726	16.228560053966536	7.695108131417636	1.8567653806825999	6.832812127524088	18.077608026723098	17.579082133275048	-0.3128670617765478	7.922158542480886	0.8109624345941153	4.172168556229387	3.4320091518991185	3.6961105977700623	7.937663255123409	6.905679799347442	1.0386128587248047	6.522481209436301	-1.4232316741144093	1.2734802581342124	18.279237685729086	16.8736949295773	0.9115594921987704	3.5767585599854663	8.3810993606008	9.190262545777413	-9.414311679756404	0.5186336219484089	1.7952924764358291	15.913422780172079	-0.5643417748308184	12.680470464010776	-0.9015016195273663	1.0862338556729243	14.69261659212748	5.650088434885454	15.885554712546167	17.894363232401428	3.701813653222829	-0.08502454270493569	14.196685515125939	5.491156126495206	1.8322825686625346	4.447144151070454	7.052141084450167	9.60424836194122	-1.1466135502894215	0.873815971109002	16.30012307470636	5.423478310809525	1.3937489813700457	-0.36312592089969586	-0.15817035495698722	10.241783704893585	5.644715809790722	2.2091907265415616	0.7992088987093084	11.909027477980475	13.256973450132527	6.211712084364491	8.553542328441887	8.865210455283897	1.9960919314763128	0.8552511284344524	5.589406030528453	3.3711795191570415	12.3014816015181	-5.2851030930136895	-1.3904600426668778	3.7912138051941544	25.58628923487131	7.815308185928944	0.06447655189828022	7.418808263048838	0.9578478292444939	10.85389480597828	4.284540514227362	9.71671844974749	3.135184066426146	8.699836269440159	5.715355453710202	0.4784942403302163	8.26255606187365	15.201148559393028	11.014725922285134	10.055202963681436	2.6630715581337565	-1.1067901230186767	19.273510312512318	7.712210256273782	30.393911342331247	1.9600492895080808	5.579534803591885	9.748979537806502	22.024134481594217	11.077575681325671	-4.7284374846754424	-5.023941070360446	2.8731189652418236	10.349921799741379	8.985575330883757	4.289134311383872	6.714800929290461
24.19016411064222	13.9612093301833	-4.734125610092018	17.70219519672316	8.211632970247367	8.490252601742961	2.6453104168984822	15.668852259218935	8.460030218582649	14.475603857021841	3.119162853538814	21.71554321719402	9.098889903961435	6.995394914412514	1.7409974723045107	8.253194118395804	-2.121489926841714	2.6931665201308967	17.49646643419825	2.4251927506182103	4.260821509651956	2.4878820056978164	6.76417596980848	5.467367887359179	2.1786734138966395	14.161934939391543	9.454496967852005	23.46284109987445	6.802452340808822	10.996290524429002	14.199554202784798	0.6631897634376048	13.223988312204325	1.3509451986248981	2.598580826250136	13.22342214559593	2.874696470179947	11.33381117867369	9.067128456353354	10.793615493827419	-1.893175565782441	3.1076694763954618	14.441289492235557	-0.8261912945165595	21.633202686662777	12.114874876239822	-2.9161435058481358	-0.33990312926893196	-2.378395553142377	19.50000061892528	1.9930338360548334	11.977673821206519	10.884829493915962	0.9797435489216239	8.353814639610999	2.5147780005924134	2.876499102672836	8.527626928366319	15.539509812534236	7.98992571721755	5.257128315797196	14.801726028544472	8.830939188085853	-0.817111195559649	-5.960351448836586	5.309309197651282	3.2731259064302423	2.4645182795173897	7.531084225786251	9.08670453271695	-3.3547083680336196	15.822760003294059	-5.8009211237642315	1.409549695264764	9.918712933237224	17.895296469140764	9.277529319618605	-3.832957885232696	1.0097760266465323	9.69768643031798	15.746866009324087	-3.760674620478091	7.596339207150041	5.155039112834368	10.946810377537284	18.539840859740014	3.2586562086102857	3.1396048121171596	13.306526059737934	6.774121035940716	11.906953510082753	14.053316239393567	1.5089806199556661	-3.7138219933017633	3.397273523244681	11.366577754175099	-2.0636892337514183	3.39670139822101	2.263613134318158	-6.260777255748194	16.64116898098374	18.25687272373392	-1.6295344761167834	-0.0014068732721987487	15.969044701255037	-0.2604757370034981	8.018938149297473	14.962753767933139	6.399240004613401	13.02981121488221	8.795724333581532	-3.1322841891289412	10.947449005496097	3.911944693697549	4.630321638323403	9.550907194425154	5.90940872379667	18.538419823914644	2.870615743345385	4.55922857570729	-6.1381373789322975	-0.6128719351742221	-3.377712111699788	4.2435768242249665	5.61474250708721	10.472027491125537	20.428805612003696	-8.395297263870734	9.616413047569603	17.13275690878444	15.757982326283136	8.751888968128386	14.255749155213305	-3.1686363347631867	7.026075746591507	-0.5163869245849684	1.6980240047396162	-5.409674571760746	-10.552281869308445	7.613065334065333	8.21093261291019	5.682917405854446	-1.6161956890121623	13.970807152691915	10.98382674830939	4.827501281375829	3.7902038042394497	14.310384676378828	12.447607427720326	14.860178300484165	10.592789559139565	3.41213565513011	11.427526997094313	12.407526877783882	8.348302008061697	8.29079854876583	10.577542138747782	11.207352029541719	8.912815511349468	13.923449836287025	12.242215967709573	12.24345767363396	-3.1443289682791233	-0.19521198746643179	2.8751763772801175	10.957006552911716	1.5767390785255953	18.646590060300774	2.977959875439099	10.760298888368597	-0.46222509599917005	9.153441676886317	16.806238809093653	-6.942281767869464	-0.08865750612271506	-4.0547449751382585	-4.197388438233036	7.740076313455633	3.3686736038335363	7.379273670598812	15.710670607509535	11.588764879187085	15.783838566561332	21.565497415980516	10.77730189038727	13.365546981739223	10.381704208821592	9.308483747088195	9.127465866302462	11.006245068560258	6.318654985467686	11.935451934858452	-3.946986556044026	23.836737278599454	6.469070381319651	15.859320605563143	2.2055423077039196	0.9712917754515221	16.16727518580416	16.264858297538414	7.833744291001615	2.149253729425099	7.019248195037873	18.31367624047585	17.617621694808456	-0.13574449215699122	8.348157586023381	0.9704004825362851	4.290356571396653	3.479730539518537	3.8164961225162695	8.184463037708271	6.957154528093865	1.2330010549962338	6.791923763043134	-1.1935572497138642	1.3802724826343944	18.393009719325548	17.259236238106382	1.3139142925397016	3.6791620975732884	8.697210321231625	9.358667339797304	-9.37109931823875	0.542156882707021	2.070692433675564	15.955100872957505	-0.43761615255753594	12.854110349936441	-0.7568742105494923	1.2113297246591892	14.981677851563502	5.7669240744777275	16.03247161943839	18.10491023648743	3.7288129306268054	0.30391545194479375	14.512620662741838	5.973758349066444	1.9779115428506528	4.619088608184707	7.4779785198800335	9.909979965751381	-1.0260625372533339	1.3153464823793393	16.503934781896323	5.529348147598594	1.5282925187280605	-0.2670189149539235	0.11309310334781851	10.556200482716736	5.724050156265276	2.3185991982300256	0.8379365409987205	11.919565094369615	13.28370292095957	6.292453203950594	8.805409921432366	9.047532576727464	2.0271448763576045	0.9222382507315834	5.788846827247281	3.503396249777836	12.578030775038487	-5.212556663356297	-1.302773298801627	3.9595146421270395	25.735357571859648	7.915082255093305	0.16908290817723481	7.550249663551283	1.1174139910949556	10.949997091484208	4.403852189911057	9.99444477569751	3.3121555725125944	8.807739083187942	5.913470708798513	0.536560999417561	8.388577406875934	15.39285738113609	11.057455306629633	10.140442852439502	3.068998882110853	-0.9795265988120394	19.53511022385229	7.729555088994872	30.531192484539666	2.095488428737614	5.6381201113749	9.877937639173153	22.203602938024353	11.210023036065376	-4.693625079230497	-4.936763883070112	3.221153284349666	10.486422117507336	9.010286966435974	4.358690590113895	6.957386670227251
24.30925562837999	14.083952194401164	-4.5181602407246695	17.782085391469007	8.370700670970871	8.527628123999895	2.7830817307733455	15.727988063905524	8.821720763652618	14.604641489452307	3.1918449134681155	21.730663364506434	9.160166394856079	7.1328032181242085	1.8249400887384468	8.35318301158076	-2.0414653295449754	2.7510233799554626	17.70166060503215	2.606463958722566	4.437115871963598	2.5864815288029663	6.935473680866429	5.656728544249669	2.249536690629057	14.33435866435904	9.529178908233815	23.581047012484994	7.050290022838713	11.067513706573818	14.305703030176618	0.7667681321440009	13.314469022019807	1.503542479005558	2.8139139635167054	13.367988874925471	3.1565902161671007	11.422553202664226	9.20953695331576	10.816541837689847	-1.7890061464087432	3.265903811949356	14.774983323168522	-0.6560579227634927	21.877237547776044	12.478234810492681	-2.7892086120455915	-0.21680603238202692	-2.354066274953895	19.549003253730177	2.057915720079818	12.026712065095502	11.036853149538127	1.0872884659003077	8.46960421396607	2.739052819247683	2.9555882198271988	8.730717482867826	15.794098010631355	8.102438899696399	5.862318816650727	15.020485611910871	8.987902384693278	-0.7174206158407798	-5.867508859410444	5.485594016493598	3.3099236789544704	2.508729163355048	7.739135961482989	9.327788512002043	-3.318684059869549	16.074109518613405	-5.742226249219092	1.4500828115365747	9.983922723220443	18.019347639919687	9.441002058923786	-3.6829148341158966	1.0413098499031725	9.710074775957587	16.073344774512613	-3.665015805919747	7.673692454499013	5.323038284247168	11.017904706373079	18.87554354018268	3.3209943580838917	3.2992520028197165	13.346224502470488	6.8466612343763975	11.993596519040606	14.159845723468862	1.6454428682978914	-3.6175464812894718	3.5120191056334353	11.57080859001766	-1.8992394227820004	3.795285229386459	2.4190573351910096	-6.2441938397370835	16.7273548695167	18.382052415967006	-1.2340737337138468	0.10127444853998477	16.124256023614127	-0.18845682099282624	8.170464538501017	15.220506322898009	6.439269251807379	13.11515543561622	8.94613506776576	-2.9905624409425022	11.01682108139547	3.992334705555808	4.751802649087138	9.611010316270448	6.334252054357459	18.655024652372433	3.110752743335108	4.679903669276024	-6.011927270499394	-0.36286611135374003	-3.0750405578478697	4.381303631893896	5.854271962735266	10.933972778135148	20.76965986740025	-8.152818560475959	9.688421833188938	17.2990762241214	15.905412093533334	8.796340479154257	14.350821922965789	-2.855393858389677	7.4019779301604505	-0.3590971354901759	1.7468510479340065	-5.2017005611005365	-10.530406770238232	7.631023124240628	8.248307311720161	5.731772482050173	-1.4780917769478426	14.05104275057351	11.389011045713632	4.9563606643840075	3.966696756271668	14.452480146172887	12.492171772688575	15.007505274763215	10.70022398972426	3.48153188694612	11.691594306789542	12.494285355961312	8.491033245035885	8.410983771054395	10.635289531244808	11.449688694005866	9.04837302827429	14.215001882033736	12.301629397353654	12.362803590831392	-2.839312910103162	-0.1222114488432978	3.1699541975755086	11.043566854157811	1.67066368235647	18.810343325405768	3.1151591700991186	11.01769986456672	-0.21016318730084704	9.210505329278593	17.059219425986985	-6.7409795294016135	0.22512394746194492	-3.852624084905043	-4.026386826853056	7.940711837830982	3.4629098486181227	7.583093206880651	15.740444403487519	11.725663869106311	15.989639888064888	21.735389083673642	10.844061651916112	13.505860143741979	10.568479474393312	9.405706168930244	9.276151720355513	11.22007145032063	6.346353271765005	12.187174028951949	-3.8353831412017945	24.011776051112033	6.567889644309126	15.881814869410746	2.283988863641002	1.1217656642287732	16.274539322594915	16.367728323830416	7.867596284187295	2.3323533938141634	7.113044387534437	18.3368014128896	17.939084480813527	-0.04579273525038404	8.367077848248288	1.175535148074933	4.339304398625612	3.6250192364906915	3.8677729719301324	8.319895123470431	7.352140899883087	1.3851321611722434	6.865869653245423	-1.099474390567762	1.4604688108538848	18.554805767603238	17.390405352882965	1.6028761877171083	3.8059600297963527	8.820061881028257	9.661926873480361	-9.27773071841657	0.5844168122076056	2.0992573271497244	16.07470687053805	-0.30787904379734465	13.042854013905648	-0.6483438103912166	1.4108057931965936	15.050590406005243	6.141943412595629	16.185894928818737	18.336179319275505	3.95750117672614	0.40467692778230857	14.830212711876962	6.001344652887389	2.014134364975663	4.784720132590064	7.579090137480965	10.063312746233562	-0.8245171624657197	1.348431080554623	16.573412382593208	5.624726777681986	1.6112772096390284	-0.1068067699657704	0.1962822898047938	10.646828977345617	5.875192065522182	2.56574529726633	0.9492972839737107	12.09976776860495	13.47652359519168	6.362874091138375	8.884910869933137	9.180266784043345	2.1005199751289996	1.106067251839537	5.877060279656859	3.6976255863764953	12.63743334947712	-5.053836943252055	-1.2195088973752437	4.086458273462928	25.88678483530811	7.945462071719789	0.19168969294288374	7.644312758140736	1.3642589361380701	11.092249877484868	4.422887993332881	10.08982252814123	3.5207369730730362	8.951152185753548	6.167582487757527	0.7653065773129527	8.624797204147129	15.62347863642103	11.214757471900764	10.364699037060392	3.1682982027733946	-0.8661372700354368	19.627531047989436	7.961173080631619	30.702106919773083	2.2488512777041256	5.813506756119603	9.88411138194398	22.284430774851664	11.342593493445897	-4.689283142200347	-4.855767163854451	3.2408565025348	10.657039435473969	9.094477796340689	4.390385037832731	6.971168101366796
24.43128091200189	14.119114892161477	-4.496910477495395	17.828265859443345	8.491889957551994	8.577134858695779	3.0181043971152364	15.869309866356835	8.986594583777398	14.985052000435573	3.3537681751445625	22.124580225607957	9.444654864287433	7.348129775148479	2.0494494744084144	8.615168902902303	-1.681765582050564	2.9042875080224264	17.84493562163869	2.69666522898165	4.552625413246211	2.712541708875901	7.0408892422572285	5.718874848598725	2.3990530315979055	14.440862408086769	9.618817500598585	23.713197346603057	7.178676954108913	11.31885565661642	14.52674494295153	1.092198712343288	13.518419792661799	1.6573739621127506	2.903574123826926	13.578079089911109	3.3439555444016245	11.627134354870659	9.408691670712916	11.05676561447804	-1.6274939817618936	3.4518433248104694	14.872524944669767	-0.5503764627001873	21.960693163816785	12.561309266041429	-2.7142230961082383	-0.1314713277011763	-2.143040044325613	19.69181890022413	2.2470414708814537	12.243608281824594	11.10975046085969	1.1970464247604127	8.563833749116824	2.8821720378349474	2.9997739373664634	8.840929539663978	16.05447269948706	8.364187650974115	5.927371326891902	15.070009916077922	9.35416206335473	-0.6563060763001508	-5.785844936099384	5.59760139724243	3.3696131180512436	2.659231567583479	7.796715096793378	9.374270332543075	-3.111717836918335	16.381092986869053	-5.310612993698306	1.7303137056185907	10.195143011373647	18.241702178245465	9.833288248235633	-3.51015022290762	1.2180665212242072	9.880219019142126	16.123800222404252	-3.523031249208843	7.939550207594098	5.6421613800356685	11.286726157566369	19.05328154518252	3.5164077773289675	3.3563982547307023	13.405618614122888	6.913393704299999	12.144457767404495	14.276488888332896	1.89310411689994	-3.573647257153636	3.8291973717318184	11.696199819941015	-1.863749498197858	3.8506430454279066	2.6359625202936017	-6.163340055807095	16.84955668500354	18.57270907389186	-1.2048160870291647	0.33970347960377034	16.31161313640732	0.02513613527899991	8.297166651696042	15.262534145274087	6.689754265943998	13.378478541113408	9.000855559016891	-2.88045476587757	11.233006364855656	4.160161146473583	4.997464616060866	9.79024888302415	6.386758699885113	18.77020049835695	3.254283854440435	4.710626846059779	-5.877814108345336	-0.16406839735590867	-2.9548675454085407	4.495331002987952	5.961884005730589	11.005440476176297	20.915360219058538	-7.927817630531658	9.718019811171379	17.475301597558715	15.984922006086178	8.865640861620601	14.531853692176096	-2.843396803059335	8.105917736447312	-0.12691291488844852	1.9633940753492882	-4.870904666054276	-10.449761549509134	7.7508604871926545	8.51897809553951	5.935810042137894	-0.9511173517626734	14.184625774345578	11.440404597618453	5.137825710104449	4.07043045137844	14.556963765791584	12.654984288329292	15.066637767787176	10.848220026403514	3.663690110165426	11.77801442478641	12.565417504221202	8.954101482143574	8.65220870993405	10.679178310457832	11.478118792036652	9.169766617848977	14.323706374041423	12.619019135642635	12.501768367274583	-2.7562917259765594	0.04325591983452716	3.214479473213902	11.187965617684679	1.947670073392159	18.846670394574712	3.2700999622242035	11.146247822101873	-0.00843522098297932	9.485908002957293	17.15062288185273	-6.674624628960077	0.39742922882002474	-3.6694079471060554	-3.8470079767007888	8.038323360492663	3.5414932053220487	7.629998732960864	15.952236676193026	11.920019787047362	16.0622059469341	21.85669324971054	10.872267417865036	13.530524394976975	10.957394336804573	9.65465617525699	9.357907519596452	11.392589121566433	6.4173398512552815	12.407233252903982	-3.668360566239603	24.12061240404627	6.6410769140504415	15.926676677473948	2.385270574790148	1.2114032899111296	16.409540475412157	16.797803325895433	8.151374564411983	2.3859020649152107	7.168897070881654	18.67095010417371	18.1774076669006	0.026425420285338373	8.59096636029945	1.3101272050268438	4.614619238227094	3.6970237562933574	3.988603738280283	8.403452867663159	7.51920604559628	1.5232516762307142	6.900350666539878	-1.0823237795743053	1.6288997897356505	18.65049281058818	17.79047544092992	1.8737828076933112	3.8875808459953345	8.882763422250292	9.754808072514228	-9.052155520741183	0.7783607565927405	2.3464894157987413	16.32826447790031	-0.2525561011750279	13.151671360860144	-0.45578525735354847	1.4901989426981352	15.200831793439784	6.318662865295332	16.299669956902587	18.4319951347656	4.396142700686989	0.6184714742535533	14.965119186904754	6.232447608635409	2.180406867641979	4.8358475421463	7.966365884274675	10.1477662147833	-0.6882813471234102	1.4086635699861099	16.704185027840648	5.7621408788452415	1.7424007607247027	0.20332034780613917	0.6372859764315193	10.779688407099702	5.962067209906851	2.7761322453933017	1.0162021661376155	12.220884754396742	13.577970229149248	6.591331112053246	9.092963028282231	9.260176139626644	2.3648085457937538	1.3940185922747905	6.017062324369755	3.7566621265817957	12.767344180878181	-5.020891665025336	-0.9122609852788811	4.1665972260972595	25.990228050686934	8.149585438314213	0.3726103296122262	7.70224035708131	1.5973478895711009	11.479566552229658	4.723390986216523	10.176239594800856	3.8758524286371387	9.08149794162385	6.221574798271684	1.3265729637558206	8.776469049697084	15.736993560149656	11.407282244637077	10.440908805301122	3.2799574217295757	-0.8240595952820678	19.931137353183626	8.213205135597162	30.861619100621787	2.5383130442574173	5.915147224556968	10.094406034675938	22.497777954278455	11.39267653109582	-4.552101559889943	-4.7390195129184605	3.3018947921181465	10.83623650774604	9.232231765145803	4.628560588354034	7.133731953842348
24.54230034881227	14.234043903202405	-4.351216764794085	17.863973718022002	8.795800733085938	8.838989983294887	3.0357924020900677	15.924775653584842	9.308773693601053	15.031233010104511	3.5521230608391683	22.16944677905413	9.498430529699739	7.4560814273197575	2.205459690310907	8.63845561041437	-1.573703786874831	3.039140162978537	17.901864080317647	2.7742709222516106	4.6725509081053405	2.8367528645251685	7.1051826452567575	5.819239451649907	2.526147690358502	14.589973159165996	9.721245996065795	23.76484357747037	7.470426181332368	11.350025652159868	14.693468417302054	1.1161989635137386	13.625049766260117	1.7243359325158938	2.921591345439964	13.892074616215686	3.6448168949808744	11.803738695009447	9.502450792621582	11.112747656683025	-1.5447354502242454	3.5151959361037157	15.037092704092101	-0.3537225368468945	22.1758282017397	12.809454345306156	-2.6254705650939494	0.028783458611771808	-1.8351919415475115	19.71651852276611	2.3772347084251013	12.464022690895904	11.265049273531858	1.397153560589228	8.605554436749584	2.9179606241493676	3.548487177939116	9.268227688673715	16.270386592830626	8.64058289864549	6.06302087221658	15.155319888754542	9.436141702845141	-0.3397165745869864	-5.581022693510347	5.763603384021866	3.546010137474761	2.8264246895353358	7.846611681190611	9.47083167164499	-2.875576040234185	16.481922634168694	-5.236159079500614	1.7951049442637774	10.200928037952727	18.350785325034078	10.076037044719106	-3.326154517230194	1.371836744899228	10.115815536759996	16.29884255131069	-3.3874647079231925	7.986602391982356	5.656770008982156	11.46998089244476	19.153920314545104	3.6107555286093866	3.6547534039812533	13.532465807149867	7.130287129145282	12.454841067116668	14.316495386021925	2.1255703274931057	-3.371407016599948	3.9323337853123044	11.87083094686832	-1.6343278409681659	3.8898897116621534	2.7004852923798177	-6.0075047258801435	16.895354677648022	18.69090118379027	-0.9600575241405698	0.5923204748208153	16.406447822416006	0.24779924462691075	8.660002318315874	15.43677693927026	6.8496638395475244	13.718041309296359	9.130551373686632	-2.7409482173726936	11.411404566262021	4.382647224263127	5.072217009641312	9.859090175834648	6.49256826125298	18.879545829065357	3.4362297347567523	4.842107994034171	-5.811019976234335	-0.1379678802531874	-2.796795784463778	4.6326292380747125	6.159422681459601	11.0862135295303	20.98762756796778	-7.845625683943906	9.78324070560398	17.55274312135437	16.227711865195534	9.11395757540896	14.633888768402059	-2.7726228123380725	8.129796293100805	0.030313539790581944	2.0548948789838235	-4.795171141030719	-10.274078526657648	7.891316829909509	8.756489660066565	6.002967751043141	-0.837661450535898	14.261703657795621	11.576409810367647	5.219002050124626	4.346070370164106	14.732470175175266	12.876906545574444	15.17056266072322	11.05021666618891	3.7699614229067824	12.113956531243598	12.90679660639806	8.973534303470394	8.7644558766962	10.840399603686508	11.560017265685552	9.221058560058255	14.470933645672291	12.678627331938904	12.644901261891055	-2.7384444674316195	0.11813473835158875	3.4777259333557047	11.31981525258729	2.0304509223060054	19.049356375830914	3.284020857641443	11.209003291185828	0.04730865681854845	9.54966158761837	17.25343561789647	-6.5009509676144805	0.5606197077408577	-3.6263452549413726	-3.591313069244305	8.140479896804424	3.660853987326237	7.7864293477350195	16.131647102946612	12.237596212713873	16.206479001210898	22.019460041295225	11.099191875040573	13.651702045504464	10.99981168702631	9.737469785328026	9.376695878578925	11.69263256924423	6.484161481372803	12.661161984063122	-3.638998960124341	24.251938376401668	6.807622541645502	16.127116689878807	2.5046891588811353	1.251211816376749	16.529885226650276	16.998218553740216	8.50085065617829	2.5106808629013893	7.736814792388774	18.71412074332689	18.29300148039716	0.3178813314579927	8.672694304511893	1.503160993319394	4.700799616069172	3.8815751650141697	4.035103282040333	8.67425092806573	7.523125957033631	1.634299707612924	7.048934714394919	-0.896101692161474	1.8065411928892734	18.826233323891305	17.914023239735986	2.0766031851691307	4.0278660554758625	9.250534392810744	9.797208727825272	-8.879779963563873	0.9156697476209316	2.390900516086726	16.397656602534042	-0.23121231155193825	13.269183446113036	-0.24326922476488502	1.6309915917010622	15.36918122497883	6.43171348573641	16.64675852796859	18.47158265379789	4.401283006939909	1.0771342558881385	15.040327411615102	6.360873837038206	2.2020186720550203	4.935929050171417	8.166835726767982	10.334499007660767	-0.416492276197918	1.4676762034332897	16.91949140430552	5.837263813445807	1.901510450377508	0.46420692752948084	0.7021320761799701	10.826581786205733	6.104909527044208	2.785571803599443	1.1846067322721872	12.346526688741193	13.648416731744724	6.771406563750727	9.243569336921224	9.484264035862537	2.5830332790300905	1.6300408735120397	6.36043975391758	3.885518088969319	12.855078261075757	-4.959289554329722	-0.8392783582368634	4.246993587799295	26.04639923526491	8.217258095353204	0.6896917730137048	7.83717324856272	1.71342718263688	11.627210473909303	4.763212987561575	10.20688787582005	4.108525771965827	9.175768656997407	6.53455215417001	1.539600545199413	8.83754257226431	15.916600505965251	11.516788327687857	10.535597024705872	3.3059558462770617	-0.5062958942538648	20.00094313398107	8.451731823721644	30.92969848956264	2.6480963034975677	6.299665364328378	10.189578420945352	22.661913077934585	11.476900803715258	-4.361697771612511	-4.6440350361703375	3.509366205107436	10.895998755851103	9.635957324939824	4.794291767506779	7.798589833044614
24.602662005881093	14.412020851714873	-4.087598972331266	18.073973299599494	8.828734441277119	8.967631667662173	3.251145810878323	16.069629890512285	9.398996125718304	15.166016660349039	3.6491325636631395	22.32102334776283	9.652952569266198	7.67821916930114	2.2913939832482724	8.934416860468188	-1.5378613805096535	3.3636229557942503	18.035510946216654	2.8468938595815847	4.829816429901242	2.934840337846236	7.294369699590344	6.100898943877042	2.593520456989337	14.681710936903716	9.798038241439777	23.93164652708292	7.506712906550487	11.45662854361264	14.882107539114887	1.2747069383410778	13.670401503613364	1.9649014002578107	3.446665089101966	14.116568169895471	3.70339995003381	11.865163003384975	9.73354618430067	11.34059369209404	-1.4336457145772497	3.541140238654409	15.182179011488163	-0.13181811893767356	22.244283911214882	13.230406275316751	-2.607322601545541	0.07162007126967822	-1.7784309595646777	19.876188102867133	2.4101586781166136	12.625842230638954	11.322924864292755	1.6555665398534019	8.870742392099942	3.116729150216296	3.686129459465987	9.373519316146622	16.419412919001584	8.896577056218717	6.1331020157045275	15.221141284308155	9.452158229052634	-0.28449063230928795	-5.402036913402176	5.876723406897156	3.668305484621491	2.8674431589120575	7.888610825276323	9.737178570303314	-2.7406107413809693	16.56385981913045	-5.104696172771408	1.9715320978669684	10.332380028919722	18.470803026459627	10.181040161179794	-3.18757684012388	1.4074986762368378	10.156506817515124	16.386647666925413	-3.092657346295077	8.094185690789283	5.677748145905186	11.523604332619412	19.190316738208043	3.7081882990313635	3.9770638609876467	13.722734586061536	7.307579523019988	12.597240156284942	14.432668693986638	2.17126476788286	-3.328770455245904	4.057602732603571	11.969886029866302	-1.5706468817569632	3.9964357815192244	2.8271448309931975	-5.709588429314622	17.072097281539538	18.836568847022317	-0.7561800368842431	0.7723574902223139	16.72539735972747	0.4262397329762023	8.970383049317718	15.666818699921553	6.992184225768568	13.84497093015173	9.377821565488055	-2.644398187431412	11.61782325634098	4.552447170758181	5.276715457190296	9.961780842791455	6.59362713583066	18.941398670409527	3.5831309447045676	4.989043118243419	-5.676035130097812	0.07025415177883894	-2.7489506940646247	5.13467453032061	6.184457736304194	11.11839690436974	21.1339376843172	-7.7332071531526845	9.98201450524612	17.66161193044208	16.369165294877696	9.395360086539531	14.828772952263005	-2.618026343340478	8.28936590874717	0.21572318171806645	2.12651147517186	-4.685383961270989	-10.183247125218601	7.98911839107325	8.813370117366349	6.091134760202208	-0.6837593330893789	14.572393871483373	11.679915859762513	5.370742292736825	4.423070767944928	14.871561525965612	12.890873098066502	15.357336750877696	11.171538661077845	3.9216141875316506	12.349542721544097	13.063216251580549	9.060569012253849	8.771617056639549	11.015208771666817	11.605861615487893	9.636890069876275	14.678052931607322	12.869080422389745	12.7648700408683	-2.492331106513486	0.4174710709886825	3.524528333410562	11.453254311483079	2.0938179586913424	19.198560102191866	3.446064762031013	11.218941228684772	0.2614729240916237	9.655992439131598	17.42291537724535	-6.381726414087707	0.8003182094186748	-3.4875540704690944	-3.4645688827473244	8.290723305370678	3.722734566558993	7.819921364751757	16.199260415088222	12.292539450796543	16.30228859167639	22.04866671104435	11.16439801412521	13.790979530654054	11.35861604058407	9.772093693793854	9.673107076659052	11.850325857175028	6.704453131100277	12.71270059322119	-3.4557745511701836	24.351592909374965	7.185818016591777	16.48887313943641	2.5744015424532036	1.4474152133745988	16.638235693733762	17.140023521293756	8.573417943155583	2.7139875952116657	7.800989807284777	19.008219112787156	18.306609989979467	0.6305179196770434	8.777155335685562	2.009089111932449	4.8262877782211495	4.311976825919667	4.235122482788958	8.868052631539882	7.781883150571706	1.7262615870937668	7.283818397182548	-0.7587320290158472	1.8763563949303925	18.959123983974127	17.994390989805087	2.104073146427724	4.147964928096334	9.278392182461118	10.084095913809914	-8.753448703195062	1.0358744300646092	2.549134942009148	16.80610531157092	0.4569864214578993	13.306987699285417	-0.19443269012384679	2.0251264697135003	15.446497246559408	6.473833737566154	16.661102787945328	18.652963762779144	4.539842360642747	1.2138600939696247	15.131234846946928	6.577505316576907	2.3476303353403116	5.011270000011609	8.220765092081853	10.361708211227109	0.039615897592280694	1.5862998676693731	17.471035863584632	5.884112780482286	1.9762111727164213	0.6719813019898448	0.9695632436946758	10.89741825501839	6.28512527245532	3.0191996366272513	1.2534426326537624	12.434090388799168	13.788912300012376	7.300290866674548	9.46210890640366	9.594557117879255	2.7224227966981562	1.7004997654792149	6.47557564318809	4.052261806037102	12.994753322110144	-4.583640259707897	-0.7595632050747214	4.293323056086653	26.202796071955078	8.301852334353564	0.7665775341293344	8.030356960804344	1.7971138678732155	11.754063800772009	5.029552355392893	10.350695946051378	4.241209061064141	9.404473810415752	6.629255088698119	1.8538561521110566	9.030822903256501	16.0770507414382	11.675040706380855	10.744762891700251	3.4066106231435676	-0.4546431366158025	20.10651085271805	8.528641622545358	30.9691275633471	2.690866144292371	6.445233892265136	10.369899011492892	22.710585516273262	11.839842803304705	-4.260062248824944	-4.33520585342211	3.596544764049078	11.018508107212337	9.79253975968734	4.838268565196289	8.004334117932721
24.659356946352208	14.554908438738925	-4.0193404498474	18.194787246014464	8.861583722007014	9.012597414498714	3.456149814955984	16.229241944976	9.447713512922437	15.341172378847247	3.794563946716502	22.492041633469068	9.72068300874782	7.878035933641593	2.444917083843529	9.026442509756405	-1.3847807500631244	3.4453002447381595	18.092447777683667	2.9810441844443036	4.945731503282151	3.039421111010959	7.525939717715943	6.323592679131084	2.746609721736479	14.84115094599415	9.893597536186672	24.095096333795208	7.8113686772909015	11.55853443280643	15.068781512129922	1.3082846265056838	13.87465018917772	2.273620021779128	3.5666579372633422	14.199613881426986	3.716496852805975	12.10980708749811	9.821549065259676	11.522415113623717	-1.1604675342694546	3.6498728068926325	15.45543643629062	-0.025821371809961687	22.476925640496123	13.552538054833748	-2.3721224611354637	0.2153415301170749	-1.5472470959412454	19.933346762144605	2.570776207075863	12.844744256662812	11.357548897717729	1.6914049301104885	8.895993579233233	3.2452734394532627	3.7423439262326372	9.458510119856069	16.512072781229538	8.995854968443458	6.384042799482206	15.420471988454628	9.635508577027704	-0.17426203336414975	-5.3601868485424	6.065313761621338	3.793358525008849	2.9468993277626963	8.046396630319983	10.221399877748343	-2.6773060270500806	16.674213593788746	-5.017205165674023	2.0395734382021633	10.489781143822126	18.544449222456386	10.260646310967873	-3.0790957043073965	1.521753553153777	10.439263347346937	16.57168065804698	-2.984099089412154	8.190001813216783	5.985259820887184	11.57047482876055	19.476852321315565	3.949602525490111	4.1711449280901585	14.032175427860404	7.481391025819009	12.76998415615806	14.646301637508973	2.349416659941898	-3.2287903994947342	4.189149058381981	12.075384489999212	-1.3372038030672815	4.2189192845967165	2.9526931820433955	-5.576213344265557	17.116188177216575	18.944030909750957	-0.6772105755869796	0.8481800705052284	16.87459432875703	0.8420722313838431	9.207527617593911	15.792333371777506	7.250307329279804	13.933363934457402	9.45154358201725	-2.408967668784568	11.828355323271813	4.609854213714586	5.482278115565992	10.038429191780432	6.682692151110034	19.013717157254046	3.698167861604081	5.192045555300059	-5.600813644025021	0.21359569234174222	-2.693062400017358	5.392504962925178	6.275260720433048	11.438482818837866	21.310272896335267	-7.691433217801663	10.139242036679375	17.76049322556101	16.385962319025545	9.4516412686432	15.00676086697373	-2.4703499989274675	8.391121736748028	0.3326874769537606	2.2347757847961947	-4.599824284293561	-9.989079881070095	8.032426998261526	8.962195664499957	6.23009036824674	-0.6171396934242447	14.714844082480598	11.884952827901591	5.549307205150518	4.503779538329521	14.94303517731074	12.999595837052194	15.503100454707795	11.179981603760272	4.063365966250612	12.423377484261692	13.17842766720618	9.235646730492677	8.865654797675536	11.197879352270911	11.766933029761228	10.0307831721582	14.800279498819936	12.906970095656982	12.895176586720995	-2.3761126874186353	0.5034115046022006	3.7699019415922606	11.617041010197395	2.182648817914203	19.25255698499242	3.513780755946046	11.436039518465407	0.27988697113922745	9.731865857145987	17.526037425224526	-6.279097841612715	0.8569336567896636	-3.361278496998813	-3.0510588317701024	8.390691120607002	3.8773737866629165	7.943993501178185	16.37008317274913	12.35660728132353	16.432902368577754	22.23343273489623	11.300958828591884	13.997625959261848	11.439374960435934	10.344713807001618	9.733540240892415	11.890761909203581	6.8050028855676254	12.889214629598888	-3.32336282668953	24.499441006179712	7.228489877505312	16.590503685368482	2.6154761075465887	1.5725911963003298	17.123406183362608	17.197230714568665	8.797022177925891	2.7828041955178224	7.9125310037767225	19.045964917831963	18.444321335375488	0.820955760755071	8.965838404667059	2.0366540160253845	5.05693482035036	4.36750176622162	4.421991900788625	8.922043443899847	8.079354849410874	1.9456872244163557	7.5407603415046855	-0.7096056352570951	2.171274357453445	18.987678334972415	18.062244874307364	2.2132288550467023	4.325628124473122	9.363055966995155	10.133327294291544	-8.614841171456568	1.1532194482204576	2.61868209848628	17.052660997745836	0.5238525459172986	13.48828190054225	-0.013034517736598005	2.5700467477245987	15.744255029515495	6.560596843289877	16.82857718275789	18.86294756798299	4.5773702666371445	1.3745252241583485	15.219238418362552	6.705251289625957	2.547464394743697	5.245909552678895	8.405067608436992	10.509581942517947	0.30193238733304123	1.6498993403019961	17.497356329230374	5.940718947116034	2.0853142830810474	0.9435251356554342	1.0500607738169765	11.087199356880177	6.426387464823479	3.1972056469722046	1.4314850074255356	12.779691296289272	13.846611870963669	7.346260794145002	9.550913823356664	9.833582282342409	2.778767508923964	2.1081166606055652	6.516468017725624	4.328484554950671	13.232027028607744	-4.547329445576716	-0.5281891992102589	4.3426035463055594	26.33810610125771	8.63895795502015	0.7948533856980795	8.115136122212663	1.9835679664314017	12.018313927150205	5.323466658072047	10.517576265963404	4.451597503773135	9.477494780399972	7.11105642348212	1.8773485719869343	9.064537668254218	16.22066049996021	11.74514508413054	10.854435529435387	3.427834619128054	-0.39336741263555186	20.32012334670997	8.710094659183941	31.079371497578943	2.90742051419746	6.551667786480843	10.52877922674524	22.781374943429274	11.91858688562281	-4.234182424620241	-4.208296055874881	3.7085063158696934	11.136154972978	9.97016812076881	4.9606490195858175	8.05994999537752
24.908464414739797	14.569397282883607	-3.8625833059435446	18.23520127414852	8.98598590913114	9.133301790753542	3.7673722067612796	16.285686826591004	9.519246525657218	15.398551247563907	3.900040339932029	22.688977845715534	9.859264640450194	7.983188517578562	2.503179781796494	9.15738498433732	-1.0537681756468735	3.616599997560722	18.189383300225927	3.0358621171744002	5.104737324098519	3.249998336091209	7.6326036642861075	6.501034521715009	2.777567529602283	14.875512370060502	10.009566554681056	24.160685696907866	7.940933004244952	11.898795989794024	15.130699476379188	1.4524391852245113	13.937238369679832	2.506858373909313	3.6495597061462615	14.476875239150546	4.347374192700363	12.455731300121172	9.851320113681734	11.703600983493947	-1.1423955757648698	3.7013298240456414	15.508388779185642	0.4275829881484277	22.84015956363175	13.59120832023552	-2.29649269589987	0.4849789715309599	-1.2992610295245557	20.069614107419007	2.798959108791112	12.918328703477579	11.47239882497484	2.068245417241824	9.050116520490016	3.3137127354089064	3.8606287123412146	9.557686409669527	16.553785538122334	9.024353537113974	6.585800727720535	15.627745647248151	9.674998324022756	-0.06469753626967843	-5.092531191740382	6.201851066124861	4.0811804232028965	3.021219887300029	8.234157534494699	10.251961916334178	-2.5484879382750885	16.69487427999003	-4.785929568748353	2.221778465702621	10.704593148989662	18.646156349098685	10.380584081495453	-2.935054186162172	1.5726997586905989	10.658283179892187	16.80456892626669	-2.8619837712299865	8.334902635200175	6.230218295133695	11.88676860320191	19.567342592937802	4.078112386432923	4.273707243182353	14.302862009528662	7.7575685895909015	12.85935613119435	14.743551877001424	2.4406215418174937	-2.9049554256159316	4.276743409354645	12.204483752089093	-1.2886521645470768	4.324432942619179	3.149974612809166	-5.287647368686437	17.207785087497932	18.98349094673108	-0.51111763262913	0.8758906396855891	16.905064479784247	0.879829436509039	9.283224307181596	15.98171967889027	7.337284928094121	14.032500865759658	9.531202961958007	-2.16479617590527	11.864276641985514	4.839251068951641	5.618542163235561	10.168907145708092	7.093752643036212	19.143523287155038	3.7941766818416887	5.320875631543711	-5.578524316910996	0.30391715216750026	-2.576830878564698	5.4756877028106405	6.28703213737487	11.575943394498436	21.441701803527504	-7.637554844342746	10.266385260245054	17.99615161706045	16.409675748314367	9.72240968207263	15.232223376570149	-2.3323471279198373	8.54726116243215	0.5877289940534268	2.2983530829812846	-4.5269397720850995	-9.860489327603094	8.283466093062902	9.189247208021726	6.459578429529572	-0.3434524908698168	14.990134221420265	12.244550999404279	5.833993273728628	4.645947834751453	15.110749388402736	13.430201901686845	15.608036194628475	11.24200607761328	4.168076089887739	12.507330155517646	13.248613743408226	9.330428680037048	9.011584193417328	11.219608415833127	11.96730807129576	10.193148220890217	14.887183784948837	13.088308550557478	12.996466671630367	-2.226718625510283	0.6873800596090642	3.8511168380752805	11.66175908408613	2.488609899119571	19.52526955948319	3.6245296415344193	11.867387205581835	0.35213034508379853	9.786158687547923	17.759118666366334	-6.064161108264194	1.0035435850534207	-3.2168766323913682	-2.877011527200585	8.543739524357882	3.9629580100034567	8.180459857563038	16.501388511626132	12.745884616374113	16.470181647595375	22.310130612643878	11.559387735736248	14.183089118823608	11.651109982019038	10.375340831598146	9.754097886979844	11.969145966705584	7.019564339578263	12.923672444095715	-3.238444434998885	24.675656095922804	7.365257624520157	16.76512046353922	2.858020752268918	1.6982695684109081	17.452343604215205	17.239514242116822	8.877598609994873	2.906380387741537	8.269296645059553	19.161883265134787	18.600023385918053	1.079010657915335	9.004955060536727	2.4196714794636067	5.274861174566465	4.671975735128595	4.643661692517181	9.061734196373468	8.131707498128787	1.993001606721458	7.632849190012978	-0.48965980757260924	2.3026583082472056	19.12477712093468	18.359822690848286	2.2791556744438415	4.425785708707576	9.477870268565493	10.497047379763577	-8.545311377195977	1.2264886451257242	2.8192622893716317	17.310471543952723	0.5647562821921402	13.775862959792612	0.0370179614618338	2.628282318189409	15.815661871614239	6.801832419774508	16.987012773460748	19.049824400458217	4.779644480534617	1.441931563977077	15.448590176016964	6.736666768107837	2.7486557341894233	5.385259398520198	8.575738395955772	10.55218069577852	0.3126237365943607	1.9022644674236235	17.670073872977966	6.045225532963982	2.198604796120718	1.0083148500406267	1.3982540598733093	11.459874035976146	6.5095440979325785	3.3691956974519175	1.5155778338784152	12.947160232885455	14.091373370947903	7.538019038215973	9.674481807636152	9.925203247559471	2.97068902476797	2.1894844163538405	6.891298089078451	4.379715511113329	13.366677512238889	-4.286558880467471	-0.4337515067081393	4.539812545178008	26.42481913120769	8.728087008028657	1.038520866023459	8.250790716037574	2.033582597208413	12.4187262792892	5.379272828966454	10.618158032834668	4.553601241436365	9.503827943648695	7.294597168530422	1.9758623397368267	9.27797282199416	16.43258179892914	11.750542056354982	10.926363587965222	3.7087411167804376	-0.31787173563645266	20.435999268694722	8.765565802599632	31.29086014898879	2.986429854373384	6.713962801423711	10.703319070834695	23.03218463062181	11.987592772113642	-4.16093817595271	-4.049780751751602	3.8967201359769756	11.47287297426137	10.061967648726803	5.023076199589941	8.104866631692762
24.928871299703033	14.873817516457885	-3.781262729325585	18.422740973862812	9.270580052145352	9.219331553767022	3.8700554752993406	16.36692424466438	9.771539617355051	15.601540194714778	3.9995975256669696	22.722085945686583	10.214191488632675	8.234457100934351	2.6468883506841703	9.415629550812922	-0.8973706749595378	3.664510347384931	18.288961988805536	3.3759464283436205	5.139959226009392	3.3001705975713014	7.696681969137785	6.520305412173896	2.821865231764152	15.044616957809476	10.191085094038556	24.481599357484733	8.067621119091129	12.018950499646639	15.219124651628514	1.6512107144231385	14.22059473938521	2.6584878652243598	3.836758507926821	14.611475740683748	4.473139783899356	12.514781164990877	9.958326073478421	11.883569167890023	-1.1210009674680321	3.9682145422370536	15.582535108905613	0.525283768046038	23.023310632610244	13.769805657930707	-2.1942723231771906	0.6178495005975901	-1.2623257220469248	20.26642203593908	2.910779665746315	13.17042908891975	11.57731107998116	2.258727013389315	9.064088079529105	3.3648228341373154	4.174907144663827	9.582819483589661	16.659995081673813	9.32007671447254	7.106606296041271	15.786124720157083	9.758418508682425	0.033636736032192034	-5.007264805792998	6.311949354054487	4.225552408469859	3.1693448045600654	8.295091539823424	10.475562635442373	-2.407365793376316	16.84520786072011	-4.742376918860502	2.3991099792526045	10.880236685820886	18.884714495712064	10.4297717498807	-2.6276426682833844	1.706543678596592	10.856878099813658	16.93338691904583	-2.8326450613716845	8.554280752652854	6.269314207594646	12.087265815620949	19.81623672203792	4.160591803262296	4.3671125645174955	14.508117186238652	7.78152756009844	12.97106626322329	15.066720458966248	2.47924931868946	-2.683138837618193	4.399590182190001	12.217751753812479	-1.1330460050439004	4.459274748085409	3.2019396662591078	-5.196849842441929	17.554333077206827	19.298507751046692	-0.49809659349529484	0.989451136876345	17.07923523674679	0.9904671977235215	9.353133898052633	16.104983804042178	7.394772196056148	14.135133943473233	9.609829369439058	-2.0104550544432866	11.970886347784452	4.922835810870593	5.691723355588889	10.291859065692684	7.176398041740058	19.352233997228524	3.8442065454976304	5.4218216161709245	-5.4825301334194885	0.6586792783092835	-2.368696394231805	5.5814017069302455	6.382247938275755	11.609049950617349	21.552145561969827	-7.548844732888625	10.514954187411218	18.083872055407905	16.45720459451116	9.753704547321068	15.373223184422665	-2.2257103444387947	8.632495196284832	0.8460083359262087	2.4693613659625204	-4.3097622633088	-9.558494694045478	8.454668906475526	9.394935624676155	6.725302119129707	-0.15554799459702123	15.137720415556345	12.295849220352823	5.941615588559456	4.697043589136752	15.247195179278252	13.528596186439081	15.721861817867921	11.369503468992544	4.358027362669224	12.601187371774756	13.376662915772348	9.47045872651829	9.113805355799183	11.559067710120807	12.106406711932054	10.51085782414076	15.007778717334295	13.323141756050994	13.067315569863288	-2.108381486911541	0.7421469437859455	3.9339663769247912	11.837493314520641	2.6186292925344086	19.60725574745438	3.6540646073460987	11.947264806333862	0.6834591444176001	10.04281042824807	17.805580343954595	-5.90965184067976	1.0756513241567833	-2.806811221194264	-2.6944526037029686	8.932175831905626	4.094124263743293	8.300759755562341	16.58673224276474	12.79711998556317	16.694546670192086	22.399527511201892	11.756097399142336	14.30471541627	11.781704533817058	10.658420221731483	9.908079763102954	12.184119495450881	7.171301550363129	13.119774631914703	-2.7969305989050057	24.83086649281951	7.560342973961442	16.922115982984913	2.976982418544927	1.8899912955503348	17.580017587843354	17.389359599897105	8.948878140484817	3.185610312380332	8.382849671349478	19.233436262067052	18.743650061042846	1.0825539534331372	9.182911619985413	2.532407894155134	5.4808742600619915	4.7457256608350695	4.7060448450482655	9.234205270662537	8.227960174476472	2.162967229606687	7.8621227546473875	-0.3379640717588537	2.3831011876483634	19.204628742844417	18.50897937244651	2.331042861365115	4.457665894148588	9.669180868808146	10.616641703710041	-8.489233416685106	1.4383025543995491	2.938784312067132	17.58858951600829	0.707280537728313	14.26570263034578	0.08937672338018685	2.7015564739529077	15.965644492234942	7.226223806283208	17.068549344074704	19.09350097064826	5.096266555888168	1.5328122841569207	15.630319806116724	7.0367835307172335	2.7898559427350182	5.472950965217723	8.609796882823092	10.811831297536706	0.38649525686245506	2.0784152495884487	17.714018206395476	6.300467285415818	2.361090936254201	1.0775212054228762	1.5611909082908122	11.725148598710904	6.926925994313129	3.4223144569294015	1.523826722564095	13.037653898681198	14.166278713724497	7.674156372367845	9.923975004063275	9.984145917741118	2.9788218638106723	2.4048167954608215	7.079253104053293	4.531374519886619	13.387793890117472	-4.17160622857015	-0.3863751142245769	4.556146581812909	26.500584863748614	8.84418090859875	1.11169822183656	8.441694321260554	2.1857800833197443	12.617335057659309	5.43460303388932	10.715333209017793	4.713672641654919	9.689152529554486	7.363877333771023	2.0975269348128665	9.453576327345552	16.493351090054368	12.118213874514959	11.09205459575182	3.884243391761613	-0.22964498141788664	20.539884148620754	8.880443887131323	31.354305055700454	3.098680272217503	6.786575370405733	10.837012884926722	23.088410581476214	12.039186511222473	-4.032466909804154	-4.030977349987455	4.2863619118723975	11.528458554275792	10.285129138949673	5.194833547810518	8.358069011710013
25.000224842145077	14.896231297387432	-3.7002972725367136	18.639651785246176	9.390669336653378	9.283709389395149	3.8908812100916674	16.510158387179402	9.827033308647984	15.682759771211073	4.107700454008536	22.84321650473559	10.23993742267492	8.284422977095621	2.726184200092071	9.517573349371327	-0.5701050815048989	3.748922861312555	18.34751635033388	3.422037292500254	5.483125303080724	3.4554634100809136	7.895428542918154	6.580454210935762	3.0297590201808324	15.226929174531389	10.31750647694246	24.602098428016916	8.188770089084525	12.099497458640943	15.32087929748723	1.7702324324176173	14.254383177735994	2.737112296432796	3.9638304904841304	14.8202205738486	4.616439446322275	12.93330373231446	10.078116741337173	12.121239840589515	-0.8579078638373129	4.311062391668144	16.037155730927534	0.802145864568972	23.07603281984702	13.833074719347644	-2.108068291903793	0.757032545888229	-0.9802019389469098	20.36076290474484	3.1253150846217244	13.473615181759246	11.660595360357556	2.3056485829851177	9.156203807351703	3.5362284304415215	4.401252074641682	9.830805201336776	16.841767103320066	9.43828831208825	7.196495289449132	15.869982403454474	10.013101059606155	0.21853459060472216	-4.908849770483052	6.5489457368943675	4.336545510867323	3.289830875668128	8.387039887956169	10.912513962876583	-2.37180198767788	17.02456809455476	-4.466592366845882	2.4634219915513715	11.014240305323858	19.08039104494301	10.62491182078469	-2.430590449815185	1.8252337990517937	10.905595356639163	17.020201611363493	-2.6527777514660764	8.680332210165455	6.441486453152973	12.157873796397709	20.003696733292117	4.254824374761205	4.443846574527393	14.697426419470986	8.000724280662508	13.18819026716167	15.269021070326293	2.6696627085413747	-2.602115324062051	4.451828120459472	12.580570085625952	-0.8815412650772555	4.6007112245174016	3.3826199707341	-5.120209586033674	17.604472000022785	19.462719253260122	-0.383311739511299	1.1554103449831166	17.287806475358916	1.0559924747476097	9.804650322956906	16.162500358267163	7.591633079539574	14.23998513302305	9.768124856684794	-1.8452660309486941	12.167320929405497	5.0732735127487585	5.800449390813083	10.695284947779912	7.30784855686964	19.503845312537756	4.068621835524975	5.5046476125991095	-5.4527438968580615	0.8024289120452622	-2.2608891979120154	5.68939603661155	6.550140059627952	11.868787689079733	21.683715134550127	-7.48911521417027	10.641124686071896	18.161685165079717	16.620911023769906	9.861294712465822	15.479826238382527	-2.1150805740619667	8.816118156914081	1.0160623704974734	2.6413098477736323	-4.24525257428025	-9.478127182386332	8.567792056591628	9.438032195106713	6.919476464491255	0.1457768475315174	15.329846045052452	12.325791652674082	6.007284587936693	4.92157419280571	15.363728655332173	13.758666153526967	15.89755174144181	11.551091687848324	4.565953520285435	12.64380622164027	13.539594138196454	9.662042036134538	9.250435412825762	11.61126923608935	12.214214418710949	10.565665020858523	15.193762041367819	13.471067849347527	13.257079088387927	-2.0785366154048157	0.8607158408939665	4.020497245550422	11.975483116747823	2.686980759974842	19.820643963457613	3.90997428604359	12.068213756913236	0.7013911908832405	10.292025651125025	17.93372240568026	-5.780621845278598	1.180812472484337	-2.60804894767037	-2.5631152201949132	9.045210694967095	4.195220766237577	8.350738125052047	16.597827448204942	12.905228565769418	16.788606979274125	22.465009222805225	11.95032513211244	14.427746488604646	11.941063705892507	10.810215240235221	10.150339347004993	12.317841691792689	7.300182937472241	13.378534079981108	-2.714622957118917	24.840938235384893	7.704397871683381	17.152801982659053	3.1070759969754325	1.9215918408497779	17.74201839352124	17.50511848683758	9.194566059103227	3.329512977289941	8.40073098150197	19.239890938996332	19.164943078369124	1.1864280469749837	9.240301404636165	2.834329179548257	5.705794037245075	4.787070400155298	4.7446699301692155	9.768740999857288	8.25553302669189	2.359475192863695	8.020052171020422	-0.27047742264196567	2.4655434638948175	19.27302850888175	18.54303534153999	2.3751790145608154	4.67947174542141	9.734251884726762	10.813725882961425	-8.32381677524665	1.5355818576589257	3.2185058820364785	17.650137481507493	0.8601939414363521	14.320124777370777	0.30297061043896756	2.8054295857008618	16.01038985442989	7.360105070014508	17.092581187113677	19.132079841448217	5.314991060648738	1.886035845111085	15.73505379210553	7.13554706382777	3.122137701106014	5.533386596955027	8.719693146057832	10.903634446419128	0.4048969894710294	2.1251565431517214	18.48012826206351	6.344830175981274	2.610609887072926	1.2170828057391538	1.8970290591521402	11.91503900060747	7.108149029366327	3.5105689603887495	1.643730094514929	13.122718174206645	14.252398043179602	7.935737574533557	9.94865563257685	10.159421134121846	3.4462146676699112	2.5181578917475713	7.200242055244575	4.860189884111297	13.448596006269538	-4.111944647154411	-0.12580898979107188	4.584425966710449	26.67441297200764	9.088314130611488	1.1734479613401323	8.517614576869875	2.272496051891479	12.786279159876417	5.892945925148307	10.874329981658294	4.8843192458018425	9.873390268370338	7.6694066698342125	2.397612127383984	9.657077490557237	16.797116841610805	12.247314984931284	11.172084089468054	4.004762973298995	-0.08990059295658528	20.793016408833562	9.119703784808426	31.526185758883187	3.2616224138916694	6.939839173837132	10.884410551277135	23.20592694554985	12.189085510429164	-3.9679583712438524	-3.8191395866745586	4.4844573261062175	11.609755908357188	10.32644328890409	5.2629142454168445	8.481755363647823
25.156390527825522	14.985178052045192	-3.5303106953769254	18.72006989423357	9.513338205008932	9.461043074637844	4.243911575206439	16.616444893105992	10.059362666618954	15.825628239886303	4.268235758058114	23.25584585342674	10.299549521897863	8.330987190601023	2.8754749010720344	9.571805803742496	-0.42250178836788427	3.9374871291387645	18.47462678630139	3.599908451408272	5.789205592498352	3.5569700771370276	7.945431991660812	6.613718487602497	3.332117240091381	15.301006887601611	10.370733052234273	24.89483447017834	8.409633186566102	12.231694510115696	15.342591785249313	1.877625929830738	14.307789297130503	2.8969652306499483	4.235745889070522	14.859585531621114	4.702081709695723	12.95186488462508	10.13927964631432	12.135188946777744	-0.781573671553752	4.765160985555786	16.157467437657427	0.8394684505547148	23.18264318013987	13.870683588278554	-2.044086417079216	0.8689855623026376	-0.8043544631970061	20.47725462898838	3.2535488479953423	13.751644426872968	11.856829290911895	2.4007051776033825	9.242859742090275	3.591107847950139	4.508124219502235	9.933889820378795	17.17249425313942	9.733681367009993	7.299187582893308	16.034592058571988	10.118803566568385	0.3042699653605605	-4.731848999280906	6.745883568785533	4.451373055265968	3.37474057049548	8.649988411186444	11.07203696260504	-2.205331169300407	17.1168015392642	-4.181356022308391	2.6370324921374926	11.32859490593105	19.196563023699145	10.751194889311003	-2.351885326864655	1.9691778332768757	11.116189369502044	17.121311000775062	-2.567273654284406	8.80938546049446	6.50363963758315	12.392404842769672	20.219215142096317	4.396068764379618	4.576640757547421	14.761242922922436	8.073180397552097	13.295871666049237	15.462146528539087	2.7774442724375277	-2.519153074656859	4.682135453665827	12.81820653096133	-0.7900712895609451	4.658378667555356	3.560883263884149	-5.097362222344622	17.745650720407877	19.6753353106371	-0.09504010378536572	1.4801847397376504	17.316070695171096	1.0828770152217457	9.912059493779497	16.379712645864686	7.655339798428855	14.463101571305122	9.840674185753185	-1.679259402943509	12.22670071743228	5.272672906773514	6.073896681245024	10.93950381642935	7.566577275929535	19.617784847818587	4.088546497979706	5.893741179036617	-5.25869171213485	0.8572321035113898	-2.156625071143705	5.832816073418288	6.698578407373003	12.077361462633407	22.04894025504278	-7.289335199424208	10.878971756960832	18.398088268052064	16.788217111210948	10.001969230830856	15.55635302044912	-2.0464709116840805	8.944218108174159	1.117188531898911	2.7144089121129804	-4.181343312781496	-9.380979672036256	8.63721341142727	9.559823438019617	7.097421695780042	0.2746052606183533	15.394084708347526	12.506009117897582	6.102726776022908	5.0450634823725915	15.514482043199326	13.840307181109122	16.033709237076692	11.775414948393781	4.674790984668183	12.773717337803316	13.739129172164729	9.71560422740923	9.337898829051435	11.673003249652481	12.419585248900392	10.658980109748066	15.56454176750777	13.765628131659591	13.333197580488754	-1.9711917338027063	1.0124339229583046	4.1343557825701716	12.104231873454124	2.82714435946441	20.098651082482423	4.0877103500644285	12.247379973710869	0.8306448486795153	10.508585670077624	17.984392759587895	-5.6139664363831265	1.3935170543815278	-2.5538077771235588	-2.4980998967721746	9.127900268027206	4.301812651562432	8.39445611612331	16.778787802035602	13.085775470024338	16.916030182643873	22.632892536960235	12.02741069543093	14.68676353373117	11.996508447418758	10.915932663735118	10.363044597934403	12.440576507719086	7.4448460641127925	13.42814889785324	-2.6550492728434314	24.960019110338003	7.834693281581058	17.268970011777075	3.1115743857206297	2.0471012656867376	17.79320137394813	18.007376096261492	9.330955224023448	3.3452037739974276	8.479087783172814	19.44323730505224	19.217300360152905	1.382264827642476	9.479872891453722	3.0396127302048166	5.789451725811296	4.951183640121129	4.865695891167328	9.801818266255596	8.31157410245948	2.4510094495870938	8.148646147135096	-0.11565181328961599	2.533782762109034	19.35578736556867	18.63539862124778	2.5748013037992967	4.752257009805317	9.958085341873597	10.84562849190955	-8.237063177021152	2.048964773702131	3.426175294554601	17.762378778497524	0.9408347663816107	14.440362770453	0.5527749700332584	3.0014374401299797	16.166263666320155	7.6034414158222905	17.317152236882446	19.301409805242507	5.443523023317271	1.964541711512965	15.79803338849964	7.231412559232995	3.2706658997095546	5.860004114589602	8.928366279966818	11.144606451538834	0.704035752775146	2.185814097299387	18.729422079831394	6.492667657557308	2.71019193223462	1.3376660523733115	1.9124316919159703	12.062933511556905	7.157222675781103	3.6359539687939426	1.8389809862319408	13.256556156067596	14.49308681404999	8.156726752663713	9.968943975420004	10.61421248053853	3.51196184558115	2.622665263702823	7.320481254374175	5.04545397236286	13.528435804838857	-4.041688302908099	-0.05520403643569305	4.714172358831272	26.76644110714436	9.174758478083191	1.3470186721666841	8.63369186957258	2.403129649647504	12.811780655849095	5.981297519570863	10.99521929963454	4.969961875928521	10.167000532213988	7.718774585215921	2.599547596086682	9.787895303865913	16.99870552054832	12.288290569569503	11.219910695588379	4.164227777291535	0.0038917790159261555	20.85191374863602	9.248755433234066	31.613874889133054	3.3729171670057996	7.045958319287314	11.016617820411401	23.326733093396836	12.378977715490217	-3.8588326699607602	-3.745999813000531	4.51807469900836	11.875450268981206	10.461718707019669	5.391668103273958	8.500298334496676
25.248823955530774	15.02053609827972	-3.48961347424409	18.749156714920336	9.634399684891694	9.538527236255065	4.342511268052166	16.751768090435757	10.184803312640057	15.963557279916406	4.359988138783667	23.26632251474178	10.54258352331741	8.544899724186973	2.8844541935507277	9.693295748222653	-0.19637608190373884	4.156680150874258	18.59183766201134	3.8807565374819872	5.8742270598910835	3.8259713797388293	8.131592956914293	7.225103437699429	3.4997513454110836	15.404887304931583	10.518517430022657	25.001958233656083	8.472376883547216	12.440730472655572	15.50605263294534	1.9628668923170238	14.683076323706436	3.042661444874619	4.2950915836656804	14.911725780211047	4.938902465977255	13.018282437414719	10.471676464941016	12.184221763215268	-0.717874696956241	4.977590181789922	16.259624428473288	1.0970835201843783	23.277838359098737	14.182263705741633	-1.8953100206618092	1.005068554496173	-0.7435894849947999	20.640004471526623	3.398695238442397	13.804261885739143	11.9919754213613	2.6227925544105886	9.470890108179232	3.7294648631106924	4.543474334122649	10.073723868293309	17.220096626161556	10.019829618324552	7.522988328964535	16.08136860194363	10.148480238450057	0.4627513586617198	-4.667837908490256	6.819528340949922	4.532243524814468	3.4999592801391204	8.69192956827028	11.130965693391595	-2.1246269460837444	17.315330827730737	-4.145228201360282	2.7106887612513053	11.368910250211455	19.31417733982781	10.819719361316853	-2.2133804507423487	2.0264461823922146	11.273890099677441	17.15136451496328	-2.4687692317141914	8.87163709089968	6.581365148352474	12.518137437473364	20.31588849518702	4.4770857751656905	4.745016118100832	14.818859491598788	8.353156206146624	13.605938450230171	15.485712787568472	2.857052664950541	-2.415950563757501	4.807635209577381	12.932312268926102	-0.6704335165192965	5.1050426238404	3.594149699175494	-4.972359067030788	17.781963736941094	19.69416573909056	0.15554865500974957	1.5367275369023672	17.515695031423594	1.1959347239359768	10.11653605135701	16.435130082907058	7.814939918267548	14.631729321631708	10.175865745260998	-1.6388178855442515	12.330715018139246	5.3832107379921466	6.104458359454101	11.041569003069526	7.5863606287482	19.75842375503151	4.208183103997824	5.911169124615106	-5.156409304246926	1.0961998583793289	-2.0444229257795725	6.143852612054125	7.101847755644867	12.15281455590188	22.06729936360189	-7.2106767348503915	10.917809034613107	18.4513822609546	17.070420470759448	10.127668645680767	15.683476462612939	-1.9837041947828047	8.987792933257968	1.5481864713024371	2.9507395778910928	-4.15643511009466	-9.322165990404637	8.748043099415826	9.94776962606577	7.386668833234099	0.3698203462050883	15.440368919039006	12.619225374846575	6.300718430464581	5.1061694894401555	15.561203806055643	13.940340856403541	16.1095226561982	11.811009127935026	4.754909439532269	13.186673518555741	13.842383707133328	9.808471053921727	9.445152388044914	11.791741284633598	12.611288140142872	10.695879968382837	15.657137317747134	13.955877192568137	13.61323580389182	-1.7569879556090848	1.4080797467948338	4.3039318430712	12.151470799104601	3.044255354670761	20.143618398664813	4.133860392103721	12.264068488230837	1.2576734337696687	10.764846508864784	18.06464961134446	-5.5463818423866735	1.4154277924805954	-2.5172015359637987	-2.4474973810874325	9.189297053816171	4.432401468133079	8.618827448741019	16.89615613760938	13.235747787973422	17.142363757553213	22.67478550244681	12.252722886896263	14.749105888813796	12.092332810598824	11.135501205683948	10.542582993159764	12.5539544128903	7.5349320065057	13.658917118965583	-2.5458198837468147	25.0198421641654	7.973716763583942	17.497649235870227	3.3616778634408333	2.2265709342154976	18.01180316795446	18.138894559925333	9.421810550975998	3.494973528251129	8.82676464331291	19.743164029226577	19.406239791859193	1.5029829001046497	9.8798631001238	3.184221964410013	5.827301948608986	5.150633794615726	4.968900080844796	10.018749288905557	8.379587837017166	2.4884881247470116	8.157358778121274	0.16879380687900108	2.5860647079296806	19.580164431702453	18.833293065251244	2.7183409880052256	5.019927379656096	10.268549223701761	11.015653833632872	-8.111392063741926	2.132819544350771	3.579714580234115	17.937432012499045	1.3041554315788522	14.569179048259857	0.6277721705118839	3.1142752047045965	16.322921928659333	7.63487791680982	17.470526088075612	19.567345252498296	5.569179999583835	2.432540355780932	15.832344432275312	7.411276989861738	3.4722876497933663	5.880222780775104	8.94112600796664	11.485996159835048	0.927993164412892	2.2569396532107646	19.073196883180536	6.716693628591685	2.8362768916823353	1.4560907079927166	2.117296079755465	12.191984008205825	7.222338836106263	3.680995310689056	1.8419488395422372	13.420122498771564	14.541662702573097	8.441825875566256	10.05902902174789	10.637111544940455	3.674168405428508	2.7858970215860044	7.528653390574879	5.118975494179461	13.902356380638283	-3.908894714107564	0.001213760144616967	4.727247175249253	26.849359746908075	9.256561851707835	1.3988392428513698	8.654122034140869	2.532036844943258	12.83501777339991	6.386654226168142	11.097963381586704	5.0417842588415915	10.345305511199058	7.866082481465539	2.7369651581283345	10.005647369185272	17.115658012190906	12.510905647508034	11.41865769666823	4.309712452338187	0.07310587566450354	21.080690409026065	9.70944997501292	31.70088483491322	3.5310571814149596	7.081955394049261	11.168343537198192	23.488951783294322	12.534340429892552	-3.8139576879002024	-3.635212928479704	4.649569575561053	11.922789225785172	10.58508170274492	5.602919375726965	8.62081559563562
25.31521258531943	15.168855057394241	-3.264336161757293	18.930872949621556	9.726489363718912	9.784995186993015	4.433044021840579	16.82165601022854	10.25293150989067	16.19631131301211	4.3959199491866965	23.30350402665252	10.620307545781591	8.613824310452529	3.1019123650982534	9.860315909273119	0.04424341742285725	4.325723432982517	18.61351223497721	3.8891539978207583	5.911783506949642	3.985574000965561	8.245252266255493	7.452489764950112	3.582987743238904	15.48028538606779	10.685862002533037	25.126177185100094	8.613181562072251	12.703090986540817	15.523737264973443	2.0950708662393147	14.72782988641056	3.1592126172134476	4.435325343032514	15.481006712847469	5.0649916913562105	13.170585591655085	10.71095522065685	12.394989786139305	-0.5011469076835051	5.0289188549136155	16.307251904558157	1.1926801451851647	23.31445768434313	14.47369100575442	-1.7029856802399357	1.1458264165719458	-0.686032210817053	20.814227304226954	3.542764747359776	13.814519575304248	12.149636674341822	2.7347500967116085	9.526038617815885	4.070997600254092	4.689026844356414	10.13317088377999	17.305546810720944	10.166386763347438	7.751699744589745	16.15436567126354	10.22843961981761	0.5287677861525566	-4.532095521513641	6.882020389954141	4.663015434465798	3.6737490683340837	8.858109535965985	11.281188555397772	-2.0900781577620875	17.704108329179224	-3.8907756788969485	2.8761082774610447	11.41835545081363	19.650422482892086	11.037733688264204	-1.9853280128908781	2.3121401786046456	11.559022789207994	17.41986566411112	-2.4434434824255957	9.004406080316699	6.749972778505902	12.913475195702981	20.553131875721647	4.570273720901968	4.916365820621817	15.040962885131556	8.455561915737752	13.887346415837275	15.497837400399368	3.004286449586926	-2.320034931505051	5.081534426616404	13.179637962586202	-0.6135890040740573	5.544078782812839	3.771709659724823	-4.929499850555891	17.82046930750651	19.785646908756306	0.25986217051065785	1.7390265494971278	17.656506019155344	1.3568624348489253	10.13760345929165	16.463873434631036	7.969414751027842	14.691485254283531	10.298137426780553	-1.49605363023749	12.546007875128309	5.514983694134408	6.4061967008354905	11.129443282769355	7.996867831819819	19.836571791081102	4.356763766109578	6.000603392489112	-5.003728395603468	1.3340206638155339	-1.8426475035317134	6.229967998222911	7.2337579428610335	12.43583569883918	22.152461200171558	-7.10454976804584	11.05375131384962	18.67300736919937	17.143751880837467	10.220166659940622	15.881693511878877	-1.7844141922829724	9.260527010062297	1.582168031318421	3.0539089121271847	-4.0354592687830655	-9.18768808759067	9.035649174699937	9.997879988464415	7.5422783257343236	0.49410337433686335	15.556304946034968	12.819716614423038	6.416569403121056	5.1670288223118686	15.718880410128412	14.036294276545732	16.210242583202078	11.977052913466874	4.957260665308702	13.290808649345378	13.901110283073907	9.907608433560071	9.507136320358363	11.815265202137565	12.835498784745063	10.975673727999327	15.769054906559015	14.105466125478525	13.769695319381729	-1.5834213629035485	1.547475705398216	4.4181289046519465	12.348882660057756	3.13510288681654	20.283674862045352	4.270072178914335	12.492489719928628	1.4947073479026627	10.809354387977306	18.43102332445408	-5.43409896835113	1.5503266027211766	-2.3085105714243017	-2.263664111649279	9.213652944746105	4.541665530998068	8.707878356635382	17.02886920037342	13.36845103081707	17.17306344402584	22.813885849646063	12.282909307268332	14.959563962094128	12.401417186682258	11.269628446363663	10.616483171734366	12.588745760955552	7.634916864590156	13.800651265415262	-2.4974100396279315	25.234320148382302	8.276440851416002	17.592496410967048	3.5468913780824662	2.3379264289492925	18.024639778987282	18.167747559438936	9.443823854743124	3.671927322580224	8.870830385443533	19.811802290283296	19.58591451340519	1.5719412164444062	10.100883438032831	3.256831184847903	6.06897420708447	5.292542449487295	5.0815739551910895	10.163802312972907	8.832343970740038	2.74254437823339	8.218665710339076	0.22248854549434172	2.7992176832835596	19.69356252450719	18.869706521499516	3.241923774976233	5.123322113023361	10.345614520379765	11.123891219272943	-7.826755215860936	2.3566095930686903	3.5898826061140507	18.018444258373083	1.4227530305912934	14.592855898389756	0.8897451767926724	3.276358788839472	16.48305525373941	7.755478639989238	17.505021790119027	19.65583348094494	5.649184316199029	2.5761930569353133	15.938219134310057	7.554299580886958	3.5103888968729615	6.013523350782968	9.245829485047363	11.584662425732308	1.2841955208263653	2.35059908194024	19.180902371633227	6.777803614287263	3.0734648835417677	1.741455848680443	2.2113537002183428	12.324768099916176	7.320271571604253	3.950972349660714	1.977981864930498	13.649034222952277	14.663237475331417	8.65518308289689	10.087188174304995	10.668096595316591	3.7900336781612154	2.999597787368853	7.945013683807785	5.415941443117228	14.133868124234754	-3.558548595030332	0.18835291006810925	4.923591537389936	27.09111622517789	9.303823907727912	1.5241440411813574	8.713839503310227	2.5895687161167302	13.008124903635789	6.433093237262785	11.194813821705502	5.226256078892687	10.54997523285681	8.039430256249775	3.1665922225339314	10.058875303933528	17.18837560449557	12.670060526868651	11.594691140723373	4.482370175681066	0.24915109523438683	21.112337742124232	9.79420406060799	31.895227579440853	3.691181517160964	7.379209919870679	11.382295846694912	23.53055689264205	12.655400184830027	-3.5954211160648675	-3.4596408311524156	4.791842613533836	12.155247275666019	10.762531501668485	5.721778525211504	8.876462954157496
25.37932044405808	15.221719577978066	-3.2251582689377734	19.003857176137434	10.107702539283421	9.846430972881558	4.757380183053479	16.904919859781828	10.290095065246774	16.394961123842062	4.483344718992494	23.498198307214896	10.696872997588777	8.743402247358864	3.1381938075498987	10.262067419805728	0.14846152022012718	4.458065029758577	18.754249494561826	4.267681804296428	6.136176648255837	4.036862322436541	8.28108729385664	7.77571758717754	3.735820824425885	15.555736014113396	10.781267131726159	25.242841120232104	8.7047193645885	13.156422920316501	16.16958288262371	2.1785627837937853	14.860644800197381	3.386612080496934	4.507052761978337	15.60378797077976	5.120162312106083	13.296388355294644	10.746323528743808	12.668761491711624	-0.2498053612075938	5.097002093718541	16.34335127338685	1.4094994958759917	23.363241259275245	14.51168682351327	-1.6586976176432593	1.2194323237900566	-0.31825783189932066	20.88949446566558	3.7315477878075836	13.899823343156132	12.192902421080847	2.835057411119331	9.581125554288654	4.189615298071606	4.839281710763018	10.466474123744906	17.469269087601564	10.275970416110832	7.804538949132334	16.258229452488333	10.411821849563706	0.7036785732045522	-4.245401949599784	7.262943086874639	4.8101968120096545	3.838416141995629	8.935237332276067	11.409490533342453	-1.9444406005518062	17.853551964483835	-3.795667445162028	2.938939621626678	11.49593366609251	19.844764529992656	11.13423086684547	-1.874336013086602	2.40560221702082	11.668845009959949	17.506196604318383	-2.3383271712112976	9.346051006891608	6.820150305025986	13.373458675513556	20.61939152840336	4.735025172400266	5.056855845456048	15.081482474317244	8.515193370087644	14.062736806299572	15.834726295141694	3.4666965146805127	-2.2347939023985206	5.2967720354811165	13.196032360233197	-0.3850730245155873	5.590377521921602	3.9934237977716553	-4.739115895051846	17.96266018483176	19.870664544771753	0.4779762073989386	1.7827674238229454	17.817433497207624	1.4493090095332894	10.317559126098255	16.556301701246035	8.134354352912796	14.94978565347368	10.442468861642684	-1.3816048598642618	12.631045644465779	5.616336185682181	6.528587689803155	11.333977499487766	8.084621150799709	20.007696243944498	4.53305136165816	6.174596401053236	-4.761786020707486	1.3844316381483133	-1.7236789262184964	6.531909954626882	7.473745444267077	12.58318531689497	22.24793316672475	-6.991004165388206	11.277728532318134	18.78393864801134	17.26949143242054	10.332740356743805	16.043761052579754	-1.7421274057932292	9.42375757095322	1.8052307364003013	3.0864469277899977	-3.8421661247705163	-8.998072800589425	9.126242243382013	10.056294304895124	7.590043788296646	0.5478288604210079	15.583503559788953	12.922712576109358	6.475715097677285	5.368622051129893	15.810024297469887	14.291711585931102	16.348145708459455	12.11307136896696	5.069809471080646	13.635690299477934	14.03587275652662	10.035538288704089	9.571304438706784	11.943281107775684	13.05024635299729	11.077631224971736	15.92564197387937	14.142977029457569	13.884684274688778	-1.533671839776585	1.6230924457289613	4.6615615945390285	12.488535621796267	3.2030422197365787	20.37038727823551	4.340973542796038	12.719834625566873	1.810813179057394	11.006378699134316	18.57282117667093	-5.372184868388738	1.950375136861586	-1.9435477902804308	-2.1815820734279634	9.25464920504038	4.684664382617782	8.809623971266715	17.386535447913438	13.529574621254344	17.359094542098553	22.873789282019096	12.389978861274894	15.040066685584517	12.461120027090173	11.369484417378919	10.784850159692258	12.769684925477591	7.794634819290589	13.872410584366964	-2.2251300504052507	25.477740497895763	8.379448400016797	17.962146841521246	3.6797429046242893	2.449808791290843	18.144173512224494	18.231144530753976	9.694200865732396	3.7100980349662827	9.11128152436214	19.97446914034471	19.65353998050244	1.6481537944807687	10.202819789572752	3.4555361260959665	6.245716667184794	5.36629952691486	5.157880880302459	10.191407715476863	8.850297812347089	2.8499419534979884	8.465414732214546	0.30819122136084115	3.0278054216575145	19.728809921844316	19.12306926172004	3.526754519461549	5.203711120314396	10.52586656119338	11.16646948410322	-7.621208675529743	2.4764661088739626	3.729149909660512	18.02914544862906	1.5721014933493411	14.658068905325123	1.002316426490695	3.340605587565526	16.514752734701407	7.851614246194244	17.672558002593693	19.760740336953656	5.924794934785842	2.7745811264941533	16.10733413303879	7.593727826728352	3.6362182698241168	6.162632425636852	9.337471568379296	11.817973711941915	1.31567426787	2.4843123865764745	19.39519878378914	6.974711554086488	3.1214168567493874	1.8143480935429623	2.5335699385851433	12.388611789745148	7.610099750729625	4.001632814703247	2.0714335722275674	13.721165283009675	14.840416186058794	8.883068745591125	10.414313572239834	10.768702906571177	3.8864003265419518	3.061245889822861	8.076042611632879	5.544506564849249	14.262225954997254	-3.4535053890418554	0.2914768521228276	5.021044058928658	27.195253703826683	9.405817459811795	1.733814158485329	8.81698118240344	2.8191581867284206	13.032903549736575	6.950842231670596	11.297113816631501	5.2481251149099055	10.578990966448584	8.185520051412091	3.2989007855694874	10.152697914977848	17.271646103851076	12.829400065427004	11.65590740688273	4.90017586293312	0.3312495898997022	21.24769631628386	9.939319922935944	31.961861612000465	3.868619899146961	7.622840944434712	11.570512251490754	23.584782278684948	12.797451288871885	-3.528211307216178	-3.3105787864765577	4.930032683588323	12.205653416326278	10.931611057071258	6.020934561376416	9.421231989931055
25.464033575172095	15.259062686324517	-3.0899939970993886	19.327024759529003	10.188789217128152	10.015030120825934	4.769448706205861	16.98747840975492	10.410706649022032	16.467457779769315	4.5870980423307195	23.732153279719807	10.949992148289285	8.784571463792828	3.2739496706531357	10.352522213828104	0.3740394987334127	4.633974400904977	18.772804995133654	4.406009896299925	6.411875288724456	4.154651716138779	8.36199645391117	7.9092253641199255	3.794655037120859	15.583590378878561	10.865526344469336	25.324025231533604	8.78882871707888	13.178687450403816	16.327943644251103	2.196726648773876	14.923875626052341	3.4552140289196305	5.119347870257766	15.888901967918482	5.143895975160857	13.411156961008999	10.800286086002304	12.968503401266132	-0.16635281448870984	5.213622178149385	16.38329117115496	1.4719603320731234	23.408763838567634	15.154015990880492	-1.5249888396383584	1.3526943521354204	-0.2713104336334407	20.966079543170686	3.8671053191845797	14.124575292427066	12.249860449207628	2.987639702237349	9.659415339284973	4.409505834154861	4.8885180193068765	10.564037393621264	17.566511832754983	10.375573952585698	7.8964431726818525	16.418371383140762	10.620811244918446	0.9050892190220526	-4.132236587160293	7.290282774072592	5.10375589107567	3.9764872040229338	9.213772528558724	11.530956757291595	-1.8633316537775375	18.22021327754435	-3.7561515945604986	3.1208175780691563	11.627254975128738	19.91332308554649	11.254565286596119	-1.726568468888374	2.5344624731063288	11.816028213800681	17.616533806350137	-2.130677914465289	9.452109323955282	6.849873061279043	13.595349821416827	20.83998883418029	4.936678319225324	5.104146170404514	15.162749601157223	8.564102518010172	14.1394340272235	15.912932279453159	3.671532693529049	-2.209653016785398	5.432920822845692	13.228958839240828	0.03391255017695486	5.653595058459396	4.138156543697028	-4.656576431293535	18.21274177876124	20.08284064651362	0.6215123580459536	2.07342179177297	18.227315583105973	1.6026214290169427	10.337218950175668	17.04731414262023	8.351922223722452	14.975797216984498	10.536804129104487	-1.366174444697293	12.675964705145887	5.781770307720431	6.719701624692915	11.55105428294173	8.167900311778686	20.11024039866495	4.584537902525467	6.461455146726722	-4.715401649159521	1.5081278639076472	-1.5523936037013737	6.726118096471167	7.48716674466502	12.715832508188882	22.33920300887695	-6.872607617214626	11.395773681928796	18.842711549215885	17.578560553367446	10.448659102272416	16.173882787980602	-1.6840605034750824	9.448033025225007	2.176472270545438	3.32853880066847	-3.7689262359870908	-8.841581434353557	9.232300667454494	10.257018225698088	7.838950490884127	0.7068714973910866	16.155694590719023	13.138270723966826	6.598748273629239	5.504210136810088	15.921580014227926	14.34661294869718	16.37508175105622	12.512162350944493	5.174772133267305	13.729051573717994	14.136838734866975	10.186195572399136	9.731942425511713	12.212425473640003	13.249222098143548	11.150463465201568	15.98026825097916	14.38793557521138	14.083848199671422	-1.353354173846661	1.785752074425399	4.864755377751985	12.528766501847912	3.2385774839746446	20.426500146460523	4.396355656919859	12.853222046834446	1.937696291377162	11.093378546532897	19.066541655018124	-5.171136519264857	2.078046677233146	-1.8407629089834125	-2.0796305458808884	9.470307677731276	4.750246685282406	8.974360323931862	17.42746560583648	13.60762410944529	17.444772229677667	22.949896219678234	12.728057444388892	15.091319472550087	12.502693082297311	11.386996917931661	10.885497055536195	12.909024355782448	7.831810809186891	13.931108040594054	-2.1555329392896616	25.676589677217596	8.500490712143366	18.071549033292968	3.8015633331012886	2.5835972190398677	18.370614545879803	18.364650324215756	10.056983668915485	3.865645007588416	9.236331017111784	20.02462593837395	19.710880706745748	1.675387719435118	10.545188985877573	3.612745211741113	6.352248167917264	5.4331226748013	5.224385068508067	10.261524375587243	9.076171182904602	3.219678382467732	8.575312305337203	0.3981205003614043	3.2271155230930675	19.88561093142571	19.438218950083662	3.7465161311575534	5.443328210731848	10.574569001690657	11.287979328404314	-7.261485067000898	2.518821247721321	3.839093056352142	18.12466865648701	1.7663243402220217	14.947974294709505	1.1700425589404782	3.640168884439972	16.764297092391114	8.025137351964904	17.74166323250904	19.88012500874646	5.983037981469466	2.9700383427455184	16.19177425503261	7.6733521411003025	3.678599553794745	6.334109626385377	9.502088535579045	11.84425544854544	1.337410066061455	2.7004658107656754	19.48551913555767	7.114723001267769	3.3491756057777162	2.1715333222495534	2.5733534363356214	12.461480476356229	7.843094350693339	4.040860823995946	2.0957717314533473	13.850156200188513	14.956822520957427	8.96476123057196	10.783834177210053	10.956848628931514	3.9194898997661296	3.10992987044895	8.118063861919612	5.662657984374881	14.336388953831195	-3.3412600397839514	0.3373783390658777	5.219248908773617	27.253914415010083	9.497078386952309	1.8583664514054705	8.919198985965497	2.865304841509652	13.053160599959778	7.015104254915784	11.379210975943693	5.459241348953176	10.633721735274351	8.349665141834334	3.51601921075287	10.239754402092823	17.3943660868431	13.060237880948396	11.78479822973766	5.019121340228505	0.45194063849461796	21.380314080348192	10.366062635763075	32.05995251415599	3.9177012316730333	7.656734651982538	11.670641396590428	23.725827667540493	13.048620646401352	-3.35019980460918	-3.1147960042965814	4.998201676718241	12.436455677847617	11.078657414611847	6.072949067473649	9.535880770934842
25.65782447174608	15.396745182557224	-2.9786806165625523	19.423687212023264	10.485682675943096	10.122804113156757	4.874457407489726	17.05930790382002	10.566972715309364	16.58363627172572	4.8614332295979334	23.931038926067437	11.078939698525595	8.817699429222463	3.3851558885913255	10.665641747490422	0.6047425904936704	4.707186960158056	18.979897304144707	4.5586967011952195	6.565260842948167	4.339805509013547	8.513657355308625	8.071893816082145	3.9580578089959007	15.751296637104522	10.953561053562131	25.46952804629861	8.884287595740405	13.30010613256028	16.52007491586382	2.331243280309285	15.026607496389436	3.508824549042249	5.322103127501083	15.949951725357183	5.153214048452346	13.576276396941541	10.929450210839024	13.129964036151836	-0.05696580124757479	5.267801244898061	16.48135148157949	1.546929428661196	23.573151508999374	15.186918911380568	-1.426403168238797	1.5240653355337563	0.07660725235449424	21.00562731602584	3.927658685370221	14.456090299847931	12.41686099298991	3.0193653473748863	9.871502283527732	4.5278255395480755	5.0494633125235735	10.859813828110985	17.85309693667474	10.386606682421377	7.984408896553511	16.683756539757216	10.768966478915722	0.9570289076629336	-4.026305709300961	7.606952107656186	5.248753911642047	4.0924942128578845	9.38071779882447	11.549084658531472	-1.6852596365286872	18.404439894281534	-3.342962279542347	3.3223977957054407	11.96882850658691	20.131678399875614	11.462685587693858	-1.6629180377220345	2.8426141084272416	11.841774884109379	17.823747841436234	-2.113224175399781	9.50726930225489	6.929079915789337	13.648892274994706	21.033341201608895	5.083467221802337	5.4376078605480185	15.327655226494617	8.702825009312408	14.29004229646819	15.946293442918103	3.6921753792886394	-1.8473472368961832	5.649446746178017	13.421760412385863	0.2732986916900768	5.672815273126013	4.463509145941292	-4.553531245741977	18.424966871077817	20.11395240929226	0.7155678999895541	2.165125766680171	18.33529763752212	1.787498510565962	10.554365770799215	17.255353532566577	8.56202417289331	15.212272064534007	10.91225318942065	-1.1652052478791606	12.774016738328163	5.8566556332796775	6.866713204748239	11.56352664256837	8.336559516467812	20.558021311386067	4.77649050155914	6.489301664385589	-4.670344908197018	1.6720501242079309	-1.4434340284340021	6.762899755142318	7.704992934625337	12.788306650527884	22.473626562916976	-6.690745728379731	11.502713837360137	18.92307057061538	17.624090785403055	10.728221975748612	16.298643804191407	-1.586847544695692	9.617592513508367	2.2442099353045286	3.4040881630564286	-3.4974345338329718	-8.739819582994144	9.30118834459198	10.365957898786975	8.069716069169877	1.0921752503106419	16.242042577732594	13.173164977525353	6.707917303564152	5.5739442419683245	16.175099227636853	14.708042573331648	16.740862052816617	12.82963871762804	5.354758319897796	13.933713647221978	14.324284352024343	10.391961863634222	9.837407636703997	12.311878219858489	13.34630447661095	11.397441149367994	16.281859194219354	14.4980221114958	14.121151657211481	-1.2125995187855805	1.9551852506933671	4.927622491177021	12.938683174351887	3.49632061970457	20.55391522481048	4.965224355721889	12.999789535158435	2.041896887020246	11.54977358121505	19.22634977201487	-5.042142832234409	2.1610143805573565	-1.7485843638203638	-1.717265092530386	9.758589851630415	4.894089091503234	9.162554430290122	17.55857481381217	13.83008658085736	17.490882646563435	23.007099260947133	12.8284989308846	15.338102245934463	12.550063008951293	11.49397647893822	11.079569581382026	13.216362266541378	7.99560626038755	14.13063864254868	-1.8858759721912042	25.786713609399172	8.828997345058848	18.24927583104432	3.884649103376551	2.7069672479070968	18.45051829296861	18.580281287197412	10.103841957050339	3.9776652135180828	9.27948623091319	20.25911676397307	19.830427782740266	1.7536549258911989	10.763861787623812	4.07216459859658	6.52523081143192	5.616105217808806	5.323299139808544	10.354772698624297	9.148293644758803	3.3617108512721097	8.659951429845513	0.4742403705069057	3.352483571922678	19.893807306475736	19.51113682605942	3.9413886009837915	5.5101811677774135	10.609061216893393	11.528297635748837	-7.106564457811738	2.638236319215126	3.963205390666718	18.280305644316993	1.8824539353053495	15.061874602587684	1.5262666920727108	3.940329886543023	16.80920920694056	8.086219475736854	17.89082383804542	19.991408851562067	6.148246460210802	3.2371136463415504	16.212196821406003	7.810891342891544	3.8696102777003896	6.5826099657460695	9.767164972694	12.070718631659838	1.567997937335955	2.9500998829472906	19.622787594723672	7.347477003746464	3.411187705592298	2.3378188810519345	2.618888554389709	12.669794575939418	7.870666880365977	4.323356876700073	2.211484290915215	14.274522981306832	15.078357374412652	8.993359497377083	10.835261360008872	11.207527774340099	4.141589686187779	3.35938108437043	8.248372290961171	5.758803806131964	14.475272657032367	-3.2984230517419797	0.3899864891278355	5.394719518131979	27.29188835882311	9.74656651905387	1.9610583702644822	9.030071680906032	3.150412545808321	13.168485728380773	7.235987589288526	11.503900294477283	5.642950321911988	10.691141752804727	8.602764184915827	3.6473539754035986	10.46289009746074	17.440926783603242	13.102833100567658	11.928841430542816	5.262403380352184	0.5471164133634261	21.619806326226815	10.496401544738806	32.0703696276047	4.0477567541850545	7.840326394121257	11.835918161000086	23.839771402292634	13.117781322452755	-3.3175435276071585	-2.9927236816681764	5.294287494974219	12.469232650856455	11.288814334589842	6.119148310401488	9.575256324873529
25.687296208556607	15.501179679816756	-2.810736272363146	19.549895544262316	10.544641699142035	10.331423152750927	5.243454820765239	17.166565582257363	10.725990297753063	16.908600894008515	4.978350174855653	24.096289481101838	11.122421162812355	9.073374381547222	3.463588355994325	10.76659905976255	0.8185760459496013	4.8983190217748716	19.06135462447262	4.638050831958478	6.706781712006877	4.801797236297896	8.57209493557609	8.230751383119554	3.9904859879706964	15.869393173709701	11.037775715078117	25.58770730009164	9.04170874917502	13.529797256675337	16.616352899885705	2.4428956756781637	15.076372556310668	3.7029114048297807	5.4846265595191	16.26952210743379	5.752645268613717	13.594656725656668	11.002323314864315	13.29328246884636	0.03568748261225051	5.603921357179676	16.70150969722971	1.7020351264484292	23.750991048998465	15.387524482398895	-1.344696208877206	1.9367094549757995	0.3384241278229381	21.09428687002413	3.9668605268525017	14.618297410920903	12.583745397043847	3.5015964597481437	9.950460456072632	4.714153239653763	5.282177765353881	10.962933187304607	17.944598883308686	10.560100681384961	8.128676349514944	16.90286318490937	10.85196113637112	1.0919531785586367	-3.9972188131109605	7.636440679781468	5.351573994286214	4.196969334706161	9.656507124989576	11.730384113133281	-1.527705119185684	18.557507411631715	-3.2740536709698866	3.426008760843647	12.079291274679393	20.2640731679783	11.635068027807549	-1.4836368842855157	3.1378964704254635	12.015614844606663	17.86842456791082	-2.035945634615117	9.720636753522848	7.007724655206701	13.920563214280879	21.046761197009296	5.113706120266898	5.540166405951084	15.454880530514309	8.8460461731577	14.364444958127592	16.0734430902964	3.894631694869013	-1.7026527290469013	5.713781283479924	13.581383650628647	0.5455990642338471	5.727667721196537	4.550681592158205	-4.329408676195066	18.52065121402686	20.338182720350808	0.8060908528143654	2.2741276282522214	18.447085574845165	2.079952781577902	10.727218551690038	17.51243820023685	8.6437693191132	15.265630179501688	10.955464129509656	-0.9021368022914246	12.8780069585161	6.016066452667506	6.881443504822843	11.808309540875452	8.40467219677447	20.653255497278607	5.007703654326771	6.662808407806332	-4.642457486002095	1.6865130459593476	-1.3312687603606927	6.940459250269584	7.756038177150638	12.87790245203829	22.702470338495502	-6.494971472289651	11.553957580473215	19.07854204700441	17.728454471898477	10.738193464104036	16.41991686199097	-1.4705808661495592	9.842928969314778	2.3581985398708394	3.6138949120531305	-3.369367533428632	-8.629918116858594	9.443441047228525	10.559608615949061	8.253136177070383	1.2373169458267432	16.33895188907742	13.479825411808367	6.878250978830804	5.6996336959011655	16.32016404303331	14.762275514860125	16.790153509839136	13.065133098736487	5.504493297839726	13.99918418414371	14.525552153004504	10.723294453948096	9.914199000211012	12.378856940253728	13.519758272893311	11.523256870952073	16.365087377110818	14.588294782729072	14.243450975703627	-0.9873575206127736	2.269759105611653	4.981076923481134	13.112238563513117	3.6988398465938612	20.581424834564853	5.020396507040983	13.150641487570828	2.254088661754784	11.906395739960676	19.328898448975757	-4.950316103696617	2.4116488957235944	-1.462764072741284	-1.4922607219725679	9.771879364366281	4.99644469096023	9.322164896532756	17.69708624917337	13.875565058083252	17.557643809626914	23.307983538814653	12.879898444140357	15.39181536891971	12.81144883206013	11.62177679962697	11.243166964515035	13.36435970279891	8.228766886950767	14.167058076582602	-1.7494477034306657	25.992503503193735	8.89144874620942	18.291724870845954	4.025660276335044	2.807157065940217	18.853208394575798	18.6618684602007	10.263359880679756	4.108742890677422	9.411667604954797	20.302601366980852	20.037431654904704	1.8952456602556136	10.935841642381483	4.210722242884446	6.624757093144334	5.737721763122402	5.428195109834878	10.547543183841604	9.250739159394408	3.423485481526389	9.038993924416642	0.546108636809902	3.4726049815416924	20.009510151927504	19.590025541742936	4.185534439775039	5.694570281521658	10.789254801075245	11.652761568581598	-6.899102598574393	2.812826750995613	4.0713295279684205	18.457971793988953	1.9524030609747496	15.205505182779936	1.637742914253726	3.991002620048278	16.98620060810245	8.136122628846834	18.0818968521468	20.016289716219838	6.3252557334373085	3.240836026006375	16.525337527836857	7.946835712613909	3.9708047447178187	6.621564773060703	9.83856366256653	12.114749000981979	1.6322582937475267	3.218962184748071	19.62492572097213	7.3872730184247954	3.4672484217490522	2.390569467072993	2.6819196721571754	12.897342009202525	7.917843277653825	4.675886354420996	2.385172289782217	14.403462174315601	15.185227047543766	9.008048448510499	11.072704244320652	11.262039943429357	4.36926456723238	3.4067782503111066	8.286660823222904	5.819983603334479	14.850030970437606	-3.019484759247249	0.5504916685427899	5.493525842502417	27.409664178266844	9.806482483987654	2.3820499424534107	9.20023954229693	3.2016342195818535	13.469586480178638	7.319301808231213	11.529694668052612	5.871124701826708	10.804136859880185	8.654350378921375	3.832673913671071	10.828172686271476	17.63079205314184	13.170840151851788	11.97695240466966	5.345110443906736	0.6010711864133166	21.675255951195258	10.613505924631962	32.153386977594174	4.137817969302808	8.157143358111973	12.003380852558738	23.896348055621925	13.34177929671332	-3.1510699733758787	-2.8677490306397977	5.554902075971291	12.56013232073838	11.346417335083867	6.292301812262578	9.72001556282048
25.754421811042345	15.588310047637062	-2.753001849108395	19.694595843214177	10.777676060352958	10.446304479928434	5.280209253409149	17.34187461153061	10.75083029680176	16.951651261517913	5.176257625060207	24.46565932051321	11.322671654323068	9.170093273147453	3.540947609252854	10.83480167137814	0.950666563822013	4.933386599354736	19.191481684243787	4.718836128085143	6.811042405335624	4.876440020825533	8.858963097844264	8.325863380958596	4.108159082821125	15.901465836791521	11.17875865851324	25.653466777320794	9.152417399236956	13.641487308804802	16.693413271005266	2.4544944941681237	15.22727280838916	3.7612225834081605	5.620575418385672	16.45304646890242	5.7709766135424685	13.75812056122709	11.116068789317529	13.52314865084089	0.15005705962697133	5.700951108170448	16.954207002524303	1.8916999580763347	23.800071287117543	15.658727840644762	-1.2269317911665012	2.0562512038073724	0.4002272234358759	21.279330654466115	4.098659425737712	14.767741738904379	12.605615667406969	3.656652029879387	10.044385124105071	4.7771813481531265	5.396601744523899	11.108774491895081	18.28048112027229	10.77303621479854	8.268936436205962	17.025293997053204	11.01430002086245	1.2357621426707486	-3.9133896073960015	7.742218962372465	5.480974565812079	4.231650411904182	9.750932859114727	11.791452019566735	-1.3269815442818087	18.629783696285106	-3.195562716649275	3.4959363011926206	12.240643107325447	20.563564305593474	12.042177038699757	-1.3231760043853136	3.3687138999103317	12.1311845236812	17.920092232346214	-1.8879938180958404	9.82075735208975	7.29111263940009	14.287942470091947	21.18407269743791	5.293715890083641	5.728268966656196	15.505052725146898	8.972811581093566	14.51046288299217	16.382388086829543	3.9097513208224095	-1.5819210621263333	5.725314736137265	14.061898374112522	0.6052412226658934	5.949743269567987	4.831193038660365	-4.232406545504624	18.627340470972133	20.434935542989287	0.8777983538431625	2.4588436605837125	18.67458522831292	2.1193623275949998	10.9344842428906	17.81672855094822	8.751627222279954	15.327436077509082	11.041871126402238	-0.8019264077215189	12.978534857412718	6.246792636095307	7.084064042659754	12.084690579128536	8.556900939783864	20.83180156646708	5.101559781569215	6.803811858491388	-4.375930854545289	1.7566626632307256	-1.1249913952876447	7.163748053986641	7.795492955415661	12.972657054562008	22.886686324637324	-6.446152395747203	11.625249797292094	19.40735468062238	17.854946228625558	10.86241917962815	16.613178758699913	-1.4134493701017758	9.981520311483258	2.6397815455468927	3.857771918098193	-2.9113878014759775	-8.394623490128529	9.654577840496051	10.779771216020185	8.542743246445031	1.3222973837474994	16.462029519116005	13.595847807359863	6.936669692131562	5.905825431168379	16.520239922160805	14.867858434907061	16.936207427430922	13.267646282216022	5.5247398687297125	14.19964930918011	14.596086665364286	10.74767971085455	10.040663546491905	12.637935305034953	13.661660989281279	11.690511431789533	16.57751333918808	14.690030081412672	14.355962969013099	-0.9721374678814294	2.304605278850058	5.305348493881167	13.35199230192318	3.8337102679571844	20.726921794315974	5.196573338644509	13.18928291560636	2.323410951644901	11.974548612866295	19.50563877902581	-4.802070237546039	2.6578276985273064	-1.4244275348759454	-1.264107274881482	9.880560486499467	5.023875158354322	9.395637173246355	17.826545774712496	14.027100706741143	17.811193327660025	23.3604478151736	13.009809390650679	15.56178503521808	12.978398590042357	11.722767078969317	11.339680326102693	13.46765283743061	8.4012877561619	14.29143316267064	-0.9063139896844814	26.03463222536754	8.996669957432376	18.41583494337781	4.071655338566719	2.942083748547376	19.20195667554306	18.712745121702405	10.307704325542694	4.190975304143892	9.548392068765601	20.501892598376696	20.13426174685063	1.934595149472212	10.95582046557851	4.247831627468307	6.739960674523461	5.9483235578494655	5.512048554414939	10.671909604012697	9.448838727180716	3.5977550214942604	9.070694348006871	0.6025449284123688	3.549219807410811	20.17160512871039	19.614396640039566	4.219367923493343	5.741214866439199	10.828032298800302	11.933426775378578	-6.794001654008346	2.8873552224143992	4.118032289700771	18.646838559202347	2.0932743935905123	15.299648691167292	1.9231439322349844	4.030417795171466	17.311534036489075	8.301861844726432	18.399576429799847	20.043753113003575	6.365327476834927	3.659894496204039	16.719103228914438	8.06139604013458	4.025100734690605	6.683722207827618	10.069814972870006	12.169920656276194	1.7229346954743001	3.425053376773148	19.985641041206122	7.5841473655544425	3.639862917680308	2.51186448821398	2.7424540637492	12.921107192377065	8.193668632253859	4.810620040410285	2.4246592193689733	14.517457887289797	15.317556676999054	9.283063681801384	11.162950865225325	11.300754784611456	4.407391040097247	3.528773932366098	8.439184753990018	5.925463588965802	15.01923361011581	-2.9316938694392585	0.711070715343019	5.585450794187238	27.43904493912163	9.863753315684024	2.7081724102316884	9.312073671659146	3.3738943585726924	13.894938400669137	7.368485545931461	11.685252776451565	6.1053967126301165	10.947606124295186	8.778037145366437	3.8401037364255446	10.922649272297582	17.879957682886136	13.294130312358098	12.068430919007971	5.382598198981612	0.7567285783542927	21.786705641512565	10.687030963634951	32.349839397364214	4.2627562824360155	8.295873179463863	12.163049538477642	23.93931826242667	13.357336942692411	-3.0582799546665393	-2.779893029507193	5.623973280765387	12.643421465773118	11.387783121893161	6.467971417875324	10.013393683704146
25.864685620558664	15.88053442047911	-2.7289785123592534	19.814000377882333	11.15717626022672	10.513828753673922	5.643982814768981	17.51024951994095	10.927885881947347	17.12924351832775	5.284981090100391	24.55415576102682	11.420515560227729	9.186904625592481	3.655800560964754	10.90539320261289	1.0570697930458228	5.166054072377752	19.24580316634277	4.794973766237629	6.938686464726435	5.010977069356419	9.125967396560322	8.389331689112502	4.212276279810899	15.965580379844212	11.381331426443827	25.886009253588966	9.429731895287597	13.71012783683421	16.73574247687884	2.7957730420364846	15.423838463432435	3.8997034206375565	5.66563082212606	16.53817009704172	5.941535840180872	14.025547231954294	11.395468896358809	13.58460991541155	0.32359653223772605	5.7101789382769015	17.054337820718793	1.9987267448567572	23.849647116415934	15.742087429431468	-1.1159256593382278	2.425695420705022	0.5903520248473832	21.36239836450292	4.226326136403892	14.926535916221257	12.648589316250929	3.770706223930487	10.163407264737875	4.9436025205730445	5.559854234232663	11.135198254129456	18.47728657142396	10.81229459238059	8.34658122801197	17.056804542738135	11.066981143312704	1.3072217981012537	-3.701109927879794	7.774799281579347	5.497442167761772	4.337885226372676	9.879174583475846	11.916147909527401	-1.228641382557914	18.651466644757434	-3.0719413210406694	3.7400034420904253	12.320285281105962	20.767504817107483	12.106969330373161	-1.1731502675779357	3.648569182550056	12.436232261201829	17.926043215723517	-1.8123082504685561	9.988775597982228	7.314163513418994	14.310290878725292	21.29685740263182	5.4406898141131945	5.8670140689421295	15.887574733726117	9.083902979656951	14.5486565111292	16.442290645023284	4.214205289620555	-1.5159014988199826	5.823539781190723	14.148279354010732	0.713025089779377	6.146148205119787	4.898244048057978	-4.131553449780531	18.8393446499506	20.607430391491665	1.0030787806872612	2.5576972100344038	18.804356526842277	2.2941068943853593	10.988866015705616	17.888144409746666	8.82675976125091	15.810277221684407	11.075580522935683	-0.6368748927028022	13.202262820416154	6.35552206995167	7.130420896721295	12.171832700606663	8.779960206392447	21.24143810771905	5.29760455224999	7.184733562903577	-4.245464381931581	2.0593173957367883	-1.022181444343386	7.3072647390066	7.840359776481812	13.273665508778905	22.968679617095194	-6.363221217208683	11.780309687530274	19.476199688570247	17.89813312925933	11.000702862545646	16.725208460813825	-1.2076928168215186	10.012270130210041	2.718919129831324	3.923234531936024	-2.8488968710319416	-8.273151253310282	9.763840358039275	11.080558276221705	8.600881385667634	1.395063313544491	16.702024834031185	13.8067230126775	7.126410922588576	5.945260582451085	16.6126930056951	15.113856506326002	17.019993250501916	13.349816575885047	5.702940602412403	14.208103870124319	14.634527473984827	10.923713831249867	10.14910145883258	12.664643485730565	13.72775618974423	11.75519050196776	16.598626568727884	14.926474134704284	14.669454275185373	-0.8806842621597719	2.3692937886875174	5.377776717271533	13.458927569131484	3.906893786492289	20.893574193986804	5.386715132194597	13.249791889183916	2.371269873712727	12.004231697338929	19.703251841792817	-4.736386369883604	2.683306308122083	-1.2955551845022486	-1.2383046892504996	9.961602252607427	5.106600532512672	9.426559494498974	17.905366292284477	14.083818638140144	18.017324229054765	23.503638814606546	13.235433561037313	15.637544041809852	13.036742978254345	11.8810011114509	11.449151634532484	13.560384416159533	8.485056591843827	14.61444514639492	-0.8373205413150789	26.207563079237087	9.062259894187772	18.51104426863127	4.174131509901668	3.033971024833499	19.303448178984596	19.002358191229057	10.460782113183075	4.327389607666132	9.639994875565808	20.691826965241606	20.177439349040093	2.0607592492765665	11.048284908672313	4.353540501777603	6.974663327082649	6.202452317325337	5.639932022396751	10.718320130606953	9.590253977698987	3.866506638831414	9.32094026038109	0.71622024593426	3.7996170005846133	20.1758485955679	19.80495570742701	4.335982815144174	5.967631939283777	10.881163900395736	11.992483996985376	-6.75929538849516	2.9683544676931564	4.421472146884386	19.203548066636724	2.3726577807254867	15.346830492340343	2.068394840269111	4.241347444649215	17.399820877896822	8.339431362812912	18.508617207059224	20.254687617546193	6.570603213365493	3.761428962326697	16.774810046631714	8.197491631713385	4.149580807966342	6.844730183682641	10.261353490603417	12.261909897486147	2.0226462185127496	3.5485860450529216	20.487609833303324	7.760520614218169	3.8337603797117326	2.5565496885397825	2.799993580430977	13.051327117618866	8.242824982189562	4.969527449522446	2.499149784526564	14.632292450329741	15.45068921176772	9.453373012381066	11.279544239027542	11.443012410491349	4.542142321212279	3.7967426690666044	8.620803621905662	5.990404321550302	15.32701034715226	-2.8299794069856827	0.9025663377334048	5.665499433655564	27.492188138103145	10.017027079594172	2.755316861764286	9.404475748865694	3.4385992402464396	13.98931454860534	7.5427644209722216	11.747844630271748	6.394368525188147	11.014741495618784	9.278617596509681	3.980011823329006	11.021725798345768	17.982675372833388	13.342152013815088	12.220039501238777	5.516123023617924	0.8986497618962215	21.860033089010027	10.790116179142471	32.41474108926859	4.479043004766769	8.322248355329279	12.358549742676113	24.071325121631418	13.420411498045123	-3.019048507382089	-2.750565225091868	5.74602977464619	12.789415308811037	11.653704298667144	6.58402855729932	10.09107915769059
25.94428162584425	16.095265739683946	-2.661244592646545	19.925683250217862	11.20695855376529	10.550039399324591	5.7985948146130175	17.625700755358068	11.14986288644484	17.34797274132904	5.389125935953607	24.652137217219355	11.488530570700608	9.463489294160286	3.6934808184435695	11.014750187528673	1.1632872787429722	5.3153281184072885	19.385605260729058	5.085527836700225	7.027321889526864	5.117513660945283	9.25645952346224	8.439525696021528	4.274617588350902	16.172798755934252	11.434172017369946	25.95389663386777	9.565748684327566	13.721591757691279	16.765547685092017	2.952728990159219	15.77124109740101	3.957313622999918	5.746485784388133	16.80272748850092	6.060059563004982	14.233999365680203	11.426345980952178	13.594325529351416	0.5203809283589717	6.161822110838099	17.06831709854701	2.1960341669676366	23.99763778848959	15.948858675147244	-0.8912416539378252	2.5077416914922885	0.7029291685404411	21.39381630167054	4.283633905789788	15.035303883759159	12.828794763034312	3.968077746118805	10.384186942088599	5.009148474951783	5.68295309280093	11.44281991600931	18.591549707416704	10.918940395515298	8.592843718377674	17.338417805886138	11.196565736389172	1.4292331685144282	-3.654815882608567	7.886540046045762	5.55001653653799	4.44733387071446	10.073948047978876	12.430711501286856	-1.1875850820588283	18.71670095565396	-2.876301693157975	3.8530573528741394	12.391130555713861	20.818415278125002	12.261126361950444	-1.0157953222624807	3.7122741270407777	12.540893275832905	18.032760966633248	-1.691960028823019	10.089613211265936	7.520657595672365	14.368021590894632	21.425394368431064	5.705571776223283	6.067437085373811	16.090942710704052	9.14428365952844	14.593893451753464	16.49082023920484	4.3129637061888175	-1.4552359244446496	6.099815368807304	14.30806903228561	0.7329381024373212	6.282719722470079	4.925347085107437	-4.046217476841577	18.907989963957682	20.86207815165562	1.2749723416111851	2.571385987426372	18.87985083015313	2.3498471702679624	11.104190057940153	17.959961991158206	9.042477882181378	16.003482104523012	11.382069709887494	-0.4137401853659557	13.31760404213971	6.523630458655822	7.32891951007251	12.403995772721522	8.987813028340618	21.38890407253814	5.36087369134208	7.378239724524912	-4.164093112466894	2.1539805468721718	-1.0038262228382513	7.490645440183247	7.97855046550294	13.346177772203196	23.076423219140917	-6.250571984068014	11.932939016961038	19.67112069947365	17.962483721811807	11.012703246901902	16.887583627967274	-1.1331795467977268	10.089024183789329	2.803891986344464	3.95905316488824	-2.76498680005938	-8.196280992801382	9.97734576214375	11.212060293670758	8.613682661849074	1.5982413491226404	16.87370487172282	13.90849838078184	7.334777558536059	6.1200215139126	16.681870303822627	15.300444001207387	17.135350242917344	13.560053270530863	5.798937019189466	14.382041259181	14.780381010559068	10.940704609843175	10.220650758972026	12.782972253107976	13.827571450387513	11.884577146095754	16.629910752661452	15.054266070399478	14.795191642058453	-0.7777629366149572	2.4617752035932012	5.548257920675795	13.57519216637311	3.9427744183268496	20.958708590913925	5.612009241447311	13.690069312863166	2.5415982035564584	12.188558566473143	19.744444670784343	-4.694800355834945	2.95221882038804	-1.2201206174560095	-1.194671437190323	10.302545189259414	5.219555173519181	9.512547991088022	18.065804182853288	14.13530284986305	18.149130174339874	23.64167826927125	13.417875770933556	15.708212538345913	13.116839242968133	12.018882023564462	11.561843983942463	13.599547323079406	8.61973783719701	14.696416970847881	-0.6235207842277491	26.32546248818541	9.091068729330065	18.8946893410512	4.234471754000068	3.2677160923734925	19.54063111805501	19.041580552172285	10.70391201017209	4.33437902243055	9.746438813776967	20.827032609415944	20.263478100122747	2.1495917050650064	11.220532010255011	4.451875108063998	7.105432390604762	6.376471702998759	5.787438188779773	11.16225858073716	9.726142011346438	4.016325733291533	9.369289497551122	0.7632308154385544	3.9647944413959713	20.302360311725035	19.941183097295248	4.44577256554569	6.038331895011641	11.029586523743799	12.116939690910733	-6.477777094106125	3.1277668210557144	4.667940543351413	19.430598386191257	2.561106329319686	15.564364047298541	2.2295903459127544	4.484675989174742	17.720799612899217	8.36497673382006	18.528550263714404	20.28702410690436	6.609514796416933	3.8859169260955273	16.853711577497695	8.31762800970354	4.195264362887117	7.212814222477701	10.341791818308106	12.36761166818343	2.0952576606490667	3.696761449224616	20.645308624565413	7.878699402273504	4.016045825109453	2.646840705274048	3.095669319483225	13.316839537587471	8.292679777996335	5.280277631007303	2.537250834502071	14.668539091599706	15.62475546927469	9.611822818856798	11.324405066167559	11.547590372824015	4.786970760294893	3.982621569613287	8.848508198544273	6.175055040260771	15.363738925530058	-2.6157232211822423	1.1091987774775787	5.850729186890335	27.592596619091836	10.232448734283029	2.93945376251109	9.422506028860633	3.52125971828105	14.48587455906444	7.741537361509586	11.781594779013428	6.430979450459031	11.136110868958985	9.541910557030775	3.9967113035150232	11.078493028915394	18.21685919190006	13.398019889880628	12.374998338444154	5.7247839523384885	1.0831957658275644	22.040220461948095	10.820874916860527	32.64768661119755	4.653718487308893	8.366147139997658	12.562375332366353	24.333985958051652	13.533940565693552	-2.8548881468535803	-2.705340622503327	5.900785192099439	12.881434361924764	11.809036717741204	6.808749580704033	10.094044352374853
26.178169767432117	16.17559787699036	-2.5724692711281714	19.939640568737058	11.287530158015146	10.657982137571311	5.87935464563542	17.683425762719377	11.204572683581981	17.393549992340283	5.485803024101681	24.835700735361918	11.812542764207645	9.535002582821853	3.8077057272523165	11.133444338679022	1.2444371089043573	5.4598913880936	19.46985347681311	5.175741550553168	7.283915427434136	5.1569416927996405	9.416085945183083	8.641331696036895	4.393728250940573	16.2349776606306	11.705127642239214	26.15611663771204	9.593374765017936	14.116545729330454	16.9233701878918	3.020942265504798	15.963529747537464	4.373370111399151	5.867651613186983	17.001693873277617	6.171678440451774	14.297954731871874	11.501482610034463	13.680998898103963	0.6137434232861997	6.228573464112862	17.143781454205335	2.338345959557068	24.136848861575228	15.992357333454807	-0.8763707229577765	2.6001762379004165	0.7527035663071544	21.483436533348303	4.337289689937623	15.045065783220494	12.856598825130439	4.074265169471346	10.558065448012714	5.193365748898409	5.75792797375778	11.469706180651801	18.648180445080875	11.226901647523475	8.776973493035072	17.370389160107646	11.489606724452745	1.5984061687427098	-3.4677923477147994	7.959427108147343	5.766300501008829	4.580695433333866	10.101315660437317	12.56409893911699	-0.9210115048590343	18.84477648830509	-2.451304110313847	3.9026136592543312	12.613889823429618	20.933535165901862	12.3516016005018	-0.8636058595523757	3.771143940922616	12.735297344586275	18.320666559411986	-1.6691043225988098	10.165584212128046	7.70636398393234	14.51807899768097	21.521740447992038	5.783946051676633	6.093763496742917	16.31252476586914	9.225009281597059	14.703727044459603	16.569479403106516	4.478160544201825	-1.296410847702971	6.124771792047803	14.385281236974247	0.7979200961577122	6.548800016670617	5.434378516315451	-3.9807555417621057	19.15313811928911	21.01787724191172	1.3932745697380886	2.7086785106810667	18.978648544102892	2.4727453058582127	11.179378235492857	18.0350965508218	9.142033338596674	16.09139541439252	11.458369852495103	-0.38317878194715327	13.418506212303955	6.69023886067624	7.481574710050047	12.617151967192685	9.577958480718275	21.428465295441228	5.421124294886411	7.4160580083492995	-4.116094546672573	2.6515071317163477	-0.8835863974110625	7.669759742108708	8.04312996958741	13.418548268434687	23.123488942237447	-6.145037375817643	12.047773581571958	19.745102585502913	18.02908426184438	11.392386662812477	17.158201393956222	-1.0521727225304585	10.290796408071605	2.9779724628492814	3.9883049278098923	-2.7234893636998114	-8.030090748277576	10.04780291182819	11.311147165648759	8.806628068557943	1.659957308372755	17.021484708521832	14.576829625949967	7.521750172309863	6.453281281071515	16.71199453745609	15.33640191761932	17.21714858772394	13.677082097167167	6.10804751563387	14.565159526221644	14.892751786525714	11.097917361319444	10.447235285569217	12.902775723368775	13.944510288618691	12.103769931462484	16.88043287088956	15.185322272598833	15.059616536789898	-0.7055663866298431	2.548325807937557	5.582620545794059	13.708155166755178	4.473327237498088	20.972929456522188	5.737502172395253	13.759297651479502	2.601369952242752	12.215664729703688	19.800956474180367	-4.594897623613604	3.0143709635493696	-1.1835846427520924	-0.7947769055106741	10.470256135660081	5.424298394016277	9.565215307006742	18.24576015598111	14.439186495178388	18.28127846080163	23.76001581703141	13.432577595772337	15.943628107690982	13.159657573926621	12.131441674692766	11.598687486944595	13.871230003779965	8.741685524470956	14.827507048942671	-0.5555508566846863	26.438062387834265	9.280317849251537	19.038878943459093	4.294543147850087	3.319811146338789	19.623053428858586	19.327171408791116	10.716278048868663	4.521923793771557	10.142047952588573	20.840869483219862	20.420246176864456	2.190241749111145	11.527716082968615	4.662524223523606	7.143028549617368	6.52861932338671	5.886971547165399	11.260585713962262	9.924931075297215	4.292927248752525	9.652054257563476	0.8737903239199035	4.079920443677679	20.41259456678868	20.014199276548787	4.58359337197885	6.134107509807175	11.06108668999133	12.128362617804108	-6.3909451165948035	3.3070000981241585	4.78068701294367	19.49945227638534	2.8428621213559806	15.603629795000828	2.430228577245853	4.529561373852962	17.81921344654735	8.738793165091211	18.719809178712985	20.390355398952668	6.915434793837229	4.197297200649251	17.122037877614854	8.52784563538538	4.271810084573608	7.272102188305353	10.501965689773126	12.458358200102193	2.2516960662818484	3.7081753077071844	20.892546827415437	8.054823264851048	4.118873521602722	2.8973977540859965	3.1459796299403853	13.426475699176951	8.441415304552505	5.601904195544773	2.5807845821471638	14.924400264299045	15.688239833992819	9.644049150966524	11.452246563127455	11.63670929065488	4.9025157225003015	4.389554143048265	9.019746409003409	6.236622895113256	15.44308971948345	-2.5827374075740495	1.2642743926419968	5.9999146627639	27.689143437460636	10.313080837988617	2.953105922853458	9.592032110888363	3.652022812628709	14.501181924778221	8.116333779222769	11.95305827357268	6.7127868644652215	11.240159297219606	9.588845384779315	4.102603280933166	11.204056366054635	18.258816705577303	13.691611738538564	12.46554642417143	5.8006098274165145	1.1684376544671258	22.19545304771476	10.893334458138646	32.73833575946722	4.721324261415397	8.559911908631717	12.614789015307252	24.42072289551044	13.701426510934525	-2.780076423387305	-2.5372204111171106	5.949776237948623	12.99251732187117	11.881268179663971	6.858353307952888	10.286254629647962
26.263718125389435	16.24583542357504	-2.16396967247607	20.09920284233769	11.356734486935991	10.939816181320634	6.060052326707604	18.055216150452924	11.278627319567578	17.636599532509216	5.648405590328778	24.886568472739626	11.956673500317569	9.57100064146109	3.9513906728233263	11.16652437120312	1.4327964408542657	5.594181956169211	19.606328061558855	5.1974262384354315	7.405568146861933	5.1860984388378055	9.516030008726108	8.943588020665821	4.544115886617846	16.472516715239056	11.807279565487695	26.197910092392885	9.619727375409322	14.21061268868937	17.066380318155886	3.135142673797798	16.060078658738878	4.549236504270559	5.943200017060977	17.470937927108345	6.385126862953584	14.514581162457127	11.630512001071132	14.042444259886397	0.7060155555270239	6.250323631494599	17.338015685319917	2.4382487408818725	24.29040984948594	16.14628907671327	-0.7909576549816827	2.945396152857684	0.7902020255947022	21.686322813293472	4.458915676651964	15.135927631761287	12.931987513940483	4.2501387269735424	10.604862849918412	5.474819398235289	5.847359744551955	11.53078099065205	18.88613081859007	11.428291909193195	9.007029580544172	17.409719358270696	11.578967828353948	1.7291675610959358	-3.4237058782473353	8.054506538537757	5.889223301020948	4.658930152460881	10.142033366176916	12.57602206581387	-0.8747797504032637	19.048472895749203	-2.1166833420233173	4.0890316406894724	12.724611974144839	21.00524263219396	12.399365574982443	-0.6490166743486265	3.796230931692586	12.832467718044295	18.454413178243243	-1.3487433864690548	10.316421079871546	7.729501513654955	14.607383931036907	21.681111263711	6.056424870182843	6.356234279409739	16.359230862460613	9.42520021093036	14.88102091838172	16.861036344178366	4.858998729872751	-1.0683092539704142	6.151152028894106	14.548480066976115	1.070279727014811	6.767862132081692	5.560029764893692	-3.8744292220461083	19.34216288498907	21.12911640254195	1.4940809864273628	2.8597541025945383	19.170550064362303	2.56059030538836	11.351062493698125	18.24509160537676	9.331346022033637	16.335550285093802	11.811208342380212	-0.2648734902873994	13.448169385680984	6.8573426562397515	7.744953814026421	12.698763599002058	9.618157371119342	21.54725684036295	5.679976510421435	7.467074466662322	-4.009098944282227	2.739321801157969	-0.739520264531911	7.706341837894238	8.183726022477904	13.540469651302585	23.243052350544218	-6.115189473775278	12.081124680696286	19.867836603168097	18.4674301255842	11.740367886690365	17.411897906310053	-0.9835360925205819	10.512238295210176	3.098930804941355	4.020454433326886	-2.5969434334116035	-7.967784198904081	10.12271611381129	11.414032406688309	8.864198303861324	1.899465334112937	17.06542859938393	14.90090044285618	7.5622773376789105	6.681807292737431	16.977659489066586	15.569954675290267	17.285887666787474	13.696840984225	6.243244813335138	14.740054818592803	15.027275584056312	11.132900972392468	10.557465878524352	13.01276938797197	14.18447581964164	12.201281915413224	16.93967309428107	15.41269384569038	15.209175012116447	-0.663066576514979	2.6184417932131283	5.778748571502671	13.866880497585635	4.574690454514354	21.073886145429032	5.814783069873958	13.938442495067019	2.64439074135429	12.293853721540657	19.86826775386248	-4.346341016492569	3.5067598748615243	-1.070142473797853	-0.7178983354710129	10.52608174589946	5.468755970715463	9.761221919194854	18.52386455247713	14.608045847122753	18.333315971195407	23.866940966851047	13.566699604157813	15.978819265011555	13.194122090464129	12.219683829344243	11.735276959847422	14.090960549671767	8.87023053984112	15.106173338067475	-0.48085456420916084	26.481336907783223	9.367107678413436	19.152187882478266	4.349941762313334	3.5533283728397973	19.740107946264803	19.458574223741838	10.872303445395268	4.6494303178814	10.185097336892849	21.027970724400046	20.514584575584333	2.3139095047262215	11.83698916941921	5.045687289546598	7.170468180537424	6.839399242170249	5.9462270646185695	11.292092359357788	10.118409605223768	4.366548265762251	9.93810081740145	1.1285705720928398	4.225910263860391	20.562123924792953	20.33935683656851	4.698831573665656	6.261723866399243	11.35388768492368	12.235607913766682	-6.256822416594505	3.3991365851273243	4.84824965992343	19.50494128471511	2.9833349105370393	15.83474819865675	2.519298334123366	4.647771934410907	17.905068389401077	8.775094664298502	18.977179612315698	20.535257512255086	6.996772049102319	4.311077027009454	17.157900799012513	8.632469157744827	4.333117381677341	7.355055603403931	10.66681617319231	13.072643084980292	2.4194080657288297	3.8440060284890327	20.97098555976774	8.18077349745112	4.213114594109304	3.085953393974724	3.490933314072151	13.435511572007828	9.08546257731395	5.7304328473751065	2.7234231017623016	15.096200202480187	15.86172294176796	9.89461478729554	11.544206676925711	11.902454860367524	5.10969301121771	4.49558445581801	9.034293044707514	6.283433159378971	15.766054007342833	-2.3187471435961116	1.3901966125993042	6.07470932346147	27.801697293818485	10.592619692706778	3.035712274620745	9.637435628496513	3.729061138558072	14.745915179583026	8.234092137653784	12.058823482982584	6.816364093273343	11.365081606363754	9.82170932782326	4.264043519111914	11.393600746036169	18.35075793301706	13.758809365403524	12.650351047340992	6.035515553388912	1.2634316504278662	22.31344905692467	10.918905929070428	32.79187313163462	4.75169264422484	8.753367405288996	12.735730579703803	24.603720284660668	13.98134182444458	-2.5852351884372657	-2.353519911604029	6.253175949500368	13.054687444633437	12.00683916056063	6.94570139402746	10.449071657506382
26.431219536193993	16.326248772776342	-2.0479555718624196	20.321614182617783	11.647421362247048	11.00399848103782	6.5586120614491055	18.221194562485415	11.64355034045243	17.684784231468726	5.888644724191702	25.1249167085038	12.047727072562175	9.806730090236867	4.151169288467691	11.463761407747109	1.6790247368004567	5.85351862021486	19.744774782573337	5.230931462094966	7.56076349360598	5.213443508540362	9.53564653676847	9.192067924982112	4.703100824221639	16.50435761405988	11.854374309446351	26.25955766007164	9.64086829469179	14.264152769201067	17.208413850265295	3.161244716442939	16.151632588298163	4.630628127815978	6.131651980551023	17.510718060726806	6.405581446504101	14.582722976511242	11.700498199928074	14.126405214718037	0.768027860808376	6.29592212014971	17.39733208560161	2.494416738929693	24.365049867227942	16.247718576061008	-0.7111860932449963	3.003603118492737	0.8779994449385713	21.732165541866426	4.496564736292818	15.365998432425892	12.981691837587933	4.342187241764967	10.781758193834886	5.648660340350674	5.899976617876316	11.588374984518984	19.04146247031504	11.68722004516264	9.078789622988138	17.509259333138175	11.58717295264632	1.916129796233949	-3.3634756392579592	8.126390578148571	6.030603690893379	4.788063792754627	10.555993496557518	12.813411601775984	-0.7931818128126493	19.12727191949093	-2.0921822867982156	4.20105061758703	12.927814682494002	21.083697027531855	12.418753105531046	-0.3969988994800557	3.824744213399367	12.975907392516218	18.7607116425183	-1.2155022797753576	10.395525720927704	7.772690021875526	14.760477588476611	21.828633080547327	6.1495522359359525	6.394194135376471	16.825711840442256	9.496130379798501	15.002241138476588	17.03297601571693	4.94271117637645	-1.0079842800877352	6.282386484692661	14.625114919875482	1.2673982194978166	6.841088259232193	5.811432202098966	-3.5716220752424475	19.44836000696977	21.401270639791225	1.5604094516299445	3.05275511642519	19.289391130349365	2.651441415636402	11.473029874404327	18.336915696117384	9.401906537673797	16.369309786597086	12.127892407621967	-0.203317528536322	13.556498318985492	6.994598401173593	7.876275250722488	12.737139754488123	9.653898625613285	21.84752915553322	5.769657431707739	7.711105218817957	-3.9422598461400953	2.795178669339967	-0.6339921659070734	7.835350505440222	8.401382859907953	13.667166138196155	23.59377810360333	-5.915105401227251	12.184748153846428	19.984427027818423	18.554651049003223	11.797458178123893	17.58299872176973	-0.9136468703312626	10.87772210139731	3.218871578935814	4.240609542602753	-2.4364910632075802	-7.834620814239624	10.242708810908189	11.566315342284515	9.032000770147526	2.0629573123827463	17.421083709063755	15.015407045713262	7.744641851836253	6.744639774354684	17.127079347662185	15.636953080667636	17.375531531936105	13.75955520929004	6.323792485955173	14.889562862975893	15.173910262997918	11.30632457129076	10.645193544308054	13.269908144890165	14.246644998479413	12.295611122554693	17.003074957715263	15.510278639331467	15.265613198294396	-0.522893795438696	2.8719585694359546	5.896231227364263	13.966013385245436	4.6858066217591725	21.298879175632035	5.890886034008975	14.09101377157329	2.857681894843776	12.386850973357772	19.89241371266234	-4.313789059028994	3.6660528260940444	-0.9755144358706679	-0.5359729305405998	10.723953556054521	5.600720709431705	9.828331241006973	18.595660953767325	14.870712460046901	18.366504134572594	23.9425507122716	13.634636193698201	16.147972388243517	13.32638471576309	12.233392753354101	11.823775070912934	14.34025792942282	8.94165578175448	15.280066716433558	-0.4366100267922306	26.605063066755818	9.745649526142657	19.583200854722413	4.515038663427059	3.6827998517494063	19.881566162496014	19.65682131599435	10.978049682927624	4.840757957751427	10.224839535168904	21.15514830010212	20.574967399960276	2.469930561702361	12.054247454254753	5.253811045891014	7.3040636505256264	6.859335480322799	5.979994248835969	11.614110511910555	10.662262251717925	4.579532738337688	10.121878648317418	1.2324359099165068	4.26441104731291	20.595703544711448	20.626579430699703	4.74968796167286	6.373881124188051	11.760306177792149	12.382438669393878	-6.014056476894937	3.5691065656141987	4.979401014097284	19.6346538685988	3.0018769206382108	16.042554098337003	2.6961839190266326	4.679540035816678	18.083112590913803	8.991661023337068	19.124885556980693	20.669030129566845	7.2669289039359946	4.375756175655523	17.29760236426375	9.061505587115214	4.43990097134345	7.408254414241254	10.892406900375969	13.24791645055924	2.785777214253746	3.8800362539469018	21.388673736126716	8.317157153851376	4.338458269461206	3.2373133053669063	3.5417158988593043	13.572325377405413	9.100005866314556	5.840886827797077	2.7893766259515917	15.274494850043281	15.91239287361608	10.00071429135631	11.62378244179358	12.014595722533322	5.282069938238975	4.557210272671643	9.120858780221731	6.517273039457169	15.810231332201328	-2.2245535294749854	1.4316199175038764	6.110523405845454	27.93781885475416	10.646623139728495	3.150263844359094	9.736219030707696	3.7651908809142403	14.934202323498416	8.277088016479965	12.196459299109629	6.938176622868458	11.712027058309301	10.045624453755863	4.386886199968267	11.492815523461212	18.451992072976598	13.871590297947868	12.742736144514783	6.12511820443803	1.355617480368859	22.51107395759807	11.024407823693078	32.940479877149166	4.990943887866197	8.957645426304394	12.881080965571993	24.707539872173378	14.120067654473909	-2.560936306635355	-2.1535013808509347	6.361586187442549	13.168606079284793	12.087661123787598	7.028307518888178	10.7004307045807
26.599317133239904	16.428965632827072	-1.8602179937340166	20.39517085183127	11.781141866708175	11.142415012439146	6.615073182615438	18.24913533107375	11.83121747682722	17.911056453431893	6.042467062974967	25.28206227711934	12.145107497620216	10.03549122760547	4.277943249317543	11.586449991489616	1.7971591428630271	5.872098462115072	19.776918137286067	5.687047963823452	7.7569140750301315	5.4769959915830135	9.739025171907171	9.264614017819179	4.7974551620497214	16.63206127370918	12.023482323171285	26.368744852340896	9.75910810529665	14.373383633250812	17.72290931652258	3.2207820489684336	16.18391513936568	4.830984099565542	6.318328013189745	17.635015235951194	6.5986094286435195	14.724598154994336	11.864009150113187	14.379146897035358	0.8103529674262305	6.44340013083552	17.501282263966996	2.6524270224955973	24.386862985074714	16.401774366462185	-0.5759196718548941	3.0663363724137294	1.141288908234553	21.809531883409555	4.802177698015654	15.407315200108727	13.085964778503682	4.401066408332954	10.789989918819144	6.021039264279618	5.921784467298752	11.718325879352506	19.091830437945678	11.827494730532226	9.18209142961288	17.57470683546822	11.961961310133573	1.9420623523683382	-3.2634565568356244	8.18282363017388	6.300722534026092	4.894487388921681	10.597131772348375	12.92587068350359	-0.7183325908985754	19.190451363845607	-2.005137211201917	4.348980363579514	12.984512862186717	21.162008843262072	12.997232460863092	-0.374222453104871	3.91982635326718	13.131942835606312	18.901856088725633	-1.1194925761136905	10.664531588694777	7.946065180283835	14.804447850713986	21.899270388503396	6.323696416763905	6.581546262627684	17.113547468235126	9.650685652451951	15.098045973421568	17.216733108808768	5.132889233760183	-0.9415817473213025	6.364045759537567	14.68687140856909	1.59885103131059	6.9035080322910325	5.8865100947206255	-3.4546337185332803	19.540166910662027	21.419035404930714	1.6576665215991218	3.181011074931712	19.299393702291454	2.887315205717906	11.640486127513519	18.497831679095135	9.812968227429959	16.515568973887127	12.342773728784255	-0.16634851526058797	13.630475481004902	7.006675110771175	8.052378905897612	12.927259473474129	9.730764938545859	22.195960521100996	5.947857463977918	7.757966350312219	-3.8065914928975233	2.9956256158745402	-0.6121292356922713	8.354005790245607	8.433170104032625	13.932673372397966	23.67894229257346	-5.751137163743656	12.485795868718364	20.157493950736455	18.757369436363632	12.056495046892152	17.70090951841181	-0.7900452497423456	11.293398463897956	3.2553002133953948	4.500767084659603	-2.1945366249091776	-7.696547287837551	10.29545770693541	11.633710356909194	9.0855615809519	2.097210106707858	17.572354608422508	15.152548099219835	7.782413432490526	6.819908134963829	17.246459523704953	15.818545010123026	17.529913061209147	13.900947536241453	6.629872230302687	14.93116957177402	15.234818525323421	11.352167155235067	10.839494580894119	13.697801469330127	14.27462139557798	12.449869221635275	17.185904607536717	15.59186452550815	15.448164257297993	-0.3455475379839205	2.950693580919454	6.028240187326812	14.048955204348653	4.752913179539782	21.411607373165065	6.043640477157981	14.39349440552478	3.1270114244450653	12.549796939955637	20.18566522259206	-4.258952793726022	3.709309736209262	-0.6264664695783713	-0.0854968222667314	10.80350367303963	5.750998017943487	9.904087492990282	18.680270207679744	15.006290406843622	18.604143616986608	24.03107359163158	13.720082396154734	16.500680672136554	13.518639956426272	12.442494356902758	11.972054305926877	14.378436293862903	9.128999566182815	15.331039949391672	-0.42395065753431715	26.713947520180415	9.807244056147802	19.959328159442975	4.612773099933253	3.790207577733451	19.910358470648863	19.750503239844907	11.166865561658382	4.852995173242789	10.348261174342328	21.24745094614341	20.719163148773085	2.538300251786623	12.139161496228175	5.361525827507135	7.7560895328793835	6.967237473312168	6.1603157668747865	11.72525073109965	10.849872787374453	4.632178122111684	10.279550521224433	1.2985000787734104	4.361755205339097	20.664304229430147	20.746394048708048	4.816917889137834	6.405636337329612	11.78200968947801	12.511577293614582	-5.8945774922552	3.6647098340410382	5.170215106246613	19.86916380452566	3.2002288684888147	16.175101795504403	2.8328810739349506	4.9209747772588734	18.562282975062846	9.055742996945634	19.28999458192061	20.791245318073788	7.568337600054108	4.57219683437209	17.55001557839842	9.151767042848212	4.621157247780507	7.6066443850886145	11.009270031001643	13.370899609168342	2.956008886794976	4.20226881615035	21.666312411085812	8.454235610545819	4.579600157136226	3.3453598117634322	3.611695262947107	13.810524265374989	9.38146558257789	6.182741717281937	2.915440705179251	15.500821901765399	16.097353560411722	10.120702578632885	11.760378887747715	12.135651319797434	5.478050133305117	4.581523047118229	9.342962398951451	6.676992256690062	15.875346263891203	-2.1231612980737804	1.5725034573870134	6.179355528977647	28.022074191265023	10.765263779607935	3.2349800395121524	9.812276124476039	3.8764912583652764	14.96824319740311	8.51922589826611	12.285733970670254	7.10926523936022	11.836218876175979	10.254234824416855	4.607892514318754	11.621021504257108	18.520909841876712	14.045799443340988	12.84732611404647	6.191145909561677	1.4541093127309914	22.593803567012944	11.267545096051762	32.96834069278603	5.0960379086656316	9.085048323762374	12.978300390933084	24.80325721478315	14.253429403806749	-2.4752697356607256	-2.100183230038679	6.466087110819578	13.531674175586774	12.214271282715066	7.232281787226772	10.776017488466461
26.651121816548784	16.53650946868789	-1.7387911157440692	20.464289794126564	11.878017869684582	11.235481048827987	6.661036814534832	18.417290485503244	11.85438465393092	18.416502604038165	6.165999400572183	25.371605635397085	12.245356160923397	10.114133791090842	4.433911718949289	11.684653026494319	1.9240264906081748	5.931323101325795	19.945740002969742	5.96408828010836	7.872794522262165	5.724063884005877	9.899309969853489	9.718982798239908	4.820863874081275	16.786625317604635	12.042566531366832	26.576458829952745	10.025564211998393	14.634661833071435	17.89058791179681	3.270110999742979	16.49040777075011	4.91885676646366	6.388474853194375	17.79879085307544	6.727185139687321	14.76876177290842	11.999451260207625	14.538728546049528	0.950526579570508	6.492557083163776	17.615214152227118	2.854026674484046	24.541671144281874	16.505020731042904	-0.4790008519039234	3.196843327960106	1.5185570556775576	21.894463030924676	5.0157511089840945	15.64840890642969	13.148542111911588	4.672726641301738	11.001978356282848	6.3669264133181205	6.096265593449517	11.873284741245506	19.148163613514686	11.964183961160483	9.294141334608826	17.743927616873346	12.065200113224536	2.0315813204901665	-3.232752236139107	8.317695824173452	6.440090004206526	5.0780596257744355	10.689984796040118	12.960123122449797	-0.5278841392851564	19.28434931639185	-1.5759984038127821	4.426694587756097	13.01464926071893	21.21985167252497	13.073404615571988	-0.22341004403060993	4.068678044055682	13.171848799101381	19.13515146175559	-1.0232381554869556	10.728734777325851	8.015768720049495	14.88800057805719	21.941870600033766	6.5400516618399065	6.721665624182865	17.228509438509363	9.820956934957605	15.224413736659947	17.236122504142646	5.172197296640573	-0.8199303102149401	6.553576768615478	14.788709079933247	1.7077730571558258	7.12946685812307	6.0024907146928435	-3.316976993879441	19.676164922631646	21.545768513641377	1.7615834542951188	3.2857798602399173	19.567620522595654	3.1312390832078205	11.783301415482237	18.775620336265224	9.81344137012044	16.64505265592558	12.393346558465993	-0.017747670543910472	13.728609124384123	7.24702277007861	8.298047866986499	13.019623608461403	9.81835277941337	22.36524945345283	6.1460077872697765	7.808852621218522	-3.726970000172227	3.085517382608679	-0.48450797714831306	8.391968179624001	8.516450701178433	14.247510780143983	23.75854754115211	-5.576541008996758	12.626112646807835	20.21125531156591	18.795733463844375	12.159520175020528	17.78640199669802	-0.7373228103105138	11.339309038825848	3.2789078443699102	4.580941235069964	-2.1659200107423007	-7.6468873408537466	10.459348561471167	11.851637868564763	9.71187740020471	2.142826306162728	17.636413871627894	15.376517229196976	8.06232127093241	6.920984067676215	17.313350812878543	15.91495548032694	17.634498580024577	14.008338355645844	6.71514392975966	15.033640652945916	15.371832213991912	11.39742432101231	10.911780874443469	13.838709474155758	14.542133831370037	12.45556638794277	17.481448734821885	16.006255160233422	15.576712666988277	-0.30433758001176126	3.088826599904383	6.157055363457307	14.12928513573534	4.808169295733336	21.59559606692311	6.142048543560989	14.445285023932488	3.3417060114060706	12.73525038756079	20.32241420594015	-4.005103714150133	3.73760854738702	-0.406240420374677	-0.07453826595865053	11.052233479118868	5.806074626717626	10.060661458078206	18.74831367048459	15.103526291920737	18.643483714777663	24.180638793904805	13.814629078036576	16.58798414111476	13.749294971972489	12.6665291698414	12.08292591280445	14.464085937322015	9.268082222262825	15.347200623927153	-0.39597570604954185	26.886360353198455	10.080943809559304	20.11469408029457	4.775588371411836	3.8419589551031645	20.05484866585262	19.83963686218018	11.195258488927923	5.031895978651253	10.392267299055082	21.5027535587425	20.789415558008713	2.9236407475667727	12.212493494008418	5.3626137284461874	7.874649521682629	7.188992020613364	6.381084530022681	11.852520297733474	10.98097964898321	4.699559728801698	10.614460927739373	1.5216036077757165	4.404053571655592	20.818232109001915	20.802351904625866	4.943471520028512	6.532673496064084	12.031539062752291	12.57246012876548	-5.84690776120435	3.697034416250135	5.385140462979507	19.99687847718124	3.42113601836369	16.350252155345547	3.310258285033104	4.925896784180864	18.570336996790076	9.111948743751332	19.487011593254802	20.84814334835367	7.722129615421937	4.676684246985132	17.73139401336736	9.300215765230226	4.877732381167809	7.800198859619959	11.142142081979719	13.563814238286326	3.0247179234131343	4.27028178007721	21.72203930617192	8.501372794682268	5.376401722356007	3.4451073749067613	3.8131515327571806	13.987104504587267	9.436923193835607	6.236567200624086	3.1186537312844798	15.594313300413928	16.123565085585494	10.671048561423904	11.834678658511766	12.348107385916313	5.533677988218587	4.639668773970296	9.467832914193899	6.755796590408536	16.083177195108753	-2.016124905582068	1.6681114086171402	6.336051939400294	28.170292536336017	10.881536916991857	3.627131693893743	9.831972218437793	3.9846696122504066	15.312235155194774	8.675946334943934	12.328706306945524	7.161994067222865	11.901580510384584	10.348660061509605	4.650803133080438	11.80971152323102	18.615292426482654	14.155282292559523	12.938490849647781	6.259499879663843	1.6606960518616944	22.79347813256619	11.463138797779829	33.08281518368095	5.292846404714576	9.127657923090062	13.082041288287188	24.854213798301835	14.387854452816425	-2.416727298380518	-2.0210326177030318	6.558460883514385	13.6339676873319	12.368299047317043	7.278534953457881	11.031394730952796
26.707441373616028	16.587631015581277	-1.643157104717383	20.57949556125756	12.156548185158968	11.305060280426519	6.74538043051243	18.592817184516804	12.104426411017768	18.494241301015485	6.317925485315522	25.52096391852882	12.600116527418175	10.210603323870053	4.48406306293126	11.941799917530057	2.1722494379602337	5.990005884236363	20.06119598462864	6.081295029675566	7.9118587276264245	5.821736777704815	9.946826382799955	9.862420530094397	4.906871296875421	16.91733078001438	12.17315640201	26.646218210104955	10.24155930946354	14.805012105291853	17.996959657322247	3.393418787744387	16.57822085267652	5.0428734490311555	6.5973190022672314	17.857483569315036	6.9787147659532645	14.97195101730956	12.17689934870951	14.617301092596344	1.1070365929850783	6.542911651881932	17.892103434750602	2.9591358707455333	24.614766953062873	16.650215461985482	-0.3360321183825353	3.281091714221586	1.7388622626744503	22.10512799738873	5.113872007777512	15.84055296874799	13.241957213495969	5.066746187894664	11.057226583694554	6.399909177706847	6.194767493856016	11.935134862290212	19.335959021846364	12.081319733802186	9.34481234804812	17.804700479818397	12.155223930937433	2.1769604283282202	-2.919101634869351	8.456919847074495	6.634979519175416	5.224833237696358	10.747646028010129	13.066788130448444	-0.268672504396256	19.318311415632163	-1.5375225253825953	4.489641640712478	13.173590583392913	21.42202391459723	13.124011506678878	-0.131355064562526	4.103362834934207	13.448707150095533	19.249677664405706	-0.9171377176049638	10.780862625744199	8.056461332519637	15.198833965808081	22.00149086353269	6.715297208466178	6.754704545839439	17.41598510794718	9.89800924196771	15.313840237077121	17.379279917467404	5.4192850815884945	-0.6531355036805011	6.691817627471822	15.07326558431134	1.869459882316967	7.365983736710136	6.048154002205242	-3.2164770839575954	19.953029043785897	21.581710459111026	2.0004682084153877	3.4397428687575022	19.79380394189629	3.310724693816574	11.935601853606272	18.955884971214715	10.130649277409821	16.8549847134247	12.448061369624526	0.20503083113171236	13.803857945180452	7.543620345132257	8.378109357318555	13.239875672526345	9.88982963432147	22.46388922592388	6.178091927324851	7.99664971539575	-3.6580381759274534	3.336052383108689	-0.3356457731610251	8.56277591907456	8.629905303943383	14.482902568854323	23.843356676723275	-5.470101492256938	12.687530406698613	20.278292711437444	18.969847287698002	12.279683994677166	18.058206890626526	-0.6015360910679486	11.377116569471754	3.3335820713928466	4.636298191566376	-2.050214119318295	-7.427333048847676	10.8492170565239	11.967918914659798	10.004775031218825	2.4890046317621666	17.717405681309135	15.608067457758903	8.088649396728552	7.0556826380201105	17.43079567082161	15.966112874242548	17.83849168921891	14.281489885710153	6.79232713604712	15.314368321438092	15.458746198692477	11.492439157388908	11.023117159662869	13.89285213071997	14.56237604347623	12.666223396184341	17.51656805848344	16.132252552439976	15.707779528198282	-0.18378412883098738	3.2598046315339007	6.357617515742939	14.140377039689952	4.8510810874696455	21.752435667102098	6.2797368210399345	14.54017748299669	3.417231176535235	12.944430529381323	20.601343472644064	-3.8441877547723804	3.9251066717776215	-0.1942020253209497	-0.012042165408060404	11.18281866376498	6.029161106343369	10.238374312845641	19.101002793732295	15.204495323769104	18.794450750900634	24.25239027881324	13.896916763776032	16.62534308946912	13.918428934381062	12.831770725019462	12.262653057315061	14.626944276181174	9.48284905241399	15.443595876278694	-0.32888047589090685	26.905510038494818	10.191520802107078	20.119474841431114	4.910962439908515	3.969093864935008	20.437527928431326	20.027026789511382	11.339261588660968	5.103651125386718	10.452280046690134	21.78668729272719	21.031199183617954	2.955320510942969	12.392819251182951	5.630445892030301	8.001847437631406	7.383844023292605	6.509586371527318	12.000530184523614	11.094683375858875	5.04908420580006	10.674725933367904	1.5558118344773417	4.7834906983387695	20.941302112601228	21.036855838231638	5.006796844012528	6.804333082020841	12.149222259061464	12.588712473875985	-5.685708790362853	3.834628620879841	5.43851673142924	20.042353775915682	3.516925161757687	16.418560296642887	3.492438768513417	5.323224842570604	18.844045683960744	9.419870102361147	19.567225163792482	21.057683638371167	7.87339253669728	4.6936348674278765	17.824316777603116	9.441919123068407	4.913654547741958	7.995513501508894	11.295066163998348	13.625977359564194	3.065680752880426	4.343994869098909	21.750022794694118	8.592507316743657	5.396524352389314	3.8065281377125	4.146330153740131	14.211444036750247	9.63245951772116	6.592804335411676	3.250289796834297	15.669944350961442	16.167951262493684	10.874737562851331	11.909760145131923	12.391068362185878	5.591438566348768	4.828969179190623	9.59199941433235	7.148290548731372	16.185682023341652	-1.670392081381813	1.903380644788589	6.641707537907501	28.28979465866559	11.12852237816735	3.7196587795164504	10.020810343856716	4.133061401538806	15.33247138890316	8.689217361076283	12.529288131163398	7.349870876583194	12.021168868932287	10.403175208581017	4.780762383162528	11.948524510724639	18.701741432101432	14.178950156841275	13.058059392520201	6.4396306031677275	1.7386784539503999	22.93411803649684	11.555799420387443	33.2466663943607	5.471612459057597	9.40754496815749	13.195931688485635	25.24279595876816	14.412975958885264	-2.200266036912439	-1.8830833709261325	6.873894665886323	13.764395576223041	12.461378605254028	7.311671113439857	11.363734307491248
26.853439801397784	16.736146641990874	-1.626503642519871	20.64926071995381	12.284495723032204	11.569165609217707	6.76227497741834	18.624623970104427	12.213026197231262	18.603147487598164	6.441697519181248	25.609881058186648	12.787335075135	10.328278327463522	4.631570524506015	11.976045719955703	2.214712344195359	6.23584830744429	20.278158990221016	6.0918595844054115	8.046774117803738	6.052181041539081	10.143285814359446	9.94192196391051	5.0462711734550165	17.00126092064262	12.262798803422418	26.901585176490283	10.37624863205541	14.99833181025282	18.11932052587973	3.580478955853471	16.63360775907452	5.259104338933041	6.7320048381696855	18.382714019403465	7.053132583332353	15.001714174137105	12.221071595364531	14.784274412302672	1.20076899290596	6.572117861668907	18.046390596642205	3.0186208068768625	24.7501699765467	16.726794840832092	-0.19357548780336511	3.3153054007017997	1.7987389924041302	22.39485557619838	5.352181049887687	16.032613250334943	13.334217629066252	5.168666943444346	11.115155412500075	6.445268963118323	6.60976893515549	11.981000253726354	19.65576348373684	12.274799193342202	9.463359343678672	18.002303037574208	12.27938998897568	2.224373967316692	-2.8247513678132607	8.57843877568985	6.873863663442906	5.359963729615398	10.748916323311388	13.255130404632657	-0.16205764069803996	19.615881868895997	-1.365144885453098	4.752561672874769	13.228843492123236	21.624786786215335	13.14977917125639	0.48778211427859786	4.321967123309144	13.528723328152441	19.412033048324748	-0.8242774219798069	10.951778806746646	8.214660975469197	15.306397776790394	22.339122671219606	6.813647139283207	6.92650512799713	17.54312443787219	10.009278565769645	15.580034633208955	17.440674798949868	5.562314832249743	-0.5641499125055573	6.8171888785437185	15.239824940527827	2.2399570611459736	7.391450662070602	6.2573058598948705	-3.0430702705734145	20.060601973951496	21.90715731329686	2.112829998871401	3.717060978381573	19.96313530739496	3.3526259898210555	12.221140621152694	19.058910611305876	10.264777911142668	16.962349060526712	12.53396003828283	0.25617672988569784	13.950533045302953	7.753093628153503	8.54100865213378	13.322274426161737	10.058164355900628	22.769169070283283	6.264476378971206	8.169345375130245	-3.5664074881860115	3.504182342881516	-0.24638911086753534	8.829476874827252	8.818513755701685	14.536616127686129	24.255464529726734	-5.159052815039842	12.760716836850174	20.35232095711721	19.085998688593758	12.329599169439653	18.184084119246766	-0.5814287480748624	11.56739615540762	3.6012996754021294	4.7702802854288855	-1.6117579205009664	-7.401814893476221	10.935231976549204	12.14869517914558	10.030746643859697	2.821382427724459	17.796503358541404	15.706343300630614	8.295252113509333	7.127335773685813	17.503418141097054	16.096753685666933	17.92905128728563	14.547514541850164	6.899481263724284	15.386397321825422	15.54963882708511	11.58118621670728	11.137349891232208	13.923403319413392	14.587290138366297	12.950288151931668	17.750910776615417	16.751291470978025	15.77512667557485	-0.10843021932101989	3.6538034291520995	6.827817469436556	14.443367539279343	5.036123766352995	21.84702476450808	6.332488442312318	14.820551903710063	3.5798859855818974	13.076328079130448	20.70399358217149	-3.753779593199538	3.9854331993638956	0.0001908415349255216	0.23797619639955384	11.272256761121936	6.198922384943533	10.299159959954382	19.311962252790586	15.245061899526272	18.888154193466306	24.443127237020036	14.178912213675712	16.793783527272286	14.022911800536413	12.956495088892353	12.358974466727673	14.771839002725091	9.64415355627864	15.677970852340168	-0.29882795434553056	27.088568305603957	10.231553713070348	20.534192233344644	5.015744482457153	4.064390240938827	20.6309867467698	20.04988480361992	11.89174124292729	5.2570868174543595	10.704294084528378	21.86627938737231	21.131148627656586	2.9900983976393074	12.486932508865545	5.814180372880326	8.174501723865726	7.548577349113296	6.611300521037209	12.267825701180467	11.130560172789584	5.105093093961379	10.741376735683207	1.650928489674855	5.001116863994688	20.991284456233895	21.072433428362405	5.24536130441558	7.070374006201454	12.370214746212092	12.668177121539323	-5.546364038366094	4.208338924635725	5.70877924623478	20.191794296417974	3.994697943094455	16.52026367109407	3.7515768631906754	5.497126469949925	19.105620368815124	9.521213224819071	19.630184157607626	21.24615514756521	7.910249530811202	5.046305741153042	17.916529011675998	9.473237037033806	4.967033650510273	8.123307934545714	11.334192721062584	13.780003974523284	3.2344187762204717	4.4001472904327485	21.916563460093215	8.952982948825156	5.478943998171557	3.8434779917294524	4.258650234473212	14.223256098296073	9.725803326034693	6.644506993561378	3.376517056030531	15.848855841663152	16.302082796394945	10.953199214818326	12.143464609719215	12.677723824225334	5.809125966920414	4.991750008672762	9.660504799928766	7.296964995729233	16.311366335609723	-1.5596063488350203	2.0174363812785	6.661797682765011	28.35798265474541	11.189747702055923	3.886986471379456	10.064018196093418	4.267738407264736	15.417064109855545	8.989368860736876	12.711873361728399	7.568724891197637	12.117052517521367	10.47856716099392	4.829298576818672	12.015416480937263	18.949163818214146	14.218215129808199	13.173519517348428	6.7087726173148585	1.8498456007157982	23.014820947141917	11.722381448110452	33.40948274329065	5.505081527094395	9.692857499775045	13.323591040418728	25.274863577771804	14.63330242116724	-2.084008899585905	-1.8064620821303112	7.319139805580222	14.06099363127243	12.721640700191378	7.48420664861184	11.438062899067297
26.951414298570217	16.87310111995262	-1.5459361765631194	20.938287979503087	12.386549955086972	11.624804347224828	6.945623314297225	18.843054682847686	12.241579308534448	18.630041602577506	6.452205118445818	25.796386709157662	13.015086674539427	10.499726273455453	4.760448631276033	12.025650942999986	2.3129808751979732	6.463906662768486	20.398177752417368	6.316521333780613	8.218138334950291	6.118988053261658	10.248111438950483	10.158902962857038	5.184188284778964	17.112432852019925	12.396362802188444	27.233579609198447	10.411908515189156	15.114114587830738	18.16108630248881	3.741679561359895	16.776092379067585	5.610088669647997	6.799895854317604	18.502219009400797	7.125312897088707	15.070408207773408	12.370826942056816	15.029028635609734	1.3512332084514829	6.820999975155794	18.174149388039826	3.240905565449976	24.79482110475427	17.113582745733094	-0.158837349453352	3.6102384797359774	2.0262837297239344	22.571083278284945	5.527744023599488	16.320681125206953	13.518159934265336	5.248622448035662	11.228531810399348	6.580201008835971	6.630399083125293	12.199484753666454	19.8947542222369	12.358451517890787	9.68176005675798	18.05715988136662	12.456590281867353	2.340429521193524	-2.6416496079605762	8.681150103444162	6.891960984230918	5.513762330288515	10.997935830794153	13.403029784404053	0.06029430159265415	19.675853822422763	-1.2922459779675575	4.812926749705479	13.432456748941206	21.90169303514512	13.350818758683774	0.5360648616905028	4.435379725907718	13.799638227453546	19.617003162937888	-0.6209500478458466	10.964964473004931	8.579691795901331	15.684457271150345	22.474584031878102	6.925195922855309	6.959477710131212	17.76985901840586	10.113013245185849	15.717021042850671	17.49425706583677	5.859951553400072	-0.4482686381452454	7.077202997893691	15.362706209730709	2.351356340566765	7.486573296249539	6.417157989366332	-2.937338033144602	20.08767841626508	21.930241276097295	2.253096050870472	3.8697783320783876	20.18495829214637	3.4906660070646436	12.718470278651578	19.14858399522247	10.268106163307909	17.12842261303212	12.608595045518523	0.38962765340157746	13.96157628625004	7.868807545953576	8.789997138396075	13.434292761955382	10.253141628887372	22.897357019246876	6.315798074973836	8.40501318347781	-3.313203902605114	3.585310330430724	0.08649950491553983	8.884706751889084	8.99325244556793	14.619046888238755	24.375938943185435	-5.049292581609875	12.955470669037659	20.445698565367667	19.151628607646877	12.425127823124356	18.253809356252635	-0.5121646754137335	11.64389668089894	3.675762866760257	4.866665686755099	-1.5233910035805769	-7.375319239334606	11.09288596027165	12.231037746048864	10.04359919676534	2.936823937706484	18.069500743338338	16.05159626318483	8.393613977271198	7.293677557145114	17.598573962571347	16.30992485145726	18.05748843172432	14.781753151065649	7.16128215849759	15.589044647095152	15.609075120459856	11.724468928736119	11.148965156310304	13.976439197486382	14.799960565575772	13.074456717294922	17.81465192667806	16.78988229144918	15.875688386866797	0.07762193479547687	3.865381155722195	6.883012294502249	14.72236611773432	5.241580455223115	22.03229387324203	6.516050210151175	14.921865664452412	3.6571743612711933	13.176479073961753	20.845503531617783	-3.6434955473815003	4.143187350620058	0.14547817579573202	0.30055874615838396	11.370439415582528	6.217806296502229	10.353233618772514	19.425755550717664	15.331133745860162	18.98019555294597	24.53701358033944	14.398922354485455	16.862232538478477	14.08514652190803	13.053770312784948	12.437010772471277	14.95345604736934	9.68229070534522	15.744970063579574	-0.2476120132247987	27.209761631038468	10.35124772938242	20.796172589418727	5.1132449731655845	4.154158628551042	20.698268341773204	20.326547426269403	12.174714205150252	5.282513814076091	10.76212368016791	21.984932979135433	21.235456417077256	3.114331502660109	12.505510071499348	6.264272573917435	8.192880001313794	7.73040808828932	6.755903922168581	12.375425330761141	11.413360418430441	5.174062801315392	10.799915381595632	1.7726738287708383	5.1846805257391315	21.078965882073167	21.110125179575235	5.428615295080051	7.247406125216283	12.449670657826394	13.000838550059724	-5.068465895167516	4.2603841311891735	6.012274680927223	20.42870440554461	4.114681243774838	16.533309367285685	4.141076311322624	5.6121772862624475	19.189472517581546	9.687146769745876	19.681487085325774	21.298030698941073	8.062497524457306	5.189060837918989	18.02930305521096	9.561712559710033	5.08436726320229	8.335898078406371	11.430895736142205	13.83888362733581	3.603058957490879	4.438375372415895	21.947769602648897	9.084288716003982	5.566777850764989	4.048054035568845	4.385048212931779	14.6372902603549	9.957357070120045	6.668415964880786	3.5051880061362475	16.088006581634204	16.40590429424497	11.097130646749521	12.282298652792253	12.723977308404146	5.925626798531256	5.1268672583490495	9.794567151429385	7.321430186353705	16.32583404436042	-1.4979161894536488	2.1907162080321885	6.7675872054702895	28.40696844754289	11.285700582120837	4.4381269853638	10.243183333387774	4.360514758441837	15.537689069790204	9.061546932715654	12.836006559116685	7.650113892435931	12.227348320915455	10.55440678696716	4.902754548400007	12.11711361848875	19.06265016390818	14.349345727276292	13.216086774305252	6.840184588003496	2.138826446319689	23.05855469319908	11.976018826047603	33.47104791183931	5.620096773750688	9.820291565526553	13.363396530841413	25.557803595984893	14.82512139345286	-2.0518873731970277	-1.748443324003553	7.449182120542257	14.094712091324217	13.018756043156948	7.639258213745421	11.71343207566188
27.01314548053381	17.032105919376622	-1.346821527744423	21.112403425046196	12.60639693185651	11.767071685757458	7.008280927668008	18.948333200170463	12.413205745801562	18.788011555143264	6.487983230943938	25.934054258981696	13.122346500756054	10.738647229992324	4.925623194670412	12.207594537470452	2.577411472729518	6.484265858061613	20.43997301114634	6.51839567718428	8.331993569071606	6.369704456303569	10.3469342409215	10.387245157893393	5.256206469087835	17.16200240474696	12.569426571813809	27.261848923784452	10.50484907600886	15.15469958157743	18.304350011460713	3.86968201699353	16.890645991063536	5.801883664953695	6.967911110101979	18.808455286520328	7.207059794901369	15.124250955813988	12.881109484009395	15.216828083503017	1.5183117953630592	6.846836258115797	18.716157745049962	3.3614468604288055	24.936022008974884	17.28183526063569	0.0057879308628428225	3.686956095174087	2.1292101967251855	22.668174248450708	5.564871598156287	16.453137677538898	13.572517761450358	5.4424923843905795	11.30702577927886	6.6230897007616	6.745488458130273	12.656968294761313	20.079109867339653	12.388094523889423	9.827912537070139	18.1673874735349	12.694143615083082	2.4782323565844524	-2.3603413313654853	8.817017579388907	6.936832636024028	5.583244691140119	11.084261900629484	13.44279969644041	0.08933094769593157	20.218987183961612	-0.9844599877570896	4.905601620501615	13.501617193276966	22.03575881758602	13.388066643786132	0.6327300241549223	4.6250221912933425	13.871767164015164	19.713473290108954	-0.508134012195358	11.199458054278637	8.644535267774407	15.789336210838586	22.581969529702253	7.035575126608927	7.06179106053111	17.882013180719618	10.235733333481784	15.950123260692639	17.628700301766035	5.887327613599762	-0.41567984475362807	7.156703461518002	15.6214040777846	2.4424541049816746	7.818920899734752	6.558601472362542	-2.8654580776262946	20.369494136902425	22.076174920371557	2.4047082665680843	4.008303598745062	20.230020610898364	3.546106198206393	12.758952027891773	19.45265686545466	10.398125674009007	17.368485847198773	12.833844832237443	0.4929092871609084	14.018090133289371	8.031370085886776	8.919566709034635	13.768989148067956	10.332998224354355	23.115867047891577	6.534055355533338	8.562182364681416	-3.282166385251627	3.717751574027878	0.17078265753643387	9.072307619911058	9.027916586745679	14.662493712226748	24.42603887530226	-4.948830243625002	12.99884885494469	20.649265708322414	19.240960682838168	12.581638055639555	18.77025798165978	-0.3964350277782724	11.74237581940251	3.8133012807372624	5.041328462106903	-1.3476691446359184	-7.215575832935465	11.438028056051587	12.272935506000202	10.320587991264215	3.3973804999046933	18.083003092165885	16.118743644987205	8.555113855924903	7.40732872960038	17.666081290173956	16.54303258660554	18.30623309905944	14.87266403754984	7.204707251958706	15.688679092716894	15.785558572159172	11.770873379479307	11.237213558562797	14.099632239062823	14.80987898389397	13.145097387806905	17.87574513923887	17.0254327692614	16.085600432860097	0.12164388608092018	4.109494447576224	6.963264961523844	14.834062631411639	5.256642970915604	22.05466897004742	6.91280828004859	14.934504568606101	3.983691502674215	13.356479398590698	20.95292685496738	-3.396956614597254	4.198924504653912	0.18202687706239526	0.6830566321538833	11.543541881200332	6.346532632639135	10.428819547354161	19.638453966391435	15.501315415024784	19.288432252331297	24.55756920039265	14.485065974352208	16.885541934186055	14.200883231000903	13.124137101225818	12.533102761688458	15.215028421683154	9.865646219049106	15.878608762572672	-0.1513197016369949	27.35323492731934	10.5590768948005	20.804900214818243	5.275995796448593	4.2926831022311855	20.765893105949875	20.52331695438974	12.423543553203617	5.406502000628513	10.817665446367773	22.142223224039594	21.358955407794635	3.292613378321407	12.561362505459334	6.337373057625981	8.35080868275851	7.862508978528583	6.795017693811608	12.598557733085373	11.525384751527035	5.367714972556434	11.026516032228917	1.8993266159485347	5.254047295455457	21.23160137956598	21.294993883365212	5.895810996473836	7.322575411449389	12.5254424556924	13.078308515149006	-4.913319420622695	4.352042000273279	6.225563560666904	20.574008423490106	4.177995600729174	16.58698926086229	4.165179378264559	6.219955101194905	19.336171122711235	9.761098442726087	19.83918481883762	21.493114936397152	8.18255015373706	5.221294420264968	18.108103412065773	9.764819585146853	5.295378212390517	8.390433538597554	11.568143224522164	13.972829694890287	3.792697804355656	4.522962541308862	22.55761154967659	9.183632136950822	5.701698225051901	4.149225699848613	4.684105798227555	14.76477690745134	9.998656132761894	6.81764693318655	3.565026785459959	16.317063923833008	16.470764720283555	11.405801177370844	12.448796330890465	12.911469492505113	6.038662579649886	5.24330782838724	9.931434830393556	7.40189845514492	16.46519387616389	-1.4257474877834668	2.2534322675215326	7.005221872611221	28.45842237957721	11.384703913788913	4.517844470073165	10.382105098720775	4.424291487812569	15.628092892127487	9.744982290081493	12.89494062767138	7.687134631504393	12.440001869361492	10.758739963508354	4.91041844110283	12.32959486776678	19.113392345256113	14.913373567916343	13.334908518421274	7.017460621379098	2.1974745048607596	23.132787237208255	12.142696666971005	33.66025876483504	5.693124610824323	10.040378885684436	13.57410318135777	25.728278452840456	15.027197740932575	-1.9292987274900395	-1.5599369775303882	7.712720225062974	14.152893939801169	13.062539429605394	7.718517920633962	11.857032581477693
27.143301560585773	17.127855912052162	-1.281706914915637	21.118704782777687	12.634350768975763	11.813364691792591	7.225655706551553	18.999764899082102	12.462747841129948	18.94414809761053	6.52800343440063	26.090672742396883	13.378713447764646	10.771748192111934	5.04749930884838	12.456786971527643	2.6248962148249824	6.64723075148699	20.542094380599494	6.536116384172572	8.463894816414493	6.394604578375962	10.580389165997797	10.576111695140362	5.273106745217112	17.28813192177476	12.606102871066948	27.29364839426552	10.61520705331133	15.246878614086729	18.399336814780316	3.958034122478719	17.374254483472264	5.82153499427361	6.995865661587619	18.86068012915224	7.465789384748638	15.30512278547167	13.094535048675798	15.222492343698248	1.7493023484765822	6.974955309167603	18.88283814852026	3.6402194572279183	25.165470466709714	17.451206144637165	0.11913000882837801	3.8380101439651377	2.2259605036262347	22.847733577131297	5.704342425051812	16.508568872260522	13.592964539535126	5.668122572979309	11.346864588870135	6.765099287181135	6.775394063452477	12.816591782277245	20.47595688198102	12.672732028478528	10.183886366745186	18.593608529024475	12.85667185501489	2.5010826672277138	-2.2423997159657136	8.895726936911794	7.0925805336425825	5.655787038402451	11.275357320560222	13.567035241767107	0.1952812761166325	20.42322331283793	-0.8715169626674737	5.122077409176523	13.672453087497427	22.109933429945308	13.467367071682443	0.7628722752085125	4.816490710222732	14.227873801433233	19.95748354911122	-0.3592777190625133	11.286351476936163	8.69251202805391	15.93046353345737	22.92778012233269	7.077228883248792	7.112582950503896	17.908590754618025	10.4560009232338	16.096950278701627	17.863939308806724	5.979707467708729	-0.39304025167369055	7.164478135924941	15.855207742733498	2.6026653818265197	7.956553695406783	6.617290319244084	-2.744925094962716	20.41409830172553	22.189843741951208	2.563502227001398	4.09949399684096	20.35361899342285	3.8129296874701164	12.940361975768166	19.48204962060474	10.5289646754032	17.434864347103613	12.931480304795471	0.5653377042051503	14.193534905342661	8.230643984709321	9.007139403142308	13.842078514691519	10.38637398840987	23.143511841530856	6.592196007405191	8.604394211351709	-3.176908237153519	3.9336746452367217	0.36412164970809385	9.488600037319035	9.082078852193137	14.686191387181	24.52919519568151	-4.854690603813267	13.117593389934157	20.839105972035828	19.55783620536502	12.658040749649057	18.84950881551687	-0.3636507593867416	11.861339620215249	3.9026739222605293	5.245003746937974	-1.2905550069543656	-7.176355470448103	11.557974308427248	12.50841820593604	10.378525397289762	3.451728320223585	18.26981182283227	16.214916521511125	8.628952958397909	7.697346405612859	17.757729691958573	16.732551415916117	18.38716763819541	14.956261598650354	7.227649939454065	15.828643715622212	15.847577907473472	11.861161328763746	11.377717623944452	14.20033494877083	14.960712920857603	13.211523726316427	17.94021723538726	17.160552425283708	16.14306194380477	0.303307953694354	4.249010609035244	7.081408265451186	14.972460885675194	5.311814472185659	22.141869826099988	7.072737498549577	14.94264198554139	4.163218619644738	13.616873651954638	21.00525661410932	-3.317221315356463	4.271266036505488	0.23077094950439275	0.9103531463250066	11.617285701149617	6.4849209383628965	10.5547181698376	19.72446320765131	15.779428195725927	19.46143783013033	24.633623474625008	14.56803388388573	16.94620181841863	14.42172764116031	13.288221028585726	12.595147042025573	15.49744121261703	9.998608769309945	15.997146809341336	0.0023004948430250406	27.5669157733045	10.57255743471465	20.94988716917202	5.281792669585717	4.386841207435486	20.784948502887527	20.79655175238019	12.451000176108378	5.61220135357138	11.139888118049864	22.276089863692842	21.413423323255273	3.509724158760127	12.732003088219969	6.682314029844691	8.528942934705398	8.068993633720218	7.0427662494208745	12.698692781906638	11.598847497470599	5.749364614474624	11.058568444158869	1.9964321975300623	5.437810612553073	21.26912569743394	21.487944800781555	6.1444356952350425	7.459737382381432	12.634251963081502	13.151828950012126	-4.792346311251075	4.568293929159336	6.279320448591583	20.615142676199397	4.335292789352509	16.851770727930724	4.462827856420837	6.243259373112158	19.56543128428797	9.853187694556512	19.97917616172098	21.572977049309376	8.207110940692766	5.4966348720764895	18.168558255961155	9.93376731070251	5.498755094504398	8.522007332340062	11.640048841866323	14.08893466329473	3.9292529554502633	4.598957698653322	22.55996469648445	9.22378659126473	5.8197552206352885	4.297088151616756	4.736847752396084	14.999936196108372	10.271526516209489	7.022585256984682	3.696348048603455	16.3885114380299	16.671743327564403	11.465675889112669	12.48592095364587	13.012512614672016	6.168836423957591	5.291342395647226	9.984689602936948	7.644344670785766	16.529292981094642	-1.3604622436776703	2.3990171537321845	7.064303239828195	28.615010117636366	11.587239860129888	4.531875694637796	10.420698691687454	4.502226818336697	15.751738027258805	9.828258494291546	12.96246304116839	7.8332426005418485	12.549829174777894	10.86389855211157	5.135740140304909	12.383281383028665	19.358824039350765	15.087993437772221	13.45883478562314	7.056901363538257	2.289772606695844	23.24052930139612	12.193438775023106	33.79181047958798	6.047355632196196	10.117173805228962	13.585506751883477	25.804193647496565	15.192756984505674	-1.837888438154883	-1.53932915206899	7.765410552821952	14.280341055552727	13.128095315357978	7.924168813619721	11.981944371526648
27.312907186982365	17.227141552108556	-0.8742013482294957	21.376224481822078	12.759936702377363	11.931466765262172	7.396534554948663	19.026448493984653	12.665208336848787	19.202163596943677	6.783474140438615	26.44975772859755	13.592288860721943	10.870167416799354	5.128594940532291	12.639545848404978	2.6425741963037357	6.684714760577016	20.677332832866874	6.715237578752946	8.4901478764885	6.467043011247021	10.680759508814232	10.699244471808237	5.416459274548163	17.464645654020178	12.727609012115055	27.34605516336048	10.72599637265204	15.48757116947117	18.6765801240757	4.143067612594752	17.468097714456203	6.068007966475199	7.163153782026562	18.863257686425875	7.589112923362528	15.684846217471163	13.204226973621262	15.376346947900764	1.7657370090646294	7.41709079405584	19.056018377608545	3.697031129810721	25.365172120465335	17.61131467634363	0.18671765757125441	3.995573062623752	2.2979116379708477	23.040352817071895	5.748534519526937	16.66222573484026	13.752125888937575	5.778784573039639	11.430247228170236	6.907974545164036	6.929484604856111	12.822643250290302	20.651872693437152	12.789132616690601	10.414004691888207	18.625621360969596	13.161635866348277	2.668214988114439	-2.127956907664308	9.050288559627367	7.361277768373496	5.740628870644668	11.490670645539744	13.758323348395058	0.39351787860944415	20.655884735426994	-0.7505661624524981	5.188101335150963	13.909121568258675	22.150437966021236	13.66968823209979	0.9521303728763278	4.976244363085573	14.322758813545017	20.07387557367018	-0.23255656079603496	11.368565043855362	8.737071391209867	16.011783790781667	22.96823802681772	7.187932141531294	7.323601517110569	18.059265294208405	10.510377287085925	16.178461610273093	18.141068372175404	6.1536050800622455	-0.10554056908137481	7.32359509238544	16.06555614073146	2.7698339807976686	8.06204708860267	6.793656126006834	-2.5592738633586554	20.71636578732053	22.25782186471182	2.701729655410704	4.461746406880859	20.399362464543394	3.9959933049615786	13.201629409559054	19.582785103058452	10.610625716540095	17.59333574459904	13.047501518203847	0.6920715485448198	14.27818521716357	8.45753099030176	9.26818014263736	13.952899455344411	10.688052938015785	23.209827595072657	6.863202494367849	8.732438948251707	-3.1272978277067587	3.9833925178738263	0.5410908473050379	9.531487571783472	9.216578051172377	14.8097548076932	24.59863845876755	-4.7116647879216895	13.238199947063745	20.92831541366705	19.68310979401235	12.710826031194628	18.969717033927715	-0.26988732787762143	12.036060671972978	3.9360531540805117	5.271652800772145	-1.021410062551284	-7.033338586848424	11.770716825294794	12.629579272702484	10.4793594922889	3.8599919548791335	18.312826080122946	16.27165607805338	8.76727373688229	7.856069808409716	17.955829336714043	16.809594704710985	18.552906136470227	15.110244109585999	7.350193076037248	15.8584492725978	15.919598394668695	11.93895139161862	11.477055779815416	14.294898326604832	15.034421393078988	13.26209868939849	18.1130181654168	17.28668062205502	16.476341072600405	0.4793306819468267	4.341797238027186	7.194941528894652	15.165022109552133	6.126936639860353	22.348671608674394	7.33850450521998	15.102181754766761	4.2590149320818735	13.809048169726127	21.139878528679073	-3.280815009289099	4.678203386189941	0.43281505929872294	1.3328115489084755	11.670582916248595	6.5572293945370435	10.862709059173016	19.837290955480757	16.028551458421227	19.633992464599068	24.853908123308376	14.608224135704004	17.00838398848185	14.717788093264547	13.549023143262563	12.683724164880207	15.596005055752755	10.098635049510404	16.08132937363084	0.11925266817578216	27.602672084654547	10.703064036280212	21.229141845761674	5.544680234738359	4.487499860247207	20.942929490869716	20.941892215384662	12.465517608514537	5.684446469890401	11.44611539391165	22.307153411343624	21.657683071126588	3.6219898177483563	12.876411628583226	6.813820685475435	8.829521821061263	8.216572068779568	7.098963308093237	12.837691624769548	11.656588659444417	5.860698160679249	11.235722318521313	2.119138652021829	5.59269602077515	21.40897889404157	21.52543485499116	6.1564490477896845	7.570848377359161	12.774389807178315	13.283171908271484	-4.558272463785542	4.762624892573267	6.473951351160443	20.803063675362527	4.519343776432394	16.973252332852553	4.496810869045553	6.619979067889746	19.630753406455156	9.912194416064663	20.10518722956398	21.86757929391008	8.259090003797619	5.71856793595345	18.225776436618606	10.110604129320894	5.595433104056951	8.59564211720491	11.71204615440257	14.1407209276668	4.202052104930612	4.687154440446305	22.873554302360226	9.295676857858073	5.9614524324138465	4.640167760429786	4.930367492334655	15.030855809185477	10.461482873549228	7.189909460075405	3.7123911740455955	16.531357022592697	16.860060031888658	11.594834980213115	12.662359773696087	13.223802146580415	6.292077977355013	5.484965508554769	10.075018505577164	7.778420411354756	16.669045095675216	-1.2456409045323003	2.497703556066052	7.270565864701853	28.75214195918543	11.768851348566983	4.727654484732146	10.584061196318853	4.600454952575637	15.866757012838429	9.919098294976013	13.182003998153858	8.199458990096755	12.56587646986279	10.929655454604422	5.36298583832419	12.459761642437249	19.400559409641737	15.14237688023477	13.57726713444603	7.260347820094013	2.449007950654795	23.354299552634593	12.253769417633384	33.86805762558276	6.1505379992921725	10.280371731648895	13.76311527628322	25.86331625444097	15.424610372246526	-1.5817672946488062	-1.3632145759010341	7.801494655631687	14.480290028242058	13.183053932382625	8.216389259564295	12.080294490600378
27.325320715402633	17.4342497250715	-0.6304677859214778	21.61967585815533	12.787770493027761	12.08187679141302	7.4989809493524175	19.242968806503242	12.741516039507188	19.47608745031165	6.889191560164886	26.69888621398511	13.751466255063107	10.952410661268331	5.231735330384287	12.670723431337095	2.886487235270531	6.807946464790051	20.75496816690269	6.852567763407815	8.586700394941976	6.657721685209835	10.883985558026609	10.804233384606599	5.54394202408318	17.537922016663014	12.820051759195126	27.507141363624637	10.752797402885859	15.848911619945621	18.7823704831056	4.245921678198325	17.639236688735696	6.217107512917939	7.20416975951746	18.990570457822024	7.855262064629652	16.084590981711216	13.347006276685727	15.397820603993987	1.8116068971138686	7.4923040925905875	19.25840456896685	3.841678153972527	25.36951763682829	17.77929771119164	0.3391752066668295	4.056330890911321	2.476104373025843	23.121340283072225	5.861384485261468	17.00804520942821	13.851578991511877	5.98589808237419	11.548807712566465	7.629971693084695	7.0582067275191385	13.018967369591948	20.763965622547882	12.89761749979359	10.533097167964755	18.802005663402	13.245227136083072	2.7958588581551207	-1.8862897870140027	9.220502630434279	7.546696842852957	5.907912532701015	11.577552968200875	13.782054363515838	0.6229002046695481	20.728422628883905	-0.5545808241707546	5.243429571803912	13.953670834312527	22.315556914063645	13.711607442679274	1.0187036843187185	5.050250885523402	14.8486791935579	20.4162873778989	-0.010360831864685675	11.567600177975557	8.997108990753599	16.129569558332765	23.205755061192875	7.208678013839916	7.429333734157962	18.21237043972782	10.539184555339688	16.343071212712175	18.377576980916253	6.338478125647764	0.3439097738814454	7.644353885058202	16.168021373730095	2.9585226208501068	8.637507513893516	7.14799921729176	-2.457115418178851	20.784218953332832	22.375709770787182	2.8276398202278705	4.468452220726424	20.709554786061766	4.025287188626808	13.275496665648387	19.68477149425702	10.860395437654978	17.69007365121157	13.49983315925977	0.9088036684470772	14.574092169106377	8.510751824367752	9.433273632393771	14.24096488020536	10.916081243713966	23.582567185964784	7.0103454853117215	8.989981222997956	-2.984360956080088	4.24567976192478	0.6355139747257113	9.802669242710355	9.421815994829407	14.894346218326177	24.71100727593365	-4.5176005290164065	13.402528572619467	20.98011118230169	19.720180600062417	12.795870338629287	19.187023073804294	-0.15715272763152985	12.704894875985355	4.144041357631674	5.5253753101604435	-0.8119631272517723	-6.7235761427600975	11.850021888065056	12.747216070723754	10.536830563369751	3.9068289154860367	18.680016803349783	16.343089940452533	8.919762176994302	8.026820818237631	18.12108212680411	16.89436569595439	18.620437749482424	15.259004994376824	7.4787623340792075	15.94423133555758	16.006927980040995	12.044550593240091	11.662297465564809	14.60790243303799	15.260390329180778	13.483152326472219	18.278599303854545	17.380734589371922	16.717745335529465	0.584133545015737	4.400025629066598	7.328493291795571	15.26558801357515	6.3394637746633595	22.52375474974751	7.380294366054286	15.372876296854892	4.281671373720526	13.875260686452297	21.191800506607006	-3.2530256036089082	5.211536625104934	0.5597813894822931	1.3759186981982765	11.789530699350689	6.630904442872734	10.953055283461504	20.054827145731103	16.25488730409128	19.667724540125622	24.861614367539342	14.681520519374137	17.25390417889617	14.8333561490232	13.833782913153687	12.73425581256557	15.82809477378173	10.17961172393205	16.1587098786037	0.5455279053605763	27.65074188817183	10.896596961159453	21.265761812431954	5.567981499676051	4.558331420733475	21.229931132062305	20.971078415399692	12.483571494198191	5.735599963086255	11.537125721747925	22.353550167964514	21.769286776389745	3.762131198592626	13.081597349303491	7.113628038154934	8.904142590624907	8.398348867609883	7.401021092638472	12.909744938154727	11.8172612133004	5.9891145203540646	11.608335683234614	2.3415055112528034	5.654260002537031	21.540756082319476	21.686866871011354	6.246676411912297	7.697098439492502	13.026263955810954	13.42150581234076	-4.49482041888816	4.858264645146964	6.595296919156175	20.890474548703327	4.6421497988667575	17.46477553892645	4.571661248371628	6.715667555741851	19.799070423346432	10.112730342715185	20.75735257987346	21.91873921038912	8.309634784452385	5.8397268292623465	18.447430680380076	10.18216955807407	5.696335579965927	8.715329576803965	11.961328771912898	14.313768015659772	4.461156634285255	4.736269568031738	23.00056375793146	9.52829909754122	6.091980677441517	4.9078842102396925	5.09322952851376	15.178583803470907	10.51911212522619	7.363196506360623	4.006922806354715	16.601357451121512	16.91386153840126	11.606787972483126	12.74230251176035	13.328461431944948	6.69091840233794	5.67632014480696	10.183234198194615	7.80890420258239	16.99144068437634	-1.1266529913080907	2.611370132672578	7.477547922417462	28.88696083847779	11.850125342496248	4.972820620016303	10.605891280237303	4.8313226929742985	16.457508690177576	10.060034120240472	13.21168502526035	8.463334845016176	12.688678656411327	10.991999128413974	5.4629546569018705	12.654782566877975	19.637472865234816	15.250930457355617	13.648528779541609	7.428519002002048	2.5228890110921833	23.421263343438664	12.367427115366764	34.007812442431195	6.2750955873747944	10.333748030339551	13.956779942444255	26.156430924642766	15.643443354601207	-1.5390606670786062	-1.1280057440318239	8.01582074888617	14.56378909303072	13.268373845713665	8.344211097768515	12.522097168226486
27.390557616437732	17.489839780180148	-0.5703718544610986	21.66652061125514	12.978315470166736	12.305617094782333	7.5542123591323715	19.334990490976388	13.019460488643718	19.616556705821107	7.018164122186194	26.756905447714193	13.787854043601481	11.13605865562181	5.386236047061539	12.796672367737083	3.0299430225379815	7.078908580534481	20.811823631421507	6.986626539521098	8.63840859005023	6.864422179093727	10.928855741714605	10.828202874319679	5.660581533924193	17.633132716690977	12.950805099409822	27.681061300650516	10.914602761843387	16.180609132411796	18.987395323313496	4.308895329292053	17.71373859140714	6.586227620981455	7.88850452195814	19.242114010322368	8.105775197128493	16.108790023145012	13.461322390667291	15.55479883712315	1.9232158717573935	7.690021630609803	19.38722763841785	3.9141828763391073	25.475535442373083	17.853523953776993	0.5221191567639648	4.255688253100691	2.4998767148670074	23.185523063927874	6.207016258345145	17.274265122798795	13.958253676619282	6.083438526976715	11.651234364550323	7.7047906598636615	7.117849875984498	13.03863693655044	20.812177852861346	13.06400768811304	10.5802668027026	18.955371831189474	13.31419719661039	2.9079253080874987	-1.8521144538350176	9.335152816622822	7.656206166667799	5.988989707400591	11.631804818214526	14.200742594879381	0.6797029459041127	20.928898429087003	-0.1538988774698192	5.54523858875503	14.06479653490873	22.544824500493664	13.83615651426566	1.0769288695552557	5.36616299237767	15.017509539683457	20.48297309356515	0.060361758574544566	11.706473959715067	9.062881888710207	16.404508536574138	23.359355560484396	7.3091754570703715	7.672288888946328	18.23434463224815	10.830776781239985	16.414981463190685	18.493833612738957	6.532056722763364	0.3597088444751758	7.762269331466732	16.33046160697023	2.995137073647169	8.735062969733745	7.362014861420192	-2.3886913334243194	20.93426529244274	22.62215796037799	2.915355022583452	4.832288846018343	20.93671388595422	4.141632615302222	13.395322162614796	19.856107486485072	11.360864114850632	17.808659409181878	13.637955206184756	0.9955280128533047	14.704153272763442	8.548179525394003	9.92923680555878	14.272309356966346	11.090168972525724	23.734170073588114	7.202695350400294	9.054168469641713	-2.94915889356228	4.359915380950738	1.0540595967941173	9.94242979596162	9.464434525824677	14.976338541499754	24.750955546758437	-4.334975617254979	13.464274683946295	21.29611575904096	19.900930826802796	12.80454934045034	19.286939356558527	-0.07826749248372693	12.76105010494701	4.378830275748746	5.5856807286421954	-0.63012407954727	-6.601843513502801	11.991394321203945	12.901741202598947	10.708487584833392	4.2235353530163176	18.928610156307112	16.88361033819837	8.958777798026285	8.094730978823149	18.183725329661193	17.03609011867799	18.751213290926568	15.32164310785066	7.894259587272572	16.40136804740924	16.126966939693023	12.20504724038645	11.77899391994143	14.702364958277757	15.382119020432148	13.642647776269905	18.433380755747695	17.447252477140456	16.829039116909524	0.6907949642567804	4.4119636945226075	7.393115121246941	15.427345055499844	6.416910339251337	22.596640945809465	7.480513819852299	15.444397720643567	4.397914825162686	14.044650997832608	21.313166156155376	-3.0519184088377775	5.247493737811417	0.7704050993653354	1.5648915650929311	12.022178098056076	6.782094186432816	11.137843592442566	20.136806487173573	16.35848533580998	19.880749182656448	24.929584628571316	14.684853263707106	17.35246169390871	15.00483031315107	13.911649474394636	12.859752350572352	16.12424623022145	10.208436798059036	16.392419913448286	0.5725220713067846	27.76065477822549	11.14160984221541	21.503842771310673	5.626206215897964	4.63898365387715	21.314461072975114	21.086721591713246	12.81528491939673	5.918502527758796	11.563725042891765	22.44032226449715	22.001175904240938	3.80293725282749	13.137491941310282	7.46790308324769	8.922089553239744	8.580709907042424	7.45346033490235	12.92088295227408	11.916229548978512	6.109527616704789	12.016620767442946	2.4309630282805514	5.771820545211819	21.624066737592006	21.921808849494013	6.286817484719237	7.744411519125734	13.176958776814983	13.537142474151512	-4.2903285667226525	4.962548178371472	6.621843606489436	20.993888697448977	4.688791936246904	17.615890528760513	4.81969699088351	6.797191163671847	19.855080626692878	10.220939067405405	20.826332571238073	22.010843552477322	8.367944604982927	5.904505083377835	18.51530436640631	10.370857734460033	5.7653549746713075	8.83692356859422	12.287253359729974	14.4371951218697	4.785164552353289	4.752234760677604	23.25561952966894	9.670406382280143	6.2121995655979365	4.984437665050497	5.127863383588169	15.267604844809087	10.531917191708054	7.522048781661177	4.026819938984621	16.789923992244958	16.96181711753506	11.75527382934334	12.807897248714797	13.452315760836235	6.859857721954168	5.999905587464907	10.237472990056004	8.116147352548154	17.10830070720814	-1.0474578618042751	2.746951933339178	7.516800055967674	28.95683680182811	11.989431693685868	5.23069721985903	10.686722141815084	4.90119434690448	16.598963968380946	10.176714679814818	13.349096086033336	8.506780821451166	12.768986032144612	11.05691418271376	5.588798127826087	12.766589691728978	19.84241166413547	15.269891283272731	13.7308261097053	7.597772799793309	2.5791932586776025	23.620862303366184	12.463527577848744	34.04098230583614	6.40061875402109	10.671499976773067	14.138684513258275	26.219329924884743	15.851832412625148	-1.4208467118364447	-1.0938290019828363	8.021248520271579	14.583715706652638	13.299596048461575	8.443024857826305	12.999643109603717
27.571399318864128	17.71266016819077	-0.4912030072351694	21.87755073264939	13.060271748702935	12.560233101178724	7.639782784542738	19.46759199025606	13.04633141544388	19.739638368435827	7.068563539576147	26.9260055037094	13.858132109556268	11.147898143556969	5.433570633339439	13.060647779960115	3.1020919942218472	7.151062759292358	20.854443673619866	7.264330950144472	8.91961639678293	6.884968212483374	11.001704304808246	10.848661549036793	5.6981065813778615	17.854220152338073	13.00088522723398	27.916523017721797	11.09452362348607	16.234075972657436	19.290396091634545	4.369811094168455	17.879499804516637	6.77951853662566	7.922167437539107	19.42511317431571	8.332441060475022	16.34765663304371	13.482802321736877	15.57865514836301	2.000085639262387	7.751903228480004	19.639623743305595	4.056087345611614	25.62741266545039	18.09541560590939	0.5900242918577623	4.415827007630829	2.702723323853442	23.238217970032988	6.249454943006563	17.445803496989825	14.036183790279246	6.14730826427334	11.73985606587512	7.826417284936451	7.265916068697316	13.14166317682663	20.830253307069366	13.09193676342289	10.605530085128734	19.047920506713037	13.685895122307778	3.0015351626137563	-1.7843240507705542	9.39160855575489	7.716849369333939	6.242758314506117	11.963975179229825	14.307682660978342	0.7484820115921156	20.99719487138337	0.010914165703056493	5.747325881397016	14.239822892934606	22.731890857323265	14.072546975396042	1.2549437077903145	5.486467059279754	15.381407398626148	20.675559995907008	0.18776496948618707	11.755503375391113	9.211913945469792	16.646463203027412	23.687321217273755	7.488633758502968	7.677077398359736	18.36259277036866	10.93371073491082	16.567767895537553	18.610513214875557	6.5731360988068674	0.5606910824004311	7.920302501855291	16.570826386204192	3.3033302700177614	8.818195672112966	7.499059303972183	-2.281202403130757	20.95489147518911	22.717243564132243	3.0140057864814325	5.021846551607011	21.071606902561772	4.320141963138757	13.434773786083493	19.95005710269673	11.651061905182441	17.836878595286162	13.708102810038714	1.2706798634746799	14.791817835644661	8.67374293979544	10.035885478060564	14.336565792635362	11.165019110286558	23.839051332841816	7.302167862212223	9.135939826302689	-2.8238802675692765	4.547030153237779	1.1226149158436347	10.03257991420059	9.685816787074385	15.09697801847221	24.864560118979128	-4.249527886093197	13.627195229212763	21.405391173491985	19.925102497333448	13.010578336537876	19.579388926424286	-0.02061643252802078	12.954501691084092	4.695893451507569	5.813757767359703	-0.5806075742849477	-6.539402783411807	12.04931507837038	13.020739456449782	10.785609808571948	4.617394825974602	19.115409489006087	17.117503016698187	9.161125409292712	8.32738494886247	18.2927146455551	17.100302375020544	18.92752863512288	15.91224117020226	7.9693009323835735	16.59767540502008	16.223597081495125	12.393141909480383	11.874183981304563	14.721506522515682	15.4815016794541	13.771595929094689	18.57356045503604	17.50260343906668	16.98256261398163	0.7302988279474949	4.793179824603255	7.569610794487193	15.584392553922745	6.549124153251837	22.756359193795436	7.623265326314516	16.0062581717959	4.470275800104203	14.162083284797545	21.510548401504433	-2.988331672208549	5.294980378323134	0.9273752037455874	1.6696728208989977	12.215713581270961	6.960209630439516	11.556528117893455	20.353014254166332	16.590795746719383	20.01634990096442	24.98679265383222	14.958474464320444	17.78844778758107	15.140152962931264	14.01817284295573	12.981371941049886	16.190541827413668	10.481270613233344	16.59112090545225	1.2190619390118447	28.30592785933996	11.344295363881264	22.06895278055786	5.795357910482208	4.809933887138963	21.395431827463195	21.145736407688766	13.23082306070419	6.1901486754176	11.643599660037616	22.658324042804985	22.16948726642245	3.829083969984861	13.227762061270184	7.613425285765873	9.182423122416758	8.736827167584313	7.598687502875238	13.180780073942909	11.96010832449261	6.326677133236748	12.079266064365964	2.6617793376781242	5.887090216255756	21.734525978842793	22.217047714532992	6.453021271230959	7.779341715686258	13.46670818047076	13.848852791305735	-4.136018962093253	5.063388376365321	6.820083399374368	21.353830196877514	4.715307090952267	17.70889214795142	5.00906712888451	6.942941814753904	20.096909195597668	10.297411441979685	21.004282284129545	22.143404168955563	8.577783251983881	5.941466863844927	18.78322297573748	10.491920589025705	5.933187645765643	8.943911737492858	12.46191965680203	14.551905072602079	5.0429187042601304	4.861483343619197	23.33359852974838	9.77093007397408	6.346982699388784	5.610132342652808	5.21737206921763	15.703985933189697	10.583674527839154	7.534480544445211	4.124106227811775	17.023542326634583	17.008627713314276	11.791283369445072	13.151499616258992	13.688771031353438	6.924080867433048	6.003655683531118	10.60059665330202	8.340529596566446	17.204327399256428	-0.8950226509817685	2.777072085234606	7.612372801476458	29.096701256899618	12.069549995478067	5.280809825361994	10.742591787353854	5.037684242299437	16.778754004834557	10.34114616718848	13.471039258087073	9.066387487116662	12.977229259037797	11.058786215631862	5.72304268980301	12.817814573909157	19.855891379270425	15.399173408442874	13.839096231324215	7.754319034395509	2.6769858617271702	23.680202318265987	12.744229226839035	34.175766992065164	6.5399403863680945	10.734712276450821	14.2337797680093	26.437693498870704	15.928872807718927	-1.1870449349350722	-1.0173310098475747	8.111796438675025	14.787580712311764	13.408181882337185	8.465863820376992	13.113484279623124
27.71100184254689	17.87275635253738	-0.39845883718805597	22.01259599655799	13.395976833172114	12.706544636125058	7.803109679733274	19.577296487261552	13.107505921415173	19.992026985649975	7.161353514416089	27.043286421015484	13.912198012833898	11.187997372842801	5.521297198573652	13.201969397902893	3.1854620678718217	7.321845360179924	21.131194549274753	7.40142502189976	9.114390976621754	7.064159559323195	11.186890751208793	10.975037528892148	5.7809790745441445	17.87203918090109	13.16706247231962	28.106030742269272	11.280429580740657	16.29623749986357	19.356904839227266	4.421227582154023	17.9763884447391	6.8894372278313245	7.940852217370942	19.67015963559896	8.461931539191198	16.589217912413314	13.538760256444027	15.731181045991786	2.0209662765119756	7.8528961275405775	19.70110155136531	4.197897646240184	25.845527888115313	18.49165769261421	0.6068356311140892	4.543282932329232	2.8065903550609836	23.379100221338405	6.294017028607096	17.574514079766548	14.158994460643683	6.290754650732666	11.998248954501035	7.935292212515245	7.3704172455376264	13.277384167355157	21.26910503428118	13.20302330357397	10.684546685845353	19.0951338943772	13.791955703977418	3.096762045108586	-1.763537800936358	9.464881195505765	7.862693761144871	6.377410533778605	12.002822748117126	14.658630276944747	0.9084628007924431	21.13900928891888	0.15811482629937348	6.108965945661035	14.28386995548884	22.86481182005777	14.19307992334968	1.3216461377354123	5.647641760327853	15.446494654299368	20.77390036845539	0.27580174726198514	11.7827461814663	9.277603778048482	16.663665965263363	23.781065779922343	7.589507653558953	7.780011955979658	18.442290897864304	11.142534180213213	16.685362713781476	18.82646008839559	6.774890093063568	0.6392383712188816	8.170131277789833	16.58967370034967	3.3449190387260477	8.936582640298589	7.875155603961492	-2.1662825428902917	21.233016132381888	22.8160695261356	3.182843375115856	5.19759450416095	21.269215735960525	4.343530800461345	13.598266194988462	19.990169707541295	11.68622497377249	18.00604410890797	13.753163078538812	1.3329913729411182	14.840745699357495	8.749658714328035	10.075085174718014	14.584676054215059	11.293794625622487	24.291933799179127	7.371241493556309	9.469945060686479	-2.6352173303422908	4.7214816811218405	1.1568961821216763	10.209682969403067	9.75401590488901	15.513910873892467	25.071753476424	-3.9777176606516593	13.90274064955615	21.46292165465446	20.04329861532254	13.194325480258463	19.66752469904818	0.104837035290624	13.06406775926083	4.7303054054591245	5.884264206840326	-0.43182514507804204	-6.423913080296623	12.115745520502264	13.242122337119095	10.842362282164812	4.825313232739461	19.30515321825875	17.24686297666366	9.368626671594287	8.516586406436906	18.36089980256434	17.22957642568238	18.98304081013239	15.988512154912259	8.050427313863526	16.8025954204727	16.323224536806258	12.470550486810605	12.137694250432839	14.752215401721676	15.777753550177282	13.826818273739184	18.661878273399626	17.535684518592625	17.297680757684375	0.8534557782228416	5.138099689576259	7.690703657689226	15.712251490306581	6.619783380911629	22.804397955995547	7.818110690729232	16.151417451434515	4.546999848717077	14.267722040999834	21.783703545663425	-2.9139335207144463	5.396227599196055	1.1850945925566345	1.8129366719636837	12.381449676759281	7.139775374640222	11.665852847519291	20.501811896135017	16.683414582106987	20.092783279219407	25.12601139050482	15.197346897660111	17.822836551096838	15.49857631974241	14.030806507214894	13.193989924395474	16.248150008204018	10.715011705593675	16.61650460642281	1.2503253392170213	28.366321861799232	11.685903933467895	22.18288069391703	5.883419301038055	4.988412647770906	21.479741322026648	21.484857970491827	13.267369385836737	6.57592988272411	11.896346854739194	22.82478713814891	22.21798484330725	4.014980036786125	13.366323630450403	7.637915236695356	9.558841247750264	8.868988372248605	7.67815332231321	13.45088050449942	12.366347180402816	6.59943169500474	12.099246578087536	2.6670323593828855	6.034369603590651	21.751111097952084	22.308113806250972	6.5659211163160744	7.863315441611687	13.701710416590553	13.891640608729144	-3.838083302939772	5.36210113965678	6.9451673890654995	21.44774663450615	5.028455855458458	18.024167733177897	5.038429056837281	6.968860468201845	20.33484423275037	10.546832291790997	21.07301252958205	22.31786501540638	8.648872271526452	6.04535057774509	18.98078035694581	10.602458820990913	5.971847073601373	9.310257705340344	12.562733317244938	14.695548426201306	5.388489083391385	5.0366120181625815	23.392808622186166	10.059876273030646	6.7769666865488265	5.711028774243242	5.299196504544984	15.742046289306762	10.672836164104401	7.7521555155401884	4.191607786589705	17.15179247892488	17.317691832315262	11.868702538491746	13.174264720958595	13.85163340522816	7.079444602995234	6.063064487270803	10.778806513026256	8.492588284930157	17.306433473145006	-0.8171886594940514	3.065529952923617	7.674653967035103	29.176852207691287	12.168320421274109	5.360777489534484	10.804647431171613	5.253573522078551	16.91515494141619	10.419030541673807	13.493352434980723	9.106424712808671	13.180703464028117	11.571996407403272	5.756577327362534	12.918533460809456	20.022115932160407	15.688784954272656	13.95129084142488	7.853793945586674	2.7334833229668636	23.906228865314606	12.85152723733061	34.2588104727294	6.620372825305904	10.999365841463305	14.351451714114141	26.456821650877668	16.066675551542975	-1.1023045170102317	-0.7452704279739587	8.32237097226018	14.875664307784186	13.646149684766907	8.595794230733883	13.190972325618143
27.756696471331445	17.966344555736356	-0.2871062394143963	22.046198902194025	13.501817761535166	12.977170797607748	8.118902845615091	19.617560199921538	13.41365458788483	20.024893447050687	7.391874183290268	27.396237380742143	14.063132387604044	11.499117866077357	5.85888058728758	13.259410202749962	3.5467609537727878	7.359812039405648	21.212254971104183	7.471971492231111	9.274222220795293	7.206833340760314	11.249182043990988	11.17879653384404	5.900889858629325	18.088188644296196	13.303915362576062	28.17982647147129	11.491159157902759	16.486343319030418	19.397911492203395	4.682127530723817	17.988379509433056	6.903238926444833	8.02728061831766	19.78463776695141	8.708294140681684	16.81284660115421	13.89221050334906	15.848275112808027	2.159881554307228	8.04433141318729	19.82164026874627	4.275716589983328	25.90149098988327	18.72396191532045	0.798728271246014	4.970973940900862	2.898383658808748	23.550226815295975	6.401018525406768	17.683566202909773	14.253848672970499	6.44110030559396	12.01936545336493	8.063767007125772	7.457947059800811	13.37875730614265	21.308298041318483	13.278923364762313	11.260018727437805	19.32857418408828	13.864353887210306	3.2232898677664577	-1.6695876036474362	9.648146104754822	8.017142275737541	6.469073069435548	12.16145787499861	14.72520476183774	0.9735881323820742	21.390611101077187	0.2770140426906359	6.212664693933196	14.610063607747543	23.035391087333593	14.227069211436566	1.4089794634876733	5.755840160852836	15.530417769704629	20.94570579365143	0.4077025686384304	12.122527551505236	9.496130911937264	16.77253423468578	23.83770741972174	7.638310155351956	8.054127941454208	18.632457797010144	11.185828054635508	16.87997113200503	18.970616070909205	6.923745520608038	0.6842013507034702	8.444917895242629	16.607150436993518	3.855259590558079	9.029222582011027	7.935088220615545	-1.8337943038403133	21.342158155179508	23.293275131824196	3.3028895167458456	5.444428399814988	21.32063554183486	4.563416410526642	13.727852237884244	20.18699964120789	11.793579276271675	18.334967712203653	14.597355854638089	1.3795074819437623	14.922068216448071	8.841175552646227	10.220079480398859	14.983191510754253	11.478647748253515	24.806549354242048	7.431707105966794	9.681285034760002	-2.5630504133690524	4.752177683722573	1.2317726448190434	10.319047076391696	9.870568041822855	15.59727693155213	25.15651617760397	-3.932734485534742	13.94947491870012	21.668452501746156	20.13596713662536	13.334662947399154	19.819812362096986	0.20834014985605417	13.1756570820662	4.907784288997864	6.160233206901906	-0.2937635395786725	-6.228057881058408	12.210524163524152	13.3929605856697	10.944183432626357	4.920757907944172	19.4066374242732	17.272610680850825	9.682473648632959	8.603079792972089	18.436604577545236	17.407064107474422	19.1681913470316	16.0579583754662	8.178097696047818	16.97224146995516	16.363893596710653	12.527335147806934	12.164685333699229	14.960555912503809	15.987125156725513	14.24120166995041	18.84460458624662	17.761914248847997	17.32130061419873	0.9382926359656536	5.199617863617861	7.746357985498263	15.754757221162349	6.634642478544812	22.911104839097224	7.8814635083900395	16.39590865313328	4.591987161659628	14.43981511470067	22.326615861972947	-2.849607376175432	5.727462577588197	1.4393949410006133	2.0503637210519003	12.435909693055086	7.296664393997623	11.776148404848445	20.597265744836033	16.784573107577934	20.146967364889637	25.190506483407265	15.401753462408022	17.978598658937308	15.508411060075378	14.195083078794514	13.28423676068144	16.28202158269437	11.198109211324674	16.679151070328277	1.2815222566848972	28.615163218865092	11.813276189097481	22.20437624934852	5.956961259765137	5.142497782871992	21.502068092750626	21.719446067324135	14.10638444283955	6.67390509161071	12.124840448860544	22.876786308646594	22.326847197883506	4.228880038973201	13.579443954555062	7.870010352517774	9.604896111928444	8.920574096045142	7.824489957575525	13.577808211538038	12.407036375399343	6.679852438703886	12.237950057048234	2.845834481086307	6.075068542007848	21.95373950968476	22.372254418220965	6.725755375117179	8.3403360231506	13.78071567801617	14.080783950679466	-3.761946580737093	5.461380133994196	7.17164746809992	21.478158666004713	5.140071515399723	18.06859306477496	5.306764634747166	7.0607826320093725	20.38957212456456	10.590503108428438	21.14864295523809	22.43514836426207	8.830272673923751	6.092402109334777	19.08523843129266	10.63881683941755	6.122831385493487	9.409724389937052	12.660495451587314	14.869220138530137	5.496225784101742	5.164732740147695	23.57312376141099	10.142360973725687	6.86944003377685	5.915434500910261	5.546487660135067	16.077512938389948	10.966763203501392	8.03750841572975	4.233608581234972	17.509279769746595	17.359432139528657	12.133365124313869	13.341601360745676	13.903349841769566	7.335429158961272	6.277179897584003	10.93933402019063	8.62985965970117	17.40519790091747	-0.7908957983930726	3.1828517025417824	7.841763502585823	29.3513722325058	12.395985888774748	5.5064946355718005	10.879864315466087	5.2866146391212965	16.93167866572047	10.524822003781512	13.581892755047102	9.154442137889793	13.316331189667698	11.634452641608595	6.171393717739846	13.149074053501698	20.352781338953097	15.934602145781758	14.166334399904697	7.965125777882126	2.8142625085398643	24.05876774486527	13.212164575505083	34.39585935286888	6.818131367810996	11.190152302339994	14.404348403408525	26.537717864504458	16.17140073573455	-1.0294650916313042	-0.5686678381722452	8.531339308540055	15.048955210683037	13.698145551844384	8.72082247687361	13.25869414803744
27.869766332769935	18.022246824621227	-0.05981638921852452	22.338054287356673	13.631881160865657	13.099478669776131	8.22714155040635	19.826809281714258	13.572313634075652	20.066142788806296	7.463986436665295	27.474763484039915	14.085905929518649	11.665749564783647	5.946459720894089	13.338638901489707	3.7131650479463327	7.469274981561835	21.32174335327888	7.661141708664297	9.298380843727653	7.387588255719927	11.349911347844483	11.221723804931344	6.175996399124898	18.171768758911398	13.420413417542886	28.276682600913546	11.696817463299588	16.532673905150475	19.570981578865688	4.761516517756161	18.033178859500293	7.190903395382703	8.17906587166021	19.957825842190335	9.020472592256933	16.848642066990276	14.224301271321636	16.21664308591396	2.3708424014762524	8.17465882296189	19.999682160049066	4.341354169243916	25.99644046464966	18.821642831406468	0.9915494477461303	5.020516905548659	3.139463520896864	23.679737327068484	6.484258434261104	17.789080448060886	14.399118154056746	6.492347167242637	12.080374999966683	8.18601800442778	7.91188316512072	13.526637801004059	21.608127952643038	13.401507724637307	11.280322752072868	19.363737397115358	13.921230323546181	3.3008763778503867	-1.6172943953343042	9.791818027262131	8.181971955707146	6.503158835956114	12.315235160427198	14.74374552673437	1.0581162026477362	21.49925597224546	0.3447612730305841	6.397915378998634	14.758211998254142	23.349858352717472	14.353632924949387	1.561687440394752	5.83799019783523	15.618365245998852	21.128505981505388	0.4984395331318875	12.182652733412509	9.584493345063585	17.044963206270783	24.29675270659368	8.003273979402248	8.613182497103661	18.702948571099608	11.240967725529995	16.95918575461901	19.10582911353494	7.232115326279716	0.8360793327113718	8.526116389501606	16.910671634769724	3.957686307225737	9.303296316968769	8.209708336036321	-1.715967482338992	21.472078552103227	23.368320148182658	3.363622056849115	5.482753391883921	21.389328150343673	4.627269662912649	14.03721767415505	20.2984660364196	12.164179853616362	18.512805818621025	14.829916497632947	1.4743193557415146	15.087439119564916	8.977162573985192	10.334161508749014	15.105500847420574	11.893791215421228	24.899832446109926	7.512571823695981	10.024204690733828	-2.4640939938219217	5.0009778061713455	1.304131960468383	10.57699751511513	9.987467314361211	15.664208398434887	25.38750571764565	-3.5710482983337357	14.130346894038764	21.87848118185225	20.42118707014028	13.410284338422027	19.830876173029797	0.30647219155462013	13.270071556376617	5.067791501881431	6.245761132180868	-0.29180797023079746	-5.863414397121598	12.322051907419052	13.474754070397138	11.155594680971125	5.065496244053372	19.449128314373635	17.54054346890708	9.814078475679167	8.687034103899189	18.488489261592008	17.595193472709358	19.19267837092421	16.20015931506122	8.267516534287687	17.174117503292823	16.574723696375337	12.633893040227694	12.29008236610108	15.013995079288957	16.06991709318953	14.38783365204767	18.91820606183293	17.980348261778722	17.385275033684056	1.0191091401956487	5.457212712438404	7.966860202256224	15.923862177584185	6.655336963930301	23.019919931999144	7.987046044134923	16.50689774257273	5.06486875800651	14.67058324939334	22.430675831285953	-2.7875760837442547	5.866518346062514	1.541085868876855	2.2589375773471847	12.641977167554387	7.499163377900096	11.987739965882513	20.6306579368228	16.917232757588735	20.1885652878042	25.283610456751006	15.664360941595527	18.049887069973163	15.604675540149543	14.28455401419899	13.573203665479303	16.432960188669046	11.266033562573938	16.855042080576897	1.4676750094720665	28.63151877897295	11.892107706048902	22.48423614816912	6.098366243229974	5.317668682413478	21.807035444558274	21.770422273550857	14.351250395132189	6.941383603799281	12.261744930874451	23.272119919308373	22.40187388222352	4.321559008971253	14.340571667106616	7.905951734254097	9.613512339853697	9.072169385102143	7.894070876336349	13.682265497435026	12.447869512417386	6.797891513468216	12.501069317901859	3.0005402375433574	6.400409366229303	22.103489739164797	22.46718116468644	7.167417286617094	8.42338499582867	13.870780606520706	14.193324796642901	-3.608880707463538	5.64991521046418	7.3984975219814	21.72854697738511	5.55864318364137	18.302071504105154	5.400066133390482	7.135180463245258	20.512957008156533	10.837981358711305	21.3651599381268	22.564027705634494	9.124237607558944	6.581962400503346	19.23978993484959	10.727471672376463	6.271125334719098	9.45000887861263	12.99016558577875	15.09181530889901	5.853484553426952	5.269528599023879	23.619434398375496	10.294538126974476	6.934610558639309	6.003579311038736	5.7017708460087935	16.144308397368494	11.023716113765301	8.282941852524614	4.32627274661747	17.668275746457837	17.700639676776454	12.29707710272542	13.421157375550994	14.17596256095049	7.688542564348119	6.453375453032049	11.124275825772031	8.818518076978544	17.698374445892387	-0.38496303407631355	3.2095816689590015	7.882414916267581	29.410693440162394	12.574430370756074	5.597893572916512	11.055254551744312	5.462954879553793	17.267410927054268	10.614943766798369	13.67989661775141	9.210876985239421	13.59566059972665	11.823249180350391	6.319178149059364	13.28356169953331	20.416042738314584	15.997273897313931	14.221239914975545	8.25901914512234	2.9456464041130506	24.15769075222064	13.24218371375965	34.515896070201045	6.924712723473153	11.430007492317495	14.70084712092391	26.77931751433874	16.259138368747447	-0.9661577759951426	-0.5210135439489297	8.599568755355282	15.40455463969738	14.145641845617028	8.879717141885866	13.387576120404189
27.996042344182822	18.06633559747528	0.0010045902514703347	22.587271443489126	13.75946692668476	13.164500176960084	8.475913290842275	19.923209166326995	13.844365189994534	20.337369532928097	7.720674329868214	27.797971945451838	14.293918897985813	11.747431656614873	6.029628776280088	13.440002932590216	3.765849659429703	7.712736880175283	21.378684962059623	7.788715091919088	9.397241923942117	7.429754842466926	11.458539051437482	11.265527764165663	6.2433350785138995	18.364685741712556	13.50478662145561	28.413695151792567	11.748049390205892	16.818780013280477	19.719811685343352	4.904598036488249	18.390662421709965	7.210207352781905	8.26114212976084	20.015680332022587	9.361101463189943	17.223161501352394	14.296674504265408	16.290862761353658	2.656436764282991	8.417983384581476	20.10135012664677	4.655292034447955	26.019275674544744	19.216544972751866	1.113652365117305	5.076141036928431	3.2812881086537704	23.878356266787875	6.915003663487753	17.89784146831748	14.461905462197553	6.730227020572126	12.433913111499118	8.220554243093542	8.140357930649364	13.62982507146225	21.843573999444164	13.428746507048318	11.410610437114478	19.5345037590334	13.971973756061427	3.3775973561058867	-1.5197264098013088	9.89798754685964	8.345481793221051	6.726624522982896	12.368185685857553	14.914509245555223	1.20429239614071	21.691028335516933	0.5907146960810238	6.425983670368386	14.946570686004826	23.411816447761904	14.848864965956098	1.7516298922406965	5.906296716159466	15.810686297032788	21.282999464087688	0.5800150310762284	12.386566088255886	9.623201172500652	17.972361225533888	24.36885175987572	8.190949758799723	8.770884210492243	19.000491565271574	11.509310436552427	17.01490542634391	19.367223356691678	7.280746177422885	0.8945328555441288	8.690416827195172	16.945829784345328	4.338832229366444	9.330012521153428	8.314430808134743	-1.6769136556433388	21.51881209616929	23.557299778632526	3.6342517351291073	5.724273092270121	21.488725126929424	4.7074884298612085	14.30148080263403	20.36028293382634	12.212536044802947	18.69248663473773	14.89279138689987	1.7784180634820144	15.211836623983464	9.022558513154289	10.463282958097965	15.484350944542939	12.014075973305138	25.17925960258605	7.781801716462503	10.191609463593155	-2.3903857439997145	5.17454037685641	1.5201844676887375	10.662209882050348	10.015712277414263	15.697213133003203	25.405025988529193	-3.4916584763588276	14.358966826550374	22.053739510248278	20.487120927486167	13.471780778581476	20.01847376262496	0.4475154881885907	13.32315067853251	5.412126300082595	6.370447243382075	-0.16330132190953284	-5.709340183573045	12.448611088361112	13.733647849108072	11.431601541530235	5.095473618356189	19.61521217743023	17.628549578932038	9.899349503097984	8.884610017947585	18.701649348420375	17.689498220952178	19.272927642469508	16.419343954941205	8.545004040415668	17.31004426383727	16.641049211177965	12.762918920732808	12.380380408475235	15.1350583209833	16.296804348583365	14.604525659458435	19.060655128363955	18.09541863753331	17.564215244816246	1.2202400583709658	5.484403880598966	8.118642369900671	16.05907283227199	6.799598151265442	23.129419563889947	8.020183660953233	16.524493145885522	5.141103697390142	14.702243336051817	22.519340988485396	-2.734888722605616	6.036141811682496	1.6961597820001098	2.470369303507448	12.699636075237292	7.608495139738855	12.049185505747468	20.811888667181176	17.139260181748345	20.39867554035336	25.4053086674215	15.76657049024579	18.246668580304615	15.72112107691106	14.507227056957658	13.646437928943941	16.555073408837917	11.367600548352739	17.025582220807266	1.8057772582940663	28.71188629773238	11.92777558042641	22.566971112825133	6.232098317067176	5.414077474198978	22.069936464149713	21.92804865192071	14.406114593195753	7.075331639741845	12.46782803524205	23.412096855016863	22.668387245763242	4.364565303468001	14.667807222824898	8.200881522453747	9.791682347977646	9.077544704822703	8.104707152449206	13.962129475793716	13.223715719169498	7.094403250625563	12.560443023305249	3.097726047312276	6.450158293567131	22.16424102221249	22.73857769242082	7.173520209555699	8.587753792270247	13.968474496701099	14.395359202003226	-3.2420721568823234	5.826403928156788	7.432627145917407	22.17452612473566	5.713947838570114	18.360315274549873	5.722843679005369	7.1809187632777975	20.706311266261956	11.137053844020036	21.671588460114187	22.667327342143967	9.146640560482878	6.663381852789537	19.31081660066107	10.912110962973331	6.414266061120105	9.622707891304334	13.161101918713976	15.152118389039895	5.895133019019569	5.41416966294417	23.72035308119159	10.550654936556944	7.100609535680515	6.150904549136726	5.917468130716185	16.236940046603962	11.038502809788898	8.365958022563838	4.383417467942193	17.73727581011288	17.825073241538167	12.366456038828044	13.560121769568557	14.275890663684969	7.836586482075169	6.895250514029443	11.600671784566257	9.232439242655024	18.031126180285383	-0.27396924825594776	3.51941974685139	8.17203629081566	29.45557996265193	12.744992656799846	5.725641174288957	11.182052032546208	5.596260835187081	17.52685825145855	10.698005165295289	13.941693728360653	9.23284128933792	13.86520101343616	11.880987753519255	6.434340462473227	13.351364282896498	20.46430695107401	16.135808258706614	14.28239839914813	8.362962182636348	3.2537792341921135	24.277739559771515	13.494871306118965	34.614443461851074	6.9747197789991535	11.527762135441353	14.924454526119648	26.96313686164901	16.521506063553648	-0.8723042249046266	-0.5044831952572115	8.806069739050782	15.55371930285179	14.190659640586638	8.8825376554162	13.552700286892255
28.05503658395732	18.14135667782629	0.38072408241242084	22.835749143620678	13.87699637730565	13.339682581981505	8.623166703591123	19.98259070252755	13.892383542102822	20.48581348266263	7.830666126474818	27.980463487043572	14.46723846147973	11.780354868225926	6.405464646027841	13.701379969384924	4.154900269974641	7.719893573172703	21.570967573550675	7.942023763053229	9.492000940318746	7.447345838002106	11.489949811761527	11.339892906508698	6.365973081577255	18.54953500072774	13.59406477001239	28.532811269654278	11.98165848306732	16.916844608189468	20.046440591135838	5.018747310983284	18.601447924775446	7.455455065987223	8.738062343805222	20.192686797522818	9.40963279630274	17.293237230923797	14.330446549790645	16.54171460610624	2.752857127702253	8.580447254427327	20.30185599407343	4.747477491306555	26.069273387246966	19.239021492944552	1.2623643275039051	5.118899691788965	3.372343877263529	23.899623484475164	7.008431864182751	18.37744092076876	14.5710030154596	6.900565389411156	12.54578282831042	8.297724101608392	8.2238003932643	13.851364527123701	21.898584813920458	13.660748998008831	11.465822653507596	19.596684818406818	14.030856256566517	3.6728731645154684	-1.4074401331738386	9.977680672839114	8.443955415593514	6.831487762900514	12.485581923712155	15.265263798389444	1.2724044498797762	21.76733682285524	0.6454007322701864	6.606033045295669	15.157274059012504	23.452921647400185	14.873783975498544	2.1628503657196085	6.0396848050926595	16.311273806592503	21.38366153855703	0.6612336212193721	12.474641282317826	9.651236060805775	18.10781111897288	24.481184309253972	8.323797861171254	8.806958491347942	19.223223294477908	11.64157072887637	17.242075006330136	19.472839059360396	7.490993781841656	0.926584657690786	8.714079277783267	17.072805023130392	4.403788546943525	9.391870153815141	8.502121835379722	-1.6064311182246582	21.927676794352365	23.759734930325592	3.721005021395609	6.004026105743455	21.62500179777453	4.754848444110326	14.476979251124193	20.57607303199506	12.226872806916175	18.76512579748284	15.06823703013768	1.8789847215746198	15.257522648731639	9.379894026764719	10.566142266097168	15.564654199907734	12.04807334469933	25.394677732792392	7.814649214087975	10.299766611596757	-2.3162266639208107	5.2464309316117586	1.5615061781885649	10.751436801393298	10.373514004977398	15.714073503691782	25.74714221823223	-3.3468641434104547	14.412933060820677	22.1475276529664	20.567360974532413	13.604393553863707	20.098483974830444	0.4987414050716953	13.430784283520072	5.510348485959098	6.535630996991322	-0.10761733153882472	-5.668107254822546	12.569312468697236	13.874986751080757	11.583068720313845	5.226318992503602	19.75373559927556	17.645434963625156	9.956708880138368	9.00475009200751	18.719238758275697	17.933109490512493	19.41304250826371	16.440701343654435	8.656810479600335	17.368972613658077	16.707902905888396	12.912063533940804	12.417702090647436	15.281396622991116	16.5343551831528	14.617293465006291	19.351291993598156	18.14878113713158	17.940014353138125	1.2444833094612262	5.493880166114664	8.264492809537524	16.221675657968163	6.845496924058046	23.300565698980538	8.191170416839208	16.541152001262457	5.28319270286086	15.015715228220417	22.537868829936162	-2.6228532191582707	6.19611277640796	1.8996671047922544	2.6167009508852708	12.886118308965264	7.679669958907614	12.114715337127734	20.99045637433586	17.149370077863786	20.51579733989379	25.680301494722293	15.816860630458747	18.30654742991728	15.757818508154848	14.668963922718111	13.685711879384947	16.70490613084161	11.401815815860397	17.19264645218826	1.9355344158913312	28.825339838611605	12.043608493916583	22.803892915278958	6.419913722285552	5.478958760019266	22.193101668376126	22.13885663039088	14.457701301065756	7.265365504811068	12.57844750392699	23.557016739999135	22.712309984403056	4.542163700114228	14.797782751220083	8.222228610816336	9.81777708138996	9.238478454240603	8.132648613825943	14.10616534031549	13.38831228363158	7.2572219458305	12.775628132602218	3.222453160991951	6.58891905046453	22.203031620421477	22.818013758507238	7.256792838797066	8.655501324558838	14.119845257821877	14.692520423203124	-3.2055983486067308	5.907112231224163	7.752292517492087	22.275837463442677	6.264972351890787	18.862251416686803	5.968471555399506	7.321207894062808	20.85710581255441	11.54695113420948	21.908001083570657	22.784530199048852	9.337056888273661	6.707354280805734	19.360854017902817	11.078573345668318	6.439606624332277	9.697662067417035	13.220495787204277	15.354624042167385	5.993060112441192	5.576922830791951	23.898869770132336	10.794732873025318	7.382819443620525	6.566051087511454	6.181072790913253	16.390174404600728	11.440098548598955	8.506925830987855	4.486703405706188	17.89304379057999	18.025390170549105	12.654062626966095	13.621518645935264	14.505452436746927	7.909486651466202	6.965635155978121	11.617219292216962	9.374634738894796	18.301904897246462	-0.16844115174623392	3.55928839904014	8.199134713013674	29.485897897839937	12.912441944644693	5.839356167209804	11.362118377111788	5.704235963453221	17.567793648744836	10.752325194413155	14.072978002568544	9.338096219201764	14.022018998205628	12.012639390380082	6.525684757341356	13.444680992718878	20.5316360415802	16.23728981226407	14.417413961507243	8.40440082203307	3.2900413833272975	24.323893775464253	13.757434901776934	34.675687434137785	7.097411967341703	11.675070240342793	14.979197823564299	27.073057995286632	16.551501872577095	-0.7656571753205745	-0.3648575151232564	8.848234557819794	15.575888887079632	14.383109652666656	9.000467194060318	13.780888506393943
28.243948373619443	18.26405441080943	0.441224459828952	22.88767400054493	14.031322557871608	13.429983833989938	8.86778334436647	20.06496435745275	13.980345045982212	20.683501703596004	7.983652833445576	28.029339719884163	14.667426844327391	11.928063585751655	6.437627986050974	14.03613772436511	4.368857664398048	7.960379224625682	21.65166345417115	8.04031502784731	9.51302279713809	7.67547301221366	11.603451739368179	11.487914305696608	6.435402524148992	18.70928940365557	13.742275760005999	28.613054536586535	12.000221033297368	17.01492810238028	20.055624278075545	5.12265976574284	18.703118120507362	7.694712958089891	8.903710253793111	20.532038903202643	9.435347731987576	17.35242759599548	14.410211412052762	16.63243337551818	2.8446351975265656	8.60175234461844	20.39900237565551	4.769358344929445	26.133769197473715	19.35666141743381	1.3726033024121975	5.179738530083512	3.4456351334057342	23.924901891587787	7.124433689678235	18.453244938793652	14.601061513896106	7.1674767477679255	12.64764807878476	8.370457455596531	8.328190148864211	13.925286035001008	22.23189893042275	13.904515627213751	11.562330327838092	19.750331235598736	14.26708835479929	3.858720622660143	-1.2969132036839786	10.041068347404018	8.51990333109678	6.951449912101158	12.710958733925944	15.389109861217204	1.3848718361248133	21.872822820273036	0.693694449478106	6.644462381197679	15.38478426723756	23.65792186292737	15.117582980977915	2.2958570809619787	6.262935532262302	16.467900692916718	21.47685823174157	0.7726257016076854	12.524700951308894	9.813101955880898	18.18134290696724	24.585203663874097	8.43223160234648	9.237621471846651	19.443468847180956	11.831295163508168	17.358827758067804	19.577123161726444	7.750993348992184	1.1483667944636569	8.88813876268677	17.36579904312155	4.645687380250588	9.671222846782207	8.584169378401581	-1.421251233593506	21.98387790470447	23.76998695628243	3.879961796648843	6.144453345740684	21.804870474624312	4.85171694783868	14.526541146962543	20.732330906375076	12.367302418395218	18.9232693986838	15.085399788228457	1.9404765846340182	15.440544855865872	9.458481225981293	10.723845590841846	15.726090282428812	12.077935498480016	25.418596193777905	7.901053592446929	10.359359487875114	-2.2372755832845455	5.303074609535242	1.6865467398739733	10.780155407471947	10.401116623827221	15.900472380640693	25.929628874755984	-3.2035997342487006	14.631969088020321	22.271301605273564	20.666561521510122	13.768784990409234	20.29447160340199	0.5614969855251954	13.515797455350794	5.701210397246141	6.620505180446265	-0.04267455848723857	-5.383724628824879	12.636863305929321	14.00829948944787	11.784190380065374	5.537917797463227	19.830579841525537	17.80497176950455	10.058003928792566	9.043629157835923	18.892167220887224	18.377420148757864	19.50808362573854	16.581848406816743	8.69211194751176	17.786567962824357	16.803382719179343	13.02602576034664	12.49828322561338	15.369423637352252	16.664178293920376	14.685036708098483	19.495557372768918	18.41783090813519	18.007215979781012	1.370981432911568	5.76383116163882	8.42164430099997	16.34130083179521	6.879829869171999	23.313433136144237	8.29393115064383	16.601780372286125	5.571797772588021	15.114326882058133	22.841799786061866	-2.436199426898523	6.325218544983678	2.0847497940906683	2.651107744131037	12.900021712268803	7.69153064003893	12.187897545360668	21.224995245545664	17.363671554185515	20.573687622181875	25.766550446648697	16.34314491359786	18.44459929130828	15.915799648508692	14.958738830396484	13.988845247150108	17.072003899746758	11.693971083723769	17.20786645051864	1.95807416343062	28.869085684369473	12.339889555564003	22.90871282860006	6.4910678914639846	5.48302263505399	22.355705317801537	22.280738929375012	14.646727284739763	7.3637117971954105	12.870601674914006	23.696151219521646	23.000351656092686	4.5954784537704105	14.870422639136917	8.236318479510238	9.866496048658147	9.283021455112541	8.279031063911749	14.337193881365447	13.879165522719227	7.306335005348105	12.823325031781279	3.289922258162282	6.7533784937295795	22.30389162873777	22.85000420400128	7.402761572226664	8.736451450324122	14.237586608278992	15.043066940569746	-3.157747340813151	5.9727660480932965	7.786199202634466	22.314670125188023	6.365561226489644	18.897263038294188	6.051280825790412	7.5163207528229545	21.015315253639343	11.702920391341797	21.930953511434293	22.879200022765453	9.405136118924057	6.897635822831636	19.429579033239026	11.362452726871043	6.488801639190318	9.756271985790217	13.54740340477365	15.574507063869165	6.2299732804525085	5.661455548286646	24.030706615465373	10.811140894063714	7.50774958080807	6.651461966115807	6.364190594126542	16.608853708344583	11.601185185226912	8.564909073026648	4.551021091203242	18.052727483136955	18.114360480388047	12.862124873771933	13.705188239711052	14.611137565143189	7.994882717544846	7.067640624460254	11.905549320192138	9.495691638409962	18.408568133893816	0.04273250580983761	3.659266883715017	8.408279167106029	29.653275818335956	13.165541531765207	5.887841975102408	11.415480184427059	5.730364716828309	17.7236038446799	10.786322268491174	14.316098580861485	9.578305287600116	14.087361311628678	12.276889395349023	6.7183358301462714	13.625556761020524	20.64930754058507	16.453670267983057	14.560840205419439	8.433156952246494	3.4509004707918454	24.580424397474594	13.761999299595043	34.77291296000999	7.171665607331064	11.92969325588074	15.171112638540182	27.086609808043168	16.707723194002995	-0.7054669091756229	-0.14195869533479014	9.047113524822686	15.772806710026153	14.765991205012462	9.194379592129277	13.91984370938537
28.403891848357244	18.448413822923364	0.49301240301875643	23.067021353393013	14.208022319798982	13.585712865423684	8.887311239898699	20.301281348821043	14.129378130544488	20.69948853663394	8.060018404749707	28.242149111462815	14.71978658477708	12.035583954809	6.490097822057666	14.266124386462977	4.654617378763165	8.029603692199899	21.844374682521682	8.110125834749145	9.632921809689273	7.907352487163585	11.813723016157123	11.969824065449055	6.447524253247891	18.9752094617335	13.797066916130609	28.794737204300105	12.243186201998537	17.184720580405564	20.167973919883913	5.256590405849422	18.762125870779002	7.997882853611639	9.098745082917155	20.680125924943667	9.519066507153779	17.458219698534993	14.564057658248482	16.820682106647087	2.9885200439197717	8.711612763426823	20.610827210718355	4.980237445887111	26.468014877207743	19.496659910018174	1.4120741905346201	5.217797604147569	3.5048355136708063	24.207162642629907	7.2633738117352875	18.527429026280757	14.76291800584454	7.383042453395604	12.722303643359048	8.651280626897622	8.339582502789781	14.096588711947854	22.245722315398762	14.227342008953524	11.676352414191639	19.86302050919351	14.350259493898214	4.004972859347166	-1.1025609889856982	10.172184616866296	8.819127471658772	7.3204523298155975	12.975388791403455	15.475369433702927	1.5892681406143334	22.112164034890363	0.7817915723914637	6.849170092036252	15.428401074777813	23.777887710878556	15.24712114546717	2.541592087467706	6.351845885862016	16.664725366336373	21.651867116777087	0.9513763147658497	12.74171189720404	10.000147501262637	18.441758044580702	24.73101738652146	8.479597239594222	9.410362749818407	19.613316807971945	11.880892103177295	17.57847420200381	19.71267067106507	7.795775004968247	1.17678554938866	8.958231482633002	17.529542169755175	4.806842199205321	9.719722504477021	8.656064852686214	-1.366130874489639	22.109640721968745	24.025212738902184	4.255878230637868	6.356722773486151	21.96302515062649	5.078761145659983	14.873295630728455	20.949071169154838	12.628455732730712	19.12670673296056	15.314420764765165	2.0719258376429903	15.625196511228998	9.525692355242942	10.776720884544476	15.99806473617267	12.343659881480148	25.50153392054456	8.0057463214409	10.57658134759096	-2.08816089866708	5.3749891695935075	1.762917893579127	10.831641720854341	10.627927953786335	16.01786612847639	26.204270846165905	-3.136554206736665	14.706510516382071	22.466241384860787	20.808255636553092	14.188400417470886	20.387942205968056	0.6007269233978483	13.535112948074607	6.094708033278968	6.768169348433688	0.3211738164914062	-5.2949835797684885	12.892387250733703	14.161345514564168	11.849804244480207	5.702220744669523	20.158462897447297	17.90898753134306	10.28826594599941	9.207992727911073	19.006380228969515	18.425610615236998	19.68912459837914	16.6875068019652	8.710320233699203	18.02242862987218	16.84204878049818	13.064202057469634	12.529433054591276	15.527605157590765	16.744507254225194	14.849571261641904	19.53100483620851	18.570762439854477	18.044782504821097	1.4868579042708798	5.80364222156995	8.671112335945526	16.39826509495192	7.067921795869903	23.486235390840292	8.76548619648789	16.74782344128767	5.858418517919186	15.426836635450599	22.894790708205214	-2.289848276818342	6.38540086737507	2.3431546111430457	3.034427548431788	13.009585654469337	7.969660400186708	12.362265359434963	21.3911837276379	17.381232882651016	20.606785620924693	25.852134567114458	16.386726406619065	18.64999814384869	16.01699597461938	15.028997170339307	14.036245133563945	17.146149369834742	11.87788070685134	17.283852973773023	2.4369141429971797	28.959358874925375	12.624065259972332	22.926551837742462	6.731563639962009	5.755744953624712	22.582201823346054	22.324381568261384	14.841948602554991	7.4031320877505085	12.90419180240629	23.964442779459986	23.40306406393552	4.710481618459583	14.918697362782405	8.620560818494202	10.023516339671769	9.568902449425277	8.343765910152566	14.480973233636888	13.95707337309828	7.522454339167109	12.949814953160322	3.3942760760504003	7.009477130012464	22.412370943495212	23.10592139882941	7.613704910425282	8.920650321075541	14.32325039496396	15.164759255663723	-2.8332129671770194	6.139396420628517	7.867201169139078	22.430878670951973	6.5356916936739085	18.940451014415093	6.264910009732318	7.706723920841701	21.06521651963178	11.82073694446547	22.22651122924156	23.199696415254152	9.472151039367663	7.116577515340732	19.53888070418206	11.515278115825724	6.611829869968429	10.023808326683378	13.600735385848148	15.832963835455697	6.3426409817417415	6.0222645510579	24.306695175483206	10.89995738602503	7.708549869783371	6.6803658049487975	6.469607165641564	16.632423689624925	11.770713466986484	8.641722529796366	4.64394846636323	18.15049351582776	18.14345343399678	12.908796891879653	13.735263384120676	14.65431335970648	8.265761133025972	7.084583789956247	12.079575222039697	9.540913786969133	18.666638106549343	0.21363200786886527	3.694046728375596	8.445815183938013	29.677270078991196	13.58449932764002	6.010436432495402	11.566331898119826	5.997146884238596	18.050104348822895	10.946261836503066	14.535785831330095	9.810711666994395	14.21032071912303	12.440760576258645	7.107857833866502	13.644526475456182	20.68091516663081	16.464632427037365	14.629820810064855	8.478593507472198	3.643929491082373	24.627573564419748	13.79238901235589	34.82747275658823	7.39734288525354	12.008750234438441	15.23288242689546	27.228567025490488	16.873758518085307	-0.6393403968706215	-0.013735253591401734	9.194688496226199	15.901670920363541	14.948841054843655	9.384891126289745	13.971448741952758
28.523156985882736	18.475987410760688	0.6317810345809951	23.214500866691576	14.286040875427911	13.794047070822295	9.118940872022224	20.410033746120902	14.240374743536249	20.814717231987153	8.158114623616848	28.39315880502369	14.75679990780356	12.176977093877424	6.563520183098288	14.409516555597234	4.8108470010724345	8.264382801076616	21.968389793527074	8.413419130974422	10.018413652360739	7.966415172266383	11.881439668582615	12.110085362202097	6.641945485080123	19.043586699425983	14.093873121096696	29.055321146052396	12.412671734111909	17.513965871588326	20.2231850955072	5.400110400467079	18.929995982806176	8.156147219771725	9.220205012865778	20.80220229527307	9.733020743584307	17.485788788884605	14.700104154356934	16.921297123015474	3.353347039558661	8.914101147585695	20.838719627717655	5.299010855644407	26.737233443861832	19.83276515364715	1.5333229800527302	5.3825689980677325	3.6467803550704936	24.22925601185612	7.317670981572116	18.72539454357897	14.827750638587302	7.43023855683738	12.746300471470619	8.800091535013069	8.440914421171158	14.320544401473049	22.41290286876031	14.244257038181436	11.742908529107602	20.00311379277077	14.550698727330824	4.08183351063637	-0.9943485775877633	10.248702515837012	8.930527905596767	7.400423371368909	13.041385893653953	15.502659213208469	1.6364056428236768	22.305439144412087	1.106449705085251	7.160288739092825	15.728252087869478	23.990853735086525	15.357822980219186	2.7544752612306436	6.752435236091089	16.720159174762095	21.760557641765246	1.1459665279355375	12.871331030541256	10.13627655672412	18.447893424882338	25.273776002902018	8.650600819915095	9.49465130655253	20.0312060087418	12.00359532583602	17.75155889687149	20.151735855871326	7.955119680450092	1.2862314399008277	9.196426294095913	18.039581565794453	4.940364012993192	10.230693041345477	8.88544240815035	-1.2843624777403237	22.23281372180885	24.13034531965813	4.394893958494431	6.486498385518784	22.037527148716777	5.1874063101451675	15.114145171575853	21.322647172782805	13.04849205351323	19.288176123456854	15.571156176751298	2.3300826147156557	15.710573474530904	9.670178078527947	10.80848908607292	16.18548210460466	12.590584475282744	25.65073235510703	8.178619594175851	10.868442464323438	-1.9161266757406181	5.688767256506833	1.9002290474101091	11.153911548372955	11.095698089040381	16.25263936549298	26.24612788773772	-3.0898495572861497	14.817290091157684	22.602908190756366	20.89698586752183	14.355924730260789	20.438009252169262	0.817908288265125	13.611903910464532	6.119094857193032	7.086630443176714	0.6253122101842803	-5.101136669553595	13.00759225000441	14.37078501055589	12.00618717721396	5.874723169360302	20.215761676146467	18.25968927522997	10.32850727975847	9.362347698688467	19.165076339245356	18.456777791370385	19.905323775286366	16.942115557816226	9.026317720031514	18.158727167816572	17.20704858089765	13.328062327556705	12.677620712883284	15.655677727015393	16.90897776608638	14.922919728255872	19.82330795917549	18.980686317711644	18.058333044707666	1.6132456429782989	5.950942978127211	8.937161501294383	16.615970424619317	7.389132716993994	23.54745374838498	8.86358253342992	16.934940779802215	5.981287181299713	15.516771233799565	23.003787725785426	-2.182817983512447	6.532213768046316	2.3552236231347172	3.250508908361389	13.12718080236474	8.041011320007327	12.373873799753712	21.54224566148033	17.643964468211973	20.6173634529844	25.97535676764686	16.412289672417106	18.703434024817916	16.262610184086768	15.176687754760922	14.196579080574107	17.296649117672235	12.044418308072931	17.39708631498539	2.528001131671373	29.173116937786023	12.687348514879758	23.045094852719025	6.932631862284569	5.781723699145839	22.73169808302954	22.49120148448401	14.88420226200121	7.5563265971507265	13.103451434142084	24.480746488618642	23.49016687116808	4.8078717021092885	14.978791316025507	8.68098481771753	10.207037408963785	9.713038066038203	8.505491067745101	14.593864245658809	14.18625676209386	7.6455258080325015	13.01675672030857	3.5460700038838966	7.304736628068722	22.496700058045988	23.22610546005671	8.147428621834429	9.070822585700041	14.343225209137152	15.253270769739151	-2.5228416453693168	6.162410303628626	8.055938578331453	22.74309165687022	6.561490183241658	19.124777914216164	6.315234264717468	7.868799733828692	21.303427319008488	12.078967066150117	22.434393307220354	23.26390730630119	9.857922984565569	7.365867148328448	19.89313502070012	11.68893835093618	6.77881560923647	10.104881578262635	13.692070998506548	15.982512148456	6.462001694991594	6.044814938321605	24.455971337631514	10.998524475353694	7.752576160666654	6.794425887996528	6.72702465497583	16.74231845944461	11.950658652380097	8.711325660993987	4.697582470431028	18.558010399823274	18.262688901783918	13.13255370870481	13.856694566754015	14.842877798142933	8.438842729452855	7.356055384985991	12.274887260764912	9.754752891824515	18.679231256005934	0.4592736925668247	4.007559994663934	8.456988032553616	29.755040300770577	13.668852919774439	6.197165668503487	11.607023675570321	6.157126173304587	18.600708410545284	11.463986065632703	14.640091355461314	9.8399104399706	14.320608044954298	12.494612100464543	7.266265512438164	13.751430265259218	20.979307624342187	16.49387263078189	14.79086016222199	8.690160925115789	3.7403768833415847	24.702552829499652	14.00333943776715	34.89881491081549	7.508165205400357	12.258669621203548	15.322892510217265	27.448566936520116	16.88950124037249	-0.5288372003457246	0.14460888315190068	9.341311950590597	15.951442265672116	15.052745158611627	9.617777576264078	14.298376809343132
28.60084538972393	18.535127027882275	0.6955136967984263	23.229301943333642	14.430898726479338	13.88252901351468	9.366469951465605	20.54364250834638	14.354163541707576	20.855194748313213	8.391563812676296	28.414705357938097	14.893993499858368	12.224224475815397	6.740314506636812	14.499008193581675	4.962768620840549	8.383074666428955	22.120537261476258	8.460911318558821	10.209086439253763	8.53605016764942	11.908781023738252	12.257955687889055	6.837253616232742	19.08730860081374	14.176961914475914	29.097213719073395	12.523197942430796	17.529004082987733	20.28354235252335	5.622302716760429	19.027395640519877	8.417231911807297	9.346843337345891	21.140779601331523	10.028527379925912	17.75527651341401	14.838105607326725	17.06744065537449	3.4661715541283518	8.940807495724178	20.85023294956757	5.418721805235011	27.036136740558764	19.865835676704833	1.6182780948159101	5.574128507804004	3.8756760895906393	24.262459318377072	7.472889844668205	18.817711458942206	14.925526527778201	7.5009691477377505	12.880093101565468	8.919243430169761	8.62394500886693	14.423824983141143	22.52771409328846	14.376988815848904	11.927925959104442	20.029378772617154	14.605571856413745	4.178022240944362	-0.9242032780050197	10.371291116798053	9.194629170855835	7.412785543574017	13.100993884026584	15.954421873032688	1.885038543894646	22.369253169579164	1.4008056215993132	7.221472721351951	15.783042491735621	24.288793561426523	15.439418088186551	2.910040487706892	7.1434050951563215	16.90619544497352	21.852113543736813	1.3306775855084811	13.099869950542207	10.224003122349234	18.79673328716235	25.32062302788694	8.682231945641618	9.658311596416388	20.084824002469247	12.09844615698277	17.968220140339263	20.279107999482342	8.16846297432327	1.4201751840386712	9.296273757988967	18.050301992926045	5.018177600840853	10.393708455784687	9.006543072680836	-1.2737946197699275	22.26486641917314	24.23132319811136	4.489157130324224	6.6137365679988	22.19934620086046	5.460232742002798	15.22336802928201	21.456717448841374	13.148965591580472	19.401086536064735	15.693917590090686	2.572330444379126	15.802979248430717	9.745940961913481	11.026523104955249	16.26160974676349	12.634474421850847	25.67612118834322	8.265154078946551	10.880514252072551	-1.8321810446227358	5.733878635361961	2.0930419575996693	11.306890059759912	11.169520847799408	16.329741790399105	26.362179463744127	-2.930554184714751	14.826157364377584	22.71211819523277	20.94121897598454	14.41399336335876	20.509336597678548	0.8700214033488337	13.796029331405846	6.324165144432512	7.240860691486911	0.8049706832150982	-5.064203480025678	13.357799134474744	14.434294731785688	12.187502729432099	5.974071186516431	20.40667860998217	18.525540185276387	10.451327179816891	9.632710019002998	19.31955505280258	18.717136838911337	20.018857146263034	16.97057794961447	9.089466864847292	18.537640626612607	17.314064212329157	13.377328259346614	12.708748412700434	15.884120560266457	17.162552332199443	15.105403951747334	19.928743555368232	19.175312317836386	18.224034964454518	1.6374037977164417	6.156691255467431	8.980863224524494	16.66370466560049	7.705554512463443	23.744577536151812	8.952033419413695	17.208932878359956	6.009810379238481	15.705330317085526	23.416644674334773	-2.0680592148940287	6.770042408199266	2.4813591823150523	3.372177012608806	13.43443950480135	8.136001481291167	12.818693198421188	21.71687232270149	17.836458739864614	21.032092001768582	26.03738647510894	16.537710635770747	18.880129248867135	16.32698000636197	15.519905290923024	14.498840760501544	17.49030201843325	12.191268017891108	17.5629840888984	2.559338677531197	29.258306870294014	12.904847224244206	23.18759735648756	7.108052873648006	5.891448485314843	22.94049441062697	22.562168131943906	14.945180534753268	7.728780177069116	13.176737905451096	24.586193997832236	23.56889282786877	4.90964794381017	15.182697827139148	8.843463025254984	10.296157537981035	9.797391122153476	8.60818975478042	14.630938625081422	14.380134454182972	7.934507755703198	13.070318516789046	3.595153189512977	7.377797786683213	22.552018804584137	23.28719551387265	8.4079226826589	9.254459782008787	14.409732835377202	15.406656878672027	-2.480356055830154	6.250051101166765	8.137507032451792	22.91075055062932	6.671529920064984	19.28259725034984	6.356882002328471	8.168044326134286	21.607290858827135	12.169489830528883	22.6304699242899	23.452501277439662	9.907010255687569	7.439489087953241	19.958386314403498	11.776290723149977	6.854854350931164	10.459994315922696	13.856218470293586	16.04913835440442	6.602401170943791	6.075525795704073	24.869889068474265	11.092392963846185	7.9954918304734495	7.087700566789901	6.856247345850273	16.889275298998953	12.058304476707555	9.014464339069264	4.801847738973198	18.62965293507165	18.296713395184224	13.29845557812314	14.025662969469463	15.074785339898817	8.543307751690143	7.524167541627768	12.592421240404095	9.907858102626621	18.98342801659658	0.5352302237965767	4.253939316607574	8.515925374449242	29.936548377355457	13.835246654056723	6.239696451980129	11.700803106742546	6.280266243877441	18.754785111199162	11.59356071871955	14.732507417881596	9.969048674497802	14.47743783049432	12.503507751293165	7.283994881627718	13.886288398665048	21.008792645711758	16.724764234722038	14.985362083411365	9.059148740066743	3.7637503879944387	24.766217394497687	14.050970260915312	34.96089308298124	7.533548573246439	12.497036907782459	15.524573486365256	27.55092534431095	16.938705215710886	-0.2527944337121132	0.20266435264871666	9.433298880546511	16.25958714154688	15.306276597298336	9.683022625435063	14.618718542665235
28.71693117504512	18.783925691029136	0.909807246378494	23.394482179064557	14.531132521471731	14.029591879604492	9.404440816515345	20.632937911541696	14.685442163915924	21.056702718313456	8.605642839679318	28.726257224522644	15.099539442249378	12.363505340085037	7.010703753598013	14.573311251371472	5.380363634116658	8.499562135333134	22.161053159151013	8.528912586437915	10.34711609380727	8.563471775602746	12.49130497045884	12.304811688401228	6.895511055870396	19.229789278236808	14.389761960062502	29.765907709049625	12.619458183462305	17.690163770442407	20.317418658356214	5.686760545328883	19.449926547184745	8.650105440826263	9.443541803667246	21.191716396178485	10.112542613914682	18.02723225468756	14.907251826515092	17.404180201428257	3.511521843423313	9.259325640603747	21.15803060706241	5.459114847725059	27.142368788093574	19.98190808752549	1.8621446951921805	5.7167929036337215	4.0539629604271195	24.408419283366428	7.7138483598531975	18.888300522001956	14.97349181603094	7.752022145131677	13.04451242908781	9.17884829956709	8.889066836976664	14.442661137296524	22.867525761332157	14.75639020438244	12.059696106348103	20.09688231144559	14.88516491027994	4.206269057798155	-0.7363074207078101	10.65142415179822	9.280980590916556	7.509004295781741	13.205745798183399	15.978748381781319	2.1620383387929945	22.593493793539384	1.55791057091912	7.371317693274775	15.839006677615405	24.58301291638152	15.500258700468088	3.0258525791783946	7.278831629673681	16.98371352436609	21.88199415089782	1.435938110749571	13.247011635216428	10.386078153477857	18.808862509533796	25.515606629740653	8.930286334317083	9.804046609320663	20.487718829236734	12.368793770721151	18.04953326692148	20.38182660576992	8.286394075169634	1.5922819712302132	9.522830619974478	18.17713536721146	5.420715175354289	10.662722024073823	9.117690552377484	-1.1880302103247469	22.518382272871307	24.548306891280987	4.839456764968193	6.634555105878427	22.365902848321245	5.914946532999901	15.566479063410176	21.664623752737562	13.484673993707537	19.50506756468995	15.866106445031788	2.81052300560938	15.92285073634624	10.054763930013774	11.054375092496132	16.338134769967088	13.013245517928882	26.03979625179722	8.505057273607855	11.049145942621418	-1.7037329193778086	5.9195007557713355	2.2139404446478443	11.381312405334272	11.405914045698516	16.580806307668546	26.385767668857696	-2.8320280151717214	15.00103547041686	22.792730056149956	21.012339839568995	14.739500085153672	20.94336342404423	0.9381184526309505	13.875118419653873	6.427675732390525	7.39963214762779	1.0182888821243055	-4.997208600365216	13.472742733717636	14.825447892834694	12.514352526151935	6.061824981224099	20.502014288463826	18.97190557132105	10.757910258873448	9.875984447260171	19.48786541903356	18.727558141845734	20.077559863837962	17.109324254525838	9.274194711580558	18.60643766088801	17.503576756121813	13.50396021813157	12.809478850422503	15.96943892286257	17.328627267676783	15.289486311125755	20.249679037649045	19.33562525296605	18.236505529992527	1.7664827089254531	6.288314323006346	9.112989175977221	16.713788455627302	7.79351726351216	23.89256052110706	9.235951125678971	17.271556939865388	6.076932120651323	15.714162955733872	23.521562877682857	-1.8446392052921867	7.308377538246993	2.7207189055296057	3.7184459697958374	13.493614336724407	8.255493945792198	12.867334900558756	21.882922321748715	18.011754524523667	21.234051016177794	26.066847216731613	16.61041879979544	18.90980943772003	16.525389997155067	15.5715837985485	14.610072016812726	17.835525117917978	12.285112465833082	17.70009882785124	2.6145410696701497	29.454635903318	12.950319589345412	23.326638473296804	7.1847114853335725	5.903349143210854	23.103170713208165	22.979018896110286	15.096320008325018	7.872575514096673	13.270782246458932	24.75252863704478	23.719772696649112	5.035502363478436	15.271788145582635	8.935620801801745	10.440195992611411	9.841621120822008	8.669638670919289	14.718508761042944	14.44342884058587	8.19464878565844	13.304373830065398	3.7735709605855767	7.55064746770579	22.609059813898718	23.500641672315144	8.466665394876921	9.44180289703076	14.601297837398043	15.487648575498701	-2.395654003869321	6.332936483384715	8.302119752774942	23.286134176108845	6.706130452545903	19.295147117179894	6.597349575539951	8.396515645460372	22.055181150914446	12.304728943203276	22.936526080102254	23.549828157462844	10.269535603573187	7.747865236449838	20.37463384244181	11.848615214493334	6.8794545914890035	10.527568070251153	13.87236378002414	16.30072470278087	6.899886977923883	6.207427697840778	24.902397199155438	11.131196471039793	8.077791370328425	7.172248485805242	6.951053532822544	17.140180937874593	12.125218974940324	9.187209763641775	4.956997684474061	18.661198243977076	18.351768621343634	13.43061091883005	14.205321042498134	15.144579055831858	8.700241974000896	7.547255445126459	12.640145537314043	10.137400621415363	19.262144984766106	0.5742803210475556	4.342138171068921	8.658606392195393	30.013531754227838	14.012436104619837	6.380567072889444	11.730271267533391	6.322630889875883	18.81980203709294	11.77672686527331	14.762627547664817	10.385219175230914	14.548834099322786	12.601996387716198	7.4523992991988735	13.961304469216715	21.122027013039595	17.031641827437053	15.09361610893378	9.115301084615979	3.9356748366756507	24.948176093700287	14.173849095134115	35.0560628398119	7.920211866904747	12.55061964740833	15.553362505320727	27.677594452814294	17.040695028367363	-0.13152318846379613	0.4778146744572838	9.626307692539996	16.418571134518295	15.38269302949788	9.929687532108051	14.676373703372882
28.882461493849675	18.90482066129228	0.9570312784110595	23.552518627064185	14.74453337773055	14.314588547918708	9.491162568745656	20.674394166970906	14.789338256081567	21.349380456987248	8.639896042346138	28.969578928106987	15.19059688980515	12.763069068353323	7.0531371578863125	14.732890700754421	5.515169814415713	8.593250223613898	22.25447145429385	8.60122015840036	10.52931879338389	8.902934981662101	12.626542091618427	12.46608607440541	7.128496879095939	19.245295059563684	14.398267823140342	29.983529656620483	12.82004477694259	17.80306016381778	20.577206939475385	5.8109241145194614	19.646657133009715	8.662824307262328	9.4636465502358	21.21674578084632	10.333004246776815	18.05105729567978	14.954012025072027	17.53560872572524	3.628174693355651	9.307499367733609	21.27843247974643	5.547988676234732	27.26960009709126	20.59097677842104	1.9680105882222192	5.754696750959517	4.103467394604461	24.52843675034364	7.744977671910443	18.981731630257972	15.137300050465132	7.985141411794295	13.122850135550873	9.211298393007622	8.958280279933188	14.805893728663758	23.121888965444633	14.82762493901792	12.245001210392317	20.179588818863895	15.067325280953428	4.384644306301434	-0.6472083604479896	10.877130530350673	9.424380039874997	7.650246035263543	13.473702162383209	16.480918622764662	2.2647959559164654	22.695144430750474	1.6444143137322043	7.654805410272851	16.072473810967384	24.79928423023393	15.6423197566003	3.288613833980751	7.286975043210415	17.090797969808087	22.044113924383705	1.5719956519133673	13.546679754289856	10.476242930179469	18.93907154640343	25.810303212615974	9.109098939246552	10.08845866600242	20.54712254010297	12.431788739972292	18.156634579710484	20.466611125370616	8.5392167221038	1.776894044692201	9.610777658935636	18.48947617977786	5.499859732152401	10.850993076122482	9.238926949240883	-0.9945158737607408	22.692969764440242	24.663103620292222	4.937386059976545	7.02783661700547	22.371064600403077	6.014627711833731	15.76332722760131	21.804977079010726	13.607187701752068	19.790425249689473	15.921844384398907	2.8381722456638996	16.02985196221463	10.162681390655147	11.233988373091774	16.429490081992128	13.057376967669365	26.16122562664216	8.564854342386841	11.130897980087468	-1.6361699709267206	6.127354985226406	2.287560295712921	11.61173499432489	11.707618874658275	16.730921926575636	26.68273104149766	-2.651789614487382	15.260379304427856	22.92962406721077	21.220833696781263	14.825535697813825	21.165321628864223	1.1228261240149267	14.478842051679786	6.603849205876087	7.543620286487099	1.0800717024426	-4.781487254326079	13.648601858985558	14.848087608834113	12.793063857386707	6.286778476565433	20.771846942421217	19.042794903822557	10.903447273090498	9.910206730129365	19.612665452243633	19.00623032129307	20.175022168682574	17.28258586614456	9.502425300074965	18.615835165921297	17.668788227127543	13.580540547983967	12.962540812784239	16.13046573684037	17.371710839036542	15.495259455765742	20.284920391120718	19.582520156335754	18.34956165198421	1.8663049391643745	6.379998719332819	9.300252984976574	16.81308071421276	8.17218187122803	24.16985226194572	9.26657617049614	17.38741460163316	6.3555715163764726	16.07054933888014	23.57255526115253	-1.7970281239809638	7.341630467627448	2.778659070579826	3.982724533637459	13.596456272913743	8.308562966957068	12.94441066462772	21.9817084226723	18.185774925807692	21.324775323569657	26.266751067611512	16.7388906368291	19.000668479870143	16.947134588164765	15.613364794272533	14.800676977150804	17.96354775356906	12.485595344742222	17.965386699101305	3.430828759477455	29.63482102740165	13.03068595736686	23.46529153387552	7.199672137597047	6.082762017132478	23.15469359346245	23.131444118404808	15.272760911450192	7.942556687752811	13.396290436158903	24.91787473929578	23.77218394413261	5.066100643221378	15.981347233419863	9.06353987361775	10.567593667386127	10.014961741245418	8.793836467791746	14.842339331643712	14.742677696359296	8.257756866517905	13.435476114094977	3.8294231951988644	7.736938121496829	22.745349705992197	23.556030301391598	8.475188994533406	9.577081908001022	14.739847213120143	15.546593101849336	-2.2144545635071737	6.4996515880618135	8.679482054944932	23.294902149908346	7.053026018230571	19.411113618232033	6.783220956268103	8.586342316672388	22.07089155123386	12.33437062061711	22.970644805207957	23.705154838898338	10.303662659893222	7.957386877811421	20.566692537439696	11.94867295324704	6.948449454326256	10.56275218729744	14.056378796015165	16.38361558101532	7.101552592179093	6.3102087293579086	25.241350614508672	11.39667524732707	8.2055164441304	7.45696804601574	7.032182104420725	17.631459664572567	12.371160120731409	9.243134968621407	5.043035089520029	18.843512266307552	18.42643692554987	13.606800674944255	14.287352263915306	15.48363748403849	9.021526617609702	7.997456889757706	12.745998055119454	10.329111545999409	19.37358914042951	0.8213958156309289	4.392734239650766	8.777904441405052	30.06999725916955	14.100930226186861	6.66250608783736	11.751993859997917	6.378047712076763	19.023544821511052	11.821443851162229	14.882416278356242	10.57353548905323	14.668797597584259	12.860591979904845	7.539694853263096	14.076223378361886	21.323662424171943	17.072734587361175	15.29643758285906	9.15133406262823	3.994232350173965	25.149247453258415	14.324900115071776	35.14299742221402	7.979583611320271	12.878930579557602	15.637238364260247	27.770625416511027	17.231493673462083	-0.014792223177760895	0.7647733977193218	9.728748931940027	16.656766242553513	15.420473617937553	10.056752396703772	14.742699177405964
28.91979818242005	18.98016317264283	1.0796793641402818	23.87600276142593	14.970356170645932	14.546928866122695	9.634601313888037	20.74892435462499	14.95447273347597	21.859307578140584	8.815498705328698	29.148352911023306	15.27043116118497	13.022645586235937	7.1293103123821355	14.820716438091686	5.530915772660542	8.708858503608596	22.2989775143001	9.077079284908512	10.541229520042926	8.960974407213401	12.789634711806192	12.90673115046381	7.262662777227318	19.371640372570216	14.52879824526831	30.075806242126585	12.97680008171573	18.08840852245921	20.616440791368483	5.92478647285406	19.663911199370624	8.681486042090826	9.67169517558675	21.47147703898953	10.398612163194274	18.567226606343965	15.028498795877644	17.81895457330659	3.8109895178876925	9.695991776459437	21.4037053700337	5.669635408792701	27.318868736762603	20.886069698853323	2.036766451637134	6.1263421477244355	4.207764072622544	24.726108472957144	7.87541593420754	19.08696721858451	15.271754399343397	8.012268418220893	13.205644351376256	9.364276695323602	9.007144128176437	14.907795039147226	23.292958642276048	15.176353323291147	12.444909728058462	20.404138191739335	15.360648341865216	4.4877912460984835	-0.41982629491597506	10.950843105610476	9.59253502986433	7.819790008518266	13.534693448890799	16.586649316150922	2.3741988182065015	22.861524888694237	2.001832761597253	7.817727668517933	16.3383247349168	25.303750554049767	15.713969022845529	3.3188033258877003	7.3449372557463635	17.286546298446986	22.287001661759803	1.6902067961695817	13.77056131382575	10.610154936391387	19.000560902026763	26.203688260137564	9.148644336234906	10.472076814274018	20.79872280853151	12.611729818173856	18.50871294568961	20.632132798010993	8.611767572359549	1.788467947704167	9.862557737786549	18.618557975793962	5.521268374896114	11.157590346364204	9.506909900276758	-0.9279443742515872	22.785492416987957	24.842835960525047	5.208112510055743	7.190453119418922	22.48385533967625	6.174769365992534	15.871862858982274	21.87576639721314	13.863941477808691	19.831387981334984	16.290394644608902	2.9299652224251695	16.180731275630716	10.34458724627398	11.38846191383367	16.48827490914919	13.3972874064504	26.168202814952835	8.68662449662999	11.322240600246221	-1.367973129658234	6.667591499665233	2.3952024583136406	11.867349830092733	11.85979528364749	17.28830207811851	26.774737029283973	-2.406086560821731	15.353876724745048	23.050869385284773	21.556221685454005	14.960540975790792	21.30429810239306	1.2914682394574426	14.662075638450641	6.786094396751107	7.569217914980334	1.285586922869809	-4.677951531881769	13.808606026729647	14.998180034375025	12.86611492684605	6.3108102552063565	20.950995174472	19.16922076022181	11.059677059290097	9.997499339233734	19.74716577880745	19.090508839902903	20.305777561134736	17.641863310005405	9.609956349732682	18.74107676334388	17.735068405352834	13.770889893380991	13.021167946544024	16.33110452425139	17.4311079017735	15.711911894879407	20.38643068317838	19.66497177528617	18.584780281812357	1.9609212493623793	6.661064968838016	9.58549092824286	16.97381075868177	8.361257876606834	24.236108615227614	9.44097374803499	17.50958917146007	6.830982297003398	16.229381813996618	23.659146494364318	-1.7590771313399425	7.431533737746511	2.9571438507808026	4.051126243456194	13.77786433304753	8.40595356213891	13.147823708987218	22.22563115170338	18.22569921069821	21.528261519584024	26.384365981548303	16.92867335406581	19.199575782846164	17.034167699088528	15.704886786189626	14.859492770314219	18.061588689225	12.654941514963344	18.06650731015466	3.444656487058793	29.676634426673196	13.095972699660594	23.49518094652097	7.376743848110148	6.152560918728066	23.524925520222556	23.1578219392959	15.381374380812558	8.074335393779815	13.53048720583853	25.297343921392685	24.037388863403862	5.506924533755403	16.015592237023505	9.270520341484286	10.963570621435867	10.77317774721742	9.009960105703748	15.212982429032749	14.80032333252515	8.474594848921901	13.7813351359211	3.8835236025635274	8.028430010958628	22.809781797447688	23.824618357196723	8.629627899842555	9.811417961483016	14.797076672455873	15.805112908239506	-2.185588816140155	6.804038912163108	8.920764000181368	23.343653066513983	7.060467351052982	19.48018051952846	7.0672178098408756	8.657748196723901	22.138888120720264	12.532390214419905	23.03869459508045	23.76377243822977	10.487189341654455	8.205300737163768	20.66273342278644	12.030175825014163	6.975716953616139	10.66968417907761	14.180090146139168	16.69832794175998	7.259049978561558	6.491347761303182	25.243066545879124	11.51775759225759	8.349053494900893	7.847908096067811	7.128967099783696	18.213895859268945	12.787892153508128	9.586815802146626	5.115309626210815	19.38864338734808	18.630831239397683	13.971310010185467	14.461377735674159	15.507218346293621	9.172541315753998	8.052330754655799	12.845433775851374	10.339156284094308	19.4761806884189	0.9474194057863449	4.482677544633951	8.85378540549894	30.18398042164017	14.190054706874706	6.720793939555858	11.89499374863008	6.547857614080196	19.279861450589248	11.90481421159345	14.999601070353483	10.66852161948096	14.82553569374973	12.950159575106063	7.619539248854103	14.31566062807481	21.371004620769785	17.372557154165236	15.344530041359437	9.296308129286983	4.096585716810826	25.459125561203173	14.640108072000292	35.209263292070055	8.270487988200191	13.023480528548687	15.689529394353572	27.82082776152762	17.478227950109606	0.05970604205546279	0.8481317939243312	9.777118573819854	16.765517563348403	15.488454325555606	10.15225629842142	15.058471856751957
29.01910061675112	19.1068092026169	1.2172028063557279	23.959016485156145	14.999939322858175	14.734348698562314	10.142695016436464	20.903099852663903	15.140640080636196	22.244023443817717	8.862113943240137	29.241082445488534	15.456532556890199	13.113877173935284	7.49382058793333	14.95471942066935	5.703846041071846	9.133085646294472	22.393421475091618	9.611510088338719	10.859084796740733	9.059924355305187	12.968166642648569	13.055105507769456	7.380096584594295	19.466463519925668	14.611206544046874	30.094178653256165	13.056351367018317	18.16485057154232	20.830622623283194	6.009824918265403	19.764779976204345	8.833412861809103	9.945019770239462	21.724345192106668	10.464802300820203	18.74626200086689	15.221533935945665	17.911526682735467	3.9450588263192903	9.829708504740257	21.46750863728646	5.890715120621509	27.416983854404155	20.920842762328206	2.147634412127906	6.5005910066592385	4.2844552097817195	24.800507290230122	8.135244887600052	19.215825462141705	15.322166168848876	8.115358107083402	13.316554893000204	9.497378770299205	9.166011682523528	14.92551151954871	23.491366491533622	15.37217312336535	12.584419982022748	20.590983973264333	15.490227926546826	4.7172177515471745	-0.3116634598068916	10.968764736370517	9.859153302974233	7.899054569402826	13.785451407548381	16.81334656149951	2.577940907044799	22.952093656982637	2.11551246963519	7.926212664261961	16.38737647885509	25.350558172709007	15.790164478647924	3.67446479033199	7.431132187654416	17.369433231589728	22.390971103747933	1.830537691833198	14.045568132524766	10.772178476024134	19.03114558839629	26.26804482673966	9.562038078286912	10.521782967438277	21.26837921552388	12.907200719658096	18.750709323566216	20.796485072018136	8.636546220632777	1.9328236079639	10.175608727515852	18.70655218363412	5.68235351914358	11.250302173731683	9.565210018308848	-0.8527247966697937	23.180996678321275	25.05682012090244	5.450942441522571	7.292149636891058	22.681626176333474	6.3595475403323	16.12185384764479	22.089066576967927	13.894407180304215	20.207471109168957	16.303373891951892	3.1884638512207992	16.224279933494767	10.408693541336277	11.449620414551188	16.59319206382809	13.518194510421546	26.297135134424423	8.784210917967444	11.334347319278455	-1.3167364539984372	6.866872136810719	2.498844575960901	12.06308680445105	12.025514069214177	17.47223082321574	26.934323891836605	-2.3204152205485378	15.410701221234179	23.132225259156076	21.627036983577955	15.048340914028953	21.405933402652572	1.3109459377968031	14.675400717216407	6.957474234419564	7.719089522473245	1.3756945459409566	-4.408673534334369	13.850005577765854	15.230036986265796	13.008332148555537	6.705723245996605	21.041471381010197	19.329665377565433	11.215268691428658	10.208638241804511	19.79129146763396	19.28954375064638	20.345659236883026	17.799447546135987	9.75320200179294	19.286700906975987	17.84644297685998	13.990815383021816	13.18574670957884	16.430187287553675	17.64055774634707	15.98946437820393	20.610276674805785	19.912173938379244	18.943599293355618	2.1690941552980916	6.750650375635977	9.61738698232353	17.103228347244062	8.45162241703194	24.312464647842873	9.794314478389717	17.629481107482857	6.858677177192324	16.509313450915137	23.813317147367822	-1.5812376684626506	7.642674241362656	3.5319308477181286	4.230294873384316	13.86373332962755	8.546084021565141	13.302356002266091	22.39466035508795	18.31755723693184	21.570138462329687	26.621882421805747	17.055572205521212	19.259145912285483	17.193169917430765	15.893338137546849	14.98050746258262	18.520493190906425	12.768790727613274	18.22245571687134	3.5007144875813587	29.724694293657862	13.125916881104516	23.88367418481003	7.407893519438988	6.256422287397048	23.76954837334144	23.311312503690665	15.536607185623282	8.242691692495296	13.704238647121471	25.396852450554615	24.105582659127634	5.526788733580685	16.221666559313533	9.346118927040354	10.989790732241524	10.822216608223723	9.112571784755525	15.338914971947636	14.892711524173025	8.579059170831242	13.967857251545315	4.058537092816013	8.143710322426932	22.921213550199173	24.117972964565926	8.7963012356781	9.817763502717538	14.990561946512187	15.874109922439425	-1.9756909101596318	7.170702271018293	9.111245828705709	23.503010720840173	7.144228718294654	19.661762068629578	7.2525103048861785	8.794275419680776	22.200928360408714	12.56671930361383	23.086012864717464	23.83833168992131	10.51252781378679	8.41791900351886	20.83177803854827	12.156160362172068	7.02352428057911	10.73605840232228	14.526397866416414	16.9080986320198	7.4453531306605	6.725948768838417	25.801662059810173	11.591509140254546	8.436156712797427	7.8862143942989595	7.247897798117646	18.368086120696184	13.00917293648168	9.852557612137844	5.263957973223432	19.529735445785708	18.724237446452168	14.054251917698688	14.589281508974365	15.601050934540154	9.234683040553685	8.29312125814836	13.033257727314119	10.40811078381495	19.591959261929063	1.0203167129372932	4.663585965356622	8.965002017561849	30.32196796571307	14.359308380830775	6.792669508371175	11.994672995549116	6.938694678524687	19.364868765297658	12.785771681462343	15.067373468103984	10.985011485976322	15.112370154478088	13.045483218061774	7.662072626665987	14.531434332022505	21.58020212039481	17.58981406466552	15.483099820615097	9.808897164198166	4.2390271214144475	25.51983866380805	14.662612890409116	35.33809220549916	8.348515532798071	13.082209090214594	16.087797535517357	27.92462357017994	17.85590905267035	0.20885843119293834	0.88667859526406	9.995190353276492	16.859739695033422	15.540791756413359	10.262860402204067	15.07232610791703
29.0986273600917	19.20108405476106	1.2363078870317443	24.144336992045577	15.327448042702681	14.850008500899559	10.39556530385178	20.918256764189678	15.21670626937272	22.40899225731045	8.948890287814711	29.514511182593623	15.693827138845261	13.525169193924544	7.556998539252645	15.344251668899293	6.214379868501738	9.207239611730753	22.539991314211054	9.70075047399813	10.92011223757637	9.275887468755293	13.056909049659934	13.130875653989861	7.512404392397046	19.5327835278629	14.693030313205588	30.148449698523976	13.18482152920534	18.3124496210266	21.25428809993101	6.0997917015464695	19.88394780314614	9.090474256582425	9.964727098953812	22.041224361089736	10.561893397046951	18.79902592181009	15.601336967953285	18.184758998276497	4.082115381156596	9.887365370032567	21.729526115609794	6.243399549870899	27.45492718182052	21.109770167868387	2.2496311977078145	6.661000742765618	4.563659794077842	25.03995172670724	8.250013815085262	19.510140050844207	15.46939448446848	8.56804998013033	13.410928884504898	9.58740231112791	9.40043416883674	15.089996843328816	23.53209083524085	15.482921736575387	12.763798192022277	20.92900095314869	15.578531097904948	4.7670870939744505	-0.1274395962719415	11.200199206358597	9.893048194100304	8.033549955094538	13.911573846969425	16.892279787518504	2.6787594080668287	23.189013149489668	2.3135278641363604	8.017456463160846	17.01288052733378	25.434476606812158	15.899831963845973	3.787297927877794	7.642456250482573	17.47333669308279	22.49662533999904	2.0511382618563405	14.101070496408811	11.024695946547165	19.244613405025497	26.280316947989753	9.682711936122542	10.844309580484518	21.411730577725464	13.010815617833826	18.866033824470797	21.10166861812478	8.815160865062232	1.9887416713228026	10.246531517117042	18.938486426813878	5.8673796632753	11.335666404523252	9.64048218456822	-0.4936603221197374	23.262516496730836	25.166405376973856	5.791223618481163	7.364046633862151	22.98428567874563	6.519218291394721	16.169211625985692	22.130538205973252	13.910116239282598	20.302413518594282	16.32079063982625	3.404398950871921	16.309336704167237	10.608408842304105	11.727784711301323	16.898093793147446	13.529575216249638	26.68382322905905	8.838123584171072	11.671524821049037	-1.2720272725133772	6.964609055325548	2.5488054576965156	12.267116915928435	12.189460236397258	17.69515095828464	27.130572675852147	-2.1480720772077087	15.514535931440967	23.44356478424816	21.69884614082786	15.140895959901425	21.622093404350306	1.4560600565744435	14.969535785075866	6.9955591868953855	8.032494792866999	1.4924443292272898	-4.205313095163328	13.988794432821622	15.544020198802574	13.155585997355725	6.835623871288647	21.175714148433737	19.62297852588544	11.527540070436606	10.28808220695643	19.883737802864374	19.498845969165707	20.497867193922115	17.893646339560394	9.783237264397512	19.615668911469466	17.883010988872226	14.070912187385737	13.222377590092997	16.665840074486134	17.76416624480654	16.117290942798377	20.779782442674897	19.92870340438466	19.168667030339883	2.306033216191743	6.973728131827921	9.860936752462667	17.285874460769595	8.48195242294388	24.381539108758297	9.939484898089933	17.93849783626894	6.903700134601275	16.521112824739234	23.860411768880976	-1.4823994249232775	7.6868599387387215	3.597669477866096	4.262113705870574	14.03060784445051	8.65159433941437	13.383311143324399	22.56910306549925	18.533581057522426	21.97772690776971	26.662608747003937	17.215700792012807	19.850611578682262	17.389216936784454	15.976473117687503	15.159247621996194	18.63898375748472	12.986008924100666	18.2720590364986	3.895960156686544	29.942913148299457	13.278728060405601	24.20142288659717	7.457762074252901	6.449735971662264	23.968744636179487	23.48796783145552	15.684956081388897	8.555956878814566	13.789348338193339	25.489686084082763	24.218498478647874	5.694681043965714	16.455795706036774	9.50999339688771	11.232491002971217	11.05675999778525	9.141742278193243	15.393166176088164	14.96053556863229	8.686454416715454	14.073912621101778	4.2055609963900435	8.196244599516875	22.9558559628391	24.265253233078628	8.90789603423342	9.970163219115298	15.335443501317537	15.903128919367552	-1.7384715171851164	7.210863466831895	9.25052592115768	23.555984921799155	7.200067421153843	20.061678915855083	7.546152079521988	8.79702644907052	22.44729120602239	12.773464036657826	23.223436429698854	24.34417133023825	10.624213139247964	8.440309052381405	20.86701116520348	12.34044021269023	7.235172351008091	11.035269326940284	14.730786482620042	16.976295049616624	7.505889627616138	6.902274420097595	25.89395047205942	11.878439430971046	8.479430349217559	8.230882871286335	7.372547936617025	18.4063223623155	13.437619794848267	10.014516461022541	5.4293067994176765	19.698898005898574	18.795985023050847	14.241196602142406	14.630871110523882	15.742931930092789	9.50886822067853	8.434687646562898	13.267874852031524	10.490478728216909	19.781894983086055	1.2488371552271311	4.760182304120425	9.311813746116185	30.520281915267244	14.512242158815658	6.934145292461392	12.08580558333304	7.183206803654866	19.4589081599341	12.8004003710629	15.114869640025587	11.045484740201246	15.175576807534993	13.281485023857533	7.794686740742951	14.556317475493067	21.72331400186844	17.69462109060395	15.524283416399602	9.840200399494591	4.4361286945411	25.686378513199983	14.74345335684973	35.41081159783648	8.491594626138129	13.24789664513342	16.116430625194784	28.11886226959604	17.875041682130185	0.23235840241878894	1.0015390561304043	10.134418873098346	16.91571470000644	15.641773298241725	10.283596205931577	15.247193742812886
29.183142057274843	19.346876979778713	1.263771575439773	24.23042940376116	15.411231072093836	14.88544886061998	10.550121630374013	21.07595796174941	15.304973215492327	22.54232894694603	9.140945551848223	29.61553429138269	15.818901288385147	13.812429987509061	7.601298758980495	15.565344029381789	6.25476376812476	9.240825279639143	22.632006613675994	9.917527877043762	11.017593011750279	9.318527019899593	13.323304651066776	13.220766349929265	7.7224613717500805	19.79331058820869	14.802715315058663	30.216602122668554	13.386181006819237	18.464433698886058	21.31830828575935	6.229546052315094	19.96662436908572	9.213028443515533	10.061850999372664	22.487479964440286	10.820283452647503	18.993187293977698	15.701788997967284	18.230004613457897	4.103079152081146	9.975844451365697	22.04039068250964	6.265252460962019	27.803682922259	21.44316245651758	2.326545307027068	6.773069373797852	4.771616046320969	25.323276175504045	8.541195644880204	19.592462142068854	15.555223479601342	8.685733389381804	13.494807543828559	9.95329068118062	9.628860437111015	15.34472046773758	23.94748438648851	15.848056726172132	12.786798492741903	20.965478035829285	15.636791256220153	4.817530166599483	-0.04436911834956297	11.291976438590435	10.070338698948753	8.125062467227712	13.966525298665438	17.0211672006948	2.8558466378975553	23.556216230780276	2.4290402772273803	8.226691900907102	17.04681339350986	25.60394169799413	16.02284716793924	3.9129369503503106	7.973157755640657	17.641303230006482	22.736896724016916	2.3074225029379916	14.196084041940004	11.223281616322165	19.76673972220557	26.424254341059005	9.864153429876048	10.889724964579488	21.502340124401094	13.10783241450529	18.939271396905312	21.176900542706132	9.042125968168687	2.139536348246249	10.36052091674911	19.102933588351238	5.981321018032636	11.424432489541301	9.906243115993158	-0.34097522457038476	23.41311959423759	25.236127318987652	5.811836269834731	7.405139516464603	23.149935502942327	6.907953374176671	16.366241790677915	22.4850954695354	14.061841670739769	20.470894685920573	16.360865299280487	3.422540253651722	16.597031095618355	10.645103439012889	11.987692294807374	17.064814769114452	13.738692780264431	27.232071973624326	9.052168040329141	11.812559354093239	-0.9490608024155576	7.156228360010394	2.9636007894294796	12.419243942273683	12.206839402072568	17.719598761934012	27.363705301748166	-2.1074255562070014	15.653441483712477	23.584780207957014	21.857251339758275	15.391878763271837	21.785079262581778	1.516137826540453	15.300874639097398	7.420279735400282	8.156522817623127	1.7315310123076226	-4.110184758441555	14.27414280809561	15.689432334022596	13.326595564950741	6.899157352318715	21.23041280835086	20.212318311112654	11.56095552198603	10.446323007546365	19.947432504503837	19.675240950937447	20.617522220104373	18.094832709468154	9.883088634066459	19.821014392180494	17.922641138950283	14.132214674218872	13.27566806899187	17.036217439475585	17.896181294637607	16.194465440195838	20.84341712604182	20.166776950463216	19.271760728085184	2.46140201706618	7.247772438068342	9.895415303782288	17.395939790641837	8.678131180041408	24.625408748111393	10.190174685911552	18.053267331235432	6.971673741084974	16.651800650935837	23.957048603520327	-1.3431486922602365	7.9285116506744915	3.735653068893641	4.451482510503922	14.13911397052219	8.815224248122616	13.63151258507156	22.634468018430113	18.69591279677673	22.00809432574276	26.745432103884536	17.378459824681297	19.93617747397987	17.564100271759706	16.020720961349102	15.203714318638923	18.71656642661665	13.088268837190002	18.541101641116203	3.9875487787372315	30.135846218050457	13.432894006254198	24.212096550919668	7.525991417430762	6.500001854415217	24.111967452297876	23.506985452666324	16.06701108159364	8.789920764673202	14.10064981242964	25.644937784667267	24.466450232339962	5.769904033357779	16.47502674525146	9.628331976165873	11.25708684218841	11.250750575258222	9.287090971781854	15.698006009489909	15.022977192467224	8.71288344945263	14.249766414111166	4.293076338763195	8.39785215453541	23.187649698314118	24.385530425124188	9.107647799344841	10.219613248445198	15.452691927906287	16.239245126266862	-1.6815088813971442	7.3060662968492585	9.640162397178115	24.106030761080753	7.515883841279407	20.25983137717496	7.674363821772071	9.006992968668282	22.49949735116588	12.874571726477736	23.34930476366552	24.389932781607953	10.869484306839635	8.889305136666056	21.273699480570308	12.544872057402248	7.393993721350707	11.265221852733498	14.825291955387712	17.021640923132225	7.931141724394673	7.043514444417931	25.921848109656093	11.927119182702908	8.729366783211313	8.23841673156223	7.550520427526102	18.53304455480726	13.564901069484854	10.20481498735895	5.582949065112859	19.82989126601874	18.978637568923606	14.30348235378399	14.85398102864957	15.979808546797056	9.580135536834918	8.608156427817702	13.450335196152384	10.96227357940051	20.006233766958708	1.5806216708858585	5.298359966471944	9.35300853522409	30.617691572956954	14.589330336395141	7.094878746598699	12.342659725270225	7.323745816154169	19.50216303782552	12.906779690477554	15.293912433653189	11.228664270371388	15.345115365489308	13.474929678639484	7.859386351729164	14.646100225952125	22.07723141866749	17.77938931841646	15.728567106577945	10.048592649284704	4.482439302536545	25.81431209621043	15.116213787695898	35.50922431769099	8.633867345559173	13.45399940795305	16.23743209516804	28.242639793097265	17.904956794246754	0.4135777674788889	1.0712699188753887	10.21413602928135	17.156915652672396	16.286834857992176	10.50800928933985	15.258922068761487
29.19827834820346	19.537718345986	1.5883450015359755	24.41308850034587	15.601602280000561	15.003139726774762	10.62349030897359	21.340052592027433	15.574184767580324	22.6912966121008	9.348284463056645	29.947677407313627	15.87542324397428	13.884535086872303	7.771339772584029	15.640984001612	6.423306169688588	9.272456752565597	22.848428481978477	10.00780414793295	11.196593298614772	9.69187507489422	13.445456065950847	13.365877414314493	7.768899113809406	19.916544973131536	15.020696745443681	30.524210514090797	13.567245623414601	18.48520193421452	21.77783012420974	6.27509775702836	20.12149165206639	9.560857848419028	10.114851550315814	22.524694675413148	10.830478099887198	19.036742025943443	15.78166227967528	18.527682846285014	4.362253608826782	10.019199012569219	22.310667269796046	6.4368027655152025	28.214323178599056	21.590565521174344	2.4196187793709316	6.887313060319675	5.3251442293535955	25.39379207041682	8.60991010737503	20.047810228108496	15.674341560850044	8.74691656869799	13.546662621774814	10.047392497591595	9.657773182586192	15.404950179810298	24.220909671043593	16.047614658219366	12.91955961863726	21.06218637300289	16.10634694504512	5.007269311959208	0.14239128484977673	11.466321039925655	10.328784114173125	8.152671607799292	14.036558216593548	17.0651984613653	3.0486777096703634	23.762410721718474	2.6413041511739475	8.408852823437263	17.14027172993951	25.757264267326097	16.125541085354115	4.235850294619098	8.149007589496794	18.230262019742614	22.98680042242292	2.4396684463020777	14.345840850305665	11.303214278039206	20.029330457196345	26.890168960578666	9.958745158637578	10.929786406670951	21.69599471488781	13.194537615715852	19.00219182337898	21.377823320949283	9.095671494166192	2.2703198955098403	10.477222014467335	19.263397583486306	6.27796266919938	11.626628375281559	10.144834809530257	-0.2058546730256873	23.46061562639798	25.434231345779647	5.938482147202802	7.4577301008165575	23.23134219031526	7.040078960048369	16.47883270196954	22.50759939004539	14.191270822038584	20.674682510123716	16.57488402628461	3.579733208299272	16.695243824331765	10.912361563896559	12.234307355646537	17.265575459179594	13.859174873666971	27.241650032700967	9.085108946389878	11.955308628401644	-0.9043065679448804	7.384484734053451	3.206153750985855	12.474508329017333	12.294813301294525	17.80179022062295	27.43044551823637	-1.6948507961567658	15.758340346969108	23.796117583339516	21.994608403347677	15.607619161219755	21.8824374547992	1.653911522109579	15.43857353227212	7.602573500101982	8.271487971902062	1.887970243081196	-4.096785867649045	14.461060412859718	16.028749473189016	13.479158583758235	6.908289949035187	21.296867738531258	20.23600267068438	11.80115140275349	10.564798823223025	20.11960712007963	19.959110518330956	20.674098623810632	18.300190060117238	10.052348588018962	20.150208172505952	18.007572582056454	14.263130527627073	13.39668370754478	17.175177550242957	17.930482883348684	16.603914497896913	20.94696134843557	20.254374777289964	19.605525187024966	2.7215768367543935	7.331293876196936	10.093453724793898	17.448417485688896	8.741991162680343	24.841968709434596	10.336993371278997	18.217029345143146	7.182381728300027	16.713995233724106	24.062144562920466	-1.2097959630213406	8.057536075745837	3.916161078683268	4.69246155407383	14.326551974607312	8.880504108548953	13.788888704748281	22.703831447328096	18.828792885447452	22.15964456071936	26.86190431870365	17.5480682873427	20.265221133247426	17.92089119461935	16.074688929136386	15.394119258540067	18.890755146867246	13.114429280715244	18.558146358859503	4.07163788723916	30.243412770169353	13.667107279473413	24.219792777474773	7.736456908685498	6.6198704066436225	24.226010087155256	23.74950757690969	16.13740299005527	9.027227436669785	14.176382689617169	25.666551381734617	24.584407515820125	5.932656141236303	16.52671333609291	9.706118179240704	11.441057419391187	11.337556618654988	9.375806635430507	15.804692166968357	15.1743283341001	9.04208363032527	14.673523805306214	4.386696996325897	8.458740246076571	23.241998995682916	24.7622650332098	9.157788740030151	10.23000233311916	15.716777695108089	16.494548047596783	-1.5940782172578065	7.448749547401728	9.758051863621867	24.35332231756948	7.726725659863594	20.270395630009133	7.9847406517921025	9.133832314036042	22.659969544398326	13.189708778449601	23.465779536462193	24.597008574450747	11.263402014172394	9.013085452098153	21.56287919801815	12.581482247619219	7.604924556028313	11.317346110185794	15.075722623611053	17.070405731551634	8.001503667424418	7.07739553897402	26.619099017479456	12.049958288834747	8.957125202128232	8.411268210781019	7.956599375072854	18.569503886930878	13.613029548527702	10.302170465885354	5.662422252175028	20.11922079696452	19.21507861976128	14.715470080371254	14.878210615326008	16.233886299856028	9.748694674662097	8.71143452767166	13.509678984681294	11.106325983397433	20.07856678061744	1.6025170411493372	5.529572139587642	9.42097290609686	30.65132733735371	14.829954240003516	7.289911718548196	12.448130158409743	7.502946444455585	19.863586370076803	12.929808114994094	15.515191252260085	11.384017916428114	15.841411239558797	13.518404833167045	8.083625340967048	14.681216632697932	22.241415994600608	17.823665218919388	15.807341211924317	10.076491919744857	4.662079255392588	25.91775845868334	15.28605949208454	35.61878934059252	8.897229364764666	13.635677907986668	16.311494039920415	28.498195812995146	18.137552902212725	0.41750906454726827	1.1738694944477457	10.384118128679567	17.238738788440166	16.362348709548403	10.52830558884372	15.35743411995544
29.316524506974147	19.68732035114532	1.6156026906296261	24.971949153580624	15.638482991125542	15.048666137026887	10.643949423181434	21.435303982434274	15.650366788405774	22.737611721423868	9.42014696131097	30.103461992003417	15.996573933420427	13.944969358179142	7.849852111964743	15.761166362663696	6.607833354949812	9.490099431359859	22.928336200857284	10.338306014486147	11.586995153626251	9.794095337230653	13.619472305162661	13.732067843161738	7.921880168236945	20.015843831415022	15.06763913949254	30.646447605502406	13.647701461715709	18.694624870166997	21.88017506973207	6.592613915722447	20.615237674190197	9.641375941311564	10.152834990989327	22.53292904961387	10.95795459312973	19.266836787845367	15.915037153521613	18.567589980910938	4.510649858116656	10.220606051190064	22.42170516464501	6.516229225147186	28.346490442791502	21.691002545114152	2.509734993563221	7.067038774074448	5.365605105618819	25.452918923551437	8.694436137181043	20.218541312731336	15.733700251843889	9.014848603695444	13.750733242863678	10.151663027464226	9.897917529572553	15.543821368135106	24.23139967749929	16.194276120495942	13.084976967971539	21.151658208133725	16.18363146548325	5.1101394863883245	0.25562821020743315	11.526711362645978	10.490091427763025	8.23034335647964	14.366510668049878	17.22893070674429	3.094130461209746	24.032349603730673	2.9489861926656027	8.613100213013619	17.465250516041603	25.910614956951886	16.284547233657662	4.593592725207804	8.159264623243427	18.336546319149825	23.12545434014092	2.560652694507004	14.585697277722213	11.409138681668646	20.15514316997762	26.951908306070727	10.057595357720784	11.072238720137122	21.8337428062163	13.334205993938587	19.132281156275027	21.456003628648464	9.409425376467977	2.3085345549337393	10.534620364379155	19.52055967722357	6.331779788074808	11.639500951421057	10.638909390104875	-0.011777364064408918	23.598006237783633	25.81342976696619	6.098578927491582	7.817953735046963	23.349227271332932	7.175089630141109	16.586277383750396	22.79335890560158	14.361774126210603	20.724912712683047	16.896162222498575	3.8723363113699776	16.74635542952073	10.986965924438062	12.566101229913482	17.295929015399057	14.068613354651935	27.34750378314848	9.353604116034216	12.077866208406327	-0.7449095738674624	7.415451791840861	3.2136958957710173	12.586042995173713	12.352623273337953	17.909423893677346	27.55154599499232	-1.5735719811514226	15.827566323400688	24.144729721514594	22.107477593312467	15.853718070915935	22.003878229268228	1.661865656038889	15.661676095896246	7.700444336009398	8.400961182851445	1.9621761040435908	-3.7740374763002813	14.664759895440987	16.137029947706335	13.819081655520051	7.171187216563899	21.57613011772857	20.25435542678675	11.9018382517031	10.66322234925545	20.35747215212004	20.048615536493184	20.791043285296777	18.47204044043585	10.223626831028373	20.23039408687391	18.198202187747253	14.412302104244386	13.492413619860095	17.187740420471545	18.091625976910368	16.73342510214222	21.145341338802137	20.41370008152937	19.786533251143435	2.781924048854132	7.4127503795251055	10.168120600044745	17.563899137097867	8.871580084563917	25.086448269900718	10.519841175388827	18.460965592329426	7.2544607826094385	16.738907863934866	24.43188176450013	-0.8491230865661249	8.29583702370331	3.9866674593574336	4.85923880813388	14.38845724726483	9.030654936224067	13.89907663745505	22.79059518132406	18.896344062443802	22.302150553131693	26.94900914877761	17.644177055264503	20.28818122084932	18.143598916971865	16.175026663216464	15.4661373990387	19.00770352283488	13.40518462427049	18.755697598505094	4.227455484887363	30.3828137230948	13.78827101357386	24.30514292084757	7.815448030060835	6.707248431330969	24.412251503384518	24.061607008505625	16.464233652401873	9.115089211985916	14.33066982428932	25.706665056345628	24.69161353005578	6.052034142716935	16.63092681088914	9.90348466711784	11.487554113540233	11.643143987254323	9.456928256662561	15.993179388787055	15.239429148426611	9.26718161160269	14.845387214846458	4.460731118346821	8.661658476227103	23.27758046959013	24.890393564125528	9.255011551189046	10.486842079901512	15.79271950251688	16.717695683596382	-1.3744201433409724	7.558961874334237	9.902122802823325	24.739251656862116	7.791310270632867	20.40883359473909	8.458269223622139	9.434999154567574	22.9189188642375	13.308647024763943	23.59157602398594	24.662005112993437	11.40878615872924	9.283739046283952	21.95541961437396	12.78314366253088	7.64441708853925	11.463530271136417	15.258866828942589	17.188989077310147	8.045827175772681	7.15866008088845	26.749319583136934	12.168044532968146	9.085278662461667	8.46706566126146	8.034870825162812	18.68365301080433	13.781870118507427	10.548798188499836	5.803643214029815	20.295165331949608	19.34093421150147	14.786072007888292	15.185090149479215	16.688944051241812	10.038014274037197	9.018624451719495	13.860690575179778	11.216455052777965	20.3161521576012	1.7224508029753385	5.6664491060584865	9.716604925581699	30.663544066395858	14.945635950525377	7.348525770368446	12.488955606030995	7.6253963808509875	19.929335061811194	12.964096549654444	15.549131645155951	11.54618710365343	15.961490859633441	13.681186484790418	8.213718775308195	15.156742793329636	22.477740528992335	18.231759161263906	15.893893705889472	10.216214734374786	4.856766427673118	26.033094678811317	15.584693774250692	35.691288258438895	8.986390276510205	13.726247810252614	16.5390844732109	28.71897890273433	18.282965159045414	0.5991414694450159	1.3555921303924312	10.493905222005349	17.253913444302505	16.4967102220953	10.586697135314534	15.763160522316696
29.560701474734106	19.743896871583317	1.9002159950327513	24.98462937791515	16.008410946752686	15.381849832454705	11.170490502204736	21.524705511130485	15.699036079203497	22.791843099213153	9.488910761275514	30.262054357500556	16.162962149520283	14.08030776869615	8.005968010248464	15.871426500862315	6.735137655884121	9.611101083154397	22.97676695264245	10.393633067190095	11.839737248087182	10.084020518034707	13.776558617334755	14.106710368520051	8.016860903082865	20.293981995845503	15.214051712469242	30.69778243098909	13.787166243369853	18.722199130686842	22.016824263493607	6.630339185212573	20.64738189620113	9.782347452066944	10.358780729127783	22.74963036049554	11.155313134449555	19.361715999886897	16.106443428231596	18.602960531067872	4.644054123210944	10.255122629730693	22.577125137447982	6.687575132515455	28.575145715340778	21.834008071024687	2.6070743373155905	7.165692964434798	5.416532928503075	25.492643362486824	8.897566321008023	20.608373141588235	15.836514224680032	9.035534606449213	13.86475161865563	10.392436064995469	10.142827180137381	15.778013518604503	24.338397660563658	16.463531548537706	13.21827829531094	21.32354918424029	16.276203790238043	5.173047519505518	0.4043860507070805	11.734999354131482	10.587292409335623	8.496389655412385	14.44844686888526	17.28159950718588	3.167564301093854	24.11114018631973	3.4707418255712073	8.658364165768774	17.66828558724382	25.928780604933884	16.426184903283918	4.732804646175526	8.40623887746505	18.409536755395862	23.194242807439785	2.651470551961591	14.659791280801725	11.432685443610605	20.257508988426988	27.017184580832524	10.075506504883183	11.087311378348831	22.012484241593043	13.378136798372477	19.329966017589467	21.498969462313287	9.447282343905814	2.545993332255524	10.652337427854723	19.55207329033263	6.670248160394686	11.83233675587056	10.8003463159907	0.01771883256013856	23.780847178436876	25.890738542804336	6.154730275500178	7.979583147012821	23.35477205767001	7.227615821844499	16.680623145351905	22.940085135467296	14.55945998205018	20.8644057645405	17.0366304618541	4.140773637754508	16.861791341965166	11.426983469313331	12.803604016878513	17.3536506894745	14.15506432898989	27.52917079691973	9.62987678793789	12.440205784886874	-0.7100052986270001	7.514961063436618	3.3561419052340034	13.057426835610487	12.43776163033174	17.99803262582548	27.75954913968548	-1.5164282161509461	15.884159702962007	24.21056709181614	22.305420425849565	15.929190285906067	22.324660119263484	1.74694453734162	15.689066370103436	7.784586737758767	8.600014711495454	1.9742849187319162	-3.5905682045534975	14.706603159149918	16.4111200912632	13.992894569955299	7.376163142421761	21.62539299714577	20.4628429552006	12.390926489167589	10.83159149292693	20.46104100558612	20.094697055359124	20.937180172210493	18.610448716230213	10.329025975413312	20.273125974548297	18.336813021377935	14.594273057310426	13.624083323878692	17.220139439678523	18.527776753941332	17.004055611626555	21.40188080538327	20.539372929675263	20.014711231890455	2.828439116161341	7.5603995128991635	10.24738250189613	17.99652238383057	8.926712640485508	25.117460230128806	10.67135317868878	18.584052046946038	7.320085484663278	17.130641670167954	24.528412701898393	-0.798657438121574	8.332618554334152	4.17869151632215	4.919952767567239	14.504581296832836	9.110437916557833	14.018719811948374	23.11954853594084	19.221606527342878	22.392563178037193	27.039626368020063	17.71529676023176	20.327555753035416	18.196599651451496	16.348151434750662	15.516518560997794	19.126266959128266	13.54229991744965	18.851621796970683	4.302791974258691	30.566060767442938	13.87775802268406	24.456726329144452	7.844705194911916	6.828059848735663	24.516547510598397	24.12506681508474	16.545499416904388	9.317930483516845	14.375764417662664	25.884051140797077	24.76844524533588	6.221822526930683	16.80341571333224	10.077410560724129	11.831041072794017	11.695795824310817	9.769561058144495	16.33904209757269	15.416902950844845	9.419848989269767	14.96337102836065	4.665762641119956	8.869684922363414	23.503392967284583	24.9933341310236	9.506041651373677	10.506223965177721	15.965110395326265	16.725376532280144	-1.0024039465673746	7.820817471766602	9.964170378192767	24.873429055351693	8.065989998497276	20.49227449351279	8.665641397513493	9.467089671584047	22.922758324651916	13.386533760419919	23.793517108607592	24.836523776711044	11.619239588037201	9.505413128173863	22.066005041764026	12.903237872334307	7.832571228511013	11.484431360088049	15.419780677256062	17.34310169541209	8.231613177443668	7.282387655364309	26.84300762537416	12.226699902288015	9.263925804976607	8.584147133647784	8.379761706866873	18.763852043639485	14.019498861991007	10.679024719941944	5.924625471999663	20.467507847185225	19.415454054498447	14.86369998740274	15.215587662615539	16.95829143826809	10.175403802884276	9.103417301100873	13.982064084124973	11.486711160950211	20.419624726965488	1.8817339030450326	5.722611878483158	9.788349246969654	30.871843927601645	15.068889769381148	7.5846896772112045	12.628214972976016	7.8105786451391985	19.96994601075065	13.257401384829638	15.79256767950747	11.702012959310135	16.08303712869128	14.10372930334467	8.290664020352603	15.322317995446355	22.561424948139162	18.53945100448751	15.986172791641177	10.368524104358778	4.959632233770259	26.073790150870614	16.02455247066777	35.97838843480016	9.210176369964218	13.927898281787384	16.685709438304503	28.742204415908876	18.42056874947665	0.7844776141960759	1.5703637382929452	10.816372843237701	17.466464955189178	16.599120037723186	10.758996588815236	16.04193455388966
29.62560141331632	19.80557964669019	1.9981900808914694	25.000987395717807	16.223192958930408	15.474353078612639	11.362732548495071	21.591473908199937	16.054702834981374	22.87710259199	9.556447351965645	30.414601988627535	16.31401960031759	14.122711542279893	8.042782609192196	16.143050042600343	6.9600605498694925	9.728706758961817	23.093348584605064	10.526485704806955	12.122893148216509	10.121824805898754	13.831134137361152	14.315278231211543	8.2086551247758	20.313676857042505	15.231724134117473	30.84701506122236	13.86495617185241	18.931041985032007	22.09075775738878	6.728545286765698	20.830944179811443	9.863345886644728	10.45757390436326	23.04971771118324	11.211284589467736	19.385438117850622	16.18662168954547	18.84669076496533	4.702401532567194	10.348206567609383	22.682819983871823	6.983328752560492	28.687055639131728	22.428797808125676	2.717240406676656	7.558878391729752	5.482967173040469	25.771529968860076	9.174253298099595	20.665386741765122	15.978763259624179	9.291283057467796	13.9563243810052	10.541842780789493	10.340255114367569	16.060271077113658	24.424455772314428	16.570518579487644	13.49034194918755	21.447888520182282	16.341125256463773	5.357275441057286	0.7774120553356006	11.922609115990062	10.772780058112227	8.513620306393765	14.62696384081859	17.815131945503186	3.257533788946622	24.140058175675637	3.5091600479392593	8.792259540632458	17.70609843714499	26.346592880858907	16.855669325973828	4.959288611766715	8.43729900502378	18.538330070408563	23.34177915231611	2.745754040536068	14.725560595722506	11.502204731481832	20.377050648277542	27.212891995286363	10.143104445211517	11.106495008359532	22.170278015835464	13.680370846783465	19.473587239914686	21.62692434139135	9.701880508040107	2.7945048875968803	10.803342043443298	19.681897644326796	6.76415602904893	11.862691099286861	10.927214502351683	0.14229726643533888	24.03419739897423	25.9148267987839	6.318995066542855	8.056168362856463	23.46537518093659	7.255885263615689	16.91677637573598	23.020058305291272	14.69260109995837	20.93490604579765	17.312289366282577	4.478114489530496	17.106716701379387	11.444675686463015	12.956421341016783	17.581317531219092	14.462167955645493	27.626130254576445	9.78141916093831	12.629624833090888	-0.6530124991297285	7.80397970141404	3.431066318419637	13.192758210932595	12.553641948146874	18.071490687106806	27.808757016243813	-1.4483362762814624	16.037374993567493	24.277989349831593	22.645852503861185	16.352191029809845	22.58185446789106	1.862408460244671	15.906228740631326	8.167004487651084	8.656660332148348	2.317403651723576	-3.4514461339041547	14.81551337002034	16.503158045869167	14.180080222784092	7.604209058076568	21.7676790344876	20.538611050772907	12.497960207600622	11.140586279580653	20.87642609572998	20.424188498212544	21.059608809640828	18.797944382760235	10.3587837411217	20.284781437085787	18.516898057091723	14.630116089544156	13.724932079022249	17.365809306986844	18.589273301119754	17.210042045343705	21.617153537417625	20.84077768929094	20.227252404544114	2.923022904393319	7.6022526560522055	10.324330647624	18.09161287812249	9.362207856258387	25.16244119302251	10.899809405652075	18.630925802019803	7.475430078714622	17.186175845759553	24.661272718858864	-0.7082035404719029	8.351030873842776	4.207324064607889	5.19490322554855	15.12687686128845	9.177016008884115	14.164459005291633	23.21289884718568	19.40574960230888	22.437910873525844	27.1624167712384	17.826033977204233	20.416471238504446	18.26736765265569	16.46192113258673	15.61508215743443	19.264703640178915	13.707102940316664	18.879107426030515	4.369335089231507	30.66294148792188	13.988767398318517	24.785908572837176	7.987052331820637	6.952500118230357	24.722632213978613	24.23882139654354	16.626070878475858	9.43008243315924	14.415173594413156	25.98625852565514	24.99237574780594	6.335097346864515	17.093642569378066	10.1830815987862	12.056748521364815	11.789407935239588	9.849383002281874	16.366248460504025	15.619213179433201	9.727161828817552	15.23165490023437	4.702914261478284	8.943208796661786	23.605416829636965	25.22015076245461	9.86391507901893	10.612905030494263	16.178755514918837	16.861093785339907	-0.9631147803028128	7.918825616468298	10.278245344084727	25.056421172826273	8.31336627007565	20.54304176376113	8.731822933770728	9.735733816014845	23.148178127193	13.703413980727788	23.991320162776585	24.881354580823665	12.192182522201623	9.507295117736895	22.478929120779952	13.013360599971334	7.957479923740503	11.581611034642153	15.552453449642988	17.498742009218613	8.342317674788804	7.430187567079503	27.182962230706245	12.367598198374612	9.526480695122018	8.800169891915816	8.542379765008523	18.963087967433815	14.026753712770683	10.711831176418048	6.008899473813091	20.660054615504897	19.469516849012876	14.957356351836392	15.391293161908845	17.126964602701936	10.251670907841698	9.613925908987571	14.440235637458587	11.503731490038135	20.568452386186685	2.0013647741769134	5.957958224278983	9.898967484448708	30.989343052476567	15.180672153728539	7.775529739244532	12.734906888751281	8.048930034663288	20.069199431600396	13.378019071835135	15.844568471111904	11.732449786377323	16.1154456012936	14.229276362558972	8.785174889566864	15.497098233212217	22.69685207855958	18.587726521587133	16.096986471076804	10.507124903341168	5.04016586615526	26.232744618563636	16.31455548169721	36.07274089793268	9.382314773414734	14.006570835812477	16.77613744611932	28.793488094003457	18.57359373911532	0.872997388614736	1.6071835424008967	11.063765547825312	17.557344357336888	16.64727074129979	10.95930756659256	16.405044665695147
29.717223359521345	19.911067862768455	2.0312768191913704	25.040666293612496	16.317155248385504	15.657016621960517	11.704196279546657	21.79589841448126	16.113504349945117	23.058172843075816	9.698571043232318	30.94999097458484	16.50846338353647	14.326425749342306	8.151828129911797	16.252803678582705	6.985440891827878	9.914644326837058	23.167950718440256	10.633685122208027	12.326878045335059	10.35707455397719	14.10144093823759	14.406819122333703	8.239965885465224	20.41736914661177	15.437710532473242	30.98012946995119	14.144139454870963	19.16285824768682	22.203245203239536	6.822378982773846	21.062103744060405	10.155575860123454	11.031692006456275	23.33412472624777	11.440005292969298	19.53044418337665	16.49522877067984	19.04138183080148	4.951904723937076	10.619810508687207	22.883959750670577	7.29449883452294	28.853857687652145	22.535502675480256	2.8392664055251053	7.6804134908809605	5.56914387829971	25.815503569571508	9.368373555257673	20.82428168290956	16.055115119224723	9.414705762957256	14.214436688156924	10.704302248996147	10.630327488105554	16.088270692768713	24.555830368569843	16.674657444535963	13.500602028451866	21.551712916385497	16.4857355854402	5.429568994547656	0.8917206739402518	12.25066787282068	10.882745448936213	8.87597858791842	14.849425539770003	18.00775529215526	3.443381073279017	24.447558224390768	3.624214750116309	8.869460449671246	17.799350261596587	26.440308776227816	16.959364016901798	5.29030524067186	8.451891955063406	18.720926048629035	23.532075568367627	2.837081691836563	14.952508293443568	11.610970735955128	20.798662919490138	27.275653825517434	10.22739439960298	12.011467886965328	22.349991890753156	13.894874894123888	19.640407006574584	21.7051456883358	9.724811715717156	3.035407000733409	11.029102867342864	19.755230254922527	7.080260865922308	12.110980172964197	11.163502128860264	0.2796293200579402	24.13390193992854	26.054189828924482	6.325064232042124	8.294971107502409	23.714224774955905	7.386404480636824	17.04664989521957	23.413235372588243	14.818104932028326	21.075141399994166	17.413911106017803	4.592778082463569	17.131436077738474	11.540696722796138	13.107131859327415	17.855427116111777	14.718778153827808	27.78337606573381	9.868380690913535	12.741483184615046	-0.617248288120749	7.995126572380365	3.537293305698353	13.314479000449733	12.617150915823387	18.307650496678388	27.93022220550563	-1.272865923583353	16.17968659724086	24.31570678949101	22.731159808906366	16.4220969010765	22.645225828770727	1.946982755838735	16.457270110692615	8.29514398721122	8.843433052852296	2.3562122055723167	-3.418502345022149	14.981387062153733	16.530195848832584	14.21376121206733	7.659392031584927	22.00789480161443	20.663583620690943	12.693077237301686	11.382515450186439	21.12944120221361	20.614048348126214	21.15433771769687	18.8974380939121	10.465772212651357	20.437404243068553	18.685977074680487	14.785163124181055	13.838806788752281	17.772364008235648	18.792606575550632	17.333413672723196	21.809073773938174	21.010736950913287	20.34216867264309	3.0932196137020846	7.694965913757495	10.50193621600374	18.246459238737277	9.453603219579785	25.276835766401604	11.056544228065082	18.96648348346302	7.821555083005963	17.435804585524426	24.77040609695535	-0.5220098808108312	8.487757774034556	4.291345184362771	5.504757156216822	15.29635311852653	9.272436333616293	14.179768898309899	23.286143205009875	19.69680221298378	22.520057410672067	27.283488275329805	17.93321989479055	20.556694935196248	18.317315076209464	16.626195806197355	15.754001329255823	19.327079324189896	13.906782887021208	18.961254013595926	4.438197406130401	30.86342111862785	14.128021832704944	25.002732306511156	8.334601257569144	7.034311262466396	24.89476983117903	24.392967029031674	16.762578515302	9.51331776481617	14.495167170446388	26.2420971904263	25.201972690454433	6.400140543421626	17.420047726821245	10.316731639515016	12.478308483278125	12.017690352227339	9.887910177420707	16.449868529995424	15.85176297541202	9.849657279954743	15.291945826962738	4.802248073141571	8.986540941703694	23.719573885248543	25.318836734856077	9.940157607701902	10.805809260741324	16.319756688381865	16.952492802929147	-0.732884268886429	8.077745238706914	10.333390320129954	25.1341354754594	8.568446669787933	20.59682704598996	8.789127626388265	9.874423938442893	23.177419585335844	13.774531690183046	24.118661852621933	24.891255391122183	12.198751661966494	9.82901105770653	22.56154833675988	13.376310477394606	8.024753278984816	11.79627076841705	15.892809664601382	17.624728312387997	8.56517365446338	7.588456225068258	27.283383610777552	12.404870745188086	9.799569164266508	8.931186135473267	8.73704283420985	19.266144640373984	14.071137125838002	10.961657635582133	6.242811435315384	20.86406874750507	19.65533312675578	15.055290232597567	15.467234727258433	17.287805954628457	10.547339345166149	9.68032911640692	14.549346871540772	11.747144575460213	20.681331911762797	2.020572516148888	5.983338679948876	10.03926089661501	31.038571801651845	15.201913391757655	8.675165466339026	12.81371025549743	8.218817049009058	20.139841344563944	13.562086794210819	15.870752713660675	12.095680243205594	16.199121068219583	14.401038617177356	8.829754440640299	15.524724574830069	22.95111042183771	18.90567194296111	16.141093237237197	10.642683047219265	5.089424167518016	26.6123793839674	16.425793845848254	36.37359288258298	9.66689765855907	14.121725694283247	17.13215064726212	29.014840745658134	18.81642398284344	0.9600084883006123	1.9201901880133434	11.286371511896776	17.634226086304853	16.814429473345367	11.091452745432017	16.65205184395107
29.849549856790176	19.985659768966073	2.220034424526753	25.607936384712428	16.84625967088353	15.702846164621807	11.793947165887698	21.865631673811446	16.20287371052096	23.412149443047905	9.885599039656238	31.043165729877096	16.85377188916945	14.51019243837759	8.232765458484433	16.304143029842777	7.165077943949857	10.294833699875511	23.304753506830874	10.80395916482372	12.437887190595298	10.604259354271958	14.13160465278526	14.45623878551193	8.492592298533522	20.48995683113009	15.639451325938477	31.10618443794877	14.386846092225078	19.576362977069948	22.516453611584783	6.988506424419453	21.088235871606816	10.277312507557752	11.286255616843766	23.610631544258524	11.622689717496888	19.534317437860693	16.60865919032992	19.276567150258266	4.999874361048728	10.639871670220147	22.895842680148984	7.601336319938025	28.882481986489957	22.668084302633893	2.916064086359398	7.696337485650958	5.991527056784863	25.927930142960747	9.39404868276951	20.964872778610683	16.264156639087016	9.993843996302092	14.375202431432534	10.902147412960515	10.666911009037241	16.30422141118248	24.953525563675704	16.96264748474575	14.089522550405855	21.71154510722164	16.617570612760208	5.532423166742705	0.9305317450041456	12.288261777436079	10.989921552245104	8.924098977338964	14.944063108570722	18.346488947881152	3.6082857791080887	24.624052666631417	3.683921002195007	8.975502411035643	17.906600464291184	26.64103772172644	17.18619555606276	5.598548701795657	8.691090728889895	18.78589351790995	23.762836201710826	2.8741756597517782	15.04610178834273	11.794691039375472	20.90047775308713	27.343831719445486	10.443165127474478	12.038461611619518	22.456733933015272	14.031237559706744	19.821498359323094	21.762037430864105	10.374492378463238	3.1764627105789263	11.180108017547958	19.845074254064276	7.2377219595268985	12.293191439771224	11.255744922379769	0.3787467672005712	24.243669474713695	26.31089549691859	6.519936211588113	8.371850418535123	23.734625655373616	7.548486736141423	17.146376134613384	23.509316595374386	14.860063119261202	21.571812702926163	17.532821615484497	4.702221911645105	17.23244710750988	11.845399607159418	13.403515898033731	17.884557107835537	14.76076022677003	27.85415126757567	10.053636293036043	12.932875592940903	-0.4432327368550817	8.279680269407164	3.7969417711918223	13.429821301949929	12.75375073065361	18.57517070799799	28.03995702537903	-1.1341370664104846	16.470788500236495	24.523614915943174	22.742168652056073	16.609244253220353	22.79610749904469	2.014427672707532	16.4773004777841	8.355380613602822	8.944515442688958	2.4264324108600133	-3.0859426255724243	15.079600332899682	16.64380626329072	14.319193655783248	8.013287854803266	22.210827032888165	20.699277350676763	12.903816287918291	11.443430026467647	21.244667339383373	20.715826439667772	21.283030246560056	19.159562003615125	10.894022874402738	20.56987512680304	18.761111407484563	14.9910949267048	13.936693225871684	18.032505263299296	18.875159007120168	17.41336744626125	22.03069230399046	21.263747087999004	20.525554427668222	3.231687859535681	7.931663329920403	10.609740798193648	18.38154221110566	9.750942129534	25.339820294439907	11.089873187098116	18.97140551495616	7.862953970256832	18.33310628976855	24.85628275646367	-0.44434340393460636	8.549861035611876	4.570722321260909	5.724280251832192	15.385244089944386	9.373496574727593	14.252362537907663	23.608244996530853	19.765545373340977	22.607689239870417	27.532369568785867	18.02451794400454	20.904254597144476	18.43055090013233	16.717355564051786	15.885870480774484	19.410469993403016	14.154876204755071	19.21955135936354	4.471714859975432	31.039698403804202	14.167304804177855	25.4110675263532	8.374796039430441	7.183181094002048	24.99180325863286	24.461091115659222	17.0007258060686	9.69584942023606	14.537822097505996	26.38503607451743	25.323946825945	6.601984905046254	17.431021434435674	10.68221930123786	12.655979098981947	12.116268746564087	9.943099211818936	16.683771823660084	15.898749347094421	10.010685398591871	15.30243241473445	5.099936275111787	9.082637985156076	23.779899230914893	25.524969582066934	10.296055898689946	11.0115372570732	16.440094297691427	17.04811065212996	-0.36179602640175745	8.127226048258263	10.38504530660631	25.32817928293814	8.760131751310563	20.770777725978625	9.180527900568078	9.991944170887878	23.3249096345873	14.128608606025328	24.18877495506173	25.36541550304725	12.364474278643785	10.050033090760392	22.72443157841953	13.728903555762518	8.146836363160691	12.0662954320719	16.054731585145237	17.871152222099024	8.79187681720678	7.643742569446931	27.69660370881447	12.51623259145373	10.054384346507259	9.107682403281306	9.160134759377437	19.347309574065978	14.363825179026996	11.398219092395088	6.254756534642156	21.047893189339565	19.80326158802477	15.219590721562065	15.69231383678921	17.351484381781535	10.661507570771533	9.704728885298278	14.701568505298882	11.84740093924711	20.872693364585484	2.384434770224511	6.067711496881521	10.138861855375302	31.178432383797276	15.287158998876608	8.729708325416011	12.84369225372712	8.53171856411349	20.551446593326133	14.421100874499128	16.079961391379957	12.240852802848043	16.497122056922514	14.658414263230911	9.040447744694555	15.681891137639584	23.001355829576312	18.910974117564418	16.317831809598047	10.730100815877881	5.15232384452299	26.70928208134467	16.61008753037035	36.45923694838137	9.770254285652546	14.272410135566147	17.322760472684983	29.080476338182425	19.131649225572563	1.0889852816577419	2.015405623943368	11.466095792545405	17.642853602742324	17.126547865800504	11.256208487043839	16.70430634383128
29.89943563561347	20.120887730386144	2.389735890279109	25.683026638687895	16.973084257470855	15.906754964427662	12.106100539652278	22.015520320872586	16.448377609534873	23.521122448597954	9.994265966332216	31.110768457676034	17.10084002388325	14.6127706300119	8.29613059531587	16.424960255277703	7.262286827575019	10.509490083986977	23.478879931977684	11.031647794467418	12.500874253857003	10.698432445297087	14.259580146090071	14.815070888607503	8.720360878899902	20.570245865229808	15.764882115268378	31.24137919337675	14.390217672879999	19.648042844702957	22.580984825335463	7.1070757531514275	21.628693082751223	10.415703738384133	11.378218830458225	23.83760264540467	11.656259872957499	19.872912088372072	17.317084274250455	19.297289722114964	5.253509126109783	11.112726484323048	23.09777666304758	7.764568153050546	29.04217360732133	22.86599642989966	3.2217477904837852	8.039839218052506	6.106902000537556	25.975171167134086	9.452048609973062	21.172602856502174	16.514294796106114	10.133140414947965	14.404416764720077	11.122165509834751	10.882444774827059	16.395241129812174	25.308015039387467	17.062003965558723	14.345539886085971	21.821098066146703	16.79002257247182	5.620716702553251	1.1026742025936052	12.33727211696917	11.23776517608365	9.090142101368846	15.21514452016869	18.35789563719123	3.815954935616745	24.783916018510528	3.8241087421323665	9.18084484047693	17.930949790109654	27.025649726941214	17.322927328254984	5.847690060160801	8.831659782271595	19.092541271877696	24.003790003676574	3.0041991691400804	15.083770746948112	12.000466676228847	20.961187054191644	27.57899302351746	10.708123936952589	12.13643054260828	22.539755103114288	14.239675032618221	19.921229134934542	22.265227082815368	10.402971169393556	3.375776657318291	11.374003291038877	20.103959237882883	7.598286621392856	12.583225839205715	11.28963182577115	0.4291830709874949	24.335745196276125	26.698849290491548	6.674196376910121	8.448914728262082	23.930642646153334	7.878421762040939	17.41863293604594	23.74188851811092	15.127959537895416	21.77639919058172	17.633961324326876	4.9007470474973704	17.485601030815424	12.147806712488354	13.76172925477988	17.887370974564867	14.877683210569716	27.946908160143757	10.2566953980277	13.076084336892555	-0.3743356032321704	8.491517858496087	3.818885767393011	13.805420077528881	12.942490553632826	18.66686272259721	28.196232555752143	-1.0106638103002359	16.60494555250392	24.546591330371157	22.950218459095673	16.803906411694726	23.046235418136185	2.162250913209376	16.661531637484142	8.906993491660744	9.16946888949152	2.51298551902767	-3.016908107178656	15.535128496785283	16.81259729230543	14.32939811113877	8.256748548140049	22.35974166889361	21.321577600779474	12.998302582075157	11.514273170377917	21.347290667850174	20.90407703712315	21.436548194285482	19.322545245515755	11.14013629760962	20.69206109830917	18.877019041108653	15.013260654360185	14.106777352457511	18.200325054346703	18.941224814619204	17.732525082306037	22.04574665963175	21.39500639010965	20.580346149323297	3.412813063642663	8.05327431715894	10.804133679114887	18.524754694342807	9.855163730627783	25.449854371293796	11.144548099019554	19.25136297051566	8.177985843705228	18.579857605142166	24.937508955458007	-0.3322533713080288	8.612937717129013	4.833075267334325	5.8451315089492635	15.827465709522091	9.505518097554058	14.513239097452592	23.901717328508873	20.186660027409005	22.94808853447279	27.635978054617627	18.578039451737396	21.05142527519595	18.483226197849465	16.884932965051743	16.02705162144931	19.62566676979402	14.222032180854443	19.40366138246713	4.512248941319858	31.09229702540007	14.306283781366593	26.06628299074877	8.597040735142317	7.433739471025418	25.2322092732542	24.520392707038198	17.23030922938127	9.800392644240164	14.76578498245497	26.409303002538703	25.838641417681153	6.610150564244367	17.63935683090175	11.048033327272082	12.756903282058325	12.456411361636045	10.182765386962204	16.94649129329084	16.034161181921334	10.128222517319793	15.48384048881498	5.2012531623704135	9.508764955450495	24.03427909267056	25.6774989181587	10.420297528319653	11.319744452860819	16.707415270677778	17.08710143958236	-0.2754888259716681	8.642061840566356	10.442110982013748	25.43446607835587	8.798027974674206	21.227617451246513	9.319547881692904	10.043007462272033	23.53149758740879	14.148441367480531	24.711084031951252	25.52720109463599	12.39662917518508	10.224186256333525	22.845298417015695	13.83753137937128	8.408159617670888	12.208659437161781	16.129100272266943	18.284303769103207	8.941832998385639	7.6905377987609285	27.793660864035306	13.005948213988518	10.059954431966483	9.147154465225244	9.205204071334244	19.484789494258298	14.454239686709062	11.546352893046924	6.391008052712415	21.324349686880424	19.869770243864433	15.70566465609832	15.820844423787685	17.479642010109156	10.666183426861704	9.73452016345426	14.958555486244855	12.374637862808735	21.005280269851802	2.4144479475758747	6.172164568339233	10.275679197954526	31.280590973556777	15.506039852345701	8.894145997752828	13.066728674497247	8.694461699190684	20.648780902955654	14.653874700603664	16.16189432312754	12.508222055801237	16.637088579495476	15.194434059061509	9.267623164383268	15.7427797945594	23.171571823079248	18.95427519087003	16.533634212691783	10.743770760280814	5.238597902333109	26.820806533728273	16.680426419499042	36.59714617438801	9.954952205280197	14.338847954372307	17.52219274779252	29.50402318008925	19.158615746017986	1.1520395368232177	2.1994960647993316	11.695980248268357	18.14820630342004	17.198474823970823	11.398909397851098	16.921537178139644
29.981635321227248	20.186984170174174	2.502463167984605	26.1126817681759	17.342914953627748	16.003230411706564	12.24518895656939	22.150481092030354	16.57137984083273	23.64029618854352	10.17992575227198	31.426817472423828	17.241453651112735	14.674063458813007	8.386878979262187	16.71238251021144	7.465241420773316	10.68735328054944	23.612996826284448	11.05760292468516	12.866234772008095	10.759321451225018	14.377538132442007	14.849657824517584	8.923528506452477	20.744565761291543	15.885275618609619	31.4227641283371	14.450866398159466	19.70203317492348	22.637017791062238	7.148967891774415	21.780593361085295	10.644094506855184	11.457825795945789	23.889853761711038	12.410085132230337	20.185211246317554	17.508059632486056	19.661898598374005	5.473217431208098	11.636903227073892	23.222416169647374	7.9456995893344455	29.25177010349315	23.040682716234556	3.330296411962646	8.172165662469324	6.193250377391593	26.07516706733743	9.54216264949115	21.3051554408208	16.57392461518705	10.210924836241817	14.533719238040979	11.146533594977239	11.010182221701838	16.692914414740702	25.355472895018544	17.110993949637653	14.530888270769681	21.871757288542444	17.10554478126458	5.807297612629099	1.1369914742841976	12.445825957495005	11.27117784361265	9.09373110595313	15.263505286068035	18.495124252263842	3.8627290114910493	24.85687409345896	3.8629703560353676	9.314128219875219	18.10902518999701	27.070218953138436	17.43215386526024	6.024496230141307	8.903605745686642	19.25377404655567	24.287467276695477	3.0860450430938684	15.352395832461978	12.212165702611061	21.338136680817154	27.67566806338451	11.174539751337045	12.54615205834231	22.707834262077487	14.513918642986383	20.15722404324267	22.371185842229824	10.566115376451204	3.5242643117844117	11.55383314521466	20.356435887003453	8.034028333827461	12.68033748298166	11.56271287437076	0.6958950532578214	24.62360077577544	26.7889629196879	7.1007994354019015	8.604658252001695	24.186989257161063	8.054723850090818	17.664574126152107	24.044572977838133	15.559274074609734	21.80126617021882	17.95377819316584	5.0347305920448315	17.522000248261435	12.316813609145152	13.864988780371197	18.060155824976665	15.041425246010743	28.29209294711634	10.268714969672587	13.127798565475016	-0.2788627264559981	8.554993879495491	4.004962587131755	13.845566338254454	13.239198737041617	18.76010719565092	28.43609002476383	-0.8608673627070148	16.752090629228526	24.705594567909955	22.972884856563905	17.03516442079388	23.099437962928672	2.2265173602153294	16.93177766519243	9.049674058924499	9.446145466742792	2.54136518563591	-2.9142704379982476	15.635335806445676	16.93945282899781	14.455784863521826	8.298767137597894	22.525627804419685	21.56050519660991	13.0424956552059	11.799017719741038	21.508002728728517	20.99201854381321	21.52036752567545	19.42882866066	11.171283831383779	20.730057797193776	19.010629755110585	15.216015343556434	14.16485966862688	18.345361547448164	19.317691455154566	17.898020898369285	22.403841212433587	21.65086511743705	20.87237321890704	3.4599116423644176	8.290929538342297	11.209861329164987	18.54678924014872	9.930102390666274	25.660505548799676	11.396067593356436	19.369568931916945	8.270237574144215	18.620637536757688	25.185316435725802	-0.3309103666478956	8.686699870610536	5.427495582426562	6.048178276223167	15.943948263123032	9.592520695856495	14.730311455874098	23.952826971786372	20.518244574280917	23.11299622205472	27.87320057925139	18.63259748145159	21.16356154454264	18.69509865344046	16.98716878674032	16.09784897492246	20.003192117574194	14.3846534838244	19.443962140024585	4.733186360579186	31.300935116012162	14.66815658239238	26.122925219814285	8.695301003986511	7.655563419022575	25.238297858813723	24.583500669559367	17.4176162564761	9.974437760476832	15.007334595625274	26.629045159790415	25.907693405857657	6.731842219627092	18.013080567475235	11.142071437816549	12.998185724622372	12.530075013034915	10.262208894619697	17.221933115174508	16.236766833522754	10.505689506428764	15.719064154544174	5.253000891258707	9.518304887912267	24.119753106203124	25.942978940864133	10.708473243684045	11.540782131524786	16.77316174490981	17.389681080456356	-0.14190062592810537	8.71780222620963	10.560230409827533	25.57804575787801	8.854651776608934	21.54711986407301	9.524238933938728	10.152310114333636	23.614816072546965	14.496277398204663	24.85076407214286	25.643931391640894	12.715602617227555	10.237863538053741	22.864016786643067	13.93546101189497	8.606495741582032	12.300047391470983	16.224606224436876	18.658994767219852	9.10445243960392	7.909385773790328	28.311137362246985	13.07583278428365	10.29622248949515	9.237347355292115	9.259691049988866	19.60164593554584	14.583160745872233	11.800121728105829	6.447280734036144	21.39123511972402	19.984314276351178	15.91500551146548	15.94338783078608	17.75840342674383	11.322716530049851	9.788022804038032	15.066403491620813	12.663384042561802	21.47387956770734	2.575868244927393	6.299471983256681	10.603583015084178	31.32516156450743	15.65084739431031	9.110940907178657	13.163907375811819	8.702072002007236	21.07814383072509	14.684784387222805	16.240236613282285	12.77973207717142	16.697358493772693	16.063501677040797	10.16053866985125	15.81323572802975	23.211853670296993	19.119881044158607	16.703696323558468	11.175327625946977	5.360676327781825	26.93257451105475	16.748411667971254	36.6689186384308	10.05040995092993	14.553666945135278	17.610542301361267	29.59744406371206	19.31745425832841	1.2539834386498425	2.3270086733462403	11.735356152605643	18.279949215800617	17.350584287299096	11.539838790398072	17.39439027580721
30.22872815735128	20.244961032947685	2.6553501594035125	26.353148078498663	17.389788183964665	16.011697184441992	12.503007082979385	22.18741971030635	16.746338403785156	23.767287040000543	10.41098943232529	31.57319443736087	17.44088658183494	14.830245034948089	8.533791432112924	17.046952191977702	7.68593473214369	10.779691419714792	23.757981594969834	11.336819943813255	13.042661423627157	10.819375645618473	14.450400763286195	15.546845902460772	9.13676415355652	20.862587628829555	15.962751794792466	31.68447041050252	15.098871263295266	19.945731185271068	22.662385221222262	7.265701535798383	21.896532811742205	10.861763490612342	11.672478314397996	24.132459173184493	12.48127248378235	20.328962892958195	17.597935419381376	19.75554514476635	5.52297099719504	11.849755284792487	23.507015361953695	8.152219129473783	29.26817390819665	23.109548364552698	3.4396635399144064	8.259133542680262	6.261123963103059	26.219043493747773	9.725938847143256	21.328541736753888	16.668560470613585	10.366967361770604	14.78963852482892	11.709119141058201	11.094736683311435	16.931832836507894	25.614040201128628	17.491907014826104	14.698333769226327	21.984330299176186	17.273797975181797	5.886731371216689	1.2844991218811883	12.57877180658059	11.517596537596393	9.122902483677763	15.385372787942893	18.5459437933854	4.059031779654022	25.059982592272533	4.341890801242102	9.490064647454675	18.277039743263742	27.26831923238997	17.62578840522098	6.1146248520767665	9.050718125354466	19.348004741393154	24.381844752209364	3.125402143370198	15.56233071977528	12.344086999531774	21.64142953680352	27.737912929703924	11.25060827040501	12.77925611948985	22.779858348729142	14.615082456382536	20.420291877555922	22.430892854758607	10.8231685166579	3.6737021718797687	11.686931037934466	20.391410558356252	8.088027605484385	12.763491353773846	11.602564492511439	0.7127563876184875	24.689591695742944	26.878938150077417	7.434036212629189	8.753534590207623	24.387762059297298	8.221809878234051	18.037332843734813	24.178769122001256	15.66220820750708	22.199457987106662	18.264617626698275	5.191433375329971	17.62247303392535	12.63538014111338	13.963580192475984	18.216329615315782	15.204080660034512	28.501439909947127	10.289622576960637	13.39373919380709	-0.07095284211976384	8.62260206728278	4.2545082636647535	14.180926367767094	13.395011608847362	18.860668731681987	28.45675767713963	-0.7840606643054203	16.79373807135555	24.813747650565134	23.241143583776385	17.06541921612105	23.391065382005124	2.3128046387256784	17.233365318690364	9.270885354809995	9.503491857690134	2.67718906184399	-2.594423911604305	15.875841224456224	17.213632345194384	14.545586175073531	8.783871627807288	22.621553842110888	21.637193669540878	13.299050705042626	11.82148939059161	21.63903127013935	21.219363946514534	21.61693911490975	19.67373912461502	11.330111003524616	20.764420843241503	19.07945351595108	15.263597696315657	14.218291634586437	18.43703047850423	19.477301465104894	17.951754932885038	22.56896670736189	21.723907307955326	20.904084671460488	3.690027050398608	8.59169227251742	11.29715593484101	18.655778503285585	9.965210411030876	25.7160029333901	11.432552702454135	19.481925854134783	8.372605911770949	19.088793594283096	25.39956822655991	0.05407270574716046	9.089773554652272	5.487453920699024	6.087362183395032	16.09679592531634	9.83765975605516	14.754250954981492	24.248925110310896	20.61865251755144	23.263897262005322	28.018996794905725	18.890920447899322	21.537250101110754	18.72003859597095	17.072665635747313	16.287788277010677	20.082439174990423	14.551771458923959	19.890356751946513	4.825443286034538	31.376174746051472	14.684993256356293	26.337586649863002	8.79148206186371	7.8289439939128105	25.822723637129926	24.718729682025543	17.676026582821684	10.039469605023626	15.497792178146694	26.89104470688266	26.04647815467663	6.8995028089359165	18.100882972248534	11.350921364915084	13.088333064487067	12.94597599306611	10.504496643345538	17.73078986567815	16.55971098692326	10.71189498221821	15.812618841127417	5.383123659276158	9.732101633053118	24.189866403548876	26.032826297894864	10.923096819372969	11.592178356947521	16.885925133279635	17.44688186044148	0.15178276401459118	8.919515062051818	10.73402602943228	25.80204672447664	8.908307274728525	21.881183783757155	9.594709775118325	10.355821338090141	23.74574713045567	14.614796519238867	24.963097575732856	25.75841485477721	12.796802872277734	10.533818127128827	23.073218662111916	14.18450965447387	8.671625734098475	12.468664164968914	16.281413227327135	18.98815180501717	9.164270483580482	8.218120508621928	28.45053298600094	13.168617676398888	10.437482313870055	9.456865581508554	9.45566662584729	19.75635157873749	15.02809383059185	12.12899842604387	6.543453491401658	21.50821079140656	20.000524524977152	16.175063390545716	16.08999140984474	17.88267605138656	11.54941682660335	9.918011122317639	15.206243353060932	12.72849694630607	21.751820222563442	2.7613782265629596	6.451664307593633	10.788547396642638	31.512356331828084	15.730771784812857	9.356418143317658	13.375601677336164	9.035641959216289	21.23187539222778	14.777968694723203	16.369343446063414	13.12281512209295	16.883095005372855	16.087125028414256	10.48018497093164	15.927530218537003	23.289684547383576	19.378488683217846	16.92780189060129	11.450117170683017	5.50716383864296	27.176765211817692	16.927541667889567	36.80298734111757	10.122746429557928	14.934632453723506	17.813828368524263	29.873202473673896	19.502129010670846	1.3307399120327044	2.341633366933475	11.82314806284286	18.51623107079677	17.45532999588212	11.593758214683291	17.42926067827817
30.308186810123367	20.47622226322219	2.9118760704942237	26.373083450497617	17.4402793699598	16.13448224757935	12.943706532820679	22.352010401914544	16.771191041733648	23.90257654978151	10.59600422512575	31.67521810193536	17.583279682732588	15.086340960193366	8.722304767028502	17.457810512236186	7.929105848749932	10.876169866083995	23.824221786013954	11.517273646559207	13.39346626561997	10.937470219001149	14.495759999977906	15.692240676708595	9.23316751993457	20.902762085438585	16.266009620319565	31.69688677182623	15.25304796398251	19.974461640513965	22.73122036448565	7.375681195462716	21.96391682650357	11.29106959368808	11.830565497668532	24.178550010438382	12.607974281782367	20.393842293625664	17.66652830118713	19.887073142961288	5.872863387996156	11.924429705501444	23.720085109465796	8.354143187020833	29.395452922752792	23.116877585565213	3.5251297338926744	8.374011208567069	6.5658113452193785	26.4803311684253	9.806501719272003	21.86406572509583	16.794531332413204	10.559460598615562	14.849161916699467	12.063191441233743	11.42029217348344	16.982081125479965	25.683931782572806	17.655620936057307	14.980355329371886	22.28060081440288	17.36328640694845	6.04475028128419	1.397743855926016	12.670579868645708	11.67997101920505	9.498070898628853	15.434832279164175	18.78049989073089	4.223000349934335	25.119229437299587	4.553803037717293	9.562270593549313	18.491505613527778	27.30780866076057	18.008133112491784	6.429913287939696	9.199816461498932	19.491789796743777	24.528902514422995	3.3512682784311583	15.591576063867654	12.428045043808693	21.698603432869298	27.808166208556965	11.36309045690409	12.950075410847418	22.87515978933394	14.869602801396832	20.447844663596037	22.6618201755985	11.229602603227878	3.702717877930856	11.764320192338449	20.568092775812023	8.122626296530282	12.933677692443924	12.102570027741589	0.7273553843161622	25.109177519794002	27.06403493151251	7.494237944682902	8.991252371701936	24.400391790491547	8.598425297547545	18.136063038690626	24.486008809677	15.85150239409196	22.301103696313305	18.347289578151333	5.427988044807019	17.777912462689734	12.671261034462479	14.09664474824601	18.52392510146646	15.520421224905327	29.123670918429614	10.440868823424479	13.504561927957907	0.021418918603625457	8.904574643503114	4.386665953759139	14.714326464115077	13.454289553101773	18.914269951931104	28.530809812198523	-0.33328197181098196	16.903279744861667	24.86432391234562	23.498515103634414	17.181296719971893	23.58722262222938	2.4169238960518435	17.34415933591507	9.378910316171575	9.862078757397226	3.067141522736465	-2.4863866129426357	15.988377781793819	17.29756412878157	14.948031850162858	8.815706801578667	22.68004705851458	21.787725647753057	13.422383160122674	12.14505541680854	21.7956535960292	21.762920350535264	21.910991889586786	19.98158078889258	11.590568162878595	20.892422801333655	19.25506131962496	15.334169380094597	14.442723362868414	18.529307922790824	19.527459400557213	18.10496093313435	22.60827005579842	21.894259289341132	20.954060629004616	3.758089199417586	8.685231435347903	11.577116840500317	19.127633720518315	10.092048330704705	25.87400146580289	11.64462232617176	19.78067274327805	8.41864829625872	19.134777586837927	25.545232676078275	0.10338369280981104	9.123797438088562	5.538816060909366	6.1515339979526305	16.298866213499497	9.872976653065681	14.963737757124333	24.552738107019646	20.81699819978042	23.600658726193394	28.12544903115916	18.936230289103676	21.69113496488781	18.83531724975937	17.585704504910872	16.373274545726396	20.147633018490573	14.659645641294839	19.996756992539442	4.901973995736288	31.47922181514874	15.429984108556592	26.366988615430976	8.881880983873588	7.959157434462514	25.976724089565284	24.866013254508754	17.863651320746484	10.312830489233722	15.749205997422385	27.110429745941662	26.162517466364076	7.030098538164625	18.105647159296772	11.376102472834408	13.363858252773547	13.058810747925468	10.584424114181267	18.070152823560832	16.70379219087391	10.779614251473532	15.985051905079247	5.558557075890386	9.863530126025648	24.306141365896874	26.115104085223074	11.060171397278115	11.88755560525805	17.113339728155925	17.52598982880952	0.45206338047622674	8.958516444354219	10.87938309752833	25.849301508745533	9.150052898772415	22.075934226694006	9.65094645037981	10.455497073734078	23.858038015185556	14.777313412734049	25.056014151669988	26.226070419916237	13.218914127244359	11.07184652367358	23.156925629625253	14.244941340661104	8.724504487878777	12.494637898347897	16.317146680073527	19.19155016107012	9.233132532222275	8.429284579656306	28.66151084034641	13.339980571884226	10.64580201953121	9.588549026836212	9.491485160503485	20.093311019613147	15.32272683374316	12.283136807497367	6.708288624340936	21.65925323544359	20.20523133118222	16.43009499212517	16.15785096730701	18.313385653101953	11.778444883260978	10.230760066765583	15.348838944613307	12.875248901231533	21.86581058828706	2.8864543294902014	6.754183092492767	10.893826020946964	31.56696418073627	15.89288088108182	9.401459534981601	13.411056833970767	9.152822539475741	21.58947357230987	14.859373569588316	16.65307554819684	13.257568808035849	17.09814284732874	17.116943478315054	10.77955981228426	16.031557462645594	23.706738954503624	19.558193842117205	17.04826261327929	11.852715042201178	5.695096909349465	27.2480431249801	17.45183864378088	36.837594518265	10.2048308351015	15.114156978043662	17.9291742136152	29.94492593645133	19.672537009353405	1.4700934780509771	2.4490651877897682	12.202093566794169	18.692497964384668	17.546666903511618	11.639401691551305	17.57945983328744
30.4467221540246	20.64869856732998	3.1357910929884087	26.460196209866144	17.68892511462435	16.290790796540843	12.992367745878157	22.428130841739588	17.13537624156328	24.08366450929819	10.746549968996007	31.829951685532162	18.037146073297563	15.150116164436051	8.891423265358215	17.49961343955357	7.996729384564939	10.890929102151865	23.92064151287668	11.70733390081875	13.445765979764019	11.268166664144658	14.592452362821017	15.829840718485126	9.27764336979572	20.976113615901074	16.398017866307377	31.98709378424462	15.33130932842931	20.390068366284076	23.410249078378516	7.541127988835213	22.31083018512781	11.408445868647538	11.945593688500834	24.34340518049853	12.965092191509301	20.670636101291453	17.82763366529718	20.077094153257754	6.032788107172145	12.105083106228516	24.199313841056025	8.893768859270917	29.43281686060293	23.354039922113444	3.64234273920053	8.55765605346654	7.147572305668889	26.70025426331711	9.836387663385539	21.983823311924187	16.900633544426707	10.834671896534163	14.901300806977286	12.103726552449626	11.472149744103227	17.076045055989702	26.0025359946105	17.935209471634657	15.123104540345484	22.42030714620882	17.42926500115821	6.1494857108580385	1.6276362578450831	12.821933037983902	11.843166710242363	9.566586542459882	15.850621493680496	18.935886534393298	4.626452629956332	25.213481894645348	4.713621579500051	9.82667426256073	18.63523287824979	27.40414468469098	18.45897094870669	6.547388331096555	9.326461858783013	19.65342611011868	24.611393520954284	3.4378846627546964	15.657097897268411	12.742261087894997	21.969569218857284	27.841615026104265	11.520172054337486	13.08649791994909	22.97736753956694	14.93798759322019	20.59411199505069	22.714852458867494	11.417492752816779	3.7581016071626507	11.975156528109068	20.666895934837175	8.146398859556994	13.002520386683113	12.319866731482875	0.9373104965749235	25.154918869996358	27.186482612136505	7.6809310640153265	9.019392198910115	24.54395903732042	8.649186682080824	18.383507583820112	24.687715385483568	15.955529610103532	22.558734419741615	18.635538212685457	5.474244249236232	18.02102747901341	12.804149955489432	14.17585299701908	18.660412564457292	15.562519182707483	29.134532069352474	10.59720993499687	13.578449499399916	0.09947711994278033	9.120674425371499	4.469263365376816	14.878450040421397	13.496688916295142	19.137373256076707	28.750298001264593	-0.29719265161682606	17.23295530917314	25.022635405162077	23.583954461884016	17.451930864904053	23.681861011968618	2.5888740254040115	17.931484827612763	9.595797643346014	10.005655048439152	3.1384604425842864	-2.4772773751888226	16.19497550440861	17.442427374342817	15.080514469444594	8.935008834274422	22.856903644530448	21.818520697809188	13.612313057384794	12.307912298083263	21.893780073935215	21.790744580403523	21.976239411260433	20.1068655422398	11.693430403196441	21.400597786118773	19.269857520747934	15.43341174489099	14.511584722828715	18.574217356502544	19.5319549837104	18.228458466547917	22.916798096701264	22.21308853614117	21.198124894116834	3.7708559072655334	8.837521361593543	11.760791120701501	19.265727835808743	10.410110319835672	25.973447697283525	11.832986635436084	19.914252500661885	8.842927731118682	19.141465615184416	25.793173555164483	0.13162990158065935	9.428357241323377	5.637953571891443	6.199360692165035	16.89938266348973	9.949683092411464	15.2146749541655	24.61788800125179	20.89480826602496	23.70089271845932	28.208533791376684	18.999298088037772	21.901037684790797	19.080202546742626	17.80097562105167	16.492971464334204	20.36692014089022	14.732085661567197	20.34648365365236	5.195264203012693	31.61863354307668	15.544959456227781	26.60653275293436	9.09397403645921	7.997258350742227	26.110354225928905	24.92390163347856	18.124122131083865	10.433159486312073	15.751800061286128	27.1641165045773	26.35437791087887	7.197886313849034	18.461409111004087	11.50575097428484	13.519549886188896	13.36995642389685	10.628075417204846	18.351012856683106	17.325069546791863	10.851396845096437	16.47994147881328	5.600287964336083	10.17930440968604	24.41165405131152	26.506525226496017	11.08563473563964	12.026031530124458	17.208181559468635	17.75460060455188	0.755354143583846	9.396061548421134	10.974148503647331	25.97844895447205	9.364368381163299	22.14536178278414	9.937103675809935	10.642487264052388	24.252435978617335	14.943396041732587	25.157470231150896	26.244983212012674	13.368316311356566	11.169720871308169	23.25882050142497	14.52667922142625	8.902569600730596	12.627389382073277	16.651052613191084	19.31739108525557	9.415957931451846	8.556496299603499	28.701773358491756	13.604646124835094	11.04480430350281	9.656301029975666	9.775046344583863	20.2557220502535	15.328982418522076	12.335133379165287	6.973586998775674	22.012708455813467	20.419240243791574	16.71514437539623	16.221319746740413	18.45138659757679	11.919765681915935	10.437276317905834	15.636261811399047	13.066006456327619	22.04626605428891	3.0353279338154415	6.761040793287534	11.008519354087317	31.639761133729785	15.954835446992403	9.84648518447058	13.430933457220306	9.165377726031018	21.769136457200155	15.023118626275888	16.82859545690298	13.442753236945974	17.206894780708613	17.525383095533453	10.865775248061214	16.361175088399573	23.886558539072514	19.758704678646648	17.217708640250216	11.881972371950855	5.735330575972675	27.44264341677881	17.471845121525675	37.04711897788645	10.382962949943856	15.270395778658164	18.0227358748635	30.209691702451188	19.801464429990002	1.578819628609541	2.5991865406084855	12.42138651426051	18.774620730806266	17.69762698549332	11.721560467224897	17.915089666284192
30.5721064212266	20.75144645689162	3.3168032503756644	26.596953492583662	17.745469583330785	16.447747568623818	13.113738104050446	22.659853606935343	17.287909829552426	24.402823925664336	10.772979658133053	32.01820716436037	18.20482391618683	15.224599524582962	9.178739193709553	17.548808085370176	8.027131977705448	11.068416720691477	23.98670079065052	12.10500793905211	13.593047736070448	11.54974907474969	14.710010288641078	15.99127281777627	9.478492490939528	21.07831639719013	16.451673115987706	32.02383713829994	15.664218072342365	20.67493911287297	23.492404657916925	7.638724056672318	22.63546826287569	11.592940629553784	12.150823353393722	24.714764493399343	13.611155821784148	20.952049941872286	17.86132656119921	20.119960722458323	6.158544777841334	12.691156142757949	24.221697234376393	9.173970294729633	29.689563976558524	23.5251235192917	3.6781089240030362	8.617454288739612	7.197877584422195	26.75786401650139	9.985727222477891	22.12063244339551	16.928070987445093	11.035596656264016	15.09498739882094	12.168216611459565	11.522937373512091	17.441256920099153	26.161150483359293	18.030494742292824	15.530725460087693	22.49691205227985	17.61233670356632	6.270326883601038	1.6774756360043488	12.976301059610794	12.195263094493676	9.615286408524193	16.089654782462443	19.212110203216714	4.672878617520489	25.551245208685923	4.824656136554499	9.967343339956573	18.665207201032114	27.5706945383365	18.512610366063992	6.679362135239951	9.804524906715807	20.40553510579364	24.740957539595687	3.7043476727189755	15.81737738127125	12.812802426065392	22.30499777884143	28.164561211749	11.563636216137008	13.105682456438059	23.141581718149094	15.209325483338997	20.924085548367216	22.99031869894899	11.69491116545083	3.8651912983282313	12.11087131488954	20.922742521640725	8.677396959298909	13.29011205594717	12.46697137794947	1.1240377000089672	25.196939310058198	27.48234965510909	7.807910691761494	9.429350776696834	24.717274245790687	8.693860000755977	18.56241994066497	24.86395591889216	16.141306981474454	22.65086436620366	18.87468581751301	5.723368214093119	18.207208484599118	12.937254480481773	14.254157722685266	18.765774540280415	15.612279919608088	29.346121447142675	10.870995094796777	13.847792675288527	0.23123429940413126	9.226350762639035	4.604720581456721	15.027013205200577	14.025300768142543	19.198784428562405	29.002255164225424	-0.2477811126483885	17.345165198891614	25.082751093642333	23.808752677610883	17.675049543159215	24.128329802062733	2.6237440878154703	18.06301867715305	9.863103408114378	10.009824340302972	3.3110843450981595	-2.3963292230172137	16.22436588533182	17.569603247252378	15.218872242408274	9.033750708586837	23.086917612906205	22.101411553450582	13.658369740295177	12.359127524778845	21.93907872527659	21.98673591898414	22.129504961941635	20.304666543198095	11.934695627108171	21.71041425859337	19.3132230311957	15.507193392514145	14.786529862617114	19.066562071964583	19.66098429207445	18.753454911586655	23.155202678300373	22.362326370840268	21.47016670984898	3.978756726830151	8.934292169913677	11.901265520882637	19.3677455034017	10.53973883383953	26.181962930867964	12.051326342556145	20.21556311539629	9.12872355580852	19.506357257196473	26.54367971354066	0.23582544056058163	9.597960564626865	6.110212798610157	6.299817795719007	16.920951348212697	10.050580848318752	15.26227009496237	25.14010697679615	20.961095060158293	24.01650247136553	28.305028460792414	19.32910877781018	22.086268061696618	19.252404312163502	17.975137488602943	16.58299432545804	20.591336163006734	14.932779582556837	20.47904780665872	5.872724835503002	31.65328507852383	15.882399083286256	26.704083286660193	9.328174275056503	8.107029893844098	26.40973080955581	25.34052313057912	18.238102960757477	10.741722490822141	15.832771313175238	27.372218887024115	26.453959055334064	7.347292029888428	18.60731050895322	12.154560301563562	13.638777021239088	13.44094492387026	10.742926613228642	18.42130806716563	17.359438505263903	11.005892558671187	16.641923855438993	5.685960555943136	10.494759824466549	24.53988096672903	26.760255130851736	11.120184903804228	12.295952166267863	17.601173384023458	17.80489475195044	0.8363546309210032	9.40788176518277	11.2310461262257	26.192711524517986	9.379406091008002	22.175770385788756	10.20448614392994	10.958320150464035	24.607582603083575	15.091131815927724	25.259299758657313	26.310372751277647	13.415688534879319	11.292079377364495	23.506139404120564	14.673986364348728	9.160659081234321	12.807843192015975	17.091343980238435	19.357279845696382	9.61491598750731	8.757261516592383	28.952258837855393	13.78172223813726	11.32396420764715	9.947530549971939	10.193987520134195	21.10815119552127	15.46369353471484	12.410555903756313	7.0198772252255734	22.135046175223508	20.451530561735066	16.78184637017811	16.370172259444832	18.644315986518784	12.01218358443995	10.584365439929636	15.751385247889697	13.355604877966272	22.075034312733266	3.0636499970300775	6.93311061088917	11.030106630854458	31.809861134994634	16.099250138284376	10.012650083108404	13.623854642103552	9.326475510217914	21.840375800241425	15.217280379212745	16.904802889585945	13.510734942524564	17.248208340607203	17.87789811462984	11.017581543229479	16.385774067043137	24.111712014758414	19.77345600340214	17.298182437961707	12.084949472139703	5.820559247588346	27.712792224587528	17.65496419702129	37.17394192800543	10.59403117167304	15.513082078470863	18.278300732471344	30.288901924045195	19.911455425974083	1.6025487639090104	2.798597660301725	12.815515336517981	18.839056107993287	17.863249587487022	12.132682722187154	18.074168341454705
30.704126858093865	20.79861492506626	3.3631677611033837	27.150106944155873	17.858057402250655	16.577516239148032	13.219623197150216	22.696975526369002	17.472822961513117	24.67413541905213	10.843831406953553	32.35022433236037	18.300464341002	15.498425491933977	9.383863059065341	17.753019318108905	8.530537320765296	11.246958223178995	24.110660431444852	12.26420609508764	13.894188834159076	11.724152881407566	15.014709987371322	16.16754650214461	9.792010036877809	21.185026217937732	16.53984933071238	32.2318865856994	15.73818272260534	20.86642353406796	23.798340872313144	7.811611203495898	22.73039914508178	11.599472334009263	12.246441532190582	24.992224373369613	13.796377567310754	21.160157125739296	17.91485781976499	20.281547769269938	6.2166014666748355	13.028843613591471	24.384397397997102	9.239356558841823	29.86239743093653	23.62760298500735	3.752255918892151	8.720876961580778	7.4496494189674705	27.10922483359666	10.261705581787997	22.18398572231181	17.031487961140837	11.198604941031922	15.168389035149852	12.3049850193583	11.623537768559629	17.55426394271386	26.700716835673003	18.127289292770275	15.709319703968573	22.667778596693932	17.7838558933571	6.3431597224944865	1.771740961903971	13.430566267276092	12.326357966941694	9.832541386026394	16.106568765422796	19.293345624667744	4.862334659000121	25.792345322915494	5.170357541198938	10.034321579509449	18.827780269530187	27.792488510401625	18.690261150598456	7.434929807424925	9.975704301042606	20.622031738255387	24.956960305645772	3.84051564881351	15.947567295984246	12.908144551471478	22.379652175106077	28.229715232742002	11.745895336176671	13.274304904403934	23.816550710524993	15.46741551200648	21.190916363661948	23.704330102688655	11.874532909572414	3.9374638264043837	12.300883968355292	21.136537816159183	8.747871471029834	13.502274808569243	12.775146991917596	1.4269393240463448	25.435602996585057	27.608824074034622	7.926217168132787	9.594230145133794	24.94378962265285	8.871362677669266	18.826875328521012	25.28503290264904	16.143530884326758	22.905288541753723	19.024360173314875	5.877972911228447	18.40284107342183	12.994324199435995	14.364331841433662	19.42045976154855	16.09594496023405	29.35567495767792	10.969046515856945	14.041108939339042	0.3124823245481567	9.72606428122541	4.752680978086815	15.146672034511534	14.072559737500352	19.730074288398743	29.097890317573448	-0.047786018818237526	17.444659536836113	25.247485190865923	24.22960219756063	17.781593250976385	24.490188488915834	2.720922016429309	18.08714018945379	9.91229917284879	10.458483727281111	4.084581486128217	-2.149778032580102	16.29450100996222	17.852888541296494	15.271133435429242	9.087130343700945	23.42833769854004	22.599305539243254	14.006755059244048	12.379088184053934	22.121339039822367	22.03240976357387	22.32230199912332	20.45869441470741	12.197885230691297	22.08603987030919	19.505502311553336	15.774345194644763	14.83199663752278	19.263929031770683	19.859314610155582	19.021090419248587	23.263943279118642	22.695839763277952	21.650646193027516	4.221327683864859	9.03027757120857	11.980906573542079	19.549895381044397	10.748108259780777	26.6116331223109	12.166579615232262	20.46834328401132	9.40638926750902	19.554899932951333	26.743010321363425	0.6012157068337628	9.809027226415163	6.546119252028059	6.660736906416595	16.984210017592897	10.144953593725479	15.457125221319828	25.259206841619985	21.02303594120233	24.022005294294523	28.35973178968881	19.43363484467529	22.189185885368477	19.566779885758226	18.06766328144942	16.8129911777029	20.78601254621597	15.06035866840275	20.7389910017341	5.940797898680894	31.70389145622364	15.951956332690706	26.99817857675431	9.400123401201206	8.157619382949862	26.65111561478147	25.51706103065111	18.34216837744669	10.770811279592905	16.22339340368655	27.5346852430646	26.826936398037997	7.384108222340961	18.705304512007597	12.448370542294883	14.050444449474671	13.591928133786592	10.873158691689543	18.531776784712232	17.734647372110114	11.350845017215395	16.78248075965009	5.806792273938273	10.55372932042335	24.66089546121421	26.887299602921406	11.452095307629394	12.299774976566477	17.877664173727034	17.95796828750591	1.1378257770017661	9.5012072047513	11.631872840141586	26.618785683887406	9.439311705035793	22.28335187174374	10.370703507514227	11.209333975247759	25.16425593072869	15.35566678714243	25.301404102059188	26.384596291508693	13.425442210122714	11.431245618941444	23.548326403115315	14.840782051525599	9.33273027099488	13.014766117297423	17.746471938651975	19.463647708123265	9.811528561150315	8.851412834361035	29.438718273536175	13.922894831254766	11.642721369917469	10.184535497900484	10.579136120088151	21.210619616497834	15.75467546838043	12.656615100811242	7.192912133936904	22.165680602533737	20.54348030646333	16.833799311407624	16.57357615493014	18.679510958362318	12.478938693434568	10.757024910589093	15.95768818812232	13.48772848429505	22.245177948081377	3.3331616387277094	7.009064728488533	11.09760970757523	31.85417347428663	16.10822015911306	10.303237741150767	13.733963024322238	9.58772732429354	21.96860361952028	15.443768646194536	17.112557216421983	13.719400045927905	17.315847829349178	17.988112681703267	11.070050186043071	16.478605351598855	24.22972144486402	19.91643400275918	17.423241281820758	12.292461924354923	5.991784727969415	28.019763734410326	17.72614899540055	37.23208355192474	10.667069515182702	15.713948797339343	18.529403597995866	30.335225834035782	19.954258564290004	1.8039262386719068	2.875323245185806	13.495796227081021	18.95567891482487	18.032910434430615	12.148750990904322	18.184088493161028
30.793644532915394	20.912549312538637	3.4294686170306043	27.173407407155683	18.015458651692445	16.855978885438343	13.403543755572993	22.789968727582565	17.55363457641104	24.80356559819795	10.994396584954153	32.60873786989519	18.399352974125154	16.145936560177446	9.459587811812714	17.982374783574866	8.84653619720931	11.330186375742182	24.133945827055076	12.340255271496057	14.003625444117624	11.730439734259297	15.298834389727118	16.381346956476442	10.005715308123854	21.320864374118766	16.68841430626844	32.298103479337605	15.91414249277157	20.89728891561155	24.13085683759701	7.922113374042327	22.798121883940105	11.669371270459557	12.900207778132552	25.053016059983843	13.968675886922924	21.314292037848006	17.971091725465243	20.3852329857601	6.431769139177435	13.060543357324097	24.588945127332945	9.29807588127437	29.906531680188213	23.898168723760467	3.791433974980927	8.824036639873333	7.728462606222262	27.192360850110372	10.428884722227847	22.345499656789247	17.063414482905486	11.456098791763301	15.436186276884344	12.695688415093272	11.831604350198678	17.62545865147793	26.75898922639961	18.675236357227902	16.19447205233046	22.85192922493921	17.855430599465983	6.386755580285504	1.9212970604368194	13.557805872211459	12.504565982390416	9.926209079649132	16.48567750979219	19.504117850846093	5.024012711497223	25.89817864898817	5.25704990548023	10.212280634657956	19.442122379183225	27.864934561521757	18.71433366553453	7.620043659969283	10.361709780224043	20.658848783484647	25.046982864715172	4.083153540701884	16.21679594822402	13.151625468101063	22.397385637034006	28.588304442057247	11.882668473303509	13.410222007187896	24.008588643705586	15.598597915649927	21.2291337216763	23.80849726028165	11.902056336353285	4.0962848135679595	12.483848840479938	21.357817723824954	8.785813019820166	13.979942982645792	12.880129393165006	1.629022460610781	25.669740508706536	27.705383509660834	8.141453856735977	9.727180373980397	25.259346084269406	8.906040282391691	19.504586917388355	25.40210482992105	16.317158986549448	22.96263993496161	19.2647121854566	5.940216617644832	18.478810617203855	13.336707996052093	14.910236447199152	19.83683465643268	16.26019897198356	29.563561338719573	11.07581448461112	14.173374579099129	0.5029577438075992	9.872384659231225	4.839878030065215	15.231173054833585	14.105355937790081	19.822675583845687	29.16260025066734	0.09120129911147476	17.512378680794455	25.356532576042227	24.295303183033226	17.857646703012204	24.61475753988563	2.8206331094676247	18.392551694973594	9.98882010701757	10.616370551081923	4.167255381442855	-1.8869144256749537	16.458025296711163	17.888179255532332	15.698839198938757	9.348495935402806	23.9443152167721	22.624414910681104	14.336530790470293	12.496024442217612	22.160157539566345	22.480046547121276	22.388194689714037	20.512697480601226	12.39195141248099	22.517534162358324	19.646447948945152	15.830842500776964	15.044049795665662	19.377445316206867	20.2830900375808	19.13298081805446	23.505093861603154	22.83771194049855	21.929082099182146	4.37118598993407	9.25751099066795	12.244546506510156	19.725779907426485	11.313483363742547	26.777302428892973	12.560668280470603	20.50580072910381	9.470865394569223	19.808043808420663	26.892529645056705	0.6860900089572955	9.96825343030204	6.633735941651345	6.90334723633263	17.52502502883106	10.63251705696297	15.664569876241186	25.299559383639224	21.12474597628137	24.09429296318468	28.45097897317476	19.85734678775104	22.340167570704182	19.72238396406709	18.364372273138457	16.87905950533307	21.24694423697772	15.461662750744017	20.88846709931793	6.019608937780939	32.16028262747845	16.01247358664237	27.138558177658467	9.472686633724956	8.28441655350446	26.81074257503878	25.686564152515942	18.714716708881653	10.911147296802488	16.603105166892753	27.64202244923758	27.00746939174214	7.563348931019058	19.404547092743904	12.741891402238585	14.184024933363398	14.03031991452932	11.075132842845349	18.71045202845326	17.811533992586696	11.74685210583276	16.8318072229355	6.151794463140009	10.715959915737946	24.794292442445123	26.956286434851926	11.653328919594445	12.3756501028612	18.210934861955664	18.170060325192498	1.3826701525850535	9.658210664232664	11.742325544799362	26.691925679780205	9.69903138382291	22.304532902059837	10.665475652652843	11.371446297873627	25.393020162179585	15.63896610241521	25.7277878314753	26.645206795603556	13.541736361348192	11.472442568704974	23.74578586119777	14.90586753537743	9.369953208698758	13.166244797198228	17.769618578372633	19.533577366528355	9.865782545284604	9.073227445734455	29.562009434069413	14.093852151640196	11.690683205131961	10.312608441296453	10.868105183121003	21.313764227145004	16.0731623783799	12.728183994010354	7.259694534644405	22.3185154536893	20.58467409615103	16.902425770867918	16.75400392079998	18.8154735522603	12.590483893030948	11.3247100641793	16.2561942536883	13.677775413999269	22.332742598954482	3.562623150263874	7.199242644150323	11.153941996848395	32.02248881026367	16.21017998314421	10.360286067032323	13.775630385152184	9.811235473294055	22.560894277462946	15.628594639124278	17.385977338226347	13.807539725388265	17.46187665971085	18.250326536994066	11.399214345368076	16.60553102689957	24.405116831010336	20.07955565805336	17.51152891812581	12.389312581122034	6.091040231277404	28.23852500857398	18.195777054498993	37.37994638528083	10.829455057153819	15.783967343150735	18.754400180779648	30.483630586621832	20.056690559170345	1.9317708833338816	3.4342475810830515	13.540996936857944	19.04804748498715	18.313256530530868	12.42285084017378	18.237601678231734
30.853139178166195	21.293962415647485	3.4535399389172343	27.225199167111015	18.489135100173456	16.899261049636177	13.4609750420794	22.90430601056468	18.12111637752495	24.918670191957137	11.13255063627753	32.88810816942964	18.895374498082248	16.376643479159352	9.50604665132687	18.054862015448993	9.008328305681346	11.373661083132617	24.311399417507015	12.412917150409438	14.186588981124247	11.896466063378211	15.658867116681364	16.62503413873852	10.070380439944294	21.497518826063065	16.78656869741066	32.419980073603845	16.272156270231417	21.221843038989537	24.189408516164534	8.15125787613656	22.841163384402968	12.011289621372606	13.019742995210596	25.213003051185794	14.122648028809525	21.712427703440664	18.432424705914222	20.637273515316267	6.678039101419188	13.264114174165652	24.74258765564483	9.571321108895985	30.015157742154617	24.150472910421126	4.10048102801584	9.304947669763894	7.951241542940131	27.30110508026375	10.497354147006382	22.526251066667573	17.150907157060328	11.70218690837221	15.535077789633933	13.201138157252533	12.134576446070565	17.996480676531508	26.918617432676058	18.929999172926923	16.30769641267048	23.06986355144291	18.219740984138447	6.583339904734939	1.9769756442755086	13.773116883003174	12.685005722505856	10.111513190352644	16.528583812269456	19.602132759102904	5.185859498103161	26.554750860622242	5.31026525264382	10.246962228025483	19.55674492015581	28.17872785896894	18.960320044774594	7.989610037547399	10.422664370803702	20.89578954865329	25.220811888377103	4.164504772359937	16.290875770171166	13.246292238603282	22.798024798084928	28.843205290981846	12.276422383126194	13.557642498734616	24.205369248286846	15.676433797407539	21.414659700573235	24.1310211098096	12.492034868635718	4.4038164253478715	12.924190559131327	21.69961250133527	9.072952840573539	14.040108714530446	13.023323737996778	1.6903878974444728	25.776179365767142	27.740590641689895	8.297891182448366	9.905379400772576	25.302348556112424	8.974490685224485	19.63370510287041	25.521044746352057	16.48826635969684	23.11986019764123	19.707630846450066	6.023578467677625	18.66889631349185	13.567086322143604	15.260548348314051	19.936241814445832	16.64994687144638	29.65574462534804	11.392554286435264	14.368664901967772	0.5628551949595214	10.123781238845876	4.893331590909969	15.52548590154937	14.187962062382532	20.170821252281993	29.348115481522772	0.12134653539049378	17.914933550175746	25.547196861334392	24.402159864007476	17.99829168047019	24.84115435430473	3.0045338857661323	18.562521428887315	10.064327587979232	10.83617792540104	4.1993405173827005	-1.6560921804260824	16.95999789984102	18.217139467941003	15.920200664074393	9.548377913205696	24.01290575925065	22.921190248753568	14.593016892536895	12.924018553696849	22.246929144256885	22.679751489292812	22.49252632494661	20.915420848330506	12.442974875497601	22.82439951293023	19.88968965477813	16.162486330254026	15.256312240355346	19.435814892646025	20.37161828660618	19.226056878706917	23.60725829731359	22.87504520057149	22.570539464316862	4.389105543427029	9.669394405423253	12.469098211900707	20.070722564823736	11.355615165135983	26.843472516563867	12.744064964830812	20.786248568541904	9.899800962667184	20.05567318579255	27.084714017277523	0.8028998800451118	10.482572487505305	7.14624950361832	7.048238098910739	17.60528840919944	10.699015518470164	15.93920797369634	25.6631145005893	21.32562725642261	24.249577758212933	28.862002359297016	19.989096276518715	22.502248251138013	19.854454702872804	18.653091608355336	17.049109566752147	21.34535020642237	15.598543052250088	21.201803603196506	6.1242759064377	32.28676149155205	16.187582488372374	27.33052746280447	9.762023029294099	8.400264061247832	26.991688830507904	25.83784153650867	18.830110612424683	11.371321601381347	17.079099556258296	28.04049250978355	27.060997039050804	7.656845035802509	19.645346813843048	12.786563163491047	14.641819790651203	14.25168416683008	11.236756224445969	18.770370102525153	17.866675317469785	11.810549977166167	17.01943024664319	6.249504757130568	10.9710465265502	24.926248259930766	27.00947626159589	11.901639807560832	12.685928565374553	18.354051449733955	18.350940041590956	1.6105411930175235	9.708423347309362	12.045923098243897	26.930986821096706	10.026153468826374	22.703970210572272	10.861825182435553	11.442021445493	25.51033083897879	15.758984049344535	25.83538254273385	26.877251354587372	13.837013416665418	11.671422606536176	23.848779087207035	15.013328185092075	9.62740682713752	13.352196792221253	18.161175218710845	19.64250481871696	10.606890831207204	9.11752662887807	29.6683678583205	14.114141682518724	11.697943963307782	10.788612790371316	11.312745394351227	21.504670042529177	16.107676383188938	12.828049975164342	7.319258901956809	22.416114773522768	20.72867335722077	17.280897937365843	16.937892055274343	18.93533120558294	12.828832270011358	11.338056762743145	16.2915182871497	13.765166480082678	22.747305995660273	3.8935033233695187	7.46996461831196	11.261749625298094	32.0862542222373	16.500032633246505	10.608808673273842	13.855897236824703	9.821452568044002	22.903453530740062	15.791538162555806	17.5073849206127	14.017447248263437	17.83072390859279	18.27625780164696	11.755714767082104	16.6363861293712	24.488267577302445	20.307477632987204	17.742510132640717	12.437689631556704	6.171011456315861	28.347549975378673	18.422312793885446	37.515173354002336	10.94149287085179	16.55362272751963	18.959187613216763	31.00275456574735	20.470854384197445	1.984425783465459	3.4763141536096467	13.65436394153681	19.12756991449774	18.40998239704034	12.58536612872554	18.645651798848316
31.17368797440258	21.51949410031154	3.736268120554477	27.39418174674688	19.013674381931814	17.048147703688166	13.519648921262123	22.949260292315056	18.190022331984682	25.13384133147699	11.483433937508911	33.12503397365055	19.063697863156897	16.4956994112252	9.596605478110767	18.197350871546494	9.092529305194223	11.813656434286578	24.361153804605703	12.85745886789142	14.512038631626547	12.360642236033108	15.791711029421352	16.750289081960478	10.168674793911032	21.652932720401353	17.03541100724336	32.50268438933524	16.285880796766495	21.267249315486552	24.21934141508388	8.183925680516495	22.940238838839345	12.819275993261044	13.063818828678224	25.59802224093951	14.435728027409185	21.792707220729383	18.700966544277485	20.977426737500807	7.0209964851131765	13.448223079868672	25.234755354746977	9.741659411625669	30.387868972184293	24.368686923283775	4.325308033394603	9.517788061755294	7.997539209464165	27.52342463050426	10.728038412055612	22.820247982206638	17.26772226141189	11.932515752000281	15.765225133421144	13.247045495450697	12.23979750257513	18.37522538586489	27.05549089308911	19.11732453145779	16.39723035246931	23.13976083615281	18.299954999277308	6.8779486005717185	2.1980147169434443	13.899492309257854	12.80447813280949	10.147754308333276	16.77759795392734	19.685564910856286	5.492882456373097	26.68792044100627	5.947228123890653	10.414473661403836	19.66919607060797	28.257455937040778	19.024731984986122	8.259932426048463	10.76597139645219	21.044725429465686	25.676053298686465	4.275580608547051	16.40548661047923	13.321142325275662	23.049118761422328	29.116325583425603	12.297010045122475	13.66317426488073	24.392318811497624	15.806038010915668	21.513789709272285	24.446157298283666	12.54527794041664	4.517728154024584	12.997457059489323	21.847521155189845	9.320190950840457	14.41073576844262	13.123321901818201	1.8253152458334905	26.04657572585698	28.141922735941307	8.458867593967415	10.079291345603737	25.464056536508465	9.057958930024224	20.06158520974936	25.603882971521568	16.51370015824903	23.224494683652654	20.092288859399005	6.1103822716310425	18.74846963178081	13.576627364679663	15.486120597184328	20.15281207151758	16.935242735130124	30.193710792751773	11.503253452468453	14.421286754781097	0.5877372932331296	10.14867862205666	5.193421605321849	15.605557952804979	14.229671502124868	20.43007644782142	29.411098848978682	0.21173032017393772	17.99497874503131	25.94902866650167	24.489506951973134	18.167549867697232	25.030445892515477	3.121048690857879	18.64204349588993	10.114604830458177	10.905655450860994	4.412487097957969	-1.4943222896591626	17.170623282962502	18.698024695810616	16.870832161688327	9.782225730023239	24.14359072807	23.26988346271947	14.81323692119261	12.96406694663293	22.45841922907779	22.79600565019895	22.55006205892573	21.2050334982076	12.487548947570708	23.077005492658863	19.977778305707755	16.373224699894713	15.321397718838107	19.647633877106777	20.479963264908623	19.45544400983463	23.73845226083482	23.13055777595966	22.707168474406	4.640623813181513	10.017814092939474	12.855637419129401	20.648935852185687	11.552780926779569	27.08131749468359	13.187220663555623	20.816593615429756	10.159845583437827	20.28277083081374	27.16713638997341	0.9831275999799615	10.966979651049725	7.331844736405373	7.303115874239695	17.73372609232337	10.915298872085867	16.035150113323873	25.944049029432378	21.352874021750047	24.52514832542653	28.88970236189185	20.085780241963153	22.58846370030523	20.287944246205647	18.852786490411773	17.4133164315784	21.378263551054292	15.653586629246313	21.498267212751195	6.201988193757452	32.37484523208207	16.24559318796676	27.503849572949914	9.840318472255095	8.531906629692642	27.0778857853827	26.06946149508094	19.081230032032426	11.430879136060105	17.218322276199668	28.23337409533495	27.178696370250766	7.772437398012617	19.692544324438572	13.001171219219376	14.922060800089172	14.345699252285199	11.29498034777415	19.011672165672323	17.928764232602735	11.875046220558087	17.213631017454865	6.549963091742099	11.163556347209544	24.99551830932131	27.46269438733925	11.973676070543672	12.854493399230929	18.39816504176101	18.54047886968022	1.7265367378565255	9.927998563414059	12.201111045211983	27.062239700712635	10.324615531571506	23.22316561317519	11.002530817266564	11.81896733373299	25.527772045157228	15.820871107107488	26.0356747036266	26.92503621795567	13.871771925584069	11.835854044038182	24.145883754336303	15.600687565918392	9.827762360626656	13.720774700725775	18.284678312656165	19.910600647786598	10.760160816303754	9.335693162141936	29.682975261002415	14.48236540259087	11.841598240818247	11.031794795364753	11.335780935595865	21.643900979086144	16.154001585379383	13.476080970875715	7.5275968094828265	22.603846266908878	20.839508541210968	17.377534520016273	17.082949636954506	19.579718054761315	13.090076825250563	11.753126605368559	16.44655478044509	13.948674585017018	22.831024490330737	4.021835850381027	7.735980245260126	11.538706645425927	32.24403597782296	16.997002371285042	10.721725006649422	14.106716479275295	9.968123097584083	22.943394764064813	16.468392217604062	17.634170147380836	14.305096246816257	17.944975897229035	18.86450250154034	11.878524605328717	16.773060042195176	24.57869656374913	20.70422608067331	17.814512194421262	12.971599646354981	6.470981530651725	28.563278502884078	18.53947290527279	37.544701845805534	10.972937316116742	16.6425163813001	18.977807423071912	31.174874920713904	20.542213756645722	2.254704704955006	3.635962301913558	13.860230400143898	19.178322323266656	18.60704152492329	12.684428552861599	18.883057036597318
31.207107621845648	21.59528028203795	3.912650841955167	27.424569394263422	19.12005386831663	17.291498898058897	13.760922457213834	23.112983022967505	18.25456177334254	25.33495471874521	11.516033544628376	33.38282523927718	19.22842399187872	16.588120314474732	9.711651459534265	18.3210836353922	9.133189917309448	12.03726453281345	24.461224572718944	12.981447062819674	14.60783795133512	12.499830709298282	16.02627943013613	17.000935182379138	10.384883239311694	21.809285462988882	17.087323101432215	32.78661918083293	16.69305731918149	21.40324956551719	24.2694171974703	8.38543507233137	22.958664665893263	12.84951954588734	13.442841423436127	26.130560944046515	14.45958029598286	21.908051446598492	18.910354355319328	21.04306220763471	7.07877588910295	13.46343544721807	25.46100138286937	10.115975357319257	30.433367308954786	24.659453931883903	4.401235811398867	9.70592065753356	8.08963833702051	27.561539540565345	10.791214925696336	23.18511944614981	17.403979366580632	12.06128976069439	15.813939774541112	13.249428018520915	12.24885979034249	18.508171523978447	27.616581638708627	19.2555512331748	16.409374778130182	23.363916809167463	18.424613064467707	7.045101497100899	2.7281897623938454	14.080916000625976	13.056320567036193	10.282502485245708	16.840911038623855	19.998879166393394	5.603338351993553	27.289096478295942	6.20848490447143	10.439479121081206	19.819041379374962	28.482656119639547	19.337785214532072	8.411200610802739	10.821761170826145	21.164689232629176	25.768627697475498	4.346392172637787	16.71579237694158	13.536703318251337	23.163287405043963	29.320135978394802	12.44036874923315	14.218557825512566	24.869214221730466	16.01348554986857	21.881028316844272	24.581576101303416	12.678904274151192	4.565161666286949	13.097756310989867	22.056684571274776	9.676887461226585	14.696229680234357	13.273016155931192	2.103285240417941	26.214173444561432	28.24188126639558	8.564929253621946	10.393797705676999	25.738691931376597	9.226795651712838	20.490824485189712	25.979018013105843	16.5894340513381	23.340640111348126	20.148066905198135	6.329842349230621	18.989033603531155	13.737641825608467	15.802147257407887	20.267932436859535	17.26284924586213	30.32087460420763	11.534972367542023	14.695247292483355	0.7743851272053823	10.237484073099532	5.295287283264896	15.65388034891196	14.413985710709413	20.64248207822799	29.76100999526036	0.5005808894769229	18.24156399096938	25.994572099234258	24.705526379085875	18.29536820327898	25.125974088254775	3.4605207344747	18.743029298966395	10.305860294445564	11.044400837378845	4.4841469711182675	-1.318404015037743	17.195999516155588	18.86885992750599	16.97129988364598	9.949483402512373	24.45062700153725	23.40512618676986	14.953481276076042	13.101543934249184	22.655076115262464	23.25384579545481	22.638844421361565	21.37854822514005	12.591548173053345	23.1804379903612	20.19968858950909	16.48246985098502	15.545941051127054	19.674863955522593	20.770086004249897	19.5866625373311	23.818983790335132	23.268969794831843	22.921541958459034	4.671498807170291	10.10598430894707	12.862630847079412	20.88290356272593	11.78709884129867	27.188804430696443	13.494906356443103	20.865894427670472	10.341169473303301	20.503781805460694	27.2097324180945	1.074344337052294	11.04382587749137	7.457369432522903	7.749942259210489	17.824752178823108	11.083609119454295	16.32197724248823	26.066605102875982	21.600988738796474	24.639994452790738	28.922600353504908	20.617774037287877	22.758975648846825	20.429109964147713	19.104486490474375	17.449515438108083	21.671636010973998	15.749730430752654	21.56221922181965	6.298090047329959	32.53109834155711	16.370069149313466	27.6408247672122	10.07435650560846	8.593412208259966	27.338013425120238	26.483887296671934	19.384713713223302	11.45680401780512	17.280426140176143	28.331895841187265	27.203252625055846	7.930550679112502	19.991575257537573	13.118442687631749	15.005720870844929	14.656236480157423	11.543273589834584	19.276771142210663	17.97816614705358	12.220258709317738	17.338277042037575	6.8489860708245445	11.247260129065621	25.108996043597394	27.63842699206631	12.251795408086602	13.34699128024231	18.44399883901511	18.795508021325894	2.4290251684367687	10.069098646859834	12.255874453586861	27.224446869775054	10.619165209118096	23.313168705682997	11.109187240475395	11.950136975463167	25.905980521732396	16.058709372808337	26.27357939775992	27.15487462490949	13.995700446047758	11.881841053336208	24.153030277067536	15.634768290843047	9.88859383793553	13.963210919276772	18.426747791146212	20.500463158486642	10.979686209059397	9.378203275805797	30.078709933349835	14.606577276659845	12.550718450405697	11.20552461964869	11.420671349308467	21.677038760597913	16.2122148668285	13.576757220340708	7.664414435637717	22.73053409175139	21.109506236686784	17.47931349447808	17.2428376552916	19.69427482148936	13.373273973103942	11.788462485683405	16.539290075748593	14.142478456484872	22.961756420653114	4.130826440032743	7.897521671254717	11.57551940922468	32.39929169161731	17.096647288892356	10.827743327548914	14.16891434714559	10.13598982137305	23.282903895044523	16.738385462016467	17.72923102089184	14.495591572009628	17.975772690471732	18.879952947050068	11.92477843499988	17.18422262944987	24.75263592279148	20.7569507373939	17.839623629428065	13.37916065241727	6.697843901093255	28.57796641890042	18.546709065369974	37.77410848074353	11.358716499781714	16.831995125266403	19.141991168155027	31.26103132710893	20.91317541392099	2.3001099027949867	3.7718109738744885	13.954518356876454	19.69260381585892	19.15458497090179	12.846617163672999	18.921403869216146
31.467761309537433	21.70123878391413	4.076647140480378	27.551255669401744	19.321262925377198	17.31951045409642	14.139762956199684	23.29635753245336	18.29249813635663	25.491238339244113	11.643268793515798	33.51049282085368	19.303114090319504	16.81226425820855	9.938137555236446	18.492561006528696	9.263772476466555	12.119661476563284	24.76605366656503	13.540323574748033	14.741911253006874	12.593265381296012	16.144205085688814	17.091885659363612	10.477904623171842	21.86252870489288	17.340428859434795	33.18061169249053	16.816897133607803	21.885701087576066	24.31217034702191	8.503805409453465	23.152419220383333	13.204600296143848	13.65613975096069	26.256620072262326	14.65660991802137	21.977375141838678	19.0870854055439	21.184040518198486	7.284860397214147	13.547073214388254	25.61891833340393	10.185495193761867	30.522678356749505	24.9547093362878	4.631955678983803	10.131927224330513	8.110058748379688	27.63781946854974	10.882081583338156	23.23732694545046	17.625884674380934	12.175993516561293	15.923949922884372	13.5689104984794	12.7330056360847	18.70406038996053	27.658856812869132	19.422758287998956	16.590604298786666	23.508981292956513	18.71668893374804	7.196036854041903	2.7959254011550314	14.226767980869342	13.31162940600092	10.625287942471248	16.999687911654707	20.56442566656422	5.701412465284386	27.360187267931366	6.228964695681692	10.613160682009902	20.187270546343573	28.624617325275874	19.46073139466872	8.547272901284067	11.236325665908572	21.825189215196144	25.84875033236414	4.408590424473692	16.80670680260365	13.653354186056847	23.351364240496455	29.607995252893275	12.563129637661811	14.451507509513972	25.059445679557548	16.462812878189315	21.945268277945623	24.626327249439875	12.849497918906254	4.8626309137434465	13.31640141134028	22.620578779211925	10.23787167432217	14.73678124619521	13.468267454570801	2.2156502947135057	26.233079586476496	28.315237380131673	8.656516119914171	11.003249664429998	25.746647471460076	9.459901699972162	20.881756918549527	26.057748881535204	17.340667452879313	23.848778409110725	20.26554488655018	6.447487429103101	18.999558925504164	13.947732554092886	16.527275785203777	20.45701039711378	17.39090273969483	30.785200158132092	11.693862664951169	14.726649310802282	1.0153951778229475	10.622557092234686	5.6255222129011	15.778837767970765	14.581399540556609	20.67018668958567	30.02835982022315	0.6108712143601182	18.39034834140107	26.31350342724075	24.862508259786576	18.408204460526488	25.218977833148298	3.5901466915186897	19.022192869487156	10.720925047493402	11.213529592964427	4.567863449778986	-1.1965451695256157	17.49088381387934	19.041847173791474	17.16573295145936	10.225181111054889	24.497155389095802	23.689392330884974	15.057376030075892	13.378528558695878	22.687206059762843	23.525656801028283	22.73798452227313	21.412878206847328	13.132474327970126	23.408522934944912	20.36976448875611	16.560277604293017	15.712186882909904	19.839263385102623	20.905425946920733	19.621342508726805	24.00465672069499	23.338721458211083	22.955402072210227	4.793539148918632	10.230861637655787	13.167900639960598	21.058122838642408	11.95083875628992	27.32901623382126	13.646149957455682	20.928056940193688	10.631390978496997	21.282475951379286	27.44087318162507	1.3396711359669486	11.0595230195239	7.649091016951181	8.094729487759414	17.82785147407273	11.224915092219213	16.442104672489915	26.11395696160604	21.82238064166224	24.744688760507717	29.02711204471486	20.76427427138803	23.267755097284827	20.901905175095834	19.34166096421498	17.68096445565508	21.73429425679031	16.038713435916232	21.794458712652258	6.728823380723715	32.696146749974545	16.501821754999156	27.737369758696598	10.10573767796381	8.92892292126741	27.487432731566084	26.588532147740857	19.610161827744754	11.485344747413018	17.49857973594427	28.660269748873446	27.519001204734263	8.07640579766033	20.42098044784093	13.205697877300285	15.072561043974108	14.925965437809191	11.813907316189463	19.45247498910231	18.382091646075427	12.771428295175681	17.509262341545554	6.9942411279972045	11.607611647380745	25.17653908482028	28.282723961302914	12.578215534834342	13.436084111118715	18.623412160018397	19.02593296097183	2.5340442278362314	10.125948526004318	12.333069479162628	27.549880915091112	10.657787546293362	23.38550110945578	11.40935456198078	12.262759811434766	26.359137432548955	16.203941096290656	26.599867015550068	27.39350240194862	14.17176053855767	12.127280138667347	24.29984985453822	15.726072196606061	9.919763559017285	14.104466235851813	18.465849433964717	20.516545005763444	11.777394927246215	9.472815426536965	30.16354438473166	15.012506264673146	12.754411760808166	11.778383843601318	11.533825742666183	21.786681816529672	16.515897451780653	13.664970317346414	7.812807476610686	23.18513805019113	21.372528154628593	17.52818513424339	17.335868890124086	19.840210271078472	13.416763015860973	12.025086960872512	16.704002780787263	14.638349460092874	22.983499951242514	4.625733658903289	7.966915778515184	11.91513183539995	32.48045647290645	17.186679970320665	11.004286776957217	14.274267998386799	10.307318412301457	23.335504138137846	16.787422591745873	17.88147975877798	14.638207605962695	18.395139446207512	18.93555635530586	12.330208707517906	17.3824519882206	24.84501158881812	20.800207244218672	17.875507477221195	13.89865607052965	6.831274422005858	28.87281783241831	18.972948276829	38.08781879730305	11.628982315412266	16.934157873175142	19.234750912295564	31.37706319049624	20.95057015106668	2.552553884414612	3.9293659931755247	14.016556424648067	19.73431013558847	19.18723993159315	12.936310392582477	19.134104314431116
31.548645717387977	21.876683717138604	4.191076002412981	27.657384311178205	19.980700912819643	17.33576849634448	14.52261406905365	23.37199780480932	18.42914313092002	25.74035577981594	11.688590282907802	33.676715919256665	19.64500918548252	16.911120151496863	10.094712861617712	18.693341258709598	9.310418085867443	12.23968366814024	24.906382708909085	13.63829518165493	14.785905263962785	12.774038166852803	16.191487680935488	17.46219190090164	10.731474842897665	21.988980662922952	17.460285371739218	33.23104620936657	16.93330610110961	22.06785320520201	25.023848156178254	8.669751555160744	23.20369163695398	13.213268161893465	13.935839692870056	26.85813155177266	14.837410777555831	22.05191047932203	19.3223680554412	21.382122044265753	7.535573670312125	13.722629587017638	25.641625202520377	10.49158205134707	30.60397220266265	25.192249815271587	4.673015932388136	10.233716441645342	8.268103912281534	28.100091883994608	11.033846775839056	23.507386052326368	17.70220573806957	12.580293603011016	16.204631634154847	13.733376523604468	12.828464950154201	18.87481915910764	27.93647545155866	19.600182003635236	16.681698757339984	23.684106924578	18.795531277775126	7.512787706784906	2.8259390489596488	14.228797172837988	13.508369419920793	10.737266289204099	17.24524498114834	21.248828902321193	5.812700324576582	27.6939612898071	6.455172833916171	10.797334881188974	20.403931139646794	28.766587204399734	19.692097129679706	8.745015973594672	11.522697194475256	21.871003083729214	25.969350196542045	4.574430968532269	16.878502557011565	13.721186153185073	23.595430703107994	29.916386986104026	12.644607401088374	14.550255883903125	25.106329229134673	16.726646893001323	22.106762263743345	24.645282750503156	13.03044427033931	5.003563814341115	13.490448691998651	22.804694243358874	10.307583258021523	14.98284153859565	13.654221220911646	2.353494807508145	26.25297530684359	28.49882431466525	8.950747341455195	11.093273695072625	26.126483265833787	9.489272364814624	21.07201176395604	26.244702031212224	18.256406127879554	23.961230971127364	20.605196613305093	6.5277888944569025	19.196234734747872	14.044361721972	16.696787996438818	20.643152796377393	17.439726122158824	30.844336906345735	11.861913866274318	15.120188037459162	1.1764611529094515	10.944495791205947	5.87155277294827	16.030902924193107	14.706507328524909	20.75092353563208	30.230165591822534	0.7050855067105238	18.62090963741077	26.627883553852108	25.006603241822347	18.707466691953982	25.279913754825387	3.7838140621925715	19.37909224459466	11.224128654018951	11.315150326232368	4.660945835826095	-1.0618160667203187	17.544591070863316	19.256812710117565	17.532272564411727	10.852506864954366	24.670049111136986	23.77327056975465	15.291927795997015	13.455044545788347	22.843356894823106	23.62265860532985	22.816898267441783	21.649792876604614	13.277371913516106	23.487954819386243	20.81251878399491	16.736870262149154	15.86470931903172	19.89512094015623	21.211915347190633	19.89082967717972	24.430790372566882	23.524923128634008	23.192227214357985	4.944648597405798	10.263229759610905	13.213327145104884	21.170596557025707	12.039543083524475	27.57589357961598	13.86069009282807	21.242423057227796	11.16620248515474	21.422567962888905	27.510531358671194	1.4076494228134775	11.128926432697897	8.004089340637503	8.099198682845806	18.052477021271745	11.37615001368586	16.517989397952373	26.321023870938884	22.221454565308875	24.802353377354333	29.086775487963916	20.932011132595402	23.47387380016642	21.01026059783259	19.50056982356704	17.89842330730154	21.946725937642906	16.200801536696602	21.92613295444032	6.83840314229691	33.17620472329401	16.71178111840043	28.21339964359037	10.239027529417177	9.189216228221914	27.788891525525095	26.62294511091541	19.8682555347759	11.66490077799043	17.818726501690502	28.798317649043053	27.772014953415663	8.264462638627931	20.509203566208306	13.720293501654766	15.279569289825298	15.063229897361412	11.890467841978968	19.55535464573919	18.946825282070705	12.858444222420504	17.7601038675635	7.096322835899072	11.687634498964542	25.208464943429473	28.380642994038755	12.718700628014245	13.591053918217806	19.340598659175228	19.070635104292148	2.6805629353929676	10.431725012762588	12.532812397855444	27.97384782422018	10.808053564195413	23.533126920894087	11.984366764941363	12.791084849988149	26.406298112650173	16.286735709684564	27.88326069598289	27.471015044701332	14.1902750820413	12.204400162395372	24.52846336770995	15.812187522789603	10.01315085112381	14.408402992006563	18.525352591937732	20.742364719444023	11.78541982730742	9.69754896679023	30.206881969008364	15.122829119460036	12.956745859953598	11.86264579992234	12.047927197120877	22.01424457232862	16.6488419493594	14.035089228083196	7.916528672968492	23.864453010849736	21.526249110905226	17.622681084806853	17.39797769748775	19.979341032017583	13.678652618788087	12.569383078822879	16.85476734018533	14.70138197935599	23.29118559730705	4.8952889471565575	8.04672400026943	12.356552605681642	32.629562235238154	17.374819242980447	11.17092114530993	14.545093379316581	10.515322741818622	23.69773822681914	16.99158969215035	18.004995129056294	14.79792226598965	18.497516511549687	19.455503563205422	12.4862017601987	17.647031813830047	24.956619618749002	20.98014504578681	18.12120478690023	13.923672889342072	6.912446762343596	29.027742086668468	19.147349610513515	38.25934059313744	11.76163940809623	16.988269760956204	19.47787899412742	31.42193435201074	21.06334836107876	2.6466407445116147	3.995757607416794	14.077160451019953	19.983768645653978	19.224404421486838	13.30105618517743	19.248601501842714
31.68519967097043	22.035328169786553	4.434652835323647	27.79919919356662	20.039584170642737	17.574801497555498	14.534337195982395	23.636982406814735	18.4581830524823	26.01972231422003	11.992046337499968	33.848901378415356	19.983272291573602	17.139432188900322	10.112083857690456	18.783482353727535	9.439505387060992	12.335403558493374	25.18896294567397	13.728752377522072	14.989364082742773	12.845756307670763	16.302478060673053	17.661831295776015	10.866348198859264	22.162691764256415	17.595756179730884	33.647081979803275	17.209239905196874	22.19404490260106	25.33416201538353	8.752037670252555	23.618215488130772	13.423521894303635	14.137880474780324	27.121877313646753	14.846324186523729	22.198307882863826	19.554063066189364	21.459494090374477	7.635576147666578	13.794605466374046	25.75188699531845	10.65477001840262	31.0566861172925	25.35426713364396	4.756397352739707	10.309547926448527	8.404982394322438	28.311519217679876	11.307489838205887	23.773311771468375	17.948937998895865	12.780470742221162	16.363727064659457	14.085884877089272	13.123810049932711	18.887208481937897	28.081801774098796	19.99537871079207	17.727931905976586	23.708334345811423	18.908529996378615	7.674311057978505	3.1578230527307687	14.411797646182483	13.568354657711943	10.762950142620301	17.385486468247027	21.55036694358164	6.120469106580248	27.732744854434596	6.5748669781391555	10.944762107215885	20.489592244620308	28.844112684666854	19.789255018784026	9.141308636440588	11.55700297103906	22.263791058632687	26.324169691180618	4.776076636584249	17.368994870417716	13.880126913930297	23.635270364102198	30.13515162961113	12.821888593421292	14.702299258900693	25.2203964212396	16.96972365247552	22.175434707373004	24.833254885833693	13.060518672337183	5.108858735222988	13.641571251053266	23.02062823467086	10.674501167219859	15.489707538507957	13.76295731933661	2.6433986145907844	26.485669526121654	28.55294893792375	9.178354918291467	11.222056621886665	26.465309208932897	9.673902836339455	21.352537755923517	26.54120370872736	18.70925488829651	24.043113530600735	20.684871232863753	6.737136951720734	19.40506887688453	14.073204899482732	16.90239472788009	20.802849536794948	17.81224611175245	31.050126204534145	12.57769721033183	15.800914690598585	1.2803283368109772	11.055141439052147	5.9337649968732755	16.189940369099137	14.814066964147097	20.909592154425006	30.452124190156674	0.85337739905993	18.72529748789825	26.811677786867502	25.18603664317764	18.761397169689687	25.612322401851483	4.054420417963974	19.86151841697212	11.371712427420945	11.578670782800554	4.812458334199508	-1.0135024905543435	17.88888709581737	19.31128536076218	17.53931127325728	10.897426847038329	24.958366326336375	24.181625025385422	15.682816796441667	13.612002322040944	23.00145677538972	23.757927538662063	23.379405243332698	21.808353867304348	13.59523842218558	23.64250300082066	20.832228721300876	16.79490401122144	15.912917794977735	19.95459164319347	21.520878334534842	20.31985171969982	24.510279021060825	24.044243220735382	23.500018247629903	4.985029861890916	10.392122267602266	13.39356807632381	21.32400271331891	12.445806547127063	27.690565433417884	14.276862136514149	21.683628318880373	11.346290433741403	21.550127312069883	27.791252030473576	1.467100296588662	11.337762487644511	8.423190355773796	8.365770469977399	18.18012322191866	11.536801391192459	16.833661657225505	26.687731311258002	22.494458692955053	25.208221023981935	29.13886675856072	21.01618125855987	23.685091863218634	21.231295591393646	19.857450711532632	18.15233171860901	22.197538659805517	16.326239786749962	22.025469786983653	7.034342598585315	33.23925320667068	16.81371257286541	28.503004716047755	10.444670606096453	9.385178014922621	27.867813650240706	26.830314435295605	20.465033448200277	11.954953870202592	18.078983260437806	28.889104237730265	27.936039948916047	8.333937026385298	20.638891722653472	13.97373054199278	15.512465408622342	15.197865243694753	12.209502905406707	19.81395427348876	19.009196266583015	13.089856457077314	18.042665803000975	7.145619622487685	11.79849953661081	25.527599496488975	28.386889973694647	12.868764308165764	13.87041688431732	19.569614532779845	19.47758925703522	2.862532422520393	10.548745922994328	13.108451166956083	28.06330018737227	11.168396558630484	23.855491101895655	12.078354723548525	12.96288497063794	26.503327051268094	16.353021351245193	28.04963678622961	27.67003251401859	14.248708451940534	12.339616638129678	24.663689683259868	15.91817232340729	10.131261366826836	14.596272476326229	18.756910237049734	20.780542998832228	11.821978576776408	9.984844757897292	30.411822745259762	15.181631731767215	12.973090643514567	12.079289554320406	12.132032165840041	22.361717655994862	16.905888458969862	14.170772296346582	7.979396838078139	23.92429559856099	21.887392327612055	18.482217779796425	17.680085112047333	20.038285046614394	13.855922202193272	13.019415660528313	17.35986487488885	14.957574033097043	23.697593524299194	4.966876656701406	8.149528020627416	12.48051245303012	32.7847228558598	17.80887025547669	11.263587212189988	14.660012377302722	10.647483612565093	23.945136299155674	17.067466118896117	18.093445237130283	15.135828612520829	18.84705091619732	19.758938192742622	13.154530167815432	17.734472865631016	25.15580147919511	21.309390502013052	18.212369286728357	14.139217019410736	7.027753907267611	29.118896610402892	19.410363786985066	38.4182871851807	11.79153317357427	17.196004488448793	19.524123149657296	31.76364313859237	21.32534561602484	2.668211584318465	4.102644434260397	14.089445313076537	20.437510782215572	19.58948454736758	13.614535979224577	19.61354604048679
31.886768153034254	22.07074819347833	4.742296060194926	27.83462500340571	20.43575238321404	18.085883500625833	14.833880571492447	23.779898210194293	18.81512362650915	26.13439044317385	12.119399420524264	34.477101842189086	20.1696381244592	17.243238545795112	10.309598422975068	19.050828598417905	9.615405750635226	12.602914534624384	25.22932656632291	14.08769641225926	15.314809470864894	13.013706175090975	16.364110133669467	17.8315627518908	11.047553790479341	22.49571523526048	17.611696071501953	33.77496486800488	17.309075415880223	22.474544467963522	25.35234701956145	8.812963374982063	23.865305771924493	13.86804335837515	14.36941720730993	27.234682537277973	15.012607656967587	22.904526205313246	19.849439171539522	21.759672901422153	7.893897186225551	13.80551167601332	26.093200738624454	10.758052157954683	31.23690533540436	25.47009494414104	4.812564698622807	10.336570595869265	8.79157109049774	28.326050476325218	11.532235312454185	23.891369850972836	18.07526858012093	12.876813173952732	16.44178413521712	14.712291657766597	13.367617181900604	18.97295397078441	28.207902027369887	20.252747652190358	17.872590333769097	23.859110640044292	19.066297468342686	7.701109864702821	3.4082840821775524	14.678606251875062	13.627370975739487	10.861961268508072	17.751396379893578	21.74930710733346	6.209777168371579	28.100010383593887	7.001062070133735	11.216274173164539	20.77967472889055	29.088637817150385	19.932891767586984	9.495917867663751	11.771184500380091	22.557600665903635	26.61608030199304	5.187159742399659	17.631716992428103	13.976722137087496	23.87341404277293	30.192475107825878	12.953977715815894	15.143782600155376	25.38144334075664	17.093650731974112	22.42696573147117	25.216383882374505	13.13720617167737	5.466203268810487	13.881607715386075	23.201861225254824	11.085277749399285	15.767197031019068	13.818895612818906	2.7191555173946957	26.603889356521822	28.610233389344526	9.320686608740376	11.49105914751939	26.57953039381329	9.906054804325295	21.43705855650665	26.736483035296725	18.9870007762309	24.09287845114066	20.90895846824261	7.025705450118873	19.522006706712553	14.659483426113256	17.12937888075577	20.916164521836897	18.011547520974855	31.238550365753095	12.62157257093032	15.964235158423492	1.4369844791873838	11.452632279062586	5.968320811658045	16.309043524040188	14.952785096569624	20.933306071627175	30.51308505390061	1.199215118843272	18.76989065936696	26.873039379038843	25.306718359206215	19.18204462313667	25.801689144319496	4.216085082407735	19.979032519303185	11.507451235409494	11.86030552528154	4.933847570252938	-0.9329648540538187	18.244275447575834	19.529246425992312	17.91187995288042	11.01030507595433	25.052252018843102	24.233983928041866	15.81747831887974	13.711970908051432	23.089929311250927	23.888843439428364	23.47002211357181	21.905119804624505	13.83895145655084	23.889140374186034	21.057185065846436	16.848198688577646	16.106827960487834	20.335134416178914	21.59151583447946	20.363785840961643	24.908787901241073	24.625288681938404	23.564751082798594	5.245476941054852	11.385209303642066	13.640030208926055	21.55455246720529	12.937766480685196	27.766068074910752	14.541641492833365	21.947478093904536	11.714820353782144	21.747280073490423	28.396390189918975	1.6762799981532115	11.654401295757403	8.627864277373973	8.398793758125237	18.691501143019586	11.646889296315297	16.87763401959082	26.90878011510068	22.64852605822903	25.28615807966617	29.187207486500522	21.07243437985901	23.774655738665093	21.438539542794455	20.215268634831393	18.33648618163769	22.21873162963343	16.637145446543308	22.329061200043324	7.111645894085173	33.28413963145834	17.241751725251248	28.714173719734024	10.529632188198104	9.539626205025396	28.048189039182375	27.166488496246135	20.68581835183788	11.962018519153672	18.381238800700363	28.949084224816445	27.99778088986432	8.718838083493935	20.99344306595923	14.039718857987918	15.825062070773091	15.242287724190994	12.401294114670737	20.080026054951396	19.371951383509895	13.23497085967822	18.336908435249505	7.315504655678602	11.983567527286944	25.692469075827283	28.981677847018563	13.101636128513064	14.17053029542976	19.582741872336086	19.603462443583236	3.2945775152737005	10.808733259818666	13.225592655520348	28.110548258930354	11.400917676151524	24.149826015122642	12.216774143286091	13.123017655359286	26.717560916188052	16.790740849461596	28.311993730468778	27.759167645220522	14.511770421236838	12.430022824919293	24.77670205476549	16.32428040571255	10.48118199677042	14.715943871225209	18.93646810698896	20.868466945416134	12.198421647834868	10.637750471565328	30.565030312677486	15.40688246475219	13.112194375191255	12.439423939441085	12.38195740824245	22.59217798280394	16.936723434984742	14.641496967452353	8.032651897323712	24.040768039592493	22.1255145975297	18.86153067137511	17.811081272929986	20.151252272050293	14.032948779525405	13.215128592037933	17.456028301118813	15.182543955745528	23.78545043902891	5.145011953772911	8.587199384808045	12.603971683769322	32.81644692011869	18.033385244739602	11.425790794910453	14.874976200705934	10.876771253452793	24.237672284910456	17.255878391648423	18.249345222462455	15.264677893406478	19.020154680823783	19.921696590411564	13.51379360643246	17.926192829923437	25.364897811801715	21.566118120416625	18.355657670535482	14.186172154036989	7.431235270174059	29.26576105407085	19.79842646734335	38.522518998633885	11.857844318506862	17.215989255328015	19.606295643157246	31.901836700477773	21.696068216192845	2.904466771646234	4.501419186624905	14.442585760017	20.501720203845363	19.77515605776961	13.830550094127624	19.794759915882988
31.909918204946795	22.220033013585585	4.898387706690482	27.877891942549173	20.62004546837972	18.116469779405364	14.973278685273828	24.196860992868835	18.92948334834779	26.26350779909825	12.216587935608944	34.488927712515974	20.244514248288226	17.344675786156827	10.438303813652757	19.254980562132257	9.76265647537651	12.754756005188032	25.336433643360706	14.228560031727584	15.389988524802822	13.309291175211497	17.03877481804417	17.974541973276093	11.072620017668587	22.64219690369608	18.039516450103196	33.87007562237366	17.65695284390407	22.581792177120626	25.438928283879903	8.935469744529263	24.139952054588207	14.090298368126335	14.455271597655909	27.332331350384525	15.156134706364554	23.10573517155637	19.954264531529372	21.8029044903933	7.990430996851132	14.782840081299327	26.151211512842185	10.830959038506151	31.27809225782972	25.6288434434619	5.0773591540851974	10.558425852742069	8.900975525520561	28.682812073426504	11.722549500035246	24.240303961281477	18.19975454388165	13.124497832053104	16.474598352214283	14.878266708085535	13.767781254826412	19.070182541379573	28.513373633198533	20.401661922162607	18.067296707465996	24.044014137787208	19.239742051888474	7.949396944509014	3.606045657671871	14.760376047275914	13.844141342457764	11.109930931185435	17.817596454389836	21.870486998158945	6.23384052949037	28.270468083336056	7.070343982203637	11.768275761185784	21.047788076926242	29.213507457068623	20.278360594834115	9.87420398372729	11.831628356453118	22.803250227069796	26.983900974677816	5.527008551298923	17.64037424594173	14.081999743019965	24.088123007378492	30.653326794953458	13.136973062235763	15.405065047490961	25.592958110426185	17.31096105736584	22.71122711597108	25.25550038232198	13.251480676257533	5.530557026186211	14.091612830579722	23.246911985321667	11.373313953457664	16.117740199553186	14.358730912769955	2.9712940376077555	26.791418406319938	29.319275292790138	9.52700607681748	11.769907261002938	26.826596367438682	10.109102443474097	21.60388542832295	26.766636460536358	19.0844730302226	24.43646047378851	21.435721861467144	7.09915975299345	19.551213536556954	14.914527602825098	17.150043611184767	21.00977008259616	18.645947199819577	31.308477663708953	12.78660540240965	16.15685003510573	1.5743058471708256	11.83306709012746	6.29643012020077	16.49778523551073	15.536631574635692	21.09569295369954	31.134604714603363	1.240935330628658	19.00723524357264	26.964050344916124	25.61128453502702	19.356551827934712	25.977275444400608	4.348979070595128	20.00897212095975	11.959194270299639	11.98196375161786	5.08663310384195	-0.4974216752029183	18.614991739522672	19.828093038876457	18.27907744187187	11.138497714324982	26.0095852549218	24.247895260292744	15.858147522461799	13.722525170717477	23.445410414960605	24.033768170676034	23.653501580875766	22.097232287559482	14.118261188668987	24.34296435166821	21.21262361977193	17.024334547832687	16.34346777816211	20.657874707807622	22.025640630638254	20.508828617305905	25.073631735026154	24.831570223390912	23.633850159807828	5.344581936500346	11.517822043163957	13.819470045868023	21.55699212834026	13.218854138772187	28.206394400613956	14.692061894270012	22.064795487007228	11.992216541366448	21.921763324162598	28.463089243787554	1.7587028855070075	11.733099122911455	8.693966765778734	8.553357254987702	18.75000492493165	11.71724247383782	17.176796114286518	27.200338941709678	22.94872821941126	25.338245484645466	29.319974101202394	21.2966177749568	24.16486980884952	21.647314477675472	20.41336989397211	18.626067617227243	22.407900509686833	17.020119625432823	22.45200328536294	7.295266473420974	33.338388073821314	17.79529089233348	28.895808573656335	10.854246774270003	9.63262686644845	28.90421031509258	27.465861930354826	21.09632860341896	12.288890375763328	18.497063566554623	29.220730345441883	28.059817036145912	8.959833173157163	21.09640570586182	14.34168371069102	15.883167218781152	15.455815660790082	12.53255655036393	20.103247028250706	19.495911913263296	13.607177127609814	18.80921203428694	7.3953179780795715	12.261822104985427	25.795843262947876	29.040594109922317	13.38906586942391	14.255024291860419	19.612249218612135	20.00968803565544	3.4358072050013697	11.02446125687754	13.358982231954112	28.471867574206648	12.013567147692436	24.467947407786472	12.39366065127807	13.145720231643422	26.887879921730697	17.047130865501906	28.325247716334864	27.826992738780582	14.559662197674967	12.557315543084048	25.01190388869238	16.696589693237865	10.564667481947929	14.906983386327019	19.141179942161337	21.071999770622558	12.478363784019177	10.914024267457787	30.998473301627456	15.655834095618408	13.315050206236426	12.886957471193798	12.676423351031277	22.628570298444657	17.490587341477234	14.809792869604125	8.102351684850195	24.284682839670634	22.23467467215838	19.569291995484296	18.25390013143249	20.294905228018123	14.947467246882606	13.486153601266368	17.578307796529717	15.20163163309481	23.890035997430925	5.342039028713073	8.624971542787984	12.666345692470035	33.0852076964423	18.04121141824187	11.591981527219593	15.096294305347742	11.001271461948841	24.27441868479263	17.277735166260143	18.351571819167255	15.350739383756038	19.28141680524471	20.187706801973835	13.536332157475663	18.252350571204786	25.69104815306626	21.714444454954073	18.553194627374616	14.243741552495894	7.63632799797038	29.458182448628495	19.974108299317294	38.81468916317639	11.958892442807965	17.365082459914476	19.718786394294195	31.99873576662761	22.050281600712957	2.982546360152218	4.732495685073444	14.62660450790976	20.721297215554745	19.84542866879691	14.144514475036962	20.48081730888211
32.113499061479516	22.27878299626109	5.078719638344672	28.301434920052554	20.746570935084534	18.6372738583371	15.267249387572424	24.367955248954967	19.130027325052282	26.903861442184315	12.304281051015485	34.70910908377238	20.85818599844811	17.761029126931263	10.5517505235353	19.60486371311773	9.90426693654707	12.788075342216768	25.539298446805503	14.581654188725825	15.668086459099381	13.454766218663483	17.110645128267766	18.04002027742281	11.394092190931172	22.81164748039923	18.336486316572714	33.9616082327163	17.822974928049632	22.925681011359266	25.61708970348052	9.103547061574735	24.286394586373817	14.27039770416121	14.63947430562509	27.45506110011377	15.202914098767982	23.27554996774599	20.061264237043872	22.659119977358024	8.310213071307375	14.91717270383394	26.39846349957243	10.965239428994952	31.329984089164366	25.862266799317	5.182427406185165	10.605144334819924	9.125847224573453	28.726117258765925	12.132092741226089	24.321981341432455	18.250148802466942	13.376306204150133	16.59334622975554	14.935996990358973	13.837802020620012	19.14709397105515	28.744036158415003	20.83617419031232	18.678015848312455	24.110430203357915	19.416890960452985	8.117322597960326	3.747488708438738	15.152682366079183	14.140361806351049	11.20181488991694	17.893237027570986	22.31249154840128	6.487918124791694	28.70409534953477	7.129937614611611	12.160149696106183	21.25598582278951	29.776092378225073	20.327251317349315	10.152142017815443	11.878427633817408	22.961925055503936	27.08596832342503	5.762707270206373	17.80119158531054	14.257593966106388	24.2016383956734	30.952633302634812	13.58782249814585	15.569892467955448	25.837153105314226	17.36841207612746	22.84668580815556	25.303306710127476	13.306033954714373	5.795831010614416	14.193852448342234	23.521117639815994	11.669817522788948	16.164380129340355	14.7128101696498	3.1496604760612055	27.139785068601547	29.45330766907368	9.58537020516481	11.959851556587985	26.971563365829372	10.728339932311712	22.30465073998273	26.957085265481872	19.322807464228937	24.784150455024655	21.490645855336442	7.379455481787119	19.752007020070383	14.952316106852845	17.295625805142663	21.285545673935623	18.67196056436089	31.635397085288794	12.88348809356861	16.460474001781726	1.6219510587483892	11.892792044448413	6.54740464400021	16.57818469479991	15.625807834729372	21.414049991211527	31.23032910387539	1.8804475005115546	19.18486570424388	27.372142938255585	25.78156331775715	19.881784858903515	26.297753508794308	4.382980569726146	20.54041355411449	12.37664812897532	12.15380322793725	5.130050353363208	-0.2834318568804408	18.64949986744226	20.036377779594787	18.298617941358184	11.55874317887717	26.163813900357546	24.554726315789242	16.409820612113965	13.80847205070507	23.55725021347728	24.08824050389102	23.720663163288734	22.73662444242783	14.234641867557187	24.826169657049256	21.28029622530003	17.137891482351293	16.498580841974636	20.757401795378243	22.13780858278713	21.12439999511072	25.162770209784462	25.055446881487573	23.772324028166793	5.4478818092555965	11.551471211727819	14.034696706425875	22.064062563242363	13.281122783933453	28.35461347957064	14.950825402939918	22.400997186253456	12.211413427887665	22.562980064815157	28.577482652741754	1.833900260168635	11.84739341970672	8.850082127807566	8.660382175016986	19.79828178541593	11.886194872580221	17.239072945176275	27.31678567400342	23.541254248913436	25.408449904238307	29.588066523994943	21.345066546015634	24.40832329466424	21.744321536463488	20.55621369401676	18.67801541655574	22.629137559645677	17.097752200840866	22.584704511780764	7.478796925556584	33.48373586776986	17.994066730205404	29.098456514769	11.202501262357776	9.840479402076964	28.960822225778116	27.758221798698518	21.1808634214646	12.827724430247772	18.739934828428964	29.30669088276003	28.334934400799156	9.033869198021373	21.18010129938366	14.356198463228159	15.951359625933927	15.561132665339954	12.755352683944432	20.236655887900266	19.989121632113363	13.730872494107075	19.184955394449236	7.629672085485327	12.469074041665252	26.026762901361877	29.32756978967029	13.810129718515809	14.343531041167191	19.93565887116275	20.133612790508806	3.771204504307958	11.18142994330698	13.88983304393085	28.678091874041307	12.346582551130112	24.65662583116231	12.451649149505435	13.2306353607805	27.067858319468193	17.820205759053824	28.63975518569823	28.022175702204215	14.725730386134018	12.805897610476814	25.247661313312456	16.882316534970965	10.640408148383582	15.03081497121382	19.166744130555657	21.164127548421433	12.967735449380699	11.136972756476505	31.099242860109918	16.039506570362207	13.558704798371457	13.042364285258408	13.209604147361825	22.76265410892238	17.957975150571606	15.41357082969922	8.307356892099511	24.49789010655636	22.320383352965973	19.71836895240124	18.388895916094484	20.604583074296176	15.023236755477921	13.507659596963979	17.70691066359856	15.587138988365384	24.30014114272703	5.903463891831053	8.904367591169814	12.897489078299493	33.254167564664954	18.431214855597787	11.818071380124547	15.177508641070975	11.262402242721947	24.3302199748517	17.3816981810171	18.380738049699058	15.855656239084105	19.605898219388855	20.835335529033895	14.243148400293844	18.262804523409866	25.983193020616504	21.81182880750888	18.633431384058586	14.35599735772292	7.716171430600129	29.706775296931095	20.293922231960817	38.87439173185934	12.001942814169222	17.53810517491681	19.860380160079938	32.28545405536353	22.146080741417126	3.107208976585622	4.932855525335949	14.715807158591907	21.027648779733827	20.023721791011624	14.222650836308631	21.123743169077496
32.28452659012424	22.809390302954537	5.183737528353778	28.56613523667768	20.866713259786305	18.69870902038586	15.364246995752291	24.463838552188136	19.173393589655053	27.31460392761089	12.648288923233357	34.84179686796864	20.90856318433575	17.791517317558434	10.907848312250714	19.620160388091282	10.16971248612858	12.943332288811133	25.69030436641333	14.710766151041	15.724382264207458	13.488320525407397	17.1304407656407	18.400632238472138	11.55495567699503	23.07235812633033	18.339029792367814	34.01212542812425	18.087135614018635	23.292457093894598	26.586083406847372	9.433125968239366	24.47362523611898	14.354329474089873	14.854007644141648	28.030317968359356	16.045118250325146	23.43514100839416	20.69975595361625	23.102922250985525	8.399308216048198	15.079815488361552	26.695983964395673	11.224136150039033	31.68697838398157	26.29360550529583	5.228179550246979	10.704800032970692	9.31026224261574	28.95756653519112	12.392882538151168	24.381477740338518	18.441080557485957	13.826619390231748	16.645281185932596	15.089035024782557	14.005876379119668	19.35319084433349	29.05049640047777	20.93210500191758	18.86096203288398	24.652445772155104	19.9365542340995	8.173841222947642	3.8214554054906955	15.341787560856739	14.212899796293156	11.579355597487	18.23866328525599	22.430417874740236	6.677841863691508	28.799927764254477	7.351223976564997	12.376607889195016	21.40969558112451	29.98578256192707	20.58002485820589	10.398735666536728	12.176973789389255	23.051983478638622	27.339635969762323	5.945422888264353	17.976373153394118	14.342320444266857	24.717570538446807	31.095792377254355	13.839965604813703	15.915140372203721	25.905224570890816	17.6834562139448	23.26782876684564	25.36300934826758	13.522873464218712	5.926984415153834	14.379748656194911	23.538276188111904	11.734701335632954	16.368827488274647	14.81933001007391	3.249922296748485	27.257667966598433	29.58589842375828	9.814740062285898	12.024669126488257	27.039540319962125	10.90791129958273	22.461746666998025	27.056713470564087	19.64529594963261	25.337568584385	21.929320499924472	7.722981049770158	19.77301807740409	14.964648436521676	17.362375889281868	21.389168930518053	19.2062871919882	31.92174358223418	13.127382760515056	16.570201198934384	1.803636648290325	11.95733843960659	6.709139300285649	16.701544707653824	15.743797344347739	21.446996076525387	31.479342605299752	1.9745976227474495	19.3842544619973	27.421070146673443	26.02119106214274	19.970796208421103	26.513793256217213	4.518374063395766	21.40809979061683	12.684622420475144	12.403465621212222	5.9658981242711695	-0.22444380116858614	18.970563593837173	20.289497000165348	18.486380095024607	11.623270935821568	26.69780552304048	24.68261076191843	16.54033940569279	14.137603412654304	23.680494206215062	24.419733559748117	23.828305422033445	22.834982558887063	14.540348773547501	24.96824482001054	21.626966130128206	17.201778002076686	16.774012445974222	20.92508192630565	22.215177949805014	21.226993790021655	25.285427229748752	25.109691840652072	23.872315536015247	5.5172670426894905	11.596472604951105	14.171027620374632	22.131357725947982	13.322960919185482	28.556529767368175	15.221491355576442	22.491366291119103	12.2716982018885	22.748680899147203	29.01022108958772	2.2753118966512855	12.16047303797136	8.97155779616162	8.896659895877017	19.84957361409198	12.158682571073644	17.411990592922162	27.65076943202372	23.830104632496976	25.809328565162552	29.94839251796589	21.68968208387997	24.454970654337167	21.950865218675222	20.656139900740882	18.816584612981185	23.06638838852912	17.15785424705951	23.2174162975788	8.141985335300914	33.697156914046424	18.058174814743005	29.135166021072997	11.291913536651434	9.86977131526941	29.132430277996626	28.063762526779207	21.652762744505672	12.909814472791902	19.018656122285147	29.61200812192062	28.850847602552186	9.147498244842263	21.6812844831012	14.568339229527327	16.135031790907366	15.664575563669771	13.209222357464954	20.556613190474494	19.991390114643483	13.783762243250091	19.454209981058042	7.760317744637942	12.694169666353647	26.051304836690306	29.342756783221674	14.018791216928596	14.394179369593306	20.206755861616532	20.33712774495634	4.065865626805703	11.292893593433392	14.262262481935055	28.765263453610928	13.42683204874054	24.891641393105395	12.523110451492057	13.33218532310624	27.109311951476116	18.041747010358545	28.822967758120985	28.371690884823764	15.047257669902704	13.141792418251123	25.31253082700939	17.020095915668318	10.722773400971949	15.201136708013552	19.23773945295014	21.31240866228113	13.04556051212385	11.206067032918973	31.292180920143075	16.213406023321188	13.610228465029476	13.426426576832561	13.420671076412283	22.818802740469142	18.438851192615733	15.494209294825447	8.403177605272958	24.67083848491674	22.38241562736954	20.2678098141134	18.586790713941642	20.774563063514787	15.207519765899232	14.118043945221947	17.99165452580814	15.837421751525994	24.626634576421907	6.079618430635562	9.093793053592922	13.323437637986906	33.35836956994315	18.667919597031233	12.235898063808794	15.264739979759728	11.440943004711189	24.550502634396647	17.888040820203376	19.102860173571354	16.42813755220489	19.746805105729084	21.1551224927431	14.304787482508624	18.33380057569561	26.083370266622172	21.911665390797197	19.036527830536503	14.562902880833892	7.9812857128041905	30.12651686979439	20.597739530360236	38.96086657915898	12.237238681849025	18.484393391792366	20.04042119668286	32.35314968358224	22.392333445233735	3.2555016268460206	5.1405088850664455	14.99047161732898	21.08349666778247	20.07712381589516	14.402510684825826	21.68793309092589
32.36938895521018	23.070554141280965	5.530832122632112	29.09898039635858	21.35268070041483	18.778595407284996	15.547305647439572	24.601630877552918	19.53891955396854	27.387182541259854	13.020216322325004	35.346331199438694	20.981997818601464	18.294824789729304	11.199403494048981	19.73682325087356	10.304590411246084	13.257252349511328	25.79489387796173	15.240445934991765	15.82672155643439	13.825261964130325	17.524512318277992	18.4130801115278	11.650378903639691	23.388020024711736	18.825601172462036	34.59037704069514	18.124786182411924	23.370569481406104	26.97629939375223	9.687714345326741	25.047525145904693	14.43713105868909	15.210226333414598	28.27449534519097	16.726799769221618	23.71332402809673	20.76438450337466	23.1332201695227	8.475328961729195	15.378574536965035	26.75791673816349	11.355782510778406	32.008055037575986	26.38038250497031	5.330533493851287	10.745195828741467	9.467784941353104	29.39863004852455	12.642426493043217	24.45975308494891	18.517931006974752	13.850660480701443	16.71105404520349	15.207964250070345	14.0898166563472	19.480370659018792	29.284922987952648	21.382377814877223	19.03977491071789	24.750673309206043	20.132396907329564	8.315238928401431	4.007264042665575	15.483254277889156	14.45363804363353	11.783464624946932	18.569520680019448	22.586593848957957	6.779629437075401	29.003338176256484	7.597681042130139	12.642871142688143	21.66930003039891	30.092218257907234	20.654797315110407	10.493433005022085	12.502582961395634	23.13063936581879	27.504415931065935	6.1997804020838165	18.21170008303323	14.416409046075367	25.089297887698756	31.405633646363974	13.976156847705111	16.24730457018247	26.39808122887941	17.903105176770474	23.46898819079527	25.536562692626923	14.285642737815644	6.190298282538846	14.779038674108847	23.643854009052934	12.167144598175401	16.421520782434623	14.894382479282736	3.4437642386297758	27.769334058506885	29.8059477452482	9.909891787382389	12.091001161308931	27.261255020667246	11.434773639548403	22.95293600010562	27.730361829355463	19.665821601507997	25.576131342244278	22.06036309542043	8.116797695532934	19.951871116321726	15.358526660111476	17.41773992872924	21.660469008281765	19.267761701851786	32.32671805843563	13.251611618024763	16.668353675542207	1.858832752896251	12.069870730816707	6.9319199426235745	17.14370751464805	15.9320330267501	21.66519174796633	31.634192508203444	2.1404614679848213	19.59515238908091	27.471469929527398	26.080702972400324	20.07165910540833	26.767587690808472	4.8453163237601915	21.78622829465781	13.21357162680263	12.587420106504451	6.257515433074668	0.1246929645327579	19.196152501786557	20.437298230887652	18.579422297319553	12.126865843242708	26.88724336797738	25.21468353645653	16.79100378861947	14.627297836188951	23.930259741517766	24.509616989379307	24.145272623772946	22.94410838792511	14.62558513560652	25.01010656171802	21.698110643586602	17.478719246445856	16.852193447775417	21.009237238726843	22.259861308430896	21.266080330581882	25.454632039423437	25.404803822361167	24.06711867261769	5.564020121742568	12.071716007622442	14.440192511446718	22.173432955259294	13.733453603443623	28.762855528232773	15.335711392671652	22.75046361296701	12.388942790270015	23.34149397335788	29.108718543617588	2.466004958883179	12.21780121998157	9.163053205806346	8.922318312539733	20.03402627342336	12.370431192017257	17.84057997698557	27.729807567138906	23.914622347000638	26.104166152286453	29.98900778510464	21.717318646617198	24.532438669473375	22.05146288948028	20.86734907924926	19.12144344133391	23.13730080877597	17.572220047399686	23.804416332682887	8.295083920741112	33.74458116731012	18.21493308120849	29.664439540527585	11.66535996413033	9.990773757429169	29.54094304516123	28.23397421418396	22.464663970142574	13.078907723901287	19.052977140452516	29.842340129959528	29.245497622073124	9.229604839739054	21.82963252513667	14.86373322448865	16.270451660700516	15.792554994826217	13.243384382970703	20.878531018771852	20.54430964898465	14.084169323464126	19.56522153209301	7.918649421803851	12.83557612747519	26.38506160369333	29.45758525059916	14.71449657665105	14.657717204667314	20.384542495615825	20.69753129679693	4.476175294351772	11.547797560973509	14.650487784230263	29.152042105853234	14.158760613342707	24.94414797659108	13.597340841233484	13.547652884872548	27.477767443402513	18.125519150172316	28.833519423606003	28.452078109639622	15.086634646403574	13.166018232411885	25.90586525053967	17.058066615755106	10.767008193307202	15.228371938800887	19.291953532640612	21.79890366151811	13.461250099232341	11.541518873376285	31.699549333345324	16.27722449503047	13.932461023711472	13.608766406882676	13.757813485373623	23.53806033436202	18.63634450649084	15.660047256050321	8.66918898966427	25.006359773618435	22.642204112499652	20.491366018554036	18.89019113164459	20.79547035329613	15.344805944328334	14.203451524641563	18.23424565773601	16.145215246193498	24.671417396831107	6.402631558305423	9.228559797263191	13.529888602014873	33.500757699340305	18.803037106954537	12.599998075399006	15.3365351817011	11.59810259066906	24.863110883858035	18.258421667455572	19.153247146264448	16.66737531392902	19.888061707334888	21.525945029439665	14.63285098134004	18.64875034451376	26.30039936021629	22.232239204416924	19.27500964809779	14.820449538582876	8.003873516459052	30.354942860548114	20.983671727655274	39.184944776018355	12.638096887606276	18.614560031119535	20.95081017600793	32.4471053787313	22.611173800265984	3.4275097589455026	5.373702673893229	15.635142840107584	21.164021886127397	20.39004552638367	14.463726966446849	22.482319873918588
32.618937189712774	23.134409666138126	5.675690276880473	29.31977554384703	21.55640916651078	19.130045705308277	15.569027278274254	24.703392860303552	19.797842046674536	27.435701587651725	13.23633197076859	35.761296921872415	21.07067094629851	18.397064963362837	11.379130850920147	19.856917786001645	10.441379198722686	13.376226464193293	25.940435737411836	15.499773302279356	16.160708932593003	13.920083628674812	17.72002394905347	18.475752151584338	11.950453336482536	23.568394468160683	18.880675193029028	34.64601375938889	18.506074422764605	23.444653660043326	27.67567900926699	10.12761018125685	25.146991473022908	14.63507138879025	15.512814001955416	28.507745151524322	17.048772067607963	24.00231730134508	20.921541778489523	23.18672805131194	8.549970437356336	15.667244833323076	27.341496050033417	11.536866354079201	32.471991529966715	26.80398143847018	5.531497768148916	10.87828411077895	10.004425925365936	29.49340294643619	12.803658005345124	24.76534197496824	18.794872666421085	14.068367508115996	16.87373467952598	15.355100937701925	14.396802303517616	19.627104746890183	29.58591896048285	21.70306216040082	19.601746334954896	24.8675551242924	20.453586648464082	8.583975410883486	4.084620807310998	15.551285774650838	14.609483126305818	11.789305386017485	18.698229992820693	23.054345463139462	6.928615435839243	29.04795211536342	8.03481687844002	12.678210116445447	22.152305472885292	31.08066077470191	20.69893796820555	10.713144806717299	12.890439724293264	23.30115087930826	27.962691850357324	6.267288742351384	18.25253774239802	14.906266127896036	25.447440499463205	31.60597545264254	14.500093813192088	16.72523778373087	26.863735128890625	18.062778113384567	23.79824809954466	25.852393619687305	14.445286917743063	6.442453016800154	15.182130933984798	23.830933727012617	12.365897844235159	16.52652855004351	15.041645128031892	3.663492042583284	27.89593239420732	29.96367716116909	10.381799656210427	12.271391049748667	27.30456907476464	11.783447088670759	23.02566134603919	27.880559336113414	19.958707463753285	25.61209913677126	22.326245017535843	8.322289811902362	20.041328673492945	15.665009027355485	17.5279667150159	21.992948277240004	19.415083905028077	32.66082188607651	13.37187716535316	16.960449514636977	2.293437253769744	12.70444187067286	7.021361437615577	17.204492201476906	16.582574868034623	22.08616692533753	31.690339755482526	2.2202984715312835	19.908649833634094	27.87545458065966	26.430345330281636	20.45294157924	26.963727388080144	5.004052101540197	21.85798596661418	13.316588839331827	12.641693517846264	6.315359223394968	0.3739475196617392	19.519776262807927	20.96562020827903	18.829676112581495	12.197309058872323	26.9386222570949	25.47821352865693	17.005890006320968	14.83930746063304	23.978169830990606	24.731007640965625	24.31679402094986	23.074621773121493	14.745471959721849	25.13726971689707	21.72190332261186	17.531700834512556	16.989081409662226	21.82236510607134	22.335534145186436	21.405732313817172	25.56556830541945	25.490482396769522	24.15404619158874	5.871455572282936	12.257684710083483	14.715678292063899	22.305053244130576	13.883551537702546	29.041485969960686	15.551549008197263	23.09225864682277	12.422168608818238	23.363140065172054	29.2420583838065	2.499085227818724	12.60485867650339	9.519284920711454	9.234199314896678	20.14910752029931	12.491149221665834	18.039852732616087	27.88986184900495	23.923959515677225	26.165893552700002	30.067416130769594	22.098720071838713	24.908665353846985	22.14497549325982	21.196479981566736	19.23682189352437	23.898796653765956	17.68896903324616	23.962345010374726	8.33234296044505	33.99141001113686	18.487333373072083	29.89385627780329	11.686646930475003	10.129107698799155	29.73539155402017	28.42381006014543	22.54816263200378	13.272378059956951	19.08587656015158	29.98751647967505	29.446440546682314	9.293825078083174	21.851002735109482	15.034565681223276	16.52453783660483	15.965929155230445	13.453518296939146	21.152261606917136	20.80366479851075	14.336357740611327	19.663479911382883	8.14463647115443	13.494178773433006	26.49391613712256	29.72211504438544	15.05892313645163	14.867669790381747	20.601546703867246	20.97656732225441	4.553998030676126	11.612650909507382	14.74324715893407	29.204906963246536	14.246621090572187	25.07816894409063	13.68523332963815	13.554674811707947	28.059295970949975	18.395108074014374	28.926479720855507	28.66899882401593	15.408605363716282	13.33993664117409	26.150391308619227	17.313064200429285	10.859304137865267	15.539191185314497	19.397464670274626	21.93847735836318	13.596272379929049	11.677643462711922	31.771645329061585	16.583011733033597	13.98770123114478	13.90785738348764	14.330172773200887	24.170423039026595	18.70649765357191	16.274592868249048	8.758352123548068	25.127487117255598	22.68871890553805	20.732220008160272	19.057107279645553	21.070999829396587	15.555264525305288	14.355656152920881	18.445628414884894	16.545394065570605	25.19683428212866	6.525131056616438	9.52084398176625	13.661077314631473	34.020006167355255	18.850523690569386	12.81344539677945	15.475593057040076	11.83178301670698	25.03864661782382	18.444222135463924	19.34427021805786	16.9048378620742	20.141734594998066	21.747043741004024	15.441181761972752	18.676239671864543	26.901383842970535	22.484163767407097	19.557944246848358	15.82494706474465	8.188361052583412	30.441516085979945	21.162252915625594	39.32152109270789	12.79056428278338	18.708642518288244	20.973805785966654	32.56480559438347	22.965311758515835	3.517974990002455	5.649150347058872	15.781729199059122	21.234324197112503	20.815015939479437	14.589045895445324	22.769063963514004
32.94479345813536	23.273153332381863	5.781504593864723	29.463179641604714	21.859351317733072	19.260392321702657	15.796922344307031	25.04204359423345	19.99929060135438	27.53612909905589	13.380961990641351	35.90699674285808	21.13704482241026	18.686408478537967	11.459174481744762	20.713352989639365	10.8750096081368	13.527139171341327	26.11440259903235	15.872045867221484	16.44831568763457	14.823936254238674	17.94252234851558	18.984516734316315	12.253190290871002	23.730907696945483	19.05966022171571	34.78718647717758	18.757560692868623	23.84799036037189	27.698312278873015	10.236342481833965	25.32579292400578	14.820128544386833	15.95271681375052	28.512234740780972	17.393904659430625	24.164128854224387	21.66761571125524	23.700770547840055	8.653137991513908	15.758752130180536	27.514522911648175	11.896492391529565	32.64475146497366	26.82911676900365	5.889522569050306	11.189988585225121	10.020659386959112	29.71039537430318	13.075096881717954	25.317704348121858	18.89532885022856	14.142770999416737	16.993509216108453	15.637240622243992	14.735520299694954	19.93052434881645	30.118108128833626	22.420839385366786	19.733529976892868	24.95609956129902	20.579770136490236	8.661032687668774	4.330969411235687	15.796179944724795	14.961780543313509	12.110463463759556	18.993473563290404	23.23160562126378	7.105194502937697	29.070358655669605	8.40063639992452	13.134115361198084	22.36459758479556	31.470040667219937	20.942506735345955	10.873406141676275	12.98427924641034	23.465561397153003	28.02728533921561	6.393857184103563	18.634953240928603	15.013214580614875	25.6769924577353	31.7483509026063	14.599812509358175	17.097751624920058	27.014256771230993	18.21218671553191	23.881587351415348	25.871301800553606	14.554544482061996	6.697451533603114	15.290104540610548	24.058519557490186	12.991413815322728	17.97843786473029	15.58640633778832	3.9172145132619884	27.98125021307432	30.17009393676364	10.66455165631494	12.48793314842446	28.106747212411126	12.118156911204828	23.310427485479373	28.079833573521647	19.98006047213124	26.62612889828222	22.861505079229424	8.533630560072018	20.111072958379918	16.15636323856494	17.654051634918254	22.055178559342966	20.09355780118255	32.78433834715184	13.505342125220825	17.052258805255452	2.398418178825243	12.89333624879364	7.033390273917013	17.470572971691492	16.601634013551944	22.784024084806287	31.860753699815575	2.5592980499322207	19.9585551379169	28.032682817981065	26.554981166328613	20.590303900455154	27.346618464394957	5.128609210163628	21.93586229383313	13.37088206657256	12.793330297303083	6.665552877438814	0.6243484265887032	19.629101496614197	21.032577393448104	18.993270798711265	12.728868586900067	27.05990016203236	25.620972447109025	17.417401632787286	15.263053015293748	24.10878874422996	24.79776847214467	24.427688672316133	23.22020454211645	15.195248245583116	25.2150004277156	21.881652622551364	17.627676754083804	17.184788250098308	22.03025017350549	22.885591365922128	22.194134983564837	25.930444142634922	25.746326616592658	24.348698610461476	6.2589431798147075	12.429608900836303	14.842422247794106	22.575035079278162	14.26243838514182	29.153386835766288	15.958124376058143	23.651949696920415	12.916084202882429	24.017934449148164	29.76981579240893	2.697045035347291	12.759044722056746	9.571394423285845	9.349219486839457	20.625675643558875	12.58237800322322	18.227796080958182	28.723276363015984	24.150356672894432	26.24431080442377	30.20156926452622	22.50666770269128	25.02490425162246	22.233745997536335	21.500175598364233	19.329837784075913	24.04623934305163	17.8138913004666	24.088282747994757	8.649470408691435	34.14890188272797	19.148589645509954	30.086389417054026	11.884575172237522	10.245593859066352	29.9934509775827	29.025495745563813	22.944095201255532	13.519600685406537	19.442423490640348	30.024752482557844	29.91584532405336	9.306048327281088	22.090893217172116	15.294128361450259	17.155835778969525	16.153590003225336	13.604900898022327	21.78429997502312	20.86462793365705	14.863197905762405	19.91735345313026	8.681741589253548	13.537686813817366	26.565889239691714	29.85477658348106	15.522836158225847	14.982985911669045	20.724581125768346	21.036618000167774	4.767278805941828	11.83749397541344	15.078679277677411	29.48500840837463	14.279580017377587	25.195915288976355	13.949018644664026	14.453386075499843	28.396928487250413	18.454116012272067	29.269200835793505	28.808522012522644	15.633459926192666	13.615623614692906	26.262696770475223	17.7153980252327	11.056539427725525	15.699691835165412	19.98118062743932	22.167932061486802	13.730798959301659	11.731447623717237	31.994328679731527	16.82708778796059	14.539599604264236	13.958926865868623	14.375502155897216	24.432855051215174	18.787431163284356	16.49848441828313	8.901218265303953	25.457199626689672	23.069176992689272	21.04096067150083	19.2733248371405	21.14700187473634	15.603763662256863	14.943526651984111	18.97805491084629	16.594950397309063	25.781351083888037	6.6702847066373	9.604325228840413	14.00390929346019	34.20057463524428	18.958888255387045	13.19002518507531	15.591935516025629	11.97571432571652	25.364579936519533	18.468390924561326	19.5879174795803	17.44676726570336	20.29071003877471	21.923948616013167	15.548525250496727	18.83206092047464	27.23382023500355	22.716011591717617	19.643401138581126	15.847146851519705	8.307851028245329	30.58945763837408	21.73718138028064	39.61918781219179	13.04581312733863	19.028406701453456	21.20598260225636	33.364565477627586	23.18464413455078	3.795738706747963	5.691256007806724	15.964865374677903	21.401407434735948	21.085166964827177	14.765987960870387	22.917058791561566
33.03902122061748	23.359351561586255	6.064784567046302	29.49185692512867	22.068800011542226	19.40362164342236	16.533132697969727	25.3590224080333	20.10005212339236	27.882723064773476	13.624611031720343	36.04795745335371	21.77494604957302	18.762326057260854	11.508396990860852	20.745902183278073	11.17480018044476	13.914055743668763	26.25933055577741	15.947343796574891	16.511274534080183	14.918559719753713	17.99378887468612	19.355476894647328	12.366997911018943	23.81561252454262	19.249440484823918	35.22379925336152	18.867017739798253	24.147760718734588	28.00469458046487	10.301918139281671	25.48663496719391	15.206774909058508	16.28120946251175	28.633522373652355	17.43131401903823	24.24272187336866	21.763217288477602	23.912068744305905	8.809869452311037	15.845591819087227	27.739863974785248	12.065294604356517	32.763188387854356	26.945630291786628	6.041508735832165	11.321948342011506	10.175839698854128	29.912175147776555	13.13755881778032	25.41180006152019	19.169807932058923	14.814995971885125	17.070755079135946	15.951552076668653	15.022196678227191	20.265450518506142	30.239273209997002	22.479426411180487	20.283756917186643	25.164562089259856	20.809337359969525	8.88231810220669	4.793494395539101	15.828207696834738	15.074573868724578	12.233278797865074	19.14283627826281	23.26810836077919	7.306522546986067	29.111174134154716	8.495057680649232	13.361522455685389	22.57923560936439	31.624500051337147	21.242741046449495	11.237703286972401	13.017020064918743	23.56850006186596	28.13060981616901	6.482008885947968	18.93209963530261	15.149650062494926	25.806957601773394	31.849971499825823	14.694560197131702	17.222704101207682	27.254198417985933	18.345592080637402	24.0223377053909	26.172029730358798	14.951324657366307	6.85189223070907	15.529870011940455	24.205395163362155	13.11579329000068	18.44910332249335	15.82200561646458	4.372920027785176	28.295185064038282	30.432218265676024	10.755567102251543	12.863583474069921	28.5736824250839	12.350685843903076	23.705954119462756	28.80544977637988	20.04724071385014	26.678308109105473	23.242301122586117	8.567604496507236	20.370452532400524	16.253292794661753	18.197144886318494	22.582581746934352	20.289654433991213	33.39969946036662	13.701787693803313	17.478375007958817	2.6403871021025638	12.999792902800761	7.230030283458526	18.375805296242646	16.675611391292367	22.96566979797834	32.30687409885657	2.7184580174452067	20.01761058436307	28.373487933040316	26.682174048976137	20.905679768716585	27.681356383473	5.36217186844497	22.94372925336783	14.06425892770539	13.002043457567273	6.81166246504832	0.8919542434921518	19.840880542623413	21.14592668967836	19.083726914829093	12.883663804292107	27.314837902158388	25.65962358493095	17.60711674619391	15.444113701451116	24.236843465934115	25.237104698136488	24.595345573765	23.753599594351137	15.379683329104022	25.811466115352605	21.941345580719485	17.652761836906596	17.361360724127028	22.192451478055048	23.24357204004916	22.238430409176626	26.328051462577314	25.793637378574953	24.687587808394184	6.306349659683824	12.895831413253141	14.972641004159902	22.752403645693793	14.734307861676848	29.38385714099794	16.09832624838658	23.72217342643296	13.276543664451989	24.466803261375084	29.998118848737548	2.890712576234554	13.032664520904406	10.327026990345429	9.980487515754408	20.931282978279125	12.754988671044881	18.3919742907275	28.772647081661344	24.44825356700912	26.36174246662631	30.284147208719748	22.669670977511142	25.059230554369915	22.77578120271789	21.758570992014022	19.48807422079868	24.234309179670813	18.29063594006627	24.60276916158507	8.78507206318298	34.3541850567179	19.265122221073515	30.344844190158103	11.993611847385706	10.362032750790787	30.32729795844241	29.103937447829697	22.95991293788193	13.92375651007246	20.30029647522611	30.17603435935012	29.977274049512427	9.70928305188166	22.346980823704452	15.724139020648774	17.64559894801508	16.254827040121313	13.656248509106009	22.11880256992757	21.198826290146204	15.061034443175522	20.212773908221614	8.801599531756942	13.883828259956557	26.730089944582353	30.340409163970527	16.059569976672826	15.10722610614601	21.21984650444398	21.3412467230684	5.099192477627967	12.078601718904016	15.150119355402355	29.817219564386324	14.76963061493479	25.637335526733217	14.241694420151777	14.589138244960617	28.577187931289767	18.725989667575064	29.39410743020628	29.187271939455822	15.98140414839775	13.720813419653208	26.355892608155703	17.82106601452311	11.082733871776243	15.939588675171553	20.236172942443044	22.650507618240052	13.801519203476996	11.89612659966531	32.079264699989196	16.958306965270484	14.73371712325486	14.126932400727537	14.687385046576885	24.98759203451977	19.153291280930606	16.70901017123512	9.195418057205309	26.012041940146894	23.234752371302157	21.124194115867887	19.331314975665073	21.326857117810864	15.742074932605174	15.070040863749599	19.80155328066463	16.670803141771117	25.860327560714005	6.834711905145157	9.932597894957661	14.282913962046983	34.60374777690441	19.14937971734412	13.610212914634747	15.998838970381257	12.089230773712982	26.037069988542825	18.63893941044318	19.820223419929274	17.475954062094253	20.467866207504134	22.06231062596896	15.95387228439075	18.93501177579147	27.540888824272475	22.74570877389729	19.9850794861545	16.047075503031007	8.319133876612327	30.699059457705097	22.01174093971017	39.69245323955764	13.11435649431511	19.334093141417398	21.52531309428201	33.521368951761275	23.257571959079517	3.887943236630891	5.785454080148037	16.187506999939213	21.522444978274624	21.23741913123624	14.864448567579089	23.45020150699242
33.262660331040486	23.599881453094838	6.306482038112568	29.77860491346168	22.213775271339536	19.52083587809462	17.25959688299809	25.420237399564865	20.2589363777327	28.265361461470903	13.938366359588521	36.30533395670931	22.115737561418563	18.897848121637345	11.79204795512689	20.879196201378214	11.227394278392604	14.156233279916208	26.434266572061826	16.144554320902117	16.656596676638216	14.99978024958739	18.08687834697493	19.64472643601067	12.562723367005692	23.9381902029233	19.30764234631912	35.28840248709292	19.263646416239173	24.432053187501673	28.019292957555283	10.3940973503348	25.61999217968507	15.436070874476751	16.436837411808668	28.706416656252046	17.866009597911827	24.654005133906235	22.473709127408465	23.98652814300018	9.157338159711632	16.05629521884244	28.039530113556722	12.596236624187052	33.125733672915295	27.084533062482983	6.2439134156068725	12.334482665350677	10.640905567276715	30.139870956767194	13.588425752776658	25.658947213465602	19.230925492727863	14.92940234430872	17.342309658101684	16.350903149012964	15.143752818508714	20.64643926406521	30.370547988888678	22.660322322572597	20.858395657876883	25.267131732037047	21.053835344703092	9.118330853826405	5.026968938896921	16.06798168462658	15.427299690173557	12.456910732106206	19.238853774030275	23.53014033262608	7.408692098678096	30.19612638219391	8.639062193731778	13.507287479509083	22.956349883396655	31.79410967186009	21.342898122246872	11.36058062100437	13.293283975506629	24.140995354752967	28.570818283459616	6.498009501847683	19.16559157569651	15.22587670964108	25.95963658097512	32.05795414295971	15.046719626807588	17.284190591517508	27.584874341053712	18.476072428521764	24.78193551392682	26.725371235430867	15.308646900771977	6.981113767973183	16.1308736734825	24.534136537646944	13.243549449622687	18.776842887266863	16.107123045452898	4.476215015514713	28.378073444292735	30.719046687021844	11.329754718509207	13.31196094241987	28.684792846707932	12.531256972131505	24.05417547578585	29.067042595668713	20.44346969538576	26.807860860359217	23.682449669119404	8.929904360892229	20.50142161683579	16.46593085442786	18.444151073670607	22.76923721997318	20.680414625931697	33.71958030197379	14.114184246203685	17.523305880559327	2.9511289648120846	13.146249603268197	7.353198955176223	18.62798217348368	17.048061095603238	23.118284305008114	32.56697053624631	3.1891411949212634	20.246026282936903	28.589712226538524	26.898451456167408	21.016907069672023	27.82004932633671	5.415828966299565	23.268917807904778	14.152567280505117	13.15371224883788	7.013130993408441	1.2364320337363934	19.984226427411787	21.31982016254563	19.282031766883538	13.001765238760044	27.556468997441403	26.228048440441228	17.95677945813773	15.583396853957767	24.44871625162675	25.412208242937574	24.771591483288873	23.77454101369625	15.501467042993125	26.470428403081105	22.08596002844102	18.214527685717744	17.61201795120508	22.59003945462271	23.403696549196198	22.373371143045166	26.93912240488128	26.383172220547497	24.754198175873306	6.4578775414389575	13.356412437241806	15.14105919248024	22.926554970665403	14.761128088807826	29.398797587074398	16.220179466784312	24.01634109568402	13.781234402593688	25.08497512971852	30.18687656718744	3.110809912070022	13.25812973963402	10.572996908030994	10.719040254507258	21.07129224517258	12.921896169976316	18.425286005108838	28.902301194659415	24.871328071277365	26.942622021717195	30.624147125019558	23.22062617841412	25.51560004970372	23.205476848111683	21.77662397290902	19.84364988605946	24.49716736803598	18.381732176072084	24.68003997978235	8.923242448876517	34.70221112533957	19.4825823199646	30.474583418446905	12.095999024012876	10.534689796015057	30.46106454670645	29.307237980388965	23.316324741041797	13.947479959270662	20.730720824938597	30.539190890711527	30.20641495045511	9.965084586149178	22.696972405070305	15.90404714570027	17.902127311103584	17.017640586324337	13.684034053404485	22.666107347582106	21.826430506122165	15.244921642583986	20.439670849673583	9.0031772110489	14.00825767362569	27.006948951681057	30.53033736288395	16.716839785880847	15.539451124555029	21.245005237502102	21.34746577774321	5.516957828305309	12.08679195106901	15.401995468247446	30.068346417424035	15.195747188416656	25.897906459076438	14.268349424341915	15.18221242644594	28.73441108293459	18.928539282655137	29.85762971844416	29.40481734114236	15.998509223671949	13.835295435648474	26.845176321446335	18.107170007673	11.396548343356002	16.818607677860605	20.484495542380923	23.048159586180436	14.06212078453998	12.047726609436834	32.19795891962998	17.13819146246552	15.290524527810712	14.177996720532294	15.10600121596967	25.01728620745042	19.250746110544668	17.293516463472955	9.391204229496145	26.454210214053802	23.444005122933206	21.17858900331881	19.6019135671186	21.421031184587005	15.931524353819341	15.304563195506963	19.872105804895515	17.041429859655143	26.539642938590145	7.074074010931003	9.974590835508922	14.360774461192452	34.69916436948629	19.290210870986595	14.062338275647598	16.10510520196402	12.246105886290808	26.884941334279585	18.829424421025134	19.851670099882494	17.84304310913455	20.534885336510886	24.17811833263007	16.1396546813594	18.98587949768356	27.941145029487384	22.76504876098852	20.083637744557368	16.29327527835683	8.8104377553789	30.805536224368307	22.20662641485157	39.93923445197938	13.502451925595675	19.351308382924053	21.671302482195763	33.70813204116998	23.54343975781948	4.1326848422255775	6.217519128093352	16.339307369501746	21.751065558538677	21.36869065692835	15.187767978112998	23.628549380517505
33.42650586027823	23.650163095093685	6.662920896552586	30.03243996111835	23.161480019670364	19.608567958951383	17.544751215618128	25.683014524727124	20.32552247733541	28.78219871260504	13.963962875896199	36.8791760375726	23.285221221352472	18.95038795718095	12.256968743835683	20.894116812505874	11.533433297682384	14.279828782425744	26.542462896867978	16.296423932827416	17.164486125272187	15.320992873660165	18.13948934451511	20.019256540290527	12.713354960776877	24.151239058728986	19.54872839011189	35.36803721686146	19.380233613724368	24.681351168972057	28.12200848364037	10.608780554173709	26.554490524797206	15.768161879023593	16.76356159008273	28.769316415962848	18.261623231115493	24.787889532795568	22.554258044292304	24.19565436493636	9.375322972429048	16.09964071530722	28.11647216135078	12.716389950297357	33.14811805891781	27.418313956287868	6.4997766322763235	12.353943517013256	11.113813265671958	30.287688824904656	13.821723134516857	26.450793588078827	19.456552630466874	15.336961959232884	17.474320652470162	16.541805017371797	15.228708054238203	20.86896819040281	30.503357188619407	22.891145717930776	20.950682536061407	25.3952342774393	21.211263635523178	9.301700548285503	5.070096490821608	16.166324613582173	15.517373748536807	12.705346260043722	19.29320948458459	23.930384388014858	7.540826356399109	30.8006222444331	8.884013160064692	13.699745198180093	23.213090243018158	31.97371922761026	22.0417047188507	11.449885809643414	14.138049618168598	24.83934926707267	28.654573634857744	6.623819842701321	19.37659054525173	15.77879946727174	26.233587701925977	32.87857458111573	15.334378092595356	17.757770237538207	27.6560407013025	19.04683415581495	24.831198186873543	26.938244306726546	15.709254972406697	7.168807855117139	16.208247284109373	24.878668432067265	13.553415012110255	19.229157254676426	16.565942247883985	4.541003889282268	28.48230050320624	30.92636555711097	11.610479866392133	13.70587233191242	28.794017511405794	12.889308313751195	24.333987529368972	29.101925101125296	20.53803532242761	27.25102704335601	23.752249501325245	9.004959714204356	20.622707576736044	16.587839533104937	19.20970002091232	22.91047648220978	21.10562944834257	33.87506863109822	14.366033757239066	17.997109311707934	3.0565965828441986	13.252261090747284	7.521851412382533	18.953678649045766	17.497070259954675	23.2535878323549	32.87849975613514	3.3506235549785064	20.32521468289584	28.716113058154008	27.37760397138301	21.03193357121843	27.863522589896	5.491768265105614	23.753737305035028	14.656507830401939	13.274428698536182	7.245813752610879	1.3335734947460958	20.26900783858163	21.46057149188545	20.1845565914089	13.110118508111052	27.788867405763853	26.853305744003077	18.118358509991534	15.68020070916547	24.59684205173325	25.50335140075575	24.82027641368441	23.80950691756402	15.620060228464112	26.661386084598572	22.231606068217385	18.36188205919488	17.7427255527284	22.720303723568463	23.485490825182367	22.721264780901073	27.170466113611205	26.400030990494272	24.84121817254673	6.740792345255218	13.487552175822255	15.502779698968302	22.99217444583953	15.040678453630111	29.743594598688027	16.554475147607747	24.36787979660271	13.85475951432191	25.431261069864213	30.669797390906787	3.221779338669729	13.722108503680133	10.76293341346312	10.839996005597708	21.500030963686708	13.218190446219024	18.43501694691883	29.621120750497607	24.958019702655836	27.20590925826645	30.785391835520578	23.515314356997266	26.054856156490306	23.464627382764636	21.945369943879953	19.931288563815688	24.961686305359915	18.649979006052423	25.71073941798579	9.081682436950992	34.80828210345806	19.657475265447818	30.652917053033537	12.213387202586478	10.632834921091103	30.605303825786276	29.35702329962556	23.416556124354646	14.382508885170175	20.89919231139008	30.728550517550712	30.271895058451694	10.030480590108183	23.05109352732707	16.428960134437332	18.079560033558582	17.469458463792893	13.820520634925883	22.950627400594378	21.963917804777324	15.415331515035076	20.546108208169365	9.194133764298218	14.321789960890696	27.101994121607557	30.712335435675648	16.7573392291239	15.601804124938328	21.417899799084093	21.827598409866802	5.6513865801091105	12.399174222801348	15.997392708470219	30.295009887053507	15.264711167871683	25.925862004236517	14.404415186662195	15.36941914607525	28.788044760802745	19.15267617226408	29.912690628325713	29.51618468309491	16.197963217677195	13.87720370464215	26.921411430569794	18.273147702867483	11.874573249982456	17.127708508930386	20.802732579271304	23.157294803591938	14.316074977141962	12.21800525957778	32.85021839085822	17.164636908568667	15.493167373414444	14.351550713054872	15.276570602305334	25.117093040582276	19.547322345938696	17.43525807888153	9.520134459278035	26.55062932286721	23.479932716160043	21.513296555983295	19.911639882030304	21.834589091791013	16.239556409082624	15.93310796077582	19.9405981133345	17.266535949661222	26.82178873715442	7.325030666321857	10.669340128191845	14.448709716576426	34.783618994216354	19.440343840432448	14.125901759841689	16.267558962318464	12.492128165421747	27.46911629102542	19.35162140606176	19.923547826408182	17.936929961918565	20.574452192014526	24.907183869018443	16.192110693147054	19.184599284070504	28.107385921272325	23.119304274596455	20.196120805844867	16.651046088558417	8.890366142343463	30.946967442603913	22.530571444654544	39.97606385913428	13.590432138647682	19.624332197794594	21.86663724688235	34.01453444511905	23.661252691171857	4.237185430271319	6.36874392489954	16.569449239810226	22.589724615841003	21.419857437763017	15.459621724411482	24.010109957099065
33.600134542806785	23.96656709279852	6.849393248756314	30.065763597314632	23.41120015783209	19.77942586334331	18.391295913597087	25.838031904206424	20.5760786716531	29.20257327678488	14.209697886016045	37.289201877750436	23.80530304924408	19.545467888502035	12.358989767996448	21.042012231110938	11.587236370006972	15.068472586085408	26.59606641015956	16.47791615480077	17.280339397814718	15.852362223081427	18.283138392113433	20.051797978280366	12.952213322105301	24.584005485759675	19.68742162024223	35.54604361025578	19.62231942703777	24.851623266941598	28.500545722814582	10.953318479815398	26.646799926896318	15.853569195294414	16.886160540208085	29.29395246513376	19.706110036857645	24.796464521073812	22.90050736691688	24.47626436217684	9.436116527615157	16.42266506481891	28.44864119165067	13.019453621240114	33.44078147336652	27.55550773389844	6.643571021550122	12.942517587262111	11.23702242657916	30.536810424560038	14.172935249658897	26.645249510939838	19.58462900419252	15.54686907958335	17.712881883718914	16.749191070203523	15.274112036521187	21.25850042127675	30.996425469965075	23.149744499990195	21.527606919524068	25.522272106626264	21.55374992905485	9.569429216561065	5.521242483038389	16.44381986656829	15.593443785284306	12.76837855865611	19.63989129373032	24.003574485186093	7.870314579631405	30.889055231626525	9.296993380762936	13.856176975874055	23.43465072295604	32.13752950821305	22.09065231775466	11.630778943090208	14.317456075953666	24.993367546070022	28.671756621030593	6.634718615055262	19.634647844063664	15.9185896685232	26.294580198906708	32.98884166339954	15.596056828710143	17.93790119104042	28.105761726202562	19.2054986773162	25.05249573708414	27.267029742484766	15.93962575192785	7.485178950221047	16.65164035741111	24.973616398119546	14.081131363846755	19.539314719375884	16.757561568804025	4.747128702422532	28.70112974181229	31.01646836328275	11.91336787891275	13.981175308855454	29.14361670292823	12.938145941871724	24.8309157544804	29.1744495378453	20.80448498529706	27.399971125865243	23.979689244158024	9.286023870610347	20.876321247610562	17.173959220032877	19.595135423200354	23.01675267051272	21.215736345378023	33.97153143579095	14.790627938044514	18.522128256852163	3.1643054817577285	13.826131027461853	7.853571846268768	19.37957549715867	17.63558573686422	23.284116462853056	33.220825813782554	4.321862149683751	20.775521458874703	29.185456943620697	28.043405886512872	21.184224325465255	28.069588569560363	5.628789838359352	24.203233629130096	14.778849887118307	13.42642893417678	7.326087428641146	1.6881254749301104	20.48365245221931	21.646120136771493	20.192347070040658	13.586465661631221	27.99386413910647	26.977177179044308	18.407416048841096	15.769838108235092	24.75962872921957	26.269163669477607	24.853389676782815	23.93269829419058	15.67575458015614	27.761901209519262	22.573647828102438	18.51781345240136	18.098327899967593	23.05710575445063	23.64161221049837	23.315479663484094	27.39805210655892	26.89162346882719	24.909838622454213	6.941224035741325	13.635268304849035	15.530369297752102	23.50931582571325	15.18297422896513	29.847809220535584	16.69812867622418	24.612496398466334	14.293271570399057	25.477674222178415	30.94853053975042	3.434145876997124	14.204419601107617	11.201367625767217	10.945121534626226	21.637697792999234	13.331058294024132	18.7944137409402	30.078914836544392	25.45152884669227	27.39217287076845	30.97919255768885	23.88876926115001	26.825062948792507	24.45723406031232	22.146006981451226	20.165962380691447	25.055658609284546	18.851723162686373	26.025900910775654	9.134104481132773	35.17013492816396	19.802976095643558	30.953358223969733	12.260154114946083	10.972130066399947	30.95978482212082	29.957939162697954	23.43868974283068	14.844634984239786	20.97612240128143	30.88654528048471	30.410750375794116	10.327550760395892	23.06233884703018	16.605698532359124	18.13159625946481	17.56705464610107	13.904987782152038	23.35195530891482	22.568443711872774	15.696851839033776	20.736713863883214	9.412176558485882	14.513736680103001	27.235272839588884	31.41589730251539	17.04541507944628	15.804277588461813	22.335187494545597	22.238040678716118	6.317386178561781	12.847418704721994	16.25567786409188	30.39917412151405	15.615033599568187	26.159839132083086	14.811786442310751	15.407354325885645	28.87563653774216	19.331773444608377	30.14547275441121	29.67605517253899	16.57027434470664	14.11831257958729	27.378583592403587	18.522526978221794	11.900945596433298	17.49990305865248	20.978278909762018	23.698146139042017	14.44636503864101	12.506661208827877	32.933274499118724	17.62195450394093	16.011056196086262	14.584439448490125	15.839267833458155	25.57561632571706	19.89201128698384	17.952500579868087	9.742661614800596	26.688267849626637	23.843823444942505	21.56229483785913	20.050473730909214	21.952073044676514	16.572270123777646	16.065241833729537	20.16468883314841	17.57128016716925	26.925323664342727	7.513243855569781	10.770894610836176	14.615309083676648	34.88019917763314	19.85244222567464	14.316787286976307	16.375279461408496	12.535176125965863	27.56802781314547	19.86528320179242	20.131001396300572	18.335921805756644	20.883934734889504	25.150886432440544	16.324418212067304	19.767399285238735	28.179816018030458	23.5897999350783	20.34524775559974	16.759397182257434	9.026561136723865	31.0168820628444	22.792871475175453	40.19164418461335	14.012997442670061	19.721729314960065	22.197450215141103	34.05174077945606	23.760790936532867	4.370922053876412	6.593662774669054	17.381148708911724	22.667846608196825	21.790582532307706	15.531301576014155	24.098407304875725
33.6967953208074	24.153519604048203	7.2574977968591154	30.329618246085648	23.659386784679384	19.978374218252362	18.977693193184507	26.213539437717078	20.96892400108313	29.794134730063877	14.652261118999204	37.402284831536086	23.8423962062507	19.697026933161194	12.426387347884436	21.43417243448591	12.315493428936884	15.263031214423721	26.98886019975654	16.945183854114163	17.67866922952529	15.941802378036448	18.42144972248338	20.43872243623498	13.138423062101827	24.735837185847675	19.78837260877366	35.9988843150945	19.80658230391175	24.96179716235197	28.85752426210666	11.014810712411926	26.8477053713135	16.729210289939775	17.258366048935233	29.507516895732063	20.09747300781085	25.368087774653088	23.11459880540562	24.59364163416856	9.490015772725283	16.817338028304828	28.643092367968837	13.152928924358962	33.5050045210287	27.7530934701383	6.7122496792194974	13.238556861436342	11.68050923042655	30.783589658146074	14.233544175613522	27.035665829270002	19.891134308023517	15.959551347342504	17.824154417936377	17.452087856948314	15.754163612158965	21.357522359308234	31.67991549311294	23.787674165889225	21.90192915550924	25.853880059530148	22.030403640075296	9.583932461937325	5.884150424478082	17.012288377297356	15.79299856295362	12.867685472642233	19.917622815738355	25.3285636162046	8.136958034687822	31.118182968766654	9.455420286278084	13.943738493269791	23.933937723083353	32.380315306403595	22.250139575618576	12.07221037239567	14.667052619272905	25.222899922008768	29.190770878173183	7.061453184747134	19.998891037544595	16.22666038518657	26.81741005016856	33.28921704724707	15.928961639698212	18.370264852276005	28.389377890685488	19.37776533003915	25.157640248403304	27.546279527105877	16.029075430499667	7.54434917664916	16.786610206383845	25.72396621831435	14.454292775339306	20.112750740790233	16.958222784320355	4.939088667531331	28.77098085583424	31.10057114998732	12.097594603910904	14.058897767471652	29.240298351329752	13.189884128765764	25.17565442953101	29.288284340819207	20.853845611783196	27.49211164956592	24.2383972938631	9.487795354138456	21.03910742576429	17.24535959564087	19.99138605202334	23.744589988689416	21.42217984788681	34.04181083117439	14.955929678092652	18.58580048164215	3.397280578398796	13.942809235286798	8.278042735312741	19.480655759953265	17.904826851208167	23.89901334721036	33.31009702108226	4.415739302332866	21.13506198926283	29.50273923850832	28.146265902478422	21.36854145041994	28.41313228792767	5.846969981541265	24.248970413267102	15.00870674112718	13.782976590272222	7.621173879480854	2.22569576918125	20.515941609572376	21.704343221246184	20.322631738844166	14.218374498408618	28.101240628603723	27.340806805142496	18.60758725730793	16.151930634933223	24.89593250456475	27.144012732547562	25.276440339831083	24.471871238622143	15.76627237101069	28.100972552087452	22.778725755925652	19.14139926775593	18.26683278696528	23.199773067941543	23.83531093281609	23.933982929074784	27.704117393112035	27.584778365926056	25.621477626598132	7.526470839108521	13.710563404788731	15.71392936118362	23.686149105943265	15.471732661228083	29.979450249664538	17.071350774363026	24.777690840808603	14.598837303860618	26.203096113506657	31.099683173619752	3.8403240678963435	14.338495362339762	11.43368422539231	11.053812570579069	21.79395086734613	13.519529566218697	18.885643509573356	30.520179258399267	25.566622575053092	27.553611253017323	31.110487712880992	23.990021761298564	26.932419770702815	24.63675239210423	23.361817172950833	20.3219498325904	25.661452885628176	19.486978069081207	26.23803244677157	9.293148260536773	35.48452002533156	20.110176809667646	31.226065418615743	12.36722463520403	11.2079174772171	31.378356098377388	30.399311217331967	23.447654052435052	14.861463322331195	21.251576899323826	31.162397534657167	30.47417677323803	10.70437813368696	23.55656596120768	16.90564141409881	18.39310496844959	17.76467954787494	14.025442787789515	23.796629566182077	22.766229576736375	15.813359962339474	21.220025150207423	9.51375524879509	14.679708214431368	27.37270472239467	31.88478094779169	17.18725517903061	15.90298713428128	22.482639149640967	22.287628144828748	6.757333137281466	13.195190718289796	16.38575214203638	30.70392684424109	15.886270745269213	26.433812391698513	15.187573370252313	15.652998702775642	29.710320244343592	19.454838027168996	30.49651759521907	30.20323610710405	16.656733960813515	14.50909204087158	27.819062240218038	18.844717266882256	12.133751855936406	17.965971537207096	21.052434739468545	23.73955347204322	14.815121861003405	12.85416875758921	33.2511054320133	18.18707587490331	16.121737023834662	15.071807304746178	16.26591692436443	26.217116263276434	20.19506317993111	18.035359974648593	9.89551715729808	27.18766566894525	24.292877810718032	21.81739097309253	20.19643069515001	22.178857328497102	17.08794597996585	16.103951883618535	20.48126866206432	18.671983348739992	27.45919744998543	7.568704867015174	11.079031401614028	15.161562404296506	35.21504159173415	20.19012699230282	14.658032570837356	16.52598873357678	12.798261803885023	27.863842242102535	19.906375122772474	20.27474193425669	18.36896025905808	21.3738484486887	25.31793597806013	17.9549771935549	20.07447508698224	28.338927339474502	23.600832123346816	20.668420639738706	17.50063185835803	9.081819569867822	31.32535386404794	23.129348473462223	40.406597288074096	14.255623859777247	20.352115178952257	22.43060739238488	34.07574537056927	23.871194168922695	4.617893656867011	6.925300237404236	17.653695601529446	22.987407496469014	22.082846178075194	15.702526999710198	24.59846465615204
33.912934875373885	24.276092641658504	7.596493334363569	31.053793156941275	24.117794935083406	20.265053673233176	19.041963020090392	26.459487903462957	21.26533172983468	30.04102696865723	14.98111059980377	37.50739943528999	23.935283900839877	20.285523791124813	12.620484936825994	22.079156874308445	12.538233225376054	15.34877508014269	27.686926436106894	17.041118209443276	17.720265225282112	16.07698119347224	19.19999912722376	21.063499981875793	13.244004704901347	24.87019135347943	19.88080856172697	36.423324628232656	20.433328396343683	25.335147661348316	29.014789754800166	11.047638439295913	27.08048023734658	16.910146058063603	17.649802918749153	29.857688841635326	20.406461693761877	25.40062030079503	23.47717671289024	25.030404975547746	9.794698055714235	16.935081976509053	29.291360315202937	14.099884745883436	33.883145960191506	27.771663972425163	6.89056856932983	13.589731629250204	11.970399391925818	30.971248725238482	14.680210205500513	27.28834044754267	20.018990279924008	16.08374976681921	18.603215736625614	17.523009352298953	15.910505511862212	21.80566545337787	31.821927631414187	24.02657821814886	22.086125269175866	26.26958336480405	22.33678032746091	9.712546671373904	6.104820015280185	17.21105077018694	16.332539153579358	13.069743974280145	20.3183255219808	25.93605112663319	8.578137055699148	31.183887246470913	10.31259542397671	14.452767233993727	23.985732109220955	32.43132468522962	23.115948509663003	12.215173372239947	14.786655765829437	25.668358343129984	29.555755241160295	7.292022585984026	20.14478220996647	16.497569498962903	27.034648966666296	33.50853622248885	16.254492331375936	18.41780732186909	28.641659997409146	20.000364267591806	25.390099997477762	27.745112242323593	16.377635281527823	7.62496101834608	16.914038257363178	25.987696015878477	14.511775620127136	20.310518882045752	17.274767604282406	5.25438692990419	29.14017771798041	31.269668124196283	12.45187281136909	14.314776671017214	29.51590772726511	13.518829752929266	25.533800568911786	29.40132425329907	21.29948053053212	27.829782705634923	24.51096905231123	9.77355952700708	21.169638416324158	17.319815168474335	20.06519707863324	23.9291234772856	21.476372801109953	34.18886039945122	15.151492439826207	18.985360843518922	3.6744128098063715	14.009390101168947	8.3836122361688	20.49235081218124	18.09231819384749	24.16726788844038	33.56019714299861	4.737015342659008	21.198597826115723	29.686370234585233	28.18200235306516	21.654960779125695	29.06608707429104	6.030373568489813	24.397144237378484	15.20150806549187	14.491101415441639	7.801955415947797	2.6128927848385364	21.025885267017927	22.23033179991973	21.08805387908114	14.408164246191893	28.645897620996976	27.50697567912721	18.75641817772621	16.84576589556009	25.04627385611398	27.434055444544466	25.392754593270045	25.058295395550317	16.225482173684842	28.116215509612463	23.547643010350882	19.411164652648083	18.56898457082642	23.274105854361167	24.571880579623254	24.021529812467204	27.845752399831206	27.85922442143808	25.90761866527222	7.579376335068423	13.939598382605817	15.902519621137474	23.910169296466115	15.959143058603622	30.093052271806346	17.31783563405129	24.926040940239417	14.746348768222536	27.102401968887293	31.285192997171784	3.996473514149293	14.404917944000653	11.592947366047463	11.317761375503542	22.225433985283264	13.750004866993363	19.16514364266921	30.800758442628958	25.69572532459433	27.623530429246895	31.842791760273062	24.262256562556075	27.257903890412045	24.655935285652056	23.528826714271368	20.56641463211212	25.87351004955965	19.63835366099667	26.629788174820472	9.960148037071885	35.55522833411746	20.498055535328117	31.41827379404601	12.60883004609994	11.413480294614189	31.75796598498818	30.50750744367018	23.80921512765095	14.986382819813027	21.651442299898513	31.215629261897927	31.24200472578579	11.198451069013565	23.93136007237752	17.24259127615695	19.057439772375716	17.812755681363623	14.111808720671025	23.965677284229123	22.794994458659463	16.49514729771252	21.798966514436998	9.558898461678945	14.784797886413537	27.61889934984873	31.919862690779762	17.336418732938366	16.26663335272988	22.610506897173778	22.617090130134827	6.982080553301778	13.362820654657765	16.44754971896796	31.260632601467112	15.914791192327527	26.90288122788503	15.67963450045019	15.779825107581818	29.813832802812346	19.635265906114412	30.62857472092217	30.341733593563507	16.9324283300009	14.897936182910138	27.89631226625954	19.175253023205503	12.640564764771298	18.17367516303682	22.050546396186732	23.79765245543347	15.608405977908816	13.233745334676293	33.40240455369405	18.378952813907603	16.195168869820566	15.572281673921443	16.305125192209573	26.262989204344567	20.336645060424164	18.451804555384363	10.18113901847148	27.340991150592007	24.480103841954822	22.296833453700412	20.270267780726225	22.495515608523405	17.131640922680734	16.389370749254805	20.796357534317597	18.721475657422793	28.010961609757842	8.150838178731274	11.369997439826006	15.386931196079395	35.281011031494884	20.548921804199725	14.709826864003023	16.78916836128186	13.090341548909718	28.29970079945952	20.849090978964377	20.620753108181272	18.52688911641975	21.642480042297493	25.375697197698674	18.338130564817387	20.689854675556713	28.443492074251793	23.91152382793237	20.70198125860525	18.211230586491837	9.577729296813601	31.66710589302275	23.380650765688035	40.705791078648446	14.438214241985753	20.81336415002332	22.647828398505506	34.63660777730854	24.360200674622202	4.938310874889747	7.104500748484272	18.10029523417233	23.280341178772165	22.40001146777998	15.886573432197123	24.98104510213758
34.03611410435757	24.539541581217637	7.607169508073012	31.59778341876248	24.20723418451221	20.67051161035145	19.21882780186131	26.75069767574727	21.364913024697927	30.12965811191962	15.128886107866414	37.786685942546	24.483769395225117	20.84854507741375	12.765836284503456	22.659589830427194	12.612433785535286	15.637848587588891	27.88388946825225	17.092112350753332	18.487957198543164	16.608692016385945	19.607323267787525	21.28097587743262	13.43646242589353	24.935248832170647	20.35891105561891	36.44855339483241	20.58322230356099	25.80881219013309	29.277821954499597	11.147673973354108	27.255945116057056	17.340520601717984	17.697868576628025	30.36572255894168	20.593462222367613	25.633625203472832	23.776944483310846	25.617848205182955	10.08458325516251	17.520975049971554	29.366383296140576	14.406330801005577	33.94438139008175	28.86498678254661	7.06679691628645	13.704907883577167	12.358356392747517	31.165417777748413	14.881467596260691	27.377294954476113	20.21335576476531	16.736652422421095	18.744440839763804	17.80019686604503	16.425045008472306	21.87016207152628	32.11918340274206	24.195350753280852	22.694200596224473	26.406488266939228	22.49863779972052	9.988538887329774	6.369460933810747	17.294300130092946	16.714114204508963	13.153011968476676	21.169382129073988	26.29799636220204	8.624632003263105	31.610927397988565	10.952965487487152	15.043297168302624	24.443330574275503	32.75154016802805	23.31687465755473	13.040420495173269	15.121827321290452	26.195254413701193	29.91387139434008	7.5962915334114705	20.378640302768154	17.018685296537726	27.25799712404472	34.032518530965504	16.43664882099675	18.546030600492514	28.893473396129576	20.368552465870703	25.668370104713915	28.248439101149554	16.872097323358314	8.099043654297738	17.020841788219855	26.121855072261067	14.865465687825846	20.637890552107397	17.311104734139754	5.303148914107503	29.192392906781194	31.54017941170581	12.604214286162303	14.490790467074131	29.919664724355762	13.532673310497662	25.909252928893306	29.721435419249627	21.379215437777663	27.866227361366445	24.956425870362228	10.064287231027508	21.70942124947469	17.552257715010086	20.146882567807666	24.16158510446929	21.57706607824398	34.47523039403961	15.278276252718571	19.178056582135206	3.8016954317913405	14.12073791266342	9.146719631209733	20.735828338944746	18.646724718763153	24.437641917039997	33.676623036798524	4.769616844656234	21.334108889881705	29.720739571236518	28.443904360289938	22.318037109886564	29.225127353294642	6.232325927669109	25.321729208134087	15.391420268036576	14.767862824607546	8.168222037414113	2.834644471204491	21.212650504677782	22.75279479955111	21.166501282198606	15.240726744663766	28.85744335034689	27.939949118774916	18.892396426084957	17.078490983609633	25.514302085643788	27.701800039206823	25.81721842715527	25.118182062302576	16.878927548214442	28.332990252162382	23.840219130010965	19.476757760849484	18.65860557737276	23.691611629879276	24.760848988854434	24.113046663194048	27.976430736860998	28.051492717832833	26.505176150421757	7.9058283942905625	14.585054611468705	16.045657794294506	24.042897577795518	16.317490530110558	30.260858886101936	17.654948603753613	25.088526664623622	15.499145503740445	27.20850077359538	31.756886380486335	4.366541743953557	14.908103560239248	12.042019406025263	12.007742191246843	23.127591457067012	13.829095183538525	19.510671852471482	31.38906820904352	25.847769065599245	27.789130717846966	31.983321574306014	24.40576461704959	27.421577698913413	24.864400247707017	23.868167859463902	21.03163741019906	26.270845267646788	20.220289467637084	26.942552808438585	10.006465640627958	36.01488348033984	20.698136235706023	32.00554810494002	13.115850992698537	11.632818390419013	31.970754240708015	30.821851589897953	24.23409359275304	15.436788833126256	22.018175315300677	31.353503333036315	31.766484315484373	11.4663152977814	25.67252704714454	17.483965998403832	19.104128096548866	17.845642863644812	14.174424376563001	24.26906880776541	22.886356051431402	16.51218923106067	21.988989651930204	10.071760317289389	15.266360417727894	27.717730287164244	32.105517031146555	17.458157954323696	16.463533522091538	22.997001307941225	22.861728082153878	7.225800533405011	13.723952053773832	16.794301129646094	31.34812140734069	16.1912542758262	27.11621372635579	16.00828800342229	15.791838624246644	30.164102710841092	20.16581821998633	30.782771067394492	30.569986899759016	17.370940276043537	15.001750796591708	28.13347426245263	19.517650654725063	12.778549569804513	18.441393365999776	22.640561400778815	24.81495753647188	15.68866320490406	13.304552190898233	33.85440867578949	18.701145194663123	16.393135781976717	15.633756102083215	16.36042406859903	26.324726259918812	20.69418169833208	18.531954149516434	10.697168405201317	27.52486724752446	24.93732537157738	23.89397655447571	20.518920505893743	22.765572400927603	17.85807777201198	16.78001487322404	21.094272500371183	18.738757586823123	28.23819957785801	8.468433449821003	11.460159137084059	16.038748575079264	35.45629312612574	20.683355229775334	15.83995291599021	16.864344292843516	13.454485840233081	29.179038396379053	21.23820471193485	20.782460065949678	19.127386735990665	21.95660874460516	25.92613688960857	19.30563790707433	20.82642784180276	29.062941907742015	24.120141410684223	20.76652571583759	18.375304245794098	9.635277447485944	32.27404381074408	23.484092984344425	40.980504743001596	14.853257287078081	20.969711645564143	22.928211686207963	34.691015718047964	24.680030835690737	5.207666282104272	7.5939745219085895	18.44986428982521	23.60236398455909	22.733212997393824	16.252924482413153	25.73019514843691
34.44419065865108	24.616733100151126	7.7076793041300276	32.25937591884168	24.30329637454032	20.93265715832504	19.424049708282013	26.8552399152283	21.61061059818506	30.197908685497595	15.311712881261078	38.29065764485677	24.708254326564393	21.62742876293241	13.238201848357168	22.908608699137115	13.047553241755635	15.785428541339947	27.982980915227373	18.067765941723167	18.847848107692172	16.784174414452174	19.776964190675844	21.607166765606227	13.707265180637252	25.69364839215646	20.51800537375751	36.6233046464776	21.261388414529197	26.113548000385038	29.56351704792389	11.352751626933234	27.41488906200766	17.400146885277447	17.988094718877633	30.639775380970654	20.713572145631357	25.789240353126562	24.6105548410224	25.951712916085306	10.316245041399727	17.893263209497427	29.73613021781064	14.541993540368274	34.41674775203054	28.97898374714634	7.731225267013648	14.44094277578191	12.589634189049544	32.13743179660365	14.980745342494362	27.650523137452822	20.687320297862964	16.795431759612814	19.16114434572868	18.16973201689941	16.736466314445064	22.176987102409516	32.475279416004184	25.033250631977307	22.82246266443546	26.952104947275988	22.705948611820364	10.25192476039091	7.553010749911363	17.44927496848578	16.89475644554411	13.834826747750347	21.387185082345	26.342035086766135	9.130037100489908	31.67697195254593	11.018737436291985	15.16341383353466	24.635046621069584	33.409113865718844	23.40399544710655	13.393367672732145	15.299080613338244	26.242400903127614	30.42625309581763	7.683007389434086	20.728385461576025	17.04787306575862	27.847988530904313	34.15097480617611	16.981385249379873	18.72143313945219	29.25187969027156	20.742964802463796	25.97567170981346	28.460947026916532	17.61752842743215	8.47002895494799	17.202739719289923	26.34505837813889	15.105692746806824	20.95069827899048	18.053314575615065	5.3884291915971465	29.320020465615908	32.01733494837931	12.690942596678715	15.276989452276775	30.212234986235966	13.986501366718251	26.33924297467634	30.207714614412975	21.69590326683406	28.098406358367214	25.32378140180285	10.331706098100131	21.781469446960074	17.69942249681498	20.312809719460272	24.334721625802455	21.80593987649131	35.41655338279822	15.593007070711224	19.702684789910574	4.084521121943822	14.597781698201977	9.166614716324341	20.874334208324186	18.848984428969764	24.896406218102133	33.919781078058435	5.014956525679922	22.11506743739836	29.88736634797525	28.60969080390253	22.466685123687814	29.305725356366537	6.3642342203054785	25.7714930815697	15.440208381402485	15.147986079525442	8.440628152772511	3.329067145227093	21.412632627456063	22.915483384157877	21.265700307995413	15.30619923590717	28.960414548860015	28.62140992838153	19.03468334340771	17.329812951912203	25.554610114238788	27.793361375608754	26.00069735939557	25.50827840772513	17.032972945413285	29.221225918223023	23.922106437585246	20.380133756665593	18.88554328673483	24.152128440345617	25.394745925114577	24.246362850207255	28.247008532561342	28.17400063259779	26.753321917561337	8.152575509549603	15.16169637881601	16.521238136644655	24.49592464919578	16.407552652736	30.63817202627375	18.43728973331729	25.389319178040218	15.645814417132973	27.707949665327675	32.090467747896916	4.618146776836834	15.339993780752824	12.111945316501412	12.328750810247408	23.88186466456691	13.99462107481009	19.620812186017933	31.505467479823785	26.614074324225896	27.920617240440365	32.04939579342918	24.994707246066252	27.49284792213741	25.038376984157033	24.048393109960724	21.10845540636085	26.454547665607986	20.379988917193035	26.974905636729172	10.092579787015021	36.20709121188391	20.78589445364274	32.465335900199655	13.340612384778806	11.92947908182691	32.329307505746286	31.00994160003546	24.521132337778724	15.619028263616215	22.506874771227164	31.7931335635049	31.956550925081274	11.493429665003012	25.814974790044843	17.829518861484562	19.768277229537414	17.95136003423952	14.277542603172282	24.654281488138984	23.11026706267446	17.36216873079619	22.160007833609992	10.352440131206036	15.346311947624361	28.23936868724159	32.73744220121404	17.87800369883663	17.46945735605998	23.089420839888852	22.94897417339508	7.290425840162115	13.980142520315031	17.222092085610903	31.40637155545705	16.4914579050673	27.174378281569904	16.45582531247191	16.006046655293314	30.865757434845587	20.431831534817615	31.346666444073918	30.744055734910596	17.94591880240712	15.31519970810761	28.722265143804222	20.035897687045104	13.02545399614564	18.924998159705563	22.801221866130113	24.98310285056462	16.451570660627876	13.411843205766125	34.216310264566246	18.814165522101135	16.824096361412405	16.313170935594574	16.405708679060186	26.974173484895978	20.989395592487465	19.162299818345677	10.778780410415413	27.83306052725838	25.093609100033138	23.946149042180224	20.801734540112953	23.274871815400722	17.9512306852253	17.535754348503282	21.28265627413801	18.843195968014395	28.339983888198944	8.596557911829823	11.676608866204255	16.19207960510436	35.824917941488124	21.2256960453358	16.171118751406716	17.06869487383879	13.637748405759014	29.353658118933264	21.529918680970912	21.10408956388772	20.24097495978707	21.983950522117862	25.961857608734988	19.539387281713573	20.944614543555943	29.08678106736432	24.454872407776197	21.210163983965263	18.432571682957782	9.878705009879942	32.539745407969015	24.102842660930932	41.13169536611674	14.93449164395628	21.17066679880713	22.997853431022907	34.94979761728454	24.967345601875934	5.73812403352937	7.891750445928312	18.61300677161313	23.632416455355333	23.0784095261337	16.43446863795621	26.0975950632487
34.74153404397807	24.712745041408652	8.23736803547941	32.75419764205968	25.430878523197276	21.122509708946254	19.549786286703007	27.366827405885296	22.23187237712382	30.460788921651698	15.647357328101437	38.316429998320665	25.21431378788799	21.805445951524877	13.900467572029369	23.350600936295226	13.317940117082196	16.058979053262615	28.050402377594203	18.320839309630315	19.17578674947516	16.94545398571621	19.967451153137983	22.23232824122371	13.804920147221088	25.9084328882643	20.73393978220216	36.79510635014304	21.538339785438666	26.43924278795528	30.496299555825672	11.792373491995102	28.178149089281074	17.994126972267622	18.12924258952435	31.611151987005194	20.95619224789609	26.42866548819882	24.74990848438291	26.742873880444	10.38539736894088	18.45325107015154	29.769325218626804	14.848072540813032	34.64429253796827	29.1063961066613	7.823948235671291	14.696796339447827	13.303203693344015	32.17153935405876	15.183559115549398	28.575737232430914	20.90022873545912	17.0229771162002	19.233327397982215	18.611583088483307	16.98705295962837	22.666929530695036	32.63192956763637	25.209385954282606	23.066698152520104	27.093124181166264	22.81731588270522	10.522896437743215	7.584242106437335	17.699116908590614	17.12949840577553	13.993048556614974	21.464555090578433	26.424422212312486	9.389304575221397	32.0864337598367	11.200920463814125	15.199590888176438	24.810775670237845	34.0475726812871	23.789719457177803	13.57175603468319	15.499316504424279	26.629379568123206	30.647192566349933	7.7885470549622315	21.022600322075768	17.373849241614952	28.438189782859062	34.499639654599534	17.107864979252554	19.041909936626457	29.351105112994762	21.142833696641347	26.389959548459206	29.313502935888256	17.901188810949012	8.521260356675882	17.517908933983463	26.62901954398231	15.327023594649717	21.83511538058981	18.116892697557706	5.534855248615506	30.126854772881604	32.154559931793685	13.062419525168158	15.381561546993282	30.25356393937702	14.417834039676745	27.27091702549069	30.50612385399796	22.75343419055093	28.33962856401461	25.7176505534732	10.625505155491528	22.709347556271364	17.907034077711412	20.936100962809356	24.770538710736222	22.013002323340523	35.50886055795865	15.841946957415413	19.917023866427677	4.345749125127814	15.201957807592944	9.696130456831472	21.060675027720936	18.911571184510144	25.21411304046594	34.32556272945747	5.140863583548608	22.546503512831137	30.15196781759822	28.78104256472776	23.329190875054987	29.82770108219524	6.715928701542832	25.868386776691242	15.813272658898416	15.379630525493837	8.632323947197076	3.391373410238622	22.3345720023331	23.227313363621743	22.12789959868325	15.47940177945558	29.339533876945083	28.974848918316457	19.691639678588114	17.50612810408525	26.687231715445023	27.951711569316352	26.626039045776363	25.79589381739878	17.143829300369237	29.35784135665505	24.359931651341935	21.090980670192003	19.089554263407784	24.27164466300572	25.553524933635064	24.72021103247569	28.314905169997484	28.84064663221732	26.810380660507125	8.429600788639375	15.39562542978097	17.281440126136772	25.209672766892858	16.658939711581926	31.002626813045023	18.557166907322472	25.426795415023857	16.197698980483608	28.012345177926253	32.20115148672936	4.847652276671553	15.510628119853768	12.699488493467923	13.006810378937175	23.99096006198847	14.073339878200636	19.914110314892543	31.60759984957445	27.12155978188592	28.19002018209969	32.53768159647248	25.197642442456637	27.60042159768174	25.43537301351159	24.207374232655027	21.31152646317043	26.684289827713638	20.549044712646282	27.036427804243335	11.139274623222834	36.69199404212144	21.007012710061627	32.8149056662626	13.395833259207143	12.621801876295564	33.11468550801646	31.19695384096116	25.641561220184172	16.1768629252626	22.61125173035543	32.14683165185953	32.00720379640261	11.718537851320184	26.13237715932687	17.97665820171581	19.967232231973956	18.51995691832951	14.437995745115936	24.87122765016488	24.07138447396498	17.679923959941014	22.326560581269693	10.62029637323764	15.470585479489907	28.492615395370958	33.33630613311586	18.43515982144877	18.02075268535224	23.50981674242793	23.350136877641987	7.356585286349734	14.401039730984987	17.42938206032507	31.575003562872688	17.090078479622743	27.69929542130589	17.13329295050031	16.854598523099945	30.93765241518799	21.33256969058988	32.23975276383302	30.909435828251898	18.104335492790888	15.926741517403798	28.991066266328513	20.13587712122328	13.1969841250339	19.016264195578994	23.526341520944122	25.07735676662085	17.36265891893504	14.45367973072357	34.68127683114445	19.115391821702033	17.921062009444913	17.30924286937926	16.512278460400562	26.996383430278435	21.561212343210993	19.52508239447352	10.968972285846062	28.416796075440708	25.39754989787407	24.12144526475006	21.289201949534643	23.8443296491856	18.466311514542813	17.628352093770005	22.17012692822159	19.38391638518861	28.431457227658083	8.765708489062185	11.985688852354118	16.255564203720407	35.86898795269434	21.285377118504076	16.432389748591543	17.34646027420639	13.868147882358326	29.840985245252266	21.713413014075293	21.190605332893718	20.42247087822945	22.112300473005458	26.197117390672624	19.6399245853507	21.76860328046463	29.25037278904746	24.566959751756585	21.454313654460364	19.09529149167612	10.011138720073745	32.77756938310193	24.835522976562608	41.46515374791696	15.538276424296134	21.985852510356366	23.35267818083102	35.23353213583344	25.08476121136255	5.995613228539539	8.48052475095781	18.685278227627073	23.679020019109117	23.61805509134659	16.67591011210003	26.821695063919417
34.85284813892265	25.241125877674243	8.685496001881694	32.91829875186595	25.52885650810628	21.222932328947614	19.597712942168265	27.409203419161727	22.251478685640514	31.025539766794264	15.8109973826443	39.41197751092026	25.53068383152935	21.94318624242956	14.028460095732346	23.641428983415313	13.645702189480716	16.21619894924845	28.321646222162645	18.640221325238382	19.306594494948385	17.045944850744906	20.17714759028736	22.369308036142574	14.037830108488203	26.196460321259984	20.942288191624275	37.2560574568268	21.902446607510523	26.993483454206995	30.84563279048955	12.06931278122899	28.507808831966514	18.56838109341072	18.67222920277738	31.980181574587395	20.961795485753996	26.531646193701583	24.837230780364123	27.127769563289142	10.462451839132177	19.23519412982676	30.185853690522062	15.267999383571121	35.15879433639766	29.563313214771796	8.179511117398345	14.699726640780032	13.46579409575297	32.4237446375997	15.595041553597516	28.99743007447918	21.056553500869462	17.742636576704168	19.417370025284036	19.558727646349077	17.165050220380156	23.031324531325744	33.42016328697426	25.79086591473954	23.228736209973647	27.36687698846406	23.534381950565855	10.555368437814963	7.708253516111386	17.80672160746948	17.547566888903297	14.15190145511911	21.899555553905536	26.796759901836545	9.765093752901976	32.74378016220154	12.236051033449773	15.30584334129083	25.27756716198414	34.46435442194345	23.961886025639316	13.821101372394343	15.832183394707679	26.87444656724831	30.866060034789225	8.318902967698769	21.088084887050464	17.62827838193044	28.947306576302633	35.10358652389061	17.59320206956019	19.771642101784856	30.183215954124552	21.672529082737952	26.576596849705677	29.461496707870634	18.13342550890352	8.827718190264024	17.641926942906007	27.081272583325045	15.502825933575313	21.85268981666776	18.53016777884727	5.943815905776804	30.50753910174188	32.703765463064414	13.188285722030479	15.89763320471697	30.438087133893806	14.608284333177652	28.113502500658317	30.74506768189307	23.305445656201446	28.64126462878555	26.253976181536302	10.762449402049812	23.108694331244205	18.04447902122281	22.376938212147863	25.40973887968037	22.98933257712477	35.70223881166379	16.09795748923438	20.456801988667284	4.943231595949938	15.727068329850747	10.384586119719886	21.26951060212531	18.997682429191375	25.315740808716193	34.59778736095087	5.4143941229904415	22.73196187365036	30.435188800936768	28.864858958304303	23.370874309703357	30.269516082981333	6.916329817403978	25.902693854034197	16.182645951464824	15.571658436670802	9.28820847421336	3.88089687497622	22.567125112822215	23.711901182266576	22.287070680795402	16.04892858955734	29.64703465165534	29.613996569856774	20.15711554400348	17.875870955902283	27.092084034967186	28.074637188174442	27.518731102491365	26.062398533791324	17.95528404718022	29.53422573451268	24.473601440651272	21.252254274633582	19.209630974368213	24.776475109196923	25.838834521966792	25.074870934725453	28.845192550627292	29.11519094638235	27.5295284397029	8.574323797577874	15.556329953182034	17.798626242645494	25.71425516135776	16.703016183450508	31.13025864256361	18.853975260219105	26.552636384165545	17.322575805837833	28.547649555864506	32.354750928181836	5.346736687086746	15.549869632829159	12.794713355928002	13.146509264538176	24.392730688169397	14.201604692004627	20.224219007165328	31.867058764470595	27.205518256475443	28.293081123675254	32.609664622387	25.384246669597502	27.92043746502356	25.735538204892677	24.90556450515028	21.72462888169096	26.737307394945883	20.70963711634204	27.81519280152982	11.190684170967625	37.170598167797785	21.615887684512906	33.02637287589663	13.75879098755349	12.763962417236923	33.99406480510238	31.818372890536995	26.45375908246501	16.1956595397469	23.249975184051326	32.54268584328348	32.24467661302564	12.132004628315679	26.61324056145467	18.264269242442484	20.247357331183377	19.55997822656225	14.682959069108056	24.97188693320421	24.18226458344101	17.71511555638901	22.809148383117908	10.834455230631214	16.139025086603993	28.642658246499746	33.537129554703874	18.732323138743695	18.21960182090711	23.66262466511877	23.422094683446886	7.554806756426977	14.560379455876891	17.83176824136894	32.78640687270134	17.153698713626763	27.715507695113672	17.247291236508044	17.554891872177492	31.56121276130271	21.871732686109677	32.568149728645395	30.9607489288517	18.416236391735932	15.978895953284455	29.456178606601934	20.61431404179641	13.376261084087156	19.31070295463854	23.7090038624176	25.4849515389095	17.429301645978082	14.558248598503294	35.26261492211554	19.28204596756093	18.174480493842236	17.360095567052266	17.096864105192214	27.758968639051528	21.632499135777547	19.947831344951215	11.08406344230066	28.730111376225828	25.651997278743497	24.298398566337113	21.45939485553089	24.71289020222524	18.71406756808459	17.637174908493133	22.30287454052197	19.5619498485503	28.647601638826465	8.940995564400769	12.264081992578307	16.48951064452905	36.1215264041735	21.811725361866202	16.62988103633234	17.87668113937396	13.98611516510447	29.937252532216817	21.92531978966394	21.25203744407794	20.666096354723464	22.706074704117658	26.29821735887448	19.88774703119534	21.841948532148997	29.565383935393623	24.93505096305972	21.903690747370778	19.4865163451437	10.324664490485365	33.3911715663203	24.964266072235823	41.556512911509884	15.668147076002178	22.275346983987077	23.7174560322621	35.57476007545209	25.47585445806285	6.098492618722038	9.014759557739241	18.840705748582582	24.602537292892027	23.957337149269506	17.48105066259665	26.866754553370235
35.07485061441302	25.35944714348413	9.250879294754156	33.1095150660156	26.389521621696076	22.320677785353958	19.789020939165564	27.7026051817626	22.479203606914375	31.11598411361161	15.90147087402146	39.69494019792852	25.747261202705882	21.971975148133534	14.709962769832918	24.02623078763985	14.523489352949536	16.283088725051613	28.662459699127226	18.744739796145442	19.37413779859404	17.291635480534577	20.742792778248997	22.548065105318127	14.206679244710944	26.538677433881833	21.1297854727987	37.338057211018814	22.186424109098507	27.15381287748834	31.033119587047516	12.121483709240922	28.882897440096883	18.703816245657915	20.170260943526806	32.011878005569635	21.0836082087105	26.730992417853557	25.03376656874116	27.349245511727702	10.707035353655142	20.036963141437667	30.73437492588823	16.288438467854995	35.72350219154017	30.35149719912424	8.54709935533803	15.046381317506432	13.857296323435246	32.51398520014446	15.681489241339204	29.17088438751322	21.287202607273052	18.2977655790322	19.552649171901585	19.829895903630256	17.935800765038035	23.96766181898617	33.978338948755365	26.329040395003453	23.704425621818896	28.268028533777787	23.642184361536845	11.785202007722866	8.050564790731006	18.49210193215369	17.82593895379796	14.412922212822338	22.10150104989076	27.241977844042015	9.856333605901396	33.20732834983938	12.823869828371446	15.940461423901606	25.514712349368086	35.484511457949516	24.039349936045863	13.880852237177955	16.711582763137173	27.94743799192788	31.296175348162166	8.608097735222623	21.492786403637755	17.998808251774328	29.806045609714683	35.16899986712779	18.0038843144554	20.397548642792867	30.4103169134136	22.460565140891333	27.36526353312425	29.689829330665795	18.76159570160415	9.41229314832961	18.328700835903504	27.439249874776014	15.72554173813146	21.947003014673427	18.851325548551493	6.004384814408933	31.037185747510215	33.05659390961698	13.577803896913199	16.294095600267518	31.06920798953504	14.755868298804904	28.20962029633427	31.914125158294905	23.779922717664768	28.803771565598016	26.5169829123179	10.891739926068354	23.470264425603396	18.84584830149915	22.826132006839394	25.54793906917851	23.404864018934912	36.52873704583578	16.276144688175414	20.91864790150093	5.092475244469813	17.16921362445892	10.653776372262941	21.419122117401887	19.054081150684123	25.570149784574166	34.82713438701156	5.81137809290369	22.804799760300316	30.93592755325102	29.52159387245974	23.827274801802524	30.456048853559487	7.009136273738487	26.18556786189132	16.563689745799184	15.792916680494535	9.563018670752284	3.9649954238464478	22.625466493265773	23.86018606231368	22.534290110734048	16.850547411824767	29.91768117329662	29.83713309727535	20.34879830504543	18.12712025378248	27.329258523240266	28.572930013398754	27.65566612619306	26.825039568804144	18.222996807603334	29.661746237319985	24.512183925381063	21.594987017243746	19.334093113554754	24.872436258363955	26.069257267138678	25.1448882137914	29.52669319548789	29.347388038536423	27.66035635145819	9.395893267727713	15.816657575502346	18.139468530167917	26.204159457270308	17.341644780533876	31.715136445065355	19.31726105966435	27.359860065697017	17.753924757220584	28.587899138398758	32.68309158590782	5.686396490771149	16.251785395100047	13.323505216370053	13.265166001949792	24.548384022654588	14.684786832930689	21.18316899336821	32.71531316230438	28.070806963393487	29.142798996451713	32.67743096654527	25.708050906294993	28.452103498133404	26.453665850744496	25.066673769735843	21.951948486635118	27.696235042566283	20.792495785738346	27.975957962757462	12.021839971547983	37.61152655370027	21.86521946013563	33.44163373978846	14.039587992657612	13.343439843389671	34.01253030933481	32.15839385328663	27.003161055110947	16.50117677512223	23.426281899551114	32.784226012942305	33.10297509066281	12.625753505322605	26.745408667843233	19.163651221210408	20.445061722126205	19.59208470432338	14.775977192827805	25.3355878094725	24.941045143949108	17.992822291516823	23.22651953873334	10.984204678998427	16.30413922572552	28.876293335749306	33.78418324387671	19.618408801540536	18.75566199759051	23.922345713057165	23.51128598132359	7.915301431332766	14.769423721930208	17.906044618293805	33.7056323176954	17.58071654607421	28.14668881754302	17.894801146457475	17.645207246547237	31.898493531136356	22.079439290351733	33.105352157754915	31.38811198658239	18.61508123910825	17.782190368930618	29.67006621882272	20.845307051000013	14.357131876766207	19.96687347249055	23.87408767053469	25.743837722752506	18.301290947334042	14.99069182531345	35.7087613567502	19.537954976231372	18.283400495253193	18.08805135205045	17.26687386729804	28.035114275288464	21.844686095531124	20.27284947219254	11.223641608251963	29.936178314350766	26.07392958485695	24.440349417504095	21.996952954197564	24.803694825586007	19.57464907168041	17.93014866404878	22.60574259046552	19.78435309310362	28.88575574232601	9.253975105578089	12.405325794343462	16.74746427696794	36.15624490939643	22.026434565529705	16.956915606507287	17.95139422721502	14.188889334680024	30.04835558810677	22.207014144808674	21.589697987383563	21.327642835865333	22.918123610933478	26.576268656377692	19.9195892078776	22.387434717303474	29.92455441803251	25.044790522275605	22.162743993400827	19.608512296165692	10.680916399962662	33.41005787515206	25.293896463152283	41.71075065575254	16.294917448548166	22.60156601049151	24.572091744205114	36.060894687879596	25.55039923101548	6.460418663155861	9.258410060979188	19.16788592190229	25.145168609169517	24.136038212356155	18.003832869390898	26.92840699187704
35.13617121209188	25.60051913677648	9.32571545563553	33.22668278044213	26.840161432401988	22.662516383915072	21.037970859505165	28.027361197837422	23.026736727871498	32.28987648577325	16.652103548490963	40.15661708208329	26.30232876110344	22.325941794953994	14.852797897263658	24.64561408332001	15.246697188978226	16.613613388175484	29.078214526900076	19.14792771101272	19.95340032440089	17.708398733457493	21.417150813467707	22.975804342822016	14.514853184982588	26.966537519381617	21.6024338044736	37.801614914258955	22.806500114174174	27.651076478666496	31.23972089464075	12.288127770546202	28.99756488635581	18.756163155744595	20.265942336776465	33.08393211885932	21.820313960726427	27.690694506328985	25.116276770177137	27.472040775097646	10.809941165139257	20.32739717668501	30.89770492840625	16.664165893613436	35.90655018210927	31.4720619895349	8.752892953189951	15.38863159659001	14.403722469840483	32.572772293037325	15.82966773618101	29.328028498343095	21.36196104342494	18.62690359454844	20.6852075816149	20.308419016557664	18.027475147682836	24.08249057685551	34.046608585050855	26.432682952442747	24.235305557977277	28.353403389788642	23.796674673771424	12.112401397109226	8.498414802553487	18.608692823664633	17.9914724217379	15.295590753700996	22.781711837643428	27.75595952914921	11.381470019155012	33.55257401948407	12.92590437424346	16.393832882008198	25.61189670216605	35.54203242611737	24.572524983423236	14.524799019145973	16.913513145898495	28.298655435378027	31.47182098703089	8.891192560920661	22.417295475212647	18.192494280001764	29.869163367178757	35.333723679381954	18.67282645217921	20.60567336910218	30.831302394437884	22.78377583417922	27.84046673093638	29.735426724258573	19.16453505537398	9.515125859117099	18.979967600775428	28.090381181316925	15.849958053700888	22.333734723610164	19.636196556673454	6.2092108804150925	31.575852030673328	33.4687337021937	14.05936969041222	16.496771865571237	32.11196870066858	14.921994669190946	28.80427462976047	32.588774774481145	24.02688355665301	29.659276441631043	27.34438509056477	11.144749444614291	23.62894010570543	19.784642372431673	23.26858486457023	25.884526014016473	23.963819451922628	36.69699223921045	16.91874716228034	21.324674802022237	5.3847317969491195	17.306689843138336	11.070019754637126	22.095481075078027	19.386276953049155	26.65293903873244	35.18996265708922	5.885603557798408	22.999681007473743	31.20363116824894	29.587823079258115	24.015386625212017	30.71721392658326	7.29792067578571	26.45117653692139	17.13974523616943	16.133885798539826	10.393998914647838	4.552284984649266	22.82555341400388	24.60218837513422	23.521009047921446	17.232845387147446	30.153268364618185	30.098083372864355	20.53751755891427	18.464803082215273	27.74370736996459	29.06206763587273	28.201410684250018	27.79630350861686	18.54206192802499	30.008827403674317	24.827619988252778	21.79640488692363	19.783229562717988	25.08380939566494	26.427961868317126	25.783482858132867	29.872773212252355	29.9129400530406	28.438208283003615	9.498399869988454	16.42674493333649	18.708735511642033	26.509158357972602	17.81440222824745	32.18129590048345	19.5331667405187	27.641030308517813	17.99790886383964	28.828324375344724	33.094469571681444	5.845481045593467	17.319857958937273	13.522039529833634	14.086791593794647	25.44572029323015	14.878872985851975	21.851469973515524	33.23156537179675	28.223517797289688	29.305311015873507	32.995800245012646	25.919315767934865	28.53824474686412	27.277263843332936	25.30281657531337	22.04714547202539	28.057709507411797	21.18155382822021	28.077662046375753	13.238603496449446	38.27748611749262	22.33842713596298	34.30112228773432	14.339636290203599	13.626446739676322	34.19278012586639	32.35644556456456	27.032427443937824	16.67808738524023	23.767000645712237	33.56062111789472	33.7478741940345	12.951376960985494	27.10443662615721	19.33728731745889	21.597850618170586	20.20585173034622	14.908949105253233	25.440499287359483	25.809818453317494	18.111959881094503	23.424600070097778	11.609414685149009	16.46893450285389	29.323639274978266	34.52658785752163	20.056974898075122	19.353386113115874	24.09146084077683	24.183403483364383	7.968915630165205	15.789666359142428	18.000035489699798	33.85298978129237	18.082210290109877	29.234714596633037	18.390264534977177	17.881731339793017	32.278198026845374	22.228750338144494	33.26284833679459	31.63612557374345	18.78703958291044	18.70701690546003	29.76950025878239	21.209584384644625	14.643376501739844	20.624938031651073	24.340976193268038	26.314532975585507	18.771435996886193	15.532492086433095	36.16610414399016	19.55048506083491	18.365989217086938	18.446231182217005	17.61296927903395	28.236744439141912	23.146888990602466	20.422632367871202	11.435488130989674	30.415959786530724	26.74701297482785	25.5543351814646	22.20380024965155	24.926666726254414	20.06926634915998	18.90056621027844	23.024429765058624	20.358997137478003	28.987808679294904	10.155452159695654	12.472740688623704	16.86822569806371	36.52372483002639	22.164215944144235	17.232319170616357	18.216699413613924	14.586455742134234	30.801842898843766	23.58239123944185	22.38010394466771	21.914755188826632	23.12763092658117	27.155355443478708	20.404479671186113	22.824012332018864	30.07642996423354	25.596767858550624	22.853548571781936	19.649502847744927	10.901271644819207	33.6866108681002	25.82754354939029	42.03129025430175	16.66398055098241	23.013939506566313	24.74081719554783	36.267499722574534	26.543375547947548	7.099111093695567	9.327677219483624	20.122422529791187	25.265503068098457	24.381112835273953	18.237006026358088	27.405228905762694
35.51191665917443	25.712948348033297	10.054629524156322	33.45551403343784	27.063598016783565	22.867556853575557	21.106040401538454	28.82533238756816	24.337377584854483	32.45775424270938	17.21534811234544	40.36912300734588	26.881627610677217	23.36996460715434	15.279239662834307	24.895610689015033	15.44122047975041	16.804836373736947	29.10906128706024	19.462274113359964	20.475493793238563	18.36939633753283	22.32729503640466	24.054865754561288	14.683760761647758	27.10992909813624	22.364503266646913	38.0958704690254	23.54264847286556	28.02277059087004	31.304767244534094	13.041086617389386	30.08227897265074	19.508553710769547	20.504562780924328	33.62862395664768	22.910982903391986	27.772116264315486	26.30936774187237	27.638897877353788	11.510119908432412	20.538458924159038	31.44530709034445	16.842411300988417	36.41637831604413	32.12639320605719	9.453322225953979	15.759788627140617	15.341926030934838	32.83733598493835	16.539944151144212	30.020643979916294	22.099952821429973	19.28362475167691	20.69929704409579	20.688424796111065	18.962792292887023	24.973263392662727	34.37345588436584	26.857344707953455	24.63558759897784	29.23937906345335	24.204275292651708	12.237786115185841	8.516883135042905	19.42864649067268	19.030005822712383	16.375413304095247	23.078707281277868	27.91559145873884	12.026251018617685	33.66733803020549	13.40165035932694	16.675807753063054	25.736281307013105	36.12948210139245	24.600308990969754	14.943537734231745	16.94754373197385	28.577657458158104	31.535672308836297	9.082672572118542	22.668933291244112	18.407294439638914	31.112092291055024	36.69085792434444	18.778625291553038	21.018219107107342	31.630154907010184	22.867047759495254	28.03662102565387	30.01725786492857	19.62672614242003	9.676559404387996	19.326584407491282	29.24601599422101	16.086837388543355	22.926157308192657	19.807123501748627	6.677578611798532	32.105993455331884	33.50725275758418	14.676195366040863	16.865088468427764	32.65111754735726	15.050805995949098	28.87620944813545	32.63831494359597	24.388035319329074	30.186212356214057	27.64480584825306	11.680072242168167	24.338535280771072	20.44402325697468	23.84719039821367	26.604480792759993	24.499800857304795	37.2882074912538	18.228498672402118	21.431005790652264	5.507531252582817	18.301865796611487	11.351775694146284	22.996823145164345	19.65709020492942	26.79390697448213	35.656611594044044	5.986664052212691	23.685136757087932	31.738043495564682	30.220310404588517	24.250081189799044	30.967474742213916	7.3575596091449995	27.296260602186283	17.247039121218332	16.203176440927518	10.996258250965633	4.796433165801905	22.9615983308023	24.95069741559543	23.869028580216092	17.904923580873255	31.25246167497871	31.494214075411918	21.636684126685637	19.02056475446914	28.03670453247545	30.081158386295918	28.323569221486103	28.16939483130292	18.76328730314068	30.80054292840872	25.254599077527512	22.092431335390184	20.106489189252663	25.261900378422375	27.599344291919753	26.260957251415622	30.616099186001463	30.076355870655355	28.76071965123814	9.591927164106249	17.130597415768538	18.824298669819925	26.846855102569037	18.44664692543058	32.429204337313095	20.066284974204173	27.785985940980648	18.283918304032696	29.366253270269443	33.79257108310505	6.387700932752082	17.980752518780687	13.74479405840058	15.27202246864071	25.66369903555996	15.210788694836276	21.936856957292605	33.57171302589467	28.493320840008238	29.536895610491413	33.40593317725862	26.056436544448474	28.960032100149892	27.354858546701553	25.795657027163287	22.401662208505698	28.23386716057968	22.091676534272487	28.5724767078495	13.34831691598208	38.65165142759152	22.44257081142107	34.41469085054617	14.946862203949898	13.874130502681922	34.47360125771188	32.79544633514899	27.13802453209222	16.783294923608242	23.977923827367277	33.69703573071821	34.46736794024927	13.185602391041213	27.40566618949601	21.208310310456135	21.953713618416398	20.447439114329086	15.988690406208569	26.568951223873245	25.823890541394046	19.056908377791334	24.701380244166256	11.769247097733587	16.75941966628711	29.432022277252308	35.28053118356825	20.704505796108716	19.432584333395496	24.906570413753748	24.560452152368253	8.117108836630438	16.8949043936149	18.72871146575627	34.23646578740617	19.010791430508075	29.830512285407274	18.690895623190936	18.768922341071107	32.51681376408066	22.339698920992664	33.50970436898587	31.65262057804678	20.598070654849128	19.809093598606626	30.06922456290271	21.6232739395125	14.690346304457053	20.854083095327912	24.865977687693047	26.469533998914358	19.284183859287246	15.712264388378758	38.678957056111706	19.58304275374818	19.078868042532278	19.26853437512745	17.750058982176547	28.785572236733223	23.340860411729217	20.99404791283661	11.989228045454325	30.82646753304081	26.921982178702535	25.728980180452538	22.51865319998719	25.295129021906654	20.316905068623143	20.021656716688756	23.599270105203317	20.50638435456588	29.58594120401545	10.506163222775115	13.378002852593728	16.98630607993114	36.651030757748806	22.756284386768282	17.42149648940182	18.37891196077531	14.811229029976438	31.696547156331672	24.198067651194958	22.46824681823737	22.117876999652804	23.40170443476554	27.321333294963296	20.513567873108418	23.40084632909524	30.58809272813849	25.622081276318966	23.133576633244058	20.210377100867323	10.969069417674204	34.13490746622548	26.495249723850005	42.479364318907166	16.75307174855561	23.203250417440657	25.32662331622526	36.47366095488251	27.271319004185898	7.311829812252134	10.077121955562179	21.133439051386226	25.529363897672518	25.347482221525205	18.46094906451652	27.9043975067701
35.83180919623575	26.444731201229697	10.593236585838659	34.210937688247256	27.468318349529397	22.920061491370852	21.79272317693676	28.875578002200836	24.968281819498134	32.93554494972558	17.362252915188193	40.83863298424579	26.960049028225352	23.497166027224687	15.539928512170789	25.05463579426274	17.137924662121787	17.891707708794435	29.524158172948965	20.372355527089265	21.265796905551245	18.538817618890587	22.808672626947576	24.540523140322584	15.056432779482831	27.346585681146504	22.60891297106727	39.66958346147511	23.880995871039826	29.078324750799972	31.979192847018503	13.201621050665109	30.490317886664855	20.233976727900334	20.699750751923382	35.11333377582387	23.507650013750958	27.861340309930753	27.092766349554065	27.930943630317007	12.403224792089455	20.748388830489258	31.779145607920476	17.28778830862236	37.259288849188145	32.53238130962929	9.867557198978915	15.818295107645044	15.524653943065761	33.034087604819355	17.290508591441085	30.293332616099466	22.39907625335383	19.660168199920196	20.8387267307995	21.097734050936708	19.523533675277907	25.45856169540809	34.68377850089914	27.647102891730775	25.19837439497115	29.552403664395676	25.045588265258385	13.218695202023582	8.54488936302676	20.270114034292625	19.447516079668446	16.647558000737213	23.700485651171245	28.71738913681043	12.295823391306984	34.06993415211105	14.211237310504503	17.29061744271075	26.82694824358921	36.37613063785996	25.873359752698352	16.109752819956476	17.460041603464724	29.019824536744824	32.72431875819427	9.715358129488985	22.846170081734595	18.72708379674378	31.71816640108069	37.64897772703423	18.810533311913904	21.297023323765316	31.973595151024814	23.161368546673465	28.29825341361062	30.411445497975183	20.765294847140723	10.5379560047632	19.63378382283302	29.354083998150745	16.59720222492916	23.468539194121586	19.962292260391173	8.197628767694585	32.273917859258674	34.011892705666185	15.453123689681304	18.008188202913963	32.90929394301561	15.319758299783409	29.14400341513395	33.042141976119886	24.56910107528263	30.23993663345258	28.40340985948051	11.732213850350075	24.562632987393933	21.008769625656395	24.159312625658885	26.77085897237731	25.48076807387215	37.4520926245756	18.378817302297072	21.95272463022802	6.105651398366289	18.322517246615845	11.864717269279328	23.98473945496601	19.858218207937508	27.14422479295528	36.11824727646026	6.6987583712746375	23.922430141004185	31.949436657361826	30.398273509021283	24.772936484796485	32.1657985926574	7.481495797198261	27.682427650284733	19.124134995343262	16.682264509633356	11.067812233378161	5.747326080241132	23.931871286900286	25.433473730182858	24.278096740151824	18.331209480244382	31.70159508986095	31.698192462745517	21.6726214626583	19.088211601285046	28.242018297603863	30.640147541164783	29.083532193961787	28.50586250538008	18.877734608309513	31.334855063603428	25.330998604618724	22.265416695796574	20.53370878460594	25.417467134360113	27.915016534259856	27.096481135584792	30.893291434940455	30.32851721032841	29.796322766398845	10.404851988437283	17.19518346738027	20.233193320657563	27.52948186891061	18.721083933674475	32.83049156135884	20.275171613317845	28.18642132719431	18.90357645468248	29.95418291521919	34.39662918022474	7.17618528330127	18.042698175914946	14.550373059056538	15.534288432911653	25.77653004272916	15.441804182081293	22.08305547059104	34.41955371204425	28.91109372311843	30.877753542376247	34.30608097735644	26.475124593426173	29.55736975502856	27.78420571322166	25.88716178401985	23.208836868812178	28.64736182522967	22.471911337258945	28.84045517605323	13.973720158832068	39.04168396300762	23.513396756251122	34.59951584196174	15.083465128170102	14.181948254749678	34.96469772847699	33.06471980380455	28.07786176459973	18.228075488582103	24.303841898476225	33.788592929506514	34.9547985377448	13.520261731730656	27.57631995371328	21.839717735144326	22.6501552153961	20.654412062219663	16.2280646935189	27.939056441647182	26.215216508011363	19.39712424284235	24.77354953653018	12.235699689748014	18.024200084489408	29.715999866710142	35.76790539867683	21.042412601276453	19.55812169477981	25.356798826181098	25.4410585418539	8.524331750120789	17.05246528396249	19.322002666063604	34.37410706209634	20.018786240411977	30.46587689057013	19.16299650369618	19.07721790408803	32.790379873237036	22.517503822678282	33.87549709668346	33.07151031180977	20.71498080205119	20.05947740542082	30.236401967764312	22.194976206618687	15.078391025740334	21.045121543041176	25.132353590708377	26.538482493124494	19.695227827491593	15.952996925166582	38.963187183127644	21.16914678450542	20.261531774331576	19.526247363753374	18.0886428880658	29.75446764829628	23.62383338492392	21.28821824253701	12.410204853605684	31.40547124629842	27.03954132950219	26.0098684904394	23.765332306152057	25.567254093116986	20.842501787020765	20.39767860126918	24.069413166697494	20.64691964376658	30.220169832378396	11.045041157277648	14.21498037558372	17.09216104487628	36.835769564152976	22.985643441536713	18.142008266552118	18.54289358680762	15.454032916374128	32.0071734588901	25.041938232237793	22.573817520175062	22.70186715051909	24.26885090750381	27.76926201641379	20.972281265799072	23.582947302917418	31.87463719460903	25.766940671513442	23.676158500529883	20.337373937701646	11.223847885729265	34.6412722404516	26.787778892303688	42.574833946718826	17.94779737715998	23.375971626771037	25.781271876910704	37.15066339225364	27.583411297603558	7.486373341155277	10.574980923559782	21.844382589880496	26.201611056739765	26.36448589745764	19.25504628386846	28.500498112034023
36.292800711506565	26.60723952320281	10.764439268583784	34.41728037640498	27.952567358638724	23.16971101160947	23.061460159879445	29.92055358431847	25.49028110813902	33.76181599506859	18.307466162507186	41.51923595508257	27.381914168057964	23.613545369184298	16.31043883520314	26.27936308126809	17.392633582435565	19.270565336896194	29.733706767340365	21.04565855748386	21.811049078186485	19.265851228370924	22.92697264992983	25.082182584795074	15.702146207832595	27.402252444317064	23.18413745976016	39.830764978500106	24.207715346638405	29.276433672105217	33.315115593495385	13.541617274214712	30.612666999887203	21.26620082181939	21.082836094923376	36.719929487459325	23.696310568440477	29.52956529136608	27.492860004301185	28.367892092832793	12.518739924400123	20.96061838026802	32.56745685792307	17.56993472508539	37.363237854512555	34.28091185438899	9.970798483304437	17.361439876266672	16.362432733794787	33.66960988414654	17.96569442926717	30.977324794212567	22.470553031363202	20.736983255600894	21.095638727657757	21.24353074841471	19.790634187257375	25.606187281808662	35.624746745436944	28.290768964785293	25.93243222272731	30.100620942277573	25.511549231274046	13.496301950865202	9.292966621831006	21.020683667157535	19.71351232420635	17.083124426270462	24.02017981463035	28.754225654775723	12.713245332705773	34.150347845595675	14.330975535548351	17.5000428472794	27.36971952036667	36.64751266383849	26.428360698185198	16.511757668850255	17.531354034543963	30.026663891880034	32.99404185852474	10.009422043663799	23.520421144476995	19.531991264580352	31.760051682332687	37.984668031228985	19.5136442738315	22.100520423922134	32.303523913412874	23.54491923798913	28.8921692735067	30.891460210134156	20.856673181763966	10.642935460533344	20.379384717835613	29.774798333218396	16.70492215094316	24.44695581116703	20.593329733800097	8.48556830514585	32.388387737666406	35.00476310457203	15.849297039236925	18.426404637259342	33.12845317532201	15.438267910373499	29.355121454261777	34.306437385866694	25.910733165348756	30.638389185932823	29.019615986677604	12.380751857990097	24.804168990150963	21.230934294992792	24.39830274854074	28.230136966689408	25.533429829659653	39.45174764733817	18.65479563695518	22.58605305307995	6.637615740275011	18.805605120252743	11.945942052164645	25.448549443078857	20.997321519418637	27.205449000087096	37.56837898345963	7.251801028342744	24.426340786755667	33.23037197098293	30.622806016016657	26.576978499148474	32.973050581883186	7.780858432915786	28.29870114162596	19.650929247291096	17.453271920059713	11.130097856164197	5.7783281395189725	24.730881352115738	26.669551814847605	24.508664159953945	19.906323358998485	31.83761432850792	33.01227568582654	22.45562157136468	19.990488200407604	29.05196343266182	30.942955024069956	29.246242516204546	28.644630672371328	19.492079208799957	31.863397983640606	25.617269735126037	22.45139202757381	20.956776173096827	26.27860962298792	28.16586617169725	27.90905770519699	31.138346556858963	31.526801992057987	30.408577396700135	10.937579593822715	18.546870399500122	20.480206082826687	27.751473445813602	19.425669125802077	33.25668364303203	20.62168517471682	29.10749337094868	19.015051040069803	30.126511178519	34.60007340191057	7.396456281035097	19.45138795040294	14.677278770428245	15.61090125730849	26.14905510179043	16.325973639996185	22.78480828190867	34.79206660316376	29.508021581816692	31.174048200705293	34.64451524092011	26.609803637296615	30.218233738663105	27.98882960490754	26.964497614329083	24.67948651244564	29.036939665216366	22.957962082710733	29.389569632230128	14.000951985619619	39.577433149641465	23.701197402634747	35.092788503499605	15.765565922861533	15.256733803178799	35.0800243189081	33.313112440437585	29.62358601593863	18.724886242192984	25.672863214775475	33.97205555833393	35.3066184152179	14.323113926300989	27.840453509225703	23.761028553388932	22.695578166615956	22.63842498599384	16.964516021869738	28.368288332238343	26.49250410051955	20.056164526048278	25.26640942381147	12.8751727882422	19.83492341996915	29.9463240999601	36.037087440723234	21.31060115124316	20.16337865593968	26.21939479884922	25.68473024990459	9.138070720631802	17.260534637826023	19.94008110448829	35.94673804939763	20.536716864718347	30.685714224405277	20.291948359192915	20.467200361679485	33.489430848970436	22.771836792565473	34.881065049535025	33.5439266972287	21.50014913173372	20.187574942534344	30.72482637367216	22.212671435336453	15.882660739815329	21.262084813289807	25.808785824386714	27.851867422452955	20.26917979847967	16.008916349527205	41.17818127119772	21.99311069881627	20.36818077932452	19.944773565814284	18.28912585482832	29.98427056075007	25.025119482434835	21.457251480509886	12.4940576310614	32.20194053677069	27.392856494315552	26.40379562068539	24.102294518404253	27.237270504283813	21.472324482536543	20.528892757062557	24.968590100679844	21.340622094150774	31.372818438750592	11.592686384073193	14.304889613252977	17.578645109768562	36.98560001967007	23.660287467646267	18.909053469464	18.82627887795318	15.649871234173471	32.05769360046999	25.724908876590348	23.1751450356593	22.95364537037683	24.332668122611132	29.165361307756193	21.25797566335983	24.01242273339865	32.045250579470455	26.56264652466707	23.772042849295428	21.25594646933664	12.095536232563605	35.30516406827378	27.230005065072103	43.39658134201713	18.286762505391756	24.262414081420776	26.036866653371714	38.14257740847402	27.964257579885377	7.864910982449113	10.982937724331283	22.452964801893504	26.444013181091673	26.553675680245288	19.810913596706712	30.05696220968913
36.88269150616623	27.71035653834531	11.054013225766232	35.74484190785406	28.35583601631911	24.996806558049105	23.676252947355724	30.2200987493181	25.872673663288573	33.83501354722473	18.948874928655343	41.96308858119537	27.758601255713693	24.31068858849322	16.6740835031837	27.00456106105549	18.627734689606044	20.095374954782717	30.645870346418516	21.579285092296328	23.083952246181852	20.149262392696148	23.442687555230567	26.62698716541667	16.4760925657336	28.17289100288539	23.947800416539344	40.2920117042643	24.40148253207613	30.045656691950064	33.43546101513175	14.524090906334914	31.174715880592025	21.584196967968243	21.297086467823746	37.71882075897098	24.044075815622044	31.553861099168387	27.54631782489489	28.67197163202649	14.73173711933625	21.527832120551917	34.23901544907865	18.25037945140235	38.31799602014987	36.60169428246298	10.266295520641801	18.093879723028113	16.814004656986135	34.43166186618049	18.544679531867935	31.749710197892323	22.88884250420324	20.860129840487648	21.472956828286	21.83270506817729	20.711550900619322	26.37360957299679	36.10942539850117	28.66710900645438	26.30149761302146	30.865172142712346	26.808337330551055	13.652978318345568	9.440964335176004	21.2987643448161	21.724574937263597	17.32928856207548	24.51762927618041	29.450956597490034	12.747878640296168	35.664188845062036	16.071359857264493	18.376228645643074	28.359330745238957	36.8705638338536	26.90065827017545	17.01445639944682	19.26769390768805	30.64105336102827	33.8989649338276	11.095106075559071	24.354349961200807	20.663969905831785	35.68286423448995	38.34025765558693	19.935420763816754	23.268956772328856	34.291199186883496	23.77306678498955	29.48728640025521	33.29735804185815	21.8481976147781	11.032371684471304	21.582907573453767	30.1007425489136	18.146354612918948	24.745109952965795	22.21154802180659	8.89235595560449	34.11361635345117	36.888705505747765	17.35607006716934	19.542203854083745	33.697816588984246	15.685940814226178	30.55433539235333	34.694982314915556	27.825802876916587	32.78146858346395	30.44827127567913	13.93007208191073	25.074276736603267	21.644041691893392	25.229214506558453	28.631735839132435	25.681876911473093	40.185995147037474	18.716738984256928	22.780601166889628	6.690658134621067	19.090225385594245	12.86510812306621	25.853820720164975	21.324089376322064	28.1612563004902	37.94675154108116	8.226498613160754	24.660860312235027	34.09764517674691	31.831530871703634	27.167200462312934	34.12771171769198	7.893918419579903	29.59510229105221	19.69795317380433	18.657780037081857	13.309237742653035	6.4202315396025424	25.297777484042552	27.450984438346666	26.24172248449929	20.540047028170967	32.02888224865818	35.546621717923436	23.231781153165024	20.822472908090592	29.331903857461736	31.395349604301206	29.7316850289591	29.830482391672707	20.012031368837537	32.55179167289434	26.677989356014127	22.69427973347431	21.627797195158607	26.551124242376464	28.501310858571397	28.266512386020196	31.992809594814	32.38796295280402	30.7736571577953	11.608382189194623	19.96669103773	20.56644213299966	28.30334012093417	20.83688684191043	33.73543851334603	21.49142082067204	29.287737763008842	19.59110495182881	30.504477152893298	34.900308485077744	7.474680698681103	20.458449128805217	16.000173427593072	17.507287682755987	26.25927010536645	17.44747893300271	23.42038369710885	34.82774396504639	30.937377068873403	31.674545517599377	34.73915086220469	27.89681433074801	30.31174371716859	28.207962722898955	27.36798053737876	24.868750865211638	30.436581534816774	24.01280288224415	29.550965058284373	16.656434060442844	40.06186642576936	24.00655224232839	38.598773971536026	16.395270001527035	15.855944172732269	35.64130796776243	33.80772795686084	30.569436651057302	19.632292206803307	25.969002079406785	37.86067562586891	35.53380284258639	14.874895792987063	29.07542998746894	24.77722078252801	23.09361056932628	24.332371069294297	18.345347163805123	28.828289100194322	29.280160838150664	20.618916248439138	26.224080019581468	13.069422446388094	20.113354101242262	30.34958551387292	36.14437530365845	21.917883672421627	20.60026505347228	27.499644304549545	26.949026260625562	9.763126302929575	18.010459249654463	20.618281517476017	36.32831377707676	21.737158741378824	31.129499849417346	21.67860668850553	20.99974516511608	35.0301767382968	22.951612196437868	36.445591027717356	34.268802096195465	22.74364670796553	22.138424741536188	31.793487131181106	22.80529197703152	16.104970451436763	21.587709026556713	26.24839511767299	28.147994932090366	21.896268647185217	16.46400062028978	41.80293353725915	22.73289514547251	20.857939990703912	21.52100033289683	19.44636724725929	31.379224681681926	25.175193799975297	21.85384712583862	12.59683474485127	32.324122318454876	28.196654720515813	27.419114817174457	25.08933504440696	28.381013569968182	21.604284733985576	20.608280687188596	26.05144060599991	23.105360557869645	31.60865847800255	11.852873366830368	14.653495720140771	18.23223933743344	38.01848100428795	24.696154634185852	19.435619485693923	19.421332635510502	17.111357382985428	33.77811544852159	26.724272411932457	23.37261352376337	23.55501624222908	26.60453250203435	29.480144971498778	21.542146264383017	24.291163731971775	32.48218661230845	29.463442534902004	23.97346246196049	22.000660902542908	12.809227182754519	35.741690029410485	27.263732423159734	43.8777524059759	19.04810967410313	25.196855374772056	26.760412719603817	38.524443769438726	28.433395498388105	8.265733087432025	11.246406986224867	22.720721819732923	27.515420215943887	27.18129597303565	20.545230339014182	30.102464780351063
37.71106752063504	29.06468720369453	11.69441020970435	36.22021955888904	28.46678288448298	25.322542424491868	23.729235619434313	30.65626565030819	26.73206177463067	34.4846860836327	19.499683542081197	42.96962794420981	28.23084862688666	24.43741614682471	17.12877459496279	27.70656963237099	20.580618270430914	20.673521111944208	30.661843847890548	22.811019153023476	23.334571476818248	21.769726259512584	23.938881330108927	27.749545888057277	18.351354942492744	28.37584464904382	24.001153370143022	42.348221540424376	24.673524092893363	30.966462493683295	34.35575776413792	16.10672257492508	32.045163950106165	22.17273832483386	22.307430686933927	37.823936048435485	24.393156960280923	31.796353104765167	27.862535632887433	29.574263525163655	15.917471935298694	22.218502290515424	35.886831161934275	18.533376460981984	38.67234708062155	37.87986230818117	11.3613469203007	18.691923015979064	17.156589615957884	35.33689798180647	19.61660581551074	32.67496170330403	22.94960797961899	21.168622299211137	21.712425144692972	22.460498471902312	20.919042277979734	26.60349198164393	36.64085669124271	28.972575537355418	26.936140904655378	30.96144220811949	27.290019794235658	14.38697093640804	9.855304516401304	21.96408473417518	22.409067926370533	17.71013002768775	24.872092344204596	31.272605446252328	13.468599102450378	36.62342188114411	16.595407201608946	19.38173821888202	29.534795977408653	37.75298997451639	28.267326918665752	17.394699474929308	19.849685717009688	33.0778745941128	35.92318341746956	13.121948375704445	25.23529066812484	20.804053950817288	36.04957602832932	39.845835956332294	20.129724750125046	24.746931832310377	34.6806184010039	24.226759483988072	29.83705299058964	34.033461792778255	21.87515187017116	11.428364441152418	21.734819083295882	31.179851636945138	20.928171377625194	25.01824836687576	24.506333438693726	9.293572892018904	34.6961907159512	38.283409922798185	17.828935360873476	20.13913946882692	34.42549966335967	18.539364448848776	31.012818061562072	35.00858880470053	28.327946104012494	33.220463151909314	31.309305109433765	16.520500629802466	25.29202379715018	22.858217888302203	25.34242530204072	29.346639999232256	26.213111994932916	41.90206026789958	19.819523016861837	25.464184383759424	7.614879492279573	19.50499954213447	13.640802461978293	26.791273879165075	23.021507053071108	28.4425647087286	38.51620230988322	10.208504802922759	25.733399420387187	35.06084386373683	32.30785451945755	27.230550320320337	35.45013048760012	8.5640064401831	29.835603468901063	19.7638004092051	20.137333014810082	14.20869095574945	6.942769031175383	26.415751637396646	28.472279122614335	26.69153684776677	21.253002820800337	32.78821790908589	36.006706719652264	24.145270572383268	21.857217896635046	29.645401363010162	31.95886808588453	30.322761087827086	30.512354716566378	21.431477789470904	34.28190546152882	26.80139165068508	23.803276519309915	22.717767369937413	28.027352750488696	29.208600974797548	28.537174951645767	32.34521904125229	33.24168449315959	31.31567164476732	11.984154684834065	20.448129115740393	21.602060457500443	28.721767912387303	21.247147812049313	35.06063518983319	22.56791341941959	29.778285016907503	19.81316908247759	31.185387784073907	36.32397807648822	8.487942964891323	21.17170056237634	16.720336456141993	18.953984664166914	26.705255990483447	18.508665199485662	24.375578260618653	35.551979455921185	31.698586949537663	32.50519248855347	34.887880918374826	28.348882597339703	32.17265301536007	29.906036322471675	27.647537787437326	25.126126854156045	31.544756401185886	25.231582482238707	30.32755054863754	17.585631209415762	40.71174747499379	25.439860770367495	38.839063367541215	16.519292486394907	16.45097419212117	36.37438396392384	34.213039812766496	31.185297723578184	20.353399206456036	26.271672095029256	39.068168373346495	35.803004362855724	14.926884943193429	31.693680194905788	25.10728584306342	23.812018652836805	24.730431834138013	19.04295032777442	29.03072852818383	29.91841749362098	21.233357084813953	27.541488849819697	14.302546344302042	20.942321873427254	30.62089309269961	36.576766347426556	22.131223610722305	22.150763412536037	27.752074587467877	28.245152019926234	12.838876051145341	18.7800094751653	21.949849332959015	37.95049076886095	22.551593775437542	32.09368342345175	22.06632884968027	22.410684875630295	35.4409774598774	25.902266142955078	37.25055551913847	35.25108577683384	24.009804901608597	23.65788228532917	32.70761400389154	24.048989660962825	16.543331440007957	22.1580160624392	27.847461831091252	29.601431384869926	23.863072235437258	16.840406752980897	44.26974644617805	23.020809635847076	21.076992425565244	23.48982394150916	21.393277182471653	32.37463024254364	26.92888048297867	23.1825512068312	12.727323800945994	32.892420845685656	28.925415031569955	28.947521103969212	25.134860372415346	28.733273869410485	22.63931474728614	21.164567196180865	26.16576756325529	24.31841714289052	32.58302634376073	12.487240915387131	15.682074225947927	19.946926049703357	38.25051494245471	25.1582711488644	20.55620447680907	19.87133882148523	19.652653415170448	33.82565372500735	27.075899771896957	24.043504394466897	23.95536241375324	26.881137879178812	29.670650329792494	21.830919492377983	25.446366749877328	33.616166704928816	29.671134322268077	24.48736180307727	22.133429640743334	13.985798105981894	35.92229348344835	27.999269521854195	44.891421636451454	19.787603209634653	26.478751456919845	27.358597195607356	39.021956793070174	28.923191067884396	8.941636732089094	11.388473139892486	22.756038412846863	28.079165541585855	27.417327407996588	20.88339405273892	31.191006363853365
37.86701282444743	29.872115695118303	13.482854621462314	37.19565913429143	28.640317987712926	26.86325779402537	24.46936616666788	30.702764954538836	28.477300895051002	35.561849258162525	19.600772834868085	43.8502680211219	28.945491601216354	25.289364594123974	17.477123844395322	27.86471298904467	21.21442285438731	20.952971231329588	32.25987852966038	23.23849855521242	24.455257083307515	23.42702716081237	24.460044133431683	28.376659996565216	19.042368492129416	30.83283064337211	24.172523891839024	42.56582506653112	24.966098242616354	31.212090374813737	35.493718025469114	16.8880783876686	32.71909853150612	23.860983115307228	24.576590872435656	39.164695654623486	24.853266611679537	33.5661818558416	28.666789196195495	32.15064764003891	16.93117033832507	22.756651396003463	38.004873892081854	19.35634918262255	38.793875290242156	38.58710782750935	12.283376019560247	18.818360621897618	17.699786700377693	36.475357787591776	19.758704733448145	34.56724772863157	23.585548418256522	22.228358722043104	22.802842995628897	22.788622065512445	21.840930881264534	27.383726162105095	39.18816616432929	30.141862749441486	27.41492426240809	31.209250857269115	29.135317069800088	14.803830162643242	10.645103379928296	22.44822760926791	23.4520137553259	18.335251637039498	26.585658656554614	31.95821362670391	13.67481569311131	38.87062073878046	17.260674364068386	21.649381413158178	30.744094959993777	38.50304331172179	28.624454642638923	17.85427161138995	21.022160777290676	35.26575719228691	36.39866713406866	13.825467205246337	25.451379817940037	21.50333489150434	36.339951346452175	40.161857975097575	21.487748410797515	24.982409646827712	35.56356957532843	24.526887171986107	31.46473653031977	35.25503230241628	23.074438787682194	14.469273886953768	22.45586778749677	33.27447332890712	21.478040007155574	25.547885271094433	25.497476199837365	9.974086038687831	36.26908161573789	39.9177442296413	19.00494909861161	21.367448809816462	35.37683401505771	21.30628522181891	32.26457864931744	36.20095843910733	28.65971187530578	34.203523222239895	32.303206401176176	16.809393189333782	26.986289071687917	24.112871221787678	26.733436447027994	30.59011632480336	29.325867147787378	42.3174896893899	20.271448929106363	26.483737412866752	7.952216005309957	19.859883465548602	13.900148007135567	27.72888686117577	25.057095343674995	30.260497340501658	39.390456021932934	10.64830463906463	27.052243724783022	35.467521200299174	34.06112257035066	27.78850599523536	36.75592955098286	9.029341735117004	31.37233782401803	20.053463928161502	20.487284825904688	14.741818923827894	7.757599159345582	27.26409776902214	29.76030440657451	28.782386091670865	22.398657325578384	36.72541033846906	36.41867143343405	24.239565432684074	23.30861033315572	31.420307165671716	32.528362674294826	30.34502796072409	32.50118381940542	22.54671232832515	34.57711317646449	27.11452988102023	24.483761970168754	23.196020015235273	29.999454460832613	29.61834818302514	28.83590888056706	33.65403608411229	34.421156419998994	32.66978993000937	12.481248005459529	21.133270155099215	23.223586583480564	29.398291748667567	21.452503870350007	36.340756054845116	22.67530687094698	30.025393130196065	19.938462741723107	31.84662284925036	38.449113162532214	8.634606587852113	22.662876101253357	17.054965265314465	21.023687901004944	27.667508912298167	19.17409669456391	24.683122193872165	36.37071538322888	32.159876727372485	34.31179272222244	35.57332100026164	31.290789123441396	32.536378198069414	30.105052861874302	27.840959820964166	25.858440336233457	33.36885916100642	27.163621718220053	30.516120632303497	17.673009532424206	40.82380938093161	27.312348530278506	40.22021216877888	17.445834213924485	16.663165443525305	37.56163179617494	37.824309571739434	32.08500057386044	20.480050590109258	26.553377374356256	39.09912540210869	36.18056097284831	15.684333919681015	32.33997923228069	25.922723063714624	23.946996195947495	25.981456180295332	19.803171344463102	29.586046597536303	30.550125033919965	23.806358951722814	29.80488456686124	15.499780614952996	20.991595190106217	31.024061063668892	36.940957119515915	24.476718883298965	22.866975873437173	28.12668296308866	28.940247073366425	13.015498926359255	20.354558402871962	24.108274518764205	38.774369615413	22.728540603691073	34.37873490473342	24.655663246596376	24.23787528975039	36.31656477758339	27.86803278720327	37.57813502875155	36.54121763388242	25.15623415771635	25.64730605625284	35.94916241330102	25.627912175431835	17.765358395050086	23.18522749605032	28.576646496769232	30.552061633293597	24.069802362275052	17.084675037509026	44.62875654443752	24.828527211261918	22.26940651976168	23.87000765171771	24.36990085675815	32.71868288549478	27.15943995442478	25.719496183949964	13.283021251512048	33.05233227919284	29.027439148949842	29.700422397802612	25.741057565486038	30.913779502411195	24.204924058482824	23.642310002815027	27.194754182847845	24.9824968266426	34.96107742368938	13.319256941856127	18.436789566108	20.24440978832793	38.681719119422795	27.38150851206789	20.9942435483539	20.202660144476475	19.86843516482364	36.3130915659614	29.36504734054905	25.879133473053816	25.451387378594422	29.11247575652184	30.91064323088398	22.660632360449686	25.90785486149776	34.23833091969444	30.99224688055235	26.12390835830377	23.246567101070866	14.991035534950143	37.47955048483092	29.1583139278321	45.58659171898421	20.667052263865905	27.978445785430672	27.463390031438536	39.03259684065006	30.98245340689291	9.690995719369973	11.669683254655517	24.409551111473917	28.62825844218183	28.935728787183788	20.94951230919729	32.514332055532385
39.02528721302608	30.922037483527454	13.810966599134083	37.44328680853466	31.592008254872056	28.323181129927505	29.391137918691634	30.906156498382735	29.87711163039182	37.62011141983132	21.13068023663235	44.576932318794086	29.844030527071197	26.919413492635126	19.14574710761734	29.10398432139824	22.422534367184156	21.752635809478193	32.65814458486912	23.943226380665937	27.91577634433604	24.060947151526058	26.986815842351923	32.0190933338951	20.122675052762688	31.54709849217215	25.966782318829367	43.8474841055011	25.109547134838856	33.001710875333806	36.3650347556923	17.487906778126096	34.52282390092863	24.050764173706398	26.329163243796433	42.41065057724655	28.38515052673734	34.669282487341064	28.783241389605237	32.34247382960438	17.932197260268527	27.89359265147806	38.14799957418797	23.12360427996939	39.059543843277716	39.06618167920535	12.4237015287807	22.93056522321292	19.499046172329386	37.84265930252119	21.212116059254697	35.28783797182468	23.87494889171315	24.81292542903237	23.664310737740603	25.020069669090475	25.654258757155485	28.4978305512835	39.897662212801954	32.82218378178334	29.57022289352498	32.668078997020274	31.266329313914888	14.92572981305283	12.095526273941713	23.044411034235665	24.784888516654604	19.02929290986684	26.76108406611084	32.06436957186146	14.587915518636441	39.395874392992845	17.486527283439933	21.810846830571432	30.815510142259008	39.94304404501283	31.90910920687791	18.276649710800445	21.960762797649178	36.7103899960827	37.35029727449097	14.488717166900127	27.741646016444715	23.570505961759388	37.18213581791038	40.648380557669746	22.47646983202262	27.973018599791974	38.206280354539835	24.888519899000244	33.62369648422564	35.71155690524199	23.317719117344467	14.953851720618	25.495210255696826	33.72530944404053	21.887720221030484	27.77593138376772	26.301735973820023	12.402530756306927	37.819040222191916	40.73488064330212	20.97148239466074	24.018004960215187	35.39317860957856	21.571645338872244	34.63391924365153	37.10512261107382	30.510474033488357	36.62942352872828	32.50643524595242	17.516979097916842	27.452366621572576	26.610926088561886	27.027723995671924	32.52511903690768	30.654891474579422	43.80081701893079	21.471261903508072	27.149032052279612	8.238957101727141	21.317638516607715	14.83871533938622	28.633138255001256	25.82167372336493	33.3621411096069	40.25039384175739	11.128964109625311	28.20938481748791	36.54709424134593	36.2370722193978	28.832945942362045	38.18402965664653	9.310806477383768	31.880361331061607	24.775446655222144	22.738062526468173	15.918316195364731	7.947914357091944	27.70776313471162	31.80056743291201	30.806913024716838	23.508537883372107	36.997455386277885	39.5373923672336	25.186833009832736	24.031765364337886	32.16643263288513	35.21487700709535	31.42627096179222	33.401850698837734	23.994438731144527	35.60562611612101	29.708756490700768	25.25915045587786	23.448225225565544	30.60859065351134	31.82128518198219	33.18988759899854	37.053858407611	35.08627340644949	34.97305038988279	13.312647053989421	21.843518921604563	25.146280455357523	29.883628169676662	23.19385390160194	37.429443873270095	25.318246623612136	31.630626019191546	20.431558377327214	33.997621469201775	39.64272548965063	9.069675707128152	23.76526910487638	17.944682939840995	21.22735659050362	28.038038479732222	19.29213667110035	26.982299761700514	36.99306760304454	33.23496032159239	34.7087300310168	36.31024310480098	31.328596438731143	33.693589854237345	30.98028147674563	30.60969042851997	26.7672972626221	35.81058559425728	28.09434140674627	30.921002416258872	20.852301194525673	41.58652520570431	28.917672692963244	41.54150636690132	19.51496854468983	16.93849480823801	38.183719550682554	38.37127419509646	32.17028148084813	22.123889826296725	27.571471150186184	39.86700646236653	37.38316150932646	17.722596524931898	36.24570396759705	26.43322102031103	27.579416653473373	28.383923764561278	21.00743435043841	30.03275295236096	32.04042033515961	24.91528453472255	31.65652566323486	15.603130263341846	21.904617890785754	31.427465352445537	39.827539131209285	25.952916870971663	23.572032894659458	29.121215470996795	29.60655027797173	13.586032339021148	20.610228289377595	24.795687781151425	39.65318869035288	22.94746001596801	35.2845534566011	25.622200570414538	26.05209850515032	38.663410878004704	28.736934458717595	39.23007027253732	38.13822408292564	26.316233305275617	25.835211253131178	36.6413277584099	27.87525425122632	18.180950449547804	23.70988054487942	31.661119906913033	33.735277281613534	24.741238292833422	19.104191214769696	45.51210669728514	25.595278151794894	22.8806416760796	24.68747876270278	24.97452024626317	35.952204874141714	30.06424923366436	26.228288027646414	14.652313970087025	34.68132109798701	29.868837376049164	30.066355944580046	26.889866001041213	31.635940566125477	25.007880609121816	24.5227002879519	31.01454354471673	27.053805050487295	35.962924584132516	14.660385658800912	18.49718655217848	21.426995673591435	39.56823264789744	28.26646486844319	23.333522039430715	20.918762301295843	20.841048942748447	38.357083909566995	32.083502904090004	27.621794755080725	25.821322336669613	30.012134718247598	31.19244367955721	23.00143511867337	26.728027997734564	34.51377980555238	32.82304685638178	26.833291469051048	24.89016655589009	15.765905937040795	40.06690632005512	31.518585039202843	46.11674454742786	22.147879823797606	30.017061958531624	30.622616408126365	42.908302891022075	32.315866430897564	9.93483505814262	12.67959848485041	26.59457024067919	31.31777311138884	29.34288864608393	22.15858286728	33.07032277706729
39.95941100923796	31.04588291551765	14.549736094286091	40.956178375804456	37.63186879818859	29.334902432567553	30.696885339706782	33.538463519893405	30.797959041901855	39.32367335664205	22.221816171907513	47.03106404993696	36.896325855509915	31.778493993212848	20.299901053640973	30.503568436896423	22.715953189158096	24.097203000321876	33.26309764961206	27.182770201432124	28.644613018279777	26.38515819847178	29.4418828505216	33.09550160544306	20.77308151330248	32.131795118032436	28.024332659276755	45.830113033567	26.0803752362064	33.47826422360928	42.26981578621712	17.838532426311758	37.54340812470589	26.655018750369013	28.699780808694562	43.72485450271221	34.18826151304252	36.732277235078485	36.067190625005765	34.503542738973195	18.37853191022227	28.970032597319797	40.54102996536734	25.89493463215848	43.7420230646178	41.09099812492343	12.932667525489958	23.153811112959712	23.91489766834155	40.687996719224365	23.29586011246292	36.66887853783237	24.62540594640413	27.960379206837864	26.072171023024236	29.0116423714641	26.661515181652973	32.25349864610243	40.81174915137484	37.7146045558771	36.547896824116194	35.298892408875005	31.813885165834275	17.520747152712822	16.55770993734909	24.040238283629755	26.63377475099866	21.012288427582277	30.117259354917266	38.955045806129014	17.09880557556106	42.54507244202803	22.292840736567662	23.49797899539267	35.229890539206025	44.02654078506523	32.926365322412686	19.39817697430112	25.451657383379533	37.78036916097318	41.07104094533159	15.438852344322802	29.836049508801953	24.05589351618823	40.886443924477945	45.81603048703584	24.028435393627575	29.608514495551457	39.10287495069949	25.616696586699007	34.288622186485185	39.32739019435874	28.3632566525514	15.723945588492663	26.38143747265228	34.53795903024569	22.619554698665056	34.60687752063883	27.33165111352227	13.582445798753184	38.24789516797784	41.08229177527208	22.74837642278336	25.21620106734316	36.60536011896063	22.273243688943758	41.11033380844742	40.185792605710745	34.883327092480044	37.52379469584298	38.48078874372712	18.283062802339323	28.940662269599557	27.33514502572294	33.49486819164005	32.839354919530116	34.08945941067346	45.756949750557865	25.401289490831154	30.391868715464234	9.171565119039538	25.300144433097476	18.516445502682956	32.8803429951127	26.646295465576888	34.292344406650095	43.2422779786429	15.026516613839627	29.8047055274032	39.26103619855546	37.08246506554742	32.941142715184895	40.04125395329049	9.986426483347724	39.51406752904427	26.239036253326404	24.05242585230765	18.77495193176049	9.221991836873853	30.142188860593805	32.95594538129845	32.91552568367722	27.601643985481793	39.416633308793976	41.00963209377454	25.549351819959007	25.595847123837565	33.46834580212883	38.69653475618928	32.204116970250965	35.15692372975042	26.174608469975887	41.6627563423324	30.604227255875557	25.597200088745154	24.622530712945753	32.96179921645215	33.30076724697976	35.30297134716507	37.988579117605354	37.15750328813006	36.6237313220711	13.96103703355741	26.65472303689686	25.661263314335727	34.20000545927404	26.56907905641509	38.51545474823594	27.56661723110561	32.847564402028354	28.304051287223082	42.137768204237375	40.79490041552695	11.775158022529622	26.644557208553675	20.090570672283867	21.866000300355857	35.851129303079844	20.770586318373436	27.982316225558158	43.94093319627771	37.685379688052336	35.30987405140924	38.52602241218814	32.74427056561662	37.82051745832216	36.17558632888873	35.17411695717024	29.550531809392268	36.78377810891899	30.328599520183708	38.62284981489174	20.984132857442468	45.46843736175971	29.14926632590967	41.954475062901366	20.693060204237703	17.831838742258736	38.616398431160626	38.82813988883675	39.05152245028076	25.00024120679779	33.96962304710512	41.74304830928811	42.45840992740415	18.457581801789203	36.67648548516297	30.84827849925314	30.777820897534525	29.226592662228473	21.27451589103466	36.538314351967685	36.505765814784056	25.630755743124368	32.12092977883424	17.267334665487027	24.0220910081802	32.336634081948574	44.29553625358213	31.364632149732344	27.290347959526418	33.24647241446782	33.41114351525498	14.073499053266115	23.155743616867966	25.68838157584743	42.77369489509783	30.702812558005064	36.38022678040277	27.409806353887294	26.923882192884943	40.02422201649488	30.359856501674454	44.08776419414174	39.83508464021209	27.94296973971253	26.405635399151397	37.47133054471357	29.460628364075326	19.22303392032184	29.436437745090892	33.51571795774582	34.07182776576617	29.538024256509097	23.36527293304338	46.41869360369037	26.933770664590995	26.933977708889238	29.00075488288338	26.238994634157727	38.46198583849579	31.64466275328107	30.115087052365347	15.543245803206279	39.10063589199349	32.225084685345145	36.67216152090511	27.819580894175306	34.31543799671172	28.574602588200733	29.770787642661112	32.13312431223954	28.84900275841435	39.43621930032862	17.020125454598578	19.164639360795697	24.919644707356824	40.52054978287024	29.524200286079648	26.769664109559844	21.201578758966576	21.223673015194922	42.68135986062961	32.97685696834729	28.299873851998328	31.445541174915206	30.949762784822273	42.498170673808474	33.21153966829955	27.143239837949658	38.969252908321394	33.438604083402076	27.456429250071558	30.302148235850055	15.941433384681103	40.84378619897503	36.55584767955493	47.098931727175845	22.947042145697885	30.150193878440536	31.439549018188895	43.65977553932282	33.370388987913486	10.369432265372069	13.453772877132973	29.946070280067573	33.58721929085429	30.476394482486732	24.747896951050855	40.99719044401539
