# tau=t/t_H SFF SFF_smoothed GOE_connected DeltaK_abs_log10_ratio
1.000000000000000048e-04 1.324257879754563874e+02 1.324225133865498947e+02 1.999800019997333795e-04 5.820975258169581501e+00
1.011591112223829728e-04 1.324242296502329452e+02 1.324215955994380067e+02 2.022977581832760541e-04 5.815967746513382330e+00
1.023316578330244966e-04 1.324226350066673774e+02 1.324205343151521959e+02 2.046423742725537011e-04 5.810959770048205186e+00
1.035177955630176228e-04 1.324210031987168747e+02 1.324193333015171845e+02 2.070141614763123497e-04 5.805951341187639336e+00
1.047176819485520245e-04 1.324193333606487784e+02 1.324180002465862458e+02 2.094134346075829226e-04 5.800942485202298826e+00
1.059314763518370031e-04 1.324176246065826206e+02 1.324165456678190651e+02 2.118405121253895179e-04 5.795933236643027620e+00
1.071593399822671198e-04 1.324158760300224458e+02 1.324149816352844766e+02 2.142957161769398083e-04 5.790923635154070936e+00
1.084014359178331018e-04 1.324140867033781888e+02 1.324133205200541852e+02 2.167793726403025999e-04 5.785913721368637574e+00
1.096579291267809898e-04 1.324122556774753150e+02 1.324115739426889320e+02 2.192918111675785128e-04 5.780903533460437060e+00
1.109289864895222780e-04 1.324103819810540870e+02 1.324097520295210018e+02 2.218333652285692595e-04 5.775893104704463710e+00
1.122147768207980290e-04 1.324084646202566944e+02 1.324078630081935728e+02 2.244043721549514021e-04 5.770882462150263237e+00
1.135154708920999033e-04 1.324065025781023621e+02 1.324059131086794139e+02 2.270051731849600921e-04 5.765871626297002450e+00
1.148312414543511137e-04 1.324044948139507767e+02 1.324039066943633145e+02 2.296361135085894041e-04 5.760860611523066055e+00
1.161622632608501891e-04 1.324024402629531778e+02 1.324018465328771867e+02 2.322975423133139818e-04 5.755849426974061878e+00
1.175087130904807617e-04 1.324003378354900917e+02 1.323997341235923386e+02 2.349898128303393684e-04 5.750838077636696966e+00
1.188707697711903309e-04 1.323981864165965874e+02 1.323975700191916474e+02 2.377132823813860615e-04 5.745826565393320706e+00
1.202486142037412301e-04 1.323959848653739186e+02 1.323953541034092893e+02 2.404683124260139629e-04 5.740814889932754461e+00
1.216424293857368039e-04 1.323937320143893146e+02 1.323930865532963423e+02 2.432552686094931291e-04 5.735803051906687600e+00
1.230524004359261579e-04 1.323914266690577506e+02 1.323907661664846955e+02 2.460745208112275753e-04 5.730791047442520991e+00
1.244787146187906256e-04 1.323890676070151073e+02 1.323883917126449603e+02 2.489264431937378481e-04 5.725778872576383627e+00
1.259215613694150942e-04 1.323866535774718614e+02 1.323859619328385406e+02 2.518114142522093635e-04 5.720766523250985891e+00
1.273811323186478520e-04 1.323841833005539854e+02 1.323834755388531619e+02 2.547298168646127152e-04 5.715753995313430202e+00
1.288576213185518003e-04 1.323816554666303205e+02 1.323809312125252120e+02 2.576820383424025126e-04 5.710741284512968363e+00
1.303512244681508938e-04 1.323790687356204216e+02 1.323783276050449729e+02 2.606684704818018248e-04 5.705728386498707394e+00
1.318621401394748458e-04 1.323764217362906379e+02 1.323756633362457080e+02 2.636895096156779473e-04 5.700715296817260302e+00
1.333905690039058638e-04 1.323737130655307226e+02 1.323729369938778575e+02 2.667455566660177873e-04 5.695702010910341784e+00
1.349367140588306430e-04 1.323709412876158638e+02 1.323701471328645596e+02 2.698370171970083421e-04 5.690688524112310631e+00
1.365007806546013845e-04 1.323681049334505815e+02 1.323672922745421658e+02 2.729643014687300768e-04 5.685674831647649086e+00
1.380829765218092263e-04 1.323652024997962258e+02 1.323643709058812021e+02 2.761278244914698696e-04 5.680660928628388895e+00
1.396835117988739626e-04 1.323622324484793467e+02 1.323613814786910723e+02 2.793280060806610596e-04 5.675646810051473423e+00
1.413025990599533599e-04 1.323591932055827556e+02 1.323583224088049519e+02 2.825652709124569940e-04 5.670632470796059366e+00
1.429404533431761061e-04 1.323560831606183399e+02 1.323551920752473450e+02 2.858400485799463138e-04 5.665617905620754513e+00
1.445972921792019463e-04 1.323529006656801528e+02 1.323519888193819725e+02 2.891527736500166482e-04 5.660603109160793345e+00
1.462733356201129868e-04 1.323496440345775795e+02 1.323487109440391976e+02 2.925038857208746290e-04 5.655588075925139790e+00
1.479688062686396383e-04 1.323463115419499161e+02 1.323453567126252608e+02 2.958938294802293295e-04 5.650572800293533149e+00
1.496839293077255632e-04 1.323429014223598017e+02 1.323419243482091474e+02 2.993230547641470953e-04 5.645557276513453182e+00
1.514189325304352018e-04 1.323394118693661596e+02 1.323384120325898436e+02 3.027920166165852479e-04 5.640541498697022149e+00
1.531740463702079740e-04 1.323358410345749974e+02 1.323348179053414526e+02 3.063011753496128480e-04 5.635525460817830457e+00
1.549495039314631646e-04 1.323321870266697715e+02 1.323311400628367664e+02 3.098509966043256183e-04 5.630509156707691254e+00
1.567455410205595065e-04 1.323284479104188165e+02 1.323273765572480158e+02 3.134419514124640264e-04 5.625492580053312430e+00
1.585623961771137158e-04 1.323246217056594389e+02 1.323235253955255928e+02 3.170745162587414656e-04 5.620475724392898442e+00
1.604003107056819902e-04 1.323207063862599568e+02 1.323195845383520748e+02 3.207491731438919663e-04 5.615458583112668656e+00
1.622595287078087002e-04 1.323166998790576940e+02 1.323155518990737107e+02 3.244664096484443775e-04 5.610441149443294861e+00
1.641402971144466361e-04 1.323126000627705423e+02 1.323114253426063271e+02 3.282267189972323958e-04 5.605423416456252639e+00
1.660428657187529582e-04 1.323084047668877474e+02 1.323072026843169624e+02 3.320306001246483034e-04 5.600405377060093670e+00
1.679674872092653225e-04 1.323041117705314207e+02 1.323028816888788981e+02 3.358785577406489791e-04 5.595387023996623022e+00
1.699144172034625999e-04 1.322997188012941763e+02 1.322984600691018500e+02 3.397711023975232372e-04 5.590368349836992046e+00
1.718839142817145534e-04 1.322952235340490574e+02 1.322939354847346181e+02 3.437087505574287316e-04 5.585349346977698914e+00
1.738762400216250527e-04 1.322906235897333147e+02 1.322893055412406511e+02 3.476920246607074268e-04 5.580330007636493228e+00
1.758916590327732731e-04 1.322859165341038192e+02 1.322845677885448197e+02 3.517214531949887954e-04 5.575310323848188254e+00
1.779304389918577296e-04 1.322810998764642818e+02 1.322797197197533592e+02 3.557975707650890365e-04 5.570290287460369250e+00
1.799928506782476454e-04 1.322761710683626859e+02 1.322747587698429470e+02 3.599209181637167787e-04 5.565269890129010300e+00
1.820791680099462359e-04 1.322711275022605548e+02 1.322696823143207610e+02 3.640920424429929100e-04 5.560249123313979247e+00
1.841896680799710861e-04 1.322659665101699318e+02 1.322644876678531887e+02 3.683114969867951061e-04 5.555227978274439593e+00
1.863246311931559835e-04 1.322606853622615972e+02 1.322591720828651773e+02 3.725798415839356222e-04 5.550206446064152921e+00
1.884843409033795474e-04 1.322552812654398338e+02 1.322537327481048806e+02 3.768976425021829200e-04 5.545184517526654311e+00
1.906690840512252085e-04 1.322497513618849325e+02 1.322481667871786613e+02 3.812654725631356933e-04 5.540162183290334497e+00
1.928791508020777693e-04 1.322440927275635261e+02 1.322424712570500276e+02 3.856839112179594859e-04 5.535139433763390571e+00
1.951148346846616412e-04 1.322383023707045879e+02 1.322366431465067933e+02 3.901535446239965256e-04 5.530116259128667444e+00
1.973764326300255292e-04 1.322323772302403597e+02 1.322306793745919720e+02 3.946749657222570142e-04 5.525092649338373185e+00
1.996642450109793374e-04 1.322263141742128596e+02 1.322245767889995705e+02 3.992487743158042342e-04 5.520068594108677118e+00
2.019785756819878484e-04 1.322201099981428456e+02 1.322183321644342300e+02 4.038755771490413322e-04 5.515044082914171142e+00
2.043197320195270594e-04 1.322137614233636782e+02 1.322119422009330378e+02 4.085559879879120844e-04 5.510019104982212923e+00
2.066880249629082160e-04 1.322072650953160746e+02 1.322054035221500499e+02 4.132906277010250777e-04 5.504993649287124313e+00
2.090837690555749911e-04 1.322006175818040958e+02 1.321987126736014204e+02 4.180801243417118758e-04 5.499967704544264535e+00
2.115072824868794756e-04 1.321938153712135033e+02 1.321918661208718220e+02 4.229251132310303941e-04 5.494941259203957706e+00
2.139588871343421563e-04 1.321868548706871991e+02 1.321848602477788290e+02 4.278262370417234553e-04 5.489914301445280920e+00
2.164389086064020347e-04 1.321797324042622108e+02 1.321776913544968579e+02 4.327841458831445626e-04 5.484886819169700445e+00
2.189476762856620634e-04 1.321724442109624249e+02 1.321703556556396677e+02 4.377994973871608101e-04 5.479858799994572927e+00
2.214855233726359179e-04 1.321649864428497949e+02 1.321628492782964770e+02 4.428729567950449105e-04 5.474830231246473389e+00
2.240527869300018224e-04 1.321573551630307009e+02 1.321551682600284892e+02 4.480051970453672368e-04 5.469801099954389123e+00
2.266498079273692845e-04 1.321495463436176578e+02 1.321473085468160207e+02 4.531968988628995334e-04 5.464771392842733277e+00
2.292769312865648647e-04 1.321415558636465164e+02 1.321392659909619738e+02 4.584487508485416253e-04 5.459741096324208343e+00
2.319345059274427543e-04 1.321333795069442658e+02 1.321310363489472479e+02 4.637614495702829451e-04 5.454710196492499108e+00
2.346228848142262321e-04 1.321250129599510217e+02 1.321226152792391133e+02 4.691356996552108020e-04 5.449678679114787094e+00
2.373424250023866149e-04 1.321164518094935545e+02 1.321139983400483118e+02 4.745722138825771044e-04 5.444646529624099784e+00
2.400934876860651764e-04 1.321076915405059538e+02 1.321051809870383806e+02 4.800717132779357848e-04 5.439613733111471561e+00
2.428764382460450548e-04 1.320987275337033395e+02 1.320961585709821975e+02 4.856349272083631814e-04 5.434580274317926118e+00
2.456916462982790305e-04 1.320895550632001232e+02 1.320869263353662006e+02 4.912625934787734090e-04 5.429546137626266145e+00
2.485394857429798422e-04 1.320801692940775069e+02 1.320774794139421715e+02 4.969554584293418929e-04 5.424511307052672926e+00
2.514203348142796828e-04 1.320705652798944243e+02 1.320678128282231114e+02 5.027142770340490468e-04 5.419475766238110559e+00
2.543345761304648361e-04 1.320607379601455307e+02 1.320579214849238383e+02 5.085398130003566160e-04 5.414439498439520548e+00
2.572825967447932359e-04 1.320506821576607024e+02 1.320478001733453084e+02 5.144328388700315953e-04 5.409402486520819231e+00
2.602647881969004482e-04 1.320403925759474362e+02 1.320374435626992522e+02 5.203941361211270435e-04 5.404364712943674931e+00
2.632815465648020189e-04 1.320298637964741033e+02 1.320268461993747167e+02 5.264244952711378493e-04 5.399326159758071952e+00
2.663332725174980963e-04 1.320190902758927791e+02 1.320160025041440974e+02 5.325247159813399026e-04 5.394286808592658744e+00
2.694203713681882413e-04 1.320080663432011363e+02 1.320049067693056486e+02 5.386956071623296956e-04 5.389246640644854480e+00
2.725432531281027707e-04 1.319967861968406737e+02 1.319935531557644879e+02 5.449379870807771449e-04 5.384205636670738038e+00
2.757023325609582747e-04 1.319852439017315930e+02 1.319819356900486014e+02 5.512526834674043221e-04 5.379163776974687394e+00
2.788980292380439777e-04 1.319734333862414815e+02 1.319700482612584835e+02 5.576405336262050530e-04 5.374121041398786325e+00
2.821307675939470740e-04 1.319613484390878284e+02 1.319578846179501852e+02 5.641023845449193727e-04 5.369077409311969973e+00
2.854009769829237591e-04 1.319489827061722451e+02 1.319454383649495242e+02 5.706390930067781241e-04 5.364032859598926173e+00
2.887090917359234400e-04 1.319363296873446529e+02 1.319327029600962362e+02 5.772515257035287567e-04 5.358987370648724990e+00
2.920555512182745244e-04 1.319233827330969859e+02 1.319196717109168731e+02 5.839405593497619526e-04 5.353940920343188026e+00
2.954407998880379709e-04 1.319101350411842475e+02 1.319063377712245710e+02 5.907070807985491607e-04 5.348893486044985046e+00
2.988652873550382482e-04 1.318965796531715569e+02 1.318926941376449236e+02 5.975519871584092542e-04 5.343845044585438409e+00
3.023294684405776131e-04 1.318827094509057076e+02 1.318787336460651147e+02 6.044761859116172141e-04 5.338795572252055699e+00
3.058338032378431388e-04 1.318685171529103570e+02 1.318644489680067977e+02 6.114805950338720762e-04 5.333745044775757727e+00
3.093787571730136510e-04 1.318539953107016913e+02 1.318498326069192217e+02 6.185661431153371536e-04 5.328693437317809867e+00
3.129648010670750265e-04 1.318391363050251073e+02 1.318348768943916696e+02 6.257337694830710732e-04 5.323640724456443429e+00
3.165924111983520412e-04 1.318239323420096696e+02 1.318195739862846096e+02 6.329844243248628540e-04 5.318586880173163500e+00
3.202620693657650080e-04 1.318083754492392643e+02 1.318039158587763779e+02 6.403190688144881583e-04 5.313531877838733486e+00
3.239742629528195514e-04 1.317924574717389419e+02 1.317878943043247375e+02 6.477386752384031937e-04 5.308475690198825703e+00
3.277294849923381931e-04 1.317761700678748582e+02 1.317715009275415241e+02 6.552442271238911225e-04 5.303418289359338900e+00
3.315282342319423150e-04 1.317595047051655399e+02 1.317547271409775647e+02 6.628367193686799481e-04 5.298359646771364062e+00
3.353710152002928996e-04 1.317424526560040476e+02 1.317375641608188630e+02 6.705171583720454355e-04 5.293299733215800273e+00
3.392583382740992125e-04 1.317250049932867739e+02 1.317200030024882267e+02 6.782865621674184688e-04 5.288238518787598430e+00
3.431907197459042598e-04 1.317071525859504959e+02 1.317020344761553474e+02 6.861459605565126780e-04 5.283175972879648796e+00
3.471686818926559680e-04 1.316888860944131636e+02 1.316836491821491677e+02 6.940963952449906568e-04 5.278112064166267992e+00
3.511927530450727588e-04 1.316701959659177419e+02 1.316648375062729031e+02 7.021389199796836253e-04 5.273046760586312054e+00
3.552634676578139260e-04 1.316510724297774573e+02 1.316455896150207820e+02 7.102746006873862216e-04 5.267980029325880054e+00
3.593813663804625697e-04 1.316315054925198353e+02 1.316258954506922976e+02 7.185045156152400836e-04 5.262911836800616250e+00
3.635469961293317630e-04 1.316114849329281355e+02 1.316057447264028895e+02 7.268297554727271449e-04 5.257842148637585922e+00
3.677609101601030626e-04 1.315910002969785069e+02 1.315851269209908310e+02 7.352514235752898855e-04 5.252770929656728427e+00
3.720236681413065759e-04 1.315700408926704768e+02 1.315640312738158855e+02 7.437706359895959914e-04 5.247698143851869723e+00
3.763358362286532656e-04 1.315485957847488692e+02 1.315424467794497616e+02 7.523885216804686738e-04 5.242623754371282807e+00
3.806979871402283821e-04 1.315266537893159011e+02 1.315203621822542175e+02 7.611062226594977193e-04 5.237547723497789853e+00
3.851107002325568655e-04 1.315042034683295071e+02 1.314977659708485476e+02 7.699248941353541457e-04 5.232470012628396283e+00
3.895745615775500948e-04 1.314812331239895684e+02 1.314746463724589773e+02 7.788457046658246209e-04 5.227390582253432783e+00
3.940901640403447737e-04 1.314577307930049699e+02 1.314509913471537459e+02 7.878698363115875427e-04 5.222309391935212375e+00
3.986581073580438726e-04 1.314336842407448671e+02 1.314267885819575099e+02 7.969984847917480205e-04 5.217226400286178567e+00
4.032789982193705223e-04 1.314090809552672852e+02 1.314020254848452396e+02 8.062328596411544182e-04 5.212141564946529471e+00
4.079534503452448896e-04 1.313839081412265557e+02 1.313766891786125370e+02 8.155741843695136963e-04 5.207054842561320562e+00
4.126820845702952015e-04 1.313581527136553575e+02 1.313507664946208990e+02 8.250236966223281057e-04 5.201966188757014109e+00
4.174655289253134888e-04 1.313318012916203656e+02 1.313242439664155370e+02 8.345826483436727481e-04 5.196875558117478811e+00
4.223044187206672164e-04 1.313048401917492924e+02 1.312971078232133664e+02 8.442523059408347120e-04 5.191782904159416567e+00
4.271993966306776428e-04 1.312772554216250285e+02 1.312693439832597733e+02 8.540339504508355755e-04 5.186688179307202162e+00
4.321511127789761839e-04 1.312490326730502090e+02 1.312409380470515430e+02 8.639288777088571184e-04 5.181591334867132304e+00
4.371602248248502198e-04 1.312201573151731395e+02 1.312118752904224266e+02 8.739383985185937695e-04 5.176492321001048502e+00
4.422273980505897289e-04 1.311906143874777797e+02 1.311821406574933064e+02 8.840638388245508714e-04 5.171391086699350659e+00
4.473533054498462949e-04 1.311603885926345754e+02 1.311517187534801394e+02 8.943065398863129416e-04 5.166287579753350734e+00
4.525386278170166862e-04 1.311294642892086131e+02 1.311205938373591948e+02 9.046678584548037199e-04 5.161181746726978048e+00
4.577840538376616304e-04 1.310978254842247281e+02 1.310887498143896437e+02 9.151491669505586049e-04 5.156073532927805125e+00
4.630902801799736631e-04 1.310654558255855591e+02 1.310561702284874741e+02 9.257518536440346307e-04 5.150962882377386087e+00
4.684580115873045137e-04 1.310323385943432299e+02 1.310228382544521537e+02 9.364773228379794524e-04 5.145849737780884503e+00
4.738879609717650920e-04 1.309984566968192041e+02 1.309887366900408665e+02 9.473269950518823247e-04 5.140734040495979151e+00
4.793808495089107069e-04 1.309637926565720818e+02 1.309538479478908357e+02 9.583023072085320110e-04 5.135615730501021936e+00
4.849374067335233355e-04 1.309283286062115224e+02 1.309181540472858103e+02 9.694047128227027644e-04 5.130494746362442626e+00
4.905583706365045484e-04 1.308920462790547390e+02 1.308816366057652374e+02 9.806356821919952685e-04 5.125371025201366670e+00
4.962444877628913436e-04 1.308549270006257359e+02 1.308442768305750405e+02 9.919967025898547650e-04 5.120244502659438979e+00
5.019965133110079530e-04 1.308169516799917176e+02 1.308060555099552289e+02 1.003489278460790004e-03 5.115115112863827918e+00
5.078152112327670659e-04 1.307781008009390007e+02 1.307669530042654173e+02 1.015114931617820552e-03 5.109982788391390862e+00
5.137013543351339135e-04 1.307383544129828863e+02 1.307269492369451598e+02 1.026875201442176535e-03 5.104847460231983547e+00
5.196557243827657369e-04 1.306976921222108672e+02 1.306860236853052299e+02 1.038771645085271840e-03 5.099709057750887453e+00
5.256791122018419265e-04 1.306560930819581472e+02 1.306441553711522090e+02 1.050805837672984288e-03 5.094567508650333032e+00
5.317723177850966487e-04 1.306135359833124880e+02 1.306013228512391322e+02 1.062979372512260975e-03 5.089422738930105439e+00
5.379361503980697925e-04 1.305699990454455417e+02 1.305575042075454348e+02 1.075293861300079820e-03 5.084274672847199028e+00
5.441714286865887004e-04 1.305254600057721461e+02 1.305126770373812519e+02 1.087750934334789834e-03 5.079123232874501070e+00
5.504789807854967333e-04 1.304798961099328665e+02 1.304668184433150486e+02 1.100352240729861797e-03 5.073968339658488702e+00
5.568596444286409188e-04 1.304332841015991278e+02 1.304199050229243539e+02 1.113099448630070366e-03 5.068809911975896476e+00
5.633142670601351629e-04 1.303856002120996322e+02 1.303719128583659312e+02 1.125994245430138188e-03 5.063647866689352739e+00
5.698437059469136636e-04 1.303368201498664973e+02 1.303228175057650446e+02 1.139038337995871945e-03 5.058482118701930652e+00
5.764488282925873171e-04 1.302869190896996656e+02 1.302725939844232244e+02 1.152233452887810273e-03 5.053312580910620966e+00
5.831305113526218760e-04 1.302358716618485914e+02 1.302212167658406941e+02 1.165581336587420865e-03 5.048139164158663483e+00
5.898896425508493501e-04 1.301836519409077937e+02 1.301686597625565298e+02 1.179083755725869294e-03 5.042961777186744321e+00
5.967271195973310833e-04 1.301302334345301404e+02 1.301148963167995305e+02 1.192742497315388414e-03 5.037780326582993240e+00
6.036438506075863814e-04 1.300755890719510717e+02 1.300598991889553702e+02 1.206559368983281706e-03 5.032594716731789930e+00
6.106407542232036075e-04 1.300196911923273149e+02 1.300036405458442914e+02 1.220536199208584888e-03 5.027404849761317074e+00
6.177187597338488134e-04 1.299625115328867935e+02 1.299460919488107606e+02 1.234674837561417415e-03 5.022210625489846869e+00
6.248788072006888211e-04 1.299040212168902713e+02 1.298872243416238632e+02 1.248977154945055124e-03 5.017011941370722816e+00
6.321218475812448011e-04 1.298441907414050149e+02 1.298270080381902005e+02 1.263445043840752402e-03 5.011808692436009238e+00
6.394488428556943443e-04 1.297829899648878040e+02 1.297654127100745711e+02 1.278080418555345996e-03 5.006600771238763237e+00
6.468607661546327617e-04 1.297203880945803292e+02 1.297024073738330685e+02 1.292885215471664510e-03 5.001388067793910430e+00
6.543586018883235361e-04 1.296563536737145910e+02 1.296379603781566061e+02 1.307861393301793700e-03 4.996170469517672963e+00
6.619433458774394430e-04 1.295908545685294371e+02 1.295720393908247274e+02 1.323010933343203837e-03 4.990947861165526689e+00
6.696160054853222054e-04 1.295238579551006808e+02 1.295046113854719181e+02 1.338335839737787511e-03 4.985720124768640460e+00
6.773775997517752102e-04 1.294553303059817324e+02 1.294356426281655956e+02 1.353838139733838652e-03 4.980487139568767319e+00
6.852291595284064167e-04 1.293852373766595463e+02 1.293650986637987899e+02 1.369519883950999018e-03 4.975248781951536969e+00
6.931717276155407569e-04 1.293135441918235529e+02 1.292929443022963483e+02 1.385383146648211166e-03 4.970004925378121108e+00
7.012063589007183975e-04 1.292402150314543974e+02 1.292191436046387878e+02 1.401430025994707639e-03 4.964755440315218316e+00
7.093341204987996815e-04 1.291652134167277097e+02 1.291436598687039066e+02 1.417662644344072111e-03 4.959500194163328324e+00
7.175560918936927952e-04 1.290885020957403526e+02 1.290664556149296800e+02 1.434083148511403538e-03 4.954239051183259690e+00
7.258733650817253023e-04 1.290100430290598297e+02 1.289874925718005159e+02 1.450693710053622531e-03 4.948971872420830920e+00
7.342870447166765678e-04 1.289297973750985022e+02 1.289067316611584033e+02 1.467496525552948808e-03 4.943698515629714407e+00
7.427982482564918871e-04 1.288477254753179295e+02 1.288241329833456632e+02 1.484493816903589836e-03 4.938418835192389444e+00
7.514081061116969704e-04 1.287637868392659470e+02 1.287396558021790725e+02 1.501687831601672104e-03 4.933132682039128802e+00
7.601177617955330547e-04 1.286779401294498371e+02 1.286532585297627520e+02 1.519080843038454710e-03 4.927839903564997570e+00
7.689283720758312941e-04 1.285901431460517870e+02 1.285648987111417796e+02 1.536675150796857139e-03 4.922540343544787866e+00
7.778411071286489781e-04 1.285003528114894493e+02 1.284745330088035189e+02 1.554473080951341776e-03 4.917233842045849457e+00
7.868571506936851423e-04 1.284085251548291637e+02 1.283821171870313549e+02 1.572476986371184769e-03 4.911920235338762986e+00
7.959777002314985571e-04 1.283146152960559334e+02 1.282876060961162921e+02 1.590689247027174706e-03 4.906599355805781215e+00
8.052039670825478267e-04 1.282185774302075174e+02 1.281909536564342034e+02 1.609112270301776620e-03 4.901271031847005410e+00
8.145371766280745229e-04 1.281203648113800568e+02 1.280921128423950108e+02 1.627748491302797749e-03 4.895935087784214268e+00
8.239785684528520143e-04 1.280199297366107771e+02 1.279910356662719977e+02 1.646600373180595383e-03 4.890591343762299203e+00
8.335293965098195066e-04 1.279172235296501725e+02 1.278876731619192668e+02 1.665670407448864750e-03 4.885239615648233169e+00
8.431909292866259040e-04 1.278121965246268275e+02 1.277819753683862700e+02 1.684961114309046614e-03 4.879879714927508161e+00
8.529644499741025759e-04 1.277047980496196118e+02 1.276738913134407625e+02 1.704475042978393197e-03 4.874511448597986352e+00
8.628512566366895297e-04 1.275949764101452217e+02 1.275633689970073874e+02 1.724214772021732955e-03 4.869134619061070701e+00
8.728526623848379762e-04 1.274826788725712703e+02 1.274503553745364997e+02 1.744182909686978243e-03 4.863749024010150634e+00
8.829699955494092365e-04 1.273678516474701894e+02 1.273347963403141847e+02 1.764382094244409038e-03 4.858354456316232195e+00
8.932045998580968784e-04 1.272504398729215893e+02 1.272166367107252825e+02 1.784814994329780857e-03 4.852950703910682506e+00
9.035578346138930074e-04 1.271303875977822457e+02 1.270958202074839676e+02 1.805484309291297646e-03 4.847537549665006829e+00
9.140310748756232161e-04 1.270076377649340742e+02 1.269722894408480158e+02 1.826392769540486488e-03 4.842114771267587159e+00
9.246257116405742597e-04 1.268821321945264486e+02 1.268459858928298303e+02 1.847543136907025532e-03 4.836682141097283782e+00
9.353431520292386373e-04 1.267538115672324039e+02 1.267168499004231847e+02 1.868938204997558535e-03 4.831239426093832279e+00
9.461848194722001460e-04 1.266226154075307875e+02 1.265848206388623822e+02 1.890580799558548054e-03 4.825786387624934726e+00
9.571521538991865398e-04 1.264884820670388592e+02 1.264498361049339366e+02 1.912473778843204811e-03 4.820322781349959840e+00
9.682466119303123836e-04 1.263513487079106312e+02 1.263118331003579442e+02 1.934620033982542000e-03 4.814848357080157015e+00
9.794696670695395360e-04 1.262111512863242382e+02 1.261707472152651235e+02 1.957022489360595117e-03 4.809362858635288340e+00
9.908228099003797609e-04 1.260678245360812610e+02 1.260265128117883080e+02 1.979684102993858018e-03 4.803866023696581777e+00
1.002307548283865382e-03 1.259213019523385952e+02 1.258790630077934196e+02 2.002607866914974267e-03 4.798357583655895375e+00
1.013925407558815411e-03 1.257715157755021522e+02 1.257283296607767653e+02 2.025796807560735577e-03 4.792837263460997477e+00
1.025677930744421868e-03 1.256183969753048615e+02 1.255742433519526742e+02 2.049253986164431378e-03 4.787304781456843017e+00
1.037566678745185890e-03 1.254618752351000097e+02 1.254167333705629090e+02 2.072982499152597417e-03 4.781759849222741110e+00
1.049593230558227598e-03 1.253018789363979124e+02 1.252557276984358339e+02 2.096985478546206996e-03 4.776202171405291352e+00
1.061759183483000071e-03 1.251383351436759881e+02 1.250911529948270271e+02 2.121266092366362512e-03 4.770631445546980487e+00
1.074066153333433447e-03 1.249711695894996240e+02 1.249229345815748786e+02 2.145827545044522860e-03 4.765047361910291990e+00
1.086515774652538433e-03 1.248003066599817714e+02 1.247509964286080759e+02 2.170673077837328296e-03 4.759449603297232656e+00
1.099109700929497193e-03 1.246256693806246716e+02 1.245752611398384317e+02 2.195805969246060908e-03 4.753837844864116313e+00
1.111849604819271095e-03 1.244471794025771629e+02 1.243956499394810038e+02 2.221229535440800984e-03 4.748211753931482093e+00
1.124737178364752007e-03 1.242647569893501043e+02 1.242120826588406572e+02 2.246947130689319182e-03 4.742570989789001601e+00
1.137774133221491381e-03 1.240783210040328726e+02 1.240244777236098486e+02 2.272962147790766503e-03 4.736915203495231097e+00
1.150962200885032299e-03 1.238877888970544205e+02 1.238327521417208743e+02 2.299278018514205012e-03 4.731244037672063030e+00
1.164303132920876775e-03 1.236930766945362166e+02 1.236368214918021948e+02 2.325898214042032217e-03 4.725557126293703725e+00
1.177798701197119331e-03 1.234940989872873303e+02 1.234365999122859563e+02 2.352826245418357214e-03 4.719854094470040451e+00
1.191450698119775895e-03 1.232907689204922121e+02 1.232320000912227016e+02 2.380065664002375871e-03 4.714134558224208682e+00
1.205260936870842505e-03 1.230829981841446994e+02 1.230229332568543867e+02 2.407620061926799698e-03 4.708398124264205009e+00
1.219231251649110712e-03 1.228706970042885018e+02 1.228093091690065535e+02 2.435493072561393472e-03 4.702644389748355636e+00
1.233363497913775872e-03 1.226537741351192068e+02 1.225910361113559759e+02 2.463688370981674969e-03 4.696872942044459265e+00
1.247659552630869806e-03 1.224321368520130875e+02 1.223680208846416377e+02 2.492209674442835352e-03 4.691083358482417864e+00
1.262121314522547276e-03 1.222056909455469764e+02 1.221401688008809856e+02 2.521060742858926597e-03 4.685275206100152801e+00
1.276750704319265777e-03 1.219743407165777853e+02 1.219073836786608780e+02 2.550245379287384949e-03 4.679448041382595846e+00
1.291549665014883998e-03 1.217379889724522712e+02 1.216695678395788462e+02 2.579767430418935040e-03 4.673601409993564104e+00
1.306520162124721234e-03 1.214965370244214569e+02 1.214266221059044142e+02 2.609630787072939745e-03 4.667734846500267487e+00
1.321664183946605082e-03 1.212498846863393140e+02 1.211784457995439510e+02 2.639839384698249112e-03 4.661847874090253363e+00
1.336983741824946661e-03 1.209979302747229895e+02 1.209249367423883257e+02 2.670397203879608643e-03 4.655940004280526345e+00
1.352480870417875451e-03 1.207405706102652232e+02 1.206659912581297505e+02 2.701308270849685049e-03 4.650010736618619411e+00
1.368157627967471913e-03 1.204777010208792518e+02 1.204015041756369868e+02 2.732576658006767144e-03 4.644059558375341901e+00
1.384016096573131502e-03 1.202092153463765385e+02 1.201313688339810426e+02 2.764206484438207819e-03 4.638085944228957480e+00
1.400058382468097589e-03 1.199350059448659209e+02 1.198554770892101686e+02 2.796201916449656943e-03 4.632089355940519404e+00
1.416286616299198848e-03 1.196549637009788967e+02 1.195737193229726927e+02 2.828567168100155470e-03 4.626069242020060202e+00
1.432702953409831009e-03 1.193689780360219004e+02 1.192859844530922686e+02 2.861306501743150592e-03 4.620025037383368449e+00
1.449309574126216591e-03 1.190769369201647550e+02 1.189921599462072948e+02 2.894424228573487436e-03 4.613956162999024002e+00
1.466108684046984459e-03 1.187787268867761128e+02 1.186921318325841526e+02 2.927924709180450627e-03 4.607862025525389704e+00
1.483102514336104337e-03 1.184742330490240221e+02 1.183857847232239919e+02 2.961812354106909892e-03 4.601742016937224733e+00
1.500293322019218348e-03 1.181633391188592270e+02 1.180730018293842107e+02 2.996091624414636521e-03 4.595595514141572302e+00
1.517683390283405343e-03 1.178459274285118283e+02 1.177536649846415173e+02 3.030767032255857023e-03 4.589421878582577996e+00
1.535275028780422714e-03 1.175218789546241425e+02 1.174276546696261079e+02 3.065843141451108592e-03 4.583220455834847051e+00
1.553070573933460147e-03 1.171910733451605040e+02 1.170948500395658414e+02 3.101324568073455818e-03 4.576990575184989751e+00
1.571072389247450424e-03 1.168533889492299380e+02 1.167551289547775895e+02 3.137215981039144508e-03 4.570731549200912625e+00
1.589282865622978049e-03 1.165087028499662836e+02 1.164083680142535684e+02 3.173522102704754225e-03 4.564442673288472641e+00
1.607704421673823627e-03 1.161568909006159060e+02 1.160544425924923218e+02 3.210247709470912848e-03 4.558123225235048537e+00
1.626339504048192157e-03 1.157978277639855094e+02 1.156932268797288543e+02 3.247397632392650790e-03 4.551772464739562984e+00
1.645190587753662514e-03 1.154313869554101757e+02 1.153245939257263188e+02 3.284976757796454708e-03 4.545389632928515056e+00
1.664260176485903671e-03 1.150574408894053846e+02 1.149484156872918419e+02 3.322990027904091856e-03 4.538973951857504296e+00
1.683550802961202323e-03 1.146758609301706713e+02 1.145645630796907000e+02 3.361442441463281805e-03 4.532524623997749025e+00
1.703065029252844422e-03 1.142865174461232272e+02 1.141729060321304559e+02 3.400339054385275415e-03 4.526040831707064171e+00
1.722805447131393972e-03 1.138892798686342047e+02 1.137733135475000950e+02 3.439684980389415628e-03 4.519521736684744440e+00
1.742774678408919205e-03 1.134840167551595158e+02 1.133656537665455915e+02 3.479485391654757714e-03 4.512966479409760368e+00
1.762975375287205784e-03 1.130705958569480032e+02 1.129497940366773889e+02 3.519745519478812302e-03 4.506374178561682875e+00
1.783410220710008025e-03 1.126488841915270029e+02 1.125256009856019404e+02 3.560470654943488373e-03 4.499743930423680816e+00
1.804081928719382779e-03 1.122187481201604555e+02 1.120929405999813753e+02 3.601666149588313420e-03 4.493074808266955600e+00
1.824993244816152391e-03 1.117800534304859781e+02 1.116516783093250780e+02 3.643337416090991054e-03 4.486365861715896131e+00
1.846146946324547485e-03 1.113326654245408349e+02 1.112016790753243924e+02 3.685489928955392337e-03 4.479616116093260381e+00
1.867545842761075955e-03 1.108764490123880364e+02 1.107428074868463312e+02 3.728129225207033309e-03 4.472824571744604683e+00
1.889192776207666326e-03 1.104112688115626497e+02 1.102749278608052919e+02 3.771260905096132827e-03 4.465990203341191567e+00
1.911090621689137941e-03 1.099369892525616166e+02 1.097979043491377240e+02 3.814890632808314464e-03 4.459111959160540373e+00
1.933242287555045260e-03 1.094534746906004585e+02 1.093116010521060986e+02 3.859024137183039195e-03 4.452188760343760876e+00
1.955650715865949168e-03 1.089605895238709792e+02 1.088158821381656054e+02 3.903667212439839579e-03 4.445219500128758661e+00
1.978318882784164089e-03 1.084581983185316147e+02 1.083106119706294947e+02 3.948825718912436951e-03 4.438203043058380537e+00
2.001249798969036847e-03 1.079461659406689762e+02 1.077956552413678537e+02 3.994505583790824467e-03 4.431138224162480377e+00
2.024446509976803900e-03 1.074243576954688564e+02 1.072708771117873709e+02 4.040712801871382785e-03 4.424023848112903501e+00
2.047912096665085481e-03 1.068926394738408447e+02 1.067361433613284873e+02 4.087453436315126830e-03 4.416858688350245643e+00
2.071649675602069141e-03 1.063508779067407914e+02 1.061913205437317345e+02 4.134733619414154328e-03 4.409641486181294923e+00
2.095662399480432980e-03 1.057989405274350787e+02 1.056362761513156983e+02 4.182559553366370711e-03 4.402370949845910708e+00
2.119953457536071038e-03 1.052366959419563983e+02 1.050708787875166337e+02 4.230937511058590131e-03 4.395045753552096812e+00
2.144526075971667656e-03 1.046640140079944246e+02 1.044949983479365301e+02 4.279873836858083709e-03 4.387664536477943855e+00
2.169383518385184159e-03 1.040807660224704847e+02 1.039085062101464985e+02 4.329374947412655689e-03 4.380225901739027705e+00
2.194529086203313769e-03 1.034868249180405968e+02 1.033112754324922093e+02 4.379447332459347232e-03 4.372728415319819817e+00
2.219966119119954652e-03 1.028820654687691984e+02 1.027031809621428096e+02 4.430097555641830318e-03 4.365170604967536505e+00
2.245697995539773940e-03 1.022663645052147672e+02 1.020840998526264372e+02 4.481332255336600151e-03 4.357550959046836425e+00
2.271728133026905232e-03 1.016396011391623517e+02 1.014539114910864157e+02 4.533158145488036354e-03 4.349867925353620990e+00
2.298059988758851136e-03 1.010016569982360011e+02 1.008124978354891965e+02 4.585582016452423131e-03 4.342119909886154261e+00
2.324697059985648094e-03 1.003524164706125674e+02 1.001597436620094186e+02 4.638610735851023820e-03 4.334305275571596283e+00
2.351642884494348565e-03 9.969176696005860094e+01 9.949553682280804878e+01 4.692251249432280100e-03 4.326422340945941691e+00
2.378901041078893431e-03 9.901959915149573987e+01 9.881976851441173437e+01 4.746510581943255529e-03 4.318469378785242618e+00
2.406475150015424062e-03 9.833580728729347697e+01 9.813233355689021664e+01 4.801395838010365062e-03 4.310444614685900788e+00
2.434368873543110365e-03 9.764028945447741137e+01 9.743313068401663202e+01 4.856914203029539731e-03 4.302346225591641371e+00
2.462585916350546866e-03 9.693294788302419818e+01 9.672206284458194148e+01 4.913072944065859440e-03 4.294172338264689692e+00
2.491130026067788373e-03 9.621368925540149064e+01 9.599903751501872762e+01 4.969879410762786595e-03 4.285921027698517349e+00
2.520004993764092018e-03 9.548242502749381799e+01 9.526396702347280154e+01 5.027341036261074279e-03 4.277590315469349314e+00
2.549214654451422910e-03 9.473907176103499239e+01 9.451676888543896382e+01 5.085465338127442662e-03 4.269178168023485931e+00
2.578762887593801043e-03 9.398355146764635037e+01 9.375736615105995497e+01 5.144259919293117309e-03 4.260682494897314321e+00
2.608653617622547997e-03 9.321579196455945748e+01 9.298568776415673653e+01 5.203732469002327402e-03 4.252101146866678505e+00
2.638890814457510187e-03 9.243572724206889291e+01 9.220166893303954225e+01 5.263890763770856691e-03 4.243431914022097295e+00
2.669478494034320699e-03 9.164329784273992630e+01 9.140525151311162233e+01 5.324742668354736502e-03 4.234672523766090713e+00
2.700420718837772543e-03 9.083845125235920648e+01 9.059638440125156933e+01 5.386296136729179680e-03 4.225820638728645662e+00
2.731721598441376204e-03 9.002114230258190730e+01 8.977502394192343615e+01 5.448559213077856962e-03 4.216873854596626003e+00
2.763385290053169997e-03 8.919133358519647459e+01 8.894113434492211923e+01 5.511540032792605973e-03 4.207829697852608852e+00
2.795415999067856535e-03 8.834899587788049757e+01 8.809468811462659232e+01 5.575246823483670858e-03 4.198685623418424662e+00
2.827817979625341181e-03 8.749410858128200630e+01 8.723566649058193434e+01 5.639687906000574041e-03 4.189439012198283407e+00
2.860595535175741895e-03 8.662666016721233575e+01 8.636405989918891635e+01 5.704871695463714643e-03 4.180087168516116947e+00
2.893753019050950264e-03 8.574664863768144585e+01 8.547986841622278575e+01 5.770806702306797639e-03 4.170627317441347515e+00
2.927294835042816134e-03 8.485408199445816990e+01 8.458310223984874199e+01 5.837501533330184851e-03 4.161056601996938831e+00
2.961225437988034351e-03 8.394897871877354589e+01 8.367378217374378835e+01 5.904964892765280499e-03 4.151372080243178608e+00
2.995549334359812969e-03 8.303136826072154975e+01 8.275194011986563680e+01 5.973205583350041543e-03 4.141570722230152768e+00
3.030271082866396216e-03 8.210129153785074152e+01 8.181761958034527993e+01 6.042232507415717761e-03 4.131649406811434666e+00
3.065395295056526793e-03 8.115880144235826776e+01 8.087087616790404354e+01 6.112054667984924763e-03 4.121604918310954879e+00
3.100926635931926852e-03 8.020396335623077277e+01 7.991177812411864068e+01 6.182681169881151448e-03 4.111433943034449534e+00
3.136869824566876613e-03 7.923685567358830895e+01 7.894040684477607783e+01 6.254121220849806831e-03 4.101133065616293649e+00
3.173229634734976452e-03 7.825757032940424551e+01 7.795685741147205761e+01 6.326384132690906006e-03 4.090698765191835840e+00
3.210010895543171858e-03 7.726621333368306921e+01 7.696123912851440707e+01 6.399479322403503652e-03 4.080127411384615321e+00
3.247218492073128838e-03 7.626290531008201867e+01 7.595367606409523376e+01 6.473416313341970492e-03 4.069415260097096088e+00
3.284857366030043482e-03 7.524778203785797359e+01 7.493430759459403134e+01 6.548204736384238486e-03 4.058558449092641851e+00
3.322932516398971556e-03 7.422099499592009408e+01 7.390328895076488891e+01 6.623854331112094540e-03 4.047552993355563622e+00
3.361449000108765288e-03 7.318271190765231893e+01 7.286079176444934546e+01 6.700374947003646768e-03 4.036394780215028177e+00
3.400411932703706255e-03 7.213311728505586018e+01 7.180700461433626458e+01 6.777776544638061326e-03 4.025079564217513450e+00
3.439826489022924580e-03 7.107241297063895047e+01 7.074213356917017848e+01 6.856069196912685168e-03 4.013602961731289831e+00
3.479697903887691603e-03 7.000081867535419633e+01 6.966640272667746103e+01 6.935263090272653606e-03 4.001960445265053679e+00
3.520031472796678832e-03 6.891857251075293789e+01 6.858005474634956045e+01 7.015368525953091967e-03 3.990147337481429801e+00
3.560832552629277729e-03 6.782593151338777204e+01 6.748335137408275841e+01 7.096395921234025829e-03 3.978158804884410760e+00
3.602106562357070083e-03 6.672317215935618151e+01 6.637657395653182846e+01 7.178355810708102192e-03 3.965989851158112423e+00
3.643858983763544404e-03 6.561059086672797491e+01 6.526002394288849473e+01 7.261258847561234339e-03 3.953635310132253444e+00
3.686095362172158059e-03 6.448850448345679354e+01 6.413402337164453115e+01 7.345115804866280546e-03 3.941089838347690222e+00
3.728821307182833642e-03 6.335725075821426344e+01 6.299891533974447100e+01 7.429937576889856371e-03 3.928347907192991428e+00
3.772042493416997554e-03 6.221718879143774217e+01 6.185506445137673381e+01 7.515735180412415860e-03 3.915403794580489816e+00
3.815764661271248397e-03 6.106869946371853786e+01 6.070285724349110268e+01 7.602519756061677098e-03 3.902251576127393040e+00
3.859993617679767074e-03 5.991218583849722279e+01 5.954270258496850943e+01 7.690302569659536978e-03 3.888885115804427528e+00
3.904735236885560103e-03 5.874807353587313230e+01 5.837503204620689701e+01 7.779095013582561918e-03 3.875298056011004633e+00
3.949995461220642823e-03 5.757681107417112543e+01 5.720030023572329014e+01 7.868908608136175944e-03 3.861483807032062288e+00
3.995780301895269192e-03 5.639887017574542227e+01 5.601898510020842537e+01 7.959755002942671062e-03 3.847435535827455233e+00
4.042095839796309639e-03 5.521474603334235809e+01 5.483158818431093806e+01 8.051645978343124899e-03 3.833146154100029790e+00
4.088948226294864159e-03 5.402495753318457616e+01 5.363863484626842393e+01 8.144593446813326240e-03 3.818608305583221174e+00
4.136343684063278035e-03 5.283004743078376464e+01 5.244067442534828416e+01 8.238609454393927903e-03 3.803814352483092076e+00
4.184288507901584922e-03 5.163058247534356582e+01 5.123828035691379057e+01 8.333706182134763621e-03 3.788756361003178696e+00
4.232789065573553354e-03 5.042715347846872476e+01 5.003205023078697167e+01 8.429895947553592631e-03 3.773426085873061275e+00
4.281851798652415615e-03 4.922037532276490168e+01 4.882260578844918797e+01 8.527191206109317051e-03 3.757814953793351620e+00
4.331483223376403000e-03 4.801088690578975360e+01 4.761059285449535849e+01 8.625604552689784821e-03 3.741914045700440727e+00
4.381689931514195016e-03 4.679935101470405101e+01 4.639668119764974108e+01 8.725148723114322172e-03 3.725714077743898844e+00
4.432478591240400501e-03 4.558645412687681642e+01 4.518156431655549454e+01 8.825836595651070232e-03 3.709205380857596879e+00
4.483855948021191196e-03 4.437290613161574271e+01 4.396595914547112471e+01 8.927681192549283620e-03 3.692377878792255874e+00
4.535828825510191016e-03 4.315943996813550143e+01 4.275060567495039265e+01 9.030695681586653478e-03 3.675221064462049991e+00
4.588404126454761513e-03 4.194681117483581545e+01 4.153626648254379461e+01 9.134893377631818009e-03 3.657723974440675985e+00
4.641588833612782412e-03 4.073579734494797577e+01 4.032372616855027303e+01 9.240287744222135113e-03 3.639875161422853278e+00
4.695390010680062544e-03 3.952719748362024887e+01 3.911379069186286728e+01 9.346892395156848957e-03 3.621662664444929458e+00
4.749814803228504315e-03 3.832183126155631214e+01 3.790728660100145930e+01 9.454721096105778849e-03 3.603073976632883202e+00
4.804870439655133628e-03 3.712053816039913556e+01 3.670506015550642331e+01 9.563787766233592877e-03 3.584096010216909711e+00
4.860564232142139222e-03 3.592417650516608774e+01 3.550797633298855516e+01 9.674106479839839762e-03 3.564715058518345803e+00
4.916903577628031589e-03 3.473362237919765505e+01 3.431691771729062168e+01 9.785691468014806604e-03 3.544916754576222129e+00
4.973895958790068052e-03 3.354976841728115744e+01 3.313278326342332036e+01 9.898557120311349961e-03 3.524686026036317976e+00
5.031548945038056761e-03 3.237352247286008122e+01 3.195648693519272499e+01 1.001271798643277311e-02 3.504007045874159676e+00
5.089870193519685330e-03 3.120580615553786785e+01 3.078895621174424235e+01 1.012818877793689870e-02 3.482863178463699860e+00
5.148867450137497269e-03 3.004755323544354439e+01 2.963113045961157965e+01 1.024498436995642872e-02 3.461236920433855779e+00
5.208548550577665401e-03 2.889970791143896989e+01 2.848395916728271260e+01 1.036311980293570280e-02 3.439109835673829885e+00
5.268921421350676766e-03 2.776322294063023932e+01 2.734840003978272449e+01 1.048261028438397281e-02 3.416462483752833013e+00
5.329994080844092930e-03 2.663905762718801995e+01 2.622541695132763095e+01 1.060347119064530656e-02 3.393274340907743269e+00
5.391774640387505396e-03 2.552817566910227853e+01 2.511597775472868577e+01 1.072571806868521417e-02 3.369523712619843181e+00
5.454271305329836186e-03 2.443154286218630489e+01 2.402105194692616763e+01 1.084936663789412385e-02 3.345187636644861406e+00
5.517492376129128420e-03 2.335012466141398590e+01 2.294160819080746805e+01 1.097443279190780767e-02 3.320241775173784937e+00
5.581446249454966556e-03 2.228488360052455519e+01 2.187861169431947417e+01 1.110093260044487176e-02 3.294660294578698689e+00
5.646141419303672866e-03 2.123677657175918654e+01 2.083302144882191342e+01 1.122888231116140473e-02 3.268415730929952190e+00
5.711586478126434545e-03 2.020675196861215639e+01 1.980578732964709587e+01 1.135829835152290385e-02 3.241478839147794666e+00
5.777790117970507157e-03 1.919574669558106095e+01 1.879784706293427377e+01 1.148919733069358497e-02 3.213818423259957147e+00
5.844761131633637551e-03 1.820468305009057630e+01 1.781012306399210487e+01 1.162159604144316280e-02 3.185401144759543612e+00
5.912508413831881436e-03 1.723446548304031367e+01 1.684351915371139796e+01 1.175551146207124906e-02 3.156191305473222908e+00
5.981040962380944001e-03 1.628597724578974493e+01 1.589891716089855933e+01 1.189096075834940314e-02 3.126150600629837406e+00
6.050367879391223974e-03 1.536007693283828246e+01 1.497717341982773043e+01 1.202796128548101404e-02 3.095237836927460240e+00
6.120498372476702517e-03 1.445759493098589665e+01 1.407911517381096012e+01 1.216653059007904818e-02 3.063408609284238970e+00
6.191441755977847815e-03 1.357932978736051055e+01 1.320553689716068568e+01 1.230668641216181754e-02 3.030614928561351729e+00
6.263207452198692356e-03 1.272604451037152273e+01 1.235719654956312219e+01 1.244844668716682361e-02 2.996804790779720395e+00
6.335804992658253774e-03 1.189846281938326555e+01 1.153481177860068385e+01 1.259182954798280206e-02 2.961921676101518131e+00
6.409244019356457114e-03 1.109726536068971292e+01 1.073905608796694011e+01 1.273685332700006181e-02 2.925903962957806748e+00
6.483534286054726779e-03 1.032308590920205837e+01 9.970554990844334498e+00 1.288353655817918442e-02 2.888684238963488138e+00
6.558685659571435525e-03 9.576507577118734460e+00 9.229882170040545120e+00 1.303189797913823639e-02 2.850188485379744563e+00
6.634708121092351002e-03 8.858059052720509641e+00 8.517555668968494587e+00 1.318195653325851709e-02 2.810335105461896354e+00
6.711611767496287149e-03 8.168210894299997804e+00 7.834034140757921705e+00 1.333373137180898435e-02 2.769033758515081711e+00
6.789406812696112230e-03 7.507371906079938206e+00 7.179713187432352761e+00 1.348724185608942555e-02 2.726183950115754318e+00
6.868103588995307790e-03 6.875885624770730509e+00 6.554921828728418554e+00 1.364250755959247469e-02 2.681673313734908692e+00
6.947712548460239883e-03 6.274026947143557464e+00 5.959919154153261900e+00 1.379954827018451367e-02 2.635375498655203153e+00
7.028244264308352446e-03 5.701998930621021699e+00 5.394891239857612319e+00 1.395838399230563825e-02 2.587147552292931252e+00
7.109709432312438099e-03 5.159929800383602938e+00 4.859948471552514526e+00 1.411903494918864861e-02 2.536826651356068218e+00
7.192118872221192789e-03 4.647870197823722016e+00 4.355123549229174884e+00 1.428152158509725204e-02 2.484225999285905040e+00
7.275483529196232965e-03 4.165790706314771441e+00 3.880370769550959054e+00 1.444586456758348812e-02 2.429129685469112232e+00
7.359814475265771296e-03 3.713579691162582908e+00 3.435567984423248955e+00 1.461208478976446304e-02 2.371286363324323965e+00
7.445122910795143496e-03 3.291041491231061045e+00 3.020524736862410187e+00 1.478020337261851287e-02 2.310401986869828228e+00
7.531420165974375344e-03 2.897895000040672908e+00 2.635005607179495168e+00 1.495024166730077667e-02 2.246133330719668031e+00
7.618717702322998914e-03 2.533772674084729282e+00 2.278790244789819397e+00 1.512222125747835107e-02 2.178088763571807362e+00
7.707027114212303652e-03 2.198220005649220266e+00 1.951797941035558148e+00 1.529616396168499877e-02 2.105852325306392991e+00
7.796360130405236531e-03 1.890695496512674989e+00 1.654196417623085003e+00 1.547209183569554086e-02 2.029038041437206008e+00
7.886728615614155974e-03 1.610571167497474532e+00 1.386225361348177421e+00 1.565002717491996431e-02 1.947318744114618916e+00
7.978144572076628638e-03 1.357133636899802598e+00 1.147907448040046186e+00 1.582999251681728795e-02 1.860426164191800291e+00
8.070620141149507584e-03 1.129585798298184285e+00 9.389826659755957650e-01 1.601201064332928928e-02 1.768211704964277597e+00
8.164167604921472240e-03 9.270491250917057835e-01 7.588618989819383431e-01 1.619610458333407832e-02 1.670752175789472771e+00
8.258799387844271284e-03 7.485666253106891821e-01 6.065127950654582989e-01 1.638229761511961549e-02 1.568465155785892851e+00
8.354528058382871408e-03 5.931064657446932786e-01 4.803523313402311423e-01 1.657061326887722744e-02 1.462221321139988817e+00
8.451366330684721012e-03 4.595662792191948509e-01 3.782154462067338074e-01 1.676107532921507909e-02 1.353437383397458005e+00
8.549327066268383804e-03 3.467781629060711079e-01 2.974342980916316881e-01 1.695370783769175813e-02 1.244126352233775545e+00
8.648423275731726215e-03 2.535143688659896033e-01 2.350213604133698231e-01 1.714853509536991977e-02 1.136880309253412769e+00
8.748668120479913615e-03 1.784936805953759864e-01 1.879123167147023210e-01 1.734558166539003007e-02 1.034766378849939938e+00
8.850074914473439122e-03 1.203884612025704764e-01 1.532073154150196403e-01 1.754487237556428755e-02 9.411292892592962867e-01
8.952657125996400095e-03 7.783234999658336650e-02 1.283580743782280209e-01 1.774643232099068837e-02 8.593121360436143386e-01
9.056428379445294677e-03 4.942857478355035944e-02 1.112751608955662302e-01 1.795028686668728723e-02 7.923268374061825936e-01
9.161402457138520528e-03 3.375883709451571457e-02 1.003582806368637781e-01 1.815646165024662265e-02 7.425219955851111164e-01
9.267593301146882789e-03 2.939271699679305710e-02 9.446996223343856469e-02 1.836498258451040727e-02 7.113032208963316894e-01
9.375015015145289968e-03 3.489753317468343580e-02 9.287641255582586297e-02 1.857587586026437573e-02 6.989561319158335007e-01
9.483681866285927423e-03 4.884858273064840439e-02 9.517279155781266375e-02 1.878916794895335585e-02 7.046052595683284236e-01
9.593608287093146128e-03 6.983967380595036689e-02 1.012003318477961850e-01 1.900488560541657018e-02 7.263166767757716080e-01
9.704808877380306092e-03 9.649385282518453677e-02 1.109550765473612394e-01 1.922305587064311247e-02 7.613247491799184363e-01
9.817298406188841586e-03 1.274742171317349571e-01 1.244858699611010588e-01 1.944370607454759536e-02 8.063410113560328663e-01
9.931091813749801447e-03 1.614946932250629630e-01 1.417837176581155656e-01 1.966686383876597999e-02 8.578912486325287468e-01
1.004620421346813161e-02 1.973306509836023348e-01 1.626740123131295568e-01 1.989255707947154561e-02 9.126275656695379546e-01
1.016265089392995140e-02 2.338292154286806535e-01 1.867323484830516189e-01 2.012081401021092661e-02 9.675740126371951133e-01
1.028044732093309765e-02 2.699191300447716935e-01 2.132469170072260611e-01 2.035166314476025140e-02 1.020282855419761159e+00
1.039960913954120388e-02 3.046200197253818853e-01 2.412414955848651565e-01 2.058513330000127928e-02 1.068898328593682390e+00
1.052015217616159015e-02 3.370508973798263530e-01 2.695552237530572381e-01 2.082125359881751778e-02 1.112140878693958390e+00
1.064209244064724669e-02 3.664377564385133956e-01 2.969573132405401994e-01 2.106005347301027550e-02 1.149234555665196833e+00
1.076544612842315896e-02 3.921200922574901160e-01 3.222656527495270096e-01 2.130156266623451158e-02 1.179802556517974388e+00
1.089022962263730583e-02 4.135561990633089824e-01 3.444408022280939785e-01 2.154581123695454778e-02 1.203751741395628905e+00
1.101645949633657008e-02 4.303270958960096482e-01 3.626377578435199256e-01 2.179282956141941410e-02 1.221159398542605468e+00
1.114415251466788215e-02 4.421389452730070113e-01 3.762228124545643482e-01 2.204264833665786974e-02 1.232181353599678175e+00
1.127332563710487130e-02 4.488238422425981367e-01 3.848024378262656087e-01 2.229529858349292917e-02 1.237024521855248471e+00
1.140399601970033122e-02 4.503388693036969315e-01 3.882489944386615655e-01 2.255081164957584150e-02 1.235948161946353263e+00
1.153618101736478448e-02 4.467633344539130302e-01 3.866608581940268463e-01 2.280921921243937028e-02 1.229219791426670927e+00
1.166989818617147553e-02 4.382941354275213253e-01 3.803099808442564345e-01 2.307055328257033230e-02 1.217079713190981627e+00
1.180516528568805595e-02 4.252392229402225388e-01 3.696121272354853660e-01 2.333484620650116970e-02 1.199741269375023567e+00
1.194200028133532432e-02 4.080091693025724719e-01 3.551084540546731172e-01 2.360213066992055547e-02 1.177409801212823570e+00
1.208042134677328981e-02 3.871068858094202092e-01 3.374467040857776490e-01 2.387243970080275487e-02 1.150308385617652807e+00
1.222044686631488727e-02 3.631155724343258506e-01 3.173569831406897745e-01 2.414580667255569052e-02 1.118706339936334393e+00
1.236209543736769070e-02 3.366850259848295224e-01 2.956211478006507964e-01 2.442226530718753785e-02 1.082949554068867837e+00
1.250538587290391315e-02 3.085164772808037803e-01 2.730368165570039585e-01 2.470184967849164276e-02 1.043491737172742351e+00
1.265033720395903824e-02 2.793461732182069279e-01 2.503781555973637052e-01 2.498459421524963642e-02 1.000924135604643661e+00
1.279696868215941634e-02 2.499279647276199390e-01 2.283568516823843153e-01 2.527053370445251149e-02 9.559996326729459648e-01
1.294529978227916024e-02 2.210152054280794254e-01 2.075878683075397524e-01 2.555970329453952777e-02 9.096461611277948389e-01
1.309535020482667685e-02 1.933423068631228980e-01 1.885648353749365402e-01 2.585213849865467678e-02 8.629642323688856420e-01
1.324713987866117486e-02 1.676063331108316456e-01 1.716487430507324663e-01 2.614787519792051082e-02 8.172042240821760783e-01
1.340068896363950761e-02 1.444490487039511994e-01 1.570712066747221858e-01 2.644694964472914245e-02 7.737209918253576957e-01
1.355601785329368925e-02 1.244398575327809731e-01 1.449507104427536774e-01 2.674939846605010538e-02 7.339063281326526633e-01
1.371314717753945554e-02 1.080600850609781394e-01 1.353178606754476820e-01 2.705525866675491387e-02 6.991034326972050961e-01
1.387209780541620932e-02 9.568906011984075477e-02 1.281444563161699413e-01 2.736456763295797359e-02 6.705112322524044988e-01
1.403289084785873213e-02 8.759244420802887732e-02 1.233712579957315369e-01 2.767736313537361506e-02 6.490892813261956995e-01
1.419554766050101606e-02 8.391323422119605080e-02 1.209303609870734791e-01 2.799368333268896503e-02 6.354753037672044025e-01
1.436008984651260603e-02 8.466582772077976826e-02 1.207594900466702759e-01 2.831356677495235064e-02 6.299266877292621913e-01
1.452653925946781159e-02 8.973348740050916816e-02 1.228068745901663705e-01 2.863705240697691709e-02 6.322943645103084043e-01
1.469491800624817164e-02 9.886947291525685633e-02 1.270264540127568342e-01 2.896417957175910843e-02 6.420329434274048008e-01
1.486524844997857107e-02 1.117020237965889312e-01 1.333641051472288785e-01 2.929498801391176507e-02 6.582456306100465948e-01
1.503755321299738400e-02 1.277432774808975324e-01 1.417366005481274782e-01 2.962951788311134899e-02 6.797574273930575561e-01
1.521185517986104775e-02 1.464020928778021480e-01 1.520062356152316607e-01 2.996780973755906741e-02 7.052064012321554998e-01
1.538817750038346324e-02 1.670006245034799386e-01 1.639553871899184501e-01 3.030990454745541296e-02 7.331411224579698072e-01
1.556654359271062056e-02 1.887943578744262496e-01 1.772662729204958765e-01 3.065584369848775928e-02 7.621128405008308349e-01
1.574697714643086624e-02 2.109951772864282205e-01 1.915113059018415664e-01 3.100566899533060972e-02 7.907533113483843357e-01
1.592950212572123020e-02 2.327968967720192850e-01 2.061582685949663041e-01 3.135942266515808624e-02 8.178326995523599319e-01
1.611414277253019750e-02 2.534025491659427365e-01 2.205920990086578659e-01 3.171714736116815203e-02 8.422958331948937616e-01
1.630092360979741237e-02 2.720526026958924315e-01 2.341519683895801340e-01 3.207888616611818261e-02 8.632785325879077654e-01
1.648986944471064753e-02 2.880531657505556176e-01 2.461794320692985705e-01 3.244468259587132697e-02 8.801082356014986452e-01
1.668100537200059227e-02 3.008031551699099082e-01 2.560715452138460635e-01 3.281458060295332907e-02 8.922944641583860914e-01
1.687435677727375585e-02 3.098193483274339077e-01 2.633322700780122427e-01 3.318862458011901523e-02 8.995148284973162323e-01
1.706994934038407949e-02 3.147582209599651404e-01 2.676160255036765800e-01 3.356685936392825309e-02 9.016014074974090242e-01
1.726780903884355886e-02 3.154334970750846678e-01 2.687583245215903194e-01 3.394933023833055646e-02 8.985307141505421979e-01
1.746796215127245644e-02 3.118284092522962125e-01 2.667898236940423051e-01 3.433608293825796826e-02 8.904185107168429703e-01
1.767043526088946798e-02 3.041017907435743517e-01 2.619319720394053808e-01 3.472716365322547905e-02 8.775191989917201507e-01
1.787525525904235316e-02 2.925872965862089115e-01 2.545748812710268982e-01 3.512261903093850945e-02 8.602286568878254602e-01
1.808244934877951612e-02 2.777852787736344031e-01 2.452404354046495982e-01 3.552249618090676936e-02 8.390886022740419170e-01
1.829204504846293836e-02 2.603471169941475871e-01 2.345354269628005528e-01 3.592684267806384169e-02 8.147894006791787103e-01
1.850407019542302245e-02 2.410521251245270336e-01 2.231006298777864494e-01 3.633570656639181773e-02 7.881671867352191274e-01
1.871855294965579092e-02 2.207775048957509867e-01 2.115621907087568976e-01 3.674913636255036642e-02 7.601909182203587800e-01
1.893552179756295348e-02 2.004621889573553195e-01 2.004912344363338761e-01 3.716718105950951589e-02 7.319357664975594258e-01
1.915500555573527997e-02 1.810657897769592517e-01 1.903759254118055910e-01 3.758989013018525921e-02 7.045409711063250757e-01
1.937703337477988952e-02 1.635242293654224910e-01 1.816076470631173556e-01 3.801731353107749151e-02 6.791527071962691897e-01
1.960163474319185847e-02 1.487039463538377404e-01 1.744801363317559084e-01 3.844950170590932109e-02 6.568552760642238919e-01
1.982883949127071249e-02 1.373568386366791627e-01 1.691980967865100993e-01 3.888650558926695644e-02 6.385965551737196044e-01
2.005867779508234069e-02 1.300782784485779164e-01 1.658905374925218057e-01 3.932837661023953074e-02 6.251155942333757043e-01
2.029118018046677935e-02 1.272706101827181524e-01 1.646239586716141123e-01 3.977516669605767746e-02 6.168810324175925119e-01
2.052637752709252084e-02 1.291144899098816967e-01 1.654113167990469146e-01 4.022692827573040586e-02 6.140483478189575628e-01
2.076430107255774690e-02 1.355502341973027769e-01 1.682141175597241523e-01 4.068371428367897891e-02 6.164418459876779277e-01
2.100498241653915230e-02 1.462710054192012943e-01 1.729367393161803379e-01 4.114557816336717605e-02 6.235640969325383365e-01
2.124845352498882720e-02 1.607291702329814442e-01 1.794140439405564891e-01 4.161257387092678200e-02 6.346318560526322816e-01
2.149474673437980557e-02 1.781565357803915062e-01 1.873953902102495905e-01 4.208475587877744811e-02 6.486340910506803725e-01
2.174389475600079988e-02 1.975984138060999096e-01 1.965301122226640052e-01 4.256217917923985072e-02 6.644052464530985080e-01
2.199593068030074663e-02 2.179606171664445480e-01 2.063608991456926667e-01 4.304489928814118210e-02 6.807057154530156140e-01
2.225088798128369363e-02 2.380675985942776185e-01 2.163316275047638126e-01 4.353297224841182200e-02 6.963016976025041549e-01
2.250880052095461867e-02 2.567290512524970092e-01 2.258143994042454417e-01 4.402645463367212825e-02 7.100379179687107412e-01
2.276970255381680075e-02 2.728114665116603832e-01 2.341566705340149823e-01 4.452540355180831244e-02 7.208986699103872020e-01
2.303362873142131284e-02 2.853104542882735628e-01 2.407441615648148459e-01 4.502987664853613792e-02 7.280550062900125186e-01
2.330061410696924670e-02 2.934191446197161324e-01 2.450702825498079218e-01 4.553993211095124644e-02 7.308982726410169217e-01
2.357069413996727703e-02 2.965877718895730264e-01 2.467996611950794283e-01 4.605562867106502423e-02 7.290618442543193023e-01
2.384390470093720321e-02 2.945696517467286668e-01 2.458130862162404007e-01 4.657702560932462654e-02 7.224332482545823275e-01
2.412028207618006903e-02 2.874492358242385359e-01 2.422241321952381399e-01 4.710418275811595334e-02 7.111579353239572132e-01
2.439986297259550199e-02 2.756487889360632604e-01 2.363634672608597442e-01 4.763716050524825080e-02 6.956344853892003632e-01
2.468268452255692469e-02 2.599114671761360573e-01 2.287338788653379695e-01 4.817601979741896467e-02 6.764995781599180136e-01
2.496878428884326609e-02 2.412601398355257720e-01 2.199453232261561475e-01 4.872082214365747177e-02 6.546001236307342763e-01
2.525820026962784584e-02 2.209331141009489297e-01 2.106429894038665818e-01 4.927162961874633623e-02 6.309500831172826230e-01
2.555097090352506997e-02 2.002998742562321632e-01 2.014414565789792722e-01 4.982850486661850875e-02 6.066709969562009697e-01
2.584713507469563881e-02 1.807618896077748949e-01 1.928746364354353982e-01 5.039151110372907388e-02 5.829177385802737366e-01
2.614673211801091940e-02 1.636453059406008381e-01 1.853657022502326335e-01 5.096071212240003284e-02 5.607938926470182883e-01
2.644980182427720053e-02 1.500937291737599044e-01 1.792156850207844432e-01 5.153617229413644946e-02 5.412638571998185100e-01
2.675638444552045150e-02 1.409701544697501974e-01 1.746056093561992872e-01 5.211795657291243972e-02 5.250708120085660902e-01
2.706652070033241375e-02 1.367772276569163836e-01 1.716056897169410123e-01 5.270613049842540199e-02 5.126705501262407427e-01
2.738025177927857698e-02 1.376043281129317453e-01 1.701859835750772765e-01 5.330076019931661441e-02 5.041903857912298781e-01
2.769761935036891068e-02 1.431083749232624491e-01 1.702252348420673356e-01 5.390191239635672149e-02 4.994197681239036513e-01
2.801866556459195468e-02 1.525328033675658057e-01 1.715175603151264383e-01 5.450965440559416009e-02 4.978351620196086458e-01
2.834343306151309444e-02 1.647659529428422420e-01 1.737793821777374736e-01 5.512405414146479693e-02 4.986570982815133890e-01
2.867196497493769772e-02 1.784363677089455258e-01 1.766609497232263237e-01 5.574518011986089039e-02 5.009332378000448394e-01
2.900430493863991738e-02 1.920385471895414142e-01 1.797671984776638143e-01 5.637310146115752374e-02 5.036385214373946262e-01
2.934049709215787172e-02 2.040788933222802970e-01 1.826908330592094953e-01 5.700788789319451849e-02 5.057818051939622084e-01
2.968058608665602449e-02 2.132284177880168496e-01 1.850563464061844299e-01 5.764960975421188488e-02 5.065076117942942657e-01
3.002461709085549324e-02 2.184666536340210408e-01 1.865684628272500645e-01 5.829833799573673481e-02 5.051820595079304921e-01
3.037263579703311511e-02 2.192005591951416421e-01 1.870544885524579037e-01 5.895414418541967266e-02 5.014537947101149751e-01
3.072468842709003348e-02 2.153433103515625113e-01 1.864894863175436124e-01 5.961710050981838122e-02 4.952835024900237304e-01
3.108082173869063797e-02 2.073408856941800493e-01 1.849969331939095019e-01 6.028727977712642488e-02 4.869388403979537649e-01
3.144108303147264555e-02 1.961391816754124440e-01 1.828243317789635669e-01 6.096475541984482799e-02 4.769551589315902396e-01
3.180552015332920035e-02 1.830907289795343229e-01 1.803002237825711840e-01 6.164960149739442258e-02 4.660659920901940034e-01
3.217418150676371741e-02 1.698073427446351313e-01 1.777832331119515163e-01 6.234189269866633604e-02 4.551108165701117647e-01
3.254711605531847990e-02 1.579724290771017114e-01 1.756137494071181027e-01 6.304170434450855065e-02 4.449305694421238355e-01
3.292437333007768724e-02 1.491332312520012859e-01 1.740754103191569646e-01 6.374911239014589837e-02 4.362632852842495690e-01
3.330600343624588733e-02 1.444980193506537614e-01 1.733688527482451502e-01 6.446419342753106907e-02 4.296525221283081786e-01
3.369205705980267418e-02 1.447651761451624886e-01 1.735965709579070093e-01 6.518702468762416213e-02 4.253799832177100337e-01
3.408258547423451829e-02 1.500096138931081846e-01 1.747563890958835353e-01 6.591768404259809588e-02 4.234311221013444815e-01
3.447764054734463873e-02 1.596466623597300460e-01 1.767419308830759650e-01 6.665625000796736310e-02 4.234987181138206158e-01
3.487727474814177747e-02 1.724847011054669033e-01 1.793505011353562772e-01 6.740280174463729457e-02 4.250246451962409466e-01
3.528154115380883332e-02 1.868661555206710956e-01 1.823004821252486307e-01 6.815741906087112445e-02 4.272746807238079203e-01
3.569049345675229939e-02 2.008833976240715913e-01 1.852603272355458908e-01 6.892018241417220692e-02 4.294360085899495694e-01
3.610418597173337130e-02 2.126434183367167385e-01 1.878888985720401361e-01 6.969117291307816431e-02 4.307233467166398100e-01
3.652267364308175307e-02 2.205449533583495325e-01 1.898827549451513053e-01 7.047047231886448271e-02 4.304783418174979448e-01
3.694601205199302130e-02 2.235260882159758600e-01 1.910217322992139311e-01 7.125816304715411331e-02 4.282481566377120963e-01
3.737425742391064371e-02 2.212408665582575318e-01 1.912021092156634683e-01 7.205432816943040109e-02 4.238326056219881566e-01
3.780746663599349189e-02 2.141309234771366365e-01 1.904485408545925074e-01 7.285905141445001010e-02 4.172941369452065064e-01
3.824569722466999305e-02 2.033724133178693716e-01 1.889015621112550836e-01 7.367241716955279240e-02 4.089306301531951959e-01
3.868900739327975347e-02 1.906979827068388256e-01 1.867844559380226199e-01 7.449451048186522817e-02 3.992164610735129404e-01
3.913745601980384015e-02 1.781155025451091056e-01 1.843585451895203564e-01 7.532541705939434229e-02 3.887217274205700401e-01
3.959110266468458816e-02 1.675660126766234104e-01 1.818776341537860497e-01 7.616522327200846154e-02 3.780225767896245870e-01
4.005000757873611317e-02 1.605787303110165765e-01 1.795506890791861709e-01 7.701401615230167585e-02 3.676173044861155703e-01
4.051423171114647281e-02 1.579872391509882235e-01 1.775183694158589676e-01 7.787188339633821510e-02 3.578626214600104660e-01
4.098383671757261509e-02 1.597654971025368187e-01 1.758451028920553494e-01 7.873891336427349397e-02 3.489408611419478334e-01
4.145888496832911274e-02 1.650244231038800191e-01 1.745252597860287580e-01 7.961519508084778651e-02 3.408623295474511039e-01
4.193943955667186335e-02 1.721813889031637845e-01 1.735003119936932847e-01 8.050081823574922746e-02 3.334999653929058283e-01
4.242556430717776828e-02 1.792803834779822525e-01 1.726831819887150177e-01 8.139587318384218506e-02 3.266476562160495201e-01
4.291732378422157684e-02 1.844064938620985916e-01 1.719853952720814261e-01 8.230045094525702265e-02 3.200893540428747519e-01
4.341478330055092288e-02 1.861122683569090830e-01 1.713420154673681306e-01 8.321464320533761283e-02 3.136641157061357266e-01
4.391800892596085804e-02 1.837626006114632116e-01 1.707293117867640653e-01 8.413854231444245491e-02 3.073131060117919033e-01
4.442706749606882555e-02 1.777137991218319946e-01 1.701713130692533715e-01 8.507224128759527382e-02 3.010984752096943495e-01
4.494202662119142072e-02 1.692723583873721183e-01 1.697338475632052812e-01 8.601583380398118706e-02 2.951900524355084987e-01
4.546295469532399269e-02 1.604255592883715165e-01 1.695077190522363830e-01 8.696941420628384600e-02 2.898229350784861658e-01
4.598992090522438514e-02 1.533904317552895469e-01 1.695853729957626510e-01 8.793307749985981858e-02 2.852361180049070022e-01
4.652299523960189143e-02 1.500772850710366813e-01 1.700367956437184858e-01 8.890691935174520333e-02 2.816073499721539752e-01
4.706224849841281199e-02 1.515954591631804849e-01 1.708900273190598340e-01 8.989103608949061686e-02 2.790003330452307528e-01
4.760775230226368254e-02 1.579311708276871784e-01 1.721201239809489747e-01 9.088552469981961424e-02 2.773369314140681219e-01
4.815957910192350533e-02 1.678953421049190209e-01 1.736486072346735132e-01 9.189048282710610138e-02 2.764007708816241804e-01
4.871780218794630885e-02 1.793767586035120154e-01 1.753537141810969369e-01 9.290600877166618754e-02 2.758711658904542952e-01
4.928249570040513228e-02 1.898557799065122564e-01 1.770898269224645272e-01 9.393220148785944024e-02 2.753791124759855102e-01
4.985373463873893352e-02 1.970564406927828027e-01 1.787122573354048838e-01 9.496916058199487976e-02 2.745717411197348135e-01
5.043159487171358646e-02 1.995631943674101016e-01 1.801017117964022751e-01 9.601698631003680040e-02 2.731697700141281215e-01
5.101615314749833457e-02 1.972220091257854968e-01 1.811823718749075718e-01 9.707577957510531153e-02 2.710050538776810347e-01
5.160748710385907462e-02 1.911926751776327760e-01 1.819293628278893515e-01 9.814564192476650517e-02 2.680317786056807261e-01
5.220567527846975420e-02 1.836131798075881227e-01 1.823648270346994171e-01 9.922667554810724044e-02 2.643126379045234176e-01
5.281079711934331261e-02 1.769546804867646317e-01 1.825451687944473489e-01 1.003189832725890074e-01 2.599872215249635077e-01
5.342293299538352497e-02 1.732519541032346566e-01 1.825441064247393941e-01 1.014226685606757911e-01 2.552327827767498225e-01
5.404216420705915125e-02 1.734520126647974003e-01 1.824366622944817440e-01 1.025378355062302876e-01 2.502279725770812369e-01
5.466857299720180585e-02 1.771060044855333748e-01 1.822881716873133995e-01 1.036645888306730878e-01 2.451280596069757844e-01
5.530224256192900478e-02 1.825317351788179610e-01 1.821501697389472929e-01 1.048030338788991100e-01 2.400557253260518220e-01
5.594325706169377826e-02 1.874194787223235903e-01 1.820624092825125218e-01 1.059532766149456628e-01 2.351058937211180644e-01
5.659170163246242391e-02 1.896905939654565665e-01 1.820582737152943720e-01 1.071154236174062940e-01 2.303584107441332129e-01
5.724766239702178822e-02 1.883067725275254511e-01 1.821702297843103557e-01 1.082895820745845700e-01 2.258907285039861712e-01
5.791122647641758214e-02 1.837179415078180889e-01 1.824326633039067280e-01 1.094758597793817345e-01 2.217842337192559854e-01
5.858248200152536139e-02 1.777477790753877740e-01 1.828808787518683143e-01 1.106743651239123633e-01 2.181212605063574950e-01
5.926151812475552449e-02 1.729207318577415109e-01 1.835467001625502304e-01 1.118852070938415044e-01 2.149739110160719113e-01
5.994842503189409116e-02 1.714630207143144069e-01 1.844524365295560631e-01 1.131084952624375750e-01 2.123891716324554368e-01
6.064329395408061402e-02 1.743696979703380223e-01 1.856054405961164444e-01 1.143443397843340731e-01 2.103760311630635260e-01
6.134621717992506246e-02 1.809412468917067085e-01 1.869948409163481040e-01 1.155928513889941667e-01 2.088986479258954920e-01
6.205728806776500406e-02 1.890289725463505377e-01 1.885906777681338187e-01 1.168541413738712342e-01 2.078761126754018196e-01
6.277660105806499857e-02 1.959356759008289428e-01 1.903449468402732825e-01 1.181283215972590700e-01 2.071873185019319219e-01
6.350425168595962011e-02 1.996119697401746995e-01 1.921944878531421930e-01 1.194155044708246627e-01 2.066802102693659771e-01
6.424033659394190465e-02 1.996113505620704665e-01 1.940657643439339386e-01 1.207158029518170111e-01 2.061847996290379625e-01
6.498495354469888130e-02 1.973245284448505166e-01 1.958808399439377346e-01 1.220293305349450103e-01 2.055277289248436112e-01
6.573820143409585259e-02 1.953145694159178214e-01 1.975635350330918749e-01 1.233562012439170796e-01 2.045458016457526729e-01
6.650018030431117944e-02 1.960066390549748405e-01 1.990451413287769034e-01 1.246965296226358738e-01 2.030972139890664940e-01
6.727099135712336087e-02 2.003483939239764922e-01 2.002691814091345779e-01 1.260504307260405799e-01 2.010697886252456046e-01
6.805073696735206012e-02 2.071473839652243631e-01 2.011941943151075163e-01 1.274180201105893917e-01 1.983845920103984029e-01
6.883952069645496441e-02 2.135165180372874671e-01 2.017942021410609466e-01 1.287994138243750142e-01 1.949947976071585432e-01
6.963744730628222690e-02 2.163071047590597040e-01 2.020584505057508307e-01 1.301947283968654390e-01 1.908836183167405276e-01
7.044462277299036457e-02 2.138425115975249868e-01 2.019918741693421671e-01 1.316040808282625540e-01 1.860645425298103062e-01
7.126115430111745752e-02 2.070040484902728184e-01 2.016160429064760840e-01 1.330275885784707457e-01 1.805833680474929481e-01
7.208715033782135684e-02 1.989680741923474105e-01 2.009697766291872190e-01 1.344653695556674577e-01 1.745203000227977530e-01
7.292272058728312134e-02 1.935905082477090422e-01 2.001085857396725787e-01 1.359175421044683807e-01 1.679902103462997953e-01
7.376797602527730702e-02 1.932395424519278981e-01 1.991021050599496578e-01 1.373842249936786108e-01 1.611389835890900124e-01
7.462302891391107973e-02 1.973153261625733013e-01 1.980298828885309614e-01 1.388655374036218970e-01 1.541362514399002570e-01
7.548799281653431614e-02 2.024324090733369830e-01 1.969772407080188636e-01 1.403615989130398145e-01 1.471677426945012801e-01
7.636298261282241373e-02 2.043268680376575108e-01 1.960323241263592642e-01 1.418725294855524288e-01 1.404293769044146767e-01
7.724811451403400253e-02 2.004677404611588665e-01 1.952839149908946748e-01 1.433984494556719003e-01 1.341220176955331966e-01
7.814350607844541829e-02 1.917840539679155909e-01 1.948185442486543018e-01 1.449394795143606751e-01 1.284435964139357955e-01
7.904927622696419909e-02 1.823235337329843775e-01 1.947149766357354761e-01 1.464957406941255758e-01 1.235743589292162686e-01
7.996554525892346499e-02 1.769092076592203577e-01 1.950354075359772565e-01 1.480673543536387138e-01 1.196541455964212075e-01
8.089243486805938743e-02 1.782139926825723475e-01 1.958159457442832929e-01 1.496544421618768717e-01 1.167584420680071733e-01
8.183006815867389927e-02 1.851895026324698601e-01 1.970600152145317030e-01 1.512571260817699159e-01 1.148826675354977650e-01
8.277856966198472721e-02 1.939767044545233354e-01 1.987363422441851546e-01 1.528755283533495268e-01 1.139393213255758958e-01
8.373806535266489770e-02 2.007129482230469164e-01 2.007815989363049003e-01 1.545097714763887242e-01 1.137679582450090293e-01
8.470868266557401993e-02 2.042086455025941827e-01 2.031067410245706029e-01 1.561599781925231689e-01 1.141545980152160605e-01
8.569055051268346934e-02 2.064479413463192747e-01 2.056057657564072105e-01 1.578262714668445810e-01 1.148559925763569661e-01
8.668379930019773361e-02 2.104674173004752458e-01 2.081669453084137311e-01 1.595087744689571152e-01 1.156271910217772508e-01
8.768856094587426653e-02 2.172894981504236989e-01 2.106869448742149653e-01 1.612076105534867299e-01 1.162520847315177547e-01
8.870496889654402861e-02 2.245263669984376431e-01 2.130859811410073523e-01 1.629229032400340282e-01 1.165727380703738686e-01
8.973315814583519845e-02 2.280611544706732385e-01 2.153192394323815706e-01 1.646547761925606645e-01 1.165085041506691566e-01
9.077326525210223374e-02 2.256181529559830312e-01 2.173792698936379275e-01 1.664033531981994329e-01 1.160560522445011761e-01
9.182542835656282154e-02 2.191804604518960420e-01 2.192888450731094729e-01 1.681687581454779368e-01 1.152712231523575215e-01
9.288978720164497993e-02 2.139014499954641213e-01 2.210892321651084513e-01 1.699511150019457628e-01 1.142435731884857419e-01
9.396648314954690606e-02 2.141142750940316364e-01 2.228289185284414164e-01 1.717505477911948630e-01 1.130734215927238356e-01
9.505565920101191613e-02 2.198019411044143945e-01 2.245546423512732592e-01 1.735671805692627079e-01 1.118544290896210242e-01
9.615746001432096124e-02 2.267756636469300258e-01 2.263035065329617734e-01 1.754011374004078028e-01 1.106588780725735882e-01
9.727203192450536995e-02 2.305532489687891484e-01 2.280955431632609443e-01 1.772525423322471039e-01 1.095243265481474770e-01
9.839952296278225985e-02 2.303697867983259540e-01 2.299297050796602626e-01 1.791215193702444253e-01 1.084473178473326083e-01
9.954008287621518569e-02 2.294552204688717623e-01 2.317848065352940690e-01 1.810081924515391238e-01 1.073867330802462799e-01
1.006938631476027024e-01 2.313463659134758765e-01 2.336231217492596990e-01 1.829126854181041817e-01 1.062719969720140462e-01
1.018610170155975214e-01 2.361298543645880821e-01 2.353935253074938005e-01 1.848351219892227504e-01 1.050100145761791864e-01
1.030416994950587445e-01 2.406919568928686803e-01 2.370338364570137302e-01 1.867756257332718051e-01 1.034901456957573879e-01
1.042360673976401170e-01 2.426673128734687657e-01 2.384770322023436195e-01 1.887343200388019726e-01 1.015956775400978646e-01
1.054442793526168404e-01 2.434024612665947052e-01 2.396641457699199562e-01 1.907113280849017378e-01 9.922657705802451211e-02
1.066664958279538722e-01 2.461084413453188402e-01 2.405574197683525983e-01 1.927067728108353972e-01 9.632177835262248355e-02
1.079028791516183639e-01 2.511113992685841123e-01 2.411441001239471860e-01 1.947207768849420484e-01 9.286434724817040076e-02
1.091535935331391094e-01 2.541977958644485724e-01 2.414331403615408433e-01 1.967534626727850400e-01 8.887449909397679426e-02
1.104188050854160164e-01 2.509414941934001164e-01 2.414543478583367764e-01 1.988049522045395312e-01 8.440783171634375082e-02
1.116986818467822634e-01 2.424296658604781496e-01 2.412614860611831114e-01 2.008753671416063924e-01 7.956131501574151277e-02
1.129933938033221702e-01 2.351271364894913507e-01 2.409334128225226190e-01 2.029648287424402342e-01 7.447624580261084926e-02
1.143031129114478600e-01 2.341661311030245052e-01 2.405677358511550123e-01 2.050734578275801023e-01 6.932792647186723778e-02
1.156280131207375328e-01 2.378252915642362630e-01 2.402704171657710774e-01 2.072013747438698761e-01 6.430766987184161065e-02
1.169682703970384707e-01 2.401418013433670173e-01 2.401475994146290149e-01 2.093486993278565189e-01 5.960798267499635428e-02
1.183240627458378019e-01 2.383524633376891133e-01 2.402990036984926636e-01 2.115155508683534968e-01 5.540966746489891376e-02
1.196955702359042834e-01 2.353566994069952456e-01 2.408093678252029302e-01 2.137020480681571521e-01 5.186469322827011452e-02
1.210829750232039481e-01 2.342883764218028353e-01 2.417403402012629765e-01 2.159083090049029041e-01 4.907977293158649612e-02
1.224864613750930725e-01 2.337730671138255889e-01 2.431279320701688895e-01 2.181344510910488976e-01 4.711059485121960044e-02
1.239062156947915577e-01 2.315511300493807434e-01 2.449809397368870878e-01 2.203805910329742490e-01 4.595895279217215856e-02
1.253424265461399456e-01 2.308045986483109879e-01 2.472729887426819428e-01 2.226468447891783720e-01 4.556013314229325623e-02
1.267952846786433996e-01 2.377677049263496045e-01 2.499356828139656095e-01 2.249333275275690325e-01 4.577445591342690218e-02
1.282649830528059809e-01 2.521072539392278378e-01 2.528634303910974324e-01 2.272401535818253659e-01 4.640095123343396244e-02
1.297517168657586761e-01 2.648023113713831589e-01 2.559253407275394743e-01 2.295674364068229223e-01 4.720300570090646408e-02
1.312556835771842845e-01 2.690462584050842820e-01 2.589769515136836620e-01 2.319152885331067782e-01 4.793173482531169066e-02
1.327770829355429116e-01 2.691483263942748283e-01 2.618762153439938012e-01 2.342838215203997543e-01 4.835375642887716763e-02
1.343161170046015263e-01 2.734498395846755581e-01 2.645075868115879802e-01 2.366731459101318602e-01 4.828914976710963619e-02
1.358729901902709092e-01 2.815469090486873438e-01 2.668007980795730760e-01 2.390833711769770054e-01 4.763775340756072618e-02
1.374479092677536596e-01 2.854823173219496746e-01 2.687322654885073159e-01 2.415146056793832097e-01 4.637641338074566244e-02
1.390410834090069769e-01 2.820008354707388976e-01 2.703248085122795796e-01 2.439669566090824637e-01 4.455489544906090366e-02
1.406527242105236331e-01 2.754863341251196918e-01 2.716456340719052842e-01 2.464405299395656668e-01 4.229059536343279802e-02
1.422830457214351862e-01 2.690552986058976082e-01 2.727848993956272783e-01 2.489354303735093477e-01 3.973361224584529006e-02
1.439322644719406574e-01 2.620469044866274855e-01 2.738288811765772213e-01 2.514517612891382647e-01 3.702456998255829884e-02
1.456005995020648591e-01 2.573184518965492273e-01 2.748502684928325057e-01 2.539896246855110062e-01 3.428018922182754502e-02
1.472882723907501801e-01 2.608598048491329591e-01 2.759039037093659053e-01 2.565491211267127980e-01 3.158731405935609471e-02
1.489955072852853779e-01 2.722031128094980490e-01 2.770189963707742620e-01 2.591303496849418075e-01 2.899127040374294834e-02
1.507225309310755434e-01 2.848619519311380022e-01 2.782075044057695790e-01 2.617334078824727350e-01 2.650968062265339487e-02
1.524695727017572888e-01 2.958196476124888563e-01 2.794918822234487843e-01 2.643583916324843130e-01 2.417609748302837480e-02
1.542368646296627399e-01 3.032530413830165084e-01 2.809225590345880708e-01 2.670053951787343949e-01 2.206657900461640384e-02
1.560246414366368017e-01 2.993961479795593239e-01 2.825747460609720485e-01 2.696745110340678098e-01 2.029344603399716243e-02
1.578331405652116382e-01 2.817123857535511200e-01 2.845399799208140346e-01 2.723658299177417752e-01 1.899067496462833460e-02
1.596626022101425013e-01 2.645209327820470246e-01 2.869116953162427208e-01 2.750794406915534340e-01 1.829011901748766114e-02
1.615132693503091299e-01 2.615221538005251256e-01 2.897711769655019198e-01 2.778154302947531962e-01 1.829882131484440039e-02
1.633853877809862132e-01 2.675963773030914927e-01 2.931765683504773956e-01 2.805738836777283418e-01 1.908201343077988582e-02
1.652792061464895546e-01 2.747940603879109878e-01 2.971372747024842997e-01 2.833548837344429527e-01 2.062643347518515816e-02
1.671949759731990170e-01 2.872451888744957937e-01 3.015897592884678735e-01 2.861585112336144654e-01 2.280992295677536710e-02
1.691329517029648843e-01 3.054484513428857850e-01 3.063937920557368022e-01 2.889848447486136340e-01 2.540489404856077424e-02
1.710933907269015231e-01 3.216803351091872543e-01 3.113416409899329995e-01 2.918339605860701957e-01 2.810138097190761214e-02
1.730765534195725930e-01 3.368341508337664991e-01 3.161913671801601100e-01 2.947059327131687501e-01 3.056112972353082838e-02
1.750827031735725237e-01 3.515074908029785505e-01 3.207083294874033541e-01 2.976008326836167561e-01 3.247609761344538021e-02
1.771121064345088647e-01 3.521035036665858819e-01 3.246878084655296925e-01 3.005187295622696042e-01 3.359443763423389240e-02
1.791650327363901452e-01 3.380479992749802487e-01 3.279889956896446246e-01 3.034596898483946648e-01 3.375826339083459748e-02
1.812417547374237659e-01 3.332743518411316330e-01 3.305618115651797750e-01 3.064237773975569956e-01 3.293021791488400657e-02
1.833425482562290598e-01 3.462331423211963966e-01 3.324414918179072753e-01 3.094110533421111642e-01 3.117939822719345208e-02
1.854676923084699336e-01 3.574026426255160760e-01 3.337536252072665355e-01 3.124215760102798112e-01 2.868497281001462437e-02
1.876174691439121411e-01 3.516029914031543746e-01 3.347001110604521656e-01 3.154554008438022472e-01 2.571788919803316351e-02
1.897921642839101308e-01 3.310767188795525340e-01 3.355065243609151038e-01 3.185125803141355960e-01 2.257437963811215892e-02
1.919920665593284892e-01 3.107241479511336779e-01 3.363822096477380175e-01 3.215931638371902213e-01 1.952621076381447218e-02
1.942174681489026444e-01 3.068433704724991551e-01 3.374927622847376241e-01 3.246971976865810072e-01 1.678592314170505168e-02
1.964686646180446583e-01 3.173239988673071110e-01 3.389624916831710522e-01 3.278247249053771739e-01 1.450993802220902282e-02
1.987459549580983809e-01 3.319169571870893565e-01 3.408643849579445217e-01 3.309757852163310310e-01 1.278540538841581829e-02
2.010496416260499075e-01 3.457568238267206828e-01 3.432078100497820694e-01 3.341504149305677962e-01 1.161515736631818160e-02
2.033800305846981960e-01 3.490430683045897542e-01 3.459718000126028037e-01 3.373486468547172712e-01 1.096172862228322366e-02
2.057374313432913659e-01 3.467229361825198697e-01 3.491115735465821213e-01 3.405705101964686676e-01 1.075720658776169181e-02
2.081221569986339281e-01 3.564254002436973989e-01 3.525756665748380203e-01 3.438160304685285995e-01 1.092621379049983112e-02
2.105345242766706038e-01 3.691653749423368658e-01 3.563338095558317153e-01 3.470852293909636455e-01 1.142089873647443750e-02
2.129748535745520921e-01 3.738329751996288808e-01 3.603759591697196507e-01 3.503781247919072750e-01 1.221882733535618187e-02
2.154434690031884481e-01 3.696691057283780224e-01 3.647011149460646084e-01 3.536947305066113767e-01 1.330850145880306881e-02
2.179406984302955930e-01 3.509337740828306629e-01 3.692872559917362296e-01 3.570350562748220158e-01 1.465346015086808548e-02
2.204668735239409816e-01 3.397585034079855792e-01 3.741116501655689652e-01 3.603991076364594370e-01 1.621752574390693258e-02
2.230223297965938656e-01 3.540869023006165128e-01 3.791549316254475555e-01 3.637868858255818849e-01 1.796967007584502479e-02
2.256074066496861485e-01 3.792706840306058202e-01 3.843867549538300121e-01 3.671983876626112586e-01 1.986764892485029174e-02
2.282224474186898555e-01 4.054680543221422795e-01 3.897252740113196223e-01 3.706336054448011175e-01 2.181377670675410316e-02
2.308677994187169624e-01 4.198521038099720104e-01 3.950386430993024223e-01 3.740925268349243327e-01 2.366054837316554707e-02
2.335438139906479416e-01 4.255525930258425849e-01 4.002178121128195376e-01 3.775751347481596243e-01 2.529302740394295465e-02
2.362508465477947683e-01 4.246913284124442245e-01 4.051772328710587234e-01 3.810814072371546679e-01 2.662727384276046202e-02
2.389892566231050230e-01 4.122983282753083789e-01 4.098545280933559298e-01 3.846113173752436776e-01 2.760767813930412734e-02
2.417594079169130827e-01 4.114627183954784329e-01 4.142354643615274168e-01 3.881648331377974825e-01 2.823109111394999510e-02
2.445616683452446483e-01 4.100681471000000022e-01 4.183421639784339896e-01 3.917419172816823392e-01 2.853159403365623445e-02
2.473964100886814066e-01 4.092857973542123884e-01 4.222239578309613384e-01 3.953425272228054954e-01 2.856933824461116780e-02
2.502640096417919069e-01 4.255305935366923697e-01 4.259186606985826962e-01 3.989666149117240268e-01 2.839011223577087364e-02
2.531648478631355337e-01 4.432340304043596024e-01 4.294454278437183636e-01 4.026141267072923524e-01 2.801897420893365021e-02
2.560993100258459609e-01 4.519160069707797156e-01 4.328357177767870878e-01 4.062850032483258378e-01 2.749229974437333510e-02
2.590677858688008595e-01 4.352805486748436148e-01 4.361188644582762453e-01 4.099791793232547832e-01 2.684307086651802413e-02
2.620706696483852682e-01 4.212835095536318630e-01 4.393344533511627237e-01 4.136965837377460375e-01 2.611332815609145735e-02
2.651083601908538756e-01 4.268556685898746150e-01 4.425055879366551759e-01 4.174371391802644271e-01 2.532767389745253089e-02
2.681812609453015361e-01 4.613183336875251173e-01 4.456036037508127046e-01 4.212007620855522383e-01 2.445954617950181140e-02
2.712897800372467416e-01 4.795450857008924372e-01 4.486175447517030679e-01 4.249873624959976115e-01 2.350023819745341441e-02
2.744343303228365394e-01 4.505054256523038925e-01 4.515707033996732567e-01 4.287968439208680871e-01 2.247417824478874920e-02
2.776153294436801144e-01 4.448817958896100211e-01 4.544640932714023585e-01 4.326291031933821585e-01 2.138384445447154281e-02
2.808331998823172526e-01 4.528463242428019675e-01 4.572907562656808866e-01 4.364840303255913545e-01 2.022406381772213352e-02
2.840883690183304000e-01 4.467357834930894001e-01 4.600571064220186357e-01 4.403615083610469272e-01 1.900239292765835628e-02
2.873812691851066470e-01 4.507646444835174404e-01 4.627618803554365834e-01 4.442614132252220571e-01 1.771898329593681043e-02
2.907123377272578524e-01 4.632405629083664600e-01 4.653754741001948081e-01 4.481836135736627647e-01 1.634751778772395095e-02
2.940820170587063465e-01 4.947742242197878948e-01 4.678387886463832857e-01 4.521279706378377172e-01 1.483485119965705437e-02
2.974907547214440395e-01 5.151162813346648051e-01 4.701279556053936659e-01 4.560943380686596216e-01 1.316139580083154799e-02
3.009390034449720974e-01 4.833826397789284801e-01 4.722304227282425604e-01 4.600825617776470589e-01 1.131818962293231617e-02
3.044272212064302874e-01 4.496503585800264435e-01 4.741805729314181317e-01 4.640924797756985631e-01 9.339225959021663775e-03
3.079558712914226559e-01 4.365567453541550069e-01 4.759910372530757883e-01 4.681239220094465248e-01 7.237940226105209207e-03
3.115254223555488089e-01 4.610208954221783895e-01 4.776938985253231795e-01 4.721767101951629408e-01 5.045132192827136985e-03
3.151363484866479547e-01 5.134380467563957051e-01 4.792979248227455802e-01 4.762506576501829292e-01 2.769960268978817215e-03
3.187891292677645927e-01 5.156030182120090455e-01 4.808115544069046510e-01 4.803455691218159185e-01 4.211067032933243784e-04
3.224842498408442282e-01 4.885241096845804321e-01 4.822858394061830256e-01 4.844612406137116523e-01 1.954526379234958807e-03
3.262222009711669979e-01 4.876709424270599946e-01 4.838340084363240146e-01 4.885974592096475333e-01 4.254812809727041671e-03
3.300034791125285305e-01 4.719502119125692507e-01 4.855858767193644843e-01 4.927540028947058337e-01 6.364114181599050610e-03
3.338285864731760921e-01 4.577620330641390956e-01 4.876585712111100590e-01 4.969306403738040778e-01 8.179913956784280737e-03
3.376980310825091203e-01 4.759849160928728562e-01 4.901947773806481501e-01 5.011271308875464570e-01 9.579236072254544015e-03
3.416123268585528616e-01 5.066070562405956546e-01 4.933207222104339928e-01 5.053432240253598051e-01 1.045708814372488422e-02
3.455719936762139399e-01 5.238872908990651611e-01 4.971124678708030986e-01 5.095786595358793303e-01 1.075657640874926567e-02
3.495775574363275129e-01 4.768489553387215141e-01 5.015755475126645324e-01 5.138331671345467422e-01 1.048577797632064927e-02
3.536295501355042892e-01 4.478301885123532333e-01 5.066715184251542325e-01 5.181064663083856381e-01 9.692520661528387232e-03
3.577285099367873422e-01 4.522504498213429924e-01 5.123007386731157631e-01 5.223982661179141784e-01 8.476744736192885765e-03
3.618749812411280464e-01 5.118710931068893855e-01 5.183237195059080538e-01 5.267082649961596363e-01 6.969049811177698527e-03
3.660695147596902399e-01 5.590585918885030425e-01 5.244578404987528808e-01 5.310361505447336317e-01 5.413504518629290961e-03
3.703126675869927165e-01 5.977897276516408454e-01 5.304939781597630688e-01 5.353815993269305240e-01 3.982982302046701381e-03
3.746050032748993175e-01 5.988981019631176572e-01 5.362314572096698040e-01 5.397442766578071094e-01 2.835758232442213336e-03
3.789470919074667821e-01 5.612975834965063804e-01 5.414728786741638267e-01 5.441238363912044296e-01 2.121042889525488057e-03
3.833395101766601254e-01 5.369025560497585614e-01 5.461716084432165497e-01 5.485199207036689506e-01 1.863284027961205390e-03
3.877828414589457595e-01 5.345501601040535400e-01 5.503622028619047368e-01 5.529321598752316991e-01 2.023250015506718614e-03
3.922776758927719598e-01 5.282755748412072405e-01 5.540584781865774966e-01 5.573601720670010584e-01 2.580326776069289969e-03
3.968246104569481680e-01 5.438192683349688528e-01 5.573927432765256595e-01 5.618035630955284798e-01 3.423178963139030147e-03
4.014242490499321803e-01 5.789867727035801215e-01 5.604869065393530692e-01 5.662619262038983692e-01 4.451890363711339706e-03
4.060772025700365440e-01 5.906975316402469645e-01 5.634874195435077837e-01 5.707348418295010717e-01 5.550161466428170029e-03
4.107840889965646558e-01 5.893635707356766895e-01 5.664919667700889505e-01 5.752218773684404374e-01 6.641639516083982370e-03
4.155455334718875515e-01 5.556035834208874480e-01 5.696526663247877265e-01 5.797225869365296713e-01 7.610087035348562373e-03
4.203621683844713797e-01 5.518033575907556054e-01 5.730903451024496054e-01 5.842365111268283950e-01 8.365602247185095069e-03
4.252346334528682159e-01 5.591938438345083195e-01 5.768856336403389573e-01 5.887631767636727353e-01 8.850916211761549607e-03
4.301635758106794882e-01 5.866903130252818510e-01 5.810409741813079565e-01 5.933020966531474816e-01 9.069123782829596400e-03
4.351496500925050026e-01 5.377348505686659896e-01 5.854984212697849078e-01 5.978527693299531265e-01 9.068516908339992189e-03
4.401935185208874501e-01 5.752293884910724131e-01 5.902665033206336842e-01 6.024146788006128350e-01 8.847407200043811218e-03
4.452958509942655518e-01 6.409864081152427673e-01 5.952546885744530725e-01 6.069872942829726004e-01 8.476775484995653642e-03
4.504573251759458330e-01 6.148447856495526942e-01 6.003590975908851268e-01 6.115700699419361897e-01 8.035126880334706248e-03
4.556786265841064054e-01 5.922591142885448301e-01 6.054618114388080619e-01 6.161624446213872508e-01 7.608468448684510728e-03
4.609604486828433600e-01 6.224880555764972234e-01 6.104632671849306025e-01 6.207638415722378511e-01 7.266875393323946226e-03
4.663034929742731483e-01 6.102118749751505034e-01 6.152294917646411454e-01 6.253736681765535987e-01 7.102445279706614406e-03
4.717084690917017209e-01 6.287656346612243707e-01 6.196353831433106807e-01 6.299913156676950621e-01 7.198353426981845930e-03
4.771760948938745805e-01 6.316448252320522316e-01 6.237624108050514593e-01 6.346161588464203085e-01 7.491926343709437094e-03
4.827070965603182939e-01 6.687981978533017458e-01 6.275428943813269322e-01 6.392475557928887220e-01 8.025659688497301797e-03
4.883022086877880086e-01 6.281443710109118062e-01 6.310468894410513618e-01 6.438848475745078126e-01 8.746574687208040488e-03
4.939621743878320759e-01 6.263440373115581883e-01 6.344374867755256941e-01 6.485273579495627327e-01 9.539465333947899292e-03
4.996877453854883799e-01 6.095222452725002071e-01 6.378454990803538172e-01 6.531743930665667719e-01 1.031365509418744053e-02
5.054796821191240852e-01 6.515120093371735699e-01 6.414397264609924543e-01 6.578252411592693250e-01 1.095467990923617956e-02
5.113387538414325695e-01 6.640477601649050765e-01 6.453166521907811592e-01 6.624791722372611602e-01 1.139935690420881137e-02
5.172657387216018643e-01 6.309683713554272710e-01 6.496478155683906852e-01 6.671354377721090412e-01 1.153602820830616597e-02
5.232614239486661489e-01 6.498728041379645548e-01 6.545380777585527721e-01 6.717932703789555315e-01 1.130073231936304205e-02
5.293266058360561743e-01 6.381442658558824643e-01 6.599005162337835406e-01 6.764518834935192571e-01 1.075844224840046166e-02
5.354620899273607737e-01 6.239726451875802216e-01 6.657335522616255608e-01 6.811104710444235710e-01 9.917111473071272415e-03
5.416686911033151697e-01 6.252875112588893725e-01 6.719031733272998741e-01 6.857682071207895635e-01 8.870654710955671457e-03
5.479472336900287344e-01 6.978841950720824361e-01 6.781367429068516639e-01 6.904242456350202506e-01 7.798758075179217271e-03
5.542985515684668574e-01 7.270506293325990077e-01 6.841555191108417144e-01 6.950777199807062212e-01 6.878533076352479937e-03
5.607234882852032420e-01 6.651755476790364163e-01 6.897067586027950670e-01 6.997277426855796900e-01 6.264611320540067370e-03
5.672228971644543982e-01 8.094249262593422589e-01 6.946193903714543705e-01 7.043734050594447904e-01 6.056047482205421592e-03
5.737976414214134291e-01 7.521966783985951643e-01 6.986834419157526010e-01 7.090137768370081695e-01 6.374222994721940802e-03
5.804485942768977669e-01 6.873599930495885024e-01 7.019570602111904201e-01 7.136479058155351662e-01 7.173449218941479674e-03
5.871766390733255125e-01 7.153402613206257810e-01 7.046481493524220374e-01 7.182748174872534141e-01 8.318324798133729450e-03
5.939826693920355893e-01 6.949433943083754839e-01 7.068557412539056006e-01 7.228935146664270395e-01 9.743538760878146451e-03
6.008675891719686968e-01 7.300604639149121944e-01 7.090169697148179795e-01 7.275029771110211874e-01 1.117814512091722806e-02
6.078323128297229427e-01 6.717428011268066212e-01 7.114697916366876651e-01 7.321021611388748296e-01 1.241522381559890739e-02
6.148777653810023613e-01 7.048822752645521605e-01 7.145537698588277919e-01 7.366899992383040274e-01 1.324985940581298142e-02
6.220048825634711953e-01 6.915106621101378970e-01 7.185306328337056625e-01 7.412653996730464989e-01 1.352844089548671871e-02
6.292146109610343707e-01 6.507256463721107220e-01 7.236125850339576449e-01 7.458272460814682203e-01 1.313213320048626717e-02
6.365079081295571539e-01 7.317571764463469686e-01 7.297734371566154676e-01 7.503743970699432442e-01 1.208995586744689849e-02
6.438857427240419762e-01 7.355003816079972445e-01 7.369657955272486127e-01 7.549056858003196924e-01 1.044536479793560686e-02
6.513490946272803006e-01 7.094933527208547863e-01 7.449707100380369429e-01 7.594199195713841055e-01 8.342786532146304057e-03
6.588989550799949635e-01 7.436347872652304680e-01 7.533794530115435206e-01 7.639158793942352199e-01 6.031766255113457306e-03
6.665363268124913088e-01 7.526228990611543157e-01 7.619411965085289840e-01 7.683923195614722479e-01 3.661559667193239453e-03
6.742622241778342129e-01 8.611546348090873826e-01 7.701697990763252122e-01 7.728479672101096210e-01 1.507584469219977507e-03
6.820776732865685421e-01 7.720565186502083010e-01 7.777048170345628453e-01 7.772815218781203850e-01 2.364454922848827838e-04
6.899837121430018039e-01 8.291125844319336968e-01 7.843343047011256397e-01 7.816916550545150999e-01 1.465734640438288343e-03
6.979813907830659803e-01 8.904799502969951153e-01 7.898688468758422454e-01 7.860770097228573228e-01 2.089890490532221243e-03
7.060717714137773049e-01 7.443835285206999997e-01 7.942048728954199666e-01 7.904361998981193072e-01 2.065725798388241830e-03
7.142559285543126357e-01 7.995065956038835964e-01 7.974773028064443547e-01 7.947678101567766662e-01 1.478062432402711332e-03
7.225349491787214085e-01 8.464132999847271410e-01 7.998583224730806407e-01 7.990703951600406363e-01 4.280272261288202451e-04
7.309099328602910450e-01 8.192702156002725777e-01 8.016339499422378001e-01 8.033424791701263556e-01 9.246305212514019205e-04
7.393819919175865785e-01 7.552699582805572076e-01 8.029983036450339950e-01 8.075825555594507987e-01 2.472301437435136823e-03
7.479522515621821466e-01 8.352231515202285239e-01 8.043896973894858471e-01 8.117890863126565604e-01 3.976708844770387996e-03
7.566218500481054487e-01 7.569953380455144432e-01 8.060152557408367668e-01 8.159605015213527990e-01 5.325874290534119739e-03
7.653919388230148169e-01 7.851943892010997406e-01 8.079497620403446323e-01 8.200951988714638707e-01 6.479912014676115356e-03
7.742636826811269968e-01 8.216896626020510075e-01 8.104945368760629876e-01 8.241915431230767419e-01 7.278062155902503653e-03
7.832382599179196214e-01 7.757900780957072140e-01 8.136041112146262799e-01 8.282478655826741587e-01 7.747190917477405833e-03
7.923168624866253618e-01 8.703371997938794680e-01 8.172696867668013399e-01 8.322624635676381111e-01 7.894916802493044325e-03
8.015006961565405152e-01 7.474583250671176238e-01 8.215507488563436045e-01 8.362335998629114586e-01 7.693217664778961504e-03
8.107909806731686819e-01 8.591537472116749230e-01 8.261497158387004491e-01 8.401595021696982579e-01 7.302985787505965505e-03
8.201889499202202893e-01 8.380831768057861453e-01 8.311522696997651893e-01 8.440383625460839978e-01 6.681591091384590612e-03
8.296958520834906148e-01 8.299323717903603903e-01 8.362891691066396405e-01 8.478683368394570596e-01 5.971944872364580610e-03
8.393129498166364000e-01 8.355139615350923865e-01 8.415278983344234298e-01 8.516475441106072797e-01 5.191380102595082383e-03
8.490415204088747059e-01 8.556203509498826465e-01 8.467289251639990022e-01 8.553740660493793779e-01 4.411682826698064275e-03
8.588828559546249908e-01 8.888318631778544532e-01 8.517433696604184146e-01 8.590459463817537999e-01 3.707631332613056316e-03
8.688382635251183927e-01 8.520728172884494134e-01 8.563915816906227940e-01 8.626611902682305155e-01 3.167870732303422476e-03
8.789090653419954213e-01 7.969264611426022382e-01 8.606692023130946279e-01 8.662177636933831026e-01 2.790822942988225360e-03
8.890965989529158175e-01 9.170759177864160616e-01 8.645051239315636460e-01 8.697135928464546639e-01 2.608686076622648582e-03
8.994022174092044519e-01 9.054670916122531388e-01 8.677299261559556776e-01 8.731465634928623487e-01 2.702573457939963942e-03
9.098272894455557980e-01 8.420866505475226305e-01 8.704211310033833637e-01 8.765145203364755888e-01 3.029689266037021746e-03
9.203731996618220723e-01 9.474107431082705588e-01 8.724221319634556382e-01 8.798152663725307132e-01 3.664819086803721912e-03
9.310413487069075789e-01 8.469708764684465985e-01 8.738922005903769774e-01 8.830465622310460505e-01 4.525740803670528882e-03
9.418331534647951253e-01 8.503527754380346693e-01 8.749541340688404834e-01 8.862061255105947444e-01 5.549460088243658891e-03
9.527500472427290479e-01 9.801466250265754576e-01 8.756613770077262826e-01 8.892916301022946168e-01 6.708010205222528569e-03
9.637934799615786030e-01 8.320903918013786704e-01 8.763433343044757518e-01 8.923007055038705282e-01 7.836948710648912811e-03
9.749649183484085935e-01 8.613139749154421487e-01 8.770492738041184566e-01 8.952309361236430174e-01 8.911088215905946935e-03
9.862658461312820979e-01 8.362096941587934262e-01 8.780617848561815819e-01 8.980798605742965623e-01 9.789881320305393597e-03
9.976977642363201726e-01 9.287841842340649468e-01 8.796233971455172940e-01 9.008449709562742491e-01 1.035328574032452244e-02
1.009262190987048502e+00 8.190121401910257504e-01 8.818465502432893954e-01 9.035242322031336037e-01 1.054678437752086702e-02
1.020960662306047650e+00 9.074503540123087797e-01 8.847592141992107750e-01 9.061193723415390533e-01 1.036032125364352852e-02
1.032794731918952547e+00 8.360838777175076952e-01 8.884752407648083272e-01 9.086336831422061611e-01 9.743502338365883295e-03
1.044765971560805307e+00 8.691156060416896922e-01 8.929680508163447827e-01 9.110702969905828397e-01 8.715967159135635037e-03
1.056875971184805030e+00 9.096095565888620005e-01 8.981728566620539311e-01 9.134321895171737538e-01 7.316385879727141731e-03
1.069126339173477103e+00 9.244425834153933152e-01 9.039021412185004323e-01 9.157221895529081834e-01 5.642322852941939262e-03
1.081518702552289213e+00 9.395777830024925059e-01 9.101380747005305416e-01 9.179429883149607949e-01 3.708425823095423852e-03
1.094054707205743604e+00 8.510957865765339525e-01 9.166733977899848007e-01 9.200971478928405833e-01 1.619056340693830363e-03
1.106736018095974439e+00 9.365458952872808274e-01 9.233248346572054954e-01 9.221871090973181584e-01 5.354698427683466516e-04
1.119564319483879355e+00 9.479503342758871520e-01 9.299631063634764550e-01 9.242151987283597769e-01 2.692613280953337802e-03
1.132541315152812755e+00 9.420668999031102109e-01 9.363355359288112467e-01 9.261836363125772742e-01 4.734402429399723645e-03
1.145668728634872569e+00 9.447371640288266814e-01 9.421870072473904623e-01 9.280945403556652984e-01 6.544893143346160874e-03
1.158948303439811811e+00 9.524930145940059267e-01 9.474686296093216553e-01 9.299499341508543626e-01 8.105271514927611665e-03
1.172381803286599800e+00 9.224761623428302526e-01 9.518461443932239030e-01 9.317517511804154218e-01 9.266537402884621535e-03
1.185971012337670549e+00 1.015608438199857355e+00 9.552499834693819469e-01 9.335018401437336077e-01 1.000186046616188124e-02
1.199717735435885446e+00 1.032610616242020773e+00 9.575228959554555885e-01 9.352019696422917416e-01 1.024375463528555061e-02
1.213623798344241722e+00 9.499009447212419799e-01 9.588018130390628668e-01 9.368538325490942675e-01 1.005700881590413341e-02
1.227691047988360484e+00 1.006344105059278959e+00 9.590585415652732593e-01 9.384590500875233943e-01 9.429790786545473244e-03
1.241921352701784720e+00 9.627798323816496584e-01 9.585143083937851527e-01 9.400191756423557088e-01 8.461887319500675450e-03
1.256316602474121469e+00 9.389739602724612721e-01 9.573640091612461989e-01 9.415356983236344846e-01 7.240305784837634817e-03
1.270878709202059476e+00 9.484331362778813945e-01 9.558011529090597591e-01 9.430100463022479396e-01 5.851230548181355143e-03
1.285609606943296512e+00 9.683097311673432017e-01 9.541280565946201886e-01 9.444435899344365559e-01 4.430643339046753081e-03
1.300511252173409904e+00 8.945682296102446251e-01 9.525966687327750426e-01 9.458376446909431134e-01 3.092463327991238926e-03
1.315585624045705115e+00 9.735675676221509089e-01 9.513575643051992436e-01 9.471934739051917074e-01 1.905078500766001518e-03
1.330834724654076151e+00 9.263909278643878142e-01 9.504056771094827605e-01 9.485122913536634393e-01 8.660587471644161199e-04
1.346260579298911075e+00 9.423863907512277649e-01 9.498547183002431504e-01 9.497952636805349069e-01 2.718481142979290417e-05
1.361865236756082842e+00 9.622816477806745983e-01 9.497006430135550570e-01 9.510435126776601855e-01 6.136554257683149785e-04
1.377650769549054965e+00 9.503466248645667802e-01 9.498519830672867981e-01 9.522581174300572826e-01 1.098749681815266565e-03
1.393619274224143556e+00 9.267703247701636338e-01 9.501873592493519372e-01 9.534401163362604681e-01 1.484172556639336803e-03
1.409772871628967694e+00 9.484211896291518951e-01 9.506182488533062580e-01 9.545905090121378223e-01 1.810964977215116746e-03
1.426113707194129887e+00 9.483144721071871119e-01 9.508999930553523328e-01 9.557102580861016605e-01 2.191403293449347041e-03
1.442643951218158804e+00 9.573364821628962407e-01 9.510054167637794764e-01 9.568002908930195449e-01 2.638308070200952923e-03
1.459365799155757593e+00 9.991560997764118435e-01 9.509547686643536890e-01 9.578615010735695989e-01 3.142857603799315870e-03
1.476281471909391074e+00 9.509794777473286054e-01 9.507297563812905361e-01 9.588947500852718075e-01 3.713854014380847147e-03
1.493393216124253353e+00 9.907229887746638042e-01 9.503941599430777432e-01 9.599008686309455918e-01 4.322625717098010391e-03
1.510703304486655574e+00 9.273970627670591327e-01 9.501542653193236765e-01 9.608806580099278349e-01 4.875329090391718710e-03
1.528214036025870914e+00 9.324282119987805650e-01 9.501926030700381665e-01 9.618348913969811953e-01 5.288882173675664954e-03
1.545927736419478560e+00 9.775437513363779418e-01 9.506157460645312529e-01 9.627643150534590522e-01 5.514981035042190033e-03
1.563846758302247730e+00 9.142823076583150854e-01 9.517417043768577889e-01 9.636696494749754649e-01 5.409081125933776039e-03
1.581973481578601515e+00 8.903523080228061826e-01 9.533945052312395863e-01 9.645515904795007867e-01 5.052816891963947052e-03
1.600310313738701806e+00 9.012876321991255546e-01 9.557358034297259719e-01 9.654108102395551061e-01 4.374301849118038613e-03
1.618859690178199306e+00 9.429954683758662304e-01 9.585278073225366180e-01 9.662479582618752616e-01 3.483872762888353888e-03
1.637624074521689010e+00 9.766924905823545222e-01 9.614948284231535913e-01 9.670636623177326641e-01 2.508112213934131970e-03
1.656605958949915136e+00 1.001063749095014943e+00 9.645250161890637219e-01 9.678585293268349155e-01 1.498385556575619225e-03
1.675807864530768798e+00 1.046748642144878838e+00 9.672800290291002634e-01 9.686331461975468127e-01 6.071051355420020289e-04
1.695232341554121502e+00 9.929587741407055468e-01 9.695726378866089679e-01 9.693880806259975724e-01 8.267542437089019829e-05
1.714881969870540868e+00 9.664474868552023201e-01 9.713391222856444518e-01 9.701238818564419386e-01 5.436851285754450190e-04
1.734759359233932541e+00 9.735763557532747248e-01 9.725227278063801606e-01 9.708410814051036120e-01 7.516142180002751165e-04
1.754867149648152047e+00 1.025264752848732419e+00 9.731858598729130616e-01 9.715401937495860007e-01 7.350175472600384199e-04
1.775208011717636092e+00 9.200556752197860400e-01 9.736284450170350491e-01 9.722217169857734209e-01 6.279356343854845032e-04
1.795784647002096834e+00 9.507995649873756117e-01 9.737857127652146394e-01 9.728861334540543915e-01 4.013849169696340853e-04
1.816599788375328650e+00 9.857134991892528841e-01 9.738511788262158575e-01 9.735339103365554525e-01 1.415107431264827590e-04
1.837656200388172456e+00 9.121874145389932131e-01 9.738391915063000503e-01 9.741655002269788977e-01 1.454966496893835676e-04
1.858956679635688225e+00 1.039511024738204226e+00 9.739003564570363203e-01 9.747813416745321202e-01 3.926829558981920817e-04
1.880504055128583429e+00 9.330717403529018572e-01 9.739364252093610785e-01 9.753818597033441229e-01 6.440655121328380710e-04
1.902301188668945819e+00 1.025686694249305031e+00 9.739858309030808847e-01 9.759674663086861379e-01 8.827017747533145130e-04
1.924350975230332272e+00 1.006832219296683650e+00 9.739336640455283911e-01 9.765385609312107196e-01 1.160019611138362119e-03
1.946656343342263229e+00 9.174585017544248933e-01 9.737514950614077902e-01 9.770955309103805941e-01 1.488889410177819629e-03
1.969220255479173565e+00 1.023012794551502846e+00 9.733632903317827045e-01 9.776387519181539698e-01 1.903444800852112937e-03
1.992045708453871189e+00 9.579424843626731523e-01 9.727896926877521722e-01 9.781685883739623666e-01 2.394752011800429983e-03
2.015135733815558439e+00 9.582033514999275248e-01 9.721589763610190005e-01 9.786853938419211030e-01 2.905816287542441981e-03
2.038493398252464228e+00 9.844153893348234208e-01 9.715138855282836605e-01 9.791895114111905940e-01 3.417740672615373395e-03
2.062121803999144465e+00 9.464348239624058579e-01 9.708551242359376721e-01 9.796812740603264569e-01 3.930379695273026122e-03
2.086024089248504687e+00 9.364979250603291394e-01 9.702565212118948734e-01 9.801610050064217816e-01 4.410850062006336711e-03
2.110203428568596440e+00 1.089992953585397384e+00 9.697377878655105699e-01 9.806290180397954082e-01 4.850421282827731446e-03
2.134663033324245340e+00 9.707955260086417182e-01 9.694931415383578610e-01 9.810856178449325338e-01 5.162168143832777251e-03
2.159406152103567678e+00 9.167560233251771384e-01 9.694941356420460066e-01 9.815311003083542207e-01 5.358878568361914035e-03
2.184436071149428393e+00 8.796635204039697786e-01 9.697460255292944531e-01 9.819657528140406377e-01 5.438333196345132049e-03
2.209756114795903059e+00 1.027771793137076006e+00 9.704221860531524468e-01 9.823898545270104421e-01 5.323151784612762706e-03
2.235369645909796699e+00 9.260348716798811886e-01 9.712713480882687600e-01 9.828036766656151890e-01 5.126195002731090584e-03
2.261280066337279404e+00 1.016005985447233195e+00 9.724521646174737466e-01 9.832074827630878922e-01 4.776927744839129866e-03
2.287490817355704031e+00 1.004783529825661548e+00 9.737980143536723032e-01 9.836015289188404509e-01 4.350310486214116305e-03
2.314005380130653933e+00 1.013955602934726974e+00 9.753161737106923468e-01 9.839860640399948899e-01 3.843521465842512485e-03
2.340827276178294447e+00 9.244183813062649691e-01 9.768990410491137366e-01 9.843613300735940541e-01 3.304861131692896688e-03
2.367960067833078774e+00 8.950860813385405068e-01 9.784487791540278367e-01 9.847275622299183073e-01 2.777998168683878336e-03
2.395407358720879287e+00 1.024599164483674052e+00 9.798686744043922925e-01 9.850849891973145755e-01 2.305827454474781903e-03
2.423172794237600680e+00 1.030506249637304084e+00 9.809948740949712143e-01 9.854338333489187640e-01 1.960730919594188063e-03
2.451260062033339793e+00 9.898269640645575018e-01 9.817133463428213691e-01 9.857743109416341465e-01 1.792801102947423489e-03
2.479672892502160053e+00 9.951229160200718571e-01 9.819355256107895613e-01 9.861066323077087858e-01 1.840907042550496463e-03
2.508415059277541381e+00 9.524877394940663988e-01 9.815357730283101878e-01 9.864310020392426104e-01 2.160580512657789536e-03
2.537490379733571721e+00 9.835251307976508039e-01 9.802866207111158303e-01 9.867476191659261264e-01 2.853011920973403358e-03
2.566902715491951703e+00 1.017522393722824825e+00 9.783904737851368827e-01 9.870566773263100835e-01 3.829875319710434288e-03
2.596655972934872381e+00 9.777989363944504797e-01 9.758915608510393414e-01 9.873583649328849798e-01 5.073247478670286047e-03
2.626754103723838440e+00 1.075966940547048445e+00 9.728262504919035214e-01 9.876528653312317552e-01 6.569047050242278821e-03
2.657201105324506596e+00 9.554664405230431923e-01 9.693919716034327116e-01 9.879403569534979113e-01 8.231307920241634837e-03
2.688001021537607560e+00 9.412454013204183401e-01 9.660419727159142989e-01 9.882210134664375367e-01 9.858088352850853664e-03
2.719157943036019098e+00 9.477372094372610301e-01 9.629291730143175743e-01 9.884950039142452738e-01 1.138013428771234015e-02
2.750676007908067433e+00 9.433868121355076797e-01 9.604725892763334993e-01 9.887624928563967242e-01 1.260700864551942378e-02
2.782559402207125832e+00 8.852639942116204974e-01 9.589738875975760690e-01 9.890236405007033493e-01 1.339989090488519739e-02
2.814812360507581435e+00 9.917564958222018223e-01 9.586029555336987862e-01 9.892786028317797076e-01 1.367985213615928973e-02
2.847439166467247595e+00 9.265412701689437203e-01 9.595215407559232190e-01 9.895275317351057698e-01 1.337315326989095554e-02
2.880444153396297668e+00 9.084332193534301325e-01 9.616322301829903774e-01 9.897705751168683896e-01 1.252552775979427421e-02
2.913831704832788638e+00 9.394775245398357955e-01 9.648359419116079305e-01 9.900078770197417999e-01 1.118517672018866024e-02
2.947606255124858521e+00 9.691111432323727959e-01 9.690120325728394102e-01 9.902395777347805517e-01 9.411110277855187084e-03
2.981772290019673477e+00 1.003293201747120778e+00 9.738096332986009296e-01 9.904658139095718905e-01 7.365423948988356929e-03
3.016334347259197468e+00 9.314485204470955848e-01 9.787633012871084226e-01 9.906867186527923419e-01 5.258663670604173113e-03
3.051297017182871052e+00 9.702210221039001548e-01 9.834331601316437244e-01 9.909024216353150560e-01 3.286041705232402819e-03
3.086664943337274369e+00 1.067661593144688004e+00 9.874534405030512829e-01 9.911130491880015825e-01 1.606566853863628267e-03
3.122442823092857811e+00 1.001455489732787862e+00 9.904832195146061613e-01 9.913187243962988671e-01 3.661871281687308598e-04
3.158635408267818967e+00 1.047546326320842658e+00 9.922250153320449906e-01 9.915195671917707010e-01 3.088827565845654664e-04
3.195247505759213791e+00 1.066435352132882208e+00 9.927852457393626651e-01 9.917156944406773089e-01 4.681280443875405193e-04
3.232283978181380579e+00 1.004608387659134738e+00 9.921157070181810811e-01 9.919072200297147646e-01 9.127389380279123858e-05
3.269749744511767808e+00 9.923147921867858656e-01 9.904681879481154194e-01 9.920942549490223694e-01 7.124033712848115056e-04
3.307649780744242651e+00 1.021140142836009845e+00 9.880481630764149648e-01 9.922769073725552502e-01 1.854769332591972878e-03
3.345989120549974771e+00 9.172243982539991514e-01 9.852447435224729322e-01 9.924552827359292007e-01 3.166821283189409208e-03
3.384772855945982872e+00 9.784414151874661902e-01 9.823775842318270834e-01 9.926294838118172592e-01 4.508726554088050842e-03
3.424006137971425723e+00 9.821124333982277355e-01 9.798702902048069818e-01 9.927996107829994976e-01 5.693008227893129984e-03
3.463694177371734462e+00 8.939727735260563080e-01 9.778191148091341933e-01 9.929657613131468441e-01 6.675750965519089419e-03
3.503842245290675894e+00 9.768916768090669667e-01 9.764473704384719621e-01 9.931280306154213200e-01 7.356399634945802977e-03
3.544455673970435594e+00 1.049329126395841527e+00 9.758519764392820095e-01 9.932865115189628558e-01 7.690591888597380667e-03
3.585539857459817181e+00 9.641686122601640374e-01 9.760995503569814824e-01 9.934412945333612743e-01 7.648095708903444347e-03
3.627100252330648367e+00 9.543106769760699715e-01 9.773241458755969058e-01 9.935924679111514113e-01 7.169661976146294788e-03
3.669142378402494131e+00 9.809304163187302361e-01 9.793462673122864670e-01 9.937401177084310699e-01 6.336550435696216774e-03
3.711671819475766743e+00 9.346365587536696884e-01 9.819672594784586428e-01 9.938843278436526596e-01 5.238834559359801038e-03
3.754694224073336972e+00 9.161499567667933386e-01 9.851486068520328709e-01 9.940251801546498012e-01 3.895638349104803971e-03
3.798215306190736218e+00 9.882740840270719529e-01 9.886454502872336070e-01 9.941627544539730632e-01 2.416916505671345798e-03
3.842240846055060999e+00 1.000424573419737451e+00 9.921601910816472136e-01 9.942971285825794592e-01 9.343875789706479647e-04
3.886776690892667752e+00 1.086332885547743876e+00 9.953826721419377632e-01 9.944283784619378785e-01 4.165666996254361936e-04
3.931828755705770284e+00 9.992160543696926300e-01 9.980661815946333393e-01 9.945565781446044085e-01 1.529846008915837540e-03
3.977403024058036696e+00 9.803499954504686364e-01 1.000019700766087594e+00 9.946817998633208369e-01 2.324384315197324490e-03
4.023505548869293236e+00 1.068461482598635826e+00 1.001203958301660979e+00 9.948041140786778591e-01 2.784985285580141370e-03
4.070142453219438572e+00 1.106291916259834140e+00 1.001516741424543833e+00 9.949235895254067152e-01 2.868485326926985095e-03
4.117319931161679492e+00 9.700891715592185882e-01 1.001055230457595702e+00 9.950402932573252368e-01 2.617371674603185226e-03
4.165044248545185290e+00 9.764222270111168056e-01 1.000050906476973367e+00 9.951542906909964792e-01 2.131687997178569917e-03
4.213321743847289191e+00 9.423766795178566413e-01 9.984686957590664935e-01 9.952656456481401293e-01 1.395439860106622264e-03
4.262158829015325168e+00 9.409179333101055365e-01 9.965489582859606843e-01 9.953744203968322157e-01 5.121636591162071926e-04
4.311561990318228510e+00 1.049250165291341741e+00 9.945236094538821847e-01 9.954806756915379751e-01 4.177364048700891010e-04
4.361537789208005833e+00 1.047136665239715825e+00 9.921756489033995985e-01 9.955844708120129560e-01 1.489549952522089367e-03
4.412092863191189984e+00 9.543418449215861354e-01 9.897983732206129259e-01 9.956858636011096664e-01 2.575605518544388760e-03
4.463233926710397093e+00 9.663174384285659890e-01 9.873406743726892421e-01 9.957849105015210700e-01 3.698512435750010881e-03
4.514967772036102112e+00 1.060318560679084587e+00 9.848515975481949569e-01 9.958816665915064537e-01 4.836943695745283232e-03
4.567301270168746541e+00 1.038184977503425088e+00 9.824108563463813670e-01 9.959761856196112095e-01 5.955801219681460673e-03
4.620241371751313331e+00 9.347203822998131351e-01 9.803150204821046154e-01 9.960685200384356008e-01 6.923557788936419120e-03
4.673795107992464004e+00 9.343970458808849022e-01 9.786283002839666345e-01 9.961587210374636125e-01 7.710770743293881777e-03
4.727969591600390764e+00 9.564829102926736271e-01 9.776382977492126258e-01 9.962468385749945199e-01 8.188750073300068988e-03
4.782772017727485725e+00 9.535874552557574990e-01 9.774316594614502751e-01 9.963329214091949382e-01 8.318078846643345292e-03
4.838209664925956943e+00 9.655128195088255039e-01 9.778243999241805762e-01 9.964170171283019961e-01 8.180265813767833433e-03
4.894289896114531579e+00 9.348558570267067047e-01 9.789692716340855361e-01 9.964991721800091629e-01 7.707882086331385718e-03
4.951020159556350997e+00 9.890202784512441836e-01 9.806900266068847571e-01 9.965794319000516044e-01 6.980161008731859337e-03
5.008407989848212338e+00 9.419585040859443925e-01 9.828076220249188921e-01 9.966578405400190466e-01 6.077571699505444382e-03
5.066461008921268494e+00 1.011776901222138036e+00 9.849313966125330388e-01 9.967344412944183496e-01 5.173483534740324491e-03
5.125186927053333008e+00 1.113784063339497310e+00 9.868405367968985376e-01 9.968092763270117729e-01 4.365090035243873214e-03
5.184593543892913381e+00 8.934472435969725845e-01 9.883175031412534395e-01 9.968823867964480279e-01 3.747436021744384328e-03
5.244688749495119318e+00 1.100372829771687266e+00 9.893189412824572315e-01 9.969538128812112099e-01 3.338714613826368645e-03
5.305480525369573819e+00 1.015215941549686862e+00 9.896909264366596792e-01 9.970235938039031520e-01 3.205847043675171502e-03
5.366976945540476329e+00 9.538589548130836926e-01 9.894793059813224989e-01 9.970917678548842922e-01 3.328414886331706839e-03
5.429186177618943177e+00 9.288674687271419872e-01 9.885811273046967163e-01 9.971583724152879302e-01 3.751824837878710815e-03
5.492116483887789613e+00 1.028038940522647327e+00 9.872828787794611927e-01 9.972234439794300798e-01 4.350874241489342646e-03
5.555776222398877806e+00 9.906506537494425002e-01 9.857803083200578076e-01 9.972870181766240183e-01 5.040027248970378911e-03
5.620173848083187984e+00 1.015073452615484317e+00 9.841466369822570170e-01 9.973491297924321763e-01 5.787400328388791690e-03
5.685317913873753071e+00 1.067303986569409169e+00 9.826334802875158481e-01 9.974098127893553656e-01 6.482079278448549774e-03
5.751217071841614015e+00 8.819659199658800297e-01 9.815057130712471212e-01 9.974691003269851031e-01 7.006619109412055325e-03
5.817880074344935259e+00 9.809645509224244053e-01 9.808046280202252776e-01 9.975270247816310221e-01 7.342163889133159101e-03
5.885315775191449994e+00 9.140670542691015088e-01 9.806859799406837386e-01 9.975836177654391346e-01 7.419341987376850724e-03
5.953533130814370189e+00 1.049375523848471436e+00 9.810768625789624275e-01 9.976389101450220398e-01 7.270345691604873303e-03
6.022541201461927507e+00 9.144485542393959721e-01 9.820799273100029314e-01 9.976929320595968598e-01 6.850060956800032262e-03
6.092349152400711176e+00 9.141339650627806623e-01 9.832976242174730208e-01 9.977457129386633206e-01 6.334880558271583674e-03
6.162966255132942273e+00 9.868131254159171473e-01 9.845537673133789580e-01 9.977972815192341915e-01 5.802878066770443370e-03
6.234401888627863819e+00 1.079476359689898413e+00 9.858526054059836286e-01 9.978476658626080908e-01 5.252257243844859862e-03
6.306665540567405692e+00 9.922494397743569783e-01 9.866034839750413843e-01 9.978968933707312861e-01 4.943025847489086050e-03
6.379766808606282424e+00 1.101171194001130171e+00 9.868340554888984650e-01 9.979449908021285065e-01 4.862474049445193909e-03
6.453715401646701544e+00 9.660559940704871451e-01 9.865142662103127957e-01 9.979919842874431790e-01 5.023683051037705453e-03
6.528521141127847649e+00 9.906242488176860705e-01 9.857726920882009525e-01 9.980378993445646607e-01 5.370250291917490204e-03
6.604193962330305645e+00 9.974750361438255997e-01 9.847081792965259872e-01 9.980827608933926509e-01 5.859009101423832098e-03
6.680743915695614987e+00 9.365216046980811004e-01 9.836791858856860360e-01 9.981265932702145793e-01 6.332144678096759786e-03
6.758181168161110364e+00 9.587959743458439599e-01 9.829075418176578260e-01 9.981694202417221717e-01 6.691593349785998797e-03
6.836516004510238886e+00 1.027777110115870585e+00 9.826093884741722295e-01 9.982112650186885094e-01 6.841557316050836390e-03
6.915758828738525210e+00 9.275600932878033111e-01 9.830106368987771015e-01 9.982521502692771609e-01 6.682037108971766552e-03
6.995920165435374649e+00 9.260353429237710987e-01 9.841392979263863250e-01 9.982920981320484444e-01 6.201059437068724180e-03
7.077010661181889262e+00 9.071371141927344617e-01 9.857701367812298221e-01 9.983311302286113076e-01 5.498956241508113144e-03
7.159041085964887863e+00 1.067144842317473863e+00 9.876914059831978232e-01 9.983692676759805540e-01 4.669928925945536664e-03
7.242022334607315592e+00 9.710653294483768683e-01 9.897602053605273342e-01 9.984065310986169894e-01 3.777424861949324128e-03
7.325965428215230446e+00 9.941393267210907325e-01 9.915811554312529141e-01 9.984429406401653662e-01 2.994986109381004083e-03
7.410881515641570161e+00 1.133599999801414571e+00 9.930214288351766339e-01 9.984785159749134387e-01 2.380104272698674046e-03
7.496781874966877091e+00 1.051515553974793349e+00 9.939094155703643851e-01 9.985132763189528138e-01 2.007038852961095469e-03
7.583677914997190683e+00 9.561507618709023104e-01 9.944343314468401251e-01 9.985472404410755676e-01 1.792506505532497508e-03
7.671581176779302069e+00 9.478735487115934610e-01 9.945215972780167002e-01 9.985804266733901979e-01 1.768830320720935802e-03
7.760503335133570602e+00 1.019688765847120759e+00 9.944550444869769690e-01 9.986128529216895533e-01 1.811996351779326551e-03
7.850456200204509294e+00 9.979640396643880695e-01 9.945305205283480054e-01 9.986445366755503095e-01 1.792814978323059279e-03
7.941451719029339884e+00 9.755458286905250853e-01 9.947830633018940327e-01 9.986754950181948587e-01 1.696010942296015704e-03
8.033501977124734239e+00 9.505218880073812437e-01 9.955279403881971412e-01 9.987057446361091717e-01 1.384094580224785528e-03
8.126619200091946382e+00 9.373634690801808667e-01 9.965700953617642188e-01 9.987353018284172990e-01 9.425500387776316116e-04
8.220815755240540312e+00 9.133184265383575973e-01 9.979350005619666009e-01 9.987641825160371578e-01 3.607044775691014464e-04
8.316104153230961415e+00 1.178006646340681973e+00 9.995137910218899746e-01 9.987924022506042832e-01 3.135607319245740628e-04
8.412497049736117560e+00 9.972819621559667613e-01 1.001102226110509141e+00 9.988199762231901868e-01 9.912075194586568872e-04
8.510007247122246099e+00 1.043486250560782924e+00 1.002535169453419694e+00 9.988469192727909007e-01 1.600682372076073700e-03
8.608647696149244410e+00 1.004852914208119730e+00 1.003586908903171926e+00 9.988732458946258941e-01 2.044606590855137414e-03
8.708431497690723333e+00 9.529958654686138120e-01 1.004335213911308200e+00 9.988989702482249378e-01 2.357124733020008345e-03
8.809371904473991322e+00 1.050289891863204872e+00 1.004650111564229897e+00 9.989241061653251208e-01 2.482343101057132417e-03
8.911482322840202031e+00 9.948622713998955813e-01 1.004488084601778075e+00 9.989486671575711352e-01 2.401617677731558362e-03
9.014776314524917566e+00 1.054684553277397630e+00 1.003997089478550597e+00 9.989726664240354825e-01 2.178848460218111606e-03
9.119267598459298796e+00 9.820601846104871635e-01 1.003174787724293138e+00 9.989961168585523854e-01 1.812808616388926399e-03
9.224970052592174952e+00 8.924380585181705960e-01 1.001967917368052019e+00 9.990190310568802801e-01 1.280054306059613721e-03
9.331897715733239451e+00 1.085944279884746733e+00 1.000346526623493659e+00 9.990414213236766816e-01 5.669736191988177833e-04
9.440064789417602853e+00 9.744300364954757709e-01 9.983806052357180327e-01 9.990632996793353815e-01 2.968698550226315331e-04
9.549485639791965852e+00 1.116369496046651477e+00 9.960774406234138567e-01 9.990846778666240269e-01 1.309194393206042882e-03
9.660174799522645017e+00 9.717029373798399261e-01 9.934770998445915380e-01 9.991055673571884732e-01 2.453518164007802583e-03
9.772146969725724830e+00 1.015469211333048349e+00 9.906487495873221860e-01 9.991259793578870507e-01 3.700555980369770945e-03
9.885417021919574054e+00 9.497643649204874361e-01 9.877088616796529941e-01 9.991459248169805019e-01 4.999971117077471605e-03
1.000000000000000000e+01 9.705018862261628465e-01 9.846520947218793118e-01 9.991654144301738150e-01 6.354583612714280808e-03
