# tau=t/t_H SFF SFF_smoothed GOE_connected DeltaK_abs_log10_ratio
1.000000000000000048e-04 1.300423264589450696e+02 1.300392116801328370e+02 1.999800019997333795e-04 5.813087759677918243e+00
1.011591112223829728e-04 1.300408441830919912e+02 1.300383386839604896e+02 2.022977581832760541e-04 5.808080342445833821e+00
1.023316578330244966e-04 1.300393273614571399e+02 1.300373291937344220e+02 2.046423742725537011e-04 5.803072475169708255e+00
1.035177955630176228e-04 1.300377751892975198e+02 1.300361867933938242e+02 2.070141614763123497e-04 5.798064169876159468e+00
1.047176819485520245e-04 1.300361868431409960e+02 1.300349187957909578e+02 2.094134346075829226e-04 5.793055451045558080e+00
1.059314763518370031e-04 1.300345614803522096e+02 1.300335352051071993e+02 2.118405121253895179e-04 5.788046352147433460e+00
1.071593399822671198e-04 1.300328982386864993e+02 1.300320475023685560e+02 2.142957161769398083e-04 5.783036911584963136e+00
1.084014359178331018e-04 1.300311962358351536e+02 1.300304674549225297e+02 2.167793726403025999e-04 5.778027168719289008e+00
1.096579291267809898e-04 1.300294545689596646e+02 1.300288061162399629e+02 2.192918111675785128e-04 5.773017160529225755e+00
1.109289864895222780e-04 1.300276723142144135e+02 1.300270731184910460e+02 2.218333652285692595e-04 5.768006919248560571e+00
1.122147768207980290e-04 1.300258485262594945e+02 1.300252762878214980e+02 2.244043721549514021e-04 5.762996471080935379e+00
1.135154708920999033e-04 1.300239822377613734e+02 1.300234215501993447e+02 2.270051731849600921e-04 5.757985835885117254e+00
1.148312414543511137e-04 1.300220724588822065e+02 1.300215130560985415e+02 2.296361135085894041e-04 5.752975027591122448e+00
1.161622632608501891e-04 1.300201181767581318e+02 1.300195534381153379e+02 2.322975423133139818e-04 5.747964055060363897e+00
1.175087130904807617e-04 1.300181183549644857e+02 1.300175441224787107e+02 2.349898128303393684e-04 5.742952923125853815e+00
1.188707697711903309e-04 1.300160719329691972e+02 1.300154856349273302e+02 2.377132823813860615e-04 5.737941633613662162e+00
1.202486142037412301e-04 1.300139778255733347e+02 1.300133778648976488e+02 2.404683124260139629e-04 5.732930186225184244e+00
1.216424293857368039e-04 1.300118349223388350e+02 1.300112209808328032e+02 2.432552686094931291e-04 5.727918581594523495e+00
1.230524004359261579e-04 1.300096420870030158e+02 1.300090138390685013e+02 2.460745208112275753e-04 5.722906815973460404e+00
1.244787146187906256e-04 1.300073981568798445e+02 1.300067552693446657e+02 2.489264431937378481e-04 5.717894885525414139e+00
1.259215613694150942e-04 1.300051019422470517e+02 1.300044440741897631e+02 2.518114142522093635e-04 5.712882786323366879e+00
1.273811323186478520e-04 1.300027522257187798e+02 1.300020790282891596e+02 2.547298168646127152e-04 5.707870514347745505e+00
1.288576213185518003e-04 1.300003477616048428e+02 1.299996588778392663e+02 2.576820383424025126e-04 5.702858065484245564e+00
1.303512244681508938e-04 1.299978872752541861e+02 1.299971823398879280e+02 2.606684704818018248e-04 5.697845435521616153e+00
1.318621401394748458e-04 1.299953694623836498e+02 1.299946481016583562e+02 2.636895096156779473e-04 5.692832620149384404e+00
1.333905690039058638e-04 1.299927929883913293e+02 1.299920548198575432e+02 2.667455566660177873e-04 5.687819614955524905e+00
1.349367140588306430e-04 1.299901564876537066e+02 1.299894011199701254e+02 2.698370171970083421e-04 5.682806415424083823e+00
1.365007806546013845e-04 1.299874585628074897e+02 1.299866855955341975e+02 2.729643014687300768e-04 5.677793016932739967e+00
1.380829765218092263e-04 1.299846977840136617e+02 1.299839068074015529e+02 2.761278244914698696e-04 5.672779414750312554e+00
1.396835117988739626e-04 1.299818726882056694e+02 1.299810632829805854e+02 2.793280060806610596e-04 5.667765604034205040e+00
1.413025990599533599e-04 1.299789817783197918e+02 1.299781535154620258e+02 2.825652709124569940e-04 5.662751579827798309e+00
1.429404533431761061e-04 1.299760235225083420e+02 1.299751759630259755e+02 2.858400485799463138e-04 5.657737337057771931e+00
1.445972921792019463e-04 1.299729963533332295e+02 1.299721290480323717e+02 2.891527736500166482e-04 5.652722870531373900e+00
1.462733356201129868e-04 1.299698986669437488e+02 1.299690111561913852e+02 2.925038857208746290e-04 5.647708174933619318e+00
1.479688062686396383e-04 1.299667288222324544e+02 1.299658206357150334e+02 2.958938294802293295e-04 5.642693244824422472e+00
1.496839293077255632e-04 1.299634851399739262e+02 1.299625557964496920e+02 2.993230547641470953e-04 5.637678074635667613e+00
1.514189325304352018e-04 1.299601659019427018e+02 1.299592149089890256e+02 3.027920166165852479e-04 5.632662658668208699e+00
1.531740463702079740e-04 1.299567693500107453e+02 1.299557962037652032e+02 3.063011753496128480e-04 5.627646991088792738e+00
1.549495039314631646e-04 1.299532936852256171e+02 1.299522978701208160e+02 3.098509966043256183e-04 5.622631065926923633e+00
1.567455410205595065e-04 1.299497370668651683e+02 1.299487180553587677e+02 3.134419514124640264e-04 5.617614877071643420e+00
1.585623961771137158e-04 1.299460976114731920e+02 1.299450548637701104e+02 3.170745162587414656e-04 5.612598418268237133e+00
1.604003107056819902e-04 1.299423733918709445e+02 1.299413063556402790e+02 3.207491731438919663e-04 5.607581683114867488e+00
1.622595287078087002e-04 1.299385624361470377e+02 1.299374705462321060e+02 3.244664096484443775e-04 5.602564665059126092e+00
1.641402971144466361e-04 1.299346627266243672e+02 1.299335454047457574e+02 3.282267189972323958e-04 5.597547357394504708e+00
1.660428657187529582e-04 1.299306721988021422e+02 1.299295288532547943e+02 3.320306001246483034e-04 5.592529753256783032e+00
1.679674872092653225e-04 1.299265887402754345e+02 1.299254187656181330e+02 3.358785577406489791e-04 5.587511845620336537e+00
1.699144172034625999e-04 1.299224101896285219e+02 1.299212129663664541e+02 3.397711023975232372e-04 5.582493627294348393e+00
1.718839142817145534e-04 1.299181343353039892e+02 1.299169092295643111e+02 3.437087505574287316e-04 5.577475090918946776e+00
1.738762400216250527e-04 1.299137589144455092e+02 1.299125052776448115e+02 3.476920246607074268e-04 5.572456228961234714e+00
1.758916590327732731e-04 1.299092816117147038e+02 1.299079987802192306e+02 3.517214531949887954e-04 5.567437033711243544e+00
1.779304389918577296e-04 1.299047000580796691e+02 1.299033873528582603e+02 3.557975707650890365e-04 5.562417497277778011e+00
1.799928506782476454e-04 1.299000118295776929e+02 1.298986685558458873e+02 3.599209181637167787e-04 5.557397611584173447e+00
1.820791680099462359e-04 1.298952144460481577e+02 1.298938398929055325e+02 3.640920424429929100e-04 5.552377368363952570e+00
1.841896680799710861e-04 1.298903053698383587e+02 1.298888988098953519e+02 3.683114969867951061e-04 5.547356759156369499e+00
1.863246311931559835e-04 1.298852820044780003e+02 1.298838426934762822e+02 3.725798415839356222e-04 5.542335775301868495e+00
1.884843409033795474e-04 1.298801416933240205e+02 1.298786688697479406e+02 3.768976425021829200e-04 5.537314407937419247e+00
1.906690840512252085e-04 1.298748817181762831e+02 1.298733746028540850e+02 3.812654725631356933e-04 5.532292647991750911e+00
1.928791508020777693e-04 1.298694992978593064e+02 1.298679570935565266e+02 3.856839112179594859e-04 5.527270486180476894e+00
1.951148346846616412e-04 1.298639915867731816e+02 1.298624134777765562e+02 3.901535446239965256e-04 5.522247913001095299e+00
1.973764326300255292e-04 1.298583556734114381e+02 1.298567408251031452e+02 3.946749657222570142e-04 5.517224918727885452e+00
1.996642450109793374e-04 1.298525885788452001e+02 1.298509361372675244e+02 3.992487743158042342e-04 5.512201493406673869e+00
2.019785756819878484e-04 1.298466872551730091e+02 1.298449963465829740e+02 4.038755771490413322e-04 5.507177626849484753e+00
2.043197320195270594e-04 1.298406485839354616e+02 1.298389183143495416e+02 4.085559879879120844e-04 5.502153308629060824e+00
2.066880249629082160e-04 1.298344693744938638e+02 1.298326988292222381e+02 4.132906277010250777e-04 5.497128528073256248e+00
2.090837690555749911e-04 1.298281463623725074e+02 1.298263346055426553e+02 4.180801243417118758e-04 5.492103274259303447e+00
2.115072824868794756e-04 1.298216762075632857e+02 1.298198222816332361e+02 4.229251132310303941e-04 5.487077536007937795e+00
2.139588871343421563e-04 1.298150554927919131e+02 1.298131584180517279e+02 4.278262370417234553e-04 5.482051301877389093e+00
2.164389086064020347e-04 1.298082807217452626e+02 1.298063394958078618e+02 4.327841458831445626e-04 5.477024560157233601e+00
2.189476762856620634e-04 1.298013483172584586e+02 1.297993619145386504e+02 4.377994973871608101e-04 5.471997298862097736e+00
2.214855233726359179e-04 1.297942546194614408e+02 1.297922219906430996e+02 4.428729567950449105e-04 5.466969505725216116e+00
2.240527869300018224e-04 1.297869958838833782e+02 1.297849159553751122e+02 4.480051970453672368e-04 5.461941168191843055e+00
2.266498079273692845e-04 1.297795682795149901e+02 1.297774399528923936e+02 4.531968988628995334e-04 5.456912273412497960e+00
2.292769312865648647e-04 1.297719678868265589e+02 1.297697900382634089e+02 4.584487508485416253e-04 5.451882808236069522e+00
2.319345059274427543e-04 1.297641906957420304e+02 1.297619621754272714e+02 4.637614495702829451e-04 5.446852759202740479e+00
2.346228848142262321e-04 1.297562326035676108e+02 1.297539522351103471e+02 4.691356996552108020e-04 5.441822112536759626e+00
2.373424250023866149e-04 1.297480894128741511e+02 1.297457559926937734e+02 4.745722138825771044e-04 5.436790854139036178e+00
2.400934876860651764e-04 1.297397568293305881e+02 1.297373691260352189e+02 4.800717132779357848e-04 5.431758969579568053e+00
2.428764382460450548e-04 1.297312304594918260e+02 1.297287872132407074e+02 4.856349272083631814e-04 5.426726444089684520e+00
2.456916462982790305e-04 1.297225058085336684e+02 1.297200057303870722e+02 4.912625934787734090e-04 5.421693262554112103e+00
2.485394857429798422e-04 1.297135782779403712e+02 1.297110200491935075e+02 4.969554584293418929e-04 5.416659409502855738e+00
2.514203348142796828e-04 1.297044431631381656e+02 1.297018254346410799e+02 5.027142770340490468e-04 5.411624869102880986e+00
2.543345761304648361e-04 1.296950956510781339e+02 1.296924170425399438e+02 5.085398130003566160e-04 5.406589625149613276e+00
2.572825967447932359e-04 1.296855308177635493e+02 1.296827899170411058e+02 5.144328388700315953e-04 5.401553661058229316e+00
2.602647881969004482e-04 1.296757436257231291e+02 1.296729389880940175e+02 5.203941361211270435e-04 5.396516959854743334e+00
2.632815465648020189e-04 1.296657289214278421e+02 1.296628590688473253e+02 5.264244952711378493e-04 5.391479504166892589e+00
2.663332725174980963e-04 1.296554814326516123e+02 1.296525448529925200e+02 5.325247159813399026e-04 5.386441276214800844e+00
2.694203713681882413e-04 1.296449957657711707e+02 1.296419909120471345e+02 5.386956071623296956e-04 5.381402257801424227e+00
2.725432531281027707e-04 1.296342664030085530e+02 1.296311916925800460e+02 5.449379870807771449e-04 5.376362430302778606e+00
2.757023325609582747e-04 1.296232876996122343e+02 1.296201415133743353e+02 5.512526834674043221e-04 5.371321774657926262e+00
2.788980292380439777e-04 1.296120538809735194e+02 1.296088345625273917e+02 5.576405336262050530e-04 5.366280271358744081e+00
2.821307675939470740e-04 1.296005590396841853e+02 1.295972648944879495e+02 5.641023845449193727e-04 5.361237900439432380e+00
2.854009769829237591e-04 1.295887971325245758e+02 1.295854264270268743e+02 5.706390930067781241e-04 5.356194641465791051e+00
2.887090917359234400e-04 1.295767619773888839e+02 1.295733129381428341e+02 5.772515257035287567e-04 5.351150473524243445e+00
2.920555512182745244e-04 1.295644472501410860e+02 1.295609180628989350e+02 5.839405593497619526e-04 5.346105375210590260e+00
2.954407998880379709e-04 1.295518464814034019e+02 1.295482352901903482e+02 5.907070807985491607e-04 5.341059324618515625e+00
2.988652873550382482e-04 1.295389530532727917e+02 1.295352579594421343e+02 5.975519871584092542e-04 5.336012299327809849e+00
3.023294684405776131e-04 1.295257601959681608e+02 1.295219792572339657e+02 6.044761859116172141e-04 5.330964276392325729e+00
3.058338032378431388e-04 1.295122609844021042e+02 1.295083922138515788e+02 6.114805950338720762e-04 5.325915232327641746e+00
3.093787571730136510e-04 1.294984483346796367e+02 1.294944896997631929e+02 6.185661431153371536e-04 5.320865143098443717e+00
3.129648010670750265e-04 1.294843150005201267e+02 1.294802644220205821e+02 6.257337694830710732e-04 5.315813984105608014e+00
3.165924111983520412e-04 1.294698535696021793e+02 1.294657089205802265e+02 6.329844243248628540e-04 5.310761730172977479e+00
3.202620693657650080e-04 1.294550564598291089e+02 1.294508155645458203e+02 6.403190688144881583e-04 5.305708355533826470e+00
3.239742629528195514e-04 1.294399159155134953e+02 1.294355765483306016e+02 6.477386752384031937e-04 5.300653833817016825e+00
3.277294849923381931e-04 1.294244240034802544e+02 1.294199838877348157e+02 6.552442271238911225e-04 5.295598138032812763e+00
3.315282342319423150e-04 1.294085726090851836e+02 1.294040294159416931e+02 6.628367193686799481e-04 5.290541240558379599e+00
3.353710152002928996e-04 1.293923534321482975e+02 1.293877047794241264e+02 6.705171583720454355e-04 5.285483113122923626e+00
3.392583382740992125e-04 1.293757579828000246e+02 1.293710014337669350e+02 6.782865621674184688e-04 5.280423726792497163e+00
3.431907197459042598e-04 1.293587775772388397e+02 1.293539106393976112e+02 6.861459605565126780e-04 5.275363051954436777e+00
3.471686818926559680e-04 1.293414033333982331e+02 1.293364234572275393e+02 6.940963952449906568e-04 5.270301058301437358e+00
3.511927530450727588e-04 1.293236261665208815e+02 1.293185307441992506e+02 7.021389199796836253e-04 5.265237714815255821e+00
3.552634676578139260e-04 1.293054367846401362e+02 1.293002231487404288e+02 7.102746006873862216e-04 5.260172989750024009e+00
3.593813663804625697e-04 1.292868256839649064e+02 1.292814911061204555e+02 7.185045156152400836e-04 5.255106850615170799e+00
3.635469961293317630e-04 1.292677831441673391e+02 1.292623248337100392e+02 7.268297554727271449e-04 5.250039264157945418e+00
3.677609101601030626e-04 1.292482992235711663e+02 1.292427143261408844e+02 7.352514235752898855e-04 5.244970196345525970e+00
3.720236681413065759e-04 1.292283637542387567e+02 1.292226493503628433e+02 7.437706359895959914e-04 5.239899612346705204e+00
3.763358362286532656e-04 1.292079663369559910e+02 1.292021194405981532e+02 7.523885216804686738e-04 5.234827476513146394e+00
3.806979871402283821e-04 1.291870963361116083e+02 1.291811138931906839e+02 7.611062226594977193e-04 5.229753752360196906e+00
3.851107002325568655e-04 1.291657428744692027e+02 1.291596217613477506e+02 7.699248941353541457e-04 5.224678402547249689e+00
3.895745615775500948e-04 1.291438948278329804e+02 1.291376318497715943e+02 7.788457046658246209e-04 5.219601388857638469e+00
3.940901640403447737e-04 1.291215408196009662e+02 1.291151327091825181e+02 7.878698363115875427e-04 5.214522672178065754e+00
3.986581073580438726e-04 1.290986692152055753e+02 1.290921126307252678e+02 7.969984847917480205e-04 5.209442212477533474e+00
4.032789982193705223e-04 1.290752681164421176e+02 1.290685596402641409e+02 8.062328596411544182e-04 5.204359968785791324e+00
4.079534503452448896e-04 1.290513253556781876e+02 1.290444614925585824e+02 8.155741843695136963e-04 5.199275899171260207e+00
4.126820845702952015e-04 1.290268284899468654e+02 1.290198056653214280e+02 8.250236966223281057e-04 5.194189960718447630e+00
4.174655289253134888e-04 1.290017647949188984e+02 1.289945793531556149e+02 8.345826483436727481e-04 5.189102109504823090e+00
4.223044187206672164e-04 1.289761212587519879e+02 1.289687694613674864e+02 8.442523059408347120e-04 5.184012300577144572e+00
4.271993966306776428e-04 1.289498845758168670e+02 1.289423625996566614e+02 8.540339504508355755e-04 5.178920487927232585e+00
4.321511127789761839e-04 1.289230411402966183e+02 1.289153450756771520e+02 8.639288777088571184e-04 5.173826624467162461e+00
4.371602248248502198e-04 1.288955770396574962e+02 1.288877028884718925e+02 8.739383985185937695e-04 5.168730662003881093e+00
4.422273980505897289e-04 1.288674780479899766e+02 1.288594217217734865e+02 8.840638388245508714e-04 5.163632551213212629e+00
4.473533054498462949e-04 1.288387296192164229e+02 1.288304869371743280e+02 8.943065398863129416e-04 5.158532241613252189e+00
4.525386278170166862e-04 1.288093168801658805e+02 1.288008835671608097e+02 9.046678584548037199e-04 5.153429681537132545e+00
4.577840538376616304e-04 1.287792246235113396e+02 1.287705963080104254e+02 9.151491669505586049e-04 5.148324818105145084e+00
4.630902801799736631e-04 1.287484373005687530e+02 1.287396095125496061e+02 9.257518536440346307e-04 5.143217597196192870e+00
4.684580115873045137e-04 1.287169390139556242e+02 1.287079071827710379e+02 9.364773228379794524e-04 5.138107963418580226e+00
4.738879609717650920e-04 1.286847135101082813e+02 1.286754729623076230e+02 9.473269950518823247e-04 5.132995860080097117e+00
4.793808495089107069e-04 1.286517441716521830e+02 1.286422901287615446e+02 9.583023072085320110e-04 5.127881229157401854e+00
4.849374067335233355e-04 1.286180140096285243e+02 1.286083415858860519e+02 9.694047128227027644e-04 5.122764011264678174e+00
4.905583706365045484e-04 1.285835056555710310e+02 1.285736098556180593e+02 9.806356821919952685e-04 5.117644145621536467e+00
4.962444877628913436e-04 1.285482013534324039e+02 1.285380770699598827e+02 9.919967025898547650e-04 5.112521570020171602e+00
5.019965133110079530e-04 1.285120829513592753e+02 1.285017249627091189e+02 1.003489278460790004e-03 5.107396220791724062e+00
5.078152112327670659e-04 1.284751318933114703e+02 1.284645348610314386e+02 1.015114931617820552e-03 5.102268032771849704e+00
5.137013543351339135e-04 1.284373292105278779e+02 1.284264876768796455e+02 1.026875201442176535e-03 5.097136939265471511e+00
5.196557243827657369e-04 1.283986555128316240e+02 1.283875638982514431e+02 1.038771645085271840e-03 5.092002872010690240e+00
5.256791122018419265e-04 1.283590909797773065e+02 1.283477435802892614e+02 1.050805837672984288e-03 5.086865761141835307e+00
5.317723177850966487e-04 1.283186153516368222e+02 1.283070063362170288e+02 1.062979372512260975e-03 5.081725535151640827e+00
5.379361503980697925e-04 1.282772079202212012e+02 1.282653313281124952e+02 1.075293861300079820e-03 5.076582120852513924e+00
5.441714286865887004e-04 1.282348475195388176e+02 1.282226972575165291e+02 1.087750934334789834e-03 5.071435443336891780e+00
5.504789807854967333e-04 1.281915125162861102e+02 1.281790823558733052e+02 1.100352240729861797e-03 5.066285425936638553e+00
5.568596444286409188e-04 1.281471808001719523e+02 1.281344643748028602e+02 1.113099448630070366e-03 5.061131990181483964e+00
5.633142670601351629e-04 1.281018297740711205e+02 1.280888205762050802e+02 1.125994245430138188e-03 5.055975055756474212e+00
5.698437059469136636e-04 1.280554363440085694e+02 1.280421277221900311e+02 1.139038337995871945e-03 5.050814540458390844e+00
5.764488282925873171e-04 1.280079769089709316e+02 1.279943620648380289e+02 1.152233452887810273e-03 5.045650360151143765e+00
5.831305113526218760e-04 1.279594273505448143e+02 1.279454993357851293e+02 1.165581336587420865e-03 5.040482428720093999e+00
5.898896425508493501e-04 1.279097630223817106e+02 1.278955147356341513e+02 1.179083755725869294e-03 5.035310658025283104e+00
5.967271195973310833e-04 1.278589587394864111e+02 1.278443829231900821e+02 1.192742497315388414e-03 5.030134957853541700e+00
6.036438506075863814e-04 1.278069887673312763e+02 1.277920780045183591e+02 1.206559368983281706e-03 5.024955235869455805e+00
6.106407542232036075e-04 1.277538268107904855e+02 1.277385735218268934e+02 1.220536199208584888e-03 5.019771397565153670e+00
6.177187597338488134e-04 1.276994460029007001e+02 1.276838424421695635e+02 1.234674837561417415e-03 5.014583346208897119e+00
6.248788072006888211e-04 1.276438188934401836e+02 1.276278571459718023e+02 1.248977154945055124e-03 5.009390982792433888e+00
6.321218475812448011e-04 1.275869174373324739e+02 1.275705894153769151e+02 1.263445043840752402e-03 5.004194205977081644e+00
6.394488428556943443e-04 1.275287129828686972e+02 1.275120104224144342e+02 1.278080418555345996e-03 4.998992912038532133e+00
6.468607661546327617e-04 1.274691762597543629e+02 1.274520907169892183e+02 1.292885215471664510e-03 4.993786994810316848e+00
6.543586018883235361e-04 1.274082773669761792e+02 1.273908002146925185e+02 1.307861393301793700e-03 4.988576345625917341e+00
6.619433458774394430e-04 1.273459857604898815e+02 1.273281081844344271e+02 1.323010933343203837e-03 4.983360853259480194e+00
6.696160054853222054e-04 1.272822702407339790e+02 1.272639832358997865e+02 1.338335839737787511e-03 4.978140403865114472e+00
6.773775997517752102e-04 1.272170989399630088e+02 1.271983933068260058e+02 1.353838139733838652e-03 4.972914880914709457e+00
6.852291595284064167e-04 1.271504393094085401e+02 1.271313056501069525e+02 1.369519883950999018e-03 4.967684165134269136e+00
6.931717276155407569e-04 1.270822581062643479e+02 1.270626868207224334e+02 1.385383146648211166e-03 4.962448134438707470e+00
7.012063589007183975e-04 1.270125213804986117e+02 1.269925026624937203e+02 1.401430025994707639e-03 4.957206663865053820e+00
7.093341204987996815e-04 1.269411944614961953e+02 1.269207182946709338e+02 1.417662644344072111e-03 4.951959625504070317e+00
7.175560918936927952e-04 1.268682419445324427e+02 1.268472980983497536e+02 1.434083148511403538e-03 4.946706888430191462e+00
7.258733650817253023e-04 1.267936276770793285e+02 1.267722057027234683e+02 1.450693710053622531e-03 4.941448318629781511e+00
7.342870447166765678e-04 1.267173147449492490e+02 1.266954039711720554e+02 1.467496525552948808e-03 4.936183778927650145e+00
7.427982482564918871e-04 1.266392654582786577e+02 1.266168549871905640e+02 1.484493816903589836e-03 4.930913128911787346e+00
7.514081061116969704e-04 1.265594413373534621e+02 1.265365200401626424e+02 1.501687831601672104e-03 4.925636224856265954e+00
7.601177617955330547e-04 1.264778030982836441e+02 1.264543596109810011e+02 1.519080843038454710e-03 4.920352919642284384e+00
7.689283720758312941e-04 1.263943106385273580e+02 1.263703333575199537e+02 1.536675150796857139e-03 4.915063062677273997e+00
7.778411071286489781e-04 1.263089230222720829e+02 1.262844000999657084e+02 1.554473080951341776e-03 4.909766499812051599e+00
7.868571506936851423e-04 1.262215984656764078e+02 1.261965178060086714e+02 1.572476986371184769e-03 4.904463073255943328e+00
7.959777002314985571e-04 1.261322943219805666e+02 1.261066435759048119e+02 1.590689247027174706e-03 4.899152621489850645e+00
8.052039670825478267e-04 1.260409670664885624e+02 1.260147336274096972e+02 1.609112270301776620e-03 4.893834979177182909e+00
8.145371766280745229e-04 1.259475722814303822e+02 1.259207432805965254e+02 1.627748491302797749e-03 4.888509977072621027e+00
8.239785684528520143e-04 1.258520646407128964e+02 1.258246269425612525e+02 1.646600373180595383e-03 4.883177441928649998e+00
8.335293965098195066e-04 1.257543978945644199e+02 1.257263380920252587e+02 1.665670407448864750e-03 4.877837196399799069e+00
8.431909292866259040e-04 1.256545248540851247e+02 1.256258292638449063e+02 1.684961114309046614e-03 4.872489058944540652e+00
8.529644499741025759e-04 1.255523973757069598e+02 1.255230520334336575e+02 1.704475042978393197e-03 4.867132843724776059e+00
8.628512566366895297e-04 1.254479663455812926e+02 1.254179570011117448e+02 1.724214772021732955e-03 4.861768360502857433e+00
8.728526623848379762e-04 1.253411816638954548e+02 1.253104937763910698e+02 1.744182909686978243e-03 4.856395414536076593e+00
8.829699955494092365e-04 1.252319922291378020e+02 1.252006109622071932e+02 1.764382094244409038e-03 4.851013806468553291e+00
8.932045998580968784e-04 1.251203459223167300e+02 1.250882561391112091e+02 1.784814994329780857e-03 4.845623332220458934e+00
9.035578346138930074e-04 1.250061895911524346e+02 1.249733758494361524e+02 1.805484309291297646e-03 4.840223782874515379e+00
9.140310748756232161e-04 1.248894690342514338e+02 1.248559155814484143e+02 1.826392769540486488e-03 4.834814944559669314e+00
9.246257116405742597e-04 1.247701289852790865e+02 1.247358197535038613e+02 1.847543136907025532e-03 4.829396598331912926e+00
9.353431520292386373e-04 1.246481130971489364e+02 1.246130316982201833e+02 1.868938204997558535e-03 4.823968520052130060e+00
9.461848194722001460e-04 1.245233639262406911e+02 1.244874936466864028e+02 1.890580799558548054e-03 4.818530480260926119e+00
9.571521538991865398e-04 1.243958229166696157e+02 1.243591467127243391e+02 1.912473778843204811e-03 4.813082244050342240e+00
9.682466119303123836e-04 1.242654303846227464e+02 1.242279308772239403e+02 1.934620033982542000e-03 4.807623570932377355e+00
9.794696670695395360e-04 1.241321255027829409e+02 1.240937849725703899e+02 1.957022489360595117e-03 4.802154214704239976e+00
9.908228099003797609e-04 1.239958462848640863e+02 1.239566466671877549e+02 1.979684102993858018e-03 4.796673923310232013e+00
1.002307548283865382e-03 1.238565295702761517e+02 1.238164524502177954e+02 2.002607866914974267e-03 4.791182438700182900e+00
1.013925407558815411e-03 1.237141110089475404e+02 1.236731376163622684e+02 2.025796807560735577e-03 4.785679496684346113e+00
1.025677930744421868e-03 1.235685250463278066e+02 1.235266362509115652e+02 2.049253986164431378e-03 4.780164826784648824e+00
1.037566678745185890e-03 1.234197049085974811e+02 1.233768812149878045e+02 2.072982499152597417e-03 4.774638152082219200e+00
1.049593230558227598e-03 1.232675825881150189e+02 1.232238041310305192e+02 2.096985478546206996e-03 4.769099189061069666e+00
1.061759183483000071e-03 1.231120888291271740e+02 1.230673353685551916e+02 2.121266092366362512e-03 4.763547647447848199e+00
1.074066153333433447e-03 1.229531531137778018e+02 1.229074040302160853e+02 2.145827545044522860e-03 4.757983230047544865e+00
1.086515774652538433e-03 1.227907036484448042e+02 1.227439379382074236e+02 2.170673077837328296e-03 4.752405632575047889e+00
1.099109700929497193e-03 1.226246673504422091e+02 1.225768636210361962e+02 2.195805969246060908e-03 4.746814543482431148e+00
1.111849604819271095e-03 1.224549698351222702e+02 1.224061063007070658e+02 2.221229535440800984e-03 4.741209643781870930e+00
1.124737178364752007e-03 1.222815354034168820e+02 1.222315898803531127e+02 2.246947130689319182e-03 4.735590606864045427e+00
1.137774133221491381e-03 1.221042870298582841e+02 1.220532369323593684e+02 2.272962147790766503e-03 4.729957098311931674e+00
1.150962200885032299e-03 1.219231463511219005e+02 1.218709686870161448e+02 2.299278018514205012e-03 4.724308775709834762e+00
1.164303132920876775e-03 1.217380336551347852e+02 1.216847050217522224e+02 2.325898214042032217e-03 4.718645288447551600e+00
1.177798701197119331e-03 1.215488678707962578e+02 1.214943644509908154e+02 2.352826245418357214e-03 4.712966277519509362e+00
1.191450698119775895e-03 1.213555665583628382e+02 1.212998641166806237e+02 2.380065664002375871e-03 4.707271375318752504e+00
1.205260936870842505e-03 1.211580459005433426e+02 1.211011197795545371e+02 2.407620061926799698e-03 4.701560205425638017e+00
1.219231251649110712e-03 1.209562206943616616e+02 1.208980458111664262e+02 2.435493072561393472e-03 4.695832382391078141e+00
1.233363497913775872e-03 1.207500043438441395e+02 1.206905551867669431e+02 2.463688370981674969e-03 4.690087511514189345e+00
1.247659552630869806e-03 1.205393088535850978e+02 1.204785594790765941e+02 2.492209674442835352e-03 4.684325188614187674e+00
1.262121314522547276e-03 1.203240448232598254e+02 1.202619688530167252e+02 2.521060742858926597e-03 4.678544999796365289e+00
1.276750704319265777e-03 1.201041214431423327e+02 1.200406920614665580e+02 2.550245379287384949e-03 4.672746521211983861e+00
1.291549665014883998e-03 1.198794464906983706e+02 1.198146364421115209e+02 2.579767430418935040e-03 4.666929318811914307e+00
1.306520162124721234e-03 1.196499263283245114e+02 1.195837079154548661e+02 2.609630787072939745e-03 4.661092948093832788e+00
1.321664183946605082e-03 1.194154659023043052e+02 1.193478109840669674e+02 2.639839384698249112e-03 4.655236953842805114e+00
1.336983741824946661e-03 1.191759687430592720e+02 1.191068487331494197e+02 2.670397203879608643e-03 4.649360869865060586e+00
1.352480870417875451e-03 1.189313369667732587e+02 1.188607228324936642e+02 2.701308270849685049e-03 4.643464218714753677e+00
1.368157627967471913e-03 1.186814712784758257e+02 1.186093335399185804e+02 2.732576658006767144e-03 4.637546511413525252e+00
1.384016096573131502e-03 1.184262709766662738e+02 1.183525797062745823e+02 2.764206484438207819e-03 4.631607247162635943e+00
1.400058382468097589e-03 1.181656339595728724e+02 1.180903587821047864e+02 2.796201916449656943e-03 4.625645913047469193e+00
1.416286616299198848e-03 1.178994567331380665e+02 1.178225668260576384e+02 2.828567168100155470e-03 4.619661983734177468e+00
1.432702953409831009e-03 1.176276344208277891e+02 1.175490985151495238e+02 2.861306501743150592e-03 4.613654921158231836e+00
1.449309574126216591e-03 1.173500607753652503e+02 1.172698471569785568e+02 2.894424228573487436e-03 4.607624174204639544e+00
1.466108684046984459e-03 1.170666281924947327e+02 1.169847047039978492e+02 2.927924709180450627e-03 4.601569178379594227e+00
1.483102514336104337e-03 1.167772277268842345e+02 1.166935617699541297e+02 2.961812354106909892e-03 4.595489355473275417e+00
1.500293322019218348e-03 1.164817491102787557e+02 1.163963076486105876e+02 2.996091624414636521e-03 4.589384113213566430e+00
1.517683390283405343e-03 1.161800807720221940e+02 1.160928303348679265e+02 3.030767032255857023e-03 4.583252844910384205e+00
1.535275028780422714e-03 1.158721098620695358e+02 1.157830165484080567e+02 3.065843141451108592e-03 4.577094929090357311e+00
1.553070573933460147e-03 1.155577222766118979e+02 1.154667517599879716e+02 3.101324568073455818e-03 4.570909729121558129e+00
1.571072389247450424e-03 1.152368026864483852e+02 1.151439202205109495e+02 3.137215981039144508e-03 4.564696592827970356e+00
1.589282865622978049e-03 1.149092345682357177e+02 1.148144049930165096e+02 3.173522102704754225e-03 4.558454852093392518e+00
1.607704421673823627e-03 1.145749002387541537e+02 1.144780879877219348e+02 3.210247709470912848e-03 4.552183822454437312e+00
1.626339504048192157e-03 1.142336808923359115e+02 1.141348500002665105e+02 3.247397632392650790e-03 4.545882802682309709e+00
1.645190587753662514e-03 1.138854566415983527e+02 1.137845707533020203e+02 3.284976757796454708e-03 4.539551074352983662e+00
1.664260176485903671e-03 1.135301065616398688e+02 1.134271289415855222e+02 3.322990027904091856e-03 4.533187901405439924e+00
1.683550802961202323e-03 1.131675087378496443e+02 1.130624022807325986e+02 3.361442441463281805e-03 4.526792529687577726e+00
1.703065029252844422e-03 1.127975403174959439e+02 1.126902675597915788e+02 3.400339054385275415e-03 4.520364186489406855e+00
1.722805447131393972e-03 1.124200775652572162e+02 1.123106006978080131e+02 3.439684980389415628e-03 4.513902080063123989e+00
1.742774678408919205e-03 1.120349959228660310e+02 1.119232768045489053e+02 3.479485391654757714e-03 4.507405399129640777e+00
1.762975375287205784e-03 1.116421700730398214e+02 1.115281702455644677e+02 3.519745519478812302e-03 4.500873312371146184e+00
1.783410220710008025e-03 1.112414740078796314e+02 1.111251547117658873e+02 3.560470654943488373e-03 4.494304967909224402e+00
1.804081928719382779e-03 1.108327811019160407e+02 1.107141032937058043e+02 3.601666149588313420e-03 4.487699492768087772e+00
1.824993244816152391e-03 1.104159641899950657e+02 1.102948885607477365e+02 3.643337416090991054e-03 4.481055992322410475e+00
1.846146946324547485e-03 1.099908956501887616e+02 1.098673826453199780e+02 3.685489928955392337e-03 4.474373549729269151e+00
1.867545842761075955e-03 1.095574474919327344e+02 1.094314573324491278e+02 3.728129225207033309e-03 4.467651225343673538e+00
1.889192776207666326e-03 1.091154914495845532e+02 1.089869841547730971e+02 3.771260905096132827e-03 4.460888056117108036e+00
1.911090621689137941e-03 1.086648990816080840e+02 1.085338344932398513e+02 3.814890632808314464e-03 4.454083054978552170e+00
1.933242287555045260e-03 1.082055418755883665e+02 1.080718796836965794e+02 3.859024137183039195e-03 4.447235210197364452e+00
1.955650715865949168e-03 1.077372913592884345e+02 1.076009911295815300e+02 3.903667212439839579e-03 4.440343484727418577e+00
1.978318882784164089e-03 1.072600192179552323e+02 1.071210404209296598e+02 3.948825718912436951e-03 4.433406815531860445e+00
2.001249798969036847e-03 1.067735974180940133e+02 1.066318994599080554e+02 3.994505583790824467e-03 4.426424112887806572e+00
2.024446509976803900e-03 1.062778983379222382e+02 1.061334405930985696e+02 4.040712801871382785e-03 4.419394259670301750e+00
2.047912096665085481e-03 1.057727949047239377e+02 1.056255367507454395e+02 4.087453436315126830e-03 4.412316110614809439e+00
2.071649675602069141e-03 1.052581607393214966e+02 1.051080615931874149e+02 4.134733619414154328e-03 4.405188491557475494e+00
2.095662399480432980e-03 1.047338703078847999e+02 1.045808896646950359e+02 4.182559553366370711e-03 4.398010198652398728e+00
2.119953457536071038e-03 1.041997990812954384e+02 1.040438965549323882e+02 4.230937511058590131e-03 4.390779997565076975e+00
2.144526075971667656e-03 1.036558237022866820e+02 1.034969590682618730e+02 4.279873836858083709e-03 4.383496622641177787e+00
2.169383518385184159e-03 1.031018221605738177e+02 1.029399554011105380e+02 4.329374947412655689e-03 4.376158776049761556e+00
2.194529086203313769e-03 1.025376739761916411e+02 1.023727653276120009e+02 4.379447332459347232e-03 4.368765126900010287e+00
2.219966119119954652e-03 1.019632603912507278e+02 1.017952703937374253e+02 4.430097555641830318e-03 4.361314310330514310e+00
2.245697995539773940e-03 1.013784645703188971e+02 1.012073541201216216e+02 4.481332255336600151e-03 4.353804926570099099e+00
2.271728133026905232e-03 1.007831718096344673e+02 1.006089022137898183e+02 4.533158145488036354e-03 4.346235539969140582e+00
2.298059988758851136e-03 1.001772697553448666e+02 9.999980278897879771e+01 4.585582016452423131e-03 4.338604678000278270e+00
2.324697059985648094e-03 9.956064863096457884e+01 9.937994659724584778e+01 4.638610735851023820e-03 4.330910830227368891e+00
2.351642884494348565e-03 9.893320147423220590e+01 9.874922726704278375e+01 4.692251249432280100e-03 4.323152447241483287e+00
2.378901041078893431e-03 9.829482438354031615e+01 9.810754155292903533e+01 4.746510581943255529e-03 4.315327939562703108e+00
2.406475150015424062e-03 9.764541677409945919e+01 9.745478959458309021e+01 4.801395838010365062e-03 4.307435676506391253e+00
2.434368873543110365e-03 9.698488164398609968e+01 9.679087518575899196e+01 4.856914203029539731e-03 4.299473985012578048e+00
2.462585916350546866e-03 9.631312585020914696e+01 9.611570605332174466e+01 4.913072944065859440e-03 4.291441148437024289e+00
2.491130026067788373e-03 9.563006039491482113e+01 9.542919414647654719e+01 4.969879410762786595e-03 4.283335405302455712e+00
2.520004993764092018e-03 9.493560072183163356e+01 9.473125593629312391e+01 5.027341036261074279e-03 4.275154948008407452e+00
2.549214654451422910e-03 9.422966702303814657e+01 9.402181272560180503e+01 5.085465338127442662e-03 4.266897921498028268e+00
2.578762887593801043e-03 9.351218455611407876e+01 9.330079096931838478e+01 5.144259919293117309e-03 4.258562421880110804e+00
2.608653617622547997e-03 9.278308397171117861e+01 9.256812260523076930e+01 5.203732469002327402e-03 4.250146495004562652e+00
2.638890814457510187e-03 9.204230165155682641e+01 9.182374539525254420e+01 5.263890763770856691e-03 4.241648134989402408e+00
2.669478494034320699e-03 9.128978005687066855e+01 9.106760327712071046e+01 5.324742668354736502e-03 4.233065282697304532e+00
2.700420718837772543e-03 9.052546808714683380e+01 9.029964672648215185e+01 5.386296136729179680e-03 4.224395824159606683e+00
2.731721598441376204e-03 8.974932144921994848e+01 8.951983312928027203e+01 5.448559213077856962e-03 4.215637588945598146e+00
2.763385290053169997e-03 8.896130303649572113e+01 8.872812716431428726e+01 5.511540032792605973e-03 4.206788348474780115e+00
2.795415999067856535e-03 8.816138331818815743e+01 8.792450119580537660e+01 5.575246823483670858e-03 4.197845814269692610e+00
2.827817979625341181e-03 8.734954073836230748e+01 8.710893567575944019e+01 5.639687906000574041e-03 4.188807636146781199e+00
2.860595535175741895e-03 8.652576212453743665e+01 8.628141955587004475e+01 5.704871695463714643e-03 4.179671400342627408e+00
2.893753019050950264e-03 8.569004310555301629e+01 8.544195070865423247e+01 5.770806702306797639e-03 4.170434627572752184e+00
2.927294835042816134e-03 8.484238853835191208e+01 8.459053635746265343e+01 5.837501533330184851e-03 4.161094771020037442e+00
2.961225437988034351e-03 8.398281294327406954e+01 8.372719351494536966e+01 5.904964892765280499e-03 4.151649214249674813e+00
2.995549334359812969e-03 8.311134094739946931e+01 8.285194942949756580e+01 5.973205583350041543e-03 4.142095269047384676e+00
3.030271082866396216e-03 8.222800773540994612e+01 8.196484203913949784e+01 6.042232507415717761e-03 4.132430173177443322e+00
3.065395295056526793e-03 8.133285950737609937e+01 8.106592043222390487e+01 6.112054667984924763e-03 4.122651088056936253e+00
3.100926635931926852e-03 8.042595394280327525e+01 8.015524531428208377e+01 6.182681169881151448e-03 4.112755096342396222e+00
3.136869824566876613e-03 7.950736067019141728e+01 7.923288948025218303e+01 6.254121220849806831e-03 4.102739199424812355e+00
3.173229634734976452e-03 7.857716174128947273e+01 7.829893829124598881e+01 6.326384132690906006e-03 4.092600314828780839e+00
3.210010895543171858e-03 7.763545210913625283e+01 7.735349015492725755e+01 6.399479322403503652e-03 4.082335273511301210e+00
3.247218492073128838e-03 7.668234010889355545e+01 7.639665700848658503e+01 6.473416313341970492e-03 4.071940817055523354e+00
3.284857366030043482e-03 7.571794794038484611e+01 7.542856480310122436e+01 6.548204736384238486e-03 4.061413594754426093e+00
3.322932516398971556e-03 7.474241215115465309e+01 7.444935398867328047e+01 6.623854331112094540e-03 4.050750160579192460e+00
3.361449000108765288e-03 7.375588411876539396e+01 7.345917999753406491e+01 6.700374947003646768e-03 4.039946970026686124e+00
3.400411932703706255e-03 7.275853053094120071e+01 7.245821372570000563e+01 6.777776544638061326e-03 4.029000376840158104e+00
3.439826489022924580e-03 7.175053386205857464e+01 7.144664201015196170e+01 6.856069196912685168e-03 4.017906629596960322e+00
3.479697903887691603e-03 7.073209284437508870e+01 7.042466810049657511e+01 6.935263090272653606e-03 4.006661868156667694e+00
3.520031472796678832e-03 6.970342293226426023e+01 6.939251212325088147e+01 7.015368525953091967e-03 3.995262119962640579e+00
3.560832552629277729e-03 6.866475675761215314e+01 6.835041153687031112e+01 7.096395921234025829e-03 3.983703296189650356e+00
3.602106562357070083e-03 6.761634457439933499e+01 6.729862157551384882e+01 7.178355810708102192e-03 3.971981187729737073e+00
3.643858983763544404e-03 6.655845469037636519e+01 6.623741567941564767e+01 7.261258847561234339e-03 3.960091461008012903e+00
3.686095362172158059e-03 6.549137388360033185e+01 6.516708590959974856e+01 7.345115804866280546e-03 3.948029653619615331e+00
3.728821307182833642e-03 6.441540780148115175e+01 6.408794334454628938e+01 7.429937576889856371e-03 3.935791169778497967e+00
3.772042493416997554e-03 6.333088133984632151e+01 6.300031845628105742e+01 7.515735180412415860e-03 3.923371275568148686e+00
3.815764661271248397e-03 6.223813899940312666e+01 6.190456146323023034e+01 7.602519756061677098e-03 3.910765093983749718e+00
3.859993617679767074e-03 6.113754521684490584e+01 6.080104265704518696e+01 7.690302569659536978e-03 3.897967599754613488e+00
3.904735236885560103e-03 6.002948466771388070e+01 5.969015270047152200e+01 7.779095013582561918e-03 3.884973613935049919e+00
3.949995461220642823e-03 5.891436253800412004e+01 5.857230289320368399e+01 7.868908608136175944e-03 3.871777798251074820e+00
3.995780301895269192e-03 5.779260476135708302e+01 5.744792540253893520e+01 7.959755002942671062e-03 3.858374649189560746e+00
4.042095839796309639e-03 5.666465821858162855e+01 5.631747345551845996e+01 8.051645978343124899e-03 3.844758491815609247e+00
4.088948226294864159e-03 5.553099089610386585e+01 5.518142148912314582e+01 8.144593446813326240e-03 3.830923473302974447e+00
4.136343684063278035e-03 5.439209199984378529e+01 5.404026525497841504e+01 8.238609454393927903e-03 3.816863556161430804e+00
4.184288507901584922e-03 5.324847202090508347e+01 5.289452187491446011e+01 8.333706182134763621e-03 3.802572511143907263e+00
4.232789065573553354e-03 5.210066274936596642e+01 5.174472984363250561e+01 8.429895947553592631e-03 3.788043909815119292e+00
4.281851798652415615e-03 5.094921723237317934e+01 5.059144897463976065e+01 8.527191206109317051e-03 3.773271116762219712e+00
4.331483223376403000e-03 4.979470967266396997e+01 4.943526028554234841e+01 8.625604552689784821e-03 3.758247281426720487e+00
4.381689931514195016e-03 4.863773526357822163e+01 4.827676581872537298e+01 8.725148723114322172e-03 3.742965329535575147e+00
4.432478591240400501e-03 4.747890995657999724e+01 4.711658839340696403e+01 8.825836595651070232e-03 3.727417954107855369e+00
4.483855948021191196e-03 4.631887015727773615e+01 4.595537128502768098e+01 8.927681192549283620e-03 3.711597606011884487e+00
4.535828825510191016e-03 4.515827234592645567e+01 4.479377782793438456e+01 9.030695681586653478e-03 3.695496484046048469e+00
4.588404126454761513e-03 4.399779261841088385e+01 4.363249093733642781e+01 9.134893377631818009e-03 3.679106524514709875e+00
4.641588833612782412e-03 4.283812614374989636e+01 4.247221254655854494e+01 9.240287744222135113e-03 3.662419390268762065e+00
4.695390010680062544e-03 4.167998653423082089e+01 4.131366295568989955e+01 9.346892395156848957e-03 3.645426459178361611e+00
4.749814803228504315e-03 4.052410512438221701e+01 4.015758008783274846e+01 9.454721096105778849e-03 3.628118812003209293e+00
4.804870439655133628e-03 3.937123015512808877e+01 3.900471864929595966e+01 9.563787766233592877e-03 3.610487219623490951e+00
4.860564232142139222e-03 3.822212585963214337e+01 3.785584919025410500e+01 9.674106479839839762e-03 3.592522129592179425e+00
4.916903577628031589e-03 3.707757144755388623e+01 3.671175706261098526e+01 9.785691468014806604e-03 3.574213651966850147e+00
4.973895958790068052e-03 3.593835998468428983e+01 3.557324127206486963e+01 9.898557120311349961e-03 3.555551544376475359e+00
5.031548945038056761e-03 3.480529716522759998e+01 3.444111322167992739e+01 1.001271798643277311e-02 3.536525196275873917e+00
5.089870193519685330e-03 3.367919997433734380e+01 3.331619534462192433e+01 1.012818877793689870e-02 3.517123612337531569e+00
5.148867450137497269e-03 3.256089523890931048e+01 3.219931962412316295e+01 1.024498436995642872e-02 3.497335394927479246e+00
5.208548550577665401e-03 3.145121806508145923e+01 3.109132599920222262e+01 1.036311980293570280e-02 3.477148725608779856e+00
5.268921421350676766e-03 3.035101016139609698e+01 2.999306065518288378e+01 1.048261028438397281e-02 3.456551345612987713e+00
5.329994080844092930e-03 2.926111804713867315e+01 2.890537419863281343e+01 1.060347119064530656e-02 3.435530535216708259e+00
5.391774640387505396e-03 2.818239114599407458e+01 2.782911971698424125e+01 1.072571806868521417e-02 3.414073091957253503e+00
5.454271305329836186e-03 2.711567976584393236e+01 2.676515072379972437e+01 1.084936663789412385e-02 3.392165307618289383e+00
5.517492376129128420e-03 2.606183296627838786e+01 2.571431899141633437e+01 1.097443279190780767e-02 3.369792943913555217e+00
5.581446249454966556e-03 2.502169631621135082e+01 2.467747227353474671e+01 1.110093260044487176e-02 3.346941206794236123e+00
5.646141419303672866e-03 2.399610954486568204e+01 2.365545192122191409e+01 1.122888231116140473e-02 3.323594719303610390e+00
5.711586478126434545e-03 2.298590409034195403e+01 2.264909039676344094e+01 1.135829835152290385e-02 3.299737492901405389e+00
5.777790117970507157e-03 2.199190055099188612e+01 2.165920869083585742e+01 1.148919733069358497e-02 3.275352897180158429e+00
5.844761131633637551e-03 2.101490604589209710e+01 2.068661364956702897e+01 1.162159604144316280e-02 3.250423627897235157e+00
5.912508413831881436e-03 2.005571149184432755e+01 1.973209521921307186e+01 1.175551146207124906e-02 3.224931673249463948e+00
5.981040962380944001e-03 1.911508880552004186e+01 1.879642361739894696e+01 1.189096075834940314e-02 3.198858278323345683e+00
6.050367879391223974e-03 1.819378804060717769e+01 1.788034644114209115e+01 1.202796128548101404e-02 3.172183907663297830e+00
6.120498372476702517e-03 1.729253447110681208e+01 1.698458572320023663e+01 1.216653059007904818e-02 3.144888205914596391e+00
6.191441755977847815e-03 1.641202563325429864e+01 1.610983494964660778e+01 1.230668641216181754e-02 3.116949956518022535e+00
6.263207452198692356e-03 1.555292833989768297e+01 1.525675605297196036e+01 1.244844668716682361e-02 3.088347038461691341e+00
6.335804992658253774e-03 1.471587568254650513e+01 1.442597639643248719e+01 1.259182954798280206e-02 3.059056381134639846e+00
6.409244019356457114e-03 1.390146403769084849e+01 1.361808576679472793e+01 1.273685332700006181e-02 3.029053917379857630e+00
6.483534286054726779e-03 1.311025009537615027e+01 1.283363339406015946e+01 1.288353655817918442e-02 2.998314534915877516e+00
6.558685659571435525e-03 1.234274792938228593e+01 1.207312501816928219e+01 1.303189797913823639e-02 2.966812026391647095e+00
6.634708121092351002e-03 1.159942612968508513e+01 1.133702002407075149e+01 1.318195653325851709e-02 2.934519038466742114e+00
6.711611767496287149e-03 1.088070501915025190e+01 1.062572866787817816e+01 1.333373137180898435e-02 2.901407020478190546e+00
6.789406812696112230e-03 1.018695397760760102e+01 9.939609418105064265e+00 1.348724185608942555e-02 2.867446173479708538e+00
6.868103588995307790e-03 9.518488897551183214e+00 9.278966437145317769e+00 1.364250755959247469e-02 2.832605400736844192e+00
6.947712548460239883e-03 8.875569796687210911e+00 8.644047229228416285e+00 1.379954827018451367e-02 2.796852261156392405e+00
7.028244264308352446e-03 8.258398613376794373e+00 8.035040481997173245e+00 1.395838399230563825e-02 2.760152927652433696e+00
7.109709432312438099e-03 7.667117211670923638e+00 7.452074129601315100e+00 1.411903494918864861e-02 2.722472153147537988e+00
7.192118872221192789e-03 7.101805623076930196e+00 6.895213665735838049e+00 1.428152158509725204e-02 2.683773247833716624e+00
7.275483529196232965e-03 6.562480552402257139e+00 6.364460735335521591e+00 1.444586456758348812e-02 2.644018072551183707e+00
7.359814475265771296e-03 6.049094174958860926e+00 5.859752033610824640e+00 1.461208478976446304e-02 2.603167054787686396e+00
7.445122910795143496e-03 5.561533252049010834e+00 5.380958540702732051e+00 1.478020337261851287e-02 2.561179235995734160e+00
7.531420165974375344e-03 5.099618590958278297e+00 4.927885119342406028e+00 1.495024166730077667e-02 2.518012361852803860e+00
7.618717702322998914e-03 4.663104874622005624e+00 4.500270501379046273e+00 1.512222125747835107e-02 2.473623030990118377e+00
7.707027114212303652e-03 4.251680884677525363e+00 4.097787686668880269e+00 1.529616396168499877e-02 2.427966922895026691e+00
7.796360130405236531e-03 3.864970139735234955e+00 3.720044774277112776e+00 1.547209183569554086e-02 2.380999132528320850e+00
7.886728615614155974e-03 3.502531968372429638e+00 3.366586240758345561e+00 1.565002717491996431e-02 2.332674648130739659e+00
7.978144572076628638e-03 3.163863033549090265e+00 3.036894672770443115e+00 1.582999251681728795e-02 2.282949020180560673e+00
8.070620141149507584e-03 2.848399321846631693e+00 2.730392950526676188e+00 1.601201064332928928e-02 2.231779283874843589e+00
8.164167604921472240e-03 2.555518607124250607e+00 2.446446863497724777e+00 1.619610458333407832e-02 2.179125214898393281e+00
8.258799387844271284e-03 2.284543393865163363e+00 2.184368119308578216e+00 1.638229761511961549e-02 2.124951017972909639e+00
8.354528058382871408e-03 2.034744340646440719e+00 1.943417680688745763e+00 1.657061326887722744e-02 2.069227567799556411e+00
8.451366330684721012e-03 1.805344158819816691e+00 1.722809335624624349e+00 1.676107532921507909e-02 2.011935338536682050e+00
8.549327066268383804e-03 1.595521975654715652e+00 1.521713379121035548e+00 1.695370783769175813e-02 1.953068164299487375e+00
8.648423275731726215e-03 1.404418144898820220e+00 1.339260274926700633e+00 1.714853509536991977e-02 1.892637960419850218e+00
8.748668120479913615e-03 1.231139480997384794e+00 1.174544193233588274e+00 1.734558166539003007e-02 1.830680494104023559e+00
8.850074914473439122e-03 1.074764886135967767e+00 1.026626407257685170e+00 1.754487237556428755e-02 1.767262217719223649e+00
8.952657125996400095e-03 9.343513319029879138e-01 8.945386831352005741e-01 1.774643232099068837e-02 1.702488068633120522e+00
9.056428379445294677e-03 8.089401497940671426e-01 7.772869834388815846e-01 1.795028686668728723e-02 1.636510001501492839e+00
9.161402457138520528e-03 6.975635771030710419e-01 6.738559569540264471e-01 1.815646165024662265e-02 1.569535855247925493e+00
9.267593301146882789e-03 5.992514970839460942e-01 5.832147320060995233e-01 1.836498258451040727e-02 1.501837964887950516e+00
9.375015015145289968e-03 5.130383047609481384e-01 5.043244329099744183e-01 1.857587586026437573e-02 1.433760708770423165e+00
9.483681866285927423e-03 4.379698225661257105e-01 4.361476198070283750e-01 1.878916794895335585e-02 1.365725958313280142e+00
9.593608287093146128e-03 3.731101832635570492e-01 3.776595612132281343e-01 1.900488560541657018e-02 1.298235224379749475e+00
9.704808877380306092e-03 3.175485915658979863e-01 3.278609344745191945e-01 1.922305587064311247e-02 1.231867244183395105e+00
9.817298406188841586e-03 2.704058706606403684e-01 2.857912563572360121e-01 1.944370607454759536e-02 1.167269890297084611e+00
9.931091813749801447e-03 2.308406957528368331e-01 2.505421257238387711e-01 1.966686383876597999e-02 1.105145646866220410e+00
1.004620421346813161e-02 1.980554139178302697e-01 2.212692676577929229e-01 1.989255707947154561e-02 1.046230485562984924e+00
1.016265089392995140e-02 1.713013482661817355e-01 1.972024396544442282e-01 2.012081401021092661e-02 9.912667368222402020e-01
1.028044732093309765e-02 1.498834848774266149e-01 1.776524908752479814e-01 2.035166314476025140e-02 9.409713954319458562e-01
1.039960913954120388e-02 1.331644433774446801e-01 1.620152051580049657e-01 2.058513330000127928e-02 8.960020914385744550e-01
1.052015217616159015e-02 1.205676366212248551e-01 1.497719290372555856e-01 2.082125359881751778e-02 8.569235496529399310e-01
1.064209244064724669e-02 1.115795318836411559e-01 1.404873078903419725e-01 2.106005347301027550e-02 8.241776207904318863e-01
1.076544612842315896e-02 1.057509354118922745e-01 1.338046706313299750e-01 2.130156266623451158e-02 7.980598092110851027e-01
1.089022962263730583e-02 1.026972342731231752e-01 1.294396962944458773e-01 2.154581123695454778e-02 7.787046346117076911e-01
1.101645949633657008e-02 1.020975442105895442e-01 1.271729782398055009e-01 2.179282956141941410e-02 7.660812197541038149e-01
1.114415251466788215e-02 1.036927297147543364e-01 1.268420086567541849e-01 2.204264833665786974e-02 7.599993387796167843e-01
1.127332563710487130e-02 1.072822826669086321e-01 1.283329783810395752e-01 2.229529858349292917e-02 7.601249806977283807e-01
1.140399601970033122e-02 1.127200685883502224e-01 1.315726589192276752e-01 2.255081164957584150e-02 7.660034736914759224e-01
1.153618101736478448e-02 1.199089745051803574e-01 1.365205258416382350e-01 2.280921921243937028e-02 7.770875333013723685e-01
1.166989818617147553e-02 1.287945193966296975e-01 1.431612023445655302e-01 2.307055328257033230e-02 7.927673271891670925e-01
1.180516528568805595e-02 1.393575167070439658e-01 1.514972456735023676e-01 2.333484620650116970e-02 8.123997942147718199e-01
1.194200028133532432e-02 1.516059079301225465e-01 1.615422598781451058e-01 2.360213066992055547e-02 8.353349436583888954e-01
1.208042134677328981e-02 1.655659161656873046e-01 1.733142900741236059e-01 2.387243970080275487e-02 8.609375675160775288e-01
1.222044686631488727e-02 1.812726980363055240e-01 1.868294349566719803e-01 2.414580667255569052e-02 8.886035812732329120e-01
1.236209543736769070e-02 1.987607005546957739e-01 2.020956097982794242e-01 2.442226530718753785e-02 9.177709344524233037e-01
1.250538587290391315e-02 2.180539554719546358e-01 2.191064076293894602e-01 2.470184967849164276e-02 9.479256038978051135e-01
1.265033720395903824e-02 2.391565662421363814e-01 2.378350448583769206e-01 2.498459421524963642e-02 9.786035477561684237e-01
1.279696868215941634e-02 2.620436608733269224e-01 2.582284354391396475e-01 2.527053370445251149e-02 1.009389649777046039e+00
1.294529978227916024e-02 2.866530964205984966e-01 2.802015046284215272e-01 2.555970329453952777e-02 1.039914654952086348e+00
1.309535020482667685e-02 3.128782065259839151e-01 3.036319186837657669e-01 2.585213849865467678e-02 1.069850950022083413e+00
1.324713987866117486e-02 3.405618810720619782e-01 3.283554658783716107e-01 2.614787519792051082e-02 1.098907846606682170e+00
1.340068896363950761e-02 3.694922556173356742e-01 3.541623775993951728e-01 2.644694964472914245e-02 1.126826836207383664e+00
1.355601785329368925e-02 3.994002668877605355e-01 3.807949235367091290e-01 2.674939846605010538e-02 1.153377129914368915e+00
1.371314717753945554e-02 4.299592984703913823e-01 4.079466408539591527e-01 2.705525866675491387e-02 1.178351670938323270e+00
1.387209780541620932e-02 4.607870975146100001e-01 4.352635493362670416e-01 2.736456763295797359e-02 1.201563708599087565e+00
1.403289084785873213e-02 4.914500885454904933e-01 4.623476554825536877e-01 2.767736313537361506e-02 1.222843947850232871e+00
1.419554766050101606e-02 5.214701446818204023e-01 4.887629621840339778e-01 2.799368333268896503e-02 1.242038242703193296e+00
1.436008984651260603e-02 5.503338003400656264e-01 5.140440879137939678e-01 2.831356677495235064e-02 1.259005785987981074e+00
1.452653925946781159e-02 5.775038041290860846e-01 5.377074718022915034e-01 2.863705240697691709e-02 1.273617757039173348e+00
1.469491800624817164e-02 6.024328179029738717e-01 5.592650068253208762e-01 2.896417957175910843e-02 1.285756415050801404e+00
1.486524844997857107e-02 6.245789702484498829e-01 5.782398064953241379e-01 2.929498801391176507e-02 1.295314660895339642e+00
1.503755321299738400e-02 6.434228730627993276e-01 5.941836709553731666e-01 2.962951788311134899e-02 1.302196127665894432e+00
1.521185517986104775e-02 6.584856119545438036e-01 6.066956731720416496e-01 2.996780973755906741e-02 1.306315894906365571e+00
1.538817750038346324e-02 6.693471291568042769e-01 6.154411300659914374e-01 3.030990454745541296e-02 1.307601948195908914e+00
1.556654359271062056e-02 6.756643361445662244e-01 6.201700527611987424e-01 3.065584369848775928e-02 1.305997517752930159e+00
1.574697714643086624e-02 6.771882272095723909e-01 6.207339870612685884e-01 3.100566899533060972e-02 1.301464418611308460e+00
1.592950212572123020e-02 6.737792200785195362e-01 6.170999780962826975e-01 3.135942266515808624e-02 1.293987472383690163e+00
1.611414277253019750e-02 6.654199304491306144e-01 6.093602658990998622e-01 3.171714736116815203e-02 1.283580012117650826e+00
1.630092360979741237e-02 6.522245989755746098e-01 5.977363120640948324e-01 3.207888616611818261e-02 1.270290359296475380e+00
1.648986944471064753e-02 6.344444360973944264e-01 5.825759495112198261e-01 3.244468259587132697e-02 1.254209021836154792e+00
1.668100537200059227e-02 6.124682356066918354e-01 5.643428860231919364e-01 3.281458060295332907e-02 1.235476196807210547e+00
1.687435677727375585e-02 5.868177341579632333e-01 5.435984659669772512e-01 3.318862458011901523e-02 1.214288967956175913e+00
1.706994934038407949e-02 5.581373615878848504e-01 5.209764315339534546e-01 3.356685936392825309e-02 1.190907367689455931e+00
1.726780903884355886e-02 5.271782344910853624e-01 4.971523123878493489e-01 3.394933023833055646e-02 1.165658252954026253e+00
1.746796215127245644e-02 4.947764892507779400e-01 4.728098681617808330e-01 3.433608293825796826e-02 1.138935782944485942e+00
1.767043526088946798e-02 4.618263243437642496e-01 4.486075429556095617e-01 3.472716365322547905e-02 1.111197257915605752e+00
1.787525525904235316e-02 4.292484161877710425e-01 4.251479994206689983e-01 3.512261903093850945e-02 1.082953246793291191e+00
1.808244934877951612e-02 3.979546762580218333e-01 4.029533839643656412e-01 3.552249618090676936e-02 1.054751331050696628e+00
1.829204504846293836e-02 3.688106151897189156e-01 3.824480654062841212e-01 3.592684267806384169e-02 1.027153416183467671e+00
1.850407019542302245e-02 3.425968552658348321e-01 3.639493642465933543e-01 3.633570656639181773e-02 1.000707355393495757e+00
1.871855294965579092e-02 3.199715673909697689e-01 3.476655260624660904e-01 3.674913636255036642e-02 9.759144916640870582e-01
1.893552179756295348e-02 3.014357826166895182e-01 3.336991818468202364e-01 3.716718105950951589e-02 9.531955185357977589e-01
1.915500555573527997e-02 2.873036216734160542e-01 3.220539995816473211e-01 3.758989013018525921e-02 9.328576406835080714e-01
1.937703337477988952e-02 2.776794800870339697e-01 3.126422629954677679e-01 3.801731353107749151e-02 9.150662611251653145e-01
1.960163474319185847e-02 2.724440852035699412e-01 3.052916931281504098e-01 3.844950170590932109e-02 8.998242716235586025e-01
1.982883949127071249e-02 2.712510928660251119e-01 2.997508498494063089e-01 3.888650558926695644e-02 8.869615046539676140e-01
2.005867779508234069e-02 2.735355094609541182e-01 2.956937613449263091e-01 3.932837661023953074e-02 8.761361416699724458e-01
2.029118018046677935e-02 2.785347109071107941e-01 2.927258300925572043e-01 3.977516669605767746e-02 8.668490377858592000e-01
2.052637752709252084e-02 2.853221941414739171e-01 2.903942293444839451e-01 4.022692827573040586e-02 8.584711107479048309e-01
2.076430107255774690e-02 2.928534590871570420e-01 2.882063466360874626e-01 4.068371428367897891e-02 8.502829445900602634e-01
2.100498241653915230e-02 3.000226110213755071e-01 2.856586027281484141e-01 4.114557816336717605e-02 8.415241382950113813e-01
2.124845352498882720e-02 3.057274365084247103e-01 2.822752397464625695e-01 4.161257387092678200e-02 8.314482058093041195e-01
2.149474673437980557e-02 3.089398923645422235e-01 2.776541389727463782e-01 4.208475587877744811e-02 8.193793395519292089e-01
2.174389475600079988e-02 3.087782163662751711e-01 2.715151648432051479e-01 4.256217917923985072e-02 8.047702354132568736e-01
2.199593068030074663e-02 3.045762857785614397e-01 2.637439607243488582e-01 4.304489928814118210e-02 7.872608277959436407e-01
2.225088798128369363e-02 2.959454817738391141e-01 2.544211058989135910e-01 4.353297224841182200e-02 7.667348160737250673e-01
2.250880052095461867e-02 2.828242272899663678e-01 2.438269549067035302e-01 4.402645463367212825e-02 7.433680009384950882e-01
2.276970255381680075e-02 2.655106061646721471e-01 2.324176567021132844e-01 4.452540355180831244e-02 7.176612538573776678e-01
2.303362873142131284e-02 2.446740798809261819e-01 2.207757926684423555e-01 4.502987664853613792e-02 6.904506954308859967e-01
2.330061410696924670e-02 2.213433098744075345e-01 2.095466183770217372e-01 4.553993211095124644e-02 6.628882778143492249e-01
2.357069413996727703e-02 1.968684544415119642e-01 1.993750069932593016e-01 4.605562867106502423e-02 6.363880007237893155e-01
2.384390470093720321e-02 1.728579926999971594e-01 1.908571927277496194e-01 4.657702560932462654e-02 6.125367803975116932e-01
2.412028207618006903e-02 1.510920501537305893e-01 1.845158903382794202e-01 4.710418275811595334e-02 5.929742998149515332e-01
2.439986297259550199e-02 1.334162407852864107e-01 1.807998232931673777e-01 4.763716050524825080e-02 5.792521349628496630e-01
2.468268452255692469e-02 1.216220452548518183e-01 1.801020524991401583e-01 4.817601979741896467e-02 5.726877455656670390e-01
2.496878428884326609e-02 1.173215334022365830e-01 1.827875838046197632e-01 4.872082214365747177e-02 5.742320838925727422e-01
2.525820026962784584e-02 1.218256168038197446e-01 1.892197254195479572e-01 4.927162961874633623e-02 5.843694814880002752e-01
2.555097090352506997e-02 1.360357898097757090e-01 1.997756601215698036e-01 4.982850486661850875e-02 6.030647182793444916e-01
2.584713507469563881e-02 1.603593123056512582e-01 2.148437238767299806e-01 5.039151110372907388e-02 6.297652895197866085e-01
2.614673211801091940e-02 1.946568744665857775e-01 2.347976400826203291e-01 5.096071212240003284e-02 6.634582393873053041e-01
2.644980182427720053e-02 2.382298990341104594e-01 2.599468462130638535e-01 5.153617229413644946e-02 7.027723933562093350e-01
2.675638444552045150e-02 2.898518034211778338e-01 2.904675445495892849e-01 5.211795657291243972e-02 7.461102337836393872e-01
2.706652070033241375e-02 3.478438894506366563e-01 3.263258348722465341e-01 5.270613049842540199e-02 7.917903247966827651e-01
2.738025177927857698e-02 4.101922927907808436e-01 3.672103720463527621e-01 5.330076019931661441e-02 8.381815364009097546e-01
2.769761935036891068e-02 4.746979579449540076e-01 4.124943815280511794e-01 5.390191239635672149e-02 8.838138636432828488e-01
2.801866556459195468e-02 5.391473537133064653e-01 4.612428533852957480e-01 5.450965440559416009e-02 9.274562215655617337e-01
2.834343306151309444e-02 6.014881178304997134e-01 5.122700035214988734e-01 5.512405414146479693e-02 9.681577754765732235e-01
2.867196497493769772e-02 6.599915442585535530e-01 5.642377738483034255e-01 5.574518011986089039e-02 1.005254834308925815e+00
2.900430493863991738e-02 7.133832846661818383e-01 6.157737544700629950e-01 5.637310146115752374e-02 1.038349245527318221e+00
2.934049709215787172e-02 7.609251948554187628e-01 6.655815784642967747e-01 5.700788789319451849e-02 1.067266342366079979e+00
2.968058608665602449e-02 8.024350976576422045e-01 7.125207179067734042e-01 5.764960975421188488e-02 1.092001125025401587e+00
3.002461709085549324e-02 8.382372823423231978e-01 7.556438657405248893e-01 5.829833799573673481e-02 1.112660987323361050e+00
3.037263579703311511e-02 8.690444401613890424e-01 7.941930316688661229e-01 5.895414418541967266e-02 1.129411732937077417e+00
3.072468842709003348e-02 8.957807476093616605e-01 8.275630239625187956e-01 5.961710050981838122e-02 1.142430227668965292e+00
3.108082173869063797e-02 9.193649545088520281e-01 8.552429476113088125e-01 6.028727977712642488e-02 1.151863813149116567e+00
3.144108303147264555e-02 9.404803852601105740e-01 8.767505881075181584e-01 6.096475541984482799e-02 1.157797230044297354e+00
3.180552015332920035e-02 9.593643850161305275e-01 8.915805127807016062e-01 6.164960149739442258e-02 1.160230293900466947e+00
3.217418150676371741e-02 9.756516706605942169e-01 8.991857312886966103e-01 6.234189269866633604e-02 1.159069423373003449e+00
3.254711605531847990e-02 9.883032843584977911e-01 8.990039317482341197e-01 6.304170434450855065e-02 1.154133645227918059e+00
3.292437333007768724e-02 9.956448911683185576e-01 8.905275780135892827e-01 6.374911239014589837e-02 1.145173231059807728e+00
3.330600343624588733e-02 9.955251966098876970e-01 8.734074480369725668e-01 6.446419342753106907e-02 1.131898337909468477e+00
3.369205705980267418e-02 9.855882972125944441e-01 8.475737159926345354e-01 6.518702468762416213e-02 1.114016321277184751e+00
3.408258547423451829e-02 9.636346942226191592e-01 8.133529031823395483e-01 6.591768404259809588e-02 1.091277080760125751e+00
3.447764054734463873e-02 9.280271422909517343e-01 7.715508336264103040e-01 6.665625000796736310e-02 1.063523667652166882e+00
3.487727474814177747e-02 8.780826258242868665e-01 7.234698032994514305e-01 6.740280174463729457e-02 1.030742459630362706e+00
3.528154115380883332e-02 8.143838044163439482e-01 6.708401165026686153e-01 6.815741906087112445e-02 9.931058891915702791e-01
3.569049345675229939e-02 7.389450412653028044e-01 6.156697817524886540e-01 6.892018241417220692e-02 9.510014198684150211e-01
3.610418597173337130e-02 6.551813539153327204e-01 5.600423704519998935e-01 6.969117291307816431e-02 9.050431113205865685e-01
3.652267364308175307e-02 5.676533829285742572e-01 5.059083795022782937e-01 7.047047231886448271e-02 8.560646905019743125e-01
3.694601205199302130e-02 4.815957541577489676e-01 4.549077613788965468e-01 7.125816304715411331e-02 8.050887240289887892e-01
3.737425742391064371e-02 4.022757700582638152e-01 4.082449284137591450e-01 7.205432816943040109e-02 7.532607250499231411e-01
3.780746663599349189e-02 3.342679682369890659e-01 3.666427173354378510e-01 7.285905141445001010e-02 7.017595503155060754e-01
3.824569722466999305e-02 2.807602123946468242e-01 3.303866445639114247e-01 7.367241716955279240e-02 6.517175640741754705e-01
3.868900739327975347e-02 2.430210010008503618e-01 2.994271920464927073e-01 7.449451048186522817e-02 6.041669669578511037e-01
3.913745601980384015e-02 2.201493701854427276e-01 2.734998818017774780e-01 7.532541705939434229e-02 5.600155980407486300e-01
3.959110266468458816e-02 2.091949669772392995e-01 2.522381073737733903e-01 7.616522327200846154e-02 5.200539795757813666e-01
4.005000757873611317e-02 2.056779335723151192e-01 2.352659802810755374e-01 7.701401615230167585e-02 4.849893605438975186e-01
4.051423171114647281e-02 2.044629312114645547e-01 2.222664904878118297e-01 7.787188339633821510e-02 4.554933135974252867e-01
4.098383671757261509e-02 2.008610352359708751e-01 2.130255820959204849e-01 7.873891336427349397e-02 4.322423436786312911e-01
4.145888496832911274e-02 1.917634807831701815e-01 2.074556565249238704e-01 7.961519508084778651e-02 4.159293172897193802e-01
4.193943955667186335e-02 1.765699076582178395e-01 2.056028199965188596e-01 8.050081823574922746e-02 4.072287723412454374e-01
4.242556430717776828e-02 1.576762024623601932e-01 2.076410079108806928e-01 8.139587318384218506e-02 4.067107418471932467e-01
4.291732378422157684e-02 1.403422384704085535e-01 2.138529245009039015e-01 8.230045094525702265e-02 4.147129789071910544e-01
4.341478330055092288e-02 1.318665582231774158e-01 2.245928479144536638e-01 8.321464320533761283e-02 4.311961667585362257e-01
4.391800892596085804e-02 1.401395867878301726e-01 2.402208919736725234e-01 8.413854231444245491e-02 4.556157915630137945e-01
4.442706749606882555e-02 1.718031722021672869e-01 2.609945263664308346e-01 8.507224128759527382e-02 4.868435245691458135e-01
4.494202662119142072e-02 2.303769606070022735e-01 2.869057165649989694e-01 8.601583380398118706e-02 5.231607980244552536e-01
4.546295469532399269e-02 3.147837926776267947e-01 3.174694571467923665e-01 8.696941420628384600e-02 5.623354045359685305e-01
4.598992090522438514e-02 4.186862040935560580e-01 3.515062199829749878e-01 8.793307749985981858e-02 6.017807414127186449e-01
4.652299523960189143e-02 5.309201330635072713e-01 3.870049702113664836e-01 8.890691935174520333e-02 6.387809805062011348e-01
4.706224849841281199e-02 6.370906784354791741e-01 4.211784833297292918e-01 8.989103608949061686e-02 6.707497901944641239e-01
4.760775230226368254e-02 7.221168192021127918e-01 4.507946187315217679e-01 9.088552469981961424e-02 6.954840042775368714e-01
4.815957910192350533e-02 7.732402342574251630e-01 4.727652170970398360e-01 9.189048282710610138e-02 7.113749830864840584e-01
4.871780218794630885e-02 7.828229105835388113e-01 4.848310012552564663e-01 9.290600877166618754e-02 7.175465786245164290e-01
4.928249570040513228e-02 7.502177448034789142e-01 4.860895312332066953e-01 9.393220148785944024e-02 7.139017668928330229e-01
4.985373463873893352e-02 6.821459408860655049e-01 4.771589466253652323e-01 9.496916058199487976e-02 7.010804718076927289e-01
5.043159487171358646e-02 5.913470907657749631e-01 4.599323652636516102e-01 9.601698631003680040e-02 6.803459011606485252e-01
5.101615314749833457e-02 4.937178063859568034e-01 4.370487416884366594e-01 9.707577957510531153e-02 6.534189873221709632e-01
5.160748710385907462e-02 4.046077023293028208e-01 4.112944146978653737e-01 9.814564192476650517e-02 6.222817920298906458e-01
5.220567527846975420e-02 3.352571829440841311e-01 3.851287507578292635e-01 9.922667554810724044e-02 5.889774997610326412e-01
5.281079711934331261e-02 2.904148030788299972e-01 3.604376653140126674e-01 1.003189832725890074e-01 5.554470459851970077e-01
5.342293299538352497e-02 2.678992321441368007e-01 3.385086431938638674e-01 1.014226685606757911e-01 5.234347288635167184e-01
5.404216420705915125e-02 2.603067755495645508e-01 3.201084230411340714e-01 1.025378355062302876e-01 4.944129563402428484e-01
5.466857299720180585e-02 2.583547792020011724e-01 3.055747527124866303e-01 1.036645888306730878e-01 4.694870395117565764e-01
5.530224256192900478e-02 2.547230190066235855e-01 2.949481561933816609e-01 1.048030338788991100e-01 4.493718306577704213e-01
5.594325706169377826e-02 2.469575651284166284e-01 2.881127264137583466e-01 1.059532766149456628e-01 4.344480503550416928e-01
5.659170163246242391e-02 2.382115523400356871e-01 2.849090931915032598e-01 1.071154236174062940e-01 4.248543007826542373e-01
5.724766239702178822e-02 2.353326184204019567e-01 2.852210651650000650e-01 1.082895820745845700e-01 4.205949198014523605e-01
5.791122647641758214e-02 2.448776804043178434e-01 2.890461413013982184e-01 1.094758597793817345e-01 4.216488113679607852e-01
5.858248200152536139e-02 2.686679510777676416e-01 2.965569892139470198e-01 1.106743651239123633e-01 4.280611245252146091e-01
5.926151812475552449e-02 3.010396129333769988e-01 3.081555031939028910e-01 1.118852070938415044e-01 4.399972579169262876e-01
5.994842503189409116e-02 3.296428197354038248e-01 3.245149107101338304e-01 1.131084952624375750e-01 4.577394316293365573e-01
6.064329395408061402e-02 3.404153608605198222e-01 3.465985374817646125e-01 1.143443397843340731e-01 4.816120545698316935e-01
6.134621717992506246e-02 3.255192074986316131e-01 3.756357877969260239e-01 1.155928513889941667e-01 5.118359850955566115e-01
6.205728806776500406e-02 2.912510431625543461e-01 4.130344146283558837e-01 1.168541413738712342e-01 5.483421305801621237e-01
6.277660105806499857e-02 2.620523865681292919e-01 4.602448217593555491e-01 1.181283215972590700e-01 5.906348775110077387e-01
6.350425168595962011e-02 2.774021110889779429e-01 5.185189767686665396e-01 1.194155044708246627e-01 6.377039376788944391e-01
6.424033659394190465e-02 3.806915570797100301e-01 5.882569485277302501e-01 1.207158029518170111e-01 6.878029383164891986e-01
6.498495354469888130e-02 6.025384633252511835e-01 6.681868047255670184e-01 1.220293305349450103e-01 7.384336662950863328e-01
6.573820143409585259e-02 9.441192957231491212e-01 7.546084772357344317e-01 1.233562012439170796e-01 7.865606929282633608e-01
6.650018030431117944e-02 1.367499381255273816e+00 8.409591014821837796e-01 1.246965296226358738e-01 8.289205082112618417e-01
6.727099135712336087e-02 1.798564638937201643e+00 9.182223347164747418e-01 1.260504307260405799e-01 8.624035182393792187e-01
6.805073696735206012e-02 2.144014883843506691e+00 9.765370797126396996e-01 1.274180201105893917e-01 8.844578858668601384e-01
6.883952069645496441e-02 2.318285970842607568e+00 1.007764138796828801e+00 1.287994138243750142e-01 8.934450134395535148e-01
6.963744730628222690e-02 2.271509818190487362e+00 1.008081416793710661e+00 1.301947283968654390e-01 8.889022089886633449e-01
7.044462277299036457e-02 2.008018650908957259e+00 9.794825283289025908e-01 1.316040808282625540e-01 8.717273373533751535e-01
7.126115430111745752e-02 1.587653613269664366e+00 9.290215156966218357e-01 1.330275885784707457e-01 8.440840535660806276e-01
7.208715033782135684e-02 1.108513514557356139e+00 8.660483959250437902e-01 1.344653695556674577e-01 8.089317118578771559e-01
7.292272058728312134e-02 6.771658310737418418e-01 7.996199961642704857e-01 1.359175421044683807e-01 7.696081337506156528e-01
7.376797602527730702e-02 3.773479076571136237e-01 7.367771693743875305e-01 1.373842249936786108e-01 7.293992916919920244e-01
7.462302891391107973e-02 2.483575676412730082e-01 6.818969083768202655e-01 1.388655374036218970e-01 6.911242422228196514e-01
7.548799281653431614e-02 2.795951091601813765e-01 6.369130528755514442e-01 1.403615989130398145e-01 6.568318426066835913e-01
7.636298261282241373e-02 4.206131270847859316e-01 6.019563319135889934e-01 1.418725294855524288e-01 6.276666751466907224e-01
7.724811451403400253e-02 6.003715150442473503e-01 5.761043469907884962e-01 1.433984494556719003e-01 6.039566968035495753e-01
7.814350607844541829e-02 7.479661213286690202e-01 5.581005662281534052e-01 1.449394795143606751e-01 5.855257657262731286e-01
7.904927622696419909e-02 8.097983426560978470e-01 5.467932534670746358e-01 1.464957406941255758e-01 5.719981495135131322e-01
7.996554525892346499e-02 7.620006394056711985e-01 5.411068050833760523e-01 1.480673543536387138e-01 5.628236792105849595e-01
8.089243486805938743e-02 6.182929781809280989e-01 5.400636182741149760e-01 1.496544421618768717e-01 5.573553093043283058e-01
8.183006815867389927e-02 4.311379246658170183e-01 5.427787418375014106e-01 1.512571260817699159e-01 5.549069855418569119e-01
8.277856966198472721e-02 2.809628100269137563e-01 5.483329898238461508e-01 1.528755283533495268e-01 5.547064044848942777e-01
8.373806535266489770e-02 2.494926202435288620e-01 5.556855198217705016e-01 1.545097714763887242e-01 5.558731297945099792e-01
8.470868266557401993e-02 3.817388743962646935e-01 5.636436338050792028e-01 1.561599781925231689e-01 5.574348664581108004e-01
8.569055051268346934e-02 6.532968000649126417e-01 5.707007754105931641e-01 1.578262714668445810e-01 5.582291658843856474e-01
8.668379930019773361e-02 9.656507299738356087e-01 5.751619569699645274e-01 1.595087744689571152e-01 5.570055744211239723e-01
8.768856094587426653e-02 1.182987605441512269e+00 5.755379221119782951e-01 1.612076105534867299e-01 5.526884036705355108e-01
8.870496889654402861e-02 1.199849806987234535e+00 5.709566786611974809e-01 1.629229032400340282e-01 5.446210169137839507e-01
8.973315814583519845e-02 1.003560032445039107e+00 5.614213401062749798e-01 1.646547761925606645e-01 5.327145835711841748e-01
9.077326525210223374e-02 6.890858964812669463e-01 5.478797507807001699e-01 1.664033531981994329e-01 5.175231760152317895e-01
9.182542835656282154e-02 4.082608916938239019e-01 5.322047122535051855e-01 1.681687581454779368e-01 5.003333984536653123e-01
9.288978720164497993e-02 2.792470438610042405e-01 5.167503698217732477e-01 1.699511150019457628e-01 4.829567778965591085e-01
9.396648314954690606e-02 3.152346584914649252e-01 5.038342107754529842e-01 1.717505477911948630e-01 4.673895222335672228e-01
9.505565920101191613e-02 4.243780867420927638e-01 4.953991642766204517e-01 1.735671805692627079e-01 4.554876607795386168e-01
9.615746001432096124e-02 4.840873802343445553e-01 4.928007552649453227e-01 1.754011374004078028e-01 4.486389595045170986e-01
9.727203192450536995e-02 4.358097376252680899e-01 4.967355346644586889e-01 1.772525423322471039e-01 4.475327559806253075e-01
9.839952296278225985e-02 3.279317329493457445e-01 5.072369301874052328e-01 1.791215193702444253e-01 4.520631011002658739e-01
9.954008287621518569e-02 2.740378405615186974e-01 5.236789571077279382e-01 1.810081924515391238e-01 4.613668915471947907e-01
1.006938631476027024e-01 3.618461532245794143e-01 5.447149648857438908e-01 1.829126854181041817e-01 4.739254809062993790e-01
1.018610170155975214e-01 5.868032828870614059e-01 5.682581546217572166e-01 1.848351219892227504e-01 4.877611781885179409e-01
1.030416994950587445e-01 8.591241799259705658e-01 5.917519549919785238e-01 1.867756257332718051e-01 5.008195013462753975e-01
1.042360673976401170e-01 1.068151525959689430e+00 6.124336330686055430e-01 1.887343200388019726e-01 5.112081520546788438e-01
1.054442793526168404e-01 1.145171399375908061e+00 6.278150397874249222e-01 1.907113280849017378e-01 5.174552248218491357e-01
1.066664958279538722e-01 1.082758441676820782e+00 6.362419642137431275e-01 1.927067728108353972e-01 5.187253317066818914e-01
1.079028791516183639e-01 9.187982444781613856e-01 6.372498501995519371e-01 1.947207768849420484e-01 5.148974484394887030e-01
1.091535935331391094e-01 7.169238399093101899e-01 6.316206966403824508e-01 1.967534626727850400e-01 5.065339680542610967e-01
1.104188050854160164e-01 5.514196339281421944e-01 6.211149390346677457e-01 1.988049522045395312e-01 4.947447765937830755e-01
1.116986818467822634e-01 4.782559442279502582e-01 6.080358796678239086e-01 2.008753671416063924e-01 4.810025238322901409e-01
1.129933938033221702e-01 4.940562450154145080e-01 5.949216438810580598e-01 2.029648287424402342e-01 4.670389826568757119e-01
1.143031129114478600e-01 5.283869723348395553e-01 5.840708727977530490e-01 2.050734578275801023e-01 4.545560945219855875e-01
1.156280131207375328e-01 5.049367924182477374e-01 5.771093707643975002e-01 2.072013747438698761e-01 4.448654936371204682e-01
1.169682703970384707e-01 4.258547498836537937e-01 5.748881699222523345e-01 2.093486993278565189e-01 4.387131048166694747e-01
1.183240627458378019e-01 3.786173882090309584e-01 5.775211929242745068e-01 2.115155508683534968e-01 4.362256231639152215e-01
1.196955702359042834e-01 4.373210669920892246e-01 5.844342383866201196e-01 2.137020480681571521e-01 4.369269662785282282e-01
1.210829750232039481e-01 5.695273375952607520e-01 5.944625901357917241e-01 2.159083090049029041e-01 4.398551733956706511e-01
1.224864613750930725e-01 6.763568019604819792e-01 6.061572433985883412e-01 2.181344510910488976e-01 4.438610378716195681e-01
1.239062156947915577e-01 7.248385484516673971e-01 6.179256295230504126e-01 2.203805910329742490e-01 4.477628652415003296e-01
1.253424265461399456e-01 7.860205286319897899e-01 6.281433962127189741e-01 2.226468447891783720e-01 4.504422533521481031e-01
1.267952846786433996e-01 9.037572601744349177e-01 6.354206145467655720e-01 2.249333275275690325e-01 4.510074922714453760e-01
1.282649830528059809e-01 9.765018984062268093e-01 6.388841427688588537e-01 2.272401535818253659e-01 4.489370348644882158e-01
1.297517168657586761e-01 8.597628990450888464e-01 6.382701357061794090e-01 2.295674364068229223e-01 4.440942400567686743e-01
1.312556835771842845e-01 5.887759222338528886e-01 6.338522980226984904e-01 2.319152885331067782e-01 4.366586896535202822e-01
1.327770829355429116e-01 3.984123838446056443e-01 6.263363124024475814e-01 2.342838215203997543e-01 4.270652916305954783e-01
1.343161170046015263e-01 4.608805038046022151e-01 6.167488527476323590e-01 2.366731459101318602e-01 4.159593667510860238e-01
1.358729901902709092e-01 6.747200843071282650e-01 6.062850311736630582e-01 2.390833711769770054e-01 4.041274749467751448e-01
1.374479092677536596e-01 7.966911087194056273e-01 5.961253321678934292e-01 2.415146056793832097e-01 3.923941774450120934e-01
1.390410834090069769e-01 7.299082302122903432e-01 5.873302802355795382e-01 2.439669566090824637e-01 3.815513832090344781e-01
1.406527242105236331e-01 5.808578634665805263e-01 5.808216192178993209e-01 2.464405299395656668e-01 3.723306391906818225e-01
1.422830457214351862e-01 4.724526945427265923e-01 5.773020153572839819e-01 2.489354303735093477e-01 3.653163605366124278e-01
1.439322644719406574e-01 4.282940310074666579e-01 5.771565040588362283e-01 2.514517612891382647e-01 3.608389121735949279e-01
1.456005995020648591e-01 4.309900224354050735e-01 5.806062582149495999e-01 2.539896246855110062e-01 3.590657363473091501e-01
1.472882723907501801e-01 4.668717675246497056e-01 5.876608498417986715e-01 2.565491211267127980e-01 3.599562276281513262e-01
1.489955072852853779e-01 5.075868442660379509e-01 5.978321121132708083e-01 2.591303496849418075e-01 3.630609580376553680e-01
1.507225309310755434e-01 5.507280312784839094e-01 6.101326858529335651e-01 2.617334078824727350e-01 3.675651316070243091e-01
1.524695727017572888e-01 6.476658047327342738e-01 6.232126961940022136e-01 2.643583916324843130e-01 3.724431913343247413e-01
1.542368646296627399e-01 7.887124344160983958e-01 6.354594578505593505e-01 2.670053951787343949e-01 3.765678109802988449e-01
1.560246414366368017e-01 8.547083964524750943e-01 6.452346247448418337e-01 2.696745110340678098e-01 3.788777646080183636e-01
1.578331405652116382e-01 8.110375003980919706e-01 6.513793114708151810e-01 2.723658299177417752e-01 3.786813392105845555e-01
1.596626022101425013e-01 7.920410327041337295e-01 6.531793542391596263e-01 2.750794406915534340e-01 3.755743164198837025e-01
1.615132693503091299e-01 8.452459226411296322e-01 6.503144521649125709e-01 2.778154302947531962e-01 3.693670421403299486e-01
1.633853877809862132e-01 8.240973797937909406e-01 6.433760802642645160e-01 2.805738836777283418e-01 3.604176668021518704e-01
1.652792061464895546e-01 6.806931361290688987e-01 6.337395223178271531e-01 2.833548837344429527e-01 3.495800898837596593e-01
1.671949759731990170e-01 5.584012374315573402e-01 6.230453031494318505e-01 2.861585112336144654e-01 3.379129587332134199e-01
1.691329517029648843e-01 5.008501929386307561e-01 6.128386991146475005e-01 2.889848447486136340e-01 3.264711143988718312e-01
1.710933907269015231e-01 4.377003417105431726e-01 6.043842792916406248e-01 2.918339605860701957e-01 3.161773301798670444e-01
1.730765534195725930e-01 4.291336694832474929e-01 5.987506967986045980e-01 2.947059327131687501e-01 3.078571531324039712e-01
1.750827031735725237e-01 5.336775902328172450e-01 5.966953442491751414e-01 2.976008326836167561e-01 3.021185072224818469e-01
1.771121064345088647e-01 6.300262944587284863e-01 5.984474230103136172e-01 3.005187295622696042e-01 2.991544569935136177e-01
1.791650327363901452e-01 6.584776590012082487e-01 6.039412134830586254e-01 3.034596898483946648e-01 2.988936576442414728e-01
1.812417547374237659e-01 6.634755890425826363e-01 6.130570365941555577e-01 3.064237773975569956e-01 3.011784195966550337e-01
1.833425482562290598e-01 5.782481728753497974e-01 6.252416214731509880e-01 3.094110533421111642e-01 3.055120564000162187e-01
1.854676923084699336e-01 4.494513680217520069e-01 6.396686780877018919e-01 3.124215760102798112e-01 3.112140667824543350e-01
1.876174691439121411e-01 5.272452720964070361e-01 6.556708165351124995e-01 3.154554008438022472e-01 3.177478866751292652e-01
1.897921642839101308e-01 7.648048654150536585e-01 6.722759035953739248e-01 3.185125803141355960e-01 3.244209547337301713e-01
1.919920665593284892e-01 8.646946050470114553e-01 6.882746558996994946e-01 3.215931638371902213e-01 3.304549696723618757e-01
1.942174681489026444e-01 8.236869741365502318e-01 7.024286154687787720e-01 3.246971976865810072e-01 3.351236550603076125e-01
1.964686646180446583e-01 8.090721758516281614e-01 7.135938954781751997e-01 3.278247249053771739e-01 3.378094207187699594e-01
1.987459549580983809e-01 8.313796196708924668e-01 7.209413567110345422e-01 3.309757852163310310e-01 3.381037183143159597e-01
2.010496416260499075e-01 7.947337541232389890e-01 7.238833153926915731e-01 3.341504149305677962e-01 3.357265620535224704e-01
2.033800305846981960e-01 6.830116372221571863e-01 7.221894443385457052e-01 3.373486468547172712e-01 3.305721639162121916e-01
2.057374313432913659e-01 7.337159771651381446e-01 7.160597604556865337e-01 3.405705101964686676e-01 3.227422289438400815e-01
2.081221569986339281e-01 9.429156048173860105e-01 7.061314641743136056e-01 3.438160304685285995e-01 3.125594415845486251e-01
2.105345242766706038e-01 8.601625214544524889e-01 6.933913313000317213e-01 3.470852293909636455e-01 3.005422756877367263e-01
2.129748535745520921e-01 6.426764728632177182e-01 6.790443222515994970e-01 3.503781247919072750e-01 2.873611382921335000e-01
2.154434690031884481e-01 6.869500774997496784e-01 6.643638144570785942e-01 3.536947305066113767e-01 2.737773803814915197e-01
2.179406984302955930e-01 6.210925694079604265e-01 6.504374472406364571e-01 3.570350562748220158e-01 2.604946763107898189e-01
2.204668735239409816e-01 4.433768008293254570e-01 6.383190539390410922e-01 3.603991076364594370e-01 2.482541014152912229e-01
2.230223297965938656e-01 5.216503793768283437e-01 6.287292968005336880e-01 3.637868858255818849e-01 2.376166584707797569e-01
2.256074066496861485e-01 6.154789703737288953e-01 6.219479213775999105e-01 3.671983876626112586e-01 2.288532551125875836e-01
2.282224474186898555e-01 6.356231699324099704e-01 6.181126161497261240e-01 3.706336054448011175e-01 2.221228136026600908e-01
2.308677994187169624e-01 6.190239807731007238e-01 6.174082623816913307e-01 3.740925268349243327e-01 2.175934045930972560e-01
2.335438139906479416e-01 5.367788613239203865e-01 6.196512954408863738e-01 3.775751347481596243e-01 2.151439759107028338e-01
2.362508465477947683e-01 5.411629611017929609e-01 6.241722883975209246e-01 3.810814072371546679e-01 2.142867229403052909e-01
2.389892566231050230e-01 5.988626130425738214e-01 6.303526076939107714e-01 3.846113173752436776e-01 2.145614943812134690e-01
2.417594079169130827e-01 6.610015406690386008e-01 6.374179362202349042e-01 3.881648331377974825e-01 2.154080931356988360e-01
2.445616683452446483e-01 6.404939731685324045e-01 6.445884737417156840e-01 3.917419172816823392e-01 2.162824908378746247e-01
2.473964100886814066e-01 6.671979045238728423e-01 6.509961447566938730e-01 3.953425272228054954e-01 2.166048824916352034e-01
2.502640096417919069e-01 7.814590807874547407e-01 6.560281723044161239e-01 3.989666149117240268e-01 2.159859340844374476e-01
2.531648478631355337e-01 7.963923375081655154e-01 6.595043578670188866e-01 4.026141267072923524e-01 2.143286605085885088e-01
2.560993100258459609e-01 7.742459035283036917e-01 6.613482483518369204e-01 4.062850032483258378e-01 2.115994156228817868e-01
2.590677858688008595e-01 6.649661428401200114e-01 6.614416918076084784e-01 4.099791793232547832e-01 2.077297640114444399e-01
2.620706696483852682e-01 6.618102548092018589e-01 6.601949042872985451e-01 4.136965837377460375e-01 2.029902333535470449e-01
2.651083601908538756e-01 6.326975503881350216e-01 6.583164667380777546e-01 4.174371391802644271e-01 1.978436329945439665e-01
2.681812609453015361e-01 5.774197024844294202e-01 6.562003796705638825e-01 4.212007620855522383e-01 1.925473290378746927e-01
2.712897800372467416e-01 5.144451405876815375e-01 6.543172017331390089e-01 4.249873624959976115e-01 1.874123218936918078e-01
2.744343303228365394e-01 6.303841134605608909e-01 6.531723776478772781e-01 4.287968439208680871e-01 1.827762301909282017e-01
2.776153294436801144e-01 8.069183444499620217e-01 6.531133439364169568e-01 4.326291031933821585e-01 1.788728257300318814e-01
2.808331998823172526e-01 6.800265294150471540e-01 6.544547796593582767e-01 4.364840303255913545e-01 1.759112850565222319e-01
2.840883690183304000e-01 6.790791894544105922e-01 6.572914922226006373e-01 4.403615083610469272e-01 1.739486603099852646e-01
2.873812691851066470e-01 6.244130524321614972e-01 6.617362855736457217e-01 4.442614132252220571e-01 1.730463555596301883e-01
2.907123377272578524e-01 5.935281685334661272e-01 6.678370213929988308e-01 4.481836135736627647e-01 1.732145165257928665e-01
2.940820170587063465e-01 5.603899548082577065e-01 6.756094631349394142e-01 4.521279706378377172e-01 1.744343487781938318e-01
2.974907547214440395e-01 6.008510616430789986e-01 6.847249191705634397e-01 4.560943380686596216e-01 1.764614524538119789e-01
3.009390034449720974e-01 7.244771252767514547e-01 6.948879647451903230e-01 4.600825617776470589e-01 1.790790171082283500e-01
3.044272212064302874e-01 8.210347731722459352e-01 7.055330407488434874e-01 4.640924797756985631e-01 1.819128258660488162e-01
3.079558712914226559e-01 7.151032826883331195e-01 7.160425812043919036e-01 4.681239220094465248e-01 1.845780144916444043e-01
3.115254223555488089e-01 6.269636537523131103e-01 7.257603669180221484e-01 4.721767101951629408e-01 1.866886861222341876e-01
3.151363484866479547e-01 7.874470664406019171e-01 7.339770474177166326e-01 4.762506576501829292e-01 1.878468906798835547e-01
3.187891292677645927e-01 9.806130826471288753e-01 7.403185241523368987e-01 4.803455691218159185e-01 1.878648274077641400e-01
3.224842498408442282e-01 8.905556947609166718e-01 7.444388371236534407e-01 4.844612406137116523e-01 1.865699850581727104e-01
3.262222009711669979e-01 8.034530577343134139e-01 7.463620019082531920e-01 4.885974592096475333e-01 1.839983166646730894e-01
3.300034791125285305e-01 7.207345713370290063e-01 7.461771705168254165e-01 4.927540028947058337e-01 1.802117965925738030e-01
3.338285864731760921e-01 7.101878153715416309e-01 7.443001777630188220e-01 4.969306403738040778e-01 1.754523468695141641e-01
3.376980310825091203e-01 6.798088975896811048e-01 7.415012011324028096e-01 5.011271308875464570e-01 1.701639428987697655e-01
3.416123268585528616e-01 6.951285436362527603e-01 7.381664398690199747e-01 5.053432240253598051e-01 1.645678496969930904e-01
3.455719936762139399e-01 7.097302534122982287e-01 7.346467050334631876e-01 5.095786595358793303e-01 1.588673030379270656e-01
3.495775574363275129e-01 7.778578078544168273e-01 7.312201352692483391e-01 5.138331671345467422e-01 1.532260079850683854e-01
3.536295501355042892e-01 7.080158118214420204e-01 7.282039796542594257e-01 5.181064663083856381e-01 1.478340354345735186e-01
3.577285099367873422e-01 8.137701309822444884e-01 7.256328382426892043e-01 5.223982661179141784e-01 1.427152015201992030e-01
3.618749812411280464e-01 7.101184446522058602e-01 7.234963816737703945e-01 5.267082649961596363e-01 1.378662302119416649e-01
3.660695147596902399e-01 6.743296769694898662e-01 7.216839148603005905e-01 5.310361505447336317e-01 1.332229388042953655e-01
3.703126675869927165e-01 6.613157133661311526e-01 7.202609521114029523e-01 5.353815993269305240e-01 1.288264300535856832e-01
3.746050032748993175e-01 6.739634515283953187e-01 7.191359718198950812e-01 5.397442766578071094e-01 1.246229672349065121e-01
3.789470919074667821e-01 8.026129706866975688e-01 7.179981438008731232e-01 5.441238363912044296e-01 1.204255700595930761e-01
3.833395101766601254e-01 7.448523850041508521e-01 7.168449934173769522e-01 5.485199207036689506e-01 1.162328518377552383e-01
3.877828414589457595e-01 7.428319922849206947e-01 7.156555417634022920e-01 5.529321598752316991e-01 1.120321883448182482e-01
3.922776758927719598e-01 7.085480558187026157e-01 7.143485161669650418e-01 5.573601720670010584e-01 1.077742153569334616e-01
3.968246104569481680e-01 6.585930398524620921e-01 7.129638859841692655e-01 5.618035630955284798e-01 1.034830426585338775e-01
4.014242490499321803e-01 7.387970939008497995e-01 7.113981337550709938e-01 5.662619262038983692e-01 9.909535962852571156e-02
4.060772025700365440e-01 7.873578352983435780e-01 7.096818145049984539e-01 5.707348418295010717e-01 9.462929076732207179e-02
4.107840889965646558e-01 6.749285827425312023e-01 7.078898134484281623e-01 5.752218773684404374e-01 9.013026768886871209e-02
4.155455334718875515e-01 6.091894995313761330e-01 7.060060540454163869e-01 5.797225869365296713e-01 8.558820364869093589e-02
4.203621683844713797e-01 7.169509106091709327e-01 7.042382895090494310e-01 5.842365111268283950e-01 8.113093983855070024e-02
4.252346334528682159e-01 7.732407262566484141e-01 7.027028110849107279e-01 5.887631767636727353e-01 7.683105095171294252e-02
4.301635758106794882e-01 7.920206066840664860e-01 7.015353981934709937e-01 5.933020966531474816e-01 7.277370654183677734e-02
4.351496500925050026e-01 6.469669202862268209e-01 7.008746443399971326e-01 5.978527693299531265e-01 6.904610343075838486e-02
4.401935185208874501e-01 6.349946192708045833e-01 7.009167215154922248e-01 6.024146788006128350e-01 6.577087530902184231e-02
4.452958509942655518e-01 6.981209483909438518e-01 7.016278745259940663e-01 6.069872942829726004e-01 6.292723417599017932e-02
4.504573251759458330e-01 6.694918766887723027e-01 7.031166388435853287e-01 6.115700699419361897e-01 6.058115236453958524e-02
4.556786265841064054e-01 7.115581926074838748e-01 7.052878296412544712e-01 6.161624446213872508e-01 5.867116543465658585e-02
4.609604486828433600e-01 6.557839282744514220e-01 7.082150349095164277e-01 6.207638415722378511e-01 5.723873020877204981e-02
4.663034929742731483e-01 6.553832053034407412e-01 7.116444794968564969e-01 6.253736681765535987e-01 5.612349371340454723e-02
4.717084690917017209e-01 7.803519783211247951e-01 7.152897784174520046e-01 6.299913156676950621e-01 5.514745615204603990e-02
4.771760948938745805e-01 7.757683060398160579e-01 7.189901385141074242e-01 6.346161588464203085e-01 5.421180766884915736e-02
4.827070965603182939e-01 7.450325797815143813e-01 7.223465792912054928e-01 6.392475557928887220e-01 5.307654435798425663e-02
4.883022086877880086e-01 7.771472521603275396e-01 7.252728640316116193e-01 6.438848475745078126e-01 5.169322366803157098e-02
4.939621743878320759e-01 6.593186004298576819e-01 7.277092366170240245e-01 6.485273579495627327e-01 5.002958593843191692e-02
4.996877453854883799e-01 7.550350164651353779e-01 7.295375511061943374e-01 6.531743930665667719e-01 4.801850062407966163e-02
5.054796821191240852e-01 7.088970037127229062e-01 7.306509039153108453e-01 6.578252411592693250e-01 4.559939229673488914e-02
5.113387538414325695e-01 8.127216766859793884e-01 7.311253498057874722e-01 6.624791722372611602e-01 4.281961317216452512e-02
5.172657387216018643e-01 6.995118712723734644e-01 7.311066258825709152e-01 6.671354377721090412e-01 3.976670916464141586e-02
5.232614239486661489e-01 7.909807291661042905e-01 7.307904356725787309e-01 6.717932703789555315e-01 3.655720579827099331e-02
5.293266058360561743e-01 6.776834658505963560e-01 7.301284919780344218e-01 6.764518834935192571e-01 3.316238599344896454e-02
5.354620899273607737e-01 7.069341708783225542e-01 7.291955776897737218e-01 6.811104710444235710e-01 2.962646919488271663e-02
5.416686911033151697e-01 6.988935359932747504e-01 7.281480355486816824e-01 6.857682071207895635e-01 2.604233524640891737e-02
5.479472336900287344e-01 7.821556813354736404e-01 7.270340815625663256e-01 6.904242456350202506e-01 2.243873589065913457e-02
5.542985515684668574e-01 7.845723674351723353e-01 7.259755750821902387e-01 6.950777199807062212e-01 1.888864156671292080e-02
5.607234882852032420e-01 6.880020024144958279e-01 7.250902465030301114e-01 6.997277426855796900e-01 1.546297020035466985e-02
5.672228971644543982e-01 7.441923991894758839e-01 7.244138582497593459e-01 7.043734050594447904e-01 1.218379990129058767e-02
5.737976414214134291e-01 6.686927516388482262e-01 7.242118335796038364e-01 7.090137768370081695e-01 9.210942850566937803e-03
5.804485942768977669e-01 7.107967464024134152e-01 7.245434510523584004e-01 7.136479058155351662e-01 6.580439634662278020e-03
5.871766390733255125e-01 7.286583073256708287e-01 7.255582146134993415e-01 7.182748174872534141e-01 4.381623002334211238e-03
5.939826693920355893e-01 7.338434098592607757e-01 7.274529468734413085e-01 7.228935146664270395e-01 2.730578966795825253e-03
6.008675891719686968e-01 7.277039752169238707e-01 7.301424031488653599e-01 7.275029771110211874e-01 1.572796006451221505e-03
6.078323128297229427e-01 6.738048638678389990e-01 7.337282831062573729e-01 7.321021611388748296e-01 9.635713186515215993e-04
6.148777653810023613e-01 6.996986915443916821e-01 7.380316100444392902e-01 7.366899992383040274e-01 7.901889102843104307e-04
6.220048825634711953e-01 7.576243281534177365e-01 7.430996185625419193e-01 7.412653996730464989e-01 1.073309513458874749e-03
6.292146109610343707e-01 7.467016938466176645e-01 7.487126030297676094e-01 7.458272460814682203e-01 1.676898957984996252e-03
6.365079081295571539e-01 7.641927803803026942e-01 7.547131699182989539e-01 7.503743970699432442e-01 2.503921190054954077e-03
6.438857427240419762e-01 7.753281181162261504e-01 7.609121159025367120e-01 7.549056858003196924e-01 3.441802965002622398e-03
6.513490946272803006e-01 7.913202618364175711e-01 7.671472783438961773e-01 7.594199195713841055e-01 4.396764115980564616e-03
6.588989550799949635e-01 7.553049987948308175e-01 7.732744995327843762e-01 7.639158793942352199e-01 5.288150846325082206e-03
6.665363268124913088e-01 8.081736504938145105e-01 7.792573188973602738e-01 7.683923195614722479e-01 6.097874688510270154e-03
6.742622241778342129e-01 7.902560225077625011e-01 7.851325893486253982e-01 7.728479672101096210e-01 6.848935508727799909e-03
6.820776732865685421e-01 8.200813794983690119e-01 7.906492338827725286e-01 7.772815218781203850e-01 7.405510998889767472e-03
6.899837121430018039e-01 7.285019561222366713e-01 7.958763516556665030e-01 7.816916550545150999e-01 7.810124771910871913e-03
6.979813907830659803e-01 7.686742637315333582e-01 8.006130920082826785e-01 7.860770097228573228e-01 7.957592902810251348e-03
7.060717714137773049e-01 8.277469658041075595e-01 8.047727747488380157e-01 7.904361998981193072e-01 7.806454312776532969e-03
7.142559285543126357e-01 8.555656666613395966e-01 8.083264393484871357e-01 7.947678101567766662e-01 7.346515348201064846e-03
7.225349491787214085e-01 8.623558305614242858e-01 8.111084412858844406e-01 7.990703951600406363e-01 6.493880425746149758e-03
7.309099328602910450e-01 8.081806721730564469e-01 8.130765288001634561e-01 8.033424791701263556e-01 5.230692194190731531e-03
7.393819919175865785e-01 8.203628157396231080e-01 8.142572997888835040e-01 8.075825555594507987e-01 3.574731430953325805e-03
7.479522515621821466e-01 9.078352093628471176e-01 8.146302304834031061e-01 8.117890863126565604e-01 1.517314112056107958e-03
7.566218500481054487e-01 7.829492373405204653e-01 8.144610243932595139e-01 8.159605015213527990e-01 7.988300150908409511e-04
7.653919388230148169e-01 8.210812047941271619e-01 8.139241469741375079e-01 8.200951988714638707e-01 3.280336349918765420e-03
7.742636826811269968e-01 7.770689728666546614e-01 8.131973693414842330e-01 8.241915431230767419e-01 5.832188951807872404e-03
7.832382599179196214e-01 7.825214419501039798e-01 8.125792059688816682e-01 8.282478655826741587e-01 8.294620898996071107e-03
7.923168624866253618e-01 7.795603543390344781e-01 8.121725566361922555e-01 8.322624635676381111e-01 1.061199710243980986e-02
8.015006961565405152e-01 8.592459377375994967e-01 8.119945803785781901e-01 8.362335998629114586e-01 1.277448294383108814e-02
8.107909806731686819e-01 7.924233064604556676e-01 8.121669950635392876e-01 8.401595021696982579e-01 1.471640700193821080e-02
8.201889499202202893e-01 8.164312547445583546e-01 8.126746742665326151e-01 8.440383625460839978e-01 1.644546041794427496e-02
8.296958520834906148e-01 7.993956159503767811e-01 8.135074510275603910e-01 8.478683368394570596e-01 1.796688203292530484e-02
8.393129498166364000e-01 7.838527822122439703e-01 8.145196611624373473e-01 8.516475441106072797e-01 1.935832646035096430e-02
8.490415204088747059e-01 8.747566971687125159e-01 8.156709643747321881e-01 8.553740660493793779e-01 2.064107591225397206e-02
8.588828559546249908e-01 8.275077652746160028e-01 8.169392601784781771e-01 8.590459463817537999e-01 2.182662511719174123e-02
8.688382635251183927e-01 7.887673845790180716e-01 8.182068310354344565e-01 8.626611902682305155e-01 2.297715926092380387e-02
8.789090653419954213e-01 8.620426224661211778e-01 8.195801144228784807e-01 8.662177636933831026e-01 2.403567313072447684e-02
8.890965989529158175e-01 7.742696250581320161e-01 8.210706600742170291e-01 8.697135928464546639e-01 2.499572432165711108e-02
8.994022174092044519e-01 8.060790617442055161e-01 8.225127868440289536e-01 8.731465634928623487e-01 2.594449081087868425e-02
9.098272894455557980e-01 8.294853670436715953e-01 8.240578387569051921e-01 8.765145203364755888e-01 2.680142009541663928e-02
9.203731996618220723e-01 7.957195366851606000e-01 8.256370890540871699e-01 8.798152663725307132e-01 2.760229950940155247e-02
9.310413487069075789e-01 9.106613125121528762e-01 8.274213275428322634e-01 8.830465622310460505e-01 2.825689308698579871e-02
9.418331534647951253e-01 8.578709806923991987e-01 8.293371782312033424e-01 8.862061255105947444e-01 2.880361283531239491e-02
9.527500472427290479e-01 7.906101035502401952e-01 8.314833147031813754e-01 8.892916301022946168e-01 2.919066611465643765e-02
9.637934799615786030e-01 7.961353488556281999e-01 8.339212737285455201e-01 8.923007055038705282e-01 2.938618332723159920e-02
9.749649183484085935e-01 8.387460463572234959e-01 8.367819100326308046e-01 8.952309361236430174e-01 2.932279868299559125e-02
9.862658461312820979e-01 8.264032228949289571e-01 8.400436433259117486e-01 8.980798605742965623e-01 2.901310762431745863e-02
9.976977642363201726e-01 8.348884220922559996e-01 8.437693910973179667e-01 9.008449709562742491e-01 2.842629170466177621e-02
1.009262190987048502e+00 8.575475334874852473e-01 8.479966362843717187e-01 9.035242322031336037e-01 2.754567511796807144e-02
1.020960662306047650e+00 8.679890265663662285e-01 8.524744147653632309e-01 9.061193723415390533e-01 2.650406206437528125e-02
1.032794731918952547e+00 7.648142573454240756e-01 8.572085075347668504e-01 9.086336831422061611e-01 2.530235948487497347e-02
1.044765971560805307e+00 8.495425572540369341e-01 8.619352301247744652e-01 9.110702969905828397e-01 2.407725574236901228e-02
1.056875971184805030e+00 1.000644142192111063e+00 8.663982434119136267e-01 9.134321895171737538e-01 2.295874905419802159e-02
1.069126339173477103e+00 8.760381353225361600e-01 8.704622906505457003e-01 9.157221895529081834e-01 2.201377626703935123e-02
1.081518702552289213e+00 8.396727238179466646e-01 8.740438857203288725e-01 9.179429883149607949e-01 2.128246974211384437e-02
1.094054707205743604e+00 8.573142418814079235e-01 8.768089594823986754e-01 9.200971478928405833e-01 2.092870557586593711e-02
1.106736018095974439e+00 9.761506125485481800e-01 8.789047314405160627e-01 9.221871090973181584e-01 2.087724465637741736e-02
1.119564319483879355e+00 9.047972115085020084e-01 8.802826168287828379e-01 9.242151987283597769e-01 2.115098040443224442e-02
1.132541315152812755e+00 8.852560118807201173e-01 8.812506451724881895e-01 9.261836363125772742e-01 2.159765571845078183e-02
1.145668728634872569e+00 8.985074700170504469e-01 8.819448994125196339e-01 9.280945403556652984e-01 2.215076498227804697e-02
1.158948303439811811e+00 8.552165752152851574e-01 8.825180151400001671e-01 9.299499341508543626e-01 2.273598845732677926e-02
1.172381803286599800e+00 8.235887231637677441e-01 8.832410625963138529e-01 9.317517511804154218e-01 2.322096610258207044e-02
1.185971012337670549e+00 8.363961518640703474e-01 8.842857772705214892e-01 9.335018401437336077e-01 2.352253843956150434e-02
1.199717735435885446e+00 9.490510286538181850e-01 8.858618212765910771e-01 9.352019696422917416e-01 2.353942789088033991e-02
1.213623798344241722e+00 8.699870074627188421e-01 8.880149172473081887e-01 9.368538325490942675e-01 2.325157647149413490e-02
1.227691047988360484e+00 9.044700161776251246e-01 8.907152284510908569e-01 9.384590500875233943e-01 2.267644935486912150e-02
1.241921352701784720e+00 8.584312849537311108e-01 8.939216689944696759e-01 9.400191756423557088e-01 2.183724808613343379e-02
1.256316602474121469e+00 8.665854947203416314e-01 8.972988815442225485e-01 9.415356983236344846e-01 2.089966452259115967e-02
1.270878709202059476e+00 8.451223361259020406e-01 9.008223677779106930e-01 9.430100463022479396e-01 1.987715814679214335e-02
1.285609606943296512e+00 1.073090741348884603e+00 9.044963544113771015e-01 9.444435899344365559e-01 1.876920256813239749e-02
1.300511252173409904e+00 8.549322569239393710e-01 9.080029322793861102e-01 9.458376446909431134e-01 1.772934408385601693e-02
1.315585624045705115e+00 9.155666643749085232e-01 9.112437309859212631e-01 9.471934739051917074e-01 1.680414357780970341e-02
1.330834724654076151e+00 9.184646348961977846e-01 9.140852978870102064e-01 9.485122913536634393e-01 1.605623926968618304e-02
1.346260579298911075e+00 9.852451510130159074e-01 9.167661300189245965e-01 9.497952636805349069e-01 1.537143968299689925e-02
1.361865236756082842e+00 9.372325172839176544e-01 9.193500965401250058e-01 9.510435126776601855e-01 1.471946146469951464e-02
1.377650769549054965e+00 8.720100301280165889e-01 9.217548763406134826e-01 9.522581174300572826e-01 1.413923962580422231e-02
1.393619274224143556e+00 9.026395913381081160e-01 9.241866490712771220e-01 9.534401163362604681e-01 1.353373072260402599e-02
1.409772871628967694e+00 8.485775214046854531e-01 9.266083525657272668e-01 9.545905090121378223e-01 1.292090142110373721e-02
1.426113707194129887e+00 9.462121480491131331e-01 9.290992819241344902e-01 9.557102580861016605e-01 1.226412309793802058e-02
1.442643951218158804e+00 9.953821353429130880e-01 9.316351261139732554e-01 9.568002908930195449e-01 1.157544399079188553e-02
1.459365799155757593e+00 9.811484735855430239e-01 9.342003846315674043e-01 9.578615010735695989e-01 1.086267643280938375e-02
1.476281471909391074e+00 9.429048865389139111e-01 9.367672201529114728e-01 9.588947500852718075e-01 1.013925561618136788e-02
1.493393216124253353e+00 8.375332541007903808e-01 9.392477160056487140e-01 9.599008686309455918e-01 9.446237024521733291e-03
1.510703304486655574e+00 9.556498390087989625e-01 9.415820581737166517e-01 9.608806580099278349e-01 8.811276924501379795e-03
1.528214036025870914e+00 1.042908332013749551e+00 9.436990677078134215e-01 9.618348913969811953e-01 8.267001429721854838e-03
1.545927736419478560e+00 9.492624823776257825e-01 9.454816090913565896e-01 9.627643150534590522e-01 7.866899094617633287e-03
1.563846758302247730e+00 9.304679272067446494e-01 9.470818112426003799e-01 9.636696494749754649e-01 7.540685164539247774e-03
1.581973481578601515e+00 8.551394254697093356e-01 9.483423498515458627e-01 9.645515904795007867e-01 7.360316332773577351e-03
1.600310313738701806e+00 9.517887810758681733e-01 9.492536969646263589e-01 9.654108102395551061e-01 7.329860326800617491e-03
1.618859690178199306e+00 1.085931528059642437e+00 9.496307025864363371e-01 9.662479582618752616e-01 7.533841854593411984e-03
1.637624074521689010e+00 9.464893020710288818e-01 9.496887952693129353e-01 9.670636623177326641e-01 7.873750772388374286e-03
1.656605958949915136e+00 9.793781815349670294e-01 9.494304663101962305e-01 9.678585293268349155e-01 8.348717966994512532e-03
1.675807864530768798e+00 8.902106252149444288e-01 9.487541325709070161e-01 9.686331461975468127e-01 9.005645727842820358e-03
1.695232341554121502e+00 9.412780214316864846e-01 9.478383963566044956e-01 9.693880806259975724e-01 9.763377709111687938e-03
1.714881969870540868e+00 9.991940059397043106e-01 9.467618316939141465e-01 9.701238818564419386e-01 1.058645467613145326e-02
1.734759359233932541e+00 8.971337289041745322e-01 9.456517178922706490e-01 9.708410814051036120e-01 1.141692949448154352e-02
1.754867149648152047e+00 9.811105530327195456e-01 9.446782053302786863e-01 9.715401937495860007e-01 1.217687671178721044e-02
1.775208011717636092e+00 9.264209087486502403e-01 9.439242496891687706e-01 9.722217169857734209e-01 1.282817450740939523e-02
1.795784647002096834e+00 9.441252545885110425e-01 9.435202426346293025e-01 9.728861334540543915e-01 1.331079132111070290e-02
1.816599788375328650e+00 9.064924581582067820e-01 9.434747736604319757e-01 9.735339103365554525e-01 1.362079093231574611e-02
1.837656200388172456e+00 9.538979155964145695e-01 9.437860200397649724e-01 9.741655002269788977e-01 1.375920509411479933e-02
1.858956679635688225e+00 9.005637110956939972e-01 9.447615801601766394e-01 9.747813416745321202e-01 1.358498387649492017e-02
1.880504055128583429e+00 9.863442369682684507e-01 9.461884943216720689e-01 9.753818597033441229e-01 1.319701154568303156e-02
1.902301188668945819e+00 9.957350194717444758e-01 9.479067487701827721e-01 9.759674663086861379e-01 1.266972547750582455e-02
1.924350975230332272e+00 8.460039634656644214e-01 9.499872645539468863e-01 9.765385609312107196e-01 1.197161389159889788e-02
1.946656343342263229e+00 9.556436856912391420e-01 9.522587618186969527e-01 9.770955309103805941e-01 1.118204955667793585e-02
1.969220255479173565e+00 1.013593939080618567e+00 9.547466198731631160e-01 9.776387519181539698e-01 1.029027842743175485e-02
1.992045708453871189e+00 9.285416880645165350e-01 9.571532973505617603e-01 9.781685883739623666e-01 9.432212538668020493e-03
2.015135733815558439e+00 9.334444266594021933e-01 9.595539778721127178e-01 9.786853938419211030e-01 8.573696678860459608e-03
2.038493398252464228e+00 1.018948900316447359e+00 9.615394045919347654e-01 9.791895114111905940e-01 7.899666234451666047e-03
2.062121803999144465e+00 9.948756988472771123e-01 9.632457024378863197e-01 9.796812740603264569e-01 7.347726819415074592e-03
2.086024089248504687e+00 9.880010321538083007e-01 9.645574779013232902e-01 9.801610050064217816e-01 6.969308106098078687e-03
2.110203428568596440e+00 9.363425020658596720e-01 9.654458797990459473e-01 9.806290180397954082e-01 6.776806956056046632e-03
2.134663033324245340e+00 9.196352048981668581e-01 9.659076441200288299e-01 9.810856178449325338e-01 6.771306195893184859e-03
2.159406152103567678e+00 1.000434925659776431e+00 9.659382357359654891e-01 9.815311003083542207e-01 6.954707456909837299e-03
2.184436071149428393e+00 9.094851466639710669e-01 9.655809904088590301e-01 9.819657528140406377e-01 7.307634402249746884e-03
2.209756114795903059e+00 1.114117648713184527e+00 9.648613016313440927e-01 9.823898545270104421e-01 7.818980515633953618e-03
2.235369645909796699e+00 1.027428690488422669e+00 9.639444208365582911e-01 9.828036766656151890e-01 8.414778457220791971e-03
2.261280066337279404e+00 8.111132371245796113e-01 9.628802409590943023e-01 9.832074827630878922e-01 9.072900375320607988e-03
2.287490817355704031e+00 9.967287006419559559e-01 9.619185810177692808e-01 9.836015289188404509e-01 9.680881220219872407e-03
2.314005380130653933e+00 9.899622289292542288e-01 9.613574865465067676e-01 9.839860640399948899e-01 1.010403495576527207e-02
2.340827276178294447e+00 9.736135126285710983e-01 9.610972736518683668e-01 9.843613300735940541e-01 1.038719913168731357e-02
2.367960067833078774e+00 9.044031241753919259e-01 9.614123675991089746e-01 9.847275622299183073e-01 1.040638927379309436e-02
2.395407358720879287e+00 1.019276540595916325e+00 9.623169865547557267e-01 9.850849891973145755e-01 1.015554939836664505e-02
2.423172794237600680e+00 8.331129838547602917e-01 9.638241669323223126e-01 9.854338333489187640e-01 9.629657421368028811e-03
2.451260062033339793e+00 9.840629285026034623e-01 9.658001507032093480e-01 9.857743109416341465e-01 8.890227517440237037e-03
2.479672892502160053e+00 9.131926602678782645e-01 9.681013369794253531e-01 9.861066323077087858e-01 8.003059868890747414e-03
2.508415059277541381e+00 1.048025549680475343e+00 9.706903512234232867e-01 9.864310020392426104e-01 6.986000315781826057e-03
2.537490379733571721e+00 1.014224229143897205e+00 9.734070927528951644e-01 9.867476191659261264e-01 5.911580783320474937e-03
2.566902715491951703e+00 1.034569659142415166e+00 9.761164441184733143e-01 9.870566773263100835e-01 4.840461644581127085e-03
2.596655972934872381e+00 9.921220406877957476e-01 9.787003637295793590e-01 9.873583649328849798e-01 3.825060156042045089e-03
2.626754103723838440e+00 9.648844091478476770e-01 9.812729938916776584e-01 9.876528653312317552e-01 2.814481455046565720e-03
2.657201105324506596e+00 9.374801156956251713e-01 9.836293886992139024e-01 9.879403569534979113e-01 1.899230511512985196e-03
2.688001021537607560e+00 9.206902185693726093e-01 9.860000866717996137e-01 9.882210134664375367e-01 9.771313440449539908e-04
2.719157943036019098e+00 9.529727761810948827e-01 9.883761682739683474e-01 9.884950039142452738e-01 5.221348119589479248e-05
2.750676007908067433e+00 1.049925359724787732e+00 9.903507279119830864e-01 9.887624928563967242e-01 6.970413429994296636e-04
2.782559402207125832e+00 9.982645689445436288e-01 9.921360217053695196e-01 9.890236405007033493e-01 1.364545342354171482e-03
2.814812360507581435e+00 1.085636073622861852e+00 9.935503383859310977e-01 9.892786028317797076e-01 1.871259805541676232e-03
2.847439166467247595e+00 9.719754387843639876e-01 9.945328000280155845e-01 9.895275317351057698e-01 2.191228741083184328e-03
2.880444153396297668e+00 1.032732602030747238e+00 9.949209584756183444e-01 9.897705751168683896e-01 2.254041049317283794e-03
2.913831704832788638e+00 1.028650630667164778e+00 9.950687867730122482e-01 9.900078770197417999e-01 2.214453458062743893e-03
2.947606255124858521e+00 9.100269209372654489e-01 9.948101576873922269e-01 9.902395777347805517e-01 1.999930908432249587e-03
2.981772290019673477e+00 1.007549090715593287e+00 9.943150452566451580e-01 9.904658139095718905e-01 1.684520506872305094e-03
3.016334347259197468e+00 1.007473726893784560e+00 9.935979232564590147e-01 9.906867186527923419e-01 1.274334312224782717e-03
3.051297017182871052e+00 9.958359470096002086e-01 9.928846015418748561e-01 9.909024216353150560e-01 8.678855864931432108e-04
3.086664943337274369e+00 9.700603445116218193e-01 9.922274852964876324e-01 9.911130491880015825e-01 4.880589035227041726e-04
3.122442823092857811e+00 9.903216671392552906e-01 9.916164031288956515e-01 9.913187243962988671e-01 1.303928001711317274e-04
3.158635408267818967e+00 9.626830798250225474e-01 9.910559653625869991e-01 9.915195671917707010e-01 2.031092551869628521e-04
3.195247505759213791e+00 1.019178105540822887e+00 9.904416393346328062e-01 9.917156944406773089e-01 5.582959222932389531e-04
3.232283978181380579e+00 1.033306196539719668e+00 9.898592934688262845e-01 9.919072200297147646e-01 8.975865877963538214e-04
3.269749744511767808e+00 9.444919353383608440e-01 9.891930868289321443e-01 9.920942549490223694e-01 1.271862167156175743e-03
3.307649780744242651e+00 1.055495523689723436e+00 9.884651273757021350e-01 9.922769073725552502e-01 1.671532217119849105e-03
3.345989120549974771e+00 9.970166272184222134e-01 9.876593413862220228e-01 9.924552827359292007e-01 2.103772085971454629e-03
3.384772855945982872e+00 9.421400704118498837e-01 9.868691842381879242e-01 9.926294838118172592e-01 2.527582787200134511e-03
3.424006137971425723e+00 8.852383735092331785e-01 9.861233472921980825e-01 9.927996107829994976e-01 2.930357023107006079e-03
3.463694177371734462e+00 1.026204705558322106e+00 9.853264569066869649e-01 9.929657613131468441e-01 3.354129597001223595e-03
3.503842245290675894e+00 1.091416627454349086e+00 9.846556903717071929e-01 9.931280306154213200e-01 3.720844786770065391e-03
3.544455673970435594e+00 9.784711635880369851e-01 9.841021713304232144e-01 9.932865115189628558e-01 4.034347907074089211e-03
3.585539857459817181e+00 9.539981711244482909e-01 9.837008852183564134e-01 9.934412945333612743e-01 4.279146218081476653e-03
3.627100252330648367e+00 9.664877463564729432e-01 9.835604136877089676e-01 9.935924679111514113e-01 4.407249659080909876e-03
3.669142378402494131e+00 1.021191472653471655e+00 9.839299068167993711e-01 9.937401177084310699e-01 4.308661555928191590e-03
3.711671819475766743e+00 9.673430003681087186e-01 9.848964905573528439e-01 9.938843278436526596e-01 3.945252495734603328e-03
3.754694224073336972e+00 9.722300375840517983e-01 9.863842977348058483e-01 9.940251801546498012e-01 3.351235766981709632e-03
3.798215306190736218e+00 8.899742576475648814e-01 9.885513080908218120e-01 9.941627544539730632e-01 2.458273478641811484e-03
3.842240846055060999e+00 9.975140457874749345e-01 9.911101477164133700e-01 9.942971285825794592e-01 1.394262436139624695e-03
3.886776690892667752e+00 9.801068134678510013e-01 9.938743791571822417e-01 9.944283784619378785e-01 2.420142972068703652e-04
3.931828755705770284e+00 1.035095705722185455e+00 9.967758329323361810e-01 9.945565781446044085e-01 9.680056447738310870e-04
3.977403024058036696e+00 9.383890234753825554e-01 9.992847311336312544e-01 9.946817998633208369e-01 2.005079996127255224e-03
4.023505548869293236e+00 1.107005886383949811e+00 1.001278263119337320e+00 9.948041140786778591e-01 2.817215456680077952e-03
4.070142453219438572e+00 1.065847150053524484e+00 1.002592838227188476e+00 9.949235895254067152e-01 3.334869952838303772e-03
4.117319931161679492e+00 1.024246960616256530e+00 1.003161960678603526e+00 9.950402932573252368e-01 3.530388138952640815e-03
4.165044248545185290e+00 1.098450904951586926e+00 1.002916416520374998e+00 9.951542906909964792e-01 3.374320400040367682e-03
4.213321743847289191e+00 9.584214912382501561e-01 1.002146442954414463e+00 9.952656456481401293e-01 2.992175865027973860e-03
4.262158829015325168e+00 9.724770228742619649e-01 1.001121990698713438e+00 9.953744203968322157e-01 2.500525368668820268e-03
4.311561990318228510e+00 8.824358128618127184e-01 9.998463454821634455e-01 9.954806756915379751e-01 1.900429659101010669e-03
4.361537789208005833e+00 9.962100722291938881e-01 9.986138402316107054e-01 9.955844708120129560e-01 1.319467003155378034e-03
4.412092863191189984e+00 1.049573314526857537e+00 9.973306968070669853e-01 9.956858636011096664e-01 7.168451696516207937e-04
4.463233926710397093e+00 9.542268746184700001e-01 9.961802149131872008e-01 9.957849105015210700e-01 1.723710166628517830e-04
4.514967772036102112e+00 1.094771215240072149e+00 9.950772322770083944e-01 9.958816665915064537e-01 3.509478804910448743e-04
4.567301270168746541e+00 1.000770597274350138e+00 9.939516502705579848e-01 9.959761856196112095e-01 8.836951953919185620e-04
4.620241371751313331e+00 9.278179055413420251e-01 9.925849599467343465e-01 9.960685200384356008e-01 1.521524476613882269e-03
4.673795107992464004e+00 1.071871317170445037e+00 9.910540598383530408e-01 9.961587210374636125e-01 2.231196465966197445e-03
4.727969591600390764e+00 9.841375034157825441e-01 9.893360900051768603e-01 9.962468385749945199e-01 3.023104243549185575e-03
4.782772017727485725e+00 9.519795523820929750e-01 9.873576853296412992e-01 9.963329214091949382e-01 3.929969813285903203e-03
4.838209664925956943e+00 9.691962509180289675e-01 9.851514779565597735e-01 9.964170171283019961e-01 4.938122726575765349e-03
4.894289896114531579e+00 9.835340251416649915e-01 9.826888286429975583e-01 9.964991721800091629e-01 6.060923302022307516e-03
4.951020159556350997e+00 9.744013029782854218e-01 9.803511242273610371e-01 9.965794319000516044e-01 7.130268450111838796e-03
5.008407989848212338e+00 1.039120826147872378e+00 9.781577148476061634e-01 9.966578405400190466e-01 8.137203020288759359e-03
5.066461008921268494e+00 1.047382192945245150e+00 9.764999841488464227e-01 9.967344412944183496e-01 8.907224615358064895e-03
5.125186927053333008e+00 9.028520075411914370e-01 9.753042196752563786e-01 9.968092763270117729e-01 9.471967682486828743e-03
5.184593543892913381e+00 1.009494965428468838e+00 9.750787353417104120e-01 9.968823867964480279e-01 9.604237442326820848e-03
5.244688749495119318e+00 8.708156618102284030e-01 9.757882429487453324e-01 9.969538128812112099e-01 9.319457585244212208e-03
5.305480525369573819e+00 9.211974514965426408e-01 9.776016793747444034e-01 9.970235938039031520e-01 8.543496728715885627e-03
5.366976945540476329e+00 9.678428330928406931e-01 9.805760199413473543e-01 9.970917678548842922e-01 7.253862331114334545e-03
5.429186177618943177e+00 9.544401248809790683e-01 9.844091346355877681e-01 9.971583724152879302e-01 5.588505058953674096e-03
5.492116483887789613e+00 9.396229034285276116e-01 9.888004682711505344e-01 9.972234439794300798e-01 3.683816475335834409e-03
5.555776222398877806e+00 1.008486678336739439e+00 9.935097460462370966e-01 9.972870181766240183e-01 1.648034034310525602e-03
5.620173848083187984e+00 1.141211630248653464e+00 9.979228531876173092e-01 9.973491297924321763e-01 2.497553352726762633e-04
5.685317913873753071e+00 1.005003764840751712e+00 1.001709263891709334e+00 9.974098127893553656e-01 1.868053573838312749e-03
5.751217071841614015e+00 1.118452400926405632e+00 1.004585508721525411e+00 9.974691003269851031e-01 3.087458153575461765e-03
5.817880074344935259e+00 8.651026217476127655e-01 1.006222577850549804e+00 9.975270247816310221e-01 3.769387568940031283e-03
5.885315775191449994e+00 1.070312378081110127e+00 1.006582839916841277e+00 9.975836177654391346e-01 3.900213751315162024e-03
5.953533130814370189e+00 1.069562865235830884e+00 1.005713166961251570e+00 9.976389101450220398e-01 3.500756764632805690e-03
6.022541201461927507e+00 1.131208008678965538e+00 1.003649850890502071e+00 9.976929320595968598e-01 2.585328849554005722e-03
6.092349152400711176e+00 8.876074772229221033e-01 1.000853009445018982e+00 9.977457129386633206e-01 1.350428976624151647e-03
6.162966255132942273e+00 1.021351606573162707e+00 9.975967604993305482e-01 9.977972815192341915e-01 8.728619100698354943e-05
6.234401888627863819e+00 9.824509785941116791e-01 9.940393460053341679e-01 9.978476658626080908e-01 1.660670815924584348e-03
6.306665540567405692e+00 9.763763914524156151e-01 9.906199942482230014e-01 9.978968933707312861e-01 3.178581244495390715e-03
6.379766808606282424e+00 9.971844955818244260e-01 9.875898585130864493e-01 9.979449908021285065e-01 4.529981015385347275e-03
6.453715401646701544e+00 1.014469208550571100e+00 9.849320305887814264e-01 9.979919842874431790e-01 5.720791917920354554e-03
6.528521141127847649e+00 8.539962052118064140e-01 9.828446186484346425e-01 9.980378993445646607e-01 6.662169313773342282e-03
6.604193962330305645e+00 9.954756085131922783e-01 9.812570000859661690e-01 9.980827608933926509e-01 7.383786490716530600e-03
6.680743915695614987e+00 1.005016410502311830e+00 9.800810825317312069e-01 9.981265932702145793e-01 7.923620181234061755e-03
6.758181168161110364e+00 9.323334682743142920e-01 9.790150474332879327e-01 9.981694202417221717e-01 8.414893809599813951e-03
6.836516004510238886e+00 1.035599056148121200e+00 9.782318372246759930e-01 9.982112650186885094e-01 8.780673533552415047e-03
6.915758828738525210e+00 1.003757262919461102e+00 9.775519697541842357e-01 9.982521502692771609e-01 9.100399202799437301e-03
6.995920165435374649e+00 1.032397613035717976e+00 9.770683928271273189e-01 9.982920981320484444e-01 9.332668992802280183e-03
7.077010661181889262e+00 1.013486071623828311e+00 9.765984302911701054e-01 9.983311302286113076e-01 9.558591713779261353e-03
7.159041085964887863e+00 8.865022062924251545e-01 9.764479355784833059e-01 9.983692676759805540e-01 9.642112301972323440e-03
7.242022334607315592e+00 1.000268862377062362e+00 9.766687351982989984e-01 9.984065310986169894e-01 9.560127847013794034e-03
7.325965428215230446e+00 9.350221759893938556e-01 9.774806738886516744e-01 9.984429406401653662e-01 9.215071140678161854e-03
7.410881515641570161e+00 9.050895623212565910e-01 9.786541261188635987e-01 9.984785159749134387e-01 8.709493218260951422e-03
7.496781874966877091e+00 8.909235032959388345e-01 9.801026240903497611e-01 9.985132763189528138e-01 8.082291701568114495e-03
7.583677914997190683e+00 1.094122901688206362e+00 9.816622109996709922e-01 9.985472404410755676e-01 7.406542615651203962e-03
7.671581176779302069e+00 9.711105661553830481e-01 9.830806881876168468e-01 9.985804266733901979e-01 6.793884302848862342e-03
7.760503335133570602e+00 1.041218588152989177e+00 9.841001589960166607e-01 9.986128529216895533e-01 6.357849488126844986e-03
7.850456200204509294e+00 1.042474567520490281e+00 9.846623049633393965e-01 9.986445366755503095e-01 6.123617945776560836e-03
7.941451719029339884e+00 1.099805676445761993e+00 9.844648702245475391e-01 9.986754950181948587e-01 6.224170185570759503e-03
8.033501977124734239e+00 8.995282347314694782e-01 9.837019025775922687e-01 9.987057446361091717e-01 6.574036621768846594e-03
8.126619200091946382e+00 9.656377551349372146e-01 9.826311298327763399e-01 9.987353018284172990e-01 7.059882450390061147e-03
8.220815755240540312e+00 1.047560715301461887e+00 9.813383067582908126e-01 9.987641825160371578e-01 7.644207418706167913e-03
8.316104153230961415e+00 9.409649634761969583e-01 9.803123008046220610e-01 9.987924022506042832e-01 8.110777910740017693e-03
8.412497049736117560e+00 9.219479220797622832e-01 9.798126775693029034e-01 9.988199762231901868e-01 8.344165186754735550e-03
8.510007247122246099e+00 9.475610616916924078e-01 9.800089190841881903e-01 9.988469192727909007e-01 8.268906228167052438e-03
8.608647696149244410e+00 9.444690580515303635e-01 9.809989965188798955e-01 9.988732458946258941e-01 7.841817884930064181e-03
8.708431497690723333e+00 9.660357107551709177e-01 9.825450777178535988e-01 9.988989702482249378e-01 7.169081126364659079e-03
8.809371904473991322e+00 1.026842495242177522e+00 9.845650099716029002e-01 9.989241061653251208e-01 6.288096197835370445e-03
8.911482322840202031e+00 9.380079416823182692e-01 9.867283338548656912e-01 9.989486671575711352e-01 5.345572640782916135e-03
9.014776314524917566e+00 9.861560359351813077e-01 9.887058400013349901e-01 9.989726664240354825e-01 4.486505943055857371e-03
9.119267598459298796e+00 1.041955208380189513e+00 9.901176434283511796e-01 9.989961168585523854e-01 3.877000604743209306e-03
9.224970052592174952e+00 1.047391238847660944e+00 9.909894451355082401e-01 9.990190310568802801e-01 3.504732592231122636e-03
9.331897715733239451e+00 1.078800729267062941e+00 9.911399551221752313e-01 9.990414213236766816e-01 3.448511016384401672e-03
9.440064789417602853e+00 1.022162245077325560e+00 9.907136206771582909e-01 9.990632996793353815e-01 3.644871707922120278e-03
9.549485639791965852e+00 9.823754051132952414e-01 9.898890875317405413e-01 9.990846778666240269e-01 4.015761961423661673e-03
9.660174799522645017e+00 9.813225587412703899e-01 9.890700488879088370e-01 9.991055673571884732e-01 4.384328299568974498e-03
9.772146969725724830e+00 8.735269041838129578e-01 9.883538386154755440e-01 9.991259793578870507e-01 4.707798339957660998e-03
9.885417021919574054e+00 9.247180475366061358e-01 9.879962535481349173e-01 9.991459248169805019e-01 4.873623614564157915e-03
1.000000000000000000e+01 1.002691527853147413e+00 9.882430940306135003e-01 9.991654144301738150e-01 4.773604637789341174e-03
