# tau=t/t_H SFF SFF_smoothed GOE_connected DeltaK_abs_log10_ratio
1.000000000000000048e-04 8.793381473104173551e+01 8.793285120418984491e+01 1.999800019997333795e-04 5.643164586906584290e+00
1.011591112223829728e-04 8.793335620426405796e+01 8.793258114912231349e+01 2.022977581832760541e-04 5.638158751460567331e+00
1.023316578330244966e-04 8.793288698836992978e+01 8.793226886944378862e+01 2.046423742725537011e-04 5.633152713298323455e+00
1.035177955630176228e-04 8.793240683422754955e+01 8.793191547332544644e+01 2.070141614763123497e-04 5.628146477958477334e+00
1.047176819485520245e-04 8.793191548690097648e+01 8.793152322242406171e+01 2.094134346075829226e-04 5.623140056677310206e+00
1.059314763518370031e-04 8.793141268551504197e+01 8.793109521094321224e+01 2.118405121253895179e-04 5.618133464803806376e+00
1.071593399822671198e-04 8.793089816311741913e+01 8.793063498996842497e+01 2.142957161769398083e-04 5.613126719944385279e+00
1.084014359178331018e-04 8.793037164653652837e+01 8.793014619920217001e+01 2.167793726403025999e-04 5.608119840144143886e+00
1.096579291267809898e-04 8.792983285623732570e+01 8.792963225756453483e+01 2.192918111675785128e-04 5.603112842358778600e+00
1.109289864895222780e-04 8.792928150617311189e+01 8.792909614435063759e+01 2.218333652285692595e-04 5.598105741373724520e+00
1.122147768207980290e-04 8.792871730363357585e+01 8.792854028020641977e+01 2.244043721549514021e-04 5.593098549216255044e+00
1.135154708920999033e-04 8.792813994909030839e+01 8.792796649798897590e+01 2.270051731849600921e-04 5.588091275011514369e+00
1.148312414543511137e-04 8.792754913603796751e+01 8.792737608132134142e+01 2.296361135085894041e-04 5.583083925172883433e+00
1.161622632608501891e-04 8.792694455083137939e+01 8.792676984427362186e+01 2.322975423133139818e-04 5.578076503795482921e+00
1.175087130904807617e-04 8.792632587252023768e+01 8.792614822771773220e+01 2.349898128303393684e-04 5.573069013132037952e+00
1.188707697711903309e-04 8.792569277267861594e+01 8.792551139394450388e+01 2.377132823813860615e-04 5.568061454060175386e+00
1.202486142037412301e-04 8.792504491523121146e+01 8.792485930838499542e+01 2.404683124260139629e-04 5.563053826486039632e+00
1.216424293857368039e-04 8.792438195627543962e+01 8.792419202278001933e+01 2.432552686094931291e-04 5.558046130742959612e+00
1.230524004359261579e-04 8.792370354389881015e+01 8.792350918292194706e+01 2.460745208112275753e-04 5.553038365159990164e+00
1.244787146187906256e-04 8.792300931799374553e+01 8.792281042635428889e+01 2.489264431937378481e-04 5.548030528026275832e+00
1.259215613694150942e-04 8.792229891006545017e+01 8.792209538217927900e+01 2.518114142522093635e-04 5.543022617590108503e+00
1.273811323186478520e-04 8.792157194303823076e+01 8.792136367086163773e+01 2.547298168646127152e-04 5.538014632057962849e+00
1.288576213185518003e-04 8.792082803105486732e+01 8.792061490402780066e+01 2.576820383424025126e-04 5.533006569593511337e+00
1.303512244681508938e-04 8.792006677927314229e+01 8.791984868426054334e+01 2.606684704818018248e-04 5.527998428316613477e+00
1.318621401394748458e-04 8.791928778365640085e+01 8.791906460488820585e+01 2.636895096156779473e-04 5.522990206302283767e+00
1.333905690039058638e-04 8.791849063075970605e+01 8.791826224976965420e+01 2.667455566660177873e-04 5.517981901579632087e+00
1.349367140588306430e-04 8.791767489751148901e+01 8.791744119307439576e+01 2.698370171970083421e-04 5.512973512130782794e+00
1.365007806546013845e-04 8.791684015098945792e+01 8.791660099905688242e+01 2.729643014687300768e-04 5.507965035889764494e+00
1.380829765218092263e-04 8.791598594819134860e+01 8.791574122182625217e+01 2.761278244914698696e-04 5.502956470741382056e+00
1.396835117988739626e-04 8.791511183580097111e+01 8.791486140511028680e+01 2.793280060806610596e-04 5.497947814520046883e+00
1.413025990599533599e-04 8.791421734994834480e+01 8.791396108201421100e+01 2.825652709124569940e-04 5.492939065008598298e+00
1.429404533431761061e-04 8.791330201596422000e+01 8.791303977477375042e+01 2.858400485799463138e-04 5.487930219937082299e+00
1.445972921792019463e-04 8.791236534812904324e+01 8.791209699450223525e+01 2.891527736500166482e-04 5.482921276981508996e+00
1.462733356201129868e-04 8.791140684941618133e+01 8.791113224093267320e+01 2.925038857208746290e-04 5.477912233762581629e+00
1.479688062686396383e-04 8.791042601122958899e+01 8.791014500215266025e+01 2.958938294802293295e-04 5.472903087844390058e+00
1.496839293077255632e-04 8.790942231313420052e+01 8.790913475433411861e+01 2.993230547641470953e-04 5.467893836733079382e+00
1.514189325304352018e-04 8.790839522258106342e+01 8.790810096145621344e+01 3.027920166165852479e-04 5.462884477875482148e+00
1.531740463702079740e-04 8.790734419462638982e+01 8.790704307502230108e+01 3.063011753496128480e-04 5.457875008657725679e+00
1.549495039314631646e-04 8.790626867164296243e+01 8.790596053376980024e+01 3.098509966043256183e-04 5.452865426403800342e+00
1.567455410205595065e-04 8.790516808302555773e+01 8.790485276337410880e+01 3.134419514124640264e-04 5.447855728374095818e+00
1.585623961771137158e-04 8.790404184488986061e+01 8.790371917614425001e+01 3.170745162587414656e-04 5.442845911763900979e+00
1.604003107056819902e-04 8.790288935976394669e+01 8.790255917071374370e+01 3.207491731438919663e-04 5.437835973701878878e+00
1.622595287078087002e-04 8.790171001627214764e+01 8.790137213172181418e+01 3.244664096484443775e-04 5.432825911248490236e+00
1.641402971144466361e-04 8.790050318881274904e+01 8.790015742948897071e+01 3.282267189972323958e-04 5.427815721394392057e+00
1.660428657187529582e-04 8.789926823722764482e+01 8.789891441968441654e+01 3.320306001246483034e-04 5.422805401058793606e+00
1.679674872092653225e-04 8.789800450646409047e+01 8.789764244298619644e+01 3.358785577406489791e-04 5.417794947087775093e+00
1.699144172034625999e-04 8.789671132622912353e+01 8.789634082473249066e+01 3.397711023975232372e-04 5.412784356252567264e+00
1.718839142817145534e-04 8.789538801063551432e+01 8.789500887456605938e+01 3.437087505574287316e-04 5.407773625247788374e+00
1.738762400216250527e-04 8.789403385784011391e+01 8.789364588606989059e+01 3.476920246607074268e-04 5.402762750689643845e+00
1.758916590327732731e-04 8.789264814967349082e+01 8.789225113639412257e+01 3.517214531949887954e-04 5.397751729114077968e+00
1.779304389918577296e-04 8.789123015126062910e+01 8.789082388587522132e+01 3.557975707650890365e-04 5.392740556974889188e+00
1.799928506782476454e-04 8.788977911063412307e+01 8.788936337764559426e+01 3.599209181637167787e-04 5.387729230641798317e+00
1.820791680099462359e-04 8.788829425833671394e+01 8.788786883723426513e+01 3.640920424429929100e-04 5.382717746398465231e+00
1.841896680799710861e-04 8.788677480701618094e+01 8.788633947215880937e+01 3.683114969867951061e-04 5.377706100440470927e+00
1.863246311931559835e-04 8.788521995101010020e+01 8.788477447150745547e+01 3.725798415839356222e-04 5.372694288873242741e+00
1.884843409033795474e-04 8.788362886592098278e+01 8.788317300551172195e+01 3.768976425021829200e-04 5.367682307709936040e+00
1.906690840512252085e-04 8.788200070818199094e+01 8.788153422510903567e+01 3.812654725631356933e-04 5.362670152869261742e+00
1.928791508020777693e-04 8.788033461461256479e+01 8.787985726149548782e+01 3.856839112179594859e-04 5.357657820173267638e+00
1.951148346846616412e-04 8.787862970196340484e+01 8.787814122566814490e+01 3.901535446239965256e-04 5.352645305345067328e+00
1.973764326300255292e-04 8.787688506645159237e+01 8.787638520795675845e+01 3.946749657222570142e-04 5.347632604006509638e+00
1.996642450109793374e-04 8.787509978328435523e+01 8.787458827754484503e+01 3.992487743158042342e-04 5.342619711675801852e+00
2.019785756819878484e-04 8.787327290617240294e+01 8.787274948197961066e+01 4.038755771490413322e-04 5.337606623765072555e+00
2.043197320195270594e-04 8.787140346683190728e+01 8.787086784667076245e+01 4.085559879879120844e-04 5.332593335577877625e+00
2.066880249629082160e-04 8.786949047447437522e+01 8.786894237437725508e+01 4.132906277010250777e-04 5.327579842306646718e+00
2.090837690555749911e-04 8.786753291528630427e+01 8.786697204468327982e+01 4.180801243417118758e-04 5.322566139030077359e+00
2.115072824868794756e-04 8.786552975189530912e+01 8.786495581346068207e+01 4.229251132310303941e-04 5.317552220710451749e+00
2.139588871343421563e-04 8.786347992282397001e+01 8.786289261232087711e+01 4.278262370417234553e-04 5.312538082190914501e+00
2.164389086064020347e-04 8.786138234193332153e+01 8.786078134805238449e+01 4.327841458831445626e-04 5.307523718192659778e+00
2.189476762856620634e-04 8.785923589785049614e+01 8.785862090204649633e+01 4.377994973871608101e-04 5.302509123312074912e+00
2.214855233726359179e-04 8.785703945338546816e+01 8.785641012970937425e+01 4.428729567950449105e-04 5.297494292017803197e+00
2.240527869300018224e-04 8.785479184493298987e+01 8.785414785986101549e+01 4.480051970453672368e-04 5.292479218647744510e+00
2.266498079273692845e-04 8.785249188186229219e+01 8.785183289411983765e+01 4.531968988628995334e-04 5.287463897405984881e+00
2.292769312865648647e-04 8.785013834589102544e+01 8.784946400627354990e+01 4.584487508485416253e-04 5.282448322359647008e+00
2.319345059274427543e-04 8.784772999044625408e+01 8.784703994163550078e+01 4.637614495702829451e-04 5.277432487435681274e+00
2.346228848142262321e-04 8.784526554001020315e+01 8.784455941638638876e+01 4.691356996552108020e-04 5.272416386417565271e+00
2.373424250023866149e-04 8.784274368945072808e+01 8.784202111690034087e+01 4.745722138825771044e-04 5.267400012941938492e+00
2.400934876860651764e-04 8.784016310333693411e+01 8.783942369905652470e+01 4.800717132779357848e-04 5.262383360495150875e+00
2.428764382460450548e-04 8.783752241523944804e+01 8.783676578753400577e+01 4.856349272083631814e-04 5.257366422409734952e+00
2.456916462982790305e-04 8.783482022701333847e+01 8.783404597509095879e+01 4.912625934787734090e-04 5.252349191860790967e+00
2.485394857429798422e-04 8.783205510806602945e+01 8.783126282182728062e+01 4.969554584293418929e-04 5.247331661862288499e+00
2.514203348142796828e-04 8.782922559460769207e+01 8.782841485443061913e+01 5.027142770340490468e-04 5.242313825263288152e+00
2.543345761304648361e-04 8.782633018888496679e+01 8.782550056540469541e+01 5.085398130003566160e-04 5.237295674744062879e+00
2.572825967447932359e-04 8.782336735839632524e+01 8.782251841228001865e+01 5.144328388700315953e-04 5.232277202812133154e+00
2.602647881969004482e-04 8.782033553509096180e+01 8.781946681680740596e+01 5.203941361211270435e-04 5.227258401798218657e+00
2.632815465648020189e-04 8.781723311454759084e+01 8.781634416413128008e+01 5.264244952711378493e-04 5.222239263852076263e+00
2.663332725174980963e-04 8.781405845513612007e+01 8.781314880194673833e+01 5.325247159813399026e-04 5.217219780938258999e+00
2.694203713681882413e-04 8.781080987715930064e+01 8.780987903963456631e+01 5.386956071623296956e-04 5.212199944831760412e+00
2.725432531281027707e-04 8.780748566197500793e+01 8.780653314737867277e+01 5.449379870807771449e-04 5.207179747113571899e+00
2.757023325609582747e-04 8.780408405109845660e+01 8.780310935526253502e+01 5.512526834674043221e-04 5.202159179166117475e+00
2.788980292380439777e-04 8.780060324528415094e+01 8.779960585234495341e+01 5.576405336262050530e-04 5.197138232168601490e+00
2.821307675939470740e-04 8.779704140358693110e+01 8.779602078571485890e+01 5.641023845449193727e-04 5.192116897092230232e+00
2.854009769829237591e-04 8.779339664240129082e+01 8.779235225952540134e+01 5.706390930067781241e-04 5.187095164695330496e+00
2.887090917359234400e-04 8.778966703447946429e+01 8.778859833400468915e+01 5.772515257035287567e-04 5.182073025518354470e+00
2.920555512182745244e-04 8.778585060792680395e+01 8.778475702444507078e+01 5.839405593497619526e-04 5.177050469878760275e+00
2.954407998880379709e-04 8.778194534517409409e+01 8.778082630016935184e+01 5.907070807985491607e-04 5.172027487865777040e+00
2.988652873550382482e-04 8.777794918192759610e+01 8.777680408347328012e+01 5.975519871584092542e-04 5.167004069335052741e+00
3.023294684405776131e-04 8.777386000609345729e+01 8.777268824854385798e+01 6.044761859116172141e-04 5.161980203903160813e+00
3.058338032378431388e-04 8.776967565667986548e+01 8.776847662035409314e+01 6.114805950338720762e-04 5.156955880941995751e+00
3.093787571730136510e-04 8.776539392267312678e+01 8.776416697353177199e+01 6.185661431153371536e-04 5.151931089573026590e+00
3.129648010670750265e-04 8.776101254188789369e+01 8.775975703120242599e+01 6.257337694830710732e-04 5.146905818661412724e+00
3.165924111983520412e-04 8.775652919979275168e+01 8.775524446380771337e+01 6.329844243248628540e-04 5.141880056809995381e+00
3.202620693657650080e-04 8.775194152830803773e+01 8.775062688789529375e+01 6.403190688144881583e-04 5.136853792353133663e+00
3.239742629528195514e-04 8.774724710457739718e+01 8.774590186488241272e+01 6.477386752384031937e-04 5.131827013350401145e+00
3.277294849923381931e-04 8.774244344971069154e+01 8.774106689979119267e+01 6.552442271238911225e-04 5.126799707580138588e+00
3.315282342319423150e-04 8.773752802749970670e+01 8.773611943995560125e+01 6.628367193686799481e-04 5.121771862532849440e+00
3.353710152002928996e-04 8.773249824310389045e+01 8.773105687369957195e+01 6.705171583720454355e-04 5.116743465404441693e+00
3.392583382740992125e-04 8.772735144170729882e+01 8.772587652898452859e+01 6.782865621674184688e-04 5.111714503089313411e+00
3.431907197459042598e-04 8.772208490714459117e+01 8.772057567202733708e+01 6.861459605565126780e-04 5.106684962173273057e+00
3.471686818926559680e-04 8.771669586049664247e+01 8.771515150588686538e+01 6.940963952449906568e-04 5.101654828926294627e+00
3.511927530450727588e-04 8.771118145865527538e+01 8.770960116901895276e+01 7.021389199796836253e-04 5.096624089295104909e+00
3.552634676578139260e-04 8.770553879285384369e+01 8.770392173379875089e+01 7.102746006873862216e-04 5.091592728895589559e+00
3.593813663804625697e-04 8.769976488716680763e+01 8.769811020501003895e+01 7.185045156152400836e-04 5.086560733005030421e+00
3.635469961293317630e-04 8.769385669697565788e+01 8.769216351830098688e+01 7.268297554727271449e-04 5.081528086554151002e+00
3.677609101601030626e-04 8.768781110739831774e+01 8.768607853860514467e+01 7.352514235752898855e-04 5.076494774118983422e+00
3.720236681413065759e-04 8.768162493168702554e+01 8.767985205852725983e+01 7.437706359895959914e-04 5.071460779912538186e+00
3.763358362286532656e-04 8.767529490958624194e+01 8.767348079669291394e+01 7.523885216804686738e-04 5.066426087776280340e+00
3.806979871402283821e-04 8.766881770565882448e+01 8.766696139606163740e+01 7.611062226594977193e-04 5.061390681171404893e+00
3.851107002325568655e-04 8.766218990757006679e+01 8.766029042220256429e+01 7.699248941353541457e-04 5.056354543169909732e+00
3.895745615775500948e-04 8.765540802433706347e+01 8.765346436153079424e+01 7.788457046658246209e-04 5.051317656445449167e+00
3.940901640403447737e-04 8.764846848453780126e+01 8.764647961950655031e+01 7.878698363115875427e-04 5.046280003263991176e+00
3.986581073580438726e-04 8.764136763448040313e+01 8.763933251879197428e+01 7.969984847917480205e-04 5.041241565474229525e+00
4.032789982193705223e-04 8.763410173633242550e+01 8.763201929736897000e+01 8.062328596411544182e-04 5.036202324497794258e+00
4.079534503452448896e-04 8.762666696620767937e+01 8.762453610661469838e+01 8.155741843695136963e-04 5.031162261319217954e+00
4.126820845702952015e-04 8.761905941221284877e+01 8.761687900933415563e+01 8.250236966223281057e-04 5.026121356475665714e+00
4.174655289253134888e-04 8.761127507244805201e+01 8.760904397775021835e+01 8.345826483436727481e-04 5.021079590046434227e+00
4.223044187206672164e-04 8.760330985296627659e+01 8.760102689144873978e+01 8.442523059408347120e-04 5.016036941642189717e+00
4.271993966306776428e-04 8.759515956568570516e+01 8.759282353527846965e+01 8.540339504508355755e-04 5.010993390393963409e+00
4.321511127789761839e-04 8.758681992625693624e+01 8.758442959720517251e+01 8.639288777088571184e-04 5.005948914941882322e+00
4.371602248248502198e-04 8.757828655188413336e+01 8.757584066611828177e+01 8.739383985185937695e-04 5.000903493423637158e+00
4.422273980505897289e-04 8.756955495909711829e+01 8.756705222958990475e+01 8.840638388245508714e-04 4.995857103462674864e+00
4.473533054498462949e-04 8.756062056147558792e+01 8.755805967158437397e+01 8.943065398863129416e-04 4.990809722156118511e+00
4.525386278170166862e-04 8.755147866732309581e+01 8.754885827011788990e+01 9.046678584548037199e-04 4.985761326062396748e+00
4.577840538376616304e-04 8.754212447729092617e+01 8.753944319486755887e+01 9.151491669505586049e-04 4.980711891188588147e+00
4.630902801799736631e-04 8.753255308194940199e+01 8.752980950472776556e+01 9.257518536440346307e-04 4.975661392977460018e+00
4.684580115873045137e-04 8.752275945930733769e+01 8.751995214531365264e+01 9.364773228379794524e-04 4.970609806294205235e+00
4.738879609717650920e-04 8.751273847227689373e+01 8.750986594641115346e+01 9.473269950518823247e-04 4.965557105412871763e+00
4.793808495089107069e-04 8.750248486608371934e+01 8.749954561937025233e+01 9.583023072085320110e-04 4.960503264002459112e+00
4.849374067335233355e-04 8.749199326562182932e+01 8.748898575444364667e+01 9.694047128227027644e-04 4.955448255112697709e+00
4.905583706365045484e-04 8.748125817274978999e+01 8.747818081806693158e+01 9.806356821919952685e-04 4.950392051159490769e+00
4.962444877628913436e-04 8.747027396353053064e+01 8.746712515008054822e+01 9.919967025898547650e-04 4.945334623910007110e+00
5.019965133110079530e-04 8.745903488541084414e+01 8.745581296089194723e+01 1.003489278460790004e-03 4.940275944467429348e+00
5.078152112327670659e-04 8.744753505434040619e+01 8.744423832857727064e+01 1.015114931617820552e-03 4.935215983255335281e+00
5.137013543351339135e-04 8.743576845182901991e+01 8.743239519592064823e+01 1.026875201442176535e-03 4.930154710001716900e+00
5.196557243827657369e-04 8.742372892194219958e+01 8.742027736739046873e+01 1.038771645085271840e-03 4.925092093722614806e+00
5.256791122018419265e-04 8.741141016823080179e+01 8.740787850605147469e+01 1.050805837672984288e-03 4.920028102705374273e+00
5.317723177850966487e-04 8.739880575059746093e+01 8.739519213041062073e+01 1.062979372512260975e-03 4.914962704491493639e+00
5.379361503980697925e-04 8.738590908209474151e+01 8.738221161119724911e+01 1.075293861300079820e-03 4.909895865859080999e+00
5.441714286865887004e-04 8.737271342565748000e+01 8.736893016807367474e+01 1.087750934334789834e-03 4.904827552804887247e+00
5.504789807854967333e-04 8.735921189076394455e+01 8.735534086627791339e+01 1.100352240729861797e-03 4.899757730525911903e+00
5.568596444286409188e-04 8.734539743002920886e+01 8.734143661319478724e+01 1.113099448630070366e-03 4.894686363400582607e+00
5.633142670601351629e-04 8.733126283572484283e+01 8.732721015485576288e+01 1.125994245430138188e-03 4.889613414969483429e+00
5.698437059469136636e-04 8.731680073622750626e+01 8.731265407236499243e+01 1.139038337995871945e-03 4.884538847915624871e+00
5.764488282925873171e-04 8.730200359239221086e+01 8.729776077825162872e+01 1.152233452887810273e-03 4.879462624044252017e+00
5.831305113526218760e-04 8.728686369385106048e+01 8.728252251274557239e+01 1.165581336587420865e-03 4.874384704262170409e+00
5.898896425508493501e-04 8.727137315523452799e+01 8.726693133997609664e+01 1.179083755725869294e-03 4.869305048556581639e+00
5.967271195973310833e-04 8.725552391231514093e+01 8.725097914409306554e+01 1.192742497315388414e-03 4.864223615973420678e+00
6.036438506075863814e-04 8.723930771807110318e+01 8.723465762530629775e+01 1.206559368983281706e-03 4.859140364595175399e+00
6.106407542232036075e-04 8.722271613867035001e+01 8.721795829584529258e+01 1.220536199208584888e-03 4.854055251518181180e+00
6.177187597338488134e-04 8.720574054937047492e+01 8.720087247583605006e+01 1.234674837561417415e-03 4.848968232829379943e+00
6.248788072006888211e-04 8.718837213033654621e+01 8.718339128909289570e+01 1.248977154945055124e-03 4.843879263582519634e+00
6.321218475812448011e-04 8.717060186237385722e+01 8.716550565882621981e+01 1.263445043840752402e-03 4.838788297773797709e+00
6.394488428556943443e-04 8.715242052257360683e+01 8.714720630326245043e+01 1.278080418555345996e-03 4.833695288316918415e+00
6.468607661546327617e-04 8.713381867987067153e+01 8.712848373117577694e+01 1.292885215471664510e-03 4.828600187017558554e+00
6.543586018883235361e-04 8.711478669051339807e+01 8.710932823733124053e+01 1.307861393301793700e-03 4.823502944547231053e+00
6.619433458774394430e-04 8.709531469344186405e+01 8.708972989783531204e+01 1.323010933343203837e-03 4.818403510416520596e+00
6.696160054853222054e-04 8.707539260557345528e+01 8.706967856539493766e+01 1.338335839737787511e-03 4.813301832947685099e+00
6.773775997517752102e-04 8.705501011699661262e+01 8.704916386448249455e+01 1.353838139733838652e-03 4.808197859246601702e+00
6.852291595284064167e-04 8.703415668606875499e+01 8.702817518640556216e+01 1.369519883950999018e-03 4.803091535174052851e+00
6.931717276155407569e-04 8.701282153441772493e+01 8.700670168427888029e+01 1.385383146648211166e-03 4.797982805316315158e+00
7.012063589007183975e-04 8.699099364184607452e+01 8.698473226789987223e+01 1.401430025994707639e-03 4.792871612955059035e+00
7.093341204987996815e-04 8.696866174113566217e+01 8.696225559852344134e+01 1.417662644344072111e-03 4.787757900036521796e+00
7.175560918936927952e-04 8.694581431275229022e+01 8.693926008353560064e+01 1.434083148511403538e-03 4.782641607139949791e+00
7.258733650817253023e-04 8.692243957944879185e+01 8.691573387102572212e+01 1.450693710053622531e-03 4.777522673445284696e+00
7.342870447166765678e-04 8.689852550076315651e+01 8.689166484425413728e+01 1.467496525552948808e-03 4.772401036700078869e+00
7.427982482564918871e-04 8.687405976741406732e+01 8.686704061601501792e+01 1.484493816903589836e-03 4.767276633185618451e+00
7.514081061116969704e-04 8.684902979558897584e+01 8.684184852289295975e+01 1.501687831601672104e-03 4.762149397682237328e+00
7.601177617955330547e-04 8.682342272112560977e+01 8.681607561941130768e+01 1.519080843038454710e-03 4.757019263433800660e+00
7.689283720758312941e-04 8.679722539358466804e+01 8.678970867207139861e+01 1.536675150796857139e-03 4.751886162111338407e+00
7.778411071286489781e-04 8.677042437021196974e+01 8.676273415328211058e+01 1.554473080951341776e-03 4.746750023775805793e+00
7.868571506936851423e-04 8.674300590979056835e+01 8.673513823517673416e+01 1.572476986371184769e-03 4.741610776839952912e+00
7.959777002314985571e-04 8.671495596637963388e+01 8.670690678331770584e+01 1.590689247027174706e-03 4.736468348029279518e+00
8.052039670825478267e-04 8.668626018293919344e+01 8.667802535028693001e+01 1.609112270301776620e-03 4.731322662342052787e+00
8.145371766280745229e-04 8.665690388484172502e+01 8.664847916916066595e+01 1.627748491302797749e-03 4.726173643008360514e+00
8.239785684528520143e-04 8.662687207326607108e+01 8.661825314686876709e+01 1.646600373180595383e-03 4.721021211448188204e+00
8.335293965098195066e-04 8.659614941847524960e+01 8.658733185743528793e+01 1.665670407448864750e-03 4.715865287228479197e+00
8.431909292866259040e-04 8.656472025297608752e+01 8.655569953510197934e+01 1.684961114309046614e-03 4.710705788019171614e+00
8.529644499741025759e-04 8.653256856455971047e+01 8.652334006733127580e+01 1.704475042978393197e-03 4.705542629548162381e+00
8.628512566366895297e-04 8.649967798922209283e+01 8.649023698768924362e+01 1.724214772021732955e-03 4.700375725555202777e+00
8.728526623848379762e-04 8.646603180396404298e+01 8.645637346860766570e+01 1.744182909686978243e-03 4.695204987744667768e+00
8.829699955494092365e-04 8.643161291946853453e+01 8.642173231402333045e+01 1.764382094244409038e-03 4.690030325737190253e+00
8.932045998580968784e-04 8.639640387265770016e+01 8.638629595189543409e+01 1.784814994329780857e-03 4.684851647020131793e+00
9.035578346138930074e-04 8.636038681912455672e+01 8.635004642659964702e+01 1.805484309291297646e-03 4.679668856896853413e+00
9.140310748756232161e-04 8.632354352544291487e+01 8.631296539119684041e+01 1.826392769540486488e-03 4.674481858434749171e+00
9.246257116405742597e-04 8.628585536135176426e+01 8.627503409957967051e+01 1.847543136907025532e-03 4.669290552412039830e+00
9.353431520292386373e-04 8.624730329181677746e+01 8.623623339849225999e+01 1.868938204997558535e-03 4.664094837263260018e+00
9.461848194722001460e-04 8.620786786896609044e+01 8.619654371942708337e+01 1.890580799558548054e-03 4.658894609023439770e+00
9.571521538991865398e-04 8.616752922390119807e+01 8.615594507039445205e+01 1.912473778843204811e-03 4.653689761270911163e+00
9.682466119303123836e-04 8.612626705838350460e+01 8.611441702756870598e+01 1.934620033982542000e-03 4.648480185068745385e+00
9.794696670695395360e-04 8.608406063639560557e+01 8.607193872680846880e+01 1.957022489360595117e-03 4.643265768904752733e+00
9.908228099003797609e-04 8.604088877557828141e+01 8.602848885505214582e+01 1.979684102993858018e-03 4.638046398630026879e+00
1.002307548283865382e-03 8.599672983854246411e+01 8.598404564158921914e+01 2.002607866914974267e-03 4.632821957395991674e+00
1.013925407558815411e-03 8.595156172405869199e+01 8.593858684920756730e+01 2.025796807560735577e-03 4.627592325589911404e+00
1.025677930744421868e-03 8.590536185812194958e+01 8.589208976521757677e+01 2.049253986164431378e-03 4.622357380768827184e+00
1.037566678745185890e-03 8.585810718489564408e+01 8.584453119235385543e+01 2.072982499152597417e-03 4.617116997591880434e+00
1.049593230558227598e-03 8.580977415753341120e+01 8.579588743955615371e+01 2.096985478546206996e-03 4.611871047750980779e+00
1.061759183483000071e-03 8.576033872888079657e+01 8.574613431262929453e+01 2.121266092366362512e-03 4.606619399899771317e+00
1.074066153333433447e-03 8.570977634205942763e+01 8.569524710478583529e+01 2.145827545044522860e-03 4.601361919580858384e+00
1.086515774652538433e-03 8.565806192093288018e+01 8.564320058707096450e+01 2.170673077837328296e-03 4.596098469151255195e+00
1.099109700929497193e-03 8.560516986045794852e+01 8.558996899867258890e+01 2.195805969246060908e-03 4.590828907705985173e+00
1.111849604819271095e-03 8.555107401692293934e+01 8.553552603711905533e+01 2.221229535440800984e-03 4.585553090999821002e+00
1.124737178364752007e-03 8.549574769807578889e+01 8.547984484836594277e+01 2.246947130689319182e-03 4.580270871367079444e+00
1.137774133221491381e-03 8.543916365314258599e+01 8.542289801677593175e+01 2.272962147790766503e-03 4.574982097639453293e+00
1.150962200885032299e-03 8.538129406274283895e+01 8.536465755499283148e+01 2.299278018514205012e-03 4.569686615061800516e+00
1.164303132920876775e-03 8.532211052870141543e+01 8.530509489371569032e+01 2.325898214042032217e-03 4.564384265205868374e+00
1.177798701197119331e-03 8.526158406376326582e+01 8.524418087137372879e+01 2.352826245418357214e-03 4.559074885881864603e+00
1.191450698119775895e-03 8.519968508121247908e+01 8.518188572370817724e+01 2.380065664002375871e-03 4.553758311047848117e+00
1.205260936870842505e-03 8.513638338440215136e+01 8.511817907326476984e+01 2.407620061926799698e-03 4.548434370716869068e+00
1.219231251649110712e-03 8.507164815619765363e+01 8.505302991880029140e+01 2.435493072561393472e-03 4.543102890861795196e+00
1.233363497913775872e-03 8.500544794834002005e+01 8.498640662461130546e+01 2.463688370981674969e-03 4.537763693317780955e+00
1.247659552630869806e-03 8.493775067073363516e+01 8.491827690978593068e+01 2.492209674442835352e-03 4.532416595682288829e+00
1.262121314522547276e-03 8.486852358066406055e+01 8.484860783739013357e+01 2.521060742858926597e-03 4.527061411212634390e+00
1.276750704319265777e-03 8.479773327195404420e+01 8.477736580358987339e+01 2.550245379287384949e-03 4.521697948720954763e+00
1.291549665014883998e-03 8.472534566406136491e+01 8.470451652671940224e+01 2.579767430418935040e-03 4.516326012466552520e+00
1.306520162124721234e-03 8.465132599112867240e+01 8.463002503630121964e+01 2.609630787072939745e-03 4.510945402045542174e+00
1.321664183946605082e-03 8.457563879099230064e+01 8.455385566202670589e+01 2.639839384698249112e-03 4.505555912277721120e+00
1.336983741824946661e-03 8.449824789415654891e+01 8.447597202270533501e+01 2.670397203879608643e-03 4.500157333090598399e+00
1.352480870417875451e-03 8.441911641274562328e+01 8.439633701519170472e+01 2.701308270849685049e-03 4.494749449400493369e+00
1.368157627967471913e-03 8.433820672943987518e+01 8.431491280329966287e+01 2.732576658006767144e-03 4.489332040990641204e+00
1.384016096573131502e-03 8.425548048640823140e+01 8.423166080671474276e+01 2.764206484438207819e-03 4.483904882386209323e+00
1.400058382468097589e-03 8.417089857424686272e+01 8.414654168991513927e+01 2.796201916449656943e-03 4.478467742726151890e+00
1.416286616299198848e-03 8.408442112093564447e+01 8.405951535111304906e+01 2.828567168100155470e-03 4.473020385631808260e+00
1.432702953409831009e-03 8.399600748082596624e+01 8.397054091122902264e+01 2.861306501743150592e-03 4.467562569072158318e+00
1.449309574126216591e-03 8.390561622366953998e+01 8.387957670291220325e+01 2.894424228573487436e-03 4.462094045225653005e+00
1.466108684046984459e-03 8.381320512370709253e+01 8.378658025962140243e+01 2.927924709180450627e-03 4.456614560338506337e+00
1.483102514336104337e-03 8.371873114882652089e+01 8.369150830478025682e+01 2.961812354106909892e-03 4.451123854579375205e+00
1.500293322019218348e-03 8.362215044980938217e+01 8.359431674102349064e+01 2.996091624414636521e-03 4.445621661890298171e+00
1.517683390283405343e-03 8.352341834968142109e+01 8.349496063955078284e+01 3.030767032255857023e-03 4.440107709833823080e+00
1.535275028780422714e-03 8.342248933318316517e+01 8.339339422960530612e+01 3.065843141451108592e-03 4.434581719436190284e+00
1.553070573933460147e-03 8.331931703638049669e+01 8.328957088809590914e+01 3.101324568073455818e-03 4.429043405026467539e+00
1.571072389247450424e-03 8.321385423643415891e+01 8.318344312938278051e+01 3.137215981039144508e-03 4.423492474071534453e+00
1.589282865622978049e-03 8.310605284154863170e+01 8.307496259524695859e+01 3.173522102704754225e-03 4.417928627006788567e+00
1.607704421673823627e-03 8.299586388112179236e+01 8.296408004506551492e+01 3.210247709470912848e-03 4.412351557062448748e+00
1.626339504048192157e-03 8.288323749611831204e+01 8.285074534621672626e+01 3.247397632392650790e-03 4.406760950085346629e+00
1.645190587753662514e-03 8.276812292969050588e+01 8.273490746473672175e+01 3.284976757796454708e-03 4.401156484356056886e+00
1.664260176485903671e-03 8.265046851807305472e+01 8.261651445625673773e+01 3.322990027904091856e-03 4.395537830401257118e+00
1.683550802961202323e-03 8.253022168177614049e+01 8.249551345724526641e+01 3.361442441463281805e-03 4.389904650801151220e+00
1.703065029252844422e-03 8.240732891710683816e+01 8.237185067658400328e+01 3.400339054385275415e-03 4.384256599991843473e+00
1.722805447131393972e-03 8.228173578804670285e+01 8.224547138750796194e+01 3.439684980389415628e-03 4.378593324062491909e+00
1.742774678408919205e-03 8.215338691851773945e+01 8.211631991994035218e+01 3.479485391654757714e-03 4.372914460547108639e+00
1.762975375287205784e-03 8.202222598506779150e+01 8.198433965325564543e+01 3.519745519478812302e-03 4.367219638210840138e+00
1.783410220710008025e-03 8.188819571001045006e+01 8.184947300950346971e+01 3.560470654943488373e-03 4.361508476830561420e+00
1.804081928719382779e-03 8.175123785505384433e+01 8.171166144713201618e+01 3.601666149588313420e-03 4.355780586969629553e+00
1.824993244816152391e-03 8.161129321545749349e+01 8.157084545524652697e+01 3.643337416090991054e-03 4.350035569746617981e+00
1.846146946324547485e-03 8.146830161475386944e+01 8.142696454844301002e+01 3.685489928955392337e-03 4.344273016597839820e+00
1.867545842761075955e-03 8.132220190007807048e+01 8.127995726225969975e+01 3.728129225207033309e-03 4.338492509033499367e+00
1.889192776207666326e-03 8.117293193814647623e+01 8.112976114928724769e+01 3.771260905096132827e-03 4.332693618387257750e+00
1.911090621689137941e-03 8.102042861193007184e+01 8.097631277598584632e+01 3.814890632808314464e-03 4.326875905559026236e+00
1.933242287555045260e-03 8.086462781806997668e+01 8.081954772025362388e+01 3.859024137183039195e-03 4.321038920750776668e+00
1.955650715865949168e-03 8.070546446508190286e+01 8.065940056979815154e+01 3.903667212439839579e-03 4.315182203195158550e+00
1.978318882784164089e-03 8.054287247240309000e+01 8.049580492136179544e+01 3.948825718912436951e-03 4.309305280876705169e+00
2.001249798969036847e-03 8.037678477033304603e+01 8.032869338085397715e+01 3.994505583790824467e-03 4.303407670245388061e+00
2.024446509976803900e-03 8.020713330092547722e+01 8.015799756444809532e+01 4.040712801871382785e-03 4.297488875922299556e+00
2.047912096665085481e-03 8.003384901988722788e+01 7.998364810070057729e+01 4.087453436315126830e-03 4.291548390397210255e+00
2.071649675602069141e-03 7.985686189954682845e+01 7.980557463375376415e+01 4.134733619414154328e-03 4.285585693717742117e+00
2.095662399480432980e-03 7.967610093295395757e+01 7.962370582768497229e+01 4.182559553366370711e-03 4.279600253169903112e+00
2.119953457536071038e-03 7.949149413917601237e+01 7.943796937206981568e+01 4.230937511058590131e-03 4.273591522949704569e+00
2.144526075971667656e-03 7.930296856985953013e+01 7.924829198882720505e+01 4.279873836858083709e-03 4.267558943825576989e+00
2.169383518385184159e-03 7.911045031712826869e+01 7.905459944041732001e+01 4.329374947412655689e-03 4.261501942791294795e+00
2.194529086203313769e-03 7.891386452288897146e+01 7.885681653946822678e+01 4.379447332459347232e-03 4.255419932709097353e+00
2.219966119119954652e-03 7.871313538962536427e+01 7.865486715990721223e+01 4.430097555641830318e-03 4.249312311942692766e+00
2.245697995539773940e-03 7.850818619275493404e+01 7.844867424967731040e+01 4.481332255336600151e-03 4.243178463979822013e+00
2.271728133026905232e-03 7.829893929463493407e+01 7.823815984512195598e+01 4.533158145488036354e-03 4.237017757044021948e+00
2.298059988758851136e-03 7.808531616030036560e+01 7.802324508712437989e+01 4.585582016452423131e-03 4.230829543695253214e+00
2.324697059985648094e-03 7.786723737502282461e+01 7.780385023909008169e+01 4.638610735851023820e-03 4.224613160419008473e+00
2.351642884494348565e-03 7.764462266378211552e+01 7.757989470686540301e+01 4.692251249432280100e-03 4.218367927203527046e+00
2.378901041078893431e-03 7.741739091274608597e+01 7.735129706068825328e+01 4.746510581943255529e-03 4.212093147104703839e+00
2.406475150015424062e-03 7.718546019285354021e+01 7.711797505926800511e+01 4.801395838010365062e-03 4.205788105798289322e+00
2.434368873543110365e-03 7.694874778560571826e+01 7.687984567609869657e+01 4.856914203029539731e-03 4.199452071118942698e+00
2.462585916350546866e-03 7.670717021116658429e+01 7.663682512810936487e+01 4.913072944065859440e-03 4.193084292585683492e+00
2.491130026067788373e-03 7.646064325888282553e+01 7.638882890676109128e+01 4.969879410762786595e-03 4.186684000913280634e+00
2.520004993764092018e-03 7.620908202033254497e+01 7.613577181170282415e+01 5.027341036261074279e-03 4.180250407509086941e+00
2.549214654451422910e-03 7.595240092501870777e+01 7.587756798710024952e+01 5.085465338127442662e-03 4.173782703954810991e+00
2.578762887593801043e-03 7.569051377882355780e+01 7.561413096075838780e+01 5.144259919293117309e-03 4.167280061472689034e+00
2.608653617622547997e-03 7.542333380534665821e+01 7.534537368615841046e+01 5.203732469002327402e-03 4.160741630375524025e+00
2.638890814457510187e-03 7.515077369024935194e+01 7.507120858753503967e+01 5.263890763770856691e-03 4.154166539499987820e+00
2.669478494034320699e-03 7.487274562873530215e+01 7.479154760812291158e+01 5.324742668354736502e-03 4.147553895622610121e+00
2.700420718837772543e-03 7.458916137629643117e+01 7.450630226170383708e+01 5.386296136729179680e-03 4.140902782857811104e+00
2.731721598441376204e-03 7.429993230285948869e+01 7.421538368759163973e+01 5.448559213077856962e-03 4.134212262037332941e+00
2.763385290053169997e-03 7.400496945047065367e+01 7.391870270919018537e+01 5.511540032792605973e-03 4.127481370070372968e+00
2.795415999067856535e-03 7.370418359465728031e+01 7.361616989626881491e+01 5.575246823483670858e-03 4.120709119283725741e+00
2.827817979625341181e-03 7.339748530961237805e+01 7.330769563109817000e+01 5.639687906000574041e-03 4.113894496741161255e+00
2.860595535175741895e-03 7.308478503734518483e+01 7.299319017859356507e+01 5.704871695463714643e-03 4.107036463541285265e+00
2.893753019050950264e-03 7.276599316095038716e+01 7.267256376061629908e+01 5.770806702306797639e-03 4.100133954093041488e+00
2.927294835042816134e-03 7.244102008214279920e+01 7.234572663458500585e+01 5.837501533330184851e-03 4.093185875368025251e+00
2.961225437988034351e-03 7.210977630321583831e+01 7.201258917655134439e+01 5.904964892765280499e-03 4.086191106128695516e+00
2.995549334359812969e-03 7.177217251357555483e+01 7.167306196889774128e+01 5.973205583350041543e-03 4.079148496131564272e+00
3.030271082866396216e-03 7.142811968101079856e+01 7.132705589281425773e+01 6.042232507415717761e-03 4.072056865304380935e+00
3.065395295056526793e-03 7.107752914785743314e+01 7.097448222571631504e+01 6.112054667984924763e-03 4.064915002896277940e+00
3.100926635931926852e-03 7.072031273221777781e+01 7.061525274376307948e+01 6.182681169881151448e-03 4.057721666599815258e+00
3.136869824566876613e-03 7.035638283439499219e+01 7.024927982964022988e+01 6.254121220849806831e-03 4.050475581643790512e+00
3.173229634734976452e-03 6.998565254870801766e+01 6.987647658576834431e+01 6.326384132690906006e-03 4.043175439855630771e+00
3.210010895543171858e-03 6.960803578084508558e+01 6.949675695310099854e+01 6.399479322403503652e-03 4.035819898692130536e+00
3.247218492073128838e-03 6.922344737092083733e+01 6.911003583567422481e+01 6.473416313341970492e-03 4.028407580237225893e+00
3.284857366030043482e-03 6.883180322239705617e+01 6.871622923106930614e+01 6.548204736384238486e-03 4.020937070165453875e+00
3.322932516398971556e-03 6.843302043702645676e+01 6.831525436694884945e+01 6.623854331112094540e-03 4.013406916669637781e+00
3.361449000108765288e-03 6.802701745597759952e+01 6.790702984382394902e+01 6.700374947003646768e-03 4.005815629351304530e+00
3.400411932703706255e-03 6.761371420729646786e+01 6.749147578420846116e+01 6.777776544638061326e-03 3.998161678072248648e+00
3.439826489022924580e-03 6.719303225985643735e+01 6.706851398831156530e+01 6.856069196912685168e-03 3.990443491765551798e+00
3.479697903887691603e-03 6.676489498394484201e+01 6.663806809641697271e+01 6.935263090272653606e-03 3.982659457204329900e+00
3.520031472796678832e-03 6.632922771862743616e+01 6.620006375809113308e+01 7.015368525953091967e-03 3.974807917726327577e+00
3.560832552629277729e-03 6.588595794603158140e+01 6.575442880835736048e+01 7.096395921234025829e-03 3.966887171912432564e+00
3.602106562357070083e-03 6.543501547267405272e+01 6.530109345096549589e+01 7.178355810708102192e-03 3.958895472217039746e+00
3.643858983763544404e-03 6.497633261796144666e+01 6.483999044888004448e+01 7.261258847561234339e-03 3.950831023548109222e+00
3.686095362172158059e-03 6.450984440997186198e+01 6.437105532209770331e+01 7.345115804866280546e-03 3.942691981794618883e+00
3.728821307182833642e-03 6.403548878862653737e+01 6.389422655290007924e+01 7.429937576889856371e-03 3.934476452299018323e+00
3.772042493416997554e-03 6.355320681634114521e+01 6.340944579862936337e+01 7.515735180412415860e-03 3.926182488272115467e+00
3.815764661271248397e-03 6.306294289623807714e+01 6.291665811206795667e+01 7.602519756061677098e-03 3.917808089147719386e+00
3.859993617679767074e-03 6.256464499798575929e+01 6.241581216948496547e+01 7.690302569659536978e-03 3.909351198874186917e+00
3.904735236885560103e-03 6.205826489131606394e+01 6.190686050639764204e+01 7.779095013582561918e-03 3.900809704139864831e+00
3.949995461220642823e-03 6.154375838725204773e+01 6.138975976107970212e+01 7.868908608136175944e-03 3.892181432529251417e+00
3.995780301895269192e-03 6.102108558706235186e+01 6.086447092582667295e+01 7.959755002942671062e-03 3.883464150606491749e+00
4.042095839796309639e-03 6.049021113893541468e+01 6.033095960597042051e+01 8.051645978343124899e-03 3.874655561922653035e+00
4.088948226294864159e-03 5.995110450234531640e+01 5.978919628660965913e+01 8.144593446813326240e-03 3.865753304942987079e+00
4.136343684063278035e-03 5.940374022005649834e+01 5.923915660700021135e+01 8.238609454393927903e-03 3.856754950890168843e+00
4.184288507901584922e-03 5.884809819768794625e+01 5.868082164252022892e+01 8.333706182134763621e-03 3.847658001499257630e+00
4.232789065573553354e-03 5.828416399072870746e+01 5.811417819409749086e+01 8.429895947553592631e-03 3.838459886679856492e+00
4.281851798652415615e-03 5.771192909886543987e+01 5.753921908495438942e+01 8.527191206109317051e-03 3.829157962080676825e+00
4.331483223376403000e-03 5.713139126744895435e+01 5.695594346449109224e+01 8.625604552689784821e-03 3.819749506551404661e+00
4.381689931514195016e-03 5.654255479589215128e+01 5.636435711909194879e+01 8.725148723114322172e-03 3.810231719496439240e+00
4.432478591240400501e-03 5.594543085275012118e+01 5.576447278960127818e+01 8.825836595651070232e-03 3.800601718114740457e+00
4.483855948021191196e-03 5.534003779719651561e+01 5.515631049517129725e+01 8.927681192549283620e-03 3.790856534519629673e+00
4.535828825510191016e-03 5.472640150656068414e+01 5.453989786314282640e+01 9.030695681586653478e-03 3.780993112732014882e+00
4.588404126454761513e-03 5.410455570954844973e+01 5.391527046456837979e+01 9.134893377631818009e-03 3.771008305540032524e+00
4.641588833612782412e-03 5.347454232471477553e+01 5.328247215494069877e+01 9.240287744222135113e-03 3.760898871217695838e+00
4.695390010680062544e-03 5.283641180370771906e+01 5.264155541963245355e+01 9.346892395156848957e-03 3.750661470094580618e+00
4.749814803228504315e-03 5.219022347874289380e+01 5.199258172349843221e+01 9.454721096105778849e-03 3.740292660968072891e+00
4.804870439655133628e-03 5.153604591371158250e+01 5.133562186403052152e+01 9.563787766233592877e-03 3.729788897349112897e+00
4.860564232142139222e-03 5.087395725826110748e+01 5.067075632739254587e+01 9.674106479839839762e-03 3.719146523531735138e+00
4.916903577628031589e-03 5.020404560412045925e+01 4.999807564659568015e+01 9.785691468014806604e-03 3.708361770476030994e+00
4.973895958790068052e-03 4.952640934287544638e+01 4.931768076100505027e+01 9.898557120311349961e-03 3.697430751493423706e+00
5.031548945038056761e-03 4.884115752432413871e+01 4.862968337629501292e+01 1.001271798643277311e-02 3.686349457722350564e+00
5.089870193519685330e-03 4.814841021446891034e+01 4.793420632389377545e+01 1.012818877793689870e-02 3.675113753381593629e+00
5.148867450137497269e-03 4.744829885211967735e+01 4.723138391887865595e+01 1.024498436995642872e-02 3.663719370787557494e+00
5.208548550577665401e-03 4.674096660300286032e+01 4.652136231519948950e+01 1.036311980293570280e-02 3.652161905120797858e+00
5.268921421350676766e-03 4.602656871018371731e+01 4.580429985702227924e+01 1.048261028438397281e-02 3.640436808926001966e+00
5.329994080844092930e-03 4.530527283952074669e+01 4.508036742489530013e+01 1.060347119064530656e-02 3.628539386328439420e+00
5.391774640387505396e-03 4.457725941877998821e+01 4.434974877534809679e+01 1.072571806868521417e-02 3.616464786948607735e+00
5.454271305329836186e-03 4.384272196894158213e+01 4.361264087243884546e+01 1.084936663789412385e-02 3.604207999495406600e+00
5.517492376129128420e-03 4.310186742613461774e+01 4.286925420966885270e+01 1.097443279190780767e-02 3.591763845016650247e+00
5.581446249454966556e-03 4.235491645253716797e+01 4.211981312058255611e+01 1.110093260044487176e-02 3.579126969784061529e+00
5.646141419303672866e-03 4.160210373447627319e+01 4.136455607627123499e+01 1.122888231116140473e-02 3.566291837788113206e+00
5.711586478126434545e-03 4.084367826586031214e+01 4.060373596789499118e+01 1.135829835152290385e-02 3.553252722816095055e+00
5.777790117970507157e-03 4.007990361497228804e+01 3.983762037223468866e+01 1.148919733069358497e-02 3.540003700084675575e+00
5.844761131633637551e-03 3.931105817254669432e+01 3.906649179818021622e+01 1.162159604144316280e-02 3.526538637395879583e+00
5.912508413831881436e-03 3.853743537894872162e+01 3.829064791195805384e+01 1.175551146207124906e-02 3.512851185782876140e+00
5.981040962380944001e-03 3.775934392816846952e+01 3.751040173879679429e+01 1.189096075834940314e-02 3.498934769609199247e+00
6.050367879391223974e-03 3.697710794623994701e+01 3.672608183862729447e+01 1.202796128548101404e-02 3.484782576082013250e+00
6.120498372476702517e-03 3.619106714159270410e+01 3.593803245331412910e+01 1.216653059007904818e-02 3.470387544136726454e+00
6.191441755977847815e-03 3.540157692474311801e+01 3.514661362281727719e+01 1.230668641216181754e-02 3.455742352646679727e+00
6.263207452198692356e-03 3.460900849463898510e+01 3.435220126759070070e+01 1.244844668716682361e-02 3.440839407907699155e+00
6.335804992658253774e-03 3.381374888887636843e+01 3.355518723443553597e+01 1.259182954798280206e-02 3.425670830343030104e+00
6.409244019356457114e-03 3.301620099492505744e+01 3.275597930294487981e+01 1.273685332700006181e-02 3.410228440369512448e+00
6.483534286054726779e-03 3.221678351941727669e+01 3.195500114960169213e+01 1.288353655817918442e-02 3.394503743360744341e+00
6.558685659571435525e-03 3.141593091248492442e+01 3.115269226652701917e+01 1.303189797913823639e-02 3.378487913637464590e+00
6.634708121092351002e-03 3.061409324406773536e+01 3.034950783182040723e+01 1.318195653325851709e-02 3.362171777409339146e+00
6.711611767496287149e-03 2.981173602906503461e+01 2.954591852839154242e+01 1.333373137180898435e-02 3.345545794585786936e+00
6.789406812696112230e-03 2.900933999816524889e+01 2.874241030815356268e+01 1.348724185608942555e-02 3.328600039366368168e+00
6.868103588995307790e-03 2.820740081116235132e+01 2.793948409843507008e+01 1.364250755959247469e-02 3.311324179513568833e+00
6.947712548460239883e-03 2.740642870956202160e+01 2.713765544747274561e+01 1.379954827018451367e-02 3.293707454202507101e+00
7.028244264308352446e-03 2.660694810528870491e+01 2.633745410587146907e+01 1.395838399230563825e-02 3.275738650333170909e+00
7.109709432312438099e-03 2.580949710233534944e+01 2.553942354096563960e+01 1.411903494918864861e-02 3.257406077181248527e+00
7.192118872221192789e-03 2.501462694824910926e+01 2.474412038108803813e+01 1.428152158509725204e-02 3.238697539253486912e+00
7.275483529196232965e-03 2.422290141242179118e+01 2.395211378685217696e+01 1.444586456758348812e-02 3.219600307202813205e+00
7.359814475265771296e-03 2.343489608825706227e+01 2.316398474668473284e+01 1.461208478976446304e-02 3.200101086647355597e+00
7.445122910795143496e-03 2.265119761641637197e+01 2.238032529400867432e+01 1.478020337261851287e-02 3.180185984726070725e+00
7.531420165974375344e-03 2.187240282650918743e+01 2.160173764367890570e+01 1.495024166730077667e-02 3.159840474212241901e+00
7.618717702322998914e-03 2.109911779478714422e+01 2.082883324551425019e+01 1.512222125747835107e-02 3.139049354994987606e+00
7.707027114212303652e-03 2.033195681563548263e+01 2.006223175305542128e+01 1.529616396168499877e-02 3.117796712728618136e+00
7.796360130405236531e-03 1.957154128492348732e+01 1.930255990601391503e+01 1.547209183569554086e-02 3.096065874440989241e+00
7.886728615614155974e-03 1.881849849358811611e+01 1.855045032526451010e+01 1.565002717491996431e-02 3.073839360885906924e+00
7.978144572076628638e-03 1.807346033017822506e+01 1.780654021968078027e+01 1.582999251681728795e-02 3.051098835422674682e+00
8.070620141149507584e-03 1.733706189148726651e+01 1.707147000462248343e+01 1.601201064332928928e-02 3.027825049209954766e+00
8.164167604921472240e-03 1.660994000084875211e+01 1.634588183246425075e+01 1.619610458333407832e-02 3.003997782514168158e+00
8.258799387844271284e-03 1.589273163416631718e+01 1.563041803621152148e+01 1.638229761511961549e-02 2.979595781958405798e+00
8.354528058382871408e-03 1.518607225429725816e+01 1.492571948799144721e+01 1.657061326887722744e-02 2.954596693581671207e+00
8.451366330684721012e-03 1.449059405501037823e+01 1.423242387504216033e+01 1.676107532921507909e-02 2.928976991647457950e+00
8.549327066268383804e-03 1.380692411639243744e+01 1.355116389676362765e+01 1.695370783769175813e-02 2.902711903245298153e+00
8.648423275731726215e-03 1.313568247428717584e+01 1.288256538744901469e+01 1.714853509536991977e-02 2.875775328882768100e+00
8.748668120479913615e-03 1.247748010711518241e+01 1.222724537050149252e+01 1.734558166539003007e-02 2.848139759487683609e+00
8.850074914473439122e-03 1.183291684424153623e+01 1.158581005127071073e+01 1.754487237556428755e-02 2.819776190557108819e+00
8.952657125996400095e-03 1.120257920093091997e+01 1.095885275713347262e+01 1.774643232099068837e-02 2.790654034637773506e+00
9.056428379445294677e-03 1.058703814585494740e+01 1.034695183510751271e+01 1.795028686668728723e-02 2.760741033951815027e+00
9.161402457138520528e-03 9.986846808092323613e+00 9.750668519136947765e+00 1.815646165024662265e-02 2.730003175861892117e+00
9.267593301146882789e-03 9.402538131583774828e+00 9.170544781222853103e+00 1.836498258451040727e-02 2.698404615096729131e+00
9.375015015145289968e-03 8.834622486070340841e+00 8.607101182768513326e+00 1.857587586026437573e-02 2.665907608364255221e+00
9.483681866285927423e-03 8.283585244645701451e+00 8.060834744798025753e+00 1.878916794895335585e-02 2.632472469346153865e+00
9.593608287093146128e-03 7.749884339189236471e+00 7.532216857935527088e+00 1.900488560541657018e-02 2.598057555341763969e+00
9.704808877380306092e-03 7.233947806105331502e+00 7.021691254893950074e+00 1.922305587064311247e-02 2.562619301342401901e+00
9.817298406188841586e-03 6.736171335970290386e+00 6.529672069144192292e+00 1.944370607454759536e-02 2.526112323505278479e+00
9.931091813749801447e-03 6.256915841868244677e+00 6.056542002389480928e+00 1.966686383876597999e-02 2.488489622412880742e+00
1.004620421346813161e-02 5.796505062373369377e+00 5.602650618685361295e+00 1.989255707947154561e-02 2.449702927811935549e+00
1.016265089392995140e-02 5.355223216291303601e+00 5.168312771590994892e+00 2.012081401021092661e-02 2.409703241437191945e+00
1.028044732093309765e-02 4.933312727395850139e+00 4.753807148009756567e+00 2.035166314476025140e-02 2.368441653630166233e+00
1.039960913954120388e-02 4.530972038470236996e+00 4.359374871682129005e+00 2.058513330000127928e-02 2.325870532869279916e+00
1.052015217616159015e-02 4.148353534968272527e+00 3.985218042091409618e+00 2.082125359881751778e-02 2.281945213998286981e+00
1.064209244064724669e-02 3.785561599529911003e+00 3.631497982629775301e+00 2.106005347301027550e-02 2.236626337681953736e+00
1.076544612842315896e-02 3.442650819397777617e+00 3.298332833671116848e+00 2.130156266623451158e-02 2.189883013915614018e+00
1.089022962263730583e-02 3.119624369462149716e+00 2.985793969297110717e+00 2.154581123695454778e-02 2.141696985846913037e+00
1.101645949633657008e-02 2.816432594190065419e+00 2.693900594743869448e+00 2.179282956141941410e-02 2.092067943851187106e+00
1.114415251466788215e-02 2.532971812042248860e+00 2.422611894567692659e+00 2.204264833665786974e-02 2.041020073123067213e+00
1.127332563710487130e-02 2.269083366124676981e+00 2.171816368405633302e+00 2.229529858349292917e-02 1.988609809075902346e+00
1.140399601970033122e-02 2.024552944732347814e+00 1.941318572088563954e+00 2.255081164957584150e-02 1.934934631706836106e+00
1.153618101736478448e-02 1.799110195093254649e+00 1.730824284180539463e+00 2.280921921243937028e-02 1.880142560802534613e+00
1.166989818617147553e-02 1.592428652983411075e+00 1.539925896444169551e+00 2.307055328257033230e-02 1.824441812451929712e+00
1.180516528568805595e-02 1.404126009931136121e+00 1.368090326783027333e+00 2.333484620650116970e-02 1.768109829269419730e+00
1.194200028133532432e-02 1.233764738433882568e+00 1.214651863221549277e+00 2.360213066992055547e-02 1.711500610248491761e+00
1.208042134677328981e-02 1.080853093948364485e+00 1.078812085421031686e+00 2.387243970080275487e-02 1.655048997970307578e+00
1.222044686631488727e-02 9.448465103605458992e-01 9.596484013000465829e-01 2.414580667255569052e-02 1.599270425080183466e+00
1.236209543736769070e-02 8.251494031756568814e-01 8.561317796906299238e-01 2.442226530718753785e-02 1.544754673583975890e+00
1.250538587290391315e-02 7.211173917718527449e-01 7.671530199557452523e-01 2.470184967849164276e-02 1.492152524494899879e+00
1.265033720395903824e-02 6.320599487213437451e-01 6.915555805813071721e-01 2.498459421524963642e-02 1.442154789972243112e+00
1.279696868215941634e-02 5.572434803914607659e-01 6.281718952369802489e-01 2.527053370445251149e-02 1.395464087760577065e+00
1.294529978227916024e-02 4.958948387934953850e-01 5.758595165098341351e-01 2.555970329453952777e-02 1.352760740191861988e+00
1.309535020482667685e-02 4.472052599541417317e-01 5.335334806156284415e-01 2.585213849865467678e-02 1.314665203806214322e+00
1.324713987866117486e-02 4.103347189568234410e-01 5.001919259897661396e-01 2.614787519792051082e-02 1.281700273705819848e+00
1.340068896363950761e-02 3.844166862605953305e-01 4.749330181667926198e-01 2.644694964472914245e-02 1.254256775213201447e+00
1.355601785329368925e-02 3.685632639861329829e-01 4.569623698214193008e-01 2.674939846605010538e-02 1.232566417872281717e+00
1.371314717753945554e-02 3.618706746059935919e-01 4.455911783275189331e-01 2.705525866675491387e-02 1.216684893786332156e+00
1.387209780541620932e-02 3.634250679469991363e-01 4.402261163691921220e-01 2.736456763295797359e-02 1.206487212886349081e+00
1.403289084785873213e-02 3.723086056764621787e-01 4.403525922980499052e-01 2.767736313537361506e-02 1.201675845464040160e+00
1.419554766050101606e-02 3.876057755853356546e-01 4.455133978098768099e-01 2.799368333268896503e-02 1.201800723483390732e+00
1.436008984651260603e-02 4.084098810989716943e-01 4.552850368189852448e-01 2.831356677495235064e-02 1.206288794576882317e+00
1.452653925946781159e-02 4.338296446535733208e-01 4.692541936293559424e-01 2.863705240697691709e-02 1.214479848222225655e+00
1.469491800624817164e-02 4.629958570020186737e-01 4.869968056180554172e-01 2.896417957175910843e-02 1.225664881184575172e+00
1.486524844997857107e-02 4.950679982992201578e-01 5.080619774219866658e-01 2.929498801391176507e-02 1.239123369543143616e+00
1.503755321299738400e-02 5.292407511211061344e-01 5.319624501859289145e-01 2.962951788311134899e-02 1.254156392772794559e+00
1.521185517986104775e-02 5.647503205613547683e-01 5.581725328145035192e-01 2.996780973755906741e-02 1.270113458673831630e+00
1.538817750038346324e-02 6.008804724057223989e-01 5.861334222704790431e-01 3.030990454745541296e-02 1.286411917576478547e+00
1.556654359271062056e-02 6.369681972925975710e-01 6.152648743015148858e-01 3.065584369848775928e-02 1.302548848648155788e+00
1.574697714643086624e-02 6.724089069231656834e-01 6.449814374972994147e-01 3.100566899533060972e-02 1.318106109502250600e+00
1.592950212572123020e-02 7.066610679791767158e-01 6.747110742563283692e-01 3.135942266515808624e-02 1.332749779817378188e+00
1.611414277253019750e-02 7.392501806317640645e-01 7.039139914686459720e-01 3.171714736116815203e-02 1.346225477643200552e+00
1.630092360979741237e-02 7.697720115636885740e-01 7.320998115972483511e-01 3.207888616611818261e-02 1.358351014664106016e+00
1.648986944471064753e-02 7.978949964476796941e-01 7.588417001715871413e-01 3.244468259587132697e-02 1.369007658553762719e+00
1.668100537200059227e-02 8.233617339726738704e-01 7.837866158985818954e-01 3.281458060295332907e-02 1.378130985112050677e+00
1.687435677727375585e-02 8.459895029058175364e-01 8.066613936597722967e-01 3.318862458011901523e-02 1.385702017833200017e+00
1.706994934038407949e-02 8.656697454037751704e-01 8.272748487582468613e-01 3.356685936392825309e-02 1.391739111885220481e+00
1.726780903884355886e-02 8.823664738790933937e-01 8.455164341619354484e-01 3.394933023833055646e-02 1.396290842504471774e+00
1.746796215127245644e-02 8.961135751703819263e-01 8.613521453487983370e-01 3.433608293825796826e-02 1.399429990422624170e+00
1.767043526088946798e-02 9.070110044805173022e-01 8.748183651943780559e-01 3.472716365322547905e-02 1.401248577984752108e+00
1.787525525904235316e-02 9.152198823863952892e-01 8.860142408572928563e-01 3.512261903093850945e-02 1.401853809329040024e+00
1.808244934877951612e-02 9.209565309600270533e-01 8.950930589551737704e-01 3.552249618090676936e-02 1.401364713145960117e+00
1.829204504846293836e-02 9.244855093618631336e-01 9.022529805472238040e-01 3.592684267806384169e-02 1.399909273179562152e+00
1.850407019542302245e-02 9.261117347706252501e-01 9.077274277725700946e-01 3.633570656639181773e-02 1.397621848538973977e+00
1.871855294965579092e-02 9.261718007031852773e-01 9.117753736411635668e-01 3.674913636255036642e-02 1.394640720828119962e+00
1.893552179756295348e-02 9.250246310616221379e-01 9.146717626525509015e-01 3.716718105950951589e-02 1.391105648611572487e+00
1.915500555573527997e-02 9.230416339381263269e-01 9.166982707721371693e-01 3.758989013018525921e-02 1.387155355777111465e+00
1.937703337477988952e-02 9.205965435404240838e-01 9.181345910214137040e-01 3.801731353107749151e-02 1.382924925412427397e+00
1.960163474319185847e-02 9.180551607212642518e-01 9.192504021993349594e-01 3.844950170590932109e-02 1.378543112710886698e+00
1.982883949127071249e-02 9.157652215931374462e-01 9.202981434427056628e-01 3.888650558926695644e-02 1.374129627482089111e+00
2.005867779508234069e-02 9.140466386275809541e-01 9.215066794816708651e-01 3.932837661023953074e-02 1.369792467472953579e+00
2.029118018046677935e-02 9.131823685023343629e-01 9.230759050263407373e-01 3.977516669605767746e-02 1.365625406329877833e+00
2.052637752709252084e-02 9.134101648064831824e-01 9.251723064996268953e-01 4.022692827573040586e-02 1.361705753253663609e+00
2.076430107255774690e-02 9.149154706285266281e-01 9.279254793280929947e-01 4.068371428367897891e-02 1.358092504249895249e+00
2.100498241653915230e-02 9.178256952095307231e-01 9.314255916413244352e-01 4.114557816336717605e-02 1.354824997080498417e+00
2.124845352498882720e-02 9.222060995535169559e-01 9.357217907740195129e-01 4.161257387092678200e-02 1.351922164170290541e+00
2.149474673437980557e-02 9.280574876454315003e-01 9.408215652861620093e-01 4.208475587877744811e-02 1.349382451334683264e+00
2.174389475600079988e-02 9.353158624675889099e-01 9.466910979290457107e-01 4.256217917923985072e-02 1.347184437622588327e+00
2.199593068030074663e-02 9.438541593528551044e-01 9.532566679214469207e-01 4.304489928814118210e-02 1.345288155757386583e+00
2.225088798128369363e-02 9.534861137350598703e-01 9.604071768863384762e-01 4.353297224841182200e-02 1.343637076800900498e+00
2.250880052095461867e-02 9.639722568113429091e-01 9.679978746420724312e-01 4.402645463367212825e-02 1.342160689800486306e+00
2.276970255381680075e-02 9.750279622052818729e-01 9.758553426349038107e-01 4.452540355180831244e-02 1.340777579810395359e+00
2.303362873142131284e-02 9.863333910599730858e-01 9.837837502064602502e-01 4.502987664853613792e-02 1.339398887468385091e+00
2.330061410696924670e-02 9.975451042167250426e-01 9.915723312814791468e-01 4.553993211095124644e-02 1.337932020911016817e+00
2.357069413996727703e-02 1.008309030836373132e+00 9.990039393523637568e-01 4.605562867106502423e-02 1.336284485863410643e+00
2.384390470093720321e-02 1.018274406026739243e+00 1.005864433692225113e+00 4.657702560932462654e-02 1.334367701016087704e+00
2.412028207618006903e-02 1.027108219170033809e+00 1.011952540037379666e+00 4.710418275811595334e-02 1.332100671501746270e+00
2.439986297259550199e-02 1.034509653420560671e+00 1.017089727756318007e+00 4.763716050524825080e-02 1.329413401401091210e+00
2.468268452255692469e-02 1.040223949177911056e+00 1.021129567237244462e+00 4.817601979741896467e-02 1.326249934916770457e+00
2.496878428884326609e-02 1.044055094184699772e+00 1.023965989700191814e+00 4.872082214365747177e-02 1.322570923872159465e+00
2.525820026962784584e-02 1.045876734059328461e+00 1.025539877887394535e+00 4.927162961874633623e-02 1.318355626029619421e+00
2.555097090352506997e-02 1.045640713005436817e+00 1.025843476232850771e+00 4.982850486661850875e-02 1.313603244830421790e+00
2.584713507469563881e-02 1.043382697998085806e+00 1.024922222755464629e+00 5.039151110372907388e-02 1.308333527916627714e+00
2.614673211801091940e-02 1.039224412936571085e+00 1.022873764316534650e+00 5.096071212240003284e-02 1.302586551355970679e+00
2.644980182427720053e-02 1.033372112961491451e+00 1.019844107276065781e+00 5.153617229413644946e-02 1.296421631458064772e+00
2.675638444552045150e-02 1.026111062866594148e+00 1.016021056821791335e+00 5.211795657291243972e-02 1.289915329031663171e+00
2.706652070033241375e-02 1.017795945185661299e+00 1.011625287604857482e+00 5.270613049842540199e-02 1.283158543881991465e+00
2.738025177927857698e-02 1.008837309180667274e+00 1.006899544170286598e+00 5.330076019931661441e-02 1.276252741075828867e+00
2.769761935036891068e-02 9.996843757356812521e-01 1.002096575382278809e+00 5.390191239635672149e-02 1.269305404075020682e+00
2.801866556459195468e-02 9.908047272188830190e-01 9.974664542597168060e-01 5.450965440559416009e-02 1.262424870286251277e+00
2.834343306151309444e-02 9.826616259376413920e-01 9.932439251391402824e-01 5.512405414146479693e-02 1.255714766911469438e+00
2.867196497493769772e-02 9.756899083794075000e-01 9.896363655972361117e-01 5.574518011986089039e-02 1.249268322623938277e+00
2.900430493863991738e-02 9.702715821297543952e-01 9.868128703407479385e-01 5.637310146115752374e-02 1.243162876147182683e+00
2.934049709215787172e-02 9.667123944509847799e-01 9.848948807915652859e-01 5.700788789319451849e-02 1.237454929151850402e+00
2.968058608665602449e-02 9.652207320707825167e-01 9.839487177513537297e-01 5.764960975421188488e-02 1.232176092320171890e+00
3.002461709085549324e-02 9.658902375094184922e-01 9.839803383525262959e-01 5.829833799573673481e-02 1.227330246749149589e+00
3.037263579703311511e-02 9.686874766445763285e-01 9.849326340349919828e-01 5.895414418541967266e-02 1.222892188018835924e+00
3.072468842709003348e-02 9.734458562782929425e-01 9.866856015448633999e-01 5.961710050981838122e-02 1.218807940491216879e+00
3.108082173869063797e-02 9.798667641934512007e-01 9.890597291048955908e-01 6.028727977712642488e-02 1.214996830837393960e+00
3.144108303147264555e-02 9.875285875027540738e-01 9.918229110860142805e-01 6.096475541984482799e-02 1.211355300437555238e+00
3.180552015332920035e-02 9.959038639100207257e-01 9.947011007266456373e-01 6.164960149739442258e-02 1.207762324863837389e+00
3.217418150676371741e-02 1.004384347491844354e+00 9.973927031113397623e-01 6.234189269866633604e-02 1.204086203298252666e+00
3.254711605531847990e-02 1.012313245656026206e+00 9.995863892220111513e-01 6.304170434450855065e-02 1.200192388088578088e+00
3.292437333007768724e-02 1.019023334163128514e+00 1.000981593321727425e+00 6.374911239014589837e-02 1.195951949217937571e+00
3.330600343624588733e-02 1.023879116320596916e+00 1.001310489242285051e+00 6.446419342753106907e-02 1.191250212482066306e+00
3.369205705980267418e-02 1.026320699988120921e+00 1.000359804455231316e+00 6.518702468762416213e-02 1.185995073868455263e+00
3.408258547423451829e-02 1.025906664785782185e+00 9.979905192903609779e-01 6.591768404259809588e-02 1.180124475177953602e+00
3.447764054734463873e-02 1.022352925779099753e+00 9.941534046531423918e-01 6.665625000796736310e-02 1.173612526988432769e+00
3.487727474814177747e-02 1.015564510531648867e+00 9.888985405474346457e-01 6.740280174463729457e-02 1.166473786635274124e+00
3.528154115380883332e-02 1.005657289230458051e+00 9.823774456404839039e-01 6.815741906087112445e-02 1.158765246464326326e+00
3.569049345675229939e-02 9.929670577429194900e-01 9.748371871634508024e-01 6.892018241417220692e-02 1.150585669637827158e+00
3.610418597173337130e-02 9.780439815441118734e-01 9.666067196157909214e-01 6.969117291307816431e-02 1.142072036099572641e+00
3.652267364308175307e-02 9.616312565970622783e-01 9.580765658916355898e-01 7.047047231886448271e-02 1.133393035346845990e+00
3.694601205199302130e-02 9.446279020451229247e-01 9.496736454120666693e-01 7.125816304715411331e-02 1.124739763424960737e+00
3.737425742391064371e-02 9.280368161492704715e-01 9.418334485094845832e-01 7.205432816943040109e-02 1.116314036828790268e+00
3.780746663599349189e-02 9.129005249672298428e-01 9.349718064400938111e-01 7.285905141445001010e-02 1.108315002496236712e+00
3.824569722466999305e-02 9.002283352134347050e-01 9.294582516660631066e-01 7.367241716955279240e-02 1.100924968249049396e+00
3.868900739327975347e-02 8.909197543693049282e-01 9.255925173089809554e-01 7.449451048186522817e-02 1.094295564362844031e+00
3.913745601980384015e-02 8.856899391212291750e-01 9.235852390227928810e-01 7.532541705939434229e-02 1.088535438354273133e+00
3.959110266468458816e-02 8.850034552408098110e-01 9.235435375691872784e-01 7.616522327200846154e-02 1.083700654192096380e+00
4.005000757873611317e-02 8.890226690033654622e-01 9.254619627449111041e-01 7.701401615230167585e-02 1.079788801878477145e+00
4.051423171114647281e-02 8.975765600825703627e-01 9.292192746223099098e-01 7.787188339633821510e-02 1.076737531114341673e+00
4.098383671757261509e-02 9.101546074992596935e-01 9.345816467083576384e-01 7.873891336427349397e-02 1.074427831089425744e+00
4.145888496832911274e-02 9.259286663915829996e-01 9.412129524335103303e-01 7.961519508084778651e-02 1.072691931465310722e+00
4.193943955667186335e-02 9.438035004627011171e-01 9.486926710903660354e-01 8.050081823574922746e-02 1.071325250853693900e+00
4.242556430717776828e-02 9.624940077752015544e-01 9.565414814105365204e-01 8.139587318384218506e-02 1.070101421926055396e+00
4.291732378422157684e-02 9.806243875314893943e-01 9.642537480871358202e-01 8.230045094525702265e-02 1.068789120829265693e+00
4.341478330055092288e-02 9.968418105592666834e-01 9.713349309016199307e-01 8.321464320533761283e-02 1.067169251583335754e+00
4.391800892596085804e-02 1.009934881726166633e+00 9.773406879860296881e-01 8.413854231444245491e-02 1.065050995730515870e+00
4.442706749606882555e-02 1.018945632993579098e+00 9.819134449590068980e-01 8.507224128759527382e-02 1.062285331946873246e+00
4.494202662119142072e-02 1.023263249322194035e+00 9.848118184171130718e-01 8.601583380398118706e-02 1.058774848208346775e+00
4.546295469532399269e-02 1.022688427003504152e+00 9.859287644617439339e-01 8.696941420628384600e-02 1.054478992497977607e+00
4.598992090522438514e-02 1.017459307442587946e+00 9.852956982020656396e-01 8.793307749985981858e-02 1.049414313714191138e+00
4.652299523960189143e-02 1.008233285848915806e+00 9.830718620102151251e-01 8.890691935174520333e-02 1.043649703591644107e+00
4.706224849841281199e-02 9.960234595008853331e-01 9.795204650400465285e-01 8.989103608949061686e-02 1.037297127943495267e+00
4.760775230226368254e-02 9.820936706091423218e-01 9.749750643595563870e-01 9.088552469981961424e-02 1.030498789642246171e+00
4.815957910192350533e-02 9.678214660159897287e-01 9.698009003212900714e-01 9.189048282710610138e-02 1.023412049481404740e+00
4.871780218794630885e-02 9.545431686678145233e-01 9.643562495829740566e-01 9.290600877166618754e-02 1.016193696053467432e+00
4.928249570040513228e-02 9.433989086736768170e-01 9.589583827851418940e-01 9.393220148785944024e-02 1.008985258903868365e+00
4.985373463873893352e-02 9.351972087384460286e-01 9.538576560615668054e-01 9.496916058199487976e-02 1.001900970525160472e+00
5.043159487171358646e-02 9.303180219174009835e-01 9.492219303055023927e-01 9.601698631003680040e-02 9.950196927395448254e-01
5.101615314749833457e-02 9.286697006816015953e-01 9.451321456970011026e-01 9.707577957510531153e-02 9.883816477078231078e-01
5.160748710385907462e-02 9.297093131107581065e-01 9.415886125796407713e-01 9.814564192476650517e-02 9.819901776993978926e-01
5.220567527846975420e-02 9.325275106587510576e-01 9.385264478093796603e-01 9.922667554810724044e-02 9.758180744443223364e-01
5.281079711934331261e-02 9.359897143197674074e-01 9.358375959622362572e-01 1.003189832725890074e-01 9.698173664199156718e-01
5.342293299538352497e-02 9.389160083886627373e-01 9.333960807649647196e-01 1.014226685606757911e-01 9.639309397868827123e-01
5.404216420705915125e-02 9.402743254456369382e-01 9.310826622258837615e-01 1.025378355062302876e-01 9.581040941037415326e-01
5.466857299720180585e-02 9.393568002368458680e-01 9.288050992689751428e-01 1.036645888306730878e-01 9.522941616069340309e-01
5.530224256192900478e-02 9.359088439378207003e-01 9.265108652315134918e-01 1.048030338788991100e-01 9.464766617193648424e-01
5.594325706169377826e-02 9.301852966953494395e-01 9.241904307402917240e-01 1.059532766149456628e-01 9.406470755788985949e-01
5.659170163246242391e-02 9.229179323582191730e-01 9.218709310684713998e-01 1.071154236174062940e-01 9.348181111132158883e-01
5.724766239702178822e-02 9.151926556462472995e-01 9.196018409196841104e-01 1.082895820745845700e-01 9.290131543670775427e-01
5.791122647641758214e-02 9.082510354968149624e-01 9.174358130247872722e-01 1.094758597793817345e-01 9.232573245946588125e-01
5.858248200152536139e-02 9.032466584611115179e-01 9.154087966133511722e-01 1.106743651239123633e-01 9.175680421038031609e-01
5.926151812475552449e-02 9.009990401039336128e-01 9.135237714360205930e-01 1.118852070938415044e-01 9.119471828482939024e-01
5.994842503189409116e-02 9.017934952011409377e-01 9.117418685924011390e-01 1.131084952624375750e-01 9.063766739365610725e-01
6.064329395408061402e-02 9.052721964195744597e-01 9.099833506123830018e-01 1.143443397843340731e-01 9.008187751342875416e-01
6.134621717992506246e-02 9.104488031895338063e-01 9.081390445420104429e-01 1.155928513889941667e-01 8.952213713076075940e-01
6.205728806776500406e-02 9.158575600095070213e-01 9.060906511188826506e-01 1.168541413738712342e-01 8.895275408232994341e-01
6.277660105806499857e-02 9.198207567755199987e-01 9.037363004627064766e-01 1.181283215972590700e-01 8.836876935585258330e-01
6.350425168595962011e-02 9.207908475268372639e-01 9.010162571417247301e-01 1.194155044708246627e-01 8.776719094200816640e-01
6.424033659394190465e-02 9.177013705185984582e-01 8.979332149535256269e-01 1.207158029518170111e-01 8.714799091298719436e-01
6.498495354469888130e-02 9.102500676572765625e-01 8.945624041408803961e-01 1.220293305349450103e-01 8.651464133893740360e-01
6.573820143409585259e-02 8.990427320663986199e-01 8.910486979037989252e-01 1.233562012439170796e-01 8.587404530911180167e-01
6.650018030431117944e-02 8.855488734609751056e-01 8.875906467417481460e-01 1.246965296226358738e-01 8.523583500957393477e-01
6.727099135712336087e-02 8.718578968773268434e-01 8.844142330033092358e-01 1.260504307260405799e-01 8.461113890858020792e-01
6.805073696735206012e-02 8.602705476484683311e-01 8.817414006306981689e-01 1.274180201105893917e-01 8.401103803132006220e-01
6.883952069645496441e-02 8.528048497330216193e-01 8.797594978925514786e-01 1.287994138243750142e-01 8.344500776581186274e-01
6.963744730628222690e-02 8.507270542621888643e-01 8.785974310218194194e-01 1.301947283968654390e-01 8.291965291316051312e-01
7.044462277299036457e-02 8.542258140278330414e-01 8.783127361048351789e-01 1.316040808282625540e-01 8.243798240982236347e-01
7.126115430111745752e-02 8.623258041133341489e-01 8.788914046786854284e-01 1.330275885784707457e-01 8.199934986121182323e-01
7.208715033782135684e-02 8.730861699612636473e-01 8.802596815202111680e-01 1.344653695556674577e-01 8.160003605632595303e-01
7.292272058728312134e-02 8.840585980616701978e-01 8.823046516339753120e-01 1.359175421044683807e-01 8.123430566244668194e-01
7.376797602527730702e-02 8.929059858718393361e-01 8.848986459880625599e-01 1.373842249936786108e-01 8.089566624183638366e-01
7.462302891391107973e-02 8.980263051212058478e-01 8.879217093930718008e-01 1.388655374036218970e-01 8.057801952779556354e-01
7.548799281653431614e-02 8.990067857422688880e-01 8.912769078750250040e-01 1.403615989130398145e-01 8.027643477306978248e-01
7.636298261282241373e-02 8.967630068144789579e-01 8.948951569665787309e-01 1.418725294855524288e-01 7.998738457903198373e-01
7.724811451403400253e-02 8.932949824846762032e-01 8.987291073981407141e-01 1.433984494556719003e-01 7.970843521378242480e-01
7.814350607844541829e-02 8.911015619276144717e-01 9.027385976948968382e-01 1.449394795143606751e-01 7.943753142397489420e-01
7.904927622696419909e-02 8.924056807030089633e-01 9.068723947294864418e-01 1.464957406941255758e-01 7.917211842058894389e-01
7.996554525892346499e-02 8.984201082310161457e-01 9.110518332284849308e-01 1.480673543536387138e-01 7.890837698090820140e-01
8.089243486805938743e-02 9.088949027692709848e-01 9.151613692336133532e-01 1.496544421618768717e-01 7.864080669683291003e-01
8.183006815867389927e-02 9.221191171172546941e-01 9.190491167226880753e-01 1.512571260817699159e-01 7.836228775481867137e-01
8.277856966198472721e-02 9.354113802440010561e-01 9.225376048653156635e-01 1.528755283533495268e-01 7.806461070732244600e-01
8.373806535266489770e-02 9.459650740271340341e-01 9.254422283827510309e-01 1.545097714763887242e-01 7.773933624911766316e-01
8.470868266557401993e-02 9.517710979565815466e-01 9.275933743143975896e-01 1.561599781925231689e-01 7.737878981907269083e-01
8.569055051268346934e-02 9.522829570183647396e-01 9.288584543467808263e-01 1.578262714668445810e-01 7.697702416022734750e-01
8.668379930019773361e-02 9.485518791027811591e-01 9.291611987298687980e-01 1.595087744689571152e-01 7.653064873099751919e-01
8.768856094587426653e-02 9.427395197701374796e-01 9.284965441976743561e-01 1.612076105534867299e-01 7.603947508238466657e-01
8.870496889654402861e-02 9.371596158966621903e-01 9.269401106418045933e-01 1.629229032400340282e-01 7.550695349103030418e-01
8.973315814583519845e-02 9.332173834570648419e-01 9.246517114350762956e-01 1.646547761925606645e-01 7.494038448890389947e-01
9.077326525210223374e-02 9.307089649380392293e-01 9.218723850513939055e-01 1.664033531981994329e-01 7.435087322345531602e-01
9.182542835656282154e-02 9.278490636017429072e-01 9.189140506373791872e-01 1.681687581454779368e-01 7.375295750340458145e-01
9.288978720164497993e-02 9.221194332978527308e-01 9.161406689103545053e-01 1.699511150019457628e-01 7.316381443637859361e-01
9.396648314954690606e-02 9.116641535684703035e-01 9.139405273966585419e-01 1.717505477911948630e-01 7.260198050287046678e-01
9.505565920101191613e-02 8.966512007335265544e-01 9.126910349763842634e-01 1.735671805692627079e-01 7.208561758091185379e-01
9.615746001432096124e-02 8.799297604280956753e-01 9.127193423142005990e-01 1.754011374004078028e-01 7.163048489293293297e-01
9.727203192450536995e-02 8.665254428766103745e-01 9.142634004966394556e-01 1.772525423322471039e-01 7.124788615933368430e-01
9.839952296278225985e-02 8.619890552624656088e-01 9.174386129013668567e-01 1.791215193702444253e-01 7.094292502245336252e-01
9.954008287621518569e-02 8.701689787186678293e-01 9.222150313319279480e-01 1.810081924515391238e-01 7.071339650450151337e-01
1.006938631476027024e-01 8.913534033842883675e-01 9.284089357856480929e-01 1.829126854181041817e-01 7.054954859696216385e-01
1.018610170155975214e-01 9.217032866921409662e-01 9.356909187339312872e-01 1.848351219892227504e-01 7.043479160216692403e-01
1.030416994950587445e-01 9.544073318471222311e-01 9.436110677775627620e-01 1.867756257332718051e-01 7.034728261072509259e-01
1.042360673976401170e-01 9.822046947756660762e-01 9.516404269874321198e-01 1.887343200388019726e-01 7.026220023684072169e-01
1.054442793526168404e-01 1.000199169605782368e+00 9.592254771167292304e-01 1.907113280849017378e-01 7.015442146234194265e-01
1.066664958279538722e-01 1.007625590323205422e+00 9.658489308347030233e-01 1.927067728108353972e-01 7.000122248981649475e-01
1.079028791516183639e-01 1.007642200852506553e+00 9.710874380039568043e-01 1.947207768849420484e-01 6.978460425103785170e-01
1.091535935331391094e-01 1.005188821242092967e+00 9.746564129403082477e-01 1.967534626727850400e-01 6.949291603944268703e-01
1.104188050854160164e-01 1.004007530751592991e+00 9.764346740604655794e-01 1.988049522045395312e-01 6.912159947878605548e-01
1.116986818467822634e-01 1.004473877875811771e+00 9.764663806643746335e-01 2.008753671416063924e-01 6.867306117651713615e-01
1.129933938033221702e-01 1.003536007664034058e+00 9.749428945139320124e-01 2.029648287424402342e-01 6.815583917934920910e-01
1.143031129114478600e-01 9.968945669597104597e-01 9.721703179788202531e-01 2.050734578275801023e-01 6.758329028898352187e-01
1.156280131207375328e-01 9.821877544844536123e-01 9.685287184496242929e-01 2.072013747438698761e-01 6.697198702342772592e-01
1.169682703970384707e-01 9.612106816714761637e-01 9.644275472136457639e-01 2.093486993278565189e-01 6.633993397697691696e-01
1.183240627458378019e-01 9.396516328766622017e-01 9.602609675042058646e-01 2.115155508683534968e-01 6.570469733889620079e-01
1.196955702359042834e-01 9.243184879177596125e-01 9.563684012550728308e-01 2.137020480681571521e-01 6.508165340838064639e-01
1.210829750232039481e-01 9.194770724269514250e-01 9.530070285033479527e-01 2.159083090049029041e-01 6.448267475831720441e-01
1.224864613750930725e-01 9.246142482683501473e-01 9.503406337596520537e-01 2.181344510910488976e-01 6.391550374640220245e-01
1.239062156947915577e-01 9.350839904516209389e-01 9.484447437184598817e-01 2.203805910329742490e-01 6.338386905616246736e-01
1.253424265461399456e-01 9.451553188378108983e-01 9.473245436584342150e-01 2.226468447891783720e-01 6.288822443608692581e-01
1.267952846786433996e-01 9.512899988784585537e-01 9.469396390471220837e-01 2.249333275275690325e-01 6.242684885822481489e-01
1.282649830528059809e-01 9.533467563822503044e-01 9.472285503674586771e-01 2.272401535818253659e-01 6.199697054977241217e-01
1.297517168657586761e-01 9.530752621335634167e-01 9.481272593660626802e-01 2.295674364068229223e-01 6.159563485875579891e-01
1.312556835771842845e-01 9.515194462661077379e-01 9.495789677740691381e-01 2.319152885331067782e-01 6.122017073216758920e-01
1.327770829355429116e-01 9.479219425863406601e-01 9.515335520072573106e-01 2.342838215203997543e-01 6.086818071350014181e-01
1.343161170046015263e-01 9.413894563865157217e-01 9.539359929963580065e-01 2.366731459101318602e-01 6.053702519250362402e-01
1.358729901902709092e-01 9.338515409608495466e-01 9.567071602855455881e-01 2.390833711769770054e-01 6.022296534246656119e-01
1.374479092677536596e-01 9.311001265082081702e-01 9.597264428416044657e-01 2.415146056793832097e-01 5.992040608668706136e-01
1.390410834090069769e-01 9.398381423245909527e-01 9.628275477575486407e-01 2.439669566090824637e-01 5.962174989389519286e-01
1.406527242105236331e-01 9.621881122962897548e-01 9.658142141988774743e-01 2.464405299395656668e-01 5.931814587447454823e-01
1.422830457214351862e-01 9.920633030463155144e-01 9.684941364385148965e-01 2.489354303735093477e-01 5.900102826270199330e-01
1.439322644719406574e-01 1.017160501023724128e+00 9.707200151920730713e-01 2.514517612891382647e-01 5.866393024216782770e-01
1.456005995020648591e-01 1.026000828880634819e+00 9.724227416016444359e-01 2.539896246855110062e-01 5.830391306054346634e-01
1.472882723907501801e-01 1.014965504046412281e+00 9.736275575680594097e-01 2.565491211267127980e-01 5.792223264636844338e-01
1.489955072852853779e-01 9.899374325034426825e-01 9.744505247378014712e-01 2.591303496849418075e-01 5.752415127072754153e-01
1.507225309310755434e-01 9.617268122278369580e-01 9.750736976493248331e-01 2.617334078824727350e-01 5.711782817116296540e-01
1.524695727017572888e-01 9.397857312532371665e-01 9.757015591280606692e-01 2.643583916324843130e-01 5.671238980333035418e-01
1.542368646296627399e-01 9.294548509656066493e-01 9.765112541299230120e-01 2.670053951787343949e-01 5.631572159067607108e-01
1.560246414366368017e-01 9.333010443320167715e-01 9.776150368993576922e-01 2.696745110340678098e-01 5.593279729678446444e-01
1.578331405652116382e-01 9.522465331441141156e-01 9.790472147443327611e-01 2.723658299177417752e-01 5.556510146818804952e-01
1.596626022101425013e-01 9.831286668351224556e-01 9.807735882974732977e-01 2.750794406915534340e-01 5.521106293795765563e-01
1.615132693503091299e-01 1.015470180415310564e+00 9.827113059382385218e-01 2.778154302947531962e-01 5.486695891175561446e-01
1.633853877809862132e-01 1.033927165709851437e+00 9.847517818942038703e-01 2.805738836777283418e-01 5.452795316702123696e-01
1.652792061464895546e-01 1.028013166173574522e+00 9.867875692445564617e-01 2.833548837344429527e-01 5.418929676792327843e-01
1.671949759731990170e-01 1.001395564990237741e+00 9.887362024853428855e-01 2.861585112336144654e-01 5.384737684106982725e-01
1.691329517029648843e-01 9.707227959815919460e-01 9.905438552794876284e-01 2.889848447486136340e-01 5.349986406087665625e-01
1.710933907269015231e-01 9.535458291955771770e-01 9.921672291547654066e-01 2.918339605860701957e-01 5.314490492314171144e-01
1.730765534195725930e-01 9.566367324989900611e-01 9.935559600638210753e-01 2.947059327131687501e-01 5.278034542053225975e-01
1.750827031735725237e-01 9.753849518975827859e-01 9.946526008281554310e-01 2.976008326836167561e-01 5.240372805406111612e-01
1.771121064345088647e-01 1.001725925166629727e+00 9.954057731817888000e-01 3.005187295622696042e-01 5.201286110492016057e-01
1.791650327363901452e-01 1.028933472543376082e+00 9.957854128726099097e-01 3.034596898483946648e-01 5.160647504489822568e-01
1.812417547374237659e-01 1.048990369614237528e+00 9.958041731064732893e-01 3.064237773975569956e-01 5.118514799582388752e-01
1.833425482562290598e-01 1.051467715675828529e+00 9.955520883174314717e-01 3.094110533421111642e-01 5.075281634008144138e-01
1.854676923084699336e-01 1.031199245527801622e+00 9.952254970579563764e-01 3.124215760102798112e-01 5.031804749807832211e-01
1.876174691439121411e-01 9.962252116741976415e-01 9.951121112108145539e-01 3.154554008438022472e-01 4.989340446713904642e-01
1.897921642839101308e-01 9.625419852157963696e-01 9.955249744729528505e-01 3.185125803141355960e-01 4.949255691611215147e-01
1.919920665593284892e-01 9.399949283023231184e-01 9.967246555949234033e-01 3.215931638371902213e-01 4.912683930697285262e-01
1.942174681489026444e-01 9.287109221790296187e-01 9.988515530729099590e-01 3.246971976865810072e-01 4.880224087706692693e-01
1.964686646180446583e-01 9.304316247736068579e-01 1.001861059344588023e+00 3.278247249053771739e-01 4.851657911944957657e-01
1.987459549580983809e-01 9.536739960731104304e-01 1.005479016532273784e+00 3.309757852163310310e-01 4.825767905086600917e-01
2.010496416260499075e-01 9.996094499183170168e-01 1.009215376191606284e+00 3.341504149305677962e-01 4.800418539703403820e-01
2.033800305846981960e-01 1.050383617909381506e+00 1.012429825424422170e+00 3.373486468547172712e-01 4.772859581765284132e-01
2.057374313432913659e-01 1.084409811449641436e+00 1.014412508075508423e+00 3.405705101964686676e-01 4.740075556331766471e-01
2.081221569986339281e-01 1.099717053551150459e+00 1.014489152658414550e+00 3.438160304685285995e-01 4.699212858746993904e-01
2.105345242766706038e-01 1.107234595308993264e+00 1.012155070884080521e+00 3.470852293909636455e-01 4.648109230945602910e-01
2.129748535745520921e-01 1.103687499438211983e+00 1.007187067219732945e+00 3.503781247919072750e-01 4.585731566073021348e-01
2.154434690031884481e-01 1.072944498701372762e+00 9.996926880687468930e-01 3.536947305066113767e-01 4.512379260518666890e-01
2.179406984302955930e-01 1.018424690550433720e+00 9.900971965680752662e-01 3.570350562748220158e-01 4.429669704531524754e-01
2.204668735239409816e-01 9.697133575224543556e-01 9.790778437368267140e-01 3.603991076364594370e-01 4.340335157369007435e-01
2.230223297965938656e-01 9.457776419345012009e-01 9.674610270825104719e-01 3.637868858255818849e-01 4.247864399484034270e-01
2.256074066496861485e-01 9.341058052798985045e-01 9.561149730831890459e-01 3.671983876626112586e-01 4.156093538621528083e-01
2.282224474186898555e-01 9.176480771684331073e-01 9.458512630274920063e-01 3.706336054448011175e-01 4.068780537478344783e-01
2.308677994187169624e-01 8.970806564181721399e-01 9.373354270898865970e-01 3.740925268349243327e-01 3.989159992484633821e-01
2.335438139906479416e-01 8.754453391041751020e-01 9.310291358741401568e-01 3.775751347481596243e-01 3.919598860642983240e-01
2.362508465477947683e-01 8.516472212168543221e-01 9.271551457703810506e-01 3.810814072371546679e-01 3.861346527282755736e-01
2.389892566231050230e-01 8.407190644733998353e-01 9.256728103467808388e-01 3.846113173752436776e-01 3.814354480307617368e-01
2.417594079169130827e-01 8.655005979228039825e-01 9.263153985237353449e-01 3.881648331377974825e-01 3.777426968382795458e-01
2.445616683452446483e-01 9.176565365761377713e-01 9.286759769623239569e-01 3.917419172816823392e-01 3.748641668037127617e-01
2.473964100886814066e-01 9.616240338224116835e-01 9.322496801212166728e-01 3.953425272228054954e-01 3.725587088529854762e-01
2.502640096417919069e-01 9.803904085890124964e-01 9.364825728431200869e-01 3.989666149117240268e-01 3.705631440078668848e-01
2.531648478631355337e-01 9.851877256804238980e-01 9.408927832149288628e-01 4.026141267072923524e-01 3.686511283326724397e-01
2.560993100258459609e-01 9.873030289147559646e-01 9.451379578420198158e-01 4.062850032483258378e-01 3.666644133012252338e-01
2.590677858688008595e-01 9.866110577000313242e-01 9.490138938509475874e-01 4.099791793232547832e-01 3.645107689193940459e-01
2.620706696483852682e-01 9.760979240105541743e-01 9.524781907426527194e-01 4.136965837377460375e-01 3.621731057018627853e-01
2.651083601908538756e-01 9.508367056079518598e-01 9.556431909234425204e-01 4.174371391802644271e-01 3.597046843282928341e-01
2.681812609453015361e-01 9.239072094865198315e-01 9.587360677141225640e-01 4.212007620855522383e-01 3.572099175752805333e-01
2.712897800372467416e-01 9.154285622719631199e-01 9.620622942018498547e-01 4.249873624959976115e-01 3.548271778375970409e-01
2.744343303228365394e-01 9.266901906860492977e-01 9.659104453436122562e-01 4.287968439208680871e-01 3.526852823949558347e-01
2.776153294436801144e-01 9.531383595661527819e-01 9.704807911153788824e-01 4.326291031933821585e-01 3.508712124378358110e-01
2.808331998823172526e-01 9.867959130516761324e-01 9.758964523073713204e-01 4.364840303255913545e-01 3.494353804393977581e-01
2.840883690183304000e-01 9.964608510260192231e-01 9.821981384900243528e-01 4.403615083610469272e-01 3.483897560666462390e-01
2.873812691851066470e-01 9.785459277747999840e-01 9.893064298066570617e-01 4.442614132252220571e-01 3.476922379078877801e-01
2.907123377272578524e-01 9.767382024094736215e-01 9.970077911863939324e-01 4.481836135736627647e-01 3.472425782737502686e-01
2.940820170587063465e-01 9.877740801548408056e-01 1.005016357344729938e+00 4.521279706378377172e-01 3.469117550160589203e-01
2.974907547214440395e-01 9.847408578451918304e-01 1.013009290606668777e+00 4.560943380686596216e-01 3.465587474558562975e-01
3.009390034449720974e-01 1.009212023228440280e+00 1.020570378477057671e+00 4.600825617776470589e-01 3.460071862244210039e-01
3.044272212064302874e-01 1.067431622629276156e+00 1.027220523076121994e+00 4.640924797756985631e-01 3.450591565782534786e-01
3.079558712914226559e-01 1.090085922906261606e+00 1.032403027113945049e+00 4.681239220094465248e-01 3.434884343144665730e-01
3.115254223555488089e-01 1.073525707838778320e+00 1.035513077353877209e+00 4.721767101951629408e-01 3.410510259279972978e-01
3.151363484866479547e-01 1.059484836429488208e+00 1.036087822640423539e+00 4.762506576501829292e-01 3.375609809805623640e-01
3.187891292677645927e-01 1.067804141741866220e+00 1.033912927391438030e+00 4.803455691218159185e-01 3.329301765333217422e-01
3.224842498408442282e-01 1.110938151678012797e+00 1.028992417069795717e+00 4.844612406137116523e-01 3.271531373492904682e-01
3.262222009711669979e-01 1.137476092253277837e+00 1.021561717831910077e+00 4.885974592096475333e-01 3.203134055013338588e-01
3.300034791125285305e-01 1.097680579121227629e+00 1.012096784744756839e+00 4.927540028947058337e-01 3.125918842186840019e-01
3.338285864731760921e-01 1.034053262231618087e+00 1.001234798888649191e+00 4.969306403738040778e-01 3.042401596793838925e-01
3.376980310825091203e-01 9.823369463558493386e-01 9.897747660550438864e-01 5.011271308875464570e-01 2.955884614726478343e-01
3.416123268585528616e-01 9.322310602403586222e-01 9.785019864410346990e-01 5.053432240253598051e-01 2.869752648795971250e-01
3.455719936762139399e-01 8.693530799902845496e-01 9.680191871352211708e-01 5.095786595358793303e-01 2.786727335133069028e-01
3.495775574363275129e-01 8.322972757287582235e-01 9.587572824122454485e-01 5.138331671345467422e-01 2.708865418600977515e-01
3.536295501355042892e-01 8.607515302899738652e-01 9.509295962318823348e-01 5.181064663083856381e-01 2.637293517605261428e-01
3.577285099367873422e-01 9.254429011879523603e-01 9.446132948218475267e-01 5.223982661179141784e-01 2.572523268870404167e-01
3.618749812411280464e-01 1.026563434160926214e+00 9.397514518814505946e-01 5.267082649961596363e-01 2.514428720860653610e-01
3.660695147596902399e-01 1.076712781375743999e+00 9.362661260362002968e-01 5.310361505447336317e-01 2.462752240656365388e-01
3.703126675869927165e-01 9.828218540149292748e-01 9.341082370859342676e-01 5.353815993269305240e-01 2.417337610363261280e-01
3.746050032748993175e-01 8.756960595341911624e-01 9.332411792579452525e-01 5.397442766578071094e-01 2.378058479269173353e-01
3.789470919074667821e-01 8.536048085435596899e-01 9.336165555477932143e-01 5.441238363912044296e-01 2.344707928941923425e-01
3.833395101766601254e-01 8.751165024591257557e-01 9.352487647361410472e-01 5.485199207036689506e-01 2.317347387068359466e-01
3.877828414589457595e-01 9.002471772885262125e-01 9.381594448180620160e-01 5.529321598752316991e-01 2.296048048445537837e-01
3.922776758927719598e-01 9.152772804399950113e-01 9.422981269236069268e-01 5.573601720670010584e-01 2.280523962384674863e-01
3.968246104569481680e-01 8.948900470867086065e-01 9.475315912454086442e-01 5.618035630955284798e-01 2.270092092319549171e-01
4.014242490499321803e-01 9.367805644845704771e-01 9.535916940114659290e-01 5.662619262038983692e-01 2.263450976972554707e-01
4.060772025700365440e-01 1.009465188841327299e+00 9.600724778368002754e-01 5.707348418295010717e-01 2.258696341865241985e-01
4.107840889965646558e-01 1.018275144632288187e+00 9.665538075973260090e-01 5.752218773684404374e-01 2.253906408309311604e-01
4.155455334718875515e-01 1.026095369998143436e+00 9.725763272272551774e-01 5.797225869365296713e-01 2.247034729937861519e-01
4.203621683844713797e-01 9.947883187242786418e-01 9.778485119850449658e-01 5.842365111268283950e-01 2.236828850465973073e-01
4.252346334528682159e-01 9.746325679344202131e-01 9.821322507559553383e-01 5.887631767636727353e-01 2.222293324805469927e-01
4.301635758106794882e-01 9.748282952839845139e-01 9.853471397512953978e-01 5.933020966531474816e-01 2.203133771818331921e-01
4.351496500925050026e-01 1.017043505708434603e+00 9.875033908907192570e-01 5.978527693299531265e-01 2.179443502897511209e-01
4.401935185208874501e-01 1.054443683192622494e+00 9.887338029819421337e-01 6.024146788006128350e-01 2.151838365321591950e-01
4.452958509942655518e-01 1.046365664999106437e+00 9.894737024502892053e-01 6.069872942829726004e-01 2.122246559835425928e-01
4.504573251759458330e-01 9.639643045386370179e-01 9.899091596305706897e-01 6.115700699419361897e-01 2.091491197812201941e-01
4.556786265841064054e-01 9.158448601535994493e-01 9.900891729252455642e-01 6.161624446213872508e-01 2.059790869869574936e-01
4.609604486828433600e-01 9.327516448218348133e-01 9.901830934001525364e-01 6.207638415722378511e-01 2.027890947419742906e-01
4.663034929742731483e-01 9.566657253955089812e-01 9.902779193910526967e-01 6.253736681765535987e-01 1.996175045265642656e-01
4.717084690917017209e-01 9.960277266843473587e-01 9.902476293008177777e-01 6.299913156676950621e-01 1.964092485432980539e-01
4.771760948938745805e-01 1.045579439595565541e+00 9.899230624772593634e-01 6.346161588464203085e-01 1.930903161516920874e-01
4.827070965603182939e-01 1.046100489118273469e+00 9.890885807346004865e-01 6.392475557928887220e-01 1.895661117109320726e-01
4.883022086877880086e-01 1.039118160739982422e+00 9.876794678351121792e-01 6.438848475745078126e-01 1.858078205848301134e-01
4.939621743878320759e-01 9.538455306265566369e-01 9.857522679492434214e-01 6.485273579495627327e-01 1.818394835398000620e-01
4.996877453854883799e-01 9.857237478911310413e-01 9.831770088796221163e-01 6.531743930665667719e-01 1.776025638357741077e-01
5.054796821191240852e-01 1.022330064391809401e+00 9.801414227286342484e-01 6.578252411592693250e-01 1.731782101198780233e-01
5.113387538414325695e-01 1.032908487360788108e+00 9.767857762257557974e-01 6.624791722372611602e-01 1.686270978799743470e-01
5.172657387216018643e-01 9.634317415580132549e-01 9.732273504882469339e-01 6.671354377721090412e-01 1.640002946673439210e-01
5.232614239486661489e-01 8.447876779284085869e-01 9.697354822098593896e-01 6.717932703789555315e-01 1.594176375252594202e-01
5.293266058360561743e-01 9.554832166404053639e-01 9.664738889098292152e-01 6.764518834935192571e-01 1.549532148946382304e-01
5.354620899273607737e-01 9.906536064402055031e-01 9.635331658236765406e-01 6.811104710444235710e-01 1.506491111655838822e-01
5.416686911033151697e-01 9.142503946874578347e-01 9.608895091657558840e-01 6.857682071207895635e-01 1.464961049211325750e-01
5.479472336900287344e-01 9.605836367487101679e-01 9.585740642557933899e-01 6.904242456350202506e-01 1.425096401890179054e-01
5.542985515684668574e-01 1.056903132131664202e+00 9.563971737824956687e-01 6.950777199807062212e-01 1.386049162178090155e-01
5.607234882852032420e-01 1.011233625286943383e+00 9.543414966512691056e-01 6.997277426855796900e-01 1.347747151319094450e-01
5.672228971644543982e-01 9.156725203988027584e-01 9.524411222491862006e-01 7.043734050594447904e-01 1.310351880760666499e-01
5.737976414214134291e-01 8.560136298682131661e-01 9.507293913970138455e-01 7.090137768370081695e-01 1.274022461125187133e-01
5.804485942768977669e-01 9.185224707175762004e-01 9.493354116911005836e-01 7.136479058155351662e-01 1.239356853344795173e-01
5.871766390733255125e-01 1.060369519148469664e+00 9.483781263542488960e-01 7.182748174872534141e-01 1.206908882800154376e-01
5.939826693920355893e-01 9.462587251774515762e-01 9.479380003155097878e-01 7.228935146664270395e-01 1.177056047732284588e-01
6.008675891719686968e-01 9.513272917728622380e-01 9.481396426338727368e-01 7.275029771110211874e-01 1.150375303320375631e-01
6.078323128297229427e-01 9.231116208497017750e-01 9.489158055391772040e-01 7.321021611388748296e-01 1.126559916096644964e-01
6.148777653810023613e-01 8.307159054817042643e-01 9.502190013086189158e-01 7.366899992383040274e-01 1.105389364235014465e-01
6.220048825634711953e-01 9.039528253382416167e-01 9.517660842958991507e-01 7.412653996730464989e-01 1.085564960076207675e-01
6.292146109610343707e-01 9.769138497444115332e-01 9.533690158708637563e-01 7.458272460814682203e-01 1.066227887335771812e-01
6.365079081295571539e-01 1.017615328873105796e+00 9.545340720011017410e-01 7.503743970699432442e-01 1.045134276997594369e-01
6.438857427240419762e-01 9.685074450324939743e-01 9.549893512104903337e-01 7.549056858003196924e-01 1.021058325239822123e-01
6.513490946272803006e-01 1.075625108063494206e+00 9.545105300808246485e-01 7.594199195713841055e-01 9.929873936679106672e-02
6.588989550799949635e-01 9.921662436642848526e-01 9.529042541981681547e-01 7.639158793942352199e-01 9.600372811071157531e-02
6.665363268124913088e-01 9.548825121428725637e-01 9.502556466970919491e-01 7.683923195614722479e-01 9.225744375163032196e-02
6.742622241778342129e-01 9.690834000154453509e-01 9.467473075228389767e-01 7.728479672101096210e-01 8.814000973790296622e-02
6.820776732865685421e-01 9.429236320859649689e-01 9.428717404782797074e-01 7.772815218781203850e-01 8.387427591145250882e-02
6.899837121430018039e-01 9.271679310288341025e-01 9.389952470528256656e-01 7.816916550545150999e-01 7.962791831391587138e-02
6.979813907830659803e-01 9.131387962815243897e-01 9.354890672414098995e-01 7.860770097228573228e-01 7.557362169087088188e-02
7.060717714137773049e-01 8.323679028814243708e-01 9.327597141269451386e-01 7.904361998981193072e-01 7.190295907059691960e-02
7.142559285543126357e-01 9.390978383756635184e-01 9.312093924675249879e-01 7.947678101567766662e-01 6.880707884422906928e-02
7.225349491787214085e-01 9.115701705826286805e-01 9.308832379324908368e-01 7.990703951600406363e-01 6.631016945100345894e-02
7.309099328602910450e-01 9.410595762440879808e-01 9.319436902800796174e-01 8.033424791701263556e-01 6.448894008167779801e-02
7.393819919175865785e-01 8.402963311742500663e-01 9.342083486441947748e-01 8.075825555594507987e-01 6.325681482557339586e-02
7.479522515621821466e-01 9.198053493410535131e-01 9.374007669314724511e-01 8.117890863126565604e-01 6.248209613274843116e-02
7.566218500481054487e-01 9.735226213656179572e-01 9.410003292072294245e-01 8.159605015213527990e-01 6.192063914302422395e-02
7.653919388230148169e-01 9.842836907951512115e-01 9.448996971222340946e-01 8.200951988714638707e-01 6.152144039135969827e-02
7.742636826811269968e-01 9.600394218506880240e-01 9.486669564595132664e-01 8.241915431230767419e-01 6.108561969807405068e-02
7.832382599179196214e-01 9.629919520238653385e-01 9.519104293382032456e-01 8.282478655826741587e-01 6.043575970444943490e-02
7.923168624866253618e-01 1.017939890233467759e+00 9.545214982803639225e-01 8.322624635676381111e-01 5.952540660368325215e-02
8.015006961565405152e-01 8.997676339373580356e-01 9.562697524750931599e-01 8.362335998629114586e-01 5.825280541973102549e-02
8.107909806731686819e-01 1.002463183888030240e+00 9.571949132930809290e-01 8.401595021696982579e-01 5.663863842302091500e-02
8.201889499202202893e-01 1.012976428573226118e+00 9.573855084132777415e-01 8.440383625460839978e-01 5.472466316808989595e-02
8.296958520834906148e-01 9.858906181914857125e-01 9.571089786348986328e-01 8.478683368394570596e-01 5.263297327584776086e-02
8.393129498166364000e-01 9.686824225112863340e-01 9.564725194269465547e-01 8.516475441106072797e-01 5.041259837009706007e-02
8.490415204088747059e-01 8.991771373229371367e-01 9.557552358618549571e-01 8.553740660493793779e-01 4.819060705449742382e-02
8.588828559546249908e-01 8.427630267474335302e-01 9.550403679556044301e-01 8.590459463817537999e-01 4.600533602234885971e-02
8.688382635251183927e-01 9.835411329802274949e-01 9.544607970291292265e-01 8.626611902682305155e-01 4.391783486457844637e-02
8.789090653419954213e-01 9.704526390371881472e-01 9.541324195777090011e-01 8.662177636933831026e-01 4.198156694258066424e-02
8.890965989529158175e-01 1.061707739708906306e+00 9.540870248420806332e-01 8.697135928464546639e-01 4.021173191541944220e-02
8.994022174092044519e-01 8.339522138100534665e-01 9.542431555647427066e-01 8.731465634928623487e-01 3.857190453849258099e-02
9.098272894455557980e-01 1.006485646660172373e+00 9.543916943247694462e-01 8.765145203364755888e-01 3.696753618363739224e-02
9.203731996618220723e-01 9.740742735253529183e-01 9.545885103932824078e-01 8.798152663725307132e-01 3.542470931742706941e-02
9.310413487069075789e-01 9.699078280066659730e-01 9.548776976047699261e-01 8.830465622310460505e-01 3.396414582467463528e-02
9.418331534647951253e-01 9.764060564527176078e-01 9.550725838793747702e-01 8.862061255105947444e-01 3.250163089841812125e-02
9.527500472427290479e-01 8.973425817044404784e-01 9.552493343303172235e-01 8.892916301022946168e-01 3.107253890908565769e-02
9.637934799615786030e-01 9.439039616862814341e-01 9.555064951041690735e-01 8.923007055038705282e-01 2.972240717583295166e-02
9.749649183484085935e-01 9.268149122895241732e-01 9.557406224241681292e-01 8.952309361236430174e-01 2.840496396955731473e-02
9.862658461312820979e-01 1.043742547739747728e+00 9.561227486798457020e-01 8.980798605742965623e-01 2.719869387457356236e-02
9.976977642363201726e-01 9.616689084585181568e-01 9.567355643888180161e-01 9.008449709562742491e-01 2.614185973331299012e-02
1.009262190987048502e+00 9.491672490007869722e-01 9.575961649721788094e-01 9.035242322031336037e-01 2.524259343922856391e-02
1.020960662306047650e+00 9.632440274354058252e-01 9.588414220009355837e-01 9.061193723415390533e-01 2.456137182685986381e-02
1.032794731918952547e+00 8.643108772513700133e-01 9.603447564955605031e-01 9.086336831422061611e-01 2.403833734440563932e-02
1.044765971560805307e+00 9.450088158233663771e-01 9.620538716510947941e-01 9.110702969905828397e-01 2.364750383122089447e-02
1.056875971184805030e+00 9.631128055950478606e-01 9.641304433717726718e-01 9.134321895171737538e-01 2.345948419766517509e-02
1.069126339173477103e+00 1.091507011174694064e+00 9.663205248095454447e-01 9.157221895529081834e-01 2.335746609431662429e-02
1.081518702552289213e+00 9.134410426536350158e-01 9.687132246995295848e-01 9.179429883149607949e-01 2.337951984942194736e-02
1.094054707205743604e+00 9.392862642955254193e-01 9.711127737771637625e-01 9.200971478928405833e-01 2.343598227906341230e-02
1.106736018095974439e+00 1.062977434074936056e+00 9.736403663803739894e-01 9.221871090973181584e-01 2.357952402177929119e-02
1.119564319483879355e+00 9.406583229050208272e-01 9.762212692949362447e-01 9.242151987283597769e-01 2.377515933997433398e-02
1.132541315152812755e+00 9.866580661418241638e-01 9.788930838003686574e-01 9.261836363125772742e-01 2.403815641650007551e-02
1.145668728634872569e+00 9.723632760541910391e-01 9.817259742510819898e-01 9.280945403556652984e-01 2.439806371517689448e-02
1.158948303439811811e+00 9.413789770932883272e-01 9.845000195349372651e-01 9.299499341508543626e-01 2.475616108317692937e-02
1.172381803286599800e+00 9.653275194337449516e-01 9.871953169011710161e-01 9.317517511804154218e-01 2.510286880833598536e-02
1.185971012337670549e+00 9.899619072576018031e-01 9.896453249030271460e-01 9.335018401437336077e-01 2.536439901075319622e-02
1.199717735435885446e+00 9.805312012404527877e-01 9.917154191517866257e-01 9.352019696422917416e-01 2.548165285059941082e-02
1.213623798344241722e+00 1.081792944740944229e+00 9.932081658814129188e-01 9.368538325490942675e-01 2.536844377332875267e-02
1.227691047988360484e+00 9.793904699962346916e-01 9.940915211906519167e-01 9.384590500875233943e-01 2.501104281249626887e-02
1.241921352701784720e+00 1.020591822310590757e+00 9.943231104477173732e-01 9.400191756423557088e-01 2.439082062318603111e-02
1.256316602474121469e+00 1.148118015177052254e+00 9.939193741771561452e-01 9.415356983236344846e-01 2.351436531931123952e-02
1.270878709202059476e+00 1.000419968470585452e+00 9.931186838356302893e-01 9.430100463022479396e-01 2.248483298536737424e-02
1.285609606943296512e+00 8.867859372692530329e-01 9.920707412210867382e-01 9.444435899344365559e-01 2.136661799832521511e-02
1.300511252173409904e+00 9.563797721282358832e-01 9.911209183203339990e-01 9.458376446909431134e-01 2.031004722592648012e-02
1.315585624045705115e+00 9.715640019003732863e-01 9.903499284128758351e-01 9.471934739051917074e-01 1.934997739221756829e-02
1.330834724654076151e+00 9.311282778175343777e-01 9.898111520214325498e-01 9.485122913536634393e-01 1.850937952694339805e-02
1.346260579298911075e+00 9.728125428917165918e-01 9.895582898425309137e-01 9.497952636805349069e-01 1.781138180715743924e-02
1.361865236756082842e+00 1.058159518577410418e+00 9.894740305046921813e-01 9.510435126776601855e-01 1.720401282703674581e-02
1.377650769549054965e+00 9.968575121257431393e-01 9.893156208795318429e-01 9.522581174300572826e-01 1.658018301054051472e-02
1.393619274224143556e+00 1.002244795888685758e+00 9.890868239425438802e-01 9.534401163362604681e-01 1.594099540273911930e-02
1.409772871628967694e+00 1.063687137193046306e+00 9.885172687284149440e-01 9.545905090121378223e-01 1.516714845529443245e-02
1.426113707194129887e+00 9.719104116381777070e-01 9.874863941896097064e-01 9.557102580861016605e-01 1.420487301235589389e-02
1.442643951218158804e+00 9.450547350359330689e-01 9.860385581987416437e-01 9.568002908930195449e-01 1.307259930785831595e-02
1.459365799155757593e+00 1.030005068163134530e+00 9.843249981204009735e-01 9.578615010735695989e-01 1.183579648434663310e-02
1.476281471909391074e+00 9.582347107636765005e-01 9.824848790024884870e-01 9.588947500852718075e-01 1.055493417401387815e-02
1.493393216124253353e+00 9.806854578544704770e-01 9.805288585866718254e-01 9.599008686309455918e-01 9.233995521619546218e-03
1.510703304486655574e+00 9.971176207646946787e-01 9.787196889430416213e-01 9.608806580099278349e-01 7.988873759639303351e-03
1.528214036025870914e+00 9.778848661398706898e-01 9.773116201784548540e-01 9.618348913969811953e-01 6.932535103693848733e-03
1.545927736419478560e+00 9.194433552452895286e-01 9.764953566879721603e-01 9.627643150534590522e-01 6.150197787452880288e-03
1.563846758302247730e+00 9.705565066643062622e-01 9.762296960848493299e-01 9.636696494749754649e-01 5.623833186171087184e-03
1.581973481578601515e+00 9.988092845726957991e-01 9.765720220194714640e-01 9.645515904795007867e-01 5.378816459877850016e-03
1.600310313738701806e+00 9.194972987183656077e-01 9.774795231054526079e-01 9.654108102395551061e-01 5.395510726284101499e-03
1.618859690178199306e+00 1.004200188613114886e+00 9.789963835410285808e-01 9.662479582618752616e-01 5.692498263876393655e-03
1.637624074521689010e+00 9.004582527181574925e-01 9.808636949017370821e-01 9.670636623177326641e-01 6.153595255071375031e-03
1.656605958949915136e+00 1.058476104532651174e+00 9.831338935499464027e-01 9.678585293268349155e-01 6.800787001335210566e-03
1.675807864530768798e+00 1.024663129743442980e+00 9.854313229166762333e-01 9.686331461975468127e-01 7.467036311459765777e-03
1.695232341554121502e+00 9.436058449834461292e-01 9.877035389473007854e-01 9.693880806259975724e-01 8.128934416943274163e-03
1.714881969870540868e+00 9.418003157818604087e-01 9.899880100247800963e-01 9.701238818564419386e-01 8.802738901610094799e-03
1.734759359233932541e+00 1.119102803502113330e+00 9.921827813156240961e-01 9.708410814051036120e-01 9.443540530221471163e-03
1.754867149648152047e+00 1.055081215988526111e+00 9.942909497776188932e-01 9.715401937495860007e-01 1.005271382691879690e-02
1.775208011717636092e+00 9.282117767416673271e-01 9.964325766015484920e-01 9.722217169857734209e-01 1.068259969454441946e-02
1.795784647002096834e+00 9.748319251872719082e-01 9.986463100676163940e-01 9.728861334540543915e-01 1.134968821793856664e-02
1.816599788375328650e+00 9.246690977213588569e-01 1.001003019919008086e+00 9.735339103365554525e-01 1.208430414563533076e-02
1.837656200388172456e+00 1.023903736321787106e+00 1.003449782266263579e+00 9.741655002269788977e-01 1.286289795936019012e-02
1.858956679635688225e+00 1.045952136106683028e+00 1.006036407456452730e+00 9.747813416745321202e-01 1.370648994381052678e-02
1.880504055128583429e+00 9.968162971739291667e-01 1.008455710839232244e+00 9.753818597033441229e-01 1.448215545004745246e-02
1.902301188668945819e+00 9.162787117642708923e-01 1.010403142698228507e+00 9.759674663086861379e-01 1.505934756988403130e-02
1.924350975230332272e+00 1.106406244449002818e+00 1.011908811287805188e+00 9.765385609312107196e-01 1.545198047825209128e-02
1.946656343342263229e+00 1.044499287217560024e+00 1.012546953842116126e+00 9.770955309103805941e-01 1.547814457299953074e-02
1.969220255479173565e+00 1.160000288295713666e+00 1.012273805033235163e+00 9.776387519181539698e-01 1.511959067648093943e-02
1.992045708453871189e+00 9.725084775490744349e-01 1.011076245839147347e+00 9.781685883739623666e-01 1.437019487719853536e-02
2.015135733815558439e+00 9.872878816773598132e-01 1.009117189450131402e+00 9.786853938419211030e-01 1.329849723037333613e-02
2.038493398252464228e+00 1.028273581431045969e+00 1.006586916376082108e+00 9.791895114111905940e-01 1.198452825413502676e-02
2.062121803999144465e+00 1.006514361118531209e+00 1.003538397004045457e+00 9.796812740603264569e-01 1.044918706623931652e-02
2.086024089248504687e+00 1.012145083744491414e+00 1.000237532113568362e+00 9.801610050064217816e-01 8.805726206546862778e-03
2.110203428568596440e+00 9.470543437681473442e-01 9.970984187973606083e-01 9.806290180397954082e-01 7.233287132947844277e-03
2.134663033324245340e+00 9.534067433939492631e-01 9.941640951695346340e-01 9.810856178449325338e-01 5.751165030851290196e-03
2.159406152103567678e+00 9.814770725172095034e-01 9.913941786654988375e-01 9.815311003083542207e-01 4.342299463382357644e-03
2.184436071149428393e+00 9.389627827868077814e-01 9.889730021637376245e-01 9.819657528140406377e-01 3.088094483316968907e-03
2.209756114795903059e+00 1.081217410213204611e+00 9.865387889777988972e-01 9.823898545270104421e-01 1.830296908569297625e-03
2.235369645909796699e+00 1.058378638957490736e+00 9.842917137842402964e-01 9.828036766656151890e-01 6.570565269915639318e-04
2.261280066337279404e+00 8.963630713754475732e-01 9.820990914084338774e-01 9.832074827630878922e-01 4.898658626378084345e-04
2.287490817355704031e+00 1.044364597070679856e+00 9.799410126964622769e-01 9.836015289188404509e-01 1.619260906516598736e-03
2.314005380130653933e+00 9.669978293710270734e-01 9.776587953706011858e-01 9.839860640399948899e-01 2.801635968953213908e-03
2.340827276178294447e+00 8.756478371068444622e-01 9.753593866716548932e-01 9.843613300735940541e-01 3.989876526483173737e-03
2.367960067833078774e+00 1.024321984296068244e+00 9.730439462784639115e-01 9.847275622299183073e-01 5.183638799189158389e-03
2.395407358720879287e+00 1.025437446915838269e+00 9.709427175741770499e-01 9.850849891973145755e-01 6.280092588654580081e-03
2.423172794237600680e+00 1.021560845720903554e+00 9.689978750903159854e-01 9.854338333489187640e-01 7.304644335226221676e-03
2.451260062033339793e+00 8.774603437546373286e-01 9.673095310761369303e-01 9.857743109416341465e-01 8.212029372299211455e-03
2.479672892502160053e+00 9.247792644130163886e-01 9.661289373374569722e-01 9.861066323077087858e-01 8.888789545345165966e-03
2.508415059277541381e+00 1.023312170351224681e+00 9.653841451661581141e-01 9.864310020392426104e-01 9.366551048488411940e-03
2.537490379733571721e+00 9.490258165348842700e-01 9.653225020550505464e-01 9.867476191659261264e-01 9.533657312124931005e-03
2.566902715491951703e+00 9.204077364486469293e-01 9.658356070364705337e-01 9.870566773263100835e-01 9.438878505709772174e-03
2.596655972934872381e+00 1.042210465091740312e+00 9.668596297305371845e-01 9.873583649328849798e-01 9.111382805357486764e-03
2.626754103723838440e+00 8.416080713323326190e-01 9.684238700937853883e-01 9.876528653312317552e-01 8.538842463546813394e-03
2.657201105324506596e+00 9.845969969539761779e-01 9.703412969556249879e-01 9.879403569534979113e-01 7.806211540664099828e-03
2.688001021537607560e+00 9.731594635939480042e-01 9.726138395492297528e-01 9.882210134664375367e-01 6.913639507169245906e-03
2.719157943036019098e+00 1.015266352502820046e+00 9.750183590456659166e-01 9.884950039142452738e-01 5.961685333371944187e-03
2.750676007908067433e+00 1.046063382277908849e+00 9.773358591834061526e-01 9.887624928563967242e-01 5.048150130029055611e-03
2.782559402207125832e+00 9.590314792223438856e-01 9.795741539873723536e-01 9.890236405007033493e-01 4.169354837821205757e-03
2.814812360507581435e+00 9.767019820171332078e-01 9.816297962512119391e-01 9.892786028317797076e-01 3.370883364771538795e-03
2.847439166467247595e+00 9.845724623518509189e-01 9.833180145871828204e-01 9.895275317351057698e-01 2.733886535663270292e-03
2.880444153396297668e+00 9.669370849674077117e-01 9.848949608101645881e-01 9.897705751168683896e-01 2.144623131064872946e-03
2.913831704832788638e+00 9.455051468095810874e-01 9.862396009103542305e-01 9.900078770197417999e-01 1.656213123373870061e-03
2.947606255124858521e+00 1.062881276265145392e+00 9.873763516749203273e-01 9.902395777347805517e-01 1.257558789449748178e-03
2.981772290019673477e+00 9.377388414427775265e-01 9.882055425567803919e-01 9.904658139095718905e-01 9.922049964323827881e-04
3.016334347259197468e+00 1.054891048975741263e+00 9.886882241511809610e-01 9.906867186527923419e-01 8.769793032363566590e-04
3.051297017182871052e+00 1.002984870032336273e+00 9.888276114340179834e-01 9.909024216353150560e-01 9.103048761916851962e-04
3.086664943337274369e+00 9.268001567680708153e-01 9.884842822621490166e-01 9.911130491880015825e-01 1.153426126654215041e-03
3.122442823092857811e+00 9.653132433198950979e-01 9.876996298244573591e-01 9.913187243962988671e-01 1.588418369951525005e-03
3.158635408267818967e+00 1.026086985833738918e+00 9.864747317275005534e-01 9.915195671917707010e-01 2.215323831942884319e-03
3.195247505759213791e+00 1.097385655793983616e+00 9.846849500859793380e-01 9.917156944406773089e-01 3.089886016284593053e-03
3.232283978181380579e+00 9.565714307344437284e-01 9.824591649584678565e-01 9.919072200297147646e-01 4.156543116547215845e-03
3.269749744511767808e+00 1.005251079051096896e+00 9.799123699755276640e-01 9.920942549490223694e-01 5.365694672549403167e-03
3.307649780744242651e+00 9.688443254856827780e-01 9.771880378228321451e-01 9.922769073725552502e-01 6.654742465421299540e-03
3.345989120549974771e+00 9.201547379572432295e-01 9.745561142435940072e-01 9.924552827359292007e-01 7.904097240144849004e-03
3.384772855945982872e+00 8.892339787564267350e-01 9.719962646578953480e-01 9.926294838118172592e-01 9.122574833912129935e-03
3.424006137971425723e+00 1.056362338455314243e+00 9.697371879106067016e-01 9.927996107829994976e-01 1.020754778358324774e-02
3.463694177371734462e+00 1.000733359186101845e+00 9.679661255005589382e-01 9.929657613131468441e-01 1.107411453955219928e-02
3.503842245290675894e+00 9.279173983358035560e-01 9.667042135429244620e-01 9.931280306154213200e-01 1.171162829779629454e-02
3.544455673970435594e+00 9.594083880543495813e-01 9.658959383497996987e-01 9.932865115189628558e-01 1.214419810867193965e-02
3.585539857459817181e+00 9.789322215640321456e-01 9.657377427802515957e-01 9.934412945333612743e-01 1.228300367072398570e-02
3.627100252330648367e+00 9.315481685637864162e-01 9.662282210784699510e-01 9.935924679111514113e-01 1.212857262791641744e-02
3.669142378402494131e+00 8.813060900948244125e-01 9.674041238883293037e-01 9.937401177084310699e-01 1.166488844177475739e-02
3.711671819475766743e+00 1.063778661017471316e+00 9.692770100994498872e-01 9.938843278436526596e-01 1.088793044387773891e-02
3.754694224073336972e+00 9.494157800449706253e-01 9.717115542394783034e-01 9.940251801546498012e-01 9.860019084636264391e-03
3.798215306190736218e+00 9.926893675312936649e-01 9.745281529941329790e-01 9.941627544539730632e-01 8.663098696225168815e-03
3.842240846055060999e+00 9.324097719185691080e-01 9.775767703864524094e-01 9.942971285825794592e-01 7.365312100634575920e-03
3.886776690892667752e+00 9.539229372856115052e-01 9.807655372052188625e-01 9.944283784619378785e-01 6.008312559897585788e-03
3.931828755705770284e+00 9.639585299753766767e-01 9.837308696758145787e-01 9.945565781446044085e-01 4.753194372236522504e-03
3.977403024058036696e+00 1.050167001893819396e+00 9.863135221469335745e-01 9.946817998633208369e-01 3.669184285858657305e-03
4.023505548869293236e+00 9.710870256338368645e-01 9.882938759216810531e-01 9.948041140786778591e-01 2.851468438553730021e-03
4.070142453219438572e+00 1.025039553787744362e+00 9.895265684968873598e-01 9.949235895254067152e-01 2.362268682687326642e-03
4.117319931161679492e+00 1.122752147342576112e+00 9.897233921978241256e-01 9.950402932573252368e-01 2.326832490436209471e-03
4.165044248545185290e+00 1.052923973489408915e+00 9.892157117536662936e-01 9.951542906909964792e-01 2.599414181068594124e-03
4.213321743847289191e+00 9.235620035366191027e-01 9.878893689430547909e-01 9.952656456481401293e-01 3.230701603568251687e-03
4.262158829015325168e+00 8.675594998161468840e-01 9.857888765068095749e-01 9.953744203968322157e-01 4.202562513334231857e-03
4.311561990318228510e+00 9.923263067923199232e-01 9.831138517310089586e-01 9.954806756915379751e-01 5.429018701571078007e-03
4.361537789208005833e+00 9.776057316303753408e-01 9.798568471607221886e-01 9.955844708120129560e-01 6.915482052290191847e-03
4.412092863191189984e+00 1.034627477764148429e+00 9.762489272541576835e-01 9.956858636011096664e-01 8.561771547727520595e-03
4.463233926710397093e+00 1.071793100722820080e+00 9.723820972936326745e-01 9.957849105015210700e-01 1.032858659477223912e-02
4.514967772036102112e+00 9.871883767453952796e-01 9.686305641122545662e-01 9.958816665915064537e-01 1.204956879078116980e-02
4.567301270168746541e+00 9.421479884292663920e-01 9.651166402465153338e-01 9.959761856196112095e-01 1.366915065052648481e-02
4.620241371751313331e+00 9.294473979763497873e-01 9.622238935170109864e-01 9.960685200384356008e-01 1.501307787174214516e-02
4.673795107992464004e+00 9.196646839089273051e-01 9.602715414523830262e-01 9.961587210374636125e-01 1.593448308427312249e-02
4.727969591600390764e+00 9.288279005100397168e-01 9.594083828794145452e-01 9.962468385749945199e-01 1.636344742793341064e-02
4.782772017727485725e+00 9.173898087527123657e-01 9.598107898748095002e-01 9.963329214091949382e-01 1.621885294635235300e-02
4.838209664925956943e+00 9.373926844842980222e-01 9.614349163297279954e-01 9.964170171283019961e-01 1.552124564217913921e-02
4.894289896114531579e+00 8.409040962599236835e-01 9.641710022412822712e-01 9.964991721800091629e-01 1.432287646137318099e-02
4.951020159556350997e+00 1.027970005284920996e+00 9.677712824898274668e-01 9.965794319000516044e-01 1.273918888586657479e-02
5.008407989848212338e+00 9.765613447649571510e-01 9.719289500350100086e-01 9.966578405400190466e-01 1.091156934501326392e-02
5.066461008921268494e+00 1.002240634660556129e+00 9.762720800578713609e-01 9.967344412944183496e-01 9.008595882775529209e-03
5.125186927053333008e+00 1.117504475215232995e+00 9.803898099249553910e-01 9.968092763270117729e-01 7.213282297548651197e-03
5.184593543892913381e+00 9.538000097586486481e-01 9.840441471159101505e-01 9.968823867964480279e-01 5.629340230117811129e-03
5.244688749495119318e+00 9.851401773451485822e-01 9.871892744871654246e-01 9.969538128812112099e-01 4.274610440659697835e-03
5.305480525369573819e+00 1.041434526088681034e+00 9.899025311991856979e-01 9.970235938039031520e-01 3.113000928524605176e-03
5.366976945540476329e+00 1.002843511109681174e+00 9.921483790330389851e-01 9.970917678548842922e-01 2.158503496926647818e-03
5.429186177618943177e+00 9.312996431133094832e-01 9.941913254252787713e-01 9.971583724152879302e-01 1.294170572102305503e-03
5.492116483887789613e+00 9.270171209413347047e-01 9.961643170115995760e-01 9.972234439794300798e-01 4.614988112685806530e-04
5.555776222398877806e+00 1.044002367114394536e+00 9.982586276060879671e-01 9.972870181766240183e-01 4.229065348787413615e-04
5.620173848083187984e+00 9.847151114025496366e-01 1.000255757135117607e+00 9.973491297924321763e-01 1.263846634541568271e-03
5.685317913873753071e+00 1.052966211669673635e+00 1.002220056687273209e+00 9.974098127893553656e-01 2.089453096302011734e-03
5.751217071841614015e+00 9.214063007653074955e-01 1.004178026953134850e+00 9.974691003269851031e-01 2.911263113419939111e-03
5.817880074344935259e+00 1.012811075621717460e+00 1.005899703241478482e+00 9.975270247816310221e-01 3.630009695549828250e-03
5.885315775191449994e+00 1.098864006154255168e+00 1.007268809455104996e+00 9.975836177654391346e-01 4.196077447964760218e-03
5.953533130814370189e+00 1.064719009083310297e+00 1.008133829842666085e+00 9.976389101450220398e-01 4.544809306778373019e-03
6.022541201461927507e+00 1.014154213432222784e+00 1.008656972504673677e+00 9.976929320595968598e-01 4.746599436967376129e-03
6.092349152400711176e+00 9.480188324090539354e-01 1.008748699653726932e+00 9.977457129386633206e-01 4.763117488741305978e-03
6.162966255132942273e+00 1.016092813111807880e+00 1.008508772974956891e+00 9.977972815192341915e-01 4.637364097195987092e-03
6.234401888627863819e+00 9.877481326766981429e-01 1.008263407671103007e+00 9.978476658626080908e-01 4.509760101768306266e-03
6.306665540567405692e+00 1.105008489523509496e+00 1.007927394761265250e+00 9.978968933707312861e-01 4.343578590145665691e-03
6.379766808606282424e+00 9.505916292672198509e-01 1.007645635921210703e+00 9.979449908021285065e-01 4.201225757485309124e-03
6.453715401646701544e+00 9.423088430129344939e-01 1.007515189070145922e+00 9.979919842874431790e-01 4.124549070146222088e-03
6.528521141127847649e+00 9.849534093100006382e-01 1.007690867299902093e+00 9.980378993445646607e-01 4.180289133874796025e-03
6.604193962330305645e+00 1.157268040261925979e+00 1.007905658787705772e+00 9.980827608933926509e-01 4.253329090174304793e-03
6.680743915695614987e+00 9.155694434801395776e-01 1.008033832898357129e+00 9.981265932702145793e-01 4.289481961024739325e-03
6.758181168161110364e+00 9.354261026792727307e-01 1.007983029510749029e+00 9.981694202417221717e-01 4.248959593883813723e-03
6.836516004510238886e+00 1.095341640665252303e+00 1.007434273791421919e+00 9.982112650186885094e-01 3.994255189566149611e-03
6.915758828738525210e+00 1.068417927649311983e+00 1.006260495357260698e+00 9.982521502692771609e-01 3.470168764464603203e-03
6.995920165435374649e+00 9.642881735876593918e-01 1.004191130021488298e+00 9.982920981320484444e-01 2.558747432204241685e-03
7.077010661181889262e+00 1.036329628799341984e+00 1.001205110027037826e+00 9.983311302286113076e-01 1.248443916094085261e-03
7.159041085964887863e+00 1.076083668840029706e+00 9.973893312050803317e-01 9.983692676759805540e-01 4.264854841336981309e-04
7.242022334607315592e+00 9.960438862085723155e-01 9.929187043789531320e-01 9.984065310986169894e-01 2.393721380318105697e-03
7.325965428215230446e+00 9.903166323759652334e-01 9.879371331007555934e-01 9.984429406401653662e-01 4.593941357138218128e-03
7.410881515641570161e+00 1.029063712741070447e+00 9.826665442751706392e-01 9.984785159749134387e-01 6.932554320221943206e-03
7.496781874966877091e+00 9.377331586281558717e-01 9.776366118332007193e-01 9.985132763189528138e-01 9.176386423025274450e-03
7.583677914997190683e+00 9.118684191099614145e-01 9.729198273547260412e-01 9.985472404410755676e-01 1.129156173521832056e-02
7.671581176779302069e+00 8.725396716575141154e-01 9.691621917459523061e-01 9.985804266733901979e-01 1.298658571651736988e-02
7.760503335133570602e+00 1.031690962077931983e+00 9.663776912368170491e-01 9.986128529216895533e-01 1.425025572753425493e-02
7.850456200204509294e+00 9.446461978503805090e-01 9.646826662546063025e-01 9.986445366755503095e-01 1.502645539262518863e-02
7.941451719029339884e+00 9.752336814119535457e-01 9.641837065777959515e-01 9.986754950181948587e-01 1.526460530421688486e-02
8.033501977124734239e+00 9.695053161497565464e-01 9.649643912601912898e-01 9.987057446361091717e-01 1.492626050664834676e-02
8.126619200091946382e+00 9.443123891523184099e-01 9.667626020027811906e-01 9.987353018284172990e-01 1.413055902715509154e-02
8.220815755240540312e+00 8.993438730510543433e-01 9.695250512808899490e-01 9.987641825160371578e-01 1.290392420480717013e-02
8.316104153230961415e+00 9.279753028228873157e-01 9.730512515627138814e-01 9.987924022506042832e-01 1.133951445512937709e-02
8.412497049736117560e+00 9.778136013931739701e-01 9.771332452296027649e-01 9.988199762231901868e-01 9.533429941978820849e-03
8.510007247122246099e+00 1.002922319576222021e+00 9.813354292042617555e-01 9.988469192727909007e-01 7.681455978874071437e-03
8.608647696149244410e+00 1.076631335920478660e+00 9.853530079235975903e-01 9.988732458946258941e-01 5.918534349417919546e-03
8.708431497690723333e+00 9.959912554812392349e-01 9.888970175821317765e-01 9.988989702482249378e-01 4.370498317452135330e-03
8.809371904473991322e+00 9.437933825124394938e-01 9.915879227079723579e-01 9.989241061653251208e-01 3.201265175589021201e-03
8.911482322840202031e+00 1.069012267621554768e+00 9.931446451197741832e-01 9.989486671575711352e-01 2.530666470975143426e-03
9.014776314524917566e+00 9.117250877172253798e-01 9.934684599876392186e-01 9.989726664240354825e-01 2.399521403107197741e-03
9.119267598459298796e+00 1.095678436755030072e+00 9.924463581933897771e-01 9.989961168585523854e-01 2.856757690347539683e-03
9.224970052592174952e+00 1.063383776755032706e+00 9.901553924629471481e-01 9.990190310568802801e-01 3.870404488435223288e-03
9.331897715733239451e+00 1.014338151222556217e+00 9.866815221841542805e-01 9.990414213236766816e-01 5.406499768004635088e-03
9.440064789417602853e+00 1.071587969788058814e+00 9.824784501121005542e-01 9.990632996793353815e-01 7.269972327965171927e-03
9.549485639791965852e+00 9.241536028309147444e-01 9.778015715206322955e-01 9.990846778666240269e-01 9.351567682531307379e-03
9.660174799522645017e+00 8.582397530182083178e-01 9.730351574520186286e-01 9.991055673571884732e-01 1.148284664865784066e-02
9.772146969725724830e+00 9.937734491898605471e-01 9.685091123992167761e-01 9.991259793578870507e-01 1.351654046468751466e-02
9.885417021919574054e+00 9.328395323795136695e-01 9.644810573998680026e-01 9.991459248169805019e-01 1.533521894028496042e-02
1.000000000000000000e+01 9.533203449145694064e-01 9.610679871386800244e-01 9.991654144301738150e-01 1.688328147356906936e-02
