# tau=t/t_H SFF SFF_smoothed GOE_connected DeltaK_abs_log10_ratio
1.000000000000000048e-04 1.324409274859433481e+02 1.324376575732392780e+02 1.999800019997333795e-04 5.821024922388217782e+00
1.011591112223829728e-04 1.324393713860401647e+02 1.324367410967366823e+02 2.022977581832760541e-04 5.816017415374039601e+00
1.023316578330244966e-04 1.324377790196381852e+02 1.324356813279665630e+02 2.046423742725537011e-04 5.811009444276720615e+00
1.035177955630176228e-04 1.324361495419015853e+02 1.324344820293690645e+02 2.070141614763123497e-04 5.806001021490812875e+00
1.047176819485520245e-04 1.324344820883322029e+02 1.324331508780147715e+02 2.094134346075829226e-04 5.800992172248067291e+00
1.059314763518370031e-04 1.324327757743132281e+02 1.324316983763403073e+02 2.118405121253895179e-04 5.795982931046157027e+00
1.071593399822671198e-04 1.324310296946416372e+02 1.324301365771745793e+02 2.142957161769398083e-04 5.790973337468299675e+00
1.084014359178331018e-04 1.324292429230501398e+02 1.324284778339202830e+02 2.167793726403025999e-04 5.785963432085152292e+00
1.096579291267809898e-04 1.324274145117179557e+02 1.324267337505409330e+02 2.192918111675785128e-04 5.780953253011670512e+00
1.109289864895222780e-04 1.324255434907701385e+02 1.324249144389060007e+02 2.218333652285692595e-04 5.775942833471646942e+00
1.122147768207980290e-04 1.324236288677662117e+02 1.324230281149073107e+02 2.244043721549514021e-04 5.770932200473028573e+00
1.135154708920999033e-04 1.324216696271757598e+02 1.324210809996192779e+02 2.270051731849600921e-04 5.765921374483486517e+00
1.148312414543511137e-04 1.324196647298419407e+02 1.324190774501940666e+02 2.296361135085894041e-04 5.760910369859353786e+00
1.161622632608501891e-04 1.324176131124344522e+02 1.324170202303087649e+02 2.322975423133139818e-04 5.755899195732250284e+00
1.175087130904807617e-04 1.324155136868871523e+02 1.324149108371918260e+02 2.349898128303393684e-04 5.750887857081318444e+00
1.188707697711903309e-04 1.324133653398246793e+02 1.324127498227342699e+02 2.377132823813860615e-04 5.745876355786127654e+00
1.202486142037412301e-04 1.324111669319750320e+02 1.324105370708340388e+02 2.404683124260139629e-04 5.740864691536105902e+00
1.216424293857368039e-04 1.324089172975690190e+02 1.324082727582864436e+02 2.432552686094931291e-04 5.735852864982063259e+00
1.230524004359261579e-04 1.324066152437253550e+02 1.324059556844374868e+02 2.460745208112275753e-04 5.730840872257502383e+00
1.244787146187906256e-04 1.324042595498217167e+02 1.324035846207115128e+02 2.489264431937378481e-04 5.725828709404795269e+00
1.259215613694150942e-04 1.324018489668510767e+02 1.324011583099642451e+02 2.518114142522093635e-04 5.720816372373041858e+00
1.273811323186478520e-04 1.323993822167640815e+02 1.323986754658193092e+02 2.547298168646127152e-04 5.715803857015881562e+00
1.288576213185518003e-04 1.323968579917956276e+02 1.323961347719919104e+02 2.576820383424025126e-04 5.710791159089260383e+00
1.303512244681508938e-04 1.323942749537752945e+02 1.323935348815942064e+02 2.606684704818018248e-04 5.705778274249130533e+00
1.318621401394748458e-04 1.323916317334230257e+02 1.323908744164262714e+02 2.636895096156779473e-04 5.700765198049111859e+00
1.333905690039058638e-04 1.323889269296281270e+02 1.323881519662508310e+02 2.667455566660177873e-04 5.695751925938091098e+00
1.349367140588306430e-04 1.323861591087114675e+02 1.323853660880502616e+02 2.698370171970083421e-04 5.690738453257765173e+00
1.365007806546013845e-04 1.323833268036705988e+02 1.323825153052676171e+02 2.729643014687300768e-04 5.685724775240126760e+00
1.380829765218092263e-04 1.323804285134085603e+02 1.323795981070285279e+02 2.761278244914698696e-04 5.680710887004891241e+00
1.396835117988739626e-04 1.323774627019426759e+02 1.323766129473482636e+02 2.793280060806610596e-04 5.675696783556868574e+00
1.413025990599533599e-04 1.323744277975983721e+02 1.323735582443163423e+02 2.825652709124569940e-04 5.670682459783262352e+00
1.429404533431761061e-04 1.323713221921811964e+02 1.323704323792662194e+02 2.858400485799463138e-04 5.665667910450917333e+00
1.445972921792019463e-04 1.323681442401319543e+02 1.323672336959240283e+02 2.891527736500166482e-04 5.660653130203495920e+00
1.462733356201129868e-04 1.323648922576618077e+02 1.323639604995371428e+02 2.925038857208746290e-04 5.655638113558589808e+00
1.479688062686396383e-04 1.323615645218668817e+02 1.323606110559850606e+02 2.958938294802293295e-04 5.650622854904764125e+00
1.496839293077255632e-04 1.323581592698240570e+02 1.323571835908665264e+02 2.993230547641470953e-04 5.645607348498531408e+00
1.514189325304352018e-04 1.323546746976640236e+02 1.323536762885697158e+02 3.027920166165852479e-04 5.640591588461259853e+00
1.531740463702079740e-04 1.323511089596247530e+02 1.323500872913174646e+02 3.063011753496128480e-04 5.635575568775999855e+00
1.549495039314631646e-04 1.323474601670820050e+02 1.323464146981925751e+02 3.098509966043256183e-04 5.630559283284245709e+00
1.567455410205595065e-04 1.323437263875589167e+02 1.323426565641402135e+02 3.134419514124640264e-04 5.625542725682613820e+00
1.585623961771137158e-04 1.323399056437115462e+02 1.323388108989471448e+02 3.170745162587414656e-04 5.620525889519447205e+00
1.604003107056819902e-04 1.323359959122918497e+02 1.323348756661992525e+02 3.207491731438919663e-04 5.615508768191343592e+00
1.622595287078087002e-04 1.323319951230872960e+02 1.323308487822119162e+02 3.244664096484443775e-04 5.610491354939591169e+00
1.641402971144466361e-04 1.323279011578350151e+02 1.323267281149395558e+02 3.282267189972323958e-04 5.605473642846535043e+00
1.660428657187529582e-04 1.323237118491122430e+02 1.323225114828572089e+02 3.320306001246483034e-04 5.600455624831845114e+00
1.679674872092653225e-04 1.323194249792012158e+02 1.323181966538187737e+02 3.358785577406489791e-04 5.595437293648708454e+00
1.699144172034625999e-04 1.323150382789268633e+02 1.323137813438879959e+02 3.397711023975232372e-04 5.590418641879924877e+00
1.718839142817145534e-04 1.323105494264702315e+02 1.323092632161423978e+02 3.437087505574287316e-04 5.585399661933909243e+00
1.738762400216250527e-04 1.323059560461520903e+02 1.323046398794513721e+02 3.476920246607074268e-04 5.580380346040612949e+00
1.758916590327732731e-04 1.323012557071915580e+02 1.322999088872243760e+02 3.517214531949887954e-04 5.575360686247328168e+00
1.779304389918577296e-04 1.322964459224341169e+02 1.322950677361326655e+02 3.557975707650890365e-04 5.570340674414419269e+00
1.799928506782476454e-04 1.322915241470513763e+02 1.322901138647998494e+02 3.599209181637167787e-04 5.565320302210931658e+00
1.820791680099462359e-04 1.322864877772120451e+02 1.322850446524646202e+02 3.640920424429929100e-04 5.560299561110113586e+00
1.841896680799710861e-04 1.322813341487211858e+02 1.322798574176109128e+02 3.683114969867951061e-04 5.555278442384820714e+00
1.863246311931559835e-04 1.322760605356299379e+02 1.322745494165690161e+02 3.725798415839356222e-04 5.550256937102827415e+00
1.884843409033795474e-04 1.322706641488119033e+02 1.322691178420826930e+02 3.768976425021829200e-04 5.545235036122010186e+00
1.906690840512252085e-04 1.322651421345088352e+02 1.322635598218458313e+02 3.812654725631356933e-04 5.540212730085434245e+00
1.928791508020777693e-04 1.322594915728423643e+02 1.322578724170038811e+02 3.856839112179594859e-04 5.535190009416318446e+00
1.951148346846616412e-04 1.322537094762916183e+02 1.322520526206225782e+02 3.901535446239965256e-04 5.530166864312874964e+00
1.973764326300255292e-04 1.322477927881375592e+02 1.322460973561218225e+02 3.946749657222570142e-04 5.525143284743045946e+00
1.996642450109793374e-04 1.322417383808704301e+02 1.322400034756730349e+02 3.992487743158042342e-04 5.520119260439096287e+00
2.019785756819878484e-04 1.322355430545622141e+02 1.322337677585611573e+02 4.038755771490413322e-04 5.515094780892094484e+00
2.043197320195270594e-04 1.322292035352018331e+02 1.322273869095091925e+02 4.085559879879120844e-04 5.510069835346258493e+00
2.066880249629082160e-04 1.322227164729925164e+02 1.322208575569649440e+02 4.132906277010250777e-04 5.505044412793165698e+00
2.090837690555749911e-04 1.322160784406111134e+02 1.322141762513487038e+02 4.180801243417118758e-04 5.500018501965835860e+00
2.115072824868794756e-04 1.322092859314269049e+02 1.322073394632611496e+02 4.229251132310303941e-04 5.494992091332663975e+00
2.139588871343421563e-04 1.322023353576824150e+02 1.322003435816522767e+02 4.278262370417234553e-04 5.489965169091222563e+00
2.164389086064020347e-04 1.321952230486300550e+02 1.321931849119461617e+02 4.327841458831445626e-04 5.484937723161910306e+00
2.189476762856620634e-04 1.321879452486298021e+02 1.321858596741264193e+02 4.377994973871608101e-04 5.479909741181451466e+00
2.214855233726359179e-04 1.321804981152012601e+02 1.321783640007765257e+02 4.428729567950449105e-04 5.474881210496250539e+00
2.240527869300018224e-04 1.321728777170344529e+02 1.321706939350772529e+02 4.480051970453672368e-04 5.469852118155583476e+00
2.266498079273692845e-04 1.321650800319540906e+02 1.321628454287571515e+02 4.531968988628995334e-04 5.464822450904629036e+00
2.292769312865648647e-04 1.321571009448374525e+02 1.321548143399997457e+02 4.584487508485416253e-04 5.459792195177342933e+00
2.319345059274427543e-04 1.321489362454884144e+02 1.321465964313011057e+02 4.637614495702829451e-04 5.454761337089157891e+00
2.346228848142262321e-04 1.321405816264609712e+02 1.321381873672811764e+02 4.691356996552108020e-04 5.449729862429516736e+00
2.373424250023866149e-04 1.321320326808341576e+02 1.321295827124448010e+02 4.745722138825771044e-04 5.444697756654226062e+00
2.400934876860651764e-04 1.321232848999395628e+02 1.321207779288935455e+02 4.800717132779357848e-04 5.439665004877636711e+00
2.428764382460450548e-04 1.321143336710345011e+02 1.321117683739851714e+02 4.856349272083631814e-04 5.434631591864633293e+00
2.456916462982790305e-04 1.321051742749262132e+02 1.321025492979423177e+02 4.912625934787734090e-04 5.429597502022439848e+00
2.485394857429798422e-04 1.320958018835408723e+02 1.320931158414065862e+02 4.969554584293418929e-04 5.424562719392231891e+00
2.514203348142796828e-04 1.320862115574400661e+02 1.320834630329379706e+02 5.027142770340490468e-04 5.419527227640552169e+00
2.543345761304648361e-04 1.320763982432798684e+02 1.320735857864597165e+02 5.085398130003566160e-04 5.414491010050522135e+00
2.572825967447932359e-04 1.320663567712157374e+02 1.320634788986451724e+02 5.144328388700315953e-04 5.409454049512850027e+00
2.602647881969004482e-04 1.320560818522473028e+02 1.320531370462475707e+02 5.203941361211270435e-04 5.404416328516628454e+00
2.632815465648020189e-04 1.320455680755065089e+02 1.320425547833687290e+02 5.264244952711378493e-04 5.399377829139907270e+00
2.663332725174980963e-04 1.320348099054834563e+02 1.320317265386693180e+02 5.325247159813399026e-04 5.394338533040055950e+00
2.694203713681882413e-04 1.320238016791921041e+02 1.320206466125164013e+02 5.386956071623296956e-04 5.389298421443895037e+00
2.725432531281027707e-04 1.320125376032734437e+02 1.320093091740672548e+02 5.449379870807771449e-04 5.384257475137588678e+00
2.757023325609582747e-04 1.320010117510329337e+02 1.319977082582894923e+02 5.512526834674043221e-04 5.379215674456312435e+00
2.788980292380439777e-04 1.319892180594146964e+02 1.319858377629153097e+02 5.576405336262050530e-04 5.374172999273664431e+00
2.821307675939470740e-04 1.319771503259072745e+02 1.319736914453290240e+02 5.641023845449193727e-04 5.369129428990840225e+00
2.854009769829237591e-04 1.319648022053831937e+02 1.319612629193846089e+02 5.706390930067781241e-04 5.364084942525540356e+00
2.887090917359234400e-04 1.319521672068662781e+02 1.319485456521553033e+02 5.772515257035287567e-04 5.359039518300626526e+00
2.920555512182745244e-04 1.319392386902304679e+02 1.319355329606104590e+02 5.839405593497619526e-04 5.353993134232506002e+00
2.954407998880379709e-04 1.319260098628260778e+02 1.319222180082198861e+02 5.907070807985491607e-04 5.348945767719243349e+00
2.988652873550382482e-04 1.319124737760302253e+02 1.319085938014850115e+02 5.975519871584092542e-04 5.343897395628393276e+00
3.023294684405776131e-04 1.318986233217245001e+02 1.318946531863922473e+02 6.044761859116172141e-04 5.338847994284543041e+00
3.058338032378431388e-04 1.318844512286935355e+02 1.318803888447908150e+02 6.114805950338720762e-04 5.333797539456566206e+00
3.093787571730136510e-04 1.318699500589472962e+02 1.318657932906909025e+02 6.185661431153371536e-04 5.328746006344573516e+00
3.129648010670750265e-04 1.318551122039614825e+02 1.318508588664816443e+02 6.257337694830710732e-04 5.323693369566555589e+00
3.165924111983520412e-04 1.318399298808378433e+02 1.318355777390667072e+02 6.329844243248628540e-04 5.318639603144712069e+00
3.202620693657650080e-04 1.318243951283804165e+02 1.318199418959168554e+02 6.403190688144881583e-04 5.313584680491457490e+00
3.239742629528195514e-04 1.318084998030873578e+02 1.318039431410370526e+02 6.477386752384031937e-04 5.308528574395098509e+00
3.277294849923381931e-04 1.317922355750560257e+02 1.317875730908455125e+02 6.552442271238911225e-04 5.303471257005168304e+00
3.315282342319423150e-04 1.317755939238004999e+02 1.317708231699659791e+02 6.628367193686799481e-04 5.298412699817420801e+00
3.353710152002928996e-04 1.317585661339783769e+02 1.317536846069280898e+02 6.705171583720454355e-04 5.293352873658471403e+00
3.392583382740992125e-04 1.317411432910268161e+02 1.317361484297757954e+02 6.782865621674184688e-04 5.288291748670063797e+00
3.431907197459042598e-04 1.317233162767041961e+02 1.317182054615832101e+02 6.861459605565126780e-04 5.283229294292982381e+00
3.471686818926559680e-04 1.317050757645378951e+02 1.316998463158721790e+02 6.940963952449906568e-04 5.278165479250566783e+00
3.511927530450727588e-04 1.316864122151735046e+02 1.316810613919357138e+02 7.021389199796836253e-04 5.273100271531854233e+00
3.552634676578139260e-04 1.316673158716274656e+02 1.316618408700582279e+02 7.102746006873862216e-04 5.268033638374304495e+00
3.593813663804625697e-04 1.316477767544354833e+02 1.316421747066380306e+02 7.185045156152400836e-04 5.262965546246137549e+00
3.635469961293317630e-04 1.316277846567031133e+02 1.316220526292045463e+02 7.268297554727271449e-04 5.257895960828231630e+00
3.677609101601030626e-04 1.316073291390477209e+02 1.316014641313310563e+02 7.352514235752898855e-04 5.252824846995611807e+00
3.720236681413065759e-04 1.315863995244362172e+02 1.315803984674409435e+02 7.437706359895959914e-04 5.247752168798487382e+00
3.763358362286532656e-04 1.315649848929142252e+02 1.315588446475042872e+02 7.523885216804686738e-04 5.242677889442848738e+00
3.806979871402283821e-04 1.315430740762243147e+02 1.315367914316243798e+02 7.611062226594977193e-04 5.237601971270599677e+00
3.851107002325568655e-04 1.315206556523129393e+02 1.315142273245101592e+02 7.699248941353541457e-04 5.232524375739216360e+00
3.895745615775500948e-04 1.314977179397218947e+02 1.314911405698353803e+02 7.788457046658246209e-04 5.227445063400936398e+00
3.940901640403447737e-04 1.314742489918656929e+02 1.314675191444799225e+02 7.878698363115875427e-04 5.222363993881441679e+00
3.986581073580438726e-04 1.314502365911867230e+02 1.314433507526516962e+02 7.969984847917480205e-04 5.217281125858041158e+00
4.032789982193705223e-04 1.314256682431947638e+02 1.314186228198882702e+02 8.062328596411544182e-04 5.212196417037334051e+00
4.079534503452448896e-04 1.314005311703806456e+02 1.313933224869360004e+02 8.155741843695136963e-04 5.207109824132349019e+00
4.126820845702952015e-04 1.313748123060064472e+02 1.313674366035020853e+02 8.250236966223281057e-04 5.202021302839130001e+00
4.174655289253134888e-04 1.313484982877693881e+02 1.313409517218812539e+02 8.345826483436727481e-04 5.196930807812776720e+00
4.223044187206672164e-04 1.313215754513369404e+02 1.313138540904515992e+02 8.442523059408347120e-04 5.191838292642904307e+00
4.271993966306776428e-04 1.312940298237498666e+02 1.312861296470405534e+02 8.540339504508355755e-04 5.186743709828537163e+00
4.321511127789761839e-04 1.312658471166947152e+02 1.312577640121546665e+02 8.639288777088571184e-04 5.181647010752381100e+00
4.371602248248502198e-04 1.312370127196379315e+02 1.312287424820763420e+02 8.739383985185937695e-04 5.176548145654509270e+00
4.422273980505897289e-04 1.312075116928267278e+02 1.311990500218210229e+02 8.840638388245508714e-04 5.171447063605402406e+00
4.473533054498462949e-04 1.311773287601458549e+02 1.311686712579544576e+02 8.943065398863129416e-04 5.166343712478356665e+00
4.525386278170166862e-04 1.311464483018376939e+02 1.311375904712673446e+02 9.046678584548037199e-04 5.161238038921229787e+00
4.577840538376616304e-04 1.311148543470746404e+02 1.311057915893074721e+02 9.151491669505586049e-04 5.156129988327520230e+00
4.630902801799736631e-04 1.310825305663875326e+02 1.310732581787623587e+02 9.257518536440346307e-04 5.151019504806748195e+00
4.684580115873045137e-04 1.310494602639462016e+02 1.310399734376960339e+02 9.364773228379794524e-04 5.145906531154134989e+00
4.738879609717650920e-04 1.310156263696893575e+02 1.310059201876324835e+02 9.473269950518823247e-04 5.140791008819558527e+00
4.793808495089107069e-04 1.309810114313025622e+02 1.309710808654888865e+02 9.583023072085320110e-04 5.135672877875764541e+00
4.849374067335233355e-04 1.309455976060415594e+02 1.309354375153505998e+02 9.694047128227027644e-04 5.130552076985825494e+00
4.905583706365045484e-04 1.309093666523988588e+02 1.308989717800920687e+02 9.806356821919952685e-04 5.125428543369808132e+00
4.962444877628913436e-04 1.308722999216131484e+02 1.308616648928361315e+02 9.919967025898547650e-04 5.120302212770660333e+00
5.019965133110079530e-04 1.308343783490170438e+02 1.308234976682538218e+02 1.003489278460790004e-03 5.115173019419266609e+00
5.078152112327670659e-04 1.307955824452219815e+02 1.307844504936994099e+02 1.015114931617820552e-03 5.110040895998675836e+00
5.137013543351339135e-04 1.307558922871398579e+02 1.307445033201814226e+02 1.026875201442176535e-03 5.104905773607469222e+00
5.196557243827657369e-04 1.307152875088367523e+02 1.307036356531660033e+02 1.038771645085271840e-03 5.099767581722250753e+00
5.256791122018419265e-04 1.306737472922192467e+02 1.306618265432102532e+02 1.050805837672984288e-03 5.094626248159234372e+00
5.317723177850966487e-04 1.306312503575501864e+02 1.306190545764262083e+02 1.062979372512260975e-03 5.089481699034910989e+00
5.379361503980697925e-04 1.305877749537922625e+02 1.305752978647710165e+02 1.075293861300079820e-03 5.084333858725774924e+00
5.441714286865887004e-04 1.305432988487771127e+02 1.305305340361624360e+02 1.087750934334789834e-03 5.079182649827076013e+00
5.504789807854967333e-04 1.304977993191998564e+02 1.304847402244186299e+02 1.100352240729861797e-03 5.074027993110578727e+00
5.568596444286409188e-04 1.304512531404367337e+02 1.304378930590201264e+02 1.113099448630070366e-03 5.068869807481314105e+00
5.633142670601351629e-04 1.304036365761817535e+02 1.303899686546914438e+02 1.125994245430138188e-03 5.063708009933277410e+00
5.698437059469136636e-04 1.303549253679057642e+02 1.303409426008030039e+02 1.139038337995871945e-03 5.058542515504067083e+00
5.764488282925873171e-04 1.303050947241321751e+02 1.302907899505901241e+02 1.152233452887810273e-03 5.053373237228425019e+00
5.831305113526218760e-04 1.302541193095302958e+02 1.302394852101884624e+02 1.165581336587420865e-03 5.048200086090655958e+00
5.898896425508493501e-04 1.302019732338245035e+02 1.301870023274846062e+02 1.179083755725869294e-03 5.043022970975897579e+00
5.967271195973310833e-04 1.301486300405181851e+02 1.301333146807816661e+02 1.192742497315388414e-03 5.037841798620213751e+00
6.036438506075863814e-04 1.300940626954312620e+02 1.300783950672766593e+02 1.206559368983281706e-03 5.032656473559475430e+00
6.106407542232036075e-04 1.300382435750501600e+02 1.300222156913513629e+02 1.220536199208584888e-03 5.027466898077009638e+00
6.177187597338488134e-04 1.299811444546915880e+02 1.299647481526748720e+02 1.234674837561417415e-03 5.022272972149972148e+00
6.248788072006888211e-04 1.299227364964758351e+02 1.299059634341164440e+02 1.248977154945055124e-03 5.017074593394427851e+00
6.321218475812448011e-04 1.298629902371129106e+02 1.298458318894706736e+02 1.263445043840752402e-03 5.011871657009091763e+00
6.394488428556943443e-04 1.298018755754989684e+02 1.297843232309908501e+02 1.278080418555345996e-03 5.006664055717698680e+00
6.468607661546327617e-04 1.297393617601230460e+02 1.297214065167353851e+02 1.292885215471664510e-03 5.001451679709981946e+00
6.543586018883235361e-04 1.296754173762867879e+02 1.296570501377232745e+02 1.307861393301793700e-03 4.996234416581206261e+00
6.619433458774394430e-04 1.296100103331327773e+02 1.295912218049012097e+02 1.323010933343203837e-03 4.991012151270225239e+00
6.696160054853222054e-04 1.295431078504867344e+02 1.295238885359225947e+02 1.338335839737787511e-03 4.985784765996038814e+00
6.773775997517752102e-04 1.294746764455125856e+02 1.294550166417385242e+02 1.353838139733838652e-03 4.980552140192787469e+00
6.852291595284064167e-04 1.294046819191790405e+02 1.293845717130019466e+02 1.369519883950999018e-03 4.975314150443164607e+00
6.931717276155407569e-04 1.293330893425433885e+02 1.293125186062885632e+02 1.385383146648211166e-03 4.970070670410198233e+00
7.012063589007183975e-04 1.292598630428506397e+02 1.292388214301312246e+02 1.401430025994707639e-03 4.964821570767360193e+00
7.093341204987996815e-04 1.291849665894511929e+02 1.291634435308764353e+02 1.417662644344072111e-03 4.959566719126963896e+00
7.175560918936927952e-04 1.291083627795395898e+02 1.290863474783572826e+02 1.434083148511403538e-03 4.954305979966793672e+00
7.258733650817253023e-04 1.290300136237154334e+02 1.290074950513936756e+02 1.450693710053622531e-03 4.949039214554947996e+00
7.342870447166765678e-04 1.289498803313701387e+02 1.289268472231154590e+02 1.467496525552948808e-03 4.943766280872813113e+00
7.427982482564918871e-04 1.288679232959039780e+02 1.288443641461168170e+02 1.484493816903589836e-03 4.938487033536151927e+00
7.514081061116969704e-04 1.287841020797737315e+02 1.287600051374429881e+02 1.501687831601672104e-03 4.933201323714241582e+00
7.601177617955330547e-04 1.286983753993790742e+02 1.286737286634141810e+02 1.519080843038454710e-03 4.927908999047009075e+00
7.689283720758312941e-04 1.286107011097884083e+02 1.285854923242910388e+02 1.536675150796857139e-03 4.922609903560125844e+00
7.778411071286489781e-04 1.285210361893113031e+02 1.284952528387877919e+02 1.554473080951341776e-03 4.917303877577988480e+00
7.868571506936851423e-04 1.284293367239224324e+02 1.284029660284358556e+02 1.572476986371184769e-03 4.911990757634549176e+00
7.959777002314985571e-04 1.283355578915423507e+02 1.283085868018071096e+02 1.590689247027174706e-03 4.906670376381927490e+00
8.052039670825478267e-04 1.282396539461817611e+02 1.282120691386008104e+02 1.609112270301776620e-03 4.901342562496749267e+00
8.145371766280745229e-04 1.281415782019574294e+02 1.281133660736038564e+02 1.627748491302797749e-03 4.896007140584153206e+00
8.239785684528520143e-04 1.280412830169846359e+02 1.280124296805283848e+02 1.646600373180595383e-03 4.890663931079399340e+00
8.335293965098195066e-04 1.279387197771572175e+02 1.279092110557389077e+02 1.665670407448864750e-03 4.885312750147023486e+00
8.431909292866259040e-04 1.278338388798234035e+02 1.278036603018763344e+02 1.684961114309046614e-03 4.879953409577468371e+00
8.529644499741025759e-04 1.277265897173643054e+02 1.276957265113873774e+02 1.704475042978393197e-03 4.874585716681115066e+00
8.628512566366895297e-04 1.276169206606896012e+02 1.275853577499728857e+02 1.724214772021732955e-03 4.869209474179669428e+00
8.728526623848379762e-04 1.275047790426585550e+02 1.274725010399621397e+02 1.744182909686978243e-03 4.863824480094802283e+00
8.829699955494092365e-04 1.273901111414387799e+02 1.273571023436295349e+02 1.764382094244409038e-03 4.858430527633992746e+00
8.932045998580968784e-04 1.272728621638158586e+02 1.272391065464638160e+02 1.784814994329780857e-03 4.853027405073492950e+00
9.035578346138930074e-04 1.271529762284672529e+02 1.271184574404033185e+02 1.805484309291297646e-03 4.847614895638328036e+00
9.140310748756232161e-04 1.270303963492146408e+02 1.269950977070539437e+02 1.826392769540486488e-03 4.842192777379260349e+00
9.246257116405742597e-04 1.269050644182706549e+02 1.268689689009044059e+02 1.847543136907025532e-03 4.836760823046637014e+00
9.353431520292386373e-04 1.267769211894957948e+02 1.267400114325544394e+02 1.868938204997558535e-03 4.831318799961023203e+00
9.461848194722001460e-04 1.266459062616837770e+02 1.266081645519759888e+02 1.890580799558548054e-03 4.825866469880549126e+00
9.571521538991865398e-04 1.265119580618930399e+02 1.264733663318245505e+02 1.912473778843204811e-03 4.820403588864870414e+00
9.682466119303123836e-04 1.263750138288455531e+02 1.263355536508208701e+02 1.934620033982542000e-03 4.814929907135643283e+00
9.794696670695395360e-04 1.262350095964120129e+02 1.261946621772249131e+02 1.957022489360595117e-03 4.809445168933440762e+00
9.908228099003797609e-04 1.260918801772075852e+02 1.260506263524245725e+02 1.979684102993858018e-03 4.803949112370978547e+00
1.002307548283865382e-03 1.259455591463206900e+02 1.259033793746626202e+02 2.002607866914974267e-03 4.798441469282582972e+00
1.013925407558815411e-03 1.257959788251990290e+02 1.257528531829269411e+02 2.025796807560735577e-03 4.792921965069762535e+00
1.025677930744421868e-03 1.256430702657222298e+02 1.255989784410320169e+02 2.049253986164431378e-03 4.787390318542800394e+00
1.037566678745185890e-03 1.254867632344852382e+02 1.254416845219185319e+02 2.072982499152597417e-03 4.781846241758240801e+00
1.049593230558227598e-03 1.253269861973240467e+02 1.252808994922016979e+02 2.096985478546206996e-03 4.776289439852156704e+00
1.061759183483000071e-03 1.251636663041151962e+02 1.251165500969997879e+02 2.121266092366362512e-03 4.770719610869083027e+00
1.074066153333433447e-03 1.249967293738803704e+02 1.249485617450756223e+02 2.145827545044522860e-03 4.765136445586484193e+00
1.086515774652538433e-03 1.248260998802317090e+02 1.247768584943268451e+02 2.170673077837328296e-03 4.759539627334636869e+00
1.099109700929497193e-03 1.246517009371941782e+02 1.246013630376607750e+02 2.195805969246060908e-03 4.753928831811791156e+00
1.111849604819271095e-03 1.244734542854429264e+02 1.244219966892940192e+02 2.221229535440800984e-03 4.748303726894475219e+00
1.124737178364752007e-03 1.242912802789964672e+02 1.242386793715162412e+02 2.246947130689319182e-03 4.742663972442799469e+00
1.137774133221491381e-03 1.241050978724070148e+02 1.240513296019615126e+02 2.272962147790766503e-03 4.737009220100624418e+00
1.150962200885032299e-03 1.239148246084945697e+02 1.238598644814342151e+02 2.299278018514205012e-03 4.731339113090430537e+00
1.164303132920876775e-03 1.237203766066697455e+02 1.236641996823328213e+02 2.325898214042032217e-03 4.725653286002742703e+00
1.177798701197119331e-03 1.235216685518953454e+02 1.234642494377252717e+02 2.352826245418357214e-03 4.719951364579943132e+00
1.191450698119775895e-03 1.233186136843372793e+02 1.232599265311265100e+02 2.380065664002375871e-03 4.714232965494316474e+00
1.205260936870842505e-03 1.231111237897611375e+02 1.230511422870321212e+02 2.407620061926799698e-03 4.708497696120139686e+00
1.219231251649110712e-03 1.228991091907281685e+02 1.228378065622671755e+02 2.435493072561393472e-03 4.702745154299654118e+00
1.233363497913775872e-03 1.226824787386529891e+02 1.226198277382081585e+02 2.463688370981674969e-03 4.696974928102727986e+00
1.247659552630869806e-03 1.224611398067816452e+02 1.223971127139430592e+02 2.492209674442835352e-03 4.691186595580020935e+00
1.262121314522547276e-03 1.222349982841585074e+02 1.221695669004339351e+02 2.521060742858926597e-03 4.685379724509451727e+00
1.276750704319265777e-03 1.220039585706489760e+02 1.219370942157510598e+02 2.550245379287384949e-03 4.679553872135770121e+00
1.291549665014883998e-03 1.217679235730872023e+02 1.216995970814507189e+02 2.579767430418935040e-03 4.673708584903015328e+00
1.306520162124721234e-03 1.215267947026256081e+02 1.214569764201717277e+02 2.609630787072939745e-03 4.667843398179646996e+00
1.321664183946605082e-03 1.212804718733624014e+02 1.212091316545285480e+02 2.639839384698249112e-03 4.661957835976117792e+00
1.336983741824946661e-03 1.210288535023283032e+02 1.209559607073833831e+02 2.670397203879608643e-03 4.656051410654655776e+00
1.352480870417875451e-03 1.207718365109165717e+02 1.206973600035829577e+02 2.701308270849685049e-03 4.650123622631015863e+00
1.368157627967471913e-03 1.205093163278464914e+02 1.204332244732480319e+02 2.732576658006767144e-03 4.644173960067935703e+00
1.384016096573131502e-03 1.202411868937479511e+02 1.201634475567077089e+02 2.764206484438207819e-03 4.638201898560047276e+00
1.400058382468097589e-03 1.199673406674655354e+02 1.198879212111779395e+02 2.796201916449656943e-03 4.632206900809964445e+00
1.416286616299198848e-03 1.196876686341828702e+02 1.196065359192815976e+02 2.828567168100155470e-03 4.626188416295268446e+00
1.432702953409831009e-03 1.194020603154659312e+02 1.193191806995161670e+02 2.861306501743150592e-03 4.620145880926093795e+00
1.449309574126216591e-03 1.191104037813381069e+02 1.190257431187767736e+02 2.894424228573487436e-03 4.614078716693016169e+00
1.466108684046984459e-03 1.188125856644950602e+02 1.187261093070489153e+02 2.927924709180450627e-03 4.607986331304919858e+00
1.483102514336104337e-03 1.185084911767775537e+02 1.184201639743867105e+02 2.961812354106909892e-03 4.601868117816522386e+00
1.500293322019218348e-03 1.181980041280207132e+02 1.181077904302991470e+02 2.996091624414636521e-03 4.595723454245212558e+00
1.517683390283405343e-03 1.178810069474078830e+02 1.177888706056689188e+02 3.030767032255857023e-03 4.589551703176846686e+00
1.535275028780422714e-03 1.175573807074552377e+02 1.174632850773388952e+02 3.065843141451108592e-03 4.583352211360138817e+00
1.553070573933460147e-03 1.172270051507634321e+02 1.171309130954947335e+02 3.101324568073455818e-03 4.577124309289254178e+00
1.571072389247450424e-03 1.168897587196746741e+02 1.167916326139921921e+02 3.137215981039144508e-03 4.570867310774215930e+00
1.589282865622978049e-03 1.165455185889793484e+02 1.164453203237668930e+02 3.173522102704754225e-03 4.564580512498704223e+00
1.607704421673823627e-03 1.161941607018202234e+02 1.160918516894817145e+02 3.210247709470912848e-03 4.558263193564815019e+00
1.626339504048192157e-03 1.158355598089487160e+02 1.157311009895641689e+02 3.247397632392650790e-03 4.551914615024338140e+00
1.645190587753662514e-03 1.154695895114920177e+02 1.153629413597952862e+02 3.284976757796454708e-03 4.545534019396072267e+00
1.664260176485903671e-03 1.150961223073927471e+02 1.149872448406137408e+02 3.322990027904091856e-03 4.539120630168699932e+00
1.683550802961202323e-03 1.147150296416940591e+02 1.146038824283073581e+02 3.361442441463281805e-03 4.532673651288709138e+00
1.703065029252844422e-03 1.143261819608393353e+02 1.142127241302658831e+02 3.400339054385275415e-03 4.526192266632834915e+00
1.722805447131393972e-03 1.139294487711682251e+02 1.138136390244755773e+02 3.439684980389415628e-03 4.519675639464459493e+00
1.742774678408919205e-03 1.135246987017944775e+02 1.134064953234418169e+02 3.479485391654757714e-03 4.513122911873406196e+00
1.762975375287205784e-03 1.131117995720495912e+02 1.129911604427316121e+02 3.519745519478812302e-03 4.506533204198515108e+00
1.783410220710008025e-03 1.126906184636933972e+02 1.125675010743278790e+02 3.560470654943488373e-03 4.499905614432374357e+00
1.804081928719382779e-03 1.122610217980840872e+02 1.121353832650006552e+02 3.601666149588313420e-03 4.493239217607555958e+00
1.824993244816152391e-03 1.118228754185166309e+02 1.116946724998980613e+02 3.643337416090991054e-03 4.486533065163659906e+00
1.846146946324547485e-03 1.113760446779358801e+02 1.112452337915683813e+02 3.685489928955392337e-03 4.479786184294464846e+00
1.867545842761075955e-03 1.109203945322388876e+02 1.107869317746277886e+02 3.728129225207033309e-03 4.472997577274414382e+00
1.889192776207666326e-03 1.104557896393831413e+02 1.103196308062940290e+02 3.771260905096132827e-03 4.466166220763684969e+00
1.911090621689137941e-03 1.099820944645253178e+02 1.098431950730078768e+02 3.814890632808314464e-03 4.459291065090976502e+00
1.933242287555045260e-03 1.094991733914140042e+02 1.093574887033734342e+02 3.859024137183039195e-03 4.452371033513212950e+00
1.955650715865949168e-03 1.090068908402692927e+02 1.088623758876458965e+02 3.903667212439839579e-03 4.445405021451214189e+00
1.978318882784164089e-03 1.085051113923811528e+02 1.083577210040030963e+02 3.948825718912436951e-03 4.438391895700420697e+00
2.001249798969036847e-03 1.079936999216640459e+02 1.078433887518394272e+02 3.994505583790824467e-03 4.431330493615678101e+00
2.024446509976803900e-03 1.074725217334087262e+02 1.073192442923227503e+02 4.040712801871382785e-03 4.424219622269047747e+00
2.047912096665085481e-03 1.069414427104709375e+02 1.067851533964582984e+02 4.087453436315126830e-03 4.417058057579561492e+00
2.071649675602069141e-03 1.064003294671448714e+02 1.062409826009043456e+02 4.134733619414154328e-03 4.409844543413774964e+00
2.095662399480432980e-03 1.058490495109633258e+02 1.056865993717869259e+02 4.182559553366370711e-03 4.402577790655938905e+00
2.119953457536071038e-03 1.052874714126740514e+02 1.051218722767608682e+02 4.230937511058590131e-03 4.395256476246520272e+00
2.144526075971667656e-03 1.047154649846374639e+02 1.045466711655648169e+02 4.279873836858083709e-03 4.387879242187763928e+00
2.169383518385184159e-03 1.041329014678930633e+02 1.039608673593177457e+02 4.329374947412655689e-03 4.380444694514911141e+00
2.194529086203313769e-03 1.035396537281391716e+02 1.033643338488025734e+02 4.379447332459347232e-03 4.372951402231612938e+00
2.219966119119954652e-03 1.029355964608697889e+02 1.027569455019803968e+02 4.430097555641830318e-03 4.365397896208015993e+00
2.245697995539773940e-03 1.023206064059084355e+02 1.021385792809760318e+02 4.481332255336600151e-03 4.357782668039893004e+00
2.271728133026905232e-03 1.016945625715751191e+02 1.015091144687709317e+02 4.533158145488036354e-03 4.350104168867145127e+00
2.298059988758851136e-03 1.010573464687195582e+02 1.008684329058357747e+02 4.585582016452423131e-03 4.342360808149861029e+00
2.324697059985648094e-03 1.004088423548426903e+02 1.002164192369265834e+02 4.638610735851023820e-03 4.334550952400072710e+00
2.351642884494348565e-03 9.974893748852795738e+01 9.955296116826222885e+01 4.692251249432280100e-03 4.326672923867201703e+00
2.378901041078893431e-03 9.907752239438929109e+01 9.887794973529105391e+01 4.746510581943255529e-03 4.318724999175112877e+00
2.406475150015424062e-03 9.839449113873455133e+01 9.819127958124525435e+01 4.801395838010365062e-03 4.310705407908556275e+00
2.434368873543110365e-03 9.769974161613478714e+01 9.749284924666778807e+01 4.856914203029539731e-03 4.302612331146654867e+00
2.462585916350546866e-03 9.699317584706828654e+01 9.678256147008569599e+01 4.913072944065859440e-03 4.294443899940987741e+00
2.491130026067788373e-03 9.627470028680306768e+01 9.606032349998334041e+01 4.969879410762786595e-03 4.286198193735630824e+00
2.520004993764092018e-03 9.554422614565497440e+01 9.532604741821761252e+01 5.027341036261074279e-03 4.277873238726420446e+00
2.549214654451422910e-03 9.480166972074866294e+01 9.457965047499222067e+01 5.085465338127442662e-03 4.269467006156489219e+00
2.578762887593801043e-03 9.404695273937673505e+01 9.382105543549110394e+01 5.144259919293117309e-03 4.260977410545007338e+00
2.608653617622547997e-03 9.328000271404179955e+01 9.305019093824134302e+01 5.203732469002327402e-03 4.252402307845820850e+00
2.638890814457510187e-03 9.250075330922494743e+01 9.226699186525678442e+01 5.263890763770856691e-03 4.243739493532532769e+00
2.669478494034320699e-03 9.170914471991126504e+01 9.147139972397557983e+01 5.324742668354736502e-03 4.234986700606321541e+00
2.700420718837772543e-03 9.090512406185879968e+01 9.066336304098248888e+01 5.386296136729179680e-03 4.226141597522585336e+00
2.731721598441376204e-03 9.008864577356966663e+01 8.984283776746278249e+01 5.448559213077856962e-03 4.217201786032258148e+00
2.763385290053169997e-03 8.925967202988519489e+01 8.900978769630346221e+01 5.511540032792605973e-03 4.208164798933360373e+00
2.795415999067856535e-03 8.841817316708225860e+01 8.816418489071322995e+01 5.575246823483670858e-03 4.199028097728102260e+00
2.827817979625341181e-03 8.756412811930773898e+01 8.730601012418773621e+01 5.639687906000574041e-03 4.189789070180520270e+00
2.860595535175741895e-03 8.669752486613948861e+01 8.643525333160043544e+01 5.704871695463714643e-03 4.180445027769321698e+00
2.893753019050950264e-03 8.581836089101173570e+01 8.555191407114617164e+01 5.770806702306797639e-03 4.170993203030259444e+00
2.927294835042816134e-03 8.492664365018576689e+01 8.465600199680933713e+01 5.837501533330184851e-03 4.161430746781987544e+00
2.961225437988034351e-03 8.402239105189212864e+01 8.374753734096742619e+01 5.904964892765280499e-03 4.151754725228919085e+00
2.995549334359812969e-03 8.310563194520275943e+01 8.282655140668001081e+01 5.973205583350041543e-03 4.141962116934205795e+00
3.030271082866396216e-03 8.217640661812831127e+01 8.189308706914174252e+01 6.042232507415717761e-03 4.132049809655448769e+00
3.065395295056526793e-03 8.123476730436112803e+01 8.094719928570589218e+01 6.112054667984924763e-03 4.122014597035263961e+00
3.100926635931926852e-03 8.028077869800992517e+01 7.998895561380938091e+01 6.182681169881151448e-03 4.111853175138255878e+00
3.136869824566876613e-03 7.931451847559132773e+01 7.901843673604599871e+01 6.254121220849806831e-03 4.101562138825369352e+00
3.173229634734976452e-03 7.833607782445436385e+01 7.803573699154839005e+01 6.326384132690906006e-03 4.091137977955914273e+00
3.210010895543171858e-03 7.734556197672975486e+01 7.704096491274792413e+01 6.399479322403503652e-03 4.080577073406880473e+00
3.247218492073128838e-03 7.634309074779135074e+01 7.603424376648332839e+01 6.473416313341970492e-03 4.069875692898375696e+00
3.284857366030043482e-03 7.532879907812582587e+01 7.501571209832897580e+01 6.548204736384238486e-03 4.059029986613206020e+00
3.322932516398971556e-03 7.430283757739144335e+01 7.398552427890307115e+01 6.623854331112094540e-03 4.048035982597670390e+00
3.361449000108765288e-03 7.326537306934329763e+01 7.294385105080812082e+01 6.700374947003646768e-03 4.036889581929732351e+00
3.400411932703706255e-03 7.221658913618082920e+01 7.189088007473431219e+01 6.777776544638061326e-03 4.025586553639572074e+00
3.439826489022924580e-03 7.115668666075522708e+01 7.082681647313550855e+01 6.856069196912685168e-03 4.014122529366412451e+00
3.479697903887691603e-03 7.008588436494611074e+01 6.975188336976124504e+01 6.935263090272653606e-03 4.002492997734204749e+00
3.520031472796678832e-03 6.900441934238632768e+01 6.866632242319251134e+01 7.015368525953091967e-03 3.990693298427375968e+00
3.560832552629277729e-03 6.791254758357699473e+01 6.757039435239343561e+01 7.096395921234025829e-03 3.978718615946290171e+00
3.602106562357070083e-03 6.681054449129612749e+01 6.646437945215038212e+01 7.178355810708102192e-03 3.966563973020428069e+00
3.643858983763544404e-03 6.569870538405447746e+01 6.534857809611978041e+01 7.261258847561234339e-03 3.954224223655416814e+00
3.686095362172158059e-03 6.457734598521088287e+01 6.422331122506051315e+01 7.345115804866280546e-03 3.941694045788051159e+00
3.728821307182833642e-03 6.344680289519747163e+01 6.308892081766956750e+01 7.429937576889856371e-03 3.928967933521216427e+00
3.772042493416997554e-03 6.230743404415861875e+01 6.194577034128523962e+01 7.515735180412415860e-03 3.916040188908174180e+00
3.815764661271248397e-03 6.115961912214133633e+01 6.079424517956049101e+01 7.602519756061677098e-03 3.902904913252987384e+00
3.859993617679767074e-03 6.000375998382020271e+01 5.963475303405108008e+01 7.690302569659536978e-03 3.889555997890898897e+00
3.904735236885560103e-03 5.884028102457359921e+01 5.846772429649787739e+01 7.779095013582561918e-03 3.875987114409170431e+00
3.949995461220642823e-03 5.766962952457061675e+01 5.729361238842177073e+01 7.868908608136175944e-03 3.862191704265288905e+00
3.995780301895269192e-03 5.649227595736142860e+01 5.611289406448748451e+01 7.959755002942671062e-03 3.848162967755405894e+00
4.042095839796309639e-03 5.530871425930665453e+01 5.492606967593126654e+01 8.051645978343124899e-03 3.833893852281421211e+00
4.088948226294864159e-03 5.411946205602231430e+01 5.373366339019140270e+01 8.144593446813326240e-03 3.819377039860170964e+00
4.136343684063278035e-03 5.292506084186282322e+01 5.253622336272550797e+01 8.238609454393927903e-03 3.804604933812663958e+00
4.184288507901584922e-03 5.172607610831583713e+01 5.133432185685173010e+01 8.333706182134763621e-03 3.789569644565178752e+00
4.232789065573553354e-03 5.052309741704004864e+01 5.012855530730922027e+01 8.429895947553592631e-03 3.774262974487172517e+00
4.281851798652415615e-03 4.931673841314386664e+01 4.891954432310243561e+01 8.527191206109317051e-03 3.758676401683317625e+00
4.331483223376403000e-03 4.810763677417792650e+01 4.770793362507129842e+01 8.625604552689784821e-03 3.742801062648403843e+00
4.381689931514195016e-03 4.689645409020421596e+01 4.649439191352035294e+01 8.725148723114322172e-03 3.726627733684241939e+00
4.432478591240400501e-03 4.568387567020636908e+01 4.527961166114862124e+01 8.825836595651070232e-03 3.710146810966946873e+00
4.483855948021191196e-03 4.447061027002393274e+01 4.406430882644188785e+01 8.927681192549283620e-03 3.693348289140829355e+00
4.535828825510191016e-03 4.325738973693398748e+01 4.284922248263536915e+01 9.030695681586653478e-03 3.676221738301487019e+00
4.588404126454761513e-03 4.204496856596004761e+01 4.163511435731916066e+01 9.134893377631818009e-03 3.658756279215267693e+00
4.641588833612782412e-03 4.083412336297446643e+01 4.042276827775046399e+01 9.240287744222135113e-03 3.640940556604846723e+00
4.695390010680062544e-03 3.962565220967074708e+01 3.921298951695633406e+01 9.346892395156848957e-03 3.622762710310932111e+00
4.749814803228504315e-03 3.842037392552395403e+01 3.800660403576286228e+01 9.454721096105778849e-03 3.604210344117702025e+00
4.804870439655133628e-03 3.721912722193279421e+01 3.680445761597221832e+01 9.563787766233592877e-03 3.585270492004113407e+00
4.860564232142139222e-03 3.602276974384908925e+01 3.560741488003665722e+01 9.674106479839839762e-03 3.565929581554212024e+00
4.916903577628031589e-03 3.483217699435278547e+01 3.441635819274541319e+01 9.785691468014806604e-03 3.546173394226447950e+00
4.973895958790068052e-03 3.364824113782784565e+01 3.323218644065636340e+01 9.898557120311349961e-03 3.525987022144125849e+00
5.031548945038056761e-03 3.247186967763907006e+01 3.205581368527045072e+01 1.001271798643277311e-02 3.505354821025707057e+00
5.089870193519685330e-03 3.130398400450592789e+01 3.088816768626791998e+01 1.012818877793689870e-02 3.484260358823813242e+00
5.148867450137497269e-03 3.014551781212119153e+01 2.973018829150688447e+01 1.024498436995642872e-02 3.462686359584424167e+00
5.208548550577665401e-03 2.899741537697326521e+01 2.858282569093045922e+01 1.036311980293570280e-02 3.440614641971571519e+00
5.268921421350676766e-03 2.786062969980589799e+01 2.744703853204411814e+01 1.048261028438397281e-02 3.418026051826398515e+00
5.329994080844092930e-03 2.673612050668806006e+01 2.632379189521515528e+01 1.060347119064530656e-02 3.394900388040912542e+00
5.391774640387505396e-03 2.562485210828045012e+01 2.521405512771763924e+01 1.072571806868521417e-02 3.371216320924072196e+00
5.454271305329836186e-03 2.452779111656813882e+01 2.411879953620288930e+01 1.084936663789412385e-02 3.346951302118485128e+00
5.517492376129128420e-03 2.344590401909203692e+01 2.303899593812761992e+01 1.097443279190780767e-02 3.322081464987027388e+00
5.581446249454966556e-03 2.238015461155424646e+01 2.197561207362304003e+01 1.110093260044487176e-02 3.296581514226674781e+00
5.646141419303672866e-03 2.133150129059527345e+01 2.092960988035135372e+01 1.122888231116140473e-02 3.270424603277665376e+00
5.711586478126434545e-03 2.030089420955097168e+01 1.990194263507835615e+01 1.135829835152290385e-02 3.243582197875109596e+00
5.777790117970507157e-03 1.928927230109079005e+01 1.889355196700895689e+01 1.148919733069358497e-02 3.216023923831835774e+00
5.844761131633637551e-03 1.829756017181964367e+01 1.790536474940187617e+01 1.162159604144316280e-02 3.187717396839506279e+00
5.912508413831881436e-03 1.732666487519279741e+01 1.693828987762500304e+01 1.175551146207124906e-02 3.158628031723030638e+00
5.981040962380944001e-03 1.637747257044576799e+01 1.599321494366676433e+01 1.189096075834940314e-02 3.128718828174000599e+00
6.050367879391223974e-03 1.545084507667658436e+01 1.507100281922635077e+01 1.202796128548101404e-02 3.097950129515413487e+00
6.120498372476702517e-03 1.454761633273489352e+01 1.417248816193353811e+01 1.216653059007904818e-02 3.066279350507095991e+00
6.191441755977847815e-03 1.366858877516280657e+01 1.329847386209337579e+01 1.230668641216181754e-02 3.033660669587457726e+00
6.263207452198692356e-03 1.281452964809582440e+01 1.244972745075522447e+01 1.244844668716682361e-02 3.000044680269041031e+00
6.335804992658253774e-03 1.198616726075517747e+01 1.162697749408481940e+01 1.259182954798280206e-02 2.965377995684684631e+00
6.409244019356457114e-03 1.118418720994151450e+01 1.083091000429864259e+01 1.273685332700006181e-02 2.929602799568799210e+00
6.483534286054726779e-03 1.040922858675942209e+01 1.006216490430391985e+01 1.288353655817918442e-02 2.892656336357517066e+00
6.558685659571435525e-03 9.661880188651307932e+00 9.321332592451684107e+00 1.303189797913823639e-02 2.854470332800752352e+00
6.634708121092351002e-03 8.942676759682948173e+00 8.608950666666713047e+00 1.318195653325851709e-02 2.814970343867995162e+00
6.711611767496287149e-03 8.252095283882303178e+00 7.925500885562168918e+00 1.333373137180898435e-02 2.774075017476176352e+00
6.789406812696112230e-03 7.590551358270725579e+00 7.271406470934323352e+00 1.348724185608942555e-02 2.731695276907649461e+00
6.868103588995307790e-03 6.958395674015970478e+00 6.647029895791880527e+00 1.364250755959247469e-02 2.687733428961891047e+00
6.947712548460239883e-03 6.355910635858791125e+00 6.052671361451286813e+00 1.379954827018451367e-02 2.642082223951845332e+00
7.028244264308352446e-03 5.783307151586863704e+00 5.488568254954590664e+00 1.395838399230563825e-02 2.594623927885269410e+00
7.109709432312438099e-03 5.240721624826930380e+00 4.954896002215933848e+00 1.411903494918864861e-02 2.545229530308376287e+00
7.192118872221192789e-03 4.728213185760627546e+00 4.451770888173005147e+00 1.428152158509725204e-02 2.493758324526015535e+00
7.275483529196232965e-03 4.245761195510501906e+00 3.979255545708848985e+00 1.444586456758348812e-02 2.440058291246989253e+00
7.359814475265771296e-03 3.793263060850159185e+00 3.537367704014289682e+00 1.461208478976446304e-02 2.383968022780439178e+00
7.445122910795143496e-03 3.370532396528526320e+00 3.126091843626758404e+00 1.478020337261851287e-02 2.325321323405850293e+00
7.531420165974375344e-03 2.977297572820184257e+00 2.745390507084127574e+00 1.495024166730077667e-02 2.263955914670247260e+00
7.618717702322998914e-03 2.613200685879494944e+00 2.395206461061089254e+00 1.512222125747835107e-02 2.199727366450840993e+00
7.707027114212303652e-03 2.277796988041368209e+00 2.075442234139608377e+00 1.529616396168499877e-02 2.132528119929141930e+00
7.796360130405236531e-03 1.970554814331293203e+00 1.785909592387928457e+00 1.547209183569554086e-02 2.062310435406200071e+00
7.886728615614155974e-03 1.690856040077116873e+00 1.526259576407497320e+00 1.565002717491996431e-02 1.989113305913456919e+00
7.978144572076628638e-03 1.437997102611091815e+00 1.295912881498036962e+00 1.582999251681728795e-02 1.913095097253207921e+00
8.070620141149507584e-03 1.211190617570394368e+00 1.094001287730803851e+00 1.601201064332928928e-02 1.834571963085896984e+00
8.164167604921472240e-03 1.009567617208360524e+00 9.193242175124863858e-01 1.619610458333407832e-02 1.754058128289716523e+00
8.258799387844271284e-03 8.321804343803251847e-01 7.703287598344155107e-01 1.638229761511961549e-02 1.672301300887633957e+00
8.354528058382871408e-03 6.780062514366791415e-01 6.451248717734822113e-01 1.657061326887722744e-02 1.590305204050594723e+00
8.451366330684721012e-03 5.459513281158201448e-01 5.415428925931371484e-01 1.676107532921507909e-02 1.509330982436461799e+00
8.549327066268383804e-03 4.348559166640528773e-01 4.572302473917282395e-01 1.695370783769175813e-02 1.430870258070599421e+00
8.648423275731726215e-03 3.434998658097526136e-01 3.897735545031280613e-01 1.714853509536991977e-02 1.356585343027728818e+00
8.748668120479913615e-03 2.706089078875288378e-01 3.368259033225462495e-01 1.734558166539003007e-02 1.288216615156627665e+00
8.850074914473439122e-03 2.148616153598826017e-01 2.962190646307263919e-01 1.754487237556428755e-02 1.227462792806347514e+00
8.952657125996400095e-03 1.748970042479268405e-01 2.660460321089346269e-01 1.774643232099068837e-02 1.175845728946252944e+00
9.056428379445294677e-03 1.493227526041698838e-01 2.447075626014195981e-01 1.795028686668728723e-02 1.134575997771681166e+00
9.161402457138520528e-03 1.367239922020747345e-01 2.309238860081219147e-01 1.815646165024662265e-02 1.104437640555429034e+00
9.267593301146882789e-03 1.356726211609719790e-01 2.237173367496000931e-01 1.836498258451040727e-02 1.085709119773423659e+00
9.375015015145289968e-03 1.447370743740574450e-01 2.223729956747969028e-01 1.857587586026437573e-02 1.078132746581672574e+00
9.483681866285927423e-03 1.624924774865989241e-01 2.263836136615210992e-01 1.878916794895335585e-02 1.080937439665533351e+00
9.593608287093146128e-03 1.875310989296168074e-01 2.353837421241496419e-01 1.900488560541657018e-02 1.092911203136538667e+00
9.704808877380306092e-03 2.184730033234641156e-01 2.490774800282350709e-01 1.922305587064311247e-02 1.112512035023192292e+00
9.817298406188841586e-03 2.539767986226453833e-01 2.671651326217868716e-01 1.944370607454759536e-02 1.138000730951595374e+00
9.931091813749801447e-03 2.927503588986271610e-01 2.892759368910910456e-01 1.966686383876597999e-02 1.167577197822419421e+00
1.004620421346813161e-02 3.335613948953681240e-01 3.149155686356763795e-01 1.989255707947154561e-02 1.199503518702510707e+00
1.016265089392995140e-02 3.752477357086062559e-01 3.434368636561487831e-01 2.012081401021092661e-02 1.232201362801021327e+00
1.028044732093309765e-02 4.167271774198146872e-01 3.740391287062113657e-01 2.035166314476025140e-02 1.264317130969231373e+00
1.039960913954120388e-02 4.570067485604356605e-01 4.057959868972058626e-01 2.058513330000127928e-02 1.294754064144065797e+00
1.052015217616159015e-02 4.951912382046905758e-01 4.377056499559219271e-01 2.082125359881751778e-02 1.322675278760172546e+00
1.064209244064724669e-02 5.304908306095597048e-01 4.687531232129814596e-01 2.106005347301027550e-02 1.347484704810816503e+00
1.076544612842315896e-02 5.622276909578510784e-01 4.979728037746332103e-01 2.130156266623451158e-02 1.368794160785868685e+00
1.089022962263730583e-02 5.898413502264243657e-01 5.245025163268332014e-01 2.154581123695454778e-02 1.386384725415355623e+00
1.101645949633657008e-02 6.128927437912156106e-01 5.476247833066018034e-01 2.179282956141941410e-02 1.400169472024511252e+00
1.114415251466788215e-02 6.310667683616349999e-01 5.667947727825806137e-01 2.204264833665786974e-02 1.410162064277545646e+00
1.127332563710487130e-02 6.441732354382946335e-01 5.816544395611508156e-01 2.229529858349292917e-02 1.416451754366192528e+00
1.140399601970033122e-02 6.521461168884168380e-01 5.920320448349305487e-01 2.255081164957584150e-02 1.419183036718277391e+00
1.153618101736478448e-02 6.550409995467997293e-01 5.979295092175554993e-01 2.280921921243937028e-02 1.418539568297807918e+00
1.166989818617147553e-02 6.530306910130767584e-01 5.995031269098093363e-01 2.307055328257033230e-02 1.414733442667315932e+00
1.180516528568805595e-02 6.463989479718106335e-01 5.970421429994005047e-01 2.333484620650116970e-02 1.408000044538394224e+00
1.194200028133532432e-02 6.355323312479180808e-01 5.909469482825117082e-01 2.360213066992055547e-02 1.398597283798923119e+00
1.208042134677328981e-02 6.209102281427992809e-01 5.817069835848893700e-01 2.387243970080275487e-02 1.386807472645414263e+00
1.222044686631488727e-02 6.030931219603852256e-01 5.698781128181584776e-01 2.414580667255569052e-02 1.372940258383936074e+00
1.236209543736769070e-02 5.827092304677494727e-01 5.560595260537555262e-01 2.442226530718753785e-02 1.357335340385390055e+00
1.250538587290391315e-02 5.604396786305765321e-01 5.408706730911960747e-01 2.470184967849164276e-02 1.340363959392059989e+00
1.265033720395903824e-02 5.370024154519273951e-01 5.249290853417204472e-01 2.498459421524963642e-02 1.322428336596032761e+00
1.279696868215941634e-02 5.131351290983066082e-01 5.088301347352819359e-01 2.527053370445251149e-02 1.303958409712323574e+00
1.294529978227916024e-02 4.895774575422174868e-01 4.931297712030951463e-01 2.555970329453952777e-02 1.285405414442774896e+00
1.309535020482667685e-02 4.670528323653945768e-01 4.783310753103761637e-01 2.585213849865467678e-02 1.267232122293217467e+00
1.324713987866117486e-02 4.462503297072600850e-01 4.648750924797671602e-01 2.614787519792051082e-02 1.249899874323281868e+00
1.340068896363950761e-02 4.278069330653070934e-01 4.531359444750284737e-01 2.644694964472914245e-02 1.233852925120115573e+00
1.355601785329368925e-02 4.122906361491709970e-01 4.434197283523069189e-01 2.674939846605010538e-02 1.219500991407239221e+00
1.371314717753945554e-02 4.001848286265707322e-01 4.359663015445368606e-01 2.705525866675491387e-02 1.207201230895054156e+00
1.387209780541620932e-02 3.918744117751504774e-01 4.309527853943957987e-01 2.736456763295797359e-02 1.197241101478783154e+00
1.403289084785873213e-02 3.876340832580065232e-01 4.284975385382998603e-01 2.767736313537361506e-02 1.189823619647247366e+00
1.419554766050101606e-02 3.876192091210114432e-01 4.286634618789418316e-01 2.799368333268896503e-02 1.185056421481946787e+00
1.436008984651260603e-02 3.918596655528491790e-01 4.314597755430458759e-01 2.831356677495235064e-02 1.182945730554963770e+00
1.452653925946781159e-02 4.002569821599146760e-01 4.368418134880666104e-01 2.863705240697691709e-02 1.183395887059643936e+00
1.469491800624817164e-02 4.125850521006179106e-01 4.447088615446368465e-01 2.896417957175910843e-02 1.186214552206021677e+00
1.486524844997857107e-02 4.284945925032820901e-01 4.549005624320419661e-01 2.929498801391176507e-02 1.191123149133954673e+00
1.503755321299738400e-02 4.475214418424479645e-01 4.671928650197208488e-01 2.962951788311134899e-02 1.197771616687461460e+00
1.521185517986104775e-02 4.690986707070543549e-01 4.812948399162655377e-01 2.996780973755906741e-02 1.205756202770933205e+00
1.538817750038346324e-02 4.925723607144913974e-01 4.968478564209051762e-01 3.030990454745541296e-02 1.214638851777572803e+00
1.556654359271062056e-02 5.172207760221019246e-01 5.134285671176478383e-01 3.065584369848775928e-02 1.223966755996685585e+00
1.574697714643086624e-02 5.422765165584118030e-01 5.305568537981845134e-01 3.100566899533060972e-02 1.233290822815634957e+00
1.592950212572123020e-02 5.669511061057900259e-01 5.477093699555574124e-01 3.135942266515808624e-02 1.242182112083484613e+00
1.611414277253019750e-02 5.904613367998156059e-01 5.643386324525179187e-01 3.171714736116815203e-02 1.250245661442271228e+00
1.630092360979741237e-02 6.120565701809778103e-01 5.798968645471760386e-01 3.207888616611818261e-02 1.257131480135875057e+00
1.648986944471064753e-02 6.310460898392645790e-01 5.938630860475999640e-01 3.244468259587132697e-02 1.262542800950874344e+00
1.668100537200059227e-02 6.468255184210808251e-01 6.057713883926957310e-01 3.281458060295332907e-02 1.266241899026796514e+00
1.687435677727375585e-02 6.589012588535692050e-01 6.152380021332517490e-01 3.318862458011901523e-02 1.268053898674289526e+00
1.706994934038407949e-02 6.669119023600240670e-01 6.219847071765984836e-01 3.356685936392825309e-02 1.267868997768686334e+00
1.726780903884355886e-02 6.706455698618150052e-01 6.258563635033940198e-01 3.394933023833055646e-02 1.265643461534061043e+00
1.746796215127245644e-02 6.700522233628013469e-01 6.268308308268872864e-01 3.433608293825796826e-02 1.261399599883137990e+00
1.767043526088946798e-02 6.652501031561671718e-01 6.250202483258373576e-01 3.472716365322547905e-02 1.255224773407697780e+00
1.787525525904235316e-02 6.565256166079028732e-01 6.206634813144819018e-01 3.512261903093850945e-02 1.247269300052085805e+00
1.808244934877951612e-02 6.443262240320721812e-01 6.141104115320438206e-01 3.552249618090676936e-02 1.237742984168701099e+00
1.829204504846293836e-02 6.292461333307900473e-01 6.057995431606683079e-01 3.592684267806384169e-02 1.226909889266991183e+00
1.850407019542302245e-02 6.120049212489637736e-01 5.962310118714977403e-01 3.633570656639181773e-02 1.215080951631926087e+00
1.871855294965579092e-02 5.934195357869974652e-01 5.859374298522175284e-01 3.674913636255036642e-02 1.202604104517738692e+00
1.893552179756295348e-02 5.743704888404995712e-01 5.754550202746852028e-01 3.716718105950951589e-02 1.189851759874142711e+00
1.915500555573527997e-02 5.557634047550239487e-01 5.652971859112350117e-01 3.758989013018525921e-02 1.177205767181640050e+00
1.937703337477988952e-02 5.384874307363709534e-01 5.559320764157847927e-01 3.801731353107749151e-02 1.165040308402905289e+00
1.960163474319185847e-02 5.233723183379924704e-01 5.477649815402912958e-01 3.844950170590932109e-02 1.153703548635714782e+00
1.982883949127071249e-02 5.111462296378153081e-01 5.411256311553670484e-01 3.888650558926695644e-02 1.143499186947412483e+00
2.005867779508234069e-02 5.023964850757011158e-01 5.362598746154247920e-01 3.932837661023953074e-02 1.134669282256085321e+00
2.029118018046677935e-02 4.975355312218938120e-01 5.333248546184583549e-01 3.977516669605767746e-02 1.127379815213182424e+00
2.052637752709252084e-02 4.967743476173364092e-01 5.323867397731681939e-01 4.022692827573040586e-02 1.121710358753727155e+00
2.076430107255774690e-02 5.001053182531136621e-01 5.334203256998906184e-01 4.068371428367897891e-02 1.117648964572603321e+00
2.100498241653915230e-02 5.072962573297784550e-01 5.363102859660818789e-01 4.114557816336717605e-02 1.115092957176155641e+00
2.124845352498882720e-02 5.178968005561539467e-01 5.408544321551468359e-01 4.161257387092678200e-02 1.113855813855593180e+00
2.149474673437980557e-02 5.312577616203798536e-01 5.467698750848328793e-01 4.208475587877744811e-02 1.113679766295545548e+00
2.174389475600079988e-02 5.465633282626827238e-01 5.537033033402470883e-01 4.256217917923985072e-02 1.114253258788956202e+00
2.199593068030074663e-02 5.628751643482007294e-01 5.612465653342140204e-01 4.304489928814118210e-02 1.115232000224349873e+00
2.225088798128369363e-02 5.791866352239626314e-01 5.689582676725254418e-01 4.353297224841182200e-02 1.116262092672321460e+00
2.250880052095461867e-02 5.944845352401820771e-01 5.763911928740682589e-01 4.402645463367212825e-02 1.117003622309831634e+00
2.276970255381680075e-02 6.078149285255098899e-01 5.831241239568366597e-01 4.452540355180831244e-02 1.117153144298385303e+00
2.303362873142131284e-02 6.183490819361920909e-01 5.887953914300003699e-01 4.502987664853613792e-02 1.116463644778472375e+00
2.330061410696924670e-02 6.254450385902006193e-01 5.931344533719822287e-01 4.553993211095124644e-02 1.114760772757025675e+00
2.357069413996727703e-02 6.287002135807787662e-01 5.959873981866902204e-01 4.605562867106502423e-02 1.111954362017679498e+00
2.384390470093720321e-02 6.279905425613375725e-01 5.973326321334198052e-01 4.657702560932462654e-02 1.108044489586833325e+00
2.412028207618006903e-02 6.234922150958989162e-01 5.972841946624463105e-01 4.710418275811595334e-02 1.103121549265338786e+00
2.439986297259550199e-02 6.156828919554876434e-01 5.960819168847620864e-01 4.763716050524825080e-02 1.097360080285387784e+00
2.468268452255692469e-02 6.053205251274714760e-01 5.940695968987367293e-01 4.817601979741896467e-02 1.091006410125807680e+00
2.496878428884326609e-02 5.933994253954765208e-01 5.916640372644308421e-01 4.872082214365747177e-02 1.084360564410546957e+00
2.525820026962784584e-02 5.810849749107183104e-01 5.893187882857777726e-01 4.927162961874633623e-02 1.077753360769258872e+00
2.555097090352506997e-02 5.696302474561799611e-01 5.874865916554550260e-01 4.982850486661850875e-02 1.071520102944800490e+00
2.584713507469563881e-02 5.602796334825064228e-01 5.865839073512350010e-01 5.039151110372907388e-02 1.065972762290812170e+00
2.614673211801091940e-02 5.541662046075316317e-01 5.869598310983290546e-01 5.096071212240003284e-02 1.061372892916849109e+00
2.644980182427720053e-02 5.522108165357852982e-01 5.888705691638402850e-01 5.153617229413644946e-02 1.057907690100662101e+00
2.675638444552045150e-02 5.550316681070436298e-01 5.924597969147228360e-01 5.211795657291243972e-02 1.055671505693971390e+00
2.706652070033241375e-02 5.628730577096949794e-01 5.977449105514068828e-01 5.270613049842540199e-02 1.054654754051376431e+00
2.738025177927857698e-02 5.755612989737051155e-01 6.046094125131072916e-01 5.330076019931661441e-02 1.054741500784540431e+00
2.769761935036891068e-02 5.924941294250949397e-01 6.128022757495426021e-01 5.390191239635672149e-02 1.055716195578990657e+00
2.801866556459195468e-02 6.126675011651495639e-01 6.219457813883542130e-01 5.450965440559416009e-02 1.057279097794690204e+00
2.834343306151309444e-02 6.347405047853323934e-01 6.315536158326080507e-01 5.512405414146479693e-02 1.059069075347428557e+00
2.867196497493769772e-02 6.571355648163205165e-01 6.410605816265833035e-01 5.574518011986089039e-02 1.060691750176887105e+00
2.900430493863991738e-02 6.781672645841655411e-01 6.498639220821669227e-01 5.637310146115752374e-02 1.061750498375377827e+00
2.934049709215787172e-02 6.961895898673612360e-01 6.573740703671625552e-01 5.700788789319451849e-02 1.061877618697953274e+00
2.968058608665602449e-02 7.097484455828954042e-01 6.630700515882865798e-01 5.764960975421188488e-02 1.060763041102161575e+00
3.002461709085549324e-02 7.177244193415972529e-01 6.665525392535295301e-01 5.829833799573673481e-02 1.058178213415293056e+00
3.037263579703311511e-02 7.194503105600885684e-01 6.675865420627584701e-01 5.895414418541967266e-02 1.053993233850703204e+00
3.072468842709003348e-02 7.147891774141068577e-01 6.661264886958924158e-01 5.961710050981838122e-02 1.048185853628045283e+00
3.108082173869063797e-02 7.041616784302090482e-01 6.623191571840079117e-01 6.028727977712642488e-02 1.040841628433381461e+00
3.144108303147264555e-02 6.885161967179371789e-01 6.564838665788280681e-01 6.096475541984482799e-02 1.032145221725571771e+00
3.180552015332920035e-02 6.692412951095294549e-01 6.490735267374954098e-01 6.164960149739442258e-02 1.022363622593236432e+00
3.217418150676371741e-02 6.480268880624906469e-01 6.406233619096924903e-01 6.234189269866633604e-02 1.011822788922064786e+00
3.254711605531847990e-02 6.266873575177578370e-01 6.316955903322527544e-01 6.304170434450855065e-02 1.000879899357682179e+00
3.292437333007768724e-02 6.069657781879080893e-01 6.228278992049524065e-01 6.374911239014589837e-02 9.898939160394899517e-01
3.330600343624588733e-02 5.903425165061408908e-01 6.144916571910921110e-01 6.446419342753106907e-02 9.791974377831518250e-01
3.369205705980267418e-02 5.778728917509325935e-01 6.070632440711526412e-01 6.518702468762416213e-02 9.690727792744199265e-01
3.408258547423451829e-02 5.700767492231688660e-01 6.008094151801726124e-01 6.591768404259809588e-02 9.597347893843654054e-01
3.447764054734463873e-02 5.668974906622479271e-01 5.958857381753638327e-01 6.665625000796736310e-02 9.513221140398595566e-01
3.487727474814177747e-02 5.677396268376182498e-01 5.923459644676354330e-01 6.740280174463729457e-02 9.438974847334844487e-01
3.528154115380883332e-02 5.715830975004856374e-01 5.901595835898522102e-01 6.815741906087112445e-02 9.374563275172129728e-01
3.569049345675229939e-02 5.771607987794915573e-01 5.892345148512508901e-01 6.892018241417220692e-02 9.319417597945107712e-01
3.610418597173337130e-02 5.831747178266245557e-01 5.894417364331079323e-01 6.969117291307816431e-02 9.272631097444710147e-01
3.652267364308175307e-02 5.885177264948202591e-01 5.906386068704444492e-01 7.047047231886448271e-02 9.233146487449861439e-01
3.694601205199302130e-02 5.924642346784159130e-01 5.926878110595863447e-01 7.125816304715411331e-02 9.199913732826355828e-01
3.737425742391064371e-02 5.947948852842509515e-01 5.954694281492723951e-01 7.205432816943040109e-02 9.171993961890053670e-01
3.780746663599349189e-02 5.958288148375957549e-01 5.988846603076677377e-01 7.285905141445001010e-02 9.148596766460630469e-01
3.824569722466999305e-02 5.963511642094438958e-01 6.028511994333378698e-01 7.367241716955279240e-02 9.129052101630767968e-01
3.868900739327975347e-02 5.974417736521731026e-01 6.072918007413545816e-01 7.449451048186522817e-02 9.112731469366194270e-01
3.913745601980384015e-02 6.002305101664994202e-01 6.121190671104473902e-01 7.532541705939434229e-02 9.098943627602221751e-01
3.959110266468458816e-02 6.056218656357038599e-01 6.172204479405661859e-01 7.616522327200846154e-02 9.086835858818662626e-01
4.005000757873611317e-02 6.140425492251726514e-01 6.224477994622195087e-01 7.701401615230167585e-02 9.075331642051780445e-01
4.051423171114647281e-02 6.252675427832691257e-01 6.276153543257902978e-01 7.787188339633821510e-02 9.063128812661253031e-01
4.098383671757261509e-02 6.383706048259631949e-01 6.325085075588449124e-01 7.873891336427349397e-02 9.048769543491026468e-01
4.145888496832911274e-02 6.518246462441631417e-01 6.369035575226711376e-01 7.961519508084778651e-02 9.030777111193022400e-01
4.193943955667186335e-02 6.637483458195500008e-01 6.405958428088025514e-01 8.050081823574922746e-02 9.007838212561314339e-01
4.242556430717776828e-02 6.722627892066137534e-01 6.434312204289093229e-01 8.139587318384218506e-02 8.978997433440792930e-01
4.291732378422157684e-02 6.758925127213896156e-01 6.453342617826852701e-01 8.230045094525702265e-02 8.943825082477833144e-01
4.341478330055092288e-02 6.739263798602677102e-01 6.463265066705434769e-01 8.321464320533761283e-02 8.902522118341112956e-01
4.391800892596085804e-02 6.666514234406852868e-01 6.465298424379450903e-01 8.413854231444245491e-02 8.855935921155766444e-01
4.442706749606882555e-02 6.553905635614827307e-01 6.461532455933219898e-01 8.507224128759527382e-02 8.805476553576874199e-01
4.494202662119142072e-02 6.423121274134711012e-01 6.454649136093476569e-01 8.601583380398118706e-02 8.752942361462918708e-01
4.546295469532399269e-02 6.300295580862350642e-01 6.447551562967295258e-01 8.696941420628384600e-02 8.700282791666771320e-01
4.598992090522438514e-02 6.210632675952867388e-01 6.442973455230526225e-01 8.793307749985981858e-02 8.649340691243916357e-01
4.652299523960189143e-02 6.172801075711350505e-01 6.443142375337168604e-01 8.890691935174520333e-02 8.601621660521139301e-01
4.706224849841281199e-02 6.194463337227066324e-01 6.449552649137035853e-01 8.989103608949061686e-02 8.558132061878753749e-01
4.760775230226368254e-02 6.270178395117530501e-01 6.462876602913170121e-01 9.088552469981961424e-02 8.519311450982951506e-01
4.815957910192350533e-02 6.382445337443547473e-01 6.483013195342434143e-01 9.189048282710610138e-02 8.485063720760210870e-01
4.871780218794630885e-02 6.505910244193864322e-01 6.509246927153702345e-01 9.290600877166618754e-02 8.454869434894822788e-01
4.928249570040513228e-02 6.613895170968888682e-01 6.540470247176198848e-01 9.393220148785944024e-02 8.427944733707994907e-01
4.985373463873893352e-02 6.685658087149162210e-01 6.575411975019139765e-01 9.496916058199487976e-02 8.403403688872861377e-01
5.043159487171358646e-02 6.712392886862581509e-01 6.612815189404347427e-01 9.601698631003680040e-02 8.380383148735703891e-01
5.101615314749833457e-02 6.700107714372756096e-01 6.651522962751805768e-01 9.707577957510531153e-02 8.358102078456529638e-01
5.160748710385907462e-02 6.668227327015914252e-01 6.690458814529824938e-01 9.814564192476650517e-02 8.335848817118010068e-01
5.220567527846975420e-02 6.643928509412307948e-01 6.728524064436869345e-01 9.922667554810724044e-02 8.312913688279548463e-01
5.281079711934331261e-02 6.653544965485637119e-01 6.764463938418950884e-01 1.003189832725890074e-01 8.288502639258559235e-01
5.342293299538352497e-02 6.713469289694227182e-01 6.796767242009832399e-01 1.014226685606757911e-01 8.261673643823117530e-01
5.404216420705915125e-02 6.823437492501617241e-01 6.823656948801805067e-01 1.025378355062302876e-01 8.231330394890230551e-01
5.466857299720180585e-02 6.964649538513821847e-01 6.843203618685743672e-01 1.036645888306730878e-01 8.196290331005543495e-01
5.530224256192900478e-02 7.103860656626035386e-01 6.853555855818445064e-01 1.048030338788991100e-01 8.155421016290055336e-01
5.594325706169377826e-02 7.202688671420205413e-01 6.853241314492409808e-01 1.059532766149456628e-01 8.107816324954981724e-01
5.659170163246242391e-02 7.229500278561655779e-01 6.841461560653621099e-01 1.071154236174062940e-01 8.052968815113491496e-01
5.724766239702178822e-02 7.170043149078566547e-01 6.818297938111808065e-01 1.082895820745845700e-01 7.990892969759972875e-01
5.791122647641758214e-02 7.033024586677051326e-01 6.784768253569195551e-01 1.094758597793817345e-01 7.922166534581996933e-01
5.858248200152536139e-02 6.848272248923530370e-01 6.742716755230205861e-01 1.106743651239123633e-01 7.847878770713968555e-01
5.926151812475552449e-02 6.657605648533608811e-01 6.694565704828824293e-01 1.118852070938415044e-01 7.769497383006773727e-01
5.994842503189409116e-02 6.501279934565407093e-01 6.642990270864844726e-01 1.131084952624375750e-01 7.688683915934195756e-01
6.064329395408061402e-02 6.404784656524860065e-01 6.590590161187276363e-01 1.143443397843340731e-01 7.607096344331139015e-01
6.134621717992506246e-02 6.371002356667674338e-01 6.539620427629549981e-01 1.155928513889941667e-01 7.526215649212575354e-01
6.205728806776500406e-02 6.380941401323372286e-01 6.491818145647494376e-01 1.168541413738712342e-01 7.447222368648175328e-01
6.277660105806499857e-02 6.402958036698058741e-01 6.448333564136939922e-01 1.181283215972590700e-01 7.370934614615602953e-01
6.350425168595962011e-02 6.406818888456551342e-01 6.409752512819466563e-01 1.194155044708246627e-01 7.297805436271493917e-01
6.424033659394190465e-02 6.376677300009967464e-01 6.376182972354660361e-01 1.207158029518170111e-01 7.227966437018860102e-01
6.498495354469888130e-02 6.317230515275393810e-01 6.347372196064087202e-01 1.220293305349450103e-01 7.161297364466341353e-01
6.573820143409585259e-02 6.250179424801595163e-01 6.322822481050849319e-01 1.233562012439170796e-01 7.097500019670722748e-01
6.650018030431117944e-02 6.202556959711387208e-01 6.301883085692790987e-01 1.246965296226358738e-01 7.036159747821145727e-01
6.727099135712336087e-02 6.192514262980338691e-01 6.283809568910216914e-01 1.260504307260405799e-01 6.976786812168215279e-01
6.805073696735206012e-02 6.219679503026143141e-01 6.267796475764538799e-01 1.274180201105893917e-01 6.918840333698262901e-01
6.883952069645496441e-02 6.265174909335523568e-01 6.253000859484663110e-01 1.287994138243750142e-01 6.861746018530268110e-01
6.963744730628222690e-02 6.301496362951680696e-01 6.238576927401136007e-01 1.301947283968654390e-01 6.804921347621015748e-01
7.044462277299036457e-02 6.307095178324921836e-01 6.223733549017208544e-01 1.316040808282625540e-01 6.747816350777520178e-01
7.126115430111745752e-02 6.277618667012074827e-01 6.207810417156583993e-01 1.330275885784707457e-01 6.689967267593365241e-01
7.208715033782135684e-02 6.227295602475935166e-01 6.190353021373211639e-01 1.344653695556674577e-01 6.631049667409604220e-01
7.292272058728312134e-02 6.179461215513623040e-01 6.171162883128575860e-01 1.359175421044683807e-01 6.570914971668748716e-01
7.376797602527730702e-02 6.151773082645604074e-01 6.150315511834815174e-01 1.373842249936786108e-01 6.509605275431689098e-01
7.462302891391107973e-02 6.145272063900004689e-01 6.128159274639531917e-01 1.388655374036218970e-01 6.447355651555713996e-01
7.548799281653431614e-02 6.144430268705259879e-01 6.105311386932260609e-01 1.403615989130398145e-01 6.384595122188850835e-01
7.636298261282241373e-02 6.128391456969047857e-01 6.082656041878351516e-01 1.418725294855524288e-01 6.321949469886446460e-01
7.724811451403400253e-02 6.085918308419874245e-01 6.061337458169812065e-01 1.433984494556719003e-01 6.260240081407354440e-01
7.814350607844541829e-02 6.023465759416558596e-01 6.042728050488128666e-01 1.449394795143606751e-01 6.200463521043587667e-01
7.904927622696419909e-02 5.960175142111775459e-01 6.028344934363910612e-01 1.464957406941255758e-01 6.143730962081673797e-01
7.996554525892346499e-02 5.913196878157737091e-01 6.019705526681023988e-01 1.480673543536387138e-01 6.091159303181402640e-01
8.089243486805938743e-02 5.884916433235833910e-01 6.018149256407537839e-01 1.496544421618768717e-01 6.043733420549620705e-01
8.183006815867389927e-02 5.863545087690790192e-01 6.024667090606289355e-01 1.512571260817699159e-01 6.002172093360831351e-01
8.277856966198472721e-02 5.838643550371667157e-01 6.039762920441686944e-01 1.528755283533495268e-01 5.966819205281155281e-01
8.373806535266489770e-02 5.819816951325409438e-01 6.063351091366371293e-01 1.545097714763887242e-01 5.937567660901347244e-01
8.470868266557401993e-02 5.840841531918203877e-01 6.094696883568638812e-01 1.561599781925231689e-01 5.913823714177550706e-01
8.569055051268346934e-02 5.939959735203420577e-01 6.132430240329332927e-01 1.578262714668445810e-01 5.894533198342712943e-01
8.668379930019773361e-02 6.126241271365381325e-01 6.174673411428723835e-01 1.595087744689571152e-01 5.878294137002737507e-01
8.768856094587426653e-02 6.357487423210209654e-01 6.219294311455366708e-01 1.612076105534867299e-01 5.863555682838362815e-01
8.870496889654402861e-02 6.552285143111302723e-01 6.264246388453615921e-01 1.629229032400340282e-01 5.848866907846403951e-01
8.973315814583519845e-02 6.635304943947524237e-01 6.307899569347900082e-01 1.646547761925606645e-01 5.833104371851906000e-01
9.077326525210223374e-02 6.586693773722896994e-01 6.349231102989423281e-01 1.664033531981994329e-01 5.815590615420004328e-01
9.182542835656282154e-02 6.457574398154435347e-01 6.387803164319376670e-01 1.681687581454779368e-01 5.796062080780693959e-01
9.288978720164497993e-02 6.336220658592003341e-01 6.423583117549006571e-01 1.699511150019457628e-01 5.774533298068860176e-01
9.396648314954690606e-02 6.288996031718334656e-01 6.456708089416312024e-01 1.717505477911948630e-01 5.751130213091738552e-01
9.505565920101191613e-02 6.323272696132359316e-01 6.487254720377023665e-01 1.735671805692627079e-01 5.725933418961416388e-01
9.615746001432096124e-02 6.402090532834258108e-01 6.515052363666872237e-01 1.754011374004078028e-01 5.698855053826661354e-01
9.727203192450536995e-02 6.493185743483490535e-01 6.539592111170479116e-01 1.772525423322471039e-01 5.669581882780794224e-01
9.839952296278225985e-02 6.600802636257515621e-01 6.560091956447364758e-01 1.791215193702444253e-01 5.637621627434066252e-01
9.954008287621518569e-02 6.744401413752237895e-01 6.575730652062308224e-01 1.810081924515391238e-01 5.602457842653383313e-01
1.006938631476027024e-01 6.905057755873177383e-01 6.585963988639371713e-01 1.829126854181041817e-01 5.563755258572574691e-01
1.018610170155975214e-01 7.002867630888509609e-01 6.590769040246095001e-01 1.848351219892227504e-01 5.521515944939401344e-01
1.030416994950587445e-01 6.946460116349381098e-01 6.590727121035834246e-01 1.867756257332718051e-01 5.476131306630719342e-01
1.042360673976401170e-01 6.720793319088007589e-01 6.586980314674328874e-01 1.887343200388019726e-01 5.428354847329621702e-01
1.054442793526168404e-01 6.426654142452801199e-01 6.581100681767410032e-01 1.907113280849017378e-01 5.379220444357859510e-01
1.066664958279538722e-01 6.219669633874297388e-01 6.574853899470340934e-01 1.927067728108353972e-01 5.329891282658535401e-01
1.079028791516183639e-01 6.195059906684449169e-01 6.569854937133556838e-01 1.947207768849420484e-01 5.281434868016773310e-01
1.091535935331391094e-01 6.325062039880082754e-01 6.567218727479839924e-01 1.967534626727850400e-01 5.234590968542647271e-01
1.104188050854160164e-01 6.505182520842935912e-01 6.567378742728514629e-01 1.988049522045395312e-01 5.189648644916244891e-01
1.116986818467822634e-01 6.651354109118057245e-01 6.570145174844347347e-01 2.008753671416063924e-01 5.146482823614385582e-01
1.129933938033221702e-01 6.742269643831142467e-01 6.574904489728500279e-01 2.029648287424402342e-01 5.104686617841465157e-01
1.143031129114478600e-01 6.779245705265363187e-01 6.580819818949806832e-01 2.050734578275801023e-01 5.063705458000239412e-01
1.156280131207375328e-01 6.743755201331989024e-01 6.587008377856817809e-01 2.072013747438698761e-01 5.022955832619616645e-01
1.169682703970384707e-01 6.627050843352441101e-01 6.592730268388965476e-01 2.093486993278565189e-01 4.981950406162568012e-01
1.183240627458378019e-01 6.488589603367086456e-01 6.597524189565147079e-01 2.115155508683534968e-01 4.940386885004434125e-01
1.196955702359042834e-01 6.435400881746934365e-01 6.601179887277167646e-01 2.137020480681571521e-01 4.898128834185660474e-01
1.210829750232039481e-01 6.514081076042725904e-01 6.603602938507293629e-01 2.159083090049029041e-01 4.855115960899172300e-01
1.224864613750930725e-01 6.647778712090807174e-01 6.604729719410993294e-01 2.181344510910488976e-01 4.811307886469633477e-01
1.239062156947915577e-01 6.718173512026982541e-01 6.604525832411962671e-01 2.203805910329742490e-01 4.766682997295166313e-01
1.253424265461399456e-01 6.699438538762066964e-01 6.603035581766512063e-01 2.226468447891783720e-01 4.721270925981964073e-01
1.267952846786433996e-01 6.665881218032375655e-01 6.600465630939604811e-01 2.249333275275690325e-01 4.675207660108031682e-01
1.282649830528059809e-01 6.666449587923478637e-01 6.597222426730484646e-01 2.272401535818253659e-01 4.628760525301147677e-01
1.297517168657586761e-01 6.654921045532548041e-01 6.593794291851179379e-01 2.295674364068229223e-01 4.582251097730207778e-01
1.312556835771842845e-01 6.579635649779470574e-01 6.590562320504392835e-01 2.319152885331067782e-01 4.535930915423934673e-01
1.327770829355429116e-01 6.482777601702351955e-01 6.587684492638110623e-01 2.342838215203997543e-01 4.489904916989297945e-01
1.343161170046015263e-01 6.440703031577653670e-01 6.585014894880500957e-01 2.366731459101318602e-01 4.444077780914844622e-01
1.358729901902709092e-01 6.444884832155436394e-01 6.581949887137632516e-01 2.390833711769770054e-01 4.398052004503048007e-01
1.374479092677536596e-01 6.437264468187822164e-01 6.577302936425944990e-01 2.415146056793832097e-01 4.351044449987498397e-01
1.390410834090069769e-01 6.451780457661914214e-01 6.569469979996763742e-01 2.439669566090824637e-01 4.301993238380612539e-01
1.406527242105236331e-01 6.602515234361066021e-01 6.556856220838563898e-01 2.464405299395656668e-01 4.249835265154343067e-01
1.422830457214351862e-01 6.891104513803432141e-01 6.538279370365096543e-01 2.489354303735093477e-01 4.193767602753853407e-01
1.439322644719406574e-01 7.122319112806726471e-01 6.513247930374040928e-01 2.514517612891382647e-01 4.133429281725287119e-01
1.456005995020648591e-01 7.077495154761063167e-01 6.482145304091863069e-01 2.539896246855110062e-01 4.069027856428895640e-01
1.472882723907501801e-01 6.727211611058734331e-01 6.446219999192529526e-01 2.565491211267127980e-01 4.001345919968447573e-01
1.489955072852853779e-01 6.254021683796511244e-01 6.407457063124731844e-01 2.591303496849418075e-01 3.931674235228482250e-01
1.507225309310755434e-01 5.919092999935097188e-01 6.368487888492169180e-01 2.617334078824727350e-01 3.861771673035246932e-01
1.524695727017572888e-01 5.883696281035240006e-01 6.332352641329179743e-01 2.643583916324843130e-01 3.793719912760449842e-01
1.542368646296627399e-01 6.072857833741993616e-01 6.301974445824825022e-01 2.670053951787343949e-01 3.729566008825661028e-01
1.560246414366368017e-01 6.247721333104440111e-01 6.279858957617363568e-01 2.696745110340678098e-01 3.671099898620131530e-01
1.578331405652116382e-01 6.284930487712463432e-01 6.268146648592958226e-01 2.723658299177417752e-01 3.619865270391561807e-01
1.596626022101425013e-01 6.275775180335532166e-01 6.268519828184965226e-01 2.750794406915534340e-01 3.577068712976666509e-01
1.615132693503091299e-01 6.273354949371671152e-01 6.281957597351691680e-01 2.778154302947531962e-01 3.543386371711439442e-01
1.633853877809862132e-01 6.164292903321860750e-01 6.308652990394305604e-01 2.805738836777283418e-01 3.518893958858079207e-01
1.652792061464895546e-01 5.926655270586181912e-01 6.347857844396943561e-01 2.833548837344429527e-01 3.502964902058757213e-01
1.671949759731990170e-01 5.766085943442856854e-01 6.397722827696994408e-01 2.861585112336144654e-01 3.494187532715967714e-01
1.691329517029648843e-01 5.883753963689840605e-01 6.455324104441080291e-01 2.889848447486136340e-01 3.490429842869381405e-01
1.710933907269015231e-01 6.316658472186996720e-01 6.516689375901774106e-01 2.918339605860701957e-01 3.488911912852271646e-01
1.730765534195725930e-01 6.928892808667083125e-01 6.577177146160165799e-01 2.947059327131687501e-01 3.486506603688153683e-01
1.750827031735725237e-01 7.375121573364150640e-01 6.632333117167831249e-01 2.976008326836167561e-01 3.480321890433780707e-01
1.771121064345088647e-01 7.395247813747644061e-01 6.678547918326332988e-01 3.005187295622696042e-01 3.468105021669856125e-01
1.791650327363901452e-01 7.231218208421286153e-01 6.713428372149541357e-01 3.034596898483946648e-01 3.448433500268717200e-01
1.812417547374237659e-01 7.217308252245843159e-01 6.736214502485735611e-01 3.064237773975569956e-01 3.420934460503016750e-01
1.833425482562290598e-01 7.162338547880396922e-01 6.748037418311765290e-01 3.094110533421111642e-01 3.386416578206245531e-01
1.854676923084699336e-01 6.824680119722792426e-01 6.751913232682096311e-01 3.124215760102798112e-01 3.346858337699046837e-01
1.876174691439121411e-01 6.453180967942963031e-01 6.752324523078465646e-01 3.154554008438022472e-01 3.305153394534739442e-01
1.897921642839101308e-01 6.287098004765434567e-01 6.754311706959911232e-01 3.185125803141355960e-01 3.264545087909379584e-01
1.919920665593284892e-01 6.267151336653044025e-01 6.762067121499025779e-01 3.215931638371902213e-01 3.227726690367210272e-01
1.942174681489026444e-01 6.342555014118279599e-01 6.777953916656829225e-01 3.246971976865810072e-01 3.196200712964207824e-01
1.964686646180446583e-01 6.458241536984095088e-01 6.802841010992298765e-01 3.278247249053771739e-01 3.170486157523151327e-01
1.987459549580983809e-01 6.619724900991329486e-01 6.836517773552720501e-01 3.309757852163310310e-01 3.150387260418374691e-01
2.010496416260499075e-01 6.932614025260616097e-01 6.877168212004980408e-01 3.341504149305677962e-01 3.134676423477791296e-01
2.033800305846981960e-01 7.174644489569131922e-01 6.921495222145611637e-01 3.373486468547172712e-01 3.121209509542701710e-01
2.057374313432913659e-01 7.126818091737190386e-01 6.965700921419948344e-01 3.405705101964686676e-01 3.107577837551374067e-01
2.081221569986339281e-01 7.121973430630134105e-01 7.006600535235153471e-01 3.438160304685285995e-01 3.091812360646595259e-01
2.105345242766706038e-01 7.371875782282337752e-01 7.041642131596975718e-01 3.470852293909636455e-01 3.072378175339804396e-01
2.129748535745520921e-01 7.597147026434770689e-01 7.069128731579755742e-01 3.503781247919072750e-01 3.048289064322154407e-01
2.154434690031884481e-01 7.530549606962579912e-01 7.088918006554855156e-01 3.536947305066113767e-01 3.019513635856750366e-01
2.179406984302955930e-01 7.156804464409097788e-01 7.101488833747896523e-01 3.570350562748220158e-01 2.986385481396073849e-01
2.204668735239409816e-01 6.732999876387169014e-01 7.107878600503710897e-01 3.603991076364594370e-01 2.949562946577256040e-01
2.230223297965938656e-01 6.632488373637643875e-01 7.110070684734378643e-01 3.637868858255818849e-01 2.910268791849488501e-01
2.256074066496861485e-01 7.093237199496682521e-01 7.110343489998359745e-01 3.671983876626112586e-01 2.869898157670121019e-01
2.282224474186898555e-01 7.609226103588717649e-01 7.110076237623034201e-01 3.706336054448011175e-01 2.829294631058671405e-01
2.308677994187169624e-01 7.283359281968491139e-01 7.109819597101245670e-01 3.740925268349243327e-01 2.788795487045928612e-01
2.335438139906479416e-01 6.645629878519405676e-01 7.109755599021184702e-01 3.775751347481596243e-01 2.748512858652643609e-01
2.362508465477947683e-01 6.713533496871979533e-01 7.109927042427435229e-01 3.810814072371546679e-01 2.708473840093716389e-01
2.389892566231050230e-01 7.205729975375678720e-01 7.110168529954941086e-01 3.846113173752436776e-01 2.668578353720955643e-01
2.417594079169130827e-01 7.433084810725738567e-01 7.110027104964218303e-01 3.881648331377974825e-01 2.628550696278271759e-01
2.445616683452446483e-01 7.319838965716759516e-01 7.109544416824842283e-01 3.917419172816823392e-01 2.588417272752397413e-01
2.473964100886814066e-01 7.409236964211607379e-01 7.109292665123420063e-01 3.953425272228054954e-01 2.548528588433073283e-01
2.502640096417919069e-01 7.300738927535638245e-01 7.110219196491320837e-01 3.989666149117240268e-01 2.509464336067693813e-01
2.531648478631355337e-01 6.847138420516820645e-01 7.113150607439886475e-01 4.026141267072923524e-01 2.471729950446454327e-01
2.560993100258459609e-01 6.960794370633275330e-01 7.118581565307300352e-01 4.062850032483258378e-01 2.435626735975031654e-01
2.590677858688008595e-01 7.012028525085046704e-01 7.127434190308130635e-01 4.099791793232547832e-01 2.401714142743438252e-01
2.620706696483852682e-01 6.591499092532356885e-01 7.140027690983252739e-01 4.136965837377460375e-01 2.370179615395871797e-01
2.651083601908538756e-01 6.527145430732383957e-01 7.155781676957488902e-01 4.174371391802644271e-01 2.340659963458390780e-01
2.681812609453015361e-01 7.270060058694692851e-01 7.173423242566783209e-01 4.212007620855522383e-01 2.312373073169019799e-01
2.712897800372467416e-01 7.882595425752019214e-01 7.190960886115631556e-01 4.249873624959976115e-01 2.284109105162145936e-01
2.744343303228365394e-01 7.740012970541968462e-01 7.206738035899473704e-01 4.287968439208680871e-01 2.254871556387722242e-01
2.776153294436801144e-01 7.348234502128062617e-01 7.219787084561197776e-01 4.326291031933821585e-01 2.224086588684678067e-01
2.808331998823172526e-01 7.220592962567730089e-01 7.229088475906182421e-01 4.364840303255913545e-01 2.191151812881068917e-01
2.840883690183304000e-01 7.299749049666360845e-01 7.233332861496793997e-01 4.403615083610469272e-01 2.155291001658998229e-01
2.873812691851066470e-01 7.171906845611271120e-01 7.233107375218201796e-01 4.442614132252220571e-01 2.116863184388363406e-01
2.907123377272578524e-01 7.084127781009681435e-01 7.230093553683355490e-01 4.481836135736627647e-01 2.076879430021427164e-01
2.940820170587063465e-01 7.144817429811258780e-01 7.226572857150949103e-01 4.521279706378377172e-01 2.036710102793964638e-01
2.974907547214440395e-01 7.543662689808309230e-01 7.224358291459412884e-01 4.560943380686596216e-01 1.997445956735938166e-01
3.009390034449720974e-01 7.661614929753580716e-01 7.225534463905027849e-01 4.600825617776470589e-01 1.960342040619798276e-01
3.044272212064302874e-01 6.931975102975937997e-01 7.231657383064242772e-01 4.640924797756985631e-01 1.926333111196697756e-01
3.079558712914226559e-01 6.658680165287591546e-01 7.243841613021195780e-01 4.681239220094465248e-01 1.896081109178903157e-01
3.115254223555488089e-01 6.708725582250573138e-01 7.262510536466745270e-01 4.721767101951629408e-01 1.869822134921858281e-01
3.151363484866479547e-01 6.907365752617792287e-01 7.286807230371159516e-01 4.762506576501829292e-01 1.847016921891124486e-01
3.187891292677645927e-01 7.345739277626592845e-01 7.315124395905101551e-01 4.803455691218159185e-01 1.826679268637149411e-01
3.224842498408442282e-01 7.577318105582588892e-01 7.345415478408142684e-01 4.844612406137116523e-01 1.807573288118721477e-01
3.262222009711669979e-01 7.752794784741485756e-01 7.376016959539793971e-01 4.885974592096475333e-01 1.788707023743086322e-01
3.300034791125285305e-01 8.014223799781151625e-01 7.406644806356471600e-01 4.927540028947058337e-01 1.769913571267827945e-01
3.338285864731760921e-01 8.052210942288613449e-01 7.436882243335273257e-01 4.969306403738040778e-01 1.750951290145642547e-01
3.376980310825091203e-01 7.277814223500727042e-01 7.466411157365558937e-01 5.011271308875464570e-01 1.731639858399575127e-01
3.416123268585528616e-01 7.043331501307172893e-01 7.495420700069916897e-01 5.053432240253598051e-01 1.712095670113618906e-01
3.455719936762139399e-01 7.062595954170095558e-01 7.524779697267380829e-01 5.095786595358793303e-01 1.692825575830576024e-01
3.495775574363275129e-01 7.437156307108991893e-01 7.555014952673306805e-01 5.138331671345467422e-01 1.674131943485270280e-01
3.536295501355042892e-01 7.507111997479561927e-01 7.586110106083319149e-01 5.181064663083856381e-01 1.656001292351597931e-01
3.577285099367873422e-01 7.501738118487534246e-01 7.616256767440153785e-01 5.223982661179141784e-01 1.637398502150182455e-01
3.618749812411280464e-01 7.301031641784672122e-01 7.645008846087751886e-01 5.267082649961596363e-01 1.618078590041882592e-01
3.660695147596902399e-01 7.972833469146248797e-01 7.670418265136026426e-01 5.310361505447336317e-01 1.596949596195078591e-01
3.703126675869927165e-01 8.617419196788851377e-01 7.689269328543035797e-01 5.353815993269305240e-01 1.572216322813514144e-01
3.746050032748993175e-01 8.230879596255156194e-01 7.699993779041689468e-01 5.397442766578071094e-01 1.543023284412081975e-01
3.789470919074667821e-01 7.932142784366394972e-01 7.701667997998544735e-01 5.441238363912044296e-01 1.508870417807060549e-01
3.833395101766601254e-01 7.717339793567606909e-01 7.694254886110071245e-01 5.485199207036689506e-01 1.469741644458028573e-01
3.877828414589457595e-01 7.175376666662293124e-01 7.679006582892842214e-01 5.529321598752316991e-01 1.426331895981773901e-01
3.922776758927719598e-01 7.569381486568934614e-01 7.657219980898363199e-01 5.573601720670010584e-01 1.379351923269742652e-01
3.968246104569481680e-01 8.020102279033144432e-01 7.630902852033955019e-01 5.618035630955284798e-01 1.329914353707586372e-01
4.014242490499321803e-01 7.959837581426675301e-01 7.602827982757206504e-01 5.662619262038983692e-01 1.279578025819218812e-01
4.060772025700365440e-01 7.464177522355484040e-01 7.574765491366867165e-01 5.707348418295010717e-01 1.229348061052589203e-01
4.107840889965646558e-01 7.183725807503245075e-01 7.548371428033180397e-01 5.752218773684404374e-01 1.180178669011828774e-01
4.155455334718875515e-01 7.228509121100762380e-01 7.525201852975309524e-01 5.797225869365296713e-01 1.132979322408839556e-01
4.203621683844713797e-01 7.590382546820234611e-01 7.506254994040272299e-01 5.842365111268283950e-01 1.088346195169482833e-01
4.252346334528682159e-01 6.990716552791912397e-01 7.492577718739533710e-01 5.887631767636727353e-01 1.046906165391180560e-01
4.301635758106794882e-01 7.905035557709293448e-01 7.484862945697536851e-01 5.933020966531474816e-01 1.009079693640780040e-01
4.351496500925050026e-01 8.057539648239098184e-01 7.485068279526596591e-01 5.978527693299531265e-01 9.760152108158587358e-02
4.401935185208874501e-01 7.221053516714265319e-01 7.492790432148205282e-01 6.024146788006128350e-01 9.474804026616925889e-02
4.452958509942655518e-01 7.138454453903616548e-01 7.509390312324623062e-01 6.069872942829726004e-01 9.242507771753664947e-02
4.504573251759458330e-01 7.151410275091453217e-01 7.536405540429363947e-01 6.115700699419361897e-01 9.071803715416168479e-02
4.556786265841064054e-01 7.236943517035582252e-01 7.571481988243681238e-01 6.161624446213872508e-01 8.948566920222789101e-02
4.609604486828433600e-01 7.530042687462594753e-01 7.615115898108322234e-01 6.207638415722378511e-01 8.875010537970461078e-02
4.663034929742731483e-01 7.365406783228533039e-01 7.664264153972341065e-01 6.253736681765535987e-01 8.833087357752034130e-02
4.717084690917017209e-01 7.425574505284983085e-01 7.715985262601603445e-01 6.299913156676950621e-01 8.805682666473400866e-02
4.771760948938745805e-01 8.202483081392767383e-01 7.767166580467798065e-01 6.346161588464203085e-01 8.775149337670551386e-02
4.827070965603182939e-01 7.902737061000517649e-01 7.814371924737498754e-01 6.392475557928887220e-01 8.722500146354522643e-02
4.883022086877880086e-01 8.220286315250526776e-01 7.854607115571859977e-01 6.438848475745078126e-01 8.631626163725461542e-02
4.939621743878320759e-01 8.669463204518579325e-01 7.886210455171915878e-01 6.485273579495627327e-01 8.494006128074257922e-02
4.996877453854883799e-01 8.644402125331663855e-01 7.907411015083450900e-01 6.531743930665667719e-01 8.300516295027836333e-02
5.054796821191240852e-01 8.085265211724699252e-01 7.919991341646696048e-01 6.578252411592693250e-01 8.061417319418218153e-02
5.113387538414325695e-01 7.327653430797573808e-01 7.926505283403114666e-01 6.624791722372611602e-01 7.790952445162767359e-02
5.172657387216018643e-01 8.075896135768707573e-01 7.927553810686502889e-01 6.671354377721090412e-01 7.492518792800861860e-02
5.232614239486661489e-01 7.414050207388181990e-01 7.928013699090165067e-01 6.717932703789555315e-01 7.192874288393302784e-02
5.293266058360561743e-01 7.655478837272068349e-01 7.930861012127057297e-01 6.764518834935192571e-01 6.908342860405972119e-02
5.354620899273607737e-01 8.739108549691896322e-01 7.937615405322626660e-01 6.811104710444235710e-01 6.647249561615688196e-02
5.416686911033151697e-01 6.952865228731115455e-01 7.949674603669013573e-01 6.857682071207895635e-01 6.417200553264904017e-02
5.479472336900287344e-01 8.266893783808632046e-01 7.967985564256878650e-01 6.904242456350202506e-01 6.223250449867513689e-02
5.542985515684668574e-01 7.645462153858364474e-01 7.992207278667983195e-01 6.950777199807062212e-01 6.063337097470409415e-02
5.607234882852032420e-01 8.007505365078093629e-01 8.021740287273115833e-01 6.997277426855796900e-01 5.933950402169554939e-02
5.672228971644543982e-01 8.420848860177272410e-01 8.055811545412604469e-01 7.043734050594447904e-01 5.830634794355316064e-02
5.737976414214134291e-01 8.180022905863811866e-01 8.091279652318510429e-01 7.090137768370081695e-01 5.736253756374909418e-02
5.804485942768977669e-01 7.816912895526230143e-01 8.127098088847889423e-01 7.136479058155351662e-01 5.645150573714255438e-02
5.871766390733255125e-01 8.334565404829750168e-01 8.160365708589302214e-01 7.182748174872534141e-01 5.541898173497801505e-02
5.939826693920355893e-01 7.540056531042479415e-01 8.190046872487017904e-01 7.228935146664270395e-01 5.421205872491864641e-02
6.008675891719686968e-01 8.645027206341353576e-01 8.214191964764029352e-01 7.275029771110211874e-01 5.273007315518080107e-02
6.078323128297229427e-01 9.300999633556178425e-01 8.232485059105256742e-01 7.321021611388748296e-01 5.095926231960106606e-02
6.148777653810023613e-01 7.961732670945879109e-01 8.244745129698134445e-01 7.366899992383040274e-01 4.889246058423563079e-02
6.220048825634711953e-01 8.708792352819648697e-01 8.250195252715034622e-01 7.412653996730464989e-01 4.649049800780491459e-02
6.292146109610343707e-01 8.581156139912473613e-01 8.251216506787864002e-01 7.458272460814682203e-01 4.387973819978963769e-02
6.365079081295571539e-01 8.182597694619631046e-01 8.249632794053786133e-01 7.503743970699432442e-01 4.115661034811458202e-02
6.438857427240419762e-01 7.778155285779002615e-01 8.246919989277554652e-01 7.549056858003196924e-01 3.839908470170894095e-02
6.513490946272803006e-01 7.914529447483450442e-01 8.246845773519489997e-01 7.594199195713841055e-01 3.580588829123410033e-02
6.588989550799949635e-01 7.896897973744914090e-01 8.248097596771545303e-01 7.639158793942352199e-01 3.330825342647181914e-02
6.665363268124913088e-01 7.920050178335661384e-01 8.253979631898787916e-01 7.683923195614722479e-01 3.108037761101971330e-02
6.742622241778342129e-01 9.058038297743178369e-01 8.264136719935111230e-01 7.728479672101096210e-01 2.910342448048723954e-02
6.820776732865685421e-01 8.305304040833502155e-01 8.277203400416957013e-01 7.772815218781203850e-01 2.730528404214969604e-02
6.899837121430018039e-01 8.219065244361032363e-01 8.294084007164985728e-01 7.816916550545150999e-01 2.573295415673279921e-02
6.979813907830659803e-01 7.756501277243599279e-01 8.312708096415124537e-01 7.860770097228573228e-01 2.427743565506775003e-02
7.060717714137773049e-01 8.644609502575439919e-01 8.331869994388548806e-01 7.904361998981193072e-01 2.287566327269820524e-02
7.142559285543126357e-01 8.280947662780492324e-01 8.351514025762453164e-01 7.947678101567766662e-01 2.152494590356172563e-02
7.225349491787214085e-01 8.650339952102150676e-01 8.370355323167865125e-01 7.990703951600406363e-01 2.015885352317258253e-02
7.309099328602910450e-01 8.859162212794372548e-01 8.388539076706920117e-01 8.033424791701263556e-01 1.878559975601006710e-02
7.393819919175865785e-01 8.266725699462706967e-01 8.407519943760199954e-01 8.075825555594507987e-01 1.748097693380211426e-02
7.479522515621821466e-01 7.959266635991950611e-01 8.426136222473993298e-01 8.117890863126565604e-01 1.618526757028732402e-02
7.566218500481054487e-01 8.553548647736795019e-01 8.445266190199423040e-01 8.159605015213527990e-01 1.494420662736468432e-02
7.653919388230148169e-01 8.457055046428930689e-01 8.464069801901585866e-01 8.200951988714638707e-01 1.371496687713488934e-02
7.742636826811269968e-01 8.547881407245614405e-01 8.482616309356196815e-01 8.241915431230767419e-01 1.250166918874748810e-02
7.832382599179196214e-01 7.773966143760062675e-01 8.499246078138318339e-01 8.282478655826741587e-01 1.122007815628964927e-02
7.923168624866253618e-01 8.621715340506540537e-01 8.513251788716669211e-01 8.322624635676381111e-01 9.835170650364882458e-03
8.015006961565405152e-01 9.348446003526706960e-01 8.522700303422874324e-01 8.362335998629114586e-01 8.249603442969275294e-03
8.107909806731686819e-01 8.292683926448344289e-01 8.525903117810276211e-01 8.401595021696982579e-01 6.378649726043680163e-03
8.201889499202202893e-01 9.439850997916100495e-01 8.523712077293092992e-01 8.440383625460839978e-01 4.266584970277611209e-03
8.296958520834906148e-01 8.621684999545705663e-01 8.515946794483734150e-01 8.478683368394570596e-01 1.904522323511383553e-03
8.393129498166364000e-01 8.494905520536383259e-01 8.502750011566466704e-01 8.516475441106072797e-01 7.004877654007497963e-04
8.490415204088747059e-01 8.251634191549068742e-01 8.486109384895360597e-01 8.553740660493793779e-01 3.447453346316252647e-03
8.588828559546249908e-01 8.487113039241447332e-01 8.467947521579014536e-01 8.590459463817537999e-01 6.238234947174053219e-03
8.688382635251183927e-01 8.168876850926987121e-01 8.451167571105746568e-01 8.626611902682305155e-01 8.923547219570360581e-03
8.789090653419954213e-01 8.383389222932462470e-01 8.437185275885678015e-01 8.662177636933831026e-01 1.142949956850195826e-02
8.890965989529158175e-01 8.478395937930818249e-01 8.429645195867722096e-01 8.697135928464546639e-01 1.356696222663181239e-02
8.994022174092044519e-01 8.582107241143508425e-01 8.428475205391386949e-01 8.731465634928623487e-01 1.533813549982891017e-02
9.098272894455557980e-01 7.752511248882708594e-01 8.434997356224930298e-01 8.765145203364755888e-01 1.667416420571090144e-02
9.203731996618220723e-01 8.257189104082787168e-01 8.448986634840537358e-01 8.798152663725307132e-01 1.758687037750658946e-02
9.310413487069075789e-01 8.267410182456161882e-01 8.470356846444642152e-01 8.830465622310460505e-01 1.808189708309234159e-02
9.418331534647951253e-01 8.856495229029768268e-01 8.498876004886110058e-01 8.862061255105947444e-01 1.817325446780204690e-02
9.527500472427290479e-01 8.492124372129582488e-01 8.532448909598929765e-01 8.892916301022946168e-01 1.797050831148883435e-02
9.637934799615786030e-01 8.289703205709408884e-01 8.569430831241867663e-01 8.923007055038705282e-01 1.755925867193735418e-02
9.749649183484085935e-01 8.606909326343850086e-01 8.609906746888094098e-01 8.952309361236430174e-01 1.693663383829751082e-02
9.862658461312820979e-01 9.191741106686790452e-01 8.650979998292648299e-01 8.980798605742965623e-01 1.624964955442433079e-02
9.976977642363201726e-01 8.282225177010803518e-01 8.692258806461700127e-01 9.008449709562742491e-01 1.551740972057466181e-02
1.009262190987048502e+00 9.214994891047513237e-01 8.732853319997274655e-01 9.035242322031336037e-01 1.478363901838425018e-02
1.020960662306047650e+00 8.322517906123152454e-01 8.771413687653772939e-01 9.061193723415390533e-01 1.411582129009368754e-02
1.032794731918952547e+00 9.172570459586911751e-01 8.807649937078790847e-01 9.086336831422061611e-01 1.352878698643660872e-02
1.044765971560805307e+00 8.343908329926420508e-01 8.840908968740329721e-01 9.110702969905828397e-01 1.305496902093649519e-02
1.056875971184805030e+00 9.610417856528522540e-01 8.869958244782899515e-01 9.134321895171737538e-01 1.275473675679576931e-02
1.069126339173477103e+00 8.681208437933585209e-01 8.895523168512575740e-01 9.157221895529081834e-01 1.259224288798585674e-02
1.081518702552289213e+00 9.434655310503008430e-01 8.917357103964755893e-01 9.179429883149607949e-01 1.257955011668479388e-02
1.094054707205743604e+00 8.570601314041281782e-01 8.935421539098152843e-01 9.200971478928405833e-01 1.271863880119707135e-02
1.106736018095974439e+00 8.723696157880355129e-01 8.948492426926604182e-01 9.221871090973181584e-01 1.306917219894422263e-02
1.119564319483879355e+00 9.126903036364958366e-01 8.958061473842892086e-01 9.242151987283597769e-01 1.355906779521573458e-02
1.132541315152812755e+00 9.496831039374450389e-01 8.964184705889211013e-01 9.261836363125772742e-01 1.418630713144564993e-02
1.145668728634872569e+00 8.820336177803230759e-01 8.967160663729538683e-01 9.280945403556652984e-01 1.493726684225075811e-02
1.158948303439811811e+00 9.183774571405717291e-01 8.969771417455359996e-01 9.299499341508543626e-01 1.567819223332809001e-02
1.172381803286599800e+00 9.095125112235543652e-01 8.972255555493955370e-01 9.317517511804154218e-01 1.639858262542755532e-02
1.185971012337670549e+00 8.504631801650107681e-01 8.975995651228710903e-01 9.335018401437336077e-01 1.703254487757928370e-02
1.199717735435885446e+00 9.064761103221585792e-01 8.982826665448714332e-01 9.352019696422917416e-01 1.749239330623505659e-02
1.213623798344241722e+00 8.642324826994118858e-01 8.992646194297382323e-01 9.368538325490942675e-01 1.778433085807067798e-02
1.227691047988360484e+00 9.211418049087438664e-01 9.007318303698971240e-01 9.384590500875233943e-01 1.781981655248086535e-02
1.241921352701784720e+00 8.872594822170750684e-01 9.024398550950832876e-01 9.400191756423557088e-01 1.771844583170635243e-02
1.256316602474121469e+00 8.230439875749905321e-01 9.044026635920696666e-01 9.415356983236344846e-01 1.747495820597192578e-02
1.270878709202059476e+00 9.152012531491343639e-01 9.064473181718641914e-01 9.430100463022479396e-01 1.717375109667022143e-02
1.285609606943296512e+00 9.784833884624966061e-01 9.084102862427515523e-01 9.444435899344365559e-01 1.689398009423221866e-02
1.300511252173409904e+00 9.571008691711152538e-01 9.101898671981492051e-01 9.458376446909431134e-01 1.668459874573751875e-02
1.315585624045705115e+00 9.004940972036856728e-01 9.116942086547360491e-01 9.471934739051917074e-01 1.658950108722902217e-02
1.330834724654076151e+00 9.615000704984288937e-01 9.129235105951599705e-01 9.485122913536634393e-01 1.660857144855874129e-02
1.346260579298911075e+00 9.555275762401068684e-01 9.139442970541075129e-01 9.497952636805349069e-01 1.671027234369561187e-02
1.361865236756082842e+00 8.021315523450375240e-01 9.149884997403188169e-01 9.510435126776601855e-01 1.678475191442209760e-02
1.377650769549054965e+00 9.431204284385406034e-01 9.161141887110046955e-01 9.522581174300572826e-01 1.680507393374573374e-02
1.393619274224143556e+00 9.192817775823637350e-01 9.174666137221331175e-01 9.534401163362604681e-01 1.670315167946228099e-02
1.409772871628967694e+00 9.031274947802943043e-01 9.191473533682801289e-01 9.545905090121378223e-01 1.643197108119150845e-02
1.426113707194129887e+00 8.719405298628265522e-01 9.212428655708816416e-01 9.557102580861016605e-01 1.595210996923416766e-02
1.442643951218158804e+00 9.022757092758871833e-01 9.236686920193286632e-01 9.568002908930195449e-01 1.530507532899842184e-02
1.459365799155757593e+00 9.895044516704780690e-01 9.264272133528175246e-01 9.578615010735695989e-01 1.449141443174441386e-02
1.476281471909391074e+00 9.246635318696408978e-01 9.293485244018641067e-01 9.588947500852718075e-01 1.359232717463217457e-02
1.493393216124253353e+00 9.061473028041449052e-01 9.325035764825280182e-01 9.599008686309455918e-01 1.257587851790273499e-02
1.510703304486655574e+00 1.024287621213781474e+00 9.356141977349780037e-01 9.608806580099278349e-01 1.157264785833447482e-02
1.528214036025870914e+00 8.846392545861814227e-01 9.385433147254526043e-01 9.618348913969811953e-01 1.064620688298463860e-02
1.545927736419478560e+00 9.782552348625656036e-01 9.411933655335079640e-01 9.627643150534590522e-01 9.841127561470548735e-03
1.563846758302247730e+00 8.769791160273920916e-01 9.433935154524033528e-01 9.636696494749754649e-01 9.235294471568259930e-03
1.581973481578601515e+00 9.212382566436678744e-01 9.452009803813677946e-01 9.645515904795007867e-01 8.801298069340065741e-03
1.600310313738701806e+00 9.535375558510141847e-01 9.463761286592163868e-01 9.654108102395551061e-01 8.648380408478041972e-03
1.618859690178199306e+00 1.099532983254484453e+00 9.470780396807311208e-01 9.662479582618752616e-01 8.702822688324771128e-03
1.637624074521689010e+00 9.612100824202076677e-01 9.474673790776215743e-01 9.670636623177326641e-01 8.890798549492161945e-03
1.656605958949915136e+00 9.758050978159119593e-01 9.473934144466621410e-01 9.678585293268349155e-01 9.281520145167865277e-03
1.675807864530768798e+00 9.267218805124068925e-01 9.472320143237557000e-01 9.686331461975468127e-01 9.702958520598220157e-03
1.695232341554121502e+00 9.127791329615111415e-01 9.471100897873053759e-01 9.693880806259975724e-01 1.009721215587128934e-02
1.714881969870540868e+00 8.984438522124126303e-01 9.472629796757220388e-01 9.701238818564419386e-01 1.035663106781465996e-02
1.734759359233932541e+00 8.865590809254755289e-01 9.476641678063619789e-01 9.708410814051036120e-01 1.049368554079447777e-02
1.754867149648152047e+00 8.813489800102517480e-01 9.483795641778219876e-01 9.715401937495860007e-01 1.047858541043545852e-02
1.775208011717636092e+00 1.055103752514758408e+00 9.494081835436131156e-01 9.722217169857734209e-01 1.031234703779379362e-02
1.795784647002096834e+00 9.514614209932928945e-01 9.505897481798812887e-01 9.728861334540543915e-01 1.006888718690390934e-02
1.816599788375328650e+00 1.012343561782417023e+00 9.518166941720233032e-01 9.735339103365554525e-01 9.797765816998841790e-03
1.837656200388172456e+00 1.012590366203326653e+00 9.530717558852396243e-01 9.741655002269788977e-01 9.507145605430014981e-03
1.858956679635688225e+00 8.760417851104917997e-01 9.541475560123140465e-01 9.747813416745321202e-01 9.291665529397879000e-03
1.880504055128583429e+00 9.767976579667823067e-01 9.550135393210378298e-01 9.753818597033441229e-01 9.165145594346281802e-03
1.902301188668945819e+00 8.898722186863272654e-01 9.555974513008528293e-01 9.759674663086861379e-01 9.160358022257914651e-03
1.924350975230332272e+00 9.664323578766907952e-01 9.560206094522883946e-01 9.765385609312107196e-01 9.222142408118028101e-03
1.946656343342263229e+00 1.028032802367302656e+00 9.561749049343912787e-01 9.770955309103805941e-01 9.399685555977952550e-03
1.969220255479173565e+00 9.335910972832786037e-01 9.561787639767440616e-01 9.776387519181539698e-01 9.639313818158037894e-03
1.992045708453871189e+00 9.597368586644345889e-01 9.560012582790983204e-01 9.781685883739623666e-01 9.955248454061989272e-03
2.015135733815558439e+00 9.275646020803083314e-01 9.555836038042296865e-01 9.786853938419211030e-01 1.037441745800580552e-02
2.038493398252464228e+00 1.009545491059025801e+00 9.549749055190600577e-01 9.791895114111905940e-01 1.087479337860711333e-02
2.062121803999144465e+00 9.443926332381477051e-01 9.542950533788566725e-01 9.796812740603264569e-01 1.140213423275738408e-02
2.086024089248504687e+00 9.788355704942554025e-01 9.535128994908561584e-01 9.801610050064217816e-01 1.197084770452628774e-02
2.110203428568596440e+00 9.385827161477180436e-01 9.527533101814226191e-01 9.806290180397954082e-01 1.252427408740721705e-02
2.134663033324245340e+00 9.013009410684836853e-01 9.520267820425080130e-01 9.810856178449325338e-01 1.305774329292512352e-02
2.159406152103567678e+00 9.838417639605696596e-01 9.515368674542012961e-01 9.815311003083542207e-01 1.347844523294897991e-02
2.184436071149428393e+00 9.581209497359534089e-01 9.512664394382294164e-01 9.819657528140406377e-01 1.379416636943262692e-02
2.209756114795903059e+00 9.804606824599223502e-01 9.513286557758227069e-01 9.823898545270104421e-01 1.395329001840599041e-02
2.235369645909796699e+00 8.656096902123264769e-01 9.516312423049502200e-01 9.828036766656151890e-01 1.399808090364905097e-02
2.261280066337279404e+00 8.777228279250992582e-01 9.518844436511864071e-01 9.832074827630878922e-01 1.406094577714394472e-02
2.287490817355704031e+00 1.021885932750882020e+00 9.520994643977581662e-01 9.836015289188404509e-01 1.413687429310376761e-02
2.314005380130653933e+00 1.015193784493715778e+00 9.520091241790741288e-01 9.839860640399948899e-01 1.434783692656978367e-02
2.340827276178294447e+00 9.563409232157134010e-01 9.516092596122214253e-01 9.843613300735940541e-01 1.469588514135936053e-02
2.367960067833078774e+00 1.019751213827159608e+00 9.508564963909127421e-01 9.847275622299183073e-01 1.520111586090876730e-02
2.395407358720879287e+00 9.133606846284463288e-01 9.497159924321597613e-01 9.850849891973145755e-01 1.587995008142250100e-02
2.423172794237600680e+00 9.191651627031041105e-01 9.481649763717201473e-01 9.854338333489187640e-01 1.674355985777058881e-02
2.451260062033339793e+00 1.008973549184848606e+00 9.463275496668733799e-01 9.857743109416341465e-01 1.773601281058886231e-02
2.479672892502160053e+00 9.235482425051199096e-01 9.443195662545511571e-01 9.861066323077087858e-01 1.880489142817295956e-02
2.508415059277541381e+00 9.222699031528501790e-01 9.423283441505836411e-01 9.864310020392426104e-01 1.986445863085212205e-02
2.537490379733571721e+00 9.239652982819389626e-01 9.404660303286571654e-01 9.867476191659261264e-01 2.086297376363766345e-02
2.566902715491951703e+00 8.789679421010397897e-01 9.389016677600430238e-01 9.870566773263100835e-01 2.172198031629105422e-02
2.596655972934872381e+00 9.297066774520741372e-01 9.376308765340024554e-01 9.873583649328849798e-01 2.244290948996605084e-02
2.626754103723838440e+00 1.058488638321339437e+00 9.368972227640793848e-01 9.876528653312317552e-01 2.291237645039155557e-02
2.657201105324506596e+00 9.874732567888865331e-01 9.369532107117496400e-01 9.879403569534979113e-01 2.301282278147204555e-02
2.688001021537607560e+00 8.944239019699974369e-01 9.377712920462383250e-01 9.882210134664375367e-01 2.275715089347467995e-02
2.719157943036019098e+00 8.657092808082128554e-01 9.394401553274929206e-01 9.884950039142452738e-01 2.210535894907056376e-02
2.750676007908067433e+00 8.373887983752983377e-01 9.418546185032583562e-01 9.887624928563967242e-01 2.110811204473233768e-02
2.782559402207125832e+00 9.301561475893735942e-01 9.451687130860426667e-01 9.890236405007033493e-01 1.969733539430792990e-02
2.814812360507581435e+00 9.368254227704426729e-01 9.491415462365339062e-01 9.892786028317797076e-01 1.798763185679463222e-02
2.847439166467247595e+00 1.031897100040225723e+00 9.535338508921035183e-01 9.895275317351057698e-01 1.609176682403686345e-02
2.880444153396297668e+00 9.485547272640341143e-01 9.581537673636760788e-01 9.897705751168683896e-01 1.409932698850540830e-02
2.913831704832788638e+00 1.020858007814257729e+00 9.627188107048878507e-01 9.900078770197417999e-01 1.213919244299282649e-02
2.947606255124858521e+00 9.342035073326286909e-01 9.669047876258151097e-01 9.902395777347805517e-01 1.035656950874947434e-02
2.981772290019673477e+00 1.034950228417162998e+00 9.706773342416170625e-01 9.904658139095718905e-01 8.764601619465526086e-03
3.016334347259197468e+00 9.857486556850922899e-01 9.739392757897553654e-01 9.906867186527923419e-01 7.404460926911020889e-03
3.051297017182871052e+00 1.002911856106173838e+00 9.766604697564712501e-01 9.909024216353150560e-01 6.287279726104377797e-03
3.086664943337274369e+00 9.085870178671520137e-01 9.788424960456192370e-01 9.911130491880015825e-01 5.410378375000785174e-03
3.122442823092857811e+00 9.069024416801393373e-01 9.802973857265467883e-01 9.913187243962988671e-01 4.855464915581856299e-03
3.158635408267818967e+00 1.121055498947539641e+00 9.811133915823164742e-01 9.915195671917707010e-01 4.582085630971607058e-03
3.195247505759213791e+00 9.510739182539846848e-01 9.813839067316110221e-01 9.917156944406773089e-01 4.548254328784864624e-03
3.232283978181380579e+00 1.002224959367097323e+00 9.811862336450091204e-01 9.919072200297147646e-01 4.719605187843557530e-03
3.269749744511767808e+00 9.499532743129212031e-01 9.803160490982946174e-01 9.920942549490223694e-01 5.186822030718828309e-03
3.307649780744242651e+00 1.070215881562412985e+00 9.789410870504382522e-01 9.922769073725552502e-01 5.876327789012693488e-03
3.345989120549974771e+00 9.887827957956710767e-01 9.772507031249846321e-01 9.924552827359292007e-01 6.704956202979748224e-03
3.384772855945982872e+00 9.993481299558859554e-01 9.753595736107637526e-01 9.926294838118172592e-01 7.622419656497252463e-03
3.424006137971425723e+00 9.490101010936339287e-01 9.734765862090175581e-01 9.927996107829994976e-01 8.536087779677677817e-03
3.463694177371734462e+00 9.766527075971466187e-01 9.718873142378744445e-01 9.929657613131468441e-01 9.318360299925105075e-03
3.503842245290675894e+00 8.952895170778646383e-01 9.707672680936729748e-01 9.931280306154213200e-01 9.890115285069082593e-03
3.544455673970435594e+00 8.811129938646691251e-01 9.702731155457505752e-01 9.932865115189628558e-01 1.018053988646126264e-02
3.585539857459817181e+00 9.673035695070875128e-01 9.703424223385233027e-01 9.934412945333612743e-01 1.021718973412356034e-02
3.627100252330648367e+00 1.038922286411687379e+00 9.710415807013060840e-01 9.935924679111514113e-01 9.970463495892813513e-03
3.669142378402494131e+00 1.051505560659701244e+00 9.720728289615578888e-01 9.937401177084310699e-01 9.574018772675713454e-03
3.711671819475766743e+00 8.953706953674804847e-01 9.734525933317943469e-01 9.938843278436526596e-01 9.021036002347727553e-03
3.754694224073336972e+00 9.480518783291934648e-01 9.747861142857677796e-01 9.940251801546498012e-01 8.488051787228338002e-03
3.798215306190736218e+00 9.669211538148366758e-01 9.759453144837028082e-01 9.941627544539730632e-01 8.032005237686615229e-03
3.842240846055060999e+00 1.098250065394693387e+00 9.769756351830845009e-01 9.942971285825794592e-01 7.632452249129086791e-03
3.886776690892667752e+00 9.315212732792057526e-01 9.776825059835267950e-01 9.944283784619378785e-01 7.375665202026090300e-03
3.931828755705770284e+00 9.512287822488549871e-01 9.781537751119406821e-01 9.945565781446044085e-01 7.222358831016637351e-03
3.977403024058036696e+00 1.110189958640206198e+00 9.784146524174968107e-01 9.946817998633208369e-01 7.161223605625547523e-03
4.023505548869293236e+00 9.777119229160888825e-01 9.787821403714507262e-01 9.948041140786778591e-01 7.051536381924181258e-03
4.070142453219438572e+00 9.383304465034347785e-01 9.793297211448389605e-01 9.949235895254067152e-01 6.860793187548115506e-03
4.117319931161679492e+00 8.779280627132621806e-01 9.800924015849669102e-01 9.950402932573252368e-01 6.573645234339906343e-03
4.165044248545185290e+00 9.680327640736152706e-01 9.812957416111638409e-01 9.951542906909964792e-01 6.090505639092455570e-03
4.213321743847289191e+00 9.648052155004184227e-01 9.828654557054741225e-01 9.952656456481401293e-01 5.444942051648176545e-03
4.262158829015325168e+00 9.990340353859141764e-01 9.846274273871163940e-01 9.953744203968322157e-01 4.714546707857428069e-03
4.311561990318228510e+00 1.054716325930627585e+00 9.863439713047887913e-01 9.954806756915379751e-01 4.004439461320907952e-03
4.361537789208005833e+00 9.386442393457211653e-01 9.878734431476617894e-01 9.955844708120129560e-01 3.376803321634258559e-03
4.412092863191189984e+00 1.053975794035821423e+00 9.890940648585173633e-01 9.956858636011096664e-01 2.884745360858144338e-03
4.463233926710397093e+00 9.514957765717969584e-01 9.898865029905237201e-01 9.957849105015210700e-01 2.580138235506028357e-03
4.514967772036102112e+00 1.065243550089115754e+00 9.900780405852002142e-01 9.958816665915064537e-01 2.538309226993180207e-03
4.567301270168746541e+00 1.031321168762582063e+00 9.898250055121317059e-01 9.959761856196112095e-01 2.690533306114636838e-03
4.620241371751313331e+00 1.003712530935153779e+00 9.891444416326512501e-01 9.960685200384356008e-01 3.029499903259773568e-03
4.673795107992464004e+00 9.562719357002720244e-01 9.884483901503966496e-01 9.961587210374636125e-01 3.374542987961807756e-03
4.727969591600390764e+00 9.428560359757270914e-01 9.877762444172182299e-01 9.962468385749945199e-01 3.708378883974884199e-03
4.782772017727485725e+00 9.868780073531558950e-01 9.872976072479178189e-01 9.963329214091949382e-01 3.956396278180296551e-03
4.838209664925956943e+00 9.907988519033468222e-01 9.874781610024415679e-01 9.964170171283019961e-01 3.913636369290998673e-03
4.894289896114531579e+00 8.562459538697426709e-01 9.880156779799524891e-01 9.964991721800091629e-01 3.713106164134064285e-03
4.951020159556350997e+00 1.055643492485419221e+00 9.888646883074748706e-01 9.965794319000516044e-01 3.375050851069426837e-03
5.008407989848212338e+00 1.030499739913974144e+00 9.900460471177275901e-01 9.966578405400190466e-01 2.890693492758815691e-03
5.066461008921268494e+00 1.002980719521353148e+00 9.912214384880028151e-01 9.967344412944183496e-01 2.408778645182701409e-03
5.125186927053333008e+00 9.733513273092342377e-01 9.923554300818481222e-01 9.968092763270117729e-01 1.944820430116847836e-03
5.184593543892913381e+00 9.961194631988573578e-01 9.931512957588181090e-01 9.968823867964480279e-01 1.628509267959555142e-03
5.244688749495119318e+00 1.049096419712110206e+00 9.937012665950923918e-01 9.969538128812112099e-01 1.419195294835200356e-03
5.305480525369573819e+00 9.953569945245720474e-01 9.938041194214364271e-01 9.970235938039031520e-01 1.404643072324826807e-03
5.366976945540476329e+00 9.854890703500749360e-01 9.935169709824552831e-01 9.970917678548842922e-01 1.559840660087438106e-03
5.429186177618943177e+00 1.045090976622641943e+00 9.929344428449553561e-01 9.971583724152879302e-01 1.843564325175259559e-03
5.492116483887789613e+00 9.635995661345583274e-01 9.922194690908849868e-01 9.972234439794300798e-01 2.184735485869898717e-03
5.555776222398877806e+00 9.681429702096342460e-01 9.913613160989663831e-01 9.972870181766240183e-01 2.588197506927713762e-03
5.620173848083187984e+00 9.274492738276864934e-01 9.906177730832187445e-01 9.973491297924321763e-01 2.941097503121149065e-03
5.685317913873753071e+00 9.517363219348979886e-01 9.900566093024879555e-01 9.974098127893553656e-01 3.213609281052378936e-03
5.751217071841614015e+00 1.194212424371331460e+00 9.896453714859313466e-01 9.974691003269851031e-01 3.419853128015997151e-03
5.817880074344935259e+00 9.645526536735146150e-01 9.896037376830523202e-01 9.975270247816310221e-01 3.463343395899904243e-03
5.885315775191449994e+00 8.582676859391277224e-01 9.899479471892537186e-01 9.975836177654391346e-01 3.336949178658663896e-03
5.953533130814370189e+00 1.090108253805481597e+00 9.904373269422336312e-01 9.976389101450220398e-01 3.146379869683045127e-03
6.022541201461927507e+00 9.156674131079430845e-01 9.912555988413912500e-01 9.976929320595968598e-01 2.811242235136918871e-03
6.092349152400711176e+00 1.031693643111914582e+00 9.923119385607102050e-01 9.977457129386633206e-01 2.371653998139776603e-03
6.162966255132942273e+00 9.346145970691069893e-01 9.934760681761898304e-01 9.977972815192341915e-01 1.884906515932692180e-03
6.234401888627863819e+00 1.021304918630175695e+00 9.944998468720392948e-01 9.978476658626080908e-01 1.459525181367188557e-03
6.306665540567405692e+00 1.051762299202376960e+00 9.952467320147679875e-01 9.978968933707312861e-01 1.154910380426357611e-03
6.379766808606282424e+00 9.377179141466662760e-01 9.956452823963599652e-01 9.979449908021285065e-01 1.001962265812749104e-03
6.453715401646701544e+00 1.066291631271140128e+00 9.955506167344522206e-01 9.979919842874431790e-01 1.063707378073678591e-03
6.528521141127847649e+00 1.068308569014066567e+00 9.947338728916700346e-01 9.980378993445646607e-01 1.440126552779622980e-03
6.604193962330305645e+00 9.182739840886875449e-01 9.933575680415821507e-01 9.980827608933926509e-01 2.060949557751200981e-03
6.680743915695614987e+00 1.004286187349781256e+00 9.913956584262547667e-01 9.981265932702145793e-01 2.938614043008355107e-03
6.758181168161110364e+00 1.039048391518766046e+00 9.888592648291179010e-01 9.981694202417221717e-01 4.069773869701580338e-03
6.836516004510238886e+00 9.434137481656078572e-01 9.859485732685393522e-01 9.982112650186885094e-01 5.368203775734305128e-03
6.915758828738525210e+00 1.047580503110133066e+00 9.828536170494104329e-01 9.982521502692771609e-01 6.751414080588499268e-03
6.995920165435374649e+00 9.935916378376746794e-01 9.800282818475622992e-01 9.982920981320484444e-01 8.019024689642578752e-03
7.077010661181889262e+00 9.210065054197942302e-01 9.775540340013462171e-01 9.983311302286113076e-01 9.133841384539116010e-03
7.159041085964887863e+00 9.467733510623895787e-01 9.756405640408435387e-01 9.983692676759805540e-01 1.000135526017256228e-02
7.242022334607315592e+00 9.738389408318721685e-01 9.746004189286477937e-01 9.984065310986169894e-01 1.048081956938214446e-02
7.325965428215230446e+00 9.842171179603352860e-01 9.743526713425602059e-01 9.984429406401653662e-01 1.060707052573375136e-02
7.410881515641570161e+00 9.094757163833666613e-01 9.750153225897972842e-01 9.984785159749134387e-01 1.032728390630690066e-02
7.496781874966877091e+00 9.165265572216156897e-01 9.763493203155114708e-01 9.985132763189528138e-01 9.748615398082780686e-03
7.583677914997190683e+00 9.679242475018374758e-01 9.781694149761528401e-01 9.985472404410755676e-01 8.954536458922393929e-03
7.671581176779302069e+00 1.041647364766759676e+00 9.804048001381661104e-01 9.985804266733901979e-01 7.977620205605141790e-03
7.760503335133570602e+00 9.550848638984071881e-01 9.825613631002396708e-01 9.986128529216895533e-01 7.037468929684671110e-03
7.850456200204509294e+00 1.049631340670462487e+00 9.845134059055886677e-01 9.986445366755503095e-01 6.189296228225438928e-03
7.941451719029339884e+00 1.096490765207672746e+00 9.861931723568152508e-01 9.986754950181948587e-01 5.462402029626009861e-03
8.033501977124734239e+00 9.456880783483702091e-01 9.873395876826477346e-01 9.987057446361091717e-01 4.970997447276378697e-03
8.126619200091946382e+00 9.469532199620031010e-01 9.878295218945578604e-01 9.987353018284172990e-01 4.768399773106689332e-03
8.220815755240540312e+00 1.012030478169096304e+00 9.878069739827263218e-01 9.987641825160371578e-01 4.790871391398780939e-03
8.316104153230961415e+00 9.765883717742070980e-01 9.871674731763008248e-01 9.987924022506042832e-01 5.084392968444824412e-03
8.412497049736117560e+00 9.018064553810771766e-01 9.861058313867526737e-01 9.988199762231901868e-01 5.563692547851108519e-03
8.510007247122246099e+00 1.079097002455233545e+00 9.847226517763666420e-01 9.988469192727909007e-01 6.185006263841702663e-03
8.608647696149244410e+00 1.022302331258746699e+00 9.830771879244949440e-01 9.988732458946258941e-01 6.922762500245610399e-03
8.708431497690723333e+00 1.016288767700133100e+00 9.813188055488093475e-01 9.988989702482249378e-01 7.711443873681641907e-03
8.809371904473991322e+00 9.941429758410736950e-01 9.795963609301471253e-01 9.989241061653251208e-01 8.485330596210627005e-03
8.911482322840202031e+00 9.576846290342366785e-01 9.780628124605318385e-01 9.989486671575711352e-01 9.176425129196263270e-03
9.014776314524917566e+00 8.843455146992577065e-01 9.767247140444793585e-01 9.989726664240354825e-01 9.781428557739531640e-03
9.119267598459298796e+00 9.748419840174730178e-01 9.755749358501982771e-01 9.989961168585523854e-01 1.030316607339190269e-02
9.224970052592174952e+00 9.285061745763910634e-01 9.745583065946021861e-01 9.990190310568802801e-01 1.076593398135509624e-02
9.331897715733239451e+00 9.372787446006600742e-01 9.736418702865486940e-01 9.990414213236766816e-01 1.118425298152612643e-02
9.440064789417602853e+00 1.028220210608421947e+00 9.725596232593015644e-01 9.990632996793353815e-01 1.167677011722906971e-02
9.549485639791965852e+00 1.101986630313188220e+00 9.712117742351231708e-01 9.990846778666240269e-01 1.228835978799888186e-02
9.660174799522645017e+00 9.673685137787820798e-01 9.695822876278306079e-01 9.991055673571884732e-01 1.302670583137740569e-02
9.772146969725724830e+00 9.831187520137929514e-01 9.675210459050410661e-01 9.991259793578870507e-01 1.395983093884619990e-02
9.885417021919574054e+00 9.526809559453655041e-01 9.650479767933229924e-01 9.991459248169805019e-01 1.508001679822533470e-02
1.000000000000000000e+01 9.450796844362728821e-01 9.623387117803461344e-01 9.991654144301738150e-01 1.630943634711011156e-02
