# tau=t/t_H SFF SFF_smoothed GOE_connected DeltaK_abs_log10_ratio
1.000000000000000048e-04 8.797145702344705853e+01 8.797049238825037776e+01 1.999800019997333795e-04 5.643350454422749074e+00
1.011591112223829728e-04 8.797099796922967130e+01 8.797022202253867817e+01 2.022977581832760541e-04 5.638344618013840126e+00
1.023316578330244966e-04 8.797052821360037456e+01 8.796990938364540114e+01 2.046423742725537011e-04 5.633338578738144697e+00
1.035177955630176228e-04 8.797004750714077659e+01 8.796955558101653594e+01 2.070141614763123497e-04 5.628332342138236299e+00
1.047176819485520245e-04 8.796955559462186613e+01 8.796916287891033903e+01 2.094134346075829226e-04 5.623325919458457278e+00
1.059314763518370031e-04 8.796905221486841242e+01 8.796873437508986626e+01 2.118405121253895179e-04 5.618319326058820451e+00
1.071593399822671198e-04 8.796853710062084986e+01 8.796827362472541267e+01 2.142957161769398083e-04 5.613312579558405346e+00
1.084014359178331018e-04 8.796800997839362424e+01 8.796778427170642090e+01 2.167793726403025999e-04 5.608305698015282559e+00
1.096579291267809898e-04 8.796747056832995781e+01 8.796726973888563350e+01 2.192918111675785128e-04 5.603298698397337851e+00
1.109289864895222780e-04 8.796691858405415587e+01 8.796673300898513048e+01 2.218333652285692595e-04 5.598291595500624496e+00
1.122147768207980290e-04 8.796635373251938006e+01 8.796617650543565503e+01 2.244043721549514021e-04 5.593284401361048097e+00
1.135154708920999033e-04 8.796577571385265060e+01 8.796560206320226882e+01 2.270051731849600921e-04 5.588277125110281851e+00
1.148312414543511137e-04 8.796518422119592628e+01 8.796501096738474246e+01 2.296361135085894041e-04 5.583269773166285255e+00
1.161622632608501891e-04 8.796457894054344706e+01 8.796440403298934996e+01 2.322975423133139818e-04 5.578262349627076233e+00
1.175087130904807617e-04 8.796395955057562333e+01 8.796378170139547592e+01 2.349898128303393684e-04 5.573254856746951980e+00
1.188707697711903309e-04 8.796332572248888937e+01 8.796314413508039820e+01 2.377132823813860615e-04 5.568247295404114894e+00
1.202486142037412301e-04 8.796267711982127935e+01 8.796249129943552703e+01 2.404683124260139629e-04 5.563239665504583265e+00
1.216424293857368039e-04 8.796201339827456422e+01 8.796182324626104787e+01 2.432552686094931291e-04 5.558231967381869865e+00
1.230524004359261579e-04 8.796133420553181281e+01 8.796113962094226224e+01 2.460745208112275753e-04 5.553224199363762992e+00
1.244787146187906256e-04 8.796063918107084589e+01 8.796044006060544973e+01 2.489264431937378481e-04 5.548216359738112224e+00
1.259215613694150942e-04 8.795992795597342706e+01 8.795972419392613517e+01 2.518114142522093635e-04 5.543208446751882512e+00
1.273811323186478520e-04 8.795920015272987769e+01 8.795899164093289357e+01 2.547298168646127152e-04 5.538200458610194943e+00
1.288576213185518003e-04 8.795845538503932914e+01 8.795824201280531440e+01 2.576820383424025126e-04 5.533192393475332871e+00
1.303512244681508938e-04 8.795769325760528545e+01 8.795747491166885368e+01 2.606684704818018248e-04 5.528184249465735611e+00
1.318621401394748458e-04 8.795691336592638265e+01 8.795668993038431438e+01 2.636895096156779473e-04 5.523176024654963712e+00
1.333905690039058638e-04 8.795611529608224544e+01 8.795588665233186987e+01 2.667455566660177873e-04 5.518167717070640244e+00
1.349367140588306430e-04 8.795529862451475367e+01 8.795506465119120776e+01 2.698370171970083421e-04 5.513159324693366337e+00
1.365007806546013845e-04 8.795446291780339720e+01 8.795422349071550627e+01 2.729643014687300768e-04 5.508150845455614508e+00
1.380829765218092263e-04 8.795360773243666586e+01 8.795336272450137471e+01 2.761278244914698696e-04 5.503142277240594460e+00
1.396835117988739626e-04 8.795273261457690239e+01 8.795248189575140429e+01 2.793280060806610596e-04 5.498133617881086010e+00
1.413025990599533599e-04 8.795183709982050857e+01 8.795158053703404732e+01 2.825652709124569940e-04 5.493124865158259595e+00
1.429404533431761061e-04 8.795092071295233893e+01 8.795065817003538200e+01 2.858400485799463138e-04 5.488116016800452357e+00
1.445972921792019463e-04 8.794998296769414026e+01 8.794971430530654288e+01 2.891527736500166482e-04 5.483107070481926471e+00
1.462733356201129868e-04 8.794902336644783247e+01 8.794874844200504072e+01 2.925038857208746290e-04 5.478098023821594609e+00
1.479688062686396383e-04 8.794804140003213888e+01 8.794776006762991472e+01 2.958938294802293295e-04 5.473088874381718760e+00
1.496839293077255632e-04 8.794703654741358889e+01 8.794674865775017736e+01 2.993230547641470953e-04 5.468079619666565527e+00
1.514189325304352018e-04 8.794600827543067112e+01 8.794571367572896747e+01 3.027920166165852479e-04 5.463070257121054318e+00
1.531740463702079740e-04 8.794495603851282794e+01 8.794465457243845208e+01 3.063011753496128480e-04 5.458060784129348697e+00
1.549495039314631646e-04 8.794387927839139252e+01 8.794357078597074917e+01 3.098509966043256183e-04 5.453051198013429968e+00
1.567455410205595065e-04 8.794277742380525353e+01 8.794246174134039506e+01 3.134419514124640264e-04 5.448041496031631681e+00
1.585623961771137158e-04 8.794164989019810719e+01 8.794132685018081474e+01 3.170745162587414656e-04 5.443031675377143053e+00
1.604003107056819902e-04 8.794049607941094848e+01 8.794016551043364416e+01 3.207491731438919663e-04 5.438021733176472416e+00
1.622595287078087002e-04 8.793931537936516918e+01 8.793897710603036444e+01 3.244664096484443775e-04 5.433011666487876923e+00
1.641402971144466361e-04 8.793810716373937453e+01 8.793776100656734229e+01 3.282267189972323958e-04 5.428001472299762042e+00
1.660428657187529582e-04 8.793687079163919407e+01 8.793651656697298336e+01 3.320306001246483034e-04 5.422991147529028666e+00
1.679674872092653225e-04 8.793560560725870801e+01 8.793524312716647273e+01 3.358785577406489791e-04 5.417980689019397111e+00
1.699144172034625999e-04 8.793431093953383026e+01 8.793394001171046170e+01 3.397711023975232372e-04 5.412970093539681393e+00
1.718839142817145534e-04 8.793298610178848662e+01 8.793260652945346578e+01 3.437087505574287316e-04 5.407959357782026188e+00
1.738762400216250527e-04 8.793163039137260739e+01 8.793124197316620894e+01 3.476920246607074268e-04 5.402948478360109164e+00
1.758916590327732731e-04 8.793024308929038568e+01 8.792984561916752284e+01 3.517214531949887954e-04 5.397937451807283793e+00
1.779304389918577296e-04 8.792882345982199865e+01 8.792841672694304123e+01 3.557975707650890365e-04 5.392926274574700862e+00
1.799928506782476454e-04 8.792737075013512538e+01 8.792695453875462874e+01 3.599209181637167787e-04 5.387914943029365133e+00
1.820791680099462359e-04 8.792588418988744081e+01 8.792545827924084278e+01 3.640920424429929100e-04 5.382903453452165365e+00
1.841896680799710861e-04 8.792436299082157802e+01 8.792392715500760403e+01 3.683114969867951061e-04 5.377891802035840385e+00
1.863246311931559835e-04 8.792280634634811065e+01 8.792236035421062468e+01 3.725798415839356222e-04 5.372879984882911408e+00
1.884843409033795474e-04 8.792121343112171417e+01 8.792075704612709330e+01 3.768976425021829200e-04 5.367867998003557517e+00
1.906690840512252085e-04 8.791958340060531896e+01 8.791911638071803736e+01 3.812654725631356933e-04 5.362855837313447616e+00
1.928791508020777693e-04 8.791791539062572269e+01 8.791743748818032600e+01 3.856839112179594859e-04 5.357843498631514656e+00
1.951148346846616412e-04 8.791620851691789085e+01 8.791571947848868263e+01 3.901535446239965256e-04 5.352830977677681012e+00
1.973764326300255292e-04 8.791446187465939488e+01 8.791396144092651355e+01 3.946749657222570142e-04 5.347818270070535007e+00
1.996642450109793374e-04 8.791267453799409282e+01 8.791216244360701637e+01 3.992487743158042342e-04 5.342805371324944375e+00
2.019785756819878484e-04 8.791084555954444113e+01 8.791032153298198182e+01 4.038755771490413322e-04 5.337792276849619988e+00
2.043197320195270594e-04 8.790897396991299217e+01 8.790843773334029265e+01 4.085559879879120844e-04 5.332778981944620078e+00
2.066880249629082160e-04 8.790705877717195449e+01 8.790651004629421550e+01 4.132906277010250777e-04 5.327765481798796721e+00
2.090837690555749911e-04 8.790509896634189602e+01 8.790453745025403975e+01 4.180801243417118758e-04 5.322751771487181038e+00
2.115072824868794756e-04 8.790309349885711754e+01 8.790251889989131939e+01 4.229251132310303941e-04 5.317737845968310673e+00
2.139588871343421563e-04 8.790104131202019744e+01 8.790045332558864288e+01 4.278262370417234553e-04 5.312723700081490641e+00
2.164389086064020347e-04 8.789894131844272351e+01 8.789833963287708229e+01 4.327841458831445626e-04 5.307709328543990246e+00
2.189476762856620634e-04 8.789679240547386030e+01 8.789617670186189002e+01 4.377994973871608101e-04 5.302694725948177812e+00
2.214855233726359179e-04 8.789459343461585661e+01 8.789396338663281938e+01 4.428729567950449105e-04 5.297679886758585255e+00
2.240527869300018224e-04 8.789234324092549855e+01 8.789169851466309069e+01 4.480051970453672368e-04 5.292664805308903375e+00
2.266498079273692845e-04 8.789004063240267328e+01 8.788938088619292444e+01 4.531968988628995334e-04 5.287649475798909648e+00
2.292769312865648647e-04 8.788768438936426719e+01 8.788700927359998616e+01 4.584487508485416253e-04 5.282633892291320521e+00
2.319345059274427543e-04 8.788527326380408056e+01 8.788458242075489579e+01 4.637614495702829451e-04 5.277618048708574428e+00
2.346228848142262321e-04 8.788280597873708189e+01 8.788209904236182979e+01 4.691356996552108020e-04 5.272601938829531321e+00
2.373424250023866149e-04 8.788028122753071614e+01 8.787955782328451448e+01 4.745722138825771044e-04 5.267585556286104698e+00
2.400934876860651764e-04 8.787769767321863412e+01 8.787695741785628911e+01 4.800717132779357848e-04 5.262568894559810140e+00
2.428764382460450548e-04 8.787505394779987000e+01 8.787429644917489213e+01 4.856349272083631814e-04 5.257551946978230362e+00
2.456916462982790305e-04 8.787234865152207419e+01 8.787157350838019454e+01 4.912625934787734090e-04 5.252534706711399437e+00
2.485394857429798422e-04 8.786958035214742324e+01 8.786878715391647177e+01 4.969554584293418929e-04 5.247517166768103536e+00
2.514203348142796828e-04 8.786674758420329567e+01 8.786593591077719623e+01 5.027142770340490468e-04 5.242499319992097284e+00
2.543345761304648361e-04 8.786384884821394792e+01 8.786301826973249263e+01 5.085398130003566160e-04 5.237481159058222424e+00
2.572825967447932359e-04 8.786088260991586196e+01 8.786003268653951181e+01 5.144328388700315953e-04 5.232462676468443874e+00
2.602647881969004482e-04 8.785784729945515892e+01 8.785697758113396105e+01 5.203941361211270435e-04 5.227443864547790753e+00
2.632815465648020189e-04 8.785474131056578528e+01 8.785385133680377123e+01 5.264244952711378493e-04 5.222424715440201481e+00
2.663332725174980963e-04 8.785156299973027672e+01 8.785065229934384945e+01 5.325247159813399026e-04 5.217405221104268520e+00
2.694203713681882413e-04 8.784831068532000131e+01 8.784737877619129165e+01 5.386956071623296956e-04 5.212385373308890735e+00
2.725432531281027707e-04 8.784498264671681511e+01 8.784402903554102693e+01 5.449379870807771449e-04 5.207365163628815630e+00
2.757023325609582747e-04 8.784157712341408342e+01 8.784060130544133926e+01 5.512526834674043221e-04 5.202344583440082104e+00
2.788980292380439777e-04 8.783809231409765061e+01 8.783709377286882614e+01 5.576405336262050530e-04 5.197323623915355739e+00
2.821307675939470740e-04 8.783452637570579213e+01 8.783350458278235351e+01 5.641023845449193727e-04 5.192302276019153062e+00
2.854009769829237591e-04 8.783087742246750906e+01 8.782983183715467135e+01 5.706390930067781241e-04 5.187280530502951237e+00
2.887090917359234400e-04 8.782714352491913701e+01 8.782607359398404867e+01 5.772515257035287567e-04 5.182258377900194724e+00
2.920555512182745244e-04 8.782332270889904180e+01 8.782222786628095434e+01 5.839405593497619526e-04 5.177235808521168714e+00
2.954407998880379709e-04 8.781941295451859730e+01 8.781829262103337896e+01 5.907070807985491607e-04 5.172212812447760655e+00
2.988652873550382482e-04 8.781541219511048268e+01 8.781426577814811196e+01 5.975519871584092542e-04 5.167189379528101867e+00
3.023294684405776131e-04 8.781131831615320493e+01 8.781014520936854240e+01 6.044761859116172141e-04 5.162165499371076827e+00
3.058338032378431388e-04 8.780712915417032605e+01 8.780592873716680913e+01 6.114805950338720762e-04 5.157141161340707214e+00
3.093787571730136510e-04 8.780284249560639864e+01 8.780161413361224731e+01 6.185661431153371536e-04 5.152116354550403621e+00
3.129648010670750265e-04 8.779845607567550303e+01 8.779719911921282005e+01 6.257337694830710732e-04 5.147091067857081370e+00
3.165924111983520412e-04 8.779396757718564004e+01 8.779268136173205050e+01 6.329844243248628540e-04 5.142065289855138666e+00
3.202620693657650080e-04 8.778937462933467373e+01 8.778805847497763182e+01 6.403190688144881583e-04 5.137039008870296186e+00
3.239742629528195514e-04 8.778467480648120613e+01 8.778332801756317849e+01 6.477386752384031937e-04 5.132012212953285690e+00
3.277294849923381931e-04 8.777986562688575134e+01 8.777848749164273556e+01 6.552442271238911225e-04 5.126984889873396511e+00
3.315282342319423150e-04 8.777494455142455365e+01 8.777353434161595658e+01 6.628367193686799481e-04 5.121957027111869287e+00
3.353710152002928996e-04 8.776990898227447246e+01 8.776846595280427721e+01 6.705171583720454355e-04 5.116928611855128928e+00
3.392583382740992125e-04 8.776475626156775434e+01 8.776327965009754450e+01 6.782865621674184688e-04 5.111899630987868370e+00
3.431907197459042598e-04 8.775948367001706174e+01 8.775797269657014965e+01 6.861459605565126780e-04 5.106870071085962692e+00
3.471686818926559680e-04 8.775408842550943689e+01 8.775254229206599632e+01 6.940963952449906568e-04 5.101839918409218022e+00
3.511927530450727588e-04 8.774856768166827692e+01 8.774698557175149460e+01 7.021389199796836253e-04 5.096809158893953473e+00
3.552634676578139260e-04 8.774291852638430100e+01 8.774129960463666578e+01 7.102746006873862216e-04 5.091777778145401001e+00
3.593813663804625697e-04 8.773713798031138822e+01 8.773548139206235419e+01 7.185045156152400836e-04 5.086745761429937396e+00
3.635469961293317630e-04 8.773122299533140733e+01 8.772952786615469734e+01 7.268297554727271449e-04 5.081713093667126202e+00
3.677609101601030626e-04 8.772517045298286575e+01 8.772343588824369931e+01 7.352514235752898855e-04 5.076679759421574900e+00
3.720236681413065759e-04 8.771897716285486979e+01 8.771720224724769821e+01 7.437706359895959914e-04 5.071645742894598463e+00
3.763358362286532656e-04 8.771263986094585619e+01 8.771082365802061531e+01 7.523885216804686738e-04 5.066611027915691068e+00
3.806979871402283821e-04 8.770615520798473597e+01 8.770429675966383343e+01 7.611062226594977193e-04 5.061575597933795301e+00
3.851107002325568655e-04 8.769951978771580059e+01 8.769761811379903804e+01 7.699248941353541457e-04 5.056539436008364419e+00
3.895745615775500948e-04 8.769273010514420719e+01 8.769078420280366970e+01 7.788457046658246209e-04 5.051502524800217664e+00
3.940901640403447737e-04 8.768578258474396137e+01 8.768379142800647230e+01 7.878698363115875427e-04 5.046464846562175310e+00
3.986581073580438726e-04 8.767867356862433326e+01 8.767663610784354944e+01 7.969984847917480205e-04 5.041426383129480548e+00
4.032789982193705223e-04 8.767139931465794689e+01 8.766931447597372085e+01 8.062328596411544182e-04 5.036387115909991330e+00
4.079534503452448896e-04 8.766395599456488696e+01 8.766182267935097627e+01 8.155741843695136963e-04 5.031347025874142176e+00
4.126820845702952015e-04 8.765633969195663155e+01 8.765415677625625790e+01 8.250236966223281057e-04 5.026306093544668840e+00
4.174655289253134888e-04 8.764854640033529165e+01 8.764631273428382485e+01 8.345826483436727481e-04 5.021264298986093166e+00
4.223044187206672164e-04 8.764057202104979183e+01 8.763828642828465831e+01 8.442523059408347120e-04 5.016221621793959251e+00
4.271993966306776428e-04 8.763241236120653355e+01 8.763007363826426399e+01 8.540339504508355755e-04 5.011178041083818258e+00
4.321511127789761839e-04 8.762406313153398685e+01 8.762167004723352193e+01 8.639288777088571184e-04 5.006133535479949437e+00
4.371602248248502198e-04 8.761551994420074152e+01 8.761307123901360683e+01 8.739383985185937695e-04 5.001088083103818249e+00
4.422273980505897289e-04 8.760677831058600873e+01 8.760427269599182409e+01 8.840638388245508714e-04 4.996041661562265368e+00
4.473533054498462949e-04 8.759783363900037045e+01 8.759526979682887315e+01 8.943065398863129416e-04 4.990994247935408801e+00
4.525386278170166862e-04 8.758868123235788516e+01 8.758605781411600333e+01 9.046678584548037199e-04 4.985945818764273341e+00
4.577840538376616304e-04 8.757931628579630967e+01 8.757663191198074060e+01 9.151491669505586049e-04 4.980896350038117149e+00
4.630902801799736631e-04 8.756973388424704297e+01 8.756698714364090108e+01 9.257518536440346307e-04 4.975845817181464348e+00
4.684580115873045137e-04 8.755992899994993195e+01 8.755711844890522855e+01 9.364773228379794524e-04 4.970794195040832975e+00
4.738879609717650920e-04 8.754989648991660545e+01 8.754702065161997382e+01 9.473269950518823247e-04 4.965741457871147624e+00
4.793808495089107069e-04 8.753963109333740533e+01 8.753668845706015134e+01 9.583023072085320110e-04 4.960687579321835017e+00
4.849374067335233355e-04 8.752912742893261111e+01 8.752611644926410861e+01 9.694047128227027644e-04 4.955632532422582948e+00
4.905583706365045484e-04 8.751837999224630948e+01 8.751529908831139437e+01 9.806356821919952685e-04 4.950576289568776822e+00
4.962444877628913436e-04 8.750738315288261049e+01 8.750423070754084165e+01 9.919967025898547650e-04 4.945518822506578260e+00
5.019965133110079530e-04 8.749613115168219224e+01 8.749290551071031530e+01 1.003489278460790004e-03 4.940460102317659974e+00
5.078152112327670659e-04 8.748461809783725585e+01 8.748131756909423018e+01 1.015114931617820552e-03 4.935400099403581820e+00
5.137013543351339135e-04 8.747283796594703631e+01 8.746946081852017585e+01 1.026875201442176535e-03 4.930338783469786712e+00
5.196557243827657369e-04 8.746078459300798613e+01 8.745732905634135079e+01 1.038771645085271840e-03 4.925276123509234161e+00
5.256791122018419265e-04 8.744845167534151642e+01 8.744491593834489152e+01 1.050805837672984288e-03 4.920212087785630573e+00
5.317723177850966487e-04 8.743583276545577121e+01 8.743221497559497379e+01 1.062979372512260975e-03 4.915146643816275862e+00
5.379361503980697925e-04 8.742292126884110814e+01 8.741921953120802868e+01 1.075293861300079820e-03 4.910079758354497059e+00
5.441714286865887004e-04 8.740971044069729601e+01 8.740592281706111066e+01 1.087750934334789834e-03 4.905011397371674242e+00
5.504789807854967333e-04 8.739619338259267067e+01 8.739231789042949572e+01 1.100352240729861797e-03 4.899941526038825934e+00
5.568596444286409188e-04 8.738236303905203783e+01 8.737839765055461783e+01 1.113099448630070366e-03 4.894870108707780609e+00
5.633142670601351629e-04 8.736821219407340777e+01 8.736415483513943059e+01 1.125994245430138188e-03 4.889797108891881905e+00
5.698437059469136636e-04 8.735373346757191371e+01 8.734958201677112299e+01 1.139038337995871945e-03 4.884722489246248855e+00
5.764488282925873171e-04 8.733891931174950685e+01 8.733467159926800605e+01 1.152233452887810273e-03 4.879646211547562729e+00
5.831305113526218760e-04 8.732376200738880812e+01 8.731941581395238927e+01 1.165581336587420865e-03 4.874568236673384014e+00
5.898896425508493501e-04 8.730825366007073285e+01 8.730380671584410379e+01 1.179083755725869294e-03 4.869488524580961375e+00
5.967271195973310833e-04 8.729238619631351526e+01 8.728783617977711629e+01 1.192742497315388414e-03 4.864407034285560982e+00
6.036438506075863814e-04 8.727615135963178261e+01 8.727149589643526895e+01 1.206559368983281706e-03 4.859323723838261166e+00
6.106407542232036075e-04 8.725954070651597760e+01 8.725477736830660547e+01 1.220536199208584888e-03 4.854238550303234589e+00
6.177187597338488134e-04 8.724254560232769506e+01 8.723767190555561513e+01 1.234674837561417415e-03 4.849151469734481523e+00
6.248788072006888211e-04 8.722515721711332048e+01 8.722017062181069491e+01 1.248977154945055124e-03 4.844062437152017786e+00
6.321218475812448011e-04 8.720736652133086864e+01 8.720226442986636073e+01 1.263445043840752402e-03 4.838971406517490692e+00
6.394488428556943443e-04 8.718916428149125863e+01 8.718394403729880082e+01 1.278080418555345996e-03 4.833878330709223015e+00
6.468607661546327617e-04 8.717054105571138223e+01 8.716519994199244081e+01 1.292885215471664510e-03 4.828783161496654763e+00
6.543586018883235361e-04 8.715148718917819792e+01 8.714602242757727879e+01 1.307861393301793700e-03 4.823685849514183666e+00
6.619433458774394430e-04 8.713199280952169090e+01 8.712640155877504355e+01 1.323010933343203837e-03 4.818586344234382146e+00
6.696160054853222054e-04 8.711204782209577502e+01 8.710632717665217228e+01 1.338335839737787511e-03 4.813484593940573042e+00
6.773775997517752102e-04 8.709164190516631265e+01 8.708578889377979237e+01 1.353838139733838652e-03 4.808380545698757835e+00
6.852291595284064167e-04 8.707076450500274234e+01 8.706477608929721157e+01 1.369519883950999018e-03 4.803274145328872535e+00
6.931717276155407569e-04 8.704940483087479208e+01 8.704327790387914376e+01 1.385383146648211166e-03 4.798165337375356110e+00
7.012063589007183975e-04 8.702755184995035620e+01 8.702128323460431147e+01 1.401430025994707639e-03 4.793054065077022585e+00
7.093341204987996815e-04 8.700519428209489092e+01 8.699878072972519760e+01 1.417662644344072111e-03 4.787940270336211945e+00
7.175560918936927952e-04 8.698232059456999821e+01 8.697575878333512378e+01 1.434083148511403538e-03 4.782823893687202066e+00
7.258733650817253023e-04 8.695891899662886715e+01 8.695220552993481533e+01 1.450693710053622531e-03 4.777704874263871027e+00
7.342870447166765678e-04 8.693497743401066202e+01 8.692810883889308116e+01 1.467496525552948808e-03 4.772583149766582267e+00
7.427982482564918871e-04 8.691048358332763257e+01 8.690345630880418071e+01 1.484493816903589836e-03 4.767458656428279262e+00
7.514081061116969704e-04 8.688542484634791663e+01 8.687823526173696109e+01 1.501687831601672104e-03 4.762331328979772849e+00
7.601177617955330547e-04 8.685978834417021233e+01 8.685243273737705749e+01 1.519080843038454710e-03 4.757201100614190992e+00
7.689283720758312941e-04 8.683356091128912624e+01 8.682603548705982632e+01 1.536675150796857139e-03 4.752067902950583900e+00
7.778411071286489781e-04 8.680672908955186529e+01 8.679902996769197898e+01 1.554473080951341776e-03 4.746931665996648952e+00
7.868571506936851423e-04 8.677927912200206606e+01 8.677140233556245619e+01 1.572476986371184769e-03 4.741792318110572779e+00
7.959777002314985571e-04 8.675119694661233893e+01 8.674313844003938812e+01 1.590689247027174706e-03 4.736649785961948744e+00
8.052039670825478267e-04 8.672246818990159056e+01 8.671422381715377981e+01 1.609112270301776620e-03 4.731503994491760068e+00
8.145371766280745229e-04 8.669307816043962589e+01 8.668464368306638335e+01 1.627748491302797749e-03 4.726354866871398386e+00
8.239785684528520143e-04 8.666301184223330267e+01 8.665438292742007320e+01 1.646600373180595383e-03 4.721202324460706201e+00
8.335293965098195066e-04 8.663225388799686755e+01 8.662342610657263720e+01 1.665670407448864750e-03 4.716046286764997042e+00
8.431909292866259040e-04 8.660078861230394409e+01 8.659175743671222847e+01 1.684961114309046614e-03 4.710886671391050662e+00
8.529644499741025759e-04 8.656859998462002181e+01 8.655936078685256518e+01 1.704475042978393197e-03 4.705723394002044202e+00
8.628512566366895297e-04 8.653567162221581555e+01 8.652621967170850326e+01 1.724214772021732955e-03 4.700556368271400665e+00
8.728526623848379762e-04 8.650198678295801358e+01 8.649231724444931046e+01 1.744182909686978243e-03 4.695385505835520945e+00
8.829699955494092365e-04 8.646752835797958880e+01 8.645763628932995459e+01 1.764382094244409038e-03 4.690210716245371891e+00
8.932045998580968784e-04 8.643227886422749862e+01 8.642215921420027769e+01 1.784814994329780857e-03 4.685031906916914402e+00
9.035578346138930074e-04 8.639622043688638087e+01 8.638586804288972587e+01 1.805484309291297646e-03 4.679848983080321823e+00
9.140310748756232161e-04 8.635933482168012176e+01 8.634874440746891366e+01 1.826392769540486488e-03 4.674661847727978881e+00
9.246257116405742597e-04 8.632160336704717452e+01 8.631076954038604754e+01 1.847543136907025532e-03 4.669470401561216732e+00
9.353431520292386373e-04 8.628300701619330937e+01 8.627192426647833656e+01 1.868938204997558535e-03 4.664274542935753054e+00
9.461848194722001460e-04 8.624352629901835599e+01 8.623218899485986810e+01 1.890580799558548054e-03 4.659074167805821176e+00
9.571521538991865398e-04 8.620314132391808926e+01 8.619154371068142950e+01 1.912473778843204811e-03 4.653869169666926986e+00
9.682466119303123836e-04 8.616183176946194067e+01 8.614996796676835800e+01 1.934620033982542000e-03 4.648659439497228263e+00
9.794696670695395360e-04 8.611957687594382094e+01 8.610744087513003819e+01 1.957022489360595117e-03 4.643444865697480495e+00
9.908228099003797609e-04 8.607635543681081458e+01 8.606394109834732831e+01 1.979684102993858018e-03 4.638225334029523417e+00
1.002307548283865382e-03 8.603214578996512785e+01 8.601944684083265713e+01 2.002607866914974267e-03 4.633000727553264753e+00
1.013925407558815411e-03 8.598692580894336857e+01 8.597393583996887401e+01 2.025796807560735577e-03 4.627770926562134512e+00
1.025677930744421868e-03 8.594067289397224840e+01 8.592738535712254588e+01 2.049253986164431378e-03 4.622535808516956557e+00
1.037566678745185890e-03 8.589336396290211439e+01 8.587977216853607842e+01 2.072982499152597417e-03 4.617295247978204564e+00
1.049593230558227598e-03 8.584497544201866503e+01 8.583107255609817798e+01 2.096985478546206996e-03 4.612049116536605098e+00
1.061759183483000071e-03 8.579548325673499676e+01 8.578126229799384816e+01 2.121266092366362512e-03 4.606797282742033595e+00
1.074066153333433447e-03 8.574486282216466293e+01 8.573031665923615208e+01 2.145827545044522860e-03 4.601539612030673965e+00
1.086515774652538433e-03 8.569308903357753593e+01 8.567821038208103346e+01 2.170673077837328296e-03 4.596275966650383182e+00
1.099109700929497193e-03 8.564013625674051866e+01 8.562491767632666040e+01 2.195805969246060908e-03 4.591006205584231559e+00
1.111849604819271095e-03 8.558597831814557821e+01 8.557041220950029015e+01 2.221229535440800984e-03 4.585730184472146753e+00
1.124737178364752007e-03 8.553058849512581219e+01 8.551466709693458768e+01 2.246947130689319182e-03 4.580447755530645537e+00
1.137774133221491381e-03 8.547393950586499045e+01 8.545765489173587071e+01 2.272962147790766503e-03 4.575158767470566268e+00
1.150962200885032299e-03 8.541600349930051550e+01 8.539934757464826021e+01 2.299278018514205012e-03 4.569863065412789638e+00
1.164303132920876775e-03 8.535675204492521573e+01 8.533971654381544170e+01 2.325898214042032217e-03 4.564560490801857995e+00
1.177798701197119331e-03 8.529615612249024537e+01 8.527873260444519588e+01 2.352826245418357214e-03 4.559250881317464810e+00
1.191450698119775895e-03 8.523418611161365277e+01 8.521636595838016603e+01 2.380065664002375871e-03 4.553934070783753008e+00
1.205260936870842505e-03 8.517081178129842556e+01 8.515258619357824443e+01 2.407620061926799698e-03 4.548609889076351109e+00
1.219231251649110712e-03 8.510600227936537010e+01 8.508736227350864567e+01 2.435493072561393472e-03 4.543278162027105438e+00
1.233363497913775872e-03 8.503972612180427859e+01 8.502066252646815769e+01 2.463688370981674969e-03 4.537938711326440000e+00
1.247659552630869806e-03 8.497195118205051756e+01 8.495245463482287107e+01 2.492209674442835352e-03 4.532591354423278318e+00
1.262121314522547276e-03 8.490264468019229582e+01 8.488270562418161092e+01 2.521060742858926597e-03 4.527235904422471258e+00
1.276750704319265777e-03 8.483177317211364254e+01 8.481138185250752315e+01 2.550245379287384949e-03 4.521872169979657130e+00
1.291549665014883998e-03 8.475930253858243191e+01 8.473844899917412476e+01 2.579767430418935040e-03 4.516499955193483018e+00
1.306520162124721234e-03 8.468519797428787399e+01 8.466387205397430193e+01 2.609630787072939745e-03 4.511119059495134920e+00
1.321664183946605082e-03 8.460942397683814420e+01 8.458761530608924772e+01 2.639839384698249112e-03 4.505729277535078126e+00
1.336983741824946661e-03 8.453194433572332400e+01 8.450964233302609330e+01 2.670397203879608643e-03 4.500330399066959863e+00
1.352480870417875451e-03 8.445272212125617273e+01 8.442991598953325649e+01 2.701308270849685049e-03 4.494922208828571186e+00
1.368157627967471913e-03 8.437171967349659951e+01 8.434839839650352644e+01 2.732576658006767144e-03 4.489504486419813034e+00
1.384016096573131502e-03 8.428889859117336414e+01 8.426505092987532919e+01 2.764206484438207819e-03 4.484077006177576763e+00
1.400058382468097589e-03 8.420421972061120641e+01 8.417983420954146823e+01 2.796201916449656943e-03 4.478639537047436114e+00
1.416286616299198848e-03 8.411764314467677650e+01 8.409270808828057397e+01 2.828567168100155470e-03 4.473191842452104439e+00
1.432702953409831009e-03 8.402912817175435123e+01 8.400363164071930555e+01 2.861306501743150592e-03 4.467733680156527498e+00
1.449309574126216591e-03 8.393863332476561823e+01 8.391256315234247154e+01 2.894424228573487436e-03 4.462264802129547014e+00
1.466108684046984459e-03 8.384611633024610455e+01 8.381946010856276530e+01 2.927924709180450627e-03 4.456784954402024823e+00
1.483102514336104337e-03 8.375153410749369698e+01 8.372427918386537726e+01 2.961812354106909892e-03 4.451293876921342374e+00
1.500293322019218348e-03 8.365484275780508483e+01 8.362697623104443778e+01 2.996091624414636521e-03 4.445791303402166328e+00
1.517683390283405343e-03 8.355599755381543048e+01 8.352750627054614085e+01 3.030767032255857023e-03 4.440276961173379000e+00
1.535275028780422714e-03 8.345495292895961370e+01 8.342582347993730707e+01 3.065843141451108592e-03 4.434750571021064403e+00
1.553070573933460147e-03 8.335166246707326820e+01 8.332188118351825779e+01 3.101324568073455818e-03 4.429211847027446858e+00
1.571072389247450424e-03 8.324607889215377554e+01 8.321563184209919939e+01 3.137215981039144508e-03 4.423660496405662279e+00
1.589282865622978049e-03 8.313815405829883787e+01 8.310702704296008392e+01 3.173522102704754225e-03 4.418096219330243990e+00
1.607704421673823627e-03 8.302783893984862118e+01 8.299601749001804762e+01 3.210247709470912848e-03 4.412518708763203179e+00
1.626339504048192157e-03 8.291508362175090951e+01 8.288255299422328903e+01 3.247397632392650790e-03 4.406927650275585862e+00
1.645190587753662514e-03 8.279983729017421012e+01 8.276658246420907972e+01 3.284976757796454708e-03 4.401322721864359799e+00
1.664260176485903671e-03 8.268204822339519922e+01 8.264805389722050677e+01 3.322990027904091856e-03 4.395703593764519468e+00
1.683550802961202323e-03 8.256166378298512143e+01 8.252691437035036870e+01 3.361442441463281805e-03 4.390069928256250975e+00
1.703065029252844422e-03 8.243863040532518482e+01 8.240311003210869956e+01 3.400339054385275415e-03 4.384421379467034363e+00
1.722805447131393972e-03 8.231289359347842094e+01 8.227658609435728465e+01 3.439684980389415628e-03 4.378757593168514539e+00
1.742774678408919205e-03 8.218439790945103596e+01 8.214728682463935172e+01 3.479485391654757714e-03 4.373078206568011161e+00
1.762975375287205784e-03 8.205308696687316683e+01 8.201515553893783306e+01 3.519745519478812302e-03 4.367382848094487180e+00
1.783410220710008025e-03 8.191890342413518056e+01 8.188013459489631884e+01 3.560470654943488373e-03 4.361671137178839253e+00
1.804081928719382779e-03 8.178178897801421954e+01 8.174216538553875466e+01 3.601666149588313420e-03 4.355942684028314638e+00
1.824993244816152391e-03 8.164168435782883648e+01 8.160118833352633771e+01 3.643337416090991054e-03 4.350197089394904459e+00
1.846146946324547485e-03 8.149852932015942031e+01 8.145714288599003794e+01 3.685489928955392337e-03 4.344433944337520614e+00
1.867545842761075955e-03 8.135226264417795505e+01 8.130996750998137657e+01 3.728129225207033309e-03 4.338652829977768910e+00
1.889192776207666326e-03 8.120282212762739960e+01 8.115959968858371099e+01 3.771260905096132827e-03 4.332853317249138136e+00
1.911090621689137941e-03 8.105014458349742767e+01 8.100597591773095019e+01 3.814890632808314464e-03 4.327034966639391023e+00
1.933242287555045260e-03 8.089416583744259981e+01 8.084903170377904758e+01 3.859024137183039195e-03 4.321197327925964338e+00
1.955650715865949168e-03 8.073482072599162507e+01 8.068870156188152976e+01 3.903667212439839579e-03 4.315339939904148991e+00
1.978318882784164089e-03 8.057204309559897126e+01 8.052491901522031981e+01 3.948825718912436951e-03 4.309462330107848516e+00
2.001249798969036847e-03 8.040576580259381956e+01 8.035761659514436417e+01 3.994505583790824467e-03 4.303564014522666348e+00
2.024446509976803900e-03 8.023592071407968263e+01 8.018672584227566347e+01 4.040712801871382785e-03 4.297644497291104315e+00
2.047912096665085481e-03 8.006243870984307875e+01 8.001217730863686484e+01 4.087453436315126830e-03 4.291703270409603199e+00
2.071649675602069141e-03 7.988524968533411652e+01 7.983390056086594200e+01 4.134733619414154328e-03 4.285739813417192678e+00
2.095662399480432980e-03 7.970428255577866139e+01 7.965182418457848712e+01 4.182559553366370711e-03 4.279753593075473539e+00
2.119953457536071038e-03 7.951946526149043848e+01 7.946587578994534340e+01 4.230937511058590131e-03 4.273744063039659480e+00
2.144526075971667656e-03 7.933072477444864035e+01 7.927598201855413151e+01 4.279873836858083709e-03 4.267710663520390746e+00
2.169383518385184159e-03 7.913798710621496468e+01 7.908206855162609372e+01 4.329374947412655689e-03 4.261652820936031816e+00
2.194529086203313769e-03 7.894117731726107934e+01 7.888406011966313258e+01 4.379447332459347232e-03 4.255569947555143173e+00
2.219966119119954652e-03 7.874021952778430489e+01 7.868188051360189661e+01 4.430097555641830318e-03 4.249461441128799422e+00
2.245697995539773940e-03 7.853503693009105291e+01 7.847545259755547420e+01 4.481332255336600151e-03 4.243326684512439329e+00
2.271728133026905232e-03 7.832555180262991712e+01 7.826469832322531772e+01 4.533158145488036354e-03 4.237165045276885422e+00
2.298059988758851136e-03 7.811168552575982460e+01 7.804953874607085140e+01 4.585582016452423131e-03 4.230975875308197409e+00
2.324697059985648094e-03 7.789335859934232076e+01 7.782989404332418815e+01 4.638610735851023820e-03 4.224758510395960620e+00
2.351642884494348565e-03 7.767049066224902276e+01 7.760568353394455698e+01 4.692251249432280100e-03 4.218512269809654214e+00
2.378901041078893431e-03 7.744300051387904205e+01 7.737682570060673015e+01 4.746510581943255529e-03 4.212236455862670148e+00
2.406475150015424062e-03 7.721080613778508450e+01 7.714323821382215840e+01 4.801395838010365062e-03 4.205930353463578797e+00
2.434368873543110365e-03 7.697382472750823013e+01 7.690483795829712221e+01 4.856914203029539731e-03 4.199593229654213999e+00
2.462585916350546866e-03 7.673197271472768932e+01 7.666154106163023130e+01 4.913072944065859440e-03 4.193224333134098814e+00
2.491130026067788373e-03 7.648516579983149200e+01 7.641326292546052912e+01 4.969879410762786595e-03 4.186822893770767884e+00
2.520004993764092018e-03 7.623331898502107151e+01 7.615991825917824087e+01 5.027341036261074279e-03 4.180388122095483716e+00
2.549214654451422910e-03 7.597634661006321721e+01 7.590142111631212174e+01 5.085465338127442662e-03 4.173919208783829937e+00
2.578762887593801043e-03 7.571416239080787136e+01 7.563768493371406976e+01 5.144259919293117309e-03 4.167415324120661069e+00
2.608653617622547997e-03 7.544667946059260544e+01 7.536862257366207984e+01 5.203732469002327402e-03 4.160875617448840380e+00
2.638890814457510187e-03 7.517381041465900182e+01 7.509414636900838502e+01 5.263890763770856691e-03 4.154299216601191169e+00
2.669478494034320699e-03 7.489546735770832697e+01 7.481416817150082466e+01 5.324742668354736502e-03 4.147685227315069056e+00
2.700420718837772543e-03 7.461156195472800334e+01 7.452859940340910327e+01 5.386296136729179680e-03 4.141032732628890045e+00
2.731721598441376204e-03 7.432200548522314421e+01 7.423735111259358632e+01 5.448559213077856962e-03 4.134340792259998842e+00
2.763385290053169997e-03 7.402670890099071244e+01 7.394033403115264491e+01 5.511540032792605973e-03 4.127608441963152686e+00
2.795415999067856535e-03 7.372558288757663547e+01 7.363745863779115552e+01 5.575246823483670858e-03 4.120834692868923455e+00
2.827817979625341181e-03 7.341853792956052871e+01 7.332863522405597223e+01 5.639687906000574041e-03 4.114018530801256013e+00
2.860595535175741895e-03 7.310548437981219649e+01 7.301377396458316582e+01 5.704871695463714643e-03 4.107158915573400293e+00
2.893753019050950264e-03 7.278633253287118521e+01 7.269278499150966866e+01 5.770806702306797639e-03 4.100254780261400001e+00
2.927294835042816134e-03 7.246099270259976777e+01 7.236557847319924974e+01 5.837501533330184851e-03 4.093305030454263083e+00
2.961225437988034351e-03 7.212937530426357569e+01 7.203206469744026208e+01 5.904964892765280499e-03 4.086308543479937327e+00
2.995549334359812969e-03 7.179139094119547337e+01 7.169215415926986168e+01 5.973205583350041543e-03 4.079264167606124758e+00
3.030271082866396216e-03 7.144695049620109728e+01 7.134575765358484034e+01 6.042232507415717761e-03 4.072170721214966704e+00
3.065395295056526793e-03 7.109596522786479511e+01 7.099278637269829062e+01 6.112054667984924763e-03 4.065026991950554169e+00
3.100926635931926852e-03 7.073834687191737203e+01 7.063315200900419200e+01 6.182681169881151448e-03 4.057831735838183462e+00
3.136869824566876613e-03 7.037400774782663859e+01 7.026676686291268936e+01 6.254121220849806831e-03 4.050583676374222009e+00
3.173229634734976452e-03 7.000286087077374475e+01 6.989354395621715810e+01 6.326384132690906006e-03 4.043281503585387071e+00
3.210010895543171858e-03 6.962482006917633726e+01 6.951339715105818584e+01 6.399479322403503652e-03 4.035923873056185052e+00
3.247218492073128838e-03 6.923980010792199380e+01 6.912624127464566470e+01 6.473416313341970492e-03 4.028509404923212855e+00
3.284857366030043482e-03 6.884771681747247385e+01 6.873199224990085554e+01 6.548204736384238486e-03 4.021036682834908227e+00
3.322932516398971556e-03 6.844848722899853044e+01 6.833056723217846695e+01 6.623854331112094540e-03 4.013504252875331524e+00
3.361449000108765288e-03 6.804202971570327918e+01 6.792188475222742738e+01 6.700374947003646768e-03 4.005910622450436165e+00
3.400411932703706255e-03 6.762826414048954859e+01 6.750586486554519183e+01 6.777776544638061326e-03 3.998254259135220146e+00
3.439826489022924580e-03 6.720711201012331060e+01 6.708242930827707085e+01 6.856069196912685168e-03 3.990533589480083076e+00
3.479697903887691603e-03 6.677849663604003183e+01 6.665150165980993791e+01 6.935263090272653606e-03 3.982746997774597730e+00
3.520031472796678832e-03 6.634234330193905294e+01 6.621300751220043423e+01 7.015368525953091967e-03 3.974892824766829591e+00
3.560832552629277729e-03 6.589857943830061515e+01 6.576687464657652527e+01 7.096395921234025829e-03 3.966969366336231317e+00
3.602106562357070083e-03 6.544713480395810734e+01 6.531303321664124439e+01 7.178355810708102192e-03 3.958974872118029786e+00
3.643858983763544404e-03 6.498794167484702200e+01 6.485141593940011262e+01 7.261258847561234339e-03 3.950907544076907918e+00
3.686095362172158059e-03 6.452093504004476188e+01 6.438195829322535246e+01 7.345115804866280546e-03 3.942765535027672463e+00
3.728821307182833642e-03 6.404605280520529220e+01 6.390459872335905800e+01 7.429937576889856371e-03 3.934546947100450609e+00
3.772042493416997554e-03 6.356323600348066094e+01 6.341927885494621364e+01 7.515735180412415860e-03 3.926249830147844122e+00
3.815764661271248397e-03 6.307242901400979918e+01 6.292594371367558637e+01 7.602519756061677098e-03 3.917872180091297452e+00
3.859993617679767074e-03 6.257357978803921839e+01 6.242454195409125361e+01 7.690302569659536978e-03 3.909411937203800314e+00
3.904735236885560103e-03 6.206664008272767319e+01 6.191502609562385828e+01 7.779095013582561918e-03 3.900866984325862763e+00
3.949995461220642823e-03 6.155156570266561999e+01 6.139735276636992722e+01 7.868908608136175944e-03 3.892235145011529784e+00
3.995780301895269192e-03 6.102831674912497562e+01 6.087148295463155279e+01 7.959755002942671062e-03 3.883514181601004367e+00
4.042095839796309639e-03 6.049685787703207041e+01 6.033738226820535289e+01 8.051645978343124899e-03 3.874701793216247747e+00
4.088948226294864159e-03 5.995715855963494079e+01 5.979502120138792520e+01 8.144593446813326240e-03 3.865795613675709230e+00
4.136343684063278035e-03 5.940919336081004332e+01 5.924437540963910465e+01 8.238609454393927903e-03 3.856793209324081317e+00
4.184288507901584922e-03 5.885294221492969058e+01 5.868542599181808583e+01 8.333706182134763621e-03 3.847692076772756486e+00
4.232789065573553354e-03 5.828839071417920081e+01 5.811815977987740212e+01 8.429895947553592631e-03 3.838489640546366655e+00
4.281851798652415615e-03 5.771553040318384120e+01 5.754256963586847462e+01 8.527191206109317051e-03 3.829183250630497248e+00
4.331483223376403000e-03 5.713435908077180159e+01 5.695865475607776318e+01 8.625604552689784821e-03 3.819770179915372932e+00
4.381689931514195016e-03 5.654488110866180506e+01 5.636642098207632756e+01 8.725148723114322172e-03 3.810247621529951889e+00
4.432478591240400501e-03 5.594710772682685729e+01 5.576588111842685436e+01 8.825836595651070232e-03 3.800612686060528045e+00
4.483855948021191196e-03 5.534105737524377844e+01 5.515705525674808030e+01 8.927681192549283620e-03 3.790862398647533826e+00
4.535828825510191016e-03 5.472675602169312725e+01 5.453997110579427243e+01 9.030695681586653478e-03 3.780993695953825728e+00
4.588404126454761513e-03 5.410423749522715298e+01 5.391466432715739643e+01 9.134893377631818009e-03 3.771003422997288190e+00
4.641588833612782412e-03 5.347354382487488067e+01 5.328117887615010062e+01 9.240287744222135113e-03 3.760888329840089028e+00
4.695390010680062544e-03 5.283472558309675549e+01 5.263956734737301701e+01 9.346892395156848957e-03 3.750645068126415627e+00
4.749814803228504315e-03 5.218784223344828632e+01 5.198989132441253957e+01 9.454721096105778849e-03 3.740270187459930007e+00
4.804870439655133628e-03 5.153296248185044703e+01 5.133222173305601643e+01 9.563787766233592877e-03 3.729760131611589369e+00
4.860564232142139222e-03 5.087016463080198037e+01 5.066663919734545374e+01 9.674106479839839762e-03 3.719111234547792577e+00
4.916903577628031589e-03 5.019953693580288245e+01 4.999323439772665978e+01 9.785691468014806604e-03 3.708319716268119404e+00
4.973895958790068052e-03 4.952117796318857046e+01 4.931210843047743708e+01 9.898557120311349961e-03 3.697381678441115760e+00
5.031548945038056761e-03 4.883519694850072312e+01 4.862337316752694960e+01 1.001271798643277311e-02 3.686293099825769026e+00
5.089870193519685330e-03 4.814171415444547364e+01 4.792715161570007609e+01 1.012818877793689870e-02 3.675049831465373451e+00
5.148867450137497269e-03 4.744086122740927891e+01 4.722357827434060340e+01 1.024498436995642872e-02 3.663647591639493939e+00
5.208548550577665401e-03 4.673278155141932899e+01 4.651279949018326221e+01 1.036311980293570280e-02 3.652081960558662743e+00
5.268921421350676766e-03 4.601763059835039371e+01 4.579497380825764452e+01 1.048261028438397281e-02 3.640348374785241425e+00
5.329994080844092930e-03 4.529557627309075940e+01 4.507027231751786900e+01 1.060347119064530656e-02 3.628442121362620121e+00
5.391774640387505396e-03 4.456679925228575456e+01 4.433887898979746467e+01 1.072571806868521417e-02 3.616358331633496626e+00
5.454271305329836186e-03 4.383149331518511360e+01 4.360099101059547877e+01 1.084936663789412385e-02 3.604091974726471470e+00
5.517492376129128420e-03 4.308986566502085935e+01 4.285681910009957818e+01 1.097443279190780767e-02 3.591637850688503164e+00
5.581446249454966556e-03 4.234213723924394657e+01 4.210658782275333323e+01 1.110093260044487176e-02 3.578990583238949252e+00
5.646141419303672866e-03 4.158854300684441796e+01 4.135053588357177290e+01 1.122888231116140473e-02 3.566144612118924417e+00
5.711586478126434545e-03 4.082933225087870710e+01 4.058891640930546885e+01 1.135829835152290385e-02 3.553094185007495298e+00
5.777790117970507157e-03 4.006476883421998991e+01 3.982199721244928980e+01 1.148919733069358497e-02 3.539833348973851379e+00
5.844761131633637551e-03 3.929513144644518263e+01 3.905006103598558553e+01 1.162159604144316280e-02 3.526355941431940533e+00
5.912508413831881436e-03 3.852071382966352786e+01 3.827340577664640620e+01 1.175551146207124906e-02 3.512655580561158786e+00
5.981040962380944001e-03 3.774182498098860350e+01 3.749234468437454382e+01 1.189096075834940314e-02 3.498725655153515746e+00
6.050367879391223974e-03 3.695878932924916427e+01 3.670720653555876822e+01 1.202796128548101404e-02 3.484559313844166173e+00
6.120498372476702517e-03 3.617194688343415976e+01 3.591833577751778250e+01 1.216653059007904818e-02 3.470149453678356810e+00
6.191441755977847815e-03 3.538165335026404534e+01 3.512609264160772682e+01 1.230668641216181754e-02 3.455488707963569439e+00
6.263207452198692356e-03 3.458828021818760590e+01 3.433085322223357849e+01 1.244844668716682361e-02 3.440569433350933792e+00
6.335804992658253774e-03 3.379221480500770980e+01 3.353300951895487714e+01 1.259182954798280206e-02 3.425383696084801866e+00
6.409244019356457114e-03 3.299386026625682433e+01 3.273296943879157794e+01 1.273685332700006181e-02 3.409923257353619341e+00
6.483534286054726779e-03 3.219363556136084270e+01 3.193115675576020607e+01 1.288353655817918442e-02 3.394179557668880687e+00
6.558685659571435525e-03 3.139197537455946119e+01 3.112801102460115032e+01 1.303189797913823639e-02 3.378143700191898802e+00
6.634708121092351002e-03 3.058932998748901610e+01 3.032398744560170911e+01 1.318195653325851709e-02 3.361806432920324106e+00
6.711611767496287149e-03 2.978616510028345488e+01 2.951955667737208344e+01 1.333373137180898435e-02 3.345158129637665567e+00
6.789406812696112230e-03 2.898296159800969463e+01 2.871520459439999229e+01 1.348724185608942555e-02 3.328188769519458301e+00
6.868103588995307790e-03 2.818021525923019155e+01 2.791143198619176502e+01 1.364250755959247469e-02 3.310887915279012272e+00
6.947712548460239883e-03 2.737843640347776031e+01 2.710875419480847270e+01 1.379954827018451367e-02 3.293244689723805241e+00
7.028244264308352446e-03 2.657814947443754150e+01 2.630770068762455693e+01 1.395838399230563825e-02 3.275247750580329686e+00
7.109709432312438099e-03 2.577989255566123816e+01 2.550881456217847187e+01 1.411903494918864861e-02 3.256885263430528532e+00
7.192118872221192789e-03 2.498421681569127983e+01 2.471265198004941155e+01 1.428152158509725204e-02 3.238144872586527168e+00
7.275483529196232965e-03 2.419168587954951022e+01 2.391978152678678882e+01 1.444586456758348812e-02 3.219013669712196712e+00
7.359814475265771296e-03 2.340287512364859523e+01 2.313078349503956588e+01 1.461208478976446304e-02 3.199478159979764591e+00
7.445122910795143496e-03 2.261837089131605794e+01 2.234624908818674882e+01 1.478020337261851287e-02 3.179524225527182502e+00
7.531420165974375344e-03 2.183876962628671237e+01 2.156677954195789937e+01 1.495024166730077667e-02 3.159137085956921887e+00
7.618717702322998914e-03 2.106467692171514017e+01 2.079298516175978406e+01 1.512222125747835107e-02 3.138301255589110994e+00
7.707027114212303652e-03 2.029670648249596709e+01 2.002548427369347905e+01 1.529616396168499877e-02 3.117000497151245053e+00
7.796360130405236531e-03 1.953547899895215778e+01 1.926490208755980049e+01 1.547209183569554086e-02 3.095217771552846386e+00
7.886728615614155974e-03 1.878162093026601553e+01 1.851186947051394327e+01 1.565002717491996431e-02 3.072935183356285904e+00
7.978144572076628638e-03 1.803576319638661474e+01 1.776702163044605243e+01 1.582999251681728795e-02 3.050133921514436519e+00
8.070620141149507584e-03 1.729853977755100303e+01 1.703099670863876725e+01 1.601201064332928928e-02 3.026794194901925472e+00
8.164167604921472240e-03 1.657058622100981182e+01 1.630443428178954690e+01 1.619610458333407832e-02 3.002895162119772809e+00
8.258799387844271284e-03 1.585253805504966884e+01 1.558797377409146634e+01 1.638229761511961549e-02 2.978414855003735262e+00
8.354528058382871408e-03 1.514502911096087701e+01 1.488225278074717473e+01 1.657061326887722744e-02 2.953330095215777717e+00
8.451366330684721012e-03 1.444868975420622981e+01 1.418790530505506453e+01 1.676107532921507909e-02 2.927616403247609078e+00
8.549327066268383804e-03 1.376414502670988149e+01 1.350555991206319817e+01 1.695370783769175813e-02 2.901247899118017948e+00
8.648423275731726215e-03 1.309201270290423835e+01 1.283583780274712538e+01 1.714853509536991977e-02 2.874197194006431477e+00
8.748668120479913615e-03 1.243290126294674813e+01 1.217935081374643325e+01 1.734558166539003007e-02 2.846435272040543918e+00
8.850074914473439122e-03 1.178740778734883854e+01 1.153669934890980642e+01 1.754487237556428755e-02 2.817931361456567974e+00
8.952657125996400095e-03 1.115611577814428657e+01 1.090847025027284545e+01 1.774643232099068837e-02 2.788652794392264322e+00
9.056428379445294677e-03 1.053959291266245124e+01 1.029523461765704795e+01 1.795028686668728723e-02 2.758564854678820844e+00
9.161402457138520528e-03 9.938388736962124881e+00 9.697545587871458039e+00 1.815646165024662265e-02 2.727630613202615351e+00
9.267593301146882789e-03 9.353032307018850133e+00 9.115936086571199581e+00 1.836498258451040727e-02 2.695810750763526720e+00
9.375015015145289968e-03 8.784029786841404785e+00 8.550916568244879556e+00 1.857587586026437573e-02 2.663063368939504905e+00
9.483681866285927423e-03 8.231862013813033840e+00 8.002972762647514671e+00 1.878916794895335585e-02 2.629343790391523772e+00
9.593608287093146128e-03 7.696982042708124361e+00 7.472563449366704802e+00 1.900488560541657018e-02 2.594604351478513760e+00
9.704808877380306092e-03 7.179812681012879061e+00 6.960118286216941286e+00 1.922305587064311247e-02 2.558794192250618771e+00
9.817298406188841586e-03 6.680744029375500048e+00 6.466035721902929190e+00 1.944370607454759536e-02 2.521859052226121278e+00
9.931091813749801447e-03 6.200131042212936983e+00 5.990681028920892714e+00 1.966686383876597999e-02 2.483741085387511482e+00
1.004620421346813161e-02 5.738291124698985612e+00 5.534384498848075928e+00 1.989255707947154561e-02 2.444378715370431276e+00
1.016265089392995140e-02 5.295501783536977314e+00 5.097439848461019274e+00 2.012081401021092661e-02 2.403706563044430311e+00
1.028044732093309765e-02 4.871998350066518491e+00 4.680102890072319610e+00 2.035166314476025140e-02 2.361655495255955639e+00
1.039960913954120388e-02 4.467971795349813036e+00 4.282590519780998584e+00 2.058513330000127928e-02 2.318152867644657888e+00
1.052015217616159015e-02 4.083566657912035325e+00 3.905080066136932704e+00 2.082125359881751778e-02 2.273123068862256346e+00
1.064209244064724669e-02 3.718879105751554892e+00 3.547709005867411669e+00 2.106005347301027550e-02 2.226488520879465138e+00
1.076544612842315896e-02 3.373955155068896428e+00 3.210574969836667236e+00 2.130156266623451158e-02 2.178171351424692759e+00
1.089022962263730583e-02 3.048789068864207419e+00 2.893735796764713708e+00 2.154581123695454778e-02 2.128096026064346447e+00
1.101645949633657008e-02 2.743321959098427687e+00 2.597209106521310762e+00 2.179282956141941410e-02 2.076193294645127807e+00
1.114415251466788215e-02 2.457440616476605388e+00 2.320970453265496225e+00 2.204264833665786974e-02 2.022405839704498387e+00
1.127332563710487130e-02 2.190976592066370632e+00 2.064948686861940885e+00 2.229529858349292917e-02 1.966695971193795245e+00
1.140399601970033122e-02 1.943705554882901421e+00 1.829017003294064025e+00 2.255081164957584150e-02 1.909055565238277463e+00
1.153618101736478448e-02 1.715346949224560547e+00 1.612978738421136038e+00 2.280921921243937028e-02 1.849518223649059934e+00
1.166989818617147553e-02 1.505563974902848434e+00 1.416548423811144541e+00 2.307055328257033230e-02 1.788173415210033923e+00
1.180516528568805595e-02 1.313963912547325696e+00 1.239330428678352636e+00 2.333484620650116970e-02 1.725182169932588661e+00
1.194200028133532432e-02 1.140098814852903208e+00 1.080798696591116270e+00 2.360213066992055547e-02 1.660793601823381538e+00
1.208042134677328981e-02 9.834665829467723608e-01 9.402812797362382069e-01 2.387243970080275487e-02 1.595360984698383389e+00
1.222044686631488727e-02 8.435124449602279251e-01 8.169530210008527638e-01 2.414580667255569052e-02 1.529355364026094621e+00
1.236209543736769070e-02 7.196308513744583690e-01 7.098391815593418919e-01 2.442226530718753785e-02 1.463374022955024945e+00
1.250538587290391315e-02 6.111677987503754128e-01 6.178318246294650651e-01 2.470184967849164276e-02 1.398140800611030521e+00
1.265033720395903824e-02 5.174235900356722873e-01 5.397190552020683096e-01 2.498459421524963642e-02 1.334495451155052193e+00
1.279696868215941634e-02 4.376560357583194061e-01 4.742249805611254976e-01 2.527053370445251149e-02 1.273370013245039845e+00
1.294529978227916024e-02 3.710840960614120720e-01 4.200561429910100175e-01 2.555970329453952777e-02 1.215751532224534914e+00
1.309535020482667685e-02 3.168919587134053084e-01 3.759488866858750056e-01 2.585213849865467678e-02 1.162632329148646670e+00
1.324713987866117486e-02 2.742335429529080271e-01 3.407120504780159487e-01 2.614787519792051082e-02 1.114951090748842244e+00
1.340068896363950761e-02 2.422374133200080326e-01 3.132604596540101705e-01 2.644694964472914245e-02 1.073529992521042864e+00
1.355601785329368925e-02 2.200120815191015933e-01 2.926364793461127545e-01 2.674939846605010538e-02 1.039014443090717998e+00
1.371314717753945554e-02 2.066516678954123665e-01 2.780188065058467051e-01 2.705525866675491387e-02 1.011822484202382189e+00
1.387209780541620932e-02 2.012418873457392232e-01 2.687192502565669550e-01 2.736456763295797359e-02 9.921101885558299971e-01
1.403289084785873213e-02 2.028663174938782621e-01 2.641692758008204467e-01 2.767736313537361506e-02 9.797575937522919887e-01
1.419554766050101606e-02 2.106128998276915743e-01 2.638986197136685696e-01 2.799368333268896503e-02 9.743770731947669628e-01
1.436008984651260603e-02 2.235806173179421819e-01 2.675085291707685053e-01 2.831356677495235064e-02 9.753430508572962232e-01
1.452653925946781159e-02 2.408862849343464674e-01 2.746423424863727036e-01 2.863705240697691709e-02 9.818391803388863970e-01
1.469491800624817164e-02 2.616713825729541365e-01 2.849563072327924718e-01 2.896417957175910843e-02 9.929170427549828259e-01
1.486524844997857107e-02 2.851088533573302719e-01 2.980936587105391666e-01 2.929498801391176507e-02 1.007559412816005473e+00
1.503755321299738400e-02 3.104097842351442593e-01 3.136648681021105278e-01 2.962951788311134899e-02 1.024741293543929954e+00
1.521185517986104775e-02 3.368298804362387933e-01 3.312364180474526298e-01 2.996780973755906741e-02 1.043483076834560874e+00
1.538817750038346324e-02 3.636756408742198854e-01 3.503293985056014637e-01 3.030990454745541296e-02 1.062892014748604730e+00
1.556654359271062056e-02 3.903101381569317740e-01 3.704277732441071391e-01 3.065584369848775928e-02 1.082190267838422093e+00
1.574697714643086624e-02 4.161583047238941457e-01 3.909946777078601721e-01 3.100566899533060972e-02 1.100729739378837113e+00
1.592950212572123020e-02 4.407116259558178650e-01 4.114939734121804693e-01 3.135942266515808624e-02 1.117995420463683720e+00
1.611414277253019750e-02 4.635321421058403168e-01 4.314137981247700981e-01 3.171714736116815203e-02 1.133599911272290983e+00
1.630092360979741237e-02 4.842556637801442854e-01 4.502890670347746704e-01 3.207888616611818261e-02 1.147272122046836262e+00
1.648986944471064753e-02 5.025941106303116745e-01 4.677205839759543959e-01 3.244468259587132697e-02 1.158842953409270571e+00
1.668100537200059227e-02 5.183368900741089913e-01 4.833892708629235480e-01 3.281458060295332907e-02 1.168230148740602825e+00
1.687435677727375585e-02 5.313512423710942123e-01 4.970647883323647265e-01 3.318862458011901523e-02 1.175423744630285761e+00
1.706994934038407949e-02 5.415814903444906570e-01 5.086085016674732895e-01 3.356685936392825309e-02 1.180472906373274844e+00
1.726780903884355886e-02 5.490471465166187892e-01 5.179713869291319162e-01 3.394933023833055646e-02 1.183474558882001260e+00
1.746796215127245644e-02 5.538398474140386885e-01 5.251879474479285159e-01 3.433608293825796826e-02 1.184564001577787407e+00
1.767043526088946798e-02 5.561191042398020423e-01 5.303673545969999070e-01 3.472716365322547905e-02 1.183907470649446347e+00
1.787525525904235316e-02 5.561068808715370348e-01 5.336828672534437157e-01 3.512261903093850945e-02 1.181696367927267621e+00
1.808244934877951612e-02 5.540810340130606360e-01 5.353603092161764998e-01 3.552249618090676936e-02 1.178142693887697989e+00
1.829204504846293836e-02 5.503676760031757098e-01 5.356661537022281427e-01 3.592684267806384169e-02 1.173475153930674919e+00
1.850407019542302245e-02 5.453325478735637777e-01 5.348956296153067891e-01 3.633570656639181773e-02 1.167935439800614761e+00
1.871855294965579092e-02 5.393715182543985520e-01 5.333612013067402513e-01 3.674913636255036642e-02 1.161774283061322688e+00
1.893552179756295348e-02 5.329003520567048291e-01 5.313817382949984625e-01 3.716718105950951589e-02 1.155247001839528664e+00
1.915500555573527997e-02 5.263439208194192753e-01 5.292726502283472412e-01 3.758989013018525921e-02 1.148608396390153441e+00
1.937703337477988952e-02 5.201250534053302177e-01 5.273371988282310463e-01 3.801731353107749151e-02 1.142106983451029789e+00
1.960163474319185847e-02 5.146532504848181366e-01 5.258591111205350721e-01 3.844950170590932109e-02 1.135978687130402953e+00
1.982883949127071249e-02 5.103135080062294326e-01 5.250965158187524962e-01 3.888650558926695644e-02 1.130440218191257395e+00
2.005867779508234069e-02 5.074555126072791689e-01 5.252771219806767755e-01 3.932837661023953074e-02 1.125682465821783440e+00
2.029118018046677935e-02 5.063834846314781979e-01 5.265944724391039555e-01 3.977516669605767746e-02 1.121864287655910619e+00
2.052637752709252084e-02 5.073469510329446930e-01 5.292050485937999094e-01 4.022692827573040586e-02 1.119107107532623546e+00
2.076430107255774690e-02 5.105327299715411993e-01 5.332259880087909520e-01 4.068371428367897891e-02 1.117490711950868132e+00
2.100498241653915230e-02 5.160584003819969068e-01 5.387332057905466209e-01 4.114557816336717605e-02 1.117050575634583875e+00
2.124845352498882720e-02 5.239675124317153543e-01 5.457597821265277593e-01 4.161257387092678200e-02 1.117776949560138178e+00
2.149474673437980557e-02 5.342267679212175935e-01 5.542945825084799605e-01 4.208475587877744811e-02 1.119615821657517163e+00
2.174389475600079988e-02 5.467253629157292627e-01 5.642811996625106685e-01 4.256217917923985072e-02 1.122471725293208378e+00
2.199593068030074663e-02 5.612766380972596947e-01 5.756174289921400788e-01 4.304489928814118210e-02 1.126212239330489639e+00
2.225088798128369363e-02 5.776221257048562707e-01 5.881555926626957920e-01 4.353297224841182200e-02 1.130673911029450585e+00
2.250880052095461867e-02 5.954380160903650632e-01 6.017040922574649064e-01 4.402645463367212825e-02 1.135669251225292387e+00
2.276970255381680075e-02 6.143439929014210543e-01 6.160305804910218841e-01 4.452540355180831244e-02 1.140994407254072085e+00
2.303362873142131284e-02 6.339143052322272487e-01 6.308670890066881975e-01 4.502987664853613792e-02 1.146437114487287356e+00
2.330061410696924670e-02 6.536908597755559658e-01 6.459173301610913187e-01 4.553993211095124644e-02 1.151784558102961764e+00
2.357069413996727703e-02 6.731980285914650475e-01 6.608662135201688326e-01 4.605562867106502423e-02 1.156830834422498455e+00
2.384390470093720321e-02 6.919587815940856368e-01 6.753913991790961857e-01 4.657702560932462654e-02 1.161383774571872918e+00
2.412028207618006903e-02 7.095116707093807040e-01 6.891764738723612505e-01 4.710418275811595334e-02 1.165270970369944203e+00
2.439986297259550199e-02 7.254281187115919627e-01 7.019251104113881645e-01 4.763716050524825080e-02 1.168344912267697655e+00
2.468268452255692469e-02 7.393294041126220462e-01 7.133753853045001758e-01 4.817601979741896467e-02 1.170487203488508987e+00
2.496878428884326609e-02 7.509026883976085420e-01 7.233133096242491122e-01 4.872082214365747177e-02 1.171611848359170427e+00
2.525820026962784584e-02 7.599154075699005029e-01 7.315845942286529624e-01 4.927162961874633623e-02 1.171667625043779637e+00
2.555097090352506997e-02 7.662273503380945261e-01 7.381037332922640859e-01 4.982850486661850875e-02 1.170639545865772568e+00
2.584713507469563881e-02 7.697997738078089514e-01 7.428596497760797668e-01 5.039151110372907388e-02 1.168549387375143356e+00
2.614673211801091940e-02 7.707009669430987531e-01 7.459173910223597659e-01 5.096071212240003284e-02 1.165455244642882970e+00
2.644980182427720053e-02 7.691077640241129609e-01 7.474156685323850580e-01 5.153617229413644946e-02 1.161450038592325207e+00
2.675638444552045150e-02 7.653026352335889904e-01 7.475603698954720322e-01 5.211795657291243972e-02 1.156658890574797205e+00
2.706652070033241375e-02 7.596661381749075792e-01 7.466144934387443088e-01 5.270613049842540199e-02 1.151235283300154233e+00
2.738025177927857698e-02 7.526646995825642117e-01 7.448852272788442086e-01 5.330076019931661441e-02 1.145355958166564436e+00
2.769761935036891068e-02 7.448339057844555189e-01 7.427090794430274423e-01 5.390191239635672149e-02 1.139214559217629708e+00
2.801866556459195468e-02 7.367577065970084549e-01 7.404360420504930707e-01 5.450965440559416009e-02 1.133014122073201957e+00
2.834343306151309444e-02 7.290441711952517778e-01 7.384137350228988650e-01 5.512405414146479693e-02 1.126958615680699216e+00
2.867196497493769772e-02 7.222986650797562636e-01 7.369723379147680165e-01 5.574518011986089039e-02 1.121243863963236942e+00
2.900430493863991738e-02 7.170955318777180176e-01 7.364109145925725741e-01 5.637310146115752374e-02 1.116048287783385051e+00
2.934049709215787172e-02 7.139495484576402484e-01 7.369855089341076360e-01 5.700788789319451849e-02 1.111523997614072723e+00
2.968058608665602449e-02 7.132885621789402109e-01 7.388991877134030162e-01 5.764960975421188488e-02 1.107788817346499366e+00
3.002461709085549324e-02 7.154288006705498137e-01 7.422940697064416282e-01 5.829833799573673481e-02 1.104919817119916825e+00
3.037263579703311511e-02 7.205543540566176075e-01 7.472453326173930099e-01 5.895414418541967266e-02 1.102948871801993747e+00
3.072468842709003348e-02 7.287022558902093161e-01 7.537572353691630589e-01 5.961710050981838122e-02 1.101860643784693172e+00
3.108082173869063797e-02 7.397544243682663279e-01 7.617613133533811531e-01 6.028727977712642488e-02 1.101593224396249848e+00
3.144108303147264555e-02 7.534374662702697512e-01 7.711170582979847143e-01 6.096475541984482799e-02 1.102041474668772558e+00
3.180552015332920035e-02 7.693309945984108111e-01 7.816155275021995363e-01 6.164960149739442258e-02 1.103062904786419107e+00
3.217418150676371741e-02 7.868846756523255603e-01 7.929863789090706439e-01 6.234189269866633604e-02 1.104485744212013065e+00
3.254711605531847990e-02 8.054437178927006391e-01 8.049087454655585727e-01 6.304170434450855065e-02 1.106118700223605700e+00
3.292437333007768724e-02 8.242819664311620276e-01 8.170261121662474313e-01 6.374911239014589837e-02 1.107761794557000412e+00
3.330600343624588733e-02 8.426412034287786845e-01 8.289649438343108523e-01 6.446419342753106907e-02 1.109217611858894781e+00
3.369205705980267418e-02 8.597747124453323231e-01 8.403562748495037038e-01 6.518702468762416213e-02 1.110302288133341531e+00
3.408258547423451829e-02 8.749926849323739209e-01 8.508588985166224417e-01 6.591768404259809588e-02 1.110855604770027760e+00
3.447764054734463873e-02 8.877066731604745797e-01 8.601822969890499104e-01 6.665625000796736310e-02 1.110749623116291884e+00
3.487727474814177747e-02 8.974700690112878965e-01 8.681071514658537103e-01 6.740280174463729457e-02 1.109895384644306926e+00
3.528154115380883332e-02 9.040115513418502946e-01 8.745012618482544964e-01 6.815741906087112445e-02 1.108247303973962872e+00
3.569049345675229939e-02 9.072586271520939327e-01 8.793290288664659116e-01 6.892018241417220692e-02 1.105804992305275070e+00
3.610418597173337130e-02 9.073488125180082520e-01 8.826532847073125243e-01 6.969117291307816431e-02 1.102612367909411528e+00
3.652267364308175307e-02 9.046266609942064107e-01 8.846291058665667340e-01 7.047047231886448271e-02 1.098754042019991939e+00
3.694601205199302130e-02 8.996257331412026437e-01 8.854901593120978465e-01 7.125816304715411331e-02 1.094349116571744274e+00
3.737425742391064371e-02 8.930356721861881786e-01 8.855289590533623745e-01 7.205432816943040109e-02 1.089542695099469771e+00
3.780746663599349189e-02 8.856557458797131854e-01 8.850730082666954379e-01 7.285905141445001010e-02 1.084495583774670369e+00
3.824569722466999305e-02 8.783374498679583642e-01 8.844590938135917790e-01 7.367241716955279240e-02 1.079372832455125497e+00
3.868900739327975347e-02 8.719199415267598896e-01 8.840079811888590378e-01 7.449451048186522817e-02 1.074331915356489864e+00
3.913745601980384015e-02 8.671630710695106270e-01 8.840014921726616626e-01 7.532541705939434229e-02 1.069511453151992475e+00
3.959110266468458816e-02 8.646834810527103121e-01 8.846635394365447436e-01 7.616522327200846154e-02 1.065021409087044235e+00
4.005000757873611317e-02 8.648995456437464924e-01 8.861462512478105458e-01 7.701401615230167585e-02 1.060935632869081102e+00
4.051423171114647281e-02 8.679907265809309047e-01 8.885219243903200725e-01 7.787188339633821510e-02 1.057287469947717717e+00
4.098383671757261509e-02 8.738761763050468812e-01 8.917812220667605816e-01 7.873891336427349397e-02 1.054068906300845487e+00
4.145888496832911274e-02 8.822161089390688771e-01 8.958377592092011676e-01 7.961519508084778651e-02 1.051233400244372174e+00
4.193943955667186335e-02 8.924376318271712849e-01 9.005389258106838435e-01 8.050081823574922746e-02 1.048702195251169478e+00
4.242556430717776828e-02 9.037844924406960301e-01 9.056824182584976013e-01 8.139587318384218506e-02 1.046373550520931950e+00
4.291732378422157684e-02 9.153877196067439215e-01 9.110374384181965102e-01 8.230045094525702265e-02 1.044134009524753104e+00
4.341478330055092288e-02 9.263516533774709405e-01 9.163689028756270005e-01 8.321464320533761283e-02 1.041870587493314959e+00
4.391800892596085804e-02 9.358476358436549347e-01 9.214623808644911707e-01 8.413854231444245491e-02 1.039482625970254315e+00
4.442706749606882555e-02 9.432059659803588847e-01 9.261470130445121907e-01 8.507224128759527382e-02 1.036892055656681189e+00
4.494202662119142072e-02 9.479958829760667394e-01 9.303135352251811208e-01 8.601583380398118706e-02 1.034050936019278666e+00
4.546295469532399269e-02 9.500835631197235287e-01 9.339248721304695966e-01 8.696941420628384600e-02 1.030945396775988510e+00
4.598992090522438514e-02 9.496595360311638201e-01 9.370175965026859011e-01 8.793307749985981858e-02 1.027595473744626897e+00
4.652299523960189143e-02 9.472295637480383501e-01 9.396937521509798330e-01 8.890691935174520333e-02 1.024050777234025489e+00
4.706224849841281199e-02 9.435667462837603603e-01 9.421038895248659006e-01 8.989103608949061686e-02 1.020382410644436799e+00
4.760775230226368254e-02 9.396271202664692179e-01 9.444233924862310836e-01 9.088552469981961424e-02 1.016672016783005672e+00
4.815957910192350533e-02 9.364358455404868664e-01 9.468250636770909612e-01 9.189048282710610138e-02 1.012999212264128701e+00
4.871780218794630885e-02 9.349556431543222246e-01 9.494513694607875642e-01 9.290600877166618754e-02 1.009428921993193118e+00
4.928249570040513228e-02 9.359528009028137419e-01 9.523897316882216080e-01 9.393220148785944024e-02 1.006000203346219646e+00
4.985373463873893352e-02 9.398781522180913450e-01 9.556538851145964797e-01 9.496916058199487976e-02 1.002718030364011081e+00
5.043159487171358646e-02 9.467804190583630763e-01 9.591737078328839150e-01 9.601698631003680040e-02 9.995491950673300874e-01
5.101615314749833457e-02 9.562668565409481181e-01 9.627951478443986799e-01 9.707577957510531153e-02 9.964230060440777414e-01
5.160748710385907462e-02 9.675212161463144778e-01 9.662909169064066717e-01 9.814564192476650517e-02 9.932368773283173358e-01
5.220567527846975420e-02 9.793819951704971771e-01 9.693814720850950639e-01 9.922667554810724044e-02 9.898662735727807860e-01
5.281079711934331261e-02 9.904754950285716841e-01 9.717644620300885938e-01 1.003189832725890074e-01 9.861778906671633260e-01
5.342293299538352497e-02 9.993894571260014681e-01 9.731494013340269422e-01 1.014226685606757911e-01 9.820444866022504105e-01
5.404216420705915125e-02 1.004865317524560764e+00 9.732931238720741174e-01 1.025378355062302876e-01 9.773595095963870660e-01
5.466857299720180585e-02 1.005981829408629791e+00 9.720309220625347191e-01 1.036645888306730878e-01 9.720496513722184373e-01
5.530224256192900478e-02 1.002301200092366118e+00 9.692985326075496122e-01 1.048030338788991100e-01 9.660837003173053938e-01
5.594325706169377826e-02 9.939518246692237158e-01 9.651414101587970640e-01 1.059532766149456628e-01 9.594765579193066385e-01
5.659170163246242391e-02 9.816293755555376421e-01 9.597098629788483048e-01 1.071154236174062940e-01 9.522879484186274057e-01
5.724766239702178822e-02 9.665098163476411042e-01 9.532411446603155092e-01 1.082895820745845700e-01 9.446161018615691907e-01
5.791122647641758214e-02 9.500823720010627138e-01 9.460318960460000204e-01 1.094758597793817345e-01 9.365874145018586727e-01
5.858248200152536139e-02 9.339253633594909454e-01 9.384058701375349587e-01 1.106743651239123633e-01 9.283436764603500979e-01
5.926151812475552449e-02 9.194603762489009791e-01 9.306823427012627103e-01 1.118852070938415044e-01 9.200288043071590538e-01
5.994842503189409116e-02 9.077277170896717040e-01 9.231499988314977312e-01 1.131084952624375750e-01 9.117770486834695376e-01
6.064329395408061402e-02 8.992262567470039603e-01 9.160496251622403108e-01 1.143443397843340731e-01 9.037043300938069068e-01
6.134621717992506246e-02 8.938524208469625920e-01 9.095670084438755021e-01 1.155928513889941667e-01 8.959037225266002213e-01
6.205728806776500406e-02 8.909566493668238385e-01 9.038354550716193314e-01 1.168541413738712342e-01 8.884452649199304775e-01
6.277660105806499857e-02 8.895133211540956486e-01 8.989456536042368384e-01 1.181283215972590700e-01 8.813794035259130411e-01
6.350425168595962011e-02 8.883758035916412554e-01 8.949594489339881553e-01 1.194155044708246627e-01 8.747426400029107985e-01
6.424033659394190465e-02 8.865669793335819726e-01 8.919236237511345422e-01 1.207158029518170111e-01 8.685635394528262720e-01
6.498495354469888130e-02 8.835425813385046068e-01 8.898800396677324365e-01 1.220293305349450103e-01 8.628672368015353200e-01
6.573820143409585259e-02 8.793642221279064364e-01 8.888694305828690467e-01 1.233562012439170796e-01 8.576769836765956168e-01
6.650018030431117944e-02 8.747332099484250723e-01 8.889276090099426098e-01 1.246965296226358738e-01 8.530120280901283270e-01
6.727099135712336087e-02 8.708639957572401613e-01 8.900745806336655130e-01 1.260504307260405799e-01 8.488820642913809111e-01
6.805073696735206012e-02 8.692127146135777416e-01 8.922987326742830572e-01 1.274180201105893917e-01 8.452794236626974822e-01
6.883952069645496441e-02 8.711139889772067102e-01 8.955395340475951205e-01 1.287994138243750142e-01 8.421708762366406642e-01
6.963744730628222690e-02 8.774084575133297426e-01 8.996728011325000329e-01 1.301947283968654390e-01 8.394911911638751612e-01
7.044462277299036457e-02 8.881553775929049710e-01 9.045024180252075885e-01 1.316040808282625540e-01 8.371403759544171486e-01
7.126115430111745752e-02 9.025131846825276138e-01 9.097614739965860231e-01 1.330275885784707457e-01 8.349858230575785134e-01
7.208715033782135684e-02 9.188355157021139696e-01 9.151242211333820986e-01 1.344653695556674577e-01 8.328696004462787794e-01
7.292272058728312134e-02 9.349770218098797381e-01 9.202282717265685141e-01 1.359175421044683807e-01 8.306200594825552397e-01
7.376797602527730702e-02 9.487446934806300636e-01 9.247043690825232920e-01 1.373842249936786108e-01 8.280660414501790356e-01
7.462302891391107973e-02 9.583826708156845120e-01 9.282093599841830800e-01 1.388655374036218970e-01 8.250514642965518508e-01
7.548799281653431614e-02 9.629576107970241328e-01 9.304572562253000667e-01 1.403615989130398145e-01 8.214481203174787138e-01
7.636298261282241373e-02 9.625282764050627771e-01 9.312438823905675456e-01 1.418725294855524288e-01 8.171651207965445751e-01
7.724811451403400253e-02 9.580378441795600608e-01 9.304623703420921155e-01 1.433984494556719003e-01 8.121543587308484025e-01
7.814350607844541829e-02 9.509489760353746490e-01 9.281089067187732189e-01 1.449394795143606751e-01 8.064122430461091451e-01
7.904927622696419909e-02 9.427274017114839477e-01 9.242798494930860587e-01 1.464957406941255758e-01 7.999784870204110776e-01
7.996554525892346499e-02 9.343413336356554133e-01 9.191621903565856400e-01 1.480673543536387138e-01 7.929328348447872710e-01
8.089243486805938743e-02 9.259561495659348607e-01 9.130193377621788065e-01 1.496544421618768717e-01 7.853903635539494221e-01
8.183006815867389927e-02 9.169537368955401613e-01 9.061735544307757406e-01 1.512571260817699159e-01 7.774955392246485353e-01
8.277856966198472721e-02 9.063010761741416843e-01 8.989855046880981249e-01 1.528755283533495268e-01 7.694147181790571555e-01
8.373806535266489770e-02 8.931622220099501019e-01 8.918307730737183858e-01 1.545097714763887242e-01 7.613265036287304444e-01
8.470868266557401993e-02 8.775365690996200785e-01 8.850733750825039436e-01 1.561599781925231689e-01 7.534095367553296230e-01
8.569055051268346934e-02 8.606606563991806569e-01 8.790373307805241510e-01 1.578262714668445810e-01 7.458280222556327166e-01
8.668379930019773361e-02 8.449610023554726679e-01 8.739789124548263954e-01 1.595087744689571152e-01 7.387163757193954128e-01
8.768856094587426653e-02 8.334897083770123061e-01 8.700634462703887850e-01 1.612076105534867299e-01 7.321653823080616075e-01
8.870496889654402861e-02 8.289723157369592865e-01 8.673509269469584781e-01 1.629229032400340282e-01 7.262127064707343260e-01
8.973315814583519845e-02 8.327776688336798738e-01 8.657940120910679882e-01 1.646547761925606645e-01 7.208402449215592922e-01
9.077326525210223374e-02 8.442041182454094184e-01 8.652503330523483305e-01 1.664033531981994329e-01 7.159797016129004765e-01
9.182542835656282154e-02 8.604120241395540880e-01 8.655087912997959654e-01 1.681687581454779368e-01 7.115261664126837360e-01
9.288978720164497993e-02 8.771198140269287347e-01 8.663270201155540695e-01 1.699511150019457628e-01 7.073578417286183750e-01
9.396648314954690606e-02 8.898858513571088480e-01 8.674748883231201413e-01 1.717505477911948630e-01 7.033587807833989736e-01
9.505565920101191613e-02 8.955366112172765680e-01 8.687771663857900561e-01 1.735671805692627079e-01 6.994407892316116815e-01
9.615746001432096124e-02 8.931950662606169544e-01 8.701477788669705893e-01 1.754011374004078028e-01 6.955606106969185465e-01
9.727203192450536995e-02 8.844837309373949630e-01 8.716090123204918161e-01 1.772525423322471039e-01 6.917292391610715407e-01
9.839952296278225985e-02 8.728014710322451464e-01 8.732917046266382988e-01 1.791215193702444253e-01 6.880115704054405867e-01
9.954008287621518569e-02 8.619760912272140807e-01 8.754160854073471665e-01 1.810081924515391238e-01 6.845162907992679013e-01
1.006938631476027024e-01 8.548902123671824338e-01 8.782565367399911560e-01 1.829126854181041817e-01 6.813775650204670908e-01
1.018610170155975214e-01 8.527048240384792477e-01 8.820963576216910296e-01 1.848351219892227504e-01 6.787315303113290454e-01
1.030416994950587445e-01 8.550165880998481516e-01 8.871801333423057212e-01 1.867756257332718051e-01 6.766916080261781152e-01
1.042360673976401170e-01 8.607972103112081497e-01 8.936710887032375261e-01 1.887343200388019726e-01 6.753268274189779818e-01
1.054442793526168404e-01 8.695210450827511872e-01 9.016189909349833220e-01 1.907113280849017378e-01 6.746465602218262303e-01
1.066664958279538722e-01 8.817497861647186630e-01 9.109416728844461630e-01 1.927067728108353972e-01 6.745935917170999829e-01
1.079028791516183639e-01 8.987340757931800983e-01 9.214208439847862975e-01 1.947207768849420484e-01 6.750457388394022207e-01
1.091535935331391094e-01 9.211963914715816104e-01 9.327108052061945376e-01 1.967534626727850400e-01 6.758246237119502897e-01
1.104188050854160164e-01 9.480461722125294033e-01 9.443574545003298182e-01 1.988049522045395312e-01 6.767092144579573976e-01
1.116986818467822634e-01 9.759630360430581186e-01 9.558252410296997903e-01 2.008753671416063924e-01 6.774518114658339973e-01
1.129933938033221702e-01 1.000369285611095505e+00 9.665309703584210599e-01 2.029648287424402342e-01 6.777949879488160967e-01
1.143031129114478600e-01 1.017460148910580120e+00 9.758837357158642867e-01 2.050734578275801023e-01 6.774886257200167794e-01
1.156280131207375328e-01 1.026163031594772956e+00 9.833288152173971230e-01 2.072013747438698761e-01 6.763061332550286409e-01
1.169682703970384707e-01 1.028717984417136355e+00 9.883912052827587003e-01 2.093486993278565189e-01 6.740586054020212270e-01
1.183240627458378019e-01 1.029263584708562718e+00 9.907138541584901148e-01 2.115155508683534968e-01 6.706059334976992581e-01
1.196955702359042834e-01 1.031066224680748045e+00 9.900881044329022940e-01 2.137020480681571521e-01 6.658651582884534958e-01
1.210829750232039481e-01 1.034067477800436841e+00 9.864768164179557042e-01 2.159083090049029041e-01 6.598175271580207779e-01
1.224864613750930725e-01 1.034458442154778224e+00 9.800299781378930541e-01 2.181344510910488976e-01 6.525150991825084956e-01
1.239062156947915577e-01 1.026813131116603328e+00 9.710893045975388382e-01 2.203805910329742490e-01 6.440858274539064121e-01
1.253424265461399456e-01 1.007578590451895018e+00 9.601767320759035940e-01 2.226468447891783720e-01 6.347346325569150904e-01
1.267952846786433996e-01 9.776273939747132102e-01 9.479636842155930720e-01 2.249333275275690325e-01 6.247378921699907606e-01
1.282649830528059809e-01 9.420527128674245354e-01 9.352224952299634797e-01 2.272401535818253659e-01 6.144298703884767399e-01
1.297517168657586761e-01 9.072851610017474977e-01 9.227658943850263196e-01 2.295674364068229223e-01 6.041812500748567905e-01
1.312556835771842845e-01 8.776300210190230988e-01 9.113821876103924691e-01 2.319152885331067782e-01 5.943711567755687319e-01
1.327770829355429116e-01 8.538513178880650090e-01 9.017721740164396094e-01 2.342838215203997543e-01 5.853545307448235757e-01
1.343161170046015263e-01 8.348477046348433683e-01 8.944919343129800193e-01 2.366731459101318602e-01 5.774274453082139935e-01
1.358729901902709092e-01 8.208647347931438132e-01 8.899065608555339901e-01 2.390833711769770054e-01 5.707950376865579267e-01
1.374479092677536596e-01 8.152133982208424889e-01 8.881616797053037970e-01 2.415146056793832097e-01 5.655486313422395384e-01
1.390410834090069769e-01 8.225700076788282633e-01 8.891780854835307224e-01 2.439669566090824637e-01 5.616577420425303835e-01
1.406527242105236331e-01 8.449262045689063250e-01 8.926702471583012333e-01 2.464405299395656668e-01 5.589789258923503201e-01
1.422830457214351862e-01 8.785918871983806611e-01 8.981842611325698833e-01 2.489354303735093477e-01 5.572787275749471192e-01
1.439322644719406574e-01 9.150624550877277663e-01 9.051479461332269105e-01 2.514517612891382647e-01 5.562648883217692353e-01
1.456005995020648591e-01 9.453195683403003979e-01 9.129284124535242961e-01 2.539896246855110062e-01 5.556207472124452540e-01
1.472882723907501801e-01 9.641534642877011008e-01 9.208955282412338850e-01 2.565491211267127980e-01 5.550398328833719974e-01
1.489955072852853779e-01 9.713038382162525464e-01 9.284849603700255916e-01 2.591303496849418075e-01 5.542565923148492502e-01
1.507225309310755434e-01 9.694780986878780427e-01 9.352462446366449633e-01 2.617334078824727350e-01 5.530668131112401742e-01
1.524695727017572888e-01 9.621862440292253682e-01 9.408625568855532029e-01 2.643583916324843130e-01 5.513330844995448787e-01
1.542368646296627399e-01 9.535858478233094626e-01 9.451450726640926447e-01 2.670053951787343949e-01 5.489784376465012272e-01
1.560246414366368017e-01 9.489981697811405992e-01 9.480186627014235423e-01 2.696745110340678098e-01 5.459769869907720174e-01
1.578331405652116382e-01 9.529918067944320725e-01 9.495104752900985767e-01 2.723658299177417752e-01 5.423471388060542298e-01
1.596626022101425013e-01 9.649706486419971085e-01 9.497385986977393557e-01 2.750794406915534340e-01 5.381459560577603884e-01
1.615132693503091299e-01 9.769987984690512439e-01 9.488921683861983869e-01 2.778154302947531962e-01 5.334604987790847463e-01
1.633853877809862132e-01 9.784659976400914561e-01 9.472063564663134594e-01 2.805738836777283418e-01 5.283973601695897138e-01
1.652792061464895546e-01 9.651783348201639079e-01 9.449461095612466943e-01 2.833548837344429527e-01 5.230763390460355655e-01
1.671949759731990170e-01 9.438120579655380205e-01 9.423994225033121008e-01 2.861585112336144654e-01 5.176283436208862776e-01
1.691329517029648843e-01 9.257823233890831727e-01 9.398633411093205714e-01 2.889848447486136340e-01 5.121896428773462517e-01
1.710933907269015231e-01 9.163153514492947682e-01 9.376131623705100671e-01 2.918339605860701957e-01 5.068878662646599809e-01
1.730765534195725930e-01 9.113336086324747010e-01 9.358698789320413214e-01 2.947059327131687501e-01 5.018265909862569263e-01
1.750827031735725237e-01 9.061605951138663739e-01 9.347834637968227556e-01 2.976008326836167561e-01 4.970768791464121317e-01
1.771121064345088647e-01 9.045340287157692671e-01 9.344303672928984117e-01 3.005187295622696042e-01 4.926753995817986231e-01
1.791650327363901452e-01 9.145147962879666137e-01 9.348115503425123984e-01 3.034596898483946648e-01 4.886230601929022477e-01
1.812417547374237659e-01 9.351850506881809189e-01 9.358501242817534038e-01 3.064237773975569956e-01 4.848838403822464116e-01
1.833425482562290598e-01 9.529088393900553289e-01 9.374029704013095987e-01 3.094110533421111642e-01 4.813905010649923155e-01
1.854676923084699336e-01 9.553741242254649713e-01 9.392850687415271738e-01 3.124215760102798112e-01 4.780563998063943054e-01
1.876174691439121411e-01 9.463859801762625201e-01 9.412908293627281209e-01 3.154554008438022472e-01 4.747858602755641311e-01
1.897921642839101308e-01 9.404149398118372138e-01 9.432107800450678647e-01 3.185125803141355960e-01 4.714821653377348487e-01
1.919920665593284892e-01 9.434165308837155761e-01 9.448505038936130251e-01 3.215931638371902213e-01 4.680562907172305942e-01
1.942174681489026444e-01 9.475755900920995733e-01 9.460423970348221800e-01 3.246971976865810072e-01 4.644320593670183683e-01
1.964686646180446583e-01 9.476531862186442501e-01 9.466444258073328788e-01 3.278247249053771739e-01 4.605451765087518745e-01
1.987459549580983809e-01 9.520418460972063235e-01 9.465476101507126483e-01 3.309757852163310310e-01 4.563462421411326186e-01
2.010496416260499075e-01 9.680689185691209175e-01 9.457028702671245179e-01 3.341504149305677962e-01 4.518127024047978724e-01
2.033800305846981960e-01 9.838214011510217905e-01 9.441396435335713822e-01 3.373486468547172712e-01 4.469572611432929277e-01
2.057374313432913659e-01 9.792490756378167127e-01 9.419620593850633883e-01 3.405705101964686676e-01 4.418263705623043380e-01
2.081221569986339281e-01 9.538769875641653906e-01 9.393492277414601244e-01 3.438160304685285995e-01 4.365009608031900634e-01
2.105345242766706038e-01 9.284492686422690655e-01 9.365564273578663723e-01 3.470852293909636455e-01 4.310978164985833638e-01
2.129748535745520921e-01 9.172523812437918256e-01 9.338854024219759298e-01 3.503781247919072750e-01 4.257566030187873718e-01
2.154434690031884481e-01 9.140550708442619632e-01 9.316415290788578885e-01 3.536947305066113767e-01 4.206202499498969960e-01
2.179406984302955930e-01 9.089318546727315207e-01 9.301205865445378862e-01 3.570350562748220158e-01 4.158283964398507560e-01
2.204668735239409816e-01 9.025905577694430804e-01 9.295966747110404604e-01 3.603991076364594370e-01 4.115108545441151788e-01
2.230223297965938656e-01 8.990125194845124401e-01 9.302656410452416758e-01 3.637868858255818849e-01 4.077599416735466775e-01
2.256074066496861485e-01 9.001342175957315339e-01 9.321935896959574475e-01 3.671983876626112586e-01 4.046053465633031587e-01
2.282224474186898555e-01 9.105933524680173141e-01 9.353185554868642670e-01 3.706336054448011175e-01 4.020147558996662318e-01
2.308677994187169624e-01 9.299678415843122270e-01 9.394836351604434199e-01 3.740925268349243327e-01 3.999101870603978814e-01
2.335438139906479416e-01 9.434073156742945887e-01 9.444694075959316759e-01 3.775751347481596243e-01 3.981845091521264979e-01
2.362508465477947683e-01 9.427311822322053114e-01 9.499951873801877333e-01 3.810814072371546679e-01 3.967036448960057360e-01
2.389892566231050230e-01 9.464126124619304248e-01 9.557000214055948462e-01 3.846113173752436776e-01 3.952995363189755751e-01
2.417594079169130827e-01 9.700056880624909894e-01 9.611770680646849474e-01 3.881648331377974825e-01 3.937872140498447915e-01
2.445616683452446483e-01 9.963334785578691344e-01 9.660546964442430218e-01 3.917419172816823392e-01 3.920016716204295371e-01
2.473964100886814066e-01 1.006730548714685147e+00 9.700301400197038904e-01 3.953425272228054954e-01 3.898116943723918260e-01
2.502640096417919069e-01 1.009237228845961232e+00 9.728742351702295288e-01 3.989666149117240268e-01 3.871201461124943455e-01
2.531648478631355337e-01 1.006813524827344652e+00 9.744576304692095237e-01 4.026141267072923524e-01 3.838739515792226609e-01
2.560993100258459609e-01 9.881816208220282061e-01 9.747314517333339756e-01 4.062850032483258378e-01 3.800541877160703019e-01
2.590677858688008595e-01 9.705129327407596707e-01 9.737176254127496433e-01 4.099791793232547832e-01 3.756712295515335365e-01
2.620706696483852682e-01 9.840849053858949924e-01 9.715598958196018931e-01 4.136965837377460375e-01 3.707876450840658644e-01
2.651083601908538756e-01 1.009542902457012170e+00 9.685125852273315239e-01 4.174371391802644271e-01 3.655141830640878942e-01
2.681812609453015361e-01 1.000740664475983310e+00 9.648671860300237491e-01 4.212007620855522383e-01 3.599783885311672038e-01
2.712897800372467416e-01 9.548771501518947824e-01 9.609451885482948041e-01 4.249873624959976115e-01 3.543226006271934514e-01
2.744343303228365394e-01 9.107916362897857665e-01 9.570539314397051855e-01 4.287968439208680871e-01 3.486848314657554071e-01
2.776153294436801144e-01 9.062310987615549429e-01 9.534139900818180413e-01 4.326291031933821585e-01 3.431657890214002693e-01
2.808331998823172526e-01 9.398029571248662783e-01 9.501450839173480878e-01 4.364840303255913545e-01 3.378215668732255095e-01
2.840883690183304000e-01 9.605349323190101041e-01 9.472845126312541275e-01 4.403615083610469272e-01 3.326710863509578231e-01
2.873812691851066470e-01 9.409512042710725943e-01 9.448245639624615055e-01 4.442614132252220571e-01 3.277125819381597194e-01
2.907123377272578524e-01 9.195460634071555006e-01 9.427084273834553940e-01 4.481836135736627647e-01 3.229214156179464057e-01
2.940820170587063465e-01 9.199963454461534962e-01 9.408572303010155347e-01 4.521279706378377172e-01 3.182623514805693055e-01
2.974907547214440395e-01 9.396151840472121153e-01 9.391913350455071141e-01 4.560943380686596216e-01 3.136993961672441267e-01
3.009390034449720974e-01 9.870940925757876183e-01 9.376047364916170190e-01 4.600825617776470589e-01 3.091840198182127519e-01
3.044272212064302874e-01 1.011453194545397283e+00 9.360566880951574076e-01 4.640924797756985631e-01 3.046976195383516717e-01
3.079558712914226559e-01 9.567077284687479644e-01 9.346037009651599892e-01 4.681239220094465248e-01 3.002666615112155601e-01
3.115254223555488089e-01 8.887260842660508198e-01 9.333105966184243041e-01 4.721767101951629408e-01 2.959216347653749191e-01
3.151363484866479547e-01 8.652498981386083088e-01 9.321909231588038081e-01 4.762506576501829292e-01 2.916692814486720464e-01
3.187891292677645927e-01 8.657183071946717989e-01 9.312245722384675517e-01 4.803455691218159185e-01 2.875006382232535018e-01
3.224842498408442282e-01 9.048107203769180096e-01 9.304384438939720114e-01 4.844612406137116523e-01 2.834286092998378748e-01
3.262222009711669979e-01 9.777484266072554719e-01 9.298032596575828146e-01 4.885974592096475333e-01 2.794398601398191406e-01
3.300034791125285305e-01 1.015896253199229937e+00 9.292403431341101916e-01 4.927540028947058337e-01 2.754978955456713341e-01
3.338285864731760921e-01 9.785359377600955089e-01 9.287004979061316279e-01 4.969306403738040778e-01 2.715799025413249690e-01
3.376980310825091203e-01 9.061952124508438899e-01 9.281774973340770618e-01 5.011271308875464570e-01 2.676831192426984418e-01
3.416123268585528616e-01 8.795633872838934941e-01 9.276808332373003285e-01 5.053432240253598051e-01 2.638121369862377330e-01
3.455719936762139399e-01 8.978578573778740468e-01 9.271601467994134982e-01 5.095786595358793303e-01 2.599435235296111424e-01
3.495775574363275129e-01 9.326577059346776721e-01 9.266108786411895171e-01 5.138331671345467422e-01 2.560752607510337620e-01
3.536295501355042892e-01 9.578302060402666962e-01 9.260467618396851508e-01 5.181064663083856381e-01 2.522139048545321005e-01
3.577285099367873422e-01 9.165981867037927833e-01 9.254837617840152575e-01 5.223982661179141784e-01 2.483670763650329127e-01
3.618749812411280464e-01 8.787100244699727059e-01 9.249103427060620941e-01 5.267082649961596363e-01 2.445295026532932348e-01
3.660695147596902399e-01 9.110028829835202790e-01 9.242686486541654700e-01 5.310361505447336317e-01 2.406741350492659359e-01
3.703126675869927165e-01 9.749793936569696173e-01 9.235853233011660501e-01 5.353815993269305240e-01 2.368135821998035573e-01
3.746050032748993175e-01 9.923139931828647287e-01 9.229620432349217030e-01 5.397442766578071094e-01 2.329957951982363495e-01
3.789470919074667821e-01 9.344769166311047703e-01 9.224447129292087100e-01 5.441238363912044296e-01 2.292425945802862852e-01
3.833395101766601254e-01 9.104741192903281766e-01 9.221402946996222205e-01 5.485199207036689506e-01 2.256045952189187631e-01
3.877828414589457595e-01 8.849284691791413637e-01 9.221581694765648152e-01 5.529321598752316991e-01 2.221335677660221941e-01
3.922776758927719598e-01 8.541515779702306688e-01 9.227203229423660558e-01 5.573601720670010584e-01 2.189341544643631510e-01
3.968246104569481680e-01 8.771444865407271863e-01 9.240645029952211376e-01 5.618035630955284798e-01 2.161177983046029261e-01
4.014242490499321803e-01 9.508061653484081166e-01 9.263178591661898054e-01 5.662619262038983692e-01 2.137426752990485013e-01
4.060772025700365440e-01 9.991382210450855395e-01 9.295386148289688233e-01 5.707348418295010717e-01 2.118330500438921071e-01
4.107840889965646558e-01 9.209257544959048580e-01 9.338235041506570688e-01 5.752218773684404374e-01 2.104294056606979824e-01
4.155455334718875515e-01 8.732308498410351616e-01 9.390913951601519427e-01 5.797225869365296713e-01 2.094876396291904253e-01
4.203621683844713797e-01 8.895651431863926817e-01 9.452165563546683913e-01 5.842365111268283950e-01 2.089426259285045717e-01
4.252346334528682159e-01 9.515038504878812198e-01 9.521428840979173636e-01 5.887631767636727353e-01 2.087614860944065620e-01
4.301635758106794882e-01 1.009953931400979554e+00 9.597551317853280084e-01 5.933020966531474816e-01 2.088845598758745092e-01
4.351496500925050026e-01 9.572803671203148346e-01 9.677566624115061522e-01 5.978527693299531265e-01 2.091719245602317867e-01
4.401935185208874501e-01 9.175520299085885290e-01 9.757887520493583322e-01 6.024146788006128350e-01 2.094602620738785226e-01
4.452958509942655518e-01 9.953531939146019747e-01 9.834422799273442317e-01 6.069872942829726004e-01 2.095692751123182651e-01
4.504573251759458330e-01 1.036979951692990287e+00 9.901864066212560100e-01 6.115700699419361897e-01 2.092707369809330975e-01
4.556786265841064054e-01 1.038429619242731139e+00 9.956890478187669924e-01 6.161624446213872508e-01 2.084285057457258838e-01
4.609604486828433600e-01 9.850869880477066687e-01 9.995583247171708763e-01 6.207638415722378511e-01 2.068817284098753151e-01
4.663034929742731483e-01 1.030445491190971952e+00 1.001523197331674275e+00 6.253736681765535987e-01 2.045214218974637232e-01
4.717084690917017209e-01 1.117728663833620573e+00 1.001513210602935189e+00 6.299913156676950621e-01 2.013221194777650991e-01
4.771760948938745805e-01 1.089206480001188027e+00 9.996038870263286302e-01 6.346161588464203085e-01 1.973168101585149325e-01
4.827070965603182939e-01 1.003186292401066382e+00 9.960249908118938844e-01 6.392475557928887220e-01 1.926011590998864820e-01
4.883022086877880086e-01 1.058847697086176876e+00 9.910908879443232067e-01 6.438848475745078126e-01 1.873052782280545669e-01
4.939621743878320759e-01 9.919106713827781086e-01 9.854846558009413560e-01 6.485273579495627327e-01 1.817215652128738590e-01
4.996877453854883799e-01 8.653783908453884788e-01 9.796936171781226443e-01 6.531743930665667719e-01 1.760611281829900787e-01
5.054796821191240852e-01 8.705100750963716827e-01 9.739914416452740697e-01 6.578252411592693250e-01 1.704446071851101197e-01
5.113387538414325695e-01 9.419735628451860743e-01 9.687004273670126731e-01 6.624791722372611602e-01 1.650172623502202673e-01
5.172657387216018643e-01 9.796901829125054251e-01 9.641853451373038064e-01 6.671354377721090412e-01 1.599465155736763677e-01
5.232614239486661489e-01 1.039060683089924497e+00 9.606306361813757855e-01 6.717932703789555315e-01 1.553207839035534998e-01
5.293266058360561743e-01 1.054390372547735488e+00 9.580491203614949214e-01 6.764518834935192571e-01 1.511508661087609118e-01
5.354620899273607737e-01 8.906182930508889095e-01 9.564122959023402260e-01 6.811104710444235710e-01 1.474275939347852726e-01
5.416686911033151697e-01 8.849615801793228043e-01 9.557864530309210238e-01 6.857682071207895635e-01 1.441835237643557255e-01
5.479472336900287344e-01 9.090301316052716851e-01 9.561572520467107594e-01 6.904242456350202506e-01 1.414132892235570038e-01
5.542985515684668574e-01 9.179642604774873593e-01 9.574185510348905970e-01 6.950777199807062212e-01 1.390684703009090473e-01
5.607234882852032420e-01 9.593492550787362516e-01 9.593795942286549305e-01 6.997277426855796900e-01 1.370613838031330134e-01
5.672228971644543982e-01 1.009617028844005837e+00 9.617802720082991863e-01 7.043734050594447904e-01 1.352729146000388183e-01
5.737976414214134291e-01 1.005333469665102397e+00 9.644856657629234942e-01 7.090137768370081695e-01 1.336411034850643331e-01
5.804485942768977669e-01 8.653010854221223624e-01 9.672213505707646375e-01 7.136479058155351662e-01 1.320418789293484330e-01
5.871766390733255125e-01 9.672404348103628147e-01 9.695846982612000842e-01 7.182748174872534141e-01 1.302951124933532379e-01
5.939826693920355893e-01 1.097936664566352638e+00 9.713284280706508955e-01 7.228935146664270395e-01 1.282917709535752182e-01
6.008675891719686968e-01 1.005474836481547785e+00 9.723040548293040430e-01 7.275029771110211874e-01 1.259673220118023851e-01
6.078323128297229427e-01 9.362756042182037719e-01 9.722826457235327346e-01 7.321021611388748296e-01 1.232208452204790611e-01
6.148777653810023613e-01 1.019561093124492057e+00 9.712163895831015248e-01 7.366899992383040274e-01 1.200312284170933913e-01
6.220048825634711953e-01 1.021345124210746302e+00 9.692735298549833844e-01 7.412653996730464989e-01 1.164726237711972423e-01
6.292146109610343707e-01 9.566967914902595460e-01 9.665995666185599466e-01 7.458272460814682203e-01 1.126083514021469084e-01
6.365079081295571539e-01 9.275556497254413557e-01 9.633927560388161337e-01 7.503743970699432442e-01 1.085253690293348922e-01
6.438857427240419762e-01 9.548159573435278658e-01 9.601188146291907977e-01 7.549056858003196924e-01 1.044322838699087014e-01
6.513490946272803006e-01 9.821947477786595604e-01 9.569344808718940332e-01 7.594199195713841055e-01 1.004002191490876300e-01
6.588989550799949635e-01 9.504803572807891676e-01 9.540092670024779009e-01 7.639158793942352199e-01 9.650705562055891806e-02
6.665363268124913088e-01 9.460052008421673264e-01 9.516970158591693263e-01 7.683923195614722479e-01 9.291569230390599177e-02
6.742622241778342129e-01 8.823900796595522955e-01 9.501651701807557471e-01 7.728479672101096210e-01 8.970503766197181206e-02
6.820776732865685421e-01 9.230667162412856674e-01 9.494548279809137403e-01 7.772815218781203850e-01 8.689596377176296571e-02
6.899837121430018039e-01 9.625455560992579596e-01 9.496976533310829138e-01 7.816916550545150999e-01 8.454988920583011991e-02
6.979813907830659803e-01 9.628535416122058210e-01 9.509588494731157082e-01 7.860770097228573228e-01 8.269662954747351857e-02
7.060717714137773049e-01 9.081235727891753262e-01 9.528927492066819882e-01 7.904361998981193072e-01 8.117720072834663791e-02
7.142559285543126357e-01 9.418029976097431755e-01 9.554288614863089002e-01 7.947678101567766662e-01 7.995808735089178498e-02
7.225349491787214085e-01 9.533126216214593551e-01 9.585822061616187106e-01 7.990703951600406363e-01 7.904432232414743131e-02
7.309099328602910450e-01 9.545911747311101037e-01 9.621471002717137955e-01 8.033424791701263556e-01 7.834074310624843107e-02
7.393819919175865785e-01 1.011432054310812623e+00 9.657538709801457566e-01 8.075825555594507987e-01 7.767952832133352692e-02
7.479522515621821466e-01 1.009253228394141777e+00 9.694390711910758629e-01 8.117890863126565604e-01 7.707731069163681337e-02
7.566218500481054487e-01 9.196110946481766968e-01 9.731563897510254746e-01 8.159605015213527990e-01 7.651350234930551220e-02
7.653919388230148169e-01 1.005502906262338625e+00 9.767675964619678686e-01 8.200951988714638707e-01 7.592697439004128523e-02
7.742636826811269968e-01 1.031079573581300979e+00 9.803022544209377687e-01 8.241915431230767419e-01 7.533184739879925096e-02
7.832382599179196214e-01 9.120716021469015278e-01 9.836419249003650611e-01 8.282478655826741587e-01 7.467670564429568225e-02
7.923168624866253618e-01 9.726274156007278515e-01 9.867553415185045251e-01 8.322624635676381111e-01 7.394917833774640459e-02
8.015006961565405152e-01 1.015010475817825331e+00 9.893959677177616152e-01 8.362335998629114586e-01 7.304252254942783518e-02
8.107909806731686819e-01 9.468190111930241404e-01 9.915295482227143298e-01 8.401595021696982579e-01 7.194391738593297614e-02
8.201889499202202893e-01 9.990811951374116706e-01 9.927939983188069917e-01 8.440383625460839978e-01 7.049695680854492497e-02
8.296958520834906148e-01 1.087999519105573798e+00 9.930523204499830392e-01 8.478683368394570596e-01 6.864371346650792460e-02
8.393129498166364000e-01 9.998201340149319716e-01 9.921226995368876977e-01 8.516475441106072797e-01 6.630548791933854602e-02
8.490415204088747059e-01 1.001420052713950959e+00 9.900030731779154713e-01 8.553740660493793779e-01 6.348046392623252210e-02
8.588828559546249908e-01 1.074093558348139021e+00 9.867872570425488821e-01 8.590459463817537999e-01 6.020713970762521516e-02
8.688382635251183927e-01 1.096949938313056983e+00 9.826784558958387983e-01 8.626611902682305155e-01 5.657117447429223928e-02
8.789090653419954213e-01 9.144181381943232712e-01 9.779495084335092514e-01 8.662177636933831026e-01 5.268934708233870973e-02
8.890965989529158175e-01 9.219092544396740863e-01 9.730165414930462831e-01 8.697135928464546639e-01 4.874396566939829395e-02
8.994022174092044519e-01 9.362033172933386105e-01 9.682509379245234360e-01 8.731465634928623487e-01 4.490077729114937133e-02
9.098272894455557980e-01 8.890767193113220390e-01 9.639850614113787408e-01 8.765145203364755888e-01 4.131118881281172633e-02
9.203731996618220723e-01 9.908250423391700146e-01 9.604632218972083413e-01 8.798152663725307132e-01 3.808924599715983461e-02
9.310413487069075789e-01 9.572404686497502091e-01 9.579484012602879073e-01 8.830465622310460505e-01 3.535851282910395382e-02
9.418331534647951253e-01 9.679243918447818507e-01 9.564999573853958381e-01 8.862061255105947444e-01 3.315020743852777063e-02
9.527500472427290479e-01 8.832307411015180021e-01 9.560151798385402300e-01 8.892916301022946168e-01 3.142058335143984443e-02
9.637934799615786030e-01 9.869391833552849658e-01 9.564731303171855048e-01 8.923007055038705282e-01 3.016153777033502362e-02
9.749649183484085935e-01 9.510888391432343880e-01 9.579181630146100801e-01 8.952309361236430174e-01 2.939332644870739156e-02
9.862658461312820979e-01 9.812962768767499178e-01 9.600143817063392371e-01 8.980798605742965623e-01 2.896278168023076402e-02
9.976977642363201726e-01 9.153122835822854464e-01 9.626701789940161902e-01 9.008449709562742491e-01 2.882746031285831484e-02
1.009262190987048502e+00 9.073139646127670321e-01 9.657423103392721586e-01 9.035242322031336037e-01 2.892145410999464109e-02
1.020960662306047650e+00 9.985488681680146916e-01 9.690268386718993154e-01 9.061193723415390533e-01 2.915039017848611302e-02
1.032794731918952547e+00 1.014206242041011397e+00 9.721934703735353178e-01 9.086336831422061611e-01 2.936386774177817544e-02
1.044765971560805307e+00 9.636580304039843448e-01 9.751209197364339998e-01 9.110702969905828397e-01 2.950658580670118686e-02
1.056875971184805030e+00 1.025646478647299187e+00 9.776999419716219109e-01 9.134321895171737538e-01 2.952927725107993770e-02
1.069126339173477103e+00 9.944165431690793477e-01 9.795799339391093596e-01 9.157221895529081834e-01 2.927614227201118594e-02
1.081518702552289213e+00 9.272086992643183700e-01 9.807656268252943343e-01 9.179429883149607949e-01 2.874952775917994155e-02
1.094054707205743604e+00 1.005092164317746173e+00 9.812775824340609354e-01 9.200971478928405833e-01 2.795819289389249451e-02
1.106736018095974439e+00 1.089927175363169631e+00 9.810894847112340278e-01 9.221871090973181584e-01 2.688957389380102966e-02
1.119564319483879355e+00 9.950940716116483120e-01 9.804085307248908698e-01 9.242151987283597769e-01 2.563397525845849748e-02
1.132541315152812755e+00 9.484096914521001898e-01 9.794402265490173010e-01 9.261836363125772742e-01 2.428083326980036080e-02
1.145668728634872569e+00 9.268447399633413797e-01 9.784150979748662547e-01 9.280945403556652984e-01 2.293092781881754527e-02
1.158948303439811811e+00 1.024838561825869521e+00 9.775423062647157213e-01 9.299499341508543626e-01 2.167599394664659548e-02
1.172381803286599800e+00 9.225924720134263124e-01 9.769707501017825813e-01 9.317517511804154218e-01 2.058134374481309162e-02
1.185971012337670549e+00 9.587373764366182716e-01 9.768850480553594728e-01 9.335018401437336077e-01 1.972828407855616029e-02
1.199717735435885446e+00 9.292182696683931598e-01 9.772588699014247426e-01 9.352019696422917416e-01 1.910420808358743658e-02
1.213623798344241722e+00 1.012167145283701775e+00 9.780163946514065509e-01 9.368538325490942675e-01 1.867429722685119697e-02
1.227691047988360484e+00 9.608137381701409296e-01 9.790874175634752818e-01 9.384590500875233943e-01 1.840614258873022810e-02
1.241921352701784720e+00 1.007460303575471672e+00 9.804348580742575647e-01 9.400191756423557088e-01 1.828203067316552452e-02
1.256316602474121469e+00 1.023431531614972689e+00 9.819961636717622344e-01 9.415356983236344846e-01 1.827300020896969329e-02
1.270878709202059476e+00 9.505030804835115088e-01 9.837328125743978191e-01 9.430100463022479396e-01 1.836083810376672870e-02
1.285609606943296512e+00 1.008120015851965423e+00 9.856664621315361918e-01 9.444435899344365559e-01 1.855395635037557570e-02
1.300511252173409904e+00 1.018447111359789714e+00 9.879419965348001931e-01 9.458376446909431134e-01 1.891485219007298449e-02
1.315585624045705115e+00 9.930098192053492534e-01 9.905561618133087443e-01 9.471934739051917074e-01 1.944040674528755772e-02
1.330834724654076151e+00 9.277254642702248422e-01 9.934303450321817497e-01 9.485122913536634393e-01 2.009445860143385318e-02
1.346260579298911075e+00 9.466567871898959874e-01 9.967045983945210796e-01 9.497952636805349069e-01 2.093646235945098924e-02
1.361865236756082842e+00 9.212174643497308413e-01 1.000302446925602773e+00 9.510435126776601855e-01 2.193094369413899763e-02
1.377650769549054965e+00 1.065213359982901231e+00 1.003966682153114132e+00 9.522581174300572826e-01 2.296461701216176432e-02
1.393619274224143556e+00 9.977475705953668950e-01 1.007500983509422632e+00 9.534401163362604681e-01 2.395205769381967761e-02
1.409772871628967694e+00 1.134091398143654672e+00 1.010688260244275050e+00 9.545905090121378223e-01 2.480010904520769249e-02
1.426113707194129887e+00 1.047863836929202153e+00 1.013291135449359448e+00 9.557102580861016605e-01 2.540799582001592241e-02
1.442643951218158804e+00 1.001133895815165431e+00 1.015258864953390905e+00 9.568002908930195449e-01 2.575549163371210898e-02
1.459365799155757593e+00 1.034668492551476859e+00 1.016475322877222087e+00 9.578615010735695989e-01 2.579412147669323668e-02
1.476281471909391074e+00 1.024533810691529157e+00 1.016885463507640974e+00 9.588947500852718075e-01 2.550109820265094446e-02
1.493393216124253353e+00 9.805220778855414654e-01 1.016588077629543951e+00 9.599008686309455918e-01 2.491862738996111076e-02
1.510703304486655574e+00 1.023288501182865629e+00 1.015544140999904865e+00 9.608806580099278349e-01 2.402935355407846696e-02
1.528214036025870914e+00 9.704173603386243574e-01 1.013950944706734969e+00 9.618348913969811953e-01 2.291641675660631081e-02
1.545927736419478560e+00 1.048115259743063854e+00 1.011771784702375054e+00 9.627643150534590522e-01 2.156257932653452003e-02
1.563846758302247730e+00 1.113409393110780465e+00 1.009027103266706860e+00 9.636696494749754649e-01 1.997465067964354288e-02
1.581973481578601515e+00 9.564943767238139882e-01 1.005692067595354455e+00 9.645515904795007867e-01 1.813956315163067073e-02
1.600310313738701806e+00 9.586995371167780222e-01 1.001792703570983267e+00 9.654108102395551061e-01 1.606570669094904702e-02
1.618859690178199306e+00 1.053174329540662812e+00 9.973338635986012113e-01 9.662479582618752616e-01 1.375197614187608636e-02
1.637624074521689010e+00 1.009155653140158426e+00 9.925304763800911756e-01 9.670636623177326641e-01 1.128878611023858072e-02
1.656605958949915136e+00 1.065810830340693682e+00 9.873771923853363885e-01 9.678585293268349155e-01 8.671209483032736240e-03
1.675807864530768798e+00 9.332022367829554410e-01 9.822483936456861686e-01 9.686331461975468127e-01 6.062000915978818516e-03
1.695232341554121502e+00 9.328372346807065618e-01 9.771915920016729373e-01 9.693880806259975724e-01 3.482046106253224461e-03
1.714881969870540868e+00 9.817702467792079890e-01 9.726500117734802053e-01 9.701238818564419386e-01 1.129400498348103040e-03
1.734759359233932541e+00 1.024760460422315278e+00 9.687086565325995213e-01 9.708410814051036120e-01 9.549646603400567101e-04
1.754867149648152047e+00 8.794960279040968665e-01 9.655150956865647949e-01 9.715401937495860007e-01 2.701704277244229829e-03
1.775208011717636092e+00 9.483723266364467719e-01 9.631050484779904997e-01 9.722217169857734209e-01 4.091658508021399007e-03
1.795784647002096834e+00 8.617490357472915585e-01 9.614200319932691974e-01 9.728861334540543915e-01 5.148846660622366164e-03
1.816599788375328650e+00 9.474086480713030944e-01 9.602251545092821416e-01 9.735339103365554525e-01 5.978004791187193322e-03
1.837656200388172456e+00 1.034640260742909490e+00 9.595183479044582242e-01 9.741655002269788977e-01 6.579461374407160647e-03
1.858956679635688225e+00 1.038718849682009893e+00 9.590184681381099807e-01 9.747813416745321202e-01 7.080237140909641236e-03
1.880504055128583429e+00 9.748105270160790647e-01 9.586788912999136825e-01 9.753818597033441229e-01 7.501509306985389321e-03
1.902301188668945819e+00 9.326494684154911230e-01 9.585385114571189913e-01 9.759674663086861379e-01 7.825774453680992698e-03
1.924350975230332272e+00 9.225262459855139152e-01 9.584890012206109811e-01 9.765385609312107196e-01 8.102263445706477107e-03
1.946656343342263229e+00 1.007081322165774617e+00 9.586459019764177469e-01 9.770955309103805941e-01 8.278806806412249142e-03
1.969220255479173565e+00 9.495487628606790187e-01 9.591115016197940824e-01 9.776387519181539698e-01 8.309308864274334017e-03
1.992045708453871189e+00 9.469035186992366127e-01 9.599786959051108681e-01 9.781685883739623666e-01 8.152117173179649831e-03
2.015135733815558439e+00 8.710249542525333455e-01 9.613483432925484795e-01 9.786853938419211030e-01 7.762324628660374759e-03
2.038493398252464228e+00 9.430503016576476938e-01 9.631149573651499596e-01 9.791895114111905940e-01 7.188625289410677417e-03
2.062121803999144465e+00 9.310289898934795971e-01 9.652134117277191283e-01 9.796812740603264569e-01 6.461459045464779637e-03
2.086024089248504687e+00 1.026401299327996508e+00 9.675432809211864660e-01 9.801610050064217816e-01 5.627019095639476838e-03
2.110203428568596440e+00 1.041038382569300369e+00 9.699354747006693200e-01 9.806290180397954082e-01 4.761896783770555239e-03
2.134663033324245340e+00 1.014593711289909495e+00 9.722672249420969415e-01 9.810856178449325338e-01 3.921263287564103091e-03
2.159406152103567678e+00 9.172991501964945504e-01 9.743188286668219567e-01 9.815311003083542207e-01 3.202969641993443171e-03
2.184436071149428393e+00 9.881055233934802340e-01 9.760043168152268134e-01 9.819657528140406377e-01 2.644602998747624771e-03
2.209756114795903059e+00 9.636907554977227619e-01 9.774764351825636632e-01 9.823898545270104421e-01 2.177572409248658847e-03
2.235369645909796699e+00 9.984056798032566737e-01 9.787829086993332650e-01 9.828036766656151890e-01 1.780395318102046594e-03
2.261280066337279404e+00 9.913126248552054376e-01 9.800748114423124546e-01 9.832074827630878922e-01 1.385947427809575529e-03
2.287490817355704031e+00 9.624295798942704705e-01 9.815326583429001550e-01 9.836015289188404509e-01 9.144407671311568630e-04
2.314005380130653933e+00 1.028703198322945989e+00 9.832095090496766332e-01 9.839860640399948899e-01 3.428775148959772585e-04
2.340827276178294447e+00 9.431562842998764129e-01 9.851729674624426503e-01 9.843613300735940541e-01 3.579421385836898620e-04
2.367960067833078774e+00 9.723370497688873515e-01 9.875241267824977909e-01 9.847275622299183073e-01 1.231621069681159081e-03
2.395407358720879287e+00 9.383738019736406200e-01 9.901847199149214074e-01 9.850849891973145755e-01 2.242518903252522892e-03
2.423172794237600680e+00 9.430228092969106246e-01 9.930769919915484190e-01 9.854338333489187640e-01 3.355451072224669134e-03
2.451260062033339793e+00 1.005637906888711797e+00 9.958279105672994680e-01 9.857743109416341465e-01 4.406797949873854543e-03
2.479672892502160053e+00 1.074273838794386648e+00 9.982573945845019114e-01 9.861066323077087858e-01 5.318656143881585197e-03
2.508415059277541381e+00 9.797016414804908813e-01 1.000026750006482779e+00 9.864310020392426104e-01 5.944904201839408889e-03
2.537490379733571721e+00 1.163110072583895649e+00 1.000921242138677281e+00 9.867476191659261264e-01 6.193819001426638035e-03
2.566902715491951703e+00 9.610980262854740275e-01 1.000830806269712436e+00 9.870566773263100835e-01 6.018573969119514824e-03
2.596655972934872381e+00 9.541520997691258499e-01 9.998014957335757957e-01 9.873583649328849798e-01 5.438972256354168179e-03
2.626754103723838440e+00 1.080619778480643500e+00 9.978215922991798825e-01 9.876528653312317552e-01 4.448569566689746652e-03
2.657201105324506596e+00 1.020416891560094852e+00 9.950720274246143138e-01 9.879403569534979113e-01 3.123791369213472623e-03
2.688001021537607560e+00 9.779277142880019591e-01 9.918520324806275879e-01 9.882210134664375367e-01 1.592803146721122071e-03
2.719157943036019098e+00 1.021559849535817799e+00 9.886652972353640045e-01 9.884950039142452738e-01 7.481178921780670676e-05
2.750676007908067433e+00 9.563675130314847062e-01 9.856779234552187630e-01 9.887624928563967242e-01 1.356954151407604179e-03
2.782559402207125832e+00 9.350936808240348785e-01 9.832083288251349806e-01 9.890236405007033493e-01 2.561123772260452420e-03
2.814812360507581435e+00 9.081316778314320048e-01 9.814074265103639449e-01 9.892786028317797076e-01 3.469275744381871644e-03
2.847439166467247595e+00 9.399138903554552504e-01 9.803231814579035364e-01 9.895275317351057698e-01 4.058609721694797154e-03
2.880444153396297668e+00 1.009921899226066788e+00 9.799915756194254035e-01 9.897705751168683896e-01 4.312196181281291105e-03
2.913831704832788638e+00 9.903518318244310947e-01 9.802409497641149105e-01 9.900078770197417999e-01 4.305808789543777090e-03
2.947606255124858521e+00 1.008029556992082076e+00 9.808967566025995621e-01 9.902395777347805517e-01 4.116981639639017559e-03
2.981772290019673477e+00 1.011378762879013404e+00 9.818167639823222048e-01 9.904658139095718905e-01 3.809047220742876536e-03
3.016334347259197468e+00 9.575478970979073301e-01 9.829429927945022571e-01 9.906867186527923419e-01 3.408009767919964635e-03
3.051297017182871052e+00 9.595458949875196319e-01 9.839451273368318152e-01 9.909024216353150560e-01 3.060010404019177649e-03
3.086664943337274369e+00 1.025203294987999669e+00 9.851581984109540890e-01 9.911130491880015825e-01 2.617218322620649962e-03
3.122442823092857811e+00 1.048530696557127939e+00 9.862566084830336477e-01 9.913187243962988671e-01 2.223383122790026627e-03
3.158635408267818967e+00 9.185073621210670947e-01 9.872203070708978068e-01 9.915195671917707010e-01 1.887209035566135909e-03
3.195247505759213791e+00 9.024054338551040777e-01 9.881712460851421742e-01 9.917156944406773089e-01 1.554973645386975925e-03
3.232283978181380579e+00 1.074707409472397401e+00 9.889809401871610950e-01 9.919072200297147646e-01 1.283129596224486706e-03
3.269749744511767808e+00 9.689417353866350835e-01 9.897413093393204742e-01 9.920942549490223694e-01 1.031237700101025933e-03
3.307649780744242651e+00 1.047869434254441678e+00 9.901966187116980622e-01 9.922769073725552502e-01 9.114454300576345629e-04
3.345989120549974771e+00 9.526675314541270811e-01 9.903022829465120136e-01 9.924552827359292007e-01 9.431675478286501374e-04
3.384772855945982872e+00 9.829296307734970428e-01 9.900873173602771082e-01 9.926294838118172592e-01 1.113673386263704318e-03
3.424006137971425723e+00 1.036273300448048218e+00 9.894553888706808520e-01 9.927996107829994976e-01 1.465380085783892427e-03
3.463694177371734462e+00 1.016382189465171004e+00 9.883369767475050915e-01 9.929657613131468441e-01 2.029229772398256047e-03
3.503842245290675894e+00 1.001092012327340131e+00 9.869037698826662597e-01 9.931280306154213200e-01 2.730431898590669933e-03
3.544455673970435594e+00 9.911626355019854673e-01 9.853777227032374242e-01 9.932865115189628558e-01 3.471798371299384799e-03
3.585539857459817181e+00 9.773671430006168892e-01 9.837765849948090224e-01 9.934412945333612743e-01 4.245726780544186590e-03
3.627100252330648367e+00 8.850788365561790272e-01 9.822493457841873221e-01 9.935924679111514113e-01 4.986542378102654278e-03
3.669142378402494131e+00 1.055971615944093500e+00 9.807819731707814181e-01 9.937401177084310699e-01 5.700347935669064503e-03
3.711671819475766743e+00 9.544385331198985689e-01 9.794800689880978073e-01 9.938843278436526596e-01 6.340239291135559355e-03
3.754694224073336972e+00 9.537775402157584459e-01 9.784461891748810203e-01 9.940251801546498012e-01 6.860439766514907396e-03
3.798215306190736218e+00 9.782798698578351049e-01 9.776657659576453163e-01 9.941627544539730632e-01 7.267080445690164876e-03
3.842240846055060999e+00 9.238942508192801162e-01 9.769700224810392575e-01 9.942971285825794592e-01 7.634947267879762210e-03
3.886776690892667752e+00 1.150338307416179928e+00 9.763279986333002203e-01 9.944283784619378785e-01 7.977765508788153478e-03
3.931828755705770284e+00 9.406940814695242681e-01 9.758849962635240960e-01 9.945565781446044085e-01 8.230853229106641425e-03
3.977403024058036696e+00 9.175792853884955358e-01 9.755762492047126422e-01 9.946817998633208369e-01 8.422952837576998253e-03
4.023505548869293236e+00 1.009850113427039675e+00 9.754887703333767757e-01 9.948041140786778591e-01 8.515298422854698443e-03
4.070142453219438572e+00 1.002879205580113009e+00 9.755361864515255110e-01 9.949235895254067152e-01 8.546344350795124709e-03
4.117319931161679492e+00 8.888182915018348895e-01 9.757205654761322844e-01 9.950402932573252368e-01 8.515208657955688001e-03
4.165044248545185290e+00 8.880393914352584517e-01 9.760963822533768042e-01 9.951542906909964792e-01 8.397716710163790135e-03
4.213321743847289191e+00 1.078504327136137864e+00 9.765380509001976295e-01 9.952656456481401293e-01 8.249843170226232175e-03
4.262158829015325168e+00 1.034601428999961437e+00 9.770318951590395429e-01 9.953744203968322157e-01 8.077734373591544462e-03
4.311561990318228510e+00 1.007361046799424731e+00 9.775890131199550526e-01 9.954806756915379751e-01 7.876521906253130742e-03
4.361537789208005833e+00 9.127965052509893207e-01 9.780429265229222402e-01 9.955844708120129560e-01 7.720197349351724456e-03
4.412092863191189984e+00 9.603315971191285216e-01 9.783569021591443926e-01 9.956858636011096664e-01 7.625027974799675375e-03
4.463233926710397093e+00 1.053675826170329399e+00 9.786836430001497611e-01 9.957849105015210700e-01 7.523211063364029436e-03
4.514967772036102112e+00 1.001085820638961232e+00 9.789694857282179585e-01 9.958816665915064537e-01 7.438582273257099246e-03
4.567301270168746541e+00 9.055799118032932249e-01 9.791011221659248198e-01 9.959761856196112095e-01 7.421405988892391427e-03
4.620241371751313331e+00 9.499372539409148830e-01 9.791795623070734811e-01 9.960685200384356008e-01 7.426874592537514690e-03
4.673795107992464004e+00 9.577387289446241958e-01 9.791410405679383810e-01 9.961587210374636125e-01 7.483287069478799375e-03
4.727969591600390764e+00 1.030546465094038577e+00 9.791729500451153978e-01 9.962468385749945199e-01 7.507548796327185789e-03
4.782772017727485725e+00 1.027008792382193780e+00 9.792306752058705932e-01 9.963329214091949382e-01 7.519471118600508548e-03
4.838209664925956943e+00 9.981376192628353961e-01 9.792206101334515189e-01 9.964170171283019961e-01 7.560590242462007782e-03
4.894289896114531579e+00 9.744794525493678528e-01 9.794520129501803618e-01 9.964991721800091629e-01 7.493779129359732019e-03
4.951020159556350997e+00 9.930387476196699259e-01 9.799408836229144271e-01 9.965794319000516044e-01 7.312042627276580005e-03
5.008407989848212338e+00 9.145726793173102331e-01 9.808069909532919350e-01 9.966578405400190466e-01 6.962534899140143674e-03
5.066461008921268494e+00 9.361340401786411025e-01 9.820063415663268236e-01 9.967344412944183496e-01 6.465172821719685284e-03
5.125186927053333008e+00 1.034557595646925066e+00 9.837491857297029352e-01 9.968092763270117729e-01 5.727684994598795931e-03
5.184593543892913381e+00 8.941478683599036748e-01 9.859657324345492135e-01 9.968823867964480279e-01 4.782101671850095929e-03
5.244688749495119318e+00 9.935205043067232289e-01 9.887520560642704126e-01 9.969538128812112099e-01 3.587639075285404319e-03
5.305480525369573819e+00 1.032768444012847286e+00 9.917543946319772319e-01 9.970235938039031520e-01 2.301302098385690949e-03
5.366976945540476329e+00 1.080246223124766924e+00 9.947243252172062178e-01 9.970917678548842922e-01 1.032392259022643210e-03
5.429186177618943177e+00 9.527617700043892190e-01 9.976696982072473796e-01 9.971583724152879302e-01 2.226417183882851232e-04
5.492116483887789613e+00 9.492561628808033891e-01 1.000343198907130748e+00 9.972234439794300798e-01 1.356543929497685619e-03
5.555776222398877806e+00 1.047270138695058916e+00 1.002589906461796021e+00 9.972870181766240183e-01 2.303162249201877541e-03
5.620173848083187984e+00 1.002662099075317670e+00 1.004293522008098405e+00 9.973491297924321763e-01 3.013448296591904850e-03
5.685317913873753071e+00 1.066276086146231261e+00 1.005338118167618200e+00 9.974098127893553656e-01 3.438512865521758336e-03
5.751217071841614015e+00 9.675646911866928601e-01 1.005843456683669812e+00 9.974691003269851031e-01 3.630944085363239145e-03
5.817880074344935259e+00 1.093018878897984658e+00 1.005778977703109200e+00 9.975270247816310221e-01 3.577883642121779811e-03
5.885315775191449994e+00 9.726759707989911519e-01 1.005195650864499690e+00 9.975836177654391346e-01 3.301292300441095121e-03
5.953533130814370189e+00 1.023238200674760678e+00 1.004316282427539564e+00 9.976389101450220398e-01 2.897124471885248378e-03
6.022541201461927507e+00 9.821152182525106911e-01 1.003329703204444590e+00 9.976929320595968598e-01 2.446774000458085043e-03
6.092349152400711176e+00 9.672270909047824272e-01 1.002360436863470428e+00 9.977457129386633206e-01 2.004046327766587955e-03
6.162966255132942273e+00 9.430556153812212905e-01 1.001451223476830465e+00 9.977972815192341915e-01 1.587485089849279734e-03
6.234401888627863819e+00 1.129272167349820055e+00 1.000926849888191361e+00 9.978476658626080908e-01 1.338093595284007902e-03
6.306665540567405692e+00 1.047495628261449596e+00 1.000685214437218029e+00 9.978968933707312861e-01 1.211812348267171657e-03
6.379766808606282424e+00 9.037193799203318001e-01 1.000850506141617524e+00 9.979449908021285065e-01 1.262610576959118233e-03
6.453715401646701544e+00 9.590972773809515184e-01 1.001307524142279304e+00 9.979919842874431790e-01 1.440426486781988492e-03
6.528521141127847649e+00 9.263369614440337685e-01 1.002146966275214934e+00 9.980378993445646607e-01 1.784382668709843080e-03
6.604193962330305645e+00 1.037771285912958641e+00 1.002904672130329411e+00 9.980827608933926509e-01 2.093100097880492422e-03
6.680743915695614987e+00 1.052947240837952991e+00 1.003471954127346688e+00 9.981265932702145793e-01 2.319612237747977097e-03
6.758181168161110364e+00 1.027555892779086433e+00 1.003728792974461825e+00 9.981694202417221717e-01 2.412121746650159378e-03
6.836516004510238886e+00 1.100282949120265474e+00 1.003408651336685109e+00 9.982112650186885094e-01 2.255374512098836954e-03
6.915758828738525210e+00 1.017099928924408037e+00 1.002525649136394303e+00 9.982521502692771609e-01 1.855238297178137506e-03
6.995920165435374649e+00 9.286736772292852882e-01 1.001161884080804088e+00 9.982920981320484444e-01 1.246673410550022589e-03
7.077010661181889262e+00 1.016295457149697379e+00 9.995138059275483489e-01 9.983311302286113076e-01 5.141836392123881865e-04
7.159041085964887863e+00 1.027923423015451476e+00 9.976093980635075686e-01 9.983692676759805540e-01 3.306720670620383849e-04
7.242022334607315592e+00 1.052620788822208997e+00 9.958820587477309472e-01 9.984065310986169894e-01 1.099504858912351462e-03
7.325965428215230446e+00 9.380174321122936032e-01 9.945170047722485807e-01 9.984429406401653662e-01 1.711037387493502451e-03
7.410881515641570161e+00 9.385812774896391542e-01 9.936387034368993065e-01 9.984785159749134387e-01 2.110225235394606012e-03
7.496781874966877091e+00 9.259943351467445627e-01 9.931484170027700120e-01 9.985132763189528138e-01 2.339688954415607234e-03
7.583677914997190683e+00 9.805719816039760728e-01 9.933985516568096807e-01 9.985472404410755676e-01 2.245093331931368331e-03
7.671581176779302069e+00 9.543733309519873975e-01 9.940334415932972068e-01 9.985804266733901979e-01 1.982053812450137228e-03
7.760503335133570602e+00 1.114891589624833701e+00 9.949084315448808447e-01 9.986128529216895533e-01 1.614040067575401400e-03
7.850456200204509294e+00 9.623825052521648438e-01 9.957234960123985124e-01 9.986445366755503095e-01 1.272175173038974814e-03
7.941451719029339884e+00 1.052481520653087754e+00 9.963318660237118207e-01 9.986754950181948587e-01 1.020372784600887591e-03
8.033501977124734239e+00 1.064512992420077131e+00 9.966702667654130376e-01 9.987057446361091717e-01 8.860456463916839033e-04
8.126619200091946382e+00 9.808827187788283775e-01 9.967173880359447846e-01 9.987353018284172990e-01 8.783662255839787963e-04
8.220815755240540312e+00 9.086505817778922633e-01 9.964804149437100911e-01 9.987641825160371578e-01 9.941919792816685149e-04
8.316104153230961415e+00 1.070251359278621139e+00 9.960849873700381440e-01 9.987924022506042832e-01 1.178835422067725210e-03
8.412497049736117560e+00 1.022571505030777761e+00 9.956988791835840180e-01 9.988199762231901868e-01 1.359201317654712199e-03
8.510007247122246099e+00 9.026890919846243255e-01 9.952206339484354070e-01 9.988469192727909007e-01 1.579562778313864380e-03
8.608647696149244410e+00 9.884376481195497055e-01 9.946996323284529318e-01 9.988732458946258941e-01 1.818423604473421405e-03
8.708431497690723333e+00 1.019244425214370642e+00 9.940276685194140427e-01 9.988989702482249378e-01 2.123092373400249557e-03
8.809371904473991322e+00 9.834021636302600067e-01 9.931038224530741587e-01 9.989241061653251208e-01 2.537840213960034993e-03
8.911482322840202031e+00 8.998453107536958928e-01 9.916425245427213930e-01 9.989486671575711352e-01 3.188029449021810395e-03
9.014776314524917566e+00 1.146273329030634613e+00 9.894816675957629482e-01 9.989726664240354825e-01 4.145853038162299400e-03
9.119267598459298796e+00 9.866483130635643750e-01 9.864861367994296470e-01 9.989961168585523854e-01 5.472813665762066120e-03
9.224970052592174952e+00 1.122430280353250653e+00 9.827246022145548210e-01 9.990190310568802801e-01 7.141932883798299443e-03
9.331897715733239451e+00 9.606621423133739901e-01 9.782449381443704128e-01 9.990414213236766816e-01 9.135885557990287495e-03
9.440064789417602853e+00 9.887971983271263143e-01 9.734857212495848788e-01 9.990632996793353815e-01 1.126341975170088577e-02
9.549485639791965852e+00 9.522115650751213911e-01 9.686255134728117833e-01 9.990846778666240269e-01 1.344639448550142072e-02
9.660174799522645017e+00 9.164739159291317439e-01 9.640843693532622494e-01 9.991055673571884732e-01 1.549633728953255657e-02
9.772146969725724830e+00 9.155721066894575433e-01 9.602177185038455187e-01 9.991259793578870507e-01 1.725053611485177427e-02
9.885417021919574054e+00 8.678830752036855722e-01 9.572258602981021935e-01 9.991459248169805019e-01 1.861449842669384014e-02
1.000000000000000000e+01 9.609053876155914109e-01 9.550959282168950404e-01 9.991654144301738150e-01 1.959039918148849577e-02
