# tau=t/t_H SFF SFF_smoothed GOE_connected DeltaK_abs_log10_ratio
1.000000000000000048e-04 1.323978865322667673e+02 1.323946156312400149e+02 1.999800019997333795e-04 5.820883754713756630e+00
1.011591112223829728e-04 1.323963299620141925e+02 1.323936988777479939e+02 2.022977581832760541e-04 5.815876245813909051e+00
1.023316578330244966e-04 1.323947371143183034e+02 1.323926387886874352e+02 2.046423742725537011e-04 5.810868272536081847e+00
1.035177955630176228e-04 1.323931071440893561e+02 1.323914391276387335e+02 2.070141614763123497e-04 5.805859847282566655e+00
1.047176819485520245e-04 1.323914391865688174e+02 1.323901075739955502e+02 2.094134346075829226e-04 5.800850995300904422e+00
1.059314763518370031e-04 1.323897323568742479e+02 1.323886546333721981e+02 2.118405121253895179e-04 5.795841751110372364e+00
1.071593399822671198e-04 1.323879857495302304e+02 1.323870923622430666e+02 2.142957161769398083e-04 5.790832154318984237e+00
1.084014359178331018e-04 1.323861984379910268e+02 1.323854331177471693e+02 2.167793726403025999e-04 5.785822245522811436e+00
1.096579291267809898e-04 1.323843694741510149e+02 1.323836885073578458e+02 2.192918111675785128e-04 5.780812062860680278e+00
1.109289864895222780e-04 1.323824978878436980e+02 1.323818686460031699e+02 2.218333652285692595e-04 5.775801639577188062e+00
1.122147768207980290e-04 1.323805826863307686e+02 1.323799817520601607e+02 2.244043721549514021e-04 5.770791002697183814e+00
1.135154708920999033e-04 1.323786228537760223e+02 1.323780340484857732e+02 2.270051731849600921e-04 5.765780172701136408e+00
1.148312414543511137e-04 1.323766173507113422e+02 1.323760298937507685e+02 2.296361135085894041e-04 5.760769163954343242e+00
1.161622632608501891e-04 1.323745651134864829e+02 1.323739720523699930e+02 2.322975423133139818e-04 5.755757985594107673e+00
1.175087130904807617e-04 1.323724650537089360e+02 1.323718620220262778e+02 2.349898128303393684e-04 5.750746642602652337e+00
1.188707697711903309e-04 1.323703160576689299e+02 1.323697003547798658e+02 2.377132823813860615e-04 5.745735136860676384e+00
1.202486142037412301e-04 1.323681169857528062e+02 1.323674869344960427e+02 2.404683124260139629e-04 5.740723468057369772e+00
1.216424293857368039e-04 1.323658666718414452e+02 1.323652219380260533e+02 2.432552686094931291e-04 5.735711636843901395e+00
1.230524004359261579e-04 1.323635639226954481e+02 1.323629041643553705e+02 2.460745208112275753e-04 5.730699639351301222e+00
1.244787146187906256e-04 1.323612075173263918e+02 1.323605323845404484e+02 2.489264431937378481e-04 5.725687471619410829e+00
1.259215613694150942e-04 1.323587962063531620e+02 1.323581053410597406e+02 2.518114142522093635e-04 5.720675129594740227e+00
1.273811323186478520e-04 1.323563287113427123e+02 1.323556217471512753e+02 2.547298168646127152e-04 5.715662609128277616e+00
1.288576213185518003e-04 1.323538037241384018e+02 1.323530802861356790e+02 2.576820383424025126e-04 5.710649905973255613e+00
1.303512244681508938e-04 1.323512199061684100e+02 1.323504796107217487e+02 2.606684704818018248e-04 5.705637015782852650e+00
1.318621401394748458e-04 1.323485758877427827e+02 1.323478183422966197e+02 2.636895096156779473e-04 5.700623934107849955e+00
1.333905690039058638e-04 1.323458702673308665e+02 1.323450950702003581e+02 2.667455566660177873e-04 5.695610656394225479e+00
1.349367140588306430e-04 1.323431016108244478e+02 1.323423083509837852e+02 2.698370171970083421e-04 5.690597177980703414e+00
1.365007806546013845e-04 1.323402684507817924e+02 1.323394567076474857e+02 2.729643014687300768e-04 5.685583494096233537e+00
1.380829765218092263e-04 1.323373692856563935e+02 1.323365386288655259e+02 2.761278244914698696e-04 5.680569599857418162e+00
1.396835117988739626e-04 1.323344025790065359e+02 1.323335525681898162e+02 2.793280060806610596e-04 5.675555490265878689e+00
1.413025990599533599e-04 1.323313667586870395e+02 1.323304969432375628e+02 2.825652709124569940e-04 5.670541160205559983e+00
1.429404533431761061e-04 1.323282602160227270e+02 1.323273701348580005e+02 2.858400485799463138e-04 5.665526604439969915e+00
1.445972921792019463e-04 1.323250813049626231e+02 1.323241704862817301e+02 2.891527736500166482e-04 5.660511817609356733e+00
1.462733356201129868e-04 1.323218283412141432e+02 1.323208963022502189e+02 2.925038857208746290e-04 5.655496794227817148e+00
1.479688062686396383e-04 1.323184996013594059e+02 1.323175458481243254e+02 2.958938294802293295e-04 5.650481528680343146e+00
1.496839293077255632e-04 1.323150933219478418e+02 1.323141173489736957e+02 2.993230547641470953e-04 5.645466015219788858e+00
1.514189325304352018e-04 1.323116076985721463e+02 1.323106089886437928e+02 3.027920166165852479e-04 5.640450247963777919e+00
1.531740463702079740e-04 1.323080408849188530e+02 1.323070189088030872e+02 3.063011753496128480e-04 5.635434220891530011e+00
1.549495039314631646e-04 1.323043909918003465e+02 1.323033452079673395e+02 3.098509966043256183e-04 5.630417927840621672e+00
1.567455410205595065e-04 1.323006560861635421e+02 1.322995859405014869e+02 3.134419514124640264e-04 5.625401362503655633e+00
1.585623961771137158e-04 1.322968341900746907e+02 1.322957391155993605e+02 3.170745162587414656e-04 5.620384518424873299e+00
1.604003107056819902e-04 1.322929232796825829e+02 1.322918026962391878e+02 3.207491731438919663e-04 5.615367388996669540e+00
1.622595287078087002e-04 1.322889212841577091e+02 1.322877745981159876e+02 3.244664096484443775e-04 5.610349967456037312e+00
1.641402971144466361e-04 1.322848260846064079e+02 1.322836526885490116e+02 3.282267189972323958e-04 5.605332246880923464e+00
1.660428657187529582e-04 1.322806355129605151e+02 1.322794347853640033e+02 3.320306001246483034e-04 5.600314220186497494e+00
1.679674872092653225e-04 1.322763473508420589e+02 1.322751186557507879e+02 3.358785577406489791e-04 5.595295880121343046e+00
1.699144172034625999e-04 1.322719593284008681e+02 1.322707020150933488e+02 3.397711023975232372e-04 5.590277219263545483e+00
1.718839142817145534e-04 1.322674691231273414e+02 1.322661825257744397e+02 3.437087505574287316e-04 5.585258230016701297e+00
1.738762400216250527e-04 1.322628743586367364e+02 1.322615577959526263e+02 3.476920246607074268e-04 5.580238904605824501e+00
1.758916590327732731e-04 1.322581726034248106e+02 1.322568253783110208e+02 3.517214531949887954e-04 5.575219235073163304e+00
1.779304389918577296e-04 1.322533613695989061e+02 1.322519827687768554e+02 3.557975707650890365e-04 5.570199213273912875e+00
1.799928506782476454e-04 1.322484381115752115e+02 1.322470274052137995e+02 3.599209181637167787e-04 5.565178830871833071e+00
1.820791680099462359e-04 1.322434002247493368e+02 1.322419566660828991e+02 3.640920424429929100e-04 5.560158079334762249e+00
1.841896680799710861e-04 1.322382450441365336e+02 1.322367678690731907e+02 3.683114969867951061e-04 5.555136949930024493e+00
1.863246311931559835e-04 1.322329698429793154e+02 1.322314582697012497e+02 3.725798415839356222e-04 5.550115433719725822e+00
1.884843409033795474e-04 1.322275718313252355e+02 1.322260250598796176e+02 3.768976425021829200e-04 5.545093521555950922e+00
1.906690840512252085e-04 1.322220481545706150e+02 1.322204653664514638e+02 3.812654725631356933e-04 5.540071204075833755e+00
1.928791508020777693e-04 1.322163958919726952e+02 1.322147762496923349e+02 3.856839112179594859e-04 5.535048471696523364e+00
1.951148346846616412e-04 1.322106120551270294e+02 1.322089547017789641e+02 3.901535446239965256e-04 5.530025314610024445e+00
1.973764326300255292e-04 1.322046935864104000e+02 1.322029976452215294e+02 3.946749657222570142e-04 5.525001722777925117e+00
1.996642450109793374e-04 1.321986373573889182e+02 1.321969019312613511e+02 3.992487743158042342e-04 5.519977685925988808e+00
2.019785756819878484e-04 1.321924401671894032e+02 1.321906643382323239e+02 4.038755771490413322e-04 5.514953193538631560e+00
2.043197320195270594e-04 1.321860987408342396e+02 1.321842815698851155e+02 4.085559879879120844e-04 5.509928234853263440e+00
2.066880249629082160e-04 1.321796097275383488e+02 1.321777502536731674e+02 4.132906277010250777e-04 5.504902798854497625e+00
2.090837690555749911e-04 1.321729696989680178e+02 1.321710669389996440e+02 4.180801243417118758e-04 5.499876874268224469e+00
2.115072824868794756e-04 1.321661751474599384e+02 1.321642280954261537e+02 4.229251132310303941e-04 5.494850449555547023e+00
2.139588871343421563e-04 1.321592224841991197e+02 1.321572301108391514e+02 4.278262370417234553e-04 5.489823512906576219e+00
2.164389086064020347e-04 1.321521080373587154e+02 1.321500692895761517e+02 4.327841458831445626e-04 5.484796052234072405e+00
2.189476762856620634e-04 1.321448280501935528e+02 1.321427418505093669e+02 4.377994973871608101e-04 5.479768055166948315e+00
2.214855233726359179e-04 1.321373786790944962e+02 1.321352439250864848e+02 4.428729567950449105e-04 5.474739509043612173e+00
2.240527869300018224e-04 1.321297559915971362e+02 1.321275715553259147e+02 4.480051970453672368e-04 5.469710400905158920e+00
2.266498079273692845e-04 1.321219559643453465e+02 1.321197206917693734e+02 4.531968988628995334e-04 5.464680717488396233e+00
2.292769312865648647e-04 1.321139744810105014e+02 1.321116871913860393e+02 4.584487508485416253e-04 5.459650445218715120e+00
2.319345059274427543e-04 1.321058073301620368e+02 1.321034668154307212e+02 4.637614495702829451e-04 5.454619570202782874e+00
2.346228848142262321e-04 1.320974502030933877e+02 1.320950552272545906e+02 4.691356996552108020e-04 5.449588078221075271e+00
2.373424250023866149e-04 1.320888986915941530e+02 1.320864479900655510e+02 4.745722138825771044e-04 5.444555954720222246e+00
2.400934876860651764e-04 1.320801482856777511e+02 1.320776405646388127e+02 4.800717132779357848e-04 5.439523184805185707e+00
2.428764382460450548e-04 1.320711943712546486e+02 1.320686283069771036e+02 4.856349272083631814e-04 5.434489753231241949e+00
2.456916462982790305e-04 1.320620322277546848e+02 1.320594064659172773e+02 4.912625934787734090e-04 5.429455644395783764e+00
2.485394857429798422e-04 1.320526570256964760e+02 1.320499701806847668e+02 4.969554584293418929e-04 5.424420842329929826e+00
2.514203348142796828e-04 1.320430638242027044e+02 1.320403144783919629e+02 5.027142770340490468e-04 5.419385330689928004e+00
2.543345761304648361e-04 1.320332475684589610e+02 1.320304342714826760e+02 5.085398130003566160e-04 5.414349092748370396e+00
2.572825967447932359e-04 1.320232030871169400e+02 1.320203243551181345e+02 5.144328388700315953e-04 5.409312111385188970e+00
2.602647881969004482e-04 1.320129250896405040e+02 1.320099794045056001e+02 5.203941361211270435e-04 5.404274369078450491e+00
2.632815465648020189e-04 1.320024081635912694e+02 1.319993939721674110e+02 5.264244952711378493e-04 5.399235847894923168e+00
2.663332725174980963e-04 1.319916467718545050e+02 1.319885624851502257e+02 5.325247159813399026e-04 5.394196529480433711e+00
2.694203713681882413e-04 1.319806352498043793e+02 1.319774792421709151e+02 5.386956071623296956e-04 5.389156395049989889e+00
2.725432531281027707e-04 1.319693678024057704e+02 1.319661384107010349e+02 5.449379870807771449e-04 5.384115425377672182e+00
2.757023325609582747e-04 1.319578385012514445e+02 1.319545340239851612e+02 5.512526834674043221e-04 5.379073600786289155e+00
2.788980292380439777e-04 1.319460412815355710e+02 1.319426599779953619e+02 5.576405336262050530e-04 5.374030901136787719e+00
2.821307675939470740e-04 1.319339699389586542e+02 1.319305100283167747e+02 5.641023845449193727e-04 5.368987305817417344e+00
2.854009769829237591e-04 1.319216181265652210e+02 1.319180777869652843e+02 5.706390930067781241e-04 5.363942793732631387e+00
2.887090917359234400e-04 1.319089793515124995e+02 1.319053567191362788e+02 5.772515257035287567e-04 5.358897343291741500e+00
2.920555512182745244e-04 1.318960469717671913e+02 1.318923401398802184e+02 5.839405593497619526e-04 5.353850932397286044e+00
2.954407998880379709e-04 1.318828141927299669e+02 1.318790212107066964e+02 5.907070807985491607e-04 5.348803538433140936e+00
2.988652873550382482e-04 1.318692740637873726e+02 1.318653929361140626e+02 5.975519871584092542e-04 5.343755138252342718e+00
3.023294684405776131e-04 1.318554194747865154e+02 1.318514481600430202e+02 6.044761859116172141e-04 5.338705708164626529e+00
3.058338032378431388e-04 1.318412431524343162e+02 1.318371795622527998e+02 6.114805950338720762e-04 5.333655223923668309e+00
3.093787571730136510e-04 1.318267376566181213e+02 1.318225796546186643e+02 6.185661431153371536e-04 5.328603660714028578e+00
3.129648010670750265e-04 1.318118953766453956e+02 1.318076407773486949e+02 6.257337694830710732e-04 5.323550993137786236e+00
3.165924111983520412e-04 1.317967085274030126e+02 1.317923550951195466e+02 6.329844243248628540e-04 5.318497195200865946e+00
3.202620693657650080e-04 1.317811691454333527e+02 1.317767145931269113e+02 6.403190688144881583e-04 5.313442240299024455e+00
3.239742629528195514e-04 1.317652690849242560e+02 1.317607110730522777e+02 6.477386752384031937e-04 5.308386101203528717e+00
3.277294849923381931e-04 1.317490000136134256e+02 1.317443361489411870e+02 6.552442271238911225e-04 5.303328750046476969e+00
3.315282342319423150e-04 1.317323534086055474e+02 1.317275812429938924e+02 6.628367193686799481e-04 5.298270158305784960e+00
3.353710152002928996e-04 1.317153205520980634e+02 1.317104375812658930e+02 6.705171583720454355e-04 5.293210296789814251e+00
3.392583382740992125e-04 1.316978925270153127e+02 1.316928961892747054e+02 6.782865621674184688e-04 5.288149135621639019e+00
3.431907197459042598e-04 1.316800602125506998e+02 1.316749478875143495e+02 6.861459605565126780e-04 5.283086644222935391e+00
3.471686818926559680e-04 1.316618142796121163e+02 1.316565832868732855e+02 6.940963952449906568e-04 5.278022791297498628e+00
3.511927530450727588e-04 1.316431451861710116e+02 1.316377927839549216e+02 7.021389199796836253e-04 5.272957544814364184e+00
3.552634676578139260e-04 1.316240431725136091e+02 1.316185665562990152e+02 7.102746006873862216e-04 5.267890871990533519e+00
3.593813663804625697e-04 1.316044982563894621e+02 1.315988945575016658e+02 7.185045156152400836e-04 5.262822739273290473e+00
3.635469961293317630e-04 1.315845002280589142e+02 1.315787665122319083e+02 7.268297554727271449e-04 5.257753112322098410e+00
3.677609101601030626e-04 1.315640386452357973e+02 1.315581719111434325e+02 7.352514235752898855e-04 5.252681955990066598e+00
3.720236681413065759e-04 1.315431028279237751e+02 1.315371000056805144e+02 7.437706359895959914e-04 5.247609234304991155e+00
3.763358362286532656e-04 1.315216818531437752e+02 1.315155398027721105e+02 7.523885216804686738e-04 5.242534910449922592e+00
3.806979871402283821e-04 1.314997645495517986e+02 1.314934800594182320e+02 7.611062226594977193e-04 5.237458946743299038e+00
3.851107002325568655e-04 1.314773394919450595e+02 1.314709092771618373e+02 7.699248941353541457e-04 5.232381304618593632e+00
3.895745615775500948e-04 1.314543949956521374e+02 1.314478156964461846e+02 7.788457046658246209e-04 5.227301944603481410e+00
3.940901640403447737e-04 1.314309191108078778e+02 1.314241872908549169e+02 7.878698363115875427e-04 5.222220826298518581e+00
3.986581073580438726e-04 1.314068996165103727e+02 1.314000117612334577e+02 7.969984847917480205e-04 5.217137908355306664e+00
4.032789982193705223e-04 1.313823240148573461e+02 1.313752765296897280e+02 8.062328596411544182e-04 5.212053148454147689e+00
4.079534503452448896e-04 1.313571795248586795e+02 1.313499687334709449e+02 8.155741843695136963e-04 5.206966503281162950e+00
4.126820845702952015e-04 1.313314530762267225e+02 1.313240752187165583e+02 8.250236966223281057e-04 5.201877928504874404e+00
4.174655289253134888e-04 1.313051313030382232e+02 1.312975825340820393e+02 8.345826483436727481e-04 5.196787378752221187e+00
4.223044187206672164e-04 1.312782005372683614e+02 1.312704769242351404e+02 8.442523059408347120e-04 5.191694807584013027e+00
4.271993966306776428e-04 1.312506468021936143e+02 1.312427443232189432e+02 8.540339504508355755e-04 5.186600167469801903e+00
4.321511127789761839e-04 1.312224558056617525e+02 1.312143703476831433e+02 8.639288777088571184e-04 5.181503409762148848e+00
4.371602248248502198e-04 1.311936129332262908e+02 1.311853402899774039e+02 8.739383985185937695e-04 5.176404484670282358e+00
4.422273980505897289e-04 1.311641032411453125e+02 1.311556391111086270e+02 8.840638388245508714e-04 5.171303341233134176e+00
4.473533054498462949e-04 1.311339114492381839e+02 1.311252514335566559e+02 8.943065398863129416e-04 5.166199927291723171e+00
4.525386278170166862e-04 1.311030219336025482e+02 1.310941615339487782e+02 9.046678584548037199e-04 5.161094189460890824e+00
4.577840538376616304e-04 1.310714187191885571e+02 1.310623533355895916e+02 9.151491669505586049e-04 5.155986073100358169e+00
4.630902801799736631e-04 1.310390854722242864e+02 1.310298104008437292e+02 9.257518536440346307e-04 5.150875522285092600e+00
4.684580115873045137e-04 1.310060054924956603e+02 1.309965159233705663e+02 9.364773228379794524e-04 5.145762479774972142e+00
4.738879609717650920e-04 1.309721617054757701e+02 1.309624527202081197e+02 9.473269950518823247e-04 5.140646886983716080e+00
4.793808495089107069e-04 1.309375366543012262e+02 1.309276032237035281e+02 9.583023072085320110e-04 5.135528683947088169e+00
4.849374067335233355e-04 1.309021124915950907e+02 1.308919494732890882e+02 9.694047128227027644e-04 5.130407809290325361e+00
4.905583706365045484e-04 1.308658709711322103e+02 1.308554731071001243e+02 9.806356821919952685e-04 5.125284200194795581e+00
4.962444877628913436e-04 1.308287934393482885e+02 1.308181553534353156e+02 9.919967025898547650e-04 5.120157792363857041e+00
5.019965133110079530e-04 1.307908608266856163e+02 1.307799770220543678e+02 1.003489278460790004e-03 5.115028519987903088e+00
5.078152112327670659e-04 1.307520536387782499e+02 1.307409184953125987e+02 1.015114931617820552e-03 5.109896315708562398e+00
5.137013543351339135e-04 1.307123519474721149e+02 1.307009597191318164e+02 1.026875201442176535e-03 5.104761110582048289e+00
5.196557243827657369e-04 1.306717353816787579e+02 1.306600801938013490e+02 1.038771645085271840e-03 5.099622834041627861e+00
5.256791122018419265e-04 1.306301831180595627e+02 1.306182589646122096e+02 1.050805837672984288e-03 5.094481413859186958e+00
5.317723177850966487e-04 1.305876738715425631e+02 1.305754746123199084e+02 1.062979372512260975e-03 5.089336776105879423e+00
5.379361503980697925e-04 1.305441858856631825e+02 1.305317052434333789e+02 1.075293861300079820e-03 5.084188845111822452e+00
5.441714286865887004e-04 1.304996969227354384e+02 1.304869284803311018e+02 1.087750934334789834e-03 5.079037543424833601e+00
5.504789807854967333e-04 1.304541842538435219e+02 1.304411214511991375e+02 1.100352240729861797e-03 5.073882791768163258e+00
5.568596444286409188e-04 1.304076246486600894e+02 1.303942607797934556e+02 1.113099448630070366e-03 5.068724508997220823e+00
5.633142670601351629e-04 1.303599943650825708e+02 1.303463225750207641e+02 1.125994245430138188e-03 5.063562612055250156e+00
5.698437059469136636e-04 1.303112691386915571e+02 1.302972824203405651e+02 1.139038337995871945e-03 5.058397015927942775e+00
5.764488282925873171e-04 1.302614241720263806e+02 1.302471153629832941e+02 1.152233452887810273e-03 5.053227633596954149e+00
5.831305113526218760e-04 1.302104341236779703e+02 1.301957959029859069e+02 1.165581336587420865e-03 5.048054375992292009e+00
5.898896425508493501e-04 1.301582730971982755e+02 1.301432979820427818e+02 1.179083755725869294e-03 5.042877151943566005e+00
5.967271195973310833e-04 1.301049146298241226e+02 1.300895949721700333e+02 1.192742497315388414e-03 5.037695868130047216e+00
6.036438506075863814e-04 1.300503316810146544e+02 1.300346596641850283e+02 1.206559368983281706e-03 5.032510429029530385e+00
6.106407542232036075e-04 1.299944966208018968e+02 1.299784642559959025e+02 1.220536199208584888e-03 5.027320736865942941e+00
6.177187597338488134e-04 1.299373812179538845e+02 1.299209803407047730e+02 1.234674837561417415e-03 5.022126691555700795e+00
6.248788072006888211e-04 1.298789566279496626e+02 1.298621788945213495e+02 1.248977154945055124e-03 5.016928190652748754e+00
6.321218475812448011e-04 1.298191933807645171e+02 1.298020302644883657e+02 1.263445043840752402e-03 5.011725129292276648e+00
6.394488428556943443e-04 1.297580613684687307e+02 1.297405041560159589e+02 1.278080418555345996e-03 5.006517400133057905e+00
6.468607661546327617e-04 1.296955298326336958e+02 1.296775696202289510e+02 1.292885215471664510e-03 5.001304893298399001e+00
6.543586018883235361e-04 1.296315673515531159e+02 1.296131950411232481e+02 1.307861393301793700e-03 4.996087496315633203e+00
6.619433458774394430e-04 1.295661418272728156e+02 1.295473481225339754e+02 1.323010933343203837e-03 4.990865094054155904e+00
6.696160054853222054e-04 1.294992204724338478e+02 1.294799958749159714e+02 1.338335839737787511e-03 4.985637568661936747e+00
6.773775997517752102e-04 1.294307697969287290e+02 1.294111046019362163e+02 1.353838139733838652e-03 4.980404799500490753e+00
6.852291595284064167e-04 1.293607555943701186e+02 1.293406398868804672e+02 1.369519883950999018e-03 4.975166663078249840e+00
6.931717276155407569e-04 1.292891429283768048e+02 1.292685665788748111e+02 1.385383146648211166e-03 4.969923032982314304e+00
7.012063589007183975e-04 1.292158961186739248e+02 1.291948487789234434e+02 1.401430025994707639e-03 4.964673779808519427e+00
7.093341204987996815e-04 1.291409787270141862e+02 1.291194498257663952e+02 1.417662644344072111e-03 4.959418771089799449e+00
7.175560918936927952e-04 1.290643535429177291e+02 1.290423322815566394e+02 1.434083148511403538e-03 4.954157871222787612e+00
7.258733650817253023e-04 1.289859825692370805e+02 1.289634579173613247e+02 1.450693710053622531e-03 4.948890941392603438e+00
7.342870447166765678e-04 1.289058270075462644e+02 1.288827876984901479e+02 1.467496525552948808e-03 4.943617839495808575e+00
7.427982482564918871e-04 1.288238472433613993e+02 1.288002817696506384e+02 1.484493816903589836e-03 4.938338420061439749e+00
7.514081061116969704e-04 1.287400028311922711e+02 1.287158994399416372e+02 1.501687831601672104e-03 4.933052534170116132e+00
7.601177617955330547e-04 1.286542524794315909e+02 1.286295991676784638e+02 1.519080843038454710e-03 4.927760029371127892e+00
7.689283720758312941e-04 1.285665540350862273e+02 1.285413385450650878e+02 1.536675150796857139e-03 4.922460749597494356e+00
7.778411071286489781e-04 1.284768644683541368e+02 1.284510742827101240e+02 1.554473080951341776e-03 4.917154535078898547e+00
7.868571506936851423e-04 1.283851398570526214e+02 1.283587621939968244e+02 1.572476986371184769e-03 4.911841222252477657e+00
7.959777002314985571e-04 1.282913353709045339e+02 1.282643571793113324e+02 1.590689247027174706e-03 4.906520643671386850e+00
8.052039670825478267e-04 1.281954052556895363e+02 1.281678132101358187e+02 1.609112270301776620e-03 4.901192627911097333e+00
8.145371766280745229e-04 1.280973028172640795e+02 1.280690833130145165e+02 1.627748491302797749e-03 4.895856999473354954e+00
8.239785684528520143e-04 1.279969804054621676e+02 1.279681195533984095e+02 1.646600373180595383e-03 4.890513578687745166e+00
8.335293965098195066e-04 1.278943893978821364e+02 1.278648730193803971e+02 1.665670407448864750e-03 4.885162181610798626e+00
8.431909292866259040e-04 1.277894801835694238e+02 1.277592938053258109e+02 1.684961114309046614e-03 4.879802619922573470e+00
8.529644499741025759e-04 1.276822021466035721e+02 1.276513309954108735e+02 1.704475042978393197e-03 4.874434700820643229e+00
8.628512566366895297e-04 1.275725036496027087e+02 1.275409326470796145e+02 1.724214772021732955e-03 4.869058226911428200e+00
8.728526623848379762e-04 1.274603320171536751e+02 1.274280457744277300e+02 1.744182909686978243e-03 4.863672996098787671e+00
8.829699955494092365e-04 1.273456335191798985e+02 1.273126163315295969e+02 1.764382094244409038e-03 4.858278801469815278e+00
8.932045998580968784e-04 1.272283533542624809e+02 1.271945891957168584e+02 1.784814994329780857e-03 4.852875431177746002e+00
9.035578346138930074e-04 1.271084356329242553e+02 1.270739081508265684e+02 1.805484309291297646e-03 4.847462668321909973e+00
9.140310748756232161e-04 1.269858233608943010e+02 1.269505158704305643e+02 1.826392769540486488e-03 4.842040290824641602e+00
9.246257116405742597e-04 1.268604584223671736e+02 1.268243539010627075e+02 1.847543136907025532e-03 4.836608071305068535e+00
9.353431520292386373e-04 1.267322815632726503e+02 1.266953626454621400e+02 1.868938204997558535e-03 4.831165776949700508e+00
9.461848194722001460e-04 1.266012323745753179e+02 1.265634813458470376e+02 1.890580799558548054e-03 4.825713169379711509e+00
9.571521538991865398e-04 1.264672492756206310e+02 1.264286480672422783e+02 1.912473778843204811e-03 4.820250004514845088e+00
9.682466119303123836e-04 1.263302694975494802e+02 1.262907996808765034e+02 1.934620033982542000e-03 4.814776032433838893e+00
9.794696670695395360e-04 1.261902290667999438e+02 1.261498718476736371e+02 1.957022489360595117e-03 4.809290997231277842e+00
9.908228099003797609e-04 1.260470627887208650e+02 1.260057990018583070e+02 1.979684102993858018e-03 4.803794636870763135e+00
1.002307548283865382e-03 1.259007042313176044e+02 1.258585143347030169e+02 2.002607866914974267e-03 4.798286683034322486e+00
1.013925407558815411e-03 1.257510857091594971e+02 1.257079497784368982e+02 2.025796807560735577e-03 4.792766860967919484e+00
1.025677930744421868e-03 1.255981382674718958e+02 1.255540359903491776e+02 2.049253986164431378e-03 4.787234889322989240e+00
1.037566678745185890e-03 1.254417916664407642e+02 1.253967023371102982e+02 2.072982499152597417e-03 4.781690479993861764e+00
1.049593230558227598e-03 1.252819743657624656e+02 1.252358768793437065e+02 2.096985478546206996e-03 4.776133337950968283e+00
1.061759183483000071e-03 1.251186135094657743e+02 1.250714863564783457e+02 2.121266092366362512e-03 4.770563161069712343e+00
1.074066153333433447e-03 1.249516349110427598e+02 1.249034561719170853e+02 2.145827545044522860e-03 4.764979639954878721e+00
1.086515774652538433e-03 1.247809630389205751e+02 1.247317103785528474e+02 2.170673077837328296e-03 4.759382457760449547e+00
1.099109700929497193e-03 1.246065210023108136e+02 1.245561716646723767e+02 2.195805969246060908e-03 4.753771290004699779e+00
1.111849604819271095e-03 1.244282305374770630e+02 1.243767613402858956e+02 2.221229535440800984e-03 4.748145804380445867e+00
1.124737178364752007e-03 1.242460119944586268e+02 1.241933993239217955e+02 2.246947130689319182e-03 4.742505660560279779e+00
1.137774133221491381e-03 1.240597843242927354e+02 1.240060041299319948e+02 2.272962147790766503e-03 4.736850509996673786e+00
1.150962200885032299e-03 1.238694650667833770e+02 1.238144928563508813e+02 2.299278018514205012e-03 4.731179995716788156e+00
1.164303132920876775e-03 1.236749703388589126e+02 1.236187811733570641e+02 2.325898214042032217e-03 4.725493752111828982e+00
1.177798701197119331e-03 1.234762148235717376e+02 1.234187833123851021e+02 2.352826245418357214e-03 4.719791404720798944e+00
1.191450698119775895e-03 1.232731117597872554e+02 1.232144120559443365e+02 2.380065664002375871e-03 4.714072570008471352e+00
1.205260936870842505e-03 1.230655729326221604e+02 1.230055787281935125e+02 2.407620061926799698e-03 4.708336855137426724e+00
1.219231251649110712e-03 1.228535086646832184e+02 1.227921931863328098e+02 2.435493072561393472e-03 4.702583857733947603e+00
1.233363497913775872e-03 1.226368278081690164e+02 1.225741638128731665e+02 2.463688370981674969e-03 4.696813165647630406e+00
1.247659552630869806e-03 1.224154377378963119e+02 1.223513975088425241e+02 2.492209674442835352e-03 4.691024356704474485e+00
1.262121314522547276e-03 1.221892443453151884e+02 1.221237996879988117e+02 2.521060742858926597e-03 4.685216998453293868e+00
1.276750704319265777e-03 1.219581520335830476e+02 1.218912742721174993e+02 2.550245379287384949e-03 4.679390647905227851e+00
1.291549665014883998e-03 1.217220637137659338e+02 1.216537236874223851e+02 2.579767430418935040e-03 4.673544851266131062e+00
1.306520162124721234e-03 1.214808808022442577e+02 1.214110488622400084e+02 2.609630787072939745e-03 4.667679143661650265e+00
1.321664183946605082e-03 1.212345032193985901e+02 1.211631492259519689e+02 2.639839384698249112e-03 4.661793048854732113e+00
1.336983741824946661e-03 1.209828293896576099e+02 1.209099227093301749e+02 2.670397203879608643e-03 4.655886078955356666e+00
1.352480870417875451e-03 1.207257562429919915e+02 1.206512657463367901e+02 2.701308270849685049e-03 4.649957734122219577e+00
1.368157627967471913e-03 1.204631792179424963e+02 1.203870732774819743e+02 2.732576658006767144e-03 4.644007502256140008e+00
1.384016096573131502e-03 1.201949922662759036e+02 1.201172387548292733e+02 2.764206484438207819e-03 4.638034858684919826e+00
1.400058382468097589e-03 1.199210878593603127e+02 1.198416541487467128e+02 2.796201916449656943e-03 4.632039265839376974e+00
1.416286616299198848e-03 1.196413569963633705e+02 1.195602099565032006e+02 2.828567168100155470e-03 4.626020172920283002e+00
1.432702953409831009e-03 1.193556892143753316e+02 1.192727952128154101e+02 2.861306501743150592e-03 4.619977015555904565e+00
1.449309574126216591e-03 1.190639726005641279e+02 1.189792975024543438e+02 2.894424228573487436e-03 4.613909215449842449e+00
1.466108684046984459e-03 1.187660938064748706e+02 1.186796029750231867e+02 2.927924709180450627e-03 4.607816180018866170e+00
1.483102514336104337e-03 1.184619380645901430e+02 1.183735963620249549e+02 2.961812354106909892e-03 4.601697302020395952e+00
1.500293322019218348e-03 1.181513892072710092e+02 1.180611609963411297e+02 2.996091624414636521e-03 4.595551959169309697e+00
1.517683390283405343e-03 1.178343296882046047e+02 1.177421788342482216e+02 3.030767032255857023e-03 4.589379513743715222e+00
1.535275028780422714e-03 1.175106406064878257e+02 1.174165304801014571e+02 3.065843141451108592e-03 4.583179312179305853e+00
1.553070573933460147e-03 1.171802017334793362e+02 1.170840952138236588e+02 3.101324568073455818e-03 4.576950684651944989e+00
1.571072389247450424e-03 1.168428915425635495e+02 1.167447510213382316e+02 3.137215981039144508e-03 4.570692944648055978e+00
1.589282865622978049e-03 1.164985872419657937e+02 1.163983746280904654e+02 3.173522102704754225e-03 4.564405388522408735e+00
1.607704421673823627e-03 1.161471648107698513e+02 1.160448415358103347e+02 3.210247709470912848e-03 4.558087295042885678e+00
1.626339504048192157e-03 1.157884990382912207e+02 1.156840260626688206e+02 3.247397632392650790e-03 4.551737924921758882e+00
1.645190587753662514e-03 1.154224635669651917e+02 1.153158013869897331e+02 3.284976757796454708e-03 4.545356520333022843e+00
1.664260176485903671e-03 1.150489309389124770e+02 1.149400395946816928e+02 3.322990027904091856e-03 4.538942304415289897e+00
1.683550802961202323e-03 1.146677726463519207e+02 1.145566117305607037e+02 3.361442441463281805e-03 4.532494480759742927e+00
1.703065029252844422e-03 1.142788591860354046e+02 1.141653878537383520e+02 3.400339054385275415e-03 4.526012232882616004e+00
1.722805447131393972e-03 1.138820601178807976e+02 1.137662370972569050e+02 3.439684980389415628e-03 4.519494723681647841e+00
1.742774678408919205e-03 1.134772441279909003e+02 1.133590277321563917e+02 3.479485391654757714e-03 4.512941094875937864e+00
1.762975375287205784e-03 1.130642790962447179e+02 1.129436272361642182e+02 3.519745519478812302e-03 4.506350466428594714e+00
1.783410220710008025e-03 1.126430321686567453e+02 1.125199023672042244e+02 3.560470654943488373e-03 4.499721935951556340e+00
1.804081928719382779e-03 1.122133698347030162e+02 1.120877192419238213e+02 3.601666149588313420e-03 4.493054578091930651e+00
1.824993244816152391e-03 1.117751580098178295e+02 1.116469434194465578e+02 3.643337416090991054e-03 4.486347443899153298e+00
1.846146946324547485e-03 1.113282621232692833e+02 1.111974399905608522e+02 3.685489928955392337e-03 4.479599560172274231e+00
1.867545842761075955e-03 1.108725472116304189e+02 1.107390736725565148e+02 3.728129225207033309e-03 4.472809928786596778e+00
1.889192776207666326e-03 1.104078780180573602e+02 1.102717089099329257e+02 3.771260905096132827e-03 4.465977525998911624e+00
1.911090621689137941e-03 1.099341190976040252e+02 1.097952099811998607e+02 3.814890632808314464e-03 4.459101301730490796e+00
1.933242287555045260e-03 1.094511349287950424e+02 1.093094411119985949e+02 3.859024137183039195e-03 4.452180178826989909e+00
1.955650715865949168e-03 1.089587900316867888e+02 1.088142665947762282e+02 3.903667212439839579e-03 4.445213052294363365e+00
1.978318882784164089e-03 1.084569490926542557e+02 1.083095509152472573e+02 3.948825718912436951e-03 4.438198788509852832e+00
2.001249798969036847e-03 1.079454770961354200e+02 1.077951588858806105e+02 3.994505583790824467e-03 4.431136224407064006e+00
2.024446509976803900e-03 1.074242394635763276e+02 1.072709557866539001e+02 4.040712801871382785e-03 4.424024166634096922e+00
2.047912096665085481e-03 1.068931021998179745e+02 1.067368075133157674e+02 4.087453436315126830e-03 4.416861390683651578e+00
2.071649675602069141e-03 1.063519320471673524e+02 1.061925807334057055e+02 4.134733619414154328e-03 4.409646639993973771e+00
2.095662399480432980e-03 1.058005966474018607e+02 1.056381430502732144e+02 4.182559553366370711e-03 4.402378625019446545e+00
2.119953457536071038e-03 1.052389647119488103e+02 1.050733631753459889e+02 4.230937511058590131e-03 4.395056022269575813e+00
2.144526075971667656e-03 1.046669062004893505e+02 1.044981111088946761e+02 4.279873836858083709e-03 4.387677473315060084e+00
2.169383518385184159e-03 1.040842925082332329e+02 1.039122583295401228e+02 4.329374947412655689e-03 4.380241583759560520e+00
2.194529086203313769e-03 1.034909966621066673e+02 1.033156779927480216e+02 4.379447332459347232e-03 4.372746922175715589e+00
2.219966119119954652e-03 1.028868935260983619e+02 1.027082451385552417e+02 4.430097555641830318e-03 4.365192019003877988e+00
2.245697995539773940e-03 1.022718600160025346e+02 1.020898369087672108e+02 4.481332255336600151e-03 4.357575365411962665e+00
2.271728133026905232e-03 1.016457753237944530e+02 1.014603327738620635e+02 4.533158145488036354e-03 4.349895412114712201e+00
2.298059988758851136e-03 1.010085211518691466e+02 1.008196147698325120e+02 4.585582016452423131e-03 4.342150568150601408e+00
2.324697059985648094e-03 1.003599819573693281e+02 1.001675677451891602e+02 4.638610735851023820e-03 4.334339199614491989e+00
2.351642884494348565e-03 9.970004520681813176e+01 9.950407961834227422e+01 4.692251249432280100e-03 4.326459628344069941e+00
2.378901041078893431e-03 9.902860164126391851e+01 9.882904164556845217e+01 4.746510581943255529e-03 4.318510130557955407e+00
2.406475150015424062e-03 9.834554555213925653e+01 9.814234869976075970e+01 4.801395838010365062e-03 4.310488935443300029e+00
2.434368873543110365e-03 9.765077506801505081e+01 9.744389956014440202e+01 4.856914203029539731e-03 4.302394223690519048e+00
2.462585916350546866e-03 9.694419245242734462e+01 9.673359721313204318e+01 4.913072944065859440e-03 4.294224125972715633e+00
2.491130026067788373e-03 9.622570441293061094e+01 9.601134916447132639e+01 4.969879410762786595e-03 4.285976721367179998e+00
2.520004993764092018e-03 9.549522242152040974e+01 9.527706776282366263e+01 5.027341036261074279e-03 4.277650035716217047e+00
2.549214654451422910e-03 9.475266304654509497e+01 9.453067053489158411e+01 5.085465338127442662e-03 4.269242039924380450e+00
2.578762887593801043e-03 9.399794829620658732e+01 9.377208053219180783e+01 5.144259919293117309e-03 4.260750648189038259e+00
2.608653617622547997e-03 9.323100597372670961e+01 9.300122668954521998e+01 5.203732469002327402e-03 4.252173716160990935e+00
2.638890814457510187e-03 9.245177004422761513e+01 9.221804419532834629e+01 5.263890763770856691e-03 4.243509039031672536e+00
2.669478494034320699e-03 9.166018101334937285e+01 9.142247487350492463e+01 5.324742668354736502e-03 4.234754349543269569e+00
2.700420718837772543e-03 9.085618631759271580e+01 9.061446757741809677e+01 5.386296136729179680e-03 4.225907315917839746e+00
2.731721598441376204e-03 9.003974072634254355e+01 8.979397859529497339e+01 5.448559213077856962e-03 4.216965539701291732e+00
2.763385290053169997e-03 8.921080675549133332e+01 8.896097206737297824e+01 5.511540032792605973e-03 4.207926553517821411e+00
2.795415999067856535e-03 8.836935509253737564e+01 8.811542041451816942e+01 5.575246823483670858e-03 4.198787818730109755e+00
2.827817979625341181e-03 8.751536503299331571e+01 8.725730477815936581e+01 5.639687906000574041e-03 4.189546723000300510e+00
2.860595535175741895e-03 8.664882492789041635e+01 8.638661547131674467e+01 5.704871695463714643e-03 4.180200577746453483e+00
2.893753019050950264e-03 8.576973264211142123e+01 8.550335244044667604e+01 5.770806702306797639e-03 4.170746615488797104e+00
2.927294835042816134e-03 8.487809602323366676e+01 8.460752573777405416e+01 5.837501533330184851e-03 4.161181987079767275e+00
2.961225437988034351e-03 8.397393338050297018e+01 8.369915600371919595e+01 5.904964892765280499e-03 4.151503758811380784e+00
2.995549334359812969e-03 8.305727397349454577e+01 8.277827495896514165e+01 5.973205583350041543e-03 4.141708909393067017e+00
3.030271082866396216e-03 8.212815850995143308e+01 8.184492590564020986e+01 6.042232507415717761e-03 4.131794326792625149e+00
3.065395295056526793e-03 8.118663965222010859e+01 8.089916423702138104e+01 6.112054667984924763e-03 4.121756804932431351e+00
3.100926635931926852e-03 8.023278253162246187e+01 7.994105795508146173e+01 6.182681169881151448e-03 4.111593040232500940e+00
3.136869824566876613e-03 7.926666527002690543e+01 7.897068819512605842e+01 6.254121220849806831e-03 4.101299627991401131e+00
3.173229634734976452e-03 7.828837950779200128e+01 7.798814975667548310e+01 6.326384132690906006e-03 4.090873058595348333e+00
3.210010895543171858e-03 7.729803093716623152e+01 7.699355163965557836e+01 6.399479322403503652e-03 4.080309713545153372e+00
3.247218492073128838e-03 7.629573984013234167e+01 7.598701758486600966e+01 6.473416313341970492e-03 4.069605861289886661e+00
3.284857366030043482e-03 7.528164162958276506e+01 7.496868661758891506e+01 6.548204736384238486e-03 4.058757652855317311e+00
3.322932516398971556e-03 7.425588739260570037e+01 7.393871359309734714e+01 6.623854331112094540e-03 4.047761117254294660e+00
3.361449000108765288e-03 7.321864443455295657e+01 7.289726974270720916e+01 6.700374947003646768e-03 4.036612156665226436e+00
3.400411932703706255e-03 7.217009682244078306e+01 7.184454321890015649e+01 6.777776544638061326e-03 4.025306541363773860e+00
3.439826489022924580e-03 7.111044592611668236e+01 7.078073963792239454e+01 6.856069196912685168e-03 4.013839904391694802e+00
3.479697903887691603e-03 7.003991095549572776e+01 6.970608261813549689e+01 6.935263090272653606e-03 4.002207735945502165e+00
3.520031472796678832e-03 6.895872949204029112e+01 6.862081431226246764e+01 7.015368525953091967e-03 3.990405377466204939e+00
3.560832552629277729e-03 6.786715801252131541e+01 6.752519593153735400e+01 7.096395921234025829e-03 3.978428015409889440e+00
3.602106562357070083e-03 6.676547240295680297e+01 6.641950825962078397e+01 7.178355810708102192e-03 3.966270674677216501e+00
3.643858983763544404e-03 6.565396846047894996e+01 6.530405215400023167e+01 7.261258847561234339e-03 3.953928211678073623e+00
3.686095362172158059e-03 6.453296238073329505e+01 6.417914903244410141e+01 7.345115804866280546e-03 3.941395307005634674e+00
3.728821307182833642e-03 6.340279122825948122e+01 6.304514134192216090e+01 7.429937576889856371e-03 3.928666457691837977e+00
3.772042493416997554e-03 6.226381338714821823e+01 6.190239300725185245e+01 7.515735180412415860e-03 3.915735969013887985e+00
3.815764661271248397e-03 6.111640898911034725e+01 6.075128985656813541e+01 7.602519756061677098e-03 3.902597945818682579e+00
3.859993617679767074e-03 5.996098031593468392e+01 5.959224002055412939e+01 7.690302569659536978e-03 3.889246283329116149e+00
3.904735236885560103e-03 5.879795217314834588e+01 5.842567430220953639e+01 7.779095013582561918e-03 3.875674657392945921e+00
3.949995461220642823e-03 5.762777223153301520e+01 5.725204651376881060e+01 7.868908608136175944e-03 3.861876514131282523e+00
3.995780301895269192e-03 5.645091133298798525e+01 5.607183377722045492e+01 7.959755002942671062e-03 3.847845058939745044e+00
4.042095839796309639e-03 5.526786375707133203e+01 5.488553678472026576e+01 8.051645978343124899e-03 3.833573244790913659e+00
4.088948226294864159e-03 5.407914744439349164e+01 5.369368001503110577e+01 8.144593446813326240e-03 3.819053759781722235e+00
4.136343684063278035e-03 5.288530417288275487e+01 5.249681190197216551e+01 8.238609454393927903e-03 3.804279013863971937e+00
4.184288507901584922e-03 5.168689968279611691e+01 5.129550495071054428e+01 8.333706182134763621e-03 3.789241124690013507e+00
4.232789065573553354e-03 5.048452374620547545e+01 5.009035579758968737e+01 8.429895947553592631e-03 3.773931902498800284e+00
4.281851798652415615e-03 4.927879017655734373e+01 4.888198520905689293e+01 8.527191206109317051e-03 3.758342833959886775e+00
4.331483223376403000e-03 4.807033677378058911e+01 4.767103801513182049e+01 8.625604552689784821e-03 3.742465064884392234e+00
4.381689931514195016e-03 4.685982520030800202e+01 4.645818297275006614e+01 8.725148723114322172e-03 3.726289381702347026e+00
4.432478591240400501e-03 4.564794078327789606e+01 4.524411255422369038e+01 8.825836595651070232e-03 3.709806191595087732e+00
4.483855948021191196e-03 4.443539223810728345e+01 4.402954265598373951e+01 8.927681192549283620e-03 3.693005501159223769e+00
4.535828825510191016e-03 4.322291130856346086e+01 4.281521222271613425e+01 9.030695681586653478e-03 3.675876893465053641e+00
4.588404126454761513e-03 4.201125231842427610e+01 4.160188278196737599e+01 9.134893377631818009e-03 3.658409503356862214e+00
4.641588833612782412e-03 4.080119162980344782e+01 4.039033788429130567e+01 9.240287744222135113e-03 3.640591990825106095e+00
4.695390010680062544e-03 3.959352700322931184e+01 3.918138244402677373e+01 9.346892395156848957e-03 3.622412512260668294e+00
4.749814803228504315e-03 3.838907685460986130e+01 3.797584197585127441e+01 9.454721096105778849e-03 3.603858689378935942e+00
4.804870439655133628e-03 3.718867940429574759e+01 3.677456172234263221e+01 9.563787766233592877e-03 3.584917575575867321e+00
4.860564232142139222e-03 3.599319171356467706e+01 3.557840566790806491e+01 9.674106479839839762e-03 3.565575619449055988e+00
4.916903577628031589e-03 3.480348860400993516e+01 3.438825543460977485e+01 9.785691468014806604e-03 3.545818625183506434e+00
4.973895958790068052e-03 3.362046145551220633e+01 3.320500905563280725e+01 9.898557120311349961e-03 3.525631709463676877e+00
5.031548945038056761e-03 3.244501687872366347e+01 3.202957962240712675e+01 1.001271798643277311e-02 3.504999254529574060e+00
5.089870193519685330e-03 3.127807525829240376e+01 3.086289380171857033e+01 1.012818877793689870e-02 3.483904856944349149e+00
5.148867450137497269e-03 3.012056916341028412e+01 2.970589021952417141e+01 1.024498436995642872e-02 3.462331271582819614e+00
5.208548550577665401e-03 2.897344162268206347e+01 2.855951770863283912e+01 1.036311980293570280e-02 3.440260350283295132e+00
5.268921421350676766e-03 2.783764426079209997e+01 2.742473341792613795e+01 1.048261028438397281e-02 3.417672974527489860e+00
5.329994080844092930e-03 2.671413529498873984e+01 2.630250078138242031e+01 1.060347119064530656e-02 3.394548981423218592e+00
5.391774640387505396e-03 2.560387739002358742e+01 2.519378734583355595e+01 1.072571806868521417e-02 3.370867082159821226e+00
5.454271305329836186e-03 2.450783537087001918e+01 2.409956245713605227e+01 1.084936663789412385e-02 3.346604771984131865e+00
5.517492376129128420e-03 2.342697379331424656e+01 2.302079480527977395e+01 1.097443279190780767e-02 3.321738230602151898e+00
5.581446249454966556e-03 2.236225437335645694e+01 2.195844982989846272e+01 1.110093260044487176e-02 3.296242211744598194e+00
5.646141419303672866e-03 2.131463327728973312e+01 2.091348698869059675e+01 1.122888231116140473e-02 3.270089920438628006e+00
5.711586478126434545e-03 2.028505827533644279e+01 1.988685689242013055e+01 1.135829835152290385e-02 3.243252876298001741e+00
5.777790117970507157e-03 1.927446576282122592e+01 1.887949831145239799e+01 1.148919733069358497e-02 3.215700760873302588e+00
5.844761131633637551e-03 1.828377765404375666e+01 1.789233506020788411e+01 1.162159604144316280e-02 3.187401246785293019e+00
5.912508413831881436e-03 1.731389815528639886e+01 1.692627276750484455e+01 1.175551146207124906e-02 3.158319805989401097e+00
5.981040962380944001e-03 1.636571042474707127e+01 1.598219554253746644e+01 1.189096075834940314e-02 3.128419494078142904e+00
6.050367879391223974e-03 1.544007312862774839e+01 1.506096254823877345e+01 1.202796128548101404e-02 3.097660707010447823e+00
6.120498372476702517e-03 1.453781690412778893e+01 1.416340449606159702e+01 1.216653059007904818e-02 3.066000906051762342e+00
6.191441755977847815e-03 1.365974074168507002e+01 1.329032007885829714e+01 1.230668641216181754e-02 3.033394306007033858e+00
6.263207452198692356e-03 1.280660830047252929e+01 1.244247236167340986e+01 1.244844668716682361e-02 2.999791521025027663e+00
6.335804992658253774e-03 1.197914417288224520e+01 1.162058515406651971e+01 1.259182954798280206e-02 2.965139161351092234e+00
6.409244019356457114e-03 1.117803011550736159e+01 1.082533939234056319e+01 1.273685332700006181e-02 2.929379373430388345e+00
6.483534286054726779e-03 1.040390126595121600e+01 1.005736956620383715e+01 1.288353655817918442e-02 2.892449314776753155e+00
6.558685659571435525e-03 9.657342366639779740e+00 9.317260232634538397e+00 1.303189797913823639e-02 2.854280554157949013e+00
6.634708121092351002e-03 8.938884018673945775e+00 8.605542671145020250e+00 1.318195653325851709e-02 2.814798387175490024e+00
6.711611767496287149e-03 8.248998990612669502e+00 7.922691751017229222e+00 1.333373137180898435e-02 2.773921057756914443e+00
6.789406812696112230e-03 7.588098608908443232e+00 7.269123105228808335e+00 1.348724185608942555e-02 2.731558878418305802e+00
6.868103588995307790e-03 6.956529258499326573e+00 6.645190742237909731e+00 1.364250755959247469e-02 2.687613248253684528e+00
6.947712548460239883e-03 6.354569023772263847e+00 6.051185282664635068e+00 1.379954827018451367e-02 2.641975580947233837e+00
7.028244264308352446e-03 5.782424501723299137e+00 5.487333093836209486e+00 1.395838399230563825e-02 2.594526182170691087e+00
7.109709432312438099e-03 5.240227820620674493e+00 4.953796725022399094e+00 1.411903494918864861e-02 2.545133168450291805e+00
7.192118872221192789e-03 4.728033898794906875e+00 4.450677230806356910e+00 1.428152158509725204e-02 2.493651619189355628e+00
7.275483529196232965e-03 4.245817979299705058e+00 3.978019189614173889e+00 1.444586456758348812e-02 2.439923334832446500e+00
7.359814475265771296e-03 3.793473477071900746e+00 3.535819337817537988e+00 1.461208478976446304e-02 2.383777883059269520e+00
7.445122910795143496e-03 3.370810175827896327e+00 3.124039249828868048e+00 1.478020337261851287e-02 2.325036071727531350e+00
7.531420165974375344e-03 2.977552812226480494e+00 2.742620173024577834e+00 1.495024166730077667e-02 2.263517453097405596e+00
7.618717702322998914e-03 2.613340084760297444e+00 2.391492328385788735e+00 1.512222125747835107e-02 2.199053403989191580e+00
7.707027114212303652e-03 2.277724124367162872e+00 2.070563434329253383e+00 1.529616396168499877e-02 2.131506009983624939e+00
7.796360130405236531e-03 1.970170462831938973e+00 1.779673189835187186e+00 1.547209183569554086e-02 2.060791223460837873e+00
7.886728615614155974e-03 1.690058533636489058e+00 1.518520937872960275e+00 1.565002717491996431e-02 1.986905688494711608e+00
7.978144572076628638e-03 1.436682737964408485e+00 1.286590452231696435e+00 1.582999251681728795e-02 1.909959614621589363e+00
8.070620141149507584e-03 1.209254106037204402e+00 1.083086237211060121e+00 1.601201064332928928e-02 1.830217167171799497e+00
8.164167604921472240e-03 1.006902580809740044e+00 9.068837399696412227e-01 1.619610458333407832e-02 1.748141042775131160e+00
8.258799387844271284e-03 8.286799472491283014e-01 7.565001647900095882e-01 1.638229761511961549e-02 1.664434215521536364e+00
8.354528058382871408e-03 6.735634259322029749e-01 6.300990588283065241e-01 1.657061326887722744e-02 1.580070249208912703e+00
8.451366330684721012e-03 5.404599444976369016e-01 5.255389563274966980e-01 1.676107532921507909e-02 1.496303036326009250e+00
8.549327066268383804e-03 4.282110945626887433e-01 4.404657599525565459e-01 1.695370783769175813e-02 1.414647459030215604e+00
8.648423275731726215e-03 3.355987750543904524e-01 3.724362458842345180e-01 1.714853509536991977e-02 1.336824913773847490e+00
8.748668120479913615e-03 2.613515155135079926e-01 3.190516639831551537e-01 1.734558166539003007e-02 1.264672145965525907e+00
8.850074914473439122e-03 2.041514648234089013e-01 2.780789958492727587e-01 1.754487237556428755e-02 1.200017973092607715e+00
8.952657125996400095e-03 1.626420220250456850e-01 2.475427472508257842e-01 1.774643232099068837e-02 1.144539149306607717e+00
9.056428379445294677e-03 1.354360764503021175e-01 2.257790874965016348e-01 1.795028686668728723e-02 1.099612319966403629e+00
9.161402457138520528e-03 1.211248144033083979e-01 2.114527706074532942e-01 1.815646165024662265e-02 1.066182163281627515e+00
9.267593301146882789e-03 1.182870391267962229e-01 2.035428273698258739e-01 1.836498258451040727e-02 1.044665282074323631e+00
9.375015015145289968e-03 1.254989399131623551e-01 2.013048316119520065e-01 1.857587586026437573e-02 1.034904898639253501e+00
9.483681866285927423e-03 1.413442350847658735e-01 2.042166753730814133e-01 1.878916794895335585e-02 1.036183653218089695e+00
9.593608287093146128e-03 1.644246023258646161e-01 2.119130467725202915e-01 1.900488560541657018e-02 1.047292435749313633e+00
9.704808877380306092e-03 1.933702986742315832e-01 2.241128206012717727e-01 1.922305587064311247e-02 1.066644273306751156e+00
9.817298406188841586e-03 2.268508615731393285e-01 2.405441777442038354e-01 1.944370607454759536e-02 1.092415802142054027e+00
9.931091813749801447e-03 2.635857719674046806e-01 2.608742169951920875e-01 1.966686383876597999e-02 1.122696047548991771e+00
1.004620421346813161e-02 3.023549507473091702e-01 2.846518516760412898e-01 1.989255707947154561e-02 1.155623400371951881e+00
1.016265089392995140e-02 3.420089511698097273e-01 3.112731518860456514e-01 2.012081401021092661e-02 1.189496116664122027e+00
1.028044732093309765e-02 3.814787025053323344e-01 3.399757184042078717e-01 2.035166314476025140e-02 1.222847994458296617e+00
1.039960913954120388e-02 4.197846543742408953e-01 3.698632472489993273e-01 2.058513330000127928e-02 1.254487494637123834e+00
1.052015217616159015e-02 4.560451673651314541e-01 3.999548569544561505e-01 2.082125359881751778e-02 1.283504101309757450e+00
1.064209244064724669e-02 4.894839938887534658e-01 4.292485281743574355e-01 2.106005347301027550e-02 1.309249345151882071e+00
1.076544612842315896e-02 5.194366941374634061e-01 4.567862031203965278e-01 2.130156266623451158e-02 1.331301513785442259e+00
1.089022962263730583e-02 5.453558358031116438e-01 4.817103519960096447e-01 2.154581123695454778e-02 1.349423128771156222e+00
1.101645949633657008e-02 5.668148331508339188e-01 5.033069950010351512e-01 2.179282956141941410e-02 1.363519343985870380e+00
1.114415251466788215e-02 5.835102914193741608e-01 5.210349167887294852e-01 2.204264833665786974e-02 1.373603056142425727e+00
1.127332563710487130e-02 5.952627365475822163e-01 5.345412207227310253e-01 2.229529858349292917e-02 1.379767908220209893e+00
1.140399601970033122e-02 6.020156280869987109e-01 5.436617955714102557e-01 2.255081164957584150e-02 1.382166637513928986e+00
1.153618101736478448e-02 6.038325749616977323e-01 5.484082494967302823e-01 2.280921921243937028e-02 1.380993559995240538e+00
1.166989818617147553e-02 6.008926995089802769e-01 5.489472672905264528e-01 2.307055328257033230e-02 1.376472617483121441e+00
1.180516528568805595e-02 5.934841249141704633e-01 5.455777934499813631e-01 2.333484620650116970e-02 1.368851742085645862e+00
1.194200028133532432e-02 5.819955945672538045e-01 5.387081498772852139e-01 2.360213066992055547e-02 1.358402335399183869e+00
1.208042134677328981e-02 5.669062687239605491e-01 5.288331138958991540e-01 2.387243970080275487e-02 1.345421836474581134e+00
1.222044686631488727e-02 5.487737837197198543e-01 5.165105849238261770e-01 2.414580667255569052e-02 1.330237506945846748e+00
1.236209543736769070e-02 5.282207012868204155e-01 5.023378455186447988e-01 2.442226530718753785e-02 1.313209953790000606e+00
1.250538587290391315e-02 5.059195195343427764e-01 4.869279417458590165e-01 2.470184967849164276e-02 1.294735222183913681e+00
1.265033720395903824e-02 4.825764619797924815e-01 4.708871143978690665e-01 2.498459421524963642e-02 1.275244506057043425e+00
1.279696868215941634e-02 4.589143056244100460e-01 4.547944191322778607e-01 2.527053370445251149e-02 1.255200712581464151e+00
1.294529978227916024e-02 4.356545522404449144e-01 4.391846511470389181e-01 2.555970329453952777e-02 1.235091345676330832e+00
1.309535020482667685e-02 4.134992874442361965e-01 4.245354436769631090e-01 2.585213849865467678e-02 1.215417480615220258e+00
1.324713987866117486e-02 3.931131082946833222e-01 4.112589815123098291e-01 2.614787519792051082e-02 1.196678992207758085e+00
1.340068896363950761e-02 3.751055305140733043e-01 3.996982395523593357e-01 2.644694964472914245e-02 1.179356647115844758e+00
1.355601785329368925e-02 3.600143093441053876e-01 3.901271234662219145e-01 2.674939846605010538e-02 1.163892125390811882e+00
1.371314717753945554e-02 3.482901218700477641e-01 3.827534552431501313e-01 2.705525866675491387e-02 1.150667429468816838e+00
1.387209780541620932e-02 3.402830617479684627e-01 3.777234866106909950e-01 2.736456763295797359e-02 1.139985399256154164e+00
1.403289084785873213e-02 3.362313881259235138e-01 3.751265750303487412e-01 2.767736313537361506e-02 1.132053120035763527e+00
1.419554766050101606e-02 3.362529477968970726e-01 3.749988175910843324e-01 2.799368333268896503e-02 1.126969852843588971e+00
1.436008984651260603e-02 3.403396521399629227e-01 3.773247748402442370e-01 2.831356677495235064e-02 1.124720738912015738e+00
1.452653925946781159e-02 3.483553374053938723e-01 3.820368796637030329e-01 2.863705240697691709e-02 1.125176974960272469e+00
1.469491800624817164e-02 3.600372680042724927e-01 3.890126588586529932e-01 2.896417957175910843e-02 1.128102502579460209e+00
1.486524844997857107e-02 3.750014578031803381e-01 3.980704365033023162e-01 2.929498801391176507e-02 1.133166600382558897e+00
1.503755321299738400e-02 3.927518847194214624e-01 4.089646734703461517e-01 2.962951788311134899e-02 1.139961210186901663e+00
1.521185517986104775e-02 4.126935605491260373e-01 4.213824564623162572e-01 2.996780973755906741e-02 1.148021447790306793e+00
1.538817750038346324e-02 4.341492930583958354e-01 4.349428137114603743e-01 3.030990454745541296e-02 1.156847590981175067e+00
1.556654359271062056e-02 4.563798438227449905e-01 4.492004484416033949e-01 3.065584369848775928e-02 1.165926908034928378e+00
1.574697714643086624e-02 4.786070468060094618e-01 4.636551230802929413e-01 3.100566899533060972e-02 1.174753956450108827e+00
1.592950212572123020e-02 5.000393137059013782e-01 4.777673211444722901e-01 3.135942266515808624e-02 1.182848382461754388e+00
1.611414277253019750e-02 5.198988178740363564e-01 4.909800323524865506e-01 3.171714736116815203e-02 1.189769710201508346e+00
1.630092360979741237e-02 5.374495249988803236e-01 5.027456580406373110e-01 3.207888616611818261e-02 1.195129048078204637e+00
1.648986944471064753e-02 5.520251320724376409e-01 5.125562387371284112e-01 3.244468259587132697e-02 1.198597994194410488e+00
1.668100537200059227e-02 5.630558930963545095e-01 5.199745733870648756e-01 3.281458060295332907e-02 1.199915249282402785e+00
1.687435677727375585e-02 5.700932572174950419e-01 5.246634165101098368e-01 3.318862458011901523e-02 1.198891528439289367e+00
1.706994934038407949e-02 5.728312289540979929e-01 5.264098664362718560e-01 3.356685936392825309e-02 1.195413311615635132e+00
1.726780903884355886e-02 5.711233867023735034e-01 5.251423288381387167e-01 3.394933023833055646e-02 1.189445814969498416e+00
1.746796215127245644e-02 5.649945696077688373e-01 5.209380529570313278e-01 3.433608293825796826e-02 1.181035333177852920e+00
1.767043526088946798e-02 5.546463675141578564e-01 5.140201434256005397e-01 3.472716365322547905e-02 1.170310824778125758e+00
1.787525525904235316e-02 5.404557255619396594e-01 5.047440514463331640e-01 3.512261903093850945e-02 1.157484316355584131e+00
1.808244934877951612e-02 5.229662032868405142e-01 4.935747138572488257e-01 3.552249618090676936e-02 1.142849426179140648e+00
1.829204504846293836e-02 5.028717042853757535e-01 4.810565827031261787e-01 3.592684267806384169e-02 1.126777109618352979e+00
1.850407019542302245e-02 4.809928101730825412e-01 4.677796016051360417e-01 3.633570656639181773e-02 1.109707669982129108e+00
1.871855294965579092e-02 4.582462019767409855e-01 4.543445757267268736e-01 3.674913636255036642e-02 1.092138210284973932e+00
1.893552179756295348e-02 4.356080203147568164e-01 4.413312396065430798e-01 3.716718105950951589e-02 1.074605046714592227e+00
1.915500555573527997e-02 4.140723866268486431e-01 4.292716464592303272e-01 3.758989013018525921e-02 1.057661147790265543e+00
1.937703337477988952e-02 3.946066623986408950e-01 4.186304084145632265e-01 3.801731353107749151e-02 1.041849346893259476e+00
1.960163474319185847e-02 3.781053406376489456e-01 4.097920415184085896e-01 3.844950170590932109e-02 1.027672803962168979e+00
1.982883949127071249e-02 3.653447212474253969e-01 4.030544873707699316e-01 3.888650558926695644e-02 1.015564842269906842e+00
2.005867779508234069e-02 3.569406965785228980e-01 3.986270363243606951e-01 3.932837661023953074e-02 1.005860730733593389e+00
2.029118018046677935e-02 3.533120435359867750e-01 3.966305148530523406e-01 3.977516669605767746e-02 9.987741152606045558e-01
2.052637752709252084e-02 3.546515650587076518e-01 3.970977602655236804e-01 4.022692827573040586e-02 9.943805663835389996e-01
2.076430107255774690e-02 3.609072317867307311e-01 3.999730309164308273e-01 4.068371428367897891e-02 9.926101133718696623e-01
2.100498241653915230e-02 3.717751356880453772e-01 4.051099638189658569e-01 4.114557816336717605e-02 9.932497556789419146e-01
2.124845352498882720e-02 3.867055806198252954e-01 4.122688248209676054e-01 4.161257387092678200e-02 9.959559161873001720e-01
2.149474673437980557e-02 4.049230090010629834e-01 4.211148952991337624e-01 4.208475587877744811e-02 1.000275790862247494e+00
2.174389475600079988e-02 4.254597183816191674e-01 4.312206679448077895e-01 4.256217917923985072e-02 1.005675712257447563e+00
2.199593068030074663e-02 4.472024874407279915e-01 4.420748325794184863e-01 4.304489928814118210e-02 1.011574095086968494e+00
2.225088798128369363e-02 4.689503498583899588e-01 4.531006067937106141e-01 4.353297224841182200e-02 1.017376323816129968e+00
2.250880052095461867e-02 4.894808789762832846e-01 4.636847103690121541e-01 4.402645463367212825e-02 1.022509061657886908e+00
2.276970255381680075e-02 5.076215370657584103e-01 4.732163081904319779e-01 4.452540355180831244e-02 1.026451838722657994e+00
2.303362873142131284e-02 5.223219666809216788e-01 4.811329111176144147e-01 4.502987664853613792e-02 1.028764307838504477e+00
2.330061410696924670e-02 5.327226257095181161e-01 4.869680789802810494e-01 4.553993211095124644e-02 1.029108115059230943e+00
2.357069413996727703e-02 5.382149563628819688e-01 4.903944148261022429e-01 4.605562867106502423e-02 1.027262800384248997e+00
2.384390470093720321e-02 5.384883859287687979e-01 4.912552406127083660e-01 4.657702560932462654e-02 1.023135445166853730e+00
2.412028207618006903e-02 5.335599222348348381e-01 4.895796751985977968e-01 4.710418275811595334e-02 1.016763906533099782e+00
2.439986297259550199e-02 5.237829458527820670e-01 4.855783926841016340e-01 4.763716050524825080e-02 1.008313486503966683e+00
2.468268452255692469e-02 5.098330026665932602e-01 4.796205650685964605e-01 4.817601979741896467e-02 9.980668797751067745e-01
2.496878428884326609e-02 4.926699208133472618e-01 4.721956159659287389e-01 4.872082214365747177e-02 9.864073423892976145e-01
2.525820026962784584e-02 4.734773367989170700e-01 4.638656733858290138e-01 4.927162961874633623e-02 9.737953089508608606e-01
2.555097090352506997e-02 4.535826040944617166e-01 4.552155011483497993e-01 4.982850486661850875e-02 9.607391862706591290e-01
2.584713507469563881e-02 4.343619304274130011e-01 4.468061102762393988e-01 5.039151110372907388e-02 9.477617218023355328e-01
2.614673211801091940e-02 4.171372808893341055e-01 4.391365288456888782e-01 5.096071212240003284e-02 9.353640764963340182e-01
2.644980182427720053e-02 4.030729148411860141e-01 4.326159571992367336e-01 5.153617229413644946e-02 9.239903751128392129e-01
2.675638444552045150e-02 3.930802208435373313e-01 4.275464321090898800e-01 5.211795657291243972e-02 9.139959069107953527e-01
2.706652070033241375e-02 3.877396225030445565e-01 4.241146833060219223e-01 5.270613049842540199e-02 9.056221754731144102e-01
2.738025177927857698e-02 3.872476376191763547e-01 4.223913125504623056e-01 5.330076019931661441e-02 8.989815741788227399e-01
2.769761935036891068e-02 3.913956328315547628e-01 4.223356818277742564e-01 5.390191239635672149e-02 8.940536012867288385e-01
2.801866556459195468e-02 3.995844540273321699e-01 4.238056599340402353e-01 5.450965440559416009e-02 8.906933238420580157e-01
2.834343306151309444e-02 4.108760478094248270e-01 4.265722242613965154e-01 5.512405414146479693e-02 8.886514228700326257e-01
2.867196497493769772e-02 4.240796356943435375e-01 4.303394174892948842e-01 5.574518011986089039e-02 8.876038046035776841e-01
2.900430493863991738e-02 4.378662650765309805e-01 4.347699907181054035e-01 5.637310146115752374e-02 8.871876310679372990e-01
2.934049709215787172e-02 4.509020172177171659e-01 4.395161172537595529e-01 5.700788789319451849e-02 8.870398545142094138e-01
2.968058608665602449e-02 4.619872238236368278e-01 4.442530332954021666e-01 5.764960975421188488e-02 8.868340300033643597e-01
3.002461709085549324e-02 4.701871529887663992e-01 4.487118539947875240e-01 5.829833799573673481e-02 8.863113689978283638e-01
3.037263579703311511e-02 4.749391455919553806e-01 4.527067827158964830e-01 5.895414418541967266e-02 8.853026621329451729e-01
3.072468842709003348e-02 4.761223818028386678e-01 4.561520284314244944e-01 5.961710050981838122e-02 8.837387602316375546e-01
3.108082173869063797e-02 4.740794404124117345e-01 4.590651481382775345e-01 6.028727977712642488e-02 8.816486342227873862e-01
3.144108303147264555e-02 4.695834806315261067e-01 4.615559175877537723e-01 6.096475541984482799e-02 8.791454875831726801e-01
3.180552015332920035e-02 4.637508915050476133e-01 4.638024974980103354e-01 6.164960149739442258e-02 8.764028092463611586e-01
3.217418150676371741e-02 4.579060466066324220e-01 4.660188158996135255e-01 6.234189269866633604e-02 8.736234687339745619e-01
3.254711605531847990e-02 4.534115949683836244e-01 4.684182013289683311e-01 6.304170434450855065e-02 8.710058162371683288e-01
3.292437333007768724e-02 4.514836005990710555e-01 4.711782976288778069e-01 6.374911239014589837e-02 8.687111364741273434e-01
3.330600343624588733e-02 4.530148671087761425e-01 4.744114965640539028e-01 6.446419342753106907e-02 8.668366517142940264e-01
3.369205705980267418e-02 4.584311048867780181e-01 4.781440402612248675e-01 6.518702468762416213e-02 8.653975878459454485e-01
3.408258547423451829e-02 4.676026158813382239e-01 4.823059622963285498e-01 6.591768404259809588e-02 8.643206903118889617e-01
3.447764054734463873e-02 4.798286722779108726e-01 4.867332427051132004e-01 6.665625000796736310e-02 8.634501313393948552e-01
3.487727474814177747e-02 4.939030355278367646e-01 4.911827264938209980e-01 6.740280174463729457e-02 8.625651361850136256e-01
3.528154115380883332e-02 5.082579399511741869e-01 4.953591502232434496e-01 6.815741906087112445e-02 8.614070531458564162e-01
3.569049345675229939e-02 5.211717182465240850e-01 4.989518530751256287e-01 6.892018241417220692e-02 8.597122216622937740e-01
3.610418597173337130e-02 5.310138516070737058e-01 5.016766253202863401e-01 6.969117291307816431e-02 8.572460925399648657e-01
3.652267364308175307e-02 5.364925529088282463e-01 5.033162935404600358e-01 7.047047231886448271e-02 8.538338074582686454e-01
3.694601205199302130e-02 5.368658955428222690e-01 5.037528811818128283e-01 7.125816304715411331e-02 8.493829205243291769e-01
3.737425742391064371e-02 5.320793803757485341e-01 5.029851413996629939e-01 7.205432816943040109e-02 8.438950826293857288e-01
3.780746663599349189e-02 5.228012806172335214e-01 5.011279804673575144e-01 7.285905141445001010e-02 8.374651395774204143e-01
3.824569722466999305e-02 5.103416318383899863e-01 4.983940968871251598e-01 7.367241716955279240e-02 8.302679706234447066e-01
3.868900739327975347e-02 4.964596476619650978e-01 4.950619031988541807e-01 7.449451048186522817e-02 8.225352364246034664e-01
3.913745601980384015e-02 4.830848178213019151e-01 4.914363713143048984e-01 7.532541705939434229e-02 8.145257506239588219e-01
3.959110266468458816e-02 4.719953551586461571e-01 4.878102571015636713e-01 7.616522327200846154e-02 8.064942083877011392e-01
4.005000757873611317e-02 4.645101270459249254e-01 4.844322671448826889e-01 7.701401615230167585e-02 7.986632912799691564e-01
4.051423171114647281e-02 4.612533556406899216e-01 4.814866391319402306e-01 7.787188339633821510e-02 7.912035617073884808e-01
4.098383671757261509e-02 4.620431235359627187e-01 4.790860053337097635e-01 7.873891336427349397e-02 7.842240677721386000e-01
4.145888496832911274e-02 4.659350123879582584e-01 4.772769174511597989e-01 7.961519508084778651e-02 7.777744674936113434e-01
4.193943955667186335e-02 4.714234088263319911e-01 4.760554104165436451e-01 8.050081823574922746e-02 7.718572106238728026e-01
4.242556430717776828e-02 4.767699283019909973e-01 4.753885983969828311e-01 8.139587318384218506e-02 7.664463750302462630e-01
4.291732378422157684e-02 4.803976569830234467e-01 4.752375545377005017e-01 8.230045094525702265e-02 7.615085376066949019e-01
4.341478330055092288e-02 4.812687921278576142e-01 4.755766968610970480e-01 8.321464320533761283e-02 7.570208107254493557e-01
4.391800892596085804e-02 4.791581581571842663e-01 4.764056843272196362e-01 8.413854231444245491e-02 7.529819510407904648e-01
4.442706749606882555e-02 4.747497298669838828e-01 4.777514165671308266e-01 8.507224128759527382e-02 7.494141086961885190e-01
4.494202662119142072e-02 4.695173275893080311e-01 4.796599206503280866e-01 8.601583380398118706e-02 7.463550276928104799e-01
4.546295469532399269e-02 4.653987979080709825e-01 4.821802686026667728e-01 8.696941420628384600e-02 7.438428897138141815e-01
4.598992090522438514e-02 4.643254379843581026e-01 4.853446090697265958e-01 8.793307749985981858e-02 7.418979371409397672e-01
4.652299523960189143e-02 4.677124059110817078e-01 4.891493499883262652e-01 8.890691935174520333e-02 7.405059186571925078e-01
4.706224849841281199e-02 4.760384909860492786e-01 4.935422398155965840e-01 8.989103608949061686e-02 7.396079415314471550e-01
4.760775230226368254e-02 4.886353618446204194e-01 4.984187184297833029e-01 9.088552469981961424e-02 7.390996253349666478e-01
4.815957910192350533e-02 5.037644591097969471e-01 5.036288123860945820e-01 9.189048282710610138e-02 7.388400344671196551e-01
4.871780218794630885e-02 5.189901916244374913e-01 5.089934097719297501e-01 9.290600877166618754e-02 7.386683560639534241e-01
4.928249570040513228e-02 5.317762265058127991e-01 5.143263791032571808e-01 9.393220148785944024e-02 7.384242982576582071e-01
4.985373463873893352e-02 5.401590988251342429e-01 5.194572355877642433e-01 9.496916058199487976e-02 7.379672006341393420e-01
5.043159487171358646e-02 5.433130652755705503e-01 5.242485272637534832e-01 9.601698631003680040e-02 7.371891484803312355e-01
5.101615314749833457e-02 5.418295380504861702e-01 5.286032918781840007e-01 9.707577957510531153e-02 7.360189765039983900e-01
5.160748710385907462e-02 5.375988561653496367e-01 5.324608176230295475e-01 9.814564192476650517e-02 7.344166348289337121e-01
5.220567527846975420e-02 5.332904662517883310e-01 5.357827193475755978e-01 9.922667554810724044e-02 7.323602609896628923e-01
5.281079711934331261e-02 5.315524523705204007e-01 5.385345781832407974e-01 1.003189832725890074e-01 7.298304717149879384e-01
5.342293299538352497e-02 5.341549224750546943e-01 5.406698574728947548e-01 1.014226685606757911e-01 7.267971249787085197e-01
5.404216420705915125e-02 5.413463357833291356e-01 5.421221324951942533e-01 1.025378355062302876e-01 7.232129924192582937e-01
5.466857299720180585e-02 5.516530025564566619e-01 5.428091791040358105e-01 1.036645888306730878e-01 7.190167536630125422e-01
5.530224256192900478e-02 5.622298908807317197e-01 5.426488087111788206e-01 1.048030338788991100e-01 7.141449989760333406e-01
5.594325706169377826e-02 5.696953197643269684e-01 5.415824822463004562e-01 1.059532766149456628e-01 7.085502165823103216e-01
5.659170163246242391e-02 5.712075581827491533e-01 5.395999693262035768e-01 1.071154236174062940e-01 7.022199066413736812e-01
5.724766239702178822e-02 5.654314554542130278e-01 5.367577583852651824e-01 1.082895820745845700e-01 6.951916528873993695e-01
5.791122647641758214e-02 5.530483505305424652e-01 5.331857771221144571e-01 1.094758597793817345e-01 6.875601913192805892e-01
5.858248200152536139e-02 5.365973575204469048e-01 5.290804264639703547e-01 1.106743651239123633e-01 6.794746555792776643e-01
5.926151812475552449e-02 5.196669008799725820e-01 5.246857025785952588e-01 1.118852070938415044e-01 6.711265599880490429e-01
5.994842503189409116e-02 5.057041059762997781e-01 5.202670723834043054e-01 1.131084952624375750e-01 6.627311155469673976e-01
6.064329395408061402e-02 4.968781755367526198e-01 5.160839029646522302e-01 1.143443397843340731e-01 6.545056420687729304e-01
6.134621717992506246e-02 4.934418052982613156e-01 5.123654797032707320e-01 1.155928513889941667e-01 6.466488849124596427e-01
6.205728806776500406e-02 4.938577881096572475e-01 5.092937574757948616e-01 1.168541413738712342e-01 6.393242443350549697e-01
6.277660105806499857e-02 4.956495438302826462e-01 5.069941007217412254e-01 1.181283215972590700e-01 6.326488725815350156e-01
6.350425168595962011e-02 4.966154344305000468e-01 5.055338772900438427e-01 1.194155044708246627e-01 6.266895465781212593e-01
6.424033659394190465e-02 4.958622026314200570e-01 5.049276651879834876e-01 1.207158029518170111e-01 6.214650390397598034e-01
6.498495354469888130e-02 4.941664186566286365e-01 5.051469684886198408e-01 1.220293305349450103e-01 6.169535223295495863e-01
6.573820143409585259e-02 4.934685413015785227e-01 5.061320149456977058e-01 1.233562012439170796e-01 6.131028222942556116e-01
6.650018030431117944e-02 4.957260016112931544e-01 5.078034643518580804e-01 1.246965296226358738e-01 6.098412924272625935e-01
6.727099135712336087e-02 5.017006037485171044e-01 5.100724448782137932e-01 1.260504307260405799e-01 6.070875286788319780e-01
6.805073696735206012e-02 5.103389654082720606e-01 5.128480952682000771e-01 1.274180201105893917e-01 6.047578943754426950e-01
6.883952069645496441e-02 5.191417836587084444e-01 5.160425600401030710e-01 1.287994138243750142e-01 6.027716345398802522e-01
6.963744730628222690e-02 5.254050936062559796e-01 5.195737931509119001e-01 1.301947283968654390e-01 6.010538375758198715e-01
7.044462277299036457e-02 5.277079345478974393e-01 5.233664307302783314e-01 1.316040808282625540e-01 5.995365068438518463e-01
7.126115430111745752e-02 5.268097535056676106e-01 5.273506615390707308e-01 1.330275885784707457e-01 5.981577765531322921e-01
7.208715033782135684e-02 5.253752232996388161e-01 5.314586542964166993e-01 1.344653695556674577e-01 5.968590337318956385e-01
7.292272058728312134e-02 5.265793404447738357e-01 5.356181124458453402e-01 1.359175421044683807e-01 5.955797424075445212e-01
7.376797602527730702e-02 5.323276290708029990e-01 5.397438692262108706e-01 1.373842249936786108e-01 5.942508498690526331e-01
7.462302891391107973e-02 5.421340867062860447e-01 5.437306953584488678e-01 1.388655374036218970e-01 5.927893718264723999e-01
7.548799281653431614e-02 5.533812899603925972e-01 5.474513356024839350e-01 1.403615989130398145e-01 5.910972128552207661e-01
7.636298261282241373e-02 5.628610509073300738e-01 5.507624600398076664e-01 1.418725294855524288e-01 5.890660191253680456e-01
7.724811451403400253e-02 5.686425917135355945e-01 5.535186873997816059e-01 1.433984494556719003e-01 5.865878323207915912e-01
7.814350607844541829e-02 5.710230036648684671e-01 5.555910460740925982e-01 1.449394795143606751e-01 5.835685406062975922e-01
7.904927622696419909e-02 5.718722855331305199e-01 5.568828329778019448e-01 1.464957406941255758e-01 5.799388321709981753e-01
7.996554525892346499e-02 5.728144858193434663e-01 5.573383293252147652e-01 1.480673543536387138e-01 5.756595948817415653e-01
8.089243486805938743e-02 5.736272964591851986e-01 5.569465921626846061e-01 1.496544421618768717e-01 5.707239384938527227e-01
8.183006815867389927e-02 5.722310180860434858e-01 5.557436138314932883e-01 1.512571260817699159e-01 5.651586363800483737e-01
8.277856966198472721e-02 5.665079174174088017e-01 5.538127609213897573e-01 1.528755283533495268e-01 5.590249875002466506e-01
8.373806535266489770e-02 5.566510966315945108e-01 5.512821898223979611e-01 1.545097714763887242e-01 5.524180118347413737e-01
8.470868266557401993e-02 5.459974495643791226e-01 5.483179662634478646e-01 1.561599781925231689e-01 5.454627365964428432e-01
8.569055051268346934e-02 5.391732476602945079e-01 5.451122244935020511e-01 1.578262714668445810e-01 5.383066247305288154e-01
8.668379930019773361e-02 5.385019067195958575e-01 5.418686176672022903e-01 1.595087744689571152e-01 5.311094212725887553e-01
8.768856094587426653e-02 5.414343361420766998e-01 5.387892686939274034e-01 1.612076105534867299e-01 5.240333962604619700e-01
8.870496889654402861e-02 5.415751893646068016e-01 5.360646717769763647e-01 1.629229032400340282e-01 5.172350464095557543e-01
8.973315814583519845e-02 5.333475986648636979e-01 5.338640545045131303e-01 1.646547761925606645e-01 5.108563474996484777e-01
9.077326525210223374e-02 5.171372187425896660e-01 5.323232499611315616e-01 1.664033531981994329e-01 5.050133614828049566e-01
9.182542835656282154e-02 5.005924785844005909e-01 5.315308837930983188e-01 1.681687581454779368e-01 4.997831864981121530e-01
9.288978720164497993e-02 4.941610265829369797e-01 5.315180555315917044e-01 1.699511150019457628e-01 4.951940037681075157e-01
9.396648314954690606e-02 5.035450823250732233e-01 5.322565774737487709e-01 1.717505477911948630e-01 4.912229061319614565e-01
9.505565920101191613e-02 5.248623720370083623e-01 5.336666722239857830e-01 1.735671805692627079e-01 4.878024728928819220e-01
9.615746001432096124e-02 5.468103009916498447e-01 5.356318255570372555e-01 1.754011374004078028e-01 4.848339682669026152e-01
9.727203192450536995e-02 5.586284367303044895e-01 5.380184765223949839e-01 1.772525423322471039e-01 4.822047173931471309e-01
9.839952296278225985e-02 5.575885750555095166e-01 5.406985560316553974e-01 1.791215193702444253e-01 4.798074453458269772e-01
9.954008287621518569e-02 5.498511491951009189e-01 5.435709070050425140e-01 1.810081924515391238e-01 4.775579728468562490e-01
1.006938631476027024e-01 5.442346701190268199e-01 5.465748062036148713e-01 1.829126854181041817e-01 4.754057836177762453e-01
1.018610170155975214e-01 5.447668342479790038e-01 5.496890635202204001e-01 1.848351219892227504e-01 4.733325979657842519e-01
1.030416994950587445e-01 5.487345383888025951e-01 5.529173461273935164e-01 1.867756257332718051e-01 4.713400147910685178e-01
1.042360673976401170e-01 5.512933757150131342e-01 5.562688760587494174e-01 1.887343200388019726e-01 4.694338804871349691e-01
1.054442793526168404e-01 5.511875873340749132e-01 5.597418837453710383e-01 1.907113280849017378e-01 4.676113145069513144e-01
1.066664958279538722e-01 5.515962201119075647e-01 5.633081059258413514e-01 1.927067728108353972e-01 4.658490222187601226e-01
1.079028791516183639e-01 5.560432928772091055e-01 5.668949582599408510e-01 1.947207768849420484e-01 4.640903009536224144e-01
1.091535935331391094e-01 5.648171559400084751e-01 5.703733211279816695e-01 1.967534626727850400e-01 4.622368191875110832e-01
1.104188050854160164e-01 5.759200737755052479e-01 5.735642556480641252e-01 1.988049522045395312e-01 4.601548799885449847e-01
1.116986818467822634e-01 5.881730430435089252e-01 5.762665243909717017e-01 2.008753671416063924e-01 4.576967083958052296e-01
1.129933938033221702e-01 6.012856482468510455e-01 5.782950794624533986e-01 2.029648287424402342e-01 4.547287103893371540e-01
1.143031129114478600e-01 6.126283417552816912e-01 5.795190231553674076e-01 2.050734578275801023e-01 4.511582422838879558e-01
1.156280131207375328e-01 6.164249608892879984e-01 5.798924376702436767e-01 2.072013747438698761e-01 4.469548126378345976e-01
1.169682703970384707e-01 6.087596218980950713e-01 5.794729074804744196e-01 2.093486993278565189e-01 4.421628689000569601e-01
1.183240627458378019e-01 5.929596793197454696e-01 5.784171006089858791e-01 2.115155508683534968e-01 4.368988214546023485e-01
1.196955702359042834e-01 5.772514738971749049e-01 5.769488535657997241e-01 2.137020480681571521e-01 4.313286303617011042e-01
1.210829750232039481e-01 5.661572934093310749e-01 5.753174250598188655e-01 2.159083090049029041e-01 4.256381719958169385e-01
1.224864613750930725e-01 5.568598165240691289e-01 5.737642989803214411e-01 2.181344510910488976e-01 4.200092605370491228e-01
1.239062156947915577e-01 5.462262862045065281e-01 5.724950408380257150e-01 2.203805910329742490e-01 4.145983855565912868e-01
1.253424265461399456e-01 5.387110500471677943e-01 5.716452935819031911e-01 2.226468447891783720e-01 4.095100872856458074e-01
1.267952846786433996e-01 5.425666700339196735e-01 5.712518519491860403e-01 2.249333275275690325e-01 4.047738130375744259e-01
1.282649830528059809e-01 5.584898339773730624e-01 5.712498327124447828e-01 2.272401535818253659e-01 4.003410117707936200e-01
1.297517168657586761e-01 5.772487240893711125e-01 5.714917576481420847e-01 2.295674364068229223e-01 3.960996866966748908e-01
1.312556835771842845e-01 5.901767065133118884e-01 5.717757209438659727e-01 2.319152885331067782e-01 3.918963306193050666e-01
1.327770829355429116e-01 5.966347618088841953e-01 5.718853044706131428e-01 2.342838215203997543e-01 3.875666373743136273e-01
1.343161170046015263e-01 5.981708067472553125e-01 5.716390366994128502e-01 2.366731459101318602e-01 3.829728951451886187e-01
1.358729901902709092e-01 5.923378448327665247e-01 5.709254561282708362e-01 2.390833711769770054e-01 3.780300365943306540e-01
1.374479092677536596e-01 5.793552379552888709e-01 5.697118006393235845e-01 2.415146056793832097e-01 3.727118152521337047e-01
1.390410834090069769e-01 5.687567496224971153e-01 5.680473703599008273e-01 2.439669566090824637e-01 3.670535451423224127e-01
1.406527242105236331e-01 5.684985497583957548e-01 5.660615116709650785e-01 2.464405299395656668e-01 3.611514928019604609e-01
1.422830457214351862e-01 5.708468879891128722e-01 5.639313253261409864e-01 2.489354303735093477e-01 3.551395064176807725e-01
1.439322644719406574e-01 5.618178339255842646e-01 5.618359703989955767e-01 2.514517612891382647e-01 3.491548585965601470e-01
1.456005995020648591e-01 5.431317273026663450e-01 5.599360369962207429e-01 2.539896246855110062e-01 3.433224428803614003e-01
1.472882723907501801e-01 5.308415527517906796e-01 5.583719612577625613e-01 2.565491211267127980e-01 3.377530707825570633e-01
1.489955072852853779e-01 5.330371304244692077e-01 5.572545496903401618e-01 2.591303496849418075e-01 3.325353418512018711e-01
1.507225309310755434e-01 5.439663223883521859e-01 5.566470890611240341e-01 2.617334078824727350e-01 3.277207823963596001e-01
1.524695727017572888e-01 5.578072266976443760e-01 5.565602638339490760e-01 2.643583916324843130e-01 3.233190952836228482e-01
1.542368646296627399e-01 5.703981551308269227e-01 5.569707661090667061e-01 2.670053951787343949e-01 3.193123639100765021e-01
1.560246414366368017e-01 5.719009983835686706e-01 5.578497944857678803e-01 2.696745110340678098e-01 3.156773774633713781e-01
1.578331405652116382e-01 5.586770920431505250e-01 5.591608990055246808e-01 2.723658299177417752e-01 3.123841728987444277e-01
1.596626022101425013e-01 5.453504079475446353e-01 5.608311062088824350e-01 2.750794406915534340e-01 3.093739609101128218e-01
1.615132693503091299e-01 5.443759284270721643e-01 5.627604699911372688e-01 2.778154302947531962e-01 3.065672202147891046e-01
1.633853877809862132e-01 5.483332006854082508e-01 5.648561865492458534e-01 2.805738836777283418e-01 3.038906460372565177e-01
1.652792061464895546e-01 5.524800002355138018e-01 5.670075873699390590e-01 2.833548837344429527e-01 3.012581681305162018e-01
1.671949759731990170e-01 5.684556636291958620e-01 5.690520429622711873e-01 2.861585112336144654e-01 2.985453191589088617e-01
1.691329517029648843e-01 5.944903871985806054e-01 5.708039259989288183e-01 2.889848447486136340e-01 2.956118839181630098e-01
1.710933907269015231e-01 6.061225873314680657e-01 5.721030520646213091e-01 2.918339605860701957e-01 2.923384355023012082e-01
1.730765534195725930e-01 5.946149279392975995e-01 5.728431168319637612e-01 2.947059327131687501e-01 2.886468203624195650e-01
1.750827031735725237e-01 5.803603515995515716e-01 5.729663829463278457e-01 2.976008326836167561e-01 2.844949997853508106e-01
1.771121064345088647e-01 5.800489639849683021e-01 5.724633665292415685e-01 3.005187295622696042e-01 2.798761560297729489e-01
1.791650327363901452e-01 5.870255174920115948e-01 5.714132534042699607e-01 3.034596898483946648e-01 2.748492996089147988e-01
1.812417547374237659e-01 5.838618617449072845e-01 5.699726859381866184e-01 3.064237773975569956e-01 2.695315820614385127e-01
1.833425482562290598e-01 5.676818847915152677e-01 5.683249315471897711e-01 3.094110533421111642e-01 2.640608840039583294e-01
1.854676923084699336e-01 5.587937797658588668e-01 5.666852441266646556e-01 3.124215760102798112e-01 2.586008853653544159e-01
1.876174691439121411e-01 5.617720935844423558e-01 5.652738511136438104e-01 3.154554008438022472e-01 2.533209287183089686e-01
1.897921642839101308e-01 5.485190242042260467e-01 5.642641081910041434e-01 3.185125803141355960e-01 2.483558360997511760e-01
1.919920665593284892e-01 5.234439315420754690e-01 5.638014862875193600e-01 3.215931638371902213e-01 2.438194081197591900e-01
1.942174681489026444e-01 5.315694026530956018e-01 5.639889608348072070e-01 3.246971976865810072e-01 2.397920630149150967e-01
1.964686646180446583e-01 5.686122890126764640e-01 5.648539572135458098e-01 3.278247249053771739e-01 2.362944702088478899e-01
1.987459549580983809e-01 5.857589876766874371e-01 5.663516410776356924e-01 3.309757852163310310e-01 2.332899421005977525e-01
2.010496416260499075e-01 5.724568176366984229e-01 5.683792483116000271e-01 3.341504149305677962e-01 2.306962085852344024e-01
2.033800305846981960e-01 5.553938170843274458e-01 5.708057258893443064e-01 3.373486468547172712e-01 2.284093484884007208e-01
2.057374313432913659e-01 5.569224183310839127e-01 5.734639567377027847e-01 3.405705101964686676e-01 2.262990869431492913e-01
2.081221569986339281e-01 5.682667949259900819e-01 5.761968266699455388e-01 3.438160304685285995e-01 2.242447402683074020e-01
2.105345242766706038e-01 5.720117514151484839e-01 5.788720142631021970e-01 3.470852293909636455e-01 2.221464218144163505e-01
2.129748535745520921e-01 5.923378646010203363e-01 5.813367394563372370e-01 3.503781247919072750e-01 2.198907864965029269e-01
2.154434690031884481e-01 6.253246818784854444e-01 5.834664077456462872e-01 3.536947305066113767e-01 2.173872676492896172e-01
2.179406984302955930e-01 6.248199847106150617e-01 5.852478910182514760e-01 3.570350562748220158e-01 2.146289969931181596e-01
2.204668735239409816e-01 6.107796273971302092e-01 5.867754159540993220e-01 3.603991076364594370e-01 2.116882030017234462e-01
2.230223297965938656e-01 5.943382252041715663e-01 5.881311385050272955e-01 3.637868858255818849e-01 2.086271345568254665e-01
2.256074066496861485e-01 5.559281108448855813e-01 5.894489601872778817e-01 3.671983876626112586e-01 2.055454403392378282e-01
2.282224474186898555e-01 5.454331962904597209e-01 5.909115097000661176e-01 3.706336054448011175e-01 2.025776548342485550e-01
2.308677994187169624e-01 5.763522116018107155e-01 5.926616212827355845e-01 3.740925268349243327e-01 1.998277722622215924e-01
2.335438139906479416e-01 6.028913347653601651e-01 5.947947358111315141e-01 3.775751347481596243e-01 1.973637301171597136e-01
2.362508465477947683e-01 6.035923158815468259e-01 5.973585563979137980e-01 3.810814072371546679e-01 1.952173284988749091e-01
2.389892566231050230e-01 5.929521265629261739e-01 6.003634435769096278e-01 3.846113173752436776e-01 1.933921805563137419e-01
2.417594079169130827e-01 5.932495921564360231e-01 6.037103429978795122e-01 3.881648331377974825e-01 1.918124296875925172e-01
2.445616683452446483e-01 5.788540379136369873e-01 6.072469106261587646e-01 3.917419172816823392e-01 1.903652694681544910e-01
2.473964100886814066e-01 5.899823155379444461e-01 6.108146657468015439e-01 3.953425272228054954e-01 1.889359218189009260e-01
2.502640096417919069e-01 6.542682032859775676e-01 6.142038984911316613e-01 3.989666149117240268e-01 1.873760127593848690e-01
2.531648478631355337e-01 6.794243012840287532e-01 6.172556314184454163e-01 4.026141267072923524e-01 1.855760517175434055e-01
2.560993100258459609e-01 6.330863540339859430e-01 6.199186046321940591e-01 4.062850032483258378e-01 1.835038783499674253e-01
2.590677858688008595e-01 6.062768291830377132e-01 6.221417324203519783e-01 4.099791793232547832e-01 1.811275324450779822e-01
2.620706696483852682e-01 6.446048822901128128e-01 6.239333092136881698e-01 4.136965837377460375e-01 1.784562368790403586e-01
2.651083601908538756e-01 6.358655108969961667e-01 6.253090060379274950e-01 4.174371391802644271e-01 1.755035982510578796e-01
2.681812609453015361e-01 6.142599774283235003e-01 6.263289966084089055e-01 4.212007620855522383e-01 1.723133700299688820e-01
2.712897800372467416e-01 6.117434882712072808e-01 6.270558924181329763e-01 4.249873624959976115e-01 1.689302372699905685e-01
2.744343303228365394e-01 6.013172752220954376e-01 6.274775630381453917e-01 4.287968439208680871e-01 1.653466210392135205e-01
2.776153294436801144e-01 6.165575129228404450e-01 6.276639424686760727e-01 4.326291031933821585e-01 1.616114490585217611e-01
2.808331998823172526e-01 6.464017573977784981e-01 6.276868863053445269e-01 4.364840303255913545e-01 1.577746966564793352e-01
2.840883690183304000e-01 6.815580702536520041e-01 6.276143074382797282e-01 4.403615083610469272e-01 1.538834848082142048e-01
2.873812691851066470e-01 6.585680707970227310e-01 6.275672057519804392e-01 4.442614132252220571e-01 1.500216471568230348e-01
2.907123377272578524e-01 6.288372476165200453e-01 6.276253435613394771e-01 4.481836135736627647e-01 1.462444982392769877e-01
2.940820170587063465e-01 6.364689925124024095e-01 6.279160223591592205e-01 4.521279706378377172e-01 1.426401897270250796e-01
2.974907547214440395e-01 5.890301587916949577e-01 6.285976167926548008e-01 4.560943380686596216e-01 1.393180491750806160e-01
3.009390034449720974e-01 5.454187693528410596e-01 6.297165473881911613e-01 4.600825617776470589e-01 1.363093328493750200e-01
3.044272212064302874e-01 6.024144105408644201e-01 6.313633664303671678e-01 4.640924797756985631e-01 1.336748481340837291e-01
3.079558712914226559e-01 6.491271209205016213e-01 6.335735630134334828e-01 4.681239220094465248e-01 1.314362122917130393e-01
3.115254223555488089e-01 6.657099978158107501e-01 6.362500207879542291e-01 4.721767101951629408e-01 1.295232475522763715e-01
3.151363484866479547e-01 6.497813696776936210e-01 6.392249518802421981e-01 4.762506576501829292e-01 1.278181307439831271e-01
3.187891292677645927e-01 6.568578584054033387e-01 6.423871401811309667e-01 4.803455691218159185e-01 1.262430493342576454e-01
3.224842498408442282e-01 6.579588307564309124e-01 6.455620663913884671e-01 4.844612406137116523e-01 1.246789660747087275e-01
3.262222009711669979e-01 6.097753596057596814e-01 6.485784412661589338e-01 4.885974592096475333e-01 1.230113043996593908e-01
3.300034791125285305e-01 6.446814504034764637e-01 6.512919353343327167e-01 4.927540028947058337e-01 1.211455395633956322e-01
3.338285864731760921e-01 6.792009508642740112e-01 6.536474342680311800e-01 4.969306403738040778e-01 1.190477849570993202e-01
3.376980310825091203e-01 6.768142304713211654e-01 6.556569687432467486e-01 5.011271308875464570e-01 1.167287655655098039e-01
3.416123268585528616e-01 7.072817016725962969e-01 6.573831526501853206e-01 5.053432240253598051e-01 1.142321230630815726e-01
3.455719936762139399e-01 6.753337086247295229e-01 6.590113109672863789e-01 5.095786595358793303e-01 1.116816366454831955e-01
3.495775574363275129e-01 6.323034802842114610e-01 6.606762701003536797e-01 5.138331671345467422e-01 1.091665744063365917e-01
3.536295501355042892e-01 6.613246823281551112e-01 6.624929107811675655e-01 5.181064663083856381e-01 1.067622227248701677e-01
3.577285099367873422e-01 6.295501554935589716e-01 6.645887640692197396e-01 5.223982661179141784e-01 1.045512677544354202e-01
3.618749812411280464e-01 6.190401664235867241e-01 6.670255479790826447e-01 5.267082649961596363e-01 1.025723350308230114e-01
3.660695147596902399e-01 6.391208489760656919e-01 6.696917722860935562e-01 5.310361505447336317e-01 1.007508764079265845e-01
3.703126675869927165e-01 6.637719912457117344e-01 6.724548695340525351e-01 5.353815993269305240e-01 9.899970212096508015e-02
3.746050032748993175e-01 6.851598091429150772e-01 6.751541540837908695e-01 5.397442766578071094e-01 9.721489826907006582e-02
3.789470919074667821e-01 7.267739972163641538e-01 6.777057548211583571e-01 5.441238363912044296e-01 9.534342209257869183e-02
3.833395101766601254e-01 7.434461224477816321e-01 6.799208680646395830e-01 5.485199207036689506e-01 9.326596614880151848e-02
3.877828414589457595e-01 7.423864680345175771e-01 6.818103652147948779e-01 5.529321598752316991e-01 9.099174900674181221e-02
3.922776758927719598e-01 6.838299743918817564e-01 6.834316883330137093e-01 5.573601720670010584e-01 8.855918004221953466e-02
3.968246104569481680e-01 6.676353064279089145e-01 6.848995815433499557e-01 5.618035630955284798e-01 8.604241159076617129e-02
4.014242490499321803e-01 6.596693019130238644e-01 6.863776771446847835e-01 5.662619262038983692e-01 8.354578872402319834e-02
4.060772025700365440e-01 6.351953985655591772e-01 6.880528954128393160e-01 5.707348418295010717e-01 8.118744088697242567e-02
4.107840889965646558e-01 6.605049699917688866e-01 6.899452283685137965e-01 5.752218773684404374e-01 7.897922025395642809e-02
4.155455334718875515e-01 6.701500766273462695e-01 6.921278619269035648e-01 5.797225869365296713e-01 7.696611079667976807e-02
4.203621683844713797e-01 6.812422322685827147e-01 6.946255659325006881e-01 5.842365111268283950e-01 7.516206945275495654e-02
4.252346334528682159e-01 6.898236452879284997e-01 6.972265879479643269e-01 5.887631767636727353e-01 7.343330014694535168e-02
4.301635758106794882e-01 7.577546600489003525e-01 6.997517834792649216e-01 5.933020966531474816e-01 7.166813095865035010e-02
4.351496500925050026e-01 7.916541075614771383e-01 7.020830596114963074e-01 5.978527693299531265e-01 6.979424888456071951e-02
4.401935185208874501e-01 7.332893410432160808e-01 7.041331300484545697e-01 6.024146788006128350e-01 6.775923311125062187e-02
4.452958509942655518e-01 6.651583406047524294e-01 7.058375198824030639e-01 6.069872942829726004e-01 6.552513989779690240e-02
4.504573251759458330e-01 7.068355032477581235e-01 7.071698568058487622e-01 6.115700699419361897e-01 6.307751753167387121e-02
4.556786265841064054e-01 6.639089261444378609e-01 7.082024054906986832e-01 6.161624446213872508e-01 6.046217321237969816e-02
4.609604486828433600e-01 6.984824750350928646e-01 7.090730682391473971e-01 6.207638415722378511e-01 5.776457839030398750e-02
4.663034929742731483e-01 6.970272282718227297e-01 7.099367878417220945e-01 6.253736681765535987e-01 5.508009023532861592e-02
4.717084690917017209e-01 7.533408713691841507e-01 7.108678733284248263e-01 6.299913156676950621e-01 5.245432453180601945e-02
4.771760948938745805e-01 7.555067290736847685e-01 7.119880257532211765e-01 6.346161588464203085e-01 4.996156363184519472e-02
4.827070965603182939e-01 7.498040184887289072e-01 7.135000346109304781e-01 6.392475557928887220e-01 4.772492237106181617e-02
4.883022086877880086e-01 6.575114008575635438e-01 7.153692299891395434e-01 6.438848475745078126e-01 4.572205096780877775e-02
4.939621743878320759e-01 6.325951962768976422e-01 7.176952887495816613e-01 6.485273579495627327e-01 4.401179395133697492e-02
4.996877453854883799e-01 7.377261619888860755e-01 7.204892666852906746e-01 6.531743930665667719e-01 4.259836500684988092e-02
5.054796821191240852e-01 7.487962130717944476e-01 7.237167748223405361e-01 6.578252411592693250e-01 4.145810551637892083e-02
5.113387538414325695e-01 6.738550430168632754e-01 7.272707318727040793e-01 6.624791722372611602e-01 4.052388128237359444e-02
5.172657387216018643e-01 7.079571279869067979e-01 7.310012143481636748e-01 6.671354377721090412e-01 3.970408772654811236e-02
5.232614239486661489e-01 7.894360659863106644e-01 7.347747944879206017e-01 6.717932703789555315e-01 3.891860094460652952e-02
5.293266058360561743e-01 8.067634874184637095e-01 7.384750565772431052e-01 6.764518834935192571e-01 3.809892040491461018e-02
5.354620899273607737e-01 7.460062420991036003e-01 7.420564283295046915e-01 6.811104710444235710e-01 3.721937471217963422e-02
5.416686911033151697e-01 7.301771688891004475e-01 7.452244253220392523e-01 6.857682071207895635e-01 3.610973387160380799e-02
5.479472336900287344e-01 7.452137775760019345e-01 7.482131816630644972e-01 6.904242456350202506e-01 3.490932102414625454e-02
5.542985515684668574e-01 7.863581539511375063e-01 7.508868258970711196e-01 6.950777199807062212e-01 3.354111695880269972e-02
5.607234882852032420e-01 7.049799349014058691e-01 7.533088629484222531e-01 6.997277426855796900e-01 3.204398400602360281e-02
5.672228971644543982e-01 7.082179042651419731e-01 7.554143109304557457e-01 7.043734050594447904e-01 3.038225805095233142e-02
5.737976414214134291e-01 8.401793274707163306e-01 7.574173658460117142e-01 7.090137768370081695e-01 2.868058424186895744e-02
5.804485942768977669e-01 7.278620067391148307e-01 7.592304610219702266e-01 7.136479058155351662e-01 2.688962835900400236e-02
5.871766390733255125e-01 7.681631618369409997e-01 7.608501917970562634e-01 7.182748174872534141e-01 2.500851397277653945e-02
5.939826693920355893e-01 7.733123055446241567e-01 7.622749600090137356e-01 7.228935146664270395e-01 2.303732529810067001e-02
6.008675891719686968e-01 7.888514841436937708e-01 7.634655547675064380e-01 7.275029771110211874e-01 2.095467289933267835e-02
6.078323128297229427e-01 7.759049998564565565e-01 7.646252391281944671e-01 7.321021611388748296e-01 1.887694044994585665e-02
6.148777653810023613e-01 7.803130621672402789e-01 7.658385120369035626e-01 7.366899992383040274e-01 1.685242787404645295e-02
6.220048825634711953e-01 7.588650470577540386e-01 7.671906510119658185e-01 7.412653996730464989e-01 1.492957301457884488e-02
6.292146109610343707e-01 7.259982704564226230e-01 7.688202322172675851e-01 7.458272460814682203e-01 1.318655899094898706e-02
6.365079081295571539e-01 8.058462530567772619e-01 7.709417729172601819e-01 7.503743970699432442e-01 1.174357083215908995e-02
6.438857427240419762e-01 6.598147853498693705e-01 7.736946053831741388e-01 7.549056858003196924e-01 1.067687232842905176e-02
6.513490946272803006e-01 8.250871647699355993e-01 7.769764862728696375e-01 7.594199195713841055e-01 9.925891406898961628e-03
6.588989550799949635e-01 7.952894126898590876e-01 7.807857562061267798e-01 7.639158793942352199e-01 9.486344211788214423e-03
6.665363268124913088e-01 7.794720941188029162e-01 7.850701055925660699e-01 7.683923195614722479e-01 9.325425092055472653e-03
6.742622241778342129e-01 7.034367112096506780e-01 7.897357817557569826e-01 7.728479672101096210e-01 9.387746740709298349e-03
6.820776732865685421e-01 8.741724595476774162e-01 7.945679776535330419e-01 7.772815218781203850e-01 9.552714864757410121e-03
6.899837121430018039e-01 8.495996975564371612e-01 7.992253178328928565e-01 7.816916550545150999e-01 9.633757328688602115e-03
6.979813907830659803e-01 7.764576027643823597e-01 8.037085440299333028e-01 7.860770097228573228e-01 9.633490515883807656e-03
7.060717714137773049e-01 8.006407249897231626e-01 8.078242287851596926e-01 7.904361998981193072e-01 9.450053089883645591e-03
7.142559285543126357e-01 8.085161892114104409e-01 8.113343005818691722e-01 7.947678101567766662e-01 8.959568014731271110e-03
7.225349491787214085e-01 8.721768808066954204e-01 8.142163235499270124e-01 7.990703951600406363e-01 8.154764197314647370e-03
7.309099328602910450e-01 8.127861036827432883e-01 8.163683849334477660e-01 8.033424791701263556e-01 6.985445468511430889e-03
7.393819919175865785e-01 8.154997142790140208e-01 8.178334157211560873e-01 8.075825555594507987e-01 5.477922089112495681e-03
7.479522515621821466e-01 8.174542290163433478e-01 8.187333324640292398e-01 8.117890863126565604e-01 3.699263480352517688e-03
7.566218500481054487e-01 8.611004803430866161e-01 8.191626214782992133e-01 8.159605015213527990e-01 1.700990935672632137e-03
7.653919388230148169e-01 8.946343844541547741e-01 8.192527484380708325e-01 8.200951988714638707e-01 4.463623568228169600e-04
7.742636826811269968e-01 7.693869658711814941e-01 8.192608775966178092e-01 8.241915431230767419e-01 2.605937632480401830e-03
7.832382599179196214e-01 7.584050567958305900e-01 8.192156309819148552e-01 8.282478655826741587e-01 4.762095132880574642e-03
7.923168624866253618e-01 8.126675467071318160e-01 8.194923047887689993e-01 8.322624635676381111e-01 6.715427859547652180e-03
8.015006961565405152e-01 8.179130490138883935e-01 8.201828679355467333e-01 8.362335998629114586e-01 8.416920057414439132e-03
8.107909806731686819e-01 8.584246597170768212e-01 8.212826702223192665e-01 8.401595021696982579e-01 9.869084671858707747e-03
8.201889499202202893e-01 7.658488808633301392e-01 8.227628666175970107e-01 8.440383625460839978e-01 1.108750362470554800e-02
8.296958520834906148e-01 7.751342634275858456e-01 8.247268247597855373e-01 8.478683368394570596e-01 1.201829659279541294e-02
8.393129498166364000e-01 9.114723348731765817e-01 8.269779305529718627e-01 8.516475441106072797e-01 1.276597863485707911e-02
8.490415204088747059e-01 8.137692013112375333e-01 8.294483534024396088e-01 8.553740660493793779e-01 1.336672947998019355e-02
8.588828559546249908e-01 8.607638006930246055e-01 8.320038720417135547e-01 8.590459463817537999e-01 1.389104540169341581e-02
8.688382635251183927e-01 7.928262077423964271e-01 8.344414313658379267e-01 8.626611902682305155e-01 1.444440089417542948e-02
8.789090653419954213e-01 8.153319635876091764e-01 8.366965950945466357e-01 8.662177636933831026e-01 1.505908400098191977e-02
8.890965989529158175e-01 8.786130711421031858e-01 8.386691592226870329e-01 8.697135928464546639e-01 1.578558496757183349e-02
8.994022174092044519e-01 8.699497630026782335e-01 8.403164974755397143e-01 8.731465634928623487e-01 1.664425916554269913e-02
9.098272894455557980e-01 8.946601933381693739e-01 8.417204998169189878e-01 8.765145203364755888e-01 1.759121061095476890e-02
9.203731996618220723e-01 8.019405750829963209e-01 8.428270151232052365e-01 8.798152663725307132e-01 1.865304589978336591e-02
9.310413487069075789e-01 8.125851389065944508e-01 8.439333746844790429e-01 8.830465622310460505e-01 1.967544204002847838e-02
9.418331534647951253e-01 8.818455330103275314e-01 8.451066858776927759e-01 8.862061255105947444e-01 2.062321003047917420e-02
9.527500472427290479e-01 8.975721146461486111e-01 8.464583920846779908e-01 8.892916301022946168e-01 2.143858971693238941e-02
9.637934799615786030e-01 7.692993456570752508e-01 8.481678822722401589e-01 8.923007055038705282e-01 2.202941343737170252e-02
9.749649183484085935e-01 8.296752412427718104e-01 8.502880768795637589e-01 8.952309361236430174e-01 2.236899226623282819e-02
9.862658461312820979e-01 8.685078474602344611e-01 8.528699496649131406e-01 8.980798605742965623e-01 2.243214486460485060e-02
9.976977642363201726e-01 7.603938058655188570e-01 8.557961209403222025e-01 9.008449709562742491e-01 2.227974477322557795e-02
1.009262190987048502e+00 8.700576260764213421e-01 8.589168176448704894e-01 9.035242322031336037e-01 2.198869834132812298e-02
1.020960662306047650e+00 9.267068739997550431e-01 8.620231234351455329e-01 9.061193723415390533e-01 2.166649972336830154e-02
1.032794731918952547e+00 8.994226522629799048e-01 8.648282750364749694e-01 9.086336831422061611e-01 2.145895194489839258e-02
1.044765971560805307e+00 8.591907246692332967e-01 8.672228334164667762e-01 9.110702969905828397e-01 2.142118382137940535e-02
1.056875971184805030e+00 8.811632324943301509e-01 8.689577827616746797e-01 9.134321895171737538e-01 2.167763485616814104e-02
1.069126339173477103e+00 8.802646417581363458e-01 8.699852200110221867e-01 9.157221895529081834e-01 2.225186348327887892e-02
1.081518702552289213e+00 9.793464801690137111e-01 8.703824976064968855e-01 9.179429883149607949e-01 2.310555956028201990e-02
1.094054707205743604e+00 8.244035919447114669e-01 8.702270243740508615e-01 9.200971478928405833e-01 2.420111856426071864e-02
1.106736018095974439e+00 8.571398633362806718e-01 8.698862203024703144e-01 9.221871090973181584e-01 2.535659576447020155e-02
1.119564319483879355e+00 8.786149413214507931e-01 8.695169865064518167e-01 9.242151987283597769e-01 2.649503560848600822e-02
1.132541315152812755e+00 8.606333449676975000e-01 8.693780195600927518e-01 9.261836363125772742e-01 2.748844792089721531e-02
1.145668728634872569e+00 8.497503973041912184e-01 8.697769852111566502e-01 9.280945403556652984e-01 2.818430607733508897e-02
1.158948303439811811e+00 8.358342361689558020e-01 8.710004607582938485e-01 9.299499341508543626e-01 2.844118325941522030e-02
1.172381803286599800e+00 8.058807512513010973e-01 8.728926863321722074e-01 9.317517511804154218e-01 2.833936295738008135e-02
1.185971012337670549e+00 8.550461434091327639e-01 8.755867219712220040e-01 9.335018401437336077e-01 2.781601138784237440e-02
1.199717735435885446e+00 9.707311239945209946e-01 8.790975388965615034e-01 9.352019696422917416e-01 2.686834861439236014e-02
1.213623798344241722e+00 8.454374486360091145e-01 8.831015743440556731e-01 9.368538325490942675e-01 2.566117877001827113e-02
1.227691047988360484e+00 8.531853931470559926e-01 8.874602604819984419e-01 9.384590500875233943e-01 2.426641189281598943e-02
1.241921352701784720e+00 9.107861802016811170e-01 8.920067033646489341e-01 9.400191756423557088e-01 2.276859487211176786e-02
1.256316602474121469e+00 9.100312633187439548e-01 8.964653408396803247e-01 9.415356983236344846e-01 2.130328741791195912e-02
1.270878709202059476e+00 9.399039018344943486e-01 9.006886630429801199e-01 9.430100463022479396e-01 1.994162317386981992e-02
1.285609606943296512e+00 9.289033747731351154e-01 9.045760647237203189e-01 9.444435899344365559e-01 1.873093129888116562e-02
1.300511252173409904e+00 8.651541658740715679e-01 9.079269856964048424e-01 9.458376446909431134e-01 1.776567057597547641e-02
1.315585624045705115e+00 9.355884528301330327e-01 9.108495671439379437e-01 9.471934739051917074e-01 1.699204085440368314e-02
1.330834724654076151e+00 9.229866815652830736e-01 9.131701621902871269e-01 9.485122913536634393e-01 1.649125060246612456e-02
1.346260579298911075e+00 9.117022070165152758e-01 9.149533944433249077e-01 9.497952636805349069e-01 1.623102686774672079e-02
1.361865236756082842e+00 9.268341902453013370e-01 9.162528801533114109e-01 9.510435126776601855e-01 1.618503466286115230e-02
1.377650769549054965e+00 9.811057178848162641e-01 9.172072135502045143e-01 9.522581174300572826e-01 1.628722178637410575e-02
1.393619274224143556e+00 8.518659524820748619e-01 9.178412934485111752e-01 9.534401163362604681e-01 1.652582847470535077e-02
1.409772871628967694e+00 9.049467946932616691e-01 9.182051809515344720e-01 9.545905090121378223e-01 1.687737315816470116e-02
1.426113707194129887e+00 9.604462389919139476e-01 9.185149195359575414e-01 9.557102580861016605e-01 1.724003252920129972e-02
1.442643951218158804e+00 9.498058602072969592e-01 9.187964019032334173e-01 9.568002908930195449e-01 1.760201289499795096e-02
1.459365799155757593e+00 9.249279623159496477e-01 9.193506693212603054e-01 9.578615010735695989e-01 1.782152160319814063e-02
1.476281471909391074e+00 9.081214078357260355e-01 9.202128847892239172e-01 9.588947500852718075e-01 1.788263093960189981e-02
1.493393216124253353e+00 8.307373802729912660e-01 9.213480676537327829e-01 9.599008686309455918e-01 1.780265534251879167e-02
1.510703304486655574e+00 8.910499182613363933e-01 9.227763366432915060e-01 9.608806580099278349e-01 1.757300227191595579e-02
1.528214036025870914e+00 9.629698923372260744e-01 9.243868824774851278e-01 9.618348913969811953e-01 1.724675344344997127e-02
1.545927736419478560e+00 9.326572402329621481e-01 9.260412211543153083e-01 9.627643150534590522e-01 1.688966574252620881e-02
1.563846758302247730e+00 9.422440320268320457e-01 9.275966997431722705e-01 9.636696494749754649e-01 1.656898639665827996e-02
1.581973481578601515e+00 9.257751229182134001e-01 9.287924787843400143e-01 9.645515904795007867e-01 1.640677159259821410e-02
1.600310313738701806e+00 9.495236280425869424e-01 9.295712093915591279e-01 9.654108102395551061e-01 1.642949322670149079e-02
1.618859690178199306e+00 9.413174062900983019e-01 9.299257503452992291e-01 9.662479582618752616e-01 1.664031541793175792e-02
1.637624074521689010e+00 1.033131060783285760e+00 9.297842364526360814e-01 9.670636623177326641e-01 1.707288597428701510e-02
1.656605958949915136e+00 9.707201466685685398e-01 9.293309886657954433e-01 9.678585293268349155e-01 1.764146266616053657e-02
1.675807864530768798e+00 8.396498335848017192e-01 9.287734244751062462e-01 9.686331461975468127e-01 1.824954613771227752e-02
1.695232341554121502e+00 9.257080570559033106e-01 9.281975228975435366e-01 9.693880806259975724e-01 1.885727036129729653e-02
1.714881969870540868e+00 8.593707957043026369e-01 9.277160112106240808e-01 9.701238818564419386e-01 1.941214384797517595e-02
1.734759359233932541e+00 8.779657445532675908e-01 9.275278594826747991e-01 9.708410814051036120e-01 1.982118226629506902e-02
1.754867149648152047e+00 9.657198528199202325e-01 9.274589958897725417e-01 9.715401937495860007e-01 2.016605456121669041e-02
1.775208011717636092e+00 9.482941981254456865e-01 9.274542427395904287e-01 9.722217169857734209e-01 2.047282560623672060e-02
1.795784647002096834e+00 9.438902096942278774e-01 9.274503004160146169e-01 9.728861334540543915e-01 2.077136720802681344e-02
1.816599788375328650e+00 9.485093540960042313e-01 9.271654521385959136e-01 9.735339103365554525e-01 2.119384289637595009e-02
1.837656200388172456e+00 9.360124698924399134e-01 9.265939028211865880e-01 9.741655002269788977e-01 2.174330697258420111e-02
1.858956679635688225e+00 9.470431069583434835e-01 9.257071884970976550e-01 9.747813416745321202e-01 2.243357152793995501e-02
1.880504055128583429e+00 9.361877786366289422e-01 9.245981613756701911e-01 9.753818597033441229e-01 2.322164877764991073e-02
1.902301188668945819e+00 9.249080974207037897e-01 9.235130003609122173e-01 9.759674663086861379e-01 2.399232736850230932e-02
1.924350975230332272e+00 9.665952114609236423e-01 9.224655937522031612e-01 9.765385609312107196e-01 2.473922034745952570e-02
1.946656343342263229e+00 8.624121909793636132e-01 9.219251323165242873e-01 9.770955309103805941e-01 2.524137258545498808e-02
1.969220255479173565e+00 9.004893782928873325e-01 9.220879632600681441e-01 9.776387519181539698e-01 2.540605505406626566e-02
1.992045708453871189e+00 8.620250499368743435e-01 9.232935251827700807e-01 9.781685883739623666e-01 2.507392236738967967e-02
2.015135733815558439e+00 9.029437520429598463e-01 9.255407583005758054e-01 9.786853938419211030e-01 2.424755818303276841e-02
2.038493398252464228e+00 8.908805544778620744e-01 9.288792004413537473e-01 9.791895114111905940e-01 2.290751466006065232e-02
2.062121803999144465e+00 1.012776494283430084e+00 9.332998179502420832e-01 9.796812740603264569e-01 2.106362577051859239e-02
2.086024089248504687e+00 8.918892681144136025e-01 9.387080224830289810e-01 9.801610050064217816e-01 1.876689093594054517e-02
2.110203428568596440e+00 8.996591756210489121e-01 9.448104447844287712e-01 9.806290180397954082e-01 1.616005470369063710e-02
2.134663033324245340e+00 9.714498451701312209e-01 9.515464430720526057e-01 9.810856178449325338e-01 1.327691906823779376e-02
2.159406152103567678e+00 9.444521697532123339e-01 9.584868979477110251e-01 9.815311003083542207e-01 1.031788433476381328e-02
2.184436071149428393e+00 1.016931220965803462e+00 9.653566258316855775e-01 9.819657528140406377e-01 7.408559773861901968e-03
2.209756114795903059e+00 9.554195814650309204e-01 9.719256273833656312e-01 9.823898545270104421e-01 4.650835117682789593e-03
2.235369645909796699e+00 9.868324030319619578e-01 9.778501737794366155e-01 9.828036766656151890e-01 2.194455228569136378e-03
2.261280066337279404e+00 1.089185508966472149e+00 9.828955691113631099e-01 9.832074827630878922e-01 1.377978420629415873e-04
2.287490817355704031e+00 8.787259338860970992e-01 9.868537123113486631e-01 9.836015289188404509e-01 1.433584031187623564e-03
2.314005380130653933e+00 1.004620444739724228e+00 9.895924989846806019e-01 9.839860640399948899e-01 2.467447057718059715e-03
2.340827276178294447e+00 1.067120349224337961e+00 9.911718109905933716e-01 9.843613300735940541e-01 2.994397752452920922e-03
2.367960067833078774e+00 1.142551767563117826e+00 9.914493515190683226e-01 9.847275622299183073e-01 2.954439184759088347e-03
2.395407358720879287e+00 9.434986383498517037e-01 9.905828860107783740e-01 9.850849891973145755e-01 2.417119235086979089e-03
2.423172794237600680e+00 1.006740006723461089e+00 9.887825714966498314e-01 9.854338333489187640e-01 1.473333815024511270e-03
2.451260062033339793e+00 9.323772382398495262e-01 9.863349355667468954e-01 9.857743109416341465e-01 2.469195741517241148e-04
2.479672892502160053e+00 1.003400918089234262e+00 9.835796721984625401e-01 9.861066323077087858e-01 1.114335243148992412e-03
2.508415059277541381e+00 9.419622481157990945e-01 9.807235827655296223e-01 9.864310020392426104e-01 2.520094425518136852e-03
2.537490379733571721e+00 1.048247260376828693e+00 9.780697127999830043e-01 9.867476191659261264e-01 3.836276577648580887e-03
2.566902715491951703e+00 9.297893954047417031e-01 9.755683828504686517e-01 9.870566773263100835e-01 5.084373968340381508e-03
2.596655972934872381e+00 9.086143828005099898e-01 9.734267902736257749e-01 9.873583649328849798e-01 6.171515322682048429e-03
2.626754103723838440e+00 9.776761150782753429e-01 9.715057141600043078e-01 9.876528653312317552e-01 7.158968669290464125e-03
2.657201105324506596e+00 9.663726613770903251e-01 9.697836879137633481e-01 9.879403569534979113e-01 8.055851680857560593e-03
2.688001021537607560e+00 9.690828447151409453e-01 9.681055903633367654e-01 9.882210134664375367e-01 8.931356479632559034e-03
2.719157943036019098e+00 9.744763643443317136e-01 9.664720762070059257e-01 9.884950039142452738e-01 9.785167935816565729e-03
2.750676007908067433e+00 1.020504864674986800e+00 9.650467018122566021e-01 9.887624928563967242e-01 1.054365297844417522e-02
2.782559402207125832e+00 1.069467729644550502e+00 9.636954470492674618e-01 9.890236405007033493e-01 1.126686542730279822e-02
2.814812360507581435e+00 9.742276639316659326e-01 9.626636081684045720e-01 9.892786028317797076e-01 1.184406142248526674e-02
2.847439166467247595e+00 8.743469866040297633e-01 9.622105072910538404e-01 9.895275317351057698e-01 1.215778706776573896e-02
2.880444153396297668e+00 8.802592979451026034e-01 9.626065204609830506e-01 9.897705751168683896e-01 1.208573937332606783e-02
2.913831704832788638e+00 8.723942639971554724e-01 9.638188555974838145e-01 9.900078770197417999e-01 1.164323174938459299e-02
2.947606255124858521e+00 1.031851083849484541e+00 9.660647423106266674e-01 9.902395777347805517e-01 1.073404785204743264e-02
2.981772290019673477e+00 8.821946866499811302e-01 9.691506974909233074e-01 9.904658139095718905e-01 9.448177733154403818e-03
3.016334347259197468e+00 1.054401107090406020e+00 9.730622248159257470e-01 9.906867186527923419e-01 7.795727624884406931e-03
3.051297017182871052e+00 9.625197891867368627e-01 9.774060353566219606e-01 9.909024216353150560e-01 5.955873357992024462e-03
3.086664943337274369e+00 1.035278953279057168e+00 9.821971453444375832e-01 9.911130491880015825e-01 3.924526615991743954e-03
3.122442823092857811e+00 1.011895838692786986e+00 9.869610162239338402e-01 9.913187243962988671e-01 1.913310473886353433e-03
3.158635408267818967e+00 9.661892143487484930e-01 9.914206885375145273e-01 9.915195671917707010e-01 4.331189891675763220e-05
3.195247505759213791e+00 9.391508813601726624e-01 9.953999349413524822e-01 9.917156944406773089e-01 1.610421788452986395e-03
3.232283978181380579e+00 1.019017897351167656e+00 9.986054374667406863e-01 9.919072200297147646e-01 2.922875009936490125e-03
3.269749744511767808e+00 1.039873928372354372e+00 1.000934056572585051e+00 9.920942549490223694e-01 3.852531566159768557e-03
3.307649780744242651e+00 1.029996000574804560e+00 1.002150240615476529e+00 9.922769073725552502e-01 4.299950668496470285e-03
3.345989120549974771e+00 1.018295282854404071e+00 1.002225886204160643e+00 9.924552827359292007e-01 4.254668039396239387e-03
3.384772855945982872e+00 1.071808301514973527e+00 1.001225092309002029e+00 9.926294838118172592e-01 3.744554402497469580e-03
3.424006137971425723e+00 1.019383944348545956e+00 9.993698311798624445e-01 9.927996107829994976e-01 2.864636660598621643e-03
3.463694177371734462e+00 9.776556056625598234e-01 9.967058678136649918e-01 9.929657613131468441e-01 1.632741306952423819e-03
3.503842245290675894e+00 1.033505779012594994e+00 9.934335526857748233e-01 9.931280306154213200e-01 1.335841299013030799e-04
3.544455673970435594e+00 9.713473835433463766e-01 9.897835648056030333e-01 9.932865115189628558e-01 1.534299799562432141e-03
3.585539857459817181e+00 9.774322160763228018e-01 9.861844083853037457e-01 9.934412945333612743e-01 3.184076386303086835e-03
3.627100252330648367e+00 8.868853694512591757e-01 9.827188512118394392e-01 9.935924679111514113e-01 4.779003527707976692e-03
3.669142378402494131e+00 1.016208328041232178e+00 9.796331020809923018e-01 9.937401177084310699e-01 6.209371191132983560e-03
3.711671819475766743e+00 9.532333263508320220e-01 9.769384699725570664e-01 9.938843278436526596e-01 7.468630815377387544e-03
3.754694224073336972e+00 9.758145888472365970e-01 9.747143968194947883e-01 9.940251801546498012e-01 8.520005100084694638e-03
3.798215306190736218e+00 1.010496274103508618e+00 9.730402549732080075e-01 9.941627544539730632e-01 9.326681062006982742e-03
3.842240846055060999e+00 9.591144927064334524e-01 9.718595436346940675e-01 9.942971285825794592e-01 9.912681441161315388e-03
3.886776690892667752e+00 1.023571449886864659e+00 9.710022607794538407e-01 9.944283784619378785e-01 1.035326839791466877e-02
3.931828755705770284e+00 9.403225400003303314e-01 9.706428995881299926e-01 9.945565781446044085e-01 1.057001227052562983e-02
3.977403024058036696e+00 9.175882409338730339e-01 9.706245339813609485e-01 9.946817998633208369e-01 1.063290697637694557e-02
4.023505548869293236e+00 8.802304084970109521e-01 9.709507558029960572e-01 9.948041140786778591e-01 1.054036852012566784e-02
4.070142453219438572e+00 1.031672912525342545e+00 9.715432597301207895e-01 9.949235895254067152e-01 1.032758494277172603e-02
4.117319931161679492e+00 1.038577518496909935e+00 9.722435653138934430e-01 9.950402932573252368e-01 1.006558996512965654e-02
4.165044248545185290e+00 9.581006287238926777e-01 9.730994620533160999e-01 9.951542906909964792e-01 9.733187371044735650e-03
4.213321743847289191e+00 9.705021319689419723e-01 9.739042740802571485e-01 9.952656456481401293e-01 9.422741666176803060e-03
4.262158829015325168e+00 9.560953887269231233e-01 9.747409678903461439e-01 9.953744203968322157e-01 9.097256211393208239e-03
4.311561990318228510e+00 1.044652018301162721e+00 9.756815606714511757e-01 9.954806756915379751e-01 8.724736533886336479e-03
4.361537789208005833e+00 9.748445250516141192e-01 9.767612012356919893e-01 9.955844708120129560e-01 8.289713539158980252e-03
4.412092863191189984e+00 9.609058228959387327e-01 9.779901827972363737e-01 9.956858636011096664e-01 7.787845910710759247e-03
4.463233926710397093e+00 9.183179641036506302e-01 9.795695972187007383e-01 9.957849105015210700e-01 7.130243446423534942e-03
4.514967772036102112e+00 9.843642547650061081e-01 9.813532333268740748e-01 9.958816665915064537e-01 6.382379711770036664e-03
4.567301270168746541e+00 9.930326469902412967e-01 9.833978232016373777e-01 9.959761856196112095e-01 5.519711686112987667e-03
4.620241371751313331e+00 8.941745037027326592e-01 9.855123927059552535e-01 9.960685200384356008e-01 4.627124926779755190e-03
4.673795107992464004e+00 1.044544790272714518e+00 9.876544226119149394e-01 9.961587210374636125e-01 3.723528614722322345e-03
4.727969591600390764e+00 9.804321451643397412e-01 9.896103965250825363e-01 9.962468385749945199e-01 2.902707042797247981e-03
4.782772017727485725e+00 1.042200207702366654e+00 9.912382172008651349e-01 9.963329214091949382e-01 2.226442845286232420e-03
4.838209664925956943e+00 1.112341616250844156e+00 9.925105575074796294e-01 9.964170171283019961e-01 1.706000822093110651e-03
4.894289896114531579e+00 9.562470822263892112e-01 9.932427717367308118e-01 9.964991721800091629e-01 1.421529068489338051e-03
4.951020159556350997e+00 1.040995354749840951e+00 9.935951349958092038e-01 9.965794319000516044e-01 1.302463282219209388e-03
5.008407989848212338e+00 9.423593948098181183e-01 9.937520748132223636e-01 9.966578405400190466e-01 1.268039219095418993e-03
5.066461008921268494e+00 9.143924925598914122e-01 9.938669963801524121e-01 9.967344412944183496e-01 1.251196086980753972e-03
5.125186927053333008e+00 1.011113126809490170e+00 9.939791514103022418e-01 9.968092763270117729e-01 1.234795667182485811e-03
5.184593543892913381e+00 9.637827484075417450e-01 9.941315720320484939e-01 9.968823867964480279e-01 1.200056310774551185e-03
5.244688749495119318e+00 1.021224968644706799e+00 9.944410401367337338e-01 9.969538128812112099e-01 1.095999534921661064e-03
5.305480525369573819e+00 1.061499072612222205e+00 9.948782277598526846e-01 9.970235938039031520e-01 9.355089540861710046e-04
5.366976945540476329e+00 9.550104688368893369e-01 9.953310739230496473e-01 9.970917678548842922e-01 7.675678494824499098e-04
5.429186177618943177e+00 1.024187725934061710e+00 9.956639507949782697e-01 9.971583724152879302e-01 6.513567992867739902e-04
5.492116483887789613e+00 9.087071118552296767e-01 9.958188407194065173e-01 9.972234439794300798e-01 6.121410978259156279e-04
5.555776222398877806e+00 1.075308169570094341e+00 9.956620248527903172e-01 9.972870181766240183e-01 7.082226136538214388e-04
5.620173848083187984e+00 9.913197255296736232e-01 9.951395465138604957e-01 9.973491297924321763e-01 9.632277763703149184e-04
5.685317913873753071e+00 1.007647093647088044e+00 9.943422306942447664e-01 9.974098127893553656e-01 1.337751889771879744e-03
5.751217071841614015e+00 1.070608237224798476e+00 9.933556305443113077e-01 9.974691003269851031e-01 1.794693166773336877e-03
5.817880074344935259e+00 9.903656254151173011e-01 9.920879704337405292e-01 9.975270247816310221e-01 2.374486702274004879e-03
5.885315775191449994e+00 9.198565155289835094e-01 9.908455854874259616e-01 9.975836177654391346e-01 2.943329773206761809e-03
5.953533130814370189e+00 9.329057194674241771e-01 9.895197950188215907e-01 9.976389101450220398e-01 3.548892707372729074e-03
6.022541201461927507e+00 1.054247848614584093e+00 9.883296940491147486e-01 9.976929320595968598e-01 4.095051764083917391e-03
6.092349152400711176e+00 9.871924481399725337e-01 9.872349910538315010e-01 9.977457129386633206e-01 4.599330532147150562e-03
6.162966255132942273e+00 9.673536878140699402e-01 9.862398582091542742e-01 9.977972815192341915e-01 5.059766113090388880e-03
6.234401888627863819e+00 9.573243965073531259e-01 9.855032094909097484e-01 9.978476658626080908e-01 5.406202785647408818e-03
6.306665540567405692e+00 1.023500356806356315e+00 9.848901762707455987e-01 9.978968933707312861e-01 5.697864966781838146e-03
6.379766808606282424e+00 9.987943107236842977e-01 9.845018921920288824e-01 9.979449908021285065e-01 5.890047380553905046e-03
6.453715401646701544e+00 1.013853849457577505e+00 9.843130379852630396e-01 9.979919842874431790e-01 5.993815408181245308e-03
6.528521141127847649e+00 1.001003703272946632e+00 9.842840043616026824e-01 9.980378993445646607e-01 6.026606009155202094e-03
6.604193962330305645e+00 8.684307695431664476e-01 9.844256812197705875e-01 9.980827608933926509e-01 5.983619580360691713e-03
6.680743915695614987e+00 9.652028390811325798e-01 9.845069984910017613e-01 9.981265932702145793e-01 5.966819008612958379e-03
6.758181168161110364e+00 9.608154428189711327e-01 9.846619051091408670e-01 9.981694202417221717e-01 5.917124626614310955e-03
6.836516004510238886e+00 1.121812905987520814e+00 9.847703958786306888e-01 9.982112650186885094e-01 5.887482280798931288e-03
6.915758828738525210e+00 9.678739804776760325e-01 9.846697294304105341e-01 9.982521502692771609e-01 5.949667243888900024e-03
6.995920165435374649e+00 1.010514405514736369e+00 9.843912845343160134e-01 9.982920981320484444e-01 6.089873565830334831e-03
7.077010661181889262e+00 9.793265086278388765e-01 9.839575216604511398e-01 9.983311302286113076e-01 6.298263662112126536e-03
7.159041085964887863e+00 9.910522572796885976e-01 9.832783218575910089e-01 9.983692676759805540e-01 6.614739401380669709e-03
7.242022334607315592e+00 9.513524711117944399e-01 9.825608711034816700e-01 9.984065310986169894e-01 6.947948226404739372e-03
7.325965428215230446e+00 9.677876843065327250e-01 9.820123001889514702e-01 9.984429406401653662e-01 7.206323131935563758e-03
7.410881515641570161e+00 1.025623485160811255e+00 9.818823431995387097e-01 9.984785159749134387e-01 7.279274343439628807e-03
7.496781874966877091e+00 9.570289853784615941e-01 9.822981502890154593e-01 9.985132763189528138e-01 7.110517410364130056e-03
7.583677914997190683e+00 1.006684725144807890e+00 9.834822621819122590e-01 9.985472404410755676e-01 6.602084295131062201e-03
7.671581176779302069e+00 9.192201924970372362e-01 9.855963946955385024e-01 9.985804266733901979e-01 5.683942953225795160e-03
7.760503335133570602e+00 9.815399012308114735e-01 9.885637765374274410e-01 9.986128529216895533e-01 4.392458687341084349e-03
7.850456200204509294e+00 9.403212290866694856e-01 9.923796143738502495e-01 9.986445366755503095e-01 2.733096093688114955e-03
7.941451719029339884e+00 9.214783547221934157e-01 9.968562266732887700e-01 9.986754950181948587e-01 7.918675645200808815e-04
8.033501977124734239e+00 9.852982923661552928e-01 1.001595072681327192e+00 9.987057446361091717e-01 1.254631391718788892e-03
8.126619200091946382e+00 1.093639316488308255e+00 1.006256677699588264e+00 9.987353018284172990e-01 3.258374490424712638e-03
8.220815755240540312e+00 1.062873475753607133e+00 1.010326843628481130e+00 9.987641825160371578e-01 4.998932646448800941e-03
8.316104153230961415e+00 1.046137775517745228e+00 1.013818949382703449e+00 9.987924022506042832e-01 6.485174359368676110e-03
8.412497049736117560e+00 1.095227959464621703e+00 1.016274196591775869e+00 9.988199762231901868e-01 7.523679314442957913e-03
8.510007247122246099e+00 9.852974179903062346e-01 1.017722947132897460e+00 9.988469192727909007e-01 8.130632430264406185e-03
8.608647696149244410e+00 1.072858463929306838e+00 1.018239669459415575e+00 9.988732458946258941e-01 8.339631632332620420e-03
8.708431497690723333e+00 9.927395198846585833e-01 1.018095473065592005e+00 9.988989702482249378e-01 8.266940950743267499e-03
8.809371904473991322e+00 1.048118024637682444e+00 1.017584457186018199e+00 9.989241061653251208e-01 8.037971137558823365e-03
8.911482322840202031e+00 9.689978558003997655e-01 1.017061151224386339e+00 9.989486671575711352e-01 7.803894077458484527e-03
9.014776314524917566e+00 1.015119968590345367e+00 1.016942389714884376e+00 9.989726664240354825e-01 7.742745264711246508e-03
9.119267598459298796e+00 1.014947541735253367e+00 1.017412767499928039e+00 9.989961168585523854e-01 7.933383177799244526e-03
9.224970052592174952e+00 9.326233600083535524e-01 1.018712255507436604e+00 9.990190310568802801e-01 8.477769418974061624e-03
9.331897715733239451e+00 9.886413763090321494e-01 1.020771635470176797e+00 9.990414213236766816e-01 9.345098743711829567e-03
9.440064789417602853e+00 9.955224389949095531e-01 1.023580955680847282e+00 9.990632996793353815e-01 1.052919141496660820e-02
9.549485639791965852e+00 1.089651183991386496e+00 1.026936332503420646e+00 9.990846778666240269e-01 1.194122064687969456e-02
9.660174799522645017e+00 1.060478388717843501e+00 1.030554577461718635e+00 9.991055673571884732e-01 1.345961764615894243e-02
9.772146969725724830e+00 9.737018631696474635e-01 1.034180508372595897e+00 9.991259793578870507e-01 1.497609650567818113e-02
9.885417021919574054e+00 1.119518734541835814e+00 1.037663877919486666e+00 9.991459248169805019e-01 1.642777741353029439e-02
1.000000000000000000e+01 1.049670969639497020e+00 1.040792333535634384e+00 9.991654144301738150e-01 1.772669179924354216e-02
