# tau=t/t_H SFF SFF_smoothed GOE_connected DeltaK_abs_log10_ratio
1.000000000000000048e-04 1.323196524679021593e+02 1.323163803862726411e+02 1.999800019997333795e-04 5.820627043533034062e+00
1.011591112223829728e-04 1.323180953357933731e+02 1.323154633019043729e+02 2.022977581832760541e-04 5.815619531769053552e+00
1.023316578330244966e-04 1.323165019131705833e+02 1.323144028302441768e+02 2.046423742725537011e-04 5.810611555179264087e+00
1.035177955630176228e-04 1.323148713546402178e+02 1.323132027362348140e+02 2.070141614763123497e-04 5.805603126177708795e+00
1.047176819485520245e-04 1.323132027951341172e+02 1.323118707020457236e+02 2.094134346075829226e-04 5.800594270035910327e+00
1.059314763518370031e-04 1.323114953494517465e+02 1.323104172370871368e+02 2.118405121253895179e-04 5.795585021305961426e+00
1.071593399822671198e-04 1.323097481117928567e+02 1.323088544021889845e+02 2.142957161769398083e-04 5.790575419633533727e+00
1.084014359178331018e-04 1.323079601552794884e+02 1.323071945589544782e+02 2.167793726403025999e-04 5.785565505653298857e+00
1.096579291267809898e-04 1.323061305314659819e+02 1.323054493190494441e+02 2.192918111675785128e-04 5.780555317540342131e+00
1.109289864895222780e-04 1.323042582698380443e+02 1.323036288010558508e+02 2.218333652285692595e-04 5.775544888570857793e+00
1.122147768207980290e-04 1.323023423773011302e+02 1.323017412263199333e+02 2.244043721549514021e-04 5.770534245795365003e+00
1.135154708920999033e-04 1.323003818376552942e+02 1.322997928200476281e+02 2.270051731849600921e-04 5.765523409713773084e+00
1.148312414543511137e-04 1.322983756110599529e+02 1.322977879422852254e+02 2.296361135085894041e-04 5.760512394704988992e+00
1.161622632608501891e-04 1.322963226334831859e+02 1.322957293585485843e+02 2.322975423133139818e-04 5.755501209914952732e+00
1.175087130904807617e-04 1.322942218161430503e+02 1.322936185670636178e+02 2.349898128303393684e-04 5.750489860330557867e+00
1.188707697711903309e-04 1.322920720449308760e+02 1.322914561200932155e+02 2.377132823813860615e-04 5.745478347834226618e+00
1.202486142037412301e-04 1.322898721798249255e+02 1.322892419014635550e+02 2.404683124260139629e-04 5.740466672114777680e+00
1.216424293857368039e-04 1.322876210542886781e+02 1.322869760880934393e+02 2.432552686094931291e-04 5.735454833823928844e+00
1.230524004359261579e-04 1.322853174746557841e+02 1.322846574785388327e+02 2.460745208112275753e-04 5.730442829088953971e+00
1.244787146187906256e-04 1.322829602195007510e+02 1.322822848434156242e+02 2.489264431937378481e-04 5.725430653945844384e+00
1.259215613694150942e-04 1.322805480389955335e+02 1.322798569247530907e+02 2.518114142522093635e-04 5.720418304337176352e+00
1.273811323186478520e-04 1.322780796542502344e+02 1.322773724353293403e+02 2.547298168646127152e-04 5.715405776109912850e+00
1.288576213185518003e-04 1.322755537566400221e+02 1.322748300579939951e+02 2.576820383424025126e-04 5.710393065013162683e+00
1.303512244681508938e-04 1.322729690071149378e+02 1.322722284449741039e+02 2.606684704818018248e-04 5.705380166695887212e+00
1.318621401394748458e-04 1.322703240354954914e+02 1.322695662171644813e+02 2.636895096156779473e-04 5.700367076704552005e+00
1.333905690039058638e-04 1.322676174397506372e+02 1.322668419634017027e+02 2.667455566660177873e-04 5.695353790480720768e+00
1.349367140588306430e-04 1.322648477852594624e+02 1.322640542397204513e+02 2.698370171970083421e-04 5.690340303358597751e+00
1.365007806546013845e-04 1.322620136040566479e+02 1.322612015685943732e+02 2.729643014687300768e-04 5.685326610562507099e+00
1.380829765218092263e-04 1.322591133940597956e+02 1.322582824381582896e+02 2.761278244914698696e-04 5.680312707204320688e+00
1.396835117988739626e-04 1.322561456182788220e+02 1.322552953014123034e+02 2.793280060806610596e-04 5.675298588280817569e+00
1.413025990599533599e-04 1.322531087040079569e+02 1.322522385754090806e+02 2.825652709124569940e-04 5.670284248670987459e+00
1.429404533431761061e-04 1.322500010419982743e+02 1.322491106404208381e+02 2.858400485799463138e-04 5.665269683133267620e+00
1.445972921792019463e-04 1.322468209856115493e+02 1.322459098390875738e+02 2.891527736500166482e-04 5.660254886302716670e+00
1.462733356201129868e-04 1.322435668499560961e+02 1.322426344755466801e+02 2.925038857208746290e-04 5.655239852688123570e+00
1.479688062686396383e-04 1.322402369109991014e+02 1.322392828145412409e+02 2.958938294802293295e-04 5.650224576669045540e+00
1.496839293077255632e-04 1.322368294046625579e+02 1.322358530805086900e+02 2.993230547641470953e-04 5.645209052492777602e+00
1.514189325304352018e-04 1.322333425258965747e+02 1.322323434566486355e+02 3.027920166165852479e-04 5.640193274271254609e+00
1.531740463702079740e-04 1.322297744277307459e+02 1.322287520839678621e+02 3.063011753496128480e-04 5.635177235977874233e+00
1.549495039314631646e-04 1.322261232203057091e+02 1.322250770603062904e+02 3.098509966043256183e-04 5.630160931444253336e+00
1.567455410205595065e-04 1.322223869698807448e+02 1.322213164393368174e+02 3.134419514124640264e-04 5.625144354356901744e+00
1.585623961771137158e-04 1.322185636978190928e+02 1.322174682295458297e+02 3.170745162587414656e-04 5.620127498253819631e+00
1.604003107056819902e-04 1.322146513795508156e+02 1.322135303931881936e+02 3.207491731438919663e-04 5.615110356521021195e+00
1.622595287078087002e-04 1.322106479435106223e+02 1.322095008452185994e+02 3.244664096484443775e-04 5.610092922388964176e+00
1.641402971144466361e-04 1.322065512700528416e+02 1.322053774521996274e+02 3.282267189972323958e-04 5.605075188928911878e+00
1.660428657187529582e-04 1.322023591903399904e+02 1.322011580311826719e+02 3.320306001246483034e-04 5.600057149049195715e+00
1.679674872092653225e-04 1.321980694852072418e+02 1.321968403485657575e+02 3.358785577406489791e-04 5.595038795491396932e+00
1.699144172034625999e-04 1.321936798839999483e+02 1.321924221189230479e+02 3.397711023975232372e-04 5.590020120826439509e+00
1.718839142817145534e-04 1.321891880633853589e+02 1.321879010038096283e+02 3.437087505574287316e-04 5.585001117450591579e+00
1.738762400216250527e-04 1.321845916461367949e+02 1.321832746105366425e+02 3.476920246607074268e-04 5.579981777581365598e+00
1.758916590327732731e-04 1.321798881998900299e+02 1.321785404909207671e+02 3.517214531949887954e-04 5.574962093253335027e+00
1.779304389918577296e-04 1.321750752358710770e+02 1.321736961400040116e+02 3.557975707650890365e-04 5.569942056313843537e+00
1.799928506782476454e-04 1.321701502075966346e+02 1.321687389947439897e+02 3.599209181637167787e-04 5.564921658418612971e+00
1.820791680099462359e-04 1.321651105095415915e+02 1.321636664326751998e+02 3.640920424429929100e-04 5.559900891027258929e+00
1.841896680799710861e-04 1.321599534757797016e+02 1.321584757705392974e+02 3.683114969867951061e-04 5.554879745398690005e+00
1.863246311931559835e-04 1.321546763785907785e+02 1.321531642628843031e+02 3.725798415839356222e-04 5.549858212586401329e+00
1.884843409033795474e-04 1.321492764270376767e+02 1.321477291006319490e+02 3.768976425021829200e-04 5.544836283433666857e+00
1.906690840512252085e-04 1.321437507655103332e+02 1.321421674096122842e+02 3.812654725631356933e-04 5.539813948568602875e+00
1.928791508020777693e-04 1.321380964722361000e+02 1.321364762490653391e+02 3.856839112179594859e-04 5.534791198399132917e+00
1.951148346846616412e-04 1.321323105577580179e+02 1.321306526101083705e+02 3.901535446239965256e-04 5.529768023107820341e+00
1.973764326300255292e-04 1.321263899633766528e+02 1.321246934141684619e+02 3.946749657222570142e-04 5.524744412646591663e+00
1.996642450109793374e-04 1.321203315595575134e+02 1.321185955113793113e+02 3.992487743158042342e-04 5.519720356731323108e+00
2.019785756819878484e-04 1.321141321443018342e+02 1.321123556789429756e+02 4.038755771490413322e-04 5.514695844836316141e+00
2.043197320195270594e-04 1.321077884414816879e+02 1.321059706194520231e+02 4.085559879879120844e-04 5.509670866188628224e+00
2.066880249629082160e-04 1.321012970991355076e+02 1.320994369591760744e+02 4.132906277010250777e-04 5.504645409762280117e+00
2.090837690555749911e-04 1.320946546877264609e+02 1.320927512463080120e+02 4.180801243417118758e-04 5.499619464272321956e+00
2.115072824868794756e-04 1.320878576983613755e+02 1.320859099491721054e+02 4.229251132310303941e-04 5.494593018168766108e+00
2.139588871343421563e-04 1.320809025409683670e+02 1.320789094543896169e+02 4.278262370417234553e-04 5.489566059630373474e+00
2.164389086064020347e-04 1.320737855424346208e+02 1.320717460650048451e+02 4.327841458831445626e-04 5.484538576558289691e+00
2.189476762856620634e-04 1.320665029447011989e+02 1.320644159985677959e+02 4.377994973871608101e-04 5.479510556569543667e+00
2.214855233726359179e-04 1.320590509028154997e+02 1.320569153851740793e+02 4.428729567950449105e-04 5.474481986990383575e+00
2.240527869300018224e-04 1.320514254829392087e+02 1.320492402654605826e+02 4.480051970453672368e-04 5.469452854849459200e+00
2.266498079273692845e-04 1.320436226603126499e+02 1.320413865885560938e+02 4.531968988628995334e-04 5.464423146870845294e+00
2.292769312865648647e-04 1.320356383171716743e+02 1.320333502099857697e+02 4.584487508485416253e-04 5.459392849466902398e+00
2.319345059274427543e-04 1.320274682406190436e+02 1.320251268895287069e+02 4.637614495702829451e-04 5.454361948730966247e+00
2.346228848142262321e-04 1.320191081204478678e+02 1.320167122890269411e+02 4.691356996552108020e-04 5.449330430429867533e+00
2.373424250023866149e-04 1.320105535469151334e+02 1.320081019701459013e+02 4.745722138825771044e-04 5.444298279996276690e+00
2.400934876860651764e-04 1.320018000084672565e+02 1.319992913920846718e+02 4.800717132779357848e-04 5.439265482520868389e+00
2.428764382460450548e-04 1.319928428894132821e+02 1.319902759092348390e+02 4.856349272083631814e-04 5.434232022744303059e+00
2.456916462982790305e-04 1.319836774675465279e+02 1.319810507687861332e+02 4.912625934787734090e-04 5.429197885049014793e+00
2.485394857429798422e-04 1.319742989117124239e+02 1.319716111082813654e+02 4.969554584293418929e-04 5.424163053450816285e+00
2.514203348142796828e-04 1.319647022793235180e+02 1.319619519531125889e+02 5.027142770340490468e-04 5.419127511590294155e+00
2.543345761304648361e-04 1.319548825138184611e+02 1.319520682139659584e+02 5.085398130003566160e-04 5.414091242724013320e+00
2.572825967447932359e-04 1.319448344420634669e+02 1.319419546842060242e+02 5.144328388700315953e-04 5.409054229715508200e+00
2.602647881969004482e-04 1.319345527716972128e+02 1.319316060372042614e+02 5.203941361211270435e-04 5.404016455026062538e+00
2.632815465648020189e-04 1.319240320884165953e+02 1.319210168236072036e+02 5.264244952711378493e-04 5.398977900705276056e+00
2.663332725174980963e-04 1.319132668532014065e+02 1.319101814685447494e+02 5.325247159813399026e-04 5.393938548381405518e+00
2.694203713681882413e-04 1.319022513994786436e+02 1.318990942687746895e+02 5.386956071623296956e-04 5.388898379251478410e+00
2.725432531281027707e-04 1.318909799302238355e+02 1.318877493897675208e+02 5.449379870807771449e-04 5.383857374071181034e+00
2.757023325609582747e-04 1.318794465149970563e+02 1.318761408627231617e+02 5.512526834674043221e-04 5.378815513144497018e+00
2.788980292380439777e-04 1.318676450869156724e+02 1.318642625815244287e+02 5.576405336262050530e-04 5.373772776313111343e+00
2.821307675939470740e-04 1.318555694395582236e+02 1.318521082996219036e+02 5.641023845449193727e-04 5.368729142945562138e+00
2.854009769829237591e-04 1.318432132238017118e+02 1.318396716268516684e+02 5.706390930067781241e-04 5.363684591926138445e+00
2.887090917359234400e-04 1.318305699445888877e+02 1.318269460261809911e+02 5.772515257035287567e-04 5.358639101643512426e+00
2.920555512182745244e-04 1.318176329576243688e+02 1.318139248103853163e+02 5.839405593497619526e-04 5.353592649979107776e+00
2.954407998880379709e-04 1.318043954659981409e+02 1.318006011386500518e+02 5.907070807985491607e-04 5.348545214295193695e+00
2.988652873550382482e-04 1.317908505167361568e+02 1.317869680130995107e+02 5.975519871584092542e-04 5.343496771422698188e+00
3.023294684405776131e-04 1.317769909972752203e+02 1.317730182752494557e+02 6.044761859116172141e-04 5.338447297648731826e+00
3.058338032378431388e-04 1.317628096318597954e+02 1.317587446023827340e+02 6.114805950338720762e-04 5.333396768703822843e+00
3.093787571730136510e-04 1.317482989778623619e+02 1.317441395038454743e+02 6.185661431153371536e-04 5.328345159748845816e+00
3.129648010670750265e-04 1.317334514220225401e+02 1.317291953172626506e+02 6.257337694830710732e-04 5.323292445361643921e+00
3.165924111983520412e-04 1.317182591766045618e+02 1.317139042046738382e+02 6.329844243248628540e-04 5.318238599523342991e+00
3.202620693657650080e-04 1.317027142754726583e+02 1.316982581485808055e+02 6.403190688144881583e-04 5.313183595604322740e+00
3.239742629528195514e-04 1.316868085700801032e+02 1.316822489479152125e+02 6.477386752384031937e-04 5.308127406349886002e+00
3.277294849923381931e-04 1.316705337253729340e+02 1.316658682139149619e+02 6.552442271238911225e-04 5.303070003865563820e+00
3.315282342319423150e-04 1.316538812156051392e+02 1.316491073659135509e+02 6.628367193686799481e-04 5.298011359602087467e+00
3.353710152002928996e-04 1.316368423200636641e+02 1.316319576270397533e+02 6.705171583720454355e-04 5.292951444340003420e+00
3.392583382740992125e-04 1.316194081187023244e+02 1.316144100198235662e+02 6.782865621674184688e-04 5.287890228173922402e+00
3.431907197459042598e-04 1.316015694876817861e+02 1.315964553617095874e+02 6.861459605565126780e-04 5.282827680496400724e+00
3.471686818926559680e-04 1.315833170948137649e+02 1.315780842604733607e+02 6.940963952449906568e-04 5.277763769981435260e+00
3.511927530450727588e-04 1.315646413949110922e+02 1.315592871095413443e+02 7.021389199796836253e-04 5.272698464567571186e+00
3.552634676578139260e-04 1.315455326250345252e+02 1.315400540832109186e+02 7.102746006873862216e-04 5.267631731440613585e+00
3.593813663804625697e-04 1.315259807996435484e+02 1.315203751317693559e+02 7.185045156152400836e-04 5.262563537015924275e+00
3.635469961293317630e-04 1.315059757056399690e+02 1.315002399765090786e+02 7.268297554727271449e-04 5.257493846920305636e+00
3.677609101601030626e-04 1.314855068973110406e+02 1.314796381046393208e+02 7.352514235752898855e-04 5.252422625973450998e+00
3.720236681413065759e-04 1.314645636911641304e+02 1.314585587640882522e+02 7.437706359895959914e-04 5.247349838168956282e+00
3.763358362286532656e-04 1.314431351606533553e+02 1.314369909581994591e+02 7.523885216804686738e-04 5.242275446654889315e+00
3.806979871402283821e-04 1.314212101307962257e+02 1.314149234403146806e+02 7.611062226594977193e-04 5.237199413713888418e+00
3.851107002325568655e-04 1.313987771726777396e+02 1.313923447082456732e+02 7.699248941353541457e-04 5.232121700742798254e+00
3.895745615775500948e-04 1.313758245978403636e+02 1.313692429986291472e+02 7.788457046658246209e-04 5.227042268231816280e+00
3.940901640403447737e-04 1.313523404525579963e+02 1.313456062811674769e+02 7.878698363115875427e-04 5.221961075743151603e+00
3.986581073580438726e-04 1.313283125119908163e+02 1.313214222527476238e+02 7.969984847917480205e-04 5.216878081889171348e+00
4.032789982193705223e-04 1.313037282742208163e+02 1.312966783314413135e+02 8.062328596411544182e-04 5.211793244310032769e+00
4.079534503452448896e-04 1.312785749541637301e+02 1.312713616503808964e+02 8.155741843695136963e-04 5.206706519650785125e+00
4.126820845702952015e-04 1.312528394773574973e+02 1.312454590515096413e+02 8.250236966223281057e-04 5.201617863537919995e+00
4.174655289253134888e-04 1.312265084736240510e+02 1.312189570792068025e+02 8.345826483436727481e-04 5.196527230555381571e+00
4.223044187206672164e-04 1.311995682706003379e+02 1.311918419737803561e+02 8.442523059408347120e-04 5.191434574219982778e+00
4.271993966306776428e-04 1.311720048871422364e+02 1.311640996648309283e+02 8.540339504508355755e-04 5.186339846956261823e+00
4.321511127789761839e-04 1.311438040265923348e+02 1.311357157644801248e+02 8.639288777088571184e-04 5.181243000070723248e+00
4.371602248248502198e-04 1.311149510699129621e+02 1.311066755604647369e+02 8.739383985185937695e-04 5.176143983725476794e+00
4.422273980505897289e-04 1.310854310686843007e+02 1.310769640090908581e+02 8.840638388245508714e-04 5.171042746911237664e+00
4.473533054498462949e-04 1.310552287379607037e+02 1.310465657280503819e+02 8.943065398863129416e-04 5.165939237419698848e+00
4.525386278170166862e-04 1.310243284489859263e+02 1.310154649890933740e+02 9.046678584548037199e-04 5.160833401815233756e+00
4.577840538376616304e-04 1.309927142217651692e+02 1.309836457105567717e+02 9.151491669505586049e-04 5.155725185405923838e+00
4.630902801799736631e-04 1.309603697174922559e+02 1.309510914497473095e+02 9.257518536440346307e-04 5.150614532213910302e+00
4.684580115873045137e-04 1.309272782308260616e+02 1.309177853951736665e+02 9.364773228379794524e-04 5.145501384945013967e+00
4.738879609717650920e-04 1.308934226820204003e+02 1.308837103586308501e+02 9.473269950518823247e-04 5.140385684957657908e+00
4.793808495089107069e-04 1.308587856088981027e+02 1.308488487671288283e+02 9.583023072085320110e-04 5.135267372231023586e+00
4.849374067335233355e-04 1.308233491586744321e+02 1.308131826546674290e+02 9.694047128227027644e-04 5.130146385332459147e+00
4.905583706365045484e-04 1.307870950796212242e+02 1.307766936538550624e+02 9.806356821919952685e-04 5.125022661384111444e+00
4.962444877628913436e-04 1.307500047125736558e+02 1.307393629873662917e+02 9.919967025898547650e-04 5.119896136028745381e+00
5.019965133110079530e-04 1.307120589822775685e+02 1.307011714592395890e+02 1.003489278460790004e-03 5.114766743394763004e+00
5.078152112327670659e-04 1.306732383885725426e+02 1.306620994460119789e+02 1.015114931617820552e-03 5.109634416060370832e+00
5.137013543351339135e-04 1.306335229974110916e+02 1.306221268876869885e+02 1.026875201442176535e-03 5.104499085016895421e+00
5.196557243827657369e-04 1.305928924317126132e+02 1.305812332785380363e+02 1.038771645085271840e-03 5.099360679631220528e+00
5.256791122018419265e-04 1.305513258620468662e+02 1.305393976577403521e+02 1.050805837672984288e-03 5.094219127607318320e+00
5.317723177850966487e-04 1.305088019971495044e+02 1.304965985998329359e+02 1.062979372512260975e-03 5.089074354946860446e+00
5.379361503980697925e-04 1.304652990742642089e+02 1.304528142050085648e+02 1.075293861300079820e-03 5.083926285908882292e+00
5.441714286865887004e-04 1.304207948493112781e+02 1.304080220892285240e+02 1.087750934334789834e-03 5.078774842968479142e+00
5.504789807854967333e-04 1.303752665868807696e+02 1.303621993741606673e+02 1.100352240729861797e-03 5.073619946774504008e+00
5.568596444286409188e-04 1.303286910500496845e+02 1.303153226769420314e+02 1.113099448630070366e-03 5.068461516106254727e+00
5.633142670601351629e-04 1.302810444900189282e+02 1.302673680997589827e+02 1.125994245430138188e-03 5.063299467829112110e+00
5.698437059469136636e-04 1.302323026355703064e+02 1.302183112192501255e+02 1.139038337995871945e-03 5.058133716849111394e+00
5.764488282925873171e-04 1.301824406823440938e+02 1.301681270757236462e+02 1.152233452887810273e-03 5.052964176066414126e+00
5.831305113526218760e-04 1.301314332819316348e+02 1.301167901621945475e+02 1.165581336587420865e-03 5.047790756327668049e+00
5.898896425508493501e-04 1.300792545307841976e+02 1.300642744132343012e+02 1.179083755725869294e-03 5.042613366377196371e+00
5.967271195973310833e-04 1.300258779589379685e+02 1.300105531936376906e+02 1.192742497315388414e-03 5.037431912807028844e+00
6.036438506075863814e-04 1.299712765185525143e+02 1.299555992869010765e+02 1.206559368983281706e-03 5.032246300005708051e+00
6.106407542232036075e-04 1.299154225722616900e+02 1.298993848835143581e+02 1.220536199208584888e-03 5.027056430105864671e+00
6.177187597338488134e-04 1.298582878813379864e+02 1.298418815690643555e+02 1.234674837561417415e-03 5.021862202930514663e+00
6.248788072006888211e-04 1.297998435936685553e+02 1.297830603121502406e+02 1.248977154945055124e-03 5.016663515938063256e+00
6.321218475812448011e-04 1.297400602315420599e+02 1.297228914521090530e+02 1.263445043840752402e-03 5.011460264165962464e+00
6.394488428556943443e-04 1.296789076792478284e+02 1.296613446865539458e+02 1.278080418555345996e-03 5.006252340173013238e+00
6.468607661546327617e-04 1.296163551704853774e+02 1.295983890587204996e+02 1.292885215471664510e-03 5.001039633980247423e+00
6.543586018883235361e-04 1.295523712755866370e+02 1.295339929446278120e+02 1.307861393301793700e-03 4.995822033010385965e+00
6.619433458774394430e-04 1.294869238885470963e+02 1.294681240400465470e+02 1.323010933343203837e-03 4.990599422025810306e+00
6.696160054853222054e-04 1.294199802138730888e+02 1.294007493472839769e+02 1.338335839737787511e-03 4.985371683065030091e+00
6.773775997517752102e-04 1.293515067532391924e+02 1.293318351617772350e+02 1.353838139733838652e-03 4.980138695377586799e+00
6.852291595284064167e-04 1.292814692919608888e+02 1.292613470585041853e+02 1.369519883950999018e-03 4.974900335357382630e+00
6.931717276155407569e-04 1.292098328852824807e+02 1.291892498782081873e+02 1.385383146648211166e-03 4.969656476474363593e+00
7.012063589007183975e-04 1.291365618444823440e+02 1.291155077134387739e+02 1.401430025994707639e-03 4.964406989204535492e+00
7.093341204987996815e-04 1.290616197227962516e+02 1.290400838944138684e+02 1.417662644344072111e-03 4.959151740958263055e+00
7.175560918936927952e-04 1.289849693011628915e+02 1.289629409747013256e+02 1.434083148511403538e-03 4.953890596006808700e+00
7.258733650817253023e-04 1.289065725737919763e+02 1.288840407167239448e+02 1.450693710053622531e-03 4.948623415407062964e+00
7.342870447166765678e-04 1.288263907335595491e+02 1.288033440770934135e+02 1.467496525552948808e-03 4.943350056924427527e+00
7.427982482564918871e-04 1.287443841572324743e+02 1.287208111917718441e+02 1.484493816903589836e-03 4.938070374953793085e+00
7.514081061116969704e-04 1.286605123905266055e+02 1.286364013610680672e+02 1.501687831601672104e-03 4.932784220438570344e+00
7.601177617955330547e-04 1.285747341330016127e+02 1.285500730344726890e+02 1.519080843038454710e-03 4.927491440787719057e+00
7.689283720758312941e-04 1.284870072227989226e+02 1.284617837953343269e+02 1.536675150796857139e-03 4.922191879790729807e+00
7.778411071286489781e-04 1.283972886212252433e+02 1.283714903453842737e+02 1.554473080951341776e-03 4.916885377530494594e+00
7.868571506936851423e-04 1.283055343971888078e+02 1.282791484891130551e+02 1.572476986371184769e-03 4.911571770294020034e+00
7.959777002314985571e-04 1.282116997114935089e+02 1.281847131180072381e+02 1.590689247027174706e-03 4.906250890480918336e+00
8.052039670825478267e-04 1.281157388009978035e+02 1.280881381946518331e+02 1.609112270301776620e-03 4.900922566509630762e+00
8.145371766280745229e-04 1.280176049626453221e+02 1.279893767367047559e+02 1.627748491302797749e-03 4.895586622721311620e+00
8.239785684528520143e-04 1.279172505373743007e+02 1.278883808007526568e+02 1.646600373180595383e-03 4.890242879281310628e+00
8.335293965098195066e-04 1.278146268939146779e+02 1.277851014660549396e+02 1.665670407448864750e-03 4.884891152078202126e+00
8.431909292866259040e-04 1.277096844124820478e+02 1.276794888181868970e+02 1.684961114309046614e-03 4.879531252620282977e+00
8.529644499741025759e-04 1.276023724683769558e+02 1.275714919325902201e+02 1.704475042978393197e-03 4.874162987929479662e+00
8.628512566366895297e-04 1.274926394155008609e+02 1.274610588580408574e+02 1.724214772021732955e-03 4.868786160432590826e+00
8.728526623848379762e-04 1.273804325697996376e+02 1.273481366000489885e+02 1.744182909686978243e-03 4.863400567849798684e+00
8.829699955494092365e-04 1.272656981926461839e+02 1.272326711041979337e+02 1.764382094244409038e-03 4.858006003080372892e+00
8.932045998580968784e-04 1.271483814741754514e+02 1.271146072394395787e+02 1.784814994329780857e-03 4.852602254085487843e+00
9.035578346138930074e-04 1.270284265165847302e+02 1.269938887813570574e+02 1.805484309291297646e-03 4.847189103768080543e+00
9.140310748756232161e-04 1.269057763174147340e+02 1.268704583954124274e+02 1.826392769540486488e-03 4.841766329849674477e+00
9.246257116405742597e-04 1.267803727528252722e+02 1.267442576201913056e+02 1.847543136907025532e-03 4.836333704744068207e+00
9.353431520292386373e-04 1.266521565608857571e+02 1.266152268506640866e+02 1.868938204997558535e-03 4.830890995427822965e+00
9.461848194722001460e-04 1.265210673248926696e+02 1.264833053214818790e+02 1.890580799558548054e-03 4.825437963307455114e+00
9.571521538991865398e-04 1.263870434567366203e+02 1.263484310903229897e+02 1.912473778843204811e-03 4.819974364083231322e+00
9.682466119303123836e-04 1.262500221803392009e+02 1.262105410213140004e+02 1.934620033982542000e-03 4.814499947609498065e+00
9.794696670695395360e-04 1.261099395151777571e+02 1.260695707685432154e+02 1.957022489360595117e-03 4.809014457751420224e+00
9.908228099003797609e-04 1.259667302599222154e+02 1.259254547596926557e+02 1.979684102993858018e-03 4.803517632238053281e+00
1.002307548283865382e-03 1.258203279762082616e+02 1.257781261798094476e+02 2.002607866914974267e-03 4.798009202511637206e+00
1.013925407558815411e-03 1.256706649725700089e+02 1.256275169552434363e+02 2.025796807560735577e-03 4.792488893573001008e+00
1.025677930744421868e-03 1.255176722885614140e+02 1.254735577377785631e+02 2.049253986164431378e-03 4.786956423822978479e+00
1.037566678745185890e-03 1.253612796790898756e+02 1.253161778889848534e+02 2.072982499152597417e-03 4.781411504899720555e+00
1.049593230558227598e-03 1.252014155989983095e+02 1.251553054648221490e+02 2.096985478546206996e-03 4.775853841511788822e+00
1.061759183483000071e-03 1.250380071879196180e+02 1.249908672005260684e+02 2.121266092366362512e-03 4.770283131266898735e+00
1.074066153333433447e-03 1.248709802554419781e+02 1.248227884958111247e+02 2.145827545044522860e-03 4.764699064496213055e+00
1.086515774652538433e-03 1.247002592666169249e+02 1.246509934004245821e+02 2.170673077837328296e-03 4.759101324074030970e+00
1.099109700929497193e-03 1.245257673278480581e+02 1.244754046000893766e+02 2.195805969246060908e-03 4.753489585232768100e+00
1.111849604819271095e-03 1.243474261731965385e+02 1.242959434028730072e+02 2.221229535440800984e-03 4.747863515373060395e+00
1.124737178364752007e-03 1.241651561511483237e+02 1.241125297260264659e+02 2.246947130689319182e-03 4.742222773868883579e+00
1.137774133221491381e-03 1.239788762118805607e+02 1.239250820833332085e+02 2.272962147790766503e-03 4.736567011867521160e+00
1.150962200885032299e-03 1.237885038950749674e+02 1.237335175730161154e+02 2.299278018514205012e-03 4.730895872084235343e+00
1.164303132920876775e-03 1.235939553183254134e+02 1.235377518662468930e+02 2.325898214042032217e-03 4.725208988591493409e+00
1.177798701197119331e-03 1.233951451661861256e+02 1.233376991963109077e+02 2.352826245418357214e-03 4.719505986602575476e+00
1.191450698119775895e-03 1.231919866799162264e+02 1.231332723484783145e+02 2.380065664002375871e-03 4.713786482249415322e+00
1.205260936870842505e-03 1.229843916479710373e+02 1.229243826506358062e+02 2.407620061926799698e-03 4.708050082354484189e+00
1.219231251649110712e-03 1.227722703972998772e+02 1.227109399647374488e+02 2.435493072561393472e-03 4.702296384196553269e+00
1.233363497913775872e-03 1.225555317855079949e+02 1.224928526791345291e+02 2.463688370981674969e-03 4.696524975270146562e+00
1.247659552630869806e-03 1.223340831939458440e+02 1.222700277018473400e+02 2.492209674442835352e-03 4.690735433038491387e+00
1.262121314522547276e-03 1.221078305217906461e+02 1.220423704548450274e+02 2.521060742858926597e-03 4.684927324679775573e+00
1.276750704319265777e-03 1.218766781811889786e+02 1.218097848694016676e+02 2.550245379287384949e-03 4.679100206826499964e+00
1.291549665014883998e-03 1.216405290935304748e+02 1.215721733826023581e+02 2.579767430418935040e-03 4.673253625297723701e+00
1.306520162124721234e-03 1.213992846869278566e+02 1.213294369350719961e+02 2.609630787072939745e-03 4.667387114823974947e+00
1.321664183946605082e-03 1.211528448949816550e+02 1.210814749700086566e+02 2.639839384698249112e-03 4.661500198764609415e+00
1.336983741824946661e-03 1.209011081569088617e+02 1.208281854335998844e+02 2.670397203879608643e-03 4.655592388817372473e+00
1.352480870417875451e-03 1.206439714191226074e+02 1.205694647769103653e+02 2.701308270849685049e-03 4.649663184719927678e+00
1.368157627967471913e-03 1.203813301383482468e+02 1.203052079593289534e+02 2.732576658006767144e-03 4.643712073943097707e+00
1.384016096573131502e-03 1.201130782863712625e+02 1.200353084536676675e+02 2.764206484438207819e-03 4.637738531375555695e+00
1.400058382468097589e-03 1.198391083565084472e+02 1.197596582530097891e+02 2.796201916449656943e-03 4.631742018999696064e+00
1.416286616299198848e-03 1.195593113719062188e+02 1.194781478794075440e+02 2.828567168100155470e-03 4.625721985558397975e+00
1.432702953409831009e-03 1.192735768957666664e+02 1.191906663945347731e+02 2.861306501743150592e-03 4.619677866212399842e+00
1.449309574126216591e-03 1.189817930436103239e+02 1.188971014124019518e+02 2.894424228573487436e-03 4.613609082187968724e+00
1.466108684046984459e-03 1.186838464976879379e+02 1.185973391142480580e+02 2.927924709180450627e-03 4.607515040414557284e+00
1.483102514336104337e-03 1.183796225236558968e+02 1.182912642657253883e+02 2.961812354106909892e-03 4.601395133152114347e+00
1.500293322019218348e-03 1.180690049896391116e+02 1.179787602365013441e+02 2.996091624414636521e-03 4.595248737607721345e+00
1.517683390283405343e-03 1.177518763878020138e+02 1.176597090224007331e+02 3.030767032255857023e-03 4.589075215541178920e+00
1.535275028780422714e-03 1.174281178585622314e+02 1.173339912702216452e+02 3.065843141451108592e-03 4.582873912859199095e+00
1.553070573933460147e-03 1.170976092175774568e+02 1.170014863053602170e+02 3.101324568073455818e-03 4.576644159197807760e+00
1.571072389247450424e-03 1.167602289856471600e+02 1.166620721623838079e+02 3.137215981039144508e-03 4.570385267492555137e+00
1.589282865622978049e-03 1.164158544216718951e+02 1.163156256186993147e+02 3.173522102704754225e-03 4.564096533536132760e+00
1.607704421673823627e-03 1.160643615588199964e+02 1.159620222314656957e+02 3.210247709470912848e-03 4.557777235522958215e+00
1.626339504048192157e-03 1.157056252440538628e+02 1.156011363779069825e+02 3.247397632392650790e-03 4.551426633580281766e+00
1.645190587753662514e-03 1.153395191811773088e+02 1.152328412991846562e+02 3.284976757796454708e-03 4.545043969285337937e+00
1.664260176485903671e-03 1.149659159775646771e+02 1.148570091479955835e+02 3.322990027904091856e-03 4.538628465168073944e+00
1.683550802961202323e-03 1.145846871947429975e+02 1.144735110400669384e+02 3.361442441463281805e-03 4.532179324198929216e+00
1.703065029252844422e-03 1.141957034030010050e+02 1.140822171097203181e+02 3.400339054385275415e-03 4.525695729261144606e+00
1.722805447131393972e-03 1.137988342402022965e+02 1.136829965696893368e+02 3.439684980389415628e-03 4.519176842607049771e+00
1.742774678408919205e-03 1.133939484749885054e+02 1.132757177753745594e+02 3.479485391654757714e-03 4.512621805297753141e+00
1.762975375287205784e-03 1.129809140745620226e+02 1.128602482937258600e+02 3.519745519478812302e-03 4.506029736625629667e+00
1.783410220710008025e-03 1.125595982772400276e+02 1.124364549769487382e+02 3.560470654943488373e-03 4.499399733518983702e+00
1.804081928719382779e-03 1.121298676699819765e+02 1.120042040412371449e+02 3.601666149588313420e-03 4.492730869928235116e+00
1.824993244816152391e-03 1.116915882710926269e+02 1.115633611507338259e+02 3.643337416090991054e-03 4.486022196192929634e+00
1.846146946324547485e-03 1.112446256183096267e+02 1.111137915069328841e+02 3.685489928955392337e-03 4.479272738388877073e+00
1.867545842761075955e-03 1.107888448624905209e+02 1.106553599437375937e+02 3.728129225207033309e-03 4.472481497654662519e+00
1.889192776207666326e-03 1.103241108671140864e+02 1.101879310283919295e+02 3.771260905096132827e-03 4.465647449496741750e+00
1.911090621689137941e-03 1.098502883138208261e+02 1.097113691685113679e+02 3.814890632808314464e-03 4.458769543072317099e+00
1.933242287555045260e-03 1.093672418142181186e+02 1.092255387254387671e+02 3.859024137183039195e-03 4.451846700449121563e+00
1.955650715865949168e-03 1.088748360281779668e+02 1.087303041341582883e+02 3.903667212439839579e-03 4.444877815841237201e+00
1.978318882784164089e-03 1.083729357888642113e+02 1.082255300300002290e+02 3.948825718912436951e-03 4.437861754819982352e+00
2.001249798969036847e-03 1.078614062347228923e+02 1.077110813823765625e+02 3.994505583790824467e-03 4.430797353498906688e+00
2.024446509976803900e-03 1.073401129486759373e+02 1.071868236357869364e+02 4.040712801871382785e-03 4.423683417691857578e+00
2.047912096665085481e-03 1.068089221047610238e+02 1.066526228583378071e+02 4.087453436315126830e-03 4.416518722043026202e+00
2.071649675602069141e-03 1.062677006224600547e+02 1.061083458980200049e+02 4.134733619414154328e-03 4.409302009127851640e+00
2.095662399480432980e-03 1.057163163289611845e+02 1.055538605469910891e+02 4.182559553366370711e-03 4.402031988523592787e+00
2.119953457536071038e-03 1.051546381296011390e+02 1.049890357141081125e+02 4.230937511058590131e-03 4.394707335848307750e+00
2.144526075971667656e-03 1.045825361867339041e+02 1.044137416059593164e+02 4.279873836858083709e-03 4.387326691766942233e+00
2.169383518385184159e-03 1.039998821072698121e+02 1.038278499166387832e+02 4.329374947412655689e-03 4.379888660963128899e+00
2.194529086203313769e-03 1.034065491391303482e+02 1.032312340265112596e+02 4.379447332459347232e-03 4.372391811075274859e+00
2.219966119119954652e-03 1.028024123768618381e+02 1.026237692102077403e+02 4.430097555641830318e-03 4.364834671595377635e+00
2.245697995539773940e-03 1.021873489766440883e+02 1.020053328540918471e+02 4.481332255336600151e-03 4.357215732728996649e+00
2.271728133026905232e-03 1.015612383809319113e+02 1.013758046834319799e+02 4.533158145488036354e-03 4.349533444214664257e+00
2.298059988758851136e-03 1.009239625529578177e+02 1.007350669995088168e+02 4.585582016452423131e-03 4.341786214100968877e+00
2.324697059985648094e-03 1.002754062213200257e+02 1.000830049268817135e+02 4.638610735851023820e-03 4.333972407479437905e+00
2.351642884494348565e-03 9.961545713487170417e+01 9.941950667102888417e+01 4.692251249432280100e-03 4.326090345171222928e+00
2.378901041078893431e-03 9.894400632811922947e+01 9.874446378656850243e+01 4.746510581943255529e-03 4.318138302365523984e+00
2.406475150015424062e-03 9.826094839732508035e+01 9.805777145625570768e+01 4.801395838010365062e-03 4.310114507207528867e+00
2.434368873543110365e-03 9.756618178750241555e+01 9.735932878093879594e+01 4.856914203029539731e-03 4.302017139333555562e+00
2.462585916350546866e-03 9.685960909047030043e+01 9.664903908064547977e+01 4.913072944065859440e-03 4.293844328350931328e+00
2.491130026067788373e-03 9.614113735412794881e+01 9.592681020695087568e+01 4.969879410762786595e-03 4.285594152260011391e+00
2.520004993764092018e-03 9.541067840308456027e+01 9.519255486676563294e+01 5.027341036261074279e-03 4.277264635815596350e+00
2.549214654451422910e-03 9.466814917076675329e+01 9.444619095765861516e+01 5.085465338127442662e-03 4.268853748824824379e+00
2.578762887593801043e-03 9.391347204309883523e+01 9.368764191480995862e+01 5.144259919293117309e-03 4.260359404378475823e+00
2.608653617622547997e-03 9.314657521383159633e+01 9.291683706966331613e+01 5.203732469002327402e-03 4.251779457012411889e+00
2.638890814457510187e-03 9.236739305156770286e+01 9.213371202032153917e+01 5.263890763770856691e-03 4.243111700795694219e+00
2.669478494034320699e-03 9.157586647850162365e+01 9.133820901369983858e+01 5.324742668354736502e-03 4.234353867341725142e+00
2.700420718837772543e-03 9.077194336086169812e+01 9.053027733941647170e+01 5.386296136729179680e-03 4.225503623738486425e+00
2.731721598441376204e-03 8.995557891100852999e+01 8.970987373536988230e+01 5.448559213077856962e-03 4.216558570393777572e+00
2.763385290053169997e-03 8.912673610110296352e+01 8.887696280490847300e+01 5.511540032792605973e-03 4.207516238791019880e+00
2.795415999067856535e-03 8.828538608822030653e+01 8.803151744546121904e+01 5.575246823483670858e-03 4.198374089150984645e+00
2.827817979625341181e-03 8.743150865074029809e+01 8.717351928845053521e+01 5.639687906000574041e-03 4.189129507994440615e+00
2.860595535175741895e-03 8.656509263579440017e+01 8.630295915026192688e+01 5.704871695463714643e-03 4.179779805600456477e+00
2.893753019050950264e-03 8.568613641750542342e+01 8.541983749398988834e+01 5.770806702306797639e-03 4.170322213354682006e+00
2.927294835042816134e-03 8.479464836569283648e+01 8.452416490162841001e+01 5.837501533330184851e-03 4.160753880981618913e+00
2.961225437988034351e-03 8.389064732466169971e+01 8.361596255630874452e+01 5.904964892765280499e-03 4.151071873654445632e+00
2.995549334359812969e-03 8.297416310163042397e+01 8.269526273412756723e+01 5.973205583350041543e-03 4.141273168975542873e+00
3.030271082866396216e-03 8.204523696428293533e+01 8.176210930503687280e+01 6.042232507415717761e-03 4.131354653820400458e+00
3.065395295056526793e-03 8.110392214685901990e+01 8.081655824219672013e+01 6.112054667984924763e-03 4.121313121037077032e+00
3.100926635931926852e-03 8.015028436412222845e+01 7.985867813911031021e+01 6.182681169881151448e-03 4.111145265992814046e+00
3.136869824566876613e-03 7.918440233246046489e+01 7.888855073378395844e+01 6.254121220849806831e-03 4.100847682958856488e+00
3.173229634734976452e-03 7.820636829729049566e+01 7.790627143906138485e+01 6.326384132690906006e-03 4.090416861323832087e+00
3.210010895543171858e-03 7.721628856584567302e+01 7.691194987819420703e+01 6.399479322403503652e-03 4.079849181625402110e+00
3.247218492073128838e-03 7.621428404432957393e+01 7.590571042461101570e+01 6.473416313341970492e-03 4.069140911389078852e+00
3.284857366030043482e-03 7.520049077831933459e+01 7.488769274474530846e+01 6.548204736384238486e-03 4.058288200762337539e+00
3.322932516398971556e-03 7.417506049519268174e+01 7.385805234267535013e+01 6.623854331112094540e-03 4.047287077931202681e+00
3.361449000108765288e-03 7.313816114724619410e+01 7.281696110521703247e+01 6.700374947003646768e-03 4.036133444305566975e+00
3.400411932703706255e-03 7.208997745405011415e+01 7.176460784599188969e+01 6.777776544638061326e-03 4.024823069458387081e+00
3.439826489022924580e-03 7.103071144246966639e+01 7.070119884687063916e+01 6.856069196912685168e-03 4.013351585802773513e+00
3.479697903887691603e-03 6.996058298265006670e+01 6.962695839506437778e+01 6.935263090272653606e-03 4.001714482989726207e+00
3.520031472796678832e-03 6.887983031813772072e+01 6.854212931400287800e+01 7.015368525953091967e-03 3.989907102007865358e+00
3.560832552629277729e-03 6.778871058816724826e+01 6.744697348600210773e+01 7.096395921234025829e-03 3.977924628965010978e+00
3.602106562357070083e-03 6.668750034000875360e+01 6.634177236458207005e+01 7.178355810708102192e-03 3.965762088529800611e+00
3.643858983763544404e-03 6.557649602912221098e+01 6.522682747414813775e+01 7.261258847561234339e-03 3.953414337009719226e+00
3.686095362172158059e-03 6.445601450471748706e+01 6.410246089460130747e+01 7.345115804866280546e-03 3.940876055039916004e+00
3.728821307182833642e-03 6.332639347816641617e+01 6.296901572828811311e+01 7.429937576889856371e-03 3.928141739854998260e+00
3.772042493416997554e-03 6.218799197155852454e+01 6.182685654654534346e+01 7.515735180412415860e-03 3.915205697113570249e+00
3.815764661271248397e-03 6.104119074353319974e+01 6.067636981293509280e+01 7.602519756061677098e-03 3.902062032242630707e+00
3.859993617679767074e-03 5.988639268936194071e+01 5.951796428010694484e+01 7.690302569659536978e-03 3.888704641266017781e+00
3.904735236885560103e-03 5.872402321209317222e+01 5.835207135705994830e+01 7.779095013582561918e-03 3.875127201077829930e+00
3.949995461220642823e-03 5.755453056141114132e+01 5.717914544341844874e+01 7.868908608136175944e-03 3.861323159118199566e+00
3.995780301895269192e-03 5.637838613669885035e+01 5.599966422717177750e+01 7.959755002942671062e-03 3.847285722404798047e+00
4.042095839796309639e-03 5.519608475063672870e+01 5.481412894217178433e+01 8.051645978343124899e-03 3.833007845869083052e+00
4.088948226294864159e-03 5.400814484951175842e+01 5.362306458152260547e+01 8.144593446813326240e-03 3.818482219941385036e+00
4.136343684063278035e-03 5.281510868625808541e+01 5.242702006284846306e+01 8.238609454393927903e-03 3.803701257323519158e+00
4.184288507901584922e-03 5.161754244210602849e+01 5.122656834127659664e+01 8.333706182134763621e-03 3.788657078881554341e+00
4.232789065573553354e-03 5.041603629257209462e+01 5.002230646583517171e+01 8.429895947553592631e-03 3.773341498584618758e+00
4.281851798652415615e-03 4.921120441339395057e+01 4.881485557483465954e+01 8.527191206109317051e-03 3.757746007408092392e+00
4.331483223376403000e-03 4.800368492189159042e+01 4.760486082568409216e+01 8.625604552689784821e-03 3.741861756111101389e+00
4.381689931514195016e-03 4.679413974912641550e+01 4.639299125448524563e+01 8.725148723114322172e-03 3.725679536788782720e+00
4.432478591240400501e-03 4.558325443813670574e+01 4.517993956065927819e+01 8.825836595651070232e-03 3.709189763089189462e+00
4.483855948021191196e-03 4.437173786344930448e+01 4.396642181178479092e+01 8.927681192549283620e-03 3.692382448972769904e+00
4.535828825510191016e-03 4.316032186700864060e+01 4.275317706377489912e+01 9.030695681586653478e-03 3.675247185878948386e+00
4.588404126454761513e-03 4.194976080562793186e+01 4.154096689148853727e+01 9.134893377631818009e-03 3.657773118149166613e+00
4.641588833612782412e-03 4.074083100505514921e+01 4.033057482486836420e+01 9.240287744222135113e-03 3.639948916538648049e+00
4.695390010680062544e-03 3.953433011576172618e+01 3.912280568571977568e+01 9.346892395156848957e-03 3.621762749629741762e+00
4.749814803228504315e-03 3.833107636560782794e+01 3.791848482030287215e+01 9.454721096105778849e-03 3.603202252937731664e+00
4.804870439655133628e-03 3.713190770461881129e+01 3.671845722300015780e+01 9.563787766233592877e-03 3.584254495474999302e+00
4.860564232142139222e-03 3.593768083722362405e+01 3.552358654645356495e+01 9.674106479839839762e-03 3.564905943510974673e+00
4.916903577628031589e-03 3.474927013746465576e+01 3.433475399373806880e+01 9.785691468014806604e-03 3.545142421232839514e+00
4.973895958790068052e-03 3.356756644289104230e+01 3.315285708835965295e+01 9.898557120311349961e-03 3.524949067974836758e+00
5.031548945038056761e-03 3.239347572309702628e+01 3.197880831813697000e+01 1.001271798643277311e-02 3.504310291641512087e+00
5.089870193519685330e-03 3.122791761917047637e+01 3.081353364935280226e+01 1.012818877793689870e-02 3.483209717901411651e+00
5.148867450137497269e-03 3.007182385067371655e+01 2.965797090794882607e+01 1.024498436995642872e-02 3.461630134671620063e+00
5.208548550577665401e-03 2.892613648719670749e+01 2.851306802498807969e+01 1.036311980293570280e-02 3.439553431348825185e+00
5.268921421350676766e-03 2.779180608200242730e+01 2.737978114413093067e+01 1.048261028438397281e-02 3.416960532167863995e+00
5.329994080844092930e-03 2.666978966583327804e+01 2.625907258946578793e+01 1.060347119064530656e-02 3.393831322982244103e+00
5.391774640387505396e-03 2.556104859956333897e+01 2.515190869271190977e+01 1.072571806868521417e-02 3.370144570660876138e+00
5.454271305329836186e-03 2.446654628507435092e+01 2.405925747957343930e+01 1.084936663789412385e-02 3.345877834178823562e+00
5.517492376129128420e-03 2.338724573450116040e+01 2.298208621587874134e+01 1.097443279190780767e-02 3.321007366344373324e+00
5.581446249454966556e-03 2.232410699884055560e+01 2.192135881509334183e+01 1.110093260044487176e-02 3.295508004946892111e+00
5.646141419303672866e-03 2.127808445784778613e+01 2.087803310985837868e+01 1.122888231116140473e-02 3.269353051925761200e+00
5.711586478126434545e-03 2.025012397415882148e+01 1.985305799138818017e+01 1.135829835152290385e-02 3.242514138945655322e+00
5.777790117970507157e-03 1.924115991567528283e+01 1.884737042187396483e+01 1.148919733069358497e-02 3.214961077512318077e+00
5.844761131633637551e-03 1.825211205143536830e+01 1.786189232650293235e+01 1.162159604144316280e-02 3.186661691469831581e+00
5.912508413831881436e-03 1.728388232746143771e+01 1.689752737333359178e+01 1.175551146207124906e-02 3.157581629378714005e+00
5.981040962380944001e-03 1.633735153043396338e+01 1.595515765110148365e+01 1.189096075834940314e-02 3.127684153877150930e+00
6.050367879391223974e-03 1.541337584847459397e+01 1.503564025710607233e+01 1.202796128548101404e-02 3.096929904668787703e+00
6.120498372476702517e-03 1.451278333983976410e+01 1.413980380971168316e+01 1.216653059007904818e-02 3.065276631254663542e+00
6.191441755977847815e-03 1.363637032191583387e+01 1.326844490277263766e+01 1.230668641216181754e-02 3.032678890932607896e+00
6.263207452198692356e-03 1.278489769456469816e+01 1.242232452259917252e+01 1.244844668716682361e-02 2.999087706930910535e+00
6.335804992658253774e-03 1.195908721358882154e+01 1.160216445211464098e+01 1.259182954798280206e-02 2.964450180844993010e+00
6.409244019356457114e-03 1.115961773185422423e+01 1.080864369192125096e+01 1.273685332700006181e-02 2.928709052854205019e+00
6.483534286054726779e-03 1.038712142742057409e+01 1.004239493455284027e+01 1.288353655817918442e-02 2.891802202608095396e+00
6.558685659571435525e-03 9.642180039863848862e+00 9.304001136968503616e+00 1.303189797913823639e-02 2.853662083374294056e+00
6.634708121092351002e-03 8.925321137825521944e+00 8.593992248444815019e+00 1.318195653325851709e-02 2.814215082380344235e+00
6.711611767496287149e-03 8.237014442663713965e+00 7.912842168198507942e+00 1.333373137180898435e-02 2.773380801894286041e+00
6.789406812696112230e-03 7.577668234896544064e+00 7.260966032022658112e+00 1.348724185608942555e-02 2.731071259626623338e+00
6.868103588995307790e-03 6.947625871894768324e+00 6.638717964089327239e+00 1.364250755959247469e-02 2.687190015586683245e+00
6.947712548460239883e-03 6.347162446972828498e+00 6.046389484937320979e+00 1.379954827018451367e-02 2.641631249353767252e+00
7.028244264308352446e-03 5.776481621617907791e+00 5.484208847558758926e+00 1.395838399230563825e-02 2.594278843562804138e+00
7.109709432312438099e-03 5.235712664056675791e+00 4.952341688114892726e+00 1.411903494918864861e-02 2.545005588059611412e+00
7.192118872221192789e-03 4.724907728653686689e+00 4.450893523162323007e+00 1.428152158509725204e-02 2.493672724358159787e+00
7.275483529196232965e-03 4.244039411731589162e+00 3.979914753687950668e+00 1.444586456758348812e-02 2.440130231003932337e+00
7.359814475265771296e-03 3.792998620262395981e+00 3.539408762907643169e+00 1.461208478976446304e-02 2.384218538150917333e+00
7.445122910795143496e-03 3.371592790462079492e+00 3.129342905099282923e+00 1.478020337261851287e-02 2.325772744687242710e+00
7.531420165974375344e-03 2.979544493586751219e+00 2.749659657816574843e+00 1.495024166730077667e-02 2.264630728884096555e+00
7.618717702322998914e-03 2.616490466134250070e+00 2.400280135063521225e+00 1.512222125747835107e-02 2.200646342825914203e+00
7.707027114212303652e-03 2.281981101157411818e+00 2.081087222451891705e+00 1.529616396168499877e-02 2.133707752508343436e+00
7.796360130405236531e-03 1.975480436449104316e+00 1.791879758387869392e+00 1.547209183569554086e-02 2.063759829041295291e+00
7.886728615614155974e-03 1.696366673921716695e+00 1.532305853612992097e+00 1.565002717491996431e-02 1.990830364650310935e+00
7.978144572076628638e-03 1.443933262530670225e+00 1.301794492623064015e+00 1.582999251681728795e-02 1.915061720319864769e+00
8.070620141149507584e-03 1.217390574542306370e+00 1.099497368956401155e+00 1.601201064332928928e-02 1.836748324339870564e+00
8.164167604921472240e-03 1.015868201781983560e+00 9.242452061620737291e-01 1.619610458333407832e-02 1.756376634188503871e+00
8.258799387844271284e-03 8.384178946835895152e-01 7.745259344167348958e-01 1.638229761511961549e-02 1.674661152920905671e+00
8.354528058382871408e-03 6.840171624674820094e-01 6.484959242887591291e-01 1.657061326887722744e-02 1.592568669239169843e+00
8.451366330684721012e-03 5.515735475761240902e-01 5.440319539696638618e-01 1.676107532921507909e-02 1.511322531003894909e+00
8.549327066268383804e-03 4.399295815800661757e-01 4.588220615068662189e-01 1.695370783769175813e-02 1.432379597167352303e+00
8.648423275731726215e-03 3.478684231251220060e-01 3.904829035612986665e-01 1.714853509536991977e-02 1.357374997412246875e+00
8.748668120479913615e-03 2.741201711288293597e-01 3.366843646766858877e-01 1.734558166539003007e-02 1.288034080586039076e+00
8.850074914473439122e-03 2.173688383682372272e-01 2.952614238838973115e-01 1.754487237556428755e-02 1.226056496357100789e+00
8.952657125996400095e-03 1.762599618629435705e-01 2.642982465388510338e-01 1.774643232099068837e-02 1.172983224693132431e+00
9.056428379445294677e-03 1.494088170948599803e-01 2.421773877346537485e-01 1.795028686668728723e-02 1.130062196826368659e+00
9.161402457138520528e-03 1.354091931847550834e-01 2.275945277336599015e-01 1.815646165024662265e-02 1.098130599023866116e+00
9.267593301146882789e-03 1.328426757498303024e-01 2.195440220412835375e-01 1.836498258451040727e-02 1.077531095367148861e+00
9.375015015145289968e-03 1.402883734020163309e-01 2.172822165938769756e-01 1.857587586026437573e-02 1.068074882976229434e+00
9.483681866285927423e-03 1.563330128407736663e-01 2.202748806665331405e-01 1.878916794895335585e-02 1.069057426211203365e+00
9.593608287093146128e-03 1.795813163976779370e-01 2.281337995566295740e-01 1.900488560541657018e-02 1.079324373858711938e+00
9.704808877380306092e-03 2.086665648771940107e-01 2.405469185317135050e-01 1.922305587064311247e-02 1.097377369654096935e+00
9.817298406188841586e-03 2.422612378070758687e-01 2.572070923390180619e-01 1.944370607454759536e-02 1.121503892504887023e+00
9.931091813749801447e-03 2.790876129845448195e-01 2.777461702085236017e-01 1.966686383876597999e-02 1.149912968239661382e+00
1.004620421346813161e-02 3.179281977252652047e-01 3.016826875207532233e-01 1.989255707947154561e-02 1.180859775404730305e+00
1.016265089392995140e-02 3.576358557565453844e-01 3.283913621440123221e-01 2.012081401021092661e-02 1.212746178502387862e+00
1.028044732093309765e-02 3.971434865280000226e-01 3.570999179127276602e-01 2.035166314476025140e-02 1.244189844657983324e+00
1.039960913954120388e-02 4.354731081410755378e-01 3.869137150180160245e-01 2.058513330000127928e-02 1.274060440891875201e+00
1.052015217616159015e-02 4.717441914328373564e-01 4.168628220381581095e-01 2.082125359881751778e-02 1.301486290433531812e+00
1.064209244064724669e-02 5.051810913039179729e-01 4.459617018365465979e-01 2.106005347301027550e-02 1.325838094547818091e+00
1.076544612842315896e-02 5.351194224684483469e-01 4.732703090994101469e-01 2.130156266623451158e-02 1.346697795478058346e+00
1.089022962263730583e-02 5.610112307288723787e-01 4.979475360540550621e-01 2.154581123695454778e-02 1.363820737066106847e+00
1.101645949633657008e-02 5.824288179254900610e-01 5.192923875539866563e-01 2.179282956141941410e-02 1.377098333889942072e+00
1.114415251466788215e-02 5.990670891357929850e-01 5.367720800536129877e-01 2.204264833665786974e-02 1.386526146054135822e+00
1.127332563710487130e-02 6.107443047178913176e-01 5.500367902244509555e-01 2.229529858349292917e-02 1.392178446161781658e+00
1.140399601970033122e-02 6.174011375689624215e-01 5.589202939722373031e-01 2.255081164957584150e-02 1.394187701168682070e+00
1.153618101736478448e-02 6.190979576011585994e-01 5.634284186017015639e-01 2.280921921243937028e-02 1.392728329356840877e+00
1.166989818617147553e-02 6.160102909417390915e-01 5.637203835709454491e-01 2.307055328257033230e-02 1.388005728780471015e+00
1.180516528568805595e-02 6.084224306657421977e-01 5.600875526062620846e-01 2.333484620650116970e-02 1.380250978093105374e+00
1.194200028133532432e-02 5.967192087851838078e-01 5.529315443400496521e-01 2.360213066992055547e-02 1.369720156382369991e+00
1.208042134677328981e-02 5.813759754451734985e-01 5.427419170351931443e-01 2.387243970080275487e-02 1.356696559266105995e+00
1.222044686631488727e-02 5.629468703783001571e-01 5.300732340886618044e-01 2.414580667255569052e-02 1.341494156133450355e+00
1.236209543736769070e-02 5.420515130658715153e-01 5.155215972547423364e-01 2.442226530718753785e-02 1.324460919510737522e+00
1.250538587290391315e-02 5.193602810197006647e-01 4.997011858069260182e-01 2.470184967849164276e-02 1.305980905520337298e+00
1.265033720395903824e-02 4.955783892493921261e-01 4.832217192371264791e-01 2.498459421524963642e-02 1.286474145883323095e+00
1.279696868215941634e-02 4.714290272823029593e-01 4.666679692415401925e-01 2.527053370445251149e-02 1.266393579015694826e+00
1.294529978227916024e-02 4.476358518741705983e-01 4.505824430479787313e-01 2.555970329453952777e-02 1.246218457344002939e+00
1.309535020482667685e-02 4.249051724697761045e-01 4.354521400914010965e-01 2.585213849865467678e-02 1.226443955375146722e+00
1.324713987866117486e-02 4.039082011102481107e-01 4.216998809841955853e-01 2.614787519792051082e-02 1.207567075004539081e+00
1.340068896363950761e-02 3.852637673121407369e-01 4.096801927494219120e-01 2.644694964472914245e-02 1.190069378832830260e+00
1.355601785329368925e-02 3.695219198835546504e-01 3.996792039162039289e-01 2.674939846605010538e-02 1.174397531505507519e+00
1.371314717753945554e-02 3.571488501037951013e-01 3.919175567219755352e-01 2.705525866675491387e-02 1.160943028553647061e+00
1.387209780541620932e-02 3.485135726264761424e-01 3.865550597738821037e-01 2.736456763295797359e-02 1.150022771727241322e+00
1.403289084785873213e-02 3.438767904262028940e-01 3.836957248955630284e-01 2.767736313537361506e-02 1.141862248496413601e+00
1.419554766050101606e-02 3.433823468236885668e-01 3.833919588489293484e-01 2.799368333268896503e-02 1.136582954359637743e+00
1.436008984651260603e-02 3.470516300706698032e-01 3.856469852044581148e-01 2.831356677495235064e-02 1.134195357964024709e+00
1.452653925946781159e-02 3.547812434632015011e-01 3.904150063951430383e-01 2.863705240697691709e-02 1.134598188017523546e+00
1.469491800624817164e-02 3.663441862045770936e-01 3.975991255434392357e-01 2.896417957175910843e-02 1.137584189213732611e+00
1.486524844997857107e-02 3.813947074823306194e-01 4.070475732105805489e-01 2.929498801391176507e-02 1.142851845201507732e+00
1.503755321299738400e-02 3.994768992626376858e-01 4.185492632016056258e-01 2.962951788311134899e-02 1.150021996837685023e+00
1.521185517986104775e-02 4.200369835966177856e-01 4.318300669635100064e-01 2.996780973755906741e-02 1.158657874853527225e+00
1.538817750038346324e-02 4.424391299418923285e-01 4.465513809739610207e-01 3.030990454745541296e-02 1.168286868092510256e+00
1.556654359271062056e-02 4.659845100410247576e-01 4.623125109566291746e-01 3.065584369848775928e-02 1.178422373223069863e+00
1.574697714643086624e-02 4.899331659363072577e-01 4.786580851300212824e-01 3.100566899533060972e-02 1.188584292724615077e+00
1.592950212572123020e-02 5.135281351457381405e-01 4.950911548071326163e-01 3.135942266515808624e-02 1.198317108772716688e+00
1.611414277253019750e-02 5.360211509658683315e-01 5.110919128354644014e-01 3.171714736116815203e-02 1.207204889058940411e+00
1.630092360979741237e-02 5.566991209686866782e-01 5.261411665814691441e-01 3.207888616611818261e-02 1.214883002971582693e+00
1.648986944471064753e-02 5.749104891143922424e-01 5.397469673702239845e-01 3.244468259587132697e-02 1.221046681038038262e+00
1.668100537200059227e-02 5.900905128279007039e-01 5.514722373272086253e-01 3.281458060295332907e-02 1.225456795722016823e+00
1.687435677727375585e-02 6.017844421740282668e-01 5.609609308457585986e-01 3.318862458011901523e-02 1.227943360544185847e+00
1.706994934038407949e-02 6.096675798727071438e-01 5.679602636902847390e-01 3.356685936392825309e-02 1.228407243152803030e+00
1.726780903884355886e-02 6.135612335983237076e-01 5.723368395161096966e-01 3.394933023833055646e-02 1.226820490152539911e+00
1.746796215127245644e-02 6.134436500185523888e-01 5.740850664184038443e-01 3.433608293825796826e-02 1.223225500464244941e+00
1.767043526088946798e-02 6.094551460878951943e-01 5.733270181275615940e-01 3.472716365322547905e-02 1.217733094767595503e+00
1.787525525904235316e-02 6.018968280774645851e-01 5.703037624887664636e-01 3.512261903093850945e-02 1.210519343778627244e+00
1.808244934877951612e-02 5.912225112795018722e-01 5.653590442367918412e-01 3.552249618090676936e-02 1.201820867877497534e+00
1.829204504846293836e-02 5.780237192386459277e-01 5.589169569917344926e-01 3.592684267806384169e-02 1.191928233659703906e+00
1.850407019542302245e-02 5.630079438133051006e-01 5.514557692215853457e-01 3.633570656639181773e-02 1.181177074895579882e+00
1.871855294965579092e-02 5.469706764022558287e-01 5.434803048398884062e-01 3.674913636255036642e-02 1.169936673095012036e+00
1.893552179756295348e-02 5.307620632810852168e-01 5.354951866755537360e-01 3.716718105950951589e-02 1.158595948177691959e+00
1.915500555573527997e-02 5.152493783085013712e-01 5.279808505038687816e-01 3.758989013018525921e-02 1.147547114926699807e+00
1.937703337477988952e-02 5.012768259306463747e-01 5.213736074621411198e-01 3.801731353107749151e-02 1.137167618422958881e+00
1.960163474319185847e-02 4.896244662228117495e-01 5.160502990764181952e-01 3.844950170590932109e-02 1.127801318235292616e+00
1.982883949127071249e-02 4.809682704694692168e-01 5.123173974902520689e-01 3.888650558926695644e-02 1.119740185657644549e+00
2.005867779508234069e-02 4.758434494401667103e-01 5.104038862906055130e-01 3.932837661023953074e-02 1.113207952458989514e+00
2.029118018046677935e-02 4.746132275009094514e-01 5.104570049856822500e-01 3.977516669605767746e-02 1.108347159569702312e+00
2.052637752709252084e-02 4.774451474570166054e-01 5.125399846353885236e-01 4.022692827573040586e-02 1.105210880387146544e+00
2.076430107255774690e-02 4.842967716724692062e-01 5.166312143550950697e-01 4.068371428367897891e-02 1.103760046621386826e+00
2.100498241653915230e-02 4.949122890166922639e-01 5.226247762176936540e-01 4.114557816336717605e-02 1.103866825340047653e+00
2.124845352498882720e-02 5.088310469457592022e-01 5.303328471535080357e-01 4.161257387092678200e-02 1.105323947661984718e+00
2.149474673437980557e-02 5.254084152008121622e-01 5.394909445454403318e-01 4.208475587877744811e-02 1.107859347062114974e+00
2.174389475600079988e-02 5.438486741015354786e-01 5.497672382178167005e-01 4.256217917923985072e-02 1.111155000070486842e+00
2.199593068030074663e-02 5.632488387468852498e-01 5.607770422518674192e-01 4.304489928814118210e-02 1.114868529626560356e+00
2.225088798128369363e-02 5.826515234138515131e-01 5.721030739689060285e-01 4.353297224841182200e-02 1.118655961309108271e+00
2.250880052095461867e-02 6.011041699496051383e-01 5.833211585747766215e-01 4.402645463367212825e-02 1.122194015743327444e+00
2.276970255381680075e-02 6.177212687552646742e-01 5.940299135121092089e-01 4.452540355180831244e-02 1.125200450920568196e+00
2.303362873142131284e-02 6.317456535084474689e-01 6.038818128642623462e-01 4.502987664853613792e-02 1.127451192847955586e+00
2.330061410696924670e-02 6.426046129776289417e-01 6.126122033556391511e-01 4.553993211095124644e-02 1.128793264936919893e+00
2.357069413996727703e-02 6.499564914381391612e-01 6.200625809119150178e-01 4.605562867106502423e-02 1.129152808737754921e+00
2.384390470093720321e-02 6.537236882792827330e-01 6.261948818439635467e-01 4.657702560932462654e-02 1.128537762414565826e+00
2.412028207618006903e-02 6.541085450839700943e-01 6.310946559799173183e-01 4.710418275811595334e-02 1.127035029315356818e+00
2.439986297259550199e-02 6.515895294425539941e-01 6.349625440151337452e-01 4.763716050524825080e-02 1.124802240613808069e+00
2.468268452255692469e-02 6.468963657911700471e-01 6.380951242826585768e-01 4.817601979741896467e-02 1.122054509531432709e+00
2.496878428884326609e-02 6.409642700767415047e-01 6.408575518966708184e-01 4.872082214365747177e-02 1.119046898203669427e+00
2.525820026962784584e-02 6.348691299381440389e-01 6.436512087976917762e-01 4.927162961874633623e-02 1.116053662761823162e+00
2.555097090352506997e-02 6.297472173295577402e-01 6.468797157435932643e-01 4.982850486661850875e-02 1.113345677041863047e+00
2.584713507469563881e-02 6.267046821468452711e-01 6.509162188876352895e-01 5.039151110372907388e-02 1.111167711141893166e+00
2.614673211801091940e-02 6.267234922441000666e-01 6.560740922333162528e-01 5.096071212240003284e-02 1.109717400024770484e+00
2.644980182427720053e-02 6.305714911115299914e-01 6.625823874624846566e-01 5.153617229413644946e-02 1.109127728034659199e+00
2.675638444552045150e-02 6.387246839323235115e-01 6.705667677057528531e-01 5.211795657291243972e-02 1.109454646964934010e+00
2.706652070033241375e-02 6.513096087820067215e-01 6.800364187048570930e-01 5.270613049842540199e-02 1.110671038569289948e+00
2.738025177927857698e-02 6.680726227545097373e-01 6.908775254416485989e-01 5.330076019931661441e-02 1.112667661944598985e+00
2.769761935036891068e-02 6.883811183177922510e-01 7.028541784902491152e-01 5.390191239635672149e-02 1.115261057193073224e+00
2.801866556459195468e-02 7.112591483997103836e-01 7.156177798506417886e-01 5.450965440559416009e-02 1.118207693690235649e+00
2.834343306151309444e-02 7.354568331085327149e-01 7.287258787032470098e-01 5.512405414146479693e-02 1.121223041977574386e+00
2.867196497493769772e-02 7.595494888554007451e-01 7.416706788261651084e-01 5.574518011986089039e-02 1.124003786914085756e+00
2.900430493863991738e-02 7.820589829151475270e-01 7.539161781658425543e-01 5.637310146115752374e-02 1.126251133947445249e+00
2.934049709215787172e-02 8.015867509969762938e-01 7.649412091600348296e-01 5.700788789319451849e-02 1.127693107043577614e+00
2.968058608665602449e-02 8.169456232827896347e-01 7.742839517395740945e-01 5.764960975421188488e-02 1.128103886132328704e+00
3.002461709085549324e-02 8.272764657452417181e-01 7.815823258783044514e-01 5.829833799573673481e-02 1.127318556203335875e+00
3.037263579703311511e-02 8.321359660414057169e-01 7.866045269657301331e-01 5.895414418541967266e-02 1.125242102213789286e+00
3.072468842709003348e-02 8.315438584323334714e-01 7.892650872101498738e-01 5.961710050981838122e-02 1.121852042200073285e+00
3.108082173869063797e-02 8.259814964118191716e-01 7.896240908546307002e-01 6.028727977712642488e-02 1.117194701368993792e+00
3.144108303147264555e-02 8.163387399973714986e-01 7.878700312753573742e-01 6.096475541984482799e-02 1.111375745426101957e+00
3.180552015332920035e-02 8.038121952289352112e-01 7.842895606979446432e-01 6.164960149739442258e-02 1.104546160698839152e+00
3.217418150676371741e-02 7.897642813798820827e-01 7.792293823428450006e-01 6.234189269866633604e-02 1.096885336775076158e+00
3.254711605531847990e-02 7.755585958662887247e-01 7.730563757050790130e-01 6.304170434450855065e-02 1.088583220443470223e+00
3.292437333007768724e-02 7.623917038378571487e-01 7.661217028883263724e-01 6.374911239014589837e-02 1.079823623062186932e+00
3.330600343624588733e-02 7.511439360959517586e-01 7.587333989118475452e-01 6.446419342753106907e-02 1.070770648658045721e+00
3.369205705980267418e-02 7.422713395670105241e-01 7.511402146338743702e-01 6.518702468762416213e-02 1.061559854796073399e+00
3.408258547423451829e-02 7.357572016785228763e-01 7.435276183095049785e-01 6.591768404259809588e-02 1.052295164593574972e+00
3.447764054734463873e-02 7.311346093446661198e-01 7.360250939405831305e-01 6.665625000796736310e-02 1.043051744186149765e+00
3.487727474814177747e-02 7.275818667320911315e-01 7.287223254365369218e-01 6.740280174463729457e-02 1.033884125643771856e+00
3.528154115380883332e-02 7.240813780138447564e-01 7.216906384912019634e-01 6.815741906087112445e-02 1.024837935324273808e+00
3.569049345675229939e-02 7.196213587108274412e-01 7.150053352407520491e-01 6.892018241417220692e-02 1.015962864195792514e+00
3.610418597173337130e-02 7.134103239378711825e-01 7.087644589939783302e-01 6.969117291307816431e-02 1.007324157896881678e+00
3.652267364308175307e-02 7.050686021799977832e-01 7.031001671682041154e-01 7.047047231886448271e-02 9.990100188852838459e-01
3.694601205199302130e-02 6.947607368238013503e-01 6.981802299489769936e-01 7.125816304715411331e-02 9.911329243826169089e-01
3.737425742391064371e-02 6.832385206395650279e-01 6.941989836197673958e-01 7.205432816943040109e-02 9.838239002880826423e-01
3.780746663599349189e-02 6.717765610229016193e-01 6.913589723160437073e-01 7.285905141445001010e-02 9.772200907393727709e-01
3.824569722466999305e-02 6.619995344381025548e-01 6.898461050411567319e-01 7.367241716955279240e-02 9.714472973965370128e-01
3.868900739327975347e-02 6.556203053540562431e-01 6.898021650379985159e-01 7.449451048186522817e-02 9.666002824617764277e-01
3.913745601980384015e-02 6.541275183437337271e-01 6.912988920637758161e-01 7.532541705939434229e-02 9.627243159045245635e-01
3.959110266468458816e-02 6.584762464085112121e-01 6.943177467050766216e-01 7.616522327200846154e-02 9.598015464093477833e-01
4.005000757873611317e-02 6.688420550837597123e-01 6.987389994130330795e-01 7.701401615230167585e-02 9.577452119261797847e-01
4.051423171114647281e-02 6.844946246261065514e-01 7.043429676982619903e-01 7.787188339633821510e-02 9.564035042794758468e-01
4.098383671757261509e-02 7.038308075029520161e-01 7.108249229018914761e-01 7.873891336427349397e-02 9.555732295898131667e-01
4.145888496832911274e-02 7.245799830631515226e-01 7.178232851742257781e-01 7.961519508084778651e-02 9.550215785340603336e-01
4.193943955667186335e-02 7.441606858978473404e-01 7.249582959073767041e-01 8.050081823574922746e-02 9.545127292836909083e-01
4.242556430717776828e-02 7.601328888779231852e-01 7.318757975840988195e-01 8.139587318384218506e-02 9.538349992274600675e-01
4.291732378422157684e-02 7.706625475093747957e-01 7.382887799393184070e-01 8.230045094525702265e-02 9.528240535015561896e-01
4.341478330055092288e-02 7.749015062600935755e-01 7.440087956138521363e-01 8.321464320533761283e-02 9.513783143498285577e-01
4.391800892596085804e-02 7.731922025306587898e-01 7.489607593550087206e-01 8.413854231444245491e-02 9.494640804352413310e-01
4.442706749606882555e-02 7.670347139455567786e-01 7.531779462439931461e-01 8.507224128759527382e-02 9.471097202344467281e-01
4.494202662119142072e-02 7.588005971014135653e-01 7.567784013767904217e-01 8.601583380398118706e-02 9.443903251321270620e-01
4.546295469532399269e-02 7.512354355455521659e-01 7.599281873756883465e-01 8.696941420628384600e-02 9.414060088901464729e-01
4.598992090522438514e-02 7.468475517703875299e-01 7.627996378760432128e-01 8.793307749985981858e-02 9.382582052500222369e-01
4.652299523960189143e-02 7.473195151288010152e-01 7.655332901076220553e-01 8.890691935174520333e-02 9.350285191591274359e-01
4.706224849841281199e-02 7.530889848858286495e-01 7.682105075167836583e-01 8.989103608949061686e-02 9.317638569513569946e-01
4.760775230226368254e-02 7.632185346879258869e-01 7.708407216045125576e-01 9.088552469981961424e-02 9.284699304643589945e-01
4.815957910192350533e-02 7.756115367205411726e-01 7.733636808036528087e-01 9.189048282710610138e-02 9.251132391241277952e-01
4.871780218794630885e-02 7.875442890578132626e-01 7.756638999931878553e-01 9.290600877166618754e-02 9.216297762576326491e-01
4.928249570040513228e-02 7.963938486697303976e-01 7.775922078445387520e-01 9.393220148785944024e-02 9.179373989183404747e-01
4.985373463873893352e-02 8.003720481127220010e-01 7.789882375401681047e-01 9.496916058199487976e-02 9.139483006640084506e-01
5.043159487171358646e-02 7.990529111390828332e-01 7.796981534554831006e-01 9.601698631003680040e-02 9.095784350660276463e-01
5.101615314749833457e-02 7.935177913702449182e-01 7.795840451241367042e-01 9.707577957510531153e-02 9.047520554465038334e-01
5.160748710385907462e-02 7.860387037394791498e-01 7.785250228283602247e-01 9.814564192476650517e-02 8.994015560494672545e-01
5.220567527846975420e-02 7.793551407108020301e-01 7.764138997899748817e-01 9.922667554810724044e-02 8.934648605993019688e-01
5.281079711934331261e-02 7.757363450001995009e-01 7.731556006624995536e-01 1.003189832725890074e-01 8.868837842611496658e-01
5.342293299538352497e-02 7.761150513004355656e-01 7.686730150957999941e-01 1.014226685606757911e-01 8.796066018608166281e-01
5.404216420705915125e-02 7.795915018207357772e-01 7.629231928390988182e-01 1.025378355062302876e-01 8.715966720503239840e-01
5.466857299720180585e-02 7.835201052049909354e-01 7.559225602476742356e-01 1.036645888306730878e-01 8.628468774365268823e-01
5.530224256192900478e-02 7.842189267840899980e-01 7.477755429524167718e-01 1.048030338788991100e-01 8.533974018856321786e-01
5.594325706169377826e-02 7.781310365642949423e-01 7.386981555847512704e-01 1.059532766149456628e-01 8.433526228042855788e-01
5.659170163246242391e-02 7.630863904803474318e-01 7.290280348717118608e-01 1.071154236174062940e-01 8.328922198213235539e-01
5.724766239702178822e-02 7.392346551593114157e-01 7.192152564404141746e-01 1.082895820745845700e-01 8.222722137165845435e-01
5.791122647641758214e-02 7.092887449302116565e-01 7.097930641322729439e-01 1.094758597793817345e-01 8.118133865956328465e-01
5.858248200152536139e-02 6.779322850965354696e-01 7.013326475730355947e-01 1.106743651239123633e-01 8.018770167540096860e-01
5.926151812475552449e-02 6.505403785745624834e-01 6.943896336413402093e-01 1.118852070938415044e-01 7.928305586842968600e-01
5.994842503189409116e-02 6.316360847097997055e-01 6.894509167269612382e-01 1.131084952624375750e-01 7.850081285998724567e-01
6.064329395408061402e-02 6.236400503224814873e-01 6.868887841902281410e-01 1.143443397843340731e-01 7.786717538417635698e-01
6.134621717992506246e-02 6.263915339168503182e-01 6.869260507954476624e-01 1.155928513889941667e-01 7.739790099210599461e-01
6.205728806776500406e-02 6.376295450416885613e-01 6.896129697217842081e-01 1.168541413738712342e-01 7.709613121453110507e-01
6.277660105806499857e-02 6.542215952406279511e-01 6.948158205792943631e-01 1.181283215972590700e-01 7.695156651167527340e-01
6.350425168595962011e-02 6.735816442799441583e-01 7.022183276951898812e-01 1.194155044708246627e-01 7.694114425817696334e-01
6.424033659394190465e-02 6.945984883560645251e-01 7.113384576718037033e-01 1.207158029518170111e-01 7.703121614743752010e-01
6.498495354469888130e-02 7.175925061394246018e-01 7.215630299724171692e-01 1.220293305349450103e-01 7.718100448819206205e-01
6.573820143409585259e-02 7.432829152917866944e-01 7.322007617595417406e-01 1.233562012439170796e-01 7.734691895649327131e-01
6.650018030431117944e-02 7.712844951520814174e-01 7.425509870360827991e-01 1.246965296226358738e-01 7.748719127334426915e-01
6.727099135712336087e-02 7.989919249093411224e-01 7.519808411235950896e-01 1.260504307260405799e-01 7.756624417909885327e-01
6.805073696735206012e-02 8.216337943029758950e-01 7.599998156962671780e-01 1.274180201105893917e-01 7.755826344639445979e-01
6.883952069645496441e-02 8.337519791793260859e-01 7.663189800056020573e-01 1.287994138243750142e-01 7.744956956698761941e-01
6.963744730628222690e-02 8.315934932958676251e-01 7.708834595765815534e-01 1.301947283968654390e-01 7.723953274100516797e-01
7.044462277299036457e-02 8.152792682386562628e-01 7.738711338344420598e-01 1.316040808282625540e-01 7.693992910927762718e-01
7.126115430111745752e-02 7.895227509037786584e-01 7.756574480915739978e-01 1.330275885784707457e-01 7.657282484737122363e-01
7.208715033782135684e-02 7.622660819437147017e-01 7.767532210945186089e-01 1.344653695556674577e-01 7.616726131081954509e-01
7.292272058728312134e-02 7.416634417719705219e-01 7.777263250211499113e-01 1.359175421044683807e-01 7.575512872355978367e-01
7.376797602527730702e-02 7.328244730492391446e-01 7.791192514489262422e-01 1.373842249936786108e-01 7.536670674140688586e-01
7.462302891391107973e-02 7.360287360281055902e-01 7.813753055600106689e-01 1.388655374036218970e-01 7.502652025463958374e-01
7.548799281653431614e-02 7.474357935424786881e-01 7.847853542974483343e-01 1.403615989130398145e-01 7.475025828354399104e-01
7.636298261282241373e-02 7.619132039306318882e-01 7.894621158705343866e-01 1.418725294855524288e-01 7.454329822754427459e-01
7.724811451403400253e-02 7.762704481894847630e-01 7.953425386623553806e-01 1.433984494556719003e-01 7.440097557859959299e-01
7.814350607844541829e-02 7.908077535127794322e-01 8.022142464176166277e-01 1.449394795143606751e-01 7.431036728831731386e-01
7.904927622696419909e-02 8.080715881003660561e-01 8.097589760466445963e-01 1.464957406941255758e-01 7.425307728597096979e-01
7.996554525892346499e-02 8.295918794426246912e-01 8.176038136864142158e-01 1.480673543536387138e-01 7.420835920044315248e-01
8.089243486805938743e-02 8.529701706451077170e-01 8.253709469137278099e-01 1.496544421618768717e-01 7.415595651885703576e-01
8.183006815867389927e-02 8.717804504195877380e-01 8.327185980541227384e-01 1.512571260817699159e-01 7.407824199115213837e-01
8.277856966198472721e-02 8.789926362422905148e-01 8.393678886187058152e-01 1.528755283533495268e-01 7.396143795400252907e-01
8.373806535266489770e-02 8.720097615143261871e-01 8.451122981021385039e-01 1.545097714763887242e-01 7.379584714240478016e-01
8.470868266557401993e-02 8.557625281626340952e-01 8.498097958950036057e-01 1.561599781925231689e-01 7.357519932909735161e-01
8.569055051268346934e-02 8.410881400637690852e-01 8.533631581049613279e-01 1.578262714668445810e-01 7.329545925713205623e-01
8.668379930019773361e-02 8.386825225189512567e-01 8.556990395571459906e-01 1.595087744689571152e-01 7.295364662405300349e-01
8.768856094587426653e-02 8.522767023546907739e-01 8.567569032782522687e-01 1.612076105534867299e-01 7.254720715834518385e-01
8.870496889654402861e-02 8.757691871439490239e-01 8.564933374841899871e-01 1.629229032400340282e-01 7.207418485241641193e-01
8.973315814583519845e-02 8.966550534957701268e-01 8.548994550432020834e-01 1.646547761925606645e-01 7.153407072933065658e-01
9.077326525210223374e-02 9.036605707522178399e-01 8.520247585540291491e-01 1.664033531981994329e-01 7.092901413704592040e-01
9.182542835656282154e-02 8.933175192742777160e-01 8.480009560008977543e-01 1.681687581454779368e-01 7.026510247482006255e-01
9.288978720164497993e-02 8.709505108652092487e-01 8.430597160933055445e-01 1.699511150019457628e-01 6.955343196985478427e-01
9.396648314954690606e-02 8.458468026732062217e-01 8.375375668917388605e-01 1.717505477911948630e-01 6.881061650830807563e-01
9.505565920101191613e-02 8.248120210519733764e-01 8.318613528210399011e-01 1.735671805692627079e-01 6.805833391893250095e-01
9.615746001432096124e-02 8.091435248401530611e-01 8.265124943327523122e-01 1.754011374004078028e-01 6.732170179062489934e-01
9.727203192450536995e-02 7.966035914111534444e-01 8.219777593537463956e-01 1.772525423322471039e-01 6.662675938018849386e-01
9.839952296278225985e-02 7.854951390859871152e-01 8.186999221831574580e-01 1.791215193702444253e-01 6.599769846886343050e-01
9.954008287621518569e-02 7.766726341994431015e-01 8.170374931413740827e-01 1.810081924515391238e-01 6.545437548544561501e-01
1.006938631476027024e-01 7.722650967676197853e-01 8.172332487358217046e-01 1.829126854181041817e-01 6.501022015304317447e-01
1.018610170155975214e-01 7.736225946171477741e-01 8.193871645521554337e-01 1.848351219892227504e-01 6.467046581123376825e-01
1.030416994950587445e-01 7.812557012458034578e-01 8.234389831797669368e-01 1.867756257332718051e-01 6.443112234300203411e-01
1.042360673976401170e-01 7.961516762514567747e-01 8.291741146892219749e-01 1.887343200388019726e-01 6.427948549355025909e-01
1.054442793526168404e-01 8.193309100787706800e-01 8.362572304110423849e-01 1.907113280849017378e-01 6.419633952483830841e-01
1.066664958279538722e-01 8.487313983611413093e-01 8.442828945199184476e-01 1.927067728108353972e-01 6.415910118982228738e-01
1.079028791516183639e-01 8.772296863143935752e-01 8.528264139730233895e-01 1.947207768849420484e-01 6.414483493675455783e-01
1.091535935331391094e-01 8.961643679065409707e-01 8.614862506301410594e-01 1.967534626727850400e-01 6.413259662086563395e-01
1.104188050854160164e-01 9.025593925837419595e-01 8.699206803792826070e-01 1.988049522045395312e-01 6.410524569136385464e-01
1.116986818467822634e-01 9.020656324011101512e-01 8.778773304841299696e-01 2.008753671416063924e-01 6.405071508032922356e-01
1.129933938033221702e-01 9.026700751198076800e-01 8.852056072142017173e-01 2.029648287424402342e-01 6.396233695932341812e-01
1.143031129114478600e-01 9.053382753025193130e-01 8.918481005431909692e-01 2.050734578275801023e-01 6.383814373944318721e-01
1.156280131207375328e-01 9.035354196502722868e-01 8.978192162072557991e-01 2.072013747438698761e-01 6.367962639096573785e-01
1.169682703970384707e-01 8.940055067198486860e-01 9.031790630718206092e-01 2.093486993278565189e-01 6.349035945049472662e-01
1.183240627458378019e-01 8.856334851061393731e-01 9.079990057842228790e-01 2.115155508683534968e-01 6.327430702711748234e-01
1.196955702359042834e-01 8.925933434638617658e-01 9.123157288060498304e-01 2.137020480681571521e-01 6.303364780389775213e-01
1.210829750232039481e-01 9.171461462242298524e-01 9.160939207543846718e-01 2.159083090049029041e-01 6.276706451271540921e-01
1.224864613750930725e-01 9.434454341210641859e-01 9.192199150656936713e-01 2.181344510910488976e-01 6.246951635031695593e-01
1.239062156947915577e-01 9.527515112235899197e-01 9.215186426494965666e-01 2.203805910329742490e-01 6.213307821220378502e-01
1.253424265461399456e-01 9.432130361771360327e-01 9.227725064739566996e-01 2.226468447891783720e-01 6.174781015009566110e-01
1.267952846786433996e-01 9.301732487700180574e-01 9.227408085801241944e-01 2.249333275275690325e-01 6.130259198946959032e-01
1.282649830528059809e-01 9.278903799951725428e-01 9.211924327263806278e-01 2.272401535818253659e-01 6.078652876033440178e-01
1.297517168657586761e-01 9.368257825129906458e-01 9.179478447366892224e-01 2.295674364068229223e-01 6.019077220297330832e-01
1.312556835771842845e-01 9.491558250874212455e-01 9.129192766552337579e-01 2.319152885331067782e-01 5.951029979338551268e-01
1.327770829355429116e-01 9.579703158767444160e-01 9.061445089649861062e-01 2.342838215203997543e-01 5.874551636569045332e-01
1.343161170046015263e-01 9.560972404096992339e-01 8.978009221988417776e-01 2.366731459101318602e-01 5.790310636087475649e-01
1.358729901902709092e-01 9.349445277187682368e-01 8.881928442810816948e-01 2.390833711769770054e-01 5.699578990202649464e-01
1.374479092677536596e-01 8.953557618735579204e-01 8.777355982721063432e-01 2.415146056793832097e-01 5.604203123792073082e-01
1.390410834090069769e-01 8.547702391955990242e-01 8.669472766606076686e-01 2.439669566090824637e-01 5.506616781141435712e-01
1.406527242105236331e-01 8.311313206444442825e-01 8.564107981162157879e-01 2.464405299395656668e-01 5.409700004712703070e-01
1.422830457214351862e-01 8.215421842235489658e-01 8.466817142206746194e-01 2.489354303735093477e-01 5.316334673342595352e-01
1.439322644719406574e-01 8.092184942308418005e-01 8.382117828454713759e-01 2.514517612891382647e-01 5.228990794962032895e-01
1.456005995020648591e-01 7.896787579742141627e-01 8.313385885794536412e-01 2.539896246855110062e-01 5.149619634632172094e-01
1.472882723907501801e-01 7.754579252091965413e-01 8.262863907132750318e-01 2.565491211267127980e-01 5.079600685919410941e-01
1.489955072852853779e-01 7.754684620522919181e-01 8.231247822207914400e-01 2.591303496849418075e-01 5.019473963003010519e-01
1.507225309310755434e-01 7.850373742836636026e-01 8.217360857866888857e-01 2.617334078824727350e-01 4.968731991285462168e-01
1.524695727017572888e-01 7.966586058932666470e-01 8.218273962904398822e-01 2.643583916324843130e-01 4.925875137893643840e-01
1.542368646296627399e-01 8.078734635037070344e-01 8.229728221163404855e-01 2.670053951787343949e-01 4.888654563750268744e-01
1.560246414366368017e-01 8.214120348687370399e-01 8.246882237114124825e-01 2.696745110340678098e-01 4.854498930633496800e-01
1.578331405652116382e-01 8.448348726285747068e-01 8.265059447425158190e-01 2.723658299177417752e-01 4.820933600704999655e-01
1.596626022101425013e-01 8.769663649831278551e-01 8.280250026420358234e-01 2.750794406915534340e-01 4.785853180921384453e-01
1.615132693503091299e-01 8.932542454051664027e-01 8.289855792829849968e-01 2.778154302947531962e-01 4.747906123422123148e-01
1.633853877809862132e-01 8.741988911032591014e-01 8.293365203419689191e-01 2.805738836777283418e-01 4.706835465657940309e-01
1.652792061464895546e-01 8.448202105493911596e-01 8.292075646026261238e-01 2.833548837344429527e-01 4.663325530926906159e-01
1.671949759731990170e-01 8.388908223776692097e-01 8.288584955864691795e-01 2.861585112336144654e-01 4.618737255492853522e-01
1.691329517029648843e-01 8.366403332118651504e-01 8.286627705129747667e-01 2.889848447486136340e-01 4.575027600332918221e-01
1.710933907269015231e-01 8.019434368887957687e-01 8.290579543181245681e-01 2.918339605860701957e-01 4.534490613039956486e-01
1.730765534195725930e-01 7.569397339934438307e-01 8.304531736436483458e-01 2.947059327131687501e-01 4.499262704250444056e-01
1.750827031735725237e-01 7.490227858115563464e-01 8.331503599415434058e-01 2.976008326836167561e-01 4.470892442545020273e-01
1.771121064345088647e-01 7.805686131961606655e-01 8.372826794728474020e-01 3.005187295622696042e-01 4.450005630282468649e-01
1.791650327363901452e-01 8.244819609730079657e-01 8.428008609314402433e-01 3.034596898483946648e-01 4.436239609581920096e-01
1.812417547374237659e-01 8.587935945967323237e-01 8.494703969692265488e-01 3.064237773975569956e-01 4.428257868452443180e-01
1.833425482562290598e-01 8.712016572225407263e-01 8.568487001151496862e-01 3.094110533421111642e-01 4.423683179248418806e-01
1.854676923084699336e-01 8.751506957141875764e-01 8.643414737568059225e-01 3.124215760102798112e-01 4.419443334193786099e-01
1.876174691439121411e-01 8.881396837274716516e-01 8.713276663185893778e-01 3.154554008438022472e-01 4.412435366650773738e-01
1.897921642839101308e-01 8.958028696344740860e-01 8.772700229268178829e-01 3.185125803141355960e-01 4.400066990248509002e-01
1.919920665593284892e-01 9.054422168449275388e-01 8.817532767740552391e-01 3.215931638371902213e-01 4.380402739690683611e-01
1.942174681489026444e-01 9.504515433277193059e-01 8.845291574913295429e-01 3.246971976865810072e-01 4.352336130576628381e-01
1.964686646180446583e-01 9.921970097007449807e-01 8.856287619425042834e-01 3.278247249053771739e-01 4.316100069335581102e-01
1.987459549580983809e-01 9.700260354601346613e-01 8.853443830875032949e-01 3.309757852163310310e-01 4.273160151545517538e-01
2.010496416260499075e-01 9.113059214946365172e-01 8.841169290574703021e-01 3.341504149305677962e-01 4.225677017690217530e-01
2.033800305846981960e-01 8.578767987059222611e-01 8.825240815387099813e-01 3.373486468547172712e-01 4.176475923779772725e-01
2.057374313432913659e-01 8.134691324159335490e-01 8.812134425936301030e-01 3.405705101964686676e-01 4.128740735885816360e-01
2.081221569986339281e-01 7.884006146696317385e-01 8.807749938436274517e-01 3.438160304685285995e-01 4.085388541862702283e-01
2.105345242766706038e-01 7.902891154900288928e-01 8.816173037496337628e-01 3.470852293909636455e-01 4.048439734446347416e-01
2.129748535745520921e-01 8.336856820440733395e-01 8.839734767760832890e-01 3.503781247919072750e-01 4.019022504269915697e-01
2.154434690031884481e-01 9.104857970384137023e-01 8.879423473293748259e-01 3.536947305066113767e-01 3.997561790902876000e-01
2.179406984302955930e-01 9.432654988090598547e-01 8.934089100462939692e-01 3.570350562748220158e-01 3.983394190470093132e-01
2.204668735239409816e-01 9.021527385118703890e-01 9.000609068294160853e-01 3.603991076364594370e-01 3.974881920236286725e-01
2.230223297965938656e-01 8.599245289913350909e-01 9.073470922560284979e-01 3.637868858255818849e-01 3.969264126938611970e-01
2.256074066496861485e-01 8.837037608806669331e-01 9.146132841602025998e-01 3.671983876626112586e-01 3.963367393513183567e-01
2.282224474186898555e-01 9.351753427392005547e-01 9.212193004012768638e-01 3.706336054448011175e-01 3.954182338997949686e-01
2.308677994187169624e-01 9.397462201762251111e-01 9.264618213745683395e-01 3.740925268349243327e-01 3.938484946757042082e-01
2.335438139906479416e-01 9.601418578647508140e-01 9.296983149707519489e-01 3.775751347481596243e-01 3.913386577666982391e-01
2.362508465477947683e-01 1.032192864980846503e+00 9.305211296246860275e-01 3.810814072371546679e-01 3.877084789468054349e-01
2.389892566231050230e-01 1.060106113557287122e+00 9.287785918327354784e-01 3.846113173752436776e-01 3.828901370248767866e-01
2.417594079169130827e-01 1.027096488288358866e+00 9.245286914334293060e-01 3.881648331377974825e-01 3.769042066863054208e-01
2.445616683452446483e-01 9.738410874808607343e-01 9.180862773916905750e-01 3.917419172816823392e-01 3.698834515158367919e-01
2.473964100886814066e-01 9.312568286717398669e-01 9.099826222286178101e-01 3.953425272228054954e-01 3.620595645953415542e-01
2.502640096417919069e-01 8.678816724089754020e-01 9.008859590774239701e-01 3.989666149117240268e-01 3.537332622736942822e-01
2.531648478631355337e-01 8.039298232608691475e-01 8.915136216243724210e-01 4.026141267072923524e-01 3.452389741284324631e-01
2.560993100258459609e-01 8.089516224487663942e-01 8.824849572106991946e-01 4.062850032483258378e-01 3.368765191759705568e-01
2.590677858688008595e-01 8.432813328787399643e-01 8.742933898694423833e-01 4.099791793232547832e-01 3.288953931425540045e-01
2.620706696483852682e-01 8.891597054020615731e-01 8.673352756426381260e-01 4.136965837377460375e-01 3.215050755125796744e-01
2.651083601908538756e-01 8.596496119345964360e-01 8.619456666932634459e-01 4.174371391802644271e-01 3.148888052335890864e-01
2.681812609453015361e-01 8.234093609240933365e-01 8.582789261039751594e-01 4.212007620855522383e-01 3.091393008428047762e-01
2.712897800372467416e-01 8.598783508612969362e-01 8.563160586176952194e-01 4.249873624959976115e-01 3.042580725047058787e-01
2.744343303228365394e-01 8.579902282866845864e-01 8.560188943744689860e-01 4.287968439208680871e-01 3.002317705428496075e-01
2.776153294436801144e-01 8.228845529459413166e-01 8.574172270637259174e-01 4.326291031933821585e-01 2.970764737142543299e-01
2.808331998823172526e-01 8.194779848621863705e-01 8.604885373402807458e-01 4.364840303255913545e-01 2.947767306519054054e-01
2.840883690183304000e-01 8.363704949181713921e-01 8.650426359455928305e-01 4.403615083610469272e-01 2.932281627267122048e-01
2.873812691851066470e-01 8.309425120066902259e-01 8.708654353786121627e-01 4.442614132252220571e-01 2.923124599671865775e-01
2.907123377272578524e-01 8.361281991960752835e-01 8.776314767560519092e-01 4.481836135736627647e-01 2.918562171911013858e-01
2.940820170587063465e-01 8.535465652376761359e-01 8.849253807427588381e-01 4.521279706378377172e-01 2.916452761334521471e-01
2.974907547214440395e-01 8.953708487500472435e-01 8.922652176326951734e-01 4.560943380686596216e-01 2.914392826419594518e-01
3.009390034449720974e-01 9.730831282541479998e-01 8.992094481371862846e-01 4.600825617776470589e-01 2.910250886665018411e-01
3.044272212064302874e-01 1.007147752717604705e+00 9.053369826546522336e-01 4.640924797756985631e-01 2.902057303862439208e-01
3.079558712914226559e-01 9.697307521988270951e-01 9.103331042823018526e-01 4.681239220094465248e-01 2.888395011900414810e-01
3.115254223555488089e-01 9.063641640992955439e-01 9.141018753726279922e-01 4.721767101951629408e-01 2.868900379603119832e-01
3.151363484866479547e-01 9.385799946095904067e-01 9.167758611807190761e-01 4.762506576501829292e-01 2.844275813502588623e-01
3.187891292677645927e-01 9.858428364563438517e-01 9.185661069787905975e-01 4.803455691218159185e-01 2.815566279193933985e-01
3.224842498408442282e-01 9.320273626485716667e-01 9.198566187700397689e-01 4.844612406137116523e-01 2.784611006506497177e-01
3.262222009711669979e-01 8.315682319256783028e-01 9.209148604627878099e-01 4.885974592096475333e-01 2.752682768382210821e-01
3.300034791125285305e-01 8.199169791927132245e-01 9.220507678491419723e-01 4.927540028947058337e-01 2.721246728770715939e-01
3.338285864731760921e-01 9.136398002520955686e-01 9.234596680226458965e-01 4.969306403738040778e-01 2.691221565911325331e-01
3.376980310825091203e-01 9.471002732355164877e-01 9.251256306969825038e-01 5.011271308875464570e-01 2.662527973293777883e-01
3.416123268585528616e-01 9.545799726414556652e-01 9.269825683931914861e-01 5.053432240253598051e-01 2.634851206847728666e-01
3.455719936762139399e-01 9.371171832334000973e-01 9.288750333518998037e-01 5.095786595358793303e-01 2.607460578638002846e-01
3.495775574363275129e-01 9.372616139960405768e-01 9.305320863340892368e-01 5.138331671345467422e-01 2.579092190689400432e-01
3.536295501355042892e-01 9.441485539611575994e-01 9.316579018891799624e-01 5.181064663083856381e-01 2.548374591999209016e-01
3.577285099367873422e-01 9.733297980906204794e-01 9.321401730298213284e-01 5.223982661179141784e-01 2.514794986288153567e-01
3.618749812411280464e-01 9.605994283515491006e-01 9.318732130078742903e-01 5.267082649961596363e-01 2.477866947105178130e-01
3.660695147596902399e-01 9.398298845391948042e-01 9.308132255829246748e-01 5.310361505447336317e-01 2.437384584928332376e-01
3.703126675869927165e-01 9.256107295153879200e-01 9.290943421542350311e-01 5.353815993269305240e-01 2.393963746650055457e-01
3.746050032748993175e-01 9.609727276291689657e-01 9.268698417580387705e-01 5.397442766578071094e-01 2.348307055740048166e-01
3.789470919074667821e-01 8.861520032246530398e-01 9.242736082162344990e-01 5.441238363912044296e-01 2.301028009059759849e-01
3.833395101766601254e-01 9.289864110045137346e-01 9.216111369751512905e-01 5.485199207036689506e-01 2.253553096784104981e-01
3.877828414589457595e-01 9.203813437496615180e-01 9.191358675909799825e-01 5.529321598752316991e-01 2.207078636862752630e-01
3.922776758927719598e-01 9.050845739674059365e-01 9.170053998437593945e-01 5.573601720670010584e-01 2.162359614468550295e-01
3.968246104569481680e-01 9.034783366782946912e-01 9.152921585082444134e-01 5.618035630955284798e-01 2.119752524138939498e-01
4.014242490499321803e-01 8.707902805773047872e-01 9.139778277991151834e-01 5.662619262038983692e-01 2.079182983885861646e-01
4.060772025700365440e-01 8.973282209924796637e-01 9.131681025476746649e-01 5.707348418295010717e-01 2.041163470734498331e-01
4.107840889965646558e-01 9.341329344956452729e-01 9.127672816820138202e-01 5.752218773684404374e-01 2.005246691434716400e-01
4.155455334718875515e-01 9.242854789004184557e-01 9.128046816047677980e-01 5.797225869365296713e-01 1.971576373101509294e-01
4.203621683844713797e-01 8.593987989121482096e-01 9.130738296130278542e-01 5.842365111268283950e-01 1.939172011012239849e-01
4.252346334528682159e-01 9.327608420931216004e-01 9.134029404104992977e-01 5.887631767636727353e-01 1.907217654102598969e-01
4.301635758106794882e-01 9.866745580754456846e-01 9.136938776924667938e-01 5.933020966531474816e-01 1.875248318021059679e-01
4.351496500925050026e-01 9.204865801723699503e-01 9.139066427400163173e-01 5.978527693299531265e-01 1.843075887197368479e-01
4.401935185208874501e-01 9.044662121352363693e-01 9.140490589706988800e-01 6.024146788006128350e-01 1.810739602706709639e-01
4.452958509942655518e-01 8.894973601020480514e-01 9.140957703978062066e-01 6.069872942829726004e-01 1.778120990948960090e-01
4.504573251759458330e-01 8.665549675159434084e-01 9.140163991584978609e-01 6.115700699419361897e-01 1.745077648394795233e-01
4.556786265841064054e-01 9.418151208320995060e-01 9.139750255338336959e-01 6.161624446213872508e-01 1.712391044091594594e-01
4.609604486828433600e-01 9.564451657380051985e-01 9.137928215091892792e-01 6.207638415722378511e-01 1.679213299627878297e-01
4.663034929742731483e-01 9.182712062181246360e-01 9.135351894065165679e-01 6.253736681765535987e-01 1.645856900492591868e-01
4.717084690917017209e-01 9.089979910389763829e-01 9.131126255808856840e-01 6.299913156676950621e-01 1.611897849860423615e-01
4.771760948938745805e-01 8.636922719272939197e-01 9.125125628601810091e-01 6.346161588464203085e-01 1.577277261622379856e-01
4.827070965603182939e-01 9.020494358733638363e-01 9.117342135319156382e-01 6.392475557928887220e-01 1.541991761952641038e-01
4.883022086877880086e-01 8.747579111194175860e-01 9.107033540656712667e-01 6.438848475745078126e-01 1.505687310202435958e-01
4.939621743878320759e-01 1.022100750933048419e+00 9.094561643981706744e-01 6.485273579495627327e-01 1.468534695977219418e-01
4.996877453854883799e-01 9.982434318956213692e-01 9.081090317539511902e-01 6.531743930665667719e-01 1.431088446536143977e-01
5.054796821191240852e-01 9.016122733786897658e-01 9.067136145535980019e-01 6.578252411592693250e-01 1.393596032167979948e-01
5.113387538414325695e-01 8.538470889383029672e-01 9.053445474460469766e-01 6.624791722372611602e-01 1.356416613539045135e-01
5.172657387216018643e-01 8.333756070412599026e-01 9.042249760703385819e-01 6.671354377721090412e-01 1.320624880514462141e-01
5.232614239486661489e-01 8.789618793157315535e-01 9.036226430902217777e-01 6.717932703789555315e-01 1.287514559641591283e-01
5.293266058360561743e-01 8.950009134534659960e-01 9.035870780722827789e-01 6.764518834935192571e-01 1.257331012226177713e-01
5.354620899273607737e-01 8.867597362437595887e-01 9.041984299287000315e-01 6.811104710444235710e-01 1.230461916244071224e-01
5.416686911033151697e-01 9.916935044966208590e-01 9.055085104930609141e-01 6.857682071207895635e-01 1.207151894879255338e-01
5.479472336900287344e-01 9.030307642016281999e-01 9.074710507854412134e-01 6.904242456350202506e-01 1.187167454116266896e-01
5.542985515684668574e-01 8.979006182300696137e-01 9.099791871087573591e-01 6.950777199807062212e-01 1.169980914655512627e-01
5.607234882852032420e-01 8.333774831933189464e-01 9.129263609560021031e-01 6.997277426855796900e-01 1.155066545240241022e-01
5.672228971644543982e-01 8.619457895231253941e-01 9.159792786488631933e-01 7.043734050594447904e-01 1.140826991358889902e-01
5.737976414214134291e-01 9.263173828668848087e-01 9.190354104041472683e-01 7.090137768370081695e-01 1.126775710253993673e-01
5.804485942768977669e-01 9.542284714531670264e-01 9.217702174959437889e-01 7.136479058155351662e-01 1.111386762069881129e-01
5.871766390733255125e-01 9.932766015166868412e-01 9.239869906634102792e-01 7.182748174872534141e-01 1.093752161269464646e-01
5.939826693920355893e-01 1.038506076435406378e+00 9.254372060105615638e-01 7.228935146664270395e-01 1.072726272100439360e-01
6.008675891719686968e-01 9.384013632616700074e-01 9.262352161597309230e-01 7.275029771110211874e-01 1.048865142793177357e-01
6.078323128297229427e-01 8.904157749199977934e-01 9.263797821210191241e-01 7.321021611388748296e-01 1.022173793015911242e-01
6.148777653810023613e-01 8.907892732584824502e-01 9.261191418503815775e-01 7.366899992383040274e-01 9.938208644500952371e-02
6.220048825634711953e-01 9.452553279891643401e-01 9.255551119467083643e-01 7.412653996730464989e-01 9.642855494857259513e-02
6.292146109610343707e-01 9.180038064337988635e-01 9.248747515639921257e-01 7.458272460814682203e-01 9.344467898948231876e-02
6.365079081295571539e-01 8.906724973545426804e-01 9.243382628997193207e-01 7.503743970699432442e-01 9.055292358393154939e-02
6.438857427240419762e-01 8.992782310631158849e-01 9.240246676717307484e-01 7.549056858003196924e-01 8.779086885373284244e-02
6.513490946272803006e-01 9.539280099444685801e-01 9.240660539894745007e-01 7.594199195713841055e-01 8.522103203082695422e-02
6.588989550799949635e-01 9.125907051057762231e-01 9.245163475916287066e-01 7.639158793942352199e-01 8.286905716626642715e-02
6.665363268124913088e-01 9.367310265153441229e-01 9.253657154923873307e-01 7.683923195614722479e-01 8.073038975243825022e-02
6.742622241778342129e-01 8.482604023599106258e-01 9.266128024940689656e-01 7.728479672101096210e-01 7.880422735773709442e-02
6.820776732865685421e-01 9.657966471828475230e-01 9.281983634484258783e-01 7.772815218781203850e-01 7.706245490539329057e-02
6.899837121430018039e-01 9.972653045471415734e-01 9.300179400267625240e-01 7.816916550545150999e-01 7.545585049305743308e-02
6.979813907830659803e-01 9.544617222020338465e-01 9.321406097611192321e-01 7.860770097228573228e-01 7.401633420217704207e-02
7.060717714137773049e-01 8.959714351484621142e-01 9.344760021787661408e-01 7.904361998981193072e-01 7.270133137428037851e-02
7.142559285543126357e-01 9.121588177527619745e-01 9.371044584116882126e-01 7.947678101567766662e-01 7.154773519074501820e-02
7.225349491787214085e-01 8.396324582729185471e-01 9.401271341874558596e-01 7.990703951600406363e-01 7.060154683683275700e-02
7.309099328602910450e-01 9.946494920343074142e-01 9.434458351705847790e-01 8.033424791701263556e-01 6.981623942354649170e-02
7.393819919175865785e-01 9.819276656132516212e-01 9.471031449168102467e-01 8.075825555594507987e-01 6.921034945838148988e-02
7.479522515621821466e-01 9.704055354414157231e-01 9.508756931134186852e-01 8.117890863126565604e-01 6.868053746138602644e-02
7.566218500481054487e-01 9.951189965770680379e-01 9.547669933110628504e-01 8.159605015213527990e-01 6.822826063339568203e-02
7.653919388230148169e-01 8.967642684658558849e-01 9.586910007111858478e-01 8.200951988714638707e-01 6.781438125301984809e-02
7.742636826811269968e-01 9.707179117408928359e-01 9.624225996296817964e-01 8.241915431230767419e-01 6.733765856845648490e-02
7.832382599179196214e-01 9.014365780492803459e-01 9.658089798408564519e-01 8.282478655826741587e-01 6.673091367358643944e-02
7.923168624866253618e-01 9.633020403198149229e-01 9.686330484042325883e-01 8.322624635676381111e-01 6.589897481789386280e-02
8.015006961565405152e-01 1.010390251648545679e+00 9.707479765052252629e-01 8.362335998629114586e-01 6.477888042969470739e-02
8.107909806731686819e-01 1.091582341187787852e+00 9.720889190065304941e-01 8.401595021696982579e-01 6.334424896279390593e-02
8.201889499202202893e-01 1.016119332089985949e+00 9.723509771497818033e-01 8.440383625460839978e-01 6.146086869953460569e-02
8.296958520834906148e-01 1.020060123351305137e+00 9.716521838805826095e-01 8.478683368394570596e-01 5.918241403826791230e-02
8.393129498166364000e-01 8.995872036924776882e-01 9.701414709874496278e-01 8.516475441106072797e-01 5.657517154068580217e-02
8.490415204088747059e-01 9.241667696729909398e-01 9.678553126661393335e-01 8.553740660493793779e-01 5.365435947770223757e-02
8.588828559546249908e-01 9.767898893349119538e-01 9.648473632717071702e-01 8.590459463817537999e-01 5.044222149774352237e-02
8.688382635251183927e-01 9.579260647503955450e-01 9.613981029590655814e-01 8.626611902682305155e-01 4.706300056798885106e-02
8.789090653419954213e-01 1.074640949647468480e+00 9.576366842398809087e-01 8.662177636933831026e-01 4.357368861388374176e-02
8.890965989529158175e-01 9.311408852658534796e-01 9.538432274140632439e-01 8.697135928464546639e-01 4.010074266081617433e-02
8.994022174092044519e-01 9.004768771179259002e-01 9.501242583511705364e-01 8.731465634928623487e-01 3.669325747944662125e-02
9.098272894455557980e-01 9.461743120991049638e-01 9.466987865847351635e-01 8.765145203364755888e-01 3.345270545780447413e-02
9.203731996618220723e-01 9.215902869000853759e-01 9.436980360406409529e-01 8.798152663725307132e-01 3.044155773146529562e-02
9.310413487069075789e-01 9.626094926320848399e-01 9.410820194748816814e-01 8.830465622310460505e-01 2.764387163950273590e-02
9.418331534647951253e-01 8.804768599707999410e-01 9.389794146446511780e-01 8.862061255105947444e-01 2.512132370601851544e-02
9.527500472427290479e-01 9.331306725820691650e-01 9.373376696498362248e-01 8.892916301022946168e-01 2.285186595675454263e-02
9.637934799615786030e-01 9.792843339359368349e-01 9.361573383491328393e-01 8.923007055038705282e-01 2.083760963288349213e-02
9.749649183484085935e-01 8.974802644995825140e-01 9.355002526954239173e-01 8.952309361236430174e-01 1.910882763314285249e-02
9.862658461312820979e-01 9.193539461466104790e-01 9.355072502357881792e-01 8.980798605742965623e-01 1.773220020469094479e-02
9.976977642363201726e-01 1.009515661468696424e+00 9.359947656965532659e-01 9.008449709562742491e-01 1.662336166498442833e-02
1.009262190987048502e+00 9.628628654877382509e-01 9.371237059506813960e-01 9.035242322031336037e-01 1.585711946994145319e-02
1.020960662306047650e+00 8.680491679956436890e-01 9.388218800673077125e-01 9.061193723415390533e-01 1.539778717333692773e-02
1.032794731918952547e+00 8.657238962384995462e-01 9.410891925075445252e-01 9.086336831422061611e-01 1.524195387983257911e-02
1.044765971560805307e+00 9.516132496171904043e-01 9.438568042693602500e-01 9.110702969905828397e-01 1.535422314140934448e-02
1.056875971184805030e+00 9.555744371657690639e-01 9.470882101221606009e-01 9.134321895171737538e-01 1.571411815011496821e-02
1.069126339173477103e+00 9.028861205029572456e-01 9.507370364725969969e-01 9.157221895529081834e-01 1.629667438419533931e-02
1.081518702552289213e+00 1.003301920885166565e+00 9.544170715099035140e-01 9.179429883149607949e-01 1.692249005130226289e-02
1.094054707205743604e+00 1.004721803090368404e+00 9.579778249269117474e-01 9.200971478928405833e-01 1.752177175289995614e-02
1.106736018095974439e+00 9.874803629273931627e-01 9.612200186533088608e-01 9.221871090973181584e-01 1.800375988326906318e-02
1.119564319483879355e+00 9.588552298025087017e-01 9.638854427245866496e-01 9.242151987283597769e-01 1.825231508161262103e-02
1.132541315152812755e+00 9.548242237823171275e-01 9.659354594528454241e-01 9.261836363125772742e-01 1.825100562406087659e-02
1.145668728634872569e+00 9.170636151898698962e-01 9.670464029303234010e-01 9.280945403556652984e-01 1.785509596620825368e-02
1.158948303439811811e+00 9.871346490893906367e-01 9.672692298778398090e-01 9.299499341508543626e-01 1.708780449888863684e-02
1.172381803286599800e+00 1.100075115304009143e+00 9.665450487829559956e-01 9.317517511804154218e-01 1.592188279535511689e-02
1.185971012337670549e+00 9.522362524775366266e-01 9.648392026093357554e-01 9.335018401437336077e-01 1.433976269734714253e-02
1.199717735435885446e+00 9.652840162359596077e-01 9.622888170803682861e-01 9.352019696422917416e-01 1.240002598588655670e-02
1.213623798344241722e+00 9.755454440098759727e-01 9.591477561997652224e-01 9.368538325490942675e-01 1.021367738507210181e-02
1.227691047988360484e+00 9.754251014316495105e-01 9.556994161297108770e-01 9.384590500875233943e-01 7.905993868555004009e-03
1.241921352701784720e+00 8.859979578157662905e-01 9.522007881882834646e-01 9.400191756423557088e-01 5.591823676230427663e-03
1.256316602474121469e+00 9.963887738626709956e-01 9.488593885777256709e-01 9.415356983236344846e-01 3.365068180240730900e-03
1.270878709202059476e+00 9.958113042553918826e-01 9.462019111658137582e-01 9.430100463022479396e-01 1.467501421130481144e-03
1.285609606943296512e+00 8.584021757960008658e-01 9.443706707572557812e-01 9.444435899344365559e-01 3.353256797064771704e-05
1.300511252173409904e+00 9.032581496016083289e-01 9.435619153232037704e-01 9.458376446909431134e-01 1.046191822603872524e-03
1.315585624045705115e+00 8.954944284315121683e-01 9.438983889827290419e-01 9.471934739051917074e-01 1.513452281768841315e-03
1.330834724654076151e+00 8.866711940793040592e-01 9.453596127174318520e-01 9.485122913536634393e-01 1.445918487652362531e-03
1.346260579298911075e+00 9.732910379082022612e-01 9.477612277809640551e-01 9.497952636805349069e-01 9.310615093557263883e-04
1.361865236756082842e+00 9.184310174843940411e-01 9.508559176735144058e-01 9.510435126776601855e-01 8.567379967332293931e-05
1.377650769549054965e+00 1.037966166079558050e+00 9.543319921614051848e-01 9.522581174300572826e-01 9.447995168662497428e-04
1.393619274224143556e+00 9.739027801645160354e-01 9.579216079211252399e-01 9.534401163362604681e-01 2.036548715857246315e-03
1.409772871628967694e+00 9.438389303215172221e-01 9.613023341906014041e-01 9.545905090121378223e-01 3.042884755794359863e-03
1.426113707194129887e+00 9.838107345299992312e-01 9.643928877478787909e-01 9.557102580861016605e-01 3.927751340928356885e-03
1.442643951218158804e+00 9.765730349534411658e-01 9.670749796812155852e-01 9.568002908930195449e-01 4.638848616976234095e-03
1.459365799155757593e+00 9.922473728138683224e-01 9.693099480286035963e-01 9.578615010735695989e-01 5.159951731182362347e-03
1.476281471909391074e+00 1.014188239324079310e+00 9.709607744683854680e-01 9.588947500852718075e-01 5.430744452108391025e-03
1.493393216124253353e+00 9.074899163141301184e-01 9.722919450542882869e-01 9.599008686309455918e-01 5.570303181763419827e-03
1.510703304486655574e+00 1.022555259665875349e+00 9.730564054799901719e-01 9.608806580099278349e-01 5.468564522278978289e-03
1.528214036025870914e+00 9.015056749415695236e-01 9.734535894250463395e-01 9.618348913969811953e-01 5.214723402454519464e-03
1.545927736419478560e+00 9.704276603808911217e-01 9.735766565475258982e-01 9.627643150534590522e-01 4.850167528831727387e-03
1.563846758302247730e+00 9.868293157216662115e-01 9.732249627053164431e-01 9.636696494749754649e-01 4.285058617800256708e-03
1.581973481578601515e+00 1.027623765219195073e+00 9.724376219201776861e-01 9.645515904795007867e-01 3.536291105610214151e-03
1.600310313738701806e+00 1.007420132500571830e+00 9.712066718096649121e-01 9.654108102395551061e-01 2.599499628762428748e-03
1.618859690178199306e+00 9.998993351678433505e-01 9.695067536129566843e-01 9.662479582618752616e-01 1.462249495717492112e-03
1.637624074521689010e+00 9.351037920470341991e-01 9.675519912039395320e-01 9.670636623177326641e-01 2.192461792105445241e-04
1.656605958949915136e+00 9.982486067139361152e-01 9.652912348925758446e-01 9.678585293268349155e-01 1.153518969235162259e-03
1.675807864530768798e+00 9.373761858689033666e-01 9.631498452586501058e-01 9.686331461975468127e-01 2.465467132088113283e-03
1.695232341554121502e+00 8.802141215639998073e-01 9.612166528675541999e-01 9.693880806259975724e-01 3.676389180380664357e-03
1.714881969870540868e+00 9.937390505329538604e-01 9.596964313883509234e-01 9.701238818564419386e-01 4.693315994654593051e-03
1.734759359233932541e+00 1.044523119864802618e+00 9.586460319724313672e-01 9.708410814051036120e-01 5.489866361882724671e-03
1.754867149648152047e+00 8.695241052198531273e-01 9.581830750807880381e-01 9.715401937495860007e-01 6.012277170596372865e-03
1.775208011717636092e+00 9.906506424324099669e-01 9.583602431468327687e-01 9.722217169857734209e-01 6.236528853036144189e-03
1.795784647002096834e+00 8.668177764410210928e-01 9.591675772156977864e-01 9.728861334540543915e-01 6.167523574340199807e-03
1.816599788375328650e+00 9.156089642049238808e-01 9.602888062463642571e-01 9.735339103365554525e-01 5.949217082528621657e-03
1.837656200388172456e+00 1.003513482776532850e+00 9.616709478112922538e-01 9.741655002269788977e-01 5.606248943356276215e-03
1.858956679635688225e+00 9.987881383783963063e-01 9.630154463469653425e-01 9.747813416745321202e-01 5.273954671489999857e-03
1.880504055128583429e+00 1.008879980305648738e+00 9.641081076403560379e-01 9.753818597033441229e-01 5.048939193544354706e-03
1.902301188668945819e+00 1.001423139275990248e+00 9.649062214374778401e-01 9.759674663086861379e-01 4.950234166326838992e-03
1.924350975230332272e+00 9.710480724355473603e-01 9.653340685664330012e-01 9.765385609312107196e-01 5.011763525840612181e-03
1.946656343342263229e+00 9.852713141996760626e-01 9.652442517687703782e-01 9.770955309103805941e-01 5.299802901325594180e-03
1.969220255479173565e+00 8.861027041263370707e-01 9.649349360161288969e-01 9.776387519181539698e-01 5.680377361030533936e-03
1.992045708453871189e+00 9.927560206797360065e-01 9.642799616561840148e-01 9.781685883739623666e-01 6.210570401659652913e-03
2.015135733815558439e+00 9.709623417573652882e-01 9.636396747007309749e-01 9.786853938419211030e-01 6.728434497963704276e-03
2.038493398252464228e+00 1.028444861344547379e+00 9.629716034181723394e-01 9.791895114111905940e-01 7.253272257531458676e-03
2.062121803999144465e+00 8.986541647427517265e-01 9.624157085008200330e-01 9.796812740603264569e-01 7.722103962930704051e-03
2.086024089248504687e+00 8.952865090171188145e-01 9.619532737751361751e-01 9.801610050064217816e-01 8.143443438228436387e-03
2.110203428568596440e+00 9.621502439026797804e-01 9.617569476948955032e-01 9.806290180397954082e-01 8.439408100817287484e-03
2.134663033324245340e+00 1.007333117341565831e+00 9.614590858276891305e-01 9.810856178449325338e-01 8.776101359734325355e-03
2.159406152103567678e+00 9.814889321019241164e-01 9.613540672025335798e-01 9.815311003083542207e-01 9.020696979764960058e-03
2.184436071149428393e+00 9.560502793943059796e-01 9.611708994833569886e-01 9.819657528140406377e-01 9.295727948047342176e-03
2.209756114795903059e+00 9.889019123924083221e-01 9.609241768773122416e-01 9.823898545270104421e-01 9.594748332521583351e-03
2.235369645909796699e+00 9.183263763340444585e-01 9.607367412200938928e-01 9.828036766656151890e-01 9.862372868594223782e-03
2.261280066337279404e+00 1.016418309162334888e+00 9.605955101595898826e-01 9.832074827630878922e-01 1.010462270915941929e-02
2.287490817355704031e+00 1.014101294892816751e+00 9.606724388677163606e-01 9.836015289188404509e-01 1.024386391349575882e-02
2.314005380130653933e+00 8.459647176946684111e-01 9.610808774396647491e-01 9.839860640399948899e-01 1.022901145626083086e-02
2.340827276178294447e+00 9.959787467334545452e-01 9.619314259214175600e-01 9.843613300735940541e-01 1.001043122330022052e-02
2.367960067833078774e+00 8.839369313563912867e-01 9.632473102035404855e-01 9.847275622299183073e-01 9.578288910542175419e-03
2.395407358720879287e+00 1.005085883466358743e+00 9.649125522392733023e-01 9.850849891973145755e-01 8.985745269636949764e-03
2.423172794237600680e+00 9.025067577099308291e-01 9.668746414958571123e-01 9.854338333489187640e-01 8.257299012339932090e-03
2.451260062033339793e+00 1.040153120877942650e+00 9.689671458973769802e-01 9.857743109416341465e-01 7.468444372891221671e-03
2.479672892502160053e+00 9.630201259211206288e-01 9.709863711685543519e-01 9.861066323077087858e-01 6.710745604087374472e-03
2.508415059277541381e+00 1.014673800546480154e+00 9.725673822718182704e-01 9.864310020392426104e-01 6.147012809234769781e-03
2.537490379733571721e+00 8.921121218701313360e-01 9.735208101774519562e-01 9.867476191659261264e-01 5.860847677114442399e-03
2.566902715491951703e+00 1.067800910136892822e+00 9.737924233523748141e-01 9.870566773263100835e-01 5.875699638830412033e-03
2.596655972934872381e+00 1.025141450371767071e+00 9.734290523616729862e-01 9.873583649328849798e-01 6.170506092994917403e-03
2.626754103723838440e+00 1.013829184354338775e+00 9.724747070423434003e-01 9.876528653312317552e-01 6.726013386339432104e-03
2.657201105324506596e+00 1.018654341385182960e+00 9.710904323031767094e-01 9.879403569534979113e-01 7.471051298988344753e-03
2.688001021537607560e+00 9.109662548289924056e-01 9.695634329649975847e-01 9.882210134664375367e-01 8.277856723765141672e-03
2.719157943036019098e+00 9.163471275290721030e-01 9.680262437203485115e-01 9.884950039142452738e-01 9.087347200318425869e-03
2.750676007908067433e+00 9.143012918264128430e-01 9.667687962403124224e-01 9.887624928563967242e-01 9.769359257037235275e-03
2.782559402207125832e+00 9.780611473702803815e-01 9.660798531037679826e-01 9.890236405007033493e-01 1.019364729773102572e-02
2.814812360507581435e+00 9.281353263698224332e-01 9.657431562326048713e-01 9.892786028317797076e-01 1.045697660963266183e-02
2.847439166467247595e+00 9.674018994026341023e-01 9.660230000099625514e-01 9.895275317351057698e-01 1.044041549274244730e-02
2.880444153396297668e+00 9.603127841156994249e-01 9.665178683115261959e-01 9.897705751168683896e-01 1.032465115541766898e-02
2.913831704832788638e+00 1.049383236908851158e+00 9.673325011700228959e-01 9.900078770197417999e-01 1.006287031160631520e-02
2.947606255124858521e+00 9.962555347130942485e-01 9.681848859203602276e-01 9.902395777347805517e-01 9.781981452899509918e-03
2.981772290019673477e+00 9.247844726867717746e-01 9.690998846293705782e-01 9.904658139095718905e-01 9.470948519956333064e-03
3.016334347259197468e+00 9.298551812879103373e-01 9.700083402057232407e-01 9.906867186527923419e-01 9.160872412222787614e-03
3.051297017182871052e+00 9.740585126065076649e-01 9.711078904044072591e-01 9.909024216353150560e-01 8.763406923451271674e-03
3.086664943337274369e+00 1.024855611665527411e+00 9.721781743137964948e-01 9.911130491880015825e-01 8.377327371910001444e-03
3.122442823092857811e+00 9.950903355110248816e-01 9.736202908798134992e-01 9.913187243962988671e-01 7.823693075631018429e-03
3.158635408267818967e+00 9.812522765558184812e-01 9.754858253484072206e-01 9.915195671917707010e-01 7.080326129296985078e-03
3.195247505759213791e+00 9.494229774621230078e-01 9.779037793306241122e-01 9.917156944406773089e-01 6.091061673303561387e-03
3.232283978181380579e+00 9.117350527164800322e-01 9.809743570327584816e-01 9.919072200297147646e-01 4.813396536359700745e-03
3.269749744511767808e+00 9.018941030331060205e-01 9.845576728184322057e-01 9.920942549490223694e-01 3.311773657988580782e-03
3.307649780744242651e+00 9.989079813360400850e-01 9.885525366505421019e-01 9.922769073725552502e-01 1.633129559980628798e-03
3.345989120549974771e+00 9.829909911978724768e-01 9.928058857162828099e-01 9.924552827359292007e-01 1.533953755898679813e-04
3.384772855945982872e+00 1.127803726600734358e+00 9.970608290542976038e-01 9.926294838118172592e-01 1.934483930260444060e-03
3.424006137971425723e+00 9.878113876293121987e-01 1.000964325203955729e+00 9.927996107829994976e-01 3.557001084359109281e-03
3.463694177371734462e+00 1.022636459773302642e+00 1.004328735515307436e+00 9.929657613131468441e-01 4.941615014655690620e-03
3.503842245290675894e+00 1.024014809702383344e+00 1.006879788908077611e+00 9.931280306154213200e-01 5.972383513403199673e-03
3.544455673970435594e+00 9.848087087387968896e-01 1.008669699937558617e+00 9.932865115189628558e-01 6.674437033916041928e-03
3.585539857459817181e+00 1.021300056016831048e+00 1.009558439603092106e+00 9.934412945333612743e-01 6.989255285466316157e-03
3.627100252330648367e+00 1.115115559495797548e+00 1.009682979866566521e+00 9.935924679111514113e-01 6.976744853920061398e-03
3.669142378402494131e+00 9.630945554662954100e-01 1.009004937309695649e+00 9.937401177084310699e-01 6.620468526237628139e-03
3.711671819475766743e+00 1.019977557720735728e+00 1.007735138414475262e+00 9.938843278436526596e-01 6.010559666285092591e-03
3.754694224073336972e+00 9.820711611661562257e-01 1.006002157717674317e+00 9.940251801546498012e-01 5.201526344956063433e-03
3.798215306190736218e+00 1.001015611951303619e+00 1.003942030898719251e+00 9.941627544539730632e-01 4.251148128024195144e-03
3.842240846055060999e+00 1.006552095330180752e+00 1.001703832703179087e+00 9.942971285825794592e-01 3.223150244518764324e-03
3.886776690892667752e+00 9.794545111892460909e-01 9.993536864859272617e-01 9.944283784619378785e-01 2.145709388505846835e-03
3.931828755705770284e+00 9.784600219278276612e-01 9.968830439169862334e-01 9.945565781446044085e-01 1.014714878352786448e-03
3.977403024058036696e+00 1.078435690913623679e+00 9.943901121849214597e-01 9.946817998633208369e-01 1.273743290112004222e-04
4.023505548869293236e+00 1.022496136847144799e+00 9.921271775590090325e-01 9.948041140786778591e-01 1.170226134347017140e-03
4.070142453219438572e+00 9.599797012089378301e-01 9.898828357420988988e-01 9.949235895254067152e-01 2.205934273021806658e-03
4.117319931161679492e+00 9.549889872685028980e-01 9.880007348202535233e-01 9.950402932573252368e-01 3.083399872379503394e-03
4.165044248545185290e+00 9.200682145103012965e-01 9.862505705439917891e-01 9.951542906909964792e-01 3.903152386110121316e-03
4.213321743847289191e+00 9.989667555679284661e-01 9.846815220976524730e-01 9.952656456481401293e-01 4.643225146516794313e-03
4.262158829015325168e+00 9.317513892427742306e-01 9.831950027555959037e-01 9.953744203968322157e-01 5.346813332690584022e-03
4.311561990318228510e+00 1.078526096680896940e+00 9.818481890514195731e-01 9.954806756915379751e-01 5.988490469783305965e-03
4.361537789208005833e+00 9.937641837729830341e-01 9.804742945928532905e-01 9.955844708120129560e-01 6.641901721094116244e-03
4.412092863191189984e+00 1.023098351074669621e+00 9.793044839983147121e-01 9.956858636011096664e-01 7.204598171205740982e-03
4.463233926710397093e+00 9.614845263838780465e-01 9.782159781971037082e-01 9.957849105015210700e-01 7.730788646812717692e-03
4.514967772036102112e+00 9.575021071958231822e-01 9.774428338641287795e-01 9.958816665915064537e-01 8.116370496420392128e-03
4.567301270168746541e+00 9.879049009540041837e-01 9.768768240147678306e-01 9.959761856196112095e-01 8.409148035212419756e-03
4.620241371751313331e+00 9.634859505832198412e-01 9.767582190611471260e-01 9.960685200384356008e-01 8.502140439641451761e-03
4.673795107992464004e+00 8.688504614881120691e-01 9.769989383551754836e-01 9.961587210374636125e-01 8.434449616702794847e-03
4.727969591600390764e+00 9.146114625721043501e-01 9.775101228070693926e-01 9.962468385749945199e-01 8.245692727459284430e-03
4.782772017727485725e+00 1.082651178727056962e+00 9.780643355119704729e-01 9.963329214091949382e-01 8.037057839321634992e-03
4.838209664925956943e+00 9.541392599031477406e-01 9.787644506723541804e-01 9.964170171283019961e-01 7.762948824631374020e-03
4.894289896114531579e+00 1.083163204949901148e+00 9.793764300319827143e-01 9.964991721800091629e-01 7.527294309755741368e-03
4.951020159556350997e+00 1.007124984046593230e+00 9.796702553831416749e-01 9.965794319000516044e-01 7.431997397473804820e-03
5.008407989848212338e+00 1.009933053883425913e+00 9.798110990181040370e-01 9.966578405400190466e-01 7.403732918717614679e-03
5.066461008921268494e+00 9.121154857308861885e-01 9.796768349997911907e-01 9.967344412944183496e-01 7.496626152247978271e-03
5.125186927053333008e+00 1.025178638779764118e+00 9.794565538765845902e-01 9.968092763270117729e-01 7.626894292990332898e-03
5.184593543892913381e+00 9.152991839904829341e-01 9.790828347046843794e-01 9.968823867964480279e-01 7.824486250168646503e-03
5.244688749495119318e+00 9.586477356791603954e-01 9.788939746119708074e-01 9.969538128812112099e-01 7.939383375213921942e-03
5.305480525369573819e+00 9.419551726058551511e-01 9.787585467766893865e-01 9.970235938039031520e-01 8.029868225330466860e-03
5.366976945540476329e+00 1.043698386842869752e+00 9.788423741164796743e-01 9.970917678548842922e-01 8.022368959474213829e-03
5.429186177618943177e+00 9.131661715872783081e-01 9.788881575598432638e-01 9.971583724152879302e-01 8.031065550008360462e-03
5.492116483887789613e+00 1.065302148925029835e+00 9.789814524816552455e-01 9.972234439794300798e-01 8.018016036066997684e-03
5.555776222398877806e+00 1.016058415690699102e+00 9.790430875108070419e-01 9.972870181766240183e-01 8.018360359555765787e-03
5.620173848083187984e+00 9.789642682168548937e-01 9.789760348361543629e-01 9.973491297924321763e-01 8.075152596861067886e-03
5.685317913873753071e+00 8.896499469768159862e-01 9.787851796953633832e-01 9.974098127893553656e-01 8.186251763901452802e-03
5.751217071841614015e+00 1.037525842360355499e+00 9.784435707038591223e-01 9.974691003269851031e-01 8.363667096341943080e-03
5.817880074344935259e+00 1.016276503127079511e+00 9.781066188414150320e-01 9.975270247816310221e-01 8.538472544021780825e-03
5.885315775191449994e+00 8.897032067553675150e-01 9.777229940551701581e-01 9.975836177654391346e-01 8.733479554119403729e-03
5.953533130814370189e+00 1.035565079537689614e+00 9.775668371562777903e-01 9.976389101450220398e-01 8.826919053550675090e-03
6.022541201461927507e+00 9.911359099553392893e-01 9.775360225571096962e-01 9.976929320595968598e-01 8.864125291606791274e-03
6.092349152400711176e+00 9.726407804606994612e-01 9.777920423136289285e-01 9.977457129386633206e-01 8.773371936867604623e-03
6.162966255132942273e+00 9.094967801926819861e-01 9.781994251152409392e-01 9.977972815192341915e-01 8.614913125439290983e-03
6.234401888627863819e+00 1.009902734021381310e+00 9.789666478255237836e-01 9.978476658626080908e-01 8.296349588353808119e-03
6.306665540567405692e+00 9.496300393084758928e-01 9.799553817968306157e-01 9.978968933707312861e-01 7.879368247582731535e-03
6.379766808606282424e+00 1.057951791278343157e+00 9.811459750626057019e-01 9.979449908021285065e-01 7.372975967496663875e-03
6.453715401646701544e+00 9.001622448480909311e-01 9.823670541661765343e-01 9.979919842874431790e-01 6.853264094001813682e-03
6.528521141127847649e+00 1.015962161416957388e+00 9.836247547690033510e-01 9.980378993445646607e-01 6.317583392781128682e-03
6.604193962330305645e+00 1.018414611859749019e+00 9.846978077107944038e-01 9.980827608933926509e-01 5.863583396903344729e-03
6.680743915695614987e+00 9.225990573615060475e-01 9.854864438864388010e-01 9.981265932702145793e-01 5.534972123783322984e-03
6.758181168161110364e+00 1.016810425994819855e+00 9.859384508691192428e-01 9.981694202417221717e-01 5.354456650509918127e-03
6.836516004510238886e+00 1.050951189206852820e+00 9.860109294527460433e-01 9.982112650186885094e-01 5.340737748480551758e-03
6.915758828738525210e+00 9.706785203030738884e-01 9.855032870694260261e-01 9.982521502692771609e-01 5.582177179268848696e-03
6.995920165435374649e+00 9.794007778411891740e-01 9.847920420473078584e-01 9.982920981320484444e-01 5.913103047283796085e-03
7.077010661181889262e+00 1.070380452695272711e+00 9.838932148739516492e-01 9.983311302286113076e-01 6.326648012629258570e-03
7.159041085964887863e+00 9.619381812939660215e-01 9.828664878145170203e-01 9.983692676759805540e-01 6.796676412431750837e-03
7.242022334607315592e+00 9.611986427387476661e-01 9.820391329748253684e-01 9.984065310986169894e-01 7.178619095925754118e-03
7.325965428215230446e+00 9.080558266765609288e-01 9.815498749979929549e-01 9.984429406401653662e-01 7.410878622947682237e-03
7.410881515641570161e+00 9.554279094672284423e-01 9.814890384203496243e-01 9.984785159749134387e-01 7.453271070897122402e-03
7.496781874966877091e+00 9.844899607315935608e-01 9.818725653083119065e-01 9.985132763189528138e-01 7.298718171250299577e-03
7.583677914997190683e+00 9.956919609575932695e-01 9.828586297793786564e-01 9.985472404410755676e-01 6.877560558015685319e-03
7.671581176779302069e+00 9.813759190364741425e-01 9.842175458009460032e-01 9.985804266733901979e-01 6.291946127326950716e-03
7.760503335133570602e+00 9.633570126537754907e-01 9.860317435036253242e-01 9.986128529216895533e-01 5.506254972337950963e-03
7.850456200204509294e+00 1.059377418182037900e+00 9.880366513448229915e-01 9.986445366755503095e-01 4.637875341126016827e-03
7.941451719029339884e+00 9.621110516798431211e-01 9.901894730668759914e-01 9.986754950181948587e-01 3.706088579110459851e-03
8.033501977124734239e+00 9.966046903915293242e-01 9.924619916087983329e-01 9.987057446361091717e-01 2.723664435116146879e-03
8.126619200091946382e+00 1.002126628806729647e+00 9.947165812556939546e-01 9.987353018284172990e-01 1.751043552370891302e-03
8.220815755240540312e+00 9.191407752479964222e-01 9.970158152677528474e-01 9.987641825160371578e-01 7.609119676038332862e-04
8.316104153230961415e+00 1.092095090108436528e+00 9.992094458282295699e-01 9.987924022506042832e-01 1.813008604374991527e-04
8.412497049736117560e+00 9.825328174137198944e-01 1.001309855045148023e+00 9.988199762231901868e-01 1.081271000166689330e-03
8.510007247122246099e+00 9.911990259168631523e-01 1.003142795436538393e+00 9.988469192727909007e-01 1.863823937394395091e-03
8.608647696149244410e+00 1.004821531264675993e+00 1.004717899565906514e+00 9.988732458946258941e-01 2.533758490271951613e-03
8.708431497690723333e+00 1.018983230099442583e+00 1.005840734695117478e+00 9.988989702482249378e-01 3.007654346116016286e-03
8.809371904473991322e+00 9.700755726892414943e-01 1.006453677199552921e+00 9.989241061653251208e-01 3.261297243089345769e-03
8.911482322840202031e+00 1.013634886606211927e+00 1.006451956574044404e+00 9.989486671575711352e-01 3.249876715199259258e-03
9.014776314524917566e+00 1.107161349852219479e+00 1.005893903203554984e+00 9.989726664240354825e-01 2.998570506369889910e-03
9.119267598459298796e+00 1.044715643983503917e+00 1.004907933521176799e+00 9.989961168585523854e-01 2.562474787862032040e-03
9.224970052592174952e+00 1.019327846479796129e+00 1.003699525617095967e+00 9.990190310568802801e-01 2.029957383819261298e-03
9.331897715733239451e+00 1.011750641596709688e+00 1.002516012447861815e+00 9.990414213236766816e-01 1.507823100583797950e-03
9.440064789417602853e+00 9.451731761729653680e-01 1.001570193017915278e+00 9.990632996793353815e-01 1.088385771264034716e-03
9.549485639791965852e+00 9.195745992664592361e-01 1.001223504144441723e+00 9.990846778666240269e-01 9.287376940748790681e-04
9.660174799522645017e+00 9.630952436389265126e-01 1.001560040434009480e+00 9.991055673571884732e-01 1.065610008878630941e-03
9.772146969725724830e+00 1.055989726849817512e+00 1.002688774931741689e+00 9.991259793578870507e-01 1.545901376059765058e-03
9.885417021919574054e+00 9.193642566382472792e-01 1.004628537598770022e+00 9.991459248169805019e-01 2.376589246114388116e-03
1.000000000000000000e+01 1.030369537350070974e+00 1.007110362929852343e+00 9.991654144301738150e-01 3.439672021302846161e-03
