# Single-species disordered Bose-Hubbard chain
# H = -t sum_<i,j> (b_i^dag b_j + h.c.) + U sum_i n_i*(n_i-1) + sum_i eps_i*n_i
# L=6 N=6 nmax=2 dim=141 t=1 U=9 W=8 naccepted=300 nrequested=300 nattempted=300 nskipped=0 boundary=periodic mode=full
# Each column is one accepted disorder realization.
# Incomplete POLFED realizations are skipped, not padded with NaN.
# POLFED target=middle, requested howmany=500.
-1.5072762921308822	-5.938590584680028	8.64663113443823	-12.127992860235402	1.2265725218250618	5.233511401828961	2.4995767600028813	5.444408421529218	-5.404346773662802	-19.380872148464082	1.793018788580458	-0.2465569998913537	-9.480310006933792	-16.105007185461535	-10.04922244424138	-13.982052853385376	-1.5634913034567148	-25.597645349056798	-8.673660782911526	23.12275322682953	1.4752009678194296	3.6577379136048407	1.9771404167325264	-11.556563606284659	-13.966349418631854	-14.647859620173602	-2.6478009470028994	-10.239752324637543	-11.558651095616911	-14.299436091896006	-3.037870187781641	-8.285477693712906	-5.485514420794436	2.932814982869929	1.7258279885776595	5.422818649807175	1.6338164667500499	6.791676236783737	-18.22111585762368	-6.623805993574895	-12.57617694218792	12.753851440383471	18.61490906437841	-9.956448922151068	-14.473322904937758	-12.904482399685085	1.8378383629488795	-4.7359618502125	-18.25691497059089	13.05109364641303	5.167317780863248	-8.106452297627067	-18.47794453209258	9.011242385592794	-0.6718070120044846	-0.39248622314501297	-9.264035642385418	-15.051560414221711	17.804913180963492	-11.229303136656197	-8.118402484303406	-9.768299006012812	5.626306526820542	-7.843863011502789	-0.0706443126257552	-6.599712225798875	-4.367950553620736	-14.256845516097886	-3.9945065576290855	-13.066785058033389	-7.20989758705003	-12.862171239835547	16.515529230423724	-0.9166351161396601	-18.079668599552452	-2.764134021956007	-20.887023680953067	-2.7357417446687875	5.183121597534499	11.729799507479699	-1.1766275808304414	-24.972454791342052	8.891834085078067	11.47296326390979	-11.315912788527807	11.683516470189247	10.013153564306947	0.26671000972095704	-23.030199627211278	-7.769016222781076	-2.1846353488454895	4.710827509372707	6.120174879367917	7.2476774354337925	-6.054139675415486	5.384172689467942	-14.309543780372824	-14.532887566557633	-17.67657990840153	18.125760772828688	2.7387704894886995	5.316679585670315	-26.881539807454512	2.0630183245872225	-14.187906668017725	-2.802297058914931	10.700698080578707	-6.562903813707884	1.7733201318593648	-11.998353934905047	12.804522929893928	9.019452133401114	11.884530557939131	-0.4897452722275379	-24.769275507345785	-4.1156043687379285	13.71871673823648	-0.4685382728751569	-3.61912812849382	20.913157478942278	-1.0755245402049525	-2.3665444192613494	16.891202158841537	-13.367915661254216	-1.6400661552573528	2.8268194557097104	13.156364387641432	-10.433349851367083	12.734730196061001	-8.093250005425071	-13.883363668452104	-7.78590206885253	-2.2039616980485874	-6.081983056874786	22.605101625117094	2.3509657277923637	0.3999477676788196	-11.21516079598597	-3.5671649128696856	-10.804316696421383	0.6383741223420168	7.1822795393774435	15.308008960559645	14.9286131376694	0.24885394012182796	7.663790761054202	0.9939650179360473	-15.758412704528418	-22.24616731689157	-13.492199632350319	12.097966376303098	-4.4960616919444645	12.002347696771643	20.13387720198434	15.451215886012008	-19.659077758005157	12.392423762992212	-8.951365246304873	-12.717735065929773	7.2929652738844135	-13.124369340646298	-4.638630346861065	2.872817940947826	17.745578595804783	-6.326807860314162	3.597689664745519	-15.809550276352288	-10.669393310451156	-23.281155551758324	-0.6464180754448338	16.034831259934876	3.582705754776229	-16.27581481730186	-20.358899104598954	-17.152714476978147	-17.231970314740163	8.481049812775252	-5.602719302853269	-16.44873824931362	-5.0659845125210765	-2.4155647728410035	7.223158965586516	3.5252348268452494	-1.7363557766935025	-9.726185775972883	7.94203417972619	11.314118975836998	0.5273796341490351	-10.277474412980556	-3.203884189011968	-13.005559417364466	-19.699605402704616	-21.06435242068705	8.876729749178018	-0.40039128857307515	4.377238004200208	-9.09526081414611	-2.877177844898492	-21.560474975169782	16.052674569197745	5.202949774862808	12.848569692274216	12.986522941999631	7.3797712486371765	-4.238806620352747	-1.2261476641234277	-3.228207250272133	12.987071555962425	-2.030888003611139	16.404152823868642	-2.721286415682869	0.699949792707713	12.759931252122238	9.70679934953559	-20.326335709818917	10.778094813000022	14.40505342646962	4.343463039532122	-17.423659659869326	18.554097466353962	-1.3023585135758127	11.25654784873737	8.894826337739174	-9.326376103771961	2.205548102082048	-1.2400923930212067	-11.716798817688002	-14.764646419662668	-11.896205996342559	1.8545536399032605	-10.426266905933055	17.215586511520428	-4.227692389052821	-4.517131026625847	-6.6547576985152315	-9.009634734124838	-23.246403163731863	1.099324797003419	-0.0834852296309947	0.30466166641038517	-2.209169101801472	-8.067888906376114	-4.655487168907513	5.256476347095671	-2.6251496088457387	12.740650022822702	10.486322096237346	-8.032170420516133	11.103024885290749	-7.1770760498079325	3.9321520766896665	-13.527164950263572	-6.763311307760965	10.42860352081908	9.062061554599262	-8.492607196880643	8.871557420002194	4.6951640964245485	-6.095525799918644	-12.383640560683624	-3.9406047960866886	-13.178798946710351	3.586213858755528	-2.702059353204364	23.320499320643652	7.261766127211953	-4.864948196730291	1.662038388176701	2.041703857534031	3.3797364188863597	2.9996678471385416	-5.165209514929382	3.7685136644874717	-12.195935837915998	-4.619882953646098	-3.6083308567582577	-12.18311780624807	7.756882106109778	-3.3936414694588857	-11.432480577405386	-0.5124732566825366	6.670116282548766	10.58407396320046	-9.195892074848102	-17.15143068064826	-10.293746230259565	1.1247066665598242	3.1215816114722656	1.8517389236414203	7.253571293574638	-5.625852716412044	-4.135752198258357	7.198075026614455	-9.032385587365198	11.220675617712837	-0.3659861060168811	4.017428421544308	-5.080980263732579	15.048679926823194	19.427631158099572
1.9404014128057634	-1.558741742609296	16.799270205660644	-4.919595263380721	4.386923733094498	8.039823736620656	8.53021780472907	10.545322798363664	3.7220526905973585	-9.682301873725699	7.8847403203427575	7.971930439365414	-7.136819904089059	-8.307574658846903	-3.9387555568418287	-9.061223248604527	1.5390306952782336	-13.255202681669019	-4.929142456031855	34.940836086985314	7.818592065555893	12.924599725803317	6.438212591135354	-6.348394396216989	-5.839768954685507	-12.30562495850377	8.216712263289253	-2.950543412220862	-3.618271619544423	-6.9110821684342625	0.7202284676093315	-2.303781241166114	1.1928111300927071	7.991518723251525	5.419180248380523	9.799366975369296	9.08121544953262	13.853165955838168	-15.573404506460147	-3.9758300422377815	-5.823624282768101	17.73185788892328	28.626359481611463	-4.650914395920013	-9.623677674124933	-3.5667460219430414	5.521880061904297	0.6434912330007805	-11.453572427840864	21.407101843447748	9.762728618627525	0.9274355108789432	-9.004402382152112	16.029367359622757	2.7972162734780612	3.850396310723494	-1.8680269250801713	-11.549309301402486	25.795238360445627	-6.462033480780029	-3.579144042786945	-5.163583279267092	11.36886582683202	-1.2952163262276275	3.148174360432847	-1.6540005791380215	1.0473228249567004	-9.10261001967715	-0.34834944511809596	-7.659496657226786	-2.077590512346244	-6.782710882808327	25.70102978545934	3.87146182352713	-13.1613852957897	1.8129642117547284	-10.888723537816249	0.8922576233984856	10.263782175481309	20.27651601866528	2.7951657461585997	-18.24612742140085	17.17821472064563	17.54826543332446	-2.7238392960668287	20.236295162810233	13.352760545540699	5.2865197470864285	-14.572020224342872	-4.008930791959309	3.381346003182059	12.121820325008779	11.655819146416853	12.721564607869725	-0.18992177683124795	10.060991552302362	-4.198131936645006	-10.888548027059986	-11.936173493019496	23.67789634053293	6.5454127828349655	13.786714337570256	-16.598750843266593	6.6165321910916495	-8.929837495791926	4.13578985349762	18.782092222683424	0.03316534968250004	5.045744518479346	-7.232131261778974	17.310955319680012	14.301665510879884	20.503788730009646	5.508402457350496	-17.558312950798886	3.7505203450668265	17.018038882107763	9.762560346998567	4.168880059574329	26.589541156997463	8.857898444514355	1.8737402771739258	21.979217434350637	-8.117884923353166	4.484868986718923	7.825380302573862	21.011475709622946	-3.0624305511700145	21.14191431644476	-5.3456390502279625	-9.480909009170558	-2.121485052371238	2.1983262546738627	-2.9264002348533866	29.18044655159575	11.728957628922737	5.265127754470285	-5.060939255799077	0.4428887781488271	-7.173313714980046	7.026288506831644	10.9180471141249	19.434624966411825	21.151101593119925	8.548340724689234	11.275501422994719	6.198819863731069	-8.25033167892228	-17.928716667609812	-7.885409302702547	17.630518289130592	-2.2867779182620236	18.194798032970212	27.52423742790133	22.430567046159368	-10.519109074087147	17.88329267278883	-4.451629002867033	-8.199076615877093	11.780308664453184	-4.112163237980653	-0.8076783795032845	7.8374537666881965	24.68406856204451	-1.5105205960533776	12.35809885890672	-10.36289897857717	-7.34881724402927	-15.930755906147875	6.432585995053278	24.256126071894297	10.728364845603052	-8.356622546617597	-14.866097648016495	-13.532134888927814	-14.140028999405665	15.736285440846881	-0.8379010512604176	-8.436002725000169	1.516493366129025	0.4937137148994424	12.20245619214497	10.616732145252243	4.668251141608011	-5.074441517829108	15.619072361432899	16.888647967164932	3.6763021117253385	-4.5594796940802	0.9748388757140933	-4.500269798950054	-14.592641251890644	-12.014929783652473	12.454193518122507	4.028774594363427	8.348632105111593	-5.615728885742428	1.091964418421616	-15.047696424533509	24.90418290480595	7.898883652433469	19.510450786799684	24.04492261304657	15.328770019771408	1.9234170815307134	4.357841354141517	3.6056782777157292	17.06154610314503	0.8694189666754578	25.383881455031172	1.3967460716059015	6.518933851070861	21.05410122114761	13.760677901667952	-16.413402858723362	15.966694767609859	20.441952134745005	9.60402866236912	-11.835403060783396	27.123629150566217	1.667038929046188	17.9091388498378	14.949616239235926	-2.3675427508982465	5.995791399249895	1.6468460738386086	-7.796795503173058	-3.4815982656501747	-7.007691818782925	10.105113130676015	-2.331388339048126	26.957863704396303	1.8302039033718112	1.8959940506344959	0.4581018640972812	-2.2003997682479657	-17.0926683407314	5.030748357411623	5.777569038866502	7.595181540169058	2.7970126183990898	-6.494313018275663	-0.8552820810036074	10.572435057014985	0.8002068492904804	16.53851307608357	15.03769300847727	-2.823793896004461	20.086133465372107	-2.841915358789447	8.13453676997589	-9.00316908914666	1.0043757749507634	15.29376526556511	16.53904452346591	-5.11727095708098	14.696985644784714	10.731719483143648	2.0821105466606427	-7.077071959106788	0.3108812366619236	-5.708866681999669	8.291488953226272	1.7744123545504351	32.74921260348502	10.403064438317635	-1.8466266914713656	8.192368607698485	6.069478116196838	6.833092954949983	8.726857953217191	-0.4416687781734927	12.779654878619036	-8.84578472419145	1.2034909944363583	0.07112519316269592	-5.715734048691758	17.777845528254495	-0.48487861626421136	-8.078711202535665	7.675897177758096	12.080428415964972	19.40248893440868	-4.615628720442434	-13.733717169347454	-7.506004325412491	6.492580025901896	8.121787807476485	7.828075623199332	14.186547288216092	0.789797511197377	0.09557179805914018	12.004483065971922	-4.16175568805838	14.954515923533501	4.371341919060417	12.811367557182304	1.160061088404011	22.037070273191592	25.859970668102527
3.8381898578066966	-1.074180032570421	18.628752552887928	-3.252102972673299	4.871109854608609	11.725086880498623	10.102221722534528	12.952746044732004	5.421101735026548	-8.105483091214609	10.027967529480145	9.535571578778123	-5.038454207474886	-6.980858155435797	-1.6910039161781618	-6.624236194130598	2.7844025992778567	-12.738145675491294	-2.3515247000660935	35.983473152397046	8.290605054974417	14.15872689489748	7.826074852001367	-4.876621454227663	-4.5809552460702285	-10.017694266901952	8.687002179148076	-1.7712655790761334	-2.4111964642520243	-5.922077054431244	5.5167319056170445	-1.2818745067826063	4.045455870341357	9.567440112814658	7.181075484255902	10.129486311318736	12.081249737429617	16.71251125047762	-14.449215180248796	-0.6526381356314214	-3.692040617098931	18.926407714544723	30.147145940356626	-4.162729492342145	-7.831714955302005	-2.061817725200847	5.885323094607721	2.4567435509182687	-9.452976776866473	22.515827944088272	12.623247176831747	1.8159603081489626	-8.279201671647503	18.646602663539156	3.944117846886426	5.79280912386681	1.1717641181610412	-8.626844939257271	26.002113594202026	-4.797030002269963	0.0763918995376905	-4.336582445522874	12.525211845793269	0.1705281609603305	6.659089730651293	-0.8392200287259182	2.6800922905118734	-7.209428494667802	2.96224606352904	-5.6747221929871285	1.2248656307484722	-5.4314257228783855	26.307362728388153	4.471422551482722	-11.246290938983291	4.418372410760391	-10.03424109417105	1.9363668471331827	10.937297598225697	20.94336471005514	3.2878720692924457	-16.02338017084408	18.377615303185525	18.262458007226726	-2.522782588962519	20.908273489330977	14.666506608295858	8.26320837472088	-12.66566901795356	-3.2953404762976684	4.937619666532264	12.989716399517635	15.176049479030127	14.750036686627025	2.799230042264593	11.96517284983174	-4.0282291322304005	-8.688553389565838	-9.1176738018304	24.941424405020772	11.508238558471962	15.667997018035573	-14.410940512831473	8.885120620720777	-7.891217244020102	6.245017921865252	19.79094771092209	0.6086699605923026	7.000022225061862	-5.6624083596398975	18.886086395360948	15.578153319795547	21.893458319735558	7.4379429083162005	-15.784670349726067	6.939543425489538	17.412421772513646	11.06998861326811	5.935964438557548	28.38695299260923	9.806578991041588	4.3194591240709705	22.16068042587181	-7.05464731044828	5.009203482516368	10.301215879636345	23.062090974965486	-3.0074151107719067	22.4666060690542	-2.8767457637317264	-6.741663398658814	-0.021562638773744435	2.6534415487227836	-1.0651757178338688	29.965029598754178	13.234747697659367	6.256108328898428	-3.8932682864638015	2.5141780830376916	-4.413609971671731	9.452061640998592	11.799742701247009	20.06256180256915	22.41258248221027	10.188942095629015	11.886734254269596	7.371740780794296	-6.011218664052024	-15.932307036584442	-6.054295070739315	19.11885775265577	-0.8607654345636389	20.747043196632532	28.786786296378917	25.078286290088396	-9.075927143008041	18.69668030675224	-1.9382737156966672	-4.682116419821213	13.66813336952243	-3.091124717824039	2.4265318242166556	10.440684362484355	25.296214005147256	1.196630941472338	12.404787734802849	-9.427543935893114	-5.992598883774753	-13.477404098071869	7.346881733370617	25.957628188517322	11.571850134259941	-7.840736820330275	-13.287364182138273	-11.807195782038008	-12.66395287983157	16.661694439281757	-0.5117504973829973	-6.511739278256286	2.9846892813869474	3.507562519225907	15.350362948076015	11.092542604087267	5.596842681940607	-2.059442673395149	16.541633213110234	19.842025634302804	5.564787619831769	-2.260046284034999	3.6459561660611755	-3.6110506341554136	-14.005947386655404	-11.428234428982238	15.167331948544998	4.682788630349079	10.694938304799644	-3.3448523735333993	1.744340374184388	-14.082217134189097	26.63318974766228	9.409944151755198	21.295959484973576	24.941894509711354	17.500657985848317	4.157172651944849	5.147292807308587	6.6419985943123905	17.672683255053375	4.689954197768487	26.739655738095184	5.167887449183956	9.062457459399278	22.645798675008237	14.103614008271231	-13.138116877168933	17.50000763634933	21.01876656236472	13.645377007781413	-11.458335944882972	28.87068625269666	6.2967151892339	19.397923007677857	17.085922783954743	1.0569935044128218	6.855139364211703	4.996743525548279	-5.888091967248385	-1.7263866700185537	-6.525685190296152	11.816231709048848	-1.281372011127262	29.064882582580218	4.177214462859864	4.139602232653374	1.4961402187164183	1.4845821516599713	-14.218363966517533	6.776385633618024	7.18808863604454	8.510317192839295	5.540782107323059	-4.163813729256571	1.2038353422128927	12.338861287310756	1.0649088804384719	17.499471548448117	16.548631564509833	-1.33729984616866	21.175731367499875	-0.8377427286583501	12.026068121060286	-5.828742608156728	1.9125440864500536	16.592725087825798	18.88950420793983	-3.1501852987535126	15.97365104538685	11.556902743695295	3.9179965903875313	-6.0463900694395845	1.5516428826093662	-4.666769236513892	9.165295197395983	3.4412108995510238	33.14686766578184	12.170254427649189	1.7515924409673354	10.564234288454896	8.008560660167115	8.937338585973237	10.917419262000728	1.6927742831394457	13.77688403700858	-5.693360111173989	3.1873217926141137	4.711785646165408	-4.530228140943035	19.576858731291612	2.4912571395536274	-5.7453827173184635	10.205707074380435	13.982945046864117	20.088455100336006	-3.6981342902584813	-10.385110659548074	-5.100917693668719	6.948903956502679	9.469462922062261	9.31162293114433	16.318875888859548	1.7035340447958385	2.687753256665454	13.507199006922736	-1.5642565390067438	17.59854312360286	7.019191306129734	13.801580395220595	3.6709461653555806	24.96414964982828	26.536212237042744
4.897791941345775	2.205120152796417	20.816808316823572	-2.3083677233321875	9.325027241907303	12.1711351982315	10.994275834626007	13.364717733429641	6.312130205727534	-6.992217901524556	11.851730225918368	11.254628124916405	-4.394568275045697	-6.197497987304449	0.9546022207680467	-6.594164580246093	4.314451879041271	-11.683367790477387	-1.1258630807251253	36.35316840488548	8.949849685923835	15.8808911765087	9.75906941995659	-4.0833905273075795	-3.698586670845087	-9.858525720191682	9.311004362399295	-0.9398492618576051	-0.0744289560019681	-4.266232213675462	6.262486128894961	1.3299710818606134	5.84147760904557	9.761314747220784	8.878523628339346	12.175690710001032	12.809532561809606	17.349493776256015	-11.537169662937913	-0.4768879604665405	-2.129339895987698	19.81137460574149	31.701195107392525	-3.7008987723958264	-5.523997560262535	-0.8777885342839506	6.954108533403662	4.292679569509841	-9.341584493845577	23.185757818428133	13.419720734005397	2.330707487657066	-7.769056485836027	20.664208172612835	4.343762054703831	8.766728543489705	1.5685937712310605	-7.37061926567616	27.213374335950498	-1.2363988471808285	0.19183400091247346	-1.7007009268849202	13.031972068769525	4.133786962796901	6.848523767350151	2.290133986887496	5.771882745518198	-5.072004763249373	4.023957049314877	-5.306970688231406	2.662158929350368	-4.294285553789209	28.905099623399355	6.808524237227862	-10.411379977736205	6.799343743046826	-8.273119660389028	2.595210928094304	11.669665987349546	21.890481654174867	4.977858016876467	-15.493216426664535	18.569243805137514	21.292932269103705	0.010903268157322732	22.246717411659056	19.498106590781777	8.886480095575148	-11.466241607996485	-2.219139625409354	6.243052707941286	13.074562553060687	15.972633808195447	16.013090574829555	4.706526263066298	12.383889083328098	-2.5353593555554372	-6.534009684831196	-7.235640180624624	27.26484351768417	11.623811547725351	16.020465113995698	-13.600576425440872	10.136561884993968	-6.223215706354161	8.21331608755126	20.88075168274753	2.899874038879869	10.201428734378943	-2.660132472320178	19.30907209650691	17.785957080008252	23.12846137008078	8.120477436276904	-13.704037341043119	7.41418564506237	19.20253985737501	11.37263628311212	7.216212594290722	30.061110754278058	10.622056170544015	4.978412740673536	24.571168970948776	-5.289785031969356	5.826471773909893	11.027815385090847	23.783810821831807	-1.6617864054600824	23.74332544219125	-1.7799952909874777	-5.04711295746915	1.3917911439749204	4.4161257876386095	3.562610088423387	31.16180526832692	14.7538028133678	6.9684614000222656	-0.7420298401107603	4.395677102351084	-1.8616820077124228	9.711791268756233	14.652533637658525	21.68283304432208	24.509556582785837	10.53738397973099	14.777887043813564	12.369988591322722	-4.959421701942318	-15.305858341857919	-3.7376600781837106	20.786439549237656	0.4282269707883348	21.839209576647555	29.639287019281372	26.36921276297293	-8.567595530059934	18.908695434634556	-1.8272346888266922	-4.061538221824872	14.946103138286107	-2.060729909518707	3.719353091059545	12.0366787418715	26.5419810650823	2.7860736551327516	14.559358418207765	-5.994778941284442	-4.951259916653906	-13.327662339907244	10.018294572279885	27.12937824721728	15.398442859043898	-6.244620882553963	-12.199069936941552	-9.567931578897955	-10.25719115431084	19.125653988516774	4.1433743496750965	-5.536932971140785	4.659408292568094	5.026538602832893	17.135102498599778	12.630501239042484	6.122687690590796	-1.586768083554986	18.289574677697786	20.54422475889386	7.98458526951674	-0.3496834516605035	6.312487283864307	-0.9400609324833823	-12.21365666866905	-10.513745785967604	15.357242405910684	5.742650855467645	11.474327235731806	-2.5194114413340807	4.8528720132119485	-10.943139904800805	26.681684804840028	11.179567760752015	22.940235993959462	26.9335813590116	19.056149920151558	6.546235460752839	8.654191519869075	8.054858136022698	20.92122012378357	4.864546665116326	28.09118699083518	7.290227822939756	10.020554334224812	24.73770727475228	17.9401922811001	-10.73224566017916	19.404850451889242	24.238038648251763	14.811682807017789	-6.736450779117748	29.66868453654494	6.763602219026149	20.212729094891692	18.447036808961673	1.8783758156755563	7.620457913531602	5.708099677520202	-2.0365310506109395	-1.26398057741102	-3.243873098939858	13.324513158286514	0.08491185095102693	29.81208754052046	6.171785591918223	4.712563982830369	3.2236616128263167	2.4625501866950783	-13.055870339963194	7.967727478290949	8.605192040798649	10.887575629563852	6.381486837289033	-3.799964776219408	2.828310713709186	13.226100553910763	2.015816147972111	19.646402318235534	17.499022596495873	0.4247088499473116	22.22674897959594	-0.44579059786553904	12.756882305912182	-5.030903877225003	4.120178329932031	18.627244738280574	19.178464442871917	-1.5343046499586277	16.205035343993483	12.527533191417866	5.971204200620906	-5.023667203745058	6.046169273904936	-4.2245418933438605	9.313221218197667	4.379187169239485	34.96112539411505	12.265666659337656	2.101303246530223	11.0479187806966	9.153000968812949	10.815367868778665	13.43777143951398	2.2785624599769574	15.83707554959337	-4.081570648031465	3.9543325381415855	4.851778780416284	-0.7818057124358947	20.633264354142447	3.228365260148264	-2.7174542772844728	10.973408424015883	14.4381079172376	21.27249630841447	0.2691564199344398	-7.236134890834089	-3.209289088842727	8.867500808658841	11.088174574704977	10.438969280374032	19.323270995079024	2.3692223137698956	4.403981684579782	14.26792545332572	0.5213137744754377	20.147461898133542	8.188567619327246	15.0407682882658	5.933835660100668	25.26750961227362	27.849692856773736
6.697137771329011	2.7565234628500828	21.204262911010996	-1.1554992161183744	9.849367662640399	14.303337741535904	12.645099264664879	15.184003726417657	6.7631083788453665	-6.034194408572372	12.68788034693276	12.41027030990023	-2.1961330808648527	-4.89260734117569	1.4359468641160966	-4.97878519838925	5.257269113417146	-11.350532170692635	0.2472850171272798	37.549210191384674	9.104866050956346	16.04204093490008	11.15824166339172	-2.811056382511621	-2.937754416828963	-8.445888692069362	10.058087644512264	1.2706657550122662	-0.040044771772899404	-3.33496855084859	7.406463505856682	2.29119639918412	6.024430435173755	11.493734681899825	9.17228753417942	13.044704953014952	13.242346353485896	18.73068398941811	-11.20529959056257	2.088266552197546	-0.5446499490440122	22.684192730508443	31.86290294694448	-2.6529109367783077	-4.136301765326614	-0.6875529046656562	7.152649163077263	4.655013699485595	-8.018869578318212	23.698913427144443	14.475155206863002	3.7020273498040126	-6.598541436476652	21.57116348763053	5.419120270654835	9.778822612390186	2.907942309576209	-5.082056942795355	29.380323430855757	-0.890222011214562	3.092783561356079	-0.34404030494388355	14.215519910031315	4.876887610346767	10.007721852351423	2.8156970178081484	5.794213670338624	-3.7344664745294254	5.354401579404633	-4.93245614110559	3.3223255856193514	-3.127873856941269	29.02995801470721	7.2707956246982235	-8.554524799011723	8.604539031401664	-7.725654240135963	3.641124955012615	12.70246649941206	22.299522942613894	5.275365233998071	-13.918663226296282	19.236067267361857	21.46829010688336	0.5958121260530318	22.957640746928593	20.143621330423677	9.07019610699166	-10.991269365418322	-1.9031910991082301	6.374743846694283	13.487241589750601	17.203624513062515	17.853575378096803	4.7721115439523745	12.48330804073559	-2.238873534343201	-4.9861810622858656	-6.066497092539495	28.5423897054105	11.884471018393693	17.694065215565377	-13.280763405909315	11.41472580680444	-5.103092050564295	9.440209085886941	21.357234386700405	5.613002994529391	11.073378502489321	-2.31678979579541	19.502676350825034	18.301678820677335	24.016277612010388	9.717629034628033	-13.053473967375945	7.757088502688126	22.5980731668823	11.600519630286831	8.344135264521231	30.502832373722846	11.582740815677015	7.617731531793745	26.328437421785512	-4.270110013314586	6.797953541596877	12.02021729435846	24.970568655781452	-1.133185200404245	24.118621213558534	-0.5689209713243926	-2.4448335939848347	2.782948441211452	4.562583678772737	3.748639080196008	31.888773306363486	15.1194159628757	8.377952443978575	1.1028940243981578	5.924111530445509	-1.4415678010579318	9.796951944480917	17.23067341410884	25.19375724899418	25.216170751904905	12.155529867695977	15.274101326100563	12.568614285811957	-3.060857530943148	-13.342471522851248	-3.402938547031655	20.890097509202658	1.8645592446149364	22.860786091272523	30.82839791113946	27.560426025266064	-6.697666150819309	19.794295903311358	0.5572923430289833	-2.468808575040775	15.989762912545784	-1.1133512745928584	4.228363788450271	12.81906968290891	28.035111524323277	3.868861836293953	15.003957103163266	-5.82556413428349	-3.5612266991642705	-11.966998963772008	10.13384447189015	27.884196307295717	15.848972914207515	-5.802363919100177	-9.410301851109473	-7.829086565530671	-6.874193296749572	20.036079183202844	4.5936762578233035	-4.459993106224687	6.957139584199419	7.579710301781158	18.670715224178476	12.86474366668685	7.018939180228966	-0.44034987392785235	18.64019239185425	21.20645305551683	8.394761564033706	0.3906476006149964	6.845789014393629	-0.8246324060534317	-11.64964047762238	-9.673816633615221	16.173278450299485	6.187228773485045	13.714318322880622	-0.5315172492506771	5.431130605075509	-10.006735827835113	27.84887905390336	11.436668017706097	23.81619176339076	27.064824676681027	19.175793462543737	7.633983136331271	9.554125426088468	8.529010480279894	21.595863247380798	6.332221091422182	28.18749722108884	8.111878303742673	11.171054647922812	25.081761419047126	18.33761428750365	-10.160706507182574	19.478162271555004	24.999276151698627	14.98232179767286	-6.1652842773881655	30.501479310985435	7.323759494175951	21.367377140327342	19.89862654410926	2.057992812474221	8.604976437597227	7.724473283071879	-1.9511508620880988	-0.4697511897716445	-1.576367594993343	14.30212505223922	1.2704172715520308	30.861272014512824	7.2177669153843285	4.80639363429278	4.2904024365195585	3.0143619549325136	-12.62636220102246	9.754642722669388	9.432733990001898	11.371220025112455	8.253242109016238	-1.3911483637979627	4.726011922172668	13.296667709245071	2.0953138396586275	20.138710758222164	18.272386872764862	1.1555027010344296	22.823662999255934	2.085048457835304	14.549018127683823	-4.554578866889641	6.291437948554108	20.964017284141907	21.344753329945654	0.436405282496936	17.522486731286882	13.659577843223463	6.495824301319707	-4.91231980235157	6.242848288560329	-3.4819497878806147	9.89879837580015	5.843131174193723	35.037582276352964	14.059059471275804	3.461175093601531	13.716791132707806	9.209537003824998	10.863457941988628	14.601637057227961	4.531416817699318	16.029591634307778	-2.3132287356213643	5.74092551298677	7.569399928365169	-0.6898641515496683	21.6713960462864	3.861453084018674	-1.6759399890789581	11.175220519359732	16.29675815951835	21.697398217888832	1.0590879393437613	-7.041252624324263	0.03171434366350212	9.719843821495923	12.049184124703634	11.592281083197157	19.398480816873057	2.8442820143813283	4.963262600590514	14.973568082314179	1.3849119515435764	20.721518866369504	8.58565400959453	15.92866476594881	7.237890202653501	27.32550552813759	29.402602562369232
8.580628697510999	4.7310075994104075	22.30036064615948	-0.39371831430447796	10.456464883854029	14.47176163088799	14.479104111181375	16.233201078348074	7.041566043590773	-5.288812113445056	14.359157473569285	12.881373953451881	-1.2465747815167347	-4.635362982763286	1.751151475725883	-4.386606442529677	6.926079563122666	-10.761915249322403	1.418373192550144	38.057646911751405	10.909347940234937	16.938012600021306	12.850493631854347	-1.3058403036465516	-2.460463020870726	-7.393184067900342	10.801735322365142	1.8243539975738057	1.0781196732770522	-2.96780732413532	8.522046232836958	2.476027052074267	6.77299577495099	11.688029003370497	11.011465118339853	13.467247402400321	15.13950973658839	19.26589607045809	-9.909496351321009	2.86917892741885	0.08628108147280698	23.104222657958722	33.08900483417457	-2.6022442978499685	-2.9316780372499593	0.8010835748478681	9.875064622149049	5.184767617827794	-6.922546812154769	24.8560933889145	16.2643206859214	4.164272446296648	-6.417573781395643	22.052994784041076	8.354107591327011	10.001816993587688	4.052761468868169	-4.61179890440987	29.940577734137765	-0.6526990130103673	3.5884835446492502	0.07267089482278534	14.410529980078648	5.090544323929248	10.224580514484414	2.9170508149776553	7.4075050010942896	-3.479339095910142	5.7323230650196875	-3.6432463646519784	4.124908006517043	-1.4010808491862112	29.30588652434724	8.681449172672492	-7.74732020880328	8.984379748333762	-6.997385259788025	5.6051882983105905	13.157054336430962	22.69491367686822	5.368645780980905	-13.470510913165665	20.313328340722485	21.987890611215235	1.2052064332578956	24.257258606066557	20.50455822788479	10.443838937528541	-9.891778351582154	-1.2900867670432417	7.696749204178882	15.681095217253734	17.30605798257616	18.620646484417026	5.792051461175283	14.55484370728287	-1.9618066855876273	-2.6398089958212405	-6.033639609390232	28.667085817721535	13.940461319591163	18.26761529442195	-12.062837087829514	12.948462534257981	-4.871692251161744	9.899994009074652	22.19880384575972	6.5515738268494	12.138173229860069	-0.8735384044080627	20.67572917431688	19.941134998969172	25.080684927827548	10.476426014471873	-12.913004895506583	9.133543530559436	23.992942346748357	11.980465803337864	8.955185286761857	32.79738523319037	12.069209172516462	7.8505665522752714	28.92996367594068	-2.8296933638365545	8.573623530335414	13.272631958977406	26.336617886722145	1.6752109696589808	25.350708551662294	-0.3305179766166042	-2.426053838458526	3.3911677685894035	4.796485331910165	5.079217556372697	32.19000558144751	15.948908205878285	11.274214814341505	1.3805528594781988	6.620266806888805	0.6830935300574741	11.735430701273675	17.506880566642067	25.76814573826	25.841214054327647	13.226773880162602	17.190592545744153	12.714756101544372	-2.5249014724715786	-12.615476204572268	-2.3158197735576533	23.592703068842088	3.879502294573804	23.78131663269461	31.920082135992384	27.770540466700016	-6.2131711629882656	19.909033188403864	1.3068032231494031	-1.7902076004065026	18.703578478434515	-0.8274527592249463	5.8268536700421665	14.501196735034688	29.894561966055974	4.750919647497134	15.141779890991414	-4.618542747814834	-0.7746565059600019	-11.505263537530308	11.406400688086913	28.735374880823	16.288540531264474	-5.141427928366818	-8.675197158834456	-7.749976781529564	-5.965065493967173	20.465647225525966	5.08561861604731	-3.4601440116584405	7.743774894920868	7.905092342891734	18.77350095152843	13.035788564975414	9.736661391154557	1.1116468009797735	19.84248785982757	23.497801130692686	9.44733202051605	2.1805920061938275	8.427231018634536	0.44226184257463075	-9.160293236392606	-7.887502655576157	18.28777845125039	6.39887133853168	14.524514538641737	-0.2739295869852624	7.520422954199535	-8.658810167721612	28.41041635837885	13.015651254240565	25.731095427813024	27.643516170652944	20.130268858090773	8.532519145715055	10.811886714027814	9.191341246375684	21.993003839027203	6.975253590152265	28.77662950150036	8.333274618096347	12.094468578352217	25.76735375997868	18.58585752227327	-9.473861318474405	21.36802668618028	25.629323975254188	16.16564647451605	-5.4717561219003965	31.83752861891427	9.59715659703803	22.924533196863365	20.55129714049501	3.174580700856762	9.2073077201865	8.855702379474877	-0.637918206368716	0.5831777313362025	-0.641515838524477	14.679179138391683	1.9504934210748728	31.473075941651405	7.918597267077684	6.687597419332925	6.091770785974821	3.9432078419299206	-10.619156861191971	10.216993141916122	9.739803152209122	12.599036287542578	9.086476406579454	-0.7158061664002119	5.129734113205303	15.014169390930855	5.451718613488548	22.87679971375462	21.594998792685033	2.0281455357493883	23.141636497196043	3.8357105970001877	15.197230417338607	-1.7462858489967945	6.421460086471195	21.40239890337481	21.685527458299998	1.0893702786069457	19.935322866333646	13.715949146627713	7.60955345644054	-4.169749661627841	6.803152709782649	-3.232156000511595	12.141872267511948	5.890822691691926	36.07181203503527	14.551115400223823	5.024288940395026	13.753465252900561	11.19534289403189	11.641338769264962	15.321881351699648	5.176726672950284	16.936035338777252	-2.1346287140645126	6.200861795519062	7.689331245359948	0.4925236338802791	22.09351602634266	5.566462066201053	-0.6207864203474814	12.828313542080721	17.292533618189488	22.5295284592519	1.2245307015581888	-6.559078435636964	0.48933050852957444	10.889173328057858	12.442267485163061	13.825015465925102	20.515876511527036	4.202589227398611	6.14170018801587	15.798072954226823	2.9539374581830464	22.62257433523498	10.104893236205196	16.26468934245793	7.767757315247526	28.078178628145523	31.219085112168287
9.785942166929306	5.865722774305774	22.914121710664112	0.6367956833815105	11.546004132743835	15.965814917114715	15.094893060947134	17.27274644723071	8.552805275707934	-4.289800271736747	14.617055798598644	13.429799980911296	-0.0984404646598788	-3.368858309302139	3.3414423247221503	-3.651670404103362	8.10672132697741	-9.853844470082556	3.5633178163485995	38.46254266951102	12.273310771094057	18.502481935552087	12.902876752632586	-0.044964461407597696	-1.0702464421944387	-6.084758530537729	11.406900291707222	2.8431339949450587	1.938917415485573	-0.9416845597070976	9.256415102830461	3.644542827625306	7.866926288288485	13.151557510351248	11.873549379436765	14.831774078287715	15.514105395789207	20.583852476542624	-8.850073926599752	3.166902235147784	0.16987637366388542	24.619072454064028	33.50342869922035	-1.3359950062597132	-1.9526497353129386	1.438433678789851	10.041529329478173	6.449276572836223	-5.752358924656122	25.860267315667333	16.4661051435589	5.6271143945054485	-6.094345326774677	23.580103595368204	9.052248828483211	11.347950298315379	4.528545965993308	-2.8162638081929288	30.461905602737367	0.04550202388759906	3.956878927338953	1.674135558685638	16.098177954321564	5.51965004339741	11.043139530845718	3.22059698926849	8.14380097616519	-3.1461146226656607	7.00612216601076	-3.115080583211525	5.817477811460222	-1.1341826549073952	29.95509923310281	9.182284437943427	-6.733102846924959	9.848257865663978	-5.91466775142844	7.255904050677966	14.770121992093841	23.072518434337507	5.847187636252826	-11.291043083061828	20.607796522668412	22.410773155785623	1.479670006652588	24.832528020780728	20.837835620306127	12.028159213703113	-8.936754936539916	0.015706498299257295	9.092710653259545	16.09022268270346	19.265999974026208	19.480835428579752	7.417851658130518	15.043316313268013	-1.3244118457196283	-2.511919330131821	-3.3101666261143974	29.44404626362722	15.325335216844847	18.488596385606034	-11.846916981264744	14.131406326929504	-2.188236665706476	11.38896623079164	22.63041129782951	7.110167665195181	12.562091232105807	-0.452128575691335	21.33479508998329	21.97484161803681	25.845188866715798	11.891665292395954	-11.886768002481494	10.215984680073774	25.79959205354504	12.641421511209984	9.753173790041274	33.84259692802113	13.535886056184804	9.355456613150649	28.9479586008018	-1.2875297011095292	9.73213281459035	14.244131647965874	26.89929207939173	1.904687721851398	26.683673281795016	0.8087089690712437	-0.7832296902024646	3.879209546307413	6.008000551722265	5.464914742529738	32.980587328480574	16.477737521521178	12.762760193458826	1.570249771985621	7.6545046435633814	1.0887213448793291	12.042168696106833	18.553643113454473	27.32352638035095	27.549535320990262	13.448764562964755	17.84804884302383	13.11347883379274	-2.1813462658346565	-11.14562122812525	-1.3544473827922494	24.543830078951537	4.342040210280929	23.986138871004034	33.26733517518755	28.35763403738284	-6.196786874136038	20.598912174070303	1.3851433588677042	-0.300180240221453	19.02749371408868	-0.3364341954958382	8.065675371163048	14.716581101106609	29.992941081258238	5.509538875397424	16.881413668643205	-4.233506856444051	-0.012370079188451344	-10.751272986311054	12.182581266342638	29.620241519726687	16.35226882783764	-3.1028425913006297	-8.24414337408857	-5.64110794139847	-5.73591685049254	21.667126849583944	5.2812673347951336	-2.9889575581603927	9.046609827410991	7.944337367847779	19.41624698308761	14.725371338450053	9.985727038593986	1.6958400994106773	20.312541690074184	23.671043807193406	10.154974364645913	2.3395106402528563	9.371740323871405	1.13559980175893	-9.070620668484612	-7.593643930849863	18.586996595347387	6.9652290556762235	14.68142477179966	0.011467449443899026	8.345551477467117	-8.076238516229289	29.077444599943394	14.264635587141807	25.99576369751346	27.891948540531633	21.076171367562516	9.751722123772748	11.649547431522977	10.683051580740509	22.129702472097243	8.384948379734764	29.07621718166749	9.777333202158466	12.650815413755463	26.00430267340791	18.66716459629901	-7.608950145465395	21.624799027208006	27.314102035444325	16.622062345406096	-5.291751025460673	32.658316248130376	10.408471581270796	24.003427108549694	21.7862812323114	4.307667218611247	10.368235724551642	9.187123520955526	0.03823261030199489	0.7295039530050782	-0.5300636134471738	15.126899352938336	2.6443188700343465	32.40579790876039	8.607891811462716	7.202956664304242	6.366734527322841	5.335648636540235	-10.437844175504184	12.009560209564992	10.770589508452803	13.000444086274944	9.576037916876476	-0.09665295198104693	5.952048707831297	15.974782203256655	5.689632976712692	24.48325416783221	21.742185046583078	2.831778902889046	23.74127571285545	4.053959875742599	15.410650905792366	-1.6883991259414421	7.603105621228869	21.817126614610363	21.951232842043865	2.0339986232160525	21.079779387745717	14.711135356332663	8.08441071425591	-3.1161291956114363	6.981685721106812	-2.094498346141448	12.448804723778704	8.401884797705385	36.864362308629296	16.372333411056943	5.774236568540181	14.826863804447642	12.101153004049097	12.861475901947689	15.47655383931799	7.12105015489348	18.306226985600208	0.6857736719479335	8.069512255036239	7.885057714781488	0.7475216676980087	22.684699473558897	6.237927924438325	0.4079339978803351	13.272593717014688	18.513720773330547	23.976054746266964	2.6590423563925736	-4.8622958775797365	1.5587117445202938	11.493299605383552	13.559685214962503	14.065275975888305	21.631691826663594	4.5010190777620345	7.611204591678957	16.504760198670766	3.5734032817499726	23.243708361347334	10.324832704753073	18.200696714086163	8.536376372877672	28.392586342580724	31.59296208732707
10.093332646436354	5.973551115631416	24.01663699386685	1.2862950767660926	12.138750445587364	17.606233933283786	15.250354637888304	17.676892760045277	9.220366876450312	-3.8800010941396117	15.467999902871437	13.980668024430344	0.19556913619098126	-2.7120897430438387	3.424442367427004	-2.4097941379973196	8.59790949044973	-9.664171011691758	4.3248423271928145	38.974644372953186	12.392081782306866	18.620577691831606	14.301437642694953	0.7639783292218523	-0.7622274238080131	-5.2429432653993455	11.734332001156828	3.3363137404476557	3.0189637104870566	-0.5882691393521391	9.576708411703006	3.9392281275225915	8.080038470535056	13.655225241667532	12.89783853735417	15.400822879438056	15.61636365717329	21.12794842038913	-7.430637092985178	4.050995740404724	0.9311027388362039	26.06715856028409	33.91280393731391	1.4318132392878362	-0.6607702579264653	2.0728603784883672	11.155587987210712	8.190909136518247	-5.4503263471404955	26.050763992459096	16.62194874252553	5.909102258176089	-5.494724398693836	23.66438185728677	9.405794233076039	11.909831983074378	5.1253804674277585	-1.5068132024163523	31.187248130687777	0.3228061742870818	4.320824203528774	2.577749203277435	16.55823161972574	5.916510341312997	11.305623175216146	6.2632819237856925	8.355481572499485	-1.5541374988664387	8.77963604913826	-2.801203677750741	6.793654930372795	-0.9458314258165644	30.41962139203614	9.32431360388261	-5.910830788748561	10.617082612668078	-5.733472911225881	7.364087132243707	16.41936503907791	24.481910981722102	6.930283183724514	-11.161856832509246	21.109174661796235	25.18186725948873	3.0401008789382025	25.35943159452036	21.62557292636884	12.629256182117398	-8.683274817368039	2.251281205630882	9.504794192634687	16.608191378330925	19.447008804287226	20.13759344742885	7.77968595637766	17.1721235015204	-0.1702812556703961	-0.77148351905943	-2.914472258691916	31.674013508055054	15.644665205191226	18.815840513940675	-11.434277365169745	14.621096659579068	-2.0754237164394103	12.128572789022064	23.155075892378804	7.387006381690611	13.025098362100428	1.9682699845619656	24.269684163615153	22.735008594087443	26.658407797325786	12.234560814955465	-10.76132905289112	10.788166161042533	26.51230254755282	13.360523098495769	11.435292634148428	35.02231680704679	13.686291046860408	10.056582687783106	29.91322405320263	-0.7538571731714551	10.699935815441597	15.021454748472713	27.880046334678358	2.1385808544003395	27.932930332784338	1.66259544387496	-0.6905806715693956	5.987420498748762	6.4739289407380305	5.819327645994886	34.1153999592765	17.309338052741463	13.049313458888436	2.4252798703900624	8.689002385082462	1.3258074478262993	12.978846472979125	19.156059231851874	27.81193657568975	28.711793910014123	14.189367677739328	19.117066859987585	14.120668835563764	-2.0725002356746156	-10.64359043437809	0.2698107189252445	24.738833448496948	4.57822421207678	25.866583429153373	34.87104131579864	29.912599420648874	-4.7422248755260314	24.711763946901833	3.714921126190823	0.3833823875645326	21.082195028930325	0.9196583732114381	8.380242351871686	14.920528239087416	30.774086780455452	7.130554245003751	17.26390503343044	-2.3029141197551373	0.5473703121762357	-9.500828296521954	13.44149613545807	30.251731391187533	17.031568760088646	-2.711480813108147	-7.600308797003466	-3.360119717294056	-5.035539216872716	22.04371847998402	5.3724814424405185	-2.5857357713157754	9.654248921641852	8.362546767332462	20.252622179964355	14.84417793243284	10.364268028609452	3.0427302322370373	21.787381558173422	24.71933512111334	10.258305216782656	2.40669909390835	9.661884815041516	1.2141421883767067	-8.489731948362257	-7.389715877988026	18.783974981816375	9.040901178712838	17.32699234895185	2.1911644583894136	8.71909226842083	-7.87843655152436	29.853276650392658	14.836773761936836	26.61126393730843	28.16232511548109	21.581519422142357	10.656778103384854	12.124240807020392	10.855986299022543	25.20604891491868	9.867796271082646	30.376782051695006	10.533950471134323	14.430981195624161	26.962667412409445	22.214118794127742	-7.2278665902839325	23.17547600561265	27.61732199369619	18.277417601689386	-4.309696193835792	32.95849546515127	11.192545764719211	25.57326882778312	22.26322845418934	5.034163284893386	12.13505708922532	11.440211490547362	0.7964683191317696	1.0393266030257848	0.4508214281933616	15.888720686828666	3.320624308481957	32.58239966923133	9.019089291569546	7.584930899851017	6.586347161963757	5.488267831387898	-9.406789814441773	12.471799218699127	12.998656344492069	14.699950414401382	10.898640297493573	1.1056642761297204	7.098929300006904	17.183127584558694	6.66025657113056	25.09581961212481	23.363166946965077	3.3082958662194444	24.13489193208554	4.7665573499891325	16.1868100142784	-1.513753755797203	8.242176995140861	22.7155541150019	23.71420684146339	2.9349469071878307	21.239049103750997	16.60544434355971	8.391188160426367	-2.9983340560838054	8.27431724287301	0.6727972011190121	13.162330964789358	8.83496475685884	37.13267106655349	17.0777662032022	7.028497179032077	15.545518058370424	12.83092693794686	14.72605660485772	15.97907484308488	7.178409064200718	18.633341615492	1.213492594118133	8.652106680816107	9.113329736679953	1.5797832895147967	22.726123243108507	7.57333007721531	1.8088406452931622	13.373625676262611	19.14420308850198	24.194256726865234	3.141022689489549	-4.087025668299579	2.1880268665759957	11.913212909717512	14.872030617405859	14.63707041066829	21.675213615893757	4.626207438196781	7.699109323519143	17.957419239564338	4.15370552036728	23.665275854258354	10.813892905375615	18.74731432479269	9.311025436652688	28.9269880546397	32.25916956572102
10.269735681746278	6.454239584451104	24.101634294366622	1.369156497530655	12.954455939719832	18.25367544353495	15.552320677183207	18.49804170535623	9.468665673520583	-3.7768981277528617	16.516136719268847	14.374786827611329	1.476373504728969	-2.4669848768663716	3.7059164120844965	-1.3782289579495874	9.150865607968516	-9.24529189475082	4.932513845652145	39.33890365248954	12.573577475490106	18.728006246914997	14.355326880165165	0.987905462359004	-0.6059868011096785	-3.962089742148116	12.41922641300311	3.4935859761661137	3.2399276763850478	0.2861084222683655	10.762545343850684	5.641771537949815	8.458986442424038	15.328346378409606	13.360668432165953	18.002652741257055	16.87923854860071	21.242162350903637	-7.238037783057947	5.577101567755977	1.653589888696164	26.629293743082066	34.59566383696431	2.4150090950058143	-0.4019717662342856	2.3169800550415904	11.506410612241172	9.341000487253995	-4.343735185648009	27.411325757980304	18.264429692094588	6.0270971771555955	-5.29631584090611	23.97451164228172	9.863698128845455	11.97789364581906	5.636606172710281	-1.4572613847586184	32.30031664427848	2.1056124830700247	5.159787503068052	3.08332540567913	18.192181229730576	6.47294881112133	13.245740497629335	6.943518821735178	9.63140318938755	-0.15923116739581902	9.496150721133661	-1.8061092642813785	6.879361228587247	-0.006551354934098248	30.80995293448742	11.490531436353677	-4.820423711662833	11.244853092335664	-5.1789503987269185	8.764090901431743	17.5292537862982	24.84633181124135	9.136025768046029	-11.025834048170939	22.107583268974057	25.313385946661068	3.4094694275022768	26.174179222306975	21.796267422581767	13.279627964606783	-8.095735409868816	2.556598714124224	10.939163510482107	16.829341592212373	20.808301556953854	21.61324954011096	8.836636407120277	17.309731995516078	0.6153255109983397	0.32018387846145213	-2.643304187570393	31.883937866967376	16.50386810375127	20.094342344911947	-10.901100743511243	15.525764827277722	-0.10934862604278246	12.233075743350387	24.72756387660913	7.8779066804102085	14.476512487590172	2.37024160146586	24.874696372577706	23.854206661544175	26.78469299835992	12.391368025149662	-9.778555731212547	11.063091922157874	26.90556069578268	13.920226799105276	11.919429097498845	36.35068039864458	14.424866617118775	10.539972119390272	30.543219178491118	-0.5064047071300682	11.504859008996855	16.417283824154122	28.469311008414255	3.741082543714741	28.72251642676935	3.1651407209307547	0.9163926016688665	6.4149443984672585	6.634201614836741	7.134218902540798	34.93885078674094	18.064034492748522	13.13365889425332	2.5736436429128573	9.801127123426067	3.4632696717698477	14.28791482353221	19.329948345952563	28.32355664040529	29.410843637347362	14.76489888403077	20.298823330414344	14.752746387208024	-1.157818587013016	-9.257154436838704	0.5426140811296067	26.384077710495472	6.204566800624866	26.142002233200802	35.27496449603278	30.232623726489145	-4.505030704537192	24.892762001938067	3.865165271270786	1.3858720344891875	21.966336436054245	1.6574162556299963	8.849687563758662	17.106666489591706	31.967339710868643	7.802824231789322	18.023584628581656	-2.0280931096851624	1.5868725462593067	-8.9229260226197	13.96150454368793	31.26113525603418	18.231076832275246	-1.8264471211240738	-7.060463540822186	-3.31489253783349	-4.505582326992082	22.30190749457955	7.042546707309507	-1.1781476362364816	10.544951004065283	9.924135587348431	21.61424442713048	15.223830819634614	10.686171001723118	3.051450767564734	22.477170908773704	25.310894986836242	11.890259882529882	3.492211974551947	9.975491162569423	1.7848647745562392	-6.843815464658956	-6.929804555438828	20.990482226477713	10.826928146864566	17.497534158507555	2.6127205400161126	8.96655575290805	-7.729935376720508	30.66644463586868	15.454404327101381	27.271451399484675	29.032504032018654	22.358402948720478	10.867016291512261	12.710987408290551	11.371160662738236	26.208871800140052	10.597343635808569	31.229078639953165	10.947188578620736	14.698618803547621	27.041579607861653	23.044155202015435	-6.772914824525814	24.366352207588875	28.183751532964454	19.26706129280926	-3.620700234449481	33.62742457299041	12.344787793783148	26.026960846365107	22.59533131103276	5.773554892828853	12.378764764711807	11.563421522241361	1.5866170694017752	1.487576650970986	1.542620082696466	17.12263922015719	3.813863954689769	32.76471057833854	9.32622137472083	9.455684107541991	6.855263355911606	5.883727437317809	-8.705935692446346	13.636900840835454	13.393792432371765	15.281927435010122	11.38234007171644	2.0093010237878044	8.447557960131576	18.927264349392416	6.889078586519897	27.078608822328206	24.326982686786504	4.700850796197692	25.43551793834502	6.300554706488847	18.68670623659652	-0.542575194151631	8.310766331442224	23.777201207385833	23.91359296362294	3.560330247271082	22.052038980332362	17.686275654939127	9.522621153636598	-2.200617341830777	9.282620610812376	0.9111920234393389	13.320199264494063	9.285471060413181	38.71605062964511	18.38375969364892	7.289177993893672	15.7489982866884	14.53762226757123	15.566331866574744	16.686153041999834	7.723492546705204	18.86266449722393	1.3232598267559812	9.236956840269901	9.252874137828593	1.9576201741558592	23.743375703998844	8.168916079893066	2.046236218149604	14.906141751111013	20.413830254258094	25.076730745873373	3.9127989753713712	-3.6939857520168986	2.5497360497959347	13.28058535548018	14.98189516065743	15.265099806167704	22.229992460115756	5.427113597479046	9.136989598653539	19.05035059660618	5.527365997403441	25.065562036316848	12.328368629361558	18.98732026229015	10.0288025336137	29.112820103478036	33.527338868405955
11.262041739958862	7.385183820022559	24.480461878162114	3.3696948870460557	14.059622183125002	18.389315657565238	16.030308750482632	18.85252695359079	10.427961070806896	-3.366556888726343	16.975719181930423	14.80880124177347	2.742322053867321	-1.5399322868514855	4.547187852466223	-0.15174799585293844	9.55235680539287	-9.120986159170757	5.804973570707361	39.579891286889186	15.367457076200042	19.613189510257836	15.487887044695965	2.491232557045511	0.7066929677729363	-3.93808738736338	12.526370607523626	4.597538555665086	3.687719395779159	0.39721396888012495	11.535895914477297	6.216092522677553	9.170193394600203	16.832443354837817	14.417955142436758	18.666827346738895	17.335933269710083	21.390697014002022	-4.783251212194049	5.630083871552237	2.180410325989997	27.91707835909726	35.18580014796926	2.7458086409527045	0.30786705019017413	3.393108082963918	12.028205182321614	10.177851290373948	-2.8781713195877314	28.420456873588247	19.418548433187205	7.366987396885725	-4.003766645918298	24.870733660379805	10.529608958301237	12.934736340225957	6.225635883685312	-0.648391185353217	32.35945062380858	3.1991964832450415	6.730556166185691	3.2555543281507817	18.509258210913192	6.70143034560886	13.507376643394595	8.194451182375417	10.505482615697963	0.05983341871266605	10.135746735102183	-1.3155347827894073	6.968683282682944	0.15082121803503962	32.61620229144783	12.502966560283639	-3.794447381578357	12.163540136646079	-4.830581030191473	9.909123037941766	17.88850346647641	26.408719402550872	9.507345383651838	-9.306836464435415	24.174641734731445	26.02470405460269	3.7354587866461033	27.451277285652854	22.84877227221564	13.907504278725469	-7.882306564577962	3.884538954331416	12.370654375255171	19.081881874277492	21.058424809273326	21.688641028866588	9.106407763473461	19.02250115887114	0.7259520352561379	0.9240047445621835	-2.5066731565697347	33.329427846362556	17.17182640794422	20.609263963922455	-10.62683184823586	15.682311920782238	0.13244447219681388	12.68959684440925	24.873489108844105	9.120040496565693	14.673499622467915	2.9583396750637556	25.5199746948216	24.648599701470673	27.06513113506831	14.304419504455083	-9.635022322152892	11.916303114203265	27.23941518923833	14.68430209777208	12.545335959402589	36.45417639213758	14.644417453844376	11.699217151945641	30.62679162575729	-0.18854994229886055	12.426349338165082	17.23874085950574	29.454555775345106	3.8044994557121905	29.150937508825642	3.537142169338387	1.4088458594612578	7.263653489110349	8.467776556529623	7.949202345660238	37.936198164336815	18.363109372166235	13.211890381904535	3.158839029944326	10.223573442050442	3.9693621873477327	15.05610784285769	19.641880181979925	28.733865594277603	29.853472258925326	15.072351852616821	20.39699920703266	15.14215230054765	-0.21569015273183081	-9.198781142104655	0.7781537991123922	26.753480665911667	7.047512044438072	26.919911371041085	36.12814013514644	31.03600275260061	-4.191478327849227	25.10093187665727	4.34617821235488	1.475589647185481	22.565726371572183	2.4407274644083716	9.41085395195861	17.597251377974818	33.482966960227316	8.049818874648672	18.734063472337088	-1.1729927333733612	1.7127843868378465	-8.871569411466881	14.310856007729434	31.925353732950537	18.73574402641593	-0.7185542986179134	-6.470404953554889	-3.1966953559972446	-3.6234371471265208	22.762249199193317	7.366231447006083	-0.7485399475194111	10.732004265810748	10.825261811297228	22.290812562283662	16.96029896690065	11.799121445349648	4.2285142192171845	23.05374727747671	25.879938532331582	12.630558696657832	5.200550755111707	10.71248354821638	2.4083333156149673	-6.418701875995224	-6.418760604866612	21.747783019926942	10.873354300592089	17.99008858652136	2.9559744042022893	9.416523698678885	-6.904059419015015	31.02763611670889	17.327209642163513	27.774237620960868	29.15206868030764	23.23869750182398	11.35569779477649	13.12464400798208	11.593104977421795	26.393737706459138	11.53258290589812	31.868499468977728	11.385611899211344	14.762815039301865	28.320406584389268	23.417808523404325	-6.092407111653473	24.92978530076949	28.384409496769997	19.496078851871328	-3.2602931190431073	34.22464725800242	12.76357195224852	26.991244589748494	23.34356922249252	6.503697105132521	12.858718572678299	11.627553118015596	2.2546948613340447	1.638014995430182	2.60333155318334	17.271359274992385	4.332311602407817	33.39769236351343	10.528780928097387	9.856657671074808	7.201333312177143	6.129223098220567	-8.594108414491357	13.792289662946336	14.43479646609474	15.998057032606495	11.821513875580468	3.3129882382449938	8.525983256660295	19.538504849799317	6.98039397404633	28.33003271722646	25.48644990112138	5.693078021062019	25.959812343444653	6.344864589452912	19.16564174608429	1.1009786009108236	9.066607613362011	24.203162899851318	24.224115815865645	3.828604853491287	22.735574898222144	19.620454428116012	9.586263712942191	-0.9227483148649548	10.259372926479386	1.8787415141034434	14.998349898321788	10.761391530839905	39.076431925334695	18.580512373909176	8.481271763563557	16.693428522042623	15.142203680115394	16.26061326443347	17.656525034632335	9.126353211464236	19.455167378577343	1.3537414754600041	9.778406018867488	10.36507780886741	2.1981596956048373	24.025884430627457	8.880239195505737	3.2677120133537207	15.210350327300143	21.007948865253795	26.213686839836043	5.139725778471508	-3.5856922988971767	2.825505315912613	15.021460220312129	17.464110907131843	16.00594141339115	22.56900371969355	9.247612377397354	9.514360946013573	20.54890118294044	5.7467444522497	25.592820269721962	12.44410030469155	19.643266884910286	10.211643097076012	30.406302504843786	35.164049668066596
11.990347762343157	7.404306942061596	24.560549231353566	3.5600383318499302	14.126985875703996	18.860451175820593	16.28482723278263	19.54054974495381	10.906809474275573	-2.848904175189294	17.167714515790703	15.160908849905507	3.375219759219694	-0.3336440687968203	5.483127361499666	0.8890367290782143	11.859970967871128	-8.63501281489457	6.679090100471071	39.99595950836476	15.916382513911719	20.48984962891261	16.913586406229747	2.5261181780136797	1.028957639249301	-2.8451565397828174	13.590911040192147	5.306095692568216	4.012365736087906	0.9634020009036929	12.264042604501228	7.272139232444071	9.967615446382514	16.961920977829212	15.400849206614291	19.01829384425295	17.5999735993513	22.659016725579228	-4.428488208267918	6.616885533965687	2.8124210673777696	28.133974254978305	35.22122670078188	3.5542918133149906	1.3552180417120232	3.6385844685277857	13.86671014093102	10.788126460459493	-2.605703185627252	28.904159542364948	19.527081021855857	7.6228080303596695	-2.2603580782426054	25.61037293327018	12.487216986705302	13.828150912972626	7.060998701111391	-0.39752845277361104	33.227822445414496	3.336017397389464	7.373303917043072	4.9836554711550365	20.251403376810114	6.884375680028368	13.605674676437454	8.464774952051332	10.960680613851597	0.5829120793299585	10.320826396504378	2.5248683736377107	7.802392844517231	2.1954419955616737	32.66260995402559	13.288740226158698	-3.517752789365458	12.437271174130617	-4.380153482891033	10.543902915739631	18.05368005383474	28.296769315706822	9.5604029489478	-8.691569731029267	25.614405073746813	26.688099872031245	4.396558385061572	27.914037974926064	24.251430567898282	14.340448102911333	-7.196405196867428	3.993119940880843	12.720746113375885	20.030986474358713	21.481502276166896	21.843125084018574	9.291436685119866	19.327049277681223	1.9970056923499024	2.013779428073482	-2.093168920600691	33.48205436182417	17.45872257299565	20.90994642977915	-9.977223204127426	16.14664389276926	0.5690951212934784	13.718344572511008	27.353773172215963	9.498357780381816	15.221804567577008	3.3930736905812573	26.110334248304945	25.518505506319464	27.157843807706982	14.39087139388008	-8.651627651012896	12.397518223582162	27.744014308314007	14.915200000810783	13.067398935401092	36.670394756045674	15.535436717995612	11.97615553365415	31.844246694218608	1.2335984116943197	13.020615737096092	17.253433545708187	29.992720631963248	4.675734679161585	29.50879585324815	4.0637239066769	1.5030262852763667	7.816254448922689	9.528508473056249	8.399235277535011	38.41036424414844	18.522064823693164	13.27222468838728	3.257292355783542	10.482890451574018	4.034332330755082	15.912964644348232	20.983540173228306	29.04793849597684	30.595314063245052	16.203914499998163	20.650130267642684	15.90261052443628	-0.11281912208281304	-8.72407875183369	2.2671881851764426	27.82551322517077	8.147342914601735	27.098651375631746	36.7847174841021	31.058031544581752	-3.555483988006006	25.628303705858666	4.944135125661719	2.3100966018819022	23.77416980787383	2.922047418840977	9.639961911798595	17.96342621860506	33.834233920972125	9.289963446450136	18.868185091776084	-0.41909087452529675	2.118563621680644	-7.618476483981944	14.728887986232625	32.20748076914226	19.057546456309467	-0.5586231543255962	-6.390744748075187	-1.842383075521521	-2.831542011794455	24.264313951992193	8.680227556293929	-0.2696678462387091	11.346847332636484	11.71535525949969	23.43980950722166	20.05969750516302	13.192776480138471	4.868253592873835	23.460473138740497	25.924365189201346	12.920703436684212	5.37033642854633	11.514546192207543	3.4702615036595565	-6.2503641474019656	-4.895809474600988	22.555106077236285	11.49119196393598	18.14121033007464	4.711110718152975	10.336865788923442	-6.277273077138186	31.668443165652846	17.431675451132875	28.34071453722918	29.884496528043716	23.65758205471155	11.465351686684084	13.865639531038866	11.917807779881421	26.453003979906114	11.740112491740351	32.25240608566462	11.504473733742907	16.461686935435914	28.772688428782182	23.615192687678135	-4.404174393175709	25.812204988537815	28.682583446260455	19.878394303130754	-3.040120187411242	34.32690943516379	12.989115922775328	27.60189676660657	23.443192509568885	6.8203563713951265	14.305416738682013	11.779290152682668	3.7934922444599923	2.108658091046632	2.9486503092897616	17.458056433900325	5.436677350963635	34.371924367901315	11.353752089725337	10.36742247232626	7.780944479128641	6.506844359812787	-7.5186781183357585	15.623585715434187	14.76500830848125	16.42004679667103	13.152087466732333	3.3964822724723533	8.65415678968677	19.927613421304034	10.07172823430985	28.491322076767084	26.323097163914184	6.495084914556913	26.544343229187472	6.46604882463914	19.664409408650016	1.7502502614518225	9.683222259062394	25.164692445099117	25.24237179185258	4.618695675488786	23.172972867984242	19.996888082723494	9.804948718605209	1.604812572587218	10.447639441232498	2.1479495320122384	16.651254678531263	11.301351334406924	39.183127368085465	19.756947534888713	9.139221753687902	17.011052552958713	15.363944814094669	16.323173349482964	17.992358091399144	9.525946171685785	20.181100370192542	3.450327199021894	10.458830164892554	11.610024003984483	2.6540221120014116	24.691297429681047	9.365166532759932	3.350066144730697	16.11928211589555	21.59280555134	26.552910435013555	5.403596359449515	-1.5058373184935654	4.34332453327857	15.194661830954358	17.479515734814072	16.315349502147612	23.467140108636837	9.949696216710285	10.404330985249016	21.284702137830813	5.90803980926379	27.28883028671301	15.261300309420003	20.14648920392847	10.560078192220082	31.03897072058391	35.59034797089418
12.107260992574322	7.608682971826705	25.411257810902494	3.6980648255626773	14.342975851770877	18.90841183989518	16.84573716267126	20.006055794100707	11.957885603119408	-2.644273184843712	17.52154473238488	16.310504331747172	3.565285547719126	0.109786534522138	5.933817187315565	1.4061011254214804	12.391471901644625	-8.314992832209821	7.056981625649355	40.18343130286733	17.1742404133775	20.813279046661208	17.236128918502505	3.0408263301570795	2.8403901907434332	-1.531517160391767	14.572637483309263	5.6282631578843825	4.887920893804898	1.8356399690277794	12.898063729027768	7.4532553022553465	10.147555400760723	17.517486785778544	15.777893339941834	19.77597320106411	18.078685271654287	23.291651158283912	-3.9563126585839345	6.7335362975321384	3.015288833455671	28.694519592936302	35.88716632629055	3.839151896027623	1.7872658599865359	4.457562855748669	14.814092867486169	11.562126617747742	-1.9380609080232183	29.237565303818855	20.36082433442128	7.755907580783517	-1.9395335070479074	25.750755352034005	13.231059671745491	15.234917971303556	7.3961496336076165	0.9995658895831172	34.11363172714187	3.6229018267934836	7.907454389993339	5.374540010781117	20.435042450767988	8.679815871696363	14.26655815857738	9.151051908511407	11.103080187025709	1.7217423045228983	10.731850682614162	2.7911358306868106	7.889987579243145	2.73960354634743	33.254454763008624	13.682628143596107	-3.4037624665995354	13.27120427753776	-4.173888517808799	10.764398924288002	19.277711820615462	29.400796219093323	9.893516497302151	-8.578023671656098	26.009686185150944	26.875908861865547	4.517187534581243	28.804685136052797	24.724981977327598	16.31711413161163	-6.632411415173966	4.548827166424979	13.256609127361616	20.286236451733696	21.875333434101435	22.647539278464343	9.707088796714283	19.669865598441696	2.7184225980921353	2.6970917985853946	-1.3342813167381562	33.58704396991862	17.911480946775754	21.828204455086027	-9.6653796584127	16.897919011082248	0.6976530900760018	14.170400702255643	27.549241066206253	10.104853679572518	16.144261920739723	3.697787188758388	26.44500273955526	25.820636095759514	28.07888649383154	16.09581411587392	-8.440824244255248	12.659924417911482	29.00973001431174	16.14726410368727	13.487556631667227	36.85327694349757	15.934611353950151	12.501681513317482	33.41170455967982	2.3463051199124516	13.725160018061413	18.197839919713534	30.28903082352998	5.035831127673584	29.829145763837044	4.721619738631804	1.7127191137803905	8.063337431966797	10.828419871373123	8.598447285297999	39.842017611841754	19.212755955006852	14.074530134154932	4.421606710153893	10.880612901201834	4.327405014559974	16.246538356693538	21.963537873997108	30.61756645960803	30.9511697437798	16.81652789554795	21.663485553853544	15.96537958802221	0.18446114603846675	-6.5312566552403295	2.368838934841045	28.95227248246942	8.339452023188697	27.205906612811894	37.49153513184807	31.611200117847698	-3.143088680343913	26.258768619293697	6.697324512799306	3.0809064967997006	24.17593341063558	3.0458432139459637	10.095563413683935	18.16937174012695	34.732735097828005	9.313190965319057	19.840520653476027	-0.3404601043847739	2.4635877520315135	-7.5493405911778355	15.053995522403389	33.01578023896847	19.91344092323178	0.17410184953710464	-5.55600375019282	-1.6978276055379171	-1.8265906995214247	25.029146570567473	9.125079644727423	-0.16389214331308533	11.476668744127911	11.815716431861738	24.072776209213437	20.11809323797482	13.644068920063834	5.626558176837844	23.67535901240055	26.807607284128952	13.715235271731377	5.475815896063355	12.951367424720821	3.4928369773404317	-5.948448351863466	-4.837697871596417	22.66330243741618	11.647506966151687	18.646267874689983	4.987186717341736	10.773155830536274	-5.325176455605727	32.15039531124964	18.041922256379447	28.62748932625734	29.890078457971317	24.18093653018446	12.419974378449412	14.208101515281081	12.822805813388602	27.29280649281958	12.199181950397916	32.76020955488584	11.978772927252757	16.619404517134008	29.05301157577183	24.038451225757555	-4.142043464847886	25.97920530607102	29.109031546809472	20.018707187931774	-2.9378856597474527	35.457631856472815	13.54838269381098	28.689174879951	25.03961518750269	7.377299227329737	14.87778048495184	12.304864648753028	3.810664392855993	2.646188470335797	3.5953177563981775	17.84948691645363	6.193172954726341	34.49374361669023	11.64224196530569	11.500415339050361	9.348790488114826	7.96062870793568	-7.040840237733739	15.74822154592883	14.976691264108561	16.731762105122694	13.418050267361073	4.1099161808471045	10.451011632292236	20.268606391525758	10.483054804234694	29.35700337994442	27.594589960829833	7.38212611577101	27.30849504509726	6.499881996676666	19.837322385714995	2.395408143029386	9.891187999991015	25.88429090349446	25.59363876656853	5.745883251345287	23.64130972720332	20.650343663986696	10.17964458835039	2.363169590178713	11.154969414384095	2.6819597448238515	18.028989088366565	12.221334665598363	39.97284616453707	20.182978547921355	9.877476400387215	17.341365739877503	15.441567444661056	18.155618734648662	19.453888190212908	9.843714200136073	20.252159815158695	4.089281363552423	10.681147876991366	11.716289925786652	3.140045184536293	25.248283961972838	9.854653727264786	3.8308619480645065	16.27220027240126	22.112079276105142	26.61813570171434	5.94537125321335	-0.5791275663773481	4.720994726193227	15.287871596581256	17.887943633798017	16.849048265934176	23.807882614121176	11.045853528807283	11.534463525341842	21.444108003005027	6.112954706839929	27.713327671846162	15.546650718532181	20.518226157488474	10.655847797487734	32.119857009414396	36.75682564406847
12.428359089728414	8.858703766048317	25.871055932861076	5.171414204052326	15.325577300122186	20.9716988793917	19.65218929738266	22.495542185626388	12.171319978519767	-2.4101323204970426	17.67535950443561	17.194178020453755	5.004694757156284	0.4430025031793265	5.974776252064915	1.612996502438062	12.567320806169045	-7.991013630665037	7.363616294760039	40.828945399338025	17.30922759115149	20.902710801412386	17.55674758751045	4.617073712383093	2.9137485371301732	-1.2662136526465129	14.643740523509956	6.393768470857297	5.188450736681941	2.0750428593792596	13.114639538612405	7.945246966183015	11.70067280766154	17.780686075745386	16.57227359307748	20.10350632775207	18.538991240297612	23.37171352540583	-3.4479568900295616	7.562481419496934	4.762708468298007	30.27482773578436	36.05888502513981	3.9085501690162485	2.6766422882857457	4.607742257963466	15.400191378313647	11.852247960176893	-1.0986197515904033	29.589006739209694	21.076685719851824	9.188460515040365	-1.094993127093994	26.064986894726083	13.676035458357358	15.651410188389674	8.25962568366105	1.603183418607944	34.44004980475598	4.231249816772866	8.197439194301422	5.764693852781066	21.97403134487304	9.242157803784346	15.469373285291846	9.60343512362405	11.538329499250375	1.7261284760388504	10.757170822396741	3.24066820693231	8.248314972893821	3.3221680109148415	33.96696252109494	14.011312435294368	-1.1507269083758223	14.251601928477225	-3.842947851318667	11.080310552809774	19.92573153412078	29.656079743019205	12.128656443136116	-8.482620642730776	26.026883762528946	27.44407952211062	5.133016688657692	29.48144482908903	25.25215095123966	16.99588636110801	-5.923625667466093	4.656483555393816	13.896074886481747	21.01541895790291	22.71554483272298	22.742447051507895	10.464205668366617	19.823150985141023	3.104194241426702	3.0206997505240025	-0.6678001053357654	34.17193690043999	19.67617916589711	22.447506116585878	-9.206826401775952	18.15632273390577	2.1529622329968765	14.38803293776068	28.179942948158903	10.313539952482824	16.502541809401034	3.9509021861373523	26.883552934975086	26.115038686088248	28.38207826922537	16.263076283493536	-8.394066390428453	13.07958719780533	29.99581924202169	16.794958336054645	13.799084415047227	37.7070753812676	16.18438412329409	12.924784100061764	33.79980950420992	2.657473072288633	14.297948303446779	18.324920779403023	30.56695591004336	5.677374536865584	30.602736985223636	5.746704358266233	3.0777971134722386	8.627384604728332	11.202048344145684	9.310432819981838	40.24011850134989	19.778840345243868	14.268815389786509	4.696499811660969	11.850700096655864	4.4470766109689235	16.919600081561892	22.2894281221864	32.71647103564149	31.074106064415922	17.471425450350395	21.756967781544184	17.475652667771865	0.9045456370801436	-6.503106813035525	3.011398754909754	29.202060479379906	9.026900261113717	29.143890449505196	38.28015259618887	32.70344230043821	-2.9562531113922814	26.538475292590462	6.891657817117242	4.006716336545182	24.672922569028177	4.230003113786154	11.005831389346845	19.35957566912292	35.729400864828506	10.179001609354833	20.749781287587727	0.5886488539662997	2.920031150470681	-5.596717804731531	16.087473536724172	33.30290070090025	20.01322711142224	0.5760089902045075	-3.8063972556308103	-1.040878274877829	-1.7194690643189414	25.275515625190806	9.476800963354403	1.169766213739251	12.09001294153754	12.80598283212174	24.333546967728658	20.222445219056777	13.867482248572482	6.2934381829345805	23.89298736363706	27.548066405657668	15.372701663592297	5.830185606916153	13.569941834189681	3.897683198996555	-3.5917017113237293	-4.717218031857822	24.670620230253103	13.278625087849907	18.80407002340958	5.508947070304095	11.698437727086633	-4.75587179496217	32.75777150381242	18.754019452852937	29.283019020527078	30.26352603458956	24.91864529928277	12.873034062533007	14.840088187388476	13.340452139835245	28.546591248779674	12.866560421576986	33.31843001316625	13.806644342445313	16.84461285566408	29.70483120071171	24.64927776320099	-3.777305081611979	26.469240190184497	29.53127099463919	20.716419839277016	-0.1054292541019799	35.63639364559089	14.061625408335312	29.255183022279137	25.66075197226427	7.495514403193311	15.926232925422166	13.917857976710922	4.213414779853059	2.8110329756354058	4.47613816405297	18.818148011747834	6.602435162764168	34.6928276152956	12.232091974585156	11.597720388493872	10.361932988707716	8.309078386944613	-6.1666096748032295	15.77802846979144	15.826431390244215	17.14049514164122	14.129522119629527	4.796061353324139	10.739394266422057	21.20858550454432	10.519150698454961	29.713070078777	27.854903505703486	7.466710207313378	28.264414546850652	7.135222389714736	20.28782421589131	2.5450370254339494	10.127078285683014	26.094654406717652	26.145248489426766	6.274656416609804	23.732359525982474	20.761385113039086	11.307054470857672	3.2013200104318678	11.373508805008202	4.245895697136601	18.148617072734673	13.049590317802307	40.50334269064914	21.120181163066547	10.06095122793628	19.118405016298663	16.481670801123926	18.85228423650694	19.716404466238437	9.926659110137004	20.942287414156684	4.480186149268808	11.799187908658952	12.555662588838976	4.776781759071109	25.651318414457123	10.507163320949875	4.422870325251673	16.431803015830496	23.154873254825315	27.054122140041677	6.813844849590939	-0.5166026302089727	5.5540029372235695	16.64884090968129	19.35656741982801	17.934799632875	24.340301938517687	11.328678758230158	11.878802044044773	23.628622601085244	6.604589487981222	28.082359117725474	15.712054547693825	20.630915138726177	12.094423567049825	32.17869851435806	36.83688849181026
13.935096478934163	9.832860688502977	26.06106389572944	5.731787598783851	15.370541075631994	21.417159523879512	19.93690150889628	22.627940429473103	12.800601082572701	-1.8421628522361169	19.077244778753425	17.385586149061048	5.385569746214665	1.4933103781077963	7.068438919291989	2.548385721022841	12.94312514012329	-7.603350790962609	7.5808898261299165	41.278352546507506	18.261931659179155	21.045147770124114	17.73015109649469	4.843714560359769	2.9719329315121623	0.3119799403503795	14.931760073547775	7.8926740307593475	5.593215092289247	2.8558213041171134	14.19599290475047	8.443828767547945	11.885873203493059	18.673574611118127	17.397235226339607	20.253622300249873	19.303199665024845	23.961933993260704	-3.2539867976872094	8.13327874810797	5.212176495996583	30.591967465211134	36.551288396594366	4.804171054433885	2.727164899499666	4.981716340667415	15.860033218386928	12.159687722239779	-0.6898237668085154	30.582022295275543	21.661369643014655	9.457279939994654	-0.413297793860649	26.969599877682146	13.893121901455935	15.799692632580134	8.340830085523134	1.7598836580724386	35.95158991844328	5.060410081689137	8.248985833682413	5.945500608993367	22.272777739825003	9.384852927122692	16.071062807329355	10.366909719594958	12.486960955144502	1.7589240436142732	11.693035525881635	3.641261929094281	8.38785951929751	4.188195264762776	34.34664251058043	14.16102743263513	-1.0999912558963945	14.709917751611412	-3.7036660115137763	11.824589276609156	20.25320335924166	29.97524329819576	13.086372288973411	-7.600586520153924	26.532204616387315	28.082299769293943	6.252837362831077	30.058600671285067	26.47696736039317	17.11327114192084	-4.707454262537128	5.448906037063364	14.496392867507174	21.506191952290667	22.965682858632714	23.3716849556772	11.36995402957588	20.87628493869963	3.2562686130067995	3.253988746565556	-0.1678392910262521	34.75428250518896	20.22292101217374	23.231680061166248	-9.08676693384937	18.436006320945488	2.504112970476002	14.69186065947457	28.591940423901057	10.598624999134044	16.63421410822668	4.345817251108205	27.501783224110735	26.551699976405057	29.11234433425677	16.677663948739724	-8.359989849353829	13.298020764650595	30.52473060121178	17.92087651843809	14.05851671824062	38.814626291509995	16.58045960928821	13.10275598524757	33.82774646344266	2.7889289102741297	14.937741492051243	19.35997956296549	31.315916825978537	6.045174348462619	30.740804207687876	6.463244712690074	3.2658630204283337	8.642737939213317	11.625666711635787	10.000204957195358	40.26914344587484	20.134951522388985	14.69019907556995	6.61344143720638	12.996146321859474	5.722336254874431	17.933134635469628	22.508851161051766	32.990116221939516	32.56188541335123	18.066574609272305	22.18107768353205	18.441255275222687	1.2290936651282627	-6.059030562630288	3.141475159707397	29.833456218366056	9.924197362681939	29.52036957813029	38.60385160684042	33.01025802721596	-2.019937961637912	26.946349709098467	7.573002460065352	4.244346510071878	25.287201576449057	4.8712040585032295	11.871000455197331	19.844896206172876	35.883680909055194	10.408435178823998	21.28063934574059	0.7096544251662411	3.0781873871852055	-5.56737162779846	16.174169361706365	33.43885864014302	20.575498024694376	0.8768943568680876	-3.0764648598704887	-0.6279383745443196	-0.8789406544565304	25.52713916701601	10.368246139250788	1.3700284955860036	12.691268553792357	13.533514958741657	24.848488896103138	20.7877660134122	14.44557303672723	7.023544606839916	24.272380627197098	27.68167562036448	15.974167989892623	6.213237647764513	13.781657006026172	4.3921858248027625	-3.3192288859731125	-4.135496388968111	24.76828240423524	14.447425113817502	19.690821671498206	6.116174058892654	12.13773868131723	-4.5034262229816875	32.95166281136084	19.264946315373123	30.24993602352495	30.98313033520836	25.240931910357503	13.346468639054896	15.863388055097408	14.37691976594029	29.312544386020548	13.150104301363038	34.039488788464936	14.386638309255535	17.855519520388256	30.288976502414588	25.050243401744805	-3.657033902509743	26.858943582608894	31.137547718023363	21.71796166269157	0.01684623412460919	36.425641346491794	14.376595932538928	29.662112790648212	26.588685250249103	7.959607382323302	16.664706194240456	14.557035204448406	4.396819635230715	3.387064434310697	4.526314093264211	19.324491401138108	7.063743306048185	34.89064208713712	12.458965135303332	12.674085844269822	10.70394929971672	8.954591252485239	-5.190048347679487	16.14737142143738	16.337243641930417	17.515660155197523	14.34311714800035	5.7031966227108795	10.81814316429312	21.337879126437187	11.254804227641134	29.85220048844553	28.076693376561902	7.733915363793494	28.59338867598934	8.754045131450214	20.926252082726133	3.1822674320590427	10.520232332563664	26.852979590454176	26.47241262230338	6.463424345408245	24.31321103633183	21.453874508843402	11.637334679757137	3.5206387078594106	12.007776590493878	4.388315612584019	18.306722345261104	13.441032251254626	40.575481937832876	21.5460371315924	10.09394165315689	19.192274537026943	17.738633441925888	19.054034665651926	19.994484641565922	10.653113005536316	21.329890323537963	4.634432411679155	11.813634352641408	12.89270560731033	5.2221395780282815	25.74535275581623	11.24136981443483	4.931519798941168	17.227368528284636	23.667492654397876	27.741988287957067	7.264528876606833	-0.33455041463562357	5.728749180497322	17.128886513681323	19.590966711654957	18.487068118798113	24.539042512976554	11.465963141654358	12.132193327082188	23.709207774532285	7.717188266289333	28.388719956711583	15.995618602832058	20.766395835783253	12.406913259040818	33.02056899799638	37.353381833070735
14.422620001817306	10.333007154590721	26.90118950442354	5.970395426092368	16.597749904280224	21.589907161979635	20.59169190328303	23.24299866355507	13.154329206155463	-1.50061703499998	19.87792782782892	17.692187542712958	5.734585374317757	1.6929215404839872	7.8508709437654645	2.768084002089105	12.95832184067167	-7.260967109279108	7.868119845584578	41.345056610922875	18.353177130120827	21.264919704327106	18.601244624809663	4.911889713696023	3.856181233170378	0.5913127463321768	15.602836207863708	8.041072989920849	6.58376255201395	3.465756508671046	14.8661146171714	9.00017033321779	12.302259093768516	18.787336497351603	18.089652622856974	20.674047871378384	19.856282862465576	24.936432855917015	-2.8831710450639774	9.474041729628043	5.657875990148131	30.67483682309466	36.90200189447079	4.940273281285579	2.956275534897236	5.0356290262920345	16.78410228457132	12.784976040528003	-0.5050262437652611	30.682299295157662	22.42677944489893	10.161239105143858	0.0823985179877294	27.287940658343263	14.066394352630804	16.192537129186007	8.76888067459445	2.2602080451994295	36.547683778524025	5.786555530575843	8.563221648865003	6.584914472847443	22.67756545620592	10.235273161608017	16.55170790816798	10.490270606894674	12.891699298039326	2.7700656183124686	12.441180987398795	3.967404172185321	9.868837982808252	4.573118420940011	34.80318586683155	15.032851999293701	-0.9147759413416985	15.655024768700688	-3.297780309739619	11.869510803176544	20.517208782256112	30.20731178393417	13.401332207829252	-7.501305686994789	27.075916889347553	29.60708024751698	7.341916779862324	30.549812693634564	26.659276606065895	17.30809565598715	-4.448071469662305	7.332662638381318	14.668526101238836	21.61942829910126	23.567053387752	23.733677901621434	11.9834239602358	21.229366945087452	4.380929851288974	3.5516658217337356	0.1460406387027659	35.41611265007801	20.35337971852294	23.45639374256906	-8.763154836217579	19.66494866379131	2.8936455977145434	15.456559905185122	28.740523773520838	11.115048322419144	17.65483846343543	4.7846011759949585	27.634124322289757	27.573290597313946	30.361938607998383	17.185002810583853	-7.311468213814067	14.189360163418087	31.08547296894005	18.22244934486558	14.920137107624088	38.98899850599484	16.756792633093298	14.214410372966453	34.83603031465231	3.707957416991513	16.05949842407333	20.077086499230766	31.51137586638617	6.472054025021407	31.489887958158974	6.75893558271494	4.217405479139469	9.384273138353182	12.702156143726784	10.63087612101159	40.93315130527494	20.786704535373545	17.364257372613014	7.137748905468735	13.59173831885208	6.350410845526938	18.446699943729822	23.152150491731305	32.99968401019842	32.74621211861481	18.275358225778877	22.763078831590924	18.506742853594773	1.9669880122838395	-4.9469881632104125	3.584955673691707	30.458096031642437	10.326747449698077	30.389034507451036	38.75889963360836	33.338738534370016	-1.5047285239850625	27.473910650709403	8.175205716705541	4.322810370325359	25.38551876658533	5.0592657229628895	12.375316275167652	20.214558430437716	36.20497371094781	10.927100164825136	21.592321684787585	0.993249027033584	5.017911716381864	-5.143190080664463	17.036466975996394	34.6332097167682	22.329448887489036	1.446432179016553	-2.1985537631564473	0.2871530695423081	-0.30651556194771284	26.247484654964673	10.617690846218053	1.9535506232140467	12.805817495335916	14.035285491475884	25.224199561168774	21.130650160094376	16.38633079374333	7.387926982469287	26.203144980523298	28.337124744742294	16.365311437222463	7.366135408285865	14.06735581868953	4.821562364021196	-3.093037267092924	-3.701798423189901	24.910485878816843	14.922964501836862	20.054285367479178	6.581188357701159	13.676348350007611	-3.2523050521517756	34.071491456541274	20.7085196268619	30.87432173160781	31.852949226971052	25.66352590026872	14.058111085114609	16.301739007971694	14.849544059948636	29.390951730123035	13.33966762988096	35.13299029385528	14.996503750253295	18.326743256614964	30.789562189087757	25.55482125471556	-3.068444858695053	27.697094826139896	32.33233638786832	22.454532222081795	0.5542289313775143	36.725759859541675	15.01606202856827	29.941291816731944	26.686513340630555	8.423924987064156	16.97416207682437	14.833962421515304	5.165508054586813	3.7239801429491193	5.329039427358847	19.74063936790714	7.226625217355728	35.25328159672563	13.835211346213288	13.292912372761212	11.019582947013351	9.313842303528565	-5.0238901325963985	16.55262667284704	16.896393379251244	17.896905767315705	15.032511522433182	6.338937745112065	11.384925297122635	22.202910840106398	11.331247635316322	30.285483609491756	28.527077097947934	8.454555279310958	29.048326915554497	9.01010978262308	22.512801122677935	3.3995666600215237	11.355486432208943	27.03840909987121	27.032545465839203	7.488592295518365	25.22500772307168	21.48280861748998	11.729859214447394	4.179680821786221	12.397822457997309	4.6134194102448	18.852725100132094	14.151668414932978	40.97561685016965	22.268707056725123	10.574347654846799	19.526343078470262	17.7781427004691	19.904524310210018	20.6572953982662	11.603934425747141	21.772765607225733	5.196093034349078	12.350785325889776	13.575801816852884	5.892218847623168	25.98417562486622	12.112087292433838	5.524339387747679	17.304524802819305	24.261633967491182	28.24498263953801	7.851136462298963	0.7723414402895009	6.346756769518962	17.30734666856593	19.804292600075673	18.967936026917318	25.714018407158466	12.005582735731428	12.535649543342975	24.31814973663643	7.834625871159791	28.813634818688286	16.150133307849014	22.059605003567903	12.699750127812381	33.26453711884351	38.2347645917692
15.287055752160928	11.359402797758921	27.356815855754032	6.07561575821797	17.599479971971277	21.797920800819913	21.362400392648542	23.393107291217344	13.861084050611144	-1.234420716288057	19.911205639454728	18.080937433333357	5.7697299699608156	2.469069889047818	8.879729636370945	3.231434440970791	13.46908725748213	-6.8235770082324985	8.136608681090836	41.8352043873217	18.52977567549752	21.340967982639544	18.712503694922493	6.013294116075612	4.815945467889215	0.7740151013973613	15.867690644881758	8.991931641256896	7.5201278298104555	4.442807862234966	15.067059760875932	9.757443724668681	13.240802930009695	20.066454392640804	18.294823635475165	21.65655863444287	20.60175437619057	24.943421554911705	-1.9793122779773786	10.032088635094317	6.2883414090314975	31.360225918969686	37.40869392586638	6.742824499477308	3.121092801806185	6.1764225674096735	17.107538187859056	13.008906657034082	0.22102181870960633	31.644137410663507	22.83221316440861	10.873630851691939	0.122847797131098	27.35983342208356	14.2553003224322	17.289919945824483	9.163514355582608	2.8732780683480756	37.172050465631784	5.886180208682457	9.337896466845452	7.634872989089833	23.327507221734848	10.654249142519024	16.67236726355925	10.987769539989344	13.337324050209869	3.4435009212170007	12.83235873736807	4.69472120320687	11.77356836250013	4.729639800647152	35.1792230031586	15.20618757084088	0.004382039694788654	16.007806656084604	-2.9783874005370707	12.894130429006958	20.89423142706193	30.527916043485945	13.573636013434424	-7.138023787027156	27.965473647243083	29.658249958265475	7.4152100007814985	31.14470557780731	26.980665277026127	17.790676532270886	-4.340666436623214	7.694689005340226	15.451291050552499	23.200272262781535	24.760214844180812	24.65766350098311	12.12995424445935	21.84814111525059	4.65862773901443	3.7788936721004878	0.9088540463648912	36.95317080825887	20.932154153674563	23.928471652475547	-8.007941736966423	20.02284059126917	3.081287885174209	15.501923126846606	29.427664453699546	11.879965374275736	18.962141517862232	6.057716262028203	29.23619694157158	27.605515543425707	30.670345503494858	17.31249977443088	-6.673466232644661	14.592343763283145	31.171793204908543	18.550364470854404	15.263188538890097	39.46015056401533	16.936960715244926	14.405291530106982	35.05694343201258	4.092097542721264	16.327947838368736	20.67793048456564	31.56445118553336	6.887081897977592	31.61804943295291	6.925177572326902	4.225655014758523	9.666453972768991	13.224398807863958	11.123456527937764	41.324383635039695	20.968481404436215	17.850294493799634	7.301818735599524	13.732756913201435	6.696547147956075	18.49342531608743	24.12152533048677	33.24342089692364	33.52480979100427	18.985244063333358	24.04273741590388	19.28138593475603	2.985496464249237	-4.779134102354753	3.839582577773572	30.66963002633573	10.42576772920505	30.563927840864277	39.106486011756985	33.8231111924661	-1.277909658630002	30.1113343935999	8.25401060938429	4.749233660673444	25.456228418066537	5.7386082058076635	12.750068025932782	20.560966427891188	36.84228396193797	10.997275821084532	22.379133169073565	1.4906682988136484	5.947357742326671	-4.290042529937899	17.46412663734403	34.86465238095451	22.784276616607293	2.143648730670757	-1.9970230485149756	0.3379824123782742	-0.04251369065507783	26.697779671889666	12.441135167479116	2.3644566092330495	13.017273762039189	14.48157909835367	25.4762549569391	22.01181368486661	16.68028525509966	7.86050633338992	26.928589181557555	28.83205103259365	16.876975758085003	7.801032122300153	14.255257884558263	5.808939633518042	-2.7722791078956206	-2.36970841089899	25.295577700832737	15.028215284955618	21.40445141694784	7.661926194281277	14.464233715036663	-2.8408966202461765	35.335893023199134	21.12524648853084	31.32631338609382	31.94043709130975	26.07846081051416	14.80552989067158	17.10203625279101	15.722549376689793	29.69697291559484	13.585748111197558	35.601343936647574	16.115671116071287	18.492877449227205	31.375793483610938	26.643061244894213	-2.3625286897282707	28.520793932377444	33.1438363749381	23.15719275132501	0.6782708221627839	37.31400973275843	15.87719250916777	30.066180476976257	26.950928868244112	9.129831626043861	18.61000924422082	15.169054843548006	5.217792200895154	3.9261226749750198	6.232930204183346	20.331764612991233	7.8093392449534536	35.502041654042415	14.547066287325265	13.665178949323051	11.900524829317627	9.743247011760754	-4.789872863820108	18.240778332723742	17.00282436695097	18.178379135753076	15.189087537441262	6.8353202548478755	11.932680795597049	22.305048593704477	11.6170802583626	31.09536543445441	29.119187346157442	8.846392033843802	29.821856903097835	10.40137595475381	22.86444081137839	3.4899066823554685	11.583774888195416	28.95309423178473	27.808568389970013	9.019106968335727	26.939846984326838	22.424967491294602	12.129356191160705	4.627340937689102	12.494063938856927	4.802796995207497	19.035261948811833	14.470035411619644	42.447235978624825	23.259906892810516	11.46455491592976	20.18311141291368	18.555140622044714	20.01305136291721	21.169033829019554	11.75688757182151	23.007788234343025	5.499609509368838	13.349110654608978	14.131230070573986	6.245373108927143	26.405145567691765	13.13347761467646	5.954839744765695	18.31973028585572	24.430671103980966	29.5752955517321	7.898168276734768	1.1985803231826744	6.538007608127599	17.614567516555944	19.81748240342521	20.034617665443633	25.869031488960374	12.112370121250349	12.884152438299049	24.377407956118258	8.278648016944159	29.14409271274933	16.636693945777964	23.055979114849336	13.553910622809276	33.503593461856305	38.49950573269593
15.55081797680749	11.53682133923854	27.513601277266982	6.888780241933378	18.118998023370338	21.839552707011435	21.43068364045094	23.684088266187263	14.054472272035603	-0.4397112917354697	20.464685304768388	18.828168100683296	7.30150063500336	3.1707328567520006	8.976101131811879	3.2727228556144654	13.614008186479674	-6.567696333590875	9.637105617239522	41.93438281578947	19.0245399085037	21.826199334196954	19.216959131517946	6.537915421143664	5.52767897604029	1.0104353117865832	17.001941267909686	9.273524802999553	8.051656310230108	4.824363501995443	15.44270870885688	9.763569629815631	13.413035275783374	20.23081765486854	19.089963015600564	22.20178448164289	20.70664828044711	26.223139178666095	-1.6571941332909468	10.144771696052675	6.573663726965437	31.669195476209445	37.6626775251871	7.926539520724413	3.6752572829257164	6.335301372982835	17.338781502145203	13.555246280126557	0.3608531491388506	32.74391506122986	23.096495304459282	11.098831545633022	0.4303111346556004	27.548041157260247	14.287973694680199	17.401386370003706	9.547739736468042	3.302127752924871	37.62153472548007	6.553375344645491	9.853862974521906	7.831178767654521	23.537953405616857	10.919229556560175	17.47929551275898	11.821048868898936	14.038577543921289	4.190828775844841	13.426354823512497	4.83566211376293	11.911918546222184	5.22238219037844	35.77537730277035	16.549985812208686	0.3042797805602022	16.377215264897803	-2.0856880921031613	13.997474728584084	22.49629887723695	30.87781112835852	13.892062812649778	-6.667480018554757	28.180053822307915	29.87758707259983	8.154718353019172	31.34280322900672	27.57186785895873	18.191685822272227	-3.7619561750354795	8.318068919442252	15.881937869074298	23.224537394786363	24.839859764158668	26.003720251410094	13.03397703802162	23.09812254458062	5.4543054439562235	4.089926478690006	1.458594490780408	37.015369791034885	20.965125968776615	24.289172098193678	-7.740018581102579	20.459290827031484	3.3903854610510167	16.029345816452953	30.20101692232961	12.019366747321035	19.707264133800976	6.300681047353758	30.685007177714525	28.105271812901567	31.295819488172423	17.70620528605373	-5.52665341353951	15.155406108710796	31.607956226519914	18.873834744773923	15.89898669798933	39.96276336360395	17.078442331043114	14.553373712924245	36.013909858692266	4.3364899098014815	16.824449937055	20.74603151982853	32.310671127232496	8.999393100199502	31.890901330288653	8.323569718711134	5.051894449847359	10.621380020525622	13.30535022307662	11.339475581416687	41.672132530539585	21.09671489199242	18.904690576947	8.025646196443727	13.885969672645892	7.271722526228414	19.231365777871392	24.96677814051027	33.694335675831596	33.61038267477662	19.216966168500736	24.856540201933345	19.532934992451015	3.6108832469928114	-4.592098445696747	4.2163299176606195	31.045898765621494	10.452500896564741	30.774318252626863	39.53405412910338	34.39073283008427	-0.5979253108985149	30.57317188820766	8.481280476650904	6.098530542489322	25.976372306243473	5.866775204389057	13.18368005457121	21.280291666701775	37.06569270643863	11.63678001184019	23.317659196158704	2.7968218218811236	6.221775541013458	-4.146683163583209	17.848783232734434	35.41497503772733	22.94998131145933	2.1920294804648597	-1.4502947114772686	0.4488177000339476	0.022998373096206906	27.63374081858077	12.705127316180135	2.647007868245574	13.4773166002391	14.81599948656309	25.627469573038933	22.444157810511868	16.806353989053694	7.911844492992346	27.407198207050094	29.8112290759401	17.820844276270265	8.371494972898851	15.080600454434457	5.94489725124813	-1.8005386625118707	-1.7572319671189767	25.33245352215461	15.745946358680587	22.18489604133208	8.161908803009753	14.537688840923662	-2.7341703621439084	35.49532889165263	21.700864033678048	32.282343710518624	32.43692979211867	27.005772926744957	14.90459935826636	17.59431672241861	16.39067591353199	29.773813963534735	14.371313152373965	36.667938954780794	16.433113742745753	19.622133032407092	31.4715671097871	26.855819068954016	-1.3793948167899561	29.31734463028871	33.79927448434073	23.5903882266074	1.2115849873034488	37.967181553682536	17.228987812151846	30.65684067409323	27.167653380557493	9.432077769093443	18.91333915477895	15.3151124652038	6.072832924798738	4.087849339826342	6.579628760976452	21.150431030140144	7.900562485731545	36.17001160693781	14.788677008618583	14.380059182775133	11.983917416803445	9.798311638432125	-4.569483228124472	18.584274976622524	17.576228671393284	18.87498142559287	16.378314244054923	7.568392921637757	12.978610151403355	22.617088833985235	11.803615725188681	31.300062642739718	29.495874965790705	8.869242551170633	30.467912925250634	10.55732281564817	22.96072647655876	3.9189226275892786	12.015453754775118	29.072369656038752	28.06711179544099	9.67423475000195	27.25440663996258	22.779418244653044	12.7493367372741	4.894287522563473	13.559828074766937	5.29985274472579	19.135684104910407	14.549605730543243	42.85296948159737	23.42871116047893	12.06626637668321	20.79414207499716	18.56487116373851	20.725819992873568	21.440740410472372	12.000693806892741	23.123257603643363	6.374433880828943	14.108703730004526	14.61748167437161	6.4515924488870455	26.897611768789336	13.50231805808618	6.764813948768509	18.441754232798456	25.203275328225907	30.38994745753217	8.355394887374189	1.5385278113866667	7.135178019038623	17.66877632415483	19.94059636515852	20.394950524601168	26.459066684652413	12.516240794111539	13.095262785442424	24.49788015876353	9.081618638894318	29.230262300701064	17.446350865137227	23.378833716040667	14.085799088434829	33.63663120189508	38.743389829443906
16.049934801804962	11.980381543717435	27.787928835119278	7.000489106118144	18.286122998349107	22.85339842396726	21.74852199972819	23.812661658723847	14.191644560322539	-0.0031016116988593044	21.104226007845078	19.202466662823632	7.359162967831525	3.425847485146787	10.317865878752189	3.386444740172968	14.758262965454598	-6.274952186699092	9.87264512244992	42.28427813620334	19.323709390748565	22.59202379850341	20.30186865748573	6.660179759492787	6.522982026140953	2.9481631165395856	17.37914388553909	9.888334181625488	8.219442251206404	5.298843371233371	16.069857435803048	9.969217106707418	13.75229014748946	20.273586468338074	19.1590225036259	22.973614252412847	21.190678597042417	26.754317359755692	-0.7280528921029568	10.31710733655012	7.083487002120821	32.240455986404825	37.94841040289176	7.98039422617218	4.243452739202027	6.538755825248522	18.05542155920703	14.065138652477868	0.6802130094013965	33.63777241724066	24.329719642237496	11.757642043120102	0.7773190726450684	28.397389541305483	15.036848548745901	17.74254539879062	10.22724434013279	3.3597311686647924	37.78308846153823	7.913129326018838	11.234647417994996	7.931315414831576	23.678254911531134	12.080096575350439	17.76565753341877	11.844988375548967	14.955966618257827	4.991548875761079	14.125942190164363	4.933528480892437	12.430912805398862	5.865259964325907	35.93040097442991	16.76538718996211	0.49993564070222657	16.71301614196288	-1.4527305003087305	14.618058770995434	22.949811031327002	31.048775756335658	14.588596296262605	-5.815333894746102	28.224494760710066	30.421395449667198	8.27338289873417	31.482011769506325	28.802632741192458	18.9545877451541	-3.47627914318636	9.16781119650001	16.14518822872656	24.271097049045665	25.430824135896202	27.032350400067923	14.090174286892818	23.361279206666556	5.554633236525698	4.423395189367788	2.0108252830311777	37.34653028203774	21.657978156926607	24.941231354800312	-7.49991499110237	20.489881829719184	3.880163604801563	16.39282784147806	30.59100023041012	12.522037890876033	19.830715835544712	6.541837183212093	31.121239000749895	28.50528786359334	32.00911367356126	17.937728037893915	-4.701164806233062	15.20341977391686	31.90509296467397	19.480245781378894	15.925579460044084	40.42676016885206	18.04604842790773	15.323243365751946	36.169337237090716	4.441926217881869	16.888907718586406	21.43946862896458	32.64862454246165	9.200548333982365	32.4468860276484	8.427331292781606	5.543134454554374	10.980625193245677	14.218572262236384	12.660065656969984	41.88122038190033	22.21014622672329	18.97277777719617	8.168225115044548	14.538969383171391	7.472544901451492	19.40618513748998	25.334007356712917	33.88018115489768	34.18786278655928	20.129252752759754	24.92582352769407	19.84224730829229	3.7386351164477354	-3.8205620182732	5.654699585369268	31.927037303735887	11.161851456966875	31.09672423746038	39.61231199463173	35.37960976990378	0.11679257098212527	30.942016120542895	8.60247013772682	6.5494675257594785	26.18028401832927	6.489195441529303	13.202632691718735	22.21077131911935	37.55984003517687	12.305253380235504	23.46147734625587	3.213360010561897	6.335819074548221	-3.903718699892049	18.271611799097812	35.88646307241208	23.021467220536433	2.668174419375431	-1.1895754001274177	0.8748976853337782	0.3343818714596324	27.716596064529234	12.898815844845453	3.221448074606729	13.772746750702183	15.020826249192856	26.364778952336668	22.528573824151753	17.00787889530201	7.965244021606946	27.698957173350472	30.84286922155304	17.889401776864453	9.113914031642567	15.751786703611138	6.080133686027772	-1.669401372967648	-0.9655949885223694	25.828289404341913	15.870232969908043	22.219818867220223	8.180214598378944	14.94763649439112	-2.498823752728894	36.032976682197756	21.85774843239425	32.868450836686435	32.625293021312295	27.222664913193476	15.21811007691358	17.834105638371277	17.02596408939314	29.939269859328252	14.745847793734473	36.684559234976696	16.805403744006547	20.009184533631984	32.81152977865423	27.890602992312743	-1.229735628050629	29.762789161516547	33.963675155249845	23.875588962837316	1.4926484138471774	38.498699748863366	17.30866890400699	31.0066376867767	27.413000472472003	10.981821787587522	19.451869575508148	16.56501136607427	6.140993252379581	4.431930291282498	6.726604783495268	21.44435605818358	9.935266597566262	36.339414823486095	15.194240937574332	14.618342141399557	12.075517122350144	10.690322047820686	-4.008947522011305	18.75836698500822	18.763038627082793	19.668730019509987	16.448862973690115	7.656442457353195	13.367303174367933	23.091004018053294	12.483142381651946	31.992931251737403	29.690798551975615	10.847673357529489	31.12943303650165	10.704238688937302	23.219618083082974	4.901249509992634	12.544924850366433	29.508589621001914	28.5217287862947	9.782104280422148	27.756861357930546	23.0911781998674	13.249654812548917	4.932433729726307	14.081584614447298	5.390518319387863	19.367227721164948	14.78168461011445	42.96205256921178	23.869574503813897	12.179634968289925	21.717108089863583	19.169700278605262	20.909660743847944	22.822809254585493	13.069887020010029	23.490959519182997	6.528576804275264	14.914854425648477	15.977467302101523	7.578682895020189	27.502102683958775	13.644841927765691	7.243983118870003	19.129390897781846	25.641334417065767	31.15578354301573	8.525778542464419	1.7463528130389931	7.3308444485101445	19.316450472606654	21.10148746609798	21.202982517539446	26.783698165666387	12.551163947918361	13.444718740538693	24.55326204967599	10.609480189536537	29.846618412075394	18.00851035990199	23.788083496945905	14.484128878609319	34.60898477235478	39.2785965050343
16.21460300996812	12.898270193537133	28.692005584464443	7.379318958291237	18.613317818116045	23.323037477975845	21.94623440039337	24.018507980199587	14.75038722651445	0.178817947432811	21.967431161412392	20.493062157018812	7.60087780139265	3.94676336617468	10.35957843005834	4.342491220339	14.947092584694731	-5.902720841766816	10.011970195799897	42.751729537936576	19.576845597822732	23.472761936010738	20.641724881943432	7.036273928125288	6.6290994137806525	3.0043775305712956	17.45863935411852	10.130165278329242	8.78924181254348	5.686022682385032	16.98745754564878	10.94633498337442	15.93766471391105	21.224075602765538	19.29465034174396	23.49037024046244	21.523312613028054	27.338780340848274	-0.6438555286602616	11.386570742667544	7.225149633366952	32.99050424230448	38.47536051691832	8.480992036302027	4.810702093683023	6.5683662641914635	19.026487015895277	14.489956173345547	0.9745206173795876	33.67417572796856	24.498931929343048	12.325582881786616	2.0040744430260493	28.95482509799974	15.43526974501309	18.416015441600937	10.719022412534635	3.647655654315107	38.484715094387795	7.964934365676379	11.726732189688558	7.988011397134847	24.041840599013863	12.581802439404168	18.611148103931633	12.382067792845703	15.770080761209028	5.229801212431377	14.788182931550407	4.974468055519877	13.190509147667099	6.203156032371051	35.988062165423905	17.200235553820384	0.9056375046300558	17.054518385493353	-1.2491249608853017	15.058733827936141	23.341324318534273	31.565066385740145	15.890137424010227	-5.372641873533046	28.505588832545413	31.097975491731365	8.746953595031629	31.73520377872961	29.29277205684842	19.133266323731668	-2.9344234194031986	9.614285953370256	16.515495043849267	24.425301236578385	26.274416456803124	27.111030219975245	14.44621115343313	23.809766312467065	5.803714675791937	4.79030736460165	2.266810376774795	37.62153037929904	22.083279618422953	25.87723759779248	-7.1691814412189325	20.847469929046316	4.077745581992226	17.001341570886105	30.70555779813129	13.939546274926679	20.486093060183368	6.78566414027208	31.199409219419312	28.920180287409167	32.05274645280151	18.459318381059425	-4.394738159235049	15.316163432970427	32.524801348118196	19.504792986920176	16.427481241705067	40.81582450625403	18.450393230177585	17.035755758243592	36.61251484138538	5.292058680314465	16.990427739774876	21.56664408310398	33.244591831755535	9.51513421743053	32.550864316642034	8.742962876977355	5.959357024644713	11.95391374982244	14.779588172759462	13.1070363973322	41.940538785242424	22.376366986272032	19.012398352410045	8.776393413224106	14.709967478323346	7.528888205828286	20.3078806319644	25.467049283464213	34.081516067501454	35.59583757329165	20.36459555213402	25.405974531975236	20.528625339790747	4.1113644258248225	-3.700150146470478	6.1271350796523505	32.22255526008745	11.302813301523468	31.420784740886624	39.961244026913725	35.51100974538354	0.24343714042641673	31.25481029969619	9.0850937519224	6.704979516207388	26.453554082736968	6.509246687569984	13.550637200473027	22.312282614618	37.76860930716342	12.527255279573701	24.179888968719553	3.5602687532759325	7.038857469503794	-3.614643524431355	19.32083482488729	35.9600845791934	23.776945007062086	2.9086203196227642	-1.0858891548291754	2.0781213784189614	1.589622077702117	28.093255107199486	13.259027456829863	3.3792638206612278	14.175971475220425	15.045847912619093	27.411030465077715	22.568916712970065	17.086431680113723	9.782386870336618	28.404150923688448	32.070602592553215	19.282574404990157	9.705346541245707	16.624437053687654	6.509353198430212	-1.4384870048373222	-0.5774905069934619	25.956493177300977	16.537651180442538	23.00729633054921	8.508239394993499	15.355239498264739	-2.198449425659516	36.20651180847088	22.2115836539138	33.18188456828365	32.66646359757529	27.682688002212572	15.449636001545835	18.396526902698472	17.13699855716166	30.38580096706785	15.313759273528408	36.9178461092381	16.934945079578338	20.310705162814724	33.70677092431396	27.94821186557944	-0.9458863467982972	30.113501927295015	34.118114571408356	24.375387927997455	1.9606603694317444	38.548619133044305	17.42210595425104	31.36071105971018	28.50006087258154	11.050301155413523	20.09597888019698	17.592659877928483	6.221332177237182	4.808101388170965	6.7621654029621805	21.952671801025122	9.991759523811917	36.6395256143468	16.19787473280859	14.814395626468738	12.771940867127222	11.102116749039563	-3.7496763021235697	19.425698484449427	19.365840844270735	20.424141697506336	17.092908889964182	8.040939032229817	14.43153781022813	24.000094314931975	12.589409712687159	32.24357211572596	29.986341395744976	11.489228097716826	31.42636935096928	11.021994659019045	23.760889542780365	5.901147294284046	12.983770929730582	29.69156170108303	28.900811022040916	9.791691889687385	28.898890038004357	23.693912607219765	13.892466281617487	5.389220587740691	14.96364078608136	5.627004082450072	20.24085682978907	14.904798730310793	43.30500209680396	24.010350451162523	13.256042757950674	22.63655473141302	19.80522731705333	20.9231377198254	23.26425739914113	14.390991073006322	23.62631694300456	7.0847721467926466	15.202028965418735	16.304557545041476	7.707773981881714	27.66017925308753	13.722335665007236	8.124588165042898	19.231937555045928	25.749548043162083	31.161541177712152	9.334925778262239	1.9097019850277257	7.387111853776778	19.97729519562766	21.82598716889512	21.545016609380447	27.298815816713354	13.00982872794144	13.659402595691247	24.794590241192534	11.12679979345933	30.68419043737702	18.781619512337855	24.199805997473508	15.557786530208293	34.82348416796002	39.54341578936816
17.12092150348034	13.512367498935891	28.83749812316074	7.812115090072099	18.633574063423776	24.19796720978265	22.47734852293087	24.17255578659035	14.966947103061804	1.105763950642553	22.203690245907442	20.894961698559097	7.690678498967787	4.311338142409828	11.201885213943683	4.5267757977933245	15.70254775334688	-5.545444850847774	10.820684983216724	43.224271583505804	20.20050803243118	24.03372699679799	20.951597883758577	7.276170322703858	7.012360563203755	3.216425698190484	17.726592468543284	10.407672486544403	9.00598919815247	6.1678608280862335	17.122941037236554	11.521750495042458	16.171082158675166	21.72784468995643	19.850854349068236	23.69600952089653	21.778721313020903	27.98662246725445	-0.3984049850520684	11.561085455908199	7.23758884686244	33.19963836257989	38.78420029132065	8.862991302485478	4.822496995434342	7.010607539817329	20.03655622282354	14.712707235342158	1.2566205845410134	33.71129241705854	24.672496460155717	12.53015592038448	2.0341659833557326	29.413140683722258	17.440478252241878	18.87970048129028	10.995524504169124	4.519858483359115	38.811927719891536	8.61429579659477	11.926606645031782	8.105298434097081	24.570853486713517	12.95349636937225	18.68922521405742	12.488826778952252	16.235370745496642	5.427151133995126	14.830773359783157	5.384734691361339	13.255179824004047	6.360526833227569	36.785920779449945	17.474898186425072	1.200281986641704	17.49828354604506	-0.7503328392897852	15.461365475679344	24.247558726479202	31.83170118050765	16.125060600366076	-4.838626654083345	29.670789683169964	31.255965995707655	9.706814315617297	32.301029121938996	29.42713054386355	19.5268634827341	-2.8138073861893824	9.95488920164261	16.54802390884937	24.61141448062713	26.344214533609986	28.056191654406398	14.567408776018663	24.211630574091718	6.47304330330381	5.391636036152245	2.797463225506988	38.5045154298297	22.768530513303098	26.1804933233575	-6.79955855665979	20.951522543659486	4.615151068166001	17.334482919995494	31.12400749170323	14.134879289724843	21.110455820145095	7.783176337673555	31.56433012424228	28.992607284477717	32.27216083994487	19.330031037027684	-4.008747758434737	16.05627982122708	32.69001377529477	20.124458908946252	16.695625101811043	41.22160942031108	19.488903876929978	17.537990111639605	36.743791653733325	5.739894690257459	17.610365212116925	22.21954909776843	33.64629014451413	9.582367181446394	32.92286396419978	9.50465181292196	6.215246732188227	12.71995840475251	15.080243403309236	13.121586407149294	41.96461173934765	22.613921535773184	19.109122591653176	9.040921992129563	15.132503214162755	8.49174241443449	20.923869242206095	25.956203999257923	34.22114381154565	35.71187788513354	20.518088150648833	25.651011466034223	20.858442244364674	5.292914002903929	-3.610538485374444	6.986220602066935	32.475324610335996	12.874057593840336	32.636755413497475	40.450052028904196	37.34031160741114	1.002380819765073	31.455768641618796	9.916411116791599	6.874174462838904	26.947224805479156	7.52467218681553	14.396531555800019	22.440548511007606	38.46820525430933	12.77485993603699	24.236475157900788	4.791135953024201	7.359407960098957	-3.0444032084859614	19.770685434528698	36.52868058222383	24.0052870885963	4.280395695351602	-1.0263715454254365	2.2506435799612308	1.882005194942555	29.00784937659352	13.79633578143823	3.488236986229726	15.964156287926249	15.525349877543464	27.74353238889911	22.880718074809863	17.639554273516264	9.933412795439239	28.596862597477344	32.2204928724438	19.482438039550157	10.464868968800381	16.943514693950046	8.037122717864866	-1.4137396777759335	-0.291254732472897	27.99927840857	17.62589889334556	23.690052323973088	8.700937542097767	15.833179279957594	-1.3496897109809824	37.582930415066734	22.982080519765343	33.4776032484693	33.19737403341012	28.191938920575033	16.329065108565278	19.36659414377554	17.62479382233147	30.750363656787925	15.558923882215955	37.15132026809763	17.047802946177512	20.57158610154515	33.737496692313385	28.144146251533453	-0.4619242069174764	30.497572521118173	34.18479635551669	24.418473815389103	2.331791521991502	38.91676759371699	17.67866805607456	31.610754635367503	29.19013253822363	11.755475030413606	20.182882975057815	17.650765342219202	7.529006781015508	5.268689728704446	7.832072814973473	22.932618927370413	10.098922634499052	37.24974477971242	16.466309756400708	15.914242793595653	14.459903608406707	11.628101358444521	-2.613519722578385	20.27990843326082	19.86904950631486	20.480423603000354	17.990636363356607	8.177847051239306	14.475532055122931	24.15436267820916	14.705207466816164	32.345258711363435	30.18524063866149	11.533447092063088	32.378980245521944	11.782686286521336	24.001537666746668	6.354583006330192	13.35400007254197	29.813182392505833	29.20326477634452	9.946026774433072	29.105092801135978	23.76874447066946	15.176168559390966	5.469723110642906	15.735793397131227	5.702990694219371	21.719338823397468	16.119048422443694	43.37810627337241	25.132568156483675	13.451039625510589	23.01622200073752	20.6317309803726	21.383504427245605	23.494095586700464	14.831193359960857	23.89146499076003	7.300532773799946	15.898155457284721	16.80031268839778	8.593106184160012	28.158770435142515	14.89189886302771	8.265323679297317	20.456177248444817	26.15457011735901	31.602267094357103	10.641680083585575	2.085486076010428	8.552120908596326	20.02276467812576	21.92091257573177	21.957861186243317	27.910503179516827	13.13199719310082	16.110336205751967	25.723432304686323	11.26933223582963	31.480280670777677	19.145308729437318	24.94489629553518	15.841923309429795	35.0106457937825	39.732058872419394
17.3295656724295	13.552453811042659	29.241306806092037	7.994750510730683	20.496472507460155	24.72070818118614	22.63256973066073	24.83093052306049	15.450573024481846	1.4761392448324484	22.866515519314667	21.099241144557613	7.8731627308007175	4.938479607160401	11.417975406473053	5.498633302252294	16.3652794902351	-5.437846977569868	11.124849867975188	43.27657151963837	20.345502788334226	25.29525571586764	21.782466630422096	7.633069027746934	7.174833523118106	3.324211699340972	17.79840336206838	10.643506269931311	9.263301099453374	6.429035641876616	17.332239146432645	11.655924866278701	16.35431675513112	22.054735702421535	20.852034543588946	24.7660955443177	22.923946768455746	28.078529724491013	-0.3163349116447337	12.412872889099278	8.196105216352088	33.26413854500209	39.05505779277444	9.080048036149314	5.923036110536883	8.00153359780532	20.161616036152118	15.08578124741703	1.3918741528619176	34.02123319047014	24.720292140311244	12.595408219793672	2.2866753084182534	30.14971159564872	17.65036582241165	19.628987376578436	11.942732477814612	5.0698862069007715	39.08326758918615	8.66628883193232	12.106615978895531	9.592118368324927	25.03982780078646	13.352037472159386	19.21874374324025	12.745573516542368	16.48338235291211	5.52293932779508	15.106601696482402	5.563914783604932	13.635830601096126	7.832703529044946	37.397411254195205	18.54155289990888	1.4775121103613122	18.113088228556954	0.7864768384008497	16.414717201360418	24.534529286038328	32.14080520390757	16.43291936183268	-4.455281945454446	29.778168550951225	31.411855055758807	9.913481429468263	32.55858786762258	30.381710436611737	19.680694437943224	-1.9746038706008386	10.21102256569217	17.30708636777537	24.659298547192932	26.87692600003463	28.16597876591345	14.752888281631106	24.534255598969636	6.900935855249262	5.557481977036943	3.5670160058812606	38.52951006494846	23.12395707970968	26.778147848846885	-6.29873027522665	21.22033421365568	5.7824277799080095	17.97732771348891	31.13652078802331	14.525543544359	21.291180890159968	8.29686516033022	31.6851488654267	29.800945900357817	32.67833097740609	19.759104927266755	-3.9313131026070662	16.937101092575006	32.801542923470556	20.221957661801817	17.185152785425448	41.93586248230977	20.37531256894957	17.747442338500328	36.8005432629624	6.074861181156298	17.787316376110372	22.323957165229327	33.749078479615804	10.777290583752372	33.49330771452062	9.627553468454792	6.383588229619979	13.091633716798043	15.447833154107656	13.680549261941257	41.99713550143683	23.281858787970624	19.55108066229118	9.266296833124676	15.575308693397425	8.563383421572054	21.40165119133741	26.572429272861076	35.211493121798114	35.76060478095087	20.956343394751098	25.87106612404843	21.230024114489083	5.3635302058297185	-2.921397673853697	7.152781995852658	32.70553019531539	13.083422778566101	33.17655664686354	41.16518514299189	37.3690840718336	1.6342719903281988	31.75514098241726	10.71108448615955	6.936262411272043	27.224119197838586	7.576761225019387	14.555265343794321	22.805794568419163	38.54557381242589	13.61684566803684	24.499556206445437	5.170828498218986	7.482967987521132	-2.715922853402905	20.91396329120451	36.57245072448278	25.493604730210567	4.870944216454331	-0.8269917920615047	2.4360706415645716	2.094758679610411	29.685899185978876	14.061281810340938	4.198779150910864	16.180743228865495	16.226912538719734	27.988598533561664	23.273250297088786	17.85903024811901	10.405632581985659	28.915943907057162	32.54296377410789	19.782415733426582	11.255160065869902	16.993498281408847	8.244276849123983	-0.9294026367882137	0.2588055693134478	28.038105613292185	17.65731608341892	23.892126214409096	9.238775699369256	16.31625304587856	-0.15720241938665572	37.747986957673234	23.484977568717312	33.512395336819154	33.41347392345025	28.43325585085453	16.590683284905747	19.3738286340367	17.74277663430094	32.10426058032697	17.059151680848785	37.453056666088564	17.500354647959295	21.237712936236345	34.11604348912881	28.91570126017865	-0.005084153745910155	31.233533935094847	34.74876078574636	25.221348318501544	2.860496296867468	39.31296867764475	18.255704534274606	32.365457369012184	30.063524319857876	12.155219018170744	20.35327919151566	17.932526308581558	8.507432541087441	5.512546039335374	8.24612357570749	23.878697237255743	10.719634638945447	37.46695640039484	16.77185624030253	15.944062066853343	14.96359225664857	11.721345585174648	-2.4319344818563033	20.3863368860025	20.330800054634405	20.811156203893812	18.008219270416227	9.091131102323548	14.501499270801347	24.192483651335632	14.845032022604403	33.0879464500427	30.36809186177617	11.831044111136015	32.65882763412988	12.816302063097	24.443469746203714	6.656045981508418	13.963534461926647	30.38434416768159	29.77934192571432	10.284189553561687	29.36562352829201	23.88386299695265	15.29313565558249	5.816263793499531	16.102765732968873	6.048575833558939	22.366171683825048	16.610891037285814	44.25152017699438	25.161476626968167	14.347115048634876	23.1386611114909	21.273584690124963	21.461096664735404	24.007119858109615	15.021518574861059	24.83097683631766	7.521139463768232	15.998431198742539	16.818464301204884	9.108447892887305	28.28346393034827	14.956623952808364	8.800585228733794	20.644987280037885	26.239427841925767	31.8945002783431	10.813687675202337	2.5903700601342154	9.27890591116935	20.98364722047504	21.960009925772862	22.204443697932188	28.393021723504432	13.404976953915783	16.38941669646081	25.771236011938687	11.560751002536932	31.72107991545951	19.382564307638464	25.20072198025102	16.217424467718434	35.32487727667296	40.183253243862424
17.597764046199178	13.661482579799912	29.828753723345347	9.07353175215126	20.593806378968097	25.08474652290001	23.29155025767484	24.961499002555033	15.577818003344309	2.1230084477700077	22.960486835490332	21.438018163619496	9.100638561979688	5.476449309123433	11.874894641035434	5.666849479535633	16.466685481916027	-5.026459522249214	11.463881290707597	44.297185236665456	21.26902274041087	25.67691681479354	21.964788681720115	8.144549905417662	7.18471840967422	3.9882051146623083	18.488765596355453	10.736851681272908	9.785554055614801	6.720152760346224	17.994017646971457	12.061692534603527	16.558844908987478	22.42606337102169	20.965247606671646	25.307145974907318	23.16658011444223	28.71109344577916	0.5202669490574761	12.526849724177525	8.578704774366871	33.86259949950933	39.429409677195714	9.217193668575575	6.974303238783024	8.311389058631285	20.660457592634447	15.343961207114743	2.186932721021033	34.29105572392698	24.76334686470267	13.423171563569898	3.426732602618965	30.454110125726633	18.128415771738158	19.642498377176597	12.081209223790571	5.281407010520933	39.190155079324555	9.463245786612491	12.67349733918397	10.58554777125093	25.43499814044195	13.623564160913322	20.110084857039908	12.76108009617889	16.65912671484683	6.467877384799044	16.668235596872417	6.088043447834151	13.788912161647833	8.57751389038769	38.36658076943888	18.83376953833906	1.5408420342472258	18.333023497616097	1.1988823865747884	16.71163118060774	24.75168757437852	32.18474436573534	16.48426453450235	-3.861616464753692	29.94014433363869	31.674587101395364	10.242070575246794	33.12488970512103	30.641106219979296	20.21787350832153	-1.1214235340201553	10.34246290572575	17.680291536148015	25.22799255370631	27.078357539050817	28.47446837581057	15.439753010598983	25.688474491965195	7.167783312030327	5.962159675306381	3.9432023480628096	39.56072093480128	23.931706972103093	27.22668366035284	-5.680099092877312	21.906846273098168	5.837084312386714	18.69451930214304	31.388030268067105	14.740147594265073	21.5773986391116	8.339921822617145	32.38568861532651	30.48772510908579	33.70560552503051	20.55510348600007	-3.5072268620244107	17.437786894835416	32.864317659183364	20.658371493695114	17.78689220694291	41.96182854936333	20.77473198551567	18.414127142750818	37.16375713679528	6.586922579834387	18.28387377074789	22.617018408138662	34.883509406196914	10.802815913375989	33.84426023956005	10.21037876366347	7.011142626476123	13.286890099166676	15.82332567224146	14.19961452682988	42.05417893990458	23.651713460394927	19.78633006525359	9.548739550576279	15.833109710285951	9.454637711288658	21.69100918088043	26.650408607102424	35.29856319658564	36.04313894696723	21.317975427197364	26.560196954871138	22.813408012663597	6.39750805036597	-2.5608297745458426	7.488584042999149	33.17032349169137	13.236994273695808	33.178463828450646	41.27260317369765	37.465692927071785	1.837892766272627	31.770763023086715	10.7605705206603	7.6218194049117365	27.87574601541554	8.830858463657561	16.325851999818035	23.87030792098603	38.86574996119699	14.323229230218347	24.637377362867642	5.240010601111875	7.812253178113531	-2.053330675139574	21.80134107249996	37.05308449962153	25.82311990078061	4.897837903561451	-0.4445079405625166	3.0073003018333586	2.5400667742834893	30.479323340767174	14.460865635041436	4.510783418119167	16.491470403942184	17.24489471948657	28.241147013616384	23.300585215494753	18.641301607814963	10.607209701498132	30.084327307202088	32.81616941280492	19.88235603038126	11.508957271479822	17.37488019810042	8.560874248042857	-0.48971771771708755	0.7971944783164302	28.51903777686039	18.183157227064736	24.100196888699188	9.362817779554753	16.429066414768993	-0.03747339264703483	38.28086622731466	23.854378521159994	33.75287046231152	33.717543788264564	28.619026776313913	16.92878296186589	19.479459692292316	18.115432474622654	32.582942420873714	17.653911383083056	37.76184090773389	18.093515951976574	21.307440083532423	34.27923460184589	29.49079736236177	0.19948641332785944	31.37544120472076	35.48501977208814	25.44242139082238	3.3666112427830384	39.59202945016679	18.541439560664827	32.50341897052922	30.120531768317033	12.3458294664619	20.790547135110263	18.06731960444459	8.939922264200357	6.244273813381903	8.33280996835991	24.101484072215847	10.980516928662034	38.08616565780134	16.974487039103153	16.335971283041605	15.104861383799724	12.3616682360249	-2.3380910416581218	20.772427005641433	20.535037936517806	21.749292814184578	18.380950885922257	9.375691373432398	14.843262169605019	25.137798504695624	15.845227962681616	33.149235831721	30.7493360352003	12.4010559804046	33.16801245176789	12.885242457506356	24.54254848935649	7.252701175546534	14.8340641230462	31.14180025443317	30.214956345061175	10.498649010467904	29.426659821027908	24.139448097959757	15.6589297430863	6.213329288366141	16.6899561710472	6.96461826457882	22.424020167166052	17.01276496603888	45.10478259807289	25.904402878846575	14.825899794214303	23.27300960708569	21.287775746502014	22.25775998736961	24.151435069152836	15.153327776027966	25.22557726938877	7.932025456878966	16.176426400949826	17.21263201345344	9.710107891024595	28.630586467900873	15.039466302207874	8.879139788977609	21.062344611415508	26.488588745421143	32.00608594644406	10.986005642413096	2.908058031223429	9.68327324903239	21.34072084362148	22.345737145861182	22.541780966747638	28.629637276076448	13.64740134805596	16.51552799314878	26.715200138923375	11.721829101483122	32.01271930261562	20.08142792002414	25.277146394225145	16.606284986596773	36.66034899425339	40.258443949487244
17.965944280928284	14.002454081828226	30.54015378633082	9.305725861387625	20.966757901748252	25.157650517652904	24.27328269688145	25.9285157799064	16.789793173892527	2.35135832412029	24.038110802827536	22.157139318575037	9.57006329052859	5.562592629815541	12.204112941817085	6.05657557710187	17.51586849588468	-4.587119886542819	11.821606299807394	44.40876525322748	21.55694732993481	25.927404274417675	22.960768591334368	8.837501318847522	7.654015027814784	4.295641470046087	19.47840454811643	10.926078293610132	9.8125087284046	7.242667899747347	18.07203092364601	12.89868500186736	16.62446147994493	22.73733803474607	21.470891501428568	25.352230209388825	23.67522413860021	28.87751282044137	0.9228957870270206	12.664150527835954	8.834482415684496	34.2382296636511	39.71910430735015	9.360488711529987	6.97884725367296	8.793614301662384	21.01596329600541	15.401350684499787	3.445866523220699	34.48471743736665	25.406822109727308	14.192889499456907	3.8572393091206783	30.5921527025378	18.27238483441523	21.396879501612123	12.770540630319932	5.772132363210818	40.30229955005806	9.534133085244061	13.01633287737657	10.80176761545916	26.27786173118042	13.971873227803838	20.19291114597526	13.327561679458901	16.944050204587384	6.570823983226483	17.09546149998905	6.221725944929847	14.130931473024088	8.75036426505714	38.776561701228246	18.862120554626383	1.7239747575878435	18.541209438394887	1.429590685442215	16.73247769137301	25.061823543001758	32.542570903096504	16.75555776900826	-3.108042027309088	30.268329665878845	32.26370237635549	11.005889129534486	33.32466990160211	30.781434464620332	20.709648835183568	-0.9091790131973873	10.605842881023017	17.79076929200023	25.575315980138857	27.203562115268824	28.77095663958358	15.843960558155084	25.741868948020898	7.586476224117111	6.13274550914238	4.181895854463051	39.99031597695233	24.041524603304122	27.684355345126207	-5.472036779210967	23.27650696902373	6.439434401804487	18.792763997529278	31.72314583260231	14.995008143071649	21.698529793575464	9.060420288689873	32.622176236724634	30.900871078267567	33.78669006152033	20.70672765396273	-2.4868432317195537	17.9708512273521	33.30507574222883	21.980928604434485	17.99351996065313	42.084547207624	21.177032624303276	18.423823732191057	37.27674083026021	7.201413640086497	18.50678233732309	22.630305917375313	34.933372917629484	11.424611080969637	34.60028817240237	10.29071287952751	7.404718400808102	13.603875627023285	16.117608159102705	14.69294595551126	42.424509378392926	24.315643723255867	20.09810063969111	10.727205433917785	16.022174923014433	10.32895053635442	21.83045375450477	26.66476067150673	35.46850863692576	36.54614667862139	22.600001560091293	27.459637165228106	23.048570971352472	6.799508642683007	-2.311262444829962	7.692573632356169	33.2689356473335	13.323495589558242	33.96557449964412	41.73807581274236	37.57812075428217	2.4737744688392107	31.982806568071535	11.527474017561941	8.200021809219976	28.556855141248178	8.858144467161186	16.648354295424305	23.904751607582522	39.06690403498089	15.043039486718643	25.929728295731135	5.868612525564341	7.978531649804999	-1.1115852051405928	21.82979545669502	37.859395029652006	26.073756825347537	5.1398937354116905	-0.26650275286652003	3.4351925564639654	2.7273387380168588	30.917896638505002	14.966277882759812	5.186351687360225	16.649556471579416	17.63000086606657	29.227706281236294	23.807231272712077	19.051691293652517	11.669448415038078	30.48156446280014	33.05739535302741	19.944840761148477	11.710865964882453	17.787679421376964	9.158008682760048	0.037504774640428944	1.3037986177139962	28.62165704073879	18.24545584990561	24.234072354371516	10.474628523723498	16.77023237170047	0.32488577981427014	38.43720421673032	24.20252666082905	33.946870052748785	34.149047823286224	29.435162646231078	17.67456530993196	19.744547906988277	18.979192803679748	32.89330039299216	18.241547619502146	38.5562430938345	18.906358069836955	21.650775362895324	34.64433963912455	29.62097273300295	0.5054364528738121	31.652132992882844	35.57269286442294	26.017385878600063	4.575024914434975	40.357647622302224	19.526493419067958	32.8488939670519	30.42280025143474	12.993364464081429	21.110555540714266	18.703735026179224	9.51359179869331	6.329402102995263	8.713167889977486	24.271685179096583	11.65049674385302	39.44664929256669	17.743697303715333	16.592925558373057	15.696048292666838	12.525167131173763	-2.249662634272652	20.957241194341364	20.628059433870543	22.17185586810916	18.571344044134957	9.623461660382134	16.04504726953903	25.306885892275865	15.99950081118596	33.46483489934389	31.08916017168644	12.829184817455873	33.25821772687573	13.315134750888594	25.754970036162067	7.665070396428196	15.062308477710197	31.2807057355713	30.59254237892317	10.886163420552545	29.80910620302091	24.720805822780342	16.154475908306637	6.474356747355242	16.788420765252024	8.013966741621257	22.744885728259163	17.69440952729272	45.32764320144254	25.98803199008821	15.077624224785529	23.69965804650907	21.571832329168664	22.844344970124254	24.838866615034	15.485091276882748	25.496844324494475	8.179555300560958	16.30213824048354	17.428086511595588	9.786866820049664	28.843932835005145	15.636369420357719	8.941354718335976	21.33291096591964	26.768794142560992	32.21382004636501	11.946394213931411	3.2036319600357874	9.804256887297418	21.438998474564713	22.98642461402389	22.740271063465705	28.750282990307127	13.719868875848134	16.5788776908838	27.14198966236198	12.859588773011891	32.30880595181403	20.3170681568011	25.958327822224284	16.75907443729136	36.807163891133385	40.657276497756385
18.054471330745507	14.610648331761004	31.36578845260334	9.735745263975156	20.993359347937183	25.302251374574237	24.481534647801404	26.316552468953287	16.869238746213984	2.8113473609278143	24.23311037885446	22.270976054918506	10.877122182003099	6.821358606500917	12.467913905934312	6.545221293969647	17.905064419146598	-4.158162552715982	12.10198321676986	44.74674481984303	21.68791035471347	26.398855203735465	23.218895274606368	9.206712275091286	8.59710979043357	4.401878167028474	20.303977555694612	11.31861744585738	10.53990932269067	7.749804196861265	18.420205856527712	13.677659036364096	16.951569331386104	23.1173299558091	21.733689151476664	25.64617062968074	24.069778674254795	29.39869830185121	1.0579552288868557	13.12180790875485	9.016769931045456	34.61734458392775	40.33370261947176	9.887684456897107	7.320129457498312	9.3634269566239	21.19076769865864	15.564501609931266	3.9593952345535093	34.53190638708504	25.6119661945392	14.699119599856983	4.331706523989905	31.013906446630365	18.4356968627522	21.78269298037363	13.211609801000082	6.100138122151696	40.47396984935813	10.140918232185822	13.42321012210799	10.958352596264023	26.48397171063049	14.449177216342544	21.023231646254033	13.432748314584416	17.78889251300756	6.972629165680019	17.28299376587248	6.566000973720237	15.066784735331977	8.924101522622832	39.307969508457134	19.08343841499778	2.215675238530304	18.666366707394438	1.8005982001518994	16.933989868186803	25.302748902246915	33.538391647960225	16.865512446358462	-2.7383030369950805	30.86540164771667	32.93556412560083	11.992914075076024	33.833625522438304	30.942057249621946	21.182887185714645	-0.42403419728356395	10.741086105929693	17.95877424977497	26.346014026228218	28.54398680977088	28.957727341497353	15.974589805736672	26.26175295612477	8.516423809164014	6.481662495588923	4.528714775257689	40.077506961073354	24.36507763869378	27.79657246127356	-5.145004145469048	23.33489939071939	6.693315478531765	19.419310466949867	33.00189931792598	15.929709225693461	22.417553905690074	9.411849549376226	32.75618420618879	30.99662483388454	34.36646640225982	21.08585807935578	-2.082286438556572	18.499695667839106	33.79774632686259	22.975308205351137	19.047076446946544	42.300796870966394	21.678443257782995	18.51218227079033	38.35095608841444	7.562703133685726	19.352566582139318	23.33234842841063	35.869049185915586	11.48243393967236	34.894505212851705	10.539000440740937	7.822415363955291	13.921366702457572	16.562873281755788	14.783004854182442	42.54830535296386	24.44979945387603	20.648443813075296	10.837324855036066	16.132420508513967	10.421073441790663	22.190014287155687	27.507705673869317	35.906266799468035	36.88064280362458	22.903527090904007	27.579522605434402	23.226552587408456	6.888556269930586	-2.269963693995484	7.821143352229472	33.42115067319921	13.816593083314663	34.07847771951631	42.766328598369746	37.63466448591835	3.1676001825845597	32.18397994220681	11.607073041442481	8.447852906317195	28.60838984600576	8.952403282278647	16.926203480236783	24.359356043606144	39.87787382977576	15.087198304256118	26.23408038725027	6.231200993151831	8.647749087720369	-1.0533227313840603	22.02939568366215	38.43116914061045	26.509950761967794	5.2574086631305645	-0.08731852973759124	3.7023270606349516	2.7801996132733775	31.02649749184997	15.268739315275607	5.951283938007024	17.129343803963494	18.276102474324237	29.380017997905675	23.81151974748087	19.38127076773203	11.855058849613041	30.664801171499825	33.35568855188831	20.085014474400037	11.89090940919271	18.28747408265968	9.51479139867082	0.60703041205779	2.340225466116999	28.65167477605757	18.34685035132712	25.186942991117675	10.593021275530937	17.07703823533347	0.43201948596133116	38.84321520843729	24.31631714021479	34.709403986961256	34.7368096886558	30.17704044043977	18.085038540238347	20.59312318676537	19.103433430479612	33.2240930790467	18.44986579823753	38.68704494531584	19.0436828502056	22.45385569973897	34.93407277866541	29.747079224734136	0.6082570527487767	32.12016982509137	35.63897896785743	26.328753732954706	4.859521316290752	40.960930717939384	20.013773556487838	32.9689593330392	30.599403243585655	13.411821019019929	21.308839096909207	18.839812853861247	9.994021126254518	6.736251258002815	9.255376858989825	24.556574743661614	12.142157782986542	39.4724309874137	18.173752994274878	16.72017254899083	16.084555360163346	12.908384763555752	-1.0114705883115593	21.942636954992288	20.826833544490924	22.786871911891254	19.87808160403266	10.4288423159378	16.308600103895554	26.253678958687637	16.118547025924077	33.49571773462733	31.4536613493697	12.892879343339592	33.46663318460787	13.467083144519227	26.210095451806826	7.7905797164062145	15.86418078333022	31.400045791965464	31.234337765770885	11.145933312201578	29.987336072754676	24.932760467926997	16.479837041843364	6.7613037141468775	17.283120951392423	9.557488402293234	22.985948935045453	17.773323518170336	45.47679366830547	26.43263311030844	15.498957771181765	23.778320007612216	21.915321486391452	23.586807573186448	25.14645696234122	15.70474179041604	25.62545036225217	8.591599478659523	16.499713742383186	17.593840918366997	9.942608148984613	29.09342928716672	15.82951683639826	9.267377633772886	21.63337576847806	26.85443907993436	32.610947269750746	12.40158433962871	3.99468268428815	9.92466300372383	21.643550046255275	23.605556865459807	23.015851235182662	29.230690125356716	15.023929537424483	16.609743260117686	27.48246364319651	13.11265451124022	32.67698890015895	20.875172801546324	26.02546412584941	16.996141035647728	37.71877882303837	41.17847199518907
18.757086358836233	14.78047368096648	32.04301793234638	10.788208235217091	21.072298111659123	25.780254385164078	24.79802523240087	26.62953778906993	17.327799311009493	3.4949676504154343	24.45555205978722	23.03807794547149	10.976644780919774	6.944638110669181	12.548397910424047	7.134215255718256	18.85311401939823	-3.6371461469238016	12.945069225090071	45.32167645206983	22.035281135028793	27.162836078991358	23.45905830622437	9.810031036532907	8.981365717257987	4.51907720478904	20.90288367420759	12.277257360990458	10.914517740937335	7.796080923122714	18.97410757303504	14.04517682334322	17.253581151560002	23.801370147680245	22.0371991828371	26.173751055180453	24.09558148144427	30.000436127809316	1.9698424888717219	13.167369009951118	9.329396463333376	34.76562100469803	41.04123119220383	10.115523426476452	7.351016701376176	9.520373021100001	21.293290185223928	16.531768105059527	4.07896298515965	35.63786181293886	26.57823851597488	15.125779340807114	5.114798757754934	31.631581409864133	19.213709387955756	21.994334508957557	13.340863730051852	6.506337871089673	40.72495996454564	10.861859638010273	13.579124948993018	12.011169986064854	26.707773550831597	14.805872462237279	21.141424874020927	13.96053996529315	18.056308923689834	7.227829977633551	17.83253832581868	6.722138316652894	15.178322014936796	9.068654214421862	39.6224281238097	19.44800594692391	2.572046363293631	18.988761836711937	1.9041211822235322	17.00681754436823	25.54590804664136	33.930244593648105	17.43181920710371	-2.5430994789794745	30.95143371245059	33.43638301435022	12.134561255643952	34.45972665888247	31.230950034663785	22.120685743946723	-0.3586768738470531	11.284382304300154	18.255360673485864	26.686899517193254	28.706041842944806	29.01828378090365	16.098006646048454	26.407999321386917	8.55451393033839	6.753505919743981	4.539401323585473	40.28871718349653	24.509753965521675	28.482997627656648	-4.925509963992037	23.744216440192808	6.931934442839002	19.971212877723072	33.111709726323745	16.485036944531018	22.97694459828086	9.855791326535929	32.90872829251566	31.589438143168522	35.82293778506894	21.603294903448027	-1.9555295927422849	18.65592112842855	34.03055779988669	23.559727032489036	19.402819375998565	42.933775876373325	22.55980530881277	19.078948186987116	38.41050142742315	7.840974907562107	19.573072166492494	24.25570088452416	36.086871136601154	11.507514233398737	35.39143440290197	11.007558104151522	7.828202386401679	14.213241853393823	16.909400814429628	15.133860564699415	43.60309451953323	25.216626205091842	20.814347480862942	11.085657236956566	16.730125239331503	10.599349252468363	22.518573902914788	28.3835334986968	36.562430235314814	37.063047125467115	23.49711033431366	27.826176794252078	23.411258435122782	7.413892000365417	-1.8058035012901619	8.438840940981953	33.493317365709125	14.357951577734063	34.521268714905126	42.79992780621593	38.512795759178786	3.3397795121665097	32.20139698979659	11.629235759229756	9.532933182657125	28.63028554238411	9.887991424032114	17.180548472547905	24.56354906635899	40.11071509332061	15.4163813598679	26.464167632825735	6.588752493074947	8.818854528767412	-0.9960860455161649	22.164877732610734	38.77552599128455	26.757232345925136	6.096012335785561	0.4736396565675971	3.8817915955387914	3.5769560590787375	31.64876231428332	15.818246811127066	6.187998569761279	17.61338219365562	18.340599153015507	29.627213668974075	23.951219878846814	20.06731294281978	11.88798487094174	30.82450531558486	33.51714120118766	20.681407233178064	11.950993651917871	18.341937410895323	10.528723493212523	1.3723865953321306	2.4617612213164706	29.620029203576156	18.548725161503743	26.153269983507144	10.939141111434967	17.155425730768403	0.9308355644462744	38.89532134726271	24.95435828426716	35.09223782082412	35.574874126731615	30.23185055831487	18.388884384808666	20.755797800680835	19.789646300646478	33.577400255292076	18.936181162020993	38.877717383801645	19.08168510900172	22.47605066205101	35.67558140056294	30.18665176632688	0.928838406318658	32.652641784279474	35.90106152230541	26.87964105792426	5.339523679655235	41.56809830294546	20.27492472853322	33.59221080231196	31.391489591002426	13.533506237702655	22.180071571727915	19.093615636890252	10.115649926878454	7.171615405781319	9.532489990198753	24.68444846392176	12.562815460974658	39.61898579752974	18.611110969736792	16.84845273183634	16.417903255015997	13.535841087272066	-0.7986465680017618	22.23433866938862	21.382766945724565	23.173074303090484	20.022103440476084	10.597354534629968	16.56748235232449	26.530323128650224	16.27879313276591	34.33027224754919	31.5202149377372	13.00102832852856	33.49079216986053	14.328829877523033	26.291530548039663	7.906384186242921	16.50276471014949	31.46957982265418	31.640729599457586	11.18799136715204	30.051339456528744	25.410484342006974	16.586625342148608	7.178649068841911	17.99269831692699	9.771359921161286	23.265773326600677	17.99088193704044	46.39349360308482	27.10891739813281	16.66521595764919	23.87601930064797	22.026261012287723	23.694153167107032	25.382092637816296	16.800085166876954	26.26084708348026	9.16298304698486	16.871111370805654	18.274811456416813	10.064307766142463	29.81137340073052	16.144261075133905	9.635290231726495	22.239298023397804	27.99644840900197	32.93167470644372	12.57324710306639	4.362905292929341	10.449821203291364	21.728875891550356	23.900353821513345	23.480874641848715	29.388456373268966	15.315042312447364	17.47097518618772	27.670846816194267	13.187571589102182	32.963949177191076	21.02961184121498	26.69852196665223	17.657823212488722	37.72827718663706	41.30694323009741
19.3765356866599	15.531392708693208	32.0802360939969	10.85509739035264	21.91260848579518	25.823139777747112	24.94323387735899	27.776855197661003	17.840082410000925	4.555600593530772	24.553873245012074	23.56944830004491	11.105695474205037	7.393481820277143	12.857372941155027	7.182909632026336	18.96577861623159	-2.963374044014604	12.998085179127878	45.45331261912971	22.22517516009916	27.391943990880975	23.4694203346024	10.579945884241338	9.057090357077731	4.990383242594471	21.253733913066004	12.36562403538682	11.272985495965392	8.176582518750081	19.03605565768603	14.395626740845206	17.45506179655546	24.0653129499156	22.197724882498267	26.346058542554466	24.625384128193726	30.011596897460883	2.8045504332836466	13.491951799034894	10.139275763259844	35.03364699654193	41.36592608893467	10.300601135112158	7.517714533683178	10.36301425372759	22.24633000814544	16.67385368049259	4.123202265148179	35.940310017091896	27.36623968827062	15.407631041469116	5.214191890233315	32.32318271739734	19.364142465288193	22.015381007674073	13.416106126901127	6.564251969892375	40.94034475414833	11.087603704412935	13.831679940305436	12.077885197674293	26.858154723318847	15.34917309170409	21.223276878363176	15.10564824933829	18.122111013615015	7.4302537068712065	17.862990122972356	6.883071273113131	15.254224767156463	9.294492043964313	39.93949433686513	19.506026900065255	2.8182170980581303	19.827666193971993	2.704225098645192	17.03832870745602	25.660302973399247	34.1528151026909	18.526771565276	-2.143096698418216	31.24674824533317	33.89963121751358	12.444809374923098	34.62646152321948	31.311048009655767	22.27424389379245	-0.23656183766867647	11.7903125561842	19.321526299862935	27.075493245985474	28.739265957737057	29.16315977171357	16.545615415513105	26.62488672026984	8.838783199458605	7.623849459679691	5.002169540269476	40.45705657090243	24.76640859870302	28.686832472066303	-4.275849206062377	24.7933594965268	7.179408313114438	20.740842051353027	33.175472323213796	16.72373308892325	23.080033174520153	10.431697873243074	32.98106839807359	31.866134744725272	36.00725746093939	21.66346946600819	-1.6265937587484032	18.72673767833074	34.81112063035501	23.842643048542467	19.601885436731028	43.910211147228495	22.87470103760068	19.48573407164465	38.96228520811165	8.915118534428002	20.010928396967785	24.635495463707034	36.65839485396828	11.681729387882013	35.728575047084036	11.728906051698456	8.195595521339103	14.649737882746638	17.87932979387021	15.495260717976207	43.625921042486766	25.99036305529596	21.452223661059957	11.792140107524926	17.336833721939147	10.930475590313021	22.693542470202708	29.123824602771847	37.316033799595914	37.126438786627354	23.877672257842725	28.23941607582332	23.920753176459474	8.047099617793036	-1.4936700406792427	9.15257395731508	34.24223337224268	14.580566033016748	34.73475191206253	43.470709053824166	38.589913439560924	4.328175674470072	32.8409958118202	12.139333929907872	9.547237693867563	29.21889101667683	10.163887432444998	17.2608142808463	25.0874076108179	40.366385715926654	15.541069396488757	26.846856219638664	6.741092658898582	9.251433752481544	-0.7265063601618901	22.303197814534887	39.205368838168546	27.057501322798377	7.540362854083849	1.0833778139270467	4.002152375713757	4.001686204734154	31.727082565011905	16.09326102728958	6.937117077297998	18.1211222385788	18.693599644077896	30.089559505856897	24.135172233573197	20.747150183151877	12.123238847117026	30.95734016849854	33.67792423153534	21.058419761029636	12.310462231676368	18.370158534685654	10.664919755553305	1.6328746019919276	2.5936432653283643	30.08570107234268	18.812931391198326	26.207539180996363	11.032313906326644	17.221925701948344	2.0717528333327144	39.54662769128116	25.33427192878084	35.58403993716346	35.734669747854674	30.462233615903788	18.672915894843264	20.92620598414873	19.822557619616234	34.135197224360546	19.78820825930974	39.826405185767946	19.84824968902381	22.612065115940663	36.18829530294472	31.865636190403936	1.1767480658676719	33.08937093068311	35.96650850765212	27.16249592015813	5.568084035097237	41.61097145964864	20.90191967528562	34.49939282492207	31.673086729063204	13.596841409345084	22.39615792665622	19.96889922932569	10.301945440285413	7.6409665860155735	9.968153784723121	25.189983432354463	12.592587327205418	40.45425526466552	18.729169664497512	17.859872761309113	16.441420586840785	14.501065949772412	0.26270482965992725	22.36156749676793	21.673082104822313	23.407800801088964	20.259088849171444	11.16604851279524	16.80316220175638	26.735356215367887	16.292612022260858	34.390383694533405	31.679566835583106	14.04628327343318	34.90130014784098	14.53766158995553	26.60043639868628	8.168325120465092	17.044334647000962	31.681950166599588	32.095207961198724	11.47361977638546	30.67458514173819	26.044129094896896	16.722282043142215	7.320710540254063	18.37460993525895	9.784614317961848	23.422583438957105	18.100556149566824	46.99368543089263	27.510000311432982	16.672853859072454	23.974672328055867	22.360532936507667	24.05596844838387	25.595984637018482	16.835260772422806	27.009231766597686	9.47291740304017	17.911566667586783	18.41017183562308	10.766739337785628	30.059614988563986	16.630862835200706	10.052134218226982	22.700873249792558	28.166266988739967	33.59023517615986	12.973482824693784	4.675874282561385	10.527996756203855	22.263499028499616	23.90819463174979	23.956921731632256	30.107707548222002	15.578910914252951	17.72756509236506	28.347007378673762	13.362276970494525	33.208477481384406	21.059431779425587	27.039235440031707	17.703991526925936	37.90126349828846	41.60992286197272
19.596651447984986	15.869594429841186	32.3432922475987	11.198030460305496	22.343000032548026	26.391005291333386	25.60740471574711	27.860259614067154	17.89738038364698	4.801984131468649	25.01483330012009	23.65393239426877	11.273095468552556	7.496622900581512	12.911890016157402	7.5528562155006895	19.08812626285917	-2.4248344695807615	13.32324601700538	46.24464865229105	23.183896393897445	28.126497614488628	23.576090456759893	10.758432810276865	9.210124748167281	5.3526351619782195	21.50579265055141	12.701261891305323	11.572208226352034	8.23587422515841	19.213850949968617	14.736840644930773	17.99701811399725	24.7186821557318	22.78125694801534	26.448141760002	24.935450077771858	30.166140879090843	3.0302551414198544	14.368789774813976	11.143597207687264	35.17035560411232	42.09273962099379	10.454823253414075	7.708583405398087	10.849473549264674	22.36939249568545	17.760464743781714	4.990724948697883	36.192648734627106	27.73635912651581	15.951188469756435	6.019151488362868	33.307792618194405	19.381193437482004	22.060488036442578	14.235224913880156	6.8067080975820025	41.102977523825864	11.563317764214975	14.53382475114936	12.280456731574404	26.998964092547514	15.593152991676423	21.336347345625928	15.398773352414597	18.712938103727325	7.539660978202421	18.034632028020333	7.15580435535379	16.009651828045218	9.91467933075752	40.727743065476375	19.825880408808434	4.032046475413522	19.966823371167408	3.104031311223639	17.24745110776579	25.826780837241145	35.24588346945061	18.56428861841845	-1.8290173780110888	31.616877298415734	34.07065099719264	12.642923846744127	35.14327572645535	31.34105695162282	22.928016214244895	0.5616483304524456	11.81899930253378	19.4154595391812	27.340027745178173	28.997224777768086	29.955232937615737	16.98994661206343	26.816695564532	9.141311220907184	7.721128962151564	5.348833845745117	40.519148164656166	25.813288606794725	29.416160294841976	-4.0137682936381625	25.06292907298958	7.187890053272129	21.014011940252846	33.5330365739452	16.889092674634515	23.196362802508634	10.582868047661288	33.49296930238	31.96960972986413	36.06255281560891	21.79542237570882	-1.3506396145724489	18.95957982508081	35.16021462136881	23.90365246818832	20.022301449794067	44.12773513137036	22.98120635050748	19.80859989306799	39.00833514753051	9.03432650204725	20.581643648669488	25.25744655743925	36.86951824118213	11.84591256861401	36.90957948883879	12.312844782590028	8.963636048184824	14.820809606672949	17.93821293228441	16.079431313342706	44.07328529803138	26.32613263554796	21.71327925762778	12.359493017881405	18.646356682232767	11.52935409816688	22.875047355934594	29.285814268095436	37.48358676290547	37.62064141909113	24.092863404069448	29.441260953337842	24.323751030006093	8.30019292984937	-0.6996645398336344	9.228414552923985	34.442380006488484	14.754968147570262	34.877599687038945	43.61686912222157	38.768683567968715	4.3857188300029275	32.971103298732544	12.405150746487461	10.484515415365193	29.689178332546163	10.925753581910508	17.30600894678183	25.529550818987172	41.06173793823904	16.096476369429087	27.560263614489664	6.905982511837616	9.307531817439248	-0.027798895954501537	22.460783646186805	39.574826545767586	27.564912865955616	7.591236517210596	3.282170231019645	4.105109846666641	4.7330173488593115	31.995731083202053	17.42634142084251	7.423284645330795	18.332622379273694	19.395201296557044	30.663169226347655	24.512574684643738	21.064916806634944	12.269608495415484	31.260256080446773	34.1047310932638	21.573903882146684	12.697271892943593	18.818828086279613	11.426184475015843	1.7611404760194551	3.0943377738993236	30.172482143190848	19.301528667519836	26.917606331864892	11.294391165412083	17.701978709216977	2.1367178215032028	39.76913181797422	25.563683399952026	35.758360268644545	35.870540984063766	30.81952620817747	19.218616347198108	21.55670388528025	20.061192317440312	34.211967067540975	19.86069950595149	39.96220008395739	20.33591573567511	22.893205503676555	36.49264635310741	31.94717768193345	2.513012685331013	33.57565708790032	38.244321274236015	27.19819063365586	5.958050715073016	42.143648489988784	21.001824406079923	34.75449368807748	31.833635146112655	13.729473891449205	22.576963705611576	20.076198461107534	10.341778902736333	7.674866066021528	10.305968516962816	25.49368052290708	12.945510374180037	41.01339156872705	19.6936132383919	17.93536450955224	16.578735292356622	14.861785252584285	0.6383105741805857	22.652044721696136	23.026267275007253	24.024489350010153	20.82949668377246	11.205720021696662	16.844140287422043	26.8119418913323	16.30614626276785	34.45382441254396	32.834516804554674	14.309355669449928	35.6961694052643	14.650994469048733	26.685875756741826	8.839153173448983	17.846736480045884	32.4935444035572	32.39189720308103	12.903040338091822	30.991105391573274	26.60886158318963	16.81171435691326	7.472163767978315	18.534221173432055	10.501863113117745	23.66282549443199	18.47816778109349	47.07269344053123	27.57559251670409	16.75384438966171	24.37728446483661	23.103499856988435	24.41444894860757	26.221587079620534	16.910023190590504	27.175655905486593	9.904438560421772	18.414304803431214	18.655868361253827	11.326578038691336	31.653197754234014	17.149006219747182	10.920175398960993	23.326168215240948	28.814946165685814	34.161641531642594	13.065377110229704	5.318551779803602	11.619651247536916	22.64078464078113	24.097900339461436	24.201749248837523	30.860595960075816	16.144843355000592	17.807517329400415	28.87147801147754	13.635172806571674	33.24893696735151	22.014766139436396	27.497571535486692	18.057001656481525	38.228112763555224	42.94504832496964
20.0059205030737	16.96973988706732	33.326629584150325	11.225856607451469	22.548006901552895	26.779228820160537	25.716883452457882	28.175492835332687	18.45971799383844	5.495449065143523	25.46156137592416	23.87804920921726	11.469431513368258	7.67722511399021	13.140599896238232	7.9453241337106535	19.536051385999333	-2.226677371659008	13.503839693038081	46.65114696830563	23.20385139241979	28.3024566503658	23.823265474603037	11.015257610642603	9.810990850186535	5.75958509037123	21.9018374168317	12.987669742992301	12.321900662425278	8.846330934347899	19.43579513476191	14.8467528056404	18.23580596256574	24.852186889802564	22.87418607897511	27.003466439354	25.12671360757584	30.820950065387333	3.1498419717555346	14.925394353820394	11.325122969163983	35.28891719089215	42.978825775131945	10.600081568119505	8.502556844378844	11.305090867786264	22.655202687961168	18.40780388309675	4.999090071997424	36.614440622982045	27.915309545753807	16.05067355455223	6.078024592171874	33.647625311277906	19.729922507907666	22.168618937332305	14.542004915748748	6.997792175226734	41.40698289035447	11.62096212051928	14.616020344029966	12.84319495991292	27.718337526205	16.043408266975813	21.647667334334606	15.520890520408921	19.131358631543467	7.665069219946077	18.191718190880394	7.288122632372381	16.25839011991263	10.855337539482404	40.87167892267628	20.72454543951223	4.463161521975309	20.000248197984952	3.743088971306054	18.551966836065017	26.12145479896182	35.58649068219454	19.12144241132685	-1.2835339896962483	32.2690677295763	34.23116546571918	13.08870870139744	36.09242089304085	31.6391278630018	23.03512405370196	0.9541344024845587	12.135507134221832	19.90634907822039	27.579457269825262	29.42038139530831	30.105571051446177	17.464291787321816	26.92670936705637	10.400691219425058	7.861142334642971	5.6922796609049575	40.88486012662667	25.818163955655173	29.917454861620378	-2.9025705520206975	25.20357899172859	8.935484452654704	21.575948039920643	35.03754905574881	17.022218576738894	24.22795615949549	10.68954552998102	33.593095866259176	32.00292978181549	36.14679358483932	22.906051320383874	-1.0141337753926292	19.410332389050993	35.451837116647766	24.2485556841143	20.74535247439677	44.17574446117473	23.71536281443121	20.178167351986016	39.38130068010379	9.15509364020471	20.784467696759368	25.524489176933994	37.08824606048322	12.580007241492702	36.92196995899934	12.404904774442526	9.054825331470647	15.131348072200144	17.99116103029449	16.400866051374333	44.318151488437984	26.64567406338897	21.86662393408654	13.271322035672547	19.51655542717715	12.117434898971888	23.332562653206246	29.52166108677307	37.93936299239113	37.859971227787454	24.215766886458347	29.96601293067447	24.51955642596011	8.406745494385186	-0.42165822891975385	9.873677750046278	35.05578517045461	16.21182904971512	35.22507744086122	44.110750118125644	38.97352537150374	5.161903938115527	33.20815134778166	13.380283051439275	10.52900102466282	29.748902493183923	11.369545656013786	17.908065293408548	25.782778303105488	41.617260006855254	16.700640203411695	27.68307548807293	7.097542749211058	11.1351900624297	0.8513630971933709	22.804952379099852	40.37401369440995	27.688468255200807	7.704012662933141	4.230240372760966	4.365817592037	4.981419498399923	32.85745017810259	17.651475081918033	7.556430814639253	19.48056511853914	19.761974181043406	30.812846972514958	25.031002045311915	21.484721557715197	12.583103997193746	31.46393375791044	34.513055819642695	21.728493999577722	13.238579269507827	19.687458776197367	11.73411104890061	1.9133141024408131	3.2853764178113085	30.598855323572955	19.623558978295712	27.209927173767163	11.73670075748058	18.756498926878866	2.2981612305995403	39.8615007350098	25.581719192131004	35.79394453619719	36.36110746760227	31.425926015867063	19.279122011919863	22.470437728305935	20.687114485747525	34.61821787510533	20.017148612865647	40.56393579192404	20.86688375953371	23.401931401794858	37.30992642143693	32.46810599145866	2.6336920655651763	33.67746744472584	38.58368844010357	27.65065880795144	5.994302224880448	42.776996127056385	21.450084511282178	35.1384657292891	31.975958285862486	14.40009829535261	22.94217948087316	20.904625069682734	10.486960151921114	8.79788638237611	10.808519715808213	25.618522916349853	14.015033783757113	42.16168684468388	19.924010957152156	18.395066035654335	16.979924395159376	15.088631739259418	0.7632976535591738	22.9709139665739	23.2907794659719	24.512996310740874	20.83651712553049	12.729741121854424	17.00982874417047	26.970025662606137	16.98058798315435	34.57197731418568	33.16022819003597	15.022706511275262	35.885650074422365	15.104817963287053	27.127450468581557	9.019044341201887	18.073271239786823	32.703710922854775	33.53569865851809	13.14202701911086	31.121560291828857	27.462275877501998	17.240735724573177	7.565526085419126	18.684915707704135	10.657494318055994	24.05889256120536	19.823482404302815	48.62388908442411	27.944591384098814	17.13538962011667	24.795003926797083	23.346249643183256	24.906410311200467	26.590597960048523	17.252358923260406	28.001152934985928	10.34813170642773	18.562939363378664	18.729801320999805	11.356053189543156	31.71348656739725	17.810502855600546	11.056510026035284	23.403312080765954	29.11535363671676	34.40108592697922	13.264206443100733	5.505449572877275	11.962632801100774	22.908262413548552	24.54071897508658	24.94490608647095	31.357522313909268	16.418506744797472	18.398307230698776	29.000118390026234	13.921221979032593	33.42747511824303	22.490302091090367	27.822476221134753	18.31960657138013	38.519580383329085	43.117567895406836
20.116776996565637	16.983157610370174	33.796392160933074	11.66061679936185	22.7896050813214	27.670186649187837	26.147869709100856	28.519551187204343	19.64363780001475	5.615073313449959	25.569338671550735	24.566332712386444	11.908549245250393	7.81388001220079	14.072312667207404	8.12637146600051	19.902797002262254	-1.738991262730379	14.221781925347283	47.562122890172276	23.253014684949193	28.4051544422617	23.840363679295546	11.154694354349799	10.164334740469746	6.425008468351871	22.7343020154599	13.477288196103688	12.396710828582947	10.099228694461978	20.09921019510221	15.08448864936341	18.30453283237767	25.323191952730895	23.468644476901186	27.628582859640872	26.234961478560695	31.04947358089078	3.515570621681883	15.172105000916995	11.97465395222653	35.413866467475565	43.81582743646976	11.077731898838966	9.144266517294296	11.462255124647744	22.67022971640505	18.44051598566717	5.283245612507575	36.71153708541011	28.59219326887855	16.442803966593882	6.334280880777653	33.849331187699924	20.353623413384835	22.88433958741057	14.890901295705467	7.155704823657519	41.81143469334145	11.953315458692929	14.79501301276213	12.923863124681153	28.761417661497052	16.993939478710402	22.323206195141108	15.986346027644453	19.202115673583545	7.811886907209515	18.41160790224183	7.433232644126837	16.55993323102858	10.985600825653727	41.10592015846801	21.323727498697746	4.657161032263399	20.335649376649673	4.831569799665898	18.615686194703294	26.791509148734946	35.629181886200826	20.142326426313485	-1.088754241635466	32.32545491886578	34.34227884267698	13.276140150053768	36.175165646748745	32.64275891473723	23.05513883731071	1.5096448494571024	12.472993535842182	20.71481595778026	27.82738536602816	29.566684831783572	30.40632514171996	17.86240882696251	27.13484955805296	10.770646834995388	8.609723597398322	5.885436776388391	41.12282463184217	26.08881842772162	30.492183924190762	-2.4210159973165974	25.261850055371188	9.523245112474997	22.17832569424894	35.18823313692336	17.691250728341792	24.863999047830756	10.816451398490539	33.94631623832064	32.20460939757803	36.60089041114592	23.584185916475917	-0.6008283832855216	20.10457905749831	35.576325638131735	24.786312283227378	21.07575909078995	44.292989851854614	23.904276442549484	20.242513256391412	39.65345386566333	10.139996677832693	21.55500019020169	26.227865678987953	37.75439098882581	13.315855592492378	37.314632128280145	13.111011320522875	9.278702444083452	15.532338014418851	18.171864669217456	16.51524552803987	45.53306703149336	26.800832010847078	23.739153135554467	13.533569896363975	20.221696965120202	12.185394257909444	23.666333471501332	30.013692225077484	38.11666183983161	37.98929466877843	24.720546272931877	30.270823193851196	24.679283966728907	8.736592289146406	0.4029991487889229	9.985286810912811	35.19208510671698	16.663563539248255	35.96070959643918	44.55409094412491	39.61529498271062	5.4555238677868605	33.46455713781955	13.730136865276743	10.720891573127213	30.244371919916766	11.764770887735763	18.182975382090266	26.330796289527985	41.76104560984942	17.09207291929462	27.99398629956279	7.385936373206167	11.828682755439111	1.0727051617798924	22.93779996614115	40.57363211203789	27.941675999716743	8.001551428566163	4.397428253670282	5.254245292722063	5.724087787845647	33.062711622489886	18.158813570841204	7.984547480471854	19.574969610949324	19.991766065140723	30.914294335055317	25.19010406491833	21.70306453814107	12.594338582742232	32.12314043185546	34.70384409846714	22.117076073451123	13.365071630353313	20.14841051804789	12.22786163127329	2.571448465632756	3.615468690423783	31.354527161497096	20.13684154701253	27.508572229642347	11.964417566611584	18.894744734538552	2.651898461939418	41.20129374741214	25.90600404225207	36.3305326406059	36.547751865463304	31.81343226635279	20.07637634027703	22.906252377468295	20.976348632381175	34.86296629398006	20.327975406524498	40.679931935153824	20.90343514564142	24.241259255338704	37.54850840203905	32.641035862164216	2.9018174361756053	34.42564972398079	38.59511528262318	27.843632161833334	6.454133810203328	43.18997615635135	21.576428810819532	35.21768933593906	32.360376923618034	15.040665538470362	23.533473365062964	20.959884664905182	10.94865151849104	9.181712177733598	11.63214424698007	26.99931440335692	14.310751914480726	42.23225600748504	20.330077263653227	18.740674241958683	17.501350576820354	15.374337151678928	0.8175911975909947	23.41536153870609	23.43614942551309	24.551237750687548	21.256305395704082	12.895017370770168	18.183680838967366	27.76310383955287	17.065366041802807	34.75101464689616	33.409232014320544	15.076048500332808	36.04751381027527	15.207338657400566	27.136009268285864	10.182905925171086	18.180162514506975	33.03027302581505	33.75283387308481	13.481762364758643	31.65775862047111	27.834064504325983	18.023320532352184	8.465827278534363	18.87698120258469	10.887808870133957	24.748717982548836	20.121462503657863	48.65167594678339	28.190315915063984	17.225264041508755	25.52822424109897	24.182659470475595	25.138647497795503	26.713015133734817	17.48115694207598	28.68957190903748	10.37230827039252	18.71450018609176	20.036173711452932	12.161511950376449	32.172299941323864	18.162863721945207	11.0973428148959	23.6943381225469	29.15451530304918	34.60931540871054	13.34125448688274	5.648600424426184	12.13645902879047	23.33373602066024	25.340076614448424	25.33012850914859	31.481554128841363	18.04882621328902	18.99531008358454	29.12070655735722	14.114608839823209	33.53165760001151	22.962863488088185	28.082126984893335	19.23280344952311	39.78311498018831	43.51949643211518
21.28858891884687	17.396976268037605	33.83113562390688	12.845880593697892	23.151473292064793	27.939987634365867	26.915456963666873	29.022248500045635	19.94183170806433	5.955435939610783	25.72607760985111	24.94798959111201	11.96994989405683	7.905729723609975	14.566797759221457	9.043513687357054	19.941243801050298	-1.329635847120251	14.459897367895541	47.71385556999051	23.77493694431516	28.45086555539771	24.174901223542086	11.68802681980494	10.592430018079295	6.590734290529327	23.175371398978722	13.493277473823257	12.53858291925989	10.451199512113545	20.22465934040679	15.197258313473366	19.231673112699852	25.682104362260592	23.617094361746812	27.797002722468388	26.391720020057758	31.136158378401674	3.6083837686578755	15.924744462011741	12.971448059429122	35.948177709344314	43.92463016128665	11.315842893147934	9.544123273621576	11.831346790241314	22.734476278325367	18.486521469384034	6.682525028969588	37.30073542947569	28.741419753211048	16.73448230220776	6.398885508392183	33.98752807716811	20.6886985870544	22.912952431072743	15.238946254138716	8.306900279328268	42.149158225723625	12.032675005906187	15.314757214507832	13.030126261037099	28.902964544861337	17.15553668669663	22.52689004242395	16.359510479942326	19.302692348870696	9.196903001013002	18.775368129276362	8.820322875738437	17.248684873436794	11.089403878746458	42.08477247596483	21.906883924432922	5.192438207503301	20.490432771677582	5.1369136278429695	18.67501951540458	27.416757275752396	35.82711012792603	20.2621395493529	-0.9526130012939733	33.45507126495538	34.4099388278693	13.448452739154803	36.7721576450071	33.02864859936221	23.169748224025945	1.913182061535878	12.97559210412885	20.8967626926719	28.31422194169418	30.275346974025446	30.74572012386572	18.437814621257825	27.4598523837211	11.13508319664909	8.635256541549827	6.375136511924571	41.32270390776897	26.165949323226435	30.691850553024814	-1.509739230027472	25.646630586779352	9.702040867928392	22.322151259195497	35.26105493496466	17.71444875640214	24.895324408216073	11.674864023012802	34.26425317353088	32.280676932956986	37.156374310770694	23.827803770082703	-0.1350142308374529	20.73434303056583	35.74017118490085	24.916693605521917	21.492212640240627	44.508258367866794	24.465462902907273	20.348301015804307	39.812146175380896	10.30825644362148	21.619023520592762	26.241222427740013	38.072416247314436	13.757859229419273	38.01909100584736	14.050176784527284	9.426055670607147	15.952579412324008	18.48901830855647	16.836267806174977	46.7060799661806	28.02723889245408	24.07809462923595	13.804659351300378	20.42805105717278	12.429715105893688	24.61341695010691	30.242831449420823	38.16287019278107	38.396141667945855	24.78036511477291	30.326077331396466	24.993373115372577	9.076289738255598	0.6920123657535125	10.577663769151792	35.91754001179685	16.97486471910174	36.233394773322416	45.08066541548945	39.86607701801233	5.5401883924603235	33.71368783130831	13.960713388346402	10.800772439792075	30.48644768606949	12.040564518797805	19.07270576594369	26.40139527690069	41.77991050619144	17.274354402389676	28.0460337381645	7.520597960636296	12.21480212934324	1.220956412829578	23.208256906095983	40.59063913003137	28.16105576258367	8.316334955604551	4.478820862474468	5.560325476808475	6.102810079366231	33.307151948182785	18.34459346405753	8.597040600168434	19.754051138519305	20.286102160419773	31.24842519185936	26.471830183125963	21.95652817648292	13.448937628758847	32.291153523003466	35.13117774745881	23.433655871291865	14.09663326516845	20.21063093195199	12.615771409747616	2.582944350179244	3.6626975087334523	31.512689665812566	21.67659360410263	27.63139464707688	12.613417839204578	19.464922513029197	2.7962032785648288	41.30721936056825	25.94895623943847	36.50896251857774	38.64231679678099	32.765029898865684	20.31198609989777	23.113547296921066	21.641742201850047	35.1524062681628	20.51155889079863	41.32834538232253	21.195153645622653	24.372358994125975	37.80570468537478	32.87613362802928	3.135199365165444	34.499987660839096	39.11457888508604	28.47784782688605	6.515952080343831	43.65773194515038	21.599298426411778	35.56993436378642	32.81057840474581	15.35480604651522	24.321709527333727	21.08817855507987	11.49716354865289	10.002839606834016	12.000378634721432	27.31576087089678	14.371806537083696	42.9339344877911	20.332695112192145	19.263229840647956	17.697849207182365	16.042819412258364	0.9021761919697924	23.690742892723755	23.781707855886125	24.7380544433983	21.794224496735342	13.455691671519261	18.332398755900087	28.304614877529115	17.380709503573932	34.977630381558306	33.55444165698097	15.136453147129068	36.18392885341293	15.759552294435954	27.549962789010287	10.199274505324475	18.31970380203916	33.36716561696987	33.863876408346556	13.8336353019471	32.300801453186395	28.107822030025428	18.580212278974845	8.616841464385006	19.56215093257895	11.058372915585204	25.208349957592162	20.200128027077103	48.84151745563357	28.49358214552938	17.698066819427012	25.56050938167849	24.461678316517347	25.320139116519943	26.83685543985641	17.690899847888165	28.69398502838436	10.643447359177305	19.15493503210869	20.2784343574417	12.561995740467845	33.396343118395535	18.286199726532853	11.286500544749373	24.612521737197333	30.998929467219288	35.186568676195975	13.604831457428926	6.050485664120175	12.7228864295528	23.615512509555547	25.4996744876447	25.598254925806206	31.967223229428757	18.759797588566073	19.2279435351923	29.736564312740658	14.493181464592713	33.692101156400014	23.000710443566774	28.86434431956327	19.68209450701909	39.82060253897988	43.6733349418504
21.966449005753265	17.77724992651354	33.864501932409546	13.040201011920834	23.391196905359024	28.132836676407987	27.1552919558114	29.531191446641184	20.397227657050685	6.596193181123861	25.854737070263	25.208459274407044	13.385307151228695	8.034656642469995	14.857777317180139	9.862156892084904	20.148965230128713	-0.40368157340817445	14.6462102167705	48.651765732903094	24.370147948229334	29.788565748555534	24.335300424687468	11.776310431407287	10.61908933660722	6.7824742063908765	23.268025287762487	13.787108236258307	13.452901979109216	10.528805065966953	20.955499670354016	15.777899771591589	19.612841521272536	25.777569021725594	23.70517167439611	28.01179127524582	27.121618928614307	31.725760387478488	4.835197599396529	16.60208474252289	13.108743414720731	35.982992500745524	44.297615427594515	11.606686617335031	9.67151522902658	13.047528153470541	23.927868087292207	18.775919159524	6.902923859525694	38.14864023343431	28.987411778482034	17.050722500397868	6.543370252255821	34.09260288783002	20.728808003150224	22.949551127843826	16.07178119248919	8.519945004598872	42.333089073910706	13.045690548498294	16.12814106006701	13.200725652320637	29.150076841182045	17.262977037065383	22.967415004712905	17.124730415313245	20.06249087897244	9.530922905503102	19.219877893979397	9.0463722983767	17.411427519831868	11.278581464277849	42.12524706306585	22.472503140359546	5.488385542790966	21.20594823174416	5.390350711337493	19.853807535470388	27.571543209573715	36.076419552220905	21.04165154899393	-0.22821398583131114	33.667292409460615	35.6736355204227	13.581139430210051	36.860462292467666	33.57961920980655	23.30455527673914	2.2734558673826473	13.702894955583906	21.02131413667904	28.406561872303488	30.502693882960017	30.76318392876912	18.878494799934018	27.605277880328277	11.154744919718857	8.867658308640904	6.91448234670777	41.514085605460664	26.61285016046568	30.803673489372294	-0.8608325036408371	25.72536800926593	9.756645770117032	22.716942050695444	35.288104047854155	18.01463378656817	24.917792924860922	11.840815528130031	34.747013538957376	32.5589614374928	37.36358111676735	24.320579657483055	-0.010654640624859357	21.282660742780095	36.71864858434354	25.06294167795425	21.664789861153338	44.62458611919144	24.823217991376435	20.6574251599788	40.51295353945763	10.470290895505814	21.78223742123445	26.420692319349754	38.45113514791839	13.941846878955552	39.36346958808827	14.156132843196316	9.724229182379835	16.433447826758943	20.045717106716204	17.557986112561814	46.76686935697263	28.37668145674106	24.446518248912053	13.871789092358489	20.757508960210995	12.855709537698358	24.77421394713147	30.379472122681925	38.24728328771871	38.74307419978264	25.11257462534197	30.384071995258633	25.103217027247545	9.188116240734969	1.012348757458899	10.645268182535666	35.93881709602608	17.67610552565529	36.710758441814235	45.130609628322	40.26966007386319	6.154711456887786	33.826729270743655	14.103957902942309	11.027776341693336	30.914385099736553	12.41674716275506	19.295863335551502	26.96380702629661	41.991899909701495	17.833369809047273	29.346916224510174	8.441238930800504	12.85267840991962	1.3203443903326806	23.34820079535195	41.27313758813057	28.2640027301469	8.979626587187216	4.511105153665465	6.295598769187545	6.2103779747656045	33.425500516958046	18.348574359578862	9.067368501771933	20.02952774734454	20.75830025880264	31.473069011152425	26.770098759724316	22.51994438342272	13.636310551905622	32.375563469460076	35.35170841765516	23.440674800360306	14.834484424494674	20.817422947378436	13.013458020413017	3.735399000718842	4.18694594329337	31.905998792169378	21.99467216771334	27.834851412225582	13.751584958563209	19.69632172739872	3.276316043980124	41.34727726235958	26.802336662955387	37.17837898912449	39.825866329778506	33.28514971792064	20.837020260746957	23.45459656572489	22.203554808872006	36.48170236151146	20.83276692310374	41.561822699291255	21.42687796806859	24.794572500635297	37.977623581120824	33.45577960807713	3.354568729001018	34.561057676952075	39.13503080941788	28.726990978495444	7.218970351405708	43.84679940707274	21.759327424450277	35.65585791287536	32.89058984388538	15.552957097315863	24.428450422946018	21.853671108047344	11.82634377615511	11.40338566024071	12.259438579177134	27.366408687320465	14.460187503102716	43.13837708496513	20.458333450788356	19.614110463810487	17.708783214331902	16.528922127837454	1.4918884027803063	24.01436186837285	24.194221783384847	25.365203480386064	21.959489693488102	13.488679575813935	18.506719768822084	28.813205724873313	18.14977215718217	35.03806332043303	33.829237679708164	15.81955355653319	36.23303059562694	16.41009884610157	27.62197201936476	10.373177496369477	18.801790322831714	33.59459953394635	33.92096263767415	14.261728020889946	32.4437006428973	28.725575085919157	19.694963215577197	8.842195998221879	19.877642583407606	11.254664597540202	25.846027800009715	20.238622797780494	49.061408472063725	28.55277327210307	17.728093819833184	25.921326142545027	24.685648471721187	25.640686551728326	27.151948498028958	17.909593137782934	28.970126022412288	10.704033980840332	19.26203670415299	20.46804228790427	12.944231814928937	33.8040419893288	18.96996867314653	11.345455353721324	24.770055915927447	31.12879004912081	35.92250695682315	14.619376834174666	6.61369632044304	13.429752870690528	23.9818271468328	26.104302559304102	25.859499757164002	32.72252262152946	18.859797814004	19.775421275213226	29.861253699919246	14.587859880954152	34.33561654843913	23.53969527353698	29.2531694774138	19.94745874479614	39.87737637478891	43.85446679049556
22.146348039685197	17.964441240053933	34.96949313703306	13.512805432083272	24.76638099707139	28.922842880515386	27.182291469900328	29.687614375800422	20.49836242370958	6.812458869257411	25.94593617942009	25.530520931426565	13.43275690616472	9.482273739016554	14.865953777145089	10.312426060233639	21.160575398911906	2.940750500981116	14.932356580242034	50.96837038089627	25.031783265452763	29.792223789153343	25.31504005401456	12.195968622472236	11.197088314366974	7.2006120479439915	23.406537418765947	14.495519770444927	14.134301628484218	10.565017025945924	21.144618710339955	16.087497517793025	19.908065555345445	26.19529212407191	24.499287788241112	28.067804628467233	27.50944389215121	32.429681046912336	5.062789504380978	16.854939448294452	13.141785427800468	36.69644206004272	45.100108519303745	12.108190323491907	9.818465706106572	13.311449785286738	24.31935214878401	19.09221383701871	6.964173901940504	38.274314280415915	29.35477055228387	17.79887275991669	6.898012619963949	34.683399119827115	21.831834241613326	23.46778431754562	16.572094408436108	9.272945068901715	42.39578023609156	13.28902248494044	16.28858062091229	14.725750193187721	29.467125081976036	17.42558015880753	23.906387944549007	17.580359681710974	20.23110739671922	10.02908837513918	19.402216923336976	11.907801960864301	17.612916240259597	11.373393891947972	42.36783955797246	22.652761103568775	6.685158456304036	21.88337818497166	5.459827896704856	20.11335361820056	27.957111638239436	36.710024884424655	21.135419897663446	0.3224991875310543	33.77293380639215	35.800408331320824	14.100498698040193	37.02527909518636	33.65226619038097	23.59715284037849	2.7656077833145623	14.395732317961407	22.10521421491498	28.70784418177693	30.63615294386712	30.946228531742417	19.227564168177643	28.058758822991198	11.156679061087779	9.08013040786104	7.608081621224298	42.396811228187005	26.712265762241245	30.917770918237952	0.43410622633886065	25.75905537074132	9.980138111073297	22.898825718429574	35.37428249223213	18.45823208743457	25.03939229700905	11.984389712792074	35.24858422794566	32.91973359230582	37.90147624765422	24.373731326549706	0.1456159802784815	21.550565720150548	36.7584471869261	25.10214467286588	22.0822235931628	45.33967919755237	25.394213800780587	20.737277958427164	40.82437405438791	10.718256193516623	22.32783917606843	26.81156947736944	38.650772918152114	14.098089053613744	39.42353629133375	14.414192817613234	9.973913762794707	16.92326665834436	20.110948512197773	17.808262356805212	47.70779767525218	28.785943755619417	24.53614853342792	13.947589643879164	20.88550962065755	13.057887628286457	24.845068807746333	30.537205694059352	38.49579871348334	38.81264297249416	25.526431240182838	31.27849916054075	25.137847220340383	9.487660085670994	1.0474044864925456	11.017779158581918	36.25443347243412	18.265844873627348	37.00857998883629	45.41876571829203	40.44211252213845	6.661566643944742	35.2014725468342	14.802013996966615	11.10263043459258	31.314323432442507	12.562460593904056	19.62965622602749	27.284300457135174	42.94412807169159	18.118771616869264	29.53476097079854	8.507502084651776	13.423673101430742	2.3272606530853532	23.697782290937077	41.478310833816046	28.426361155946793	9.025072802650016	4.570270904399491	6.425001289899793	6.666279824182713	33.78640411006336	18.492538288396776	9.295114624137538	20.24101264364263	20.933875181400087	31.49353060210604	27.84201660538293	22.663250461767362	13.747007308891893	32.565545428264414	35.723309712985774	23.84404674002261	15.013757522935725	21.278376923453774	13.155886100430164	4.105903468414228	4.306629704445472	32.01146685465341	22.021267912494924	28.0805734527408	13.919370709966564	21.16748552117185	3.3094292842341795	41.633164977517374	27.815326958655398	37.69215867285361	40.60984115589766	33.472357086391256	21.077190343444787	23.60564893994479	22.308711446513136	36.53554711673548	21.03086186599219	41.67352674662899	21.46637406508933	24.940790535196303	38.08829404404101	33.45902113132785	3.402379700349199	34.710990056552724	39.35827631992649	28.798015721588847	7.24309171800677	44.074879729170576	22.30709001999168	36.15257970649735	33.14368217517184	15.747327779546831	24.713592134599782	22.183162991146165	12.519048270440566	12.577792432661141	12.38006951097845	27.501712240804693	14.987568642389126	44.00940579600126	20.509282440759755	19.733663525102138	17.78506330115669	16.570954425589175	1.926082574503094	24.035968506892956	24.37343295243629	25.983339285508347	22.061380196172856	14.059639186051097	18.524670698806972	29.32349793232888	19.76352487403147	35.677338356114056	34.139084247653386	15.879217217855366	36.25907415193419	16.69010647118633	28.026536260178094	10.446618424612739	19.614947921438343	34.788551849785016	34.11696159291482	14.93514279507363	32.616255232335455	29.65763148591689	19.784842870852685	12.345719344048966	20.009369810569083	11.705485143016077	25.944509638426187	20.306479607826603	49.163942344938796	29.209015983812524	18.735527566231276	26.160746781631122	24.799823310857324	26.818103390450553	28.019794409192816	18.186661375966946	29.086007878127674	11.738758428598487	19.916661511706646	20.795098048270532	13.415081202504773	34.86273735902876	19.747574723442778	12.24255318026886	25.097065386748294	31.156245368591446	36.312287290159134	15.40192878820833	6.67390174269946	13.850897643123295	24.620782554163593	26.608360658422328	25.942735176030595	32.80799762018414	19.11441136866933	20.032121805987586	30.484862473799	15.233516602622819	34.82775924975631	23.911505011120077	29.672474653834513	20.27404676051612	40.2012337468097	43.91203858437067
22.274154790571	17.97979393794077	35.385157815254786	13.951562386653718	25.330724789022522	29.177759122007103	27.257709802546316	29.832623198337387	21.328515721744182	7.78785513695063	27.12080237686088	25.59304730945945	13.896464977417763	9.771458140188255	15.000463012442546	10.379155329963554	21.746693743526517	3.77004809021323	15.713588500938997	51.95538720916852	25.216724706079024	30.11000787101459	25.80694142571035	12.541819802657411	11.748124462538712	8.538627117405948	23.717251238897365	14.655952829549314	14.16946237351499	10.58048325225368	22.014139924767036	16.795182280425987	20.182604939791037	26.3215356690631	25.142331056135742	29.069756244102624	27.873884716995477	32.68264166743964	5.44107994345447	17.03514256359718	13.236810825794446	36.838218247099945	45.931944649089445	13.257053500658103	9.86415037268771	13.496355773552903	24.620751430641587	19.532302016881165	7.592103191746594	38.81156246056707	29.4107659395579	18.19931604954567	7.103508992751039	34.93691938349183	23.039350363386703	23.482104864977636	16.702303657556172	9.451853384758003	42.93021229865144	13.477279607604729	16.906033390040133	15.030683961368624	29.732040446852803	17.73631535725683	24.31521023347511	18.575044070506035	20.556745842425187	10.799146655422874	19.90576602362955	12.122479052053679	17.668334471582373	11.481461519257929	42.654402367691816	22.70284887336958	6.953795502702052	22.356832411468055	5.692600731858578	21.275717830045153	28.419317393798227	37.19568603984674	22.351803787233187	0.3587060976015745	34.46170034637541	35.993741798931	14.27574167362121	37.069347659763416	34.36005159299657	24.149569878677323	3.2404390302222943	14.58289926591449	22.79684499246113	29.18008393200076	31.193466577748726	31.077565295645442	19.625352996045848	28.4933369815326	11.53301755671123	9.543265735232083	7.857422770252733	42.72749914142685	26.827683355301147	31.377683629553577	0.505829437411033	25.90926172439119	10.02043965388538	23.219179396944078	35.69709170028708	18.631549155046784	25.07221797744332	12.39830254522214	35.93242073635124	33.628772433776476	37.948859392746066	24.402770932544104	0.6718680329395069	21.759727470991315	36.860595352097306	25.390653755986357	22.319397170895773	45.5759798322865	25.50886556094964	21.618848806783134	40.858225466005955	11.276723877030731	22.612577363008928	26.972758882539303	39.76943223042095	14.221560393433315	39.48228241064617	15.058769721080859	10.395514829404398	17.109764103015053	20.531319607780134	18.178999326929876	48.18540097392626	29.266409210310144	24.666119307499205	14.199191657683425	20.90450685818291	13.472176093817678	25.10011060457992	30.566809620275176	39.039589997712795	39.807646622017316	25.560617155124515	31.43522103477634	26.114559209215937	9.72659400265052	1.7342576360606097	11.458569693307043	36.313242990548865	18.63282435524358	37.15627896688043	45.888997845512975	41.01628758372847	7.066108848144638	35.566854006744755	15.441375333057184	11.301245509621397	31.603321629141046	12.901410650628923	19.647114042762773	27.36043550288472	43.120583111979876	18.73855340279193	29.83729518236454	8.857170066284674	13.600251340149809	2.5163406663312218	25.12127564111233	41.78977999308155	28.658012015288225	9.71143897083348	4.698798566146324	6.736420940817886	7.080335075583446	34.09730887087684	18.603101021275183	9.46695681968819	20.38044693795758	21.57220000983781	31.80377259744957	29.144334160421224	22.979951707069546	14.34432230456198	32.62596964560547	35.99118694897499	23.907523118244907	15.115390144975732	21.534166303223515	13.28989809209963	4.420376718416842	4.390971803839314	32.1676916418649	22.059379367494273	28.53507403033194	14.397943860941975	21.325206001217982	3.7679480913158274	42.0539945105986	27.85883844868391	38.25013519013041	41.15318600364433	33.68188510898176	21.605287202099287	23.795317154516315	22.781319223858407	36.752664547107216	21.127965891690184	42.58671080061804	21.800615038100542	25.669648679302515	38.73063669466932	33.53497224087842	3.8579101350863776	35.079716192220886	39.49695556811274	29.123115805999994	7.4816602290886856	45.397479016357686	22.598785552593352	36.37803137574285	33.59961576765253	16.18212370113166	25.250750164129585	22.867266948620458	12.5433250401422	14.07831384463107	12.43535231473384	28.27417055556626	15.168635826034906	44.514169822550386	21.11887845843873	19.863398880257705	17.805109713085585	16.710349680569667	2.021096530151798	24.27029566071731	24.735428249792992	26.332202696589935	22.10210427658284	14.217852935456147	18.656475049856603	29.611657716862297	20.840084340992647	36.36671724458419	34.45438943639306	16.082821938069713	36.498394908030185	17.147167567662617	28.355922088603954	10.659599695835137	19.6363647878981	34.93780910450131	35.102407993973046	14.975199269785284	33.299436401758534	29.839169416394583	20.06453861573207	12.66464386261907	20.824314540289638	12.012138264199605	26.51164715568284	20.60662121394505	49.347006362812046	29.568658797064952	18.739656598202068	26.685590175120804	25.090382810916626	27.86852848715793	28.30508743951217	19.335516188366338	30.434315175681473	12.219040861401053	20.142291533978508	21.305206872012498	13.562393421385725	35.49169465835669	20.12896181869374	13.05156532098994	25.563113519476733	31.553112460288844	36.330533366751936	15.502576525553943	6.900016566112945	13.955619945027266	24.872435095416122	26.744670966963973	26.826503019023317	33.229552470609946	19.222642859796125	20.286974827099996	31.39364336047433	16.171481604181935	35.522207203147474	24.106232186392564	30.7577005887925	20.34112917928286	40.5085395064756	44.30909941443411
23.09638213475667	18.038628905573297	35.72167233641706	14.018496608645695	25.54400399182778	29.267313255943556	27.332093094582	29.98997132652703	21.565403538527068	7.919160323711222	27.486576466459052	25.735866182684266	14.022850327275615	9.944857607056024	15.2296347020237	10.84938413880305	22.055755898520605	3.9770928853514365	16.372417479363676	52.861398249652844	25.634929466236997	30.87058219613188	26.13034393708729	12.877303394036092	11.852014513540068	8.614373434120058	24.00324966305172	14.94767530260066	14.544939606877671	11.134737693563102	22.22940900810398	16.805674734845162	20.350056067116846	26.771039016718895	25.41738733943527	29.20854558133551	28.03426790687927	33.06380815132759	5.568924016855745	17.265297240408962	13.367119528197541	37.29283420101741	46.24392007745944	14.123365381272194	10.235930574603248	13.639133577642307	25.503922125985373	20.04207029705606	7.809450576685087	38.8300522881682	29.4456634528563	18.35905698848336	7.163060575600064	35.226312785907325	23.067163625687826	24.05789177945919	16.78398777460167	9.565935039731277	42.99069413917404	13.555275600249558	17.063122974330913	15.500438539951368	30.645227862810746	18.09006604369055	24.403245942623148	18.772759320810326	20.932387706867313	11.094136506570267	21.1448099655992	12.428970550705827	17.894645867404275	11.739277461185305	43.14173941669709	22.995148512228415	7.061151015816262	22.588670494362038	6.055129384139657	21.46236955303072	28.49932964394009	37.462966434849186	22.5058936442355	0.885943202906905	35.26344265111322	36.10773445379708	14.58492775725259	38.35479315184089	34.48155836647497	24.899556489718528	3.428131253021198	15.186210222160737	22.821440080914307	29.415336650789715	31.598091657820774	32.313201660349684	19.746984735788832	29.16400250482574	12.013885030728808	9.572792542003056	8.316726718805823	43.25124624031279	27.00341814829175	31.639791079483903	1.5189929660868162	26.029975190950054	10.184898515327442	23.724958344811732	36.57572110963502	19.478267130874077	25.20822123615282	13.078356275649554	36.51914023909607	33.93618178991973	38.64495479818573	25.031314858074765	1.0184195731694439	22.400052471183628	37.255909693871345	25.92894515879805	23.120329699299884	45.772606032250785	25.880613545309366	22.008293275437065	40.996326717177666	11.416164041519021	22.806974747023812	27.10805716689838	39.8774670782029	14.27616866938978	39.72939708691734	15.589330086404717	10.940042002500572	17.379022239623385	22.67411319855482	18.54541474510512	48.64487831408047	29.47625872739648	25.3200955948613	14.544351862704643	21.231918427530637	13.487748425013196	25.60268783322215	31.053020775096634	39.26323565199566	40.0334124466371	25.810702360395187	31.65899297160963	26.352505150633245	10.666211241678296	2.709020452277829	12.183275967996815	36.79125630049163	18.72693428394671	37.582251131381895	46.306962733608344	41.50117127823415	7.199501250969854	36.78252735938699	15.606782007748281	11.899439875187644	31.710393978715917	13.142152917954357	20.204521703911333	27.575330654517014	43.2411521809788	18.879606004883495	29.884752526492647	8.899540112575373	13.896359831711555	2.790398110773867	25.235475185178505	42.68112872057166	28.82794681008206	10.301324957201741	5.029324507170849	7.035701099111527	7.0988812130784975	34.46332623987904	18.85816787926149	10.14539715843819	20.784979698801717	21.67441975469081	31.942610308323843	29.57148717692607	23.124433260149562	15.307145675723559	33.41944992149243	36.15776255759672	24.685611454920704	15.343845827440639	21.773056652144376	13.741043480273191	4.589241278617717	4.822422961470135	32.64852877805498	22.693893662820614	28.76555611723961	15.252899472482472	21.537288547663525	3.907264976025685	42.32119487455373	28.775554093328147	38.64021125330982	41.99199213608439	33.72432408286927	21.773951008911045	23.94379123386691	23.08274805279634	36.82330380182677	22.419246742723463	43.12496254192218	21.88046014649759	26.05373864876249	39.00979475344458	33.740160822152724	4.328022434398578	35.081258899047185	39.506937241895635	29.72319687072509	8.002122949668088	45.53761550193993	23.373570139472392	36.41264452219096	33.639576478945656	16.649864956060057	25.301474341487573	22.981480929129273	12.974818980611925	14.428885217396457	12.800768239449717	28.50116909858622	15.866851013090319	44.58140474286924	21.819188682708237	20.89414945553768	18.558024905417113	16.83824419825741	2.180379793939093	24.43898094650781	25.08723681021481	26.427362120421385	22.751452451369797	14.620009261930717	18.98692017084047	30.5130061162668	20.97468263646151	36.48756783093973	34.6683258227518	16.346117187357304	36.544076437855765	17.42480626621667	28.685309873652074	11.019680769975453	19.75890950334449	35.11352566577756	35.178125164973615	15.576558242732716	33.52214641157849	30.475460457052055	20.311193969994473	12.895569201221837	20.964939540516003	12.146460223477483	26.874189919424325	21.023624911706992	49.419722012854656	30.835686414804417	18.76313021509232	26.83835042505631	25.722615129489203	27.926486988244644	28.472310477003038	19.36060752403638	30.46935564417167	12.58011927449015	20.66697457029922	21.38976950902364	13.690370960328966	35.7193121504496	20.131795127001595	13.597210852539268	25.822706506385057	31.985605358110558	36.43924964199406	15.610181478301682	7.807538055580722	14.450107803321345	25.195306180146225	28.02545343531446	26.85175141367027	33.863025206365165	19.600275336526177	20.36244529730455	31.67227979687948	16.37516551748748	36.22503617531793	24.12786938648433	30.99933019309829	20.458249662099	40.81763617889951	44.60592830681948
23.200819653025466	18.17432105839724	35.96516525659638	14.197895588716982	25.769928571927746	29.3829447800632	27.695171222396432	30.362921600913012	21.606284844049306	8.21324345418306	27.957236446809254	26.876411280551928	14.09768745579439	10.09724598458372	15.441349016567006	10.943081893903052	22.15931672012296	4.4286347690926195	16.46360321525106	53.24335642541274	25.784650785543715	31.152053021531774	26.477902861968353	13.51790479431985	12.041037910403256	8.639475106428003	24.259470698441326	15.415586126884193	14.84957190784018	12.174644744059282	22.50358241516856	17.01271576323425	20.497202525747582	26.94445983019863	25.574689175826844	29.852274140834933	28.309069824740526	33.16609732250344	5.639587731158398	17.58291009577294	13.528395802125717	37.44091076837259	46.64064385820295	14.622139777131725	10.294415724560924	14.452135736032698	25.590461975189317	20.348792021491725	8.048484117973091	38.98945646641404	29.575446312280235	18.618818836308474	7.29302702553342	35.81915757238208	23.315321065259127	24.132769716916453	16.959646008924956	9.93205617084231	43.36248328994256	13.68506717938049	17.09532853741244	15.598427327250938	31.082106259137277	18.09507184561356	24.420099699750153	19.228560820999725	21.015965190085286	11.241103576412314	21.249161323301234	13.058288945091999	18.30095335617348	11.875276098569946	43.58194932603559	23.215555523343	7.288836409572323	22.95673732235363	6.326785139384277	21.600505517376778	29.17168544127341	37.770346528208684	22.672030216298285	1.1345807953055547	35.33282092815759	36.35216583552676	14.705741763533243	38.43356326284688	34.72914872651037	24.938373031123515	3.6590341397372455	15.825829416099662	23.105351541755788	29.7101010870019	32.398759274785085	32.62677921655845	19.854146458469682	30.075829605618484	12.91086007795325	9.678750623826996	8.33330862461841	43.58056972159555	27.826327149632096	31.88978207820783	1.8354111226230398	26.889260641905434	11.060762241571043	24.00249624012859	37.22694394921817	19.59189729500088	25.333748581351287	13.403290432659011	37.222094515529754	34.318998583639846	38.6671202464553	25.331847549240774	1.0525069697733014	22.91798482400197	37.36792858566773	26.23630639917993	23.217006519150388	46.10658402193383	26.192746720144836	22.764069604573457	41.42493318079537	12.091471339028152	23.969573430382994	27.232851142382803	40.122846984921004	14.383767590382117	39.95080164221996	15.757594839603929	12.021581028496161	18.168978486366026	22.732726148912697	18.768548880177793	48.74332690915918	30.15796330363128	25.551820732375226	14.684562012102049	21.38867638852066	13.505306127048922	26.222395246311798	31.853786553466485	39.81343512677549	40.105315588157595	26.451980889598907	32.34214769685233	26.44015279601785	10.986736768322443	3.0040260686752625	12.219382839306542	36.91458603601832	19.4365503658202	37.662725204186096	46.31827544445499	41.559589242687814	7.793250283710986	37.39206031749174	15.891087641761466	12.616765300278834	32.05103919225635	13.206082146836374	20.3684842763514	27.631856518094406	43.47334534510083	18.927626487947787	30.0581047772354	9.039584584812308	14.087755350413214	2.893446261242991	25.81032316754544	42.961366402765165	29.05574269340219	10.471825554102194	5.268436595044061	8.17450298557128	7.389785152680581	34.6747523379809	18.933989617164322	10.215918381471477	21.068218433821002	22.14750665523764	31.953507552063087	29.989646423817383	23.20987715465654	15.412728018297075	34.08443395172008	36.6402819140637	24.800103679357868	15.426333056094544	21.817984747867044	14.083391056242633	4.692763898979713	5.0691611769123375	33.034912140240635	23.1677922686524	29.02137066129835	15.627719503457987	22.118756972115662	4.171623400871217	42.52402496322077	29.194494215269728	38.799205470746415	42.04253852518267	34.061331743934744	22.17691311811808	24.02234575882688	23.547941547178592	36.882711254515954	22.741025524486684	43.34160141174682	21.979847994151008	26.314079879725234	39.322428218453716	34.065347154361504	5.071178722350976	35.44402745736339	39.590823648551584	29.908886846691015	8.249496915176532	45.543874303597164	23.567455049619532	36.932499141877294	34.439725332783105	17.375531882374506	25.86324132546117	23.02258252545896	12.987464063671338	14.917462137399953	13.043155407037972	28.748149756801237	15.931315427348563	45.4753897495281	21.96761698154422	21.182440832604364	18.946840415622926	17.533265162769005	2.9500770145489805	25.112051705814697	25.210528711598258	26.924018492973246	23.20100513218271	14.819654908781812	19.59773800299197	30.626906172078513	21.105812044853682	36.72493790453613	35.52636788174015	16.54331781670579	37.06240783479807	17.84578106310492	28.838263371512973	11.237409473573388	20.408660072944084	35.28495617573219	35.41218977915767	15.908120734894863	34.25535728361928	30.584320374601166	21.0251896983527	13.479554728493017	21.13839314447959	12.514488204735482	27.389788392921858	21.406005955272498	49.603867192722156	31.305835436546054	19.576701046127003	27.77747969632818	26.050308778021208	28.06726679244183	28.50697373924101	20.083159933500287	30.79342524513906	13.348628652967264	20.83811401046155	21.48976278487277	13.698151949233782	36.517175385616454	20.65067474430489	13.692310133640229	26.29133082651782	32.12254173804353	36.560536288554864	15.71807656878769	8.25993873110694	14.877603707378398	25.266725631359517	28.636368632869694	27.207498460596902	34.00160633168781	19.991448669216826	20.586434264428327	32.11464204251875	16.458111318365557	36.462785989661924	24.64386177586748	31.154031909985704	20.65360615176844	41.075267851865725	44.733306325421296
23.58936248325634	19.065102756383325	36.15378951962909	14.296650393234914	26.036064218193562	30.245543563228594	27.8687233724955	31.019594501066642	22.403314333349204	8.578166759279776	28.27173915438559	27.108336972923162	14.468822997765601	10.357838337499633	15.644713175069523	11.065533473787447	22.860209771432327	5.463045463184643	16.968549416367217	53.92578287082188	25.961662583942328	31.19234754783265	27.377220835679292	13.68000717645778	12.305179950631327	9.185331405965597	25.23366043317407	15.423866381725862	15.104664101859726	12.430095214528757	22.843408792042393	17.485051663340737	20.892670830053316	27.705819604624562	27.070888967195124	30.087969053896014	28.662338850980785	33.84431012844229	5.688507321356977	17.814276870581175	13.550647775767224	37.809554910074404	47.18899435568363	14.851129222488535	11.08816330822943	15.663147845991707	25.671738467785314	20.850754263510943	8.255088911267034	39.47622159003952	29.78384949471499	18.973408282265133	7.934035694602668	35.953003290140565	24.13983939097135	25.167818906615064	17.38777029013925	10.05836889780684	43.843505657415314	14.368383519092438	17.374785530966864	15.711883986843032	31.198138277318204	18.577967635276	24.481240059155326	19.492071972342313	21.602013939297155	11.6196993630978	21.25691611450715	13.369240525547335	18.420119997825243	11.970357947446885	43.749155121791304	23.759473493991443	7.375888696706684	23.29942349916773	7.059110245414897	21.90709983669987	29.3751726632869	38.24855624169371	22.819249580150032	1.3902643955166103	35.532367563224625	36.97903763002421	15.505222878400712	38.48399451959301	35.19417703713955	25.36243370704403	3.949838786427488	16.024201350776856	23.345368120620588	30.211883078127673	32.43212229805788	32.97701719530205	20.122989667047246	30.22894378632437	13.176643922902995	9.94969348220784	8.940771652978787	43.68129172156177	28.327466604539925	32.44153483427875	2.5110371358828756	26.97181326078031	11.602241264035777	24.195548034738206	37.31459104700052	20.079873831276885	25.410721918845784	13.730709843495507	37.34604702033409	34.457865956661266	38.68593348866221	25.356279993008222	1.558490740368919	23.466009418791685	38.24353397807816	26.70034520749835	23.5433184076965	46.18910021907908	26.75069132351004	22.910757769505075	41.99929398055159	12.154019848784872	24.46666401457793	28.393351436326896	40.33415410921953	14.423301142431189	40.38333477266967	15.97559930142773	12.255783512648295	18.545368208984865	22.872671194033412	19.311054719451306	49.09331455601252	30.218585770964797	25.82181104252414	15.127228307811734	21.422673544284383	13.560638347935255	26.552617673381047	32.32816627136182	40.46502115929895	40.408153242096425	26.629326714234324	32.55967902711708	26.954128598792668	11.033337449761248	3.211065006187409	12.272411364695795	37.28335427905193	19.67144856174192	37.753190189297364	46.65624308197971	41.7559907964665	7.949717728001214	37.53985363936751	16.36749937477742	13.150922017064932	32.207983833160554	13.277397966078738	20.68523698580775	28.658211118041454	43.854365197445325	19.07482697894538	30.198956415874914	9.262452719183566	14.344276370060282	2.950217307942832	25.870264981218018	43.041679936213704	29.791626027062406	10.604866559926547	5.486847977189405	8.207987243946786	7.6082360052034685	34.84436199812186	19.310706492127014	10.527214562385595	21.27434212249236	22.559582461247757	32.45239928592474	30.116327579818634	23.332407086971553	15.996704030087116	34.18895173879532	37.458227524412386	24.906310453535017	15.60333264832373	21.995862506351923	14.226889613760791	5.362225371239175	5.418580519750223	34.13243711459288	23.803459164082337	29.315661835491216	16.39876972070811	22.122967906290818	4.183428480251531	42.73886348565032	29.448271938866068	38.91038275692171	42.156749805618574	34.64980331812431	22.843171262677657	24.647084798934788	23.717976058018724	37.0629411949164	22.867833457795015	43.54845731005739	22.609861183477015	26.39176920862784	39.38299215146894	34.115104158853526	5.482529173000321	35.908154961802424	39.81735810411089	30.709245573688307	8.376048419052246	45.68035680778549	23.702216920250496	37.331426650472324	34.666282071930254	17.624747758578238	26.247448040880357	23.76758506490982	13.309308121876354	15.578928186854581	13.242415895553924	29.060286011323992	16.221821234618915	45.74478672761888	22.109442751059966	21.19097727071478	19.187710701243137	17.699734800950043	3.663788841007523	25.267463905093237	25.41476659586929	27.43600398104813	23.403336801611086	15.28886475085127	20.08480279324155	30.712344041647818	21.683960054581448	36.86338106418396	35.55465952191576	16.649781332228763	37.7176261997001	18.149999214261214	29.62467658316472	11.768200008254116	20.642290970926517	35.62229104441667	35.72580915302654	16.35810980946469	34.34223150406319	30.68911000508895	21.60877001688449	13.808989701369628	21.696971507264326	12.814607360501178	27.626521363303983	22.271689682502124	49.94351073116161	31.51454903657453	20.184291349975535	28.18822865893913	26.802684128778136	28.178156162742358	28.688458650867794	20.129896556441864	31.07863809181016	13.632882320615433	21.146694908722488	21.56313215908536	14.285975023131892	36.81734586299242	20.804375548351068	13.786076889023137	26.782700510052646	32.16547965998633	37.50871617938743	16.17969906350659	8.554985115418052	14.967199875564791	25.32629975793408	28.78060417563023	27.93184013063948	34.24448879368048	20.237309413909887	20.631914241523425	32.830397404793786	16.645998580774627	36.51178246944998	24.821684931183178	31.2507992254933	21.375683025116377	41.49347280511812	44.880053497362944
23.873264525221312	19.577631244243026	36.70157805655824	14.496738630060543	26.10577462225399	30.335558272847987	28.01628155039839	31.048373850471695	23.0231979042275	9.438971103687216	28.935429975686077	27.22887979416153	14.5985445895288	10.695196667502993	15.740979693042362	11.111499581678702	22.934861975585292	5.922880845432463	16.980708661451683	54.10477601452963	27.996952166803627	31.649949558825423	27.704580329051876	14.120449593644556	12.98184819506705	9.460166737731761	25.316261549960885	16.96706945527872	15.757423441408035	12.613223569485926	23.154698048046946	17.581777611790713	21.00486452086469	28.076372940855013	27.324389247219738	30.599185368355027	28.845932537496758	34.650973041881606	6.3447078651830155	17.953391958388185	14.18260121955597	38.07213266507009	47.85439953712804	15.295609755309561	11.670389181825637	15.696634437236149	26.60955754643545	21.320256412049556	8.463896286716592	39.67416007442497	29.90302488429443	19.048869359545712	8.201689030565477	36.27906299398151	24.290811813586267	25.223391255742197	18.6800754870129	10.407705146633038	43.948298922489094	14.744944521480495	17.564727004475404	15.861938789555344	31.550321750053094	18.991511674567572	24.98316527684128	19.759466349130133	22.115855306196124	11.797834070647887	21.587130130671472	13.662723292154968	18.811630389144153	12.597120719818655	43.80272092332099	23.959223658810618	7.459669687357495	23.443483948988362	7.8026072991262145	22.051461631387657	30.21843355569199	38.9795131219223	22.901726685884405	1.6252419475395938	35.95909986505028	37.117297880782296	15.770297864900282	39.226328218891084	35.223753254477195	25.425791112031728	4.024020161677722	16.95865622565452	23.524770929083502	30.67626470016439	32.67083667969922	33.404682873127804	20.901098149026176	30.794204550757364	13.247528712460188	10.880158701792263	9.02190252321166	44.318333492989716	28.80972804605146	32.5009095951618	2.8680713945673357	27.32137881068883	11.755036824426256	24.64796715087254	37.55570194091859	20.34109618653771	25.846180599821587	13.88425641379951	37.533942717432886	34.532863591424096	39.02315817059957	25.48256755039701	2.0630215377323498	23.62258929046919	38.27656533854434	26.7822514071485	23.824750131913085	46.254222725158655	27.135303545641	22.959174471210723	42.331672577386705	12.40734288581779	24.81240575271099	28.602494057167444	40.65845056538327	15.714823317974458	40.76018799690129	16.802570312250705	12.337402173665755	19.234796783301963	22.987599015865204	19.357934952056517	49.74210915815812	30.431091021556774	25.966964520670924	15.233519373632907	21.640873824089965	15.019735579341976	26.739638497537115	32.917050819227626	40.73331028901608	40.97228476700049	27.22746046921747	33.088163161329064	27.084419809894776	11.181239913525369	3.6026031496273876	12.319721302845375	37.73317017139249	19.74813833874318	38.26124494204865	46.84227576994924	42.17943310476035	8.02010692093388	37.5743561739592	16.415659242223164	13.487196038684731	32.56176201254784	14.360157154876811	21.18880815572479	29.030365490957376	44.13794659672742	19.479594537900557	30.26832493801053	9.787780371763786	14.405866692143121	3.2901558722981408	26.243559830470076	43.50825734677911	29.91777571121136	10.616665705143838	5.658159086612194	8.496143001030108	7.846858290047291	34.95146315988275	19.441942974901107	10.774783069185554	22.25467374033827	22.711228825934516	33.128479557146235	30.615590318537954	23.62983128899001	16.38042920407673	34.88346200888132	37.6448228731091	25.392599731231666	15.609514212984665	22.1493697163093	14.706396593202246	5.422027579564923	5.930515410809814	34.19117621327174	23.948036415335814	29.71406138541701	16.452711710475842	22.807974038474015	4.5222446035036015	42.94998341957443	29.636421821878244	39.07051946386357	42.48136018950376	34.824653740708264	22.913027183169174	24.91216890753578	23.776734527799523	38.18826836141232	23.0744930392127	43.691288408058405	23.351756414976027	26.822797638818333	39.98258771506653	34.15792538060612	5.547838831357526	35.940112615737235	40.23087409215566	30.904759823595544	8.58894661975817	46.531808256505975	23.759259092652094	37.598469285323866	34.92230038825951	18.073077410328228	27.616843257253766	23.808646163312407	14.357320645882378	16.319802286522936	13.976629287082325	29.308209784082635	16.393735192374038	45.96562203193959	22.19439836943811	21.618303417637087	19.412293776389802	17.941372417528115	3.695567656445081	25.80893388090777	25.701594171930694	27.480112364362647	23.57578776194572	15.713460404876143	20.527759147877056	30.749819303914695	21.69098620097517	37.30155612074464	35.7538210988264	17.656888643234808	37.89612538098172	18.847952764480986	29.67973548356215	12.265972962141998	20.8756710836826	35.73697004436981	35.93705704214104	16.813505385365964	34.632617109122066	30.85395301359474	21.88416198753269	13.917019875905206	22.234804159890867	13.269026701307588	28.598863735012326	22.31355380955032	50.44639809166563	31.911441651215465	20.337739166076755	28.43607204029834	27.77123544057244	28.266322587093818	29.30927109669844	20.19678971417301	31.41346815063608	13.692679303214929	21.65215752183072	21.68391949995041	14.304736589661783	36.98891532142281	21.343164679650858	13.848600160643699	26.794988063090376	33.41158199645782	37.623086831698615	17.148079774791768	8.630702477133104	15.115941595578294	26.824925867947876	29.22503625657512	28.133882555836742	34.53839419908708	20.678194724132428	21.028137936672266	32.83825200129147	16.725682498919724	36.64226358298183	25.36032381235074	31.38047733255229	22.431699845970947	41.908321347048116	45.12589983054761
24.00944448387461	20.34637943233938	36.79222221036332	14.67151785625503	26.161130955205273	30.374930734336427	28.086725451819188	31.05116846319301	23.43204681746955	9.827804844730274	29.03338444495843	27.344742505857877	15.07804470160449	11.140364643856731	16.172577260696062	12.578730105251678	23.069309298258084	6.049887406950585	17.03221015173495	54.315709934367455	28.6776793588285	31.92340253672302	27.88676150721419	14.272640867039641	13.094029599722917	9.850052040752875	25.553300809003325	17.001127305899107	15.86899508355221	12.684519812231837	23.344525949541065	18.0773813263404	21.1636565931972	28.368887993209412	27.608168909826897	30.774885455943096	29.020003520064865	34.80188741025597	7.09651359668152	18.453391123793804	14.541474223728512	38.11183412114948	48.07327559599538	15.743871243632537	11.903291888845052	15.96914105128894	27.133562513871226	21.586096664257052	8.520060150482522	40.37762188455462	30.473814599684314	19.602284785295492	8.932540741519448	37.13890646016292	24.420515340053207	25.270191201935003	18.759480841452532	11.134883452971664	44.970472538908304	15.1137101562687	17.761271099706335	16.458046315780944	31.73847996119389	19.17128386498629	25.224384447326173	19.802458814663996	22.462610234970647	11.866638139603113	21.60676107539206	14.01399619623923	19.427655325610324	13.344199664308832	44.153083392010366	24.230442316357646	7.993533023628019	23.90299056406242	7.912951111927569	22.455481221640753	30.922537070098116	39.68404915702544	23.254090749431903	1.6447944160033585	36.48587999843741	37.25445512345986	16.372131175060424	39.44829597505484	35.42285982724976	26.385812280093695	4.505070035944947	17.673456403527318	24.095182393283977	31.16092972049533	32.75187258536679	33.65503178896812	21.23039417013676	31.680412560200963	13.967205340454358	11.128550662190603	9.796177194894872	44.59395946398907	29.15524796885633	32.84789582265757	3.5708030552238075	27.46974282991501	11.879360096518488	24.953162480448242	37.710380163810306	20.606621968056857	27.16843155013773	14.03090870018728	39.140053602244706	34.70565227672743	39.59409985807177	25.80073814901382	2.367254386670441	23.989617361763123	38.68231543918626	27.10317695859177	24.018300844876126	46.89301209500342	27.32403177033848	23.11182654899108	42.400811988732805	12.500742120134147	24.871913101240278	28.75528981015266	40.837249272932375	16.235840458106384	40.871255156435296	16.949979422270918	12.48329247858645	19.37999247759324	23.17783992326319	19.440028171116168	49.78700930637685	30.73739510537748	26.177605667246898	15.432193507180243	21.927753691611695	15.196743908994366	27.207455582800947	33.02744104750432	40.84368933486483	41.173457760544025	27.932584785082017	33.17588653838832	27.343457880188698	11.489936552139559	3.638623716085611	12.63009214916658	38.42074203420774	20.996604605601448	38.785935162765355	47.35026208995448	42.2178017887097	8.325638316148563	38.3930120516886	16.554688080163512	14.134138845029614	32.821463433226675	14.455081650655902	21.2491219315084	29.24953887027585	44.26260010574191	19.50713594986926	30.423798417635577	10.279567017861464	14.641043078541934	4.238596981920736	26.26884390718244	43.52043217546168	30.148626555332157	10.858460065917315	5.823253540447464	8.798659608933546	8.207228285298322	35.023526353707595	19.54186501638175	11.07390912935332	22.42098420588317	22.82644390215732	33.56072371270141	30.777733639766907	23.74685000461024	16.437891461010558	35.12042583693554	37.663451786579216	25.450419823877358	16.13111752359022	22.26385625040963	14.862690522806117	5.551292004048563	6.165977896186467	34.47342250007367	24.72539651895668	29.745810021636363	16.591469711086372	22.887765814347276	5.035277871614609	43.62736149603763	30.309789835766708	39.140891261079645	43.233961637115414	34.94574516837106	23.241497126020647	25.02942973789983	24.146395666105626	38.40178041681526	23.32227912511587	43.753085396969496	23.4540661710121	27.250294221344184	40.09814930846631	34.43039096112991	5.828737487042896	36.501282292933205	40.35153274307383	31.32710035597123	8.721039459402128	46.66010494035484	23.901272548797245	38.077633698001264	35.414150270227	18.174189298635238	27.886437309179087	24.06871866899483	14.421317120163831	16.631639581833884	14.209380895009035	29.41007153964359	16.673603159916482	47.07536953140862	22.408965976852574	21.708700903829452	19.82257705103124	18.331495085116355	3.9732280879172683	26.5939733080312	25.90092087050824	27.623937962923346	23.86683558746037	16.32591274172672	20.826548099156668	31.061672700214064	22.171674092230862	37.88379438225562	36.1633548049632	17.723527758937582	37.961290959314134	18.87461693224114	29.831681351501146	12.841289924118293	21.09474241778617	35.79781961774827	36.424924961372035	16.885032595788683	34.920775409691295	31.0851141142061	22.28770472178488	14.032470966489587	22.25065261820961	13.484374540350105	28.719663195053887	22.515644683839824	50.88798654078831	32.79590929415672	20.569010104580514	28.444464756032318	27.893377403185315	28.448642187963735	29.35138482460345	20.500364500130633	31.734774363544084	13.76930093876776	22.005844709269752	21.69177429640195	14.718775087160871	37.179687932864326	21.57247520298577	13.995761652197643	26.96917943361062	33.46034788715529	37.809332207316245	17.180824342323575	9.017263359047803	15.195163841788245	27.39214673592477	29.484660569076592	28.364511876286223	35.147217143073355	21.081993803896548	21.176563628756476	33.33620322736476	17.279924708619237	36.700204154088766	25.89186036222984	31.64828151531873	22.72347291636785	42.445557803196955	45.83792638831811
24.72812766516711	20.82554322017864	36.888053139170616	15.449711730466237	26.277241549474777	30.606814175838178	28.649623112279286	31.278890149521114	23.647979992595147	10.237230890575947	29.378487927610973	27.94985324801575	16.42544914019462	11.296118685325915	16.49585846438753	12.648057161763534	23.345913815525833	6.196011485436783	17.3713184101259	54.40010731286019	28.684085072355657	32.56989963553712	28.000471969788887	14.3806642032098	13.603866638137738	10.684068109444603	26.681608718876802	17.403506639994063	16.40475810807968	13.175743403689156	23.4296008983338	18.327489426192933	21.396161525767162	29.440470862747162	27.74838629205056	30.861430855271223	29.23062826741603	34.903066732507114	7.24812309758109	18.786308724745666	14.894897479862662	38.308096999352436	48.73902228127025	16.21789964577763	12.056923455823625	16.246542535426467	27.43546289799829	21.916882906681536	8.697024971562092	40.75350747702566	30.497992735648577	20.015556327436943	8.969601088609034	37.282848228466996	24.640694882716236	25.63719962890448	18.938027264335176	11.286802612851842	45.20276759574616	15.385536950892568	18.121247538823276	16.764694532335028	31.896526039257783	19.2869976262282	25.426274739378634	19.88064179744592	22.515897086345152	12.117688128371823	21.669098236907317	14.281293537479122	19.89778872768967	13.626498719035856	44.40979863393184	24.266561572755368	9.168624152649867	24.293286854045753	8.005247634861671	22.964704218695093	31.82327334729396	39.772217246280626	23.290351906167153	2.4166639475645812	36.73026838756532	37.43887064041134	16.61190540970407	39.88804683454721	35.45007638863636	27.00235155685032	4.5977353305912585	17.699271984450956	24.660133909321864	31.20866216442784	33.14836168937987	34.05672683655438	21.486766268893554	31.777979971790746	13.99866436849389	11.310265510152735	10.0602127545707	44.912816957323635	29.51045979459868	33.10213060143891	3.7820564414555076	27.995232078037947	11.89530817262168	25.142017295195785	38.643864687344355	20.829418094957465	27.322464818659785	14.508366856372021	39.23061707592426	34.73914832755182	39.67577103752061	25.904866834275417	2.676644136499588	24.194426635344204	38.934259587670255	27.23254170313919	24.176147795091776	47.24964913483263	27.423804178568822	23.645732912837083	42.4665693306539	12.865049850032724	24.963488874203364	29.1308437668841	41.29300567342099	16.53757610466997	41.12361640793541	17.537178061567538	12.953272463147053	19.48515673170573	23.277606841353993	19.901799438532546	50.03557792136463	31.063825093734287	26.404070263935413	15.571053677114032	22.397697063697947	15.382139456463742	27.33567251487679	33.058646997088	41.04614496849622	42.55007123053736	28.24618602111327	33.288372287075234	27.799758812364324	11.983178929610915	4.249835491540696	13.127403062532851	38.84365167055093	21.097896468195014	38.81733945141219	47.641456566707376	42.34826968076176	8.397864370906746	38.73398549114437	17.361568417555837	14.617067353180191	32.97749227008164	15.044270592576426	21.39964404806246	29.513970471872508	44.452047640285876	19.611093483991066	30.790131567730427	10.663970664630938	15.117205324659562	4.269268161125495	26.489369919873443	44.11899102152915	30.4627793894361	10.984963696727169	5.916154762044652	9.160496281474611	8.521374533438554	35.15080146842118	19.87992728842819	11.308292975628355	22.701492472945176	23.58627801762652	33.58293154311881	31.215197118956176	24.254638076563992	16.457296209826588	35.26586804628072	37.829330762131484	26.13074421416412	16.558302002681287	22.396150725375435	15.079051256152042	5.995409279174131	6.306431712966369	34.5209025515284	25.896371743696005	29.856822470139065	16.62715410434528	23.106775312076365	5.335076464886135	43.67443513119633	30.326297200914244	39.78543439506901	43.49095974315571	35.122474402470495	23.390222922753445	25.26735514018715	24.444264488613438	39.20862548805448	23.40586972476872	44.337613030307175	24.228170165762958	27.67471149177227	40.18294496283996	34.759127144011465	6.294775031539003	36.83459393806308	40.543899185056375	31.458633387993913	9.083922434583533	46.824886129573656	24.502903671934337	38.276402204448864	35.51851229147843	18.38027764759686	28.41112512421651	24.330921934263504	14.457513872114054	16.878477680393114	14.291842652903943	29.577440827587395	17.412365628891646	47.16172892763859	22.660044853162233	22.416790485523673	20.72745919055747	19.059876202342632	4.037222188908188	27.705131135818277	25.972683339058385	27.894880307298234	23.953163518248125	16.7123844054153	21.244529617437305	31.464092823853992	22.733409611397434	37.96732919060495	36.272139446760136	18.143020406980064	38.79246510738472	18.93722728906396	29.956998862992176	12.94103426848118	21.28047055364599	35.93942311358903	36.5429026587913	17.52011144739574	35.69987279699947	31.156236405954957	22.357429131288434	14.258633518320385	22.3276502677823	13.50101289023324	28.98345392782218	23.63988880881443	51.39765603321369	33.06274542887502	21.124061902147037	28.559229939830225	27.955815908626164	28.6512256773913	29.575893714370707	20.5357032129373	32.16294746850518	14.029149611023294	22.059942481438533	22.228988961739063	14.84582309861494	37.49740956969339	22.1115088057434	14.797881623091158	27.473522563958653	33.83498950438495	37.927563100657444	17.576950722464943	9.030871435328148	15.3873595385677	27.70588313394857	29.50362676626404	28.46641771155891	35.71754997739546	21.271864408849897	21.748645422599388	33.34849385330504	17.64828516089989	37.05473400461347	26.003193379137812	31.73792341872407	22.73752352705161	43.02803176317441	46.49449733569341
25.025346468545536	21.145226758972953	37.64895778369062	15.56168309476538	26.586781084077657	30.671773599086478	28.912506284658228	31.57777808205522	23.9355515641383	10.758033638325502	29.646473905404125	27.98710671063695	16.53820786351624	11.453675611660607	17.28400903438449	12.824807998301434	23.931964105018103	6.2662836028410265	17.420010886955048	54.864583126741344	29.48306597552013	32.78516176455189	28.420855003973102	14.690804130456433	13.792945517208308	11.09262239862315	26.77619545506095	17.416039700538214	16.48157600011202	13.430398626705676	23.67655565686169	18.528415663706866	22.20063341767466	29.838487249480423	27.77553009342913	31.747207100310174	29.27242363876296	35.04014669808447	7.973320166649157	19.647670023151314	14.943440229144143	38.37867154135543	48.877324719377896	16.448457318340022	12.262362773525892	16.534079869008394	27.799049180993322	22.508447284332714	9.044924464976866	40.97524976059767	31.59817010951635	20.25680274450749	9.4383151340225	37.526122711406366	25.96319928474014	25.70872116471952	19.080690013908736	11.788402261114053	45.71024564046806	15.533048934641506	18.329715816863363	16.953579762980024	31.994461664619102	19.62365817648501	25.745978433701943	20.171805219070368	22.542093459723777	12.176159618615069	21.789937260186267	14.439556217724755	19.931975869672804	13.695525308720597	44.571252621806195	24.77741873353165	9.23322511182758	24.559889568920088	8.870537101664894	22.999364750316353	31.987793097019267	40.02180604413469	23.522135277286203	2.6401958292925354	36.910174335184095	37.83491596086677	16.724554651530852	40.298858578972386	35.52086197589658	27.78461898823285	5.460394728437095	18.280378679407207	24.845456881077904	31.42659251621655	33.19446964431779	34.33595215413395	21.564676347649296	32.36299243862669	14.542616607569714	11.738334400592114	10.148087715572231	45.00837353845935	29.526845768486414	33.212235221503065	3.884670723665342	28.395424214214643	12.243583098184423	25.328015342511083	38.831056768006945	20.925887371652063	27.352287824287536	14.804276889761057	39.5660181448979	35.16284524328039	39.85529258267422	26.195868269537144	2.9132067475211114	25.019847648690924	39.02143932886596	27.3670230067544	24.68865892841157	47.90888897026971	28.30570934347191	24.301715531391643	42.95866011955437	12.95600279883868	25.357449821838504	29.699845361066416	41.363163295245506	16.67507622991384	41.148802009203045	17.72398530704302	13.353997397980473	19.527720810324805	23.642491088875122	20.106932615884023	50.239933724223526	31.477600230016993	26.53083428990799	15.725054154932963	22.425293925301695	15.647431815308567	27.472821601929788	33.30536180674409	41.164926695381276	42.69397314258951	28.645164900724772	33.41551925897394	27.904491758414657	12.016557585433256	4.331951545676329	13.487113350925114	38.998833374658616	21.43148945637822	39.00698049460325	48.04185628996094	43.16361780860132	8.461064715280477	39.06207640587703	17.818063016107416	14.702517851062128	33.572676049204304	15.108298371656655	21.73421971580876	29.679124546972982	44.64678652146266	20.068857197103966	31.086740078210934	11.509066214078432	15.173399598994388	4.302977894472779	26.83904854503606	44.29732475683569	30.51572862250992	11.360157395111464	5.976997525177358	9.278339384301105	8.787130330606113	35.274089035978264	20.69706915891655	11.649175468386076	22.7512678611745	23.79312812102108	33.65335852131399	31.30831460887664	24.944082612519036	16.926660517289566	35.3794674149829	38.160291054546455	26.386559322466997	16.78023052159523	22.82262005837034	15.280951330541892	6.8031505199746825	6.532524235963962	35.16904425366168	26.261036648876697	30.258363180881855	16.890624678105002	23.15413591582765	6.572497732456132	43.94565257966383	30.62166517354309	40.62605619372913	43.55932545580928	35.413740890299316	23.592762225959937	25.727849146501065	24.48949821591017	39.32063249841977	23.908788049236982	45.27539171713169	24.236037960497754	28.390417755133925	40.442795841022445	36.24830206248086	6.416364069679242	37.61119094241452	40.617848288197244	31.668001849652292	9.167480072142794	47.4711731624909	24.86391165272879	38.55315599494909	36.11975268809117	18.627623048121094	28.653453934902906	24.440954668535365	14.62896165945339	16.947007825659234	14.581009691592882	30.218433544529763	17.599765762046058	47.199396568317056	22.69265842322317	22.49344853194084	20.830328607153284	19.174161466641916	4.3781523114624115	27.833256450925635	26.447036819407078	27.98761895838603	24.386272602146715	17.359926405121893	21.435605256727595	31.543393989474183	24.555133033270945	38.63316760452032	36.57729815977133	18.960860439001138	39.14387304297261	19.011392902937754	30.135532294244754	13.199261319608437	21.61465998027199	37.0031594859994	37.11700857611192	17.935627084163556	35.9837576025752	31.463937993929097	22.436785261137523	14.391023611640968	22.405409007664254	13.972290053091607	31.017688875840584	23.81802084379556	51.95503142578373	33.98825913273824	21.32588541521405	28.90771339715489	28.206769460833197	28.812266569693506	29.62415425340475	21.745740542486484	32.397809988884624	14.127083534645706	22.4432470883919	22.86419485292111	14.921080570882232	38.07334703900661	23.1361804407454	14.969231477864666	27.912249308155808	33.89569465767863	38.333502164948015	17.688638916086596	9.104037533394262	15.527828595781703	27.888701965920053	30.044852490169845	28.875362961810936	35.934394324338854	21.33585172767792	21.85400335630452	33.66978384093053	18.081160457916667	37.09198720432458	26.342736886015786	32.51482446551941	22.859846839430205	43.182345237099845	46.5478545336021
25.1643871373018	21.15733499766998	37.700574533638665	15.602715921137442	26.938352724904238	31.40040662991622	29.070422057233152	32.42158183142133	24.186251577963333	10.776203243621767	29.799261679426102	28.32930527317044	16.627759106050153	11.799815814752447	17.529938208144394	13.340460712616805	24.132170270055074	6.60443096626164	17.499832058030005	54.94437524098929	29.594500901895042	33.028145607523804	29.02925347945289	15.020974589964384	14.037647455575847	11.562500878358785	27.208657488085798	17.463778326009287	17.14859529261749	13.840549280488375	24.15389427495754	18.562344306699018	22.633110955201197	29.921158354363754	28.310832816329153	31.78734651782939	30.199859942539497	35.142907075952635	8.079370111805027	19.8333105070462	15.073636005582939	38.90437885258274	48.941442376764385	16.47666398192935	12.862870073438733	16.682597895624408	28.066265299167355	22.65757050638071	9.552621392844863	41.03138420008665	32.427279246337044	20.344586218028944	9.659657572701711	38.01386514669912	26.136161510655295	25.850286437244538	19.27101550935585	11.853334982227409	46.24734489959776	15.863904346250141	18.63682044529461	17.032788223238583	32.337231872472024	19.67451704822324	26.17867689231793	20.262566475189725	22.729238131015794	12.941925257471343	21.87868441823308	14.732760820948144	20.15125694437003	14.461294665684612	44.76194570936262	25.658662520620123	9.310241476441282	24.64164283110807	8.975876077350183	23.18470007657964	32.75566673855162	40.506888702933296	24.55185108745638	2.9010466136228126	37.200359355456214	37.9552354623324	16.99794883621643	40.52027373147079	35.60491691263668	27.828400082526464	5.723736228279027	19.069249238739076	25.057064031464026	31.842528773334237	33.276089102629754	34.353001485177515	21.60747005102236	32.50432701309084	14.827271786902172	11.937815923711954	10.422149657111316	45.374881625063644	29.667648115927864	33.53317764962662	4.172387156352129	28.836384190280764	12.602516754696497	25.47604076206243	39.07507930134767	21.290110360668784	28.249082397478187	14.945301871598284	40.0071473340446	35.32024494058006	39.92215679053653	26.345101268762264	3.1610932319871115	25.29006731129924	39.3866701218929	27.846437671428554	24.71731588595781	48.094324698550096	28.501743664610764	24.445009019636057	43.45517935058266	13.202477206903545	25.625496286692446	30.17609725322206	41.515372041900726	17.62273607266773	41.347559796567765	17.94406977660866	13.40389652449321	19.55085210851481	23.88400235891322	20.429400208107396	50.45422212528291	31.597279684571433	26.732635337139843	15.914695788375463	22.782444844881102	16.378284625901586	27.511666941094507	33.66338676276857	41.67273956984703	42.7803080588634	28.94326148349547	34.1140018371261	27.99175790983936	12.36543013770093	4.636519310633647	13.963341064459353	39.56725345580035	22.017403745106726	39.95534953683862	48.07096251922855	43.55203281726004	8.8056800523906	39.11746205499583	17.823861329905906	14.757238138711216	33.71519451501578	15.386924186851207	21.882367040693225	29.7531729488523	45.133890351749386	20.638745084439254	31.98577427064428	12.187510693508655	15.181851496963107	4.503366951208838	27.35862801916846	44.4550962803897	30.76372995804543	11.475189605572616	5.98391662496806	9.29665465511263	9.38539498820171	35.9737796261585	21.183915300034226	11.823506982123703	22.971501312528435	23.879272749259076	34.040319017687374	31.383118629825553	25.564758142546083	17.142974119584363	35.86850456109379	38.691723252982726	26.70267617165062	16.982038760168017	23.49154283561714	15.484199906541201	7.323013444098516	6.59880462782411	35.25151236612646	26.293940595851964	31.141189824804936	16.971389743055994	23.32020063373025	6.620874254630481	43.986253416948976	31.043964746470586	40.97070636188587	43.903338306016714	35.90057241641579	23.78497855463213	26.06248354338898	24.6889223085257	39.37587894208297	24.697801209999618	45.73268393154917	24.30206969291717	28.560286041209967	41.42334335700717	36.4595024725583	6.9617609776898295	38.07282178069052	40.92622256574137	32.20537431809218	9.512145819162793	47.504007831030954	25.162681829999116	38.75992710887487	36.27770584391138	18.79596261259659	28.7418051282426	24.656470453257196	15.038343306813049	17.198086540082603	15.29624650985451	30.936689812303655	18.147696878516633	47.782010411034435	23.00237414571893	22.877291809392243	20.8474647827827	19.64323619954848	4.655992807502149	28.16904062059018	26.62513914215829	28.19602785245709	24.51325328384448	18.055698466571414	22.316777288715	31.655844447452537	24.70577559607878	38.70438518344114	36.97570628734083	19.05918363715414	39.26861856288758	19.12109405966162	30.354365305965977	13.371969646503633	21.63794706854875	37.04813064090049	37.348631590499224	18.04569712910898	36.01738933686046	31.681536956610522	22.912418736674766	14.570100315841806	22.66933611867155	14.439267652430974	31.53627355675779	24.333278040061316	52.14655159398201	34.400044135614976	21.5022866520339	29.335287485171243	28.948404844122212	29.500061692322525	30.09851063530597	21.93231712862487	33.073810394524386	14.164756298614629	22.473458533695357	22.968315447037245	15.053659472570782	38.43682263719612	23.62338919001784	15.461999925999868	28.52891405670508	34.141239304889965	38.8325225003374	17.720991635840658	9.679398799053056	16.20705291213062	27.963091073514178	30.409982578765238	29.33694174335692	35.97948976398629	21.386180604069885	22.55097657983086	34.32611934365539	18.419705418810246	37.22580196102637	26.52407331159337	32.952822558972564	23.310606708547056	43.20784982593178	46.80158678451104
25.46106231765761	21.328774195447938	38.00887289924205	15.623235991463522	27.21326026484602	31.81485344633595	29.320857298557364	32.76841995250067	24.49885528593965	11.065617513886945	30.075242873988465	28.427170373246653	16.629374101658946	12.14076619471996	17.957099608578105	13.363653181489065	24.47673282378692	6.802675126941783	18.422978826099442	55.095263545465855	29.71990805313649	33.195613727872846	29.33984560730392	15.39418978779011	14.537569209234013	11.879200047772672	27.288782725326676	17.520249096724058	17.55362661919606	13.975796320693744	24.518605280823188	19.41119379341678	22.78791072448758	29.998509492225164	28.471546824414812	32.49828402128589	30.943209844253758	35.21404527019462	8.213107981469102	20.332164375244062	15.324929771627012	39.55328467914231	49.09591744113553	16.940814926987013	13.164478125893021	17.03260664138532	28.170834502955962	22.838962235336034	9.993379804331108	41.33177343889992	32.74599407189237	20.771525575928028	9.755448593697428	38.03405783136899	26.210756684055415	26.160300518324267	19.663255380283406	11.929317191174832	46.44278837099135	16.0036355134477	19.139415683960546	17.11924671022961	32.65848794185514	20.422259421658417	27.05615449303192	20.31484597795741	23.22475305512317	13.083336646527943	22.712929819759697	14.773431359182032	20.249374257206483	14.817205519033141	44.91552559649938	27.156167987055433	9.342702194155642	24.939000410745894	9.057466439799873	23.7489845768275	32.86023925781517	40.889896063635426	25.10312743055653	3.080504880403998	37.417184022060134	39.50524152546514	17.051254913182937	40.704693897470506	36.19037283580166	28.07874489785757	5.999739558566785	19.268813257389667	25.365024501339594	33.00790807269365	33.35442745051896	34.443937162431595	22.07202163015912	32.564207397427985	15.156817535179522	11.948987943153103	10.46313426459472	45.399554200403244	29.99692424005971	34.40316615659122	4.399720534443105	29.676168653295875	13.412608698222437	25.832446738743894	39.25706942820929	21.530293161179333	28.69182705789494	15.132601609014923	40.05878890887092	35.5491403900088	40.11648557655578	26.66755158695354	3.2217112511440007	25.410077234880927	40.37861354985078	27.934680951301615	25.37870775732367	48.54245146245963	28.527829082830856	24.590415080951498	43.67478537572604	13.267911649212413	26.11849190114151	30.47255446126371	41.75119891237674	17.95588760682581	41.5175061634555	18.32427433590976	13.44820920904549	19.96801595936114	24.305653613690673	20.696005880528844	50.621144797378875	31.906210640475532	26.8052727117376	16.508946924577632	23.352486637270285	16.427917069685833	28.601340182065528	33.75270817717641	41.735466077121586	42.81670159353033	29.196161908251902	34.29845356200272	28.301167704938948	12.939952529574535	4.838520399817143	14.045408849044543	39.72085186474924	22.211640596550822	40.08146965954753	48.30005217261077	43.93896856107269	9.025657381925518	39.173747363224926	18.0220443916385	14.897808068425853	33.933922159258195	15.82283201435564	22.538495193030343	29.889419279209655	45.555283043316074	20.89468018604087	32.2181556570273	12.255722895224254	15.696700941078674	4.670687047490236	27.440412483426904	44.639886248609066	31.215870697873164	11.944307417686193	6.153659023652151	9.47112296693234	9.99661278636887	36.26498757988185	21.421112678646207	12.760830096212969	23.082397935916234	24.340203701763194	34.36723153076612	31.520086161662913	25.639885732092345	17.30269101322257	35.95807986687581	38.7256650602273	26.72374481322186	17.059452686182652	24.227888785364062	15.596385193931278	7.920421640285528	6.859949608071547	35.394225145201865	26.422281831480145	31.705429234783534	17.114739263199958	23.475633615193125	6.641329755178845	44.278408910431196	31.878220999032173	41.25595279552854	44.300791136784625	36.19288971350489	24.16974690263294	26.33342372214092	24.791314847076695	39.61210278675895	24.734255367127815	45.76100604365568	24.571810905687524	28.950682988314163	42.1799984191081	36.958274907906876	6.997573881742234	38.24949866692349	41.335605234178544	32.27023092547961	9.602147022671796	47.57466360550966	25.183174443344388	39.12285669111594	36.2964268993708	19.115251802321147	28.909722737224797	25.233346629496296	15.097435828410775	17.434329149980726	15.420601447548	30.981998236592986	18.238173829160125	47.98473078239761	23.508226034371003	23.152281965598316	21.361366537605555	19.932020298320793	4.6821610861632585	28.35654044961762	27.02473253836485	28.349690021816826	25.276942671902013	18.420432240982308	22.467011412184977	32.91947616733377	25.04759565638859	39.20219746450036	37.10659242526152	19.252302067593504	39.55879753445528	19.972847192415408	30.65798355205127	13.572019412366231	21.723687707395353	37.61977098336801	37.762509876926146	18.529417856630353	36.328351058507394	32.0385631063097	23.686146418953964	14.696016474766768	22.94606599667206	14.67935010418008	31.745366952958047	24.946766292217802	52.30698425149163	34.614936073280354	21.832633899516168	29.993700291532996	29.256947043982674	29.66465586286303	30.39164439783055	22.02664595332903	33.76815458403633	14.51947630895155	22.71475752159943	23.17610439393445	15.79956402420862	38.59459695145509	23.722191787079044	15.629715382122345	28.67568588541955	34.290023940991986	39.18376760262234	17.758123225052806	9.974090798804157	16.734810798126865	28.48029695375962	30.799372879686015	29.415808606768973	36.09198587903888	21.69131280696296	22.978586978458882	34.3787688708205	18.424828902554943	37.34425677559203	26.668931415927474	33.073699430211626	23.4706411742227	43.28490446430344	46.893622383582375
25.666089614419537	21.361746371226275	38.39853417302289	15.911767812729558	28.27432274021908	32.09003850236578	29.71321249313942	32.795740006504936	24.675028518212578	11.241230876853164	30.193893743707463	28.500456325178018	16.826902566169174	12.346490792188048	18.13066794129932	13.3828802289151	25.286603020612667	6.969239292773018	18.44346615004552	55.350302191077674	29.829671536403573	33.55894982318423	29.67406961837355	15.981606830842923	14.641545219130855	11.927431102688086	27.626458754584565	17.886922996343063	17.71021856707182	14.141833101717047	24.69637112301161	19.785465664636128	23.012815652961404	31.241251658627494	28.821864797506684	32.84233669089064	31.203196352876056	35.29452678601109	8.272202058182515	20.46560774069072	15.38502193194058	40.303376435173995	49.498886610641684	17.160079802734476	13.562502865546538	17.240026465058758	28.660176486885884	22.93712405367023	10.202131409005299	41.930859561648816	33.269184670863645	20.82997748954399	9.850475635749147	38.20456551062856	26.52705277065036	26.932843496459142	19.802497969644538	11.940260797258926	46.55081362128735	16.05439223710731	19.50116153482589	17.208906909667178	33.05650985654336	20.599709969326362	27.327668047363222	21.376808113799843	23.279007940570455	13.650421539164027	22.808436519103527	14.843097917308057	20.274002870434156	14.907384554983567	46.39876218166647	27.837611668873738	9.46970131703561	25.123753026070236	10.019655397106213	23.805432738874845	33.17509113974835	40.96653018497985	25.890324259876067	3.4024015245167476	37.433562147714085	40.009480121594706	17.4026068323974	40.96046692853572	36.94464886641927	28.391159238963596	6.387826377270369	19.563096367499284	25.903140345823957	34.08113858827833	33.87990336935507	35.30776686136328	22.315731002683616	32.69834936008073	15.759503365171929	12.294143189033225	10.688329685836754	45.99204112035416	30.056559331267977	34.72265392738714	4.454167644793638	30.141318462258926	13.677497987979317	26.23274022676001	39.64064941162364	21.70007030666596	28.93590817313161	16.112945035050693	40.11471372242208	36.096109211526205	41.056173810366886	26.944724628241726	4.1220408079819455	25.556690452404116	40.49230473103551	28.397112659600065	25.497928179293247	48.85262520954342	28.932678277654354	24.768692919155544	43.82709804902329	14.17756085284117	26.34174304819301	30.621361905388778	41.90735337719804	18.11129740527182	41.698757335558476	19.044950115462406	13.472826088362732	20.112498293991553	24.373093949433397	20.77534133556034	50.64469229089717	32.857917886875505	27.113076457849452	16.560675687531138	23.434913205081894	16.469963053077848	28.813608987190165	34.03652573462237	41.83527582536633	43.125533340000715	29.652218522297446	34.84260431062067	28.340074888272923	13.404296302442203	5.010654324791959	14.26805315981044	39.74579850068089	22.244747210315257	40.109987721911494	48.578941049535516	44.11170949328245	9.652098063670469	39.38322501064229	18.81618764188772	14.95448628707611	34.155228192548556	15.93898313132684	22.548950923246036	30.02907681908715	45.63082638524235	21.39862169084365	32.51158011046846	12.337848330547166	16.084192165503758	5.231027284675524	27.603086178082403	45.347850067939085	31.881741280353598	12.593409541450903	6.6927076148283655	9.800353044360728	10.091145324181758	36.98829464828383	21.615982458689288	12.871785850916488	23.673109950500496	24.466837407057945	35.088922982976754	31.782070158418755	25.819570361537295	17.692363640447088	36.2873318145683	38.93696544563431	27.81554306184586	17.398144322461494	24.255197149172865	16.050266208604768	8.11479439084513	7.513483037706989	36.31447651754907	26.705574542634473	31.956717548636117	18.148826252795065	23.832837459654	6.908046712123515	44.634531929920826	32.0940586871202	41.4404368615636	44.55527929101293	36.25657176953648	24.27339149381137	26.446207325305522	24.98927822326764	39.879107424715784	24.9944398811074	46.215768676125755	24.64829575632624	29.54616897291044	42.605096678296704	37.090002585219914	7.270480227101754	38.278455169401234	41.65401735551188	32.389203097062065	9.94106773166779	47.97697952689536	25.357749474441967	39.572185266980966	37.220719536704244	19.255412864016336	29.0861433706612	25.98965892080232	15.177843599976992	17.570866107744173	15.714392189353978	31.018259397313575	18.501109835703332	48.25782665350784	24.196129167508108	23.447523187804588	21.792230382759453	20.564914716604836	4.769266442729318	28.58196147251382	27.466833334496783	28.855101400060367	25.599315976980357	19.167530621972652	22.77706262982727	33.069349003130775	25.47314813580888	39.35472256844581	37.388972512310275	19.50069347845046	39.62979480073228	20.409310661795647	30.66239152626671	14.066599387997746	22.060985862473206	38.13089293354038	38.15565036198927	18.699589089595346	36.347177589461396	32.37146325262872	24.07247102578473	14.777600349839304	23.126669660573906	14.76976136020857	31.753461184337507	25.188171786892426	52.63999572410483	34.658987743661186	21.942578592398238	30.082910264614185	29.837509186091562	30.42167657425831	30.699742160236305	22.358164850084194	34.262276846581635	14.595294685568588	23.196224752458836	23.51257880498272	15.936332527635923	38.63930690043629	23.779441050894082	15.740827932573483	28.705338402886564	34.407802613259015	39.78517651053496	17.95160709901944	10.02441729800627	16.811584569462266	29.0024053078787	30.940947471097786	29.439380359226618	36.30776467593141	22.125277277765676	23.144130516779654	34.555048506224665	18.726877487320046	37.67141888423683	27.17252137359405	33.429512058842796	23.736164464177254	43.665167509455294	46.9466463684049
25.835194943898795	21.630386117914007	38.619966749550535	16.297711854724515	28.425852212530025	32.376107163608296	30.238162695154326	33.86556125856667	24.764109424524513	11.485495019031937	30.243042549804514	29.236797138323716	16.96777495919827	12.579015895869063	18.45943000786454	13.42727476529699	25.9744414658938	7.034236565927508	18.7410097344412	55.51709965342994	29.885755085618758	33.83875908857121	29.740620614243515	16.02378335816392	14.688007302772505	12.147006052370214	28.303606892306362	18.85625030794072	17.79888310241855	14.151496665981455	24.81166351954713	20.01279390494174	23.088109407164854	31.252358378109964	29.611345423475175	33.34653701537794	31.590503109975902	35.460272470754894	9.114873173586252	20.547986452811884	15.851040256507476	40.46960427686046	49.55412536571276	17.74692356121553	13.908029727176043	17.399564615219475	28.814207383830656	23.03204550596531	10.389318154450379	42.02280225754119	33.321158193799974	20.841257750321706	10.185139649409521	38.70667929337582	26.782130383690166	27.07763527304337	20.128473210501575	12.06747524869421	46.67795244249141	16.20839002946489	19.583232624635432	17.432828874599775	33.45054486806848	20.871621955622096	27.34888055826688	21.469425967351295	24.112178303880285	14.047383218888713	23.81574656254852	14.884022733771124	20.794507902634273	14.963878231484157	46.51247328100965	27.943594503184038	9.785136880848311	25.374109897588493	10.566385969880747	23.96432014622396	33.35254412413703	41.12247187248305	25.914617850484404	3.787487683478479	37.70863431239498	40.043636176689205	17.720869129816787	41.41060280646351	37.0091893143444	28.830477031636708	6.751504752515285	20.50089830517105	25.906849754392024	34.11661746264832	34.10354419043604	35.914067678064605	22.951174351692632	32.82330741280387	15.79230042261763	12.793834818748293	10.925802285053674	46.18702117170576	30.276078139036333	34.756467729180756	5.259960111099831	30.18583635096078	13.900335479758697	26.352463227324975	39.67906119134996	22.36330895468599	28.975327235476968	16.414385620712114	40.387555300819585	36.4958575843603	41.077226326087356	27.04636733153025	4.5861087273272485	25.69613591014065	40.66189102526095	29.87346337412167	25.572954262155207	48.91391974510489	29.045277616218385	24.853452151200525	43.838432938394405	15.066964998526819	26.504528596218687	30.836224543978595	42.498932563445265	18.206460797175232	42.00291509225726	19.563427824753866	14.417584607690593	20.13315617293509	24.60029704447226	20.887809592499174	50.72553437086704	33.174342492903534	27.35857290327861	16.73394118128003	23.63359315394371	16.847959664477287	29.295958664181164	34.266917933086596	41.92493307884124	43.18499073754925	29.765507812980143	35.042875190959464	28.522808676844125	13.538167091860513	5.765908653508189	14.600226807430618	40.259919696969234	22.4731043961523	40.46334236306832	48.77992754156203	44.23121445270201	9.877075205227412	40.61993032170422	19.193836193380427	14.982822483001588	34.36819991110454	16.421310939928063	23.38369467118712	30.69757910643542	46.07590462988111	21.77974072812489	32.705186628328306	12.58467613458095	16.173765132929898	5.7702727049790425	28.530118245021793	45.758207345408515	32.20486271007667	12.676255590728056	7.296906502872513	9.89279195939834	10.113441993853879	37.57528452193351	22.144691909907248	13.038824766717424	24.02010725737654	24.551786107112477	35.30696370409977	31.933428591326113	26.2251375169141	18.268576418724876	36.34499821092203	39.802380724123694	28.013094835953645	17.534883762445755	24.267505819370996	16.306616824107135	8.686820951881424	7.533308627576809	36.72558528183081	26.739449981643492	32.025279793797964	18.676911153552705	24.18557216279227	6.9832900254598576	45.03652673229327	32.200355270217926	41.76158052122871	44.93388334276826	37.13990468615452	24.546886154602777	26.7875776349173	25.838840263453786	40.5959880035157	25.05855480385227	46.5106815709735	25.08906077796815	29.57699165159462	42.697033372423995	37.24061641069137	7.414920639001676	38.57910156352078	42.443066691861574	32.51651844377906	10.154841375038671	48.006009636008606	26.567835968458564	39.67269140723182	37.9118945576533	19.38438989155347	29.34372072966713	26.3704830402312	16.158655775308787	17.81160826874071	15.871991993178998	31.13711630119053	18.585480897678046	48.360968268003624	24.420989500077532	23.968609287857973	22.783176923803698	20.708531229794435	4.857183067676664	28.667120384705726	27.729474764050437	29.01604815492792	25.997399299792818	19.221042359892646	23.129169128289522	33.20855679857789	25.510910375484393	39.419993424795884	37.58853326310095	19.61311640347791	40.27590620041672	20.486822838446155	30.936156172566264	14.40191598889838	22.195804792642143	38.86924496093386	38.70364674638372	18.843100814025956	36.736313911548294	32.67969742452898	24.237299269602133	15.210572454600536	23.50899711900705	14.89208366438043	31.94261297737269	25.555497194425865	52.93416313911767	35.355512137887985	22.06173525329975	30.261114819110954	30.1020297919035	30.500074681664877	31.022501993690273	22.462965747192758	34.286497738502305	14.708170205864999	23.79870947522168	24.29104195778873	16.019512222047247	39.05876974354115	24.504188181873783	15.98979864586902	29.03939816513107	34.83120103904717	39.88842354882122	18.350721249434933	10.18340659838846	17.049332570905044	29.761730899409983	30.9867046061386	30.20149382051516	36.53621626777605	22.149242576428836	23.878312029270994	34.71999873633572	18.9073588785046	38.2544557529926	27.268250704071956	33.890461699474656	23.91263442455021	44.01148752436961	47.05004090589721
26.1029488979261	21.944559729174806	38.935152481928206	16.640296811066012	29.01687234944235	32.95079499444696	30.411874478356246	34.05424650022903	24.83505775512947	11.776225177194378	30.38756385065568	29.396414119197928	17.48559521483344	12.868167681682854	18.510308632332794	13.619873795783779	26.436829734228926	7.609376509140185	18.84938226027729	55.878454974727944	29.928257936786707	34.10565279167323	29.810028709099694	17.690138442792456	14.960670840791542	12.8104550912383	28.388244627776825	19.08134667769946	18.08799269648346	14.478260116285076	24.883497204922264	20.11163307547755	23.391091746107328	31.854281203791718	30.16681361300139	33.81192835617669	31.64478776750757	35.66600000288231	9.345915332055593	20.696540792296386	15.934877568645605	40.513263497949545	50.54314094291931	19.2744304676993	13.963973964319532	17.72713292089245	29.353360330000815	23.281637725805794	10.477295250084493	42.16030722487457	33.40592623250367	21.226197734201882	10.659484918339805	38.85030053669685	27.331845512952626	27.587874060947232	20.344074139291987	12.795505854053719	47.01472887719543	16.337235415489562	20.160976836454125	17.97107644849519	33.83401782101765	21.372198860980014	27.5874197687673	21.525282285632535	24.2840334036975	14.386349173986375	23.973597912581155	14.903559954883155	20.833292597506933	15.973151189935724	46.710547144678465	28.2292403287121	9.856925525155692	25.56654852283124	10.63123122935297	24.186539373993366	33.56368884622839	41.19847388699584	26.698248511735148	3.960490942496043	38.03067533990138	40.23036653690671	17.9222925284404	41.47377490231738	37.5906465216773	28.921910242249808	7.258244776499977	20.883294222965525	26.175254785746688	34.34706748156179	34.82363287486526	36.070618222100386	23.01941279042803	33.25070599947028	16.401839151086516	13.051860960748732	11.320826305763658	46.26523807959149	30.574934080164166	35.05501444363333	5.306392629679543	30.22231710022109	14.080253934345004	26.39308198536966	39.94298602793505	22.513863036730083	28.997938237017625	16.628003985642003	40.47759919403028	36.557993810402294	41.509125366777866	28.32523741872681	4.9671060045957205	25.72744755508511	40.951296319769305	30.32680346938306	25.82550524379145	49.330871212721036	29.211806052710475	25.40382279790664	44.11015848400336	15.183311395871534	26.549802682840138	31.211507082708156	42.623619918678024	18.538896374463647	42.078838700756684	20.536047394816666	14.479058521368083	20.52711674830302	25.103953937777113	21.01729205443485	51.02893594396222	33.23094981258655	27.86203178388032	17.057170354911868	23.67569495096247	17.1255154970337	29.363402398631912	34.334846447106415	42.699831403140074	43.36954832438102	29.85237160169961	35.317297961838996	29.211917979978402	13.706786925757397	5.869997213494351	15.260217736733468	40.33757461064672	22.814562827037353	40.80466763306979	48.92923126105409	44.45162011517361	10.470006710906373	41.449892572639236	19.251619995865624	15.024360890741844	34.815929195852604	16.45772981881834	23.46708238527276	31.191017918022915	46.539005131993186	22.486545788133068	32.78646233766396	12.686367553741745	16.54802750166318	5.971719628050652	28.729349408576876	45.925188549810926	33.04146949248719	12.804524946610705	7.4065415339340746	10.335434250735727	10.314128914195079	37.62639007731764	22.167808926532075	13.307640777656214	24.218722378706683	24.664976247871586	35.402221169943445	32.01079007188367	26.426422990610128	18.645328896735272	36.39672088371776	39.96521433170895	28.194198806475	18.276979013168983	24.60956113521592	16.654815378438638	9.183383137874765	9.0249341427649	36.76173250716117	27.101111478840686	32.04981786768978	18.725836327162607	24.991579829456025	7.991449061032453	45.83293107463973	32.747919299127624	41.84561525786473	45.057165290334936	37.536824202651786	24.73155755309098	26.804635228588825	25.895804047442994	40.79215801344219	25.792325440399548	46.77114140345473	25.122794372302703	29.710110029632215	42.879149924461025	37.39686894721942	7.616334591339031	38.88624552846566	42.75223532405636	32.666494965696735	10.4432656462242	48.414249891074576	26.634944416157776	39.69574083774722	37.95240189267884	19.648259415616533	29.71985100665563	26.454189932964336	16.488866259134575	18.09960277014798	16.00099193305361	31.567932781935312	18.96717477197947	48.61354400739125	24.620624261843997	24.04582792913806	22.888177850508605	20.86769876905744	5.494915212454255	28.816574738858105	28.174343656092407	29.846714440052676	26.33564236440175	19.381157535376445	23.671970745581586	33.2908737897764	25.65688805617695	39.47300410704344	37.802355372010496	19.715685047313144	40.51351391546039	20.533129756033755	30.975479950173344	14.467496845876598	22.411316946224797	38.949793837802936	39.03989221555809	19.267013889724456	37.07322280329912	33.09562787946161	24.370928731209894	15.453284157239585	23.73709165143353	14.954917018402544	32.29991521932219	25.59228303239741	52.99999514856055	35.543979157164515	22.90022356860069	30.65806697289725	30.18245355802794	30.96539408133475	31.98058642141127	22.579914232496673	34.32534148111267	15.732131591758584	24.024556187471514	24.52903815104489	16.096974309600423	39.44269049870772	24.61744827755888	16.24418965673539	29.102052345782404	34.889127244107144	40.10018696178915	18.580142718452006	10.491744982416149	17.125413583272525	30.146785023344645	31.425531321538458	30.463755911482494	36.820056491811556	22.380858393946607	23.993122640190492	35.27023219009996	19.248181923512202	39.061392698646344	27.552751758146318	33.94465338807667	24.114348018152292	44.55940651189225	47.5320469311603
26.35264105109165	22.30412386435975	39.02010208544155	16.86242699402352	29.067172559456054	33.26515924528194	31.941096496619462	34.09866621703288	25.140695528731488	12.074326805854072	30.523216505576748	29.76766522399407	18.139278859577974	12.93833956476864	18.697855733258432	14.695234003739952	26.884567899305388	7.688705083673075	19.432984924265508	55.99986437776712	29.982537411717914	34.34896556536451	29.938935296351172	17.71152670370361	15.286110732259003	13.721101949304368	28.486705942115723	19.162335611066467	18.266831645819984	14.580943203603494	25.03031006685316	20.2654301394849	23.699592202720506	31.975938566977867	30.664507331011325	34.056975552150305	31.905772480039413	36.09632794093923	9.43981797927807	21.196073494732584	16.96021135515706	40.55747427119458	51.00477361763722	19.734384678873532	14.077214855084305	17.78494970421644	29.635158009918246	23.905635234824306	10.56751816504926	42.471932739597115	33.48546401788499	21.242229235944848	11.332676569474923	39.13594933571313	27.3686056723098	27.628412046699264	20.547579444399624	13.1355512490231	47.34933410804043	16.36006178574996	20.470479138085615	18.025586740437443	34.44342370087148	21.81041357216058	27.770524617413393	21.98425681706684	24.3868045963945	14.433560210587428	24.64838962072723	14.96771530856686	20.972220229885533	16.043935205536396	46.73156189091341	28.373324006296215	10.655229796713307	26.14076763256446	10.733635408632795	24.915828199077907	33.8906204410201	41.408476112023	26.764107077526756	4.210057475762841	38.400529227102666	40.66625270281777	18.316142914133618	41.73007727339486	37.7768780962902	29.138473605564258	7.332588324070932	21.33770397292728	26.20389149700254	34.386149057692414	34.86868763875577	36.46139950981121	23.138587588657032	33.829219427356286	16.412354496257027	13.536226986162209	11.473754525239338	46.59873614730559	30.75661628041317	35.315624783642065	5.604290555099791	30.360856931688673	14.249845878217002	26.568328835397963	40.17948337746015	22.576864569765295	30.13264950232655	16.854507199043482	41.1793639495067	36.69320411448665	41.99364901720343	28.420712818956176	5.275721938010259	26.219038739838695	41.01801674134138	30.346210711349528	25.93530031703348	50.08203100295648	30.00891327010798	26.73127370789888	45.44803940370151	15.662155265239877	26.57593346083146	31.328307867965766	42.85921950619032	18.83306256648136	42.32037544700957	20.587576697239445	14.70242554950683	20.907705659900365	25.178731845600456	21.2424854646342	51.20247049877942	33.45436362127036	28.950337370948418	17.07492207561667	24.62665683094953	17.614724316549413	30.00596428266112	34.56406866299418	42.99581534271897	43.63454686472823	30.47284086289712	35.81074353095279	29.41259319147056	14.169457731401272	6.105945846052634	15.608742293198997	41.13684028224662	22.945420494970914	40.970523744943435	49.232615572802395	44.788864344072316	11.25208351348281	41.80963456318634	19.499546934600275	15.395639519195285	34.865349545285525	16.718630946797713	23.58346737267738	31.387922665653026	46.7721423968561	23.003531941663766	32.79507166898756	12.747592009687285	17.116452992029167	6.037025385251196	29.108523925821157	45.996668463706804	33.091192982022434	12.865327075231992	7.963337164914033	10.75950955247602	10.4083488748574	37.774427989900076	22.666022721113222	13.43907286545894	24.348800062562493	24.95429075441287	36.159810664723274	32.168455316903525	27.811631270437967	19.012370792902175	37.35281889955721	40.277536305598424	28.826003692410133	18.488414957884682	25.24878715650531	16.832059723272337	9.283115974403826	9.5029177594862	37.23320978691518	28.286370712353992	32.16979642507387	18.95011826463598	25.3670291244789	8.149620299080983	46.06788631890001	32.89625916775129	42.35751856959006	45.536202251752734	37.59759311433164	24.916505612064725	26.96888956814981	25.918944811782	41.137716557908796	26.284836998847126	46.861492445597236	25.138345905081383	29.890457810698443	42.90714916129698	37.46671656104435	7.790458160612428	39.17321768652738	42.77441923847386	33.15342710935925	10.654850692166978	49.03596018954998	26.998929391710114	39.80218086733693	38.042264189294166	20.625604971041508	29.77827774611555	26.484327271437948	16.52393430323479	18.34540616181073	16.03844726597014	31.70944064328987	19.00311724439021	48.98549596232394	24.752391656278224	24.779191403071653	22.95876174719388	21.203079559625806	5.771850496805091	29.529575868687914	28.277833371577284	29.883499262353652	26.382323164440415	20.3481216229183	23.798704666017585	33.64962781301234	25.66999076548883	39.6323614446489	38.10317648772681	20.627896923785006	40.78686283214186	20.562758148650673	31.422980337223937	14.924745477322311	22.663518525560843	39.105914155672096	39.12565900530707	19.523735141902637	37.776152854859504	33.15413819977864	24.55345597838558	15.53291067971218	23.827277145923876	15.568597535164477	32.55704639730411	25.724290619274036	53.06123177704303	35.92650084577711	23.044769976504117	30.803469520849127	30.386287828252097	31.637394066188858	32.01876679523501	23.90116576455641	34.48289154996014	15.89510677969277	24.428053146079897	24.744567782934613	16.654342698580876	39.631143497215795	24.9065756517028	16.37568659565298	29.9927390596611	35.158207376105864	40.157978148504164	18.604442714409686	10.811120458956271	17.19348213444589	30.540334141766873	31.497721288124524	31.02120830943324	37.122866371373995	22.479915502925458	24.07764760708359	35.599925688268314	19.554423971124432	39.60639054735087	27.652194200330893	34.15097718330846	24.480503562569925	45.424231641265244	47.984574478279924
26.904140119499118	22.38225191481194	39.336822204109446	16.94662733130695	29.136225814044003	33.30576929885703	32.217787635375736	34.64650576430391	25.457114606840822	12.399357307915787	30.751845685176203	29.984003591901	18.221031527227463	13.182147753375688	19.24695441155333	15.467071326333478	27.14667084033107	7.894307267207771	20.26567390766269	56.040103731046706	30.064300851490884	34.51907309956065	30.274261590197753	17.794835527627367	15.897905165478408	14.087802975972119	28.914138744545177	19.415586526052873	18.33275747587258	15.593210469619216	25.450825436863287	20.490120338967053	23.750096618212417	32.08974683834565	30.807182570073085	34.17100973548812	31.959697864124788	36.73473044997707	9.59330919365535	21.458345772396424	17.099427475342026	40.599894673032175	51.11206720385213	19.82784182694071	14.939770297191677	18.236820792213788	30.005680795482597	24.416705229606272	10.620835575876496	42.69709220379822	33.716371491501334	21.278883354012986	11.758392572634904	39.26923476803571	27.709257153361364	27.72550617477262	20.854840900080184	13.44142819722384	47.429300141736256	16.778503295105594	20.63903682009924	18.192498298805127	34.509905874103815	21.867098724251093	28.803718374238194	22.04479742739426	24.726907932501593	14.999124728447597	24.865017977033023	15.495657220917408	21.88940063138926	16.18420190992116	47.081303446736875	28.64102555941346	10.920320865982152	26.19259244341912	10.82630997265073	25.55927260313377	33.97130631527794	41.49649962841058	26.82412613665381	4.822975114951153	38.49361692742634	40.94510463038753	18.534365610574554	41.89768461120217	37.91402959962589	29.233067757111275	7.807388449780019	21.96027406531875	26.4602502987822	34.42950711707896	35.6242000795703	36.509121634213294	23.261255894586505	34.085568495847205	16.557565931421625	13.860500337221852	11.609284366544003	46.713387754487314	31.17899197608973	35.44042041072659	5.866841359810016	30.82617316276399	14.32831373958233	26.79435954700589	40.776196073423	22.694262420201408	30.405388121533452	16.936383054869943	41.42287752790687	36.970818693580476	42.344821056630444	28.619987173183976	5.501168518071568	26.63739480713895	41.31632596826311	30.973844481718388	26.442937675012328	50.33562089960405	30.100509785549924	26.79091377005137	45.73099139645022	15.698031903890765	27.394375357777026	31.392760912900346	43.30817909575729	19.014593016419106	42.45626359602504	20.736517131973734	15.263123337586595	21.15020009541795	25.551536658403656	21.799694402987875	51.452975635886105	33.68183742811812	28.99016298463195	17.360061340393756	25.932967983319514	17.74665758678101	30.403300537716486	34.725274624523145	43.196236036447104	44.34412492491955	31.121027344100185	36.09438716219447	29.597111930632686	14.211020186569925	6.152581335279925	15.778121245932864	41.23467895155472	23.45957839549129	41.05226388886847	49.44026032918104	45.19215062480328	11.331669349903237	42.06162796151549	20.33923857755913	15.933279674388507	35.30830713836462	16.785548015019415	23.87753018586948	32.040102827038936	46.85895938610654	23.138142258377524	32.95616602469323	12.800213712605649	17.989541184548983	6.288745918923958	29.28668428994682	46.14485307960905	33.54942877319806	13.010577159716485	8.633060337298746	11.703505504293485	10.4397994778365	37.93065053322343	22.745774924840276	13.993111236971133	24.49358705617739	25.09779789724931	36.43332435988186	32.503972677169735	27.872463047604477	19.09077405838686	37.474237026826934	40.52091047344083	28.863192532265742	18.91082297672428	25.553310519952106	17.22019251896415	9.652341945970846	9.609374917411435	37.56693469464452	28.516637440848626	32.51258975662182	19.49308032685182	25.95768182545944	8.306959938122736	46.71493617216747	33.150292582619926	42.78529124166446	45.85092127856689	37.72771791625061	25.18507680160426	27.63511939419663	26.74508563710211	41.344365086096694	26.528482505524796	46.90288872531704	25.801220368200877	30.019472525156026	43.279661754464755	38.23814232229295	7.925775496408252	39.50108153464268	42.8543803779395	33.237614189718414	10.970684071132084	49.373247041227415	27.05045720160268	40.22714042494201	38.46162923412303	21.07587060233627	29.946326577958192	26.592884651995824	16.71579158491349	18.53260635125361	16.477482426743226	32.145636749122055	19.070944871367587	49.02073854413601	24.801844482077875	25.160755433830154	23.08245613690675	21.432583216210535	5.8418743077769655	29.71639073917508	29.074364526855582	29.918840981600923	27.016698244644672	20.362353662372282	24.047822508692054	33.80505221104372	25.779160528242922	39.85215187945145	38.32929471778735	21.25861886479658	41.44148634664762	20.689710568042845	32.105787657549776	15.462265051876773	23.454113993200373	39.289359225075025	39.27000150771211	20.05338594230852	37.78556147536243	33.2946935111775	24.619340482927953	15.684954905274065	24.06395923665765	15.917743713739064	32.61915656423879	25.856127504171678	53.43145155749714	36.00991657952768	23.56330455594825	31.115266842164598	30.57886800389065	32.03690221979735	32.2591337430796	23.967211058967905	34.63806661671287	15.966774365844259	24.517731917303465	24.957871946281372	17.218258570264627	39.894751577728364	25.391177775635278	16.68474024039839	30.18047428858588	35.32818170734467	40.61305286950734	18.834422850209435	11.081877268828237	17.428566606085784	30.56884615565533	31.703870119354242	31.111743852837314	37.34633566503582	22.676132781855873	24.450144486685705	35.8403096884807	20.23921947732881	39.79856495352956	28.379228483530206	34.30491582389384	24.65501628522719	45.605258055206875	48.10877501515567
27.291452244010603	22.398100583990043	39.706143614445004	17.99385560138384	29.20086321170386	33.87236338583016	32.38816616982673	34.696655927413104	25.635560527469774	12.504401558233058	30.882543230122632	30.174221967992317	18.63271066669011	13.687755914102215	19.416134047197247	15.49792473973988	27.70334148331492	7.928851751136684	20.43667468249633	56.125812444887245	30.27595267713385	35.28243029710887	30.73386615145206	17.866227603800873	15.92781242213499	14.187063851868466	29.041664592296904	19.453179345801132	19.09018740276811	15.74687186601387	25.778351104232634	21.175211949146117	24.51984537331029	32.098446650848324	30.975095180610584	34.460748197201376	32.20476317757203	37.00248567116604	9.616037540772046	21.613325228175	17.238830538432545	41.232073569618144	51.14228338526099	20.354228758015164	14.955408870099498	18.33473486883508	30.01562643840473	24.649449396907425	10.802923846683356	43.067101062618825	34.22612532701117	21.988482801217003	12.295223000850644	39.700559321555254	27.76541096044501	27.888893956297334	21.793648881426737	13.63375605447913	47.91801911863817	17.247131321214	20.746468001758423	18.288919698431812	34.92977351769342	22.54765751545117	29.47618134641485	22.566632056217998	24.867336382804524	15.085926701097524	24.993234332052992	15.660079727802884	22.195446213683816	16.243051929859114	47.37177778662764	28.67442725585309	10.977724259783823	26.460717718038165	11.040158733767077	26.082883291891942	34.44892652916918	41.534659498001	26.985235616983868	4.918761775241929	38.755475039050154	41.156432233827225	18.758624691207842	41.940654094322014	37.95957831932573	29.716384417954995	7.921301317161801	22.141767584585192	26.471814555741428	34.604514487181255	35.703284782843745	36.57574614366216	23.763218740056942	34.330629318004284	16.848936200265822	14.112429015526796	12.149729886061081	46.94750009398626	31.351025968205096	35.73484291740136	6.029264875324275	30.90967706220399	14.670222657557813	27.113306019142957	40.96339348033613	22.796569371426887	30.92812783238776	17.116128122687897	42.06777979816329	37.638174177516426	42.41594403439049	29.354182208515756	5.675574275952119	26.938713081873274	41.64829234098309	31.549696108836187	26.48412056848282	50.3586825772991	30.434981848755292	27.01078461130817	45.91234049930815	16.17252688275368	27.809266727825715	32.47491737037567	43.46633218311022	19.48706673563964	42.6637286585123	20.8998408440586	15.300428821783738	21.215690905984292	25.79335004437829	21.858354046689122	51.73787835420175	33.92330980999674	29.05522496650391	17.49773846099547	25.947769100829237	17.935963017756396	30.564895547124216	34.815874251757045	43.41547140268063	44.45479792399639	31.134123816216082	36.332831850143	29.714147013232854	14.37583853528851	6.398229575822187	15.89930244807478	41.58232032862777	23.76209048316093	41.13576189720197	49.66000937780893	45.49018888539164	11.388151623929643	42.59174994050604	20.517467867156938	16.037517013624985	35.52510450371932	16.843180670002962	24.534876442463727	32.167339211957035	47.01641399804988	23.36336819953589	33.245979142233146	12.998111389480696	18.165512409856852	6.575403217416896	29.476873413153736	46.93647732215418	33.75387058680004	13.324464806847653	9.264150360963624	11.769358387327593	10.835196806092963	38.14456468141755	22.99240729713243	14.107376037755342	24.62142301033712	25.711506084268848	36.584511112831784	32.890738706192415	28.046710805024322	19.96505349826749	38.332752184709136	40.61691887348463	29.021305176910968	19.23309789461009	25.738672258160978	17.431842744322317	9.748938984126125	9.746817818365637	37.59633990385639	29.164419505331928	32.84241067822551	19.694282031773273	26.226405731277946	8.515513517664504	46.949039799680996	33.837077266336244	43.04287122032774	45.9508118193423	38.173507223594186	25.294264452281666	28.57275193057996	26.79673152216134	42.0222925883227	26.549009351593792	47.1055270793695	26.092917769147824	30.098720038693603	43.64833746292514	38.552355053252505	8.23357477239531	39.715838787130906	43.366427820386015	33.298286737940266	11.007163428810662	49.43434653975297	27.123283867145705	40.29831828735896	38.88990947101723	21.102932957753477	30.67941681161744	26.912953468577406	17.302075174863145	18.57308952031193	16.68219454003132	32.34978287334723	19.49878494035975	49.03636631026139	24.822864779050303	25.713928753745538	23.20541770233835	21.58203078340501	6.097591856627139	29.730060103909345	29.247242739942777	30.111206993742957	27.21118529225115	20.55483895828173	24.12509547641066	34.2126743868527	25.830786958743897	40.822926850462665	38.89568311861979	21.38486879012981	41.54610021545244	20.97045016567203	33.44131650011024	15.733962301327045	23.74699308667684	39.44664056978929	39.29048387826785	20.35233424368143	38.168108229164844	33.57430105861766	24.881340850863417	15.799022177050295	24.147527455387515	16.081148866058676	32.690114148057596	26.044099395728285	54.29960963559128	36.05634652498597	24.05638801827202	31.272151677684025	30.865140849512162	32.10092346841285	32.71773941029122	24.286505019048082	34.787722583420226	16.430410261703926	24.845393967358685	24.997656597026985	17.288994774865834	39.94422543143988	25.469378435009173	17.516116131409248	30.746416534681035	35.6300973055343	40.657511759414305	19.71588112638573	11.377839130129878	18.091428130875457	30.67890489415088	32.19011631891703	31.276496333269403	37.504725095970315	22.915546437757364	24.489635022195625	35.97051911415141	20.427715276157684	40.03687691929802	28.389816572272228	34.71539848174633	24.791474868441597	45.68217154758993	48.699865324278456
27.51776320954876	22.463864721153445	39.968402497571134	18.048174358005983	29.219829741771147	34.26556577423958	32.676643660466624	35.48812864285358	25.840576956294218	12.799835910196482	30.91038676964237	30.732523648596498	19.2786765162412	14.021168814392684	19.75764032708165	15.70557667601563	27.74616938870784	7.952905466800837	20.578616464545128	56.3837723168284	30.55429935813529	35.56639567300456	30.96476031757467	18.014030311230208	16.112990772435076	14.33638703862337	29.123283256452144	20.11041163103252	19.28992836057198	16.06283256114611	26.123408972322945	21.913530676169376	24.54173362422085	32.59125748373409	31.092753135016682	34.52374753769539	32.68685351957424	37.163623364167265	10.754311761987077	22.239348968753458	17.30411937271563	41.4234721670936	51.3194620327604	20.488006653177287	14.97093012213192	18.747161036514235	30.131041059276647	24.73919454878891	11.073801685675864	43.42583806445862	34.58675579278482	22.095086696833274	12.547166926832768	39.74108621091434	27.95466902385338	28.12598724351622	22.209724232696146	13.848156263234863	48.17034130839193	17.421439297907757	21.185414559147706	19.305240230263248	35.29314424704913	22.590733114009122	29.50478084649473	22.74019280777234	24.93265743450458	15.109844094715232	25.451251412423503	15.688638714108583	22.33366962347701	16.476625811913085	47.51190122257978	28.80483587676394	11.120973065727075	26.684641637157032	11.28267314631619	26.23321710916949	34.64182443881773	41.73464849996336	27.880508098636504	4.9306528017860725	38.901674772049866	41.302408198506185	18.839897220250954	42.079185221562355	38.1770252032212	29.899028665064034	8.258016781939899	22.193088047325794	27.661851466388214	34.704399319269	36.18921675320676	36.712211092593776	23.96111768347962	34.562023725625416	17.055818400490434	14.251423626412862	12.195742343738821	47.232006277350564	31.58552681280974	36.101359846334404	6.06410690636037	31.323107769582794	14.959605283980611	27.540799801910552	40.985481711527946	23.212836170212398	31.11679006226315	17.621427296441524	42.30451689908204	37.8903405792004	42.78100544633319	29.55345648984212	5.882042558282177	27.131887151172435	41.75040898781758	31.62271722834049	26.85702449326136	50.40283065535875	30.797610864406582	27.057298378701613	45.92414779615389	16.72324577687114	27.822546959540425	32.694860972533064	43.60783774617311	19.70041701362402	42.96830221760443	20.95882958392033	15.464736063999702	21.48010073285118	26.319270905831342	22.46848867729189	52.00332223469264	34.05502812488581	29.6627867039043	18.45263551635038	26.33282936529147	17.99929833844656	31.08780271869773	34.91833471274378	43.67483675013003	44.63927416599219	31.422903567731055	36.40302120012262	29.97789412637959	14.42535581266665	6.491927170039329	15.913131076727776	41.73292467240315	23.96229901981493	41.924967980101655	49.93002549482158	46.220984869767406	11.53714383903665	42.625586301633845	20.851632933379474	16.24442855414834	36.34235969245639	17.594489772413617	24.704812338477936	32.283436380337896	47.022411437879406	23.92776335869852	34.00368211993766	13.370939650749659	18.339277594396087	6.884772957834374	29.725074383700363	46.976064184553685	34.090562667928374	13.421611514253279	9.612649164991105	12.592661200287301	11.628997914965089	38.6792314489585	23.02048628171402	14.159231033870512	24.649050195923245	25.775473454706393	37.058288389853146	33.02513985101873	28.281156417737353	20.018207075977276	38.428321057872154	40.70452057049644	29.064417695871498	19.388089643037837	25.94034711825237	17.503834951736028	10.026057002123931	9.866766483612547	37.745729680505036	29.484607992924953	33.109808825522975	19.893121876781134	26.51717429980473	8.58022772452679	47.00716702979386	33.896535309971725	43.113854963715546	46.28837937816756	38.43002202918232	25.637813786790225	28.62856263960393	26.87957298707182	42.31760385029677	26.674139476639038	47.30494794138247	26.33517009045438	30.212807903184135	43.70094281079618	38.61936491813709	8.570978727916648	40.10566290665222	43.56308919774301	33.46444958695886	11.05932757973494	49.73055289073813	27.285914701225686	40.76502659510909	38.94800449576163	21.40383041767528	31.40293307185167	27.762381509599663	17.809868448791846	18.822185258601607	16.770257264592008	32.43386425541839	19.715557589386925	49.097247721236045	26.02511364498841	25.921620396873312	23.277502414944912	21.701768716857984	6.523158311879373	30.438555139866516	29.304156346913288	30.239396806354968	27.280803582306028	20.78163087696559	24.601592437376798	34.37981998846045	26.220840878147765	40.99517693665783	39.64255571031989	21.6041705408325	42.10325262499388	21.496264360018767	33.974791661048336	15.811589276435924	23.755408110508213	39.56602823823279	39.32845845927352	20.443006471350984	38.26890169330458	33.768078550932564	25.049670575297153	16.1707320606975	24.361074455944475	16.666420229926814	32.837109596240474	26.842980725831104	54.3512121507256	36.13345422531026	24.338680607669396	31.778582480478562	31.673491824724948	32.41937617922683	32.8601862117588	24.427787140526803	34.892834909541456	16.98231321657273	25.04906150392527	25.33029208799838	17.609775586238488	40.12142741265991	25.981968488259607	17.555107465076418	30.84158022303956	35.8042406302167	40.95362431786749	20.096366931404365	11.619257633607042	18.10132007297075	30.753778493884653	32.21315324781478	31.480257362948112	37.94998123349267	23.363510911766966	24.788786888348376	36.138778767663155	20.53654459858251	40.37403731122862	28.815966709676527	34.82350491086741	25.21213609552065	46.01898809946794	48.73195916987186
27.551727722143138	22.694513691865602	40.00561101801959	18.54595439243073	29.494346506272613	34.44354838885372	32.918294517856744	35.66809463675119	25.842489890200515	12.897557824271155	31.77028472660107	30.864801338197722	19.313310310354623	14.248006386821986	19.825015829081185	16.059374872757076	27.752169527527027	8.072092842621524	20.77006345083938	56.489913517579836	31.267115722341863	35.6617700997744	32.101127548336265	18.36822982747215	16.54965804041728	14.60273319437969	29.46192293808356	20.18977139188536	19.464375107142178	16.184334623623016	26.132643688175495	21.994087850856157	24.86351120247385	32.77596795084019	31.431557435136565	34.59971680076761	32.79773340412764	37.21614578926749	11.10824713435144	22.442441729999388	17.63829356411754	41.83345781300945	51.38959257417233	20.767682441937733	15.222262632381055	19.141191613417124	30.97170660161359	24.825070340609255	11.675862178862134	43.9878676380145	35.333907610301345	22.681607215653862	12.675779965555089	39.933538829185075	28.095741885170302	29.097819973979647	22.298782706371547	14.139617013884207	48.32318722755392	17.894112306154867	22.236993993918563	19.940003451455397	35.31671700071048	22.63061091645715	29.59458483375953	23.06147987525947	25.000575484241402	15.416635641728345	25.739638163722894	15.986827990142775	22.4203230566368	17.012307610033346	47.64894155233318	28.870581170795376	11.232631839676998	26.689811688685683	11.474875925805764	26.37908528153846	34.70863339971136	41.796004146735044	28.380871437555033	5.672086464922584	39.190937172602084	41.49299379870309	19.55808355435004	42.34606424206678	38.58804113154744	30.341302563728377	8.456301817964816	22.458676259159784	27.813376928235154	34.75580589794806	36.732491149403614	36.99518544191988	24.279019503446435	35.02997445046385	17.322741822361888	14.25802881208355	12.53502267884447	47.62846455559656	31.94764289928103	36.272536220473526	6.281865593561043	31.57699412950206	15.260995127727252	27.70488899421049	41.03599250383958	23.45135268532714	31.148269627654923	17.798314527876414	42.48879708824147	38.34969172986626	43.26208611720207	29.609101713762776	5.964822500451325	27.35703143760164	42.1806011180573	31.86326930114291	26.94693970388152	51.277003688296794	30.856318681451874	27.219904517881993	46.87596599574245	16.782845618349963	27.963978397486628	32.82376526050013	43.71585190807024	19.798575015162363	43.007736619104406	21.08944789620366	16.050469169411215	22.567360503120362	26.39478895734726	22.589328017599215	52.21182060402976	34.4817742205621	29.852973130096483	18.61485934967502	26.436382520633416	19.15422053566221	31.2089191497864	35.67190518752318	43.83796090692542	44.75103095351051	31.924808694309352	36.51438686402567	30.082065185379953	15.04699234190626	6.967262483511612	16.75720093100816	41.771510461052046	24.648945746579237	42.342467034717295	50.11361053552915	46.439270261212286	11.742299778322907	42.70150477998683	20.92557903631903	16.82386848865417	36.60179376870129	18.11613568396808	24.79897381937662	32.422761883555445	47.204862867652	24.40318716482215	34.12034993001996	13.378472908575892	18.671033844464333	7.001390024861337	29.766625901180543	47.028800678533656	34.61526640941839	13.794988243569465	9.94169450695103	12.62561885896551	11.746426730455468	38.71345303378486	23.05895479716742	15.010140606563342	24.84847400645511	26.856437081034773	37.17223539885563	33.270594375648365	28.506112509247785	20.406025452474235	38.49133371719451	41.29870039573486	29.279047789983665	19.741910633372978	26.539300493138818	17.676422996971606	10.372116091402829	10.175280391754253	37.81795819790108	29.490432476373957	33.22075221789266	19.90553401323825	26.834738028729035	8.756772053661152	47.27695009290048	34.32873028824626	43.2995173684661	46.596471878280035	38.74447777008404	25.872104162712535	28.820781485690787	27.156288768912667	42.84764813290554	27.40383526426685	47.357500106696584	26.678715208232997	30.310543487455345	43.95842106419498	38.67807115437747	9.01019428309567	40.110601664458	44.22630143228563	34.12978306528044	11.17597986934045	50.00743278365474	27.882734245571623	41.070908714539186	39.09975799874653	21.67680246965682	31.433521680150506	27.97114356797603	17.885591545076142	19.123549880746925	16.92098893728747	32.63759063261553	19.860515227770204	49.92115205740315	26.045833687235575	25.929153181613675	23.488690191853497	22.011658378366818	7.295027346069406	31.520746366347282	29.952037185622178	30.27342027033804	27.84467191983691	20.839853340458706	24.789350750968623	34.748703586161014	26.45714376836434	41.53335317522749	39.740981320764256	22.08996364382443	42.151286583841944	21.593592914671667	34.1115691164335	16.48338594559085	24.005133353119756	39.7912916892155	39.9805473435778	20.605644843488776	38.37882555665953	33.89484047339991	25.406768459833437	16.594389467123115	24.764335015639087	16.89112009106693	33.10058543006318	27.40561512763253	54.60227347568771	36.170954378652034	24.493430434702578	31.885626287118352	32.103636005032165	32.931860476880196	32.86782960253382	24.459668592303036	35.26013962353283	17.086729584757652	25.476230684630156	25.60231198422073	17.837146344009415	40.398112021974605	26.018574828224274	17.617207859781352	31.28948142613755	36.07862226932783	41.92052043308444	20.441074160325318	11.8218595220953	18.16065596031279	31.15885495947968	32.85004287255872	31.677286269398163	38.027557009086856	24.327316076580985	25.816835665119804	36.372348191342965	20.65204411056999	40.46124806041885	28.938039857830756	35.05496950587728	25.502235570164874	46.10534436274492	48.932304457061335
27.573394488803327	22.834692486511116	40.148816362741414	18.627001847926973	30.116576016952624	35.05147402288219	33.0466694241924	35.827685218900264	26.04848258678513	13.216499980861226	31.982650296491126	30.925717461789134	19.83464071798943	14.377543744968973	20.11068717330869	16.26638626503484	28.007426838337285	8.639594121876325	21.254586224253885	56.814488495103625	31.400540056358157	35.72193337593009	32.434496772301294	18.460263391404503	17.243113149816274	14.797066781714214	30.09661230321645	20.71768595876652	19.838137409260067	16.200295103321658	26.353976573125163	22.83156589095897	24.888786597433487	32.90720299617596	31.487204017050377	34.95674566702277	33.08883894107533	37.258298782115254	11.304558367917783	23.096265935018273	17.906552833979617	41.87250747114964	51.42255276499263	21.081737402269763	15.61406962979846	19.28615170261457	31.585112997707398	25.353899333205923	12.124298138571826	44.187162983238515	35.60886390528371	23.000126127959447	12.831017968980234	40.01941574908701	28.282916446241565	29.255009698991152	22.39551324301583	14.35016648678758	48.58504330307232	17.976517268499578	22.329372879768364	20.510377809128904	35.759896014847115	22.882222206110438	29.61570702914185	23.07119413104162	25.67591087835107	15.616587440265642	25.952088683101966	16.26693789854115	22.656349326469407	17.21608052475223	48.340366659997365	28.903043115777507	11.294679778790236	27.328643236614628	11.636446224586274	27.193022771088863	35.168505614770886	42.59518044050248	28.62233680936482	6.010339010143795	39.6061499057242	41.960754681832924	19.61764390520954	42.600583458666684	39.31059980303439	30.37045553567505	9.145020738825998	22.647519381209698	27.925011959585074	35.20819873832593	36.79595645594999	37.05940320547062	24.350001856630108	35.13038581330358	17.671532436821845	14.96433676114906	12.80350935513566	47.96756840391801	32.002922800597084	36.421124082257236	6.325075403256308	31.854285262040644	15.355895553879146	27.870189759764262	41.1268407870622	23.51617970347766	31.225481809016646	18.036559884740573	42.66357364625242	38.5877501682075	43.56507214050865	29.68486978667731	6.107741416568282	27.92902038167651	42.187930501707555	32.33982615058603	27.100095382736356	51.42923498232248	30.991378724230707	27.507734068134134	47.02472465471671	16.96650763629261	28.03410866320053	33.23967862717721	43.85167012939962	19.82771119450467	43.44027031182253	21.24766693101986	16.15225543751233	22.77489375312356	26.684485789048093	23.273766502603976	52.266283557344714	34.56554977653695	30.616775263819914	19.669002849246507	26.795856829096387	19.259750232646596	31.574063898654384	35.98630097852386	44.012406855100316	45.460972650896224	32.13994217356517	36.61612515172584	30.194238090794602	15.361390788985544	7.244074720819411	16.76835818725892	41.888424465565016	24.847274711773263	42.43693711656794	50.27241768191821	46.495543674572154	11.94671087580204	42.914292119853606	21.171402223556495	17.060939235420022	36.604198117838095	18.391879530518974	24.85650963210326	32.50934484118437	48.166823028723364	24.408453725042737	34.18782272777992	13.872136408980461	19.082377512674206	7.589011564379547	29.827401598714882	47.43520028207081	34.63800865151295	13.854099926044261	10.11461103787209	12.66990512987575	12.044488172749688	38.76036376034923	23.394656407619753	15.357092753700014	25.278197801833883	27.980996567826185	37.255232119064345	33.452534497603835	28.68959428707583	20.468926110528603	38.774073651050294	41.68449378732578	30.199865554689808	20.13087379173501	26.611362907321695	18.36499306554661	10.574744322896173	10.452285335168868	38.23806016125161	29.848267115851066	33.32815777692417	20.10716779757965	26.920258118641993	8.92324150994136	47.8921812554206	34.63984072524165	43.719338143948654	46.70032261423788	38.77904435414399	26.344216165162578	28.88848035357659	27.578072893440297	42.96186362300679	27.922337514187852	48.429580975391346	26.977510075448254	30.542741215094356	44.18812218412228	38.83015047415384	9.26155556958875	40.238656930583595	44.394654338820956	34.352561138411914	12.679335613247542	50.26357178956202	28.256029969594938	41.480511436416734	39.74452341271491	21.70966130181812	31.606994674337045	27.98020864866221	18.09614296223172	19.174797119144444	17.335438122629604	33.1659987184892	20.039972702431168	50.112410959449974	26.242608490346417	26.60364731045712	23.59426837150426	22.09546113677974	7.365550881598804	31.529211923238417	30.18548535617155	30.69085317827389	27.948121035155957	21.431964734277578	25.363387038931517	35.586036644403976	26.52688520109168	41.701260041757784	39.91836509625959	22.312694084945775	42.728302988803875	22.724771795947838	34.159334895008264	16.59535987828329	24.114479724853375	40.27893377939653	40.193369348685145	20.728199574692606	38.93370540905387	34.02058440041803	25.413124825667452	16.677084310887512	24.97999814863186	17.954324307312937	33.68746207410452	27.816504299602936	55.105477464750024	36.6151302064808	24.823207458091957	32.14530657696598	32.33280466427463	32.981034889794685	33.319264712829835	24.569060606495093	35.507680384047916	17.174697758159294	25.593618748543445	25.808851513201372	18.057773214427	40.70297092457854	26.1392769253846	18.052315954297384	31.79406598452426	36.26342559902622	42.476620266797326	20.527544762688517	11.958081248693704	18.88037053585869	31.196923716643514	33.11124363037888	32.27932484874337	38.08731501513822	24.5375210087014	25.95163282840688	36.622162571200846	20.706381124742503	40.63576877518428	29.183769840027438	35.30087330358309	25.547714377771783	46.29952858064537	49.394943886098474
28.101985536507097	23.29024516416591	40.34597750016418	18.68843282387308	31.193673275172877	35.31797507677707	33.098280685100896	35.982909228115226	26.184794961101417	13.258817697882076	32.90131153421808	31.113442640002717	20.145534995391014	14.75602016772137	20.466567178013527	16.703113081686276	28.091723474184604	8.721939487573072	21.40958660310755	57.02233075204841	32.004888972430486	35.82491815873852	32.584067865317735	19.387943757726624	17.285533340570872	15.768544214725651	30.221304588890927	20.90410588059361	19.944427378439954	16.638079962019358	26.488207449631133	22.935191935940466	25.07132306193614	32.9125280798268	31.683001913939385	35.018489906167595	33.16914976626037	37.49928774990063	11.37103609081303	23.347915871045494	18.214981593930638	42.621666232702786	51.79425742796231	21.423906885722523	15.653567353795244	19.706487197914303	31.930863192927813	25.501780205404447	12.212387761410051	44.23118376315205	35.79530416245366	23.245294984614546	13.216438802566222	40.429349770690976	28.345479326651564	29.3839124035074	22.71043349339717	14.859178523279871	48.67682761068645	18.868078391197404	22.56741639731807	20.568401860549326	36.15082658051136	22.953547636476486	29.83731509622424	23.18080443944951	25.950313414112944	15.625628241649979	26.044394387373448	16.350211137121043	22.836093377271997	17.68388034457055	48.618823888350846	29.24552792878311	11.354710686477182	27.515211263160225	11.74109836931608	27.54080850182081	35.20925967409332	42.75509201952547	29.00508459292413	6.1972780284811355	40.23383307918766	42.09399728647257	20.20977697952412	42.71797176077252	39.55534257212024	30.595908718579494	9.29309947256476	23.114143470562794	28.044229224680276	35.260098048424155	36.88457515226121	37.26776331211283	24.54627371126695	35.72302298747361	17.894535103817706	15.154352599688385	13.17739672633059	48.00705975654914	32.03881531670211	36.44860304731966	6.524474237076208	32.114912875742	15.953609631069344	28.404094173957237	41.273965102727075	23.96099701436735	32.238281456625344	18.22135442046744	43.470906531492936	38.83715273273483	43.674710297161184	29.897002083986123	6.429593469154317	28.090981576870806	42.34563486798578	32.46378518514704	27.630317461049632	51.51093817094965	31.26220102335668	27.673570751935333	47.12998890968024	17.026257308779932	28.283636106290366	33.2828865175668	44.43456940680106	19.92280818583886	43.565133262592845	22.366169361583236	16.198834981531288	22.79390018869399	27.549248558574565	23.528507928666162	52.66086552502997	34.73477498434763	30.621660922685116	19.916039920766927	26.97774388721131	19.399020290711416	31.97156788017331	36.79791103199294	44.413105320882245	45.51255036067794	32.32364688516078	36.85962782055209	31.028060379762472	15.891065370521058	7.4730009638484605	16.83845859791734	42.004814042754745	25.053915657298212	42.8119073586817	50.41082217118681	46.99775137812824	12.586789337766229	43.37173628297586	21.198163648140902	17.75063300997814	36.92031148731342	18.625230591168698	25.07462385731077	33.29731761814348	48.20329168053993	24.490965678950506	34.704541287936145	14.144683795384738	19.165454675174278	7.922249811490194	29.885589990368953	48.01112440226553	34.85301374732374	14.67778863956332	10.26324424664766	12.988157419554456	12.230954170220402	39.1075199108659	23.959283938588552	15.560660076042517	25.36647548939147	28.100238325156617	37.31711032290701	33.467255513682424	29.111291478325704	20.527623064468656	38.96560848178959	41.8964504791999	30.372879270195032	20.456073238483146	27.13298089320838	19.150136748653605	10.634005465560756	11.113198363031103	39.23889340861573	30.13328077151655	34.16821577677736	21.28467985468138	27.013401857564105	9.344584076137027	47.97937660957532	34.77094874627581	44.01498524529947	46.75834090453058	39.10531488213694	26.411067906409226	28.942817254139833	27.950315926909763	43.19637250278935	28.02631512233448	48.64798380084026	27.188022291331798	31.551426193844474	44.43487937363114	38.941791501895764	10.101968341262042	40.54887849288724	44.63526257381038	34.56446212483039	12.959678026812643	50.42095701164079	28.3772178956349	41.57848732146074	39.88215071638617	21.928466464781753	32.00434064019105	28.13991870205465	18.32045693892834	19.300287805995303	17.886058751652882	33.47983303514817	20.444680699473174	50.30282515647141	26.36186844352164	26.896124575414053	23.845180798846954	22.619196968772787	7.571240034975083	31.632077057719783	30.368961977572063	30.8486180817347	28.114495693138505	21.46695455245798	25.539353404927695	36.012927454951814	26.933620033937707	41.83877123256518	40.082554257354296	22.657611210056462	43.110483040225496	22.752338914396805	34.19283509418602	16.734213198793316	24.48195956536823	40.57295593009132	41.08896433903097	21.373636570477796	39.17151548195389	34.561305862933025	25.777115844107872	16.97729533909018	25.242949029857108	18.01622444975737	33.71534094253876	28.143577085450904	55.151658824842386	36.747877509630555	25.166343275723573	32.635330384719104	32.70325006127009	33.062776731935244	33.371091283172014	25.385230730419828	36.22619004226021	17.36179097198185	25.66790238067517	25.974857622715017	18.315569551375837	40.78184815329152	26.7907390742582	18.386483039268523	31.849752500904735	36.313057013516016	42.66769775426512	20.768449676968206	12.530238249096142	19.08401996752059	31.789483478006826	33.2286721337162	32.52353391833934	38.20271823731654	24.578485562675805	26.068373538567247	36.822596868745684	20.85615410484722	40.851650130643634	29.727800688102803	35.99920485966003	25.922566495146995	46.55020868815495	49.478684585476024
28.24306344110817	23.428320634990534	40.825835848494876	18.893546648891338	31.345523674078667	35.68405732407799	33.44711748439457	36.180184458102865	26.376336589356544	13.31385367006296	32.97457847678084	31.16409075358185	20.437537421607207	14.864646279377435	20.81018443368652	16.726979425459607	28.35869252098866	8.916284832788193	21.76139813685156	57.081044350828925	32.27177861738367	35.98014127735245	33.13403752451382	19.65984049489898	17.498075958696614	16.028816222351224	30.376932035529	20.92383501315148	20.12718880911954	16.696717419422882	27.24286737711348	23.03626339528931	25.424359201150367	33.3033202732932	31.837892045234916	35.03806586324972	33.496171244173055	37.72834018684596	11.457375416357708	23.81859137184429	18.464664151986366	42.787597415661324	52.04965039203458	21.749341859737825	15.994078477894242	19.804042855699556	31.965357976086406	25.85377940849462	12.480542156764333	45.385425640922065	35.92165312708114	23.79232219395344	13.937574582755383	40.54014877816287	28.835037933766444	29.73205983115345	22.91256909949823	14.919879697024252	48.80246431737355	19.859446291019466	22.630464191792644	20.63488261305022	36.39322365732017	23.123310368161437	29.85656838987564	23.73061227907255	26.21420635264462	15.688033755853242	26.285118576052646	16.52749546569078	22.952491979893345	18.332149392938433	48.65911549774022	29.379603387317403	11.79321095376009	27.60811669332888	11.877760228929402	27.694798441451145	35.38494822561117	42.908563473806616	30.303317378545035	6.471478320963811	40.27748394853944	42.90734673084182	20.51640008117114	42.876658615327464	39.65619193557806	30.955771626583694	9.393591758969006	23.34555678328004	28.291927292382816	35.34193153891429	37.01125726242921	37.929788564487225	24.774245560685078	36.27527761930486	17.995995286475136	15.297727183722285	13.202149432309747	49.13661354337837	32.45472915691377	36.88290751544052	6.909022997832832	32.39158060514925	16.24996147012479	28.606376823651438	41.55297350899597	24.18764697824872	32.375868238354684	18.38510837083693	43.55114906426566	39.14682499206406	43.935796328304576	30.33731957407066	6.579434861675442	28.678701518610332	42.61196121952182	32.58361850958926	27.68331913599813	51.53184466501308	31.459373564136655	27.85506087150002	47.18810672805299	17.07652667809413	28.469730521905138	33.30559158969482	44.657867164703966	19.999625867649048	44.13435849128144	22.371678877735793	16.283785191365208	22.8740495774926	28.229242766859972	23.71955892735793	52.78832675327431	34.810308486630845	30.821033572696802	19.94665531689565	27.02397380808263	19.796393292521167	32.368838938248196	37.45759376516018	44.6769329332824	45.67160403403641	32.44377454318301	36.99033853284023	31.27518944090157	15.944142635600034	7.969363830839392	17.208221172094664	42.59991945970094	25.264456180537437	43.07394033242666	50.67839330782879	47.37202212143633	12.633143172559606	43.4115239769047	21.446603284267766	17.760698519496067	37.182235909016185	19.70246554181747	25.346047014724295	33.30375866448241	48.47754270148333	24.67253493271612	34.87619380159195	14.592286171299033	19.28896826471101	8.068842350597176	29.922613485726192	48.138127019238034	34.897990258390706	14.926834459035451	10.421295252987486	13.007883961190245	12.764559109344589	39.585905426194145	24.434543469819992	15.590913546286727	25.449388760805746	28.443282228620962	38.04839263256874	33.88770443104335	29.1693736759275	20.770769688876335	39.03125550695779	41.91661644517219	30.958820083080933	20.806748791681485	27.291676159020156	19.55142353315416	10.815101816486674	11.551772958538956	39.35550248656671	30.2369225391052	34.57015318989257	21.375808811002393	27.552624555773033	9.489074050499639	48.07498815854382	35.010971193412715	44.100801218429645	46.8967118027554	39.124565874272726	26.80691687604048	29.336802031757884	28.058969926008906	43.53471950819612	28.104007034542825	48.70912655067574	27.38352211398567	31.86355963737555	44.461721164106336	39.59149919506198	10.383872602330886	40.571976454183336	45.18496123614019	35.37145421903762	13.540734570941718	50.61979922727045	28.47835746957766	41.71611066496534	40.12094544190652	22.505188768314117	32.4170090996428	29.28583471393301	18.467587796794852	19.31437713338122	18.122077188512502	33.68062693623766	20.742585636005956	50.37237218165105	26.386632307285236	27.196938163855755	23.959690061654825	22.66921759028595	7.640450173862207	31.668467118961768	30.387714755784422	31.235506664470932	28.228553029086374	21.77081767908421	26.308985697980514	36.269614789379766	27.128444312965026	41.912357398288776	40.16145884231466	22.72246645053943	43.313164368070545	23.42159292860891	34.49885515534388	16.999142032491353	24.584075932924367	40.68366352565389	41.33687023100939	21.600974827524265	39.47828600851644	34.60617088919165	26.56917477942562	17.680385916849335	25.9669435507421	18.291234919381527	33.96127760417531	28.179545362124475	55.342831253940496	37.755705759251576	25.33864848247297	32.89890420500212	33.18123408306078	33.208169350936686	34.303642404509475	25.584708000405765	36.549494438611454	17.759747347178475	25.805113894809164	26.26291571395291	18.353234279080826	41.358619373771376	27.016768032416937	18.78655560992404	31.947809311019725	36.73667064814513	42.848041538736126	20.93287346384956	12.739502051049866	19.34454410494932	31.8647684928167	33.73634433021392	32.67245644377958	38.7993079717625	24.59060220423451	26.597925079236084	37.33035856408856	21.124401069979733	41.08529850563424	29.99482405846522	36.204694637817724	26.262901277546913	46.62893401033008	49.579526960393075
28.921162362161798	23.76988885110011	40.98658589676227	19.01086032216491	31.816746008155494	36.09852709477849	33.55239207687991	36.78092144396711	26.5436799901084	13.786193102811245	33.17277028494785	31.961722694848614	20.49039844079659	15.348534717644867	21.449042090592	16.830747826001947	28.770813860673062	9.078806311963046	22.180950601723886	57.23834280274411	32.776179087723875	36.169775536167016	33.401848645298394	19.712923920455857	17.939505084000984	16.165410708244526	30.425598683379164	21.22106679545379	20.401544711086366	16.985241664284125	27.50220861478988	23.162986155622676	25.802946898190644	33.93358761747992	32.30953194037019	35.73963439199466	33.984336399585374	38.31180511735605	11.632978504216974	24.001196621706097	19.11642609711511	43.112209779574286	52.319582051953866	21.83551339230748	16.525359297899758	20.025428430111162	32.48572468777873	26.122707865262633	12.688679380624178	45.758411844095896	36.40147649135341	24.569889306321564	14.44687216499745	40.83788527657966	29.5513284467762	30.96921062009436	23.240409127377912	15.511153231899147	49.0781575531498	20.25331923419425	23.2635213063084	20.986028615238894	36.78762265137113	23.320960954587868	30.032224519621504	23.90205100437501	26.430351288122857	17.24992984917903	26.609503732302624	17.00724819457026	23.409940714562154	18.433206549511322	48.85889891951486	29.607185813210993	12.078153701983451	27.643655662878775	11.942704466344477	27.760988242938076	36.563638586274784	43.17182213377956	30.349163935401307	6.980034138103184	40.315741310540965	43.145014201132476	20.561699386447778	43.0166387988408	40.12740165629918	31.120624083871867	9.54184964566542	23.449404067873825	28.35592138543851	35.544635830621864	37.02439258821824	38.11167242521389	24.872039339861246	36.59629930560288	18.598685996810612	15.41458419711668	13.502517044272244	49.18282532822457	32.471666076285764	37.423335300921394	7.02278055640879	33.034877339841366	17.347910306453944	28.607368913283832	41.90409723099181	24.37315116592886	32.81095340211682	18.563671835164577	43.847185996171284	39.26013307280617	44.61317719729951	30.761261664808433	7.037455809965385	28.80779706562019	43.23421103023352	32.65765564081346	28.09142179811042	51.53767791658796	31.6465543949307	28.607541130954875	47.3384858216546	17.229534295895764	28.678116400820915	33.517397809007036	45.364427035584406	20.021787880512054	44.18332590840296	22.384628644853922	16.763140476579757	23.47313218539465	29.07834976152718	24.13089405442902	52.9325252798201	35.28368589537938	30.924273607053447	19.98989980948023	27.27335347361168	20.030398169328905	32.38177899031864	37.70777987677583	45.311272717097886	45.7419980424216	32.65312089935382	37.553150573369244	31.771967892997832	16.051951504688706	8.107674018838091	17.834789383326484	43.03143191542927	25.358280072135525	43.37208948398521	50.89255674974226	47.69756886345586	12.9982941218505	43.461317338094396	21.70713811794567	18.57188685619782	37.21875682086275	19.72940137822027	25.73751970297022	33.92630683465889	48.51504856746884	24.71065552032829	35.5232705000751	14.845966663290987	19.294693479068382	8.324536612747112	30.238866573240813	48.156654464313206	35.10964306929562	15.008093439084893	10.605755598591463	13.472760072678552	12.961046842629719	39.73790165900725	25.233869327667797	15.95204912554327	26.413499124155123	28.923207513876697	38.13303521571439	34.17422895453359	29.31470168274063	20.95685947887552	39.154605807648075	42.2009786072151	31.80920162854051	21.002845140911237	27.382622663165876	19.573296231798537	11.250794521281872	11.701417562905128	39.6219418038531	30.384908294478297	34.95532643949492	21.720036339048388	27.687965235260634	9.57409267591511	48.12996112209933	35.945379649652644	44.50355733018918	47.026735695456324	39.30108292477373	27.170795753283446	29.694501036838382	28.26064062437801	43.968912749887586	28.16097318354933	48.75691899079957	27.470072814440975	32.20501732711123	44.71290931048958	39.66459388769917	10.433008196269911	41.02517606372337	45.52015852818249	35.69333197671222	13.698345495256975	50.7314489937488	29.06735803444274	41.83142485592611	40.28112909287377	22.601851294475928	32.797053742394546	29.549056181707172	18.531531497266617	19.5837601187132	18.733849445414492	33.756774273331736	21.34507624723802	50.428901158957174	26.52764968144941	27.27488496460601	24.18466979343566	23.03962901458616	8.140376947469303	31.85657315873654	30.438781076289327	31.256571762538673	28.418922118566233	22.248362552030468	26.31184789058183	36.40778753557277	27.224569746546464	42.802735908656274	40.20273481844925	22.995589748294858	43.64024750364878	23.846178159915063	34.63792500839172	17.297151276515486	24.613917008695278	41.245103063058174	41.42058421550058	22.25431492554318	39.90161262509108	34.71952873353262	26.761213586361645	17.89321013546321	26.69358398805908	18.657651539941924	34.17410806792517	28.21033843759131	55.96043850913782	37.80405669147582	25.554522280071417	33.15210040577045	33.53229307555152	33.775812831179366	34.5186189874689	25.83311963876482	36.80924233013386	17.79371300177222	26.229161668153626	26.43115534366622	19.157024753757785	41.45619087601058	27.341866627609342	19.043078987513496	31.967162146638334	37.55665363929526	42.93193425067998	20.959713211670923	13.426118690831442	20.02538724942542	32.14242112393273	33.768922270469666	32.93197158869697	38.992421602255284	25.034589093067446	26.93444163728881	37.48923238907477	21.446503870087774	41.49836186168931	30.74477933757116	36.48195798395304	26.284358639266088	46.735552067210904	50.076840916071504
29.195066958409974	24.873869456651864	41.32919939274925	19.222364638151372	32.391264399747186	36.197296316710926	34.022961102451994	36.92930769216639	27.181527191246253	13.876661681831765	33.570164178464836	32.11203788574464	20.76988587249798	15.95391245284666	21.886169187224365	17.029751391646496	29.04200380033611	9.12055372029157	22.26096789428997	57.41189946690527	32.8062046296957	36.58328176980837	33.513396044343644	19.754425198367723	18.27328657898536	16.230590848000038	30.639348101377383	21.541087338831314	21.10902860906424	17.386626352247013	27.568553142876723	23.33173164035965	26.2149695736187	34.24381395244934	32.56621141615699	36.02975243906846	34.294768226318055	38.65707161063798	12.069207267808853	24.945470398553134	19.440691526686074	43.53847736317337	52.56577163940074	21.880303976976478	16.87782407071315	20.435098127133212	32.606312461733914	27.030311631691628	13.130336083350226	46.02329919249489	36.75245569614346	24.78545766936654	14.471819350302876	40.94543966913649	29.910796976955467	31.34703568972031	23.32637310106934	15.550280011558963	49.26248839937974	20.54921772736283	23.42427704475146	21.398652583281432	37.02127960891249	23.58279403689575	30.267113399334896	24.00504191480302	26.523794824475303	17.514344230307795	27.119025099284745	17.083994114418005	23.451740242835857	18.564230366071502	49.07499118204637	29.694244725490897	12.940318733231475	28.143375732087627	11.998349835119264	27.931279127466812	36.94586868540943	43.20246721282616	30.58154250588314	7.211410029312121	40.370011018846995	43.237522757351655	20.69265969420413	43.55499868009034	40.14132430765805	31.989389757648297	9.833079896639184	23.703942130921256	29.133278125340272	35.875410191491	37.8146447544198	38.45402299830485	25.038849823784346	36.65208029808979	18.704282669307187	15.964882352954326	13.592733408481548	49.43288856694304	34.14943419841498	37.471229595089696	7.097035175296279	33.33367704676594	17.36375776489749	29.4203692806093	42.10489327958488	24.606225220204934	32.877196460870216	18.976220858555802	44.35094565783442	39.71699038477203	44.82931288520024	30.788307036201726	7.13845033478693	28.941596746490248	43.57964318465266	32.74040062586462	28.12549411069198	51.799477273599095	31.715357046002293	29.301251039729635	47.559652280009715	17.683198838099326	29.514790606381325	33.56671129650439	45.4294010242835	20.486180574825866	44.362637352256236	22.648225861699093	16.782383726056544	23.651870486228486	29.588069306702117	24.73524508333162	53.03936883597468	35.48664922492319	31.304464699843678	20.24096961876817	27.389489633781828	20.183349252194507	32.565520988863824	38.23876797418989	45.67184775705559	46.535718166905475	32.88824833207453	37.68888904860293	32.53448856854645	16.613657728430486	8.32507915910808	17.99841488521349	43.114310154674726	26.733721824896236	43.64411272175362	51.20019673305334	47.85861077332921	13.00593350935801	44.09412406367167	22.082911895874975	18.66344042245589	37.2882870310514	19.752899077082365	26.13720962493463	34.504206285988595	48.60718083176567	24.78654849185527	36.09259597484693	14.932868738090097	19.456056929730707	8.361822295409741	30.668587362090765	49.00629175113892	35.38933233813992	15.162723256400296	10.824657277249011	13.503178143903712	13.104203296232303	39.752087468893045	26.477202891393993	16.060724916574642	26.4279794552036	28.97138739440059	38.490907879363725	34.36360713037348	29.754244029214217	21.04234647735437	39.44879430373304	42.41157824225801	31.876723202623	21.08133247453524	27.563399900019657	19.601791503147464	11.316913439116403	11.916216388298961	39.65657635593603	31.019007204959458	35.44961369223549	21.803783767750687	28.087263445997483	9.710299274001649	48.452359373797165	36.21045284736246	44.51175539132395	47.34347970388447	39.711944711098326	27.53389687287489	29.918068086546967	28.80380922139474	44.11092019884583	28.435787619195786	48.82591243477566	28.89339482212731	32.244454721427516	45.105545619420745	39.893744479085605	11.069345647110312	41.43748733806824	46.02113712070361	36.49647437395372	14.160645680819753	50.75291580505774	29.196922909552388	41.92603282597857	40.617290066289115	22.835314829850194	33.08314930729609	29.905599629888236	18.875010109673397	19.66541449984931	19.01024192014544	33.80305466793489	21.4367437524951	50.86721988206111	26.894222264036905	27.44669506086093	24.46117319995482	23.266376236846757	8.179910815001772	31.95109724654496	30.642299601388512	31.95974145745303	28.50837531366595	22.72329268997512	26.45194478625137	36.71987035979399	28.204531129029252	42.92553922145182	40.979355099349576	23.61260404546791	43.805483521457894	23.970113407043435	34.83254155340425	17.36850563302673	24.699398949155896	41.44906632150374	41.47258053542772	22.512796012847154	40.24717674211977	35.34416433754407	26.840699508082224	17.942432272218223	27.162228606055013	18.684409400440323	34.94123873701867	28.392535254761878	55.98442089603775	37.83955302703369	26.03666207879088	33.27420547998139	33.58154515738169	34.26641262959222	34.60074161913654	26.39472238012965	37.02524424961515	17.910434918761837	26.493849655046898	27.72735778634878	19.355405787655158	41.697403760982624	27.432966883321303	19.161790005316465	32.231967569905606	37.60435794087107	43.05628763603293	21.70988225478076	14.131391320829135	20.415710978373248	32.41254716932273	33.957828448881735	32.984139059887404	39.1594820552298	25.576665383971896	27.360754443162758	37.74201710301093	21.56204050716118	41.63330628940059	30.907128289365286	36.62132529675593	26.555273747028775	47.00944996579665	50.206301304009855
29.25333680094602	25.29655571375031	41.523983393088606	20.13680330496808	32.54069506640941	36.20775222972041	34.40649542113586	37.088854849887014	27.250863394791928	13.940712732939533	33.67216015875715	32.351424197544944	21.328905116641717	16.00709410277124	22.14960542322056	17.368984474487718	29.16955163295079	9.186156172985443	22.355858303176195	57.78622735028388	32.87250292425804	36.83398833125847	33.779582789194365	19.957576374864104	18.465967703279336	16.425822721782158	30.77099152218812	22.365209935066346	21.37987171399406	17.538126652747398	27.676235107714582	23.492480343164253	26.996912928643564	34.596374641912504	32.63962248789848	36.51917713979458	34.35590234392682	38.72554172214425	12.266268110583201	25.10400652426036	20.014240172273535	43.91793436309477	52.74533866456906	21.91903988841586	16.909833414570425	20.552430345755475	33.01828512857456	27.370386702807647	13.234031172516941	46.37959771794219	37.0035639044371	24.8565156516819	14.643725717877691	41.268181473062036	30.242717741399506	31.45635499500953	23.758685612011657	16.19819343828439	49.27655052460816	20.716215239665285	23.760771942502178	21.737193626601467	37.14252363816339	23.98761610157246	31.07828076267823	24.080522230176626	26.871010059577014	17.531497802517833	27.247971950357105	17.451653175819946	23.532699929373415	19.139445297365015	49.79805692948939	29.96094020880566	13.122000825989682	28.335330707384365	12.242020942108748	28.304242906432936	37.03495850429668	43.548859754822494	30.658166811768577	7.630100872690049	40.39952415499304	43.77298121431794	20.89712563162623	43.72888250353872	40.56380285222412	31.990587037405163	10.057174976205108	24.356081901283275	29.367656684730353	35.88540660974426	38.12898514551686	38.84638847653215	25.322573423995596	37.053175355902766	18.779741440138565	16.590521297651023	13.946236071330599	49.486908589039054	34.278124331301136	38.16034025147292	7.247741416876339	33.38411059205498	17.486668146104677	29.510088693116042	43.05266191128277	24.69901396692626	32.93661560165833	19.379649081511605	44.615341632241446	39.79575368010578	44.840033639192704	31.211313125262865	7.2955231422637015	28.974341189147175	43.93795045626699	32.907523341468654	28.18606143837187	52.20709698213613	31.725732959802414	29.743465259740354	47.7135115649642	17.893736553169322	29.872305919231586	33.72491276326147	45.702369144132255	20.899529205645926	44.877070119547255	22.784189827113035	16.967852487324162	23.85905226156203	29.669998009134844	25.2483177156375	53.54816267737077	35.5040094499309	31.48819419656143	20.67164102076413	27.473497978692826	20.65606034599591	32.710164453761216	38.50288879827379	46.28828681862223	46.67544542767251	33.107808435297656	38.35061232683118	32.66306472230383	16.657858587636	9.09677338785925	18.524869899463024	43.32350674421472	26.816736107160445	44.0256760595132	51.27803699610325	48.00765802644015	13.484485210772847	44.10649409123094	22.280404943082285	18.71993311231607	37.95462845113503	19.85495515627583	26.29934454171011	35.00011210445527	48.678456895014506	25.549626232219385	36.42265695891599	15.699186305983675	19.894404851726033	9.066425603772123	31.01872701943185	49.0213173370295	35.51163391011382	15.372363095038844	11.194566976887689	13.544017345769973	13.350438463797985	40.758919994871164	26.587400591287842	16.258171654301435	26.74297865406437	29.225475686351857	38.884905308147246	34.414557874932015	30.164633278195268	21.373178711508867	39.816949234690405	42.47578860577925	31.92348796895522	21.101831204586343	27.653329017507584	19.6905260498381	11.548991044955704	11.995964030680186	40.21149470218164	31.230871044848932	35.70854824739993	21.879063745812342	28.116335685662126	9.961192465708077	48.56125638585309	36.33200382886344	45.3418509082799	47.36516563455065	39.798990935524095	27.63876462300485	29.956285813404886	28.931430357356273	44.35055706580667	28.98378849991089	48.9967704394055	29.170415656265853	32.42718069655443	45.55022928741536	40.67167632510157	11.085227319310809	42.18133112111514	46.53104102004975	36.74594787656815	14.186388184011744	50.96209438402589	29.503182554441892	42.197756452074	40.67504504868591	23.114206829561823	33.135162866578646	29.97333474787003	19.486704645329482	19.793518384590428	19.291550941588632	34.25946522366653	21.550910129580387	50.919106799864984	27.547187377887663	27.496593878289442	24.53148091296418	23.410251765532667	8.346818819735466	32.281817995653356	31.39841743207273	32.4210490138966	28.962271254556942	22.83353852436233	26.624992246592285	37.15453047661095	29.59940831203985	43.15833382559806	41.11372236615392	23.755389023892963	44.18082006482871	24.0009016787189	34.909023578766956	17.73459229046374	25.18549643075955	41.838555501832374	41.74108509006263	22.54689759024582	40.25916697030874	35.64129851834515	27.004437105713773	18.227460315388505	27.64142601352136	19.18629456936007	35.001761298939336	28.467440202706292	56.359922248619995	38.4216087881706	26.35676461220771	33.39149185442531	33.79100575276853	34.64806224112716	34.86800906731564	26.488375901654187	37.257627743863246	18.60180281209524	27.061784532479173	28.252440869855903	19.625470842655105	41.84053155654716	27.511630594768654	19.80124272581956	32.31822763474324	37.96842172225829	43.77917819395733	22.004098500949993	14.2114303528888	20.49947907427258	32.44602120646072	34.053598089825556	33.338243007538786	40.07143801339601	25.63692886947558	27.39941135843819	37.975308277082746	22.46937324832872	41.83047506721959	31.44357091384942	36.862607551635506	26.706502664506992	47.10157848966578	50.52215825825548
30.03322216482126	25.762337940749948	41.56564830348124	20.73721833588293	32.58502479927301	36.80651647776201	34.41982786045127	37.31989749198096	27.73975138057464	14.0835529752095	33.79641026424609	32.578820458815855	21.822355963369432	16.413588310440957	22.15722187451781	17.400731186684947	29.519510863965635	9.39472236889149	22.470022694280157	57.90788399022735	32.94558620706753	37.157814112553496	33.79027838135512	20.08233703457188	18.619658046572642	16.792882139216466	30.857254047520108	22.608961216032963	21.544323964286722	18.03030065020243	28.139794267892107	23.54632713953741	27.29314859050059	34.81261927896786	32.82248403706509	36.760941375039614	34.43371495372557	38.801649412231775	12.920743776411712	25.169336885029182	20.277632548941348	43.98302669182558	52.85782515747217	22.012831740966185	16.939760780141256	20.722193013384167	33.2951154910657	27.449269098089978	13.703121651923883	46.48256446478118	37.06324445734363	24.918817274377783	15.036228074747847	41.55591401965604	31.109820082656285	31.611514036169968	23.900513447931278	16.309721142859345	49.693389199679395	20.870119475159488	23.865127746674293	21.907712349538667	37.21639396388885	24.332103079277402	31.3005772601096	24.211521515903527	26.94662879831597	18.43407424303924	27.34331392220037	17.500187975133095	23.997746128795338	19.411744682452404	49.87756785816223	30.508231869512514	13.208153091747498	28.35760120626245	12.470739474267647	28.857129106750065	37.27758624566921	43.56140525003278	31.543535318905217	7.678741329850914	40.93742772658471	43.80617491662662	21.37714540979651	43.955423621964535	41.008739294072136	32.30366156823668	10.124856246410197	24.692655518821343	29.377659808564403	35.95634430620274	38.219663026497635	39.77543823776215	25.421361713339262	37.55578998158754	18.907211272050986	16.629881986188465	14.046438621785347	49.748647805816184	34.370783807783916	38.19517365908578	7.328833522267549	33.50552662973506	17.496983817805283	29.610295648667787	43.20411621153872	25.150128225730942	33.282221367851186	19.41164101089359	44.75356454197395	40.68007005773042	45.12655542364473	31.295098451374585	7.415950073883963	29.20374350068361	43.985486530918855	33.215392725528034	28.839173207383208	52.53533738459375	32.0319922803012	29.88607244228951	47.79315209389804	18.824234862531192	29.965585838981315	34.76176696290343	45.793151201384916	21.28741933621646	45.08352108547751	23.0922612364531	17.088581105030876	23.970684110243628	30.08460674049011	25.55179804051406	53.97821277338995	35.56861998128699	31.906107628590064	20.75741191815762	27.936585475574606	20.836091166056086	32.719765459698685	39.289705346041856	46.60505133938773	47.08088551291163	33.18147178289949	38.828898141959314	32.92404278680047	16.738349276588533	9.289660330143537	18.545080424654447	43.342954699753506	26.89698756521619	44.28886777908176	51.50338696586275	48.06542335793249	13.709242337135407	44.13867601317521	22.734228467579747	18.754521465680902	38.39850541075845	20.090592168694105	26.659899774349437	35.09408328614475	49.102500132919204	25.74274891469093	36.426886731186144	15.856966824725047	20.24258432910327	9.236335314712504	31.234928250291752	49.30510790189554	35.66244918060847	15.511256650020561	11.312916722580521	13.856441568298532	13.5253550276279	40.82085339983245	26.67666947853973	16.517646846973353	26.83414028546555	29.448379419788424	39.16918859488102	34.806286240079366	30.237679505235597	22.03843374224917	40.593817632366154	42.59843613111876	32.24428178992663	21.401800374855654	28.02070735548894	20.020289491417234	11.734530017005001	12.14186459540532	40.41619606176207	31.356734481565194	35.94326643727499	21.989536699398077	28.249690528858405	10.039665985562348	48.968650945230294	36.684067977355184	45.76669793026584	47.660651152210974	39.889024983725	27.764981324263434	29.98424437645194	29.231179173438605	44.36250214349329	29.119693401822538	49.046916058395155	29.31322096171244	32.63490151082485	45.68414734222049	40.853990270618525	11.290038018405761	43.29146222989005	46.82173855624949	36.950316709979205	14.605472602134332	51.84982513682959	29.855301982052026	42.73658318706696	40.73165954262066	23.410306134350275	33.203548862724894	30.13720930239491	19.816820287891282	19.869832245172226	20.288293758773225	35.042884707422274	22.896750599399873	51.21977471391643	27.71988601120004	27.70065321078376	24.973915753725827	23.509441356647883	8.561144465513113	32.33713864757143	32.03217319386516	32.538039593062884	29.851324511676225	23.057525122168396	26.664127547933067	37.630165152286786	29.6810421122354	43.24983563648184	41.14082357486176	23.954633087971814	44.491509761218836	24.584691578121546	35.28030132293134	18.19033516711139	25.956559662628873	42.41414480946137	41.776724661651315	22.77028725881096	40.382920495875624	35.79580620140037	27.29568977635473	18.884648969367802	28.60030429885622	19.41308721132444	36.18442200216282	28.961769898733102	56.71919046643498	38.69677266769894	26.37141608809729	33.82370114278448	33.79787276947898	35.55698965013012	34.946025322809994	27.111367014839587	37.48354820612371	19.409742500914753	27.580741593293425	28.538390650009283	19.822754937940886	41.88382332606701	27.641047799143404	20.140573991187022	32.71168766093057	38.080284887591944	44.09892696664952	22.517966366636028	14.299719989558705	20.616683887218205	32.82657734646014	34.5662729525931	33.39190877131108	40.125343807590795	25.822545711220485	27.804064979490526	38.033566891999946	23.016607222949137	42.72040250027955	31.580745272994175	37.05474411240434	26.757765095587732	47.38735536036839	50.54018924108803
30.33967752635401	26.28075732480748	41.65534044771012	20.76961496932488	33.072088673141785	37.412666051287744	34.469649640988344	37.91466903357643	27.805983650527256	14.350591650213845	33.9075186935585	32.873093092886975	21.969231559472988	16.458212076582466	22.270465002185333	18.201227481708543	29.976437203755864	9.586124882245878	22.85338250283747	57.98627512872918	33.11273976426734	37.24167470033378	34.05534531633608	20.636826981032723	18.672800636793607	16.909428382598243	31.86361304497315	22.76405301171881	21.754310180884833	18.443013514019388	28.29425809561717	23.68487439331127	27.498054142492393	34.847748883931985	33.08091816556304	36.79919741183275	34.880005221582735	38.940749150946466	12.945938783917772	25.362769848729794	20.359661386702747	44.19902374743392	53.115197462880914	22.21710806616338	17.418788581354967	20.91677683383683	33.60331919222907	27.743407490882152	13.78079742803761	46.51790876284784	37.22057800696628	25.5139064148305	15.17706407232592	41.839081747490816	31.64678421720502	31.791513582803738	23.97127927954377	16.328007783027275	50.18078050638498	20.897798213748377	24.30830928245477	22.093089452855892	37.280347129450746	24.650444844318997	31.35421421047528	24.803433696276432	27.51077726973669	18.54410056165789	27.7729783667638	18.73441662954294	24.243436267659934	19.909643193145264	50.23600969988624	30.751494426580347	13.752218227188646	28.46842729702813	12.701295080313455	29.020577118160443	37.41904529954375	43.81428498000036	31.762712066358844	7.808526194798571	41.57730474287407	43.938666095661716	21.688985305336487	44.04610131663273	41.26093048513857	32.42500948515842	10.942725595795094	24.762274039662692	30.282474332406732	36.59834246260227	39.05219484433765	39.84423379736508	25.79475878295556	37.719830669779036	18.992390862465207	16.752681968235688	14.332545887872786	49.752036176531	34.61460486007533	38.78106387302644	7.664785676300394	33.956624176035405	17.842105883226914	29.88568550924524	43.57806501737924	25.20581137508694	33.55992698407095	19.45904940369502	44.77829211839071	40.835175415165715	45.27455542194657	31.611949895503216	7.587471533414306	29.213357488773273	45.32862192918128	33.54699036658531	28.932240097579793	52.60416397898096	32.40916058818962	29.92769418750457	48.26602666051514	18.948326867125143	30.004785938822838	35.05997920296288	46.078017509918865	21.298237706364972	45.421621106392976	24.512190653444687	17.69865006980259	23.971467705613012	30.455128732561576	25.598853750790635	54.1042317631247	36.15348969879592	32.529791635650334	20.940735222663342	27.997669359115903	21.175602766017672	33.246063342818154	39.45706755727267	46.72145967903926	47.36984584965707	33.29440575687629	39.650382266028316	33.092310697002354	16.908148079632763	9.483951242896858	19.109459677729507	43.35309624948115	26.930810472835258	44.912094930550936	51.83991380348706	48.358353240704	13.850462642155206	44.31965698914669	22.95010037926937	18.899216467033245	38.50314544917979	20.161137276804496	27.049091452900207	35.3526525908419	49.328540657072864	25.84370586235224	36.44941462632714	16.37473078198669	20.414204536877833	9.587394350791188	31.453565708688707	49.55553485765137	35.69348193713445	15.79835582515253	11.665681766627149	14.035051167449991	14.009664622482964	41.14277844500795	26.816790320296644	16.69396242943959	26.963793110823712	29.669566838891416	39.32611962826159	35.180920075820744	30.254653517941033	22.550044786915795	40.73673187757254	43.102130344196006	32.40919642581582	21.719673490417243	28.256351323069634	20.026029744942132	11.881908850188694	12.222806499896233	40.46749520420395	31.52003081363067	36.13045227400944	22.68322344194399	28.75585130990239	10.070588419512582	49.41182194659989	36.868002694817335	45.860825367932385	47.69057878578149	39.906686706821525	28.02335698607336	30.58643556966457	29.4983985518289	44.45921187664358	29.396112517731694	49.25596913929759	29.39001947166181	33.261290073503666	46.355833595350504	40.90852296341448	11.646415066205957	43.359004055483766	46.87951389077917	36.97467156632172	14.879304807043583	52.026197530608684	30.4831265866384	42.912613777622674	40.97291796095297	23.894812041351678	33.27917924884675	30.167722800462887	19.894750881432614	20.077064395332165	20.345100436632546	35.06363654504913	23.06468744262501	51.59671016132745	27.78437136020158	27.820584267965017	25.77389694532373	23.589295080337926	8.784969700691752	32.36444809541142	32.959180963288006	32.61020036972857	30.022430999870043	23.813523311200193	26.76098147333869	38.011144270712194	29.941721641958786	43.8193881420048	41.41155447806743	24.045156948779965	44.6464875942038	24.657837691589542	35.60133450853448	18.41886038490401	26.149288807099143	42.61820991194279	41.923026879792424	23.233555667126243	40.948467013747184	36.053935059190565	27.55523419367446	19.16807454881003	28.677731726497328	19.452308093747273	36.41535611281337	28.99040214626389	57.32418961303646	38.97303715046351	26.485651823264668	34.11080405446644	34.13944046112131	35.682813277894454	35.459657542175115	27.346095988922123	37.57026839356491	19.46646762644048	27.746203419882182	28.600433678282926	20.104649808464476	42.09190534578301	28.560302740178823	20.34790691169934	32.79798830142303	38.68692112204	44.17412379943345	22.84002475031077	14.789070834762736	21.077503833905116	33.00751286848362	34.682708526667454	33.90116791866303	40.469358973807275	26.2318110998903	28.045620251310726	39.547116320611046	23.305748523779638	43.047020443525604	32.042916051776714	37.08095689025355	27.046952744235586	48.61833174990683	50.70309940857379
30.512823037017586	27.204827938944206	41.807794262927715	20.96112418349278	33.23223042587944	37.69349878922827	34.8851563972615	37.95675264636574	28.192583095630006	14.499843265736239	34.47152200161557	33.337981687098285	22.081530121640185	17.315695339515653	22.444059969207654	18.314288400233384	30.423447767897272	9.723173980958991	23.339948314902074	58.05031183342753	33.45534734758875	37.42357660196037	34.06749891613119	20.75899515602266	19.41444520775001	17.51922439503478	31.946269173903424	23.310942700435035	21.805689732055566	18.97544157370869	28.96580105437684	23.858798979494274	27.624360096924683	35.03714959412018	33.43378581553078	36.890480701479454	35.1145901165635	39.48956862305427	13.051060083442136	25.658073986401885	20.58211265688805	44.35287483823438	53.32311841447412	22.402558668779548	17.429400621506623	21.06651528704862	33.93219791837192	27.871181174336808	14.157199269328105	46.557924189454276	37.39005857966108	25.62999970400882	15.318802119391174	42.15623531840968	31.950995498787645	32.186921484905085	24.057118449667623	16.36022314570965	50.27214238780354	21.66828797040902	24.481843145085957	22.46830763339727	37.74303924917391	24.66230513306341	31.81307530514757	25.15517480726753	27.9223206830648	18.672543820389794	27.783417390769877	19.45272147953514	25.66408109475091	20.394343749770535	50.65255963230911	30.962977996394056	13.900818631843363	29.055379939713223	12.880683767939674	29.27515346247444	37.668573472271724	44.25959180515666	32.25382795597851	7.861775033277336	42.43152451571367	44.01580078942807	22.082459855214843	44.52267457067157	41.75397059386682	32.86175209682654	11.080659531738322	25.006227678851335	30.284447061613278	38.16192992453511	39.224968398388064	40.03515282518293	25.948630461902304	37.73717378014396	19.113397853359093	17.453807016509344	14.421143179124831	50.04118262311798	34.84322238344109	38.95146911791744	7.815661318579357	34.466048306911176	17.88785832157311	29.923706198404265	43.71061676087866	25.498229432684752	34.017386546391926	20.30316194842916	44.83811299444129	41.05858666381107	45.568974621623006	31.62470199612122	7.942317541185019	29.42228602857601	45.35244532123209	33.74239007186768	29.109017720099743	52.820705159650146	32.6331330410593	30.016064777500063	48.59043395257115	18.98559352595337	30.08484208245694	35.26652258064009	46.304731520842715	22.75697048495102	45.84978745083878	24.574287514212035	17.73050933295179	24.129770444002844	31.023298426497437	25.93723038299054	54.15459702806337	36.20200413704066	32.6209098983781	21.142354925942715	28.289676869354587	21.210904742830905	33.29149543579807	40.06800951687156	46.86058871424799	47.38493145764139	33.44358846371269	39.84183905669717	33.22569712677725	17.168618704722896	9.617511179193803	19.291182159138803	43.49869298152734	27.049341210170844	44.99387912583194	52.02007609282626	48.605059369804565	14.02602802380187	44.63562373786865	23.00310753031717	19.49372473379644	39.07621934060228	20.469027309835305	27.24527356753287	35.448085736002355	49.60621053900923	25.952439573358166	37.19647342801122	16.453865226704306	20.668301279905794	9.824060480679483	32.0350610356298	49.86995216817466	35.732401517935216	15.803676143468051	11.961539247744083	14.593959610933373	14.248631317270606	41.38855280595363	27.06374949538104	16.737682302454242	27.094293408537347	29.706598794330016	39.75117048457039	36.313710272337914	30.84151360430463	22.690303261833698	40.834139461068	43.86207066431379	32.63783200740777	22.083826681551084	29.1987953653615	20.21796056013831	11.924973549734691	12.297100433954276	40.532888806830925	32.15801213354506	36.394133307613515	23.005306463064123	28.85615553985052	10.749393923770645	49.420574084301215	36.89822369524612	46.088511272270026	47.831530424271165	40.02642362045374	28.39494045249136	31.023242967413456	30.256244986134632	44.679482849865025	29.462786718729657	49.78553971537811	29.63892798583887	33.50265252885107	46.902531503376466	41.29990265736916	11.720700130492727	43.424137015497074	47.029848437678105	37.028323158162415	15.025787909274408	52.14868800947157	30.569075609816686	43.23600363651775	41.19063839661637	24.148726332298374	33.80755795097085	30.282361870775848	20.839737267690886	20.329284244686626	20.55709500133602	35.34579714346696	23.27960048618151	51.675335298059146	27.89032060907406	28.351029035779046	26.492925479741807	24.114564116545143	8.911668068798123	32.45944786110669	33.18961125175141	33.21298620646708	30.239452808972935	23.856657559797217	27.16453004817739	38.05170167753977	30.020303951006486	44.08570092082225	41.82320769775892	24.353448255174047	44.83762962591984	24.886669026356063	35.650466427556	18.49111596314531	26.302279721674477	42.762835194503644	42.1887646473583	23.39661720856504	41.217421273463096	36.35964715079144	27.671314107982777	20.370921432698204	28.775727294998198	19.737261012156253	36.5902086913217	29.0974764235893	57.38417824780929	39.06577696759075	26.67172916705483	34.720087817895326	34.18440804573879	35.82302837151463	36.01140888092129	27.392955237894704	37.69439791122647	19.574457604064367	28.099182992796187	28.774863590021397	20.51699212590145	42.17214733896888	28.78654460953075	20.703983167948994	32.84505249355702	38.707989035887735	44.21276306369222	23.098273222859927	15.05886409292217	21.34213059348134	33.56099027777157	34.71618584279656	33.93133737576123	40.49382643305542	26.370362483104955	28.313668384266972	39.88812342697108	23.438566184579493	43.32198401020215	32.19667813611994	37.47074197019479	27.162274682714386	48.70923163980265	50.96936037073264
30.610718611164575	27.23068546153382	42.142844718871814	21.004588174154616	33.380371417464964	37.86108234075843	34.99033409069387	38.13779491026353	28.329695467511275	14.976690606904537	34.627633942488764	33.40742763769794	22.16816207797285	17.62494508747339	22.816983007720296	18.683605003602526	31.28968341994334	9.753233264511943	23.418899209024154	58.12105938637738	33.926597568182224	37.61746190402582	34.23230667388228	20.909408592216327	19.69494232042136	17.595213192305287	32.22534509001758	23.539165658090585	21.996717535180952	19.348552670918576	29.220584678563203	24.93459705788101	27.798426469130344	35.67562198197319	33.81445053489243	37.10281815202107	35.264496020978214	39.93760785736114	13.43968888719509	25.75543895218331	20.781399855339156	44.518549946128786	53.370451788837514	22.556595209708924	17.614127529861012	21.772176269811016	34.022008193775115	27.93954067300031	14.386839416209178	46.598989767181386	38.38627485113799	26.082998502853105	15.684932824006683	42.247530087084066	32.34279637933772	32.20869645395523	24.381495372472827	16.553397828611796	50.744674182148394	21.76636037663963	24.80202286385928	22.697225082263564	38.46456946942583	24.850317880575318	32.10658118139368	25.597507448252472	28.186327774733385	18.691134268039573	27.84175086053708	19.865374228350074	25.70706094516612	20.427392296370964	50.94466179881134	31.599826668471344	14.4483027763834	29.255714796262772	13.010606154801918	29.671195673610846	38.0266272037324	44.489386763419354	32.5940899931267	8.500500714411732	42.57188026348573	44.62183481724171	22.312919977421647	44.57390458226103	42.0527448567982	32.97578637094052	11.415129812105484	25.195857321359448	30.32588114792017	38.3558269593177	39.30464770812525	40.08192730574963	25.99109099777817	37.747231347029924	19.42038449616992	17.523075834244555	14.52792021575343	50.394936857192356	35.02101130428188	39.14449647578817	7.939392881392063	34.770069387570636	17.932621996886336	30.158928466987646	43.73502631887637	25.541260326846153	34.177553062536944	20.389169073588423	45.384125386097374	41.51505199712375	45.57324400233025	32.271076828929516	8.541613081046178	29.715326597837358	45.888956447029486	33.92819772365655	29.391520001981007	52.94439018898372	33.27196644836059	30.041621108282765	48.807493157543085	19.001409660632856	30.180608064190064	35.56587613173797	46.52259736819682	23.30108254679366	46.0549230976013	24.7180580540904	18.375864106535197	24.240662764840224	31.455649017924138	26.10439040209534	54.63983442519649	36.71120612405891	32.71754120643862	21.25724444413276	28.62714630576693	21.433527462946763	33.31725000377454	40.14901592297913	47.00122438888676	47.40216415487604	33.60812574479064	39.96289626151327	33.294750690337615	17.617253215360982	10.142696958053808	19.394984604253164	43.85827048711334	27.483980684143834	45.067956550236524	52.14548280773059	49.150404628467584	14.11722607945361	44.65853147617668	23.437560823183045	19.65179811873747	39.25061801524385	20.594372253613972	27.28658958684393	35.722567561343205	49.893994464216014	26.066136525992654	37.436651848674835	16.72249097879697	21.14482010265759	10.010968473490944	32.42044525152587	49.87836529990742	35.9988130436093	16.936692285158486	12.041966393594528	15.114876935347388	14.377133181897996	41.62764544457002	27.254801655700092	16.961489216787882	27.496793987601194	30.138930488460016	39.83151538575935	36.60062375176309	30.979836150523756	22.736221610822376	41.0342049399486	44.34509612805023	32.89545189225301	22.125855307276147	29.49406958740795	20.52828964173187	12.108561173376238	12.320473848295883	40.65302628472019	32.970311006461245	36.5022738810331	23.111293704344945	29.414939505604053	10.855237588156156	49.83500782691552	37.3093938963311	46.14466079349187	47.92395270784344	40.49886439700729	28.5742245754726	31.468542174593136	30.593565613293055	45.031929671132126	29.68695378524126	50.15844691648643	29.7519228227677	33.7104059288682	47.04123226262263	41.47986116548287	11.919520141392807	43.68877601108111	47.53784551399358	37.524884077474965	15.027235305883538	52.60563715766431	31.316554746625332	43.518882158589975	41.81083214203534	24.295098971362762	33.99539989318304	30.295137872603636	20.92944433449524	20.46536445258816	20.880867148030667	35.589043575699286	23.5280465850433	51.77726555587406	27.968147464326844	28.790554846011915	27.626372139183538	24.71592499639979	9.9926346858386	32.65391844711766	33.54300935314284	33.22497621749295	30.278471667095637	24.308534703952894	27.403492921452642	38.11902354767986	30.665696630625842	44.11745885488176	42.17553831710949	24.505713307148685	45.25760084169339	24.94026264880115	35.77531794557703	18.73776044837119	26.40435792559411	43.36606768165095	42.86618417706385	23.643305585021025	41.67111056006535	36.79429207968857	27.911150112665787	21.305119415531866	28.832979819508697	19.83218909837603	36.667836259093725	29.232729801219506	58.18548431081424	39.16670024413944	26.701454840729458	35.151125532012976	34.29278715211343	35.87727456524001	36.1132406927187	27.791067582413135	37.889322161279416	20.00901962473595	28.271896861823848	29.05212017552619	21.16847175735234	42.66250336863258	28.882249754537337	20.899957396129615	33.68073933276496	39.55757896657427	44.325417726957305	23.318220738457015	15.196697337291539	21.612059372423815	33.76186305275412	35.56919045593362	34.27323003438786	40.64537693507347	26.484183051296366	28.439614905792634	39.9607603678101	23.48696081405704	44.010878849613604	32.34829236659523	37.93791852855185	27.304604632346045	48.924128742367316	51.82840489508067
30.94572807340122	27.433881664345442	42.19369157100987	21.07147280013757	33.97490259227974	37.92340096214526	35.33369416353353	38.25056007756305	28.635501471175736	15.018605230860611	34.96736790269522	33.73942748458092	22.247526844524167	17.761627794359676	23.307139413242115	19.070801317005817	31.492629822799195	9.94769000747426	23.596246594020215	58.622859330405504	34.009267585319854	37.64032611772278	34.310142338141176	21.11990824693697	19.875497619365404	17.67100875074072	32.442900689232594	23.643995501856956	22.7416407073546	19.367363766188333	29.578874617925756	25.395314420939588	27.881963310780957	35.783626310698445	34.30659599488172	37.96479129418344	35.48229641337461	40.39450102498351	14.119322042340364	25.7697548930919	21.108049958734114	44.526353104663066	53.695701362737665	22.69727248563828	17.941630018061762	22.055358369617664	35.032239939366654	28.04154972495593	14.948431239006224	46.83444016039405	38.39909685566768	26.24175431625872	16.236339698856263	42.27087071567139	32.351729784378726	32.389887734284365	24.802686959296846	16.87611306725162	51.063652851920466	21.790903458659155	24.889248544561	22.87040584005171	38.47565712996223	25.23335782023626	32.55820808113306	25.8414592610016	28.22782795597304	19.09724242108609	28.03537790454279	20.697456525547818	26.038154528513363	20.670720491431425	51.41943335642621	31.742401980259505	14.872859263068799	29.43113999200692	13.291487974814885	29.787988912921865	38.144946508113364	44.63851542809404	32.81554067408481	8.552931589683475	42.60367020088033	44.64427198624677	22.45526761741131	44.63771528417569	42.29345199078123	33.02876142443671	11.557680575040077	25.53919299136763	30.75037813660589	38.42475688075482	39.33921720784997	40.61380119469514	26.642015549176	38.262977839894276	19.75485804351294	17.9349322343457	14.722272132416172	50.58614797537922	35.12833211205838	39.21433047220059	8.054719714943028	35.12284098633882	18.084541729727608	30.498161170555978	43.7800245358715	26.24467183776564	34.325047903992456	20.581592183101407	45.628508276892035	42.04855192105964	45.618575191722144	32.50619860128708	8.808823484879332	30.40886660514748	45.920543895418675	34.29739545969411	29.594745228708465	53.48759583828603	33.566675693353936	30.086103938501463	48.852555280458596	19.094147879190313	30.54263966008851	35.648473382042184	46.54875083428466	23.41477356412121	46.76053142862472	24.73274856612538	18.484638973256295	24.426878729648216	31.884202368766356	26.258794022186507	54.67788468111317	36.760893350775845	33.128252368004155	21.842487880383935	28.636625436341177	22.114705426900244	33.6056137945001	40.37510011230446	48.029871587449854	47.58779114477895	33.7472168723412	40.1490085016778	33.9243076084957	18.219037530613242	10.28370232439301	19.498236389200432	44.024631789305175	27.614304717196713	45.280853516404015	53.13942231712324	49.560614375854584	14.41209304929556	44.68847553381154	24.121739035808993	19.720460100311644	39.53235506322271	20.852893952442543	28.33692302026024	35.834935467599195	50.2122302147939	26.182550563042074	37.583651996334005	16.844349897618628	21.29915287177695	10.173822779723764	32.5901051449918	50.1064055579452	36.119162650984144	17.552201445094123	12.102146967361335	15.516078733352439	14.477473550040344	41.96910138982131	27.492730250820415	17.707553125190334	27.984585158502515	30.37045636468862	40.15166274324317	36.83915864921278	31.274627558473753	22.82235567959523	41.086396228403636	44.69955913321033	32.903478971237995	22.510428830972046	29.613093088344836	20.586434871397955	12.153298705579887	12.631229417506662	40.932919804911414	33.06119836095199	37.15721058369323	23.44368580089098	29.836652849178087	11.294798882051765	49.967659963139134	37.3685565947844	46.26772972745024	47.943933959331346	40.88960840457242	28.670740558907692	31.597849233545148	30.73921472728235	45.43792979991612	29.850834620247596	50.28128607660863	30.011421226740968	33.76506193629448	47.25894495783051	41.592124540829296	12.588165439109472	43.83168719176491	47.78852803536626	37.610170283860434	15.364277792329359	52.66413065842725	31.341615645080005	43.74973998948387	43.041980840596956	24.453539569944198	34.154590647289226	31.059306356296045	20.955322653253532	20.540557730163275	21.03125625190508	35.6387519168296	23.661825034125158	51.93893850254419	28.46504960511666	28.882310205684668	27.659175696646432	24.910957226037763	10.077954486054026	33.74229197695519	33.63127865654356	33.38352037851467	30.47800364975011	24.323472375915866	28.279670668404787	38.13550800124917	30.687624801611197	44.20463538851677	42.27876330766483	24.795897097675283	45.719590044486466	25.494869817485174	36.64715460299524	18.76165264723122	26.413420062782	43.4805339290439	42.89661481624719	24.17366304875891	41.76650773585703	37.23430555468072	28.14643373295792	22.094314053807512	28.887023059967657	19.957005645420665	36.78586933545614	29.73151061500714	58.204950753304786	39.858978792439075	27.24221420368319	35.36880575552952	34.4168141982095	35.948385050521146	36.26460224284947	27.825584175074695	37.99315316501909	20.060874102962384	28.637797392478504	29.345859093506387	21.32982589804242	42.71710886396546	29.221939436133894	21.27849665829292	33.76420935736099	39.88771958965522	44.73318249036049	23.516472678259383	15.200423984967687	21.631486215405346	33.772576145877196	35.57857476428554	34.78483175241678	40.746794224360784	26.77028231111752	28.537042011487408	40.18329513428665	23.77582463107178	44.47613755983786	32.651940612577754	38.2532122698016	27.940637494479404	49.05178709413242	51.91558477884629
31.058279526395786	27.625913707428882	42.516636400293564	21.516808097552442	34.32732463943429	38.016522104210004	35.64390638181701	38.34119451588845	28.871855449331033	15.055712067147187	35.02950788582538	33.95389163044836	22.89902016656802	17.801159933114807	23.521889258970383	19.171106102864115	31.51790748601181	10.01096824945094	23.911679495079778	58.68893046539831	34.48722900079671	37.650747218608885	34.57472333569779	21.163630756015472	20.184320418466047	17.78873909618209	32.452132664968396	23.7667000717549	22.8582158622302	20.195576134598706	30.357634938206765	25.416170692031073	28.853243525108777	36.11054606725184	34.45913212214688	38.377668821821004	35.818519825364255	40.57000513243262	14.51258804591561	26.18256889902735	21.15995456108085	45.51561487537618	53.769362494676976	22.745114098737673	18.160820063138818	22.266659249919062	35.09069448449303	28.57706163624018	14.97087188982191	47.225235316519544	38.46710709893283	26.477518973720123	16.295875539140557	42.39950359623904	32.43699201772157	32.766963945160896	24.861678180745738	17.24814714686454	51.213372975064274	22.104782320834666	25.06113624273939	23.104228249488514	38.723585274091455	25.438559174368653	32.78192647500384	26.016340949760764	28.60610936140213	19.21143560129177	28.43013873048768	20.84180276379545	26.569156065932017	20.942743013140053	51.49791634873488	32.07568710232549	15.113711705908711	29.63494815975126	13.32835870381551	30.101914959478318	38.209336856765546	45.476819877866255	33.823570118930355	8.773734667522298	42.70133763706497	44.809689495283045	22.560221142395893	44.86806426148892	43.49699509004463	33.0628995635124	11.668443104935744	25.660442557751367	31.164199453430225	38.83956832531937	39.77263342171765	41.11081890243217	26.71034998298497	38.27940465003803	19.980368884142255	18.374681875396522	15.545151679669654	50.845520207206924	35.47376123376294	39.29218114576659	8.064800255445798	35.175660856816116	18.486375252151888	30.610290402067424	44.769735788428854	26.31756242820562	34.75931897937351	20.842144848163393	45.64582088632879	42.05165866772219	45.839025004484114	33.26778868155746	9.070344555406557	30.509528393361368	45.96686327468978	34.348155907841104	30.338949428339642	53.81202595544851	33.634326486046454	30.324626941265866	49.72965516754313	19.29686459704701	31.42059940746874	35.994878541633774	46.963294463771646	23.526721072318306	46.863830257824986	24.985176661173636	18.508190892100234	24.745873680111462	32.40342986528652	26.912906705627275	55.0061362128367	36.834339268761255	33.45577487875803	22.008374260369198	28.82273300165361	22.18430501887084	33.81994683954878	40.623411982335256	48.19789007618165	47.81985155344283	34.14894504942777	41.28615965730486	34.41122467511076	18.317918100809063	10.513003688402035	19.530733415750973	44.26596571657467	27.725119855450796	45.69793590592819	53.14366845953045	49.58210509733164	14.526690586811055	44.98759247284924	24.2186848600205	20.28242539400851	39.883852693780504	21.201886112673083	28.436457676194706	36.0218067740667	50.53242738646722	26.696050689215795	38.10233261536806	16.909196712547782	22.010682488024244	10.429376721723472	32.599414845068964	50.14924756438459	37.598341433595465	17.581480613368882	12.26878680000315	15.711921881655915	14.943473742873271	42.15115749096195	27.59645464437156	17.741310747081897	28.014395233990108	30.500684115762862	40.391554881652425	37.23319921852656	31.659181364420984	23.3563939707548	42.28914470634904	44.875898765498945	32.959834632291525	22.68408464485599	29.918582117306972	20.813411373232977	12.507497212106905	12.675258919470588	41.10123031852996	33.07911488853348	37.64900081886159	24.223995817352037	30.25904534244783	11.345874463697049	50.162980762564615	38.16004760868877	46.36616214400789	48.070019227082064	41.56494644047078	29.04177480127894	31.776115852857068	30.862964463800356	45.51820878474732	30.616485293592483	50.36733137917068	30.456252836591894	34.017060505405674	47.33477531084852	42.463428569049775	12.835942062073368	44.03246575562358	47.89975745204631	37.77716061244819	15.771293715899972	52.93528155590398	31.41590770821245	44.18964409747794	43.114760541316706	24.693101488472866	34.3042119930323	31.493451668477118	21.34935459271877	20.657212113932424	21.116900314520958	35.68989047124781	23.838340793264507	52.076659536100415	28.707311168476032	29.155880597937664	27.819929742713743	25.068257138011262	10.201304715285573	34.52591478707992	33.64447464300843	33.87754333482098	30.95872881791504	24.504002976283164	28.543961416455677	38.235202707026815	30.76567829674563	44.88286673641027	42.967002117484995	24.824528444325512	45.7324300001263	26.205137355636072	37.58328282683001	18.98119011338721	26.570196564099028	43.68273221482111	43.085357554275824	24.347917401556394	42.29853967187925	38.079326438931865	28.195780072362663	22.553945047466062	29.135187072688765	20.033271647725144	37.14092996296947	29.854664882412223	58.30338799200374	40.08508215045223	27.972958309079594	35.47797452638049	34.80082057284655	36.43897264177278	36.449847943430015	27.927370968303585	38.1779427689242	20.544740724547385	29.163421162981937	29.551773217735665	21.712003133575134	43.03390553313813	29.78342124710973	21.45847932121217	33.89964558534144	39.94685479606168	44.878570612814165	23.563619791117908	15.82858083911702	21.65456660440472	33.941006960790574	35.93726456047799	35.069100174167346	40.9305404947212	26.99524195169605	28.549056773758814	40.257246507058305	23.857132209550628	44.609893943073644	32.707128277261674	38.351404276157666	28.5212700524136	49.11277880792488	52.041051558670695
31.237342775890713	27.98225597982073	42.81190002003097	21.844648331687612	35.04616998383459	38.30699764902541	36.11266726522015	38.649664912984385	28.921844504954837	15.121237607186512	35.17788712652848	33.961603429914696	23.21797508433127	18.147846892957055	23.776458142628	19.587197974654394	31.960147368869453	10.149871753264387	24.128561354350392	58.82143662335015	34.803448730405165	37.815683153296725	34.69361968159768	21.629940659689748	20.217023957824527	18.109495082825948	32.524732263218745	23.915439091615898	23.021964186737907	20.263797422177923	30.75927358808436	25.427022467573757	29.078367293979554	36.297872060588375	35.08372334764985	38.4388463881802	36.07324497251011	40.8374814152042	14.541289753868506	26.90251124902976	21.27508630977524	45.835218849494105	54.08623860630432	22.795893977623024	18.244186871075982	22.32712747736379	35.40288681895057	29.038103048749292	15.758889776241293	47.23076164614871	38.47236603148028	26.49277260814677	16.518967876331917	43.026516362176245	32.81249972953217	33.265103700647465	25.000428962695455	18.129826073392916	51.35527637543705	22.513775843203003	25.3202535127449	23.11277578383539	38.828634608415776	26.1705527954631	32.89907069735721	26.145945685331803	28.673103590725315	19.334395421634987	29.865285922634108	22.2024480194049	26.766648177076323	21.108491899181868	51.95881992455244	32.573322077176186	15.393553138121534	30.220616449489743	13.572763471597742	30.815907303066187	38.21160726526376	46.30328804133704	33.937126113241995	8.951080226188454	42.713149228536906	45.055313239506525	22.93612355198058	44.983130255608415	44.017757239014074	33.548578490381374	11.75887955594858	25.787819580192323	31.201008012667597	39.1586335201796	40.16649942958317	41.12544922349205	27.747223605644898	38.751040144203465	20.12827579993448	18.590140892522367	15.773757280761997	50.88007853350519	35.79609593382155	39.44542397769027	8.275196039484317	35.23691473619266	19.0640854095819	31.067930593580137	44.862773834910264	26.912406902537914	34.829872277800526	21.001832523214443	46.16418069013234	42.377272788862314	46.49335976657987	33.285160143264086	9.29445018731887	30.64467708797331	46.33749071904675	34.372077808185175	30.758761494224796	54.152067399079094	33.72772658735879	30.530641410057687	50.11527193081738	19.64224485930101	31.81766751730666	36.34385194547922	47.66929577182308	24.01005821761374	47.25967750462406	25.122227034168805	19.23643621324091	25.160211065766198	32.50914309058948	27.13324212436496	55.0081064820993	37.04714908389557	33.56452470951591	22.198468152057888	29.078400785174352	22.309386457251705	33.964435810301644	41.08327170534781	48.99858932299559	47.98006070199762	34.49798233234368	41.48129636345428	34.65099292071033	18.47542824300768	10.769167788070844	19.618658379777695	44.4729102637608	27.90621106358178	45.776004396304764	53.94209004921575	49.68828595246438	14.693571030356878	45.182496349495835	24.38596721026667	20.46723267537595	40.66652712838293	21.69896658943879	28.515541759640133	36.209693826424	50.67497836984982	27.005640776651205	38.255050292345494	17.5451376884147	23.262704215005083	10.9221741708367	32.987574235642775	50.35674588678135	38.12608301902588	17.58444008352056	12.294341654842139	15.72946201041561	15.517801655319154	42.31658667453772	27.932515245456685	18.064657450246813	28.29243470610275	30.590952967830262	40.583305017843315	38.45491913941123	31.70643153220797	23.786290301154065	42.51893257734462	44.94358113335608	33.81871496161394	22.76445419879935	30.21239413348392	20.86828267232591	12.624144745476643	12.705717556816793	41.55249666073826	33.647078654825904	38.21739232961008	24.30756960398698	30.56448755413792	11.405287742179322	51.130082326027214	38.52454565904961	46.42566438561862	48.15728079231038	41.62786678006494	29.11047181746583	32.10122488673918	31.107597383863816	45.74694353582694	31.292422150477826	50.43375016428263	30.573295024489127	34.08979856684369	47.51908129854316	42.732602320814635	13.003054396299214	44.06760663142935	48.24439012153486	37.95048346803576	15.967626511321315	53.11468254665178	31.76737033166259	44.65127835606983	43.27134234002731	24.801970943121965	34.635298231315396	31.997064765299807	21.481897820791584	20.73354790396535	21.262155137683536	35.94066568356608	23.983512368838078	52.142263489480236	29.277712104451442	29.248442171253235	27.98676475607906	25.290143734068643	10.543173401462811	34.63473794607059	33.68899812992827	34.13893592005616	31.005484493528744	24.557324100995366	28.733201309804663	38.36864974215674	30.826858183763743	45.39333666484894	42.997558207181655	24.91877985444178	45.76536115480823	26.254680645129124	37.715277867923284	19.709406423480154	26.726595260863384	43.73984065009487	43.16398877468805	24.42975258277247	42.558461747138466	38.33005413378872	28.29886218480632	22.59863344160993	29.255699003126075	20.23552365178649	37.276218585268175	30.08141359392284	58.521684035014005	40.092110073452865	28.33912659953359	35.573202192624116	34.9823711314069	36.45271562994369	36.75185803239003	28.117392121097584	38.33531374620518	21.384692075327496	29.4215103529758	29.85958380032123	21.78670877490061	43.214523805204585	29.832496907772192	21.726990041770993	34.705235125259314	40.42754765327383	45.0581442587825	23.80003219813657	16.082939740984546	22.32072039754042	34.08389303752133	36.35257488168097	35.095881000580356	41.406713821375924	28.24667261130292	28.73633678118362	40.7360016548685	24.325738743356066	44.74735938906554	33.23231166636334	38.732468340928875	28.527294625170324	49.46579374525086	52.11679147191221
31.43809493620663	28.04070377241629	42.97588093258333	21.962630464928445	35.11195153589779	38.61192761449518	36.66623634380314	39.12517697004297	29.090045081211013	15.358496341002361	35.5559345721283	34.2324353477752	23.648208668071423	18.372848866323004	23.932336489120175	19.662961970244055	32.36552007934666	10.337660512978761	24.256044447125177	58.849691876601085	35.06473648476308	38.04815479913862	34.916375527731795	21.670851397505405	20.5704268223632	18.29100727259572	32.67144108822009	23.934636537874468	23.195836604684914	20.36729848082869	30.806136024529334	25.506978079564654	29.41114308641979	36.5250719269026	35.26305112938415	38.50959542341757	36.12411980389076	41.198170432488965	14.790987640905422	26.97678247447291	21.38570500022284	46.13033944699786	54.16915520136133	22.82734191149918	18.814278924235516	22.469903305030268	35.424921727727856	29.22330216359009	16.147351577307326	47.25412944834782	38.66065971334076	26.541959728632175	16.62720199743841	43.09758484871534	32.84882392987679	33.92302566420631	25.09230727611046	18.16099899718814	51.441664794362495	22.68524911037537	25.336719985252223	23.46035637562138	38.847299435306034	26.667210825306658	33.27499619676506	26.240587394241615	29.034433488841213	19.49941351607545	30.111746604709868	22.302123953695745	27.350565501559668	21.133144373086786	52.03265240692496	32.909137718224706	15.554337264721983	30.291752082810707	13.709347949814436	30.839960594984	38.39938460909342	46.31632870190916	34.00114274319097	9.028669098391147	43.24661192650954	45.235492880829625	22.94790411225434	45.32549660536932	44.43256445367202	33.78175003306142	12.071705187428266	26.137809378124263	32.12200161680775	39.23129817645575	40.23914248996937	41.24743362615469	28.120375384406227	38.80321399407912	20.263570689420657	18.83007803388763	16.157791233514676	51.04141143285457	36.24974009090978	39.87239454631314	8.310854065007284	35.6813130813585	19.936133023090328	31.15359143915602	45.16593037766169	27.259293868519002	35.640161524458364	21.326913420821096	46.19335208650521	42.592722965728626	46.92711870426138	33.36178162921451	9.814403338838144	30.855669565270066	46.725030123206835	34.81733966617684	30.907853731486803	54.6115409927123	34.09180671289285	30.69769384896056	50.18555570042115	19.680231324516704	32.46401489700567	36.75538430631362	47.945915001655884	24.047072141642698	47.44635831108942	25.18890080629484	19.284428758885813	25.3408482615583	32.735961020504426	27.538857684876906	55.90109448366754	37.130714982976926	33.72588568474995	22.991101230178653	29.55081744927065	22.417671848113145	34.52933262123077	41.15104445334191	49.056535736830874	49.022087205827084	34.583639349369314	41.8263653034526	35.19448504473624	18.525046486705794	11.033923092334726	19.916656530662596	44.86532732586272	28.560302787248254	46.030347949132356	54.097478421641284	49.93872532134553	15.194254250640032	45.194046780076604	24.462539716410028	20.683423365588673	40.981066396573205	21.837122402508044	29.310487697686696	36.46689830219378	50.73808281329722	27.066492955231737	38.448789852496674	17.642069321364616	23.595759426533593	11.001193611791757	33.16418798687403	50.79994209139748	38.26924353282146	17.77863836767074	13.009768504321944	15.881859037929765	15.90685395730447	42.96050442944307	28.23081770800654	18.163112344574827	28.820098331830714	30.722217983075904	40.96414174940073	38.77901280826384	32.02010971375845	23.797315954811673	42.52159414875386	45.80667387069877	33.85824383167729	23.04261952770237	30.820268147294037	21.067653604803766	12.892725859261635	13.504573971397619	41.66023028270138	33.665464125785476	38.33724175698621	24.380356375018057	30.749323008642417	11.86949318776775	51.196032822223714	38.54232350394553	47.401216126180735	48.67957931930442	41.630632522462655	29.408433136231512	32.350984001037766	31.272088777937068	46.14692443626662	31.5405033642905	50.689574207624794	30.806807391303558	34.382912987156615	47.54888661359801	42.83405166361273	13.271285862318864	44.15539674401708	48.41619228847908	38.23047408586042	16.185415454858713	53.45967225724599	31.96586895896065	44.78955298906504	43.31861101500049	25.134888550591914	35.59318323360123	32.35375136656493	21.66211213362422	20.868081137106458	21.686531197228295	36.0876391958271	24.139509531713276	52.19930354010034	29.758353711463712	29.306708439676477	28.243929872940466	25.621868528084175	10.706940408463884	34.8812040507242	33.80881368943409	34.38021543306704	31.398677379999643	24.735605641159257	29.225576550486355	38.43308935131986	31.425526325295163	45.770250214243205	43.49018082265931	25.23726726833754	45.7841737431354	26.365428225727726	37.72249242226536	19.737871377222312	27.222090291007127	43.89936894238144	43.30654950734471	25.1549559971041	42.68024962800068	39.276568922829455	28.639727738184035	22.712217759517195	29.331248957445595	20.321704741551542	37.44206457278496	30.80046473094036	58.562029376413356	40.8234541094767	28.60030757335864	35.837787953100715	35.18890145676176	37.19623529197974	37.05287266262604	28.133767889327867	38.36082455313074	21.720800898903676	29.566986647235094	30.078469067778446	22.085195679359828	43.37877671400463	30.214228076497662	21.949419909260065	34.822712474497145	40.64980564202671	45.137771068748975	23.962538364723443	16.214958878058074	22.490914933555093	34.47692620625839	36.97918339164225	35.24196808175172	41.41790689674664	28.466014152517143	28.986313853580366	41.06176550885664	25.29349144931145	44.88157838026299	33.38593678802242	38.92458483242433	28.733651117191723	49.652244158328706	52.16147742556726
31.932164358442748	28.61483655448168	43.026491126657405	22.352993086462885	35.77333745611138	38.6769085034474	37.03870977690197	39.59930638279742	29.231216139709698	16.081238438591512	36.48095941803156	34.440741393906656	24.087527599279852	18.59749600787315	24.411136040566962	20.15781363075882	32.563294948143096	10.350511043455574	25.020924968307877	59.06321845195696	35.621062720552416	38.30219267916111	35.52046235467052	21.896529800619053	20.694149650156152	18.350248300548603	32.82068429529423	24.013458805718667	23.367031204136747	20.532955158146326	30.84007142991849	25.596686495421853	29.444106778682926	36.615730107216194	35.28119037503828	39.07251093735115	36.184803261811425	41.383282830074094	15.004007546337284	27.459162925179704	21.515936791706576	46.424528562487076	54.19505992677616	22.935432015692157	19.303353347286155	22.557684609986353	35.55845536883197	29.292182306990377	16.286580423275637	47.36932518106197	39.38838691860363	26.749758060029478	16.75762404682092	43.42311559244424	32.88989288809205	34.013635810365784	25.534693250711047	18.683767081128046	51.74712956460953	22.734375191998318	25.870213752121586	23.656023343939843	38.91284030302824	26.77666447397949	33.968539426596514	26.433870874606296	29.093315255092115	19.73117424617826	30.4948242111331	22.329418226408613	27.499378106597476	21.21047722079983	52.10645102625635	32.976336632057325	15.766714194228957	30.450574204202436	13.902185362704202	30.851120804474718	38.58651007030999	46.473293407056055	34.1845714196396	9.609570724928503	43.27419231831232	45.258955839176544	23.233151483449248	45.83281673743347	44.555159197120766	34.18371280484597	12.245162193836256	26.20611820293813	32.16996000655749	39.24475554652693	40.61712881420939	41.857053451996286	28.263161128465512	38.85959696710061	20.45034264155346	19.18148051824309	16.286465132319066	51.38803036012666	36.81416805413246	40.06866866079848	8.568985980496695	35.704817414224266	20.253085106829236	31.31196087480067	45.41968818591198	27.260596244824125	35.706780246544625	21.57317604559398	46.336509187466504	42.77517354608705	46.983650419671946	33.636585410069905	10.18929982069994	30.95304111368416	47.00355747362709	34.97983554669281	31.541077163582628	54.666894635188434	34.28947498673917	31.480276310381193	50.28525466601687	20.004565254915217	32.589779696021864	36.913475343672296	47.97290536462991	24.17000216734022	47.61788741218665	26.084188194466446	19.587310918348017	25.76637552571158	33.71651148363572	27.689889483765345	56.346327488005734	37.28566308835377	33.82735664303372	23.157603488392667	29.635766432693245	22.48457147378225	34.640021540824385	41.23791213311037	49.114957528895815	49.21685705343582	34.7153916109713	41.988416355219165	35.29716881226028	18.827602490449287	11.477699511972249	20.416104778523756	45.269661238272825	28.737555493451787	46.29265816012197	54.67797777356371	50.02007732284789	15.481883198058247	45.22106501669032	24.521481037569238	21.437995349946473	41.09708200258474	21.909951072110385	29.67329079292538	37.46566617116912	51.215582684608954	27.132057851451695	38.58253644178906	17.680719915719596	23.685344548040106	11.495363665747783	33.612043819199044	51.04602267285431	38.586352872791714	18.14870573605612	13.210167324081578	16.397565396844705	16.316323356290905	42.991784268893944	28.324203628109352	18.57644388338229	29.174733446863467	30.731198792005937	41.297643108273085	38.825806213705356	32.220399326458136	24.000221559037158	42.58958709015062	45.94920116498639	34.313611364433825	23.391272964007534	30.924597687482343	21.62606094395088	12.982048505822714	13.850171060782893	42.107211187836455	33.82617175915308	38.46562420226581	24.67685142568125	30.90031586284792	13.036135161484872	51.30917548134675	38.739438059068	47.65640513867949	48.86715434262948	41.830477911780186	29.663872867724262	32.56244821974664	31.54467009569397	46.273399730021644	31.635697885064012	51.15629691801397	31.17163375131432	34.43629070961262	47.562149077676125	43.10039376664174	13.3530096685507	44.35558906087592	48.7414754993737	38.84321364318331	16.998708424393513	53.702196949782746	32.0241440432963	45.117424338407695	43.45907821158829	25.333445477840826	36.13396377015793	32.82133140396217	21.89372187283527	21.21746580522111	21.820711846376717	36.39983849113648	24.218809971969517	52.37723093173729	29.986735811085236	29.44227310174567	28.395059566112632	25.858971570499413	11.279176415719938	35.188391147155556	34.12439611577258	34.42556393659704	31.654093261307104	25.077649369366103	29.258840145147857	38.97360352031439	31.737194086089108	46.36942041416557	43.7928819004391	25.98508921296823	45.951940789426665	26.726151851282186	37.86040885771563	19.83944605486436	27.819385735329035	44.41162105497313	43.63087385613089	25.29564168472852	42.8075461736478	39.53304124451256	28.771378766643974	23.031278578675817	29.475661280532346	20.824248828133218	37.76816986002785	30.884481573869035	58.659268899250954	41.008017431498025	29.148352919334464	36.21484790247085	35.7153302950009	37.293572739170706	37.52092221808849	28.292301151224883	39.30999530134844	21.860134767444507	29.60748775764471	30.201540102094793	22.371162581825264	43.45226366587657	30.35649426233162	22.062198741318028	34.87154938403686	41.183996302863335	45.33360871208901	24.129204153599865	16.87162324500297	22.70643844466351	34.57422662189069	37.198010919775875	35.61099325449727	41.53037457594633	28.978424282536615	29.971552489833122	41.17048154351066	25.78175666778083	44.939338648472095	33.77750024920365	39.728566902634356	29.037529098870234	49.871260494408624	52.54248068609359
32.28351325161502	28.679916722220046	43.75501547376291	22.41949382212866	35.82286039680367	38.70944110608663	37.18164592847218	39.733195426466345	29.559736270786065	16.2878241083568	36.692049314734646	34.53853041685286	24.26938755548262	19.18614768057925	24.582414445545844	20.45580339049262	32.819970291814	10.631855744346636	25.040979523987755	59.2623264306264	35.8874286367612	38.56905421383642	35.529974574046804	22.61959672246057	21.02117665704411	19.17330254317416	32.87809970859549	24.462016033086776	23.526235892642674	20.567111626387945	31.010049828812264	25.683789131970066	29.50845663036492	36.999188345234366	35.51671501667153	39.54769331285379	36.896623712678625	41.81196456544036	15.475491171504668	28.30816737321891	21.764207125463997	46.87339547809586	54.37362322174521	23.100663447702487	19.557144191963737	22.647289305168965	35.5637700922165	29.61159209796055	16.744871939040397	47.5727852875435	39.44141523146833	26.934995631249496	16.905030732031793	43.674967920718544	33.103772593079356	34.14812815829807	25.860867715165313	19.62488013061198	52.01538885526522	22.912805987276318	26.00170998698865	23.93436496254931	39.49424621443607	27.496372269124876	34.22118674935724	27.046959804316337	29.82844489144218	20.352005755162498	30.70939723598774	22.844908547977592	28.439952245075936	21.262336790306335	52.37677949704647	33.484362392647974	16.36794336352534	30.873646870466935	13.941530529848459	31.20265372117099	38.62266969135733	46.73215986054368	34.21855581546958	9.873460621707013	43.42270109042336	45.48855856430702	23.55885099052674	45.96587976506614	45.38965742818396	34.83108155288598	12.330016292666352	26.224316116862894	32.38320109616212	39.26859975109462	40.74772487131875	41.88007767290176	28.319448134500927	39.243430376057105	20.502308735448732	19.383691375626807	16.526351487493095	51.78402777995066	37.18157244905303	40.317303699806565	8.684698061677976	36.37872979156914	20.342652544402405	31.493682823090047	45.50639982486253	27.312836645146078	35.863716651206104	21.736817045123995	46.613191117190865	42.8567614585125	47.23420924486792	33.70646465135639	10.320826990241198	31.334661378157904	47.376890714430736	35.14641867672929	31.56002242075244	54.82339959532593	34.41779271055019	31.599565905084944	50.768375745085756	20.050501011813576	32.780217795217254	37.048650632494834	48.03827627580151	24.29929510130978	47.713199193277866	26.292724660538077	20.188335299644113	26.892314627928084	33.72670586211652	27.802675859397297	56.519055227277846	38.14090640907746	34.436662228855056	23.238093496433116	29.81233536417028	22.497484265040168	34.6654236093035	41.49209672675059	49.375881726280454	49.858498214302685	34.763325267503284	41.99648479166157	35.68401233849604	19.001894957567394	12.186367561135148	21.097538499417627	45.53601342278918	29.108092029979726	46.338751771080695	54.922844466153045	50.135192888714265	15.728814809256086	45.6358787534164	24.54590797984875	21.757350371970887	41.19524418868385	22.290361559695786	29.854839746567553	37.4841538650904	51.23481579346595	27.707535286169374	38.691278155243396	18.78615864999187	23.74918447081963	11.812845490917768	33.82682251602229	51.214190629231794	38.847475125555796	18.38205705777637	13.446053872575453	16.492833447640294	16.759945426578042	43.078680975733256	28.946769163437157	18.821667485043296	29.29200495708009	30.915623434112472	41.323496620519954	39.00754144226222	32.26096193576364	24.575668479812435	43.16813442033885	46.53048855104304	34.317054619854666	23.682374722343678	30.95074042205662	21.683698099237507	14.727902151680315	14.123550453878195	42.11651243459998	33.91800697647682	38.57824084762297	25.054606174202664	31.123045486445076	13.300296559643622	51.58171229667151	38.9845431097497	47.94670586838924	48.995950187187226	42.16110660111798	29.91928145681131	32.77317102398143	31.711300384953134	46.61445563748228	32.89236405015578	51.72816401660321	31.17658238687616	34.9316729056838	48.26409787601367	43.41098715937406	14.38760833959515	44.5792730101684	48.74747497802885	38.995065774732126	17.100783256110585	53.717015078043985	32.61705235729461	45.27406663068512	43.80076735670777	25.439829656478096	36.47658975593163	33.07817296340725	22.025651207201676	21.350539938451103	21.873386027949408	36.71451490635756	24.575084041791353	52.8473857706773	30.011730310186593	29.676511558943155	28.438622242053395	26.02143036118909	11.42038425256561	35.37615591781732	34.22828208600587	34.51339785349436	31.766653994010365	25.204001076810894	29.560566698168735	39.179533004803034	31.775171293373603	46.49057635305329	44.09373782211449	26.673322756651494	46.00815627125361	26.867426351851694	38.13849977325953	20.767813440633223	28.04598003015308	45.14693827693753	44.42554134332472	25.79506067402272	43.14583731449016	39.775847164430886	29.035343325628315	23.659254737834377	30.604550142878125	21.06667400745116	37.96077600797774	31.03632270982653	58.74348120878699	41.06709117021304	29.62813240701034	36.335383998268135	35.75250581668442	37.48996964400457	37.72702814078496	29.102866760163415	39.35666094553215	21.95772156443295	29.788912541805836	30.75181288922995	22.402565188591527	43.556835762078	30.934149742693062	22.302974398935895	34.93025519750737	41.374451150740306	45.57593126849949	25.233713541874547	17.724578468198725	22.76422676336429	35.37106455788073	37.96979143967959	36.11070051077094	41.95108867294998	29.056685584529816	30.073038954242033	41.192934283455685	25.98324492711367	45.07013065708175	34.22010228740424	39.75883277720264	29.41568706340871	50.07634936975546	52.941542338606986
32.32346452116046	28.690665023065645	44.16904098308047	22.592873201071672	35.87611466868187	39.50789214088903	37.21065718059787	40.00422963341084	29.651129276063642	16.35026036762519	36.72345147165402	35.32854926991526	24.349715229431737	19.378716040347747	24.849759836009916	20.737383797119616	33.0760906329101	10.714691611915704	25.149447425619613	59.32784685316085	36.40169485986318	38.709014601402885	35.770061348813925	23.09619820820764	21.19190217970803	19.530633415829932	33.041784515077325	24.775053884928145	23.59490104444962	21.230845143152372	31.539539182873558	25.771392080435525	30.11138841578245	37.6882364952013	35.682359421868874	39.83816061237424	37.1731745271278	41.942630118490605	15.623918629575833	28.732123163983157	22.659458871512797	46.913040057082256	54.57881447752185	23.386178094616962	19.647256275081958	22.926940571382296	35.82159722798731	29.932639494479655	16.846487854543376	48.10811115262863	39.535449277745414	27.16745103059447	17.376317028367627	44.07552401865583	33.70131190401542	34.56854867520021	26.532168165335662	19.75544709574333	52.055351860885224	23.341574843770555	26.42929683777114	24.795715650266978	40.007891131895555	27.53637435446164	34.396031147254575	27.32811634430036	30.15275984515287	20.75663815806252	30.958024412308305	22.946772129004444	28.540902972445227	21.97471562990469	52.49949396465665	33.789244797263294	17.336711589135536	31.06971973297545	14.647446768220862	31.32200285216127	39.31274733499186	46.88217912662995	34.28911904774395	9.902555534786837	43.697796671709995	45.834195616087904	23.878341972773725	46.13931975189664	45.403548938337615	34.9034960485034	12.415614188936765	26.41071245177832	32.82666045288086	39.34846014375644	40.822403340684254	42.03045218297393	28.743278844217304	39.378873524151295	20.788832933809292	19.45166935331495	16.572383238054982	52.80444295002358	37.72439925927216	40.56010108833857	8.938128263606783	36.460516402488025	20.416196766503116	31.91471598616279	45.63718461422817	27.505595999669957	36.36538837298146	21.98369953326118	46.980420433733	42.91283295070857	47.46179603093879	34.245198206478086	10.37598995603955	31.47848913120316	47.71317281638287	35.248085450878925	31.923991278564227	55.231888178484354	34.62456507696203	32.08241025336158	50.881215222330944	20.28124138307164	33.05652806134082	37.08232751161052	48.2682506844958	24.390786573729127	48.22453952833969	26.576972910303976	20.427890178078382	27.269685180026904	33.97332087843625	27.950975844090117	56.55593041624647	38.19853443535605	34.99668321298175	23.242992627018833	30.686304168134455	22.84631126594611	35.04914799394412	41.536896695686146	49.580776973151835	50.08309269606394	34.927941478664884	42.22338119211671	35.74779407295373	19.84732953555877	12.224989319795046	21.165082503947588	45.56523651029731	29.692922100246513	46.374939517955454	55.187507521112586	50.32280197095244	15.743538451873999	45.6706742078002	24.681846785293157	22.196557248757802	41.647411897904036	22.836284905068066	30.01189384818125	37.786032071517546	52.16946431819887	27.896124306335082	38.93560644712935	19.19773465700244	23.947183496114395	12.643322180608946	34.57481590678876	51.53243551239698	39.20375663131534	18.432814254175533	13.496625872829572	16.806347056259902	17.21161226614782	43.71657718217846	28.975153668774816	18.979036846408878	29.72004510424325	31.533668067732965	41.718470252132185	39.066548207494115	32.64330716930404	24.900186026254453	43.17659370815162	46.839963656077614	34.71769443562263	24.276576952204834	31.291882033148063	22.190967214219047	14.942423704921227	14.182411505271846	42.96101611568995	33.93142859651648	38.83130308349682	25.388196172759827	31.1847215206336	13.498727595006143	51.68093212099938	39.24321615310969	48.25229085351095	49.206393457874825	42.76627651370029	30.547632434279844	33.315452348442705	31.980803454914433	47.10155123567277	33.1700840553541	51.98867216636668	31.412616648066955	35.77461752971435	48.5173825694851	43.433269866963954	14.502677265720193	44.85655052756968	48.77642462147884	39.104982535557326	17.369626136366005	53.836041712414215	33.23664301863638	46.006461601756534	43.95901540386829	25.585406667741115	36.627559218578256	33.3968089561164	22.24056671862521	21.424914927001698	22.280133046693393	37.07359560460543	24.92450311400358	53.1699387372442	30.69469933263712	29.9328046585059	28.711276526175528	26.097561456248688	11.566978577090877	35.44173081772573	34.363745108713296	34.595066257212856	32.22048830016743	26.11191769034716	29.615823760402154	39.76786455692103	31.889434417701782	46.59321771791437	44.33867718746841	27.01216353751189	46.133209572038545	27.454720209957273	38.155142048954495	21.300198498891923	28.42413452582896	45.29544046638711	44.43608547849778	25.993170597890458	43.69493130598569	39.9517624887237	29.197996285768802	23.903979061469744	30.889501851489193	21.401411915534844	38.007681083792406	31.43730812813961	58.78900701987846	41.10768619243487	30.365193930084843	36.85241388944293	35.80924244508721	37.64336175790591	38.471832373878435	29.353347405160317	39.38610293554037	22.345782803382328	30.071125712733345	30.966167034677436	23.0914493045801	43.66171618899144	30.947594539072863	22.346087774070018	35.01873753882715	41.772646240607756	45.752939918161275	25.263130566705737	17.86283656037157	23.71055479925553	35.871547495348544	38.022717833811804	36.76869812388563	42.33325007250846	29.51984343788427	30.658531665614333	41.24860026590922	26.072188427772776	45.24943161912478	34.45931330375185	39.85243995410397	29.500307153347457	50.32046673555907	53.81264859642329
32.780238208827484	28.938033680906553	44.242523003473494	22.720578612512934	35.899240842903225	39.55366808615635	37.40283157555798	40.33112531834489	29.76843998452112	16.58451870430805	36.75844026330911	35.484328515487306	24.43806814167575	19.465637818720527	25.98886599811146	20.92862047478422	33.24543330315344	10.92815889332481	25.803417988948002	59.51027264224922	36.752716319076	39.066584072756804	35.861743685179476	23.434852500308956	21.325069465104324	19.667112840563533	33.699632510914235	24.887427720775364	24.008362002952698	21.34139468567437	31.860513730500145	26.79999201428064	30.16817046641979	37.96096227076524	35.80803288134165	39.90493804820116	37.241117682994926	42.02121350576764	15.640485575744664	28.761318591623603	23.171357236435377	47.018977387733095	54.67905715707352	23.700421655856495	19.72878370771386	23.022004133370558	36.170467551359124	30.333858118602752	16.93563601506459	48.95204586083999	40.28393497488874	27.552298271655633	17.617894293201623	44.885520356360814	34.17692456687301	34.75030462252801	26.695343934572488	19.912261671037577	52.20303116665098	23.443260724070466	27.15083582678539	24.803908195390342	40.04430612989629	27.622987878560327	34.80712287394378	27.544545222208246	30.6061226984143	20.768096590281512	31.11338490860333	23.045739701487452	28.643350861402272	22.216927783014604	52.524692357529645	33.881697110097605	17.679400756992035	31.120921924873283	14.715346125365384	31.6358325034217	39.36116246999177	47.33816500502673	34.68039672618851	9.95302473434221	43.84552942876154	46.30261876158512	24.953796890412303	46.590753930945255	45.50367945738139	35.00723465261154	12.70637554105797	26.90106278099308	33.006123606971826	39.766021588484	41.06283219139255	42.050803588750156	29.44009267397792	40.042485680671085	21.348955157751934	20.20404573843194	17.438353146828213	53.34870195012124	37.823947395278005	40.93732806317104	9.327780886062623	37.22551743546488	20.668101537400197	32.16847753007071	46.22504469711678	27.834966163239297	36.80421326053285	22.349368416886346	47.15273000220181	43.414539580604554	47.5520641683052	34.69425489615061	10.597933031202006	31.833156162316918	48.26532675151489	35.32307165619765	32.18849249057773	56.11283904285511	34.84665157843029	32.450831544014854	51.879811575040016	20.762330717116743	33.602235073425845	37.610141819122354	48.8672976498091	24.57472956701175	48.28824624087467	26.89975519296109	20.513843197396174	27.29945663336322	34.18349767576498	28.443672385614608	56.93811846613038	38.29550179915672	35.001646772306565	23.926805552363785	30.822840494390615	22.87562835125763	35.3136853263807	41.90430056622314	49.96396427104323	50.18045016975605	35.58577807377827	42.46189756801805	36.72716741859146	20.04308502941691	12.821184762189395	21.701737900068935	46.13924431681819	30.355078741359243	47.213114360640866	55.51492286426244	50.434044427840874	16.268639484279753	45.79100381569805	26.030990629470477	22.349028259383253	41.90212626467538	23.043340439284272	30.077599567781085	37.8946070990381	52.77872219016886	28.014343537983986	39.066216714957875	19.236688910260977	24.416554907704036	13.198752565637564	34.7957352236415	51.77125526601852	39.31749203690026	18.626444842691797	13.723347450020551	16.90492574571485	17.856415508786437	44.06917536187424	28.987936451514898	19.223081851149978	29.771449308849277	32.04428617408286	42.09578049952073	39.60393144488462	33.0382792526875	25.122981711663474	43.33345743180944	46.99265170807822	34.846215470841415	24.63696938992182	31.772010808117884	22.31227047670238	15.16014366407958	14.638253434404314	43.21600696108426	33.9689904713488	39.099831519905024	25.76125271661164	31.36324459332093	13.686891592249745	51.717618464233624	39.47984244179846	48.456128659930265	49.245903849481415	42.93230925838853	30.8807590703461	33.474997785100726	32.26723286548431	47.46276774009744	33.70222446945094	52.0851511858257	32.243804106821486	35.80115669096591	48.61452058016589	44.17261936280723	14.564949526693294	45.084248390181415	49.444158305383475	39.14581630968353	17.491733073660633	54.02284256269111	33.90823088370915	46.118542417564605	44.076789799573476	25.69940211210062	36.897544067384715	33.93392096772625	22.838871043241284	21.628379880008413	22.906090624313382	37.50830930539588	25.007313991068273	53.33566124639874	31.04794185611314	29.963271350061653	28.79074089347472	26.48846035162894	11.937731894385395	36.1979413798417	34.81734910763846	34.64430610103019	33.22477132555884	26.133031025713667	30.029010011402967	39.909823689209446	32.10432748184351	47.31854198353858	44.534745680449284	27.06704690083509	46.95363868445038	27.995596496154707	38.287401687520074	21.413287696593503	28.538639132121492	45.56798226606953	44.49924913538379	26.176416180088975	43.90331375455555	40.2823719538089	29.334954004933394	24.002600358886585	31.133653287418902	21.82920175951355	38.35182094553358	31.47570064880986	58.85296102328796	41.44883528470596	30.405532507334854	37.074999854892155	35.835677992127074	37.97443798047294	38.677263404083014	29.372377054429744	39.60561620178035	22.384022891122797	30.17644557508096	31.07069704493843	23.192988485811668	44.21230773740339	31.044845709915624	22.415546341945337	35.574488139210374	42.09005262962777	46.49056205069362	25.349399578373955	17.947668790943244	24.45587686886054	36.28254135450738	38.334529697489636	36.826595498747885	42.97189083897421	29.625455134198916	31.349157287710586	41.398094950244044	26.106699460948775	45.38252936688971	34.65468930866934	39.8987560332369	30.18876165757755	50.54996831833217	54.3595905415811
33.15704781274367	29.02233301384949	44.48790415684207	23.568552650287423	35.91491318327772	39.71007376483032	37.97613571284072	40.42460931951811	30.198947023602678	16.841557546479017	37.253117478227935	35.550290571367924	25.067639324522677	19.778226864750955	26.202644715471617	21.03109088994104	33.30478687490574	10.957995103140235	25.8371859363534	59.894574767665354	37.24488015705408	39.08352682073061	37.06362583856225	23.58577743196011	21.82433262061193	20.071105114058245	33.848483496323176	25.4308077027788	24.050001742409133	21.381635539624014	31.983697452296973	26.87946408173925	30.28131364294918	38.029548601527424	36.00695806195711	40.55062806320407	37.56290405244882	42.252176247095875	16.164662477292605	28.942764843503355	23.33772890277385	47.433581979834265	54.829361175774416	24.49720605487907	19.816566845792433	23.161081520245634	36.48319956842318	30.402163849852293	17.169902427675847	49.26853176211183	40.386912360806626	28.052112768167824	17.62888251800299	44.96655791785682	34.449325149811244	34.77078587584602	26.76880461574168	20.030484511003205	53.22074333519833	24.112525387974035	27.512216327921568	25.656548997243256	40.46214843120433	28.002275159240423	35.01668110425443	28.40240975874168	30.712396295834584	20.82092011080939	31.23008161064497	23.238016324515808	28.78944440259715	22.248800117242613	52.82510321593941	33.976641730366005	17.777098473248653	31.379635274847768	15.502315229725635	31.950795962755336	39.771148692576844	47.424142101357134	34.825934688531454	10.319101614357038	44.16776226025823	46.64133772512367	25.22227508817499	47.04110437914152	45.520939186072006	35.689448961498705	13.106462460329425	27.012206681453975	33.21662683783918	39.78323217044956	41.843202257796236	42.16924910569514	29.527281326989453	40.33539422917346	21.848408784999442	20.296217556058988	17.635514596239734	53.461890672782665	37.98133371394476	41.092059529383214	9.493917157950868	37.817310479280344	20.680132977894853	32.60110795761656	46.5268675541144	28.360624799681187	36.88182165689642	22.650812475656952	47.183976888587765	43.79501039041734	47.799127959128434	35.21749602799281	10.707781068954636	31.88076396843092	48.782377779897104	35.43496997911332	32.211336962444165	56.28764831009359	34.983254718424064	32.74211905139884	52.46968540603905	21.028229936179198	33.94077884151898	38.1963984892532	49.01322166794324	24.615704692939705	48.357937688745665	27.15783033099589	20.70480992602186	27.949044159417678	34.34282385691746	28.670300541056992	57.017560467870716	38.30596946542306	35.88706627322417	24.720445987960176	31.202298433653322	23.090432529752167	35.36150480897015	42.04362969134953	50.39688819773021	50.19714973382962	35.7494786896279	42.826453033194845	36.827314445389426	20.29512033002218	13.036802094690236	21.932216081152898	46.27664615829808	30.61606229771398	47.29821068025234	55.70364386640538	50.674457804552155	16.477067726067578	45.891930973352586	26.094360390666385	22.53598319558343	42.25023291850573	23.338549239649506	30.31579908657917	38.40297259056341	53.11457706955315	28.684991133128342	39.1266746586381	19.56830815068154	24.528075585418936	13.239983730523747	34.87302977297501	51.86547506921437	39.86405368440038	19.17800913354773	15.422710525758621	17.14838247881896	18.017098144122773	44.12339384572333	29.712036412515086	19.42817279147689	29.927581760967414	32.67471148290004	42.51165832286288	39.772245428216415	33.154363037435886	25.22471127390539	43.74240173006485	47.02306993870624	35.534248757555524	24.948707620848797	31.93572747843798	22.364856469737347	15.3600092366925	14.63975276426447	43.26985964688667	35.07777062404841	39.19421377230982	26.16351788337557	31.46845943589334	13.92445017264025	51.84746068459297	39.56840220814535	48.52650563018821	49.33893530089765	43.275471984596734	30.968759377922474	34.5588225062539	32.58472099266835	47.864215113094716	33.76944128516678	52.24833377690774	32.66894755398273	36.44237333093858	48.71310991464693	44.461473189796045	14.724643144729542	45.80327516989926	49.5227168049231	39.47656476876507	17.836028111770162	54.03956186632944	34.08056135619394	46.33399907415766	44.315137626419414	25.832372972539464	36.916786250480676	33.982115350408506	23.24074186575064	21.776565188406828	23.006853772129503	37.53112055197809	25.423871160091014	53.37539040977899	31.22498406863611	30.13706242594429	29.037506297964757	26.727667671040788	11.960148100088677	36.30296691065519	35.06459681588923	35.34501477703707	33.923439894943655	26.537639678920886	30.4697652141525	39.9610736208849	32.35854405505557	47.57622462513218	44.63369076823783	27.239494981676437	47.24722777244116	28.060631570394015	38.35324728136557	21.99822628373779	28.911330348212818	45.726986702555664	44.685752946090695	26.820237390234865	44.07949080255264	40.824795675422145	29.78110337404654	24.022725895173078	31.52470153155175	22.171939383078126	38.48913410100779	31.625570557100396	58.952284980357014	41.802308566260166	30.777448903270347	37.315019605661874	36.59040978976709	38.03208412767571	38.84767583402596	29.47664434069658	39.824538023810426	22.38648354662708	30.323635112620906	31.11555547979517	23.646930135697854	44.26580602423698	31.23428487918756	22.64565334978681	35.70982327396881	42.29262269085633	46.68136429799002	25.3805083371872	18.09751669320908	24.824901628832308	36.41401322847191	38.35228978955807	37.57471358287756	43.147430157409	29.776312721298485	31.6075721188013	41.461325315600625	26.34707289590698	45.60897636885462	34.758438393500185	40.032826589486966	30.666439808634927	50.779280575363096	55.15168975416048
33.42250320132384	29.164920703750187	44.611653354209984	24.026069790618788	36.06112669740406	40.11184280227599	38.054274932378725	40.756033305582044	30.29338600448965	16.937253052336352	37.25677034177525	35.698285225973656	25.35933453269415	19.912731803267764	26.23556550607457	21.242595800255295	33.536402752623616	11.08821278836631	25.897468409255733	59.99133684332872	37.289481561089346	39.72566845941523	37.717881606554975	23.63175312602283	21.841599363484594	20.199391163604858	33.937888823739584	25.493648030708275	24.558869685458312	21.532629113324496	32.66252363543378	26.97425687065334	30.708009930131055	38.222258252559605	36.50995658089546	40.58124465168073	37.65400093364973	42.37175327953372	16.43291884410926	29.029918655877	23.424365071423004	47.897425444632496	54.95905531129521	24.805780637511475	20.441894863290113	23.20999056165568	36.873571328922175	30.489079851475342	17.503374754001932	49.31625545127958	40.97867244853874	28.08839965777943	17.64712234023048	45.11176456338867	34.80111101104222	35.303247905215656	26.79000810389577	20.141789234479717	53.660257940823655	24.165454139984945	27.60451520049055	25.705792728222345	40.50829111876293	28.050188005899447	35.24813343206638	28.9498945372831	30.84904070915505	21.233484762300783	31.241718280242804	23.5078004432928	28.851209635693344	22.33259020197011	52.98557024835615	34.04610446902368	17.787155772116037	32.132935795074864	15.564716052250775	32.771274745269096	40.499150174853575	48.13520623708299	35.09614037426009	10.624218481854236	44.620717542635155	47.37034586890952	25.25422379623391	47.37046108857751	45.83761168866386	35.91519302184048	13.36401656295754	27.11257898468766	33.32631301734388	39.84505668682347	42.07747787985685	42.59962765222481	29.701756724669515	40.444641817870675	21.92028687457	20.311696861567153	17.87961526150433	53.79468201930616	38.19970581792874	41.15384270549487	9.52296120927668	37.91297108109052	20.897337812411585	32.81998797873598	46.72455245848066	28.50620582781385	36.91741234494451	22.848563276591815	47.45111181503162	43.805452989104445	48.21487824025183	35.4274791567782	11.246131769508848	31.966288204561984	49.10885299029803	35.55701730434469	32.31435731847598	56.58541675234276	35.22715743482904	32.82228588269012	52.530519753307786	21.73972916543543	34.07793111695743	38.79465643102285	49.061421896307486	25.253339356937097	48.596604599927176	27.205902858186054	21.109538193530135	28.15452299028185	34.55784067850791	28.889446863535476	57.132524409834005	38.48523883927776	36.34766174133388	24.762682704991086	31.86169976069502	24.11008881486213	35.519052021764196	42.179952199416384	50.5123056579958	50.30987447681431	36.085910316036895	42.989251297515345	37.026930249845556	20.546055875726417	13.054264682130386	22.51257315519996	46.88349818000171	30.948615421595758	47.672810286953734	55.788277415279154	50.93502627696402	16.531910482534055	46.3235869472862	26.12665972080509	23.065000029712767	42.72280312186187	23.398667751599394	30.359591899370436	38.68488927808682	53.57974222973991	28.71753380932469	39.41971588003574	19.83910366252111	24.700744450610145	13.415586863513857	35.42218461068312	52.02017957193966	39.941698024602104	19.694022778436153	15.821811957090853	17.188474068683337	18.0901016068092	44.16291835451931	29.977811377679604	19.479432014722793	30.178683349769504	32.893648840000324	42.70943707812143	39.80380710601959	33.84248566543443	25.64928387272858	43.8581026028358	47.192444861795096	35.62803147732677	26.00936220637517	32.066669002144344	22.68288265791055	15.411508108084465	15.40312129155601	43.605093387250236	35.132901343663306	39.40946150312648	26.37342753724629	32.54105612676937	14.664049010434612	52.1945212162893	40.618243683685186	48.86027274644667	49.436643835975424	43.54840783944665	31.284897905796985	34.76224792974379	32.65417523775661	48.23204656201955	34.10101472200995	52.38553305819438	32.70645882596752	36.89491260585288	48.883897093858465	44.90247793710994	14.848841757807476	46.14187402230225	49.78404521654894	39.72753172952572	18.698894450321028	54.763843863708324	34.47994857339907	46.39607686459131	44.442200884049	25.85656473662634	38.08018818746242	34.339438761400146	23.39312144820005	21.934774060432357	23.064742894567605	37.94999025064677	25.520406658816206	53.3966725071039	31.499128339582843	30.197757308567212	29.39194781167515	26.864333631402854	12.587814769077214	36.39312849831656	35.376655600226066	35.50357769360049	33.99490800237088	26.831638796707885	30.596238347469807	40.69502858202942	32.48548024996772	47.776405221790085	44.72609376277747	27.27388804359522	47.31968291930761	28.091718479872576	38.43501994508589	22.048420618128173	29.050284953577695	45.80074151424731	44.9166510563318	27.28760620395752	44.114820348776114	40.933205226999306	29.99199248461953	24.192716650675223	31.73061517587899	22.49912836910948	38.850408829411634	31.753272696402263	59.194888958828045	42.042755602850036	30.793269150001137	37.51522753751749	36.60512790628532	38.07201604910637	38.87896181662469	29.747546697893764	40.02470331352757	22.981623669021104	30.386830360084392	31.423760434819357	23.68965130526484	44.340008908027535	31.68439489934173	22.83498457563878	35.795111904035494	42.43604413254979	46.85790840268177	25.49012589977219	18.476938110898065	24.830780313586292	36.67108103667644	38.392397637082546	37.76581085914253	43.35988845853629	30.06879299784655	31.798816854800275	41.53671527723855	26.764868041893752	45.80757946570869	34.95349670576873	40.15695019414249	30.70249915903101	51.176839846450015	55.532824636241614
33.63473683361339	29.217408984937844	44.8393095943361	24.037139826002043	36.14304107749292	40.19558946676869	38.44682189106803	40.86296958450618	30.871987984387065	16.982765330199822	37.452395870238085	35.83410583493034	25.807365651340845	20.033043809514453	26.305300676947827	21.475095117671096	33.95488654894828	11.124006352595263	26.282822959114363	60.02812042391781	37.576132438365846	39.75908914889599	38.2405078081174	24.51792059507805	22.38319703862235	20.7483636394698	33.97749476620325	25.70168267135411	25.12725684184257	21.571817714705613	32.93422953423936	27.679143612678264	30.758211045216857	38.61095747057087	36.977640092734056	40.605099061060734	37.82403337544316	42.73032858699607	16.482179049445133	29.100131855011536	23.599203985694075	48.55133327825094	55.153509069663265	25.07683288396606	20.49864956694688	23.470855104860853	37.09457504814762	31.46448816866607	17.824423310690754	49.58115589055608	41.21525104581515	28.29089652075451	17.977376201426424	45.138741969750356	35.155919953230914	35.49566889348371	26.89648568463487	20.19795426078019	53.76641270155745	24.701593967034665	27.667175204964067	26.11979928448567	41.08540018305384	28.313222169895095	35.41680268490736	29.14683902696946	31.216972438423227	21.332665068098766	31.39617217454662	23.6272561719471	29.021703138779298	22.433602698798467	53.084586806898145	34.30937275328285	18.19083252210841	32.869441550483245	15.839975557132382	32.7743381134871	40.73521162330786	48.369193816977265	35.20114622427691	10.848347145124256	44.77589613042775	47.50140748191412	25.45157743453074	47.7523531807366	46.167852096544436	36.2774052024727	13.449700290338175	27.958350009923887	33.55874694680905	40.28496562758066	42.431737256866775	42.75439800648005	29.840405166268518	40.64626851244964	22.116291334125975	20.765422511258944	18.125672584949054	53.802825939271024	38.514394125427565	41.61532793205505	9.692091972942114	37.94660445846406	21.817328488502195	33.0848406217001	47.05886683572067	28.856030325936523	37.203197522528676	23.133963022218975	47.482873124462564	44.06055282496797	48.256849271564306	35.452189581308836	11.379220961277106	32.01218485778373	49.21628880139084	35.90990224027517	32.58219038600011	56.766224906758474	35.27233073891156	33.29211631214912	52.708117947069496	22.159359095093745	34.100300181198165	38.900933936088066	49.77057638906487	25.342878991344644	49.15095864671939	27.22183976067273	21.711861491209536	28.267370594507494	34.626596580004765	29.2641617218315	58.65365088480691	39.09289214631399	36.605988418549465	24.776171666754596	32.308072141869864	24.648902831425843	36.07857365567026	42.248681263753156	50.53138501285457	50.50724496967516	36.60702462944488	43.087151706684836	37.128204547014185	20.626894728687468	13.392187366593262	22.653222466513043	47.49491912500717	31.205401984315756	47.68375213188226	56.371281334953395	51.57900153608772	16.67566553619116	46.38698497988592	26.832177168582227	23.278328131304207	42.94829712583716	23.671729049060183	30.425048538853215	39.0501478551527	53.7417010956964	29.091112845121586	39.942416541133575	20.057296784460526	24.8712030669897	13.423273968074268	35.796530865185154	52.04331811063329	40.0998301047435	19.731829930359968	16.279607507164506	17.31486225059457	18.24165551717247	44.31405858539378	30.805956440453492	19.768517289998442	30.183239726189214	32.939917314860516	42.805402983538116	39.97344423471502	34.073907691044	26.182881561676876	44.19023498192967	47.57433395137419	35.77173740928717	26.06505781136631	32.95868795161661	22.844266582196127	15.491973590429723	15.450990398086873	43.67301763180756	35.98361258304545	39.96608599530588	26.593506658546644	32.85132811496609	14.688285870075706	52.205271657837116	40.78159934808586	48.931110318426875	49.81115556859877	43.683344362929276	31.379546753518202	34.816179506812965	32.694171515871204	48.58881184790055	34.12265970892349	52.43845514894577	32.75366702420524	36.99239810338747	49.02558327741701	45.79182744686139	15.00469624358926	46.156706119449616	50.12165052029698	39.97873491761994	18.92608229534118	54.79319240592634	34.98294680123234	47.115542226366436	44.58246114042157	27.08126331247256	38.37067530726024	34.649072695817885	23.534782151852657	22.160226666290093	23.52159645267429	37.97537193696367	25.774856128785917	53.440568895555636	31.68352776761164	30.591331049366563	29.406764575547587	27.02975638193642	13.142683840321508	36.59402165240266	35.721018572716225	36.12100626113831	34.14254925396922	27.18903866995975	30.81928822358198	40.829772599372305	32.569809259834884	48.4374541450328	45.01422216288559	27.552741606980646	47.51846822000789	28.56724483441936	38.806523975444925	22.550165540444464	29.06704809159143	45.859352439211456	45.19270922372072	27.557967143409478	44.176732513074825	40.960135792985014	30.365435965519556	24.384197456141425	31.964452320954265	22.55628403288652	39.13626691567649	31.94185078491531	59.878184155707324	42.44439690472774	31.17323187793353	37.59951006443502	36.62651098050853	38.11500738047567	39.28620102231674	30.387160640793404	40.29579085497665	23.516023336636188	30.506364241944606	32.39913735647659	23.88535201815704	44.42765872367576	32.53719207887861	23.04030565148884	35.855530085994104	42.473345195749104	46.94588210584684	25.613228208424	18.832061824502723	25.45468249210716	36.76717052998331	38.842278359565164	37.81350873042028	43.42712015044665	30.076841156848754	31.934074129521846	42.41750512690672	26.9315429990293	45.81786643672841	35.30531313838117	40.42927800921699	31.10685219735494	51.33311863903564	55.58007802146042
34.14002711675965	29.327804082476817	45.109681603835966	24.347799515822857	36.74091539263845	40.21882164405102	38.54828960917251	41.487360775392936	31.061860211280617	17.211446890156047	37.480454652391174	36.0656376201314	25.999278419585856	20.598311157309755	26.48846059593768	21.654964558850676	34.14303662909242	11.368529960207994	26.441600457461057	60.141591227241285	38.072913370722894	40.07575155521065	38.25722317316226	24.991842409052985	22.56412736483151	21.362554623931604	34.15096668330101	26.05007696392909	25.211628593211564	21.62236101206356	32.95415557585673	27.84530888750193	30.898216272845655	39.19126610395714	37.82403108709487	41.118899695316614	37.94609855285861	43.15076327883763	16.78037672940122	29.301457935102555	23.946294564476847	48.89994179410771	55.31489573416026	25.201598190052664	21.079618579699233	23.623129022667086	37.24917744849244	31.62822753097205	17.88715255704286	49.721341828768196	41.26371232492281	28.41036950694357	18.135659849800806	45.233682440309984	35.55491039103092	35.50664125778162	27.144650717787787	20.292886956957332	53.77620512869786	25.556908609713574	27.88383056836335	26.817429491459887	41.369769735861794	28.440302367082296	35.902810026760605	29.424077335562334	31.22439028438097	21.492489368630814	32.20402144187195	23.713543787347987	29.183363451383904	22.874670688491186	53.101246222860816	34.35633366216716	18.301787361034332	33.21752396642387	16.01123037856449	32.81943839096423	40.76184441982891	48.39991107075538	35.42649516505093	11.522556719913496	45.16894938169707	47.9177120225679	25.556824624566556	48.04300131253615	46.574141178073596	36.568776791292414	13.63445426142793	28.116519936673633	34.29821870218467	41.0381890261769	42.44384412801197	43.167570639316395	30.12870944260065	40.83450652967019	22.28865120791188	21.367796492143817	18.546398533911017	54.442756314910156	38.54809816959438	41.74766035947945	9.789511490822669	38.02499738690651	21.85407016196723	33.159235665526815	47.10074333255463	29.08384166476654	37.23715672182394	23.891080450854503	47.63208907158943	45.29202010488267	48.51715777456623	35.75795398242506	11.704288537842094	32.1753416111526	49.8219468220094	35.9424351792837	33.04380635158011	56.87136881255255	35.82096991638199	33.526778439009185	53.10691568227373	22.730413056840042	34.41767675804763	39.09244504080503	49.931705995286855	25.646767967819287	49.53099926966791	27.94104399229157	22.366326752058793	28.569916514865056	34.7734096648311	30.014411789603553	58.99432427617192	39.17774104113622	36.722761636632775	24.98687188074332	32.537576095101095	24.712737958051378	36.440799325815924	42.29211968709931	50.90145784286621	50.99485177872446	37.1131509691197	43.17706454983154	37.45903682968674	20.72818322245371	13.580674791747763	22.719555747678264	47.67313262971773	31.405222870122945	48.13409351027062	56.76241095008732	51.86000825030811	17.018654046735627	47.343986614533364	27.093833764887993	23.28344726679023	43.258410627605244	23.873570961345067	31.31665482566745	39.316233037591466	53.86702083029758	29.428810905906417	40.07705392772912	20.082960792376223	24.99233969133388	13.459832058721167	35.8182769480654	52.69401108134366	40.11375045343447	20.446597432642	16.526306381201998	17.683647703686958	18.253299788381106	44.7871544986182	30.954285526329	20.184755817388233	30.350262385779324	33.43146039484228	43.055911176784626	40.01982814289609	34.14572351145855	26.260619217655723	44.24683348155521	47.68170632616392	35.88775492790285	26.47693684969997	33.1732471127746	22.994151786514028	16.05692694023634	15.48011420835262	43.88918115546818	36.03335395594957	40.022324534029806	27.066694318320344	33.180922155659644	14.931408788567445	52.24338690368358	41.05209914428137	48.96427456625159	49.85571535040843	43.82489446009183	31.478593763162387	35.24172332543575	32.903246987424694	48.60672542856398	34.440642149546896	52.603655566426916	33.0186979984616	37.022051193009425	49.16579899411384	46.11409518460618	15.158207108944698	46.60628355072718	50.53799329248263	40.81546316488383	18.986962271543113	55.000632089104094	35.00833470985887	47.43514468733252	44.88970681425527	27.3619957380402	38.49187991810546	35.14584451771211	23.711799244095317	22.24055297845411	23.994500556503464	38.10856937674379	25.794966438019973	53.453702313390814	31.94766192221307	30.856431588232326	29.418003858605818	27.09814647302998	13.161667201867703	36.89388964337582	35.838510600173294	36.18423726774866	34.15460697077559	27.3299652339062	30.889266649049745	41.05078257997361	32.69186742185212	48.93014011076628	45.48343730351327	28.02854083265688	47.5351219727	28.97042971679073	39.06942189559937	22.72921191832847	29.233961159815262	45.95897966988532	45.55877874569385	27.77612139110699	44.21375529129005	41.1933672723718	30.373849036032407	24.47045205333932	32.04429116124834	22.901804000531406	39.602619205391704	32.26804098556261	59.893455017895526	42.57362917914255	31.56452179404887	37.890131532998595	36.65400350441979	38.55538570894171	39.413789653678414	30.63372478802664	40.413970528072625	23.603902867837874	30.84637931749936	32.529713682654446	24.027422306557263	44.61716501934665	32.67948463928418	23.338704278501762	36.051576822029965	42.94276873042345	47.16001382751602	27.358579964689156	18.888127655928727	25.727552033125882	36.97687228192304	39.939237606932416	37.94516307926892	43.47595338542614	30.298929555108764	32.0795832262993	42.77567494127292	27.227170169226117	46.754345211320626	35.46523707070503	40.5288220578778	31.25937196142127	51.746978941715575	56.05866802902651
34.74864034693669	29.531766969393594	45.288110102273436	24.43273854105237	36.77319569776324	40.372475461844466	38.70120819256483	41.66848840657462	31.319898450015206	17.38636434372578	37.89567372896422	36.54501907697225	26.043480747685138	20.949265715539703	26.780864890715563	22.010054153644596	34.627887989261616	11.488648526370635	27.111920475716023	60.21569893871375	38.23327076806261	40.976210704889425	38.40182550169988	25.029665561842457	22.675672251569136	21.39433780798876	34.1743871564745	26.123852556015887	25.25021334577509	22.205241304257704	33.30015902100931	27.84686473954267	31.128889841816818	39.259957471193694	38.166170210323244	41.27448478532231	38.07313820869664	43.651231054684125	16.881997950538995	29.471051229535945	24.041394225778156	48.96176104868317	55.406358073186354	25.908003075762103	21.39875860092027	23.74696780518838	37.461179027805706	31.637767997828554	18.08577492897992	49.82785997475866	41.48659870723596	28.691088682360583	18.168526107677938	45.28346838792884	35.66132506845516	35.66348833167884	27.231950227641015	20.45856230885926	53.868077548999366	25.64488247312467	28.280361299507234	26.912572540857553	41.908654921531536	28.6670271048856	35.99317458614683	29.594237768299855	31.75041947368106	21.7062183557184	32.337342360466316	23.806757736252724	29.36009827152912	22.957304634666936	53.49116669193786	34.396923482074115	18.367476192404446	33.91618660066494	16.301204878890665	33.32635107874397	41.24132744157106	48.583687722346504	35.48716520091364	11.732540657284606	45.488112235554404	47.98792022980684	25.794005243200033	48.30500262633185	46.57905903970722	36.90482247448251	13.823655549438318	28.191928742480023	34.523585388979264	41.521551869851656	42.674567646908756	43.37777372862591	30.21842539597107	41.45545363663374	22.36054743470849	22.22357613975251	18.77982055096994	54.7682668223353	38.98663242605237	41.79616915761722	10.056599172604283	38.24115106130685	22.26054753439046	33.418543336451	47.24940618067939	30.107280891215634	37.34840306411225	24.061093591307564	47.747922591336405	45.91422843430183	49.01616497150666	35.86725811411422	12.386853053180118	32.70291489640693	49.88697732262483	36.50169758986156	33.07457906954292	57.40740223819485	35.99481571428756	33.861114027721115	53.40668171318736	22.909173337747788	34.89415087420478	39.40425513248107	50.07626879700274	25.700726316648375	49.891926238157716	28.120892988775132	22.639410811464774	28.60656172664689	35.34789488252468	30.037941779574737	59.34849396083553	39.192053090963526	36.86502214981506	25.767296577064734	32.64673516034162	24.79006582609332	36.63820831936821	42.60571198335656	51.03938228408971	51.46303908722381	37.46145509371022	43.576682309975816	37.75930960530564	20.790502102352914	13.938159190898139	22.86287350173267	47.982458976831126	31.713821631645768	48.17623345516472	56.91708129327063	52.05253038574022	17.19710206294228	48.63704608576781	27.72522407618923	23.33356005539043	43.60734477190994	23.901945420051486	31.77332800143551	39.330873949724804	54.28915967311819	29.561728216359082	40.74846376335972	20.82416914610419	25.911376026566206	13.768880603898024	36.18282460279523	52.742292660118544	40.45186603294402	20.46654187739264	16.777191812490937	17.79147261675268	18.269829865570568	45.05874421238975	31.127638957224875	20.26663767698753	31.09388944344142	33.8234820564932	43.30686611864598	40.08784357212205	34.42261709304199	26.779855956868797	44.6112849078141	48.119049940116945	36.22712402769465	26.646805139749212	33.56649935781785	23.87242710933039	16.660806286694935	15.842314157830527	44.11783224137045	36.42797901375556	40.959962519931054	27.24714207487389	33.339958806675135	15.387068910492737	52.740873160647425	41.44440776018088	49.17490425223938	50.03159905407768	43.870050320027765	32.32172486164632	35.82317837306678	33.22648948167992	48.82609365352649	34.50010122393183	52.73389042406384	34.35558123649385	37.19765939204077	49.446847116921994	46.61855789242912	15.644555056673205	47.11883727517911	51.120541681225966	41.096179660779704	19.270609934355136	55.28274536802401	35.140478810970116	47.87033657008867	45.190351180319226	27.443671527242255	38.55688918421876	35.357801743791285	24.116945944085163	22.312708609876324	24.16885151282273	38.27108457716288	26.877276688436424	53.73072317911049	32.12615893991591	31.279718353709665	29.58697054213863	27.15528700246686	13.310720105712054	37.14944502652195	36.19881846068629	36.382128403392116	34.32711491115327	27.510561552113273	30.962480995406064	41.19500044705228	34.28098025708981	49.218423906601735	46.63855944450315	28.30126582760819	47.59375228829622	29.30613508636004	39.52706298445344	23.06330300064983	29.307727072699727	46.44035618231889	45.70734650334931	27.843546993827484	45.012748090363345	41.28480708116097	30.463129753067236	24.79702210592685	32.82036952711549	23.00589615364162	40.52241794649299	33.57699244398474	60.04111093106885	43.15063144160779	31.99023264792702	38.113412570128276	37.27526726469817	38.654121721980175	39.43366599233459	30.67790951091833	40.45345822280686	23.6188191586984	31.23809729729493	32.67635707175556	24.202975402987985	44.8236899691965	32.87195129437367	24.129494911387127	36.11659538910938	43.03372317950556	47.27458739365651	27.455584444064268	19.05981111344488	26.281810137218343	37.276817014221244	40.07409533558279	38.37531618386522	43.71287671484778	30.598506440857925	32.729275698670634	42.849250866773524	27.277677343696258	47.96132373117185	35.554670045980714	40.67437065811723	31.360024030225738	51.81846241372267	56.21618097946826
34.85031137491298	29.851732235551303	45.58859689111686	24.93735513126284	38.04613474165073	41.32533202211424	39.06476267753678	41.68664481743711	31.53550770283452	17.4979325679196	38.00076357023676	36.87266561162924	26.285279559387014	21.02337940694015	26.900833548861865	22.594932252190524	35.376149479190566	11.568712047801972	27.391286843068315	60.278441887064844	38.48615393583047	41.02087310657747	38.550189738347996	25.16186282874436	22.97317826351974	21.62982404541538	34.26051655645639	26.272199459406764	25.35676587124004	22.396938421136724	33.35651450097386	28.154788895280785	31.341121493981987	39.4384920892126	38.385387571568266	41.379128266294316	38.58023082606803	44.10499301949249	17.22582770853627	29.527786192458738	24.291946920958154	49.344774240529354	55.45364543081293	26.383776052793195	22.540623090702194	24.100913470057304	37.57181328182188	31.87076362844572	18.6683866303824	49.89716404848769	41.527543079185264	28.847069648876385	18.74329738802646	45.49956793889986	35.94373180952933	35.705321486220754	27.498715866580273	21.060599274511226	54.262213936452454	25.752732034024433	28.465568606148484	27.070720465267126	42.04545228069638	28.939887619057647	36.38677477092596	29.696136966724666	32.403139758801295	21.81864839021579	32.41604383874536	24.166483667988338	29.55842759092068	23.303769152312395	53.628304632355075	34.66392629978009	18.559332312811016	34.12370358825673	16.363345429962692	33.41932258721797	41.73308077041926	48.61977135441754	35.88188183708035	11.791891284692168	45.70582008736644	48.30181298564411	25.834813322699382	49.02797957368715	46.77833343970874	36.9844942096313	14.0338372752631	28.475827178629256	34.61770286640578	41.8077434361081	43.21682894778907	43.84305786286202	30.648640480026895	41.50415423595037	22.596420315185757	22.405424759095215	18.959164258348252	55.1435536515583	39.711895408245304	42.07726774626918	10.375902656597797	38.378864607871684	22.288970762076644	34.08023248330575	47.322039620537396	30.229181821745716	37.76817433701113	24.870473477781594	48.550399972550515	46.31309441785893	49.09146354299367	35.927797820038336	12.50382860653907	32.9198036097763	50.32899118557844	36.67697582706698	33.28107771018274	57.698889312230776	36.05065504730628	34.178395012560365	53.91750418380869	23.147508655013375	34.92212380199048	39.82988036195892	50.36076689265146	25.913780008026464	50.14948885689909	28.2088771515785	22.844691608994346	29.080356095090558	35.65266025330356	30.417558862937494	59.54979451438595	39.27046035556114	37.143835498179115	25.984902715717823	33.48408954707495	25.20849144792734	37.144566152467455	42.66322649515173	51.58035394602483	51.48806374874301	37.70600319223801	43.75304038825074	37.80493006127323	21.304118306264733	14.34689031304705	23.16106092343275	48.6908345785568	31.836639219145717	48.50851807347827	57.10378507087302	52.18904160884953	17.448824589561113	48.90927805656531	27.925343254476537	23.86365445603317	44.30698709768887	24.118130989499626	32.07867784237166	39.36602701576243	54.50533973914118	29.9977836188876	40.970066523595385	21.23107131471632	26.18005281713594	13.797698508068255	36.30503562930597	52.97032455091529	40.989577715198024	21.0068730953128	17.007999126156093	18.671795473852033	19.052345588659588	45.088517101870536	31.609537464844557	20.907255326064803	31.16978477215252	34.280398438012	43.67343140706696	40.23401652346011	34.58423570775576	27.1066829004822	45.09753485860314	48.25418300558887	36.405462901839726	26.706027063042384	33.65931658504537	24.246715366010225	16.718222770053927	16.088077902165434	45.009481187109344	36.729713475964054	41.377835338315776	27.40943253675495	33.649030659620244	15.68540868410993	52.94023188061893	41.71313910572827	49.22548765095595	50.22319099520677	44.19916142426186	32.49537297058796	35.83824167312711	33.2449181677794	48.93686035898469	34.59663831824209	52.96397004104557	34.46666366699109	37.70519232453659	49.56230882251381	46.91399749650956	16.034959165005727	47.534592014273265	51.55610527126144	41.33791670347555	19.329676937031493	55.42912976109112	35.26791553627745	48.19997654601799	45.25464904119171	27.582942739634756	39.073335650509065	35.777937137760674	24.192223191097458	22.37625447979775	24.529888182360054	38.592482186626	27.236994882085273	54.241315307418304	32.71488483655228	31.65897099304902	29.61622846534045	27.453331175214664	13.812589976082508	37.299414862741784	36.22576507626985	37.3646399752599	34.54506356058907	28.191615703888882	31.856934023649092	41.93907932135279	34.54039525789226	49.89896115946979	47.786016687144	28.31706506839029	47.93285503507182	29.333735883405126	40.69130675456923	23.15390581141579	29.43551026068867	46.59159785828781	46.0754916685159	28.333888487895866	45.2707846607116	41.48684074935245	30.666625798500682	25.04367501068374	32.88374046254868	23.271159466497206	40.89199182942599	33.7658757936548	60.25425031447385	43.252412322005135	32.5455588229989	38.41193540923041	37.38118790517919	38.88932935047585	39.467023511234345	31.2913937530119	40.474233774117835	24.049364823289586	32.27214461231933	32.91120193191628	24.927823207433367	44.88214810808761	33.07431134318534	24.537500641846137	36.49111489093315	43.31104501062143	47.60310052494964	27.642819083116883	19.158025315908382	26.49410532198862	37.356202231159614	40.26532774715881	38.892424754001766	43.78909044042512	30.780499830072582	32.82433049948791	43.27955500730388	28.06362748604459	48.12686823814729	35.75459315029659	40.76110487018205	31.400113150584804	52.10828426891166	56.63817562186808
34.89660731836665	30.612268490988605	45.97333883596675	25.058368501247962	38.05977499168637	41.799096173780235	39.387572403955375	42.36107572887537	32.260024539017564	18.08209608501884	38.643247857722116	37.126390443488766	26.541773777670997	21.11236733373114	27.20988749684395	22.717908569152755	35.98449403032443	11.705620406084165	27.468045631295702	60.31331878267257	38.52267914790522	41.13832207712098	38.59414497580331	25.17564401164234	23.054893794672047	21.699199574003895	34.4034196997858	26.45822749353762	25.466562507570824	22.432431470268895	33.732231024409046	28.946354661860507	31.420738124935312	39.95090693977319	38.414655175620894	41.587659934657005	38.63480672656873	44.20296878715158	17.587551901981048	29.775612533570296	24.300845885626646	49.46015756909165	55.73399989338875	27.058596733772962	22.684257074941375	24.202980256527123	37.729072588145385	32.17262940941356	18.94665217249751	49.96545308410516	41.57880210808183	29.104848858041827	18.832000044202115	45.87531240434171	36.30051567469224	36.04784281215345	27.596128582196283	21.602270827391074	54.5126781783886	25.88072654574225	28.94796483618461	27.327920519458047	42.27073088871711	29.182272289968104	36.55757115485642	29.873559702237603	33.04788218808477	22.73141152427716	32.42799156625158	24.18467517337256	29.786689857086586	23.43885789646671	53.79663906615204	35.03305832826158	18.936511261376978	34.38764360755389	16.432274053875553	33.950433561127745	41.840822547374444	48.974500677503926	36.12260102859984	12.05204840287926	45.73592452086695	48.43461883019903	25.95743863079081	49.09385488877664	46.83802873825919	37.168656407927585	14.128879414465757	28.523422501423106	34.71623616950976	41.93523846294729	43.660530086818625	44.24553824299103	30.90686311878501	41.88960854893175	22.723862103179343	22.421397319378045	19.11835677370028	55.31463269000341	39.76296645840138	42.47396077653899	10.512812210092633	38.46938092807559	22.36751430268788	34.56649137461031	47.619488027858104	30.342879414200763	38.26825864896239	25.08237636022265	48.803797242179265	46.75220345135548	49.38263982326668	36.56080796360358	12.546786832356188	33.05678565269952	50.37623706069789	36.76843401979131	33.75284799342048	58.33930542952877	36.174109098487904	34.84759892804968	54.00397456724173	24.030583932999676	35.190414259278825	40.01394485294082	50.49415281307368	25.971064272414907	50.321105975549884	28.399688050127267	23.358838641505248	29.233110309615313	35.95106061874202	30.460004021958756	60.161833541255405	39.40823965429034	37.62791484334408	26.105607085358045	33.529725320315194	25.610568325498722	37.29553550336255	43.41622268332035	52.32631188722911	51.549088616013044	37.899858789959744	43.93874859864125	37.9912705187775	21.3922990038124	14.614641020828916	23.269940424616802	49.27010574415996	32.142641337441496	48.858180395657676	57.20036286254981	52.69295267474377	17.48530503277228	49.05408437089056	27.967448562548462	23.96924480747962	44.324792834289504	24.30623105970717	32.42858564522647	39.62515842797461	55.237424202127364	30.095323912454617	40.97865929450535	21.67267698025497	26.24990103224082	14.09136741765886	36.5757071108984	53.08715488675921	41.176701505012375	21.27659288961672	17.167747707849426	19.331756357949565	19.563528462242555	45.479146502853055	31.750410875180208	21.030581310717185	31.345656903784395	34.58549221268316	43.94743004693196	40.486611874227634	34.81024193743487	27.358407317779562	45.16848512281035	48.360634168780706	36.56764108821426	26.88532552810607	34.12385236974647	24.40699177608195	16.91199889637227	16.16535773089518	45.600651139183334	36.90942941799263	41.512164188413806	27.582990736281097	33.81710617582764	15.786992566740919	53.3273155707556	41.778194911311445	49.27311679146559	50.31264854374138	44.22994076382614	32.601113385424526	36.06965844815131	33.34977999345006	49.01544948347584	35.19107670729745	53.3136785872572	34.558597307328924	37.77119075281733	49.6382219485319	47.18966428651768	16.719743361026897	47.92589860131685	51.76182563367929	41.736838888358534	19.484617229748107	56.26285642982784	35.316193307075515	48.61247867728939	46.01833966191427	28.038676400699913	39.09682108291011	35.94200081696127	24.473664812877637	22.45488919770129	24.985297303661042	38.75247593849696	27.47120093259996	54.55576138330377	32.74230616314473	32.632273524398855	29.912701881505644	27.578387455381787	14.056394848123125	37.31363808681136	36.616878167379156	37.5147022854594	34.63710588480508	28.195656824759176	32.12732804695687	42.41608273903274	34.889832176094934	50.075338348639605	48.06269301968134	29.1672373655105	48.39878418708884	29.788320076401273	41.06363010461629	23.489472236744618	29.666993248092908	46.89595769429272	46.55297919031115	28.768380724857536	45.446889155166275	41.697438932141836	30.73211038393909	25.188010541007877	32.99446423971275	23.6553907722755	41.11690552913174	34.50703792249432	60.57851829226163	43.889336531757955	32.651852544623644	38.835865398633224	38.366598313116256	39.163321555290736	39.973149685575	31.522256539229637	41.23051185762252	24.547595369506837	32.45618639706176	33.336947698401424	25.019233505771407	45.1496441411509	33.08717159212835	25.202789077316293	36.63977770079209	43.95272373472003	47.72420149415914	27.664684996695275	19.40291798655712	26.5109345190763	37.99609763199939	40.33382464781356	39.06572306101287	44.22568646441667	30.834142764438	32.89019597954999	43.43458906508527	28.167676164813134	48.29761463083822	35.839935860270444	41.112748457608454	31.65005253406828	52.12929564571163	56.920775962147204
35.300371020163126	31.021816076936275	46.060176057024655	25.142991519284394	38.116246292515406	41.86417094238217	39.50413665999527	42.60047660394006	32.32398528712662	18.3292642262834	39.217515204288986	37.21054849576033	26.674535368830256	21.290091860547253	27.320454138604372	23.252353180424045	36.056188320765514	11.730896150545618	28.782842227234422	60.47514161929153	39.17602275403863	41.17745796007042	38.691174380342865	25.290735686823776	23.295471213813748	21.84520717838605	34.70120827120131	26.823277969132832	25.68652691094088	22.640758457966957	33.99296020335843	29.320047349908165	31.553323003475953	39.98025453843449	38.604623610395805	42.02601017813394	38.833462869358875	44.23136247525244	17.871901778079916	30.44208653144219	24.901228178636234	49.74398956045175	55.774698611530354	27.477751749921218	22.907680473616217	24.397107207840975	38.033585658820286	32.35259760692066	19.020317022349353	50.265716935931366	42.11046895656711	29.643022280897227	18.91159498449548	46.05313026217492	36.901737787852696	36.3101406163177	27.811656229276274	21.85119676295076	55.14413937730481	26.009823850044107	29.087802401245046	27.35850139523439	42.648723680447425	29.29479651703079	36.76350007882495	30.23185977711883	33.205880462655706	22.772766584642465	33.484343027922485	24.478588867311615	29.90666194260123	23.45611140357817	53.87095094162921	35.58901633115312	19.17567904763383	35.31475221458821	16.95540704805518	34.012212713557844	42.33536072393345	49.195304701696884	36.137440220874794	12.133644758551277	46.41606025167728	48.53409313784618	26.083376344763366	49.61833491657524	46.98696993094299	37.781151778670406	14.222170208114223	29.179143385514404	34.747748504644704	42.23261895258512	43.78739357605685	44.475000964305465	31.319910525716796	42.90193462797	22.77949205523833	22.672422896617515	19.43472082231214	55.682311877970506	39.84848528102696	42.4994886146862	10.530879529976474	38.93061705836771	22.735184609934784	34.70968881855398	47.68359597586192	30.821790656792196	38.720534852862066	25.129998971265298	49.204183686027775	47.08381895631362	49.39529232937531	37.01012740818887	12.730708763307348	33.330331562992036	50.67278279984488	36.91690587095526	34.04301375262489	58.46683495572129	36.18331528248522	34.85157154029616	54.04643713688281	24.121900937798067	35.202071683210384	40.27496772827947	50.709439438931945	26.266724194874968	50.43985347571814	29.051807411616696	23.58555779117124	29.571695394388403	36.035906035633936	30.884132447010376	60.50809655925271	40.060270545734774	37.762290088044004	26.53984108148572	33.746673377048545	25.87778973276414	37.96421593222074	44.39457345760931	52.37804513605025	52.07896536566987	37.983180902965096	44.98093788385231	38.192852616317325	21.555669060125062	15.133449947911494	24.00265579507749	49.60370611242646	32.16798896273793	49.03215902639371	57.38695371699613	52.882884792828364	17.76157899366775	49.81660361338315	28.059138729415537	24.189987847446545	45.000584364950456	24.348439731953896	32.49381919588489	39.88129772426198	55.47437498723166	30.17587982539071	41.11875429004631	21.68179512652625	26.273834051536834	14.432959649783502	36.76227283136448	53.39849655474726	41.34056322343187	21.663372035756858	17.33861875720367	19.8188213094582	20.522534908612577	45.63659140742585	31.958808096078346	21.137538444665232	32.13169226774752	34.62781264268086	45.19189151505505	40.72287997420441	34.848000117839874	27.9050198165533	45.60671454468298	48.790190320826284	36.68324481728327	27.43328955529001	34.17767607056284	24.77939933306898	17.597079299217107	16.493955937893954	45.64506315453977	37.00386547082575	41.787790858138145	27.921407606104495	33.90016002257559	15.93371871986238	53.66252479411283	42.08581677751624	49.69761499738013	50.415791971275965	44.55948460037833	33.160455776812206	36.34206502065795	34.470945138062454	49.539626916034976	35.671052922543595	53.543782113563005	34.74058297253746	37.90312325211416	50.47845853773022	47.276751384830455	17.00370325396374	48.092584904349415	52.26960506250069	42.01248339483414	20.02303459118813	56.305221802069354	35.43977057856291	49.27734717666313	46.40672434509268	28.313357586140537	39.310897516123916	36.03095546527124	25.047772109811632	22.679666468943118	26.0041288341911	38.96578776932769	27.5656518511308	54.60567956491311	32.793130207367504	32.78047319030577	30.170392400659043	27.843917108260726	14.233517515393887	37.435179831088895	36.76946100355364	38.22462069686753	34.74875954227458	28.441105058615953	32.18886406857462	42.588507028987635	35.571183796221135	50.12288797271748	48.09350502392588	29.405985975133298	48.448048217016925	30.321179584144378	41.18006607586457	23.784047506722118	30.284732584749946	46.943598005943755	46.71500008057955	28.86512023283104	45.58067557360411	41.816020338041135	31.242965703695987	25.334372640843796	33.04617635820273	23.699930920488214	41.1894413796276	35.038026732947465	60.6049135462888	43.942961405301716	32.990687995381656	39.04910927879439	39.63223240111409	39.48000356544083	40.94541314861382	31.578276442109292	41.31543831272373	24.657775904087067	32.956702221972535	33.52146883111155	25.257193554635684	45.24076815642918	33.660282375839465	25.51508497545149	36.755014816968085	43.99906997001473	47.82539220217259	28.043874605797374	19.60809267868831	26.573663945529056	38.17875438410279	40.420357436345306	39.37712933647499	44.49587523212131	30.943025477956787	33.039771793067224	43.630965015855175	28.430252525150372	48.55645001213413	36.04629217483841	41.24219024819743	31.82011205587699	52.30129850605588	56.966203477100294
36.008883977882455	31.285374101107447	46.22082263019457	26.137589781807282	38.15333243843034	41.9857857640696	39.58424690650204	42.615724869885035	32.58176509362784	18.478420744481834	39.61961484086799	37.50408869980127	26.873791849844643	21.49193449976333	27.352426887144713	23.67722250261558	36.13772727146141	11.962251242144507	29.068689671793486	60.57836040747834	39.32766507873104	41.40129526845828	39.11527842914772	25.543671339988204	23.873468239759287	21.94485780784423	34.735171922881094	27.199384061657536	26.435836891643344	22.934341408370766	35.03800926618656	29.467345870447936	31.880139585706107	40.74832327175176	39.037826260697955	42.07439321903845	38.98284808608197	44.24462862830356	18.01239944632181	30.71362978274606	25.10377551012501	50.61149731856576	55.857077411767776	27.556288083575474	23.168736045108083	24.450937644192702	38.822475644124616	32.476398529745275	19.286806520670424	50.48488114497379	42.61227517244537	29.758809701449255	19.255206666659564	46.22359011575932	37.13872352984601	36.849366427860645	28.200004078536967	22.67569619675723	55.213987952158796	26.06288999894347	29.266422337695055	27.81984471526925	42.90400738070647	29.639112197538758	36.888280210802854	30.79778786784346	33.5637386551687	23.350121249513805	34.008060561430064	24.616159295341188	29.959017510648412	23.68306449830823	54.267177010925856	36.41811171678845	19.272153184484402	35.48406677156825	17.095696517990792	34.21813613680897	42.456029578207044	49.27337915320904	36.61131215460856	12.309103582466918	46.746598857982306	49.01251431112685	26.18385804118004	49.79150224881212	47.10395756675972	37.97805795571639	14.572268115829287	29.546102131197134	35.11816914579595	42.24007720124793	43.83433541682773	44.73041070113121	31.59366397019537	43.15777457875911	22.787834657056102	23.277345183473603	20.009807794818503	55.76041292123376	39.99718403711958	42.509949660375995	10.684793940134503	39.06999877682224	23.19283987284031	34.7884008883478	47.78168015712674	30.883200093681904	39.30582424987718	26.020572825304825	50.79978913338228	47.466046841630046	49.63075898433162	37.4368043270425	13.022760218997801	33.42178543291133	51.60428695247471	37.151079705355	34.155483729636906	59.30244470367067	36.48855704364928	34.960396526230355	54.24686458033492	24.772007485281915	35.75667164262844	40.41861142147734	50.95473554263778	26.375162298986606	50.69650393598906	29.244177654858326	23.797792323127815	30.034952078969475	36.13197277014569	31.092586703338025	60.6682136902016	40.16115382904596	38.09877960668411	26.67185453146399	33.83577985366423	26.789250969909926	38.2869181933974	44.57884662064464	52.852328343959975	52.706387414538575	38.0237858965949	45.13890013293159	38.45176967895082	21.861057255862917	15.215037140326258	24.01894245078684	50.298437698456596	32.260462240587174	49.471732959104216	58.2302964412187	52.93038695989633	18.084813209584933	50.081250356545524	28.759890042122723	24.61717692096626	45.08411613774342	24.471800668090573	33.56569995037275	40.307827237866	55.98830463523599	31.39425890535629	41.14403049433843	21.79085574833547	26.36617947520371	14.507030997032288	36.950103961252985	53.96290571221665	41.38556464628455	21.82183761978725	17.62806495100284	20.446613229011913	20.6769573975028	45.79349906344753	32.019390535891	21.184057490827513	32.57876029567146	34.72058329302044	45.45321171491532	40.839678202790175	35.45502723246138	27.92549837559396	45.77124680809721	48.86599845342137	36.925486665919955	27.853517000678952	34.59318715423487	24.853773798057606	18.106358045963795	16.628688567799887	45.97423888108886	37.14887795213496	41.97328350045718	28.86063695603853	34.17148899272669	15.963569811346217	54.016541232340145	42.21359353113889	50.05640991731332	50.524959357147374	44.75296698630842	33.33376975492716	36.36139419541976	34.738702456512975	50.18925130211701	35.75082038190909	53.86026024081167	35.00355973029222	38.45902675009405	50.53868937980126	47.41970832704482	17.109086487390996	48.33861412244569	52.66205068557913	42.272740242224586	20.424407743261433	56.56818703214242	35.68174582107883	49.35287480244925	46.485518106225456	28.41487878321578	39.41556799814264	36.254025771439665	25.598247643618684	22.795472182107844	26.06961852861368	39.64537396185806	27.69521996857978	54.72943587639507	32.827175241373446	33.46897175374455	30.684999417156853	28.38080569511359	14.527603724576359	37.783342278355406	37.29935223198707	38.48259517686137	34.896967574074836	28.643259956553987	32.32322338230006	42.71582789098353	35.65121625368111	50.39469141761894	48.704632505339056	29.51772822987325	48.799659898797515	30.49049504847395	41.40551799504068	24.343712901999428	30.358080120398814	47.7405269837243	46.98593692439897	28.99997950676638	46.48691578126938	41.99060386098714	31.353075963336185	25.50000946370318	33.05572167044529	23.755890487031905	41.21648108438898	35.52535206575167	60.63507987211592	44.37466925424698	33.05062963854591	39.2638820731503	40.48937234831885	39.70332549176152	41.04481456545202	31.666286798595284	41.48983301179823	24.738711549775395	33.021024501064495	33.89938777837954	25.715630113534463	45.35585053790878	33.999603087478604	25.90520389453263	36.868797746475224	44.02335833376144	47.92327066931183	28.27193564882359	19.778779203497976	27.449470298771207	38.364277297079965	40.47701661024261	39.586326266169436	44.64092806066167	31.01580721829114	33.136153187237355	43.69662002289747	28.51244459100011	48.8155701868663	36.12887584341548	41.31282284304074	32.53115321463737	52.59711182857503	57.172203649015636
36.52704872237137	31.41284281104268	46.34078606362777	26.177860026609753	38.34283866923404	42.72487211562817	39.67795869421025	42.950472415635645	32.83887072157099	18.53344781289149	39.73431924144542	37.675191606123335	28.104311104960463	21.681335565045625	27.73443740701597	23.68567085791384	36.28001713976688	12.055956292286728	29.517718354556965	60.65350329747508	39.47200320547927	41.61833303006716	39.73981518117814	25.910233217687708	24.207802801978275	22.177686839179177	35.521242069792024	27.3728505032293	26.493572399080204	23.416901373780455	35.67598238522919	29.570576481161908	32.599641657647936	40.86541168804511	39.14265635265712	42.37086468643019	39.671969551636764	44.47559365210569	18.566437249497703	30.831824824878524	25.592866420134275	51.15439410498453	56.5052302205013	27.853946732210172	23.22473324163055	24.59034209692017	39.480925374580906	32.488087178225854	19.484670783678574	50.71864702200739	42.786288547070534	29.988922116391105	19.50576748392798	46.623300879673636	37.15517074187273	36.99832725627037	28.460024534774355	23.383491101166268	55.58568185873398	26.289868941357682	29.36427147943782	28.362861100949058	43.3283218865642	29.798652093219392	36.982597198604864	31.193490820104778	33.829212154622475	23.393367216625414	34.36034197895634	24.672820436664153	30.875048254705966	24.044243008919736	54.42988780423688	37.786369474362296	19.600861293631038	35.711236207623585	17.43988714926332	35.53894103817327	42.86266121836259	49.3016703615608	36.72722471921006	13.072058568264799	46.842242554778345	49.09031083203184	26.232378316352445	49.953998376901836	47.203912471147575	37.985577804459716	14.935445158968797	29.80450270594947	35.50791594475331	42.618000372188654	44.063394947853624	45.06174060975729	31.888404296714057	43.51843886759213	23.12453929601258	23.553443836225867	20.014732489400803	56.14869773695956	40.35826554853313	43.526711840636935	10.99603735694237	39.299186959333795	23.49589427734315	35.082904272863914	48.062658882842435	30.909700550115105	39.31679643930737	26.147230396118818	51.05344164998624	47.92347684039973	49.8021799483715	37.50062652728229	13.199329204115301	33.54474058702434	51.82308530990665	37.27683505468339	34.37303152209169	59.353411684912	36.587995964719084	35.029337332924655	54.308507303271064	25.373188199945425	35.758555666544105	40.45212144520762	51.30565234391369	27.193208305417738	50.87312742159246	29.341587618477732	24.337496920213525	30.259785656755042	36.285665699191995	31.431896430468356	60.72874381779957	40.31291065081324	38.11939115036272	26.733012011269967	34.40726082355882	27.411146144953	38.94714803213103	45.68110471802889	53.07439990088204	53.096257533353416	38.14827424704315	45.87095423629778	38.69125895804543	22.15084124134742	15.38778915941502	24.198718458763583	50.51941283423901	32.92975963660371	49.561700024456805	58.426601589673254	53.4805599012597	18.499754416706697	50.39873742884134	28.938824592004206	24.634533928605528	45.487463209381545	24.75093769255637	33.61023358936217	40.512601742449654	56.210815620707606	31.66176594142285	41.317811163337865	21.95468115090808	27.092180493594675	14.590286386772544	37.700840100768254	54.058162563213	41.618161715688096	22.042511773083316	17.80270829212801	20.628556672258682	20.845921713452856	47.00181002945146	32.192876068695135	21.451236056008675	32.58885367372331	34.83223293961361	45.68363290801976	41.12879456721	35.735733156837306	28.667746348856234	45.868818738386395	49.02270629183318	37.08827301635907	27.899322869307493	34.719371930276715	25.001663996984497	18.2084519770237	16.80685274245061	45.99335715086907	37.34723393034598	42.05009766958824	28.970524541488068	34.779990247484676	15.990313311569746	54.02186357756714	42.7621587127698	50.31935176270127	50.609946202280796	45.707584534787145	33.48005721022011	36.494182539503946	34.90667978094598	50.33696583027652	35.89101612169942	53.918336455593774	35.392105880558304	38.58095304025016	50.78880808926622	47.49732737040707	17.144050392769532	48.71591129366324	52.8953852088897	42.51533785659782	20.42927791591138	56.574903903445396	35.983588159288736	49.50915643610572	46.78635363732797	28.87497590691604	39.48229200781028	36.31472573392972	26.038153279853137	22.859444848891886	26.292330125053116	39.855687455367494	27.72550060466007	54.86642117123916	34.202467406748696	33.77671193141918	30.749408816108144	28.910239867664725	14.801515953486271	38.406152297140416	37.62690292861904	38.669830363753434	35.279995569549484	28.657410248952427	33.42487891477962	42.78705729997548	35.788066908005966	50.68262599561128	48.93904630558631	30.074999894362932	48.975903207673184	30.587746237690638	41.874656903970056	24.460820622044253	30.557256021753027	48.24022430283032	47.01641699126556	29.031715986161828	46.915631054325914	42.235761628445864	31.53827342723336	25.63647882523506	33.26009998921767	24.528720512684192	41.69588080331281	35.589847497766584	61.32598704750981	45.20078523419262	33.41589253947608	39.40103018934782	40.55555636211457	40.383325857738015	41.15867819795808	32.03258672771332	41.80111944614368	25.315718769819767	33.09635655383968	34.05057022619507	25.931284057684522	45.476783804686406	34.16853987085127	26.37503797675889	37.04520922231773	44.75123290879653	48.11308401740736	29.424261378078604	20.442484150283665	28.111742081535024	38.709869371725254	40.901002771058536	39.62880207045979	44.78473680104514	31.66752046113222	33.74401405524593	44.441837955537174	28.684153417349805	48.91697372422229	36.652724261837946	41.565851270796195	32.59880730856152	52.67731321439612	57.31760554882264
36.81497277223835	32.14405506816424	46.46779011150375	26.28720272151162	38.39367198120738	42.77073356902971	40.1548999391421	43.7791259327199	33.04314296835987	18.598167813977533	40.07851311509652	38.41467976417432	28.40907458164702	21.78833422198503	27.99518287235199	23.720921260979193	36.81223908133383	12.124223563490593	29.681962239331032	60.72505703573931	39.52700896950507	41.67877484624162	39.75259073170478	26.612078678272194	24.38713733112948	22.624529680502764	35.564553341353054	27.598788881239294	26.503977265765165	23.74800325517724	35.74012962034068	29.65094567817115	32.759152082652754	41.33269383851559	39.83305908354024	43.23473333103383	39.878069507528025	44.486576931699574	19.311871645836305	30.9829327841719	25.727812127195264	51.59096867453838	56.657320447964395	28.281941169541433	23.658425861543183	24.77074129700184	40.279318858257035	32.552405799779706	19.906879466044828	50.80118257741366	42.99100777826436	29.99391177508526	19.66185151965266	47.33015973302158	37.330547461372205	37.93498417276221	28.619270504861618	23.446311600067613	55.78714541923833	26.931016637529623	29.53469359572923	28.683648119276178	43.931189983304826	29.999834353244466	37.07259723868681	31.284175063912713	33.836556223767055	23.70060178948716	34.45100242557617	24.738742414361933	31.01312913102601	25.121286100842003	54.59759828424866	38.26773331313166	19.89989095067438	35.80645841604509	17.465339637741348	35.74451038730238	43.585412085744494	49.60561693079155	36.82063887756343	13.639076181999547	47.16062156177349	49.15465829846886	26.494969064549952	50.14018012861516	47.26019499785774	38.56676878129307	15.032527035949547	30.734499457368184	35.74343454189198	42.64794478712126	44.07839686930267	45.12713571996961	32.23040779333021	43.85082231176098	23.274950125144297	23.66332177176072	20.184962663744784	56.243595726679146	40.533422779052295	43.58970037720981	11.119020208086349	40.31993825879653	23.757886284910132	35.266568254762404	48.581064904604595	31.941134044095687	39.35574118286986	26.22353645295141	51.24105913997251	48.15752548917947	50.22926937404875	37.617880361252205	13.341886784585876	33.60101860840402	52.304842385139146	37.39695467163766	34.5685196471907	59.71186295737998	36.856594030450424	35.134687648811294	54.89210244411725	25.548284979093086	36.180037272022176	40.56651584863105	51.3397028150905	28.325804315871995	50.932871296766805	29.73896775810163	24.4803438003878	30.311459412016724	36.29802180104091	31.455765651175255	61.02172604985645	40.38022873345239	38.33333905712094	26.9927148432055	34.67817922326404	27.713037500481402	39.10609753477383	46.18934835481563	53.13511599680965	53.47598896136222	38.3705633441579	45.88289195484154	39.10984373304987	22.49464137005661	15.602182452448556	24.611164570882124	51.26732894699081	33.5032329891194	50.31998770554253	58.83720435778955	53.750843851823305	18.563967427311727	50.676446645729264	29.137410031543958	24.773647405347763	45.538729871040005	25.087248186249862	33.64682189600603	40.689250754087396	56.262836952919166	31.95443103334548	41.4456426359729	22.227293121217773	27.4530873352636	14.783193218997624	37.842106574572924	54.199991454539195	41.85221433816353	22.251216206531105	18.037499422964046	20.660517996109604	21.23800200865268	47.061838212975154	32.217681967720466	21.499402923070026	33.16344572443109	35.55002639691623	45.73660663175428	41.477653571366695	35.833819026115854	28.692989994828636	45.88817949369516	49.10249425495365	37.77555956251566	28.069799349265004	34.83120301099968	25.163037448158704	18.377776431141395	16.890585788880347	46.38259412450562	37.53309545368152	42.28517047913505	29.09672851062411	34.91544121713601	16.088684626132718	54.09129551899062	42.96803545397372	51.03832517659846	50.647149982008386	45.8841201490145	33.74363995497952	36.601970838778556	35.23543184074487	50.517050903540394	36.33483222198881	54.53852946892175	35.49853076763933	38.676521080106866	51.067291873970895	47.568443112890456	17.263663869876517	49.02022536921737	52.94210789948971	42.581586649910356	20.443670315616792	56.627837780279734	36.43600161343606	49.656703963113046	46.842348212610034	29.038335027983788	39.543701811980796	36.50995106363163	26.193482525964473	23.128211996015548	26.474529590671626	40.08866116876771	27.78552381796751	54.90740637780012	34.54309530483762	33.99033587068794	31.185556172787432	29.398323783124972	14.905587870866983	38.4860899571577	37.70084265870287	38.73055341075117	36.018602640798484	29.491129664561537	33.57399527222319	43.33012611293939	36.25853921893688	51.15508457429314	49.26046443370896	30.13646936597423	49.27575786560168	30.964122561210747	42.447061850386525	24.701941744461383	31.613468053791	48.71298158507027	47.178027350044104	29.26081030564254	46.94869833186318	42.47055821771089	31.79595210541973	25.74108386728651	34.97529929531121	25.390362734286516	41.72043452849805	36.12815122731111	61.38142534459235	45.22339068203293	33.519392640366384	40.01782663691085	40.6524063600714	41.32778364805875	41.226896481426984	32.42380548289456	41.96211270265679	25.656421051365225	33.50288914478478	34.219932333067064	25.966321040525077	45.75099917930803	34.687729069042845	26.507036460966486	37.262304837969985	44.85877230676142	48.16149319019494	29.462727242470557	20.575878489655178	28.406973284182566	39.674967639159426	40.92777325285119	39.91453556895343	44.99356532114629	32.19289424980619	33.78750571818449	44.46048218057858	28.74292259814548	49.18498815327798	36.835254085862516	41.75431603611897	33.39648044799928	53.427595748120645	57.4537960877105
37.06778534530134	33.066350960726204	46.86079421148816	26.77325898883464	38.90692355694071	43.20095104868452	40.38650380584228	44.08284912605521	33.10883452880202	18.785139330342545	40.131471886105025	38.448484903946	28.671858517978563	22.133912970549595	28.058084334821363	24.605963313409397	37.131312478173385	12.324280437552847	29.758246330003978	60.981565701245536	39.93662976488109	41.95251965343483	39.92516132271558	26.78225249919747	24.4254593793627	22.71898624092987	35.631141067417055	27.772625380560388	26.96187837318313	24.1468702860387	36.026189536469815	29.733686794591137	33.019131315452945	41.57537907074021	40.24689264299072	43.807973191722326	40.09721643202683	44.947322993946166	20.023822689877143	31.421800517224224	25.92994616965842	51.758994753030734	56.693063889496926	28.30793410743915	23.909438344567278	25.097648430705515	40.514481539375865	32.7164213670941	20.62763201950212	50.838601325354304	43.508233916915636	30.180407100918625	19.665956039443156	47.46969151654339	37.87577268291954	38.83524013738657	28.74087122784579	23.956897313033018	55.926789705902685	27.134665953385685	29.739381096433068	29.03356055982494	44.46365291678702	30.288015201653685	38.16377221891274	31.428232493627974	34.09944091988935	23.838347916705267	34.52523014364094	24.787066840467094	31.021222588148582	25.773326888650438	54.659012632227366	38.588745466983404	19.952506985298687	35.89739074783049	17.602347245658535	35.95171713738181	44.05017535746478	49.634602320425394	37.134461598582114	13.705925891859245	47.28292066975712	49.21375321759716	26.83570757422109	50.36382941634268	47.497343152176676	38.85222337591538	15.118854934872072	31.16159306851392	36.36411324156348	42.75345929874032	44.20991017661371	45.134166836356314	32.296081521462995	44.18814537645221	23.58366833352286	23.79761993276916	21.00713865022115	56.25827209949936	40.601354369134626	43.732217286360566	11.224488444736819	40.67711020034159	23.774987595715505	35.53836515772421	48.65230607348828	32.563524745454494	39.41024097179117	26.60700499293402	51.6026499599907	48.2016659047652	50.564135348095036	37.92835048774503	13.672226791455815	33.73920767933329	52.52420239909821	37.671926230397425	34.790582968483704	60.013632929582144	36.98511306746799	35.43673881796043	55.093230674880026	25.586808819006134	36.680918243873876	40.81696417183081	51.51187303179991	28.82905297239382	51.71875596051613	30.351508243290816	24.53259228879824	30.435657088128057	36.36143811344553	31.72971015524928	61.04804790295315	40.81979329786919	38.41516003650867	27.400568186102213	35.031346370582575	27.950367804507184	39.33523395728889	46.28860155717551	53.300132606007686	53.5195590469687	38.38341663708066	46.75050226903622	39.20532546788891	22.773178316862136	15.786863762115386	24.749309175544106	51.73614881703344	34.26958207343462	50.97954284229402	58.919647242990244	53.86204903522019	18.75862034127162	50.707362579196825	29.373955545671546	25.218120443002718	46.09189841115332	25.288787344098257	34.057925838425014	40.81132486077355	56.69730152590323	31.97035622958569	41.60515504645416	22.38244127099204	27.677491552636223	14.898848994458403	37.895832690061994	54.503337081269514	42.10272607404115	22.655427342232947	18.17981963132061	21.37399598615068	21.90326498792425	47.25153335446019	32.22303107062094	22.001454787703054	33.228885411638124	35.8426555347231	45.75527215615834	42.11706719377564	35.87725226662592	28.79555482775299	46.23924830830419	49.20206386615147	38.567206989869	28.23406975636372	35.088494988905786	25.200408001269132	20.353187977700888	17.127292657197753	46.6531514466503	37.56865768628819	42.47206845055011	29.18297348168357	35.466025885276196	16.704854023299742	54.202062098590275	43.1398772881546	51.100237827936795	50.73990928127291	46.020339381747476	34.21931650170414	36.679192465730424	35.289781761349694	51.257860669836184	36.521101672953755	54.582852928356246	35.64455429068257	38.94178762375463	51.07871097834026	47.778934192345204	17.663566234744593	49.350585816605744	53.05183616675628	42.632969754235766	20.844997891851307	56.7633757371051	36.980555931639486	50.62037086112221	46.94017974235647	29.076394554253394	39.95381530418313	37.04691953990446	26.838627289289757	23.17155539591514	26.809621001788898	40.26443963395673	27.80190482688952	55.09412765247592	34.911946380133486	34.483882494089265	31.792470830912432	29.466639540667554	15.003811649092604	39.024744038909	37.83747723078778	39.17744049223507	36.04443892928108	30.30714571152496	33.73894180904292	43.33570059944972	36.32076567483154	51.67941600102668	49.502330680295096	30.32275345147242	49.36245180508561	31.661872330127764	43.12098739520016	25.006063089283387	32.10505385213828	48.732988877115645	47.29597466326963	29.289917916198	47.54759825195645	42.570274484715355	31.959048449090353	25.896460852074142	35.02534993637521	25.454679600569452	42.18447604159795	36.2402168881706	62.14134909365982	46.453823486680264	33.878841289085905	40.06939119975899	40.76385577454869	41.50588296925188	41.565346496174286	33.00330897925625	42.07310129536724	25.78016654527483	33.880837995586525	34.787716454834545	26.22153763878465	45.823404179547026	35.20567965799989	26.73310023584891	37.65445361532716	44.92340387956989	48.496462317930686	29.747366956885312	20.825637902204686	28.63281311740474	39.9389455644223	41.954244718402684	40.255220136487274	45.112684237242476	32.25895787620373	34.08138288361998	44.683390600185504	28.872278719184763	49.755533951656915	37.06633616882393	42.17231879281967	33.48510162052663	53.48742745132589	57.6090383794999
37.19447705524841	33.187758734881776	47.10397228409155	26.805480465091126	38.92477756793187	43.360737845263216	40.580015780107566	44.247412008096084	33.3018260820622	18.791924537932715	40.92677376511372	38.50272700974018	28.815477147625842	22.161486704978472	28.580221746032755	24.91986398013658	37.163751211034786	12.46405837620697	29.837837362118428	61.02650231488829	40.09148243376022	42.542944462971725	40.75442946165455	27.033967496222594	24.611043771649154	23.470278211623956	35.68519772968416	28.63800739408369	27.001551697938467	24.328427922153562	36.09440993384055	30.10249819690006	33.62984007645972	42.043501292372014	40.7182168215792	44.132305907407186	40.234459395068015	45.48587657927301	20.5896526346822	31.646724552391703	26.25469548681252	51.8324327496723	56.780464601295854	28.474473999079795	24.698586937973975	25.579159998876733	40.91986847955581	33.20773386593745	20.695875183633742	51.144483208863534	43.710715862519535	30.420429276546205	19.81679807146924	47.67788972345621	38.46696188146813	38.929984235760074	28.762269040935625	24.05579126553981	56.77520043971614	27.18444065811652	29.768009224816204	29.15352072668584	44.49439681909865	30.75808389430962	38.71768112931874	31.64676531535838	34.71614004336297	24.36975102540858	34.53301858304957	24.84192361964686	31.420968598932603	25.870362984519954	54.68831629076983	38.97945791096479	19.968364678825523	36.01873590566768	17.6291091128646	36.03627022907741	44.308851681820556	49.789893073190925	38.085189409307965	13.732328138467286	47.32665772040854	49.525482780846446	27.025684071399258	50.41360588113484	47.982415182450644	39.129057493156296	15.136910031740667	31.533286440516353	36.48118669934742	42.865273629736045	44.21458224360827	45.26891084782793	32.44562250356969	44.329450110068066	23.949262193260566	23.99518919370216	21.06924624585243	56.536764596045685	40.696064091970605	43.930508247532416	11.367293192164365	40.71376559136521	24.093445455338994	35.882628114855606	49.328199948774774	32.76854021378105	39.47252607160611	26.762960546994165	51.919834096207936	48.58209832151058	50.62065535628234	37.97577595041295	13.951500486624415	34.352355487944486	52.6789529719358	37.85828539858317	35.31185345835655	60.1670252016071	37.12976716882056	35.714390490264854	55.160611147645724	25.813290623077474	36.851849365441105	40.970153336172906	51.63532765946158	28.997917468387243	51.781542817026306	31.485794356380755	24.752871416995983	30.674461131651938	36.41142413318047	32.10272921284613	61.10166331656057	40.82261988671906	38.531745212215625	27.463364301919587	35.4676531668049	28.019879511568472	39.4782010462915	46.4033489021433	54.26375704827648	53.54007709461359	38.508792456870026	47.24832445231774	39.38659394804696	22.99481876460544	15.856531375217624	24.999750044890384	51.775077452975964	34.96208317751902	51.0166178784839	59.09509789366353	54.51066669810726	18.93484110927131	50.935001248937674	29.61414658659614	25.2351134837814	46.17754156462965	25.449944147615067	34.52533092081018	41.092312666054866	57.13518153857379	32.41839412331077	41.73262169737421	22.745593495491107	27.979331246553134	15.2194342564865	38.2524437176244	54.507953005827666	42.20861905714696	22.803153650022345	18.2861765482386	22.133157493271284	22.24757427926706	47.404172600437086	32.241318231615736	22.084943059231833	33.282956682778554	36.36238417195066	46.135001114867265	42.23409723295703	36.77476589116455	29.18020613348067	46.457847980165596	49.68626357109793	39.46396982497741	28.61099869422016	35.11964990645179	25.22221972085458	20.65563300743102	17.19977757763951	46.69338119069104	37.89383073517897	42.51712349546611	29.438720386175223	36.08762982791119	16.806400845483978	54.363320752155815	43.195514607598035	51.656749235620275	51.00994688856198	46.539379301030074	34.43667381788053	37.48761198904003	35.458660266820566	51.38642642918337	36.531034670948635	54.77629697298965	35.82112316053273	39.50233846758401	51.13209279893574	47.97750730350084	17.724419053555334	49.3902739648669	53.06968324247009	42.8689065162827	21.13175935261509	56.96204177127582	37.58102756294658	50.7286347759986	47.293615344982754	29.085075661458262	40.417350768535165	37.22865386849743	27.261514782896942	23.307901935021228	27.068949039064034	40.62220087750075	27.905492364317077	55.44777777880062	35.0508728895217	34.63320249717421	31.979610688402843	29.629246473410806	15.218698451866741	39.2150286529211	38.830033581365505	39.36961581477983	36.45397474557072	30.75937809590451	33.83713599126324	43.77880239517603	36.39224141728096	51.689314515684195	50.32423841746915	30.521010065491815	49.712796230374224	31.753291439789635	43.87886231609223	25.26717952290442	32.257326894046486	49.52832385531984	47.857791033572994	29.38415112600142	47.69870667006772	43.007164361192594	32.190567468042794	26.10410991469388	35.27853027492591	25.76254662485813	42.22883237694899	36.46654298178786	62.395783099064964	46.617933820288606	33.898897763538635	40.210567272072424	41.488416714528014	41.96749067197951	41.6920037218525	33.42857573265127	42.34895902948723	26.228792622288545	34.23255562108538	35.00941259487448	26.246608318464798	45.87017296715472	35.29213553221036	26.961649765197695	37.83320777541036	45.156696438879315	48.563752120117364	29.895842882969482	20.940723038391322	28.90849040693294	40.438649364213106	42.39900843543407	40.68898701797606	45.20825735743996	32.40208310110125	34.30770222246352	44.969202178779234	28.969754874053404	49.946582653805315	38.20764874026719	42.43138048044731	33.89556083320148	53.72941961400049	58.11470127206045
37.30399875060214	33.222904377941845	47.43562802081832	26.89763600234508	40.26266503940718	43.474353776393464	41.35588716285944	44.826522577259475	33.432057565809004	18.804921284793384	41.15447377695106	38.755782805967115	28.936598586741045	22.25106266585376	28.900478743925788	25.147396254033783	37.70935591410342	12.609135057311	30.190896050203566	61.17855567212241	40.34708845737752	42.73681714648851	40.8294225403679	27.12329566097457	24.7393519577149	24.855030572606	35.70465242808229	28.805437799035037	27.015855375602854	24.369849065297856	36.12733402901063	30.841537749175696	33.87809471473891	42.693395903353405	40.9012535286726	44.401067380110405	40.27029999047949	46.04836430079138	20.765101872024815	31.700617143099702	26.552519638938513	52.3219774892283	56.820028154550336	29.60665394078735	25.040550177023626	25.676724839918894	41.079040552061244	33.78550653595659	20.952108316108255	51.21078538901195	43.75973234141233	30.42190814844138	19.886843467503653	47.77592766548984	38.4739700484236	39.11197028059289	29.03501760936276	24.75790650481463	56.94913711142869	27.21036006678598	30.16292356683373	29.459160429694165	44.676157526247046	30.935350619309855	38.78427037812837	31.86579604273372	35.581701816329	24.58565304736202	35.11931460754031	25.31340869193158	31.464685065895484	26.278931023553223	54.85094193767541	39.030322172407665	20.344583013727515	37.31097524543903	17.938817936093905	36.08929456389928	44.36989051259225	50.15059131361846	38.10538036363779	13.79598239588826	47.803926933873235	49.837238543619584	27.242097034264212	50.88417530886396	48.577407419592355	39.53098659352531	15.45543041532031	31.967935057950648	36.75642383368189	43.118095237463386	44.3976128215237	45.65208570369569	33.0136361636311	44.48928265964228	24.03918339636231	24.2918635214603	21.329938659706244	56.58607705103542	41.67112643912453	43.97183382847228	11.466009013659042	40.85825704601648	24.10174222961543	35.91249541806261	49.85300090085973	32.90148266967641	40.0991086684157	26.81008550514065	52.02377203388098	48.75725492082912	50.68434524621989	37.984962308495525	14.24570789378359	34.42251170736697	53.194639543137946	38.008006686867034	35.45109700026469	60.22321640063848	37.74071280878383	35.76915692997867	55.35596999263465	26.093071520832734	36.87213130319961	41.89096542611125	51.845824322062036	29.014786040099075	51.85729595803711	31.732952282153335	24.88632464635963	30.958648370224346	36.599570905939075	32.27190743426731	61.47089086565844	40.853163712924115	38.69064388529898	27.776829404287703	35.5082369137077	28.271743048477564	39.57415044689845	46.682977983451565	54.96424754602931	54.25189310738128	38.65983762137639	47.394613522484086	39.81819054252727	23.224836618064227	16.09419570720766	25.31508777924623	52.14672402909406	35.41811397548118	51.25144270640446	59.23907607200963	54.573425914901186	18.9847894293161	51.13314838233996	29.699527478129806	25.685591519380008	46.72367855864182	25.53604462575967	34.80911391341286	41.293101089430394	57.24265232629471	32.77102021019878	42.06939739237469	22.87823442690087	28.12552650208877	15.24268098304294	38.45802393348739	54.90748969493039	42.37696451863701	22.868292877460984	18.536298807294102	22.173533362948135	22.882148812085003	47.56357686260526	32.56367258090458	22.1140271562366	34.46980225575522	36.670862899170615	46.50780107657402	42.55330512263242	37.115598786780225	29.33536032951152	46.64625023241846	49.76729357003255	39.64447786443041	28.75750518616081	35.265864365154286	25.806914602378097	20.65970367703066	17.707004627300137	46.84893658304244	38.78018455789077	42.72960695228541	30.233352904239528	36.23571309838861	17.071522638386753	54.700409420119236	43.54861955107254	51.92860068151036	51.17627152036787	46.55845907804796	34.609976215073566	37.62431013273904	35.615452697340956	51.78239946064449	36.755785134768026	54.9517226318806	35.89216120351238	39.72432095348146	51.34226152371248	48.16680828088411	17.8259326463934	49.77340925826728	53.296718365832916	43.49687229187463	21.37333876684906	56.99811969986703	37.609358344466386	50.89144803374668	47.84660984314819	29.263078232135186	40.8390897148672	37.422685820765004	27.602435753689104	23.335410240544913	27.137173802176314	40.67282704888772	28.242202078781972	55.48311488485532	35.21062557361085	34.65241493493408	32.22130287498169	29.897927299715736	15.546557269524634	39.7684676960257	39.11782421820498	39.60548225811174	36.62576295619588	31.33417165455416	33.98448055373319	43.82565053774614	36.47629428893495	52.089896819821874	50.38032055029445	30.950750449993986	49.81676698537581	31.78062567279088	44.194407977171565	25.667160077219332	32.70567272229803	49.53991836990155	47.962924811201454	29.641501224190367	47.84169957395469	43.13297183666758	32.93018260504055	26.178484595555414	35.367104105154915	26.361237937116584	42.31716793964863	36.83661744693467	62.447771879358505	46.728708201422705	34.06001177996351	40.427696627379376	41.949834069735076	42.16010399884825	41.908875285145	33.61145893640641	42.57027755889692	26.633035680912396	34.260639487210724	35.266857879311786	26.421715908177376	45.96651261653508	35.57570378437899	27.393924032172343	38.19657286078484	45.1853527277943	49.065380516908476	30.065194588928406	20.99313017039611	29.066088889836692	40.448102022183534	42.40607669861708	41.005487004955455	45.54137625329035	32.459809939710155	34.57360105905903	45.1021623512511	29.900617112882834	50.461854302674176	38.5529517834298	42.44143803247068	34.13827865657054	53.763992442863476	59.23278251877481
37.83390961105206	33.67469108598256	47.48419739875762	26.936325457928707	40.809446271885385	44.088711955699516	41.77870464086292	45.03623707644095	33.71028674084948	18.99809929394678	41.300871152258715	38.95017406846475	29.150480704681897	22.65877162353136	29.047108577969265	26.019854150824795	37.89692226550534	12.78527905851106	30.793240271606766	61.37180497450259	40.649625819807014	42.80329223559447	40.885371842424625	27.13741323653201	24.932667769600958	25.434521285024584	35.74909412861434	29.06165729222604	27.192303248226146	24.377598805509532	36.2010421940564	30.973218579610744	33.93593089402758	42.890249094670885	40.98768765591145	44.4956783079326	40.440248528473056	46.297624293576845	20.93434444889963	33.14929035589186	26.682838489997113	52.51631171450464	57.189235816058975	29.751666085621164	25.652483753959974	25.74590607071481	41.491829826123116	34.3035464529764	21.360061253304192	51.44649498753606	44.30324179199287	30.559025212659275	20.042218361794436	47.9326388374181	38.60493627944237	39.29547980914729	29.670205752499125	24.94204268047493	57.389576565577876	27.735270396237034	30.331352642210426	29.7190631691376	44.79472842768873	31.143637576308226	39.04595076937608	32.22556798455469	35.64670841202489	25.037422563246064	35.149394195385405	25.631731676879195	31.757695581628077	26.85578873279304	55.15170074415163	39.16428593574153	20.598887020911018	37.402088626362	17.97637524482391	36.3191458835861	44.80266851705755	50.29500930420991	38.44658582707494	13.856769350331323	48.045113424254	50.17646209533114	27.735901837867488	51.2809239832136	49.076942598299084	39.571819518154925	15.626647616372637	32.19564670106303	36.79223193566382	43.157451665883954	45.00609124221297	46.1716485213017	33.551581187534566	44.82363445383837	24.093196996888164	24.483621744401802	21.460188488293323	56.86155605901767	42.302274960305546	44.26390379914543	11.541551375701069	41.53720001782196	24.27284985727269	36.169847674527894	49.97961594924817	33.50350588797971	40.27753483302837	26.855541658964345	52.393694848230155	49.01221060005961	50.783969543445565	38.62801143649664	14.391276954358643	34.48575808287095	53.53390072334589	38.315220801788755	35.88575607863868	60.35514193639463	38.05283080372315	35.838822022224065	56.01508309711981	26.438611469856017	37.19478679016386	41.9044558602861	52.52802615103246	29.298498195487237	51.966541532793265	31.921591827295458	25.374019720556518	31.33477944285203	36.8382713568978	33.07117041417359	61.49620919769222	40.95957346445861	39.182384272952184	27.785469082755604	35.59022681848746	28.366519015911052	40.008789623374106	46.84675325659474	55.20056344858712	54.55967414285102	38.78716390817236	47.67533665287003	39.85183600355778	23.32475382538769	16.680759887955347	25.4201751260309	52.525845712316375	35.46953817714572	51.743773366888135	59.49280881704338	54.71246312648548	19.162572319197167	51.27392833379962	30.129752747678587	26.088138656058778	47.2233097048859	25.6768583380685	34.91292920959686	41.5014449398333	57.317291889958845	33.2094614917856	42.467379796684455	22.912087803047267	28.804676566846503	15.806886843165733	38.572703529722915	54.97102390506713	42.55693136765413	23.15413861650693	18.7971922218016	22.223414718168755	23.049506916309202	47.707479535211995	32.65263292218531	22.300566793674083	34.49983656229326	36.81191839398868	46.53155233848763	42.649356586870056	37.76622589857451	29.36450801369788	46.67577889394273	49.84279335559682	40.11024810394414	28.779521730664275	35.527707698054556	26.513397824604304	20.80345892063646	17.778709832510025	47.9465628396952	39.20558386984911	43.082220778559076	30.30851267605746	36.31139037915793	17.219518093186533	54.87261449692005	44.040685503885435	52.038172916237066	51.29563292643551	46.65484674396247	35.08641070162792	37.629537907519435	35.698377490090124	52.425148598189466	36.9141944593766	55.21634134905057	36.24537765471643	39.967231391343304	51.644797357890226	48.259876985372124	18.398119460351655	50.26670505188514	53.577341362337116	43.7675308225901	21.432028147068735	57.13521302398404	37.77070261203403	50.926373935061115	48.16763033760724	29.925603447297114	41.376452468033975	37.54512597888029	27.76292726757917	23.613704016648153	28.03244593993276	40.824873785705734	28.2941489103616	55.95201115641835	35.39376812034037	34.74695291218847	32.711408858632616	30.07711866655433	15.847718412538551	39.9293193641118	39.247979270600425	40.215376955907075	36.635542312944835	31.459590753674934	34.473752938823445	44.1815364309384	36.49324773132023	52.714867777891975	50.9335855549664	31.19301350994071	50.17431042739485	32.10121319810484	44.52753368457098	25.988588444749592	32.950620878811264	49.72913768166617	48.332223624356914	29.68536917999323	48.50925389667446	43.20851215054054	33.02628332008216	26.23061093819839	35.54750290168635	26.412676458450658	42.33932239898955	37.03552164903493	62.46582785076159	46.84946141702513	34.173170003272524	40.642792011495054	42.36615742729826	42.24604415510891	41.93094726744868	33.81455070099566	42.73999894004244	27.305926136508205	34.588411020841406	35.49960745298025	26.896451362258357	46.23711884756963	36.02829581736468	28.20454852478937	38.27115169475036	45.256463058333495	49.21002113485432	30.17335984518424	21.018399345482685	29.48153960140891	40.530182338571315	42.52963897433752	41.43090827093304	45.999629280464774	33.39133151422645	34.88552663862076	46.03398935637771	29.93629928761063	51.16080460585541	38.892174533181304	42.9204104669376	34.3249996907719	53.84267120680832	59.428485686764134
38.26744430401654	33.98555854186791	47.745117051935296	27.367586870667047	41.448188040317966	44.40178472893295	41.85897275844677	45.363878314967664	33.96027221601896	19.24948141990846	41.32493655746317	38.97164258466839	29.926793164627796	22.93023972950179	29.66957533777057	26.49195610092877	38.334543235162755	12.83924055166225	31.052435835326982	61.476571538083455	40.70114233080302	42.95831338996131	41.10912192827502	27.333233664148192	24.997107033394357	25.457873069429475	35.80037691553054	29.168429676147316	27.31664204365696	24.799341260229138	36.44745930164092	31.152677833894344	33.996634905733934	43.05052060108303	41.275912338288485	45.07464937625925	40.6716075401138	46.304490392112555	21.79039605243554	33.19904049074123	27.049021649336566	52.84081331942914	57.54992997795396	30.241210219166664	25.662559545816947	25.80909372036417	41.99664252235523	34.324534034084856	21.452836693544047	51.787757462565104	44.50920580086113	30.68591262715646	20.38666669783801	47.97549122118293	38.874558690670575	39.31286613621413	30.054014629174198	25.133106410838565	58.08227208760204	27.865901174176404	30.39602250199328	29.85724381449011	44.950721547402516	31.58467962936781	39.539417896069516	33.16259120887193	35.985664434317464	25.17326411406614	35.383580252787596	25.665560044667703	32.11295154679393	27.10055764057242	55.41315007983016	39.26103195254935	20.726056485283028	38.06141101090482	18.13476076756463	36.32795819386117	45.041964497248934	50.658799501176944	38.66545172143497	14.432312899253022	48.050598555091355	50.52238202448919	27.78765325466346	51.40677327121138	49.46806976218995	39.80209140902976	15.692730385845648	32.7420973174269	36.97712477558516	43.55581177818934	45.44407512072382	46.335439409964735	34.071423117820714	45.00189375749902	25.078215606511243	25.46891414545012	21.874834991387523	57.181436112858286	42.6077418033948	44.408953861974574	11.633164489301882	42.142489165762285	24.990602918278352	36.25476286279926	50.01363241247807	33.882278336806095	40.71962288575036	27.45034352543604	52.86706383863665	49.20818407601288	50.997929152108355	38.84294167707742	14.668092125256043	34.87776813101586	53.8879030359199	38.73007542197671	36.147669070802124	60.54169944953554	38.08661315064727	36.677421308152766	56.271351629439486	26.584829648075118	37.82939051211332	42.10545529152993	52.67466881253041	29.64267109298097	52.06530613477476	31.996957807705062	25.815751398452917	31.389848548304414	37.380263176820755	33.57548208562638	61.84304386090953	41.24397227287393	39.82973995376361	27.836623544787958	36.38118740204987	28.587800259043888	40.026194991644935	47.30033678428073	55.29603980291285	54.63079567171381	39.1031955773383	47.7273281997454	40.266667984314836	23.486879291985417	16.982205310668306	25.647748068529705	52.677785001264716	35.72948612892211	51.79926045700305	59.738934339528925	55.33915372680597	19.25365263509866	51.73958999255844	31.03218075389686	26.84924038122552	47.331709318243156	25.83626861224072	35.01084044283674	42.0225263874608	57.50413516982602	33.470871798609245	42.53422189589552	23.45868690164729	29.806180819523714	15.856376094047679	38.59601867235559	55.280051211124444	42.663818612823945	23.30984098191848	18.948912800775858	23.601295782109677	23.303571174106732	47.77135805556399	32.67905680005156	22.589642469552885	35.14443494997022	37.28233030997571	47.4116287269674	42.78746964518514	38.00799763417744	29.582605444125264	46.81571887896951	50.63357378093205	40.39721072703769	29.151027013906447	35.69408924176787	26.548097544904188	20.928038296489547	18.418052774127887	48.23629304203026	39.81221682010415	43.87656586453416	30.588355847738175	36.4397371285036	17.489010608843124	55.3380804461223	44.65173262158689	52.344676252422936	51.37892753438657	47.178544911216285	35.6552412252172	37.79584451797905	35.905880377626154	52.49908348943539	36.964453823476475	55.83183178071614	36.71940822322183	40.09048258357816	52.00703075490801	49.07098673811401	19.148721251325682	50.50433322692756	53.843529080553054	44.16200760410247	21.746164816123002	57.230696500330524	38.18384723868073	51.107953791556795	48.269683248219216	30.120899123840843	41.85659204353643	37.6425782868927	28.36606546870439	23.678222713984397	28.093468116447852	41.07723756827339	28.447387246583272	56.055341375423524	35.859286723183324	34.910850349576684	32.731838519214776	30.454569400977473	16.12852791882826	40.08208268612717	39.631824640582025	40.36760416490284	37.345537911458784	31.9922551220061	34.85487938047108	44.35828169202811	36.95478972968664	53.611743687642125	51.13640603828674	31.67926528495488	50.22549451899575	32.305951989741395	44.62010872045983	26.30907275664378	33.09348712798777	49.783340460504135	48.409688862205705	30.282943181358032	48.51978148154475	43.305034711710086	33.2367899790824	26.518530995631917	35.70427111170263	26.642231962641517	42.59788970314948	37.0432561369349	62.517738782327164	47.712283534493984	34.30433138813015	40.91460813307455	42.49905069213921	42.37249891438563	42.07462115594788	34.155036763227656	42.78569802217093	27.82615828252845	34.61009461340209	35.59428040086871	27.228893881705098	46.34871864853144	36.07882080120241	28.62865742004788	38.44972445861439	45.365697077081606	49.35715752977278	30.385905459697597	21.30354556912046	29.616183928977097	40.600970152346726	42.77558888375544	41.70148434402073	46.20881377732118	33.91086845962606	34.91462544513649	46.51228599568636	30.109906005963975	51.71801625567321	39.07688217664115	43.02160108438174	34.790704816438605	53.991919409541666	59.73970969738821
38.51060004324586	34.159754543977094	47.79307642573554	27.430778498664196	41.72433572306323	44.644575241632424	41.87288739539415	45.553571060284725	34.07296688691275	19.281819110369714	42.20373513498563	38.99897155817145	30.535300213298985	23.170566277692036	29.693835778147943	26.712749517959132	38.69950798860813	12.893070875977665	32.07114077549712	61.517325927112935	41.03866222168641	43.20857795239495	41.77627561559929	28.032804808189873	25.086496022252863	25.785705238726827	36.090500835323496	29.767797468680897	27.651815999411347	25.22537004342917	36.613468788565804	31.48683855396407	34.04546738523711	43.1470713025779	41.3212214766317	45.25336334930735	40.76971458679495	46.763266329985385	22.522243178864976	33.703065483544606	27.086984536080028	53.236266939436625	57.74107609059308	30.70808204553007	25.728715438615797	25.882553505012623	42.21731225281814	34.64052999639829	21.82086329753202	52.1948499857818	44.55717927789871	30.870966293188843	20.5093625402013	48.12237850078761	40.519420591618726	39.54886049089558	30.21906567394823	25.56268454622012	58.415730788103346	27.922023361607092	31.535479430835093	30.332095072247636	45.38113518534309	31.68149143981821	39.74349209580084	33.49938760537625	36.010460138989686	25.359153401030177	35.64788451782664	25.774406787332065	32.38808386611064	27.12465528193998	55.640112377120005	39.28853911649749	20.787222705239067	38.126019911994526	18.451575629003763	36.580976704302444	45.19895363952599	50.81629935807992	38.91124320940301	14.627376564005141	48.63731677744928	50.55640903972586	27.92979437677984	51.666337002920635	49.619907911400716	39.93362053953587	16.11931657567646	33.196429218246216	37.07682122613881	44.824939765298275	45.570013723004365	47.20017683115633	34.43310550317771	45.05090458431762	25.309299532692094	25.779971162704477	22.43664183035344	58.167340566029004	43.491300982444116	44.84763295814874	11.696443376210338	42.24390719925501	25.471324238138642	36.930400420417854	50.472327163429455	34.00510837512913	41.12490576664553	27.96457484898396	53.08819082449243	49.22250851307	51.123793229767436	39.3202413557053	14.7016230987988	35.11739369801013	53.98487643841997	38.80903102458846	36.25201208195044	60.85673145343263	38.14772443928019	37.16414494420483	56.356177915483315	27.327788682739207	38.161111533324735	42.602106822365045	52.92021990070817	29.68274953983277	52.28119863193268	32.29713611004193	26.327053846199412	31.764948811909495	37.462928024914284	34.019596628396364	62.065828483227634	41.472915291458115	40.05269068566066	27.99915483838598	36.492462003544	28.68019039773087	40.4747213929127	47.41817028141647	55.364838890132155	54.68184693480902	39.26585903996715	47.83741481444792	40.529679392058284	24.001115910138594	16.993294434746794	26.16561093959503	53.1245063835443	36.17494728194497	51.82647802708945	59.88403441286457	55.461324951510456	19.56606835067519	52.155079640248715	31.28992838106478	27.10914549152655	47.561453368325196	26.123610227169046	35.26025323516128	42.33942327254035	57.604852614933804	33.74754710076221	42.69515212304821	24.115758644621902	30.182432917061295	16.104996379189373	39.511514778836506	55.34614677584834	42.745488854625535	23.62942952574809	19.299066799360663	23.619372839199553	23.430311039452025	48.147050014176244	33.06370324181715	22.805349594047662	35.71881779099032	37.59255918417234	47.54574119928465	42.83328043623776	38.34302765340579	30.022909015564156	47.29797500274345	50.65195604941021	40.70237775028614	29.44133403864565	36.17319878452894	26.622272523182534	21.175591954878612	18.586027909772938	49.07669984180161	39.9592017844677	44.166268209638154	30.987221306450994	36.65238651867494	17.51937242259275	55.339993573616276	44.884219878221074	52.57585970831747	51.53540341865019	47.60610112230613	35.7443471206196	38.01438204233887	36.27274392485543	52.74627372161245	37.156890936777735	56.134610868110364	37.31967579779767	40.214889139948774	52.57375395179082	49.1597496995669	19.370574282373674	50.76189200764689	54.02536703824052	44.171291639789125	21.955640041651442	57.41181250418235	38.67765290928499	51.14686004009416	48.49320709346611	30.155975224847136	42.14984458340788	37.818755567891856	28.655554745003993	23.93128866232382	28.35922878957239	41.36235389613758	28.683414484733536	56.64043775008417	35.920937774384434	34.919595050214255	32.84113750519596	30.77831079070124	16.37307684938321	40.84216479194745	39.79570494629288	40.42060684616044	37.619169808401985	32.3821207695398	34.992017391098706	44.552300738489485	39.367346709070276	53.93295566384565	51.262794749904515	31.737210993774173	50.27056406307529	32.347428263982316	44.68451474965432	26.48128588888975	33.20202366884579	50.31889485407568	48.5105540179998	30.547127586057798	48.996894643067996	43.52094506726119	33.289751137418456	26.622928568664268	35.80316940752293	27.226326157628392	44.25711853935405	37.66892078443273	62.67784197821643	47.792171560145924	34.42780113037239	41.26728950532259	42.54144358355935	43.202617716381205	42.31916299235444	34.72863429560167	42.86976907720184	28.488317390421734	34.94089612577708	35.95452123772118	27.36543556481046	46.761677216059155	36.552986505300886	28.934617699721155	38.78616407110204	45.58828982638462	49.54034781579469	30.6428418557667	22.372330769742547	30.176687738987773	40.998816666038394	42.79803343561567	41.938512888735694	46.59781714941334	34.00783018812314	35.42849334292065	46.91204878726572	30.302234955547444	51.91215784147727	39.148228413428726	43.057302263891636	34.92981286642072	54.039993162571065	59.78632806488456
38.73484061009562	34.66691940013542	48.57539480841777	27.5948482296387	41.88635789393257	45.25080821591868	42.92903960970656	45.58698649641651	34.10734811644942	19.8885671070242	42.36656021444135	39.56353179306006	30.601182767493306	23.30211000651249	29.869516501344034	26.74744618389557	38.84816936449587	13.008711391197574	32.6750708794854	61.69656978536705	41.69928588690368	43.35610900242198	42.04106268700265	28.168024607878586	25.282115313589863	25.95938498272505	36.13487987524371	29.922647623647222	27.690541078725293	25.65551126466545	36.94483141172269	31.75821877103632	34.3463545779926	43.369129856113226	41.57597302233619	45.769752253045624	41.02698990864718	46.84672799299585	22.606079723444115	34.03001678168112	27.474527022403937	53.38981702982895	57.81725309623609	30.733232297702724	26.08581232834941	26.43179003676677	43.1745521726425	35.11674592227602	22.149193106464086	52.37442483817911	44.58565434050852	31.194555137006336	20.55593674879347	48.50291650699271	40.791094892555684	39.70330712869014	30.36546782102618	25.632159115033684	58.4800992196955	28.306420411386174	31.746739724439916	30.55156396935556	45.757178322502845	31.873692690576785	40.1446443305933	33.925487166943405	36.098924971921896	25.600455787667492	35.713762231178386	26.270903662649825	32.73317446817842	27.281858807423934	55.80063206556632	39.536574031757105	20.895326660947383	38.35250028851162	18.485392445019087	36.62268496734292	45.50744429577499	51.00782501502544	38.94431703296408	14.634097759558642	48.848015435054954	51.12686505955818	28.199745101306043	51.9640164583952	49.841964343738056	40.01491611094584	16.478291970518544	33.53476041663898	37.67306747980514	44.86805680045463	45.65699278249041	47.30479016460689	34.61320403178575	45.108493129231924	25.47968508287681	26.640695635771387	23.0097218382471	58.30784549728822	43.64106016232568	45.028750941567566	11.769425124371766	42.288680909344045	25.747226957175585	36.98774678467054	50.481926394258984	34.33116506834999	41.75917172179255	27.988573222011635	53.14795782297281	49.49931352421903	51.633841317136024	39.626111957444465	15.150831916226926	35.25942767858032	54.30106123130049	38.84347443998557	36.34315706872054	61.34494307633476	38.5869893913056	37.494428221387594	56.92211426860932	27.47936828387315	38.50945422430115	42.94570659961717	53.252690860631255	29.71354174746412	52.451531706915965	32.746966083686644	26.509708731803173	32.209322064573975	37.49596819044445	34.04477223312812	62.53578904665569	41.50416438105657	40.13713165003265	28.204050040314147	37.16374331317635	29.860958669609143	40.60162686240072	47.694663902039004	55.793003452363166	54.82776642467382	39.34571295198751	47.886701863507945	40.621503932479754	24.529257376782365	17.16293589152307	26.680960364175636	53.25390770754086	36.186917725186895	51.94890937259843	60.72457847323965	55.65637649482204	19.630341860903258	53.1273125556682	31.411844133451524	27.521848803020514	47.965492501709306	26.366029394818735	35.72561642892236	42.61112734867427	57.68542486142852	33.87872063399154	43.11416613740773	24.172946849425802	30.205510267870032	16.34586098492263	39.69373134334367	55.695570794216266	43.229038655919446	23.753029014561694	19.531032781664823	24.394431732219164	23.546118775740098	48.25210688538374	33.072655027504545	23.27113237207272	35.830096107730704	37.71668365936382	47.81166267577462	43.000222077663516	38.41028159216265	30.14998053496968	47.68441733230417	50.676267829043844	41.079629546465675	29.640688357014504	36.75203264398789	26.783517511256346	21.247337510371462	18.646127010256528	49.10436970240087	40.23769771973758	44.61543823453808	31.15227269536602	36.94046388679549	17.651436462259817	55.423596041301955	45.34253002570477	52.695569138342066	51.674740693782866	47.64496857184932	36.14856889755775	38.23035919834155	36.290455280968075	52.94098919434627	37.5931265643421	56.471255596515256	37.727610448618755	40.298083843175206	52.657344654691244	49.59667701816673	19.434371445551026	50.874366294021165	54.0702217822869	44.464171607956104	22.421992455313646	57.772216485896315	38.73918170563487	52.24470127171061	48.68765192262625	30.473836006245207	42.5484803112013	39.16794990234436	28.779808338584246	23.97049317197754	28.655881853675165	42.092703303246616	28.91013926951739	56.74984847215741	35.93362260170011	35.077720777625586	32.903364255987285	30.80346518049379	16.697085933308298	41.37409123481873	40.076118362152506	40.52101834665288	37.62685177629782	32.4718062837506	35.21548330144886	45.08756954105381	39.45727253805334	54.63529901389806	51.38596549742326	31.894422000649232	50.333630291133474	32.41327069532787	45.0491674531214	26.63768491452338	33.33697937591618	50.57943493787782	48.5314147464296	30.734081737765134	49.12392928721776	44.00181652741322	33.511237926878444	26.645784342179077	35.84825519994092	27.50075531116834	45.14661826983817	37.740397553714295	63.028897478998374	47.80414072305784	34.65798570857595	41.52715325055412	42.64090677423807	43.6544286738288	42.61188761689652	34.90109957555913	42.98916586640963	28.935396071807062	34.977314217131436	36.545107997284205	27.449200013565253	46.94764616463413	36.8298446947758	29.247849352403232	39.098979470992816	45.689804978489825	49.57636186530117	30.804965245485995	22.68054361660468	30.698647446263152	41.048411013606966	43.040031332125835	42.05325461472934	47.273602505525616	34.01147450552147	35.485299394076364	47.08272277289736	30.959856367716707	52.09814658652772	39.27253262375751	43.43520501446259	35.14885017015741	54.373359312559714	59.80422006225085
38.820818319465005	34.96764308948964	48.844934388972845	27.969511031778183	42.20669640241195	45.62861269296703	43.29229148876482	45.941949534066026	34.14804034349414	20.038273029198145	42.642853111957955	40.0302988799609	31.045131690536678	23.32284316401798	30.388510194470772	26.81520240071325	39.043769676170285	13.083946016005255	32.722837739147586	61.79078992753234	41.82081943450626	43.912737953987175	42.25955039155415	28.32310562233717	25.778161220711393	26.398017515088235	36.41294344807424	30.037224863418803	27.850693528091732	25.770043306126244	37.1740088395882	31.91462188974805	34.63045368259475	43.47373096061433	42.133381819526775	45.925096032242	41.315016637893315	46.939839767530145	22.93117220963666	34.15204868607808	27.679065057805445	53.86953448569496	57.95270048199892	30.97253124134635	26.325721314826286	26.695190460859475	43.81072253159585	35.23313497023815	22.174557120542918	52.73317974819289	44.81598470670741	31.451559616405984	20.717801941692674	49.18607160661239	40.92228027244443	39.85045930786942	30.406722708301515	25.772306883836418	58.559329726580316	28.490320018134867	32.02924247906311	31.260634605772353	45.81728673763207	31.904346844368227	40.59415381515558	33.94315947438597	36.218483166709795	25.679807278677266	35.87573463399471	26.555580954757048	33.01672011662483	27.283205354080405	55.886231410087454	39.613937555976904	21.59179259606931	38.36927435546819	18.562070008782666	37.301184899837	45.63894591313411	51.14816999641201	39.21835268041808	14.825881295719803	48.86722355669534	51.52272936966641	28.819326710496615	52.04127465678045	49.89179551598953	40.522442875230574	16.528814311403714	34.27713732536438	37.74762547947226	45.38076159928909	45.75060059768688	47.33067490937134	34.688298598356596	45.12234991267685	25.858568558906846	26.781618274856775	23.116904861693772	59.22095211245387	43.81168104919594	45.23858014104736	12.131176533468546	42.334860716668466	25.800633225240375	37.22521005402828	50.704596432836404	34.6719867057167	41.86817414822622	28.663596688942146	53.47540015318429	49.69044394618511	51.994385765172666	39.904119023021096	15.163758494059767	35.32853238614821	54.82074806058213	38.945065214654335	36.45354282793552	61.37686452173151	38.8237272565482	37.605956541060465	58.404405920179045	27.66508361692485	38.8005629070937	43.111841707083336	53.41812638158355	29.91297644178494	52.58758098312574	33.39888030136519	27.10685738710401	32.87520730384444	37.579746477012364	34.3606193056838	62.72909669423713	41.96973515595534	40.77573105562268	28.80282419561704	37.486396489548696	29.907137083667724	40.81947730129506	48.08161670104582	56.61182833508941	55.230387066156645	39.430178515360076	48.16313893688937	40.71723500214782	24.57988075393861	17.170654747472483	26.74050625591961	53.32035153157276	36.41041289317888	52.0232629255729	61.13529545135734	55.825911970871694	19.934111332417476	53.52988386849899	31.512248812806394	28.326959094731496	48.73477999107209	26.42277107487491	35.891346508440556	42.75160393312831	58.57579494817894	34.019390944481884	43.26576741571927	24.554712751599165	30.227887365124523	16.360188239347874	39.72649368691865	55.904636319861524	43.26731518006191	23.89255331922029	20.48066566547164	24.561785032938182	24.064438586939776	48.46267988393576	33.55027797017566	23.42101086995658	35.862555162120515	38.07388450738722	48.09356018915033	43.193140154181584	38.67193183998065	30.21449663278573	47.688728889356156	51.056442173144255	41.40018287464339	29.940853559089685	37.007707489440996	26.804194132528373	21.293759324509125	18.787037050846028	49.66786388799807	40.773557757297695	44.7729953089554	31.245571411385427	36.98310200793261	19.070266326280112	55.459133902950235	45.68767713008234	52.86738037271386	51.74680020631067	47.73222978312664	36.3069766835081	38.758904617805655	36.77792420211458	53.18512957238471	37.8245919002298	56.57683462696481	37.80097763238919	40.365941418078926	52.74892818035226	50.72633784984943	19.525382348884957	51.06470083984409	54.126915452887765	44.669430558433355	22.63256824687431	58.353679878515564	38.93179629118798	52.64699251264063	48.82977863608788	30.92075803605294	42.77959269057558	39.202645327643665	28.826234600934963	24.000834821541886	29.119821069811653	42.3217542454842	29.072920575282552	56.79658476854444	36.29315627130262	35.527103214071715	33.227660666940174	30.895216543084782	17.123626605094454	41.94983007277748	40.172595410936545	40.53834739317129	37.833123819153926	32.7969375968192	35.658779519031164	45.980833741924044	39.82336439055492	54.771934430969324	51.69320032373079	31.929436315692868	50.6025196067974	33.059930796216484	45.11087869985904	26.65070929128504	33.342560032996595	50.79118610914945	48.72247704423827	30.77475286741973	49.198634656879975	44.476249830694314	33.738045900266904	26.928584466032895	36.20191295647702	27.615218104787647	45.36995808794727	37.89718581982145	63.07493855556229	48.094656775034984	34.737151106473235	41.819626734553935	42.81762638394654	43.87796817819011	42.87705095068514	35.33801505639781	43.24979169572659	29.171712016588263	35.735555140520326	36.94903485767623	27.84845296150262	46.983026257875494	37.32825019782079	29.674594306309505	39.20435787409415	46.02514054284388	50.71094082998724	31.28840892743885	23.562256092702043	30.793095572645445	41.23749629493754	43.19994077876624	42.597092163688664	47.52762029099455	34.28917003547446	35.52933362837513	47.346892412525584	31.137094221720293	52.16642959578907	39.779395264921455	43.722322439317225	35.5498165213307	54.614715046973416	60.26798290740087
38.89564779277072	35.042202870546696	48.88814357409272	28.159790031971113	42.37705781089887	46.47740991230993	43.519193700610316	46.08681943174036	34.568864216212155	20.236476501527502	42.64873420927221	40.22421935747897	31.165678251741834	24.096070874124706	30.4729759427332	27.323810307822637	39.19371939585698	13.166095453662333	32.9073766746591	61.81995025318365	42.23461860352932	43.948605589750656	42.685829241007816	29.10236659141903	26.117955168353415	26.491281154430617	36.4517920855132	30.2508381772756	28.631898292969165	25.971030990312226	37.57280300779478	32.29517616634977	34.86525158456908	43.92619750248756	42.32808135124456	47.08054357057891	41.43746957297154	47.31550798818607	23.14575130489491	34.32919352351481	27.879208814442947	54.24070093525583	58.110831495585906	31.925538749566268	26.49167341747637	26.79874854112292	43.828434920422204	35.55073698953108	22.18398839089537	53.326985545514084	45.37136566826311	31.623013008767394	21.068145408744915	49.268475674285796	40.95139921243407	40.02661084001445	30.599478502657306	26.466041498427636	58.75373489792522	28.9769825533801	32.27475184025208	31.57192373306618	46.10284860974802	32.404987562711185	40.63732508308652	34.19349711107445	36.272070330679576	26.28188298846956	35.967908519899474	26.718727873031938	33.269701135545255	27.417592576309204	55.931274495869744	39.77432405822644	21.671481472740837	38.45786026133828	18.62550569115269	37.53172382195999	46.40421971622038	51.41371137146481	39.38831453719521	15.037959597380032	49.06321722622706	51.73016912383979	29.25053572484539	52.804525325304034	50.797377651696	40.77340484447362	16.583958609296428	34.94107997847088	37.933308038444615	45.56616375792903	46.454413982813996	47.71907378917669	34.97324339093947	46.74018312161945	25.90604563088338	26.83604101462862	23.201660129527827	59.26238093105398	44.059423380847335	45.4564555774349	12.222348845480305	42.44436796037799	26.080829727222536	37.80900882438164	50.930531652672045	35.05703946029267	42.05853204064758	28.669930448503944	53.651218477408115	49.70849332677436	52.188445371272174	39.92117122914926	15.296266372677321	35.749945395618894	54.83671327435006	38.996098230537456	36.54650876775185	61.38189098179656	38.85155360772125	38.349687528478235	58.7419924385949	27.755138050643826	39.13032982158804	43.494176159715735	53.53832841811854	29.930028823306543	52.931610056397965	33.480145695094656	27.351168802087983	33.23057221474231	37.88223795104943	34.54942394564136	62.98424466118972	41.97451635500501	41.052694310328945	28.9762705196304	37.72300433726261	30.085117666928014	41.069889261627985	48.14073976320794	56.82724215486904	55.435075378391794	40.209132920999195	48.37948875903397	40.74855024833963	24.787712316845678	17.687671732145663	27.06572530955307	53.44450855948294	36.46437949694991	52.04861654474208	61.41832729501794	55.901538227262115	20.240187323536603	53.93131649575243	31.81158852504996	28.343158490493312	48.746145973918225	26.91182554249617	35.92854959582206	43.45013234262543	59.133430322743784	34.3980513689922	43.3040499407282	24.611692230956038	30.67314564165177	16.49399277969331	39.96789879909624	56.02779600607145	43.84678296942686	23.914339911815617	20.925807386692327	25.02544805020829	24.19549692258522	48.698902689023356	33.60592381132277	23.494932278739178	36.34715080790913	38.116362264293734	48.32254225809928	43.31027857646823	38.81514126890545	30.547693321839525	47.726223005778635	51.11093970562978	41.535890041852724	30.075462547402434	37.169668977317315	27.136076676495847	21.370839704209747	19.13116380168245	50.53641298117983	40.83407705929261	45.00261938969042	31.298635095017154	37.78129654647052	19.290918889200263	55.8249644888683	45.97154310508557	53.43556599550027	52.13287135111309	47.828465983443614	36.64917289057699	38.8865541555704	37.143867900294104	53.21431737593369	37.892499147972806	57.01381835754255	37.949119649615106	41.10950107315771	52.905538104203046	50.96072015358038	20.151999934676535	51.12726100784921	54.868167504448095	44.70416491510861	23.017254725042346	58.40896414213598	38.95449923950445	52.73923908088388	48.91490944499127	31.19816790721738	43.02373878080939	39.59523721372488	29.100427075160837	24.047002001415056	29.14000515750532	42.40075732869831	29.184825790972063	56.98362030965193	36.924006920660844	35.867891608860326	33.40886584671079	30.98771401827952	17.42040210207133	42.49623803116238	40.57185264730028	40.63162915042357	37.99610344131847	33.89217962663339	35.68023356298325	46.24605808287938	39.927752354424946	54.918430111518845	52.21863906150461	32.18599619702148	50.99557583037342	33.17772515942164	45.21999384555588	27.087963416153507	33.61929360841378	50.9886737725381	48.909253511298594	31.81876954592361	49.33887476771376	44.54910127688808	33.840172464576085	27.462214133215486	36.31637056603379	27.692618563010356	45.41143388953762	38.61077890063743	63.09316856906012	48.14055185968616	35.93269163112383	42.0853470220391	42.96559461115696	44.086702174757335	43.14738175114018	35.485880403495194	43.48833340308762	29.368822339014546	35.946163703635676	37.24375913182129	27.993654669622106	47.11738813895222	37.75974778821466	29.841117951664575	39.28419755102007	46.64577820562639	50.83745242080957	32.08760490215636	23.876249651621965	31.348755443397085	41.84684644109285	44.43898694536644	42.64305218345945	47.82812474255638	34.536009105226796	36.46025259016533	47.65229568021958	31.30892556549533	52.43566115822016	40.11331017003607	43.82885975616236	35.89575600038462	54.71361123430127	60.94134804599639
39.15504480192564	35.33289030869193	48.92153979375077	28.565330067070768	42.64847143034726	46.57100487240356	43.66411219564119	46.259585603372216	34.91799838797369	20.48141578498158	42.70159891353298	40.295300898884584	31.94089206236934	24.44017034242902	30.658562749122943	27.418125150526375	39.812853394270974	13.229201852439886	33.06265875816744	61.98745538284668	42.36650406913354	44.01477087706452	43.42191130789625	29.14900620865787	26.3930418404499	27.003153525643288	36.61030528026912	30.30343205317556	28.82099239815564	26.062162424640565	38.02495490873506	32.57995617858093	34.895502308667815	43.96040644688286	42.48095290620659	47.91623014956208	41.6226583650482	47.61396429738725	23.238371572460395	35.1372330820906	27.885072829360862	54.62289900761715	58.297376439472124	32.73833286179751	26.874900756772956	27.08575519131691	43.84554046185472	35.63563466544083	22.314137289025812	53.60531154758327	46.33020142682768	31.747977200714026	21.177138058236867	49.36916224468032	41.00001743923495	40.252917805696455	30.96836517395717	26.859052626821175	58.93050416019662	29.686462936900355	32.64721221293118	31.79760874071597	46.193971524421876	32.635847791841734	40.7590148490943	35.24861173174969	36.65722905826666	26.65628113924522	36.03139586344868	26.979113009330636	33.40077475296216	27.608315683622475	56.08131920494697	39.91489485906987	21.759283444081653	38.5066179577393	18.922154135849446	37.860745577727215	46.81604854149189	52.51708232779784	39.49898147446263	15.443176199892301	49.106534511477584	52.21693404381222	29.294873573729486	52.81384749814769	50.99857499011632	41.261163274078946	16.941066110610805	34.95537023067192	38.00375705866	45.57461673344833	46.563575935670116	48.09646312348433	35.05624712885366	47.04044968745138	25.983182434897266	26.861143622738027	24.19105359210745	60.059426902855655	44.07804561852218	45.46320877499498	12.399583087564952	43.57941712566159	26.424155382828395	38.60423245535089	51.050694413333304	35.134616045510555	42.74536150605562	29.218833514598757	54.355437768879526	49.79163751015461	52.23409187656818	40.30655495604585	15.431790947317445	35.909301649716774	55.36649358845299	39.177090688966985	36.69371443722169	61.72474510791895	39.037859952722705	38.471742215071096	59.046868911727614	27.876309132940072	39.15062689496097	43.78611863709469	53.56143317028898	30.320725603942808	53.15920898888114	33.70039157298583	27.888986024208737	33.267803479910924	37.97145748734632	34.699453914721076	63.170444075442916	42.10660398709725	41.13802700463183	29.20171589437107	38.47007985943409	30.407130998539408	41.44615469035284	48.16810742846946	57.39084055494176	55.55786050170445	40.38294843433487	48.92337701682903	40.949092888874524	24.977011107962927	17.793958688658876	27.277250118801884	53.73136873495776	36.66421029289026	52.16397171976321	61.60061008289457	56.225842195367704	20.532705482448957	54.877761634082795	31.852236170343218	28.43558911829551	49.01667953392038	26.933252003751225	36.415600970878415	43.6769674173139	59.39377587666241	34.816117757564555	43.71694000093831	25.26917676934226	30.894655391932915	16.521394571413566	40.044847677647816	56.108113821575735	44.1789243296644	24.378185584859516	21.708128338817165	25.061687956655003	24.30115723582042	48.98908291710684	34.83530023208462	23.565823407132342	36.78996425722535	38.5441244323791	48.78703266682417	43.5222274201242	39.143923415074504	31.56319206159538	48.06509237149979	52.244475714006796	41.77756472881462	30.33586521644881	37.3316721366043	27.353522449223284	21.605414311166708	19.710371081411242	50.58155118038678	40.89335752388382	45.11200977302871	31.806025244727955	39.04605611469625	19.430656610699824	55.908867093496454	46.34528598046939	53.523596717782404	52.313083450037574	47.944631260087405	36.756187956301225	39.76586744944894	37.276580326146416	53.2858573577043	38.62896799272312	57.0878515132697	38.40227264455047	41.5025020961241	53.059073429198264	50.98185274720267	20.805897461146333	51.566779211585406	55.139549564179816	45.098859392679124	23.11364274271925	58.80909321217362	39.20926641057285	53.3704889475279	49.187311175410166	31.620911979297293	43.50953108352312	39.70144528113621	29.643139788320834	24.392169868587576	29.912072734182768	42.534385336996415	29.805090843879437	57.024442446342825	36.92890219794642	36.14287527586402	33.87293632283929	31.33927308460408	18.030739597297252	42.59511043910959	40.84208986004503	41.684786211589156	38.34406923048816	33.92788442081966	36.3112202150541	46.31632516878035	39.941304153707364	55.14590683817086	52.53497351802635	32.25790298458152	51.274196598475314	34.46903438851341	45.36296497283432	27.98590712473459	34.186683825442806	51.01537934608008	49.0537790055116	32.72343119813959	49.44707668628869	44.83235571471034	33.87261873095462	27.780113292709455	36.367335170242384	28.121326239366685	45.538123564568835	38.69628323240315	63.42482556115078	48.6908114675661	36.073149522373264	42.34851732562844	43.33361881442103	44.45722275606581	43.376317429038124	35.572340804991626	43.50865799645484	29.450719268882963	36.18169026378711	37.31923638620487	28.016106637513985	47.35750368129118	38.01615789242055	29.98500457045733	39.29826629603549	47.020265452402725	51.04479751104724	32.10064679220538	23.932259307354464	31.3873212694356	42.23317556565268	44.59440301191564	42.93957088515033	47.84327431031129	34.572637021377005	36.85776856768046	48.228543945081114	31.532208812364964	52.47486859968174	40.9108225615493	43.874068695141766	35.96434398341911	54.84585211792552	61.154615772864254
39.39832907815793	35.544273484140156	48.99042719766634	28.87331417444722	42.78364873621336	46.66131803357875	43.87943357925078	46.739103516472134	35.17748141798852	21.025940894952843	42.87914230119661	40.34343595090305	32.160189655632344	24.506617844992352	30.67765798253422	27.948649043757328	39.90663759026729	13.253239436986288	33.36803046275775	62.24195385821606	42.55700898639631	44.10161454698572	44.00379575131112	29.411991226367373	26.787935685001482	27.26499650937923	37.152177917142794	30.430442933425837	28.89584072361855	26.407747334987413	38.461517675053685	32.876749402008606	34.94415571069036	44.177949779570184	43.036309158296774	48.13957281828901	42.04848081492059	48.0848546773655	24.13642467899108	35.31507290012201	28.090368491665973	55.489576139332804	58.427266236541364	32.81659951132703	27.053175317599454	27.28612520190765	43.98944359004035	36.10730026570812	22.505309914247267	53.66520840959843	46.52861815510932	31.845517307622554	21.614792754888956	49.84619126725245	41.18851482842019	40.59000611330479	31.422924460351243	27.05948143178613	59.36883889456827	29.8892763120458	33.02323335373095	32.16978866703535	46.486891691679126	33.41480240483965	40.99465261671678	35.49561586199979	36.688681993834535	26.73369645015113	36.049155890939524	27.152366476641756	33.796647429168516	27.98044155952653	56.577896250917355	39.91526084907106	21.768615478266128	38.63603714942656	19.04782254896292	38.577369704041104	47.07556521600339	52.53795386627421	40.15085092739355	15.73544077456348	49.21279174407926	52.615084026294085	29.38503058567659	53.0296133853703	51.222863276919234	41.264592118535454	17.12716258298951	35.54140566642662	38.1901197478614	45.667898302197095	46.930614135882976	48.103258107562894	35.25220260294228	47.516493371758926	26.30898397865412	27.00050602640194	24.576459119932384	60.24663280597483	44.673299393977466	46.30418941006432	12.487353746353659	43.68146446998347	26.573332642523358	38.811888179953016	51.65757775124071	35.176460836865985	43.283630176170696	29.333109908547748	54.47611464093259	49.89246543299431	52.248473199129215	40.4876960571435	15.443048870867361	36.098894861587816	55.87472584490017	39.427548114467285	37.0515001717087	62.253811727802216	39.112106595062315	38.851304226217195	59.20797927607444	28.003906125356618	39.65874881911558	43.884047989348225	53.88410599259608	30.433168095519655	53.37040035149994	33.86243760509222	27.94345481096406	33.77818595456684	38.01385002492361	35.7728453703906	63.30629224143605	42.80119749488904	42.343891188064696	29.737926695849204	38.93556001537217	30.502813070622295	41.50787277866296	48.420939068148925	57.82088847558572	56.049823859343505	40.528875920509805	49.08909642037213	41.3201522535406	24.983481532937468	17.829189437484036	27.483815946178737	53.93746397181309	36.78736089793598	52.48392162694818	61.943329356508265	56.475631583874446	20.96352638479235	55.06323773399805	32.210514687988415	29.264661050010723	49.07097411873221	27.032741513550683	37.08325094248872	44.07337387619563	59.57430329430668	35.006863699728434	43.902328380343995	25.832543653460696	30.92737043743611	16.750334616560114	40.136197713721934	56.24614528674853	44.23694899414029	24.438949637815465	21.798610799917572	25.43865498295668	25.248886523334594	49.64462296010118	35.993620051389975	23.862201289410248	36.79221187298903	38.85243365150065	48.88158715802896	43.72970602991829	39.577857449472255	31.67195087541791	48.25302872717415	52.398255792362285	42.665335179551676	31.114525450656746	38.20952299005815	28.20182763074031	21.829153275411905	19.81699122563446	50.879213010542664	41.04741315614881	45.142887568321804	32.40951185540213	39.52610952139118	20.03791807374303	56.2193170432767	46.3759312909309	53.55975531660816	52.334377900283634	48.12463915031684	37.15696015237166	39.85964786404237	37.53458745505981	53.950481632138825	39.0164759137066	57.21729707141287	38.67083322618833	41.68405347852681	53.223923686635196	52.16492031936886	20.880299819194313	52.39255587216458	55.14865119941599	45.16076623838869	23.408561353573184	59.1896225279761	39.47008307729763	53.403490642577594	49.20488873931829	31.72661900772838	43.57721711555227	39.70434361739367	29.8330176704257	24.410138633517928	30.00311247383311	42.555686793157385	29.900564828245336	57.05220008229749	37.14180581142934	36.4696504881181	33.990964553870526	31.839639889991233	18.222854865091907	42.87755015615224	40.94984649895923	41.716304266529676	38.50189618354923	33.963993514670406	36.66986161721517	46.894778958342194	40.04780208671837	55.15837970962848	52.639557717506534	32.48317477411784	51.28539260100218	34.54479909450587	45.39312662678956	28.06633380378067	34.56048636717535	51.18446596229687	49.26206619825828	33.062682328301534	49.82305728903308	45.28176694400965	33.98143503650085	27.851383063323663	36.49609167347775	28.281434501831413	45.675429349799984	38.99975226886052	63.44223704453162	49.90380211164417	36.47384428276393	42.71560796856242	43.568155052833106	44.57865804658749	43.47144867750201	35.77389585637923	44.04672359615302	29.920030505824467	36.204929810726384	37.63214756271126	28.225689170092608	47.43305150493826	38.154566810814096	30.21375310105041	39.8180450958094	47.17543598769324	51.50158094407223	32.321749339437176	23.957065138413103	31.562026866453717	42.90754418984018	44.63383324766856	43.01180982614346	47.91841827593067	34.678992215339285	37.09547993946317	48.761576205174805	31.547804361074128	52.6555886011276	40.95042929492402	44.15915626774174	36.0047055708868	55.09748252636856	61.30635358881044
40.04388332467724	35.56986571628842	49.44951194322309	28.9187839523153	43.129853596649795	46.89030025809126	44.073886470125984	46.80921737198908	35.23550409241414	21.153126774269893	43.01883887675257	40.6627783680534	32.268243859982704	24.520840948644103	30.73274770712376	28.257832992093547	41.009865497516806	13.561876808865389	34.41451744866147	62.680379883734616	42.929927175205215	44.129243763222014	44.059807333609385	29.857238796073307	27.056538657153606	28.11722662741552	37.36771831321432	31.2466839115166	29.051382493111298	26.70862219728515	38.67892456049939	33.16146192628435	34.99959148636471	44.257231927536296	43.456208448682375	48.33845409247089	42.913826955252276	48.087079834202775	24.175656570103065	35.69590397327799	28.308719861670546	55.93946991447536	58.58860435344441	32.97952156109197	27.134394044411046	27.478758878312263	44.09980139258062	36.15519784488158	23.12462207725631	53.886230141298455	46.67378538174583	31.902588085313912	21.656702153489988	50.235720149749746	41.67302008363684	40.920189552554824	31.56834432287007	27.56746779560652	60.00218935015498	29.902660479463812	33.0663757614042	32.18940875651992	47.01179815145962	33.599795301116075	41.04316884421926	35.81592923161746	37.47796956069088	26.805309071884466	36.40626828011028	27.37504195098262	33.85633319493916	28.685190792192284	56.75134850198976	40.31472505065443	21.862363142296065	39.513927223523	19.10461298705101	38.90084699912533	47.197815537773	52.885482263591996	40.29688102879859	16.044766975418238	49.22618817459411	52.72363052094667	29.4418701365654	53.062057448865325	51.79999210159274	41.335132547858755	17.399936605086364	35.5712129103009	39.14153775567566	45.841949703470966	47.04390552088739	48.21779923435836	35.73032571725498	47.78104638306237	26.415387572918508	27.68662228037736	24.639518581246538	60.31154533994605	44.70348390260212	46.40605603015684	12.53317875244801	43.810368810393776	26.770927439750544	38.999434755728196	51.80973386988652	35.40107706471727	43.3228523931136	29.437382840881924	55.1652880239652	50.843906098213715	52.37609154004134	40.69818892650003	15.582547497816233	36.10716458378622	56.40230147664514	39.477387977473484	37.370500811258005	62.52092569704084	39.343006888783265	39.339291986125126	59.45513766248372	28.731580054062235	40.1933956863899	44.003224214764934	54.16977272449947	30.594867518574002	53.53100743951971	34.299754172983704	28.11668785733735	34.09114992553851	38.16325795932952	35.816170834681984	63.51445192822738	42.998990172893116	42.363905468574764	29.840055895626264	39.03102772028783	30.54764101545461	41.708925910789695	48.85239505946837	58.34373737868735	56.075305630840205	41.036300404846074	49.5088997994779	41.39827170968721	25.433833573133732	18.12302741213359	27.74483097625254	54.00202068415045	37.030688066757	52.59239867093965	62.12794956190065	56.70656579699942	21.03799656030516	55.29879693376547	32.26933553328598	29.399261231326157	49.20284806724077	27.110915978963256	37.11600399026005	44.44235166817674	60.134114822659996	35.131803412528306	43.968055436110156	26.146491069970583	31.105983957999786	17.414320598057923	40.14556579437254	56.65414644489127	44.508110122271454	24.67657076169515	21.868186628446146	25.856747278963	25.267544600795436	49.731185042046306	36.18964562596578	23.921186799334706	36.9520902215368	39.260996427330824	49.10974077639316	43.796362710898165	39.60246615303129	32.35774241295575	48.56530118975134	52.52722538679828	42.70672493418264	31.621412050644064	38.24287204563857	28.36738453073891	21.95932029076803	19.830072658456118	51.40654686450389	41.47920594499234	45.333713995238135	32.71454940035695	39.65337404162746	20.21079345969624	56.92263638026791	47.58596832956692	53.8210315397954	52.6468437648622	48.19667420614037	37.388640892782746	40.823273511559016	37.83106355021664	54.157851001631464	39.71865682322646	57.427754646440036	38.762378352853574	41.68959149934939	53.27047148009096	52.6793925085191	21.51128502764897	52.645221613792785	55.26900720964189	45.42519581323871	24.263331519678445	59.257562222589335	40.33396644946216	53.41623269480441	49.731741084599065	31.746478643059415	44.409152623036	39.72412559003253	30.125735721230665	24.444360238129285	30.04164517278636	43.14361877656747	30.146172528280808	57.080056102333096	37.18700286738364	36.48106989232196	34.263842114088845	32.00431458168391	18.36223957380779	43.04218063922985	41.132246789805905	41.92201328205521	40.00820981301276	33.97717213281913	36.799263039646135	47.23488100290907	40.127546822903554	55.16625381051876	52.999785728916756	32.762110692664194	51.333771649404646	34.716837534219465	45.420023842287335	28.327391346871796	34.62048294515222	52.00876270147489	49.50751615657402	33.39319504500437	49.933844496045175	45.315614764651514	34.05128628486648	27.96092819904923	36.529485737849136	28.403499391957073	45.71110745866761	39.13622790519002	63.47525517546872	50.23863596797223	36.901472884221484	43.25775458857456	43.62867086455535	44.88515853313447	43.936410881432565	35.868282868446	44.42535130618387	30.16262993930824	36.86999331185054	38.165787165780536	28.707348121200724	47.54258624128796	38.161249687707134	30.57244622449478	39.99798550340805	47.28675659672342	51.61854337408342	32.34824217425325	24.34825738072267	31.59004373290242	43.73846608051119	44.69498173830587	43.14064942049562	48.33626551162039	35.04051763304873	37.40483030313252	49.32123568275602	32.24003916596139	52.98346859127609	41.13507755364006	44.35819776432331	36.049298989326445	55.36458740146569	61.55623687715229
40.78205380450716	36.20408321180333	49.64046244045633	29.384235975291354	43.389673434352545	46.980311052890606	45.091472973090404	46.812298676439575	35.34935946903689	21.37826853389609	43.17037321000931	40.663901586951205	32.863548618414015	25.10867771664908	30.984486845348986	28.320564277999377	41.486617929278246	13.673920358022356	34.57208657382602	62.84429507107572	43.345387126333236	44.34053511932591	44.20826817872586	29.965636385273086	27.23288166349835	29.03555481790522	37.41037345665624	31.295990353458162	29.42924526498195	26.96930623585488	38.91449051449572	33.19485205279958	35.092931022181446	44.591414907546685	43.62736176637834	48.66121785514819	43.20197544892648	48.499099352980856	24.367935612277265	36.01615534328465	28.642980799204523	56.095795779664876	58.67240761566882	33.00266958328192	27.35169665117858	27.83845445295461	44.57350467162567	36.648215949814286	23.129953391156572	54.21575444855382	47.220859202645435	32.29893485980864	21.726025290862	50.76252419075569	41.7454978340973	41.142527550839716	31.64879262700909	27.585283042234845	60.23165469642001	30.137389109045454	33.90382170564237	32.470247850295756	47.46221472850751	34.343142243290366	41.44991124362676	35.871760088491286	37.64040396433179	26.92238238073858	36.70790053830486	27.388826607089435	34.11969059489259	28.804775490032277	56.81790749936981	40.710091911406614	22.330456437344683	39.66832567141919	19.264125874649856	39.15805490841351	47.331120997900356	53.373264239456844	40.45683208949177	16.38660367627264	49.740679380342016	52.94519699503619	29.648729132428205	53.2468615633802	52.351684703234845	41.447410958396155	17.47076138356022	35.79219409947032	39.20156717933757	45.87629935427196	47.05025327838068	48.32981630350275	36.11523488508508	48.02885376605107	26.9898332101092	27.960103244769424	24.718856152071776	60.454862838515005	44.752417223571435	46.48892120642474	12.810022645647187	43.96803454383013	26.93438021994628	39.20727286684187	51.832857811283425	35.719719074647244	43.55235979256069	29.48313897711949	55.23928696619032	50.88230668680458	52.48572948793599	41.76580128760572	16.09043612988445	36.30848545798673	56.5682456251355	39.957486087197346	37.9766459550913	62.60053361934894	39.40645225865743	39.4769214709679	59.78063657242595	28.94243362779697	40.231391055191004	44.62984567955733	54.34833471902244	30.65342299230675	53.81844710875058	34.37051966481398	28.595788198647956	34.14626530684222	38.339140480581996	35.846931244832916	63.663636158331514	43.153531234602454	42.88936388136646	30.098979047152767	39.354838864048546	30.597757218171907	42.62950633987478	49.00991430669959	58.42491098553658	56.49082912742081	41.11212765641656	50.10304950314192	42.61898496904662	25.528424494493553	18.758248674194583	27.936164456947015	54.07496110189333	37.4923843923422	53.17543251665659	62.551332642489136	56.97168926401943	21.29197909981956	55.33001080565793	32.65077718852906	29.44954349916074	49.27413125393199	27.38615791672935	37.602670593736356	44.49358741876525	60.32541883108566	35.406525865458605	44.31140183600687	27.301936839483076	31.132179200928608	17.564356204694175	40.355020974895325	56.745700461983425	44.560873664962386	24.941183064144912	22.068452127627353	25.951573981063333	25.5822642736382	49.84647702440771	36.7065061566124	23.9403136565826	37.24854267084395	39.73696332585731	49.306444833991804	44.01243609901974	39.73305256445625	32.5416761933608	48.83068369550769	52.60191248078119	43.02706799554057	31.82365808625582	38.28487062426002	28.399683991150855	22.18251739697293	20.014295945417903	51.439700199645486	41.58692187500027	45.91551747620448	33.01817625081753	39.743300159021224	20.783847275058065	57.076510386342235	48.20502453887012	53.90220569347218	52.743869771532054	48.44550056999914	38.044995165906464	40.903641801993096	38.001715099964166	54.397577708727326	39.822858019039394	57.52338049742224	38.878031673832886	41.9959181453996	53.5484911226349	52.801920901752496	22.070273275145002	52.687873865329635	55.496939698760784	45.67013672322934	24.306773350047568	59.52034286801879	40.52187148273131	53.54211715529281	50.19814755896335	32.05520617011391	45.04717900019827	39.77952832978708	30.142978566213646	24.70696848866136	30.81741656305362	43.18676388028673	30.31542559389779	57.42710641927023	37.611342830471806	36.94257552905235	34.62248937633175	32.20459518089992	18.6598443957294	43.16900331305996	41.51195363719472	42.18157942361065	40.25237606450586	35.08950821690234	37.253371961079296	47.30219962355056	40.53912172315085	55.301729736346964	53.37944535135168	34.514743040267355	51.61694249367691	34.999808928895305	45.75818284531387	28.43165216769134	34.75370321311337	52.40898028345514	49.60812249522626	33.519215122346885	50.45136203603537	45.82487409957032	34.06699715302431	28.02540908815771	36.842975381518464	28.49833173080827	46.40948120378762	39.20732162082771	63.96457639403865	50.29308449173714	37.41094387598923	43.30199730324261	43.67348173583979	45.02028494706421	43.97666072718105	36.31764945282475	44.53054403216607	30.494662322364167	37.05978379237641	38.19336579135701	28.719586241175143	47.68382422406973	39.30087815735943	30.645850995450388	40.2061989602482	47.484707896584645	51.77228451522431	32.59953876180765	24.7714154277715	31.678705681412595	43.839939632020396	44.93356025461493	43.20584737742703	49.30369665381664	35.29513739206487	37.71047694712676	49.54135589773145	32.45088976861484	53.586617802027774	41.19544196399495	44.735329991784596	36.51524765705921	55.73992798287533	62.2718462393249
40.80636070990167	36.807255445651776	50.03014703592952	29.576240533851692	43.93779454917509	47.44140856315197	45.26987367894574	47.63233550299923	35.600194030715535	21.659134222004194	43.20806542840651	40.744056787502636	32.93379419979864	25.198854482254262	31.40491039853117	28.328392729837205	41.77197035181057	13.862184109429279	34.89386749623455	62.93203770103974	43.67312896366446	44.63585101338348	44.4376360463739	30.204506258355806	27.282382364948152	29.337651339208993	37.6002667976353	31.466495799032476	29.498638385431885	27.440494259461992	38.97892627698186	33.44545895665735	35.21655727955909	45.15804634770962	43.756528194185364	48.702573811926854	43.31309625560635	48.57123132838208	24.51102652097966	36.60224488871466	28.940553768854016	56.15468644433326	58.81290885159792	33.24366105222007	27.94926251860164	27.88307489941305	44.59198880495989	36.829073502386905	23.153149372538984	54.40461732812628	47.28170299114483	32.74023022323526	22.09632166903481	51.319566685051456	41.965549455784306	41.244731647951596	32.21463956601466	28.127255764462188	60.426557397677676	30.166486949221778	33.93119918336599	32.95883921629061	47.48928415157985	34.45761593557034	41.52753341249688	36.11156631531996	37.77603462982068	27.155574584140403	36.75452746072299	27.794762763095534	34.39567110905038	28.920233921826387	57.68885525543399	42.45487936223591	23.14982318505403	39.90271663500118	19.569760633522122	39.81785442379867	47.6239906166893	53.60265167984276	40.62846358370245	16.478194081210425	50.16056524849853	53.057114937940085	29.77748635107725	53.60825063352287	52.8705558973251	41.82877491616878	17.79341794597289	35.983239253237926	39.56045676736692	45.88752462384583	47.49603095882428	48.73912407986599	36.14403028386197	48.17543087923029	27.081630493891282	28.293756548459964	24.990898310809136	61.09999377079819	44.80420368114127	46.720145272031516	13.264245432989597	44.26649136542565	27.177137442180804	39.221437742903426	51.944327345650386	35.85493651784901	43.810133124061686	29.70730285742201	55.82462503428561	51.12716498292253	52.6279660573667	41.775384486363784	16.13690584597253	36.75916100966767	56.870188532571476	40.079768900461595	38.01039878801673	62.70595990895565	39.61190766032113	39.63201500677707	60.05231176148842	29.14084345388811	40.8104868776317	45.247392664389864	54.852569572285155	30.762367903501865	54.378300873098944	34.45630601979062	28.620474955350915	34.1912928456955	38.63121353474216	35.88412366529478	65.0378858210163	43.285244516657215	42.921879501589466	31.02606456389794	39.57364160788307	31.377791621590507	42.636623593536676	49.413869023297686	58.5278698315954	56.714255800212534	41.57120081294498	50.10569461751701	43.20311039084785	25.62775036299821	19.0641280164767	28.38817372081507	54.46676440982219	37.87447783078196	53.43343551387044	62.5948378881934	56.99354672190491	21.443996115683778	55.55558325990719	33.13862855873141	29.49963182368945	49.85154400547641	27.4244803522293	37.70175936285263	44.629263609681935	60.50107825606403	35.423574834640235	44.94092057767685	27.378282233752284	31.886432512678258	17.64467833453281	40.83478105496453	56.781745298468465	44.91504191105725	25.019979485388095	22.08845119860359	26.104110506851296	25.708565147888173	50.12476736301626	36.95039499132188	24.25902495287737	37.48168733616654	40.42862601337976	49.36910580395854	44.35568606392312	39.8147539499142	32.72623098615651	49.11930713420901	52.73143023427415	43.18948841456562	32.20524656661012	38.92661296182503	28.861496993735265	22.251410870916732	20.029334889336972	52.00507025154678	41.71940607888743	46.08117181880236	33.210977261263565	39.97994942675399	20.87917006344783	57.30601944497455	48.47153065291205	53.969258216021316	52.82702644318999	48.589095489943446	38.49293261953821	41.04600253499539	38.15545419031023	55.3484172830376	40.51183486705394	57.73306374451293	39.076411964391276	42.64913524571093	53.80049709354567	52.89640356613142	22.168917090537466	52.818125143781835	55.80430877387448	45.75072624989831	24.349091258539126	59.55553337734637	40.97585278465532	53.674947441947936	50.70592822063744	32.31176735178972	45.95331055503821	40.11950814159333	30.350394735329917	24.784439460661606	30.891157969366546	43.2072325742936	30.537399536299343	57.778756647414184	37.62988698254236	37.26471542162829	34.652240558289925	32.33290572132462	18.959614951285076	43.37047394033186	41.59492655097606	42.26539659649695	40.721628788243116	35.61629660678826	37.55366091850397	47.56280835737808	40.69993423793566	55.946294935774645	53.64522347731691	34.635031264370156	51.91077093446207	35.237501734232325	45.86735728890036	28.43709187054041	35.43828153833292	52.60220842751037	49.67510121133166	33.67726793906943	51.00995046542018	46.369075545915074	34.37878920249154	28.327487681592928	37.410390347790425	28.647193605165295	46.48111312889558	39.32583904390189	64.00168513421453	50.51597587772038	37.86557438168	43.691518364181114	44.567068618823946	45.34301500815073	44.00894421606076	36.514927842332156	44.566942928454836	31.049132750626725	37.25233198228061	38.30075142653159	29.18367548810763	47.968736717519576	39.30916995025101	31.471375688163736	40.2950031783451	47.6543446666987	51.80962450000565	32.938820189481916	24.859345127815562	32.531700657698444	43.85638657663909	45.22942536698704	43.35446588683738	49.34336671996442	35.442036471387915	38.348283738284174	49.617558631450905	32.5672276061284	53.87690936522162	41.37313716620121	44.92302642661307	36.62314109522522	56.02644132177735	62.62482248935375
41.533257518805314	36.809735873597276	50.38747568096285	29.597977055083387	44.25033833125271	47.60538335376189	45.33725641465812	48.125185442998536	35.76141540378855	21.851823823021746	43.404454399147475	40.99742905990462	33.744508288498174	25.245529916911096	31.648517654089016	28.552307085175645	42.25119857839019	13.919899466670186	35.244415106927455	63.00650713333808	43.87966007781795	44.67554385201849	44.45884990757062	31.085657378425203	27.288089717515607	29.761651025003903	37.62331732288598	31.49719445261125	30.072153594343177	27.60195434148997	39.37043956424709	33.4507805852057	35.23793200997367	45.3934664185677	43.967177723120045	49.11957888504815	43.4452409001722	48.664272072145316	25.66212313832536	36.61571412195067	28.97492205089179	56.27325433243466	58.99502757396808	33.32611523377713	27.98436847474473	28.031144583579845	44.997313345529136	37.01916690713735	23.28784515671503	54.70623879309728	47.362219284157895	33.31214711822283	22.23116243449082	51.39647037175125	42.085365979359736	41.41792740125261	32.48926737722062	28.228738749002744	60.49839269618113	30.578160632280575	34.08782965620846	33.05481072865244	47.686014757474304	34.70404692226319	41.67743494269512	36.30414586125121	38.057523106735275	27.322787522001924	39.55247159107575	28.39451969002424	34.8503235372035	28.956776421525824	57.78883395061454	42.55343986336312	23.283696825192873	39.965384732532634	19.786541920536095	41.02286375278322	47.79232932757977	53.71624926695286	40.83276561792389	16.6513972651104	50.41017365778818	53.14809743964423	29.886929214049417	53.62350377596551	53.189624818893236	42.01872617306732	18.042410771404914	36.20225042752946	40.62130312392405	46.177594398773	47.95138225887907	49.20592137402061	36.46562155604396	48.48172457959801	27.354063224541868	28.602743682138804	25.071592619743345	61.114551128864655	44.859612670689216	47.225031617505444	13.33917565784727	44.625803650493765	27.48532403760292	39.74132007522881	52.27950087892346	36.33930003386103	43.92631055454929	29.916158066532194	56.02403427736529	51.825131527706354	52.7796838309667	41.88002036857579	16.463842974891783	36.94681199278533	57.24573382478062	40.14558030157712	38.504499786169674	62.98863178530043	40.13754777102299	40.079606216314545	60.51940239484224	29.256130898610365	40.88248242196276	45.38488538063946	54.960401581034766	31.247495546563496	54.42292996817236	34.598823723855695	28.83942067597857	34.62294426403628	39.47817265384957	36.472886611089805	65.35571583788959	43.33550067780184	42.97204438938796	31.585737704171386	39.72302837376136	31.80762262656808	42.64451846772341	49.60948301329695	58.58899948219859	56.81782037364834	41.739315509573125	50.14042731586174	43.982154818348754	25.674186583075077	19.465025341552114	28.741228486651007	54.98041649291241	38.05753279620972	53.65881965760559	62.874922532332455	57.072410473753024	21.819728171327835	55.567151262230695	33.55292219923313	29.55353726182238	50.09516871840354	27.4545731096186	37.7915538697435	44.97888085732642	60.73659067458901	35.98287793900261	45.29057422742205	27.47887270629943	32.28707806782724	18.42816931068022	41.31145678484416	57.143555496877454	45.148539926819986	25.599728403857174	22.397505132493727	27.01203179850321	25.73100056171303	50.54412889595178	37.071080189429594	24.323113054573145	37.59269558744041	40.536658269794096	49.67863422371876	45.04254797763497	40.078192281157065	33.401412445155295	49.601167482470075	54.0225585715081	43.53323287794627	32.6275248763262	39.18211892236572	28.97120863440203	22.314428221007304	20.144656787326774	52.20678560546159	41.74242296613393	46.57431205652482	33.42936963166374	40.29681187191495	21.071175707259073	57.38277953673582	48.63293261447695	54.514338495692115	52.87445861072434	48.88848727935117	38.658033143486	41.82212166122115	38.24929931793382	55.5588086677483	40.922686001474595	57.79777325195084	39.97649346769065	42.92507571091282	53.8683813548213	53.10301411063652	22.486537732965054	53.24821802778863	55.98182930175794	46.03377192180895	24.730959029360765	59.73621706178284	41.105688058408575	53.872250802332786	51.006708214828464	32.742331338219046	46.02793458911224	41.31585208670832	30.583269876324664	24.832117410019368	31.343756487460748	43.525726395605936	31.192023471307287	57.82182126259954	37.88234906199191	37.450826657930875	34.70117170996759	32.436157771648084	19.016873309382383	43.38391324120228	41.71723974514149	42.67662688697654	40.75556736289199	35.95761022378695	37.583748453416206	47.72546773786795	40.78664234431689	56.06118001103459	53.764646638088465	34.85123200455318	52.02699729912008	35.346689723750785	45.89621108501395	28.81651289997474	35.577726135515995	53.622880049207815	50.17666211380445	34.03159159391091	51.33684951093381	47.29548221914585	34.771285124134344	28.86541240801701	37.84315610072921	28.743938178157986	46.72171696760465	40.001021593033585	64.16777197960623	50.61674176699422	37.972829400436524	43.89091513571187	44.7830240442011	45.61037588026365	44.096211937256655	36.91079101671407	44.70067082610198	31.229919114593148	37.261230879578044	38.688839392165555	30.874261124328644	48.01959860199628	39.33034422923412	31.80611952083058	40.29850521494864	48.12659076631286	52.05751121485856	33.75139931474616	25.975236255781425	32.618623828009206	43.87469244215923	45.842225445920484	43.6806165537906	49.52379797297168	36.67664165372733	38.83607888625409	49.88661401046858	33.16907293572856	54.09432765373571	41.709209613033444	45.10312711443587	36.85094852483801	56.78623221965925	62.71241369841078
41.917906778931105	36.92392444406761	50.44938672425203	29.94804883384944	44.53585079705201	47.813410173643476	45.473095347267474	48.41838888723908	36.1675218782912	21.870041896070152	43.460514727298296	41.26278949202677	34.07249136960754	25.625238271271087	31.730548773949494	28.672405099174647	42.78734603745817	13.956347376802935	35.607935347201526	63.02813976433468	44.29271574219196	45.30408006554754	44.6733060011565	31.24735369289506	27.76880340584469	29.979324848559838	37.63571416385359	31.573980005442404	30.247165608547785	27.749922364650246	39.51180501359591	33.5512682104269	36.31835735658458	45.84669318736876	44.449141268284926	49.20580287652336	43.46739108730765	48.95603231781491	25.869223537952372	36.63146209117326	29.442749615404036	56.364641100410324	59.042130502969115	33.395918350312726	28.090061823881246	28.27710103489911	46.12945610350595	37.15429636219531	24.345207360980353	54.76515606676836	47.748660828056785	33.75842581647874	22.352769971798047	51.45095747577264	42.308498829565856	42.141831275064945	32.51708922679235	28.450748548773884	60.52713882924593	30.60826823905132	34.19230106310432	33.20470536150573	48.15700608746552	34.77874318930615	42.03523358226341	36.80119767141705	38.16089635194135	27.716704078272905	39.561176787059644	29.297556346696187	34.92545776419218	28.984071051327522	58.098305164208575	42.66596976161179	23.46606586613578	40.062380192276976	19.84598696008046	41.078892060394686	48.29299559724875	53.75510504856374	41.741593686440034	16.67821348852071	50.87380016724481	53.972781565656966	30.40714574844268	53.752919147125084	53.423763747034776	42.229286982397404	18.25617361107632	37.004275451844805	41.00138576656353	46.301705970750355	48.05611014582339	49.51228914190299	36.52520376370194	48.64491880309374	27.538222932439762	29.21141082556999	25.129234046457157	61.12299395862445	45.01920005539787	47.38266355770885	13.574564293823306	44.730370869077554	27.951573212328878	39.87399783120429	52.44839804146575	36.43196744373885	43.97289792405238	30.22272534297494	56.13396298646457	51.88322961625344	52.86205394791064	41.904452959775845	16.56402144396899	37.03424792303921	57.27432260813915	40.16218814421733	38.66012338907333	63.16618307238473	40.365734287231426	40.10156428086192	60.62836234760989	29.35973398696701	41.310992844877184	45.4530091409786	55.151245241508825	31.296745591877237	54.519307386657374	35.11539649937457	29.181123048781714	34.90929573274152	40.015899261229755	37.07142748628454	65.40757270379774	43.67771852599033	43.74579812904861	31.780059950024892	39.80741942497784	31.87354173678446	43.26151313150603	50.59361569999957	59.39141701333177	56.83925234009455	42.14858271440186	50.37445266037274	44.39587192558197	25.806699517786406	19.644783529087693	28.915264486510832	55.04720299543006	39.56047604635531	54.1416434425515	62.92805858546779	57.08597411912896	21.8437771061726	55.58673427695605	33.708125679469696	30.304722910670115	50.138462423298996	27.745582498606307	38.18158788139021	45.02342218163024	60.84245447313391	36.435708064905235	45.35451747393006	27.49764284359578	32.46216678756065	18.43297924648065	41.45243169244958	57.74667059319156	45.78477508260701	25.81867443518351	22.723621883952354	27.08342907740805	26.486006595832727	50.68616588973737	37.13901866519909	25.186803465632497	38.23570260251141	40.74408322722804	49.90333218217207	45.2198350341069	40.35993126926295	33.41030764892554	50.458198450273834	54.192196772707675	43.55562801231442	32.8537389752321	39.95512499936942	29.047782284684715	22.415729196516775	20.239768348338497	52.45618348633884	41.901759743860616	47.633609410871415	33.47281997938527	40.7913844309894	21.216343315072624	57.44372249632872	49.418577909001996	54.61683142882394	53.01387950261473	49.151133518797316	38.86974210464496	42.000167937278185	38.69457845205296	56.69662209851391	41.07845286593812	58.36634566711052	40.02370518909301	43.230404439083905	54.075963493300605	53.25298079297001	22.931802933207244	54.56143578238003	56.13892876744769	46.08428602068996	25.30678855073031	60.03170705769784	41.45135090351459	54.20968905093128	51.04092855060195	32.786656836667625	46.80560797166223	41.58493705943172	30.685704578009357	24.922982237499507	31.354842632061416	43.54852083309514	31.256369613355872	57.85835976552835	38.127869570856504	37.789006325615354	34.755501477502975	32.82703810275319	19.129302879127717	43.42368118948684	42.058037086744164	42.92187917368537	40.8336401040153	36.332310227163305	38.43006433822334	47.88228732276132	40.852839757505485	56.28955840895196	53.81243063022971	34.91675302636378	52.499084908032714	35.454765042853545	46.41211509651741	28.835298930183566	35.736053557404745	53.63798903095204	50.34725121187057	34.35687497688822	51.77612417669881	47.85070725328177	34.87238413975169	28.917673655295165	38.53362949791748	29.503584917260802	47.0380721044858	40.08544265091073	64.39776900104869	51.253303330193226	38.32318947566511	44.10897361011122	45.09452144631359	45.84874548050074	44.19695783933777	37.256825764910346	44.81934736919502	31.497882199284966	37.80966196271776	38.90860996806857	30.89834956632777	48.105597551474844	39.63274391356454	31.868529390575432	40.36277161633701	48.29210103637114	52.209167053414	33.954557238921964	26.274379547965363	32.77093542971918	44.19962409779303	46.095973830972675	43.73336258430744	49.541134071699666	36.68068155620765	38.96883583088505	50.35833478614373	33.19166162503328	54.28853660347674	42.732635262675714	45.436268081624135	36.95719983114526	56.89474957659371	62.784800452989
42.32386930948128	37.16783471290589	50.46038624705023	30.022859075946908	44.84137590999634	48.5675559063191	45.785639474840465	48.42659961465033	36.431446972542496	21.945146522170976	44.09826037219712	41.815491861154534	34.81598726182265	25.64503153962576	32.867871069951946	29.13164747817672	42.91465562758608	14.124596002374663	35.84768536414882	63.39578590668625	44.361708857945914	45.32644197118971	44.98160135642011	31.49427818660619	28.09907680156117	30.033466758192798	38.093575123304	31.801053629697265	30.25815100584145	27.801972482695035	39.6119581380519	34.23572875760216	36.582924786673516	46.25626139316563	45.643493062610645	49.30890527282515	43.52830783082874	49.85608431017663	26.08602633380492	36.88978602962882	29.474545671812397	56.52053550497723	59.243262118278714	34.050232558740255	28.43354591576443	28.474050814850294	46.25378994602336	37.45969617005855	24.613190747103562	54.892465481178654	48.48677262397063	33.83848926406284	22.73257920753458	51.58343170153254	42.619102822662896	42.9835674745677	32.737568393807194	28.96940305161211	60.62587597590282	30.903012499979354	34.568866098362484	33.34582326779466	48.80585297340925	34.933668284832976	42.59434914069172	36.84907792910696	38.832435972774576	27.794602187456277	40.26400858772825	31.041179114433028	35.55165769605346	29.40424894101446	58.13699679505416	42.71321040969813	24.20989274850754	41.018543602421	20.16075728025107	41.46651218850704	49.331708594025876	54.13732596472923	41.912610179504725	17.03255392043158	50.912907562475496	54.07997051371579	30.63045722771858	54.11282677708083	54.047101944736106	42.535213266994276	18.57195023570513	37.20921693984505	41.16315039107482	46.45545785216155	48.23437648298554	49.71841942646732	36.63314073745302	48.794328946121226	27.6622278845851	29.30958729849987	25.150607304429425	61.165128258982676	45.32452275079299	47.814906657790544	13.597100451250398	45.7910467193215	28.30224754711257	39.99226840537647	52.56578737740156	36.565028445753136	44.51513699710245	30.276253788196563	56.88905992011621	52.18756459858228	53.694792143701356	41.96735664237439	17.757715213879866	37.20912550485932	58.145343179618514	40.268004473826046	39.28653308139478	64.18004880781383	40.40181523710942	40.77182352775116	60.79024765452686	29.97426315896992	41.31355016955726	45.50657172436763	55.66507473632792	31.336104513657585	54.85952952717244	35.39562018290336	29.255437572731697	35.17986298707484	40.34138903764912	37.46880181400605	65.47995656386307	43.684248188873305	44.22356967987933	31.849622903707886	39.852315828534095	32.519701159066976	43.30812588933746	51.20771364611915	60.1071572533022	57.69452105161035	42.2367708148423	50.388973765648814	44.56159091196494	26.1061591460026	19.85896806603971	29.16978685054704	55.10283539336324	39.7256985741893	54.93545155914685	63.38757664675288	57.19424689334233	22.096815427455653	55.970148259217495	33.75853771841527	30.919191007461674	50.2873792870813	27.82094280473757	39.06912692645605	45.05841959386843	61.20919535729098	36.442311295872194	45.59094733568614	27.87747086783801	33.18149165547303	18.51662200597826	41.531237000975544	58.04826254988502	45.893905342973234	26.006880031604126	22.887500370323824	27.548067572322026	26.70108597409632	51.17921855447689	37.904626880879135	25.497233444122728	38.340531033682495	40.77183504977039	50.28377195780757	45.530211773015814	40.863525269538876	33.594537896446724	50.6498695731242	54.287680559268345	43.8997064596976	32.96891784194309	40.01623689595397	29.231375596968725	22.49815703632096	20.753669608824985	52.56404616030724	42.314334781090224	47.92495268672541	34.0503834222403	40.87850193362997	21.38752174502291	57.73668287061031	49.48860386865216	55.367503893195625	53.65598132750561	49.42562325572745	38.92160326003209	42.011620913589766	39.34902810331442	57.05618227613539	41.308751837706794	58.7478098939297	40.048347364455594	43.26902229575718	54.125236901709904	53.48651473934907	23.006458186302805	54.825954357135345	56.62509258065227	46.11517704319071	26.089281459221105	60.20341882357739	41.68699655241513	54.23659318416909	51.30040598303731	32.86090146939471	46.88850177142378	41.944224356902424	31.059379762003584	25.03996305348823	31.69848431102396	43.94644705675515	31.729257798865863	58.123562100180045	38.261193992066815	38.199603170442174	34.96482640318771	33.00732185499659	19.565509820396674	43.74154033501338	42.54819307564243	43.004205388279104	40.9475265385447	36.45917699046148	38.856556649748555	48.726808094202866	41.031566912446316	56.58493033051648	53.93043253731755	34.98595670753221	52.75643113814646	36.180708162778075	47.07202481346446	29.159725670014225	36.03138446777325	53.646549473180194	50.393139097399015	34.57187112403708	52.15022768605007	48.07956041082408	35.01485992490384	32.08764569638861	38.648281595170396	29.56462648895915	47.366876849548646	40.60490442274707	64.41007147389938	51.335944717776215	38.97042985018786	44.50844456105907	45.31297750604459	46.49277299267047	44.829815704368386	37.85788249885944	45.07729767183612	31.950385675880682	37.964929551516455	38.98980218779113	31.041523975988216	48.43003639594287	39.816127949560745	32.15777695573027	40.61459154143374	48.34766241137577	52.21249191794164	34.01850539484078	26.54254702671112	33.48186176413872	44.57358010079999	46.36835290062672	44.24646928166939	49.6506582165426	37.235610787366504	39.027060264306826	50.42211562783746	33.34487077833444	54.31593041642471	42.76025346451701	45.63997700325717	37.45404473604851	57.05173466916343	62.89927679690777
42.37650154140424	37.1788796774432	50.51716762223985	30.698608197054245	44.851916335957135	48.79431654224191	46.40426892381305	48.55305683427454	36.46329961674229	22.086946374083773	44.33778899786634	42.03492129611814	34.905424776849614	25.710914985906157	32.94094326227244	29.189559831666404	43.04718567290278	14.32838108351228	35.98308973062083	63.47450269456083	44.87487427059426	45.55227562227376	45.156065464239205	31.655705172907922	28.30557982575532	30.27729758305862	38.38681745071617	32.04748023714229	30.525378151875465	27.86079126992527	40.131693421582966	34.33387120114584	37.33940137077225	46.73597265412596	45.65763642217888	49.62226676870921	43.62080130385786	49.91945218442926	26.41898662054133	37.923050341911754	29.581642798098922	57.185133710204376	59.43752309905613	34.26610251611292	28.532130990766554	28.59449213281128	46.379879912308354	38.01423489701688	24.674788719317675	55.18780473307953	48.52190901747061	34.01078869299013	23.214185550066098	51.71153742890831	43.181231409615734	43.20125669300243	32.76975941020525	29.18232245766837	60.75580670251974	31.855716412907963	35.09532888685886	33.3765783416851	49.420572448580344	35.21494195696964	43.73944544709868	37.26120523483036	39.03066466892902	28.07195639253478	40.332004591314195	31.1886616247412	35.643224633234986	29.56008682831418	58.281795466416746	42.95934555452437	24.36381806168936	41.210047467674784	20.42008662021493	41.89466333748079	49.534906363949695	54.27958982192209	42.53157483268938	17.16610748824258	51.30020617419303	54.39369476153748	30.644909796288164	54.56575054576581	54.17207972840888	42.7989593674747	18.683870012690186	37.28156420642837	41.19174848260794	48.52486188962299	48.572489563175125	49.99050610106845	36.69779373386063	48.80984480741018	27.87942293896128	29.98910937020984	25.62387636083041	61.666407882996616	45.562484670805766	47.955245416043184	13.836922065477063	45.80214083242452	28.397298343756393	40.04873623414204	52.76460466891225	36.895562611977994	45.13386119334561	31.226281228106142	57.15879851284619	53.14259808014965	53.86106564996181	42.076282651775244	17.818964895352583	37.758039170786375	58.20821521018577	40.59488873611257	39.503766050111544	64.38736415064712	40.6118755561597	40.797663773101945	60.984515930991854	30.12556652998521	41.79575482463393	45.841416142802295	55.86550214347705	32.32602597492964	55.17747397616626	35.65552814250436	29.80576354674095	35.60644345784811	41.34511745278848	38.18512989957817	65.76666685054532	44.07931672266065	44.39879282271966	32.150656190923755	39.953473993670585	32.66419796136774	43.50562612448777	51.48254305605709	60.178649571412755	58.02153503816223	42.4827796174007	50.569141325985704	44.69615448268886	26.438794597291682	20.66927085955184	29.22421362433844	55.45390769444842	40.128194518506525	55.11670672180191	63.50346238858546	57.69601277562327	22.323560289622762	56.17401915732424	33.96126243928418	31.047371054520813	50.82245851703435	27.99008415222224	39.580690395859534	45.23331572989857	61.26351841254596	36.77226821018587	46.03936945132165	27.960689126973765	33.50620623360579	18.541101230956066	41.84738349183078	58.13693703024178	46.36882979465478	26.257858563506833	23.062099613262383	28.055243052133672	27.253424301625866	51.26309837593341	38.32013599727618	25.611839388288924	38.7837100424014	41.036416580220084	50.36106825996193	47.09487279354022	41.25044999201296	33.69467804534798	50.66490707978928	54.616803292760416	45.22406295628411	33.06559638345474	40.23196435174937	29.406701088977844	22.663497891629238	20.8679121839378	52.85217438589221	44.316086209919575	48.61760945898454	34.25796227738304	40.87887850010233	21.413534983064338	57.86850672198465	49.74212991800433	55.502566087706676	53.9233723250114	49.83121612080336	39.091166069418065	42.40147222547015	39.51017006848122	57.1609386902125	42.362693036057884	58.83800041903579	40.08561148458531	43.425213760544935	54.41845721030982	54.112923848346306	23.153067826120175	55.057258420219746	57.08877986006172	46.16523998210144	26.358296812671608	60.67634240750812	42.437099376669636	54.75197079083653	51.45197396354817	33.05726212248032	47.45229919523016	42.73067735729599	31.28138064850484	25.108444441226197	32.254253802116686	43.94946065167747	32.06575526191051	58.55090759507259	38.54460207089024	38.57922890046677	35.44322286848813	33.525421914687946	19.662108666404826	44.23196891367967	42.954694812455564	43.22132667112094	41.01727956666836	36.59034447887157	39.54413896906649	49.13074746384824	41.144308426777286	56.6630006747431	54.796263654018624	35.49082442199118	53.20552350181555	36.600713008484554	47.46260831620497	29.5270530144422	36.384350768529806	53.674253751055986	51.11331168031478	34.97153023697161	52.84447295131429	48.22746841810206	35.175225381598224	32.345172327421636	38.77897371567562	29.73997519592443	47.516119899792756	40.75765754265233	64.47776552922376	51.69196498441464	39.061663503384246	44.70368044686666	45.740163938407456	46.56483623389752	45.15485366208551	37.93861168470205	45.15511511981611	31.978265475695295	38.093633739612585	39.26629119150721	31.18613648330648	48.49125181634709	39.830200473891765	32.237609848625524	40.92540973303959	48.562918146571754	52.4381375551245	34.116843152935274	26.628203953747136	33.65615984330763	44.76802048656045	46.46699277648238	44.339462400767744	50.037082497327994	37.372820976153335	39.06774602291301	51.09333857899533	34.080555955961884	54.53248335824363	42.829553093860866	46.02523008124362	37.64738597531675	57.46344771221145	63.38944006979933
42.47979345646625	37.93779783343731	51.24922701709391	30.727913817327995	45.3991824028366	49.37174229648036	46.65802370252306	48.601108842449875	36.49788468437463	22.288645249266878	44.642938183756094	42.528276814041426	34.92344212641569	26.287878766866733	33.33844895783734	29.436219422417416	43.222244814526434	14.7638198226777	36.01831848580132	63.574121872736136	45.07902138657623	45.56293586327703	45.285979783564486	31.903859340167855	28.461290131006987	30.550925247925772	39.39435245903847	32.41482634153037	30.71144289845275	28.144200041986018	40.445453888694914	34.93875727824694	37.60057431279661	47.07753718919628	45.86160477443684	49.74848812027009	43.63207483134827	49.93625067870053	27.04718687594996	38.322011115804344	30.023804417385104	57.30386843051759	59.606488555460864	34.43695454478739	28.886796914730056	28.719948575713865	47.37814880195133	38.27306201377135	25.051671445603944	55.26610022456112	48.98184051439896	34.143914153767845	23.774208082848865	52.297022220891584	43.54762227788775	44.091726839859696	32.98577234887763	30.001689343245516	61.360901167183556	32.22733640938036	35.296282311092135	34.270989949299455	50.00212700672153	35.464140118421746	44.01876789850124	37.969956477133564	39.110434784705724	28.19869600553904	40.432439134002045	31.626249658743692	35.650698426642556	30.296105791701667	58.38651744931643	43.18880680180329	24.923777859563504	41.27703607863331	20.869881086970835	42.17914629049306	49.59398964990226	54.34967607924019	42.975555210783874	17.397058442760095	51.637678530052106	54.46716194462633	31.63580840267957	54.72173881201221	55.275609008833825	43.160479974589514	18.763598469062714	37.620291172709486	42.31804502346449	48.63914806870906	48.90218165546653	50.02093144161358	36.917058528297964	49.04018369289019	27.976331746894022	30.24224928866511	25.749616580996445	61.863348141220705	46.264903995793944	48.143011179318016	13.939681856638408	46.106854732323285	29.882338871290088	40.748085562914845	53.09271173166413	37.00373810269047	45.559158979641644	31.611743826964	57.24400713904009	53.462150932333095	54.08443646108147	42.14802515460115	17.953434252251334	37.8934777731275	58.42196874177749	40.65666279407809	39.51664124359856	64.39489125639341	40.689958675868496	41.23889062706299	61.01164543246874	30.20612557491876	42.29924881383039	45.88979414005092	56.053719823834946	32.509286168354826	55.21405680522127	35.76032221003764	29.83693914146994	35.71455314786088	41.56887937054046	38.28690741773595	65.96406390604336	44.33033562468075	44.746906902990986	32.20879388182549	40.00703127991585	32.91613967605774	43.597318886588	51.624407543377494	60.6096541239553	58.50469341161467	42.82047916466571	52.27594848038681	44.86775349461424	26.55981452862625	21.331991642714122	29.226132811833764	55.50077147872092	40.354051559158734	55.24163849905222	63.59687573595976	57.97305543274254	22.490141131689757	56.26097797325666	34.171005523183034	31.09569133536628	51.052775099068754	28.28048310427039	39.80957834335648	46.01790727548223	61.732249742910966	36.892084115519914	46.37766881119218	28.495950597508998	33.814783974235446	19.08635968538261	42.36997771599411	58.41403881669892	46.36935769751812	26.449645011252848	23.130496942048634	28.262789200643148	27.296521109070497	51.358203321443206	38.34751159339036	25.968569133643793	38.817630928349935	41.264806703815104	50.43077153408537	47.58028714035289	41.35623429844931	33.82891176219264	50.70299206338947	54.87669368163729	45.350451719001974	33.16053686504053	40.32228169718753	29.535455164463382	22.749146514060794	21.064935855426814	53.05932301610965	44.56891338752297	48.649949711988704	34.332610819204184	41.19116771067323	21.738878122144026	58.217182546933195	50.331911918940236	55.891477092560386	54.10145435461919	49.95618395871903	39.47018841300036	42.5652442551221	39.70246372211104	57.19733846558912	42.464417348653285	59.00880180312984	40.738236314148324	43.60511175179119	54.48840860412302	54.372247640209515	23.36617510329395	55.2278484712458	57.35509632935378	46.494068292382956	26.935292690485607	60.81681896345639	42.59530686289929	54.94930776181424	51.61282389643391	33.29636180212997	48.05985902807546	42.82110422062888	31.503405310147137	25.41763745719305	32.33084166199719	44.17951975613377	32.16688284422242	58.63116272781545	38.70817338573723	38.77274901651919	35.92660268481929	33.71760849281927	19.77418697561289	44.26087553513348	43.32360999073328	43.502663251880854	41.07750101346081	36.671775115529705	39.89605787271601	49.39981512673741	41.184271650191306	57.22667277675071	55.00021162281797	36.07951855245647	53.334601989387934	36.80552878305412	47.73581709972697	30.098376789608796	36.714983836178355	53.87785575084855	51.548955240905016	35.38022456646408	53.19400087184445	48.8353585614277	35.368286600809455	32.786644325381765	38.88653966252744	29.864527101820318	47.77281927278459	41.54653394218232	65.0918167237057	51.69759106124503	39.092115438690875	44.96252159278523	46.09265813967681	47.888651813410455	45.2762805585316	38.2954539522977	45.208609756087014	32.524817995784495	38.447735425363554	39.64298559049479	31.277972557247615	48.53983623205932	40.228047415323516	32.24894143952669	41.29027169689416	49.22799397791004	53.06978373745738	34.361884538119	26.92327674668387	33.704417649591555	45.14743923049853	46.50710057736642	45.058333761582645	50.08859109620852	38.372707103856484	39.55658284845733	51.35841584445034	34.271299643386875	54.81468913548667	43.25022751922452	46.48926953027532	38.22769726832845	57.51039895795758	63.48320323125019
42.57410112801956	38.27115606051222	51.433067674254204	31.036590102737872	45.94882260571472	49.56597453747728	46.708314406287386	48.791235499287666	36.81292138753172	22.70645213835072	44.71033415126077	42.538183645709985	35.390323776501326	27.04069071738708	33.58310243427686	29.45429859514168	43.36869658220393	14.780794149528235	36.55749865108125	63.72170045103228	45.522335282560675	45.68673393245755	45.42528496997616	31.971692823575793	28.51929876627126	30.61531865319808	39.40747338420918	32.849781894100886	30.73769309432634	28.61906951105507	40.96038101443187	34.96786957711497	38.15084731336574	47.38113922970848	45.94299716791181	49.90438155118146	43.920922239025224	49.94424121038785	27.38019713945902	38.343779869808714	30.116969320499983	57.7798562391304	59.868094444582425	34.75355727495067	29.149749626829003	28.734706394109867	47.47594095028178	38.624408309209954	25.12073450475557	55.822537498884174	49.033527069691424	34.49919122560696	24.035018801807773	52.547953946878906	44.13705673362559	44.45715092585237	33.18593488919711	30.152111310883484	61.573348085744044	32.6844745418747	35.31804940069879	34.27758453260182	50.3892918514039	35.481995264658686	44.04945117392626	38.16399124934764	39.58587900411076	28.974858969961875	40.60300192427258	32.279224935330156	35.980792819851345	30.434568013916902	58.496800356870224	43.23888339612809	25.221509575452682	41.310471295145696	20.902214888509672	42.342413453585586	50.034016048657655	54.53743176724278	43.5962932135655	17.631130749611177	51.899958238609194	54.662698231315936	31.641546555565117	54.74142535716679	55.504774213473766	43.51595013189114	18.844711447295534	38.35762254069742	42.39911649479552	48.91009516010681	49.187810876957776	50.31653685033794	37.13931046550637	49.28998804897707	28.02778731663266	30.396883518553807	26.036411878380253	61.88893993486011	46.794090667543784	48.422189646760366	14.083643077885222	46.11603514826496	29.96845127867077	41.01553332898621	53.40400815063689	37.31938093111108	45.78563677127531	31.887415610782416	57.73890580184077	53.711830618777405	54.20703904667951	43.21440308860785	18.235538599810557	37.91895485259936	58.783858100224656	40.774195132590435	39.612877408224925	64.6014399652694	40.75608301828065	41.29221511377142	61.137325536267205	30.28824911504509	42.93674494562966	46.31039182826282	56.090874900135155	33.22757558996421	56.053717123052955	35.79642439679318	29.924772811880395	35.952623634805114	42.75435881870003	38.29101274639036	66.76722367233472	44.402477588396685	44.988266016051526	32.283388196804935	40.11386706515242	33.20425489228796	44.03699606950953	51.695759325577804	60.64858309973321	58.65078098438327	42.86225240945533	52.36473868966005	45.046876364676635	26.747757953171327	21.490780581187686	29.2939412313389	55.97355615345921	40.65187477832132	55.52472602430817	63.692266718908556	58.1912935444817	22.961075050139804	56.45808101765532	34.58136299468457	31.288745345109543	52.11124592987307	28.846551584899046	40.04627543165807	46.202401013362014	61.944087837766894	36.91373102855893	47.131279761239874	28.589499308145136	34.13646829586204	19.55747656859762	42.607198729962285	58.42167468059449	46.43351275645223	26.957977492386483	23.16071177467814	28.410706588187693	27.30323594163362	52.20656420582157	38.50825614461311	26.145767667701918	38.87413216220722	41.337225981391654	50.894428434741435	48.621803550740346	41.727218231880684	33.95931851900682	51.06351833276827	54.96281397613195	45.75390580693842	33.39698139283369	40.438299644038146	29.753140862737606	24.145471459000696	21.157548981720694	53.40866787441741	45.11956776667406	49.22862531848423	34.41985646965395	41.39951328619023	21.752033279620985	58.38883138119601	50.67636784325539	55.99013893391701	54.172565453369565	50.2583970180415	39.574035168668516	42.80899272477511	39.88373146708634	57.61960695154495	42.641585484960935	59.136805126507525	40.7696202008802	43.640410325551	54.6292395618624	54.66908019910465	23.535484853215515	55.280537015270525	58.07994992915628	47.780413984050725	27.356218250211743	61.15868147891186	42.68155579711986	55.17049141011193	51.69656610093584	33.37532518328875	48.32480081446317	43.24682553863849	32.04630784189579	25.55388604237916	32.40101772675576	44.45478956810658	32.16918448909246	58.89643487546901	39.32439876906478	38.96842683912939	36.66825478547988	34.009311792201856	20.426154607471453	45.41265003547133	43.45484818256865	43.768162850949395	41.437093033877645	37.26047656756716	40.00653693492109	49.47332911291479	42.00256918249315	57.374363398463075	55.73951669223395	36.21406198233158	53.36171897288639	37.36542112129293	48.15721557525615	30.29294649516487	37.003097453752176	54.36585936332778	51.73958320938093	35.500190775108095	53.264794667944734	49.49194791046877	36.19877007798812	32.848222745086616	40.09883518411636	29.95720802895388	48.004641703229616	41.728439949198844	65.40256782430289	52.49957544740387	39.166344390549234	45.018511705610265	46.160045643284995	48.54501773477106	45.879762906501476	38.48308478887413	45.508133796962	32.54020552353144	38.53947698578798	39.70844202866602	31.341004309330213	48.93477845026392	40.97323122842202	33.07188324374018	41.70820043909934	49.317157612830925	53.104215011105104	35.1316682852123	27.150963356013907	33.90044232447777	45.29653869471054	46.5307473256718	45.09827944954159	50.28506415505703	38.461147728760494	40.04355471874899	51.615113124317794	34.81278255323619	55.238440502222666	43.76554588384212	46.69723457337716	38.51652026708062	57.640358205008376	63.78066473071391
42.686646459523296	38.9111129670675	51.487358223361795	31.079948351662818	46.3488980796354	49.99912862171732	46.91981191654508	49.537238670480434	38.037473225823625	22.79040949788166	45.211090874802096	42.64881833741481	35.46528340711098	27.524613214383315	33.718456996916366	29.86310486227427	43.37522204049962	14.870667355434431	36.74141672008509	64.03779324627102	46.4015912309451	45.79010733030222	45.611561812945794	32.86546902086135	28.553318081593037	31.209600157786262	39.69484525769058	32.860283999156906	30.878814182189263	29.03732699274216	41.28539528317403	35.014399962826026	38.20889612366938	47.52491534875142	45.98762321599751	51.08359330705429	44.05194857570717	49.989536838877385	28.061395357769975	38.506140689942406	30.61966906116713	57.85343818375537	60.03155244985822	34.87853189800738	29.294541043075192	28.81487740728212	48.0446934789865	39.232204206316915	25.288536690149506	55.99227267809291	49.10344019387552	34.90714958205807	24.152391827177883	52.61479958631499	44.49071272746228	44.70395785265457	33.27527036254261	30.28166579215533	61.6361411459212	32.7803983259182	35.368301074673646	34.50271431820896	50.485279856481	35.53275728062238	44.36118663830409	38.67761578956955	39.80868880026917	28.993472156607176	40.77223482956869	32.506176067029976	36.57236011448873	30.56229880526129	58.78653012589422	43.42961770389183	26.260378836169405	41.41755573322655	21.01333012718587	42.465043986084865	50.06752257629556	54.90635561801754	43.98565018401395	17.73566733908275	52.50277660102211	55.37085972837313	31.755662617385507	55.01204339940378	55.92272960204346	43.8688569418322	18.92775250414307	38.48418127556904	42.71306374717802	49.196269725019626	49.36321064958249	50.40865620491508	37.684868340048425	50.127157198228886	28.437007820410425	30.588534515648735	26.151281775367032	62.045546277826446	46.857154882940954	48.49422720877036	14.36778166372255	46.32064469641615	30.599332608873844	41.11898948084343	53.856110591884494	37.336223305046126	46.732690015388066	32.37335438480654	58.004409200728055	53.81954047312802	54.25997801678541	43.25835522710745	18.625587387834372	38.010428204908656	59.083782976941094	41.039647818905614	39.685730864645215	64.61653699015656	40.97557768487061	41.530978651839085	61.20510836624911	30.593748337250023	43.03548426296345	46.64484863119648	56.37597071788414	33.55962201704411	56.285437636891615	36.24013820890777	31.116097785494965	36.41536243471009	43.13741908679058	38.48949181298777	67.08749882979504	44.49250482269033	45.02804306153044	32.454815380610725	40.40307638631175	33.403550473735635	44.163252787834836	51.74021086817744	61.06372234408838	58.75714104109607	42.894284808943745	54.32485342456082	45.08213029247204	26.83591055453588	22.334360535184963	29.606214750535006	56.35631109468695	40.81013119582916	55.59360250329696	63.743067187154885	58.50495393815979	23.00185800205314	56.51078147543999	35.008522530223544	31.63724216320221	52.12157518084845	29.626878731625638	40.57569524183072	46.72192428327228	62.28041529996959	37.20904332888612	47.18061298948676	28.675138289055315	35.017572375095696	19.590661557152362	42.92821529273851	58.49372107887998	46.63081706698701	27.222083447498413	23.6102983444264	28.70780923720853	27.495723289751314	52.460427854864804	38.85979689884252	26.212012209390647	39.02431662680349	42.532972611983894	50.981390180185635	48.6344413714047	42.693710007501714	33.98396960964996	51.62800122425163	55.56796713566758	45.909737455390704	33.61426677132698	40.967804258049995	29.878528886622497	24.167732953018145	21.28923296332999	53.51226160682782	45.1938847787943	49.40053570856173	35.126042190294974	41.752504624527184	21.97765115766437	58.95007955081405	51.0829162750347	56.228807241261954	54.32113400966031	50.41237209994011	39.69449299872414	43.13875194958199	40.039967530018885	57.699229694286224	43.076584521618294	59.19364365946016	41.020620789402265	44.097550907720766	55.247253804798724	55.29683750320385	23.88946676367494	55.983134270240825	58.21402432870833	47.94762812524673	27.40081589058861	61.249501903359544	43.19661880745466	55.171436906494634	52.24394024787116	33.66836966325411	48.4726529019306	43.283431842262225	32.13318949150037	25.741209360960724	32.91831938697172	44.853361378908886	32.40858861364492	59.105827931872085	39.884596109653415	39.25560793762679	36.88738317881161	34.430862161178496	20.566789767731485	45.63435760151146	43.71904034241433	43.780302925240946	41.884149329892374	37.32920035415951	40.62912096026947	49.71996388094845	42.97381567532162	58.26716178428003	55.859014817314	36.55636847876974	53.508551638430156	37.509686811264004	48.44202256483467	31.025611577421465	37.078244096059876	54.42222496417154	51.76721714307606	36.10893564261547	53.35910534963643	49.5502681605894	36.329221320237146	33.27629733468676	40.9342397295008	30.025340109993007	48.39223194988475	41.85464620762114	65.49440496050013	52.52399347968184	39.74948290771455	45.10048029667681	46.30742570485996	48.69205752836482	46.06559816769644	38.659195666716315	45.67537886704284	32.60832521733973	39.798509468719914	39.92253164070849	31.428162335670407	48.98418546678609	41.25838240861358	33.16901283943756	42.12617459393648	49.595092605195845	53.31491181795692	35.1888435578463	27.471098216414614	34.209891712440644	45.61584605524083	46.576802936313385	45.156901238375305	50.314573487874874	39.170072583095234	40.52525573363618	51.74564206778709	34.91280370144501	55.35626628204585	44.2624134913081	46.822546425997956	38.648497205516264	57.680884243541605	63.905879943854195
42.80476902296015	39.86047376392575	51.94218779958368	31.715202089718147	46.53022472266558	50.172081899748164	47.08997131872803	49.764342513586584	38.114747049641146	22.811340145119406	45.60994269047587	42.9327179794681	36.334936142494314	28.050768154935312	33.88186366479139	30.332621936860942	43.40660286831298	15.069011866329312	37.17273124544558	64.08022606837716	46.60165058941585	46.00376402233917	46.20185434296905	33.18989661579167	29.759521841005025	32.391180278380524	39.88806745174298	33.225833394949746	31.214191534092294	29.237157870350273	41.33279022329095	35.63216042971423	38.26040760419069	48.35896246717311	46.598774298748936	52.41905876074673	44.30853692652562	50.47303308785364	28.66623390523853	39.41747154468331	30.70343904598078	57.91409972539315	60.08172597174771	35.039522788016164	29.32568976475302	28.903100568732462	49.10048228562338	39.31780551465349	25.453214083866524	56.58489574138187	49.72546407798268	35.24306690239347	24.169554933374975	52.84119091097832	45.09315442156925	44.79294184582576	33.32813623835292	30.32340771021624	62.11331596821485	34.010023475146255	35.6526453206145	34.65271226288006	50.53081166059714	35.605419302169985	44.705291323425456	38.89463822673303	39.93642619277762	29.78678318313426	40.88270416927789	32.618700913615896	37.15048524953564	30.75562041359677	58.79800394124492	43.63530752926164	26.435566476837767	41.49120684322202	21.13447315965658	42.77990079545695	50.271007124286605	55.008342834122125	44.18916386541757	17.77589774885961	52.863387243365196	55.62148692918458	32.10386744615831	55.11022522684999	55.933085602147344	44.441475947296894	19.132957228841263	38.49366517006601	42.783629228545486	49.338873252792744	49.95135979835026	50.67364518092837	37.89961198563477	50.84767824320065	28.627552792566522	30.829686210103528	26.26919944170038	62.24376358737721	46.91385245599838	48.82768471761756	14.465477068455094	46.755396465218354	30.712488546235825	41.255896062334266	54.1459266828169	37.43626542784384	47.26513941298953	32.386259349575575	58.13816943081565	54.185106018089606	54.83930609247342	44.15377071358237	18.642480740175024	38.53620283165	59.44963774123633	41.63681512187634	39.83928405621958	64.85500848217319	41.62289913942843	41.991034567857525	61.3807588804834	31.01127740001247	43.048995077853355	47.20822600374961	56.5965773528041	33.81530228400594	56.37949853999498	36.31178165585645	31.237858499151333	36.54996502728875	43.580918929871935	38.74113888774836	67.57733639959861	44.580284691014135	45.120116344175585	32.48981711868647	40.44792653286098	34.1992324404803	44.19141800719587	52.228885370558814	61.100278602691965	59.05407172553836	43.115653760472945	54.54599330584432	45.148713366923296	26.952228708990507	22.71671461425896	29.911353832358397	56.4369089727833	41.0327444286554	55.63036529042192	63.97258593774505	58.79299540730695	23.503447034127706	56.679999636914154	35.01743995012579	31.86904089328419	52.18558041346031	29.6954908986627	40.85514042531497	46.94228290549433	62.40852362733335	37.66194154063063	47.721211291329936	28.925685651570916	35.44743808861297	20.238097177866695	43.23616632030355	58.70151943510114	47.06809258987253	27.27514120485781	23.651598598447297	28.94951801346601	27.751079064461795	52.46876948891415	40.12786291795716	26.67346246606854	39.13094130085776	42.741482115147825	51.14291085046222	48.68997058371535	42.747468037399514	35.37513785322296	51.73356216549582	55.786068243837775	46.58842935302702	33.63989562706694	41.319569459752124	29.998789381544796	24.576998284211008	21.56395270286433	54.10488779555556	45.31315728171474	49.492891331168956	35.845899171041296	42.16030477750825	22.065965667268525	59.42814426895416	51.147421239534125	56.29043821518126	54.52789259384595	50.46217453780322	39.967632516835536	43.19982629142442	40.19590707402162	57.923554061228145	43.23826838773422	59.24645600643317	41.280625916603505	45.03822664041456	55.4374069483246	55.6091521387005	24.139909462961445	56.13393022566716	58.71240968570963	48.24748038691938	27.414966624242098	61.454234044107906	43.22281704132397	55.31856623368721	52.91434128265292	33.7743609513098	48.57219112506063	43.552498483905566	32.329160941755326	26.041986512346327	33.258625968118736	45.0130177413227	32.76429675262028	59.22996552382801	40.29929292375944	39.291540820044276	37.23344686674541	34.50979550584263	20.859590989134603	46.985273147924715	43.8358564177574	43.913787511019294	41.959729635644145	37.3646823421415	40.663345828424546	50.161887413179784	44.12092527047899	58.67875075364343	55.86523032783234	36.72691034956785	54.17321691799876	37.51770499133708	48.50761122875683	31.482493308522777	37.25442236069691	54.6673769941635	51.79147206504599	36.4636608555612	53.864105558402834	50.165570548025954	36.79140639415256	33.404178622532946	41.516447467627465	30.390501253130097	48.86803700185219	41.86640714452725	65.55589563147743	52.9954246249725	40.15883349189708	45.304634790638126	46.61218641818122	49.054032402960225	46.783124258868185	38.73867958887904	45.71037830653903	32.78164760269796	39.923835761824115	40.94464712158941	31.459013301360784	49.27473661099578	41.26996545299004	33.55573819944916	42.30780389872445	51.354334475127786	53.4264203800523	35.21238580152483	27.67011259807776	34.55847307648774	45.781357198220704	46.93477235371432	45.499041621247635	50.77429719455587	39.35500856695309	41.42653368335673	52.56044711696312	35.31544126281138	55.627192131941634	44.28431863186355	46.88660314801485	38.94157947791223	57.78712628402362	64.0622037827358
42.82348633549194	40.580971865271195	52.30027223191988	31.785660980301994	46.84268628474843	50.34426820823457	47.67155816325066	50.09149303333007	38.27737026828247	22.9111446534471	45.7994090460503	43.15623421853922	37.11995823521136	28.276419170010442	33.93157093229776	30.740700203269686	43.4519204454795	15.307880108547097	37.51035265797951	64.3835464714122	46.6834015349798	46.42312237546803	46.763306078488775	33.385268110759135	29.827084672293037	32.8423400416005	40.23088705927847	33.39289823802943	31.38214761959983	29.65716626659992	41.56637004582078	35.767366982570564	38.751241628921946	48.72238404516208	47.4747421628168	52.65244941984305	44.49126436011432	50.95458208883649	28.8358145660119	39.649748054226585	31.306768471617637	58.160480070659936	60.264185234237935	35.49590778040775	29.773378851035222	29.1637005590167	49.76808295998026	39.56169772267616	25.73781328158378	56.66931453069045	50.241076032892636	35.46420909973924	25.12056618978605	53.02537701591645	45.41271673956297	45.220300437469476	33.47645968801988	30.42723347108688	62.23400126146343	34.42742372172729	36.02888677840592	35.033867875146875	50.99732097963037	35.89183964617071	45.360246038233555	38.99777929691864	40.36319579395155	30.033721902984873	40.954465277842715	32.635215000094824	37.186013013458364	32.24840389058325	59.64306771542749	43.93642538674687	26.571455477429925	41.66625417126008	21.2751140871253	43.707990097186666	50.70858033001546	55.03770184335136	44.911426845146785	17.929299017712164	53.276514355589924	55.74172210181435	32.45014663808076	55.29096697868031	56.08542907469003	45.57181280086077	19.70944857038769	38.63861914646897	42.97098459565897	49.57053321400199	50.06226600222784	51.66649156679134	38.05225829785573	51.163425221856706	29.169657422578787	31.027646852241507	26.27507636295829	62.425186091911655	46.99182392718808	48.940014614732426	14.799789678199534	47.389262078360716	30.753820214521184	41.69929715832554	54.86432544685868	37.78940070143198	47.31598613800514	32.73493700972111	58.17708345331951	54.323147241916544	55.03931265777173	44.24317268854658	18.72641951352003	38.88890782671561	59.88150574334891	41.71828840674842	40.13697549147685	65.33028124383398	42.045288464322546	42.24213443126226	61.4733922303414	31.048205478635534	43.230103608465356	47.47298318062652	56.79164041211982	33.82598869348401	56.59701561990495	36.95907057058037	31.38188100138162	36.61529153710946	43.806111856722026	38.76760969582405	68.00105246328472	44.821823079733015	45.716889827618665	32.88307558052304	40.717210049299034	34.23177927969526	44.455816111665676	52.666466214952415	61.30442412640998	59.406881352376104	43.30731597632815	54.85357721684965	45.887086809685556	27.390934129915422	22.89102457865539	30.65191973035454	56.72918751679971	41.17578782324854	55.6707712980525	64.72424876763806	59.05337607531995	23.51249085692331	57.3548879066005	35.09594319040188	31.998538738997674	52.21673967841475	29.952389446375836	40.89702258828773	47.31461612878776	62.470624247320366	37.72188840709021	47.77698984886652	29.25378879627526	35.75107098330304	20.892381694458834	43.46505813873774	59.271666673115355	47.45051886941936	27.45030872719418	23.790048753510302	29.115748112020068	27.914364395964565	52.594606544885174	40.45944130590608	26.743034348950587	39.4228430922341	43.10703244874535	51.44447342469763	49.0465211426149	42.862565268765046	35.60973670619238	51.94753140099574	55.87608086463123	47.1082656944558	34.22638034917454	41.51371724704387	30.760030034674557	25.135704167017796	21.749449057333276	54.981033459803776	45.49037891079563	50.337238187922765	36.06075853183655	42.40819827668567	22.12171192751544	59.659680649428715	52.38140863772181	56.423627761041566	54.56029149847398	50.71154603143578	40.29689110942905	43.2583586044855	40.622086164699446	58.39186894702289	43.33426237727534	59.2470148668199	41.85323140530279	45.08452384182174	55.62850514630427	56.343677462922	24.642036775275198	56.41978449118449	59.396293087006136	48.414121571354414	27.54380723976435	61.595022194857776	43.65573808731443	55.81867305785232	53.06995012374706	33.962166270311045	48.74639609645041	43.62670187828693	32.602300303833644	26.15127301364442	33.644200810525724	45.55551038851394	33.50841939407703	59.52295421898828	40.348413908476644	39.63845345240456	38.27157428828175	34.81115641442583	20.90369674887234	47.04807008248626	44.231780077340275	44.457113745302884	42.06709250880902	37.68597848645931	40.919682439654025	50.17543348037753	44.635869514043435	58.903252706988226	55.96357069394143	37.16541293950398	54.38921846218679	38.28007869496912	48.66834686516149	31.526179010327958	37.86923783643744	54.92195866302344	52.52586469689419	37.010650446391104	53.917371506548136	50.3728534019248	37.30507002403832	33.514700459679275	42.30244446317813	30.55849533158235	49.616240356269344	42.76739612312875	65.68188808986237	53.60391078161727	40.167128258679384	45.37926167097476	46.80227402017578	49.3292417111566	47.32156277607152	38.78785821192182	45.91375322974918	33.81297569833487	40.32174707210313	41.37983732838163	31.593921467500277	49.477173034957204	41.272713704011295	33.9078867133872	42.66015389172547	51.660688055079966	53.45265774237752	35.23524939371764	28.14727218412122	34.739037278098124	46.01174611213853	47.12235444674782	45.99016201001519	50.79209100632668	40.96115085662957	41.51811975406518	52.64421391026932	35.87203233964965	56.02688208946166	44.91346055505224	47.39006755635294	39.55788625800316	58.51197562857186	64.41817711745824
44.1698000902662	40.737808818168546	52.663763366482875	31.870952888957657	46.97819266184327	50.423748465313224	47.70850722249297	50.16223985647023	38.2888396441762	23.005084196218007	45.86150510211771	43.200163793699645	37.553092095877176	28.70512677170364	34.69490197100429	30.98464993751897	44.118214286337015	15.368899842508835	37.52128708762348	64.55892785183642	47.29006321118522	46.52423475324413	46.84876219095838	33.698488815188206	29.94253470374402	33.147904314059524	40.30481008593898	33.46420935551361	31.644375962661254	30.04364129684592	41.742066660640305	36.15860109541224	38.81167669990159	48.902250803313194	47.939372167396854	52.66653742467848	45.03035024434407	51.22251716385436	28.970716959438032	39.69928916740736	31.77573122656372	59.04483710392223	60.30068011416332	36.104467294025845	30.508839499379167	29.31707786180215	50.191573686754744	40.27303398066934	25.893495289751044	56.73244737242782	50.270433875444546	35.93946309668867	25.5060825787961	53.237763591456215	46.22511502250657	45.48230000793737	33.645513878791476	31.202484112404743	62.39442223068581	35.382516031045974	36.12955689663998	35.529788798249754	51.49451596140307	36.19214980896701	45.66495900789677	39.13645401794734	41.03337125318833	30.976493021929826	41.24298863273184	32.76659300524207	37.69341222157122	32.60740575622631	59.790187240444396	43.95343525962888	27.116008039173185	41.86618511384079	21.888636852411633	43.74990518197971	51.171922486920835	55.15709879375914	45.17982648131517	18.894262918627586	53.58996547732224	55.82235998498892	32.61035050860713	55.831258799324004	56.34496752154835	45.6669960972416	19.809655518019213	39.04052101255819	43.006801407165334	49.681187052735375	50.1464080403172	52.437995357638464	38.73482250414052	51.45354451284768	29.189942586122523	31.49861947008545	26.44521491714434	62.43929867506511	47.40704365703615	49.059649688691245	15.005970236865288	47.42398296026936	30.859602215364163	41.79829775954042	54.98919396596888	38.44424960570823	47.391274361710224	33.225555524152625	58.506819964940966	54.653722000957906	55.32511630099822	44.386854621599824	18.921778229136986	39.200742423686684	60.107683865504825	42.32414435626667	40.30908595033779	65.45875894171814	42.134499243673055	42.38358467609508	61.75040342374103	31.36916400533149	43.61221365951779	47.55398146421398	56.84204673237337	34.00457988349293	56.81856289040299	37.51844431934286	31.41281579500112	37.319186978474036	44.34412761658959	39.170460429794296	68.72031587048518	45.074346118583115	46.34885233997026	33.55198828177495	40.747156996405835	34.31760295598573	44.940012470403495	53.139306129497825	61.625803726852105	59.518675317717786	43.60431122016951	54.93045361795999	46.17142674813609	28.03894027163386	23.481809399060513	31.062136434059585	56.73874289516201	41.41742273011178	56.654748687932596	64.75089149235811	59.24181189682631	23.535463827749208	57.454847127946884	35.134411824106685	32.06878440032647	52.260179597161056	30.412930164127538	41.22644051215212	47.63712566974148	62.51937312272428	37.86258795786951	47.956579469128314	29.30925825506146	36.242386268758864	21.283036595397256	43.49540975772949	59.3620218211166	47.90395817500893	27.53937693291056	23.919823951558804	29.222931294956382	29.047335410835537	52.77918888762118	40.73068205910222	26.89095622358815	39.50680675560445	44.206660256063714	51.66110663251325	49.17402114479292	43.95733571215036	35.63524344734314	52.5852492808794	56.119461450323655	47.20895493714988	34.28534003832086	41.65324296036769	30.80358422819395	25.329683165126944	21.975650728044982	55.03999754290373	45.49793265463071	50.36069837006443	36.10924629674613	42.47098002910599	22.317361564203207	59.70126270088759	52.60541033633144	56.92804625270451	54.72147096538582	50.85545586652931	40.51221177639372	43.40974387334021	40.62637221048197	58.69341504488102	43.39283118015289	59.34322289681274	42.47177761419253	45.21493985600082	55.675121813770815	56.35110341080651	24.818803087651013	56.49552470760888	59.46027124747359	49.068374949619276	27.720388545633437	61.68329039202658	43.78856582660621	55.92557148816715	53.57506490135976	34.17602732584417	49.16318542954141	43.772938629765	32.73421565177862	26.393587157459752	33.842467762362034	45.611045407803665	33.579425285617454	59.95906618810237	40.53582642103259	39.80078799769988	38.31698666663505	34.87046353712564	21.00498668686858	47.12477449310562	44.64886771666872	44.607089688202414	42.287130612936565	38.124117290559866	40.92992549307578	50.254508894521166	45.32750860789411	59.43159951100151	56.02314778988167	37.24959877886396	54.463058946407266	38.81201349749489	48.734856816399244	31.892817354757906	38.02440094170041	55.2816496561242	52.5635872187104	37.30695967209684	54.27356434611421	50.5924050374514	37.58245197952742	33.7252456165106	42.678589798047724	30.85466713462584	49.63828299109435	42.957729054206695	66.35910749350694	53.76673416745527	40.76099372852298	45.48421533598417	47.03542711496479	50.59669513180617	47.716012456929384	38.99398743799072	46.65039692039471	33.98156074020953	40.56935442743281	42.06676204684345	31.744987090977396	49.91556827570188	41.76834891247748	33.95141984759505	42.72995210751503	52.105061459832164	53.888604110119665	35.43665012530312	28.713936101413406	34.79471279454933	46.305739982778164	47.86871467505509	46.425840204157396	51.06630869519075	40.969604399682495	41.70369910930485	52.9979943495196	35.97386812829973	56.46792683740935	44.92875865655243	47.5426625845857	39.7357825109135	58.60097745962035	64.50309993234612
44.358730841883045	41.14782429124556	52.786385021269375	32.088729014395746	47.23518454003906	50.81046447718524	47.744964384433324	50.564274073903	38.43270282520505	23.286338184222622	46.12906095343947	43.6962405449251	38.00213548893364	28.880729789980816	34.94855669578072	31.054466792339387	44.93554072974726	15.526686384786936	37.74270875375664	64.66454131797967	47.29158354962865	47.229160717889435	47.578432441336695	33.92361658307994	30.22262208644909	33.24564028318318	40.59355385823258	34.06521537406715	32.211422403012236	30.40292122639306	41.788911841703715	36.19711569528105	39.00438747868093	49.02686792352135	48.42172439740006	52.70730679261091	45.424537498779266	51.37619463469243	29.694061430595653	40.14058788900263	31.900637457396883	59.21613414534873	60.87852152297335	36.130242668106106	31.22306795454094	30.17535259775969	50.34930998967949	40.51269780597917	26.394554784736698	57.42989475592198	50.417691007860974	36.24260688161585	25.80720156276386	53.337943322800264	46.48041042235944	45.56169356778401	33.7166047807411	31.449122391934882	62.41396863630968	35.510968064488154	36.9224777468282	36.503623986218926	52.81530456460157	36.25384331606853	45.75878452072248	39.253791864105565	41.62400733985412	30.992686961937878	41.32734701790687	33.031130906854564	37.86955601201054	32.63758440722231	59.89400097027115	44.457236448312756	27.690185378072155	42.805768801232254	21.986409316413297	44.21683897663397	51.513364300806245	55.433302768567955	45.21886083569822	19.10324109002825	53.63490976984668	56.15976748637305	33.01208652439674	55.96538591560593	56.8654084904632	45.79738265205895	19.868266527777077	39.613649726899595	43.047601313989034	50.11037024793139	50.91299812588777	52.53720343329068	38.777482599169915	51.60784598966734	29.277784512427218	31.57446833044899	27.097015591436556	63.27369873963166	48.27791790789153	49.17575409520918	15.053309246079921	47.88779717256535	30.891411190671924	41.96475190074375	55.125167945972095	38.83828573395127	47.51952488638873	33.45359515781522	58.80557198105916	54.81975659127449	55.337972880511195	44.759894229934126	19.028234897986852	39.4290933619362	60.65128156901012	43.04432529138596	40.39833175741535	65.83111742967024	42.19161884878041	42.7020375023696	62.40457586907384	31.56313528860207	43.8371428031255	47.73511641621461	56.99401082507169	34.493961739751036	57.010446404007766	38.22831793028936	31.427032858181004	37.48890405685076	44.51964945208001	39.473600830666776	69.0341468695076	45.15074494635517	46.439772641656866	33.82396906334268	40.828696015972056	34.51306653245584	45.16935682188409	53.16646103788965	61.82807948144901	59.73074806994046	43.62488926609402	55.25233132252751	46.469179680319456	28.067990690996695	23.92338752229375	31.566648190996958	57.21552809959656	41.91275339575435	56.85243205715501	64.84120769420286	59.31144199256493	23.68601410622276	57.583390013477455	35.870019601363204	32.13222355330397	53.020240886709686	30.927562129605167	41.575410966978716	48.29149660071484	62.58625405126853	38.18619158812003	48.252389274351295	29.842366242529746	36.30157526076094	21.317865021708	43.665922376276264	59.45418990021785	48.21690752932221	27.842719072692105	24.107659594702003	29.607431079067336	29.22965913280573	52.79203675492968	40.85059212866532	27.28064902896544	39.61702275588383	44.9098913681868	51.7246888071028	49.51592464796494	44.38585320493167	35.84030416663403	52.839744030596385	56.18002213889051	47.7490888806749	34.82996951902364	41.85754165471171	30.87937847990508	25.381835288806034	22.298957035334794	55.3645025137797	45.65823031845376	50.395256815216335	36.28562144355837	42.58694382648736	22.986323317783004	60.24656125364019	52.948118721649536	57.00227111538663	54.910528778982886	51.239695974448296	40.59358268956941	43.622460767739696	40.717837051468635	59.78947162579992	43.92922713319618	59.595996475493344	42.61361319339397	45.475821362403835	56.47500153060847	56.56497818361221	25.048820537200665	56.60974509141612	59.616801930135935	49.6190711746018	28.057694146073967	62.18504436325159	44.397835224285316	56.333743531571294	53.715017748138486	34.57143672464751	50.0603461921615	44.13232630515561	34.43544344164459	26.578769056013005	33.871816879693654	45.76821109915327	33.69182320990518	59.99454705880817	41.057613546951785	39.83820393630594	38.5814210339614	34.982828103664986	21.156006259653438	47.41702549961534	45.4674673998024	44.93961103540644	43.41398761508363	38.24978854073929	41.24154760498949	50.295495795088975	45.409642094656036	59.989880514261635	56.677912930435035	37.93168007809055	54.48009838249485	39.11577198204144	48.984861549422575	32.232901773479774	38.04232440722444	55.58181717014319	52.5976761155704	37.42540638303885	54.40212312326218	51.20113252503821	37.765089235785105	34.10693091753071	42.95396481875734	31.009984694825558	49.75723885158543	44.25202766685005	66.57988366330578	54.439973586609064	40.90845932047662	45.97587834973502	47.400082151900556	50.64431995032945	47.84268701053707	39.87320165481164	46.85944225912793	34.850539562985055	40.76828047804503	42.2389450631481	31.93957767797023	49.96685719628794	42.10438287447954	34.23244305553328	42.85003288411664	52.192897285838626	54.07919547504995	35.62630907660173	28.941046448706757	34.82625329364396	46.83667757330313	48.328941358116495	46.436328807186236	51.211038611029906	41.32028777691262	41.88752497216138	54.21952108325594	36.1435755360249	56.9828425034964	45.003100146178376	47.68237543541233	39.81651668822165	58.79332550605022	64.80896371117316
45.300398420520175	41.15703395958346	52.938074539235394	32.27158196519439	47.7273459721703	51.319995903195206	48.24344268879322	50.954696529110336	38.48845222501454	23.9366200275495	46.73403393741243	43.826623426899054	38.13359763385595	28.96083724782896	35.04454984492166	31.1713011050438	44.98058276618215	15.670402038731615	37.80364033525621	64.79716903142486	47.4803445632286	47.345238279807106	48.04640829710537	33.93176661356378	30.42794745674592	33.49571513142244	40.81339057504804	34.08283521355372	32.27560136212989	30.491998914594358	41.940533220615976	37.03380807016462	39.160167921981795	49.176243797665705	48.470976383414836	53.39434884173353	45.525184647208725	51.90715585417245	29.73132127461134	40.14865683485865	31.929435068608015	59.370229374954846	61.21814874465664	36.23858905780847	31.753459376905276	30.247922244459755	51.282381585343494	40.513859555743274	26.792633888055573	57.48501212736527	50.65373944659648	36.64621041788752	25.814516322807396	53.54886316971556	46.775794734039174	46.25411467464545	34.50082999934747	31.870592993917537	62.84176054868387	35.82264781046914	37.1601415066016	36.77383390700213	53.01550060561985	36.48842375588301	46.28668770609855	39.67681329496088	41.692545458712196	31.291815689018048	41.72941563810304	33.3518128707432	38.10628314960631	32.85747580504965	60.079541209133644	44.615060616765604	28.247831068704688	42.92282634910426	22.075678963317323	45.36176289166689	51.66553631899642	55.461578264712486	45.401779723662784	19.209900309746857	53.921118872193794	57.242612815390146	33.30465088140479	56.389700712923506	57.29660776892067	45.83174486996387	20.848039035011652	39.891726775559235	43.143888914105524	50.19823102639606	51.117442596628344	52.894342234166785	39.09989287639177	51.73011029580251	29.383505155616696	32.366220610844664	27.200682739182195	63.30214888488393	48.301258683503676	49.473452126711564	15.27030881499856	48.717293004711486	31.722373133673532	42.04280465093521	55.263647131853084	39.00207974308413	48.57476783772747	33.61536921188226	59.01776028073833	54.87272996769255	55.432144340732506	44.94305197477976	20.277351511667696	39.56837712649996	61.1912866825975	43.05443927816413	40.474899195840855	65.94849662140018	42.277273540866844	42.89644235526793	63.31600500639245	32.01048904432429	44.69445798472734	48.04072999722437	57.24923006729543	34.710207081255284	57.48653730800396	38.55869610932011	32.076842484373245	37.497471218957465	44.93913178735326	40.30397568554357	69.21545913121442	45.444952774730616	46.45802701405142	33.93940817815343	40.93619381179811	34.937851022507516	45.37678430890416	53.456366665237454	62.20679810532133	60.10808782128949	43.886707268792726	55.36801690453811	46.483386892626065	28.42021147614228	24.33227804873628	31.81490293313169	57.45256115684539	41.99812381758561	56.91299581265755	65.18325589379914	59.48672907929723	23.850170195330936	57.972623159239575	36.829089996297846	32.676940250119124	53.33212148318536	30.98348920682699	41.67424930653547	48.40465248756557	62.612184742193556	38.26342601668298	48.457316003653816	29.939897497734318	36.42947880311924	21.842674626366623	44.10789548069272	59.496725970076625	48.53888283058329	28.563806471429288	24.550778862514573	29.667689640905444	29.3326869882121	52.913260915286415	41.281950973272465	27.349548087852025	39.891129470865685	45.04821116019463	51.84043398787805	49.87745191549923	44.414682887374276	35.97756355330946	53.22854616566082	56.27896665066253	48.17960068875993	35.16538457217723	41.96896214705301	31.23081345586646	25.612599425444493	22.3611031915106	55.57118492759557	45.68095400756247	50.68237586177386	37.0651230108095	43.28048030688046	23.478673738277802	60.453464253600394	53.164565524459796	57.2978650921582	54.992862704933415	51.31956252039589	40.96727449031985	44.02856962238212	40.988818837086335	59.82255931860814	44.166588649103694	59.701235450834155	43.16362393265421	45.52515227073406	56.58321932304285	57.48524009079544	25.09588514008912	56.70593429796211	59.67661024792535	49.751289014347016	28.498125428390832	62.3575356597504	44.553705809118476	56.360198066037	53.81640878093641	34.7632058520625	50.08865707361298	44.792016445963704	34.45827252524568	26.747640154928984	34.23991637596599	46.0955693638207	33.87329098084405	60.067351036792466	41.23096395691058	39.95047525270967	38.65973778502726	35.03882346033382	21.629906684191052	47.475616510348715	45.58236263585981	45.02479000584026	43.440840049284425	38.31710700095476	41.96538517254251	50.8508470925807	45.947223515428824	60.15219292492646	56.72604590016506	38.22827349004245	54.57706096654686	39.20355191907198	49.008358617261045	32.609324178044616	38.15123382803275	56.50243355814581	52.86112211785457	37.55334461242415	55.04455050266537	51.414740522722695	37.87128205977434	34.74609958787637	42.9557792301754	31.084269541485803	50.58538702580682	44.30225378129777	66.77077666879299	54.670645799572405	41.04052037317508	46.15580151226789	48.07599385893081	51.2335623402597	47.98780259263222	39.92541910416293	47.22967942028481	35.2130807903903	40.851431714043116	42.369177419984716	32.23055991195837	50.07668528295304	42.45217853813641	34.84463477498472	42.90650328471389	52.344598887961624	54.5363419419211	36.983679547778266	28.97132778979987	35.88295011526444	46.93667642324076	48.7953176694609	47.04542291527492	51.328858669361345	41.56268968912269	42.447392678893436	54.747849241139846	36.16936476813672	57.29269847305869	45.978867428099704	48.05840831315491	39.989163814696894	59.420190320523105	65.10716262642941
45.472968956680525	41.927565082850975	53.24028758732863	32.60989929356959	48.042492281907215	52.41650283191452	48.66706127213986	51.44240248536833	38.717540915031115	23.97104377685857	46.93661554000993	44.25969551982909	38.59149545355429	29.261765419671754	35.06300928155417	31.749228151345243	45.02346382542301	15.86127633605244	38.10940081960441	64.85673839009957	47.49126048888535	47.85867388029428	48.11102357911117	34.023807277588	30.782317301437306	33.67841765046256	40.977965458264514	34.31311532811945	32.72667603144707	30.719244884051808	42.663622934301735	37.03584545929884	39.36223533964625	49.18681226119642	48.4949449435702	53.56304085851907	45.56474900321301	52.02462706721425	30.571775937992566	40.23253013384809	32.13402834818399	59.52934130617998	61.24508246367853	36.963716628133696	31.935951064148753	30.28439489441842	51.378513835132374	41.42579211256017	26.98996442992964	57.844164477388645	51.16498612259372	37.21406214102231	26.216746100532895	53.64474924945809	46.80240239800601	46.83691327106366	34.80875391500642	32.443021056123015	63.14159400021601	36.04696429390738	37.22479711814042	37.04988495677466	53.230974042250715	36.73216172943661	46.34602517640277	39.903843520469565	41.93294215449711	31.604406482756207	41.80000369556623	33.506298526810035	38.96123989837339	33.38555867594138	60.16097213584312	44.79037952318638	28.736036421234825	43.06915631837866	22.45712082936677	45.58321610929684	51.788880798208865	56.63025299073203	45.41499641567618	19.742717763037284	53.995945552914854	57.25605471049578	33.44246088048486	56.787625517620555	57.476451300154295	45.984480182351554	21.084283702368587	40.036491945961664	43.34238065366138	50.23203942356366	51.29061953691319	53.44963185629258	39.116180412302825	51.80574107581293	29.572160861878256	32.474618821705675	27.379703427659045	64.25150320587399	48.48667321405642	49.59376843037948	15.714483291168396	49.0073927880801	31.85414244256947	42.30324741827375	55.345916045027394	39.248761397905454	48.69652663643404	33.70717831305545	59.64745192611944	54.99969518700105	55.564636405659044	45.11517492862844	20.412920814056843	39.878778526285615	61.5082470593491	43.500088357671935	40.5252474522759	66.32398440980543	42.36252351865372	43.22183962178049	63.65694680668349	32.43430409146507	44.87133519031264	48.17347583402101	57.47439150215335	34.75080515326058	57.61097394593777	38.84621212932693	32.174784170193725	37.65344162013288	45.03154481606076	40.69954529728438	69.49712940263211	45.78678777042114	46.536106334972075	34.201822184514114	41.10025700622282	35.15225402272009	45.57087507945605	54.54966648382935	62.3440641613545	60.12559004187167	44.0650367322214	55.756043042071276	46.66258768432	28.43967120017755	24.9428156189386	32.5026914321415	58.13812415822886	42.06290106544723	57.040544260256226	65.82488166911155	59.61333657969706	23.945110071221045	59.01945071401898	37.672746842195295	33.055188167153105	53.681597209561694	31.190601747634297	41.922274365376865	49.14183583274641	63.73387606346338	38.69883904478348	48.61826681490718	30.39726074817634	36.83488488370668	22.30506638722926	44.22151500502662	59.86864818557772	48.78962578980043	28.637273467668837	24.759565539815128	29.913039922310148	29.615366768800044	53.55632176358386	41.33214288975059	27.862272314595874	40.070516790239715	45.352106686852075	51.87799707971013	49.92060353092624	44.867012871359776	36.07480566212772	53.34348728078438	56.92806212993769	48.30767979659005	35.6052185923218	42.31767307822098	31.580735739091036	25.747375425928357	22.420264728152738	56.44830012017657	46.40664522014232	51.85565970262421	37.12208191868909	43.458986324452	23.90612896855569	60.61136785309452	53.226320610996936	57.31929923913733	55.12817510839815	51.71602733754271	41.29864133142298	44.370884694826955	41.42262744402613	60.03417752884479	44.6474036617494	60.98951335003899	43.18726301771119	46.51674455778025	56.82610748588795	57.79405825989789	25.13566537293578	57.33875220225026	59.827283200585306	49.868822293726005	28.799553829149886	62.39067367258407	45.41146300125614	56.882272957034935	53.834558563075525	34.91737763449865	50.865242660043435	45.212659883924374	34.76350526059942	26.864466331875494	34.4192604584134	46.21433019963325	33.96108773131002	60.0984380505719	41.31316927653936	40.44938926532713	38.89367752648202	35.17633822594736	22.195640204897753	48.104629197252585	46.21441487884786	45.18131262773367	43.57221120123843	38.56354137698358	42.03094798412597	51.05464909516746	46.01865006872814	60.195164216268175	57.130452067951225	38.26460571273686	55.57012928213843	39.64952719220832	49.247773986881114	33.009851268939656	38.19910021245663	56.978217171652936	53.18824130048149	38.37692403592267	55.35776043655735	51.483728901109544	38.058533336129045	34.80375213025601	43.033281760092386	31.211897385404864	51.24848598893018	44.712006397552706	67.61189038764152	55.25151217908024	41.1362693493245	46.67003254112212	48.10253519290727	51.48837068955841	48.018315956080414	40.386036188284635	47.388076635993265	35.44874589298058	40.885045778356954	42.72742933182301	33.225572402994835	50.15624429404413	42.65619924815423	34.91331698446072	43.01616176813221	53.031522655475584	55.18593957450568	37.12253788889466	29.281080004881037	36.58684636227898	47.1888887620447	49.623297822563394	47.05160360305515	51.52935578357843	41.584648470024625	42.77347141640032	55.029961536857755	36.64424017619866	57.61925841606502	46.26238034862515	48.244469352301174	40.011433909645476	59.627113721828245	65.33099062792044
45.8655100186006	41.928323670910466	53.5003196252473	32.663027162594595	48.31081241116697	52.74397221526403	48.71763223543184	51.49402542021521	39.15239851702606	24.039186371158994	47.24125378467079	44.37231642610225	38.990679805762305	29.755963602474402	35.09882834556422	32.14086076487804	45.42182353668581	15.935826568437761	38.270132518988035	65.08310651917759	48.06232015529233	48.064185484914844	48.56789561939116	34.027857483748015	31.067613727177466	34.43289467989907	41.193715361228634	34.52285274618251	33.17190917995096	31.01705677818163	42.75445638748007	37.520723158003605	39.62230517631529	49.19440629270944	48.73042118056666	54.06630749308701	45.92399173994601	52.054647412984146	30.599532020994452	42.110032991759596	32.32172869386058	59.64468310354959	61.33653296724204	37.17243844808629	32.08027155109575	30.454793956966913	51.90728210257257	41.4765618675998	27.296270791954132	58.49599342145819	52.26073079664931	37.26170866319052	26.787799654949122	53.90640667184953	47.220135709538745	47.246871008206504	34.912433044952785	32.52938789996169	63.22903843391142	36.05306802758327	37.59279020919536	37.80702015737522	53.41462320125165	37.027860176962754	46.38571196142074	40.17359871697078	42.055287776902354	31.860287135218563	41.82365880454486	33.74123418508777	39.2431719340426	34.067468833410736	60.319265869704026	45.35042181826087	28.875463429494996	43.10239634114037	23.00761624509698	46.02785226815971	52.35587452394288	57.436243307462966	47.54634242041264	19.756384275275753	54.03375939104958	57.37321033323073	33.55804799165422	56.905642801412306	57.5832608913188	46.51210659426175	21.26190059649709	40.25463990273825	43.508506914024146	50.44999706707604	51.93657488292059	53.58212696404875	39.152493174989004	52.73083936977305	29.73157151975039	32.96212932236271	27.93285171170936	64.45590441083041	48.67743190621748	49.66666235316043	15.77788313843592	49.12466641144591	32.11025475296256	42.45723340187705	56.17924912381402	39.564918634522385	49.01088853383033	33.93431657520129	60.55532446031413	55.093982615479575	56.091920725622835	45.647839937815434	20.515751111837663	40.14193200972323	61.63639445046724	44.028046199569175	40.90376473094143	66.85492143743063	42.46194390379592	44.56680137554033	63.72325635768895	32.9515532746689	45.43388177724222	48.5308371322231	57.66225444106056	34.915623829788544	57.75932710751325	38.91408302019528	32.24410138433124	37.687726551685955	45.07090428117579	40.824053696500656	69.5184409141147	46.22685862319793	47.02109837508416	34.42459391109058	41.48426859037074	35.62969579638719	46.73603211218528	54.58691920279763	62.38685171467824	60.291277648598104	44.070054206867034	55.92390026192389	47.19279256037691	28.66811472468182	25.057759554663857	32.62563774102557	58.58904231296675	43.32180047378121	58.091324833251115	65.86387243514973	60.35843881267861	24.580739438651175	59.082540501470824	37.79505484008087	33.16770882059875	54.26151633327207	31.341550311844106	42.00453827103493	49.539985780249324	63.88808330373245	38.80635704758459	49.222593781517624	30.45144464398961	37.08718520149275	22.753254576898282	44.52276673624643	60.371589334286845	49.261290142399076	28.781683545177003	24.78609051406383	29.949698839344226	29.680602574693282	54.178257958963016	41.5587634596866	28.036377708986155	40.49712937823306	45.483186604732445	52.12656384948343	49.94878596619782	45.06906048861764	36.27120309826085	53.567693997730366	56.993148448261834	48.494021592487265	36.44411743624926	42.79080525803705	31.720581164651996	26.199606140725535	22.562284498632184	56.778756700111835	47.669446017636666	52.066707843600256	37.57921359915702	43.70717672145868	23.98271506422064	61.08460673188668	53.72573408469267	57.80061225692351	55.35893894232926	51.95948056792226	41.396117921197146	44.38659796834549	42.027947141434254	60.08363260452292	44.75163326833007	61.16067240354479	43.28664674196165	46.567661006255186	56.91553233812052	57.96360577037897	26.10458959669589	57.52164529220943	59.89117101576182	50.03604231133741	28.803465690984364	62.68022621354854	45.51561487651798	56.93820329060896	54.217238017647155	35.23354393300388	51.45195338437421	45.80955180150536	34.77852119193519	26.991485405744587	35.49232193934002	47.05749133525527	34.944344808397275	60.18224111219693	41.57337105122569	41.29491994535709	39.028665176420446	35.41244882117183	22.482319484190644	48.83976621472412	46.26619276729461	45.2603984919954	43.757962073693	39.40069069987746	42.632772610766814	51.2059532485726	46.11993288050903	60.236000579073014	57.8802885384216	38.609893084332974	55.87585293692179	40.50257572935906	49.67383826839382	33.11726470109858	38.33426746233907	57.015089474285155	53.402085267671566	38.401193229465584	55.638029038975276	52.33802911411592	38.3800447903841	34.964568483232405	43.3428024210279	31.561151032525572	51.3622387832283	44.75718379732458	68.07330936503598	55.59331061716044	42.772433894969716	46.705182330387835	48.513359663043076	51.5750916031938	48.4277723177589	40.50495444439637	47.61821458116241	35.598895317028386	40.97848042921467	42.76179626796814	34.295059828428016	50.50911265966008	43.75315026223578	34.977706582803464	43.31142546517093	53.07102448121131	55.854791094671356	37.3599251771448	29.512183804637953	36.97000553392556	47.748341655200115	49.65214082553199	47.33484470638566	51.676521149203516	41.807647602724145	43.137675390014486	55.398573557192634	36.97659074543463	57.76211055776381	46.90103547084326	48.36947805807343	40.081408841676954	59.91139121498447	65.51577622898007
46.062696452971885	42.35369258615764	53.51259406727904	32.82427027829891	48.37778220151709	52.81513955297082	49.058999883586246	51.55999994042109	39.18091893088975	24.30593255854866	48.78145340840025	44.77845851803212	39.127473176413545	29.887584391541253	35.45303178818554	32.477692138628306	45.436972318604305	16.137932628985386	38.39606561209306	65.34398268690805	48.27172925005556	48.093623009984015	48.996546161551294	35.413660951019224	31.954396866980794	34.79489768451794	41.382123113869476	35.14483725613733	33.250269682206444	31.386357720820975	42.906369909775385	37.747228010949044	40.09489446810871	49.69297055510778	49.579836168196415	54.07056382937448	46.41724903194091	52.11604579323725	30.847013711214863	42.20828750136715	32.55115691819666	60.37520595559563	61.700179236894854	37.41699569269713	32.395188239974566	30.812203377121822	52.28357477950998	41.50154845377407	27.43352594507664	58.82907413015569	52.504381533686534	37.34892541187295	26.999212822114643	53.92725311150474	47.25578440920739	47.99936495206249	35.075413620357715	32.68214186747275	63.38568763974685	36.094438923126376	38.09930767760169	38.01077900594636	53.733291241476664	37.565567373650275	46.87318324153705	40.81398498175417	42.47309376192308	31.977846011281265	43.13808447757313	34.090486594586295	39.29426191866666	34.748449428854414	60.41229127718314	45.51297848081147	29.064007740277543	43.834545663894644	23.2285086170043	46.08402502202533	52.49445990540552	57.80238781504226	47.992463931409546	20.49362396426784	54.172888633389476	57.47458705148332	33.69504309759194	56.929041878707814	58.0806679724383	46.774739199267266	21.507280116638757	40.73220714544188	43.792355725633094	50.57886789848607	51.98355302838121	53.648488616162	39.819184378827586	52.92018605010752	29.973728420002328	33.12890893738979	28.574219933614483	64.78490113008242	49.19152706123965	50.52472202833356	16.010798125289583	49.35455954808791	32.6301802759362	42.66914453675038	56.60772889588801	39.70380409245245	49.39797520231878	34.89936225665397	61.20079435482638	55.46513474314227	56.25896618912455	45.76150651650367	20.810676852041937	40.186063154706076	61.858635595686486	44.25952299547322	41.051118789371664	67.30281743440828	42.833323088878544	44.75670301614771	63.75913157022715	33.78638672895783	45.529980518279025	49.2172868905519	57.91084610174727	35.06022108207563	57.79843503787176	39.155305414233396	32.37806258873189	37.79704925357026	45.15565603970246	41.54538841186882	69.71600112407847	46.80772958896478	47.47704328370088	34.863067957092845	41.832515792142374	36.09366264950643	47.10730400694572	55.21635642592141	62.96950547953193	61.00246097586403	44.644476704359555	56.568891346234146	47.65815640912719	29.096183054298766	25.15407693914271	32.62728709547064	59.18898540455257	44.332937619740775	58.20958047126605	66.10083371201502	60.392243809079936	24.675447769167967	61.95869548583864	38.07019089996043	33.48887679136859	54.296208244050916	31.564523716251305	42.151838584571664	49.55200452874036	64.30770223314035	39.48496799532247	49.48251545001226	30.576208293485276	37.22355217462191	22.83372170001765	44.691627308892535	60.90842168095532	49.415531311900175	28.815636573006465	24.847479895077385	30.188504321751918	30.73150895456658	54.49295026989032	42.08549514766605	28.096621483088132	40.561729823252264	45.520547578232446	52.33283167238138	50.483891753685306	45.64731000591949	36.31973082502962	53.60111995543713	57.12848137573028	48.99121832127936	36.75899104263412	43.094346163628465	31.9861195976836	27.663978989782912	22.942274201236216	57.07502060812447	48.05055312547035	52.27778707101072	37.91337789177347	43.97726084581622	24.169906642525063	61.29418812103276	54.576393554685815	57.840412869956836	55.63153533912357	52.282574695890204	41.8595727923476	44.659776955205686	42.100085908419956	60.72560781853657	45.5747256752131	61.32392228658518	43.68170904684471	46.603220917407214	57.07169977145939	58.35745246553557	26.61781710134251	58.12275031452545	61.42161646852482	50.26063570263158	29.92972649560238	63.168269844704476	45.570944802923435	57.056780548696615	54.391761938994115	35.67217624686423	51.93271261742131	46.36530973726874	34.99199054550542	27.119821696348744	35.80037525802524	47.11848409043317	35.66684554844775	60.57808415621041	41.66742544677939	42.00203902241324	39.32669899912751	35.5531176824422	22.651261674439954	49.116619390239876	46.97160617078828	45.38599490493702	44.28654780276723	40.0761771947809	42.72717749279278	51.52837523889993	46.138878181131204	60.34568005174579	58.10808157847565	38.81381860600089	56.36968272001179	40.63393700843976	49.7288817592817	33.22581696232099	38.54002163794986	57.505727770019135	53.8992213183913	38.91783049198872	56.1351991644757	52.350053241339026	38.73213739065276	35.06592123623524	43.35267930417046	32.18899372213794	51.48084469116197	44.758578166174786	68.19963350370503	55.86172486146823	42.92065475940158	47.05893217910064	49.16458156352085	51.81135881523011	49.474867700145374	42.38042408626677	47.764478899273605	35.62926457305981	41.201970912421835	43.11748054159357	34.43334485465985	50.66123830957904	44.31830192236613	35.215903761247255	43.34665448555841	53.167798743752805	55.96240649668367	37.57595076315438	29.622844588485865	37.1825932450482	47.929973496159626	50.086796013124655	48.09977609159734	52.132028146464	41.952346063854584	43.38223271619284	56.00675370125803	37.457430435649634	57.93108609755692	47.40825189573448	48.438881509309795	40.17611410480389	60.05994177130629	65.700463089716
46.37171793466361	42.75141113173065	53.558827640754984	33.14191912576895	48.44336964749617	53.096962591087134	49.17433018705944	51.952747119304	39.1993314353377	24.402333392204525	48.87933818213896	44.86638957166307	39.980984025812596	30.014971546202926	36.420564249964904	33.01998128241003	45.66299160617892	16.316687607384342	38.74826692975567	65.45581663286379	48.29339898235957	48.16358068009835	49.20171125998502	35.574872278894105	32.13105881938955	34.836001304174985	41.5551062856248	35.1712926535461	33.29049397238618	31.645359219092917	43.37663534170864	37.9924430486783	40.26792716764313	50.385641786013466	49.93515945450788	54.08649795222363	46.629485697186624	52.27747922261557	31.202661818559193	42.62365547293602	32.985720772791716	60.392321317466795	61.72629882852645	37.79679932461416	32.473335876826944	31.545445435160513	52.40019696638115	41.84050003176757	27.616566203606215	58.868786473803254	52.58249556355939	37.65646721481418	27.31055810098209	54.15890064324598	47.81822244074129	48.556603095462535	35.40966916311728	33.10568197533821	63.49729545316392	36.42007180559151	38.57396789887513	38.20531497356457	53.984163113471574	37.92252593901593	47.32623438657508	41.0534335465343	42.74877699864555	32.184387572535954	43.7068184046664	34.28740549108357	39.54740407645057	34.79325958159774	61.03929969624649	45.9624153661086	29.09015181742623	44.16767434855547	23.331768787848908	46.29319554648846	53.13276871707031	58.06109403241503	48.134694426465856	20.51446094183619	54.46903599744719	57.66650188880589	33.857888864128114	56.990694274224275	58.329395895237376	47.463279338952646	21.53807337626206	41.039353889203255	44.61227920085717	50.672543693342675	52.09686304193541	54.01512134812612	39.84513126374924	53.166944817363124	30.015178146779856	33.23994577906069	28.697626593465984	64.9680713020611	49.396663508235854	50.606864725095285	16.110360579887914	49.36467019470746	33.042793993343146	42.81683952106542	56.66948052890868	40.047901146529476	49.514341017977685	35.13274562524514	61.76405129736312	55.824691313433	56.36977487268098	45.952102045908795	20.896487959575797	40.292684637413984	62.21949443964299	44.50273434735948	41.74691652067119	67.37212434203335	42.989281681809025	45.1403465049684	63.84831047564831	34.1017052454519	45.53517031753057	49.40523146839356	58.253558151599925	35.47012977349376	57.95613938364375	39.40488529633001	32.510322657821696	38.171661582668804	45.57240907993151	41.656734855995474	69.81724490196065	47.05452199054312	47.78613557488966	35.317717458687255	42.218373690890026	36.14366534643319	47.14248886465785	55.51782602686088	63.30188958477176	61.305575807820276	45.09444848756148	56.6896025651983	47.78459649742394	29.18434230228019	25.37057952098835	32.91451802604798	59.29423759314209	44.59050793712746	58.49434161331534	66.14262724673807	60.650843581940315	25.108744437997423	62.04081434906911	38.441176546171654	34.12255130117746	54.45894254167289	32.066771367631986	42.72876241207657	49.80212517961418	64.49008157103633	40.14659760727611	49.58049378477246	31.94999616854837	38.02171994022518	22.96669905403653	44.77027076313785	61.125424912160355	49.48996209143598	29.21587497508652	25.470942777516743	31.436563207544836	31.68197408883719	54.903337363862995	42.10774691415609	28.288315153103927	41.20586497321992	45.577301799758395	52.69254846219735	50.521871846430216	45.86179973974898	37.52206561252805	53.93763780076622	57.63313066843765	49.68863272165521	37.00734878754853	43.25009503796175	32.18029187107087	27.967037968042426	23.18182149026447	57.792641231124136	48.29132692863913	52.51361861925257	38.363693114776694	44.26415443944843	24.37118160496702	61.47055171833732	55.263376245051006	57.92860784347637	55.69253770234485	52.725275127647876	42.15795886989148	44.79391939591911	42.34048134246851	61.49826166463555	45.708265686026635	61.42644161699277	43.788960737885056	46.76399895070785	57.73813624583471	58.41625523233015	26.64737020354072	58.71600623817248	62.92040863805422	50.52490855801758	30.273838484874954	63.96386093025601	46.19165039574838	57.50922523866021	55.004236339452895	35.75428467806466	52.783626054947234	46.500407917279645	35.15547021082235	27.470233636910972	35.92166329665939	47.146799345582046	36.13902796746067	61.04224337079545	41.96884041110663	42.060606894989434	39.415637874148345	35.64184498784482	22.844533477270595	49.325298696576844	47.59533245773591	45.61765803474213	44.45330957495382	40.485331330514164	42.967124099401126	51.83177041349212	46.46240328385111	60.55603497160384	58.796546480848285	39.61845263742239	56.604262416651785	40.781756585298325	50.45080513964838	33.24857308988277	38.67650213416187	57.554466871431586	53.939194975192834	39.18275173880339	56.203542415301705	52.99525099001937	38.86271653174115	35.169242799914315	43.6438603747039	32.4044417527259	51.699013555192145	45.28564983686613	68.23672520386035	55.96350200146038	43.00044278645074	47.23224135557776	49.31967160395196	52.636518179963815	49.97095258099023	42.598397257494085	47.85830467380642	35.93721361568113	41.41559923230015	43.17445478468597	34.83419302422819	50.884879201126545	44.55844009611851	35.76039418600911	44.041529878996506	53.44067431575677	56.35584223937419	37.72971278043079	30.28389884914905	37.37116968959585	49.078227405982375	50.23248054081781	48.40966125037054	52.37376478866342	42.192850656066824	43.3900192356219	56.064542951228425	37.577761387566994	58.40405346314313	48.37251187818691	48.48849498837844	40.39217382505024	60.5747841751246	65.82028826272774
46.614910248651505	43.11094103201768	53.99762534792899	33.17427021300663	49.982278198638866	53.43575352992881	49.90403917754916	52.707456670655866	39.2390395060211	24.695772848712675	49.04902322884557	44.96001401865186	40.53590103762843	30.411351978915953	36.43390139199379	33.392411837589094	46.30016008818166	16.46296565012188	39.13054910601331	65.84778673374966	48.380540830752906	48.358864678326135	49.56437937277057	35.964679472480135	32.51875993324076	36.05835696276488	41.56775953197699	35.34065886768321	33.85791551291262	31.92589220997833	44.20823579842593	38.70708280006897	40.667669065652	50.75061187104804	51.15116206870889	54.238063410703326	46.91236175193528	52.67252188812492	31.245715455808526	42.66271112603677	33.06512278328295	60.65798817799398	62.00554619425106	38.68362873131601	32.87012862639225	31.684985224388114	52.48333903380409	42.64451689822508	28.17809055248151	59.48247552497461	53.4093158243144	37.73258039405991	27.459020537516686	54.9309489929421	47.860931817740045	48.62391173337859	36.62247568794331	33.162032929255425	64.02672686570352	36.553703923329344	38.95167696859906	38.8932567727739	53.99353316855003	38.57896673384593	47.64896752443944	41.38791665011527	42.98942357649294	32.425002042150844	43.75791499337507	34.41412672614848	39.98933892387267	34.91142796858179	61.27483808276318	46.75079457252248	29.706728515957412	44.713907721291996	23.990152964641357	46.65341520101331	53.22948355777148	58.27796063436226	48.680752633518324	20.92859974910343	54.58482752446858	57.85323648385495	34.68309405750268	57.014620588519335	58.943335983664255	47.83009349087584	21.753458224016008	42.07458915537882	44.74636466283036	50.954741618007986	52.404975174165884	54.098131216321	40.11081729952532	54.41178143927623	30.57644756231664	33.516708875857425	29.093476759346657	65.1413883257711	49.5134949085594	50.65792326650678	16.21032131015381	49.39984810816638	34.09046770471726	43.378893581949086	56.864166865124005	40.26886759652908	49.7139622588634	35.3650561380065	62.017175637942145	56.106166004337	56.90291518951992	46.579610706723365	21.445780234285184	40.65786931720973	62.4534195384078	44.67583278551794	41.78841599082911	67.65733653615766	43.122951016185894	45.16491370691788	65.37918163632453	34.55850235955062	46.136995702479744	50.170861531907725	58.34054978468493	35.64595965117945	58.39794346220466	39.602586791127926	33.112914607601404	38.22031331147402	47.052898080277025	41.88572497630638	69.92129223442551	47.298697839121424	48.93329400059877	35.894099664405374	42.282857625159565	36.19592905580269	47.35073919448565	55.95269607269621	63.38946742913771	61.65221978241259	45.57277459469285	56.78601833841637	48.07493581644579	29.86229400083645	26.30018449632267	33.057634208341945	59.30163199239331	44.93624571589051	58.55017971577996	66.51176800925056	60.96897583006945	25.19698619458075	62.30932694176274	38.49057264533819	34.286531135490804	54.61773337874938	32.842662970535294	42.927682946329845	50.149639257267175	64.51738096722114	40.35815105406218	49.62759350445325	32.079314622559714	38.73411791080419	23.05387647036129	45.19325418835825	61.550682839686964	49.72986997217408	29.521430432091442	26.609122904802827	31.688348506984216	31.796556139439783	55.282942764777324	42.34216919435978	28.897827374229397	41.527765060295295	46.21207198581238	53.32156542052368	50.596763212676485	45.875175831742034	38.03095854798503	54.029547605520115	57.75889950796749	50.71668780913979	37.04996461000556	43.343673631765135	32.42753822225631	28.80835211097788	25.246295823957094	57.815238565553	48.399397200175756	52.522594951354904	38.39248243502047	45.348550214108904	24.512758197686686	61.84772793421325	55.54511405580916	58.26920716046587	56.24143888835798	52.83206345894877	42.219524648312714	44.96922409109621	42.62236125100687	61.60765103962794	45.73491382918179	61.483341813230446	44.09026394471272	46.92899986290839	58.043162268638646	58.68082912866366	26.915752666691517	58.87085181731801	63.00193850713597	50.58181497705578	30.786242849444278	63.97640430246737	46.20994846106844	57.638521674342265	55.188491313894886	35.802005084791986	53.02785722849447	47.483509823639686	35.30820076996099	27.639497555667784	35.95992283968987	47.27025133221401	36.23031569335417	61.22188247036918	42.30556892683793	42.07401904616474	39.73829799331692	36.2617685786224	22.879189519430113	50.23738796987516	48.280645105869844	46.11987297052413	44.77849656051125	41.16926714665844	43.821957973271395	52.15800403129196	46.51523982592054	60.801495607778484	58.83645702530878	40.231438241729585	56.89654341011681	40.79851418210058	51.19666368627577	33.382105742608786	39.02600019147114	57.87122934666654	54.21377046256615	39.266034031499906	56.618764361992405	53.05566020020545	39.00020605435154	35.2122769905257	43.82398722014218	32.408676079936015	52.29528859018224	45.54096024536396	68.26874390129947	56.93789509189629	43.52958371036423	47.9211128266557	49.777339347065805	53.19435829332931	50.136197803476755	42.84648640437038	47.888250845604354	35.98908618023141	42.10398552168896	43.61351110603726	34.871214302685466	51.43751459998238	45.23749113058193	35.933684001511175	44.49565143591043	53.51402790733949	56.36647067046101	38.06524653222523	30.386396717781473	37.763870547613635	49.34911966339095	50.69995837301306	49.62136365033278	53.21055897000286	42.368738496352215	43.84333562065541	56.22969901590697	37.99746633452213	58.41056412401111	48.43693887415404	49.447214868834315	40.77241918623706	60.939446456804355	66.12955352817536
47.010148744634535	43.17230155346252	54.054438156865984	34.03767231799868	50.29737211159363	54.17435126152562	50.04962319418835	52.73944460464291	39.46828266064805	24.75677782760233	49.223604861025144	45.197876499212285	41.376981039398814	30.517143413625238	36.858282568324746	33.72847044634764	47.23046467996559	16.485856830702488	39.91184809387827	65.86428778407091	48.59421836762907	48.497331585789595	50.37220029620139	36.25363205582336	33.40643271092071	36.16633732248158	41.751241832862895	35.437618639021736	33.88804150111697	32.09115333355915	44.836997857466045	39.239266550384244	40.88473510439711	50.87478579888475	51.21493315577321	55.70834427689842	47.25270462148274	52.95715236427108	31.760016809733095	43.91664671302617	33.92822214046984	61.07521800930354	62.33057549236362	39.3700254502887	33.43542058430584	31.924426671857432	52.66671762607318	42.81539179420048	28.32435798848103	59.536297062386524	54.086720556034486	38.0403947853908	27.754156387277188	55.146594756582644	48.24562096297518	48.84529530877359	36.73778344828023	33.46372895945521	64.03897363463288	36.86336990947989	39.39543626940208	38.931566982894424	54.9032880496482	38.6055280437073	47.745360216087846	41.63336220467083	43.29333009828026	33.31295942391137	44.003828885557	34.45451213575595	40.032693628866554	35.16536884325787	61.969842550792585	46.78167657796592	30.036444705612688	44.88243089518041	24.04369532670475	47.0424852450458	53.73272773571056	58.28642706356442	48.69329718406112	21.164505866757036	54.79745372440751	58.982706284165936	35.13399704387718	57.08467043087117	59.58723604209124	48.40535829165893	22.09159033351639	42.394135991610334	44.965407574437776	51.009870337586165	52.70287783524363	54.56390706158926	40.87863225541046	54.61996730916146	30.700013118693292	34.122674648791524	29.10991809663384	65.93542122235914	50.4893627152174	50.87431473721411	16.308260479616436	49.7513307104065	34.190456910251804	43.404948676541665	57.19779583375322	40.379027816816865	49.94763379369672	35.68436597235451	62.10414956253321	56.43825834358079	57.431265397558974	46.78955607473047	21.55056541074463	41.34454617808984	62.54932903330822	45.317930536959544	41.958149551229134	68.1412000421186	43.26868285186709	46.0733206749245	65.41664813350455	34.68274445215866	46.743091160979915	50.65395987627533	58.39243319855807	35.89175496073511	58.8602312993059	40.48522535022731	33.400816958460474	39.71635955411237	47.221328135394806	41.98921602628567	69.92986545314969	47.431827042717345	49.212922423457286	36.0542008639627	45.73750641010415	36.30706572738289	47.96877632632755	56.28351235265693	63.99676116134567	62.50903007726286	46.33161118365749	57.45874028276572	48.37861517318039	30.083648991177455	26.76333754402579	34.05189129928779	59.75096624661645	45.09783288993174	58.831094766659234	66.55137083570776	61.135105963036665	25.868887184584032	62.35658369322405	38.62005464205531	34.559730846204175	54.88809327571304	33.04761975816331	42.94787301224791	50.270179257189824	64.81668225635096	41.120385996570846	49.7074812889851	32.26469575539619	39.30668070256433	23.14907751574815	45.49412513672448	61.6017201285445	50.207867569914875	29.909087905076287	26.73647569248014	31.69179374867153	32.15440717840426	55.38918633786902	42.57214427991323	29.039589827147616	41.62783834647746	46.384951562754026	53.97634846032145	50.60539207988576	46.02870412162294	38.06687077374728	54.22940827832708	58.00563806726892	50.865375289654565	37.10306187998771	44.025351997432836	32.53384969057349	29.132063840457565	25.706155157077802	58.05300265128396	48.449902373252534	53.57889638173609	39.02683879927767	45.55970696415704	25.669288975399507	61.87119772949335	55.8995319369326	58.46569063833139	56.3860059173888	52.933700604938856	42.270881154041774	46.96327362002869	42.64544014000508	62.004128958071455	46.544936684627764	61.756962455021416	44.32654676877807	47.08028132376383	58.16576984532764	59.59524695715307	27.20771912603829	58.9074701564111	63.04799024565854	50.653990778307545	30.79871982836031	64.11578452178306	46.883045523957385	58.002760515726486	55.800307846451794	36.43457810190004	53.69591398388606	47.65393714698974	36.06720834146564	27.739261279052187	35.969878235537486	47.34906928901618	36.295290773093676	61.44576025483796	43.097332316353864	42.56986784761459	40.01751006172062	36.47403663345304	23.09406869515237	50.56592026831847	48.519996713700095	46.17156964430218	45.63651671338627	41.54723433078706	44.18827351231742	52.39140590562918	46.869634031923546	61.2965765036895	59.1390292595641	40.26272589404001	57.62688453042511	41.47104397423911	51.27710632162286	33.706316500032045	39.308464193306556	57.950116314913195	54.34712494153825	39.29621396274202	56.655612847674035	53.18015650468635	39.17921009650679	35.56992907430753	43.91850244467409	33.330608718800676	52.74329469567999	45.754108558570714	68.59734099139413	57.16714881357968	44.51966591661213	48.1407878346962	50.20391116260905	53.71251229675379	50.48403217640742	43.18976211919754	48.68321451004499	36.267718497407095	43.33445268903816	43.711884518795465	35.04751045656081	51.810086534287144	45.37900748719666	36.07279646531817	45.09769073143073	53.58230624981472	56.63136712505357	39.130081416171734	30.753711489753957	37.98615444773593	49.391866062038595	50.755822897669425	49.97797546432232	53.52349124849922	42.71039466832451	44.15124472523985	56.313778863074624	38.10277918146451	58.49818037150081	48.45720988511782	50.049666375573324	41.32157453609468	61.15896783603728	66.21427344205978
48.015106183800235	43.36025064861958	54.070627018191885	34.16350754359092	50.494885691425516	55.121433720960994	50.10820421886061	52.953289708204146	39.51037918182149	25.241030383910466	49.364665924855615	45.4980324705332	41.435010362080156	30.8275902535514	36.896387532592826	33.81783784606869	47.39017095218785	16.90934502480721	40.6311574313767	66.14831563310165	48.97618337517552	48.59612550186031	50.64556587030199	37.47152290180772	33.78543534438393	36.641933075531064	42.103199455198144	36.4772824393269	34.63399960498075	32.60648892999008	45.325131485766306	39.55118713546797	40.980905998335075	51.39842530009221	51.296956918402216	55.8885812603161	47.86583745219737	53.077762178932815	31.922556628305614	44.64302176873102	33.992456131316374	61.24823629493331	62.898665212285096	39.66723390014518	33.55608753439778	32.07408451286743	52.734757636326606	43.42416656613777	28.469331690542145	59.67953628506386	54.33994939329556	38.09633073114247	27.815645025439213	55.37339713793902	48.526093233291896	48.92074359666451	36.77981655706755	33.97365697661413	64.13603113935007	37.1233345292649	39.65137744150911	39.274583688679044	55.4094471782599	38.98632991455792	48.382421212455995	41.67405284401258	43.58109265956758	33.484136600408505	45.1063261267057	34.75071335771649	40.272531899891995	35.35292876118849	62.168467042174186	47.920833137042095	30.292044258433158	45.03707975637456	24.45035698046025	48.18700644843897	54.69260476392044	58.70498373697347	48.77110912489814	21.379663578259578	55.251157635700395	59.203185835688785	35.302509503990805	57.42679084741836	59.883147703332924	48.46409924437026	22.622713499705174	42.46816888284918	45.143003791756435	51.4590856804606	53.199548179248836	54.738150029747516	41.166453635130324	54.82631397460164	30.865311172479316	34.37255499709189	29.382959046529475	66.23019816332618	50.54338338694532	51.44962585726767	16.796863383522435	49.96727243666746	34.476660402155005	43.574835711238634	57.94683674734758	40.42250763530268	51.17836874005988	35.80059974839815	62.612355329406974	57.063034707686725	58.31036929066041	47.52939591624266	21.572739491157687	41.56136988309905	62.55614679359221	45.93838636787422	42.44092798225811	68.20869009535699	43.540935280239765	46.665625584918516	65.80020796158325	34.98209890140994	47.52564991406089	51.12843899164028	58.952440079091474	37.14321231205425	58.93854318278876	40.7507856739787	33.60507285724713	39.80067189245212	47.618671280143886	42.72686845053148	70.62845417574277	47.53006879358694	49.55857197101756	36.82964730512637	46.03991470867538	36.77409995928802	48.323292377528226	56.3586432771762	64.25147310526188	62.69003870178909	46.717495085665306	57.843506841091965	48.823699570078816	30.36093616594795	26.81971509379741	34.27866060916905	59.841954126424675	45.10363731616266	58.86550806738785	66.78120474211455	61.74177249475702	25.916746918542742	62.474698222141946	38.85879557021852	34.73828133684264	55.23038343011333	33.1380588880423	44.35908932940974	50.56306267024504	64.83024102940733	41.52424323110181	50.02535764274578	32.72643195454691	39.83412139696524	23.890206531282917	45.57757308893425	62.0160130690797	50.36291924156308	29.98199464522813	28.694668913667098	32.2715377035998	33.074843652591575	55.584296842319695	44.47309423441756	29.53484347757782	41.73521708004371	46.411593118781525	54.509502337073464	50.67122758605027	46.06568875641321	38.51178948711511	54.4945368381607	58.26047382181366	51.67026017145269	37.453626281817435	44.93108950452506	32.913426968072464	29.219266358172273	26.063741332907327	58.660529546291286	48.87401969182681	53.67629314742417	39.574974051847576	46.7106481415565	25.798914617624764	62.06249598136231	56.05120326801589	59.334925410296684	56.479037809964474	53.20051207187734	42.51785510772185	47.10854970273734	43.12947287201937	62.42489140301378	47.514155926947645	61.89939734628002	44.525974790083424	47.885546314489595	58.28524531917952	59.618656944327995	27.695812514678988	58.95560490272135	63.15946440240845	50.72923230979541	31.275206155093162	64.65674541031578	47.74288563416958	58.42622211609062	56.29411231076657	36.569808212273806	53.756978827448656	47.72545071322893	36.15180917918523	28.1705126852353	36.3540971350072	47.907612658195276	36.43489653612418	61.47746859204941	43.21652431413071	42.85167694740965	40.560257391007745	37.11140096033485	23.879264956327333	51.11997512040049	48.77718133310017	46.33019017573241	45.81996736069761	41.59946703192117	44.9593995506235	52.417386558525244	47.69744501107485	61.62188373936715	59.357977225584214	41.276854511096744	57.97799890717984	41.584012347083714	51.67562949834434	34.04265299093627	39.6199434619603	58.53954963417261	55.47677409977086	40.35042897076058	56.81624131695111	53.253382353103085	39.36594771635947	35.68892044810605	43.995097568584214	33.949922554797965	53.08153131832121	45.978617035613986	68.69827956968916	57.34437398404647	44.846752581961866	48.233758141525044	51.5237630731638	53.944240559200615	51.297608046100805	43.55506422948393	49.07613008209426	36.767295185199465	43.7495630105118	44.523942117259175	35.14865807491799	52.19656457350359	45.48360135038843	36.09502464022415	45.32651656995191	54.96792432556965	56.87550975297182	39.26458549337546	30.925253703869274	39.16190902531168	49.40766418334876	50.9648314297026	50.05233559574422	53.933982499796585	42.71927275471019	44.357133349065975	56.53940447428978	38.163486446412136	59.02768832144969	48.67526629918807	50.13788816407603	41.525782515151576	61.4169399396383	66.60163120544657
48.14989243174598	44.02160415685251	54.520892678110926	34.612761111527774	50.613701090916926	55.51650220325882	50.33618653511467	52.970521187234624	39.94033033657632	25.63744271081325	49.57388158014637	46.23267596506537	41.517147990653456	31.288287292320955	37.308070850002146	35.226921246454495	47.56842177273826	16.980412529082972	41.13380980135732	66.44986795936593	49.03458069358789	48.72542164544043	50.72892697585037	37.80258930878273	33.841356782178664	36.898493100394745	42.16594380643052	37.68973324799466	35.01811597340775	33.53974156698048	45.587946684817744	39.8750865236414	41.15353105513326	51.962310801155716	52.00521822971843	56.135409963048566	48.04793393285681	53.48239564728695	32.251812769136485	44.91113918007954	34.198559502997455	61.41794191481532	63.072588989226254	39.98212794100741	33.74505726061898	32.26676183357924	53.37167608506295	43.77916111213448	29.086116392694176	59.873510902240284	54.48589982511942	38.191732268402276	27.982279129136426	55.39453118261932	48.947872710599896	49.127322567791374	36.892986305428586	34.39010074954264	64.20790919165219	37.51516159921633	40.20869301152314	39.69755762398348	55.46574889138954	39.44648069249666	48.962467384252136	42.44377502144381	43.60901551570325	33.80643977616105	45.36730752414266	34.8023034570474	40.32689664464936	35.377842166216006	62.426118035087434	48.0046664417449	30.420611058868555	45.64617999941807	24.605165778597232	48.39702335305903	55.23676194676082	58.84136221100636	49.08352422193483	21.96134715879066	55.929570025206765	59.259465599529854	35.488613880527865	58.036686995654925	59.90928293783566	48.889027952468865	22.8454538566096	42.96930915787982	45.23795965872334	52.58688412479243	53.57489309429225	54.89631699514493	41.47380528672055	54.95511466492269	31.011672349447835	34.53001426966759	29.561727373928882	66.40305686403744	50.55186440322704	51.75270107569744	17.51974572995987	50.42678693283637	34.95511764867798	43.697616860318746	58.48339847419333	40.63803261630956	51.37837454254286	35.85259353388439	62.902033432642234	57.158436481078205	58.426586939967876	47.716859226889575	22.190072445786207	41.633654862575675	63.68618969904157	46.028239684653705	42.65409886190672	68.31115086295053	43.64436249574437	46.907019027987424	65.88058698562774	35.26186311515679	47.6199980321605	51.26349569408654	59.208368610903484	38.562769869830504	59.12508457248392	41.42481809384444	33.74388868380497	39.90434017584294	47.82457465712982	43.34248167117819	71.10097424765158	47.585390255036216	50.13887720012921	37.31081819800061	46.769288534289075	36.92634131747904	48.605442221939505	56.46072706067797	64.50424976774096	62.97845287239684	47.35406859587496	57.89383227439267	49.24828721644048	30.63207866493125	27.73343097153946	34.42555411656313	60.08937140869672	46.118216314256074	58.943264247748225	67.02399193181692	62.197762766360285	25.96871896749289	62.527162096298674	39.004767425818116	34.8399865806851	55.34893429455191	33.446869283926986	44.38596032009516	50.709425157691975	65.02716373422756	41.68158807827869	50.287491910495696	33.14429184743086	40.13154376686617	23.93762488837326	45.67511666050592	62.23987468036835	50.52400876878394	30.024207495436904	28.84171728922758	32.323707441904176	33.232793418016044	55.91785481011816	44.94384806771816	29.808953180122707	41.80766753445048	46.53271634600887	54.76803377977621	50.87784860384867	46.336987539761104	38.55331338263834	54.95208259771374	59.09546365079334	51.84416990667379	37.667429657722664	45.312064713757756	33.15262560817431	29.5702913257734	26.087425715370724	59.21945397588184	49.204208814531185	54.47117120371782	39.90405317853307	46.729693387104504	26.00252297047924	62.21317802845531	56.5683508179477	60.372053018455276	56.51799951956377	53.49247608610132	42.62546928196179	47.412461069401715	43.380579593251696	62.678523348781354	47.63288816453333	62.369496890164136	45.56459948085403	48.133693963144616	58.563502248139635	59.65398754357139	28.2067169157101	58.97591557395756	63.24187124362981	50.890007805871036	31.299736368041867	64.83583595828216	48.05577650844033	58.79134231707468	56.37698102569783	36.89521813656107	53.835239256841184	47.93470646145295	36.51387456203474	28.352510376798406	37.14660165587813	48.42898088719919	36.47712941850185	61.60183926413322	43.22389827340036	43.28626467540219	40.654369307296434	37.18424272589821	24.305844187395955	51.38355288163225	48.85223215426914	46.385263211213385	46.42900063858979	41.67970783510673	45.147767462661896	52.56704834973801	47.958642964231466	61.71113796070252	59.55245218951982	41.47803651354678	58.22856883135962	42.16398085819782	52.21622369782091	34.68501495066734	39.845867817054526	58.675560752546225	55.92535515439886	41.12419930449072	57.77892343443471	53.29134681671959	39.76198509565451	35.92765619097339	44.31152104301089	33.99207696689877	54.13291822840883	46.51069443155999	69.52137772603126	57.6894054457034	45.574561487546795	48.57278767252571	51.53864722842082	54.033619127641984	51.41120026477509	43.75197147918124	49.37094130755355	36.77466357044269	43.8862171792544	45.231623440437325	35.33888565613898	52.35811828035768	45.980076805993896	36.87651560761187	45.655764529961424	55.58080598675445	57.40963319993513	39.45173985480716	31.177561315047207	39.432925967109206	49.52747758902998	51.282790831371656	50.26847761013964	53.95059319320429	44.07048961216028	44.97551693229763	57.192217385148126	38.88524471322729	59.37823435239482	49.13132115539934	50.242353739459325	41.61675694211945	61.68807492693248	66.72853468519286
48.489583873960854	44.169634975785776	54.63623248386897	35.31232029520448	51.110495578449786	55.577063630021605	50.40862799275027	53.054337348819395	40.45024936673346	26.253196600182275	49.7993975163158	46.49849083843659	41.993362137729314	31.472270886708284	37.66397079559395	35.337390818918465	49.0320406459117	17.17763733402579	41.31699858090046	66.52455794594593	50.85044538140016	48.78694998433471	51.59014474634585	37.900081498490394	33.87314881656952	37.36592920905299	42.9322345174167	37.70213409637042	35.305083314039294	33.62625128281156	45.61362192923186	40.01475587281153	41.21790485611595	52.28252656187425	52.36567469233346	56.24144937931886	48.195865643018955	53.58766879056191	32.2611460396654	45.13151339785999	34.421490629857566	61.52981645427182	63.17579669728297	40.25844367454614	34.14480504783223	32.60048557288324	54.56700835657744	44.15022393526282	29.15726282494558	59.96627637058996	54.8386002000579	38.66667438780678	28.154792214179793	55.613065698449645	49.1751456773728	49.32600367550059	37.327111609037615	34.41923050118588	64.81867304259538	37.63157709270707	40.54227665558582	39.78925854852549	56.014817232434595	39.51999160862097	49.80933572073857	42.70962355771042	43.64532983307365	33.930095524180224	45.97383762776572	34.880535432316	41.24750648649613	35.92226627548691	62.678128644677926	48.3570443932234	31.016114854462522	45.944464154053286	24.78819565001778	49.2877845921193	56.4392073167784	58.96181207554542	49.234830051366686	22.21631744627516	56.32786738428166	59.38888182596763	35.587644965098356	58.15388643666793	59.95971395238947	49.13952283147919	23.492990736792834	43.27398569695161	45.53393126275081	53.35227367059839	54.80939998308874	55.85824745896156	41.50228014765278	55.33647271918696	31.35937364845911	34.577978754103526	29.648422448634044	66.54975695411217	50.74009647934513	51.863650248944786	17.794380395944533	50.43381482818875	35.30784595473243	43.86864897991925	58.62473765586676	40.64923585901199	52.33518018042831	36.78028832905866	63.48297624331783	57.361296455608	58.596470008964026	48.153817048315474	22.471306789860765	41.65827521257636	64.05099921139814	46.107689419020524	42.6974707604519	68.49764606196072	44.48978855354166	47.2143554671995	65.88762632112756	35.35734269950826	47.699711837497865	51.595061258869265	59.40352070709604	38.575852584693706	59.925840173787314	42.223667626595955	33.953087503421834	40.51451866764187	48.06378079806449	43.532058318519894	71.43996707950704	47.634126431396254	50.70151055587109	37.62965415778638	46.81840164812403	37.56628027225417	48.93918400806162	56.603393700081895	65.04744419931019	63.158392869846686	47.64429538007605	58.86630149427494	49.31604943657274	31.227065805892742	27.76830999720894	34.7475178598237	60.2754378669252	46.31488728318381	59.1624299312543	67.35064935962521	62.27315035629952	26.225114157390347	62.70981026837916	40.93987242386733	35.59439383104134	55.55853685636883	33.6206105313368	45.124124918960426	51.53826989979504	65.1700362627689	41.83734062397739	50.351108373168145	33.15371602505762	40.95929684647255	23.99891995608491	46.97072987450781	62.46344198107707	50.70517290363616	31.456605817327056	28.95850247238837	32.818270467430835	33.33560979525729	56.34917833062484	45.096772118901875	30.290468440563387	41.93813891707206	47.23974648893976	54.89118527351764	51.13392132941558	46.44537712169746	39.74653627565286	55.16492740686116	59.47078142070764	52.58648229491448	37.718457385983506	46.024822576435	33.63188968258887	30.08490308265928	26.955406568002093	59.419358619383544	49.63712556600512	54.62981485040318	40.30556213587469	46.86276695377779	26.0589719943759	63.165470154325504	57.4869459567523	60.43861713437575	56.92328696999061	53.79117382405636	42.815228878474045	47.72580793167602	43.5637359090905	63.336869510806395	48.501588814134365	62.76142119586499	45.75537471172839	48.73739844961967	59.38776622556658	59.65652908441825	28.347421240461543	59.33683186197272	63.39180821191164	51.192766341451076	31.552257049777086	64.86313742110143	48.37688249191767	58.95692600552624	56.801877086241674	37.189679222118464	54.64328601475757	48.727417465085246	36.99151398228366	29.06190824562621	37.186212000081674	48.72396720604373	36.650328181999704	62.0864790760594	43.259677334842735	43.472394862305535	41.11025178791422	37.88473285158333	24.567652478599044	51.4346633250357	48.97048778023768	47.25501418078396	47.19403769029308	42.42064783644763	45.33729438616345	53.85480174427578	48.2787349650468	62.45143328741596	59.62289449102362	41.768491897640686	58.58288678502738	42.68485783191775	52.26260466092996	35.7025222052559	40.100378249470296	58.733783953681424	56.474029279789285	42.24262907428533	57.98082551693744	53.64228458412093	39.81455693484269	36.55103867448906	44.526063357760236	35.85397480987229	54.634815738760174	47.027597819454314	69.75882437253016	58.3197293297517	45.98229076898242	48.91880923053582	51.76205387525198	54.31568012226076	51.451113385820086	43.80652364212624	49.62207257682195	36.880986183853175	44.137112474381986	45.739994907358316	35.529926905153395	52.47750432495992	46.30991033771124	37.44659938956665	46.02983032663735	55.88529799053345	57.9302513627522	39.573679535493156	31.63006109979072	40.217100457013785	50.230745200229464	52.23741968736584	50.95085900412501	54.16949225686579	44.121115132473555	45.41310735251796	57.280321209324654	39.441296471878246	59.5361988312552	49.59071699512869	50.39644714745443	42.02937426070798	62.216793634510005	66.8039256058674
49.71452339157674	44.66031391934315	54.78134006918457	36.14624570215057	51.61476282172712	55.76140545975092	51.12530266253553	53.19677413502524	40.79785723641728	26.429152363084963	50.048557853238016	46.62709769762919	42.48582490687395	31.483970745699416	37.84105384476921	36.04717622736928	50.53824324929028	17.91824260059387	41.41770865601399	66.58251483631716	51.212683590325355	49.29584584055229	51.94371927783198	38.121480672988774	34.19441487733192	37.73310807083641	42.971317943865046	38.05636779126843	35.57116614295884	33.68932376100336	45.63149661806693	40.31298845781897	42.2448166441696	52.6331648600585	53.434142254657324	56.3264630501425	48.52548774497723	53.650980544469526	32.95964371204038	45.17912130947463	34.70247342836389	61.661682713072246	63.69830392682606	40.42755367121668	34.35501830235073	33.24885225537801	54.95940935837542	44.51553689051545	29.72528923357185	60.858662156087405	55.17667443272807	38.78660017495789	29.54857904535821	55.7471982147472	50.21600081731426	49.37223897300595	37.74861991306231	34.678320461307145	65.06186892961301	37.916304249222854	40.88887222420932	39.98310201335453	56.215081736458885	39.740348821001696	50.74537998535703	42.754627609684206	43.86769059458825	34.85086671659055	46.113475119559894	34.97415629016699	41.49141144493674	36.601520333667715	62.88337536067848	49.04678955326248	31.592030323930516	46.39950884330822	24.90874372535946	49.81320270732201	56.51693122494662	59.145147599164126	49.322837179703484	22.393769290099154	57.11738482767448	59.85110080592009	36.155636307818064	58.370111645652685	60.3019641911473	49.51981120237724	24.15792986839351	43.71542386170364	45.828351976154885	55.16962445067771	54.848382555915144	56.14280008582747	41.87864022381166	56.529256840717544	32.052963541420326	34.86834421915401	29.733497495028942	66.79107057146261	50.8830549003783	52.493630450533956	18.40969809962516	50.73204987867579	36.37550235799112	44.184990249714374	58.96231757713805	40.90924001030728	52.39261033705054	37.004695975123504	64.7341688723556	57.44395295531648	58.63792242722577	48.19982046945764	22.96377567694592	42.27146713863368	64.21747931490084	46.58591575673136	42.800994736579014	68.57609104844323	45.74686866580816	47.33505804371545	66.18465163192829	35.366568892461395	48.068755447679344	51.94451170903091	60.09278197401951	38.96685792711062	59.93499116286094	42.71823785246792	34.029689042797045	40.71771773127081	48.21419490249201	43.69517970332763	72.48320805097956	47.9915728709976	50.78985899239123	37.85320085765556	46.89149168289164	38.03838572859541	49.18108513583149	57.181958844399	66.0444439551947	63.33346428201251	47.79961298697102	59.202197746508844	50.06610511060117	31.56244385151612	28.29766294779135	34.8336568437317	61.544338211805595	46.39119321896303	59.45632152762651	67.89240444897331	62.39972488899016	26.348661877824586	63.230225825967636	40.98662204364206	35.605754704568454	56.14636218237422	34.10879438264213	45.48207304538175	51.79158639878495	65.24644816340546	42.111572436623305	50.59152039819756	33.670740661743054	41.20853174730236	24.015183764162465	46.98871715907806	62.64414428990652	51.451302216132206	31.60639961447731	29.3292428361626	32.92858135722718	33.48079015569606	56.667755636727925	45.41996617303078	30.354406559243785	42.416018241467356	47.80425153106451	54.952467448783075	51.508511725424995	47.12574174234406	40.0243059328138	55.33446216909603	59.63092222130455	52.66303570903138	37.73942540654096	46.06803225378112	33.786347848172994	30.41460752532319	27.105065747353024	60.80572463381441	50.02922012881425	54.636225650580364	40.91666577335365	47.62507316991075	26.126652353845603	63.55679466478438	57.74804471806238	60.461007754944845	57.00892628899756	54.338619004253076	42.90834370297703	48.11621640538651	43.88345549905132	64.90340005711406	49.3858044545139	62.891619634044964	46.17639445313444	48.7718562352983	60.022980988197816	61.37077651917504	28.522680877605772	60.20200140059336	63.62713029789345	52.19523981290477	31.766075301246417	65.28606813778312	48.50557461654699	59.21836823742531	56.855648108048996	37.69881988406553	55.333719660623295	48.99713349616259	37.00714950591691	29.142442544691704	37.704717592557465	48.89464755215285	36.83459396078749	62.584260706396535	43.636717610746615	43.482001260388294	42.00421117209105	38.10935727372247	24.707078786348447	51.65546259345171	49.0807967404778	47.72074943059401	47.21817243173327	42.77941702622623	46.198759898810344	54.43688702396219	49.0550756173491	63.51264438608775	59.79871636290707	42.76146536114137	58.75709327680587	43.49172819694558	52.35116481915877	36.3203170845079	40.343888578116896	58.78069411246668	56.544577612188704	43.0137797716806	58.346916054583495	53.980088325096936	40.03654576176407	36.688008198788964	44.64844091899782	36.81297493494554	54.94973141278152	47.94420565471115	70.30502451787609	58.33364349485439	46.50042110001065	48.95253461758473	52.066693740303975	54.74186342722048	51.57474031940566	45.07219233443639	50.33701697075262	37.20257914989032	44.34942581307353	45.874433745250734	35.79505814293401	52.661982499872956	47.552321456828594	38.34902360285565	46.11871162683328	56.16479370695697	58.32249715407272	39.6603723366654	31.974927071385654	40.44161358638092	50.915705933784025	52.28557335363103	50.97649891897216	54.56284786963559	44.932062811960854	46.02375039054259	57.4763026081892	39.45755593723804	60.02344319649747	49.936519271270555	50.661488295929615	42.20785600453985	62.28636566135399	67.66817652453531
50.033457130639434	44.73784214898402	55.648373931126855	36.51648917328817	51.71665240001718	55.96353215264664	51.16998540213532	54.757790536299424	41.061065595775915	26.50285285599269	50.18601814267947	46.92671002039495	43.035747753456675	31.793059451468892	38.06727879368942	36.485707019815926	50.64584395096583	18.030889100016907	41.70054052666601	67.2874275981688	51.37685389304055	49.76506322700394	52.046462387127214	39.45033102255065	34.320702137725	37.81636978206919	43.18576162984093	38.22348644996093	35.87551535460782	33.85641852203797	46.17644810220958	40.639503951684425	42.789792904818	54.03399857568075	53.9648502793887	56.6161019791577	48.92159923395948	53.719606262321584	33.4724598855536	45.39888709944435	34.789152990872275	62.132294644965775	63.75281398374763	41.285573865743984	34.678327141058276	33.441277199604855	55.33125794541775	44.710571561729594	30.530602532114848	61.357595357657225	55.30735904161763	39.07937889341801	30.015126283590476	56.028389809803144	51.93297298518926	49.84787735863909	37.87101770194464	35.23586841878957	66.06168493163256	38.16203504277119	40.97580689063599	40.950903919499126	57.23930482121154	39.8945384384551	50.91958047388316	42.982077714332995	44.35692715749332	34.893925262163	46.47766732783801	35.351337803858165	42.26280546664242	36.618700429448694	62.92516498153199	50.223985544051814	32.69856200734148	46.54904998548393	25.830323684227093	50.26053797543987	57.16377866327194	60.214066673986785	50.703449871334094	23.80999545966749	57.3129103120797	60.68343103065044	36.29864162010755	59.251422603470985	60.98193757580368	49.55501212560011	24.380642096128497	44.89802309747489	46.93308755747313	55.51030785326286	54.89628098346794	56.20453967309446	42.028881197688925	57.38997959890239	32.06938849228473	35.03413148905426	30.066320677161567	66.82772027682486	52.268586343438514	52.7032735880833	18.463811707725274	51.225820304057976	36.504107947871745	44.43925209420949	59.210159350408816	41.56505188730257	52.61193618113476	37.52645029332304	64.85638179676789	57.75469652785211	59.10445630683104	48.309211584917634	23.035088002917785	42.41908321111017	64.34078890924074	46.74179686494439	43.46008547069366	68.637369146316	45.753070139336955	48.2784576372284	66.63023885289378	36.75534542594165	48.792886457088365	52.17282846104143	60.1837311951902	39.290265338345485	60.03871884379849	43.41637413121037	34.12393409474942	40.748611722517104	48.62237282100282	43.715816163873235	73.23379505692827	48.17581305821583	51.21576389441719	38.024667409329545	46.99339077414457	38.5361243844334	49.64147542280647	58.40467801367368	66.18361244819809	63.39147507214445	48.014463693174235	59.20571761559823	50.10967633702557	31.601161458039023	28.795164688191544	35.17405801090064	61.69707116482541	48.44617182913272	60.09982529314709	67.97646068430814	62.62897129422551	26.638056222042273	63.288396581278775	41.17305324350733	35.856393466586155	56.62759734752707	34.37829400753197	45.54732121317117	51.902788580145135	65.79128144532854	42.30261274110144	51.250020221108585	33.80891375033237	42.05796594916584	24.628622760931776	47.12837998336444	62.73241709813066	51.73101449964514	31.824040140459502	29.49447978935321	33.48331443651717	34.108890058119286	57.07440501550833	45.973159961902084	30.975539852604847	42.571251312797294	48.05369966165326	55.047475647656356	51.880088739010695	47.858702934702336	40.10432151605429	55.382057559881176	59.84171765232345	53.01153974354023	38.4676690876773	46.563847052901345	34.05151921816411	31.12924929496677	27.2740609595387	61.122926856975354	50.095479198101984	54.815443020767255	41.33380281435827	47.723376563600866	26.327749841216633	63.826302521828	58.29586621872455	60.6957659648544	57.36536418005231	54.64379334404301	43.429750801068224	48.125225231654035	43.958128751734726	64.99922171945056	49.46832472741856	62.901807830508545	46.22031146040995	49.00877997767603	60.19964146753612	61.65978939252691	28.55718340181639	60.78345870380299	63.738691954157034	52.41569745843211	31.923737957446814	65.5105462361791	48.5884499992876	59.46626773122203	57.14431979295049	37.90044474500343	55.733551786016044	49.52252344113824	37.174034017623335	29.607119402950254	38.02571816448455	49.09810121525338	37.19111716521723	63.14660741250607	44.058133879682245	44.14611724440169	42.13813748934708	38.2506931180507	24.754373945265783	51.93619126442857	49.85470433729699	48.018832762844056	47.30970833877002	43.095023273254675	46.831109740967996	54.49380415391206	49.52642652928923	63.66439614691961	60.27992497387585	43.13765396547153	59.56828096958248	43.83894961705923	52.48734955688202	36.65595051438026	40.55265791393414	59.22845866909612	56.58951771307453	43.037032888389575	58.63976244450215	54.399760043345985	40.63713946146228	36.788666623477646	45.270104151793525	37.362780546347835	55.19159798036384	48.54694256885951	70.48236449968186	60.362082427675375	46.86270732361756	49.08376934561155	52.84765823593801	55.59635326084759	51.615200219512616	45.553169956172354	50.66826416291467	37.42806801679511	44.62377430602553	46.3462013501614	36.00862976253082	52.853134789858935	48.19148069787478	38.55606205902075	46.44446545294192	56.87960402956421	58.753103667353294	39.91567730465345	32.169462035957075	40.8909561711269	51.5748896329697	52.353676080577344	51.15765239680285	54.88472053640574	45.63002814897153	46.80314831603603	57.67554795186588	39.555909872502575	60.51607336612342	50.545306618379605	51.710352140504675	42.47480351327324	62.32554980573822	67.97376846785914
50.452417123663565	44.98083347755233	55.74770046756029	36.82405249996139	52.91172241684786	55.98697823219804	51.33834822314816	55.94245731726156	41.62656904443317	26.702153144769326	50.404919878298394	47.35258794189377	43.05470917961485	32.571922977049255	38.39060287523233	36.76280101178918	51.22804173232581	18.615126547856654	41.811582468251	67.57545248219937	51.64745780211377	50.105197552078536	52.75551181221157	39.49342586420875	34.596004007730414	38.08157518704191	43.312946668500274	38.416545890366564	36.31620396823639	34.17778527783437	46.53675487405773	40.79355400387991	43.0448328052672	54.72733642750639	53.979669246683876	57.50042290046496	49.256772497841084	53.91195861483193	34.39601011990641	45.71275091795299	35.34645848220364	62.25720063811417	64.47944544153437	42.0559073570058	34.977513757843894	33.74945598864763	55.50899379405383	44.923292455334284	31.3097553827933	61.61988597499801	55.526790208425936	39.54692157597948	30.138476380229953	56.07767314266967	51.94153114011421	50.217820124073576	37.938395679744964	35.89191044158971	66.21193008279289	38.187295625803245	41.62650076751298	41.8838021728494	57.40176498069389	40.4881529152782	51.18563279682801	43.82003782746582	45.14050329633456	35.51824682674934	46.67863126918019	35.501241904783335	42.62970670302401	37.3556230056246	63.68805217790489	50.81790342610863	32.87007943605916	46.93959479376536	26.049254073677606	50.83867960002316	57.21440206036458	60.49017864165631	50.76759714029535	24.61536403488883	57.31682834595554	61.060731157475644	36.61471658317571	59.694186082131566	61.29580811513343	49.844409857461194	24.666873862461035	45.524695022733916	47.20681561707312	55.97656554500989	55.11524818195015	56.90929046152892	42.137643166453444	57.44997950452981	32.338652539066345	35.16383459926079	30.206677986820583	67.49909376819123	52.67658041945634	53.00422639306867	18.74274735782202	53.13394678093485	36.642672772839184	44.47666294974738	59.2680027657183	41.628799342082544	53.47196222781586	38.39077455346001	64.95089325503146	57.83672915629354	59.48498309729085	48.81997038232123	23.084168570369904	42.79868127520052	65.55445418148481	46.863015135843355	43.776820379063224	69.20146937664582	45.87992068565441	48.52299697299331	66.7566456999833	38.31248682857746	49.61274609504238	52.345507730673766	60.52715340313859	39.7393828374738	60.195635265649294	43.6693679983245	35.78846315973328	41.813406499921236	49.04986118488328	43.886893856893025	73.34147440787011	48.750071818538565	51.34619575123285	38.07716291340011	47.19756293872878	38.583139670643796	49.994886042522005	58.588389625865666	66.23419003438154	63.4764602892274	48.1899791552331	59.895949592085984	50.241408311565905	32.56745091766938	28.975621736981047	36.19065700976023	61.74183279834765	48.62024271472973	61.18431020131699	68.32163608956502	63.139363890019375	27.560213645225886	63.4784833771163	41.46698675219485	37.23683559563062	56.864246140670225	35.074574093148485	46.35975638827366	52.60801016928729	66.49067203947159	42.68347253154367	51.66372657439451	34.22246801757278	42.85469466364565	24.64752924654231	47.790119881854366	63.259718575808954	51.90651084457364	31.914877055586437	29.635115649450764	33.7314724443105	34.312360329993965	57.38438047788832	45.975675348587814	31.46552735885319	43.22106581385595	48.20621065853003	55.7451193841312	52.209067542237456	48.097323614065516	40.75435891274204	56.69429865031645	60.50525621431704	53.35916190017866	39.152323361908884	46.71093541554273	34.57619073092391	31.20029147880141	27.437823738976736	61.60044946367803	51.02830453591146	54.92771513011801	41.36014606064157	49.45617192657924	27.053134525830032	63.83244416635433	58.369257881212725	61.076763539162734	57.73837820803457	54.70681603037274	43.65698864971312	48.56812946845405	44.09305279042004	65.0308022365594	49.80347163856134	62.94123997798433	46.96806473432231	49.02582344610658	60.27280174300217	61.80055486087697	28.681468686317093	61.287948491931026	63.8182997028548	52.90555744398385	31.952227631280174	65.80738067248943	49.28094361978119	59.523423142276414	57.22502003515172	38.09809705116395	56.04901609336012	49.54833694914635	37.37470249262702	29.795539452553825	38.95023146153204	49.11837980067253	37.78009395625928	63.715206712230746	44.319650143420446	44.2218627827648	42.299807210113364	38.33806958506458	25.299573548946043	52.64020517856411	50.29829019960092	48.64992450268425	47.91433652250697	45.46881663653015	46.93448462563324	55.02618970763263	49.67257571712528	63.77894097302517	60.42796731644261	43.497485537307654	59.812713958319506	44.09189653750634	53.18556955445649	36.70275831886848	40.60430173089713	61.20157149515951	56.90751095924421	43.211333195866416	59.36073710096497	54.82534099840626	40.911341220147705	36.93700223056343	45.62191730029413	37.418399645533434	55.70026356092564	48.88481878640805	71.01242575434588	61.549915979100376	47.139684303382886	49.3182832128363	53.425767230609246	55.67199678144105	51.68371544714055	45.782508458018896	51.11362665340055	37.48828970703369	44.7341406950186	46.419985067052494	36.555695772602114	53.91645855583671	48.271775515503975	38.831254309989006	47.36355150167666	57.322287166231476	58.92897664211609	40.47312612492081	32.22173670775811	40.91300421446798	53.387501309112544	52.500249545007904	51.63916130933578	54.9598265040239	45.8693881326471	46.8985975558432	57.76199866485864	39.82410948141054	61.44188273057187	50.6777894604498	52.00242996167274	42.95355792418451	62.5269181842973	68.91344069768711
51.00593412794191	45.30160506802348	56.08308799571184	37.53254202069913	53.25493062760438	56.59323674591366	52.34245497295913	56.03531939200055	41.70568515505654	27.102727381718555	50.5781414688208	47.50101819605453	43.25909564747712	33.03252011118493	38.731310605420525	36.88652826847653	51.926660404870184	18.687859134328743	42.789746142413584	67.71120485337971	51.862240021521856	50.90152024821588	53.04847139672814	39.768017992332524	34.63216005941501	39.94421976186761	44.54481839716609	38.559353486547835	36.459870606261845	34.5065869742041	46.637796102111736	41.43735668664389	43.18584400838222	54.831785522361855	54.77412973942748	60.00869223885103	49.43796759666114	54.08327999282854	34.48745812498165	45.92712831945679	36.32194736203328	62.86460883656119	64.55284676473374	42.79454980253642	35.44247022034245	34.57524895767837	57.06368625189664	45.789032138914536	31.621961683005015	61.65323800773002	55.946091462758815	39.85381494131033	30.72927709520226	56.320895023441395	51.96395335529461	50.35160671066773	38.27803303394944	36.1521452241006	66.49463038971514	39.22332031606314	41.783099721816804	41.95080415243905	58.12929662401933	40.85337532274531	51.41580585816081	44.784002998368486	45.49600554153021	35.736764474966776	46.903833548580415	36.43487411794868	42.77661835950197	38.34708056997845	64.67874912744902	51.54718482045718	33.4862660854001	47.51922572530042	26.28508663196594	51.971381447556546	57.252496592402586	60.81419112264457	51.40226596910953	24.699330885937425	57.99353061045917	61.580933804108675	37.01748586965101	60.33635261134082	61.45718044487144	49.899838765903546	24.927109527114627	46.45510515690359	47.265882025172324	56.05020704078393	55.428553986838715	56.985402921178995	42.63396914936385	57.62068811532078	32.85518619591476	35.26878601008478	30.889748096190605	67.81422235317993	53.03586536725022	53.14920590929308	18.939038616198285	53.23747838275186	37.57662613892852	44.9154996281996	59.803077932266056	41.99827991220923	53.69076408084469	38.54766133730094	65.36281718734925	58.13433151916529	59.56290694322138	50.45515894668648	23.239648899069007	43.368234382063775	65.80037679471577	47.09398734255114	44.08479759136671	70.19777073202967	46.39100918019135	49.04041161072146	66.85510538529415	38.50955275946145	49.72839973625037	52.9379613141723	61.249049959536165	39.81643115972151	60.206351592652844	43.72672962276956	35.82435834961354	41.87283967423686	49.05587312522788	43.94953897763884	73.58761900042644	48.92186291806648	52.21926669596598	38.24843883041895	47.5233658907236	39.57293402329281	50.460130023767256	59.03871435644305	66.62221805512696	64.12711033372028	48.59978998926618	60.246336998701665	50.3393241264769	32.67207690959853	29.76841649405276	36.65077127343674	61.80221237102055	49.00980046318771	61.74547562908613	68.53551077483998	63.96423973845941	27.643666637806852	64.21852686685153	41.79758645329761	37.39051479309418	57.11006429492474	35.25797110819873	46.87132678035172	52.90846970051212	66.58306264790615	43.2511215983992	52.195568034655444	34.39421563740808	42.941050962316474	25.4109516341653	48.35177602008891	63.53510165300115	52.009998612441315	33.15138224529203	30.059077256096902	34.08536327175265	34.974872881567926	57.61902189699228	45.99878353410837	31.68814980005026	43.49643397134224	48.59049528711033	56.89085296284355	52.37182285142148	48.32345055088078	40.98092368996693	57.25947794613574	60.92249182813209	53.85919301650903	39.3774816058932	47.040473303192556	34.829552923809224	31.217749011461766	27.52897971793787	62.00272368534766	51.820671452698825	55.64937434246723	41.57175037578058	49.98088806470048	27.529199689175606	64.44421804652625	58.473675907439464	61.45390527545031	57.91843488830656	55.02074704340209	43.69293000193252	48.671536275185275	44.40447311558266	65.21030028405208	49.92074870284004	63.8978737589065	47.684643804163706	49.81904594505633	60.60617516455053	61.8599658634018	29.23155755463935	62.627524680570545	63.85897712761963	53.12822478077147	32.328050768351176	65.83941982522084	49.72406050337868	59.677775779787524	58.15481049170737	38.18546143477979	56.301796310744926	49.94396637715135	37.94445509737201	30.197900317903763	39.539756581709945	49.60943066473361	38.15731766057764	63.76449540258689	45.20199124462997	45.5996683585577	42.610535157820564	38.651991217647314	25.826876608705014	53.21236329370179	50.53293364208544	49.670617511996234	48.061309470856855	45.87638586255145	47.27391822847423	55.0381386831407	50.98523501236869	64.16395004417471	60.85101331605958	43.68536131361413	60.04736250805097	44.125338102919144	53.27244286908288	36.93042742954452	40.6710641595719	61.40286645045115	57.55201069713192	44.09801874508698	59.81766228971135	56.56834497510711	41.26619765941368	37.15614139680635	47.09692088971567	38.03287617888291	55.814167059231	49.98941309293334	71.38180410687028	61.82256044155803	47.25525415510247	49.75630564279068	53.683764434024894	55.75983644175529	52.072637709026836	45.89806343779777	51.224378594084705	37.55554903383671	44.845997432084495	46.444353836230476	37.135170697207045	54.21374538186884	48.94146655783588	39.024615887569894	47.43889610365939	57.43936090704424	58.949947033306714	41.369021424120724	32.26355255023083	41.412507843152405	53.420943344753354	52.55396020932587	51.99168681441886	55.18256472066023	46.056718194358915	46.92718268289573	59.50506573384058	40.34280720062051	61.58016085176197	51.11568099128244	52.09184261092266	42.98131889160418	62.861467032497615	69.0725181451493
51.43959612943799	46.52476731863319	56.1554374455612	37.725142190883815	54.89364648122033	57.35024111282077	53.078138485201464	56.62852368005748	42.5170650935217	27.172659081480653	50.807775889180235	47.57972114772509	43.75800004519272	33.03855040950809	39.030814690058634	37.00543628298479	51.93613863838369	19.279230390273963	42.89674198335111	68.66987210281773	52.019878409010026	51.03446194091245	54.49469732854634	39.86838392569277	35.30600573479531	40.4238650204426	45.03058437325125	38.87369528233379	37.359871497533554	34.59429876047613	47.08581465164367	42.56048547819013	43.200049525020596	55.322462558396396	54.99114922818885	60.015390410862594	49.4751149400736	54.44040362781323	35.31758251146724	46.73447865327873	36.626844993819496	63.27387640504855	64.9130683296955	43.077898534635274	35.72529002684927	34.84840964425285	57.54541681139802	46.090601379929886	31.927094799452494	61.74546033753623	56.26853769742148	40.154649896278244	31.07295137276787	56.97494405213617	53.8915404253704	51.08973839492693	39.27449297775537	36.37056899719336	66.91346782086163	39.48071731796253	41.80468705477682	42.929309417604685	58.303663009962825	40.92218596963279	51.71376590873655	45.02672512695221	45.636335725041675	36.06827390269775	47.46238994300859	36.63418299523936	43.09887562276629	39.25557030188184	64.96464149048083	51.704300239304786	33.817920258060845	47.70120856451504	26.720211229297846	52.11788737109714	58.53023920456341	61.11420944050474	51.75949023065997	25.681248988454183	58.80583443193632	61.853722545113456	37.03398870052589	60.54748613559697	61.89115387709616	50.875121063716726	25.05320873003749	46.546416966522685	47.767008886221134	56.11168500076448	55.46258819026809	58.028294263963105	43.01983268511243	57.777303787629	32.979858727658765	35.922455739828685	30.963213909795815	68.23575687581051	53.82760124989656	53.44318521018143	20.20368909167746	53.768656575030306	38.16967609994677	45.41864607576735	60.37841987443774	42.309023688855596	53.83475934391417	38.57293527612098	66.14371337331126	58.51439148698679	59.71211340160057	50.48120801529947	23.68825727096572	43.784803761622925	66.02581434999378	47.755503929779636	44.806819432940095	70.42219771509097	46.41149565833262	49.14676031236271	67.02523995150304	38.59187480946348	50.103895556691405	52.96382629079574	61.32122916144755	40.1518974945417	60.70797228432741	44.05523982992882	35.84449380724874	42.60697178565465	49.18032409883815	44.58645426803941	73.64402662521726	49.106737183356046	52.64702423564192	38.31002174080721	47.54910702557661	40.12355329272919	51.11629360560218	59.736358841607476	67.08121001830818	64.92310559658303	48.83534453587406	61.1375980909146	50.412846684017964	33.165278483153955	30.597270972246452	37.025825576468016	61.93560892943039	49.44647278419073	61.83106887311145	68.69986215916771	64.32717654161375	27.712065408770055	64.63797263239152	42.282526036513616	37.70672003649711	57.81543270963183	35.53560283568492	47.160029533600515	53.042229094562465	66.99956381061288	43.64811116392467	52.28828541691524	34.955223246290004	42.99399531984508	25.50866145718538	48.75265515796131	64.16093076504937	52.02235035401751	34.284110551346295	30.19178160617185	34.19873051250964	35.140104649140795	58.12728596121562	46.04942390349874	31.928507177200554	44.082607289930486	49.473120185709895	57.204915568789744	52.725401994252564	50.7824975043824	41.52165317477008	57.81770004459215	61.79387072479935	54.439555541986714	39.556357104754134	47.11518741176841	34.898942447777436	31.282067260214344	27.718005034484406	62.24335129580024	51.99909147742631	56.29666162537062	42.083644192886965	50.813286268769914	27.78331477548141	64.80452503048038	58.801605715864426	61.51359128862742	59.70359301830701	55.10085760164803	43.862733214493495	49.43875848855639	44.903564960996974	65.25088103703212	49.925376869294944	64.3152213979389	48.140755729271106	50.14202442002228	61.04235542370236	61.86694294331401	29.543960667877037	62.86437146174801	64.188533977996	53.33050068438405	32.49225500860011	66.50448869845354	50.098205185402705	60.18098450234759	58.62694807157712	38.50656814109635	57.35625894079807	50.805339291440234	38.35792875307282	31.243342078991294	39.69500214360283	49.887807284794555	38.25355056175837	63.84039476555518	45.70453495244036	46.234194573323286	43.24960197288525	38.78620503042169	26.0751126539517	53.80578360299292	50.943762469840145	49.67159827503101	48.880318199270725	46.3793978483993	47.29431109789775	55.53036175159401	55.110771381815034	64.42537273889995	61.8496476344898	44.05285920062962	60.45222838071026	44.97167992948433	54.29142295794382	37.10089465691658	41.217724821069396	62.34696186108384	58.00845084163276	44.972257133604195	61.53537279602708	56.69942845280976	41.85645951138129	37.23181356733208	47.58288829562789	38.05695427663846	58.27749114509298	50.418276148829975	71.69367533014866	61.98282032256379	47.3694767235919	50.57404561000253	54.436065505803974	55.96605603369608	52.291027376347614	46.49895938650111	51.62233319169756	37.73466500191296	44.95679111026423	46.708985026762555	37.40457367174217	54.489997397837556	49.35364203428473	40.59103901021683	47.60609918011967	58.825022270694895	59.20527662758705	41.55085981464924	32.61080314640417	41.70966439864799	54.23954097006833	52.849991425428456	52.487046215502616	55.20406071373279	46.35561218735139	47.0760643803981	59.5886886107602	40.94384924587604	61.81998009885751	51.20258066866704	52.1609455988792	43.22219530354048	63.5152058346339	69.48354558483041
52.52928184303343	47.61625540114066	56.38171576368624	37.892106602582636	55.471756642104246	57.545204838399805	53.487995134486205	56.761620320303166	42.73578327250181	28.185100991106047	51.27258823331513	48.1400371440694	44.972654318343864	34.2533896148639	39.228948327571096	37.34973388397663	52.576550059634755	20.88023777700076	43.00104543822093	69.37122436279388	53.39713967301572	51.80868663506518	54.67664535101801	40.47241475703446	35.79005153311613	40.60230155360115	45.62045926178401	39.072274225403504	37.54224818800175	35.324698292062955	47.47197002393854	42.57525187796249	43.44890832623011	55.73977831645272	55.149035143819205	60.081901814892504	49.654518777761496	55.517119128315045	35.84043280787047	47.13494454862078	36.912316240994926	63.44000453001378	65.95425334978945	45.18186908476703	36.177301110038584	35.06238718574598	58.00931286198767	46.80214290711749	32.33010499676184	62.60989644194902	56.811945530766174	40.572370365969554	31.510126403094606	57.11021009871604	54.332466421323375	51.55986827530658	39.3145919409337	36.660408839931506	67.23895280886272	40.361527423279135	42.27492740178286	43.84671959837332	58.49507956535888	41.63059143663745	52.061347486299724	45.35066320196626	46.506978892229355	36.22596062394878	48.29426806227486	37.14607252965774	43.34495074465536	39.43775827473049	65.47342178594714	51.94613991000057	34.21516236985206	47.983539562154185	26.950707279772157	52.539304194341405	58.825341932762385	61.80948519484149	52.01022008965266	25.945740193042855	58.95919550229082	63.4828089234297	37.16513279639871	60.576505433099285	62.022556974700116	51.41596891654144	25.257887156179557	49.26335306642879	48.12524467862258	56.651807167348835	55.72840943437801	58.355798280333865	43.356185166166135	58.141695372422426	34.1107459718366	36.19260550742245	31.222059769009796	68.30752023797884	53.91869765119059	53.56073220701827	20.29914056644418	53.934579033556616	38.81613191492171	45.61744637770935	60.486187092584196	42.40945362800882	54.05282693256494	39.6648154241681	66.39209687387898	58.998041456703504	60.0102133424147	50.51780558053302	23.997102317898495	43.99039038839194	66.35402219719529	47.86883876706811	45.03031184632111	70.81142325164897	46.49306573773557	49.47466506782583	67.55863248965714	38.70880561752931	50.83130123236694	53.14182179798329	61.53159799005575	40.56583122519308	60.7541224633906	46.00796169940697	35.90470668493081	43.162495915502916	49.206970539665384	45.84806160817174	73.92163130576613	49.44952996697059	54.22292715324586	38.57692122997076	47.84489115891849	41.09722600776779	51.46385128019526	59.95038544891561	67.30805845819202	65.14662145236385	48.85927089268626	61.234514617966454	50.994275333904575	33.26460139006164	30.829893058404057	37.53756343160662	62.148009632145715	49.70466318322269	61.8759120249751	68.86485561410234	64.41434340135625	28.12801751987582	65.06987456256307	42.53357442281353	38.0491304346266	57.83339553924059	35.762611158980405	47.28405779201854	54.33319728400375	67.10879691863232	43.79459165738481	52.495533017135465	35.074591136778494	43.17588972235081	25.74969422811604	49.65368314460283	64.49993618798489	52.38521681107511	34.295926403864094	30.221531524000895	34.837362205293466	35.41615185006316	58.520986986610836	46.09113962956437	32.16080444197167	44.091926809783786	51.13473336302172	57.325502011929316	52.84419007543543	51.34894879026512	41.830019489919536	57.995544587154946	62.384322025289016	54.68819242833581	39.69478539313842	47.17070706067363	34.94954224177701	32.115088630354215	28.38404923655294	62.29543353095238	52.100855250777784	56.66970691961343	43.17496291859172	51.07989816144444	27.85988947843639	64.85615186676827	59.3205537372404	61.864263260082126	60.58500294745173	55.25581147328136	44.454061380137404	49.795597428020216	45.8295878838308	65.42023932164736	50.17436845263511	64.70221937952226	48.212070308226814	50.57763120755119	61.9573044709186	61.95199388017246	30.330975162014074	63.06931316387904	64.23628505033527	54.38025965952851	32.71775909915078	66.9472914351613	51.11958295105545	60.693543834756284	58.96390342013743	39.006360129987186	57.543541218408386	51.13301016015154	39.672575243253206	31.60890288249931	40.620240695576214	50.265832798979524	38.33549602565455	64.33362025086963	46.112590325734814	46.31786661110651	43.9330468010995	39.048540757196136	26.20531401026395	54.14502774246783	52.21331011999687	49.91839830831702	49.01439637932025	47.274234054220486	48.16829791663179	55.70770345058079	55.24051831335387	64.66691090583913	61.98731192517385	44.35922555321536	60.64019910518524	45.94990420671718	55.02436384434471	37.388736931185996	41.80496230888228	62.59858149642136	58.3168628516384	46.83973396151865	61.95316934815434	57.104648665894636	42.960150422208436	37.5352854270334	47.779381808741704	38.35878695307437	59.108269653369504	50.48614725277392	71.87000142769494	62.23241071326331	47.590928374508465	51.1796601337232	54.56757535308634	56.284515390605556	52.336857259792694	46.57591847713607	52.65594923137953	38.77500037100508	45.02954750848521	47.31825438437233	37.787268973955314	54.795375967348015	49.52426589091022	41.23031575792441	47.613572072356774	59.46267234161976	59.48264729924345	43.75978754294577	33.77852674689646	41.8191082839437	54.34513012744371	53.47043189290314	52.561805243944484	55.57839541004285	46.49656012428647	47.12283578731097	59.881980668050886	42.374532099476845	62.07968842195762	51.63678113530709	52.42577141168158	43.75721283146928	63.97005390886072	69.5575912552379
52.88154437725392	47.686765509738365	56.64559703549513	38.14454565425584	55.57095230466848	57.996778425031124	53.744949796205404	57.2302737307171	42.885004158719504	28.536336555771474	51.55313041749598	48.25237203808092	45.57192539514067	34.33926854963834	39.456806000029886	37.553074131401786	53.402662576762715	21.06173572292342	43.489968483381276	70.38909787187302	53.458563466062806	52.27048148262966	54.766423092619306	41.411305063069214	36.41151040885767	41.33186686102165	46.276933977127065	39.800626443907895	37.804826960430425	35.446054679412946	47.679452829026964	42.93055717249596	43.817202118439795	56.11012620780064	56.203048069682694	60.13412774181015	50.18979331548635	55.61077670420849	36.70197676804343	47.44142110452767	37.208199723142926	63.75650955064886	66.88478634136814	45.25410828713042	36.697608025112686	35.955864720313336	58.06508037203962	47.905745797609924	33.0023417059323	62.72017915155625	57.470930012305395	40.911380409788144	31.58000568223829	57.404218813574545	54.738410167185236	51.57985083949771	39.7869591328019	37.399811344690264	67.39011413372093	40.5295811932765	42.81836951446391	44.06793518632375	58.529808480866144	41.65630305427825	52.171134797931856	45.4549354587045	47.54660157774415	36.8046656427994	48.510804282199096	37.169915305278714	43.83963434922835	39.49431561978767	65.60907406103411	52.15998281084037	34.79438889468843	48.084006444298716	27.084410159574265	52.65533262243592	59.40365013821997	62.06468108480833	52.210700725779574	25.966175091902315	59.96879281226419	63.9349712268875	38.11686529795455	60.76564091072254	62.177151925235336	51.56514150201033	25.31098422388343	50.11939939624105	48.333472172558324	56.71741415534362	57.17865084597363	58.620239834707824	43.60338837708445	58.192126514057165	34.12238748234039	36.44689080449994	31.38731603650049	69.49934752424765	54.410624505550146	53.95225294071617	20.673118971311283	54.389652251816365	38.91840665229676	46.13473802675008	60.54949785111998	43.137669404579945	54.32957982239673	39.99324002696868	66.74013302941889	59.09679702491525	60.8978083334198	51.316551588209165	24.672732265603656	44.816905235215266	66.6820806527347	48.43128614385902	45.38306163341741	70.91539921256692	46.67664055355773	50.23660800710728	67.85608017570183	40.04389805330627	51.06445403863334	53.27689311992361	61.56631337444959	41.41896090207939	60.799980583199364	46.804690693835816	36.581573899468935	43.373050343658214	49.32372996648632	45.91224506318204	74.45851783259621	50.362672228682236	55.01240787121947	38.86100217575541	48.73768850053311	41.691632174674915	52.31019440393577	60.01538207166146	67.38328722228535	65.29173688006088	48.994316324646526	61.359343400313946	51.43274213407813	33.54601729438461	30.99107371480635	37.85103901644871	62.39165414384495	50.06252145423947	62.19591579514409	69.00176458697551	64.64434564897729	28.639540507527233	65.81831028424808	42.589323368446095	38.891507815805504	58.062580336394326	35.79645543781766	47.849370342764495	54.65535432447228	67.81375288033793	44.033030746276765	52.62718753195668	35.158172524654034	43.76480138344444	25.915847137923027	50.76746869210939	64.98534966718584	52.59400356692382	34.869631087064306	30.512217754431624	35.45035672764262	36.25712011559156	58.606278447656415	46.473854370718655	32.69414347966088	44.15667170236458	51.496272875515295	57.46001704933254	53.1134717752811	51.829780036593505	42.63475157830026	58.6815179344191	62.77599735108057	54.780952337643626	40.529014624120165	47.40835683070713	35.97447695969554	32.40536718809244	28.420829097065106	62.636968316927465	53.0084359526305	57.6348837114437	43.38720241167247	51.996823625583936	28.85649406802836	64.89616387523309	59.919072891573485	63.03170630456355	60.80142301782308	55.43722325468521	44.5095293468104	49.95959032038667	45.95309397598881	66.07235014715988	51.603805092268345	65.44224937895584	49.13869912799008	51.036038096715956	62.30213058802237	62.530109803235085	30.87243341573742	63.51580877995188	64.94575415741448	54.62245753516925	32.968474171382596	66.96008481712083	51.226525300148616	60.71677028291437	59.90949412853931	39.82268897156204	57.55663982083674	51.273300306684	40.54314654789364	31.971604565392646	40.67997434289921	50.338076344093224	38.53975590132113	64.66763219486637	46.33111269457441	46.482663181344876	44.07965022929453	39.19556352922108	26.478178581591408	54.51031561683844	52.74524895506638	50.435689352393936	49.06514158193632	47.63072991636248	48.43544036902366	56.484264634768266	55.67143533898901	64.98001796289931	62.00822299375271	44.616861815025274	60.73779870024929	46.19528955056612	55.56082607390666	38.20281100195635	42.076574252267584	62.736020752808884	58.57070943061106	46.89089429834533	61.97617219877535	58.24413577358671	42.96862776323359	38.69880392530013	48.08375876719135	38.92644874582512	59.609821394369256	50.793379325144684	72.22181584467458	63.00807432829776	48.00502298276278	51.50474389028666	55.37796642326302	57.205693968998936	53.213254449165426	47.663644875804096	52.921946843024344	38.96469385069013	46.34464006879756	47.488177820194934	37.80856356107647	55.089133328815116	50.268460627665874	41.29359513339823	47.79979564534752	59.54647128169619	60.058173316497104	43.89445979989621	33.79800246324025	42.466688383207845	54.68845957108226	53.541509013539	52.94562229948309	55.94150802172038	46.95745750959964	48.105606202388245	60.2127720282245	42.48792262094812	63.18400751869537	51.67024554645164	52.52649394816869	43.81192062602242	64.63978660735249	69.88499767609977
52.91240060437926	47.768061408450826	57.320112084227404	38.6330178136029	55.96410285082418	58.47468046554712	54.500381841174864	57.48324180735863	43.101803731037904	28.95387718943735	51.99570336059415	48.623572608121925	45.60930384595208	34.44894724089012	39.48448928816962	39.48503830484181	53.431820824120855	22.738571748416682	45.200691865704464	72.68873485669661	53.82026752354158	52.380870496657074	54.86015150079252	41.66745528258552	36.74294148769093	41.43111664500546	46.443804667880585	40.54184434062884	37.81313174409263	35.650554065823975	48.21585127186551	42.985945230272904	44.04052571673556	56.58221571061874	56.24883912307471	60.36783285058616	50.3343254903449	56.23573845226193	37.09166408179185	47.668636283631606	37.367771254207675	64.37792702255474	67.44583764098745	45.69676240254608	36.747972573755845	36.239297450077316	58.52427043223137	48.130542996701635	33.32229021234681	63.7222615509778	57.55767710889644	41.63965218555068	31.920063159958083	57.78148270545171	55.435747858396915	52.15448216691985	40.13378597731251	37.79021959026206	67.85771825293887	41.2009746607391	43.55854145585988	44.18040948050317	58.9872229870599	42.14515133688991	52.921197165450025	46.08499539482131	47.70259782541465	36.873932872002676	48.53618614236488	37.30494712074421	43.957958052761875	39.76964162603223	65.85230363106571	52.39777590426096	35.31238231110508	48.70601622426908	27.406831113710034	52.89646241243711	59.41894819873431	63.05521075249184	53.71063411677488	26.444611505465826	60.499314944211726	63.95495973366893	38.184683364135914	60.97582039396044	62.32939432049511	53.129090710590646	26.26974195735135	50.89385169168352	48.466154983931276	56.775992841058525	57.32064149492248	58.915084960812706	44.68679867555702	59.07384311385791	34.41118758880374	36.815640301468655	31.692470608901395	70.10974627466231	54.53922305448642	54.92117324208775	21.216052419394416	54.444870216138604	39.317806711084295	46.20381273966556	61.16164649624604	43.69366662247915	55.133664979992844	40.0883078050908	67.64194785066168	59.33092648003829	62.04803940176149	51.85454922170171	24.87569591266897	45.104298398403564	66.89897890110338	48.92860614323871	45.42550102516189	71.7567006596999	47.424862067653706	50.66673795115717	68.21700803886569	40.38091420514052	51.1574635808298	54.07385483086181	61.93226934446794	41.48846930774399	60.96959528103337	47.11985672677064	36.71640347200099	44.03883630156205	51.24670345920357	47.02448255521306	75.04702477777158	51.16600341286911	55.03786484668927	39.04351997872581	48.78879425913293	41.765662332167615	52.35753321873259	60.37629040369175	67.6410538668264	65.79731997980926	49.597326506190015	61.52499402529946	51.63762885335538	33.72292431085384	31.054820156633696	38.19769371791619	63.22422709056832	52.69146404110264	62.26275445591249	69.05717908164506	65.05972911098456	29.901013193319503	65.92195591162898	42.837688925601796	39.35739228745329	58.131672533110084	35.96234651253609	47.986221360190356	54.776580880838914	68.03826384530255	45.55681452138967	53.16128647280224	35.75365692292834	44.461196996410344	26.236245565115905	51.10911586916586	65.08036194091339	52.77338466744114	35.13787999791246	31.335560621673885	36.13391065405138	36.49627916020536	58.76878571745173	46.84830287898649	32.8605409063879	44.464125317184575	51.68119818611505	57.50336933729267	54.268015364992074	52.122359240222785	42.755363027092315	59.134879466200445	63.08035101628256	54.92359766612767	40.92873714377264	47.40854806285048	36.03868988145726	33.03317518780023	28.495842167767155	62.64181959766833	56.003586776310875	57.966932814540165	43.506199090031785	52.49441139515833	28.929482779027378	66.39055418498131	60.62651318446017	63.32929455204998	61.14071399368781	56.46839756153149	44.605202176983305	50.136281600107075	46.2869163132596	66.34183998089156	51.69609982798578	66.03475191219779	49.33415685269481	51.41410067454817	62.470487965655664	62.68619784084616	31.292140990424308	63.56921075591325	65.02309900179131	54.928017501671704	33.13525202790056	67.09287860010036	51.42375558973014	60.93301919148733	60.19439256982121	40.01059046915141	58.809122127233756	51.70351009886128	41.485461145331605	33.56527147983213	40.92692911230527	50.483703700279335	38.98191744322685	65.07223376646378	46.58670609327311	46.65069648538174	44.71497901172132	39.851263693791765	26.62491588693395	55.220193903704335	52.86622645920977	50.46243818208814	49.1628352293451	47.75000486247514	49.229091165768786	57.32706322976219	55.70264601056138	65.03420162607108	62.25440863431392	45.11329326324579	61.334067909597316	46.359987787379175	55.83800570468006	38.33136769100261	42.14296657173946	63.252829506566954	59.2597189389229	46.97289763403931	62.14110624604337	59.0189060920658	43.006068140289806	38.73731452103469	49.00788801645498	39.01784973702382	59.75036552303643	51.34383208235397	72.52279104173995	63.44361456497785	48.88433057193721	51.85908370276098	55.80619528273871	57.24122754224329	53.649104688851494	47.73890090737521	53.01641387506847	39.42423452165358	46.8222767982345	47.72658737957152	38.465500878156405	56.10295147234516	51.09253372331441	41.54865387280832	49.122322530763086	60.31617456716319	60.77127384202181	44.05377772024508	33.9909310904288	42.66819824333324	55.32805517382785	55.04684891141943	53.38431207659712	56.00440559209074	47.441408728948055	49.82450275818406	60.66887997084959	42.56107678739703	63.27143174697523	51.97123209027562	53.514042565347125	43.90881190861924	64.7796136067227	70.30355970095616
53.56114585419624	48.187227141817	57.536764594939456	39.48871841701829	56.74284300662592	59.17642113351026	55.53732208440517	58.18852829533224	43.30751475505639	29.328413201043077	52.92022317385766	48.986825544835966	46.002967622873875	34.46248974150501	39.60208412270357	39.96210527748761	53.85813571176133	26.150293656572117	45.23344052958203	72.88431192458441	55.41121300403076	53.10382091194638	55.532327983262114	41.90623745814508	37.3175096049179	42.20015553565717	46.52995386163595	40.58090362087786	38.60880832115821	35.69426680284112	49.07003778652761	43.99815818089231	44.324555562007234	57.27198606283279	56.32427585978994	60.41096112440115	51.2646460459077	57.10533215816826	37.56185299345365	48.73101195551467	37.44479241068875	65.51125135143066	67.52719359164828	46.58842691601276	37.773412772570936	36.26782498791076	58.73442734504351	48.2524357383259	33.70281904596087	63.93558450094292	58.030094381142334	41.69627962765901	31.976107549400037	57.86980248469308	55.98188333509561	52.26155378049307	40.154494892417	38.00064186833024	68.20274480834848	41.92665191647834	43.70861902599717	44.54884567966919	59.31391631070888	42.18001151035528	53.19316714549792	46.36542733444393	48.01169335755552	37.61540001689822	48.82947516977428	40.69539971938094	44.1932119855495	39.813202595275214	66.08612991728572	53.05736405295391	36.75418430573237	49.64408314205454	27.937997067295413	53.207746186569025	59.837219574441406	64.16905980702604	57.03584097154215	26.570336705406802	61.40815476522168	65.39384437079472	38.745200961910314	61.12487048891933	62.85546660405436	53.25098249457707	27.236586904416203	51.095694980259395	49.106569144802386	57.91307243223912	57.42000293399161	60.01829184876417	45.17472644328336	60.24121204856253	35.379447441145345	36.85089226221133	32.03821155997423	70.3450374135555	54.787811007381315	55.27544271556157	21.407150725202232	55.117398811951794	39.47906684709236	46.32700288388502	62.41136965460956	43.83958075128817	55.19399923925565	40.81867403216078	67.76699539543638	59.82392138243171	62.15311727366161	51.9076019301399	24.92420267457124	45.54105685601799	67.62910416438326	49.16254859418229	45.607326862626834	71.81902789790475	48.20141710143277	51.06094420613862	68.97898790543516	41.05353173270043	52.15552469100344	54.3661846943076	62.03565334550196	41.722292796566094	61.17371018033286	48.108796951634886	37.594052475108576	44.218665192301	56.69612227304902	47.158918215832344	75.3086150222259	51.25757201426388	55.07159882969066	39.18703897164824	51.248765815931755	42.1349683960503	52.5528884098121	61.119536427014445	67.99781496944848	67.2685073860087	50.22480504324828	62.88933828251309	51.91430346885186	34.020955973013066	31.68881191333429	38.85131991963372	63.69687000498483	52.95047692564714	62.6946328295287	69.23061693793031	65.08576690549847	30.489349354105375	67.73116806289153	44.078770583405614	39.39534193216799	58.86212006678161	36.448318956424934	48.39085090906753	54.852020749381445	68.2269633230045	45.72137204890903	53.52255045586553	36.94452171919538	44.843568483729605	26.46558801821434	51.39650639980954	65.15364910325479	52.81203946962501	35.618326397601116	33.99762509045218	36.39245601695399	37.136379820786516	59.59296988849185	47.02106140290339	33.81753206403717	44.629038263804844	52.040092512071844	57.73440047667302	55.74051968201453	52.129167454043206	43.182039883370045	59.27995086351958	63.12161089637248	55.15466039119343	41.13394860488606	47.68327037927376	36.338216439936176	33.51477997378033	29.203120741771215	63.22379761394572	56.55249627867918	58.3107090668568	44.92236138816101	52.73306102547275	29.21845704095729	66.4036270486171	61.22854047092315	63.5909363329436	62.325212528353454	56.602938080052276	45.047680010164704	50.15141359914175	46.6796834374038	66.9131259295953	52.140000286194976	66.06927853945615	49.81767147506652	51.51644316846895	62.777139475387884	63.525957100776395	31.54498808068745	63.933373748737445	65.44030944452064	55.029774122126916	33.85756966136425	67.25525435221265	51.43832600542106	61.17760628562127	60.52127357940662	40.55964226797072	58.99229743850435	52.540298524555745	41.8804576601492	35.45747224746577	41.09292023650253	51.48972514582309	40.03217193640912	65.37544918961189	46.73311642426692	47.29188150583887	45.22263227518575	40.1281422064786	26.871876355257676	55.89981165104633	53.600905972168555	51.49890973700523	49.80772959551635	49.22357733903711	49.39170723798645	57.93031399797741	55.73214522051061	65.44276243804204	62.34446043121203	46.18208530145824	61.50844775418417	46.580472034236216	55.92790845115517	39.78126548453032	42.33787686074421	63.435089161373725	59.68146887073803	47.131792034919656	63.22443865972028	59.24907887030682	43.583162769656184	43.713810431049886	49.311704654533095	39.505932994140615	60.41210848432565	52.02487142200785	73.786183410261	63.5422495772404	48.943513806071756	52.322463808234644	57.377277457776835	57.74768497715256	53.8157923931031	48.23036130226782	53.23699820659059	40.66975940379264	47.3161248820689	47.94437717948009	38.52326707344065	56.80273180443172	51.32247287222	42.02222032590237	49.44078158009854	60.33711415663838	60.97615966755359	44.35932342179087	34.36743816207838	43.885131803874	56.1724773987477	55.342265901514075	54.03564140772035	56.457948714736254	47.72888491254276	49.916553858150365	60.68015750016821	43.06911404771971	63.332066860830004	52.37592913555821	54.28124284997875	44.94714100506484	65.56210581286886	70.51182304113321
53.63991848433254	48.33038687380969	58.253336054817275	39.69037529711317	57.11593169968858	59.48963981100857	56.278327599021665	58.93044845581664	43.54185930357649	29.72591138347856	53.66506410509278	49.79111876639319	46.074382181378425	35.131661312519036	41.21163721668407	40.56746394572727	54.76358573433427	26.92217664414867	45.606060152285316	73.44864804097902	55.70852968709981	53.68947308630376	56.1936600913575	42.460968696413765	37.51464912404668	43.30962057106129	47.14073308973322	40.7036186717522	38.675454029731924	36.149126992465916	49.70516809437527	45.130190767222196	45.6191076383655	57.2873006514789	56.4500195561374	60.496878436376285	52.43007776923151	57.811309684737914	37.82720659621264	48.76102077778523	38.9639847009789	65.58959418555732	68.76854556726398	46.80315056593321	38.274027952322804	36.68952303382516	58.90358950148156	48.54591425469206	34.04833010277879	64.19107368128765	58.862781718691	42.09361296165312	32.486839422149984	58.18984224221614	56.07693589065934	52.68675491838571	41.448879793619064	38.08813429714176	68.95029473814077	41.99226475244894	44.07570732346231	44.670309012403635	61.14126536193302	42.29969774201495	53.4746249683641	46.52234516426615	48.6611186283274	38.789621905917315	48.99338349690617	42.57957236305448	44.309994354903665	39.98157513275709	66.22444178710015	54.01568785393359	37.241974056731955	49.6734683744486	28.38641233966178	53.427445285041934	60.51947569151005	64.16914180399301	58.541325979874735	27.343232267194768	61.59256547987765	65.44732822849461	39.012803464848744	61.33966224011287	63.93937461062826	54.314627054670645	27.73234132248559	51.58573632125899	50.23458162613993	58.03620223735273	57.45008557498164	60.092442852254536	45.304283508926204	60.74830825204661	36.56453961012616	37.13135756751869	32.113017045257884	70.49917849885341	55.29673645032495	55.41477230040891	21.802956875864936	55.55370156956007	40.686445351902606	46.54627654523787	62.809418499944165	44.10009132114813	55.433533950874285	41.756215046188494	68.10701425859877	60.018067884852435	62.63177704804924	52.633652210212524	26.697802146480925	46.20699410984927	68.24610171146347	49.921355621093156	45.66001953351416	72.01626764991661	49.051155767848684	51.37660824312488	69.41044276928983	41.70960208917749	52.161229744428454	54.99716230774939	62.1221719177965	41.724086435572126	61.33502570905113	49.113847072095716	38.25723839422505	45.250014820261654	57.14146212600243	48.060499742297836	75.60402531466838	51.88412367089407	55.322151859655165	39.305016727028786	51.30726954494156	43.30359837679707	53.16066977203231	62.635907100167735	69.699418534565	67.42735063175537	50.49631048847861	63.76666395488898	52.99342922512388	34.22676434705211	32.150452378043965	39.706853047348716	63.72015920110259	53.187824911009876	63.764854057206584	69.53223709316146	65.35052378203862	30.63606031397773	67.90754799787007	44.32334405889233	40.05299878170072	59.43318070903122	37.4366297048454	48.501896822776736	55.19894053068426	68.77208338792039	47.038637297830256	53.83475509499347	36.956727243051226	45.93409493756648	27.68441549823165	51.551156012189985	66.22037553011344	53.10906328906919	36.31492990733575	34.148652710736414	37.00700379368779	37.76694941320169	60.00078239068975	47.11439867096831	34.131238711436225	44.81080407410199	52.69352218199944	58.983709482069266	56.2663381227611	52.2468030608401	44.20131507790787	59.77119728433415	63.65096716987303	55.593003943052835	41.41035418233096	49.00648508600168	36.853928528033606	34.1783900570647	29.30788769107992	63.82287585856831	56.807244068663024	58.504759587021816	45.37549234362971	53.18517710924588	29.5843344913129	66.68768524006897	61.47970733685617	63.8948991913472	62.522046911671445	56.816926702481524	45.48713734270071	50.83286671504101	47.62831543679741	68.33514448166554	52.27630007868838	66.96662719445709	50.232808729065866	52.35655757874909	63.33008345097825	63.81538507673586	32.0924063234475	64.14481200694286	66.03515014838037	55.37918563858704	34.19111054818845	68.48623133653524	51.71520770690463	61.77983441390298	60.70872797297663	40.803881223122865	59.34190803644227	52.69748880824042	42.50567389997105	35.58038552164004	41.621091831134684	52.12673455932641	40.04705578844408	66.93747156092923	47.65477728518347	47.94947652299335	45.59767716987481	41.17331294573455	28.31481134693027	55.97836538781223	53.747480046498964	52.17888945380501	49.961165300141154	49.700494553040535	49.41484327167578	58.06955795302654	56.065398681557504	67.06833938613562	62.774796682284624	46.472987545517306	61.712931440554854	46.6884999726005	56.2055421863089	40.43205254874952	42.451516668200036	63.588424343950905	60.21488969459124	47.14040092988071	63.36149110782848	60.500524510361146	43.62450344718251	44.84996187591434	49.38205929322558	39.714910498948036	60.95122835279602	52.74542477871182	73.81108152921827	63.81025342575732	49.04834289248735	52.49103178811242	57.411977226834296	58.015015495052786	54.24410955496467	48.84663037926763	53.60041024386928	41.63650364788115	48.12096744652996	49.7021240546594	38.75740523199713	56.80885214761629	52.787900525058134	42.24338050351301	49.4608339687137	60.832378114493814	61.03733643691942	44.48479704668873	34.62823823863173	44.561174978598295	56.84048927276609	56.68993670186383	54.3789822630805	57.12396303827855	48.459099195910056	49.97624106788504	61.844801144644016	43.31894388255265	63.79641932729106	53.06872711858659	54.29305032569971	45.19793391372857	66.10945062835974	70.55570053793154
53.81550238523361	50.208676312268985	58.61378200020973	40.82985218995101	57.240693458001616	60.295303859371415	56.570586517618096	59.10061264672844	45.12091312966436	30.703407503102763	54.31556656866708	50.75230636080283	47.40877054411663	35.20040828452656	41.3107061026314	40.598647896678486	55.73194707044188	26.97194464771397	45.936427096461586	74.64985140357517	55.95073783467355	54.34103359079656	56.601628582670806	43.05998277561534	37.630032987588194	43.4994521473458	47.383570140252445	41.97939512226827	39.12760459258829	36.492901979230396	50.660961489351	45.794727381807064	46.313661999470185	57.789705755203194	57.72106117537351	61.3153230634589	53.29678191403023	57.947779154120255	39.212828351441786	50.71298223045074	40.35915569907042	66.21567419518802	69.36630188985109	47.3117719526637	38.72560865419792	37.21607554783111	59.19314475171761	48.59548900663254	35.576593292433905	64.34213423208533	59.18105445946551	42.44406972867004	32.65981360781396	58.644232219645794	56.3057748670519	53.43483427042667	41.48795630188214	39.17288726057594	69.27197055801797	42.14464347197505	45.15892689531093	45.35679256407115	61.33745706589701	42.32163211954274	54.07423358005459	48.29755558872686	49.61764405850182	39.39705132164831	50.59386738991747	42.69518677268836	45.29003543787739	40.66187459990588	66.5141859567464	54.81787174612821	37.33599694231654	49.921705067650194	28.764802595801253	53.56711273355869	60.839094322652564	64.32019544536331	59.92288972007452	27.489953663898643	61.875546521146426	65.47033450152118	40.06455880858658	61.71125157983084	64.13693654691907	54.73538958564785	27.962398991072448	51.947437620127815	50.881967062922556	58.09167084738045	57.571263757209756	60.672902648017974	46.11819111799427	61.35567757896523	37.024561812864206	37.57968021665928	32.19843977908148	70.75892210921559	56.63044452068602	55.97877510287126	23.663544807496084	55.61873831758306	40.76479121550987	47.03751409490361	63.02303348171755	44.467675393157165	55.71631850483428	41.791257466659175	69.06357324814816	60.56511354806184	62.75163742445343	52.72495803723261	26.95079865629237	46.69322295544974	68.5483337203911	50.64138082716319	46.245936866406296	72.35207972101283	49.569906668025	52.39027852339248	69.85107172364619	41.853417102806056	53.27245009264117	56.13634859634745	62.49413811199745	41.89316758116368	61.64710242585179	49.76032040437524	38.573385278606224	45.49689581773795	57.89788657274782	48.43382302445295	75.89629344459055	53.22439592374181	55.968667114125616	40.15445813893	51.704867751734746	43.537488667263005	53.35639404082223	63.12681932186976	70.535832735975	67.60740117392957	51.3739477218702	64.39939060987273	53.5047532242986	34.45437113744522	32.3807128222924	39.98704945949228	63.89881133079555	53.83840617225285	65.11263631769734	69.61996361400804	65.96760224833996	31.352814506084087	67.92182968937894	44.673871361845144	40.26729825982572	59.76090505256253	38.123959727092995	50.27710767221765	55.808643646137334	68.79155922494675	47.41880307169253	54.1946918881133	37.55037051293726	47.30683425740832	28.170480585761172	51.68595638283781	67.77633418447697	53.45468434320857	36.51555367822948	34.37884779431296	37.70335914692687	37.768879603323114	60.00427299581687	47.92087355983743	34.58768141951205	44.91275758321908	53.21647860162546	59.15468421330969	57.20775125751573	52.58835372767644	44.720892142240224	59.79153506749957	63.73211452274128	56.15501227764757	42.73248557572231	49.81965238629882	37.01370752713024	34.35789694697408	29.745174937578422	64.00263026480334	59.72053982325036	59.4026840997137	46.45502345504216	53.23718780973584	29.934431718617436	67.54122745491692	62.319183212975	63.95702396617809	63.95435131484335	57.23046580850797	45.603187176279235	51.30641400304348	47.86216170744787	68.49120679579	53.569462209477464	68.10666470063514	50.58161215586437	52.368885905669885	63.352163310067226	66.79893835046533	32.703203493144386	65.25539011096306	67.00949123486359	56.19524947254318	35.2248880230536	69.76980114157455	51.94952556562625	61.84765584863028	60.943612571565474	41.62277882616822	59.97231717252374	53.047475381252	42.64359464087418	37.26892137390219	41.64029378204264	52.86449810112366	40.591019532113094	68.34625516436662	48.15752338223615	48.14822346325381	45.84653201433423	41.34820973549009	28.7538984385246	56.22221098618935	54.01710534577485	52.2021590806535	50.26593468730112	50.82017404984922	51.008533522610584	58.42374512666659	56.091912728862674	67.20205680139355	63.35247261799016	46.70048379086929	61.72030569059864	46.95598479742918	56.41684046938205	40.57509381610243	42.777718488351816	63.66368488641411	60.51739305298574	47.288528398257036	63.54096261075652	60.60015092956034	44.0174492407976	45.02828828519692	50.276260027838966	40.22911106353063	61.367526263691104	52.93260621361606	74.65455712915397	64.93185115374995	49.18003991615979	53.83664331808705	57.77915967438143	58.35679624839353	54.60653681991522	49.533023357676065	54.627036769315296	42.002892265391736	48.192029408826826	50.56823456859717	38.775674560917594	57.8473684720503	53.663857183651594	42.69182425223446	50.53995133468882	61.21350091700428	61.31560433077076	44.7482054363312	35.89911897858412	45.26559766941379	57.1120346799421	57.17156130889129	55.078928702230655	57.42288172943534	49.10081574354328	50.12919257185345	62.44387730177981	44.15358652971901	64.07732726582125	53.51623550604584	54.39530621049946	45.31882160452079	66.31748483662844	70.77341669466227
54.18512395829424	50.53554928221023	58.73921979882888	41.153448497066286	57.53034285204757	60.397733370189485	57.30396033369822	59.38886550715718	45.8893999555062	31.33270804417066	55.3459781431997	51.431494532608845	47.6982418125541	37.04239835806115	42.95196309209591	41.16882575552215	56.46544884266075	27.217600603901293	46.22278570009676	75.18146234824806	56.33886307229992	54.587267722084626	56.971049739546714	43.58531779926321	37.89824339186613	44.007925353575814	48.1670642942927	42.482952119934616	39.336374067419555	38.15468553182248	50.796531112405646	46.06121517098106	46.991012276761865	58.914755183011884	58.38469216224558	62.08525996772684	53.31095310761871	59.416826348747634	39.501369268256326	51.08588714030691	40.77300645956581	66.61180289304014	69.88621022190057	47.406711251288584	39.09740960260706	38.0226894782846	59.31070138541208	49.245889054682536	36.22042913666196	64.4936992848663	59.82464860358401	43.41724358911506	32.765181437753846	59.248631113532255	56.36656582550597	53.65334274010426	42.02565472732621	40.59425914938813	69.68418132353484	42.78879601192271	45.27560299708526	45.77564629925063	61.50805679086882	42.96252057897054	54.328882825039976	49.11812965685354	50.01955330628037	40.14709157441444	51.081655949925775	43.18690747091364	45.853275618692614	40.98898998216061	67.88273607439464	55.30350259626276	37.57783333145599	50.150004409455676	29.235379903483377	54.61086404015923	61.09165193662259	65.76756250502562	60.72167037494101	28.050445781338553	62.10401485316435	65.5955142341677	40.514880751670276	61.88792740814842	64.15302452125663	55.18043857370479	28.0638469647943	52.668134600126585	51.996076097673054	58.349033520043186	58.43420821050801	60.848706705031326	46.33091159144355	61.55819200606813	38.17044300600293	38.19703429120039	34.18162723239078	71.68073596431236	56.68965502377504	56.03216171036284	24.24887009210978	56.19927657007803	41.046938190484056	47.083123331919765	63.63728528679086	44.7454953703304	56.344275257258374	42.34365246270169	70.39715025111828	61.204274913879296	63.877274542906335	54.01222678778489	27.850306122096477	47.04930875279853	69.7453040081036	50.9465908526557	46.27700694074976	73.51917017370145	49.8585274719929	52.69713522296899	71.26387198245139	42.084225694570094	53.82081810604117	57.094025792068976	63.14830406127799	43.44632601810686	61.84847416379044	50.53273152036158	39.2686685299441	46.26078069172591	58.470372635026514	48.44862170706239	76.81336872797921	53.244659680949304	56.632478749424436	40.48390554472869	52.874611567222836	44.151267854434366	53.854730192173136	63.61743826032017	71.10215109261831	67.90046333818623	52.40582112117742	65.67106701829115	53.73196879173655	35.96882072044192	32.603965298848216	40.210347509977154	64.70306514879175	53.88518739385113	65.29947178927756	69.92369840418354	67.00358162245797	31.41306939666192	68.86006003245048	44.802970561420736	40.79568548222762	59.92648563984823	38.17257082063213	50.54121245600444	56.07373755456314	69.31709326660854	48.279386921437855	55.03757833373518	37.85988405760569	47.507602490763766	29.073935113010155	52.28833122143207	68.91985693373184	53.95280580074777	37.2834059413378	35.03684069019003	38.08500529148263	39.11622949232705	60.2188150879251	48.50175870773867	34.755599096387776	45.03534243060047	53.49403041214861	59.60150383604061	58.05456240233303	53.06174811907327	44.86045020964074	59.802925834744784	63.76859356565919	56.45908186413665	43.061091607997085	50.40334607874589	37.442365021995144	35.07515905067447	30.101987572781006	64.05846912662679	60.025862755943834	59.78672126766459	47.034706249058594	53.61996744813176	30.14185552879461	67.69358962352847	62.88268365930876	65.47316235796333	64.37635500310576	57.28438651169372	46.15253760029084	51.4497904534703	48.77938029435326	69.19043288563049	54.15553080685185	68.68649488931472	50.634967763025564	53.43971305685091	63.607179399660055	66.97836845131391	32.99376286791372	65.71560641004095	67.29974503280285	57.27515208515087	35.47600650969163	69.8850756562616	52.137726756219834	62.00920085843296	61.716251120461806	41.65470384459959	60.17659076567935	53.5115800316338	42.76507327418684	37.389220440183465	41.73086144204475	53.30157887800741	41.83258914420597	68.69367662067123	48.25706365561157	48.71446323872894	46.03174623539519	41.82781320405706	28.939716635744567	57.59092025495982	54.48285552353332	52.32956908952347	50.2918138929851	50.85448025610731	51.59871301794936	60.13248810159682	56.587205912223546	67.8541752000592	64.50894025656028	46.76590524749234	61.97892128013202	47.542754294085945	56.822589415367226	40.69108651381807	43.080645921027994	64.86980901488144	61.24077320026403	47.50527442255541	63.87724174103757	60.66523578097795	44.17237378085452	45.79105865248795	50.40834622675104	40.977000259602185	61.82850067572158	52.949059511633976	75.10101454708203	64.99724923106268	51.70009106812897	53.87865325798888	58.4147695612769	59.06466953098469	55.16437944471399	49.90565484845827	55.10122020069777	42.55536743371097	48.321823951288025	50.80522014362379	39.71934708778953	58.796129721004284	54.163898003611315	43.328120769533626	50.9889174210313	61.72975922868418	61.9402576732268	45.01202378495344	36.23418336515366	45.909984751430194	57.2650140603961	57.848368116685705	55.54628068857368	57.798863602752114	50.224353559535395	50.24889906497258	63.0106223178185	44.60122711643678	64.16294714425347	54.09426969957301	55.26840991413607	45.83741503881441	66.49496228385128	71.29653810170284
55.5807039058772	50.87064887649009	59.37321980210103	41.19593038543511	57.71738084647909	60.504744019320746	57.41292904920753	61.14768795521016	46.09680001957138	33.405958918217074	55.90898637490714	52.345324474032765	47.87306152888726	37.571276618651	43.09027075111801	42.74500015561824	57.15949137709245	27.369070491921775	46.39293652260519	75.4251483315495	58.02365217344744	55.79101985395259	57.11804137104148	44.25298067111051	39.9154606442979	44.844538202423635	48.48003155927604	43.95922394881368	40.95373968290329	38.27671252359973	51.54665380040267	46.27849964742411	47.23739628679451	60.67365685757499	58.532155859209205	62.82219349642238	54.02080904589363	60.24785763827475	39.712619200373965	51.94951598588646	41.45966103190105	67.51043966223801	70.22182254121441	47.821762807429195	39.28314327072234	38.335775730421474	60.47375352112341	50.04473108945925	36.63168419362748	64.97907625870099	60.33430832599851	44.00501855586491	32.93460454244417	59.61157985135751	58.66858073222818	54.28006225182438	42.72674552233115	40.65292893190928	69.94316132306828	42.92172610160122	45.58447928743546	45.89322994549229	61.526663505112786	43.543072527607194	55.73399855000008	50.22426394617303	50.16809185431573	40.32952872358022	51.19534692696672	44.68304811929541	46.77150529568969	41.36134816594013	69.58728359748069	55.53306712259816	37.612711293259224	50.295714222610606	29.692009063170836	54.842919168721394	63.646783569015355	66.03460771830477	61.0436452863086	28.98618812919322	62.42137790473234	66.33270159245941	40.68171193156957	62.109851804735754	65.07285225425765	55.44239567863346	28.659607778366762	52.73986001827022	52.884392999761175	59.7010099333033	59.405015866385554	61.46411112173688	46.96321597642363	62.393364736805545	38.283452147061695	38.88665671814719	34.48555582636687	72.41353761176664	56.96878994771706	56.59873848275223	24.788244685220544	57.55663307525069	41.23878041049716	47.82545735983605	64.6256783977196	45.26674921507799	57.17226063526972	42.52727423395475	70.73324707497952	61.83561109151067	64.22270760870916	54.26845198231011	28.487732880465217	47.253707777559015	70.1337981592442	51.16634281930964	46.37847582990923	73.61147824861922	52.22612330638595	52.730094967786776	71.96496841280154	42.37762136754692	54.73148021846368	57.27243775032691	63.325606724700926	43.99554347283592	62.36567034992024	51.688243622938984	39.31315237865787	46.42056345696978	58.65186558774621	49.029054078571434	77.4182413039469	53.53266985632112	56.72505990055858	40.996520902350866	53.18436708155714	44.20562150519558	54.32827193812486	63.86244769052234	72.11743604563607	68.79562430726106	54.50915018801723	66.17019520796653	54.049542400946805	36.16602950268203	33.72675082279243	40.58727559466226	65.07627729454715	53.949332729959224	65.31799661724956	70.18461962122107	67.20661186879789	32.050516232269906	69.77390335520154	46.01438669151746	41.32397141316854	60.10293202518763	38.733837387129626	51.22508902956165	56.26392293776805	69.3672821743265	49.06594688342502	56.50655066328559	38.36993607390599	47.735364672239605	29.4389911861053	52.76292057052936	69.20075277591715	55.074372201587686	37.66381290832552	35.40316325544973	38.498522523460615	39.74137354882892	60.608083669421184	48.88208941198429	35.351496483437124	45.06070618231123	54.01664986662496	59.94223748121622	58.22268023892744	53.237308399588244	45.523485093137246	60.69479576147547	64.31290125118458	56.667509716533715	43.093663283695506	50.54725226634825	38.027091848553994	35.223695942257216	32.244654596327464	64.96350862844548	60.30138109653061	60.96481938316236	48.83822860400763	53.7525816563205	31.082439773763216	68.4780865246502	63.37994250286072	65.81692105867812	65.66858908494157	57.766842477790185	46.69659346099213	51.83254811496221	49.5023168821206	69.57055534216937	55.57086142006522	69.16931899816198	51.702500234500164	54.242911603081495	64.36867617542956	67.07049550614059	33.21979001271675	65.97711337658046	68.36515975487576	58.104864449729824	36.07529600183318	70.23045680563601	52.62173048388265	62.394624440776454	62.54044068692412	42.21083832655677	60.18524163420901	55.03756939188931	42.886231743565176	38.15939503104865	42.877701554253676	53.79384983662657	42.06392496384901	68.81254486387708	49.79291453555181	49.30195136532118	46.29838021123128	42.30507602737636	29.26918873984705	58.43605441068852	55.613298161020104	53.182161093875095	51.311505171437155	51.19542284037842	51.639272325008136	60.82257277578044	59.301053523615955	68.4457876648307	64.84008901287511	46.992141194795465	63.04094269666867	49.35987870421149	57.417580616163875	41.25891294529703	43.18568573931882	65.58954121189011	61.501837441306215	47.763278907575405	64.12846611896047	60.681464991169044	44.48945957119729	46.315525994572546	51.11310352065631	41.17901689982578	65.14319924377585	52.98344579628772	75.87646768620365	66.21031940505578	52.42030633351358	54.21270731605088	59.99028116027985	60.31419748447503	55.465671072120436	50.06069355241856	55.688151314886746	43.43181171075	49.45019127837644	51.122720432645295	39.73708951738976	60.01303844753517	54.83653988981407	43.42591390416305	51.39152292836888	62.15464576021288	62.09265152046392	46.26904001956001	37.07790122783328	46.019076043365054	57.69558084972981	58.779430200315794	55.69118090225471	57.95404361107199	50.35707384663275	50.99225825212494	63.03304778979185	45.010946981300755	66.2102766943083	54.935630995798796	55.391162799035904	46.090535191143736	67.06735481518817	71.31115520929987
56.00349741489327	51.44389635741543	59.901475036456766	43.14576221233024	57.785419367734086	60.8332172038438	57.43136188922005	61.83641971139339	46.36421852827195	33.465034415513514	56.39174335138454	52.41381655812369	48.26251072559372	38.02609119182186	43.70373774764	43.142917064315746	57.241710504032156	27.745169958964848	48.070383381777035	76.73176994770995	59.20290582163596	56.230698984501075	58.47185495140509	44.33734653453558	40.45025976681032	45.09482558866638	51.66675163177346	44.40349036634062	41.12021257438624	38.51072024887934	52.14923698662921	46.469020702537414	48.020014936700335	61.14539031522416	58.6488052635554	63.18620156295128	54.04709898580603	60.44505841861454	39.844131888471075	52.14133141489961	41.81012767058623	67.57120993896574	71.79375676748732	48.407318447386785	39.447318700200285	39.052730516577824	61.02987522808368	50.75671882901141	36.7326671118277	65.56808001970094	60.446040971426534	44.40742687976985	33.64989206189719	60.07388956347334	59.07763571405543	55.82540901322709	43.1036603948777	40.78388120241811	70.09374709212906	43.63182183531331	46.664390701911906	46.930899836101005	61.93930012212535	44.69615621052839	56.19932546172691	50.37120255047312	51.16750389685445	40.787104203565626	53.36173281048735	45.17663779887443	47.34808383197504	41.55802620025573	70.08328065818428	55.703089248759674	37.69280267524287	50.86991484552375	30.07707163178909	55.204143822317235	63.987590813105854	66.05018910504923	61.52080065224649	29.505025945308454	63.007870738665794	66.52217533328306	40.92071621553112	63.691175293833986	65.56876844277284	55.7485144669512	29.45094205156099	53.949127895570555	53.90603845474907	60.06896591044883	59.67716702592365	62.13600704009758	47.3329571588778	62.5410645001933	38.44950127468639	39.163292774369495	34.57613988222484	72.80624209657924	57.70645564507048	58.96480363193722	26.338615401056863	58.890285695897944	41.56657148589856	48.5757692553999	64.9124100959046	45.372541449834465	59.16766706314659	42.681124473218524	71.16333510494026	61.98759785526471	64.2933163734925	54.76284830323222	29.173417939568086	48.00068328123775	70.97129292584519	51.70806794795403	46.65217772125922	73.7773687365949	52.60261657627898	53.4369869345996	72.11947538233491	42.89139139199712	54.969174666837986	58.51186562576425	64.8949206775976	44.57287759729218	62.83627479937743	52.37865995229367	39.605603769246216	46.7348481409366	59.22503844982014	49.497729032960244	78.42899292816355	53.925648473327826	57.50331233263055	41.18929824127023	53.45896428028671	44.4346544475556	55.56409258135899	64.08127383248842	72.34862091978869	68.88168417692255	55.04594885413377	66.68302239798564	54.77608837324901	37.8398243656319	35.095811413270994	41.64376372409715	65.77747556854807	54.45727021486907	65.36060461868318	71.04058514835216	69.79031029158938	32.661898384621175	69.8089688234882	47.794660653839145	41.37013843363471	60.9610554333519	39.86232820662556	51.61608226995755	57.67732049154955	69.82050168138859	49.15359495200643	56.79544509736539	38.737614344568	48.069242121336146	31.13679219917488	52.77657289267228	69.32771652021604	56.47663455011687	38.94505405944614	35.48507637013398	40.346079582456646	40.61780369301558	60.811079373469276	49.115067191658625	37.1101306515469	45.95759765361773	54.23740445202913	62.03017022864427	59.47834981251642	53.76683362107052	46.064956030674075	60.815710241786775	65.84714398589001	58.97048689876334	43.66992261995014	51.39216174108931	38.86318044256559	36.31912072150702	32.91304861400905	66.95901729638052	60.63316752510163	61.454592693593895	49.994104042998515	54.122791443487756	32.41224033036216	68.94294314623157	64.33127652184757	66.34989940398165	65.8657714907614	59.28888856596292	47.31840410769974	53.27519269297437	49.797625901537614	69.9352066371066	55.6322459908662	69.7313394283954	51.90791828788112	54.87147420246099	65.65729318917795	68.0073433444275	33.67571819968129	66.14477435377053	68.48023830631489	58.35430850030588	36.21163592882421	71.3067376484303	54.439526905344216	62.78804198100727	63.60564043897599	43.97552369217617	60.310675054360736	55.21377585487511	43.65311983764235	39.505444060540555	44.357596879754695	54.501384789824606	42.553289648782076	69.33546580892265	50.30095011729582	50.33503898779221	46.40934681317546	43.353364596354226	29.321238838159616	58.50312416427913	55.82668512450646	53.65413673414867	51.831645770943624	51.97004281169989	52.09149717643431	61.11866304836954	59.40929065551993	68.52040888747648	65.31431804770125	48.05481696950208	64.14588891090523	49.47786259189122	58.9192371289057	41.82869472014067	43.87568864299808	66.11848542036664	62.88122997197344	48.05831203785342	64.68054650974665	60.93599216982014	45.99971959080336	47.54304034105029	51.488406126309634	41.71983011757406	65.17219980467198	53.73833191070056	75.94697548377773	66.9376182840695	52.73253965786931	54.84839509054083	60.53052565458156	60.98646831627029	55.87800397652986	50.08725892360938	56.438294167544015	43.47674830008475	50.35027430112309	51.88586502046842	40.029269953360725	60.60399735776643	55.381196696902066	43.54358156995586	52.21908013422504	62.50504736133096	63.40309419093947	46.95574357615083	37.47823481176949	46.587408000824034	58.17438025521502	59.92528220621765	57.135299768760575	58.386208918686336	51.17120522447552	51.244928196579814	64.28173422301892	45.85730152062016	66.50035621986206	55.37503334707096	55.963293743465755	47.08079650349095	67.39065531337079	71.75662788491312
56.34815800777388	51.76663972682422	60.268587544773105	43.16960170056665	58.97859334384286	62.452933776900764	58.52414447691886	62.05949469793093	46.684866750580085	33.74716751975114	56.88023124665182	52.86331844248513	49.6273241802741	38.07074793722906	43.77150766805787	43.25398461634869	58.64464613912714	28.36684977300604	49.05129570321759	78.26678676010614	60.06501597936111	57.132548300813475	58.9803422691265	44.6275760850839	40.81276355101302	45.51237175894695	52.51647334524512	45.337398830285	41.60619137075944	40.47567259250005	52.538091733992296	47.297974869128595	48.078813947809124	61.38384935008226	59.573055287921065	64.06824955258564	54.5906541684493	60.583659580138224	40.43884991980837	52.44349167830654	42.00774510815026	68.88284889742718	72.65322896605318	50.32600414858369	39.58349590630062	40.359127099774696	61.79270929031202	50.950400113481706	36.89076969038331	66.54889549569657	61.24133405041635	45.85640523671132	34.240138220078755	60.207277334013106	59.80574013663461	56.95155948609585	43.986462635976196	41.286822195646124	71.08890367659212	44.16912111219967	46.93709679371676	48.24102098797393	62.2320127022768	45.35529702011497	56.404001031971106	50.86215770164427	51.25759091491244	41.17362520918099	53.70883088200078	45.49450397555493	47.67067205188976	42.20621009777204	71.22622206954111	57.74836053491292	37.697210712288836	51.5932498834229	32.229428996372626	55.44744631787964	64.70868349501504	67.04865319207846	62.6337299346782	30.029403583699825	64.33512821791415	67.0245125774775	41.39976986941758	63.896127733892804	69.06724112726823	56.26211750981865	29.670890124606647	54.09800274295843	54.667094057782116	60.26679181186756	61.065041670172135	62.25952190493341	48.33239141265288	63.90120447797339	40.783967758924	39.53634100356795	35.52137174574393	73.42792648093345	58.04221615954767	59.42306258106436	27.929987584756514	59.3655428305632	42.55973824292109	49.0551674028397	65.15389695228531	45.9039118729043	59.790980660797345	43.00803702678546	71.55756317343972	62.536873084616985	64.9979367814644	54.796590414083205	29.354036012469102	48.37228827987905	72.11704261998398	52.52032664789218	47.382667288301455	74.28589899712115	52.88580804740322	54.08021728091702	72.99786652926262	42.90349458793232	55.40234057240947	59.16704108824646	65.52712678246277	45.646851721803465	63.52876941223822	52.78338612756262	39.77917532780172	46.9968190793377	60.66038071437011	49.990155691039504	78.4500633194181	56.925710738863145	57.66942296673923	42.679296599837436	53.637165690501625	44.75003983425003	56.01634653438558	64.29660795434667	73.29965652190955	69.59096611992804	55.27309278038596	66.7826188040428	55.34752374617167	38.96855449275058	35.22400584774673	41.94846113456802	66.27187423651088	55.50422392239988	65.50128579957699	71.53683735751846	70.31392269139957	33.48731960883279	72.36092884972103	48.33606838727902	42.68831842454353	61.9875306086322	39.94288669161204	51.62173650915113	58.283163617980925	71.19790455111628	49.56582459659	57.765866046121786	39.10399636340179	48.13462611165206	31.525989947953178	53.46756107297144	69.56353579807364	57.06125544518624	39.249658020012184	35.6536645897629	40.953222883846436	40.79177116128232	61.47887844198656	51.20754476048343	37.1467972869317	46.2853687815022	55.294352570001294	62.37178737630563	59.6659703422207	53.86039273968707	46.2219147107515	61.282731344299464	66.41268632266978	59.5395948536906	43.98937784551054	51.66615308180514	39.829055380111846	39.49830303244973	33.5252603354658	67.07557353149559	61.0328653835928	61.56992292747372	50.52706393360765	54.137089282829926	32.940609809704355	69.20495497697314	64.8470221103056	67.02252247637766	65.89448197827524	59.84507716043661	47.68201529822222	53.57855315364813	50.673437878664096	70.43494328938822	56.28576521279552	70.4173710312487	53.26142749943477	55.686950903745526	66.3327022630792	68.04975189274452	34.669919821240306	67.47366544763821	68.7923209074663	59.19506728689454	36.62047691288496	71.66835025278361	55.82803972119851	63.05089543991653	64.0806512477749	45.144938587340654	60.45168743344933	56.54769404151117	44.48549458901957	39.74471706279905	45.280063638219126	55.36516961463376	44.71939481840415	69.38600636436492	51.00994457627306	50.600765348188524	46.473913676942075	45.21315108508894	30.874177981215198	58.79129500692972	55.95964051500013	54.182941334565896	53.04012100790205	54.01324285370346	52.98810101595181	63.092418086112744	60.45345998344091	69.10743108680079	66.16679195575784	48.30292808717238	64.6079605885571	49.8775735332891	59.092428829371165	42.28928449781548	44.11941108751421	67.10080769622158	63.033756776979494	48.33878125181906	64.81517530771777	61.00527625462786	47.36346853045305	47.67594013005403	52.055720243339096	42.78863969685607	65.2785495751989	54.357323844048885	76.12041047065945	67.1940840230248	53.101224408934925	57.02077854684359	60.78867629861677	61.59420102651485	56.78745158111535	51.04328948132673	56.70910730738635	44.07582859649687	50.42053905668012	51.97088400159671	40.485118087672724	60.724962531843154	55.56814279088803	44.11732894333289	53.35411127209692	62.61359918191809	63.81747451829466	47.555653738344866	37.6132576327145	47.250409130800186	58.630555105475516	61.344348180098905	57.58901482235932	59.50295065519598	51.33054608058607	53.744652259579574	64.34610212121353	46.361215637611096	66.96897292707708	56.25579274537337	57.313992120463325	47.71882590877888	69.45014291236211	73.03647424435536
56.506844546494726	51.883254388510274	61.868700853827775	43.56749061276176	59.542406484184106	62.57679076961157	58.7396914754563	62.88611324384862	46.915073543123874	33.78127208889425	56.946258850173336	53.00498197853565	49.70690339062688	38.521104307158886	44.12529841827313	44.32858906537113	59.16571214315811	28.79632403442435	49.07557090082402	78.47819790643082	60.20954634241474	57.72159723468638	59.01812688057823	46.02069146478734	40.892250337225356	46.46928093740057	52.52503792440319	45.377162961266556	43.13417076350101	40.723748080968235	52.705657366296755	47.65353990470911	48.33529822503191	61.89574773488082	59.59314243597071	64.0860625985813	55.35636505590873	61.4455497182753	41.11477742023265	52.84748866189508	42.119938009219496	69.05634472104725	72.82938417813435	50.62148739051107	41.2279487920676	41.71139098655337	61.812880522926456	51.371979168216534	38.032846350942265	67.58823155613393	61.740827204770035	45.95231593137883	34.47122348432138	60.884673410888546	60.38015206158814	57.470983606547286	44.2097264261307	41.63198362820921	72.18005476723984	46.783595950404425	47.67634669185978	48.815387431712885	62.59176126476241	45.591807790431574	57.75528579076873	51.12762837882344	51.37092994370458	42.520706656611324	54.00710634996165	46.58592169924416	48.658512577975124	43.92498491791826	71.51016476121508	58.46498691594244	38.561105343946224	52.00352829358004	33.303462585633085	56.34930662123549	65.67437222913458	67.4939355678776	62.69409652801007	30.083074005914153	64.3446244518368	67.08367698840095	42.28254267286366	64.21802388443459	69.3964629398033	56.87308765882326	31.7070763321019	55.305699170992725	55.961979171896516	61.06621719429108	61.56876630406938	62.27522772635311	48.59519880889228	64.55675419911344	40.878510529020176	41.1565663501871	35.544038079511566	73.55523822209854	58.64445927167955	59.85658747364202	28.496758594425632	59.74993654087218	43.060757689863976	50.2989126381544	65.65612317376167	46.08411737119663	60.037679829972625	43.85993700513113	72.66439347048589	63.219061849948375	65.09567047447625	56.4193892176712	29.662432590920684	50.25617723630873	73.61734849176476	52.681014058662406	47.989891023521004	74.97907644177516	53.06005970821932	54.620610130114116	73.13865862673026	43.722537626250286	55.889812423738526	60.00538657380857	65.56495776417371	45.73500021241288	63.76814558289252	53.12334303038241	41.328479126993564	47.97342332171362	62.0626393431074	51.00280391893298	79.03663708268337	57.629882653771276	57.72044908261243	43.740332750213256	53.834441333899676	46.01668359457147	57.309837109320014	65.44387463811908	73.87810179468158	70.70798673977681	55.44497830594706	66.97753945821921	55.70217438151415	39.55272558211638	35.43216096720581	42.48409201711826	67.41179509736023	57.42317437573281	67.82673915380654	71.9281466606975	70.69870992648086	34.72730196872443	73.16887737260055	48.90994211151481	43.7911076974574	62.871694298556086	40.109598138467305	53.059675189509036	59.32889221787349	71.43107109056866	49.592557581638836	58.41087510807965	39.76470229410748	48.47355409046536	31.92211809441597	54.00425054219494	69.68690841374074	57.56251349446858	39.451182825653866	35.808788251502165	41.86627759237039	40.90459731512174	62.664175139836026	54.221719702040666	37.27591875187098	47.36342484577229	55.86236389016247	62.69514245616788	61.16875902991971	54.13539579646987	46.841714854661404	62.38797794936647	66.68639044951499	60.02974525587467	44.40568195261282	53.3902088681239	40.36618550577869	40.44045684303951	33.53174995044373	67.5613424140238	63.59925872435471	61.71032744769105	51.779766107208694	54.58379423309331	33.4600577423649	69.8070730952341	65.00137855947526	68.25563983419866	67.8395756831769	61.336123878638844	47.91049522036281	54.518588805033716	51.41829659707822	70.7650226566795	57.656140455434624	70.84939465823594	53.34135919652966	57.383394105055274	67.18123533941348	68.26586311603742	35.065784455663206	67.736778883618	71.25664395206819	59.50921709652858	37.21584659759586	72.39903983959707	56.98230133955347	63.66725224635838	64.56229207323115	45.58506547204851	61.101268758643904	57.13978171500915	45.249480934402186	39.84374635961428	45.43823537877841	56.73060956326135	45.10125450752908	69.8562245998397	51.1642427666129	52.28923451623851	47.07559224970803	46.46396920457087	30.876142765034313	59.397695645959075	56.69054926308211	54.88430435257775	54.72384985233693	54.06746287938958	53.285171746903515	63.5262981512086	60.50860363245102	69.41154128485437	68.29571766652303	49.59793499096943	65.22250363158416	51.063410652065635	59.46600664882187	43.46632241215171	45.40085629464589	67.25848475676219	63.25828790725858	48.57205882247157	64.99129294988191	62.165924365275835	48.60079129231171	48.883302451301375	53.56460815683662	43.22600467667681	65.40348844475064	55.61168597382738	77.49397949468265	67.50828716163423	53.43934570655158	57.434742158880695	61.257097237006036	62.37599204607188	57.32025072036685	51.61537751495028	56.74451410206381	44.273044835109324	51.26136910045385	51.97519947185008	41.29235614084722	61.1323059194502	56.23387581920959	45.32483704783804	54.14734636680783	62.766504696470435	65.06670459119347	47.62116307195838	38.153371975032364	47.39137760019226	59.05499788037839	63.01792319969929	57.66867812702685	60.43069756515738	51.66352170126689	53.84117208348891	66.48092208625575	46.51460227599276	67.08027916542945	56.96022032476758	58.07042586223985	48.53073845334402	69.9755282244296	73.34020323522547
56.60408846148741	52.69611424834011	63.540047920194034	43.824152474823485	59.73761217093023	63.636600898219996	59.55656648126683	63.18894440450599	49.76612722469167	36.074473092710356	57.476503257008126	54.100779449006296	51.0436690170386	39.513130556774534	45.64609383628514	46.0477780371192	60.290012273521164	29.395942485295034	49.26397869130403	78.58210462680707	62.8570560632536	58.96131826981154	59.08468525515104	46.59331107361916	41.12525326064872	47.0308119411659	52.849254735116446	45.948572607331045	43.16060669199512	42.25223674412986	53.38714886621258	47.79275485755122	49.07802979336192	62.65977249796897	60.66988847657088	64.36677328698698	55.5043896536291	61.50585119135352	41.721450157716504	52.996192623946506	42.73266127936658	69.69326443954067	73.81379968137489	51.8564485642529	42.12264000246399	42.23790012903817	62.87394255029149	51.842798186560344	38.16758778273941	68.26269786110225	62.976462452687535	46.11671270292814	36.13450852682952	62.9952017904677	61.20032371738276	58.56231222324331	46.19477135403113	43.81429005852823	72.61515860033856	47.40103052712895	48.385983988363144	49.11549080925088	64.8260610691129	48.066852079387175	58.427035487189926	51.20849988020688	52.31132754862257	43.28337048387788	54.84608312579314	46.80404510277431	49.108861444991966	45.108814131893446	72.19257110567877	58.68362294159081	38.62531197190899	53.211356277810005	34.595024206647324	57.17400911447178	65.7437562230079	68.18359770121523	63.429833754923855	30.257727129469885	65.01758912936755	67.76771956591872	42.96986689636178	65.35428552488493	70.59044577839924	58.31107682868548	32.480286062468345	56.06182865664175	57.7595664079259	63.38939981628209	61.87420364128887	64.21964535811449	49.00894328484546	65.01334232855373	40.94666141071439	42.71882453962978	36.067855604407576	74.96044663344891	59.43411977305009	60.1261585725835	28.83617066998348	59.8361174009013	43.443327532484105	50.93103853754836	67.05911839561497	47.54307825887455	61.27903630815027	45.51873212823513	73.18974184967664	65.6559139243554	66.97411427052484	56.65941136044225	30.20820070182928	51.67283759825387	73.99697304445111	53.74719912776192	50.161135485768895	77.69851367218054	53.351372452578794	55.89084794104107	74.08083790213043	43.96462041252402	55.97470475588059	60.80547752421722	65.8988895832535	46.16801568953265	64.21414360655369	53.31744451852636	42.056811504114	49.796247894040384	62.5957495269756	52.082652598031935	80.2548051334967	57.88315439887116	57.906053221190746	44.238867915865754	54.10406031832946	46.20946436174535	57.67563654386302	66.0788520193396	74.07274782032339	71.0872057628706	55.790947994979604	67.2034959275569	57.63022278487196	39.91007711275218	35.56324408271411	42.741847529043646	69.586240539987	57.74633188075512	68.11453433396719	73.18686623512144	70.9574375151184	36.13584395846015	73.76889507480834	49.879607862769944	45.02750725045194	65.33348877892553	41.09950685149134	53.91693580472511	60.106691728441376	72.98197529921391	49.91555500278453	59.318629267189294	42.73991147369763	48.90876441098179	31.92318260416406	55.23908307187006	70.01270952954464	58.26568118452606	39.48956213460208	36.10962596594144	41.89040148710182	42.0202711194469	64.74753401839072	54.39360401000381	39.057625557822746	47.67861566630686	55.977013811075935	63.01861297385515	62.03709700951095	55.19784223089569	48.308997604403274	64.47580637535296	68.41268808818037	61.20859746238313	47.035037549292056	54.285982662531495	41.7506650322381	41.11253952060794	34.79456652961992	67.62550186961022	63.66860769997061	62.79698999009872	52.07064716137168	55.32411283589256	34.33019711954038	69.86750635723381	66.22543469100081	69.11978482251003	68.35825533645968	61.60560793916369	48.29295495120997	55.12847113223251	51.973559965018396	71.38737972343205	58.34772396964669	71.83790721997194	53.623785657542655	57.55042622796502	68.08441497754988	68.89542559592358	36.613151754425765	67.76275117919859	71.913953506087	59.679051955457446	40.68342120540107	72.95762545370566	57.371735018223795	65.73842494735476	64.59117972639493	46.70733377642327	62.67860461718848	58.87157493632605	45.74241304408482	40.42247050224613	45.44087193895096	56.95670436186216	45.21232347131177	72.21490051689551	51.827817773803034	52.445096455813086	50.70117234272279	46.553661578465594	32.466227097489586	59.44768391432536	57.92149064699249	55.125803510419864	56.63526259064302	54.70112527601001	54.95833531482116	65.21582203833832	60.66452461149362	72.88349504752037	68.99070579157396	50.5964478809365	67.09805949882413	51.70314583088889	59.665955545646206	44.37727670127092	46.35872515405097	67.49226007476653	64.2078544027012	48.87844494981149	65.3763282351388	62.49397264834112	48.98829555173808	49.65073586448273	54.272522420415406	43.52967868384752	65.56615682808228	56.57952882253472	77.7910029738306	68.19824589424795	55.62822095387043	57.55512534937244	61.95997629614846	62.61781363660744	59.00311040017354	52.18105080808052	57.216353068470916	44.44665881796264	52.331493815346015	52.96552578161425	43.87314207867914	63.033373009787624	56.350414542248664	46.978427204783934	54.81405045642515	63.04574608759347	65.65750045672323	47.7973929725081	40.18592574655194	48.071752574459246	59.09636519967729	64.13016572687073	58.86253821603483	61.44419212838375	51.79603436743421	54.121382359075575	66.58617585763568	46.897751722988495	68.1932752181968	57.661121950133044	58.94423223342106	48.98406302780889	70.85893242558664	75.66172097940259
57.9122715770646	52.85254666712217	65.05141271595278	43.97424396248781	63.06783311937495	64.59571347766736	59.59832905371099	63.52977973572904	50.72271603293342	36.861765905676194	57.61592243402378	57.231065342010645	51.0691702028509	40.83948048372246	48.091470889825025	46.23909358756791	61.96085249588992	30.94904471333102	50.8034258878114	78.94072484790277	63.34799217177282	60.14994337450855	60.50605057643599	46.881031587557146	42.729342228636845	47.15799024062199	53.48965246625283	46.01108895484547	45.45833802170681	42.69619922841294	53.571691158559716	48.97674125981554	51.917139600719324	63.45097299907363	60.82868758106122	66.23837075541458	59.629520780529106	63.52796923567517	43.39745366225051	54.76378289962761	44.69351193614271	71.96837416958486	75.01906538537096	52.38406798027363	43.37407320993944	43.630116662228595	64.66606554802526	52.074972056346894	38.23817040216868	70.96746009772414	63.923451574037394	49.30534091083724	38.941516456920986	66.89847462982294	61.8335958262286	58.98861661529778	47.41786906977245	44.13072501394887	74.54579101674729	47.84340237959545	49.80771640650964	49.42847827977787	64.95376245575665	48.66610730425137	58.966068363425684	52.2803941456876	52.36507161997937	43.48769896795957	55.41501306154321	49.74379837399374	49.49538616907003	45.32860895427087	72.80314428868674	60.40511681793093	38.957814589719334	55.453404262705696	34.90225333923095	57.593069942260705	65.91744335820312	68.32839997916041	64.99227676839828	31.838785033316075	65.78557855330946	68.43725433658402	46.50569369271757	70.91711857323301	71.34817216305451	58.65873242684498	33.1612965506509	56.489755679938774	57.969481070602406	63.497080615985105	62.523270157616615	65.55081604109496	51.11099997287306	65.39790804904666	41.940956231154736	45.988783262025706	41.812986574972506	76.78570920631229	59.86500689142864	61.94019900241597	29.037528101404423	60.921603248607035	43.461808339841646	54.86872996264358	67.71450235805983	52.37415787889959	61.952765605181376	45.62110560003479	73.43980454696411	68.12980713301695	69.16047126539674	57.01536494426523	32.10302213170888	51.74475892412539	74.33533681644396	56.66728072764662	54.39993510004814	79.45957405489465	55.80270980434881	55.95039767452889	76.0865605416665	44.5654445613321	56.18342673063003	62.725546747322156	72.18315887297149	46.34984024732489	73.4602224644627	54.91476737440767	44.46655997768182	49.9726038283738	63.68168194600175	52.951746074729286	81.56474414369409	58.307211082003015	58.56544561460819	46.994277377048995	54.94016438507828	46.38360795512231	58.046280589393305	67.46246631310908	74.21319288572423	72.46048147951939	56.47325766635767	68.07438103801175	59.370089758704324	40.339117480759796	36.02584847923078	43.09128368096168	71.66446206269572	58.20091396192746	68.78375004395906	80.1990872977408	71.78470663862637	36.335955778418054	73.80584720682133	51.52207803293075	45.31760205750058	67.10935084823699	44.50257003835867	54.81558843691688	61.126491912485164	77.27835252613288	50.587085303393934	59.32284024215983	43.50723150470831	49.1674804206207	32.96035123298067	56.670107584998114	73.76608216402693	61.255945275618195	39.77405456885713	36.96090364668974	42.507809513665016	42.22694853710384	66.42010026468981	55.177115964224996	39.766671758531345	56.269074757954535	56.06248843106113	63.685517718876056	65.0551601528774	55.655747513436026	48.33882932210128	65.08366149521936	68.88395373825614	62.02495518582908	47.263072643527934	55.14591344727125	43.623776986904424	41.677211491942934	35.07353259405755	68.35155173247682	63.73499628588157	62.807541171533934	52.25177311382257	55.500802488984625	34.505302955381154	74.21909762565126	66.7757983950232	69.17361271215222	69.69213455688684	64.96690484939363	55.72361462517147	56.07207284984372	53.41720752683244	72.01231299745552	59.21892053469466	72.8078156361415	53.94758975523969	58.14687211750028	69.23522531620097	69.85183749535469	37.87750768806296	68.30468350343195	72.89147364240311	60.81335128797421	41.187807329984814	75.87292484969248	58.15407592173421	71.28119066947414	65.55492851242748	46.876868652567765	64.2153976586191	58.93071513309469	45.788967941245154	41.76093120063688	47.39086669742941	58.1699806157914	45.43688142123554	73.42766459907553	52.08004120867151	52.64518898754712	51.861752656653906	47.174628123702014	34.19481308252871	62.15941558139428	58.133234250975704	57.70382627399972	56.97602800627654	55.07828449533594	55.18908651064683	65.6906979392946	61.24531161172649	73.6675694037955	71.06285032754566	52.095838252644974	67.1086279623549	51.89747728173749	61.071296556680984	44.91456878207974	51.5130357693682	68.79706933065698	65.67809348340602	48.97445984462272	67.43771987016845	62.78011644535247	50.508400182048454	52.644233980083484	54.94059136394075	44.18227420810753	65.94177303233523	57.09394961966101	80.16169433872423	70.33110709883164	55.71446446120845	57.59527883608874	63.88312028554654	62.77452649680467	61.951313510796346	52.63877905661046	61.9779507158102	47.90147852221325	53.4809225854582	53.0639766212878	46.339370334955525	64.09710280965808	59.31437149078899	47.071599009827956	56.349117077918166	63.61478829413149	67.96122615343631	49.2232024049591	41.56907220466181	48.66172618948325	60.4856070713411	64.83149013458257	60.3167507225244	65.2817058036918	52.088974323158425	54.31435680280411	66.60985164009712	47.68138143263974	69.90763746749741	58.89671274094011	60.901859006387006	52.691762602323294	70.92463394152692	79.63580513734523
57.97908589201996	56.05568250327482	67.16697144343834	44.27348739743537	63.630649069032444	66.55062833356244	60.04489823921501	64.85799470388814	53.64328359339597	38.71424159336162	58.672534881283724	57.86145334814548	51.622463970393085	41.777493818609464	48.24392409451042	46.87690826320134	62.91430674061502	31.193785442878216	51.55079601315178	79.13672987629481	63.629859572744564	61.30674897984072	62.051030323747675	48.44695037661423	43.6556138229475	47.67115800240828	53.602270885586464	46.49136534395203	47.527482086204024	44.25102680982019	54.68995856694127	49.40836633217168	52.976693429585104	65.73625688583704	62.66658368432111	67.2841496625484	59.94088256157068	63.59338326019255	43.795523564296	55.23752304912018	44.76512469101564	74.44731415847868	76.02023655289806	52.645778864437	44.83637425074959	44.12413879441273	64.92062665261614	53.83476385402405	38.44861606126354	72.54520547383652	66.28831661135398	49.337383988356684	40.879920681717394	69.25774745792667	62.03402359948391	60.090723682517286	49.16518673571081	44.566668579573296	77.76685099925417	47.8888959918376	50.42122779802722	50.84586474153582	65.13262534371987	50.8107482056688	59.87354965975891	52.86795763382076	53.101318324029315	44.14195598811041	55.646661989628136	50.91393782881246	51.90493376529898	45.96321404468862	73.1281083074825	61.52917551336059	39.009766965206666	56.85360724834455	36.67558054205228	58.2940020723368	66.79624498013901	68.66333276084463	65.269907094196	31.88146107978257	66.13399436919146	68.56713615586064	47.88159640325363	70.93877526145421	72.74535045590649	59.80164337809667	33.95456723869904	57.54922525792183	59.843525336613006	63.54305410897931	64.92761216764508	65.63095100092032	51.29502132875674	66.88789322679553	42.25106131861833	48.706439379796116	41.9324107801172	76.8253915868073	60.01311925192194	62.67965979151963	29.7389162881491	61.93090821400026	44.392916750294724	57.19214014894538	67.72933809305684	54.54337247382376	62.15873684409621	46.117578218087814	75.12825778542474	72.42848239529607	70.16096443489955	57.405654633740795	32.201847876877146	53.61794463807655	74.94483551774779	58.24742959287684	57.86117036438986	80.68390352988565	56.5946110545418	56.576867685495785	78.44639199653898	45.852501756352424	57.0588979106947	64.48308131962126	72.50022617271696	48.10959024264328	73.71948541874738	56.46547777167538	45.69458844742763	50.28198878226816	63.92862471282067	53.43304854764313	81.81790518982388	58.512424281883334	59.09780314962131	49.467423470090004	55.05481122025636	48.13553798999847	60.77347696103158	68.34480250080192	76.65662887975628	72.83456724083867	56.59917498623488	69.24447607056243	61.642146404672175	40.43395187865587	36.493086855672736	44.77663214385241	72.68836151541728	58.425601124475705	70.66822649944228	82.94825018587255	72.02278030034387	37.29684163732793	74.1109097428713	51.90420279378584	46.14852431796933	68.0167199905215	45.23705391004935	55.189817612642955	62.02618927789779	78.34639183568838	51.09974581902377	60.94554618456549	43.963553805078895	49.49706602436359	34.27080486345012	57.4569523107671	73.99989523804112	63.93788494351191	40.12723290816653	37.01448802423473	43.48190584215548	42.36963505585069	67.93822792787174	55.19680508778631	41.71223246564711	57.02027224292409	58.45087108278723	64.4338369982442	66.50887734145684	55.812246182591466	50.808599332756714	66.08191656460816	70.86674291015326	62.0950562349613	48.0854463313275	56.47609200320086	45.50504192277694	41.90467016770249	35.76251368368338	68.6819286220776	64.0411802954504	65.07729919852585	53.67977617626509	55.56086883447455	35.376045249319965	74.26084358563274	67.40750513322149	71.54167897929337	69.75552380678207	65.20062355958292	56.27354296837666	58.323551131113874	53.97826825741319	72.55782534665904	59.687477913912026	73.8193809986852	54.932599839424235	60.39201582022367	70.09463400572479	70.35340545646704	39.13074743153203	70.95762126434431	73.15890663247563	61.28112817714043	43.75030178402294	76.5355700051509	58.355278380200645	73.71566960677899	66.92203128591086	47.04529768123993	64.67846160055922	60.088254204945855	46.51293099244034	42.086767944381535	47.888236272671875	58.85505300420565	45.488530143561235	75.78668208766328	52.74552762906039	55.152149300251246	52.00732790781881	47.25894539404905	35.737863549991225	62.61617284241049	58.40317736843885	57.97314386827642	57.52420925444351	55.48623455489942	55.65760127265884	66.26609245525434	61.75814070117293	76.3331789663733	73.1475100954262	52.31338920839274	68.4448581120872	52.49525150840395	63.22677574380297	45.16662623703565	54.061364738535474	68.87229383484537	66.5950104331637	50.8755700822663	67.93524704061873	62.96696262463949	50.89857883957519	52.99296191697054	55.504061188697726	44.37827342849137	66.21161073777286	58.21651661744416	81.50017678166178	70.77078819732196	57.1853965086849	57.78979552337972	64.02136578100199	63.57256036616662	63.25658274709972	53.51741047385871	62.488321113144664	50.411131040236	53.762273139905055	54.839091484157116	48.52950708756976	66.00648324051524	59.704381344110544	47.3738700134888	56.54725123001477	64.41761123751115	68.73142524138537	49.323461577365435	43.85350735455954	49.211995154458826	63.34490764638837	65.50551686940945	60.98079074720818	65.88807651872234	52.20347548776668	56.669164216157455	66.93795371813542	49.46268780734859	70.82595318319713	59.147435978955635	61.99015322718749	53.363119604515845	71.87742125230179	79.90145306953823
58.34899738178881	56.11461500533631	68.77181672256775	46.11153072409819	64.17992299367613	66.89895215564583	61.993664687738175	65.88820890706789	54.19246485631524	39.00681028262761	59.15569522591381	58.525622994497446	51.963382403086264	42.41858864499253	48.41726702397356	47.913287054268366	64.0516956984387	31.57946821319113	52.499006051370145	79.24591018588332	63.72363686662564	61.54005257777151	63.37904979731929	49.81802933625912	44.252810145354324	48.834942389333754	53.96034259765753	46.59480593914383	47.66033055402296	47.345766740492095	54.80571760326413	52.05069669413673	53.859991591605116	66.51535749437718	63.93382046984638	68.40683738163703	60.948915629425976	64.91694007371346	44.254191794847465	55.47943759750897	45.00374443238529	77.23088643096062	76.62903186225401	53.07866213465802	46.92831585736095	45.024258443013885	66.23772173898757	54.15689307113471	38.89536401952041	73.7968262981961	66.32391844621115	51.28779210414756	42.117755552670765	69.5724401660814	62.444027632076576	62.401638321679236	49.57407305958958	48.30173723412245	78.43333457191352	51.69652820143444	51.97706353713268	50.99161538721005	65.71061191124039	53.5036634265349	60.482563546612994	53.383438792179305	53.301282588010395	46.56335158742454	57.58640320757632	51.901802615057655	53.72309098718395	46.1967727180461	73.59892660859613	62.21508485846618	39.39274924710326	57.112650920335426	37.756077914468634	59.50589664415832	68.84945496661958	69.05335214698977	65.47100294492093	32.339514395076264	66.24448937750294	68.9131336159351	48.173799397431814	71.17289048269855	73.76401385787803	62.91369765436045	36.47760306683779	58.38874667729623	60.44226630073814	63.80068833061174	66.47922732939794	66.4903137921446	53.56990296305893	67.78703018156236	42.330124438507845	50.11892364507883	42.07404526009179	77.7747425867271	62.741982718776825	63.114870400421104	29.981026334382236	62.046151292956154	44.78222357457849	58.68279409897716	68.85317453701276	55.30049875586279	62.9535211698166	47.58560070057136	76.8231043619412	72.99387021335255	70.8705937766435	58.913253648581104	33.587882454646824	55.430249172277996	75.24932500485696	58.421318787868195	58.23660974834733	81.3752414634647	56.70679363333793	57.77546207534859	79.42168132907788	46.5519466021969	57.63097559203191	65.49623669181264	73.18283399576305	48.91169880822631	73.95261776172202	56.75553620141798	48.4954422755657	50.78530493974703	64.47487892617849	56.09429601975394	82.24781535350158	59.46190959765489	61.45261468373226	50.10175512711138	55.193331963338224	48.276941254490715	61.07672105941071	68.91046198367935	77.05516121097601	73.01719357530168	56.85991304944135	69.43381434690731	62.58521045479886	41.91793708001629	36.50545103826404	45.325809663495676	74.18697251385112	58.75186548008841	70.87637521974409	83.19050464606819	72.8951309705602	38.5115588689947	74.19838396711104	52.27866052479468	47.22934048407261	69.97664752278398	46.411569374092494	56.906824998140586	62.93397962437336	78.42576452016613	52.1928715385336	62.36024569200175	44.68875093936121	50.04360744007106	35.86833006308583	57.87502810874976	74.22916530289008	64.5835923498452	40.56354242709587	37.35398356865692	44.947304050040294	44.882156282070824	68.4010734401844	55.63225723322567	41.72700921386453	57.245985757452836	60.34989349496303	67.1811937703659	66.91957814019966	56.23058416820536	51.69127424402418	67.73429004527017	71.13624884049585	62.62727556139016	48.659049045888295	57.55767366204569	46.556852100959894	42.039371230761574	36.37647698810897	71.50353624902243	64.60979214105957	66.43847582477508	54.57595525301154	55.902421878568816	39.24016754154863	74.62882332632331	67.51034579499746	71.97021270868218	71.23865963218668	67.25312118334575	57.14109805700715	59.04366580929487	54.237870234167964	73.24211896203602	59.85057910120044	74.31063734541033	56.08479325573102	60.99860259823305	71.68622264239838	72.1810108153075	40.906441281118	71.50511146321091	76.89610942353785	63.223941062577445	43.946599184342645	77.07072657061525	59.217284583884506	74.22075937854086	68.748730777667	47.9712896699459	65.47447724303512	60.95687303008347	46.898294608324775	42.31540858151689	48.19734267427193	60.247593063356774	49.02463244792796	76.70828049566038	53.423730347065	56.59411703201791	52.265627336661595	48.46992699426367	36.80453637914461	62.76916325524896	59.0480934325043	59.988864652048385	57.876068824739754	56.89062854289151	57.04249419421058	66.32532195758895	61.89732773682175	77.28449856001808	74.36404543573714	52.495741646433046	71.12671250381462	55.32786676678458	64.13467712691444	45.58146879384454	55.19722383710233	70.6544558525404	67.4665827351156	50.94660231703586	70.05953350520208	63.08182338524769	52.591910363287504	53.894802550324115	57.45862891161109	44.92802191889999	66.71314614931359	59.3819393369855	82.51548454241323	71.37317706400854	57.31979563815671	61.30892444641846	65.018313401758	63.85773701690094	63.99293491487159	54.650928388786745	62.788147406597446	51.376276263934265	55.92623380240827	57.10707814449399	48.71368510650496	66.39010670244096	59.810620240601516	47.72321973151413	57.30798834064904	64.9297257423292	70.95291691317072	50.408524404257015	44.90673833624636	50.05621758643646	63.541834992261826	66.00713694918248	61.690054576117724	67.38721323916184	52.935407038116914	56.90844736073233	67.83535544265473	51.32088339604694	71.19702105949112	59.99601176951037	63.91105740314822	56.30105322795757	74.75766864435145	80.13117579267002
61.909332296566575	57.33872278635899	69.83375037134475	48.00214863391665	65.64064391282052	66.97286211307055	65.75757544224047	70.07892709749574	54.60166347308432	39.24525882798678	64.68419246411466	58.92645118893963	53.181617769088135	45.08613803467698	52.363272740414416	48.67564911066162	64.67833391701986	32.650717021626335	54.81587241026035	81.12056715979799	64.003526763405	62.94720617831161	63.410877564236706	51.07130842254942	46.29702433307855	50.751795932396035	54.81323655416803	50.655157162341794	49.451067382015914	47.636776542307096	58.48307401185588	54.146629923072815	55.34852058621979	67.23186440740653	64.065491503091	70.1014741143435	60.954208796569816	65.26317177591112	45.34647215487234	58.994949195456606	46.33565119750311	78.68956686503903	77.06380228287561	53.08703105500589	47.510653691701435	47.52652854978544	67.00689000952434	54.739804885743354	41.536826515378024	73.83161241393378	67.31124006022905	51.78563772218215	42.6134183069389	71.6485500998256	66.35293615461097	62.63631467892746	50.43811201315086	49.33369450788386	79.8942849740761	52.04981874546533	53.82734562599028	53.302620337590746	66.25084320713047	53.57315268340021	61.32837549600907	53.86519605333256	59.84607448415889	47.23746893496066	58.363908198285884	52.2604809085781	54.07360542863871	47.09793804905588	74.68897234700077	62.55460657300189	40.94362835617306	58.575427447069806	39.44540132805609	61.83592851517955	69.43705691965796	69.53990471417798	65.54157823257415	33.88635240350785	67.40269600440071	71.2431238999557	48.74654823126455	73.83068644894895	73.78433044949902	63.259741664877765	37.02248051650474	58.80331489463323	62.47614053234338	63.97352955620534	66.74085256778952	67.60004797604833	54.11481972135472	69.04220301304854	44.578991879221036	51.776466014547815	46.840359515420275	80.67682589824955	64.08571093529196	66.07799326469336	31.058124461395984	65.22756526592468	45.13969197091689	59.67849161239376	69.30112284756612	57.39908366530351	63.216663624446454	49.113801197537285	77.34865055281543	73.21785573422237	71.31330069489357	59.02423895582357	37.44018240916755	56.152358835040374	82.14276780772842	59.2505068285346	58.46201311311629	83.30549037305578	56.984898169657434	59.60168528635483	79.74972311935002	50.010944885061846	57.75771257012707	65.75948970842758	75.5601243640928	49.407474572974955	75.95334242318556	57.571646913798524	49.896159745479956	52.61102207380089	65.13664585923411	56.212015886824915	82.39371838153835	62.40916980777126	63.805490488054964	50.79978156750883	63.92339413028453	51.76290111202424	61.13159015630679	73.61698437841135	83.59271454352874	76.7452930016266	57.18348651480537	71.78201281970004	63.012228468978044	45.40987524068376	36.94593463330192	47.5174192026174	74.48209994634973	62.4606528912253	71.65575055271655	83.36169429370787	77.59981666084249	40.46678658450135	74.47077339287775	53.26082326585581	47.70730278256407	71.85246932484374	47.46050937873251	57.6169081990824	64.30268810625776	82.83258530245249	56.88163396701247	65.29980255172727	46.29063397793408	54.64871947128444	39.73203608462465	58.67128471616429	74.67591840890739	65.07171253733485	43.59066993047904	45.1348065569432	46.74174965676904	49.35272118283261	69.06179121896596	56.95503044242452	44.242033388100886	57.34984045765092	61.13139188300311	68.95826143989963	66.9777141576367	59.02573819808695	51.914479443512924	68.11839705500923	71.56170721090702	63.62024865453728	52.35072457721575	58.367649132355695	47.84492182807747	42.66938806187113	37.60859917233684	71.68759363909973	65.26961667067432	66.696852682321	55.479883393543034	61.293183840110935	39.51272616386854	75.60042141536688	69.61934171995561	73.05361564740527	71.27478440224095	68.776965777409	58.78650082452191	60.872450971435	57.10741738254003	73.66508424745471	60.86689556797116	74.97239568948406	57.98096496738146	63.12630828157419	73.4708434929016	73.07943252690508	41.21982025782006	72.3613437414528	77.13431022639979	65.4824354160753	45.792210393435134	78.1550364250595	60.83557564724674	74.66513573570268	69.42144036189588	51.481280648704164	67.54239083585226	62.070568255219776	53.22111727904012	42.54585139641594	54.12890377847189	61.3225468947049	51.07729715810636	76.75625429857415	56.511478623447466	56.853563603035944	52.3991717484452	51.87162090108735	38.6299542615419	63.536248517234085	59.9728676232602	60.48302961675258	58.68338475156129	58.00331960814187	58.25785806674467	70.20520994069933	66.73420956197619	79.06548863775748	74.70854762625089	54.58861582318353	71.9629256355967	56.03362159859336	66.78341974617871	48.92032054041631	55.60157402711272	71.89491110405737	68.6694569089377	54.507166977718384	70.21852821477252	64.24942279295598	54.846252362223645	53.9325143773407	60.06089700390348	46.883239186790775	69.07028480008121	60.16640138604666	83.32818402944743	72.0349730225269	57.34986890238602	62.81807465331286	65.90213090998031	64.69352827246573	64.21500253782257	55.91018628927941	63.054190782060346	51.57491060394083	57.329420825638294	57.40369233915253	49.17499627342083	66.91549062023876	60.916540711172225	53.42155292193212	59.2789240313768	65.38388418951611	71.23128048264533	54.342437690448534	46.04616862445471	56.99945531084634	64.79692362421488	67.36717048489706	63.32146111257174	68.49269073447851	53.82909363118397	58.19490712205161	68.9033694448938	51.44289456659088	76.11816648070406	61.04748758326385	64.51397431595426	57.08274416321897	75.33771543594213	85.29633007614399
64.10078388738117	57.80497454867411	70.26519435646568	48.24948806407358	67.91266510686766	67.92212659872483	67.41453664211694	70.25958977586457	54.95103058056496	39.54267786421879	65.29944334160024	61.62312943850576	54.74744779342229	45.43963723401603	52.611478665586326	52.147023264182224	64.88340963887397	33.056242517378145	57.82820286676857	82.23303184326569	67.56838338998091	63.316947898628385	65.56318981388843	51.620495709632344	46.767375353850056	51.150031610653684	58.01098322142216	51.64629152602329	50.31889785739124	47.807246095960785	62.5422376157482	55.61889490240386	56.58288432551923	69.06495229375658	65.21975598200628	70.21255098573339	61.19369174202346	70.57658002635691	45.38807006030606	60.287317438817816	48.99769149990481	78.92597122554255	78.49764594920416	53.540223194376026	49.378808203386015	48.261434873343376	67.1732831958926	55.079926173439596	43.346279575118345	75.94626729488529	68.4776233133757	53.231901164338275	43.4586937576582	71.91360225651708	67.24083319921345	62.97412449647128	51.6651998548891	51.53833478437359	80.33362982609215	52.39110444207348	54.59006122739241	55.4084514167916	67.73390568455126	54.66494538326141	64.70111237066355	54.01479079847375	60.02780848146451	48.923743812780316	59.7793805506515	52.560070872924925	54.914156535096026	50.14601751866938	78.27695421680211	63.90358447879079	41.32698630091112	65.54608564261257	40.28984415903012	62.06341914078511	69.72831623009407	70.81745014525839	67.15172772434836	35.424667438722004	67.43351141995998	73.82880874609279	50.410496743391796	74.02718461112057	74.89293428017574	64.25892034187883	37.70075765576229	59.12433936802503	62.934714095040235	70.32391822305667	68.65086139613967	70.65313054223186	58.151685265265165	72.21929681935433	44.96429034846302	52.52110770873728	46.91971613843269	81.60780678997624	66.95166339676287	66.0871499865866	33.060170047054584	66.59855933196317	45.2319606798734	60.042983071222466	71.42759700213172	57.95351559217251	65.43043282089326	51.00899849446207	77.62302139171639	74.01127916758242	72.36463553186096	60.86325434013635	38.76691550880728	56.36228410545284	83.4933841562592	59.74268419002825	59.03488377038516	84.4496145119875	57.033013010076886	60.11995384366885	81.18808779245855	51.55300921072415	59.0111825824665	66.13645246282687	76.33222895204706	52.30445594546129	76.39590426357177	58.407496841393815	52.31079766523629	53.3887663236935	65.52785814761802	59.11267372191108	82.68635625982155	63.20503290936092	67.0284356276086	51.65706938684747	63.935111262885215	54.11407481310689	64.27660071199827	74.02990211792664	83.72727562987451	77.06777258795215	61.81016920685933	72.93445572853047	63.490006581990976	46.29320474498694	37.74670466349706	49.34785200993359	75.97086937782116	62.489453141261265	74.71789698492493	83.60294563922093	77.61256775938111	41.13450956427901	74.83693815952927	55.663905201133566	49.413456716284905	73.36131168755232	48.70545241280909	60.5563534303584	64.6108109308243	83.13612897972314	57.61212721455429	66.46217873300158	47.478743186862125	55.365306834081956	40.707396408705556	59.90993607291087	75.34045277733125	65.91514587470697	43.962756042825035	46.25340569947998	49.381741613803754	51.394541948516306	70.96177300246188	58.69787335250727	44.553669571576044	57.753957597189455	62.603024972599975	71.442160836949	68.25093825823454	62.19715064271108	54.488493373793105	68.24846442951943	74.7555549598619	65.18421222216733	53.35204786707354	60.168435595723295	48.434504238878084	43.32545945385333	41.385506959720225	72.33205828813718	66.29667271860613	66.85047258517658	55.77523781469912	64.21635588933447	42.57198659681678	77.18154520505568	70.58215247444201	76.35093033457679	71.92463134252827	69.80105001086966	60.38406563866393	62.042145090460046	59.047709606928024	76.64087551813418	63.94530539888227	75.47701835123796	62.01574807783218	65.05156152947445	73.69708089309106	73.54019726457223	43.452121662695966	77.82664867350856	77.15784801028825	68.0283001565606	46.46707723724119	79.0479770582086	61.025535261378856	75.17313984738004	72.483801139732	53.25737478619884	68.17583199565323	63.233558732790534	53.51321647480906	43.89781084306221	55.09495086939183	63.64303220176481	51.39119596923087	77.282294207793	60.137403617087884	59.05593844987042	56.11936539922862	54.04497093202771	39.704017931210885	63.56923727115614	61.610607666815135	62.510364086590144	59.91478979356798	58.894170605307124	58.45664590330626	70.82333151062889	67.87580052951283	79.55618234113568	75.6983259272702	56.359420314664206	72.74445524016234	57.04992008810836	70.24313317815437	52.25169567662332	56.261809235334965	75.5056391989849	69.61179746024581	57.95717209553735	72.87941769722241	64.39048297915397	55.47210877551852	54.08397003303542	60.94093615396237	47.35330975069328	72.72433072014513	61.11265982019959	83.35889787604688	73.52061940534341	62.34892356961855	66.11714720799512	67.41330546369502	65.02100991906465	64.6125116255038	56.680609721303874	65.04046806191334	52.315140409911514	58.86330594619342	60.69380490695292	49.35516408227527	67.15892470596619	63.32860446658583	53.56703618616425	59.67555444767341	65.4074143804116	72.55921301956396	56.551081176297075	47.559410666003885	57.62133057077606	66.76278966965553	68.13379105693883	63.606552862588856	70.22227703092388	55.12377474676346	60.556755719247136	69.17985182900523	55.9428064871937	76.9054521519791	61.49349905659734	65.54689347746601	57.857420855930485	76.16434432310386	85.98178385606519
66.95636569286827	60.54787255225062	71.64681965913032	50.25200869808595	68.45518694351391	71.12980150303379	70.44941215706757	72.80615910760437	57.86078876830799	41.61164679303112	65.91186353625456	62.49441219515436	55.54447129503271	47.04130047759467	53.436810727793635	53.04362184531716	66.67774200406376	33.21891703988051	58.02995442420269	82.87498239635697	68.60042444386978	64.30902711383433	67.98704907725809	53.21270891808081	49.66938674248193	51.52973992953826	58.61681085592974	52.38391707423255	50.4911993049254	49.46361363188753	64.20701884338949	57.928065378924245	57.38361488492381	69.14372494598501	67.45430280502445	71.69615610640722	65.29479638310013	72.19440567568262	45.70417532378199	60.51107964119957	49.36003483973555	81.47802221587065	78.59328303954295	55.94607852694706	50.620859021865826	49.142786396231756	70.64003015401384	57.64695303781039	43.57859919575117	76.38703911107856	69.22754203101165	55.70418794614121	44.32790740171524	72.0046881602948	69.52198299953623	64.2507506585355	53.01054098215302	53.51188590611261	83.55379439031077	52.87688737943026	55.38370616745868	58.523290982342786	70.4809776225136	56.72605584162211	67.13626977664127	56.171986754378395	60.8531154390857	49.89544947331821	62.476276837030966	53.37854067644301	59.1478135078282	50.67203809315459	78.31678002823615	64.00366561780915	41.6172604843917	65.78419534628885	40.752863589924885	62.311094059703024	71.38435395976688	71.94985728387019	69.00270616550452	36.45092860844724	69.83388463241194	74.17338377186995	50.60157822717176	74.26035959859757	75.31557632536452	64.32149449177292	38.93445557002072	60.51615340542721	64.2823308854874	70.75288443500786	68.76833262483231	71.73333403134497	60.19724455261786	72.71973530323676	46.181400281839075	53.4094261404381	46.95760850405469	85.24911237888516	71.38928554718852	68.6430171953457	33.5416626327773	69.35171009122006	48.62106204044704	61.39068818088926	72.48509857236151	58.15946234663006	67.09495254005498	51.3328407197257	78.4802685271634	75.35618124098744	73.46539555380595	63.33550221992317	39.42284503651911	57.8484824488519	83.71300373821784	60.50696343454845	59.57837274512713	85.45261429588916	60.19320076531099	62.53697860803748	85.33604316446623	54.13400114969103	62.25507467337177	69.79183403520852	76.46193526484919	52.774060116421225	76.48495889138796	61.69846313232902	52.92330216302236	56.85245656167142	66.22653414787898	60.71946250318335	83.43272351707188	63.2359807031968	67.02902048177437	52.343254031250204	64.1498040929802	56.07271369846756	64.53659059169244	74.85444262996114	84.61780044199985	79.27538698313398	62.94023744859552	77.72417920604786	66.3040746029285	46.67026737743713	38.524491933498176	52.35487054916135	77.22591325579444	65.76290197743555	76.59337238686027	85.43895411441021	78.25496924648891	41.425529980795694	76.39769403271586	56.6117082753066	53.39599202732368	74.49596691268667	49.37654483125393	62.88002864442503	67.67506636852177	83.97924542714942	59.198265439631456	66.9142319716509	50.46769341864443	59.63022477673114	40.75261930746023	63.18438760574819	79.3417955803873	66.20112535190589	44.62873199070211	46.45890151092351	49.8167228392236	52.97077162050443	71.51005190864802	58.73714473774241	44.60789241723458	58.30530325825725	62.925844228330234	74.38289521506059	68.65001513815574	62.36368951526729	56.68107641610217	72.82237061099971	76.17462097775183	65.21947025417813	54.28446821102922	62.13605794132522	49.93974297886094	43.76049333811028	42.1786005990358	73.29676319626095	66.35263910587122	72.30573529980204	57.806770086755954	65.28582583153252	43.83526459345356	79.2986292727641	72.25755458144012	77.00760711639157	73.21575417052543	70.91775698285568	61.25129673058568	64.81001198053906	61.309064882188785	78.07740642092678	65.30263115622094	77.68131738263595	63.98535952890052	66.22813515501876	74.01023820854326	79.5227027497135	46.470689135936645	78.08588160978115	77.75105237114379	68.29885089036937	46.61848981443164	81.95880090966921	66.79394229376881	77.15526996041578	72.89147089139104	54.5930974284006	68.70684507666078	66.46360515612994	55.97075907147819	44.664473374348304	55.388816658568146	65.30119552810373	53.77507155578012	77.46878165354445	61.70347360674003	60.457794376577745	57.10597199886468	54.88968863107664	41.64019759409022	64.16366911700808	63.184537788330076	62.94740748457895	65.71243628146344	59.06486069288203	62.01433754333796	71.60419431073932	68.89967611096293	82.68637799260308	77.78620990603133	58.134914175788055	73.54061498892692	59.41698946462736	70.89785102084714	53.438600665847076	57.14163564774313	76.42736752535905	70.80988472827823	58.61023611966093	74.64331371443923	65.30393252423784	55.90858300145572	54.47574068235256	61.757299577404474	47.39151083584221	73.43333084844963	62.110596901977075	84.17514614800297	76.7132464883457	63.79317193067373	66.29847057683966	69.98130337773893	67.7684266425519	65.05526787823646	58.46420941397853	65.60722961462918	55.614997417992804	59.22005471390316	62.01358257653919	51.94059137132457	68.32171211809091	63.87874451910139	54.25870052437574	61.27714969684445	65.67739568240572	73.82695644985047	58.39026805341979	48.714151447583	59.68453427583675	67.9427834712443	68.36412360103945	65.72344058789349	71.04064200501578	55.91446069487486	60.95203159335334	70.1366941049897	56.03683647514623	77.00605847184876	62.75144817007587	66.26123612920722	60.8025371020933	78.30297550759741	86.24472207041019
67.93354815219914	64.48810259868934	72.93119053308669	55.75409513762251	68.58442056982815	72.97132907077491	70.60771217598426	73.53864556095863	58.29333076235775	43.951790898243935	66.73193702286189	63.14798230295021	65.46994334914818	49.716370969202686	57.16011505010561	53.17404834502952	67.13830713114015	33.45628919538714	60.941175582278376	83.23344782344687	68.84659673615567	67.60420381762538	71.5764965523187	55.52478466263743	50.377208853453325	62.029932134776736	58.86787302832287	56.85966513781176	52.282289601506655	49.69521259493785	65.81618223965775	57.99865632825445	59.79883483125377	70.07606924196178	73.29188062571825	79.03251735315266	66.30404008202989	73.51771059613783	58.12092535914041	61.081646576554455	52.936980354697575	81.71339749586241	79.02822633841174	63.10994115209666	54.11263857438738	49.174642492533586	77.06471618685732	65.60795151879785	50.51955457011038	77.22968208724726	71.00270833916824	56.673912584146294	45.080338188880226	73.85498093293016	69.85432552071492	67.5393273349039	54.85884824919699	55.55828894330353	83.74482508527103	53.23395945631504	59.91102913558146	59.87652079442445	76.07387960514525	57.590198679412936	67.58152171900251	66.02338461885434	62.089999715401106	51.38531670739697	62.91627543801694	53.42725331269655	60.580144709456974	53.749593591314444	79.3878125476636	67.99522540077152	54.04639772842725	66.85342025812336	41.14363067025028	70.42170730117557	75.1494129665228	80.08509870027869	69.60641806543916	42.71573919490778	76.57736894845351	79.92584324539541	52.74692972015921	78.18774342629509	76.70534252032328	65.44049185583057	40.521231533855534	66.13420671386915	64.52771327421614	71.0973840582367	73.00054600366038	73.3902478224417	60.96898180388149	75.33069056314783	49.75202408236873	54.1530786533849	46.96877632037293	85.98901465429647	72.4678834416135	69.5653057220075	33.77763388026401	70.97266704895144	57.576524401261516	62.75130058998065	76.7981498331366	60.110808965587026	68.45063071522034	57.35099178957719	85.84802502216877	76.13856665464948	73.52155695079297	66.9111167834268	40.26193681639171	57.872129326149704	84.52098625212304	62.48372643286841	59.813469420010975	88.2597768354	62.79058785351892	65.01613710829763	85.77195969392932	55.78651602399003	69.86063343587567	70.09292764044655	76.52208461522645	56.038084673398515	76.74269111938298	62.15314465595817	53.931769576168016	60.85900716056312	67.20784257415198	64.09104403743727	95.4505677316343	65.0391932034764	69.51358215273791	53.90520955267163	65.28017464439162	57.65700665475183	66.78665360148077	75.27162695702438	84.9941511166184	81.62258170888319	64.77432954025926	78.55913179384675	67.44697189525884	47.2660475264188	51.486613620999044	53.05527364807919	81.32677890002678	66.3444171638874	77.18530523684822	85.68789859730678	79.58615300632503	43.12072691533454	85.83468694349443	59.19778696920984	55.26675710476651	75.90875732936973	50.34052763786355	65.56872995338924	70.25390521997585	84.67077749244352	60.97337507010245	68.55805609940656	53.01963151355644	60.90714515723864	41.490556100991775	66.18434537492536	80.0797899133272	67.29523560443836	50.41256730492138	47.827888884466844	53.677473705271076	53.36869313738296	73.82640370086142	59.45206751145174	47.45255898214568	62.37856746485099	66.81051050712888	74.71006114805007	68.91038074660779	65.9958886966158	59.29025592408457	73.85347657747062	79.1662991575698	70.9720658621697	58.200138802409086	64.47624342599364	50.996282606273816	50.94364736470602	42.35212011475577	80.94348845075444	70.86104643396804	73.71273774943033	60.519141662441164	65.56002157800987	44.48425782604577	79.78088510061386	79.60061606089421	77.08747110298974	73.64046923984652	71.18891610519474	62.02628234766834	66.5664946870333	61.80286421187556	85.03921703627172	67.53103506603374	81.79452256641089	66.64187668603242	66.23855038226937	75.77688460574772	81.41549879124837	47.69286491348253	78.17494494476354	78.01373511280957	71.59422667809856	48.64849131078964	82.84830534394348	68.98932479414242	77.51676946299656	73.85391555553791	55.4230951366595	77.98346045351987	68.04197685227479	56.190200218059395	44.79629368758866	56.1045036641467	66.46427732003758	54.58687448489337	78.19967252516525	62.78373942070313	61.09681099696266	57.223486442798304	55.02856311463183	42.47312913219898	69.94927811398125	68.14619190214604	67.232636967985	66.60856630256947	65.14923456919153	62.0274721414999	72.78876040026091	69.17163448199187	83.38099397028198	81.40337308651522	58.759665118938	73.83169639406984	61.033985280956685	73.09886720526299	54.18205291944018	57.392085700451936	78.22047524009463	72.48725649203371	61.21901972277119	77.51382626952173	77.32108274521933	56.06031893493241	54.47971890828468	62.9032767256184	56.78602452844781	73.80873987458949	69.40209931178312	86.62228855081433	80.6547730477301	63.985303969787516	66.77399227247027	71.90227815168389	75.50664967331275	66.91706538266857	63.11538717633442	65.81387787769962	56.781521571978764	62.15344627406767	66.07482652278107	52.10326894286689	68.83654087751225	64.60239067193353	56.60720719572612	63.0987551290795	78.1297968575571	74.77311805435644	59.203847467846494	49.988147337414006	59.80426562644042	68.86917770040606	71.07469577408511	68.59306399441653	71.28535445221068	65.89108684724262	64.73798027757735	80.06750785457565	58.0107945554098	80.1328059495426	67.75097337092164	67.64525188045079	61.12339223757314	79.47303218246336	87.02434875762621
68.73020053261165	65.87296100573553	73.54086385007818	56.15283927727129	74.49814299538326	79.77128437945773	71.76634695284608	73.74874290240345	58.83974120399519	44.11251300511873	72.04127771235646	67.5435997102422	67.18482368129676	50.44829152623351	57.39138738597324	56.233066954604496	72.22671307150716	33.81400460429431	66.21023806926809	84.42646391994943	68.85409584424265	69.43030762317255	73.42391413387713	60.40630763846153	53.92071054247042	62.76979448180672	60.05963782580323	58.07964980134157	52.765925016691426	52.85997740091481	67.39744457585262	59.74815547053187	62.233392958978186	75.39760514059383	75.3738036564354	81.47181282756742	67.12130264009376	73.9249550304523	59.34963164848995	68.83451462970685	57.24109563932178	83.95589843427501	81.32472131749239	63.165237364047854	56.78570037128934	49.881802540863454	80.06768658986616	66.28984377108608	52.04357881012931	78.52517176642209	78.6134097076422	57.15911156926816	46.40939257565395	74.36668400336954	70.32844932038975	72.66426917174334	56.25714593846692	56.5035515748016	84.6532248885363	61.54040453029475	60.2611812036657	60.89278122108887	79.55310977612635	59.48310955915841	72.15553493952426	67.40127720780197	68.09660197544866	55.124882581517305	69.06607558346212	54.077451125540414	62.20552079237101	58.73940459713046	80.15148050438948	71.12909385274475	55.20535485162168	67.36979796141146	42.6067696785957	72.94245589512398	78.34891699428663	80.34579963690199	70.85560643909562	44.251092093659025	78.53024329729071	80.98894132986015	55.75810274375903	78.3573205670271	85.68937752781316	71.72238074171622	40.64333379346009	69.21064818805311	64.58946141423866	71.10305692863783	73.54003472600822	75.96140041864287	62.935454097971366	78.21362251230613	52.85913670155665	55.687748743559794	51.5035866836069	87.1982154744529	72.74187275623629	72.51802632751331	36.05392374317651	72.74772169562095	57.9352358187872	63.491867147788895	80.23620394559804	61.26169094647874	75.69071855439744	60.848553851074435	86.8145567434684	78.54227442931449	79.37840739134515	70.84899022550378	40.9952251787744	61.32253800202017	85.94564933117898	63.57686022145241	62.2834115687584	91.10080423543995	63.17740979085744	70.1952583120896	86.72406288807831	57.04699299753843	70.65552437136483	71.1199279695446	79.35104036595637	59.22075451399387	76.82122085968479	62.21903982023094	54.872108146282514	61.9429466237039	67.86622622433796	64.13636040104097	95.73172223155599	67.32955318102432	70.35999281135523	58.2489734516648	65.74149340052894	59.767623946462216	70.24900744183346	80.66598967100617	86.56513571157649	85.90352363549495	65.00164346359512	79.77160912856243	70.2894848666249	52.42113660069333	51.776938564893634	55.40150122105865	83.0726467023421	68.17340992644557	80.93995008728146	85.90419071109461	83.45801815010145	46.64496756765702	86.42466910759146	61.33692034309176	57.17139777599107	77.6435342115113	51.338056123584195	66.06605795268379	71.59927196742908	85.20952021627761	61.968870566349985	69.68384099453593	53.898481238219645	60.956749503276725	42.595443924078204	67.20073662569449	81.20412325561149	71.87859138365599	55.06320755083718	47.974966410659384	58.282483908363176	55.00241112299857	77.32493777851352	68.53525594379984	49.08477282696681	62.40453684088521	70.169529798599	76.45115854148122	70.03461768262258	68.82129620190004	59.499919755228134	74.0271206761211	79.2744289831858	78.85172951302962	58.92155412986861	67.1768829983683	53.69228951589373	51.29927983102475	43.75824820775357	85.15088928704273	71.62369034981707	75.37668133733119	61.039138706545465	67.52818904981913	46.430799246496385	82.47504489791699	82.26259404788968	80.12201859777102	74.61087573943934	73.70833849347098	62.449156476242344	67.33143355039034	64.74462281654613	86.61665021504635	70.15819016544621	83.20626763401253	67.06789468335141	67.89862357181919	78.43025349068617	81.85169325968455	48.78194593178622	83.26275072413345	86.26494681743166	72.23588010636614	53.99903231646974	83.38140686874202	69.45310862637231	78.69707052281365	76.07061298450473	57.85646211869901	79.0304264598722	70.4579654978984	56.97561471645958	46.02224848126935	59.60864468048744	68.48311424099484	54.66320975442497	81.01450662006863	65.97762736534771	63.84882959641274	61.888670130201504	58.20299824597415	44.119315255849294	77.26962584683844	71.98945497094185	69.71781083187857	67.17713257109489	67.75154986125577	69.49481650366	73.4110582558847	69.97936080532821	84.35128034992948	82.61661672676662	64.34567954225624	77.34627887513015	65.05854360749946	73.59323797806363	57.26506238202652	59.735670512028946	82.10548605065088	76.70443453531797	61.4433347069899	78.55855257815972	78.88445557651764	58.842564400668586	55.00792938412015	67.43314180753872	57.52399052575471	73.81959479993493	71.10089338085687	88.72454095321783	80.90725474032283	68.4230908108249	69.58153264010419	72.80035386818167	81.74612809791434	73.36135990859329	67.0849200003782	66.57195185159634	59.3069302345397	64.45598586379293	66.54960508929791	56.82355383645778	69.86623288204015	68.58900819182296	62.95004427064382	63.76742713230012	79.53435071498359	75.14412741133867	60.36434950424763	53.71907372502274	60.70674528772169	72.10182880640127	71.75442489609458	72.20745519218342	73.66758203966666	69.00251048700659	67.16129724821826	82.3579892474278	60.271740963629576	82.4507803835985	74.57383102920079	67.81937037930844	61.69804437293955	80.37848901586798	87.37815327463211
77.84310043511418	73.82991602069633	74.60195655688844	57.69592767353048	78.96566061210007	83.6955853003323	71.84354404349081	73.97367616761477	61.31168426512801	46.257163531079044	73.10002801695754	67.74398585643185	70.35211417838339	55.2036659895693	61.357328191139	57.51751562151371	74.85062063176582	33.81740298658446	66.4937969477392	84.97838590216952	73.13796869997977	70.82924155212673	75.89526577909575	62.230638331764226	57.06244101280989	65.8785683287023	64.3539483216191	58.567185586252855	55.35469756202812	53.14944726414375	69.00926849173884	61.81596901542491	65.10481157338347	75.87903389253366	79.85912786536275	82.71911094575572	68.35312779481055	75.02551283438221	59.90063024018184	74.67156925665108	57.344424085440444	83.96325317193794	81.96655961125367	66.32492516947633	57.78714928565804	51.01872305407891	85.18708356008523	69.18875587380465	52.78383508068621	79.56974451745552	79.86105415183762	58.361847806070855	47.39938986309011	76.30907793851512	78.0145211317325	76.4551302600121	57.87545201912065	59.01878401116615	87.641354373847	62.38724570779521	65.34535549482881	65.62699180802386	84.48277393069203	60.57663484504794	74.588880470947	69.61288843892805	68.88910098744044	58.02159304165329	69.5046379219719	54.71482934384477	63.1760323831021	62.731222161948054	85.07335904406901	72.94509029948966	57.51880273847349	68.34373937083647	43.22334954909903	80.03828578582315	81.52260509554917	82.98166981157168	70.93698421752227	44.7968877012345	80.70127101049756	86.01132700522979	57.85778484864831	78.46773020244113	87.02951260126075	71.77944452082095	43.45626815851817	70.53565881781576	64.83386965965232	78.17769857441704	77.88322024977576	81.27822351048844	63.48093336752652	79.25375617293794	53.85638246739427	56.648990681790465	51.54166247493134	90.83733499925306	73.5935708995105	73.22394634536975	36.41815718665611	74.11383616678965	61.64043171663129	64.63272536040043	81.78264697699639	63.20392526478546	79.51897930131324	61.354875942054	87.94409744917964	80.6717721817947	80.31277727716396	73.5584873618409	41.83719103542726	61.7615723426773	86.27595775810407	64.81412709637874	63.00928986729904	91.87331118441261	66.19105836683035	72.6815968476467	91.35220260598949	59.4063339096557	74.7372399595872	71.42249226373009	79.6693111722897	62.38360008004385	77.17183727126178	66.85778474234826	55.882760786790286	65.40602793784414	67.92096422415408	68.88085657874215	96.92735694491546	68.6890500969277	78.82161339559221	60.957615321979475	65.88592457799102	61.47840032615723	70.48901865500056	80.84458242476305	88.06765371858982	87.8848280541321	70.72413215365508	88.62133158270112	74.25994340262615	53.62296054203704	52.69586610535605	58.4024261354467	84.324909279876	74.9014792349671	83.4096514175953	88.28886791078374	84.79373036888813	47.884342190574735	86.72678906494248	62.287841042671914	61.43459382457421	78.54865985984681	52.492675327852105	68.99758028866508	77.4681136892286	86.27379400781146	63.79236906926117	71.09130265029819	59.20313152449851	71.55345965616517	43.10624730147838	70.7299182594314	85.39424721054691	73.21517729721543	55.33631956854451	48.85739420012787	58.33235722058384	55.64478569385216	79.41301690018949	71.56410314877013	52.15217527491673	63.157012567017794	76.38687513543736	76.96856708352873	70.75670389133106	74.86981283929227	63.80245353413487	79.39819722784631	82.275378637779	81.39474297748501	62.38110094772763	69.2876838047872	54.531237959752964	53.15121103252085	48.29347187578202	86.14222241283596	73.826030766595	82.94885770212512	62.81642433594002	76.98728788981926	47.52444875038194	83.19237090478883	85.56823780659475	80.54948934593627	75.26042838804814	73.97830610899177	63.445020293758056	72.32653589322274	65.01143732661579	91.21337477170975	72.90431374098407	84.95247027269237	69.94705250832656	68.16341272631665	80.27394329180967	88.51694960155825	53.02212414362354	83.5193963824693	86.52573532453106	75.98926258988243	56.42766382653148	84.05163838167718	71.87846651940517	80.88887721113802	80.50972101332967	58.685607011379005	84.32306261433203	72.03424083911169	59.69729544426506	46.15141026840713	60.38970203079111	70.09219103179332	57.62106578275031	81.35077220961365	66.8405097820773	64.7505865143621	66.6332451961926	58.51296986289429	47.35621445088313	78.19452401814887	75.71624433030183	69.98672922440184	67.84555559787196	69.22071013564306	72.9874145790538	73.90484695454357	77.99051337291436	87.25265262813686	84.24465745006451	66.9942190430521	78.66722244999686	69.38645442338006	76.24371598771992	58.18947673522088	60.33674507862105	82.80133454113962	78.12447704194574	72.00983512817776	85.53034662739039	81.58589423045838	59.66869832908149	56.23472247272744	69.40413758998281	57.765787568493835	81.31850633009981	71.86369426239038	89.79971477929203	86.49506489355636	68.51596863240407	69.77521610578724	75.41836897159453	82.69146613745619	74.76048965207977	69.71986317047246	68.88571607556264	63.3133798831277	67.1550920288314	70.61226083346322	59.589656251337125	71.98747954355488	72.15580302928595	63.43633196628356	67.58190751031191	80.53181987011911	77.12555667835909	63.27562779066494	56.146464271774526	60.83087073845459	75.9678328051452	71.85303320829084	74.32310725297093	74.7098550225131	70.95852363816147	71.60152056290579	82.39097788233846	62.26531608962266	85.35165156826474	76.32242066483063	70.16699822525445	62.0200635989247	83.68474435643202	87.6176894234639
80.32214109870111	74.00931309821124	76.42858137235865	62.58608666266379	85.39750822556118	84.09417968121211	80.71670850929095	86.14344153440206	62.28444395722585	46.562066655747316	74.54618830282271	68.84015009182326	74.42065783461692	57.99929447100352	61.95059881765381	68.92575010068896	86.52159853183397	37.67069173158227	69.45609229973641	85.19031212716102	85.33422211681308	71.06306420203065	82.725732776677	69.37753757554731	59.82455093111197	72.81923137691209	65.43826484488656	64.10742677344192	61.68382263641554	61.53660738129928	70.9064845881766	70.15736259005683	65.90674738258451	87.45767605032711	84.67920603480601	89.51334969067875	72.47920062667964	77.09421302113918	64.6034681661076	76.75889070487477	60.016264258739916	88.668409777123	85.3255996718307	76.51909303460438	60.1175169665986	56.603854890915024	88.87373046789051	71.62485652784338	56.97189365325916	88.40914503611526	84.18613890871319	64.31574089516198	55.8661174271474	76.44239926530885	87.44356550750196	77.81284376130587	61.72787465951994	62.96559420118218	89.99874004873377	67.41116590166118	67.96907176143547	71.99819321354954	84.7083889224627	63.57615625297454	80.40784611712516	69.98167268550029	69.94434685819488	64.24095039872537	76.57546904553794	71.63492476766464	68.71132835497411	64.0813857674716	86.73309365193995	83.43138665128757	57.96641002387143	68.76540479104636	46.44787448499618	80.40426003527537	90.68442401765881	85.25074823419745	91.09100419520422	48.86645929880069	81.87147898161555	87.82784369301217	59.87682328839911	81.21935576572636	88.60900481025861	80.53343871889639	48.23096270918941	83.62670608820162	79.56834263732901	84.06376761263525	80.28897823794938	83.78244273207542	65.97729068853566	89.70108525761876	54.011561048686815	59.499345124522236	51.850622373602974	94.22025168811163	78.0378085067135	75.55299711822897	36.747447678915464	82.0360755770821	63.637950247718315	66.12224181954637	84.11727245082642	64.185641997508	81.72298646333783	63.0485090723952	98.57890517290383	81.01471718929804	81.79952859051221	75.70482854615918	49.3936923094264	66.01425570801081	94.35767519328974	70.80845229832886	64.04613817915495	93.02280966654962	66.84932467798787	77.08352961023914	92.88463399616029	67.54255160912825	76.62901439512865	83.6758693692716	80.57354868649503	66.71086827952337	79.18260674524305	80.51992132155289	60.547697986447744	67.55281436094847	88.82063609103122	71.90872781260154	97.4467044631753	68.94113346971956	81.83473724402663	61.59236037992813	78.4184804255062	67.34626002630307	79.01241040697874	89.62882167112207	95.00208057599278	87.97294512573073	71.3009948053236	90.86764468767383	74.96975064566703	54.28667480312514	56.796156682697905	63.21261866384036	85.65712995604632	84.00298448665103	86.01866603884395	88.54536196961561	85.66326713019335	49.06772934889246	97.17608730929066	72.82661793845364	62.88485919625673	81.93543782713078	59.86486241971871	75.22947731251291	78.91582123439618	90.54012460027525	71.60017284051173	76.84848337054648	60.16694505558385	72.9709877423049	51.94613105637737	72.9609931826424	85.67385846151298	74.10819915444078	55.92369714540458	58.84152382443027	61.15456585026842	63.98319436561701	81.63729383439173	73.0704672839629	54.5822557622853	63.882857026818314	78.29146728372591	79.70188104586344	84.94807179999106	75.72753925985268	70.21224564375973	81.57191164487409	87.8215547321486	82.2031386808911	63.540480689626534	73.05466310599543	55.81105134641427	63.392600280845485	51.61678961466584	91.04226670935017	89.60139773275614	84.06773840378861	76.5209831004515	78.67797614895575	51.90750497282452	88.50858783184898	91.35358184568886	87.73685708757273	77.0136292331434	75.67379582787375	64.09100237628341	73.2745373351475	67.27506631771293	93.69633704208599	81.92279052439217	85.91316960781796	71.69332951309852	78.4754471735994	84.11401802149635	90.85098771102591	54.80287416105856	90.06260174037433	91.04893314806955	76.2589756571467	56.64049876429405	89.25238215787545	77.61432782918357	81.20554886287515	84.92122920409966	60.246839319619255	88.44250873072716	81.5037820894861	67.20180136388134	48.49554611976702	67.38011129548778	71.53279409138086	63.364326260547436	82.30884389230053	68.1801960111097	73.97522990290611	67.01073729838131	59.49588637489272	50.02475991561427	82.60610691871858	77.76638876676623	72.25165238658047	75.81997578659258	81.57570716588769	76.08898597531154	87.46322475933553	89.31834092884615	89.52605939441999	85.809044683999	73.0144056905973	84.57058419501891	74.0288565758853	76.8998521370381	65.55101307150846	61.047493975916304	89.43944333809364	80.9198396431033	72.23872783968405	87.91037505543878	81.9211822428569	64.0199435967664	74.91748659188869	75.66834010809137	63.67142514693863	92.62635225824235	80.03836805308057	95.10845607215668	95.14303359646118	78.81927131543384	75.04894217583146	87.30918579357578	82.97500266501652	76.28908368514061	73.68481527130754	74.72859012615001	64.28231352354908	72.6758944862031	71.48109045835503	60.00090591402859	72.22845832224836	82.79116625998411	63.58308712255761	69.78547928447838	82.72807218980671	84.55476854342481	70.28306360140107	58.35087062299905	70.71882678291826	84.7154961873072	86.48661876418095	79.80510812925965	76.22161112381168	71.75458904750957	75.75493319801183	88.9038720380222	67.21047452381242	85.45137328246193	76.77030889434052	76.31867734708428	65.1917666182066	87.52591969397486	93.14892449442962
