L,N,nmax,filling,U,W,r_mean,r_mean_stderr,r_mean_n,onsite_pair_density,onsite_pair_density_stderr,onsite_pair_density_n,onsite_pair_variance,onsite_pair_variance_stderr,onsite_pair_variance_n,charge_fluctuation,charge_fluctuation_stderr,charge_fluctuation_n,fock_entropy_normalized,fock_entropy_normalized_stderr,fock_entropy_normalized_n,ipr,ipr_stderr,ipr_n,pr,pr_stderr,pr_n,pr_normalized,pr_normalized_stderr,pr_normalized_n,entanglement_entropy,entanglement_entropy_stderr,entanglement_entropy_n,diag_std,diag_std_stderr,diag_std_n,disorder_diag_std,disorder_diag_std_stderr,disorder_diag_std_n,interaction_diag_std,interaction_diag_std_stderr,interaction_diag_std_n,connectivity_mean,connectivity_mean_stderr,connectivity_mean_n,Nres_mean_l1.0,Nres_mean_l1.0_stderr,Nres_mean_l1.0_n,Nres_mean_l2.0,Nres_mean_l2.0_stderr,Nres_mean_l2.0_n,fres_l1.0,fres_l1.0_stderr,fres_l1.0_n,fres_l2.0,fres_l2.0_stderr,fres_l2.0_n
6,3,4,0.5,1.0,1.0,0.501010125232364,0.003078152383798826,500,0.25159012021071797,6.843640976774352e-05,500,1.6750423496644202,0.0036113811642435626,500,0.47698906260365403,0.00021584658334788972,500,0.812305246733832,0.00028612020786015943,500,0.054590599234898396,0.00010199435955752263,500,19.094040169319598,0.030741438852740246,500,0.340965003023608,0.0005489542652263992,500,nan,nan,0,2.04554231652546,0.005255428781744777,500,1.0107459303092219,0.010922854134968888,500,1.7654696590100007,2.982024500902759e-17,500,4.5,0.0,500,2.24685714285706,0.014282874037731947,500,3.8946428571424803,0.006792792426973765,500,0.49930158730160196,0.0031739720083974196,500,0.865476190476116,0.0015095094282123994,500
6,3,4,0.5,1.0,2.0,0.518398251666184,0.0028709165637037415,500,0.253534362530784,0.00022765750346255187,500,2.0420249267756403,0.00954113643838073,500,0.46492711160049394,0.0007182612607156255,500,0.7930987584033441,0.0008748115441227383,500,0.0620061333396214,0.00035802603350033673,500,17.2466239647284,0.0738588049909372,500,0.307975427941582,0.0013189072319821633,500,nan,nan,0,2.6928496588729205,0.015965586564742052,500,2.005105485953502,0.02199030738534617,500,1.7654696590100007,2.982024500902759e-17,500,4.5,0.0,500,1.7605714285715859,0.017010443856540602,500,3.20000000000018,0.022145650572288112,500,0.39123809523789393,0.0037800986347864256,500,0.711111111111126,0.004921255682731527,500
6,3,4,0.5,1.0,3.0,0.506161274771332,0.002845538910996556,500,0.24930393610171,0.0005397059919017134,500,2.21621239254786,0.012959136517040004,500,0.42430107721266597,0.0019612646056052616,500,0.743151086626292,0.0022682232468881824,500,0.0844617619520376,0.001192673873007545,500,13.9807798795562,0.13111864735835255,500,0.24965678356349139,0.0023414044171136553,500,nan,nan,0,3.55766624802908,0.027465571045708532,500,3.06394853611117,0.03255178770109507,500,1.7654696590100007,2.982024500902759e-17,500,4.5,0.0,500,1.406928571428618,0.01852354896292029,500,2.5982857142858102,0.02721076983193614,500,0.312650793650628,0.004116344213976162,500,0.5773968253968301,0.00604683774043326,500
6,3,4,0.5,1.0,4.0,0.48054647956568,0.0030769991858772155,500,0.24099831899948,0.000810772661513856,500,2.12685142896868,0.01583075008251839,500,0.37520486380810997,0.0027763365591330766,500,0.67985934972608,0.0034227944742002024,500,0.118320814396755,0.0021161244021481616,500,10.921316035448719,0.15218529969290373,500,0.195023500633011,0.0027175946373739933,500,nan,nan,0,4.4490429164214005,0.04024281128592162,500,4.06097957053332,0.044624173854921324,500,1.7654696590100007,2.982024500902759e-17,500,4.5,0.0,500,1.175214285714182,0.019296100256078544,500,2.19592857142868,0.027896305614136044,500,0.2611587301586698,0.004288022279123531,500,0.48798412698413823,0.00619917902536842,500
6,3,4,0.5,1.0,5.0,0.45858399630966995,0.0032052609289542826,500,0.234503213789816,0.0009279751419950641,500,1.974116450696734,0.01747470083236682,500,0.32838343856042,0.0033035797841103392,500,0.612773776714046,0.0043340530073399455,500,0.1620464480401868,0.003149543078473958,500,8.51618987209766,0.15619525097952286,500,0.1520748191445852,0.002789200910346693,500,nan,nan,0,5.4251259374781595,0.05203747081552064,500,5.10936584166588,0.05592598713910826,500,1.7654696590100007,2.982024500902759e-17,500,4.5,0.0,500,0.9757857142856637,0.018404182902393085,500,1.8467142857142522,0.02884188554490027,500,0.2168412698412642,0.0040898184227499265,500,0.4103809523809306,0.006409307898867092,500
6,3,4,0.5,1.0,6.0,0.44227533139521596,0.0029944255849867316,500,0.23055864107231802,0.001020747351345652,500,1.80193579311808,0.018542379468293402,500,0.28722915231610324,0.0033793830265280377,500,0.551484180767484,0.004698901808077779,500,0.2078949635225554,0.003958799617874277,500,6.72909177736354,0.13254643113669307,500,0.1201623531671936,0.0023669005560112344,500,nan,nan,0,6.37097332473314,0.06264997355488576,500,6.103779466775239,0.06601874365804644,500,1.7654696590100007,2.982024500902759e-17,500,4.5,0.0,500,0.8287142857141918,0.017258531150371643,500,1.5975714285713343,0.027569952597080644,500,0.18415873015876186,0.003835229144524263,500,0.35501587301583426,0.0061266561326836005,500
6,3,4,0.5,1.0,7.0,0.43333225341968,0.003048057276564295,500,0.22555203170225002,0.0010807255388470146,500,1.6461196600343,0.020383636465585785,500,0.26087279685382064,0.0036399296251621105,500,0.508729004179992,0.005245059267103635,500,0.2460521854994696,0.0049746546304274405,500,5.8609441111975595,0.13077355591289136,500,0.1046597162713864,0.0023352420698722585,500,nan,nan,0,7.257670864223041,0.07934128987389161,500,7.02086435772878,0.08261255182783703,500,1.7654696590100007,2.982024500902759e-17,500,4.5,0.0,500,0.7484999999999794,0.01738998411686535,500,1.450571428571293,0.028252973327060497,500,0.16633333333334827,0.003864440914857346,500,0.3223492063491838,0.006278438517125193,500
6,3,4,0.5,1.0,8.0,0.426152124668218,0.002999445864761755,500,0.22189419460102,0.0011673585137970985,500,1.468552641963802,0.02056405022984399,500,0.22672573892981962,0.003550073971419881,500,0.452559659380258,0.005287231165351199,500,0.3003098151583758,0.005723512973273711,500,4.73107332712512,0.10531618359839175,500,0.08448345227008579,0.0018806461356848227,500,nan,nan,0,8.355208624437761,0.08391207234818668,500,8.15377405951378,0.08636703768888256,500,1.7654696590100007,2.982024500902759e-17,500,4.5,0.0,500,0.6520000000000286,0.01659376117405375,500,1.257642857142689,0.02693211750710633,500,0.14488888888892235,0.003687502483121446,500,0.2794761904761809,0.0059849150015784105,500
6,3,4,0.5,1.0,9.0,0.416468120615558,0.0031287155028196087,500,0.22216042330855001,0.001230673314276934,500,1.351497814598892,0.020416130842592688,500,0.20461908297719877,0.0035381796402054783,500,0.414697797166888,0.005345095138627459,500,0.3402917824314768,0.006131551779408575,500,4.1598317125241,0.10284053769202789,500,0.07428270915221699,0.0018364381730718309,500,nan,nan,0,9.23370873712212,0.09596117311367572,500,9.049977093041282,0.09845981618778024,500,1.7654696590100007,2.982024500902759e-17,500,4.5,0.0,500,0.5799999999999826,0.016594988533642288,500,1.1367857142855868,0.027164447204657025,500,0.12888888888890404,0.003687775229696726,500,0.2526190476190513,0.006036543823256478,500
6,3,4,0.5,1.0,10.0,0.42136998473303194,0.0031116333368260297,500,0.22298784966645802,0.001230066650402173,500,1.296329711081986,0.02055413660025583,500,0.18873530990918538,0.003491780617261212,500,0.386761225274166,0.005447671333284169,500,0.37378417574205924,0.006673229969261369,500,3.7651471515130797,0.09236044081535963,500,0.0672347705627306,0.0016492935859874426,500,nan,nan,0,10.31545556180798,0.10749470510638609,500,10.151401877701241,0.1097161664174767,500,1.7654696590100007,2.982024500902759e-17,500,4.5,0.0,500,0.51800000000002,0.01499304434315391,500,1.028285714285734,0.02547274668519671,500,0.11511111111113163,0.0033317876318108976,500,0.2285079365079307,0.005660610374485711,500
6,3,4,0.5,1.0,11.0,0.415500483503176,0.0030224554896906225,500,0.21840286468353798,0.0013000305170903926,500,1.144417243816058,0.020503917316369812,500,0.16900895381260897,0.003295830585988445,500,0.350993280814517,0.005056949304477473,500,0.4129980595490026,0.006600969542428865,500,3.27785644544058,0.07974512918927684,500,0.0585331508114382,0.0014240201640940823,500,nan,nan,0,11.53827039863122,0.12024812815057136,500,11.39185798037526,0.12223469474815798,500,1.7654696590100007,2.982024500902759e-17,500,4.5,0.0,500,0.4806428571428534,0.014520705052434685,500,0.9456428571428752,0.02468284345516905,500,0.10680952380955105,0.0032268233449857043,500,0.210142857142868,0.005485076323367782,500
6,3,4,0.5,1.0,12.0,0.40932669212418,0.0033673767992579316,500,0.219573850502666,0.0012706426082256053,500,1.096981499369206,0.020923970402229278,500,0.1599407966858592,0.0034851806520219426,500,0.332773414199384,0.00546840892519619,500,0.4399121504324388,0.0073859426713198265,500,3.1410561193352002,0.07995539255103072,500,0.056090287845269995,0.001427774866983149,500,nan,nan,0,12.202084776880179,0.13163467393885345,500,12.063254411584442,0.13353824361025357,500,1.7654696590100007,2.982024500902759e-17,500,4.5,0.0,500,0.4414285714285598,0.015045838105086261,500,0.8767142857141814,0.025890133375003295,500,0.09809523809526782,0.0033435195789084655,500,0.19482539682541022,0.005753362972222012,500
6,3,4,0.5,1.0,13.0,0.412865955585946,0.003267192408038484,500,0.218522701985504,0.0013569644815376502,500,0.9944194496081801,0.02010394408895919,500,0.14200128172463583,0.003446044298801071,500,0.30065541207244517,0.0054720347736797416,500,0.4858809263840802,0.007920750973616742,500,2.811332288692,0.07289803407595706,500,0.050202362298080005,0.001301750608499888,500,nan,nan,0,13.53854945061576,0.14081705922385357,500,13.414063754286559,0.1425028519619673,500,1.7654696590100007,2.982024500902759e-17,500,4.5,0.0,500,0.4064285714285546,0.014703280400702965,500,0.7879285714285282,0.025220701616511833,500,0.09031746031747143,0.003267395644601255,500,0.1750952380952561,0.005604600359223033,500
6,3,4,0.5,1.0,14.0,0.40445520319241596,0.0032942517009721096,500,0.21972226868007,0.0013627187482851755,500,0.9405668923868279,0.019781088672633545,500,0.1358491961727922,0.0032035317503220305,500,0.28637003944951156,0.005042587411176146,500,0.501202996160878,0.007629757918325173,500,2.6339809354639803,0.05947175780369594,500,0.0470353738475694,0.0010619956750650829,500,nan,nan,0,14.420300906181899,0.1489406563113571,500,14.30419735231748,0.15040099671084814,500,1.7654696590100007,2.982024500902759e-17,500,4.5,0.0,500,0.3889285714285904,0.014256868601450074,500,0.7642142857142006,0.023911393178420542,500,0.08642857142859148,0.003168193022544306,500,0.16982539682540346,0.005313642928536675,500
6,3,4,0.5,1.0,15.0,0.4007895059831782,0.003512193545357051,500,0.214881798182056,0.0013111431063706955,500,0.8586491632585399,0.018379622669834773,500,0.12330059709000099,0.0029569273509949968,500,0.2686617174870968,0.004930943048793828,500,0.526247978721488,0.007657786369441185,500,2.46181773481814,0.05479822394660689,500,0.0439610309788936,0.0009785397133319975,500,nan,nan,0,15.550043567796601,0.1679456805450714,500,15.44176259372874,0.16936525314647766,500,1.7654696590100007,2.982024500902759e-17,500,4.5,0.0,500,0.346714285714265,0.013290823369877608,500,0.6794285714285093,0.022310750323019577,500,0.07704761904761889,0.002953516304417285,500,0.1509841269841512,0.004957944516226861,500
6,3,4,0.5,2.0,1.0,0.5148161292515899,0.0028759264867955258,500,0.248362224962428,8.992016294948544e-05,500,0.851769214035494,0.0018243894362930007,500,0.44785775349801804,0.00042399141627874295,500,0.7568731635846,0.00041370515308677134,500,0.0758807421234758,0.00020465644543860652,500,14.333144738566599,0.03223707251517404,500,0.25594901318866004,0.0005756620092003729,500,nan,nan,0,3.68118362063076,0.003110056303694268,500,1.0113147740483022,0.01147004128692819,500,3.5309393180200015,5.964049001805518e-17,500,4.5,0.0,500,1.82642857142827,0.01919750586192716,500,2.5002857142848796,0.0066644728030847335,500,0.40587301587284996,0.004266112413776726,500,0.555619047619492,0.001480993956229026,500
6,3,4,0.5,2.0,2.0,0.518152525567104,0.002807566467197927,500,0.239297797447726,0.0002431713178695396,500,1.014433127826768,0.004516926298046781,500,0.420886629488208,0.0009006302401386549,500,0.7339577274855239,0.001039906863637728,500,0.0880298302636064,0.0005980652377067877,500,12.90473435709644,0.06001473979285533,500,0.23044168494817602,0.0010716917820162081,500,nan,nan,0,4.08827216653076,0.010890332920886458,500,2.011411528779326,0.022819391000200896,500,3.5309393180200015,5.964049001805518e-17,500,4.5,0.0,500,1.21514285714262,0.019083660195530774,500,2.2479999999996396,0.015086765268888313,500,0.2700317460317034,0.004240813376781846,500,0.499555555555588,0.0033526145042131164,500
6,3,4,0.5,2.0,3.0,0.509726059263068,0.002935123511913285,500,0.238747834802902,0.00033106583887060125,500,1.289943065307192,0.01049224245374666,500,0.3911370657411,0.0015069022857415275,500,0.687788836397634,0.002087140012112922,500,0.1152069404519708,0.0013216481254708864,500,10.80000384285364,0.09028581365087525,500,0.1928572114795298,0.0016122466723359763,500,nan,nan,0,4.6810541316451,0.020980245929210283,500,3.018979810031296,0.03320373169346639,500,3.5309393180200015,5.964049001805518e-17,500,4.5,0.0,500,1.0348571428570619,0.01693416487587037,500,1.9460714285714802,0.01716135888451994,500,0.229968253968214,0.003763147750189879,500,0.432460317460174,0.003813635307677346,500
6,3,4,0.5,2.0,4.0,0.484686902603652,0.0031067367022213593,500,0.23890540291112403,0.0004591087894872391,500,1.518586525680616,0.013560504900147135,500,0.35236534851900003,0.002165424264597664,500,0.631908728634582,0.002979749542131765,500,0.15018197811593637,0.0020023929316828194,500,8.77459233953276,0.10442820701819786,500,0.1566891489202314,0.0018647894110389515,500,nan,nan,0,5.39596240188108,0.03369552451081049,500,4.01856947553286,0.046231445781698514,500,3.5309393180200015,5.964049001805518e-17,500,4.5,0.0,500,0.9370714285713472,0.01690016291410334,500,1.744142857142992,0.01695993276683299,500,0.20823809523809883,0.003755591758685347,500,0.38758730158713606,0.0037688739481851774,500
6,3,4,0.5,2.0,5.0,0.47091810113570803,0.0029817513141595677,500,0.237658826771586,0.0006952657130350812,500,1.647317716042976,0.014787834586873045,500,0.31766872113577,0.002634941952435427,500,0.5819756931020961,0.0035802595405825723,500,0.18573666806757538,0.002701393102664555,500,7.3050927953103,0.10312482911545397,500,0.13044808563052418,0.0018415148056317226,500,nan,nan,0,6.22455636155202,0.04321839420981301,500,5.0729784625587,0.054359191313681145,500,3.5309393180200015,5.964049001805518e-17,500,4.5,0.0,500,0.816785714285694,0.014486237596788052,500,1.5898571428572779,0.017783109056958762,500,0.18150793650794322,0.0032191639103935923,500,0.353301587301396,0.003951802012655841,500
6,3,4,0.5,2.0,6.0,0.454335347687142,0.003040072772789151,500,0.234927008075682,0.0008812024448511938,500,1.636191439530088,0.015443600944480383,500,0.282271734508216,0.002799760462266782,500,0.530053042245584,0.003827018495198582,500,0.225864706346397,0.0032190877927552094,500,6.03252276630072,0.0930270081752247,500,0.1077236208268096,0.0016611965745577933,500,nan,nan,0,7.12908507453156,0.055428184696618366,500,6.1420861830372395,0.06585598543879996,500,3.5309393180200015,5.964049001805518e-17,500,4.5,0.0,500,0.6974999999999985,0.013739290280777824,500,1.3872857142858361,0.01812860257267514,500,0.1550000000000318,0.003053175617947467,500,0.30828571428555596,0.004028578349480632,500
6,3,4,0.5,2.0,7.0,0.44224646211594804,0.0029852536070476355,500,0.23232030076040003,0.0010329116134427034,500,1.5906834465033721,0.015997081770847344,500,0.25301623761855396,0.0029578924689104406,500,0.486944670303914,0.004195977012428177,500,0.26412763707101,0.0039002314726807492,500,5.1823641570045,0.08871995676678475,500,0.09254221708937681,0.0015842849422641526,500,nan,nan,0,7.97886441568884,0.06731902670840398,500,7.10732750671114,0.07678450750616864,500,3.5309393180200015,5.964049001805518e-17,500,4.5,0.0,500,0.6463571428571268,0.014301844243409169,500,1.2607142857144018,0.018829794559231464,500,0.1436349206349521,0.0031781876096459005,500,0.28015873015863996,0.004184398790935137,500
6,3,4,0.5,2.0,8.0,0.437378761729522,0.003094148419818008,500,0.22782226973647998,0.00108994823620631,500,1.485479683692102,0.016565204479893337,500,0.22888671732950042,0.0030650472869645524,500,0.45015513547731995,0.00442181554127194,500,0.29959474051161955,0.0046415277745525795,500,4.53770688376638,0.08004031736879412,500,0.0810304800672562,0.0014292913815864387,500,nan,nan,0,8.8648867645244,0.07943651590106483,500,8.086271259406221,0.08817535667435321,500,3.5309393180200015,5.964049001805518e-17,500,4.5,0.0,500,0.5822857142857308,0.013601904997371083,500,1.1419285714286134,0.01847287460666406,500,0.12939682539687444,0.003022645554970656,500,0.25376190476185656,0.004105083245919498,500
6,3,4,0.5,2.0,9.0,0.43085898516410204,0.0032324644768724755,500,0.225707169378646,0.001140919942588934,500,1.3936090823600138,0.016644385026812116,500,0.2048650788639988,0.003267650835640173,500,0.4090911818325008,0.004900766975370469,500,0.3468270767303464,0.005551638000257563,500,3.99285506006,0.08405130165920824,500,0.071300983215361,0.0015009161010579727,500,nan,nan,0,9.74075470788174,0.09377298291217116,500,9.02965176822522,0.10274832128568852,500,3.5309393180200015,5.964049001805518e-17,500,4.5,0.0,500,0.5277142857143264,0.013575027774731038,500,1.023642857142843,0.019382448441692755,500,0.11726984126987011,0.0030166728388281434,500,0.227476190476179,0.004307210764814655,500
6,3,4,0.5,2.0,10.0,0.4220705350681961,0.0030216216711823644,500,0.22489083203609198,0.0012124848143909444,500,1.291704895636894,0.016382998835727754,500,0.1833334929866798,0.002867556972501251,500,0.372562686389362,0.004396687594680891,500,0.3839000695130114,0.005358556832486456,500,3.45213271163446,0.06347812174742132,500,0.061645226993467,0.001133537888345744,500,nan,nan,0,10.84171901226312,0.10035993645586251,500,10.21324797442284,0.10772646642047642,500,3.5309393180200015,5.964049001805518e-17,500,4.5,0.0,500,0.4847142857143314,0.012733927833984875,500,0.9204285714284756,0.017352592596999287,500,0.10771428571432154,0.0028297617408841883,500,0.204539682539709,0.003856131688220218,500
6,3,4,0.5,2.0,11.0,0.42254559715084,0.0031330491197563404,500,0.22371723380400002,0.001266439964997246,500,1.204453109348292,0.01665432325630343,500,0.17542930831690637,0.0030054708719539592,500,0.359982560628796,0.004704339339974417,500,0.4003364163910602,0.005901624353008783,500,3.3390806972253197,0.06769471883887927,500,0.0596264410218816,0.0012088342649804141,500,nan,nan,0,11.647767865219919,0.11098830721726345,500,11.062137011173299,0.1182620666321051,500,3.5309393180200015,5.964049001805518e-17,500,4.5,0.0,500,0.4707142857143652,0.012337819520481883,500,0.9137142857142775,0.018183458810349377,500,0.10460317460321812,0.002741737671216741,500,0.20304761904762722,0.004040768624519597,500
6,3,4,0.5,2.0,12.0,0.41636196766766803,0.002953164109381137,500,0.2214708947181,0.0012979578825057928,500,1.1146276086036,0.016722742937245474,500,0.1572295698943536,0.0028185217827324124,500,0.33077822048544203,0.004528733273393605,500,0.43734190786368604,0.0060172601971430605,500,2.9919978028257,0.058013153384193605,500,0.053428532193318605,0.001035949167575105,500,nan,nan,0,12.65000646102954,0.12432884501061299,500,12.112266815607981,0.1309859082601579,500,3.5309393180200015,5.964049001805518e-17,500,4.5,0.0,500,0.4212142857143004,0.011724226037433437,500,0.8368571428571154,0.017091769472409545,500,0.09360317460322559,0.0026053835638753437,500,0.1859682539682658,0.0037981709938653316,500
6,3,4,0.5,2.0,13.0,0.41595356364841407,0.003030464758087599,500,0.21976998069932,0.0013058208526236506,500,1.0254275445215362,0.016097317608476807,500,0.1440439037643024,0.002757274885607429,500,0.307290161610116,0.004405065451348669,500,0.46835089068738195,0.006167444481301136,500,2.7544803182593403,0.05160397419205234,500,0.049187148540344804,0.000921499539144334,500,nan,nan,0,13.747586232116761,0.1274184977225895,500,13.257649653799842,0.13328605988756434,500,3.5309393180200015,5.964049001805518e-17,500,4.5,0.0,500,0.3868571428571466,0.011757776445417175,500,0.7812857142857518,0.015825335694597892,500,0.08596825396827865,0.002612839210093886,500,0.1736190476190876,0.0035167412654632003,500
6,3,4,0.5,2.0,14.0,0.409465263211988,0.002951930746861432,500,0.220924466695562,0.0013945156946680466,500,0.994946930618384,0.016498094822145794,500,0.1366503129459166,0.0027861182733138205,500,0.29219374551503674,0.0045526875417973775,500,0.49026078829933806,0.006588668047401586,500,2.6139574664077,0.049823169870954975,500,0.0466778119001326,0.0008896994619808715,500,nan,nan,0,14.5558420546973,0.14881193067794912,500,14.08855805335254,0.15486685597306307,500,3.5309393180200015,5.964049001805518e-17,500,4.5,0.0,500,0.368071428571442,0.01149533666849752,500,0.734357142857115,0.01722560279825222,500,0.08179365079369291,0.002554519259667602,500,0.16319047619049226,0.0038279117329424184,500
6,3,4,0.5,2.0,15.0,0.41020507826298797,0.0031544447622505493,500,0.218122419463536,0.0013214361693106229,500,0.929015395962482,0.017113335458188574,500,0.1273945647923148,0.0027259072388748106,500,0.27541999970211894,0.004510244249567188,500,0.513185595115448,0.006842886701086488,500,2.46762905264722,0.0439776250310897,500,0.0440648045115544,0.0007853147326979753,500,nan,nan,0,15.63769479029682,0.1617326951173465,500,15.2048412657263,0.1671123537038634,500,3.5309393180200015,5.964049001805518e-17,500,4.5,0.0,500,0.3465000000000258,0.010962763835480656,500,0.6885714285713659,0.016828336710589593,500,0.0770000000000399,0.002436169741218883,500,0.1530158730158927,0.003739630380131457,500
6,3,4,0.5,3.0,1.0,0.499286287815488,0.0028095420865865118,500,0.2541006400936,2.538312314836427e-05,500,0.436240545109124,0.0012771742246872435,500,0.4145245938150439,0.0007560410020885927,500,0.681574184249834,0.0007078492077020806,500,0.1081982924745554,0.0003983343507356344,500,10.391772742444621,0.03709808801325937,500,0.185567370400814,0.0006624658573804094,500,nan,nan,0,5.398576431477941,0.0020320180910130504,500,1.015740736664306,0.01123716012834428,500,5.296408977029999,3.976032667870345e-17,500,4.5,0.0,500,1.842857142856662,0.018245841153461596,500,2.3571428571399995,1.9880163339351726e-17,500,0.40952380952362594,0.004054631367448438,500,0.5238095238099999,4.9700408348379315e-18,500
6,3,4,0.5,3.0,2.0,0.50610626084765,0.002767514725673258,500,0.24924506275455,0.00019399553260509547,500,0.593028936610682,0.0036419591834863344,500,0.37983256078931205,0.0010800606840732974,500,0.649523900789016,0.0011148381341388933,500,0.13049744024561824,0.0008292346788812597,500,8.85372939836106,0.044781946604501514,500,0.15810231068500202,0.0007996776179364092,500,nan,nan,0,5.69314580476262,0.007530329852361749,500,2.0383735755353602,0.021622118901667913,500,5.296408977029999,3.976032667870345e-17,500,4.5,0.0,500,1.095785714285828,0.020658760245285616,500,1.8572857142852661,0.017677162277134444,500,0.24350793650790842,0.004590835610059533,500,0.41273015872996194,0.003928258283822362,500
6,3,4,0.5,3.0,3.0,0.49295349999493,0.0028450577322108248,500,0.24030780798874202,0.00036640004581079376,500,0.726626501911672,0.0047989683251320565,500,0.346659508724484,0.0015797461431605135,500,0.6107304899605981,0.0018798624566009952,500,0.1630976874250744,0.0015801518994255036,500,7.73052136092594,0.057253733676476445,500,0.13804502430223903,0.0010223881013661515,500,nan,nan,0,6.14034886517266,0.015650887614577103,500,3.041687571320074,0.03235273538122196,500,5.296408977029999,3.976032667870345e-17,500,4.5,0.0,500,0.8482857142859496,0.01966490161396491,500,1.571999999999566,0.018231528020504664,500,0.18850793650793654,0.004369978136430659,500,0.349333333333206,0.004051450671222709,500
6,3,4,0.5,3.0,4.0,0.47947841529394,0.0029275791492421625,500,0.23749695762261,0.0004116597758124615,500,0.883648430626346,0.00822692677326941,500,0.31505058430375005,0.0019603689055952417,500,0.5662771031197761,0.002513138513560058,500,0.20018717032703198,0.0021641363581474983,500,6.662977914369679,0.06340903618049269,500,0.118981748470875,0.0011323042175085556,500,nan,nan,0,6.7348181671858605,0.026707879168807295,500,4.07751915333404,0.04555617865354136,500,5.296408977029999,3.976032667870345e-17,500,4.5,0.0,500,0.7350000000002013,0.017758214373737383,500,1.404214285713646,0.01556444810798318,500,0.1633333333333557,0.003946269860825359,500,0.31204761904754,0.0034587662462154966,500
6,3,4,0.5,3.0,5.0,0.46852213379963004,0.0030574746595632605,500,0.237912400624088,0.0004698633477202828,500,1.007463186073066,0.009950173117341584,500,0.28421497317741395,0.0021749716589757394,500,0.52299273960939,0.002922473533908431,500,0.2368940204339916,0.0025939236828064257,500,5.760544246498841,0.06560434217868151,500,0.1028668615446272,0.0011715061103339272,500,nan,nan,0,7.354607630598939,0.03599996626054141,500,5.0192743950060805,0.054678742642105156,500,5.296408977029999,3.976032667870345e-17,500,4.5,0.0,500,0.6658571428572276,0.015428230796466819,500,1.30207142857098,0.015159391647637428,500,0.14796825396828653,0.003428495732546004,500,0.2893492063491322,0.003368753699471343,500
6,3,4,0.5,3.0,6.0,0.45263025311272,0.002966839983820274,500,0.23709502172636998,0.0006061175049458563,500,1.146608002481774,0.011763599091160915,500,0.257385048285906,0.002305471801496434,500,0.48393464646179596,0.00315738977102045,500,0.27086752637317396,0.0028950101847966805,500,5.024681351734061,0.06374395858682687,500,0.0897264527095446,0.0011382849747648294,500,nan,nan,0,8.132002835006201,0.046316547556743,500,6.0952806514439795,0.06323829512100253,500,5.296408977029999,3.976032667870345e-17,500,4.5,0.0,500,0.6145714285715626,0.014503487555838869,500,1.21064285714235,0.014331767666089268,500,0.13657142857146318,0.0032229972346278545,500,0.2690317460317226,0.003184837259129444,500
6,3,4,0.5,3.0,7.0,0.441045702028368,0.0027609401939663897,500,0.235701165855,0.0007696529303020401,500,1.23285478543182,0.013572811489373933,500,0.2322627284107216,0.0023892500420432438,500,0.4477333984823,0.003234210479682079,500,0.304718521553584,0.00324228500114727,500,4.39058386276162,0.05789509784800002,500,0.0784032832636052,0.0010338410330001956,500,nan,nan,0,8.961684716458759,0.05686726092130166,500,7.155402901977561,0.07320001714654359,500,5.296408977029999,3.976032667870345e-17,500,4.5,0.0,500,0.5625714285715296,0.014474357119689819,500,1.0977142857137543,0.014413817277232403,500,0.1250158730159315,0.0032165238043732293,500,0.2439365079364882,0.0032030705060519054,500
6,3,4,0.5,3.0,8.0,0.44166404761607797,0.0030146651469023264,500,0.232316593367928,0.0008962242990340833,500,1.263467965000556,0.013628327013301775,500,0.213671153772242,0.0023690652659755936,500,0.418624937799196,0.00340983712712935,500,0.332990881603756,0.0036343651218033912,500,3.97599979237662,0.05514823946539612,500,0.07099999629243359,0.0009847899904532357,500,nan,nan,0,9.75215600746746,0.06828290157436365,500,8.1215400543397,0.08278470830703837,500,5.296408977029999,3.976032667870345e-17,500,4.5,0.0,500,0.5068571428572146,0.013471570484570549,500,1.001714285714026,0.014287297364326297,500,0.11263492063496389,0.002993682329903338,500,0.22260317460315918,0.003174954969848092,500
6,3,4,0.5,3.0,9.0,0.43589275850112197,0.00286781929105504,500,0.231917813327118,0.0010715907782044996,500,1.2166860542000162,0.013630022336777545,500,0.1972880756738378,0.002557313979532311,500,0.393898325396888,0.0037397984655546737,500,0.36145515621362,0.004189152075739529,500,3.66600799852448,0.05577497291514523,500,0.0654644285450744,0.0009959816591986934,500,nan,nan,0,10.54608051177474,0.08303369081201663,500,9.03873963586706,0.09918964462697119,500,5.296408977029999,3.976032667870345e-17,500,4.5,0.0,500,0.4861428571429126,0.013324122791760696,500,0.96242857142813,0.015200567666098175,500,0.10803174603179974,0.0029609161759466597,500,0.21387301587304738,0.00337790392579837,500
6,3,4,0.5,3.0,10.0,0.42485305348047403,0.0028493125414663406,500,0.228762561136796,0.001198246618664332,500,1.16711470674461,0.014007124553617018,500,0.17766426799449359,0.0024410411216430183,500,0.36194897826329,0.0036577364341802707,500,0.396984233572384,0.004508519774156988,500,3.26776902445666,0.047219365654818636,500,0.0583530182938686,0.0008432029581217834,500,nan,nan,0,11.649247529252479,0.08962331208323498,500,10.313395431205642,0.10301109267429555,500,5.296408977029999,3.976032667870345e-17,500,4.5,0.0,500,0.45264285714286834,0.013364565881525063,500,0.8837857142854573,0.014944162496433586,500,0.10058730158734357,0.0029699035292283914,500,0.1963968253968432,0.0033209249992076886,500
6,3,4,0.5,3.0,11.0,0.41826837636825,0.0029844082782485406,500,0.22720347531552199,0.001199863874093948,500,1.144362401570212,0.014269464062071193,500,0.16288748750589202,0.002585366636379182,500,0.33653782126560394,0.003925155228115257,500,0.427522134247402,0.005023662457665773,500,3.0160659025264005,0.04819374093264255,500,0.053858319687971404,0.0008606025166539339,500,nan,nan,0,12.49300924519234,0.10569337530673392,500,11.243686100389079,0.119930077546979,500,5.296408977029999,3.976032667870345e-17,500,4.5,0.0,500,0.41450000000006615,0.012811371193266414,500,0.7984999999998544,0.014620140465069984,500,0.09211111111114648,0.0028469713762808812,500,0.1774444444444658,0.003248920103347825,500
6,3,4,0.5,3.0,12.0,0.42072157075963196,0.0029418238448174158,500,0.22644881914870602,0.001266915329684869,500,1.08018475084385,0.014409582411719442,500,0.1574205815391964,0.002529387861152951,500,0.32673891386695997,0.003936105798431654,500,0.440757179961044,0.005162909835747474,500,2.9125196950378,0.04644125849820378,500,0.052009280268534,0.0008293081874681431,500,nan,nan,0,13.202702419565322,0.11519494968499394,500,12.0241834773821,0.12897066800777687,500,5.296408977029999,3.976032667870345e-17,500,4.5,0.0,500,0.40500000000007014,0.012489454060191318,500,0.800285714285464,0.014587908813622152,500,0.09000000000005362,0.0027754342355968244,500,0.17784126984130422,0.0032417575141384766,500
6,3,4,0.5,3.0,13.0,0.412279906943402,0.0031443879804499125,500,0.223145778023086,0.0012018406760437351,500,1.0059104483060939,0.012879669232760096,500,0.1397009082752832,0.002431150748496639,500,0.2991807031704154,0.003910460661635508,500,0.47915799517796803,0.005331310953872001,500,2.64071808070706,0.04116859917350293,500,0.0471556800126246,0.000735153556669305,500,nan,nan,0,14.37594665720286,0.1337348068114777,500,13.295872491566179,0.1468458164098715,500,5.296408977029999,3.976032667870345e-17,500,4.5,0.0,500,0.346785714285709,0.011975990510076986,500,0.724214285714037,0.014994981983427856,500,0.07706349206353226,0.0026613312244625335,500,0.16093650793653544,0.0033322182185399085,500
6,3,4,0.5,3.0,14.0,0.41354095151896003,0.003145844203178351,500,0.224527512708082,0.0012508683735108822,500,0.9835535024638521,0.013847383356066788,500,0.1319822615862966,0.002370095069050418,500,0.28142253130286,0.0038208573573949803,500,0.500329721299288,0.005488789910013309,500,2.49016694632526,0.03752342424044629,500,0.0444672668986664,0.0006700611471509253,500,nan,nan,0,15.37619678023078,0.14491697462632863,500,14.37050599326624,0.15727833405909317,500,5.296408977029999,3.976032667870345e-17,500,4.5,0.0,500,0.3708571428571498,0.011418160158971935,500,0.6901428571427324,0.013990200008950057,500,0.08241269841272922,0.002537368924216961,500,0.153365079365121,0.0031089333353222478,500
6,3,4,0.5,3.0,15.0,0.413990262820708,0.002815755837900892,500,0.221818404482344,0.001420212386637208,500,0.9291534980091639,0.013957555969218449,500,0.12667854895063682,0.0024896393818814424,500,0.27230484124411103,0.003979203553211864,500,0.515746317222922,0.005750403054929804,500,2.4329102181353797,0.041667602027847674,500,0.043444825323837595,0.0007440643219252002,500,nan,nan,0,16.0589165026142,0.1552194128393099,500,15.093357487989481,0.16779753832820837,500,5.296408977029999,3.976032667870345e-17,500,4.5,0.0,500,0.31635714285712274,0.011445136774236442,500,0.661642857142815,0.014274376763645177,500,0.07030158730160851,0.0025433637276090454,500,0.14703174603179223,0.003172083725253559,500
6,3,4,0.5,4.0,1.0,0.5054773921477199,0.0026768198886182415,500,0.25697547355937,1.1504096535214503e-05,500,0.24808387891872,0.000351100999427094,500,0.39557515183463204,0.0009579339928060515,500,0.6402913363022581,0.0009479294802587701,500,0.12632198590360538,0.0005407717617632347,500,9.14511556204662,0.03995891845176718,500,0.163305635036528,0.0007135521152104871,500,nan,nan,0,7.1359011402706205,0.0015615574542680794,500,0.993464646186778,0.011430718618785902,500,7.061878636040003,1.1928098003611036e-16,500,4.5,0.0,500,1.8599999999996242,0.018742959088598552,500,2.3571428571399995,1.9880163339351726e-17,500,0.4133333333331899,0.004165102019706248,500,0.5238095238099999,4.9700408348379315e-18,500
6,3,4,0.5,4.0,2.0,0.483095730328034,0.002799677976823399,500,0.255625101899104,7.24740834833584e-05,500,0.320784159907288,0.002722403370800302,500,0.339355668256498,0.00168469201454259,500,0.580302829549184,0.0017790920756628286,500,0.17118133212028,0.001483289855009519,500,6.97882956355996,0.05964582559052798,500,0.12462195649214121,0.0010651040284021397,500,nan,nan,0,7.36243381386668,0.006389505402502561,500,2.018044013883256,0.02382182590498739,500,7.061878636040003,1.1928098003611036e-16,500,4.5,0.0,500,1.1305714285716,0.021691161387821598,500,1.812857142856702,0.01930121526109184,500,0.2512380952380563,0.004820258086177372,500,0.40285714285697793,0.00428915894692307,500
6,3,4,0.5,4.0,3.0,0.47907061925337996,0.002597810573188005,500,0.250348756144942,0.00026897983426701243,500,0.44857103694131795,0.004384642104556998,500,0.30067339383497405,0.0015157529637393398,500,0.531341974522282,0.0017804707365182706,500,0.21863103093117597,0.0018587066467305867,500,5.64333833674312,0.04412167117306983,500,0.10077389887042079,0.0007878869852340632,500,nan,nan,0,7.72477013016276,0.012309614431877645,500,3.06219535023308,0.031670748148638836,500,7.061878636040003,1.1928098003611036e-16,500,4.5,0.0,500,0.7477857142860285,0.018118905666374974,500,1.3713571428570295,0.020215420713724765,500,0.1661746031745904,0.004026423481409774,500,0.3047460317459086,0.004492315714155339,500
6,3,4,0.5,4.0,4.0,0.46266222564678006,0.002782881127690856,500,0.24206694453980002,0.00044079444753895733,500,0.537285395899634,0.004923776700574085,500,0.275796868835784,0.0018742366720022133,500,0.498621448367768,0.0022506190291093943,500,0.255050029111996,0.002458356851676353,500,5.10339164297468,0.047781100987501324,500,0.0911319936245458,0.0008532339462051593,500,nan,nan,0,8.193802796081739,0.021772337475486358,500,4.06136136520562,0.04499302010117075,500,7.061878636040003,1.1928098003611036e-16,500,4.5,0.0,500,0.636214285714456,0.01752083862442939,500,1.218571428571442,0.018279264984210918,500,0.14138095238097173,0.0038935196943122876,500,0.27079365079361195,0.004062058885375826,500
6,3,4,0.5,4.0,5.0,0.45275685710047403,0.002654974522237437,500,0.238440496226336,0.0004655552093245221,500,0.636920278998008,0.00695947782669149,500,0.250413511917994,0.0020958261826160294,500,0.463616663732862,0.0026435272069156818,500,0.291799157279398,0.00295017823569054,500,4.539598693713179,0.04881622223431543,500,0.0810642623877208,0.0008717182541831771,500,nan,nan,0,8.751408490527261,0.030703553730168535,500,5.06882977828934,0.05472461160033332,500,7.061878636040003,1.1928098003611036e-16,500,4.5,0.0,500,0.5627857142858318,0.017069176459309165,500,1.072785714285702,0.018585665610287475,500,0.1250634920635202,0.00379315032428695,500,0.23839682539678658,0.004130147913391586,500
6,3,4,0.5,4.0,6.0,0.441193127013372,0.0027834586168843357,500,0.23653018748217197,0.0004727787174194843,500,0.724791074067042,0.00800466809412285,500,0.228215392992752,0.002175350662486063,500,0.43341816493752006,0.0028321761238549537,500,0.32374659700941594,0.003161837225214858,500,4.139828480899481,0.04735132014217669,500,0.07392550858749919,0.0008455592882535148,500,nan,nan,0,9.42594131199018,0.04171418720065724,500,6.141751787216401,0.0652637836189177,500,7.061878636040003,1.1928098003611036e-16,500,4.5,0.0,500,0.5375714285715127,0.015546735793236462,500,1.04828571428578,0.017013126838017287,500,0.11946031746033624,0.003454830176271447,500,0.2329523809523578,0.003780694852887266,500
6,3,4,0.5,4.0,7.0,0.437214955925422,0.0027013421858532137,500,0.23663896733972603,0.0005510339683544053,500,0.7827292790981161,0.008501833558088357,500,0.20913326787362,0.0021625933748758404,500,0.40649956461453,0.002891965067106535,500,0.3532197699126,0.003340922156155813,500,3.76519741195362,0.044291308722634426,500,0.0672356680706062,0.0007909162271902067,500,nan,nan,0,10.089519814654741,0.05170422559633455,500,7.1006298928333,0.07548540968387753,500,7.061878636040003,1.1928098003611036e-16,500,4.5,0.0,500,0.466714285714282,0.01418149934686772,500,0.953857142857158,0.016025496280030232,500,0.10371428571432804,0.003151444299302218,500,0.2119682539682386,0.0035612213955584296,500
6,3,4,0.5,4.0,8.0,0.43296189754699005,0.0029184546542582097,500,0.23589070437034002,0.0006995713551705691,500,0.8620999849186299,0.010604371968130482,500,0.1947425488885234,0.0021243617638208915,500,0.383237201167526,0.0029282669399051707,500,0.376763068091696,0.0034374926839839635,500,3.49169689277808,0.04290913379585198,500,0.06235173022818159,0.0007662345320688527,500,nan,nan,0,10.83870187276246,0.061955385848844906,500,8.11782282258486,0.08521665757722198,500,7.061878636040003,1.1928098003611036e-16,500,4.5,0.0,500,0.47107142857140955,0.013510484025460255,500,0.908642857142964,0.015546845951582192,500,0.10468253968259097,0.003002329783435211,500,0.20192063492063436,0.00345485465590356,500
6,3,4,0.5,4.0,9.0,0.43521824643559404,0.002825616548327534,500,0.235561268118758,0.0008008668042036588,500,0.920563974464884,0.012659989701526228,500,0.18356241410399282,0.0024003656407813154,500,0.365980636296984,0.0033538584217503403,500,0.396416882408344,0.00405886630537972,500,3.3164792940703203,0.04542887936412461,500,0.05922284453696659,0.00081122998864515,500,nan,nan,0,11.6360922439686,0.0802840593764042,500,9.1220204373706,0.10530588658485514,500,7.061878636040003,1.1928098003611036e-16,500,4.5,0.0,500,0.4383571428571422,0.013884919890595728,500,0.866500000000032,0.016470291131601287,500,0.09741269841273946,0.0030855377534647808,500,0.19255555555555282,0.00366006469590695,500
6,3,4,0.5,4.0,10.0,0.421573606575974,0.0029555256396685443,500,0.232868920498486,0.0009112010233794748,500,0.972968505348216,0.013333147772786049,500,0.16842436713293357,0.002027448776277729,500,0.341462052587734,0.0029214574255439895,500,0.42417340863041,0.0037255937585070754,500,3.0161747736807203,0.03592290163010299,500,0.053860263815725604,0.0006414803862520232,500,nan,nan,0,12.52708633890226,0.08506758969758102,500,10.251470990870938,0.10570988874956491,500,7.061878636040003,1.1928098003611036e-16,500,4.5,0.0,500,0.40635714285715857,0.013217575282479549,500,0.7997142857143187,0.015324921423532766,500,0.09030158730161955,0.0029372389516606747,500,0.17771428571431583,0.0034055380941141527,500
6,3,4,0.5,4.0,11.0,0.415097954826576,0.002834224026800215,500,0.231155185260976,0.0010885067154547507,500,0.978958103451496,0.013080701479327887,500,0.155240736201504,0.002135365970328417,500,0.32088847799205805,0.003140203815563001,500,0.44864371709448,0.004124158140323285,500,2.8182534681139795,0.03744714670318685,500,0.0503259547877534,0.0006686990482711846,500,nan,nan,0,13.426132038927898,0.09736179007609845,500,11.317630286491319,0.11871317482091726,500,7.061878636040003,1.1928098003611036e-16,500,4.5,0.0,500,0.39207142857139954,0.01213834265451139,500,0.7584999999998825,0.014586491193155207,500,0.08712698412703257,0.002697409478781105,500,0.16855555555557378,0.003241442487366634,500
6,3,4,0.5,4.0,12.0,0.41419729136459804,0.0028318951908635277,500,0.22895941143356402,0.0011535835711551732,500,0.9868914729890901,0.013814133317077322,500,0.1452290126973462,0.002118025296555224,500,0.303110997210474,0.003190784719092905,500,0.47139940202646596,0.0043714576193515054,500,2.65861205912182,0.03439701358793343,500,0.047475215341458,0.0006142323854987189,500,nan,nan,0,14.29012915987292,0.10638536524458282,500,12.33180838469248,0.12591762283200103,500,7.061878636040003,1.1928098003611036e-16,500,4.5,0.0,500,0.37221428571427556,0.012082874619278441,500,0.7134285714286405,0.014166715944815673,500,0.08271428571432668,0.0026850832487287997,500,0.15853968253971037,0.0031481590988443903,500
6,3,4,0.5,4.0,13.0,0.415767481778086,0.0030331169410474776,500,0.229100655859808,0.0011430666943012455,500,0.9473739316382839,0.012890261894335902,500,0.13448244129619538,0.0021006295069396393,500,0.2837478794592922,0.003243197755190947,500,0.49878969538262996,0.0046658200438646465,500,2.47997760902826,0.032044097982058525,500,0.044285314446933996,0.0005722160353940649,500,nan,nan,0,14.959245754746139,0.12206153179224569,500,13.090509005710398,0.14143614523529296,500,7.061878636040003,1.1928098003611036e-16,500,4.5,0.0,500,0.3430714285713878,0.011518261626909861,500,0.6580714285714201,0.014240958736328257,500,0.07623809523813183,0.002559613694870103,500,0.14623809523813722,0.0031646574969604615,500
6,3,4,0.5,4.0,14.0,0.412298911571894,0.0031241553129325067,500,0.224991134302898,0.001256541385977609,500,0.90899787446913,0.012850430727700377,500,0.1224406646887256,0.0019223357549650124,500,0.26786386867187106,0.0030810060362556247,500,0.521869245169148,0.004668796496397462,500,2.33827609798632,0.02939387673070485,500,0.0417549303211826,0.000524890655905766,500,nan,nan,0,16.20259180509656,0.12717059840517686,500,14.50659710672918,0.14354864064884057,500,7.061878636040003,1.1928098003611036e-16,500,4.5,0.0,500,0.29557142857140617,0.0109588725539135,500,0.6134285714286141,0.01381387106581343,500,0.06568253968255473,0.0024353050119812663,500,0.13631746031747663,0.0030697491257331067,500
6,3,4,0.5,4.0,15.0,0.40511871323824994,0.002963981859811714,500,0.22605676602630997,0.0012507483782213244,500,0.8629010186371641,0.011770494954298615,500,0.12414845562470861,0.002087064503661645,500,0.2661586415226742,0.0033155258348834832,500,0.5222652431518241,0.005048723890123334,500,2.3527033046209,0.03041772553054473,500,0.04201255901108741,0.000543173670188479,500,nan,nan,0,16.77899983647166,0.1461673183160532,500,15.123891924094242,0.16505101110586667,500,7.061878636040003,1.1928098003611036e-16,500,4.5,0.0,500,0.32114285714284835,0.011428385340600708,500,0.6275714285714254,0.01411840329798617,500,0.07136507936510336,0.0025396411868008114,500,0.13946031746033621,0.003137422955106967,500
6,3,4,0.5,5.0,1.0,0.48867769771585995,0.0027053681957748487,500,0.25855473308314797,7.190383861741671e-06,500,0.16251252600021998,0.00016648566557106003,500,0.384628357536978,0.0010232899781104023,500,0.617784373879084,0.0009956945868151547,500,0.1359040571593926,0.000593129031531766,500,8.618727385214221,0.039313762758113116,500,0.15390584616454397,0.0007020314778229467,500,nan,nan,0,8.89056950272702,0.0011852185410554728,500,1.0325502402818802,0.010468880192418678,500,8.82734829505,0.0,500,4.5,0.0,500,1.8142857142854838,0.018628488176846123,500,2.3571428571399995,1.9880163339351726e-17,500,0.40317460317441395,0.004139664039312629,500,0.5238095238099999,4.9700408348379315e-18,500
6,3,4,0.5,5.0,2.0,0.480034690630426,0.002830768122657375,500,0.25808597725256,2.0655369768760778e-05,500,0.18655880564907,0.0008183971244554522,500,0.315189653360016,0.0018990834552916162,500,0.5416590863151179,0.0020277076297699355,500,0.194094751682412,0.0018294116860601642,500,6.23475206012578,0.056721655895420504,500,0.1113348582165626,0.0010128867124187249,500,nan,nan,0,9.066690333002299,0.00489277417581436,500,2.014713538630402,0.021732141912872368,500,8.82734829505,0.0,500,4.5,0.0,500,1.0875000000000303,0.020769242821644524,500,1.824999999999722,0.018214292731097363,500,0.24166666666664724,0.004615387293696623,500,0.40555555555536194,0.004047620606923731,500
6,3,4,0.5,5.0,3.0,0.46077900828275403,0.0027745368712908235,500,0.25631399142103806,0.00012600394580727882,500,0.254805721487502,0.003298692560094485,500,0.27058080630285597,0.0020822269744820167,500,0.481961692880128,0.0024285286394435733,500,0.254782545025422,0.002600669258320067,500,4.861751628924419,0.05645059146041695,500,0.0868169933736448,0.0010080462760783532,500,nan,nan,0,9.3679331394946,0.01080084060133526,500,3.051249981172106,0.034215495237244334,500,8.82734829505,0.0,500,4.5,0.0,500,0.7967857142858996,0.019757454023469952,500,1.385642857142672,0.021781683369280446,500,0.17706349206348834,0.004390545338544411,500,0.30792063492056093,0.004840374082060182,500
6,3,4,0.5,5.0,4.0,0.45578563271968,0.0029323584986265683,500,0.25075796944809,0.00033230659807884034,500,0.328218980921192,0.0042292630044476805,500,0.243938080289992,0.0019275107081042956,500,0.44391029519956204,0.0023713545290515435,500,0.30110642696176,0.002966202696976707,500,4.173229417225341,0.0449270423386264,500,0.074521953879016,0.0008022686131893826,500,nan,nan,0,9.74023089333304,0.01703603361300719,500,4.0215915644910405,0.042976533093504625,500,8.82734829505,0.0,500,4.5,0.0,500,0.5971428571430749,0.017511951316725716,500,1.1204285714286712,0.020547644065912075,500,0.13269841269842628,0.003891544737043621,500,0.2489841269841034,0.004566143125755092,500
6,3,4,0.5,5.0,5.0,0.445848148100156,0.0026537868619872737,500,0.24391875284967401,0.000472657187656042,500,0.391707625258184,0.004943802176959231,500,0.22237278163463803,0.0020692212555438764,500,0.415588938628222,0.0025648248751475333,500,0.337895071066416,0.003390491099260447,500,3.7991047222392798,0.042495350582332087,500,0.0678411557542674,0.000758845546112645,500,nan,nan,0,10.18161522353464,0.026293547812030697,500,4.95635327015928,0.05524144266814101,500,8.82734829505,0.0,500,4.5,0.0,500,0.5313571428572468,0.017453871559287196,500,1.0183571428574758,0.018949403808770665,500,0.11807936507939493,0.0038786381242829474,500,0.2263015873015504,0.004210978624163056,500
6,3,4,0.5,5.0,6.0,0.44009629288896396,0.0029526531140480227,500,0.23894775283055997,0.0005014704473319962,500,0.473184440085764,0.006156811220322051,500,0.20389622902790303,0.0020303005770829306,500,0.38910709984826203,0.0025893121875140116,500,0.371643653252196,0.0034722484352272716,500,3.4960454311616,0.03950557504819122,500,0.0624293826993152,0.0007054566972893319,500,nan,nan,0,10.7726232450001,0.03501081073020454,500,6.05689214044466,0.06414293802618458,500,8.82734829505,0.0,500,4.5,0.0,500,0.46885714285716085,0.015492244897278407,500,0.9021428571430071,0.018139930919920097,500,0.10419047619050033,0.003442721088281779,500,0.200476190476169,0.004031095759978134,500
6,3,4,0.5,5.0,7.0,0.42958411585564205,0.0028621060935460955,500,0.238165867265818,0.0005053317308141856,500,0.53972279510484,0.007111721843022411,500,0.1877719707302466,0.0020401847005597712,500,0.36741082988019597,0.002686178353323142,500,0.39848814176307795,0.0035807878498548143,500,3.29582390170522,0.03855428907760493,500,0.0588539982447358,0.0006884694478143729,500,nan,nan,0,11.3869225451923,0.04680199216152148,500,7.0558741364041,0.07814982409572835,500,8.82734829505,0.0,500,4.5,0.0,500,0.4524285714285436,0.014788408525144951,500,0.8754285714287502,0.017807823102727164,500,0.10053968253971751,0.003286313005587177,500,0.19453968253965523,0.0039572940228232946,500
6,3,4,0.5,5.0,8.0,0.42134664874351,0.0028940280334940833,500,0.23602664479888397,0.0005745914657090285,500,0.5870241635686501,0.007644266606461762,500,0.17600829653578398,0.0020556348479653895,500,0.349889177981068,0.0027698660860864,500,0.418615698241978,0.003683369853496689,500,3.11005653157202,0.038402752975526734,500,0.0555367237780682,0.0006857634459917841,500,nan,nan,0,12.12546061784896,0.05850678714590214,500,8.17756812730156,0.08886047498390316,500,8.82734829505,0.0,500,4.5,0.0,500,0.43685714285714833,0.014582707276756883,500,0.8522857142857955,0.01695363166886595,500,0.09707936507940149,0.003240601617055725,500,0.18939682539681524,0.003767473704189699,500
6,3,4,0.5,5.0,9.0,0.42691969007532204,0.002703911794266317,500,0.235856829822878,0.0006170187520316973,500,0.651518775281618,0.008893679475062304,500,0.16598918786117417,0.0019317957451914028,500,0.33278169824272996,0.0026211530900097186,500,0.438154124170226,0.0036367154262815036,500,2.92773065801562,0.03200886400696298,500,0.052280904607422796,0.000571586857266855,500,nan,nan,0,12.864169490688779,0.06802266123172424,500,9.2271804500309,0.0973891008339956,500,8.82734829505,0.0,500,4.5,0.0,500,0.41749999999992704,0.012882912670581323,500,0.7807857142859034,0.015773104855286806,500,0.09277777777782009,0.002862869482351572,500,0.17350793650795446,0.003505134412281566,500
6,3,4,0.5,5.0,10.0,0.415185869137926,0.0028468916527108886,500,0.23531312491444198,0.0006804548932616528,500,0.68555204105779,0.010288290916100238,500,0.15177772036491963,0.001986406638459238,500,0.31271064368817597,0.002835850343485799,500,0.46543718129179,0.003980895212297172,500,2.72215206163054,0.03250816682734965,500,0.0486098582434006,0.0005805029790599838,500,nan,nan,0,13.54656589951852,0.08190131257117318,500,10.123542004273801,0.11367844562678346,500,8.82734829505,0.0,500,4.5,0.0,500,0.3710714285713537,0.013103640738254062,500,0.7188571428571376,0.015464170422230238,500,0.08246031746037406,0.002911920164057251,500,0.1597460317460842,0.0034364823160497986,500
6,3,4,0.5,5.0,11.0,0.41486517419268,0.0027861803519081767,500,0.233904039401164,0.0008081397326270318,500,0.7360254799149579,0.01085283056547904,500,0.14199398528904864,0.0018917619577824161,500,0.29695940028238205,0.0028207841854493653,500,0.484294324929062,0.0040309801361348915,500,2.5983455497803196,0.03222295348374814,500,0.046399027674648,0.0005754098836385415,500,nan,nan,0,14.40434080136156,0.08680006498595776,500,11.25678063154872,0.11507109593259535,500,8.82734829505,0.0,500,4.5,0.0,500,0.3578571428570956,0.012219575434636946,500,0.7057857142859432,0.015759680872568543,500,0.07952380952385064,0.0027154612076977606,500,0.15684126984130928,0.0035021513050108597,500
6,3,4,0.5,5.0,12.0,0.41261814042929,0.00285521512806693,500,0.23261853184805,0.0009318298714542767,500,0.749973464494886,0.011891451774776676,500,0.1394012173780984,0.0020822844644169574,500,0.29248380314725403,0.003080625288159124,500,0.49043935390240995,0.00433278059569393,500,2.5799357059633596,0.03523956147573873,500,0.0460702804636312,0.0006292778834950281,500,nan,nan,0,14.96060684862058,0.10885198341234512,500,11.91105594921816,0.14111603494266325,500,8.82734829505,0.0,500,4.5,0.0,500,0.34857142857138335,0.012749734259676803,500,0.6782142857143938,0.0162506626147359,500,0.07746031746034959,0.002833274279928338,500,0.15071428571431647,0.003611258358825914,500
6,3,4,0.5,5.0,13.0,0.409225879817448,0.003030197742001247,500,0.232780353601976,0.0009857559247252925,500,0.78633559969306,0.011828589652649105,500,0.1281063384309872,0.0018509128185041168,500,0.272738500809062,0.0027757237796582597,500,0.515853478055044,0.004080732022174561,500,2.38485832270706,0.02857958844037853,500,0.042586755762628596,0.0005103497935781328,500,nan,nan,0,15.92920911913598,0.11517349074284226,500,13.127016716730822,0.14239758412143927,500,8.82734829505,0.0,500,4.5,0.0,500,0.3159999999999202,0.011974602655124638,500,0.6154285714286646,0.014043736493617641,500,0.07022222222224395,0.002661022812250634,500,0.13676190476194164,0.0031208303319122613,500
6,3,4,0.5,5.0,14.0,0.419916107924586,0.0027509115289847934,500,0.228861555529354,0.001113299948053896,500,0.783864153729166,0.012633857639706432,500,0.1237885485660286,0.0018601040605394975,500,0.266338497089854,0.002894935128931334,500,0.522867734587454,0.004432397648316998,500,2.34854726829526,0.027971075390324823,500,0.04193834407669981,0.0004994834891131622,500,nan,nan,0,16.58514500104582,0.12437907677312,500,13.90838513331878,0.15128962643031252,500,8.82734829505,0.0,500,4.5,0.0,500,0.31178571428565477,0.01143969318203097,500,0.6272142857143603,0.014736149222307293,500,0.06928571428576072,0.0025421540404536153,500,0.13938095238099998,0.0032746998271783335,500
6,3,4,0.5,5.0,15.0,0.404635163806638,0.002815577449448829,500,0.22795964655322598,0.0011911521511270735,500,0.768550811404882,0.011934781810383455,500,0.1145865284124076,0.0016722236818838534,500,0.24940128015201402,0.0026531712573138987,500,0.547464784122338,0.004282009112276575,500,2.19744495941518,0.023489292044423345,500,0.03924008856098161,0.0004194516436504404,500,nan,nan,0,17.683888443797397,0.1385529972863139,500,15.201475792156842,0.1632107450739033,500,8.82734829505,0.0,500,4.5,0.0,500,0.29757142857139113,0.011141379731317912,500,0.5873571428572018,0.013661861747294418,500,0.0661269841270132,0.0024758621625154413,500,0.13052380952385906,0.003035969277175922,500
6,3,4,0.5,6.0,1.0,0.475911867058328,0.0027600483145165384,500,0.2595201689085,4.514790957244864e-06,500,0.11385458568743,0.00010777832793194196,500,0.380253767252226,0.001058051785897527,500,0.605421931760102,0.0010377419768446525,500,0.140844586039062,0.0006148787925725427,500,8.374037167296741,0.03958291065558593,500,0.14953637798745398,0.0007068376902788627,500,nan,nan,0,10.6431379407872,0.0009845808123298834,500,1.006371511922716,0.01062129379984124,500,10.592817954099997,7.95206533574069e-17,500,4.5,0.0,500,1.8299999999997623,0.018098314161856786,500,2.3571428571399995,1.9880163339351726e-17,500,0.40666666666645995,0.004021847591536039,500,0.5238095238099999,4.9700408348379315e-18,500
6,3,4,0.5,6.0,2.0,0.461338940420134,0.002795668024427159,500,0.25927823942998196,1.1931070326940855e-05,500,0.126275001343476,0.0003192242727654905,500,0.30852430276129406,0.0020519023092739784,500,0.5258103731570081,0.0021913171086846476,500,0.201277693213926,0.001922857700069773,500,6.04949289576806,0.05889933998803821,500,0.1080266588530148,0.0010517739283583633,500,nan,nan,0,10.7960684777872,0.004110291224974362,500,2.0268112497548163,0.02228297154555041,500,10.592817954099997,7.95206533574069e-17,500,4.5,0.0,500,1.1393571428574862,0.021232546234271597,500,1.8149999999997457,0.018491288030211835,500,0.25319047619044904,0.00471834360761063,500,0.4033333333331419,0.004109175117838001,500
6,3,4,0.5,6.0,3.0,0.45410068263010006,0.0028395229596282416,500,0.258733489688546,3.783912373086577e-05,500,0.14923148579841597,0.0013752667779772625,500,0.25064351167062,0.0023663165672701157,500,0.4523317694671521,0.002794912955786074,500,0.276880937967912,0.0031570640523611157,500,4.482396772423081,0.056687886453101737,500,0.0800427995075582,0.001012283686662645,500,nan,nan,0,11.033157656780801,0.00884105069012613,500,3.001793540137846,0.03323008808885551,500,10.592817954099997,7.95206533574069e-17,500,4.5,0.0,500,0.7646428571430861,0.019890521544891668,500,1.38849999999997,0.021297139397049594,500,0.1699206349206297,0.004420115898859092,500,0.308555555555442,0.004732697643783708,500
6,3,4,0.5,6.0,4.0,0.442944849552442,0.0028501839958745144,500,0.256360626405858,0.0002003432677614532,500,0.20674869262463802,0.0033073244204984086,500,0.218566521924,0.0021466816331864313,500,0.404007660812402,0.0026764463056830902,500,0.33754504251048795,0.003477785694625941,500,3.69310924694176,0.04609565632009918,500,0.0659483794096748,0.000823136720001534,500,nan,nan,0,11.38032597864,0.015752322370253747,500,4.05062636824108,0.0452176409518841,500,10.592817954099997,7.95206533574069e-17,500,4.5,0.0,500,0.5927142857144788,0.017495243778393843,500,1.0946428571429476,0.02137479534397326,500,0.1317142857143117,0.0038878319507489414,500,0.24325396825395262,0.00474995452088099,500
6,3,4,0.5,6.0,5.0,0.43251672014997,0.00294491203302144,500,0.249491192065408,0.00041399511867523,500,0.27239222053660406,0.0039396672981745285,500,0.18970069002490403,0.0018746349872879387,500,0.362808217452196,0.002410944172836223,500,0.394822359960312,0.0035411907189121547,500,3.1332903550865803,0.034940600389987794,500,0.0559516134836908,0.0006239392926783924,500,nan,nan,0,11.873544284698,0.02249603449451688,500,5.25943813036372,0.05228452178985011,500,10.592817954099997,7.95206533574069e-17,500,4.5,0.0,500,0.4286428571429069,0.01631033235831501,500,0.8539285714290327,0.019317861629175686,500,0.095253968253996,0.0036245183018456546,500,0.18976190476190366,0.004292858139808063,500
6,3,4,0.5,6.0,6.0,0.427883605990418,0.002799797093365993,500,0.243237012367084,0.0005437970297742306,500,0.31156175637393196,0.004607443952695003,500,0.1777750551277924,0.001946160110847338,500,0.345821966741676,0.002544386579992549,500,0.42008093631216203,0.00385734780999415,500,2.96746350820326,0.032880020311766005,500,0.052990419789343594,0.0005871432198527804,500,nan,nan,0,12.3036437249154,0.03319922806878844,500,6.112740363920881,0.06871646208544635,500,10.592817954099997,7.95206533574069e-17,500,4.5,0.0,500,0.39471428571432077,0.015445454441410399,500,0.8091428571430643,0.018774304248648566,500,0.08771428571431779,0.0034323232091999214,500,0.17980952380951848,0.004172067610804687,500
6,3,4,0.5,6.0,7.0,0.427055760594828,0.002893129061779425,500,0.240438179259478,0.0005199611429897337,500,0.36476091017513,0.005946049674384414,500,0.1672255289908414,0.0019303142447797642,500,0.329379836097312,0.0025499491523390473,500,0.44369009800345194,0.0039068987658972204,500,2.8411240106171,0.033562540978265144,500,0.0507343573324508,0.0005993310888978098,500,nan,nan,0,12.816307560380599,0.040275100341432744,500,7.0762168196765405,0.07472759569268145,500,10.592817954099997,7.95206533574069e-17,500,4.5,0.0,500,0.39942857142851984,0.015140993462769406,500,0.767500000000268,0.018287953840017225,500,0.08876190476194347,0.0033646652139489846,500,0.17055555555556492,0.0040639897422209146,500
6,3,4,0.5,6.0,8.0,0.42119315740275,0.0027744624523197954,500,0.23703245239033,0.0005283620804433646,500,0.425545619437284,0.006978203129101124,500,0.15631003188941942,0.001974994667040152,500,0.31386763562606596,0.002668007050814959,500,0.465441378119958,0.004051337806954621,500,2.71533708622122,0.03387599935164582,500,0.048488162253952194,0.0006049285598509029,500,nan,nan,0,13.503190845411398,0.051696401056831466,500,8.22552756536028,0.0872957506716152,500,10.592817954099997,7.95206533574069e-17,500,4.5,0.0,500,0.36821428571424597,0.014470065521786014,500,0.7274285714286174,0.01800387581591291,500,0.081825396825425,0.0032155701159520098,500,0.1616507936508199,0.0040008612924231305,500
6,3,4,0.5,6.0,9.0,0.41511794405993396,0.0027174268405574025,500,0.237270414316046,0.0005611894363897584,500,0.45992281587270406,0.007423356916962799,500,0.1477906143688214,0.0018770966536382373,500,0.30162324025256204,0.0025721657812214508,500,0.48090458473247,0.0038536522900225858,500,2.6359595665230398,0.031609870860401554,500,0.047070706545055005,0.0005644619796497933,500,nan,nan,0,14.1191385840166,0.06376323436010048,500,9.1711813588353,0.10070417308759264,500,10.592817954099997,7.95206533574069e-17,500,4.5,0.0,500,0.36842857142851976,0.013330901547770163,500,0.7439285714287819,0.015812123855055957,500,0.08187301587305687,0.002962422566171364,500,0.16531746031748348,0.003513805301118859,500
6,3,4,0.5,6.0,10.0,0.421055436298412,0.002930386503965625,500,0.23711414440272802,0.0006086240746548324,500,0.479930394416906,0.007291272217475636,500,0.14054468114571897,0.001903908244245433,500,0.29152506430225605,0.0026341054154586066,500,0.49549750307130397,0.004016719464238119,500,2.546419938781,0.029994855948603728,500,0.045471784621086794,0.0005356224276537991,500,nan,nan,0,14.729971085024198,0.07437145914932866,500,10.06310474719316,0.11198880436184806,500,10.592817954099997,7.95206533574069e-17,500,4.5,0.0,500,0.3619285714284946,0.013221918857586465,500,0.6874285714287134,0.01671379021046017,500,0.08042857142861205,0.0029382041905757906,500,0.15276190476193555,0.003714175602320605,500
6,3,4,0.5,6.0,11.0,0.411801334229872,0.0030648536534399655,500,0.235402277782236,0.0005997419586000101,500,0.53364047438732,0.008183028629895638,500,0.1275585134472558,0.0016411019902231997,500,0.269710837629824,0.002343228004406299,500,0.5248800396645741,0.00378628237784689,500,2.33802838159398,0.024078267683506443,500,0.041750506814178,0.000429969065776837,500,nan,nan,0,15.5629587546038,0.07910188762589362,500,11.258563663537021,0.11293971673158575,500,10.592817954099997,7.95206533574069e-17,500,4.5,0.0,500,0.3229999999999024,0.01206192866433083,500,0.6186428571429772,0.01483573954083328,500,0.07177777777782085,0.0026804285920748383,500,0.13747619047625692,0.0032968310090717586,500
6,3,4,0.5,6.0,12.0,0.413679242407786,0.0029249702712373783,500,0.23580381086638,0.0007352977950826189,500,0.5718904747059059,0.009006981685659733,500,0.12300691023774642,0.0017908225389912846,500,0.261942560954056,0.0025629618924852024,500,0.5363185953091161,0.0040933711749426855,500,2.2929158146567596,0.025938974283265363,500,0.040944925261726,0.0004631959693440511,500,nan,nan,0,16.2865181696598,0.09699195343134415,500,12.20666531883344,0.13230283286947256,500,10.592817954099997,7.95206533574069e-17,500,4.5,0.0,500,0.29257142857137264,0.01207644390212937,500,0.6070000000000664,0.014899838726031235,500,0.06501587301590671,0.002683654200474189,500,0.13488888888894138,0.003311075272449925,500
6,3,4,0.5,6.0,13.0,0.413023048022638,0.0030896863998975117,500,0.23407715124981598,0.000823547644657017,500,0.602360500856108,0.010198343241054428,500,0.1186519982912088,0.0017384936793334936,500,0.254243267925776,0.002543411160637057,500,0.5436304690426739,0.004162882918973363,500,2.23346453469078,0.02447334831611195,500,0.0398832952623366,0.000437024077073359,500,nan,nan,0,17.1859299979612,0.10609114944948853,500,13.37616476480044,0.14044749934304096,500,10.592817954099997,7.95206533574069e-17,500,4.5,0.0,500,0.3005714285713321,0.012217833230852446,500,0.5860000000000753,0.014675606997981107,500,0.06679365079368947,0.0027150740513020256,500,0.13022222222227484,0.003261245999549692,500
6,3,4,0.5,6.0,14.0,0.41150513940137,0.002745607326067915,500,0.232076381035204,0.0009193474459676159,500,0.6282823764074201,0.011149395037710997,500,0.11443841096025222,0.0017073585150767265,500,0.246419983919608,0.0025608170551814006,500,0.554017770152748,0.00413564303722512,500,2.1822304861961404,0.02386671179353806,500,0.0389684015392132,0.000426191282027576,500,nan,nan,0,17.770605738165404,0.12214020747915223,500,14.08348317168844,0.1594475354094122,500,10.592817954099997,7.95206533574069e-17,500,4.5,0.0,500,0.29749999999991755,0.011521183498930134,500,0.5874285714286873,0.01493986966254228,500,0.06611111111114557,0.0025602629997638652,500,0.13053968253971387,0.003319971036117137,500
6,3,4,0.5,6.0,15.0,0.41133731978796195,0.0029809903716318253,500,0.233325894406454,0.0010048128670965115,500,0.6570836319831121,0.011373515710589996,500,0.1090226373465424,0.0016946413396899398,500,0.23742548858252802,0.0025823694158829953,500,0.56698540568634,0.004160420871063608,500,2.1251502232870396,0.025297152666605427,500,0.037949111130126396,0.0004517348690462127,500,nan,nan,0,18.517911460277,0.13323914914117949,500,15.01008999517032,0.1690539142801469,500,10.592817954099997,7.95206533574069e-17,500,4.5,0.0,500,0.28957142857134377,0.01135978260135679,500,0.5461428571429422,0.013464320361029385,500,0.06434920634924354,0.0025243961336370384,500,0.12136507936513574,0.0029920711913396297,500
6,3,4,0.5,7.0,1.0,0.47178350412748604,0.002630734325728469,500,0.260120107218898,3.2261927672503108e-06,500,0.0841353770599902,7.358381826231311e-05,500,0.37651835647159404,0.001107666926854535,500,0.597054459554916,0.0011179838208553413,500,0.143878139828982,0.000649126045089475,500,8.2280439719602,0.041151100592609846,500,0.146929356642144,0.0007348410820112807,500,nan,nan,0,12.4010835881358,0.0008693202050405551,500,1.00004980047821,0.01095435349072307,500,12.358287613100002,7.95206533574069e-17,500,4.5,0.0,500,1.839999999999604,0.018803957303522252,500,2.3571428571399995,1.9880163339351726e-17,500,0.40888888888872,0.004178657178574989,500,0.5238095238099999,4.9700408348379315e-18,500
6,3,4,0.5,7.0,2.0,0.455535366857556,0.0027634452509774717,500,0.259986309926274,7.869229092839253e-06,500,0.09254481736572501,0.00019264452378913038,500,0.297665289856538,0.002072182100845549,500,0.5084974855316561,0.0022174843065049547,500,0.21295879353634398,0.0020564777144574694,500,5.73029833792788,0.05538275371467263,500,0.10232675603444139,0.0009889777449056184,500,nan,nan,0,12.5393389793776,0.0035058926421376218,500,2.067964155709714,0.02181204616155497,500,12.358287613100002,7.95206533574069e-17,500,4.5,0.0,500,1.0878571428573556,0.021246506832776315,500,1.799999999999828,0.01849629143968852,500,0.24174603174601322,0.004721445962834547,500,0.39999999999979197,0.004110286986609265,500
6,3,4,0.5,7.0,3.0,0.44769479961414005,0.002843710512912175,500,0.25971904527660195,1.4696019851250502e-05,500,0.101890381802419,0.0005348302708748273,500,0.24135391749198398,0.002487731162500725,500,0.436819170025766,0.002946588526118226,500,0.28788720956154396,0.0033981406634248225,500,4.326127086435901,0.0549797349881931,500,0.07725226940065279,0.0009817809819327305,500,nan,nan,0,12.7417063945194,0.007900198192761896,500,3.0131918126790924,0.03396415561418962,500,12.358287613100002,7.95206533574069e-17,500,4.5,0.0,500,0.7808571428575981,0.020158054054571252,500,1.3780000000000932,0.02147188484460302,500,0.1735238095238054,0.004479567567674325,500,0.30622222222210305,0.004771529965461917,500
6,3,4,0.5,7.0,4.0,0.438332315950986,0.002757246681730954,500,0.259079465014558,6.608207728632474e-05,500,0.12855610483684438,0.0021081905803890222,500,0.2019502599010078,0.002320394418207967,500,0.38029811647200407,0.002994305107914306,500,0.358100086296296,0.003980558545669017,500,3.46703015533102,0.04692974271759043,500,0.061911252773764205,0.0008380311199564933,500,nan,nan,0,13.039660465049801,0.01396066533267109,500,4.04318342049502,0.04598935427909133,500,12.358287613100002,7.95206533574069e-17,500,4.5,0.0,500,0.5860000000002444,0.01803231686036035,500,1.0911428571429818,0.020798255228635938,500,0.13022222222225072,0.004007181524518335,500,0.24247619047615043,0.00462183449524788,500
6,3,4,0.5,7.0,5.0,0.428347040838204,0.0028349422590209688,500,0.256467309335688,0.000255706856310943,500,0.16619550147063222,0.003184857974875647,500,0.181721275937649,0.002230055773072878,500,0.34869531409418,0.0029457718461916083,500,0.4043355620333,0.0042721340545050016,500,3.0756856242539397,0.041960087272135405,500,0.0549229575759652,0.0007492872727172342,500,nan,nan,0,13.362147527182998,0.019808882853188266,500,4.948349680041339,0.055360954079739545,500,12.358287613100002,7.95206533574069e-17,500,4.5,0.0,500,0.48264285714301175,0.017477484537212384,500,0.9455000000002765,0.022156112643500713,500,0.10725396825398278,0.003883885452708797,500,0.210111111111082,0.004923580587439544,500
6,3,4,0.5,7.0,6.0,0.428044219614684,0.002690202210217842,500,0.250618090878706,0.00044711574003861865,500,0.202811749761854,0.003391087701157869,500,0.1584491559950162,0.0018420155128719693,500,0.31287587988519394,0.002448659540597796,500,0.45763997022172204,0.004006458489548786,500,2.65086885727714,0.029716175460719065,500,0.0473369438799514,0.0005306459903697668,500,nan,nan,0,13.84852863461,0.027673596874035998,500,6.11857297393718,0.06330391644694237,500,12.358287613100002,7.95206533574069e-17,500,4.5,0.0,500,0.3863571428570942,0.014772074100968478,500,0.7490714285717415,0.018519861404770147,500,0.08585714285716883,0.00328268313354862,500,0.16646031746032416,0.00411552475660984,500
6,3,4,0.5,7.0,7.0,0.417496839884598,0.002937519588688473,500,0.24478041536058198,0.0005293625846528078,500,0.2442879030303338,0.004407583380633958,500,0.15180842547408877,0.0019569965857898983,500,0.30145835197342796,0.002646838628422742,500,0.476939324281002,0.004307458576994554,500,2.5742678968727,0.03213687955153874,500,0.0459690695870128,0.0005738728491346992,500,nan,nan,0,14.3582028850018,0.0372138724743373,500,7.15203351814356,0.0771509879380307,500,12.358287613100002,7.95206533574069e-17,500,4.5,0.0,500,0.3699285714285524,0.015175368130020154,500,0.7251428571430838,0.01919185843975227,500,0.0822063492063764,0.0033723040288926704,500,0.16114285714286666,0.004264857431050687,500
6,3,4,0.5,7.0,8.0,0.419024790829994,0.0029354271858900416,500,0.240610532698136,0.000573083889729116,500,0.302175917201748,0.005765314105778579,500,0.141463982699574,0.0018055189120435133,500,0.28551998817817603,0.0025140365042004547,500,0.5024277828475461,0.004223474725545848,500,2.44965761723278,0.028359172178975205,500,0.043743886022014,0.0005064137889103392,500,nan,nan,0,14.911479030272199,0.04562374449936468,500,8.191011487910961,0.08459435747449189,500,12.358287613100002,7.95206533574069e-17,500,4.5,0.0,500,0.3333571428571354,0.014203028312694693,500,0.6493571428573485,0.017835291239420976,500,0.07407936507938953,0.003156228513930685,500,0.14430158730160517,0.003963398053200012,500
6,3,4,0.5,7.0,9.0,0.412631353897818,0.0027672576720749855,500,0.239079776614126,0.0005429662368174238,500,0.3433610248712672,0.006602546083958061,500,0.1338911941990266,0.0018827552906714928,500,0.273788064907952,0.0026080441869311484,500,0.5188294379567839,0.004297279699247216,500,2.382393552839,0.03027612550529028,500,0.0425427420149838,0.0005406450983092033,500,nan,nan,0,15.488143925261,0.0564890057492867,500,9.159485158036379,0.09860219503005058,500,12.358287613100002,7.95206533574069e-17,500,4.5,0.0,500,0.33685714285709417,0.01359568251782882,500,0.6430714285716106,0.017009961488050482,500,0.07485714285717919,0.0030212627817392725,500,0.1429047619047945,0.0037799914417847285,500
6,3,4,0.5,7.0,10.0,0.41628398028734803,0.0028428362546002372,500,0.23766424933421,0.0005667739612939156,500,0.3751086649084316,0.007054401236010582,500,0.12341857086080159,0.001758243784596711,500,0.259316505797536,0.0024877592774513397,500,0.541133828352416,0.00423220643395672,500,2.2661872936206002,0.026080852518381513,500,0.0404676302432226,0.0004657295092568657,500,nan,nan,0,16.2257308524902,0.06861103190082836,500,10.333181041838861,0.11075861477146386,500,12.358287613100002,7.95206533574069e-17,500,4.5,0.0,500,0.30878571428564894,0.01290459917272226,500,0.6058571428572948,0.016204731070509924,500,0.06861904761906973,0.002867688705050069,500,0.13463492063497312,0.0036010513489982124,500
6,3,4,0.5,7.0,11.0,0.415483369721318,0.003017028595226182,500,0.236861770520922,0.0005883892749596734,500,0.39110552434872525,0.006861753759761769,500,0.122118070432794,0.0017364772053464668,500,0.256715266427192,0.0024583012725488454,500,0.5440056629169201,0.004154117344857458,500,2.2502304326130402,0.026422730885611593,500,0.0401826862966646,0.00047183448010006677,500,nan,nan,0,16.680185387197003,0.07630085922542458,500,11.01738525175844,0.11863977556365994,500,12.358287613100002,7.95206533574069e-17,500,4.5,0.0,500,0.31285714285703137,0.01297430474184922,500,0.5932857142857173,0.015755795836766458,500,0.06952380952385068,0.0028831788315243643,500,0.13184126984132888,0.003501287963724291,500
6,3,4,0.5,7.0,12.0,0.41258705198955803,0.002797631327750509,500,0.23630075743603998,0.0005965869883521857,500,0.42913874979304595,0.007514905598939598,500,0.114513887069032,0.00170059585254998,500,0.245046853385714,0.002463453496875364,500,0.560252447643948,0.004170876581361092,500,2.1751637642843002,0.02409082820444569,500,0.0388422100765084,0.00043019336079382574,500,nan,nan,0,17.3912252144558,0.08787309254714647,500,12.04183130496746,0.13108808609585748,500,12.358287613100002,7.95206533574069e-17,500,4.5,0.0,500,0.295499999999887,0.01153601929241144,500,0.5963571428572577,0.014731000029424353,500,0.06566666666669578,0.002563559842759284,500,0.13252380952386178,0.0032735555620912802,500
6,3,4,0.5,7.0,13.0,0.41058150274753596,0.002843020333990342,500,0.23328689822278,0.0006598899269303669,500,0.446185070587601,0.007879037189296926,500,0.1094413820629238,0.0016869915782225522,500,0.235656452994516,0.0024686281599720066,500,0.573121730674874,0.00427866828433966,500,2.1094790369806597,0.02537137143132707,500,0.037669268517515196,0.0004530602041310908,500,nan,nan,0,18.160765063089798,0.09948750648940309,500,13.12338023605364,0.14015444057424728,500,12.358287613100002,7.95206533574069e-17,500,4.5,0.0,500,0.2909999999998968,0.012614663247404494,500,0.5532857142857672,0.0156862449243034,500,0.06466666666669488,0.0028032584994246265,500,0.12295238095243168,0.0034858322053986715,500
6,3,4,0.5,7.0,14.0,0.405914201740288,0.0029515050241207715,500,0.235371425303078,0.0007584947956597396,500,0.48501857204451804,0.008991378962988617,500,0.1031634262160388,0.001633437422573372,500,0.22632196281625602,0.00245612067942789,500,0.587230057517172,0.0042455629167477945,500,2.03721511795544,0.023073863446759033,500,0.036378841392061205,0.00041203327583491786,500,nan,nan,0,19.1388107748076,0.11396302848391665,500,14.419524483888841,0.155879540640467,500,12.358287613100002,7.95206533574069e-17,500,4.5,0.0,500,0.26107142857131793,0.01175409355883809,500,0.5208571428572242,0.014464857304760128,500,0.05801587301589216,0.0026120207908545165,500,0.11574603174608065,0.003214412734388435,500
6,3,4,0.5,7.0,15.0,0.40376171991442594,0.00309461064678169,500,0.232824406107618,0.0008258258392529702,500,0.509446975315353,0.00960133906993583,500,0.1008971984986416,0.001677845515236632,500,0.221616287140044,0.002509180814420757,500,0.5948426701931139,0.004386145690204682,500,2.00945617554984,0.022560160414909946,500,0.0358831459919602,0.0004028600074090722,500,nan,nan,0,19.743882880674995,0.12462740168949837,500,15.1946604808598,0.16729843246193163,500,12.358287613100002,7.95206533574069e-17,500,4.5,0.0,500,0.2659999999999192,0.011074821474331469,500,0.5192142857143653,0.014308648567477067,500,0.05911111111114004,0.002461071438742403,500,0.11538095238098951,0.0031796996816586044,500
6,3,4,0.5,8.0,1.0,0.463133592901464,0.002786455768330338,500,0.26052301155636,2.4587522742599243e-06,500,0.0647904037436398,5.3750132695673235e-05,500,0.372265251813556,0.0011610489311486636,500,0.5892436649498661,0.0011552755194552007,500,0.147290026846148,0.0006873823914553986,500,8.05275487162144,0.042345928627831486,500,0.14379919413610798,0.0007561772969267775,500,nan,nan,0,14.162336166433398,0.0007888868478398456,500,1.014383420700838,0.011198968894722276,500,14.123757272099995,2.3856196007222073e-16,500,4.5,0.0,500,1.8049999999996622,0.01939672854892885,500,2.3571428571399995,1.9880163339351726e-17,500,0.40111111111094,0.004310384121997982,500,0.5238095238099999,4.9700408348379315e-18,500
6,3,4,0.5,8.0,2.0,0.438477981390762,0.002795148247487042,500,0.26045477213395807,5.344252930631527e-06,500,0.0702188119010054,0.00013067919872542696,500,0.29616142334185996,0.002179666260539693,500,0.504501450396084,0.002340742109674988,500,0.213479833674166,0.002080580207014462,500,5.743877579011619,0.060250226859679144,500,0.1025692424823428,0.001075896908208418,500,nan,nan,0,14.275237536837599,0.003056323255031839,500,2.014204645131766,0.022361939601523995,500,14.123757272099995,2.3856196007222073e-16,500,4.5,0.0,500,1.1005714285716441,0.021223259198654375,500,1.8199999999996739,0.018822218220373735,500,0.24457142857138786,0.004716279821917728,500,0.40444444444426997,0.0041827151600972124,500
6,3,4,0.5,8.0,3.0,0.4373755147177,0.0027342495869018,500,0.260297860427456,8.981896079336152e-06,500,0.0757299204557464,0.0002008087409613084,500,0.23511993180729102,0.0024301960708299286,500,0.425176193871804,0.0028754377476854598,500,0.295857523741142,0.003333149795042635,500,4.211765868306601,0.052938528224965004,500,0.0752101047911874,0.0009453308611592803,500,nan,nan,0,14.4719176073122,0.006818756661148935,500,3.070061514584082,0.033314054119304534,500,14.123757272099995,2.3856196007222073e-16,500,4.5,0.0,500,0.807000000000441,0.019435985054297403,500,1.4089285714284001,0.02051738530292607,500,0.1793333333333236,0.004319107789836094,500,0.313095238095136,0.004559418956202646,500
6,3,4,0.5,8.0,4.0,0.434174812295698,0.0028053747075801935,500,0.260005797606366,2.6270116132783983e-05,500,0.08454242871372039,0.000682182620637049,500,0.19201475970731158,0.0024408418434933134,500,0.365014631782934,0.003115484392204274,500,0.372229519882608,0.004198119995403348,500,3.3320009751661,0.04623143398139155,500,0.0595000174136842,0.0008255613210971946,500,nan,nan,0,14.724569522308801,0.012034619960129474,500,4.05168702077164,0.0445087104856431,500,14.123757272099995,2.3856196007222073e-16,500,4.5,0.0,500,0.5889285714288044,0.017890599920046726,500,1.1081428571430674,0.021086060271025067,500,0.13087301587302147,0.0039756888711142075,500,0.24625396825392967,0.004685791171333099,500
6,3,4,0.5,8.0,5.0,0.425824119815446,0.0027415055917989145,500,0.258717792626844,0.00014574504633266697,500,0.11438739971791981,0.0023451604120369586,500,0.164235316986601,0.0020448214805856286,500,0.32098025829626603,0.0027390952319836536,500,0.43518012000002,0.004205161731550837,500,2.7855941973640403,0.033437819953290426,500,0.04974275352435519,0.0005971039277376015,500,nan,nan,0,15.0683567820982,0.017961417220927815,500,5.1268981702302,0.053919620759857685,500,14.123757272099995,2.3856196007222073e-16,500,4.5,0.0,500,0.44821428571434857,0.015878457869654753,500,0.8907857142859595,0.01866348909287726,500,0.09960317460320338,0.003528546193254,500,0.1979523809523913,0.004147442020633603,500
6,3,4,0.5,8.0,6.0,0.41817630602809197,0.0028743428147634145,500,0.25551582309377,0.00031501753222759713,500,0.1401352412170514,0.002910495323306016,500,0.146700282686774,0.0020138790127052744,500,0.2926511037740261,0.0027315626315498457,500,0.480320961923112,0.004537254718834277,500,2.5072271321399,0.031185000367479565,500,0.044771913073925,0.0005568750065622478,500,nan,nan,0,15.4652864445876,0.024761984147766078,500,6.16219559063004,0.06374856058043721,500,14.123757272099995,2.3856196007222073e-16,500,4.5,0.0,500,0.3902142857142755,0.01578003675332724,500,0.7332142857147065,0.019436005833731694,500,0.08671428571431614,0.003506674834071781,500,0.16293650793651382,0.004319112407488003,500
6,3,4,0.5,8.0,7.0,0.414234694558606,0.002803423424066991,500,0.249879526111768,0.0004926873168939793,500,0.1628585634573352,0.003197910699737468,500,0.13802904162040022,0.0019005067756572697,500,0.27693404232556995,0.002605877477483422,500,0.505952519788358,0.0045326089630990055,500,2.37783201917308,0.02770754775449165,500,0.0424612860566644,0.0004947776384730645,500,nan,nan,0,15.8966921238478,0.03429182718035777,500,7.128215620177821,0.07753248525119073,500,14.123757272099995,2.3856196007222073e-16,500,4.5,0.0,500,0.34907142857139617,0.014708783739224008,500,0.6700000000003542,0.018315084307716174,500,0.07757142857144973,0.0032686186087159145,500,0.14888888888889512,0.00407001873504008,500
6,3,4,0.5,8.0,8.0,0.41208578334694596,0.0028333499423610865,500,0.24544294141234,0.0005635668619490339,500,0.1938190533817902,0.0038391175009651283,500,0.12814345319515796,0.0018836857797445933,500,0.263301507460032,0.002653058847645256,500,0.5299326548094421,0.004552913032687905,500,2.279410979157,0.028804097974453706,500,0.040703767484946196,0.0005143588924010585,500,nan,nan,0,16.393944428494397,0.04282965839294538,500,8.14048246647906,0.08873182555575981,500,14.123757272099995,2.3856196007222073e-16,500,4.5,0.0,500,0.32514285714277197,0.013521007184028142,500,0.6357857142859409,0.017695575702774084,500,0.07225396825397937,0.003004668263117623,500,0.14128571428572265,0.003932350156165946,500
6,3,4,0.5,8.0,9.0,0.415818313561772,0.0029446051511979503,500,0.24249790826074996,0.0005829313891867391,500,0.2376197812027836,0.0052097874092777215,500,0.120667106199429,0.001758678190795227,500,0.250783543298514,0.002528674326845485,500,0.550091023905698,0.0045262549796795965,500,2.18691986790124,0.02538750151333362,500,0.039052140498239594,0.0004533482413096649,500,nan,nan,0,16.9060754151342,0.05191512730322753,500,9.0981050621683,0.09913701557213701,500,14.123757272099995,2.3856196007222073e-16,500,4.5,0.0,500,0.3195714285713606,0.013507777869920806,500,0.5864285714287029,0.01709373030446174,500,0.07101587301589035,0.0030017284155382804,500,0.13031746031747035,0.003798606734320229,500
6,3,4,0.5,8.0,10.0,0.41722169818585597,0.002919008871375027,500,0.240250883466756,0.0005843095664787182,500,0.2781838886575722,0.006392129528396229,500,0.1182624069521066,0.0017701661211773658,500,0.24615656469014,0.0024835126434441944,500,0.556534979388068,0.004416068415998886,500,2.18254725315624,0.02653893178683031,500,0.038974058092073605,0.00047390949619353803,500,nan,nan,0,17.5883651272414,0.062362392753138964,500,10.285990630292579,0.10973743548852793,500,14.123757272099995,2.3856196007222073e-16,500,4.5,0.0,500,0.3114285714284582,0.013153843476973352,500,0.6109285714286974,0.01703464840400095,500,0.0692063492063759,0.002923076328218546,500,0.13576190476194702,0.003785477423107616,500
6,3,4,0.5,8.0,11.0,0.40968555945789803,0.0028359925612400486,500,0.23888572289454602,0.000563489407484228,500,0.30182002922747697,0.006315018434058159,500,0.11079559849202202,0.0017426310902543976,500,0.23560279344441598,0.0025973299548616297,500,0.575111373780174,0.004643098512094453,500,2.09976332741652,0.025013503414500825,500,0.037495773703868196,0.00044666970383042815,500,nan,nan,0,18.0854879100058,0.06911130290179121,500,11.10264048101398,0.11603967200475669,500,14.123757272099995,2.3856196007222073e-16,500,4.5,0.0,500,0.28799999999990494,0.012985087226762771,500,0.5535000000001209,0.016419668918152722,500,0.06400000000002634,0.002885574939282362,500,0.12300000000002573,0.003648815315140863,500
6,3,4,0.5,8.0,12.0,0.41462624034597806,0.0028536959289975163,500,0.23648050287432398,0.0005810825021311571,500,0.3400861910920376,0.006864734189168788,500,0.10829168382449779,0.0017550366425071401,500,0.231901884764822,0.0026285046451628514,500,0.579161020071298,0.004564529056315116,500,2.1089092960262996,0.026357334677887832,500,0.0376590945718972,0.0004706666906764686,500,nan,nan,0,18.8703658143936,0.08068685770563798,500,12.31428937689778,0.1283246272139663,500,14.123757272099995,2.3856196007222073e-16,500,4.5,0.0,500,0.308499999999893,0.012005095420724594,500,0.5819285714286796,0.015910947976502127,500,0.06855555555559599,0.002667798982385088,500,0.12931746031750335,0.003535766216997892,500
6,3,4,0.5,8.0,13.0,0.409625515441388,0.0029147791677175193,500,0.23565532841417802,0.0006220208240825091,500,0.34901222970829315,0.006577114230030717,500,0.097612978551758,0.0014938060203078616,500,0.215930846043632,0.0022646487842580302,500,0.606104148241206,0.0042455866117243335,500,1.9636891657217002,0.020753987354847615,500,0.03506587795931419,0.0003706069170510009,500,nan,nan,0,19.691029110229202,0.09093798151660451,500,13.538160655469781,0.13504918224394435,500,14.123757272099995,2.3856196007222073e-16,500,4.5,0.0,500,0.2464999999998892,0.011439614529412468,500,0.49278571428571843,0.014897197583740888,500,0.05477777777779792,0.00254213656209323,500,0.10950793650798744,0.003310488351941118,500
6,3,4,0.5,8.0,14.0,0.40540325938807004,0.002780941643663165,500,0.235531413806986,0.0006350109027865352,500,0.3605723884274688,0.007186913060111066,500,0.09714233545859981,0.0016904509012927965,500,0.213181515918064,0.0025097851500560722,500,0.609851092752484,0.0045171674918035734,500,1.96023506316476,0.02422628175495117,500,0.0350041975565168,0.0004326121741960283,500,nan,nan,0,19.9831099234194,0.10527172722898726,500,13.912538391002759,0.15387724065213645,500,14.123757272099995,2.3856196007222073e-16,500,4.5,0.0,500,0.2599285714284514,0.01170471345058958,500,0.49535714285716514,0.014763439048912924,500,0.05776190476193342,0.0026010474334663865,500,0.1100793650794142,0.0032807642330906534,500
6,3,4,0.5,8.0,15.0,0.407817987868466,0.002907073606773998,500,0.236022743397028,0.0006606601240266159,500,0.386762352183006,0.0072297626462848414,500,0.09150990875709941,0.0015259322474207551,500,0.205343603857192,0.002334259968167049,500,0.6233053185430281,0.004197554063722587,500,1.8951051398971601,0.021612481669194585,500,0.033841163212453396,0.00038593717266442956,500,nan,nan,0,20.8686303149144,0.11900251019064084,500,15.12708135881744,0.1690315360068836,500,14.123757272099995,2.3856196007222073e-16,500,4.5,0.0,500,0.212857142857043,0.010086635470962486,500,0.4783571428571767,0.014387232691562281,500,0.04730158730160886,0.0022414745491053222,500,0.10630158730164106,0.0031971628203453107,500
6,3,4,0.5,9.0,1.0,0.46492109516163393,0.002823853927822686,500,0.26080707443658796,1.9277132401232797e-06,500,0.051317819238524395,4.2652361786997825e-05,500,0.372499518591896,0.001117781269430832,500,0.5869019257720559,0.001089899958686005,500,0.147599875230888,0.0006468672653135552,500,8.08528281728248,0.03980659967558927,500,0.144380050308642,0.0007108321370638248,500,nan,nan,0,15.923721830985,0.0006817564272098834,500,1.019212869657398,0.010857202151742714,500,15.889226931100003,1.590413067148138e-16,500,4.5,0.0,500,1.8071428571427,0.01862025337728165,500,2.3571428571399995,1.9880163339351726e-17,500,0.40158730158708994,0.004137834083852049,500,0.5238095238099999,4.9700408348379315e-18,500
6,3,4,0.5,9.0,2.0,0.42965569659590597,0.002801546931334517,500,0.260766574045444,4.2017142421290325e-06,500,0.055434285877571994,8.79901554027084e-05,500,0.288926264246026,0.0021662371858085015,500,0.49402860469375603,0.0023010106380162345,500,0.220739718192554,0.0021024620156171567,500,5.55979975805524,0.05649464115704712,500,0.09928213853670001,0.0010088328778048916,500,nan,nan,0,16.0286192847888,0.002696350923898444,500,2.055147659195412,0.021427030103028013,500,15.889226931100003,1.590413067148138e-16,500,4.5,0.0,500,1.0901428571429335,0.020511773532829156,500,1.801428571428444,0.01838862662898848,500,0.24225396825395204,0.004558171896180125,500,0.40031746031724597,0.00408636147312,500
6,3,4,0.5,9.0,3.0,0.434801439228096,0.002824462375942552,500,0.26065839878377395,6.554870801089714e-06,500,0.058759291007452606,0.00013873719849484548,500,0.2334031391053442,0.0025533925944574475,500,0.421425181719048,0.0030293682567589636,500,0.298328006476386,0.003543196713244979,500,4.210526313547439,0.056104416983779444,500,0.07518796988477042,0.0010018645889956887,500,nan,nan,0,16.185708498456197,0.006193674989262999,500,2.993103741307878,0.03380065238022384,500,15.889226931100003,1.590413067148138e-16,500,4.5,0.0,500,0.7842142857146029,0.019386699745706813,500,1.3974999999999087,0.02059631922726053,500,0.17426984126985373,0.004308155499039196,500,0.31055555555544423,0.004576959828276164,500
6,3,4,0.5,9.0,4.0,0.42902985979507,0.0028683877868476305,500,0.26049283364722403,1.0681933522561541e-05,500,0.06322676825773679,0.0002528726588693529,500,0.1883082494695594,0.002491525737425964,500,0.357806442692912,0.003214274528698034,500,0.377972331382552,0.004399579167834489,500,3.2889935819673,0.04802527209624517,500,0.0587320282494176,0.0008575941445761634,500,nan,nan,0,16.422755765805,0.010889752508825866,500,4.03186195794261,0.04571056446267283,500,15.889226931100003,1.590413067148138e-16,500,4.5,0.0,500,0.5852142857145366,0.01788367653665287,500,1.0916428571428651,0.021488943250355236,500,0.13004761904762205,0.003974150341470682,500,0.24258730158727745,0.004775320722298546,500
6,3,4,0.5,9.0,5.0,0.42965797624719604,0.002920367716920229,500,0.26020430486431995,3.844985415536516e-05,500,0.07458785821327339,0.0011387232627767334,500,0.1590850390297384,0.0024865942965315215,500,0.313429813163022,0.0033312434388044435,500,0.44257423286294,0.004993646567638804,500,2.79672791212052,0.04405476992039102,500,0.049941569859289194,0.000786692320006375,500,nan,nan,0,16.733211894216197,0.016941147692874085,500,5.101822677127984,0.0574590111016111,500,15.889226931100003,1.590413067148138e-16,500,4.5,0.0,500,0.490928571428645,0.01805441308454212,500,0.9027857142860893,0.021411668827570507,500,0.10909523809525543,0.004012091796562117,500,0.20061904761905233,0.00475814862834355,500
6,3,4,0.5,9.0,6.0,0.42694835718971,0.002790183364868831,500,0.25863888134292595,0.00019460319159366428,500,0.0908362544500956,0.001928042841477739,500,0.1410584880073546,0.0021859254609790883,500,0.28441502112356204,0.003092458595115217,500,0.48735885648669797,0.004979338948279501,500,2.4893725488544396,0.03640134169306068,500,0.0444530812295404,0.0006500239588039091,500,nan,nan,0,17.047523977167,0.023008730859779915,500,6.01263945986762,0.067341135793498,500,15.889226931100003,1.590413067148138e-16,500,4.5,0.0,500,0.40585714285717356,0.016014388391605117,500,0.7727142857145937,0.02039668261185218,500,0.0901904761904886,0.0035587529759093304,500,0.17171428571429243,0.004532596135960448,500
6,3,4,0.5,9.0,7.0,0.421533302822768,0.0028011932971379453,500,0.25414722957230806,0.00040342606641292374,500,0.1151603715760796,0.0026761445000901708,500,0.1260636977565506,0.00194006611559203,500,0.258877638925374,0.002823299475227319,500,0.530255212653146,0.004938503140191479,500,2.25521093865002,0.030290548868074228,500,0.0402716239044654,0.000540902658358339,500,nan,nan,0,17.4729560040774,0.03093500811065119,500,7.087927529291381,0.07850650996122818,500,15.889226931100003,1.590413067148138e-16,500,4.5,0.0,500,0.3319285714285335,0.0151076498572519,500,0.6600000000002589,0.018943183973425134,500,0.07376190476191735,0.0033572555238330854,500,0.14666666666668707,0.0042095964385329525,500
6,3,4,0.5,9.0,8.0,0.41005307714079003,0.002938410193739456,500,0.24901106083148397,0.0005068695371470911,500,0.13661347366655663,0.0029670478917081136,500,0.1164842697905072,0.0018519715945896676,500,0.242200282029032,0.0026332269300333613,500,0.559739800949732,0.0048843043731646935,500,2.1206950258146997,0.026096691320100607,500,0.037869554032403795,0.0004660123450018349,500,nan,nan,0,17.977546005254002,0.03761678141660075,500,8.239446881784879,0.08425363803548122,500,15.889226931100003,1.590413067148138e-16,500,4.5,0.0,500,0.3150714285713368,0.01477738887746417,500,0.5804285714289145,0.017910205730445265,500,0.070015873015891,0.0032838641949935825,500,0.1289841269841516,0.00398004571786909,500
6,3,4,0.5,9.0,9.0,0.41079035628387395,0.0028003130864507255,500,0.24536392565474596,0.0005934838470663862,500,0.1639322209399944,0.0035651890221782448,500,0.10822700565679738,0.0017605260956472138,500,0.228604882091866,0.002580011485223395,500,0.5842116385337901,0.004830769315463371,500,2.02231094757618,0.024315054242005398,500,0.036112695492433,0.00043419739717881056,500,nan,nan,0,18.491998362712003,0.04753374627822541,500,9.2715882952537,0.0965495970732665,500,15.889226931100003,1.590413067148138e-16,500,4.5,0.0,500,0.27257142857135597,0.013677708523040377,500,0.537500000000132,0.017396690216181874,500,0.060571428571444916,0.003039490782898873,500,0.11944444444447593,0.003865931159146948,500
6,3,4,0.5,9.0,10.0,0.41025456887200196,0.0027670486245846863,500,0.242370228135986,0.000592046091003084,500,0.19250337600262,0.004791796653118992,500,0.10550993337604321,0.0016899578408002217,500,0.225096153383588,0.0025109937489507226,500,0.588581936734832,0.004729809776665782,500,2.00921556519696,0.02315823364236839,500,0.0358788493785178,0.00041353988647107383,500,nan,nan,0,18.9724274261536,0.05652539073312788,500,10.163355381907401,0.10768135779179527,500,15.889226931100003,1.590413067148138e-16,500,4.5,0.0,500,0.2835714285713736,0.013646634182624384,500,0.5378571428572484,0.017146047751573655,500,0.06301587301589524,0.0030325853739171234,500,0.11952380952383615,0.0038102328336795444,500
6,3,4,0.5,9.0,11.0,0.40714042267025596,0.0030242296608283007,500,0.241159220645144,0.000575314888239554,500,0.2282078930132736,0.005993160248424979,500,0.1040483090292158,0.0016490197441851615,500,0.22084716083482198,0.0024598774524499287,500,0.5949658593328979,0.0046399709811733416,500,1.99322414424838,0.022327924528200333,500,0.035593288290154006,0.0003987129380036182,500,nan,nan,0,19.507684805344798,0.07102188311146877,500,11.06819036173218,0.1273626884178992,500,15.889226931100003,1.590413067148138e-16,500,4.5,0.0,500,0.2714999999999154,0.012228357564396424,500,0.536785714285784,0.01595342689776431,500,0.06033333333335523,0.0027174127920893782,500,0.11928571428577117,0.0035452059772788556,500
6,3,4,0.5,9.0,12.0,0.41335878582152197,0.0029867009034016574,500,0.23941846980597598,0.0006145228896471205,500,0.2618950718567976,0.006514737123799219,500,0.09797270560511481,0.0016429059875827153,500,0.21174350842838,0.002453211771067415,500,0.611627472694188,0.004552854677664873,500,1.93763422040094,0.02198328125211009,500,0.0346006110785886,0.00039255859378760984,500,nan,nan,0,20.127649051765196,0.07858260512436928,500,12.105123140871019,0.13579835425410855,500,15.889226931100003,1.590413067148138e-16,500,4.5,0.0,500,0.2452857142856152,0.011506250823972037,500,0.4970714285714702,0.01474110240791548,500,0.0545079365079576,0.0025569446275512412,500,0.11046031746037474,0.003275800535090567,500
6,3,4,0.5,9.0,13.0,0.401631097645688,0.002912859197342815,500,0.23855946115982002,0.0006049968757474254,500,0.27413121021407577,0.0063665244770751,500,0.09252423297715501,0.0015828050109636036,500,0.20397724907001402,0.0024026377632376476,500,0.62387554989923,0.004464993887714083,500,1.89260731457392,0.021797750810662573,500,0.033796559188818805,0.00038924555019063603,500,nan,nan,0,20.9102867463224,0.09105701758674667,500,13.34871531646746,0.14658270074807522,500,15.889226931100003,1.590413067148138e-16,500,4.5,0.0,500,0.2522142857142032,0.01171534833149206,500,0.483642857142811,0.015094503808785138,500,0.05604761904764172,0.0026034107403324278,500,0.10747619047624246,0.0033543341797297875,500
6,3,4,0.5,9.0,14.0,0.40685082148596596,0.002912736188751765,500,0.237296612464452,0.0006239183715190245,500,0.28897009166760723,0.006469931482720277,500,0.09206612376322681,0.0015964116767838397,500,0.2027593138609798,0.002475907193677098,500,0.6257618534187561,0.004675464955161258,500,1.88874142201728,0.022073385631293928,500,0.0337275253931646,0.00039416760055856616,500,nan,nan,0,21.446762213950002,0.1023029732270039,500,14.145672236115919,0.159020783921073,500,15.889226931100003,1.590413067148138e-16,500,4.5,0.0,500,0.2457142857141764,0.011702189085701396,500,0.47785714285714165,0.015431074910086308,500,0.05460317460320164,0.0026004864634915836,500,0.10619047619052777,0.003429127757795684,500
6,3,4,0.5,9.0,15.0,0.40383155744269,0.003005371604309083,500,0.23676564071193001,0.0006425403687156849,500,0.3077483871312262,0.006590493179031786,500,0.089287835037012,0.001520812979057449,500,0.19795440447948737,0.002328412251660567,500,0.632232559867458,0.004425817093523997,500,1.86409917742706,0.019789173671864876,500,0.033287485311199606,0.00035337810128336104,500,nan,nan,0,22.238554975381202,0.1099948984916731,500,15.3067437801535,0.1664598367226307,500,15.889226931100003,1.590413067148138e-16,500,4.5,0.0,500,0.2387142857141858,0.011339491438831822,500,0.4830000000000056,0.014263995801102831,500,0.05304761904764479,0.0025198869864091916,500,0.1073333333333872,0.0031697768446880127,500
6,3,4,0.5,10.0,1.0,0.455978798255036,0.0026557584837502398,500,0.26101150542384594,1.7077341757796262e-06,500,0.041595266902952,3.5867439483412906e-05,500,0.36929968707331395,0.0011620668460773755,500,0.5818133020105101,0.001158857128930928,500,0.149406619254936,0.0006850836869181989,500,7.9917556592986605,0.042040643541608864,500,0.14270992248747383,0.0007507257775300397,500,nan,nan,0,17.6857179061496,0.0005963862759945277,500,1.0202932944322018,0.010544803117392153,500,17.6546965901,0.0,500,4.5,0.0,500,1.833571428571292,0.017490832037057633,500,2.3571428571399995,1.9880163339351726e-17,500,0.40746031746011396,0.0038868515638047344,500,0.5238095238099999,4.9700408348379315e-18,500
6,3,4,0.5,10.0,2.0,0.43390275643027604,0.0027938512727596226,500,0.26098766639378396,3.251941132369126e-06,500,0.0445957586475508,7.235482793133003e-05,500,0.29094789656949804,0.002154414571686211,500,0.494262137911618,0.002320842171339977,500,0.218642115524074,0.00211176127366753,500,5.619789624729799,0.05735931617604928,500,0.1003533861558996,0.0010242735031444606,500,nan,nan,0,17.7741137611556,0.0024580589229371737,500,1.9947955265914858,0.02258868507914573,500,17.6546965901,0.0,500,4.5,0.0,500,1.1228571428571823,0.021635984458381597,500,1.81428571428549,0.018765202826024684,500,0.24952380952377945,0.00480799654630625,500,0.40317460317441794,0.0041700450724639175,500
6,3,4,0.5,10.0,3.0,0.41849411608360404,0.0027108349918977784,500,0.260919300326196,4.821829549604924e-06,500,0.0472891402668166,9.504943735767692e-05,500,0.22751979283253998,0.0023686147183452815,500,0.413370226925128,0.0028282204971016404,500,0.302944252464312,0.0033793872198195542,500,4.08790528811512,0.050378288132246776,500,0.07299830871634382,0.0008996122880756393,500,nan,nan,0,17.9323766682454,0.0056535454925663075,500,3.055647658343296,0.03352347896385249,500,17.6546965901,0.0,500,4.5,0.0,500,0.7867857142860329,0.020250384299871672,500,1.3858571428570845,0.0210432471054887,500,0.17484126984126971,0.004500085399964957,500,0.30796825396813904,0.004676277134547476,500
6,3,4,0.5,10.0,4.0,0.42001056854465196,0.002634962630762403,500,0.26080056833528603,7.228269939569688e-06,500,0.0500761413798596,0.0001415397023275592,500,0.18027403044535123,0.0023513449463741193,500,0.34580022700782803,0.0029984409301500843,500,0.388938117516164,0.004163037990397265,500,3.15718726987744,0.04195418105390146,500,0.05637834410495159,0.000749181804533809,500,nan,nan,0,18.1569919837034,0.009738530171621162,500,4.13568458306972,0.04320533727397407,500,17.6546965901,0.0,500,4.5,0.0,500,0.6037857142858848,0.01689833330722959,500,1.08950000000019,0.019773235684992438,500,0.1341746031746171,0.0037551851793785813,500,0.242111111111085,0.004394052374436597,500
6,3,4,0.5,10.0,5.0,0.42555365940630996,0.002708975682923914,500,0.260673244665724,1.0265967791826045e-05,500,0.0539695408104856,0.00035354321574393183,500,0.156656939532414,0.0023699501989951437,500,0.309477939292978,0.0032026572306334614,500,0.44250627213963195,0.0048526244494148975,500,2.7709732703158396,0.04055744896317354,500,0.049481665541354206,0.0007242401600565261,500,nan,nan,0,18.397597696741798,0.014974950341980637,500,5.033991645853221,0.05580738690427153,500,17.6546965901,0.0,500,4.5,0.0,500,0.5005000000001102,0.01667453970659746,500,0.92985714285761,0.020600389759408227,500,0.11122222222224885,0.0037054532681287692,500,0.20663492063490366,0.004577864390973154,500
6,3,4,0.5,10.0,6.0,0.41760679912877,0.0027027650820096293,500,0.26013915020620204,8.58630724906924e-05,500,0.066999058106071,0.001437242906534642,500,0.1328092067615348,0.0020696661226174548,500,0.270824636316948,0.0029702893995372155,500,0.503672642614048,0.004982099359712835,500,2.3789775983036203,0.03146616594796462,500,0.042481742826853,0.0005618958204994976,500,nan,nan,0,18.7447755237536,0.02090240981536167,500,6.14045466984038,0.0662649786830143,500,17.6546965901,0.0,500,4.5,0.0,500,0.3991428571428018,0.014610625219686577,500,0.7575000000004097,0.019025068809917375,500,0.08869841269843823,0.003246805604374318,500,0.16833333333333134,0.004227793068861632,500
6,3,4,0.5,10.0,7.0,0.411695040695002,0.0028005501009248954,500,0.25772795568383194,0.00028018359080091544,500,0.0847066587856524,0.0022229940753860228,500,0.12030983503848779,0.002001064700174465,500,0.248767152666802,0.0029060403711103975,500,0.5420442864003601,0.0050597801829585,500,2.1981411176234795,0.030197132376300995,500,0.039252519957564194,0.0005392345067194395,500,nan,nan,0,19.1209428678448,0.02847782939563859,500,7.161267659783159,0.0780918780694115,500,17.6546965901,0.0,500,4.5,0.0,500,0.3471428571427732,0.015115264740338585,500,0.6548571428574436,0.018645982179173876,500,0.0771428571428822,0.0033589477200770125,500,0.14552380952382563,0.0041435515953647025,500
6,3,4,0.5,10.0,8.0,0.412653297618228,0.002849192392430891,500,0.25460150908541196,0.0003966181444819906,500,0.1005516291633252,0.002474478556776754,500,0.1112200654517016,0.0017667436602419734,500,0.23364335167800998,0.0026433002862796115,500,0.5678583360566939,0.004911051737072211,500,2.0762101161328395,0.024179583634833232,500,0.0370751806452238,0.0004317782791934105,500,nan,nan,0,19.5208966818548,0.03607172164491152,500,8.13164405212024,0.08843715392636263,500,17.6546965901,0.0,500,4.5,0.0,500,0.31478571428563284,0.0135151661992714,500,0.6008571428573666,0.017175884303167254,500,0.06995238095239881,0.003003370266505454,500,0.13352380952382933,0.0038168631784747283,500
6,3,4,0.5,10.0,9.0,0.406910711349412,0.0027809079875524595,500,0.248550370104988,0.0005634116023586665,500,0.111968293704606,0.002536096262716013,500,0.1017162049892756,0.0018786817944911574,500,0.2168229957396996,0.002810798628567872,500,0.600490143034388,0.0052336875131317505,500,1.96668453015514,0.027978771684584465,500,0.035119366609916804,0.0004996209229388435,500,nan,nan,0,20.030121012972995,0.04472958531359665,500,9.24071175526106,0.10134416774480381,500,17.6546965901,0.0,500,4.5,0.0,500,0.261642857142796,0.013495512578643207,500,0.522357142857251,0.018126801913463303,500,0.058142857142871644,0.002999002795254402,500,0.11607936507938767,0.004028178202988305,500
6,3,4,0.5,10.0,10.0,0.40630830952733005,0.002922279504504476,500,0.24576772495006802,0.0005834333422296906,500,0.133841598060804,0.0033752704674182323,500,0.1016252634194212,0.0017132594418252957,500,0.215994185164432,0.002609823064873729,500,0.5995183251779459,0.004970033884216311,500,1.9666995738247401,0.024263356922080235,500,0.0351196352468678,0.0004332742307513361,500,nan,nan,0,20.444297087907604,0.054750742605545154,500,10.07865963624068,0.11144357857300378,500,17.6546965901,0.0,500,4.5,0.0,500,0.2903571428570384,0.013529692707567638,500,0.5302857142858183,0.016720395720871025,500,0.0645238095238232,0.003006598379461104,500,0.11784126984129477,0.0037156434935224046,500
6,3,4,0.5,10.0,11.0,0.404389716630772,0.0028468133140670967,500,0.24141503479771,0.0005568476449227734,500,0.177185005725456,0.004687652820735469,500,0.0931895267809574,0.001601884227216059,500,0.200630776768244,0.0023946545170128648,500,0.626380041489942,0.004749341294338407,500,1.8646346344857199,0.020777740091121294,500,0.0332970470443924,0.0003710310730556044,500,nan,nan,0,21.2186530858908,0.0601235749870786,500,11.58596536075274,0.11067420494838531,500,17.6546965901,0.0,500,4.5,0.0,500,0.2675714285713352,0.012730426551115852,500,0.47957142857145163,0.015269987173609447,500,0.059460317460341444,0.002828983678027401,500,0.10657142857146353,0.0033933304830219384,500
6,3,4,0.5,10.0,12.0,0.405308782194162,0.0029983185082676244,500,0.240445393828396,0.000629245393865385,500,0.196312170086547,0.005357160137786005,500,0.09202598353527919,0.0016361450855692183,500,0.19958171082982198,0.0025277694408695514,500,0.629383131733902,0.00485120342435731,500,1.86844960433556,0.022569125642294435,500,0.033365171505994794,0.00040302010075513365,500,nan,nan,0,21.6329468907834,0.06991424734350134,500,12.27372105932786,0.12733560534441607,500,17.6546965901,0.0,500,4.5,0.0,500,0.27028571428559567,0.012076680962013633,500,0.48035714285714554,0.015275902132573621,500,0.06006349206350832,0.0026837068804489955,500,0.1067460317460652,0.003394644918347668,500
6,3,4,0.5,10.0,13.0,0.409473841047082,0.0029485040996961114,500,0.239537514529864,0.0005707338156103618,500,0.2085347919388512,0.00544220136543206,500,0.0860769760153718,0.001483187854545153,500,0.1906400915684618,0.0023076532334236075,500,0.6449814831747921,0.004551836162070589,500,1.80039541114424,0.019659536747960015,500,0.0321499180561486,0.00035106315621328665,500,nan,nan,0,22.076467101807,0.08037961139516404,500,12.99735908739776,0.14138397556090576,500,17.6546965901,0.0,500,4.5,0.0,500,0.2319285714284934,0.011644420199315412,500,0.4677857142857448,0.014947147969572788,500,0.051539682539698296,0.002587648933182422,500,0.10395238095242004,0.0033215884376809725,500
6,3,4,0.5,10.0,14.0,0.40023752092303405,0.0029277065095639474,500,0.23903619621599198,0.0006206780133631369,500,0.23466031649135663,0.00604960484759139,500,0.0849625850879072,0.0015597864110788065,500,0.1881971328991904,0.0023984346704081744,500,0.649516412727158,0.004596045680577815,500,1.7954183068462197,0.020557000116586538,500,0.0320610411936822,0.0003670892877961769,500,nan,nan,0,22.669985924983404,0.09698761774512371,500,13.92809430029326,0.16104637622764037,500,17.6546965901,0.0,500,4.5,0.0,500,0.2239999999999132,0.011522172524956324,500,0.4593571428571362,0.014955231202820923,500,0.04977777777780428,0.0025604827833258154,500,0.10207936507940857,0.0033233847117368582,500
6,3,4,0.5,10.0,15.0,0.40505622700273,0.0029776838421471732,500,0.23710370357590402,0.0006270363450074731,500,0.24776008353215742,0.006105121351480476,500,0.08289168237498001,0.001468538554997557,500,0.18513704998868702,0.002271761582689163,500,0.653170715307562,0.004476640780075194,500,1.77797803877098,0.01840096981077384,500,0.0317496078351992,0.0003285887466208869,500,nan,nan,0,23.484461550676002,0.10718251469579802,500,15.19384846699106,0.1717010791830766,500,17.6546965901,0.0,500,4.5,0.0,500,0.23278571428561382,0.010668342665741556,500,0.438214285714281,0.013692326557313218,500,0.05173015873017686,0.002370742814611049,500,0.0973809523810045,0.0030427392349575855,500
6,4,4,0.6666666666666666,1.0,1.0,0.5195893683011961,0.0020566242610942013,500,0.501850012390584,8.642181508890709e-05,500,3.7091447674310403,0.005307167544929022,500,0.6973802965012099,0.0001923646225697441,500,0.828151178631648,0.00013226493056900534,500,0.0276840607456126,3.176993517655629e-05,500,37.445620746353995,0.03310600247351294,500,0.29718746624091197,0.00026274605137676255,500,nan,nan,0,3.0114888677806597,0.005376667615336109,500,1.203205184350262,0.013646753820577557,500,2.7464262493000002,1.9880163339351726e-17,500,5.333333333330001,3.976032667870345e-17,500,2.44352380952374,0.013290173444285867,500,4.26641269841322,0.006845497705477993,500,0.458160714285692,0.002491907520805718,500,0.799952380952364,0.0012835308197753172,500
6,4,4,0.6666666666666666,1.0,2.0,0.5225280884318261,0.0017672129330602291,500,0.50298996366728,0.0002789733613383279,500,4.27737446081922,0.016083738608597777,500,0.68082995982008,0.000941630210088837,500,0.81203694529139,0.0007019819379723834,500,0.031502301092162,0.00017916673869429776,500,33.98651144463741,0.13808419141084183,500,0.269734217814602,0.0010959062810392503,500,nan,nan,0,3.71758418118976,0.017991166768656305,500,2.45770382243714,0.02826954008177686,500,2.7464262493000002,1.9880163339351726e-17,500,5.333333333330001,3.976032667870345e-17,500,1.983269841269514,0.014967576488349245,500,3.6186349206344204,0.020285273824287756,500,0.371863095238038,0.002806420591561466,500,0.6784940476190521,0.0038034888420551637,500
6,4,4,0.6666666666666666,1.0,3.0,0.514629306361458,0.0019027445008658397,500,0.504205555544458,0.000655160157177563,500,4.85685695931934,0.025386724064491502,500,0.6396365405877621,0.0022572845753497093,500,0.771783789773574,0.0018320671726560055,500,0.042974437991872796,0.0005834529963047209,500,27.595622230969,0.2604961395920334,500,0.21901287484894577,0.002067429679300706,500,nan,nan,0,4.6002344081021205,0.03166983834725397,500,3.645406365303616,0.04080350907945156,500,2.7464262493000002,1.9880163339351726e-17,500,5.333333333330001,3.976032667870345e-17,500,1.671206349205554,0.016318651403103172,500,3.10749206349184,0.023737504037561388,500,0.313351190476142,0.003059747138076737,500,0.582654761904764,0.004450782007045144,500
6,4,4,0.6666666666666666,1.0,4.0,0.48721932432788195,0.002075564831296431,500,0.501177472486952,0.0011033992478086737,500,5.049223844005961,0.03179335653298433,500,0.567965774834818,0.003800770117805449,500,0.7045824465154019,0.003167613895696951,500,0.0687582625584382,0.0014176523376055376,500,20.1588176856979,0.30713726954052717,500,0.15999061655317018,0.0024375973773060394,500,nan,nan,0,5.73425275052562,0.043270724542710616,500,4.99873234659959,0.050761295212547526,500,2.7464262493000002,1.9880163339351726e-17,500,5.333333333330001,3.976032667870345e-17,500,1.3667301587297203,0.017908675192188125,500,2.599174603174442,0.02727452547742963,500,0.2562619047619134,0.003357876598534258,500,0.48734523809522207,0.0051139735270186734,500
6,4,4,0.6666666666666666,1.0,5.0,0.46829214969599003,0.002347362333160823,500,0.491413198117346,0.0013034642615422018,500,4.72093038322354,0.03595560560344905,500,0.504016849255678,0.004729262407079633,500,0.646936391366816,0.004065905752163633,500,0.09686308007848542,0.002156846693672309,500,15.763340658237459,0.31995470294300876,500,0.1251058782399658,0.0025393230392294582,500,nan,nan,0,6.70505130209832,0.05920979788018047,500,6.07870160106628,0.06660440067497189,500,2.7464262493000002,1.9880163339351726e-17,500,5.333333333330001,3.976032667870345e-17,500,1.2053015873014519,0.018383322953576114,500,2.306730158729918,0.029219110248448744,500,0.2259940476190662,0.0034468730537958363,500,0.43251190476192397,0.005478583171587309,500
6,4,4,0.6666666666666666,1.0,6.0,0.45161481747204196,0.0022710197902629328,500,0.482868259193708,0.0014179988631238284,500,4.3717500843494,0.04063201094930584,500,0.436952111182154,0.004854934217188194,500,0.5821114593897581,0.004462416148435193,500,0.1349009412970168,0.0030430373469380427,500,11.7212308399859,0.2561825171463872,500,0.093025641587184,0.0020331945805260087,500,nan,nan,0,7.902071990917181,0.07017879280088608,500,7.38187075986542,0.07577885645790255,500,2.7464262493000002,1.9880163339351726e-17,500,5.333333333330001,3.976032667870345e-17,500,1.0202539682539782,0.017255327397263903,500,1.971999999999802,0.02808293570593107,500,0.19129761904763923,0.0032353738869871605,500,0.36975000000000285,0.005265550444865495,500
6,4,4,0.6666666666666666,1.0,7.0,0.436616072537224,0.0022378933194413093,500,0.477517794656104,0.0015390685283824352,500,4.02257709105622,0.043882111105592266,500,0.385209178097956,0.005189888967159659,500,0.5268158304238819,0.004897121960564525,500,0.17456208054865657,0.003840312392531423,500,9.29633988089566,0.23933897204232302,500,0.07378047524519761,0.001899515651129043,500,nan,nan,0,9.08915867432878,0.0869630569549671,500,8.63552172277134,0.09252023451970555,500,2.7464262493000002,1.9880163339351726e-17,500,5.333333333330001,3.976032667870345e-17,500,0.8972380952380543,0.01701858059699447,500,1.7457142857145118,0.028526148764844505,500,0.16823214285717106,0.003190983861936756,500,0.32732142857143537,0.005348652893410269,500
6,4,4,0.6666666666666666,1.0,8.0,0.428275221775404,0.002258760625029466,500,0.47608382862344995,0.001651111023265345,500,3.6918382458775,0.046890539984014254,500,0.34373039844100856,0.005731357910668987,500,0.48133023161227,0.005567889754042558,500,0.216845869262701,0.004879971022850038,500,7.92033166197814,0.24721051505158165,500,0.0628597750950632,0.0019619882146952273,500,nan,nan,0,10.26426375278598,0.10467568362477091,500,9.860096262137958,0.11018564510930902,500,2.7464262493000002,1.9880163339351726e-17,500,5.333333333330001,3.976032667870345e-17,500,0.807873015873019,0.018190649671599283,500,1.5608253968255699,0.030667937709194758,500,0.15147619047624472,0.003410746813425752,500,0.29265476190475814,0.005750238320474768,500
6,4,4,0.6666666666666666,1.0,9.0,0.422165248658768,0.002080150131972377,500,0.470582421267012,0.0016893951415144022,500,3.3765324090138202,0.046768753329148254,500,0.31685882093015594,0.00534448136269347,500,0.45018452327716396,0.005369097588177434,500,0.24256143294940016,0.0053548054946420155,500,6.776222529811659,0.18930354092954566,500,0.053779543887384804,0.0015024090549957917,500,nan,nan,0,11.434723866584921,0.11568934895158377,500,11.076227455745062,0.12016910942993417,500,2.7464262493000002,1.9880163339351726e-17,500,5.333333333330001,3.976032667870345e-17,500,0.7706666666666352,0.016985229821623943,500,1.496634920635018,0.029412579662717733,500,0.14450000000006175,0.0031847305915548023,500,0.280619047619044,0.005514858686760057,500
6,4,4,0.6666666666666666,1.0,10.0,0.41985709333778404,0.002044494931190569,500,0.46760845886849206,0.0015715349580487058,500,3.09602697125027,0.04444518816137776,500,0.2819158156528516,0.00502630694192616,500,0.41207470260751,0.005237625531891689,500,0.28004799765322275,0.005736599257826316,500,5.70034118408522,0.16953856774837853,500,0.04524080304829759,0.0013455441884794208,500,nan,nan,0,12.64070466304622,0.1271736182832933,500,12.317748061905121,0.13118873326003905,500,2.7464262493000002,1.9880163339351726e-17,500,5.333333333330001,3.976032667870345e-17,500,0.6778095238094943,0.015671610804741606,500,1.3344444444445647,0.027832305983728885,500,0.12708928571437,0.0029384270258913654,500,0.25020833333333575,0.005218557371949794,500
6,4,4,0.6666666666666666,1.0,11.0,0.415297812044968,0.0021048836689348998,500,0.46968349031835205,0.001608606952878585,500,2.9572727707085398,0.04374296235673315,500,0.26300682084745924,0.004777432194768315,500,0.389275873075914,0.005055186404037429,500,0.30439093139983797,0.005902049335703089,500,5.0825896470647205,0.13540947518994434,500,0.040338013071944005,0.0010746783745232817,500,nan,nan,0,13.68100436558176,0.13710807376082604,500,13.383984961430082,0.1406860030935083,500,2.7464262493000002,1.9880163339351726e-17,500,5.333333333330001,3.976032667870345e-17,500,0.6313968253968315,0.01589057647444675,500,1.2618412698413903,0.026880753288139526,500,0.11838690476196445,0.002979483088959805,500,0.23659523809525299,0.005040141241526361,500
6,4,4,0.6666666666666666,1.0,12.0,0.41047377209003,0.0020647482250109434,500,0.46832930246553406,0.001724358191635671,500,2.7461526741677,0.04760873694375076,500,0.2399603933808764,0.004930132995366705,500,0.35840388713800225,0.005349414058962524,500,0.3444321839862154,0.0069047077098128365,500,4.5371573215573795,0.13053270600948402,500,0.036009185091721574,0.0010359738572178535,500,nan,nan,0,14.9521249808107,0.15953345833018764,500,14.678197185792099,0.16309704816527557,500,2.7464262493000002,1.9880163339351726e-17,500,5.333333333330001,3.976032667870345e-17,500,0.5737777777777312,0.015700659427940526,500,1.127365079365267,0.027210647252660942,500,0.10758333333339,0.0029438736427403094,500,0.21138095238096338,0.0051019963598740534,500
6,4,4,0.6666666666666666,1.0,13.0,0.408652312540558,0.0019685637048022773,500,0.46491523693897,0.0015462762446452065,500,2.543795730484384,0.04709797815871399,500,0.22375875105789522,0.004923340693490131,500,0.339683640883628,0.005408261179143962,500,0.3677863935122852,0.007158248782005636,500,4.2493989125447795,0.14681742302906556,500,0.03372538819479928,0.0011652176430881028,500,nan,nan,0,16.146755081948278,0.18035822618546432,500,15.88910656788244,0.18426668176680597,500,2.7464262493000002,1.9880163339351726e-17,500,5.333333333330001,3.976032667870345e-17,500,0.5407936507936331,0.014912252076325792,500,1.0783174603176349,0.02689825063839096,500,0.10139880952385232,0.00279604726431157,500,0.2021845238095303,0.005043421994699341,500
6,4,4,0.6666666666666666,1.0,14.0,0.40038182185800203,0.002124745957220011,500,0.461461960126204,0.0015708126243776503,500,2.2873567502308325,0.0439747493683302,500,0.19542539248469762,0.004457818409281683,500,0.30544879565273036,0.0049764368007073016,500,0.41126633833977017,0.00716566496957501,500,3.5646281999599,0.09943749655210925,500,0.028290699999679782,0.0007891864805721337,500,nan,nan,0,17.54232758103976,0.1805705656766893,500,17.31049553068578,0.18352702981148228,500,2.7464262493000002,1.9880163339351726e-17,500,5.333333333330001,3.976032667870345e-17,500,0.4920952380951768,0.015241004151842248,500,0.9470158730159692,0.025285004449284842,500,0.09226785714291749,0.0028576882784723296,500,0.1775654761904944,0.0047409383342396074,500
6,4,4,0.6666666666666666,1.0,15.0,0.403611469463664,0.0021831508979143275,500,0.46041263197473997,0.001594588706585889,500,2.1813428787171802,0.0408898242760793,500,0.1858807820562036,0.004278300450951981,500,0.2933934646691364,0.004795507979101819,500,0.427178965423484,0.007047626977801592,500,3.39130802132256,0.10373326703289047,500,0.02691514302637148,0.0008232798970867224,500,nan,nan,0,18.552225291735382,0.18430675141787342,500,18.3343206641809,0.18697792913615763,500,2.7464262493000002,1.9880163339351726e-17,500,5.333333333330001,3.976032667870345e-17,500,0.4585714285713262,0.014668244602111025,500,0.9008888888890697,0.024754910381516306,500,0.08598214285718876,0.002750295862897989,500,0.16891666666670258,0.004641545696532486,500
6,4,4,0.6666666666666666,2.0,1.0,0.518882573921966,0.001932728711138961,500,0.466365348733398,0.00013048765484946238,500,1.7313149152750003,0.0043015286271048695,500,0.600804937350484,0.000448196421576624,500,0.7423111150818181,0.00023954446416393424,500,0.055066641495675396,0.00013640346444884326,500,23.370143805002197,0.036841080350200055,500,0.185477331785708,0.00029238952658978826,500,nan,nan,0,5.63712589007752,0.002838717110711715,500,1.232995214036512,0.013392758969730514,500,5.4928524986000005,3.976032667870345e-17,500,5.333333333330001,3.976032667870345e-17,500,1.8188571428550762,0.01622559487731757,500,2.61482539682426,0.006472201658519017,500,0.341035714285728,0.003042299039507032,500,0.49027976190478,0.0012135378109753364,500
6,4,4,0.6666666666666666,2.0,2.0,0.5201203982095781,0.0018177130130993722,500,0.47517895836711205,0.00030139143572069214,500,2.1472374310916598,0.010524244500904016,500,0.59687430798592,0.000662330455923737,500,0.7313492321751359,0.0005222900243449069,500,0.05879080606147861,0.00025878736194040437,500,21.662527074011603,0.06696448332636563,500,0.17192481804771603,0.0005314641533843133,500,nan,nan,0,6.0337794566459,0.010228164910441274,500,2.4374716515303922,0.02633227525612142,500,5.4928524986000005,3.976032667870345e-17,500,5.333333333330001,3.976032667870345e-17,500,1.306158730159428,0.01617358730975649,500,2.4106349206350197,0.01245919951366507,500,0.24490476190478397,0.003032547620581853,500,0.451994047619042,0.0023360999088159287,500
6,4,4,0.6666666666666666,2.0,3.0,0.508964973949882,0.0018244024014214021,500,0.480875879881802,0.0004585346999755576,500,2.56382443142726,0.014404023243054311,500,0.56695824494604,0.001763945222302634,500,0.69605238997894,0.001559699565839915,500,0.0734115189782784,0.0007137128139533248,500,18.07222118298896,0.1399771870459513,500,0.1434303268491092,0.0011109300559196628,500,nan,nan,0,6.6686521496402005,0.022301497628745937,500,3.70401890874174,0.0407327151239183,500,5.4928524986000005,3.976032667870345e-17,500,5.333333333330001,3.976032667870345e-17,500,1.1353650793663381,0.01519261272144351,500,2.1627936507938004,0.01514216658429416,500,0.21288095238098878,0.002848614885265501,500,0.405523809523776,0.002839156234551383,500
6,4,4,0.6666666666666666,2.0,4.0,0.48539428918869,0.0021005421464184264,500,0.48601256472729804,0.0006409180097171628,500,2.9264901907878604,0.01808628766462234,500,0.514880798754534,0.002703328081938252,500,0.6427289412592601,0.0023897282733592357,500,0.0997676114863022,0.001263073010571064,500,14.15429782509372,0.16147185631371658,500,0.11233569702455719,0.0012815226691564759,500,nan,nan,0,7.49177010400958,0.03286831451132981,500,5.02286557159702,0.05035136846565895,500,5.4928524986000005,3.976032667870345e-17,500,5.333333333330001,3.976032667870345e-17,500,1.0208253968266119,0.014259972212411544,500,1.9716190476187598,0.013571681204712036,500,0.19140476190479938,0.0026737447898210784,500,0.369678571428522,0.002544690225879236,500
6,4,4,0.6666666666666666,2.0,5.0,0.46928998439248804,0.0022112731273075817,500,0.488653298040614,0.0008825109556785341,500,3.18570824963844,0.022481883787037873,500,0.465032332645128,0.0034641380415016557,500,0.593247907909938,0.003255302231764007,500,0.13000037808811601,0.002033884138819706,500,11.57996424174078,0.17578078661798366,500,0.0919044781090492,0.001395085608078824,500,nan,nan,0,8.319008107495781,0.04774814494811401,500,6.1649314680841,0.06588004680000235,500,5.4928524986000005,3.976032667870345e-17,500,5.333333333330001,3.976032667870345e-17,500,0.9355873015883519,0.012827433977317492,500,1.795999999999458,0.01626748595937291,500,0.1754226190476328,0.0024051438707405936,500,0.336749999999912,0.0030501536173776836,500
6,4,4,0.6666666666666666,2.0,6.0,0.460012689594978,0.0022110441492848407,500,0.489117801546576,0.0010652571010406294,500,3.3812053301641,0.023547431436767227,500,0.417228948596218,0.003801469675509591,500,0.544706989413076,0.0036429249207770944,500,0.16236212767630281,0.0025406613787596903,500,9.4052438299295,0.16191592413227343,500,0.0746447923010124,0.0012850470169219546,500,nan,nan,0,9.32557082788104,0.06089432163834839,500,7.456225300231719,0.07817940997720031,500,5.4928524986000005,3.976032667870345e-17,500,5.333333333330001,3.976032667870345e-17,500,0.8501587301594279,0.013191480223358911,500,1.6540317460308702,0.016143547948011733,500,0.15940476190477898,0.002473402541875056,500,0.31013095238091803,0.003026915240248227,500
6,4,4,0.6666666666666666,2.0,7.0,0.44485806413001794,0.002198830285672726,500,0.48680898545144197,0.0013187990418537428,500,3.3534549924455197,0.027111083096788446,500,0.373705824948296,0.004059762882782046,500,0.501881810118104,0.003966198049627365,500,0.1959578205971818,0.003201041603124909,500,7.89022734747016,0.15494771789510364,500,0.0626208519640524,0.0012297437928186464,500,nan,nan,0,10.33066506175746,0.07875988197357728,500,8.658767497418742,0.09676442747302412,500,5.4928524986000005,3.976032667870345e-17,500,5.333333333330001,3.976032667870345e-17,500,0.765809523810172,0.013515805982929384,500,1.5077777777769,0.016806743328950206,500,0.14358928571428617,0.0025342136217923993,500,0.2827083333332966,0.0031512643741766697,500
6,4,4,0.6666666666666666,2.0,8.0,0.43315274163843004,0.002185472366023071,500,0.484719066747868,0.0014686874249679382,500,3.2875225960331,0.02859533489818348,500,0.3388651924210624,0.004243228756489808,500,0.46568696291342193,0.004142778894818034,500,0.22771396591261378,0.0037087833172864595,500,6.7519439934265995,0.13652287433757646,500,0.053586857090682005,0.0010835148756943621,500,nan,nan,0,11.29572834540562,0.09034922997379724,500,9.79442274412718,0.10560126621931368,500,5.4928524986000005,3.976032667870345e-17,500,5.333333333330001,3.976032667870345e-17,500,0.693809523809922,0.012712200660980508,500,1.407968253967848,0.018078276103632357,500,0.13008928571429082,0.002383537623928797,500,0.263994047619018,0.0033896767694285177,500
6,4,4,0.6666666666666666,2.0,9.0,0.42726107541838804,0.002264967201278151,500,0.48314593246815196,0.001562278253618987,500,3.144112176517824,0.02868338762452912,500,0.30268181480676837,0.004258165326610905,500,0.427343891755908,0.004315245494236375,500,0.2642331975208798,0.004264359784658108,500,5.779511719568161,0.12862431238953212,500,0.045869140631495796,0.0010208278761079182,500,nan,nan,0,12.506098059279298,0.1093316522681897,500,11.1533356124365,0.1250163636335446,500,5.4928524986000005,3.976032667870345e-17,500,5.333333333330001,3.976032667870345e-17,500,0.6467301587304725,0.012353166547324887,500,1.274095238095044,0.017804888693279397,500,0.12126190476190274,0.0023162187276188524,500,0.23889285714287758,0.0033384166299907938,500
6,4,4,0.6666666666666666,2.0,10.0,0.425232996995606,0.0020103238029891305,500,0.48081255891694996,0.001592079261975162,500,3.0516674106838018,0.03053846898476814,500,0.2801660823633614,0.004177980069813538,500,0.40209171194292204,0.004320615621072728,500,0.2904556299260502,0.004745726144271599,500,5.15305325818858,0.10701097942727092,500,0.040897248080863605,0.0008492934875181739,500,nan,nan,0,13.411570439096721,0.11832259309014509,500,12.16386828950804,0.1322324052387144,500,5.4928524986000005,3.976032667870345e-17,500,5.333333333330001,3.976032667870345e-17,500,0.5969841269842803,0.012072853443649221,500,1.20488888888867,0.018260108364842584,500,0.11193452380951313,0.0022636600206813184,500,0.2259166666666856,0.003423770318410353,500
6,4,4,0.6666666666666666,2.0,11.0,0.41634206081133396,0.002243503465274057,500,0.47369233966898,0.0016228791261003854,500,2.80282777697765,0.031889204608482505,500,0.24728807348579618,0.004106047489988369,500,0.366352265247972,0.004379625858277181,500,0.332169268977356,0.005363380496075327,500,4.4183446370300405,0.09117915574533367,500,0.0350662272780186,0.0007236440932170802,500,nan,nan,0,14.727619940928001,0.13599582668359023,500,13.598317994051019,0.14878294406845308,500,5.4928524986000005,3.976032667870345e-17,500,5.333333333330001,3.976032667870345e-17,500,0.541746031746075,0.011738478824185057,500,1.0732063492062442,0.01752162351121135,500,0.101577380952378,0.002200964779532654,500,0.2012261904762132,0.0032853044083533275,500
6,4,4,0.6666666666666666,2.0,12.0,0.415480623274618,0.0020752048901757237,500,0.473686883018754,0.0016988977433179757,500,2.628879815230886,0.03199244122718239,500,0.227442199258872,0.004104471643240202,500,0.343042862892088,0.004489039164578408,500,0.36137457707460624,0.0056825575112841985,500,4.0494102073847005,0.09206291055099108,500,0.032138176249083,0.0007306580202458545,500,nan,nan,0,15.97337965163204,0.1492347220539434,500,14.93275614272022,0.16204760079589606,500,5.4928524986000005,3.976032667870345e-17,500,5.333333333330001,3.976032667870345e-17,500,0.5223492063492658,0.011931791393120032,500,1.0246349206349405,0.018079869404701972,500,0.09794047619048292,0.0022372108862075473,500,0.19211904761907056,0.003389975513382435,500
6,4,4,0.6666666666666666,2.0,13.0,0.412624614956404,0.0020436145808837873,500,0.4713768787271,0.0016265931959450564,500,2.4813509309992496,0.0321661064660318,500,0.21047374619173037,0.00381658630638374,500,0.3219556634845056,0.004202822170681979,500,0.38607233214651104,0.00569439015397098,500,3.6410383968656403,0.07517200524208742,500,0.028897130133853338,0.0005966032162066715,500,nan,nan,0,17.07928619068116,0.15852458361886634,500,16.11776348042228,0.1692147392579324,500,5.4928524986000005,3.976032667870345e-17,500,5.333333333330001,3.976032667870345e-17,500,0.47768253968255636,0.011553177189840298,500,0.9622857142857221,0.017487372642613637,500,0.08956547619048397,0.0021662207230926157,500,0.18042857142860674,0.0032788823704898397,500
6,4,4,0.6666666666666666,2.0,14.0,0.41079012578956803,0.0019151917078209537,500,0.468540113407758,0.0016777262695632604,500,2.343752821706986,0.03267083388083948,500,0.201848649695608,0.003963746060941263,500,0.310718973792382,0.00447662453940397,500,0.4030492363415406,0.006078104581859241,500,3.5524946817378593,0.0868884535508331,500,0.0281944022360168,0.0006895909011973937,500,nan,nan,0,18.00275650367734,0.17733194100852256,500,17.0786886522674,0.18959966849237722,500,5.4928524986000005,3.976032667870345e-17,500,5.333333333330001,3.976032667870345e-17,500,0.4633968253968452,0.011519458754643237,500,0.9165714285712744,0.017895211499132316,500,0.08688690476191553,0.002159898516493643,500,0.17185714285716994,0.003355352156088273,500
6,4,4,0.6666666666666666,2.0,15.0,0.406614361223488,0.001989985609953294,500,0.46997509057193204,0.0017271562992680267,500,2.2618262978494257,0.03208337642448424,500,0.1906944965495382,0.003801121442786129,500,0.2973398252870548,0.0043339199661377595,500,0.42078231576760855,0.006250980460416615,500,3.31302574586016,0.07404526134334048,500,0.02629385512587568,0.0005876608043120167,500,nan,nan,0,19.0680333759466,0.1932996477763467,500,18.19951018535626,0.20436768619550963,500,5.4928524986000005,3.976032667870345e-17,500,5.333333333330001,3.976032667870345e-17,500,0.45053968253964694,0.011226358356869576,500,0.8826031746030542,0.01751576882705194,500,0.0844761904761879,0.0021049421919120876,500,0.16548809523813707,0.003284206655074044,500
6,4,4,0.6666666666666666,3.0,1.0,0.503234523048342,0.0019187672264412334,500,0.454659815637628,8.107590677059336e-05,500,0.796459178866792,0.0023886965688143247,500,0.505316438472718,0.0008542830798266246,500,0.646058923359828,0.0004334892786885195,500,0.112481598385702,0.0004028012366835973,500,17.158613318655,0.049050350852924716,500,0.136179470782982,0.00038928849883187376,500,nan,nan,0,8.33308785162292,0.0018619349380599695,500,1.2134518313409062,0.01296700330822476,500,8.239278747909998,7.95206533574069e-17,500,5.333333333330001,3.976032667870345e-17,500,1.817777777773982,0.016654272956814535,500,2.3046666666660998,0.000781102570173269,500,0.34083333333340876,0.0031226761794032926,500,0.43212500000004594,0.0001464567319056742,500
6,4,4,0.6666666666666666,3.0,2.0,0.498398432399554,0.0018839856235278152,500,0.463360936895098,0.0002321759259712396,500,1.013216002012556,0.005739447878073603,500,0.48796321109303403,0.001032303722852476,500,0.6272215926618839,0.0007419808912048301,500,0.11789647754804901,0.00046572545440130977,500,14.36129647996772,0.07824435260361387,500,0.11397854349179519,0.0006209869254246473,500,nan,nan,0,8.61783680096742,0.0073094174426626,500,2.463652982648636,0.026044173496250284,500,8.239278747909998,7.95206533574069e-17,500,5.333333333330001,3.976032667870345e-17,500,1.134412698411636,0.019259682194755177,500,1.907333333333982,0.015310841177773649,500,0.2127023809523266,0.0036111904115251835,500,0.35762500000001207,0.002870782720841462,500
6,4,4,0.6666666666666666,3.0,3.0,0.490422697512886,0.0018516966026173628,500,0.470573033636614,0.00033141497023841043,500,1.34592260672678,0.012633366375884462,500,0.46554366120109003,0.001301001343677425,500,0.595727184209036,0.0013309829041323184,500,0.131416371074859,0.0008060048391611994,500,11.5574648918698,0.09818757590854876,500,0.09172591184025441,0.0007792664754654135,500,nan,nan,0,9.07960817283618,0.01610406325009949,500,3.7253173058687663,0.040164799363442596,500,8.239278747909998,7.95206533574069e-17,500,5.333333333330001,3.976032667870345e-17,500,0.8577777777775046,0.017735420481666694,500,1.681142857143322,0.014034439374179603,500,0.16083333333334407,0.0033253913403152834,500,0.315214285714276,0.00263145738266421,500
6,4,4,0.6666666666666666,3.0,4.0,0.47408105343585,0.0018648937044697107,500,0.475883960557956,0.0005073744092753339,500,1.647790979324242,0.015191872893862694,500,0.43594941093784195,0.0020237694846559446,500,0.557830189074944,0.0020251024759733102,500,0.15384064084567,0.0013551927854663038,500,9.52840995699624,0.105408552027199,500,0.0756223012460046,0.0008365758097399286,500,nan,nan,0,9.68273106157518,0.027435909932870744,500,4.97114436710184,0.05542515678432491,500,8.239278747909998,7.95206533574069e-17,500,5.333333333330001,3.976032667870345e-17,500,0.8045714285715072,0.01612646614734335,500,1.5328253968253642,0.013856978979979567,500,0.1508571428571664,0.0030237124026281093,500,0.28740476190478603,0.0025981835587485817,500
6,4,4,0.6666666666666666,3.0,5.0,0.460517736924666,0.0020083339811650057,500,0.478926255149606,0.0006436019505534251,500,1.822211281531114,0.014815803826319819,500,0.400832780108922,0.002558066295528182,500,0.5206296821890001,0.0024955522554819397,500,0.181896957083644,0.0019018026621137353,500,8.11087696969246,0.10395329545790828,500,0.0643720394420002,0.0008250261544277989,500,nan,nan,0,10.33387297717404,0.03873763829530576,500,6.1107027364642725,0.06805824151669299,500,8.239278747909998,7.95206533574069e-17,500,5.333333333330001,3.976032667870345e-17,500,0.740634920634911,0.014369488542933427,500,1.44088888888868,0.01290848409484353,500,0.13886904761907118,0.0026942791018014505,500,0.27016666666670197,0.0024203407677840048,500
6,4,4,0.6666666666666666,3.0,6.0,0.449437221138022,0.0020621145659773183,500,0.483617965950826,0.0007481040590508743,500,1.998848107997356,0.016434587540495572,500,0.368317598754276,0.0029613662557276934,500,0.485773887719912,0.002802436454185761,500,0.209341801370524,0.0023709759340505366,500,6.99050284445786,0.0931853321193539,500,0.0554801813052152,0.0007395661279310288,500,nan,nan,0,11.12784475230944,0.0501940636417783,500,7.36225891701198,0.07750571448383557,500,8.239278747909998,7.95206533574069e-17,500,5.333333333330001,3.976032667870345e-17,500,0.7310476190477992,0.014840157125196225,500,1.372380952380498,0.012972835559142037,500,0.1370714285714524,0.0027825294609733864,500,0.257321428571444,0.0024324066673398113,500
6,4,4,0.6666666666666666,3.0,7.0,0.441645035661286,0.001935118905280007,500,0.48700191831536604,0.0009148904308696747,500,2.16884484944614,0.02042219259231623,500,0.333768418554826,0.0032129860332381008,500,0.45004135848426396,0.003135301681971904,500,0.24283565751961403,0.0029029957108216557,500,6.08441203824562,0.09104454512133961,500,0.048288984430523,0.0007225757549312473,500,nan,nan,0,12.09209213449724,0.06727679213017909,500,8.72166705686764,0.09521685896625483,500,8.239278747909998,7.95206533574069e-17,500,5.333333333330001,3.976032667870345e-17,500,0.6640952380952894,0.014420827549814694,500,1.2937460317458,0.01359277612935249,500,0.12451785714285248,0.002703905165589936,500,0.242577380952384,0.002548645524257521,500
6,4,4,0.6666666666666666,3.0,8.0,0.43279555901900396,0.0020334614262752368,500,0.484174052748822,0.0010323894857779997,500,2.2376985681211634,0.021640608178410372,500,0.302717616128088,0.0032450469445556964,500,0.42091977715897805,0.003261378263960405,500,0.2722962009773,0.0033480234641445642,500,5.367574949289679,0.08230078255577396,500,0.0425998011848374,0.0006531808139347649,500,nan,nan,0,12.806994711137639,0.07923878336118198,500,9.6693438751339,0.10753479074752635,500,8.239278747909998,7.95206533574069e-17,500,5.333333333330001,3.976032667870345e-17,500,0.6021269841269797,0.013565849928089522,500,1.1995873015872138,0.01348878902087988,500,0.11289880952382816,0.0025435968615167915,500,0.2249226190476122,0.00252914794141697,500
6,4,4,0.6666666666666666,3.0,9.0,0.426422356468382,0.002063929704148152,500,0.48668946718989203,0.0011624071460415604,500,2.337642121792494,0.021086974323316042,500,0.280690988310872,0.003359326256571618,500,0.39508618544706,0.0033148114660692223,500,0.29853779178317,0.003593901077137778,500,4.836296943544359,0.07659597806265717,500,0.038383309075746594,0.0006079045877988847,500,nan,nan,0,13.85552733602282,0.0946852643974118,500,11.009704949430201,0.12136502145381121,500,8.239278747909998,7.95206533574069e-17,500,5.333333333330001,3.976032667870345e-17,500,0.5888571428571099,0.013699383263844357,500,1.1281269841269779,0.013667694382701757,500,0.1104107142857292,0.0025686343619711017,500,0.2115238095238294,0.002562692696755945,500
6,4,4,0.6666666666666666,3.0,10.0,0.422833679563126,0.001921957918601465,500,0.4843890052812241,0.0013545419522756111,500,2.321685997954216,0.02201205040253045,500,0.259047886203374,0.003266990738956892,500,0.37451055811934,0.0033247056060761644,500,0.321976057877632,0.0037487687580745055,500,4.42138725876494,0.06917045374499081,500,0.0350903750695636,0.0005489718551189072,500,nan,nan,0,14.6767430962874,0.10644607122091714,500,12.0157912458309,0.132766815626326,500,8.239278747909998,7.95206533574069e-17,500,5.333333333330001,3.976032667870345e-17,500,0.5124761904761584,0.012595893939257306,500,1.0723492063492899,0.013395449144143964,500,0.0960892857142688,0.0023617301136097117,500,0.20106547619047122,0.002511646714527891,500
6,4,4,0.6666666666666666,3.0,11.0,0.41725395073750005,0.0020087590203821384,500,0.485735135948446,0.0015181576433879287,500,2.349029903185412,0.02342018816468689,500,0.23481229181910998,0.003256214821726984,500,0.345929615285436,0.003420156275459855,500,0.353867258343716,0.004133459944184783,500,3.9515851942133,0.06639556114475416,500,0.0313617872556588,0.0005269488979741666,500,nan,nan,0,15.9324868782909,0.12050530081002268,500,13.51591937503888,0.14522865340271643,500,8.239278747909998,7.95206533574069e-17,500,5.333333333330001,3.976032667870345e-17,500,0.514412698412674,0.012809450591941442,500,0.979682539682582,0.013367507633777568,500,0.09645238095235828,0.002401771985987516,500,0.1836904761904988,0.0025064076813347044,500
6,4,4,0.6666666666666666,3.0,12.0,0.415253195047036,0.002082489260685379,500,0.482706873858118,0.0015764686166589736,500,2.2578972524223984,0.022448457976921438,500,0.22264877604340563,0.0035880184338849003,500,0.332897036920688,0.0037576381520812575,500,0.37269680117043996,0.004612122418609501,500,3.78246777857892,0.07050082551483229,500,0.0300195855442774,0.000559530361228632,500,nan,nan,0,16.98289373871014,0.14282629613120945,500,14.708443131381781,0.16972181759143817,500,8.239278747909998,7.95206533574069e-17,500,5.333333333330001,3.976032667870345e-17,500,0.4606666666665518,0.012750820615319272,500,0.9483492063491961,0.014348620462576088,500,0.08637499999999115,0.002390778865371943,500,0.1778154761904688,0.002690366336735431,500
6,4,4,0.6666666666666666,3.0,13.0,0.41278839476474,0.0020543015316365925,500,0.480185888204788,0.0017251533991900127,500,2.175154817571192,0.024118772056562737,500,0.20354233105331496,0.0030738115738481054,500,0.312506324621474,0.003303086759221548,500,0.396802431829378,0.004402012248313908,500,3.4174458790087,0.05410747761584962,500,0.0271225863413376,0.00042942442552242955,500,nan,nan,0,17.86243301189884,0.1488189508515934,500,15.730121408638839,0.17219246510450253,500,8.239278747909998,7.95206533574069e-17,500,5.333333333330001,3.976032667870345e-17,500,0.4470158730158348,0.011660941277402602,500,0.892412698412822,0.013232797756822932,500,0.08381547619045597,0.0021864264895108125,500,0.1673273809523858,0.0024811495794046447,500
6,4,4,0.6666666666666666,3.0,14.0,0.41072274578115003,0.0019309761925082921,500,0.47847706469561796,0.0016660054771620468,500,2.115364192383504,0.02238429039041006,500,0.19263501479191017,0.0030100350551407595,500,0.29919095315962796,0.0032798399193032235,500,0.41381759592218204,0.004673006620616202,500,3.21936830812376,0.04810028096090019,500,0.0255505421279646,0.0003817482615943494,500,nan,nan,0,19.045634894729805,0.16213913430994584,500,17.0701559969569,0.18227315951851858,500,8.239278747909998,7.95206533574069e-17,500,5.333333333330001,3.976032667870345e-17,500,0.44561904761899745,0.011421388230788438,500,0.871682539682588,0.013222877740632098,500,0.08355357142857525,0.002141510293271766,500,0.16344047619046778,0.002479289576369606,500
6,4,4,0.6666666666666666,3.0,15.0,0.40717593999875396,0.002008297815197207,500,0.47301207122081,0.001632576469041585,500,2.05043894928417,0.02433823543088541,500,0.17438324729854401,0.0028982280023271607,500,0.2773863100533598,0.0033825858896897967,500,0.445686785654344,0.0050495988081574366,500,2.97348613950022,0.051470782589187435,500,0.02359909634524228,0.0004084982745169481,500,nan,nan,0,20.44109174314136,0.17942811582424745,500,18.601514710468198,0.20020629524613326,500,8.239278747909998,7.95206533574069e-17,500,5.333333333330001,3.976032667870345e-17,500,0.4193650793649898,0.011533984908446449,500,0.8159365079366122,0.013470739488812037,500,0.07863095238095044,0.0021626221703334317,500,0.1529880952380947,0.00252576365415159,500
6,4,4,0.6666666666666666,4.0,1.0,0.50282689535904,0.0018708926916413268,500,0.45419319951805404,7.172684518207545e-06,500,0.435659010449972,0.0005060956642145521,500,0.46058985302994,0.0012459485377473746,500,0.5958708509595281,0.0007023461570182589,500,0.154786070958924,0.0007176273481098637,500,15.2792492012656,0.053017203933129115,500,0.1212638825497268,0.00042077145978631537,500,nan,nan,0,11.058851227115799,0.0014604603047055627,500,1.234498993011452,0.01339643367780701,500,10.985704997200001,7.95206533574069e-17,500,5.333333333330001,3.976032667870345e-17,500,1.79174603174225,0.01673617124315163,500,2.28571428571,0.0,500,0.3359523809524392,0.003138032108091288,500,0.42857142857099995,2.4850204174189658e-18,500
6,4,4,0.6666666666666666,4.0,2.0,0.48596171048348197,0.00189165220896758,500,0.457934526854362,0.00019499912587185535,500,0.51966993607111,0.0028679710696482117,500,0.41485387761785397,0.0013971914385050583,500,0.5551874701347399,0.0011288959536796587,500,0.18186169218308,0.0008635800212831488,500,11.798703260643,0.09425879484183385,500,0.09364050206860619,0.0007480856733474044,500,nan,nan,0,11.2690789609762,0.005838183327727919,500,2.435655364464404,0.027992891902349094,500,10.985704997200001,7.95206533574069e-17,500,5.333333333330001,3.976032667870345e-17,500,1.1461587301578005,0.01980516785525959,500,1.830952380950026,0.01579168494669927,500,0.21490476190471622,0.003713468972868756,500,0.34330357142859996,0.0029609409275150912,500
6,4,4,0.6666666666666666,4.0,3.0,0.47216757912428603,0.0018405818814793166,500,0.46546945692451996,0.0002851204869232349,500,0.6769669519077679,0.006738534311755475,500,0.384688684787918,0.0016169363043321804,500,0.51671563297435,0.0015957963044727962,500,0.198168630968566,0.0011105122326966028,500,8.88700613418386,0.10339670798231398,500,0.0705317947157408,0.0008206087935101783,500,nan,nan,0,11.6311206008598,0.013364942676001917,500,3.713552117925512,0.04237240751043891,500,10.985704997200001,7.95206533574069e-17,500,5.333333333330001,3.976032667870345e-17,500,0.8233650793650253,0.01883306889782196,500,1.4519682539681362,0.01860978109797539,500,0.15438095238091037,0.0035312004183405904,500,0.2722440476190734,0.0034893339558779426,500
6,4,4,0.6666666666666666,4.0,4.0,0.4622046234682661,0.00189296886198865,500,0.470295518876942,0.00034203377723430637,500,0.8490641745354199,0.010228234283393634,500,0.360259093365528,0.0017362550229086651,500,0.48556702291822407,0.001903925261337468,500,0.21805009830865402,0.0015275388464233042,500,7.30921581091006,0.09144429730286473,500,0.058009649292942396,0.0007257483912932422,500,nan,nan,0,12.065935255911198,0.02205489683270664,500,4.85958972212392,0.055339901882001545,500,10.985704997200001,7.95206533574069e-17,500,5.333333333330001,3.976032667870345e-17,500,0.6836190476191041,0.01728595960386069,500,1.3075555555562959,0.0169312693110186,500,0.12817857142857325,0.0032411174257222773,500,0.24516666666668,0.0031746129958180125,500
6,4,4,0.6666666666666666,4.0,5.0,0.45047198776705205,0.0018976471519840117,500,0.473354739463362,0.0004544373595243527,500,1.053121553101698,0.013177952366597741,500,0.33798741641538405,0.001929870762037262,500,0.45477431516717604,0.0020570545263275293,500,0.24081934089046,0.001854295769577109,500,6.130690961948181,0.07720909941127409,500,0.0486562774757814,0.000612770630248076,500,nan,nan,0,12.6020318290136,0.03005866720736813,500,6.038571679238522,0.06505743142096598,500,10.985704997200001,7.95206533574069e-17,500,5.333333333330001,3.976032667870345e-17,500,0.6361269841269345,0.01620890631673871,500,1.2103809523823839,0.016064900616090342,500,0.11927380952382582,0.0030391699343890743,500,0.2269464285714754,0.0030121688655130575,500
6,4,4,0.6666666666666666,4.0,6.0,0.442876313228408,0.00199627829365501,500,0.47778907634015194,0.0006101606952233022,500,1.233882888827178,0.014126595660327267,500,0.31091551900940195,0.002278192206907709,500,0.42191413625277596,0.0023033041723103807,500,0.27014530258959996,0.00234375682849188,500,5.2577320250502195,0.0646336266942193,500,0.0417280319448422,0.000512965291224033,500,nan,nan,0,13.3433712407282,0.04216150419225935,500,7.4310994386900004,0.07786764295543303,500,10.985704997200001,7.95206533574069e-17,500,5.333333333330001,3.976032667870345e-17,500,0.585047619047598,0.014343417725256661,500,1.132793650795092,0.01478854173203462,500,0.10969642857142292,0.002689390823484269,500,0.2123988095238534,0.0027728515747497038,500
6,4,4,0.6666666666666666,4.0,7.0,0.43368164848915003,0.0019594433584665116,500,0.478063676525814,0.0007329643417009612,500,1.2848533081281022,0.014927783974208105,500,0.292957402189364,0.0024913627612473278,500,0.404815408262578,0.002555711377102017,500,0.287505150162986,0.0026352976957750556,500,4.98259930241404,0.06971203838620846,500,0.0395444389080514,0.000553270145921963,500,nan,nan,0,13.9678973091132,0.058723432572632954,500,8.435920748630858,0.09982403757133658,500,10.985704997200001,7.95206533574069e-17,500,5.333333333330001,3.976032667870345e-17,500,0.599079365079303,0.01429775157066415,500,1.1223492063505942,0.014293995401442359,500,0.11232738095240268,0.002680828419499613,500,0.21044047619049638,0.002680124137764828,500
6,4,4,0.6666666666666666,4.0,8.0,0.42786723127302195,0.0019045283726776218,500,0.482783603952068,0.0008432419010508596,500,1.431865929626676,0.015955141816767552,500,0.265886228186048,0.0027413757642300355,500,0.37391633945699,0.002703556539784673,500,0.32284464358468595,0.00313156514046025,500,4.33171133265928,0.05893076405640691,500,0.034378661370312,0.0004677044766381726,500,nan,nan,0,14.818068815558199,0.06925743646401683,500,9.771079059453939,0.10789443006025431,500,10.985704997200001,7.95206533574069e-17,500,5.333333333330001,3.976032667870345e-17,500,0.51780952380946,0.013582913153452135,500,1.025682539683688,0.01419996097858262,500,0.09708928571427973,0.0025467962162714617,500,0.1923154761904838,0.00266249268347825,500
6,4,4,0.6666666666666666,4.0,9.0,0.421918852285632,0.0018589780458178188,500,0.483865201128426,0.001035277368122533,500,1.526414362367204,0.018271427599066165,500,0.24609986316183,0.0027157199375041495,500,0.353618787182038,0.0026919537749946895,500,0.34593492764744804,0.003261617047924101,500,3.99390321762232,0.05560569338031583,500,0.0316976445843014,0.00044131502682754123,500,nan,nan,0,15.786331658120599,0.08528797504013455,500,11.154163425501462,0.1245186042243329,500,10.985704997200001,7.95206533574069e-17,500,5.333333333330001,3.976032667870345e-17,500,0.5023492063491592,0.013653302979702542,500,0.97400000000116,0.014181011833656196,500,0.09419047619049235,0.00255999430869388,500,0.1826250000000222,0.002658939718803331,500
6,4,4,0.6666666666666666,4.0,10.0,0.414391988874642,0.001834123014316818,500,0.483807272512414,0.0010912330573130437,500,1.632677269938544,0.019493416996183153,500,0.2225315633450102,0.0024446321928864373,500,0.328385941034142,0.0025334657498284714,500,0.37683394846435203,0.003347384631817405,500,3.57830634185102,0.04329304563542365,500,0.028399256681356403,0.000343595600281334,500,nan,nan,0,16.727542746873198,0.0906801608280765,500,12.471338344565039,0.1241719253095013,500,10.985704997200001,7.95206533574069e-17,500,5.333333333330001,3.976032667870345e-17,500,0.4710158730158266,0.01205723993063398,500,0.92380952381057,0.013704092824003474,500,0.08831547619047844,0.0022607324869929023,500,0.17321428571430642,0.00256951740449511,500
6,4,4,0.6666666666666666,4.0,11.0,0.417072711008606,0.002014111014179677,500,0.486018050992368,0.0011939213403145451,500,1.647096484971492,0.019272077144371853,500,0.213084587840979,0.002768346912031138,500,0.318144852044224,0.002861471394433846,500,0.391698838206736,0.0038349820260764273,500,3.4768764358607602,0.04859857071482971,500,0.0275942574274682,0.00038570294218138985,500,nan,nan,0,17.5323196214678,0.11611273958754156,500,13.4721569282206,0.1545898102292779,500,10.985704997200001,7.95206533574069e-17,500,5.333333333330001,3.976032667870345e-17,500,0.45961904761897937,0.012650010817805134,500,0.898603174603984,0.014095990330466192,500,0.08617857142857822,0.0023718770283378317,500,0.168488095238117,0.002642998186956461,500
6,4,4,0.6666666666666666,4.0,12.0,0.41144884637130796,0.001982168913964832,500,0.48528679692172805,0.0012485101166395177,500,1.7414064516516943,0.019978236361493696,500,0.1929463415681372,0.0024994512885808617,500,0.295309754546798,0.0026621060390558757,500,0.42122576602355194,0.003763486559449818,500,3.1325651403065,0.040151431183347026,500,0.024861628097673602,0.00031866215224881386,500,nan,nan,0,18.6954996539348,0.12229012711440891,500,14.96535476259838,0.15723457179900324,500,10.985704997200001,7.95206533574069e-17,500,5.333333333330001,3.976032667870345e-17,500,0.4313015873014918,0.01177029413039234,500,0.840761904762664,0.013209621524687418,500,0.080869047619072,0.002206930149449428,500,0.15764285714286383,0.00247680403587258,500
6,4,4,0.6666666666666666,4.0,13.0,0.414325334889242,0.001982833782605937,500,0.484594448756766,0.001397179333256122,500,1.7297068506867301,0.02054496577049469,500,0.18936452776553078,0.0026467865297119474,500,0.28958040080126396,0.002864339660903604,500,0.42966842238950603,0.0041665723451308045,500,3.08838876478598,0.041304094436106324,500,0.0245110219427456,0.0003278102733024603,500,nan,nan,0,19.379180108692,0.13657287768474136,500,15.79485638480676,0.17161756950603346,500,10.985704997200001,7.95206533574069e-17,500,5.333333333330001,3.976032667870345e-17,500,0.422793650793577,0.012118054151678723,500,0.81682539682605,0.01370962569231928,500,0.07927380952381463,0.0022721351534394,500,0.1531547619047714,0.0025705548173044043,500
6,4,4,0.6666666666666666,4.0,14.0,0.41186676947128603,0.0019633018518790428,500,0.48471623090649996,0.0015450578458569217,500,1.7154320355078039,0.020219088519133083,500,0.17895499170056478,0.0027872656093082195,500,0.27914193310422397,0.0029782834126545013,500,0.44575279914987603,0.004234279895264292,500,2.98187047525094,0.04831460036381749,500,0.023665638692469,0.0003834492092369981,500,nan,nan,0,20.295232482346,0.15057792637304052,500,16.875648869517796,0.18853620662444634,500,10.985704997200001,7.95206533574069e-17,500,5.333333333330001,3.976032667870345e-17,500,0.4024761904760782,0.012040258355038228,500,0.789428571429208,0.01308689492771081,500,0.07546428571430255,0.0022575484415704255,500,0.14801785714284502,0.00245379279893997,500
6,4,4,0.6666666666666666,4.0,15.0,0.40280170389392006,0.0018726980510083736,500,0.480333642123846,0.0015326418351374604,500,1.6938742867674559,0.020417523822474824,500,0.1661633262193786,0.0024638319445040753,500,0.26554453822478796,0.0027368455227326782,500,0.46410304416722803,0.0041183496884853584,500,2.78804023951376,0.03742618083081562,500,0.0221273034882068,0.0002970331811969878,500,nan,nan,0,21.476765035608402,0.1676013307217755,500,18.277356696569537,0.20279098254983188,500,10.985704997200001,7.95206533574069e-17,500,5.333333333330001,3.976032667870345e-17,500,0.37015873015861733,0.010671521835094901,500,0.755174603175186,0.012785041531442467,500,0.06940476190476495,0.002000910344079674,500,0.14159523809524,0.0023971952871400123,500
6,4,4,0.6666666666666666,5.0,1.0,0.497673348055284,0.0019536278636260404,500,0.454426447319908,4.081322097662113e-06,500,0.283905249398228,0.00015405600125446546,500,0.44281728723304203,0.001465153693444213,500,0.571554724705526,0.000820807842799906,500,0.17867247429620198,0.0009747355856935059,500,14.525852934935,0.05271525326984038,500,0.115284547102652,0.0004183750259521133,500,nan,nan,0,13.789386754492,0.00116692873579345,500,1.219377591969156,0.013396697563453503,500,13.732131246499998,7.95206533574069e-17,500,5.333333333330001,3.976032667870345e-17,500,1.8228571428533378,0.01714964185911696,500,2.28571428571,0.0,500,0.341785714285758,0.003215557848584856,500,0.42857142857099995,2.4850204174189658e-18,500
6,4,4,0.6666666666666666,5.0,2.0,0.482893387548692,0.0019074276038839983,500,0.455393232671194,0.00010869720463017066,500,0.311569306139594,0.0012641165435692645,500,0.375119057393312,0.0017285858270142556,500,0.514205473610848,0.0014785162570179625,500,0.22620018417167798,0.001274263489132793,500,10.65142222843542,0.09887045450869678,500,0.08453509705107438,0.0007846861468946716,500,nan,nan,0,13.9628047893716,0.004581233954881476,500,2.4594262527248603,0.026490985596808337,500,13.732131246499998,7.95206533574069e-17,500,5.333333333330001,3.976032667870345e-17,500,1.1104761904753282,0.020424595069954997,500,1.79999999999621,0.016797819865957665,500,0.20821428571425402,0.0038296115756247056,500,0.3375000000000491,0.0031495912248669183,500
6,4,4,0.6666666666666666,5.0,3.0,0.46617037393544203,0.0019964665816648614,500,0.46153336696985,0.0002497775178477411,500,0.37159646914057204,0.002760322464481621,500,0.333526249284732,0.0018681420228050024,500,0.465231570775082,0.0018727082746245317,500,0.255381752320476,0.0015277731394275041,500,7.69887427376878,0.10070133843844142,500,0.061102176775942596,0.0007992169717337351,500,nan,nan,0,14.2453681786298,0.00998758042252637,500,3.6957071193136,0.038784409793941196,500,13.732131246499998,7.95206533574069e-17,500,5.333333333330001,3.976032667870345e-17,500,0.8101587301587083,0.018350399667616268,500,1.42215873015635,0.01843607989449645,500,0.1519047619047136,0.0034406999376752844,500,0.26665476190475634,0.0034567649802314327,500
6,4,4,0.6666666666666666,5.0,4.0,0.45029897755063203,0.0019154528400774163,500,0.466845387827708,0.0002834171757488488,500,0.467682226896434,0.005124285089550781,500,0.300366143591394,0.0019264126930162002,500,0.424295296683876,0.0021561600759490355,500,0.28384429793429006,0.0019096308526236495,500,5.87146289560698,0.09252463431949659,500,0.046598911869897994,0.0007343224945994431,500,nan,nan,0,14.611432914757,0.0174857093973244,500,4.858049074962474,0.05435856061249259,500,13.732131246499998,7.95206533574069e-17,500,5.333333333330001,3.976032667870345e-17,500,0.5882539682539916,0.01687232563735197,500,1.1382222222210003,0.01940273375132238,500,0.1102976190476282,0.0031635610570023244,500,0.2134166666666208,0.003638012578383384,500
6,4,4,0.6666666666666666,5.0,5.0,0.44050106761986396,0.0018552065676629554,500,0.47085102334131,0.00030631949682134903,500,0.602505517973734,0.008042172967350644,500,0.27719698119092007,0.002027894843119848,500,0.391629168405208,0.0022008420726776297,500,0.31035827385967996,0.0023691645869562935,500,4.7951693044421395,0.07057426190580128,500,0.038056899241601806,0.0005601131897283856,500,nan,nan,0,15.116428731489801,0.026489265562719615,500,6.1713052441135,0.06640073158807175,500,13.732131246499998,7.95206533574069e-17,500,5.333333333330001,3.976032667870345e-17,500,0.5212698412698717,0.01593356774383601,500,1.0094285714281424,0.017955472002136912,500,0.0977380952380895,0.002987543951966638,500,0.18926785714287156,0.003366651000405777,500
6,4,4,0.6666666666666666,5.0,6.0,0.42810499800535795,0.0018706102928937314,500,0.474546349591814,0.0004720256592457094,500,0.779749950765498,0.01175268497607197,500,0.260009592425704,0.001857049040786142,500,0.367197300957578,0.002007874966203543,500,0.331803319688634,0.002370913600806858,500,4.193569746816459,0.05141241350821808,500,0.0332822995779072,0.0004080350278430275,500,nan,nan,0,15.7584910150512,0.0353339811027537,500,7.5838462377984195,0.07579747513981809,500,13.732131246499998,7.95206533574069e-17,500,5.333333333330001,3.976032667870345e-17,500,0.5058412698412392,0.014833516144097413,500,0.9871428571430619,0.015937868913249522,500,0.09484523809524449,0.0027812842770166446,500,0.1850892857143274,0.0029883504212343467,500
6,4,4,0.6666666666666666,5.0,7.0,0.427351901143028,0.0019170505810944486,500,0.47602416989095797,0.0005714460441198177,500,0.862194414692234,0.012100566488577238,500,0.244161564364114,0.002198700114616743,500,0.348467589033276,0.0023153970620917283,500,0.354200416375344,0.0029183602020827096,500,3.88127862270774,0.053021113975563215,500,0.0308037985929192,0.0004208024918693651,500,nan,nan,0,16.329454057487602,0.04746236915402831,500,8.65117091145136,0.09348484462791055,500,13.732131246499998,7.95206533574069e-17,500,5.333333333330001,3.976032667870345e-17,500,0.4721904761904052,0.014142319421009122,500,0.94165079365117,0.015779394738867428,500,0.08853571428571128,0.002651684891438176,500,0.1765595238095548,0.002958636513536666,500
6,4,4,0.6666666666666666,5.0,8.0,0.427137078886386,0.0018621606260007435,500,0.47815498832700803,0.0006700838285299167,500,0.9282181201181339,0.012427774968814519,500,0.23269034367586,0.0022001775630174757,500,0.33514284711981,0.0022690914027712534,500,0.36881650107997,0.0030286967302419047,500,3.655170366385,0.04557122928682389,500,0.029009288622103398,0.0003616764229113486,500,nan,nan,0,16.9483965963528,0.05860880048114118,500,9.74209468246062,0.10481752986885626,500,13.732131246499998,7.95206533574069e-17,500,5.333333333330001,3.976032667870345e-17,500,0.46815873015871595,0.014132488340290787,500,0.90028571428631,0.016064036150210494,500,0.08777976190477355,0.0026498415638020784,500,0.168803571428601,0.00301200677816231,500
6,4,4,0.6666666666666666,5.0,9.0,0.419532474747636,0.0018757394715869177,500,0.480031619634924,0.0008011944721835963,500,1.010859825512402,0.013365535792069214,500,0.218856323421186,0.0023664624095837,500,0.319093650819762,0.0024661295180931865,500,0.389441735339378,0.003344031283391766,500,3.44905093816546,0.046130931314851235,500,0.0273734201441696,0.0003661185024988615,500,nan,nan,0,17.7035039688764,0.07589737259485271,500,10.93835642917892,0.12716602693716306,500,13.732131246499998,7.95206533574069e-17,500,5.333333333330001,3.976032667870345e-17,500,0.4458095238095108,0.013660300020817166,500,0.8745396825402061,0.01489452789600742,500,0.08358928571430742,0.002561306253901603,500,0.16397619047621279,0.0027927239804979463,500
6,4,4,0.6666666666666666,5.0,10.0,0.415092329084466,0.0018159638362995204,500,0.48120922508036595,0.0008966209489578968,500,1.0537570035791919,0.013272897223436957,500,0.1980352518473542,0.0022595819690586455,500,0.299052101835056,0.0023677319763664006,500,0.417787516983932,0.003506913028896612,500,3.1402990631514998,0.03854178391266339,500,0.0249230084377098,0.000305887173910073,500,nan,nan,0,18.584449418940398,0.08758785913397213,500,12.314439341342801,0.134246656625795,500,13.732131246499998,7.95206533574069e-17,500,5.333333333330001,3.976032667870345e-17,500,0.3846349206348632,0.012211581517092864,500,0.8055873015876228,0.014129496437146777,500,0.07211904761907284,0.002289671534454741,500,0.151047619047638,0.0026492805819636864,500
6,4,4,0.6666666666666666,5.0,11.0,0.413090961344888,0.0018622955086217041,500,0.481540227275622,0.0010652154845929899,500,1.151050037439938,0.016506688066148256,500,0.1889605662736648,0.002295687526593158,500,0.28759526425169996,0.0024008869089471706,500,0.43248058491543806,0.0035153738003809785,500,3.0373776496862397,0.04093245761816561,500,0.024106171822908203,0.00032486077474710767,500,nan,nan,0,19.398985843692802,0.10301166153557485,500,13.476528309144141,0.15133009301542272,500,13.732131246499998,7.95206533574069e-17,500,5.333333333330001,3.976032667870345e-17,500,0.42911111111103717,0.012783315981346943,500,0.8173015873020042,0.014072983215905882,500,0.08045833333334809,0.002396871746501948,500,0.15324404761905241,0.002638684352979681,500
6,4,4,0.6666666666666666,5.0,12.0,0.41143462974558204,0.0018892131279804613,500,0.483592425816418,0.0010650496387568692,500,1.2318613365627842,0.01732731220024369,500,0.1782115112777032,0.0022097982163408435,500,0.274665606928302,0.002368168692291501,500,0.45247487576138,0.003538203449922689,500,2.8731719228540196,0.03630939474157678,500,0.0228029517686824,0.0002881697995364999,500,nan,nan,0,20.261366642524,0.11159049605417011,500,14.67534085688566,0.1601582843795416,500,13.732131246499998,7.95206533574069e-17,500,5.333333333330001,3.976032667870345e-17,500,0.3988888888888416,0.011942906306512915,500,0.7538730158733604,0.013692186341099864,500,0.07479166666668668,0.0022392949324703455,500,0.1413511904761782,0.002567284938952493,500
6,4,4,0.6666666666666666,5.0,13.0,0.40870154748423,0.0019643522077351762,500,0.486329725469606,0.0011232790808251116,500,1.2504428807859458,0.017119304432787447,500,0.1672436816447524,0.0021805912712906865,500,0.262900817976092,0.00236257317161244,500,0.4696926867583441,0.003746919953700254,500,2.7253982023405,0.03126960581264024,500,0.021630144463019804,0.0002481714747034784,500,nan,nan,0,21.1871751914182,0.12639294940468473,500,15.916783012955541,0.1731043691743767,500,13.732131246499998,7.95206533574069e-17,500,5.333333333330001,3.976032667870345e-17,500,0.3678095238094342,0.011509681321496277,500,0.7200634920638104,0.013445428611066365,500,0.06896428571429782,0.0021580652477803607,500,0.1350119047618998,0.0025210178645719812,500
6,4,4,0.6666666666666666,5.0,14.0,0.410487633404206,0.0019005364236200299,500,0.48743917353094796,0.0012631149231926077,500,1.324249472432388,0.01747532757977275,500,0.15810784704536038,0.0021610597991797843,500,0.251178275453798,0.0023666356107523547,500,0.486862500760408,0.0038369841173701057,500,2.6232537770530597,0.031711365581195125,500,0.020819474421056403,0.0002516775046127666,500,nan,nan,0,22.332620881373803,0.134878078839878,500,17.40935454899296,0.17999530736978728,500,13.732131246499998,7.95206533574069e-17,500,5.333333333330001,3.976032667870345e-17,500,0.3509523809522934,0.010807495485390568,500,0.7192698412700782,0.013772074827493326,500,0.06580357142858402,0.002026405403509906,500,0.13486309523807422,0.002582264030152865,500
6,4,4,0.6666666666666666,5.0,15.0,0.40483242117626195,0.002000159229527879,500,0.48581639553989,0.0013680116488397269,500,1.334038018372898,0.018323333871686,500,0.1505796972479938,0.002233002136774151,500,0.24269627919481804,0.0024534482170199086,500,0.501877413010606,0.004093946035269808,500,2.52626736111268,0.02993287451514154,500,0.020049740961213203,0.00023756249615182538,500,nan,nan,0,23.0898972562522,0.1540416128920167,500,18.35071750443116,0.19851035539410353,500,13.732131246499998,7.95206533574069e-17,500,5.333333333330001,3.976032667870345e-17,500,0.3432380952380206,0.011451544595860213,500,0.6720952380954865,0.013031640974257156,500,0.06435714285715594,0.002147164611723081,500,0.1260178571428592,0.002443432682670442,500
6,4,4,0.6666666666666666,6.0,1.0,0.48319967405155595,0.002003084277484662,500,0.45456702900208595,2.8084776117068974e-06,500,0.200311908613654,8.123456500166845e-05,500,0.42807863501983795,0.0014266889036740663,500,0.553878102901042,0.0008253181593856274,500,0.19703359293845,0.0010048588696173854,500,14.004808936682398,0.05226294963169036,500,0.111149277275272,0.00041478531453804213,500,nan,nan,0,16.5280398396534,0.0009581030064887388,500,1.244575179658674,0.013031062254213315,500,16.478557495800004,1.590413067148138e-16,500,5.333333333330001,3.976032667870345e-17,500,1.7993650793612979,0.015856950230845396,500,2.28571428571,0.0,500,0.33738095238103993,0.002973178168284667,500,0.42857142857099995,2.4850204174189658e-18,500
6,4,4,0.6666666666666666,6.0,2.0,0.48489593603207,0.0019655176363376848,500,0.45463552852307404,4.202375503645656e-05,500,0.20873223904476398,0.00038564044741677325,500,0.359724768153984,0.0018934618551039195,500,0.49576127091769,0.0016084413153930686,500,0.24779959191089398,0.0014745293094066167,500,10.34417966265868,0.09800136530072466,500,0.08209666398935621,0.0007777886134974829,500,nan,nan,0,16.668977899413395,0.003852544435550007,500,2.440318291787814,0.027016654490678825,500,16.478557495800004,1.590413067148138e-16,500,5.333333333330001,3.976032667870345e-17,500,1.1530158730149123,0.01962921192697862,500,1.8349206349168101,0.01622599542890119,500,0.2161904761904288,0.003680477236317058,500,0.3440476190476852,0.003042374142918688,500
6,4,4,0.6666666666666666,6.0,3.0,0.460733137026318,0.0020774506617497806,500,0.45836656160165,0.00020922230692566336,500,0.23624477253669,0.0014918321674972207,500,0.30681517851409795,0.002176149227145666,500,0.436747198705056,0.0021944802026907743,500,0.29037571044951604,0.0019552373612772116,500,7.20919750290686,0.10525815962934332,500,0.0572158531976752,0.000835382219280884,500,nan,nan,0,16.900215574344198,0.008549487773317833,500,3.6475295955512803,0.04020067255633266,500,16.478557495800004,1.590413067148138e-16,500,5.333333333330001,3.976032667870345e-17,500,0.821206349206318,0.019126269109206614,500,1.4029206349184,0.01928215689242521,500,0.1539761904761672,0.0035861754579758886,500,0.26304761904760904,0.0036154044173431943,500
6,4,4,0.6666666666666666,6.0,4.0,0.44333319794117804,0.0020830297580803686,500,0.464435125260544,0.00028301518241524807,500,0.290778825868126,0.0027632972931267976,500,0.264888681591602,0.0021523197821899545,500,0.38527580530358,0.0023832060513097426,500,0.33177649407906,0.0023906367826873405,500,5.21116703351622,0.08835223932562117,500,0.0413584685199678,0.0007012082486163075,500,nan,nan,0,17.2509541321586,0.014695315179452263,500,4.9801149584915,0.05218236326708379,500,16.478557495800004,1.590413067148138e-16,500,5.333333333330001,3.976032667870345e-17,500,0.5885714285714905,0.017302341669990777,500,1.0916507936499624,0.019888437417694627,500,0.11035714285714181,0.0032441890631208295,500,0.2046845238094954,0.003729082015824698,500
6,4,4,0.6666666666666666,6.0,5.0,0.436353768147412,0.001983172412328906,500,0.468756142814148,0.00030163400033363287,500,0.351327190901958,0.004520158599795473,500,0.241651644141258,0.0020992803760798793,500,0.354128637099614,0.002377860185523322,500,0.359879412893874,0.0027245412206543295,500,4.293788039322401,0.07070897107782999,500,0.034077682851768,0.0005611823101414476,500,nan,nan,0,17.6660498466036,0.023702418640505516,500,6.20175526402612,0.06884434252102573,500,16.478557495800004,1.590413067148138e-16,500,5.333333333330001,3.976032667870345e-17,500,0.5202857142857961,0.017112598250965467,500,0.9357777777773328,0.019443042289359395,500,0.0975535714285636,0.003208612172051928,500,0.17545833333330985,0.003645570429258481,500
6,4,4,0.6666666666666666,6.0,6.0,0.42594987033113796,0.001851387425227524,500,0.471624803531216,0.00031592088492779025,500,0.448025727136748,0.007043839929749214,500,0.222158610943234,0.001997473769421843,500,0.32828033376935,0.0022653213304366713,500,0.38625102870893396,0.002826906154650503,500,3.6830675300627,0.05966675383951534,500,0.0292306946830374,0.0004735456653928095,500,nan,nan,0,18.1672321568472,0.032041432753762644,500,7.46793768798806,0.08067443465790358,500,16.478557495800004,1.590413067148138e-16,500,5.333333333330001,3.976032667870345e-17,500,0.416444444444411,0.014463559603693653,500,0.8594285714282676,0.018023648433307254,500,0.07808333333333331,0.00271191742569031,500,0.16114285714286078,0.0033794340812491053,500
6,4,4,0.6666666666666666,6.0,7.0,0.421681142722112,0.0019008845746673114,500,0.473788409074416,0.0004106326585433614,500,0.570180313567772,0.010219191150232742,500,0.21184224189565798,0.0019789478509802333,500,0.311503799073632,0.00218505582669851,500,0.403416372771402,0.0030558620399255975,500,3.35613604657224,0.04577744121002137,500,0.026636000369622402,0.0003633130254762702,500,nan,nan,0,18.741422681180996,0.042133652791011465,500,8.73331460560716,0.09297067949129877,500,16.478557495800004,1.590413067148138e-16,500,5.333333333330001,3.976032667870345e-17,500,0.42215873015870103,0.013726048767792225,500,0.8203492063491794,0.016981983056702215,500,0.07915476190477247,0.002573634143959347,500,0.15381547619050337,0.003184121823132077,500
6,4,4,0.6666666666666666,6.0,8.0,0.418477589544688,0.0019496287157886316,500,0.4761555910058099,0.0005800079361596192,500,0.6682418468713779,0.011791940044303966,500,0.20119422317171598,0.0020123375090736755,500,0.29807058653678803,0.0021407726962858332,500,0.417624154294434,0.0031176722741408968,500,3.1746949444479,0.041337829731010856,500,0.025195991622602398,0.00032807801373820386,500,nan,nan,0,19.419150522234602,0.05406518468515325,500,10.05731840007774,0.10845513386730907,500,16.478557495800004,1.590413067148138e-16,500,5.333333333330001,3.976032667870345e-17,500,0.42187301587300785,0.013900027633911762,500,0.8436507936507527,0.01601286328472584,500,0.07910119047620727,0.0026062551813569564,500,0.15818452380955533,0.003002411865887472,500
6,4,4,0.6666666666666666,6.0,9.0,0.41580134985761996,0.0018740936565245442,500,0.47749253266259,0.0006728899379079104,500,0.711366847931782,0.01131231988376981,500,0.18852161388110242,0.0020627278071985457,500,0.283697369968954,0.0022203089028073,500,0.43848808214495605,0.003361424037517331,500,2.97506944376744,0.04406386938710236,500,0.0236116622521212,0.0003497132491039184,500,nan,nan,0,20.028668951642402,0.06467247104563052,500,11.15884997260352,0.11988531466631923,500,16.478557495800004,1.590413067148138e-16,500,5.333333333330001,3.976032667870345e-17,500,0.40825396825387283,0.013697562491835845,500,0.7794285714287033,0.016403410381370744,500,0.07654761904762811,0.002568292967218588,500,0.14614285714287245,0.0030756394465065113,500
6,4,4,0.6666666666666666,6.0,10.0,0.41327880995549005,0.0018213407020198245,500,0.477358634620966,0.0007812830229804664,500,0.7342637405838139,0.01139740267389624,500,0.1812829239552984,0.0020843065387171557,500,0.276325845044454,0.0022723760619211258,500,0.44930057517299,0.003519950510980838,500,2.8916328047469206,0.04046921799473216,500,0.022949466704341,0.00032118426979943363,500,nan,nan,0,20.5397523328246,0.07759450003441129,500,11.99716153080398,0.13733154203245201,500,16.478557495800004,1.590413067148138e-16,500,5.333333333330001,3.976032667870345e-17,500,0.388666666666614,0.0135338808459727,500,0.7573968253967472,0.01581800666232056,500,0.07287500000002592,0.0025376026586195997,500,0.1420119047619371,0.0029658762491874212,500
6,4,4,0.6666666666666666,6.0,11.0,0.40883002987844397,0.001930191474899799,500,0.47953569432570203,0.0008298475613502263,500,0.79413047547171,0.011522474147363066,500,0.16518198513820562,0.0019618517484761,500,0.25736319421132803,0.0021436826399728382,500,0.479324919741144,0.0035695897094571378,500,2.6409963824935403,0.03303432044104879,500,0.020960288749946203,0.00026217714635741533,500,nan,nan,0,21.460933722111,0.08892459608936011,500,13.503814283247978,0.14589714990337338,500,16.478557495800004,1.590413067148138e-16,500,5.333333333330001,3.976032667870345e-17,500,0.3502857142856452,0.011915442526741218,500,0.6916825396826208,0.014645272498734228,500,0.06567857142859407,0.002234145473763619,500,0.12969047619048124,0.0027459885935117116,500
6,4,4,0.6666666666666666,6.0,12.0,0.40845411142904403,0.0018631629124112013,500,0.482873735913418,0.000898959049756016,500,0.817528031088758,0.011574267323686337,500,0.15754076998429378,0.002004252594420561,500,0.24947169955415596,0.002188080462458664,500,0.49172272271391404,0.003694878011330499,500,2.5641231229761403,0.031525114464926576,500,0.0203501835156854,0.0002501993211502305,500,nan,nan,0,22.2076907507056,0.10655263421587882,500,14.6142267137966,0.16586705060122817,500,16.478557495800004,1.590413067148138e-16,500,5.333333333330001,3.976032667870345e-17,500,0.33273015873007605,0.011760383659971623,500,0.6774920634920834,0.014484360669888969,500,0.0623869047619233,0.002205071936244444,500,0.1270297619047645,0.0027158176256037105,500
6,4,4,0.6666666666666666,6.0,13.0,0.40665865909999604,0.0019128249049167841,500,0.481010710762126,0.0009852295799235096,500,0.907307712582966,0.013456143677292032,500,0.1498863176554114,0.0019317829610378992,500,0.23937976897490199,0.002099722203311772,500,0.5060397469542499,0.003637979365923315,500,2.4691744747702002,0.028560596599739297,500,0.0195966228156356,0.00022667140158513237,500,nan,nan,0,23.095679895572196,0.1148780316885417,500,15.93108744633976,0.17136321042133926,500,16.478557495800004,1.590413067148138e-16,500,5.333333333330001,3.976032667870345e-17,500,0.32942857142850396,0.011577719521577644,500,0.6598730158730772,0.014069016594832269,500,0.06176785714288695,0.0021708224102959827,500,0.12372619047620736,0.0026379406115306144,500
6,4,4,0.6666666666666666,6.0,14.0,0.40688139835958204,0.0018142928868816858,500,0.48288463273735,0.0010626872774614873,500,0.954164156887364,0.015470314025667743,500,0.1473702265082556,0.0020363830090497836,500,0.235395459360688,0.002211689789144912,500,0.512727821707024,0.003881026765376737,500,2.44921681599682,0.030193325169567794,500,0.0194382286983844,0.000239629564837881,500,nan,nan,0,23.892502992917603,0.12755622531070732,500,17.033566995849622,0.1861187924077549,500,16.478557495800004,1.590413067148138e-16,500,5.333333333330001,3.976032667870345e-17,500,0.341968253968216,0.012106977506568025,500,0.6532380952381626,0.014594470755896068,500,0.0641190476190638,0.002270058282480284,500,0.12248214285714076,0.0027364632667289343,500
6,4,4,0.6666666666666666,6.0,15.0,0.40322327578844797,0.0018844941571000643,500,0.486017049739326,0.0010912392820729294,500,0.9907282032914341,0.01504842879741748,500,0.1381457049974986,0.0018550018021783385,500,0.22467751011960602,0.002024774071832076,500,0.529040300987052,0.003634364737890705,500,2.3332278383920197,0.02418608678173456,500,0.0185176812570802,0.00019195306969625305,500,nan,nan,0,24.7425661936576,0.14407141753692038,500,18.18813289593558,0.20120417334591933,500,16.478557495800004,1.590413067148138e-16,500,5.333333333330001,3.976032667870345e-17,500,0.3213968253967504,0.010920908628160808,500,0.6329206349206579,0.013295405530834727,500,0.06026190476192423,0.0020476703677796836,500,0.11867261904762148,0.0024928885370311435,500
6,4,4,0.6666666666666666,7.0,1.0,0.47711159373733597,0.001907918051401496,500,0.45466712884217997,2.117688630858912e-06,500,0.14871199871136798,5.342898750886902e-05,500,0.41809782054447797,0.0014366788330822885,500,0.541912185186168,0.000841742161139117,500,0.21075053108198397,0.0010792841056939061,500,13.713253999505199,0.051399285314968665,500,0.1088353492024374,0.0004079308358330478,500,nan,nan,0,19.267978920568,0.0008445937790563797,500,1.2517994606943201,0.013307354008687511,500,19.224983745099998,1.590413067148138e-16,500,5.333333333330001,3.976032667870345e-17,500,1.799999999996208,0.015883191699589388,500,2.28571428571,0.0,500,0.3375000000001084,0.0029780984436746927,500,0.42857142857099995,2.4850204174189658e-18,500
6,4,4,0.6666666666666666,7.0,2.0,0.478214260831634,0.001850538961404914,500,0.45462578393888003,4.574420465899388e-06,500,0.15277150100675396,0.0001206081003033263,500,0.34841897327333005,0.001955913547177414,500,0.48150146262955196,0.0016875485551961784,500,0.26389811851864997,0.0015644340995567638,500,9.963971522885622,0.09782170739339983,500,0.079079139070546,0.0007763627570911794,500,nan,nan,0,19.387433397300804,0.0032204851020889206,500,2.437512804790806,0.025959751950316474,500,19.224983745099998,1.590413067148138e-16,500,5.333333333330001,3.976032667870345e-17,500,1.142222222221358,0.01961675821998753,500,1.796825396821608,0.01652691351501143,500,0.2141666666666258,0.0036781421662545975,500,0.3369047619048304,0.0030987962840649357,500
6,4,4,0.6666666666666666,7.0,3.0,0.457039085874466,0.0019061834829794083,500,0.456599192188358,0.00015101001265668278,500,0.165689006992572,0.0008045826055670626,500,0.28706201272269,0.0022794755647266175,500,0.41439176348983403,0.0023040318488977436,500,0.316595094846508,0.0022005995356878948,500,6.7072351903672,0.10100511190793537,500,0.053232025320375596,0.0008016278722851312,500,nan,nan,0,19.6087330184306,0.0074747416333947984,500,3.76050943040652,0.03976028928522518,500,19.224983745099998,1.590413067148138e-16,500,5.333333333330001,3.976032667870345e-17,500,0.7886984126984767,0.018605186210567993,500,1.373714285712176,0.01881751866743434,500,0.147880952380924,0.0034884724144791817,500,0.25757142857142584,0.0035282847501568234,500
6,4,4,0.6666666666666666,7.0,4.0,0.43879575665446197,0.0019784258692367627,500,0.46134189085288596,0.0002488407403313172,500,0.19281823326791797,0.0016843814302477944,500,0.24680517322971002,0.0022631982335933752,500,0.36535497593327,0.0024727289244620442,500,0.35863575295802197,0.002632764280971355,500,4.95880334430666,0.0839634481804271,500,0.039355582097668,0.0006663765728601987,500,nan,nan,0,19.884193589570803,0.012712202902554584,500,4.952042073188781,0.051802624954500755,500,19.224983745099998,1.590413067148138e-16,500,5.333333333330001,3.976032667870345e-17,500,0.6091428571429349,0.01699235275166055,500,1.0970158730151123,0.019560425543737898,500,0.1142142857142648,0.003186066140931929,500,0.2056904761904454,0.0036675797894574814,500
6,4,4,0.6666666666666666,7.0,5.0,0.428988268416844,0.0019968719182383394,500,0.46569554558255594,0.0002814974181902348,500,0.224206791835878,0.0024782155101808192,500,0.22102627465297597,0.0021378114892777176,500,0.33133872655507,0.002408825320236396,500,0.39156204125807803,0.002901542185049452,500,4.02441375088788,0.06588812446035185,500,0.031939791673713,0.000522921622701548,500,nan,nan,0,20.216402179970398,0.018529574218850636,500,6.10881235545422,0.06261915172759201,500,19.224983745099998,1.590413067148138e-16,500,5.333333333330001,3.976032667870345e-17,500,0.5004444444445508,0.015260789369424405,500,0.9385714285711244,0.01857420151345238,500,0.0938333333333394,0.0028613980067639135,500,0.17598214285709318,0.003482662783774118,500
6,4,4,0.6666666666666666,7.0,6.0,0.426038519783032,0.002032108799400162,500,0.469323159206524,0.0002974902266165832,500,0.27352985390398205,0.003758503925523707,500,0.20266485236792603,0.002240216863904954,500,0.30434905981022004,0.0025383530403605987,500,0.421096411527966,0.003475130618736701,500,3.46247350286262,0.059453164095851475,500,0.027479948435420197,0.00047185050869727983,500,nan,nan,0,20.6715744355538,0.027589751266005418,500,7.41401997405164,0.07915046757442186,500,19.224983745099998,1.590413067148138e-16,500,5.333333333330001,3.976032667870345e-17,500,0.4565714285715028,0.01570114514765675,500,0.8249523809522222,0.01877312816648923,500,0.08560714285714138,0.0029439647151825003,500,0.154678571428541,0.0035199615312174275,500
6,4,4,0.6666666666666666,7.0,7.0,0.420922773947088,0.0019768665984842507,500,0.47169056466649795,0.0003237983911584526,500,0.33263678373553396,0.0054913344272083464,500,0.1835093194944288,0.0019552533624734186,500,0.28175621430198006,0.00225717585643414,500,0.44861058485234,0.003424677410715746,500,3.00937548944828,0.043847629903320605,500,0.023883932455939602,0.00034799706272484096,500,nan,nan,0,21.127237467018197,0.03480177981789589,500,8.57715889597336,0.08722944471291086,500,19.224983745099998,1.590413067148138e-16,500,5.333333333330001,3.976032667870345e-17,500,0.3629206349205922,0.01326847901630347,500,0.7393015873015679,0.017092161009870363,500,0.06804761904761909,0.0024878398155551017,500,0.13861904761903998,0.00320478018935032,500
6,4,4,0.6666666666666666,7.0,8.0,0.41457901689976406,0.0019017568939212546,500,0.473641530862414,0.00042027562876453437,500,0.42567343334409397,0.00910533654904922,500,0.1794656250430936,0.0020774328504890977,500,0.272990712816036,0.0023614893186198666,500,0.45946579096918005,0.0036828788320934255,500,2.90630372108556,0.04189713095404984,500,0.0230659025482976,0.0003325169123336711,500,nan,nan,0,21.722192514798998,0.0487390702540265,500,9.859990346799242,0.11164295901781371,500,19.224983745099998,1.590413067148138e-16,500,5.333333333330001,3.976032667870345e-17,500,0.38790476190472306,0.013797325746397346,500,0.733206349206323,0.0172143025980313,500,0.07273214285715938,0.0025869985774486528,500,0.13747619047618156,0.0032276817371304587,500
6,4,4,0.6666666666666666,7.0,9.0,0.41033249516683,0.0019093448326641608,500,0.475206476480172,0.0005025829300310573,500,0.502605635243636,0.010200149494716954,500,0.1670017455639306,0.002007825962212732,500,0.257485073238794,0.0022406487441608875,500,0.479433458030506,0.003685482818884931,500,2.69173467606104,0.037951130792699496,500,0.021362973619532204,0.000301199450735744,500,nan,nan,0,22.344813862630602,0.05782790603562918,500,11.14535773042492,0.11962195718772983,500,19.224983745099998,1.590413067148138e-16,500,5.333333333330001,3.976032667870345e-17,500,0.359333333333297,0.013034467526230678,500,0.6936825396825248,0.015767201396150347,500,0.06737500000001537,0.002443962661166375,500,0.13006547619048403,0.0029563502617787206,500
6,4,4,0.6666666666666666,7.0,10.0,0.410040452968364,0.0019224041582597275,500,0.47716505674701604,0.0006022445588223683,500,0.55897579515134,0.010635026924957597,500,0.1603810617567154,0.0019081223321228478,500,0.249147060405646,0.0021711828435093984,500,0.490575166640474,0.0036468487512390352,500,2.6072288962265002,0.03710200705291331,500,0.020692292827189596,0.0002944603734355054,500,nan,nan,0,22.9894601143658,0.0691355270102382,500,12.342024682874799,0.13411017442795495,500,19.224983745099998,1.590413067148138e-16,500,5.333333333330001,3.976032667870345e-17,500,0.36679365079358117,0.01306359187893815,500,0.7125714285714426,0.016235333269402363,500,0.0687738095238171,0.002449423477299982,500,0.133607142857169,0.0030441249880129233,500
6,4,4,0.6666666666666666,7.0,11.0,0.410260880242206,0.0019369431564840325,500,0.47859050905281797,0.0006511033715202164,500,0.589045854555442,0.009909009884250416,500,0.15158374609858702,0.001940731115619052,500,0.23887737898583802,0.0020943516190239857,500,0.5053663217739599,0.0037743090096304436,500,2.47335694316624,0.029563293625251393,500,0.019629817009255802,0.00023462931448620932,500,nan,nan,0,23.7057306916454,0.07902514027202295,500,13.6249899717758,0.14040848879147183,500,19.224983745099998,1.590413067148138e-16,500,5.333333333330001,3.976032667870345e-17,500,0.3370793650792922,0.012590042073495912,500,0.6752698412698578,0.014929563248790632,500,0.06320238095239498,0.002360632888779661,500,0.12661309523812844,0.0027992931091482855,500
6,4,4,0.6666666666666666,7.0,12.0,0.4043536134908,0.001922272477532989,500,0.479060533451118,0.0008147410936290893,500,0.629428623336666,0.010438343750772423,500,0.1421246430180164,0.0017743809428887437,500,0.22796872066565999,0.002012819892970141,500,0.523679072927846,0.0037845449007583147,500,2.35945880638574,0.02551969120555777,500,0.0187258635427412,0.00020253723179013085,500,nan,nan,0,24.5540189543504,0.09270648996047463,500,15.02068709771194,0.15486407557736348,500,19.224983745099998,1.590413067148138e-16,500,5.333333333330001,3.976032667870345e-17,500,0.3290158730157708,0.011420802284817944,500,0.6536507936507391,0.01459566974616583,500,0.06169047619048818,0.0021414004284025503,500,0.12255952380952974,0.0027366880774071793,500
6,4,4,0.6666666666666666,7.0,13.0,0.40782169803507806,0.0019103534396566757,500,0.48037212575279603,0.000834747458549883,500,0.631621444898424,0.010512687868058186,500,0.13621926619646582,0.0019212197174638438,500,0.220241261226186,0.002133563914678306,500,0.5391619735822359,0.004019973219306215,500,2.29126242812842,0.027867963281004337,500,0.0181846224454676,0.00022117431175409108,500,nan,nan,0,25.146893934347798,0.11021755915289812,500,15.906105545309082,0.1780763846674905,500,19.224983745099998,1.590413067148138e-16,500,5.333333333330001,3.976032667870345e-17,500,0.30577777777768594,0.012099932405659366,500,0.6052380952380397,0.014675251314187615,500,0.05733333333334282,0.002268737326060499,500,0.11348214285716351,0.0027516096214105835,500
6,4,4,0.6666666666666666,7.0,14.0,0.401631300284794,0.0018596991221955575,500,0.482801648557264,0.0009240051289459543,500,0.6883570911131781,0.011361421206469607,500,0.13251549679369962,0.0018572625300998854,500,0.21575333015181,0.0021016310547525047,500,0.5449654091181739,0.003999413910271419,500,2.26291255611698,0.02593957611400294,500,0.017959623461247395,0.0002058696516985067,500,nan,nan,0,25.9108894407834,0.12200489727603658,500,17.06242989897076,0.19032400303774874,500,19.224983745099998,1.590413067148138e-16,500,5.333333333330001,3.976032667870345e-17,500,0.3107619047618304,0.012251493691232147,500,0.6083492063491487,0.0145417448117454,500,0.05826785714287462,0.0022971550671052683,500,0.11406547619048273,0.00272657715220243,500
6,4,4,0.6666666666666666,7.0,15.0,0.40191008173710807,0.001868196349561581,500,0.483407342271304,0.001003910840080899,500,0.716372414610364,0.012017277351113534,500,0.1264923350738508,0.0017961406191785165,500,0.209350035183282,0.002056546071750768,500,0.5552344296798539,0.003941464812697205,500,2.2045815635158,0.02460049253589055,500,0.017496679075519002,0.0001952420042532196,500,nan,nan,0,26.7430052218256,0.1320797090650587,500,18.3026199002478,0.19670386481187555,500,19.224983745099998,1.590413067148138e-16,500,5.333333333330001,3.976032667870345e-17,500,0.3121904761903748,0.011779542609615216,500,0.6007936507936624,0.014261899048743207,500,0.05853571428573408,0.0022086642393028756,500,0.11264880952383241,0.0026741060716389256,500
6,4,4,0.6666666666666666,8.0,1.0,0.474998119271158,0.0020114001896733994,500,0.45473810348006,1.5633391497780863e-06,500,0.114717486841312,4.313518714276489e-05,500,0.409778187910116,0.0013658683906191372,500,0.533119518478152,0.0008055843753067466,500,0.221320525443976,0.0010774972236798032,500,13.5310361768732,0.04981782035651363,500,0.10738917600691741,0.0003953795266388536,500,nan,nan,0,22.0066087365258,0.0006860122067671692,500,1.2126442769012342,0.012478408861395635,500,21.971409994400002,1.590413067148138e-16,500,5.333333333330001,3.976032667870345e-17,500,1.829841269837454,0.016090403117683654,500,2.28571428571,0.0,500,0.34309523809530834,0.003016950584565294,500,0.42857142857099995,2.4850204174189658e-18,500
6,4,4,0.6666666666666666,8.0,2.0,0.468891365076468,0.0019031746435474387,500,0.45470965175267,3.491450897022483e-06,500,0.11711771713739999,6.848853300400259e-05,500,0.340701742356826,0.0019457655658737362,500,0.471741284398104,0.0016959843421766605,500,0.2750066103401341,0.0015470376395083656,500,9.76435990909252,0.09869083819767631,500,0.0774949199134292,0.0007832606206165108,500,nan,nan,0,22.1160038669178,0.0028939458936599223,500,2.454037639628026,0.026734358954539437,500,21.971409994400002,1.590413067148138e-16,500,5.333333333330001,3.976032667870345e-17,500,1.1250793650784827,0.019781557250727416,500,1.8063492063454178,0.016609196604623552,500,0.2109523809523334,0.00370904198451885,500,0.33869047619053,0.003114224363367143,500
6,4,4,0.6666666666666666,8.0,3.0,0.45413286784267404,0.0020229891277547853,500,0.45519736344156797,7.904205063312052e-05,500,0.12193444687309801,0.00032609765839717426,500,0.282261291020246,0.0023683661653841367,500,0.40729113984796,0.0023879395907202656,500,0.32608890902103804,0.002302061814512048,500,6.71116321135076,0.10299553762820954,500,0.05326320009008979,0.00081742490181169,500,nan,nan,0,22.2974490834042,0.006527789640249747,500,3.6946295140534087,0.04014888735539779,500,21.971409994400002,1.590413067148138e-16,500,5.333333333330001,3.976032667870345e-17,500,0.8243809523809432,0.01878061291147273,500,1.4205714285692141,0.01888749995890438,500,0.15457142857139458,0.0035213649209000597,500,0.2663571428571412,0.0035414062423076084,500
6,4,4,0.6666666666666666,8.0,4.0,0.43832293245746407,0.0019557143289468245,500,0.458924561157106,0.00021433500829548793,500,0.134760338572084,0.0008467592115639044,500,0.235477803492602,0.002544863654809251,500,0.352782622970088,0.0027886559508483186,500,0.377521632654072,0.0030079999617347356,500,4.91937323119718,0.09400644313143652,500,0.0390426446920412,0.0007460828819956469,500,nan,nan,0,22.5423436039656,0.011848200177520269,500,4.8914303933465995,0.055883436286223276,500,21.971409994400002,1.590413067148138e-16,500,5.333333333330001,3.976032667870345e-17,500,0.6300952380953022,0.017634654431088425,500,1.1230476190467844,0.020012393037673396,500,0.11814285714285759,0.0033064977058270485,500,0.21057142857138678,0.0037523236945712023,500
6,4,4,0.6666666666666666,8.0,5.0,0.423901874545278,0.001988919059748446,500,0.463214270895808,0.0002892276729720362,500,0.16082610542013198,0.0017978970697033222,500,0.2043410496626392,0.0023644757258483753,500,0.3117238484155,0.0026913450782279436,500,0.41971109401294804,0.003401067692195947,500,3.83038308908012,0.07239975100485213,500,0.030399865786349,0.0005746011984514294,500,nan,nan,0,22.8563425485914,0.018019641315595573,500,6.125524407461801,0.06803154576499985,500,21.971409994400002,1.590413067148138e-16,500,5.333333333330001,3.976032667870345e-17,500,0.5088253968254844,0.01630640438918373,500,0.9149206349204169,0.018622109405510696,500,0.0954047619047536,0.0030574508229687563,500,0.1715476190475604,0.0034916455135335232,500
6,4,4,0.6666666666666666,8.0,6.0,0.42215548765194,0.0019625690462169686,500,0.467007187756442,0.00029772055414144607,500,0.18333886664695598,0.002321226245973422,500,0.1840621161566612,0.0021808707210658356,500,0.28551463541258,0.0025173355866593187,500,0.449940229229838,0.003589987524064854,500,3.2632342668843997,0.054751631915535115,500,0.0258986846578152,0.00043453676123462125,500,nan,nan,0,23.2152792693466,0.023744568965811758,500,7.3196726347528,0.07636618621599388,500,21.971409994400002,1.590413067148138e-16,500,5.333333333330001,3.976032667870345e-17,500,0.4396190476190998,0.015400472974260407,500,0.815428571428586,0.018544881381452834,500,0.08242857142858359,0.0028875886826714124,500,0.152892857142815,0.003477165259020487,500
6,4,4,0.6666666666666666,8.0,7.0,0.412884562018192,0.001950071093326974,500,0.47016668588369,0.00029044087305749863,500,0.219772049351446,0.003132092727286835,500,0.1652643878842436,0.0020198843328451343,500,0.26030394943554197,0.0023653866673103057,500,0.483308172119656,0.003726604119816374,500,2.81326552833442,0.04326664667989643,500,0.0223275041931294,0.00034338608476109235,500,nan,nan,0,23.700723993315997,0.03191519069371105,500,8.68899457438268,0.08943269286412792,500,21.971409994400002,1.590413067148138e-16,500,5.333333333330001,3.976032667870345e-17,500,0.3454920634920014,0.01352569758602296,500,0.6829206349206245,0.01672575701125063,500,0.06477976190475739,0.002536068297377096,500,0.128047619047622,0.003136079439608332,500
6,4,4,0.6666666666666666,8.0,8.0,0.41372427660671396,0.0017891015126756079,500,0.47217699470582797,0.00033149361084334827,500,0.263356804536926,0.0048727766089805055,500,0.15616309872155298,0.002020521854452092,500,0.247605892384176,0.002395660517791051,500,0.500789148394286,0.004010726129278213,500,2.644018397112,0.04071619586313413,500,0.020984272992952,0.00032314441161205264,500,nan,nan,0,24.163468050641598,0.042839759711235485,500,9.809981796993922,0.10790754870976954,500,21.971409994400002,1.590413067148138e-16,500,5.333333333330001,3.976032667870345e-17,500,0.3362222222221796,0.013285580224656483,500,0.6707301587301719,0.017042197216695344,500,0.06304166666667274,0.0024910462921216812,500,0.1257619047619078,0.003195411978129176,500
6,4,4,0.6666666666666666,8.0,9.0,0.413410526602746,0.0018876771697254183,500,0.47384873660543003,0.00038885473463839336,500,0.33515739777637205,0.007334893130715257,500,0.148257596311046,0.0020022189303385194,500,0.23507208196601598,0.0023404168503635358,500,0.518508605482126,0.0039694913690997025,500,2.48132407545846,0.038946891406378185,500,0.019693048217923,0.0003091023127490804,500,nan,nan,0,24.743106807866003,0.05072137377089474,500,11.12206930494638,0.11896184160617876,500,21.971409994400002,1.590413067148138e-16,500,5.333333333330001,3.976032667870345e-17,500,0.3097460317460088,0.013188789233273867,500,0.6190793650793899,0.016405454304077163,500,0.05807738095239262,0.002472897981237319,500,0.11607738095236356,0.003076022682012589,500
6,4,4,0.6666666666666666,8.0,10.0,0.40827559452044204,0.0019048896368320952,500,0.47512426484810394,0.0004920033985784069,500,0.391717394755158,0.009161706330256768,500,0.1420448929376892,0.0018154285819281775,500,0.22699151968189,0.0020959274047257608,500,0.528250220890042,0.003794962632292816,500,2.3697651527419,0.032067675441825434,500,0.0188076599423976,0.0002545053606495163,500,nan,nan,0,25.296963741318002,0.06239239368892749,500,12.26711140719982,0.13169168838648707,500,21.971409994400002,1.590413067148138e-16,500,5.333333333330001,3.976032667870345e-17,500,0.311269841269786,0.013108996253433428,500,0.593428571428548,0.015674313828936977,500,0.05836309523811582,0.002457936797518407,500,0.11126785714286476,0.002938933842924329,500
6,4,4,0.6666666666666666,8.0,11.0,0.40935745652140004,0.0018616672287824192,500,0.475159772094054,0.0005546734082777915,500,0.44261460950019405,0.00945017885158528,500,0.13728048619311398,0.001778233374171258,500,0.219797157402006,0.0020492019477838653,500,0.537797303770052,0.003869184108351352,500,2.29640571455754,0.02724385742659726,500,0.0182254421790278,0.00021622109068742345,500,nan,nan,0,25.9450164766454,0.07452822423559585,500,13.513681808982682,0.14542523124748685,500,21.971409994400002,1.590413067148138e-16,500,5.333333333330001,3.976032667870345e-17,500,0.30384126984120496,0.012218601499766484,500,0.6095873015872815,0.015413797870310463,500,0.05697023809524856,0.0022909877812051067,500,0.11429761904762933,0.0028900871006820026,500
6,4,4,0.6666666666666666,8.0,12.0,0.40630962067973997,0.00188127885305428,500,0.47753872751742804,0.0006811141638427696,500,0.48073590724124804,0.009830096507487923,500,0.134125697381123,0.00198917371562349,500,0.21481765946742398,0.002214681190406033,500,0.54665183099786,0.0042485088980122295,500,2.27170760991954,0.03087133783875747,500,0.0180294254755512,0.00024501061776791385,500,nan,nan,0,26.6435833664118,0.08699053360830614,500,14.76120706278352,0.16153418162891497,500,21.971409994400002,1.590413067148138e-16,500,5.333333333330001,3.976032667870345e-17,500,0.3117142857142404,0.01322070124773974,500,0.6074285714285109,0.01660871287709256,500,0.05844642857143056,0.0024788814839494496,500,0.11389285714287473,0.0031141336644548456,500
6,4,4,0.6666666666666666,8.0,13.0,0.401924892969388,0.0019372440866162553,500,0.476799055609476,0.0007233820495102406,500,0.492881212698838,0.009259748845643137,500,0.1254029588276162,0.001788395714034538,500,0.20563016227984,0.002060321949243871,500,0.562271148817794,0.003983935904107673,500,2.17111840240844,0.026197875119819098,500,0.017231098431813,0.00020791964380812146,500,nan,nan,0,27.2744144894374,0.10078057105206273,500,15.82581108462862,0.1777319655627014,500,21.971409994400002,1.590413067148138e-16,500,5.333333333330001,3.976032667870345e-17,500,0.29520634920628325,0.011353634834527298,500,0.5802222222221112,0.01449652509308521,500,0.05535119047620244,0.0021288065314729212,500,0.10879166666666666,0.002718098454953915,500
6,4,4,0.6666666666666666,8.0,14.0,0.398419352760654,0.0018206957351335968,500,0.480841615563102,0.0008923304391149708,500,0.517933030718108,0.009354602670927968,500,0.1174747261347426,0.0016739231066443291,500,0.1959684222067222,0.0019411450673448032,500,0.5792284502146361,0.003919364234556031,500,2.07222466913996,0.022850051680513326,500,0.0164462275328588,0.00018134961651199356,500,nan,nan,0,28.2367841314104,0.11174229736633676,500,17.4275414820071,0.18503427079649554,500,21.971409994400002,1.590413067148138e-16,500,5.333333333330001,3.976032667870345e-17,500,0.27777777777769136,0.011162161928572232,500,0.5513968253967702,0.013793065414103063,500,0.05208333333334953,0.0020929053616072645,500,0.10338690476192354,0.002586199765144142,500
6,4,4,0.6666666666666666,8.0,15.0,0.40286064807981,0.0018486805196412657,500,0.48080029554125203,0.0008437757478984222,500,0.555051605945168,0.009645011490427825,500,0.11308262615860801,0.0016718074296259548,500,0.189056608575798,0.001920823444064886,500,0.5928602309922639,0.003924823863601046,500,2.0186303947065998,0.022246495731421786,500,0.0160208761484626,0.00017655948993190395,500,nan,nan,0,28.7862537848718,0.11913963854031534,500,18.29055354901808,0.19225553499259018,500,21.971409994400002,1.590413067148138e-16,500,5.333333333330001,3.976032667870345e-17,500,0.2599365079364236,0.010548577823280237,500,0.514063492063461,0.01353498510256733,500,0.04873809523811634,0.001977858341865161,500,0.09638690476191845,0.0025378097067304916,500
6,4,4,0.6666666666666666,9.0,1.0,0.471438478002156,0.002024570685650688,500,0.454789622612372,1.110301579753333e-06,500,0.09112242460366801,3.1518574892649604e-05,500,0.402456740841738,0.001383890337983559,500,0.5254245633260479,0.000807780345248575,500,0.231420932003508,0.0011258924177086703,500,13.396356926431402,0.048804963558529424,500,0.10632029306691941,0.00038734098062345685,500,nan,nan,0,24.750089755020397,0.0006661821556096523,500,1.226239439053516,0.013583601728874987,500,24.717836243699995,1.590413067148138e-16,500,5.333333333330001,3.976032667870345e-17,500,1.805714285710504,0.016802364076942727,500,2.28571428571,0.0,500,0.338571428571488,0.003150443264427763,500,0.42857142857099995,2.4850204174189658e-18,500
6,4,4,0.6666666666666666,9.0,2.0,0.46473674757064,0.001825185301337978,500,0.454768999722522,2.709187358385036e-06,500,0.09269015272389519,4.781785400981529e-05,500,0.338146007970494,0.0018876213621024862,500,0.466416196818802,0.0016827248097817658,500,0.28034666124154406,0.001543715651614776,500,9.678147059122919,0.09708890057066102,500,0.0768106909454146,0.0007705468299256534,500,nan,nan,0,24.845309456985195,0.0025814055124351925,500,2.442944397520342,0.02660937183921755,500,24.717836243699995,1.590413067148138e-16,500,5.333333333330001,3.976032667870345e-17,500,1.1480634920625543,0.01907586119709313,500,1.8323809523771362,0.016504999971251377,500,0.215261904761852,0.003576723974463433,500,0.34357142857148515,0.0030946874946094303,500
6,4,4,0.6666666666666666,9.0,3.0,0.45114836992567997,0.0018614634747993227,500,0.45488518823873997,4.1136115693826414e-05,500,0.09501645091969399,0.00011432141611057283,500,0.273206893366808,0.0023293562987076245,500,0.397432080413958,0.0023943008955294547,500,0.33844619449522806,0.0022740694440182515,500,6.52078368933416,0.10093487756128072,500,0.051752251502652,0.0008010704568356862,500,nan,nan,0,25.003624056846398,0.00565298316177573,500,3.6669971022262797,0.039507636306713334,500,24.717836243699995,1.590413067148138e-16,500,5.333333333330001,3.976032667870345e-17,500,0.8024126984127377,0.01787054624516269,500,1.4005079365057762,0.018707967464103765,500,0.15045238095235758,0.003350727420966082,500,0.26259523809524216,0.0035077438995330928,500
6,4,4,0.6666666666666666,9.0,4.0,0.435067675969654,0.001997432259650149,500,0.457026621045234,0.00016032315990399727,500,0.10131398208822401,0.000475468678989305,500,0.227374570474228,0.0025380853257657614,500,0.342775457018198,0.0027514619994196965,500,0.390687078351992,0.003039529526080966,500,4.7922887623896,0.09109937362390365,500,0.0380340377967416,0.0007230109017769579,500,nan,nan,0,25.226372675354796,0.010165654968776186,500,4.8995909563950395,0.05379440514360746,500,24.717836243699995,1.590413067148138e-16,500,5.333333333330001,3.976032667870345e-17,500,0.6053333333333826,0.017504671792187294,500,1.1197460317451806,0.020169384377822067,500,0.11350000000000518,0.0032821259610338912,500,0.2099523809523304,0.00378175957084953,500
6,4,4,0.6666666666666666,9.0,5.0,0.42337059868554,0.001871643714254665,500,0.46145797228125796,0.0002589865245844565,500,0.115652649393844,0.001156244033279682,500,0.18929298014555482,0.00230579081371904,500,0.29538350357369003,0.0025972385145305063,500,0.442488250172666,0.0034539853575417433,500,3.58821644078842,0.05964689693375733,500,0.0284779082602262,0.00047338807090287205,500,nan,nan,0,25.546584126631803,0.016007588753977217,500,6.297602502103881,0.065251170324065,500,24.717836243699995,1.590413067148138e-16,500,5.333333333330001,3.976032667870345e-17,500,0.4923174603175178,0.015049002234118343,500,0.9019682539680868,0.017973458082808057,500,0.092309523809527,0.002821687918894166,500,0.1691190476189978,0.003370023390527022,500
6,4,4,0.6666666666666666,9.0,6.0,0.41669033396832,0.0019287650331928402,500,0.464861601488468,0.00029162706808902653,500,0.131784051097709,0.0015782624325578482,500,0.17153322766998122,0.0022324425365400262,500,0.27045568294838007,0.0026148430753245174,500,0.474225718104138,0.003828824791375383,500,3.12902366455896,0.054320029105889116,500,0.0248335211472942,0.00043111134211032957,500,nan,nan,0,25.865657438799,0.02226944800001737,500,7.43055475780322,0.07875700674923578,500,24.717836243699995,1.590413067148138e-16,500,5.333333333330001,3.976032667870345e-17,500,0.405714285714323,0.015279259643207699,500,0.7733333333333472,0.017909526852761627,500,0.0760714285714254,0.0028648611830977473,500,0.1449999999999742,0.0033580362848909463,500
6,4,4,0.6666666666666666,9.0,7.0,0.411392245879858,0.0019514764589824353,500,0.468131163248446,0.00030943877894040555,500,0.1560689384455736,0.002326746731726371,500,0.1545436527713418,0.00207800598292595,500,0.24693473889112802,0.0024603195066946995,500,0.5049797810522579,0.003924315206996468,500,2.72831850205062,0.04408496230073425,500,0.0216533214448484,0.0003498806531804362,500,nan,nan,0,26.273092986801398,0.030478169807332825,500,8.679918666191499,0.09418492202151374,500,24.717836243699995,1.590413067148138e-16,500,5.333333333330001,3.976032667870345e-17,500,0.3546666666666318,0.013876282710780579,500,0.7095238095239179,0.017894189180616592,500,0.06650000000000279,0.002601803008269441,500,0.13303571428570313,0.0033551604713632274,500
6,4,4,0.6666666666666666,9.0,8.0,0.411129405977478,0.0019707970123074865,500,0.469663507249268,0.0003240754628718853,500,0.16967764153818501,0.002666983409363529,500,0.1502719026846502,0.002066691707621489,500,0.24092350438193402,0.0024677980423236066,500,0.513282291025994,0.0040217357799816975,500,2.64579043182462,0.04327021177885251,500,0.020998336760515,0.0003434143791972587,500,nan,nan,0,26.577473854336,0.03788391284942897,500,9.49873429906928,0.10856039994592097,500,24.717836243699995,1.590413067148138e-16,500,5.333333333330001,3.976032667870345e-17,500,0.3443492063491866,0.014132531212937897,500,0.6668253968254899,0.017357004931145753,500,0.06456547619047498,0.002649849602423551,500,0.1250297619047722,0.003254438424587731,500
6,4,4,0.6666666666666666,9.0,9.0,0.40780339142478395,0.0018897603673139471,500,0.471959464164264,0.0003291729494376588,500,0.2110049333859698,0.004107862885390647,500,0.135208798208141,0.0019378494216857312,500,0.219974738503266,0.0023335418978306867,500,0.545043028434402,0.004166027960445989,500,2.3597952273753,0.03638284249289483,500,0.018728533550598,0.00028875271819756037,500,nan,nan,0,27.165476538223,0.047364165110168936,500,10.99062265865898,0.12109503097094504,500,24.717836243699995,1.590413067148138e-16,500,5.333333333330001,3.976032667870345e-17,500,0.2859999999999376,0.01267321186421546,500,0.5691746031745991,0.01615535760880494,500,0.05362500000000354,0.002376227224539158,500,0.10672023809522924,0.0030291295516494364,500
6,4,4,0.6666666666666666,9.0,10.0,0.40449675379635597,0.0018259218776679384,500,0.47389800599452,0.0003817823042547037,500,0.2629060622653494,0.006346961013762416,500,0.127925672154031,0.0017711909085809609,500,0.208914047534562,0.0021064583583087423,500,0.5606630830755319,0.00400523895775121,500,2.2097781655075597,0.02757007691893724,500,0.017537921948474797,0.00021881013427727775,500,nan,nan,0,27.6884899718872,0.05676963169937513,500,12.193079358818682,0.13141771164386173,500,24.717836243699995,1.590413067148138e-16,500,5.333333333330001,3.976032667870345e-17,500,0.2822222222221534,0.0120338475513117,500,0.5616190476190762,0.014738130580687934,500,0.05291666666666924,0.002256346415869298,500,0.1053035714285829,0.0027633994838774214,500
6,4,4,0.6666666666666666,9.0,11.0,0.39942019056649,0.001842384191563712,500,0.474494369840258,0.00046722186114962235,500,0.314111301103264,0.007867334913143524,500,0.1263993097410044,0.0020219093158983068,500,0.206941846790064,0.002411199298885998,500,0.5631274140173179,0.004550234260854976,500,2.2317889913655,0.03465546007002477,500,0.017712611042584796,0.0002750433338891923,500,nan,nan,0,28.2534939881988,0.06919732741699143,500,13.35462951699718,0.15069452587527857,500,24.717836243699995,1.590413067148138e-16,500,5.333333333330001,3.976032667870345e-17,500,0.30523809523803513,0.012453362476613302,500,0.572634920634885,0.017039467726884788,500,0.0572321428571599,0.0023350054643642057,500,0.10736904761905257,0.0031949001987894433,500
6,4,4,0.6666666666666666,9.0,12.0,0.406040720284754,0.0018460817270635433,500,0.47584623142625204,0.0005721248546213163,500,0.371637193682328,0.008461438497902643,500,0.12064824740942522,0.0019144326859879203,500,0.19768792246321998,0.002163821592467856,500,0.5758143985606919,0.004363354051480732,500,2.11698870265604,0.027277429568956374,500,0.016801497640127203,0.0002164875362615925,500,nan,nan,0,29.0494806580216,0.07790338825215859,500,14.96722169599114,0.15450206168308805,500,24.717836243699995,1.590413067148138e-16,500,5.333333333330001,3.976032667870345e-17,500,0.2877142857142152,0.012126272552529965,500,0.55403174603179,0.015504693554255473,500,0.05394642857143824,0.0022736761035981,500,0.10388095238096728,0.002907130041420339,500
6,4,4,0.6666666666666666,9.0,13.0,0.40152738904262,0.001868412339593728,500,0.477974976703658,0.0006550147888323944,500,0.3860899919271726,0.008336342335075034,500,0.1170868113062042,0.0017127362854978904,500,0.194329578408292,0.002050258395221771,500,0.5801508374738741,0.004138407202584381,500,2.0913175578745204,0.02586853049788751,500,0.016597758395828,0.00020530579760224293,500,nan,nan,0,29.6873800210096,0.09196174568052384,500,16.098056932111298,0.17591268627253734,500,24.717836243699995,1.590413067148138e-16,500,5.333333333330001,3.976032667870345e-17,500,0.2822539682538726,0.011461413563188885,500,0.5754285714285711,0.014664984376695896,500,0.05292261904763683,0.002149015043097656,500,0.10789285714287235,0.002749684570629701,500
6,4,4,0.6666666666666666,9.0,14.0,0.402475067939392,0.0017968442976601666,500,0.478474433494724,0.0006967437580190372,500,0.40101168838185797,0.008484718210047553,500,0.10936258027615281,0.0015778302159432226,500,0.183772062174104,0.0018681271712788564,500,0.6015892956543901,0.003951169402520584,500,1.9769624294335,0.021152739761755572,500,0.015690178011379,0.00016787888699795213,500,nan,nan,0,30.2777562236702,0.10539302620912655,500,17.128666618695963,0.18951795474819616,500,24.717836243699995,1.590413067148138e-16,500,5.333333333330001,3.976032667870345e-17,500,0.240730158730071,0.010698382493360456,500,0.5090476190475867,0.013911523007332238,500,0.04513690476192011,0.0020059467175050534,500,0.09544642857144006,0.0026084105638740076,500
6,4,4,0.6666666666666666,9.0,15.0,0.401342191108292,0.0019838885542550256,500,0.47845378472616007,0.0007866825966011433,500,0.43951980979767996,0.009065858182681446,500,0.1073129127429504,0.0017192783745999653,500,0.18081634887081202,0.0019845946449916956,500,0.6052465993373101,0.004308190128492505,500,1.9677989293238203,0.021479418689812572,500,0.015617451820028801,0.0001704715769032744,500,nan,nan,0,31.0855487430914,0.12022729576297565,500,18.4830966770215,0.20479177575071106,500,24.717836243699995,1.590413067148138e-16,500,5.333333333330001,3.976032667870345e-17,500,0.2721269841269048,0.011677286451449984,500,0.513396825396826,0.014347638301089498,500,0.051023809523814564,0.0021894912096454464,500,0.09626190476191435,0.0026901821814530077,500
6,4,4,0.6666666666666666,10.0,1.0,0.469823765427504,0.0020150857549797287,500,0.45482652195787604,1.0454368643151605e-06,500,0.0741400128635976,2.5676919634233544e-05,500,0.398416198424458,0.0012831329269357636,500,0.52093307168788,0.000778657291492966,500,0.23714880690393603,0.001057185713920385,500,13.3563320886364,0.04955388264870596,500,0.10600263562411959,0.0003932847829260033,500,nan,nan,0,27.4927215905754,0.000557702258505662,500,1.217183395243508,0.012869466311740936,500,27.464262492999996,1.590413067148138e-16,500,5.333333333330001,3.976032667870345e-17,500,1.833015873012064,0.016006210260262454,500,2.28571428571,0.0,500,0.34369047619054793,0.0030011644237995317,500,0.42857142857099995,2.4850204174189658e-18,500
6,4,4,0.6666666666666666,10.0,2.0,0.459717272425074,0.001870438107266598,500,0.454817093308106,2.2366976176931773e-06,500,0.0752097980227168,3.4668446842332234e-05,500,0.331391933751664,0.001882320373292589,500,0.459127576637242,0.0016913974421618558,500,0.289138850450586,0.0015542408741374986,500,9.494803604887961,0.09633450090341421,500,0.0753555841657886,0.0007645595309799546,500,nan,nan,0,27.578003207484798,0.0022580334740069986,500,2.431932432416542,0.026438400804587585,500,27.464262492999996,1.590413067148138e-16,500,5.333333333330001,3.976032667870345e-17,500,1.1086984126975843,0.020083697526444427,500,1.8038095238057301,0.016461257137195123,500,0.2078809523809268,0.0037656932862169417,500,0.3382142857143432,0.003086485713223864,500
6,4,4,0.6666666666666666,10.0,3.0,0.445401461589252,0.001957392715927927,500,0.454805087073388,3.49859696100161e-06,500,0.076730544415147,7.454498246656682e-05,500,0.267966013759162,0.00240602227773674,500,0.390280171627062,0.0024506537375778227,500,0.346325923586044,0.0024114881177968762,500,6.391542850097999,0.09898182993815668,500,0.0507265305563336,0.0007855700788742062,500,nan,nan,0,27.724863671126002,0.005095104175110851,500,3.69262992981036,0.03902082023486738,500,27.464262492999996,1.590413067148138e-16,500,5.333333333330001,3.976032667870345e-17,500,0.8005079365079086,0.01786678919330752,500,1.390476190473998,0.01929790707631085,500,0.15009523809518419,0.0033500229737429728,500,0.26071428571428057,0.0036183575768210844,500
6,4,4,0.6666666666666666,10.0,4.0,0.43008581454522005,0.0018943468381572772,500,0.45591673111020203,0.00012134925219294835,500,0.0803520716403834,0.0003358838606335445,500,0.21937213349777,0.0024216117023109405,500,0.33187438250017204,0.0026464507027687185,500,0.40269007732470197,0.0029991155880610696,500,4.567002368154699,0.0811058550492765,500,0.0362460505409098,0.0006436972622957485,500,nan,nan,0,27.9341302538054,0.00897106845807135,500,4.97646708777194,0.051136456015721206,500,27.464262492999996,1.590413067148138e-16,500,5.333333333330001,3.976032667870345e-17,500,0.6125714285715369,0.017065158822607798,500,1.097142857142098,0.019225684211007694,500,0.11485714285713519,0.0031997172792352577,500,0.2057142857142366,0.00360481578957057,500
6,4,4,0.6666666666666666,10.0,5.0,0.423660357339058,0.0019212508828015532,500,0.45949727503821197,0.00023254597819336262,500,0.086344321277706,0.0005656822849235925,500,0.18815952482508339,0.002604826106463527,500,0.29261199500523005,0.002946457582534137,500,0.448808604625212,0.003821079041521306,500,3.6981181732051,0.07480663210320682,500,0.0293501442317884,0.0005937034293906574,500,nan,nan,0,28.1955242734414,0.014924850242579474,500,6.192402452956,0.07031534260616168,500,27.464262492999996,1.590413067148138e-16,500,5.333333333330001,3.976032667870345e-17,500,0.5117460317460742,0.01683166755976749,500,0.9221587301584612,0.019433780859910387,500,0.0959523809523742,0.0031559376674534056,500,0.1729047619047136,0.0036438339112349486,500
6,4,4,0.6666666666666666,10.0,6.0,0.412102142258214,0.0018789107017124634,500,0.462836535526386,0.0002871061796624671,500,0.09854411149786921,0.0011572320147443392,500,0.1662411129829924,0.002492887299946428,500,0.264039451916142,0.002918604789456686,500,0.485510784747676,0.004082993421466302,500,3.1622917356201197,0.06584175424339939,500,0.0250975534573016,0.0005225536051061412,500,nan,nan,0,28.486422796805797,0.02085033517134874,500,7.34367292342076,0.08348581735982717,500,27.464262492999996,1.590413067148138e-16,500,5.333333333330001,3.976032667870345e-17,500,0.4200634920634428,0.01538428669846897,500,0.8146031746030719,0.01931111026866063,500,0.0787619047619118,0.0028845537559622847,500,0.15273809523803658,0.0036208331753734184,500
6,4,4,0.6666666666666666,10.0,7.0,0.412486418191158,0.0018255589930371125,500,0.46578456963067005,0.00030587544108453174,500,0.1090221186829832,0.001457748552311855,500,0.14725480192359838,0.00230329586780971,500,0.24030950544779803,0.0027437684855919913,500,0.51954235710664,0.004268871506581098,500,2.74421766818122,0.05392975763148518,500,0.0217795053030272,0.000428013949456104,500,nan,nan,0,28.837072442836202,0.027645931601427094,500,8.54653943926142,0.0963157057348549,500,27.464262492999996,1.590413067148138e-16,500,5.333333333330001,3.976032667870345e-17,500,0.34044444444438443,0.013942596451932165,500,0.6920634920635222,0.01820178808229016,500,0.06383333333333781,0.002614236834736267,500,0.1297619047618902,0.0034128352654274716,500
6,4,4,0.6666666666666666,10.0,8.0,0.407950267855518,0.001985845205584709,500,0.46876911672952,0.0002988290847487974,500,0.1288014383246872,0.001989708087706581,500,0.1351157396785494,0.0020068632440263345,500,0.221373826609592,0.0024482762070035867,500,0.545195004980096,0.0042942748026944194,500,2.44254122672634,0.03778795385077164,500,0.019385247831162404,0.00029990439564095276,500,nan,nan,0,29.245899205624603,0.03315538915314823,500,9.81666386445232,0.10226451288540309,500,27.464262492999996,1.590413067148138e-16,500,5.333333333330001,3.976032667870345e-17,500,0.3210158730158402,0.013251578486116985,500,0.6110793650794705,0.016820858776759484,500,0.060190476190479,0.0024846709661450078,500,0.11457738095236758,0.003153911020638589,500
6,4,4,0.6666666666666666,10.0,9.0,0.41086221720851396,0.0018906165278035284,500,0.47041200462743,0.0002984280775314542,500,0.1455359058677756,0.0025851826037396127,500,0.1235851235794172,0.0018479079436096169,500,0.2065946771938878,0.002280921741055272,500,0.5691969025416099,0.004188802107492757,500,2.24413478891618,0.032226112508214964,500,0.01781059356282174,0.00025576279768422947,500,nan,nan,0,29.690287927446203,0.04387259688006705,500,10.991833858837818,0.1215097819068798,500,27.464262492999996,1.590413067148138e-16,500,5.333333333330001,3.976032667870345e-17,500,0.27698412698406216,0.012616947307082356,500,0.5397777777778426,0.015774065148303797,500,0.051934523809527795,0.002365677620076661,500,0.10120833333333326,0.002957637215304522,500
6,4,4,0.6666666666666666,10.0,10.0,0.403897457188688,0.0018078722571789134,500,0.4725404340306,0.0003168177685728934,500,0.1746647603123686,0.003885515070205578,500,0.11646868740249598,0.0018553966973548204,500,0.19595020480859401,0.0022865968732507123,500,0.585566497380844,0.004435308625680913,500,2.13316445943582,0.03248153466314544,500,0.016929876662185997,0.0002577899576439978,500,nan,nan,0,30.202146094009,0.05081737703566382,500,12.292063602940061,0.12723124669804717,500,27.464262492999996,1.590413067148138e-16,500,5.333333333330001,3.976032667870345e-17,500,0.2667936507935926,0.012600842187069652,500,0.5199047619047502,0.01593184194356498,500,0.05002380952381662,0.002362657910074518,500,0.09748214285715023,0.0029872203644175943,500
6,4,4,0.6666666666666666,10.0,11.0,0.403720811202452,0.001921905991600481,500,0.473485647318784,0.00037021729922615476,500,0.2256818716410234,0.006215459877865064,500,0.1157984213717108,0.0019284951947768397,500,0.19176390287845121,0.002330458724412004,500,0.590345682756038,0.004714045114404463,500,2.0927276327137996,0.028822602282210535,500,0.01660894946597922,0.0002287508117636472,500,nan,nan,0,30.775659583281602,0.06368938410246247,500,13.562365237377762,0.14807969306998534,500,27.464262492999996,1.590413067148138e-16,500,5.333333333330001,3.976032667870345e-17,500,0.2748571428570818,0.013104570786549714,500,0.5331428571428737,0.016229266437148632,500,0.051535714285714775,0.0024571070224762765,500,0.09996428571428756,0.0030429874569628227,500
6,4,4,0.6666666666666666,10.0,12.0,0.401814961539234,0.0018515528041933287,500,0.474738047056808,0.00045032571689321245,500,0.2519086733089116,0.006794086226314454,500,0.11025391162360261,0.0017650577680217523,500,0.1849633557515932,0.0021857001536362444,500,0.602143155575144,0.004440291849827248,500,2.02065468544808,0.026175252575235772,500,0.0160369419480003,0.00020774009980350526,500,nan,nan,0,31.215231161246003,0.0733376913560758,500,14.475944230924698,0.16286396488071658,500,27.464262492999996,1.590413067148138e-16,500,5.333333333330001,3.976032667870345e-17,500,0.25476190476182264,0.01154955656833194,500,0.5022222222222147,0.01502863375493611,500,0.04776785714286582,0.0021655418565614103,500,0.09416666666667234,0.0028178688290492484,500
6,4,4,0.6666666666666666,10.0,13.0,0.40271107946760204,0.0019238789384617358,500,0.475780642832208,0.0005348452431100256,500,0.301326146897182,0.007993161920782072,500,0.10792828426039741,0.0017673373762966062,500,0.18104597659063343,0.0021514871566428095,500,0.606712853915876,0.0044383126337409215,500,1.9968595281427002,0.026497793301731222,500,0.015848091493197,0.00021029994683918908,500,nan,nan,0,31.934020212668397,0.08584751669149847,500,15.91808567296472,0.17787438673379152,500,27.464262492999996,1.590413067148138e-16,500,5.333333333330001,3.976032667870345e-17,500,0.2650476190475866,0.01235611586021598,500,0.5032698412698401,0.014919267110630121,500,0.049696428571449264,0.002316771723789802,500,0.09436309523811434,0.002797362583242174,500
6,4,4,0.6666666666666666,10.0,14.0,0.39911794242862403,0.0018687120110267715,500,0.476400476039362,0.0006022836499511873,500,0.31689300877222876,0.00811284921423583,500,0.10582765816579741,0.0018622559711565885,500,0.1784543662965102,0.0022313434921913794,500,0.612530113293108,0.004588087873182821,500,1.98349831316012,0.027911761810684242,500,0.015742050104443902,0.000221521919132518,500,nan,nan,0,32.539695521512805,0.10273601575110176,500,17.01884949089322,0.20105743568914308,500,27.464262492999996,1.590413067148138e-16,500,5.333333333330001,3.976032667870345e-17,500,0.25511111111103996,0.01186651437762547,500,0.5119682539682596,0.015104356532859912,500,0.04783333333334088,0.0022249714458038483,500,0.0959940476190615,0.0028320668499103785,500
6,4,4,0.6666666666666666,10.0,15.0,0.401257544987076,0.0017835942876719597,500,0.47790190742493605,0.0006750032479802329,500,0.3621443648107558,0.00864637194407744,500,0.1023174438398442,0.0017981212138087422,500,0.1724247880574486,0.0021151604259558514,500,0.61974591691185,0.004528063731931276,500,1.93262591498356,0.02456477563277293,500,0.0153383009125692,0.0001949585367681252,500,nan,nan,0,33.328903503443605,0.1079287188630255,500,18.49356991179836,0.20184828298659008,500,27.464262492999996,1.590413067148138e-16,500,5.333333333330001,3.976032667870345e-17,500,0.269174603174509,0.011921899975431098,500,0.508984126984097,0.014955335513671496,500,0.05047023809525492,0.002235356245393232,500,0.09543452380953307,0.0028041254088118886,500
6,5,4,0.8333333333333334,1.0,1.0,0.526027576085428,0.0013604961747722675,500,0.823009164982484,0.00015907232398581426,500,5.85820878618306,0.009116499377825053,500,0.934703345988264,0.00013570955756204243,500,0.8439723800986879,0.00010820336423172163,500,0.015044323820886,1.599742312503224e-05,500,68.5206469975878,0.05712153193977181,500,0.27853921543733806,0.00023220134934764697,500,nan,nan,0,3.51023421710552,0.005751843738143878,500,1.397584299396992,0.014930910406854713,500,3.2052719141800003,1.9880163339351726e-17,500,6.0487804878,0.0,500,2.5745853658530597,0.011675850850281416,500,4.60448780487798,0.006806670258408998,500,0.425637096774274,0.0019302817937918717,500,0.7612258064515479,0.0011252962927149402,500
6,5,4,0.8333333333333334,1.0,2.0,0.52820391434419,0.001319103182742532,500,0.833019833780606,0.00033475085109057115,500,6.918655358158021,0.026164828606750512,500,0.92150284689866,0.0009184889788953198,500,0.827395716541924,0.0006216973015806166,500,0.017637260322623798,0.0001099863233225805,500,61.1812006999254,0.250909800586219,500,0.248704067885882,0.00101995853896846,500,nan,nan,0,4.3142276342832995,0.019878575475545075,500,2.837964445156234,0.03107730255603634,500,3.2052719141800003,1.9880163339351726e-17,500,6.0487804878,0.0,500,2.1903739837397596,0.013156338673922716,500,4.0178536585366,0.017790706213910587,500,0.36211827956988396,0.0021750398614167076,500,0.664241935483902,0.0029412054627852152,500
6,5,4,0.8333333333333334,1.0,3.0,0.517449984651586,0.0014542964219049655,500,0.829724835230272,0.0007914646625700626,500,7.54023794589258,0.03351472528025626,500,0.867276740033352,0.0028621042448308555,500,0.7910543450225179,0.001644480064624375,500,0.024945758305352003,0.00037388771174184823,500,49.4621405025534,0.46902992523938747,500,0.2010656117989916,0.00190662571235505,500,nan,nan,0,5.302922439672621,0.03456754679376287,500,4.173836945330799,0.045268432102223366,500,3.2052719141800003,1.9880163339351726e-17,500,6.0487804878,0.0,500,1.92401626016268,0.014956409012444905,500,3.5378048780487,0.02168924229396939,500,0.318083333333324,0.002472632135120658,500,0.5848790322580679,0.0035857215082770615,500
6,5,4,0.8333333333333334,1.0,4.0,0.49788733444315,0.001729966878858621,500,0.82232189768564,0.0011454122111820616,500,7.7387382538586,0.03820502046841463,500,0.7869638082248621,0.0049119291464792695,500,0.7371400377292701,0.0029851475570714108,500,0.03973860146524861,0.000969416179355797,500,37.4751506226132,0.5888907631361788,500,0.15233801066100802,0.002393864890796959,500,nan,nan,0,6.47362820883154,0.05023945622513578,500,5.578972859991199,0.05953449090068852,500,3.2052719141800003,1.9880163339351726e-17,500,6.0487804878,0.0,500,1.6301951219512498,0.017585395505229015,500,3.0851056910566603,0.027220110951903676,500,0.269508064516108,0.0029072629665900618,500,0.5100376344086059,0.004500098988014792,500
6,5,4,0.8333333333333334,1.0,5.0,0.476491231922632,0.00199706838897087,500,0.80959208825875,0.0014569038487410046,500,7.40109709022246,0.04447637790068654,500,0.693399194818534,0.006059480737743691,500,0.673768535407154,0.0038795856795837504,500,0.0621665723629574,0.0015773441049522412,500,27.30706640111562,0.5785284718984645,500,0.11100433496388419,0.0023517417556850454,500,nan,nan,0,7.746771152471539,0.06674794725221607,500,7.0127149359716405,0.07468991897815953,500,3.2052719141800003,1.9880163339351726e-17,500,6.0487804878,0.0,500,1.4032520325205422,0.017712738496737646,500,2.6935121951220697,0.028180426977132668,500,0.23198924731184722,0.0029283156385724028,500,0.4452983870968128,0.004658860911543811,500
6,5,4,0.8333333333333334,1.0,6.0,0.45695077531627204,0.0020287546947233667,500,0.797532509612116,0.0016237017100536532,500,6.8316298920017,0.05131643925285497,500,0.6086349689695699,0.007037863822027813,500,0.6127717048646739,0.0047087600508069856,500,0.09096581850224639,0.002344503050850223,500,20.697982527375622,0.5653356579157386,500,0.0841381403551992,0.00229811243055246,500,nan,nan,0,9.08269545697044,0.08500882042604604,500,8.4583802726872,0.09264986947363743,500,3.2052719141800003,1.9880163339351726e-17,500,6.0487804878,0.0,500,1.245024390243902,0.01885856264475268,500,2.381788617886348,0.03061386065367431,500,0.20583064516130342,0.003117746243688416,500,0.39376344086021403,0.005061162446776369,500
6,5,4,0.8333333333333334,1.0,7.0,0.44323352391391,0.0019836500434662115,500,0.789621064094224,0.0016052975279964255,500,6.33143545840166,0.05654490819339481,500,0.535903603532074,0.007442965007437268,500,0.559268225454636,0.00523003885484504,500,0.1227714825471536,0.0033097096276647046,500,16.0388536590209,0.4950971881061537,500,0.06519859210984601,0.002012590195554028,500,nan,nan,0,10.413433584708601,0.10412639840737684,500,9.86910214776502,0.11125954861704754,500,3.2052719141800003,1.9880163339351726e-17,500,6.0487804878,0.0,500,1.0998211382113767,0.019021828893251498,500,2.143902439024314,0.03211044382454854,500,0.1818252688171974,0.003144737841223065,500,0.3544354838709652,0.0053085814387343975,500
6,5,4,0.8333333333333334,1.0,8.0,0.42981136748779203,0.001766952768097978,500,0.7868775397485039,0.0016907521597366276,500,5.9439972476044005,0.0576899698688171,500,0.47492585517825,0.007065264691865588,500,0.5103733701078941,0.005049968754429206,500,0.1538717724525144,0.0036696985061501885,500,12.30449722139386,0.3983359206611681,500,0.05001828138778455,0.001619251710004898,500,nan,nan,0,11.81096324142452,0.10857555947557604,500,11.34146685585524,0.11394503130717398,500,3.2052719141800003,1.9880163339351726e-17,500,6.0487804878,0.0,500,0.9805203252032128,0.017770165520608956,500,1.9189430894307462,0.030775445711606786,500,0.16210215053763818,0.0029378096223575496,500,0.3172446236559304,0.005087876105548458,500
6,5,4,0.8333333333333334,1.0,9.0,0.42077401308018,0.0017463399551494558,500,0.7787793042677661,0.001747124587865573,500,5.5106331415127805,0.06198763191478577,500,0.4287397004832064,0.006955829063873392,500,0.472990548519394,0.005203472205406551,500,0.18320324982334837,0.004369883755158417,500,10.2230154991666,0.33280465008164606,500,0.0415569735738425,0.0013528644312255304,500,nan,nan,0,13.138017623089079,0.12871468936532257,500,12.714117101808181,0.1339408350537761,500,3.2052719141800003,1.9880163339351726e-17,500,6.0487804878,0.0,500,0.9110731707315862,0.017599070469351684,500,1.7831707317073802,0.030781918434997238,500,0.15062096774192044,0.0029095237469498854,500,0.2947983870967904,0.005088946192881782,500
6,5,4,0.8333333333333334,1.0,10.0,0.41809837217098,0.0017006956631210595,500,0.7775518870467959,0.0017158573763040301,500,5.1309713864407795,0.059703872104249434,500,0.380666977555558,0.00647574663722637,500,0.432623950058774,0.004971222334210702,500,0.21681467372752963,0.0046506585749928105,500,8.26780828869938,0.29242833527348855,500,0.03360897678333386,0.0011887330702179204,500,nan,nan,0,14.48052408779176,0.14486045866949607,500,14.09629666862916,0.1496657714837354,500,3.2052719141800003,1.9880163339351726e-17,500,6.0487804878,0.0,500,0.8060650406502698,0.01706383741686623,500,1.5674959349591886,0.02851365698347095,500,0.1332607526881755,0.0028210376374666764,500,0.2591424731183036,0.004713951356137138,500
6,5,4,0.8333333333333334,1.0,11.0,0.41331715221598403,0.0015931925525361234,500,0.7746692277139019,0.0018065310952747097,500,4.729186573447519,0.060729900724366674,500,0.34512334242715004,0.0062771440612909065,500,0.401519496024006,0.004904772962597973,500,0.2480682523852602,0.005317022576511514,500,6.91614161166144,0.2087704585476429,500,0.028114396795371262,0.0008486604006007053,500,nan,nan,0,15.9978612686394,0.1541567722052076,500,15.654137145361219,0.1580452882701219,500,3.2052719141800003,1.9880163339351726e-17,500,6.0487804878,0.0,500,0.745235772357671,0.0160359895450924,500,1.4677560975606967,0.027976511323353465,500,0.12320430107526437,0.00265111117479406,500,0.2426532258064638,0.004625149049423408,500
6,5,4,0.8333333333333334,1.0,12.0,0.40882150038349596,0.0016196101981841272,500,0.77095232863933,0.001738830450307878,500,4.4050705533083,0.06098570041819433,500,0.31602177873251525,0.00611175196689484,500,0.376480366779556,0.00495985971350119,500,0.2760557013964502,0.005663017586782202,500,6.19266602392508,0.2103480006632742,500,0.02517343912164554,0.000855073173428185,500,nan,nan,0,17.18490586351606,0.16839989771512393,500,16.863578811663377,0.17232254911880973,500,3.2052719141800003,1.9880163339351726e-17,500,6.0487804878,0.0,500,0.691365853658498,0.016258747335641373,500,1.3598048780486782,0.028083023857412032,500,0.11429838709677306,0.002687938067586224,500,0.22480645161290483,0.0046427579764269054,500
6,5,4,0.8333333333333334,1.0,13.0,0.40769480305711603,0.0015470063619062299,500,0.769052620897288,0.0018391876322904406,500,4.1756749148461605,0.06099391217436722,500,0.2981377573964562,0.006200891347159868,500,0.35606741185491003,0.005084881167788132,500,0.3010475241011052,0.006369645690092168,500,5.69020140174218,0.20367013508395937,500,0.02313090000708368,0.0008279273783903336,500,nan,nan,0,18.40902335242868,0.187668274274811,500,18.107943752591403,0.19147783560768453,500,3.2052719141800003,1.9880163339351726e-17,500,6.0487804878,0.0,500,0.65186991869914,0.015945168971928866,500,1.297869918699209,0.0284960917992892,500,0.10776881720430222,0.002636096483262911,500,0.2145672043010993,0.004711047434557926,500
6,5,4,0.8333333333333334,1.0,14.0,0.405322988955572,0.0015102133124092615,500,0.769625727606262,0.0016440671133290399,500,3.9725423748741004,0.06228058871299338,500,0.27279584693396997,0.0057504961994460525,500,0.3325513438712514,0.004911307996235957,500,0.3310195065289674,0.006723295946666811,500,4.936888374119521,0.14299401743148757,500,0.020068651927315963,0.0005812764936239582,500,nan,nan,0,19.85827400733986,0.20349583867905896,500,19.58019744766286,0.20688070798474678,500,3.2052719141800003,1.9880163339351726e-17,500,6.0487804878,0.0,500,0.5985853658535262,0.015781382180885945,500,1.1773170731706921,0.027667437028114212,500,0.09895967741935462,0.002609018828293004,500,0.1946370967742016,0.004574052089324901,500
6,5,4,0.8333333333333334,1.0,15.0,0.402272264664694,0.0016479567040391752,500,0.7674899194668021,0.001720288520173692,500,3.6709853642051002,0.06471776212382206,500,0.2552995746648276,0.006167373575217978,500,0.31457011574662364,0.005251771427186679,500,0.3584259146298182,0.007332900172247853,500,4.718605174245701,0.16999292807721383,500,0.01918132184652734,0.0006910281629157009,500,nan,nan,0,21.494913764429977,0.2281962908619215,500,21.23567972953366,0.23169738813864146,500,3.2052719141800003,1.9880163339351726e-17,500,6.0487804878,0.0,500,0.5829756097560762,0.01687095782650836,500,1.1384715447155247,0.02955756870556529,500,0.0963790322580679,0.0027891502858351054,500,0.18821505376346373,0.004886533535999354,500
6,5,4,0.8333333333333334,2.0,1.0,0.5254725053422039,0.0013453599743616926,500,0.800946258315924,7.009832792128063e-05,500,2.72833619248932,0.00419768599809944,500,0.8548109330503799,0.0005447883076372694,500,0.764785918273574,0.0002896056025624081,500,0.029178162109901797,9.046463112546895e-05,500,39.53296345792,0.0812409432339367,500,0.160703103487462,0.00033024773672361455,500,nan,nan,0,6.57349911660948,0.0031947956490723396,500,1.4154780620425982,0.015334184480878766,500,6.41054382835,0.0,500,6.0487804878,0.0,500,1.805804878049128,0.014702006718524991,500,2.75382113821136,0.006436193767124849,500,0.29854032258052565,0.0024305736913722217,500,0.45526881720448,0.00106404816310405,500
6,5,4,0.8333333333333334,2.0,2.0,0.517202234889476,0.0012668925502336077,500,0.802247854957714,0.0001443008243917385,500,3.2092697920194,0.01228541338845422,500,0.80627031837948,0.0014291862710853265,500,0.7358326114122979,0.0008136933364375394,500,0.039039433407499206,0.00031545375151896386,500,33.5254261119602,0.14344124917444537,500,0.13628221996729598,0.0005830945088397192,500,nan,nan,0,7.01890269192994,0.011629816218244146,500,2.7925513720222397,0.02966312928313528,500,6.41054382835,0.0,500,6.0487804878,0.0,500,1.35991869918714,0.015183914967553025,500,2.5857398373980804,0.011122447303582927,500,0.2248252688171728,0.0025102440067300206,500,0.427481182795802,0.0018387916913149098,500
6,5,4,0.8333333333333334,2.0,3.0,0.50530213036828,0.0014426376970816954,500,0.810338875413194,0.00035172319112823094,500,3.92063445040396,0.02152743593855226,500,0.7462993281195879,0.0023932943303743306,500,0.69374273353769,0.0015515506746199784,500,0.055844926576544406,0.0006840587567445242,500,27.3518924862354,0.20402486135769438,500,0.11118655482208299,0.0008293693551132547,500,nan,nan,0,7.76607141042182,0.023970736355564695,500,4.3049574384553395,0.044109036290588814,500,6.41054382835,0.0,500,6.0487804878,0.0,500,1.2363089430892678,0.013569255561056455,500,2.35224390243896,0.01257441520456686,500,0.20438978494625423,0.002243304346785811,500,0.388879032258116,0.002078834771725779,500
6,5,4,0.8333333333333334,2.0,4.0,0.490039939075378,0.0016778768255488394,500,0.8164078564793399,0.0005607102018058051,500,4.56366625106838,0.03295963383818786,500,0.688181070718874,0.003561636119323719,500,0.6508291237166121,0.002410801378951228,500,0.0742386932454976,0.0011110908558909602,500,22.17394553361694,0.27309496679105716,500,0.0901379899740558,0.001110142141427412,500,nan,nan,0,8.580082660386498,0.039529935337564576,500,5.59772572132494,0.0627997152065482,500,6.41054382835,0.0,500,6.0487804878,0.0,500,1.14842276422753,0.013267323708231804,500,2.16627642276394,0.01303199588228932,500,0.18986021505379602,0.0021933881936976357,500,0.358134408602176,0.0021544831902195996,500
6,5,4,0.8333333333333334,2.0,5.0,0.47091737842554204,0.0017335669297111078,500,0.818614565490536,0.0007830961457698804,500,5.169093148888059,0.03721849142861842,500,0.619706825088016,0.004563871192336056,500,0.6001518886535842,0.0031154319097876234,500,0.09954909999473141,0.001660730534627091,500,17.3365137372463,0.28323633625773614,500,0.0704736330782404,0.0011513672205598915,500,nan,nan,0,9.655527007283862,0.05740505896065138,500,7.11604607984602,0.07933077878759248,500,6.41054382835,0.0,500,6.0487804878,0.0,500,1.0283252032517138,0.013024319804523964,500,2.019788617886206,0.01564874230814901,500,0.1700053763441188,0.0021532141612322832,500,0.33391666666667197,0.0025870904622342867,500
6,5,4,0.8333333333333334,2.0,6.0,0.45713490400176,0.0018021794066484587,500,0.813711554727594,0.001250855799557455,500,5.300876295819019,0.03934991796796931,500,0.564495761049784,0.004990140798704813,500,0.559971717156204,0.0034095622742423013,500,0.1218472802297348,0.0020209467081112507,500,14.22745543868548,0.26126140198958986,500,0.0578351847101078,0.0010620382194699732,500,nan,nan,0,10.66203241822794,0.06964185298758518,500,8.421747473591138,0.09040297735796476,500,6.41054382835,0.0,500,6.0487804878,0.0,500,0.9585853658535041,0.012177900108713382,500,1.868243902439148,0.01514713654702748,500,0.1584758064516346,0.0020132818728114473,500,0.308862903225806,0.002504163703338416,500
6,5,4,0.8333333333333334,2.0,7.0,0.44849742511374596,0.0018184564654813668,500,0.8103829186730881,0.001426082353995889,500,5.30602671882144,0.0395585814895613,500,0.5153959260090459,0.005606455956104639,500,0.5233510904726499,0.003930487194967348,500,0.14673396165493421,0.002700993845309972,500,12.047657125652,0.2566614100112722,500,0.04897421595794199,0.0010433390650870014,500,nan,nan,0,11.75045004341488,0.08867026639006186,500,9.74248358350998,0.10952039119167177,500,6.41054382835,0.0,500,6.0487804878,0.0,500,0.8958211382112541,0.011999525226990397,500,1.7731869918700378,0.01675356300900551,500,0.1480994623656288,0.0019837924770432645,500,0.293147849462372,0.002769742271649324,500
6,5,4,0.8333333333333334,2.0,8.0,0.43837671248379,0.0017003980530291003,500,0.8045476673443059,0.0016240756660643966,500,5.169686865309121,0.04187881613192115,500,0.46184218261202603,0.005807227515228977,500,0.48455948824220607,0.004153052625391288,500,0.17640005028093278,0.0032932947579790645,500,9.997747818815638,0.225639438646861,500,0.040641251296005536,0.0009172334904348771,500,nan,nan,0,12.89000292425308,0.10316313868612574,500,11.086003577311658,0.1223377978488397,500,6.41054382835,0.0,500,6.0487804878,0.0,500,0.830032520325138,0.011788649707556728,500,1.6253495934959619,0.017189173880657268,500,0.13722311827958902,0.0019489299919764492,500,0.268706989247298,0.002841758585109428,500
6,5,4,0.8333333333333334,2.0,9.0,0.42815646511933403,0.0017201494859653392,500,0.7966650346413541,0.001747351969136779,500,4.88901650355648,0.04255547959525664,500,0.40905910547708196,0.005534437178222096,500,0.44457236395507405,0.004013651505949827,500,0.2083028530694914,0.003512169156998826,500,8.16409495996876,0.18814164654036658,500,0.0331873778860476,0.0007648034412202205,500,nan,nan,0,14.43412462335706,0.11280797427293458,500,12.8589157694218,0.12855962172770427,500,6.41054382835,0.0,500,6.0487804878,0.0,500,0.7739024390242759,0.012024064390028646,500,1.518195121951234,0.016801067876549135,500,0.1279435483871018,0.0019878493548049587,500,0.2509919354838626,0.002777595898943124,500
6,5,4,0.8333333333333334,2.0,10.0,0.42468040108676997,0.0016637886692523723,500,0.793107929737164,0.0017605492156637333,500,4.75539053024522,0.04151021930131466,500,0.379173212504318,0.0054664960143953915,500,0.41970387998791,0.00408527602228542,500,0.23079634852187558,0.003823323290326808,500,7.23001966942846,0.17483344232732814,500,0.02939032385946472,0.0007107050501111859,500,nan,nan,0,15.42166062641914,0.12996783046587132,500,13.943778923690239,0.1466561180893717,500,6.41054382835,0.0,500,6.0487804878,0.0,500,0.7239512195120981,0.011452327800652501,500,1.416569105690986,0.017084507325799796,500,0.1196854838709784,0.0018933283863999748,500,0.2341908602150678,0.0028244548401509494,500
6,5,4,0.8333333333333334,2.0,11.0,0.419939431828978,0.001587407381152776,500,0.788941292965864,0.0017815825143136178,500,4.5067154122957,0.0437725784998578,500,0.34019702473711755,0.005614335877698262,500,0.38841271146845396,0.004273117582687621,500,0.2647631122943558,0.00446533973623073,500,6.27320700407454,0.16368141973347045,500,0.025500841479973058,0.0006653716249327027,500,nan,nan,0,16.78883911973844,0.14514346539835615,500,15.44203720356868,0.16032144542191587,500,6.41054382835,0.0,500,6.0487804878,0.0,500,0.664650406504022,0.012114983422404088,500,1.3083902439025639,0.018075928506842656,500,0.10988172043011801,0.0020028803238673234,500,0.216306451612923,0.002988359148307661,500
6,5,4,0.8333333333333334,2.0,12.0,0.414307272523364,0.0016251918029157439,500,0.785831085626944,0.00183049276684459,500,4.21601711655506,0.04537726433571677,500,0.31477952260534,0.005337157190556143,500,0.36531612739797403,0.00425660304177471,500,0.289767934300154,0.004912560783828977,500,5.5924373722538405,0.14136872817229004,500,0.02273348525306508,0.0005746696267169181,500,nan,nan,0,18.26694122246764,0.1679032439499644,500,17.03213190452722,0.1821718803533858,500,6.41054382835,0.0,500,6.0487804878,0.0,500,0.6396260162600897,0.012044393443871777,500,1.236146341463214,0.017979986029562273,500,0.10574462365592906,0.0019912102064483265,500,0.20436290322581363,0.0029724976903710044,500
6,5,4,0.8333333333333334,2.0,13.0,0.412994026024358,0.0015641846050285701,500,0.7822372680832821,0.0018449154901377604,500,4.038435495157308,0.04518616939914615,500,0.29471630850133623,0.005400733906242409,500,0.34756434916423484,0.004434740901503243,500,0.3129454197669378,0.0055218392367802575,500,5.16684133683106,0.12792427529339326,500,0.0210034200684197,0.0005200173792415271,500,nan,nan,0,19.248500236005363,0.17459609071528456,500,18.082611760806643,0.18801917950892955,500,6.41054382835,0.0,500,6.0487804878,0.0,500,0.6036422764226725,0.011866358847158365,500,1.1800975609753859,0.01943277230166438,500,0.0997956989247142,0.001961777067474968,500,0.19509677419357463,0.003212676066000804,500
6,5,4,0.8333333333333334,2.0,14.0,0.40854879651357806,0.0015284827837600981,500,0.7811002329042881,0.0018718397936288392,500,3.8442024388546963,0.04838462012489159,500,0.2718475579435888,0.0052457153765307785,500,0.32703962089173955,0.004447370986179987,500,0.3397435999051806,0.00589114430859296,500,4.693963192620879,0.11996420574811502,500,0.01908115118951896,0.00048765937295997474,500,nan,nan,0,20.7286402824455,0.20888556304656017,500,19.63645727621092,0.22277156299188286,500,6.41054382835,0.0,500,6.0487804878,0.0,500,0.5612520325203147,0.01185498047746046,500,1.1000487804876524,0.019062841138010964,500,0.09278763440860703,0.0019598959660332366,500,0.18186290322581442,0.0031515180913666164,500
6,5,4,0.8333333333333334,2.0,15.0,0.40766353689005597,0.0014684321022300092,500,0.776321191028728,0.0018171144975888426,500,3.6345924644914804,0.04758620887424702,500,0.2521774397579596,0.004972004116373339,500,0.3107165523882582,0.0042557495505575514,500,0.3593640381342984,0.00585346379129445,500,4.2928768320376,0.11068401956947904,500,0.01745071882941882,0.0004499350388999625,500,nan,nan,0,21.9352192266425,0.21390516037407464,500,20.91291533321044,0.22623828045088243,500,6.41054382835,0.0,500,6.0487804878,0.0,500,0.5358861788617455,0.011445633104522358,500,1.064894308942978,0.01870400221070451,500,0.08859408602150874,0.0018922216019580653,500,0.17605107526880379,0.0030921939138665003,500
6,5,4,0.8333333333333334,3.0,1.0,0.509195936476418,0.0012273703860736468,500,0.804254627467136,8.717395605122762e-05,500,1.35552491330264,0.0033034927351595117,500,0.785996768180708,0.0012807967207246963,500,0.673541596742554,0.0005127386082250314,500,0.053304164710666596,0.00021416666124838524,500,23.482191217662198,0.07750516823556694,500,0.095456061860419,0.0003150616594942538,500,nan,nan,0,9.72289460934832,0.0021848814725279474,500,1.3957598837276477,0.01582745243649817,500,9.615815742530001,7.95206533574069e-17,500,6.0487804878,0.0,500,1.8199186991880882,0.015189629722788728,500,2.28299186991778,0.001642677240022656,500,0.3008736559138888,0.0025111887848194036,500,0.37743010752705997,0.0002715716404945306,500
6,5,4,0.8333333333333334,3.0,2.0,0.48936763290585394,0.001286007742547938,500,0.8049552071995739,0.00010479430003761869,500,1.63509394581174,0.007402048730640056,500,0.678346428585082,0.0023700920137609337,500,0.61932193316327,0.001229492924117764,500,0.0813214479846712,0.000727458651127019,500,17.5478655195838,0.11736267154923823,500,0.07133278666497402,0.00047708403068766044,500,nan,nan,0,10.045846228182059,0.008329428948856429,500,2.834531279898164,0.03020195163064281,500,9.615815742530001,7.95206533574069e-17,500,6.0487804878,0.0,500,1.1654634146340255,0.018274761524221257,500,1.9622113821135398,0.012458257305567171,500,0.19267741935482444,0.003021230735852644,500,0.324397849462476,0.0020596312481018036,500
6,5,4,0.8333333333333334,3.0,3.0,0.477421561329928,0.0013008687055686544,500,0.8035561460298161,0.00014455857297559447,500,2.00531195272508,0.012794109149785984,500,0.6030193242968519,0.002693075184403322,500,0.57500488796481,0.001519693296830236,500,0.11141018023495201,0.0010910483355203626,500,14.237396331105462,0.11038032494659059,500,0.0578755948418994,0.0004487005079129717,500,nan,nan,0,10.559234346464061,0.017848672065865653,500,4.258190403936828,0.04609611474151916,500,9.615815742530001,7.95206533574069e-17,500,6.0487804878,0.0,500,0.8894471544711773,0.016972660496879656,500,1.7702764227641379,0.012157222958579156,500,0.14704569892474792,0.0028059640337592404,500,0.292666666666674,0.0020098634729875673,500
6,5,4,0.8333333333333334,3.0,4.0,0.47088015297777996,0.0014512666562578407,500,0.806823628638474,0.0002934069845010231,500,2.36498283216078,0.018300990505619175,500,0.561835068271942,0.0028271982407315696,500,0.5464788089648319,0.0017227836069804653,500,0.1309895186579206,0.0012983004957391345,500,12.486734116447922,0.10474094558712134,500,0.0507590817741744,0.00042577620157356947,500,nan,nan,0,11.174227184149178,0.02947499329952726,500,5.56699607305452,0.06074874057326913,500,9.615815742530001,7.95206533574069e-17,500,6.0487804878,0.0,500,0.8703577235770077,0.016324080036118467,500,1.65559349593481,0.012057952825976338,500,0.14388978494623364,0.002698739038230677,500,0.27370698924729003,0.0019934518784877424,500
6,5,4,0.8333333333333334,3.0,5.0,0.45800707028199394,0.0014980794461286156,500,0.812905150987952,0.00048054881664944216,500,2.6606718192397203,0.0182593909248682,500,0.512730863231126,0.0032130800161553506,500,0.511707366696004,0.0020735100437896956,500,0.155982487347857,0.001598016570178926,500,10.6379297488239,0.10839519366377706,500,0.043243616865126594,0.0004406308685514674,500,nan,nan,0,11.96458682628378,0.04221118981812297,500,6.991799158622201,0.07343941572605671,500,9.615815742530001,7.95206533574069e-17,500,6.0487804878,0.0,500,0.8257560975606824,0.015099181060773771,500,1.5830406504066719,0.011478647499947025,500,0.13651612903226498,0.0024962355785992916,500,0.261712365591416,0.0018976796270064355,500
6,5,4,0.8333333333333334,3.0,6.0,0.44677840196282,0.0015730385468162933,500,0.815908646581314,0.0006442056915433149,500,2.9669972975687195,0.023838419170720583,500,0.46857250570258807,0.0035521329478291727,500,0.47961071560941004,0.002411247469528638,500,0.1806787174351282,0.001951675589274042,500,9.09736019508024,0.11431632792492055,500,0.036981139004393,0.0004647005200200836,500,nan,nan,0,12.832899538529539,0.0552397886742437,500,8.359639569799139,0.08793432290148742,500,9.615815742530001,7.95206533574069e-17,500,6.0487804878,0.0,500,0.733284552845564,0.014209573149461745,500,1.486308943089486,0.011286599160626479,500,0.12122849462367126,0.002349163302935745,500,0.24572043010751798,0.0018659296999436331,500
6,5,4,0.8333333333333334,3.0,7.0,0.43862569320655403,0.0015504439331522337,500,0.816747279319448,0.0008964038406550618,500,3.2732807625285996,0.030023269135101772,500,0.43076043363374006,0.0036271864404846597,500,0.449620456752324,0.0025326264207466173,500,0.204990210472042,0.0021566954767713226,500,7.87288926294168,0.10844683553450807,500,0.0320036148900062,0.00044084079485562903,500,nan,nan,0,13.867712385009021,0.07182450037302536,500,9.850828343337959,0.10388192790030681,500,9.615815742530001,7.95206533574069e-17,500,6.0487804878,0.0,500,0.7545528455283472,0.013698010310000171,500,1.425089430894222,0.01190791041634904,500,0.12474462365591768,0.002264590414155249,500,0.23559946236557197,0.001968646480120511,500
6,5,4,0.8333333333333334,3.0,8.0,0.430899511467406,0.0015488808620814103,500,0.8139719689362761,0.0011692339884832586,500,3.45424577279208,0.03293750029006849,500,0.39889330098661796,0.0040335500057507925,500,0.425433316282266,0.0029093601413213246,500,0.227420736751895,0.0026689010510727415,500,7.0578970466776,0.11025735581795519,500,0.0286906384011276,0.0004482006334062941,500,nan,nan,0,14.8020250654815,0.09107294724109243,500,11.08938051224588,0.12502921564290861,500,9.615815742530001,7.95206533574069e-17,500,6.0487804878,0.0,500,0.6772845528453825,0.013154916053311818,500,1.347626016259846,0.01157807790747757,500,0.11197043010751864,0.002174804670105335,500,0.222793010752676,0.001914117718573757,500
6,5,4,0.8333333333333334,3.0,9.0,0.42648424218666003,0.001495202444662221,500,0.8116850811813641,0.0013036120717357228,500,3.56310332445954,0.029443002607418146,500,0.36733727972079,0.0038792546197564367,500,0.40098398673122404,0.002844803394469833,500,0.25041592731625023,0.0028462047760165563,500,6.234634487736841,0.09547578839188718,500,0.025344042633076398,0.00038811296094240223,500,nan,nan,0,15.892810314499602,0.10114036245798168,500,12.51619728045148,0.13102624086156223,500,9.615815742530001,7.95206533574069e-17,500,6.0487804878,0.0,500,0.6653658536585202,0.012381993090538284,500,1.284178861788276,0.011926737492128747,500,0.10999999999998658,0.0020470230512583377,500,0.2123037634408388,0.0019717590208747165,500
6,5,4,0.8333333333333334,3.0,10.0,0.42055216180468197,0.0013950495313244252,500,0.80780197462298,0.0014897283264454404,500,3.6196706069476203,0.03089999172186419,500,0.33323982293011,0.004202800537817388,500,0.37388676769573,0.003199004847867284,500,0.27971229483583077,0.003476477899684419,500,5.53660229834956,0.0964967508816138,500,0.02250651340792364,0.00039226321496573137,500,nan,nan,0,17.2714580158014,0.12236051147165364,500,14.19828595427284,0.15324872605771953,500,9.615815742530001,7.95206533574069e-17,500,6.0487804878,0.0,500,0.607252032520257,0.012218903207314662,500,1.205918699186876,0.012877377468859063,500,0.10039247311828152,0.002020060610889004,500,0.1993655913978512,0.0021289212750924234,500
6,5,4,0.8333333333333334,3.0,11.0,0.418493027256664,0.00148137285292509,500,0.805881057392214,0.0016095270252105454,500,3.59465883884704,0.03139410340612841,500,0.31326807247405364,0.004024618758858784,500,0.357562240174608,0.003109080244133508,500,0.29737233423464,0.0036843578434442117,500,5.0805714791339796,0.0806790360363336,500,0.02065272958997382,0.000327963561123376,500,nan,nan,0,18.207620987435003,0.13904576808751867,500,15.31997576653846,0.16749612639556274,500,9.615815742530001,7.95206533574069e-17,500,6.0487804878,0.0,500,0.604439024390201,0.011879500123642502,500,1.1646991869915442,0.012629597140753224,500,0.09992741935483661,0.0019639496172166536,500,0.192551075268815,0.002087957591816003,500
6,5,4,0.8333333333333334,3.0,12.0,0.415361274806694,0.0015139948615939167,500,0.8023850820735,0.0017916331583095017,500,3.54678394010844,0.0326153870681697,500,0.2847625250460884,0.0039391813354804905,500,0.333469681578262,0.003142907533888219,500,0.32619408214662504,0.004040599971473096,500,4.53174365163606,0.07294898909773358,500,0.018421722161122478,0.0002965406060882347,500,nan,nan,0,19.591457163479,0.15680587980330093,500,16.9341912561908,0.18383523695866782,500,9.615815742530001,7.95206533574069e-17,500,6.0487804878,0.0,500,0.5524878048780872,0.01200572008466149,500,1.0795772357721338,0.01285861505403761,500,0.09133870967742191,0.001984816626899771,500,0.17847849462366758,0.0021258194242539585,500
6,5,4,0.8333333333333334,3.0,13.0,0.410283072833228,0.001391018466528523,500,0.7959501772886062,0.0018326591846191673,500,3.4488965216563203,0.03303367670805357,500,0.2651910404744174,0.003948845063630815,500,0.3181232956351848,0.003219535788935087,500,0.34591610934613,0.0042911006396683556,500,4.244893486568981,0.07205759475443414,500,0.01725566457954712,0.0002929170518473102,500,nan,nan,0,20.740032588824004,0.16646186473551577,500,18.246802522030098,0.19289121694846717,500,9.615815742530001,7.95206533574069e-17,500,6.0487804878,0.0,500,0.5346178861788092,0.012197171602193123,500,1.043658536585213,0.012868284632487898,500,0.0883844086021585,0.0020164678858487703,500,0.1725403225806938,0.002127418023918111,500
6,5,4,0.8333333333333334,3.0,14.0,0.40717481330389,0.0014022359895939473,500,0.796281522022998,0.0018590031803743026,500,3.3548328506693217,0.031263107049446695,500,0.2513692540385724,0.004022615092602624,500,0.30523400346969,0.0032896466652741914,500,0.363836081824332,0.0043777095614128065,500,4.00138691945248,0.07292912803774558,500,0.016265800485579043,0.00029645987007202257,500,nan,nan,0,21.944655358897602,0.18488192554859667,500,19.590757640423277,0.21169552838154232,500,9.615815742530001,7.95206533574069e-17,500,6.0487804878,0.0,500,0.49990243902437903,0.011145776948772687,500,1.0014796747966321,0.013143495037873614,500,0.08264516129032252,0.0018426486084672695,500,0.1655672043011012,0.0021729165183567685,500
6,5,4,0.8333333333333334,3.0,15.0,0.406264790372238,0.001406571876915926,500,0.792840003819382,0.0019474914922593377,500,3.230282141429934,0.03369942394023668,500,0.22828424166619443,0.003513127795014909,500,0.28566510860854,0.00300916617924634,500,0.38914493102208003,0.004383290690225106,500,3.5998236855598003,0.05889545846140738,500,0.01463342961609654,0.00023941243276998453,500,nan,nan,0,23.500225771081197,0.189468956569706,500,21.339434574738398,0.2115813880189084,500,9.615815742530001,7.95206533574069e-17,500,6.0487804878,0.0,500,0.47613008130082823,0.011188313683105995,500,0.9356260162599981,0.012464120659802284,500,0.0787150537634373,0.0018496808911592554,500,0.1546801075269288,0.0020606005929514073,500
6,5,4,0.8333333333333334,4.0,1.0,0.50281808993997,0.0013771078610832353,500,0.8077273497527081,7.531450384466233e-05,500,0.7286705727884301,0.0013788633692393144,500,0.724610542239594,0.0021668514630591618,500,0.606824369465782,0.0008792080120017092,500,0.07541595569221281,0.00043539525261428977,500,16.973299787589198,0.08813790667867087,500,0.06899715360808341,0.000358284173490381,500,nan,nan,0,12.9019903797548,0.001580337008908221,500,1.4034045446375338,0.015032961617597285,500,12.8210876567,0.0,500,6.0487804878,0.0,500,1.8147967479686722,0.014601577101601152,500,2.2439024390200006,1.9880163339351726e-17,500,0.30002688172033,0.002413970407930779,500,0.370967741935,0.0,500
6,5,4,0.8333333333333334,4.0,2.0,0.469216313888582,0.0014313494208048577,500,0.808773757504202,0.00011707778958179398,500,0.88471261347163,0.004508711221325105,500,0.5795522642577959,0.003123727289112681,500,0.53545691805191,0.0015746010262018583,500,0.12099746087994918,0.0011911044042273208,500,11.42893636080578,0.10328536232402064,500,0.0464590908975896,0.00041985919643891984,500,nan,nan,0,13.132458666592,0.006065123635648287,500,2.771367009603212,0.028979396440404665,500,12.8210876567,0.0,500,6.0487804878,0.0,500,1.1764878048779328,0.01771476775480802,500,1.8379186991875403,0.013910735388758326,500,0.19450000000001183,0.0029286511207472373,500,0.30384946236547283,0.0022997586731465913,500
6,5,4,0.8333333333333334,4.0,3.0,0.452941435728632,0.0013024112751936284,500,0.8084601881329241,0.00012103538373351481,500,1.07141339168991,0.007460072181986287,500,0.49109180184139994,0.003230045174995021,500,0.4829818227869,0.0018410641386815976,500,0.16845902190118142,0.0017278216828130197,500,8.85451664063762,0.09382380907730005,500,0.035993970083890804,0.0003813975978749336,500,nan,nan,0,13.515843575791399,0.013884524579627798,500,4.161173890219286,0.046491491909459795,500,12.8210876567,0.0,500,6.0487804878,0.0,500,0.8210894308940067,0.017897557815189574,500,1.50149593495964,0.01625194956891805,500,0.1357446236559388,0.0029588704452540747,500,0.2482311827956338,0.00268681424324555,500
6,5,4,0.8333333333333334,4.0,4.0,0.445336131360336,0.001457208133088067,500,0.8063390173658082,0.0001791961343771134,500,1.2923274764214001,0.011211270912312452,500,0.44308330756323,0.002868788513670612,500,0.45089958871755004,0.0017452814265255326,500,0.201258660144866,0.0018282599311688309,500,7.62218539129102,0.0752704473343201,500,0.0309844934605322,0.00030597742818839585,500,nan,nan,0,14.0106980089842,0.022520009933601388,500,5.5143786304955995,0.05945757805486282,500,12.8210876567,0.0,500,6.0487804878,0.0,500,0.6675609756095727,0.016634472893973316,500,1.356943089430708,0.015651557148735465,500,0.1103629032258352,0.0027500539865052747,500,0.22433333333330457,0.0025875558189417183,500
6,5,4,0.8333333333333334,4.0,5.0,0.43993521400278,0.0013364325451374697,500,0.8069864889549719,0.000268125081484222,500,1.578499202892788,0.015043744610623667,500,0.406019049470728,0.002577298263980159,500,0.42407632267929796,0.0016241122338790668,500,0.2283090939173792,0.0018215245886192045,500,6.74619541479914,0.059443237671723104,500,0.027423558596745,0.00024163917752710907,500,nan,nan,0,14.7189630149422,0.03368905752689015,500,7.09089137949816,0.07153042606265035,500,12.8210876567,0.0,500,6.0487804878,0.0,500,0.6538373983737547,0.01608221673917983,500,1.25691056910545,0.014670542528059162,500,0.10809408602151613,0.0026587535738181256,500,0.20779569892473382,0.0024253719502015094,500
6,5,4,0.8333333333333334,4.0,6.0,0.43478790656495203,0.0013944601833235683,500,0.810855325649812,0.00040602103970686064,500,1.738010104418064,0.016931097925990492,500,0.382621905100778,0.0028461216766431543,500,0.406153850797562,0.0018811587977794642,500,0.24636060013277403,0.002050906909475492,500,6.26881474133538,0.06335848455791454,500,0.025482986753398003,0.0002575548152758952,500,nan,nan,0,15.3552820171688,0.04821500630991161,500,8.25984849701682,0.09325250336107253,500,12.8210876567,0.0,500,6.0487804878,0.0,500,0.6615121951217307,0.015195194762791816,500,1.249040650406296,0.013960716736725987,500,0.1093629032258245,0.002512108811593072,500,0.2064946236559486,0.0023080217185711483,500
6,5,4,0.8333333333333334,4.0,7.0,0.42947792732157397,0.0013843393806319691,500,0.81402962258798,0.0005770214753012469,500,1.8747853910657641,0.017123381101463126,500,0.35705626362389603,0.00301727831500386,500,0.387212229689334,0.0020375276888479326,500,0.26674460216259194,0.002334051055464935,500,5.74130007467822,0.061130443288291036,500,0.023338618189746398,0.000248497736944151,500,nan,nan,0,16.167982540313197,0.06432713299342117,500,9.6426865977642,0.11062600102974884,500,12.8210876567,0.0,500,6.0487804878,0.0,500,0.608910569105575,0.014924504442201574,500,1.189918699186818,0.012807063288791349,500,0.10066666666667487,0.0024673575892366724,500,0.196720430107571,0.002117296753387169,500
6,5,4,0.8333333333333334,4.0,8.0,0.42460259392933397,0.0013795684325820796,500,0.81658393475313,0.0006836783600564696,500,2.048592867298978,0.01986120351814445,500,0.332386807575508,0.0031556027006275707,500,0.367621489291998,0.002252447199857289,500,0.287803027347358,0.0025878326300812302,500,5.25963175247586,0.06436705714533335,500,0.021380616879983664,0.0002616547038425859,500,nan,nan,0,17.1212709256018,0.07890568904599574,500,11.13386314848468,0.1258362693238072,500,12.8210876567,0.0,500,6.0487804878,0.0,500,0.5980650406502733,0.013885241233978178,500,1.134390243902316,0.01303909577845921,500,0.09887365591400217,0.0022955439136852526,500,0.1875403225806922,0.0021556569633728595,500
6,5,4,0.8333333333333334,4.0,9.0,0.416795852842506,0.0013093465295688786,500,0.8181932501707461,0.0008012782509282178,500,2.3047605087419343,0.02484738088731779,500,0.3036131599099,0.0030020338764620703,500,0.343712694619268,0.002161170030134804,500,0.314820617030358,0.0025743110135125276,500,4.6359350765427605,0.05681166327005188,500,0.0188452645387918,0.00023094172060990112,500,nan,nan,0,18.221069805873203,0.09208250632751426,500,12.748225010114158,0.13681878115140916,500,12.8210876567,0.0,500,6.0487804878,0.0,500,0.5452845528454382,0.013420348227896317,500,1.076569105690834,0.011785649850275597,500,0.09014784946236903,0.0022186866021944103,500,0.1779811827957464,0.0019484340478268208,500
6,5,4,0.8333333333333334,4.0,10.0,0.41675468517716,0.0014227202773634305,500,0.8155052326007419,0.0011225279117152037,500,2.392404654697236,0.02582810740533122,500,0.28322821262697395,0.0029484067311315205,500,0.328361052260106,0.0022305033461612845,500,0.333054180091714,0.0028042325090741386,500,4.31584337031338,0.0515018645866002,500,0.017544078741112357,0.00020935717311624705,500,nan,nan,0,19.328448737829603,0.10902521926838299,500,14.2696628609343,0.1519197556428113,500,12.8210876567,0.0,500,6.0487804878,0.0,500,0.541479674796649,0.012005220999047907,500,1.0412357723575019,0.011867186648883423,500,0.0895188172042965,0.0019847341167796243,500,0.1721397849462852,0.0019619139217911794,500
6,5,4,0.8333333333333334,4.0,11.0,0.412655066618604,0.0013637460704896342,500,0.8164574335108141,0.0011621386612624006,500,2.475926724131898,0.026854186586627363,500,0.272303921811502,0.003030589189142432,500,0.31843965173266403,0.0023675308109791715,500,0.34576165548739995,0.003032062905462579,500,4.1378095464535996,0.05359241047318223,500,0.01682036400997376,0.00021785532712670776,500,nan,nan,0,20.1090180037932,0.12483794531737055,500,15.27932192885616,0.16935164323111981,500,12.8210876567,0.0,500,6.0487804878,0.0,500,0.513105691056791,0.012998796364628274,500,1.002276422764112,0.012574319743305891,500,0.08482795698925512,0.0021489945602838818,500,0.1656989247312194,0.0020788189898203854,500
6,5,4,0.8333333333333334,4.0,12.0,0.41266855315695,0.001403069292232371,500,0.81160925827805,0.001396537825138355,500,2.521410475301042,0.028736013519274458,500,0.253957330689078,0.0031145062906424623,500,0.303744734112048,0.0024879110094516124,500,0.366203689919732,0.0033813894599717446,500,3.85799099865712,0.051889357245568916,500,0.01568289023844428,0.00021093234652668305,500,nan,nan,0,21.200953479265,0.1446703197363441,500,16.66131834744592,0.18963329161462683,500,12.8210876567,0.0,500,6.0487804878,0.0,500,0.47417886178856167,0.011833296277201456,500,0.9627479674795281,0.012250701702437885,500,0.07839247311828293,0.0019563110780874784,500,0.1591639784946534,0.0020253176201611347,500
6,5,4,0.8333333333333334,4.0,13.0,0.408072235224288,0.0013447764297567827,500,0.8090093495583159,0.0015623129112803693,500,2.580233740939896,0.02804421841038352,500,0.236349612575344,0.003132768623667985,500,0.28858270258431196,0.00251380657659405,500,0.386601031377952,0.003618950287037618,500,3.6179818775944597,0.049165852648228384,500,0.01470724340485402,0.00019986118962688875,500,nan,nan,0,22.617104282991196,0.1623557596411863,500,18.42664203869258,0.2039947618903734,500,12.8210876567,0.0,500,6.0487804878,0.0,500,0.4754471544715591,0.012362803298075035,500,0.93891056910574,0.012673374240172753,500,0.078602150537623,0.002043850545246338,500,0.1552231182795698,0.002095194934866757,500
6,5,4,0.8333333333333334,4.0,14.0,0.40890156381352,0.0013056124971270813,500,0.801776991970694,0.0017459509195654915,500,2.5505833584435793,0.027031523671573736,500,0.22479276420688438,0.0029216003524955123,500,0.2790544764278466,0.002403036833900384,500,0.39838589774349,0.003624997113293132,500,3.4458253701307804,0.042812788723776946,500,0.014007420203782659,0.00017403572651940611,500,nan,nan,0,23.6666323291984,0.17314868742072687,500,19.70505915088874,0.21187252980672663,500,12.8210876567,0.0,500,6.0487804878,0.0,500,0.4589105691056299,0.011574505843107232,500,0.90151219512184,0.012028134817234122,500,0.07586827956988679,0.0019135271756762751,500,0.1490403225806696,0.001988522288333503,500
6,5,4,0.8333333333333334,4.0,15.0,0.405782060151302,0.0013718142780945453,500,0.800332137919218,0.0018716646783264403,500,2.55318946878736,0.029230509874443047,500,0.21208163524991996,0.00294781805640762,500,0.267853104688646,0.002521737751642009,500,0.41658010330237594,0.003959117915681786,500,3.2856932578114604,0.04226287171714241,500,0.013356476657771161,0.0001718002915330408,500,nan,nan,0,24.6705964389234,0.19524560977985692,500,20.8736987216189,0.23505017948618714,500,12.8210876567,0.0,500,6.0487804878,0.0,500,0.44169105691051824,0.01167735220593407,500,0.8712357723576499,0.011819254825845416,500,0.0730215053763394,0.0019305300017884595,500,0.1440349462365868,0.0019539897091126507,500
6,5,4,0.8333333333333334,5.0,1.0,0.5028284065761259,0.0014418970003967347,500,0.8080890522911081,5.907774557720619e-05,500,0.462562046369918,0.000299620302337083,500,0.690030546767722,0.0026372251451957144,500,0.571203506936572,0.0011188948643558693,500,0.08710310285583799,0.0005865477456606533,500,14.469381575922922,0.09024852486624514,500,0.058818624292377795,0.00036686392222051397,500,nan,nan,0,16.0911837415244,0.0012658179518784598,500,1.405755468602842,0.014619024045824347,500,16.026359570900002,1.590413067148138e-16,500,6.0487804878,0.0,500,1.8108130081312763,0.014599243216031364,500,2.2439024390200006,1.9880163339351726e-17,500,0.2993682795697788,0.0024135845639465677,500,0.370967741935,0.0,500
6,5,4,0.8333333333333334,5.0,2.0,0.45841147753933204,0.0015002981579351291,500,0.8109602945532639,0.00011873718932460046,500,0.522749302622022,0.0024632508402041026,500,0.50527505390237,0.003945027201334571,500,0.47831096969868997,0.001993992367453191,500,0.1532762621631826,0.0017703787944227797,500,8.8083016189394,0.10244328670721947,500,0.035806104142033196,0.00041643612482634523,500,nan,nan,0,16.2882264599378,0.0051549265235495394,500,2.833700750422012,0.0298801960780012,500,16.026359570900002,1.590413067148138e-16,500,6.0487804878,0.0,500,1.1675121951217937,0.01890789125969965,500,1.800569105692384,0.015299986332239852,500,0.19301612903224993,0.0031259013776054425,500,0.29767473118271315,0.0025294332242847698,500
6,5,4,0.8333333333333334,5.0,3.0,0.43939364134681597,0.0014633860134377218,500,0.8118123806847619,0.00011877411057679636,500,0.63293651451401,0.004482710147179688,500,0.41567455609215,0.003567882946860753,500,0.42201094815986595,0.0021092818232650804,500,0.2128801141899392,0.002410705494351657,500,6.5907084402826,0.07958839270681348,500,0.026791497724726204,0.0003235300516536758,500,nan,nan,0,16.5842127421362,0.010934769291855804,500,4.15140833904398,0.04515360123413641,500,16.026359570900002,1.590413067148138e-16,500,6.0487804878,0.0,500,0.8386991869915197,0.018192431934673767,500,1.434487804878544,0.01833775157127319,500,0.13865591397851512,0.003007619795652563,500,0.2371532258064252,0.0030316444129835154,500
6,5,4,0.8333333333333334,5.0,4.0,0.430170759575962,0.0013734197495221014,500,0.810149621058752,0.0001553683661563252,500,0.7629975258008519,0.006950368622665311,500,0.354548976509496,0.003105664000228239,500,0.38018703417256,0.002001696968631599,500,0.26545427766251395,0.002627194778064909,500,5.36042430557892,0.06483438069031043,500,0.0217903427056076,0.0002635543930501356,500,nan,nan,0,17.064066058741197,0.020159402640241464,500,5.71339704207874,0.061674008150619415,500,16.026359570900002,1.590413067148138e-16,500,6.0487804878,0.0,500,0.618991869918515,0.017312285668953206,500,1.173999999999918,0.01831795505868885,500,0.10233333333334735,0.0028621117436594162,500,0.19408870967740663,0.003028371602439443,500
6,5,4,0.8333333333333334,5.0,5.0,0.42684908081226003,0.0013913316017179983,500,0.808039696594762,0.00020575595075360815,500,0.9076959256685181,0.009985987802904354,500,0.329557810543534,0.0027396866803870885,500,0.360729555702268,0.0018466084549502867,500,0.29163516680735324,0.002506565072434736,500,4.92291761583854,0.053808521121003504,500,0.0200118602269876,0.0002187338256953134,500,nan,nan,0,17.539033064620803,0.030453774413208515,500,6.93340260873564,0.07963087144233669,500,16.026359570900002,1.590413067148138e-16,500,6.0487804878,0.0,500,0.5608455284551257,0.015080019599626444,500,1.108878048780296,0.015753172413289097,500,0.09272043010756215,0.0024930677563927313,500,0.18332258064518284,0.0026043551167113993,500
6,5,4,0.8333333333333334,5.0,6.0,0.421859260308676,0.0013244359234592822,500,0.80762412370762,0.00024474688405277305,500,1.10022456335086,0.013184773156765616,500,0.30857005032013396,0.0024909954930680506,500,0.34330050978537396,0.0016963809815214758,500,0.314364609616296,0.002450821816895151,500,4.573056970564359,0.04520996588030324,500,0.0185896624819682,0.00018378034910699554,500,nan,nan,0,18.2111923569264,0.03867389229424779,500,8.471622386024459,0.08705006756350896,500,16.026359570900002,1.590413067148138e-16,500,6.0487804878,0.0,500,0.5444552845527293,0.014388485080236577,500,1.061284552845364,0.015776859237801998,500,0.09001075268819113,0.0023787414850414772,500,0.17545430107528362,0.0026082710836689213,500
6,5,4,0.8333333333333334,5.0,7.0,0.418980208228032,0.0013124458870384882,500,0.8105332934424659,0.0004189490658019671,500,1.2392476510111021,0.014913413121772266,500,0.29069267829919,0.002491251574158093,500,0.33017412315787,0.0016989626956526703,500,0.331404867047458,0.00240231276873923,500,4.34825613066262,0.04655391095656619,500,0.017675837929522202,0.0001892435404736639,500,nan,nan,0,18.8673914619046,0.05394879370297694,500,9.73807065219984,0.1074067163251042,500,16.026359570900002,1.590413067148138e-16,500,6.0487804878,0.0,500,0.5337560975609276,0.01471764784313071,500,1.04465040650385,0.014730256363796984,500,0.08824193548388436,0.002433159522453959,500,0.17270430107529017,0.0024352439956293126,500
6,5,4,0.8333333333333334,5.0,8.0,0.416074082472656,0.0013952955980299205,500,0.813530221306268,0.0005503506304860922,500,1.346369019502732,0.015223574630291507,500,0.27073143615347806,0.0025022701969558384,500,0.313691786265382,0.0018027829514057248,500,0.35279169548408396,0.0026055015058758105,500,4.0164063168935,0.04418344679748033,500,0.016326854946723764,0.00017960750730659238,500,nan,nan,0,19.7285635757442,0.06764501636301849,500,11.27402501326256,0.12301919900494877,500,16.026359570900002,1.590413067148138e-16,500,6.0487804878,0.0,500,0.4973495934958829,0.01400139554340224,500,0.979008130081356,0.015213835045722391,500,0.08222311827958484,0.002314746843870158,500,0.16185215053763802,0.00251519047126896,500
6,5,4,0.8333333333333334,5.0,9.0,0.414068672691092,0.0013773532646940059,500,0.81557495014373,0.0006092665430536626,500,1.4165478049911921,0.014660088903532128,500,0.257597678561912,0.0023321100728997675,500,0.30307356238822797,0.0016930732227505268,500,0.365971236587406,0.0025081686355401538,500,3.8044143929973195,0.038133104250887596,500,0.01546509915852532,0.00015501261890615606,500,nan,nan,0,20.5035057079016,0.07957391315435368,500,12.56119392955184,0.13374237267955663,500,16.026359570900002,1.590413067148138e-16,500,6.0487804878,0.0,500,0.48551219512188903,0.013639325154779435,500,0.953186991869872,0.014038959071149442,500,0.08026612903227393,0.002254888432848552,500,0.1575833333333344,0.0023209569432154067,500
6,5,4,0.8333333333333334,5.0,10.0,0.41095316340684,0.0013743154378146893,500,0.817376337170214,0.000703657118099473,500,1.516188408317702,0.016478066019715836,500,0.242269507776718,0.0025320236969920756,500,0.28976853702023403,0.0018923076958972107,500,0.38618864869369807,0.002798499269126511,500,3.5934299257865003,0.04252996285957093,500,0.014607438722710659,0.00017288602788429426,500,nan,nan,0,21.3762404918106,0.09490878008705339,500,13.90417266771112,0.15027209447959386,500,16.026359570900002,1.590413067148138e-16,500,6.0487804878,0.0,500,0.4552520325202931,0.013034924340864033,500,0.9028292682925939,0.014446746115587923,500,0.0752634408602209,0.002154967330547226,500,0.1492580645161342,0.0023883733497555705,500
6,5,4,0.8333333333333334,5.0,11.0,0.411163118979194,0.0013067976393810674,500,0.81857033990517,0.0008157130833557933,500,1.6645739752123958,0.022296572198856765,500,0.231728147230648,0.002475783696614641,500,0.280091556545532,0.0019255914248833951,500,0.3983576514035484,0.002906018058719984,500,3.44238510430236,0.04094098476733137,500,0.01399343538334348,0.00016642676734692364,500,nan,nan,0,22.5057119139202,0.11515455714619559,500,15.53861541873248,0.1724009632336404,500,16.026359570900002,1.590413067148138e-16,500,6.0487804878,0.0,500,0.45115447154467947,0.012817688917689593,500,0.9040813008129741,0.014254270877980316,500,0.07458602150537436,0.0021190534097803426,500,0.1494650537634468,0.0023565528467640556,500
6,5,4,0.8333333333333334,5.0,12.0,0.40934814150797405,0.0013402079156800437,500,0.8169607031266459,0.0010418988022186848,500,1.776043077335174,0.023611125665455892,500,0.217349690709262,0.0023264182881056633,500,0.267573382520882,0.0018557583796541008,500,0.41666534796816407,0.002958554631522846,500,3.22360811431422,0.03441326278377633,500,0.013104098025667182,0.00013989131212922563,500,nan,nan,0,23.5296544479524,0.11883115419853145,500,17.013503223496897,0.1698015237112617,500,16.026359570900002,1.590413067148138e-16,500,6.0487804878,0.0,500,0.4222113821137897,0.012294846051390146,500,0.865967479674874,0.01332369032135809,500,0.0698010752688028,0.00203261567785062,500,0.1431639784946366,0.002202706867644957,500
6,5,4,0.8333333333333334,5.0,13.0,0.40855402487538195,0.0013541092535086765,500,0.8142432965799699,0.0012197273037936746,500,1.831175946413026,0.0229347127329866,500,0.2028776331274206,0.0022845730064619037,500,0.255978096892136,0.0018541462860796202,500,0.434682939082732,0.0030646883750704667,500,3.0483842559651197,0.0315112954669955,500,0.012391805918557541,0.00012809469702027964,500,nan,nan,0,24.7310583214898,0.1398812655357968,500,18.615089999817318,0.1900494944502948,500,16.026359570900002,1.590413067148138e-16,500,6.0487804878,0.0,500,0.3982439024389889,0.011577461854908792,500,0.8156260162601281,0.01246043792943867,500,0.06583870967742246,0.0019140158711753428,500,0.13484139784946803,0.0020599917544656863,500
6,5,4,0.8333333333333334,5.0,14.0,0.40567609524319403,0.0013133627846763003,500,0.813540186484632,0.00134251310588277,500,1.8355535545337198,0.022943135484230198,500,0.2002693186114402,0.002355971300610539,500,0.252242051628408,0.001908491490125442,500,0.439993718953976,0.0031968204712569514,500,2.9989311924609,0.030939672392715886,500,0.01219077720512524,0.00012577102598667893,500,nan,nan,0,25.3337176131766,0.15723510275539254,500,19.37670377438474,0.20917393468287102,500,16.026359570900002,1.590413067148138e-16,500,6.0487804878,0.0,500,0.41538211382113754,0.011563448016246038,500,0.8191544715445359,0.012909431271792381,500,0.0686720430107622,0.0019116990672028837,500,0.1354247311828052,0.0021342204925165233,500
6,5,4,0.8333333333333334,5.0,15.0,0.403265247217788,0.001382726399802235,500,0.810136890894984,0.0014569866724038279,500,1.911236687164582,0.02464935155425895,500,0.18714568728501801,0.002309527491727225,500,0.241728163048146,0.0019174724898817013,500,0.455942405562402,0.00329035338971521,500,2.86738600199128,0.03160143287537261,500,0.0116560406585019,0.0001284611092494362,500,nan,nan,0,26.6928759826442,0.16625656813360393,500,21.131522464530722,0.21430395995090767,500,16.026359570900002,1.590413067148138e-16,500,6.0487804878,0.0,500,0.4049268292682289,0.01160683232206018,500,0.794813008130102,0.012696220155194773,500,0.06694354838710308,0.0019188714726007111,500,0.1314005376344424,0.0020989718804977054,500
6,5,4,0.8333333333333334,6.0,1.0,0.491976472764082,0.0014001494705604132,500,0.8082296948813041,1.846737967136898e-05,500,0.32669199163181806,0.0001016259865776974,500,0.6650825148673641,0.002897839972019208,500,0.5480256817937459,0.0012152474011585283,500,0.0957790776601672,0.0006608322687430016,500,13.16074835973498,0.0874958496812597,500,0.053498977072092405,0.0003556741856960317,500,nan,nan,0,19.285360653661197,0.0010693838443786919,500,1.399257763678416,0.014990599795020609,500,19.231631485100003,1.590413067148138e-16,500,6.0487804878,0.0,500,1.8364227642286801,0.014731243991451481,500,2.2439024390200006,1.9880163339351726e-17,500,0.3036021505375216,0.002435407272786346,500,0.370967741935,0.0,500
6,5,4,0.8333333333333334,6.0,2.0,0.455254179573838,0.0015977280255880927,500,0.810810419503706,0.00011210435583129237,500,0.34383903321574805,0.0008270650841078018,500,0.4693614446202,0.0043073125793083936,500,0.45004585498905203,0.002170146828752999,500,0.16798483212333162,0.001948934530662232,500,7.860305917327479,0.10086003080018828,500,0.0319524630785658,0.0004100001252039119,500,nan,nan,0,19.4423688688264,0.0041961622963646176,500,2.7765394992129506,0.030019110317408837,500,19.231631485100003,1.590413067148138e-16,500,6.0487804878,0.0,500,1.1586341463413419,0.018484820255654864,500,1.8335772357733202,0.014291003803909937,500,0.1915483870967752,0.00305595818742012,500,0.303131720429976,0.002362625628879647,500
6,5,4,0.8333333333333334,6.0,3.0,0.433723123077094,0.0015668314049037246,500,0.8136573802992759,0.00014389787019510684,500,0.398631420015712,0.0025344279420987715,500,0.36820233842266403,0.003976101068220289,500,0.384647643984422,0.0023534687659491184,500,0.2416925720587198,0.002868311810635468,500,5.622177539022039,0.0822304351388197,500,0.022854380239928602,0.0003342700615399124,500,nan,nan,0,19.7119813087422,0.009357931847787451,500,4.207831053224185,0.04574945360649939,500,19.231631485100003,1.590413067148138e-16,500,6.0487804878,0.0,500,0.8538211382110992,0.018724294969561964,500,1.453983739837894,0.017598273548784283,500,0.14115591397850652,0.003095548765129303,500,0.2403763440859936,0.002909391997973714,500
6,5,4,0.8333333333333334,6.0,4.0,0.421868704619712,0.0014467540518816584,500,0.8136629425144399,0.00012819742382526604,500,0.47885826501910195,0.004186015683799907,500,0.306083826022,0.003220641483670267,500,0.339398139380432,0.0021431016735571026,500,0.30519299091174,0.003166098871611087,500,4.438471932975101,0.05685610629334095,500,0.0180425688332332,0.00023112238330625677,500,nan,nan,0,20.080380143535404,0.016179525812646478,500,5.63235446596638,0.05961175410454213,500,19.231631485100003,1.590413067148138e-16,500,6.0487804878,0.0,500,0.6285853658534792,0.01649245154487988,500,1.147268292682746,0.018629831917553793,500,0.10391935483873738,0.0027265746505671573,500,0.1896693548387098,0.0030799318895895914,500
6,5,4,0.8333333333333334,6.0,5.0,0.42044330716277395,0.0012514097839873375,500,0.8115277099017101,0.00017752328109692746,500,0.562722805523414,0.005372396709058106,500,0.270924234706418,0.0026207127301563354,500,0.31250548729314,0.0019078867420298943,500,0.346365727891224,0.003101722366707318,500,3.8852411526185,0.04311766069757572,500,0.015793663222024218,0.00017527504348609465,500,nan,nan,0,20.529449469892604,0.025552457377532072,500,6.99956060459494,0.07668753995616821,500,19.231631485100003,1.590413067148138e-16,500,6.0487804878,0.0,500,0.5245040650404775,0.01528514303025331,500,0.9874146341460667,0.017189083025595662,500,0.08671236559142848,0.0025269792912952682,500,0.16324193548389723,0.002841743564713639,500
6,5,4,0.8333333333333334,6.0,6.0,0.415746105668884,0.0013191761784478106,500,0.8090740406123039,0.00021535932519658912,500,0.670755846058152,0.008294753651097225,500,0.251504298359002,0.002362618064112889,500,0.295967054815382,0.0017630458944541368,500,0.373397746311248,0.00300808790839957,500,3.6077219196812003,0.03796603095304406,500,0.014665536258866541,0.00015433345915868375,500,nan,nan,0,21.115642232967197,0.03601134662261371,500,8.513315054394461,0.09158234732249855,500,19.231631485100003,1.590413067148138e-16,500,6.0487804878,0.0,500,0.44622764227635253,0.013976062159239291,500,0.9153983739835414,0.01756266048571275,500,0.07377150537635058,0.002310558663423903,500,0.15133602150540174,0.002903504354492267,500
6,5,4,0.8333333333333334,6.0,7.0,0.414692321262778,0.0013309428993341485,500,0.809144537186916,0.0002615301911554154,500,0.799898184481812,0.012658941678101098,500,0.23924831591017198,0.002248243195114083,500,0.28557597266540596,0.0016782763263316846,500,0.38981642509962794,0.002878704309456782,500,3.47331553919858,0.03538598592594379,500,0.014119168858529698,0.0001438454712437233,500,nan,nan,0,21.6810938617064,0.0487150916910035,500,9.766776707808539,0.10973150984397267,500,19.231631485100003,1.590413067148138e-16,500,6.0487804878,0.0,500,0.44865040650393995,0.013988118036445521,500,0.8832195121948356,0.015582687956758563,500,0.07417204301076184,0.002312551772156399,500,0.1460161290322731,0.0025761701864012365,500
6,5,4,0.8333333333333334,6.0,8.0,0.412659092833026,0.0013822771876316768,500,0.8097805883241519,0.0003725616537172535,500,0.911006090800066,0.013968994713856112,500,0.230328895867136,0.002108228524097846,500,0.277018288084584,0.001584266443308259,500,0.401752141695788,0.0028159435867866744,500,3.36699357385164,0.03236966403729906,500,0.013686965747363,0.0001315840001516361,500,nan,nan,0,22.352024643818396,0.05981937195067389,500,11.13479626093894,0.12308060315295495,500,19.231631485100003,1.590413067148138e-16,500,6.0487804878,0.0,500,0.461837398373889,0.013556865600306169,500,0.8839186991867635,0.015424373771821482,500,0.07635215053763829,0.002241256006503736,500,0.14613172043011668,0.002549997276795167,500
6,5,4,0.8333333333333334,6.0,9.0,0.410749344636176,0.0012380635840104702,500,0.812592580450474,0.0004316711744832744,500,0.9883157122468239,0.013588629020183386,500,0.220429579663846,0.002110386029696117,500,0.26863817339012397,0.0015932402185460121,500,0.414710520607202,0.0027802256840125483,500,3.24577509257132,0.031649888432431106,500,0.013194207693379081,0.0001286580830586308,500,nan,nan,0,23.1036411721498,0.07225454655880184,500,12.53456744145884,0.13734049899666428,500,19.231631485100003,1.590413067148138e-16,500,6.0487804878,0.0,500,0.44087804878037234,0.013321136089634304,500,0.8695609756096548,0.014783808661011897,500,0.07288709677419915,0.0022022845954660316,500,0.14375806451614773,0.00244409739960405,500
6,5,4,0.8333333333333334,6.0,10.0,0.406018649969232,0.0012405027618101081,500,0.8140450444518039,0.0005904862813394385,500,1.0509792468020842,0.01337002829922158,500,0.2047984226257642,0.0020722305250150752,500,0.25549184037524403,0.0016229813390596498,500,0.43678472889587394,0.002920961213699813,500,3.04636138254638,0.030603858554566987,500,0.01238358285588072,0.0001244059290834482,500,nan,nan,0,24.024727564781003,0.08519579763876607,500,14.138544072917881,0.14884565937411623,500,19.231631485100003,1.590413067148138e-16,500,6.0487804878,0.0,500,0.4053008130080576,0.013313945252229066,500,0.7998048780487008,0.015248844853225195,500,0.06700537634409852,0.002201095787669242,500,0.13222580645161724,0.00252097838299478,500
6,5,4,0.8333333333333334,6.0,11.0,0.406015745734608,0.0013209808544249677,500,0.8181723193146879,0.0006682191624680632,500,1.132567253518052,0.013723461520045386,500,0.194957333788536,0.001988701991112618,500,0.246255547576576,0.0016162109877640688,500,0.4508412183380279,0.00288401628657117,500,2.9227834084531596,0.029450193686899558,500,0.011881233367695341,0.0001197162344995881,500,nan,nan,0,24.9790776799518,0.10386052225522038,500,15.651171353944319,0.17059500052048515,500,19.231631485100003,1.590413067148138e-16,500,6.0487804878,0.0,500,0.39084552845521525,0.012073243412497747,500,0.78908943089425,0.013850628423357993,500,0.06461559139786147,0.001995979757713501,500,0.13045430107529526,0.002289821634508657,500
6,5,4,0.8333333333333334,6.0,12.0,0.404424332708074,0.001344695099849452,500,0.81766104666553,0.0007344468467591177,500,1.173619242718212,0.01447213697072699,500,0.1878225362490456,0.002015476887380063,500,0.239234526438948,0.0016325411363563994,500,0.462183568446746,0.003006824130525663,500,2.81794941394716,0.027700348053254144,500,0.011455078918483259,0.00011260304086680494,500,nan,nan,0,25.632437712352804,0.11682467243010565,500,16.636744264494162,0.1856327953425376,500,19.231631485100003,1.590413067148138e-16,500,6.0487804878,0.0,500,0.38793495934957445,0.012038032968704213,500,0.7556585365853031,0.014213351405244996,500,0.06413440860215695,0.0019901586762787636,500,0.1249274193548474,0.0023497879339331555,500
6,5,4,0.8333333333333334,6.0,13.0,0.405760341789858,0.0013777038403109253,500,0.8176224487695861,0.0008380197523954473,500,1.2524882853221437,0.016057615421297626,500,0.1781669720175206,0.0019525891357463434,500,0.23079884021816202,0.0016300440834585669,500,0.47607705529133,0.0029936475290848023,500,2.7010738032396997,0.026849303028111223,500,0.01097997480991678,0.00010914350824433328,500,nan,nan,0,26.671462823467802,0.12263280548004042,500,18.2218030240984,0.18447530425802838,500,19.231631485100003,1.590413067148138e-16,500,6.0487804878,0.0,500,0.3589430894309027,0.011080229533961585,500,0.7347317073169838,0.013222956129650838,500,0.0593413978494668,0.0018318121406947694,500,0.121467741935486,0.0021860532311137396,500
6,5,4,0.8333333333333334,6.0,14.0,0.401013599235036,0.0013114173431663214,500,0.816968143880556,0.001077977716007844,500,1.340014989702228,0.01848115064001364,500,0.1713804951296662,0.0018815340639865177,500,0.22426600314061598,0.001606457997180818,500,0.48631764331079397,0.0030403029121095575,500,2.63566030360398,0.025246330948282925,500,0.01071406627481248,0.00010262736157833935,500,nan,nan,0,27.8421536003812,0.1491799930523395,500,19.84071216411752,0.21366676076865737,500,19.231631485100003,1.590413067148138e-16,500,6.0487804878,0.0,500,0.36141463414635006,0.011191332169106744,500,0.7151382113820396,0.013291094817159862,500,0.05975000000000614,0.0018501799150547173,500,0.11822849462366135,0.00219731809477405,500
6,5,4,0.8333333333333334,6.0,15.0,0.402250292665362,0.0012865216401424433,500,0.817315288088938,0.00099739274948495,500,1.3986796613062558,0.021464885962179305,500,0.16982925258054218,0.0021379394861751264,500,0.221762382564024,0.0018146385861993741,500,0.490165555901334,0.003306478945417441,500,2.61522191573924,0.028950489199143763,500,0.01063098339731332,0.00011768491544357679,500,nan,nan,0,28.397651120810202,0.16805438543290838,500,20.53048315749338,0.24175003601766826,500,19.231631485100003,1.590413067148138e-16,500,6.0487804878,0.0,500,0.37146341463412896,0.01134407593911609,500,0.7191382113819854,0.013481123417389938,500,0.06141129032258202,0.00187543190928955,500,0.1188897849462424,0.0022287341133610836,500
6,5,4,0.8333333333333334,7.0,1.0,0.482480857907376,0.001397236770021223,500,0.8087121887081801,2.333187810226357e-06,500,0.24343090478777799,5.89136762230922e-05,500,0.642117991488998,0.0029804206217640943,500,0.5295340384330279,0.001263385750902708,500,0.103383289237129,0.000729031069074289,500,12.208094093965261,0.08238129248676648,500,0.04962639875595239,0.00033488330279140513,500,nan,nan,0,22.4832075288014,0.000953070215550286,500,1.400891826616016,0.015373896489732551,500,22.4369033992,0.0,500,6.0487804878,0.0,500,1.8347154471557925,0.013943421100701386,500,2.2439024390200006,1.9880163339351726e-17,500,0.3033198924730288,0.0023051623593956143,500,0.370967741935,0.0,500
6,5,4,0.8333333333333334,7.0,2.0,0.452045966639934,0.0015579148575944545,500,0.810116971589652,8.707044901805588e-05,500,0.249812922094474,0.0002745148258216047,500,0.446121604020832,0.004417472221229025,500,0.430506376030388,0.0022535850070333177,500,0.17916096197595682,0.0021197773138442633,500,7.28267043309414,0.09403177809865104,500,0.029604351354045596,0.0003822430004014736,500,nan,nan,0,22.6205056465136,0.0035926361669272136,500,2.7975557266034303,0.030122133633140542,500,22.4369033992,0.0,500,6.0487804878,0.0,500,1.1584065040648337,0.018705149697050318,500,1.8017073170742002,0.015174581127162863,500,0.1915107526881727,0.00309238361926349,500,0.29786290322568165,0.0025087009121575127,500
6,5,4,0.8333333333333334,7.0,3.0,0.43077692970549997,0.0013990042524548295,500,0.813948654959926,0.00014797337530171936,500,0.27573523391227,0.0014243559666104186,500,0.330830062567646,0.003915345883598648,500,0.357210350880688,0.0023997363022785663,500,0.2653360795498234,0.0031741906260831635,500,4.9894396340877005,0.07385543993205397,500,0.02028227493531908,0.00030022536557762985,500,nan,nan,0,22.859700372389998,0.007994955191196619,500,4.266011332076199,0.044413569633106414,500,22.4369033992,0.0,500,6.0487804878,0.0,500,0.8333495934956884,0.018188760406527907,500,1.409756097561346,0.01774707553196159,500,0.13777150537637153,0.003007012809144078,500,0.23306451612899082,0.002933992325838236,500
6,5,4,0.8333333333333334,7.0,4.0,0.419264190695858,0.0013996172623493989,500,0.8152657567908062,0.000150097843991687,500,0.31361700878387,0.0026080763450489334,500,0.275663963012036,0.003479280260455502,500,0.315246840556554,0.002303571567813353,500,0.32738239720249807,0.0035014737779634694,500,4.03529800131744,0.062485097440054586,500,0.01640365041186032,0.00025400446113862214,500,nan,nan,0,23.1626444807522,0.014683617928536691,500,5.593248180469476,0.06197531178657488,500,22.4369033992,0.0,500,6.0487804878,0.0,500,0.6632845528453304,0.01704316937766117,500,1.1713821138208502,0.018097804984601402,500,0.10965591397850903,0.0028176207438894143,500,0.1936559139784897,0.002991975824060882,500
6,5,4,0.8333333333333334,7.0,5.0,0.41514147174467203,0.0013345575666644826,500,0.814179032026248,0.00014734271250726056,500,0.36940065640951203,0.0037607911948829603,500,0.236861907400772,0.002903008949378119,500,0.283271795277758,0.0021504040882400974,500,0.382487596543628,0.00377914856993356,500,3.4077152406962,0.0443089807009581,500,0.01385250097844082,0.00018011780772739618,500,nan,nan,0,23.536535189896796,0.022087573554850914,500,6.92167926688032,0.07607154787028153,500,22.4369033992,0.0,500,6.0487804878,0.0,500,0.5007804878047455,0.015068284312200473,500,0.9552845528452039,0.01892701677394157,500,0.0827903225806478,0.002491127648389523,500,0.1579301075269013,0.0031290632569806885,500
6,5,4,0.8333333333333334,7.0,6.0,0.408945369831284,0.0013076140528038547,500,0.8122670067069859,0.00019148396574670103,500,0.426465531924808,0.0048461576928125125,500,0.22130391194982402,0.002592384685598819,500,0.26755787711666196,0.001983933826121853,500,0.41004870155693607,0.00373090622609077,500,3.17443170250918,0.0375178881394394,500,0.0129041939126375,0.00015251174040410297,500,nan,nan,0,23.982244151197598,0.031067893510677375,500,8.24686498919718,0.09178981851616472,500,22.4369033992,0.0,500,6.0487804878,0.0,500,0.4785853658535344,0.015482349776662152,500,0.8752357723573823,0.01756438424984521,500,0.07912096774193787,0.0025595820195297185,500,0.14469623655917496,0.0029037893316276628,500
6,5,4,0.8333333333333334,7.0,7.0,0.40718832961332396,0.0013437255475219384,500,0.809820515388822,0.00024282574996676768,500,0.508670035168908,0.007029394674964498,500,0.200111711055106,0.002263514294207793,500,0.249748484427552,0.0018127876494929613,500,0.44380506030427397,0.003517598658800802,500,2.91059638004758,0.03323492941750304,500,0.01183169260182,0.00013510133909559114,500,nan,nan,0,24.5503287904674,0.04128376386723424,500,9.71934249532078,0.10677323434506722,500,22.4369033992,0.0,500,6.0487804878,0.0,500,0.3834959349592717,0.013549636879775864,500,0.7760487804875577,0.016891015448378083,500,0.06340053763441215,0.002240060935769826,500,0.12829838709680735,0.0027924662636451447,500
6,5,4,0.8333333333333334,7.0,8.0,0.40826196045726604,0.001367057346311224,500,0.809135188521524,0.00025814796400977334,500,0.6088770923265578,0.009996733361070563,500,0.196682519981842,0.0020913211526626787,500,0.24525701874728,0.001674831209449559,500,0.449679888412406,0.003271029259038553,500,2.8899178070183997,0.031016813194131704,500,0.011747633361860221,0.00012608460648013032,500,nan,nan,0,25.207342391570005,0.05123960959463753,500,11.23751807178896,0.11864116410202043,500,22.4369033992,0.0,500,6.0487804878,0.0,500,0.4235934959348655,0.013792671321895532,500,0.8001951219510126,0.015559756670362196,500,0.07002956989247679,0.002280240016927635,500,0.1322903225806757,0.0025723791269563374,500
6,5,4,0.8333333333333334,7.0,9.0,0.404882962610414,0.0013007391879168862,500,0.8101607119627481,0.00035104306458815063,500,0.7083234381264081,0.011655888189392718,500,0.18686250957063602,0.0019216903290033731,500,0.236437661806958,0.0015667580193031677,500,0.466079484882636,0.0031530389377285362,500,2.7922543455146003,0.029539482117181097,500,0.01135062742079128,0.00012007919559824807,500,nan,nan,0,25.917847323672603,0.06332222590833164,500,12.71811147493994,0.1310559755939325,500,22.4369033992,0.0,500,6.0487804878,0.0,500,0.394634146341337,0.0138463899876491,500,0.757121951219444,0.016181285967916282,500,0.06524193548387311,0.002289120925379179,500,0.1251693548387279,0.0026751319543741334,500
6,5,4,0.8333333333333334,7.0,10.0,0.40674671131949003,0.001269814548028299,500,0.811803900957406,0.0004417149184217397,500,0.769222925555312,0.012338521711120513,500,0.181314125950762,0.0020709307325596942,500,0.23144223653326,0.0016914501749434128,500,0.475619927146698,0.003301148473049554,500,2.7461547636161594,0.03138145877542585,500,0.0111632307464072,0.00012756690559119103,500,nan,nan,0,26.6384645824876,0.07739421918696082,500,14.061353509251001,0.15154806621683325,500,22.4369033992,0.0,500,6.0487804878,0.0,500,0.37297560975604405,0.013148652739711974,500,0.7429918699184762,0.01591204597849514,500,0.061661290322584265,0.0021737692029377437,500,0.1228333333333615,0.0026306205045118795,500
6,5,4,0.8333333333333334,7.0,11.0,0.405859454137198,0.001305173656244674,500,0.812994130514598,0.0005315528444452,500,0.823764275931164,0.012563124808300203,500,0.1724494302437792,0.0017735515989992221,500,0.223409808247284,0.001455361225755918,500,0.48745709543237004,0.003000843310988239,500,2.63058698802652,0.024427214433161832,500,0.01069344304075896,9.929761964699536e-05,500,nan,nan,0,27.3741107831412,0.08833008997063108,500,15.402551604615502,0.15879058997468312,500,22.4369033992,0.0,500,6.0487804878,0.0,500,0.38765853658533156,0.012434251594893909,500,0.7069268292681168,0.01470804512662299,500,0.06408870967743008,0.002055662562060305,500,0.11687096774195212,0.0024315719765818917,500
6,5,4,0.8333333333333334,7.0,12.0,0.40418911494618004,0.001389105199255657,500,0.8159346665321721,0.000567130309323067,500,0.8801228138975561,0.012421316083279364,500,0.1646780891976002,0.0018145767625663684,500,0.21581856974520197,0.0015285948833776133,500,0.50185105790708,0.0031299475242640763,500,2.53592224955852,0.024103615810497435,500,0.01030862703072638,9.798217809148654e-05,500,nan,nan,0,28.2460302804888,0.10174192441034595,500,16.8599673247069,0.17527792098034045,500,22.4369033992,0.0,500,6.0487804878,0.0,500,0.35377235772350235,0.01160649816330345,500,0.6821300813005781,0.013734179545560866,500,0.058486559139791734,0.001918816228612607,500,0.11277150537636406,0.002270570005520132,500
6,5,4,0.8333333333333334,7.0,13.0,0.40356613017933796,0.0013516515889082834,500,0.816735117227556,0.0007865503360304167,500,0.9003513016202881,0.012776725609562776,500,0.1606381744139618,0.0019437009283929173,500,0.211649079323372,0.001631925297592233,500,0.50749604095166,0.003256126874995679,500,2.5030033629870005,0.027168380966643667,500,0.01017481041864708,0.00011044057303517935,500,nan,nan,0,29.185385727575003,0.11507673822404647,500,18.37178692651532,0.1870434253061559,500,22.4369033992,0.0,500,6.0487804878,0.0,500,0.3579349593495795,0.012020645661131514,500,0.6983902439023341,0.014493938137764086,500,0.059174731182801796,0.001987284161720691,500,0.1154596774193641,0.00239617525664847,500
6,5,4,0.8333333333333334,7.0,14.0,0.39996689422396403,0.0012532029289834224,500,0.817571034368336,0.0008059760697869309,500,0.9272065915236539,0.013536143717396665,500,0.15048414419195502,0.0019192511117260855,500,0.203425783162052,0.0016457908749217174,500,0.52540893956232,0.0033268316273017593,500,2.38925750634222,0.025009604393218293,500,0.00971242888756974,0.00010166505850903123,500,nan,nan,0,30.010034463047997,0.14071466347371658,500,19.54373252942384,0.22432513257383538,500,22.4369033992,0.0,500,6.0487804878,0.0,500,0.31775609756096074,0.010830828761312824,500,0.6220162601626098,0.013342904550006592,500,0.052532258064523316,0.0017905805613468559,500,0.10283333333334362,0.002205883413509821,500
6,5,4,0.8333333333333334,7.0,15.0,0.39884698524261003,0.0013325775156594884,500,0.819064394416526,0.0008882582963156406,500,1.007790553233978,0.015062790513619567,500,0.1473392209143168,0.001862629333399718,500,0.1992169891067,0.0015918417774854676,500,0.5309820902231299,0.0033124708743287527,500,2.35255645896444,0.02434232590094867,500,0.00956323763806666,9.895254431288061e-05,500,nan,nan,0,31.092116659532,0.15389222382463227,500,21.17324839759336,0.2318193356122671,500,22.4369033992,0.0,500,6.0487804878,0.0,500,0.32138211382109316,0.011720698331074,500,0.6450406504063635,0.013769433740120999,500,0.053131720430117636,0.0019376960950585028,500,0.10663978494625821,0.002276398319942217,500
6,5,4,0.8333333333333334,8.0,1.0,0.470591321141036,0.0013537624351677056,500,0.809066004928814,1.7073584522187757e-06,500,0.188310278097618,3.6940730698969696e-05,500,0.613955657484378,0.0029305450638815907,500,0.511410431270652,0.001247961960509275,500,0.11163929627481499,0.0007439210598462894,500,11.32205307977742,0.07559770723010933,500,0.046024606015359196,0.0003073077529679912,500,nan,nan,0,25.6830229030286,0.0008187919668225882,500,1.407101849460734,0.015306459204519096,500,25.6421753134,0.0,500,6.0487804878,0.0,500,1.80910569105804,0.015121728725464446,500,2.2439024390200006,1.9880163339351726e-17,500,0.2990860215052756,0.002499963216714076,500,0.370967741935,0.0,500
6,5,4,0.8333333333333334,8.0,2.0,0.44738514158948,0.0014610451224293308,500,0.80949369228009,5.20608328221356e-05,500,0.19160529964627596,0.00012663880761725372,500,0.42320071025336803,0.004070056273668004,500,0.414864126510334,0.0021246990986851736,500,0.1886870478589258,0.0021325782771446445,500,6.8306952188303995,0.08200720814820092,500,0.027767053735084,0.0003333626347487653,500,nan,nan,0,25.805494479603002,0.003423255372495177,500,2.812905013061202,0.03152133039953828,500,25.6421753134,0.0,500,6.0487804878,0.0,500,1.141918699186829,0.01858986919098673,500,1.8187804878059883,0.015147181740947391,500,0.18878494623655273,0.003073325148503724,500,0.3006854838708724,0.0025041711749186953,500
6,5,4,0.8333333333333334,8.0,3.0,0.431829087415048,0.0015177772622355574,500,0.812968670468496,0.00014715786519830704,500,0.200271382436256,0.0005743809432422045,500,0.318321653176924,0.003737668014502371,500,0.346882365762424,0.0023109217143885198,500,0.2685975316517262,0.0031323524613177784,500,4.80006837364396,0.06395894210706558,500,0.01951247306359344,0.00025999569962195,500,nan,nan,0,26.004426253906605,0.006928001686550792,500,4.216895598591139,0.043650371440040095,500,25.6421753134,0.0,500,6.0487804878,0.0,500,0.8344878048776815,0.0178338538366892,500,1.457154471545308,0.017606486171933437,500,0.13795967741936152,0.002948338739130982,500,0.2409005376343778,0.0029107497300279255,500
6,5,4,0.8333333333333334,8.0,4.0,0.41727624086139203,0.001492270857426513,500,0.81548646757924,0.00016042530862921359,500,0.223282418970768,0.00150267835857905,500,0.25117542233019996,0.003566983044274565,500,0.29535548389543,0.0024864010872756486,500,0.3495144262238408,0.0041010294013145475,500,3.7180241488072996,0.05852613423889764,500,0.0151139193040941,0.0002379111147923603,500,nan,nan,0,26.288656273992203,0.012480183029363358,500,5.64395737827222,0.05998932320118269,500,25.6421753134,0.0,500,6.0487804878,0.0,500,0.651967479674526,0.017325416551140452,500,1.1547967479673202,0.019301486516917366,500,0.10778494623657443,0.00286428257498919,500,0.1909139784946217,0.0031909715612586675,500
6,5,4,0.8333333333333334,8.0,5.0,0.410887331287756,0.0013927335998015799,500,0.815838396099162,0.00013900007447675586,500,0.25755407034694805,0.002676595084493178,500,0.21944012928182202,0.0029370126913699835,500,0.26734636647665194,0.002248238065792553,500,0.39772753121873405,0.0041580645042871575,500,3.22357369735888,0.042878700943664715,500,0.01310395811934612,0.00017430366237261862,500,nan,nan,0,26.6293113671516,0.020000333710566295,500,6.9898056932035395,0.07677481996652673,500,25.6421753134,0.0,500,6.0487804878,0.0,500,0.5482439024388368,0.016006136205503122,500,0.9986991869915949,0.019027585860718513,500,0.09063709677420223,0.0026461757436536085,500,0.16510752688170863,0.0031456895979391575,500
6,5,4,0.8333333333333334,8.0,6.0,0.409882902955768,0.001324123725837897,500,0.8145137830739879,0.00015920469497331008,500,0.302707983003284,0.0033702159885736914,500,0.18848491610075382,0.002428610722719935,500,0.23861571344600202,0.001981085707643727,500,0.454560690764958,0.004059523058214565,500,2.7685079107512403,0.03324395773510228,500,0.01125409719817488,0.00013513803957352586,500,nan,nan,0,27.065247729588403,0.026628708829391626,500,8.46020137109456,0.08709642227622859,500,25.6421753134,0.0,500,6.0487804878,0.0,500,0.41185365853643396,0.015133407146623317,500,0.7928455284549739,0.017859103520227994,500,0.06808870967742646,0.0025018939234356307,500,0.13107526881720571,0.0029525130819741652,500
6,5,4,0.8333333333333334,8.0,7.0,0.40493769326875,0.0013253568452380076,500,0.8122123829014519,0.00020422072448117546,500,0.34797994595790405,0.004166587245518681,500,0.176457595720766,0.0020593388872557615,500,0.227506254466556,0.0017887244173607952,500,0.47552518732906,0.0037091502209807034,500,2.62513332920138,0.028310267326117352,500,0.010671273695939058,0.00011508238750438838,500,nan,nan,0,27.543317980494997,0.03601889147894248,500,9.8110225240469,0.10502820038538974,500,25.6421753134,0.0,500,6.0487804878,0.0,500,0.3645203252031667,0.012654187196947124,500,0.7359186991867945,0.015818519902476676,500,0.06026344086021442,0.0020920228833671076,500,0.12166397849468456,0.0026151585322663315,500
6,5,4,0.8333333333333334,8.0,8.0,0.405000994114402,0.0012713459529129284,500,0.810796898609394,0.00024222110432741106,500,0.39993458758493594,0.00644237145691896,500,0.1665407968529258,0.002088170605510795,500,0.21831318256410798,0.0017644576606731018,500,0.495813164693532,0.003794765501641552,500,2.52101874829948,0.027355184565860582,500,0.010248043692274418,0.00011119993725966778,500,nan,nan,0,28.0784345761572,0.05001733517274217,500,11.1311525554936,0.1283714972016724,500,25.6421753134,0.0,500,6.0487804878,0.0,500,0.3286991869918094,0.012794494194181529,500,0.6795772357721216,0.015771643245183292,500,0.05434139784946326,0.0021152187982321777,500,0.11234946236561888,0.002607408762310943,500
6,5,4,0.8333333333333334,8.0,9.0,0.40354043392365796,0.0013550709051242448,500,0.8095021413892041,0.00027430394003431275,500,0.49074116064690404,0.009173633193235968,500,0.1601543271422794,0.002072871306933638,500,0.21057928612794402,0.0017442869209006893,500,0.5111833949704541,0.0037438580670253376,500,2.45784163087012,0.02885826730799965,500,0.00999122614174816,0.00011731002970741128,500,nan,nan,0,28.7384274463558,0.05770232065641179,500,12.681890344997498,0.13583530572403463,500,25.6421753134,0.0,500,6.0487804878,0.0,500,0.3351707317072686,0.012954165132105785,500,0.6647642276420447,0.015911470688511054,500,0.055411290322574976,0.002141616009743165,500,0.10990053763443344,0.002630525396087005,500
6,5,4,0.8333333333333334,8.0,10.0,0.404090610631778,0.0013094462426433014,500,0.8102429333086499,0.0003203409425609393,500,0.565822153606794,0.011299359998782121,500,0.15937622179299402,0.0020317134416488036,500,0.20930588576315604,0.001708501390774283,500,0.511642652491258,0.003662049048635856,500,2.46574692883822,0.027635374812801743,500,0.010023361499343998,0.00011233892200336236,500,nan,nan,0,29.3591861371752,0.0724961668393052,500,13.945591412526479,0.15880141868615336,500,25.6421753134,0.0,500,6.0487804878,0.0,500,0.3476585365852999,0.01240189101442812,500,0.6953658536582686,0.01575797617600885,500,0.05747580645161596,0.002050312627385939,500,0.11495967741937355,0.0026051492871647613,500
6,5,4,0.8333333333333334,8.0,11.0,0.40254381468641404,0.001335648855307591,500,0.8116221146084139,0.00038468269419361656,500,0.634298791839054,0.012717329686704706,500,0.15353360760184778,0.0018816706508690227,500,0.2034377922663,0.001600196139038191,500,0.5225446870916279,0.0034621596194918157,500,2.4046474820526402,0.025666733396178074,500,0.00977498976444154,0.00010433631461861244,500,nan,nan,0,30.108248000667803,0.08591097028036933,500,15.41386957657458,0.17384623532648347,500,25.6421753134,0.0,500,6.0487804878,0.0,500,0.34990243902434337,0.012147838646337257,500,0.6733008130079504,0.014826468248185848,500,0.05784677419354934,0.002008312034273713,500,0.11131182795700797,0.0024511499926460536,500
6,5,4,0.8333333333333334,8.0,12.0,0.40030425860053004,0.0013546227893443705,500,0.8136811230691299,0.0004965172166273223,500,0.658833130870506,0.011696744737989524,500,0.14600057263777017,0.001745545880981627,500,0.196838753349586,0.0015116856338520197,500,0.535344973110788,0.0033448984744376725,500,2.3316338635581997,0.02386476210663856,500,0.0094781864372288,9.701122807580482e-05,500,nan,nan,0,30.9126529796996,0.09944497948998922,500,16.892465934252638,0.18807279519025255,500,25.6421753134,0.0,500,6.0487804878,0.0,500,0.3284715447153946,0.012141206264687355,500,0.6367967479673822,0.015399324336034841,500,0.05430376344086231,0.002007215551824029,500,0.10527688172044705,0.0025458560394281417,500
6,5,4,0.8333333333333334,8.0,13.0,0.40092264195170996,0.0013271233628199953,500,0.8148661159261221,0.0006487689156979002,500,0.7095291711309439,0.012107280367187579,500,0.144570185325455,0.0020223290919216337,500,0.194219535820642,0.0017096674482991894,500,0.540481745137266,0.0036483242358393395,500,2.32779509158372,0.027775022166076514,500,0.00946258167310546,0.00011290659417103902,500,nan,nan,0,31.7346381461556,0.11198807570304216,500,18.324547118217584,0.20037639730101375,500,25.6421753134,0.0,500,6.0487804878,0.0,500,0.33616260162595335,0.01257620153000102,500,0.6460975609754428,0.015842582282826277,500,0.055575268817217596,0.0020791300916555974,500,0.10681451612905027,0.002619136587082587,500
6,5,4,0.8333333333333334,8.0,14.0,0.399101529705462,0.001259793813224915,500,0.815879316378312,0.0006513100576170004,500,0.7271117925285641,0.01153873714488972,500,0.1365729210751078,0.0016594948440694477,500,0.18775652176232,0.0014908433440480662,500,0.5525280121020301,0.003351215726709579,500,2.2375782195109597,0.021491642176151102,500,0.00909584642077478,8.736439908998023e-05,500,nan,nan,0,32.3649575437568,0.12096392541032969,500,19.37230352263022,0.2098987330364024,500,25.6421753134,0.0,500,6.0487804878,0.0,500,0.30284552845529256,0.011029953342432978,500,0.6066829268292013,0.013797412454612159,500,0.05006720430108426,0.0018235003509672056,500,0.10029838709678103,0.0022810238332235484,500
6,5,4,0.8333333333333334,8.0,15.0,0.402244906830194,0.0013494786085699484,500,0.817717167020106,0.0007743285747196088,500,0.740990919217878,0.010890420417089425,500,0.1320092202329568,0.001763239406634802,500,0.183058212529252,0.0015884568710220516,500,0.5616686174528059,0.0035448300495533025,500,2.1989618478107804,0.023349154911358642,500,0.008938869300045582,9.491526386736507e-05,500,nan,nan,0,33.28521376323899,0.13363397491229895,500,20.85924757918814,0.2201623215954266,500,25.6421753134,0.0,500,6.0487804878,0.0,500,0.31521951219510175,0.011650639608544911,500,0.6035447154470642,0.014318298659527289,500,0.0521129032258213,0.0019261138062534617,500,0.09977956989249512,0.0023671380848438086,500
6,5,4,0.8333333333333334,9.0,1.0,0.46537343876322596,0.0013820922897353283,500,0.80931363583448,1.2476927707181768e-06,500,0.149945113024374,2.7086394803937787e-05,500,0.5939156202378701,0.002946647906666727,500,0.49846325303046,0.0012607814835889303,500,0.11769734322425941,0.0007849487578967508,500,10.73588948267394,0.06996489519011892,500,0.043641827165344,0.0002844101430494352,500,nan,nan,0,28.883679619563196,0.0007204748139657023,500,1.4069768143863601,0.01500915447313657,500,28.847447227600007,3.180826134296276e-16,500,6.0487804878,0.0,500,1.8068292682938403,0.01511898144312057,500,2.2439024390200006,1.9880163339351726e-17,500,0.29870967741925564,0.0024995090289071376,500,0.370967741935,0.0,500
6,5,4,0.8333333333333334,9.0,2.0,0.44141881386292603,0.001353578035948328,500,0.8093937723620099,2.8737090233058587e-05,500,0.15189103882574,7.153553790482898e-05,500,0.408033328258464,0.00393277768127822,500,0.403078247611208,0.0020858801900006624,500,0.196481034329206,0.0021567959181743156,500,6.52034347233014,0.0760447278856019,500,0.0265054612696342,0.0003091249101041303,500,nan,nan,0,28.994705266338404,0.002965529000399494,500,2.83937426843384,0.030363993689620155,500,28.847447227600007,3.180826134296276e-16,500,6.0487804878,0.0,500,1.1467642276421641,0.017985721963439456,500,1.7988617886189802,0.015039350893575252,500,0.1895860215053902,0.0029734459697551043,500,0.29739247311816996,0.0024863443009584406,500
6,5,4,0.8333333333333334,9.0,3.0,0.43034779328100004,0.0014901774700984143,500,0.8114734160500879,0.000122488972532485,500,0.15596034504421,0.00026450983561307386,500,0.305728643033064,0.004124332637802453,500,0.33736829916769,0.0025451433107425312,500,0.27761753507569664,0.003507717435156744,500,4.67630530013916,0.06916776504284494,500,0.019009371138776678,0.00028116977659694295,500,nan,nan,0,29.1599192796996,0.006504761728603141,500,4.129498610877583,0.04682367307996005,500,28.847447227600007,3.180826134296276e-16,500,6.0487804878,0.0,500,0.8279186991867268,0.017919423844792465,500,1.43569105691116,0.01818415687470398,500,0.1368736559140031,0.002962485393696266,500,0.237352150537623,0.003006251741371549,500
6,5,4,0.8333333333333334,9.0,4.0,0.41979118923527803,0.001427220105527022,500,0.815152241084006,0.00016322802377050075,500,0.16726316409373201,0.0008071853259195469,500,0.2370246430529094,0.003327201942483277,500,0.284014802234974,0.00241158733785873,500,0.35969743700611806,0.004204395496777899,500,3.5398535051158797,0.04870934175900675,500,0.01438964839478036,0.00019800545430483088,500,nan,nan,0,29.4142117927096,0.010830777199988532,500,5.605725766487559,0.05759053221481672,500,28.847447227600007,3.180826134296276e-16,500,6.0487804878,0.0,500,0.6294146341461362,0.016503560102188966,500,1.1592357723575488,0.01849730181313977,500,0.10405645161290514,0.0027284111459283463,500,0.19164784946238245,0.003058021670713463,500
6,5,4,0.8333333333333334,9.0,5.0,0.41218231656920395,0.0013271635434999695,500,0.816418569239672,0.00016848287604517191,500,0.186320378625594,0.0016237921428082867,500,0.2044997746593408,0.0029497891458751127,500,0.255139936794964,0.002310539726649278,500,0.411130434695238,0.004368550912539889,500,3.0752696759046003,0.04168644000517977,500,0.012501096243513338,0.00016945707319176022,500,nan,nan,0,29.711417003949798,0.017591586505046913,500,6.915099048096839,0.07661313276006274,500,28.847447227600007,3.180826134296276e-16,500,6.0487804878,0.0,500,0.5563414634144868,0.015573256279020332,500,0.9938861788614693,0.01826641825003149,500,0.09197580645160833,0.002574610917097567,500,0.16431182795699295,0.003019851404236742,500
6,5,4,0.8333333333333334,9.0,6.0,0.40421796855139003,0.0013551938618738622,500,0.8161957366274522,0.0001528018157236145,500,0.210430738934868,0.002236399644923819,500,0.1750620829861716,0.0026141792153862127,500,0.228232083631914,0.002164711059002891,500,0.465998854622674,0.004433019696099971,500,2.67166614521068,0.03593450752005025,500,0.01086043148459608,0.00014607523382133115,500,nan,nan,0,30.061927391820397,0.02471616855569362,500,8.22765777572304,0.0912477313912877,500,28.847447227600007,3.180826134296276e-16,500,6.0487804878,0.0,500,0.4313983739836059,0.014416164944708638,500,0.8179512195118542,0.017755292573538476,500,0.07131989247311998,0.0023833175916669223,500,0.13522580645162563,0.0029353507883683205,500
6,5,4,0.8333333333333334,9.0,7.0,0.405799410403086,0.0013649143415670265,500,0.814775470699108,0.00016984046938337477,500,0.24174341900627602,0.0028545808309778003,500,0.1610293285473062,0.0024282761358462575,500,0.21319967616355998,0.0020616418594150455,500,0.497389921872676,0.004414989293714016,500,2.4944630435326003,0.03280570609612376,500,0.010140093672896838,0.00013335652884602798,500,nan,nan,0,30.5237768712112,0.03189889617314623,500,9.73236185892018,0.10320153475795056,500,28.847447227600007,3.180826134296276e-16,500,6.0487804878,0.0,500,0.3836422764226678,0.013904052751246274,500,0.74658536585341,0.017388186891781912,500,0.06342473118279651,0.0022986538822631483,500,0.12342741935485306,0.0028746599296909053,500
6,5,4,0.8333333333333334,9.0,8.0,0.40235009688252404,0.001356370701822974,500,0.81255855470451,0.00022082689483172966,500,0.27857005843304,0.0036729212685532374,500,0.1495098403113244,0.002319658244483584,500,0.200140554866616,0.0020105551701133967,500,0.5264064493614939,0.0044206569869489135,500,2.34205764668342,0.03131545556993177,500,0.009520559539363099,0.00012729859987777346,500,nan,nan,0,31.0332793006124,0.04360700288821724,500,11.140949301085781,0.12436085134350561,500,28.847447227600007,3.180826134296276e-16,500,6.0487804878,0.0,500,0.3497398373982687,0.014008914461068552,500,0.6464390243900741,0.017097870732565936,500,0.0578198924730992,0.002315989890740513,500,0.1068709677419539,0.002826664113046637,500
6,5,4,0.8333333333333334,9.0,9.0,0.399243271360036,0.0013803104030891313,500,0.8108468526500681,0.0002433820203860481,500,0.32440536322423,0.005588447656982966,500,0.1418729931370074,0.001997369607085948,500,0.19270773920923198,0.001774033640644005,500,0.540850687599736,0.004137569066134817,500,2.25418715478618,0.025042140751289965,500,0.00916336241782904,0.00010179732012721,500,nan,nan,0,31.582590263040597,0.0543869840916879,500,12.535491053673221,0.13886365549289678,500,28.847447227600007,3.180826134296276e-16,500,6.0487804878,0.0,500,0.31795121951212263,0.012893845279709217,500,0.6225691056908946,0.015573967015682033,500,0.05256451612902804,0.0021316437760806753,500,0.1029247311828161,0.002574728417917383,500
6,5,4,0.8333333333333334,9.0,10.0,0.401637635311964,0.0013495154374611532,500,0.80966205375146,0.00027006778410508287,500,0.390605656520908,0.008137746842384367,500,0.1374743899160742,0.001998812462492593,500,0.188403105182816,0.0018009438756406114,500,0.5505007042753559,0.004121403127463632,500,2.23078866742808,0.025922984437951865,500,0.00906824661556214,0.00010537798552008304,500,nan,nan,0,32.171766507203,0.0644591682526534,500,13.882427907544281,0.15635426374107858,500,28.847447227600007,3.180826134296276e-16,500,6.0487804878,0.0,500,0.30388617886171154,0.01232439381117811,500,0.6114471544712923,0.015439704041969595,500,0.0502392473118188,0.0020375005897515035,500,0.10108602150540219,0.0025525317166196024,500
6,5,4,0.8333333333333334,9.0,11.0,0.40215244710146,0.00125501403388895,500,0.81059697553753,0.00037147615033773643,500,0.46495401082084403,0.010667029756992972,500,0.13693297419977762,0.001962451434042577,500,0.18723227454231,0.0017404273742932092,500,0.552371371485302,0.004024263005627553,500,2.24607820803328,0.026045969437119638,500,0.0091303992196463,0.00010587792454109364,500,nan,nan,0,32.899879467397,0.07948384838572348,500,15.42610090251616,0.17575939876845892,500,28.847447227600007,3.180826134296276e-16,500,6.0487804878,0.0,500,0.32538211382107113,0.012611870600266086,500,0.6282113821135535,0.01596675957548724,500,0.05379301075269122,0.0020850269943999736,500,0.10385752688171822,0.0026396658975625974,500
6,5,4,0.8333333333333334,9.0,12.0,0.39901211109153,0.0014251476992405323,500,0.8102711282951199,0.00038465833965777404,500,0.504561292906046,0.010214078778873138,500,0.13349545619892342,0.0018507543668886011,500,0.182933576994034,0.0016674799866469676,500,0.5605298716380739,0.0038504686118621336,500,2.2082161663249797,0.025481441190392036,500,0.008976488480995179,0.00010358309426980637,500,nan,nan,0,33.598762023356194,0.08475739972411478,500,16.88717831720582,0.17401040569777806,500,28.847447227600007,3.180826134296276e-16,500,6.0487804878,0.0,500,0.31957723577229685,0.01232958406202117,500,0.6225365853656833,0.015474291571903253,500,0.052833333333339186,0.0020383586554160206,500,0.10291935483872793,0.002558249816325341,500
6,5,4,0.8333333333333334,9.0,13.0,0.39878887187367995,0.0013219872952913918,500,0.8128063001847741,0.000498852235676268,500,0.538407150566756,0.011100184169131794,500,0.12926021598115142,0.001747604052253451,500,0.17799136157752998,0.001569347144470143,500,0.569875435701702,0.003727583001815619,500,2.14291087047618,0.02158030466436424,500,0.00871101979868348,8.772481570888994e-05,500,nan,nan,0,34.293478556048,0.1060488355281595,500,18.12226042896894,0.2054520811832163,500,28.847447227600007,3.180826134296276e-16,500,6.0487804878,0.0,500,0.3066016260161904,0.01191067354007501,500,0.5964390243901266,0.014949697258785788,500,0.050688172043004985,0.001969103286867551,500,0.0986048387097006,0.002471522530689221,500
6,5,4,0.8333333333333334,9.0,14.0,0.398918908719194,0.0012246521101073283,500,0.813989307035448,0.0004998510308826248,500,0.550642134485236,0.01034184637970374,500,0.12255460490090041,0.0016245617424778375,500,0.172640230283178,0.0015391818625155032,500,0.58193653180476,0.0037031077885378893,500,2.0868357429122004,0.020648389385030098,500,0.008483072125659881,8.39365422155526e-05,500,nan,nan,0,34.924501125317796,0.11838926629822924,500,19.251121793390418,0.21900609049455427,500,28.847447227600007,3.180826134296276e-16,500,6.0487804878,0.0,500,0.29684552845526274,0.010868193779349954,500,0.5724065040649695,0.014540458059018902,500,0.049075268817208285,0.0017967578425544853,500,0.09463172043012308,0.0024038660500812653,500
6,5,4,0.8333333333333334,9.0,15.0,0.397327756570014,0.001249211329071255,500,0.81601560277309,0.0005906319131038967,500,0.601376884961862,0.010571729088289683,500,0.12006742106071759,0.0016234011015932494,500,0.168451760880328,0.0015069500195645175,500,0.589587475685154,0.0035750655603759484,500,2.0518531148133197,0.020231885055395263,500,0.00834086632037974,8.224343518450145e-05,500,nan,nan,0,35.9484976516434,0.12954461563750708,500,21.0338003793128,0.22858208656257795,500,28.847447227600007,3.180826134296276e-16,500,6.0487804878,0.0,500,0.28861788617886325,0.010998916828137433,500,0.5483577235771439,0.013361799836174498,500,0.04771505376344734,0.001818369314329549,500,0.09065591397850059,0.0022090072309825905,500
6,5,4,0.8333333333333334,10.0,1.0,0.45991468000788993,0.0013915001764738919,500,0.8094950382594561,1.021537699060333e-06,500,0.122103404427934,1.918149975256845e-05,500,0.575768661879654,0.0029507922162647993,500,0.487308703129276,0.001263803343786811,500,0.12286543277650219,0.0008034216693160028,500,10.29091296920896,0.06816766467566744,500,0.04183297954963361,0.00027710432795007847,500,nan,nan,0,32.085850791491,0.0006601031530880938,500,1.416933351934852,0.015347278644506265,500,32.052719141800004,3.180826134296276e-16,500,6.0487804878,0.0,500,1.8079674796759682,0.014640642085646026,500,2.2439024390200006,1.9880163339351726e-17,500,0.29889784946225406,0.0024204287319066166,500,0.370967741935,0.0,500
6,5,4,0.8333333333333334,10.0,2.0,0.431321056606888,0.0013886362637151113,500,0.8094587006330939,5.904405051911343e-06,500,0.12341203994086002,4.983648987581856e-05,500,0.393587285627436,0.003859493445939365,500,0.393352266344762,0.002016205817090603,500,0.20297788158517183,0.0021100545711918543,500,6.28131488830616,0.07180227179110707,500,0.0255338003589684,0.0002918791536223165,500,nan,nan,0,32.186294132144404,0.00253742541204826,500,2.853655691841032,0.029714324475701524,500,32.052719141800004,3.180826134296276e-16,500,6.0487804878,0.0,500,1.151430894308759,0.01856873039767235,500,1.8000000000012804,0.015128079905031367,500,0.19035752688170202,0.0030698304286416534,500,0.29758064516121085,0.0025010132101086872,500
6,5,4,0.8333333333333334,10.0,3.0,0.42824543174183805,0.0014037161040211918,500,0.8106863639682099,8.509760494076251e-05,500,0.125647413491914,0.00012307971569866386,500,0.294874927463676,0.003988113683091119,500,0.32817985198037003,0.0024673185845588233,500,0.285305736970829,0.0034756971599466465,500,4.504441023190079,0.065336400115295,500,0.018310735866625884,0.00026559512241998586,500,nan,nan,0,32.3435594714374,0.0057230290876583,500,4.207729974235464,0.045661188948642226,500,32.052719141800004,3.180826134296276e-16,500,6.0487804878,0.0,500,0.8305691056907311,0.01878218224476643,500,1.425934959350136,0.018947832614062948,500,0.1373118279570026,0.0031051188388528665,500,0.235739247311804,0.003132504585379855,500
6,5,4,0.8333333333333334,10.0,4.0,0.414380935610786,0.001410339586473069,500,0.814121821742332,0.00017261832446600672,500,0.13203854911814802,0.0004909687253153897,500,0.2268688316302204,0.0033850331901584367,500,0.27569875983980396,0.0024573238240286808,500,0.36779603165542796,0.004309711491530056,500,3.4459589948655402,0.04945169913694174,500,0.01400796339376228,0.00020102316722335516,500,nan,nan,0,32.5576453759196,0.009672325928945718,500,5.56892797037366,0.05762835625660607,500,32.052719141800004,3.180826134296276e-16,500,6.0487804878,0.0,500,0.6326666666664771,0.016313762431748924,500,1.1525691056908542,0.017937070340122534,500,0.10459408602153218,0.0026970333052511257,500,0.19054569892474985,0.0029654027578353364,500
6,5,4,0.8333333333333334,10.0,5.0,0.410580359381182,0.0013445505817923573,500,0.8164833508256278,0.00018088429007168282,500,0.14111591927600803,0.0008258134030812264,500,0.1885603539312284,0.0030346801276768536,500,0.24268060240404,0.0023735890974861374,500,0.42834204830663203,0.004593981611843589,500,2.9261310502757203,0.04127321740929266,500,0.01189484166778726,0.0001677773065418449,500,nan,nan,0,32.8413329452986,0.01561855740212394,500,6.9613219296711994,0.07541558823564894,500,32.052719141800004,3.180826134296276e-16,500,6.0487804878,0.0,500,0.5208617886177614,0.015556442262616663,500,0.9866178861785617,0.0184965215212119,500,0.08611021505379578,0.0025718311805155865,500,0.1631102150537755,0.0030578926708430946,500
6,5,4,0.8333333333333334,10.0,6.0,0.40681690266687204,0.0013703285107930072,500,0.8166315490661721,0.00016528458107175291,500,0.16212979079226,0.001843904095938478,500,0.1646206886002874,0.0028614355780370764,500,0.21803243571547,0.0023944906899531367,500,0.480555128900506,0.0050068872193109555,500,2.5954470066910598,0.037757173994988465,500,0.010550597588174998,0.00015348444713409416,500,nan,nan,0,33.187179587361406,0.024055834242031147,500,8.34512718556218,0.09663371889080889,500,32.052719141800004,3.180826134296276e-16,500,6.0487804878,0.0,500,0.43913821138198494,0.015271097623533353,500,0.8231382113818269,0.018816000575595036,500,0.07259946236559224,0.0025246572684080324,500,0.13608333333335726,0.0031107097725789072,500
6,5,4,0.8333333333333334,10.0,7.0,0.40266089757151996,0.0012714863612155406,500,0.8159075347361379,0.00017121283294017914,500,0.180088498998182,0.0020385119220538315,500,0.1475441098565546,0.002426012773049229,500,0.199911991761072,0.0021273189392621533,500,0.5183119966887919,0.004800900173777149,500,2.3616769949478003,0.030616260325789475,500,0.00960031298759296,0.00012445634278771813,500,nan,nan,0,33.5889704103176,0.029356844824948113,500,9.79410160807128,0.10352265278677286,500,32.052719141800004,3.180826134296276e-16,500,6.0487804878,0.0,500,0.37533333333327973,0.014087274187067787,500,0.7219024390241496,0.017648186111610488,500,0.06205107526882604,0.002328944522862918,500,0.11934677419355089,0.0029176436716786052,500
6,5,4,0.8333333333333334,10.0,8.0,0.399518562807036,0.0013888657051673017,500,0.814193686267802,0.00019647410222433452,500,0.20900455232384998,0.0028801059844025903,500,0.13561357482773598,0.0023660842905400895,500,0.18677023243636798,0.002081453913618227,500,0.5488387568097299,0.004707224043547574,500,2.2182093442081596,0.031011393415218715,500,0.00901711115531772,0.00012606257485863574,500,nan,nan,0,34.124712956001,0.04182066716720049,500,11.38395486905856,0.12972559772085124,500,32.052719141800004,3.180826134296276e-16,500,6.0487804878,0.0,500,0.32104065040641994,0.013290284044160224,500,0.6379349593493949,0.017274597761196765,500,0.0530752688172026,0.002197184055687548,500,0.10546505376344213,0.0028558810814894656,500
6,5,4,0.8333333333333334,10.0,9.0,0.40077916451795603,0.0012584071451044571,500,0.81265024653161,0.000237579835036402,500,0.23098986325195603,0.0035986465838028477,500,0.13167608178253523,0.0020772355396995153,500,0.1821457882634,0.001976185775517367,500,0.5586293013550201,0.004688066119621465,500,2.16860414791386,0.02640666391227306,500,0.008815464015910539,0.0001073441622449658,500,nan,nan,0,34.482172048245396,0.05078975013130827,500,12.345040530247399,0.14526997085366297,500,32.052719141800004,3.180826134296276e-16,500,6.0487804878,0.0,500,0.3198699186991115,0.012999031798717205,500,0.6104227642275155,0.016606376882680907,500,0.052881720430103,0.0021490334828525802,500,0.10091666666667333,0.002745409081411916,500
6,5,4,0.8333333333333334,10.0,10.0,0.39824868390006807,0.0012301355405830033,500,0.81152156018616,0.0002789096318313274,500,0.26925116396987403,0.005060555148822006,500,0.1222097034306592,0.0018731014901534474,500,0.17216646038543781,0.0017293778511920722,500,0.5814751724148179,0.004254365304308636,500,2.0612560938712803,0.02328751875978185,500,0.00837908981248442,9.466471040557366e-05,500,nan,nan,0,35.056842647189605,0.05984916939368603,500,13.8597027123486,0.1504930597165276,500,32.052719141800004,3.180826134296276e-16,500,6.0487804878,0.0,500,0.28265040650400375,0.012323685117195296,500,0.5679674796746857,0.016119223982928137,500,0.0467284946236553,0.002037383426632857,500,0.09389784946239345,0.002664871706856811,500
6,5,4,0.8333333333333334,10.0,11.0,0.39858295882876404,0.0013290835175002059,500,0.810119917160318,0.00028946805196278014,500,0.31771576564265397,0.0068460203141920365,500,0.11711575916679359,0.00191411342029482,500,0.1662376859043844,0.0017424123281129973,500,0.59529837615875,0.004211837769199825,500,2.01385527784072,0.024173637364285395,500,0.008186403568457781,9.82668185539614e-05,500,nan,nan,0,35.658714785638395,0.06682793093588683,500,15.286005762749278,0.1597448103255037,500,32.052719141800004,3.180826134296276e-16,500,6.0487804878,0.0,500,0.2706991869917843,0.012284008331107463,500,0.5312032520324107,0.016092640126242688,500,0.044752688172040804,0.0020308239579656215,500,0.08781989247312603,0.002660476795065019,500
6,5,4,0.8333333333333334,10.0,12.0,0.397440929035832,0.0013894255383324811,500,0.810506919836264,0.0003381446413555648,500,0.381234683655146,0.009304132697927034,500,0.1203930382636824,0.0018288779509057493,500,0.16872695658957743,0.001711858081046635,500,0.5872431605749121,0.004145003892667376,500,2.05622942384488,0.022812983428961004,500,0.0083586561944905,9.273570499569817e-05,500,nan,nan,0,36.301189549075005,0.08464244533239329,500,16.599247569832517,0.19223162509358702,500,32.052719141800004,3.180826134296276e-16,500,6.0487804878,0.0,500,0.2910406504064266,0.012296557985832355,500,0.5650569105689335,0.015717461430237542,500,0.04811559139785044,0.002032898699271251,500,0.09341666666666036,0.0025984512848393855,500
6,5,4,0.8333333333333334,10.0,13.0,0.39580002773363204,0.0013130700230793422,500,0.811367405560434,0.0003959797081580187,500,0.428692141048964,0.010121172960315108,500,0.11593512478769441,0.001642314039912684,500,0.163778165289076,0.0015656230466052376,500,0.5970434199922561,0.003946257506931227,500,2.0161076134113,0.020889874837935852,500,0.008195559404111041,8.491819039804611e-05,500,nan,nan,0,37.1000884404868,0.09735123276353155,500,18.251135964380758,0.2035011579356051,500,32.052719141800004,3.180826134296276e-16,500,6.0487804878,0.0,500,0.2792357723576823,0.011477990173757948,500,0.5503089430893533,0.014479355145230523,500,0.046163978494616745,0.0018975709561451473,500,0.09097849462366948,0.002393764358689027,500
6,5,4,0.8333333333333334,10.0,14.0,0.39603618540849594,0.001220178352669475,500,0.812531468031636,0.00043800643652671555,500,0.467309360863642,0.010743387709862206,500,0.11485440394638619,0.0016571121909263115,500,0.1624750375078692,0.001577288862681947,500,0.6004626005259699,0.003896676178863199,500,2.00882146924768,0.020799665285806974,500,0.008165940931900699,8.455148490166557e-05,500,nan,nan,0,37.6707475540598,0.10686424764631283,500,19.349527769156715,0.21470376551840725,500,32.052719141800004,3.180826134296276e-16,500,6.0487804878,0.0,500,0.27733333333326726,0.011326860505600623,500,0.5585365853657266,0.014246485163406139,500,0.045849462365600877,0.0018725858093951069,500,0.09233870967742137,0.0023552656923389913,500
6,5,4,0.8333333333333334,10.0,15.0,0.397481714257352,0.0012813980803327149,500,0.812525642500746,0.0005084797792608999,500,0.475057081127174,0.009975372439585468,500,0.1097203351859168,0.0015591483443946866,500,0.15726721734583402,0.0014758377970635493,500,0.6116233225776779,0.003631348358662918,500,1.94979047503906,0.019118578667523322,500,0.00792597754080966,7.771779946151068e-05,500,nan,nan,0,38.27879864735981,0.11981493757812839,500,20.473189772855463,0.22783100320032745,500,32.052719141800004,3.180826134296276e-16,500,6.0487804878,0.0,500,0.2619999999999769,0.01033711333505476,500,0.5150894308942168,0.013091249099425767,500,0.04331451612903675,0.0017089582529733836,500,0.08515591397850912,0.002164279084987944,500
6,6,4,1.0,1.0,1.0,0.528888883157146,0.0009653837286686785,500,1.20079586288864,0.00011880567369313735,500,8.0997911799608,0.009131147743095227,500,1.17244489339322,0.00013212433575857094,500,0.856501264705162,7.946277519126015e-05,500,0.00900307939210858,8.117034366081216e-06,500,115.159460052274,0.07676425149176497,500,0.270327371014728,0.00018019777345473857,500,nan,nan,0,3.7870766463816397,0.006538570541087249,500,1.5217984818621921,0.016562909184447076,500,3.45116240639,0.0,500,6.647887323939998,7.95206533574069e-17,500,2.74892018779318,0.009813574309574108,500,4.92710798122096,0.0068377652277154845,500,0.413502824858762,0.0014761944406369227,500,0.741153954802222,0.0010285621423072311,500
6,6,4,1.0,1.0,2.0,0.5296703589619479,0.0009652702606873385,500,1.2034783698495801,0.000373774517839295,500,8.999521059827702,0.02085196139959055,500,1.1524946376921799,0.0011547091823348472,500,0.842489635905172,0.0005062314267824786,500,0.010393907590418479,5.85146880607911e-05,500,103.30029301345459,0.3901572248445426,500,0.2424889507358,0.0009158620301523626,500,nan,nan,0,4.66701196133254,0.020721597125659758,500,3.0922493558160395,0.03236612700720389,500,3.45116240639,0.0,500,6.647887323939998,7.95206533574069e-17,500,2.40946478873244,0.012381806172778722,500,4.40214084507038,0.016439401134414094,500,0.362440677966108,0.0018625174539570733,500,0.66218644067799,0.002472876018097862,500
6,6,4,1.0,1.0,3.0,0.520577743397096,0.0011342671367939457,500,1.19632606954572,0.0008320305143296745,500,9.58680657118604,0.027402173695928827,500,1.093444306131894,0.0033155632360327265,500,0.8114851001719899,0.0015009566791959114,500,0.0146871048351968,0.00025349432974580444,500,84.3107744522032,0.7839937568709971,500,0.1979126160849814,0.0018403609316230704,500,nan,nan,0,5.7791553311251,0.03726883061342304,500,4.58375629753726,0.048429989812553476,500,3.45116240639,0.0,500,6.647887323939998,7.95206533574069e-17,500,2.15501408450706,0.014786638746992794,500,3.9453521126758395,0.02164162962273141,500,0.32416525423729603,0.0022242613369428117,500,0.593474576271168,0.0032554146254538388,500
6,6,4,1.0,1.0,4.0,0.506555244291494,0.0014647354872439529,500,1.18052167632244,0.0011952590208577627,500,9.67589525882756,0.03436430519262419,500,0.9917658276156299,0.005822125933554036,500,0.758988961422644,0.0028267126880854136,500,0.0251270857809323,0.0007146683112059099,500,62.57350268567016,1.0096598752846433,500,0.146886156539134,0.0023700936039536685,500,nan,nan,0,7.153946344099,0.0577591396189771,500,6.21700653262034,0.06762473221095142,500,3.45116240639,0.0,500,6.647887323939998,7.95206533574069e-17,500,1.869267605633848,0.017302656160199558,500,3.48148356807484,0.026578472999404947,500,0.28118220338984223,0.002602730057995062,500,0.523697740113008,0.00399803301474146,500
6,6,4,1.0,1.0,5.0,0.48435081247522205,0.0016944642348360047,500,1.1655036431120198,0.0013654959231270143,500,9.410987372373139,0.04065421703212358,500,0.8892496212175219,0.007154002615742512,500,0.703779106665502,0.003628762389297691,500,0.039206115096189674,0.0010633870706858136,500,46.27787360856082,1.0290914429779776,500,0.1086335061233726,0.0024157076126239984,500,nan,nan,0,8.501314581754741,0.07406960619117312,500,7.723987065615019,0.08302302415024639,500,3.45116240639,0.0,500,6.647887323939998,7.95206533574069e-17,500,1.65065727699546,0.0178483931598445,500,3.1191737089200195,0.028502431944563842,500,0.24829802259890202,0.002684821852432604,500,0.469197740113006,0.004287442093355677,500
6,6,4,1.0,1.0,6.0,0.464302251487378,0.0017595699021054753,500,1.15393227067192,0.001486633846549127,500,8.95553248672882,0.05228014210326057,500,0.7889544111983099,0.00829883606331213,500,0.64574427334276,0.004413146217794753,500,0.06003030308872718,0.0017547898435917746,500,34.0937454226954,0.9189024270446625,500,0.0800322662504708,0.0021570479508093814,500,nan,nan,0,9.923770548603999,0.08891775295159617,500,9.2669240521412,0.09643022736515625,500,3.45116240639,0.0,500,6.647887323939998,7.95206533574069e-17,500,1.4458685446008739,0.018806449125646045,500,2.76974647887316,0.030049034369711177,500,0.21749293785314258,0.002828936203220842,500,0.41663559322033994,0.004520087797138954,500
6,6,4,1.0,1.0,7.0,0.44885075746589,0.001898639900983664,500,1.14532964843436,0.001470919858406802,500,8.364372886446459,0.06695410026433966,500,0.6863094187438741,0.00961205662666938,500,0.5839435756436739,0.005403139793548502,500,0.09167245292637091,0.0029055764830785134,500,25.48276089391776,0.8379521975043108,500,0.05981868754441946,0.0019670239378037834,500,nan,nan,0,11.441852322066119,0.11135139143763595,500,10.87265551379828,0.11825375841403754,500,3.45116240639,0.0,500,6.647887323939998,7.95206533574069e-17,500,1.242920187793364,0.02008742605665685,500,2.422300469483578,0.03428241728995994,500,0.18696468926552778,0.003021625529709604,500,0.36437146892656325,0.005156889041499427,500
6,6,4,1.0,1.0,8.0,0.43955853684695,0.001750260027020909,500,1.13763464793654,0.0014596853451546996,500,8.0117608117652,0.0643476498123464,500,0.631495503874006,0.00889921440594292,500,0.550779775375392,0.005085595550209254,500,0.10628885624637491,0.003062928285111592,500,20.70642313665332,0.7364721925114496,500,0.048606627081347255,0.0017288079636418288,500,nan,nan,0,12.67951183914324,0.12524537895024931,500,12.164540760480959,0.13212433173826763,500,3.45116240639,0.0,500,6.647887323939998,7.95206533574069e-17,500,1.1795305164318401,0.018998084390305398,500,2.2962065727697643,0.031856703118487435,500,0.17742937853110766,0.002857762694304823,500,0.3454039548022532,0.004792004070789372,500
6,6,4,1.0,1.0,9.0,0.428766189301562,0.0017353138813076202,500,1.13084005493678,0.0013816749672530726,500,7.38780067936048,0.06929347384584822,500,0.548100991450202,0.008953146424352666,500,0.49934240999809204,0.005302459885100434,500,0.14079310528896757,0.003814817821087495,500,15.688188441710919,0.593860150697096,500,0.0368267334312505,0.0013940379124350913,500,nan,nan,0,14.21891647516928,0.1381093644846718,500,13.7672446547781,0.1433080574854515,500,3.45116240639,0.0,500,6.647887323939998,7.95206533574069e-17,500,1.041267605633779,0.019494309381240214,500,2.040150234742007,0.03387462624484484,500,0.15663135593222102,0.0029324067077723713,500,0.3068870056497354,0.005095547591914093,500
6,6,4,1.0,1.0,10.0,0.42008329970386604,0.0015173114210628262,500,1.1268233721619,0.00139218384435151,500,6.89572279322206,0.0754204230068131,500,0.4977515543186632,0.008906196780754749,500,0.462385265921822,0.0055002008036854734,500,0.1703262383827206,0.004734993898496806,500,12.83219548631034,0.45601198023078643,500,0.03012252461575148,0.001070450657818201,500,nan,nan,0,15.80518607286748,0.16271626331917405,500,15.396933444902,0.16773655224094317,500,3.45116240639,0.0,500,6.647887323939998,7.95206533574069e-17,500,0.969549295774648,0.01947919014690841,500,1.8753145539906273,0.03329687248574771,500,0.14584322033903482,0.002930132416165906,500,0.28209180790960603,0.005008639717137904,500
6,6,4,1.0,1.0,11.0,0.41877228571218,0.0015180841104749014,500,1.12421516884302,0.0013754822405966625,500,6.538850767750721,0.07935260201231067,500,0.461700196437675,0.008873414162711138,500,0.435650526685656,0.005642340076980861,500,0.19342735450787382,0.005044664732515987,500,11.37174174659016,0.45990859624503944,500,0.02669422945208664,0.0010795976437682248,500,nan,nan,0,17.12853227646618,0.18040322028783704,500,16.75055464783402,0.18530768760611518,500,3.45116240639,0.0,500,6.647887323939998,7.95206533574069e-17,500,0.8975211267605451,0.01893067350328231,500,1.752553990610073,0.032733047736818136,500,0.13500847457628848,0.0028476224973163745,500,0.2636257062146763,0.004923827096004709,500
6,6,4,1.0,1.0,12.0,0.40905656497744597,0.001417524702702143,500,1.12116803679604,0.0014819709814431136,500,5.97372292263148,0.07888169886739539,500,0.4046411563403053,0.008625781162152457,500,0.394002233284642,0.005532210683238914,500,0.23195891215043402,0.005495974412959353,500,9.19477879428722,0.45285031426660244,500,0.02158398778001674,0.0010630289067285411,500,nan,nan,0,19.15046916942656,0.19516123054996562,500,18.812674297582575,0.19979497645611707,500,3.45116240639,0.0,500,6.647887323939998,7.95206533574069e-17,500,0.801370892018746,0.01846413939055382,500,1.5705352112679103,0.03260850969914458,500,0.12054519774015199,0.00277744469646163,500,0.2362457627118729,0.004905093619997348,500
6,6,4,1.0,1.0,13.0,0.409268468758954,0.0013248373017564024,500,1.11910125627566,0.001462145546815397,500,5.78451274934322,0.07975229090182324,500,0.39003768540987743,0.008425561939988207,500,0.384205212843016,0.005579859380883099,500,0.2444780853547054,0.006075448070549725,500,8.61414854592656,0.38594547449505084,500,0.0202210059763523,0.0009059752922421146,500,nan,nan,0,20.002213741071483,0.21749591246001662,500,19.67755406481202,0.22192828695533479,500,3.45116240639,0.0,500,6.647887323939998,7.95206533574069e-17,500,0.779070422535277,0.018516720298535162,500,1.5475586854458563,0.03302808330444424,500,0.11719067796612109,0.0027853541127026214,500,0.23278954802259552,0.004968207446219844,500
6,6,4,1.0,1.0,14.0,0.404844874359022,0.001292979998535987,500,1.11613842734434,0.0012714216345330953,500,5.413622271208827,0.07882618849661847,500,0.3497692747593498,0.008073161320900094,500,0.35406069675988483,0.005446201976737168,500,0.2770736913891472,0.006466259352124543,500,7.38866705037302,0.4006147521575357,500,0.017344288850644544,0.0009404102163325977,500,nan,nan,0,21.88911086202306,0.23123135913249537,500,21.592230479891082,0.23551733045600626,500,3.45116240639,0.0,500,6.647887323939998,7.95206533574069e-17,500,0.7135586854458991,0.01857379471749429,500,1.3981596244132324,0.0327494687212926,500,0.10733615819210181,0.0027939394596235463,500,0.21031638418078777,0.004926297201719279,500
6,6,4,1.0,1.0,15.0,0.40461540145159,0.0012457681412816064,500,1.11647428812626,0.001308186176374763,500,5.256577741800347,0.08075847317343218,500,0.34082362538051963,0.008019098784138798,500,0.3460551771772382,0.005571602051138063,500,0.2902572414741942,0.007025967084321379,500,6.979680873644301,0.31358788629043355,500,0.016384227402921978,0.0007361217988035146,500,nan,nan,0,22.711710146457282,0.2539199872508027,500,22.42470389343474,0.258006523492874,500,3.45116240639,0.0,500,6.647887323939998,7.95206533574069e-17,500,0.699821596244035,0.018768738898484794,500,1.3671079812205593,0.03321832378090189,500,0.10526977401130828,0.0028232636902397446,500,0.20564548022596413,0.0049968241280585616,500
6,6,4,1.0,2.0,1.0,0.523354234556118,0.00099884078892834,500,1.1590470823269199,0.00019410113733696503,500,3.6585984824525397,0.005603173401598483,500,1.04896454731004,0.0006182248240797579,500,0.775142390873508,0.00027091905690910763,500,0.0201129668428068,6.873291102461826e-05,500,61.30747711218,0.10604163855056094,500,0.143914265521578,0.00024892403415616626,500,nan,nan,0,7.07912447773328,0.0034818226117994838,500,1.530967858140572,0.016393360306111705,500,6.90232481277,0.0,500,6.647887323939998,7.95206533574069e-17,500,1.81482629107977,0.011538509673525231,500,2.8415023474170598,0.0058936863010352536,500,0.272992937853132,0.0017356656500514328,500,0.427429378530936,0.0008865502698569845,500
6,6,4,1.0,2.0,2.0,0.517569484275936,0.0009776577254718229,500,1.1736130365547401,0.00038889886786072647,500,4.372195509979201,0.020527245827876402,500,1.009277695089628,0.00122151273324529,500,0.747187057737342,0.0007931318322089813,500,0.0271935011503204,0.00021388835003946554,500,51.725767780577996,0.2546403369036132,500,0.12142199009525378,0.0005977472697270499,500,nan,nan,0,7.55863339490004,0.013569592067830172,500,2.99443650541018,0.0351373991626048,500,6.90232481277,0.0,500,6.647887323939998,7.95206533574069e-17,500,1.440300469483438,0.01293536314221975,500,2.73987793427212,0.009754974851213143,500,0.2166553672316436,0.0019457855574115904,500,0.41214265536721,0.0014673796916018546,500
6,6,4,1.0,2.0,3.0,0.510077065858852,0.0011355801758432382,500,1.18629016543354,0.0004921959574118638,500,5.35904462228792,0.033759202950564456,500,0.959868224056654,0.0022420024892391235,500,0.7123677932791099,0.001343911165067471,500,0.036636684905643396,0.00038756160976456444,500,42.1057520543216,0.3371261774078627,500,0.098839793554753,0.0007913760033051235,500,nan,nan,0,8.35175284381352,0.026104010431929947,500,4.6105890404998,0.04887890856756825,500,6.90232481277,0.0,500,6.647887323939998,7.95206533574069e-17,500,1.336957746478818,0.011230105318587301,500,2.56923004694834,0.011590514554033716,500,0.201110169491531,0.0016892743169912407,500,0.38647316384181396,0.0017434884180863106,500
6,6,4,1.0,2.0,4.0,0.493487445044486,0.0013489606749264285,500,1.19111532906252,0.0007264339063915393,500,6.23146039566234,0.04047208503455837,500,0.88826636459523,0.003939766046791375,500,0.6705522597446462,0.002112308065332334,500,0.050348620614846,0.0007183135076529772,500,33.58644652139841,0.41125008242717354,500,0.0788414237591564,0.0009653757803460551,500,nan,nan,0,9.3308887092531,0.04293455410449334,500,6.17084950889726,0.06735568279074242,500,6.90232481277,0.0,500,6.647887323939998,7.95206533574069e-17,500,1.23539906103274,0.011197617271191817,500,2.41430046948358,0.011990821041561675,500,0.1858333333333356,0.001684387343760912,500,0.363168079096018,0.0018037040126076198,500
6,6,4,1.0,2.0,5.0,0.47982911189638194,0.0014963004569009046,500,1.1889742699839,0.0010576554750856924,500,6.786455287949581,0.0426037562402626,500,0.8176168829811099,0.005108328897601512,500,0.631209828173972,0.0026530656805490334,500,0.0657029402771822,0.0010684583764242498,500,27.29871694589404,0.41696117710036695,500,0.06408149517815001,0.0009787821058688877,500,nan,nan,0,10.4062638763997,0.05928640982431915,500,7.67811025195548,0.08313481481304279,500,6.90232481277,0.0,500,6.647887323939998,7.95206533574069e-17,500,1.1731455399060842,0.011392372347772996,500,2.28241314553996,0.012899617337767314,500,0.17646892655367918,0.0017136831285851455,500,0.34332909604521,0.001940408540215074,500
6,6,4,1.0,2.0,6.0,0.46446672526636407,0.0015537192415938479,500,1.18088460034618,0.0013495875481135276,500,6.97618414287012,0.03965762947897559,500,0.7308169399140441,0.006341607222641153,500,0.5843483958495519,0.003299430388656734,500,0.08821893135191479,0.0017046940845364636,500,21.517085344483583,0.3933528623867148,500,0.0505095900105304,0.0009233635267296325,500,nan,nan,0,11.58609079153908,0.07708351669691099,500,9.202983533291501,0.09874460995280629,500,6.90232481277,0.0,500,6.647887323939998,7.95206533574069e-17,500,1.0896619718309661,0.01083459484796115,500,2.1143004694834797,0.013747846808386949,500,0.1639110169491712,0.001629780157215212,500,0.318040960451988,0.002068002380073987,500
6,6,4,1.0,2.0,7.0,0.45182523271724,0.0016023972252933285,500,1.17184401057562,0.0016428310605947638,500,6.95082222821422,0.044431147128755455,500,0.657494085242492,0.007000744146366469,500,0.543424377125328,0.0037374148827012386,500,0.1115887093905852,0.0022214749452186848,500,17.51986839201596,0.37164277622348624,500,0.0411264516244483,0.0008724008831539684,500,nan,nan,0,12.895340865455438,0.09503579628240338,500,10.79194525752382,0.11577494631359264,500,6.90232481277,0.0,500,6.647887323939998,7.95206533574069e-17,500,1.021361502347368,0.010757403692133509,500,1.985896713614818,0.015521040843134574,500,0.1536370056497194,0.0016181687757234912,500,0.29872598870056,0.0023347328386915697,500
6,6,4,1.0,2.0,8.0,0.44164912214901403,0.0016548978037288324,500,1.1621633101254603,0.001588667252740601,500,6.73832493096256,0.043841959475871356,500,0.587645626281002,0.007444636816263173,500,0.502846284893914,0.004119544998444096,500,0.1378406756293018,0.0028373005573779438,500,14.292648970167738,0.3571373062416272,500,0.033550819178796897,0.0008383504841352249,500,nan,nan,0,14.22049077323384,0.11510906408047092,500,12.32852416250556,0.1357792045764586,500,6.90232481277,0.0,500,6.647887323939998,7.95206533574069e-17,500,0.952535211267572,0.011939803713103514,500,1.866338028168872,0.016719991889924863,500,0.14328389830507582,0.0017960297958266858,500,0.2807415254237338,0.0025150835258163974,500
6,6,4,1.0,2.0,9.0,0.434168668577914,0.001545930156459065,500,1.15477491386504,0.001795661060133569,500,6.49116774042306,0.04956023116931382,500,0.54283076668656,0.007241818740043674,500,0.47569749364186203,0.004130132036790807,500,0.1576469386552066,0.00310116398219315,500,12.34897569551646,0.3116077997304549,500,0.02898820585801594,0.0007314737082874108,500,nan,nan,0,15.47937095531266,0.13197223670462704,500,13.75749191601018,0.15108938077996206,500,6.90232481277,0.0,500,6.647887323939998,7.95206533574069e-17,500,0.90672300469485,0.011280485110683733,500,1.7582723004693261,0.016861953712057332,500,0.1363926553672298,0.001696852633174416,500,0.2644858757062268,0.0025364379524505324,500
6,6,4,1.0,2.0,10.0,0.426874594604638,0.001539326130035505,500,1.15295133612036,0.0017482494922628007,500,6.2953912549045,0.04970834984295847,500,0.48630225257647236,0.0074752041625895625,500,0.438765295258284,0.004374542418791621,500,0.1883465454188242,0.0037270000689286933,500,10.22642838482774,0.2888711825568612,500,0.0240057004338683,0.0006781013675047387,500,nan,nan,0,17.00728932322548,0.14451278972375856,500,15.45749529225392,0.16198128769017564,500,6.90232481277,0.0,500,6.647887323939998,7.95206533574069e-17,500,0.831737089201858,0.01177861706021102,500,1.623840375586626,0.01843573316798118,500,0.1251129943502784,0.0017717834984634032,500,0.2442641242937998,0.002773171726539887,500
6,6,4,1.0,2.0,11.0,0.422238621822208,0.0014797180283450113,500,1.14449752168874,0.0017140596125974352,500,6.00182917106316,0.05288463402407118,500,0.45389944740186483,0.007579824188972112,500,0.418816141537156,0.004597164040488827,500,0.2085139597301132,0.004306052145869654,500,9.31341901314118,0.2702727990757432,500,0.021862485946344157,0.0006344431903187874,500,nan,nan,0,18.02876307935096,0.1651243677946033,500,16.56488283653046,0.18241658441928166,500,6.90232481277,0.0,500,6.647887323939998,7.95206533574069e-17,500,0.784422535211433,0.011932190259497596,500,1.552422535211272,0.02001997979366056,500,0.11799576271185913,0.00179488455174426,500,0.23352118644070022,0.003011480011333656,500
6,6,4,1.0,2.0,12.0,0.41721260955791195,0.001339036433077676,500,1.1395290907339,0.0016924832144105657,500,5.7639962235687,0.05430969971698914,500,0.41485154108084615,0.0071726445614308946,500,0.3934459674353874,0.004466875546739876,500,0.2320288109689402,0.004608835937828194,500,8.035913265149441,0.23101281300142426,500,0.018863646162319718,0.0005422835985946925,500,nan,nan,0,19.36277777108544,0.1806462883249758,500,18.00893730567116,0.19634516238441346,500,6.90232481277,0.0,500,6.647887323939998,7.95206533574069e-17,500,0.7430704225351351,0.011424317605638563,500,1.4637746478873301,0.019107754957892034,500,0.11177542372881272,0.001718488453390861,500,0.22018644067797502,0.0028742597500205132,500
6,6,4,1.0,2.0,13.0,0.41169132158586,0.001357229730780213,500,1.13410113180934,0.001539539496472534,500,5.428414394242179,0.056281677909923375,500,0.37574867828589403,0.006846036584331419,500,0.36712792429496405,0.004409331842934474,500,0.2588534112598108,0.004728981917775418,500,7.0211689328003,0.22556835690310925,500,0.01648161721314286,0.0005295031852181776,500,nan,nan,0,21.05369597603912,0.20298173447960902,500,19.804147014174035,0.2191776310988034,500,6.90232481277,0.0,500,6.647887323939998,7.95206533574069e-17,500,0.689474178403866,0.011419226147907581,500,1.378281690141014,0.01911527940835931,500,0.1037132768361602,0.0017177225773314458,500,0.20732627118647382,0.002875391605918689,500
6,6,4,1.0,2.0,14.0,0.40992927783109806,0.001258853883636871,500,1.1300641851032,0.0016367181506191165,500,5.15246827791774,0.05903045746143687,500,0.3501673823153302,0.006964285855211354,500,0.34769354820542403,0.004578677206590454,500,0.2835567646272186,0.005428482159611158,500,6.3858975273826,0.20676931827600845,500,0.014990369782587241,0.0004853739865633043,500,nan,nan,0,22.56924072921088,0.21781322749478313,500,21.414000083618017,0.23193443775363798,500,6.90232481277,0.0,500,6.647887323939998,7.95206533574069e-17,500,0.6563380281689786,0.012226762610844167,500,1.3051924882628818,0.02058043990666595,500,0.09872881355932024,0.001839195223241535,500,0.19633192090399681,0.0030957865113846405,500
6,6,4,1.0,2.0,15.0,0.408115496509688,0.001230230545576508,500,1.12776371219026,0.0014933471829070976,500,4.9416657005018605,0.05912956144278794,500,0.322022304836028,0.006609241361719282,500,0.32751724140647204,0.004480193463120116,500,0.30883643815088163,0.0056673969530109765,500,5.694948798764779,0.17629125176600566,500,0.013368424410244622,0.00041382922949754,500,nan,nan,0,24.087744603410858,0.23538764963359035,500,23.00790549016798,0.248691576730653,500,6.90232481277,0.0,500,6.647887323939998,7.95206533574069e-17,500,0.6084694835680146,0.01161442613008844,500,1.22180281690134,0.020427475653286557,500,0.0915282485875784,0.0017470852865185803,500,0.1837881355932398,0.0030727770580172347,500
6,6,4,1.0,3.0,1.0,0.506645534320498,0.000995463893020209,500,1.15051842840178,7.879334415719051e-05,500,1.82833406046068,0.00288737617905721,500,0.94233834020846,0.0013184065008308677,500,0.669060218009912,0.00043270741491593896,500,0.04584939836709479,0.00015269778176022096,500,30.047612796545202,0.09689999262123083,500,0.07053430233930999,0.00022746477141141362,500,nan,nan,0,10.4739875503,0.0024429197270028143,500,1.5380321299714599,0.017172514637312408,500,10.3534872192,0.0,500,6.647887323939998,7.95206533574069e-17,500,1.76927699530299,0.01306676190426292,500,2.2482535211276398,0.0021828440518353947,500,0.266141242937656,0.0019655510491674182,500,0.33819067796606805,0.00032835154169333033,500
6,6,4,1.0,3.0,2.0,0.49223592695358603,0.0009500961055578093,500,1.1607065229635,0.00030775088573763084,500,2.1290821560808597,0.008608077713511872,500,0.829110206129202,0.0025582976222175264,500,0.621269485449912,0.0011351987298030247,500,0.06682864667356402,0.0005814658817142683,500,22.951165690766196,0.14159904829969644,500,0.05387597579992401,0.0003323921321589792,500,nan,nan,0,10.8252441034116,0.009269305826766314,500,3.0801888445841077,0.033094359479506785,500,10.3534872192,0.0,500,6.647887323939998,7.95206533574069e-17,500,1.182159624413221,0.01645301056102632,500,1.9991079812209,0.010240545564218087,500,0.1778248587570096,0.002474923198798133,500,0.30071327683614596,0.0015404210488535804,500
6,6,4,1.0,3.0,3.0,0.477867817494548,0.0010581765966632415,500,1.1740643690030999,0.0004562622046198404,500,2.6100894437059,0.01874914301517024,500,0.751407395922202,0.0030304850481492874,500,0.57993624669865,0.0015432806484554184,500,0.0893124312307926,0.0008702499468647773,500,18.839964851130798,0.15709539513960596,500,0.044225269603595,0.0003687685331917261,500,nan,nan,0,11.374891889645202,0.019639174191405397,500,4.596614468628601,0.05019134159589917,500,10.3534872192,0.0,500,6.647887323939998,7.95206533574069e-17,500,0.9556431924883421,0.015568851315332033,500,1.8766478873237802,0.01072038363265715,500,0.14375141242933778,0.002341924668194887,500,0.28229237288137804,0.001612600080335486,500
6,6,4,1.0,3.0,4.0,0.465495003482166,0.0011481914074481605,500,1.18442729691362,0.0005228950497711847,500,3.1817145774807,0.02748570216305628,500,0.6950565850778639,0.0029708925814560506,500,0.546893051849598,0.0016318579824823847,500,0.1078915364772044,0.0009489286044903424,500,16.03858933491804,0.1420450290131839,500,0.037649270739247793,0.00033343903524247934,500,nan,nan,0,12.098475179972,0.03161512929033006,500,6.13535182000706,0.06385449409132496,500,10.3534872192,0.0,500,6.647887323939998,7.95206533574069e-17,500,0.9421690140845039,0.014335794159829978,500,1.78694835680742,0.009394871874538937,500,0.1417245762711624,0.002156443613024318,500,0.2687994350282599,0.0014132116590941874,500
6,6,4,1.0,3.0,5.0,0.455219583278156,0.0012163637786749345,500,1.1899084767537602,0.0006411219290319711,500,3.6209501946406197,0.03152365926601958,500,0.6492675401058821,0.0035901621777306254,500,0.519324589972222,0.001951375254027455,500,0.12444417882956639,0.0012255418226814739,500,13.81589754298862,0.1468995044343773,500,0.0324316843732128,0.0003448345174516802,500,nan,nan,0,12.9301127940432,0.047429080523960575,500,7.59512343843546,0.08290478574471012,500,10.3534872192,0.0,500,6.647887323939998,7.95206533574069e-17,500,0.8993427230045681,0.013414239390961676,500,1.7148920187792,0.009843650129633197,500,0.1352824858756842,0.002017819908386253,500,0.25796045197744,0.001480718557636188,500
6,6,4,1.0,3.0,6.0,0.445315356719334,0.0012023504550006886,500,1.19288414754872,0.0007742551135157405,500,4.104272385832541,0.03381175207292253,500,0.589685479570142,0.00403268643352842,500,0.486474032821272,0.0021832012755030527,500,0.14702995820611317,0.00151626569092422,500,11.735310180154922,0.1421742120509703,500,0.027547676479238,0.0003337422818099869,500,nan,nan,0,13.9807672090102,0.06299190125077966,500,9.24757690508056,0.09735476693461945,500,10.3534872192,0.0,500,6.647887323939998,7.95206533574069e-17,500,0.8324882629106967,0.012743166109055301,500,1.6278122065725962,0.010172960409859762,500,0.125225988700566,0.0019168745630145602,500,0.2448615819209,0.0015302546379220533,500
6,6,4,1.0,3.0,7.0,0.440194270279946,0.0012519612253671642,500,1.1907403874679199,0.0009972600354701904,500,4.47921324265602,0.03631684971038012,500,0.545383146208364,0.004332973285424717,500,0.46137139827487206,0.0023847279507922,500,0.1661293051909402,0.001795231404550761,500,10.35334851604178,0.14328341173449408,500,0.02430363501417644,0.0003363460369355084,500,nan,nan,0,15.0479981473144,0.0820689743027769,500,10.76037755823762,0.11693093043240688,500,10.3534872192,0.0,500,6.647887323939998,7.95206533574069e-17,500,0.801990610328732,0.012759439276036729,500,1.582760563380232,0.009777034378544335,500,0.1206384180790786,0.0019193224334694006,500,0.23808474576273403,0.0014706979679593832,500
6,6,4,1.0,3.0,8.0,0.430400267419002,0.0012436886154281578,500,1.18637178908332,0.0013063730700567768,500,4.69171624332496,0.03732380207881937,500,0.5048551304778519,0.004751638876878852,500,0.43729797329959597,0.0026192258856123957,500,0.1861592778306782,0.00218991026239973,500,9.15920827828262,0.1360535445718564,500,0.021500488916152697,0.0003193745177742438,500,nan,nan,0,16.1358715212706,0.09725558942913932,500,12.21496403221248,0.13193619057403325,500,10.3534872192,0.0,500,6.647887323939998,7.95206533574069e-17,500,0.7646197183098741,0.01269050843039888,500,1.50767136150224,0.010167097456495017,500,0.11501694915252719,0.0019089535986387123,500,0.226789548022622,0.0015293727106174384,500
6,6,4,1.0,3.0,9.0,0.428794590725798,0.0011897374190942992,500,1.1784582434613,0.0015522183868492067,500,4.7326937640994196,0.03718302514421496,500,0.46617808843655,0.00472104319347916,500,0.41514410320569395,0.002686361386833015,500,0.2056973259773692,0.0023976684381696407,500,8.11112852493198,0.12489205023076405,500,0.019040207805007904,0.00029317382683293326,500,nan,nan,0,17.2406384532552,0.11395013446883298,500,13.62481835612142,0.1477186120240832,500,10.3534872192,0.0,500,6.647887323939998,7.95206533574069e-17,500,0.7311267605633466,0.012090099259128635,500,1.4470234741785561,0.010437259994337094,500,0.10997881355932779,0.0018186378122838636,500,0.21766666666668202,0.0015700115669446096,500
6,6,4,1.0,3.0,10.0,0.42014986526513803,0.0011885638365607336,500,1.1730920034666001,0.001686080395290694,500,4.7637134280877,0.03564700452064069,500,0.426846396217786,0.0049967703067371055,500,0.39076454889651396,0.002925374395647873,500,0.2293271680318196,0.002898292973054184,500,7.214768640786859,0.122031761432859,500,0.01693607662157012,0.00028645953388015236,500,nan,nan,0,18.694091869593798,0.13071752764408517,500,15.418488807384481,0.16184696173656662,500,10.3534872192,0.0,500,6.647887323939998,7.95206533574069e-17,500,0.7162629107980765,0.011268722648252726,500,1.3837558685446099,0.010765081264765084,500,0.1077429378531132,0.0016950832797160186,500,0.20814971751412423,0.0016193236648275307,500
6,6,4,1.0,3.0,11.0,0.41858508008377,0.0012113920613408037,500,1.16634805400064,0.0017613002973008043,500,4.7267430201158005,0.03801447021517925,500,0.395599826623394,0.004988900433871802,500,0.37148513203045597,0.0029628524897517025,500,0.249562189833453,0.003127874505819351,500,6.533404960299721,0.11613079247067905,500,0.01533663136220734,0.00027260749406272364,500,nan,nan,0,19.784778492414603,0.14663000817508418,500,16.703307005525158,0.17890211139335327,500,10.3534872192,0.0,500,6.647887323939998,7.95206533574069e-17,500,0.6737464788731435,0.011667538691141071,500,1.323708920187622,0.01130194818268839,500,0.10134745762712301,0.0017550746759985734,500,0.199117231638423,0.0017000811884987936,500
6,6,4,1.0,3.0,12.0,0.41574564271416603,0.001109538823233921,500,1.16019724156388,0.001740140191634947,500,4.655950538040139,0.03714908619238568,500,0.365604055365494,0.005055644899482174,500,0.35208770672159,0.0031331065018679774,500,0.27180120310396616,0.0036454324030606496,500,5.92482704454522,0.10932102451057503,500,0.013908044705503839,0.00025662212326407475,500,nan,nan,0,21.0930937526706,0.17061340735854974,500,18.22072169700826,0.20147037531243014,500,10.3534872192,0.0,500,6.647887323939998,7.95206533574069e-17,500,0.6300000000000501,0.011569940619792623,500,1.275859154929738,0.011951853445770823,500,0.094766949152543,0.0017403936101794714,500,0.1919194915254306,0.0017978423615471436,500
6,6,4,1.0,3.0,13.0,0.40953868213765393,0.0011651013057347405,500,1.15693439279196,0.0017635071622170582,500,4.56257332974956,0.03586643272846825,500,0.332291545723992,0.005108775632583346,500,0.33005596669599196,0.0032345939223364603,500,0.29911367219096996,0.003950107970963273,500,5.30237978184088,0.10304402812762622,500,0.012446900896341958,0.00024188738997106064,500,nan,nan,0,22.698022088797202,0.1895824591267672,500,20.052720352134383,0.21852451342437318,500,10.3534872192,0.0,500,6.647887323939998,7.95206533574069e-17,500,0.592131455399042,0.011104036948118404,500,1.1955868544601242,0.012990821463663782,500,0.08907062146890919,0.001670310642618262,500,0.17984463276833076,0.0019541278049167343,500
6,6,4,1.0,3.0,14.0,0.406711542262318,0.0011537947073683248,500,1.15008528071014,0.001890117978541128,500,4.39253792008198,0.03851650534721934,500,0.31197085558298,0.004765656040281722,500,0.315103617649442,0.0031303539265994844,500,0.317453669630143,0.004109258462700514,500,4.881757006818621,0.08847301175490746,500,0.01145952349018434,0.00020768312618529654,500,nan,nan,0,24.0000213120484,0.20319355498569358,500,21.51907446027574,0.22974361648110242,500,10.3534872192,0.0,500,6.647887323939998,7.95206533574069e-17,500,0.5800469483567883,0.011213162625491963,500,1.1445446009389062,0.012641289694049323,500,0.08725282485875906,0.0016867257339195352,500,0.172166666666664,0.0019015499327907205,500
6,6,4,1.0,3.0,15.0,0.405492566820404,0.0011943712289184886,500,1.14515264998296,0.001822151146494556,500,4.250929135607799,0.03952766861480481,500,0.29206437019595805,0.004743605349842783,500,0.302422447837572,0.003169706736790568,500,0.33537460519871004,0.004391099110316865,500,4.5810675977958395,0.08491738040008807,500,0.01075367980703204,0.00019933657370904464,500,nan,nan,0,25.553145698435,0.2247591302325773,500,23.229472040824337,0.2507224145012192,500,10.3534872192,0.0,500,6.647887323939998,7.95206533574069e-17,500,0.5525258215962227,0.01130100850438624,500,1.101098591549168,0.012744225434651812,500,0.08311299435029272,0.0016999398385847083,500,0.16563135593220663,0.0019170339107212125,500
6,6,4,1.0,4.0,1.0,0.47887052429994403,0.0010347263458646784,500,1.1551641775768802,1.6598402449308436e-05,500,0.9794287595535801,0.001772290943403277,500,0.8276069125556881,0.0021183744853639384,500,0.5719592959426361,0.000730422207952863,500,0.084326633952633,0.0003683634459500827,500,18.176317404659603,0.09633838654204223,500,0.042667411748027205,0.00022614644728168607,500,nan,nan,0,13.8945653810012,0.0017717935443405856,500,1.5358202377210117,0.016351507504531897,500,13.804649625499998,7.95206533574069e-17,500,6.647887323939998,7.95206533574069e-17,500,1.784901408448534,0.01236569370791248,500,2.1466854460062796,0.00022640497194393192,500,0.268491525423538,0.0018600937569195227,500,0.32291242937848,3.405668010651155e-05,500
6,6,4,1.0,4.0,2.0,0.461366836622704,0.001039075211997725,500,1.1548897102239197,0.00013461957603971803,500,1.1592811043185882,0.004786542054138295,500,0.681892564128096,0.0033063574712045574,500,0.515089568952396,0.001297480266895268,500,0.11865652122184321,0.0009120953586785272,500,12.66833939004344,0.10906740781568137,500,0.0297378858921232,0.00025602677891003165,500,nan,nan,0,14.155945286837198,0.006944087451144023,500,3.0473697452895356,0.03350097268341059,500,13.804649625499998,7.95206533574069e-17,500,6.647887323939998,7.95206533574069e-17,500,1.183624413145492,0.01665620532656425,500,1.8302723004692838,0.01131274826775925,500,0.178045197740064,0.0025054885131062213,500,0.275316384180842,0.001701705777573717,500
6,6,4,1.0,4.0,3.0,0.44966662674085,0.0010422761682082051,500,1.1649360734427199,0.0003882025545382763,500,1.38849866753572,0.008784045975444462,500,0.5843309925197759,0.0034565239993165587,500,0.47038263603743,0.0015438697398330503,500,0.1548549481523754,0.001363047268568838,500,10.00075874746402,0.09161902559509165,500,0.023475959501092,0.00021506813520005258,500,nan,nan,0,14.592426345018199,0.01575721889607309,500,4.60677628275033,0.050489871104483455,500,13.804649625499998,7.95206533574069e-17,500,6.647887323939998,7.95206533574069e-17,500,0.8549201877933438,0.016954650329484414,500,1.519934272300582,0.01370671591751383,500,0.12860028248586844,0.00255038172329161,500,0.22863418079100561,0.0020618153181034076,500
6,6,4,1.0,4.0,4.0,0.440921855968822,0.0010540605446579168,500,1.1758750334430002,0.0004916354439533105,500,1.6721305637962778,0.015134188009888746,500,0.527863125341766,0.0032778629559042064,500,0.440470563419434,0.0016107110061636387,500,0.18253403312243818,0.0015587958392982752,500,8.6603070927336,0.07863938734327222,500,0.0203293593726164,0.00018459950080583842,500,nan,nan,0,15.193927376382401,0.027240520176864857,500,6.18680254232342,0.06907393530395524,500,13.804649625499998,7.95206533574069e-17,500,6.647887323939998,7.95206533574069e-17,500,0.7233051643192372,0.015016851353830444,500,1.423624413145614,0.012432866548516535,500,0.10880225988699022,0.002258890775682034,500,0.214146892655386,0.0018701981460728736,500
6,6,4,1.0,4.0,5.0,0.435628321114728,0.0010382456087458995,500,1.18405341263802,0.0005397078319394399,500,2.02462807873386,0.021656205605964866,500,0.489461481575182,0.0030734980454974925,500,0.417996081003248,0.0016001675442930637,500,0.202584473339441,0.0015517738555903438,500,7.8038444168810805,0.07271309582101648,500,0.018318883607701203,0.00017068801835923455,500,nan,nan,0,15.8888370157522,0.039068188088478235,500,7.69294125316966,0.0833550082308366,500,13.804649625499998,7.95206533574069e-17,500,6.647887323939998,7.95206533574069e-17,500,0.7045070422535031,0.01524020602682083,500,1.363859154929824,0.012429334258309761,500,0.10597457627119021,0.0022924886184409305,500,0.20515677966104062,0.0018696668058051109,500
6,6,4,1.0,4.0,6.0,0.42743894028682994,0.0010566747488205384,500,1.18980196515498,0.0006001374160774055,500,2.3262741487822995,0.024852728855984933,500,0.45795626198401396,0.0030146431478247663,500,0.399334151896608,0.0016384260068309001,500,0.2200713264948032,0.0016041562099629407,500,7.158620056543921,0.07000165254221771,500,0.01680427243320004,0.00016432312803312736,500,nan,nan,0,16.717579109417603,0.05353256101626323,500,9.238774651478522,0.09994131288044547,500,13.804649625499998,7.95206533574069e-17,500,6.647887323939998,7.95206533574069e-17,500,0.6808920187793758,0.014266745130547749,500,1.31909859154901,0.011290098824151766,500,0.10242231638418371,0.002146057000568619,500,0.1984237288135676,0.001698298763804944,500
6,6,4,1.0,4.0,7.0,0.42459316882826603,0.001042008441086359,500,1.19388450632616,0.0006912830831765897,500,2.56849189532752,0.025897549823076724,500,0.429036876160472,0.0032406303928888902,500,0.38217918838506204,0.0017749521758068656,500,0.23738909673818798,0.001827957040112692,500,6.59270929535592,0.06968042931420237,500,0.01547584341632836,0.0001635690828972153,500,nan,nan,0,17.5685051633794,0.06915656174403131,500,10.661083806331218,0.11683747556050754,500,13.804649625499998,7.95206533574069e-17,500,6.647887323939998,7.95206533574069e-17,500,0.6569483568075359,0.01390637096514954,500,1.2944694835680262,0.011419363234396603,500,0.09882062146893927,0.002091848174842518,500,0.1947189265536898,0.0017177431983936523,500
6,6,4,1.0,4.0,8.0,0.420507943551898,0.0010976385909029986,500,1.19430055509908,0.0008487347059516542,500,2.76544624413104,0.028940445825254443,500,0.40386567109406796,0.003314314079596001,500,0.36702049974555995,0.0018603262060210154,500,0.25383884091919806,0.0020051109778181507,500,6.085361837199399,0.06546001739867774,500,0.01428488694178566,0.00015366201267304224,500,nan,nan,0,18.5826138191424,0.08285854068857836,500,12.237180707943578,0.12991824724873918,500,13.804649625499998,7.95206533574069e-17,500,6.647887323939998,7.95206533574069e-17,500,0.6365258215962853,0.013264768594675612,500,1.2578779342723518,0.010642224629535292,500,0.09574858757062359,0.0019953359538595625,500,0.189214689265532,0.0016008431116463894,500
6,6,4,1.0,4.0,9.0,0.417422838713566,0.0011203076222994308,500,1.1947352525891202,0.0009542746456909444,500,2.97765601529384,0.030462176837510308,500,0.380683855354988,0.0032783392567475836,500,0.35343073580755,0.0018576043605179804,500,0.268832611000053,0.00210925510904043,500,5.651807886659281,0.06295356352430385,500,0.013267154663519461,0.00014777831813208295,500,nan,nan,0,19.5225004502328,0.10166173339446866,500,13.57862206876614,0.1507357650994348,500,13.804649625499998,7.95206533574069e-17,500,6.647887323939998,7.95206533574069e-17,500,0.6013802816900572,0.01265846622679609,500,1.206037558685422,0.011005544416672368,500,0.09046186440679002,0.0019041336908968336,500,0.1814166666666858,0.0016554950287795288,500
6,6,4,1.0,4.0,10.0,0.41393789548586196,0.0010826852020699475,500,1.18628384790374,0.0013827422063358633,500,3.1672204093893397,0.03319147051069673,500,0.352217903236096,0.003482407630485902,500,0.33530566551213997,0.0020604247164927587,500,0.289637971876762,0.002499410103227855,500,5.19646910023086,0.06038954325934041,500,0.01219828427284368,0.00014175949121921858,500,nan,nan,0,20.820838673683,0.12107213624216151,500,15.3621891541494,0.1690281593531617,500,13.804649625499998,7.95206533574069e-17,500,6.647887323939998,7.95206533574069e-17,500,0.6083943661972572,0.012390231218087959,500,1.161342723004584,0.010460406441344694,500,0.09151694915254335,0.0018637847806858268,500,0.1746935028248536,0.0015734933418126813,500
6,6,4,1.0,4.0,11.0,0.41283194784903593,0.0010261349460376666,500,1.1850555291737401,0.001501695125498279,500,3.3159786439446997,0.03161140551798885,500,0.330391950172078,0.0033330653697362686,500,0.32149110113933,0.001971858473186905,500,0.30655847065041597,0.0025311643779808274,500,4.816533998429501,0.054991946798724815,500,0.0113064178366875,0.00012908907699219784,500,nan,nan,0,22.0116043830272,0.12909763804258784,500,16.95769265974382,0.1716095545213708,500,13.804649625499998,7.95206533574069e-17,500,6.647887323939998,7.95206533574069e-17,500,0.565126760563412,0.012278008683461199,500,1.1155962441314218,0.010763568545756476,500,0.08500847457626591,0.0018469038485710446,500,0.1678121468926612,0.001619096115993385,500
6,6,4,1.0,4.0,12.0,0.410114880046638,0.0010347570204667586,500,1.17944446181766,0.00163243700616112,500,3.3454805983989,0.03139783528185901,500,0.3179362523096301,0.003304945795828494,500,0.31337040687359,0.0020410004228158724,500,0.316594654027714,0.0026946918209469098,500,4.630534934737721,0.052740116634551276,500,0.01086980031628694,0.00012380309069145377,500,nan,nan,0,22.9501355634366,0.15346938325539364,500,18.1236724154825,0.1973052029835403,500,13.804649625499998,7.95206533574069e-17,500,6.647887323939998,7.95206533574069e-17,500,0.547192488262936,0.012372438022455459,500,1.1068920187794138,0.011020394912677815,500,0.08231073446328267,0.0018611082618529545,500,0.1665028248587466,0.0016577288957634235,500
6,6,4,1.0,4.0,13.0,0.409685224740688,0.0010491316057088262,500,1.1749904894039,0.0016631827814303428,500,3.4287558049949602,0.031687447660442444,500,0.29840361957637,0.0034793416708952226,500,0.29950315246689596,0.002181518502224306,500,0.335482990130678,0.0029842784020220905,500,4.32606567541438,0.053308808297591895,500,0.01015508374510424,0.00012513804764695434,500,nan,nan,0,24.3759856460604,0.17143709363449555,500,19.8750855438744,0.21593459735104686,500,13.804649625499998,7.95206533574069e-17,500,6.647887323939998,7.95206533574069e-17,500,0.5406760563380356,0.01195627585131625,500,1.059230046948348,0.01051115122744459,500,0.08133050847457182,0.001798507596278203,500,0.1593333333333426,0.0015811265617561752,500
6,6,4,1.0,4.0,14.0,0.40567782368127,0.0010969826400422597,500,1.17020005630166,0.0017556902094740044,500,3.4160089955974398,0.030601552289332607,500,0.2788853908734,0.003692420731871173,500,0.286779988133804,0.00235853527044501,500,0.353700577137544,0.003320351163284552,500,4.09516283833384,0.05700261544200053,500,0.00961305830594728,0.00013380895643663103,500,nan,nan,0,25.7318481386962,0.19527323832325386,500,21.48873440880744,0.24033059237289983,500,13.804649625499998,7.95206533574069e-17,500,6.647887323939998,7.95206533574069e-17,500,0.5272300469483225,0.011726064802839454,500,1.0310422535211778,0.010612603616875452,500,0.07930790960452251,0.0017638783919532023,500,0.1550932203389662,0.001596387408469581,500
6,6,4,1.0,4.0,15.0,0.406216304713556,0.0010919217296005376,500,1.1642455180372002,0.0017853093668216441,500,3.39036497594806,0.030982697551201158,500,0.26029089989818077,0.0035880680837551177,500,0.27437528276727596,0.0024147320130604266,500,0.37281591604088005,0.0036103868460609003,500,3.82905027227408,0.054218406206588105,500,0.00898838092083192,0.00012727325400625932,500,nan,nan,0,27.1113989816378,0.21793871496646938,500,23.102723528305862,0.2626552923192032,500,13.804649625499998,7.95206533574069e-17,500,6.647887323939998,7.95206533574069e-17,500,0.48320187793432123,0.010896799667291056,500,0.982760563380346,0.011108236455782858,500,0.07268502824859838,0.0016391372380884317,500,0.14783050847455598,0.001670942348221281,500
6,6,4,1.0,5.0,1.0,0.47018392676256804,0.0010987845674247305,500,1.1569477698081,4.488802270670434e-06,500,0.615563691872042,0.00035782244987780395,500,0.750754718889902,0.0028637075244395236,500,0.516682581653348,0.001030387780739139,500,0.11320177742302781,0.0006540967208785506,500,14.257921890426719,0.09315087323810281,500,0.03346930021227659,0.00021866402168576305,500,nan,nan,0,17.328115854579803,0.001477109244446858,500,1.5351931506345058,0.017035911758154443,500,17.2558120319,0.0,500,6.647887323939998,7.95206533574069e-17,500,1.767323943659922,0.013264460235603766,500,2.1408450704199997,1.9880163339351726e-17,500,0.265847457626934,0.0019952895693480296,500,0.322033898305,0.0,500
6,6,4,1.0,5.0,2.0,0.443970433523538,0.0011254930771981044,500,1.15575010267132,6.227648490217169e-05,500,0.686159429030922,0.0025680029431069816,500,0.565996381094262,0.004161994140706473,500,0.441136957204526,0.0016719623908741806,500,0.1688285902155406,0.0014567387167502216,500,9.005321154188461,0.10325974653821203,500,0.021139251535651396,0.00024239377121629111,500,nan,nan,0,17.5397987929594,0.0056803108722647076,500,3.0567328323230316,0.03331930623048787,500,17.2558120319,0.0,500,6.647887323939998,7.95206533574069e-17,500,1.1649577464789138,0.017419401967544223,500,1.78153990610194,0.01296447823526936,500,0.17523728813556172,0.0026202913976600957,500,0.26798587570610594,0.0019501651582833142,500
6,6,4,1.0,5.0,3.0,0.428825275605846,0.0010092281983319796,500,1.1591180275593402,0.00022777069395355247,500,0.814619681377926,0.004992520038058422,500,0.46619854031207797,0.003500975584580405,500,0.39375401483969397,0.0015886796425796598,500,0.21662810560329998,0.00181117108487411,500,6.74165582884584,0.0710916330885295,500,0.01582548316630442,0.00016688176781347848,500,nan,nan,0,17.891259144028,0.01237269879351285,500,4.60435660228248,0.049250777646816804,500,17.2558120319,0.0,500,6.647887323939998,7.95206533574069e-17,500,0.823549295774586,0.016785488994086037,500,1.4159436619717218,0.015434736371982699,500,0.12388135593214464,0.0025249358444488328,500,0.212991525423691,0.00232175059832993,500
6,6,4,1.0,5.0,4.0,0.42309237111133,0.0011116420301760205,500,1.16857283865492,0.0004448089396837644,500,0.963516935701346,0.008413567484383657,500,0.41032355754766797,0.0034906190847536493,500,0.363806022401396,0.0017292180845272175,500,0.2540348401525572,0.0021922594904113983,500,5.75697450947392,0.0678739252836285,500,0.013514024670127281,0.000159328463107201,500,nan,nan,0,18.393788294381,0.02341080838357857,500,6.189366159574687,0.0712559864702718,500,17.2558120319,0.0,500,6.647887323939998,7.95206533574069e-17,500,0.6406572769952772,0.01668589249098885,500,1.2075680751174158,0.01659670560805857,500,0.09637005649715015,0.0025099541670765254,500,0.18164689265537537,0.0024965383435855038,500
6,6,4,1.0,5.0,5.0,0.42092640403941195,0.001066223527827542,500,1.17668557243016,0.0004865755242275347,500,1.138778411978266,0.011855157091498227,500,0.379542484738214,0.003076299304264227,500,0.3457194219985821,0.0016074649044406381,500,0.27684248818250795,0.002181578661913766,500,5.24458444638844,0.05519350508140564,500,0.012311231094810261,0.00012956221850093688,500,nan,nan,0,18.962334766159003,0.032472396744033884,500,7.672511494304879,0.08333999815229608,500,17.2558120319,0.0,500,6.647887323939998,7.95206533574069e-17,500,0.5752300469482955,0.015319744894715622,500,1.1464882629108761,0.014879744096787323,500,0.08652824858758026,0.00230445315153671,500,0.17245903954801642,0.0022382665908297753,500
6,6,4,1.0,5.0,6.0,0.417310682018752,0.0009855163311881855,500,1.18407650249572,0.0005154833542125519,500,1.3858411721805641,0.017991596183585673,500,0.35762840863129997,0.0026366647345117834,500,0.33217439248259,0.0014097414139225834,500,0.29298547506510797,0.0019548821862146923,500,4.9316821909690205,0.04555448196601773,500,0.011576718758143438,0.00010693540367611407,500,nan,nan,0,19.6709035921252,0.04428357444384922,500,9.25120847535312,0.09575245139920492,500,17.2558120319,0.0,500,6.647887323939998,7.95206533574069e-17,500,0.5673615023474174,0.014118989117150236,500,1.107126760563492,0.013778244115591006,500,0.08534463276836857,0.002123830990080611,500,0.16653813559320857,0.0020725748563676203,500
6,6,4,1.0,5.0,7.0,0.415684809235252,0.0010050628050523654,500,1.1880199717495001,0.0005748580836719588,500,1.543240617458294,0.01963951641452653,500,0.34437520136027605,0.002659036172343566,500,0.323245613438652,0.0014678150760382368,500,0.303319190388506,0.0020639373525696857,500,4.74517493666476,0.044090782140648606,500,0.011138908302031061,0.00010349948859316824,500,nan,nan,0,20.393803898945997,0.05938156590147439,500,10.631293235647641,0.11741497361863608,500,17.2558120319,0.0,500,6.647887323939998,7.95206533574069e-17,500,0.5980093896713222,0.014446935918710213,500,1.1188920187794682,0.01324359209057124,500,0.08995480225989812,0.0021731619708243166,500,0.16830790960453038,0.0019921505051482416,500
6,6,4,1.0,5.0,8.0,0.4115500944376901,0.0010771794269205227,500,1.19266830668026,0.0006103701847880019,500,1.715154207403732,0.01942300558791885,500,0.319808213956738,0.002476042547313142,500,0.308482149481028,0.0014016212780461651,500,0.32342552413157794,0.002029918420686116,500,4.4157505711346,0.04086048450809976,500,0.01036561166933068,9.591663030073731e-05,500,nan,nan,0,21.3844032817884,0.07281897826502355,500,12.409488201635261,0.12803632222240746,500,17.2558120319,0.0,500,6.647887323939998,7.95206533574069e-17,500,0.543286384976551,0.013349422741915183,500,1.045427230046934,0.012629522654412384,500,0.081723163841808,0.002008069946347508,500,0.15725706214688437,0.0018997798908108434,500
6,6,4,1.0,5.0,9.0,0.409998320083326,0.0010088061236328215,500,1.1938732238610201,0.0007623282404437781,500,1.842259988147306,0.021757558274785028,500,0.307088054618148,0.0026598577362394052,500,0.300137025385686,0.001510964867283516,500,0.334717363112258,0.0021982676057378052,500,4.24792832837006,0.041427577186124276,500,0.00997166274265296,9.724783377023802e-05,500,nan,nan,0,22.170060987849,0.09097217963568131,500,13.651664803535441,0.15187733825421,500,17.2558120319,0.0,500,6.647887323939998,7.95206533574069e-17,500,0.5223943661972498,0.013418082768717457,500,1.023924882629164,0.013010423044624334,500,0.0785805084745942,0.0020183980435996784,500,0.15402259887003442,0.001957076347812371,500
6,6,4,1.0,5.0,10.0,0.409326484060648,0.0010497064551738646,500,1.1937501574276204,0.000903701301057753,500,1.9810746660675458,0.022595176872770385,500,0.293548952987812,0.0027686924930474277,500,0.291358014156286,0.0016265376957830798,500,0.346500359945886,0.002405725868308642,500,4.08685098934136,0.0418131687634002,500,0.0095935469233373,9.815297831786883e-05,500,nan,nan,0,23.091295436682596,0.10273271069028721,500,15.0724930640181,0.1646717741687625,500,17.2558120319,0.0,500,6.647887323939998,7.95206533574069e-17,500,0.5174741784037292,0.012453970905028387,500,1.0159906103287102,0.012971822188661821,500,0.07784039548023698,0.001873372742070932,500,0.1528290960451858,0.0019512698631235885,500
6,6,4,1.0,5.0,11.0,0.406935101915726,0.00099235916427711,500,1.19513521258532,0.0011026582439775273,500,2.200099659284908,0.026687977288382268,500,0.274548350939474,0.0025314337571277256,500,0.27872478905634,0.0015818657798165043,500,0.36391853810887803,0.0024307005415411974,500,3.8276995775474596,0.0381294959456294,500,0.008985210275934,8.950585902735644e-05,500,nan,nan,0,24.4962270788302,0.12321385543221121,500,17.130709491922097,0.1813804223625402,500,17.2558120319,0.0,500,6.647887323939998,7.95206533574069e-17,500,0.5057840375586713,0.012116775304755797,500,0.990478873239568,0.012147305978635673,500,0.0760819209039787,0.0018226505225393565,500,0.148991525423707,0.001827243060343957,500
6,6,4,1.0,5.0,12.0,0.40457115677345407,0.0009730080772883697,500,1.19185310529952,0.0012303144795721593,500,2.350583021148676,0.02946248886104756,500,0.263183735068738,0.002739776800285392,500,0.270598317910182,0.0016795487219657549,500,0.375835216523456,0.0026505129294029867,500,3.68094146487868,0.038195652504222175,500,0.00864070766403356,8.966115611316841e-05,500,nan,nan,0,25.540638072771003,0.14525311240988173,500,18.553329291803237,0.20447523792063566,500,17.2558120319,0.0,500,6.647887323939998,7.95206533574069e-17,500,0.5040751173708592,0.012728528250453884,500,0.967981220657354,0.011895990981084046,500,0.0758248587570636,0.0019146726817424501,500,0.14560734463276076,0.0017894393213053893,500
6,6,4,1.0,5.0,13.0,0.40374849745499203,0.001056776681371591,500,1.1879796692003,0.0014148519289949187,500,2.4270263291243217,0.028053735373830904,500,0.247246666285508,0.0024964370114903657,500,0.26046312935157195,0.0015890946217607075,500,0.391003008858684,0.0026502957372318264,500,3.4776866864409204,0.032284380047530405,500,0.008163583770989039,7.578492968905684e-05,500,nan,nan,0,26.6570035475614,0.15682155058111197,500,20.06264357877412,0.21279242874992602,500,17.2558120319,0.0,500,6.647887323939998,7.95206533574069e-17,500,0.47932394366197617,0.01158967096124342,500,0.9339530516433281,0.011600155947737946,500,0.0721016949152643,0.0017433615217133875,500,0.1404887005649714,0.0017449387124763708,500
6,6,4,1.0,5.0,14.0,0.40398007601200797,0.0010456837474868877,500,1.18461790989952,0.001570835359751471,500,2.5085724377978003,0.031499825714667716,500,0.23906758232169,0.002761340119778858,500,0.253737485773794,0.0017831197400936093,500,0.402435490177474,0.00290443097079099,500,3.38228830809288,0.037148456975358575,500,0.00793964391571028,8.720295064631572e-05,500,nan,nan,0,27.6007979700264,0.17684832835103995,500,21.2473773330603,0.2377092853076194,500,17.2558120319,0.0,500,6.647887323939998,7.95206533574069e-17,500,0.4680845070422995,0.011724985895911677,500,0.909323943661954,0.011847360668338356,500,0.07041101694916034,0.0017637160987498362,500,0.13678389830508458,0.0017821241683298582,500
6,6,4,1.0,5.0,15.0,0.402667431521722,0.0009935612933060535,500,1.178389273919,0.0016694681133706112,500,2.5748688419263557,0.030077056464172885,500,0.219642722955397,0.0024960551106753986,500,0.24118582216290202,0.0017172386593373515,500,0.42311928046356795,0.002991955356432944,500,3.15377895113054,0.032471256203116805,500,0.00740323697448492,7.622360611061818e-05,500,nan,nan,0,29.193497631643602,0.19566475733600996,500,23.28186064123672,0.2514737487298284,500,17.2558120319,0.0,500,6.647887323939998,7.95206533574069e-17,500,0.4214178403755815,0.01126226771016808,500,0.854065727699668,0.011403152541510302,500,0.06339124293785244,0.0016941123038606582,500,0.1284717514124162,0.0017153047255226365,500
6,6,4,1.0,6.0,1.0,0.46212368456727404,0.0010989957413533608,500,1.15804558670994,2.5901580906036313e-06,500,0.433649706394242,0.0001047252141717365,500,0.698908702350006,0.0030017887995712534,500,0.48115124318966795,0.0010825774684799921,500,0.1347116653362698,0.0007880723928620873,500,12.29178002620334,0.08219257923344248,500,0.0288539437234818,0.00019294032683895426,500,nan,nan,0,20.7670918140676,0.0012461058269785373,500,1.531278583834752,0.017295774288226328,500,20.7069744383,0.0,500,6.647887323939998,7.95206533574069e-17,500,1.78197183098375,0.012843578072484412,500,2.1408450704199997,1.9880163339351726e-17,500,0.268050847457436,0.0019319789049802546,500,0.322033898305,0.0,500
6,6,4,1.0,6.0,2.0,0.43513888824858,0.001154142093563692,500,1.1577363483949803,2.314523911206575e-05,500,0.45443220475730606,0.0009303144563104466,500,0.503713251492178,0.00453069238331912,500,0.400891563298092,0.0018484163269065544,500,0.2009378264065282,0.0018165287399104827,500,7.6681032760785,0.090734114122027,500,0.018000242432107683,0.00021299087822066175,500,nan,nan,0,20.9407837814984,0.00473537378260583,500,3.0299552522769138,0.03374416365879272,500,20.7069744383,0.0,500,6.647887323939998,7.95206533574069e-17,500,1.18512676056342,0.01702071219195448,500,1.785389671359436,0.012857352586463547,500,0.17827118644062917,0.0025603189949754035,500,0.268564971751234,0.0019340509187355142,500
6,6,4,1.0,6.0,3.0,0.422162772441502,0.0010985854479797796,500,1.1570962482872,0.00010490882924737265,500,0.5173478377748599,0.002898215185050323,500,0.39315933838214,0.0039352485454087005,500,0.34629296967833395,0.0018563953566068934,500,0.263734288619258,0.0024121526563042122,500,5.51348475322156,0.0695338226208601,500,0.012942452472350381,0.00016322493572981146,500,nan,nan,0,21.246898202527397,0.010900382166938003,500,4.628187704263301,0.05086549043854473,500,20.7069744383,0.0,500,6.647887323939998,7.95206533574069e-17,500,0.8339906103285559,0.017361145650608673,500,1.4353427230040638,0.01677874447036245,500,0.12545197740108865,0.0026115282652398727,500,0.2159096045196602,0.002523921308045119,500
6,6,4,1.0,6.0,4.0,0.41556051838273,0.0010462175565905244,500,1.16251223397728,0.000308908622589274,500,0.597186083982408,0.0044120248551726094,500,0.342249667257992,0.0032769480546070793,500,0.317473966880212,0.0016610930661723376,500,0.303008529204404,0.002436127492112679,500,4.62438528629506,0.0543761074034493,500,0.01085536452181948,0.00012764344460909724,500,nan,nan,0,21.6461939429936,0.018036964478653366,500,6.14907412513468,0.06533634182033382,500,20.7069744383,0.0,500,6.647887323939998,7.95206533574069e-17,500,0.673652582159472,0.0155307677400556,500,1.187830985915464,0.016301101834425617,500,0.10133333333331479,0.002336195994797479,500,0.17867796610164483,0.002452072521703389,500
6,6,4,1.0,6.0,5.0,0.41199286280970604,0.001058205398670822,500,1.1697357539439999,0.000452787159173967,500,0.690499356658964,0.006619037462162346,500,0.306555208457366,0.0029639192627557063,500,0.29616597117135995,0.0016404002832537522,500,0.33687166416055003,0.0026730214407081,500,4.08381557919052,0.04651676595459579,500,0.009586421547396301,0.00010919428627844356,500,nan,nan,0,22.1303667401816,0.028417066702154794,500,7.6055856622569005,0.08413613491387703,500,20.7069744383,0.0,500,6.647887323939998,7.95206533574069e-17,500,0.5433708920186987,0.015181908827909789,500,1.028018779342852,0.016544918047901497,500,0.08173587570619409,0.002283719336401951,500,0.1546384180790646,0.002488748265678964,500
6,6,4,1.0,6.0,6.0,0.40859927939625196,0.001018926332649685,500,1.1788911653635599,0.0004895928564844854,500,0.8421095271143519,0.009255676538968844,500,0.28164766999396,0.0025660645409959493,500,0.2798038698626081,0.0014664957732139334,500,0.36317246690369603,0.0025275974742298805,500,3.7372434919823,0.03883779523394045,500,0.008772872046907122,9.116853341304251e-05,500,nan,nan,0,22.840739962979,0.039033993056313644,500,9.433922751423601,0.09686484025464628,500,20.7069744383,0.0,500,6.647887323939998,7.95206533574069e-17,500,0.46542723004688863,0.014403311393409645,500,0.942244131455264,0.01577293465976536,500,0.07001129943502629,0.002166599807059997,500,0.141735875706196,0.0023726236458534097,500
6,6,4,1.0,6.0,7.0,0.408891052395768,0.0010112909653273753,500,1.18288981857934,0.0005273211712676905,500,0.971036901659788,0.01420846204024612,500,0.27517242194069,0.002485058932635756,500,0.27473200812424,0.0014698773071179967,500,0.36999888917241,0.002590776287970531,500,3.67468957436396,0.03705663178007127,500,0.008626031864704122,8.698739854475795e-05,500,nan,nan,0,23.3767929781422,0.05200543287390838,500,10.590383467445498,0.11749741416293243,500,20.7069744383,0.0,500,6.647887323939998,7.95206533574069e-17,500,0.49138967136145045,0.013940337471046015,500,0.947633802816922,0.015378228773760359,500,0.07391666666667382,0.002096957543315417,500,0.14254661016948061,0.0023132505146970803,500
6,6,4,1.0,6.0,8.0,0.408708295280138,0.0010023162217589305,500,1.1890476686489602,0.0005551513695914496,500,1.144979867664922,0.016241466239750695,500,0.259374098466432,0.0023097523085171172,500,0.264801468524564,0.0013872400429567873,500,0.385091644542192,0.00247336373593246,500,3.51321642935302,0.034616212045807254,500,0.00824698692336316,8.125871372248735e-05,500,nan,nan,0,24.2672943204384,0.0656522670185371,500,12.39354604732744,0.13184067235305522,500,20.7069744383,0.0,500,6.647887323939998,7.95206533574069e-17,500,0.4689483568074727,0.013407524548871674,500,0.922338028169162,0.014428649157153717,500,0.0705409604519888,0.002016809836802352,500,0.1387415254237148,0.0021704112079599233,500
6,6,4,1.0,6.0,9.0,0.405261912908374,0.0010312239927191833,500,1.19228319362396,0.0005904139806859229,500,1.2734396958601861,0.017943509344995296,500,0.24822870921851803,0.002245680947004798,500,0.25715350182232,0.00135894731491184,500,0.39647935812019597,0.002454278278686927,500,3.4005664739414,0.03298413764098485,500,0.00798255040831246,7.742755314783972e-05,500,nan,nan,0,25.168773588269,0.08073641759350048,500,14.03456138428428,0.14828428589800013,500,20.7069744383,0.0,500,6.647887323939998,7.95206533574069e-17,500,0.47353051643193966,0.012733271871770938,500,0.9155962441315351,0.014356891935599515,500,0.07123022598870092,0.0019153862349489024,500,0.13772740112992884,0.0021596172191245457,500
6,6,4,1.0,6.0,10.0,0.406149111339898,0.0009728532686578356,500,1.1933764366234203,0.0006978577752430833,500,1.3760676265573961,0.01924764199167049,500,0.237537326365728,0.002264158444857653,500,0.249992361209364,0.0014122237047850385,500,0.40755278089369595,0.0025845035281897304,500,3.27987514607834,0.03209642955009871,500,0.007699237432108999,7.53437313382862e-05,500,nan,nan,0,26.0434459165434,0.09732578253227231,500,15.495052700301802,0.16817008935754021,500,20.7069744383,0.0,500,6.647887323939998,7.95206533574069e-17,500,0.4609671361502378,0.013050011502933489,500,0.8797183098590761,0.013970079708617173,500,0.06934039548024822,0.0019630313913328594,500,0.13233050847454042,0.002101431481592085,500
6,6,4,1.0,6.0,11.0,0.40520082114611206,0.001015756479956904,500,1.1947556822007601,0.0007962459497602001,500,1.4470418682953559,0.018409976815504978,500,0.22919986916695,0.0023744997823061864,500,0.24384904694949802,0.0014554372187930884,500,0.418166386862222,0.0026831563535756773,500,3.18895638513578,0.03208990253135792,500,0.00748581311064722,7.532840969796453e-05,500,nan,nan,0,27.0051463612008,0.10978244039185606,500,17.04670070017708,0.1786341788900228,500,20.7069744383,0.0,500,6.647887323939998,7.95206533574069e-17,500,0.4566197183099248,0.013422788242594718,500,0.8701408450702941,0.013942317633611721,500,0.06868644067798821,0.0020191058585267343,500,0.1308898305084538,0.002097255406750189,500
6,6,4,1.0,6.0,12.0,0.40267376426932,0.001007730502856198,500,1.19561776627808,0.000822423291168761,500,1.529429489360622,0.02009448405937311,500,0.218973765526258,0.002248353572183621,500,0.236797757670226,0.001446579279783162,500,0.43069665861788003,0.0026796228112964775,500,3.06940967151446,0.030255891504009303,500,0.00720518702233508,7.10232194929835e-05,500,nan,nan,0,27.9239668084788,0.1336037935058936,500,18.39551937613412,0.2074810064946618,500,20.7069744383,0.0,500,6.647887323939998,7.95206533574069e-17,500,0.4247981220657565,0.012129370227478306,500,0.8402816901408726,0.013004542838457596,500,0.06389971751413681,0.0018245450977784471,500,0.12639830508473,0.001956191825274895,500
6,6,4,1.0,6.0,13.0,0.401136212403788,0.0010418509514952242,500,1.1944414266788799,0.0009199121630752011,500,1.619725410926482,0.021386601436389055,500,0.210512587672376,0.0021437088607769816,500,0.2301778636511,0.001374627399770589,500,0.441952533544682,0.002687438478622371,500,2.95237080779654,0.02661139994505629,500,0.00693044790562552,6.246807498837911e-05,500,nan,nan,0,28.793952280884398,0.1422901684667828,500,19.690173908019723,0.2133469732460579,500,20.7069744383,0.0,500,6.647887323939998,7.95206533574069e-17,500,0.39761502347418937,0.01154297723305582,500,0.799098591549218,0.013016278142694597,500,0.059810734463290105,0.001736337677007547,500,0.12020338983050681,0.001957957093498782,500
6,6,4,1.0,6.0,14.0,0.401777679788782,0.0009956358359823271,500,1.1935016534189198,0.0011658380135803421,500,1.756165910214462,0.025166868994996112,500,0.203357652012704,0.002165199048925861,500,0.224649582447558,0.0014307695627735833,500,0.45024063065252395,0.0027862410475316436,500,2.8935127781122203,0.026858770173084277,500,0.00679228351669486,6.304875627482005e-05,500,nan,nan,0,30.169421758165402,0.1664325464810052,500,21.61420838178934,0.23714826853358173,500,20.7069744383,0.0,500,6.647887323939998,7.95206533574069e-17,500,0.4222535211267941,0.01211258999389262,500,0.8031455399061601,0.012816549877695252,500,0.06351694915255388,0.0018220209524720653,500,0.1208121468926444,0.0019279132231264872,500
6,6,4,1.0,6.0,15.0,0.401841899441172,0.0010297638150866596,500,1.19030866851624,0.0013179629311272161,500,1.8159787529768359,0.026363587351575964,500,0.197705393930498,0.002184152190927703,500,0.22033334018018003,0.001476557778987271,500,0.458452521788188,0.0029237613515711585,500,2.8340496027163398,0.026046792399365214,500,0.0066526985979255,6.114270516280471e-05,500,nan,nan,0,30.974987192719396,0.18293825030934147,500,22.68868120733712,0.25557715572324524,500,20.7069744383,0.0,500,6.647887323939998,7.95206533574069e-17,500,0.3966666666666755,0.011796318420232498,500,0.7883286384976279,0.013089295604768653,500,0.05966807909605084,0.0017744462030443602,500,0.1185833333333194,0.00196894065241122,500
6,6,4,1.0,7.0,1.0,0.45423518755229597,0.001065215657531785,500,1.15877846641858,1.7344046118804257e-06,500,0.32273567077937204,5.495555614635547e-05,500,0.6543589153586779,0.0031041977323937094,500,0.453941360784216,0.0011066583907831731,500,0.152660110684452,0.0008782669399226426,500,11.0018460865162,0.07386944811567994,500,0.025825929780549,0.00017340246036526795,500,nan,nan,0,24.2089448448354,0.0010357661791464243,500,1.5221641915500979,0.016808851053990357,500,24.1581368447,0.0,500,6.647887323939998,7.95206533574069e-17,500,1.778553990608088,0.013122529076555933,500,2.1408450704199997,1.9880163339351726e-17,500,0.267536723163644,0.0019739397551684352,500,0.322033898305,0.0,500
6,6,4,1.0,7.0,2.0,0.432085358729982,0.001138539155073293,500,1.1586579342866001,6.870739568445643e-06,500,0.329752288837254,0.00034526407412718623,500,0.462616737751994,0.004593895813159363,500,0.374818734472546,0.001892361503137689,500,0.22398439481541402,0.0020216330429850644,500,6.93437634627384,0.08357262494141353,500,0.01627787874711958,0.00019617987075451932,500,nan,nan,0,24.358032753301202,0.004189074681681316,500,3.018017211938962,0.034632700171251966,500,24.1581368447,0.0,500,6.647887323939998,7.95206533574069e-17,500,1.17885446009392,0.017659597576151837,500,1.78636619718094,0.013167741963495462,500,0.17732768361577878,0.002656422516751546,500,0.268711864406592,0.0019807408462128207,500
6,6,4,1.0,7.0,3.0,0.41641979239880594,0.0010934524274291448,500,1.15768788083646,6.265915603768163e-05,500,0.357025895343718,0.0013206571789697156,500,0.342172118921256,0.003937057757954233,500,0.3146964568959,0.0019039298543661388,500,0.29783064876107596,0.0026909703369861395,500,4.819979466865259,0.06207144328022219,500,0.011314505790764501,0.00014570761333393742,500,nan,nan,0,24.630761974652597,0.00910501714448237,500,4.679216092574201,0.049144263737769055,500,24.1581368447,0.0,500,6.647887323939998,7.95206533574069e-17,500,0.8318122065727,0.016527317563712084,500,1.405784037558276,0.015844551206195333,500,0.12512429378529394,0.002486100735219965,500,0.2114632768360692,0.002383396473815882,500
6,6,4,1.0,7.0,4.0,0.41072872808368593,0.0010259887275802801,500,1.1589822695148801,0.00016582137659406328,500,0.39898600381859795,0.0025812452781557014,500,0.293107741165922,0.003596277071315099,500,0.284817583777024,0.0019125459676457423,500,0.344905901741064,0.0030356176303826194,500,4.0363233894874,0.05786219614370617,500,0.009474937534007079,0.00013582675151099774,500,nan,nan,0,24.948269731380403,0.015554032798404869,500,6.057302422582261,0.06685605305872397,500,24.1581368447,0.0,500,6.647887323939998,7.95206533574069e-17,500,0.654723004694738,0.015645516607548825,500,1.174253521126562,0.01733210168478833,500,0.09848587570618839,0.002353456947322373,500,0.17663559322029276,0.00260715936360174,500
6,6,4,1.0,7.0,5.0,0.40794123667989196,0.0010298645395184494,500,1.16498053758068,0.00034773033913114014,500,0.46588055029326597,0.004214978610676004,500,0.253113623841292,0.0026802656368385288,500,0.25888660283098,0.00158027970491563,500,0.38854763435357803,0.002980082633992446,500,3.4189441510708805,0.03787693287788937,500,0.00802569049547236,8.891298797635465e-05,500,nan,nan,0,25.433830823274,0.02297622838026186,500,7.783049247590659,0.07691111618971984,500,24.1581368447,0.0,500,6.647887323939998,7.95206533574069e-17,500,0.5141784037556861,0.01487197693495881,500,0.9526103286385159,0.01643478369075191,500,0.07734463276835041,0.002237098225387618,500,0.14329519774008917,0.0024721814450069167,500
6,6,4,1.0,7.0,6.0,0.40682654101139404,0.0010502231735669597,500,1.1718264627152,0.0004730430673546069,500,0.529916042283406,0.0055752247060459675,500,0.23596365088370402,0.002497118867378986,500,0.24645471377566,0.0015330707510957048,500,0.411674971089258,0.003018815073980273,500,3.1804208894911397,0.0342525815700878,500,0.0074657767358945,8.040512105651586e-05,500,nan,nan,0,25.9359209912884,0.03464115154814562,500,9.21028212497728,0.09834226883503065,500,24.1581368447,0.0,500,6.647887323939998,7.95206533574069e-17,500,0.4577089201876977,0.014000612484869597,500,0.8702253521126035,0.016336433292911883,500,0.06885028248585809,0.0021060243356483366,500,0.13090254237286428,0.0024573872114333505,500
6,6,4,1.0,7.0,7.0,0.404479676844076,0.0009524926725388211,500,1.1775519553060798,0.0005233240132116495,500,0.6159748299811479,0.007795036175830606,500,0.22559502634434,0.0024209342220426287,500,0.238901721327768,0.00149255604267412,500,0.425636907737606,0.0030012396125803976,500,3.0597000845644,0.03281710400507888,500,0.00718239456470508,7.70354554110097e-05,500,nan,nan,0,26.5010713872628,0.04587093305511765,500,10.62761287925564,0.11669308236845029,500,24.1581368447,0.0,500,6.647887323939998,7.95206533574069e-17,500,0.4222441314553432,0.013509584276486962,500,0.8365539906102977,0.015604428513063222,500,0.06351553672315448,0.002032162041590977,500,0.12583757062145398,0.002347276322939606,500
6,6,4,1.0,7.0,8.0,0.401978348999178,0.0010361391574180755,500,1.1834083370656199,0.0005345252893054902,500,0.7659874227693261,0.013728438017504393,500,0.21651101250502403,0.0021892058086775286,500,0.23203949185029998,0.0014174885782326577,500,0.43783239002763796,0.0029105625689164988,500,2.9723869376159997,0.03008249123836829,500,0.00697743412585902,7.061617661586418e-05,500,nan,nan,0,27.242021383168403,0.059558257222580596,500,12.28834390018746,0.13636273710653185,500,24.1581368447,0.0,500,6.647887323939998,7.95206533574069e-17,500,0.4192394366197076,0.013294507863486538,500,0.8197652582159461,0.015576394350671102,500,0.06306355932203887,0.00199980944556771,500,0.12331214689263692,0.002343059319698003,500
6,6,4,1.0,7.0,9.0,0.40156571344580005,0.0009889597697493437,500,1.1873592396756,0.0005689058376002695,500,0.86887955993777,0.015993346028868507,500,0.20769739097840603,0.0022085931614751106,500,0.225798887444964,0.00140375945109716,500,0.44922596396157805,0.0028769281630195214,500,2.8890716262705,0.030136734186944007,500,0.00678185827763034,7.07435074810999e-05,500,nan,nan,0,27.9651877839642,0.07441093427046724,500,13.7494025616449,0.15606019703768303,500,24.1581368447,0.0,500,6.647887323939998,7.95206533574069e-17,500,0.4074553990610066,0.012957290800040126,500,0.7992863849765293,0.015052997372832522,500,0.0612909604519738,0.0019490839974645546,500,0.1202316384180572,0.002264327994641267,500
6,6,4,1.0,7.0,10.0,0.40298045286785195,0.0009832211247180907,500,1.1912434278522201,0.0006197662090476564,500,0.940662215173958,0.015354806272219534,500,0.20318225962243805,0.0020707428094634103,500,0.22228340335539,0.0013665149642023513,500,0.454293119019424,0.0028991840278759433,500,2.84543365691284,0.02837546308851564,500,0.0066794217298420605,6.66090682828811e-05,500,nan,nan,0,28.7723091394414,0.09035911655173619,500,15.269576961438542,0.17421128896703889,500,24.1581368447,0.0,500,6.647887323939998,7.95206533574069e-17,500,0.4131173708920782,0.012448367969336425,500,0.8108262910798021,0.014511513890806285,500,0.06214265536724307,0.0018725299275909216,500,0.12196751412427734,0.0021828760301839134,500
6,6,4,1.0,7.0,11.0,0.402137177091128,0.0010175970780934515,500,1.1939599056418402,0.0006151636734918897,500,1.04393401114686,0.015685892238966728,500,0.196761002618778,0.002093330529061913,500,0.216898504680736,0.0013824363761254246,500,0.46340539695779803,0.0029364306468843454,500,2.7915660377818403,0.027814644283819825,500,0.00655297191967614,6.529259221556092e-05,500,nan,nan,0,29.928967643659,0.10293984993773649,500,17.34015013053194,0.18312819298465127,500,24.1581368447,0.0,500,6.647887323939998,7.95206533574069e-17,500,0.4250234741784568,0.012567932651949878,500,0.7958779342721772,0.014011902010640766,500,0.06393361581922034,0.0018905152929844743,500,0.11971892655368101,0.0021077225482115116,500
6,6,4,1.0,7.0,12.0,0.39950414696596,0.0009701761288958943,500,1.1944297803424202,0.000717522648342881,500,1.096379350056954,0.016462591907392576,500,0.18899251145982401,0.001973601645685441,500,0.21132870359914,0.0013287391397038735,500,0.473492260639608,0.0028784338370564763,500,2.7120037666309,0.025736656410404173,500,0.006366206024955781,6.041468640945262e-05,500,nan,nan,0,30.524521238878602,0.11935166098730222,500,18.2912385036369,0.20352396287778707,500,24.1581368447,0.0,500,6.647887323939998,7.95206533574069e-17,500,0.4075962441314606,0.012525876431948987,500,0.7702347417840336,0.014031790474577834,500,0.06131214689266761,0.0018841890395536025,500,0.1158615819209114,0.002110714245115474,500
6,6,4,1.0,7.0,13.0,0.400695850002908,0.0010016271341622264,500,1.19702786822784,0.0008157802561076556,500,1.121820566228788,0.014929300807057115,500,0.1787488113360012,0.0018998292449663745,500,0.20441571124761398,0.0012914048891579702,500,0.488335405803106,0.0028466979375993524,500,2.59931427891146,0.0241877038018569,500,0.00610167671105898,5.677864742219595e-05,500,nan,nan,0,31.5706469557834,0.12887901515178737,500,19.969446566736877,0.21281427398227717,500,24.1581368447,0.0,500,6.647887323939998,7.95206533574069e-17,500,0.36566197183104054,0.012088893365101631,500,0.7183943661971216,0.013667124150388312,500,0.05500423728814203,0.0018184564172081692,500,0.10806355932203934,0.0020558597768592026,500
6,6,4,1.0,7.0,14.0,0.39916360828328595,0.0009963043817934685,500,1.1961867037967,0.0009060277706411319,500,1.206394550105854,0.016467156305932523,500,0.1760546146351702,0.0020824737469173865,500,0.201375931119052,0.0014397671067853865,500,0.4951616236917,0.0030739282805978267,500,2.58131571831942,0.02881511954483657,500,0.006059426568825361,6.764112569216661e-05,500,nan,nan,0,32.3638729017106,0.15244223422377012,500,21.140849303130498,0.23884014528822906,500,24.1581368447,0.0,500,6.647887323939998,7.95206533574069e-17,500,0.34908920187796083,0.011774624118484102,500,0.6988356807511871,0.0141161312528282,500,0.05251129943503158,0.0017711828652814164,500,0.10512146892655122,0.0021234010994712954,500
6,6,4,1.0,7.0,15.0,0.398697514684148,0.000954663409122339,500,1.19702039536108,0.0009909933166929842,500,1.3026174029590079,0.018314383548809102,500,0.1682823445586988,0.0018715123439032298,500,0.19553847447074202,0.001331332507069181,500,0.505142589804356,0.002957587496948325,500,2.49465274440746,0.023051392777369537,500,0.00585599235776472,5.411125065109357e-05,500,nan,nan,0,33.3877096910594,0.16305660202350666,500,22.6787342217639,0.2454627831646245,500,24.1581368447,0.0,500,6.647887323939998,7.95206533574069e-17,500,0.3433802816901462,0.010936494200898091,500,0.6954741784037219,0.012926208588926326,500,0.05165254237289187,0.0016451082378485511,500,0.1046158192090326,0.0019444084953678718,500
6,6,4,1.0,8.0,1.0,0.446563160452572,0.0010129122012346031,500,1.1592870398344202,1.1563221340220107e-06,500,0.249243574823248,3.180411659983539e-05,500,0.620215391983372,0.0029920526601820265,500,0.433339883901396,0.001069015193206934,500,0.16665544063593998,0.0009070815643823906,500,10.103855812342601,0.0650283275963575,500,0.0237179713904756,0.0001526486563293045,500,nan,nan,0,27.653527038612598,0.0008801604050371719,500,1.52000997339992,0.01639375130358116,500,27.60929925110001,3.180826134296276e-16,500,6.647887323939998,7.95206533574069e-17,500,1.800525821593832,0.012493152697891318,500,2.1408450704199997,1.9880163339351726e-17,500,0.27084180790939605,0.001879266613462246,500,0.322033898305,0.0,500
6,6,4,1.0,8.0,2.0,0.42697794028154,0.0010657390774529445,500,1.15921198412384,3.7185818545046448e-06,500,0.252904117983034,0.00013443045246000222,500,0.42227972255429,0.004415929025959781,500,0.352026005905732,0.001838306318096452,500,0.245300733021504,0.0020917033920722764,500,6.2951758393813595,0.07436644326832194,500,0.01477740807366544,0.0001745691156533844,500,nan,nan,0,27.7928495085432,0.003703242325003698,500,3.09484882184618,0.03461302608085377,500,27.60929925110001,3.180826134296276e-16,500,6.647887323939998,7.95206533574069e-17,500,1.153652582159274,0.01750319537261708,500,1.7619530516411441,0.012816562429487394,500,0.17353672316378918,0.0026328959141019817,500,0.265039548022412,0.0019279151112245585,500
6,6,4,1.0,8.0,3.0,0.41682797216809603,0.0010380087664024545,500,1.15880685989572,3.729388051070376e-05,500,0.264068847306132,0.0006484495165016455,500,0.3137358248445,0.003726565899526224,500,0.29662961404446403,0.0018597889981506873,500,0.317700068979334,0.0028067677300912504,500,4.501429427929301,0.05400027331999781,500,0.0105667357463116,0.00012676120497645308,500,nan,nan,0,28.017992235902398,0.00803222457440387,500,4.6437850524726,0.049078440753820014,500,27.60929925110001,3.180826134296276e-16,500,6.647887323939998,7.95206533574069e-17,500,0.831586854460086,0.015499584489560967,500,1.417840375586186,0.01520736664810384,500,0.1250903954801884,0.00233150529398004,500,0.21327683615807996,0.00228754879664592,500
6,6,4,1.0,8.0,4.0,0.40736394967739,0.0011009229452792727,500,1.1582195084953602,9.505281399110623e-05,500,0.287217982267066,0.001468631950616086,500,0.261808501539826,0.0034948983984699872,500,0.26297142673323604,0.0019188536782653337,500,0.372977414783006,0.0033351855949166308,500,3.69222541722002,0.04902259162426443,500,0.008667195815070501,0.00011507650616022014,500,nan,nan,0,28.327785099607997,0.014284507960965984,500,6.16813883101516,0.06708781089289215,500,27.60929925110001,3.180826134296276e-16,500,6.647887323939998,7.95206533574069e-17,500,0.663924882629028,0.016424220137218292,500,1.172769953051456,0.01707417477444687,500,0.09987005649715178,0.002470592435895296,500,0.17641242937847357,0.00256836103598763,500
6,6,4,1.0,8.0,5.0,0.404096097109872,0.0010674235329977968,500,1.1612442520985602,0.000255681829682219,500,0.32612445481075597,0.0027358455486894313,500,0.224740048802398,0.002872990332017187,500,0.237788616342306,0.0017406511027165525,500,0.419823317046542,0.003486463751160663,500,3.14604658770656,0.03804173358053231,500,0.00738508588663456,8.929984408574554e-05,500,nan,nan,0,28.7086871750926,0.020774874002289466,500,7.68393318448484,0.0786643397574561,500,27.60929925110001,3.180826134296276e-16,500,6.647887323939998,7.95206533574069e-17,500,0.5215774647886,0.015158139385784534,500,0.964356807511678,0.017019627592185605,500,0.07845762711864182,0.0022801438482868896,500,0.1450621468926189,0.00256015584543417,500
6,6,4,1.0,8.0,6.0,0.40245741288551,0.0010298322426008008,500,1.16682413959404,0.000396294614064212,500,0.36393201340030396,0.0037088714270645307,500,0.20717193468460401,0.0026704480088604204,500,0.22456736924721402,0.0016958937909505372,500,0.446483162397824,0.003515895555897234,500,2.9071055221092204,0.035518054362239065,500,0.0068241913664535,8.337571446531663e-05,500,nan,nan,0,29.1740126835932,0.03111821972199308,500,9.173342161360981,0.10191166724169304,500,27.60929925110001,3.180826134296276e-16,500,6.647887323939998,7.95206533574069e-17,500,0.44792488262897406,0.013830996218193637,500,0.8474741784038704,0.017154800283648956,500,0.06737853107341844,0.0020805100243472103,500,0.12748022598866,0.0025804890257168428,500
6,6,4,1.0,8.0,7.0,0.4008394679945,0.0009834167658184971,500,1.1739185138719799,0.00048524006605501867,500,0.42289043571361196,0.004876002429927663,500,0.1885925718916722,0.0025493894882325,500,0.21006355721274,0.0016800006435858871,500,0.478400797736508,0.0036754276701862314,500,2.67010446557772,0.033250370997491195,500,0.006267850858163259,7.805251407858752e-05,500,nan,nan,0,29.751504635682203,0.03988905833776833,500,10.824863804271459,0.11408715790537742,500,27.60929925110001,3.180826134296276e-16,500,6.647887323939998,7.95206533574069e-17,500,0.370948356807408,0.013597255558307,500,0.7288920187792803,0.017008074448615358,500,0.055799435028231,0.0020453498827120178,500,0.10964265536721805,0.0025584179784995447,500
6,6,4,1.0,8.0,8.0,0.401612633927204,0.0010201105700890234,500,1.17840187570412,0.0005181804146181533,500,0.48052304548732194,0.007023097443619258,500,0.1821117210628654,0.0023117717388647764,500,0.20556620240105,0.0015751984707574147,500,0.48500092785738197,0.003476947261887729,500,2.6083535751215394,0.03082958238374526,500,0.0061228957162474595,7.236991169890406e-05,500,nan,nan,0,30.314663908608402,0.054313369945944594,500,12.18934256002114,0.1386839939950854,500,27.60929925110001,3.180826134296276e-16,500,6.647887323939998,7.95206533574069e-17,500,0.3822535211267056,0.013579916343989903,500,0.7379812206571739,0.015497376112353602,500,0.05749999999999103,0.0020427416534397583,500,0.11100988700563527,0.002331173101647145,500
6,6,4,1.0,8.0,9.0,0.399571322134788,0.0010059103225259682,500,1.1831255476969,0.0005502685011529291,500,0.596871074929516,0.01112965755968545,500,0.1761315174823588,0.002000213522603724,500,0.20016179640645,0.0014129017482119065,500,0.495116144376152,0.003286192958231811,500,2.5352702695201,0.02547945030348806,500,0.0059513386608451,5.98109162053553e-05,500,nan,nan,0,31.0517585515658,0.06719826938203122,500,13.86567539166674,0.15465157708750268,500,27.60929925110001,3.180826134296276e-16,500,6.647887323939998,7.95206533574069e-17,500,0.36496713615020676,0.012686268024176972,500,0.719953051643286,0.015098372361528247,500,0.05489971751412608,0.0019083157409260274,500,0.10829802259886594,0.002271153469635401,500
6,6,4,1.0,8.0,10.0,0.397812416434302,0.0010194341049851604,500,1.1869405949830998,0.0005177025483957301,500,0.6741900961661801,0.013061864706338609,500,0.1737355615212648,0.0020806197089131805,500,0.19779473081482601,0.001422726223457949,500,0.499497781691368,0.003281059662114476,500,2.5210879128934,0.026895364549094372,500,0.00591804674388174,6.313465856598761e-05,500,nan,nan,0,31.7447709155538,0.07706575320406603,500,15.34258301247286,0.16156702498483072,500,27.60929925110001,3.180826134296276e-16,500,6.647887323939998,7.95206533574069e-17,500,0.3597558685446175,0.012136876943187205,500,0.718084507042239,0.01501851875709867,500,0.05411581920903883,0.0018256742859454273,500,0.10801694915254381,0.0022591415926987153,500
6,6,4,1.0,8.0,11.0,0.39925121702190997,0.001041559036419836,500,1.19018431657106,0.0005690876830796384,500,0.744980293765248,0.014064867957427183,500,0.16853780102341917,0.001975371000649463,500,0.193764002479012,0.0013805219943372662,500,0.507395060446848,0.0032489132778821717,500,2.4748070554768002,0.02583491044619011,500,0.005809406233513521,6.064532968593491e-05,500,nan,nan,0,32.54100460354601,0.09532538638836552,500,16.84439903930026,0.18697129435771467,500,27.60929925110001,3.180826134296276e-16,500,6.647887323939998,7.95206533574069e-17,500,0.3578591549296049,0.012483015380538927,500,0.6909859154929475,0.014605575466142216,500,0.05383050847458247,0.0018777417203781933,500,0.10394067796608833,0.002197025123084297,500
6,6,4,1.0,8.0,12.0,0.400571010715744,0.0009417577277230578,500,1.19344074312504,0.0006249786598119073,500,0.8179925956559579,0.013810859487207566,500,0.1655000346215894,0.0019354186574597147,500,0.19185976907490399,0.0013665692375997873,500,0.50997413611547,0.00320272640265272,500,2.46457281936944,0.024677693940002916,500,0.00578538220509262,5.79288590141215e-05,500,nan,nan,0,33.5011677226614,0.10680131447594385,500,18.596845818563263,0.19971930759801235,500,27.60929925110001,3.180826134296276e-16,500,6.647887323939998,7.95206533574069e-17,500,0.35938028169013964,0.012028480312768373,500,0.7047699530516934,0.014624354654229295,500,0.054059322033909805,0.0018093688606086672,500,0.10601412429379517,0.002199849958580757,500
6,6,4,1.0,8.0,13.0,0.396373024645382,0.000982286859705736,500,1.195080600261,0.0006301518096442602,500,0.843116622572586,0.013602087371986054,500,0.1589210596237358,0.001884715462240094,500,0.186545639007678,0.0013699890534996635,500,0.521663333146902,0.003248496912983443,500,2.39403498116226,0.024535046950438195,500,0.0056198004252633,5.7594006925880304e-05,500,nan,nan,0,34.2025071221336,0.12124307617999626,500,19.796504897193756,0.21455889426758135,500,27.60929925110001,3.180826134296276e-16,500,6.647887323939998,7.95206533574069e-17,500,0.3453802816901439,0.012026023246665258,500,0.6815774647887328,0.013785289061545348,500,0.051953389830510746,0.0018089992595626916,500,0.1025254237288187,0.0020736345834103213,500
6,6,4,1.0,8.0,14.0,0.395984228218554,0.000986627922677783,500,1.1966632316083399,0.0007358350001826036,500,0.9213830620882739,0.012802405869078404,500,0.1514692901248282,0.0017810854034602324,500,0.18075004954891,0.001287781814128442,500,0.532993993663782,0.003102495034429275,500,2.32604164513772,0.02210367022197188,500,0.00546019165525306,5.1886549816843e-05,500,nan,nan,0,35.5033666830018,0.13268120688478527,500,21.98502643019038,0.21774394599266925,500,27.60929925110001,3.180826134296276e-16,500,6.647887323939998,7.95206533574069e-17,500,0.3385539906103737,0.011074973464756293,500,0.6755117370893118,0.013791230868069389,500,0.05092655367232592,0.0016659388050807677,500,0.10161299435029947,0.002074528372102826,500
6,6,4,1.0,8.0,15.0,0.39825221176180403,0.0010363656647685495,500,1.1967021293703801,0.0007717407900791535,500,0.9407951565356019,0.014065637649746193,500,0.14816791796809478,0.0017774586632032048,500,0.17822047825341797,0.0013080136975112569,500,0.5379452615357879,0.0031690103739675205,500,2.29358728158406,0.021934778642222954,500,0.0053840077032488,5.149009070941227e-05,500,nan,nan,0,36.153141652273,0.15600337707262468,500,22.92556443949086,0.250606203307073,500,27.60929925110001,3.180826134296276e-16,500,6.647887323939998,7.95206533574069e-17,500,0.34349295774651045,0.011370909864593262,500,0.6536619718309973,0.013125701756160594,500,0.05166949152542918,0.001710454661835573,500,0.09832627118645208,0.0019744170014566152,500
6,6,4,1.0,9.0,1.0,0.439331662776448,0.0011069181150169737,500,1.15965278623912,7.565748189578102e-07,500,0.19823028550786798,1.855447343035464e-05,500,0.5849611370369121,0.0027142581890429594,500,0.415171733464706,0.0009755931793327957,500,0.180036914671376,0.0008551180117460418,500,9.340490657484159,0.055743308192908236,500,0.021926034407241602,0.00013085283613357412,500,nan,nan,0,31.0999188817114,0.0007641308548687911,500,1.524493079877306,0.01607150145989045,500,31.060461657500007,3.180826134296276e-16,500,6.647887323939998,7.95206533574069e-17,500,1.78587793426988,0.012050901568504324,500,2.1408450704199997,1.9880163339351726e-17,500,0.26863841807888,0.0018127415495080132,500,0.322033898305,0.0,500
6,6,4,1.0,9.0,2.0,0.42444451132601,0.0011136131208112066,500,1.15960814830254,2.530445887755144e-06,500,0.200331919299534,7.112027344383429e-05,500,0.397896135881708,0.003905479820303735,500,0.337493236255542,0.0016269790949101173,500,0.258086757880342,0.0019463418584954892,500,5.9093319996745,0.0611577315434059,500,0.013871671360736061,0.00014356275010185576,500,nan,nan,0,31.2231794206152,0.003080408351248486,500,3.103826122447458,0.03183289051127246,500,31.060461657500007,3.180826134296276e-16,500,6.647887323939998,7.95206533574069e-17,500,1.159962441314472,0.01663240484876524,500,1.76292957746274,0.012382392359970741,500,0.17448587570618138,0.002501908356487781,500,0.265186440677778,0.001862605630428794,500
6,6,4,1.0,9.0,3.0,0.4143420778612619,0.0010322412612041951,500,1.15949368253378,1.458800525324274e-05,500,0.205313410708438,0.00035267451927045127,500,0.30473401674215,0.003902511336753195,500,0.28797327730229405,0.001957677881721815,500,0.32652122925163796,0.0030194437498490705,500,4.43339996419712,0.05630126680847082,500,0.010407042169476381,0.00013216259814188112,500,nan,nan,0,31.41643454124,0.007283106744900456,500,4.582432293299739,0.050406443498302866,500,31.060461657500007,3.180826134296276e-16,500,6.647887323939998,7.95206533574069e-17,500,0.864901408450798,0.01687728174897036,500,1.4409389671353279,0.01645956205889942,500,0.13010169491520066,0.0025387436529158663,500,0.21675141242927037,0.0024759086995409883,500
6,6,4,1.0,9.0,4.0,0.40568134631619,0.001106842246191403,500,1.1585460465001602,7.477090693973652e-05,500,0.21806333285547203,0.0008169961918180707,500,0.24057456533897997,0.003484405790035743,500,0.248508956526492,0.0019947282071131724,500,0.393089084382866,0.0036085805745425,500,3.5020770340575,0.04757755777021461,500,0.00822083810811628,0.00011168440791125495,500,nan,nan,0,31.703231346109597,0.01303937496014745,500,6.17012876110022,0.0687266536017814,500,31.060461657500007,3.180826134296276e-16,500,6.647887323939998,7.95206533574069e-17,500,0.6365446009388701,0.015933939895166,500,1.167436619718208,0.017413915761975794,500,0.09575141242936593,0.002396842653722749,500,0.17561016949147398,0.0026194661421623643,500
6,6,4,1.0,9.0,5.0,0.401493981566286,0.0009859799061798277,500,1.15929230003578,0.0001593687860876809,500,0.23543464703831601,0.0015464918664538298,500,0.2111016808399632,0.0029944942461381558,500,0.227146409042232,0.0018611214273636743,500,0.432640742476524,0.0036876734362413397,500,3.0727391766206997,0.039688647381655284,500,0.00721300276201956,9.316583892400819e-05,500,nan,nan,0,32.036914669637,0.019803650684038644,500,7.623349243079679,0.08601474447271111,500,31.060461657500007,3.180826134296276e-16,500,6.647887323939998,7.95206533574069e-17,500,0.5569577464787739,0.014451976760599282,500,1.0208450704225238,0.016797394304178207,500,0.08377966101691976,0.0021739202330565924,500,0.15355932203386113,0.0025267266855861356,500
6,6,4,1.0,9.0,6.0,0.40146490709198795,0.0010260005209856479,500,1.1632339087408,0.00031772577629408043,500,0.26853078851530804,0.0025082785737700246,500,0.1836482000107922,0.002644579888356464,500,0.20649931961245,0.0017142947050841333,500,0.47619209473495405,0.0037587540826241827,500,2.6945279322901796,0.03378345345999274,500,0.006325182939648579,7.930388136153554e-05,500,nan,nan,0,32.4777460664534,0.02730277017031142,500,9.25731300763954,0.09731714004768478,500,31.060461657500007,3.180826134296276e-16,500,6.647887323939998,7.95206533574069e-17,500,0.443830985915374,0.01484516109723107,500,0.8344694835679756,0.01696660301848026,500,0.06676271186439264,0.0022330644870843614,500,0.12552401129939766,0.0025521796913393685,500
6,6,4,1.0,9.0,7.0,0.397962043667338,0.0010374607951224005,500,1.16789469325646,0.0004291343701532878,500,0.29056303980497605,0.003188542742977178,500,0.17064902257092582,0.0023777559456916245,500,0.196686439426568,0.0016805507198408302,500,0.49863761516478,0.003921560305770912,500,2.5367275020426194,0.029907874379043454,500,0.005954759394466439,7.02062778850716e-05,500,nan,nan,0,32.87420034929521,0.036750699876621266,500,10.472444925039898,0.11812346957628438,500,31.060461657500007,3.180826134296276e-16,500,6.647887323939998,7.95206533574069e-17,500,0.3927136150233799,0.013355427784042776,500,0.7563098591548376,0.017078299498793324,500,0.059073446327668276,0.002008973247176193,500,0.11376694915253417,0.00256898149240379,500
6,6,4,1.0,9.0,8.0,0.398047343889538,0.0009852653199181123,500,1.1739623336503,0.0005014595785236266,500,0.336793320137658,0.004300080419876936,500,0.15964830582332223,0.0020420737885031184,500,0.18684006860608598,0.0015094853103557921,500,0.5194415961194879,0.003672177977751142,500,2.38687424923436,0.02535920911476572,500,0.00560299119538564,5.952865989383752e-05,500,nan,nan,0,33.493374173576,0.048003820738365434,500,12.217328664593818,0.1338544845363601,500,31.060461657500007,3.180826134296276e-16,500,6.647887323939998,7.95206533574069e-17,500,0.3624882629106914,0.013325372667747148,500,0.6804507042253849,0.01586924646978601,500,0.05452683615817857,0.0020044522445138028,500,0.1023559322033886,0.00238711122744656,500
6,6,4,1.0,9.0,9.0,0.397967588980968,0.0009421873559535721,500,1.1790272938164799,0.0005238896516472655,500,0.39132375492935,0.006015895775405957,500,0.1512957206802962,0.0021341523314325444,500,0.179401330188258,0.0015258983263589428,500,0.5366940428904661,0.003627122202168223,500,2.29353400996048,0.02723751969224521,500,0.00538388265248972,6.393783965320135e-05,500,nan,nan,0,34.124975024386806,0.05883031280220905,500,13.78771654175772,0.15106539778450478,500,31.060461657500007,3.180826134296276e-16,500,6.647887323939998,7.95206533574069e-17,500,0.329126760563318,0.012757653111659552,500,0.6353427230046687,0.015353676816546218,500,0.04950847457626379,0.0019190537519663327,500,0.09557062146892442,0.0023095573177433393,500
6,6,4,1.0,9.0,10.0,0.39616567419159604,0.0009944466545668423,500,1.1822492532136801,0.0005402959969100443,500,0.46313980151719397,0.009475329268981626,500,0.149513908879425,0.001867946065462111,500,0.177755336136228,0.0013825320493775256,500,0.5383887791189,0.0034793809171767926,500,2.2743739952996203,0.022664328949228055,500,0.00533890609225214,5.3202650115537e-05,500,nan,nan,0,34.717979054470604,0.0714252265450324,500,15.14441206126482,0.16616778407424165,500,31.060461657500007,3.180826134296276e-16,500,6.647887323939998,7.95206533574069e-17,500,0.335981220657241,0.012165471534350842,500,0.6501877934272166,0.014887437641738959,500,0.05053954802259396,0.0018299755909729396,500,0.09780367231639417,0.002239423882550027,500
6,6,4,1.0,9.0,11.0,0.396810234786818,0.001023762331414325,500,1.18787233066944,0.0005609755099602629,500,0.5688462368689781,0.011615918604725845,500,0.1472203658357228,0.001797123988335517,500,0.17578862344100402,0.001345464832473157,500,0.54114146705355,0.0033605836376553715,500,2.2724820106463004,0.02286366596218753,500,0.005334464813723041,5.3670577376026844e-05,500,nan,nan,0,35.7338256721168,0.0864768469187785,500,17.28993002967416,0.18427120511117118,500,31.060461657500007,3.180826134296276e-16,500,6.647887323939998,7.95206533574069e-17,500,0.3409671361502236,0.011547899187517117,500,0.6678215962440883,0.014119040092894997,500,0.051289548022592835,0.0017370780557493936,500,0.10045621468927493,0.0021238386580421037,500
6,6,4,1.0,9.0,12.0,0.39705641314288,0.0009951364637173518,500,1.1899365945484,0.0005752341008333383,500,0.6241171682340759,0.013373424606820946,500,0.1422893459432234,0.001720841754191488,500,0.17205673243352,0.0012927626532532712,500,0.549351120418488,0.003322803288909661,500,2.22386710561188,0.02117008590425123,500,0.0052203453183379,4.9695037333937656e-05,500,nan,nan,0,36.4590646411502,0.1045932002171498,500,18.657370627719676,0.20936283919641135,500,31.060461657500007,3.180826134296276e-16,500,6.647887323939998,7.95206533574069e-17,500,0.3238497652582119,0.011338751460006131,500,0.6396619718310009,0.013986333068537117,500,0.048714689265539804,0.0017056172747050987,500,0.09622033898306533,0.0021038763725980125,500
6,6,4,1.0,9.0,13.0,0.39669300530100804,0.000983568108226856,500,1.19274377234126,0.0005598496068238325,500,0.651517977831628,0.012630464851691017,500,0.1401210363642412,0.002087981410054764,500,0.16921200591291,0.001475248500717954,500,0.55588726954224,0.003630890889430254,500,2.21507999630302,0.027072806358274366,500,0.00519971830118024,6.35511886344609e-05,500,nan,nan,0,37.14237802569959,0.10549400825319208,500,19.99949917359934,0.20208018277960338,500,31.060461657500007,3.180826134296276e-16,500,6.647887323939998,7.95206533574069e-17,500,0.34182159624412795,0.012656850451364172,500,0.6401408450704401,0.014711146298013747,500,0.051418079096047654,0.001903890639930826,500,0.09629237288138191,0.0022129054812693983,500
6,6,4,1.0,9.0,14.0,0.39719027216288205,0.0009563155124975165,500,1.19371088818504,0.000642578097447579,500,0.690130247935296,0.012896968511223132,500,0.135443779774034,0.0016486771452958956,500,0.16607679427360802,0.0012775154465158938,500,0.562369519401348,0.0032379929314985075,500,2.15833871657538,0.019541562606953347,500,0.00506652280886228,4.5872212692405684e-05,500,nan,nan,0,37.9416280493478,0.1317275983415487,500,21.3105893474427,0.2424506240493285,500,31.060461657500007,3.180826134296276e-16,500,6.647887323939998,7.95206533574069e-17,500,0.310816901408488,0.01045825757696847,500,0.6193802816900785,0.01297124610901156,500,0.046754237288136886,0.0015731701016204428,500,0.09316949152544032,0.0019511832070772217,500
6,6,4,1.0,9.0,15.0,0.395973476353296,0.000943400459759276,500,1.19486085753828,0.0007039979539149292,500,0.744295655545194,0.013270349785140866,500,0.1338566398502634,0.0018547372514408937,500,0.164430244347988,0.0013886549777175348,500,0.566450825692998,0.003542451577186174,500,2.16188625243122,0.02226374066327711,500,0.00507485035782018,5.226230202652721e-05,500,nan,nan,0,39.034069647679395,0.14219158967869658,500,23.19037822771378,0.2500568199110147,500,31.060461657500007,3.180826134296276e-16,500,6.647887323939998,7.95206533574069e-17,500,0.3189483568075535,0.011340995699023396,500,0.6118403755868903,0.014582492146773453,500,0.04797740112994089,0.0017059548615057615,500,0.09203531073447536,0.0021935528441116175,500
6,6,4,1.0,10.0,1.0,0.435238787449334,0.001008111933411609,500,1.1599220364778797,5.590016622731939e-07,500,0.161322694263006,1.328907934440786e-05,500,0.5543372225329499,0.002788977584572091,500,0.39994718025450005,0.0009735876606729215,500,0.191672667228494,0.000910547572317469,500,8.76662053585134,0.0510469403998848,500,0.020578921445660002,0.00011982849859125862,500,nan,nan,0,34.5472807825376,0.0007238451911201327,500,1.525128646118178,0.016548828948357137,500,34.5116240639,0.0,500,6.647887323939998,7.95206533574069e-17,500,1.7819718309836419,0.013028241103174432,500,2.1408450704199997,1.9880163339351726e-17,500,0.268050847457426,0.0019597566066302642,500,0.322033898305,0.0,500
6,6,4,1.0,10.0,2.0,0.419693099223294,0.001068839892096111,500,1.1598943367024999,2.0027030148749893e-06,500,0.162595264215422,4.365170524190198e-05,500,0.38571530907340795,0.0038770150608441367,500,0.32905485487763203,0.0016339062393430702,500,0.265637024974342,0.0020128357027264718,500,5.7741963872349205,0.060053272808389145,500,0.013554451613228359,0.000140970123963315,500,nan,nan,0,34.654017967131395,0.0027969920706504016,500,3.051478021317388,0.03293131811649525,500,34.5116240639,0.0,500,6.647887323939998,7.95206533574069e-17,500,1.164619718309926,0.01642635129508225,500,1.7780657276975143,0.0129947542393366,500,0.17518644067790298,0.0024709130126080855,500,0.26746327683598,0.0019547193877062913,500
6,6,4,1.0,10.0,3.0,0.413812086243842,0.0010559859532367289,500,1.15984502885306,3.758766318806265e-06,500,0.165420161733526,0.00015437559806111113,500,0.276878607941992,0.0035276641236472385,500,0.272112809240528,0.0018360115911467928,500,0.347366244075208,0.003018582703871286,500,4.11011224516502,0.04832475929726347,500,0.00964815081024714,0.00011343840210631334,500,nan,nan,0,34.84396757783419,0.006413317086695499,500,4.6804305375711,0.048297159856299815,500,34.5116240639,0.0,500,6.647887323939998,7.95206533574069e-17,500,0.807849765258194,0.01687135141859436,500,1.408713615022888,0.0164417912419714,500,0.12151977401126637,0.0025378515905080242,500,0.21190395480217378,0.0024732355469946643,500
6,6,4,1.0,10.0,4.0,0.403953816017412,0.0010009224197678006,500,1.1593697712514799,4.894150119331533e-05,500,0.17100083895203397,0.0004123284678122688,500,0.2260960673121882,0.0031258612125622805,500,0.23864904203241996,0.001801942398760583,500,0.40461204339660195,0.003350435172303308,500,3.3659248824209,0.04194024346863015,500,0.0079012321183585,9.84512757479278e-05,500,nan,nan,0,35.0913698888674,0.011608964087404213,500,6.17888061926742,0.06701073254175884,500,34.5116240639,0.0,500,6.647887323939998,7.95206533574069e-17,500,0.637220657276962,0.015130803307881744,500,1.17442253521119,0.016281076895510282,500,0.09585310734459575,0.0022760318535154284,500,0.17666101694910696,0.002449060295722782,500
6,6,4,1.0,10.0,5.0,0.403168316676074,0.001030004541448646,500,1.15880097602174,9.475755420496598e-05,500,0.180844729887544,0.0008644461303467371,500,0.199255900998036,0.0030280113766226737,500,0.218424927291626,0.0019014216650817288,500,0.44477189882108,0.003860112993391725,500,2.99649829202516,0.04014887689099405,500,0.00703403354935534,9.424618988496717e-05,500,nan,nan,0,35.370924717625606,0.017971231947251327,500,7.51732257345286,0.08612267901067566,500,34.5116240639,0.0,500,6.647887323939998,7.95206533574069e-17,500,0.567436619718158,0.01546139219215795,500,1.023474178403706,0.01729352179645574,500,0.08535593220336864,0.002325760266194445,500,0.1539548022598558,0.002601356032941475,500
6,6,4,1.0,10.0,6.0,0.401535224929474,0.0010179278858280997,500,1.1606690828444,0.00022091250405898092,500,0.200368277376948,0.0016781743935327528,500,0.16606836331652222,0.0023514391746546335,500,0.193125278635314,0.0016516874931681695,500,0.49853971104789196,0.0038990651547467616,500,2.54228614865522,0.028804315578508547,500,0.00596780786069244,6.761576426876267e-05,500,nan,nan,0,35.810398577422994,0.0245635967725389,500,9.329984701802418,0.09585516363114394,500,34.5116240639,0.0,500,6.647887323939998,7.95206533574069e-17,500,0.445183098591398,0.013814365668073786,500,0.831474178403666,0.0164150766423323,500,0.0669661016949052,0.0020780083949874456,500,0.12507344632764933,0.0024692170372999475,500
6,6,4,1.0,10.0,7.0,0.39819952651333,0.0010049172781192897,500,1.16457270611212,0.00033761975007623777,500,0.220968727413188,0.0022942162229967066,500,0.1524710300298178,0.0021910243181891315,500,0.181667315837636,0.0016148579245973279,500,0.525232977513612,0.003894488436883221,500,2.37061666774514,0.026647188196292863,500,0.0055648278585555605,6.255208496779249e-05,500,nan,nan,0,36.1705859327128,0.0327181615765491,500,10.53821772089244,0.1162130155539489,500,34.5116240639,0.0,500,6.647887323939998,7.95206533574069e-17,500,0.377539906103172,0.012958926822236606,500,0.729258215962388,0.01579073964176265,500,0.05679096045196194,0.001949330094023747,500,0.10969774011298121,0.0023753019376383353,500
6,6,4,1.0,10.0,8.0,0.39707215590540795,0.0011180352897060004,500,1.16976577365578,0.0004498766874979489,500,0.24325141840914,0.002806167841467215,500,0.1430496602769482,0.002065745753868252,500,0.1726443016533016,0.0015731020530626264,500,0.5466195833662041,0.004025124858131669,500,2.24424084375268,0.024523967241647068,500,0.00526817099472454,5.756799821983288e-05,500,nan,nan,0,36.7362567235146,0.04258900308554011,500,12.285406957097718,0.13031668069955732,500,34.5116240639,0.0,500,6.647887323939998,7.95206533574069e-17,500,0.349258215962318,0.01291235613530346,500,0.656957746478759,0.01565219968042613,500,0.05253672316382629,0.0019423247576420908,500,0.09882203389829221,0.002354462240064759,500
6,6,4,1.0,10.0,9.0,0.39678018517362396,0.0009595119881184507,500,1.17437101664386,0.0004855067650037189,500,0.274265038585846,0.003630274136228872,500,0.13811845599943637,0.002052974755167581,500,0.168464070091716,0.0016050588368929583,500,0.5565679787947799,0.0041560581842995555,500,2.20361205784708,0.024971391347651223,500,0.005172798257856859,5.861828954851408e-05,500,nan,nan,0,37.239147943891794,0.05247562327187314,500,13.649054774909821,0.14697579068181502,500,34.5116240639,0.0,500,6.647887323939998,7.95206533574069e-17,500,0.3330985915491838,0.013192002092911471,500,0.6314929577464079,0.016095956568668524,500,0.050105932203370486,0.001984390145332561,500,0.09499152542373562,0.0024212138058815787,500
6,6,4,1.0,10.0,10.0,0.397187084172808,0.0010281628551754881,500,1.17900064359314,0.0005191954814911963,500,0.318093411102818,0.004986341175732143,500,0.128925246202566,0.0018578089028674861,500,0.1601072361480314,0.00148580458343421,500,0.57696572718965,0.003903063847284371,500,2.0879460476330207,0.022669460147542442,500,0.00490128180195526,5.321469518202199e-05,500,nan,nan,0,37.9174005978178,0.06447623131887575,500,15.32006888837742,0.1677804943195626,500,34.5116240639,0.0,500,6.647887323939998,7.95206533574069e-17,500,0.2892394366196499,0.01171149341707448,500,0.5832394366196935,0.014902305662673502,500,0.04350847457625807,0.001761686509771618,500,0.08773305084744755,0.002241660385698832,500
6,6,4,1.0,10.0,11.0,0.395300748922726,0.000998749943370261,500,1.183429131641,0.0005380777178090528,500,0.38856298180714,0.008995275220344498,500,0.12806511458573022,0.001824922774826658,500,0.1580952809870024,0.0014081161379186553,500,0.5806398156722781,0.003734233520080748,500,2.0686667795415397,0.021191787228890424,500,0.00485602530408784,4.9745979410508525e-05,500,nan,nan,0,38.570972319770995,0.07751942905904703,500,16.81470113426212,0.18420689341263757,500,34.5116240639,0.0,500,6.647887323939998,7.95206533574069e-17,500,0.2960093896713194,0.011681518129403556,500,0.5776338028168782,0.014815140998359294,500,0.04452683615818744,0.0017571775152285063,500,0.08688983050847704,0.0022285487518726547,500
6,6,4,1.0,10.0,12.0,0.39739320421838603,0.0009873517543055649,500,1.1872246136195799,0.0005445607082337004,500,0.46007675013342997,0.010942925559708945,500,0.1254699959898794,0.0017870429510561036,500,0.156339188743397,0.0013799550392432868,500,0.583515394066528,0.0037232279511040323,500,2.0612835658004007,0.02099395521155823,500,0.00483869381643266,4.928158500364759e-05,500,nan,nan,0,39.4401556487606,0.09071916176198637,500,18.68452771785464,0.19752404902826168,500,34.5116240639,0.0,500,6.647887323939998,7.95206533574069e-17,500,0.30325821596244046,0.011650329302583797,500,0.5769389671362103,0.014530641038388806,500,0.045617231638416154,0.0017524859756010722,500,0.0867853107344794,0.002185753207046001,500
6,6,4,1.0,10.0,13.0,0.396526116040878,0.001013316031794324,500,1.1880036443258801,0.0005677698397147063,500,0.486394271240442,0.011029992191116304,500,0.12610240490833102,0.0018835723057114826,500,0.15635848851882703,0.0014513365387775418,500,0.5830728016975341,0.003827393111444467,500,2.07088934508958,0.02257949999177081,500,0.00486124259410714,5.300352110737567e-05,500,nan,nan,0,40.0649316571846,0.10924316746687449,500,19.86258993315552,0.22640863913475573,500,34.5116240639,0.0,500,6.647887323939998,7.95206533574069e-17,500,0.3009389671361744,0.011711326830967714,500,0.5843474178404244,0.014136841504258812,500,0.04526836158191607,0.0017616614512682954,500,0.08789971751413049,0.002126516412717163,500
6,6,4,1.0,10.0,14.0,0.395526363663984,0.001016390513292982,500,1.19123484146564,0.0005909060936165684,500,0.53735804603431,0.011640750187524944,500,0.1199248088783722,0.0016254698445789652,500,0.1522681958648492,0.0013177959461448386,500,0.593022752670522,0.0035652688167568053,500,2.01848160363096,0.019423824143822984,500,0.0047382197268332205,4.559583132354614e-05,500,nan,nan,0,40.882156656468794,0.1200058237925521,500,21.432442514322062,0.2374515780308872,500,34.5116240639,0.0,500,6.647887323939998,7.95206533574069e-17,500,0.2782816901408554,0.01040446398603709,500,0.5777183098592895,0.013944995543866877,500,0.04186016949152997,0.001565078269087092,500,0.08690254237288894,0.0020976582279961836,500
6,6,4,1.0,10.0,15.0,0.394926261013602,0.00097963393039448,500,1.19270124639502,0.000649107822872233,500,0.5811367127803039,0.012158893519299207,500,0.117524447507676,0.0016464791276218364,500,0.149086036055463,0.001307092376541202,500,0.599789157515306,0.003550580910295176,500,1.9898251871347,0.01870443019441948,500,0.00467095114350838,4.390711313244681e-05,500,nan,nan,0,41.643421134467204,0.13633314853439868,500,22.78276691081022,0.2584935435300912,500,34.5116240639,0.0,500,6.647887323939998,7.95206533574069e-17,500,0.2785539906103526,0.010595642431744184,500,0.5603380281689806,0.013659931873145384,500,0.04190112994350615,0.0015938360437589808,500,0.08428813559323307,0.0020547778876991666,500
6,7,4,1.1666666666666667,1.0,1.0,0.530031852071392,0.0008184082633841466,500,1.60967761887796,7.12580944088036e-05,500,9.61043774502572,0.008506822773431425,500,1.38902524795446,0.00018640718425162847,500,0.867030609353998,6.586274469910692e-05,500,0.00571371614258808,4.272303289795994e-06,500,179.339414045122,0.10749230294459777,500,0.26927839946719795,0.00016139985427010594,500,nan,nan,0,4.043080587061301,0.007376027287183959,500,1.6403722957058957,0.018814031411245956,500,3.67507794846,0.0,500,7.1351351351400005,3.976032667870345e-17,500,2.89297297297258,0.00832903233234973,500,5.16856456456538,0.006482774543604934,500,0.40545454545451004,0.0011673265011222472,500,0.724382154882154,0.0009085706746754049,500
6,7,4,1.1666666666666667,1.0,2.0,0.5295521318652721,0.0007577842657817915,500,1.60289007131266,0.00033130604632048186,500,10.43516422929952,0.019065968338965626,500,1.3604260373038202,0.0011158025149806375,500,0.855510528773938,0.0004086911950529367,500,0.006528915496955801,3.38059871470459e-05,500,162.57442328019198,0.5564108990881407,500,0.244105740660928,0.0008354518004335285,500,nan,nan,0,4.98979585486412,0.0225205422434318,500,3.32398062004231,0.03456276623794755,500,3.67507794846,0.0,500,7.1351351351400005,3.976032667870345e-17,500,2.6042942942939797,0.009881280210122854,500,4.729003003003379,0.013101099772849645,500,0.36499579124577797,0.0013848763930860493,500,0.662776936026942,0.0018361389833166585,500
6,7,4,1.1666666666666667,1.0,3.0,0.525467782130804,0.0009163403231294884,500,1.5884814691208398,0.0007644531215384674,500,11.04557404535362,0.02243353963771053,500,1.294595689621388,0.003271592802043832,500,0.82833872206722,0.001280335422769516,500,0.00911238612362174,0.00015083513546174963,500,133.2922774649726,1.182447907720653,500,0.20013855475220618,0.001775447308891391,500,nan,nan,0,6.2368728273386,0.042005269713722176,500,4.98433600100488,0.05351822990987891,500,3.67507794846,0.0,500,7.1351351351400005,3.976032667870345e-17,500,2.3560540540540202,0.012339867334706628,500,4.3088888888891,0.018661296057856287,500,0.330204545454514,0.0017294511037270939,500,0.603897306397316,0.002615408917199607,500
6,7,4,1.1666666666666667,1.0,4.0,0.511416565171952,0.0013024888544816999,500,1.5719785489975202,0.0010709278985347394,500,11.24653761138592,0.02753736277195194,500,1.193394193013428,0.0062912421290371974,500,0.7839093537496902,0.0025995971938757483,500,0.01550081843865024,0.0004520639784165254,500,101.5039355022848,1.6124088649122397,500,0.152408311564972,0.002421034331700952,500,nan,nan,0,7.595529085047299,0.06071437426653137,500,6.592208224399404,0.07173886996922291,500,3.67507794846,0.0,500,7.1351351351400005,3.976032667870345e-17,500,2.0862402402401217,0.016778534214188266,500,3.8521441441441198,0.02568170173993754,500,0.29238973063971796,0.0023515369921385276,500,0.539883838383852,0.0035993294105229547,500
6,7,4,1.1666666666666667,1.0,5.0,0.491908344481996,0.001576644110103431,500,1.55436924591038,0.0011569014170693791,500,11.0658561129965,0.03761221069293523,500,1.068835477470136,0.008314338567356378,500,0.7270095294434641,0.0036158192319952175,500,0.02686760526155072,0.0009006398528930486,500,72.5736007118243,1.5979300264883396,500,0.1089693704381982,0.0023992943340679727,500,nan,nan,0,9.1330683660902,0.07525469901134602,500,8.32121631769188,0.08363091016696053,500,3.67507794846,0.0,500,7.1351351351400005,3.976032667870345e-17,500,1.8305285285286141,0.01870675179795385,500,3.43689489489506,0.029491588438017465,500,0.2565513468013238,0.0026217796080464555,500,0.481686026936024,0.0041332908038124675,500
6,7,4,1.1666666666666667,1.0,6.0,0.476646596503934,0.0017264691089438839,500,1.5415375757684602,0.0013094969561259935,500,10.65448765143432,0.05375701257265947,500,0.9591969721956579,0.01004819545676628,500,0.6729016346630381,0.004546571724428638,500,0.04246332789458764,0.0015007465112675175,500,54.64128006173139,1.575326397162371,500,0.08204396405665614,0.002365354950694792,500,nan,nan,0,10.69844520301696,0.0992746841205214,500,10.00422370690162,0.10766157031541385,500,3.67507794846,0.0,500,7.1351351351400005,3.976032667870345e-17,500,1.6335735735734938,0.020365174224954426,500,3.1108168168168016,0.032040173770730804,500,0.2289478114478098,0.002854210023951069,500,0.43598569023566064,0.004490478899685292,500
6,7,4,1.1666666666666667,1.0,7.0,0.455141374648626,0.001815410800457174,500,1.52999258743168,0.0011883636835258535,500,10.0589684819008,0.06617136679699694,500,0.8390197092447461,0.010473023522075818,500,0.613395243923718,0.0049693368082035115,500,0.06403904257065687,0.002200425839269206,500,38.232469787711615,1.2336861914530102,500,0.05740611079235555,0.0018523816688476287,500,nan,nan,0,12.313307472706839,0.11439822954409244,500,11.7190883994844,0.1209904067292959,500,3.67507794846,0.0,500,7.1351351351400005,3.976032667870345e-17,500,1.4297237237237503,0.020359347029993303,500,2.7570390390388755,0.03345025865081147,500,0.20037794612795262,0.002853393333750181,500,0.3864031986531994,0.0046881044321217865,500
6,7,4,1.1666666666666667,1.0,8.0,0.441234704395546,0.0017754725897337984,500,1.5210120907479399,0.0011726825519531557,500,9.37439036424884,0.0769227481661146,500,0.72800951906383,0.01124943683226419,500,0.555635029099938,0.0055318704015618735,500,0.09265466556967143,0.0029573897516519403,500,28.667468592177578,1.145027983355271,500,0.04304424713540754,0.0017192612362695832,500,nan,nan,0,14.068070729624079,0.13572850699627434,500,13.54762096065998,0.14198050905577303,500,3.67507794846,0.0,500,7.1351351351400005,3.976032667870345e-17,500,1.258984984985097,0.0207663767690706,500,2.4388648648646085,0.03586623256268283,500,0.17644865319868325,0.0029104391683927454,500,0.3418106060606164,0.005026706836436273,500
6,7,4,1.1666666666666667,1.0,9.0,0.435332465994562,0.0017720625237505135,500,1.51800111607386,0.0012300147400419116,500,9.00835068885332,0.08432103673226869,500,0.68879022893619,0.011834820285351164,500,0.531433266170658,0.0059854481048235856,500,0.109512497991782,0.0036877896877362667,500,25.966027752377602,1.1330767320180164,500,0.03898802965822168,0.0017013164144409744,500,nan,nan,0,15.1425149600375,0.15982854837526828,500,14.65201743054306,0.16662982550853236,500,3.67507794846,0.0,500,7.1351351351400005,3.976032667870345e-17,500,1.1954354354356707,0.02212835787733804,500,2.334618618618614,0.03807779787169403,500,0.16754208754210162,0.00310132288432444,500,0.32720033670034104,0.005336661065351547,500
6,7,4,1.1666666666666667,1.0,10.0,0.426761257822322,0.001503404998999629,500,1.51100777124808,0.0010374434667033046,500,8.53926023426798,0.08496117955917615,500,0.6145907972099239,0.010576334422307588,500,0.491286027553008,0.0055302977207204685,500,0.13017101074216741,0.003855773490304976,500,19.2413470849326,0.8117988095516511,500,0.0288909115389419,0.001218917131458774,500,nan,nan,0,16.8918602546921,0.1680188898150719,500,16.460180474999042,0.1732522052610297,500,3.67507794846,0.0,500,7.1351351351400005,3.976032667870345e-17,500,1.0963063063063885,0.020301460565246163,500,2.1387267267269436,0.034720487386267866,500,0.15364898989900827,0.002845280458007415,500,0.2997457912457806,0.00486612891398313,500
6,7,4,1.1666666666666667,1.0,11.0,0.419880509833338,0.0014899665782971744,500,1.50840390949706,0.001083334965529896,500,7.963668043624681,0.09081618281578598,500,0.5543518698184948,0.010814946185371333,500,0.45464412368026397,0.005781133925778911,500,0.16014284154776298,0.004682861385771174,500,16.174623241595018,0.7828575327049896,500,0.0242862210834735,0.001175461760817631,500,nan,nan,0,18.661030789138422,0.19532610061498581,500,18.267851124245237,0.20045778266836778,500,3.67507794846,0.0,500,7.1351351351400005,3.976032667870345e-17,500,1.007789789790039,0.020737323500716397,500,1.969567567567622,0.03608560165954652,500,0.14124326599325746,0.0029063673088105956,500,0.2760378787878716,0.005057451747739442,500
6,7,4,1.1666666666666667,1.0,12.0,0.41285912058457797,0.0013200306426896008,500,1.5033778865763399,0.0009550218607433474,500,7.457731732821999,0.08876129975907318,500,0.4963889816222886,0.010015620521055976,500,0.421830943916206,0.005496965032158247,500,0.18513668051037854,0.00497094817520548,500,12.83217882139594,0.6300134648347501,500,0.01926753576786266,0.0009459661634154914,500,nan,nan,0,20.184928858631658,0.19822525946819972,500,19.824288977351223,0.20283588208340025,500,3.67507794846,0.0,500,7.1351351351400005,3.976032667870345e-17,500,0.9178078078079391,0.020102891757287546,500,1.803555555555446,0.03461771802213986,500,0.12863215488214147,0.0028174507387095436,500,0.252771043771037,0.0048517256318921925,500
6,7,4,1.1666666666666667,1.0,13.0,0.412719644582014,0.0013390166858662077,500,1.50277966697656,0.0009965637468260342,500,7.13830935680768,0.09541001446005647,500,0.4739241132020968,0.010495256646213485,500,0.40301943010094,0.005854507100975172,500,0.2068177395980208,0.005669795762577149,500,12.12365115475206,0.6203556233170566,500,0.01820368041254228,0.0009314648998759824,500,nan,nan,0,21.60129193196974,0.23409195234608032,500,21.260451429199843,0.23876579054221583,500,3.67507794846,0.0,500,7.1351351351400005,3.976032667870345e-17,500,0.875405405405532,0.02054524335722578,500,1.719921921921832,0.03624184591384196,500,0.12268939393939335,0.0028794469856718487,500,0.241049663299618,0.005079349616714001,500
6,7,4,1.1666666666666667,1.0,14.0,0.405521609636262,0.0012322399276644825,500,1.49923110987066,0.0009283875829064479,500,6.623526249184601,0.09068861311001257,500,0.4192985069160306,0.009246792885246477,500,0.369730604123844,0.0053697291626689046,500,0.23664018367420178,0.005997903390743233,500,9.40438388429676,0.4649148191066895,500,0.01412069652296844,0.000698070298959341,500,nan,nan,0,23.6062186449529,0.24602926040229614,500,23.29749816602428,0.24996435850256946,500,3.67507794846,0.0,500,7.1351351351400005,3.976032667870345e-17,500,0.8101141141142818,0.019375648890301127,500,1.5831051051051468,0.03365970199770867,500,0.11353872053872095,0.0027155265490170746,500,0.22187457912457,0.004717458234527677,500
6,7,4,1.1666666666666667,1.0,15.0,0.403252756015868,0.001040970970197253,500,1.49862997067552,0.0009236426822823555,500,6.35879249314178,0.08979418953203169,500,0.39590534204660777,0.008814116855027396,500,0.35377034987899003,0.005233609627101955,500,0.253121080373022,0.006224770364317083,500,8.28841999594252,0.36920549405403746,500,0.012445075068985121,0.0005543626036853755,500,nan,nan,0,24.97199699752308,0.2613234719322555,500,24.681217489553482,0.26487274475042144,500,3.67507794846,0.0,500,7.1351351351400005,3.976032667870345e-17,500,0.7685525525525864,0.018843491840723287,500,1.5165705705705306,0.032985873086794334,500,0.10771380471381459,0.0026409439322222254,500,0.21254966329965425,0.004623020091709249,500
6,7,4,1.1666666666666667,2.0,1.0,0.5182817150670121,0.000749709117619817,500,1.5897121363062803,6.035596085466814e-05,500,4.649952597333741,0.007660253381081727,500,1.2359146874693199,0.0005607883553921173,500,0.766329143485802,0.00013137019758978726,500,0.017960526779933803,3.1799047645500045e-05,500,80.4909185811466,0.0711509194650079,500,0.12085723510682998,0.0001068332124101393,500,nan,nan,0,7.54158995406354,0.00392748058053748,500,1.638116529100542,0.018730163324775985,500,7.35015589692,0.0,500,7.1351351351400005,3.976032667870345e-17,500,1.812972972973022,0.00935790492909117,500,2.97328528528524,0.005264095517788215,500,0.254090909090924,0.001311524554454187,500,0.41671043771032196,0.0007377709627221624,500
6,7,4,1.1666666666666667,2.0,2.0,0.521525185239502,0.0007568265353337223,500,1.59353808548726,0.00013257777255598518,500,5.61284654424494,0.024048186604658142,500,1.2176108011384998,0.0008819828339849693,500,0.757335467502694,0.00036347841545280424,500,0.019485032231628403,7.753324750977039e-05,500,73.570673689085,0.21347298443860716,500,0.1104664770106714,0.0003205300066651304,500,nan,nan,0,8.09558212399814,0.014199974075260262,500,3.3147835313333682,0.03543280497134195,500,7.35015589692,0.0,500,7.1351351351400005,3.976032667870345e-17,500,1.4869849849849939,0.010240378375424845,500,2.8937777777774,0.007863555305495215,500,0.208403198653226,0.001435204545040731,500,0.405567340067266,0.0011020891905385612,500
6,7,4,1.1666666666666667,2.0,3.0,0.5145926462028,0.0008561371329992094,500,1.5953744389941,0.0003111814132614181,500,6.66933635931966,0.03520407731743199,500,1.173331892198978,0.0022701546336785453,500,0.734627660561226,0.0009621686450167389,500,0.0241995175056518,0.00021363092634500914,500,63.02996039622499,0.3937240333226195,500,0.0946395801745104,0.0005911772272108223,500,nan,nan,0,8.8963302030241,0.027745630457867005,500,4.9159376499045395,0.05177406944589099,500,7.35015589692,0.0,500,7.1351351351400005,3.976032667870345e-17,500,1.4352252252251978,0.009075281765182021,500,2.72686486486434,0.009003920203842901,500,0.201148989898992,0.0012719144898167526,500,0.38217424242421205,0.001261913058873142,500
6,7,4,1.1666666666666667,2.0,4.0,0.49924849408999605,0.001178683374323889,500,1.59341397419902,0.0006293490810270169,500,7.62121389718308,0.038747807915132694,500,1.0879674770556957,0.004638763290443264,500,0.695730723526392,0.0019088571980844292,500,0.03387249110852719,0.0005228510499559922,500,50.3081894506616,0.5569989550497626,500,0.075537821997991,0.0008363347673419497,500,nan,nan,0,9.97605342165958,0.04379539660559396,500,6.64855329541796,0.06715951140299939,500,7.35015589692,0.0,500,7.1351351351400005,3.976032667870345e-17,500,1.35168768768784,0.009073870132074884,500,2.6075675675672,0.009888286654227696,500,0.18944107744106004,0.0012717166472975506,500,0.365454545454516,0.0013858583568435304,500
6,7,4,1.1666666666666667,2.0,5.0,0.48252366990208395,0.0014194521563617136,500,1.5848512124065401,0.0009634796900557606,500,8.18583809403764,0.039132480568226685,500,0.991338947739764,0.006327816744717548,500,0.6523932638138199,0.0026635054231782364,500,0.047284205978673,0.0008866194709141324,500,39.8409011555078,0.6252702028430646,500,0.0598211729061732,0.0009388441484135021,500,nan,nan,0,11.21370145899354,0.06368683473987713,500,8.35633125767508,0.08860969177967548,500,7.35015589692,0.0,500,7.1351351351400005,3.976032667870345e-17,500,1.281693693693986,0.009257588668785304,500,2.4628108108106805,0.011546404170054899,500,0.17963131313132,0.0012974650785797922,500,0.34516666666665197,0.0016182460389839238,500
6,7,4,1.1666666666666667,2.0,6.0,0.472447946778762,0.0015058663257451876,500,1.5760545710726201,0.001138222975180473,500,8.377980395947201,0.0354337918120909,500,0.915210739911162,0.0073075546910824915,500,0.6182681416837859,0.0031311684625968577,500,0.0603691581854566,0.0012104240887472655,500,33.2183568504806,0.6085078971760569,500,0.0498774126884082,0.0009136755212851325,500,nan,nan,0,12.29179736145438,0.07963884524410339,500,9.7459297327867,0.10252498400111011,500,7.35015589692,0.0,500,7.1351351351400005,3.976032667870345e-17,500,1.21218018018048,0.0093887883546633,500,2.365207207207,0.0120334689862459,500,0.16988888888890102,0.0013158529133424025,500,0.331487373737374,0.0016865089109521477,500
6,7,4,1.1666666666666667,2.0,7.0,0.458946883039892,0.0015193918072190268,500,1.56450705622708,0.0013861147976165528,500,8.407895646828,0.03650002002878229,500,0.8201464626629961,0.008241666623422059,500,0.574169193666266,0.003601409721150506,500,0.0800717280301638,0.0016640831633580886,500,26.19693667957266,0.5640251404452079,500,0.0393347397591196,0.0008468845952628882,500,nan,nan,0,13.75914854049564,0.09797162875192704,500,11.533761396220081,0.11887369297335273,500,7.35015589692,0.0,500,7.1351351351400005,3.976032667870345e-17,500,1.13973573573607,0.009464930929086181,500,2.2202642642640997,0.013636535304292657,500,0.1597356902357202,0.001326524410517453,500,0.311173400673384,0.0019111810843112057,500
6,7,4,1.1666666666666667,2.0,8.0,0.449687433896596,0.0016052499240033853,500,1.5547180358638797,0.001443964185083773,500,8.201746065633241,0.04246498363011987,500,0.7335508681219239,0.009031595792047924,500,0.531970518149464,0.004140133455281313,500,0.10320456902062798,0.0022940073556796435,500,21.10013963854056,0.5462463960642748,500,0.03168189134915906,0.0008201897838805179,500,nan,nan,0,15.151485194053201,0.12063925608780454,500,13.1459613843364,0.1414834970067084,500,7.35015589692,0.0,500,7.1351351351400005,3.976032667870345e-17,500,1.069111111111442,0.010230207523775913,500,2.0757477477476,0.01568841803797967,500,0.14983754208754801,0.001433779084771036,500,0.29091919191918797,0.002198755558351591,500
6,7,4,1.1666666666666667,2.0,9.0,0.437825000573096,0.0015209786210900087,500,1.54567973500914,0.0014775869313014775,500,7.92419228730896,0.04940049762260591,500,0.655980113666888,0.009286199649431488,500,0.493513695863178,0.004401140918264196,500,0.1283099760281274,0.0029483590277661078,500,17.122810588236742,0.4916789445772445,500,0.025709925808162858,0.0007382566735392975,500,nan,nan,0,16.660908879854944,0.14209025278535078,500,14.8522226167171,0.1616994333474223,500,7.35015589692,0.0,500,7.1351351351400005,3.976032667870345e-17,500,0.988294294294564,0.010630269538571754,500,1.9502042042043581,0.01775550198423741,500,0.1385109427609488,0.001489848382299632,500,0.2733240740740758,0.0024884605053650563,500
6,7,4,1.1666666666666667,2.0,10.0,0.42958620651904,0.001451156584103676,500,1.53507273393368,0.0014796137510545474,500,7.53043484413232,0.05408680083047129,500,0.589186750726336,0.008958627299535463,500,0.45912562366230203,0.00441890934662173,500,0.152941189639849,0.003322833471534974,500,14.123646178647519,0.44218985396203614,500,0.021206675943916682,0.0006639487296729677,500,nan,nan,0,18.27905338455424,0.15992271101274505,500,16.638003662356763,0.179276527221802,500,7.35015589692,0.0,500,7.1351351351400005,3.976032667870345e-17,500,0.93050450450472,0.011136679382953957,500,1.819093093093056,0.018056259924117805,500,0.1304116161616006,0.0015608224892773304,500,0.2549486531986916,0.0025306121863353207,500
6,7,4,1.1666666666666667,2.0,11.0,0.424821657425754,0.0014197807917442182,500,1.5312765867279199,0.001500168347501705,500,7.201124678598441,0.06317086722937382,500,0.535654859178456,0.009343803006753616,500,0.42928308407227,0.004706685271757213,500,0.1789188313718008,0.0039739848247966,500,12.141287804254818,0.40849113016415994,500,0.018230161868247483,0.0006133500452913781,500,nan,nan,0,19.757636233307238,0.17820265929208265,500,18.24851149132658,0.19604079097427246,500,7.35015589692,0.0,500,7.1351351351400005,3.976032667870345e-17,500,0.86627027027068,0.011486828763248054,500,1.692018018018132,0.01981976631205293,500,0.1214090909090954,0.0016098964554537266,500,0.237138888888882,0.0027777702785844894,500
6,7,4,1.1666666666666667,2.0,12.0,0.421176280094854,0.00129783699892954,500,1.52483382887198,0.0015188165693539159,500,6.85410325049612,0.06806381087601322,500,0.4930538825924516,0.00912937066055391,500,0.404953907439836,0.004815066339011396,500,0.20283979516415301,0.004600472688947322,500,10.63690828268302,0.3646631874551299,500,0.01597133375778222,0.0005475423235062417,500,nan,nan,0,21.34288940316734,0.20557591347538665,500,19.946010320996297,0.2226605173442138,500,7.35015589692,0.0,500,7.1351351351400005,3.976032667870345e-17,500,0.81348348348367,0.01225484821665251,500,1.607735735735872,0.02123563727638175,500,0.1140109427609554,0.0017175355455157865,500,0.2253265993265926,0.0029762067394943146,500
6,7,4,1.1666666666666667,2.0,13.0,0.416054328803512,0.001342188720737547,500,1.5234642510972198,0.0014245390582451952,500,6.664252055961801,0.06460303644466994,500,0.46450266197577,0.008891805321757457,500,0.388407271149248,0.004708689961776961,500,0.2170050761712154,0.004506828751752288,500,9.61614536087838,0.3580576839737501,500,0.014438656698014678,0.0005376241501109835,500,nan,nan,0,22.43339154822236,0.21604503099221561,500,21.10514693879832,0.23302527919572089,500,7.35015589692,0.0,500,7.1351351351400005,3.976032667870345e-17,500,0.7918018018019743,0.011829189631616522,500,1.557687687688046,0.02033986486898142,500,0.1109722222222036,0.001657878849884387,500,0.2183122895622934,0.0028506628793643447,500
6,7,4,1.1666666666666667,2.0,14.0,0.411545195637802,0.0012656812726868111,500,1.5176298163955,0.0014550904930856613,500,6.39514018606228,0.06965499238088921,500,0.4267823730801216,0.008834115343645334,500,0.36492361389356803,0.004790169121757619,500,0.2425522072851378,0.0050807262148342075,500,8.51112234036162,0.3327598895592825,500,0.012779462973518098,0.0004996394738129124,500,nan,nan,0,24.35951634437096,0.23710482043215939,500,23.142615208735684,0.2525768414718996,500,7.35015589692,0.0,500,7.1351351351400005,3.976032667870345e-17,500,0.7401621621623226,0.012125795835744472,500,1.4709669669670082,0.021491501062982712,500,0.10373484848484744,0.0016994486587971664,500,0.20615824915823538,0.0030120664368583202,500
6,7,4,1.1666666666666667,2.0,15.0,0.40872090792314403,0.0011111083333691797,500,1.5136494152286,0.0013423037413297298,500,6.033860981298759,0.07045837434557871,500,0.388335615421743,0.008047497040173619,500,0.34230951292879397,0.004581214449155141,500,0.2671432577083566,0.00523460161510543,500,7.35694274820272,0.2796580160175514,500,0.01104646058288896,0.00041990693095746856,500,nan,nan,0,25.64448146941986,0.25039898283780243,500,24.489249551779263,0.2655142858896436,500,7.35015589692,0.0,500,7.1351351351400005,3.976032667870345e-17,500,0.6924564564566226,0.011668917972495424,500,1.363597597597582,0.020746541184937458,500,0.09704882154883565,0.0016354165340240233,500,0.19111026936028683,0.002907659181223225,500
6,7,4,1.1666666666666667,3.0,1.0,0.492295122734414,0.0007513456747208498,500,1.5908113558613999,6.367016326555294e-05,500,2.22615498866276,0.0035265932636219244,500,0.992677556237904,0.001362968182391047,500,0.6314113929433319,0.00031025874562841355,500,0.057217245862851,0.00013601379537156428,500,38.1732343691074,0.08979948280812537,500,0.057317168722384196,0.00013483405827019514,500,nan,nan,0,11.1500048218348,0.0025338539290106184,500,1.61579687844064,0.017863343235693694,500,11.0252338454,0.0,500,7.1351351351400005,3.976032667870345e-17,500,1.7506066066071175,0.01076131419768237,500,2.2490090090086805,0.0024637904769993922,500,0.24535016835024204,0.0015082144898384948,500,0.31520202020204197,0.00034530396837865877,500
6,7,4,1.1666666666666667,3.0,2.0,0.48583466788140006,0.0008274561799582476,500,1.59512346515724,0.00010965163065076845,500,2.6559118973057196,0.013230193342570699,500,0.928464027793202,0.001652523169143402,500,0.607931694227228,0.0006273268303189866,500,0.06641549644387859,0.00027933635982144357,500,30.891636456236796,0.17620476049291858,500,0.046383838522877,0.0002645717124518271,500,nan,nan,0,11.524928402613002,0.010287911983441728,500,3.261414799298222,0.03702843981968234,500,11.0252338454,0.0,500,7.1351351351400005,3.976032667870345e-17,500,1.221201201201562,0.015269189188682307,500,2.08862462462442,0.00831679819579119,500,0.1711531986532396,0.002139999999928008,500,0.292723905723874,0.0011656118683486566,500
6,7,4,1.1666666666666667,3.0,3.0,0.478198533070788,0.0008344694547100547,500,1.59670947562784,0.00012358051043300024,500,3.28774576484116,0.025966665583542894,500,0.88723596036786,0.002028026289903908,500,0.585388849174922,0.0009411185623487958,500,0.07513070243030699,0.00040653903854413206,500,25.3490356111984,0.20171364567596717,500,0.0380616150318262,0.00030287334185587146,500,nan,nan,0,12.083147607062601,0.020997478397628146,500,4.82110657618662,0.053412830214120854,500,11.0252338454,0.0,500,7.1351351351400005,3.976032667870345e-17,500,1.0314834834838822,0.013219679483433147,500,1.97887087087062,0.008364273506506916,500,0.14456397306397417,0.0018527581094194454,500,0.27734175084175194,0.0011722656050793306,500
6,7,4,1.1666666666666667,3.0,4.0,0.468291171345184,0.0009420089252099595,500,1.59869778967292,0.00027959263337173505,500,4.0393791154317,0.03586909979316214,500,0.8480863900340581,0.0026313592309961252,500,0.56252317395382,0.001241694873366166,500,0.08452609699573181,0.0005572735323074037,500,21.4273578382216,0.19563691304518324,500,0.03217320996730321,0.0002937491186865998,500,nan,nan,0,12.8605595285254,0.03568617288984659,500,6.463998370259722,0.0734275790829697,500,11.0252338454,0.0,500,7.1351351351400005,3.976032667870345e-17,500,0.9986966966969498,0.012856162380848513,500,1.9045765765762,0.008217332997419651,500,0.1399688552188786,0.0018018106367102568,500,0.266929292929324,0.0011516716700960899,500
6,7,4,1.1666666666666667,3.0,5.0,0.458089448821168,0.0010408374405325947,500,1.5985476520263397,0.0005225393901570842,500,4.67796382698554,0.03657455047166924,500,0.7897739874214861,0.003743141815649491,500,0.534386100348686,0.0016511737567995476,500,0.099033154633223,0.0008771773982942221,500,18.115764087521242,0.1832109237671761,500,0.0272008469782606,0.00027509147712797,500,nan,nan,0,13.854162801743202,0.05076450836041281,500,8.24359269356588,0.08623923607711664,500,11.0252338454,0.0,500,7.1351351351400005,3.976032667870345e-17,500,0.941723723723986,0.012611441306818747,500,1.8432672672672599,0.00808040133017241,500,0.13198400673403238,0.0017675126073949986,500,0.25833670033670797,0.0011324804894590234,500
6,7,4,1.1666666666666667,3.0,6.0,0.4497527509348899,0.001095979702263485,500,1.59561227373876,0.0008240143708297441,500,5.1266302418789405,0.037865912268218636,500,0.73612147556559,0.004512243759401465,500,0.5102384617730841,0.0019727603150054445,500,0.1130832579872938,0.0011462344832582469,500,15.921904744943582,0.19097485735048456,500,0.023906763881297203,0.0002867490350608848,500,nan,nan,0,14.868037735293,0.0681507338829206,500,9.802905296199718,0.10709714325317223,500,11.0252338454,0.0,500,7.1351351351400005,3.976032667870345e-17,500,0.913327327327574,0.012201072652453982,500,1.79455855855834,0.008247526867692461,500,0.12800420875423044,0.0017099988187156481,500,0.251510101010108,0.0011559033867611168,500
6,7,4,1.1666666666666667,3.0,7.0,0.44177464557319596,0.0011481791669944847,500,1.58856176105012,0.0010836891452591219,500,5.48258433561322,0.0394176361639013,500,0.677370704335442,0.0054732933862825656,500,0.48308293450281997,0.002383879321582318,500,0.130751264017064,0.0015296544496410625,500,13.85245844102456,0.19459196754343228,500,0.0207994871486908,0.0002921801314465588,500,nan,nan,0,16.025248370659,0.08843343056241026,500,11.44421128300596,0.1280753743418899,500,11.0252338454,0.0,500,7.1351351351400005,3.976032667870345e-17,500,0.891315315315476,0.011786412865717567,500,1.7263543543542001,0.008955062871397638,500,0.12491919191920299,0.0016518836213324497,500,0.241951178451178,0.0012550656297058268,500
6,7,4,1.1666666666666667,3.0,8.0,0.43452836249571,0.0010867779256265408,500,1.57897526055934,0.0012899352596973683,500,5.740059570071179,0.03833581930112239,500,0.61548706700144,0.005826850936494593,500,0.454768261135578,0.0026146721759857036,500,0.1517878126853302,0.00192371096518017,500,11.93561216013982,0.18219345178073018,500,0.017921339579793538,0.00027356374141262606,500,nan,nan,0,17.377121114474598,0.1056315945762977,500,13.26104068562646,0.14241838832085538,500,11.0252338454,0.0,500,7.1351351351400005,3.976032667870345e-17,500,0.8480240240243201,0.011470178571939884,500,1.65957357357346,0.00977189519448904,500,0.1188518518518712,0.0016075629059155994,500,0.23259175084173,0.0013695459174100982,500
6,7,4,1.1666666666666667,3.0,9.0,0.42939879530456404,0.0011383667630037668,500,1.5744964436339002,0.0013894851288131405,500,5.88923596112174,0.03600571489381906,500,0.57308293937553,0.006198265004969471,500,0.43317013760081197,0.0028543537873848136,500,0.1690613687523954,0.0023161548249526816,500,10.65167840901162,0.1808987260175736,500,0.01599351112464092,0.0002716197087350801,500,nan,nan,0,18.6095245139406,0.12600492074204334,500,14.818329856910381,0.16201675070530075,500,11.0252338454,0.0,500,7.1351351351400005,3.976032667870345e-17,500,0.8343543543545342,0.011820766596060957,500,1.6034174174174038,0.00967075225483426,500,0.11693602693602,0.0016566983486905687,500,0.224721380471374,0.0013553705811719672,500
6,7,4,1.1666666666666667,3.0,10.0,0.42621173192365397,0.0011298291155375287,500,1.5664915851630798,0.0015201432392074497,500,5.852897036813199,0.03516472956736579,500,0.53745593202908,0.006133320071032312,500,0.41631870010629407,0.0028699097878653844,500,0.1832406485483234,0.0024694608675823295,500,9.700101580149898,0.16617054969522585,500,0.01456471708731148,0.00024950532987270816,500,nan,nan,0,19.7147686128356,0.13984891073280548,500,16.1782608633411,0.17418287184252107,500,11.0252338454,0.0,500,7.1351351351400005,3.976032667870345e-17,500,0.789627627627912,0.011442822809892906,500,1.5540060060058118,0.009881745337042998,500,0.11066750841750539,0.0016037289544155212,500,0.217796296296282,0.001384941581329264,500
6,7,4,1.1666666666666667,3.0,11.0,0.42048540472614004,0.0010664803802408161,500,1.5564778433931001,0.0016010933148739234,500,5.81101285319142,0.03698461354224806,500,0.482781908537856,0.006250091270341888,500,0.388399982913936,0.0030780734689705067,500,0.2099622624458548,0.00300160651497993,500,8.3385980408028,0.1477480612188761,500,0.012520417478681461,0.00022184393576391375,500,nan,nan,0,21.494548791641797,0.16517922553383285,500,18.29413618834858,0.1971705244009636,500,11.0252338454,0.0,500,7.1351351351400005,3.976032667870345e-17,500,0.7499939939940901,0.011150693401771265,500,1.48048648648665,0.010909310395879043,500,0.1051127946128004,0.0015627865752481948,500,0.20749242424241798,0.001528956381241644,500
6,7,4,1.1666666666666667,3.0,12.0,0.41588864283928,0.0011290917454802626,500,1.5528466625802,0.001647301929921246,500,5.74450320946132,0.03656325830993555,500,0.44447047186095007,0.006343847794681324,500,0.367819009353796,0.003231742385584935,500,0.232087711844235,0.0033610921147673428,500,7.50006860198064,0.14967598819467234,500,0.01126136426723684,0.00022473872101288507,500,nan,nan,0,22.743232554069998,0.18562861816104048,500,19.7306968517686,0.21744085120784595,500,11.0252338454,0.0,500,7.1351351351400005,3.976032667870345e-17,500,0.69380780780796,0.010099523041854172,500,1.406534534534556,0.011875753975055638,500,0.0972382154882058,0.0014154634566230406,500,0.1971279461279424,0.0016644049131719963,500
6,7,4,1.1666666666666667,3.0,13.0,0.41128994225470794,0.0009883878561223658,500,1.5446831014407798,0.0016399373275475238,500,5.5403036931925795,0.040641306637197096,500,0.4122481633350364,0.006216486906919159,500,0.34956241815057604,0.0032633800397468063,500,0.2526222440282464,0.0038020352284412174,500,6.76108026406948,0.13037676600593628,500,0.010151772168272281,0.00019576090991886536,500,nan,nan,0,24.344569377077402,0.20018329129412935,500,21.562596671369242,0.22893542641482664,500,11.0252338454,0.0,500,7.1351351351400005,3.976032667870345e-17,500,0.6837117117118618,0.011062186524367664,500,1.346360360360486,0.012600054269283635,500,0.09582323232322779,0.0015503822022772873,500,0.1886944444444522,0.001765916696831796,500
6,7,4,1.1666666666666667,3.0,14.0,0.410431017956476,0.0009537030845951721,500,1.5385328556676199,0.001642041278206608,500,5.417707739781779,0.042687098919190085,500,0.3849272959555481,0.006185738099635223,500,0.33296919385590795,0.0033235359593553155,500,0.2720557437279744,0.004002187002191664,500,6.2000659375164,0.12472030589544077,500,0.00930940831458912,0.00018726772656972216,500,nan,nan,0,25.887851153913402,0.21567736934028292,500,23.289451311153538,0.2428882683595753,500,11.0252338454,0.0,500,7.1351351351400005,3.976032667870345e-17,500,0.673927927928054,0.010708078898545598,500,1.2811891891893459,0.012752866683752844,500,0.0944520202020184,0.0015007534819921967,500,0.1795606060605994,0.0017873335882538017,500
6,7,4,1.1666666666666667,3.0,15.0,0.40808377261459805,0.00102400476421527,500,1.5351043374365199,0.0016661292023725854,500,5.23827099253986,0.043655754577531174,500,0.3640478548684996,0.006106869421816946,500,0.32248586667328,0.0033585312655282818,500,0.28593680110805486,0.0042014429500692365,500,5.880809913252301,0.1279788141849895,500,0.00883004491479168,0.00019216038165903823,500,nan,nan,0,26.738600221909202,0.23501198015705252,500,24.2131238942319,0.26363299831371206,500,11.0252338454,0.0,500,7.1351351351400005,3.976032667870345e-17,500,0.6266786786787644,0.011358332477010999,500,1.260576576576794,0.013381286810267339,500,0.08782996632996383,0.001591887506246078,500,0.1766717171717128,0.001875407621135447,500
6,7,4,1.1666666666666667,4.0,1.0,0.475227019323234,0.000772382363494955,500,1.59452106397628,4.287277472294283e-05,500,1.22550340722816,0.0018231412923386747,500,0.836970930180238,0.0018150878150176883,500,0.5449919403015681,0.0005102379433097761,500,0.099120658924075,0.00029329709690030243,500,25.5688565828976,0.10709787020163342,500,0.03839167655089879,0.0001608076129153444,500,nan,nan,0,14.798108897529401,0.001968713176922493,500,1.65038077175029,0.018075629099164676,500,14.700311793800003,1.590413067148138e-16,500,7.1351351351400005,3.976032667870345e-17,500,1.7465225225229197,0.010839306744951942,500,2.06990990991038,0.0006115972000315762,500,0.24477777777782803,0.0015191452635077553,500,0.29010101010101397,8.571627423948198e-05,500
6,7,4,1.1666666666666667,4.0,2.0,0.46281135923308,0.0008281224313256234,500,1.5972246154865,9.962507950357717e-05,500,1.3894156959654802,0.004875994546731719,500,0.720258248277274,0.0025742291534630183,500,0.5014300396455239,0.001009628046508791,500,0.12516088279167478,0.0006675942333091043,500,17.876266250374204,0.1619158153166157,500,0.026841240616173004,0.00024311683981487154,500,nan,nan,0,15.078104698846,0.007610406502533813,500,3.260735592690512,0.035996523245401646,500,14.700311793800003,1.590413067148138e-16,500,7.1351351351400005,3.976032667870345e-17,500,1.22285885885964,0.01541713082045038,500,1.8116276276278223,0.009318638439496348,500,0.1713855218855614,0.0021607342437755697,500,0.25390235690239,0.0013060212964428578,500
6,7,4,1.1666666666666667,4.0,3.0,0.44856211581606603,0.000857182920347958,500,1.59940681029456,0.00010775218007813026,500,1.6813196701418398,0.012034117026604523,500,0.647893071153972,0.0028773911137807916,500,0.465156405719246,0.0013176560367608202,500,0.148328519837904,0.0009326341266136338,500,13.10592180487608,0.15903081142766642,500,0.0196785612685836,0.00023878500214366937,500,nan,nan,0,15.5609930595998,0.01780603161117281,500,4.95750483068308,0.05709560847051856,500,14.700311793800003,1.590413067148138e-16,500,7.1351351351400005,3.976032667870345e-17,500,0.8787867867872128,0.015631497198326356,500,1.594960960961064,0.010752340468814061,500,0.12316329966329312,0.002190778016431005,500,0.223536195286228,0.0015069568081284717,500
6,7,4,1.1666666666666667,4.0,4.0,0.440093477186978,0.0009110111421710429,500,1.60067451585992,0.00012910308847783808,500,2.0566141991356197,0.020230467442707477,500,0.6060740152449999,0.0028003254329075603,500,0.441244682528478,0.0013267335537455681,500,0.16436188773124497,0.0010350879493633885,500,10.740477490728379,0.12433595012172272,500,0.016126843079168684,0.00018669061579827323,500,nan,nan,0,16.1392999052998,0.027208778099846863,500,6.50807027703486,0.06923970665066709,500,14.700311793800003,1.590413067148138e-16,500,7.1351351351400005,3.976032667870345e-17,500,0.7561021021024629,0.014224748261687369,500,1.4993333333331638,0.010194488109208042,500,0.105968855218882,0.0019936200215227404,500,0.21013383838385205,0.0014287729547018996,500
6,7,4,1.1666666666666667,4.0,5.0,0.43233194058967994,0.0008572341714244651,500,1.6018711208091199,0.00023601939200316424,500,2.5275906554857803,0.027158903482177494,500,0.5803886201695521,0.0026460511801635754,500,0.424389254729398,0.0012416293187632378,500,0.17553058499392402,0.001022619597363774,500,9.42355286836764,0.09497568169564624,500,0.0141494787813301,0.00014260612867195865,500,nan,nan,0,16.9097633141962,0.03956235362066877,500,8.1849731356649,0.0852694421765217,500,14.700311793800003,1.590413067148138e-16,500,7.1351351351400005,3.976032667870345e-17,500,0.7475675675678105,0.01403600814495767,500,1.4478378378378938,0.009925918739794268,500,0.10477272727273503,0.0019671678081933527,500,0.202916666666678,0.001391132550652059,500
6,7,4,1.1666666666666667,4.0,6.0,0.429034044007014,0.0008856619254302921,500,1.6020745072528597,0.0004260534280697377,500,2.8892507905542204,0.03128473736305041,500,0.5573123023845961,0.002942986651397512,500,0.411577794240428,0.001364322373975914,500,0.18498451111448996,0.0011892259513473257,500,8.741583612602101,0.0866472814728813,500,0.013125500919821441,0.00013010102323251602,500,nan,nan,0,17.7359134450252,0.05533437489329663,500,9.728671338030319,0.10348920266783197,500,14.700311793800003,1.590413067148138e-16,500,7.1351351351400005,3.976032667870345e-17,500,0.7602222222223842,0.013879767362098927,500,1.440576576576656,0.009574933010904592,500,0.10654629629632047,0.001945270425748601,500,0.201898989899002,0.0013419413689515632,500
6,7,4,1.1666666666666667,4.0,7.0,0.424861797381342,0.000833088394589784,500,1.6013250471690201,0.0006243874822953697,500,3.21738345515966,0.0326382374288908,500,0.525400792592634,0.003358142834055459,500,0.39526216770035794,0.0015350446683480088,500,0.199656825468046,0.00141303808364043,500,8.011409590891581,0.08460852148205773,500,0.0120291435298697,0.00012703982204534232,500,nan,nan,0,18.7747760758358,0.07356874008675701,500,11.458754003586801,0.12495108418928297,500,14.700311793800003,1.590413067148138e-16,500,7.1351351351400005,3.976032667870345e-17,500,0.7316996996998689,0.013927600102980863,500,1.4003843843845762,0.009275970242381037,500,0.10254882154882067,0.0019519742568561288,500,0.196265993265988,0.0013000412839694532,500
6,7,4,1.1666666666666667,4.0,8.0,0.420325737973546,0.0009123995251406608,500,1.59741214337002,0.0009344487054393696,500,3.5006380864184203,0.03168984831511099,500,0.48992225912394,0.003566046053863531,500,0.378805238785946,0.0016168081738105297,500,0.21551990751213201,0.0016352919714769272,500,7.30903300652232,0.07284013685987249,500,0.010974524033820019,0.00010936957486472837,500,nan,nan,0,19.915347420680398,0.09038727063502873,500,13.22194415419454,0.13998889393057043,500,14.700311793800003,1.590413067148138e-16,500,7.1351351351400005,3.976032667870345e-17,500,0.7077897897899722,0.012976543440160863,500,1.373507507507598,0.00867159283782241,500,0.09919781144782652,0.0018186822245668725,500,0.19249915824913597,0.0012153368749974664,500
6,7,4,1.1666666666666667,4.0,9.0,0.41864429202086606,0.0008717360099795971,500,1.59441851796648,0.0009959020770652846,500,3.73015705960322,0.034322294820491664,500,0.462416959362254,0.0039007514559955586,500,0.36504736010688005,0.0018291443880114272,500,0.23086096384928997,0.0019273585306038036,500,6.81979159555622,0.0754778640663114,500,0.01023992732065618,0.00011333012622579989,500,nan,nan,0,20.8634367268514,0.10708607910407185,500,14.582386921141639,0.15674586379117217,500,14.700311793800003,1.590413067148138e-16,500,7.1351351351400005,3.976032667870345e-17,500,0.6692132132133181,0.01235281529270705,500,1.332300300300464,0.009403744232968398,500,0.09379124579125718,0.00173126577965994,500,0.18672390572391204,0.00131794900234787,500
6,7,4,1.1666666666666667,4.0,10.0,0.413780309185884,0.0009227512377050091,500,1.5863369934284601,0.0011552151700958003,500,3.9748926360176595,0.034590900036076816,500,0.425710713526394,0.0037957952981565665,500,0.34797956047549994,0.001813310949119919,500,0.248946010426554,0.0020204302830925166,500,6.2183459629294395,0.06909610962044707,500,0.00933685580019484,0.00010374791234309626,500,nan,nan,0,22.1378298914302,0.12468381553161573,500,16.334313153159922,0.17298534089589795,500,14.700311793800003,1.590413067148138e-16,500,7.1351351351400005,3.976032667870345e-17,500,0.6397237237238305,0.011513919082236708,500,1.279417417417788,0.008930848531530611,500,0.08965824915824253,0.0016136932047057368,500,0.179312289562294,0.0012516719532836406,500
6,7,4,1.1666666666666667,4.0,11.0,0.413009029497712,0.0008459838636365696,500,1.58069388571942,0.0013604313387143533,500,4.14219732311622,0.035017131859546906,500,0.40255292915303803,0.003982131514989115,500,0.33489127615340203,0.0019426915425221289,500,0.263581889676556,0.0022512107788554346,500,5.82337332251638,0.06528725782269075,500,0.008743803787560919,9.802891564962184e-05,500,nan,nan,0,23.4657899924088,0.14337147311368706,500,18.06670697366842,0.19200120308722057,500,14.700311793800003,1.590413067148138e-16,500,7.1351351351400005,3.976032667870345e-17,500,0.648546546546643,0.011615651608687117,500,1.2452012012015041,0.009284766925091694,500,0.09089478114477204,0.0016279511724287684,500,0.17451683501683563,0.0013012741523803215,500
6,7,4,1.1666666666666667,4.0,12.0,0.409915817017872,0.0009248085480572492,500,1.57328313826266,0.0015065175597816563,500,4.13971174920726,0.03523524025348249,500,0.37917765745553006,0.004351717138546957,500,0.32325219174787,0.002179876831507333,500,0.279384300223882,0.0026675738407268244,500,5.51875191212638,0.07258485877763003,500,0.008286414282471642,0.0001089862744408864,500,nan,nan,0,24.6167328455268,0.1708524525855221,500,19.498504848067597,0.22048756120565402,500,14.700311793800003,1.590413067148138e-16,500,7.1351351351400005,3.976032667870345e-17,500,0.6200060060060888,0.012127687914645245,500,1.206816816817154,0.009684081205541985,500,0.08689478114477237,0.0016997138365205174,500,0.16913720538722082,0.0013572386538065677,500
6,7,4,1.1666666666666667,4.0,13.0,0.407282921253106,0.0008958682733087289,500,1.5707578592320401,0.001597714078076337,500,4.28790082841388,0.032064589305913604,500,0.35362204673807,0.004081673700149891,500,0.30874098089040797,0.0021288510424999755,500,0.297131713183476,0.002819543213299595,500,5.0865240909226,0.06241257399604842,500,0.00763742355994396,9.371257356765611e-05,500,nan,nan,0,26.257189516103402,0.1818686250729039,500,21.550324766059262,0.22574463343157253,500,14.700311793800003,1.590413067148138e-16,500,7.1351351351400005,3.976032667870345e-17,500,0.6020540540541512,0.011585838212699021,500,1.1683903903908082,0.009839069199883407,500,0.0843787878787943,0.001623772779809187,500,0.16375168350169078,0.0013789604560435985,500
6,7,4,1.1666666666666667,4.0,14.0,0.405512647902362,0.0008669390745347723,500,1.5591085184393,0.0016453211480691654,500,4.197554133927481,0.03376233852537571,500,0.336180663687802,0.004105209149720166,500,0.3000912166877861,0.002164969053051335,500,0.30849968573055403,0.002945175296661897,500,4.87308160210552,0.06196202184301825,500,0.00731693934250082,9.303606883338873e-05,500,nan,nan,0,27.3476349657544,0.20229133013923944,500,22.839860129077575,0.247450851422376,500,14.700311793800003,1.590413067148138e-16,500,7.1351351351400005,3.976032667870345e-17,500,0.6031831831832489,0.011585762291309133,500,1.152654654655032,0.009781558635836097,500,0.08453703703704031,0.00162376213931133,500,0.16154629629632541,0.0013709002633560212,500
6,7,4,1.1666666666666667,4.0,15.0,0.40511898019375203,0.0009476785710029573,500,1.555337308074,0.0016755549437477086,500,4.17244599706296,0.03339880853327061,500,0.31935764801208316,0.0043642745845315035,500,0.289520135145526,0.0023617203281678374,500,0.32500619919419,0.003421486489090369,500,4.611196472816521,0.06232930192456078,500,0.00692371842765258,9.358754042729152e-05,500,nan,nan,0,28.516227079157403,0.2278711171555107,500,24.202257298902442,0.2731743165446599,500,14.700311793800003,1.590413067148138e-16,500,7.1351351351400005,3.976032667870345e-17,500,0.561609609609613,0.011884653862834714,500,1.108876876877116,0.010026121202290553,500,0.07871043771044202,0.001665652245927313,500,0.1554107744107996,0.0014051760775933234,500
6,7,4,1.1666666666666667,5.0,1.0,0.46556868049974004,0.0008243624690625285,500,1.5970917177411599,2.1269734866928437e-05,500,0.758920647346048,0.0007756435872693848,500,0.7469151980018001,0.002184427187693929,500,0.494437368761498,0.0006673868292291197,500,0.12843908753239203,0.00044489064536137716,500,20.227310467800603,0.10560358468302396,500,0.030371337038742598,0.00015856394096572452,500,nan,nan,0,18.4548868547668,0.0016536065462192898,500,1.6594148482405098,0.0187594986148442,500,18.3753897423,0.0,500,7.1351351351400005,3.976032667870345e-17,500,1.7330450450454538,0.011169083737881442,500,2.05405405405,0.0,500,0.242888888888932,0.0015653640087276229,500,0.287878787879,0.0,500
6,7,4,1.1666666666666667,5.0,2.0,0.44656184615261196,0.0008252533737708928,500,1.5984568031271,8.260409469002542e-05,500,0.829633268249968,0.002539643273835958,500,0.60592695907191,0.0032430753314280692,500,0.439826091386058,0.0013161514253365706,500,0.168547109689246,0.0011104262383473376,500,13.36537140546312,0.14541430926725885,500,0.0200681252334296,0.00021833980370463682,500,nan,nan,0,18.673795482128,0.005943808392019784,500,3.233473859297192,0.035191016927362886,500,18.3753897423,0.0,500,7.1351351351400005,3.976032667870345e-17,500,1.2256636636646299,0.015488343503620406,500,1.7605765765764196,0.01057576363114991,500,0.1717786195286502,0.0021707148092185505,500,0.246747474747512,0.0014822092967988524,500
6,7,4,1.1666666666666667,5.0,3.0,0.43195291309655004,0.0008954110256970365,500,1.60068052654172,0.00011182652502139044,500,0.9612765564482061,0.00564493353565718,500,0.5119464148876101,0.0034035877132516257,500,0.3930423646233801,0.001605848217738725,500,0.209218576572892,0.0015522893132380493,500,9.18397999132632,0.13478062474540603,500,0.013789759746737159,0.00020237331042849502,500,nan,nan,0,19.0611749375054,0.01400183034342476,500,4.9240800366766795,0.055276807251657206,500,18.3753897423,0.0,500,7.1351351351400005,3.976032667870345e-17,500,0.8718798798803523,0.016083487347532285,500,1.4700420420423739,0.01328924403390755,500,0.12219528619528063,0.002254125120674568,500,0.2060286195286518,0.0018625076865720555,500
6,7,4,1.1666666666666667,5.0,4.0,0.425745125590936,0.000866190834355405,500,1.60175800747546,0.00012151938937306076,500,1.1186037857715119,0.009248244728870099,500,0.460571876147202,0.0031239097921091637,500,0.364929566470142,0.0015741477909597982,500,0.23594675913274601,0.0016863660928372944,500,7.250933531462221,0.10732596417988131,500,0.0108872875847785,0.00016115009636625093,500,nan,nan,0,19.5343614561416,0.02319642179495063,500,6.4489583482524,0.0724017468228463,500,18.3753897423,0.0,500,7.1351351351400005,3.976032667870345e-17,500,0.6938258258260253,0.014925179789875466,500,1.3009669669671897,0.013350505084384248,500,0.09724074074072647,0.00209178656145765,500,0.18233249158252396,0.0018710935156171114,500
6,7,4,1.1666666666666667,5.0,5.0,0.41999275098241606,0.0008615156549053605,500,1.60256733518832,0.00013422503604299733,500,1.3510625698636318,0.014984992538708348,500,0.43415742877720004,0.0029656740866311542,500,0.34779473657527,0.0014981305026977817,500,0.25258894048767,0.001693617169230616,500,6.31165702985946,0.09105360549734859,500,0.009476962507296079,0.00013671712537136846,500,nan,nan,0,20.1788494819818,0.03479753532356748,500,8.129356705803021,0.09007680033081893,500,18.3753897423,0.0,500,7.1351351351400005,3.976032667870345e-17,500,0.6362282282283886,0.014560063368694831,500,1.224042042042392,0.012614428471948718,500,0.0891683501683504,0.0020406149418231694,500,0.1715513468013594,0.0017679312631139962,500
6,7,4,1.1666666666666667,5.0,6.0,0.41468855789247994,0.0008741251137205218,500,1.60387721277904,0.00024225736608605446,500,1.734808801394806,0.023883008673681407,500,0.4111938147139221,0.0025137113718628275,500,0.332292306877064,0.0012534846444323443,500,0.267085624128666,0.0015718697109198749,500,5.573471015047501,0.05612551631220673,500,0.00836857509766918,8.427254701533698e-05,500,nan,nan,0,21.0261764156876,0.04924489734604305,500,10.00466460221908,0.10557541138303406,500,18.3753897423,0.0,500,7.1351351351400005,3.976032667870345e-17,500,0.6122642642644132,0.013284927734789972,500,1.197255255255492,0.011618855095403611,500,0.08580976430976202,0.0018619027507072157,500,0.1677971380471488,0.0016284001459465657,500
6,7,4,1.1666666666666667,5.0,7.0,0.41318852271150003,0.0008450529621502064,500,1.60424127604664,0.00040107744946402135,500,1.9740479977221161,0.028143166324458183,500,0.40015539495424796,0.0025631599802001105,500,0.325441448089608,0.0012463157714515073,500,0.27347908723321795,0.0015854333590099208,500,5.36331257451306,0.05302229787889405,500,0.00805302188365398,7.961305987829927e-05,500,nan,nan,0,21.8451274727394,0.06676481693586653,500,11.55151489985202,0.12929175414196376,500,18.3753897423,0.0,500,7.1351351351400005,3.976032667870345e-17,500,0.6227567567567799,0.012949292595255759,500,1.1817357357361258,0.011324555418143012,500,0.08728030303029825,0.0018148629773641302,500,0.16562205387207898,0.0015871536002688526,500
6,7,4,1.1666666666666667,5.0,8.0,0.41128063383618996,0.000838387217663377,500,1.60287808511356,0.0005429268657302791,500,2.147639735921584,0.025711526805681548,500,0.37615557919964604,0.0025789243748425878,500,0.31358508436532806,0.0012956390528780924,500,0.28886969816511204,0.0017186061941689482,500,4.998936036354,0.05147181502762384,500,0.007505909964495339,7.728500754908198e-05,500,nan,nan,0,22.7069882756768,0.08030026894652388,500,13.06662655993726,0.1445971334977832,500,18.3753897423,0.0,500,7.1351351351400005,3.976032667870345e-17,500,0.5754834834835175,0.01289588147129599,500,1.12715915915934,0.011497582478756806,500,0.08065488215488412,0.001807377327415903,500,0.15797306397310518,0.0016114036049776888,500
6,7,4,1.1666666666666667,5.0,9.0,0.40943179378710204,0.0007916253294821715,500,1.60095934633368,0.0007697480999215046,500,2.338514899519704,0.02633268854986375,500,0.357041742720336,0.002711718922992295,500,0.302980573441878,0.001323769508204006,500,0.302589922417842,0.0018641242069213906,500,4.72420831498572,0.04354644016967768,500,0.007093405878356961,6.538504529980418e-05,500,nan,nan,0,23.8254771881228,0.09790329959068374,500,14.903317329284178,0.15936051201767923,500,18.3753897423,0.0,500,7.1351351351400005,3.976032667870345e-17,500,0.5629789789789817,0.012496680417264292,500,1.106078078078096,0.011085859521100236,500,0.07890235690234772,0.0017514286948426357,500,0.155018518518528,0.001553700008639704,500
6,7,4,1.1666666666666667,5.0,10.0,0.40828940597744,0.0008366912569762568,500,1.5976700732795601,0.0009457985790160241,500,2.502586517579912,0.02824358442155963,500,0.345529481964104,0.003070605403678047,500,0.296743498297494,0.0015396685554458138,500,0.31160207120290395,0.002175644598791057,500,4.626151074166319,0.05129490146937799,500,0.00694617278403378,7.701937157566092e-05,500,nan,nan,0,24.8707875398572,0.11958904161335016,500,16.45213564326608,0.18654556866535715,500,18.3753897423,0.0,500,7.1351351351400005,3.976032667870345e-17,500,0.5597777777777618,0.0129532067310902,500,1.0963663663668257,0.011662364657999266,500,0.07845370370369105,0.0018154115494321429,500,0.1536574074074176,0.001634498077067298,500
6,7,4,1.1666666666666667,5.0,11.0,0.405275301153398,0.0008140814262318168,500,1.59168590884214,0.0011200008677369534,500,2.731380619963928,0.030890874128874146,500,0.321444955925572,0.0028973051864157407,500,0.283795044096418,0.0014843104554835129,500,0.32954932172976603,0.002214113364540018,500,4.288440889351519,0.04119183854754777,500,0.006439100434461219,6.184960742877722e-05,500,nan,nan,0,26.071788065288597,0.135719692778354,500,18.20615868215288,0.19924943556640623,500,18.3753897423,0.0,500,7.1351351351400005,3.976032667870345e-17,500,0.5321681681681628,0.012289855585349584,500,1.0559219219221199,0.010767161358308693,500,0.07458417508418035,0.0017224418812796663,500,0.14798905723906222,0.0015090339782490338,500
6,7,4,1.1666666666666667,5.0,12.0,0.405660265448514,0.0008235864355491933,500,1.5879205169729398,0.0012390868796391635,500,2.8831114217228877,0.03192373139524736,500,0.310426985962162,0.0028718298826308566,500,0.277883905818688,0.0014701761802854633,500,0.33669033038620794,0.0022478570381867223,500,4.1758561734374195,0.03907170105699123,500,0.0062700543144707,5.8666217803282466e-05,500,nan,nan,0,27.3152946702382,0.1525148912915296,500,19.91953739591886,0.21603801674116896,500,18.3753897423,0.0,500,7.1351351351400005,3.976032667870345e-17,500,0.5399879879879594,0.011726115404863378,500,1.0527087087089582,0.010838674626040035,500,0.07568013468014824,0.001643432840833349,500,0.14753872053871403,0.0015190566710740804,500
6,7,4,1.1666666666666667,5.0,13.0,0.404099595065518,0.0008228311343867408,500,1.58489167675566,0.0013537876515498785,500,2.9608728381701797,0.03224244271414387,500,0.295135449769542,0.002897545505921326,500,0.26975260704325,0.0015517332304924838,500,0.350419078758998,0.002421403122703848,500,4.00157674400046,0.0405028138333611,500,0.0060083734894906,6.081503578586994e-05,500,nan,nan,0,28.456606600652798,0.16897400528535314,500,21.432810812307018,0.23263622399030373,500,18.3753897423,0.0,500,7.1351351351400005,3.976032667870345e-17,500,0.5114714714714507,0.011817068642822106,500,1.017687687688006,0.010780482389049406,500,0.071683501683495,0.0016561800749395643,500,0.1426304713804784,0.0015109009408899462,500
6,7,4,1.1666666666666667,5.0,14.0,0.40393994373744396,0.0007866957525528928,500,1.5799107145886802,0.0014748557078489465,500,3.050180501676104,0.032826360000247266,500,0.28518724088066405,0.0031259306636857473,500,0.26366460555241406,0.0016516790983699642,500,0.36004579643441603,0.0026483428358918303,500,3.8925158089570395,0.04085348269887516,500,0.0058446183317673196,6.134156561392521e-05,500,nan,nan,0,29.758345157271002,0.18688962513639848,500,23.1252702920151,0.24745182523014314,500,18.3753897423,0.0,500,7.1351351351400005,3.976032667870345e-17,500,0.5077657657657553,0.01203193522194572,500,1.0026486486489439,0.010743429508446119,500,0.07116414141414108,0.0016862939515598738,500,0.140522727272722,0.0015057079235319332,500
6,7,4,1.1666666666666667,5.0,15.0,0.401586241907092,0.0008183304400143133,500,1.57269509790358,0.0015012286439816708,500,3.0928186071644994,0.029719476968941318,500,0.26590475605337405,0.0029222716967275447,500,0.25274716500483996,0.0016157044900689088,500,0.37703536174947394,0.00266687041414159,500,3.65860036102902,0.03580953923068029,500,0.00549339393547916,5.376807692294263e-05,500,nan,nan,0,31.218430115584997,0.2148872159113914,500,24.947602686642675,0.2744812274065967,500,18.3753897423,0.0,500,7.1351351351400005,3.976032667870345e-17,500,0.484708708708666,0.011595922787392198,500,0.9561921921922819,0.010650340873834162,500,0.06793265993265135,0.0016251861482312762,500,0.13401178451179438,0.0014926614103494338,500
6,7,4,1.1666666666666667,6.0,1.0,0.458103581052142,0.0007998960187196641,500,1.5980397144104002,4.262652021284035e-06,500,0.5240704045396118,0.00024048077518831447,500,0.695308781334674,0.002320998434284138,500,0.463447071167278,0.0007343447860735891,500,0.147348986617086,0.0005100073917164546,500,17.2580973536514,0.09847318565607009,500,0.025913059089569798,0.00014785763612017107,500,nan,nan,0,22.112608425472803,0.0013368348638763338,500,1.602920829211038,0.01877312010079896,500,22.0504676908,0.0,500,7.1351351351400005,3.976032667870345e-17,500,1.7530570570571795,0.010944264810850242,500,2.05405405405,0.0,500,0.245693602693654,0.0015338552954721717,500,0.287878787879,0.0,500
6,7,4,1.1666666666666667,6.0,2.0,0.43916177296077397,0.0008655806749481935,500,1.59918279810224,7.50393050698746e-05,500,0.5542449715670421,0.0012774866610400777,500,0.5302776571170901,0.0035885018838128497,500,0.399736930801774,0.0014775813821029972,500,0.200016082920558,0.0014076572944452651,500,10.91663597740204,0.125207131761212,500,0.01639134531141542,0.00018799869633816647,500,nan,nan,0,22.3110575777986,0.005379523470022405,500,3.3030126610768678,0.03649780833720916,500,22.0504676908,0.0,500,7.1351351351400005,3.976032667870345e-17,500,1.2086486486494719,0.014788455816865083,500,1.7559159159162374,0.010786894065473378,500,0.1693939393939838,0.0020726244894839047,500,0.24609427609432,0.0015117995470657981,500
6,7,4,1.1666666666666667,6.0,3.0,0.424775561714274,0.0009233648606472726,500,1.6015279043950599,0.00010868110116865457,500,0.6127503383320241,0.0027812687708576884,500,0.43806032549608803,0.003746883380476886,500,0.35222038566912794,0.0017748348639288838,500,0.24812689980604602,0.002012010492645329,500,7.61657519847236,0.11693688014743166,500,0.011436299096806837,0.00017558090112243673,500,nan,nan,0,22.615476258259,0.011055917552613639,500,4.89120475347992,0.05246912422547582,500,22.0504676908,0.0,500,7.1351351351400005,3.976032667870345e-17,500,0.8999039039042043,0.016211749866214775,500,1.4508288288295639,0.014045742405828272,500,0.12612289562288498,0.002272101307005606,500,0.2033358585859172,0.0019685320796048425,500
6,7,4,1.1666666666666667,6.0,4.0,0.415279887213942,0.0008723324890003275,500,1.6025977454886,0.00011207022827679437,500,0.708515473868916,0.004913788510266669,500,0.37094074398338206,0.0031914331536368615,500,0.314249776729578,0.0016982361249810933,500,0.293112196147558,0.0022704840910162164,500,5.609101632131781,0.08514297621196307,500,0.008422074522720561,0.000127842306624583,500,nan,nan,0,23.077719084003803,0.019699337293328702,500,6.63994635006436,0.0702521808535571,500,22.0504676908,0.0,500,7.1351351351400005,3.976032667870345e-17,500,0.6754834834836596,0.015206090073070165,500,1.19558558558604,0.015201283793919815,500,0.09467003367002769,0.002131156563269045,500,0.1675631313131824,0.002130482955965572,500
6,7,4,1.1666666666666667,6.0,5.0,0.41098996272936594,0.0008800385046778585,500,1.6034285549086598,0.00012376647460224767,500,0.805583822862278,0.0071098760204158255,500,0.33935807081977404,0.0028841902875023366,500,0.294885508464644,0.0015625058192844682,500,0.31822716510942806,0.002241842709410024,500,4.78979976023784,0.07038863500061357,500,0.00719189153188864,0.00010568864114199272,500,nan,nan,0,23.5664193324464,0.0299395311486801,500,8.10421149524216,0.08865553567914221,500,22.0504676908,0.0,500,7.1351351351400005,3.976032667870345e-17,500,0.555543543543605,0.014301141075188354,500,1.0697777777781239,0.014253859268010627,500,0.07786026936025815,0.002004326590081086,500,0.1499309764309792,0.001997699973166379,500
6,7,4,1.1666666666666667,6.0,6.0,0.409165841338608,0.0008166405407285054,500,1.6040107678618398,0.00014375199999666627,500,0.976218058819632,0.011804814179500177,500,0.31549509069527804,0.0026127180071079154,500,0.27891925153101405,0.0014320880323161467,500,0.33982289900578405,0.0022558229546080846,500,4.20878609887472,0.05578652686102372,500,0.00631949864695836,8.376355384523701e-05,500,nan,nan,0,24.2798611434496,0.04180358892872859,500,9.936248982580018,0.1043301988330747,500,22.0504676908,0.0,500,7.1351351351400005,3.976032667870345e-17,500,0.49781381381380185,0.013172805938232482,500,0.9991831831835339,0.013598935110792396,500,0.06976936026934923,0.0018461887110385372,500,0.1400370370370396,0.0019059113602238797,500
6,7,4,1.1666666666666667,6.0,7.0,0.40577816671219796,0.0008319461456011057,500,1.6046201845792003,0.00021887973256468,500,1.1922074151189381,0.017664547808500502,500,0.30798481439149,0.002340463470534771,500,0.272630685660656,0.0012709661090378672,500,0.34568353450486,0.002155347657266778,500,4.01478735634308,0.0420096286564507,500,0.006028209243758601,6.3077520505263e-05,500,nan,nan,0,25.023675818333203,0.05219685214193572,500,11.603280704817298,0.1157413513049719,500,22.0504676908,0.0,500,7.1351351351400005,3.976032667870345e-17,500,0.5252432432432447,0.013203006750470167,500,1.00672672672698,0.013574444830293037,500,0.07361363636364048,0.0018504214006334128,500,0.14109427609429862,0.0019024790103066601,500
6,7,4,1.1666666666666667,6.0,8.0,0.40488074102479005,0.0008203779986844308,500,1.60493156017352,0.00032924364616890864,500,1.3684538123494099,0.022470645328247066,500,0.297687146890238,0.002474519321023019,500,0.266183224933274,0.0013486222645476783,500,0.355780513928262,0.0022198832698787866,500,3.8776752776422,0.04716553072881657,500,0.0058223352517148795,7.081911520840696e-05,500,nan,nan,0,25.7450602523162,0.07221002899254163,500,12.976352943314,0.14712472153861847,500,22.0504676908,0.0,500,7.1351351351400005,3.976032667870345e-17,500,0.49738738738737526,0.012481538542395818,500,0.98076876876899,0.01272201382370353,500,0.06970959595960777,0.0017493065381387989,500,0.1374562289562454,0.0017830095131710511,500
6,7,4,1.1666666666666667,6.0,9.0,0.40398242088200603,0.0007590861582719979,500,1.60493718477368,0.0004723411034061919,500,1.551557973625652,0.02370770935180657,500,0.29123110133203,0.0025134258296396336,500,0.26123612853802797,0.0013376907821886744,500,0.361588689947354,0.0023112727241999175,500,3.7889295987472202,0.04120804276435283,500,0.00568908348160198,6.187393808457491e-05,500,nan,nan,0,26.7389156709944,0.08758860110601883,500,14.794263128424802,0.16572228577523815,500,22.0504676908,0.0,500,7.1351351351400005,3.976032667870345e-17,500,0.527597597597596,0.013274532849634835,500,0.993267267267594,0.013107647723947593,500,0.0739436026936059,0.0018604458918041907,500,0.1392079124579316,0.001837056688583646,500
6,7,4,1.1666666666666667,6.0,10.0,0.403313136801746,0.0007692434834492139,500,1.60518184002472,0.000628392847610185,500,1.635425884668458,0.021040898190508295,500,0.27356066338638196,0.0021647045874055005,500,0.251725087337556,0.0011445649800511735,500,0.37759144030733,0.0020695626272070437,500,3.54402542718304,0.03038525064928614,500,0.0053213595002750405,4.562349947340567e-05,500,nan,nan,0,27.752955287516603,0.10417110944262972,500,16.534876533353177,0.17915532293284298,500,22.0504676908,0.0,500,7.1351351351400005,3.976032667870345e-17,500,0.47018618618620145,0.01152960874470413,500,0.9442282282282899,0.012408573160674782,500,0.06589730639731033,0.001615892134673172,500,0.1323350168350268,0.0017390803293390895,500
6,7,4,1.1666666666666667,6.0,11.0,0.403026543870224,0.0007582764827756785,500,1.60098109290998,0.000817087493586723,500,1.765781999930038,0.02337048935284055,500,0.26939311392244997,0.0025147769090257403,500,0.24932518578126198,0.0013563804829544556,500,0.380452627732986,0.0024253845076475542,500,3.55274034895912,0.03693647599100701,500,0.0053344449684072995,5.546017416071751e-05,500,nan,nan,0,28.7174415073406,0.12367380883087077,500,18.03718190049172,0.20397208304139094,500,22.0504676908,0.0,500,7.1351351351400005,3.976032667870345e-17,500,0.48355555555547963,0.012547178229171665,500,0.9510750750752239,0.012700057359756368,500,0.06777104377104624,0.0017585060396946852,500,0.13329461279463542,0.0017799322814813043,500
6,7,4,1.1666666666666667,6.0,12.0,0.40084825044169203,0.0007865389445338054,500,1.59919369803576,0.000945551753739149,500,1.8601943584193759,0.023322181111844458,500,0.256772554092108,0.0025704396249806526,500,0.241778423750692,0.0013816170601683765,500,0.39481665978486,0.002540997163389126,500,3.40468181464822,0.035008068491395254,500,0.0051121348568292395,5.2564667404537235e-05,500,nan,nan,0,29.822049523672803,0.1365761775853012,500,19.740154438144817,0.21359452652631414,500,22.0504676908,0.0,500,7.1351351351400005,3.976032667870345e-17,500,0.44378378378375066,0.01283031746408193,500,0.900258258258632,0.012745663398955588,500,0.062196969696965684,0.0017981884324646997,500,0.1261725589225724,0.0017863240369742532,500
6,7,4,1.1666666666666667,6.0,13.0,0.400519726820086,0.0007971267169453353,500,1.59631823151478,0.001111473702201918,500,2.022253667809014,0.028361444834224866,500,0.247483277068208,0.0023113041155469233,500,0.23619922045931202,0.0012821157947250905,500,0.40276073654182,0.0023726717127141752,500,3.30740830131542,0.02941494039685709,500,0.0049660785305037595,4.4166577172461744e-05,500,nan,nan,0,30.9792650651172,0.15307635656138197,500,21.421913792854617,0.22951591971313434,500,22.0504676908,0.0,500,7.1351351351400005,3.976032667870345e-17,500,0.4588948948948627,0.010734588274517,500,0.90625825825836,0.011194849191169304,500,0.06431481481481245,0.0015044688112002956,500,0.1270134680134722,0.0015689750760365605,500
6,7,4,1.1666666666666667,6.0,14.0,0.39950309852640603,0.0007934169221854979,500,1.5912028685596602,0.001211793602313308,500,2.1459570424336616,0.02943395793733909,500,0.236388940790124,0.002248221379222797,500,0.23018927645009002,0.001278676773366199,500,0.413011244544732,0.0023787071006341988,500,3.19958066830848,0.02932928935686186,500,0.004804175177640741,4.4037972007303244e-05,500,nan,nan,0,32.1471156187202,0.1686450988996526,500,23.03467200291212,0.2484821516417642,500,22.0504676908,0.0,500,7.1351351351400005,3.976032667870345e-17,500,0.45254654654653986,0.011670708604484274,500,0.88193993994003,0.011590268641305903,500,0.06342508417507413,0.0016356674938083383,500,0.12360521885524621,0.001624393711094985,500
6,7,4,1.1666666666666667,6.0,15.0,0.39995990412268395,0.0008048440973890536,500,1.5875868627823602,0.0013572940172659742,500,2.291031059162716,0.028467698323585297,500,0.22773577274322598,0.0022834095404023155,500,0.224414602037594,0.0012780228889838448,500,0.423091596954136,0.0025265484922480626,500,3.11815907444926,0.027484719216111776,500,0.00468192053220602,4.1268347171338287e-05,500,nan,nan,0,33.5347412734642,0.18418321491692355,500,24.9544035361938,0.2554468595223742,500,22.0504676908,0.0,500,7.1351351351400005,3.976032667870345e-17,500,0.4479219219219014,0.012056577973174033,500,0.866534534534684,0.012088617284135445,500,0.06277693602693273,0.0016897476704819355,500,0.12144612794614,0.0016942380284588627,500
6,7,4,1.1666666666666667,7.0,1.0,0.45046107328637197,0.0008106237045651813,500,1.59848439776426,3.6954435299792294e-06,500,0.38775214127373203,9.475035204116281e-05,500,0.653373846877144,0.002278282880781751,500,0.439766092365944,0.0007426568579320014,500,0.162055660903646,0.0005499635466363489,500,15.130361731445598,0.08519586725883056,500,0.0227182608580226,0.00012792172261093842,500,nan,nan,0,25.778325192775398,0.0011295416847760937,500,1.5965091591140599,0.018465505422194568,500,25.725545639199993,3.180826134296276e-16,500,7.1351351351400005,3.976032667870345e-17,500,1.7722522522523796,0.010324562596046605,500,2.05405405405,0.0,500,0.24838383838387204,0.0014470030911244186,500,0.287878787879,0.0,500
6,7,4,1.1666666666666667,7.0,2.0,0.433727508565668,0.0009329443225866988,500,1.59920732008714,5.887024695980031e-05,500,0.398461937274422,0.0005214903227365893,500,0.485552574937316,0.003677495682812663,500,0.37429147903751403,0.0015116438907448653,500,0.221037028228866,0.001589122949538352,500,9.5720124869921,0.10874337619511429,500,0.014372391121611379,0.0001632783426354022,500,nan,nan,0,25.9492196853348,0.004563796327296803,500,3.302671224732494,0.03639738131444859,500,25.725545639199993,3.180826134296276e-16,500,7.1351351351400005,3.976032667870345e-17,500,1.1991051051059898,0.015265007287330408,500,1.7473393393396577,0.01083943009656612,500,0.16805639730643862,0.0021394139001165435,500,0.24489225589229205,0.0015191625514227479,500
6,7,4,1.1666666666666667,7.0,3.0,0.418713803558608,0.0008720525583919781,500,1.6019497196052002,0.00010967999306838773,500,0.42952617600052395,0.001471558486124141,500,0.377965011894762,0.0034621054460209784,500,0.3202101927684,0.0016913616832673881,500,0.281392911617036,0.0021427128392860154,500,6.4162773860607,0.09049088714864086,500,0.00963405012921994,0.00013587220292585986,500,nan,nan,0,26.2349411308048,0.009759697361466304,500,5.01711453693534,0.05190808161129357,500,25.725545639199993,3.180826134296276e-16,500,7.1351351351400005,3.976032667870345e-17,500,0.8562702702706442,0.0153989741756847,500,1.4262702702713859,0.013500580099250889,500,0.12000757575757377,0.0021581895624992625,500,0.1998939393939966,0.0018921267563336839,500
6,7,4,1.1666666666666667,7.0,4.0,0.41314171321843807,0.0008963559229711625,500,1.60335108953198,0.0001175761324073288,500,0.47585241057272204,0.002983663149634257,500,0.328046580348764,0.0033913163297008796,500,0.288985931188942,0.0017968283116201343,500,0.323256325845184,0.0025964829387800574,500,5.07654923351898,0.08111990531751588,500,0.00762244629657534,0.00012180165963589266,500,nan,nan,0,26.5936677317426,0.016948597350869607,500,6.564657969052321,0.07032804555160661,500,25.725545639199993,3.180826134296276e-16,500,7.1351351351400005,3.976032667870345e-17,500,0.6773033033034992,0.015211665616256004,500,1.2001681681689862,0.015267632275403925,500,0.0949250841750653,0.0021319379840942453,500,0.16820538720541037,0.002139781796171163,500
6,7,4,1.1666666666666667,7.0,5.0,0.408195507361572,0.000817114250397014,500,1.6039660748945201,0.00011534421476946628,500,0.5354658234583539,0.004308623212155041,500,0.28681399018808806,0.0030649542040348233,500,0.26308605637746196,0.0017168177280616728,500,0.36199052464308196,0.002744910509960566,500,4.144856267228221,0.06768841250313411,500,0.00622350790875154,0.00010163425300774919,500,nan,nan,0,27.0646193683358,0.026310683788617447,500,8.186889385608401,0.08964636707896752,500,25.725545639199993,3.180826134296276e-16,500,7.1351351351400005,3.976032667870345e-17,500,0.5599399399399965,0.014177704744178805,500,1.0261861861866624,0.015839514377461384,500,0.07847643097641845,0.001987026801265237,500,0.14382154882157067,0.002219931939264593,500
6,7,4,1.1666666666666667,7.0,6.0,0.40389857285120795,0.0008042735203675514,500,1.6044045672477,0.0001312885624887566,500,0.616715730048156,0.0063089983313761025,500,0.262746047268672,0.0026581612758222943,500,0.24588854256335602,0.0015536906026758655,500,0.390014993379168,0.0028156404445354296,500,3.5995310550353197,0.04927301581590375,500,0.00540470128383706,7.398350723110984e-05,500,nan,nan,0,27.628282730635796,0.037108265094773336,500,9.82923116535962,0.10585710442839441,500,25.725545639199993,3.180826134296276e-16,500,7.1351351351400005,3.976032667870345e-17,500,0.4757717717717651,0.013608775928563582,500,0.916762762763202,0.014988600545486959,500,0.06668013468013693,0.0019072905657446695,500,0.128485690235713,0.00210067507644967,500
6,7,4,1.1666666666666667,7.0,7.0,0.40255819660725,0.0007682979781062257,500,1.60488358788014,0.00014907872212211463,500,0.7104287560956241,0.008995042181344106,500,0.249290028497572,0.002507945672304791,500,0.236528390737486,0.001489492182427732,500,0.405567455288988,0.0028552265071221236,500,3.3575627868870197,0.042894478757452774,500,0.00504138556589634,6.44061242604675e-05,500,nan,nan,0,28.240924350358597,0.04759840760731143,500,11.3745704427564,0.12256277737971251,500,25.725545639199993,3.180826134296276e-16,500,7.1351351351400005,3.976032667870345e-17,500,0.4512192192192459,0.013146349401098895,500,0.8744804804808782,0.015098992562155873,500,0.06323905723905514,0.0018424807872735574,500,0.12255976430978,0.00211614668484682,500
6,7,4,1.1666666666666667,7.0,8.0,0.401428101703176,0.0008072441727917412,500,1.6053166766970601,0.00020215758910559054,500,0.900022504283594,0.016227426915627112,500,0.244867748593518,0.0024770056944770002,500,0.232174927763,0.0013944261914967636,500,0.410378091574942,0.0026741152779371524,500,3.26338317378792,0.04398217554615979,500,0.00489997473541728,6.6039302621854e-05,500,nan,nan,0,29.0359611819786,0.06205861776221752,500,13.16614079193278,0.14055333479017298,500,25.725545639199993,3.180826134296276e-16,500,7.1351351351400005,3.976032667870345e-17,500,0.4600240240239941,0.01313683733826243,500,0.883375375375732,0.014172281618398369,500,0.06447306397306422,0.001841147657255467,500,0.1238063973064098,0.001986266741972849,500
6,7,4,1.1666666666666667,7.0,9.0,0.40131707668941796,0.0008066865513890692,500,1.60605890214102,0.00034450052410047913,500,1.045934842647378,0.019926980294464568,500,0.24029729887544202,0.0025134784692243503,500,0.22856445182083002,0.0014179937253193504,500,0.416009317686326,0.0027358832326816623,500,3.2089671247279403,0.041341909400197475,500,0.00481826895604788,6.207493903929015e-05,500,nan,nan,0,29.9689742753956,0.08497171723324277,500,14.971333869079459,0.17792929984843747,500,25.725545639199993,3.180826134296276e-16,500,7.1351351351400005,3.976032667870345e-17,500,0.458528528528487,0.012907002612750759,500,0.8741321321325903,0.013912293814347339,500,0.0642634680134629,0.0018089359722403993,500,0.12251094276095566,0.00194982905731228,500
6,7,4,1.1666666666666667,7.0,10.0,0.39981110090067,0.0008210920948519634,500,1.60694412714742,0.0004280278886989154,500,1.1615378351055443,0.019613267347216603,500,0.22578225279568603,0.002136757673472176,500,0.219583085030006,0.001209700217780822,500,0.43164724081308403,0.002595639663493241,500,3.0001939048888797,0.028730171125690575,500,0.0045047956529865,4.313839508361467e-05,500,nan,nan,0,30.8573520738248,0.09277128010976585,500,16.706099162147257,0.17666118548079268,500,25.725545639199993,3.180826134296276e-16,500,7.1351351351400005,3.976032667870345e-17,500,0.4294354354353907,0.012073169638213949,500,0.8404744744747821,0.013882421234900631,500,0.06018602693602464,0.0016920730174756265,500,0.117793771043779,0.001945642370041339,500
6,7,4,1.1666666666666667,7.0,11.0,0.400050664536402,0.0007938462235141931,500,1.605135352508,0.0005749883397668655,500,1.251620098886372,0.018841433417775163,500,0.223603804706984,0.0020767586029118755,500,0.218275036175864,0.0011651119403660053,500,0.43238923436857396,0.0024534290003862093,500,2.98813496465518,0.028028977493364447,500,0.00448668913611906,4.208555179187253e-05,500,nan,nan,0,31.5904129079568,0.10369541762991162,500,17.999199273130902,0.1875104906347328,500,25.725545639199993,3.180826134296276e-16,500,7.1351351351400005,3.976032667870345e-17,500,0.4391111111110481,0.011963340149850624,500,0.8425525525528823,0.012794790669155395,500,0.06154208754207802,0.0016766802482730708,500,0.1180850168350436,0.0017932092983282443,500
6,7,4,1.1666666666666667,7.0,12.0,0.398421895837428,0.0008655068021301473,500,1.6038612945254198,0.0006773274517760527,500,1.3462488186284982,0.020937300601463458,500,0.216081482964874,0.0021903369418000067,500,0.213339619822884,0.0012415293949890299,500,0.44256463633438203,0.002608968826735649,500,2.9228523302284604,0.029165658486443202,500,0.00438866716250552,4.3792280009673526e-05,500,nan,nan,0,32.622113224385195,0.12924262315648422,500,19.655935623724698,0.22102825701735698,500,25.725545639199993,3.180826134296276e-16,500,7.1351351351400005,3.976032667870345e-17,500,0.4206066066065115,0.012467083647620454,500,0.829375375375682,0.013274883394014681,500,0.05894865319864748,0.0017472806627343144,500,0.1162382154882248,0.0018604950211294985,500
6,7,4,1.1666666666666667,7.0,13.0,0.40018316774412993,0.0008140847506232671,500,1.60116853216012,0.0008769877284361411,500,1.4141279580846657,0.019357050832803525,500,0.207719909395282,0.002115542838630783,500,0.20793648423165598,0.0012267740575638384,500,0.45269312682278795,0.002649575734152377,500,2.8348182835991,0.02687218744515451,500,0.00425648390930782,4.034862979751129e-05,500,nan,nan,0,33.877544156062804,0.13884862479121193,500,21.69628590437666,0.2228242337274717,500,25.725545639199993,3.180826134296276e-16,500,7.1351351351400005,3.976032667870345e-17,500,0.41156156156150175,0.01170342973203842,500,0.809033033033132,0.013126075650063494,500,0.05768097643097441,0.0016402534094134183,500,0.11338720538720301,0.0018396393903498717,500
6,7,4,1.1666666666666667,7.0,14.0,0.39630338547884403,0.0007637016911463107,500,1.5987908218237998,0.000980556051136229,500,1.4816371301583422,0.019325831606610902,500,0.201016715930496,0.002148240513264406,500,0.20394406036039403,0.001245814136465772,500,0.460828700562914,0.0027029288080850883,500,2.77637842164844,0.027032685699888963,500,0.00416873636884176,4.058961816795628e-05,500,nan,nan,0,34.8477391505756,0.15689037097123168,500,23.13206585238022,0.24417639791366388,500,25.725545639199993,3.180826134296276e-16,500,7.1351351351400005,3.976032667870345e-17,500,0.39419219219211943,0.011540430446496932,500,0.7876696696698919,0.012760193907594372,500,0.055246632996628194,0.0016174088125760584,500,0.1103930976430982,0.001788360509775633,500
6,7,4,1.1666666666666667,7.0,15.0,0.398195665179834,0.0008088766670245118,500,1.59739883632742,0.001122687392424132,500,1.61542375945803,0.022807061686716895,500,0.195092681809102,0.0019166580599800152,500,0.19972442603844398,0.0011276573763316312,500,0.46842159786748405,0.002579232211683349,500,2.7072612106571596,0.022517530907893695,500,0.00406495677275846,3.381010646831152e-05,500,nan,nan,0,35.889812471194794,0.17274988763423954,500,24.67246638516456,0.2549539727031723,500,25.725545639199993,3.180826134296276e-16,500,7.1351351351400005,3.976032667870345e-17,500,0.40852852852846144,0.011756188852773878,500,0.7796756756757384,0.012687464555955073,500,0.05725589225589191,0.0016476476801229603,500,0.10927272727273914,0.0017781673809490004,500
6,7,4,1.1666666666666667,8.0,1.0,0.445331003500238,0.0007770863007021273,500,1.5987618975033,2.9394859101305188e-06,500,0.2996964240468681,6.472225315871004e-05,500,0.6121626202681161,0.0022113611644600773,500,0.418603669775794,0.0007233552700984427,500,0.175501863463426,0.00057894138626741,500,13.343318338527318,0.07228053661213224,500,0.0200350125203102,0.00010852933425228062,500,nan,nan,0,29.450013894027602,0.0009807012530651245,500,1.657792498043434,0.017842271162901303,500,29.400623587700007,3.180826134296276e-16,500,7.1351351351400005,3.976032667870345e-17,500,1.7408048048052975,0.010585308821097409,500,2.05405405405,0.0,500,0.243976430976468,0.0014835470696330643,500,0.287878787879,0.0,500
6,7,4,1.1666666666666667,8.0,2.0,0.43149900171703803,0.000875662741211348,500,1.5989456931100199,3.2456508273555537e-05,500,0.30419175665466797,0.00021251673942751246,500,0.447371488071798,0.00335468120997468,500,0.353650392548432,0.0013722069005042837,500,0.237922493669554,0.0015470572512323846,500,8.50589804511574,0.08695129606402185,500,0.01277161868636064,0.00013055750159763932,500,nan,nan,0,29.6013513533794,0.0037480895952704675,500,3.35862855049122,0.033796482174448444,500,29.400623587700007,3.180826134296276e-16,500,7.1351351351400005,3.976032667870345e-17,500,1.166282282283118,0.015097575600619466,500,1.7273273273278977,0.01069196319412671,500,0.163456228956254,0.0021159480955394968,500,0.242087542087568,0.001498494841609064,500
6,7,4,1.1666666666666667,8.0,3.0,0.418057521411484,0.000912643625130374,500,1.6016307936390402,0.00011503438223677504,500,0.316357711929008,0.0007282754631188281,500,0.357848201433182,0.0037736385824309595,500,0.30739566353128805,0.001801597621857648,500,0.29354027567843,0.002412484322187037,500,6.14394785859434,0.08864204218327648,500,0.00922514693482632,0.00013309615943433005,500,nan,nan,0,29.829558787053,0.008464507645909475,500,4.902878155251716,0.05303321033750112,500,29.400623587700007,3.180826134296276e-16,500,7.1351351351400005,3.976032667870345e-17,500,0.8934114114118162,0.015837777954000536,500,1.44314714714822,0.014114042010098441,500,0.12521296296295922,0.0022196885768844747,500,0.20225925925932478,0.0019781043726284724,500
6,7,4,1.1666666666666667,8.0,4.0,0.409597083483834,0.0008801548739499807,500,1.60337805631868,0.00012000588140444074,500,0.339126293700758,0.001458936913129991,500,0.297494320697656,0.003333711497883918,500,0.271287985047334,0.0018232432038773462,500,0.34499928085274995,0.0028334226836281133,500,4.709591817448399,0.07273513681942163,500,0.00707145918535818,0.0001092119171462931,500,nan,nan,0,30.1369620605966,0.014380889381166655,500,6.44691337302182,0.06906650737860998,500,29.400623587700007,3.180826134296276e-16,500,7.1351351351400005,3.976032667870345e-17,500,0.6951051051053473,0.015037299596920978,500,1.21478678678749,0.014918394661695675,500,0.09742003367001908,0.0021075003222934194,500,0.1702542087542484,0.0020908356154633895,500
6,7,4,1.1666666666666667,8.0,5.0,0.40503533420521604,0.0008474682134568626,500,1.60423681077952,0.00011152702729351183,500,0.381133388194794,0.0026362301614580985,500,0.25209741548264,0.002899065551973463,500,0.24095775349801601,0.0016954292988675978,500,0.393582479300388,0.003034022423976796,500,3.7310174252913204,0.05594938567345997,500,0.00560212826620354,8.400808659681945e-05,500,nan,nan,0,30.625119355981198,0.023584106028764266,500,8.36216241780026,0.0878723881247995,500,29.400623587700007,3.180826134296276e-16,500,7.1351351351400005,3.976032667870345e-17,500,0.5569729729730253,0.01380759892861209,500,1.001255255255796,0.015434425492991231,500,0.07806060606058236,0.001935155910446714,500,0.14032744107747339,0.002163158118335,500
6,7,4,1.1666666666666667,8.0,6.0,0.400503700892124,0.0007964722044080987,500,1.6045760950157,0.00012281118761312958,500,0.42735733351065597,0.0037953028205710213,500,0.22840411162782598,0.002722855738936612,500,0.223751068738834,0.0016326678706337413,500,0.424768776297886,0.003180426566419571,500,3.26880816634388,0.04959551883134233,500,0.00490812036988574,7.446774599297067e-05,500,nan,nan,0,31.1141188660424,0.03271718602578313,500,9.93351703972942,0.10547251637971532,500,29.400623587700007,3.180826134296276e-16,500,7.1351351351400005,3.976032667870345e-17,500,0.4855315315315562,0.014383004173822022,500,0.8788468468472325,0.01576866227796031,500,0.06804797979797354,0.002015799827390516,500,0.12317171717170662,0.0022100019101668994,500
6,7,4,1.1666666666666667,8.0,7.0,0.39974847811134395,0.0008566387243719737,500,1.6051016391835802,0.0001474880626211145,500,0.480275675880354,0.004874435567650585,500,0.209215890319126,0.002356187059677988,500,0.210767178605722,0.0014946512129917907,500,0.45006352632781604,0.003071094607230872,500,2.9549331104620395,0.040369919879807106,500,0.00443683650219518,6.0615495314974035e-05,500,nan,nan,0,31.639763470191802,0.043236861714699135,500,11.404921234310999,0.12291206449797737,500,29.400623587700007,3.180826134296276e-16,500,7.1351351351400005,3.976032667870345e-17,500,0.4010930930930712,0.012453287301718883,500,0.7899639639641824,0.014284804026741088,500,0.05621380471379596,0.0017453470839510642,500,0.11071464646464248,0.0020020369279894184,500
6,7,4,1.1666666666666667,8.0,8.0,0.398204961987114,0.0007774771400010318,500,1.60534023514562,0.00015646930672179313,500,0.5681462941625,0.008007018092811331,500,0.201213476931934,0.002172190296692128,500,0.20406538866328397,0.001384726196443461,500,0.462475128879932,0.0030735887353126883,500,2.8071374534001596,0.03410193002781121,500,0.0042149211012014,5.120409914083842e-05,500,nan,nan,0,32.3550267227464,0.05777589977155355,500,13.180404607281801,0.1443228297647855,500,29.400623587700007,3.180826134296276e-16,500,7.1351351351400005,3.976032667870345e-17,500,0.37974774774772213,0.012372713047302973,500,0.7691231231233444,0.014387491177836803,500,0.05322222222222622,0.0017340544801132981,500,0.10779377104377715,0.0020164286878025443,500
6,7,4,1.1666666666666667,8.0,9.0,0.39878442673786607,0.0007853842954616791,500,1.60607146135216,0.00019714479661000063,500,0.712203003679052,0.013730637065099721,500,0.19319971136929803,0.002126810713971315,500,0.197385628959654,0.0013164686843298971,500,0.47467729051277,0.0030644570298319976,500,2.67876907711482,0.02859858338036094,500,0.00402217579146418,4.294081588644135e-05,500,nan,nan,0,33.196595352407606,0.0703408239567297,500,15.076776850964121,0.16001655324826577,500,29.400623587700007,3.180826134296276e-16,500,7.1351351351400005,3.976032667870345e-17,500,0.3819039039038587,0.012556658060401057,500,0.7407627627631087,0.014638400703216169,500,0.05352441077441378,0.0017598346524039426,500,0.1038190235690467,0.002051594037948579,500
6,7,4,1.1666666666666667,8.0,10.0,0.397114880604212,0.0007953333943184701,500,1.60636202975156,0.0002712031361039765,500,0.8030906113612442,0.014911858251712077,500,0.189537986450594,0.001938647446579784,500,0.194807185066846,0.0012080167829887141,500,0.47768464016326195,0.002845310246265461,500,2.6384895678989,0.02633518338990394,500,0.00396169604789616,3.95423174022682e-05,500,nan,nan,0,33.9312037637328,0.08245596766613648,500,16.587251997810498,0.1744483833496222,500,29.400623587700007,3.180826134296276e-16,500,7.1351351351400005,3.976032667870345e-17,500,0.38421021021012364,0.011568542833609065,500,0.7502822822826465,0.013289667122936876,500,0.053847643097639224,0.001621348806224398,500,0.10515319865320391,0.0018625669831364578,500
6,7,4,1.1666666666666667,8.0,11.0,0.396827795752116,0.0007974314374111153,500,1.6067891153662,0.00036900473160367074,500,0.898828531781448,0.016548824186252996,500,0.185171050695066,0.0020444031650904537,500,0.19095922814197,0.0012623019837135416,500,0.486469356176766,0.0030790891863790295,500,2.5793251733976406,0.025675846703466464,500,0.00387286062071748,3.855232237756902e-05,500,nan,nan,0,34.7591445358922,0.09860105644534391,500,18.1664495041285,0.19323703831132566,500,29.400623587700007,3.180826134296276e-16,500,7.1351351351400005,3.976032667870345e-17,500,0.38101501501496193,0.012462024236889982,500,0.7339699699702886,0.01392223265506184,500,0.05339983164983324,0.0017465715786546328,500,0.10286700336701292,0.0019512220008973968,500
6,7,4,1.1666666666666667,8.0,12.0,0.396077008490662,0.0008028986789988429,500,1.60616433432194,0.0005111122749244265,500,0.949994421898804,0.015857032868380402,500,0.18296332036427,0.0020186140203851425,500,0.189155333251056,0.001231994659138152,500,0.489075561494138,0.0029478243480583074,500,2.5645466339310796,0.026746470559088627,500,0.0038506706215174,4.015986570432882e-05,500,nan,nan,0,35.6090195660392,0.11269290317534623,500,19.70408840059502,0.20849519505847167,500,29.400623587700007,3.180826134296276e-16,500,7.1351351351400005,3.976032667870345e-17,500,0.3810810810810095,0.011890329225871915,500,0.7405525525527243,0.013902644401936698,500,0.05340909090909034,0.0016664476566559125,500,0.1037895622895788,0.0019484766775440302,500
6,7,4,1.1666666666666667,8.0,13.0,0.39646039370793595,0.0008112959050240524,500,1.60453995023178,0.0006296631258614116,500,1.0273500160798419,0.017539449308360197,500,0.177527392100176,0.0019515290357055223,500,0.185491590304786,0.001173847844579579,500,0.496267895726068,0.0028135280326131405,500,2.5106749048993398,0.023465732926072316,500,0.0037697821394887202,3.5233833222338646e-05,500,nan,nan,0,36.6373507769714,0.13549688664005577,500,21.42347773731814,0.23728064435052673,500,29.400623587700007,3.180826134296276e-16,500,7.1351351351400005,3.976032667870345e-17,500,0.37531531531525003,0.011343834270141281,500,0.7301141141143508,0.0124572322780627,500,0.05260101010100591,0.0015898555605869092,500,0.1023265993266006,0.0017458999783637112,500
6,7,4,1.1666666666666667,8.0,14.0,0.395911424899972,0.000845245074039596,500,1.6025478305424001,0.0008181521803367292,500,1.0677365046828882,0.015858854314527094,500,0.172621337342972,0.0017950896137974921,500,0.182720270244592,0.0011148317203901283,500,0.501632246620886,0.0027797032060086356,500,2.4692281766409208,0.021680105718078935,500,0.00370754981477626,3.255271128843708e-05,500,nan,nan,0,37.73349546676,0.1527493507232327,500,23.21996777025678,0.2528235709394317,500,29.400623587700007,3.180826134296276e-16,500,7.1351351351400005,3.976032667870345e-17,500,0.3599639639638964,0.01097114821479854,500,0.7114594594596887,0.013073466290158984,500,0.050449494949486196,0.00153762304525397,500,0.09971212121211287,0.0018322661088467768,500
6,7,4,1.1666666666666667,8.0,15.0,0.393911497926816,0.0007580299426399651,500,1.6008360277873401,0.0009021689016413949,500,1.1682285617124,0.016062609007876618,500,0.16893894961231298,0.0018539461654784844,500,0.179648697147466,0.0011947516576355111,500,0.50840333001557,0.002960085698604262,500,2.4428824183246602,0.022226910824518102,500,0.0036679916191061797,3.337373997675151e-05,500,nan,nan,0,38.9244309187222,0.1608944631351413,500,25.10944891850162,0.25773740779405074,500,29.400623587700007,3.180826134296276e-16,500,7.1351351351400005,3.976032667870345e-17,500,0.35744144144135565,0.01124955908900969,500,0.7116576576577854,0.012905621799121693,500,0.05009595959595414,0.0015766427511101594,500,0.09973989898989413,0.0018087424491191545,500
6,7,4,1.1666666666666667,9.0,1.0,0.441046053927388,0.0008128151993359118,500,1.5989528524344199,2.60350031960422e-06,500,0.238500627306658,4.7473934604929314e-05,500,0.582190193839956,0.0022955004344426253,500,0.40282608968032196,0.0007634866627311391,500,0.18589963512234198,0.0006343608763417459,500,12.20517847851048,0.06891927582216101,500,0.01832609381158,0.00010348239612951596,500,nan,nan,0,33.1187213154872,0.0009036747024621873,500,1.63689869975706,0.0183835559534564,500,33.07570153609999,3.180826134296276e-16,500,7.1351351351400005,3.976032667870345e-17,500,1.7399879879882776,0.011183066118320588,500,2.05405405405,0.0,500,0.24386195286199405,0.0015673236605322858,500,0.287878787879,0.0,500
6,7,4,1.1666666666666667,9.0,2.0,0.42768287715951997,0.0008909560636004487,500,1.59894494708044,1.3548301307863518e-05,500,0.240958986518772,0.00012365526336817917,500,0.42814595543855,0.003645907472731916,500,0.340940498609968,0.001493535762235311,500,0.248342069948112,0.0017133845771788486,500,8.00110396883014,0.0899172676233163,500,0.012013669622865862,0.0001350109123471869,500,nan,nan,0,33.2520038788086,0.00354048948745575,500,3.32116105335666,0.036639228636943875,500,33.07570153609999,3.180826134296276e-16,500,7.1351351351400005,3.976032667870345e-17,500,1.1916096096105218,0.01638628162336748,500,1.7342702702706776,0.010930206308115156,500,0.1670058922559264,0.002296562197211854,500,0.24306060606065,0.001531884975010927,500
6,7,4,1.1666666666666667,9.0,3.0,0.41734896366540203,0.0008705062167539816,500,1.6009757725225002,0.00010576845407325528,500,0.246470404998754,0.00037522425962800395,500,0.33965087661051196,0.003938771454313036,500,0.295588128704916,0.0018915998865930551,500,0.306125580091896,0.0026065764871753072,500,5.861791846259041,0.08899790083480245,500,0.00880148925864642,0.00013363048173388906,500,nan,nan,0,33.4553339150868,0.00791304982314926,500,4.867304803032732,0.05658846231246965,500,33.07570153609999,3.180826134296276e-16,500,7.1351351351400005,3.976032667870345e-17,500,0.8916576576581203,0.016634428887662128,500,1.4593813813822698,0.014244522716287006,500,0.12496717171717228,0.002331340412283623,500,0.20453451178457602,0.0019963914413002578,500
6,7,4,1.1666666666666667,9.0,4.0,0.41017020144678995,0.0008310774163685738,500,1.6034628505690998,0.00012930382060869446,500,0.260596246510902,0.0009372327479789413,500,0.269361531349472,0.003307585735321245,500,0.254793484022866,0.0018407162845836859,500,0.3671699779134,0.0030574460020486643,500,4.33429392689192,0.06487748041914743,500,0.0065079488391775195,9.741363426296121e-05,500,nan,nan,0,33.750383479602604,0.013305657104279861,500,6.536646441860141,0.07002646825770184,500,33.07570153609999,3.180826134296276e-16,500,7.1351351351400005,3.976032667870345e-17,500,0.6750510510512124,0.014801354487507426,500,1.1869009009017302,0.01510014883275181,500,0.09460942760942291,0.0020744322577173286,500,0.1663459595959944,0.0021163087379212995,500
6,7,4,1.1666666666666667,9.0,5.0,0.40327942514310405,0.0008356644203270234,500,1.60454698524388,0.00011187590719961957,500,0.28425340455152004,0.001785622513193291,500,0.22907689542873602,0.0031207284058444727,500,0.226303853353424,0.0018760133482898752,500,0.417483039937576,0.003559705895725535,500,3.5236463545936605,0.05685786101224899,500,0.0052907602921828,8.537216368207098e-05,500,nan,nan,0,34.1429736317836,0.021135534095536722,500,8.24801731325184,0.08878759643980319,500,33.07570153609999,3.180826134296276e-16,500,7.1351351351400005,3.976032667870345e-17,500,0.5398258258258763,0.01446929813009715,500,0.9904564564569862,0.01655562049801122,500,0.07565740740739639,0.0020278940561105317,500,0.1388139730639744,0.0023202952970678642,500
6,7,4,1.1666666666666667,9.0,6.0,0.40122568824056404,0.0008331650907257437,500,1.60475944453434,0.00012064735944521114,500,0.31326953892115,0.0026404665096893772,500,0.205961735245077,0.0027876797483922244,500,0.20904204984215,0.0017776360054251924,500,0.450159906595338,0.003693092403280887,500,3.0947289599160994,0.047346369758515534,500,0.004646740180054019,7.109064528303371e-05,500,nan,nan,0,34.5797979625516,0.028886274963006577,500,9.83035696724708,0.10537509054391841,500,33.07570153609999,3.180826134296276e-16,500,7.1351351351400005,3.976032667870345e-17,500,0.471201201201167,0.0142682384057378,500,0.871915915916369,0.016921535108001318,500,0.06603956228955167,0.0019997152311063966,500,0.12220033670035113,0.002371578784073954,500
6,7,4,1.1666666666666667,9.0,7.0,0.399698930961282,0.0008173661177792161,500,1.60492667781494,0.0001409730860321736,500,0.34876746165898,0.003497191608139821,500,0.1907094071850478,0.0026941769224890296,500,0.197019618220806,0.001736604244220268,500,0.474795952699686,0.0036782433451237858,500,2.84390217622682,0.04677117244786683,500,0.0042701233877277395,7.0226985657354e-05,500,nan,nan,0,35.127710151841605,0.04090190909816781,500,11.50334025564518,0.1302222663263889,500,33.07570153609999,3.180826134296276e-16,500,7.1351351351400005,3.976032667870345e-17,500,0.41744144144148937,0.01339771296021048,500,0.7806186186189055,0.016065255906950224,500,0.05850505050503575,0.001877709770935495,500,0.10940488215489182,0.002251569956654819,500
6,7,4,1.1666666666666667,9.0,8.0,0.395761736412524,0.0008373458042882863,500,1.6056657753279,0.0001616474721629849,500,0.39151217366177404,0.004364333435664786,500,0.174720804067862,0.002126284709458991,500,0.18500147868694397,0.0014436183353221635,500,0.498801112354988,0.003435264546238291,500,2.56445350945768,0.031018249028836382,500,0.00385053079498116,4.657394749072968e-05,500,nan,nan,0,35.7357356045984,0.04965265204221378,500,13.2136005840635,0.13922023210575743,500,33.07570153609999,3.180826134296276e-16,500,7.1351351351400005,3.976032667870345e-17,500,0.3699099099099109,0.012401235532218165,500,0.700660660660834,0.014616768475308054,500,0.051843434343426135,0.0017380519495890975,500,0.0981986531986495,0.0020485622484314654,500
6,7,4,1.1666666666666667,9.0,9.0,0.39756460671565197,0.0008235531463188835,500,1.6061936970316,0.0001531465649785445,500,0.46187074061908195,0.007089134645939367,500,0.16390624221505282,0.0018634549118400963,500,0.17694489422916201,0.001294294801686272,500,0.5164989616331559,0.0032822490803509304,500,2.41198571609564,0.02497118820701614,500,0.00362160017431806,3.749427658711036e-05,500,nan,nan,0,36.47688912722441,0.06470972333425286,500,15.02828882458028,0.16016918720411147,500,33.07570153609999,3.180826134296276e-16,500,7.1351351351400005,3.976032667870345e-17,500,0.3306786786786129,0.011343960878632596,500,0.6693393393395317,0.013959103646211187,500,0.04634511784511196,0.0015898733049586472,500,0.09380892255891446,0.0019563895261716178,500
6,7,4,1.1666666666666667,9.0,10.0,0.39653158730558596,0.0008197720799919667,500,1.60632472953366,0.00017446958018343579,500,0.5368283080143721,0.01020271349878447,500,0.1633185895745026,0.0018073530791507361,500,0.175333967305412,0.0012478126264098741,500,0.5190231457197639,0.003176938443921756,500,2.3892086384762403,0.02345883787201974,500,0.00358740035807298,3.5223480288337995e-05,500,nan,nan,0,37.02237739212661,0.07444308826089982,500,16.2493096020547,0.1755591013526232,500,33.07570153609999,3.180826134296276e-16,500,7.1351351351400005,3.976032667870345e-17,500,0.33315915915910266,0.011145925946243982,500,0.6631411411412619,0.013553276880513889,500,0.04669276094276007,0.0015621184091314298,500,0.09294023569023468,0.0018995122900711341,500
6,7,4,1.1666666666666667,9.0,11.0,0.395047089906114,0.0007785959006655764,500,1.60669172725874,0.00030680258555126243,500,0.6330989235696879,0.012928994536794271,500,0.16118504262664782,0.00218692902532867,500,0.173501403583002,0.0014121567119567801,500,0.52246919498499,0.0034642648651517275,500,2.3892311537509197,0.030235155255854598,500,0.0035874341647914,4.539813101480026e-05,500,nan,nan,0,37.985862354628594,0.09353771350043756,500,18.25223356682498,0.20092760418183944,500,33.07570153609999,3.180826134296276e-16,500,7.1351351351400005,3.976032667870345e-17,500,0.35713513513505485,0.012596193105542716,500,0.6902642642643568,0.014545032125079417,500,0.050053030303019996,0.0017653755488811012,500,0.09674158249160035,0.00203850829025777,500
6,7,4,1.1666666666666667,9.0,12.0,0.39453995950519005,0.000799960906380335,500,1.6064783889087197,0.00036957970687356677,500,0.719961566432804,0.01572141916440362,500,0.15613974099382158,0.0018978517636908706,500,0.169517526662396,0.0012391326763304764,500,0.530555938579162,0.0032203774949383377,500,2.31602327164074,0.023791150018005306,500,0.00347751241988122,3.572244747448202e-05,500,nan,nan,0,38.86664589393519,0.11016560094296762,500,19.973992433113942,0.21797873889732278,500,33.07570153609999,3.180826134296276e-16,500,7.1351351351400005,3.976032667870345e-17,500,0.3335555555554589,0.011882954266506113,500,0.6676816816817672,0.013850047078951998,500,0.04674831649831362,0.0016654140449264903,500,0.09357659932660661,0.001941105083034776,500
6,7,4,1.1666666666666667,9.0,13.0,0.39665004013111194,0.0008417132791191003,500,1.60649938130924,0.00047487248446365614,500,0.7624506105917401,0.013996083492701195,500,0.154077031709394,0.0020192885894161636,500,0.167938899171096,0.0013245440043210613,500,0.5339547589605339,0.0033797878225452706,500,2.30558801694528,0.02553575854346302,500,0.0034618438692872997,3.834197979499878e-05,500,nan,nan,0,39.7033383705682,0.11934418318369631,500,21.532683350882042,0.22740087301537262,500,33.07570153609999,3.180826134296276e-16,500,7.1351351351400005,3.976032667870345e-17,500,0.33830630630620034,0.011859751675478434,500,0.6680060060061126,0.014236003151928144,500,0.047414141414141485,0.001662162166639277,500,0.09362205387205111,0.001995197411442786,500
6,7,4,1.1666666666666667,9.0,14.0,0.39512198200365,0.0008082392576759199,500,1.60587916958692,0.0005821477786160145,500,0.8092676852503641,0.014492105497104177,500,0.15150746336502602,0.0017250161329624971,500,0.16595804388035798,0.001132831418723085,500,0.536492714168592,0.003072306448586939,500,2.27148349604508,0.019698232435663723,500,0.00341063587994734,2.9576925579088904e-05,500,nan,nan,0,40.4585254039662,0.1351884507198634,500,22.866232952836217,0.24167633910877756,500,33.07570153609999,3.180826134296276e-16,500,7.1351351351400005,3.976032667870345e-17,500,0.3490870870870171,0.01091137719394489,500,0.6617837837838667,0.012614619988613256,500,0.04892508417508502,0.0015292460461208991,500,0.09275000000000048,0.0017679581044639876,500
6,7,4,1.1666666666666667,9.0,15.0,0.395452365521002,0.0008237922928915055,500,1.60566599133774,0.0007362017569129094,500,0.879879660296212,0.015849670281464872,500,0.1484306296000098,0.0017565497660921357,500,0.16379171718105404,0.0011438941933780134,500,0.541569834370094,0.0030250606877357104,500,2.25177237647224,0.02051239633662926,500,0.00338103960431276,3.0799393898855496e-05,500,nan,nan,0,41.6153015774514,0.15371834473446455,500,24.77850721262402,0.2672801814897693,500,33.07570153609999,3.180826134296276e-16,500,7.1351351351400005,3.976032667870345e-17,500,0.3283363363362311,0.010901509322902472,500,0.6562162162162808,0.013197527997919782,500,0.046016835016828087,0.001527863049041819,500,0.09196969696969395,0.001849653545161976,500
6,7,4,1.1666666666666667,10.0,1.0,0.43405397163694204,0.0008220138982841273,500,1.5990825268326998,2.213768024473411e-06,500,0.19420064292353198,3.66939369613511e-05,500,0.5537731556674321,0.002175887939241745,500,0.389021630623948,0.000722348979599987,500,0.19534695926502998,0.0006379920758646823,500,11.28461936691172,0.06064366916138109,500,0.016943872923289,9.105656030245499e-05,500,nan,nan,0,36.789996161177605,0.0007594933394691121,500,1.65440854160231,0.01717789919104056,500,36.7507794846,0.0,500,7.1351351351400005,3.976032667870345e-17,500,1.7367207207211974,0.010735190765815578,500,2.05405405405,0.0,500,0.243404040404064,0.0015045532512780446,500,0.287878787879,0.0,500
6,7,4,1.1666666666666667,10.0,2.0,0.42395476373021,0.0008346224115667573,500,1.59902927663096,3.431474077642851e-06,500,0.19559228352358,8.526404046164416e-05,500,0.411407782147636,0.0033082978680970205,500,0.330794080386688,0.001369865707609697,500,0.256139052981684,0.0016453266764667334,500,7.57687300068234,0.07684368402595484,500,0.01137668618720996,0.0001153809069458875,500,nan,nan,0,36.908372890233004,0.0030628213299883807,500,3.3161836284111597,0.03512941657683379,500,36.7507794846,0.0,500,7.1351351351400005,3.976032667870345e-17,500,1.1943843843851218,0.015687367011713985,500,1.7522402402405914,0.010572164192045593,500,0.16739478114480158,0.00219860825542758,500,0.24557912457915002,0.0014817048299550421,500
6,7,4,1.1666666666666667,10.0,3.0,0.415807713463522,0.0008736842596706292,500,1.60023422759136,8.095192957759459e-05,500,0.19867405324472198,0.00019586224441984958,500,0.323201155384922,0.0036258364577508415,500,0.28549126048118795,0.0017748613406931913,500,0.31609212104003803,0.0025773373192397625,500,5.54526630874682,0.07639881523201611,500,0.008326225688808019,0.00011471293578369602,500,nan,nan,0,37.0890373082944,0.0069123859008531135,500,4.849566146305681,0.054505367018584105,500,36.7507794846,0.0,500,7.1351351351400005,3.976032667870345e-17,500,0.8886486486490783,0.016523152318003165,500,1.448804804805756,0.014513476833032052,500,0.12454545454546456,0.0023157448324457887,500,0.20305218855223398,0.002034085768268694,500
6,7,4,1.1666666666666667,10.0,4.0,0.40709017373467,0.0008543892913767001,500,1.6029223079655002,0.00013022340948031338,500,0.20502249004776799,0.00046077816764656407,500,0.261116870726658,0.0033517748475569626,500,0.248319354879484,0.0018637578270911037,500,0.37392574352963404,0.003152350314976665,500,4.26206705229006,0.0641940416867775,500,0.0063995000785136,9.638744998011896e-05,500,nan,nan,0,37.355611510100196,0.012161747468676225,500,6.5026978808835,0.07233086111076734,500,36.7507794846,0.0,500,7.1351351351400005,3.976032667870345e-17,500,0.6902402402404171,0.014934460172990903,500,1.206678678679658,0.015326737679934303,500,0.096738215488208,0.0020930872212124823,500,0.1691178451178964,0.0021480655081707258,500
6,7,4,1.1666666666666667,10.0,5.0,0.402878894687892,0.0008240056776525619,500,1.60450238864958,0.00012487658588373785,500,0.218048409613576,0.0009225109320729008,500,0.213729554592652,0.0028387916424975506,500,0.216943347531068,0.0017441178063934447,500,0.42910938563245,0.0033781971521884397,500,3.37513389464776,0.04781869257537847,500,0.005067768610582441,7.179983870179043e-05,500,nan,nan,0,37.706683368721805,0.018515737591623713,500,8.224184114027342,0.08620299293096521,500,36.7507794846,0.0,500,7.1351351351400005,3.976032667870345e-17,500,0.5549489489489619,0.013076377384197558,500,1.0037057057062262,0.014749020087237684,500,0.0777769360269283,0.001832674103087112,500,0.1406708754208688,0.0020670975122253007,500
6,7,4,1.1666666666666667,10.0,6.0,0.399356484383684,0.0007948776147768566,500,1.6048075295125,0.00011362449475553034,500,0.238563984216386,0.0017907778759255458,500,0.190863148361402,0.0026794121714442403,500,0.198908323105814,0.0017494448866796819,500,0.46501390708828,0.0037664216714175134,500,2.9705622260661,0.04345151864888395,500,0.00446030364274238,6.524252049382475e-05,500,nan,nan,0,38.1190954777462,0.027300021828224837,500,9.853504648492962,0.1071211342424899,500,36.7507794846,0.0,500,7.1351351351400005,3.976032667870345e-17,500,0.4837477477477254,0.013293694845324529,500,0.8807927927931143,0.015737835699372024,500,0.06779797979797048,0.001863131474532536,500,0.1234444444444712,0.0022056815184724188,500
6,7,4,1.1666666666666667,10.0,7.0,0.397931551593194,0.0007945072826775034,500,1.6051593773540602,0.00012935194126363948,500,0.26098555110130806,0.0024391682097604527,500,0.1701364573147636,0.0024499550184986824,500,0.182357891318432,0.0016484974122420166,500,0.501435069601354,0.003849861708892352,500,2.62715904635892,0.03686310292362424,500,0.00394468325279118,5.535000438982644e-05,500,nan,nan,0,38.6146422703152,0.03586246829092295,500,11.56660037921826,0.121169425481551,500,36.7507794846,0.0,500,7.1351351351400005,3.976032667870345e-17,500,0.4092732732732974,0.013704692432510537,500,0.7525165165167046,0.01568960935295262,500,0.05736026936025719,0.0019207334090992833,500,0.10546632996633014,0.002198922522949953,500
6,7,4,1.1666666666666667,10.0,8.0,0.396821414322612,0.0007939230099574298,500,1.6052990687777402,0.00015611129140462738,500,0.29326459715875397,0.00316169257612274,500,0.1607147407574334,0.0023437021213781476,500,0.17415721450368601,0.0016211756127474126,500,0.519777218251074,0.003954290941637597,500,2.4779493925202396,0.03432678125957998,500,0.00372064473351358,5.154171360295169e-05,500,nan,nan,0,39.1899207435766,0.047976110383027,500,13.2588803414447,0.14561554186666878,500,36.7507794846,0.0,500,7.1351351351400005,3.976032667870345e-17,500,0.3726426426425997,0.012603996633560694,500,0.6985705705707657,0.015591171695377482,500,0.0522264309764212,0.001766469225156228,500,0.09790572390574616,0.002185126336093788,500
6,7,4,1.1666666666666667,10.0,9.0,0.39480966857078803,0.0008122033907846208,500,1.6058077661243801,0.0001564213174735343,500,0.322381154191648,0.003885076048874902,500,0.1502847818079154,0.002048740245984893,500,0.16538932105979,0.0014655414997284885,500,0.539352305303168,0.003790495275548901,500,2.3148467185758,0.027793410774726773,500,0.00347574582368724,4.173184801006529e-05,500,nan,nan,0,39.8079719938918,0.058305893737815286,500,14.927935715053959,0.16083428453576187,500,36.7507794846,0.0,500,7.1351351351400005,3.976032667870345e-17,500,0.33965165165158967,0.011777121995486207,500,0.6521621621622853,0.014455777439359583,500,0.047602693602688734,0.0016505814917901341,500,0.09140151515150335,0.002025999110817762,500
6,7,4,1.1666666666666667,10.0,10.0,0.394192519396122,0.000744011689591156,500,1.6063746416731401,0.00016566428675389522,500,0.380574124471424,0.006062297553323556,500,0.141000158702681,0.002002000103635505,500,0.158436486515982,0.0014171509896587595,500,0.556466481092328,0.0036929644550436867,500,2.2052778066318397,0.028316562544224107,500,0.00331122793788616,4.251736117749941e-05,500,nan,nan,0,40.5059162078838,0.06818376628295966,500,16.6656551980664,0.17154990685421914,500,36.7507794846,0.0,500,7.1351351351400005,3.976032667870345e-17,500,0.2998678678677918,0.01159465544898797,500,0.606696696696733,0.014504237864174081,500,0.04202693602693938,0.0016250085288348752,500,0.08502946127945396,0.0020327909127806645,500
6,7,4,1.1666666666666667,10.0,11.0,0.39454386346903403,0.0007421100920365855,500,1.60663195817934,0.00019065375733119064,500,0.46461756580829,0.01077262705357518,500,0.13838687223528418,0.001917063196464138,500,0.155896830068952,0.001267119582832265,500,0.5613656945120381,0.0034139298966910257,500,2.15978868172888,0.022804420445830653,500,0.0032429259485417397,3.4240871540299197e-05,500,nan,nan,0,41.2344534623702,0.0837370459191171,500,18.2946191782925,0.1923705262908893,500,36.7507794846,0.0,500,7.1351351351400005,3.976032667870345e-17,500,0.31133933933926106,0.01157671360058231,500,0.6009549549551041,0.013366622564728446,500,0.04363468013467447,0.0016224939515949055,500,0.08422474747473928,0.0018733524049028246,500
6,7,4,1.1666666666666667,10.0,12.0,0.394729563799898,0.0007760011335765404,500,1.60701216055424,0.0002238223711436474,500,0.5273209730859559,0.01143097547776274,500,0.13690313382402938,0.0019249151020804235,500,0.153828924221622,0.0013269395343490776,500,0.56603697546394,0.003617811962218544,500,2.14415428913514,0.023274469191299905,500,0.0032194508845875404,3.494665043739015e-05,500,nan,nan,0,41.98254501958,0.09363693410651236,500,19.870771496203677,0.20729145340494748,500,36.7507794846,0.0,500,7.1351351351400005,3.976032667870345e-17,500,0.3132612612611797,0.011705437490636343,500,0.605051051051126,0.014399480477081218,500,0.04390404040404346,0.0016405347998237182,500,0.08479882154882946,0.002018109006256756,500
6,7,4,1.1666666666666667,10.0,13.0,0.39285069675663997,0.0007758060687463812,500,1.6072285224590601,0.00031320063141102695,500,0.591872971422878,0.012610655153274605,500,0.13301418516339616,0.001775986120003478,500,0.15099223813361598,0.0012191663201551882,500,0.572055973922668,0.0034369025302749576,500,2.0983416080542003,0.020204226162862826,500,0.0031506630751565803,3.0336675920221532e-05,500,nan,nan,0,42.9611669431366,0.10888517297718808,500,21.8404541887702,0.2190925339846042,500,36.7507794846,0.0,500,7.1351351351400005,3.976032667870345e-17,500,0.30595795795786973,0.011173016021125989,500,0.6021621621622192,0.013643704964553518,500,0.042880471380470395,0.001565915124172646,500,0.08439393939394199,0.0019121859230610558,500
6,7,4,1.1666666666666667,10.0,14.0,0.392923223156228,0.0008056968118343486,500,1.6067272116087599,0.00041278053126593566,500,0.645546727395618,0.014195047409931856,500,0.1340280224901636,0.001728063674914459,500,0.15144584511049197,0.0012071303633877169,500,0.5690963131421559,0.0033953911027326225,500,2.11536400290342,0.02048628153168905,500,0.0031762222265815598,3.07601824800104e-05,500,nan,nan,0,43.588597357656,0.12612527117776018,500,22.96200302701684,0.24531819875243424,500,36.7507794846,0.0,500,7.1351351351400005,3.976032667870345e-17,500,0.31585585585574777,0.010956762448843188,500,0.6099219219218807,0.01343074814486185,500,0.044267676767670565,0.001535606858359849,500,0.08548148148147056,0.001882339702120527,500
6,7,4,1.1666666666666667,10.0,15.0,0.393791088783126,0.0008274086933457206,500,1.60630166807414,0.0005350447055733068,500,0.6748520609685941,0.013523604869921862,500,0.130652243395489,0.0016973051124202323,500,0.14884764953280602,0.001181139211228864,500,0.575967839309834,0.0033404156329930935,500,2.08355351307934,0.02070714912924288,500,0.00312845872834718,3.10918155093715e-05,500,nan,nan,0,44.39787447021059,0.1323419038111421,500,24.454456754361438,0.25033318466604154,500,36.7507794846,0.0,500,7.1351351351400005,3.976032667870345e-17,500,0.3068348348347353,0.01102115870050428,500,0.5917177177178071,0.013443591692303945,500,0.04300336700335726,0.0015446320905999579,500,0.08293013468014726,0.0018841397447538712,500
6,8,4,1.3333333333333333,1.0,1.0,0.5297777827740819,0.0006481719704031196,500,2.0303809746795802,8.938611364300107e-05,500,10.4860404788574,0.007702551085165667,500,1.56325256399102,0.00019252548604912635,500,0.876083745309914,5.755056793622798e-05,500,0.00387618889255872,2.6804223613231036e-06,500,261.460171760608,0.1571901531196498,500,0.274931831504324,0.00016528933030634634,500,nan,nan,0,4.29753647340574,0.007245724736991794,500,1.728361665465192,0.01838050953254281,500,3.91652904168,0.0,500,7.52050473186,0.0,500,3.05623554153522,0.006721362313889984,500,5.38395793901172,0.006260116145568854,500,0.406387024608468,0.0008937381935827653,500,0.7159038031319519,0.0008324063834446728,500
6,8,4,1.3333333333333333,1.0,2.0,0.53083963211621,0.0006809697142865039,500,2.02096764026826,0.00027235092723777206,500,11.423325823828,0.021084096580710376,500,1.53341452874908,0.0009447521300656646,500,0.8660144097375719,0.000320592235102886,500,0.004385958807238999,1.89808121305173e-05,500,237.254565900192,0.7163540989472651,500,0.24947903880147398,0.0007532640367477835,500,nan,nan,0,5.288579436359759,0.022738918118153945,500,3.50142090894908,0.0354737894406812,500,3.91652904168,0.0,500,7.52050473186,0.0,500,2.8189947423761197,0.008334917769279663,500,5.01592429022082,0.01115979467911499,500,0.37484116331094997,0.0011082923376096853,500,0.6669664429530201,0.001483915651544802,500
6,8,4,1.3333333333333333,1.0,3.0,0.527818547035984,0.0006836832842415804,500,2.0061272675159603,0.0006233502670460799,500,12.288063178101401,0.02525708934909995,500,1.47196619556882,0.0028115398914104047,500,0.8432132566698719,0.0009893888896829054,500,0.005908979695992659,7.85971673840448e-05,500,196.69547203400998,1.5595379673911787,500,0.20683014935229,0.001639892710191506,500,nan,nan,0,6.57146860547858,0.041207687480775405,500,5.22387226978106,0.053034134425266465,500,3.91652904168,0.0,500,7.52050473186,0.0,500,2.5631882229232597,0.011075304556592756,500,4.62868980021006,0.01657212492073208,500,0.340826621923928,0.0014726810169633472,500,0.6154759507829999,0.002203592114039428,500
6,8,4,1.3333333333333333,1.0,4.0,0.5172732538603919,0.001035446605492608,500,1.9876458784577,0.0009145569950500248,500,12.6903937866248,0.025722071171289163,500,1.3698422425696202,0.005975797827339253,500,0.8032241370396459,0.00223781885430596,500,0.010038667377081601,0.0002881301783806557,500,150.2659546930226,2.245458377387429,500,0.1580083645563138,0.002361154970965136,500,nan,nan,0,8.075341058838761,0.06436260740055905,500,7.0075908135366,0.075344692785243,500,3.91652904168,0.0,500,7.52050473186,0.0,500,2.2902670872764204,0.015825511485439734,500,4.185892744479421,0.024223314877800915,500,0.30453635346755,0.002104315075873646,500,0.5565973154362439,0.0032209693021230733,500
6,8,4,1.3333333333333333,1.0,5.0,0.502395110422534,0.0014041689242196736,500,1.97093648503264,0.0010255395875066733,500,12.715302501424379,0.03645112362813829,500,1.25600908553318,0.008564884117217128,500,0.7559582242363099,0.0033265019284671876,500,0.01726483028641922,0.0006531518078197692,500,112.2413074489202,2.3633524400976627,500,0.1180245083584778,0.002485123491164976,500,nan,nan,0,9.710723528486419,0.08192474970738593,500,8.840793581378021,0.0911784482863553,500,3.91652904168,0.0,500,7.52050473186,0.0,500,2.03724921135652,0.01907630588157318,500,3.7907549947422603,0.0287179516524451,500,0.27089261744965437,0.00253657255220504,500,0.50405592841163,0.003818620249088171,500
6,8,4,1.3333333333333333,1.0,6.0,0.485879236794442,0.0016924468878914513,500,1.95900317314852,0.0011436717207810479,500,12.34309877995528,0.05546198129387525,500,1.1397784791086842,0.010626647235131346,500,0.7060058553493579,0.004319074124967697,500,0.02839471269227658,0.0011751867547843864,500,84.84223143511944,2.3288211698439265,500,0.08921370287601872,0.0024488130071952953,500,nan,nan,0,11.162173857625302,0.10544179550348855,500,10.40564466797468,0.11435409519303467,500,3.91652904168,0.0,500,7.52050473186,0.0,500,1.822977917981112,0.020613287438278276,500,3.4362944269188356,0.03285220329919935,500,0.24240100671141238,0.002740944680341789,500,0.4569233780760626,0.0043683508581574175,500
6,8,4,1.3333333333333333,1.0,7.0,0.469595398121118,0.0017983440926485912,500,1.9485283256706403,0.0011740454650547884,500,11.85281071544482,0.06742272783970607,500,1.030222726993348,0.012170351241315606,500,0.65805257130216,0.005049881326247816,500,0.04224650381515648,0.0016747740362776007,500,65.67588797666888,2.2373223100569586,500,0.06905981911321916,0.0023525996951178625,500,nan,nan,0,12.61594178628762,0.12218856175399385,500,11.948887868970658,0.13049127446153694,500,3.91652904168,0.0,500,7.52050473186,0.0,500,1.6642018927443518,0.022614188205176113,500,3.170355415352224,0.0365766363033254,500,0.22128859060403258,0.0030070040524501017,500,0.42156152125277085,0.004863587964831635,500
6,8,4,1.3333333333333333,1.0,8.0,0.450480435697022,0.0017818768746204765,500,1.93932265986992,0.0010206819056393676,500,11.12299661111676,0.08562891566256581,500,0.889947907192412,0.012927852026922702,500,0.592763964219142,0.005557550704328265,500,0.06653564225352655,0.002456998736975884,500,44.79111221306348,1.7964417029369046,500,0.0470989613176238,0.0018890028422046325,500,nan,nan,0,14.87077991260438,0.14347204677516434,500,14.309871776601321,0.15048348990886568,500,3.91652904168,0.0,500,7.52050473186,0.0,500,1.4523449001051363,0.02316508012504431,500,2.778771819137812,0.038092839057417255,500,0.19311800894854877,0.0030802560401172793,500,0.3694927293064692,0.0050651971397663075,500
6,8,4,1.3333333333333333,1.0,9.0,0.44254778644741,0.0017581172723902124,500,1.9332288106351598,0.0010736965789612744,500,10.62720011966172,0.09469460269530415,500,0.8263881922864901,0.013137309371810738,500,0.562150529888656,0.0058376015833205026,500,0.08169466880789475,0.003047999487701901,500,38.027042923225935,1.6717231815904137,500,0.039986375313600664,0.0017578582351116879,500,nan,nan,0,16.080935754326138,0.16543134850824112,500,15.56081220321536,0.17207222571370168,500,3.91652904168,0.0,500,7.52050473186,0.0,500,1.362208201892656,0.023241882455409705,500,2.6203911671924196,0.0390047798241254,500,0.1811325503355746,0.003090468430522115,500,0.348432885906037,0.0051864577199017175,500
6,8,4,1.3333333333333333,1.0,10.0,0.428948370612866,0.001623688889511725,500,1.9270169593371598,0.001093563176649448,500,9.803809684780198,0.10168169032596883,500,0.707643132301378,0.013118753934979473,500,0.507072015700058,0.005998933941883151,500,0.11303515876971977,0.0037966792344077075,500,27.629853235087896,1.4145505652348633,500,0.029053473433323363,0.0014874348740643757,500,nan,nan,0,17.86423728925194,0.18322676935343205,500,17.396259082548383,0.18947452163588707,500,3.91652904168,0.0,500,7.52050473186,0.0,500,1.1784479495269722,0.023475047222471505,500,2.2945615141954883,0.03974659825251011,500,0.15669798657717296,0.0031214723026538114,500,0.30510738255034836,0.0052850971669631775,500
6,8,4,1.3333333333333333,1.0,11.0,0.42524282913148,0.0015356504003574507,500,1.92439636437,0.0009790498273862548,500,9.54411246761432,0.10122088940679853,500,0.670634778365654,0.01238701479915183,500,0.48642020419403204,0.005785756068167427,500,0.12338741826109105,0.003943145153444237,500,23.357413768453217,1.16273167437414,500,0.024560897758624124,0.0012226410876698083,500,nan,nan,0,19.427330388792843,0.2054619874257941,500,18.99809440559196,0.21101660016643026,500,3.91652904168,0.0,500,7.52050473186,0.0,500,1.1364626708726642,0.021753948064540403,500,2.2190199789694627,0.03740834844913443,500,0.15111521252797797,0.0028926180941521227,500,0.2950626398210224,0.004974180561398104,500
6,8,4,1.3333333333333333,1.0,12.0,0.41703038389695396,0.001373828956762678,500,1.91951281312102,0.0009554019650394292,500,8.877537236395499,0.10241243652269301,500,0.595160697409744,0.011844557665390533,500,0.446957548276284,0.005710503079658631,500,0.15099632161448215,0.004361752791464642,500,18.21162900282134,0.9213279607330871,500,0.01914997792095586,0.0009687991174912693,500,nan,nan,0,21.260706173082923,0.2178469241468699,500,20.871277146469517,0.22270608171157918,500,3.91652904168,0.0,500,7.52050473186,0.0,500,1.0338843322817828,0.021519202246609477,500,2.024555205047358,0.03679486897849061,500,0.1374753914988891,0.0028614039900072877,500,0.26920469798657803,0.004892606319707316,500
6,8,4,1.3333333333333333,1.0,13.0,0.412084975336454,0.0012913358346622074,500,1.9154374742915596,0.0009417724755282408,500,8.3291035465516,0.10322339605952958,500,0.5474773028735849,0.011312959033301097,500,0.42025506637096,0.005638756802469938,500,0.17209726718654014,0.004826505834912302,500,15.442697586262918,0.8437056852877246,500,0.01623837811384134,0.000887177376748314,500,nan,nan,0,23.099453185322638,0.24118957585512651,500,22.73955633637886,0.24595382483008718,500,3.91652904168,0.0,500,7.52050473186,0.0,500,0.9897623554153945,0.021349935144681222,500,1.920849631966242,0.03670329509111709,500,0.13160850111857975,0.0028388965775436705,500,0.2554149888143162,0.004880429758340318,500
6,8,4,1.3333333333333333,1.0,14.0,0.409365563789668,0.00114583524116065,500,1.9143352780769798,0.000903344043182111,500,7.93264139840112,0.10388829880146047,500,0.49471105741304416,0.010823755278599755,500,0.39218401183885004,0.005511488067104556,500,0.1981750753791865,0.00535841178638079,500,12.65513407805224,0.6929809728974651,500,0.013307186201946842,0.000728686617137042,500,nan,nan,0,24.74563953059396,0.25264150759075993,500,24.4117608240052,0.2568634902645564,500,3.91652904168,0.0,500,7.52050473186,0.0,500,0.8926519453206463,0.0206173298139401,500,1.773425867507994,0.035772870216978135,500,0.11869574944072739,0.0027414821942197626,500,0.235812080536916,0.004756711350160104,500
6,8,4,1.3333333333333333,1.0,15.0,0.40640510474813596,0.0011488216919682687,500,1.91221372165428,0.0008901999879353042,500,7.6217884105625995,0.10453846128964238,500,0.4693877402314688,0.010661356173540134,500,0.37640486062342804,0.005544238728610108,500,0.2138505900950639,0.005616295236500379,500,11.742464183473759,0.6800978466472631,500,0.012347491254963958,0.0007151396915312471,500,nan,nan,0,26.2090886153602,0.2837530005837225,500,25.89091113126252,0.28809099407023897,500,3.91652904168,0.0,500,7.52050473186,0.0,500,0.8575730809675176,0.019708389624549523,500,1.698334384858028,0.035349647816667766,500,0.11403131991051524,0.002620620600243161,500,0.22582718120804798,0.004700435552803915,500
6,8,4,1.3333333333333333,2.0,1.0,0.528058342666286,0.0006992343280466083,500,2.01449676439576,6.210633341634278e-05,500,5.364989300339459,0.007378954719317158,500,1.4600509772354198,0.0003029513012523027,500,0.795521733988154,8.070992218592909e-05,500,0.01033803226756966,1.2717048633054332e-05,500,118.085151055448,0.08318454598797388,500,0.12416945431696601,8.747060566482285e-05,500,nan,nan,0,8.03063785103832,0.0038873272683819116,500,1.7257380098479338,0.018113106218313142,500,7.83305808337,0.0,500,7.52050473186,0.0,500,1.8139642481601799,0.007286045763190982,500,3.11553312302794,0.004449514135725388,500,0.241202460850096,0.000968824038145523,500,0.414271812080526,0.0005916509987473706,500
6,8,4,1.3333333333333333,2.0,2.0,0.527516995126046,0.0006509391587747301,500,2.0186108197554,0.0001402312581028044,500,6.322656973732079,0.02389629571402082,500,1.4284656318072197,0.001131065478943596,500,0.783152305573236,0.0004352191274764074,500,0.011958670216483721,6.582930446401479e-05,500,108.5994495336934,0.3101291199667207,500,0.11419500476731101,0.0003261084331929081,500,nan,nan,0,8.605465201019081,0.01512129778252022,500,3.47865468241374,0.03772838692312077,500,7.83305808337,0.0,500,7.52050473186,0.0,500,1.581695057833932,0.00850193042707587,500,3.05041009463726,0.006731215362135735,500,0.210317673378058,0.001130499977089254,500,0.40561241610737403,0.000895048351421458,500
6,8,4,1.3333333333333333,2.0,3.0,0.5203657230459962,0.000743095523658499,500,2.01833045281572,0.000241327361602203,500,7.457156543340619,0.03830033128307674,500,1.36520653355614,0.003086822037007143,500,0.758262850232078,0.0010954444512727356,500,0.016071135542295677,0.00020223572694800162,500,93.151024529749,0.6073937388403498,500,0.09795060413222041,0.0006386895255940716,500,nan,nan,0,9.46659783308828,0.030643956590935748,500,5.20271987492718,0.05767659967284021,500,7.83305808337,0.0,500,7.52050473186,0.0,500,1.5287949526814,0.0074593115371440685,500,2.9069106203993,0.007569104740694088,500,0.20328355704697001,0.0009918631532174328,500,0.386531319910498,0.0010064623333889797,500
6,8,4,1.3333333333333333,2.0,4.0,0.5097755103602399,0.0009726200920850968,500,2.0134239518911,0.000508426311538331,500,8.464378111928461,0.046738163074648974,500,1.2824133803547542,0.005063907919963068,500,0.7256738614862841,0.0018478753805390392,500,0.0224014924061342,0.00039675347095497143,500,76.87101149252081,0.8291336775182173,500,0.08083176813093661,0.0008718545504921917,500,nan,nan,0,10.5289596789966,0.05112101510497102,500,6.90266761543322,0.07957097523622012,500,7.83305808337,0.0,500,7.52050473186,0.0,500,1.465552050473044,0.0073852802693764,500,2.8137623554152196,0.008821067759788317,500,0.19487416107383398,0.0009820192304473817,500,0.374145413870256,0.001172935603965918,500
6,8,4,1.3333333333333333,2.0,5.0,0.49656031124263794,0.0012507399794145638,500,2.00346376711402,0.0007708180921158608,500,9.084875341257899,0.04650011996500056,500,1.189953195419788,0.006996620210805565,500,0.689367257388052,0.0026008432763763175,500,0.03097119827379,0.0006630181477957595,500,62.6217073919672,0.9729650497831002,500,0.065848272757069,0.0010230967926219826,500,nan,nan,0,11.6475044787678,0.06916200288947426,500,8.476636055472122,0.0984968262693299,500,7.83305808337,0.0,500,7.52050473186,0.0,500,1.4015646687696162,0.007497952563063821,500,2.70074027339642,0.010872525880865893,500,0.186365771812088,0.0009970012426540151,500,0.359116890380324,0.0014457175772794567,500
6,8,4,1.3333333333333333,2.0,6.0,0.478348595116844,0.0014729807647554795,500,1.9917759362121599,0.0010186644994314277,500,9.582991217079401,0.03973764844950891,500,1.068467593640186,0.008820056646023781,500,0.6409110818681699,0.003317735599245961,500,0.0453184672500788,0.0011170517179474033,500,47.552297374011,0.9314685654500497,500,0.05000241574554068,0.0009794622139326096,500,nan,nan,0,13.14571498105524,0.08706776544158014,500,10.43817994920984,0.11218578803459921,500,7.83305808337,0.0,500,7.52050473186,0.0,500,1.324525762355574,0.00833115635153595,500,2.5524332281807602,0.011902643345619026,500,0.17612192393737622,0.001107792182651485,500,0.339396532438472,0.001582692089161592,500
6,8,4,1.3333333333333333,2.0,7.0,0.467135320946606,0.0015082502644184817,500,1.98161901070248,0.0011413721441793907,500,9.65780312901798,0.037852715942833695,500,0.974732545966486,0.0099420750699464,500,0.6024866054629958,0.003856713834698643,500,0.059827984535756995,0.0015348479252868588,500,38.567770593553185,0.9102204248675386,500,0.04055496382077396,0.0009571192690513888,500,nan,nan,0,14.4947871057512,0.11150319070087443,500,12.071755911301299,0.13592119702364636,500,7.83305808337,0.0,500,7.52050473186,0.0,500,1.250998948475354,0.008644440378150292,500,2.4471587802311996,0.013607162774135834,500,0.16634507829978298,0.0011494494965929671,500,0.325398210290818,0.0018093416943800148,500
6,8,4,1.3333333333333333,2.0,8.0,0.457470077116872,0.0015174229127605638,500,1.97037668863044,0.0012225606719702793,500,9.562295853518041,0.04434761150217721,500,0.8884140612446,0.010299695857767226,500,0.565733642127308,0.004130585868642471,500,0.0765364298965474,0.0020365591043439366,500,31.087475194727602,0.7908211194097529,500,0.03268924836459012,0.0008315679489062164,500,nan,nan,0,16.09493687000974,0.13058434875035915,500,13.945732804109259,0.1532272355132361,500,7.83305808337,0.0,500,7.52050473186,0.0,500,1.185497371188284,0.009284976612950429,500,2.3040967402733,0.0155500162878786,500,0.1576353467561598,0.0012346214707656719,500,0.30637527964206,0.002067682534923556,500
6,8,4,1.3333333333333333,2.0,9.0,0.446096632298342,0.0016355092336314226,500,1.96326742762828,0.0012853944508000772,500,9.34054532970392,0.04948639360934707,500,0.807356894712256,0.01101115915140303,500,0.5295297928330219,0.004519791135981812,500,0.0954537593272112,0.0024346960547085234,500,25.758488191799138,0.7821921604844736,500,0.027085686847321058,0.0008224943853676118,500,nan,nan,0,17.572015041719922,0.14915150655751502,500,15.61625181226002,0.1713580835573438,500,7.83305808337,0.0,500,7.52050473186,0.0,500,1.110565720294392,0.010095963187163319,500,2.1823217665613,0.017204972266004603,500,0.1476717002237056,0.0013424581922538918,500,0.29018288590605196,0.0022877416981227604,500
6,8,4,1.3333333333333333,2.0,10.0,0.43572218587912004,0.0015036754030138201,500,1.9529121579126398,0.0013270563607929813,500,8.9288182309304,0.06189167633179603,500,0.714628558517554,0.010889962507634798,500,0.488779145918008,0.004621215006994957,500,0.120018533795181,0.003024543994213371,500,20.1987438980511,0.6680393034715376,500,0.02123947833654358,0.0007024598354065931,500,nan,nan,0,19.37407496199204,0.17150368855838605,500,17.6165763145192,0.19166794897544662,500,7.83305808337,0.0,500,7.52050473186,0.0,500,1.047966351209386,0.010854429502668548,500,2.033476340694048,0.018930242865133392,500,0.13934787472036977,0.001443311305513884,500,0.2703909395973118,0.0025171505823192953,500
6,8,4,1.3333333333333333,2.0,11.0,0.430215819950568,0.0014944826318248092,500,1.94752433058408,0.0012853018743464227,500,8.585047078440718,0.07097037271821707,500,0.652501868242108,0.011056603495757765,500,0.459260642160358,0.004882559132567402,500,0.1423415837016752,0.0036705967217227483,500,17.182226013710643,0.6000107055089,500,0.0180675352404922,0.0006309260836055089,500,nan,nan,0,20.77117376801032,0.18715892918052676,500,19.14407413522678,0.2054785225412724,500,7.83305808337,0.0,500,7.52050473186,0.0,500,0.967608832807578,0.011735996401179501,500,1.910784437434412,0.020502499642724638,500,0.1286627516778484,0.0015605330785125207,500,0.2540766219239162,0.002726213249472745,500
6,8,4,1.3333333333333333,2.0,12.0,0.421395409350644,0.0013353464538124367,500,1.9410641785529001,0.0013170826856040172,500,8.15931847432536,0.07147633514651101,500,0.5876739163478448,0.010294639617833707,500,0.42881436465905,0.004628234872134337,500,0.1639178480155006,0.0037873361661122764,500,13.97722269901712,0.49370993446097494,500,0.01469739505680284,0.0005191481960683406,500,nan,nan,0,22.5143358188094,0.19929475215623088,500,21.02836978869394,0.2154626990907033,500,7.83305808337,0.0,500,7.52050473186,0.0,500,0.9119747634070162,0.01130385903791888,500,1.80371398527862,0.020792915003080364,500,0.12126510067111258,0.0015030718603264463,500,0.2398394854586052,0.0027648297214674282,500
6,8,4,1.3333333333333333,2.0,13.0,0.416317287520334,0.0012559713947280157,500,1.93721810140096,0.0012702894773976773,500,7.84905776073504,0.07536411263122843,500,0.53936602947714,0.009980135325048042,500,0.40456012680598,0.004713854115340157,500,0.18598040276271638,0.004221847992040659,500,12.19252446399034,0.4401028333942358,500,0.0128207407612928,0.00046277900462057993,500,nan,nan,0,24.09235517659414,0.22988118438092836,500,22.69503099931104,0.24678364302298827,500,7.83305808337,0.0,500,7.52050473186,0.0,500,0.8699263932704742,0.011783960798758488,500,1.706309148265102,0.02178932028277629,500,0.11567393736018258,0.0015669108947991921,500,0.2268875838926114,0.0028973215308876815,500
6,8,4,1.3333333333333333,2.0,14.0,0.41426129109211796,0.001329023923549557,500,1.93401819793808,0.001350477504744865,500,7.439534881818,0.08031183878394563,500,0.5031364572080537,0.01057496719091943,500,0.3846748661049124,0.0050348310865352,500,0.20803919952797462,0.004850289859949077,500,11.45040419314574,0.5434163951364198,500,0.012040382958091459,0.0005714157677563905,500,nan,nan,0,25.57774157953716,0.25854294066508965,500,24.247337043698323,0.2769939310926737,500,7.83305808337,0.0,500,7.52050473186,0.0,500,0.8181661409043202,0.012411697874420063,500,1.6172281808622082,0.022610661177631084,500,0.10879138702460858,0.0016503809673619947,500,0.21504250559283578,0.0030065350643092236,500
6,8,4,1.3333333333333333,2.0,15.0,0.40886920201732396,0.0011622555390816173,500,1.92919134631106,0.001196799514936836,500,7.15513582437884,0.08126764915439247,500,0.46017031338786174,0.00940096014808094,500,0.36190266691691286,0.004708934585295357,500,0.2295039174180104,0.00504961571889569,500,9.544751795185201,0.43182631829984636,500,0.01003654237138426,0.000454076044479421,500,nan,nan,0,27.36826433918738,0.26789316759880594,500,26.141297055107838,0.28351250234019215,500,7.83305808337,0.0,500,7.52050473186,0.0,500,0.777518401682448,0.012007170656110632,500,1.5303554153523142,0.021896374551820322,500,0.1033864653243818,0.0015965910645916617,500,0.20349105145413598,0.0029115565154890478,500
6,8,4,1.3333333333333333,3.0,1.0,0.497801940237452,0.0006026630453347454,500,2.01197812285428,5.9685063582210035e-05,500,2.67399436998368,0.00448576334485143,500,1.21808628503744,0.0011000923429283914,500,0.653511563585688,0.00023422736444222623,500,0.038834961004738,9.713893128501534e-05,500,43.2094025137952,0.07529974529562286,500,0.045435754483486,7.91795428975256e-05,500,nan,nan,0,11.8841025567166,0.0026425518124200287,500,1.73429622082239,0.018716166257540398,500,11.749587125099998,7.95206533574069e-17,500,7.52050473186,0.0,500,1.7113774973721196,0.008709434855446455,500,2.27600420609922,0.002640208275915334,500,0.22756152125274,0.001158091799153102,500,0.30263982102903,0.0003510679628565053,500
6,8,4,1.3333333333333333,3.0,2.0,0.491602938659434,0.0006675068172141359,500,2.0174080964743797,0.0001512163116123933,500,3.19831801625474,0.013881497993016748,500,1.1462854257364201,0.001942588412326888,500,0.6330663042352941,0.0005896372384485938,500,0.045882102568059795,0.00021289337229119532,500,37.4108846791294,0.1541031939124202,500,0.0393384696941418,0.00016204331641684252,500,nan,nan,0,12.2734983695476,0.010732031845374818,500,3.45094830773222,0.03836313864129202,500,11.749587125099998,7.95206533574069e-17,500,7.52050473186,0.0,500,1.264958990536332,0.012570042697701572,500,2.16997686645616,0.006884962920155364,500,0.16820134228183242,0.0016714360466310917,500,0.288541387024584,0.0009154921332528241,500
6,8,4,1.3333333333333333,3.0,3.0,0.48210648534932404,0.0007023879550221426,500,2.02292943089848,0.00020105452643915086,500,3.9924712314831403,0.027293115444601612,500,1.070446874729814,0.002753928001308046,500,0.6075301315407681,0.0008936562036640791,500,0.0556595366397942,0.0003702757112866389,500,32.1096004845692,0.17390883212974412,500,0.033764038364425195,0.00018286943441616648,500,nan,nan,0,12.9238008997342,0.023116156078545398,500,5.25268618894474,0.057464180122334,500,11.749587125099998,7.95206533574069e-17,500,7.52050473186,0.0,500,1.0600546792851702,0.011810036738828801,500,2.09547844374334,0.006639197629435545,500,0.14095525727068217,0.0015703782073005037,500,0.27863534675615,0.0008828127720359407,500
6,8,4,1.3333333333333333,3.0,4.0,0.47470437480898997,0.0007712852974374853,500,2.02469355161294,0.0002617355923460536,500,4.82930318863364,0.03704871888848806,500,1.011696810876224,0.003554595329907679,500,0.5855538421014,0.0011739938971195248,500,0.06462828797584581,0.0004959474426488189,500,28.550550245313,0.19659077964951963,500,0.0300216090907618,0.00020672006272294676,500,nan,nan,0,13.776533444285999,0.03710014115539327,500,7.0387601837383,0.07600713267580624,500,11.749587125099998,7.95206533574069e-17,500,7.52050473186,0.0,500,1.069960042061086,0.012015586319556463,500,2.0268180862251204,0.007522021544934596,500,0.1422723713646476,0.0015977100936653199,500,0.269505592841134,0.0010002016903310164,500
6,8,4,1.3333333333333333,3.0,5.0,0.46501209009280603,0.0009338099982147004,500,2.0226312059442,0.00040678902991661607,500,5.436584039252221,0.040301197097647755,500,0.951073398104734,0.004653643113717316,500,0.5626639376228599,0.0016026531336697165,500,0.07474419499355202,0.0007431951341612111,500,25.1999709383144,0.2258358600618197,500,0.0264983921538544,0.00023747198744666814,500,nan,nan,0,14.661257319256402,0.05319362686957389,500,8.59984245420382,0.09341365911620363,500,11.749587125099998,7.95206533574069e-17,500,7.52050473186,0.0,500,1.018023133543676,0.01127004660798392,500,1.9755499474237799,0.0068403307039708915,500,0.13536633109619578,0.0014985758283260846,500,0.26268847874720397,0.0009095573964599257,500
6,8,4,1.3333333333333333,3.0,6.0,0.455716335606644,0.0010145438277889805,500,2.0155515637978403,0.0006882317322990671,500,6.01811096511104,0.03884603386762851,500,0.87328017148616,0.005586960159475077,500,0.53334231903318,0.001993937239090634,500,0.089572849121219,0.0010268902097024287,500,21.505081895353324,0.24314106031750435,500,0.0226131250214012,0.00025566883314136077,500,nan,nan,0,15.8938949942036,0.07058437819599078,500,10.5421406637609,0.10885140697399716,500,11.749587125099998,7.95206533574069e-17,500,7.52050473186,0.0,500,0.9806309148265541,0.01110753760950579,500,1.92648159831792,0.007311721766921179,500,0.130394295302032,0.0014769670395185662,500,0.256163870246076,0.0009722381711914244,500
6,8,4,1.3333333333333333,3.0,7.0,0.44665123433872395,0.0010872467528388163,500,2.00745037634062,0.0009275639107842575,500,6.503580327154539,0.037602166274088494,500,0.7954186663139019,0.006354157232015002,500,0.50288595819417,0.002344690387640828,500,0.1063318751122876,0.0013439664325088497,500,18.18976631884808,0.24569962349159696,500,0.019126988768503182,0.0002583592255431306,500,nan,nan,0,17.194358304573402,0.0887519647163672,500,12.396621924373282,0.12540518274945944,500,11.749587125099998,7.95206533574069e-17,500,7.52050473186,0.0,500,0.94301997896957,0.011232853676241349,500,1.84852576235556,0.007730833922431097,500,0.12539317673378342,0.0014936302916802504,500,0.24579809843398798,0.0010279674301218093,500
6,8,4,1.3333333333333333,3.0,8.0,0.4401197691437,0.0011649289763021975,500,1.9988442567089,0.0010370343358733045,500,6.73241385753728,0.03854027709682596,500,0.741400788239094,0.00706003860772293,500,0.48084731020526,0.0027027028145501404,500,0.120218902213181,0.0017231822660874975,500,16.17200407376124,0.25572582101364966,500,0.01700526190721412,0.0002689020199932855,500,nan,nan,0,18.302077767014197,0.1123044264709869,500,13.8390884700985,0.153034850810718,500,11.749587125099998,7.95206533574069e-17,500,7.52050473186,0.0,500,0.924597266035822,0.010836216042497694,500,1.80802944269184,0.008706676562304847,500,0.12294351230424759,0.0014408894653819822,500,0.24041331096196797,0.0011577250294681767,500
6,8,4,1.3333333333333333,3.0,9.0,0.435336441030436,0.001114866618550003,500,1.99385380867866,0.001185875173131606,500,6.84314348022732,0.03497512682142141,500,0.6980693570756439,0.007149422504160181,500,0.46268438227205605,0.0027976086667202056,500,0.1328074238271264,0.0018983652679134045,500,14.60921788969262,0.24610299126083468,500,0.01536195361692438,0.0002587833767202058,500,nan,nan,0,19.3980272276366,0.1264098123430191,500,15.2556250958545,0.16430034168861582,500,11.749587125099998,7.95206533574069e-17,500,7.52050473186,0.0,500,0.899894847529056,0.010611046093728808,500,1.7686056782335,0.008634435473853692,500,0.1196588366890404,0.00141094866262968,500,0.235171140939596,0.0011481191464792107,500
6,8,4,1.3333333333333333,3.0,10.0,0.42838461858531,0.0010837701749229199,500,1.9839497790954,0.0013107469919899834,500,6.88892856579216,0.033941480759873174,500,0.637474411708982,0.007667811685693192,500,0.436200413601738,0.0031281134260101903,500,0.15332535420207064,0.0024172142522334342,500,12.64104671596618,0.23681555453320696,500,0.0132923729926054,0.0002490174075008011,500,nan,nan,0,20.996354105873202,0.14923569474386789,500,17.224326235997943,0.18582022496034872,500,11.749587125099998,7.95206533574069e-17,500,7.52050473186,0.0,500,0.8618296529968139,0.01043184293601155,500,1.692555205047276,0.009935846589128133,500,0.1145973154362378,0.0013871200548297626,500,0.22505872483221798,0.0013211675204488071,500
6,8,4,1.3333333333333333,3.0,11.0,0.422586344539146,0.001069154373915937,500,1.97350893765402,0.0013515909374840055,500,6.8391054155434,0.03359882977180806,500,0.576226925488598,0.007677477047416783,500,0.409204162619896,0.003224459252565376,500,0.1754388726363184,0.002731341425991118,500,10.807276436034439,0.21726973369332267,500,0.01136411822926804,0.0002284644938941421,500,nan,nan,0,22.754592081465997,0.17125011222115588,500,19.318070186152,0.20594764269735313,500,11.749587125099998,7.95206533574069e-17,500,7.52050473186,0.0,500,0.810347003154654,0.010628124002915296,500,1.6216319663513576,0.010261349412418885,500,0.10775167785234982,0.001413219508776246,500,0.21562807606263398,0.0013644495653238713,500
6,8,4,1.3333333333333333,3.0,12.0,0.419051763192204,0.0010390270993582494,500,1.9671882898499,0.001378117139806994,500,6.7492580714508605,0.03757373554661144,500,0.531436340984906,0.007607879158985009,500,0.38880293300667795,0.0033129427439502583,500,0.1945614436679386,0.0031459499138033267,500,9.654819283103919,0.2075138633388569,500,0.0101522810547883,0.00021820595514077711,500,nan,nan,0,24.3097962627058,0.19238676729378898,500,21.118952457231643,0.22549240388547606,500,11.749587125099998,7.95206533574069e-17,500,7.52050473186,0.0,500,0.7998822292323532,0.010448731105869021,500,1.570410094637416,0.011731169763577465,500,0.10636017897091338,0.0013893656713760887,500,0.2088171140939416,0.0015598912814803944,500
6,8,4,1.3333333333333333,3.0,13.0,0.41774795410936794,0.0010583423391276867,500,1.96431976495148,0.0015384970252702707,500,6.6478183667821,0.04190114719747707,500,0.521040143443186,0.007838375357656557,500,0.382521253431504,0.003470351592434837,500,0.20136895972907998,0.00336513244465378,500,9.3532239855925,0.20823999838332702,500,0.00983514614678568,0.00021896950408342668,500,nan,nan,0,25.2098370261788,0.21948646631334934,500,22.11297801477398,0.25535651816684884,500,11.749587125099998,7.95206533574069e-17,500,7.52050473186,0.0,500,0.7772618296529878,0.01011152083995222,500,1.5348769716088382,0.011991508437073561,500,0.1033523489932932,0.0013445268902118734,500,0.20409228187919418,0.0015945084624790584,500
6,8,4,1.3333333333333333,3.0,14.0,0.410851239425576,0.0009285993378098833,500,1.9578770380784198,0.0014184606592914692,500,6.4472414211704,0.04509650608036526,500,0.45697195210973995,0.0072495289206462,500,0.35266464697241995,0.003413425128551514,500,0.2327196392222906,0.0037456172108210053,500,7.84128757574446,0.1752487935212112,500,0.00824530765062354,0.00018427843693068837,500,nan,nan,0,27.199266684614997,0.23316011904714987,500,24.37191820131072,0.2644022663848824,500,11.749587125099998,7.95206533574069e-17,500,7.52050473186,0.0,500,0.72871083070454,0.010379665758718088,500,1.44308307045224,0.013103998225727291,500,0.0968965324384754,0.0013801820660702855,500,0.19188646532438877,0.0017424360056865539,500
6,8,4,1.3333333333333333,3.0,15.0,0.41090014003521197,0.0010192128315809964,500,1.95049667370882,0.0014527212565703747,500,6.191114546696021,0.049722906097904467,500,0.429316001461436,0.007598133527432946,500,0.338530481289282,0.0036345989090570984,500,0.2496536720275936,0.004157127720564322,500,7.3257448648527195,0.181360612533177,500,0.00770320175063376,0.00019070516565007,500,nan,nan,0,28.599401787632,0.2600071712569482,500,25.90982201077046,0.2911120589243112,500,11.749587125099998,7.95206533574069e-17,500,7.52050473186,0.0,500,0.6952092534174776,0.01061713816735693,500,1.391991587802134,0.013884101425639638,500,0.09244183445189394,0.0014117587244342454,500,0.18509284116330876,0.0018461661711121197,500
6,8,4,1.3333333333333333,4.0,1.0,0.46746413013899596,0.0006294805916070176,500,2.01677548534244,3.278216327411002e-05,500,1.44509021207356,0.002173344912879406,500,1.010605402165678,0.0017697508820560194,500,0.5473013237142279,0.0003902687608293152,500,0.0752753478204394,0.00021486294336383132,500,23.197697022027803,0.06605875019878761,500,0.024392951653024398,6.946240820082756e-05,500,nan,nan,0,15.765182247983,0.0019054164827687252,500,1.719398917257714,0.017864699757879514,500,15.666116166699997,1.590413067148138e-16,500,7.52050473186,0.0,500,1.7268559411155562,0.008500755860822504,500,1.9947423764466201,0.001020729161914236,500,0.22961968680084605,0.0011303437952540443,500,0.265240492170124,0.00013572615115407116,500
6,8,4,1.3333333333333333,4.0,2.0,0.45478789979864,0.0007278729073451882,500,2.0183160647253797,9.868926666631521e-05,500,1.70417838582146,0.006646675769907549,500,0.869547822511038,0.0030150233855059513,500,0.507346034138778,0.0009083110980909524,500,0.099709119727781,0.0005963469593497503,500,17.7341187892872,0.11502387367030238,500,0.0186478641317442,0.00012095044549984497,500,nan,nan,0,16.069718001208404,0.007800483289495327,500,3.48775955526104,0.03676653025306785,500,15.666116166699997,1.590413067148138e-16,500,7.52050473186,0.0,500,1.2233186119873,0.013529149386641723,500,1.8048370136701601,0.007665229826708111,500,0.1626644295301998,0.0017989682699509825,500,0.239988814317668,0.001019244066725678,500
6,8,4,1.3333333333333333,4.0,3.0,0.445072805553806,0.0007420479956802872,500,2.02263644145526,0.00019239230547682363,500,2.06669221721838,0.013097730078267762,500,0.7754986438330279,0.0033505832823677684,500,0.474223455412734,0.00114728632830932,500,0.12261095556740201,0.0008418829906193612,500,14.12553867271224,0.11820596515542332,500,0.01485335296815374,0.00012429649332855878,500,nan,nan,0,16.566460442992597,0.016964462089640586,500,5.259104837967739,0.05493375235646991,500,15.666116166699997,1.590413067148138e-16,500,7.52050473186,0.0,500,0.8898843322816843,0.014630741491573755,500,1.63742586750772,0.00862653261778303,500,0.1183277404922022,0.0019454467503486356,500,0.217728187919456,0.0011470683052994756,500
6,8,4,1.3333333333333333,4.0,4.0,0.43967483872057,0.000711752927024648,500,2.0266443408791197,0.0002454157582417192,500,2.5157219523509804,0.023757935239058888,500,0.7225905802427139,0.0033986868179644346,500,0.454573096166124,0.001205275691111091,500,0.1368435445527712,0.0009386894481051433,500,12.47536180764396,0.10746894276094549,500,0.01311815121728808,0.00011300624896008278,500,nan,nan,0,17.1890302670216,0.030952965003137076,500,6.887220276105239,0.07856232702412703,500,15.666116166699997,1.590413067148138e-16,500,7.52050473186,0.0,500,0.7993732912723384,0.01353123677977977,500,1.58879074658246,0.008522633641058912,500,0.10629250559285981,0.0017992458301978962,500,0.211261185682326,0.0011332528792833423,500
6,8,4,1.3333333333333333,4.0,5.0,0.43579750557520003,0.0007167963508639216,500,2.02880767604292,0.00026154638286588703,500,3.0216816772540795,0.031639699315484916,500,0.691574347342006,0.002967563986816914,500,0.442094561432058,0.0010333201530806143,500,0.145309912660207,0.0008130983956265599,500,11.62602307153058,0.08556232406212493,500,0.01222505054840252,8.997089806740073e-05,500,nan,nan,0,17.994124248002997,0.04402255546516006,500,8.65931298098902,0.09330993359059932,500,15.666116166699997,1.590413067148138e-16,500,7.52050473186,0.0,500,0.8042776025236669,0.013702648542657266,500,1.55171398527862,0.008094120766879705,500,0.1069446308724686,0.0018220384177941853,500,0.206331096196864,0.0010762736086813596,500
6,8,4,1.3333333333333333,4.0,6.0,0.43145544975584,0.0007671327134667038,500,2.02713923763074,0.0003750976102527473,500,3.5202078071733798,0.03758894271896119,500,0.6590955445549019,0.003664282852585087,500,0.42833132289378,0.0013041816443090735,500,0.1553630122759134,0.0010328630492308147,500,10.875804881903479,0.09757119959594379,500,0.01143617758349366,0.00010259852744053496,500,nan,nan,0,18.9775871682662,0.06228495627194147,500,10.47128551568216,0.11852151239880346,500,15.666116166699997,1.590413067148138e-16,500,7.52050473186,0.0,500,0.8172618296530341,0.012959070757063934,500,1.53668980021038,0.007350978948415695,500,0.1086711409396038,0.001723165029356996,500,0.204333333333312,0.0009774581907064086,500
6,8,4,1.3333333333333333,4.0,7.0,0.42728217926403,0.0007857328855474406,500,2.0233557093192798,0.0005344404729829657,500,3.84512205135192,0.03599044708703219,500,0.6201892351803819,0.003816715095873466,500,0.41329653602986,0.0014092521613750404,500,0.16767391917056398,0.0011982308284125471,500,10.00875990993528,0.08918793628899738,500,0.01052445837006932,9.378331891582718e-05,500,nan,nan,0,19.9042215203766,0.08065384724628287,500,12.0304709041389,0.13625851374935374,500,15.666116166699997,1.590413067148138e-16,500,7.52050473186,0.0,500,0.7994868559413301,0.012792501148548942,500,1.5082565720295,0.007525780940802823,500,0.10630760626397201,0.0017010163020487654,500,0.200552572706928,0.0010007015764405308,500
6,8,4,1.3333333333333333,4.0,8.0,0.423335413894176,0.000795209906047407,500,2.01849751182954,0.0007761935695577397,500,4.15610973041152,0.03269165922364966,500,0.57883924079897,0.0041897019092594,500,0.396010903319156,0.0015667177762751824,500,0.183222537053296,0.0014298697299630007,500,9.03716284173026,0.08478955317532781,500,0.00950280004388016,8.915831038412757e-05,500,nan,nan,0,21.141295314137,0.09323995534940493,500,13.98274427231978,0.14400641109896697,500,15.666116166699997,1.590413067148138e-16,500,7.52050473186,0.0,500,0.7466834910621262,0.012263347273886305,500,1.46399999999972,0.0075732502470983835,500,0.09928635346755961,0.001630654817877246,500,0.194667785234904,0.0010070135605407947,500
6,8,4,1.3333333333333333,4.0,9.0,0.41928873679096,0.0008026450520530245,500,2.0111846711623405,0.000916403745567662,500,4.4397620154252,0.03875006201541645,500,0.541319245486578,0.004642878735206313,500,0.38044648785943197,0.0018241197419514709,500,0.1976530854391712,0.0017012985632414855,500,8.356176218373,0.09464794969459826,500,0.00878672578167592,9.952465793338693e-05,500,nan,nan,0,22.3228280532636,0.11945995210027717,500,15.627558462754342,0.1778402067927384,500,15.666116166699997,1.590413067148138e-16,500,7.52050473186,0.0,500,0.7365594111461218,0.011776861232887854,500,1.4247192429022162,0.007712382320709771,500,0.09794015659955176,0.0015659668669574345,500,0.18944463087247598,0.0010255139243568199,500
6,8,4,1.3333333333333333,4.0,10.0,0.416885027277168,0.0008121428601590982,500,2.00700467069604,0.0010563383403080278,500,4.66795114661066,0.03630743246130894,500,0.509911933836494,0.004705415008926394,500,0.366877230621296,0.001905757638676735,500,0.21160309261849,0.0019078020389469302,500,7.734923777391321,0.09012389320581175,500,0.008133463488319219,9.476750074221991e-05,500,nan,nan,0,23.4458579336668,0.1302652394650034,500,17.20907389266298,0.18237127409933146,500,15.666116166699997,1.590413067148138e-16,500,7.52050473186,0.0,500,0.711600420609862,0.012120689824330812,500,1.3900063091482562,0.007924813171885715,500,0.09462136465324494,0.0016116856855338854,500,0.18482885906041002,0.001053760811866274,500
6,8,4,1.3333333333333333,4.0,11.0,0.414334926757294,0.000764684592755946,500,1.9972695667425802,0.0011705566858951203,500,4.815442715037521,0.03407255043541326,500,0.47651877102998996,0.004797833404050681,500,0.351918203422492,0.0020277077455022573,500,0.227074589738714,0.002187803613489293,500,7.15322345078072,0.08717576100772718,500,0.00752179122059012,9.166746688515334e-05,500,nan,nan,0,24.8507367182372,0.1527858862397484,500,19.0510999760338,0.20434130640779602,500,15.666116166699997,1.590413067148138e-16,500,7.52050473186,0.0,500,0.711865404837024,0.011852655838548927,500,1.3570599369086322,0.00809562524928278,500,0.09465659955256597,0.0015760452604107772,500,0.180447986577194,0.0010764736594054594,500
6,8,4,1.3333333333333333,4.0,12.0,0.411103459997262,0.0007796707963732019,500,1.9917100233571,0.001261593859709416,500,4.921570713875081,0.031185437302515454,500,0.44825266544973597,0.004621855682472352,500,0.339416168414148,0.001977390432061869,500,0.24040567594361398,0.0022158505915770748,500,6.642649232810239,0.0798294171026909,500,0.00698490981368048,8.394260473470872e-05,500,nan,nan,0,26.360761156830602,0.16787707600650562,500,20.99207878056488,0.2140287054890482,500,15.666116166699997,1.590413067148138e-16,500,7.52050473186,0.0,500,0.6792344900104872,0.010858146809712081,500,1.3419978969505277,0.007916080291004055,500,0.09031767337807681,0.001443805595084002,500,0.17844519015661597,0.0010525996024555947,500
6,8,4,1.3333333333333333,4.0,13.0,0.409643148035496,0.000772068622485471,500,1.98569008545664,0.0013482859750305139,500,4.98154032067734,0.033632281265514055,500,0.420722140853382,0.004841424090188185,500,0.32662390388568996,0.002146324744782731,500,0.256094776056566,0.002536310181544006,500,6.20459975192014,0.08024179068543634,500,0.00652428995995802,8.437622574706634e-05,500,nan,nan,0,27.5764401401996,0.19733012300734462,500,22.441345388050884,0.2486416878367241,500,15.666116166699997,1.590413067148138e-16,500,7.52050473186,0.0,500,0.6507087276550683,0.010934820435488074,500,1.2825278654048238,0.008449005361638721,500,0.0865246085011114,0.001454000871665104,500,0.170537472035782,0.0011234625417956676,500
6,8,4,1.3333333333333333,4.0,14.0,0.407835802715452,0.0007563444343800109,500,1.98047911194718,0.0013816480918238385,500,4.93472614416394,0.03290196633541266,500,0.39928771163673393,0.005229410843861282,500,0.315886296099704,0.002386945273629898,500,0.271316514507098,0.0030249783731922447,500,5.87542624975144,0.08528682543684676,500,0.006178155888276521,8.968120445510695e-05,500,nan,nan,0,28.7185021305388,0.21860788728676264,500,23.80652270536364,0.2701649475175123,500,15.666116166699997,1.590413067148138e-16,500,7.52050473186,0.0,500,0.625383806519443,0.011474316835102435,500,1.261543638275728,0.009309430220037475,500,0.08315715883669147,0.0015257375992992158,500,0.16774720357940082,0.0012378730619754777,500
6,8,4,1.3333333333333333,4.0,15.0,0.405784434608282,0.0007859430734491086,500,1.9730016857914598,0.0013962308323458733,500,4.98125310533332,0.033142646851037745,500,0.372910439995714,0.005041127983684682,500,0.30273587045761596,0.002348570454871668,500,0.287154068591858,0.0030438464961713234,500,5.45486183130364,0.08031520047794075,500,0.0057359220097826,8.445341795781739e-05,500,nan,nan,0,30.552515177140403,0.23119197487420903,500,25.988239480957258,0.280679862688738,500,15.666116166699997,1.590413067148138e-16,500,7.52050473186,0.0,500,0.6107465825446984,0.010857600894488945,500,1.2234153522609441,0.008727175617647367,500,0.08121085011183743,0.0014437330048446453,500,0.1626772930648616,0.0011604507847311025,500
6,8,4,1.3333333333333333,5.0,1.0,0.45276566346288805,0.0006596287949462092,500,2.0220613542658,3.444702462429106e-05,500,0.883422028653564,0.0009103272697058091,500,0.88371132909164,0.0023320927293162363,500,0.4841873512822,0.0005482916431973832,500,0.10360871717856099,0.00036103695585166563,500,16.295683016159,0.05883498025639167,500,0.0171353133713544,6.186643560083567e-05,500,nan,nan,0,19.6637774895216,0.0015763210538173242,500,1.737150982279258,0.018332170688375126,500,19.5826452084,0.0,500,7.52050473186,0.0,500,1.7194532071511959,0.008801383544108268,500,1.9684542586800002,9.940081669675863e-18,500,0.22863534675612204,0.0011703181977713944,500,0.261744966443,0.0,500
6,8,4,1.3333333333333333,5.0,2.0,0.436070835345934,0.0007436027479932338,500,2.02062575732072,5.3719890264383404e-05,500,1.00117405576083,0.0035590030039560506,500,0.7007439558906079,0.004252618247902349,500,0.43116090262379403,0.0013052427294969688,500,0.145532746807602,0.0011596331596852361,500,11.652278176688101,0.10495650503924353,500,0.01225265844025918,0.00011036435861113657,500,nan,nan,0,19.9083841216496,0.006506477597591285,500,3.484669041310738,0.03856055904095192,500,19.5826452084,0.0,500,7.52050473186,0.0,500,1.202456361724506,0.014028497508125992,500,1.71074658254578,0.008770467646984498,500,0.159890380313185,0.0018653664891224344,500,0.22747762863532206,0.0011662073171489595,500
6,8,4,1.3333333333333333,5.0,3.0,0.426357898427672,0.0006953696953471558,500,2.02218462753372,0.00012335743758954396,500,1.17850753059604,0.006602803374799113,500,0.589037767594358,0.0037976102815395433,500,0.390314672525382,0.0013557939245199642,500,0.18491610502116737,0.0014457433697949171,500,8.79597774474246,0.08785116056040161,500,0.00924918795451312,9.237766620439417e-05,500,nan,nan,0,20.3249753296382,0.01429212200055686,500,5.310521251829759,0.055280681801424036,500,19.5826452084,0.0,500,7.52050473186,0.0,500,0.8983554153520581,0.01475422222849441,500,1.477421661409584,0.010971789139550011,500,0.11945413870249028,0.0019618659590757656,500,0.196452460850126,0.0014589165927972238,500
6,8,4,1.3333333333333333,5.0,4.0,0.422802249765818,0.0006432583736021637,500,2.02571886113304,0.0002062279063172113,500,1.370149896534866,0.011331401119050262,500,0.53721712548738,0.003651152469500267,500,0.36903654511721595,0.0013739760855784923,500,0.20805839358194,0.0015441892186594218,500,7.62045311941074,0.08091671758047701,500,0.00801309476278708,8.508592805519704e-05,500,nan,nan,0,20.8121497822534,0.0250951029391324,500,6.853939258947721,0.07758057633400076,500,19.5826452084,0.0,500,7.52050473186,0.0,500,0.7342292323869719,0.014318700403757637,500,1.3506624605678679,0.010801751255248057,500,0.09763031319910562,0.0019039547097266787,500,0.17959731543626178,0.0014363066895597184,500
6,8,4,1.3333333333333333,5.0,5.0,0.41752477394572995,0.0006652969933671911,500,2.02949981861752,0.0002536079318177894,500,1.6658602204133741,0.017123350747734432,500,0.49577097312061197,0.0028174866943451865,500,0.35108239619404996,0.0010954210532243417,500,0.227576239628916,0.001347671523383003,500,6.691200218760979,0.05575524675460026,500,0.00703596237514258,5.8628019720914255e-05,500,nan,nan,0,21.4738558471012,0.033774903906069964,500,8.63475266119512,0.08560487814561732,500,19.5826452084,0.0,500,7.52050473186,0.0,500,0.6223764458464923,0.012722779152131544,500,1.2601766561514178,0.010142686233992082,500,0.08275727069350977,0.0016917453822246822,500,0.16756543624161618,0.0013486709463820833,500
6,8,4,1.3333333333333333,5.0,6.0,0.41584282287483804,0.000680340729501119,500,2.03161765054152,0.0002970821076959547,500,2.08328038636374,0.026833237403981143,500,0.478999847335704,0.002695643638875989,500,0.34281794485689204,0.0010166846181492635,500,0.235170940227288,0.0012858726343746723,500,6.40381995620742,0.04963920180330854,500,0.0067337749276629,5.219684732209021e-05,500,nan,nan,0,22.334044122076996,0.051000681523028515,500,10.5149997025228,0.11022156982118443,500,19.5826452084,0.0,500,7.52050473186,0.0,500,0.659192429022132,0.013483981486142774,500,1.2553564668770418,0.009840705271754905,500,0.0876526845637525,0.0017929623033155163,500,0.1669244966442854,0.0013085165986358577,500
6,8,4,1.3333333333333333,5.0,7.0,0.41355079954166,0.0006983345253573855,500,2.030596263433,0.00035403015046337215,500,2.3632118463433582,0.029554345869394243,500,0.46203317695124996,0.002574691382263733,500,0.33556944679639605,0.0010145987105547902,500,0.24285381080719798,0.0012608422636704495,500,6.18028252442632,0.048966202742334736,500,0.006498719794349361,5.148917217907366e-05,500,nan,nan,0,23.1811760960706,0.06622199314081093,500,12.15231955834034,0.12971644754900888,500,19.5826452084,0.0,500,7.52050473186,0.0,500,0.6479663512092932,0.013103504769886134,500,1.2516340694006418,0.00960028010350754,500,0.0861599552572821,0.001742370390961831,500,0.1664295302013586,0.0012765473124221733,500
6,8,4,1.3333333333333333,5.0,8.0,0.41158040779205196,0.0007006921422151673,500,2.02837637409268,0.00047210765420740666,500,2.58718322018248,0.0281652148424568,500,0.4418842994895,0.0026307484147123452,500,0.32629125065568004,0.001059037630938292,500,0.25391691165828606,0.0013508071534637,500,5.88035390852766,0.04896901845122062,500,0.006183337443246719,5.1492132966649736e-05,500,nan,nan,0,24.1570524762308,0.08142026853409638,500,13.89019460910034,0.14473862494446968,500,19.5826452084,0.0,500,7.52050473186,0.0,500,0.6230325972660128,0.011974724966889193,500,1.221181913775142,0.009290284549376774,500,0.08284451901567394,0.0015922767678292313,500,0.16238031319908838,0.001235327266004179,500
6,8,4,1.3333333333333333,5.0,9.0,0.4110422151035081,0.0007259616952398447,500,2.02359502661674,0.0006593684069964226,500,2.76025073368138,0.02886945033617087,500,0.4206533222967,0.002942155079945312,500,0.31712677294646596,0.0011886207227989904,500,0.265120240818502,0.001540086887704234,500,5.597078796577181,0.04827985082073596,500,0.0058854666630673,5.0767456173205794e-05,500,nan,nan,0,25.2546285565824,0.10456813080465407,500,15.65572178677918,0.17146637408239096,500,19.5826452084,0.0,500,7.52050473186,0.0,500,0.6125173501577256,0.012585198754143866,500,1.1975562565721862,0.009200823052012431,500,0.08144630872483706,0.0016734513444058574,500,0.15923881431766937,0.0012234315887098138,500
6,8,4,1.3333333333333333,5.0,10.0,0.40864312110808004,0.0007060309252666821,500,2.01986155705842,0.0008241247916357242,500,2.9859201925670997,0.03031910576087748,500,0.400525797717748,0.003120936605551629,500,0.307628571041772,0.0013197096456762452,500,0.277266591184534,0.0017808893765018604,500,5.3013511323185805,0.04640629783418117,500,0.005574501716423361,4.8797368910826746e-05,500,nan,nan,0,26.461464193822,0.12061503086573465,500,17.5015893686887,0.18824635471503384,500,19.5826452084,0.0,500,7.52050473186,0.0,500,0.5890347003154158,0.012409487513587928,500,1.160222923238748,0.00969693796363505,500,0.07832382550336507,0.0016500870561285718,500,0.1542746085011128,0.0012893998886206895,500
6,8,4,1.3333333333333333,5.0,11.0,0.407119878451512,0.0007092380152490198,500,2.0163245215168,0.0009201867920291588,500,3.17361219448442,0.03025657560386672,500,0.383758543308732,0.0030845116305277505,500,0.299865640194722,0.001304354965816468,500,0.28710793030420606,0.0018011590892397422,500,5.08353173695624,0.04484508168913764,500,0.00534545923970156,4.7155711555373174e-05,500,nan,nan,0,27.5076481257024,0.13035017961251125,500,19.04837807772862,0.19424896813805922,500,19.5826452084,0.0,500,7.52050473186,0.0,500,0.5864437434280314,0.011617076873068592,500,1.15911251314413,0.009619084763786534,500,0.07797930648768439,0.0015447203728016106,500,0.1541269574943958,0.0012790477643126316,500
6,8,4,1.3333333333333333,5.0,12.0,0.405229162737078,0.0007446643858443404,500,2.00750735325796,0.0010864825450019142,500,3.32935271938494,0.03370167280708523,500,0.36346696274805,0.003331769959186226,500,0.29035508731922205,0.0014868010776509283,500,0.30071999856470993,0.002109654614074022,500,4.856515606041761,0.04572766105575994,500,0.00510674616828806,4.8083765568625746e-05,500,nan,nan,0,28.7545600061688,0.1634335997212426,500,20.718481964720958,0.2344045160041066,500,19.5826452084,0.0,500,7.52050473186,0.0,500,0.5717560462671188,0.01184930193727608,500,1.134893796004244,0.008985724493794249,500,0.07602628635346072,0.0015755992928337594,500,0.1509065995525562,0.0011948299767353722,500
6,8,4,1.3333333333333333,5.0,13.0,0.40485998309245,0.000718534103531519,500,2.0041512065224802,0.0011830008185454374,500,3.47216853383744,0.03322544881478424,500,0.349894353430578,0.0033147205865630986,500,0.28370170417143004,0.0014956829021987297,500,0.30924341946379796,0.002188446367936052,500,4.68785045590538,0.04455987719381368,500,0.00492939059506352,4.6855811980876055e-05,500,nan,nan,0,29.982213932899803,0.1711472775594657,500,22.41921501168044,0.2345351482082503,500,19.5826452084,0.0,500,7.52050473186,0.0,500,0.5729295478442846,0.011912601149771192,500,1.111869610936116,0.009586363934262739,500,0.07618232662193998,0.0015840161763767979,500,0.14784507829978202,0.0012746968821973114,500
6,8,4,1.3333333333333333,5.0,14.0,0.4030424580248119,0.0007174070918193204,500,1.99534205801078,0.0012065944778178563,500,3.60015114664268,0.032146594271634465,500,0.326320054939386,0.003252780208360137,500,0.27293862267622,0.0015139639495944375,500,0.325201933529558,0.002302211238430208,500,4.41294561584292,0.04151510469621675,500,0.00464032136261108,4.365415846079157e-05,500,nan,nan,0,31.459754891616,0.18867516150706423,500,24.349659921181562,0.2496241911747348,500,19.5826452084,0.0,500,7.52050473186,0.0,500,0.5384815983175775,0.010865126377368462,500,1.082986330178888,0.009004629617320382,500,0.07160178970917744,0.0014447336667893476,500,0.14400447427293941,0.0011973437872012272,500
6,8,4,1.3333333333333333,5.0,15.0,0.40075729404922195,0.0007001005682233697,500,1.99026510830716,0.0013905452401060986,500,3.72763039180398,0.03180931624243297,500,0.31180091964265,0.003266710982871498,500,0.264701206884804,0.0015611449708616688,500,0.337534437526356,0.002458677646525442,500,4.2273965656759005,0.04000086986217966,500,0.0044452119512891795,4.2061903114802244e-05,500,nan,nan,0,33.199519146706805,0.2120623284670956,500,26.5296121317512,0.2735794188069377,500,19.5826452084,0.0,500,7.52050473186,0.0,500,0.5449547844373981,0.011016041914855336,500,1.057846477392312,0.009507476675293128,500,0.07246252796420379,0.001464800875423341,500,0.1406616331096202,0.0012642072592570954,500
6,8,4,1.3333333333333333,6.0,1.0,0.446965537144144,0.0006941203147024623,500,2.02521386634752,2.1874924858180198e-05,500,0.6114082901114519,0.00024680130429777204,500,0.808919148469834,0.002606146535348862,500,0.44633633335708,0.0006354789901005433,500,0.12307515677449962,0.0004689875545403402,500,13.307181642853259,0.05340100376233926,500,0.013992830328976998,5.615247503921315e-05,500,nan,nan,0,23.5677334602576,0.0013325690163444926,500,1.747769299664596,0.018622856775336188,500,23.4991742501,0.0,500,7.52050473186,0.0,500,1.7187802313363558,0.008993111318155288,500,1.9684542586800002,9.940081669675863e-18,500,0.22854586129747803,0.0011958122012810624,500,0.261744966443,0.0,500
6,8,4,1.3333333333333333,6.0,2.0,0.42878290659569396,0.0007730589078937142,500,2.02321121369878,4.699754530916919e-05,500,0.653024501489164,0.001480229695848796,500,0.614989993448974,0.004230323765646294,500,0.390002851293062,0.0013138679754946475,500,0.17253836223191002,0.001345160565702895,500,9.405876093416701,0.08105913844216975,500,0.0098905111392401,8.523568711057442e-05,500,nan,nan,0,23.763561194703602,0.005071165895526316,500,3.4470815043188323,0.035422216156772685,500,23.4991742501,0.0,500,7.52050473186,0.0,500,1.224832807570964,0.013228235683168416,500,1.7201261829658998,0.008618453469858399,500,0.16286577181210402,0.0017589558353849706,500,0.22872483221474205,0.0011459940226295198,500
6,8,4,1.3333333333333333,6.0,3.0,0.41653664781906,0.0007171925637975787,500,2.02321176144416,7.719189137165788e-05,500,0.7426275833408,0.0037398455867555355,500,0.48626285682625997,0.004309194862148419,500,0.34217506928603003,0.0015848318597271101,500,0.228823676909202,0.0020302200499270457,500,6.873596889784319,0.08016755843974874,500,0.00722775698189756,8.429816870640202e-05,500,nan,nan,0,24.1084048348836,0.011704691797422779,500,5.24633778304312,0.055702761423458425,500,23.4991742501,0.0,500,7.52050473186,0.0,500,0.8912555205045907,0.015104565658108925,500,1.433135646687958,0.012394678704183287,500,0.1185100671141232,0.002008451054371351,500,0.19056375838919662,0.0016481179317199648,500
6,8,4,1.3333333333333333,6.0,4.0,0.411380501985204,0.0006850399823826616,500,2.0247238229487,0.0001492530295600866,500,0.8428216624463021,0.0058502260351786664,500,0.42533067674702,0.003592350287505268,500,0.315336091068006,0.0014878989920085316,500,0.26486284707758395,0.0021488609375670707,500,5.6933090373764195,0.06373239482157837,500,0.00598665513919676,6.701618803529893e-05,500,nan,nan,0,24.5252011619934,0.02115293754464009,500,6.82630174079502,0.07622325188345797,500,23.4991742501,0.0,500,7.52050473186,0.0,500,0.7228601472134668,0.014070601216161539,500,1.2632723449002898,0.013105587636358933,500,0.0961185682326661,0.0018709650107056127,500,0.1679770693511956,0.001742647349295725,500
6,8,4,1.3333333333333333,6.0,5.0,0.406686577882854,0.000724348207410982,500,2.02810268467068,0.0002310611927190331,500,1.002260276014328,0.008854457496404584,500,0.37899676771110796,0.002991013585583146,500,0.29295800385492204,0.0012976440199915847,500,0.29728675860193,0.002055376707517088,500,4.8399523721804,0.049731606569010094,500,0.00508932951859134,5.229401321658539e-05,500,nan,nan,0,25.1628738456102,0.03141005850477615,500,8.791718364644321,0.09127275543125721,500,23.4991742501,0.0,500,7.52050473186,0.0,500,0.5776277602522899,0.01405518559463921,500,1.09205888538391,0.012643422034821552,500,0.07680704697987135,0.0018689151986165842,500,0.14521085011181298,0.001681193282313472,500
6,8,4,1.3333333333333333,6.0,6.0,0.40656301988679994,0.0006877561457461886,500,2.03116908387184,0.000272645820443088,500,1.191749929410584,0.014680542339846524,500,0.36504479381294197,0.0028040034616999793,500,0.28518047999881196,0.0012120799066015415,500,0.30816904060921,0.0019528145359049777,500,4.6102200920311205,0.0453745517577928,500,0.00484776034913908,4.771246241623144e-05,500,nan,nan,0,25.799263001177597,0.04421288399690092,500,10.3993268050019,0.11164840449124132,500,23.4991742501,0.0,500,7.52050473186,0.0,500,0.5512723449000739,0.012863614108547663,500,1.0779474237645459,0.01214282450834602,500,0.07330257270694009,0.0017104721780247,500,0.1433344519015524,0.0016146289300098548,500
6,8,4,1.3333333333333333,6.0,7.0,0.405133134915312,0.000702910837686888,500,2.03254016417566,0.0002776428424509463,500,1.4588901347351861,0.021563745564067947,500,0.35022592253219803,0.0026462555532920937,500,0.278388390026234,0.0011461502125721713,500,0.317485198637572,0.0018762347589884314,500,4.42755186050646,0.04271754505652387,500,0.00465568018980718,4.491855421292977e-05,500,nan,nan,0,26.644638194806596,0.0591202411641641,500,12.277106111688179,0.1323619700949474,500,23.4991742501,0.0,500,7.52050473186,0.0,500,0.5404458464773972,0.013052626890330972,500,1.050208201892918,0.012088441587348486,500,0.07186297539150024,0.0017356051695614084,500,0.13964597315434538,0.0016073976439533327,500
6,8,4,1.3333333333333333,6.0,8.0,0.404571722830776,0.0006838380529452065,500,2.03296711487834,0.00032727818612070594,500,1.642368018891142,0.024827092722312913,500,0.34524375681067204,0.0024664617736236435,500,0.27537425558019196,0.0010809123241877295,500,0.32022605060639,0.0017888192003144285,500,4.36438074081672,0.03877257114848604,500,0.00458925419644236,4.077031666507554e-05,500,nan,nan,0,27.3850488256686,0.07247547442927715,500,13.76834871948282,0.1470033112706444,500,23.4991742501,0.0,500,7.52050473186,0.0,500,0.5479621451104312,0.012349708815105125,500,1.060757097791896,0.011376071665222927,500,0.07286241610738176,0.001642138294625837,500,0.14104865771812503,0.001512673958838552,500
6,8,4,1.3333333333333333,6.0,9.0,0.403479760466712,0.0007143517236577881,500,2.0307842989598,0.00043869804543558016,500,1.867417784424476,0.025870745710933084,500,0.334642412506048,0.002583333397856426,500,0.26956746266503,0.0011229200830586495,500,0.32838536402591206,0.001883246264412699,500,4.2515605259171805,0.039974426719127154,500,0.0044706209525941405,4.2034097496435625e-05,500,nan,nan,0,28.4815152706492,0.0871041225525208,500,15.7951201820528,0.1631704732365631,500,23.4991742501,0.0,500,7.52050473186,0.0,500,0.549589905362752,0.013139814541396122,500,1.047465825447002,0.011249931640669059,500,0.0730788590604099,0.0017471984939696407,500,0.13928131991050002,0.0014959011451706869,500
6,8,4,1.3333333333333333,6.0,10.0,0.4024798655680061,0.0006584708228473322,500,2.02860245801142,0.0005479437714682822,500,1.9342073701143458,0.02420473715070745,500,0.31843493156786196,0.0024257292777190107,500,0.262290053478402,0.0010778735825724998,500,0.340239265891758,0.0018706086257049151,500,4.04376560369136,0.034510234179934776,500,0.00425211945708858,3.6288364016754886e-05,500,nan,nan,0,29.35177192811,0.10570550813973992,500,17.257994723119918,0.18486086730944312,500,23.4991742501,0.0,500,7.52050473186,0.0,500,0.5021072555205621,0.012168887221118736,500,0.9987634069400001,0.011149726321111792,500,0.06676510067113965,0.0016180944836800383,500,0.1328053691274954,0.001482576864006733,500
6,8,4,1.3333333333333333,6.0,11.0,0.403290303293458,0.0006835595975617593,500,2.02548894067344,0.0006961501312267323,500,2.088328932784012,0.025357662564992396,500,0.311806708364624,0.0025349887169943443,500,0.258548776225226,0.0011545967967776319,500,0.34525375259630997,0.0019952248656286455,500,3.99744999564872,0.03575148686580181,500,0.0042034174507347005,3.759357188833259e-05,500,nan,nan,0,30.373356336878803,0.12810882433660029,500,18.87675923064256,0.21086266767234318,500,23.4991742501,0.0,500,7.52050473186,0.0,500,0.523932702418435,0.012190273036369739,500,1.015768664563754,0.01118607758465372,500,0.06966722595079901,0.0016209381512308127,500,0.1350665548098308,0.0014874104841997398,500
6,8,4,1.3333333333333333,6.0,12.0,0.40184945246212,0.0007041326373131377,500,2.02051292994094,0.0008561514136983132,500,2.2262677447562003,0.025721499075112723,500,0.29573147904109603,0.00265148956067546,500,0.250584992446798,0.001203982600168817,500,0.35875644504734394,0.0021205924515549975,500,3.82639109191054,0.03647976557025472,500,0.0040235447864464605,3.835937494246433e-05,500,nan,nan,0,31.7841408492532,0.14234813028898302,500,21.0465725954865,0.2246057921856684,500,23.4991742501,0.0,500,7.52050473186,0.0,500,0.5046687697161034,0.012369730079154454,500,0.997287066246226,0.011499645701686724,500,0.06710570469798105,0.0016448005180745957,500,0.1326090604026786,0.001529105573585354,500
6,8,4,1.3333333333333333,6.0,13.0,0.399438529415002,0.0006582418686652377,500,2.01612125646718,0.0009191919016482068,500,2.3572304837853397,0.028665223529622925,500,0.28803714274570597,0.0024193296705503093,500,0.24702115677776199,0.0011762074871640871,500,0.36405816773242006,0.0021566825432332523,500,3.75128856231002,0.031829326054381706,500,0.00394457262072536,3.3469322875270364e-05,500,nan,nan,0,32.7255624941934,0.1698786027765637,500,22.385417295161723,0.25341299055522093,500,23.4991742501,0.0,500,7.52050473186,0.0,500,0.500374342797041,0.012405031356024596,500,0.969434279705658,0.011621090934088835,500,0.06653467561521158,0.0016494945217534955,500,0.1289054809843542,0.001545254121687855,500
6,8,4,1.3333333333333333,6.0,14.0,0.39949280664216597,0.0007147497403760009,500,2.01153724168016,0.0010383454053598516,500,2.52186617955341,0.02914698597848007,500,0.273973076901512,0.00236972006285916,500,0.239487250325948,0.0011374340883679294,500,0.376275990130826,0.002095395108943635,500,3.59226540061166,0.028186360908271865,500,0.00377735583660532,2.9638655003434032e-05,500,nan,nan,0,34.040858354467794,0.17504710747026464,500,24.2998813261926,0.2507492501234258,500,23.4991742501,0.0,500,7.52050473186,0.0,500,0.4881009463722652,0.011155335308743347,500,0.958986330178722,0.010543864426503903,500,0.06490268456375994,0.0014833226899628865,500,0.1275162192393728,0.0014020155298664274,500
6,8,4,1.3333333333333333,6.0,15.0,0.397839221815988,0.0006516009316786025,500,2.00604981768966,0.00115467336638143,500,2.591008928506864,0.029478359128085732,500,0.26207743510641596,0.0025313514775860417,500,0.23362000515699402,0.0012382220461186224,500,0.387621443396076,0.0023339961216809224,500,3.47518655372096,0.029507970478528513,500,0.00365424453598394,3.1028360124638364e-05,500,nan,nan,0,35.3231820635984,0.20063121809964068,500,26.01370924131444,0.2791668183531189,500,23.4991742501,0.0,500,7.52050473186,0.0,500,0.46875289169292045,0.011064424168709395,500,0.926885383806588,0.010627746066848756,500,0.06232997762863292,0.0014712342539775819,500,0.12324776286354659,0.001413169254693802,500
6,8,4,1.3333333333333333,7.0,1.0,0.439635895578766,0.0006907570561999398,500,2.02591340860506,4.0085593910060874e-06,500,0.45628972748705404,0.00011824046270658895,500,0.7519499212274001,0.0026697741433148957,500,0.41967031688768996,0.0006600199785876954,500,0.13831073690881998,0.0005381353539395196,500,11.586452461459299,0.04752983995268014,500,0.012183441074088818,4.997880121208677e-05,500,nan,nan,0,27.473252776564202,0.0011985241923217576,500,1.7253240604038378,0.019140071284500043,500,27.415703291800007,3.180826134296276e-16,500,7.52050473186,0.0,500,1.7049842271299678,0.009424009210680777,500,1.9684542586800002,9.940081669675863e-18,500,0.22671140939592005,0.0012531086072916776,500,0.261744966443,0.0,500
6,8,4,1.3333333333333333,7.0,2.0,0.424960473408378,0.0007887559495564569,500,2.02498888808018,3.608691062217417e-05,500,0.471546928612866,0.0006002145351778921,500,0.5522869055125621,0.004422494969294661,500,0.360935390475384,0.001361683099700542,500,0.194865250585776,0.001522207398512589,500,8.12034867857358,0.07253288753267738,500,0.00853874729608166,7.627012358854845e-05,500,nan,nan,0,27.6509484950156,0.004442389077537193,500,3.5109653085843937,0.03573269633866232,500,27.415703291800007,3.180826134296276e-16,500,7.52050473186,0.0,500,1.216269190325894,0.01338396400042177,500,1.71238696109418,0.008697377255562537,500,0.16172706935123882,0.0017796629983756942,500,0.22769574944068205,0.0011564885025236904,500
6,8,4,1.3333333333333333,7.0,3.0,0.41325375563565003,0.000796023743002939,500,2.02455326877056,5.207670581430612e-05,500,0.5124933355694741,0.0020260529149738844,500,0.427812150984582,0.0045410691457585875,500,0.31365979349362005,0.0017161538443308077,500,0.25637159997734,0.002410561813813915,500,6.00723486079734,0.07364463498281357,500,0.00631675589989174,7.743915350450792e-05,500,nan,nan,0,27.9336899929436,0.010859953697007955,500,5.197228462894758,0.05867469679127062,500,27.415703291800007,3.180826134296276e-16,500,7.52050473186,0.0,500,0.8990620399579234,0.014925717316880943,500,1.443078864353222,0.012550128601352444,500,0.1195480984340314,0.0019846696264479713,500,0.19188590604022562,0.0016687880732474496,500
6,8,4,1.3333333333333333,7.0,4.0,0.40776511275405,0.0007088656015531433,500,2.0247721205789397,8.921661419705377e-05,500,0.57181264536867,0.0033174084013336863,500,0.361501009083814,0.004095376304999794,500,0.2818280201509621,0.0017025917328742648,500,0.30572796632779603,0.002763945910593439,500,4.83041705995986,0.06404267808036608,500,0.005079302902165679,6.734245854930318e-05,500,nan,nan,0,28.3151965459124,0.017548181839848402,500,6.89034433126242,0.0749934513012843,500,27.415703291800007,3.180826134296276e-16,500,7.52050473186,0.0,500,0.7056487907465223,0.015200931214948485,500,1.222847528916908,0.01456499985765127,500,0.09382997762863292,0.002021264763060892,500,0.16260178970917238,0.0019367050985207046,500
6,8,4,1.3333333333333333,7.0,5.0,0.403063056902822,0.0006802916411122555,500,2.0266404488497,0.00016540284524995053,500,0.6511897095777581,0.0051918963804723686,500,0.319330018583674,0.0033280596011611716,500,0.26063983451339007,0.0015233622837999936,500,0.340980972261716,0.002732117755248525,500,4.149422745036319,0.05050030025735507,500,0.00436322055208888,5.310231362498468e-05,500,nan,nan,0,28.826536374828,0.027480396445165034,500,8.684160633846899,0.09294337916751594,500,27.415703291800007,3.180826134296276e-16,500,7.52050473186,0.0,500,0.5956172450050999,0.01416851045207479,500,1.0679621451103822,0.014463622824970768,500,0.07919910514542473,0.0018839839820935776,500,0.14200671140939738,0.0019232250148953401,500
6,8,4,1.3333333333333333,7.0,6.0,0.40209048093531996,0.0006920108416538499,500,2.02929915117246,0.00023980030301140045,500,0.7468116569224781,0.007735916584177284,500,0.295009976350062,0.002944495454977266,500,0.24766823054127202,0.0014175131339960558,500,0.36451377487466596,0.0026676854973683574,500,3.77959251520668,0.04372388148604481,500,0.0039743349266104,4.597674183601879e-05,500,nan,nan,0,29.3868967769452,0.039769880555080406,500,10.29467076447844,0.11654606031113372,500,27.415703291800007,3.180826134296276e-16,500,7.52050473186,0.0,500,0.5106582544689298,0.013336492019060493,500,0.9735604626708141,0.014079991840359476,500,0.06790212527964319,0.0017733506585746884,500,0.12945413870245578,0.0018722136801136108,500
6,8,4,1.3333333333333333,7.0,7.0,0.40050319902075804,0.000663947823689878,500,2.03196822297138,0.00028165843305967656,500,0.8889487419761141,0.011652250049528993,500,0.279000142479806,0.0024776652695468054,500,0.23916861526663796,0.0012247596508859861,500,0.37869186645907804,0.0024116803123735296,500,3.55269149976672,0.03560993791334396,500,0.0037357429019629,3.7444729667033056e-05,500,nan,nan,0,30.1091927940292,0.05391570803886603,500,12.12718895833046,0.1366983761635921,500,27.415703291800007,3.180826134296276e-16,500,7.52050473186,0.0,500,0.4734973711881786,0.012128220200452995,500,0.930485804416424,0.012660271926796458,500,0.06296085011185645,0.0016126869981305102,500,0.1237265100671054,0.0016834338090565809,500
6,8,4,1.3333333333333333,7.0,8.0,0.400302074585938,0.0006833591004393208,500,2.0338950712650603,0.00030776257115274006,500,1.1053300550591338,0.01996194940837254,500,0.27631387196537605,0.0026464956976797863,500,0.236403132576434,0.0012453415667224405,500,0.382740845351784,0.002447420918867367,500,3.5303539307624003,0.0400343863065546,500,0.0037122543961752197,4.2097146484278965e-05,500,nan,nan,0,30.965544307419602,0.07054073607193768,500,14.040165980614999,0.15890978923035515,500,27.415703291800007,3.180826134296276e-16,500,7.52050473186,0.0,500,0.48217875920082554,0.013401261296012263,500,0.9281388012618759,0.01362975013822546,500,0.06411521252796648,0.0017819630162903084,500,0.12341442953018239,0.0018123451316331507,500
6,8,4,1.3333333333333333,7.0,9.0,0.399374227015494,0.0006603784988359731,500,2.03370233871612,0.0003429453886355943,500,1.26781881515039,0.021612673355068498,500,0.268646010805776,0.0023460560081882023,500,0.23242453448918998,0.0011230569623574146,500,0.38816414856052,0.0022589220873230342,500,3.4397919604176606,0.03407407557439397,500,0.00361702624649602,3.58297324651749e-05,500,nan,nan,0,31.740237854561602,0.07728791178638883,500,15.677573059083901,0.16150812465646966,500,27.415703291800007,3.180826134296276e-16,500,7.52050473186,0.0,500,0.4732870662460304,0.012211314373511754,500,0.919823343848566,0.012603675808023636,500,0.06293288590605425,0.0016237360135929666,500,0.12230872483221561,0.0016759082345377484,500
6,8,4,1.3333333333333333,7.0,10.0,0.398432530562966,0.000640521691895516,500,2.032550746004,0.0003713393138821724,500,1.343163062794066,0.021198403861376686,500,0.25826730008503,0.0021427143558109736,500,0.227420472071124,0.0010501958503859369,500,0.397305784277968,0.002192595995852208,500,3.3368629533247804,0.030797071203581064,500,0.00350879385207658,3.2383881391765445e-05,500,nan,nan,0,32.5420263703734,0.09064450354896222,500,17.20546808841428,0.1758720485387564,500,27.415703291800007,3.180826134296276e-16,500,7.52050473186,0.0,500,0.45826288117768094,0.012088138276753046,500,0.90213249211368,0.012504821035081373,500,0.06093512304251531,0.001607357312807232,500,0.11995637583892059,0.0016627635352836926,500
6,8,4,1.3333333333333333,7.0,11.0,0.398794632349174,0.0006866370611120567,500,2.0303158776059,0.0005527814320467308,500,1.502952547065856,0.021902719917099026,500,0.253965454435424,0.0021786772276966436,500,0.224308181228802,0.0010728001564906074,500,0.40169249244236,0.002243089447595532,500,3.29319691581114,0.030174440477006924,500,0.00346287793460676,3.172916979706382e-05,500,nan,nan,0,33.725786775486,0.1143497558876746,500,19.273399847777284,0.20450253644741564,500,27.415703291800007,3.180826134296276e-16,500,7.52050473186,0.0,500,0.4717308096740021,0.012209172778635057,500,0.896399579390206,0.01255584330123128,500,0.06272595078300638,0.0016234512461530206,500,0.11919407158832701,0.0016695479557406604,500
6,8,4,1.3333333333333333,7.0,12.0,0.398937211404868,0.0006534464905407304,500,2.0282405051448804,0.000630895824664247,500,1.60611137691351,0.022123345514329824,500,0.24797816277264,0.002188517561749495,500,0.221089643905212,0.001097823349615184,500,0.40692343751533405,0.002286756432003517,500,3.23711821127686,0.02951560586261103,500,0.0034039097910379796,3.103638891966395e-05,500,nan,nan,0,34.8724077863584,0.13169393147904354,500,21.155836791904303,0.22627465696462307,500,27.415703291800007,3.180826134296276e-16,500,7.52050473186,0.0,500,0.4634490010515093,0.011891533952186225,500,0.898347003154622,0.01241640746892689,500,0.06162472035794108,0.001581214875353619,500,0.11945302013423319,0.0016510072011936834,500
6,8,4,1.3333333333333333,7.0,13.0,0.397987646151532,0.0006405013128505237,500,2.0238351380081,0.0007147802148778724,500,1.673377996661422,0.023202643123875773,500,0.236333096802224,0.002098418745329938,500,0.214607402493634,0.00106059267755073,500,0.419954158532368,0.002241748470462772,500,3.1062322002890594,0.026100955134554592,500,0.0032662799161821397,2.7445799300275058e-05,500,nan,nan,0,36.0776123498336,0.15889118830400847,500,22.996399914507624,0.2600172466309927,500,27.415703291800007,3.180826134296276e-16,500,7.52050473186,0.0,500,0.43664773922187655,0.011744799717762931,500,0.8525509989485299,0.011629457982131431,500,0.05806096196868177,0.0015617036537461503,500,0.1133635346756184,0.001546366686381453,500
6,8,4,1.3333333333333333,7.0,14.0,0.396713354462992,0.0006711937266694253,500,2.0216646133603,0.0007916303604395867,500,1.7527372947318098,0.023237514273482363,500,0.23028707309005,0.0021633352167108985,500,0.2113688737038,0.001092250202576213,500,0.426530060978954,0.0023995438954278834,500,3.048853437203,0.026188767634272053,500,0.00320594472892016,2.7538136313630434e-05,500,nan,nan,0,36.842909316734804,0.16096335628863645,500,24.21108907519242,0.25532814189985,500,27.415703291800007,3.180826134296276e-16,500,7.52050473186,0.0,500,0.42135856992640536,0.011730662092086869,500,0.842750788643548,0.01217137196529687,500,0.05602796420581774,0.0015598237765068834,500,0.1120604026845744,0.0016184248796133403,500
6,8,4,1.3333333333333333,7.0,15.0,0.39717185695090595,0.0006650950353596668,500,2.0178503480425203,0.0009050422852796522,500,1.822396035091324,0.025053486481110842,500,0.2247923382745,0.002123128942812478,500,0.20855709114149198,0.0010990974904813568,500,0.43145478406533205,0.0023547315710640577,500,3.01008619192368,0.025863565383046454,500,0.00316518001253824,2.7196178110458984e-05,500,nan,nan,0,37.7219210324608,0.18651938438188823,500,25.4594457015232,0.2848869088340487,500,27.415703291800007,3.180826134296276e-16,500,7.52050473186,0.0,500,0.4271713985278707,0.01148432055719154,500,0.8410136698212943,0.01198977058370911,500,0.05680089485459288,0.0015270677922108327,500,0.11182941834450778,0.0015942773804670028,500
6,8,4,1.3333333333333333,8.0,1.0,0.433957499673582,0.0006997760275016824,500,2.0261093557383,2.389259851787454e-06,500,0.354150407850662,7.217874285675742e-05,500,0.6999746524500181,0.002555132520418318,500,0.39756759368562805,0.0006361212126863054,500,0.152071636609104,0.0005754120071644324,500,10.329306333598899,0.039290649626279574,500,0.0108615208555187,4.1315088986595965e-05,500,nan,nan,0,31.383168714435,0.0009727549665117649,500,1.74263074243149,0.017805778908368968,500,31.332232333499988,4.771239201444415e-16,500,7.52050473186,0.0,500,1.7046477392227521,0.008748944945858818,500,1.9684542586800002,9.940081669675863e-18,500,0.22666666666659405,0.0011633454479211354,500,0.261744966443,0.0,500
6,8,4,1.3333333333333333,8.0,2.0,0.423045671042702,0.000743871996925072,500,2.0258984036126,1.7766021799884474e-05,500,0.361254068134434,0.00026967027838774624,500,0.516452253423966,0.0045190482390797945,500,0.34250894911986,0.0014010062736239648,500,0.20945726425893402,0.0016493488796368234,500,7.43509031077448,0.06722351675358715,500,0.0078181811890371,7.068718901532196e-05,500,nan,nan,0,31.5328563870326,0.004059675636796338,500,3.44766901996056,0.0383541993083097,500,31.332232333499988,4.771239201444415e-16,500,7.52050473186,0.0,500,1.230839116719384,0.01430770640756286,500,1.719789695058656,0.008405505726249249,500,0.1636644295302026,0.00190249284026404,500,0.22868008948539806,0.0011176784040379144,500
6,8,4,1.3333333333333333,8.0,3.0,0.411240985371772,0.0007885277343328692,500,2.0255957171469,3.98117314010533e-05,500,0.380800756737036,0.0010141864037354715,500,0.382659055564,0.004391181269990695,500,0.29129369308279,0.0016808628401271443,500,0.28026945442313,0.0026010492129276003,500,5.360817369238121,0.06312219081393976,500,0.00563703193400434,6.637454344260481e-05,500,nan,nan,0,31.8005132558178,0.009038329427737366,500,5.298375036080261,0.05540606739766394,500,31.332232333499988,4.771239201444415e-16,500,7.52050473186,0.0,500,0.8677686645636916,0.014752506086853294,500,1.426254468980288,0.012562055508048344,500,0.11538702460851659,0.0019616377640649736,500,0.18964876957488758,0.0016703739916272302,500
6,8,4,1.3333333333333333,8.0,4.0,0.405188067005182,0.0007392896040337757,500,2.02551492385964,6.923615316264546e-05,500,0.412967187107806,0.0020841408363757724,500,0.32247944067399,0.0040408913985734984,500,0.26160746149274,0.0017452974246155606,500,0.329644119571922,0.0030811368811783577,500,4.39561894918272,0.05757271210303228,500,0.00462210194446138,6.053912944586954e-05,500,nan,nan,0,32.1342489120088,0.016255388721862534,500,6.93397693336438,0.07692732199086899,500,31.332232333499988,4.771239201444415e-16,500,7.52050473186,0.0,500,0.7349737118821272,0.015035549593709216,500,1.231545741325176,0.01469904022102421,500,0.09772930648770194,0.0019992740021832385,500,0.16375838926173839,0.0019545284186485924,500
6,8,4,1.3333333333333333,8.0,5.0,0.40249123381126,0.0007062356764446173,500,2.02588296334834,0.00011445615629282087,500,0.462850271411368,0.0034360520574917347,500,0.277479787734894,0.0035068245171552366,500,0.237759067780548,0.001647444163563299,500,0.374568347669176,0.0032067536605893607,500,3.7171814455860392,0.04871776221147573,500,0.0039087081446750795,5.1227930821702264e-05,500,nan,nan,0,32.5623568111368,0.024586156325532346,500,8.6273345127996,0.09463602211044313,500,31.332232333499988,4.771239201444415e-16,500,7.52050473186,0.0,500,0.5880462670871466,0.01419887149750165,500,1.0448538380650603,0.015166547075933318,500,0.07819239373602736,0.0018880210841908524,500,0.1389340044742944,0.0020166927110195046,500
6,8,4,1.3333333333333333,8.0,6.0,0.399224668588408,0.0007012105817853371,500,2.02814126655074,0.00019122294335689835,500,0.518833783106816,0.0046089380141565725,500,0.248832869143538,0.0029767030616723606,500,0.221437004752334,0.0014859200699191913,500,0.407331565822612,0.00310409620872882,500,3.3075205859269796,0.0408226731841173,500,0.0034779396276839796,4.2926049615288605e-05,500,nan,nan,0,33.1266069584358,0.03558780971490788,500,10.4729660886748,0.11511314024596787,500,31.332232333499988,4.771239201444415e-16,500,7.52050473186,0.0,500,0.49356046267087594,0.013826551494846493,500,0.912475289169216,0.014682236187362844,500,0.06562863534675095,0.0018385137683993768,500,0.1213316554809966,0.0019522939896790736,500
6,8,4,1.3333333333333333,8.0,7.0,0.398639901783206,0.0006850875312178834,500,2.0302732827669403,0.00024789600289350206,500,0.59042759639367,0.006096121018348849,500,0.227765024408428,0.002481061784480691,500,0.208911463074674,0.0013149947483912926,500,0.433864923506074,0.0029218444728000225,500,3.0060840956558206,0.03248674493193448,500,0.0031609717094169404,3.4160615070379304e-05,500,nan,nan,0,33.6988359847972,0.04439219857021454,500,12.11428084402004,0.12764497313006046,500,31.332232333499988,4.771239201444415e-16,500,7.52050473186,0.0,500,0.40612828601468526,0.012176868369609574,500,0.8173669821239673,0.013384579182224854,500,0.05400279642058058,0.001619155735388433,500,0.10868512304252535,0.0017797447989801793,500
6,8,4,1.3333333333333333,8.0,8.0,0.397628968588386,0.0006558294666355632,500,2.0328864767058605,0.00028987149574084164,500,0.678249057130986,0.00895332889648947,500,0.22555557005986,0.0025368386648109585,500,0.20622247541856803,0.0012901534165553226,500,0.437800818992242,0.0028610191780493372,500,2.96968141955286,0.033590783191490156,500,0.0031226933959543402,3.5321538582008476e-05,500,nan,nan,0,34.362153291001796,0.05605917841778926,500,13.7819326376525,0.14626479458968766,500,31.332232333499988,4.771239201444415e-16,500,7.52050473186,0.0,500,0.4230830704520923,0.012500042245115348,500,0.823983175604706,0.013616438756529525,500,0.0562572706935185,0.001662128100547124,500,0.10956487695749,0.0018105751198893353,500
6,8,4,1.3333333333333333,8.0,9.0,0.397220545820678,0.0006387010602262877,500,2.03453392739834,0.00031419828287046573,500,0.846234666310356,0.016271770279524138,500,0.223843606610026,0.002447745258642065,500,0.204329209484964,0.0012386504239646123,500,0.43990776059061,0.0027800024786477887,500,2.94882919973158,0.03223111074074809,500,0.00310076677153678,3.389180940140833e-05,500,nan,nan,0,35.181696478053794,0.07462317952131249,500,15.62164193718346,0.17213749982287108,500,31.332232333499988,4.771239201444415e-16,500,7.52050473186,0.0,500,0.4343259726603053,0.012419099938284816,500,0.8270578338592084,0.01343501788348224,500,0.05775223713646622,0.0016513652183041971,500,0.1099737136465356,0.0017864516229281655,500
6,8,4,1.3333333333333333,8.0,10.0,0.397630051955976,0.0006768987183317395,500,2.03506188957216,0.00032867700901961365,500,0.9365088420483901,0.016727451733976672,500,0.21300462388005,0.0020182735179629587,500,0.199278626310368,0.0010651549572646675,500,0.44981356850718,0.0025426268338914946,500,2.8394533512893005,0.026257458961179144,500,0.0029857553641317396,2.761036694129227e-05,500,nan,nan,0,35.91973535000739,0.08374649343747086,500,17.20393230259434,0.17930528399943782,500,31.332232333499988,4.771239201444415e-16,500,7.52050473186,0.0,500,0.4047528916929493,0.01191256825755177,500,0.7971735015774052,0.013236176990979183,500,0.05381991051454356,0.0015840118027031225,500,0.10600000000000027,0.0017600117894873261,500
6,8,4,1.3333333333333333,8.0,11.0,0.397059537137472,0.0006549405603517456,500,2.03395600945928,0.0003943300608297423,500,1.032445542290672,0.019360058171904268,500,0.212636695332822,0.0019330763887866432,500,0.198920470924476,0.0010357443161197477,500,0.44936762247427803,0.0025256123845506756,500,2.84909341362986,0.025303878867398773,500,0.00299589212789712,2.660765390894435e-05,500,nan,nan,0,36.7622698637038,0.10193532147307324,500,18.8308261102008,0.20189832861054177,500,31.332232333499988,4.771239201444415e-16,500,7.52050473186,0.0,500,0.4166140904311489,0.011833579208258555,500,0.8113438485804859,0.013171934243494296,500,0.05539709172259682,0.0015735086447220296,500,0.10788422818790994,0.00175146944428939,500
6,8,4,1.3333333333333333,8.0,12.0,0.39540193866489,0.0006626716939262905,500,2.03257923462208,0.0004688315599093631,500,1.150373654584424,0.018501249029970763,500,0.207300715412074,0.00201866936033165,500,0.195022053373768,0.001081873151058509,500,0.45707965739883605,0.002595273529498853,500,2.7956138351777597,0.02736633568478017,500,0.00293965702962948,2.8776378217428178e-05,500,nan,nan,0,37.99629513129,0.1179688576217819,500,21.10407485090704,0.21734457937617377,500,31.332232333499988,4.771239201444415e-16,500,7.52050473186,0.0,500,0.4061703470031612,0.012131035645218577,500,0.795411146161968,0.013407096942110492,500,0.05400838926174584,0.0016130613672541783,500,0.105765659955259,0.0017827389809759676,500
6,8,4,1.3333333333333333,8.0,13.0,0.394669849304298,0.0006976852158968777,500,2.02986745158002,0.000546306563817617,500,1.235514884286792,0.020023990494421075,500,0.202158678832396,0.002074392379845263,500,0.192432998142594,0.001097552295409806,500,0.46164628758319404,0.002571189125502953,500,2.75760874459296,0.02653763191187462,500,0.0028996937377423404,2.7904975722271682e-05,500,nan,nan,0,39.006132158989,0.14235247389360495,500,22.761699696536102,0.2523891415826782,500,31.332232333499988,4.771239201444415e-16,500,7.52050473186,0.0,500,0.40741535226076553,0.011465839062939005,500,0.79005678233442,0.01252786602920234,500,0.05417393736018302,0.0015246103116406348,500,0.10505369127515596,0.0016658278235129652,500
6,8,4,1.3333333333333333,8.0,14.0,0.395163271146176,0.0006783936618070191,500,2.0284449001696596,0.0006557542682818175,500,1.2521756007196319,0.01901435318655551,500,0.19738380294256802,0.0019784650280014393,500,0.189475488819048,0.0010510694996736202,500,0.46859319604439,0.002509660476395627,500,2.7030286733835203,0.024439703991609833,500,0.0028423014441467,2.569895267257491e-05,500,nan,nan,0,39.750685963656,0.15458223171649063,500,24.00222585621918,0.26189284414233593,500,31.332232333499988,4.771239201444415e-16,500,7.52050473186,0.0,500,0.38671293375391674,0.011203528332385282,500,0.7672218717140841,0.012769190159674168,500,0.051421140939605,0.0014897309066142026,500,0.10201733780759877,0.0016979166445520964,500
6,8,4,1.3333333333333333,8.0,15.0,0.39547950701682394,0.0006345957109369887,500,2.0247260229386,0.0007475710710281542,500,1.3203767811581844,0.018158375148401972,500,0.19058154165134603,0.0019286811854470434,500,0.18536576592178802,0.001032247536850079,500,0.477052401070448,0.0025480398147965985,500,2.63438847444538,0.022362573319733788,500,0.00277012457880674,2.3514798443464013e-05,500,nan,nan,0,40.8523305112042,0.15783990229778463,500,25.81737349718868,0.25754799871232686,500,31.332232333499988,4.771239201444415e-16,500,7.52050473186,0.0,500,0.3810977917981041,0.011235773553637666,500,0.7470325972659501,0.012070960259795234,500,0.05067449664429555,0.001494018547190613,500,0.0993327740492094,0.0016050731553513438,500
6,8,4,1.3333333333333333,9.0,1.0,0.43031341604005796,0.0006475168064444907,500,2.02622809380796,2.081819989037826e-06,500,0.28264004579745605,4.989266423749133e-05,500,0.6616326438589619,0.002544385564326966,500,0.38104037229202403,0.0006312165490838587,500,0.16264515807559202,0.0006066942775713848,500,9.50992521324132,0.0361844550861661,500,0.009999921359874901,3.8048848671025964e-05,500,nan,nan,0,35.294258768621006,0.0009171372806656947,500,1.739813999657164,0.01914979029706708,500,35.2487613752,0.0,500,7.52050473186,0.0,500,1.7164248159838957,0.008892419793622585,500,1.9684542586800002,9.940081669675863e-18,500,0.22823266219235405,0.0011824232695382846,500,0.261744966443,0.0,500
6,8,4,1.3333333333333333,9.0,2.0,0.41972745685234997,0.0007247976217241061,500,2.0261841635147997,7.212709094651461e-06,500,0.28705475899393795,0.00014137171139907924,500,0.48004616778181597,0.004174945539754382,500,0.326083556850246,0.0013242704632304724,500,0.223588023959908,0.0016631112036509168,500,6.84830413651098,0.05826938852557017,500,0.0072011610268256,6.127170191964494e-05,500,nan,nan,0,35.42687364102001,0.003560894117581868,500,3.4509912596504684,0.03705555931251097,500,35.2487613752,0.0,500,7.52050473186,0.0,500,1.21308937960049,0.013323051180178212,500,1.71474237644652,0.008866674810773915,500,0.16130425055928158,0.0017715634329325894,500,0.22800894854582604,0.0011789999643521437,500
6,8,4,1.3333333333333333,9.0,3.0,0.409777053095974,0.0007204820743432794,500,2.02627522530744,3.347378073452231e-05,500,0.296331356699114,0.0004994393413932534,500,0.361323474160414,0.0040844329805347765,500,0.27926089625351197,0.00158617522692373,500,0.290452929907124,0.0025403247706146186,500,5.07620413824154,0.05576468061430741,500,0.00533775408858192,5.8637939657521275e-05,500,nan,nan,0,35.6616817985446,0.007909124593382813,500,5.2768645251146395,0.05420745375713327,500,35.2487613752,0.0,500,7.52050473186,0.0,500,0.8985404837012276,0.013912659480542378,500,1.4435331230285902,0.012019576650771715,500,0.1194787472035877,0.00184996352992181,500,0.19194630872478222,0.001598240687202265,500
6,8,4,1.3333333333333333,9.0,4.0,0.405302154104702,0.0007179771586761061,500,2.02615244204336,5.029678631996333e-05,500,0.31524105927623197,0.0011655830839279197,500,0.29541172545700395,0.004339789777565759,500,0.246502949711694,0.0018618552941723123,500,0.34967394240636,0.003328627553610454,500,4.124608621027081,0.05942655659555524,500,0.0043371278875158,6.248849273981583e-05,500,nan,nan,0,35.975111337276395,0.014668823148294393,500,6.9727822399647,0.08034416316651699,500,35.2487613752,0.0,500,7.52050473186,0.0,500,0.7346203995792852,0.015057167600479666,500,1.224799158780296,0.014477361543988987,500,0.09768232662192255,0.002002148544190996,500,0.16286129753915318,0.0019250518495963131,500
6,8,4,1.3333333333333333,9.0,5.0,0.40073811398900605,0.0006784975401079601,500,2.0262749051866,9.126109214577276e-05,500,0.340838530404556,0.001980941908029852,500,0.25320463206092003,0.0035398993263853398,500,0.223308737194204,0.0017025975554878124,500,0.39486019403405404,0.0034628811086897192,500,3.50077995525628,0.04699725243832194,500,0.0036811566301326597,4.941877228004167e-05,500,nan,nan,0,36.359291379600805,0.022013657023695413,500,8.67172567242166,0.0956559565858951,500,35.2487613752,0.0,500,7.52050473186,0.0,500,0.6022292323869073,0.013952450114390473,500,1.061097791798153,0.014651026372674222,500,0.08007829977628182,0.001855254482492424,500,0.1410939597315516,0.0019481440269035527,500
6,8,4,1.3333333333333333,9.0,6.0,0.39855869315406595,0.0006647886780525075,500,2.02706735246162,0.0001541526091713461,500,0.379094942931078,0.0030912664887847397,500,0.218544627664298,0.0028203046657957168,500,0.20330626251050002,0.001486974406630672,500,0.437702792284122,0.003395593869742549,500,3.02167675261758,0.036224133619026155,500,0.0031773677735204794,3.809057162882825e-05,500,nan,nan,0,36.824944441138,0.030352335114766007,500,10.398603398067321,0.10901373154751147,500,35.2487613752,0.0,500,7.52050473186,0.0,500,0.492651945320641,0.012901899129028897,500,0.8937118822291304,0.014363421919043226,500,0.0655078299776293,0.0017155629294893014,500,0.1188366890380364,0.001909901320611385,500
6,8,4,1.3333333333333333,9.0,7.0,0.396384647912356,0.0006999566469899564,500,2.02917067900182,0.00021196025653362358,500,0.422437823032032,0.0038508851139736604,500,0.19829018330033799,0.0024881317587681687,500,0.18996680188578,0.0013858066616231118,500,0.468899217514072,0.003339831781369301,500,2.7458869413609,0.03124476268948047,500,0.0028873679719879997,3.285464005202799e-05,500,nan,nan,0,37.417714718723204,0.04086081754655719,500,12.255440376994738,0.12856157382661415,500,35.2487613752,0.0,500,7.52050473186,0.0,500,0.4096908517349831,0.012440387281299805,500,0.7826119873815534,0.01392311884882719,500,0.054476510067109615,0.0016541957920183422,500,0.10406375838929154,0.0018513543100178627,500
6,8,4,1.3333333333333333,9.0,8.0,0.39565349803379796,0.0006618765916752766,500,2.03035755695576,0.0002375678510463159,500,0.464239213454214,0.005140833566919704,500,0.19163600015016,0.002193881555074157,500,0.18510191601728399,0.0012773002610314609,500,0.479796578629472,0.0032535901892475866,500,2.6486129164327403,0.02691791949329215,500,0.00278508193105422,2.830485751134987e-05,500,nan,nan,0,37.89831801403301,0.05209821068631662,500,13.579509108785759,0.1468347381893239,500,35.2487613752,0.0,500,7.52050473186,0.0,500,0.3858759200840736,0.011889693034023565,500,0.747894847528912,0.013932056308128436,500,0.051309843400446455,0.001580970088836216,500,0.09944742729307882,0.0018525427221801644,500
6,8,4,1.3333333333333333,9.0,9.0,0.39558916231865,0.0006908818795289639,500,2.0323613322337,0.0002773204587959703,500,0.535979110943836,0.008185376847361583,500,0.18525893275569,0.0023523777444852292,500,0.180388547440354,0.0013309094108500438,500,0.490689264610318,0.0033161469469973337,500,2.57424347631218,0.029426453493518967,500,0.0027068806270367,3.0942643000548215e-05,500,nan,nan,0,38.5512943461042,0.06836815533583847,500,15.1824898455236,0.17653732138703937,500,35.2487613752,0.0,500,7.52050473186,0.0,500,0.366254468979971,0.01225329566676154,500,0.7236929547843531,0.014100721051592057,500,0.04870078299775588,0.0016293182577028387,500,0.0962293064876805,0.001874970039158564,500
6,8,4,1.3333333333333333,9.0,10.0,0.39611120192446,0.0007143029431113891,500,2.03443839269914,0.0002943028168612119,500,0.6463209192907919,0.012913500433214658,500,0.18127266278420598,0.0020391918107896373,500,0.178428510368704,0.0011633282887830948,500,0.493074754654272,0.002988607557630032,500,2.5405229020443003,0.025024303176551608,500,0.00267142260993092,2.631367316144794e-05,500,nan,nan,0,39.3835083670804,0.08136831313146263,500,17.1465515468203,0.18931954546981147,500,35.2487613752,0.0,500,7.52050473186,0.0,500,0.3634321766561434,0.011329052099153343,500,0.7162355415351545,0.01292191138600649,500,0.04832550335570252,0.0015064217766066039,500,0.09523769574943529,0.0017182239552700318,500
6,8,4,1.3333333333333333,9.0,11.0,0.394471557589074,0.0006558221061110314,500,2.0347199588248803,0.0003350001619484354,500,0.74398364411311,0.015045223635864326,500,0.1801237384991594,0.002026239378818242,500,0.17714063808210198,0.0011621412175293634,500,0.494591038887968,0.0030278447926519966,500,2.53270056319166,0.025055693741789183,500,0.0026631972273309,2.6346681116495952e-05,500,nan,nan,0,40.187050216191594,0.09496859277434722,500,18.85587813049108,0.20747641195688812,500,35.2487613752,0.0,500,7.52050473186,0.0,500,0.37735856992637584,0.011618921929106976,500,0.7349316508938095,0.013399536489789232,500,0.050177293064874846,0.0015449657095329972,500,0.09772371364652209,0.001781733669153518,500
6,8,4,1.3333333333333333,9.0,12.0,0.394766912505016,0.0006703789706401174,500,2.0349488902994604,0.0003828349594153957,500,0.855611289128022,0.015852120492073997,500,0.17643434387057397,0.0019096989817759622,500,0.174575594684,0.00110574614725427,500,0.499744197296106,0.0028945691734881904,500,2.4969332230519803,0.02488429764516744,500,0.0026255869853332994,2.616645388556991e-05,500,nan,nan,0,41.209513737609,0.10699678662350448,500,20.928331085166022,0.21685726611202158,500,35.2487613752,0.0,500,7.52050473186,0.0,500,0.3597097791798304,0.011016723423742674,500,0.7173753943217925,0.0132115446433371,500,0.04783053691274761,0.0014648914955222954,500,0.09538926174495778,0.001756736431181698,500
6,8,4,1.3333333333333333,9.0,13.0,0.39470514517311406,0.0006515900815140083,500,2.0343994452429803,0.00042505785818602637,500,0.8941406631185079,0.01614729317354609,500,0.176649257539386,0.0019099559141261449,500,0.174653703893726,0.0011100186707739817,500,0.498666357625876,0.0028773543841718015,500,2.5064329692585,0.023444017681466613,500,0.00263557620321642,2.4651963913219342e-05,500,nan,nan,0,42.0334871790734,0.1269291031986757,500,22.39373396679332,0.2488407294082582,500,35.2487613752,0.0,500,7.52050473186,0.0,500,0.3738212407991262,0.011092240013162454,500,0.7277854889590476,0.013089624835710746,500,0.04970693512303782,0.0014749329212133027,500,0.09677348993287399,0.0017405247789081227,500
6,8,4,1.3333333333333333,9.0,14.0,0.39400307358305797,0.0006740424084439075,500,2.03206517423392,0.0005256082511715898,500,0.972718193665864,0.01663915292174922,500,0.16943861825369202,0.0016989963129560924,500,0.17016124469327,0.0009949943888963677,500,0.507987588769846,0.002739516168057312,500,2.43266563448528,0.02047457860032805,500,0.00255800802784998,2.1529525342091782e-05,500,nan,nan,0,43.258733898659194,0.14436557677056747,500,24.6008769095592,0.2611812374974043,500,35.2487613752,0.0,500,7.52050473186,0.0,500,0.3622965299684682,0.010869266528513138,500,0.713043112513138,0.012681263671555571,500,0.04817449664429582,0.0014452841818535231,500,0.09481319910514484,0.001686225077131615,500
6,8,4,1.3333333333333333,9.0,15.0,0.39426277222108597,0.0006542931225344862,500,2.0285158316121197,0.0006268565831872762,500,1.0545194683391719,0.017305340321278805,500,0.1648521327035198,0.0017144803797639648,500,0.167565182741748,0.0010068603544274432,500,0.5139828979416861,0.0027556117996437473,500,2.39967595676348,0.020465337892246,500,0.00252331856652326,2.151980850919145e-05,500,nan,nan,0,44.3802225916882,0.15695870148907318,500,26.4928804414177,0.2743169534162252,500,35.2487613752,0.0,500,7.52050473186,0.0,500,0.3534048370136708,0.011261139247694002,500,0.6922818086225879,0.012812459208867826,500,0.04699217002237336,0.0014973914184229847,500,0.09205257270693802,0.001703670121311841,500
6,8,4,1.3333333333333333,10.0,1.0,0.42520768128187003,0.0006677497803234553,500,2.02630727781052,1.6770179884683216e-06,500,0.23068253972764,3.672642318243318e-05,500,0.6297167228150761,0.002428093595279796,500,0.367356760956952,0.0006065157819122189,500,0.17166893780507797,0.0006175938337793024,500,8.86312899564512,0.03149483944862263,500,0.00931979915419954,3.311760194375762e-05,500,nan,nan,0,39.2045374229856,0.0007914941055716287,500,1.704323472369604,0.01853206188300629,500,39.1652904168,0.0,500,7.52050473186,0.0,500,1.73223974763496,0.008642640796858989,500,1.9684542586800002,9.940081669675863e-18,500,0.23033557046975403,0.0011492102066288318,500,0.261744966443,0.0,500
6,8,4,1.3333333333333333,10.0,2.0,0.416831503842362,0.0007144699281515362,500,2.02628202670308,2.3886619885393045e-06,500,0.233774859401926,9.457842444839417e-05,500,0.45506526460285396,0.0039631699983370535,500,0.313968195215092,0.001271300908919822,500,0.23450594587119197,0.001678942963873337,500,6.46702722866886,0.05267939594116363,500,0.00680023893656014,5.53936865837914e-05,500,nan,nan,0,39.3267120782252,0.003123803360387121,500,3.46566109798958,0.036488445415991555,500,39.1652904168,0.0,500,7.52050473186,0.0,500,1.200807570977994,0.01388585667624111,500,1.709695057834776,0.00895142196496579,500,0.15967114093959703,0.0018463995664270995,500,0.22733780760620803,0.001190268776383154,500
6,8,4,1.3333333333333333,10.0,3.0,0.40873652758465195,0.0007762718667513857,500,2.0264684102609603,2.6332465480296602e-05,500,0.238500642685402,0.0002667873186517415,500,0.34928132676544,0.0042142800978168735,500,0.27165564669234604,0.0016367611246296237,500,0.29768884985081795,0.0026439013145597404,500,4.94844225722794,0.05611618454504095,500,0.0052034093135939,5.9007554726634764e-05,500,nan,nan,0,39.518676206891,0.0071694200888810225,500,5.121372558118501,0.05667804023772458,500,39.1652904168,0.0,500,7.52050473186,0.0,500,0.9206140904310159,0.014519332250176323,500,1.4640420609885922,0.01216010524537976,500,0.12241387024610481,0.001930632685951432,500,0.1946733780760148,0.0016169267461321993,500
6,8,4,1.3333333333333333,10.0,4.0,0.403161832454722,0.0007333092246038794,500,2.02680095948022,4.424916972605833e-05,500,0.24872644026730797,0.0006333947136688363,500,0.27462639272758804,0.0037223021067576178,500,0.235614316721264,0.0016764749555806561,500,0.362086675962478,0.00322169427534814,500,3.89383933444696,0.048559929326398375,500,0.0040944682801757806,5.106196564291008e-05,500,nan,nan,0,39.8083789901298,0.012075627267922369,500,6.94838176686576,0.07190256955227457,500,39.1652904168,0.0,500,7.52050473186,0.0,500,0.7214300736066375,0.014564115532130197,500,1.225219768664716,0.01351495012830728,500,0.09592841163311276,0.001936587509934596,500,0.1629172259507882,0.001797080197427635,500
6,8,4,1.3333333333333333,10.0,5.0,0.400250959670782,0.0006982303074442556,500,2.02664366540038,6.979697701686012e-05,500,0.265382193217908,0.001197331034101219,500,0.227945763290818,0.003302261302596088,500,0.209665825765102,0.0016430288848340354,500,0.41635645078031597,0.0035353758051686604,500,3.2664929817761603,0.04202493851776618,500,0.00343479808809282,4.41902613225842e-05,500,nan,nan,0,40.1696807035682,0.019393738064329653,500,8.6946370356126,0.09255062668486175,500,39.1652904168,0.0,500,7.52050473186,0.0,500,0.5873564668768819,0.013490028170072743,500,1.043364879074726,0.014358902711680261,500,0.07810067114094056,0.0017937663296618248,500,0.13873601789710038,0.0019093004025159614,500
6,8,4,1.3333333333333333,10.0,6.0,0.397472007532912,0.0006888745276133613,500,2.0268306717867,0.00011279325998173337,500,0.291127302461878,0.0022564018085314535,500,0.198944037694384,0.0028950544697207503,500,0.19079762881823,0.0015747018327803553,500,0.45951341276970603,0.0037814974407740882,500,2.8624768268519603,0.03554618532394987,500,0.00300996511761548,3.7377692243890036e-05,500,nan,nan,0,40.6223777108806,0.02925136130186358,500,10.500026017631019,0.11355096060078683,500,39.1652904168,0.0,500,7.52050473186,0.0,500,0.48523238696098087,0.013997804615632676,500,0.885535226077774,0.015137947645323627,500,0.0645212527964181,0.0018612852613916003,500,0.11774944071588413,0.0020128898504892497,500
6,8,4,1.3333333333333333,10.0,7.0,0.39733150834529796,0.0006732347593915118,500,2.0281664735095997,0.00016829059637914773,500,0.31709023907493,0.0027716697345683697,500,0.1851501125081554,0.002608457077165043,500,0.18067000726149998,0.0015278270768844453,500,0.48382037838665404,0.0038065267292063526,500,2.67008102965106,0.03261881233735562,500,0.00280765618259832,3.4299487210691806e-05,500,nan,nan,0,41.100794486956005,0.03821243602740497,500,12.12506057830532,0.1347964764351854,500,39.1652904168,0.0,500,7.52050473186,0.0,500,0.4415226077812868,0.012895851728764823,500,0.8118948475288376,0.014863101509028904,500,0.05870917225950961,0.0017147588078934499,500,0.10795749440716597,0.0019763436150839774,500
6,8,4,1.3333333333333333,10.0,8.0,0.39562542845259796,0.0006796670564576179,500,2.02960506258724,0.00022046335164482093,500,0.35402913236674,0.0036804478964947173,500,0.17140011344565262,0.0022716097769674795,500,0.17106903318456398,0.001368307661808806,500,0.506963335202578,0.0036205072560048014,500,2.4883798682414797,0.027523509294118093,500,0.00261659292138948,2.894165015154426e-05,500,nan,nan,0,41.6678047621544,0.048284789213278966,500,13.877300809255699,0.14759176707964164,500,39.1652904168,0.0,500,7.52050473186,0.0,500,0.3928159831755868,0.012466273545812642,500,0.731087276551024,0.014480158589949577,500,0.05223266219238932,0.0016576378833981808,500,0.09721252796420733,0.0019254237722367118,500
6,8,4,1.3333333333333333,10.0,9.0,0.39383642708045197,0.0006813000256246887,500,2.03135689875122,0.0002624991796009691,500,0.389669307007554,0.0047256584579982355,500,0.16154816233155,0.0020964445899502525,500,0.164460336507142,0.00130191208514326,500,0.5241651261106279,0.00354080706190398,500,2.36989426174828,0.025007379604482724,500,0.00249200237828422,2.629587760723463e-05,500,nan,nan,0,42.274746742062405,0.061368362767770114,500,15.51450177832754,0.16995664388233908,500,39.1652904168,0.0,500,7.52050473186,0.0,500,0.34596004206094794,0.011602941809404056,500,0.6739558359620348,0.014026548446490442,500,0.04600223713645888,0.001542840836233458,500,0.0896157718120944,0.0018651073227939833,500
6,8,4,1.3333333333333333,10.0,10.0,0.39408611605589,0.0007147692385641496,500,2.03350138784362,0.00029374000417368594,500,0.44640004893943397,0.006931296467568436,500,0.15343442470332058,0.002037366160718705,500,0.158222282667632,0.0012390275357131392,500,0.54033474002406,0.0034170044678835036,500,2.2635244162539796,0.02409575217968571,500,0.00238015185725928,2.5337278843004e-05,500,nan,nan,0,42.9188034805382,0.07284178502536771,500,17.13026546407594,0.1862259966562126,500,39.1652904168,0.0,500,7.52050473186,0.0,500,0.30387802313350526,0.011568031497451064,500,0.6182418506834242,0.014221445925074874,500,0.04040659955257141,0.0015381988190825097,500,0.08220749440717585,0.0018910228012792888,500
6,8,4,1.3333333333333333,10.0,11.0,0.392630563023234,0.0006633993946078302,500,2.03550917706328,0.00030561201198277813,500,0.557728631240554,0.011306878741434132,500,0.155903474954124,0.00203633761404135,500,0.15951648541330202,0.0011726007790649735,500,0.533573051729968,0.0032358646798492366,500,2.29932364739334,0.023691533558352587,500,0.0024177956334316803,2.4912232974085205e-05,500,nan,nan,0,43.946113239771805,0.08628344278522576,500,19.51307077344048,0.20167602273636856,500,39.1652904168,0.0,500,7.52050473186,0.0,500,0.3369337539431849,0.011734409807810856,500,0.6611987381702834,0.013730503486673555,500,0.0448020134228153,0.0015603221095114178,500,0.08791946308725739,0.0018257422840929132,500
6,8,4,1.3333333333333333,10.0,12.0,0.392743334065914,0.0006364805009234677,500,2.03563858866256,0.0003376837573442591,500,0.623382732890978,0.01340168910583007,500,0.15298692734585778,0.001969273837343631,500,0.15742554659403601,0.0011742696774787557,500,0.5390134123775001,0.0033026830729016004,500,2.27128166071994,0.022483412398652286,500,0.0023883087915035598,2.3641863720980808e-05,500,nan,nan,0,44.464588042831,0.10035038548480016,500,20.56705574315306,0.22472813312486267,500,39.1652904168,0.0,500,7.52050473186,0.0,500,0.3331146161934762,0.011668719170225697,500,0.6499432176656378,0.013211279723604866,500,0.04429418344519244,0.0015515872386580648,500,0.0864228187919482,0.001756701204857948,500
6,8,4,1.3333333333333333,10.0,13.0,0.392723576514048,0.0006641703361721093,500,2.03542035079776,0.0003486980141697945,500,0.699557281590998,0.015558339215593487,500,0.15159931346192798,0.0018086045729119565,500,0.15699649845695401,0.0010924454840596611,500,0.537860503833552,0.0031031703189176255,500,2.2716567968873798,0.02124744773923804,500,0.0023887032564533805,2.2342216339888733e-05,500,nan,nan,0,45.482724466684,0.11993533075347358,500,22.616907537689634,0.24687060295308508,500,39.1652904168,0.0,500,7.52050473186,0.0,500,0.34226708727652694,0.01129833418340045,500,0.6575268138801348,0.0129459596188456,500,0.04551118568232538,0.0015023372215345224,500,0.08743120805370794,0.0017214216439483045,500
6,8,4,1.3333333333333333,10.0,14.0,0.39301270498707,0.000631738507348777,500,2.0340739956989,0.00042109436980091786,500,0.7697959127348961,0.01618366453051464,500,0.15012758126046521,0.0017662724834547525,500,0.155774891502588,0.0011022121813437182,500,0.540369537188076,0.0031825710597059307,500,2.25961423616376,0.020791788824392043,500,0.0023760402062712603,2.186307973123249e-05,500,nan,nan,0,46.3339674701756,0.13689443694836187,500,24.204313688870158,0.2701557121315364,500,39.1652904168,0.0,500,7.52050473186,0.0,500,0.3333711882229194,0.010714978983110688,500,0.6599873817034527,0.013305693752238397,500,0.044328299776293,0.001424768598006655,500,0.08775838926174262,0.0017692554192360224,500
6,8,4,1.3333333333333333,10.0,15.0,0.39236526320664605,0.000660255131805726,500,2.03402427869334,0.0004777229869702723,500,0.821558277380486,0.015905017206845357,500,0.1473380083997094,0.0015933220894154621,500,0.154215870076652,0.0009974939171185893,500,0.542337179248,0.0028312937306630057,500,2.24044621780032,0.019204558471235103,500,0.0023558845613041203,2.01940677931001e-05,500,nan,nan,0,47.504863688487994,0.15190442447441277,500,26.344830058787423,0.28403206208436094,500,39.1652904168,0.0,500,7.52050473186,0.0,500,0.33721556256573504,0.010371777826116483,500,0.6636214511041362,0.012522783397031702,500,0.04483948545861064,0.0013791332092610627,500,0.08824161073826707,0.0016651519869374778,500
6,9,4,1.5,1.0,1.0,0.529919596835722,0.0005816413757742281,500,2.46239070110914,4.9719849520488524e-05,500,11.316664350244,0.008105455232192698,500,1.69267457848432,0.00016498321404975657,500,0.883038230283014,5.195379733047918e-05,500,0.0028722697504319,1.8232122039479443e-06,500,351.331998038072,0.2048458821108081,500,0.28196789569666797,0.00016440279463118539,500,nan,nan,0,4.430213930206401,0.007680912385613996,500,1.7837276644520739,0.019250981040512496,500,4.036040232989999,3.976032667870345e-17,500,7.820224719099999,3.976032667870345e-17,500,3.21660353130052,0.005017995416603656,500,5.58424719101012,0.005278410918007619,500,0.41131855500809805,0.0006416689541323382,500,0.71407758620693,0.0006749692122048646,500
6,9,4,1.5,1.0,2.0,0.5305657158589161,0.0005821799929269009,500,2.45629001607586,0.0002316029496200053,500,12.3543528279638,0.022724243701190534,500,1.6665838029149203,0.0009406862685610314,500,0.873543634723304,0.00031404509145065303,500,0.0032379352412721597,1.3940477086512296e-05,500,318.16388845487194,1.0150800557072657,500,0.255348225084156,0.0008146709917399536,500,nan,nan,0,5.48548436079522,0.025007783269328565,500,3.65518812024208,0.038835425293991116,500,4.036040232989999,3.976032667870345e-17,500,7.820224719099999,3.976032667870345e-17,500,3.0027383627610797,0.008145482584532772,500,5.267916532904561,0.010608308413834224,500,0.38397085385873,0.0010415918822201324,500,0.673627257799634,0.0013565221965993368,500
6,9,4,1.5,1.0,3.0,0.5297721432141461,0.0005579196447255824,500,2.44312377001472,0.0005300035471992091,500,13.2488224495818,0.026938959628572765,500,1.6160921620272402,0.0024137653445199113,500,0.855473504979402,0.0008244560803331034,500,0.004122762335196301,4.939222251124769e-05,500,270.263692924264,1.9295540155879767,500,0.21690505050099,0.0015485987284010946,500,nan,nan,0,6.805938645911939,0.04365069966867444,500,5.42104773967904,0.05652260974703005,500,4.036040232989999,3.976032667870345e-17,500,7.820224719099999,3.976032667870345e-17,500,2.78809630818648,0.010793145000572128,500,4.92962118780032,0.01570404549488452,500,0.356523809523746,0.001380157909558445,500,0.6303682266009559,0.002008132254373557,500
6,9,4,1.5,1.0,4.0,0.523582745463632,0.0008110137757805333,500,2.4278647268294997,0.0008517250382686281,500,13.736168114513799,0.027531265101206123,500,1.537478701598292,0.005306620766286566,500,0.8264212608376561,0.0018671114738860717,500,0.006323760234038881,0.00018681271269659037,500,218.73532045354537,2.886572283116189,500,0.1755500164153442,0.0023166711742507295,500,nan,nan,0,8.21395745143812,0.06834400645118269,500,7.093095624913319,0.0800582379857832,500,4.036040232989999,3.976032667870345e-17,500,7.820224719099999,3.976032667870345e-17,500,2.531906902086842,0.016085041906094596,500,4.559990369180859,0.02256857448120739,500,0.32376395730701396,0.002056851623046736,500,0.583102216748784,0.0028859240356730593,500
6,9,4,1.5,1.0,5.0,0.51021830167242,0.0012347864862079152,500,2.4093388003754597,0.0009969747562586246,500,13.850669736547202,0.032978655150990424,500,1.417118246626482,0.008021691111840399,500,0.780525579886456,0.0029139882621910945,500,0.01126936160085064,0.00041215940027732365,500,160.10654160416442,3.167208025517998,500,0.1284964218331782,0.0025419005020206093,500,nan,nan,0,9.9800225309602,0.08912991206362621,500,9.07312025423898,0.09963705960074935,500,4.036040232989999,3.976032667870345e-17,500,7.820224719099999,3.976032667870345e-17,500,2.22897592295358,0.018906328488511686,500,4.11637881219836,0.027427801287668405,500,0.28502709359602796,0.002417619591200486,500,0.5263760262726079,0.003507290681902528,500
6,9,4,1.5,1.0,6.0,0.496917523040788,0.0015043643909130855,500,2.39739680999872,0.0010603348560044472,500,13.68120749909036,0.044863539091659146,500,1.308079735183768,0.010156599140718939,500,0.73838296746187,0.003748543325617262,500,0.018089346406737462,0.0007247657346064255,500,123.85573737278945,3.1602466457618283,500,0.09940267846934034,0.0025363135198729876,500,nan,nan,0,11.437443192212438,0.10531649724357875,500,10.655032840936979,0.11439876730547321,500,4.036040232989999,3.976032667870345e-17,500,7.820224719099999,3.976032667870345e-17,500,2.012372391653414,0.02073694122869291,500,3.78502407704614,0.031204504489632384,500,0.2573292282430326,0.002651706565161073,500,0.48400451559933194,0.003990231177552974,500
6,9,4,1.5,1.0,7.0,0.48077744973957404,0.0017605569950855879,500,2.38608517366864,0.0010896226089212083,500,13.121122039641659,0.0720141375723841,500,1.178143164911946,0.012952255270897611,500,0.6861502962067181,0.004952682294189586,500,0.031240841637232983,0.0014634442183033424,500,93.349735520366,2.9757465888742476,500,0.07491953091523797,0.0023882396379413242,500,nan,nan,0,13.06526243934244,0.1311394355934653,500,12.38090093544462,0.13946887590346224,500,4.036040232989999,3.976032667870345e-17,500,7.820224719099999,3.976032667870345e-17,500,1.8004943820224921,0.023998545321406224,500,3.42172070625993,0.03817263851690457,500,0.2302356321839174,0.0030687795023018145,500,0.43754761904763323,0.004881271304605851,500
6,9,4,1.5,1.0,8.0,0.46368052150078803,0.001769374361448161,500,2.37608917942344,0.0011207472803913701,500,12.63372314250092,0.07802061553886123,500,1.064261020657274,0.013165412321415272,500,0.639864652694796,0.005108875363738153,500,0.042810145827301485,0.0017023218078081497,500,69.68769365569422,2.6760087994733035,500,0.055929128134561724,0.0021476796143427373,500,nan,nan,0,14.77201297201208,0.14737353964326752,500,14.16795697482198,0.15526499924874568,500,4.036040232989999,3.976032667870345e-17,500,7.820224719099999,3.976032667870345e-17,500,1.641364365970988,0.023260242281046423,500,3.143717495987246,0.03723795410185679,500,0.20988711001645521,0.0029743700617987814,500,0.4019983579638718,0.0047617498779669795,500
6,9,4,1.5,1.0,9.0,0.450256423486538,0.0018060736393945402,500,2.36970608460362,0.0010890576630528642,500,11.922805827565579,0.09162001023585299,500,0.944207169868078,0.014126168376703534,500,0.589132921549364,0.0056757283403722,500,0.06221361695952644,0.002345830389514343,500,52.54918771443707,2.3282774613748307,500,0.04217430795701086,0.0018686014938798501,500,nan,nan,0,16.50371094278956,0.17080903830337252,500,15.96482289262516,0.17775020291464194,500,4.036040232989999,3.976032667870345e-17,500,7.820224719099999,3.976032667870345e-17,500,1.4761765650080538,0.023773032266635814,500,2.8382921348314603,0.03883284903252659,500,0.188763957307102,0.00303994234443876,500,0.3629425287356442,0.004965694775710673,500
6,9,4,1.5,1.0,10.0,0.43886200071191606,0.0017120906636243416,500,2.3622299263464197,0.00108555792188893,500,11.192571465484102,0.10753032207020279,500,0.851222028175766,0.014368625613431135,500,0.5458698345517361,0.005954899921880173,500,0.08317538945298546,0.0031142827591152116,500,40.26697310955418,1.8706652252544178,500,0.032316992864813904,0.0015013364568658364,500,nan,nan,0,18.595749809761617,0.19064239277894696,500,18.11991176808728,0.19675220767844886,500,4.036040232989999,3.976032667870345e-17,500,7.820224719099999,3.976032667870345e-17,500,1.3552391653291962,0.02370949789064527,500,2.6115345104334082,0.039260214116997205,500,0.17329926108379318,0.00303181797739501,500,0.33394622331691326,0.005020343471855802,500
6,9,4,1.5,1.0,11.0,0.430731986636486,0.0016261870103724998,500,2.35936021921284,0.0010040191279894382,500,10.6145094165591,0.11073829282949556,500,0.762800406944358,0.014365421363177084,500,0.508022760610486,0.006128935347399017,500,0.10458046052139654,0.0036700465815167694,500,32.63711980216432,1.7191220698597767,500,0.02619351509001758,0.0013797127366459378,500,nan,nan,0,19.96555998481988,0.21397516226296495,500,19.520859470776397,0.2198419450914973,500,4.036040232989999,3.976032667870345e-17,500,7.820224719099999,3.976032667870345e-17,500,1.232626003210476,0.024388174586129876,500,2.3919935794546463,0.04113441307993461,500,0.15762027914619642,0.00311860278471893,500,0.3058727422003682,0.0052600039714280795,500
6,9,4,1.5,1.0,12.0,0.42213951651276793,0.0014701412037760623,500,2.35463233978638,0.0010346095661181163,500,10.086522630543001,0.1093016064081799,500,0.696210640943092,0.013470387889249084,500,0.477013736938112,0.0058193937140387265,500,0.1217098925362018,0.003959466989579357,500,25.89721920701966,1.507215836839051,500,0.02078428507786802,0.0012096435287636384,500,nan,nan,0,21.772264744349638,0.21908840234959406,500,21.367427227463857,0.2243976989012147,500,4.036040232989999,3.976032667870345e-17,500,7.820224719099999,3.976032667870345e-17,500,1.1528571428571879,0.02331040307700669,500,2.24705939004827,0.03938774493527245,500,0.147419950738989,0.0029807843015129585,500,0.287339490968821,0.005036651292010133,500
6,9,4,1.5,1.0,13.0,0.416563764679704,0.0013894790516355451,500,2.3508291837043,0.0009150038922788575,500,9.465393412155201,0.11168052240407574,500,0.630059055455458,0.01313635938998302,500,0.44316237061263,0.005796207952935682,500,0.1446933850051473,0.00438076893356862,500,20.398527389861897,1.1078197621262351,500,0.016371209783196145,0.0008891009326858312,500,nan,nan,0,24.17862848413,0.2506963053835383,500,23.81508101227894,0.25528419904539995,500,4.036040232989999,3.976032667870345e-17,500,7.820224719099999,3.976032667870345e-17,500,1.0772873194221702,0.022696001685464914,500,2.1021187800963315,0.03894874840251719,500,0.13775656814456821,0.0029022186063315837,500,0.2688054187192296,0.0049805152411252895,500
6,9,4,1.5,1.0,14.0,0.413975149342294,0.0013956758745426816,500,2.3487008378137197,0.0010033603066171935,500,9.153933226551523,0.12112699692554593,500,0.6026053170400473,0.013728112492939187,500,0.42875425117505,0.006166178936298497,500,0.16133277369889076,0.005153037832716997,500,20.15041230267526,1.2848269610172043,500,0.01617208049973676,0.0010311612849250138,500,nan,nan,0,25.07531894344284,0.27288000592352185,500,24.72109611012354,0.2777907828012216,500,4.036040232989999,3.976032667870345e-17,500,7.820224719099999,3.976032667870345e-17,500,1.03626324237569,0.024246509881467003,500,2.0071075441415718,0.04103580406326299,500,0.1325106732348694,0.0031004876141535894,500,0.256655993431885,0.005247394485099928,500
6,9,4,1.5,1.0,15.0,0.409609018477478,0.0012146143494689934,500,2.3462313781423,0.0009606529147024906,500,8.647727910937519,0.1178327684257456,500,0.5436970634594314,0.012341955208056896,500,0.398218250369474,0.005711253016333135,500,0.1820182116680026,0.005225582818573594,500,15.525385196284878,0.9581630581425719,500,0.01246018073537666,0.0007689912184122723,500,nan,nan,0,27.61602714016998,0.2843521358427322,500,27.297519531197345,0.288552375153843,500,4.036040232989999,3.976032667870345e-17,500,7.820224719099999,3.976032667870345e-17,500,0.961614767255324,0.02177310276252755,500,1.8862696629216897,0.03766820583929005,500,0.12296510673242039,0.002784204232564746,500,0.24120402298854762,0.004816767700712227,500
6,9,4,1.5,2.0,1.0,0.5299872646328541,0.000534132035689375,500,2.4507441144802597,5.46739620814934e-05,500,5.96665347386946,0.006936669598902341,500,1.61107831653702,0.0001961458506401489,500,0.81750409486561,6.410285205825794e-05,500,0.0068253118091209,8.555298093756693e-06,500,175.15088323006398,0.10689156812660681,500,0.14057053228736202,8.57877753824923e-05,500,nan,nan,0,8.28061928632244,0.004018871138378978,500,1.8019334269693699,0.018526271856352413,500,8.07208046599,0.0,500,7.820224719099999,3.976032667870345e-17,500,1.8316532905289,0.0053984903128890495,500,3.27608346709456,0.004008532251813395,500,0.234220032840632,0.0006903241923121839,500,0.41892446633826796,0.0005125853023079004,500
6,9,4,1.5,2.0,2.0,0.5289314899080959,0.000558538108036203,500,2.4514773253678,9.185125986657938e-05,500,6.8583201788096,0.023218139852843614,500,1.5842100345860999,0.0010333646704827955,500,0.8060908233763421,0.00040357177092994486,500,0.007768225293200279,4.17472668547324e-05,500,158.47283082137403,0.5160083117749049,500,0.12718525748103698,0.000414131871408471,500,nan,nan,0,8.86454262683538,0.015869709554079025,500,3.570336425207638,0.04004012860437896,500,8.07208046599,0.0,500,7.820224719099999,3.976032667870345e-17,500,1.6910658105940202,0.0062005950540846445,500,3.2197784911717404,0.005225828989548263,500,0.216242610837496,0.0007928921836402219,500,0.41172454843996803,0.000668245373659026,500
6,9,4,1.5,2.0,3.0,0.5250111401596239,0.0006585121492566593,500,2.4508420390195798,0.00019106982282288308,500,8.02678276981668,0.03860150080444215,500,1.5259625846449199,0.002742622042291995,500,0.782807747131114,0.0009822303983071422,500,0.010449418384687022,0.00012798315397640424,500,133.89690422368378,0.8957907628204954,500,0.10746139985847439,0.0007189331964848919,500,nan,nan,0,9.74431302628034,0.03046569445380298,500,5.353097960990681,0.05663663733330455,500,8.07208046599,0.0,500,7.820224719099999,3.976032667870345e-17,500,1.6284237560194201,0.006049562416232345,500,3.10915890850702,0.00657290585884589,500,0.208232348111694,0.0007735791020755608,500,0.39757922824297,0.0008405008928707884,500
6,9,4,1.5,2.0,4.0,0.515618414600626,0.000836605604877303,500,2.4470398967967797,0.00038051151778665035,500,9.18416243139062,0.04902943354219012,500,1.4462208242348278,0.004890822182759864,500,0.7524271897356859,0.001692649282802476,500,0.014901995596212459,0.0002721432182084304,500,110.53312830906542,1.1759144291958223,500,0.0887103758499904,0.000943751548311852,500,nan,nan,0,10.85774118139676,0.049987177168807524,500,7.14148534063466,0.07725381566111122,500,8.07208046599,0.0,500,7.820224719099999,3.976032667870345e-17,500,1.57519101123602,0.006434727685864433,500,3.01406420545748,0.007761387539185506,500,0.201425287356328,0.0008228315575315577,500,0.3854191297208,0.000992476280157679,500
6,9,4,1.5,2.0,5.0,0.504405191990956,0.0010819561605348678,500,2.43918970606284,0.000609947272336547,500,10.03897558723282,0.048290947790563976,500,1.351112896480498,0.006588940058538405,500,0.7175749322406421,0.0022608168491756926,500,0.02107971964638694,0.00042634411897177465,500,89.18963426605958,1.2865833142354057,500,0.07158076586360781,0.0010325708781986917,500,nan,nan,0,12.05304786858384,0.06826094170576469,500,8.827587690782478,0.09513511075235355,500,8.07208046599,0.0,500,7.820224719099999,3.976032667870345e-17,500,1.51605457463884,0.006276934107339462,500,2.91099839486364,0.00907657265430672,500,0.19386330049262201,0.000802653930392675,500,0.37223973727416,0.001160653687120087,500
6,9,4,1.5,2.0,6.0,0.49050536359598806,0.0013853891312690459,500,2.4281023023874404,0.0008459577617023503,500,10.627063023659641,0.04432334722999183,500,1.233967896881588,0.009138437355900628,500,0.673331432151778,0.0031852374845313678,500,0.03172626307187362,0.0008347498658815472,500,69.24920348437075,1.3717076969961615,500,0.05557720985904874,0.0011008890024047653,500,nan,nan,0,13.697854534993182,0.09456778230182508,500,10.935532949439239,0.12136039658262682,500,8.07208046599,0.0,500,7.820224719099999,3.976032667870345e-17,500,1.436028892456028,0.007192771263988476,500,2.77432102728748,0.011310926324333427,500,0.18363013136290202,0.0009197652909427566,500,0.354762315270852,0.0014463684523930433,500
6,9,4,1.5,2.0,7.0,0.475111491176508,0.001552806729623442,500,2.4183632180774604,0.0010174592209659763,500,10.80295244852604,0.03720551607072451,500,1.1242577024371398,0.010472806927214645,500,0.6325312171749119,0.003719446264975831,500,0.04369056596273396,0.0011736985093775648,500,54.65028793119951,1.2760971337227789,500,0.04386058421444818,0.0010241550029878171,500,nan,nan,0,15.113582017860779,0.10967024017160189,500,12.666360576124022,0.13300098199737587,500,8.07208046599,0.0,500,7.820224719099999,3.976032667870345e-17,500,1.36526163723904,0.00786489171258769,500,2.630686998395,0.012857050768261007,500,0.174580870279158,0.0010057117276162178,500,0.336395320196974,0.0016440768942166343,500
6,9,4,1.5,2.0,8.0,0.466530392920616,0.0016686502072999843,500,2.40753133085964,0.001089189572794311,500,10.72920964286076,0.047527240635459704,500,1.034094410785438,0.011779934452266418,500,0.596261905552836,0.0042538788511977295,500,0.0577943528935917,0.0017133718676170886,500,44.33585203492684,1.2043051826681372,500,0.0355825457744171,0.0009665370647415242,500,nan,nan,0,16.741728928389637,0.13235176337663884,500,14.552462525301879,0.15567949551857593,500,8.07208046599,0.0,500,7.820224719099999,3.976032667870345e-17,500,1.2999935794542339,0.00943710138670895,500,2.51229855537706,0.01584395045235724,500,0.16623481116583802,0.0012067557807729724,500,0.321256568144438,0.002026022399797145,500
6,9,4,1.5,2.0,9.0,0.451773267670982,0.0015523449094336675,500,2.3981559046563197,0.0011435026336793163,500,10.42166890850522,0.05607083154168977,500,0.91282463778029,0.01196976908371632,500,0.550198882326698,0.0045008113064696565,500,0.07754008256895903,0.002185339261444596,500,33.65544570543848,1.0378234891611413,500,0.027010791095857037,0.0008329241486047871,500,nan,nan,0,18.33069314671854,0.15014223939933902,500,16.354001483275038,0.17135126649812668,500,8.07208046599,0.0,500,7.820224719099999,3.976032667870345e-17,500,1.20948635634024,0.010352767544259315,500,2.3493033707864397,0.018299430151419372,500,0.154661330049252,0.0013238452750561698,500,0.30041379310342003,0.0023400133383266945,500
6,9,4,1.5,2.0,10.0,0.443181743053178,0.0015869039590135877,500,2.39071063466336,0.0011404574082323846,500,10.117656796196462,0.06704932474198252,500,0.838571259247042,0.01261644420260128,500,0.51932807202714,0.0048729560747354725,500,0.09518413809452383,0.002847139550361803,500,28.556962728116456,0.9752210279397551,500,0.02291891069672416,0.0007826814028408211,500,nan,nan,0,19.862493218281138,0.1739484971528988,500,18.04469493559392,0.19434861261535658,500,8.07208046599,0.0,500,7.820224719099999,3.976032667870345e-17,500,1.136526484751038,0.011444896133907211,500,2.230077046549012,0.020256904943572396,500,0.14533169129721102,0.00146349964930887,500,0.2851678981937274,0.0025903226149071247,500
6,9,4,1.5,2.0,11.0,0.43671691317043393,0.0015404178504619137,500,2.38575138448132,0.0012161149115578701,500,9.83789271637434,0.07526053944554312,500,0.780184835607888,0.01252489485755995,500,0.493853864587182,0.004947055844724069,500,0.1102163531438352,0.003075595125692964,500,24.43721408820996,0.8801228654765141,500,0.0196125313709565,0.0007063586400291554,500,nan,nan,0,21.38381793505666,0.1964985050727569,500,19.703799332714915,0.21532795452379208,500,8.07208046599,0.0,500,7.820224719099999,3.976032667870345e-17,500,1.0875216693419238,0.01209915589525451,500,2.131601926163652,0.021411828419701864,500,0.13906527093597862,0.0015471621762608734,500,0.2725755336617102,0.0027380067950462275,500
6,9,4,1.5,2.0,12.0,0.42854957625967804,0.001495309514671212,500,2.37740896605976,0.001190334168847632,500,9.3048179826186,0.07996583169888892,500,0.6899324175627459,0.012458033030065785,500,0.456151322201436,0.005072044427000529,500,0.13506070475136706,0.0035645119287510767,500,19.754950713624982,0.8297181872401969,500,0.01585469559681124,0.0006659054472235359,500,nan,nan,0,23.19787830453616,0.21075149752798428,500,21.653798571715605,0.2294009051201201,500,8.07208046599,0.0,500,7.820224719099999,3.976032667870345e-17,500,1.0036886035311958,0.01231700159223041,500,1.978988764044948,0.022511096086015023,500,0.1283452380952446,0.0015750188817667472,500,0.2530603448276022,0.00287857406846823,500
6,9,4,1.5,2.0,13.0,0.42063648014822,0.0013608326807720502,500,2.3734867285746404,0.0011255235151000657,500,8.87499150797792,0.08949720720937462,500,0.6229269464321573,0.01192374750866772,500,0.42537943608166,0.004978027925593,500,0.1589567884742354,0.004084557949513253,500,15.844367730951461,0.6113715283690284,500,0.01271618597989792,0.0004906673582416476,500,nan,nan,0,24.9783212772612,0.22379021494555792,500,23.565554783078877,0.23862341785459124,500,8.07208046599,0.0,500,7.820224719099999,3.976032667870345e-17,500,0.936520064205396,0.012567778427016481,500,1.84399036918131,0.02274013452793043,500,0.11975615763545838,0.0016070866092029366,500,0.2357976190476512,0.0029078620301491286,500
6,9,4,1.5,2.0,14.0,0.41813346668554,0.0012405110182769478,500,2.36990050322368,0.0011510781216173545,500,8.58668329222658,0.08902450802773026,500,0.5898890425877756,0.011311803603293953,500,0.41008783674544397,0.004838386041801121,500,0.170770037674513,0.004212072258192955,500,14.31982618258522,0.5907293492268145,500,0.011492637385700818,0.0004741006013055639,500,nan,nan,0,26.477406486383998,0.24850128677710132,500,25.13863346741512,0.2639243320163275,500,8.07208046599,0.0,500,7.820224719099999,3.976032667870345e-17,500,0.9125617977528562,0.012729329072210149,500,1.801030497592474,0.022556534905479493,500,0.11669252873562941,0.0016277446658428262,500,0.2303041871921496,0.0028843844922207718,500
6,9,4,1.5,2.0,15.0,0.414062779129806,0.001264647316409128,500,2.3654509570549798,0.0012731398060502402,500,8.11039443592562,0.0962306092814223,500,0.536920570334383,0.011721698191465207,500,0.38359360817372,0.005149024008457127,500,0.1987485929405002,0.004841021552619923,500,12.759629649026778,0.6064362979881793,500,0.010240473233568739,0.0004867064991880397,500,nan,nan,0,28.444631769043,0.2793980942521909,500,27.194550021655918,0.29473885995305393,500,8.07208046599,0.0,500,7.820224719099999,3.976032667870345e-17,500,0.8473804173353919,0.01302626407096538,500,1.6730786516855822,0.023943934169322965,500,0.1083575533661768,0.0016657148021782453,500,0.2139425287356694,0.003061796179694762,500
6,9,4,1.5,3.0,1.0,0.51092160473924,0.0005732774223954838,500,2.4527558564270997,5.762264561133078e-05,500,3.12462776998848,0.004407459615421055,500,1.40674026599156,0.0007548867022243975,500,0.6900959037299299,0.00018905629876360888,500,0.0259677780744186,5.273789810552652e-05,500,60.5566624193468,0.10400429492565923,500,0.048600852664002804,8.347054167374352e-05,500,nan,nan,0,12.2447140847788,0.0028487002133212418,500,1.77017607968023,0.01986740793625643,500,12.108120699,0.0,500,7.820224719099999,3.976032667870345e-17,500,1.71643659711382,0.0070786161265014936,500,2.3335216693412204,0.00278855345578183,500,0.219486863710904,0.0009051678667505404,500,0.29839573070604597,0.0003565822666165776,500
6,9,4,1.5,3.0,2.0,0.502958833500176,0.0005687554443596603,500,2.4548100908038206,6.543033197318421e-05,500,3.68937075116464,0.014191399183288343,500,1.3347759768195597,0.001830938850831564,500,0.669372252069124,0.0005432456495389675,500,0.0310558443818656,0.00014997471563869358,500,52.3542689897054,0.18550045138848534,500,0.0420178723833886,0.00014887676676452087,500,nan,nan,0,12.661140377307001,0.010502043541351945,500,3.61286230556776,0.037458083991475065,500,12.108120699,0.0,500,7.820224719099999,3.976032667870345e-17,500,1.287621187802516,0.011478321876867781,500,2.27280898876282,0.0055615694339306585,500,0.1646527093595514,0.0014677739181534308,500,0.290632183908036,0.000711177700600274,500
6,9,4,1.5,3.0,3.0,0.495143247475962,0.000661114317602389,500,2.45582848198756,0.00011740598549918641,500,4.4696788042549995,0.025791241970812888,500,1.25308671491944,0.002975610682674178,500,0.6429387167174779,0.0009168654198110306,500,0.0385277555482594,0.00027970139271127516,500,45.025359597381,0.24197903954426017,500,0.0361359226303206,0.00019420468663250166,500,nan,nan,0,13.331586416263,0.02197962381875312,500,5.45804807599428,0.05618801712707783,500,12.108120699,0.0,500,7.820224719099999,3.976032667870345e-17,500,1.141354735152754,0.010312787329983268,500,2.22552166934148,0.005981987911395443,500,0.14594909688013757,0.0013187328625976903,500,0.28458538587853605,0.0007649381093594549,500
6,9,4,1.5,3.0,4.0,0.485370428057436,0.0007605707568214326,500,2.45636061138014,0.00020515191121641028,500,5.277058910581459,0.03874836899294903,500,1.1804427631394598,0.0041752056303826415,500,0.6187324725941981,0.0013016527730739782,500,0.046565658059072805,0.0004387566964792477,500,39.88036802827341,0.2749144184276914,500,0.032006715913543,0.00022063757498216115,500,nan,nan,0,14.1622714481768,0.040002232248856,500,7.17679305980156,0.08077128452393091,500,12.108120699,0.0,500,7.820224719099999,3.976032667870345e-17,500,1.1503467094701618,0.010352896351868462,500,2.17052969502418,0.006010673724503029,500,0.14709893267653398,0.0013238617461457651,500,0.277553366174078,0.0007686062664963938,500
6,9,4,1.5,3.0,5.0,0.47502051400289597,0.0009361228282660125,500,2.45483477720726,0.00035490549602769047,500,6.07812277997084,0.043919759572604994,500,1.099372838746822,0.005403176438941489,500,0.591790487762762,0.0016998532218447501,500,0.056643958691128406,0.0006393176140655602,500,34.686850764449005,0.317753457995632,500,0.0278385640164132,0.0002550188266417502,500,nan,nan,0,15.177126877172201,0.055857669254583305,500,8.97716669717666,0.09711253109171211,500,12.108120699,0.0,500,7.820224719099999,3.976032667870345e-17,500,1.099797752808938,0.010081588010846387,500,2.1160192616374003,0.005991214422502506,500,0.14063505747127739,0.001289168581848106,500,0.270582922824324,0.0007661179362111447,500
6,9,4,1.5,3.0,6.0,0.465125614144096,0.001029485813860841,500,2.4512040483680604,0.0005567427903273014,500,6.7636039321403,0.04500949888299967,500,1.0197267839491722,0.006471446157274133,500,0.564084616613236,0.0020720061086082512,500,0.06824056653802521,0.0008733854514639451,500,29.737154887065,0.3500492874070773,500,0.023866095414982042,0.0002809384329111446,500,nan,nan,0,16.3509658780104,0.07312542197382732,500,10.812834004404557,0.11411799450391767,500,12.108120699,0.0,500,7.820224719099999,3.976032667870345e-17,500,1.05850080256818,0.010490123014507791,500,2.07357624398084,0.006412001215867736,500,0.13535426929392738,0.0013414094084653445,500,0.26515558292283403,0.0008199254428329543,500
6,9,4,1.5,3.0,7.0,0.456208573501842,0.0011069192531820292,500,2.4439216722931,0.0007243409816476399,500,7.23566387314746,0.04585158312943724,500,0.945525378592582,0.0071334240169437365,500,0.537924992749088,0.002397312981676979,500,0.0801714061660284,0.0011205689052543662,500,25.696897443524563,0.35905983384940837,500,0.020623513197053342,0.0002881700111151988,500,nan,nan,0,17.544043336642602,0.0974286167734694,500,12.49451836700124,0.14021566455977755,500,12.108120699,0.0,500,7.820224719099999,3.976032667870345e-17,500,1.045836276083252,0.009615351766136402,500,2.01667094703052,0.006996964391217191,500,0.13373481116584957,0.001229549291936314,500,0.257878899835832,0.00089472676841591,500
6,9,4,1.5,3.0,8.0,0.44781466213516796,0.0011643741363268748,500,2.43442391959382,0.0009092814983660889,500,7.639258271298701,0.04417753530156338,500,0.867391880796988,0.00810800674526773,500,0.509064511319532,0.0027901467819615765,500,0.09564953484234721,0.001462697908039111,500,21.85313244345852,0.3765321918393978,500,0.01753862956938704,0.00030219277033654207,500,nan,nan,0,19.1094049691166,0.12164963442113555,500,14.572136772603658,0.16509012196566114,500,12.108120699,0.0,500,7.820224719099999,3.976032667870345e-17,500,0.997528089887688,0.009546742317084246,500,1.95121990369166,0.008102973487225723,500,0.12755747126436282,0.0012207759572141303,500,0.24950944170772002,0.0010361560924751511,500
6,9,4,1.5,3.0,9.0,0.440445843848602,0.0011977616024706893,500,2.42855801028688,0.0009788049790379774,500,7.7941286067975595,0.0361566768375908,500,0.807025025344112,0.00852047715449553,500,0.486778372135854,0.002993557456363823,500,0.10836644512619441,0.0017823722518813087,500,19.215357540000543,0.3543567852009394,500,0.01542163526484892,0.0002843954937406941,500,nan,nan,0,20.1804424816264,0.13119211477266482,500,15.966769484763839,0.16925167272793518,500,12.108120699,0.0,500,7.820224719099999,3.976032667870345e-17,500,0.974500802568048,0.009918933608423714,500,1.9047319422150002,0.008781889422957045,500,0.12461288998357721,0.0012683693838365234,500,0.243564860426936,0.0011229714923041679,500
6,9,4,1.5,3.0,10.0,0.433831127768052,0.0011839785487345173,500,2.42006026011348,0.0011265583249779481,500,7.8446587214480195,0.03604327156456595,500,0.7400208038817639,0.008889016057352593,500,0.46095885883132404,0.003256663655034931,500,0.1256236517542968,0.0021850980016728306,500,16.625814118184955,0.3425611410227801,500,0.01334335001459492,0.00027492868460896654,500,nan,nan,0,21.7550274481712,0.15792026182761854,500,17.883710852262382,0.19662474713130831,500,12.108120699,0.0,500,7.820224719099999,3.976032667870345e-17,500,0.9291781701444761,0.009970138150969348,500,1.84081861958246,0.009489303495782014,500,0.1188173234811194,0.001274917091143959,500,0.235392036124794,0.0012134310504670078,500
6,9,4,1.5,3.0,11.0,0.42821667613176395,0.0011058055604018355,500,2.41253898858472,0.0011699685695095673,500,7.93458683576336,0.036194650772235736,500,0.6883774299378761,0.008385102912111426,500,0.44028255096684993,0.0031254143712923935,500,0.1392626112869168,0.002258018622041951,500,14.511332049336898,0.2963418432003524,500,0.011646333907976078,0.00023783454510471796,500,nan,nan,0,23.195166228525203,0.16323264785349872,500,19.63173071191752,0.19666611344076462,500,12.108120699,0.0,500,7.820224719099999,3.976032667870345e-17,500,0.909682182985452,0.00937083622193497,500,1.78762439807376,0.009845912632793314,500,0.11632430213464881,0.0011982822180365274,500,0.228589901477802,0.0012590319314920708,500
6,9,4,1.5,3.0,12.0,0.423321144084548,0.0011604941005926986,500,2.4042740654038597,0.0012410588817603626,500,7.632692268022721,0.04080128331836084,500,0.624565027944902,0.009578172355865918,500,0.41354753450332205,0.0037010716076253725,500,0.16297968041254018,0.0029055915746718157,500,12.809242587978941,0.3279392041347626,500,0.01028029100158938,0.0002631935827727358,500,nan,nan,0,24.9442409535306,0.20533707980293428,500,21.612644679500477,0.24331402101745775,500,12.108120699,0.0,500,7.820224719099999,3.976032667870345e-17,500,0.859589085072264,0.009785379922800715,500,1.698988764045062,0.011596036219003842,500,0.1099187192118162,0.0012512913981745123,500,0.217255747126464,0.0014828264705321773,500
6,9,4,1.5,3.0,13.0,0.419939837281792,0.0010732543000022505,500,2.39944925420642,0.0012960367598086513,500,7.581510943613321,0.04342884193833301,500,0.5838560205301581,0.008994346412105666,500,0.39624151988487993,0.0035941663570834195,500,0.17768499032668644,0.0032024032715757835,500,11.36910629026626,0.27786691911772377,500,0.0091244833790249,0.00022300715820037747,500,nan,nan,0,26.3945244972342,0.2103117024850511,500,23.295584447885098,0.24294187638069334,500,12.108120699,0.0,500,7.820224719099999,3.976032667870345e-17,500,0.83115890850725,0.010271644905934237,500,1.6462279293739321,0.01200390849978156,500,0.10628325123151441,0.0013134718342358766,500,0.21050903119869838,0.001534982552415483,500
6,9,4,1.5,3.0,14.0,0.415621036384798,0.0010114524037865336,500,2.39432856571844,0.0011825745872061373,500,7.3585139451905395,0.05320565600659235,500,0.5338386740398469,0.009056222325691797,500,0.37454238102972803,0.003785843895248696,500,0.2004417525257388,0.0038735636056535295,500,10.05653824148544,0.2590283577731107,500,0.00807105797871992,0.00020788792758677835,500,nan,nan,0,27.8567661945564,0.23483965321700517,500,24.9312577939226,0.2661418190994578,500,12.108120699,0.0,500,7.820224719099999,3.976032667870345e-17,500,0.7810529695024959,0.010362204951397473,500,1.5658009630819638,0.01434758610359802,500,0.0998760262725684,0.0013250520699338482,500,0.20022454844007023,0.0018346769586490403,500
6,9,4,1.5,3.0,15.0,0.41186304052363004,0.0009777419091971894,500,2.38758511228374,0.0012047349902836388,500,7.1379713442011195,0.05621306376362536,500,0.492035023952406,0.00849811270710194,500,0.35553074121180395,0.0036851933443258007,500,0.21848382084930282,0.0039000707100401645,500,8.902830772149901,0.22849001928893847,500,0.00714512903061812,0.00018337882767976096,500,nan,nan,0,29.588896034088602,0.25882145129415973,500,26.84860534974108,0.28830183370017637,500,12.108120699,0.0,500,7.820224719099999,3.976032667870345e-17,500,0.760433386837874,0.010057431780367604,500,1.50559871589097,0.014413169516327536,500,0.0972393267651832,0.001286079638581469,500,0.1925262725780074,0.0018430633433234274,500
6,9,4,1.5,4.0,1.0,0.47252973010390004,0.000595838400889061,500,2.4554880512047803,2.9912915633996504e-05,500,1.7578024411499797,0.0024242839411781816,500,1.1641053856080197,0.001522507136170579,500,0.571632525308668,0.0003706641553738014,500,0.057320909309056,0.00015977266075722918,500,27.8046380737266,0.08268532276322708,500,0.0223151188392664,6.6360612169535e-05,500,nan,nan,0,16.2520891832514,0.0021315908073142554,500,1.819432676446864,0.019430914292931405,500,16.144160932000002,1.590413067148138e-16,500,7.820224719099999,3.976032667870345e-17,500,1.6886035313032401,0.007278213288049665,500,1.9512680577854002,0.001651167545805024,500,0.2159277504104,0.0009306910670048483,500,0.249515599343184,0.00021114067755856168,500
6,9,4,1.5,4.0,2.0,0.461551145292574,0.0006240267312765014,500,2.45825950598032,8.148846534520593e-05,500,2.01689867573344,0.0073707743199122695,500,1.0350250013599238,0.0030987563799207097,500,0.5358708672328221,0.0008654944794657447,500,0.07484564200111621,0.0004735281319967994,500,21.625706062083,0.12971078832349422,500,0.0173561043836922,0.0001041017562789931,500,nan,nan,0,16.5639380995564,0.008348257386477723,500,3.6049912507534003,0.0392547881441782,500,16.144160932000002,1.590413067148138e-16,500,7.820224719099999,3.976032667870345e-17,500,1.261094703051962,0.01255939712565816,500,1.83053290529652,0.005637175994077577,500,0.1612606732347478,0.0016060148623230348,500,0.23407676518874398,0.0007208457808520399,500
6,9,4,1.5,4.0,3.0,0.45214148717564795,0.0006367466677525855,500,2.45953688210682,8.831697840138435e-05,500,2.38923173907256,0.014130808824144548,500,0.9303547636988699,0.003751287612238852,500,0.504032079938208,0.0011035288723872916,500,0.09349834409770301,0.0006810218852918026,500,17.7614388437138,0.130888058058912,500,0.0142547663272166,0.00010504659555279675,500,nan,nan,0,17.0616475909048,0.017810670868556634,500,5.375999394820779,0.05875818459151118,500,16.144160932000002,1.590413067148138e-16,500,7.820224719099999,3.976032667870345e-17,500,0.963136436597926,0.01406040001600896,500,1.7339036918136999,0.006528888955332485,500,0.1231596880131604,0.001797953450317444,500,0.22172044334971802,0.0008348722945735993,500
6,9,4,1.5,4.0,4.0,0.446375005518368,0.0006655900808021476,500,2.4600032537035204,0.00014200796997543999,500,2.88053019314848,0.0225639634396085,500,0.8631687064687961,0.0036274908672784528,500,0.482978800903212,0.0010858050699401609,500,0.1070147780041842,0.0007242988153668168,500,15.8704599324006,0.10757036767435384,500,0.0127371267515256,8.633255832618684e-05,500,nan,nan,0,17.7476436250678,0.03010618664120472,500,7.202409694144779,0.07652918676694205,500,16.144160932000002,1.590413067148138e-16,500,7.820224719099999,3.976032667870345e-17,500,0.870850722311686,0.012664091569638235,500,1.6841508828249998,0.0061584025459957914,500,0.11135878489327398,0.0016194025139333996,500,0.21535837438429,0.0007874968772887416,500
6,9,4,1.5,4.0,5.0,0.44127424081815003,0.0006581369571365183,500,2.46041570520032,0.00022273862356371138,500,3.46629850283748,0.0333510210460719,500,0.8168927198456061,0.003750113073738599,500,0.46795040270285,0.0011099166616735474,500,0.11636848927354741,0.0007481803474039812,500,14.854738167890801,0.09936363431590406,500,0.01192194074469838,7.974609495669e-05,500,nan,nan,0,18.587788767865,0.045999651039635304,500,9.013206725920359,0.09694668883083932,500,16.144160932000002,1.590413067148138e-16,500,7.820224719099999,3.976032667870345e-17,500,0.895181380417232,0.012324424511495985,500,1.6642536115571602,0.0060634409877332405,500,0.1144700328407212,0.0015759680769016657,500,0.21281403940892,0.0007753538044645,500
6,9,4,1.5,4.0,6.0,0.43624222839956406,0.0007033198776970671,500,2.4599347099328597,0.00032112469828465693,500,3.9456354142786205,0.03763484304097954,500,0.76831955933075,0.0038879266827044254,500,0.45233076099452396,0.0011871205604575379,500,0.1275469547868048,0.0008359466859224233,500,13.762772653101239,0.09505240166022884,500,0.01104556392704674,7.628603664540334e-05,500,nan,nan,0,19.5377880065014,0.06327757857126133,500,10.78730211770508,0.11607615265084381,500,16.144160932000002,1.590413067148138e-16,500,7.820224719099999,3.976032667870345e-17,500,0.864571428571482,0.013104857205477626,500,1.6343081861959199,0.006056223576640913,500,0.1105558292282552,0.0016757647863342002,500,0.208984811165882,0.0007744308883920249,500
6,9,4,1.5,4.0,7.0,0.43076974438083404,0.0007408941615688085,500,2.4570178721398195,0.00046846785606712504,500,4.391957734366221,0.037269986075373095,500,0.7202294637374801,0.004350562707280893,500,0.43525213380295197,0.0013948366840782662,500,0.1403443465797846,0.0010411743661812754,500,12.574522590148241,0.10190420402142021,500,0.01009191219112998,8.17850754586217e-05,500,nan,nan,0,20.6851297380364,0.08211241242072402,500,12.691968658317519,0.1381169768415435,500,16.144160932000002,1.590413067148138e-16,500,7.820224719099999,3.976032667870345e-17,500,0.8355569823435358,0.011775294972392948,500,1.60667736757648,0.006189313975557227,500,0.1068456486042812,0.0015057489260690796,500,0.20545155993435202,0.0007914496319336997,500
6,9,4,1.5,4.0,8.0,0.427343204430348,0.0007699969595345911,500,2.4530115349561803,0.0006292419136130731,500,4.77175387758336,0.03704974936249573,500,0.675483414502704,0.0048566511477594245,500,0.41900730089769,0.0016089288019690074,500,0.1528104883194204,0.001265368112765329,500,11.49707264566302,0.1121787488911704,500,0.0092271851088787,9.003109862863631e-05,500,nan,nan,0,21.7531105513434,0.09569622854496572,500,14.3586394808275,0.1482231772839251,500,16.144160932000002,1.590413067148138e-16,500,7.820224719099999,3.976032667870345e-17,500,0.8005457463883956,0.012553674993456226,500,1.57201926163722,0.006363702841159349,500,0.10236863711001981,0.0016052831529002143,500,0.201019704433526,0.0008137493575626618,500
6,9,4,1.5,4.0,9.0,0.42340503143019204,0.0007786874811124259,500,2.44694781918988,0.0007677267184262884,500,5.056867347084661,0.038827091406378834,500,0.634743096593244,0.005100390419539389,500,0.403705247375042,0.0017674784651212205,500,0.1655835114816672,0.0014656494450391213,500,10.49409654720996,0.111841416229974,500,0.008422228368548581,8.976036615570029e-05,500,nan,nan,0,23.001691513744802,0.11775458481623263,500,16.134771596079883,0.173564717208207,500,16.144160932000002,1.590413067148138e-16,500,7.820224719099999,3.976032667870345e-17,500,0.7810433386837036,0.011415890095717768,500,1.54376565008024,0.006439095126020924,500,0.0998747947454794,0.001459790543849915,500,0.197406814449938,0.0008233900376672673,500
6,9,4,1.5,4.0,10.0,0.420511941902596,0.0007722805464020475,500,2.4406016405554802,0.0008871029566865261,500,5.3507460063175,0.03808155216954869,500,0.5917284325750539,0.0055067302074096845,500,0.38734851940869197,0.0019770996574751914,500,0.18043114909278318,0.001735309523810704,500,9.60371308206054,0.11726157207245413,500,0.0077076348973202004,9.411041097312636e-05,500,nan,nan,0,24.4418144742026,0.138254521350837,500,18.10615794127544,0.1924082647083579,500,16.144160932000002,1.590413067148138e-16,500,7.820224719099999,3.976032667870345e-17,500,0.76500481540925,0.01151507138539952,500,1.50562118780102,0.006256349126167953,500,0.097823891625626,0.0014724732087664013,500,0.19252914614123198,0.0008000216555027382,500
6,9,4,1.5,4.0,11.0,0.41690078350879195,0.0007805184644387181,500,2.4358948126674,0.0010232415696744311,500,5.45619352355566,0.0380245230907724,500,0.565166254096468,0.005721540524183604,500,0.376398821602772,0.0021219919667074586,500,0.1906428223599608,0.0019733292297074386,500,9.04454573777556,0.11806199599229436,500,0.0072588649580850595,9.475280577221608e-05,500,nan,nan,0,25.5750955072538,0.16628037518043368,500,19.5565103509527,0.22289502243666157,500,16.144160932000002,1.590413067148138e-16,500,7.820224719099999,3.976032667870345e-17,500,0.7571621187801041,0.011201081713178665,500,1.4814253611555883,0.0071419850788616256,500,0.09682101806239238,0.001432322230565211,500,0.189435139573096,0.0009132710804883496,500
6,9,4,1.5,4.0,12.0,0.41498858210144,0.0007929440113211668,500,2.4293404271730394,0.0010594798464228902,500,5.63365795286456,0.032679626042519005,500,0.5286976673551039,0.005685528184137905,500,0.361834860604292,0.0021841415643853936,500,0.205347117581886,0.0022244630107240222,500,8.30130476047244,0.10923271112359033,500,0.00666236337116512,8.766670234632836e-05,500,nan,nan,0,26.9205292705658,0.17030509341984212,500,21.31841070667032,0.21967017336973363,500,16.144160932000002,1.590413067148138e-16,500,7.820224719099999,3.976032667870345e-17,500,0.740616372391636,0.011083531221103914,500,1.4534317817014502,0.007579069063352934,500,0.09470525451560939,0.0014172906302860006,500,0.185855500821032,0.0009691625670101621,500
6,9,4,1.5,4.0,13.0,0.41187515460306806,0.0007715490681697795,500,2.42119464192788,0.0012114983749240739,500,5.66315667539992,0.03038159678835461,500,0.48297923673145,0.0058092733306640285,500,0.342954200164476,0.0023112747805912304,500,0.2257007835098158,0.002540242116435255,500,7.44089337959854,0.10489595699249328,500,0.00597182454221306,8.418616131009225e-05,500,nan,nan,0,28.7920416621542,0.19873062830589727,500,23.61411409403554,0.24694033048183922,500,16.144160932000002,1.590413067148138e-16,500,7.820224719099999,3.976032667870345e-17,500,0.6916918138041798,0.010682584824365043,500,1.391062600321094,0.007847121996444533,500,0.0884490968801344,0.0013660201858746793,500,0.177880131362886,0.0010034394506950159,500
6,9,4,1.5,4.0,14.0,0.407693068149572,0.0007397510345187806,500,2.4126770848762997,0.0012212039438713805,500,5.67533890142064,0.03138647834416715,500,0.446915315249706,0.005967973405677127,500,0.326911329415994,0.002469383705741514,500,0.24444804804326004,0.002895812223737669,500,6.80464556992162,0.1050061478485779,500,0.00546119227120476,8.427459698919785e-05,500,nan,nan,0,30.588183668495603,0.2250852669980834,500,25.75000345433804,0.2731153139197009,500,16.144160932000002,1.590413067148138e-16,500,7.820224719099999,3.976032667870345e-17,500,0.6723723916532917,0.010994260384149152,500,1.3407383627607778,0.008407751402020323,500,0.08597865353037014,0.001405875250271801,500,0.1714449917898134,0.0010751291304312075,500
6,9,4,1.5,4.0,15.0,0.40834330395875806,0.0007755320702665175,500,2.4098491216177598,0.0013052029522750387,500,5.683563811297119,0.031338250697489134,500,0.439809121717734,0.005942143790731527,500,0.322821279037752,0.002499290556487301,500,0.24897063362373,0.002992944139781829,500,6.65997603765034,0.10279997294325555,500,0.00534508510244828,8.250399112623702e-05,500,nan,nan,0,31.4913147507306,0.24029065832161478,500,26.80560273925162,0.28783169401395464,500,16.144160932000002,1.590413067148138e-16,500,7.820224719099999,3.976032667870345e-17,500,0.6873162118780574,0.01079971192553291,500,1.3395922953450141,0.008990061445413523,500,0.08788957307062034,0.0013809976456501775,500,0.1712984400656892,0.0011495911905769864,500
6,9,4,1.5,5.0,1.0,0.45180901798335,0.0005815964930203316,500,2.45771646928244,1.2498143379825724e-05,500,1.053277330031222,0.001336766575893868,500,0.9809938406086801,0.0022436611493131782,500,0.49345984374728,0.0005817659835294994,500,0.0884640033992476,0.00034454677586901237,500,18.113811022512802,0.07564412284129958,500,0.0145375690389354,6.070956889344509e-05,500,nan,nan,0,20.263801091728,0.0017348596877829108,500,1.782718633717578,0.02024557443816573,500,20.180201164999996,1.590413067148138e-16,500,7.820224719099999,3.976032667870345e-17,500,1.70252006420864,0.00697993743204287,500,1.9069020866799997,9.940081669675863e-18,500,0.217707307060652,0.0008925494704769681,500,0.24384236453199998,1.2425102087094829e-18,500
6,9,4,1.5,5.0,2.0,0.43571713717892796,0.0006403858918639296,500,2.45964685260964,7.94214798352264e-05,500,1.2040493506079002,0.00426175253225029,500,0.8125055040679561,0.0038281219475736015,500,0.44410327717534603,0.0011149921821359077,500,0.12168753764856259,0.0008812693766573625,500,12.7341946478852,0.10661976293407267,500,0.01022005991001858,8.556963317343195e-05,500,nan,nan,0,20.528147032118,0.00679115101971953,500,3.665708800390004,0.038765888222512285,500,20.180201164999996,1.590413067148138e-16,500,7.820224719099999,3.976032667870345e-17,500,1.251406099520278,0.012926990628896962,500,1.70205457464176,0.006621436837585232,500,0.1600217569786086,0.0016530203533977532,500,0.21764778325112805,0.000846706722049497,500
6,9,4,1.5,5.0,3.0,0.42651735014655806,0.0005945364229832494,500,2.46219504735028,9.85557632766073e-05,500,1.38464123445086,0.007476663835044058,500,0.697886634767328,0.0039431396446908415,500,0.40762994849490997,0.0012237251525788542,500,0.153422327257886,0.0011663492575312128,500,9.9122477685575,0.08978838909466982,500,0.00795525503094556,7.206130745967228e-05,500,nan,nan,0,20.927337397956002,0.013960678887201676,500,5.41390721634012,0.05482337350781601,500,20.180201164999996,1.590413067148138e-16,500,7.820224719099999,3.976032667870345e-17,500,0.946532905297614,0.014068105300569268,500,1.521807383628754,0.008691582224707561,500,0.1210365353038064,0.0017989387525109346,500,0.194598932676404,0.0011114235890731182,500
6,9,4,1.5,5.0,4.0,0.422789974805524,0.0006034083725872374,500,2.4626608300438404,0.00010028968979830325,500,1.62564849924236,0.012044757397592917,500,0.627106478195116,0.0037729748573704755,500,0.38377110425864397,0.001215592610778447,500,0.1782745687160386,0.0013028259252253597,500,8.53884942950866,0.07475008409197592,500,0.00685300917296028,5.999204180734576e-05,500,nan,nan,0,21.502727850145398,0.025898170706047902,500,7.234090643634599,0.07919187786342421,500,20.180201164999996,1.590413067148138e-16,500,7.820224719099999,3.976032667870345e-17,500,0.762972712680777,0.013984509244033053,500,1.4022022471913396,0.009212059732144184,500,0.0975640394088973,0.0017882490268949776,500,0.179304597701146,0.0011779789025273529,500
6,9,4,1.5,5.0,5.0,0.41930509835316004,0.0006255802995263261,500,2.46292855008344,0.0001439074956301226,500,1.9396078341013199,0.01899737958635504,500,0.586411896257058,0.0034871055660922346,500,0.370297170035506,0.0011268989968236229,500,0.192765961126355,0.0012397863873624265,500,7.9444272819777995,0.06541133989921355,500,0.00637594484909946,5.2497062519373646e-05,500,nan,nan,0,22.1854927739852,0.0382440381966568,500,8.994189615266219,0.09797513439552269,500,20.180201164999996,1.590413067148138e-16,500,7.820224719099999,3.976032667870345e-17,500,0.6835409309791046,0.013005426554849037,500,1.36275762439825,0.008323583336083311,500,0.08740681444991347,0.0016630502347443196,500,0.17426067323483999,0.0010643662599281068,500
6,9,4,1.5,5.0,6.0,0.41822689991247397,0.0006411631939016362,500,2.4630533377568797,0.00018660703997987297,500,2.30019208767176,0.02831430683887338,500,0.5655102496677621,0.003518474849863833,500,0.36334686747927797,0.0011205863464554535,500,0.2000849858906576,0.0012338792913944344,500,7.76297559382494,0.06666350259386264,500,0.00623031749103124,5.350200850234551e-05,500,nan,nan,0,22.951642875592604,0.05509496568777686,500,10.654340483283516,0.12290009843291275,500,20.180201164999996,1.590413067148138e-16,500,7.820224719099999,3.976032667870345e-17,500,0.7015826645264552,0.013532319986630814,500,1.353271268057898,0.008515189003704956,500,0.08971387520526153,0.0017304259753031627,500,0.17304761904766003,0.001088867559383158,500
6,9,4,1.5,5.0,7.0,0.416002848543796,0.000615945480042855,500,2.4625936124142997,0.0003198250987507874,500,2.7130344472838197,0.03260175165031157,500,0.5332028638314259,0.002974192572808519,500,0.352325215618488,0.0009677856468275679,500,0.21090170899741603,0.0010984188975164883,500,7.3330793105091,0.050422935309005615,500,0.00588529639687752,4.046784535231093e-05,500,nan,nan,0,23.9691989641828,0.07036257546887784,500,12.66390554376092,0.13708949599441417,500,20.180201164999996,1.590413067148138e-16,500,7.820224719099999,3.976032667870345e-17,500,0.691983948635633,0.012579951881612128,500,1.3230722311395238,0.007785901015331499,500,0.08848645320196889,0.0016086432722178647,500,0.169185960591146,0.0009956109056957873,500
6,9,4,1.5,5.0,8.0,0.41536183882361,0.000600288683109076,500,2.4613017991715997,0.0004215513578246766,500,2.9069078651012,0.03092840260192016,500,0.518673172752902,0.003060889489884814,500,0.34652825602228804,0.0010216340235002547,500,0.21770821664127998,0.0011878359381917304,500,7.146267756311721,0.05052399003254988,500,0.005735367380667459,4.054894866175664e-05,500,nan,nan,0,24.877719181407198,0.08578619635648457,500,14.2705351356506,0.15302229803137693,500,20.180201164999996,1.590413067148138e-16,500,7.820224719099999,3.976032667870345e-17,500,0.6877784911716308,0.01225243457528833,500,1.318176565007986,0.007595269611945189,500,0.08794868637109167,0.0015667624672437738,500,0.16855993431857622,0.0009712341888824577,500
6,9,4,1.5,5.0,9.0,0.41181352106911195,0.0006223184302905653,500,2.45768141254272,0.0005495731118582245,500,3.1826015834097396,0.031479333842851925,500,0.48872893273150997,0.0033518346771257454,500,0.334938754222646,0.001183520209718254,500,0.23099732784089003,0.0014059160193474053,500,6.7087931769656795,0.05312954824792797,500,0.0053842641869709,4.264008687636634e-05,500,nan,nan,0,26.1070638726342,0.10703101082487368,500,16.25980973495394,0.1772265478168757,500,20.180201164999996,1.590413067148138e-16,500,7.820224719099999,3.976032667870345e-17,500,0.6546067415730631,0.012015626343410774,500,1.2890497592295,0.007714728635184888,500,0.08370689655171654,0.001536480954832656,500,0.16483538587847998,0.000986509839845627,500
6,9,4,1.5,5.0,10.0,0.410540781757464,0.0006261636834445734,500,2.4536990377905,0.0007162490843014722,500,3.4226501440990598,0.031179057881705656,500,0.465359091293006,0.0033854880011134065,500,0.32569237582148003,0.0012414185379836923,500,0.241560217366964,0.0015208190550674901,500,6.37350465425024,0.05202350941059587,500,0.005115172274679379,4.175241525728524e-05,500,nan,nan,0,27.332616154149,0.12436168235529137,500,18.14508901777742,0.19152682330987128,500,20.180201164999996,1.590413067148138e-16,500,7.820224719099999,3.976032667870345e-17,500,0.6456276083466592,0.011355714218554497,500,1.269752808988822,0.007300752188223522,500,0.08255870279144972,0.0014520956400166198,500,0.162367816091976,0.0009335731964819907,500
6,9,4,1.5,5.0,11.0,0.40907075282149,0.0006569376189678942,500,2.44882757313182,0.000824134245898691,500,3.64352442519712,0.033004384177594485,500,0.44353509468959396,0.003522441526096045,500,0.316511148670826,0.00131031084811856,500,0.25242740695111,0.0016547467604044182,500,6.04454006152542,0.05162417253520921,500,0.004851155747612779,4.143192017271562e-05,500,nan,nan,0,28.4815509619072,0.1393239007226615,500,19.811843346986336,0.2058038291908557,500,20.180201164999996,1.590413067148138e-16,500,7.820224719099999,3.976032667870345e-17,500,0.6483723916532911,0.012529418831811606,500,1.252834670947106,0.007621092020017777,500,0.0829096880131259,0.0016021814310796733,500,0.16020443349754662,0.000974536192213903,500
6,9,4,1.5,5.0,12.0,0.407175157759006,0.0006543692983612857,500,2.4446485445446395,0.000885155244116727,500,3.82419651276332,0.03537512313683578,500,0.42345090443733197,0.0036089383010172223,500,0.308226580498556,0.0014014606772711116,500,0.26299351666995596,0.0017958373786148994,500,5.774624704091719,0.052066883966735034,500,0.00463453026010578,4.178722629753944e-05,500,nan,nan,0,29.610193307583003,0.16246933269423355,500,21.353402959030998,0.23143257120450206,500,20.180201164999996,1.590413067148138e-16,500,7.820224719099999,3.976032667870345e-17,500,0.6303691813803782,0.011954512485307765,500,1.22771428571432,0.007647784077539968,500,0.08060755336616841,0.0015286661080359967,500,0.15699220032838543,0.000977949400719308,500
6,9,4,1.5,5.0,13.0,0.405876680331076,0.0006481424033467356,500,2.4388402969346,0.0010216032944414687,500,3.96774925817458,0.03359002103457493,500,0.40520161043703606,0.003821185538367816,500,0.300054452993432,0.0015115635279727042,500,0.27398434625399803,0.002010107059561484,500,5.5210738156245,0.05398742769347498,500,0.00443103837530044,4.332859365446837e-05,500,nan,nan,0,31.130233348685795,0.18398394720504926,500,23.39838224772384,0.2502816601576312,500,20.180201164999996,1.590413067148138e-16,500,7.820224719099999,3.976032667870345e-17,500,0.6155441412519765,0.011315899384137499,500,1.21794863563392,0.0075803907872611055,500,0.0787118226600878,0.001447004375270298,500,0.15574343185549583,0.0009693315805551676,500
6,9,4,1.5,5.0,14.0,0.40369408594603,0.0006437383716048084,500,2.4303049566868005,0.0010908291569049029,500,4.09057570067234,0.03381454897799357,500,0.37775280905730596,0.003991727981462157,500,0.28800184628473596,0.0016705229725285,500,0.290483808366562,0.0023593374335839795,500,5.166759340536661,0.0524754367826513,500,0.00414667683831192,4.211511780309422e-05,500,nan,nan,0,32.8290263810006,0.21432296847483864,500,25.555881241305737,0.28426546738975417,500,20.180201164999996,1.590413067148138e-16,500,7.820224719099999,3.976032667870345e-17,500,0.5988346709469938,0.011229729584777503,500,1.1764301765650098,0.008368142623349166,500,0.0765751231527073,0.001435985535984904,500,0.15043431855498882,0.0010700642147675374,500
6,9,4,1.5,5.0,15.0,0.40294764018828594,0.0006693066579497762,500,2.42885899844274,0.0011776225339069463,500,4.18643628316368,0.03320311978572024,500,0.368802421980104,0.004018372249119888,500,0.283203401830056,0.001676274845343705,500,0.29658350351795,0.0024014681361061497,500,5.02808065909584,0.05215524632710728,500,0.004035377736031879,4.185814311967394e-05,500,nan,nan,0,33.83851368699641,0.22520376827283745,500,26.85249475678338,0.29030999501001165,500,20.180201164999996,1.590413067148138e-16,500,7.820224719099999,3.976032667870345e-17,500,0.6064686998394445,0.011446669030721428,500,1.168542536115342,0.008378964527796698,500,0.07755131362889961,0.0014637263559407667,500,0.1494256978653608,0.0010714480502493208,500
6,9,4,1.5,6.0,1.0,0.442062849635316,0.0006088161104612235,500,2.45903594603186,6.044939690132469e-06,500,0.715538392137512,0.00036623715472548687,500,0.875407304513446,0.00268192108745596,500,0.44799296490451596,0.0007017257686244683,500,0.11078061396342061,0.0004841053532940906,500,14.243259072584399,0.06548954288918925,500,0.0114311870566486,5.255982575383598e-05,500,nan,nan,0,24.2867431041146,0.001458328105993738,500,1.7949855071049399,0.019951415135327343,500,24.216241398,0.0,500,7.820224719099999,3.976032667870345e-17,500,1.70060995184902,0.006936672973442441,500,1.9069020866799997,9.940081669675863e-18,500,0.217463054187088,0.0008870170899941606,500,0.24384236453199998,1.2425102087094829e-18,500
6,9,4,1.5,6.0,2.0,0.423725758609304,0.0006789601240210366,500,2.4598040939417,5.379339478541644e-05,500,0.7778794736963761,0.002184383541517808,500,0.677663872306436,0.0047584513977862114,500,0.389597947017312,0.0014065739488955387,500,0.1585076912099626,0.0013319907483471162,500,9.62465933415326,0.09951316583490315,500,0.00772444569354158,7.986610420132203e-05,500,nan,nan,0,24.4969232066552,0.005726920734506108,500,3.5912851457997004,0.03983775117607203,500,24.216241398,0.0,500,7.820224719099999,3.976032667870345e-17,500,1.25872873194424,0.012916763626109835,500,1.70033707865462,0.007333878643931572,500,0.16095812807875923,0.0016517125901103812,500,0.21742816091943598,0.0009378091944088307,500
6,9,4,1.5,6.0,3.0,0.41484718870019,0.0006355917710024122,500,2.46304182501178,0.00011594066451661332,500,0.879980978084206,0.0043602912385779305,500,0.55573650274301,0.004463082337416246,500,0.348052478090898,0.0014566235266913578,500,0.2036205920703782,0.0017251583487632662,500,7.1732965658921,0.08322295226547784,500,0.005757059844215419,6.679209652128691e-05,500,nan,nan,0,24.844484308896202,0.012113073531290444,500,5.409535314014319,0.05719210264200984,500,24.216241398,0.0,500,7.820224719099999,3.976032667870345e-17,500,0.9456886035320701,0.01431922326344835,500,1.470670947032912,0.010464878378563608,500,0.12092857142860938,0.001831050101212227,500,0.1880599343184002,0.0013381812869069367,500
6,9,4,1.5,6.0,4.0,0.411128568491568,0.000626412804943333,500,2.4647070030996203,0.00011338764708445843,500,1.017597524718026,0.006976017627571448,500,0.48397770788514805,0.0037336960060615656,500,0.32133659373667,0.0013071794754176832,500,0.23859606710582199,0.0018283669084782166,500,5.949394509362319,0.05997552642910931,500,0.004774794951334039,4.8134451387724165e-05,500,nan,nan,0,25.3516143105734,0.02205681446373201,500,7.31574332663546,0.07754584028760315,500,24.216241398,0.0,500,7.820224719099999,3.976032667870345e-17,500,0.7543178170145167,0.013692669673962363,500,1.2824301765662423,0.011124041747171272,500,0.0964573070607955,0.001750930461183437,500,0.1639889162561002,0.001422470855591604,500
6,9,4,1.5,6.0,5.0,0.40907946328355,0.0006163350963866731,500,2.46461275195656,0.00012286618597519413,500,1.1764703615012817,0.010238006323544165,500,0.44218045551013596,0.0032102999066348933,500,0.305730404634086,0.001152249614644462,500,0.26155928543017,0.0017333231715796135,500,5.36821278453004,0.04844731696966861,500,0.004308356969927801,3.8882276861690215e-05,500,nan,nan,0,25.9415857552258,0.03389890072079408,500,9.06294040962888,0.0998601605649751,500,24.216241398,0.0,500,7.820224719099999,3.976032667870345e-17,500,0.6173900481541748,0.012555645686907481,500,1.1810529695028982,0.01042010189095142,500,0.07894786535304077,0.0016055351524917748,500,0.15102545155990918,0.0013324555578908591,500
6,9,4,1.5,6.0,6.0,0.40698965680329,0.0005964162808292606,500,2.46479551643014,0.00015642088915955143,500,1.3902014656589419,0.015850508873265116,500,0.42468465309243403,0.0031304517804754627,500,0.29841227922941405,0.0011222066651429036,500,0.27307660877612,0.0017348683461026724,500,5.183587673494359,0.04555781626412825,500,0.00416018272351074,3.656325542868257e-05,500,nan,nan,0,26.6372522251156,0.047228592289813055,500,10.82068519576574,0.11964099587557155,500,24.216241398,0.0,500,7.820224719099999,3.976032667870345e-17,500,0.5897046548956861,0.013074706975126884,500,1.145964686998556,0.010806580183914657,500,0.0754076354679805,0.0016719093689455662,500,0.14653858784893703,0.001381875914321681,500
6,9,4,1.5,6.0,7.0,0.40626192736832,0.0006003127265459126,500,2.46437296385202,0.00019700858261809223,500,1.65879363204694,0.022395641393534317,500,0.40691270215362396,0.0027694692778013666,500,0.29226865269255403,0.0010061123918346743,500,0.28160368599274205,0.001597328475216468,500,5.04260508630612,0.04055216922387604,500,0.004047034579699719,3.254588220213923e-05,500,nan,nan,0,27.471797046271,0.060018764438861484,500,12.689665256083641,0.13462041183532264,500,24.216241398,0.0,500,7.820224719099999,3.976032667870345e-17,500,0.5772808988763466,0.01249067617354649,500,1.130947030497532,0.010541393511705952,500,0.07381896551724387,0.001597227269319624,500,0.14461822660098841,0.0013479655496293724,500
6,9,4,1.5,6.0,8.0,0.40556509745721203,0.0005846203846458557,500,2.4645716383681804,0.0002757111297141559,500,1.9194570232229002,0.02753786887581363,500,0.39897560750022204,0.0028610585769210583,500,0.289363429310908,0.001022720126937279,500,0.285125353825668,0.001582387359148827,500,5.034511605828979,0.043154323758723113,500,0.004040539009493699,3.4634288730953304e-05,500,nan,nan,0,28.361658431697805,0.07888506993714166,500,14.42624569845322,0.16107082097218753,500,24.216241398,0.0,500,7.820224719099999,3.976032667870345e-17,500,0.5980995184590034,0.01293306081669194,500,1.1393290529696478,0.010331207093553426,500,0.07648111658455925,0.0016537965699515117,500,0.14569006568143822,0.0013210882634002246,500
6,9,4,1.5,6.0,9.0,0.403969386216502,0.0005827503155584364,500,2.4638151924820404,0.00038210810657458735,500,2.10613153743769,0.026718339919231622,500,0.383815094406884,0.0025352748751707606,500,0.28326532677955196,0.0009533242940661678,500,0.293991213379766,0.0015523987955798789,500,4.87442147696116,0.0380145332072246,500,0.00391205576000106,3.0509256185585826e-05,500,nan,nan,0,29.4321185485504,0.09628463252838407,500,16.40318588376144,0.17558857321273041,500,24.216241398,0.0,500,7.820224719099999,3.976032667870345e-17,500,0.5840160513643777,0.012560514727045172,500,1.1196083467092641,0.010072839314314066,500,0.07468021346469257,0.0016061577740041967,500,0.14316830870280217,0.001288049854849453,500
6,9,4,1.5,6.0,10.0,0.40354162590174,0.0005734838616231274,500,2.4614403333115598,0.000497428542636188,500,2.1882566030300503,0.027115691925299504,500,0.369397275441272,0.002873196535976512,500,0.277204948084626,0.0010732743697511157,500,0.3033704165290368,0.0016719624739633242,500,4.69038925659512,0.04263091942972234,500,0.00376435734879212,3.4214221051113884e-05,500,nan,nan,0,30.0935919293494,0.1166736026412085,500,17.456433730397197,0.20642777747422766,500,24.216241398,0.0,500,7.820224719099999,3.976032667870345e-17,500,0.5509149277688946,0.012169161066699321,500,1.0801829855536822,0.010094983057618417,500,0.07044745484399732,0.0015561139869767412,500,0.1381268472906456,0.0012908814542084218,500
6,9,4,1.5,6.0,11.0,0.40332929922435,0.0005794220777243597,500,2.4583779250816202,0.0005970864908816455,500,2.39702470909871,0.02689833581879936,500,0.35638485581564,0.0026389471070407153,500,0.27211805308608206,0.0010367973875021214,500,0.310333567324564,0.0016885064953887005,500,4.59159059681486,0.036777635564784764,500,0.00368506468444178,2.951656144846422e-05,500,nan,nan,0,31.383620910021403,0.1273220940123191,500,19.615299482985137,0.20918099223371142,500,24.216241398,0.0,500,7.820224719099999,3.976032667870345e-17,500,0.564648475120424,0.012339304620042232,500,1.0874510433386482,0.009910136834415715,500,0.07220361247946781,0.0015778708494015084,500,0.13905623973727818,0.0012672445089990784,500
6,9,4,1.5,6.0,12.0,0.40161071461528597,0.0005816211488505209,500,2.4546669353912605,0.0006857786407286757,500,2.548620020588488,0.027255487167493393,500,0.33638056764665797,0.002693160794087492,500,0.26272539823879204,0.0011061699340895923,500,0.32569791452727004,0.0018507251635256218,500,4.32868841881164,0.03499163478467146,500,0.00347406775185542,2.8083173984486247e-05,500,nan,nan,0,32.8435974585376,0.1485660302339783,500,21.823283975588918,0.23275678129108834,500,24.216241398,0.0,500,7.820224719099999,3.976032667870345e-17,500,0.5163723916532832,0.011319785393845613,500,1.048622792937298,0.009666801759338572,500,0.06603037766830142,0.0014475012931786317,500,0.1340911330049392,0.001236128385893531,500
6,9,4,1.5,6.0,13.0,0.401153506322508,0.0005605094387148002,500,2.4507311769777,0.0008280679448071412,500,2.68865830285241,0.03104763165005022,500,0.325130335882686,0.0026992429941232994,500,0.25755197860221,0.0011262046943301622,500,0.333406530897638,0.00189460220785126,500,4.2021807135290805,0.03339755312435579,500,0.0033725366882255397,2.680381470655585e-05,500,nan,nan,0,33.8950996572594,0.1738225973201554,500,23.31617122649306,0.2605856132025881,500,24.216241398,0.0,500,7.820224719099999,3.976032667870345e-17,500,0.5119839486355989,0.011581998409297517,500,1.0302985553772201,0.009992268532040553,500,0.06546921182266095,0.001481031405787426,500,0.1317479474548398,0.00127774698182742,500
6,9,4,1.5,6.0,14.0,0.400642550681442,0.0006166475183189292,500,2.4451071859569597,0.0009254909114541284,500,2.927288283225892,0.030609171416694034,500,0.31126866880467,0.0028522517614225674,500,0.25106970724077804,0.0011977232119458796,500,0.343270757726226,0.002049610952288341,500,4.0760773267019195,0.03558052959314149,500,0.00327133011773824,2.855580224169981e-05,500,nan,nan,0,35.647584169741606,0.18577712064293908,500,25.832618414931822,0.2618792561707316,500,24.216241398,0.0,500,7.820224719099999,3.976032667870345e-17,500,0.5287897271267673,0.011983084553050406,500,1.034584269662798,0.010234488470247194,500,0.06761822660097473,0.001532319720145896,500,0.13229597701150742,0.0013087205084093777,500
6,9,4,1.5,6.0,15.0,0.400633226243452,0.0005974433387360835,500,2.4422622864116,0.0009759747188122234,500,2.93920934143792,0.02994884062667012,500,0.302047111062454,0.0026859155196949707,500,0.24715557773689603,0.001173052616266662,500,0.35027257225216396,0.0020519172275071623,500,3.96440233544764,0.032103475648723984,500,0.0031817033189790005,2.5765229252575977e-05,500,nan,nan,0,36.37186024827301,0.20540180861675886,500,26.767331581711122,0.2868130184160224,500,24.216241398,0.0,500,7.820224719099999,3.976032667870345e-17,500,0.4973258426966522,0.010806468032187237,500,1.004035313001662,0.009424967327739548,500,0.0635948275862028,0.001381861573080816,500,0.12838957307061222,0.0012052041554154714,500
6,9,4,1.5,7.0,1.0,0.436212778527218,0.0006039065348433809,500,2.4598653381257,4.8863960263852595e-06,500,0.533198461113846,0.00011647550303454972,500,0.805888181189068,0.002793619126649873,500,0.41733393092454,0.0007279750486487456,500,0.1278389896495832,0.0005624621531532113,500,12.062098573149761,0.05673509387970106,500,0.00968065696079352,4.5533783210010646e-05,500,nan,nan,0,28.3125100391432,0.001190498201565238,500,1.7945524495469423,0.01936342094805862,500,28.252281631000002,1.590413067148138e-16,500,7.820224719099999,3.976032667870345e-17,500,1.7063402889277999,0.006913088582286774,500,1.9069020866799997,9.940081669675863e-18,500,0.21819581280778,0.0008840012698622979,500,0.24384236453199998,1.2425102087094829e-18,500
6,9,4,1.5,7.0,2.0,0.418571556282162,0.0007009828401514216,500,2.45996956302598,2.1412944023007505e-05,500,0.5530780665961881,0.0007527770246998849,500,0.595839612589142,0.004659495884528767,500,0.35519534297154004,0.001378575807846618,500,0.18467046198265796,0.0014793463341285862,500,8.05817879446806,0.07801961975870371,500,0.00646723819780742,6.261606722207979e-05,500,nan,nan,0,28.4956313695984,0.004462538113054485,500,3.6274285899902403,0.03640368274890795,500,28.252281631000002,1.590413067148138e-16,500,7.820224719099999,3.976032667870345e-17,500,1.2581540930997521,0.012181070467111333,500,1.7036115569855201,0.006926027385313631,500,0.1608846469621962,0.0015576368844336349,500,0.21784688013126,0.0008856558007083889,500
6,9,4,1.5,7.0,3.0,0.41017366814058,0.0006426024505827673,500,2.4625207037644596,0.00010697919684836331,500,0.6072400638836641,0.002459592009943093,500,0.4706148588021,0.004756572845062892,500,0.311175351826348,0.001599273384705266,500,0.23999572544060402,0.002191708288818665,500,5.95459722153938,0.07444695302957151,500,0.00477897048277666,5.974875845074367e-05,500,nan,nan,0,28.7914305050554,0.010632805315022316,500,5.39378794764146,0.0586849877604365,500,28.252281631000002,1.590413067148138e-16,500,7.820224719099999,3.976032667870345e-17,500,0.9490465489573293,0.014116794946203144,500,1.464138041736154,0.010609546741506446,500,0.12135796387524883,0.0018051648709907697,500,0.187224548439916,0.0013566805459608918,500
6,9,4,1.5,7.0,4.0,0.405559872722372,0.0006364937195760493,500,2.4651676746144005,0.00014105537641537373,500,0.6742027374427301,0.003998788658305989,500,0.410668112875818,0.004313957546319021,500,0.286449747085976,0.0015573239019429255,500,0.27813410811169004,0.0024624021346042724,500,5.00096311210808,0.06311275477683043,500,0.00401361405466128,5.065229115315235e-05,500,nan,nan,0,29.153080307071,0.018010992391288876,500,6.9932372584946405,0.0771119505996341,500,28.252281631000002,1.590413067148138e-16,500,7.820224719099999,3.976032667870345e-17,500,0.7718555377209434,0.01471586423218949,500,1.2819101123618462,0.01254479050878839,500,0.09869991789822798,0.0018817699952072841,500,0.16392241379302278,0.0016041470621773754,500
6,9,4,1.5,7.0,5.0,0.403616123151206,0.0005820522309122377,500,2.46613844185838,0.0001228334062287453,500,0.766205825992088,0.005684867070631525,500,0.36308147510174604,0.0032886428817785053,500,0.266955859432566,0.001272904931600641,500,0.31032177642376,0.0022735992158574125,500,4.34414534552872,0.044728410505748065,500,0.0034864729899909803,3.589760072694835e-05,500,nan,nan,0,29.711263093480795,0.028012029595537172,500,8.969187582165102,0.09510002748359682,500,28.252281631000002,1.590413067148138e-16,500,7.820224719099999,3.976032667870345e-17,500,0.6437078651685545,0.013188772625508556,500,1.1306003210285298,0.01226294451176383,500,0.08231321839082525,0.0016864953501021759,500,0.1445738916256246,0.0015681064102604778,500
6,9,4,1.5,7.0,6.0,0.40108380965497803,0.0006110595083000369,500,2.46570776758094,0.0001344401556824168,500,0.8768644786377899,0.008541122539860262,500,0.33303407357846,0.0028615008874254035,500,0.25423870528881004,0.0011634379569756678,500,0.334396392867068,0.0022303980069282715,500,3.9868110017371206,0.036747092247874945,500,0.0031996878023572003,2.9492048353031304e-05,500,nan,nan,0,30.322393621952802,0.0419785332373732,500,10.71722306060666,0.12075749484708506,500,28.252281631000002,1.590413067148138e-16,500,7.820224719099999,3.976032667870345e-17,500,0.5298298555377515,0.012659761895999407,500,1.012760834671774,0.01245451584584709,500,0.06775123152710283,0.0016188488631380194,500,0.1295053366174098,0.001592603319364597,500
6,9,4,1.5,7.0,7.0,0.400341652189928,0.0006003381699421745,500,2.46574061090618,0.00016351534365096205,500,1.0560609666243719,0.012486466818455685,500,0.31665732309064,0.002571216188747223,500,0.246913003274482,0.0010420117270727644,500,0.348209718476538,0.002066625742315207,500,3.8301670822450196,0.03257462622284905,500,0.0030739703709830404,2.6143359729413995e-05,500,nan,nan,0,31.170746393642,0.05357759829966568,500,12.87333598733754,0.13529188292979813,500,28.252281631000002,1.590413067148138e-16,500,7.820224719099999,3.976032667870345e-17,500,0.49784911717493163,0.01195066892066022,500,0.978783306581338,0.011721573108748598,500,0.06366174055829614,0.0015281746177284831,500,0.1251605090312072,0.0014988793199393563,500
6,9,4,1.5,7.0,8.0,0.401793932935386,0.000603532226610643,500,2.465364567991,0.00021115218693409498,500,1.2235236029532421,0.019548465529701922,500,0.311444440302226,0.0025109470664079828,500,0.24522250720327002,0.0010262029436317714,500,0.35108265939266997,0.002041585578394226,500,3.8296100522452,0.032829621529943696,500,0.00307352331640864,2.6348010858692467e-05,500,nan,nan,0,31.785304593870002,0.06779707882407199,500,14.224051057155501,0.15561738056871297,500,28.252281631000002,1.590413067148138e-16,500,7.820224719099999,3.976032667870345e-17,500,0.497701444622802,0.01269908552201486,500,0.974375601926408,0.012297880057751896,500,0.06364285714286395,0.0016238773153158636,500,0.1245968801313642,0.0015725737430159906,500
6,9,4,1.5,7.0,9.0,0.400250152425304,0.000590099250052887,500,2.4656650877788,0.0002888730316452445,500,1.437192237540442,0.02350470629269979,500,0.30865149221647403,0.0024829582358629485,500,0.243936288465746,0.0010218292989407007,500,0.352900721598812,0.0020054575633342386,500,3.8643457535978,0.03533263394114789,500,0.00310140108635474,2.8356849069938253e-05,500,nan,nan,0,32.774943564089206,0.08666456975298031,500,16.25040772986698,0.1772514487456837,500,28.252281631000002,1.590413067148138e-16,500,7.820224719099999,3.976032667870345e-17,500,0.5291300160513058,0.012903476761448167,500,1.003001605136306,0.012087624827717561,500,0.06766174055828028,0.0016500135513920888,500,0.12825738916256937,0.0015456876575691472,500
6,9,4,1.5,7.0,10.0,0.39962003396526996,0.0005821885720289698,500,2.4651793290131,0.00035629205583471285,500,1.58623349713454,0.024827877613909338,500,0.2966295820581059,0.0022847088762229417,500,0.238596084657038,0.0009437305785325906,500,0.36130570332885203,0.0018918115092974748,500,3.7283516783023396,0.029709022701268975,500,0.00299225656364584,2.3843517416738553e-05,500,nan,nan,0,33.7384698358436,0.10532772258352632,500,18.024827825884984,0.20384275247109146,500,28.252281631000002,1.590413067148138e-16,500,7.820224719099999,3.976032667870345e-17,500,0.49838523274473284,0.011788214036684678,500,0.9694414125200721,0.011079622005090408,500,0.06373029556649638,0.00150740093285248,500,0.1239659277504112,0.001416790744904496,500
6,9,4,1.5,7.0,11.0,0.39889987003411803,0.0006076246420988475,500,2.4639722372383797,0.000431037892274409,500,1.715796180086126,0.023606282472188135,500,0.29495606316590206,0.002337391465694576,500,0.238078146170572,0.0009931009079728768,500,0.361443574057588,0.001978139538297585,500,3.76457698285206,0.03182690557293873,500,0.0030213298417755,2.5543262899622447e-05,500,nan,nan,0,34.6831179825322,0.11176206398261128,500,19.756512556798558,0.20338003530918664,500,28.252281631000002,1.590413067148138e-16,500,7.820224719099999,3.976032667870345e-17,500,0.5334349919742433,0.01182772367757718,500,0.9889085072228959,0.011354811858430564,500,0.06821223316912556,0.0015124531714148075,500,0.1264552545156,0.0014519802520148407,500
6,9,4,1.5,7.0,12.0,0.399041569313188,0.0005880003545563157,500,2.4608787007757202,0.0005847660812522104,500,1.7882231871040581,0.023537039493241468,500,0.280498959410658,0.002199147480419144,500,0.23107158103457598,0.0009416443692947183,500,0.374602845616796,0.001951391829003195,500,3.58398390771088,0.027149039566312646,500,0.0028763915792221,2.1788956313251856e-05,500,nan,nan,0,35.80606178678261,0.14317768556121815,500,21.541272905279598,0.24554397471512554,500,28.252281631000002,1.590413067148138e-16,500,7.820224719099999,3.976032667870345e-17,500,0.4931556982343202,0.011608564237192002,500,0.9450818619581941,0.010814388310145657,500,0.0630615763546827,0.0014844284728600288,500,0.12085098522167578,0.0013828743672464206,500
6,9,4,1.5,7.0,13.0,0.39904952130929994,0.0005954976352379577,500,2.4577940866816403,0.0006463320448428457,500,1.9483615663484501,0.022437434176272048,500,0.270615772237192,0.0023209603351486228,500,0.22623387610871,0.0010086269477629051,500,0.383288011676736,0.0020516558719732387,500,3.5060853645021197,0.02946877031407985,500,0.0028138726841911597,2.365069848642017e-05,500,nan,nan,0,37.2099300345126,0.14480380672089427,500,23.86365883012866,0.23422736216240522,500,28.252281631000002,1.590413067148138e-16,500,7.820224719099999,3.976032667870345e-17,500,0.4857624398073842,0.01195827370642431,500,0.927056179775152,0.011669574132625246,500,0.06211617405582634,0.0015291470687813888,500,0.11854597701150621,0.0014922300255820259,500
6,9,4,1.5,7.0,14.0,0.39809987155310406,0.0005644723611873973,500,2.4562685951793,0.0007193536281403607,500,1.99097424804937,0.023883427961993848,500,0.26474556918721204,0.002280181581226211,500,0.223172263773948,0.0010168112294206106,500,0.38983448548240596,0.002078047354393773,500,3.4324968116991603,0.028282722716259034,500,0.00275481285048102,2.269881437903844e-05,500,nan,nan,0,38.06041671299659,0.1739674725185917,500,25.0870646716752,0.2691378845053491,500,28.252281631000002,1.590413067148138e-16,500,7.820224719099999,3.976032667870345e-17,500,0.4653932584269734,0.011424471832401034,500,0.920003210272844,0.011004191496044266,500,0.05951149425287216,0.0014608879210972578,500,0.11764408866996319,0.0014071451769382271,500
6,9,4,1.5,7.0,15.0,0.39672854341409197,0.000582428284747282,500,2.4523212012324604,0.0008332390203477553,500,2.0775847542380763,0.02670546372457456,500,0.257382261954878,0.002377433235561637,500,0.21912876014586796,0.0010737064379812936,500,0.397638861935642,0.002247146852101569,500,3.34291922749442,0.02801875211581902,500,0.0026829207283263798,2.248695996453862e-05,500,nan,nan,0,39.231567080450596,0.20310068604701623,500,26.72346801761262,0.3080886509080222,500,28.252281631000002,1.590413067148138e-16,500,7.820224719099999,3.976032667870345e-17,500,0.457017656500849,0.01185666123083628,500,0.889695024077018,0.011511339542093959,500,0.05844047619047314,0.001516153519459621,500,0.11376847290642181,0.0014719960046660218,500
6,9,4,1.5,8.0,1.0,0.430792420020766,0.000574549169446364,500,2.46040271381908,4.001058217602224e-06,500,0.41475165083973203,6.49457277875576e-05,500,0.7461049270765,0.002756677837582008,500,0.39247121567129,0.0007206246691480297,500,0.14320623564565,0.0006283961505172617,500,10.51810859234258,0.047425868947019716,500,0.0084414996728267,3.8062495142057186e-05,500,nan,nan,0,32.3408639939988,0.0010400469273868294,500,1.79372441685267,0.018931771374631774,500,32.28832186390001,3.180826134296276e-16,500,7.820224719099999,3.976032667870345e-17,500,1.6970626003241,0.007050555584521871,500,1.9069020866799997,9.940081669675863e-18,500,0.217009441707612,0.0009015796652610173,500,0.24384236453199998,1.2425102087094829e-18,500
6,9,4,1.5,8.0,2.0,0.41589506111148195,0.0006782155360808053,500,2.46034478710402,8.03330324314198e-06,500,0.42314317989455796,0.0003505316781224467,500,0.54195762429343,0.004856692860876952,500,0.331143794572474,0.0014413274337834057,500,0.205467666667804,0.0016942385105077587,500,7.1246922844081,0.07125312828259281,500,0.00571805159262256,5.718549621394973e-05,500,nan,nan,0,32.5070726670952,0.004331613432542642,500,3.6579618956351125,0.040108121369806744,500,32.28832186390001,3.180826134296276e-16,500,7.820224719099999,3.976032667870345e-17,500,1.2534093097933159,0.012700593606816326,500,1.6978812199068598,0.007019853841155437,500,0.160277914614082,0.001624070159482798,500,0.217114121510568,0.0008976537239408692,500
6,9,4,1.5,8.0,3.0,0.406219008976392,0.000641788342870805,500,2.46191529842936,8.142592799473917e-05,500,0.446447137507324,0.0011308202774440589,500,0.412655959819524,0.0045703370506183305,500,0.285777866870672,0.0015719574266218894,500,0.267392860007726,0.002344183612236205,500,5.237683459436001,0.0629694025082462,500,0.004203598282051319,5.053724117835234e-05,500,nan,nan,0,32.7681080950728,0.009234552887657085,500,5.441033194444101,0.05751867038418215,500,32.28832186390001,3.180826134296276e-16,500,7.820224719099999,3.976032667870345e-17,500,0.938439807384286,0.013549072143129644,500,1.4655569823461438,0.009865067932254893,500,0.1200016420361752,0.001732568133241243,500,0.1874059934316986,0.001261481387882094,500
6,9,4,1.5,8.0,4.0,0.40218401655283403,0.0006460032343403626,500,2.4651110970641597,0.00014433633622973983,500,0.49195214656508596,0.0026530616333936435,500,0.341538854674572,0.00384694334441044,500,0.255666950950776,0.0014884923021310724,500,0.31858874281112604,0.0027019923986171548,500,4.2270960071811405,0.049923582155651285,500,0.00339253291106042,4.006708038174642e-05,500,nan,nan,0,33.148604814949195,0.016777604940913394,500,7.3092796055273,0.07765561094502867,500,32.28832186390001,3.180826134296276e-16,500,7.820224719099999,3.976032667870345e-17,500,0.7345585874800444,0.014254927791993076,500,1.2366324237578696,0.013018704766959426,500,0.09393062397376,0.001822828410183408,500,0.1581325944170154,0.0016647481670294328,500
6,9,4,1.5,8.0,5.0,0.399805071452218,0.0006456659258872832,500,2.46709179525078,0.0001378660137684245,500,0.553416355598324,0.003928234527006286,500,0.30357610996897993,0.0034959034172110347,500,0.237047535988324,0.0014283316058639767,500,0.355308780409426,0.002825523777236977,500,3.7129816025106397,0.04431718879559692,500,0.0029799210293023,3.5567567251696184e-05,500,nan,nan,0,33.6405987922534,0.025180482553401395,500,9.21162720087706,0.09618449328638393,500,32.28832186390001,3.180826134296276e-16,500,7.820224719099999,3.976032667870345e-17,500,0.6239229534510388,0.013572701290524602,500,1.0759133226336635,0.013984381826116285,500,0.07978325123155011,0.0017355896765198662,500,0.13758087027916302,0.001788232733504801,500
6,9,4,1.5,8.0,6.0,0.39833287922225397,0.0005602123053326654,500,2.46690011390812,0.00013099113755647796,500,0.6156640794367201,0.005676828579192032,500,0.280671726959812,0.0031433094861620615,500,0.22631482286424,0.0013499335115471894,500,0.377736026707032,0.00283337244446644,500,3.45146586275692,0.039322083684935824,500,0.00277003680799132,3.155865464281888e-05,500,nan,nan,0,34.1723460212856,0.03914033482223441,500,10.862247556981304,0.12653492676954692,500,32.28832186390001,3.180826134296276e-16,500,7.820224719099999,3.976032667870345e-17,500,0.5471139646869155,0.013261294761809874,500,0.9716083467101542,0.013998382691123655,500,0.06996141215107964,0.0016957690140834386,500,0.1242430213464996,0.0017900230740040789,500
6,9,4,1.5,8.0,7.0,0.398810677982368,0.0005773826408136377,500,2.4666651094518404,0.00014364822174559356,500,0.691664337085536,0.0073023977580702944,500,0.263444891827648,0.002738070337527129,500,0.217723063734962,0.0012056975621249231,500,0.39671378732072005,0.0026766633814997573,500,3.2541043968063605,0.03243363851879563,500,0.0026116407679023603,2.6030207478978727e-05,500,nan,nan,0,34.770741061486795,0.04953816673512758,500,12.563970897497517,0.1404252160758102,500,32.28832186390001,3.180826134296276e-16,500,7.820224719099999,3.976032667870345e-17,500,0.4790401284108674,0.012529060871018263,500,0.9007576243987016,0.013400728468771458,500,0.06125656814450579,0.001602135657358032,500,0.1151830870279198,0.0017135988990195558,500
6,9,4,1.5,8.0,8.0,0.39663635603393405,0.0006033268546781109,500,2.4664572643618197,0.00017069918934911775,500,0.801413564133678,0.010832427072866123,500,0.249708641194128,0.00234700089734358,500,0.211611285641878,0.0010737424585747144,500,0.41019443233235,0.002520909348280426,500,3.1301807603366805,0.027920631568025173,500,0.00251218359577578,2.240821153131996e-05,500,nan,nan,0,35.565347825740396,0.062153266763897125,500,14.5725626009308,0.15459759435501613,500,32.28832186390001,3.180826134296276e-16,500,7.820224719099999,3.976032667870345e-17,500,0.4285264847511596,0.012130542785695881,500,0.860317817014708,0.012551391510448578,500,0.0547972085385898,0.0015511757297799638,500,0.1100119047619182,0.001604991155789689,500
6,9,4,1.5,8.0,9.0,0.396949697641452,0.0005870653216928972,500,2.46650642753006,0.000199734529547604,500,0.959401124528224,0.01516403947071226,500,0.246605641104008,0.002104235948637715,500,0.20982433953725002,0.00098371237932174,500,0.41329702410656,0.002328265091787578,500,3.1199717353549605,0.025729865153297015,500,0.00250399015678562,2.064997203315026e-05,500,nan,nan,0,36.33142830209619,0.07309996685297804,500,16.3017372440434,0.16962043845835834,500,32.28832186390001,3.180826134296276e-16,500,7.820224719099999,3.976032667870345e-17,500,0.4358747993579088,0.011663071038858962,500,0.8516051364366638,0.012251726949722248,500,0.05573686371099766,0.0014913984518077233,500,0.10889778325123155,0.001566671980640907,500
6,9,4,1.5,8.0,10.0,0.396572078854496,0.0006126206482937056,500,2.4660435743357403,0.0002646802630725219,500,1.1322308916704737,0.021487532273153403,500,0.243243983902412,0.0023398356408610385,500,0.208664986475836,0.0010628745379485354,500,0.41610804512143396,0.0024458270947726917,500,3.13722268539386,0.030912430114594436,500,0.00251783522102234,2.4809333960356594e-05,500,nan,nan,0,37.2666594148864,0.09414044438646896,500,18.2056062010108,0.19639245003203307,500,32.28832186390001,3.180826134296276e-16,500,7.820224719099999,3.976032667870345e-17,500,0.4345874799357828,0.012484422783664862,500,0.8552295345102559,0.012881350427342652,500,0.05557224958948377,0.0015964276260716152,500,0.10936124794746153,0.0016471841782112406,500
6,9,4,1.5,8.0,11.0,0.39701357758786393,0.0005914389878267728,500,2.4658815701182,0.00036725412932884035,500,1.233232521692026,0.022860292028480812,500,0.24690448080535202,0.0024692987495813293,500,0.209931691753476,0.001099634183798969,500,0.412393526862822,0.0024687618585346746,500,3.1957495826060605,0.03251806723175916,500,0.0025648070486403,2.6097967280702747e-05,500,nan,nan,0,38.0059138745212,0.11305167518397179,500,19.5720050858752,0.22484881367156798,500,32.28832186390001,3.180826134296276e-16,500,7.820224719099999,3.976032667870345e-17,500,0.4614446227929348,0.012720928428992688,500,0.8902632423755761,0.013036698116954638,500,0.059006568144497035,0.0016266704456615235,500,0.11384113300493681,0.0016670490408192194,500
6,9,4,1.5,8.0,12.0,0.396836748712242,0.000574836306430594,500,2.4651617646127604,0.00041212949632639904,500,1.3165303423793522,0.020375437099095183,500,0.23523005614842402,0.0019493633487870522,500,0.20507158908135,0.0009327144330147657,500,0.42134501572159,0.0022094082663163335,500,3.0861364995778797,0.02480456160329065,500,0.00247683507189228,1.990735281163576e-05,500,nan,nan,0,39.1180169026742,0.12657519742724072,500,21.61804212897598,0.2383072869297343,500,32.28832186390001,3.180826134296276e-16,500,7.820224719099999,3.976032667870345e-17,500,0.4399293739967906,0.011120163155216693,500,0.8692905296949359,0.01193994825736655,500,0.056255336617403645,0.0014219748862273794,500,0.1111592775041138,0.001526803728314193,500
6,9,4,1.5,8.0,13.0,0.395835848629206,0.0005696503126013865,500,2.4625821383828397,0.0005015985524885145,500,1.426613002838428,0.02098156907801361,500,0.227377085806342,0.002026942279501655,500,0.20095220507014802,0.000950941252249891,500,0.430315345278196,0.002250464255026179,500,3.0213652035737995,0.025450062355500788,500,0.0024248516882615003,2.04254112002485e-05,500,nan,nan,0,40.3682702016704,0.13889509135005704,500,23.82819920198508,0.24067816855983434,500,32.28832186390001,3.180826134296276e-16,500,7.820224719099999,3.976032667870345e-17,500,0.4288025682182772,0.011365813774719038,500,0.846170144462216,0.012218859659119664,500,0.05483251231526848,0.001453387106249833,500,0.108202791461398,0.0015624691230782294,500
6,9,4,1.5,8.0,14.0,0.395240801063606,0.00061659632986003,500,2.4622303586160394,0.0006070896471965394,500,1.4785836542467359,0.020769493266059754,500,0.22698031583040199,0.0022459573276176403,500,0.199997306808862,0.0010496610266022453,500,0.43188617502542603,0.0024072551278904405,500,3.0220105715442203,0.029081542636701506,500,0.0024253696400836,2.333992185931243e-05,500,nan,nan,0,41.172149922536406,0.1593574211700126,500,25.09240553447722,0.2673007058270875,500,32.28832186390001,3.180826134296276e-16,500,7.820224719099999,3.976032667870345e-17,500,0.4466195826645066,0.011882091639092459,500,0.8440417335472838,0.012236003453309472,500,0.0571108374384275,0.001519405396378967,500,0.10793062397372154,0.001564661361128298,500
6,9,4,1.5,8.0,15.0,0.3950635273255,0.0006065337609381067,500,2.45775094765934,0.0006582227324204346,500,1.508200080246426,0.020510349460143306,500,0.215175985869518,0.0018740438092458205,500,0.194394524670656,0.0009404802895578431,500,0.444353193797522,0.0022616324632867622,500,2.8953852087287,0.0230664325522307,500,0.00232374414825752,1.8512385675942912e-05,500,nan,nan,0,42.39496908043861,0.18311789852388308,500,26.9840077984423,0.29489153568061727,500,32.28832186390001,3.180826134296276e-16,500,7.820224719099999,3.976032667870345e-17,500,0.4041059390048264,0.01115527517992808,500,0.8025939004815338,0.011495226296007445,500,0.051674466338259915,0.001426464785939248,500,0.102630541871919,0.0014699355464731292,500
6,9,4,1.5,9.0,1.0,0.42605081434776204,0.0005904734169638566,500,2.46078312470494,3.3942895672336903e-06,500,0.331679951876048,4.4047049302745365e-05,500,0.7022703992068959,0.002806296939815703,500,0.37372583918539604,0.000743622466882976,500,0.15559639367171998,0.0006821000240345259,500,9.541410103757,0.04567660195897587,500,0.00765763250702778,3.6658589052162456e-05,500,nan,nan,0,36.3712071887312,0.0009622562881499735,500,1.785261785767768,0.02093663571687366,500,36.32436209690001,3.180826134296276e-16,500,7.820224719099999,3.976032667870345e-17,500,1.70743178170456,0.006997445538846516,500,1.9069020866799997,9.940081669675863e-18,500,0.218335385878388,0.0008947882944786855,500,0.24384236453199998,1.2425102087094829e-18,500
6,9,4,1.5,9.0,2.0,0.414050205143608,0.0006500155897735958,500,2.4607263547347396,3.1294739718837455e-06,500,0.33607404514950406,0.0001564356368694471,500,0.502022462826094,0.004484040203616028,500,0.31373535148153203,0.0013513626228963713,500,0.221031547258746,0.0017259191206791596,500,6.53237451153236,0.060279298275213465,500,0.0052426761729794,4.8378249017040525e-05,500,nan,nan,0,36.514428960623,0.003759960960472797,500,3.62323714084084,0.0380761737233337,500,36.32436209690001,3.180826134296276e-16,500,7.820224719099999,3.976032667870345e-17,500,1.2422375601947222,0.012515281658993587,500,1.69924558587784,0.007010654347818904,500,0.15884934318548444,0.0016003736604066248,500,0.217288587848828,0.000896477351946688,500
6,9,4,1.5,9.0,3.0,0.40559050139947206,0.0006393310009141875,500,2.46142801449944,5.420186287126198e-05,500,0.34650493342410005,0.0006016868809039362,500,0.383014493964856,0.004663148015876575,500,0.27074830774462205,0.001603940998697998,500,0.28363324926281996,0.0025817954086726613,500,4.905203479965659,0.05849079698437318,500,0.00393676041730788,4.6942854722591917e-05,500,nan,nan,0,36.750452883105396,0.008463482957338012,500,5.425335854760821,0.05901631627770368,500,36.32436209690001,3.180826134296276e-16,500,7.820224719099999,3.976032667870345e-17,500,0.9407479935801097,0.014688321421796829,500,1.466703049761768,0.010669828374876216,500,0.12029679802960314,0.0018782479978982616,500,0.18755254515582578,0.0013643889732175565,500
6,9,4,1.5,9.0,4.0,0.400252885894332,0.0006266033778971951,500,2.463968293537,0.00013861062254087424,500,0.37134258443485396,0.0015676825405226285,500,0.313277024363832,0.0039588443082641525,500,0.24098641058168602,0.001566301047274952,500,0.337056943335792,0.00295948569988301,500,3.9805171065658596,0.048386235886288105,500,0.00319463652212324,3.88332551254216e-05,500,nan,nan,0,37.0703195008218,0.015530777207104276,500,7.18407970150902,0.08081084944838546,500,36.32436209690001,3.180826134296276e-16,500,7.820224719099999,3.976032667870345e-17,500,0.7528186195829192,0.01353299900596383,500,1.26008025682384,0.01260988261370224,500,0.09626559934321392,0.0017305128039223257,500,0.1611309523808752,0.0016124706215690046,500
6,9,4,1.5,9.0,5.0,0.397400693347194,0.0006094500707442669,500,2.46663485777572,0.00015960851308803936,500,0.40497600802440603,0.00254994457457004,500,0.272593907844804,0.0035738542031471957,500,0.220598113549472,0.0015242107330449663,500,0.378921302933376,0.0032412469346825594,500,3.4523629593535796,0.0423786910134672,500,0.0027707567892085797,3.4011790540503736e-05,500,nan,nan,0,37.484940306148,0.02331954102983847,500,8.994330598400138,0.10044831160002578,500,36.32436209690001,3.180826134296276e-16,500,7.820224719099999,3.976032667870345e-17,500,0.6382792937400242,0.013868168402275081,500,1.0947415730350722,0.013566022429286074,500,0.08161904761907271,0.0017733721089130442,500,0.1399885057471526,0.0017347356267251274,500
6,9,4,1.5,9.0,6.0,0.395802330089282,0.000584687584450554,500,2.4678442333107395,0.00013887183183949173,500,0.45189528936691997,0.003689738984062714,500,0.239270867494296,0.003146470803590985,500,0.20353024221405003,0.0014244410153442255,500,0.418614695301528,0.003309066588760642,500,3.0553426401228196,0.036368124606250926,500,0.00245212089897522,2.91879009680974e-05,500,nan,nan,0,38.003932947259,0.032506808173920806,500,10.890406441782162,0.11644341034929791,500,36.32436209690001,3.180826134296276e-16,500,7.820224719099999,3.976032667870345e-17,500,0.5079325842696304,0.013342813526663957,500,0.9376693418948264,0.0147859862066357,500,0.06495114942528675,0.0017061931090127387,500,0.1199031198686649,0.0018907367419354058,500
6,9,4,1.5,9.0,7.0,0.395051317526446,0.0005716832311746549,500,2.46781699610238,0.00013903737895928827,500,0.499238125884252,0.004479748462409146,500,0.22220800545650599,0.0024753832772375184,500,0.19465815317642,0.0011825543561510786,500,0.439078177510646,0.0029406821710863708,500,2.85829856060528,0.02819742131289689,500,0.0022939795831502198,2.2630354183694982e-05,500,nan,nan,0,38.551549143084,0.04164968124168532,500,12.609416195940058,0.1315157210535442,500,36.32436209690001,3.180826134296276e-16,500,7.820224719099999,3.976032667870345e-17,500,0.4426388443017364,0.012003577359781678,500,0.8469020866778553,0.013326200862129324,500,0.05660180623973396,0.0015349402083621817,500,0.10829638752056671,0.0017040687884022152,500
6,9,4,1.5,9.0,8.0,0.39474116550695,0.0006049728827275395,500,2.46707521591236,0.00015248748871517565,500,0.553109359817252,0.0061384597072196454,500,0.21249402786633,0.002387932963984168,500,0.18931100807113,0.0011722900820113928,500,0.453077568998012,0.003013796047798216,500,2.75695271603484,0.025978785713300014,500,0.00221264262924156,2.084974776347263e-05,500,nan,nan,0,39.09730478260779,0.05558474725107904,500,14.077048897059521,0.15838865634883054,500,36.32436209690001,3.180826134296276e-16,500,7.820224719099999,3.976032667870345e-17,500,0.4057174959871374,0.01171798495068613,500,0.7845136436600878,0.013610949454374119,500,0.0518805418719243,0.0014984204893836227,500,0.10031855500823153,0.0017404806055144198,500
6,9,4,1.5,9.0,9.0,0.39466416769663604,0.0005468386735390607,500,2.46692578974214,0.0001791074555945061,500,0.64530508508269,0.009214163182861931,500,0.20888625150214402,0.002202188009972435,500,0.18705327492425403,0.0010721736506004603,500,0.45771031251858396,0.002774162049201256,500,2.73538332366128,0.024353152388192714,500,0.0021953317204344,1.9545066122131482e-05,500,nan,nan,0,39.9265366066186,0.07012379759295434,500,16.16166302201064,0.17863571243203297,500,36.32436209690001,3.180826134296276e-16,500,7.820224719099999,3.976032667870345e-17,500,0.40171107544137763,0.011432127694932962,500,0.7843916532907238,0.01267122580186301,500,0.05136822660098428,0.0014618669035180577,500,0.100302955665028,0.0016203147936286902,500
6,9,4,1.5,9.0,10.0,0.394130152083144,0.0005909039954138434,500,2.46689672885364,0.00022383085879675713,500,0.7639876846279039,0.013650939229698546,500,0.20795524116956798,0.002630559415244282,500,0.18631564113182,0.0012082799770830324,500,0.460096803989552,0.0029351558324467067,500,2.76094102889228,0.031047779799807784,500,0.0022158435223856195,2.491796131606487e-05,500,nan,nan,0,40.7295350432468,0.08352505209682315,500,17.98406635239574,0.19763299345847413,500,36.32436209690001,3.180826134296276e-16,500,7.820224719099999,3.976032667870345e-17,500,0.40991011235953045,0.012106509205679452,500,0.7848218298555857,0.013245239791354361,500,0.052416666666669345,0.0015481024702662563,500,0.1003579638752164,0.001693716007803433,500
6,9,4,1.5,9.0,11.0,0.394876141761624,0.0005913406448723041,500,2.46697615533058,0.0002299106277221662,500,0.8493350797534319,0.01660962540700702,500,0.198992260404514,0.0019162304809424739,500,0.182291120775994,0.0009718247463920242,500,0.468473787310714,0.0025698412556148863,500,2.6728861778103,0.022812814684084765,500,0.0021451734974397597,1.830884003537592e-05,500,nan,nan,0,41.35515326678079,0.0962425299698078,500,19.31402189476872,0.21177760804973988,500,36.32436209690001,3.180826134296276e-16,500,7.820224719099999,3.976032667870345e-17,500,0.38766292134828656,0.011450798444346403,500,0.7611621187801257,0.01262340421132478,500,0.0495718390804612,0.0014642543987741018,500,0.09733251231526639,0.0016141996764488103,500
6,9,4,1.5,9.0,12.0,0.39408613436410994,0.0005693041225150201,500,2.4669025285689004,0.0003117092344686334,500,0.96989036150135,0.018812967337693356,500,0.19850237226818598,0.001973774169326048,500,0.18228520217177802,0.0009999801149099565,500,0.467779170620336,0.0026258190447115094,500,2.69961407612084,0.024000175498677983,500,0.00216662445916634,1.9261778088836045e-05,500,nan,nan,0,42.345827032376995,0.11511218689242327,500,21.2770154949824,0.2352270633821175,500,36.32436209690001,3.180826134296276e-16,500,7.820224719099999,3.976032667870345e-17,500,0.3985810593900436,0.011288994704113006,500,0.779232744783357,0.01282960121398359,500,0.05096798029556481,0.0014435639779675669,500,0.09964326765188435,0.0016405668219034433,500
6,9,4,1.5,9.0,13.0,0.393966641448284,0.0005652360676476732,500,2.4657121676655396,0.0003808166319031014,500,1.052226274413828,0.018616985048945846,500,0.19666689876706397,0.0020213253351239776,500,0.18108377580803,0.0010078240438331555,500,0.470434541663358,0.0026106155262465417,500,2.6925830597751,0.02492778703814171,500,0.0021609815889045,2.000624962931734e-05,500,nan,nan,0,43.5051848545924,0.12930911168596787,500,23.45860119589034,0.25036870507063325,500,36.32436209690001,3.180826134296276e-16,500,7.820224719099999,3.976032667870345e-17,500,0.3989502407704458,0.011770331318197637,500,0.775749598715884,0.013041661069510253,500,0.051015188834153076,0.0015051142059186759,500,0.09919786535302061,0.0016676836712451618,500
6,9,4,1.5,9.0,14.0,0.39371511386461,0.0005540843773965468,500,2.46436649707806,0.000476281768726333,500,1.1400642687277818,0.017882822286058177,500,0.191118513439758,0.001885077492402823,500,0.17862691611187198,0.0009727912097105405,500,0.475531666501878,0.0025841787736003725,500,2.6602534871816,0.022642261222788625,500,0.0021350349014296398,1.8171959247834355e-05,500,nan,nan,0,44.6794014442606,0.14609621746483825,500,25.53682576779228,0.2660136572161241,500,36.32436209690001,3.180826134296276e-16,500,7.820224719099999,3.976032667870345e-17,500,0.3894125200641848,0.011186868237212749,500,0.7680963081861859,0.012769921953286788,500,0.04979556650245896,0.001430504702746724,500,0.0982192118226416,0.001632935422187569,500
6,9,4,1.5,9.0,15.0,0.393473168703404,0.000568435809583636,500,2.46309119993232,0.0005694713492699315,500,1.1753299789031562,0.01830815980181583,500,0.187229886319502,0.0017651464291232805,500,0.175812563364636,0.000911183244256175,500,0.48180075040411996,0.00243862038477507,500,2.6059289701605404,0.020656954162191075,500,0.0020914357705941996,1.6578614897415533e-05,500,nan,nan,0,45.706284154292604,0.17655512989989533,500,27.17439173397648,0.3059603251579511,500,36.32436209690001,3.180826134296276e-16,500,7.820224719099999,3.976032667870345e-17,500,0.38026324237560477,0.010407276274468117,500,0.7451942215087877,0.011359984604994346,500,0.04862561576354908,0.0013308155006143733,500,0.0952906403940894,0.0014526417095477254,500
6,9,4,1.5,10.0,1.0,0.42104011007196,0.0005957982151491619,500,2.4610577954053396,2.55835662501651e-06,500,0.271280821500792,3.09006792626219e-05,500,0.6533804806060162,0.0026879812754272607,500,0.35534461526600397,0.0007170990523041298,500,0.169034353686282,0.0007165782622745927,500,8.62042108882128,0.039098008446430625,500,0.0069184759942386605,3.137881897790103e-05,500,nan,nan,0,40.4036510431298,0.0008735329392530693,500,1.8149562655000082,0.019982753177520303,500,40.360402329900005,3.180826134296276e-16,500,7.820224719099999,3.976032667870345e-17,500,1.6913322632454002,0.007318083003881325,500,1.9069020866799997,9.940081669675863e-18,500,0.21627668308692,0.0009357893496326914,500,0.24384236453199998,1.2425102087094829e-18,500
6,9,4,1.5,10.0,2.0,0.412462478673754,0.0006646548081206178,500,2.46101864767216,2.3358656445003867e-06,500,0.27390814443202205,9.24078447349702e-05,500,0.474596673449976,0.0042412828244867565,500,0.30074976072389403,0.0013032090547235593,500,0.23255832944953797,0.0017466226668881653,500,6.1225990792219,0.05385696801088874,500,0.004913803434367521,4.3223890859460395e-05,500,nan,nan,0,40.5272408056322,0.003311027030921427,500,3.57425745588384,0.038125549623705624,500,40.360402329900005,3.180826134296276e-16,500,7.820224719099999,3.976032667870345e-17,500,1.251107544143218,0.012349708618627287,500,1.7008828250433,0.007032925088791115,500,0.15998357963867618,0.0015792012457624236,500,0.21749794745474,0.0008993251909518626,500
6,9,4,1.5,10.0,3.0,0.405061402077156,0.0006094681248598432,500,2.4612202992034398,2.767795056494993e-05,500,0.279725331742222,0.0003154039960143669,500,0.35689320727635404,0.00436605707748313,500,0.257666597976448,0.001546161728276856,500,0.298645044306518,0.002612207094007849,500,4.596565792092621,0.052255102305988795,500,0.00368905761805178,4.193828435472007e-05,500,nan,nan,0,40.74634757905079,0.007458908145177438,500,5.4469601275262605,0.05769716024263447,500,40.360402329900005,3.180826134296276e-16,500,7.820224719099999,3.976032667870345e-17,500,0.953219903692504,0.013955977964741142,500,1.469213483148978,0.010490986919289715,500,0.12189162561581679,0.0017846006305450744,500,0.1878735632182382,0.0013415198790410938,500
6,9,4,1.5,10.0,4.0,0.398871458407206,0.0006552342162174124,500,2.4630808616347,0.00010865813814934346,500,0.292304228598372,0.0008423471216213892,500,0.288884746030614,0.004051887146071811,500,0.227977346957612,0.0016218363888052438,500,0.355008384267358,0.003236053918889128,500,3.75271870038608,0.04666285929236078,500,0.0030118127611444404,3.7450127842992596e-05,500,nan,nan,0,41.0409449109576,0.013301604142401852,500,7.2419167066644805,0.07805263584517612,500,40.360402329900005,3.180826134296276e-16,500,7.820224719099999,3.976032667870345e-17,500,0.7524943820227186,0.014743869703593282,500,1.2609085072250301,0.012972722353825888,500,0.09622413793106355,0.0018853511546250634,500,0.161236863710964,0.0016588682320163451,500
6,9,4,1.5,10.0,5.0,0.39710913676495,0.0006288072941726449,500,2.4657571549045403,0.0001666790182309395,500,0.31112441594422,0.0014501981199112875,500,0.247037771022914,0.0033536726306185993,500,0.20745248088323,0.0014821977739643284,500,0.39849574742649996,0.0033334507947486267,500,3.24463635088114,0.03768077250891742,500,0.0026040420151534197,3.024139045659647e-05,500,nan,nan,0,41.4038376142208,0.021333509482199864,500,8.980139360828282,0.09909302329149566,500,40.360402329900005,3.180826134296276e-16,500,7.820224719099999,3.976032667870345e-17,500,0.6304975922953993,0.01357058899178048,500,1.098080256823112,0.013341285405460987,500,0.08062397372743933,0.001735319569351967,500,0.1404154351396054,0.0017059977027024766,500
6,9,4,1.5,10.0,6.0,0.39591673680755,0.0005813313417141839,500,2.4680288905705403,0.00015915806865302197,500,0.346195144833958,0.002521573513743618,500,0.208783463656754,0.002825951011404766,500,0.18696800104666403,0.0013519854387040967,500,0.44829830790026404,0.003410219035824921,500,2.7951107760228995,0.03062422707371635,500,0.00224326707545994,2.4578031359332155e-05,500,nan,nan,0,41.901791389597406,0.028905243645424357,500,10.994535037814279,0.11267529889275034,500,40.360402329900005,3.180826134296276e-16,500,7.820224719099999,3.976032667870345e-17,500,0.4937174959871326,0.012753984910747137,500,0.9085585874805956,0.013855683500267786,500,0.0631334154351487,0.0016308974957715586,500,0.11618062397376079,0.0017717756200016895,500
6,9,4,1.5,10.0,7.0,0.39535895316180597,0.0005766612740489335,500,2.46835290006048,0.00014676971289858927,500,0.375224589441846,0.003289193001796016,500,0.198824518175428,0.002690681025868101,500,0.18014061622656,0.0013406915132848527,500,0.466483006349364,0.0034884020380901537,500,2.6706593092463597,0.02938094135934792,500,0.00214338628350428,2.3580209758699167e-05,500,nan,nan,0,42.323153490551604,0.03830501085476585,500,12.40858790410784,0.13464390079707578,500,40.360402329900005,3.180826134296276e-16,500,7.820224719099999,3.976032667870345e-17,500,0.4567736757624134,0.012377247134957768,500,0.8395345104337589,0.014251716816425529,500,0.05840927750411222,0.0015827226939818225,500,0.10735426929395629,0.0018224178112935666,500
6,9,4,1.5,10.0,8.0,0.394442427366776,0.0005639718699956828,500,2.4681092701957,0.000142547389919825,500,0.413872248187786,0.0041885691213406065,500,0.188300150263166,0.002458874339359018,500,0.17351947777208201,0.0012362747397521045,500,0.48329446242822804,0.003294672635798711,500,2.55321665648918,0.027000751076726805,500,0.0020491305429285603,2.166994468437924e-05,500,nan,nan,0,43.0048386049882,0.051400445713859017,500,14.470421997113402,0.15750634008412795,500,40.360402329900005,3.180826134296276e-16,500,7.820224719099999,3.976032667870345e-17,500,0.4179325842695978,0.0118470239827408,500,0.7679839486357628,0.014079406757709155,500,0.053442528735634584,0.001514921170207107,500,0.09820484400660714,0.0018003839101101806,500
6,9,4,1.5,10.0,9.0,0.392937787741604,0.0005937167398144787,500,2.46762331669298,0.00016235916816437456,500,0.458177336371672,0.005172678353244486,500,0.179968506667326,0.0023087424326825455,500,0.168491785776848,0.0012210060042227662,500,0.497465064055908,0.0033683740702869203,500,2.47522342631332,0.025781414214936148,500,0.00198653565514674,2.0691343671691097e-05,500,nan,nan,0,43.6650946490478,0.06219063544068581,500,16.26188117270932,0.17429850868079072,500,40.360402329900005,3.180826134296276e-16,500,7.820224719099999,3.976032667870345e-17,500,0.3789020866772902,0.01211867387295745,500,0.7224141252007806,0.013905003417229554,500,0.048451559934322604,0.0015496580096173236,500,0.09237766830871796,0.0017780823335245193,500
6,9,4,1.5,10.0,10.0,0.39301670310144,0.0005756464875900842,500,2.4675744372108204,0.00016147136528272524,500,0.5292678984664541,0.008116818516917361,500,0.1738613102710076,0.0020752729757586314,500,0.16516362223513797,0.0011073828983420744,500,0.50625085939545,0.0031000114802347913,500,2.4175511472767197,0.023166272088023573,500,0.00194024971691578,1.8592513714311396e-05,500,nan,nan,0,44.354635098997996,0.0803698924734919,500,17.91437260554496,0.20352619527448923,500,40.360402329900005,3.180826134296276e-16,500,7.820224719099999,3.976032667870345e-17,500,0.35426645264840545,0.011311612475974361,500,0.7037367576244994,0.013134770492298657,500,0.04530131362889804,0.0014464561930481352,500,0.08998932676519039,0.0016795899049061036,500
6,9,4,1.5,10.0,11.0,0.393750706144646,0.0005972953684994534,500,2.46732773591538,0.00021061570089593202,500,0.638450339199434,0.013056589127305819,500,0.172392411073657,0.0020322746254923625,500,0.164676323678196,0.0010910842305740236,500,0.506966053408246,0.003079918830089252,500,2.42634676569484,0.02283861446894055,500,0.001947308800718,1.8329546122741254e-05,500,nan,nan,0,45.145253713757405,0.09306270254331452,500,19.72944365042984,0.22023208074523912,500,40.360402329900005,3.180826134296276e-16,500,7.820224719099999,3.976032667870345e-17,500,0.3574638844301578,0.011386167866121203,500,0.7004237560192831,0.013072724111127596,500,0.04571018062397102,0.0014559898564429007,500,0.08956568144499573,0.0016716558130615824,500
6,9,4,1.5,10.0,12.0,0.39286300473901203,0.0005948892592979858,500,2.46696650185212,0.0002612886857605623,500,0.773742901089052,0.01713633276964637,500,0.173621294759654,0.0019503223844170913,500,0.16535294686844798,0.0010462494454212493,500,0.503780104302724,0.0029641659427444445,500,2.46322728023912,0.022535204453879173,500,0.0019769079295659598,1.8086038887548434e-05,500,nan,nan,0,46.3444152046004,0.10850789341674677,500,22.303693240892617,0.2337428307047923,500,40.360402329900005,3.180826134296276e-16,500,7.820224719099999,3.976032667870345e-17,500,0.37992937399674154,0.011743039986384088,500,0.7219036918138068,0.013063460899560378,500,0.048582922824298685,0.001501624366074688,500,0.09231239737274331,0.0016704712931915242,500
6,9,4,1.5,10.0,13.0,0.392865900674464,0.0006000649203138561,500,2.46729448446252,0.00028808580280212387,500,0.8169188169535619,0.017427120531883347,500,0.17224701398239,0.0018665958262028153,500,0.16454771698555998,0.0010172972154707585,500,0.505573295659438,0.0029205552759770386,500,2.45384828675268,0.02185270986958528,500,0.00196938064747412,1.7538290425032236e-05,500,nan,nan,0,46.8465670920112,0.12254149577884091,500,23.251484115244203,0.25520808118443944,500,40.360402329900005,3.180826134296276e-16,500,7.820224719099999,3.976032667870345e-17,500,0.370208667736738,0.011108139308939492,500,0.7167158908507788,0.013024930313968293,500,0.04733990147783628,0.0014204373541602826,500,0.09164901477833215,0.001665544249918844,500
6,9,4,1.5,10.0,14.0,0.393102922127522,0.0005983798627461304,500,2.4664800152017206,0.0003450235228252199,500,0.872798623442742,0.01728852056962084,500,0.166871735819306,0.0016811865889539374,500,0.161835845584892,0.0009326997426354609,500,0.5121222313615781,0.0027266785794734885,500,2.4103344526594803,0.020095039982830767,500,0.0019344578271744402,1.612764043565906e-05,500,nan,nan,0,47.857764188173,0.13895880191930973,500,25.193237738695395,0.26986136819705403,500,40.360402329900005,3.180826134296276e-16,500,7.820224719099999,3.976032667870345e-17,500,0.3599646869983512,0.010682665350341182,500,0.7063948635634535,0.012390860618750594,500,0.04602996715927808,0.0013660304830177528,500,0.0903292282430212,0.0015844634986624754,500
6,9,4,1.5,10.0,15.0,0.392838651320048,0.0005542778021814978,500,2.46559630798546,0.00044305461924331794,500,0.9447041262346559,0.01753570790294362,500,0.1665022942661044,0.0018348559232260668,500,0.161560657370196,0.001007925828192995,500,0.5125331718427679,0.0028647869937550156,500,2.4163211238469398,0.021470648455251366,500,0.0019392625392031203,1.7231660076450226e-05,500,nan,nan,0,48.864602792122604,0.16205015432416536,500,26.927888730688,0.3061821412642574,500,40.360402329900005,3.180826134296276e-16,500,7.820224719099999,3.976032667870345e-17,500,0.3629213483145784,0.011092323247219295,500,0.709158908507211,0.012608161791321697,500,0.04640804597700774,0.0014184148979916424,500,0.09068267651887656,0.0016122505738901808,500
