# Single-species disordered Bose-Hubbard chain
# H = -t sum_<i,j> (b_i^dag b_j + h.c.) + U sum_i n_i*(n_i-1) + sum_i eps_i*n_i
# L=6 N=6 nmax=2 dim=141 t=1 U=30 W=1 naccepted=300 nrequested=300 nattempted=300 nskipped=0 boundary=periodic mode=full
# Each column is one accepted disorder realization.
# Incomplete POLFED realizations are skipped, not padded with NaN.
# POLFED target=middle, requested howmany=500.
-2.5624053148921746	-2.227765282071175	-0.4326271601692042	2.039394946203629	-2.3531071654580273	-1.884530407462961	-1.044618252011844	2.1089374171824318	-0.4318365016781627	0.34812429460944827	-0.37551502417952065	0.27215220810532514	-1.816409379912585	1.3496761434770121	2.801011647826101	0.23393806327464972	1.2999308227236384	0.38231010397689147	0.006610669370672895	1.297167346022178	-0.3844479283347084	2.085319661493031	-1.00290150171017	-1.447762189185795	1.1200453839951194	-0.26356113106109547	-2.540190806544274	-1.4083949995884097	-0.7090114132190877	-0.12152370582330718	1.760271474605247	-1.0197066590522184	-2.3842725745951725	0.3686942176533705	-2.8291664107373435	0.14399030364143073	0.5727376468328487	-2.027825232323522	0.37718446498524827	0.04267314280127721	-0.44300638347894505	0.9075092343575193	2.0238339884080574	1.268928369732805	0.07963849571262926	-1.3688560010504318	-1.6266939816050296	-0.13713836974244487	-1.5468920172664582	-2.7024448420968383	-1.544340029649561	-4.066465015390605	-1.8316680666366096	0.973168926130711	-0.07488744612456344	-0.740299080269267	-0.006861448016053373	-1.5911033465665412	1.650863169780223	-1.9332830677681443	1.364391579739987	-1.1596460918524087	1.5424904032173856	0.4898953213248092	-2.4142290429167304	-0.6027303899847993	-1.388636139544019	0.7178201004997788	-2.261902196176152	-2.975086786421116	-1.096828753159059	1.5527897643328004	-0.30171136387227193	-0.6260883190202833	-0.21870209037086852	-0.41085280769664223	-2.739482493313318	-0.1687518529952854	-1.0936888223119468	0.07419547547905836	0.3781518323676494	-0.5904358913942644	-0.6096264190057354	-2.1361709893591296	-2.026454443012227	-0.8243421061425522	-3.4731116185598694	-1.0087251501756498	-2.100460616017216	3.0267903930960642	-0.507052478262608	-1.73053147307661	-0.2673881002497467	-1.7035745326550398	0.46377994477128937	-0.03331208750498149	-0.14525499126190766	0.5270765628431775	-0.9757249396804468	-1.9586416948508543	2.6124732379934983	-0.9580170193673894	-0.6087669599609455	0.32711149545954754	0.6463841448752987	1.879557695179642	-2.5372568863978984	-2.3374263867347906	-0.21452197399247552	1.0850711167570068	1.5794018575458608	-1.4717497425221495	0.13514887759552607	-3.1448072776382787	-0.8035151082977166	0.46700770463922936	-1.8740580535792049	-1.4991659928916192	0.947674399116039	-0.7781902252692419	1.7538340304413964	-1.9540953092302118	0.039915587082106185	2.3015737692019798	2.3109753709204597	-2.4139459760188515	1.6198823862615939	1.0082828154580454	-2.430847534881053	2.0016219200348075	1.6542289811110606	1.0065638661774585	0.029518855217389728	0.544330733264843	-2.7821240546640524	-0.4124339355277584	-2.0792338159051837	-0.30698502212140966	-0.03718893457178751	0.20180805289584214	0.5853077008045204	-0.2535638259271309	-1.0476896421337187	-1.9864263619484177	-2.4163076846248828	-0.9892240887507171	-0.3217751324681899	0.6285853482560526	-0.43659649588744287	-0.034994950682573744	0.5437269060575431	-0.9577453192258361	-1.3924344005922649	0.130394276745875	-1.5804141418131508	-0.7860289580339668	0.6364078910805517	1.1950694129281203	-0.5314083933207598	-3.06469287041665	-0.39565114240591015	0.1922441745398089	-1.7051037053186633	-1.8326430360268944	1.359037785737911	0.21311533591571674	-2.3162858600509537	-0.7503996904270309	-0.06500186389732221	2.755906142887625	1.370496624140003	-3.6297678388687586	0.7330683007975551	-0.9579979224265003	1.2846470736779736	-1.8927045632670456	-2.8103555264191584	1.054090653712052	0.20821009068382068	-1.972059298208876	-1.3300106270709193	1.0158456001712182	-1.7804936328253973	0.644386745618533	0.4905878284394589	0.6391676268212905	0.19077788727923917	-1.4591575688086493	-1.3554249101847233	0.8499587798177402	-0.13804947239739818	-0.16816516625175382	-1.254727406200061	-0.9807349041252564	1.3031205466809297	-1.7955158967328373	-0.027834115367625145	-1.4499634557427044	-0.5475619042044855	-3.139106450908713	-0.393649469744048	0.8183470138419011	-0.14114549521571007	0.6083741382543622	-1.0312135036822099	-0.5299539175349253	0.2948657583760621	-2.0073916607414617	-1.4037886972721196	0.08031964658982815	-1.2814797818334682	2.4598717483118264	1.9924085937704206	0.15763527432667956	1.045128667283194	-2.790298663354406	0.14330803152157046	-1.1457898675339777	-1.0706680898998684	-0.670103839848224	-1.6966959697273296	-1.4021666176978158	-0.9935737454364642	1.0301617997033077	1.3012723679119063	-0.0579010474797883	1.4903754820115864	1.094597737927245	1.9998014737287235	0.184718379310425	-0.9173868593332486	1.415116741249534	-1.2456674932492433	0.22828235433360078	0.13610069095489052	2.5401167991864497	-2.1617957356543513	-2.493367252560404	-0.7378676384636549	-0.03928257995764284	-0.04124899409666227	0.5045714679573052	0.5934335119501384	-0.3266061784094063	-2.4085196681959644	1.4855243866061016	1.1933851995729015	1.7285237873665267	1.876787753386708	1.2228058735012723	-0.9807701521803835	-2.3707088075450145	-0.6244873051718685	-0.2116148448837123	-2.0098549688713945	-1.0802409819837067	2.265906742105841	-1.2846510561699063	1.2351779971414771	-0.43822381504247687	0.8937835185835468	0.6989281395362923	-1.3002363266124064	0.5908814037931052	-2.190343729341265	-1.6875983365911793	0.504332362533404	-2.595469822036307	1.6826566384747537	-0.5758537182031489	-0.7637019367358278	0.15286665109891828	1.3145152309064372	-0.7852934762988752	0.45168685210046533	1.9612455946479201	-2.325453341866904	-0.7443509048877672	0.8398493879981004	-1.046446497112953	0.9678572395185654	-0.7721786047305841	0.019538338466617233	-0.6630456237925557	0.4356536459945062	-1.020835138938196	0.46898948023383014	-1.9766528564013015	-1.2695415942067996	-0.4313003700750926	-0.9062664780179261	-1.1372777587276062	-1.9488409813016574	-3.261589360391554	-3.4984601223232517	-0.18312535209253156	-0.8040464226105826	-1.400983712732085	-2.7695784555257887	-1.129560227270332
52.209988129539326	52.18215300151681	54.091706652404675	56.77811324648603	51.904919154244126	53.044682549300724	53.401593207786036	57.00544310722796	54.398555788431906	55.044574297618475	54.329875313964834	54.716879664730406	53.052878548118485	56.27707738780021	57.639381832121536	54.826332351550555	55.74621761390652	55.16244700681719	54.30559029765354	55.54531361120393	54.122859108451536	56.82930954281124	53.64079704385025	53.17248147259705	55.45798998647163	54.24740666914293	52.17466120486938	53.469684822989784	53.65281966935317	54.6259870198677	56.71382224138285	53.774674958991845	51.99562622226667	54.93398206443771	51.8875727216395	54.48765627824997	55.39155751111789	52.170404322411834	55.24531067924535	54.335540351656924	54.36669926102373	55.30556977866529	56.95561550379651	55.762311438484105	54.77213338982122	53.435254747192616	53.29814666636993	54.48690132561119	53.06078236101177	51.88359179368321	53.03301774018666	50.60907904833847	52.83379017888808	55.10337411496245	54.88646234663813	53.95907913984731	54.59134703142127	53.198924531336544	56.37417079463361	52.58299133867117	55.96559404703611	52.76526624430989	55.6696813794695	55.28637719957679	51.909162465055715	54.37713266893524	53.14492105569793	55.3247699565353	52.173478728064744	51.99966972895215	53.04742064138877	56.38077810254413	54.35525352242454	54.16239293108897	54.48875656227947	54.302097076257574	52.144132118551376	54.56835819292135	53.52924905271487	54.65957507272562	54.76951873578699	54.16844776508421	53.94806815775057	52.79610123655594	52.739659972631685	53.29156439421652	51.038102288850425	53.550278547306334	52.15351051774806	57.829215958955125	53.94336745604232	52.49185375973804	54.3899266739031	52.677043315134746	55.3457598439955	54.785515556173785	54.426153966086865	55.44329879793164	53.453849927105274	52.948317279280396	57.32269810656395	53.50076767002203	54.046421986524024	55.09021225662175	55.26978938838167	56.70546656389852	52.3091657252694	52.43959773378296	54.0061376796601	56.02154534695787	56.205917273688364	53.39560346605413	54.49672027987859	51.732856145867565	54.087969230844855	54.70384492881425	52.80938200104402	53.2277073520137	55.51196695909392	53.90628811306665	56.359939550233335	52.790125681969606	54.16171983328738	57.03304123731093	56.79982135867686	52.420723316626884	56.50997585743824	55.76232352634184	52.2722273244602	56.739659467076585	56.49199320944015	55.743885660614204	54.295340371342334	54.98559629650458	51.68734683470347	54.25474034888194	52.53958817359254	54.161197590999826	54.830731303761084	54.93258297112792	55.43537435701875	54.3354304852234	53.516868174271636	52.77295480821731	51.828478450571474	53.08606846733282	53.7102293553761	55.29391281530152	54.15236374855382	54.684246949964866	55.471712344058155	53.663018434686066	53.228937862634986	55.031803868301616	53.302313361096964	53.78817846218395	55.37470804200038	55.36484043425011	54.027544335186	51.70843083184621	54.12652153886433	54.78098247578254	52.64634521417499	52.65121045218897	56.05821689926015	55.14000553683103	52.335080390477906	53.58639544612257	54.66469313010825	57.473607703823724	55.885238747719356	51.152608803092775	55.21018915838157	53.766079590949815	55.69364082040052	52.98234604984132	51.384086977248636	55.959312061036314	54.975120390053924	52.52608992999809	53.280325004570116	55.84504290690116	52.91808211387272	55.550534113303165	55.18095209348556	55.39058887077804	54.6043320480812	52.9109310596832	52.83186589726332	55.66628811702773	54.22628233698231	54.40809105327603	53.23867556977201	53.91348160652212	55.88584343175444	52.764090355879205	54.83569636989366	53.17983881459098	54.04186298504651	51.75233876320082	53.78109370519252	55.38407662944563	54.2527968827986	55.19092703175367	53.672751123958705	54.00001789429944	55.09860109885986	52.80938791958806	53.40328311116345	54.82088800504233	53.601848340597904	57.11286764458648	56.973060753344015	54.888871217464875	55.88021914185558	51.67600470765556	54.803890220966146	53.23758722058465	53.261361297455664	54.068022358916224	52.90875266634957	53.14482465171575	53.39270495780062	55.92169428835462	55.97795901867367	54.584035871322	55.76440144614845	55.53245461889508	56.62969541769142	55.12053947166516	53.805599246586745	56.01938838342083	53.61119082538283	54.94757196395943	55.076351854469344	57.03490242720478	52.60686803876503	52.32237213610757	53.79333242223477	54.43577601476913	54.751160362873826	55.331305513364114	55.09941894469613	54.236099499068615	52.242304897719094	56.07257247131188	55.65266247602078	56.26115248572053	56.48767677885384	55.741611165726646	53.57434959513286	52.228168525908075	53.99911788711341	54.540150072227064	52.289281264502996	53.188474336762845	56.98027201979159	53.400429608274806	55.595697860191386	54.13629178406156	55.42223522176513	55.57854238977419	53.58887698238913	55.29764658962248	52.5334534040491	53.09215694455138	55.087570392589264	51.91237354805488	56.497734485430975	54.20027603767965	53.861669179942716	54.65683188289052	55.910971821636814	53.6677343267991	54.67212872321168	56.541293535175576	52.39797059100304	53.83742060829279	55.524423897290674	53.58441610178265	55.830512581383125	54.12741668940356	54.74629549116069	53.64176063197609	54.655134425806196	53.458604527251424	55.24061846408695	52.91198331196426	53.33774108022131	54.2655459184005	53.749198565860155	53.67465746442047	52.78041671271092	51.45776560886784	50.83138461033097	54.516914151548235	54.08927384025451	53.07879338009006	52.050029440189945	53.56885340323786
52.628329126945275	53.04476602274052	55.02962310569213	57.58781998565875	53.12900175856669	53.59395459528032	54.11237710031425	57.6020205686245	55.13604054122345	55.87686857583434	55.130463214015435	55.718519417385636	53.774115154536865	56.92378188045153	58.22205548323068	55.7031547379325	56.610928988666146	55.73594199358052	55.43925314721852	56.389818492526764	55.0608249969088	57.52212432018335	54.40895915602397	53.966221914072015	56.53346097535141	55.1320458026288	52.978743569220505	53.95152792881683	54.366496597829226	55.40181216827109	57.23105223619465	54.38934456480323	53.071441891813905	55.846947726919005	52.64235296309219	55.57506714047992	55.90862985595794	53.36429905683997	55.869305678637815	55.385323609625274	54.872145303162235	56.38859333417588	57.58423051841535	56.53561866584178	55.59478003667869	53.916689868385355	53.825003781795786	55.299139756062054	53.99422084295723	52.47430420769404	54.00178253290728	51.51369295980769	53.36730782970793	56.15991292552263	55.4840323267876	54.65034687287528	55.37377471783563	53.81216675967829	57.13505450012815	53.49945222882452	56.8278472106538	53.9634505352816	56.734621939303594	55.84413895069027	53.00463414704319	54.944699102768126	53.97068302649866	56.02762669324862	53.26717005776361	52.62513443200751	54.02612578445187	57.14712825012946	55.18978184535972	54.8833964235528	55.1025654789745	54.997935873114756	52.797173823716236	55.15088538006192	54.42967409547017	55.49455282334066	55.4746878460887	54.89179491880391	54.84607269033086	53.32341098618829	53.494380899746574	54.510125781191064	51.858251505679284	54.28500238398724	53.32598708266709	58.521170223287825	54.90589567732675	53.693203314849626	55.16624718019942	53.743111457988554	55.90583200977615	55.26505530576231	55.13284019694569	56.03406031639117	54.09471351396672	53.454841893753795	57.93328773388558	54.51295266974369	54.91775700929774	55.92793592798986	56.10372346925678	57.42952913299623	52.98402321529247	53.31842389626081	54.9764528284709	56.685410256015814	57.118887826505166	53.88123139655152	55.564009369427104	52.351634743961505	54.64754640431178	55.83610403846041	53.65572719972309	53.599290881067645	56.350902679812855	54.79152976925121	57.1916160016856	53.51630725742508	55.32621052020394	57.70990208276139	57.56439351187519	53.151795527032384	57.09215592052225	56.52924774431489	53.09897290721798	57.48564658078373	57.24263454118786	56.3688248044749	55.384066173164534	55.6295579279082	52.70391828620005	54.73254736185645	53.373183452762575	54.82433334053403	55.457956214104065	55.756229439825596	56.03429680420169	55.26832461046736	54.326364470650304	53.55339682801097	52.98242979854839	54.34498818047516	54.880771131909306	56.055111766342776	55.04581876596763	55.303782802757745	56.04440806055773	54.38032920177259	54.19472669078094	55.61576754252493	53.80677167497381	54.73707851087186	56.20223786218928	56.42843170388144	54.5372802174657	52.548529098142424	54.91952169805739	55.39887338850565	53.700445956530686	53.724736728489766	56.71299632704698	55.65674401949485	52.915787877520266	54.64163759818785	55.43590105533483	58.21010852890299	56.72876375850097	52.00567574773248	55.98313421577908	54.56152401909983	56.72650215296444	53.566396210283926	52.66512609603318	56.67005414026774	55.48072227936693	53.57055609569173	54.066828508032735	56.47072873252744	53.51373951606126	56.010499614549396	55.79330210389743	56.15311384093496	55.62757287544499	53.93770633546628	53.95020251794058	56.190282818988855	55.098242397901515	55.32212670692422	54.089149510209026	54.56817881783557	56.73498476184698	53.81804954477528	55.27087813752087	53.80281856436826	54.66970045389604	52.41497045117574	54.856783468128526	56.228366850051025	55.05466158141891	55.863470366658056	54.41900693814223	54.93832633314172	55.70338570488639	53.32359366309482	54.21457736341245	55.41331787241191	54.11652991065808	57.887057485503924	57.51620748708574	55.430622145624156	56.56955008748872	52.76110706200425	55.67624073585249	54.11063175872888	54.343268547846804	54.865556408812466	53.621530038751544	54.02401891144931	54.46436599958527	56.53745585825737	56.708667088452735	55.20758705743622	56.752032321617946	56.52864629390194	57.42492527887233	55.63005700469652	54.53551663088366	56.79384446720813	54.34276424631712	55.73668674191487	55.77354673884647	57.92542929589236	53.37046215156549	52.850301170811	54.36518439378037	55.32249784530382	55.36595604946993	55.83974804070679	56.06347570432771	55.06672415341128	52.86740119556945	56.818645315557546	56.47774489645157	57.123441198202315	57.299813454374295	56.69949438146648	54.06785082320626	53.00698892104453	54.55269842175403	54.98233834908829	53.52715349620844	54.21140906618879	57.672524549523295	54.24505448805666	56.55949902639999	54.868605928546636	56.29744517048341	56.13003850921556	54.13958194508555	56.03489220861503	53.12685692767242	53.66178311051158	55.95175681947402	52.891296249335824	57.14380073997191	54.85983025794842	54.60893901578386	55.63340785034256	56.718706549478874	54.74081260156788	55.62671044947036	57.33060728906494	53.167742498774544	54.60974632464663	56.26236006609568	54.137315937278444	56.398416987489504	54.776721936254276	55.48139109597168	54.7551425779159	55.75324345986487	54.47428136003464	56.0388470856156	53.462056235492	54.25518979793533	54.988137203268465	54.65992300225884	54.27723067294783	53.20397234210224	52.316298914308526	52.03623619335345	55.106466948513884	54.691731178601835	53.89002380642582	52.67060557418703	54.01872072731708
53.05732822540414	53.5837471080527	55.15265271048297	57.74086871256484	53.591040514784375	53.79165117696884	54.94838481974747	57.77045143081508	55.27814235260051	55.93453852145034	55.33620399811493	56.21023541356633	53.9224155921275	57.063032246782335	58.50007945497027	55.82238162413065	57.25477741936777	56.141338170789545	55.95176846341167	57.22646661836172	55.49730093005663	57.92765993488023	54.82018418632558	54.284160415684	57.141278483967874	55.65362889054407	53.25095274891679	54.24212318580437	55.14358845132084	55.53198689869036	57.42728598947531	54.65223457586016	53.56214898677857	56.1528837777201	52.984437731013024	56.10875400818929	56.26874673447627	53.953749087186026	56.014177778677926	56.084891022885316	55.21586112148057	56.86569416444465	57.707047324915266	57.165901638002715	55.75548384474199	54.315313591627344	54.069283610772466	55.382245779125704	54.269983633025056	53.14201825017227	54.16757096292696	51.75270753485316	53.79911891151718	57.02412002394036	55.52423084796154	54.90146239605986	55.5608852862367	54.144958565418634	57.39753234829546	53.73815857127028	57.15261093862717	54.92936679558035	57.58199440032815	56.04714404286771	53.39308412581643	55.08229146786321	54.45827268639841	56.53761221153792	53.577037824556704	52.69272212865516	55.02267457875916	57.285005006317704	55.54357970165628	55.16235891434619	55.303287211766616	55.45178145796612	53.03426821329622	55.571618968008174	54.55089398849069	55.701199325351695	56.24162857711041	55.181504349392156	55.114913309335954	53.55350010400577	53.82587404280666	55.08422794618719	52.41540777115139	54.85249233624896	53.93415064356673	58.73156287602668	55.321662943642124	54.229999147202534	55.52950676261483	54.11390288078365	56.10113375940597	55.652829437994846	55.75677678745324	56.24457544024076	54.875629380807204	53.7088054821531	58.26880977982675	54.85309621165013	55.22771807628584	56.008927249738505	56.35923165385965	57.572289463295306	53.09949273527869	53.32962869830164	55.832467032642214	56.81049769103207	57.335449232819826	54.20672654519509	55.9482146765021	52.562620069335836	54.72846468220842	56.50217447814785	53.934502661546205	54.08829260943778	56.725330944934264	55.06270269763214	57.520181884142886	53.83016438654646	55.959786519855705	58.15523215070925	58.209443374510535	53.222565025057165	57.159423295318696	56.69466273378156	53.376459327901635	57.776590252490735	57.32954803601088	56.720920123997416	56.01838608742511	56.36175617007976	53.146734091334075	55.20009287922823	53.67015512363317	55.56589528428603	55.600047849185835	55.99683852143553	56.32327350490711	55.56286986336194	54.77030291088956	53.69698348347612	53.50061037496097	54.99571177199749	55.792666775094716	56.27715940420044	55.39982687020222	55.77578198555251	56.17207252478426	54.701148507210185	54.34163970478967	55.847097513732784	53.98731625013927	54.985610586946834	56.31076545794753	57.217578388711686	55.05408796910492	52.664263605393344	55.34979739977488	55.963714288826466	54.024310199429266	53.86500058699258	57.178590493356936	55.88280341077122	53.50227088381438	55.15066908797953	55.627857747755726	58.53875354690313	57.32029451043246	52.05969398306016	56.57901201634168	54.865685355856954	57.28704463936578	53.849547487287126	53.14315453604744	56.74072555252747	55.83197664430508	53.87779721206697	54.38090058771157	56.808136635970556	54.000100174621856	56.33984699661661	56.02984969161732	56.308016840630316	56.09440383775811	54.41857047584463	54.644899373356004	56.543983137307	55.60021307113384	55.714244258873336	54.71977290946496	54.70871490966725	56.88597015983956	53.976870159213384	55.639363136197055	54.42529014455179	55.33416865727995	52.55261188492917	55.643932447975935	56.65092027090616	55.60345009466171	56.42906346055374	54.5230152620187	55.31214001773897	55.83528533689928	53.63814871308041	54.34819252805996	55.79029976101808	54.32713300586105	58.235618653492295	57.68180851386599	55.68321943402266	56.82042964724985	52.9357410451608	56.00576119032551	54.541628075686155	54.65673443895563	54.960949789121116	54.22563906410487	54.51979878133686	54.82239572385257	56.66963284450277	56.951403215831256	55.77041234346773	57.384969728691246	57.03734272261623	57.951131201588915	55.850690202006135	54.832112889036146	57.332464336568606	54.38203560393733	55.936817455920696	55.82386671620908	58.34277827765046	53.57193277263907	53.24270714739495	55.056157871483066	55.84077367885319	55.74153364172709	56.21769849120376	56.209601560118955	55.54561681782815	53.298642721656364	57.39132786811158	57.124481682273014	57.41007450498827	57.61380697171528	57.11447108501969	54.581497523335045	53.56487967896012	54.99799469232925	55.46650768866548	53.88320760483115	54.99594174108567	58.14657085590853	54.45925379125639	57.103789406527895	55.337896651731384	56.55777094518143	56.36085119667637	54.33366762779955	56.272839786495666	53.44109674982762	54.058326143424004	56.284517267079124	53.33815442086718	57.47377290717869	55.10852159647786	54.77459607889685	56.0819354005293	57.1633699014515	54.95019627002668	56.292061184826814	57.684047060157816	53.459525716792314	55.04939511377504	56.721722425681634	54.7097839749253	56.54126830050027	54.900751973699215	55.81556073426229	55.30615413498931	56.47969300618079	54.80473075272924	56.21142629086545	53.69304654986718	54.45035068387206	55.252670904777396	54.77607915715496	54.62218497606881	53.64851902191154	52.411111549671006	52.430754866846776	55.58332403355663	54.79713211855456	54.4181889695534	52.93712204637915	54.53911809949335
53.873385918937835	54.243023765376634	56.08440945171487	58.882283391515884	54.14752381533925	55.05687660655778	55.56447038585969	59.031231476910676	56.62654701284789	57.07957496809345	56.49923694335628	57.01904528453245	55.21796115378828	58.41595708358461	59.56451717941143	56.7778666286263	57.99301231750034	57.134500945824065	56.49830588701539	57.928901594944925	56.332122260120286	58.98970727388584	55.819701448585576	55.13053694207182	57.78183563726392	56.541253708120294	54.311373967822504	55.2488931204991	55.782597276977285	56.58253844260712	58.59098062720515	55.702764444880174	54.23758922436543	57.21283982199998	53.96996505800901	56.82411125079993	57.28209756375472	54.434131742138106	57.271134813681314	56.68239103371492	56.17242296878011	57.5432944618919	58.97283282711917	58.00378255502074	56.922907909774366	55.21839173231298	55.216710620024905	56.36715536222762	55.24747085575721	53.863223292061676	55.10795881225073	52.80486508971088	54.56641966046146	57.55955988435235	57.041168315178794	55.93745102158225	56.520749778670044	55.182281388380645	58.546133285325524	54.569920029403555	58.13687717297177	55.1212190994706	58.1447229182152	57.26355934864416	54.062346139184896	56.45176856540226	55.23375687646268	57.39847643325695	54.339515154928556	54.19711809546703	55.39173252633057	58.58515446534527	56.635244238916734	56.29380322219879	56.20065792582164	56.44881564134102	54.30393921176651	56.55087107023417	55.62762574367479	56.667618359787106	56.96804485066983	56.21524994456525	56.05461726097063	54.7187322629855	54.953437158056936	55.525942123617746	53.14962773932273	55.646069700970095	54.430309332688175	59.9682308189948	56.237101495852045	54.775236793057566	56.522302158779944	54.83965273369286	57.24670790003504	56.58683144726573	56.52965091260762	57.46624955575052	55.48425779416345	54.77762417533973	59.24734969724151	55.7166057832468	56.26892377949324	57.19397517422956	57.524633942359365	58.7990672753193	54.474320945394446	54.53876874052549	56.27883922431884	58.217327690235415	58.363992785944475	55.24060646258807	56.68582035627903	53.74772323672035	56.12336606528675	57.02729561630751	55.03612168732543	54.81456024365334	57.749161746675505	56.207079435257434	58.53341176414122	54.84194389732476	56.4720470515037	59.16539793561076	58.994919957144745	54.427203338072985	58.56156376171672	57.76634171458346	54.45634306244437	58.89033002744569	58.637872673352135	57.65111439095105	56.54869208742172	57.1001860012684	53.90114879065002	55.955265066495244	54.54433024165949	56.23787276418806	56.772495759521554	57.114275283398776	57.41727082274382	56.49339683810111	55.698487179300656	54.75666915508284	54.012526239870304	55.339885940921846	56.11357598568991	57.40685241674514	56.34897672314674	56.666568111821455	57.54856806464619	55.517945568491164	55.44731113123892	57.05160558627696	55.193515498111005	55.926576980528566	57.57258951266337	57.70870748124546	55.75948952023552	53.869281265772464	56.26897573328291	56.78620104321004	54.7728190625401	54.80619374418245	58.13988724162807	57.05220792884561	54.312140373598325	55.75560827284224	56.722743182628584	59.64280902131578	58.194645513168794	53.26135973834827	57.42028327384329	56.0200555919708	57.98632741010082	54.98179378390333	53.63246100780304	58.06802402403497	56.738125352364534	54.733148525860415	55.2596919592927	57.89429607474992	54.84551733470208	57.386970388205754	56.976943508429194	57.44243421252911	56.79176533921603	55.206508707542724	55.13818849232113	57.52076324077232	56.384058612973114	56.586282692173825	55.54447093364428	55.93890483105669	57.91367451862358	54.90771780008839	56.589259170558876	55.22699499111846	56.080867192145845	53.866726114450415	56.10606300244732	57.635121897246776	56.41393675578794	57.29216543240474	55.513562648729845	56.25346542421351	57.024175393396135	54.72136188844054	55.655039665540166	56.72166245219463	55.46985456928728	59.26625649393181	58.9967868836376	56.63547111528239	58.064761365832446	53.753091163488186	57.099811265865334	55.33199202423712	55.471998552948214	56.141138143029934	55.059666176744784	55.335423266179504	55.597980955898905	57.99947908172456	58.08146856230515	56.583496498041974	57.91114243210441	57.91334605046276	58.862256346474574	56.98828784587816	55.85485872906967	58.23175776984913	55.814586216437135	57.141193464143925	57.3024190962816	59.26288698856379	54.74977538666669	54.23501918347871	55.7203612267917	56.61005636772379	56.817231165236414	57.19672171577086	57.123425050924475	56.41065916830139	54.201855967106255	58.2840672216058	57.93197072189553	58.4605381216647	58.63629581864426	57.97962885055681	55.28045908347053	54.44553955321173	55.80200942129909	56.28875675184166	54.51339167120432	55.45718882502446	59.11021385461671	55.48747471399584	57.77263333428926	56.226524255561955	57.596277696296376	57.525216741410745	55.579174658099156	57.422586785192394	54.297114635973486	54.99502159653849	57.21423967968187	54.16781304806736	58.550217649057636	56.28379281665576	55.65050381264728	56.926101486442406	58.15807975326067	55.78351997660985	56.99017726623456	58.68926994961386	54.484939373574896	55.851420203329226	57.731927588742586	55.47646439574244	57.79656012019473	56.1451356512187	56.8774530284913	55.84413107951049	57.082051099394	55.61663368458512	57.510498410297856	54.850614690697086	55.50648256096737	56.28726346499556	55.877001348801855	55.7217462110318	54.41413978202404	53.52672035740012	53.08582637175704	56.49754780723087	56.20853853674107	55.13683901549126	53.9819990446757	55.31707705061694
54.4442427763272	54.91629328360855	56.41826455877591	59.079275158742526	54.674542288189855	55.29446481494428	56.23120318914689	59.228106616901144	56.7420541092927	57.337477354254574	56.70809370471251	57.32838414512278	55.369625156729285	58.573098549088705	59.984931587621034	57.18200695637155	58.412251044643064	57.41513766812223	56.941725694745905	58.115450619098446	56.66189693678936	59.23782518343188	56.11125723740699	55.644101919986575	58.2179374607451	56.84266326550866	54.52876755074901	55.72671499542448	56.24068966234368	56.977400113654205	59.09117371576138	56.083732658866765	54.717838705715614	57.42909694977077	54.31851736688076	57.16515443409798	57.72796790712655	54.97444674938176	57.48295733778842	57.103926642108114	56.677533186802435	57.934616992201434	59.28654983736601	58.175185945498605	57.10314687179243	55.72090780871931	55.5607732728279	56.75411863011474	55.47901736189555	54.45993268600328	55.41483903754482	53.051431285782826	55.117029515369694	57.963387906881785	57.08848541027906	56.21501953862861	56.85267590032938	55.538547165257235	58.68440263949811	55.0278431426328	58.39574269890157	55.75294150024767	58.49045703318217	57.46023578021938	54.532284259990575	56.64661143439858	55.719443224435274	57.810591288763185	54.70935724931405	54.25468787175406	55.9341042905513	58.72211926493824	56.78246141359239	56.562474074416194	56.74524974666124	56.7286069103382	54.513357362960576	56.78273831949998	55.86002883330062	56.92045102967597	57.16168484470119	56.57919647311459	56.283974443474634	55.05612688863802	55.228442867816746	56.05431480933974	53.70828996977043	56.150007647789465	54.93397517935539	60.11883398605501	56.49285497206082	55.240401630906554	56.76221610154835	55.17081900734897	57.576692600682456	57.01363707268304	56.99510514446613	57.761617464378446	56.109768157759525	55.3636238354856	59.55285465669684	56.060590674095245	56.521338204029	57.44708985041327	57.64422108711206	58.98399193293222	54.569903374545405	54.807492356248986	56.78542024376265	58.35102080767624	58.646299445926644	55.654936697265605	57.04201990685411	54.05987876367758	56.22591386096046	57.52224864855114	55.25584145103331	55.50991158803424	57.96175900783798	56.39930050028152	58.70110626469538	55.26711005985483	56.964730522648374	59.41274422808158	59.35096581495613	54.71638460001848	58.68003742879238	58.12385755409798	54.66934735319367	59.059367010794816	58.80432563514017	58.17539445210151	57.01425861761442	57.26444525622145	54.26800674103488	56.63852051386306	55.07007604189943	56.60967934005061	57.072108513719215	57.316265820281366	57.79505681822664	56.754782422745365	55.86639526607178	55.121451966862985	54.47582863814407	55.922118985803465	56.680504730095095	57.6138482579883	56.63373195637346	57.1934348631217	57.700393352838596	56.14910143162845	55.70431322154613	57.311817194665906	55.49186939565528	56.317158813570714	57.734703647073964	58.1903897376328	56.30970327413168	54.06516645253658	56.56068183882422	57.00591019691145	55.06737922875738	55.20998035617918	58.39007164843626	57.4182722898188	54.85149459371809	56.165160820086996	57.03455663720162	59.82198308150409	58.41549929203679	53.520433573366184	57.6574859969818	56.16119221219548	58.35961226871346	55.277526821909724	54.20201150631379	58.2742552156616	57.194818385642485	55.032211504753974	55.745620359096904	58.247888481725234	55.40814118546575	57.74669968039629	57.39725642514926	57.70205288599312	57.16073492559204	55.57265405381167	55.621850971251604	57.86265860780584	56.58507855304928	56.987487143806796	55.82699768246731	56.20710856746438	58.17395714509559	55.330099112675185	57.06686034128443	55.73356846855427	56.66874235460772	54.067436961758325	56.62369073043415	57.85495475219441	56.6108196239824	57.51253575087989	55.94113597422557	56.45420539591041	57.29279806929585	55.04035663135804	55.802237914929954	57.13224518404831	55.794603042691556	59.50856735534786	59.193920809606716	57.082063619965325	58.28086613191945	54.247525307158284	57.27831443146169	55.56371517078428	55.75506056037212	56.354268938302	55.49716065520495	55.68660887005472	55.90211474364915	58.13614526108714	58.20468531059464	57.13413809482302	58.36270481756189	58.15434459292234	59.21841699513159	57.461853882696104	56.09580465670169	58.57600569815955	55.89306342585595	57.319924408256924	57.37310813597284	59.547406282439304	54.94172256286818	54.5284740215859	56.35402955856053	56.92782434986828	57.15557063094523	57.531657068118946	57.39469330693729	56.74620432858712	54.60889965249758	58.49767938474075	58.19849257410807	58.57836533484526	58.89669244619175	58.35391913726093	55.7650013242218	54.859254613399806	56.20998618535315	56.72483162765467	55.0580841586777	55.941636820925446	59.55890878987581	55.753234035598815	58.17139658367574	56.57170282983592	57.70855452959675	57.83773853505829	55.83291145650153	57.63678858966109	54.88069707652524	55.44374553996923	57.44271739826685	54.47214235343957	58.92337697146238	56.499079188476195	56.177795645523375	57.26629389859255	58.342379202075136	56.24278242082602	57.26164677013313	58.87854781815639	54.791539434440445	56.317573445425246	57.9505332501504	56.06896469705174	58.03635711690877	56.407569547079895	57.20906988827534	56.292990706613956	57.4427449738318	55.90935985771591	57.62268952762775	55.20552639857341	55.69036541397935	56.65877551851937	56.08193801115323	56.00245620401397	55.04210700953517	53.854170389062354	53.57853964974821	56.748240184885724	56.31271900301832	55.77067286807027	54.38027685901769	55.75014689135485
54.623866384426826	55.21354466291052	56.85136937536134	59.33864870149688	55.023085316044536	55.461681372708405	56.24951219037546	59.37285779619658	56.79163568253722	57.56160807140285	56.7231330181487	57.56122482649701	55.54197349514851	58.686037383651396	60.097282156779116	57.410143691792086	58.4819669738428	57.8106393073736	57.32623899903506	58.51750486856201	56.81662964572529	59.434424332428335	56.26560179707564	56.093326364314535	58.367144356548096	56.92846551030913	54.852949382948054	55.901161589043596	56.57034330156091	57.281540111834154	59.141823522742	56.33583194992853	54.985664606511655	57.55463804263998	54.640764060933805	57.436839368000165	57.81469424665967	55.36479236570974	57.69051342812626	57.27336438025815	56.84865722203315	58.24798373182816	59.39832629972301	58.64209885187848	57.246528392547354	55.91563445869334	55.791570425384975	56.9763950198059	55.79804985902078	54.67449377821209	55.83813479635086	53.29648036498647	55.472175796378764	58.1093238475854	57.14497311250065	56.41585486879523	57.153743888272295	55.799130501924544	58.89331334043825	55.45309148111771	58.4990311551178	56.16020306124621	58.71807927535267	57.638542133407654	55.00877947216323	56.76734548174642	56.020048335730955	58.01875584157808	55.11079354226477	54.314261377430064	56.2711453448075	58.84141089286416	56.97739786670233	56.699610406727125	57.023149946808275	57.00259064578558	54.61507345240792	57.185869703657325	55.992336892546966	57.316659482306996	57.74645235382294	56.90030422865863	56.729105248639165	55.219719613179606	55.29193260498064	56.466755310379625	53.977107276726905	56.33015448652101	55.25348971968693	60.276322107804305	56.70343087912137	55.58571645420832	57.01568171662701	55.61818620658732	57.77838867761022	57.304352387404286	57.2687034788062	57.91468917927883	56.33523384925889	55.391342615824065	59.84293116938269	56.30571810522416	56.61375515397006	57.69488949471781	57.77573425281362	59.16328533968778	54.63111501746079	55.06001174120437	57.058816772969195	58.403335417545335	58.74406155802144	55.809112450160576	57.30992882220247	54.159718643841245	56.366483929702596	57.7186690718645	55.337060525334806	55.619030782282465	58.083917378217	56.47220840924569	59.00077723873909	55.384063689169764	57.31834528149396	59.75673088258121	59.58079366384048	54.944779144931005	58.75959542621498	58.32668428759678	54.90994567922448	59.32459748721879	58.95457045159148	58.31067810446842	57.35351747988402	57.98504503905196	54.59294325876978	56.76264587553238	55.45723734081349	57.12700978749254	57.355459234202144	57.52416047341816	57.97681257194333	57.128894098352966	56.30491712719736	55.41992255166303	54.90201132542021	56.327751967144785	56.864128735880286	57.75304306859837	56.87364521945411	57.33726876795382	57.78958967627623	56.29097058125337	55.89247119362519	57.567550556100215	55.63999192725422	56.58729399907173	57.85867180028959	58.3291269205596	56.61406136088967	54.24349416203837	56.76256096528967	57.602308011970294	55.56365153226809	55.48560597130223	58.79836879515646	57.57830770327147	54.96799067598605	56.49874353860117	57.10642644553924	60.034436850748854	58.66890326374661	53.72584076558118	57.96868388004599	56.341881114551484	58.600251794701244	55.568504956602965	54.50431538038991	58.43685423250667	57.35694689696505	55.37524470005699	56.081762599261445	58.44839405204141	55.56187050276779	57.97428938580941	57.51498187272566	57.841305563946584	57.4430259356819	55.811368337705254	55.942191061266264	58.268882630628944	57.20448614102301	57.210099986629956	56.03974691818615	56.507262924616164	58.299126219330155	55.56531493120858	57.229777856345834	55.96899836678516	56.71625685975679	54.2030892941658	56.95351961222807	58.01051182552137	57.14971605435217	58.0075705581651	56.31389797845163	56.79249859943133	57.334903803179394	55.27391891976365	55.87605508106188	57.491165456376585	55.915972980010615	59.67186211649054	59.406269501883564	57.19151934138566	58.327381401434984	54.67309298014571	57.42408027491008	56.209256433391225	56.212877091073345	56.507329555803395	55.60462468814119	55.932558420981096	56.28521238084738	58.294194333503526	58.43943473064407	57.31877013962854	58.560146802957945	58.31174162880841	59.34661133363781	57.54881583536564	56.491865582948364	58.7370551465208	55.95460152318427	57.446341118629555	57.425774376491944	59.63763592442952	55.12245224673554	54.89432802050832	56.57085134878028	57.32430176049448	57.25975622604733	57.88662609896466	57.85719950522993	56.94946647355357	54.9523353884657	58.88968400513363	58.47987820276828	58.82207369233448	58.93256299805806	58.43134591717285	56.17833374725978	54.89413019536217	56.594966116289136	57.08741801571258	55.323350708879495	56.2305024196064	59.62103043261486	56.09296613880794	58.34321919937156	56.760626559761285	58.00754801428849	57.91198324063838	55.91656646687017	57.77282982020365	55.069900706891744	55.70038273923022	57.88120990020312	54.73470613911065	59.069789062480794	56.626275754143315	56.57699834616672	57.43740381828091	58.584163648864795	56.39337801950972	57.719191170490426	59.1124135470886	55.103739806144475	56.66948289167439	58.21790143635034	56.19659757042663	58.085043645750055	56.60643992317094	57.327412826094694	56.65167297010701	57.67370405946806	56.32402418132383	57.68474299696756	55.250716721283666	55.93895041055184	56.900968283135555	56.34742066383436	56.188875509493606	55.224140977676164	54.12258388651385	53.8243075707432	57.29954197671275	56.368329315181604	55.971133835441265	54.69527569008575	56.17433362567443
55.23439339037704	55.34131426149592	57.213495926879226	59.718842591021755	55.19691940305069	55.742072484251764	56.4001150430376	59.789075405887374	57.22960367390785	58.0122715752404	57.282806319767566	57.860066648856325	55.829670029575446	58.96650232719711	60.343152745760364	57.86156882214944	58.8464916680325	57.93148313099882	57.5289917881669	58.90224667888135	57.23144185098284	59.67229820699392	56.58793016231679	56.12128760944461	58.67762482986231	57.34347870109204	55.10399574996868	56.168607415655906	56.89305515305217	57.49220853857068	59.19104233819147	56.59499839137778	55.17241400125392	58.03051525839415	54.74500429646621	57.72826251263097	58.24209473773514	55.456291672602774	58.03963712220536	57.63487047942885	57.21619870095166	58.45249151364876	59.60467098022442	58.87759116019342	57.72003319329263	56.33555966435756	55.94287425634227	57.48282928479375	56.115651559131805	54.79478352758457	56.13432137826923	53.58028058483787	55.93298687173515	58.606520447613704	57.601477047010455	56.94140823916709	57.609925855897075	56.023737880688735	59.321664944145446	55.73941805043652	58.968418515772825	56.33799079980531	59.149869371028565	58.1512716209375	55.154907314248064	56.98648045514128	56.150696853100555	58.3324507406106	55.35363455108215	54.67334426514517	56.34911176237366	59.22266655846505	57.330570206139356	56.98929736570514	57.27018197475939	57.10731580264237	54.83746790418742	57.45856491367391	56.57743452890131	57.70533886704199	57.98765734678811	56.971704966906955	57.076777943426066	55.459335217346805	55.55025919482925	56.70395548161425	54.04527302514839	56.54081115897926	55.40460207388814	60.66523786895521	57.14523457050339	55.83415234656065	57.399209606763215	55.89589992011128	58.05223554368346	57.57500436494169	57.32825290449707	58.060665994217324	56.54295209861031	55.44222277360397	60.19105329866508	56.60661147127115	57.02725163847501	58.01411982441522	58.314665827518546	59.57044784321485	55.133399779795774	55.37272571745878	57.28951402430937	58.70538301065605	59.26797365042677	56.217932686868124	57.70458362957112	54.48632572451527	56.88183165166277	58.00531935642658	55.76022368414408	56.389454241925314	58.577503324826246	56.86338783527868	59.41705563013472	55.643056150063046	57.59733460863148	59.82068923870439	59.821767974201684	55.25502020056466	59.31936009277083	58.66529243735088	55.24179588777372	59.65820364056503	59.337317333978085	58.49211504425544	57.563405035054274	58.17565380116682	54.786962416893964	57.08535360834641	55.48245189376682	57.277903068539686	57.57459743879114	57.85831006366679	58.08127783887239	57.388658043373994	56.59498546917848	55.70812703957032	55.13551480179926	56.50734557498428	57.25097312474801	58.2910136854875	57.25386982320803	57.45648503806923	58.214320188075924	56.71010754409333	56.25967308846717	57.70406551324396	56.12122564884143	56.893999740111695	58.317448663805095	58.74581113035378	57.070672797418226	54.63503050047609	57.24096163595082	57.84213294012252	55.93095176423694	55.76239025329969	58.88249893795638	57.776324454949396	55.29307853115091	56.73949514069498	57.660579878795666	60.381472169532884	58.986833601813935	54.10185603345037	58.39048691939698	56.674977015004394	58.854931417005105	55.60364234493226	54.766298413382785	58.701850964009715	58.007420241994055	55.63892118201047	56.251719932117645	58.503694795383936	55.81299306198904	58.34808732023252	58.19530967504018	58.340687865364764	57.76006250065141	56.184548374531836	56.192683536925514	58.454668653062576	57.498968055322905	57.44011017104372	56.33941264458189	56.58408446294407	59.000864759806646	55.898856601600016	57.692855190555186	56.03407644046104	57.03215200049842	54.50150436196253	57.10059133521974	58.44969757947293	57.53346182476675	58.15484251757473	56.51320270360589	57.12752161179352	58.02155667764176	55.667751293916766	56.26878126272268	57.53740853646176	56.43749107457771	60.1052685610125	59.565453904885814	57.833566788416064	58.660636436208634	54.83253321366112	57.776155865036245	56.48568598453996	56.56614160474412	57.00464263732691	55.85113059179061	56.147397315087346	56.57831412933194	58.67933932277614	58.9875140373459	57.34164465386994	58.93627042423715	58.705816592303876	59.51410155150597	57.66489754975908	56.726667172584065	58.95157383419209	56.44351489151438	57.871939958394556	57.815760485360975	60.15943388006779	55.51449857870784	55.15600911836075	56.78024949465522	57.578932956631405	57.572059993179536	58.1503458023304	58.22313311229804	57.210947939913694	55.19136834326331	59.05581738690802	58.74827796029034	59.37305614272735	59.47220820911107	58.87648065848107	56.670709463033845	55.192083629217834	57.02913716173983	57.55377635218901	55.60586740204596	56.400770263007	59.73924046702746	56.39084526085846	58.76785602507958	57.10821110196227	58.531874968033314	58.40048197305841	56.393741465618696	58.214472261901705	55.617128759939135	55.93478060207425	58.14699156307953	55.00587409091838	59.204409022867765	57.073702224993426	56.78389707475776	57.72622992105098	58.91862559052011	56.92301195632151	58.032065936242624	59.622456356764296	55.293738763724114	56.887558561830716	58.41145403775548	56.54081339128988	58.68763998441955	56.84569077460769	57.65364584347321	56.860111192079856	58.0169373277963	56.618461805334526	58.133956541526324	55.695997329018525	56.37930142497846	57.192529574561846	56.750904737232105	56.48998455834744	55.87739165130777	54.43548319986483	54.116885848765676	57.34360628138194	56.872451921876205	56.15395977443006	54.8225212839644	56.60664483782873
55.33008227765176	55.46728560439238	57.33819833670484	59.881491770910515	55.71813650578659	55.8681543854081	56.694633829981626	59.88192117915957	57.327682309972786	58.17549757920716	57.45172832141359	58.19131652488016	55.96557367647704	59.11725549463217	60.5756924583676	58.07079960492993	59.08412232187572	58.18803946294677	58.111801770874884	59.00634987173257	57.49254912155677	59.87009724330132	56.76249444596854	56.280347258528124	59.0878413165173	57.516700574209665	55.29437683067003	56.40796748591451	56.96063278456235	57.6353638457423	59.544189250225195	56.71308771269547	55.56053569917216	58.13195460963412	54.96860458198084	58.078753637008894	58.33415891798049	56.07425240090472	58.096023065774126	57.91821350435155	57.302906658068984	58.97145343406014	59.78842076132562	58.990692746159716	57.92081502626662	56.45991697462839	56.1752996938779	57.7637143668028	56.31746634194876	54.996133206622545	56.273454559842484	53.80651421035075	56.03602569334902	58.7550126468833	57.63337167836833	57.14838773662318	57.861019832190166	56.14906090555526	59.46891558731449	55.941125644761975	59.249043394376486	56.84359642920869	59.33488264597608	58.21054090964194	55.5268102504718	57.146789214865045	56.362545064610686	58.463232758768456	55.71059868897703	54.7412902927654	56.79432131071038	59.33161580802261	57.51262323899125	57.14770518782815	57.54036707725571	57.38759817980505	55.038681385387264	57.61517213446215	56.831506920266165	57.96522291541892	58.073083820179924	57.176561138764555	57.167888562253964	55.67424479987229	55.79465818583042	57.185786513009596	54.26463905740822	56.7269953118991	55.998711766109246	60.77659784735011	57.25362442732064	56.28778560479539	57.47309618624203	56.27161288505488	58.21396381301086	57.79834352958042	57.64145540439023	58.30529731095089	56.69157336525487	55.824238910527875	60.32793698781597	56.90765792214063	57.2568191650201	58.08219452738476	58.398581957794015	59.695413654298584	55.210958838361634	55.413947753213925	57.665723037418715	58.834550718210515	59.45870209567973	56.333384190405276	58.13854698297494	54.643069411053126	56.897114610890604	58.46637517853023	55.97616048142501	56.41972467077722	58.67807042910267	57.06915328978038	59.60936646272695	55.82994060626161	57.95330291640729	60.10534027877184	60.07701916555411	55.32076008983362	59.3370768585151	58.761406543652555	55.3567709883745	59.820427628016446	59.40018120913231	58.771043359391925	58.03341528788744	58.23417797842246	55.20885881019678	57.32212153025733	55.630235160515774	57.396534693933475	57.7039414098903	58.026721061657355	58.368332587909514	57.63187166779127	56.76002656147666	55.81608881008532	55.65026470248284	57.08683663801663	57.58287371807104	58.45042899337415	57.33202977714375	57.75515466650837	58.26711959106641	56.8176594627968	56.429096831267316	57.90075533084146	56.124359807487856	56.969570503996565	58.41088133476296	59.02893701975012	57.26322931929478	54.75483722741543	57.396169440562545	57.99142565328214	56.21106839928012	55.9996045788798	59.136735304082165	57.97934991448794	55.393036630859655	57.29272554534777	57.680649807663876	60.54134125036882	59.12284970996706	54.11574877975457	58.414929133897466	56.85585985460143	59.26199370237322	55.90543559946416	55.270908217783116	58.80002329145891	58.11211717119016	55.999531439734945	56.38144982583089	58.82008559093357	55.963833519236815	58.506468636849355	58.41853150309763	58.4046688483644	58.17398061809925	56.29340735246517	56.59961070258448	58.66708022679208	57.650565242782235	57.69487958192634	56.51656855133594	56.78116342475846	59.18141528350482	56.068483450364724	57.83096980137116	56.27231361288147	57.17590991929582	54.594407144992154	57.54998340017769	58.56754823240867	57.57670766145917	58.344660236352965	56.70424033234972	57.29330592864723	58.123651506345475	55.69001715961782	56.37583125000619	57.84645418514755	56.49375740227596	60.223379487152194	59.775199349688194	58.02327946460573	58.81838207925646	55.047039445689634	57.985600949363345	56.68233380980336	56.77535771079957	57.15685712345771	56.07107760647422	56.49125719360618	56.996133840088525	58.76701417239691	59.10190948734128	57.716307184421716	59.407524359967056	58.95763722471993	59.853503978075295	57.96352775334243	56.829019356289216	59.21436155953175	56.4897887676999	57.994011164932935	57.85249503413426	60.305947768546254	55.646848544585275	55.36278983992257	56.943724730977515	57.77621866155928	57.71877620658474	58.35785940218493	58.44570833123856	57.508561830718335	55.23271926922782	59.2476388344827	58.95282938265098	59.52415931357692	59.72393678425223	59.08319752007016	56.91220896195677	55.42130727224026	57.25252833936331	57.676230327772814	56.006288683262035	56.8779097118632	60.071348444145144	56.50326876574656	59.1253073171018	57.307317249545285	58.79629956243099	58.5009880561308	56.44272072080141	58.35618672302991	55.64182403765417	56.112464826183114	58.363420706825615	55.339946773751265	59.48450450387927	57.16097425386308	57.00449101805487	58.067088782020825	59.08881736282869	57.12992165574207	58.23106563880822	59.668498203922866	55.452533888333356	57.061551220849694	58.62822911270046	56.676916816756645	58.737160113150814	56.97949815484113	57.77748203140112	57.42507942733735	58.34385598396588	56.90730800635609	58.247560150876176	55.81734785544783	56.658185737729326	57.25776059862535	56.98245305388127	56.63296817121145	55.94849630376511	54.46011012035224	54.523130862264665	57.60035162921433	56.911710804974945	56.30467493170245	54.99554740036917	56.75487998125818
55.853983186140574	55.91884006816058	58.013999196209845	60.389789949255814	55.88312517338496	56.500996682505495	57.00438309847485	60.41247535357728	57.83469869715392	58.66374119626175	57.85807684180707	58.408951558190296	56.49873955149725	59.673020545715765	61.04326407841191	58.54597995879255	59.508834281158535	58.624204664503104	58.27104957661882	59.50280921755854	57.85555466872545	60.34577385439101	57.18345639990281	56.84321999021618	59.293624083373196	57.92656298502923	55.75800594791804	57.048450309016104	57.40565092653087	58.27082545185065	60.231325194097685	57.36743199278715	55.80112724038359	58.53303599694107	55.43029553864951	58.31379070818137	58.91334123869839	56.14673804490869	58.69447699564483	58.32837905653498	57.925433015307576	59.116021271567035	60.42892535010109	59.52086932099104	58.30543823868637	57.004305587491075	56.79066810125873	58.23119205701704	56.767715275583285	55.440705445384076	56.83844486268376	54.20580624520497	56.55814773767097	59.162631014418324	58.301012265246804	57.58999378626425	58.41191366506409	56.69564551375432	59.85591371810028	56.43696443933365	59.59991909639261	57.04729041858606	59.65424365416179	58.72166935239833	55.86575575592093	57.80757674170528	56.76954626957977	58.93995438754168	56.063465126796494	55.39623816530002	56.979940386889986	59.850731696709445	57.89109296241362	57.62595016257967	58.26408221951676	57.793530343150614	55.55552486713646	58.041099806512825	57.19175595393163	58.507958661179735	58.66120256424804	57.69032759107101	57.74677472863285	56.30788573969479	56.20658172634007	57.50488414827397	54.671392072964615	57.15034787063209	56.109976350528065	61.21138921785979	57.71264895080791	56.56803020647478	57.95837150797753	56.64152367461555	58.76052233676384	58.30305874652941	57.97000457241385	58.834576449473154	57.110373007612814	56.44924847619076	60.70803924287217	57.19163410374682	57.63659161853443	58.64982770332849	58.7705094543079	60.22401769181513	55.72478449053815	56.01957722600009	58.01698218315378	59.41950006608084	59.83922005869389	56.91332480641628	58.31073687471869	55.23515931681394	57.50328230034643	58.626902327172154	56.358779550073486	56.858399221404404	59.03119454796975	57.425228285275914	59.952808877362	56.286091663634544	58.38600139576395	60.55128999467543	60.29810633796306	55.990560423182686	59.88833772748376	59.33458973371546	55.86479305516298	60.30613579639787	59.96380295445029	59.237657942019624	58.28839006276226	58.88690250340093	55.44307167888757	57.92846054422459	56.183868958497634	57.951085930014216	58.353480151426645	58.492655688968796	58.848282595279976	58.053926064626154	57.24979087381597	56.40363889912815	55.89574258287055	57.303693954139014	57.985935853067964	58.84851230740459	57.81689741916251	58.165307036556634	58.9136479040409	57.33972721093208	56.81894508548507	58.48348526693098	56.70223929415351	57.49936035133612	58.882956777023416	59.426944382433895	57.793520640774524	55.24960418233337	57.84852241167736	58.513632979156206	56.71778386046782	56.36228978032855	59.56360235796813	58.651801033141666	55.87098842943452	57.46388817350323	58.18067263525673	60.9096019447308	59.65719971834508	54.72119048901904	58.97038018795585	57.273529089753815	59.48920096722419	56.41577537158163	55.490286280897514	59.42365906083597	58.551573922873644	56.30028005665851	56.97428728233659	59.266522003999334	56.455689720265696	59.10017521582149	58.767914706638244	58.92352853550067	58.485501916025534	56.795465482787876	56.91672697579719	59.18995087947348	58.26444684066854	58.034907440535456	56.97743484674327	57.40647031281107	59.505836904634094	56.51582450450355	58.40853307034512	56.69728738796933	57.6075107992178	55.200443280658995	57.74273786308682	58.902073055804834	58.133836010956095	58.75283901999878	57.47677587340818	57.776024202100366	58.49275175129208	56.31513475628744	56.87079804221	58.31310874412469	57.036348979830755	60.55877703494053	60.40241940203504	58.43071821728011	59.31948669676641	55.54723893627678	58.350560397483676	57.27665909826419	57.29417251070065	57.624432119778795	56.49318230789378	56.810777201943615	57.26877488029066	59.29777144121531	59.44342645542386	58.069550771187814	59.715357363534146	59.15631234033934	60.17348628758421	58.6438144993657	57.3937794119577	59.534222558275	57.041384511663615	58.43916944850599	58.48625008769784	60.60430389982961	56.154602710987845	55.88036495195063	57.41765005386976	58.26060510266626	58.222071997753595	58.88047137056316	59.060151660739024	57.85198478783657	55.79507456873041	59.73780002555323	59.23861122310699	59.782310549734795	60.073841964070965	59.406224923184126	57.31882030364021	55.83231641727917	57.734676422850825	58.145546632187234	56.282374119322476	57.13733645159824	60.437268080828915	57.04496608149704	59.443600397810286	57.66953502861812	59.04792687553782	59.06284106042939	57.03236679762772	58.77334677519738	56.23409967576765	56.62337680390305	58.833857096148634	55.64956424205396	59.922053649745	57.651053395125274	57.713394894065665	58.34911449313513	59.405366897030476	57.51553637029014	58.80975500908128	59.99221023434113	55.954708792296465	57.485485962930305	59.09384508684657	57.180278713905174	59.21049329294087	57.60905994005365	58.27770709210853	57.606287960879975	58.51505643799862	57.322278887097326	58.6936129261865	56.429673153506016	56.98453341894483	57.786792563881676	57.41525442741327	57.15123213773383	56.45247275155959	55.08435995316971	54.75865714045956	58.05841532774353	57.49048865497473	56.7458748254402	55.581987117323074	57.2313301766238
55.94566171903951	56.41244954726276	58.12190503215142	60.55100632151581	56.29266873599713	56.53801030202637	57.70941797500436	60.600080326571984	58.024674101417105	58.82688729438768	58.12168054249206	58.9250702042953	56.71687420389904	59.870807748123326	61.44075307234989	58.942238804704	59.781522363729344	58.94795614970712	58.691782788414685	59.95123103582111	58.179361323637096	60.563055274165066	57.457131782943364	57.043361379956714	59.788189189947296	58.253351635299644	56.00933715849699	57.11261766932955	57.93662118284746	58.45693532699654	60.25828519295941	57.45695378808429	56.24622519666047	58.77711870463989	55.730946964675354	58.80415836254082	58.98511397964446	56.72088823784812	58.80515916720944	58.66224584176002	58.018771216352846	59.562814513900825	60.545498376009505	59.81945352443679	58.576002806683015	57.08989827347907	56.87555711108152	58.53015465154167	57.01440683398843	55.94144885494563	57.03160125974986	54.506863117672786	56.615179102126675	59.725381675648904	58.345057760847325	57.69037320866439	58.47960342936272	56.82713612267878	60.15647838847152	56.635746664699	59.909182296021335	57.72615569625491	60.33506395826966	58.82319475164428	56.26594513764396	57.876409941075714	57.172235299459025	59.290814436102956	56.35403171111022	55.50175285251103	57.793168367860964	60.06556306661383	58.23310284031871	57.93969579455729	58.370723568125946	58.17580265985189	55.77337542860558	58.32086228170923	57.481583995680154	58.566368942299675	58.917650125635134	57.94483000773769	57.96261098568122	56.34462349744531	56.53499548383572	57.82874604142377	55.17785559571409	57.64610458929445	56.585453690542515	61.517866281417035	57.8961358084358	56.894681285828064	58.2646249952878	56.91906957742456	59.02047836049972	58.54040607686658	58.541046462571714	59.08259563753772	57.70249313476632	56.61588371258512	61.22902408419435	57.519347233591986	57.93848382861675	58.83199963277385	59.032896683964694	60.38026801879588	55.91987523987567	56.191829560034044	58.42267399993187	59.59268563203909	60.152527856675775	56.952630437169226	58.74416115324742	55.33457043120216	57.525485671095936	59.1808315722463	56.65311834218139	57.03054557931457	59.40407053747299	57.75861010957792	60.279790236178144	56.68214821007509	58.67275424074481	60.840955922618534	61.04942784145957	56.082779025659114	60.036423436425316	59.62532704074806	56.10458748026321	60.48466222141296	60.14050019163527	59.724764530671244	58.6921025403914	59.01555939200737	55.861706630127124	58.21789592394172	56.46612624428083	58.205193023266176	58.453222377112844	58.74453880988583	59.1964327675197	58.332222870438066	57.45742990008727	56.56420100953807	56.28733209178488	57.70207638857218	58.40484605109669	58.96513638830689	58.15147440318577	58.6097793111704	58.92982017435111	57.683598703737395	57.05971287899848	58.59830887118068	56.85522511290265	57.7325493446449	59.04667255059629	59.78922805501452	58.01640438913065	55.48706135874881	57.89676677830844	58.64634916724061	56.88540366266061	56.59453650263887	59.946043893643676	58.70203658401881	56.20307983254349	57.886342385301276	58.51649113755009	61.30539320395712	59.893729960288866	54.91206219313345	59.12029130762705	57.560460951322945	59.93836614003849	56.659010527081215	55.804989275472686	59.569970771673326	58.72762965520995	56.61791039358473	57.265203748980724	59.60581520978651	56.754183708430844	59.108154138908304	59.08483735625852	59.18375777831836	58.781918415918604	57.005723095396505	57.326133896284254	59.35927472788321	58.32171180204953	58.463319787917236	57.33905366893351	57.53594217566804	59.82160282151357	56.7654044188433	58.46168268204927	57.17222419403055	58.0073256604891	55.320646599978026	58.41548171259842	59.37932595119594	58.42365072903612	59.22744586703022	57.498831055917734	57.985044145916575	58.81219755474828	56.374983323394225	57.09298238721014	58.75826955107244	57.24179186512895	61.04844461347102	60.50158712737436	58.769746359353	59.52516706017849	55.79172338742827	58.68971385581027	57.334748636501295	57.43788895482476	57.8620978462727	56.829498396433394	57.19302233498491	57.594644717551866	59.470297802526524	59.71666570786235	58.65558156987411	60.04537153398712	59.74290374825924	60.625365754922456	58.689391223481934	57.61753597218597	60.08084055348287	57.17495780352354	58.647713939264946	58.64260032540748	61.07535117265151	56.31152154498407	55.9683329704402	57.90389546314722	58.49407305780235	58.40404239470255	58.99548265296506	59.16811038199074	58.22009520957063	56.037122249420726	60.0349178271901	59.89226562430157	60.18326323802934	60.372680249924905	59.85194561421528	57.50377691321139	56.18833695727202	57.859182978725215	58.26055196363456	56.57579175456272	57.61334538358093	60.90581449221505	57.25574041139967	59.76885399268352	58.07436989881249	59.3162316728062	59.14309986587867	57.095126768065555	59.04828332903291	56.31852566656546	56.796898392129805	59.04598951543412	56.00514822917291	60.291507467409964	57.829111085312924	57.796849883541526	58.71409881645131	59.9091210189584	57.8635163717165	58.99300624667102	60.50772927446403	56.198808901244135	57.86307961699379	59.373424864552725	57.53378498434304	59.409043360824086	57.742098887141225	58.50096444281291	57.995898955663705	59.20848409905391	57.58547932567203	58.936249971682464	56.46506076989116	57.26119292378329	58.01230959672045	57.62802101112495	57.2752360267336	56.56810416282287	55.21161602925612	55.09025744417674	58.368920863707366	57.58929932986968	57.30208934211215	55.699130928406106	57.311364185084415
56.17300800756469	56.598098086618386	58.255601508026345	60.77889704667451	56.53174732677958	56.679230319643864	57.83139478831983	60.779881317276306	58.25726249967472	58.99811714105202	58.37886982432579	59.28091720214841	56.852934616098246	59.99442988802738	61.56908367705294	59.00451432765979	60.30211225785975	59.24316514798005	58.866961761745856	60.3956430338758	58.53218522459805	60.9256124670592	57.763542681792856	57.26320110551393	60.167372417624556	58.76491750308384	56.24465831074287	57.289187823266026	58.123418002592786	58.550394933736506	60.38122990176094	57.57629534233007	56.478873515116454	59.27026343559054	55.9078228838691	59.1876142359577	59.236237733891706	56.90334003711472	58.9774240805758	59.15361366283114	58.16746147197011	59.804755679913335	60.62311889593095	60.392791013851024	58.763774166128385	57.354724851978574	56.96092956182516	58.57586451613643	57.27497473310936	56.03090704858407	57.17453918124272	54.684014752939774	56.96732662400175	60.19335780785712	58.44177479385092	58.02221290145282	58.68718826047304	57.10585367826337	60.5038923866576	56.84157706477972	60.12154667812301	57.85224557634116	60.78040187667747	59.091545354250854	56.43302989449602	57.93318709758637	57.31710417453498	59.567438648632724	56.52927838537372	55.58937366865138	57.93451604608656	60.21548423174964	58.6156673366837	58.16643209841736	58.60687755250294	58.48637338622178	55.935343767869846	58.747353506135575	57.613592511822446	58.862461076999	59.44683316308749	58.07377868998995	58.235126096795874	56.488464677226574	56.73452286704467	57.96113569572679	55.28211267544535	57.821778613238195	56.885756890480216	61.85049823734211	58.43627911610447	57.20152991136852	58.632997723455	57.153514419574705	59.16725352488795	58.74684507212093	58.80754734178258	59.20716509936073	57.80346503801625	56.7044742393448	61.58519347494811	57.86210897733208	58.19605379479788	58.9695644513416	59.570684227226955	60.57115991044171	56.06169390653233	56.322365871973474	58.84897913834932	59.72239619830598	60.372457681265054	57.179632034416365	59.056555540794996	55.52658327650588	57.76233037530933	59.528775336526905	56.91502312263133	57.2421024544306	59.96740908225136	58.063237414526775	60.683718273399684	56.79432197566706	58.92123397858103	61.18420128569468	61.40942102243874	56.199441961332205	60.15859959661556	59.739344090435466	56.39133681732591	60.8246596371022	60.275223003392156	59.80024139313328	59.01169585726698	59.64527129288479	56.06017015863828	58.33466414094021	56.566497444396354	58.77868967762465	58.57000371032877	58.93259931946829	59.33757373315573	58.55385009690721	57.936590252141926	56.64729565103208	56.41968482538388	57.81187552107014	58.829416958345966	59.40833841238205	58.453480313463935	58.765049691090354	59.091308223211044	57.810023140536615	57.38599545526656	58.7399095893995	56.93254010963451	57.98156798673158	59.37097168575158	60.26951998006584	58.217682206261934	55.63393931313872	58.45118134495348	59.21382219963231	57.04921927764877	56.91817612547015	60.296986784259836	58.75615206271321	56.43841938267726	58.02782548448562	58.731448729408406	61.662248326925116	60.4467460942308	55.04984383524553	59.80366030935275	57.893110282235895	60.25803490237707	56.8390983915245	56.11570554754218	59.66256304940876	58.91832461763821	56.84281238423941	57.356893332128756	59.76378598064333	56.962150749706055	59.2792153362556	59.16475156846463	59.387172657065115	59.0760388354312	57.463331411199505	57.63505200425498	59.61787592648444	58.802597752172666	58.634167187100005	57.81369787434819	57.57132695180411	60.15384303839419	56.95928396703962	58.6478595359661	57.26899937846264	58.29901361720709	55.45543637338245	58.68837719376656	59.853792192613035	58.699090807727885	59.65643741851233	57.71669458602293	58.403586589465995	58.91647793381581	56.562391923088306	57.319539091963556	58.930470630924574	57.3187715674203	61.42479584998796	60.551073175012334	58.79183860400072	59.74995811809471	55.890705023867305	59.024650880654306	57.74725849218898	57.69540376689938	57.99074284274664	57.171663788350806	57.3999889702139	57.88733951549546	59.72986750035933	60.20352474207217	58.82639367463584	60.38670768353156	60.17154096937032	60.849793828783596	58.7892136551488	57.90125909714084	60.38229436298306	57.40464915858827	58.95072311422998	58.745007175708764	61.58840267779982	56.59550035683524	56.29886628454705	58.00098198188069	58.94698589451623	58.68512648192686	59.27273614207345	59.34951694023723	58.4289985756173	56.17808673799129	60.517841096649434	60.31801119834425	60.74655137083281	60.65076650401508	60.157459915612534	57.85851017254942	56.52795912577029	58.22354279979987	58.613475694644656	56.861716687108654	57.9051578563042	61.087839957839584	57.43648509504297	60.19795618862282	58.247948666718514	59.81286533820442	59.33832312226638	57.29211081976234	59.24661563566992	56.469305384006425	57.05479256483832	59.387273266832985	56.314057802376944	60.43271130542458	58.14763151291634	57.96823066909861	59.04161852403328	60.34132785175794	58.02011426701085	59.37747850450475	61.016657317126075	56.381346787016255	58.11782320496043	59.764966382753514	57.71048091190591	59.586890379969965	57.85465424061833	58.76248556935522	58.23081839108246	59.60990059632671	57.811955856715436	59.2482932697988	56.65193888262264	57.53818125761645	58.16676580043206	57.81553349144418	57.62064218210409	56.796325919963294	55.39750055626863	55.4117388072693	58.758719975199114	57.770196618222585	57.39033077470487	55.85064693451956	57.74721337421351
56.60464520828288	57.01793141601056	58.57732165855827	61.19730376817926	56.73666951637764	57.36460226855432	58.239936875946434	61.32903699152926	58.816595429835935	59.481670483012046	58.81920977778992	59.47804491882728	57.410401239510286	60.5777910935154	61.96042716045484	59.25428038800128	60.51033626905885	59.569941543599576	58.967915040792384	60.64329387096689	58.769484399520834	61.324117613551586	58.260158989496354	57.767978347116276	60.33052786329603	58.96908609148253	56.64966776323454	57.72246370250613	58.54681651890999	59.01551869628516	60.931487786206816	58.175884348088545	56.79779336182082	59.630043551430695	56.40068841925819	59.32531999248223	59.794666400009106	56.9836110010913	59.615230427468795	59.261426602877215	58.76805713278323	59.99583967905396	61.22819618381038	60.49553344319996	59.260185655583676	57.842484551734366	57.59249022752194	58.856363305800045	57.570564489123235	56.54245847342564	57.50103419586537	55.12573817179299	57.38126185444002	60.304763691240986	59.185168915170344	58.38706782332664	59.022823744322146	57.652657414214396	60.872578626856495	57.20195606760719	60.52548665100123	58.009019998851244	60.85633970710617	59.68859524127658	56.613172497392476	58.63269687575651	57.82894016991366	59.91141118918519	56.77268972509856	56.2632710752649	58.08618787205853	60.77824343115058	58.93529325878172	58.58069477206982	58.71916999921225	58.81961939600719	56.49933712372867	59.028633647029984	58.03485654622058	59.084541721194704	59.63326161358802	58.65376892375093	58.41763819335757	57.063486342687895	57.21333127476509	58.25594523209822	55.792718231855794	58.21485975263539	56.96980833126601	62.24940616712223	58.72863461019787	57.36948671883292	58.88391147616691	57.24435690068293	59.627942667778655	59.109690406395664	59.096113478307466	59.73439024710246	58.26546200749823	57.18782039383803	61.72584591224218	58.22426009212771	58.597357960547185	59.532385912236386	59.887851674311655	61.082782358138026	56.7137783541066	56.869590608841804	58.87717201113074	60.31471784557182	60.76785758255276	57.75117533131617	59.24336601500506	56.057596487172006	58.47720474461394	59.66139760877603	57.33924804920962	57.71929782990496	60.16806729449101	58.46181932912969	60.952453187681904	57.258589178673674	59.24481182131541	61.537202913831294	61.52095767015017	56.76511853535069	60.8871337608699	60.141055309191906	56.75307669176083	61.20440363315826	60.88519239522841	60.12490768337872	59.05570260469988	59.753355510053986	56.32472328451657	58.68430500167674	57.175367402252625	58.92144884396118	59.14816657255157	59.390916731905406	59.76750176665728	58.850659425017234	58.12586348285249	57.22965590030799	56.490975356054165	58.091026259175	58.92421084126317	59.81624883599236	58.73507176988664	59.179081757144225	59.80666774530889	58.19044052916059	57.84732079292242	59.374086172890095	57.68151961575194	58.41674713996006	59.880699325516716	60.47798041482636	58.54603682598716	56.14675465297708	58.78889778420949	59.39393968967934	57.238325540325846	57.36536006649837	60.55017223891657	59.421867559099276	56.92854565344569	58.26619201910635	59.09520103909734	61.980010237835295	60.61037439039026	55.570102414409895	59.95948618088499	58.27587021083216	60.45339894207869	57.30652513794799	56.3003490268998	60.277997147622585	59.39457107070328	57.11851775895856	57.83380958813428	60.23999607303358	57.45662569853905	59.87583449491667	59.57460998704312	59.78733419592311	59.23724631492907	57.788049325387156	57.77793380612872	60.022980568074495	59.0018933613636	59.05839675129214	57.99575811921176	58.25546730368479	60.43497530783854	57.42420208934188	59.168792290960084	57.82059572268435	58.705940186608565	56.110901005965005	58.71800228293194	60.0348452948143	59.04248626628964	59.77037230154292	57.9699208907368	58.62685871187208	59.481858603702285	57.24309760757547	57.83444011884813	59.17629572557605	57.91355427875443	61.66595646708553	61.21713924497724	59.23666121663141	60.292006461130285	56.339101916772094	59.37874467637208	57.91497684718021	58.043674370733626	58.47867626479694	57.55517737849216	57.761015737463225	58.05992979045482	60.26020303355723	60.49887419908595	59.127148490657596	60.55902659207583	60.35388460653866	61.24435183834773	59.36000494460114	58.211422871147	60.65486270543288	58.00768106352937	59.48721349436638	59.365413326013446	61.745979610109906	57.039782914757346	56.719550831931954	58.47552068183416	59.03294124886273	59.21261960791284	59.697386208775036	59.503662584862724	58.86754271035178	56.811627459214456	60.721496974968474	60.43527398861487	60.92581132486609	61.03603389354139	60.4377700386518	58.05715767906562	56.88513128755693	58.42555669228894	59.009392819605765	57.16937855366183	58.05622595814953	61.507014202558935	57.84558499344285	60.34564352059794	58.74641180625426	60.03729018569825	59.91252278835039	57.94566667656517	59.82375074572272	57.03978544610757	57.546887796640206	59.61192197662237	56.557513032306815	60.90443209748139	58.651915189025175	58.25882398980293	59.36234933502521	60.544494848843556	58.379535892343945	59.74912719117292	61.14839178195983	56.88061576383447	58.48751961656045	60.07309409616264	58.13603458722595	60.19508110113238	58.42209031897254	59.266677921783206	58.307042441319204	59.70581237396636	57.9621906664649	59.716250809217605	57.2283777438866	57.874473464058774	58.84326399771973	58.210667750954094	58.10483992383184	57.22371545357039	55.94251117681468	55.688842473361795	58.97065517770155	58.468736688140446	57.82676834308221	56.47624914309296	58.04256421878167
57.08271759249954	57.255610531355046	59.105500732790745	61.75929226072389	57.10423717288269	57.831295101353675	58.50657532177819	61.93627558466832	59.29917986519205	59.877947438861774	59.267025472386585	59.870590834625865	58.10326592992585	61.36075066605127	62.53233060462225	59.861185825330104	60.8440773440532	60.1397740367719	59.592169650611886	60.927409117178975	59.27519022475636	61.928104901963366	58.47468890566826	58.11411163527344	60.66800954799808	59.38987341731465	57.19268799070718	58.25703280106724	58.77949532531072	59.53049463132017	61.53552135852221	58.49342059678399	57.11362537246929	59.83767346229096	56.871286066155655	59.676061359867305	60.122131823955776	57.486625507193445	59.96355150336744	59.556389969891946	59.0616238734761	60.49378141229396	61.88664889290516	60.90732623880054	59.62001935967683	58.32165785495954	58.18240781386976	59.45688001896286	58.132243118726976	56.7086979565984	58.0877647866935	55.636407999011986	57.79293567992675	60.45765805052315	59.615468444793926	58.868824876219996	59.4945540201054	58.02021876380116	61.41786905611185	57.65525926601323	60.947979590053286	58.05674283132487	61.022151265476914	59.79259357476672	57.14646945858285	59.318024549605624	58.072284361200296	60.29503103612975	57.335124384740304	57.01677236744094	58.36406979036653	61.36438758072378	59.43216358313918	59.217898337727654	59.24904201042619	59.42022920171	57.223742831130636	59.570537987446045	58.547933438700525	59.6829224909427	59.987800954171064	59.08026987474085	59.030705385410535	57.69050945320413	57.839934659916054	58.78019701654351	56.01634045582908	58.54212684114596	57.40251709946311	62.8151503898317	58.96323596292501	57.771617016363024	59.47261688878502	57.93200996642418	60.13431728020602	59.63455624868867	59.60453176140765	60.409778032437906	58.41942052298955	57.721575841962604	62.1994922194255	58.48532177354197	59.14240183408621	59.98730994720482	60.13868336662677	61.68126609148247	57.02481647905161	57.395127602913604	59.311294826161244	61.12495989925945	61.2874759575456	58.222076298485916	59.69039239546555	56.63972358369881	58.556626691619705	59.956070345841404	57.85906004073753	58.15010541476187	60.49871145136718	58.95852563155802	61.436356277576856	57.80122270516028	59.58385464332301	62.12387059477581	62.06021366227653	57.27442321111731	61.0298522081213	60.719258966727566	57.308964503167694	61.74439511115839	61.36603890010611	60.633123354221816	59.59872266720636	60.13356749593314	56.830495855425596	58.94547152212866	57.426697946681166	59.29568616132148	59.62101615621233	59.95874935365322	60.377315839559316	59.40972627001804	58.60591449080327	57.7255543048505	57.20243127555773	58.58118591428216	59.07756369475032	60.07872899238316	59.240969552784	59.651812882720925	60.15754694254443	58.61001965375173	58.12939862009401	59.918494522780854	57.808004875337275	58.75752311584013	60.2042000793201	60.661426355643584	58.85543964153186	56.74232784992782	59.04309943403581	59.82707175088543	57.93363891789046	57.577816327275265	61.11768698861774	59.893813908870776	57.14339099653133	58.82864027389249	59.691957483149984	62.582317585492305	61.0872631403563	56.13648393498152	60.32633470601595	58.82541798622739	60.85011494233029	57.93799177556291	56.54458534733474	60.94381749134151	59.949820271020045	57.64198148121462	58.16705967366574	60.894280709369355	57.77051553254082	60.51245833702858	60.0735168686647	60.35280485552032	59.79914511420142	57.99074595559044	58.16069283072173	60.546920896254285	59.4847123997605	59.446099247292615	58.47860714499253	58.80837949215187	60.879182190944	57.756657367469636	59.704436696250085	58.024289226754355	58.993666970433864	56.59893100742655	59.12084282763169	60.547648754692496	59.43407576373552	60.31037335140881	58.513786269676544	59.09426879588691	59.78172942156932	57.365105033440834	58.403000576899814	59.71132595334937	58.3482720122054	62.275386524460906	61.96129079633594	59.64521079649942	60.85850095962635	56.746646629281145	59.87854923802251	58.487131422961475	58.49204069172283	58.961609303021234	57.93771480053993	58.233364447505956	58.61830375967446	60.73906837349777	60.874960228790066	59.56926494668104	60.86578835446423	60.69088893108467	61.798292442265776	59.90080875812405	58.79160567389062	61.23375040112986	58.41322831538096	59.7227800243227	60.19912556463593	62.14965873863608	57.56816091145288	57.28078981758177	58.614749753302846	59.62084377471623	59.61334881632635	60.24956683080619	60.20115227614791	59.17644367776182	56.89874017364603	61.20475043664924	60.930173726278724	61.25425740953055	61.35006732683667	60.88754747451014	58.53925481917723	57.30814897979529	58.92757053473286	59.48229873906313	57.371783789484276	58.37688826774036	62.082864916574245	58.388854752828614	60.78612582557656	58.86328369529721	60.45154445975189	60.41524569937419	58.263238017627316	59.98412297312044	57.50140983788898	58.026024387744556	60.16489226001725	57.04065312928234	61.55060399266193	58.93516997828544	58.73503409749239	59.73840125792126	61.074898875394055	58.74684931846591	60.06550487344441	61.62832556381935	57.34977869891342	58.88295099509237	60.64401694926493	58.37570494470266	60.472172720225366	59.027181883523	59.634629775368744	58.916682907520354	59.89731424020972	58.626521580272616	60.197582584207375	57.736521402434846	58.39011671776478	58.92305596597372	58.7494888434201	58.59139389495302	57.66499695495797	56.32891443459409	55.91233682969995	59.513813455943314	58.70141829803575	58.096841514303954	56.89777490897141	58.53103368215833
57.338624840703226	57.47666520714221	59.608019287878044	62.124947317299984	57.45963911676317	58.116802820120036	58.742019927915116	62.06517429252443	59.55236629579294	60.3658382396489	59.53826720127549	60.200715954089176	58.2382467903708	61.43386206391951	62.927366190150835	60.19914564977006	61.095369308036645	60.43873086402083	59.91167579038703	61.07061781909581	59.49981634310447	61.94620703594797	58.87414344474186	58.40353970143459	60.919142602523834	59.56837704781937	57.50285682195384	58.67304070475335	59.09533831718331	59.90874100320991	61.9313334364382	59.01957681917684	57.46369451376929	60.263796207564404	57.1173346109146	60.04891023551158	60.51760290411982	57.76956131474761	60.34476123581774	59.814128962683796	59.50354153793304	60.80654058914332	62.1609357414032	61.233797228270134	60.046599810373195	58.480921976935974	58.375410978554	59.876366357389756	58.49324365078284	57.187553494783536	58.48582639923363	55.942857272186	57.970420164875904	60.62916155192276	59.94850467988744	59.22754914107797	60.00750680297066	58.30223669465568	61.59480345239456	57.88470061102285	61.30135088738245	58.70084882509313	61.2547108418381	60.429018684943564	57.41072149573907	59.4809807485735	58.48915235100187	60.66160285491085	57.67424079054522	57.08516048069349	58.62585503507895	61.63356030075983	59.7246991661936	59.42654891879142	59.9057727564808	59.59107562597447	57.26372695215181	59.72651710231826	58.87428339538086	60.10663650577669	60.194523559545594	59.361762968248165	59.47832484352399	57.93804022699616	57.97683645797876	59.07564247323476	56.370351329769385	58.91292256093871	57.71340434181478	62.8991957562552	59.375846075653094	58.15454940107661	59.69226016053456	58.27817775427873	60.534219691541594	59.987751510287076	59.61741244415761	60.68825623231316	58.847112866791804	58.201681685606644	62.59181864326151	59.00385754380167	59.30787168261993	60.3887252819566	60.482039789297154	61.97283927231487	57.411354015359244	57.68098620996542	59.60424726506341	61.20996200853566	61.49243865922206	58.44375990750476	60.077756128194004	56.93511205384565	59.132762245420274	60.2443424438784	58.06824807067499	58.289408184095116	60.74786271346345	59.249281588936974	61.73023224511165	57.97941782910256	59.94917407954327	62.284559626056826	62.25800101096238	57.68664815819031	61.584069554389046	61.05996077565236	57.62997385086808	62.06310883409777	61.70172065515559	61.08607552213525	59.939251479625185	60.42577174326601	57.15366859486457	59.57971092258084	57.79726391891732	59.48867183547141	60.02685895441681	60.273020502387304	60.718739054506756	59.77222635601685	58.98320820634864	57.933152580487885	57.49507158731183	58.86878115218278	59.32613696340051	60.544765814185894	59.529943058414986	59.86124484264889	60.54548348566329	58.871150245109256	58.6333309261333	60.11211698437686	58.3876768653627	59.16989357217043	60.61458110451351	60.945953660094574	59.373004496179675	56.93354720623379	59.47045236389892	60.14917615394312	58.32253944396562	58.1311858638051	61.42625407564397	60.29512433930219	57.55161012039833	59.180027592452575	59.90213331998843	62.67397728794007	61.217545194880515	56.38686851728149	60.50454751131247	59.10255909589075	61.17181697414403	58.23028213410477	57.00922217112237	61.1308929816194	60.1286495076905	58.015784667465155	58.624894354540835	60.98161643241441	58.078951272348135	60.5992692684435	60.44063528754776	60.65138354686316	60.12424956035774	58.413979490254256	58.52722782880529	60.900767204346	59.832500382787266	59.737080305598134	58.55493330929391	59.0488671453624	61.17300103374526	58.08609474961084	59.909145301450884	58.43031316815977	59.24242091900277	56.93017505055072	59.421724773798914	60.64564196135018	59.78022895647879	60.637663485070796	59.091044470721094	59.484789172653485	60.23363081517452	57.975584552940674	58.68785230442313	60.23403885645758	58.69407009587217	62.299968737532375	62.11210435471139	60.11349026726262	61.02198078073805	57.06499247390601	60.166630925559126	58.84782267264408	58.892703499502375	59.33354661626277	58.09321147934477	58.55425810360564	58.97539627975025	60.956936385385625	61.12938593417904	59.91764262086977	61.42218058202843	61.02751956962148	61.87548253479906	60.336680342623836	59.2074936799962	61.330701429102696	58.734285027623464	60.15234264397987	60.20976922133672	62.356186579558305	57.90442870379508	57.51332795270971	59.135619009936086	59.98961113222302	59.8525868825385	60.523375094220974	60.66324329288139	59.57790428452844	57.52111997051505	61.46412952388461	61.11301784423474	61.5397468790261	61.800448082537955	61.08090487130613	58.87213997804517	57.488010618871265	59.30969178785017	59.679800995752935	57.80023634230906	58.77050509567294	62.22316825691643	58.778899636423006	61.13376522749945	59.44043717785868	60.78618379062911	60.67347844324325	58.67174805362135	60.50504337701646	57.569119901508266	58.15289413628049	60.536057570402114	57.357580699219014	61.64086218826301	59.302383474666264	59.243223421094	60.07795161110208	61.24427542704861	59.048121490618186	60.36143194706593	61.736908636639285	57.66996061457337	59.04992015660706	60.83352592639822	58.87541914822498	60.90315996335294	59.377205116636176	60.00511248301916	59.2497546824024	60.22656548322472	59.006080571087864	60.474488236646444	58.03911524556177	58.76088004912003	59.49175442553672	59.153071114512905	58.73551474250441	57.90957574942676	56.77367937824217	56.34188043343565	59.9053288589567	59.145490558159516	58.393815539665	57.15495949625939	58.72503716890069
57.50162301618662	57.748161055710234	59.85744321405763	62.2459218955442	57.99303931940923	58.27648472430067	58.78204132851494	62.2583311981198	59.748978803215905	60.56484850402365	59.72583829190257	60.46478950349375	58.4919404470627	61.53609836001294	62.99323188612907	60.44191320824617	61.317992686138865	60.53410242384706	60.222056257433415	61.332544441745	59.679855685166096	62.2146034290145	59.08990962399554	58.67288817088158	61.34938739214791	59.81002861425029	57.74524444652722	58.87500059709067	59.28190790159021	60.12026482288449	61.97553961427985	59.115198164610014	57.74303779301754	60.47258506017442	57.31696319563213	60.38870977620228	60.71006658551338	58.291908175913875	60.60555793941767	60.18987492068097	59.69591167823978	61.15904879433757	62.260903643081605	61.33840536390707	60.22203475372348	58.7677339522103	58.583917854101486	59.97350192852218	58.707381457609884	57.2586606018707	58.7664119058811	56.21582346570283	58.23570401121116	61.09035537761464	60.07699953883088	59.411751188834785	60.217296691353056	58.569708645405356	61.75022009103134	58.402509330964996	61.411478174916375	58.90031155656808	61.64000343094805	60.6319508056141	57.93009661455662	59.58075816719772	58.5938829330373	60.772723353126004	58.08985876233021	57.252889678925165	58.80625587846709	61.68158236741031	59.81154063637695	59.61462269804904	60.11156780224196	59.65774619550147	57.38553548611271	59.9882057317723	58.925927241838885	60.294322234709	60.44402495936968	59.53917696978173	59.63009055004723	58.1004480401329	58.03710639556356	59.45365863323886	56.46937982906087	58.973166841144774	58.22982001989172	63.21969628602486	59.56392397774851	58.553159718283965	59.83575294065649	58.59049586705646	60.68371901108565	60.22523287426663	59.88508560692148	60.73514024868856	59.007763898677375	58.224316051901525	62.83737802571557	59.04666799620816	59.48129305285207	60.52707189578619	60.83329873778731	62.01169839259193	57.69918458812806	57.977123155728414	59.75520022309148	61.35588447939634	61.663818848935904	58.678007955506466	60.166101467282246	57.06520924053536	59.35703878382496	60.704904588049814	58.20611644545514	58.451469229877915	61.076799350613875	59.40733013736093	61.798605214003324	58.244294249333045	60.276829114620185	62.41247901658448	62.29892986960394	57.8074959415479	61.7690031274436	61.272290961559406	57.81591765712244	62.19823648905797	61.84100316803494	61.206673662453554	60.17799437071745	60.655397488012895	57.4364103948978	59.8614904228833	57.996418401287364	59.71510488680959	60.19339449840556	60.31460474627472	60.79529707074615	60.03885834208891	59.07229971046136	58.37494229853375	57.88804466927673	59.317685864510295	59.82877070292496	60.864028343914185	59.808494612683084	60.06686565486927	60.69204369207807	59.26349273630895	58.68486531574848	60.31295938495267	58.548243641417585	59.34481111324449	60.814173179301775	61.25517395558477	59.68592681822139	57.1849724832369	59.73864408239169	60.22074784680059	58.61144394747367	58.2121182701064	61.48552852532899	60.364648388535926	57.7021190023457	59.30114056048147	60.03910674044172	62.85979572724718	61.51910422287402	56.68587372009155	60.867255610805984	59.191828004077756	61.443368682725904	58.338026685820374	57.51949945154187	61.33841181843584	60.135149237275996	58.32014459376757	58.802310920504084	61.178393836313376	58.279964378314595	60.72154794183107	60.51173424740479	60.74326997652292	60.28015030564158	58.56246395489293	58.79525626518331	61.00995366151388	59.99749838515075	60.00087640516398	58.82056492852232	59.22903762407903	61.34749764125607	58.55462953659052	60.107024626034004	58.50540198756705	59.44089868832735	56.99178986610213	59.68910029349162	60.89972108862558	60.003051991473335	60.721207783667694	59.25640534610129	59.6842469514459	60.446954414004495	58.0938483946898	58.78852911358892	60.26559546175643	58.871178732609586	62.5465182588262	62.15668477434666	60.28119920303388	61.186797160036434	57.520914971890164	60.34125151957587	59.03096907103869	59.144178785897715	59.45371020896059	58.323527314389345	58.59235562186158	59.170072911946896	61.27674896885217	61.478437301749636	59.99383321846363	61.498567202904894	61.18734111202572	61.974317414784245	60.35329234240949	59.27663286525321	61.432633319720345	58.98983375160625	60.39553285322207	60.36593362132633	62.598828190479	58.049443268216955	57.61131553324495	59.31567609759991	60.04326016324012	60.098483055113924	60.64628730740648	60.88358360228555	59.70802978688282	57.60764301245534	61.55067984017368	61.17121602337609	61.851974256468445	61.970850801928115	61.43892178894541	59.09169628698341	57.634862464926435	59.515367078328964	59.787965446053164	58.3484584723988	58.918175025216	62.24374166609084	58.91894592807677	61.21860295331816	59.67402153563419	61.01116886587899	60.85986863000056	58.86640359187704	60.78383762530158	57.96851664560053	58.458427192043345	60.75962000338099	57.59329232720915	61.86045007819206	59.65070794150966	59.5436641056242	60.22461303010318	61.37417853121886	59.45524835836564	60.617872645290554	62.086691126594644	57.813417987933036	59.424341016393	60.95194465343617	59.0452629195055	61.15574364125599	59.450832339695594	60.09205341543762	59.51239543383318	60.585269611311496	59.2695377720372	60.62170256993805	58.20333295036401	58.778761123549906	59.66621362544074	59.25074343089235	59.06333692191946	58.10064679913162	56.89728262871488	56.84515235375047	59.9484509449238	59.37876567830082	58.63632886794446	57.3891478648067	58.90198087818483
57.708409458560915	58.280740248330176	60.01961426432717	62.3394384064959	58.09785724714321	58.45976065879035	59.47788284816136	62.4991539728251	59.877608334971946	60.62854176978181	60.058993070359485	60.5792527592605	58.50536964468588	61.686453937097646	63.112530317985716	60.679003766038996	61.85473484538711	60.64004577899088	60.4819221073486	61.577796638036055	60.20026490106143	62.470121851481245	59.38032629734284	58.91496582071531	61.454466475906926	60.17222738167757	57.80264555506758	58.92810508312212	59.76176621723929	60.344171633671664	62.21596906936752	59.37364463631145	58.098375052753745	60.78710378108649	57.60212476317327	60.442101648480445	60.94936984785893	58.35999074248957	60.65485468240754	60.441991075096865	59.94427058564629	61.32093957076484	62.420659805031505	61.4853424131087	60.41804737022764	58.97220895144701	58.74796352131532	60.321745663084954	58.901003675090315	57.80166202855432	58.838404614490564	56.31307289465245	58.40506400675852	61.261346002224876	60.27519527743964	59.579890578421285	60.39351573393777	58.738042382347594	62.02303839440252	58.42451911724271	61.83821975905006	59.335101272449805	61.81370173609717	60.83792390916993	57.996348645288826	59.74045957366632	59.01402286941185	61.19015761169564	58.15952409003333	57.28849764102294	59.43437019057684	61.88265777277125	60.005522725783116	59.64282209660982	60.27998337359893	59.89123666274551	57.65653184824579	60.11286355698544	59.3827561530412	60.42597154499539	60.66586099342458	59.80448057046311	59.830854546844776	58.16851346210047	58.39844588095851	59.53113319547418	57.02411751780933	59.524756627089225	58.251021852430384	63.42706347392211	59.92102735459682	58.71656167121622	60.16544651282624	58.66523855512745	60.850566415620676	60.24426165947937	60.271659026753674	60.8055242978552	59.512897842725174	58.553018052821486	62.969755288947475	59.45252434406721	59.86851964002137	60.61277314824291	61.06076594155327	62.19495830378663	57.72027382855696	58.057986434274824	60.36302286302399	61.363966343852034	62.092709838211995	58.87171692748313	60.66205097834416	57.165507668604924	59.60144167757222	60.81327901699744	58.564855778840894	58.698780791352455	61.453366112361394	59.58281116919138	62.12818500615707	58.46846257521124	60.38751061353954	62.60281924002908	62.54940916854748	57.90372563586393	62.00506100358467	61.41502121650719	57.94273306866757	62.26469102965481	61.921862706004404	61.43590851699625	60.51333431466199	60.73874469170601	57.64340087094749	60.16060203739265	58.29515079454031	60.02233399739836	60.291263787662096	60.5997359612278	60.87942248855577	60.144944570432386	59.219644884225346	58.402126998762775	57.98120629961302	59.36080682133602	60.04911178447718	60.90043842521052	59.946051095944156	60.42986780008932	60.88803800302884	59.46286645794528	58.95488999545082	60.4763759121659	58.781611096329144	59.66302806341693	60.92893489714988	61.683531511581094	59.96523537243943	57.34175134855872	59.947252847787546	60.433602059206436	58.65892719624868	58.48732403579836	61.57984030618028	60.64582950764854	58.15253560445445	59.75650136645257	60.37912741679177	63.08637263061531	61.62354007939958	56.78677080477012	61.0590866999084	59.33755768086724	61.74387560040174	58.383066958273595	57.75150137044239	61.441163774964984	60.536598174400986	58.38569463330149	59.14850538525995	61.389591434577824	58.695053596644186	61.00604131506048	60.88745592127114	61.072392700958645	60.7562346704756	59.02687411437464	59.085001596477234	61.1655003641589	60.11834719217645	60.287539575612364	59.05944523819613	59.39359321811577	61.83222682396975	58.67808197912959	60.29527063248625	59.047653793849875	59.94115629766495	57.18748796057855	60.01238808260454	61.21388911068673	60.242117662778014	60.80530524918815	59.50677095560853	59.80503727113548	60.7212774385782	58.336148339304344	58.97127158438681	60.44409925099184	59.118268101938284	62.82711334598879	62.331367053836026	60.56662866983697	61.41182215582103	57.57559575328521	60.44502810881434	59.13504630878892	59.34235300407094	59.70826673044006	58.795742990063566	59.07346928238157	59.398586226754986	61.403105321973975	61.71210675659606	60.40900027810565	62.18972806518694	61.39637080163843	62.47747785151654	60.65495881195143	59.43509737962375	61.72848593187285	59.00754814808593	60.53924037286811	60.47321852509882	63.052944355495605	58.10768304424797	57.80420399088141	59.76546203105872	60.41602167371612	60.332696032131416	60.807426844209935	61.023200999049855	60.10620932200056	57.877303684329945	61.737441882574224	61.43144288971711	62.21116200958358	62.34736430703962	61.60859830905138	59.36153083463942	58.11964472026523	59.724810255220675	60.05421347016274	58.535124557940634	59.49814416487292	62.720608603283004	59.073297546551565	61.92885728937714	59.92609287198957	61.28214114018279	61.02375364352188	59.0419821764314	60.87683888634753	58.09924871646173	58.70020772484163	60.81436134762025	57.85975096203655	62.04974886967887	59.761265746085456	59.7015451716564	60.61711667245072	61.60192903730021	59.707265352916856	60.722125583897764	62.396864600697285	58.04234605070338	59.65367705064665	61.12020581864715	59.45401590786907	61.34832973419908	59.54668252744235	60.430107982245254	59.84291813651119	60.72117148928682	59.401786348453946	60.82554161557647	58.34881368453196	59.12691552113061	59.83512987132081	59.42743071822851	59.18635830901495	58.2869467522156	57.080532146314866	57.00258600296796	60.04075452005231	59.52527619871586	59.11545795212703	57.580163257230474	59.12421510666657
57.89898130781974	58.35754506113383	60.31352555666032	62.596890947096334	58.35296528227938	58.555262164738615	59.54461572717543	62.52816566456047	60.06723193430498	60.96664236800374	60.21727798316227	60.85133157697828	58.58591050248205	61.70703136769862	63.347617424584904	60.96313746076011	61.88155303851031	60.87618870863759	60.81837470605585	61.95499948923891	60.21062933982425	62.544913055489225	59.59289352695859	59.11113973828694	61.80227690814812	60.30240268237055	57.899018387457	59.134527480179784	59.92868105934141	60.51468351528292	62.30789979612994	59.53893998795026	58.27058925440186	60.92168792482058	57.67193784642352	60.7460925167853	61.047633321634784	58.695908395431495	60.90262739755773	60.72853379049996	60.04435559850033	61.622260071032436	62.52255463000779	61.813852506486676	60.7093894158315	59.08553658793802	58.817629328566	60.533118069401525	58.98605806359008	57.85152430064256	59.154086991648924	56.52009489112394	58.62509418862144	61.680057231313064	60.356170849558225	59.802349149825126	60.64270031532802	58.9253724959956	62.13172709552548	58.50038697857541	62.03765283178785	59.526592502391956	62.24617951058448	61.01493345570904	58.15896620397425	59.79523282381774	59.24946343090756	61.2901621569445	58.463181907255745	57.417479930436606	59.500458232497714	62.078060677140456	60.182290848664614	59.84698202381549	60.50712801437259	60.09308706704534	57.686685766136655	60.34511642932515	59.52555635353797	60.70948710391672	60.95750009100913	59.932660949072236	59.93957233516004	58.35470037656093	58.47812459258672	59.87570393379131	57.11320364485042	59.568808115043375	58.665267781096105	63.475015250284734	60.058732152310405	58.91204713472401	60.28725217918162	58.959666224172416	60.975836175225965	60.47816885979971	60.4345870721185	60.94502934357193	59.650210193256015	58.62368521745769	63.31709543120399	59.72051815567788	59.95862528806433	60.911508215886975	61.18370557384687	62.38174979490585	58.009642282927665	58.203447087969195	60.42136160831643	61.45350640875717	62.1421225380673	58.97133937252172	60.80822984268235	57.36191279289529	59.674676501123436	61.18900713950041	58.68959459884743	58.96610681427771	61.520282816800226	59.679229283360094	62.27668822937112	58.590664478488186	60.64526746185233	62.7738589419954	62.99862458644163	58.155057849761874	62.09965954515507	61.590737791470445	58.03200646840833	62.48479547230177	62.19371886221419	61.62354970734662	60.67953128125183	61.07161533318956	57.89857049181142	60.251955262576224	58.51441976563209	60.24923456782152	60.48982124761002	60.776912066957	61.078470685770554	60.28904764503998	59.45451634532046	58.41558824648453	58.34547437167826	59.75710264065378	60.44254306152961	61.18225038312758	60.10188181180263	60.531215579923575	61.00267338508426	59.64338414692445	59.201255862546994	60.57248813812923	58.90522771449508	59.82071692948101	61.1860333116018	61.96178385877508	60.048904106052646	57.42981389619031	60.1607736710977	60.68148635929541	58.98886138090509	58.849795444401536	61.88322086267367	60.67163083523426	58.18411661189903	60.05112031833631	60.50145571743126	63.25980702202804	61.930745824439946	56.909681986391035	61.31222245259324	59.496247199896985	61.91469216036016	58.55217740658665	57.87581629746254	61.506034122671004	60.68016700658864	58.69546256251464	59.32605197539334	61.49527102864174	58.71912475026908	61.04718879622966	61.033553851678484	61.22214006564185	60.91649784455491	59.11671722255165	59.27752255211713	61.30383123846173	60.39353524040559	60.415796004883354	59.324575696335394	59.47015330700612	61.90326348526926	58.79470147804646	60.427421549535175	59.07386255163949	59.97954900812256	57.34293542866085	60.23267475624502	61.420579923321775	60.46404460325211	61.21211990134974	59.71722548312442	59.99645898941476	60.752979368465525	58.49718373173666	59.010497895027285	60.66850029598313	59.17268223611685	63.04325144432667	62.37651712100151	60.71324690442648	61.51300614266197	57.874984367911516	60.62136754314436	59.37507301777051	59.579487922673444	59.94525722428211	58.829094737561995	59.25672331033587	59.664081303434024	61.45776862498128	61.84000992358178	60.54053921445368	62.30074426192119	61.694187523880764	62.55834491935522	60.703841397175864	59.570116635582124	61.9855799143708	59.258308066062035	60.81634389799867	60.52894165792815	63.19725550216129	58.3522890051359	57.94709091218369	59.8651901357528	60.46969649351651	60.452199894347146	60.95034971735979	61.3665849574217	60.33677502415162	58.16900332599221	62.00419365196949	61.844280162340546	62.35802912254635	62.543319031860975	61.81930239853003	59.55870952570276	58.154976884019696	59.91416334112624	60.242954495638884	58.62013866559439	59.62712625752475	62.792230535201625	59.3268310762244	61.93245582097327	60.23346554408892	61.48324131795895	61.16752282536063	59.16536260229419	61.22032330464715	58.23987885757435	58.77098197820933	60.99582761954201	57.979467048167244	62.17518084897282	59.994714156324434	59.86941123542771	60.76785446179229	61.890006198854515	59.85178640577234	61.04870212651413	62.64030411118164	58.23440261779976	59.771278697249144	61.33469396228202	59.5300594497067	61.42348844459488	59.70610071839748	60.54891702401222	60.136824635791946	61.10875160880341	59.627450437353104	60.923029959648495	58.51040558162856	59.327619107310554	60.19138927744751	59.73866973772901	59.330381687564525	58.51014753149449	57.335967867530464	57.12593739838922	60.328536729394315	59.70053453745719	59.24608357695328	57.708280143103416	59.344355869107076
58.52735338473494	58.824161479356334	60.47360837198454	62.91176672738581	58.591259596463544	59.12808679845207	60.13854901066883	63.099829727290974	60.5784375508848	61.45332559850443	60.76073114932228	61.33644113800177	58.870858783205136	62.08515847297038	63.72518055710945	61.19583697656656	62.41216461096479	61.310783321659734	60.933886318576654	62.2818327508573	60.65151983042282	63.031794316162554	60.205921346051426	59.602683502164545	62.23334914783935	60.81027743025473	58.28457995817013	59.43039505888016	60.355051729442636	60.632499226151026	62.383812542866764	60.042444126411084	58.636672180975005	61.53583988215463	58.04221906718671	61.223750518679054	61.69480495682536	58.96545510802035	61.508955974724	61.110323690995216	60.70026771643262	61.8620953461969	62.6231471575313	62.240482982218516	61.236696247571864	59.66940758679814	59.1957196113814	60.91178240378901	59.29689198496491	58.477374725942596	59.25063320165591	56.68688259123122	59.272613396255714	62.092860620895024	60.991305428629104	60.354210857104825	61.03469044345331	59.50683816323117	62.68081816841147	58.9942871119505	62.50112562923309	60.10544207556777	62.69384099059365	61.70133647213391	58.45509886816244	60.1652725246194	59.80574068894739	61.70820611067936	58.54594609581246	57.796404951757175	60.17011871306683	62.39938278241658	60.69967273800629	60.23582394209684	60.66407371798745	60.51412014395005	58.028715925978666	60.86378100742052	60.01269542703978	61.03656143580262	61.308160415493525	60.34056491454514	60.29034548202836	58.63072388044653	58.78669190437215	60.16050804085074	57.632620581624636	60.04210570784917	58.944898129085814	64.10761940898814	60.61632555883388	59.30378877311327	60.740127971540836	59.2072811327195	61.4394441899515	60.87870799231403	60.84121862625965	61.323836411779176	60.20912077906782	58.745820223794674	63.73936370067218	60.233751028743534	60.35898962101669	61.249219234508665	61.82155489255979	62.74419726045614	58.647359704613024	58.352144516815024	60.855971284216736	61.706268210448904	62.57670436342139	59.587209517191255	61.197879147911046	57.67327779115087	60.39089185625995	61.592092053127224	59.13416001922075	59.69398359961461	62.11727134914074	60.15628461527262	62.79047659243213	58.88330131439403	61.04341313722385	63.19514605823839	63.48733628526459	58.4481309444166	62.81992998406243	61.82185116618119	58.416478645266935	62.912455843431125	62.61906296658209	61.93847566077417	61.0287117378701	61.475626552506945	58.10232666361236	60.55861037668313	59.006254935613995	60.63527708336458	60.91297137969257	61.03798145430911	61.43932741625012	60.57839837604311	59.91440093403277	58.824267094969386	58.49923511033384	60.02771864713281	60.83809309738398	61.81226055026253	60.508077632278805	60.87571018427777	61.67442861558157	59.99295068318395	59.72447195242705	61.04229213232379	59.646843024402415	60.18832548307471	61.76094480591173	62.26692058863375	60.529964138324054	57.69134648304319	60.78221813201742	61.1757624718833	59.20098160551139	59.36203724930094	62.305708149994494	61.129378919261406	58.84129566468918	60.286713857435785	60.937459696981506	63.79464661634696	62.35866286999212	57.03218404184643	61.798307224944104	59.974418904018975	62.304865055824145	58.91432484591158	58.16444746959601	61.66219487871748	61.34139510258059	58.92648736939828	59.66366205782537	61.83162775049308	59.27690083551603	61.53119048581943	61.71139307440953	61.645236681501125	61.16416851680301	59.649674481031276	59.686605675612	61.79688264423127	60.83204119138719	60.717137492786584	59.75518511331952	59.82554617264421	62.508030167478154	58.97625636418591	60.942323259586736	59.72487192118546	60.5419947776683	57.79501009344769	60.728353409566154	61.94948534765412	60.8084369528492	61.59374226077874	59.735843313055895	60.43044942334307	61.52936487956189	59.236521259790074	59.41260828810494	61.008305113262196	59.84940722306887	63.564407274692115	62.71450986973348	61.38279220939608	61.960142570907784	58.10559022935553	61.09299522380545	59.80862409362099	59.9095312669951	60.406928338945306	59.36661698082023	59.602615984749484	60.00410100068037	62.11360541530536	62.47704797117119	60.9539194714819	62.61856695636453	62.261708475660406	62.95381234650548	60.93715332003006	59.97360181932671	62.45668021543559	59.83953374094549	61.43705300097144	60.748420978264114	63.70662407272541	58.74806317036713	58.411391237947505	60.43261552873511	60.88914332527406	61.01392425178869	61.409374179164	61.45440612630825	60.8601556641281	58.88344173267352	62.436932162829436	62.30399293829404	62.90323562354027	63.059079917262515	62.24949358498368	60.195185277769376	58.6392342279907	60.446360949275544	60.832674696491786	58.895417673458844	60.037297313953424	63.18804157597423	59.58200622782832	62.31970629981132	60.78472980259807	62.03736805096249	61.73687222415685	59.87071768711208	61.78752517559798	58.87057641384849	59.28733239633359	61.406579309659705	58.33486181394782	62.507864793118834	60.60957962297003	60.16882695419177	61.202748916357464	62.40087709698265	60.143526673539945	61.387892619524166	63.150291501424036	58.60091731453194	60.16854530592109	61.76044313987775	60.02779678982649	62.18758556849618	60.01094326626243	61.03605969218419	60.282810466013	61.634045707539386	59.83596201945675	61.4809878656393	58.9994730780742	59.76051303084562	60.8023451457209	60.05507564043377	59.89348818975465	59.18542308824303	57.704821216050675	57.45935126097761	60.761613383115495	60.396572452771245	59.65021709936087	58.238112207920096	59.94620935729749
58.92288701992823	59.153843826112976	60.84524632008557	63.306811226606065	58.85390623589321	59.360513767463615	60.32754745459318	63.35174698569292	60.78677156787388	61.62451990516309	60.8235416675101	61.535314481955716	59.427283355533184	62.58772800502074	64.03538875660587	61.4915324334674	62.627901899708625	61.73295664440099	61.18891602484286	62.82534330672531	60.837957761471785	63.38609367390264	60.254455384277165	59.91502893093474	62.34892847218704	61.0444211125636	58.75159594193675	59.89583615244051	60.77919809321365	61.132394005806425	62.99371199085045	60.244278004445434	58.87511126187852	61.64761773170688	58.47266008263433	61.40820694935776	61.894478569001016	59.14923465809877	61.609480850279624	61.393940480948835	60.8788727429113	62.1156447348103	63.26163912450095	62.7516154884425	61.31742668906192	60.02318568628489	59.64843503500725	61.16089939008275	59.70070427329232	58.664032227794166	59.720501012043925	57.17281483712519	59.68188651947364	62.339183652721154	61.13937749663545	60.59852580427163	61.329319214154225	59.70881943489816	62.92278809075009	59.46645841130082	62.555389317300886	60.14123883059728	62.880461416970014	62.014369110175615	58.85046499001093	60.63493261718193	59.94647374366275	62.08213161221635	58.98400006763709	58.25491163498244	60.29638491951098	62.7785594215216	60.972117112955885	60.61567355862365	61.06775888789081	60.90579721257186	58.5041341872489	61.19250110154619	60.12996847633616	61.416029191056296	61.95264776440905	60.692611710097395	60.713457773068356	59.13469765090789	59.21592535839802	60.323259840265465	57.86615095436844	60.30780016682638	59.09244993329754	64.24420625160914	60.802683256005054	59.53133431326671	61.00235358643164	59.55853273328344	61.688861447873215	61.34373647607982	61.25232422893228	61.765940427940926	60.46387506404634	59.27629272405359	63.82882457211482	60.285374407088035	60.60215359225983	61.56601992968123	61.95024583909985	63.13864859349429	58.67225761029316	58.90901874920724	61.17361823361577	62.3218518787513	62.793666429003565	59.84708310665796	61.320947644527436	58.1143941850393	60.58765102238277	61.689574735422134	59.33683876063367	60.04699232069448	62.223213518652074	60.446752091863885	63.06356860537359	59.303880212247286	61.29393409315369	63.64574787615827	63.603373793540456	58.82415230659575	62.967662019128774	62.24042498325509	58.825744100983606	63.30367712211369	62.87995946883022	62.24422084766577	61.346402251433155	62.13173968301012	58.47914782382491	60.96549266107944	59.23796706502763	61.28809647478816	61.2049392038802	61.434957871137875	61.830219079452505	61.029872027184766	60.35364701076657	59.32094005195937	58.776965128931174	60.14808535987595	60.939635529804654	61.99025482742198	60.82176999416779	61.284423678059866	61.766417560656485	60.430566043558095	59.83252947536345	61.39130361697551	59.787391306438046	60.47179108540426	61.87343928141216	62.51056127327348	60.98280917929318	58.17374650768378	60.99711443186657	61.69454327359255	59.571387235566036	59.447212902684846	62.722537142642125	61.45761017559925	59.075603414954195	60.44874074547592	61.15429184171179	64.01934476188903	62.78704106303208	57.6093518759652	62.14289500158435	60.30512823759439	62.539227346257974	59.37817375770874	58.37447573168156	62.29400815488485	61.58922013551128	59.259357737448546	59.94945495430309	62.28531328464532	59.58906786846002	61.9932896436177	61.82903297962778	61.85803254941903	61.40460122598773	59.826276230555294	59.9488365359281	62.20942630782716	61.23543710361962	61.104171437956126	60.15502915581765	60.273197853085385	62.545186358573886	59.45622366917061	61.351858255827025	59.87800036157387	60.8779808220879	58.093384440216425	60.87944117597902	62.07228880767005	61.30246440520515	62.04447231519034	60.204580399071794	60.7953669238524	61.622488172639066	59.355766850293435	59.824992122798164	61.375636713712154	59.976117430776384	63.69420316919906	63.24222320942449	61.50767155854	62.28431768607424	58.52145296239845	61.39038748263893	60.23082621133444	60.203902858772516	60.55718616773477	59.65425257769675	59.86327820512174	60.23500602513932	62.245391540322956	62.60769030142794	61.2525670738131	62.68985666910525	62.3211604320032	63.2650933220495	61.42118882634543	60.382430126378864	62.700279899989944	59.970441885225256	61.45407622547946	61.36938736253999	63.77780671980358	59.10314902726445	58.90378959660124	60.665750883122506	61.38260947460441	61.24678795260866	61.89520844311294	61.86723797989834	60.91490329367421	59.0896575828425	62.93454054949016	62.55143635756965	63.01097734949245	63.12335132628351	62.439607287080115	60.49312664692709	58.941402776335295	60.84863174323754	61.290676264035696	59.210663113528064	60.201308183586825	63.531671155267944	59.97566897984555	62.482246743772166	60.98085790742244	62.19653224260127	61.976008029336086	59.95549377391566	61.931503227970744	59.24649556278673	59.677131792619356	61.8680078857127	58.66470280716367	62.94467658627379	60.69409650947739	60.58229374991222	61.378773126030566	62.60043830391515	60.46619296034838	61.87031655343004	63.18927375145492	58.952235723026334	60.678793667188444	62.17334064347057	60.35206054718321	62.262837183269795	60.46473716154298	61.28448337936256	60.54666724656454	61.71185169365279	60.25028892308537	61.69385217536112	59.29409768200776	59.982530742272736	60.94713873848474	60.33741312994301	60.16028869857923	59.586067664187055	57.986937125721546	57.705958856006994	61.24325429706147	60.44690510646908	59.93058199402271	58.52894769600284	60.39575272598855
59.12919214828321	59.2953042121298	61.03685685588865	63.65729156918707	58.944238543409575	59.95641767209586	60.55273861758244	63.94544547908379	61.30210819911692	61.98530177322545	61.34560642866189	61.75338456528357	59.901685873244496	63.143953932781734	64.61600474782762	61.80674570306608	62.94060334493311	62.140213151316736	61.38041263881252	63.013137860379665	61.200259931958044	63.78878534662467	60.6590352970111	60.08827650076366	62.520781479621895	61.34943652109647	59.05284212063497	60.368019048868646	60.94545509795925	61.50211851339238	63.61852430930052	60.693808113119815	58.98883689783049	61.989290867716946	58.7838474398198	61.583542773473525	62.3716379594252	59.3416010339559	62.1582700256289	61.47088569484212	61.32635858037049	62.285082694659636	63.80517448337392	62.92678548064279	61.75307785720315	60.40399024303736	60.19974920676696	61.469795176456586	59.95340516871777	58.98678263486609	59.91210230142103	57.4749777132438	59.81005391229361	62.556470996520325	61.80438286240072	60.96239141523046	61.59827654325051	60.13261670268151	63.348494811133094	59.590289995934796	63.03301958027147	60.33828162371054	63.14222607305197	62.303615533206106	59.071788281617025	61.262286574021545	60.13958199721614	62.34566942663226	59.093932313499195	58.87174283363403	60.33171525499095	63.24928935003847	61.3155416509325	61.073978340544876	61.41259792625097	61.264981190297334	59.0211301629666	61.617998637149526	60.57326809930432	61.63889566885494	62.13563966106157	61.0570659175235	60.874416342684384	59.6766716862659	59.633381605060784	60.70337330718038	58.04429162893266	60.58858473767085	59.18835401588408	64.80828342822548	61.09883672850599	59.591291647236766	61.39416627907046	59.72782801959722	62.290341486160145	61.72093345889235	61.477340024901174	62.3448976872999	60.65016035812134	59.89771553115893	64.43695948482667	60.58016865342173	61.00930257244508	61.95439057485442	62.35653003890954	63.57972414349264	59.2532353527945	59.28645877152801	61.333870415832045	62.86945470308823	63.20315635987423	60.34804269196986	61.74583937273459	58.604620319083885	61.06167924476973	61.862339321814986	59.76647841829433	60.16058322368243	62.6627482398651	60.80991208628883	63.41005158396184	59.71227961025871	61.62131221725517	63.98107713837177	63.96020967993786	59.2764893538577	63.4778538026343	62.656086837097206	59.16730105732341	63.65026427776543	63.367713976211625	62.72480148739149	61.40938301149805	62.3155353022242	58.614687168183984	61.317089143731124	59.45579732693205	61.33604653812235	61.70645181767874	61.817654510117144	62.3653868957864	61.2232641388231	60.56351091806611	59.64412363968177	58.96934991799402	60.45336724798924	61.15494660471373	62.34572453623278	61.108958101521075	61.6731619450816	62.39763918660036	60.65934073146395	60.169557898052155	61.920440326291086	60.26091443484759	60.71647083680602	62.308707741149476	62.783408989701265	61.168751987475915	58.57669026463452	61.30433400357787	61.93536765035414	59.7382573398658	59.66672695632637	63.06385367504836	62.06552536285703	59.401650611423314	60.74044825787512	61.63870578955314	64.4687824871555	62.945826364275504	58.00687720904564	62.48416061193072	60.68249661301346	62.69468168469134	59.88219711608831	58.466089149555636	62.79935438569929	61.97548640178666	59.441762270042126	60.231770530844	62.760288562350745	59.90997573231809	62.450447642615174	62.247056975641215	62.336003510751645	61.66694570138898	60.070769323724214	60.10942164685463	62.5862270354477	61.62143864709633	61.332853699029954	60.290019510616474	60.76795893394352	63.05496067404055	59.668105471190444	61.758408951773916	60.23853958658392	61.13119131684512	58.626063427283306	61.10579024859821	62.4925893766715	61.53466457504464	62.31825856511994	60.56213360684072	60.97359252348001	62.136370483719396	59.797411481032306	60.26336951011309	61.79806492061641	60.571568345508965	64.17014112313983	63.87401896757598	61.92880562024722	62.7813578835696	58.58989689402905	61.7248798067765	60.560592307738006	60.42884795894432	61.00958699529174	59.96633074821259	60.132228944530596	60.52604901624995	62.87813340164147	63.0830350586388	61.647316475699604	63.17315814135074	62.615740155478726	63.59807128549447	62.049533472223786	60.71076310591189	63.03040277524921	60.5196231002959	61.91558251948492	61.920562720013365	64.23417627020409	59.49633578639854	59.23711405137389	60.945942849984924	61.43584751625801	61.71659486507763	62.2371158187727	62.04008213802568	61.28584934229249	59.258225603104634	63.10187743608626	62.811210870157225	63.4871335080677	63.60942264981958	62.75652266178218	60.81921345696482	59.242972124455775	61.08050033687321	61.50819434230342	59.29177423730113	60.40486161481766	63.93905075342031	60.27712585571526	62.87354229240403	61.25414979877241	62.63362615898656	62.5072201830622	60.53803110529496	62.30325824662224	59.47598582785276	60.03556544475855	62.03536322641216	58.85935816578505	63.41477613519707	61.20004334343252	60.79747920631806	61.645603641178894	62.97735219573353	60.72025198567464	62.17405351311723	63.71739029191959	59.28756374980289	60.83496252382905	62.48648694895133	60.66825996153224	62.82223247131857	60.98385449489565	61.67973978728408	60.69484495885268	61.89523535039713	60.367522841402305	62.15453730642407	59.8219883533201	60.33306734580964	61.222591236579	60.665125098678665	60.63645319750129	59.70744519632702	58.337238904995395	57.818862305831225	61.52642043071467	61.039241249369105	60.130957076866196	58.94106764770852	60.59893762285609
59.26073797877594	59.706872095485636	61.61890914191576	64.01383758804332	59.46830604046714	60.089079481027355	60.799057424999255	64.05129111060278	61.5606200401262	62.45874078943872	61.5293276469176	62.18162256201289	60.11409828201547	63.28748615278421	64.6765914270791	62.079424434058176	63.148760577456905	62.28114234182992	61.87670910437043	63.0463850936957	61.39753759705437	63.99086945084781	60.978356595657075	60.55269201424435	62.97579778986923	61.61177996493276	59.39035791812733	60.494229066342854	61.155971414993815	61.80367040107521	63.670191625457434	60.97092923856212	59.53536383579497	62.39401640311924	59.10666786707164	62.020255643075124	62.50268285614566	59.824634423970934	62.41913481786755	61.79194334973626	61.48795456986923	62.81189250274627	63.97124223091049	63.1226093274648	62.10004854873332	60.483325768316014	60.27407416952062	61.74941613772807	60.372611403258865	59.16394094996098	60.45659242173037	57.87078186688052	59.970402404382185	62.727765235870365	61.94326083427293	61.28031356116054	62.0252643813731	60.406371820320395	63.61083118339063	59.86624168040368	63.230692959393984	60.400748741096805	63.313907111130874	62.551532833087784	59.43356821894069	61.35035532534582	60.65842040046133	62.62849898945985	59.64407230719354	58.991156429842	60.68240483244172	63.51514144575032	61.638260315787186	61.26763753703395	61.702002393318956	61.4732302284638	59.195269478579156	61.75375158890372	60.775019282299155	62.06297653687946	62.18292794056689	61.372816584141205	61.36320555014825	59.81154100533879	59.89122874498491	61.152549994931945	58.483625103322574	60.88102895817346	59.746499915306806	64.99792576472623	61.490561109569995	60.05881626963141	61.60703690595409	60.257655696155645	62.40641931130971	61.86010139798616	61.709897226517725	62.451601579579126	60.886102766891185	59.90085331353322	64.49967664656346	61.11429531053992	61.25617337777403	62.34880771952605	62.69470078898551	63.83491640000059	59.47632723473023	59.588634743463615	61.52079490804283	63.026191061734394	63.408943159296484	60.446992448684625	61.98568791916647	58.83671168525135	61.266764279100784	62.29158864572544	60.03232557154866	60.29825904069851	62.895599223569945	61.15886790816799	63.69629388778841	59.91846788294942	61.84320595667307	64.19213543168192	64.17155209718936	59.61376293911469	63.69274373780984	62.90627847838782	59.47462408258909	63.965337944837344	63.667965387609655	62.87367199970631	61.8620932403334	62.397506176109644	59.157214033605634	61.414020258928005	59.922500321141975	61.563041294410446	62.00167387545393	62.135157089934744	62.48597097889867	61.69885555401503	60.8859558102408	59.87742570121664	59.51848982855439	60.9228068675796	61.444872037448555	62.72547434206831	61.41252425784167	61.82589780964524	62.55631819376608	60.84025740539071	60.64814490493536	62.090004126503736	60.468631493273946	61.16545944450905	62.69689958943428	62.949746540843364	61.353059567166014	58.83201531378251	61.6477544537946	62.06856124778005	60.311661267090834	60.28718605491661	63.23242054748682	62.13016714830044	59.581195365068716	61.186689571636755	61.80031651307883	64.69686648893224	63.200547610194626	58.27367604322386	62.635290906670576	60.983321692993854	63.09636620292129	60.03230342227175	58.913418351239976	62.99078726025944	62.05937663164667	60.000240761793656	60.63173405063009	62.91322529603296	60.13274678011181	62.51679869302898	62.41130014321148	62.55292744933237	61.987324667242476	60.48776731800221	60.41275581404858	62.791338204317654	61.79631137862277	61.7324375395066	60.570558236271836	60.97379763202695	63.15663323557492	60.0518448906008	61.82177322491334	60.44276082888824	61.33574427376592	58.85814442386471	61.44838052285641	62.71633302568354	61.79120057335783	62.45075686942842	60.97360986660433	61.390981266391705	62.28769357504148	59.96970070995439	60.55492069568711	61.98050739463464	60.663601999863424	64.36575395537554	63.92130508271186	62.09934277916824	62.99548621762205	59.142419326562475	62.06815374217339	60.76556866667562	60.915064772639646	61.309915968983155	60.18697434640887	60.513864216750335	60.98127717343608	63.0174166510504	63.31064656182666	61.782248406250474	63.21765703664066	62.99717697878782	63.87773711194734	62.0728410143778	61.03674505168862	63.2833124757586	60.79569227029706	62.27184328588123	62.076531162144065	64.41399820636634	59.83121215099146	59.42750579011491	61.10941950455641	61.86495097027097	61.89727449933015	62.41923033165349	62.602174939269176	61.62638994668558	59.63149115117524	63.34162790386878	63.05851380965935	63.710266255007	63.76582388030271	63.03333579228644	60.93713388732336	59.51219861937536	61.30157628014892	61.6347456113097	59.768837183520525	60.62781437312285	64.15441700074697	60.71723541944902	62.96696358915646	61.56541894628701	62.92693980883642	62.6877995243404	60.7052851312225	62.63860731187388	59.5762423513614	60.20941989437609	62.43592517786038	59.27003982638324	63.574567775674666	61.40675658209779	61.130095601374435	62.08750351295279	63.239719795765915	60.96132557319757	62.241386432866726	63.8770505946314	59.66045792562703	61.088722379868045	62.71441660873157	60.818389716724894	63.01250234723976	61.21130222986514	61.987948020317354	61.18138760225222	62.233187735420174	60.95580626417269	62.46295350814039	60.00066059298061	60.680446866318256	61.66913927396302	61.10063501460045	60.806709762099814	59.83420258123358	58.75533598961715	58.29614861198068	61.72196857986611	61.22732415927292	60.48175150797504	59.197811124504646	60.74757059167247
59.41168890950168	60.03609504376827	61.70842263531596	64.14524947017529	59.993144347962804	60.186818516595	61.146290598340364	64.15377613861003	61.71084427404731	62.486915191929576	61.85498938021985	62.447548192363236	60.285366890741436	63.40440393460055	64.84759783484333	62.45567011692079	63.60347611750046	62.39245771986815	62.223598206826075	63.46000679219207	61.92984390496512	64.23024089530858	61.2604186961641	60.76264033899472	63.331846205089256	61.98721678058683	59.58584052153789	60.58700404385515	61.50046694121153	62.027869841463584	63.75659035074392	61.151311713611385	59.89685918418093	62.6280858607013	59.32834814720039	62.34993269747969	62.71052358838189	60.21009671278185	62.4909223722667	62.33957798701689	61.70252685317607	63.094031355474165	64.06596340924536	63.36471777431047	62.29611740074848	60.671672227160236	60.40563207637996	62.0553730560761	60.63341753583519	59.53333065815478	60.61264732741068	58.116231988301934	60.23823357203347	63.20735130267092	61.97283731256683	61.3418733869383	62.159053283438034	60.55606226746263	63.75893782515451	60.31577537346644	63.66158685010428	61.17014888053826	63.77160612264108	62.722140956100276	59.86566828437092	61.41741550561855	60.88482843496479	62.8832484615053	59.972445552794454	59.060755106992396	61.117775742380644	63.69466188077005	61.855175050343625	61.50218448002338	61.8900411475423	61.69156001432153	59.35917298952437	61.86168535327942	61.16436048771356	62.18498907220058	62.4385668473923	61.57186314806504	61.496509422651066	59.84084737777011	60.132908411775794	61.22484461925023	58.77752836017067	61.193056200605234	60.11885002043833	65.12128948244495	61.78633021862333	60.545857369579295	61.934013582514474	60.420217038675716	62.5153720097354	61.9394082826768	61.96519533792431	62.556439738294145	61.2668182714055	60.076141003844974	64.68317948243426	61.316989171852164	61.634834269037114	62.48013423234141	62.83989226751604	63.966887414583304	59.61915295513947	59.83362180434471	62.10304728414058	63.15045278274718	63.83655035346397	60.571316518330676	62.404127666215075	58.891733617913424	61.32396964982161	62.67910273481998	60.34769666469118	60.446626408110006	63.18212318997972	61.41996525642908	63.87682861062513	60.19583480630857	62.21822461185684	64.39088946355746	64.40825695960417	59.667158682407965	63.727986652883814	63.1502936496043	59.735614934562804	64.09056259157144	63.78237266215033	63.10046327125856	62.240930747756074	62.532566102191055	59.397713735882526	61.73880096526589	60.16739575636	61.775947222964554	62.01569841029593	62.37894124715925	62.63317931378012	61.89212783207756	61.031685665296614	60.18084278233416	59.71778003026909	61.11114538640072	61.85682041313545	62.80900811753796	61.79046612774278	62.07219503197503	62.632455926902416	61.219511583244014	60.845031966372716	62.20619191210743	60.554244287707434	61.48413606136219	62.802598284339005	63.49460993815577	61.59443479803891	59.10497904662931	61.88684324352141	62.1849545007776	60.37635984171353	60.46884943529699	63.42701538779518	62.28683987399643	59.91362114053348	61.518446068733304	62.11145367772341	64.85672154130356	63.56934594410866	58.53939418621324	62.943885265023404	61.183730737397724	63.55070944707344	60.13096535205886	59.63470267629384	63.1461854440858	62.227881629473956	60.19999933275906	60.89914808992727	63.09090718022204	60.384895511605	62.60487751962929	62.607557314348014	62.8134406947891	62.51004056392853	60.87967721061285	60.87780717610102	62.843206125766486	61.90092895920476	62.060764262188385	60.94452764223041	61.11414264501984	63.54547787286083	60.521814486691916	61.94649690887666	60.781873691094304	61.65471449934047	58.96781795588941	61.75927376813499	63.0189045448486	61.94178217120647	62.682767280423924	61.058640423630926	61.645772769840775	62.40368366866784	60.21928545520143	60.750628696649514	62.12659095757126	60.77180248317268	64.59418046117725	63.9691983551291	62.282307894316915	63.18372990851909	59.52482401251818	62.33032484793243	60.931575926850506	61.1121837783653	61.51547521310694	60.52721033882888	60.841304019863315	61.147366931564875	63.097480247090516	63.41535539427746	62.03566252434538	63.96076314223046	63.32071319732647	64.19885173543031	62.21979807298098	61.184208267281726	63.55974973246551	60.86331923261116	62.44093082379783	62.21018326238269	64.7941673308508	59.93867853746576	59.46946417821879	61.51455267622518	62.13134817284914	62.11721050798261	62.46907374894874	62.72078250551321	61.9628265170342	59.92979929951755	63.5970623946027	63.32519817751167	63.90833800135386	64.18526618601562	63.4937812147795	61.06506472976037	59.84025464031312	61.407327380760066	61.73330849638088	60.42543044949946	61.25342602847634	64.3975680009203	60.85989737774967	63.6314613186708	61.92426608766131	63.04677592272733	62.7228880811829	60.8012650308266	62.84231332225576	59.92132888338416	60.40146151487092	62.61671248739151	59.63072062151752	63.77030811700959	61.63016763589937	61.410191935401244	62.39013399320176	63.44657101964586	61.57395522524228	62.602560281636954	64.1148971090252	59.83613856847251	61.42322729207766	62.97532399253191	61.15416553309578	63.034439118089146	61.274143711048595	62.210173672013156	61.57928051436039	62.68563762253332	61.10510455810265	62.619754061543794	60.057071814646356	60.91304988677441	61.82035085186829	61.24695148372726	60.9779229969001	60.04537573763761	58.928541756148036	58.89627136305275	61.83022013751193	61.324585825159026	60.84403010914033	59.349840115915185	60.80425904663398
60.24621022953008	60.487708401169556	62.25695754642755	64.79922791199535	60.44785628114525	60.98394249162523	61.53440510478398	64.95788204618587	62.40955951907612	63.108100615818834	62.47009923871607	62.9439326474016	61.00152033714284	64.20105749929984	65.59889956987382	63.002612704963646	63.965018888562625	63.1614507950413	62.85113376725781	63.72896387384213	62.350670286320685	64.82905018107618	61.782872171167476	61.431896691895034	63.75633256328481	62.36433364235004	60.24426511387283	61.32819907394303	61.76183729441858	62.61581532071599	64.51403433214521	61.72507574393568	60.36791111578461	63.091045648628636	59.990298002724444	62.78968499077519	63.34526492439984	60.78710972935239	63.24384109631396	62.56902691048167	62.347546201677744	63.68466036735714	64.81171565115622	63.86647428983057	62.92302542141234	61.42022020927062	61.178441770319175	62.638465876088254	61.196926303531406	59.92187884839712	61.23142845426238	58.7001771871206	61.0144860783245	63.370687942024205	62.825282572588904	62.00181575792414	62.66348657868567	61.27499315074449	64.46774968355676	60.901054867341436	64.19422124115621	61.40849703656852	63.9470866590319	63.358484486701656	60.46738631306299	62.26032685147658	61.42739282027272	63.31500835326515	60.542026014085316	59.920576824602044	61.4585369156324	64.36119147200891	62.40265324934779	62.134545567599964	62.44505378697025	62.287830439458865	60.10096664188327	62.68309300234176	61.74857969019402	62.781908810078505	62.89960482745648	62.24421127741125	62.10089310183011	60.64465715759179	60.72817378217959	61.98957903444612	59.25649784908364	61.60313561412021	60.64681709157847	65.9241441364432	62.123054374118084	60.999912690658036	62.49644809773696	61.13317404985369	63.27193384077006	62.71045065857166	62.48430355774151	63.34264290794864	61.5556192589715	60.77720010185747	65.3878459803227	61.86089994839253	62.14945811619987	63.12594513682447	63.42024827264424	64.6735268471061	60.33834753705168	60.44228365715767	62.38218643464686	63.948061095532815	64.3809544212134	61.34842969407568	62.98437116744441	59.62848977300001	62.11875789531273	63.12708689684726	60.904876005132344	61.361332339969216	63.71514462935648	61.94505514250321	64.53739228898799	60.8208938204355	62.70750838771246	65.03181074319002	64.89476526259375	60.35777930043594	64.53035375467582	63.743650143440455	60.29035982319524	64.74920073947855	64.48243916742932	63.70123915124883	62.75209781150662	63.16352190997155	59.993517531279274	62.155498031110085	60.77674581731972	62.2786152692472	62.75948258280141	62.97457637580394	63.35649893944548	62.52603396980605	61.661194883032486	60.81636740714991	60.47739048898839	61.83731660409165	62.212518392606164	63.38290186887453	62.24070773580519	62.669567558176674	63.438780255714256	61.797753355909975	61.390796767824135	62.98745298816097	61.32109819691838	61.93311318636933	63.440415158305115	63.784499461696115	62.04683147386887	59.72069128119318	62.2440518965532	62.97677394073085	61.11479441741711	60.98126038354687	64.06296880723818	63.01614702276122	60.34698223619732	62.1120167414592	62.74115483494559	65.55337721034685	63.91685473713571	59.139728008771876	63.32612203222552	61.78083026867274	63.9333761096843	60.89104961654341	59.94987228561353	63.86582355075477	63.03359848927984	60.808414286122726	61.36251455108594	63.82234821275649	60.93832744431705	63.451277490123736	63.32843640082786	63.445578342704636	62.96415490580845	61.148835896577665	61.287508242264856	63.6492843965551	62.561747444960595	62.59347251470315	61.278036612040985	61.84503519151323	64.22949662026544	60.98022294383788	62.76082017427374	61.227305382833386	62.0803456972046	59.70888185631105	62.22447900193582	63.522370525554294	62.41979118126256	63.26623184995932	61.64079445908859	62.13848146441245	63.20419547189391	60.80464206441951	61.38941324970064	62.75683678417582	61.561485984021594	65.24784468677386	64.82293957804293	62.97637490801198	63.85919917426197	60.03811694970586	62.8418536782919	61.6065385501681	61.623079058691424	62.15122819143955	60.980570215377426	61.354704883535376	61.81264719507188	63.91667690327366	64.1674279537129	62.55798999317634	64.37833422612593	63.67999868238575	64.67482052149411	62.94607226677716	61.84436202110541	64.04518239271898	61.623447940701496	63.06602915640738	62.98705690445961	65.29737043538958	60.59620581582924	60.30852604249376	61.81903382948259	62.68606596863432	62.74529740049545	63.29316931689241	63.34162787506215	62.47616819462353	60.39414123248233	64.1102411698553	63.75459643820941	64.55378700716032	64.75931415688632	63.919172238708406	61.697401344448636	60.26882692542312	62.03953228780352	62.61814034682796	60.753206470243	61.561251354048245	64.96565364276385	61.50079438311887	64.03683507132305	62.45441567545715	63.657220040111454	63.51801840887793	61.569643748332844	63.46992652608916	60.640684226876736	61.11313548320313	63.27797771353759	60.104792086736744	64.4951224785583	62.310346270993634	61.96907696954104	62.87039262730886	63.999859279440194	62.02138722394289	63.013211959422804	64.76750797080884	60.49243204792041	62.05075242087544	63.507070970357844	61.53723438454179	63.865936388836126	62.01710571901176	62.755139739637826	62.14618104616296	62.92970200667538	61.778108773137504	63.27362749754536	60.818476724866244	61.52808462498588	62.43629768934915	61.86528412425434	61.688323156976416	60.882619834737376	59.5089627155867	59.22542789948903	62.567492429494244	62.09663939034696	61.27595792786286	60.0806779640617	61.65160345388745
60.48709489353364	60.724885387997176	62.440609721237536	64.99232297316166	60.61188842173477	61.03337333846027	61.9141227770834	65.1437435493618	62.51923065444046	63.25960194576575	62.671841345195205	63.23011734999346	61.16640842322547	64.31665921894752	65.62898535665785	63.11487977850056	64.39043542397076	63.28093013646586	62.968573581945115	64.30685774540179	62.69580312161433	65.01373254578034	61.986597733993015	61.45895427535196	64.13002400197605	62.76942178628216	60.41259175321624	61.461841138747864	62.27528258975778	62.761435600804965	64.64019867618877	61.82500171889504	60.586315166092135	63.342859380216154	60.077046288387734	63.12188728652377	63.45176136727469	60.896904545949916	63.334113808024874	63.1493543448127	62.41869890971414	63.884975384276856	65.00222428930356	64.20035724710058	63.03524800723876	61.56637693258706	61.31274036976415	62.763508360894846	61.467127839101956	60.17048517890448	61.450083891194296	58.944314126414554	61.25924052414511	64.11429546890196	62.870918482816805	62.17799095261948	62.88685367418171	61.312493629148335	64.56411863855415	61.09949559795754	64.42247112528969	61.923857607695	64.64920653105261	63.4346113187667	60.49274005073672	62.35041697388094	61.579154816548666	63.619467041164484	60.74015774962659	59.98362758364886	61.99545239335404	64.55581520713326	62.63667983921749	62.30398178500678	62.539316333581795	62.4899177393109	60.16857679560839	62.72955684388033	61.914738030376014	62.98614679775152	63.34172216753668	62.31859433801586	62.32516678500264	60.81607461039721	60.924072325665506	62.12021684047065	59.45768277290544	61.870336497013284	60.871051414771784	65.93362044781134	62.48908910421272	61.2637661592207	62.743342681079554	61.21865302559551	63.36057649784442	62.86893702293657	62.759383370285995	63.46104303611396	61.92699790962706	60.83636429911591	65.53536442191947	61.99808068335051	62.44425386652077	63.29504026902961	63.62538334561741	64.84808058654941	60.429208291569495	60.68814665928492	62.87393389346136	64.0321410217745	64.61776124207533	61.44854051639508	63.082235189028545	59.76829206770185	62.127877545410584	63.459737458710904	61.14762021370363	61.705547490808016	63.97575144510873	62.18312738089776	64.67095325431617	60.89632819806446	63.033202651231505	65.19431185218646	65.25177738372722	60.52497751571591	64.55102725578848	63.91308966551882	60.5362794259714	64.92020109971753	64.62375057660994	63.788385850776095	63.023121443820976	63.45081825584218	60.19859216623065	62.37047624629869	60.81181942632028	62.65253438412051	62.89997003565455	63.2405251123305	63.44664355246595	62.730948524664505	61.86410430324803	61.09139565617633	60.482015396613455	61.93888815461179	62.74004286691931	63.5764644647627	62.520742208858074	62.799131164137684	63.45760410748623	61.895377379983515	61.54603633506693	63.05241283970251	61.34511048546791	62.13083691868092	63.563666547754345	64.28936233190699	62.38920083912509	59.98107456593601	62.586657328362215	63.06324071863794	61.21078322427577	61.098248286708596	64.2657164964862	63.07510162556319	60.594742373113874	62.21782299833757	62.901502628157466	65.6593145924804	64.36517093171551	59.40017638500792	63.735408730586784	61.971135919807494	64.3203547022979	61.01439327395881	60.215685246428855	64.06814579397357	63.253936072615424	60.99927016660472	61.49381054518528	63.85686467817582	61.09926042303372	63.752919670627456	63.43506198840874	63.632338505635786	63.26333270728138	61.54203719614794	61.65883364322339	63.83961340054221	62.77111396838921	62.76767749634485	61.7501781862734	61.995646362450294	64.33406584856753	61.220209370917146	62.96331960863223	61.4542966252013	62.398033170337435	59.784164802797314	62.59899950274324	63.81438504745067	62.82656408873943	63.55018787274277	61.77802509319251	62.427279585276516	63.298686510638085	60.88658527354945	61.553972644583965	62.92055888585504	61.663786196054936	65.38116422055042	65.06707072460587	63.070759477131126	63.97915332416524	60.18841160751365	63.098612235266046	61.75535160491516	61.875378576125996	62.29267104092557	61.28706254096198	61.62343806846458	61.930487696701235	64.02868128699906	64.26112825317433	62.77423048220132	64.55000508919669	64.07962483942329	64.98595639938276	63.03009099121365	62.06357900032242	64.34034992925422	61.6848733127219	63.182339231394984	63.13895983857748	65.57322992919998	60.763688726561334	60.45057654707658	62.115180849006244	62.91249956570005	62.866864876354	63.47661512877254	63.51165398363509	62.698259180551496	60.52269773728711	64.41480747520119	64.17462764503816	64.73751581001957	64.94146118280273	64.20349913480936	62.01148132809169	60.60815021392758	62.31683897508984	62.83616920500468	60.9990969361076	62.05184880740804	65.1461531056867	61.72606737038513	64.3002073229043	62.562877415805296	63.86357062909131	63.62372059474896	61.60251966541051	63.550846797046994	60.921697124813065	61.20104618606665	63.42829044073561	60.41962350106582	64.51437987224135	62.402210867281376	62.04568050161012	63.157347236159204	64.26243244054059	62.22925857573351	63.42544479958884	64.95879300382974	60.63509465075121	62.145896686954536	63.771616242437034	61.81073786986501	63.930732208620924	62.236712847064396	62.93499096826278	62.33487669861846	63.46940018187503	61.96791249746817	63.39807724018295	60.93009313917372	61.67572937924966	62.497652159078015	62.0402621669869	61.76083893525055	61.14882063512457	59.65706978041161	59.50600593190864	62.733506436649805	62.1367062161266	61.450928445493616	60.152066261174966	61.864482712129345
60.76142592482111	61.21761665308234	62.795840841811135	65.26934263354921	60.9420561987607	61.37476048214458	62.39380367154594	65.18159505747852	62.821618076528594	63.7266801572049	62.749019935279435	63.516375178997656	61.40844353269968	64.5222439723086	66.01189497504794	63.481829004614454	64.47285742698406	63.540741191202905	63.23930089059462	64.56059132700062	62.764736102659406	65.30799134812845	62.29815369705092	61.783183610728045	64.39920303546043	62.90513839501776	60.63864658323443	61.89332174147128	62.76068205899094	63.12813080494033	64.99747695451714	62.376529017911466	60.97656677504225	63.66525302562796	60.41727225051723	63.393551517020015	63.948877474905075	61.29650227828301	63.587704995701394	63.21980590194267	62.923055812878346	64.16566545287348	65.19167221072303	64.49767518051861	63.362928894754404	61.96090766144553	61.63899831038521	63.15292505257494	61.58898903245392	60.86242399867494	61.56648628601941	59.132040487830174	61.379108287422746	64.11777865969688	63.18943349433285	62.611653035241304	63.34817491197871	61.64176385944639	64.83768741035601	61.23451109385141	64.54225390489282	62.03822677320292	64.71170016622904	63.86125111174351	60.81589097971202	62.63672417870476	61.979997089859424	64.09205334893713	60.89493955054541	60.24195203510731	62.16528451585893	64.78520857339822	62.91323051980539	62.54629140075184	63.10585069111645	62.80619576205192	60.53106227330098	62.94508581066188	62.1492366702561	63.333769949591144	63.7073779272207	62.68357030736794	62.549020436755825	61.106873512935536	61.246266395174175	62.45341849462505	59.964439150363496	62.41713938910331	61.22629802197168	66.11791500953667	62.823782619832535	61.49877707596612	62.807221725582345	61.48044121034599	63.627345073899704	63.229210232593886	63.17138094828515	63.66345011958168	62.60421427176085	61.3654398499059	65.77371478164856	62.409643870620165	62.588551132318514	63.566668256386166	63.86728403973527	65.12652407813704	60.703754462361424	60.83487730341554	63.02114781147053	64.30218311416382	64.78711797799956	61.80569551120151	63.38213341606266	60.12921621372909	62.49986167045305	63.77435592462943	61.33532346931448	61.78978233522333	64.07117210158226	62.49454083806115	64.96605809232035	61.36540965519441	63.29054051481342	65.52423796176582	65.55517012826026	60.802245493395574	64.89001296889428	64.22101712518352	60.750511569025065	65.24138322447071	64.9176190883443	64.33990637111219	63.2593485812086	63.883094360940895	60.449672096297455	63.08193641561081	61.242389574148994	63.02468592254344	63.14402011792404	63.356768902321484	63.78578722731395	62.89199185697133	62.18554231248021	61.14610623227994	60.80712698851584	62.312287617909874	62.93870914802505	63.98428769072772	62.77157893490543	63.34534749596201	63.833350148611125	62.47470858847666	61.97337395681951	63.37297400752767	61.66901847911144	62.55718606380758	63.97023820965758	64.40676924105668	62.94009580741176	60.13351737356172	63.03687907697431	63.45754233582278	61.44235789550238	61.60183165084184	64.53088831732748	63.519810918975516	61.16816253883843	62.56102683534181	63.09016012181902	65.90465521826161	64.56567709874166	59.539015745882544	63.989314742929636	62.267806788230075	64.50817656412814	61.28597027012643	60.43900490006292	64.23931055663908	63.4758168278379	61.2504645382647	62.06436020278462	64.27744674047965	61.64806826663405	63.82243833816071	63.83184667487127	63.7802310651476	63.35262977089995	61.90016447286083	61.8791944937885	63.959909283814426	63.16560684674692	63.13142304919536	61.947644832203245	62.24412089114104	64.42517305438047	61.44415041326695	63.2931926307281	62.06789511504052	62.884201059349714	60.20056344264827	62.894635380515155	63.951236734496106	63.17875783757121	63.76341169417355	62.21545207013963	62.70121547270318	63.41212476046426	61.393785787916954	61.889654425093944	63.32924194499857	61.921231576429314	65.60509584094972	65.08664838056924	63.53005422356831	64.31658871309422	60.410348372501986	63.38339503654236	62.116267776540376	62.198897029589965	62.58940973526669	61.59530737670689	61.841246101165616	62.26212303013015	64.09868890567665	64.44551729152452	63.32562908005783	64.74695193068315	64.3297545111411	65.25486381723658	63.4708816393855	62.16168333047738	64.64710438873391	62.02672128653679	63.52724461388016	63.355841912172416	65.66836257271322	61.11271618179718	60.72007271130616	62.84885955757202	63.1354319199669	63.27894194253334	63.69493898020219	63.728156339123615	62.940170752709825	61.101106219680794	64.7011954055722	64.38402466626229	64.87284737573812	64.99203348007839	64.47095737331531	62.48128998814302	60.90597860488829	62.75621494680804	63.006171885480576	61.26054816470537	62.11665898451557	65.57171605521033	61.82997130348824	64.41865310794624	62.86381674657162	64.16527570731579	63.97637250193353	61.97336491748311	63.88694616749029	61.019857926759464	61.62537660274626	63.69451243697369	60.604388486164474	64.94696512271156	62.60213993225061	62.535537656641004	63.457140774204596	64.47520535698348	62.489694385478074	63.721252599029405	65.06123660786234	60.867102059022166	62.554734985295255	64.0498282021347	62.46664264645409	64.12981733650116	62.33635176915493	63.389171197110905	62.55716298478671	63.664888016062505	62.09474209537522	63.7183007219114	61.35299074571751	61.995163871515324	62.986020606999844	62.363968886944285	62.100418686226696	61.356687893497266	60.04698815683033	59.78356754391608	62.962302121000576	62.479846540298475	62.105993981543605	60.471308234069866	62.183562633760005
60.91676911571709	61.42419146604196	63.31799040954833	65.47876597584359	61.1705517759852	61.513412937540494	62.52532250564411	65.47346735222794	62.92254018070089	63.80614470287825	62.98871118841256	63.703115864305445	61.46396789823186	64.64945594923135	66.20240967600931	63.7278195360928	64.75419492662185	63.87806920988452	63.5447994132729	64.91797655817545	62.95159110679846	65.51740053804218	62.45053554767814	62.139918616109256	64.49360442465048	63.159580200686726	60.905881217657836	62.03108406296152	63.065895921017315	63.38273328584694	65.16151918521764	62.49245249758462	61.03927705303719	63.834513817001394	60.6107367056626	63.60494564047377	64.0962366516211	61.49137991678989	63.78354494429137	63.46142733765677	63.11142793319749	64.34960455570425	65.39477223648387	64.84876631665898	63.489627163847636	62.12789197143309	61.71675753185653	63.37016678244806	61.91979066477604	60.93317225018524	62.0510124360723	59.32608134849054	61.80117859904979	64.471407822925	63.29708017636016	62.78876738173789	63.64928756952385	61.8877549800685	65.059782503504	61.686647375398856	64.72654049045336	62.37059867018256	65.02611407118128	64.12222523485917	61.24054464089499	62.713384548622315	62.09192741129259	64.33251609941264	61.309799824565125	60.34222630818187	62.40455233268695	64.86567135713385	63.10908064982006	62.759012295344995	63.40769873921487	63.04441304728197	60.60182891306292	63.34359384442321	62.26582395527795	63.73633205176812	64.105132767787	62.84281407961566	63.03395469649625	61.203374460516365	61.3142044240545	62.82934091442274	60.03404987586932	62.562128661322696	61.32646347261236	66.38677240478594	63.04545850182376	61.78733110266802	63.14640693100314	61.961066077168056	63.86480604719824	63.47493372544505	63.389201392452414	63.89927180559051	62.77573572089173	61.470128888463904	66.02142919035104	62.51810687495114	62.687936820318505	63.747412427581565	64.09084491726077	65.21316523421424	60.87767028311558	61.04933852827575	63.24991584235521	64.39745355549026	64.87733544678056	61.99162464260285	63.63186638580366	60.244509993176045	62.650278913125234	63.861590489887796	61.443415956458594	62.000617978847444	64.34206351436707	62.5580254630024	65.23979670713695	61.42562383489141	63.5879912423249	65.77036757243094	65.76273621433629	61.02481074131492	65.12783170363613	64.45168737475747	61.00464907601248	65.46519471963124	65.00660420313112	64.48681530982742	63.51789755427068	64.31493382417067	60.670133045320156	63.261858272120044	61.47135158887599	63.39359070196845	63.40210025839379	63.5624650708939	64.00194751148082	63.259801390643496	62.53578202589942	61.413585671568114	61.24312913820475	62.62520497850059	63.16900653352376	64.19537309910487	63.01434192718412	63.44913648600658	63.96388378704975	62.56104647463914	62.0400167060269	63.50898904116554	61.98059014309095	62.7419403640997	64.06638458726228	64.64339688451476	63.29656975982234	60.22203318518784	63.25721441408353	63.86886777001799	62.081107920325074	61.704711515452765	64.86921512245706	63.61983647827024	61.29860719338831	62.702187243018585	63.282457566669265	66.15051327936767	64.85427099860992	59.72890394868603	64.31698583379709	62.43840119756227	64.68248578437597	61.52403700008333	60.71151396143916	64.37100527017114	63.66898609782785	61.538248780385224	62.30569775359361	64.40968326026817	61.78686451685833	63.9556181521006	63.999312562441354	63.9974462932617	63.5836762813309	62.10372914988621	62.13603047682203	64.36807386797125	63.62707673408479	63.238532095500354	62.220223592579714	62.37345825227758	64.73529879987545	61.61543073759286	63.347382959881365	62.07784533833786	63.0511347933233	60.23996525009272	63.09366641389744	64.19652887674818	63.652421677179284	64.17795024646769	62.603127933213706	63.003585801568136	63.83568187654675	61.56924063745456	61.92354660647054	63.618589603450694	62.14917924786445	65.83593108259159	65.28862710313547	63.67065765027829	64.41044400888434	60.82641288107811	63.52395057235034	62.66627468948655	62.67022963959701	62.68077168318123	61.788772867291975	61.97633209205908	62.608029002737155	64.39755739249081	64.77410858986431	63.47349002986114	64.85917625969218	64.47492114153478	65.38518129371292	63.596583506315625	62.586710317496745	64.8462175199428	62.13655214230511	63.66360043865075	63.397813490627094	65.909884754341	61.26468144587224	60.98003069076573	63.00846309610998	63.49661978098434	63.41152224187822	63.985784509094564	64.32024954474878	63.092927044387096	61.26285043684549	65.01535549408132	64.65647346589218	65.17814706549281	65.30228067265787	64.56282282785274	62.82275049198331	61.087880292069585	63.095755000347275	63.33882429740089	61.49234599510501	62.31856498821563	65.69069912152005	62.18937232093902	64.58888015245923	63.087221794774166	64.46409895875914	64.09859937874731	62.16999799030007	64.07082552234377	61.307843446204174	61.806887792108554	64.08538698845491	60.819239785161706	65.0664986530844	62.82818286126	62.90626790771237	63.510510842589085	64.72529887896302	62.58359306094563	64.08170973720785	65.33784260222512	61.11454174659117	62.814726962951234	64.30153931349183	62.64218752039015	64.47735873446258	62.62345750040563	63.48477564222388	62.82240527548357	63.86500677228491	62.56272910950783	63.830721745517344	61.38830301456853	62.170871718892215	63.066454452809	62.53761570653267	62.31043493574014	61.57878345331936	60.23505015872523	59.9627656581336	63.39777384094825	62.61279199595399	62.171444394810905	60.69918809130272	62.50501461712009
61.53771257696448	61.75032256453398	63.55133831654502	65.73582947165528	61.446635710682706	61.681061520760466	62.9563134808204	65.81691027752333	63.09897763272383	64.15256259805025	63.3861138222609	64.10295608154428	61.708947594610024	64.87093012951861	66.65244373716034	64.27327550502358	65.23811910619652	64.24857713182809	63.83430629400235	65.52328226678895	63.469228618573155	65.77337160432565	62.70171841668915	62.40255659357744	65.00206425099965	63.62282339599584	61.13206927309034	62.4830800894403	63.412441933524335	63.67144237145663	65.45105938069555	62.73388425768311	61.4089346050011	64.13936880722542	60.85512023760167	64.01705784413443	64.3420648364478	61.853934663100894	64.0462195218765	64.01529803451213	63.41524743476958	64.66251318941511	65.58805091542114	65.2635684733097	63.80651156194553	62.553769905240486	62.05766863964022	63.949494513412475	62.16333734821372	61.19799956158062	62.24850870622544	59.5310077858896	62.274452120308794	65.17473327115705	63.39198601837655	63.134454885390376	64.01580777580863	62.14188589606244	65.41644784190126	62.005969867364115	65.15541479022194	63.06135653642727	65.75862893457507	64.21168995346481	61.46950412345373	62.85878520927747	62.43530933032882	64.57255139337626	61.49557340507668	60.42001740953324	63.06276063725194	65.07168353339841	63.42276909532196	63.05175823387263	63.932089797250754	63.351821398516336	60.73298494916095	63.771524521069516	62.763463165815274	64.01071698379528	64.51809025548535	63.060745502884195	63.25876609838668	61.55871642327591	61.52782903836008	63.14319265373898	60.364956038939965	62.87859031387575	61.73957524921991	66.80492468702532	63.3423215704998	62.17332585538519	63.59801123279127	62.12578516119631	64.30496660230438	63.90674789408883	63.78191529318387	64.16545047308408	63.09869027639922	61.83026213157952	66.69948240995076	62.81532346392494	63.08205308276321	63.931088909874326	64.5052757176593	65.53431307217593	61.05267023807482	61.26474584279383	63.8642488261957	64.49491406381982	65.35622475393507	62.33357352205695	64.02717119535014	60.48918497102458	62.88051590858338	64.41227443510012	61.80070746768645	62.70543482902752	64.91172817524998	62.81562766761289	65.59598041848697	61.78362621033103	64.13335718283398	66.03623516013784	66.38181039703247	61.257829935387115	65.25201663499394	64.80242219748803	61.238495585357995	65.68419143278349	65.19670033457382	64.94047848567827	63.96911791028787	64.66451212987829	60.95467336892974	63.75951697283899	61.68299584241496	63.76184362045919	63.701752231625676	63.828845667275694	64.33735365401974	63.46195530835904	62.8050010189696	61.765213961243	61.43215318508677	62.96464818328946	63.858078983458185	64.40981362858354	63.359023523133835	63.79117526717028	64.0603627155984	63.069259116147364	62.214604936153954	63.716608626399086	62.14359586523441	62.923769876678	64.2338210331469	65.27965866815437	63.69304253265688	60.54684902813991	63.471639650098325	64.1922752877896	62.2263188997324	61.87285808233809	65.23035142565737	63.884606965750024	61.506835810519135	63.146549603558704	63.783872724431276	66.57302786988961	65.26428212510628	59.988308848162994	64.7647505307614	62.68482347567027	65.09039302922282	61.801576898373625	61.02918132910823	64.55791983774054	64.22690620623796	61.721021653771174	62.533237262554664	64.68790386309509	62.04454129309854	64.4693434616339	64.5769451514183	64.46653248895826	64.0650755816515	62.414404478186576	62.66790490527733	64.74854647562665	63.89227428749602	63.54410651535878	62.65389699297537	62.58995838705188	65.32224993291081	61.902839886165246	63.902455947161116	62.342075758630344	63.334153789623535	60.29264936075712	63.66576720988312	64.76047890163501	63.927546815001925	64.63692262514981	62.965048670192544	63.247929032506185	64.16876770712739	61.718532429441794	62.05661538042	64.03655747368946	62.560356607482184	66.37574612052693	65.56272684897169	64.26795199317097	64.55945764687915	61.01269269509531	63.79087700170702	62.87575241715278	62.872331653313864	63.1222713672779	62.11172615906713	62.365134333619174	62.82291430513651	64.73720397457977	65.23714939862582	63.89205791647658	65.52465053093768	64.99688999606877	65.70649248978935	63.90001439346	62.892339383985465	65.27284590482344	62.288867285843295	63.86158930210869	63.5493992465549	66.54062277792973	61.46863817313911	61.345809387242134	63.28775928160749	63.87547619761598	63.6077909401459	64.3750348435725	64.570862096124	63.44854345781909	61.32944664206339	65.36418489051192	65.2374511350475	65.74994229082944	65.72460484079058	65.0414548193637	63.25097019907941	61.39823160855859	63.46833882770146	63.83373029107182	61.77242457094453	62.887319673603436	65.98790500533487	62.45218198575695	65.23967469047233	63.41200318795509	64.82673041897517	64.43031572042949	62.34810880231982	64.29576440759325	61.82413547586337	62.12417440465024	64.3004839352588	61.14581997506605	65.37110507184532	63.19706661477994	63.344561377349315	63.88592203436826	65.22757191719906	63.112060756723785	64.63356915083789	66.01503949622234	61.35541013892052	63.14942195637467	64.58151052179514	62.909524299181946	64.73009280483373	62.8565351487005	63.623466322864665	63.19498711682909	64.49409746091636	62.77077325688531	64.05834304252467	61.73973869943478	62.50036587659462	63.26053983823874	62.83543821860929	62.563723004304144	62.21255631618362	60.37099761646668	60.25704381004596	63.7664272142934	62.77495232732931	62.55428498373265	60.94552296620115	62.9474650130599
62.29912954609332	62.53158425581829	64.28148161229339	66.69968235006942	62.15369314051725	62.93501808190145	63.58716308189592	66.85140740886393	64.28417873399917	65.05869952538683	64.21718698922564	64.81368728282993	62.873080495454225	66.084399492135	67.55588882468898	64.92609598615766	65.7949769472803	65.17932534362072	64.48997044295012	65.83090091310295	64.09951354972905	66.76454176043609	63.642841697536134	63.30756722884146	65.5675648904994	64.2765508175065	62.10483292194781	63.356625639072696	64.09437042696894	64.58532038920274	66.49255570263014	63.78474003431729	62.14697728073953	65.08170185651892	61.850982287080306	64.65918561532725	65.42677764827879	62.481175161453734	65.14445463184525	64.44439444749871	64.41461133334231	65.38951398655034	66.7426250641459	65.89081470244477	64.70940957378986	63.47965196016514	63.14660079438084	64.58004649332952	63.02365533779644	62.16485539148328	63.07911285367523	60.520074701634435	63.068611468849035	65.37909995992997	64.74991010242866	64.00716230536321	64.74930073456683	63.18411095781017	66.35427121739014	62.789252790128884	65.87908241781244	63.229433639131535	65.96975874991608	65.40789678071046	62.21077751774524	64.18064433032058	63.25223330087118	65.49316208408035	62.29182543664	61.79886833145337	63.315543774399174	66.20599188642764	64.35180412359054	64.04717430539974	64.57522261368605	64.28579811145487	61.99968498054342	64.65781206503928	63.48275545879049	64.78811325863542	65.04516709641403	64.13846890960134	64.05383043666826	62.60945917272287	62.61044588163602	63.78111576386037	61.20694420168931	63.74397202389364	62.348358716545846	67.80141084419736	64.19142403684727	62.76182164412522	64.3425719075292	62.88929373932598	65.2124858196756	64.77221180214534	64.55517608317658	65.27139285183932	63.891504016339226	62.79046714125928	67.43792784520865	63.63703651167798	63.92475607312938	65.00768852344342	65.43080174413886	66.5659217035876	62.19073149528274	62.32852458194738	64.20481466907489	65.82419921635434	66.13399404965811	63.34974115969616	64.67724271709574	61.59367650000157	64.07720840697428	64.91278290797295	62.6899434882439	63.425558097808874	65.60033347061322	63.838829438620216	66.4362967356087	62.7590601459122	64.60002491498699	67.00825006751786	66.97527253911201	62.294465390797264	66.45857945780621	65.68457777312767	62.19232572987723	66.70391393334154	66.35412800073564	65.77480873526062	64.50584555275748	65.27939868678102	61.732402512809664	64.47882474271124	62.683838664165314	64.38286779816342	64.7025860608687	64.79031635700656	65.33133276427665	64.33409754801339	63.644624773546454	62.722963527559315	62.135745590211904	63.56983572430811	64.03582735454742	65.42318810334365	64.16462643209907	64.78014646746244	65.38591254022175	63.85341246363012	63.28939195152183	64.92277249958649	63.29765061331325	63.90607973579033	65.38927705076367	65.63342242859497	64.40883775873678	61.558128588678976	64.44957574017293	65.01816843706274	62.947457672730074	62.87462726041952	66.09320391107818	64.9943840689154	62.53803552230642	63.71883171928865	64.58319674627182	67.49187738214641	65.90380704234296	61.019572744586014	65.42195034263774	63.712900223272726	65.73172032109318	62.85659837071056	61.64829920753368	65.76679630480035	65.01277083498206	62.58032468878427	63.45085910183661	65.79199461661433	63.08023655951427	65.43499076674398	65.25936565052403	65.28065687221955	64.64648677730436	63.19080522175557	63.11720959643419	65.64074369020373	64.64006899835107	64.42656329561495	63.26421841396279	63.78108936047693	65.95488377972126	62.80032900666205	64.7836704400968	63.32073774383176	64.20409145487254	61.65975921255436	64.09787125552539	65.44156521764782	64.66418881450556	65.33381377780634	63.70063680223626	64.08884762716548	65.03641995242468	62.89863045681952	63.28466169000649	64.85662295410597	63.489277626511786	67.15727035624037	66.74377367011411	64.95784832428293	65.76335981610258	61.86300026690043	64.75543895589053	63.643273726048605	63.62524258508822	63.96692339674458	62.9132302955458	63.09954842862121	63.593435132474035	65.81112842622508	66.0485365275911	64.76356015609745	65.91922633929946	65.63595210126763	66.54839796172699	64.93420617648744	63.751929575943656	66.03955133540116	63.52352098476654	64.93614945609936	64.84971067326548	67.14422272778522	62.53803166846427	62.30795752158528	64.20450868806672	64.53604526680992	64.74053851652242	65.30091732548499	65.25978987199068	64.20856102256387	62.508233207098876	66.10993796469204	65.78699247945572	66.431606783804	66.4278316984848	65.7529272737493	63.96678955120315	62.22302683993603	64.24105892148815	64.67217285856033	62.5013110153511	63.27763369011009	66.96299659753481	63.33910203033447	65.73072010547922	64.18359774669563	65.60064721572088	65.46754985165398	63.52362082567971	65.28161544358532	62.64805387130566	63.14437850848163	65.16162062159495	61.9048152327897	66.43737429230842	64.12667414326626	64.02312573419432	64.6639980867527	65.9855026161111	63.779019141696025	65.08498022461636	66.68618582737686	62.33108213434205	64.0016491363663	65.48532258789827	63.85411425377618	65.75186868928876	63.93519966010798	64.77447360884447	63.79251794956257	64.87777950991662	63.54646269977303	65.20382040793382	62.789022266796856	63.33902995380326	64.37331522356432	63.715351934348334	63.65394854602756	62.94429505235434	61.46421084897632	60.99449097457101	64.60073166844668	64.01565012527365	63.380459828332015	62.03670464446064	63.77444675971719
62.644185193677956	62.84630954015904	64.84615205952053	67.06835893964461	62.834894105660034	63.03183268292308	63.96915767375788	67.06570557660874	64.46021188253644	65.48084509429118	64.71013568822313	65.24119862757662	63.06483715107054	66.20258347395851	67.74543597383743	65.44275535745426	66.37989100048227	65.26751693460339	65.27474256273346	66.40271384295836	64.73638769689589	66.96296619896546	64.0118330575781	63.61977000517009	66.17131716314482	64.69620199333532	62.42542438710148	63.7118277981203	64.3511471554458	64.95726563579743	66.78399460662702	64.02518156216142	62.696542000264245	65.25831894429113	62.12145601269915	65.15999703852111	65.56747377779465	63.18976440332247	65.37659959898791	65.14692996012147	64.63595900758999	66.03053157270674	66.9670336627568	66.21481058729577	65.18915881366942	63.68488229488837	63.34811736958927	65.16175413195349	63.50214437678513	62.25861828581845	63.6197289084666	60.91378901354024	63.310818351996744	66.08660942035661	64.82896022417609	64.38157441970712	65.27032439277788	63.379957119916305	66.55425143232759	63.23987234655571	66.54077866475711	64.24832968681805	66.62485908088539	65.54743757063667	62.798234964895805	64.27148520308526	63.725450339578686	65.6633159357893	62.909576050149006	61.86897875359867	64.11493805984361	66.48839665088076	64.54579288305432	64.26053302696937	65.11344807180008	64.4262369417711	62.087788126138534	64.71030575406293	64.12727434069487	65.29456776001204	65.44075235305368	64.35426477292262	64.51858410562178	62.858750652564815	62.84677437351608	64.46202302595857	61.54831230318797	63.936620151574495	63.06413040632689	67.85435034180657	64.42483443623223	63.46064357059022	64.74254261918482	63.51935299390289	65.47533330599443	65.01922201853108	64.7602098761416	65.41072406012297	64.05137925295972	63.099032402070506	67.54999542168495	64.13416771033869	64.41716282833045	65.32101125185572	65.49859051273233	66.85914991581215	62.47060429940444	62.63552673789635	65.04103229696828	65.9039606823254	66.67231933320399	63.553474671139945	65.34854054081372	61.805851379869246	64.20705485869172	65.58445667823257	63.132440038205466	63.748658754997926	65.88512456836715	64.08559758272568	66.71818471798986	62.96090453330461	65.25284793036349	67.14749443154969	67.21330238186633	62.61583081278142	66.65255458718691	66.04820231773779	62.51629511901025	66.91452811583875	66.61020598376065	66.00705620997861	65.23377946873376	65.60134429333327	62.30925648193701	64.82017261583744	62.9407809884075	64.72211512723477	65.00359251493899	65.20137178292715	65.4877794026599	64.8125432057955	63.909658221701434	63.046072046622584	62.876587812776144	64.3051221212571	64.90902221481113	65.63393145838211	64.54849623576516	64.83569667715815	65.46083003433124	64.15400602110212	63.54874766177101	65.02862086110217	63.480755082088336	64.20154914854776	65.54368730437906	66.38842549024973	64.75497365290285	61.90900738186798	64.56371921649797	65.15216391312947	63.60662994942672	63.213733718276586	66.23132031640235	65.21712279176975	62.63643975990357	64.56202637404384	64.96757348974552	67.57668156251916	66.30973994409115	61.34720378380316	65.68318741088946	63.884372363509414	66.35551352907268	63.005938494819716	62.45147889962635	65.95353629521703	65.39157128306627	63.12000126810812	63.736143767200225	65.83815413795533	63.15966606940662	65.67179033370893	65.79404234905205	65.71069310106088	65.42556201233414	63.53218609194172	63.84407692273419	65.87382234900936	64.9755994788622	64.81343483253202	63.69321319522144	63.942974280530066	66.5333361595944	63.24885358293885	65.07514145550174	63.51407915387378	64.42700936339106	61.722275050431115	64.75377464563009	65.72446036044157	64.9579246754314	65.53960045972788	64.2238911819983	64.45315537615728	65.47573467036845	63.014757184832554	63.44178960801708	65.08682454703712	63.81124590310605	67.34020321192943	66.91006666125458	65.4535336499396	65.90549911075568	62.36003562877929	65.0108884856236	64.04444028911259	64.10605239273572	64.46013689439914	63.29442312143744	63.70137342869025	64.16806635782159	65.93483189578457	66.29244849531301	64.81818972458166	66.92700418106578	65.99585217514395	66.9439641720906	65.2197129033001	64.10268956519747	66.28424261787946	63.655416133106286	65.20242912179168	64.99308434514151	67.54354806769626	62.77301860328699	62.463980223124686	64.26452731091975	65.05138191052856	64.85036520720945	65.50965592771412	65.91298586420973	64.80755815920217	62.63714710626709	66.39120659092042	66.10515503199994	66.7338729999447	67.07486162411503	66.2318735254812	64.31826705760902	62.56738052666554	64.58526038799327	64.84698987124098	63.16107005615724	64.16636305251875	67.11344784847587	63.789635761776225	66.5016028709021	64.78028332359153	65.9778565743276	65.71846308375444	63.68414469800831	65.68785111370194	62.96498543202659	63.256207880124514	65.55498940879454	62.44535487371627	66.52391059537965	64.4626132702559	64.54236623072669	65.17482308090834	66.15151393163447	64.41234764438796	65.59913326031817	66.88585478193086	62.67493440939734	64.24646849180579	65.7041585743649	63.96796662290128	66.04305206091075	64.2024226635107	64.9036182565131	64.60170002160302	65.46825277117077	64.15018204408737	65.28989412836779	63.03933704172049	63.82221642240854	64.61213398408165	64.20204403062752	63.7411393218718	63.2886539672214	61.730918766854714	61.62190693404279	64.75543524975467	64.16125697902572	63.59998749478374	62.200067320504424	63.95940122704545
63.06741885082803	63.70322531112997	65.38832750043649	67.70430880952787	63.703274882304946	63.605653008192824	64.96909063741704	67.67749630528768	65.17257468473326	66.03846577727947	65.37273950816738	66.28516143011126	63.73441568316122	66.86235395811912	68.47192275254632	66.06693053201145	67.33567289253989	66.11356637680315	66.0565615364877	67.62137203342411	65.55553905292129	67.80840521838981	64.77952286563853	64.2678504759414	67.22400039591055	65.72545895657348	63.15691213352228	64.1418589251813	65.39562862241323	65.50479262290966	67.23612606161824	64.57174048594295	63.5918344817638	66.25922232490913	62.85344533715418	66.24205383877958	66.17614929184678	64.11864057109862	65.93188236822478	66.20384152915494	65.13842844310071	66.88903259946285	67.50590015364605	67.31080369607615	65.80512201786425	64.24461621683768	63.86131303569586	65.64788490924575	64.23559077603184	63.13289250775561	64.21397593824318	61.64246592509684	63.886369672218855	67.3629347715541	65.39092677408097	64.99420244706702	65.77667648048147	64.03993562021402	67.41392424115777	63.86882802328607	67.19360418508379	65.33846185905321	67.95029962213225	66.12093474023531	63.58156826853317	64.83887795314952	64.44033770030184	66.55845437788176	63.627661464097045	62.477660218887706	65.21052441848619	67.13788150139494	65.51911623932811	65.04744343697857	65.488683572028	65.36860789369686	62.8114767248856	65.6339934114934	64.69779354673585	65.8765322578827	66.53037993665245	65.035358923798	65.23229971931426	63.35626394420116	63.641106231629145	65.42931864752767	62.38797345602452	64.86956034050137	64.01638258086746	68.74074961541955	65.48677971198924	64.4193719351618	65.56474993602052	64.27160923684447	66.07214097950433	65.61697014563391	65.78002786639748	66.0740741622235	65.03466516931748	63.574272652456294	68.52292911954635	64.97822863217169	65.16575166181093	65.9411841969655	66.53192141753058	67.4730419550466	63.04547443702222	63.25668120635023	66.0179149455608	66.57928184660332	67.37734120880502	64.08502647774569	66.20992304428442	62.4022269563145	64.74561862939939	66.66748577967027	63.879029569289045	64.16122752269193	66.93430336335824	64.97520858134399	67.63307068730846	63.735271155984336	66.343436322382	68.05073667511006	68.41384045861537	63.141351657023336	67.16353197169276	66.67336967172889	63.292057069148655	67.70950398063289	67.22251274285139	66.76207077846217	66.16106311522003	66.64992052915014	63.12046463248121	65.38275764313535	63.62668477709129	65.74084819817605	65.50661505457838	65.8769991343491	66.21872745804907	65.5352161482719	64.86274840199287	63.607992727743905	63.673606840762005	65.29439055750326	66.096884783483	66.41226874908956	65.40795557413908	65.70772287066984	66.0405160850974	64.80748100925354	64.38247418877417	65.64473547968079	63.95529523980276	64.99892885802079	66.32307395036919	67.52840487997639	65.35560321854402	62.56164007520043	65.52525320594695	66.12060222499532	64.28867842295807	64.03110030887582	67.18117576511075	65.70195983535363	63.455627304286054	65.2871669072169	65.67887855715048	68.55917750225494	67.35604139507338	61.97184090088511	66.79525582967938	64.7782189032737	67.28982267140994	63.69571425619343	63.30294705629822	66.55317782341508	65.86270145415918	63.89231233792814	64.42277640990157	66.64752564541027	63.930825854449246	66.15531550064061	66.23394343173727	66.34141427579888	66.16862532682484	64.57249403440942	64.8800892675926	66.49240101631031	65.96698506909274	65.64258955933047	64.74819812264798	64.51439410290726	67.21498830692552	63.97558422862468	65.52477489488503	64.33902735484246	65.30822787167088	62.37786958390236	65.87516536040053	66.80324639729503	65.93517520818385	66.59662252898363	64.646417695904	65.3687611478722	65.9538693956013	63.57865929265802	64.20841061798839	65.8525601268532	64.28702998123795	68.35526517065853	67.44152763099444	65.87759803081636	66.64559298817603	63.02230654413914	65.93240586395196	64.90210003156827	64.9675423896563	65.0096824173795	64.1504433356162	64.45499989492544	65.01736065809823	66.6233628393299	67.16068407052272	65.81316935823956	67.67685677738815	67.1578269392467	67.81465384866011	65.67461725626632	64.80292221171553	67.31937873854912	64.33043923589622	65.93647174822719	65.61743169022326	68.60686430438703	63.495397779574155	63.14900927695382	65.16253101906094	65.92584725213227	65.60627072467688	66.12817813481084	66.43016117190695	65.52376971096112	63.2988996980179	67.40787014827104	67.30335346974937	67.7653632419311	67.72288289416495	67.15154406618612	64.92103631328554	63.48322202041207	65.19876433643311	65.4965541413631	63.992608773992046	65.07372573767717	68.01876587796541	64.41118835293463	67.36257313139471	65.40062612017408	66.86357398026377	66.2537036386706	64.24193470073297	66.30207267864691	63.416795049367906	63.95309310801896	66.33396009148176	63.304306117056875	67.32846501453344	65.11078381115541	64.95780523358745	66.06440075148797	67.26434177796551	65.1216075241958	66.7379474914428	67.98771708414931	63.343209386288194	65.08374383926244	66.6376086560381	64.75859674491701	66.56281695555417	64.74825074767655	65.7070728289987	65.39023718701198	66.70656690406538	64.8546976210281	66.14928862618392	63.56069228516238	64.5456612924964	65.23989372660391	64.82516942043115	64.51097162948334	63.705280642674765	62.380689584769264	62.505695638636304	65.64193059706126	64.7365103964316	64.50891925799105	62.79178412883954	64.6389875714084
110.77849096598099	111.4150624628186	113.01370337725822	116.09794448098215	110.92387139059434	112.75539407421182	112.55412460570342	116.59219656669575	113.95252956324731	114.25085220836621	113.55691554659461	113.92894526298485	112.7091999799991	116.06333113968515	117.14103998885014	113.90274935290029	114.77848248848971	114.54393770012304	113.09903238397682	114.76529922413614	113.23383834138833	116.33049177219458	112.85178843616555	112.50479048506651	114.53834077468649	113.51472156248012	111.55255141912588	112.5878125420179	112.86349305652759	114.00972192263251	116.27462920592762	113.22720483036649	111.11087135027594	114.34722666248067	111.32132818884601	113.62237803858733	114.73292722247497	111.02452188052271	114.72092426154201	113.40460541887292	113.53823394331643	114.29295400618051	116.64714533484326	115.17918176097557	113.9514851607756	112.42348950792031	112.79297889016664	113.43050765347907	112.25120735719833	111.1479179083073	112.09865349374036	109.9459443046077	111.45710082797683	114.14567735893792	114.65045776658692	113.14407527620637	113.56172015174157	112.6201447834372	115.86302763877075	111.7280886814424	115.03149962892222	111.38827227461942	114.76178391944106	114.6824308204689	110.89049205719013	114.26147102281594	112.23074009514984	114.78227141765254	111.17725340651052	111.83077924244404	111.85316336713052	115.88203785931877	113.89324354811066	113.74849961335586	113.32903225558474	113.91459641554582	111.84106520030835	113.8809619254522	112.627324183991	113.64860005898468	114.04476544271563	113.66976960770216	112.99190530381307	112.27812544865694	112.27392348625366	111.92317513297145	110.27444875833214	112.9953812901425	111.07201900521319	117.48770007167187	113.32266071387014	111.4125345124862	113.6447798791006	111.5125328028338	114.81806484560924	113.81621180645591	113.87327153227187	115.1962488313262	112.61642658868614	112.35889355803899	116.64044855612758	112.57893795845686	113.3367400895887	114.50607828677336	114.74569513139713	116.19020401201438	111.71453657111408	111.959118324208	112.78383257232126	115.8333959441253	115.46880748606938	112.6193502220529	113.41975142724516	111.32834485194898	113.63313099331049	113.67420924289729	112.11577064996504	111.547593959876	114.78210819345374	113.44277363381958	115.68424667985087	112.41072907706385	112.9589661926975	116.62243966188032	116.32566562988006	111.86730852752008	116.01038735730552	115.13564889396812	111.69026612371461	116.21187775660836	115.98904223136643	115.12196488224916	113.13832268645912	114.06920729070013	110.74430811803073	113.00321669319897	111.9545832761536	113.4024587740974	114.30815900140281	114.26797249156404	115.07080789040563	113.48192537242025	112.81243284926148	112.24011261703116	110.53144631941889	111.71617920843525	112.51382383619449	114.63944574392777	113.51515549663735	114.18711126392598	115.1939003022541	112.6700962046735	112.62762207951961	114.71766394391102	112.72809728224401	113.24771680298547	114.88540550861956	114.22832613425979	112.58602495618968	111.18404035990147	113.45886675610643	113.82353075314812	111.35712776766978	111.89227292967799	115.59781795229502	114.7007105020064	111.62856761955204	112.34514834863558	114.01384249848013	117.08415338490434	115.27446131802951	110.6639198878927	114.52041442272832	113.34665141386317	114.81555923342214	112.61330281569708	110.43649634336106	115.6892840868531	113.73145929806985	111.59838884362868	112.66808544032374	115.55298998300043	112.28373338741277	114.68116423249668	113.93523171359095	114.66782196685617	113.53093646983872	112.24102094191947	111.68977162689838	114.81803780113141	113.20696156786647	113.74017940492303	112.59874671281078	113.65491000994035	114.95821320211658	112.20931631422351	113.76293011399667	112.44523059886579	113.29015071848086	111.48782258799523	112.6670863672846	114.75713674943252	113.31677857281225	114.5964270383461	112.7454393592318	113.26168849972039	114.2713376502507	112.20359345140176	113.07111955123729	114.12400241808066	112.85261153790753	116.60808722215506	116.71239034877046	113.65258855504712	115.47399325613752	110.88277306071011	114.32125846118937	112.13389603995716	112.1948817594078	113.26837441051455	112.12518976357512	112.22616700758803	112.30755184405433	115.6001253715227	115.31547526292924	114.04506278743463	114.4042893008691	114.91775329658394	115.96536881891073	114.6325502000438	113.09245837950674	115.53422115585943	113.20919476284544	114.29065445328786	114.8407780871289	116.21507761178962	112.08087406137736	111.5148098840306	112.88086138605985	113.47947291603381	114.23760324609583	114.45355668241936	113.91279728753612	113.2715622895139	111.4306585636568	115.54555472944031	115.10841544873355	115.47497273638908	115.5002109692891	115.04559054340933	111.9818942066807	111.56806340230968	112.70960038038312	113.24059698570272	111.51866533182036	112.0405196718424	116.53867298930969	112.61343091384815	114.43164840323934	113.04403272843493	114.54701786411204	114.9883334042018	113.1598288191188	114.46707654804483	111.34491853735884	112.40724545756258	114.2579324477025	111.08210501217307	116.19658037982764	113.46570494032608	112.75096299388984	113.83224899665213	115.46709809207296	112.91788727423565	113.66840579348846	115.90345082599043	111.74245693245014	113.17826860137512	115.08912122199465	112.71634254765266	115.22023068867875	113.68722153756875	114.29546050333654	112.44843549323562	113.80009414197605	112.40047211933235	114.88462660609098	112.36221773156109	112.50044630897328	113.54374803498702	112.90865133820363	113.21428952887459	111.22669953609368	110.92878295796663	110.04948525648962	113.7839483526424	113.60550576882262	112.48363163552852	111.55268237347877	112.20963686217313
111.79045302999901	111.63601627962687	113.3973228249302	116.48293316285574	111.74530928507421	112.87621303203748	113.18746438500179	116.70382853895165	114.40141244012565	114.58614075209293	114.18475871751474	114.63716568064642	113.11427937762407	116.3112690605214	117.33417678634153	114.03899372205424	115.61945379684656	114.82776115704209	114.26641268220136	115.17691627795651	113.8264116986602	116.81500494381761	113.67787785505674	112.66504269846426	115.44144463649145	114.17551142144113	112.02603681480424	113.03489484128744	112.97846182025958	114.15740909030465	116.49215332248646	113.35062572493992	112.01537547609173	114.5907600785463	111.74630718209691	114.26359106968117	115.03982594032078	112.22311874623517	115.05353250351756	113.99426386173587	114.08417622617459	115.37243789323259	116.82192700850483	115.4521223972595	114.62658332872701	113.21952123762779	113.21133658821157	113.51362210234406	113.07481103319962	111.28130224944778	112.76885819299032	110.76820476346477	112.40927590628104	114.81984593733115	114.83144657628908	113.22725449275822	113.68154325512114	112.88104519609338	116.12956506728342	111.85996260392601	115.75149929824836	112.04700408641884	115.3050926346241	114.77262863400496	111.51337099619585	114.41463433311864	113.12735223654825	114.91338209204619	112.16616539114398	112.12030628092876	112.70212715844632	116.55031129534918	114.18031511697892	114.13209496165211	113.55354538220419	114.20524961089022	112.26951148743866	114.16925834473986	113.00121923723498	113.87677607179405	114.14942874805294	114.00575148381024	113.55074348122461	112.52364313304794	112.84035315310999	113.28513792588518	110.8833000117979	113.21514616380264	112.1054131641254	117.6179876380906	113.48674165960261	112.18741916247454	114.2962781022661	112.43748375026466	114.92673696024154	114.37762759069929	114.09868702524297	115.31539066281358	112.7296925204839	112.71853511547468	116.82427335500563	113.47532523085908	113.92944907353518	115.07693149058059	114.84351000046152	116.42565124811722	112.29003715964046	112.36396254611952	113.5689944800627	116.13395737333776	115.99725967458832	113.17004624954731	114.19585998749504	111.4494666522329	113.75653847372998	114.6341812485059	112.77867585129192	113.01886146769637	115.3658910791305	113.77767919511932	115.96990191693513	112.57356111253885	113.82517446156739	116.85685610872173	116.62107356105066	112.1640176969573	116.19270824246738	115.4046666483951	112.209979828154	116.51645015029351	116.5612402164446	115.25370429330908	114.05558967625693	114.33885403633144	111.80705318242347	113.57240240576705	112.2172664078163	113.50326166755772	114.4487814659209	114.99717245195374	115.17790074970223	114.28482594088118	113.10946238548985	112.35876280835923	111.79890448314845	113.03976757640714	113.4496746823043	114.85276720665553	113.9500325311123	114.34931873273692	115.30036120440568	113.22525084464246	113.05050711264285	114.83961514921813	112.99688069081128	113.50227724188	115.14346428898315	114.99616214583982	113.08287840831764	111.6694231505986	113.566303370477	114.2299793275667	112.15982979891007	112.41705437073487	115.7081936703336	115.00522488845698	111.8038031784153	113.43034966554356	114.31440829390439	117.31332812352915	115.72774137715724	111.07641724860363	114.82845737681387	113.64637546548819	115.41979330655127	112.72378123227725	110.93971840732914	115.97563140482508	114.43946142293225	112.64641722088089	112.75555650191158	115.68296809949956	112.42414547963453	115.46827504163386	114.30849211621359	115.06685817090697	114.31562994180449	112.48109899879542	112.46069428206532	115.20508432043658	113.43339843271063	114.45762591877616	113.11099847169908	113.77965283478227	115.06157746643645	112.51663561164105	114.62624542812758	112.85068010703642	113.61455655683937	111.6581323065203	113.54124704560394	115.28782182123489	113.4871349324066	114.6945810236911	112.88374488785209	113.82784048690225	114.39980085806388	112.34607529915223	113.3103258727879	114.24917522166257	113.1324366663783	116.90765017432639	116.93427227598295	114.02195063004501	115.92880115619019	111.37912537582052	114.65166240220785	112.32648341677626	112.88179760599877	113.73113144955695	112.9346323477329	113.06890232411763	113.20444563066108	115.7095543066575	115.43921156053685	114.23214922489448	115.16289938464362	115.25541779791591	116.60517700850122	114.9300137241981	113.48503063801184	115.95914231595539	113.49078720127424	114.86421211272936	115.23187515518642	116.89859896563802	112.45197396583806	111.96615871649867	113.1319314257418	114.3256820638464	114.59052252116865	114.94145959170785	114.44760258012244	114.18500966787623	111.75186570387596	115.8954405691866	115.47464384300272	115.81903167929498	116.28288910099873	115.53565730424616	112.6167164766249	112.22849511150304	113.1295258857685	114.28385867356582	111.89864921302178	112.73199732824501	116.98965536129421	113.27774076442822	115.14840922058919	114.12052185089928	114.82086903422736	115.18185321321045	113.28659725114615	115.2491001740318	112.27385984657664	112.73423644575313	114.68711379385374	111.76837254495967	116.3368055146009	114.08047726487952	113.01153212429281	114.70041199028407	115.69960868821015	113.19870405729631	114.26152330161565	116.18790734508705	112.34317239838572	113.29011916105593	115.41377374530094	113.07020478437391	115.32081605683064	113.9490629530351	114.54916500271905	113.48108134068518	114.28204204956775	113.41050942342243	115.04968540523214	112.53124333013916	113.02894124638001	114.09006794965185	113.49920889519325	113.41420116354121	112.38674544184373	111.28849181884158	110.46481300943772	113.98521728710705	113.9848585722609	112.59849261033312	111.71087283242062	113.0682473856873
112.27376131701406	112.28227483866645	114.23619272146627	116.98936673739644	112.15312201832916	113.02961768772107	113.49231003096526	117.00829353818357	114.6580219090804	115.05530506159897	114.23684908744664	115.02284724775765	113.21778032048904	116.39696218694893	117.52620071013288	114.83168358206558	115.98922012287947	115.07811907895744	114.41667454513508	115.33295636767372	114.26395220765706	116.8679517260311	113.82953550683143	113.34070974007872	115.64961351264658	114.38314969984027	112.3724377313569	113.40602931335741	113.13903906407145	114.70360004402826	116.63331383172626	113.57823070455333	112.2773670896128	115.14559907477721	112.08795205246074	114.95613020649576	115.1416049922236	112.40834833066275	115.42162995951796	114.78547680929752	114.19747576284503	115.63508263336846	117.1345222493607	115.51396137585786	114.82518926346394	113.29556718821974	113.31226741936773	114.58089721465375	113.16704158225696	111.93593013509938	113.32430805461998	110.830409024122	112.99257399485307	115.26333238073515	114.94169875749212	113.91435745220083	114.60566737493177	113.3844668014704	116.33625365410947	112.69473838572122	115.88786698700865	113.53893266797405	115.9673318409529	114.82529204062065	112.06394032535346	114.44362540491885	113.27318285294146	114.97141657386435	112.25363523847918	112.21867117339762	113.62949718167899	116.598453148543	114.51308473264518	114.19486216127495	114.45716820768932	114.23652727668706	112.33177464531349	114.3758053689177	113.33291122615118	114.837132289573	114.33726141609006	114.28785441000329	114.02973433676773	112.9381400790933	113.04546335021105	113.33638067030893	111.1066156264525	113.27312002205488	112.5261188029235	117.76267678443251	113.97822375137385	112.93132169141776	114.33611583774237	112.90686356136791	115.26553669324846	114.74602502841935	114.47154337308532	115.46729094037484	113.13711665710109	112.72377202623984	117.01432659338151	113.66643763810166	114.26269507279527	115.21468098160615	115.22192022271278	116.89812429705114	112.43320853709542	112.46786289502165	114.51789611470207	116.2701735538501	116.0125346098042	113.24681718652552	114.33703943081632	111.78772456149746	113.842193413151	114.92734562168867	113.00898602157059	113.21674314341342	115.57308968283252	114.37258498632633	116.35759148290245	112.68742378690675	114.38218047724257	117.00177184967423	116.66193241855059	112.60878944064773	116.34843276221473	115.8195112883218	112.35653323838395	116.71105531702652	116.65208090341802	115.70966455070848	114.6975063756632	114.6107989524601	111.98892979354387	114.00021798912205	112.50608606871322	114.04562281882406	115.05644154867365	115.12172211267213	115.43825289414103	114.54836285034334	113.42780955361499	112.7894537638024	112.02087704779538	113.39446944647186	113.94282207925745	114.94374423994601	114.19691295638312	114.70644471888944	115.39165297201883	113.53221139525456	113.50553241906772	115.19535728295705	113.06713668544145	113.724791514769	115.43924669451896	115.7029447160145	113.69660820756631	111.74933606263704	113.68633118307629	114.58751693745987	112.87233120074804	112.72038155738295	115.94482872898512	115.04736839899994	112.26835402299326	113.60999016335427	114.60200726807274	117.35770092443674	116.02775277169233	111.16078208087178	114.8833247584388	113.92118238139123	116.35384317286486	113.02261298917178	111.58587712745647	116.0237217723955	115.01955555843405	112.72752846247342	113.03752580370553	115.90358477245432	112.98971055865209	115.57811633574808	115.15487171839128	115.39733949897197	114.70417786616491	113.0096485391229	113.31979858622387	115.75625171066571	114.09394159290234	114.52668844879115	113.4024147513154	113.87793951753439	115.57313261503212	112.72199408024649	114.77803413678251	113.33501714760091	114.061150298576	111.84387858606758	114.20277511979806	115.46632568312572	113.90563206171154	115.03294943365651	113.80733493055128	114.01085765737676	115.06849750904907	112.55423379091296	113.79917465597269	114.82985315686437	113.60551901004227	117.04257792865661	117.0301070042162	114.95705504376691	116.11168145344374	111.69532765070713	115.1805357810823	113.26057957153073	113.11236701284453	114.11835114548234	112.9763446375578	113.4877162549016	113.53233289181581	115.79748649509177	115.76713592932933	114.40900228634746	115.60019458084477	115.99544771505651	117.04391744081758	114.97530230747562	113.93894772446508	116.10368209091068	113.7149069488404	115.1436937223941	115.32089375835982	117.00188556531013	112.60656720552551	112.32812624766757	113.48293874990536	114.36760106456231	114.75570639895413	115.4122808489621	115.46106036330794	114.5020895923936	112.07648367357933	115.93153784778417	115.64405719372597	116.09509647642619	116.29260150242972	115.91232104856776	113.29469979704477	112.40974629068464	113.88361302621202	114.40371321223886	112.41789285923556	113.92201139850606	117.04689264158566	113.62388106650147	115.53464606229174	114.12266125525285	115.28000198805188	115.56429155804965	113.36972045432832	115.35895974342694	112.49762517568473	113.15163129935573	115.24452676718968	112.33932654268655	116.55033227217925	114.29963706899794	114.06245120387318	114.8773314805725	115.90474443934183	113.31082189078428	114.39355228139512	116.38800997255578	112.6151552296306	113.96088242601523	115.53818282525398	113.19109875095428	115.71245993239707	114.41489832063381	114.74445341344304	113.90155960677015	115.17432378419774	113.63927322846715	115.51728040514794	112.92655928390225	113.41161277654078	114.19175710059443	113.9441444292958	113.62864647804875	112.84349705784024	111.37699250276907	111.19178880049189	114.4792228737686	114.08580102218144	112.84853730520688	112.11288386549793	113.44535213298447
112.45778846534886	112.52246563581781	114.40144942544994	117.1537714045019	112.47610391577872	113.1938053431582	113.68454990054902	117.21075560285786	114.73663948743555	115.36916302172482	114.69257345228175	115.14736948399798	113.41044453558925	116.57140149535145	117.79654758935378	115.2865553013972	116.13239772364477	115.40685335202289	114.87076318110337	115.65430841181278	114.80343252180653	117.10798699587941	113.90668362194693	113.58446625817774	116.16303803302254	114.61062661863413	112.5952283294066	113.84132350809753	114.13242690649858	115.10700576315888	117.04962461789093	114.03260911692384	112.38592745696792	115.35967809487741	112.25198580350755	115.10739440207527	115.5764689844588	112.51981425230025	115.42692157241797	115.10787803772214	114.27705590054973	115.71953736229058	117.31034573223978	116.02764033687073	114.97944982838425	113.5426545995642	113.38577037324147	114.8670996733376	113.77716947835678	111.95882465585863	113.51978905542742	110.99814469182238	113.07869821344852	115.75621277296848	115.03860578581217	114.25044587424964	114.86994168089848	113.49470364979226	116.61355529196466	113.12204962382421	116.53563234667742	113.84181217475708	116.30962770672937	115.35425097046998	112.32809110629445	114.56634786341081	113.41679304301827	115.84997146884982	112.77204533348129	112.35270838852043	113.73601847501705	116.74679683601136	114.82652898400461	114.54108463555254	114.50858539319607	114.58108036441813	112.50569524467738	114.84317943703057	114.0939634826897	115.11198223533812	115.02348496949388	114.57606645414	114.5182303970309	113.07066517887907	113.14144111701827	113.79359808458904	111.35157233241897	114.00170565609012	112.76728878127412	118.123533434959	114.42654241821238	113.30290391886395	114.834412426506	113.11918065160266	115.63885299124476	114.95463265630929	114.68402102875187	115.7057459626984	113.8241848869631	113.1539291252015	117.47749589768455	113.76776783159514	114.56787512339194	115.51299054862633	115.68363658080233	117.01355963853167	112.55238395819701	113.09305328992517	114.79993501725367	116.41620262076333	116.77660203358292	113.55519748082256	114.89416246288677	112.18608133934205	114.05457354037014	115.3031539808261	113.19333925274755	113.28267583792618	115.63348711770193	114.47103032173833	116.58341916987642	113.18473169395611	114.89933315553328	117.34497312848961	116.94441582450536	112.87706934881022	116.52916227398572	116.25736731739207	112.921746399805	117.27430879759564	116.83194406815265	115.8580880551859	115.09826743893242	115.25466919531777	112.1083558232383	114.10137838177754	113.02216572847232	114.35414096781432	115.08412565521145	115.51707304599198	115.63295821668869	114.80431987129055	114.0501929491098	113.39409476463048	112.2507482375636	113.60681800206103	114.79275778486422	115.67380599070232	114.75464842515879	114.7736790200907	115.64969526975976	113.90716244896333	113.68155085047754	115.23076066627127	113.08917811630567	114.46687132448318	115.84321300583242	116.01982654083211	113.96568945812469	112.21907449179022	114.7035302059937	115.17139153805188	113.2105538268971	113.07412873574361	116.33477857579304	115.16239088290595	112.63599221972503	114.14077561488675	115.05324896482516	117.74557093634289	116.0829416013367	111.87025234161942	115.50392597855864	114.25624433864375	116.49723153149276	113.27925618508603	112.26078508825918	116.49436096165624	115.17828843159107	112.9640744892183	113.70604054911325	116.05204960335337	113.04132174197741	115.77030464659931	115.39184877730648	115.84855012747559	115.53887852569817	113.36992286212828	113.64695691729176	116.01030187013927	114.80356328300384	114.75982542546544	113.48395480912178	114.32406976756789	116.21905096466647	113.53978146170078	114.99619112397787	113.42291022087045	114.36172196418462	112.20976345632666	114.41774170613805	115.52975344514138	114.79481417477294	115.41146928093258	113.9578652932772	114.67729912943118	115.18478413134757	112.81674668794788	113.97400407594817	114.98080276416036	113.78997987424763	117.2256770973981	117.27266855065801	114.98955306190462	116.22551207746702	112.26952147379905	115.36097412879386	113.8364842282554	113.95661008659197	114.48929772329727	113.19967590946018	113.76527848766791	113.70272949332377	116.2826110189438	116.07139698782665	114.68980125242273	116.57805866863393	116.11951531146451	117.20540992174702	115.31726016577868	114.37576972477352	116.25538977986398	114.01468556601327	115.23461585824568	115.51933154987896	117.15940386061808	113.11421555618834	112.75557494260565	113.92212855090995	115.20348554524564	115.12635884560692	115.68438691801396	115.49439913111286	114.64087540554976	112.47927741779084	116.32506618295966	115.8688761776704	116.26149777219581	116.89890212700658	116.18779412527414	113.62119952006287	112.47890726103712	114.26997748561446	114.74878495283387	113.11934739379643	114.03047105482801	117.27031387151732	113.88397996877276	116.32859503257953	114.38495988708573	115.52638939558318	115.89856810672848	113.8045966126284	115.46400412990265	112.86233940792802	113.28817446770643	115.57512026962658	112.66891027366823	116.69975779534055	114.3858399553571	114.09836248105924	115.25334631627507	116.22018746122183	114.49544819751058	115.15341639140011	116.56971829810762	112.79093014360554	114.16596165429925	115.79720337519349	113.76203892828995	116.011335643057	114.50192655954325	115.23122063124353	114.3578017749584	115.50200575843917	114.03943068872056	115.72070741302149	113.20417395598933	113.60563736345415	114.6541871736274	114.06841906396555	114.05719720383931	112.99540038272079	112.09712220196394	111.60746049454589	114.81404293875416	114.26206859274549	113.5405814280815	112.32024171581168	113.97851780704411
112.53887944285272	112.8571116170235	114.74381842218126	117.57099422940183	113.2174969947997	113.64815091974974	113.95957293821942	117.59924471902794	115.15322380343665	115.55529847940535	115.17989297914829	115.61232235526079	113.78990423454391	116.90914619360818	118.01249572594287	115.38480887502125	116.65578755151607	115.667864298933	115.45108851574473	116.57701784064655	115.08380268739467	117.70120873596338	114.37718474656626	113.84518652307447	116.64971971333676	115.21981298783066	112.99486597712081	113.86074073872602	114.15250886578416	115.14719660024663	117.0768114307453	114.16209588125314	113.20467833069358	115.67575960641526	112.57765285820214	115.38613661456836	115.83604205644237	113.3859041442635	115.6260813805575	115.49917164115459	114.6871308278313	116.51337263563941	117.51827959480435	116.57124820745204	115.51847961754898	113.98594445891344	113.94536036063477	114.9970162880304	113.84721159853306	112.3596474232935	113.64208160376535	111.58939416824221	113.36231106899224	116.15595005941094	115.42147194733633	114.49884719750148	115.02728843158066	113.61989532662736	117.05894108062354	113.58512438973048	116.95229726543998	113.86485261713646	116.63434013069993	115.5900248156323	113.11391394177804	114.99269560552024	113.85341717858893	115.91474570750051	113.07835623482391	112.50231518209313	113.99656497504617	117.17111967182069	114.9890662158684	114.8371925025338	114.93943512430822	114.92032940148277	112.70282913230047	115.02974152444867	114.4241624497774	115.16718500347442	115.62408049181626	114.79149522575685	114.71016146356044	113.26951331731584	113.50269880002959	114.2866624634608	111.8399449913959	114.1683215108562	113.3784416657774	118.3258205086971	114.76077483371232	113.5755262635636	115.00044820026736	113.60874513971201	115.64796322797997	115.28893745452089	114.85801187769006	115.99362234669175	113.90141277037682	113.19786756247994	117.51364515812277	114.35455795333183	115.10750091481286	115.7788049697402	115.82703235744313	117.48450561806017	112.69707699852505	113.2785747941224	115.01691615116302	116.72481372533183	117.34964113990648	113.89711670520252	115.60475014793627	112.32442528378402	114.42809192201067	115.88373452535781	113.8279457718229	113.5441476954249	116.14476987330299	114.68405553918713	117.1243197924881	113.45094791556417	115.17302489809752	117.69371076433904	117.19413879933053	112.91481293171576	116.90317557275488	116.28699784997221	113.054548807248	117.4325848391377	117.15406793936577	116.02794484613125	115.40703985279532	115.87625158055266	112.74295337568701	114.21303528058102	113.27906868918052	115.0380740837002	115.24246005626236	115.723296621178	115.90519868343073	115.24055629655638	114.20369204554794	113.57689403837202	112.89205882380958	114.13279377730912	114.80089350071472	115.9022720835362	114.91626246037147	115.20255883957846	116.04660192519232	114.14273347843786	114.08725133406944	115.57997718305596	113.63276146755659	114.54651427037241	116.11258782495861	116.4484628073757	114.23218321158735	112.71604035788859	114.75902612790259	115.34711005095002	113.30503647998557	113.39986841601068	116.64937062214143	115.5492442964859	112.83766708570867	114.58820400030419	115.29087582364613	117.98070482440693	117.03266136097538	111.9732549144557	116.0085441787669	114.41796172268937	116.69471528847204	113.5841383645987	112.56037266979243	116.67499803034062	115.41865670503236	113.43183871923569	113.82760714692817	116.35407345909266	113.428593462328	115.90048050593305	115.51717419986323	115.94837816599079	115.6014447526783	113.94301232734037	113.87865725526898	116.23292355866724	115.0244426103441	115.50055428984564	114.31492135934889	114.63782914067325	116.58099466351219	113.80832119666012	115.2827847020129	113.6136795183147	114.57562934125447	112.36680864231037	114.76917271922868	116.0986632783687	114.87726476409723	115.7649013749631	114.04475895652355	114.8670071374602	115.32804263943372	113.16639855576378	114.11312652889043	115.12512166593949	113.85401299817025	117.70557619664447	117.43068856890234	115.03498038883555	116.60523683506547	112.52429469333943	115.51173558592372	114.0383874536965	113.97963801140703	114.67534380643914	113.71597689156695	114.04692367023272	114.4392137333058	116.40098221108312	116.65241954080103	115.02881876654645	116.75912499891433	116.22347070080669	117.32071973184257	115.43877432722212	114.40843113719384	116.66279246387143	114.23786329582745	115.6100560666465	115.6998388562389	117.76279661466056	113.36946618398413	112.87805665079102	114.10803685155157	115.36218039220185	115.2919175313109	115.8766033690247	115.6192866136843	115.01117436959157	112.64935201021613	116.91872339155756	116.2160294234442	117.01451850891952	117.30304631991068	116.79994902753245	114.01070718021697	113.21023623227047	114.47896781011475	115.08048732157438	113.40550301680226	114.27370258561245	117.48615866649857	114.04519402055087	116.47325468789364	114.59856926745869	116.19619262747247	115.96381118587875	114.05632755805216	115.85760163250008	113.16902410758851	113.64222032395176	115.97095465450778	112.8888427797683	117.02689192169234	114.69001510094284	114.13246197725822	115.73072610849759	116.39991008346179	114.8541807556187	115.68634250018057	117.09223303327092	113.13277277283171	114.45374176896597	116.45364267143324	113.86985088871222	116.0692455111002	114.62359396127782	115.5107219640624	114.71517301486882	115.57549182263838	114.21543762373669	115.86312449684691	113.36123558960317	114.32961739298638	114.73673485372842	114.49022234025541	114.29177927525149	113.14503525603027	112.10468132492144	111.94085281262967	115.09097919421008	114.51413122409076	113.63782305265828	112.6447027661863	114.06425023682364
112.82425338434422	112.91058008195617	114.8919716621907	117.68968335311965	113.25245782011139	113.72196385971579	114.219272239567	117.69218316133473	115.18901717113162	115.74089779032614	115.23266061113465	116.0827089393257	114.03200221874164	117.06951595069583	118.22772110562019	115.81521239600448	116.86517868233295	115.85271306335083	115.47513368599004	116.62240698206034	115.30792197288618	117.81871194750107	114.54528698662709	113.90988103747502	116.86071572760864	115.30053216703396	113.19825988918917	113.97888674676003	114.44667499647196	115.44500228192413	117.26690788981571	114.50180851681193	113.31238402886923	115.85886882197363	112.89888688677848	115.8466259963268	116.04571335751777	113.61403018895201	115.73755107148878	115.63858285977523	115.09486083481063	116.52668740649635	117.59310504166106	116.97934721630884	115.59162358029697	114.05460556389787	113.95436643172442	115.12471049632556	114.05206382840096	112.41283918001415	114.1638316896609	111.77252128216853	113.49713752617976	116.48437757550003	115.4637759800728	114.69106424916855	115.22259573703636	113.86888914180038	117.37160495248254	113.60026234650067	117.027180399644	114.19321363163047	116.98313053263846	115.77672917668924	113.1541923371027	115.05908770003327	114.01964889476336	116.04977095746548	113.42741627662699	112.71889914451462	114.26790247273027	117.1952588718045	115.5001426147441	114.92658988430153	115.14022087427902	115.18472402638959	113.01430405767503	115.27093184255008	114.4710111424007	115.54252359528932	115.80820658194087	115.04823847583081	114.89835712526724	113.4153079565649	113.70067370413369	114.47243457220486	111.86441291395097	114.21939203524747	113.55708886054705	118.39392582702253	114.95917987684909	113.62409231951631	115.3666697453539	113.76030402335597	115.93060663535319	115.44877498945233	115.21894947918952	116.02532224119844	114.01680709472087	113.7245418132981	117.77516017408233	114.60205856773693	115.18734129297431	115.92489509582187	116.02662012824037	117.57961092378238	112.95103015438218	113.3187508126798	115.1539863706163	116.76200868202248	117.37569426331596	113.96609236235066	115.76471871801913	112.36490415299531	114.6312878178109	116.23963494470226	113.94080988305832	113.90665599059982	116.26387344556777	114.9322854138979	117.46114351230302	113.49459798052936	115.4216653065479	118.06674158540015	117.42392088603958	112.95867720982446	116.961556691497	116.63771329839294	113.16455796366354	117.6786192206137	117.18716821865867	116.42553305769081	115.41606028835947	115.97943828478932	112.91002132565639	114.91733580470685	113.30102703067811	115.052534360458	115.29305778036773	115.79151088717371	116.01772320966548	115.42436686994863	114.614592944978	113.74318553640619	112.9121615265712	114.31491602126357	115.12977197862067	116.0703276089969	115.27045282921301	115.26604930492122	116.09318720117795	114.40258461562107	114.09321755129565	115.8359463130583	113.80467244872544	114.74740120682944	116.18535489704146	116.50380143061282	114.79099005711474	112.78374877405989	114.84152257813842	115.7415970202505	113.68706323529037	113.58300523269192	116.8047854373565	115.83726152936009	112.84417358724421	114.71898029018963	115.56359270548755	118.28759036756462	117.18823598972796	111.98385890493392	116.12648088255959	114.91743126025646	116.90598186033698	113.61153210302204	112.871462834304	116.7450154071979	115.63536534214667	113.69901729197035	114.06256174336299	116.57345176720985	113.45566214287183	116.33952618957356	115.59132037102287	116.16584975763578	115.75944719728936	113.95345736937291	114.10862786654677	116.27399112548251	115.11403331102953	115.56794745973934	114.4375080913405	114.70190767887911	116.88430060126987	113.98014541385749	115.46735349502164	113.8338522887264	114.6779742339847	112.4580947374255	115.03074561899976	116.1216414774653	115.26804468175673	115.88519812792184	114.32628049389676	114.96793860465867	115.5596946214574	113.4869537810239	114.34416234479943	115.47459894767505	114.0392487592851	117.8172074887308	117.68949231324761	115.05918019241152	116.78127962389975	112.84788510145667	115.97791500724674	114.08999427771616	114.24917675391903	114.69853379734693	113.85023266871836	114.17500843554	114.4698922754512	116.46504552590196	116.7008746159663	115.09422259021099	116.85384304668173	116.61553602391245	117.71166368312142	115.79395042031481	114.59331966142274	116.84495035370418	114.35422218856925	115.78055349791309	115.91372701852353	117.9194482778995	113.43134876580622	112.99235505595095	114.44986244719341	115.38323258835874	115.51187687899186	116.00799638621277	116.07920767554972	115.24470532250758	112.77636110775553	117.24991343597469	116.53171901237253	117.03615489804206	117.36087033224612	116.90995494401932	114.05666501149558	113.24594083070913	114.55964539839506	115.20408686184125	113.70570146717428	114.44376578916835	117.73424717822117	114.29677967683679	116.69240344616021	114.73788133711784	116.32905326309266	116.20994037336936	114.13998046921472	115.88498817227727	113.31019751430024	113.78500874289824	116.07927450042672	112.95842992415265	117.21095021048677	114.69806061238815	114.65757324624427	115.87577218246297	116.77234351049177	114.9217074046147	115.7085149416696	117.13180315423554	113.2141211205188	114.793716862587	116.55795916597526	114.2855757120711	116.32905086343509	114.65102029831822	115.54395753893358	114.83185936654708	115.98443915506773	114.61983413021922	116.10319115139866	113.47839712203442	114.40266958953636	114.75130094678995	114.82208443660105	114.4285591218753	113.40752652714086	112.26492231870635	112.2591439927325	115.21192087801498	114.57349615226848	113.7191762622515	112.77709190847987	114.17204920620908
113.05471346578902	113.66101533074777	115.12033733084974	117.80853631315712	113.43958054785797	113.74866661425368	114.59294596750767	117.73007962635265	115.24246176302361	116.14763759730133	115.45631248059068	116.15525244113464	114.11244534054465	117.10290565739312	118.62762355072717	115.89324537527864	117.05690862405493	116.1957684640069	115.9818441810942	116.79267412832452	115.4875741228499	117.85028826761226	114.57220960830678	114.36109046014602	116.9397568039475	115.57598909191458	113.41200059910642	114.36249172232093	114.86986086150135	115.59352885087606	117.56829245678931	114.66692306134601	113.45325568298412	115.9656702452669	113.13776931200049	115.90218202013507	116.13951225175109	113.86756321480891	116.13709806244735	115.8371821805999	115.18205620368829	116.89421515319567	117.7686939366542	117.02629794831196	115.82675721996397	114.15586501153383	114.06989125762723	115.58668077884792	114.40735362975448	113.00097518032703	114.26958864355841	111.87550831969621	113.54843876706414	116.53163317612278	115.6092971745622	114.93452504365182	115.62251076712835	114.11336719363852	117.58114094974304	113.84906270280558	117.10217630599736	114.30526058552356	117.06059399006263	115.87445778884312	113.46654796723685	115.07371560651126	114.27239021903644	116.46122107225655	113.63497161177725	112.73223981250389	114.47494213780536	117.44872674558395	115.64784076704197	115.23807603671769	115.19942349863207	115.60125913100148	113.11376289560434	115.57697119904694	114.77729189421986	115.70730290103809	115.95739262864484	115.31187792976684	115.05015166841763	113.62070857153842	113.89362408157447	114.67991726352473	112.40716937172846	114.83156161363212	113.78044005812941	118.82467895017089	115.2245977121794	113.92166714780282	115.48645690775489	114.15778248246335	116.00114762604775	115.56895070742985	115.73115524890275	116.2469894124207	114.47007154928879	113.78378148328021	118.40817229815208	114.64955307422441	115.27980135969624	116.14121708436343	116.30520160420183	117.62955861452707	113.05936512195919	113.44699547141302	115.36488694079856	116.8208139605981	117.42893136285089	114.1465979516059	116.00995354316629	112.52252970995302	114.66395091883068	116.24862449998145	113.95770031095924	114.02268044325159	116.78333563724534	115.06835517917203	117.74989953705264	114.03560996801696	115.50073276012726	118.2214965274221	118.09688780532629	113.44655279551203	117.12399700828169	116.71113524885094	113.39221704473675	117.80193263922865	117.49657633759328	116.87598663699302	115.62395030327718	116.12006289548442	113.16659090813273	115.15542288185647	113.67830793366672	115.3233063316024	115.72301612762138	116.19158627509535	116.44203435583681	115.6964178852049	114.84154340090929	113.7699619237064	113.47430037715009	114.5025822627831	115.40106517713777	116.12101452859486	115.33103434141943	116.01392533518272	116.16697803519105	114.87734535555106	114.3290069117449	115.8409214662311	114.0468620388775	114.91690399630816	116.28634950355777	116.77939149366857	114.91846895035849	112.802536976099	115.1609950866659	115.93401623420225	114.01670370737912	113.80247680293678	117.29366971549014	115.9580128925754	113.48684173271373	115.15675224132788	115.68306454787218	118.80635905167813	117.21806088350453	112.16437904638211	116.50002451455927	114.94886157016006	117.06809849510363	113.82155352252151	113.03630972130453	116.75850746059723	115.90849605118055	113.96819030378725	114.31888993988393	116.99750795115696	114.08558408461226	116.44722771353304	116.36524115554455	116.40069249023131	115.96287578521296	114.36186424036502	114.16681865064525	116.31666498152742	115.47070056596651	115.79022603416298	114.5744634127975	114.70472991430537	116.99946709685783	114.17182558504766	115.67048406287972	114.37232120499097	115.28336254391829	112.52641227439645	115.34469210418973	116.76408412312416	115.35510542392745	116.46444456621514	114.61491918183269	115.41639813725367	116.0500356135261	113.57577034209964	114.41678284743622	115.92727263202953	114.47855198235497	118.52587150420958	117.73164282734686	116.00136818570854	116.80020135106048	113.02709684959237	116.02206326869121	114.50760012064258	114.60740469640426	115.28960896523671	114.11259228082172	114.41686442753868	114.81493197140107	116.50482813068399	116.98298431881202	115.7787263772978	117.17040160590838	116.93692212313688	117.87878313559494	115.97628375293507	114.73538530546061	117.36621004089042	114.36950141002929	115.80913418497724	115.94559987053364	118.36488229349746	113.57348611559428	113.20145619757322	114.70850767510382	115.70876372383279	115.67588010020206	116.09667236953902	116.2007711045381	115.32470602683877	113.07137176357016	117.35643637796608	116.93840976645413	117.5222547823475	117.52796877823891	117.15358269650267	114.45742765688306	113.49939213516936	114.88929133362373	115.34539444470923	113.96460780392039	114.59210474742319	118.33259108574269	114.62496589896296	117.03993571809424	114.93145326777753	116.71931440977426	116.43135997707796	114.35684045412162	116.0603933373428	113.39385060909844	114.00672415557285	116.40089485954657	113.29353832111246	117.70701158433651	115.1190540663646	114.81302601258622	115.96208846619336	117.30321225369244	115.00846556151174	116.1056052753638	117.93312501196353	113.62340365841858	115.2430489516419	116.704973830444	114.60103505521754	116.69587112147377	114.98737220271937	115.70111765932427	115.17554431295189	116.0233496290013	114.86871421353841	116.2769662196006	113.77699611547052	114.63582627602885	115.09805021620497	114.88988648820283	114.48096203133719	113.59220837606487	112.3598246718236	112.43855457655246	115.57285189980375	114.75000429218979	114.4991227087568	112.93880501705704	114.21845689947715
113.33050383998419	113.72047000923958	115.2236391274978	118.26860993443242	113.70648342366786	113.97933061142838	114.78576304645432	118.19289606193816	115.31495371551837	116.21878768636846	115.46901087178055	116.22324642596156	114.1460069087549	117.43921817487019	118.98348739044577	116.02084614362931	117.08994093969706	116.59401714002612	116.15708613505726	116.91601336156204	115.6513207731038	118.00516676386654	114.7417200747306	114.39085529470552	117.05179197714185	115.680398813705	113.6624841810046	114.60875701549111	114.90550176631984	115.97969972485114	117.75770580803778	114.8631122550837	113.50270054474798	116.28452269213803	113.18369636735956	116.14564203424507	116.56557643868237	114.02295390729743	116.19518754927093	116.0413720746624	115.43153820249394	117.08585396903005	118.06261387382663	117.26889193251601	115.94102645971205	114.68060187068608	114.34530211562316	115.68173833117164	114.56658626107587	113.21837826415613	114.52942946196505	112.05856448109634	113.99497163830016	116.68364694373055	115.61434147438943	115.3639693696676	115.72552735114523	114.22437963692497	117.6655691809925	114.07157762214432	117.19528716093274	114.38933474571428	117.19261289868027	116.05259537669751	113.63697074662345	115.35489844562173	114.44002826073255	116.61679338458258	113.91132608239944	112.88792396931991	114.51951776514814	117.49285406946669	115.78076350837155	115.68255681968623	115.58032407281418	115.76793780615318	113.19345464318737	115.92713993482852	114.96509953416383	115.89782394658548	116.1233488687484	115.35651371851628	115.33024333062804	113.91629218250243	114.01241759071686	115.16997999823131	112.46781050077266	114.87679952538227	113.96495333472431	119.1009031272055	115.43203847222183	114.46332286981084	115.78781751749742	114.3660995384975	116.5579794977527	115.9712693181458	116.00773855348454	116.80447392297398	114.78326039236718	114.10878044256904	118.4360617192328	114.89751064601309	115.35082461218906	116.36988304662262	116.46646248032846	118.06538836599543	113.34465573566753	113.7846824892894	115.57213756056849	117.08127355827962	117.65736615552264	114.55492552827567	116.20514142142332	113.05860055266389	114.74349000098663	116.45711019507301	113.99689425305114	114.24315228898283	116.84928462618731	115.34805044148409	117.80650360565578	114.33537276367139	116.00886894467156	118.45911137936696	118.31852314172703	113.62353001607114	117.40280296751976	117.2030583051188	113.78775033995372	118.19675989153292	117.55325058350061	116.96257291575142	116.12257799513463	116.27743023948005	113.38265013563581	115.3621301659301	113.7638217345929	115.54161180069791	116.01332789743583	116.34993967853498	116.90735483118844	115.90308472836473	114.99852697269655	113.98054250081685	113.71197122985964	115.12413949196913	115.42496344947793	116.33770136130248	115.73915508546537	116.06696684483995	116.20336615691683	114.95342735405525	114.5014541140538	116.06178122746515	114.11275955035396	115.28178868774867	116.34906829149132	117.14544835413291	115.01346266167778	113.0216175882103	115.34472069118824	116.09107262488351	114.08232103569117	113.9622169583263	117.49317574298529	116.13370005699781	113.57559489157484	115.19010361425622	116.14074203485409	118.92480064597476	117.3818451333873	112.53768894258008	116.59583031907098	115.07391340561756	117.31761164836772	114.43171832971609	113.31290899641073	117.11696932914326	116.22706923643224	114.22719737032162	114.46966692871003	117.32611366187132	114.29499699327599	116.64132153052488	116.45155399865074	116.8001622880271	116.3301821844873	114.43861630281457	114.5899333905028	117.03923381914248	115.78726012247506	115.83670620337438	114.77643845913913	114.96647027524422	117.22380339195753	114.25159566738235	115.93657635827836	114.4744125108432	115.42398033786668	112.71333301996371	115.47184496039779	116.94631929575513	115.5677100863343	116.66192204159356	114.81239525073879	115.53411679230294	116.19829739595713	113.6770287168659	114.49330128314305	115.96184210618787	114.77117196139606	118.63524951152074	118.01793508454104	116.06103118808741	116.8181950456744	113.2807311213821	116.25103574442497	114.66410973828363	114.69978862332505	115.33700201728698	114.13422920394842	114.51595484636168	115.13318954979059	116.99520595161347	117.12119323451283	115.94026499987946	117.21951915521143	117.14228803668395	117.93454200021834	116.16197310007469	115.22791912481802	117.67386177530955	114.41793116649482	115.87163857751685	116.04175269220612	118.53100283313773	113.99498946521173	113.77620804482841	115.11813557357588	115.97578089739258	115.81155880500091	116.73622745824797	116.26397582349293	115.44479099884626	113.25035050807328	117.55262788991871	117.28957681871863	117.63309530218396	117.66440879697821	117.40515994963752	114.75923912456837	113.57545877262531	115.18105803947674	115.87881721467248	114.024603011438	114.7778072835174	118.46672859684737	114.82633835880432	117.14093192705437	115.27850815532138	116.79469287031183	116.77063001598322	114.48138975695905	116.42411078336089	113.55505709553846	114.4365999938729	116.54915297638327	113.58866164712332	118.00313779224285	115.15545925643389	114.97149996467931	116.06909254273573	117.51486497479414	115.40534879211653	116.27504751517122	117.97667957926403	113.66704878066221	115.40995490334363	116.97612423754522	114.73313353290779	116.72476907775557	115.33145136368083	115.96177395398779	115.55071025393305	116.31070503767823	115.1037445669374	116.34344564884861	114.10742343634205	114.82653521054178	115.29116847986757	115.22150509813522	114.74613668344358	113.86495029802599	112.78275223760188	112.4938253718313	115.88584447289266	114.90425257547847	114.51861907393238	113.16826054035103	114.89246786505709
113.35520340809178	113.78618341720454	115.58049003621976	118.31447319421943	113.90482379017372	114.09752777718545	114.99318371660479	118.36569321283666	115.85569193278285	116.54404007346072	115.7343414243717	116.56962154366653	114.37596321349321	117.5500714139373	119.17297445648242	116.26649473490696	117.22808405543792	116.65537865579198	116.27294069629025	117.33318941353129	115.78003709097416	118.25102827393218	114.99210237793638	114.49966432234834	117.24535525206609	115.89197468290993	113.67781051838003	114.63343091846232	115.05209314176027	116.02980048174508	118.0605144217573	115.03371780728085	113.69363841133995	116.4687504562331	113.35483768682394	116.33828324076396	116.64591161396956	114.04552263921492	116.42629796341633	116.0793812226745	115.57494079056114	117.10369740811835	118.38681620503338	117.41724778434927	116.19700058762068	114.78468455486411	114.62985255224523	115.85300409454646	114.85180539546535	113.40933802350821	114.58608214232298	112.1773175093579	114.14013631248108	117.07007408975545	115.87188195667603	115.45018233575524	116.10796639584191	114.52641865194748	117.87113695567857	114.10734853270502	117.477041528393	114.73868598356097	117.65758851755565	116.49571221153784	113.6790139381739	115.415370421644	114.57503555957753	116.81996352729124	114.05464340557285	113.0547455334941	114.75863937483028	117.72964971493452	115.91491385487534	115.73380622504037	115.81699005946645	115.88059659618845	113.48771348601677	115.98458225893246	115.08901625454926	116.13652271451178	116.31387167064871	115.48607497507545	115.38038976221324	114.21899925216643	114.24062305594452	115.40915804579278	112.5390912538338	115.04461210136873	114.04056493551435	119.35485914403411	115.54351194416277	114.53946408217519	115.96756389271562	114.47394369103854	116.7705930978972	116.20691016620151	116.1135156904061	116.89384754426112	114.92191134802555	114.11897866773178	118.78495920575135	114.99196272188163	115.53987061708473	116.46799347524376	116.78506852018596	118.1179177438433	113.54770654393054	113.87592976748712	115.6607004404596	117.25409834408343	117.7478640624678	114.60601558445731	116.3314825806896	113.11622625645663	115.20354727012406	116.51823786821694	114.27026863102942	114.36832836404017	116.951421401715	115.50313324599816	117.8830696558453	114.37748660011286	116.15072181196568	118.49192588922885	118.50849688747662	113.76158629012431	117.56158054667628	117.25310556392354	113.90572886751586	118.23785587743161	117.77222223195815	117.29995543710739	116.2657433742268	116.4252701140951	113.40942958231369	115.74850336364896	113.9973413373593	115.74829444545121	116.07488894318753	116.39869430378666	116.95335743353043	116.06379464234546	115.19257218915352	114.18641908556619	113.78194877073031	115.17125629021336	115.60154641753482	116.86074990180168	115.85458542369695	116.20392652736871	116.53040038387668	115.1557703219974	114.8343653689209	116.17528765596268	114.2579999799444	115.5240635492813	116.98609086285268	117.16890995458179	115.44840560835655	113.13847862563635	115.64246867217258	116.34401914542718	114.20515641364665	114.29407404391988	117.6291639522989	116.32909993020577	113.73248038709983	115.30929508532414	116.19387691925397	118.96374749683346	117.43998142932973	112.6696453864532	116.71727617820395	115.2874747222587	117.4845489621349	114.49948410340247	113.43032669932593	117.19831036751647	116.24415180910496	114.29162442686912	114.98935374526815	117.34414360535948	114.32891625081305	116.87017782441004	116.51860634877653	116.81596777194247	116.43661173136279	114.5867361428896	114.82059689201368	117.07929411785766	115.9056119221078	115.98999161011382	114.87602374068544	115.06774814605859	117.32773595377974	114.51672141683467	116.1611440531773	114.67035781633042	115.46140399733983	112.94373293879092	115.57381963895335	117.0399076726824	115.69361113518795	116.7145607260315	115.05481326888845	115.67830265073708	116.39383367529541	113.88479223587919	114.94101701801279	116.2946340125323	114.81282988887132	118.70380001107911	118.1600068242569	116.17446435665303	117.32873056622688	113.31159775929159	116.40328273611271	114.69455330682108	114.77396853878108	115.45508360972546	114.30591057050124	114.81146088222226	115.28402690631428	117.36415328035042	117.44306246157693	116.17724323467824	117.37135667562593	117.29444977702337	118.325115846946	116.35312608142596	115.39377739012444	117.69480711898527	114.99225815852787	116.40564405037067	116.21550172617127	118.68136017846396	114.15118873731126	113.80166513366893	115.27131825712324	116.1635730386688	116.17114871386882	116.7713965542585	116.66381662224416	115.68592502321846	113.50870983248049	117.66565613628885	117.40631097263025	117.69953255154883	117.8977672568423	117.49474789050774	114.9005325681182	113.66077512523901	115.37483391005524	115.96915118303276	114.32124027499948	114.84079370417892	118.53303804984236	114.94513324448221	117.21305078966705	115.55497879389634	116.85848640405455	116.81824527356481	114.7457456123275	116.6567007548076	113.7722862506032	114.47401169809825	116.76573860266419	113.70377579733126	118.02034988206218	115.56194760874773	115.19811268889654	116.28772308237538	117.60795492308426	115.52897713838762	116.37366247031603	118.02319142735325	113.79659367684228	115.46009362526938	117.0247273759613	115.08080288465742	117.08031622266691	115.53394240423694	116.27415907130398	115.64086595694387	116.44033446256037	115.21856067775033	116.82049336227963	114.17788351439526	114.85027861070307	115.61235297576238	115.25366676334245	115.12317316542912	113.88863551705045	112.9763958518661	112.81397517724538	115.95209408424803	115.23628691764398	114.67428524488211	113.1928427616707	114.93461265102286
113.7668550476957	113.9724750732872	115.98064360290992	118.39554950237529	114.12655885524045	114.68392006319438	115.23648346112486	118.59116624732191	115.97193763384392	116.63243420577787	116.05845488508004	116.77978663303782	114.64789898786897	117.88328394708581	119.21080285840495	116.67022655136543	117.51599997979835	116.78666765504353	116.41555916228913	117.47162946885634	115.97020381086618	118.58201463513029	115.44259954519251	114.80698048914591	117.55515472538777	115.98551622975927	113.82693460548172	115.06671469210076	115.3354160159161	116.33272757325722	118.30140875405529	115.4232479157505	113.95079220022771	116.72295649807279	113.43141702600094	116.64076168075415	116.88344555737186	114.33908026901803	116.80582186297187	116.35162082900186	115.76148147170063	117.38650025984361	118.60533156084836	117.51725988682026	116.41352937833663	114.9470374133064	114.88115077253894	116.22296664791787	114.89045538537923	113.42786538202927	114.68503092939511	112.24748533862329	114.38513972103188	117.07774310061343	116.54049681666288	115.5293572348684	116.2890848134184	114.70877814090225	118.1364612542176	114.24402311718816	117.74711290758842	114.86767165725131	117.66745065549186	116.7069236797509	113.87327385841151	116.04319955141463	114.86420714995636	117.066676369712	114.0963195297715	113.63960856051759	115.15425681248345	117.93991921662362	116.12330261572625	115.83081618450666	116.06519849115261	116.05643031940076	113.69018071483104	116.16684406507628	115.195072321348	116.466325402231	116.5383905360337	115.74714155586098	115.86789574026052	114.35334765277321	114.36732739935073	115.6069445120206	112.86472071063011	115.38617776224622	114.34052046614019	119.52216877079589	115.66991861974537	114.7185836701262	116.17309189817352	114.66605502765447	116.91477373383303	116.28171721097306	116.262381570565	117.01973837781597	115.11907485964862	114.57522984953201	118.93828845011262	115.43295954242197	115.835767972019	116.70530271917592	116.96919211306657	118.28134699819765	113.79920338849428	114.12104648888136	115.99880926868096	117.63141468020692	117.97610566757336	114.9399417981407	116.46230876816702	113.32798162765684	115.6375277488476	116.8371728961047	114.5899662534539	114.6904218626971	117.26558961865449	115.69198537318731	118.18557698613641	114.40201147679775	116.22433672408168	118.7775436893151	118.77096537725707	114.05071971614692	118.05434238114523	117.44650897336454	114.04386643024743	118.47167340143783	118.07054199487655	117.37745441031355	116.42902674949437	116.73298870344797	113.6271940132427	115.81992608071798	114.22842683780338	115.83181116587419	116.40763447753369	116.50714554073593	116.99168299964371	116.09801809012774	115.26069275240522	114.48995020989125	114.01393684431999	115.47317830371334	115.84118208530802	116.95995586292811	115.9383657135272	116.28550321083273	117.11385001597442	115.39814995287753	115.08912538000183	116.63697523210013	114.72615427060371	115.6288184115227	117.03818452397509	117.47124861945663	115.71980449798076	113.31756701982772	115.83688655084471	116.43502591750891	114.70846467500643	114.51875424200449	117.74954331630316	116.71045151687396	113.89597214292976	115.47059693229554	116.3591324478153	119.23415701272137	117.54570825093046	112.82306362037838	116.78476243563593	115.52329777552757	117.79779334689324	114.52850781349258	113.68212310289937	117.6285690749664	116.52257059230182	114.45905197800577	115.04298540469665	117.38072896461462	114.44396538801415	117.13012703501856	116.59545626999265	117.06020700410906	116.53558504482474	114.69133887457907	114.93127742063257	117.15215577579015	115.9640593117337	116.28015665532598	115.0599920293193	115.62932505063552	117.5273377614771	114.55028954619499	116.33127533265677	114.71448715374534	115.76620632743489	113.39610943757405	115.91112626516646	117.11213488018943	115.8463020211256	116.83952325580077	115.27504305521538	115.82960139255664	116.57317403343232	114.2594201884951	115.01897908414507	116.494695209533	115.02687067241935	118.88385713649812	118.63036594359775	116.20130933373281	117.42886218151902	113.4944646670117	116.60305267718276	115.03940797309527	115.29349732157046	115.60797165276752	114.70442945007558	114.9211884449372	115.41386922352166	117.49479401084501	117.67646110030863	116.36272215831384	117.70002380421727	117.60131971432381	118.41197541347807	116.74856884422583	115.47053318312064	117.88291359274128	115.21462668057075	116.64299017095733	116.70135792179184	118.78444373107705	114.25292255207948	113.84627860599596	115.49153433207111	116.27703893639637	116.27446147891969	116.82728020889869	116.85721131789629	116.06226219447643	113.7389226642205	117.7567608160805	117.6852431615542	118.02246322278559	118.30539655585468	117.61708034858172	115.12347614457111	114.0465707280745	115.68533463237114	115.97600696273217	114.39249647774103	115.27321696723371	118.71014444234352	114.97290595224139	117.44109359518096	115.77983273836392	117.24880072081649	117.15380194516935	115.17921614568947	116.8464240546212	114.21221301985095	114.64380129771463	116.9467026185372	113.8408576393987	118.044024664766	115.75554053703604	115.56933223726656	116.54447228964773	117.68126553053783	115.54871688433283	116.46841044665551	118.24437033201164	113.92905539143403	115.522242696585	117.23676871251801	115.22948302248336	117.34807502876751	115.73102467083447	116.43483487729944	115.71188696380455	116.77585270963093	115.30255483818453	116.92452027156692	114.4680114754535	115.17290284009005	115.79610157028499	115.43942117583337	115.2286201342371	114.32359272096984	113.17439259340395	112.96192859541456	116.17736548851191	115.63454336689246	114.95351480154469	113.71082864267896	115.10925080864315
113.78058838995203	114.1068369606765	116.07227054641366	118.5642382170393	114.25847289253839	114.76157735381571	115.45727129367997	118.71567144648162	116.33462117109958	116.74122818002068	116.27165958753278	117.00136862843715	115.08176125589318	118.25496190409481	119.28482765631578	116.68186119237924	117.93896272332313	116.84640192623196	116.50180112583656	117.73433498045034	116.24267842135411	118.72972457166014	115.59022601738266	115.03964063866438	117.8062428724457	116.48118598900251	114.13904279418267	115.11628757362199	115.63614080574365	116.41544724184944	118.36958943099823	115.47817034573006	114.28796183864058	116.9499711678362	113.87658296206052	116.87422589559749	116.97574093548658	114.58892915618908	116.91516435088828	116.63490113786158	116.05978091475436	117.61069854919097	118.65430670566313	117.8274608639897	116.60893530386005	115.02346224851424	114.97404652176638	116.2545923556621	114.97778247587185	113.68316834185636	114.9138362698111	112.7152504668325	114.47376774989313	117.55397252566861	116.73036105876649	115.59449057503359	116.43683354054669	114.94323128843791	118.34788359105933	114.4113805602608	118.00525528532435	115.27645811139212	118.14911126491471	116.88053827772335	113.97282826232626	116.20999840796792	115.03390192665165	117.31459962434606	114.16751164211266	113.97570119771581	115.37274892143841	118.42447589086629	116.46966719098795	116.0001901783819	116.09778245590147	116.18357959272339	114.12879881110906	116.2866928953312	115.32699572363329	116.59757618105513	116.79092701068342	116.05936764679709	115.96504491669535	114.42425785833787	114.7398947808403	115.73651577725597	112.89192512709293	115.60167353432004	114.62655021359888	119.64648445032114	115.92561100348178	114.80251422045598	116.1752642017447	114.84202467319597	116.95390047893902	116.4652494023813	116.40694231626262	117.12611657588268	115.48856576957839	114.62016874431059	119.05950092674219	115.54557174450267	116.081841482563	116.91376121141879	117.16547119171292	118.51584142677616	114.14750639114932	114.32727495642781	116.3147505253321	117.99615411254797	118.26751641061497	115.02163777561044	116.62834921770012	113.41006759964048	115.69360675020202	117.10373267324535	114.8254286855884	114.81936709646996	117.49688270395887	115.96676093181762	118.35182206138164	114.58440735093862	116.5513871896702	118.96499159446088	118.85433433249865	114.09976698351922	118.10516373166355	117.55042081970934	114.18681836751875	118.5998034472994	118.3896877614249	117.54743301798939	116.56896947371293	116.82446808519772	113.8612736339327	115.99622580819772	114.40371067663958	116.1436453447145	116.47212394508277	116.96075513123465	117.09992885824862	116.25029052733345	115.4426986280872	114.5903034870301	114.10096538844878	115.53589047873454	116.05692946010677	116.99556106094154	116.13765346127573	116.5308902225817	117.19636733936711	115.48479895258976	115.24675681973636	116.83780904908045	115.00097499433015	115.65273889775361	117.23776698357194	117.69751407426351	115.77039827775745	113.76312464425568	115.86245645616528	116.54133966852359	114.81080022160623	114.6513703800736	117.83253418329635	116.82709678980129	113.97153976353817	115.67013789875615	116.39417068102371	119.36777491595667	118.10675240819491	113.02433218181527	117.23960586777996	115.75597088157612	118.05671412464083	114.61775805711078	113.80123938056198	117.8863602502211	116.55130417462996	114.56885167418817	115.18576369467826	117.59750656503276	114.50761511634074	117.19096472719185	116.7253976910627	117.10006192317213	116.67937484426044	114.91859297524329	115.23803113957024	117.20043140130295	116.27305560272764	116.4903720234179	115.39385097750065	115.72149837955133	117.69233302731939	114.89273158179716	116.44833677931557	114.92347379998132	115.78344803824774	113.59125028503959	116.23098917795468	117.37431957924986	116.33662402609879	117.00796012367462	115.39049208470176	116.02776592554142	116.62839419733533	114.41503910987514	115.3474702567754	116.57855064770428	115.22171078535382	118.89314326752846	118.7788531471457	116.43830067619065	117.83358435328822	113.54003327114202	116.89978682039819	115.30289133577527	115.53118379625239	115.78589340502961	114.8437829693805	115.15636746378411	115.49635284458837	117.64770511281476	117.71875652568859	116.5713791738062	117.84472961899928	117.82968840819011	118.65201491697388	116.78940059262054	115.50625011541136	118.00908097402926	115.46743433998141	116.8917509792647	117.0826019118582	119.00871401501563	114.42980639615665	113.91957583626328	115.56614862851688	116.37708686684773	116.52022365788598	116.8936916003502	117.05004305025918	116.2335273249702	113.74976650757797	118.11595744942419	117.70279415630607	118.04274872403431	118.35828650702294	117.87462722735705	115.22541049097514	114.20286235880413	115.71915939998331	116.03777629337993	114.6628770532105	115.53634764201288	118.84963851025897	115.16714897721101	117.62379990497577	115.92397264370022	117.26419706235411	117.19326547730988	115.22559481159907	117.12129699910616	114.3382972121666	114.75611952990737	116.97155320688218	114.09736778729838	118.25266805906284	115.95599259887315	115.61689078646828	116.95003785248397	117.88668108061017	115.59109073496641	116.69915757048337	118.27298925205426	114.3116532217472	115.71893310141591	117.5256093991863	115.40816421060161	117.39967277688484	115.80156439236588	116.54100181892268	115.81171529404529	117.17321669153948	115.4711761650881	117.15282930293716	114.53001044533944	115.24202674860655	115.92631459701042	115.58922249039706	115.49311816468942	114.36165502552119	113.1984403172136	113.2440011282514	116.20615152683087	115.83591554866275	115.05151601117188	113.79495085240384	115.1790259392924
114.11288674238925	114.12690513550626	116.27481787306442	118.80946647426677	114.39545611373354	115.00038729068388	115.49316972035511	118.92179585693954	116.4811099919953	117.0860292110532	116.33461065955842	117.092127754687	115.1597878831492	118.28718701189936	119.61104148954453	116.88695305144354	117.99770023941898	117.03333353884186	116.64625374917767	117.77137544561647	116.2996874952675	118.84765463877696	115.62990423423491	115.25795548431293	118.00263177095687	116.538943483395	114.1926306137093	115.42452366645006	115.89820219463685	116.62314546539167	118.69503670505134	115.6807390281339	114.39714101834046	117.0970902295053	113.93159301542305	116.92598831013031	117.30455957383037	114.62508578253676	117.21316625220796	116.85891057213796	116.38661022698837	117.66867063518326	118.9192043490955	117.94517807232315	116.81026464374179	115.44036945796509	115.27859541043551	116.5579098798504	115.1371186955009	113.73993650873894	115.26784413346316	112.75137715182053	114.84539361261679	117.57173237067899	116.76325380270667	115.87490694671989	116.64195833710156	115.2199017223141	118.35484999759991	114.71848998814653	118.00935719681593	115.47490234137904	118.20261343012845	116.96554317434826	114.12376996591412	116.35157822385993	115.10718407117959	117.37454341980803	114.49733979374258	114.0745170319194	115.46538017984253	118.46437407877757	116.54671652000206	116.08731091940737	116.50099021431922	116.31096107656406	114.15168670570587	116.4586741268053	115.57527000553831	116.70598653404159	116.82924514832563	116.26882198089517	116.0014580018877	114.78826871912779	114.84036903593203	115.74968275269856	113.00082586233741	115.63714340527012	114.68285778059384	119.74333669879992	116.1291915495652	114.97686423763625	116.40953521860536	114.98893624235986	117.27607100734669	116.72959794223713	116.47210392832044	117.39797922595508	115.59592074136992	114.93523070242713	119.35552486165588	115.72776047449456	116.34151683328673	117.18018077062108	117.36326611140886	118.7048315656404	114.21045926530486	114.48234111119699	116.44139622238619	118.14639197174108	118.28116671287727	115.36204283247311	116.81560165012226	113.6453222109358	115.74623270801156	117.25669533201248	115.06512404710061	114.93217333546029	117.64260144359562	116.10511139788645	118.41699870515063	114.81194781185926	116.65721161179269	118.978445331813	119.01412273336881	114.46267770540518	118.25513211737758	117.71336316573601	114.24091354913097	118.65213166097553	118.52233476793434	117.70804647358584	116.70371036995854	117.07703396114727	113.89457980899	116.14715131180598	114.6586231031208	116.27045288713191	116.89410465530734	116.97418834431375	117.36391508684721	116.45155731417287	115.6623145501521	114.87128441360868	114.19681024924523	115.5468268879276	116.28031731422776	117.14371384849596	116.32751401218317	116.64687077625979	117.33488501200117	115.75541717869322	115.28165645774082	117.07576922012802	115.1041748445563	115.84266551917635	117.26889331197764	117.75892197212247	115.83849376092677	113.79184413528215	116.2061668767455	116.84625270244135	114.95185826981613	114.80792065814468	118.09956109791896	117.10065569883935	114.19395440927325	115.83598786467417	116.6474964737686	119.51002728399487	118.14058527217969	113.16023036281116	117.36286472389642	115.90850596685777	118.10379511289446	114.893719209828	113.90123219240826	117.92351524018304	116.93640952974651	114.78330014777845	115.23081067888509	117.82872967481713	114.86360944318571	117.47838615154424	117.16761536492356	117.37708445820671	116.80741787484365	115.08419188711682	115.34727049605395	117.60810289651471	116.33630734110261	116.54043835162226	115.43577346453725	115.87316715570928	117.9583448641024	114.91421748823193	116.75940535684354	115.04405860103238	115.88455258547916	113.68077195642051	116.31591623742493	117.53843294834066	116.44876096272088	117.41941069047103	115.78218753728542	116.21005915816654	117.07539115278608	114.68665413526752	115.60417023589513	116.72790460036705	115.56180094391681	119.17409660718728	118.9429616149401	116.89051822465005	117.8879309154804	113.96305437275022	117.02781496003527	115.35682330705725	115.56066937793803	116.13110747078674	114.86750270109688	115.31214359068726	115.65625660588825	117.76110364197288	117.99165085692586	116.61224485634247	117.98255441054303	117.98406365241706	118.73640348060141	117.09478062422191	115.72709856512654	118.19517694528756	115.52781932308082	116.9260262385333	117.20094240916258	119.20474469330496	114.52194054710885	114.21170714726777	115.8212509620832	116.5302594520784	116.69364367658935	117.26474530701579	117.43784442735314	116.32247953419505	114.11600077123235	118.28088967030381	117.8844732389915	118.26796133334545	118.52293453486155	117.99610615280737	115.43994302776495	114.35244568218877	115.85418872310717	116.43897708499163	114.70386567041061	115.73311087170391	118.96934622565969	115.48509735737026	117.76451473374264	116.0251287609103	117.440308201451	117.49204351504197	115.42830000482842	117.1431821362466	114.51975310072744	115.0590449359996	117.0948812678161	114.18242418841629	118.51578058127382	116.10634636371118	115.97035022072515	117.0113304163731	118.01252590790209	115.89253170367284	116.95342520182865	118.56884643576383	114.46103661893899	115.79898903728724	117.63559748616889	115.46840935144506	117.70077579758548	116.16164378171361	116.67331245803659	115.92549902532049	117.20668180878737	115.67548986893826	117.36330639968723	114.83408832209632	115.45429982410573	116.18774765966296	115.87475145455599	115.56549846433754	114.64616038763474	113.43372404393122	113.27873101334981	116.45060086564787	115.8700820806043	115.12853584159329	114.17042868112247	115.4425976620224
114.13085825662652	114.55817699267882	116.45425181463192	118.99466350669476	114.43918882476389	115.06856301215721	115.7788654129077	119.1300842824681	116.52871707650287	117.21597052743493	116.46870241057474	117.12788712254404	115.2114931755684	118.39674041401469	119.70270192499682	117.19514476814844	118.16039365698082	117.3816650480725	116.89786083938534	118.00015397459407	116.51797133575849	119.10555388814832	115.73472328837295	115.51881955240391	118.02444812879943	116.66275893505316	114.44684897870908	115.53515790291794	116.05477035724009	116.92093007451848	118.72860943814379	116.00110010729513	114.43971032756458	117.16286798929256	114.17323043109351	116.97960807786912	117.58255605238095	114.78303995480182	117.29070738438996	116.8741062609043	116.50976566147325	117.75610983548519	119.08310805585857	118.1262340974187	116.85057786521595	115.58436463120536	115.3862706541262	116.77671359490114	115.38854160715026	114.18110030649026	115.44847542614303	112.91797558978554	114.88505142834035	117.66701754160887	116.80260816096632	116.11189612149528	116.8011322238778	115.28293563160733	118.5078308142659	114.93352138578108	118.1950404367233	115.54635422675862	118.21328970598117	117.00875880581764	114.2955040810864	116.42553492038286	115.36412383416155	117.46290709979802	114.66081366001082	114.10923507812531	115.6251727261664	118.58013126267578	116.58527654894415	116.42059667103318	116.66631237404349	116.5419370054901	114.32972986792444	116.75900722625134	115.82795036342738	116.94168301025715	117.16459588893933	116.39625547362733	116.28886852330929	114.83508482101759	114.98405456412472	115.86423270945173	113.43000902707567	115.69752198240315	114.68853300770962	119.93942331474632	116.36432459964804	115.05083251493735	116.68947085727451	115.0451182616055	117.46924961800364	116.87844965461252	116.6393738061796	117.55246517154355	115.62812357483901	114.95920149681719	119.45830237687387	115.76568577531563	116.3743913975502	117.3079447056952	117.41161869502825	118.8599050737413	114.32991928889206	114.70216007804993	116.62200577574863	118.18710004681665	118.51327456583412	115.52650484004782	116.89964905966413	113.91591067747366	115.87575034889188	117.28113004918711	115.09189434075805	115.04314620576474	117.6520193527673	116.283707712188	118.59341680063643	114.98255163291093	116.81225375238274	119.30695425617974	119.0747371717287	114.59042297527532	118.36143426590709	118.06137319954826	114.5757776746855	118.9919848229954	118.66131588977518	117.90026493832127	116.7315477500565	117.26173940671694	114.13039343252571	116.345104998356	114.84462321451129	116.43275872736194	116.9325541253393	117.2226764745925	117.57840658935146	116.6771164993797	115.82995345733	115.00463027343305	114.34091889798664	115.77810683492406	116.33076136424138	117.34020350029819	116.46211759970933	116.86746642939359	117.363314309816	115.85315687270482	115.4175035926655	117.13577232436693	115.20349219965448	116.08383476538654	117.50791762973031	117.91533084039385	116.07168600162817	113.93799253465492	116.24649544002462	116.89205938715752	115.0184859526755	114.86642252663093	118.32060723151017	117.183821778293	114.52989031296616	116.11774177251252	116.91841371359733	119.60974827340654	118.36135617984046	113.42722209958919	117.61311275697676	115.98760354201984	118.17897301088036	115.15863331576882	114.03745772677313	118.15112005584214	116.98320763880234	114.89351322750139	115.50236209595082	117.9959353978995	115.16270998319692	117.51032314730094	117.38379755771243	117.64692886723932	116.97087982546084	115.46666250349678	115.46147079996376	117.84590216612244	116.69640819849926	116.75361318227817	115.73921503156798	116.11069302302187	118.15313490294491	115.13560916556405	116.92297696764213	115.51591455535832	116.23916640914128	113.91223976082863	116.35300363309288	117.75842217131179	116.76119231554563	117.44696736069675	115.88904098155434	116.36258938766302	117.11033932939098	114.73289177982703	115.62403932630698	117.03302499808663	115.67281047996565	119.34174353982783	119.02359585009376	117.06302355647891	118.11194196075286	114.14031537321853	117.07179303253368	115.54452915149521	115.76855968608241	116.29215707053332	115.17156061313176	115.50966983215848	115.80439932232024	117.9476069065278	118.047937700788	116.7082940821521	118.13292704242674	118.00480540942107	118.92579576137378	117.13898039634178	116.11260235628545	118.25527202957042	115.63655662692142	116.93359895640295	117.29370642383067	119.31810220824593	114.83374174153109	114.42199957752237	115.9329476249222	116.69991780567506	116.92861566592694	117.47862315694469	117.44510191569593	116.37155392798358	114.27238724810637	118.40454835472704	118.04927052172778	118.5268038945251	118.58965278389229	118.10049965182759	115.62776043207869	114.47623993410839	116.16056048579615	116.5071268851629	114.80857746907307	115.78197896234558	119.17747374592237	115.73493749468784	118.01839492574453	116.12524484183879	117.67081876910689	117.71014511505429	115.52939924749816	117.36451956471501	114.55576226725339	115.34595900357779	117.38920075989729	114.23934340611817	118.62071203648424	116.19452191836506	116.1432324880933	117.0229753542251	118.26155178727927	116.06545804549782	117.26022907678271	118.81629481399712	114.68676774792536	116.14620939447147	117.80009473683383	115.6521562599863	117.7512218400573	116.23611214770914	116.98551726974583	116.1673804458819	117.25896369469991	115.85280344947468	117.41208132071182	115.03848552868783	115.51718049797883	116.38151407606937	115.97172892136498	115.80096046323126	114.67954503014413	113.739792714442	113.30551247887696	116.8195157215729	115.99755780797732	115.35705296309457	114.1896787789327	115.54899835927647
114.40895648630344	114.84462021872741	116.66665232451786	119.31813697444854	114.57428798040719	115.13909381371498	116.10503672363276	119.15706014122703	116.60124099982762	117.27251892993232	116.58660814798422	117.33054190879197	115.42463062304775	118.61023892840852	120.08282294578783	117.44834517367859	118.16977242942953	117.53196732453564	116.95836278536858	118.10685781577845	116.69154881019965	119.14925730573026	115.91658875777789	115.56763443642099	118.17066418712898	116.70146364229768	114.62133389789865	115.84885180362207	116.43528756093725	117.14624142964615	119.0595055732825	116.0618619259565	114.5900205868814	117.17580848845267	114.20389445634612	117.17385690351146	117.5940074931513	114.88213880627907	117.3594352655059	117.04562463013332	116.6595660079689	117.9337677284087	119.37888868284153	118.23019291067594	117.00664183986443	115.64518932241728	115.59684785193916	116.9436390332934	115.74887451307767	114.38341565910375	115.5944115030671	113.15482319673497	115.0526024532539	117.85093302514983	116.88903751003207	116.34917439306983	117.07690489832194	115.44625833072567	118.60975956112874	114.99918017284817	118.31821387145246	115.58811534910024	118.50839821329974	117.49415276802058	114.58837738542974	116.62024013996917	115.5854136137932	118.02805981673026	114.83622301628743	114.1638826278512	115.87783034412276	118.69339426865878	116.78119213858955	116.6996657962839	117.01114251259233	116.89149670211862	114.55419131458324	116.88947155031312	115.85279578475787	117.19229425164269	117.2678357881007	116.42249934185335	116.65916426409171	115.16969834977054	115.33588375996015	116.015880321036	113.57048248811294	116.27027487328071	114.90417090972056	120.00888117730257	116.38751171509548	115.2455982867347	116.87333097177661	115.37929904199936	117.67249607904255	117.08552486940319	117.02886960211873	117.84264912509816	116.1866928246419	115.33410649414182	119.68137797713945	115.84502600951373	116.45168237620994	117.43277890769549	117.44151359090952	119.06782743532779	114.46014824871878	114.92582509682248	116.66946781057395	118.50550674022185	118.5593516633805	115.56387349060596	117.02255088422812	114.20706012044042	116.08996736033185	117.49439865331976	115.13919106352655	115.53660316856258	117.86383933549921	116.37264789168235	118.65800457918547	115.37267397130505	116.8869411102835	119.42941835887875	119.49945382338993	114.86814589348766	118.530347398593	118.30859285315076	114.9295098939536	119.21095634191968	118.68361939287038	118.21106281481963	117.00673101960723	117.35783906297338	114.32956568190325	116.52610745497212	114.89190247641211	116.51305393300554	117.14274433686394	117.41471288031201	117.88254598346423	116.97931347597522	115.91309612175549	115.05034271693457	114.52169644115638	115.91008213302234	116.51394429844052	117.42531667132756	116.8510849158628	117.16000832411108	117.56231831554717	116.12931315361543	115.46324727524593	117.15568282651255	115.23972001212955	116.41546809378342	117.56444463448783	118.0779307608963	116.5009768248287	114.12120740403934	116.3207901335082	117.03077226540078	115.3927723480074	114.9073766198717	118.56225098729585	117.44438256383252	114.684803483152	116.19719651895062	117.1397852405025	119.83827612409759	118.38959469933023	113.73000279368257	117.62355652549246	116.21078283448013	118.40930852643261	115.42467568849577	114.13178631595893	118.38451258103952	117.1409816554313	115.18825466642372	115.888348291116	118.39659890535737	115.37896371103334	117.67829665482552	117.52541221442404	117.77618150954132	117.3815154631225	115.59496120704105	115.53214694359664	117.95312042970667	116.70480849054425	116.94811983068155	115.9042777540813	116.1334497965702	118.22420559549857	115.27059843139962	116.97996525879036	115.57270773403964	116.54922140808902	113.96121862948816	116.5788774054308	117.778521635734	116.95981756302136	117.66689557109426	116.19504578858036	116.71290855074055	117.21763727199217	114.97630272620884	115.76636036983288	117.26548576475224	115.76284164132858	119.54391239555615	119.21125579981377	117.20854902252677	118.17842232058419	114.32546810916888	117.38021045091486	115.7148303676395	115.99376772958489	116.30791924432562	115.30219175744429	115.54770605005997	116.0554499873287	118.09246723571437	118.15393989199741	117.06591074487244	118.35822702026235	118.17157288184546	119.33322958098356	117.49990988317927	116.28568803192141	118.66517209029298	115.81968356623149	117.14412069114464	117.47674456321246	119.44775720080091	115.12264144307628	114.53100780721935	116.35970494434818	117.07943590478892	116.97995069017801	117.50123125028541	117.6584666891038	116.65132502109792	114.49562643857686	118.46620137285686	118.34818294766897	118.67710916315697	118.80517552765947	118.39462016025267	115.90635193634166	114.8949172903445	116.4085635994295	116.66246367262676	115.01111241533637	115.85804968113753	119.5543129501372	115.94664592819181	118.15070987528159	116.5265959302422	117.73616048136732	117.74426976672386	115.74858794304458	117.51389449226455	114.8433834924637	115.3660286906039	117.60406083905822	114.65035779570718	119.05324767319095	116.4155818770001	116.29033225704354	117.09667420542961	118.39788415178697	116.15882578007808	117.30781292639858	118.93963453041178	114.72100440309342	116.16846226885768	118.05988818836158	116.14839268580457	117.96753824502527	116.56589596379214	117.13743988151052	116.36508689770001	117.4530481283311	116.17382517577046	117.51622668440557	115.18651118924062	115.79084790175624	116.48886002196161	116.30393729990645	115.91084943748463	115.02209650998692	113.88893441116942	113.54528687346348	116.88021798196702	116.18315023135195	115.72536783997892	114.21395811427435	115.76748368043141
114.637668583884	114.90148040335204	116.8356446241428	119.33963014987312	114.76947201282458	115.46358104073948	116.27438458978496	119.38775320881828	116.69938048931432	117.58063863668649	116.76710347309101	117.41462437256541	115.56902615461821	118.73096588339018	120.13940400820856	117.47952540306235	118.36137098082452	117.68357922744433	117.21441151912035	118.35407619535081	116.77797789937067	119.44147483779362	116.13416279597243	115.78484907529995	118.30921801407636	116.87170180407472	114.76141534432467	115.88219205353687	116.61805923785661	117.19010314485224	119.07507956787894	116.21772366358584	114.59763566554454	117.50605009533689	114.4794521170419	117.28742880145242	117.81170399561422	115.04930746513043	117.64135121084176	117.1696921454792	116.73846047931231	118.15085303007913	119.43812956465558	118.37415920509801	117.26877439294033	115.88826089579744	115.73998587383947	116.98680397723645	115.76873641609339	114.43355562019444	115.66530208810357	113.19382511336026	115.26215577429863	118.07398437320056	117.0659090937074	116.4639899947029	117.14952197864639	115.72175215118604	118.95330564059212	115.13890926381085	118.44024237417278	115.92471774362066	118.62087543925873	117.54133429422006	114.6590884939057	116.82415670322743	115.84368056816334	118.08723964996166	114.9742393759392	114.29345305835946	116.08875815183798	118.86436459673581	117.02209357870488	116.74322296924612	117.08558896454147	116.92367177558755	114.6877886547453	117.10065679257944	116.02245965400974	117.34666063261722	117.460844883682	116.72421159470082	116.69344323400743	115.21306842554378	115.36284415615324	116.14810627245818	113.73537072173067	116.35133830111391	115.05938487457551	120.27929456047026	116.51230837689292	115.43646086132726	116.9714965540739	115.47851288704777	117.72846042887103	117.22229327431727	117.16551574589225	117.89923567097073	116.25431866459945	115.39366661368683	119.85081253290551	116.11519315189581	116.55209151871685	117.62927165232853	117.7191391993556	119.19356603395464	114.54687674788855	115.03228822814113	116.73014736944246	118.5285087582544	118.76457824959385	115.81191054036623	117.18443674685153	114.2246783957434	116.26817892004235	117.58908461633129	115.23888807646233	115.64660973022721	118.0942763503434	116.56899986235787	118.97890970342247	115.41698062268601	117.11277533608664	119.67746439975527	119.61679356400884	114.90845291710222	118.70518902450117	118.35783291790753	114.9797350312556	119.3564790367834	118.95301889758706	118.35138367912076	117.20866133847207	117.54568273428956	114.40952680742595	116.78820769108505	115.16873311506204	116.60723175046036	117.27902333297762	117.5173308796863	117.97346123202337	117.00157377766759	116.19793814790741	115.32969013893852	114.65196699646071	116.00178282513251	116.88695913342846	117.82476307736276	116.90201365740675	117.34851252809386	117.74230051187878	116.2347068862095	115.8751809171742	117.5080744888776	115.59514477200179	116.48188695061604	117.85870777376158	118.10238481075125	116.51090674962578	114.2473234677513	116.56516457811884	117.32208579440598	115.47883788817774	115.2722923473216	118.61400732746814	117.59100652530016	114.9746458763347	116.31770726923243	117.19027163833842	120.02420183007808	118.52420251405852	113.74982513527277	117.79433383171329	116.43413897168503	118.48742792482598	115.49154606727808	114.29922693545218	118.49822873150826	117.3792198099909	115.33515458082316	115.95881061043458	118.41862611619142	115.44440534667798	117.98289763709471	117.56053194007693	117.94242624170893	117.3939212364956	115.61148914464637	115.747742342435	118.1396778744353	116.9242513213599	117.0352331986626	115.93580965819598	116.43368517929916	118.34411377933543	115.43340709209988	117.2707157174823	115.74455962175136	116.71705755683186	114.20667453534695	116.64873320400628	118.04225659435939	117.07604805140217	117.74490510870767	116.361284084338	116.83073858171994	117.47704749154893	115.12156461698908	116.03080748192126	117.38262675375866	115.97831040210463	119.72311297674308	119.35593491885759	117.24870502085162	118.34620553707092	114.42214247825477	117.49210256399681	115.96408023269315	116.18927041051349	116.51275008850942	115.59438492142081	115.88774194355851	116.1474844441274	118.28239261088852	118.47970353295155	117.32060131675843	118.46157691015314	118.22194368992972	119.37303556848526	117.52835006821866	116.38805634732547	118.79260374704398	115.8973691504714	117.30480358279871	117.55173414332492	119.67896867716719	115.20139004499627	114.8051417330195	116.45571885989014	117.14659400257808	117.31830629080453	117.80593557127455	117.93819878181266	116.79107451063496	114.70661600556056	118.71489806490507	118.41075044261233	118.86912358906463	118.91725553809289	118.50264248908583	115.98151371789479	114.92549605940509	116.42315394575364	116.95862518462464	115.04350873304787	115.97166352840954	119.74379728221118	115.9732787424253	118.24242374592599	116.57144960411836	117.9921830519522	117.97411111255691	115.94911870646746	117.63484202937909	115.01015618361063	115.61329117339982	117.75395870991112	114.67435122215552	119.06861861556128	116.57716807890637	116.41949903469278	117.26289984606261	118.54606428423543	116.34964953652116	117.49392909252714	119.19953059161962	114.96140644942129	116.47826145132886	118.18777344954687	116.21225783920654	118.16037258255672	116.59679491492496	117.35848230508574	116.57200138162469	117.61822192125622	116.21097133575724	117.62691780659219	115.32707795555231	115.93728914909516	116.72889019257741	116.31711323852183	116.23501731990076	115.20797260812411	114.05432130081084	113.59061111196444	116.98196417151242	116.26875493663567	115.88345584359185	114.56369514977548	115.9080807259655
114.7379212149805	114.95710046583842	116.8897481186845	119.45883247205886	114.85583480243918	115.49150386384594	116.3097929251393	119.451896105146	116.91220026764066	117.71326696819325	116.83246992684595	117.45047437531207	115.66393639123693	118.78042198451772	120.22891614825079	117.51894006423055	118.42296622330281	117.70509335754781	117.23746577255926	118.56550581896238	116.83401786099805	119.489103087177	116.24293963706128	115.90787671220669	118.35409819023933	116.91066887581324	114.8532420856221	115.93032596089775	116.63614337708843	117.27368029387887	119.29147584112499	116.31745304970329	114.98218845412514	117.51745293678464	114.61852101463263	117.35588144646135	117.96492208163905	115.12916685280337	117.65737960238191	117.32954316502018	116.92886227023314	118.1630569851339	119.49547720072181	118.50828243219475	117.27403890393987	116.0120624711332	115.80354983982504	117.19422587301358	115.91575261768303	114.7523897584224	115.89240419342403	113.3753298923958	115.5173163385619	118.20657891175024	117.32334131477008	116.61379107219621	117.24633148264643	115.78164205214533	119.00552865629523	115.43284018995035	118.54085753262456	116.07042307586079	118.68820587847868	117.6088874948288	114.78200462346415	116.83426355906022	115.93959495771848	118.12546944957576	115.01806626861043	114.42543351353999	116.14346718424999	118.8882521023363	117.03725195972706	116.84665603255934	117.18057017362602	117.00523089803822	114.72167961556656	117.15674433802515	116.17347278992361	117.39729936048339	117.51072400972247	116.8433294559907	116.8100667525056	115.25184366002266	115.4748268610073	116.34984709657823	113.83723793381488	116.41718605232268	115.12729258458522	120.43287753525976	116.76963812613967	115.57719799301216	117.01375863811911	115.49217103789329	117.77875480094394	117.25523868989718	117.21199807526592	117.96420091240324	116.40264963200508	115.47536299804278	119.91292077009084	116.23701559045823	116.6393506119863	117.75991171269494	117.88333749851991	119.33529024187325	114.69270280715025	115.10077798503168	116.82346808640025	118.58965312329553	118.87642221684276	115.97526603123168	117.25253301568362	114.2963692077821	116.54008407937444	117.65301451146257	115.37072922354814	115.74676241094963	118.14093746558623	116.58114866604917	119.09205797808991	115.45146356159331	117.18132122536959	119.73429367239372	119.66484690056046	114.9610105918787	118.93010883778088	118.39076442331042	115.01764808735308	119.49642975200497	118.9691994595916	118.42750421269704	117.27527491223597	117.6831975498506	114.55386661737548	116.87149280384249	115.26157248470683	117.01472079490624	117.32719410787979	117.57796458173814	118.0002356211931	117.1018311470999	116.29338988131637	115.44001812655429	114.73845192443464	116.2410708990297	116.9534202080315	117.84749322356802	116.97713634805537	117.38856746550249	117.8733139692362	116.27152526415787	115.91604336839505	117.59326222788572	115.78421062024155	116.67154610507241	118.01729441770922	118.29192080913352	116.6603038316183	114.39338968563143	116.89688839424313	117.47226250150497	115.57275412230474	115.46863190741118	118.69975184960674	117.61926780256454	115.05938455761174	116.53965715330705	117.2283622652167	120.14332408632478	118.66241761992373	113.77095917587866	117.95326837300266	116.45358240726392	118.57014869558446	115.52411467811372	114.38157922796307	118.51129363475249	117.62039631735949	115.37366164476668	116.00760247644783	118.43792890406182	115.6050199855304	118.11696961843435	117.7132329946782	117.95550985621514	117.44559904015034	115.75829689660438	115.77687447887229	118.16970418578391	117.06641615409646	117.2331994125752	116.03348535044765	116.45691397676038	118.50016523482772	115.62391392837564	117.30561768995298	116.00404553792994	116.87699147834047	114.22003085733002	116.8278059414943	118.04744508440622	117.12032364257632	117.88648787076377	116.3799129708176	116.85374895794958	117.48246246335907	115.28359546780808	116.06039927151205	117.47449460134095	116.05757372843257	119.75822022909968	119.43180361751729	117.40315930586343	118.42620553656828	114.46808281473854	117.54202378973777	116.10386608346897	116.25619825352777	116.6582057315706	115.69867687444703	115.93678857233121	116.22004245625665	118.31680677544468	118.598430378746	117.3653420432379	118.51465809564547	118.28304490658213	119.46649003349876	117.64870470846397	116.47579744297605	118.80494529048988	116.05005648547056	117.53940263820496	117.57570101932934	119.75359141810979	115.26523679752826	114.92958077574383	116.65524079112389	117.27340001147238	117.3451871724783	117.84489149538433	117.99834644494176	116.85866782937	114.79801700392298	118.80913709899744	118.51032119082939	118.92315552084338	119.01207118687914	118.55082480041703	116.13823250316345	115.04552796312528	116.57496185108278	117.17034766772564	115.22839976121115	116.05807637942432	119.7656159129059	116.04697191039747	118.37274329910926	116.73919264106284	118.07617184735919	118.11650930895462	115.97594376614934	117.78724273708136	115.22099276065538	115.68006498231782	117.87392654116445	114.75451330149613	119.11908547334035	116.69321560233615	116.5511124553347	117.50175321188598	118.56598555464957	116.54786730861	117.6824576100056	119.21514044879721	115.10879310487098	116.50512574051106	118.26704698089053	116.2988301951769	118.17507329657796	116.61830078142529	117.44488681858186	116.61100912567318	117.65996867549946	116.33424795977454	117.92350010406271	115.43870661602755	116.04550589334005	116.75456238418256	116.45241739643379	116.24989033726663	115.3738347696874	114.13309978364853	113.73408504551844	117.14748064484829	116.47392014551062	115.96765397619008	114.62825850152258	116.24063168492962
114.8180767388386	115.3117663045434	117.0758904186278	119.56607984999138	115.03415957824039	115.62172081623957	116.44271978179061	119.66285519714067	117.08662465468433	117.74019715807013	117.08205791886517	117.7070842662645	115.73428889921138	118.90851093567956	120.2690326209793	117.62405394365969	118.56469969279807	117.7995609267671	117.36195820105384	118.68882954962258	116.93960206544936	119.5766954302901	116.4534304865096	115.9858743447462	118.45442813871121	117.01709480717739	115.004330549876	116.03870044923686	116.70828650777564	117.40214634009554	119.48247027918693	116.41512358413874	115.05909433900635	117.76301459917086	114.68907307584331	117.57268039876037	117.99276004478962	115.31980769821514	117.83880261788904	117.46804002702629	116.95497186619286	118.3035867080407	119.58758338087229	118.66527994123493	117.53974117070418	116.04376394017521	115.8482559932426	117.26200728554053	115.95560559898189	114.78781894724897	115.95169133415108	113.44667116660608	115.58893881289025	118.28326785758031	117.4745634669931	116.62236155184377	117.32292332164782	115.78744191297932	119.15520602620099	115.4796633083059	118.80915929925486	116.15924526757888	118.91678847828862	117.90512985606168	114.92598098614987	116.89833649027884	115.95638212480935	118.16870830917527	115.16928345561949	114.56072305397201	116.25728277090035	119.08646390210207	117.13940951567591	116.84891581095742	117.20860144380462	117.03705808439936	114.74391177771632	117.22701002196042	116.35848867767119	117.41329141913718	117.81385153362318	116.9660538486663	116.91830340551724	115.36234022971098	115.50793233445805	116.5857710493061	114.10711453918653	116.46364682133432	115.27366166386327	120.5532658252179	116.80001258259145	115.6020175405752	117.19065265121851	115.72820447817844	117.92921000558799	117.37613593546494	117.28199192772371	118.04790909715	116.44971369436972	115.75041740354908	119.96703950419618	116.3145886866548	116.92205910506914	117.82319785885689	118.12987238134683	119.41946690873993	114.93975825844771	115.13924174224339	117.03335959225987	118.60427958213954	119.08155420509333	115.99873961800073	117.36002163061703	114.34644156046217	116.73308425267923	117.84068332328982	115.6688409032834	115.9479876685378	118.25161577666609	116.72667341541114	119.14748698991588	115.50610327823935	117.37754881398209	119.79601007934973	119.67718294593973	115.0627675630808	119.14301793667389	118.64073182465368	115.04727463590267	119.5190848185934	119.17165273028704	118.67523726110467	117.31150158826087	117.97212502321159	114.58908090300041	117.06552961226963	115.45438612697215	117.16035330233521	117.38862442619903	117.72945467809832	118.13099304606395	117.20689914221684	116.41798714167977	115.4682857060189	115.0102768215525	116.35963962599953	117.12304707182935	118.05036328585642	117.11139039587799	117.39983658995432	118.092051249009	116.29813096224757	116.05274243196092	117.62223206297433	115.85456608704165	116.7198550850937	118.05701505805497	118.41082668089841	116.70359972333148	114.45732104520638	117.16542209289817	117.61446283188555	115.70914610959811	115.48494682135369	118.77802427999879	117.63533339909661	115.15071647320659	116.58927254957652	117.37939292494372	120.21671620140388	118.85122203573538	113.83535613124766	117.99263705509512	116.55163173286942	118.68853896400931	115.55015307124756	114.43816209633802	118.55094312113894	117.65637339824393	115.41735243436854	116.12285898359822	118.47013830446885	115.71041267864577	118.19431378122283	117.8575385180793	117.99395868027584	117.56156391156829	116.03121180154618	115.95567623837722	118.2808988840503	117.1951296978103	117.3927118390686	116.24960772950458	116.56826530976855	118.76351627907886	115.72968731462544	117.4197301682882	116.07861844661849	116.95736663042275	114.36414776207178	116.91485532323648	118.0641794494785	117.20617706155882	118.00734966190679	116.49043855915875	116.94391576417787	117.64617357197604	115.42449662832695	116.08229551400298	117.67119023384441	116.14030439295045	119.81858115129381	119.55067407843275	117.4911333195467	118.52905667267991	114.57353080798778	117.6177797304578	116.14031207987388	116.30721309159573	116.76520255106261	115.74830707721429	115.99911786857476	116.36707977151121	118.6074259663367	118.73936324396378	117.58888035865724	118.62721734545683	118.33462758531353	119.48212106078445	117.70199678649824	116.59405688058054	118.89959169947215	116.3004397057135	117.66450306076567	117.63657989831164	119.76937829487241	115.32197665092018	114.9977393587824	116.66819496360537	117.38824512594098	117.36455764278179	117.98880857153165	118.12238332182211	117.09249470482821	114.93831233013407	118.96201888910313	118.53221066292629	119.02255460318314	119.28975682841268	118.57942024210423	116.25473617804919	115.09421224548771	116.70943380400033	117.23223973101979	115.35312709933275	116.10715832993223	119.87939990708506	116.25011125254343	118.4679175859276	116.83090344566872	118.24814266605601	118.20839751279901	116.2122581559911	117.97041796555142	115.27203336333449	115.8402812682659	117.9394317675552	114.79070489114372	119.14138030064545	116.80070257116328	116.61810807233991	117.52129970153811	118.65563597539578	116.57403029660269	117.86146941650381	119.24673561298303	115.14527679576418	116.73225090729817	118.33746023484095	116.3486541368018	118.45594239172856	116.67426093408463	117.47869696386246	116.65511283585398	117.75905107941968	116.46356182421495	117.94051839290142	115.51196624296487	116.15620584321356	116.92367840000703	116.56268395289318	116.27627528232443	115.38299895104895	114.20494152556233	113.89547509533074	117.25359712802393	116.72944289085679	116.03836264764489	114.75999374085106	116.25831590043948
114.97226502659389	115.33476324059293	117.19758782964458	119.6015761492894	115.06940821961331	115.94657124165653	116.55289821019564	119.79488929542867	117.3961098104526	118.0045810436298	117.25853247386335	117.82353798755814	115.78154441989567	118.95541891719769	120.51763015528002	117.76163989380723	118.71319605876567	118.00548523708416	117.41989987863758	118.71782035537913	117.15873773848115	119.70823948585591	116.60949083989125	116.15848878667806	118.56414092056963	117.17588285859043	115.10240998831716	116.29687182427914	116.79008192931339	117.53423832149333	119.56448521167634	116.69835657228835	115.2286617394414	117.9533979174581	114.86826621198753	117.62635950552237	118.29522525184409	115.40777404711127	118.20110025022082	117.49186535135833	117.21427617257838	118.33721320408192	119.80776666145174	118.6911006759964	117.75976315955349	116.27365716489989	116.0633855845337	117.37491650229309	115.99327661682297	114.91603823585794	116.04934407542906	113.5544837521506	115.70782214628757	118.50928110550068	117.77277756041406	116.83001774319501	117.58346887171218	116.13765133927247	119.22940907253293	115.54738214608494	118.86859243959296	116.17586968239091	118.98072302306258	118.19515744048361	115.06067303763177	117.12087099640729	116.21326989725968	118.39092078459645	115.19257190402051	114.81276313957716	116.47314250116378	119.29900945486503	117.22757724255686	117.05395031493667	117.26294308979496	117.15034647569803	114.96784790020736	117.37028405194289	116.48325757906579	117.72591813115041	117.86563566682392	117.14484129290778	116.97714728173099	115.56866113855338	115.66068986138968	116.6145889397648	114.15076208679662	116.62994654591665	115.30875501962205	120.68955078675963	117.05395147430463	115.64162073811328	117.3030629870894	115.75161655418445	118.23550312564349	117.6919915171625	117.4135224932758	118.27131765989257	116.48185900591953	115.83444514810581	120.1311882552526	116.55502105626896	116.93101665628436	118.06138973994308	118.1881561019767	119.44554122090959	115.30292498464996	115.45121101492019	117.35413909984489	118.68806838276062	119.12363172636273	116.124877835511	117.4735684891608	114.48688498522061	117.00178631332393	117.92171889080338	115.69868052769615	115.95311252586988	118.45592246670856	116.78960609435639	119.24142598114135	115.74981871791776	117.41324917634181	119.87055520268837	119.75418267140807	115.31921340751975	119.40532948013113	118.69920462106309	115.18754716687376	119.51991764274783	119.47870480600503	118.7336756111054	117.41264350773658	118.00565013060462	114.72574215933294	117.18740878558921	115.51269186048054	117.27240974972982	117.70120608624201	117.88237434759523	118.3415951530399	117.30393425147945	116.43986854488534	115.70542878620537	115.03629689334845	116.39525141870045	117.15478059783362	118.35361277362114	117.13711516557112	117.68644015247051	118.38644432017249	116.56053199402253	116.17399053609354	117.85944905467805	116.17073479417762	116.79226363582691	118.36319183388885	118.58329070377877	116.98895368110787	114.48223267599485	117.19291642024636	117.66820144991941	115.80334631279483	115.69193125307716	118.87744071752972	118.00664957001484	115.36427265532085	116.60125999415008	117.55301200955073	120.28923852977019	118.85902375672038	114.09457708327425	118.07765428063959	116.60323461985254	118.726776090374	115.90000679739433	114.59694301973067	118.76385495128814	117.79567281427231	115.515420108365	116.38413226399324	118.72996269022913	115.87728618839667	118.26677610199931	117.95364997127118	118.3272432298041	117.64855515439348	116.06967507467468	116.01585270069646	118.55101738143888	117.23769252409797	117.41867915681082	116.31527491116105	116.7149078513536	118.8097967072386	115.767193824053	117.6012785039711	116.24836419217982	117.08735055926384	114.75336046177257	117.04733245579531	118.31774007189114	117.25856916306456	118.01580791451123	116.64679664726164	116.95573067774899	118.01026040115549	115.70389616821562	116.3574256809732	117.72240048952749	116.39485672823338	120.00727037109105	119.63662539227452	117.58815150087527	118.85438387611421	114.7575737495033	117.68185261423018	116.26043894924372	116.41251273331633	117.04647300315052	115.89424153992283	116.17063469540423	116.44612846745092	118.81521138488947	118.89009936836786	117.61735226868731	118.97737626344062	118.58626183975232	119.48958776714262	117.98040301076139	116.70855896131624	118.93581417782812	116.59879764322301	117.91220268743186	117.68935515704814	119.98319175625531	115.43474533697763	115.18511208811726	116.7138964741167	117.51619521327886	117.70548473445915	118.2047896141119	118.14798785177607	117.24216414664026	115.12417968010412	118.9715156285963	118.53429630205892	119.14602216430775	119.38751171279358	118.7034218367585	116.42904787862713	115.18887778510627	116.9390029392011	117.40115422171807	115.4888917356032	116.40751142843799	119.9211684432	116.40629657133324	118.69722773571371	117.16161518435229	118.35669558003781	118.34323121347008	116.47905104912763	118.32110926563581	115.33549215717441	115.89862985380742	118.03470395349034	114.90653738708602	119.41164728321289	117.14951666163962	116.62903499627271	117.62043478158724	118.79906498918965	116.68057728529055	117.88993694323598	119.44614969566096	115.3965192321066	116.86929645985398	118.37618524439493	116.56032829045078	118.71004720467526	117.01012181472548	117.76203163132459	116.81634540826177	117.8548994743637	116.48204352811727	118.1524874595367	115.68279210628113	116.2594911848104	117.25707146124428	116.7210245490499	116.59789368361848	115.51763558420663	114.48098745733782	114.05225085853056	117.30377076480302	117.07245451230001	116.2027663268483	114.90280145231175	116.4439124319789
115.10959721452853	115.40901028330119	117.29701059132474	119.7859545292708	115.26687551872116	115.96252753919408	116.78329766360619	119.94379619476854	117.43683691705318	118.13122109254098	117.39236375689742	117.86159381563967	116.03761910301888	119.24369111877104	120.60627708867368	117.89230239408467	119.11710466717754	118.19559744908757	117.4862008748688	118.95618076835096	117.20882290683593	119.82728491764881	116.73766529665731	116.26227056139435	118.71445989799365	117.45797874178155	115.17947565132319	116.44545077990453	116.84873743768986	117.72451924362115	119.59835845572788	116.85872771382915	115.49772590648818	118.23280508364184	114.91199243462434	117.73144715828941	118.31133342830248	115.74490778787498	118.26896593030143	117.71911405096795	117.2407316487291	118.42378194736548	119.8744982625253	119.00924849555791	117.81324089817477	116.29231367968903	116.15202889879798	117.53364455848059	116.24339947294987	115.02725542065662	116.2708427100939	113.76943863687286	115.81567793483677	118.66578033108465	117.89442342737301	117.04390468467292	117.69936779331788	116.23074936866078	119.31012462706435	115.81235039946414	119.09597476653404	116.21006398176613	119.19220577697314	118.2779558098007	115.35605563782869	117.25034389930074	116.34107222776315	118.42300497096168	115.46746721111629	114.91910451404124	116.688299629543	119.38731979161697	117.37349425001474	117.11002044485446	117.42400194658848	117.3433141883737	115.10222134618499	117.57202735200424	116.50246145363963	117.74901295780298	118.05875235706024	117.17093573603024	117.14414876338166	115.69291678505384	115.71551904376173	116.78090783996878	114.3285421974071	116.84650488584828	115.57805048638336	120.7378493560717	117.37970072771172	115.89852973217572	117.48026168560449	115.9641980184711	118.28985549034898	117.75759236422633	117.61529211408305	118.38150370024603	116.67289776185137	115.86433345030305	120.35126174457747	116.84395958678563	117.03850901059786	118.14540283369321	118.4861709649213	119.70122467576982	115.4079364865165	115.45695507024192	117.48351295350689	118.76450586288374	119.14799145235307	116.26658892967541	117.69633090250287	114.67464443027065	117.03112142485662	118.01470262795029	115.84941976544745	116.03024263082814	118.6724445518117	116.92840103615978	119.3693406130641	115.80903285333828	117.59697590342752	119.97149939713313	120.11037624794587	115.40091421128841	119.51023454806351	118.74160828858463	115.35974001890531	119.65028362721505	119.51408582119831	118.85027035927288	117.79647812906875	118.25444715676286	115.10599070632843	117.34508895365168	115.67079360785841	117.3482471104138	117.78517362017742	117.89929428553295	118.42215337851393	117.59258798423951	116.53707719619534	115.77143390797465	115.26872313169622	116.59337508285735	117.31889615798686	118.47866537623364	117.33237270430499	117.72651583796785	118.4542415580992	116.77738977099968	116.4407430353534	117.98901260900554	116.2048794412027	117.04771905838011	118.48980817801727	118.81641992172393	117.1169812031292	114.70035587572039	117.30736423974543	117.83125810694168	115.95401698765698	115.87756972507702	119.20245116962175	118.01690266926467	115.42733440432139	116.92617721718999	117.59657232623789	120.44303842377447	119.12493242718107	114.18732014922413	118.44483500474368	116.68532862109933	118.91668265488626	115.91368562506679	114.74599733468911	118.92783102947918	117.82017477569647	115.74414673303934	116.40121855331603	118.78308257944823	115.92760174931838	118.30717763758086	118.03611328617657	118.34143172036327	117.75411336658142	116.42132832164246	116.300228403625	118.65929612241753	117.47364853241761	117.58148416235382	116.47121340344451	116.85417648466526	118.86008848302566	115.89448088794708	117.74703893698104	116.37072482747128	117.18626815213813	114.7751006335861	117.3135094918446	118.46333531767904	117.54219657534489	118.421535681543	116.77972465853367	117.04652619848606	118.0280857665104	115.75187879231805	116.36309277177789	117.92096594324352	116.47842309154339	120.12406694831898	119.8156824474687	117.66453166013655	118.8968460629507	114.94552439562604	117.78886481915333	116.43119850871561	116.58916179512008	117.0580806312972	116.08707877295014	116.36210087265314	116.49511723708292	118.85421838916741	118.99019443880913	117.76558940795607	119.140614042836	118.74855617013995	119.77743221619748	118.0248367410511	116.9717698309592	119.20297761790475	116.68103673196278	118.04385479974131	117.94360639929187	120.16742293197254	115.59645431660768	115.1913995866962	117.0251421213021	117.7729346297285	117.81540706336912	118.28362455336973	118.2978180095185	117.36641358801617	115.27344412154494	119.19946076595032	118.97182391129347	119.37790098132427	119.62732375504135	118.77724549336126	116.56307722373889	115.42217948741907	117.14762211396891	117.49020887842342	115.6599742414635	116.61019331714512	119.97275222465582	116.47967332682364	118.83381511221118	117.30678732980624	118.54817737958379	118.45005639080262	116.59076278174227	118.36701747892695	115.44862096176234	116.01679769242571	118.22493470852709	115.15906565927565	119.43726270603975	117.35165016399574	116.96500137520192	117.95493249250266	119.00077276733427	116.7978033620487	118.09443350307019	119.62608238856662	115.48587995682453	116.92660035042212	118.53759274718556	116.7114610958407	118.81989665909356	117.11583361103337	117.8782346872728	116.92636220528902	118.05153170603344	116.79466050965732	118.29598276056	115.78009192547367	116.30988526566738	117.41319242198483	116.74412309282323	116.62874391199942	115.67328600664334	114.55822352684251	114.18426573849057	117.64037239595413	117.10193867355632	116.35536065848952	114.98777368770413	116.60539391227138
115.2653331323735	115.59007742622015	117.31896945558306	119.85843109293718	115.4597625959784	115.9987392763233	116.7911270430699	120.00889622959498	117.49435912318192	118.20847824925102	117.41255961326802	118.0425127150738	116.11480605542275	119.30239590593703	120.62635860898533	118.03479738348854	119.20534855518997	118.21244851293568	117.74217651716015	119.19663999945462	117.32173517278822	119.94855528168785	117.02901939275272	116.30755173344463	118.89120802197472	117.67177290458002	115.3373068287336	116.49861818104047	117.0065595166279	117.76275271849258	119.64337385786723	116.87625782976693	115.52031662803448	118.32334627456223	115.02772802301834	117.87315111057725	118.42141724021063	115.78826093485914	118.2918765588607	117.78796378317644	117.3016641447632	118.81765357068585	119.90014208712346	119.08661633651909	117.97218339535395	116.38129483422468	116.27016322735919	117.59814754401683	116.27124981489308	115.1396824164764	116.33992441638841	113.81732427859914	115.83026605560977	118.76191234105548	117.94444846819088	117.07537368833496	117.80073482178145	116.29709718243821	119.54146920362955	115.84984754981971	119.15198405659261	116.42416697280666	119.27823695778775	118.37012729791476	115.39841808825602	117.38288661431504	116.55552484423067	118.55679352582504	115.61343145507418	114.98110157172263	116.74166152594604	119.4227148797079	117.58038908547374	117.28848284336253	117.71714249693694	117.50275671535866	115.16365070393213	117.60745623165008	116.58969073159186	117.8789417729097	118.12734473925755	117.23386067552798	117.18325486169287	115.77195683700499	115.72123216171956	116.80220364933719	114.37108837930093	116.88549889253508	115.63894643859665	120.87970159960838	117.39332282117252	116.02549306742561	117.50989418343696	116.10108979158305	118.32973494465905	117.8789187406636	117.72567084794917	118.41195912981215	116.75694990704298	115.91987111573233	120.53581724165245	116.98169547197963	117.14091552451147	118.1876234757236	118.5211465208507	119.74769823420506	115.48966430575368	115.52398821851922	117.56140440738257	119.02071895364185	119.27348425904826	116.29706647312533	117.98479444565751	114.78448502951714	117.1571221129615	118.21192880602653	115.88967651807374	116.10629575936265	118.77589548309187	117.14340114303728	119.57410396024247	115.9664166215967	117.83020203259917	120.22916665905836	120.1338945420592	115.55018762766396	119.63410933703888	118.8577881534432	115.44913287151452	119.8675003866088	119.5564031836174	118.9070459142134	117.90950449786553	118.29754810328075	115.13327998364814	117.42484696942509	115.73492697591337	117.43937502192713	117.89167627572678	118.03994203076603	118.46373675715203	117.62317901549477	116.69604600931605	115.83995952579102	115.32312363968653	116.70238742854362	117.36147555277827	118.50110271076626	117.38810349415883	117.82109603428351	118.55188568710027	116.93965346702039	116.58784172401423	118.00760686611827	116.32606421566125	117.1143427434625	118.60173919057466	118.92857177713498	117.13738103439744	114.77320079411743	117.42397453887182	117.90514255603962	116.00899349761495	116.08804925415434	119.21778728505215	118.02633144788238	115.5884241900958	117.00119353998207	117.77763068404462	120.61495110430405	119.23206926292154	114.20127713191005	118.61449676129521	116.94752852188384	119.09032638615885	115.98521839548987	114.84349045071339	118.96384946580649	117.95514676988759	115.90071414397003	116.50840084286605	118.91937062761826	116.03315973435308	118.56382251711497	118.32590516879105	118.53717428078134	117.89890296188311	116.42533969279197	116.49684671403995	118.68130811594281	117.57390853167043	117.77441497855527	116.56485048146914	116.92545775835497	118.917826282471	115.98443174802605	117.80717942637442	116.40499409606956	117.29317081043926	114.7881704446383	117.44812758855187	118.68127682746751	117.58145906963028	118.50846588123342	116.88802669996947	117.29062113295754	118.15900119413608	115.86920717823809	116.45971132899368	118.01841723193617	116.56347987454654	120.31469092343679	120.06830676273952	117.96305086334186	118.95013985241906	115.0383025285903	118.06484608896456	116.64550297295243	116.63003725815176	117.13738551059303	116.16815737444128	116.39692472602401	116.8065046703327	118.9144853880294	119.10537431622159	117.78873500371436	119.18781998350251	118.90135475260043	119.86142988786565	118.03653992746756	116.99691838122178	119.3287573315724	116.73259839947161	118.26097737943968	118.10017966881983	120.41106785621183	115.71573581217581	115.36245843757273	117.070226158817	117.85904443798671	117.9102642142418	118.34739043772653	118.35000519678776	117.6611045616728	115.4172909522132	119.38971733674708	119.01325966784124	119.57595974924885	119.73514580259128	119.0404667504647	116.74689722360179	115.4663272301775	117.18098329856522	117.54481229575995	115.70421265969806	116.66842223810049	120.13339540806788	116.58977972128316	119.00580533995587	117.44825336380043	118.72846182700987	118.59309174973873	116.59869318836232	118.60899346989824	115.46873234664194	116.13199421250908	118.32479364378332	115.20201128380887	119.59664258596885	117.38809285934063	117.1207844009258	118.068634774188	119.14556142498168	116.8779278462143	118.2259880631605	119.76056050321067	115.49430644987858	117.10185437994829	118.79560935132463	116.78020731840344	118.8670847534701	117.20054825701409	117.89974980265929	116.95179997850641	118.16694769677589	116.87086834591625	118.40208133245508	115.91757122089946	116.55437398457435	117.49648033410202	116.881887982582	116.8042890355489	115.78830869700994	114.60055867682237	114.23829162686336	117.68954454015135	117.26651909929689	116.49420638614122	115.03525175736215	116.66465434405809
115.30556895876954	115.78090203865418	117.39683026213196	120.0281752754719	115.47875792870789	116.26861744863155	116.88518190287898	120.15412591316972	117.61585999383512	118.29147639759917	117.76977760566912	118.25145411106237	116.14321222026867	119.31714147785446	120.84010868419386	118.17172915054205	119.37559417678052	118.4165702539406	117.9393120423001	119.20076699432262	117.63553859377281	120.16402778104467	117.11885710610609	116.49200933554285	119.06963570312982	117.7724932680911	115.47386046840992	116.5945619822936	117.12991242219933	117.85156515709875	119.68507063798009	116.89882787248288	115.59687547173921	118.32785772575396	115.23738912813332	118.03979894192061	118.59433227227044	115.84942870604515	118.47936009612117	117.91335105321453	117.53924107577694	118.90214206538208	119.99900219939875	119.17004526773458	118.18555951049234	116.58000568927363	116.47954828965186	117.7946739344316	116.39547928316281	115.23574981258268	116.44391783012517	113.83264662926373	116.00779454535	118.77725294732268	118.0841269013408	117.16304654344016	117.83239239002869	116.49570516732909	119.57263516896188	115.93200542923118	119.42948260401761	116.73868706959325	119.29935194131907	118.52326132678648	115.48214630769203	117.41104274927307	116.63895891464144	118.64568314661416	115.70093280593224	115.05701391252053	116.76607506932486	119.58442576837906	117.72084588361275	117.32437605801789	117.79705255838104	117.60731567350398	115.24157077141675	117.83153524259302	116.96620642897558	117.91276176676809	118.24221080118531	117.4377202075219	117.24817588740413	115.98272406380197	115.88710593374402	116.89293780284434	114.5613487077132	116.94668597379955	115.79168533193494	120.99299000562586	117.43425425856921	116.12680730257796	117.81884152706711	116.25301200898569	118.42075869327793	117.91927960962997	117.84710594203534	118.53328150733154	116.97766691177645	115.99688523540743	120.5418351392494	117.03944474457616	117.49119035774497	118.32633274872379	118.57711146389298	119.87921928208775	115.5696085554792	115.6057612437184	117.6223380985593	119.0566379987254	119.67443707075184	116.6261699697465	118.04771322768649	114.87535957785428	117.25638563246136	118.35063013631935	116.26364800433214	116.22235127333649	118.93982478738664	117.18588654974762	119.72880259761028	116.02919352102914	117.89330343736567	120.30990165025669	120.22082950448214	115.58687545775982	119.68365163183927	119.00562412976805	115.47950204959251	119.97370427218986	119.71234946152101	118.96997580150983	117.94810946535668	118.37829792271008	115.1973625557015	117.56330623075601	115.80710317199387	117.57479234401299	117.99176782086299	118.23710878952498	118.58203191197816	117.75957434059025	116.93642732421918	115.90191041503519	115.49137296480328	116.71806440463477	117.52450368071256	118.56264610919703	117.51476890491303	118.01031387640268	118.69809936269164	116.98498804563296	116.61109587989641	118.22921637335078	116.40628706536398	117.12890249665811	118.62332365903283	118.98535791553815	117.22710322554886	114.98806423157073	117.52472351371215	118.18452700654403	116.17078762679154	116.16286219502514	119.41081974591452	118.31868393999484	115.61715658509503	117.1786155887099	117.9932286852322	120.72252917911447	119.33625765419202	114.3470930596605	118.68914924412425	117.05652781501728	119.22664329856468	116.15566033462213	114.89649084217488	119.02475205331282	118.16657591305558	116.01333487663098	116.61209676300895	119.05669012616606	116.2600019329007	118.66638319630675	118.3512745221795	118.63900890738363	118.02317197661151	116.49368683634265	116.56960527785388	118.82348346987034	117.64503069271635	117.85243613102148	116.7287807304751	117.05316529320248	119.21973168631831	116.10705651641655	117.90861638729805	116.48078886677035	117.41201929897008	114.88831504745399	117.48637920712852	118.86625154748934	117.68445162651352	118.62248161117753	116.92664240810399	117.41940451392828	118.32752890762816	115.98068766844685	116.5396543496017	118.07652442712457	116.74660409246378	120.3850900764489	120.0726988730607	118.00260916502688	119.08261854357544	115.07114969874775	118.10956795817494	116.68384484200614	116.79570454862302	117.42908446836626	116.36918711936526	116.59425769067097	116.95206439115469	119.07357232787137	119.18043430383337	117.93896496278144	119.32065339206908	119.03001978839764	119.90301268558675	118.21753665813029	117.02805483399962	119.35475111753895	116.76117323360843	118.27947109187619	118.1373435604415	120.51638898976672	115.79098292845711	115.49471152515001	117.16932006379794	117.92389329158445	117.98234129255844	118.49306217930828	118.39002966415883	117.79378828731201	115.58206175948993	119.41439413008155	119.095722520793	119.62027671732352	119.98702168932965	119.26124332788855	116.80894068229568	115.67281229102637	117.2271839407322	117.6783802450047	115.73430001950148	116.78532748437868	120.21000087792305	116.7670307287221	119.15322131689452	117.54606502347357	118.80979448596433	118.81764971399005	116.80290345406314	118.68013841973199	115.61815679287291	116.34448233037769	118.47699856891906	115.35102937153796	119.70411230267084	117.45892031536461	117.30230706023742	118.20503554526537	119.33592114191923	117.06432203846427	118.31721908709216	119.87571783422034	115.76000176509847	117.2910632199122	118.80595996434573	116.91945637042144	119.04308195556217	117.22261590188822	118.03654721263631	117.24303018018607	118.26653285904423	116.94185030540008	118.43527100986024	116.15973722371493	116.76069304630948	117.54211439202167	117.11469480988062	116.86679863792872	115.84842605109333	114.67691747276554	114.3002948725893	117.84811371999237	117.34627738867816	116.55413170097752	115.2178133567531	116.7207124609408
115.34687691135018	115.8077322333486	117.63462443338558	120.23621673949731	115.74656478138543	116.31912547931992	117.00972847107145	120.30021766883972	117.70398230103076	118.36320068386657	117.81377755030913	118.34982214182745	116.18263439625044	119.40225839541584	120.93426404463847	118.24239055592486	119.46519334241394	118.64808426913297	118.00139010870122	119.25263993840964	117.68210840740905	120.20914904355186	117.18771813014816	116.69096492358277	119.11956997005815	117.820722723104	115.63572795398821	116.80456966637414	117.17574754040204	118.01067229696278	119.87757581760505	117.0302456334723	115.65142375320623	118.54630403477253	115.34095138468898	118.17729847634783	118.71305023298069	115.96081850363257	118.50414236304263	118.02008672627255	117.58751239335854	118.93600930775463	120.09987406934697	119.45681585056215	118.19847203272697	116.74746588616857	116.58601010536718	117.87363517095426	116.43932549175128	115.28087390591553	116.5127098740856	113.98912281940868	116.0361616875547	118.95312526393383	118.1898936897842	117.30132274726736	117.90762271083874	116.54254500644565	119.84586451751323	116.139924717011	119.50441828383879	116.82467929135727	119.61838277960686	118.63035265067381	115.67039025588912	117.62320626718704	116.68397429116321	118.79483408048803	115.80687554379767	115.18101143494671	116.88549096903417	119.65368321682139	117.80385667092325	117.41882225206878	117.83884289882292	117.6668867288505	115.29609764158477	118.02645523444468	116.98077117814897	118.15151972552042	118.46739193679302	117.56443327727442	117.57495922912436	116.07660674724013	116.03631076291991	116.95736468291489	114.60196668801471	116.96933984799763	115.94584442219663	121.25006999175356	117.54214660346649	116.2495174566409	117.92138463176396	116.31331452670791	118.5806472724388	118.13897234471847	118.06970801329255	118.60936905719315	117.0819612910394	116.18006856945313	120.59736250807728	117.14839009426794	117.51977367732333	118.43806436624388	118.80023338413132	120.06461193852682	115.64497616897395	115.70312440170882	117.94849681653918	119.13231115951598	119.69391329032028	116.69999273281329	118.19496838318288	114.99100154974418	117.3933218492657	118.46320090860266	116.31457328289312	116.38651573142403	119.11905759358935	117.21482805427482	119.92698744303857	116.13869340447206	117.98588402902726	120.4890826983268	120.43922601456195	115.68307731642794	119.82702884694297	119.10793786633145	115.52625782241668	120.19706838758793	119.78607761082381	119.02956033589109	118.04943086614882	118.52645497890781	115.27768694185212	117.56744919357239	116.02093545298384	117.79801640244186	118.07131756117529	118.27516840119547	118.64398369815925	117.86818660970336	117.21515523982013	116.26337158812055	115.53598033026933	116.80385014789599	117.62846878658874	118.60159632546006	117.5306530115624	118.1492722906113	118.76976293752575	117.14848753364208	116.73937624444281	118.2760494551034	116.5788006675612	117.23242414391474	118.79039321438219	119.23978302033306	117.41650686854402	115.03746266911457	117.56720196236203	118.23597747628381	116.24356420234147	116.2085870844324	119.5604086022971	118.45258527905656	115.63282471531365	117.28410350789625	118.12276981977608	120.95178438313417	119.46260827046673	114.40612703606222	118.83274054596804	117.09182046203789	119.24657525982296	116.20358170359431	115.08617928416545	119.06150035358856	118.2000090759863	116.11631556132389	116.69803553202205	119.0738832598415	116.27591700218792	118.81859097297841	118.43396975669218	118.82457340199507	118.17098183432346	116.52383129631065	116.66695176964687	119.03796827118644	117.8861286967815	117.91606679242764	116.75935962791907	117.12937964717482	119.3380600407158	116.24733513558826	118.1313954645921	116.51642388596424	117.44427631072496	114.93011787632062	117.60261454961966	118.91148465898854	117.8439189840296	118.82134882021502	116.99820943807022	117.58147969405478	118.36163230663549	116.21502638023605	116.57903523896351	118.19201594490397	116.82332664882219	120.65797951485014	120.11163142089197	118.06940802076723	119.10858833795041	115.32439938782169	118.14066390993607	116.90667694043948	116.90423207236277	117.47215724352247	116.4268081809642	116.75421986510526	117.09695332044866	119.22403926552839	119.39963387482427	117.99963572448303	119.4411628593942	119.08297970031536	119.97951728968751	118.36749683937536	117.20293571800302	119.36630680830235	116.92760254283748	118.41998446767836	118.18685824395983	120.64489683760233	115.9865954407685	115.67252989870325	117.32221369057814	118.1078322120072	118.09498641804221	118.63174485357081	118.57073843500477	117.83395001409924	115.64888831408264	119.73490408985992	119.2730730902627	119.77568541947076	119.99896756406561	119.32245763129663	116.87934170017664	115.72299483277621	117.23476155191544	117.6972401133334	115.89084597723358	117.003976483899	120.26945663894038	116.82241799024806	119.22334497214561	117.66515670723784	118.9337873446993	118.88197283569416	116.8863078861393	118.68682293200087	115.78653171941556	116.52270084468213	118.67457185432805	115.37963900899088	119.72570104277918	117.52538517459045	117.31541693152097	118.23186505602392	119.4742565982477	117.12900564148877	118.36875897161234	120.03402311925844	115.816824254325	117.41196509701722	118.90425654519419	116.92808987448646	119.11366785464136	117.28038286961268	118.09152779145394	117.39500525004023	118.42586634250979	117.0646917238235	118.60601794269942	116.2054855035269	116.87828897598384	117.60306997612311	117.2565591756858	117.03600855396785	115.93473476987087	114.80870067041401	114.47029973821338	118.07716517898173	117.37555528253674	116.65654473861738	115.41522820053518	116.77518675903876
115.52217617200532	115.89101095754572	117.69369200706498	120.26054697670399	115.83221384223054	116.47098125247109	117.10746918290131	120.38722963698838	117.91640655038292	118.58786200050116	117.83911574496844	118.3712264586423	116.5443911806736	119.7847506461924	121.11525710465415	118.45465623109233	119.51558335787891	118.70523274026073	118.23672925750644	119.32950250727077	117.8178926097892	120.40656501225459	117.2714199580661	116.8568015292541	119.15374879099731	117.95695683792351	115.69240357192581	116.87495410868128	117.40369120532975	118.12425419365846	120.12170326965028	117.27172409336143	115.68870447066578	118.6184405716778	115.42925005671647	118.22948339363876	118.79139849462982	116.14593702990095	118.72326001902682	118.12474330750803	117.84259802167661	119.00974874248259	120.35714743031019	119.56821037358505	118.3672660860292	116.85144975210434	116.7036257486285	117.89796746890273	116.65500164536842	115.52845001320121	116.59928126897695	114.15750274655613	116.25521984971681	119.05190531558226	118.3332739439141	117.43848253806512	118.10165896408981	116.64595852889015	119.90844568290277	116.19071381616877	119.55292438379551	116.90047283812865	119.67926296996441	118.73242909365806	115.77736083392037	117.82868625309175	116.78562644127378	118.9877672257397	115.88071665675488	115.47340968262246	116.97183016773752	119.86010510122344	117.92595091824951	117.71777643201744	117.97839767647277	117.89968596551952	115.60418493023168	118.13140445158103	117.08090426688261	118.19334916954857	118.51485887101039	117.73904947085072	117.60555253351099	116.14780974683376	116.30029671431402	117.3591078158093	114.71572702397741	117.25577055180575	115.9519030514612	121.34602443113917	117.59831212183653	116.35998763254862	117.99843668241697	116.49738701919091	118.77146649409525	118.21756497002208	118.08167080611588	118.95947466628168	117.1300578411546	116.37296798168579	120.81162409260621	117.3035534553976	117.60112478930532	118.61630372670808	118.86015930268421	120.14436797172075	115.78677076621395	115.94639565803189	117.96634790836103	119.53322763264305	119.77036077508524	116.79082159840509	118.32395255328767	115.17470404572656	117.53775939226857	118.52471211581334	116.3382990283534	116.60101961425976	119.14556344911115	117.42670872598694	119.97683112901947	116.39194941353361	118.16267679476616	120.60365324122844	120.45896125699532	115.82264191807708	119.95077810240633	119.28664346652809	115.86843565977604	120.29081586131035	119.97006993727294	119.29984003527399	118.1028090236184	118.69765420804173	115.30522157143126	117.71319246043007	116.29002514720517	117.83338320788239	118.24094388277067	118.4678706254076	118.96656792772177	117.89363866619662	117.24740909819789	116.33162069121592	115.64257664754693	117.20761033546636	117.67654920865378	118.87685764487595	117.71106186278773	118.23910545211676	118.90075052803404	117.2723603470385	116.88500046386675	118.4784019072696	116.70104505415365	117.4235750703759	118.92018449933742	119.3765910561302	117.46896731003598	115.1919794814023	117.88442900682575	118.41352875959245	116.47626590123184	116.45692229463332	119.6670143057823	118.569221541278	115.92019963175991	117.37439012625438	118.14980733340417	121.04109445080303	119.51836293648762	114.65722971411877	118.8750447268606	117.35405419181286	119.28007537408271	116.45135598000039	115.41546019165523	119.3884696864985	118.26087649218537	116.15437225387772	116.97082607909611	119.36104629043683	116.43293474695862	118.92726012525355	118.54770981870512	118.90712889516082	118.39465618946397	116.56945939630144	116.7143587736787	119.09591444713772	118.0412604768836	118.04260495756259	116.88363186671339	117.3249190745006	119.40005049112081	116.42305444562365	118.17391653360652	116.83618654617857	117.63163799703695	115.23103848946819	117.73805209997143	119.07278584558875	117.97748062992925	118.85000949367887	117.04864174368763	117.6331844035028	118.42708768079989	116.24999400385101	116.92744639209572	118.33005163227857	116.99478130940905	120.68134839253872	120.37190861916764	118.33945416560904	119.40597758113985	115.42562516368449	118.34135694447306	116.97359420308733	116.98236736618057	117.53575411784799	116.55589541879537	116.8077893613846	117.24197836295016	119.36155171777489	119.48166325821614	118.20824207630334	119.60434394468356	119.24399033956304	120.31788348442481	118.54965528071706	117.32382303061202	119.67535775235282	117.07648377263108	118.57845309502892	118.53151421621881	120.74061684626314	116.13063542546602	115.78334932715204	117.45973693333067	118.12955090668277	118.23946320503754	118.76539440450439	118.74110124279125	117.86587169454789	115.9073615662941	119.74829796513279	119.34754245608178	119.8122599452807	120.02818334868252	119.3703192288905	116.89249519513562	115.86623208222142	117.35788873154173	117.84275027698727	116.23568804567019	117.02920883848564	120.57343728934264	116.87605603013294	119.39050444425591	117.69966695538315	119.01372632509421	118.98136967503883	117.01377071986589	118.88775115632413	115.96642489662788	116.55393601522134	118.83728262846343	115.48607048825374	120.049727499541	117.6876951757041	117.37122984974454	118.27173093278702	119.52419798741211	117.48274438430373	118.52754057855145	120.06717044864246	115.90595981845287	117.47157201523954	119.11893674042574	117.16210314876534	119.15450668848375	117.53935127738681	118.38372031444376	117.47495905206146	118.50130538314876	117.0724086134534	118.7704328556187	116.3114328780246	116.94003216201453	117.9412532593504	117.30539373266474	117.17284779264936	116.13003892308575	115.02220169020461	114.57150574098891	118.10060349026344	117.5212069551042	116.83386214094008	115.53892310265742	116.82232182709333
115.72749038214313	116.05058061835693	117.77596088063466	120.53857930337088	115.96892387730338	116.50075495000118	117.38200676536343	120.54939513670634	118.05549691584741	118.82584982569797	117.99905890834333	118.62042767902581	116.68402902427391	119.87478099514813	121.26084486644608	118.47224199927415	119.57533287959343	118.75486173829641	118.26104264962088	119.5442298019624	118.0579736852239	120.53423822929757	117.53099505863474	116.9419902480608	119.51554183366767	118.10336195368846	115.9318311727604	116.94232049341507	117.4946271481174	118.2209343599976	120.192768491067	117.43268054194932	115.90849044650724	118.76966618083021	115.66513742992355	118.59479760820115	118.94814927579917	116.20717542943407	118.75041872520382	118.3714603978508	117.95327684825683	119.25827913490008	120.54328177282625	119.62560922084535	118.53357539438282	116.96673928027198	116.78973129699772	118.04861430508201	116.83998292164932	115.69411674669767	116.78449175837612	114.34048831885333	116.44068575846138	119.14586500502351	118.37315621410262	117.66510917153768	118.29693287495452	116.83417096312712	120.12755275968762	116.33321183729615	119.8410068572554	116.96232020567203	119.70348333426637	118.77045759789569	115.84942831182498	117.83623260167964	117.08553814667788	119.05519561606508	116.07041457256483	115.52913787165059	117.22155044649004	119.99304958874896	118.01193341483402	117.77602230464505	118.00058112465857	118.02047421512066	115.79079527457641	118.19947281438759	117.22631342125082	118.35622773285013	118.553314037065	117.86603164250018	117.73072000393132	116.27481289758823	116.43348180429079	117.47532043503355	114.95795272361487	117.30366374264229	116.1958274625579	121.49295276246859	117.89573408037182	116.440432168838	118.07781478687913	116.61232827128056	118.9366858410884	118.31218970228436	118.28934897095243	119.00700497309323	117.35594517708593	116.43505254730825	120.90010418596373	117.49284552499054	117.78693359968996	118.84463269726771	119.07946714903832	120.36784769978496	115.88298341513833	116.0499703482783	118.0186997654871	119.57991164837041	119.9178474198446	116.82845381596336	118.48661775863009	115.32286868076564	117.5951816716512	118.7872900607385	116.51645974572213	116.71479995833083	119.33363688754942	117.58177607769531	120.15941940657234	116.45070710068954	118.29524906378326	120.72785606116578	120.50587674476948	116.06837281118139	120.03064500164521	119.29922870536792	115.90856404756568	120.43457787925652	120.133532728367	119.39959085537757	118.21262218826935	118.71824245972465	115.5229011196127	117.88004447880134	116.39721063839673	118.08659258742287	118.38379190785763	118.61270639302772	119.04342022565196	118.14571623810629	117.28871298048395	116.39891401697898	115.89709000391672	117.27582890649089	117.74286881582188	119.09665784461687	117.90522740624348	118.39619921758496	118.95970287290785	117.40378143460839	117.06482981478771	118.55299179427169	116.83129493214895	117.58861436248223	119.19689376266808	119.45758319009586	117.65648696138446	115.27937784834309	117.94952129017261	118.54765525281461	116.54920364012885	116.65084390489258	119.73299641372635	118.60950135522465	116.05087078322045	117.45152574333846	118.2155017901403	121.15562216154004	119.66094163934103	114.70032325371257	119.10481040888462	117.38215768364141	119.7992116992289	116.5838560632359	115.50509861584304	119.5665347270035	118.43799711836225	116.4050468426964	116.99853375253917	119.52710226724616	116.59919216353015	119.00243017286216	118.70495233529256	118.91781771874942	118.53459888868954	116.93837797983474	116.8698721793335	119.1576429020787	118.08948720727068	118.17001888870833	117.04047591759671	117.58691945021363	119.48941979066524	116.6236706345704	118.28376312769166	117.06712051255329	117.87611100985961	115.36188851620179	117.8739387838658	119.15605660872522	118.07866177687247	118.99440093795917	117.1849508816923	117.85635307511204	118.68176910183941	116.33110562644308	117.02509045965336	118.43218882121856	117.127384908873	120.85666816681427	120.44820265884941	118.35610816833993	119.50785026428926	115.58073107404843	118.4890803356146	117.13310755110632	117.10114911433783	117.70366529466155	116.79659891075757	117.04555855024873	117.29773818216812	119.43036756075071	119.6957588319568	118.30401849309014	119.84667119079077	119.46213890118668	120.4602718476952	118.58275039576296	117.50955043990048	119.74980561787181	117.29207267005819	118.74403962768254	118.62362422607985	120.93572263424416	116.2980787488314	115.92094724920271	117.55409254208848	118.3283770131831	118.43427075054556	118.9228221962928	118.78303986248906	118.20035052309716	115.93087179265595	119.83906893689361	119.49552290649402	120.16042809036873	120.35857334026471	119.50510316211832	117.19123312972327	115.9792131313884	117.62329436871048	118.10969506396422	116.5398910749286	117.29338313798239	120.75825667509484	117.16378265056173	119.6434098831952	117.89359992954883	119.25121893235399	119.04678446478	117.07724669940566	119.08867235403255	116.23193253834754	116.73202544650701	118.93469559672089	115.87967642214302	120.1951012201215	117.87461226853667	117.40463944372044	118.4927339479499	119.56783772481757	117.63284640854471	118.72462606688164	120.34946090967064	116.14743177974114	117.63398509172191	119.24187433215421	117.24307287717419	119.36941745376629	117.65077762075255	118.4547966148634	117.5219157863712	118.91548103994843	117.27435215764565	118.94845861614549	116.39924181265279	117.16130870185708	117.99203439733654	117.55631888898309	117.3063206641386	116.34696413411979	115.20695642155118	115.06879479475725	118.10680097943353	117.61823760276927	116.92851678001458	115.66761139915121	117.15288190929202
115.8395592474793	116.18257354836031	117.95671542137974	120.54304736446022	116.08522202340875	116.70202681074285	117.41180336783893	120.6890739180887	118.23214646726777	118.91275630670559	118.19753666658497	118.95753949480476	116.73788417080357	119.90280979334771	121.31199069288499	118.5499991305658	119.90490179351397	118.88056217104678	118.2863339339301	119.57019312003105	118.23894133192582	120.614764306072	117.60440425011859	117.02332808036799	119.59677835194329	118.31425119998234	115.9829194746766	117.11245647752696	117.77704999402584	118.46924513212223	120.33355133007997	117.6113785438903	116.12480729352123	118.94972123210363	115.7227619661205	118.77299437371423	119.0607013556743	116.2262259193323	118.93947199266877	118.48696586748868	118.0327006268575	119.3359106370566	120.57578824635382	119.7233615623713	118.64608200462291	117.09276566375421	117.00994574206528	118.16461936278571	117.02331542636533	115.85165140830217	116.9356072319401	114.4475764979696	116.52336809581479	119.37870199519868	118.41742558042964	117.67585642617104	118.35353960218254	116.95344141821515	120.21619823713506	116.36055347351841	119.93431743937992	117.09296647875439	119.96836610128342	118.86471443919321	115.96429293469325	117.98724570254406	117.12918117756332	119.1848874103843	116.14692036372189	115.55377985517785	117.39188719914608	120.18436935076386	118.36688759373769	117.91975817174837	118.1881735128601	118.08137337584355	115.90680878832835	118.32404935942505	117.32493487396314	118.49600385090207	118.66016178320142	118.03318805860964	117.75816341235763	116.4217447237544	116.54238182849302	117.51742401677436	115.03314576149386	117.47536534439982	116.22986426649507	121.6112593463163	117.98013109379525	116.8937869297332	118.29582288458114	116.66221072923953	118.96267198646792	118.45328743319234	118.36466749369916	119.06920947051248	117.52841708871928	116.62637653465698	121.09594565919222	117.63129953616435	118.06607032681893	118.91660361573699	119.2168931388227	120.4161122286272	115.98791958679723	116.31487759840049	118.2656436590639	119.70232390315377	120.1636458531946	117.0174505479647	118.5303519796342	115.43131142893135	117.66328482452579	118.93234711946532	116.76797443291251	116.76337520586934	119.5114592895021	117.89451297264608	120.27428257984062	116.55826499717132	118.33948323210724	120.85428433220676	120.88197841641966	116.1913389867035	120.12891031151185	119.55334966342281	116.20205131451063	120.59303785197075	120.29394513898959	119.4589796935727	118.59341761285194	118.95955449009406	115.70930841521594	117.98780384324807	116.46656348693664	118.17721407628852	118.57696334711301	118.81701358922652	119.09897465058259	118.23448971143381	117.47456538436805	116.60733484311241	115.91881464746687	117.34294294326467	118.00561886979155	119.11405120715212	118.1806932221914	118.5368605492272	119.09123309606262	117.42251419986741	117.28016725574489	118.74373019898975	116.88793187329505	117.81668580952197	119.26951852736877	119.64919432030842	117.74770924609084	115.53993076126558	118.06983011986608	118.5911607474408	116.59808643617842	116.74085069590234	119.8726787947486	118.83329869057283	116.19686559727715	117.60597521044815	118.48612955714742	121.34135065550791	119.9877038312723	115.02798060844083	119.19654846340765	117.6744778344285	119.95918538848602	116.63625604271715	115.70048082820327	119.66869269626083	118.64199340371431	116.53380434059945	117.20409077661435	119.63104649243853	116.70664206563254	119.20212007236285	118.84948060853385	119.12563573454976	118.75659377222868	117.03189997187131	117.08670762086238	119.33312189097347	118.24607470135363	118.35319900467053	117.37545115989634	117.67766573350475	119.65246807717078	116.86044235064644	118.51832634802496	117.12716933240321	117.93080246804611	115.55997336790783	118.08794924335442	119.3598717626396	118.14813316605898	119.00785843228117	117.50929601439564	118.08985233790419	118.7219027467192	116.52863542342715	117.27238185247717	118.52140666142249	117.1941993059042	120.96256414560432	120.55835637815306	118.52725272395949	119.7034612241502	115.68810913806162	118.8313297949252	117.15190968662436	117.38016256784371	117.81241241269832	116.87352815071836	117.21183092563572	117.43083871308676	119.68379209269618	119.8105557525028	118.45051111928663	119.89606652725864	119.86274143863709	120.63841494416882	118.80216860690955	117.54172284558962	119.92080528454962	117.42679717366877	118.90202084026484	118.73855722682059	121.00235082189658	116.46438996101449	115.99169379545204	117.780477017056	118.39450771589675	118.55282154680062	118.9588617873366	119.00640599157884	118.2628262223563	116.02965181486933	120.02679985158666	119.78088021292528	120.21558317501048	120.40695921575639	119.80573735130262	117.26310489905822	116.21139576174728	117.74192583941252	118.19650498606585	116.58395238956754	117.47587082617137	120.80312583048429	117.21518162097692	119.73210985020089	118.06758253150234	119.32592228704023	119.2175216776995	117.2622034430495	119.13792499595498	116.25288306616407	116.7701847392549	118.97420067027932	116.05545071713499	120.23458927715232	117.9177150029585	117.68429420928618	118.72254301135708	119.9882118341277	117.69647652209386	118.74859459775115	120.42292265863772	116.25732940865348	117.69070301426748	119.32131040086801	117.449267569801	119.4822942417985	117.81813248944982	118.54688683766206	117.75598483695089	118.95271242178899	117.35573572125466	119.11660526181977	116.57094755960031	117.22079158675588	118.0282316576447	117.59355855312258	117.44042994316835	116.41338486149652	115.40093174295058	115.12185225177171	118.29377057958801	117.6819114190569	117.05209202261221	115.79860736997152	117.23787919698448
115.89499500489255	116.29308103428758	118.02739013461239	120.65730341385988	116.10780632200826	116.78886441400398	117.50737702442014	120.74828707588219	118.29458826289196	118.93387076644089	118.25166649064003	118.9930488810749	116.89841272348282	120.01749267202152	121.45671600205972	118.72299929089509	119.97316164256988	119.00092300163868	118.39171107737907	119.88318074057979	118.33038548010546	120.82267969546858	117.61045699540985	117.0932970071111	119.83126253343809	118.49299911323152	116.11191742127752	117.22590781789005	117.78220641076568	118.5351801155366	120.4227927281814	117.62583809452134	116.28986550081348	119.04050418246938	115.78528810984923	118.85047142544033	119.11123868791081	116.41361414260945	119.12820629711008	118.70787913277775	118.11731139318121	119.39923148012437	120.74302889846726	119.84537704853123	118.657729900521	117.20253886834007	117.02651795515013	118.3188436878561	117.14153879110616	115.8866565286339	117.01496031636948	114.61595281748082	116.558912683787	119.531338606658	118.55927683946018	117.78653819688068	118.46389007379902	117.0148105420307	120.29986399780819	116.60772929336665	119.95087746693957	117.20920498077264	120.12101869045307	119.04639418341192	116.00770134935486	118.0782446626433	117.16742910687357	119.20306608421082	116.27224027651613	115.72782969777242	117.46501440606738	120.29354797358192	118.50086113888847	118.11315707043799	118.31076607707811	118.35717726361442	115.9895344433345	118.35816145814302	117.40952044723582	118.55891147761623	119.01507503231416	118.06646153477085	117.95223076049203	116.52540355592043	116.73659892395115	117.60216984302467	115.05141596803126	117.48791780321525	116.3502034627951	121.83515257963784	118.16750833013764	116.91473673974924	118.36927623894017	116.7774940668785	119.16640328482379	118.64493509425974	118.44588400195019	119.20071735912137	117.54298519941621	116.68090634643218	121.27133937437033	117.64350118726232	118.07616201343755	119.05151944897803	119.30630871485249	120.53933446108498	116.17697559249692	116.39753540520877	118.30211172828044	119.78534542533797	120.2089352128761	117.08513857251116	118.54290882275444	115.54682119393041	117.71961542804067	118.96891572893814	116.80927014100347	116.92977148420003	119.6967245716388	118.0048422165811	120.31269753894696	116.72232962403329	118.60709429510233	121.0384842909993	121.0623285781525	116.29795497855402	120.19109464122815	119.72248198115712	116.3384511812769	120.65415442091118	120.41306602091713	119.64055350234872	118.66615671183929	119.08551871244413	115.8392938111581	118.03329508662846	116.47864405260103	118.23949024507935	118.66573246991565	118.94050974092093	119.27779538867122	118.33880133372095	117.53906143058279	116.6206057474341	115.98952103250457	117.48040943495725	118.19187791004008	119.26449211036	118.32047386195538	118.54531317506105	119.24324522531897	117.59098501270076	117.31447676421348	118.83844036021009	117.01022718261513	117.86062764677364	119.31385684027701	119.74734676555948	117.84747260275556	115.6448036495661	118.15298288254256	118.78804502471681	116.78112720443976	116.8819560142546	120.01880853838729	118.87035296708383	116.28319073379038	117.72199843114275	118.56758397726071	121.51124587952819	120.0364337554849	115.11643965204702	119.33453743049657	117.84734689072545	120.01994436632835	116.8426777602068	115.79254649289683	119.78805014988092	118.7157708351016	116.63934194931562	117.21745914102539	119.66086154014083	116.7625518148972	119.29598628092974	118.87028765972286	119.27145166948404	118.81683359899985	117.18309335720078	117.25418125014978	119.4228534279732	118.33035492505338	118.4716522453277	117.4063736571598	117.72726722363637	119.79107807632595	116.89392279909278	118.57811560831672	117.18248796032859	118.06335284873079	115.61217211094146	118.1611069525646	119.59263090171297	118.35797837535698	119.19364518441316	117.51430359155349	118.10649751582083	118.73094739588532	116.55944685641083	117.36935728947877	118.77927814444723	117.21312937976396	121.17671539524885	120.61010234342821	118.56261978641321	119.75472020360182	115.81413938627695	118.93588163038405	117.24869674044444	117.39342801288429	117.89361318824766	116.89228856120022	117.32371764334356	117.43441908110144	119.75672714043206	119.86135830104953	118.52679638065624	119.92571640345054	119.91441820295071	120.78186794356239	118.82907107164802	117.81977906081501	120.23581693494224	117.50424708273935	118.91718239597684	118.87051761705133	121.22055300004173	116.49956305747816	116.18095701017832	117.79620377893887	118.61614430103876	118.58136479225877	119.18638187235277	119.05739942671177	118.35092612014665	116.18499887707534	120.15350054044875	119.86324938046255	120.26367729602576	120.43270903596967	119.87437683833721	117.38399970185871	116.29408942246376	117.85171261700665	118.27197986042476	116.59891368466769	117.58587725009835	121.01229841649189	117.36253035286906	119.77368136648757	118.1764207381207	119.40284937853781	119.27919897025066	117.2738933126945	119.17424384512084	116.36556476467194	116.8540306751312	119.05942763937246	116.12819712167058	120.33637735514276	118.08551352408107	117.71214394443267	118.88061542503583	120.1125624570122	117.7169143575735	118.88120597503654	120.63611448568132	116.34846569660799	117.7837576772907	119.63643363752067	117.4640261992339	119.51948526484173	117.99539586025973	118.64345150577452	117.84489891400013	119.07657135309555	117.54414535103544	119.28785408840861	116.61253691019347	117.27632236812067	118.22924099904083	117.62962579349828	117.48495476792252	116.42904155659242	115.45573332583729	115.18022335493323	118.40003627558664	117.90076845757255	117.06094181583987	115.82899620065827	117.28759644366315
115.97331532249305	116.30299972306909	118.07304128947011	120.70387867234787	116.29728044421091	116.88048717458028	117.64348611293047	120.77439183457763	118.40192960614431	119.0112978482078	118.41273635925958	119.05772778455655	116.9794867191326	120.1612791264223	121.54269150956982	118.87818254720871	120.07626701344716	119.08131519692418	118.57562799453189	119.89666741764033	118.35041512278669	120.84513391936581	117.72032795910175	117.12618433750399	119.84959395366786	118.58193747899452	116.20557649793881	117.23892755824045	117.88343277983641	118.5493184737805	120.59656775446999	117.73769982607443	116.32086602665491	119.19976436070601	115.87352312520866	118.8932547420612	119.35505237397716	116.60253492881533	119.20260956555752	118.84600229842904	118.31888930634528	119.60948007415296	120.83764569991767	119.89528502320776	118.79324962650229	117.36726843502133	117.0309677048928	118.32850348181995	117.20610936844156	115.95866727297802	117.13631800106037	114.71364834974882	116.70639695134595	119.77127284454711	118.77732285995151	117.84998005829758	118.52581044320885	117.17728776378311	120.38945304318868	116.7418738654456	120.14541852762218	117.37025289583725	120.3377239173544	119.15955208490003	116.0757224640365	118.21363445636176	117.27710849625817	119.45538075790404	116.39863098824215	115.82467152626614	117.48063808791545	120.36130757317378	118.52317072890811	118.1998917838387	118.35062583250092	118.39151796821413	116.04779342063105	118.4405300500193	117.59828929671518	118.57720122322455	119.08504337236243	118.07955229520333	117.99014974264294	116.55135259592363	116.74395128567386	117.63833677135105	115.12732066799207	117.67135712543752	116.64453891242779	121.8388727427822	118.30930110995992	116.94392335364317	118.5359109432528	116.80403848778336	119.18497412568297	118.66308354424842	118.48005228027505	119.37968661309608	117.5654014717852	116.78272524526673	121.33976190993504	117.71746447720453	118.2045760228159	119.07854661503315	119.40407046875566	120.55670584340113	116.26924469384961	116.47016455596108	118.36604858780247	119.8376732203366	120.30818228858863	117.25426529668576	118.57451729140668	115.59723312837839	117.86176880609766	119.1853991628252	116.92223416854479	117.0592861675694	119.71392736381524	118.05570772605601	120.45127094898727	116.78952178045726	118.61838586702883	121.05250093790401	121.0868675263067	116.33718346560877	120.23350127301916	119.74281582949891	116.3498650690235	120.7433442844274	120.43818586112253	119.72760481034678	118.6831046825127	119.1227316665933	115.91723461645486	118.13595849767837	116.51671763749117	118.335351310184	118.73180833167052	119.00126663770838	119.42848635893287	118.4741222814022	117.61505511450397	116.65292024736198	116.10531708611389	117.51848511119685	118.28978978585316	119.31726339145563	118.32918916965046	118.58227992513346	119.26091047626927	117.70385795590603	117.39307076885808	118.94264361064414	117.0491688965831	117.98577609250046	119.44824437446266	119.92862776233677	117.89206249951965	115.73133665684504	118.33816146471194	118.81284768608953	116.79850348821807	116.9047236096729	120.05740624240224	118.89623670156676	116.41327196453216	117.77763254796527	118.68773182048993	121.51464437616147	120.16247081467846	115.16983012857854	119.36848752821003	117.85691438774845	120.05517379463788	116.909701459981	115.85519714739442	119.84846616544061	118.73668606638486	116.69066884935478	117.33986023372736	119.82060269595993	116.96613840865876	119.34806380962254	118.92521989932936	119.42776889604268	118.91265486005011	117.27255740877537	117.29552141253163	119.57758940122842	118.36210385638778	118.58980395129488	117.54200075114885	117.7808039904563	119.96100113986307	116.98031501859238	118.66675819379532	117.24887586033977	118.17225295558325	115.67345550275917	118.23988856061284	119.69478453791342	118.39551637473716	119.2152420710958	117.59970657271874	118.2216550566597	118.78750998276905	116.70085703070971	117.41095336800748	118.78887431278399	117.31813517363179	121.24465538359136	120.81173141456757	118.63278650405097	119.85993140137171	115.84103823205496	118.98127545612611	117.36425473883632	117.57905141304454	118.06960081645208	117.0445102938921	117.36447954091938	117.54367293684497	119.83690426503978	119.9142893381083	118.60819053999273	120.03232747843536	119.97521255224127	120.78948123630333	118.9142274454782	117.83975598435532	120.25442769440824	117.50631025943781	118.9387788653141	118.89708871768565	121.27712888266305	116.58552651528333	116.22252344257895	117.8256859841643	118.66973833701313	118.67862039128646	119.22286173957987	119.10612102471067	118.36728342385571	116.34108488391124	120.15857825649857	119.97813340075214	120.34071341888391	120.52239868399923	120.02700724981625	117.49437673473857	116.43356905019917	117.89185411534932	118.43829994176727	116.62751261737276	117.61131336100411	121.04082760314274	117.46442238852377	119.81629510615022	118.23350820084947	119.53319614886942	119.32267206474388	117.43195306216123	119.269982629005	116.40728212653083	117.06992412800327	119.07236361219499	116.17154776859387	120.49676005097555	118.22080559894073	117.7801742954072	118.93681899138971	120.12205178634724	117.88450428121817	119.04697127494141	120.71134474937405	116.4324760617381	117.9815715407095	119.65478747205067	117.63194840962709	119.53084338415617	118.06030545697837	118.81303171507719	117.97384458676524	119.21116819104498	117.63939936768587	119.29198071658908	116.6671676254156	117.32417767363427	118.31779307762758	117.7222019561929	117.56566579457329	116.57674386160244	115.47823405976366	115.23321547529818	118.47837603420639	117.95437587154568	117.11939026770592	116.01979978532614	117.53981178744043
116.20113175446299	116.50106301283557	118.36074776860104	120.9025684253121	116.35168436126449	117.10603350805516	117.7578179968645	121.04200825308779	118.5400533439377	119.1709231179548	118.5236804455936	119.10892101552503	117.11499890089377	120.24832103551027	121.63216038497482	118.9039913748282	120.13014385995139	119.26945571738396	118.78723404100406	120.10225399217825	118.43430025593644	121.0291471743884	117.83022341813768	117.26448394340774	119.93977037855142	118.59110944575055	116.33541585062686	117.40819998172074	118.02282204965671	118.73936749782415	120.61400015296017	117.8778083852027	116.36296601274746	119.32755125410368	116.08281414862468	118.91417269381618	119.43515934172011	116.6314802887891	119.22746729295265	118.87532286107047	118.3711843275256	119.6502190388298	120.94911420053172	120.08770525956841	118.94973842126129	117.45553453715534	117.28251315543746	118.4995238958042	117.29967140148055	116.09291762993118	117.17227260370454	114.90426263097106	117.00778915378585	119.81407013589808	118.79919687348028	118.05666853831316	118.72465243080586	117.26073301912385	120.49331281034871	116.82938705101878	120.23521906203518	117.46904955058737	120.406851271318	119.22547773934913	116.29134290659943	118.33417984390522	117.36204265708729	119.60181869816635	116.41159880131401	116.04838063670796	117.51622257676541	120.57811983036063	118.6380065197003	118.3166998397213	118.4403021267209	118.45053067462447	116.20199254217255	118.78303442071618	117.76676551533525	118.74216233021384	119.14802105880163	118.36980961279298	118.13659911468211	116.7912980922284	116.91593502390104	117.81364474006197	115.43558317637932	117.84615090876702	116.6964105373761	121.86046110188559	118.35347515807327	116.97582842910987	118.60408281857072	116.87325919711034	119.40206198202604	118.7578141615106	118.65297486942083	119.43370215697006	117.77923258473457	116.89854283385596	121.37771482844967	117.76249332291752	118.4383562494312	119.21726542695524	119.47959004548169	120.77493059762436	116.33069702202705	116.52026244803105	118.56469118553056	120.03038449921404	120.53432514886839	117.43131106476454	118.77615104862012	115.73748654222446	117.88117839523468	119.29232919950957	117.2169464601437	117.14278081469939	119.8123746905181	118.18089449161867	120.62375725883244	116.91196863192765	118.69762733829168	121.18116259996854	121.1278784914769	116.48567341542086	120.32001918618337	119.89396115898187	116.46658489372224	120.85476851279749	120.58544124028279	119.7859317969099	118.73901515672028	119.21708378900422	115.96649097818838	118.27423046824808	116.66140758707674	118.41335068192926	118.88710746877754	119.17636177793798	119.43708187812399	118.51914895660221	117.71452050204996	116.9737129546247	116.2027618626903	117.67041456364768	118.45609444360173	119.35434296188741	118.39712143272219	118.77089780083966	119.41290985259099	117.81008267157856	117.51081638366459	119.1080320790862	117.0586966128731	118.0803396597149	119.50506313624226	120.04379496334965	118.10482019222755	115.91022907814518	118.35829168003823	118.87320521950527	116.93452540340502	116.91655060812691	120.2064507650577	119.14811958504464	116.56115065422959	118.1540554101623	118.81051521441537	121.62387371557028	120.19389950507195	115.27781504729053	119.52101317514412	117.95404442394133	120.10010630774471	116.97787724301321	115.95991439560342	119.96637284017889	118.88293510749311	116.7060268481569	117.46568366243605	119.83304513235335	117.09484035349635	119.43846703934662	119.14046332649775	119.57803198016704	119.00601549839423	117.32890923776588	117.34928137699653	119.74234328729541	118.38606329998743	118.67354022320058	117.55571000395712	117.91459788180984	120.04158155187524	117.10028638959399	118.74684559512866	117.34364258757934	118.28184875548963	115.72250506653165	118.30523241578604	119.7810238994924	118.47693441811553	119.28722200894828	117.77475795105082	118.2615220716135	118.89899431952404	116.84881310584329	117.4837674507661	118.88491810711297	117.61038725298866	121.33901293839739	120.90987566654586	118.8506133782942	119.97849251535509	115.95375849823824	119.06709511205351	117.41487763457685	117.63039993251806	118.26497165589745	117.19634509218076	117.48706210885301	117.61001429021887	119.94214514653807	120.09081921539308	118.66720370003604	120.13858131786888	120.01171933206693	120.80469693445615	119.05450228484987	117.87628493837644	120.28823830028965	117.63348090932689	119.01273715128484	119.09984651003874	121.4440192245141	116.67283141697338	116.42673834696457	118.03796026071267	118.69833270472554	118.95250054752383	119.36925768467424	119.23881357899705	118.42220724908243	116.42851574447774	120.33844763134294	120.00529124255245	120.47822031990201	120.6903986834241	120.23893725332319	117.5269292611714	116.50981520082823	118.02492206086735	118.5987071629907	116.79946256417729	117.71835246181439	121.05697348085052	117.6103192998029	120.01619172567878	118.30377766033547	119.61491050746486	119.62413347763714	117.47963485853907	119.35369564608399	116.60708629015554	117.25115051762353	119.29146163028796	116.2388597371588	120.50463144446422	118.29488117960025	117.95521535704015	119.12063167583115	120.22256693291963	117.96238457307636	119.09499452682446	120.85212658367483	116.57705823102364	118.10672964616721	119.71070591956585	117.7636091629366	119.60792338951156	118.10915981056255	118.93101955146894	118.1819527925779	119.26648221765771	117.65900323603805	119.36325021712544	116.95713172569704	117.56587561630975	118.42480433218444	117.9026043638316	117.8395106694363	116.77212768223579	115.62978587961501	115.31194347473233	118.60598657991478	118.00437224065493	117.49427925929828	116.16053498431785	117.60508616047183
116.3785992666094	116.61256646206792	118.39769111220306	121.0424411262002	116.55239903592955	117.1512484770658	117.82092212105513	121.20888714493286	118.5479824469145	119.37793127369584	118.6215217645006	119.20556951494736	117.18379839495843	120.37091516178428	121.74425915277334	119.13710990336047	120.21026174130967	119.35306905195846	119.00272271826951	120.16586003962499	118.6030459874905	121.1320986905112	117.92917544599365	117.53099953445914	120.05110150025148	118.69024011694329	116.36263833273226	117.43657148889038	118.0885325322283	118.80807204339294	120.70328290754904	117.90624267019486	116.44522057213346	119.34057281222081	116.09173508101426	118.97846234395213	119.54810425917152	116.90640449598794	119.41444400287284	118.98859179202495	118.53732507296131	119.97848265976499	120.95660473400592	120.2578325797504	119.06765997481007	117.53200212923683	117.34580958150895	118.76400624090711	117.41887096396079	116.21995906722923	117.31920735125402	115.00154842598553	117.08422859914604	119.87924791201839	118.89959392706153	118.09561122096898	118.83332966060242	117.35849044281652	120.7716384183637	116.96415033520763	120.33802345477935	117.54059604532624	120.43892433767753	119.32998135461222	116.43823364427043	118.4258178590002	117.56381711554808	119.67902937462567	116.65378281540629	116.10900144303889	117.57147290496737	120.57942321524779	118.70001505423015	118.35210771591484	118.53416971007384	118.47558025573174	116.2561842069054	118.81912787502833	117.79599506984984	118.92533571859632	119.16854001406807	118.41909840404243	118.3221044936973	116.80883339677118	117.00281891553935	118.0138341736376	115.44064769035039	117.91395645135609	116.91318203517064	121.99322200250324	118.50447578628545	117.06606937249651	118.69784136995955	117.15878970244135	119.4657277758689	118.78319945438581	118.75282803533558	119.4458161073845	117.83590816326725	116.98668051847993	121.53396154558513	117.99878862893407	118.51489211273517	119.34274550577594	119.64585354063409	120.91908728092054	116.38060440882641	116.63837430187255	118.59821402825891	120.21178619895005	120.66877998438552	117.47267176209152	119.05681645326041	115.8117337752782	118.09292682759984	119.34894143124279	117.23239330682105	117.39349120095194	119.93926275350151	118.39219805824462	120.72259876836472	116.93184387938177	118.86212274529102	121.18841523060973	121.15617728767849	116.49010259982329	120.42661986327187	119.93410890993114	116.53727125247858	121.01228210307175	120.63616302652974	119.86669998005583	118.84323022406726	119.42290956172944	116.16708593059373	118.36922718895764	116.9654123916587	118.45939231544232	118.89156427362636	119.20347289192289	119.45980661455027	118.66151029106412	117.81575004433148	116.9954467450093	116.49624949655711	117.85286166744154	118.62254058489928	119.54418612450054	118.51141417156931	118.874512575225	119.57558751357213	117.83596804853781	117.59667907333484	119.13669189828343	117.35857393984077	118.12435050662582	119.6001793627599	120.10420325753958	118.14488316837135	115.9425521223222	118.51904807909675	118.92695075436515	117.06096383880836	117.15345682181086	120.28547411940009	119.21152322105792	116.59082551340487	118.21692533716333	118.98273912612815	121.82702715108151	120.25448398189312	115.32361392707634	119.5426011408748	118.02692609009378	120.21544083300657	117.02794082079689	115.97060879422497	120.0271260906585	119.07627296324799	117.01973221532587	117.52598999471957	119.86960971082118	117.13745154860656	119.60568528497407	119.28580468214204	119.69190521915354	119.09680880309094	117.45463797556418	117.43738062712697	119.83248888888974	118.63106865443434	118.843786592475	117.60753262729453	117.92229066465251	120.07257193430655	117.18065569096063	118.80483218827081	117.48149080733302	118.39909630735076	115.78021082687533	118.3220352825954	119.81205562817857	118.67369082956961	119.57670489056278	117.77858990714606	118.38287733123757	119.28301750300331	116.95260187614907	117.68916793655276	118.92955019782303	117.72861531366937	121.5420993473078	120.98220504309502	118.99220324591043	120.0966643491411	116.15689736921337	119.19702617566134	117.5739179385804	117.7216404682147	118.3855830978806	117.28852446176744	117.503339837823	117.91390849535762	119.95592372696073	120.15228546537179	118.79796323469809	120.23886229088572	120.09263938851758	120.90519814652549	119.13916312545311	117.97940623513655	120.31537310444828	117.70158262965549	119.12508921040505	119.2792213655717	121.52601191618076	116.85504103942277	116.43925805092509	118.09345965630378	118.84694599134063	118.99972574117915	119.41260257421106	119.51745041928268	118.63278334912722	116.46744941234303	120.4004391987405	120.14239999019124	120.70734349117332	120.7648802146768	120.27033745022499	117.57430225524348	116.60975252229943	118.0760362022849	118.67057323545502	116.83676499296186	117.74931558065661	121.09392981009556	117.67901699153991	120.09811363546203	118.39895302060343	119.67309432583144	119.70419737881387	117.66336358401237	119.42186238255597	116.66017794491692	117.29117720153141	119.32264046076064	116.38095545942089	120.5356165892262	118.38370727900815	118.03423539825694	119.1506102501223	120.28763764692346	118.14207534688559	119.25301433051867	120.95616566098366	116.64071239046937	118.14611764117504	119.8329279536942	117.82013090976749	119.95679414629528	118.19316765271178	119.11600443009598	118.31673485255091	119.30484227199018	117.9223626046415	119.47478231520921	117.1407219429225	117.72099974323035	118.48350846585375	118.11138008091855	117.91888831941868	116.95587928982444	115.65830732598889	115.4103938539293	118.71212919148758	118.06202503434251	117.522755624288	116.21520080377273	117.76680161111533
116.43910406827565	116.81515927393266	118.51125461689243	121.07913673492223	116.67160378469495	117.15924177361488	117.89760724837637	121.24837095227053	118.60311635447019	119.3826328962509	118.7503652208871	119.29536316521464	117.39219816514183	120.52887174737303	121.83617450447214	119.197979005958	120.30512007766129	119.36392497688858	119.1355790342234	120.26659580913343	118.76392461535319	121.25010685591636	118.04263005048166	117.72955779215657	120.26255870001906	118.88510213445358	116.55907583846403	117.70629441148239	118.19109429310772	118.83730997371755	120.91023699214931	118.09381453953822	116.66815013307865	119.45931245565461	116.40184316913205	119.11184464244506	119.67096163312333	116.9508087084166	119.4470284139078	119.08515895920387	118.54882953208492	120.02652625526272	121.19398714038009	120.31405029608484	119.10585646531297	117.60024528257878	117.48267758261194	118.86866678545	117.44648500754508	116.38739291232629	117.504265914821	115.03360550187148	117.11568169027473	119.9130811908201	119.07016417063738	118.14388170154923	118.94264993799572	117.56415842938452	120.80893295858326	117.02077174940011	120.4028828409977	117.64320451658328	120.46243109359465	119.44667372432754	116.45392689660606	118.50614021753792	117.67788867065894	119.69343117777974	116.84169006414373	116.1639687728607	117.69659013125212	120.76544172552377	118.81019936232663	118.51886862800646	118.65934810179864	118.65199117767901	116.41582365622322	118.83258018864842	117.89436648403866	119.05056874195887	119.25169836108405	118.48408072499309	118.33047772079092	116.99231217044142	117.2894273074793	118.10186139253592	115.53150687797215	117.9470274343998	116.93027427540052	122.18118386316226	118.53992052164304	117.19502164548287	118.8197083436393	117.2970676824207	119.48819750031615	118.96230478458828	118.80904283883363	119.62083497783127	117.89381936764963	117.08035520910306	121.54343208891962	118.0018674409447	118.54263423113503	119.47262656358517	119.6528788414382	121.09896036087605	116.51545023043637	116.89168530872615	118.68258634912512	120.24978317947397	120.74722063106118	117.58347600559766	119.11129990695432	116.00870447799502	118.32514790332179	119.559428740831	117.25828215177387	117.43820192601723	120.01968575759248	118.43021236130404	120.78208608326892	117.1790641662981	118.9021967336491	121.34151945746531	121.24627043476494	116.80007920582092	120.75227405351538	119.98458271527896	116.70697417940359	121.10188692237418	120.76179337856432	119.91114405606305	118.9213287079111	119.4427106890188	116.25593820999127	118.42225190223665	117.05931739801498	118.60709045760797	119.12898625907376	119.38316136055195	119.63006647200834	118.68181460926694	117.91425300316826	117.15028319686249	116.59312463022033	117.95496288634632	118.65987151336583	119.5769864461775	118.6125263056274	119.09243105289187	119.60087284015421	118.00748389569686	117.63958080621445	119.1824492736947	117.52620510815231	118.2714960748357	119.69278949684323	120.13787677378913	118.37114188648177	116.13483890568283	118.5719685877746	119.13044831972863	117.23772907148263	117.18472575719369	120.37113652928063	119.29148630080026	116.84891549175964	118.29700924108423	119.06342167390116	121.89444025449599	120.56538060115102	115.56659223240932	119.81020277262407	118.26936348000773	120.31801038096687	117.12807614491946	116.17621594411365	120.28028543058988	119.23258742573788	117.12825684617941	117.55949658226696	120.17603488813128	117.38559701728869	119.69911425083109	119.37853928447569	119.74786277390243	119.26574942004862	117.52675882016406	117.49041324773012	119.84303345376438	118.64518926240984	118.94051337262864	117.85341619706924	118.22457170210743	120.29208132024847	117.32779873694962	119.0113912094049	117.64959789353175	118.53311992305983	115.99038660976294	118.44271887341453	119.86321232688927	118.71776426358426	119.5999598455265	117.88915225517977	118.44720241165352	119.40173875676409	116.97006706000288	117.8487465362376	118.93692296891479	117.83004519531957	121.58781570205927	121.15267714753139	119.06233959500857	120.23255899182026	116.21251918142023	119.35877821382205	117.68944240139336	117.89189967630188	118.47257566761499	117.35032532114545	117.64843965048485	118.1098478939451	120.13931708576023	120.40911734165346	118.92957056929646	120.31103268135729	120.13847868372879	121.1789778189825	119.28217901494621	118.15256038008876	120.39685958724398	117.7768192899585	119.30125153411439	119.30807405470954	121.57469062036819	117.01258968626522	116.50267654790979	118.1016795047439	118.84876753740313	119.01551897799962	119.50553666350379	119.55098640942722	118.69134029224165	116.59075807118958	120.48826925964654	120.16602424061132	120.73832080843219	120.82826477161663	120.31684694188479	117.75172556587108	116.67228204293467	118.17707665389311	118.75268236918413	116.93233351606227	117.84540080977662	121.53276252093407	117.74308046749583	120.24154691100934	118.56593115454096	119.81754752906335	119.89288976690206	117.86652525792212	119.68269751224697	116.7011597904526	117.41447136627455	119.46819008506117	116.45681562820138	120.84607006314097	118.4760347310173	118.13392741536613	119.27848802917423	120.36644719207709	118.19107197358281	119.45447577973925	120.99401066538857	116.77245274654017	118.30799758482198	119.89528981611845	117.90063464881624	120.06069073181256	118.3548584868835	119.2046993802935	118.3692807362237	119.32445267987845	117.94924566753107	119.56810883524274	117.14753635542067	117.81701663551927	118.64650949728836	118.22439511275012	117.97386262208028	117.01446232667759	115.86074148755137	115.42612295116228	118.78002458104447	118.23352670331404	117.5397095990572	116.30139518538849	117.82128130267633
116.47277093819268	116.86417350046875	118.66740737675906	121.2868799798334	116.8037761352647	117.24349480387933	118.10063224258151	121.30089890122633	118.8216800291641	119.50234547414937	118.83065225056	119.3247318798815	117.52523970966404	120.6884846980656	122.09078138430766	119.39235478834034	120.3816181784935	119.4528767770666	119.18629085721345	120.50041503952689	118.77913663625255	121.32865725591293	118.15188269403714	117.75162656016579	120.29837702709271	118.93287244805919	116.67247723231671	117.73777532442284	118.23140525730348	119.04817099921138	121.01619620504272	118.1393674903824	116.71873337540295	119.49022402758327	116.43311670670612	119.16768257921372	119.81710660726525	117.10302440783684	119.50028679567153	119.12328102989588	118.74435286654578	120.11235690243971	121.34113771499827	120.36918203188696	119.21819313193383	117.70042594670724	117.60877677898412	118.96732012613364	117.63229263439993	116.46009633756135	117.68941898756489	115.28110061292438	117.16639553329426	119.98283771165296	119.09062052262907	118.4610071048701	119.15902939488608	117.57630686105495	120.83115872226682	117.11452959479399	120.49817959419215	117.67929992061065	120.49788537919105	119.76132087365085	116.68034121175025	118.68513168180823	117.78608064595409	119.77419894908901	116.9849335253758	116.2265138482927	117.70639566330502	120.78927048362074	118.98627854820103	118.67124986207504	118.85741702087007	118.84773278244369	116.56591643890106	118.90901863695241	118.09408918158758	119.13553439450116	119.32753556495665	118.64263523661188	118.37868907027396	117.10759901209869	117.32268510294789	118.22719619308367	115.73234510699979	118.08570083881905	117.07652775749997	122.18887964088351	118.59324571223144	117.29622912432876	118.8640627917238	117.42099532850284	119.70908798711979	119.04821412217359	119.05319262935755	119.83616981303251	118.07637110166864	117.25589741285687	121.80970980178662	118.20720659433995	118.5860605771721	119.58359094426251	119.84095474478481	121.15413429350025	116.56985210318071	116.93261316194189	118.77123009192802	120.4307897125458	120.79732788369161	117.7345539135386	119.2024481827967	116.1012678263271	118.37942682340955	119.5777281898447	117.29647724752365	117.63763266950818	120.04452429519003	118.53368638916206	120.81912883004088	117.3897225896113	118.99764351631401	121.59373309825625	121.34041764874758	116.83535327216205	120.83898293392946	120.24108288269726	116.79990349911938	121.20622615464485	120.91122749154098	120.1590171190802	119.02786659889043	119.56554889638224	116.43629876907646	118.55997587151963	117.17687170939199	118.72458797249874	119.14618475209822	119.42979759889806	119.86896014185379	118.98285167737232	117.98062117290681	117.19360202913737	116.70324828432918	118.07490716896666	118.6918812914501	119.71508784114155	118.63596536449273	119.14314268413304	119.6463598937701	118.11526600314866	117.85978261283256	119.26356969934662	117.5994140642939	118.38044664245258	119.76768308803992	120.19251699208733	118.43063427404273	116.253994059468	118.74554057561537	119.25558575461645	117.33065739179942	117.28101330442416	120.47065181804273	119.4406025025732	116.86885234864141	118.32910914867303	119.12214995886428	121.97349596434641	120.67912737597386	115.6490424650442	119.90670675390099	118.35593282547649	120.34099614049927	117.32507713457002	116.22752585612308	120.3987477870804	119.31989419758227	117.32461365786126	117.78905114394775	120.28470175932054	117.42087518174635	119.72768829704802	119.38512508554952	119.80802469371147	119.33734004087732	117.64711423045931	117.62874468689013	119.95145181759902	118.80375272292515	119.1197597374588	118.12165610227323	118.26840558300509	120.40397495429512	117.39004288798039	119.06272536576846	117.76151026063302	118.58944222683554	116.09898515937137	118.48635149095054	119.99021804459828	118.85439431124051	119.67164989483675	118.14628429282237	118.50050400592019	119.43402398784212	117.16063593187336	117.94831165558695	119.12747547187259	118.00579949807424	121.65384761259298	121.25164903411262	119.11255175096474	120.26114483545184	116.30978147132342	119.45524988059049	117.70235265964618	117.90075955131874	118.54493859648602	117.38611691137984	117.69553324505343	118.13491266667921	120.24446180684681	120.48378920533379	119.06744042087591	120.35631994498681	120.18733734585962	121.29532253944134	119.45030954035906	118.20899377316863	120.70267782603942	117.91440538722097	119.32800711810262	119.46976294428316	121.72875636371987	117.10525989061449	116.54503403552121	118.37035371718765	118.97314040316365	119.15760918163615	119.57036060045633	119.74553464308227	118.76080811697486	116.80142050394164	120.70383760366136	120.32961539267566	120.82816299073193	120.93345443430049	120.42891080106628	117.82173675560635	116.91181609070456	118.32191822478113	118.85474456381957	116.97328364283902	117.89420381151001	121.56884959023662	117.95031772973027	120.26516968443879	118.66991442884803	119.93645162712524	119.9163434138118	117.90944293026229	119.76364505618949	116.98961966900127	117.48225038468652	119.49585326628572	116.47947712820282	120.97263019047205	118.55825139357283	118.21657414839711	119.3015505715008	120.54152959523408	118.24910264899697	119.50579303723052	121.08811873344447	116.90483563518983	118.3159441532025	120.12431333005702	118.04391230544181	120.17005358248825	118.4959638375957	119.26761092786498	118.46889120313756	119.52606694155662	118.20399437305362	119.74315954591032	117.18925561089185	117.88922938290706	118.67701121466571	118.30618337053478	118.01424777858409	117.203092677063	115.91685939892214	115.50496896903137	118.84947546991053	118.3106688653206	117.59387751104134	116.3593439401938	117.90149987363606
116.59850157952965	116.94469810000518	118.77476098903581	121.3451822438671	116.93559721099092	117.44046829071489	118.19710771450958	121.4332993188734	118.90460101209315	119.56185146928914	118.88413343298167	119.34956369237446	117.57065080845226	120.72471748209651	122.11944950382976	119.45304143634715	120.52546278048341	119.6341944968523	119.30602178061037	120.5176909426021	118.83534284067917	121.33948723795532	118.17650228061714	117.78197903071641	120.4129921171002	119.05098063221978	116.78461275701979	117.76695128020863	118.34039338870964	119.14506711068066	121.06010500783916	118.17189661873435	116.86696510636705	119.52828482604917	116.49388741250654	119.2257685580245	119.82723561415084	117.18940855960818	119.55902559189708	119.31679383806085	118.79955544852581	120.25438272251304	121.37476115008425	120.4308466288006	119.33335335131721	117.75738296575943	117.65855863164572	118.99251967200424	117.73342444981836	116.51931106350602	117.73282346645506	115.2941749357964	117.34674767992956	120.10861532523589	119.18208265826664	118.50656489635666	119.18990592181943	117.68893927724214	120.89224512797402	117.18494717259067	120.59243446250258	117.81161052433464	120.62719134166606	119.83576980723119	116.71724945564927	118.72814621187977	117.81607948467658	119.91831830987162	117.08245721415473	116.34314840774029	117.98381170901143	120.82841301377627	119.01420282853675	118.75229363827461	118.8709077153422	118.9372368646224	116.59185992218495	119.06324303530845	118.20543839522371	119.2689154781716	119.44043726068234	118.7135601440052	118.571574877132	117.1353807848691	117.3379117953992	118.31325268616752	115.76294571925673	118.24589830937056	117.24584373598215	122.43803512420783	118.6632449838795	117.39838755648174	118.95419327935429	117.52404560169335	119.72095879557409	119.15681273393766	119.10857470367094	119.86554581472173	118.14718119003892	117.33763453839593	121.85412956953742	118.23234018177494	118.72439166537617	119.61249931768687	119.87824241034421	121.19687165509056	116.67858348876712	117.0288017279048	118.9035725361213	120.4494960355579	120.81245697212269	117.76798037998545	119.35184224080608	116.18623271770352	118.49520415278243	119.68630560857814	117.46837179253025	117.71988949152849	120.12720475198404	118.63181532074196	120.9618615695728	117.40812719404482	119.275870743523	121.61133145100968	121.45417534361549	116.85399138377853	120.91740435117059	120.28297408813937	116.84909400822464	121.31538231965807	120.94865174399925	120.26989518378917	119.13677088591425	119.58218651489213	116.56452395533188	118.59446452068164	117.20110520962419	118.77412662378225	119.21968049211264	119.49839273153131	119.90356234859128	119.05242820963147	118.12160879336119	117.23866051296099	116.82366981584833	118.17556447954358	118.83158639962235	119.91794509897261	118.82711721840347	119.19235182325737	119.81490005674122	118.13938467724351	117.87234963945694	119.43941767668113	117.72489448687325	118.47610213407299	119.88341924163552	120.3874060056888	118.54036483836309	116.28213688428667	118.77298865937405	119.35919950095484	117.4483624624517	117.29697570596267	120.59845372444991	119.52586693114043	116.96862486736175	118.48592415411166	119.18084904380304	121.98500004587083	120.77146456700812	115.71239572475918	119.93456604353837	118.40462615544021	120.40475663963042	117.42448034054478	116.30088707442899	120.42671533437337	119.34535304679406	117.36872001062784	117.94378534792838	120.37823475743892	117.4557903098328	119.79572573280579	119.58498199621029	119.85764383527372	119.38270056186727	117.76492992167134	117.84892553051851	120.03468316732655	118.91892183234046	119.14809331978603	118.13914772262483	118.32222421126433	120.46385638593469	117.44725085476999	119.1327431918769	117.83689235516889	118.70644389054206	116.19453109556558	118.7311420370584	120.05307835630205	118.95658566855825	119.78064180139211	118.16261890485104	118.64347544554926	119.62607364353221	117.24655144665184	117.9957899643384	119.30542336436005	118.01511032316336	121.66798965172559	121.3190496569619	119.24450444543812	120.32617358810188	116.38337734191474	119.4951853125871	117.94773748157932	118.06773875550012	118.57050021708986	117.52345857576033	117.71571706506053	118.23748985255456	120.30097694005913	120.54938033037435	119.15913651967274	120.4717364954659	120.30336109482967	121.33749654650289	119.49243079915168	118.32306384997808	120.78704458970753	118.01271970537093	119.42939857269214	119.47865330047343	121.78436243184423	117.13799744829177	116.59539814390935	118.41067744516309	119.03641860846817	119.23429818434921	119.62241718403608	119.76645243931992	118.85684016890893	116.87980341108654	120.80525240913883	120.52049918435277	120.89840213540481	121.13034310690527	120.45416266766209	118.09998189091112	116.96325575439384	118.44566653780736	119.01627887709257	117.12179629915371	118.02906932658472	121.61121338788475	117.9543364641481	120.37800416829039	118.78124377232433	120.04662264147825	119.96097004914354	117.97930130259896	119.77872164392411	116.99385027564273	117.48670725854812	119.72842176667935	116.54227110007854	121.06483181301016	118.59766802129532	118.24726295285691	119.40970237946428	120.56274352126036	118.33486243555966	119.69441567358885	121.14947372350808	116.94128433884848	118.37839395634232	120.1276717429529	118.14691971761384	120.31647693467764	118.5666714623568	119.33916399564578	118.56603302892529	119.55250610006516	118.23138663007552	119.9175699006168	117.27236034960407	117.98304597147606	118.76984537731494	118.32424802044642	118.09116250113284	117.21849401771254	115.98992580920468	115.65491417542322	119.02146997589657	118.44630139918925	117.75109201885046	116.4705819345472	117.94795424388448
116.63268064921141	116.97577531917405	118.79326431561682	121.36889640772257	116.95778613523512	117.48056434165565	118.2442063436341	121.49362119674046	118.92371231699781	119.57182476753941	118.91917435111515	119.65957227404714	117.6561068913413	120.75259644882688	122.12602542497994	119.50602687569078	120.55727359418935	119.64971789573094	119.35657089411522	120.54834540339078	118.89183965090359	121.39461836917296	118.38009236197594	117.79873130922192	120.42955745917914	119.12697454955428	116.84136357530481	117.86438268266393	118.48827578954312	119.22887981529256	121.11459614408328	118.29350062519688	116.96097205462952	119.69385845624085	116.50929368772492	119.52486454412536	119.88280517539282	117.31192212187469	119.6767835879049	119.33173748015409	118.83786725034182	120.29593608621936	121.43114233048075	120.51006899928883	119.3514189496135	117.9120466831689	117.7031737893825	119.1237294001441	117.85086123708523	116.57380931538077	117.78814790227284	115.3358673014819	117.37032265585461	120.18112196804883	119.26190801374703	118.53033413748098	119.23262587831184	117.77230106329313	121.05357980706405	117.26657501756833	120.67464640072562	118.07814173831109	120.74071839878482	119.88756633167154	116.84070994493067	118.75100420978201	117.82733171680374	120.0086358652424	117.12253135867319	116.4182069307442	118.15464065857998	121.02921431061034	119.08280343882011	118.77062766111317	118.92686990997416	118.99003537120187	116.6687548874058	119.07952103386108	118.24560100936145	119.27828082007824	119.62451968538107	118.74481608684124	118.70331655322721	117.24965237953322	117.42326931869154	118.4784422242165	115.88306671745895	118.26897190102933	117.26218666259545	122.45909654596122	118.73596697777108	117.54026892178825	118.9674067535928	117.60757632703222	119.79527734479602	119.18229849360651	119.17108049096312	119.91878179479781	118.24589478853706	117.36439345279759	121.87788898095631	118.32896710841752	118.73509747488775	119.66258187516364	119.90995677723656	121.20794023890994	116.72650032337981	117.05394436188273	118.94987164545076	120.46388196021476	120.82682589284558	117.80260965243762	119.44860667772178	116.20543066953198	118.57930241584002	119.75936736578477	117.49476287635142	117.81475958917916	120.2408072553696	118.71084318206663	121.0168101281554	117.43297383983669	119.3411866956005	121.70583026801168	121.61789217792591	116.87612653706884	120.95062945422212	120.38908619400068	116.9163589630875	121.33596054988175	121.08022206513807	120.2962354657714	119.352168701203	119.72295551518495	116.57982449842129	118.66614287262276	117.25242157813376	118.9819444766438	119.2501855343824	119.54854244982035	119.97158043307219	119.18264130868641	118.1552731894997	117.33107652772827	116.94056068283534	118.34065486614664	118.9259243287714	120.00613719531012	118.95416869525636	119.31242811989628	119.90656789717566	118.2518001409017	117.94400031664644	119.45625954713879	117.76361499063384	118.49697886949035	120.05244973172879	120.43040039609298	118.60205926460155	116.38492310986814	118.81627358106633	119.36902763459294	117.51161556883208	117.4595732240143	120.7319062129851	119.54589353047112	117.00136288164663	118.5648284732389	119.3410128640683	122.1721765885923	120.8036832763768	115.82196573306267	120.06141884698614	118.44314769099944	120.61256018844966	117.5676138926068	116.37476168909309	120.4774916397772	119.36261405020778	117.39316814431204	118.04277748106394	120.45557455249818	117.52948374962038	120.03798677341433	119.73157812821405	120.00238485278841	119.4538034385454	117.83262943145671	117.88814013471917	120.09768110881232	118.98180983291248	119.1609314870387	118.15803445257424	118.37243911005687	120.49358490732479	117.55753808724943	119.32676208611034	117.88636814214357	118.8231483677076	116.29047694809299	118.92761420070876	120.18885897164617	119.10664109080604	119.88712183016193	118.18921016785016	118.84133569298997	119.7042415053106	117.3465961200671	118.02844601244465	119.39328370955833	118.02411068643472	121.76647653059763	121.41463975077122	119.3916084251308	120.49788419810612	116.50018548420309	119.52567178476178	118.01779972982669	118.14439782181455	118.60118472470748	117.72723814432449	117.93041885123296	118.27972133731706	120.39882272218394	120.67116149265058	119.19363332382152	120.62742697855182	120.36659059240492	121.3905097219913	119.5119862801379	118.39022863156734	120.79137140928127	118.17177882668011	119.61766053433632	119.54672357799342	121.82856143647994	117.18704653904169	116.77762631827748	118.48317910163549	119.25114194796834	119.3485508453608	119.7486147306313	119.82235946155514	118.89216999309998	116.91903357920022	120.85641213782499	120.54915356766537	120.98017892998237	121.22291797060043	120.47793633352023	118.18590863341011	117.06893210428451	118.49569076168649	119.0848160853511	117.26285743942901	118.11183676400663	121.6592653425762	117.99822688787386	120.42245831181863	118.92235809849427	120.13478621591767	120.03118119034197	118.0096305686756	119.90283912418501	117.06715821888307	117.54383230303839	119.75252751557821	116.79729204787893	121.12386685129972	118.63424916431735	118.46387227877737	119.55629346890515	120.63139216837158	118.47314500596343	119.78772295815317	121.21827356958555	117.00252355436385	118.46786286992248	120.26020270677192	118.21650272302257	120.36672719884692	118.57117157663602	119.38479128933182	118.66659207889575	119.67650479368471	118.34384228951002	119.93216829675532	117.33567114838539	118.01382039544366	118.90094351397485	118.45698357477025	118.2471948169689	117.24942686797273	116.08993676969813	115.81316256890567	119.08602434055474	118.51899584153965	117.8692351972597	116.57236120162557	117.99071598421081
116.78297375821538	117.00426096818146	118.87163475460437	121.42720144135276	117.02355370100331	117.55285842775372	118.33276806153584	121.6588051516951	119.06592970094174	119.70764069862317	119.07878106418086	119.66676871245798	117.8110634276793	120.94156539190054	122.15085677292811	119.5452238629835	120.61420808005154	119.81167922290311	119.40694569432071	120.64921702650032	118.92073744765169	121.52332188575075	118.42221552182987	117.82280573834008	120.54323457645884	119.21817674507965	116.92753952395601	117.98416424529697	118.66274324847011	119.26717802693611	121.18334424262241	118.31361405775932	117.05670520017026	119.77988667556431	116.53793575657816	119.57547161263628	119.95397062171376	117.31560840858246	119.76664646334304	119.3832142492699	118.86518999405781	120.38060058243026	121.48102438169576	120.65417027657907	119.44500570493683	117.92993578675156	117.8377438659212	119.21096797460953	117.91002014170773	116.61049815370077	117.82224839576284	115.35529441737681	117.43145413093426	120.34468652196799	119.32476908568565	118.63453812073583	119.30951158759989	117.81575905005698	121.08729004233055	117.3976306978953	120.72498914845681	118.18616267678632	120.90542716536206	120.00908362610474	116.9405271981938	118.87355017257478	118.03487895795597	120.07796035024809	117.16026890674371	116.51999178681913	118.19673103265626	121.0801761893044	119.1137596112515	118.81096267657412	119.04916519019201	119.05644735502044	116.90470763793677	119.10333314738273	118.34282190260913	119.35225137038984	119.68736598339075	118.9050583392971	118.7970356232997	117.34598743652082	117.47730706339348	118.48882399128505	115.93411592837006	118.37138251100791	117.29101939443885	122.50196592228468	118.76413665348137	117.6507612970253	119.22047867396333	117.66358713659824	119.84547657481451	119.32340197433597	119.20086382204144	120.11381175265754	118.26853416268285	117.44380046771482	121.95281486646272	118.4154064526746	118.82150020618926	119.7323195439295	120.067916350796	121.30341743507469	116.98379272185774	117.0931744813828	119.0429902401983	120.68394205718953	121.07301249439068	117.85181457168486	119.49589576747906	116.2847375383989	118.61628019531085	119.82640897651302	117.58714942418311	117.82898325678329	120.31051559624656	118.74023825427678	121.14295718315286	117.45930115632846	119.42010532740832	121.7589820647166	121.64649902102555	116.99362040489379	121.1530106869822	120.45722532825741	116.9932160542144	121.3700905053621	121.10763402823721	120.35389714136905	119.3823504127454	119.9302108346857	116.61565837097221	118.836515818409	117.28114333275207	119.02003196151342	119.36463674462821	119.72690901829202	120.07633571344245	119.1859020305499	118.38615407129063	117.39898985016278	116.98672281673161	118.37699639096151	119.04730046228349	120.0223193118465	118.96233015800004	119.38694836063077	119.96054098790655	118.28203481617946	117.9703718635135	119.80337297746908	117.92359637711341	118.641069848613	120.11324140151632	120.5711273524959	118.79790803141448	116.42085805409882	118.96837895690724	119.50756596308204	117.68296108049722	117.51535285444263	120.76820863908704	119.70648226689272	117.03381194428084	118.61586599103815	119.40675091799656	122.24912658729468	120.81286712050925	115.8490800586914	120.10682589753485	118.50009095709231	120.64265591433455	117.62253586210356	116.46581193028256	120.5512456325769	119.56950404903571	117.41960566277056	118.05307527435023	120.54026035726764	117.54307954108403	120.18595316863177	119.87386886274813	120.16406303971038	119.54787225970826	117.88004822954893	118.04609092208261	120.1257318958854	119.25515109829642	119.28447286550328	118.19340032625257	118.57313510302222	120.66936238959259	117.56378767349239	119.35893393379635	117.90983119533163	118.86164826169266	116.32503774393086	119.00655675681202	120.19866990225066	119.12840228097109	119.97855826639386	118.23834590053491	118.97083828359638	119.71887417484342	117.3823097717729	118.2715780768579	119.41525540342427	118.08941141468247	121.8989671375017	121.48825206526526	119.528398535201	120.60440423941938	116.51565492666977	119.59308776295443	118.23497336045014	118.36982759068407	118.63461697355682	117.74864881345853	118.05921917057834	118.3117847948323	120.44372406727268	120.74073679840525	119.28131504676283	120.72137201613056	120.51670612885624	121.4933443818065	119.622076808084	118.45028796891295	120.8268755712948	118.28169979654243	119.74223749784584	119.66123984390354	121.84171526768287	117.23114255526501	116.91039002123902	118.50403604708161	119.40319170933861	119.3826116233809	119.88634544028287	119.98113363063042	119.1163985158743	117.06186002267454	120.90237022016031	120.56314613927758	121.03575060258011	121.31217782172546	120.61522019326901	118.36269765575524	117.13589086346	118.72992124327634	119.16878414377754	117.37251427759743	118.19640105822785	121.74600586167556	118.16434120484712	120.53121738427696	119.04444396995667	120.28927212514355	120.145572521046	118.12975094745526	120.06644007278811	117.11429728262239	117.56327411078823	119.93428054328226	116.90468378826581	121.23536638524331	118.92340967949269	118.56841924935034	119.66133543911904	120.7938607017859	118.60704864644345	119.81595152325798	121.32424268698341	117.09164754990888	118.55817536733528	120.31618681894025	118.31212563172664	120.48859454521214	118.65328284295697	119.43036042989117	118.71211545559122	119.73982642102057	118.40031624669679	119.97979661655835	117.5134797443174	118.19779426404492	119.00050376384965	118.55933594890232	118.31663839646902	117.36364840100677	116.23969494045501	115.8327510889186	119.18609683495806	118.67199845162038	117.93787938105949	116.65069441345355	118.18101647206865
116.92678279913663	117.09071371431774	118.94154819710367	121.58645805055893	117.08590401404878	117.72782655634755	118.34455498427506	121.72217461099383	119.2699503162028	119.88290792522159	119.14842919965125	119.92434664688183	117.84949292924175	121.16820237974298	122.37376756645853	119.69117879644584	120.69064371470574	119.82374685369905	119.48570009444674	120.65409947867003	119.17198145283102	121.79337900353211	118.52012921932533	117.91102955478478	120.61942768750477	119.2400364386827	116.96112127191735	118.00635854002712	118.70871036657117	119.37286575228458	121.28601682068182	118.47388883803228	117.17262733196537	119.82135320248274	116.67847972858854	119.73510709152497	120.04069209540911	117.40542882741417	120.01221846687137	119.49122353869234	119.05742303207522	120.4330477703437	121.57380796225468	120.75021493821711	119.63976845751097	118.17271935655558	117.97089840450784	119.3450353218632	118.01497324339557	116.65570804300003	118.0355534811591	115.56154172242925	117.52839411341719	120.3819072675061	119.4138463734802	118.64692490339992	119.33153095398934	117.96814037160729	121.2010211061537	117.42801930695931	120.84582820944435	118.3309143698258	120.94638498419376	120.13536229029668	116.94908351933817	119.17314164924954	118.13713842430717	120.21394294351664	117.24302270460547	116.79194041031842	118.34210032429363	121.2495236469692	119.25440095256896	118.8900660032133	119.08605039909412	119.16863349255016	117.0249660299641	119.26149212074874	118.41430233446916	119.4558284651926	119.83597129880916	119.02264922729991	118.83032941370662	117.3913742038916	117.59610790994897	118.64239893300326	115.98652769646074	118.47318281772493	117.29825889926252	122.58111884374429	118.93125034613342	117.85879735567511	119.28831939060721	117.75949780801444	119.98613534850453	119.4062226542276	119.29984072999223	120.20764787577181	118.30060273413304	117.46107098147945	121.9910959171534	118.51883196476308	118.93598324028878	119.90477564638705	120.172614845886	121.46222799945907	117.19543332128491	117.24885481708824	119.17421839354952	120.8884095207797	121.08033423061772	118.11328374247199	119.52029550768063	116.4818238517234	118.78205829909982	119.98742947024928	117.63337151859122	117.96954784156807	120.41255334108747	118.78436919186895	121.19592563844809	117.56074843069459	119.55986107391293	121.79920061559116	121.75582941881419	117.15804897545536	121.18557782723597	120.53376641299788	117.07079500462042	121.47311096635369	121.19484531250005	120.37904841391638	119.62502560932617	119.98255451460162	116.87622047758889	118.9527555410092	117.34626767952226	119.06651778143676	119.5137905209069	119.75827354312649	120.11595335551884	119.29303926271358	118.41578713775712	117.44369383536085	117.05740727832458	118.47366951083858	119.1078626046546	120.08756358133608	119.129504590832	119.4419870212933	120.10714620272842	118.32977481938494	118.15034824459073	119.81678485200439	117.98874751494053	118.7284573560246	120.20724573933616	120.6218570562671	118.84301374382414	116.6042421360204	118.99519303959299	119.61700088529075	117.69110483124227	117.63910890136022	120.81555459926118	119.76298521537854	117.13545651156069	118.67443578864469	119.45666053499741	122.36406638934906	120.90284420450381	115.96643255950838	120.14585496962222	118.52552426039568	120.80276940505642	117.64452357234292	116.70094237042983	120.70911081307378	119.63384245887758	117.58983714641234	118.06706905502071	120.63812156043487	117.72731246027513	120.21264656335201	119.98737867995574	120.17580605363705	119.70042317825431	117.97883615858086	118.17667811035288	120.2743790917114	119.34189387479584	119.30644369735711	118.23641235387235	118.69817665952257	120.69786710695354	117.65687949117293	119.44793289809873	117.98162369856774	118.90753263023086	116.46531916533591	119.16148258314013	120.28760711862367	119.17539561590172	120.02985631945012	118.30437452760441	119.03695668327039	119.74870479239212	117.60939117237935	118.31259942398647	119.49278035007123	118.18320369406437	121.99198891340559	121.68869527067939	119.58662612883928	120.63185610427568	116.69273459854872	119.72946287162203	118.28767032616669	118.38283125630528	118.89415653858472	117.81422549994377	118.11292257999818	118.46277865759478	120.60569718477986	120.74752113810385	119.35146605587143	120.8365988309334	120.54707764568384	121.51378430472617	119.72204294502986	118.54113661161979	120.8633759620793	118.37897634198809	119.81298314841975	120.07683833080489	121.87392866789793	117.36905608585806	116.99653783126045	118.55266988363154	119.4412864170393	119.41596371421265	120.0009868731256	120.0014728089188	119.14831815216543	117.09170232485891	120.95139337065616	120.65562392643284	121.08313799213187	121.34180547235445	120.74035489511289	118.5099744625146	117.1601153409119	118.83498104058833	119.28641403030764	117.40282065846756	118.29238565893803	121.77183354432988	118.2695110193892	120.60395257973849	119.06703129082155	120.29956323108935	120.24119539334495	118.30727825766988	120.1698244213416	117.31771073963297	117.85588209965884	120.01539623400187	117.02342284732538	121.29046192341092	118.99538657585732	118.59782599754507	119.70554744160661	120.84645023038215	118.70137544096835	119.91927138511814	121.38440095061021	117.22640795421735	118.62541823396968	120.41565723412032	118.36011886305869	120.52496952774787	118.83786228472816	119.46416709344724	118.83398328164144	119.77801112499525	118.55596470094139	120.0123034319673	117.54623271527957	118.22664998081991	119.15646168540914	118.64372355742802	118.39358844256898	117.51846837034066	116.27141687613846	116.0335269213309	119.20141092737134	118.84958001996382	117.96371800269843	116.86018854295163	118.32484648342773
116.98105229142465	117.17906401061406	119.05534002204752	121.66102440264453	117.10775250566374	117.92086457590179	118.35663625766301	121.7515898054211	119.31997623508653	119.93721114416968	119.1769996880986	120.01006504412764	117.94046196188495	121.24989948158256	122.41223296728744	119.75526661327677	120.95787472399958	119.96980246892493	119.57398671348565	120.73792991488088	119.18085813589032	121.83407112284736	118.52822664998281	118.14472107264943	120.76858151885881	119.26478268846681	117.01385611598323	118.08627492251263	118.71073410152496	119.45389373349452	121.39858410179761	118.59262187284779	117.2291849922503	119.89178905667079	116.7149858728948	119.84429508216981	120.12294943593453	117.46651572748722	120.1193452822825	119.7584167397417	119.13371874126759	120.53191420125174	121.87488421959735	120.78286423460871	119.76959317567702	118.18459725105862	118.10877829652415	119.41689461316557	118.24598129610159	116.771822599734	118.10379713735196	115.73391857020417	117.66725365141754	120.5095531354969	120.00977057638372	118.83114539280055	119.41542828137021	118.030907858931	121.22405827662354	117.63893106796309	120.91579043413535	118.53526241631283	121.15260585174691	120.23753248717188	117.06396170651577	119.347362297273	118.18153179425083	120.25672778204884	117.2848170763013	117.02013763865727	118.5061446904766	121.28812202363954	119.36307001105253	119.2058277309956	119.27139244477036	119.27642106128556	117.14884806194826	119.56185424432333	118.41913341130848	119.67479147801254	119.92319113954662	119.05761929326914	118.87722772567787	117.46866764944345	117.69135243056414	118.66478986354804	116.03450051356968	118.50103653664205	117.51291800514815	122.62913642479955	118.97897610365337	117.90812223319146	119.36714398845852	117.94947963855424	120.11314981567214	119.42014913369194	119.31855746657946	120.2928992445259	118.38076807045636	117.56831125990837	122.0165582333686	118.57270250618649	119.02957520156141	120.03115997419256	120.21064843509319	121.51900006609156	117.22119049170149	117.34456437812167	119.38817795419702	121.05042225293943	121.14406841096495	118.21235820684592	119.61468937808719	116.51698509918857	119.19248151857536	120.03331357946627	117.69576927633425	118.0146685832653	120.44296898434379	118.82287792074615	121.32170934676559	117.60865037442541	119.5726596935646	121.93002310029274	121.80593976627642	117.2046724789893	121.48830215220032	120.55422709461392	117.40661934064974	121.56257602384235	121.34983861011	120.43184666743272	119.6891812499798	120.08557547373965	116.9708578747397	119.00745493566974	117.53759042739583	119.15992854356477	119.58422410292809	119.98345277305307	120.24083638058515	119.31908550825548	118.4563095844264	117.65512187231302	117.08125186583644	118.59677498129736	119.20321580913922	120.26365854066111	119.26074838692631	119.45074546247425	120.4582741357864	118.679811424755	118.215016466419	119.84337422045756	118.1348257530069	118.83693042090589	120.25440265711161	120.65231786843337	118.888038470162	116.62298884896292	119.1268476955993	119.67413623669995	117.82895670424021	117.6828046495879	120.94061817639314	119.88489105420086	117.15179153514431	118.72778519805682	119.49285551177009	122.39027314085475	120.99858236915864	116.05773876476798	120.21328699041914	118.80247506866534	120.94921661477129	117.67783592558783	116.71839552357035	120.94786449945606	119.73167172595414	117.75421640949999	118.18820054457484	120.72350391171416	117.75546413590716	120.3554109547368	120.08459697322662	120.20827442287154	119.7933192601878	118.05679124895732	118.24511385355312	120.3319976948502	119.46199556451849	119.44790959961752	118.27941743141247	118.75711205571865	120.72807974763903	117.81656465631032	119.5219466747122	118.10122297438495	118.93126850333255	116.67663462590654	119.1700283562689	120.29553489208229	119.40384189496999	120.2200156576288	118.45486537675498	119.11236628887418	119.76784740126827	117.62706545319743	118.32625628740102	119.50502567319865	118.24178811114747	122.05203987774942	121.84939043174093	119.73056331564743	120.87753563028878	116.80384499754999	119.77885080567275	118.43744775879087	118.40425140639819	118.96957929788267	117.89380762227438	118.14571925309767	118.65817623020739	120.81846607569962	120.80783571969575	119.41596134584812	120.99097508883847	120.65167561268953	121.6616983113553	119.80271063427129	118.63445674936872	121.12327491439392	118.5272456090014	119.85362023928123	120.0959762305884	121.9467621203415	117.52633358172918	117.04045981711378	118.64898559502554	119.61541501522078	119.73378263913594	120.04166784226587	120.13317181401297	119.20760889066365	117.29707136170856	121.00538482746114	120.68459520460343	121.23051051552264	121.42602948450963	120.75385004684055	118.55432117653973	117.23157141407235	118.91726549031574	119.29828756176019	117.46461427177687	118.42453075665676	121.96956763160301	118.44307577217427	120.7022613489173	119.12542760711591	120.31160073943516	120.32059536498294	118.43184309131522	120.25916680143608	117.3411737706675	117.93426509130335	120.0371640801551	117.14285591849762	121.33292045517898	119.16383412069483	118.80833570455597	119.76935402286205	120.88157603333612	118.78438556501938	119.96347357535967	121.42395193535401	117.35438767954892	118.71417342676828	120.48494407606758	118.37595726022434	120.59580393271708	119.01225874103191	119.52633143536687	118.96633434359843	120.16618524287024	118.58220854418475	120.19496739337575	117.64895825609332	118.33941183865147	119.30764929055428	118.7168193602391	118.51090562709763	117.58821113649338	116.36370853382692	116.09976630091202	119.31340259572458	119.09680314180493	118.06265953824291	116.94074959783823	118.34720630449051
117.06108019202557	117.34909256311589	119.2137223286118	121.78959818285404	117.14952734235658	117.95476204491136	118.38322273784729	121.79958700970457	119.35143656522182	119.98921997670243	119.34051566708366	120.05876827170495	118.03004810293457	121.28029018325236	122.45497501405434	119.77245934716453	120.97905810225491	120.10425490472446	119.58912886516175	120.84740810593786	119.2060994409772	121.85403763884126	118.80229657817684	118.17754437414911	120.85537338122187	119.35726275931859	117.2977734735246	118.16105970988428	118.79024974149455	119.56696705290688	121.41831491710313	118.6521112148591	117.30199845587788	120.05516969662811	116.94878614408091	119.94352975869832	120.23628999926606	117.49012583246709	120.22905985160116	119.80969247045724	119.17312809674483	120.64823603625743	121.95571321191647	120.8866703442865	119.88408321240436	118.25901599841703	118.11477621233865	119.55002449498319	118.27233093270787	116.80264118717942	118.130383254719	115.7889876660256	117.88427638847615	120.72143773130004	120.10774808470941	118.88817639247151	119.63458193727934	118.07691745481114	121.35348949781903	117.71966900800469	121.0207465814615	118.54435209659952	121.28728338677055	120.34816889405093	117.23848436404124	119.38935957242322	118.23200971311385	120.28816845841322	117.38048110348615	117.14807720196934	118.57362457608326	121.35457515382299	119.48601845721942	119.27171691493656	119.28727717059154	119.29003635741653	117.1902695868957	119.5801909681619	118.4515596630737	119.74970201480916	120.0312068628171	119.14458553393523	119.02909891399631	117.58023636674443	117.89492192148157	118.8379438155547	116.10468458612908	118.64750485484137	117.64130808122727	122.67674915749333	119.1996391147904	118.04290008856903	119.52327324193105	117.96026600479172	120.18609919067454	119.53019096459555	119.34853552608931	120.34998955430805	118.53956068311862	117.6707139050225	122.12855853887088	118.69240398800204	119.04582326414027	120.18381813056016	120.31792641416807	121.60687185932066	117.33257562884532	117.49612487397366	119.40016610338168	121.18408956991054	121.15876632250375	118.25422494979883	119.73898104535061	116.56140926027149	119.21427054881856	120.22443789353814	117.86670512586325	118.12232995684029	120.59246548536314	118.92043018312533	121.51728606916694	117.72703566055856	119.69233847926931	122.05738453309449	121.90919793547997	117.43219119498431	121.59678532244918	120.65740026636188	117.45301727607053	121.8659398265535	121.53340253397148	120.60225408432159	119.79452697818785	120.19312648488328	117.01930119544568	119.08358263977061	117.5546643325661	119.29639200915263	119.68261504275586	120.01779939027642	120.27302132874733	119.57187593466207	118.78502871276758	117.75430046850556	117.23471055010614	118.63812480882058	119.30574928870077	120.29696923389865	119.3184874653913	119.58305775588143	120.58238742290881	118.68718953771508	118.2839452867639	119.8844241773673	118.30440725371514	118.89926521092953	120.37028064302082	120.84248340355	118.96354415206115	116.69866712364426	119.1704597926176	119.95447636187309	117.88919765548826	117.84890989980147	121.1145027253269	119.91890279366538	117.26427998976098	118.85848254282241	119.61100653034347	122.42580797180766	121.0098822460188	116.11666538248248	120.27507135991048	118.88187506180323	121.19646461292429	117.87360688323038	116.75055796431533	120.98637209636424	119.87405807121482	117.78093339578162	118.25461885750116	120.78592109584629	117.83306804675573	120.40327929980614	120.1685725366882	120.2868350997064	119.83761192437058	118.12142136736784	118.37061589831376	120.57947267379544	119.71398170591284	119.49140235595925	118.4325333818668	118.85006200791895	120.85081088128037	117.83930371694329	119.60670967207537	118.17754305588589	118.99471922095788	116.74110889292719	119.23773611715369	120.45257354117687	119.55203459705491	120.24566111558815	118.5870308606845	119.25944359378526	119.90785228225651	117.73117829826055	118.38572970681278	119.59206224391882	118.3498181231416	122.08787619780517	121.9488342668094	119.8554525268703	120.94643237036078	116.83544334048638	119.95329185202343	118.56960880879805	118.48472622114865	119.0459112238015	117.92195070238593	118.30508301644484	118.68358794679462	120.88813757515717	120.87369419961067	119.43618361857348	121.1100520670256	120.86039965499533	121.70790580889586	119.82557960589766	118.83809915053749	121.1832146081241	118.61335303737224	120.06636408262882	120.14380906526925	122.05132548014775	117.5807977637107	117.35413412417464	118.77431016884367	119.69184839548888	119.79359274752207	120.25124362030135	120.14395494018854	119.3370647417984	117.31831850801429	121.1678756595127	120.76169215821687	121.280453721887	121.5607790266085	120.92634811220286	118.64205856635039	117.28866103137625	119.0419833208796	119.38741551690286	117.57546258381815	118.57448202475013	122.04600924643013	118.46143840483558	120.81561033431358	119.20432982855593	120.52167490774774	120.33318644605701	118.46234789113815	120.46207890244449	117.48891635168029	118.03052403177526	120.31601991504255	117.16243300431162	121.3781856783605	119.28153854216477	118.80943492725152	119.80793406378129	120.98150569826319	118.81544632508147	120.12398919618002	121.46853771013626	117.41391275555756	118.82751707949211	120.63647939484436	118.40448477231702	120.65493979771438	119.03818101818621	119.85196334611173	119.01847689556703	120.27649831496457	118.72683963862531	120.20930075499527	117.6775249471153	118.36448672879824	119.42123327924928	118.75985204498721	118.68595599678936	117.66446912005888	116.39452779606039	116.15084348420984	119.4967483419799	119.24361546805616	118.1109278573938	116.96128450378195	118.53617741296509
117.09540595901748	117.38713198628555	119.24012596645247	121.84331016343192	117.35934039937503	118.11336423742785	118.62460947676021	121.9824925335554	119.49384280128257	120.0815640656328	119.39911979490375	120.12996348826545	118.07219953853952	121.32827583555688	122.48255797541015	119.88483847818425	121.06623926177848	120.1272534930549	119.71825571262202	120.98281753471356	119.40695660198253	121.93345403758173	118.94771159701699	118.31506477562999	120.91624451366923	119.47381601919287	117.38075949775332	118.2067746327977	118.92448930074568	119.59119439873123	121.60432879745679	118.7126188237437	117.35428241261141	120.09868332582651	117.03987795087674	120.06325426937639	120.3354852407556	117.7664680773322	120.29023750832475	119.89762597127611	119.30743104218945	120.69975351213282	121.96017039428337	121.11976895867842	119.92458691281105	118.36421927394485	118.22099652168954	119.56053628682575	118.34339533204488	116.86304086982905	118.16284405976609	115.799437561555	117.96561748328493	120.76777300329944	120.14885053504435	119.04524717418575	119.68220939976952	118.23340657732078	121.39310561139118	117.75803173715269	121.07004377882902	118.5697572190664	121.3332551837519	120.43897428956522	117.28485218226277	119.45836507764852	118.40855959123343	120.42990813791172	117.48470750726533	117.22862346106294	118.7083309945639	121.47677923783966	119.55943896765876	119.27438367035779	119.35254979782489	119.36508581935004	117.24050661646798	119.6128891207804	118.62508072004196	119.87135835746531	120.10413271483964	119.22166941471775	119.24926488174609	117.71857189487584	117.91490406103078	118.93821139419387	116.12946022527885	118.7262044700698	117.69707441354343	122.91538336579475	119.28900045225322	118.09989360678101	119.56334114155611	118.04023266100893	120.20282761485103	119.55504783058733	119.49208496450812	120.4323167026392	118.60861422677434	117.81184754777007	122.21917515725943	118.90170390584689	119.20314010791057	120.19452219258021	120.49105721474194	121.74550920443943	117.47708732616849	117.55708179184278	119.62605458678388	121.22579327276227	121.34676951049974	118.27941293904253	119.76275770560598	116.6489695066934	119.2677377320815	120.26197266815116	117.93162023518595	118.19688051934024	120.80736770088923	119.11691906589385	121.54057570834303	117.83900527476113	119.79094416048515	122.11492521426689	122.02244950468868	117.46431496881301	121.70200308173138	120.73729610574684	117.49851660738328	121.89350245092723	121.63646040004521	120.66707564224518	119.90555410178196	120.35783463089784	117.02766780161956	119.10329126716448	117.5951753957968	119.38961881274923	119.80350526867164	120.0814498773048	120.39565778840701	119.60540369852013	118.85419469480131	117.7945445461563	117.26142650444528	118.75184499161568	119.4668608495982	120.43064137127313	119.41668415339474	119.62885626029772	120.62395223055044	118.77321243018258	118.41678900815324	120.00663861199526	118.33332716816865	118.98179724247575	120.47087345345079	120.94068855450176	119.00639777741017	116.73950627784201	119.46614989994967	120.00759655785788	117.96746730802752	117.93702827031093	121.14071782600959	119.99509969335539	117.28651253375698	118.92292789229145	119.69060416954157	122.4959170659668	121.07100221746306	116.24932475835732	120.46889638736285	118.9742412027293	121.3206039912088	117.96858646579454	116.94727129215131	121.08005879526768	120.05404814038926	117.93589734082539	118.36078833770706	120.83214730400208	117.87808507422908	120.50246644502916	120.19560003532109	120.40202737651632	119.92193533936464	118.37152194360563	118.56426356435796	120.60445828232307	119.7611943335669	119.54883556068883	118.44596761801546	118.9583962533133	120.88981110365255	117.94050757298457	119.75669348895205	118.27865108485112	119.06225422490242	116.90599454927445	119.42421006823415	120.66329739630471	119.66976398203798	120.29151847838175	118.67712839809124	119.2776908444901	120.12041327720205	117.85209038790124	118.41944202008352	119.69025605959446	118.51841453520956	122.10667621420521	122.0045271798682	119.92161475394931	121.03991470522286	116.90812301728505	120.09932012194788	118.69473359683982	118.81329624420074	119.10521265942069	118.10891868599569	118.40349895649788	118.81100341621621	120.96818144449038	120.94742141297534	119.59194831253305	121.14790403377269	120.93295142876161	121.80337376740016	120.00798006648184	118.96902501422517	121.20007876532081	118.64749723891116	120.13375985639324	120.2463837429419	122.2222214560237	117.64578001516587	117.37703528076867	118.88162853116522	119.74746109368446	119.81704786948683	120.29773578897402	120.18200732806889	119.45852642075863	117.37085224335566	121.2335882737478	120.95102342449793	121.34278649183193	121.62273397976354	120.94655230657375	118.78017994824964	117.32053862497008	119.17674008148094	119.50213926891243	117.7729845102898	118.86120969604349	122.11010573032208	118.5217783744543	120.87719081412625	119.40934394862768	120.62907118525435	120.46538401471909	118.58842652255267	120.52570714787697	117.51408245017373	118.05736151498786	120.38455534785214	117.37641237445543	121.53125676415164	119.33611135835066	118.87524436645576	119.88007595972216	121.0852484700616	118.98720515492012	120.16060432280356	121.60047393296983	117.49914238625571	119.02374417044167	120.66470997070664	118.47442654987735	120.78039412722913	119.10362832891394	119.94594633790076	119.06633182956546	120.40913634343327	118.74634324188736	120.26365485650531	117.77844896643067	118.48192488071038	119.4946275852849	118.81991744900195	118.70937053407613	117.7164075427071	116.55132519548235	116.28110193786873	119.58219187588345	119.32557424075469	118.26290391179656	116.96941253701644	118.67592507702965
117.32580305924445	117.4927637699155	119.36709725381196	121.98652303135881	117.51097453314533	118.14708484719914	118.71977318131964	122.0290536272812	119.68816343047635	120.24541910381448	119.45114581152971	120.26581314655824	118.21669645495265	121.35607557537537	122.50899481750069	119.99173862141859	121.14029866579301	120.29142834041822	119.77732309615712	121.0538968008027	119.43530209430477	121.9711853515087	118.95860177874454	118.37471981304473	121.0540678076774	119.56623988755942	117.44751564232661	118.29712451683098	119.01039561877509	119.73733523046549	121.66472535911491	118.82538337132657	117.44057342025108	120.40617282685453	117.05663520889355	120.10486060975809	120.36396787770221	117.80313825291933	120.44151141634366	120.01204499555365	119.32032343604149	120.76351112879884	122.01833833504386	121.1857360366271	119.94892487540456	118.49989777884109	118.24859397844848	119.6137805994606	118.36682785960544	117.00807674036835	118.19167233377117	115.82659887823728	117.99886465213059	120.79662687538952	120.19651114127542	119.07002198502573	119.88636463817284	118.27533391985777	121.42561759011697	117.83556583983392	121.15006448446387	118.7303717629395	121.46984620070826	120.55170000059036	117.35278058105858	119.51762510093359	118.53532715953956	120.61662970679258	117.53256173646676	117.25827860599446	118.81355065641621	121.55815428724647	119.6535592161985	119.33637195329358	119.39343932158829	119.51830474238089	117.32005867530665	119.62281552313057	118.72420851940089	120.02939657249853	120.27300980290043	119.24310907447236	119.36951442497588	117.76233472998935	117.99063018659919	119.0151722401003	116.23669977081818	118.77582688868694	117.74031928506808	123.04355479971771	119.32433449260586	118.14807019500593	119.60575638364817	118.17438084565123	120.26904070059457	119.87522849107542	119.67866424712075	120.46655629219208	118.62010381064614	117.8466006898859	122.41356339880323	118.93097044440839	119.2370406804661	120.25523524751645	120.52761064339474	121.81954357556103	117.55485697458384	117.6117490789648	119.75932418778794	121.2843416113811	121.3788237513409	118.31467370171364	119.91621637941307	116.8976653566248	119.328846741389	120.29860695499613	117.99931268603675	118.30333310180627	120.89168458350122	119.15610256910209	121.54881023071258	117.88330024258762	119.90854520766104	122.29402060564118	122.05979037202313	117.53930264852336	121.72588095564369	120.89274893649163	117.53587193288621	121.9823573091518	121.66349341671476	120.71654362794435	119.95985129929339	120.41770124688773	117.13252911782497	119.38435729758899	117.61403991327302	119.4273896259501	119.88604884670572	120.22849677340122	120.40365532661511	119.66143617320847	118.98036860976903	117.87796226160778	117.35790518745559	118.76091637822537	119.53045061547255	120.49862054283638	119.44074820350237	119.72874480880809	120.70031448570833	118.78764289819723	118.4820462659468	120.09969544062392	118.39646987215372	119.06430754485459	120.68407770930075	120.9868557553068	119.33733007549954	116.82451807233426	119.49868949056474	120.05883447220246	118.1292929851695	118.0761807433099	121.20725865803809	120.15577496571035	117.41934244675332	119.00876312714736	119.7415705040246	122.52687483920398	121.11564606745584	116.33692429200367	120.48749006186263	119.00391871141035	121.38434377328387	118.08552969227229	117.10689135242599	121.10006084206985	120.10116393505285	117.97073265978122	118.49768628559285	120.92131374290179	117.96088682958664	120.53271865819762	120.40916241482907	120.50043753556636	119.9452443278221	118.40378316677005	118.57071372036373	120.71495907842215	119.78406968822188	119.77499049510669	118.52542031696655	119.00348976631011	121.05943921457968	118.05218485937776	119.77616296126213	118.29591144068017	119.12820791463193	116.99929998708525	119.58877886248028	120.71989262529786	119.7771071301898	120.39886021620802	118.70466929818625	119.43390675732263	120.12893236503042	117.92152440249112	118.47195310834917	119.88450217385694	118.56137256702112	122.12808848467535	122.00621527478425	120.00525529472662	121.05637307598707	116.95161935320914	120.15535293218696	118.83691639941883	118.84960276007763	119.17990677269147	118.15441544651124	118.66332775540702	118.9048522508678	121.02363306052241	120.98920182245675	119.6514577149011	121.18544083599828	121.10997167420746	122.0932133773645	120.0868042284845	119.01878927020833	121.30213546623847	118.92204543979949	120.26358455148609	120.29087475691956	122.42020988584676	117.80294744360694	117.4443126187132	118.96626251305742	119.92376698720172	119.85829948247168	120.41461168833071	120.37871010856735	119.64793381125558	117.47100551064305	121.47406619795512	121.02039737346449	121.45619960582721	121.65518529196359	121.18116774221652	118.86139155498381	117.48644982760148	119.26812029153402	119.55885773446711	117.84800236695457	118.98784160782604	122.17657235269668	118.62601200868794	120.96182390246568	119.66211223317332	120.70781497289065	120.52540231337338	118.63335383108928	120.58943249146361	117.59746050258615	118.17841099168571	120.47310376697573	117.46015398799366	121.57624133075942	119.40567281090767	118.95173262152078	119.99090554761038	121.15632207155686	118.99811730133013	120.22836531180128	121.61944458814315	117.56722757327651	119.06062468188439	120.81486482382591	118.74438067222195	120.85764184622239	119.24645159341216	120.006736956894	119.16037483730639	120.51926605775628	118.83274290097776	120.40551840034873	117.92732741885844	118.5884203954479	119.55131823530995	118.96266447689975	118.74551737231087	117.91892612144677	116.73414051592945	116.48676271750479	119.76796133720508	119.39105989123351	118.28169429961063	117.01536105249029	118.69711266790216
117.38491972510302	117.56460669168064	119.39598381726607	122.17603221346597	117.53964476066236	118.16605417680965	118.79760488278013	122.06850788807118	119.71869504383037	120.34912295350547	119.54745239809961	120.27338516136673	118.38749488152213	121.46012285961949	122.74152815425313	120.05896640206679	121.20056345354817	120.33563864761652	119.8150385853348	121.20752898395223	119.44322296687577	122.1284301843022	119.00021094864519	118.42443925900741	121.07604890170043	119.67073180891295	117.61384181787079	118.56257841644121	119.08452360409466	119.82402190168796	121.75462667430504	118.97134664120658	117.45296243662526	120.46625540579889	117.11176983695105	120.16793049723877	120.45388123069783	117.87482873726492	120.5115978716253	120.06613860033356	119.39707237074082	120.88925501401894	122.12072436590887	121.2829600441367	119.99211841680278	118.61765993729273	118.40630127151977	119.71548030286232	118.4711483965127	117.02704001537278	118.45257493929941	115.91830330593211	118.03507828623103	120.90654275995331	120.20539889628262	119.19593497678795	119.9174858416415	118.37260032798015	121.56623571076673	118.03462102137017	121.22237013701911	119.06077037393477	121.48580307358614	120.56119833916836	117.43011819705758	119.59910886997493	118.55549357273014	120.69095781530054	117.59099024164976	117.3102565989203	118.86143352439116	121.67483354274408	119.70539668997023	119.38854589036555	119.63487274929707	119.57269781052035	117.36181245204433	119.68455699941148	118.74663547626767	120.08954392722289	120.2978408322479	119.29235201828047	119.40291248529584	117.91257229044935	118.00714086473916	119.15269447645815	116.34157088945848	118.85774880404067	117.79812225721774	123.07400019122649	119.52214678130443	118.22880687342885	119.70514249502817	118.23944058117594	120.40406478972176	119.96942381160511	119.7126753958376	120.50368952966122	118.84020250502353	117.93315664839326	122.49365029543985	119.04050074266668	119.35059151348432	120.30298581544811	120.63829715006163	121.96805421691546	117.58400410378307	117.62054628427381	119.81201709825855	121.30395523075788	121.49150380925461	118.38677648988072	120.03676069004273	116.9716045124886	119.4031386260243	120.47264801131716	118.12398666665398	118.43616399521447	120.92051100090167	119.46974564274609	121.63193897750563	117.90951354092392	120.04235497745053	122.34570740921774	122.25068911305468	117.5981295935681	121.73708776191917	120.98603182214504	117.60011337158204	122.14453624709076	121.79325424064317	120.91507499794017	120.01480357873405	120.50216164730033	117.17295205275853	119.4831983845615	117.71887163535209	119.65359445113933	119.94717578379868	120.26942528866014	120.55387743899182	119.76430542985935	119.07937034191585	117.93919327198006	117.4361311017965	118.9563707915181	119.54608291798608	120.51821594241541	119.50156060005455	119.830790224547	120.73313928961909	118.80321123184704	118.76854530156031	120.18796971197808	118.49192440420795	119.18749689449588	120.70887523988465	121.16808143416124	119.34745101617484	116.93839288608255	119.50694812174916	120.19587524637842	118.30143249422214	118.13030105105786	121.30302870898912	120.23995110072781	117.54151251945275	119.010907788082	119.74683678425488	122.7128060201332	121.3544111786972	116.36149696485053	120.57765810089111	119.07826421757927	121.46692367785539	118.14647939208268	117.14523100988146	121.12108672348657	120.15085115084045	117.98073457559582	118.56673997765473	120.96389034270418	117.98614046209622	120.5985753086835	120.42750427129616	120.57068878366206	120.11873362148758	118.48699426735364	118.70478079370487	120.87741934790142	119.98577179237627	119.84671944568579	118.71602117766916	119.02939480693804	121.1496596002542	118.13293152891802	119.91556862474094	118.32526555473696	119.25496007981295	117.02292225915537	119.60154487097698	120.78441716644579	119.89386114148485	120.46339371835231	118.77877916911866	119.54986756920852	120.24228854156716	117.9976007940174	118.87656253965255	120.0358653333595	118.72286921224016	122.3934948325537	122.10659429370926	120.0659396977793	121.14718831996645	117.02974527126447	120.19210522928313	118.981174983155	118.89660116777377	119.25640785764679	118.2231035565299	118.67945373478472	118.9796402237655	121.06885331032822	121.12909714455945	119.88442295031528	121.32677606283802	121.2274768403069	122.17494922168602	120.11890127102093	119.12956338057687	121.33998747644117	118.97388123205073	120.30644749906514	120.31428853926285	122.52648228923192	117.94810243512487	117.51276853984984	119.02488717814853	119.9478228226461	119.92728553967336	120.54452901177785	120.52479751761972	119.8796014024671	117.50617594230835	121.51838420317691	121.03483751178129	121.61471237746521	121.74771914972807	121.20838407149071	118.96069359236597	117.57343022656465	119.28045290273458	119.63902484010107	117.96306433209374	119.07126387177873	122.20842043288515	118.69456219908957	121.03570596679573	119.71262292749878	120.74597273512842	120.70428116109969	118.8078061237792	120.6545606482928	117.6824653668451	118.2217356960725	120.68148149707856	117.47934414615386	121.59874668654844	119.50332004943033	119.04666316265684	120.0642665308352	121.25155339532174	119.0382910259667	120.38112408771539	121.88178223106185	117.62608570014166	119.22752781856676	120.84642734748509	118.845655123533	120.93389472884782	119.31364931693305	120.01870403285204	119.20902273131841	120.60530106232204	118.9418270714414	120.63652134476004	118.02484969557638	118.65436659406362	119.58831966857736	119.06179297509469	118.79251716649085	117.98649075511547	116.74490786451025	116.50198029618564	119.78642260345562	119.42870082726893	118.44848766023365	117.17709548884892	118.90721528836814
117.43601823054291	117.69528298978518	119.59969594303463	122.1881934841978	117.63380599953297	118.27579405716652	118.91974533590592	122.10601644441206	119.72512242433947	120.42234144495909	119.56462815048741	120.38612006498884	118.40507322273837	121.54201563576972	122.82335490791621	120.12485509051817	121.32615615168633	120.37488824871302	119.97262733290421	121.29494468094673	119.684538462082	122.14365411497928	119.11459200990762	118.45450035433521	121.26575049735936	119.70045082300639	117.6702547289227	118.88014921807289	119.2181140770346	119.96201044326962	121.82837680651716	119.03499459797987	117.58325065371494	120.51689564885449	117.17368449331434	120.38155171119944	120.67544332208878	117.94601072340943	120.57738531607714	120.18919586360585	119.62225984312698	120.97005289262856	122.18368000933197	121.33558893814697	120.11750100423552	118.64017440252965	118.42225588547949	119.80245472500077	118.52613313447846	117.24999786928738	118.4839980990975	115.99457292594322	118.13694988204136	121.10963077255118	120.24067367572269	119.39449412963886	119.95504452453126	118.56156363999753	121.7362101394829	118.12530943848893	121.33807524390288	119.10858330311497	121.66146402955493	120.59081078427596	117.6453536209361	119.61437954984392	118.5680126062302	120.73614695040047	117.7343185510973	117.31775089360542	119.03354061913483	121.74655280065403	119.82961602239638	119.45625934356849	119.6946449928046	119.71404245591334	117.44754991989076	119.73581122004862	118.78666632685282	120.17495305148238	120.42139680015755	119.33402535311095	119.4861808028112	118.11880851855106	118.19265872354029	119.24265597355593	116.51163259477177	118.88056194913892	117.98612817705965	123.10254182734896	119.586718766922	118.32443566429491	119.7379330181137	118.35326646276387	120.42426874512041	120.1088057011145	119.91790558209112	120.68115342155232	118.94727728808171	117.9550641482012	122.53939646258729	119.15948974000189	119.4378853645616	120.41699851289435	120.70291725884674	122.0368650341418	117.62268596005777	117.6591681396064	119.95806196950755	121.34080389084544	121.51618444715913	118.53767840565618	120.10825373325395	117.02317711918757	119.41212824687392	120.55038499902317	118.13896144354493	118.44776391170802	120.97720838345855	119.50014517272975	121.88779149743839	118.101296622094	120.20993873681739	122.44790381936711	122.27050651632824	117.60733003776076	121.8629678286852	121.07785596735712	117.70522484238556	122.2331299809395	121.89341373567262	120.9489155446471	120.08113460075081	120.63771323132227	117.25367260802216	119.4975875052527	117.79359158503334	119.77698264493243	120.05257615898147	120.29019447330161	120.66043050653118	119.89759871717901	119.12412179196127	118.10524296414266	117.64301689016564	119.01206147028215	119.87637894890737	120.77312641460409	119.59154327442936	119.9824668664727	120.75418778220468	118.86876451135537	118.80171046885576	120.25029028680385	118.63083455842677	119.21312905234036	120.83496661339906	121.18188373033102	119.56653228163455	117.03592670146791	119.65541035804144	120.24880185290748	118.32291724278065	118.30167699919602	121.39227576100502	120.31831360603331	117.57839766214592	119.27500203307905	119.90832521358976	122.7982014440865	121.37627252576296	116.4060081747761	120.69421878070816	119.24144920354875	121.51841419467176	118.230915756586	117.20344026700538	121.19852812132677	120.18909487439618	118.01532454754938	118.63113373880282	121.02273717775007	118.06959165610955	120.6746411551387	120.45554874675851	120.61696106495329	120.24444848926647	118.63481468348697	118.72875655407324	120.98102198067174	120.0585316934357	119.87318451033347	118.79445000783862	119.04221119538755	121.23646072817932	118.16553825977607	120.08630592746584	118.61172606978151	119.33377342554229	117.04016202699371	119.74756695611295	120.83250459267191	119.92345295472468	120.61808517704738	118.80074422167809	119.6759404683249	120.3263066978834	118.11635692137666	118.94416895249118	120.11461177868384	118.75313428761852	122.49760180771484	122.14536277805514	120.19193722218519	121.1840980718262	117.11636344531307	120.4451481739929	119.08180090218846	118.97250624941492	119.33160692299002	118.30368604280426	118.75793450240111	119.07916463430303	121.1364302152433	121.30363001173558	119.93546048969316	121.43749119177976	121.26752430449616	122.20751916757875	120.21308862693375	119.23766596462623	121.43033784924224	119.01869216276063	120.37457767505494	120.36406554405586	122.5535027149552	118.09689648545891	117.6813043261178	119.18901967090521	120.07574672293828	119.9466938421393	120.62238716357407	120.56187229776687	119.89791850587005	117.63615129240749	121.62410034220886	121.24666872132045	121.75883360080195	121.84919782909111	121.38547314431156	119.07133468404089	117.71632141765559	119.44412985484288	119.80486820147586	118.05284848022694	119.140023882336	122.32043733486644	118.70724203492105	121.24050729593822	119.72107406013868	120.98590126858502	120.80043500812671	118.8179842357669	120.74221575318464	117.84433331740748	118.23726925445952	120.72662615140415	117.58605542273803	121.6898410918236	119.53467478143293	119.21664785472329	120.41301981583027	121.3218631065942	119.180749346597	120.48095332088711	121.98612504371195	117.84874538257077	119.29514735444432	120.94193139618143	118.88151313452263	121.10725892261358	119.37596858887818	120.09692606229106	119.28237883234415	120.62430442411585	119.00531382914596	120.74633892560507	118.09884301491275	118.71699793360223	119.63105818053894	119.13229709874514	118.9217132333548	118.03946453559949	116.77293640868999	116.58147975242905	119.80195846934703	119.4634206165889	118.45766437431956	117.21540284493666	118.95963476630074
117.57449405094648	117.76858175474683	119.60394186073792	122.28601140921495	117.72090823476242	118.3487589195085	118.94072950947587	122.20803162690218	119.88868984995177	120.44727598534587	119.61429529649529	120.51134453378185	118.49802893380134	121.57153117312589	122.86115124084661	120.30204052322374	121.48823165936567	120.5271940782771	120.11561013278532	121.3387202434233	119.78774351876321	122.17715317227594	119.3336110784973	118.68889275647373	121.39449422550264	119.85971948840789	117.71651012818504	118.89935812839427	119.22297760620009	119.9926866429765	121.88393860818188	119.09507177188517	117.64388884865004	120.56024187904185	117.36975580625399	120.47866350081523	120.72834812187794	118.07208524780339	120.61746414447371	120.21784360766915	119.69226582628295	121.07750282976468	122.20791476386631	121.40834845943591	120.15453534319549	118.65026909492974	118.55026476788422	119.85768766193368	118.53819592198299	117.28649233224236	118.5452607838183	116.10746541136231	118.26800845251115	121.14870965423738	120.25094808082494	119.52013232301508	120.0787005416891	118.62595817470965	121.88767086041904	118.16068675239566	121.47577010883295	119.13988491757193	121.68629908005745	120.71870542668502	117.74329786328681	119.64192940977348	118.68173261865711	120.74381214319752	117.84549809586241	117.36644639327697	119.08535980897649	121.84538094469967	119.90305253231676	119.48666708073006	119.81451203231913	119.75223581937308	117.5321617490385	119.8135349191368	118.82668852084154	120.19721111576646	120.58514646186028	119.6093748983468	119.50021338256636	118.21105744546091	118.19674477423595	119.29269933656445	116.64405392225423	118.97949457318167	118.08229208590093	123.12548919725187	119.61796942790058	118.36263795162849	119.76607422557488	118.45711884458547	120.49181545924816	120.14728874656025	120.0635268613688	120.69542585048825	118.98831742337464	118.13467992888813	122.54608722336624	119.20105247700847	119.55630274347155	120.49985464356355	120.85870797737142	122.1156877246221	117.7077377645871	117.79947845803818	119.98519647361869	121.40919962009337	121.5370129866483	118.7277506272437	120.31150280191844	117.14101178072275	119.495952249773	120.64443723029744	118.29696174624131	118.48061842903702	121.00289126396692	119.57462663959193	121.95691591212179	118.1576431503477	120.29241764545361	122.53813495896432	122.29067409384942	117.71115776618728	121.87456256782342	121.1065864911013	117.71298560197235	122.329562203473	121.91334662684876	121.04604601727927	120.17869047967518	120.6429353575023	117.32074820920509	119.6621382078464	118.01475552055582	119.81064667380434	120.08739037382703	120.36769419470521	120.683245582505	119.95267316209299	119.20868348407556	118.15397895519396	117.68054665945219	119.05757734873526	119.92622055466548	120.92400699773528	119.64564416053736	120.09273353769825	120.84627153924659	119.08039399646515	118.88332998102307	120.27046725207182	118.73263921482565	119.22988534186105	120.96496033499537	121.21077827795419	119.58759650493069	117.13268217475503	119.74330784450807	120.27899251284556	118.38304156082414	118.3154385863574	121.57373298830294	120.36850161230498	117.69562798387157	119.3119997381794	119.92224903850548	122.89668138753784	121.55336725297103	116.45444631822339	120.86302546903269	119.2626822167877	121.55011743664612	118.36621013614085	117.35424234056417	121.23312530660894	120.31642605187696	118.07791431256605	118.68506762930527	121.17648840925906	118.1789509026275	120.6935367424218	120.54957463565913	120.6478552595021	120.2633350365424	118.69516213158238	118.86458533832554	121.03295251488478	120.12266434078138	119.91034730674751	118.99677686850377	119.14842629958302	121.35183153685148	118.3101154964186	120.12305229999386	118.62087513963675	119.48070004159756	117.12089354180256	119.76486931602042	120.89641323846473	119.98290299347936	120.69073714102736	119.00292537590178	119.72581476859385	120.3594209948034	118.12062535283334	118.95360465344385	120.16554091434062	118.85460611196581	122.59986945486476	122.20775559399637	120.2439919016152	121.22472203236829	117.25468548040672	120.44670018271866	119.12669912127242	119.01638793966731	119.43167538890386	118.47281507514906	118.77826366272322	119.12696490325888	121.23001106157415	121.5412313840988	119.97729182773868	121.60209827777307	121.32004725050103	122.29982511224601	120.33842957217391	119.29206208613469	121.52117096656826	119.03854976222945	120.557488779911	120.43705569354307	122.66828718774927	118.1687969607093	117.71125380755058	119.19462210556429	120.26472254168347	120.16257230227119	120.70516937765667	120.65124252788095	119.93163035556967	117.7195682527732	121.65780296313375	121.32179921602368	121.85925538404794	121.98143352095175	121.39942856084564	119.27756785128048	117.81965574748577	119.69499995797189	119.90725774610785	118.11052833909457	119.23358080465957	122.35501300315353	118.8726109219313	121.36438277934589	119.80120489210465	121.02862206333933	120.97374750324954	119.04034664622483	120.88574319161887	117.93261813699017	118.32632048136315	120.77722303884171	117.62027943040486	121.83084508503447	119.54399124405111	119.31265854665071	120.46027621674591	121.42299918849466	119.31315536892858	120.57603375315611	122.03548308185555	117.85720908584213	119.42993922575464	120.99374320379755	118.94123259270619	121.1507150813265	119.42618600308111	120.20612057834822	119.38906205653939	120.66199546781704	119.03387814857828	120.77040867023612	118.36162326518615	118.81655540045224	119.67206433514221	119.25298930528976	119.00491679167901	118.09629389625465	116.87226382614618	116.6087875802637	119.90076060038267	119.50071677168647	118.5656211788475	117.34378804117951	119.02170830200554
117.59342352523974	117.86059990681005	119.6954195639383	122.29642707130178	117.82548533398463	118.39152277767862	119.09526986641713	122.26274203601606	119.93248135479226	120.50303235698732	119.83336061653011	120.59435298626245	118.51230982881344	121.5999310492528	123.01008945274468	120.34223387091974	121.51161900431687	120.58182622993768	120.18422959290754	121.46764382059376	119.89560226451798	122.24634847636626	119.36452904097492	118.83617584761096	121.4139138193214	119.9863605531977	117.75343268689929	118.91057360484388	119.42170475041617	120.0093040035047	121.94607880349122	119.13887908535258	117.81920016565483	120.61509462556666	117.47686160815941	120.48705499928396	120.79597666588718	118.17514112915231	120.65559512081471	120.2498948091263	119.7431776611934	121.12463778157833	122.26427144732982	121.44372496274178	120.3614390342353	118.85650310788824	118.56476476449923	119.93208193856836	118.72311562838314	117.30546518238323	118.63241163414851	116.20669344449892	118.27680605213813	121.19659134955984	120.30670464569067	119.53488659425139	120.14809728089082	118.66648121688124	121.92620162096864	118.32796672766978	121.53314313273737	119.1511805684318	121.76116172313974	120.80204172984055	117.78795865869476	119.74487153883899	118.80948286216132	120.92552435496776	117.9350594807794	117.39858669009884	119.16512400642745	121.89127171574697	119.96885953100146	119.6446358655443	119.93258177002234	119.85913094669246	117.54555978976909	120.11049254186189	118.9163718632125	120.3007287091505	120.61143873053456	119.70608999002698	119.66850436109179	118.23174266495937	118.32160174294152	119.35840292572126	116.68750097064493	119.20185477972942	118.10936159728344	123.18254771402393	119.73929434854698	118.59684503374679	119.79604062048551	118.50059619968887	120.58066025098832	120.32670193554128	120.09006396441536	120.76635222164376	119.00585097341508	118.29162041408252	122.80991824772441	119.28716977789577	119.69170687154974	120.54746806585423	120.92820021594318	122.11841981399431	117.78267536213548	117.81205262415605	120.05470381924242	121.43485941314161	121.73075047564242	118.82567571267704	120.38286285503135	117.20263802950886	119.51692606121024	120.71352171884665	118.45670178059181	118.50301385540855	121.08172405610124	119.60006616450445	122.09115959242374	118.31819495917644	120.35681904416771	122.57290413251145	122.48701171405486	117.7441601872566	121.91993996325199	121.12517770403593	117.89416497815094	122.3416690977381	121.94620060336715	121.2583805492636	120.20323411309789	120.81346913367244	117.34786375004643	119.8365721597197	118.22781624608011	119.89171095172864	120.14840555773569	120.40952050013783	120.89548052950303	120.00211922428522	119.23759148020045	118.20314238315711	117.74279338031121	119.23510839682794	119.96129693283957	120.96338889339187	119.89291708168821	120.14074840353199	120.91424972382492	119.17718091164635	118.90445395180478	120.36655798789603	118.76636539328078	119.40650308261154	121.00293754275208	121.28751217515936	119.7074802546985	117.20335637735089	119.76021633616242	120.48980334409231	118.61885413272336	118.35349374320906	121.6116370923612	120.3787086204673	117.81034890911114	119.44289178060424	120.19585950565813	123.01579502429199	121.60058145726109	116.71824793546381	120.96275323531412	119.3350739410015	121.5944002920522	118.42664636614957	117.37111742356099	121.33776844582296	120.4846608076263	118.17598088791466	118.74078309100626	121.33386258564789	118.43597244935935	120.79372787083278	120.61222680823656	120.81032452972573	120.38406234883182	118.71981819098309	118.9640482646484	121.13938048634324	120.1744623326813	120.11468708718883	119.03946239811701	119.27079510045209	121.40882397698437	118.3604043481118	120.21688365076027	118.64261485800756	119.60669391623281	117.17436336411943	119.8626437547499	120.93477721041798	120.03495723992674	120.82716095425356	119.06842988946252	119.83858467085473	120.51806434263078	118.22035514007963	118.9728758746495	120.35390965300623	118.87555601820989	122.6778653670645	122.25292411133495	120.25800455135804	121.33378977866485	117.36327997112531	120.47098748778284	119.17521222045708	119.09459214673963	119.4473313721138	118.49286138433895	118.85954345431115	119.24211104785284	121.31013573375272	121.61337844761576	120.05364517592774	121.6989719795455	121.34528638984867	122.31228293478233	120.38905052418612	119.32463290682887	121.5440362847422	119.0542687770505	120.59067617785664	120.46437863158646	122.70885216533011	118.21520315527032	117.75393554527196	119.20886047313083	120.27169901972589	120.20756617221976	120.81529748073694	120.70817287206792	119.9850224741955	117.73309810190601	121.67381380086644	121.37525537324123	122.02572802559382	122.04648389476567	121.52956963151246	119.30814001786385	117.85544069403802	119.74431694781599	120.01326063003357	118.12875332128938	119.27063736969734	122.43985932229464	118.90573671002954	121.37357253233104	119.91035995681686	121.23256301042377	121.01505189192288	119.05491685122396	120.90813270339541	117.99962210489262	118.47726214695864	120.81413334008128	117.67369315897339	121.99182160039385	119.7368149106082	119.4392712531702	120.49497618663652	121.50621357754964	119.42769962307318	120.67594525300991	122.09737289410515	117.92346888822047	119.46490096681788	121.19933376722311	119.02421482252868	121.18865713344124	119.44243934365235	120.24019716948467	119.56397442907583	120.69860916972151	119.25586223545483	120.79841878560667	118.40211055998408	118.99146557576088	119.8249952151629	119.36426199536236	119.14558297689081	118.1027805560505	116.89861783156788	116.67479681689301	120.06949516481575	119.56588708206596	118.75847344325251	117.42474988204452	119.05407399970913
117.64592765197908	118.06688797142881	119.75505468113295	122.40398649442446	118.07826282310472	118.50281909213317	119.14401538352658	122.48547547426695	119.9505800818028	120.6528128857246	120.07547094278168	120.63987383174846	118.59307688532823	121.73567128054722	123.08089879848569	120.42541935142847	121.62767743334157	120.73175240457923	120.38925249971936	121.52789848193228	119.90577768404901	122.47043510206537	119.38670472128084	118.89775885059443	121.48035883283121	120.05192138921491	117.87329285116418	118.96437477726998	119.42949265004182	120.05764979296549	122.13501313644153	119.24539087582906	118.02924772211706	120.72149151918966	117.56497697372814	120.55016643814737	120.84821727708254	118.32648174432262	120.70896005217895	120.35428066225171	119.77361184385555	121.16870714107101	122.38491648932416	121.58799839974672	120.40228805887526	119.00169120439458	118.76805719591837	120.09362316625041	118.79776788310366	117.44010722403527	118.64289195531536	116.29686271601504	118.47502075289034	121.2712129473608	120.31192613393199	119.58675047124335	120.20533736211183	118.76918040177586	122.03223221102641	118.45469939069439	121.78638407630926	119.17761941398	121.81663699191635	120.86144455005547	118.00912022169213	119.79349214363806	118.98371646830144	120.96439720418934	117.9942673378984	117.41076845529733	119.28244957478952	121.92010171732045	120.03112008440317	119.6892495823748	119.99606846998924	119.96062751299783	117.60464152703659	120.17976625407026	119.33368142385467	120.37628632286501	120.66936315586486	119.76833700149491	119.71922808071518	118.25577857989374	118.36043406575762	119.44775874114296	116.80546154032923	119.2186553315837	118.23911197223691	123.25455660548256	119.83033951450967	118.68926329985707	120.06295818646386	118.72819709705517	120.79651893554423	120.34114812429603	120.12608821266589	120.87786940497803	119.11633571744817	118.39540982172628	122.9359298430823	119.38782595909554	119.80720465246343	120.60550925122543	120.97476384017132	122.27583108149945	117.86908749932081	118.085186613513	120.0985664011047	121.46927994717757	122.04874680286294	118.87722959981356	120.51190840132004	117.22593640830405	119.58066499061471	120.8069024059379	118.50822661932196	118.55030322199602	121.2028070885154	119.60913384709754	122.1275724632154	118.41083219338036	120.38674580350119	122.62026311503278	122.48947649348808	117.92207750306416	121.97051965929373	121.25013114629343	117.96965621946306	122.38422330188413	121.98289335350013	121.2929039464076	120.38701345446509	120.83276401521822	117.50598334463032	119.88091860091042	118.27983504342073	119.9920432381945	120.27479906089809	120.51462564386381	120.91170937735117	120.05108246376716	119.31610005899296	118.39907131549786	117.9443393235828	119.33201894284407	120.06067419142892	121.00535510443764	119.95092051400964	120.25017142872835	120.94311871013832	119.4261661744102	118.95716422913141	120.51858583984826	118.77525156517099	119.52687960183	121.03257273405885	121.41305120090848	119.73379898948068	117.37404251192815	119.8839521664088	120.49645073983599	118.6330777333473	118.41962480900273	121.65356916722895	120.53109895577184	117.85576369018126	119.45644032135623	120.20201679729185	123.03341318630375	121.69654517514012	116.74631340436586	121.02476543739436	119.401622770287	121.65214327914585	118.45824832335106	117.59635973775526	121.44754879779701	120.54892927380581	118.29389667870382	118.78135973386479	121.3486683224661	118.51265625122365	120.95062581096873	120.77018668480979	120.85127394435406	120.46527147050394	118.75165069318625	119.00689082366405	121.23163110847344	120.20231044260335	120.20602462907496	119.096979951241	119.30979057578858	121.6783085269241	118.65928238609149	120.31288099903561	118.68993036719887	119.69637244017626	117.19520050704375	119.96624717965378	120.9579580773107	120.20225189296124	120.8634462599135	119.20245238681044	119.86910687393873	120.55492177721956	118.24883736053069	118.99405439289019	120.38168908004462	119.02553862430763	122.72788326203354	122.39418339262726	120.2884073503728	121.43523432669231	117.56179338841879	120.5122448665936	119.23003093674444	119.1595454926431	119.53609848051332	118.66431003548436	118.91999072959517	119.37399333599762	121.33744830936391	121.68578175143956	120.28642615234035	121.83232786885254	121.43038678764987	122.34624495585301	120.44471745135948	119.39436428959232	121.68791527253806	119.12792467783737	120.62432767110887	120.55025335101936	122.73862382965277	118.23944576519432	117.8036495826022	119.35107390117749	120.33379886748621	120.26494343324443	120.83668248812751	120.88894271693505	120.03567817181874	117.78326574981864	121.84546914130706	121.38351611756958	122.03424681959117	122.32121682002705	121.5875961054359	119.35220821371826	118.01527482678227	119.76369316804767	120.02597356737529	118.33618226099804	119.31307694750947	122.47259666192215	119.07086543208693	121.46220191621215	119.95378764618262	121.32713511160357	121.09787044707089	119.08364059323674	120.927183259449	118.03316262432185	118.69497146030423	120.91045749045828	117.74102478439598	122.0072488976365	119.75816854570267	119.47232244512226	120.52535268435899	121.54965773231991	119.5691978249743	120.70441215853828	122.25673197835359	118.06092165286378	119.59584790603573	121.22055817608478	119.0946968002905	121.31986254738567	119.48927864259525	120.28675225948152	119.61867949689602	120.71938703982256	119.29137573940707	120.83609506769236	118.40818979582784	119.12548773282397	119.94949344475395	119.39005452225186	119.28762072131494	118.24821158334811	116.91974225457035	116.90675316439419	120.14753276378943	119.58653984045456	118.8657230873954	117.59457492198997	119.11910686856501
117.772562772041	118.19579237367776	119.91681081088315	122.46943544174283	118.11485133698136	118.5699291247491	119.18843042947614	122.52674304654717	119.98460903009445	120.6734655433905	120.08625546665806	120.6759770469878	118.63319079203853	121.79911106355536	123.10875500586236	120.62094280122005	121.67662475820438	120.80286439667876	120.46079176654867	121.64060293308458	119.97250953026001	122.52293434191508	119.40880421559042	118.93389462414491	121.5395169354715	120.05970609508158	117.89192080186129	118.98834687493155	119.56226546457563	120.16599265087319	122.14798137827985	119.27781440596695	118.05226551037394	120.78872803333655	117.58950011265617	120.56629595543286	120.93293727088573	118.36185759468785	120.79263852168087	120.36511218433343	119.93823175450704	121.37908377976429	122.42099680149883	121.64473295392511	120.48087898373304	119.04214518994024	118.79133037520282	120.24451168067496	118.83687509734077	117.61366588870003	118.78286308588174	116.3202592071966	118.4931621781917	121.3029196479799	120.32452350966486	119.6243388911472	120.32247542336914	118.85334492363789	122.08184931245893	118.48414441016483	121.91203506476758	119.23857164306428	121.92854752399573	120.89459345592037	118.02643662303991	119.8050229909401	119.07538663139145	121.07532500769709	118.11976200994361	117.4325917327938	119.31042498329123	121.93097283727633	120.10891204752711	119.73672871877551	120.089471558016	119.97709204492458	117.64701560262532	120.19495913099374	119.41705600587501	120.45907439769188	120.7291632147093	119.83501542678269	119.75513448506013	118.27262762428637	118.37277381528277	119.65723101581248	116.8489366952879	119.25944605653449	118.26919568585103	123.33092142897343	119.8426768216917	118.71455144454934	120.0739943790512	118.74743234559406	120.86526262941838	120.40511053108442	120.25078537071484	120.8899135932031	119.30630007315746	118.39822148021526	122.96461708364676	119.43332289668382	119.86277038341238	120.7488773014583	121.04001789612427	122.3157991454366	117.89379132364654	118.13380404931128	120.1211764350072	121.49328450401698	122.06920874520071	118.93203242858638	120.58309870599123	117.25052988167567	119.58915895430953	120.84887136742448	118.56991278611821	118.82511923024612	121.21757216851537	119.62782895940421	122.22977821988198	118.43351865425777	120.43774930246627	122.70901990884056	122.51645810450725	117.97039992067684	122.00943062612791	121.38057318576831	118.01579245705199	122.42926239853666	122.03966157029434	121.31018813157867	120.42661935409996	120.89842961613324	117.52435325783573	119.9288614326212	118.33926412138139	120.09026823013525	120.3300542621844	120.60055198583952	120.93452843725159	120.13147071590902	119.32852331758278	118.43741392516976	118.03464580442109	119.45937077972252	120.14602441798992	121.01486080743578	120.01395546123614	120.30807704888772	120.97468704074083	119.46253678721229	119.01332415082821	120.58690085816731	118.81833671379025	119.60750255496309	121.04372698571493	121.48853529238546	119.81322239856287	117.38925426270883	119.94503351437194	120.61248685877057	118.69702869872394	118.59704984603219	121.71647489966958	120.60104815532738	118.01023581252203	119.65225679977576	120.25991920001306	123.09442081759342	121.76714617801896	116.83651441386296	121.16533733826756	119.44272570844043	121.68335291744309	118.47141623130413	117.63691935781678	121.47761847222607	120.61684295231024	118.36470622954558	118.9981037754919	121.45211126564651	118.54325338273759	120.99715640695149	120.79705917105092	120.95555759363626	120.50540051361934	118.88569775298363	119.05275577581361	121.27604482041724	120.23072436383588	120.2951124705083	119.18529992898085	119.45070107564446	121.79044255662299	118.71008732233814	120.36405746999849	118.80834219848681	119.7399862433135	117.25882688095511	120.00808614575881	121.084991562418	120.2450129828418	120.94888761742513	119.28358363565229	119.88112362924132	120.73862860234033	118.34828618381742	119.00790179042647	120.49270508207913	119.09597290169432	122.8026195959614	122.4188667573248	120.50951856158723	121.44903043839385	117.5871170640742	120.55116406176307	119.26182988725114	119.35591269518879	119.68228519243777	118.73649283155305	118.96351973521807	119.44602976309505	121.35786006983533	121.73346715615448	120.29886639985044	121.89862362123844	121.45242062971943	122.37540153475655	120.56343957864974	119.47700192431785	121.84679377026477	119.17381643208553	120.65003572209447	120.60735667526566	122.83211251235888	118.25671925317243	117.82998136797978	119.6509827208378	120.36977674547164	120.38807555181643	120.8993672324099	120.90804022444054	120.06605742022684	117.9033728355141	121.90091605066108	121.4428190246818	122.16246235678841	122.34158148651531	121.62244991289472	119.40144787588167	118.0234328193767	119.77025633008952	120.07694794336592	118.44122350225557	119.34420135125316	122.55217458719645	119.08912258510577	121.6458011364883	119.99845045615814	121.36674887541399	121.14154651517067	119.1006294030908	120.97119760694119	118.08888112060149	118.76692307692035	120.92200867688187	117.8098320121599	122.15311307420198	119.82096874663678	119.5860661126933	120.55644071223355	121.5856613056939	119.6585458456641	120.73438578641677	122.29960217854965	118.09924894890698	119.61634432456795	121.27222331612039	119.30638462997801	121.4303720169148	119.60951460131916	120.36687427317703	119.75973740415587	120.82720790773536	119.3168527489876	120.87463451246735	118.41712763375288	119.2409164444286	119.98500629778638	119.43456481300687	119.29719576949176	118.37729511577044	117.16723393412789	116.96289549018783	120.24625413496832	119.59790008097634	118.94572084000588	117.65759097485977	119.21863923562738
117.91607562379014	118.2282355123576	119.98604828007258	122.50999913119776	118.19521831318008	118.57547476588456	119.2500653320395	122.59621405351756	120.02410718270778	120.83556029638498	120.18348890368863	120.7312327212899	118.65542435347594	121.81480763921917	123.28250471122332	120.6428308836329	121.8189726300278	120.86689594101252	120.50234185344928	121.70262952948417	120.04033884230321	122.58612595257269	119.44411532539324	119.02372223595846	121.57169140932011	120.19739560067417	117.9383895089679	119.03004523350513	119.7412389017088	120.2991096764915	122.15098228805779	119.34289441499658	118.0786585726221	120.84050181169492	117.65613750773905	120.5694798836231	121.08877920012519	118.45710608024383	120.79630023097063	120.53454099937835	119.97589803194953	121.39122839536176	122.44276862691008	121.6869877184918	120.59866133708594	119.08724880970985	118.84391641132532	120.2526824441623	118.91387921547366	117.66923059801631	118.90427362919924	116.40044902905186	118.69347538599229	121.39796135295174	120.3426630668565	119.69836380773079	120.47296475151488	118.86638660666142	122.12589097734416	118.57681860304108	121.94231004506675	119.26633910295585	121.97897197697058	120.94664082515062	118.18326639644616	119.82644956541517	119.11509858748535	121.10724835250056	118.2545632277863	117.43517317959393	119.40719779689519	121.96880122308866	120.15063480053271	119.75083348635425	120.27416232069424	119.99167483470082	117.71735498302434	120.37108737839318	119.49932040225255	120.52898259527333	120.75982999151138	119.90844478317523	119.79987638568299	118.29000875968651	118.38341848016822	119.75588717426824	116.9583022486229	119.34539557746636	118.4221447978526	123.34895149678376	119.9552785309128	118.76732551367299	120.16472565857798	118.7856811410912	120.86821279980431	120.44788081103144	120.34719747266911	120.98102711096311	119.40422091981232	118.49899537911725	123.08657546524474	119.4834846849401	119.89202562757474	120.77351327434782	121.08055628350888	122.37356750698845	117.95785180116282	118.20032564890694	120.18875526820693	121.49939035083304	122.16791225856508	118.97303910856047	120.70354118763593	117.28293066262437	119.60862639439104	120.95189830137055	118.63700539556741	119.055588423496	121.31565837986557	119.67528322268352	122.2441501417663	118.4879183412286	120.47091703765976	122.75909139602041	122.83387269885455	117.99032087452932	122.05196078415536	121.41196768975614	118.04157318562602	122.4503605567931	122.05519899666439	121.46944386475238	120.5008023210787	121.02010973658719	117.69653332561022	119.97950095416934	118.40143106995946	120.18760887593996	120.38668044033498	120.644121860598	121.05034072490918	120.19789860959806	119.40646883190004	118.51290537736278	118.08712177596496	119.57510033088099	120.19283973912634	121.02893795696403	120.04151640053041	120.46844210974754	120.98178172441344	119.47808768121536	119.02737570312222	120.64967461513055	118.82982664288434	119.66665022100368	121.05814353874035	121.6375736063587	119.89362422431184	117.41042153914371	120.11241916270747	120.74093690023331	118.76236224477401	118.67772428791223	121.80075086028586	120.60989330257152	118.14263928221474	119.75772894011757	120.3352987800177	123.13168849139134	121.97154466972357	116.84731973566291	121.1897951837651	119.49416486572102	121.7335977650449	118.59400638300647	117.64642904331954	121.48660812016978	120.66606988070721	118.52872818399595	119.0725661782644	121.47429988067948	118.7723473294443	121.06987165547164	120.98383629469747	121.06095859486254	120.62390008315847	118.94965332360802	119.07259586448805	121.30218911102756	120.25851021492792	120.31784331362802	119.2400440806925	119.50407062297906	121.79964490839528	118.7626927556972	120.39513827001107	118.88103926524893	119.96446850561256	117.28036392852188	120.11755450046564	121.21066063802778	120.33412529976965	121.04662844661941	119.44027208833927	119.91329339996334	120.79109182893752	118.46775769383966	119.03346742828278	120.58759214421825	119.15045966129063	122.85811828332692	122.46654285574968	120.59059090492889	121.5308838216845	117.77987642558774	120.58521237346801	119.27880680455284	119.38770289610719	119.83674521804573	118.75246375770006	119.03584649135131	119.47519288604792	121.38448372348047	121.76987097768448	120.37884871551647	122.02316540515184	121.48643737875338	122.39865910735861	120.58111936156594	119.48393832340788	121.8822596841007	119.23361707865503	120.68015470724181	120.61107038684659	122.89975689637919	118.27277930687366	117.91634136901426	119.68989985369703	120.38153452981258	120.40592162877441	120.9035859239324	121.10529260666743	120.12020588420877	118.06196719301266	121.94152842268022	121.63067029000747	122.21133086577734	122.39221105676266	121.63554572991184	119.45640506741226	118.06955642589027	119.78625710620385	120.2549930314468	118.47854606750779	119.40197465211904	122.70312800820258	119.14885719540037	121.70490360935437	120.00282307337909	121.41826793364262	121.14869123264616	119.12481589416521	121.03905479773314	118.30153271002737	118.8344462600252	120.96258345713265	117.83814062362814	122.15740237002137	119.87037676608813	119.60904246187364	120.59906106518964	121.775797837257	119.70395944352673	120.99885014043397	122.40759661974492	118.1420367031794	119.85597522428573	121.305540465309	119.43144464832166	121.43879261166282	119.66941380881607	120.3766680614101	119.84730515292944	120.87038558224182	119.45011619363648	120.90155644156276	118.43456926501473	119.25522900453363	120.05856686945201	119.52751922276455	119.36897711530446	118.56505025287021	117.17782573826449	116.98287123673927	120.32067002684884	119.61704170217986	118.9758578413715	117.71268118515948	119.30245936000556
118.03547039467686	118.4719653486364	120.03901505278606	122.5195790666235	118.28419154814104	118.60500875560216	119.52558274191482	122.7142660021965	120.04979627615809	120.85891086827667	120.29777423308002	120.79927747126622	118.67485718569232	121.82103528927944	123.32185915554149	120.71730503354749	121.86606153164506	120.93616370238828	120.59325631247647	121.90554641858611	120.09700290077365	122.63994290772897	119.46768283524845	119.09968174466468	121.6360875018954	120.25342553807711	117.95230695904252	119.10217395467534	119.85315898988065	120.40676705035551	122.35249715447642	119.37734492571015	118.19644647485772	120.96594721453073	117.65866315913581	120.63570340768054	121.12693524944102	118.66279342833718	120.86053216696962	120.54170529520253	120.1777659455798	121.4233243094442	122.54616003659005	121.9289879975211	120.68290338751797	119.14128095465558	118.90763007406761	120.33552539899648	119.00572448610399	117.70704550772956	119.00089687753696	116.47834621264616	118.73441390015081	121.52036058067863	120.34649142310079	119.7729527274303	120.5537103696674	118.92568477903586	122.15062369687587	118.66188669893134	122.01854870232006	119.32485339899932	122.01752746971086	120.94950599880427	118.28075794814335	119.85445478370724	119.18271700769702	121.14354650926748	118.30551925414214	117.47583969148052	119.43499973596174	121.98978522067257	120.20557856478064	119.84442274500523	120.40902017898767	120.12874529334937	117.72713485366596	120.4929889542066	119.58410271753652	120.53959495995295	120.89669210329289	119.9543704951023	119.9387578615028	118.30687493512961	118.41533057216515	119.76169990577367	117.10869417411607	119.38462324274916	118.47684742085171	123.43615160364496	120.07021799342397	118.80680268164416	120.19721030935045	118.86266689508163	120.93691986962905	120.46896807358782	120.3773635125555	120.997136759709	119.53107003832265	118.64278364115171	123.12741652458008	119.54095559928649	119.94261780673926	120.7997448057654	121.15677950308725	122.42952744650744	117.97661472535208	118.20326668996668	120.32232428525452	121.5631854150991	122.2337995827114	119.01022314607553	120.82650964437931	117.29983178587148	119.66776440335111	121.01180054016737	118.70480415639894	119.18663426679679	121.41032632400076	119.69493842253473	122.26243842397852	118.58319680167052	120.50934978915619	122.85936701045134	122.94519629283012	118.05241138427523	122.12933903149195	121.6115626218343	118.07320565367958	122.50515664374993	122.0843949128355	121.63392287477338	120.54333541344847	121.13335083739959	117.77832393284719	120.13001524388565	118.44759523967817	120.39259461064994	120.4189834052483	120.70037677866424	121.116383942385	120.30730354239469	119.48188957917218	118.57931804986359	118.10320586744987	119.58850972222614	120.2134508561385	121.0880994825459	120.05139456395831	120.49394200494139	121.00714041546495	119.53240226713372	119.06765483418462	120.68582746899551	118.85156796652474	119.68659932366086	121.06838758227298	121.72911196226063	120.02245309825886	117.56329664326357	120.19130570380983	120.84469147470726	118.88069428656982	118.712637036903	121.83815251573056	120.63354404580627	118.292855390007	119.76611618428406	120.36486852793989	123.26417366561792	122.02169637230901	116.89781525276653	121.47999715162481	119.54238380892652	121.74632699177837	118.60588502291476	117.66435233089355	121.57077659282372	120.75136803501587	118.56323496429896	119.1305857479393	121.5332806521586	118.86316180322629	121.21789433159495	121.13916165912357	121.07654171906965	120.65791420036507	119.00077891098609	119.1243785329631	121.32707763022606	120.3425660637466	120.42039016263132	119.24648629558872	119.62171294485272	121.9581024033986	118.83532630535493	120.47906457584281	118.91855348804471	120.09765099730087	117.29797988695296	120.20899466665576	121.23220817082725	120.34321053385167	121.14600173336603	119.59390074199352	119.92343305036941	120.86441363001902	118.52040678189816	119.04879117615992	120.61489333495105	119.34754652923719	122.92272999227941	122.50455575517435	120.81525497700154	121.5634259893769	117.89490880604389	120.61995500803324	119.33534276364817	119.39909811140006	119.87195834880308	118.82068676272095	119.07042092439373	119.50997085383905	121.42471164276925	121.79470395386235	120.54719276846248	122.04135963001971	121.51260589325	122.47627396142137	120.64747180199501	119.57451421504022	121.94249742607613	119.25192221476381	120.72572632034888	120.6524550077923	123.04152422442056	118.28753542102487	118.05760315623152	119.72081309808087	120.40116436829098	120.46419887452582	121.01833253555739	121.13606511380165	120.12710572468946	118.12476191091409	122.06278833870167	121.66098894895535	122.35675086313152	122.56477975531338	121.64512641544798	119.47169553534673	118.09653117139426	119.82477455649598	120.4497030339551	118.56013515529894	119.42462075594422	122.754855458149	119.19553271799933	121.8045524336562	120.04688017483775	121.45205704833924	121.15476714663517	119.15220569502	121.10417164565	118.3464061032372	118.96634681600543	121.01122718339046	117.87937064457721	122.20567581150166	119.89492559252436	119.66809501021784	120.63251180899627	121.81236346667293	119.74459558253837	121.04098661643286	122.49750237165914	118.24356152258657	119.93349635688934	121.321323377194	119.52524667293814	121.52081249127004	119.68773759896297	120.4712956243317	119.91484872632752	120.88885296021614	119.5247793799169	120.94028237870681	118.44764922125165	119.36149634965885	120.13296295497695	119.59535370304148	119.37808656748125	118.68599965085784	117.18392145903995	117.07491264041872	120.3846513178717	119.64673234613164	119.13344623735688	117.81082870937227	119.495423555442
118.09965104724239	118.60660479880899	120.15490682015694	122.60916395795071	118.32976290805539	118.67867172334005	119.57879812407016	122.73246721831738	120.13089132804522	120.88646543369542	120.31966095526917	120.85660814375481	118.70399042705004	121.86310257267417	123.45857343943966	120.90305110207977	121.89764973745865	121.0669544833456	120.65578601450332	121.94717485493918	120.25346696875036	122.76132403783195	119.55972129924746	119.30588347415562	121.65453441974043	120.4262113224259	118.03217903338565	119.13439136563323	119.94479462083498	120.54125796109545	122.48922169748191	119.55152660605673	118.30540467067541	120.98310782226693	117.91987536012022	120.66389488351338	121.24359632996665	118.67679195921787	120.8944230814975	120.68590503249347	120.24246748054863	121.47836512622625	122.55740863006699	121.99211659609765	120.71899122018722	119.3477534851382	118.94641208357987	120.54456700894322	119.0393783602259	118.06373499945173	119.06210045126289	116.65676154922883	118.90664347679777	121.55723788928567	120.38753689749574	119.86957662529558	120.57783184171915	118.98105905632282	122.35824421551746	118.72197236119095	122.09332909023833	119.33692762135989	122.06758522608355	120.97664040252627	118.34910742286934	119.8710125177146	119.2604213152804	121.3224399471021	118.41998387489632	117.50424849800844	119.51367899696612	122.12915470379018	120.27736346335509	119.88169755438334	120.49986098501779	120.16472024163491	117.76843858731692	120.56437806821056	119.65059801997756	120.63602770026495	121.02003321397447	120.14996061049227	119.98995562671784	118.31606647471553	118.47625795185996	119.79963539552283	117.20853436271818	119.64846819416518	118.49271298309316	123.65373487423024	120.12284928338558	118.81853264087715	120.2104633730411	118.88555941356871	121.05776711447331	120.50655225299461	120.58944237462666	121.07567996998598	119.76547830355865	118.69554804978404	123.28361683807348	119.61272076897711	120.02330739564961	120.9670493164018	121.21650126518514	122.48917401950769	118.02164685955076	118.23476362509348	120.3628144472409	121.59672688084724	122.26788876431269	119.16551259219636	120.84942575798048	117.32747205230397	119.72050461611134	121.07138104806366	118.78889700547703	119.31928530860414	121.6580906059513	119.72535951483256	122.48478597351009	118.65177146377647	120.54829510136435	122.87544747916878	122.96325950680347	118.1087147967583	122.13828722801165	121.65607788779326	118.11314154598786	122.52403094019016	122.24045366789618	121.7081948836221	120.61359990879575	121.16825670724613	117.80641893236356	120.1436919643321	118.69188217070574	120.49167783844115	120.52649414469019	120.73211322082497	121.15422375420093	120.39673112906965	119.53722335970768	118.70685863529178	118.25734773656228	119.66604000730695	120.23240008226936	121.14451800821921	120.12442088723833	120.63147152555108	121.0385763761955	119.80591784453942	119.15293217124695	120.73083583535872	118.86385569047715	119.76010753293772	121.11883926242281	121.91146811755206	120.06072025523005	117.59695204332314	120.26573145701425	120.86432019010489	118.94512198002703	118.78110814408767	122.02032824077756	120.70332946151208	118.38284441435543	119.8587340461488	120.57733808802627	123.3690323470843	122.10199601142521	116.95826060450396	121.52160996070597	119.59813381426234	121.82232812998343	118.69251459752037	117.79835315582521	121.60693045132508	120.89055732963844	118.59603916318167	119.28305595087721	121.63041386703627	118.90131923721952	121.28255085042194	121.27017044537494	121.23955307098205	120.85649582543783	119.1249940369403	119.14282369813922	121.40804239881822	120.45192581593176	120.50873233504426	119.4352404689552	119.63056463029298	122.17943766885432	118.95609569651634	120.55368945729084	119.26909749869591	120.15275391640074	117.38996242224151	120.25863560108313	121.4630507271354	120.42678705501976	121.26910121540371	119.63966813502348	119.98740532423264	121.07728367964907	118.64539475033044	119.09435290337017	120.64158810561574	119.37709251381625	122.98560032032732	122.52055895708621	120.84076716928236	121.6208573443501	117.90968663321465	120.64151164155824	119.37024464305439	119.44672408195319	119.9132453508233	118.96805162108757	119.15775793573454	119.62885781832001	121.6434175341241	122.06051216482867	120.71213332252121	122.27580105074588	121.62618419337251	122.49581810840975	120.85669227237298	119.62045046984407	121.98109758767528	119.27739832242959	120.77518286905338	120.6661254107513	123.25642327818656	118.30119333684674	118.10809819663771	120.00482809524568	120.4640996601611	120.6178744543246	121.12127725610893	121.25236311076748	120.226049237826	118.27499238101656	122.16442793883984	121.9192532289794	122.50378469172307	122.62981807819371	121.87285557781937	119.66438815466881	118.15198363857652	119.89837676866831	120.5484420337406	118.7422596123419	119.47886659935371	122.9374051013286	119.29804153642135	121.89295508755363	120.10849380095048	121.6102112594351	121.17871724695136	119.17883440896792	121.19715819587647	118.54965438068145	119.04989954398161	121.03981557396703	117.96492394963859	122.25968534357723	119.91261131153139	119.8655903551641	120.65645489923594	121.89351296737605	119.84846421631445	121.06280207919464	122.55331850550891	118.28436475274597	119.97631907185709	121.39720164750511	119.61685451798088	121.5715988585997	119.76633065864597	120.48604845832858	119.94201759079378	120.95035166974573	119.55839475192018	120.96183239007304	118.48438595584506	119.38627079490192	120.1501400443464	119.67975359792467	119.47575650430406	118.75357731015413	117.24328521975399	117.15967968295817	120.51808938079137	119.66907580291179	119.2820312948855	117.89888729772638	119.53254283634607
118.12863798141761	118.65281150834032	120.30363499298448	122.67566624046395	118.38587593780768	118.76447527144376	119.78013925058653	122.82296862101094	120.15468076719175	120.98420737778986	120.3526476605383	120.90412304785524	118.82723833087086	121.9615175636938	123.50067249461068	121.01039616687953	122.06515521808217	121.17218479619667	120.69886549958844	122.01305597497503	120.32064740832112	122.80869712976934	119.57901126593957	119.38967759857054	121.73249796684297	120.5681669211452	118.09022440401165	119.13879210735604	120.0363447814924	120.63876169396711	122.49461597919753	119.66166176776396	118.45423829553019	120.98649090577914	117.93064911310256	120.70188623573874	121.27545547653573	118.83096326086616	120.9568137686687	120.77385045640992	120.29299725706694	121.48520188603774	122.69767376201678	122.06493651666798	120.80220719944704	119.38250077287303	118.99515266086337	120.65318247008905	119.1409728738126	118.20032367679511	119.19462979036007	116.68919788326562	118.97391158972556	121.76228300174593	120.41955501281069	119.96653887922659	120.60314790016015	119.09601173910399	122.38477165836692	118.8186155894779	122.13019363439099	119.3813340342404	122.2381405821885	121.17558571031793	118.35918777144511	119.94956041184398	119.29290885117963	121.42941193865401	118.5087967916926	117.51062405189936	119.5332471241866	122.24905275096621	120.31657195153814	120.0331293714151	120.5264604464055	120.19093173732202	117.88618668658309	120.65770821487814	119.683665151843	120.75747664191165	121.2425435859033	120.16385202340878	120.02040678371222	118.35232590600124	118.59375636706716	119.82709501299496	117.29710403917439	119.77764108545598	118.63970571789875	123.70463612862402	120.18866489004857	118.85025557504648	120.4209806138026	118.93001055083013	121.16277546021308	120.59138927501768	120.5956410905676	121.11709440139276	119.80685646027871	118.8127940476728	123.2960522990021	119.81979713314477	120.09210185764873	120.9972217797764	121.34673069131374	122.51088773048058	118.09427668045115	118.43827124819141	120.38269085359786	121.6401738208344	122.32162580465143	119.24079037157996	120.95479004313651	117.42228197862252	119.72960892691981	121.12384235334348	118.83028096356114	119.4039446831717	121.75237591053461	119.76164992504901	122.49121363939884	118.72936569238007	120.66692252762961	123.0021224543354	123.04167187981491	118.1612655472863	122.22045183363753	121.68210582527335	118.1837965579859	122.52767042832556	122.28014648025676	121.73504237208911	120.70344347357354	121.30145664491315	118.0252437968883	120.33511779440992	118.74768672833028	120.53177868003326	120.55015995712432	120.94661097831978	121.22294564836854	120.4257851897007	119.60401251999403	118.73174484103008	118.32617994061262	119.68819392797701	120.31327817405526	121.39891177868027	120.22950305176415	120.80576798588568	121.10894133156657	119.84699161280028	119.28195317268428	120.77905252960227	118.98399776116733	119.80726873396962	121.16846674430501	122.01505578624625	120.17169454389953	117.62132607323707	120.28288350170708	120.92476010245649	118.99174917629966	118.83033262464247	122.11908879939472	120.90497963525843	118.49201565985777	120.00216482179827	120.79098660814368	123.47013821753885	122.14427525182445	117.00252402044958	121.5886717981517	119.63072100839413	121.8519102031966	118.72428266219325	117.97497621697336	121.75962297842361	120.90529387366884	118.70968447342416	119.34761717668944	121.66346286657954	119.04413717735362	121.33793567982516	121.29601911264774	121.49392031643157	120.98695381654974	119.3298516565602	119.2573598402673	121.4254476798516	120.50162758873434	120.56413096297604	119.47286642779125	119.70257725457557	122.20312203197757	118.99760216142985	120.61363644734713	119.37249223710647	120.28293658794509	117.41139963191021	120.30750261450696	121.61352910030928	120.48604113734743	121.35698560441801	119.65824107371222	120.02729535465532	121.09696902388188	118.65883367628994	119.15353100285164	120.74624811489136	119.38813187538189	123.25855057323417	122.55496395536314	120.92195216867889	121.67449769848041	117.9681213577285	120.692323019279	119.40033019760232	119.55520618618658	120.09521382968927	119.02890418551395	119.187622665098	119.71016573503012	121.66324756537644	122.14494483452489	120.72373145770945	122.31741313684834	121.69883007728119	122.55956369502768	120.93186558141007	119.71102875869865	122.10839493870579	119.31195115729608	120.80701857117496	120.71054167907329	123.30183876121232	118.33287149816861	118.19588222506549	120.0124979025144	120.52128674390889	120.66371309683137	121.15121840801154	121.31419775030136	120.33395892848914	118.35345584905238	122.20611017327991	121.99186787858648	122.52461342047846	122.64829036708865	121.902969690142	119.72386667429684	118.38879654517946	119.92132292080828	120.60301441657634	118.75677186024735	119.50072161881435	123.06836477465194	119.36472610481248	121.97574690868632	120.22094149734278	121.69085743304733	121.36078096516397	119.31286666595359	121.31555394486924	118.5714646173042	119.08160445344362	121.10481000303986	118.02843545768405	122.28959163266173	120.06391244490857	119.95698246996623	120.76984544032709	122.01823462513727	120.00270166047538	121.15965713047895	122.71500748302671	118.29832177725068	120.07804096180466	121.49420657737691	119.6727305486452	121.65988344980038	119.87127985922756	120.71284319293096	120.0224592833295	121.0636344498293	119.63844383745345	120.99772482762211	118.59131057255958	119.46901317817303	120.2781840468022	119.80177740766017	119.63026475864513	118.83534326863939	117.45622863572707	117.19252500031216	120.59492440179716	119.72179822910927	119.36865214430209	117.98669130762569	119.63340494361454
118.27022966956928	118.69735077613404	120.36149646550795	122.77613835649262	118.50984149152985	118.77817269842814	119.93270498172953	122.90049102927587	120.21818821901077	121.07380936244635	120.45574572970564	120.99988818414619	118.83506668169262	122.02506974444238	123.60369525445546	121.04215948408469	122.19623254759159	121.21228081102196	120.74526995787832	122.13643011941163	120.53709406119215	122.9083330630349	119.73051690450079	119.44620079656245	121.93744603915488	120.63732192299477	118.13843065021486	119.15703603978042	120.19029803008918	120.7088129841013	122.53235778422065	119.72493117214431	118.49637981628068	121.03233182436172	117.96654863355542	120.84023744986364	121.30390511684296	118.86334271942096	120.99178041753392	120.8363058281055	120.32175724145478	121.74841128529916	122.71935759831563	122.11640077215463	120.89817526312822	119.46598986307434	119.08540702624097	120.81105584359187	119.18071822186309	118.2493325095256	119.29574017069156	116.72941862609233	119.13907441022785	121.80169335993432	120.4419055067496	119.99063336345517	120.74087464813286	119.19075512776205	122.42373487289834	118.89714550976569	122.15918851334507	119.54786788599195	122.39277134276414	121.19539330257228	118.41511622520181	120.00454432183743	119.42697612944644	121.51904859606073	118.55535972624733	117.60141439091652	119.66143049082847	122.28282180163264	120.48992022364571	120.1333080312105	120.56013379628021	120.45222200794569	117.92373561226204	120.67842233043474	119.88520052506192	120.7877929210976	121.26028607820926	120.21850040350192	120.12986626489949	118.54653075645878	118.68802692105241	119.97118093198782	117.42460826336199	119.8634859726956	118.77700715004315	123.83540529435524	120.329861113741	119.01544474943995	120.55730799271988	118.99219159708038	121.2999883750377	120.62297184933416	120.71630632087216	121.278701151005	119.8493821430688	118.818764067247	123.44710735914832	119.8667070326857	120.14656767487071	121.06417515526448	121.421465706677	122.55509256566977	118.13571583937545	118.48400329428573	120.46483004182431	121.68464578529552	122.46405790196917	119.32879533774309	121.0524090297733	117.49931341051999	119.80184331637791	121.37878976768336	118.88701530215391	119.46405376522524	121.7674174983045	119.79814431827876	122.55465445661774	118.81118942642874	120.80523587863226	123.11295485646507	123.13529274587815	118.37889527582442	122.28062004779699	121.82097363064075	118.2265840756694	122.64063310364986	122.36092069422024	121.79969904833303	120.73130384156197	121.43836085641694	118.11375909403905	120.36553225115155	118.84224250551306	120.62858490689433	120.77571954391517	121.0081330804454	121.32967635062138	120.48509941855832	119.72139904406795	118.8186359400848	118.35075039614377	119.78848076188838	120.36056530635015	121.44019187094047	120.27675068219104	120.84249021505649	121.14233503716821	119.95855005946625	119.34662157615996	120.83131374471134	119.05796878864466	119.97878389882729	121.39787065558835	122.14467207525092	120.29891125160147	117.67264721584917	120.36343111729532	121.02732695920017	119.00573926534808	119.00348498089292	122.12779505804512	121.02764478138239	118.62447706369954	120.20309377080599	120.84488128084458	123.5860644969118	122.18523208164189	117.17627024029619	121.59675276393399	119.81312784890413	121.92767998374495	118.75570012494165	117.99565315789751	121.82536548797404	121.05734848663796	118.86254545860442	119.44743176687633	121.77471986082969	119.15011734947508	121.41543123936813	121.33650772512557	121.5793955928507	121.13670752413594	119.38860091780913	119.38723622976337	121.59273289881486	120.64545481059064	120.6467831702687	119.52202793275566	119.8169696031749	122.34647944872687	119.08282807022023	120.76177399660361	119.47930285208793	120.39679032476425	117.58274449228126	120.37262356952989	121.70359134066189	120.65025423042248	121.49715590121578	119.8051148705699	120.15837432382231	121.13496018433962	118.70075418260816	119.16242516207608	120.89818911199094	119.42723972633193	123.31117015432962	122.60567044671876	121.01454602823557	121.7293174092253	118.1958732252466	120.83931955496139	119.61646907643419	119.65240471234777	120.2420039237531	119.07344391412882	119.36050843555938	119.8403007872751	121.73423584847059	122.16863993736995	120.76371023393452	122.39975167059816	121.9111923425146	122.64717034465923	121.0591808509382	119.7548786267346	122.2706441482431	119.37427670592895	120.93293970276491	120.771419063844	123.42757565740062	118.49196040866954	118.26760895546242	120.07119647833267	120.69902269999325	120.75087152695869	121.1872261133256	121.3413719388792	120.37015236135913	118.4138671566125	122.33754021450149	122.0223408908341	122.57123464322791	122.68885863210714	121.9486597888568	119.86082273235913	118.40272844371606	120.21744364273793	120.74445260199523	118.87843728556054	119.5424844435008	123.10536667996104	119.4791479201535	122.05056670163536	120.23291670135077	121.77079646205452	121.40786008840668	119.41916928154447	121.33796618334824	118.77083470123762	119.14794233261874	121.19264528799152	118.11590181083284	122.46438811864353	120.20743921814326	120.05535236787823	120.806052714137	122.20402431764373	120.01829698968656	121.25189454166146	122.79428856273033	118.41216196647939	120.16051080451194	121.69180536641365	119.83562683471501	121.70400262306931	119.95380099781974	120.87392981844724	120.1441661897447	121.16617949261696	119.76734750567738	121.1237782608033	118.71447370305009	119.53848878597073	120.32998669715542	119.88920260792698	119.64071366760672	118.90765063953556	117.55114045485253	117.38914767660539	120.64310378637003	119.80526419464526	119.51363039089873	118.07440036578646	119.72745936418603
118.32426015923575	118.80249800903876	120.41411710483337	122.78736370870256	118.5741152584677	118.79410320071912	119.94178302909688	122.93563541835458	120.24914099359762	121.21288827748492	120.48989492335184	121.06484050878221	118.90883964006558	122.07623167516034	123.65902223091825	121.23450690984441	122.21581126222712	121.25285410821286	121.0123870792888	122.37587366124117	120.58530914251882	122.93564366367748	119.76055055596625	119.45303696079505	122.05843316907752	120.72931641196871	118.20883416873666	119.40637265680401	120.19482041353258	120.76294271150601	122.63414679401887	119.88625207868904	118.57754548897103	121.14661610851664	118.04746741003075	120.88313096231548	121.40613029217117	118.98559200589933	121.07928393081201	120.96478440773276	120.41988873983927	121.88507517493466	122.82884589027339	122.18936760061779	120.96189843681353	119.61026539681171	119.2306325207967	120.86318004688452	119.22739303291632	118.26735581917212	119.30602601470595	116.76635825602885	119.23931772079118	121.87856115094554	120.51769044646721	120.11639729748354	120.8981428317147	119.24165260496073	122.56460982829903	118.96677181956701	122.30562495965751	119.68133119173986	122.48201045539189	121.24093685050627	118.52648870603505	120.03036138283647	119.44472923969703	121.72767176429028	118.60579239275313	117.64125209962191	119.74750557974707	122.36282671066047	120.59270863323309	120.21770422413796	120.72845590244725	120.498771457345	118.0176662775286	120.76103216279394	119.97390925441427	120.90458150083647	121.30284189043682	120.25301389379908	120.19085162219581	118.57999615169756	118.69844894968458	120.07499343183589	117.45579655108409	119.99778744092397	118.79072122277296	123.91300733336776	120.3614300946513	119.10614326681393	120.75266401222599	119.18459378711977	121.483935657875	120.77793618301364	120.79619014292967	121.34622919942682	119.89573892559761	118.93668680905682	123.50723079631027	119.87895001292267	120.27885954767385	121.2331435344732	121.5421755192438	122.62570753362725	118.20298148823778	118.5688544641949	120.69887224760421	121.69677169132748	122.47692042720146	119.454682760186	121.11382513782038	117.62329884538751	119.8390395088714	121.42067559741812	118.9479101881305	119.48708763272467	121.96702397669233	119.82129477707323	122.70400084123396	119.02384614191024	120.84170870649157	123.1531948000414	123.19809916762519	118.54324077841012	122.30642225231496	121.89964651575737	118.29205134313061	122.76848886347373	122.46945866985364	121.94781795924862	120.90337643494182	121.47990016842496	118.15296525070414	120.50421146259188	118.88293967557536	120.67019875203752	120.82077949828327	121.0490656082893	121.42303852632078	120.51280194156755	119.80110875311044	118.87601595523982	118.6055042331913	119.9289810417534	120.65853223076017	121.47291076857015	120.28771737692779	120.9023588140357	121.15308589600119	120.07076466631723	119.40817196419073	120.88447514045289	119.15138552135353	120.24404897038976	121.47880023509688	122.16359189568558	120.46368371121424	117.80587840968423	120.54083865070385	121.16507051470127	119.03849805404037	119.00997733529628	122.27078461337408	121.04436652967178	118.68454279113566	120.2794818145739	120.95148337280038	123.751394485234	122.31576626990153	117.26689100146498	121.66691644524911	119.85101389153007	121.98498228213663	118.89306334201663	118.21763030103187	121.84149172213078	121.24399672154681	118.96954252229288	119.7064199014001	121.84961961608418	119.24012919498428	121.5410456383047	121.42753059415105	121.6168409326199	121.17853581511177	119.40969672312235	119.49528535909211	121.76022179707535	120.67858799094547	120.69717888758548	119.63910593517004	119.85558480394417	122.37185373802913	119.10575525700142	120.79294403472507	119.58726620476271	120.45410183549278	117.6188359453043	120.46985684205603	121.8347720811916	120.7147386554984	121.61898598878743	119.87599701882814	120.25581816224755	121.20101017721363	118.74647737377828	119.22358533831017	121.01449330535658	119.61240524207241	123.49951325187409	122.7188604541221	121.09472358220809	121.78568322517607	118.24913892431711	120.85048220040467	119.64977809298652	119.8727624511481	120.26169662559418	119.15346991037555	119.45701895121631	119.8750150867732	121.76156126072499	122.25496961207907	120.87855242464478	122.46750839190624	121.9395536164661	122.75390048841038	121.08306326834361	119.95700236517196	122.29529715981715	119.4448302618185	120.98502453964888	120.78776720170912	123.52763170531284	118.61896320129122	118.32836755714958	120.21421021819668	120.82821092657073	120.78707850461966	121.28163170491082	121.45361133576176	120.39976987887586	118.44439388383529	122.3646718415673	122.03707930896982	122.68983461515067	122.75821753139769	122.00309244589337	119.93261267171202	118.59505897198943	120.24938203242702	120.77186687282479	119.02709870957636	119.5977113110418	123.15605783786287	119.58760697311881	122.27353355568837	120.30660512023958	121.79484346312552	121.63422498589064	119.47182990627249	121.36161502412699	118.89492998288664	119.24462004213053	121.22219999392445	118.14070789123022	122.54449053178266	120.3408290048305	120.18991209253954	121.08049935491302	122.34673216697232	120.1390523728689	121.31107004390428	123.01239021970522	118.54069416283025	120.20363921086877	121.7565696158177	119.8894379236838	121.79866030393225	119.99958702433041	120.9379832069724	120.1978063678113	121.32779864533663	119.79396023529566	121.16847006066236	118.93058734689673	119.62111989239392	120.3342080467595	119.9032093805871	119.69794013104071	118.9956833574507	117.66704982183771	117.41085459860378	120.6642437851246	119.87635481928727	119.62814914801264	118.12514635434964	119.8574928696193
118.58135540116075	118.89152264142209	120.55875110104785	122.83216759885678	118.70920381584699	118.86394661771114	120.03319533368413	123.03627012715825	120.28486185541087	121.34585109127343	120.6913844084621	121.15529946177605	118.96798754594894	122.17556448634244	123.81089059416567	121.31642412371704	122.29064651673346	121.28874893213354	121.05249013660314	122.46516973556129	120.60938000858222	122.99764015102022	119.82805590948087	119.55313446622115	122.09529706693628	120.74272426343737	118.27216486164475	119.66118330438313	120.36470734039378	120.94463944955058	122.68291502195488	120.10079001012016	118.6195887613532	121.25384786053583	118.11379136514311	121.02973981862378	121.54419247810476	119.04805918013275	121.30959654586935	120.98596595044981	120.57429185181688	121.98334346609944	122.8758269197008	122.32656234071887	121.00082274902462	119.66685256022569	119.28533440347297	120.93414292603921	119.3126534462325	118.32716433536622	119.3470643420376	116.78884895760943	119.26672799753855	121.92551777702352	120.54199025315651	120.31111975263335	121.03019091170475	119.27214200949285	122.65878283430949	119.09804464918467	122.38219139816117	119.72101883192096	122.4981319908456	121.27325373025202	118.63986831219525	120.104791260364	119.50826529925455	121.73206106432792	118.76919155500566	117.66030563065003	119.79773314688067	122.3968276607022	120.64835520252824	120.28540483607362	120.91197624544934	120.54362013897425	118.0499686102183	120.81658763844827	120.0226434042163	121.0066624751127	121.44459459001693	120.31103765443532	120.24227567713781	118.8549787732929	118.87062793803236	120.23387152644924	117.59029594822375	120.01404391420321	118.88289303716864	124.08116943208023	120.43062301789163	119.14934596175704	120.76337408261793	119.27351237169655	121.50008440426677	121.06030830578835	120.91375928146866	121.4196208190382	120.11445931050369	119.04038840026881	123.52368652165718	119.9627282427836	120.28766021666488	121.28199698407276	121.67691090684212	122.69511042226459	118.24779132979381	118.6118880116532	120.72387596081882	121.80229043202692	122.68996623150284	119.50855838416196	121.21548961187443	117.70497711991847	119.88457544388037	121.46733779843744	118.97546175158132	119.67229373546358	122.01878036605069	120.16356403715687	122.75132322800636	119.03647302160373	121.01481316230974	123.22449325842233	123.33967953806258	118.63605274631513	122.3299224051514	121.97158363549603	118.39454030397071	122.79708279776388	122.5384880623073	121.97777088345157	120.96143868937183	121.60427629719906	118.16853324604403	120.53929770309533	118.89961409076817	120.72315061980844	120.99961151586369	121.05284792008152	121.54015333244254	120.63831551351264	119.84646745169134	118.97153120701874	118.62313753147917	120.01300963232883	120.70024374436925	121.51714923582954	120.41705163299146	120.99025306846306	121.22351580108669	120.10017303259039	119.50060784452229	120.95400050892987	119.27398984264406	120.29200973984322	121.5151919805282	122.31027374180081	120.46865091442368	117.84643587769976	120.59021944417006	121.29106280619798	119.26992080632165	119.18806917203759	122.39115166588509	121.1719759704212	118.72448777426003	120.35395624195269	120.97275838785086	123.87159092564228	122.34585334374728	117.3163784711388	121.70770900072499	119.95175856655383	122.14662691118565	118.94149565723788	118.2731489889416	121.87250308984716	121.27100160315354	119.03978117079909	119.72643879393776	121.94128885709466	119.27594396492174	121.58739273175107	121.56660092740704	121.75829936018768	121.22838925678012	119.52194800552043	119.54304400818313	121.89847465901671	120.74033121190493	120.78835605728769	119.68460632047926	119.88142753752119	122.43622614669073	119.22972036716864	121.08377143275915	119.59333427470149	120.47378998182019	117.65402420159319	120.59708884259796	121.95039431855115	120.73815377850372	121.70738871250721	120.03704190352805	120.32711901816977	121.32468425733853	118.87012759170256	119.5546144582204	121.02831397012577	119.79189857849914	123.52545544155345	122.73990500581179	121.25866479079477	121.81247140685468	118.29259877558172	121.08512196353364	119.75513755731852	119.87776730314903	120.44182042263435	119.29777068275149	119.57454599624792	119.98056756782715	122.03275205618318	122.35427722605834	120.89735042036706	122.7008096556142	122.08737105326448	122.77890783016991	121.12310369951449	119.96941043788155	122.35227962771775	119.46438389438339	121.03207237304507	120.87326916720936	123.73216774591074	118.66438545844512	118.53435799301742	120.27728586374897	120.91273591181913	120.83767594863988	121.59676068311799	121.50576004487812	120.56256259188706	118.55145436887706	122.50576939818815	122.26672740012056	122.74609692413638	122.97546535476559	122.19650917932822	120.04926946048799	118.63750585420149	120.3852749352474	120.8259589742515	119.08709476827225	119.66150138622443	123.23674327236746	119.64090572746103	122.46508221677388	120.33797726125655	121.87384983843549	121.66826432410896	119.52468587854986	121.43912160798315	118.90211482861825	119.28364263629243	121.30469796176826	118.24188040417162	122.61076475854128	120.36922734458193	120.34071742093238	121.17840940271454	122.38233623423457	120.42793556088012	121.38598271030912	123.13864086771623	118.5519717594869	120.2269516991638	121.76699910635863	119.90384046250406	121.87836561796098	120.19184557446269	121.03812263833927	120.35274196839065	121.3449475755499	119.95443999551215	121.4223992484335	119.0218145743589	119.62861679160216	120.45581363747465	120.1058759323877	119.70759975758507	119.18423366762373	117.77228075111313	117.47513647188646	120.69981909702523	119.89980097145076	119.68439481555703	118.15086142468228	119.95409405247929
118.68779694267064	119.00412022704354	120.57715417843926	122.97047196928295	118.9153581186142	118.91757877239628	120.21521209361516	123.06638265148513	120.48161599007962	121.50167638598623	120.72264277184708	121.29947411397251	119.01316615731702	122.20655837249943	123.8924302680323	121.49626324892613	122.36281460847358	121.34996332278571	121.10385258688832	122.5200118283393	120.78202500877202	123.03669651791483	119.92956224352574	119.59125854106718	122.13970368022333	120.77695818205727	118.36681774999451	119.77413271544472	120.46898751732395	120.97187447177853	122.70114032586194	120.13029498295329	118.66133399834581	121.4506454300008	118.13653951839461	121.15495460329254	121.60023589169833	119.13426332032955	121.3547716647673	120.99789963289847	120.63142708309739	122.07571659422207	122.90445738322794	122.38354182942433	121.1290625439047	119.74810684715044	119.4007177623926	120.96815296087088	119.34462834619704	118.36734007896526	119.57601715153392	116.8519096947293	119.38390031135876	122.1772951614759	120.59765211133796	120.36684222406848	121.10292586788778	119.45808828301574	122.7201417621868	119.29376561223633	122.48195956397345	119.96524193603513	122.6752808762181	121.29441714448502	118.728507486005	120.1575601513096	119.67926648141278	121.82838342232974	118.85018414783075	117.67444879586444	119.90515619708498	122.44419003248277	120.72271880588714	120.39233079526828	120.98880363868324	120.61514148338317	118.09139588186058	120.91545856489634	120.12557218405811	121.15076759856275	121.57207667594896	120.4338756404006	120.32047466664255	118.9101100561285	118.96792760218682	120.27805438069102	117.71722895099212	120.15632838856253	118.99915399303754	124.22125640588605	120.55544295869782	119.26659529865857	120.83116335720348	119.36156750687545	121.50682245020103	121.09296678126576	120.99646764922365	121.43784323258913	120.19744856684014	119.10069846131186	123.79607383530814	120.05968378391066	120.51342338402374	121.33440898696473	121.75653176597595	122.93334876402001	118.2665568936664	118.62837155492939	120.89107640466096	121.8280384826025	122.75713409461252	119.57376120141382	121.2863838633189	117.91952019308333	119.98224665481517	121.53212357827154	119.17888091882789	119.70118967691135	122.11557048446491	120.30199865940371	122.79764250145331	119.10708486320274	121.12797612328009	123.29496687215277	123.46664281513881	118.65166056102188	122.43078009381406	121.99904191818077	118.48181755026754	123.0314197935487	122.56966108365236	122.03931182981182	121.0312640638215	121.81836334481189	118.25886189471305	120.58333255987516	118.95324735801185	120.8687571979698	121.09641195892831	121.18003412860769	121.57789015885358	120.66498947768883	119.87422742224594	119.13811768781541	118.72858404236743	120.10153075492055	120.76267668441166	121.68486191054609	120.60031255757328	121.07113849681728	121.23900658755643	120.14797961435659	119.63758871776027	120.98090706670334	119.3560056919628	120.39002367575182	121.5233833386585	122.33645004981194	120.55992869411597	117.85963629082092	120.71862549721428	121.32690367934151	119.33815122108913	119.23730370336858	122.40496371814338	121.29305057985135	118.73227827414149	120.53808759876411	121.03891712988363	123.89361013720124	122.38310808505533	117.34895895577836	121.91006397457731	120.02204615749872	122.19778109531306	119.08758745077853	118.45196676537601	121.92552691024474	121.4257139281093	119.05284718631192	119.78978414888556	121.95847644224254	119.29116791397115	121.74013041396604	121.72467043640209	121.78129081922522	121.28825024623167	119.64839254812917	119.61555002613366	121.95589989904724	120.81263451784532	120.88329412670741	119.81434156527652	119.95878947680262	122.57628285716775	119.31241617573095	121.2408496745136	119.63612893173234	120.61047824882856	117.70694600778057	120.62816799522325	121.97767596075681	120.96855999990278	121.74447812121973	120.0671431530966	120.43978801467014	121.3286080273529	118.96119746442223	119.59431887900139	121.21350985367324	119.84911543421653	123.60885582760443	122.89947287879801	121.33257936170001	121.84036863756458	118.30229480723884	121.16920681557495	119.77254091006075	119.9132376820496	120.49390180516338	119.34973798086219	119.60990638399262	120.1402533966461	122.05147424680013	122.39358563089576	120.98040122034169	122.80488787919072	122.12568207886204	123.12155501558043	121.21708945123073	119.98221203740069	122.48788017165771	119.61459799709279	121.14629254282228	120.90594270560437	123.75251194879327	118.85544202275598	118.59576681811136	120.3079938795432	121.01655047927542	120.89981558270539	121.60269425402291	121.6627450443008	120.70108111825125	118.61295097265088	122.5380067206695	122.32209909949862	122.9642949754291	123.01949447724336	122.29070008325876	120.23517691863005	118.67347676278193	120.553058712282	120.95684414329607	119.202775604771	119.82340234862572	123.26133043336591	119.76621161310737	122.51722664345495	120.51769069242962	121.9950540001284	121.70142684182183	119.53364189256766	121.4782208289045	118.9760050840846	119.33622741408007	121.42365443837626	118.48018401963598	122.64690791922213	120.40863281317888	120.48041026114532	121.23656170596401	122.46007277192057	120.5023578762786	121.43225931859708	123.14653177636652	118.61964541329252	120.37402222387243	121.81113143301792	120.08579508119813	121.95533343332302	120.19411385365953	121.05883074823646	120.46177595397091	121.38302929158851	119.98718313201375	121.51924143852756	119.03937242421522	119.78657945615359	120.51030104308217	120.12811035321172	119.75527907144419	119.31659032964208	117.80470471606566	117.63156758226188	120.88533541588544	119.9119299855612	119.78494298403831	118.23970263193647	120.11807597074677
118.75749917042033	119.05808831012065	120.66128335832843	123.13863328067015	118.93455323621832	119.11509517817196	120.25059147356387	123.3135663028123	120.60948026310392	121.65101596546988	120.80590290880738	121.38766840506453	119.15043778200116	122.2351105298007	123.97616951017334	121.56592741109337	122.37672357038838	121.5222711023583	121.28850328371553	122.58284910751637	120.828927368915	123.07971629479678	119.98193558188702	119.8325074028007	122.21011891372439	120.92928428266364	118.45247581137907	119.84978952955915	120.52282877221153	121.0934495324769	122.75027918651904	120.2042906644095	118.84309557415095	121.50417163102672	118.20436246245532	121.24855366135895	121.76264532398694	119.2323306489303	121.42842392663984	121.0673432498066	120.7375337848173	122.10371563312115	122.9883087156064	122.39777313668768	121.20032114332055	119.9542520198151	119.50261570351566	121.13519145285291	119.47999867396042	118.43370234811388	119.7065454822036	116.95615901231449	119.39857897259073	122.19972725293913	120.60774574767339	120.50431788165311	121.15203710971049	119.47071243824621	122.75673969876732	119.36040020262692	122.60194431945818	119.98465377943893	122.80170637751371	121.55280389684111	118.79620667380192	120.31347362496592	119.7780203333065	121.8900936131969	118.88944122286713	117.70339659762266	120.08231340304154	122.52976526849592	120.82338827642643	120.44871880139375	121.0679522036915	120.6997657156407	118.14601082289151	120.99774417244724	120.18473082627509	121.16587820955218	121.6874792059822	120.46422745532722	120.43687318625965	118.92944877572177	119.01664930558022	120.31715781213386	117.78633295525479	120.16254844813494	119.05890286294515	124.25257009529032	120.6158833230378	119.46180484463567	120.89721076130203	119.37900834116432	121.56602959926057	121.19544955547224	121.01428630048184	121.49089204897356	120.34011998095416	119.19450794311655	123.85863956577616	120.34157921208303	120.58746751663585	121.38401370561003	121.80631427201736	122.98139827897799	118.39989042937702	118.65534637052744	121.02358436675978	121.86745112865952	122.82328139958962	119.81541046287677	121.34589493273847	117.92957399422608	120.08619023128492	121.58882267875696	119.293608010923	119.80008967701772	122.15069669102928	120.32760065652974	122.88023515403543	119.13647228879874	121.21657365975562	123.39696651597072	123.47416824038844	118.66976359761983	122.54714135906966	122.2327768162278	118.56380331422575	123.09762436797135	122.60460393911647	122.1627232694555	121.19013394511013	121.8392817265853	118.44230293839719	120.8079523057185	119.13853991386054	120.98856620045493	121.10162250613335	121.25351519077971	121.69533363346193	120.75110742414259	120.11820764354616	119.245221268836	118.76554026768439	120.22462729336374	120.88794077775725	121.78764744293717	120.70568442369094	121.14023284541796	121.3797336454403	120.29452395369039	119.7175610904652	121.12032136601576	119.46163761952492	120.46561475076595	121.70656491980138	122.42712591568626	120.56830924739644	117.92639467136759	120.73425634354987	121.33557058708602	119.37212910255055	119.25392509822268	122.4521343083415	121.34778908602257	118.84154471274393	120.56812668517856	121.12350285388627	123.93921331097268	122.46474168131019	117.44410584885999	122.01646006307426	120.10605683381657	122.24146678527514	119.11183204694994	118.46838299562914	121.93123086163298	121.51190708515504	119.1291619102511	119.8699861424807	122.08419231601994	119.33778178148532	121.94099238595132	121.83100064105211	121.79589529879883	121.32715504710055	119.7060238741631	119.84306957956407	122.05356634062359	121.16058202219482	121.03370644303662	119.93417275819176	120.03730843393409	122.63842122058152	119.37694416105168	121.2874513566439	119.68700738650719	120.65890739784552	117.73354548496795	120.73791928520853	122.00417486894536	121.00313927650843	121.77030221164394	120.22397090341566	120.52931261342921	121.53962942943255	119.116365950761	119.65443607086463	121.22005272735885	119.93645566426962	123.65632771075266	122.9743757705485	121.39535118181199	122.00390395252306	118.37305052029056	121.2001237156435	120.14352229364002	119.99121882963027	120.50019234727269	119.42676300127097	119.74569361611749	120.23417259037363	122.15763710990925	122.55109839668218	121.11393355375706	122.81080824984484	122.16744791075521	123.19874533337001	121.23304758823846	120.18727400426596	122.55691661282755	119.69876205536075	121.21345633825416	120.9457979153859	123.82788388379646	118.9844884981724	118.68893853166901	120.5531748161112	121.08139533109437	120.99737070155345	121.74986540785578	121.83167622879525	120.84952077681834	118.68043970067829	122.56626854166444	122.36951189367002	123.04777270486036	123.0834824805127	122.4651838376692	120.33082688358239	118.71461495293529	120.5829471499615	121.07696067809137	119.26030806651153	120.10492777209592	123.35222501670161	119.80639992243944	122.53991656211633	120.70449931891017	122.18997827206252	121.93166375771405	119.81627318815744	121.50961648137282	118.99022857424642	119.5323182830719	121.67897611706303	118.51007008968806	122.84300706081883	120.43442786727465	120.52649695666163	121.35092745451952	122.49042106586623	120.54069705850323	121.76185598176087	123.19496049003381	118.8027922165567	120.46235827516307	121.87329359723965	120.19321593886215	122.1680444736215	120.3036686266241	121.09755892725356	120.62538600050073	121.40672542538539	120.0942521628554	121.54383546347353	119.23530780478995	119.98083775336626	120.556497761832	120.32137899474768	119.92589380982015	119.3407649314935	117.97158818038274	117.71238866628197	120.97967932449684	119.93495884419703	119.92388671839991	118.39011939024074	120.18622017095839
118.87521888524677	119.15272624450924	120.92319314133235	123.39302513183388	118.97195783674617	119.25750440842987	120.3286259434982	123.35566961134096	120.65576290606236	121.74206466810898	120.88072617568328	121.42685185467121	119.27101559229625	122.38393523054043	124.0719070893216	121.62266685796857	122.53974020208665	121.58131364378008	121.39021934337657	122.73995316006588	120.89504315462524	123.1638814602252	120.22629420796012	119.90998299388863	122.32313182856348	120.9385042373548	118.76544642688675	119.91621551078603	120.596725410605	121.12970705667517	122.88022722048005	120.25551170992722	118.89551326320104	121.56888482237609	118.43563354286597	121.29435480898961	121.88282963377536	119.27030101872305	121.45900090392011	121.193927544505	120.93118562192146	122.13503256991841	123.06851601324857	122.54841728514218	121.29093277562757	119.97363354631473	119.61378839707439	121.29782787686705	119.76389963126975	118.72489981018037	119.7459933617095	117.04825733436158	119.63370343461722	122.28528607101349	120.7014223235781	120.69832176205477	121.29525040840656	119.5647546324798	122.94941456240507	119.42593772331026	122.61727687279777	120.02976931884628	122.81777036664047	121.60082246919055	118.84789086263926	120.3877180432454	119.8434663581091	121.93483050430501	119.10758417053356	117.88841842693846	120.32039030063072	122.58601273783081	120.88615511205836	120.5216132500269	121.15647158712608	120.74636252446162	118.38024910025997	121.03760386510359	120.25784469646972	121.40222721293577	121.69952311388995	120.61765365409454	120.7269186707493	119.10656816994066	119.0927954415827	120.51711960910357	117.82254205558337	120.28784518213745	119.2011857579266	124.29643047521213	120.63003654525876	119.52464450173963	121.01529016489538	119.53665493846569	121.67895383937308	121.31273842866116	121.14783676994467	121.79200474351961	120.35819867367283	119.25705801115225	123.92098441006334	120.3558810224725	120.66646703140266	121.47794428260656	121.84980280505212	123.10782545316592	118.47819831535605	118.77954957632767	121.07891386376288	121.91855060249031	122.87165259142377	119.88959067259967	121.45076852062014	118.03047829267337	120.14212635713456	121.67242560547011	119.4546711644833	119.95515689013868	122.29002724132819	120.46384830807679	123.02820250508508	119.36330659178898	121.31079266507604	123.47269847717571	123.55400619570591	118.72089352792355	122.60905053692615	122.23550546783686	118.87337992284682	123.2711800773566	122.70932174099944	122.3671557800805	121.33704657225942	121.86518033977217	118.4588278828914	120.93424649401398	119.2033289500261	121.00665094474472	121.14549010742645	121.35744697621533	121.80312556564729	121.03493749381937	120.23632175118902	119.27458892483519	118.86747580537694	120.34713066069942	120.95952057665033	121.8652093936916	120.84552324075516	121.17492149465575	121.55694508877822	120.3978191515317	119.90144621940617	121.32023988060138	119.61631333398313	120.50150951832322	121.8337376597118	122.54158885754103	120.70186273751057	118.07150418688393	120.90338954481858	121.53843051251405	119.51085132923818	119.49300331861092	122.5172060383047	121.44551051743004	118.93564056987015	120.69648526117952	121.26196448789767	123.98506484094294	122.51825288222008	117.47163643391349	122.07157959024616	120.17438584917006	122.46179600167075	119.31854110539595	118.53670987509676	122.05370540052164	121.63994939417088	119.3482021089526	120.07944951142775	122.27372336481515	119.47735748202287	122.07065753246862	121.94210838044286	121.87293963618616	121.52367080261774	119.80817287840657	119.94087674400313	122.0690607817777	121.17741623795165	121.04849001793202	119.96260097721812	120.07892533006633	122.74685311929575	119.4539042876693	121.29500704599366	119.8555764507895	120.71785129558256	117.86789851097635	120.78923450489563	122.11644877155223	121.03671129426614	121.8211814160375	120.33136940006219	120.6685167885622	121.69207649879884	119.2466359268222	119.71561843004352	121.30033409725004	120.02120908357219	123.69532143073587	123.11538051430834	121.55284011513697	122.16042266955303	118.43775932844963	121.30431724454829	120.18049219805356	120.20735608084182	120.65829164726067	119.55631593735933	119.8901046729882	120.24814104146802	122.22237224936022	122.63092602755479	121.22162995229043	122.94335104160463	122.21444861592663	123.21289220107865	121.33672811170405	120.40113451475314	122.62756797535887	119.84384129053387	121.42142099145349	120.9754631914689	123.84231902298991	119.09417672138171	118.78021751891953	120.56273006963211	121.11586084702219	121.0414628217504	121.76765785777893	121.95736217755841	120.87763814582044	118.7713245213678	122.74063488727691	122.53340378648564	123.15463229396659	123.12010680447948	122.54764603700477	120.44426628961224	118.8518106604856	120.59791734624247	121.17771922905915	119.29626920732926	120.32672830505562	123.45587562841231	120.063902561001	122.63914802091695	120.76631342953281	122.30682243540103	122.00318694587364	119.88698398219985	121.7252449111265	119.33292563255206	119.62707422864169	121.7675947940106	118.57713712160327	122.89417065052498	120.4581159554216	120.6110590423385	121.41076474549781	122.56645677372227	120.60015807484108	121.7741999279887	123.26578541150342	118.97365190503895	120.47113307621896	121.95888087036157	120.26362636079426	122.20679702286668	120.33716420837364	121.14835038480835	120.7499848766763	121.47940379528684	120.25160954967092	121.60702814432504	119.32309992136304	120.06327972662646	120.61905368067758	120.45405482614348	119.99315575802105	119.53240882481421	118.002556508248	117.7972703497129	121.01575932869059	120.15747469814184	119.95395203585323	118.43065001094173	120.230466137758
119.05764837313133	119.2769632433095	121.06604605629704	123.43436878686002	119.11183690438263	119.46543841189634	120.39742943255925	123.42510674753343	120.68842384387213	121.76330625277936	120.96836178913274	121.52522492558747	119.31188375381767	122.50699154237189	124.17832376791935	121.73529430479535	122.57098035750074	121.80094217017337	121.45739516247572	122.75587992621416	120.92748011562041	123.38537166668394	120.30888784414981	119.94856824427606	122.41512837582202	121.04153260930369	118.78699908448935	119.99428399628418	120.68787739111026	121.1519644218432	122.9802343263313	120.36526996333026	119.02828585720384	121.67309191635445	118.46248139351884	121.33383485698471	122.0091824808991	119.31971685548989	121.53654626519047	121.42454589024229	120.99538473613099	122.22837718204622	123.23014212497691	122.66343112523295	121.41227954781208	120.035671589585	119.72895069527387	121.39222600427614	119.837919177273	118.7923909991771	119.83751424079922	117.20625329887146	119.73487747709048	122.33319783531172	121.27736389157775	120.70465359649457	121.45323673854358	119.7317466656626	122.98900591813815	119.44149049227116	122.72142794636757	120.14421497032716	122.95656770292935	121.7659726906804	118.91154377139718	120.62255275101987	119.89399528800702	122.10222514028153	119.1565385827833	118.24906379590686	120.38439576784269	122.74723577003492	120.97935244340226	120.76060959951747	121.20292143441205	120.86968162522983	118.47261462285539	121.26033047932643	120.36268074283119	121.48423930589914	121.78507035809089	120.68990623388366	120.77212655157655	119.21954450414316	119.19500853047106	120.57621958889935	118.00704291308595	120.42800079111159	119.26267685938936	124.33047551383667	120.97880701191845	119.64999975008857	121.06895673591559	119.73597518466741	121.76418671163687	121.40497868741593	121.25247686191412	121.83538286403872	120.47212640948318	119.28839169976347	124.1054077249849	120.38822568665832	120.68451164561769	121.63828865396228	121.90502974883549	123.16045569914209	118.5320296069798	118.92534077053907	121.09310850441956	122.15782084997063	122.90511127082718	119.9344592303545	121.60734978828471	118.19945810697766	120.43952758148954	121.78501963232712	119.47848623741632	120.14354474859259	122.3612137179754	120.52570659417246	123.15512148194891	119.41648485210533	121.45599779458445	123.58100964036561	123.85833977167488	118.81412333427417	122.87193030491811	122.40417101669239	118.92213470280306	123.30439384004808	122.81041065337801	122.43162977918351	121.43332044595542	121.90493790593162	118.5046356421407	120.97671078533806	119.26177842440246	121.06401798478907	121.17426688112153	121.54761046720567	121.97866360892591	121.18731470010073	120.31070093263953	119.39179864755764	118.95545404558247	120.4509266262015	121.04995858175941	121.92343774370116	120.92447010944248	121.27036277025003	121.86698228460656	120.53457375834145	119.91182842541645	121.49059190951586	119.78429176659816	120.56449865831425	121.89651717246112	122.57574928891557	120.83559101958836	118.20200201173361	120.9620617239391	121.61855368237455	119.73706941183357	119.5229615428963	122.74429528562969	121.52984878529149	119.03241609410814	120.70523626104641	121.36186513222395	124.03089342569037	122.5943061766932	117.62886090672094	122.14945830449345	120.29686215067463	122.59044357510722	119.53150934069981	118.57825289720147	122.16223369644278	121.71474238159315	119.37104655390573	120.15153011194687	122.31594498281426	119.65745756512628	122.15029253529582	122.0045939919821	121.99403912115613	121.59360973582169	120.04322442739036	120.01280546891222	122.37059404172938	121.28010782839105	121.14113883624614	120.05376108089347	120.29686521922117	122.77676685320057	119.53708363156383	121.44206273047396	119.99151196318252	120.83364719416042	118.1287203907212	120.98129099894756	122.17427056326673	121.21674605705233	121.99035437770507	120.40592407693245	120.80945495691854	121.71530173730092	119.2782470806794	119.7252579628576	121.51518468781674	120.1473660176736	123.94501415341384	123.18406092254064	121.63600616507239	122.3481581146341	118.56836688324087	121.40880260977761	120.31063328349376	120.30548379623053	120.68945047717945	119.579560044556	119.95483585873744	120.42288951970643	122.25153861215462	122.70382811853592	121.2908052818135	123.00364028177711	122.28502575562749	123.28566190915315	121.42892334611842	120.48749262336717	122.7829490053679	119.94299571735046	121.4505248936268	120.98940973570448	123.9044485355679	119.12626124754762	118.9937177539899	120.73475806731122	121.3410294424547	121.22584296140114	122.02055396691641	122.01196699740463	121.02254931465775	118.86023690420106	122.80199952335747	122.62236510383283	123.19534267928971	123.21973583715075	122.5592370908842	120.53562620134052	118.94164162151887	120.86231691447709	121.32325067558803	119.41223500066369	120.34009653913266	123.55472400243984	120.11866496593595	122.70522354358457	120.88216879851545	122.32895210142851	122.0381882135161	120.03792544671435	121.85238741433527	119.36488937503907	119.67039822158851	121.97500003705478	118.67181868966273	122.99175501567797	120.74003119512929	120.7033924155519	121.4964408842933	122.66696026666405	120.69569340894792	121.85432258936245	123.47971145972392	119.01691223314194	120.75158771469644	122.07738090480032	120.32954770524731	122.23275623052416	120.42110591695413	121.31553734291853	120.78172013463802	121.7587418886969	120.37786168417216	121.78621444344539	119.36741709812354	120.15635344834162	120.7480896603616	120.51523848953406	120.22457698226144	119.66994253279562	118.03467128203805	117.85682304153659	121.30307194856924	120.38446903257902	120.02975644725447	118.61793110980263	120.40318192888903
119.0802061941047	119.30944115276893	121.08611926211407	123.45717684389282	119.12521376405708	119.54415554603078	120.41452260656068	123.44971995363463	120.90370192405877	121.80509048917116	120.98435225647798	121.80581852753981	119.45313135757961	122.67308060130209	124.27865256855134	121.82830519932928	122.73426599023324	121.90563995500086	121.46534532158702	122.76205844924766	121.02417541648352	123.39563323791147	120.4492463453769	119.98483196611231	122.48464541532935	121.05675185247762	118.89962647824011	120.05058949771782	120.85516066725306	121.32288416070078	123.11156284942815	120.44265549040529	119.07531878946594	121.8266070405641	118.53084457470958	121.68580437341267	122.0781645855105	119.38061386250298	121.8056816972315	121.48291761153368	121.0958467725405	122.29556420449822	123.37242843453642	122.68174313264038	121.50161054735105	120.11765658831264	119.78654031045724	121.41947227315875	119.85638405049903	118.85098672272618	119.94080070652828	117.2847957023919	119.78662519756595	122.50813511128298	121.3610096610891	120.77527509121175	121.51543351939495	119.86146694576706	122.99580981132995	119.68902290712252	122.76377783737962	120.38335948688155	123.02725501809924	121.78555088327751	119.1234472598621	120.79546067007252	120.09595596953216	122.13906935143974	119.17890441193852	118.39242588385125	120.44835217416185	122.83206970433898	120.99666201647464	120.7959622853606	121.32390289994312	120.96682017360268	118.54003579585277	121.29611286251453	120.3891280187119	121.56862767051314	121.87245934391721	120.78624517652611	120.80828129623903	119.29269384845783	119.25300753141622	120.66027033305075	118.03587792923078	120.44323033858872	119.34758112001697	124.42219736666854	121.02419911528011	119.71069448718178	121.20635759042425	119.81503722439066	121.91724558718815	121.47842754233912	121.28904198599646	121.9146167384472	120.63857414538903	119.41224657049132	124.15172445387773	120.41471112060489	120.74561885540524	121.69415001168078	122.08993844048837	123.31274016970383	118.79216165138332	118.94228276611324	121.33257462345802	122.40327390412241	122.97932195883463	119.99449261013203	121.61743082153176	118.2564592604964	120.5248296721696	121.85236245654053	119.50293401313638	120.14812951809353	122.42072929089596	120.53158424744406	123.20302384862741	119.44000327326337	121.54026743293721	123.59156258908644	123.88353504471667	118.9834303068355	122.97851928807717	122.42052499926916	118.96669828341223	123.40635714670869	123.01550905710668	122.53375438676174	121.5294663752268	122.07092845034528	118.56115382310622	121.03361307638275	119.30212282335907	121.20718104521585	121.4147615431468	121.5558248594541	122.00009082354046	121.2414621705773	120.38891462581871	119.42536851896746	119.06947761409951	120.49249882325583	121.23943066713834	122.08387916312303	120.97910734922874	121.39938341697562	121.93025437596943	120.5678918419351	119.96952330043585	121.53653515992971	119.82387105208144	120.5978243976091	122.02445541119275	122.69410862900959	120.93802295547471	118.27722871704196	121.09962663993907	121.7943450869271	119.78034285034393	119.60632935545807	122.85799762807339	121.59299748191411	119.22910364640408	120.7335228540999	121.43142545820707	124.06522669776291	122.73892674309356	117.70159713257746	122.17567892593894	120.36379219682823	122.79517711294838	119.55841871290458	118.69171000311357	122.27398118752106	121.72655093701897	119.46240633838055	120.20426975379193	122.37526645825629	119.73122754398189	122.18823828788159	122.07819935660656	122.1461293092326	121.61807657554435	120.10606975610324	120.13905931068666	122.38492342668576	121.41864558105596	121.17636732475871	120.08357797541137	120.32667476127664	122.8101252173184	119.5948312199844	121.51481413952781	120.00945763314715	120.97813129283301	118.198306441116	121.13386268311848	122.25155017043825	121.25022080032062	122.05929772795015	120.44958672443227	120.81566884726136	121.73362658399866	119.40283372020544	119.75384441843615	121.588285857188	120.20594607258427	123.98722485056584	123.37457454084046	121.73190883454005	122.38259706974347	118.68917696407595	121.43587794842232	120.43571784142019	120.3404779487844	120.76433073182265	119.73917739384669	120.03196630652975	120.46701379725657	122.44032684452546	122.7331975879501	121.41344444067879	123.10434900983645	122.62509966734136	123.35039725588734	121.58869393123865	120.59766867958179	122.83705078276044	120.08219278262658	121.5289655219197	121.4121146555107	123.9561059602903	119.25983091817638	119.02061563926158	120.90128714894323	121.422258117228	121.50477188196407	122.05690930195553	122.08171225916935	121.13434087512313	118.92665401141333	122.84070975201296	122.78876090003723	123.23235743736899	123.25823393354548	122.7081896053313	120.59738442262264	119.05476750595838	120.90284563958875	121.41975887801149	119.42193430574814	120.53075766412086	123.67976915949133	120.13918479006729	122.72062523588592	120.92969921801405	122.43817631092183	122.1572358094458	120.08762693836889	121.87383302325935	119.40961982665488	119.73558162650448	121.99292557980212	118.6889880533763	123.06030977397229	120.7924724892429	120.77822037435423	121.56799659068002	122.70532507541085	120.76964453828293	121.98585665675097	123.56833976775363	119.05638431247924	120.77247094231672	122.18560769660142	120.44113943608869	122.39438028789662	120.58458622129086	121.43406136151494	120.81500209489549	122.01876596707807	120.41708736219798	121.84089312579604	119.408014461202	120.21253160553529	120.84593940985496	120.55705525817423	120.39639506551883	119.73190610110109	118.13032411434058	117.9275033969041	121.31682436245586	120.56308233793949	120.07227445391462	118.68163685884804	120.44730210382453
119.10611712947707	119.41674556709286	121.28394863487159	123.62276479203659	119.16279081381411	119.61866592613127	120.41962889190376	123.58605240433738	121.08591756518778	121.90995191764279	121.0652236796277	121.82950266511274	119.59822521816525	122.78981862400445	124.36254157651425	121.85839119388251	122.89395722172863	121.93777030634008	121.51638684434549	122.89421326501756	121.13232248562217	123.60507708447268	120.48428990314767	120.0759548761997	122.64252261028952	121.18267393128137	118.9646051336734	120.190394727573	120.93762160934477	121.47064560859117	123.2324939429205	120.48960218988658	119.1298220965666	121.84917530282642	118.63229993776291	121.71042545293945	122.13750229456814	119.50998517009926	121.87347135213417	121.61329666605015	121.12355770931103	122.35365295370411	123.48410309364051	122.76148786117645	121.57371638744716	120.21617746340537	119.86518922443032	121.55621599691031	119.96953687575905	118.86761434019881	119.99529931113142	117.44653710994521	119.85578890916908	122.52514097079411	121.37121902878421	120.84049771788419	121.6515797763673	120.00593857124804	123.0653944978934	119.69291256045936	122.86455784186519	120.38844997107785	123.13374819932605	121.91779885820745	119.16905342768176	120.832004875485	120.17013882387917	122.25266439187077	119.26189804911837	118.45445085927409	120.46207384614853	122.91850855340857	121.04442545032013	120.8203198495618	121.38323662912754	121.06515131423527	118.598864942418	121.36305946410954	120.39768044098079	121.78635688867216	121.92074993621942	120.87672104785712	120.9957462540784	119.41508015034013	119.33987030009986	120.69826010122381	118.0579740599767	120.51375513758691	119.4205011079229	124.43710528011667	121.07278089602009	119.84622638463969	121.23730754803466	119.8628228429694	122.02993313479715	121.58351685651311	121.38298293777741	121.97944599463152	120.75095605974097	119.46797094504485	124.34224446673397	120.58624848085715	120.78389991681331	121.72783158805176	122.15636371519098	123.3396143911023	118.95839595716785	119.1123870215312	121.53128781597849	122.52066548895553	123.03664758325641	120.06067042031847	121.66169972133972	118.35938991323758	120.68438779454056	122.02235519805734	119.53297728959895	120.26434176634967	122.49313403364614	120.5725227854673	123.32681625474355	119.513526072111	121.62033755655335	123.78667417750351	123.95333715784766	119.0816906064418	123.0363538507608	122.59795205174031	119.0197835276027	123.488672980246	123.17644762261854	122.59965374939587	121.58926518723786	122.15142504947865	118.7026465683855	121.31669506229471	119.54404080286261	121.29179352605055	121.48405510710813	121.6156561666216	122.11211770859036	121.25274557573393	120.56351279904027	119.48978869028957	119.10368799614804	120.51914734499843	121.30006050911211	122.1803841285028	121.10526517441554	121.52321362270398	122.02801686716067	120.67515004383243	120.07311325763638	121.56940480926474	119.94296240030761	120.78991788757789	122.03642769722705	122.75250184840706	121.12882633349122	118.36652809372399	121.10574567144683	121.82531719531003	119.97839363567948	119.69186111045184	122.884364744947	121.62361898139123	119.25001296579478	120.76298584608584	121.44343790109018	124.17825208590115	122.7716824621918	117.83201340772989	122.24032986343927	120.41240717540624	122.82474783435634	119.62464060603308	118.76186604667538	122.50120623663318	121.86120257260016	119.57547516047359	120.22907848633136	122.52306500791413	119.77251915967122	122.19380415230009	122.14858869782266	122.1620748598928	121.86414307095147	120.11523844116347	120.21740447676885	122.44543901000341	121.59803092744276	121.39777499964848	120.16510782417656	120.45555089118538	122.84884121872324	119.64888897160105	121.60070659977113	120.08286109070801	120.98517358637946	118.35247258318502	121.21056685055325	122.39523603545298	121.485603709704	122.20571143635458	120.53420970417156	121.0603956155128	121.91194338801355	119.48845889650619	119.96271395760084	121.67665162159726	120.26181955079443	124.00536504746763	123.47266637712987	121.7754752914087	122.46963849064996	118.82017658592127	121.5064804079091	120.57549932459705	120.59571094372919	120.78031679647353	119.93341120364603	120.15133765000671	120.52620641721124	122.51525499862218	122.9192400989991	121.48869705919218	123.20171553998686	122.81278503843538	123.48114136926331	121.6420519596129	120.71787964220196	122.95827166181397	120.21513146510821	121.69540003374814	121.55988624678574	124.13979857823475	119.32835147173348	119.07231352968435	120.94585822947296	121.67153505693979	121.53483868106824	122.09550259064149	122.23267884486594	121.1849452903973	118.99974060252946	122.92553931491135	122.79535366301245	123.29633782412218	123.36105647157795	122.77621812244058	120.64240941897827	119.08427964619567	121.04597128865264	121.44609147867503	119.46388793870082	120.54353131322509	123.83262695126821	120.17955797206537	122.83232231756739	120.97149169896754	122.54176812776409	122.18542184614078	120.20602843278843	122.08977665489161	119.44352938541664	119.88449110712509	122.09888988053217	118.8858702250138	123.18724661996042	120.93779814510896	120.90657547195498	121.61223955272983	122.78872291414866	120.8440406273235	122.09606846595827	123.58706900146818	119.07485094465504	120.81015709543226	122.27780840038828	120.4718994140221	122.46367223695746	120.7408850918896	121.56745406330816	120.8733216597352	122.04768347939233	120.60209951287422	121.86848317314463	119.53850156934878	120.22638808638077	121.14883415025848	120.62957833818494	120.41899012635157	119.77772308218545	118.18720840568275	118.05928826135712	121.3602894208381	120.64389235589107	120.23869477840243	118.76675743059475	120.46112469547923
119.27401574878137	119.4203340190297	121.35828912112814	123.68189345771574	119.2280467733679	119.7475027743455	120.57228601694337	123.61203532492668	121.11507625063977	121.92890990672616	121.13995809912899	121.85819811731537	119.65199185646541	122.81050185045592	124.38201556202446	121.99955540010315	122.98886537195915	122.04346748720619	121.67091055083225	122.9536441100909	121.28818972912353	123.62832102901054	120.64201065229176	120.23770915116549	122.68906101384347	121.24413213288184	119.04811041016627	120.2275726437106	121.08071099856367	121.52386180378807	123.33039184703853	120.51989139028129	119.18751209917363	122.08013074739944	118.78459276816105	121.80931328756179	122.17596787217045	119.53941630717358	122.08684516720052	121.64162615696354	121.2056741927179	122.43054450502441	123.52625137970831	122.88818680992554	121.64034338555433	120.27456936748054	119.94718602442677	121.57900721822122	120.01942672465564	118.96008311888018	120.13915264204908	117.46349378545196	119.9500861132589	122.6683928393857	121.5363637556241	120.89302154704377	121.71972849476863	120.08032292545866	123.23370032248421	119.82493168746299	122.93927558255592	120.77990325205042	123.24278193202674	122.05409219397781	119.26286511464802	120.91559583418785	120.2768227157885	122.31477263540565	119.335565074759	118.50800991099925	120.67624325622594	123.07654322167654	121.23191963552976	120.87495769171501	121.45536835756475	121.07729247120865	118.7736823382231	121.48170621315985	120.42515100295643	121.86493600182504	122.04247883666254	121.00613991113785	121.07393646444024	119.4364412511351	119.49912138745628	120.76377954699487	118.16092836823796	120.58605421349834	119.4351840620938	124.49572563163349	121.08059648870136	119.9383467932139	121.27778414143272	119.96351939089023	122.061639638478	121.58928584315277	121.44104228600254	122.05030865120719	120.79812768014418	119.65537817330355	124.37275570176996	120.6497072199278	120.81580699759493	121.9102311074058	122.40917669188578	123.4529729828601	119.14286343527402	119.16484219373956	121.54651448512887	122.52937095207922	123.09810354060788	120.17217437808485	121.82170965592499	118.42760349108558	120.80288085567199	122.03277847715333	119.55041980815543	120.42852171223535	122.50552237986619	120.62650262827498	123.34091020386998	119.57592412533661	121.64721190930491	123.83592477778791	123.99865942990255	119.16831341291162	123.20599886602798	122.63046444724147	119.03638457164612	123.57387959834291	123.19909376431895	122.6261512542319	121.68999100289798	122.27031516372699	118.78083058028841	121.38529052359718	119.57771522861701	121.34959110843208	121.50677799383008	121.6981236727492	122.20181141421652	121.30484888817648	120.58241759811582	119.58663873138046	119.21505584371857	120.60652288032938	121.33427275074058	122.22196159904763	121.1728333091451	121.54484406085717	122.07599964311447	120.71397892723057	120.1346367553686	121.66130657282021	120.02635804121233	120.81569280165536	122.19485669734475	122.9843999831009	121.16778513746259	118.3822968217705	121.2380332431049	121.84886394580909	120.06514080043638	119.74866379720952	122.97908394426885	121.79047320131755	119.29449366304767	120.83287382341206	121.49139056134334	124.35483290182366	122.85035641134034	117.83422513791827	122.29633386344133	120.53980451507825	122.98518037416913	119.6804917971415	118.88559466433394	122.53884629350095	122.00232800699246	119.60175179946575	120.31917742334507	122.54180683642154	119.80125462781383	122.21968238831643	122.19749096673169	122.18448529238366	121.92166124722728	120.13103662815568	120.25527993791876	122.56325081701056	121.63478175072454	121.44810829902912	120.26782941438965	120.50940011526922	122.90065506004973	119.74891406986781	121.64719121761554	120.24939640555753	121.09047163540268	118.41274720442074	121.3479123665402	122.42197981854406	121.69148709224201	122.3132428252598	120.59762644036076	121.0812829899264	122.02541177017706	119.54783197991787	120.00336762219874	121.73546273786762	120.3078279040761	124.02882934638252	123.53392907649621	121.94871469015625	122.58253219996553	118.91233200302243	121.65839101150132	120.61330187799925	120.67557020931179	120.8830684311784	120.00492242007812	120.22187274200682	120.66481548780501	122.57493826236123	122.92217892642246	121.55495302520863	123.32486351332209	122.81958210640268	123.65253974536071	121.8094396162977	120.75119394532692	122.97924394432688	120.29707738402625	121.8226391573417	121.60571239804963	124.24713883513482	119.39849892787191	119.12941298317358	121.01088097068107	121.67900266429346	121.5751514849662	122.13412699450926	122.3880440841479	121.34938916986837	119.23219585259996	123.04270636457635	122.84805319048728	123.3296160835503	123.4447086066999	122.83583085043531	120.80782628474121	119.28463879813964	121.12122811098178	121.47497064352798	119.61003814309036	120.63818279512486	123.86324804742263	120.32999952893012	123.00513503068274	121.21209870569874	122.64278047667203	122.33689459538711	120.25637256252914	122.16516558575455	119.54972451559294	119.94000184329784	122.14682909723746	119.03031810767972	123.21680138852113	121.0190883624228	120.96991761566768	121.70486709389272	122.9643960727242	120.88146593147364	122.19782800628748	123.62042970979421	119.27716527762756	120.9055444219995	122.33917121224309	120.67311274765734	122.68201225055468	120.77307571810115	121.59634782799527	120.98184156712864	122.24628323830301	120.66537351608935	121.93257839629801	119.63401043276922	120.39902248240361	121.19758343461721	120.74717264258085	120.44450049112073	119.9452319305211	118.23594035107114	118.11691337974382	121.5263943260487	120.83378717130233	120.27868109628882	118.81144076165815	120.60418859651627
119.29184687758045	119.45197037954108	121.39330798077297	123.73004537270619	119.2565386457726	119.75134347910387	120.77939479248764	123.79139402637165	121.18591630158076	121.97082661467566	121.24442096203757	121.94318502022885	119.71183908550302	122.88621219391304	124.530836849935	122.01892287133705	123.08250878634591	122.0662571957081	121.69300501714827	123.00222715708357	121.38068113575822	123.77068443821457	120.65954983045434	120.31453127868174	122.85118246217641	121.35736240644033	119.07295558616228	120.29448666417352	121.1587076637871	121.54457830394081	123.46979461003845	120.54289012287926	119.33249097857485	122.09064502670175	118.82715754292941	121.88784367269828	122.20559831386414	119.60731300931981	122.10120069153824	121.82760506336909	121.25007145116382	122.51968366844595	123.56352030285849	122.92423498105619	121.80105690095506	120.41925319146453	120.02551533196343	121.72952424319705	120.1211040735912	119.02526388841851	120.16611917474894	117.49738889591261	119.99962494901729	122.75729089181957	121.64115288375237	120.95113557525742	121.83057425179564	120.1471788159141	123.36565277197649	119.93949502405337	123.11268593751855	120.79254350555436	123.35129400255494	122.07764283641477	119.41220210565584	121.0582855475017	120.34956390578996	122.4099950467411	119.41414578199723	118.72779731271599	120.75830820834106	123.20415708907669	121.33031937426655	120.92162446483262	121.54576275124214	121.19973165446739	118.90260716137468	121.60883226229767	120.63057282202591	121.9264518014943	122.0962060111745	121.13274962496205	121.30866521468089	119.45230291518274	119.5405621015456	120.83983989639628	118.2393419864999	120.76120972586189	119.56637372228597	124.6181386363254	121.21183206586943	120.04875787550513	121.53299676597885	120.05810210881782	122.15435269106416	121.68286536728169	121.50669478998826	122.10075860274695	120.82570885045357	119.71725047273098	124.41943660716676	120.7401188928195	120.92388805343752	121.96091394347766	122.42026566809221	123.48806653842621	119.23198272457331	119.21345001836389	121.72757513679136	122.63018137010917	123.19876860164672	120.26534809202346	121.88895132587666	118.49866045174099	120.83283153633462	122.34477945069942	119.63662229510727	120.52659158835532	122.5282445658267	120.6913969444868	123.43258387946197	119.65711942630531	121.94228592282319	123.88427903151411	124.1181526927616	119.29272462530464	123.33917792729672	122.68537924309179	119.1506457453555	123.59822290736201	123.2999650555621	122.71220255343854	121.77338185745035	122.33627565995201	118.78149948785381	121.5363041883384	119.6512411655981	121.40513618091735	121.64435934568233	121.77241144229288	122.24927874695717	121.4296663665881	120.68535896349596	119.6252534268508	119.26615317772013	120.69142078534578	121.44225647604154	122.43928418570138	121.19708550279513	121.5652542457023	122.31880709918441	120.78624647450772	120.35484006787281	121.83750688009773	120.07349404954442	120.8297302401127	122.3799707845702	122.99074062169507	121.52992831125984	118.46179682893792	121.46444015741729	121.90573046005707	120.06675154046435	119.82952039183725	122.98239326929917	121.87618242332475	119.42339089907404	120.94332327402967	121.55517201877333	124.53373072949785	122.94699764095633	117.87779091514575	122.43526126211155	120.63186375419455	123.05609376580223	119.69797388434768	118.95270956007616	122.57021692068722	122.0164633530811	119.6612461710801	120.38970823661813	122.58086097271892	119.85088389360789	122.29180940721692	122.25632803668556	122.20724638038412	121.94689114986708	120.27426311496326	120.53119450320972	122.62670012166404	121.7464863793967	121.46330350788338	120.30287482087328	120.68287931260997	123.09778163224917	119.80743340981948	121.7014162349693	120.2886119949781	121.12586346669084	118.43454470587643	121.35821300734443	122.43148089229436	121.77256505142769	122.3696856327711	120.71496137821384	121.25255779420272	122.07369084250092	119.5983125596478	120.09538072554028	121.83498357363187	120.40421052264257	124.22517971195072	123.55573326772027	122.04042915441889	122.63195696944709	118.93841197795695	121.73866334153988	120.71557153456801	120.79567821149914	120.92401281665965	120.02602407637397	120.31555809665147	120.68755808777736	122.62791886669534	123.09738390065476	121.59775113638764	123.33325226168674	122.88867734883348	123.67812976171079	121.86166743064406	120.79758587727576	123.07342489392143	120.55114367192454	121.90047370264031	121.71585838976117	124.29991740213562	119.49441111518473	119.16237927923079	121.10073810810538	121.79565226281257	121.63903910436052	122.18156337117156	122.42389951273638	121.4154707631472	119.26699117434538	123.06087955592523	122.94331989446958	123.49473079105901	123.67562105105995	122.83949868163037	120.85354055005531	119.31032063704932	121.19333951623719	121.64276913919669	119.74471140665358	120.75115670615243	123.88789777874055	120.44460769791569	123.04408155277679	121.25388201162792	122.6698451689845	122.38231123889277	120.40369340926519	122.28767246547648	119.60307449351434	120.03428565615506	122.2898189282455	119.18152127405683	123.22908595051773	121.15915371533282	121.0555921595162	121.83075406502809	123.09863666862178	120.95996433602245	122.28672417721558	123.70231159047313	119.33571358482372	120.94122875467299	122.35059703029768	120.79638505851709	122.72975450813811	120.88055961864961	121.65065400764654	121.00322838681109	122.26999086004129	120.73315744508788	121.9486604160352	119.7050800881501	120.4424450850572	121.23192698780771	120.77998207898037	120.51052904002695	119.96549188674354	118.36851135751566	118.20895178101168	121.5796060956533	120.93240424685492	120.33767382078692	118.95914465195662	120.77743081704027
119.38472429704831	119.62530628314181	121.43959350914531	123.77212153246123	119.31971269964542	119.88553257158962	120.92693027007243	123.90418339541777	121.37300714130643	122.06841529614564	121.46449912717465	122.13340714805854	119.89748848724966	123.02102271589034	124.57317732384185	122.05470861084213	123.09186721322219	122.1606406609644	121.7884263150448	123.18524794637796	121.4291748876374	123.82480247705494	120.70026294139012	120.3424044222661	123.00094261187694	121.56322496804539	119.18917114527379	120.31593870411447	121.17805963991766	121.60772429439852	123.51515642044748	120.60708399219945	119.37192884251752	122.1382422304559	118.90435082571153	121.99185580166399	122.28996427436707	119.80717043616039	122.12010965292446	121.90340683801556	121.29840588879902	122.60197144018298	123.77194678323083	123.04198951151038	121.81733233152168	120.47010449576467	120.04327476661632	121.76881702618607	120.24288194824231	119.1603743082764	120.29702553620838	117.54590394392434	120.0552215441936	122.77597082677421	121.73336679893022	121.12594336730052	121.94967190191583	120.1842487661291	123.43397749875204	120.04365524694992	123.1530945785403	120.98506007600056	123.4455579684735	122.31454779959083	119.52791033878498	121.08358207067643	120.50208282343337	122.5818674541143	119.53688581198998	118.74534218257735	120.78659589192786	123.24142468726251	121.55352086463401	120.9729481453297	121.58170611070165	121.32571561281077	118.93197524541529	121.69610686492256	120.7134706621848	121.97582566359912	122.3046040946879	121.14399499745758	121.39635846050707	119.57389508932089	119.62469369553732	120.97184660864131	118.28355390205314	120.86117638131472	119.698541514937	124.8567160550801	121.40886532493545	120.08823603653848	121.54769780299382	120.23117112838584	122.26395139056943	121.85792474406848	121.6946954000775	122.14939520449602	121.06024954723985	119.76455683374563	124.49099530522344	120.82711326035621	121.0372143536688	122.0877693673693	122.47214361975259	123.62114553781237	119.26543212947958	119.32753247146053	121.8458778950639	122.78031493719699	123.23413529465768	120.28722666211776	122.00482794187342	118.51994986909466	120.88149665618181	122.34858188376451	119.83369102653597	120.58580135626407	122.75512977580453	120.90596929938002	123.5662081860433	119.76355748558557	121.95045992195182	124.08622595630624	124.28131481090884	119.32713684192694	123.36340242107215	122.73645527680056	119.28646015342139	123.8248708841723	123.4597396771487	122.72192184430718	121.92598211933439	122.49648683839091	119.05723333265297	121.57934159266455	119.68218867726489	121.52483038004408	121.75341939022347	121.83303028456746	122.2849681874285	121.58100839577874	120.7878256143014	119.84215323326266	119.47770990614971	120.7988311430318	121.49494964085292	122.52150501733757	121.3435098921661	121.81016474976623	122.32096237013299	120.99183663314192	120.37456472722246	121.8721384214881	120.08801860772763	120.90711294938836	122.50222612527402	123.13063594849037	121.55439309824867	118.58054557761243	121.63376185495511	122.08923692999143	120.2540959382613	119.9091107670922	123.09942004039982	121.87657091095546	119.44736376669891	121.1208029645504	121.69493141619016	124.57745637388207	123.06234119255097	118.01166830553022	122.540077508937	120.78385077848422	123.16622512776682	119.7967161478958	119.02202798718172	122.74625588516308	122.15639495843354	119.7424251567383	120.41242125941987	122.70865506381308	119.99465546575234	122.44919491018408	122.46160067388779	122.3746697277328	122.07152669512979	120.27649078160809	120.54432179536116	122.66061205130929	121.86941547784127	121.49332252857707	120.45526916395721	120.70525665948544	123.17421652899154	119.8502442771582	121.84209260317358	120.30602780056257	121.24188214361902	118.65965501289276	121.40792591893658	122.66878261630309	121.88964975469804	122.38610146548919	120.89567872631982	121.2634577232072	122.1677235278921	119.79242949823737	120.31621046267928	121.89403654754516	120.50759397517872	124.29549383290566	123.65440195033634	122.07593285356498	122.8256471539519	118.99099770075706	121.8565049778667	120.88990136377979	120.97520447693744	121.02220023597421	120.06280558361763	120.37535115047352	120.85990793862145	122.8170710679514	123.11456581732837	121.86940785190654	123.44820273003721	122.98638958023287	123.71672424599433	121.88112861653916	120.85870514458497	123.16424206911995	120.58887856384351	122.00512687690829	121.88178694318884	124.35036307647428	119.52185571887232	119.41145272672169	121.2393342318768	121.84898238552536	121.69690719856256	122.42813205839853	122.53599810814126	121.53151287658237	119.39140896239857	123.2378401335646	123.01163850493298	123.53087891868526	123.74415596577242	123.0043705809148	121.12592697238328	119.31794857449871	121.42744074660854	121.70262899578056	119.80253425645769	120.86983208043507	123.97274113416546	120.48133671989689	123.14748627589798	121.44124945522663	122.71007756540655	122.4545919601566	120.5579244805644	122.31809216519034	119.74657213689736	120.06945111872679	122.37854270818288	119.21791725546585	123.36121771385325	121.23670576235669	121.19172162647371	121.86656974116985	123.11814216326322	121.04247803938271	122.47070767439561	123.77006917111349	119.46086924650969	121.09028478075183	122.58509939923391	120.83580890409156	122.83642002718916	121.0494152074335	121.67082914351464	121.16178051333313	122.30101058575279	120.83598180205914	122.29907173545814	119.73532655815195	120.48973337612868	121.29982669649837	120.83813655960243	120.64608137048143	120.0196320422545	118.38694770512706	118.3069250308153	121.59934931557035	120.97595186240851	120.44526282659457	119.02255824784368	120.83914649598125
119.5262229639804	119.68352455826589	121.60508796992177	123.86643325625359	119.46252524595043	119.89720113744409	121.04408097085103	123.95034482545557	121.41591414533596	122.10116308414149	121.47222905530622	122.14613575167405	120.06847850803847	123.27491011260395	124.71636896305718	122.16586201163743	123.2779921556063	122.31253881980689	121.88742742012163	123.26805131384083	121.52060607654339	123.91703700367587	121.0529679948327	120.42770734516408	123.00727705464101	121.6990644465664	119.34161477614167	120.64733947871633	121.41367056967536	121.81216518671496	123.54149870460824	120.93971124053921	119.46618349269224	122.2663469930533	118.9909040515658	122.0811270104272	122.48356231379427	119.89800483878487	122.17695715264301	121.9152143882722	121.41665093626897	122.80522141173122	123.88421447476608	123.14037567163837	121.90900271124998	120.51253446473868	120.18107641410008	121.84311796456807	120.31018748572714	119.33492818216953	120.3764257161791	117.70564221563694	120.26120505670963	122.92656429171426	121.76365925437085	121.21522305108472	122.12218868343632	120.26436988704684	123.53105020133117	120.05781898989235	123.22972400772946	120.99819756628844	123.59395741209339	122.55478077930488	119.60374753032367	121.20702085072233	120.5293166202819	122.76604437736829	119.55708576127171	118.8900334924816	121.01231998915138	123.36842344092905	121.57641666385925	121.21119511237438	121.73099146491724	121.42421239766831	119.10085500373053	121.74413576416904	120.72541561627766	122.14297877174911	122.33197663779225	121.20725785767206	121.41032299513067	119.71300007765811	119.75800326166213	121.17305495956671	118.47521682782593	120.98735245984079	119.79083029126652	124.91984451952501	121.44725871418431	120.28863976992056	121.64120537165597	120.29511599577395	122.386215444666	121.94610482243944	121.7300808681557	122.39475854212931	121.11588553432127	120.02581359160813	124.57613696251413	121.00239642857231	121.28154158748359	122.13103115532174	122.47590474097693	123.7339855426151	119.39898726521358	119.51568709336037	121.85774235067197	122.88398723769987	123.47933718903886	120.32325424601783	122.1444968765064	118.64949546185377	121.28043604070918	122.40782147341548	119.91769594532734	120.63536476163156	122.81975161216677	121.03944242593245	123.63534863256136	119.82769652761935	122.06551160564877	124.13735542311403	124.29259365876422	119.45631523946703	123.64552844611937	122.88790177586033	119.42768140194705	123.85881299101023	123.47588369465838	122.93278856812998	121.98441515998611	122.53989253670566	119.09856283754917	121.65800371411576	119.77605481990236	121.546283566184	121.85679637918493	122.09725292712851	122.40023364085793	121.61637471335906	120.85306783980386	119.88985437584766	119.55584160465635	120.90520194932084	121.61167706541202	122.65292475906016	121.46197093331297	121.85624953040852	122.45533222858721	121.08457052786281	120.43575640597852	121.9324107706167	120.4036163127169	121.13856651355313	122.53720219244987	123.200570312084	121.80690705622553	118.84890506555588	121.67912452198917	122.16607226862669	120.33664071672263	120.11271525536436	123.25309490837994	122.0569213499283	119.71577883482948	121.22547739100861	121.78803132001927	124.62834302679883	123.18982839348537	118.24204319988647	122.63476824902384	120.9159455407922	123.18376751668654	119.95870588117184	119.06673492062619	122.95497148110766	122.19933753028339	119.84506829927618	120.6873445029178	122.83811376307521	120.17023294775535	122.56372479220295	122.55924936476598	122.53353162559256	122.09704394196052	120.55009610945746	120.68805363356107	122.7607163908714	121.8818336994373	121.62179543980544	120.53855086000874	120.85301402766073	123.25943430726582	120.0412478885483	121.93597178973089	120.46926877946719	121.43073446274197	118.73373124127362	121.53049095432962	122.77404067322445	121.99472569238834	122.63120994765448	120.92448243408602	121.41888228436194	122.18789359428752	119.99824244926997	120.38440138156031	122.0303757320609	120.60920234426995	124.34498879959646	123.89394511847058	122.19067365410012	122.85782312437951	119.06711112861989	121.99770881879273	121.02609404535217	121.09348691885232	121.2217917069822	120.19856872086915	120.54307584269199	120.97782019713053	122.96426339593177	123.20903182551204	121.98043704261514	123.51320835940632	122.98932527650304	123.7527953782023	122.04127354057502	120.93086545129538	123.2043904747511	120.67127472998571	122.24450960656226	121.93354581427624	124.47887812799316	119.63297433127026	119.4535837041316	121.42414011626197	121.89174461524577	121.80173638324486	122.45065533196973	122.58528936141116	121.64256142577649	119.53919532417355	123.3156229426675	123.03582414489787	123.76609876841691	123.78001623343464	123.0199245126454	121.14380982637621	119.38111375689304	121.52650698046168	121.8539948802132	119.8607414448176	120.99040919298075	123.99033812927219	120.54326416168146	123.26396342222745	121.55255475471876	122.74941840612078	122.49399454447683	120.56505114462412	122.64321515912602	119.8154933489681	120.08983240027769	122.40507858762757	119.3127011539872	123.50477376997672	121.26460155681929	121.23328928504192	121.90298665466769	123.19732067554472	121.14834868301398	122.51443444275114	123.92169487589786	119.54893000435493	121.19494052823988	122.67672497412796	121.0758466340659	122.8776394393852	121.05305750337463	121.90650745688927	121.22009784862183	122.47818807668142	120.87816141893401	122.34174567251623	119.857747972308	120.53758785069518	121.52026235111416	120.87975029337501	120.69070917046065	120.14497373059301	118.67531374676568	118.33891487759755	121.81989752948407	121.17441239374436	120.6659175547534	119.04169757927917	120.85365545970333
119.60230317739023	119.87333590057854	121.72896075732999	123.94237795798027	119.6988173941754	119.96965279344774	121.06661619733848	124.03443384593365	121.47927834630711	122.49861515768148	121.53283004652046	122.29360248249185	120.08624318345056	123.27805499476435	124.73058226603519	122.27031843820018	123.41074866618347	122.40242890805168	122.0132281075917	123.45750844126873	121.56795954498932	123.9207059538035	121.11394348420576	120.52289292612731	123.12055919748812	121.84264312724999	119.41416857503432	120.68452532790234	121.58284421425728	121.84396995396648	123.79240897173227	121.14362304868693	119.53916459766756	122.39625824421272	119.08818984142368	122.20546342801701	122.58093186798001	120.00006390417612	122.31406172917877	122.056164414009	121.62600014180182	122.88835538846122	123.93716024270465	123.42687892607113	122.11047151716151	120.65720508416578	120.25184080876174	121.99908975151565	120.42053989382975	119.44717020382633	120.44699607706106	117.83696507596892	120.28180108414007	122.99411945201987	121.9541046293063	121.30566351125985	122.17220572220647	120.36894120964494	123.55279978876864	120.17063228061126	123.30958100963024	121.02356577746988	123.64767489768775	122.56769528649063	119.71625299555365	121.26543057614109	120.70341633079846	122.84849149416083	119.67658976117929	118.90717586855372	121.07064823350903	123.45646643169239	121.58075958212258	121.24698884167762	121.87775465940535	121.56926676272397	119.12683995696003	121.85144482312124	120.87637177059078	122.19811862245415	122.59201161580002	121.27714171187378	121.47001715070012	119.80630401125079	119.79537372642613	121.36657677921447	118.53775882667033	121.09843168723982	119.85141655809369	125.01215772574947	121.56278745126298	120.35319199688527	121.66544326350882	120.32577121668531	122.50764057117013	122.07823207727353	121.87400309428467	122.43694791078985	121.35244414172281	120.03031425869979	124.65181995379145	121.047234270927	121.31359110998001	122.21301471383357	122.5989658403508	123.78615350743924	119.44856658323451	119.63820020589266	121.9530759549227	122.99738934308209	123.48462382401685	120.4462434920572	122.24924712127054	118.80121915296347	121.30070819701905	122.53338866020601	120.03389826231349	120.66212451859467	123.09252974748276	121.07554024861413	123.77171611426371	119.98243576567097	122.1724604955461	124.29802540704121	124.35696221136133	119.49092089646052	123.69369948649424	122.92370523902284	119.55853044639854	124.00010364146054	123.53780704895925	123.07923316741838	122.1384651370683	122.79805054884037	119.19706556833017	121.72094936949217	119.79138758854792	121.86664685740456	121.97199125398598	122.16777188538929	122.43421647609144	121.69146019718738	121.02184175190342	120.02371567892617	119.64153016730394	121.23555325522061	121.6495436185639	122.66340659341242	121.50254114525892	121.93569991533569	122.55555100156417	121.13747879628126	120.55750740159111	121.9598725960627	120.56192053239202	121.15771154592343	122.58370163248298	123.26023272840786	121.82483234486625	118.88528299568104	121.70781239718441	122.27611058631786	120.44109796623945	120.15871567595698	123.48513221957286	122.15051415781492	119.81604460637888	121.30228303151071	121.84471135057466	124.63946160025388	123.49645013099	118.38226374019138	122.90998024112166	120.94837567595185	123.23408605282981	119.96757233554703	119.25886006376392	123.02310123611531	122.3034085605459	119.93592742626669	120.85881578673188	122.88764320898493	120.2225115669427	122.61638792139175	122.60173007157942	122.60931661881723	122.20833168220851	120.69215863838502	120.78018611659097	122.78346986718756	122.02215851783313	121.67120796807038	120.83569237477141	120.94021597611274	123.32946231751137	120.15754210562095	121.9947415125883	120.58242549982175	121.49392263069149	118.79626232034524	121.74256739535741	122.86554583570813	122.14729546474572	122.82254597702479	120.9458793954486	121.50890618699079	122.22697876587364	120.16470323437079	120.53767953234932	122.11329614562466	120.71436745488779	124.39388926797602	123.92813923713067	122.24169593437848	122.89477583872532	119.17637967292295	122.0485418717452	121.07045815494719	121.13985431766241	121.36195577689679	120.22515074246299	120.57127219862761	121.05226643987585	123.0826160772091	123.31004197464948	122.07302962506812	123.55629666633904	123.03260404545837	123.91434561752574	122.13621692455085	121.04668698674466	123.40210869735152	120.6923359307537	122.29236872013767	122.0554979771053	124.71712743752848	119.82003887657055	119.5008682462155	121.51214208534367	122.03288684937912	121.8309737709584	122.47972311505404	122.69936617558534	121.71887368672364	119.72125299098005	123.64078275553418	123.25235841272927	123.82342074032663	123.9378475690943	123.10069488131883	121.26265380047415	119.57411667718958	121.58349282898642	121.92449839645823	119.96500384420138	121.011691085211	124.12319980334735	120.65906379943054	123.3461202333381	121.64490827141105	122.88655016273164	122.64334572209083	120.70807369956047	122.66521097783468	119.833507869151	120.31804811188594	122.56206200207644	119.35852618378689	123.5798472369002	121.41136785413603	121.33783426308983	122.05656270574814	123.26859900262853	121.20025524425662	122.61791028347297	124.03759650400528	119.57252481210661	121.35270771602706	122.88394072785357	121.24645868817048	122.94518135821956	121.10189458002795	121.93453723770548	121.37566809600416	122.50371573316762	120.95205153415135	122.38737752238856	119.94287161297723	120.59754559991708	121.57045694086754	120.97843003854365	120.72885829293773	120.25299885010494	118.72373589368438	118.45417524512422	121.9855419949048	121.22762038365285	120.67939819872711	119.0600134102177	120.9601537664373
119.71637518789673	119.94317435134118	121.79652180034847	124.07787846129847	119.7206303682916	120.26337010304687	121.07091675581445	124.18990542879794	121.62501484468422	122.54349767806757	121.75600310184545	122.33628892639793	120.13983905531548	123.32375923421733	124.93364675482754	122.46485450403438	123.50295626159638	122.57886159144823	122.11777204930144	123.68827431942591	121.82696691058436	124.20339561646739	121.16937718968035	120.71472678135318	123.15318077571843	121.87223891841491	119.50470883759048	120.7683355488085	121.76242360296119	122.05479521759109	123.9129019710983	121.23282844715277	119.62494234966888	122.47936148574105	119.27035012289483	122.22319354673608	122.75221589849505	120.09983719814008	122.56383370819177	122.07572398666969	121.7664117528491	123.03092132023583	124.1683560688354	123.51456473801998	122.1549887642901	120.831426630948	120.54536589419648	122.03197159919799	120.49688131445846	119.64186387075902	120.6411551494832	117.91357658208567	120.45876459396725	123.13231959311419	122.03165387995821	121.39197989389677	122.24266266035103	120.40257297872563	123.65435028819036	120.319984579638	123.49128911930549	121.11714388743917	123.73774041405922	122.65167038479036	119.78807523912137	121.42069985283753	120.82637506712626	122.96197954089499	119.88505882225378	118.95639723736602	121.19871729333896	123.56689267772079	121.72747593892355	121.50611156751202	122.0229700118657	121.7234119720712	119.22126386288281	122.00412160691927	121.02266504497089	122.299959439831	122.76959629054873	121.48229126669489	121.58427309611099	120.01173201363677	119.91992164817071	121.52814994596281	118.66673390744103	121.15764904550863	119.90794306866998	125.04298995521587	121.59247566565628	120.49472187209635	122.00972343381828	120.47765827965225	122.58488827258911	122.1962110405936	122.05968833798379	122.64061487326805	121.48400539155945	120.2155598113544	124.79918233013501	121.15051711433662	121.44914803914178	122.47664585986038	122.71665911866158	123.92532293113241	119.49749061681966	119.74699800368424	121.97078204343804	123.0497484026976	123.70341805826624	120.68526779568069	122.26925245037441	119.00863554758256	121.3605469444964	122.57348505078843	120.16387205285103	120.78435386132878	123.1598251863654	121.1855448519526	123.87312900511704	120.18544962015132	122.2923761791464	124.41700174586877	124.5306641331994	119.65928524918735	123.76976542695502	123.2691639334844	119.6865429324688	124.04954736103547	123.77077428081391	123.19549117760639	122.24872221284576	122.89043752350462	119.21837240564794	122.02939385351732	120.0767989010877	121.9548778907618	121.97635800911577	122.25832505019088	122.77259595607508	121.77734612188026	121.10698298033068	120.13574606958414	119.73322592100838	121.35943335570295	121.83377413925432	122.73053731397907	121.74409269981528	122.12029383271792	122.71358945986022	121.33108155482027	120.57292727812451	122.19775533181546	120.62630324627987	121.24424680347956	122.6279671480134	123.52331439678096	121.88706628375489	118.95095115391526	121.78321686164801	122.53904697411785	120.58910898075665	120.32890037489017	123.57362794409042	122.40452405707047	119.8421160734308	121.33783063479953	122.20781435361381	124.7763759693663	123.53043078834436	118.47660992363613	122.94827889781729	121.05942977409495	123.26690353445201	120.26340713797617	119.28974728428324	123.03590222211746	122.34635828130104	120.06189533475764	120.88082814516333	123.11665068366571	120.32553678018222	122.73585017993484	122.65073761381643	122.81479395003849	122.23466394041972	120.71264042505075	120.849945580641	123.0512831366459	122.11940755479566	121.87160259110082	120.87327955966511	121.11802806735727	123.60747797677158	120.22468349787299	122.15130822535113	120.7963488156479	121.67474358945735	118.91894050908898	121.82826387735874	123.00284623518559	122.23278461775486	122.84902857099097	121.08394045930031	121.55893763385629	122.30778840921107	120.22655316587294	120.56187700366432	122.27895616862394	120.80911575905819	124.53110370209195	124.0575830115829	122.38052307046418	123.05520311098267	119.35776830320111	122.1320290118994	121.17338465706688	121.16710097199258	121.4145616350206	120.45129059461802	120.6588656559765	121.14649211598888	123.13814237902352	123.34282438020523	122.13403229398557	123.67550493043576	123.08052307014302	123.97325730013957	122.35220188160451	121.2899173862497	123.56457977738155	120.81888767859573	122.35054594087075	122.10074080561934	124.772463405124	119.87716754298191	119.6244190574335	121.6874598210976	122.16853091147543	122.02292954590123	122.66396100965655	122.72470417623532	121.77031487293807	119.84927026439911	123.67029293960051	123.41039391618227	123.85123619459971	124.03910953321811	123.37511090504795	121.39713219792975	119.75501832412063	121.73626075739287	122.07133925562557	120.01929003248841	121.05839284002172	124.3395265278858	120.86414513189581	123.49141339289572	121.74780695503394	123.07735938421011	122.80092798533376	120.86263877993332	122.77223424709467	120.0286936048689	120.40085630578805	122.677115039356	119.39809289555956	123.79096524074069	121.59061589668315	121.42721176371204	122.18348285333664	123.44007102720113	121.40397664740973	122.7705460913307	124.17827304553133	119.79445888026487	121.37534043898829	122.94887463650453	121.28268667773057	122.95955026611946	121.28264570621633	122.11691058648672	121.47936903491455	122.56309582892432	121.13342017056995	122.43897804628132	120.18279238249391	120.73680800784388	121.79669055730265	121.1327338271956	120.9502113667985	120.36327177776771	118.87021210923473	118.47458720201195	122.0941165062549	121.35897035908326	120.76393189942058	119.28037291166738	121.16019549746073
119.77615176054634	120.11306896424036	121.98617740658685	124.31349362175678	119.84651110416992	120.32231142407402	121.24073457889324	124.26997821994551	121.6514371393515	122.63781769502724	121.86421554674918	122.40768480385567	120.23184270327936	123.41972707480716	125.0392354135828	122.52847078958231	123.54663744365948	122.66699704390686	122.3755162488039	123.73105290965714	121.8506909804347	124.22366057078096	121.19096512017819	120.76535097651558	123.1834705458157	121.93347987598285	119.57746400624012	120.79625431638294	121.7980053866534	122.18189859134789	124.03163871829626	121.26248059299346	119.7123850755986	122.49769377330125	119.28851809270694	122.2830266277204	122.92039631721352	120.21043730731921	122.60378903590319	122.33567063408422	121.92480729385778	123.05750750975973	124.20277331324046	123.56376673248064	122.33692092544784	120.99954042835064	120.62054437222757	122.18341864464774	120.68740812537182	119.67636012811757	120.71970547027199	117.91861524547696	120.48920442549598	123.36569582374746	122.0799021086611	121.56027563701812	122.42787904798976	120.62165682663621	123.8141924482373	120.33202883237479	123.56503141271867	121.2535409185005	123.88505312603209	122.78228581470617	119.8061369869173	121.57720714576058	120.85139831318543	123.04888348587207	120.01772541402849	119.13639294585153	121.23111350363203	123.64335021147961	121.798571796236	121.53551672062834	122.2063287391724	121.76948170260127	119.3041200436291	122.09315009446212	121.12621907979793	122.38983557671247	122.81819153768969	121.56163077506484	121.63772416924702	120.12749968786781	120.0237053967804	121.55068703783733	118.76184931116217	121.30542580660249	120.07809575172709	125.11825408660026	121.64084736609088	120.53452975359318	122.02477207569999	120.5995681549237	122.68255526963006	122.23310407252724	122.16166448496182	122.70966977783213	121.49380572318562	120.25754325375914	124.96437532809283	121.27147265051893	121.57003568760497	122.48854182460839	122.80735713936997	124.11039151340323	119.67285724373731	119.80152751289022	122.0133213940978	123.16669066221836	123.88359103626816	120.85452123266899	122.34070196849751	119.10490513551615	121.43979902593858	122.60464193729433	120.33702746151714	120.81491888174307	123.17368051274146	121.18684950225625	123.99197858248186	120.24990707255157	122.43197551243134	124.437273382631	124.58503597677809	119.85172682186376	123.87563249670275	123.28638171004775	119.72991979009045	124.21467703989214	123.7855084825299	123.24767718464645	122.28723947623953	122.95162260069273	119.30296583349202	122.1033057659678	120.12825441275484	122.07742955090337	122.20920714862011	122.29622295532022	122.83068577276164	121.97148194839474	121.31896428331073	120.17285486575213	119.9123442719345	121.4084572526429	121.9685051386712	122.79544125970507	121.85474634314546	122.25425627142405	122.75468954818821	121.41592957786297	120.78353530530491	122.28407516526448	120.68292988761876	121.48352318408787	122.81036209466919	123.57494617749805	121.96289087560804	118.98571580353511	121.80911218798528	122.5866462160462	120.62726370881427	120.35136974850447	123.66584983960456	122.5212042578888	120.03427769357064	121.41944075823542	122.25692957118062	124.84836831874459	123.65368110006901	118.51783022788418	123.06383473793007	121.1067831402231	123.31664110324442	120.34707735163747	119.31881468842606	123.20287544112847	122.57162993241484	120.23784759925098	120.91718302021353	123.19964998716307	120.60749752479632	122.83488586323142	122.86343886049457	122.93775927360402	122.49175590627904	120.74074641651535	120.88405935391148	123.14730317816078	122.2273145982234	121.87588059031016	121.02451911706173	121.17541732625926	123.65884802796948	120.24543603882816	122.30621252662361	120.88259335558251	121.73415310929295	118.95260256432026	121.92196220065847	123.03834332782802	122.27361449539883	122.99361011898571	121.37449554630892	121.70859019133698	122.47361807187731	120.27846425981535	120.58920427550774	122.38478490240642	120.8953185198065	124.6190083264998	124.12608496189911	122.5109421568712	123.12022009190507	119.46518062783156	122.14580628323787	121.18684757573205	121.29956781458883	121.54305154731709	120.50472804545296	120.75216021574894	121.28845775199822	123.15086604213069	123.49719526770042	122.2212008728698	123.86123748925185	123.19889381279658	124.0832505145346	122.49626128591308	121.37219094800653	123.61585879161495	120.8658976373687	122.420148905743	122.25099632888087	124.84236956890696	120.04872922001502	119.77326718873557	121.72367528157396	122.20655294514778	122.2148376470609	122.79005155874096	122.9866440902499	121.83599826123597	119.94564328113191	123.70707314974739	123.47518852060348	123.95810188386237	124.05927487147663	123.41204091129364	121.50875870626878	119.79459231294202	121.76711600364537	122.08811808943005	120.04353503442661	121.1423307209641	124.43176931476049	120.9407263402525	123.6166168745572	121.85112652379625	123.21520576419968	122.90093435561332	120.87389283250222	122.79779888862608	120.09789442913774	120.64142605775093	122.82057088970559	119.45142706524373	123.85038271504344	121.60608270536945	121.62837221929054	122.23708390267106	123.45254078234439	121.55965613438893	122.83265628901047	124.1994371152498	119.81225444848994	121.5525458895771	123.00060996682458	121.35185450323686	123.12630119677604	121.43657924809415	122.24645071870923	121.6475732355695	122.63966188368634	121.23841725117644	122.55991415789165	120.24037930447595	121.03226889629889	121.85911270628178	121.39535386543963	121.1023021329383	120.38281361964485	118.97939915275288	118.53694537994372	122.10495095320714	121.43990443439935	120.93250092305084	119.46123319904314	121.30408904564777
119.78983185116667	120.26131329813435	122.02141452305678	124.36051295362721	119.91736608085384	120.41493016730429	121.33757285852536	124.38426651603409	121.75795096422036	122.75884396368835	121.91671304309816	122.41953652548898	120.43174388307865	123.57790772484485	125.05780132991993	122.64203053320689	123.62283940235427	122.6894260695633	122.38215185221807	123.81441391616427	121.94422505657525	124.37676149209165	121.26056936383075	120.95717288265429	123.40312131588036	122.001718321506	119.72569727570846	120.91326990034469	121.95787869900852	122.18850830167753	124.06534371532494	121.34346257514649	119.86773526505466	122.66807169935299	119.40992206277885	122.38467903510256	122.93568151329575	120.41874890606037	122.62084121355214	122.44475078743687	121.94601970993246	123.06165558563777	124.27908190717068	123.6586115727845	122.4246749575345	121.01011778504501	120.7240343789979	122.2072684312216	120.73487499066226	119.74112356701897	120.75910244404736	118.29155512246774	120.58610709241773	123.52079242711238	122.18605431421172	121.64369222597696	122.45135322334396	120.68220849170643	123.95670723412495	120.49002697109754	123.67126439666103	121.4060014443507	123.93005936426684	122.89239812102032	119.90338952185529	121.70647350349932	120.94829986012411	123.1369802101936	120.03420438049913	119.23458551826829	121.30374453403279	123.74913451043197	121.82849656124141	121.67187633955358	122.29151003776627	121.82967549348892	119.46699076636655	122.16016026322414	121.29551437855795	122.4632287122059	122.8797516633892	121.67507972679334	121.73964149438076	120.14228237316087	120.16269873751078	121.72235594984801	118.8251987475437	121.40864175852583	120.25963336537339	125.27008572698524	121.87084494237367	120.59696611659393	122.04452453241197	120.66154513407564	122.7555413498373	122.3599247356094	122.24451009148821	122.77580285528501	121.59374884000586	120.45116225777107	124.97477556967446	121.41323328450291	121.67111934940665	122.55003123243544	122.97080934228848	124.12447453743205	119.73627204084463	119.89840052348252	122.11045426577061	123.32095844563295	123.93377288429653	120.86715843249723	122.60200050702232	119.11510045785273	121.47630589388322	122.83418604934236	120.42308117096306	120.88847976896069	123.28435939351984	121.37228665848706	124.14295788271859	120.31860737214242	122.51443829124226	124.5819264616177	124.60432825523775	119.86767938219842	124.03049406659801	123.315875074043	119.8329790879044	124.25491291459768	123.81831059917305	123.35532042759145	122.37675736168653	123.0629053062043	119.39031437256953	122.20264370427488	120.17410992485637	122.23100460030045	122.25590792066559	122.4466351574272	122.89091445936262	122.03125363176198	121.3592432825665	120.30541264905955	120.13490877552412	121.48427806754587	122.35118761312292	122.98568919100293	121.9103618430675	122.34411778842984	122.77071446460143	121.4235228003432	120.81332728543572	122.41007982677417	120.72735567583558	121.48923205181157	122.91174277437713	123.75863618484645	122.01423886157154	119.21722255199175	121.97645203198013	122.66733402443653	120.71334575965109	120.60560578712264	123.68806205417535	122.54651503002376	120.11327836122581	121.64085143522865	122.27357038648995	125.0213702757483	123.7853214613335	118.59764304890723	123.08542336306131	121.17500419364963	123.44463847642693	120.40097937976235	119.43338352471352	123.29155204400615	122.63494246491148	120.27079173393346	121.06938308727888	123.21608665041683	120.63239632178657	122.95870045671005	122.88615141403149	122.97322796538705	122.54950155295825	120.91102799700211	121.02146589764811	123.17400558286873	122.29635353629013	122.1119294875841	121.1209323853963	121.28171071196601	123.6956820837248	120.46239610180598	122.32404870740632	120.92326521781229	121.86513151333247	119.07739943255069	122.03529171117935	123.10175177752568	122.32034110217926	123.0418767489594	121.42050303740118	121.77901431480424	122.57241767757417	120.41029131572208	120.78333632511607	122.46934120228883	121.06607076753767	124.77986178068598	124.23401573944453	122.56984698154517	123.24903972155212	119.56731718750488	122.2537965694104	121.34422891020793	121.31862194223642	121.69372082538926	120.56666036385272	120.76569323030658	121.42192799175803	123.19245606629607	123.61049080233711	122.31145452681425	123.88525436195872	123.21544019190225	124.09578214754534	122.5199217359912	121.4151444165101	123.65670512293453	120.9472335379897	122.51214390217315	122.32802812685865	124.89558895333222	120.09599099563046	119.81337310670655	121.84365961290514	122.35159797099382	122.21705078040515	122.82513339701191	122.99274912060929	122.0123049247142	120.06252781540016	123.88487457903382	123.54870390720357	124.0889342441321	124.15503601518905	123.50921364026338	121.53556802480044	119.84257218028328	121.80479360306028	122.10033600125394	120.12566475337911	121.16708947426976	124.45903337713911	120.96689243988668	123.62540427004829	121.86987904526585	123.22888525498384	123.03504962687677	120.98098705401209	122.91951995743057	120.15258740440262	120.66971757878422	122.83657139420485	119.5956497209375	123.88285349436909	121.7999161619076	121.6525419807763	122.36293669212787	123.59406387491141	121.59923109773088	123.02279814544882	124.31036609338271	119.93719132980631	121.67676630159224	123.13880270432394	121.43513744580585	123.24466914711735	121.47507542417878	122.25603918955119	121.66605506717345	122.67422700905747	121.28323716316888	122.59126995707297	120.36882284115185	121.13616989245811	121.97657142748183	121.46655931197772	121.10770392655822	120.41382389241703	118.98132797275285	118.61207017805859	122.17865488006522	121.49683880078503	121.04675914406674	119.55780452701215	121.34158100699618
119.93157001769755	120.30077597402155	122.07620158601924	124.44191596450844	120.09987421949519	120.49461476442227	121.38585824849025	124.41912529668075	121.91373895051319	122.82394137071606	121.96949598366352	122.63481672343325	120.52736236698327	123.6771715182137	125.2689159648048	122.79203051989708	123.88810619620766	122.93059140631412	122.5318795615207	123.92431981461783	122.08572369616934	124.47306262475024	121.30782843194562	120.98947457716915	123.59593173994344	122.20363275613862	119.88495013198676	121.08139662201339	121.96505010726996	122.30436582482447	124.2312895389429	121.4365031549033	120.08252635853601	122.72717933035835	119.61696214128533	122.45836743748578	122.9985489836893	120.47175837964276	122.81070899291382	122.53306366306185	122.02726768328799	123.43409406751925	124.37587998204559	123.91464887175032	122.43842651437126	121.09497432289193	120.78149780728997	122.44138425322546	120.88036375729223	119.78726411242083	120.86154657542399	118.35065213812837	120.78197590431624	123.63632902205215	122.28741529625775	121.72198980605029	122.50326281058598	120.85921940084452	124.12115925513933	120.54568076815572	123.74221085962786	121.53050015685031	124.23895674808863	123.00184152629971	120.25554286976828	121.75379801910866	120.97153907378116	123.23889276616617	120.22586098130479	119.38693805187307	121.46289860752844	123.88391521988464	122.10647643559096	121.81059933691485	122.32921454612625	122.05454467669493	119.66020512335851	122.38118518129957	121.33944983638756	122.5480794967941	123.0687799030528	121.82463891674382	121.80198069038617	120.27189811599278	120.43932833475239	121.82753028649059	118.9848604275828	121.5784390465723	120.32637978846408	125.38035257990396	121.8788982410369	120.67131798285678	122.13543801204248	120.87155133991784	122.77013913169955	122.49030947613072	122.27856071069333	122.87325451189865	121.6406797531669	120.52279663029378	125.09824043126619	121.43789545710095	121.79242008772744	122.72580423406889	123.0295353915753	124.24544254557898	119.82361213000055	120.02512420074963	122.43780784015742	123.42413014272367	124.02912671790406	120.88793340811762	122.7124773141031	119.22133111744868	121.7428079021818	122.95801114025103	120.52494590914151	120.91222369295643	123.33719459322116	121.65565692134813	124.19147789608544	120.5292238783808	122.54828521994804	124.78447369920876	124.66189228029681	119.99219322564507	124.0644745738258	123.39615516717626	119.96958094466086	124.43646135606981	124.0064072977201	123.5432381446222	122.53019883401946	123.1947036497346	119.78557636573744	122.26481371233717	120.44911254850092	122.34212670993324	122.4605202164731	122.53456741427652	123.06194593404591	122.19289757208848	121.41956453013584	120.40359705719749	120.15024117514292	121.56783217955606	122.44641240927808	122.99642975932538	121.99014034267901	122.46960259460509	122.89865782712214	121.49338718697473	121.03691603128975	122.5486130330465	120.83915391917584	121.63051765156749	122.95216347183386	123.82347050711881	122.22812372444123	119.34341298326984	122.02986426765737	122.76123943176675	120.84364854559868	120.63149288501214	123.8656320084218	122.65244490803767	120.2008122717739	121.77214180641501	122.3042751880358	125.21739928410263	123.86911000174888	118.70492224443238	123.22745661374216	121.49311391776654	123.65450481305125	120.51778088598873	119.66414902499862	123.3687464803375	122.66804684512363	120.52428880224244	121.1599774520138	123.53022893173932	120.78430052544351	123.01640787261512	122.94228974511506	122.9932776805853	122.65485523480051	120.95487071706766	121.22832774544345	123.35602445433265	122.53808233338835	122.35664497458893	121.28989186480852	121.35475924160379	123.7051867868053	120.72503005024332	122.40046341994002	120.93186214193108	121.96845307696339	119.23526719934249	122.1697504909045	123.17976324526168	122.48324193505674	123.08931733525317	121.46535526901258	121.92278553792308	122.70336751021608	120.47924259381975	121.00447430115335	122.65349118653714	121.11202337303709	124.90429090176345	124.34249732614055	122.6595687767998	123.4311361449404	119.72638585909094	122.55954921014809	121.5083932733871	121.4071214102658	121.7299164498247	120.69880487305076	121.00560042478915	121.51099370846316	123.2520001149985	123.75383164748808	122.38466692050932	124.02587894222987	123.34586068916451	124.29505515338553	122.66361569199755	121.49311401386541	123.76376184163693	121.06241028395355	122.55780583296422	122.41529201141127	124.91708175169856	120.22847427882319	119.980861343824	121.85976168684569	122.46581514029266	122.37163409705897	122.9899524697423	123.04707997909296	122.0193802741475	120.18466060871727	123.99881316513995	123.65602930994828	124.15436330969256	124.21393548805503	123.75340583063014	121.8471073460579	120.11046462262641	122.05413910987724	122.41603159722982	120.52872582861828	121.43470445752804	124.68239741919874	121.13997453039428	123.76704347153212	122.12969116050567	123.33123555900828	123.10512755200827	121.06180113603867	123.04268524709126	120.35681861767254	120.8667882933877	122.98663500564452	119.82408346211811	124.18200223532388	121.84049288215812	121.82241962011098	122.644698873967	123.67950877331944	121.66366212774392	123.05767465532485	124.43911039160768	120.0248811145874	121.7731360031977	123.31760775616333	121.5868956239933	123.36166943621755	121.59542546016313	122.40714219788867	121.84923382411657	122.84196152748758	121.45019554490476	122.86649049893838	120.45572554325076	121.23094531669656	122.0881395160572	121.52130481487569	121.24079534240335	120.57868163162163	119.10103728515841	118.98194512993224	122.3931609790281	121.60403585577482	121.1956912629082	119.61586347815133	121.54853873760648
120.1166611501414	120.55983575611089	122.19571208893915	124.54684403480856	120.34522071196587	120.54825755640164	121.62486263591839	124.59196986009788	122.00632185595433	122.85060033176445	122.16279695707772	123.11210542150184	120.6393455193871	123.77839972486795	125.35027094226783	122.84359227904912	123.97864410810845	122.94917089699328	122.62581023348345	123.95161707043405	122.22109185222244	124.66885840206022	121.52720452622552	121.1711699815371	123.8921666976803	122.45972333105124	119.96339882310858	121.23782975579472	122.1161402539194	122.41049569481349	124.28147938793691	121.62495937740165	120.24341668493224	122.96714748373466	119.68965372790176	122.94563715220616	123.11563331070441	120.74490192599266	122.89356404515337	122.77315665650286	122.08099164522956	123.63214778101307	124.4679441654934	124.01008939768347	122.60657750985489	121.25517009762359	120.83957382216397	122.60981409664974	120.96902567251632	120.03216395742916	121.02390972902579	118.43856671605896	120.97268521147204	123.6794999106014	122.36905154533491	121.83157908812696	122.6663288860118	120.95571927070878	124.18515718795268	120.68840899384016	123.88099720310669	121.63536592756294	124.2644268042066	123.16706781706688	120.2981812597342	121.80540372279388	121.21828664219848	123.39355628417542	120.31060937088294	119.40092635708183	121.59479532336752	124.03385302163409	122.38056882785179	121.88475826324635	122.53543408127543	122.2331343868881	119.75094413493817	122.39718142168302	121.44775071831711	122.68036596592765	123.18409119064346	121.95310308052613	121.95469925873864	120.41835793866437	120.45285256521484	121.86500178138945	119.20643624093096	121.63998647665683	120.70859593378432	125.55022782529517	122.19701563347458	120.89475455322837	122.32876916605085	120.91732148745795	123.05721280185583	122.61058237081123	122.42032618716766	123.04679453995809	121.841473515862	120.66505018757238	125.23007197554276	121.66741972906136	121.91265276912176	122.76448595925163	123.17027688089414	124.37042394571554	119.99572077642075	120.0941055103133	122.50403375577729	123.47840900102476	124.09338862266034	121.06894675024844	122.89640384001167	119.36657504299774	121.75149641841911	123.31472271932994	120.64450333667655	121.22485585999974	123.53032736805041	121.86112651883953	124.42496858252579	120.63385229698488	122.75053986821031	124.88687545392106	124.96286373320027	120.09908817856989	124.1056736111619	123.53485171060578	120.09348702954175	124.51358576948468	124.1241628497279	123.70409813335878	122.72747515662843	123.30574246093549	119.86245478492961	122.40595707183647	120.48159418977461	122.44759000062592	122.50748927793583	122.6915864188453	123.1110323304052	122.31091620998781	121.60611594401506	120.50143339177866	120.17578123954063	121.70591280054998	122.46689773873032	123.15502296778583	122.13403710829218	122.55563206576923	123.00434364584571	121.81871184936607	121.1576386580851	122.60073765038933	120.84688734859421	121.8142737705245	123.14007018417776	124.00247431590958	122.43406545576086	119.37874393337236	122.20581593800651	122.95907172309995	120.9160665426848	120.73556813308811	123.90443061737595	122.77384006902562	120.33025913878284	121.8771331564652	122.40999125475679	125.36502674528454	124.08227871278045	118.82987879938581	123.49722386921378	121.61173292594117	124.07199572958157	120.67043661611608	119.95204453336373	123.43811539288613	122.864711279859	120.62925662744213	121.36454824570951	123.59674146297411	120.84572927777724	123.20212779096153	123.14174947754606	123.18558939044904	122.79370556249907	121.23210173093553	121.36633136683714	123.49913707825942	122.64843114417128	122.42512142882492	121.41281232857277	121.47411091206301	123.86637199330305	120.75168913538275	122.58049571268948	121.21030460906331	122.16100144239411	119.28477613317264	122.34027984081769	123.50527361346072	122.65271773391282	123.21596965392587	121.72758647733265	122.07677180806823	122.85057775273954	120.49570951016591	121.05201849141345	122.73766022535952	121.22921303972748	125.09859386397218	124.44365918094468	122.71726474213222	123.51916573065014	119.75795996259995	122.80945482865566	121.58490186969526	121.59439887500314	121.90078689871908	120.92661839258993	121.14372576765248	121.71798582955252	123.58925292056401	123.80086842165805	122.67693673817051	124.21066725883625	123.94347405708157	124.5932206238159	122.7507342572107	121.65017658469378	124.04390265126845	121.21812718702601	122.67534230663348	122.55165567048905	125.2479793307411	120.33510040632447	120.18795455529522	122.00959799992958	122.57800884528966	122.49776636338201	123.13930674791668	123.26198509631892	122.24308591614337	120.34275223925658	124.17018410138806	123.73565055487278	124.35692828288157	124.42449915350984	123.86068220267377	121.9305356336547	120.27330191914547	122.1944041704821	122.53076500222448	120.68453435248917	121.6195231517051	124.92337519787634	121.23949097587314	123.9403129109177	122.19427627687637	123.53980704607477	123.2368522028756	121.19854560684341	123.1440345556044	120.35890830047121	120.87809822838513	123.04406058081827	120.05651976259988	124.2897524129658	121.93779715321938	121.97696614510943	122.84234856797124	124.01720681578912	121.83992879326438	123.09275664948423	124.5950328362424	120.19307238635771	121.92397410054856	123.47284366676581	121.68512348644555	123.47003366336257	121.74616591632805	122.55514979223088	121.97323818057964	123.19595629630763	121.51902176714933	122.96662283198036	120.57314663005329	121.26431760992561	122.14538683329587	121.62329120854874	121.40047427084022	120.76167735101349	119.21963672838177	119.24322210886372	122.41207734315887	121.66259875448793	121.33840212449999	119.78846561610023	121.63671287577984
120.16412451436028	120.64059712485975	122.37260385508596	124.66480257821634	120.45413608556828	120.74900764609441	121.84048670723656	124.8470915237078	122.34841240958329	123.19383426098418	122.35212503386143	123.16566600949379	120.99748805304439	124.12232946946601	125.40461109107731	123.01025304022346	124.02600988427558	122.98533531129267	122.74302411805365	124.2495732238117	122.36346851019042	124.78429651505145	121.65485899816191	121.34202797006641	124.0088275276115	122.51860292343389	120.29409764076303	121.25870316018498	122.24475310233146	122.48331108613559	124.32656665217442	121.70000297423286	120.38470641180925	123.10026924790824	119.87272229990802	122.99251561407645	123.32748594163375	120.80723315709831	123.05570612327395	122.9114986699819	122.3717096517802	123.72911591768049	124.71647548423326	124.06064152216537	122.80891415742816	121.41457137838051	121.03570695787425	122.62049461282747	121.07373990437185	120.1166471517103	121.06154367791027	118.69841940480244	121.00444180838731	123.91804348471382	122.46045133178134	122.15456769601671	122.86878527655841	121.13375710521747	124.46806235201423	120.8174176170005	124.16406452408526	121.72105988152411	124.42420077431291	123.20295068787246	120.33535898797706	121.98125040146923	121.25986626176493	123.43591180258649	120.33818421811485	119.66212318821289	121.6331815410313	124.31198012329925	122.56258979528086	122.0724025687706	122.77634916485627	122.27705086755607	120.0126728208515	122.58037045219123	121.76260006396504	122.94640852151717	123.22799134111206	122.07360406212365	122.09619949777372	120.48426104675914	120.71794151208981	122.01307871684139	119.22419502389953	121.69176588150025	120.7846049249883	125.73639635590158	122.29289445204886	121.10330208583454	122.36621958008296	120.9540262635496	123.10863148317581	122.65909433977325	122.7122520177399	123.20121055910865	121.95612407097624	120.68798283944264	125.39923187941321	121.79783315185314	122.13322144287795	122.99510786159934	123.4274091372621	124.61689366325768	120.18587586348767	120.41333058790941	122.57423501272567	123.86539191592527	124.37178674116925	121.2363096160437	123.01036383062619	119.49242290069944	121.81734100999432	123.40914067456806	120.84077561572612	121.36328079383657	123.7746883048654	122.06980058677449	124.58801082048068	120.68347960721262	122.94226387117662	125.06256721387375	125.32256611693192	120.20730423876232	124.1675673192044	123.57241603341878	120.26141596752434	124.70166500070171	124.36110599163138	123.8115347271758	122.78860275244278	123.41852851383722	119.99552588807866	122.49696857874467	120.66651117015716	122.616203489092	122.6155067327721	122.99176003560262	123.14014331388582	122.39728641506412	121.62753072020797	120.77720177676328	120.3884574490357	121.8056699662486	122.55241179369051	123.46269040879831	122.17607952121703	122.72388713703177	123.14195591685953	121.87507994132552	121.2610662055264	122.8317497334442	121.067230312339	121.85257780628332	123.34399318197895	124.10915355102111	122.49383711011826	119.77298986418445	122.45227922184962	122.9688967246588	121.17540849748895	120.94862376675793	124.01768256397581	122.8473648805418	120.40818246842417	122.12008193823387	122.57555777752474	125.49960953965785	124.17177160649798	119.12896676814402	123.5965282764088	121.90041654205267	124.10473503396464	120.71905442750328	120.0471024412332	123.82031396751142	122.92837640061457	120.67889273998516	121.42092223614907	123.68357999390331	121.00807295528124	123.38875271830946	123.28253652665903	123.31184598861513	122.87099633707611	121.27859137362624	121.43742548475228	123.52646273803423	122.72630082954569	122.52891604202456	121.4847996749385	121.73615836843852	124.12511627087733	120.93975971872382	122.62433684778985	121.26224955788742	122.23647000753047	119.56194474316723	122.3665127102841	123.57686738212398	122.84454362663872	123.40673776541351	121.864894522508	122.10923856371468	122.97934699533648	120.68430524396138	121.4283313111905	122.87739854278841	121.4300265611987	125.1606608963653	124.60734194665206	123.05262228637585	123.76166430756926	119.90739564895692	122.98666142415983	121.6092085870389	121.75803600021663	122.11757949050158	120.97839086129758	121.2956584238353	121.77350073477845	123.74034087898436	124.18360762517509	122.84338738722653	124.29903975075808	124.01444091473392	124.79230790918082	122.8051906759732	121.68987460753327	124.22944825291194	121.47882028952654	122.90674428449184	122.87183861154182	125.34750992951454	120.52362041974426	120.22166632472403	122.20872292606909	122.60509821160967	122.63536792984745	123.19990494012222	123.50105882228972	122.35400640854803	120.40800762589033	124.23292093934464	124.08248265013297	124.5955376495096	124.64946517465174	124.00332093701853	121.97952842324979	120.30942021111295	122.33197438128572	122.5909013803261	120.7656694083719	121.71949390171305	124.9412177857933	121.34547076767512	124.08509234202963	122.32408141346427	123.80914882599187	123.35448256826977	121.3344864660223	123.300066580886	120.63390809142278	121.03795517391578	123.10785476789134	120.2549442356985	124.33705682577566	122.14839399960178	122.22657516235661	122.91340657077548	124.14382898635293	121.9457159198479	123.51105036998143	124.76168521276955	120.35394681857142	121.93675969394648	123.57973505147504	121.80420499991868	123.62407220327823	121.87539093032392	122.67726077710641	122.06264153052336	123.31665406543615	121.58866037167165	123.27359636074468	120.6699378398849	121.51072247438357	122.33767475235973	121.76864299124517	121.59245674289167	120.79760006061895	119.39016719514888	119.30132608971893	122.50371864677174	121.84336714858024	121.38321312624261	119.97443241169749	121.69804364664604
120.31004277479515	120.68007929501525	122.5024997307541	124.89636095915222	120.48558660717227	120.81441298029918	121.92464319177498	124.88618899506878	122.36904958187007	123.19886551572064	122.47329880687116	123.16617027012768	121.02529932104727	124.20654253727402	125.68543413191084	123.11798638207266	124.05718415838473	123.3143549164824	122.91726391638323	124.37467513850038	122.38137883454853	124.84477427343052	121.69276686483684	121.43188111802914	124.12604819394352	122.56188608372774	120.33179340509753	121.42584271470143	122.29528637327304	122.74663601079324	124.49269836104916	121.74653713877302	120.43893252709991	123.17576307205455	119.94281665750303	123.06437327305808	123.40219884143544	120.90309514966312	123.10428916185845	122.93057429182639	122.47127360778481	123.80052059147856	124.79143309598119	124.14066964176145	122.91095393375929	121.45083573451818	121.09438710415664	122.86077214902028	121.29647352431427	120.28109363665143	121.24152406932018	118.80978126250547	121.10614558156938	124.06694783623163	122.64511806259897	122.2000044791078	122.96738441717386	121.20755978221047	124.534226555559	120.93205259081338	124.21319661482221	121.7961573536043	124.6552935182862	123.29540376232892	120.4830593810166	122.16521630004142	121.41848366357463	123.49015297066101	120.64548785305156	119.82281578827958	121.9833723411866	124.39376125340638	122.57225248632169	122.15519282706684	122.87969479011413	122.42430632675531	120.11428958178948	122.78927870040047	121.82403194336835	122.97241792237244	123.26376030125293	122.15790921467338	122.23399559062788	120.53149355069954	120.85269889214321	122.28253261365455	119.23939577424309	121.7626862479459	120.82873998685784	125.91439131745659	122.33984440803809	121.2686698496472	122.46556124342382	121.26507625394136	123.34071032357252	122.80811007261755	122.87098927687124	123.32587279696288	122.00651744557128	120.79084256091393	125.6260669646994	121.86731482226419	122.3171755878651	123.1071727174364	123.47858887603337	124.7249143767973	120.18933885207817	120.45771798295137	122.72204183827999	123.909785978903	124.45385134735525	121.34812416054943	123.0464335533294	119.65433096128508	122.00955606925181	123.42581501848443	121.00357349752963	121.46152010144827	123.80607411120188	122.09022554514019	124.6926394991577	120.80896052474547	123.08689497688127	125.12495757696712	125.39830354073926	120.37903701141296	124.38759469838085	123.8337019416548	120.363522503567	124.8760287681707	124.44110582776558	123.87411573365141	122.94430994597022	123.48133304288584	120.03766102749205	122.71627940315979	120.72270877134977	122.67574056137205	122.68090934765533	123.02823277691226	123.45023682127069	122.61002732620672	121.85137566976879	120.78680277363807	120.49817322039098	122.13760478969914	122.69573193650747	123.52818070223081	122.36629354140322	122.81656930424442	123.2564523963854	121.97950095500396	121.43623189225436	122.87380612073893	121.28751188963484	122.09716393277532	123.4881557625673	124.13273819407074	122.56047135171586	119.77795842467972	122.58888740301893	123.22535357399519	121.33851940261314	121.03977656639032	124.2497884632468	122.85212686452634	120.56236908654692	122.16523343162949	122.73413292571827	125.67675170883012	124.19834206146024	119.16576899597095	123.69447070487584	121.9245898673724	124.25918323108213	120.95315911101116	120.10990170845463	123.91868817860092	123.03136591919788	120.9329877292715	121.61932057996982	123.82188558118344	121.05152068376846	123.55849736274014	123.49340517982236	123.38373787310353	123.00612421992291	121.44782304703038	121.57489530694357	123.728919910125	122.8828112138713	122.56110342316472	121.55069831247823	121.76968106297196	124.19058313584009	121.07440979993613	122.75452370026282	121.43316690870815	122.26923108678356	119.62706931767507	122.67974520343165	123.66105521623392	122.88046489956271	123.53573064344809	121.93513726389375	122.29480826118572	123.18947724522087	120.88487903115617	121.4599653034928	123.02067185618864	121.5789286874164	125.35941309662573	124.80551788598027	123.23812317731809	123.83190914077947	119.97274082921284	123.0637747036897	121.86042644438024	121.88858872022162	122.13436819796777	121.07772744054807	121.37384357213863	121.928711230906	123.84018041854013	124.20120866476734	122.88502953585974	124.31163643293515	124.10761485112369	124.92154777579535	122.8601282529402	121.87765781045091	124.27347668111032	121.58259318493751	123.0130763160174	122.97559437494739	125.37896288064209	120.70655020189442	120.33922061518788	122.27723021022136	122.87521012418728	122.67002252911202	123.3410725631039	123.55354017235884	122.38029472883424	120.48888290392135	124.326050860096	124.22738115752213	124.61045989330132	124.66592133424308	124.06549981314713	122.15351502999695	120.33569167802094	122.41963660039173	122.6214951679536	120.92939025005992	121.77090883815985	125.11456974144667	121.50454571637746	124.13301608635044	122.39632712226742	123.82837147638126	123.47074731071172	121.53620656809736	123.32834311733686	120.7328106400766	121.1414248309654	123.42552305594293	120.29196382553269	124.47646347972302	122.22645400190932	122.24279427330696	122.9464500117975	124.24139605336366	122.09679289985463	123.54142919623837	124.87726313390452	120.43502977351248	122.15094306438293	123.62075849367868	121.88849831800039	123.86265477699587	121.97961071120791	122.756315988859	122.17938809175568	123.42600972830228	121.89411639305668	123.32614746893982	120.71843794988665	121.57430711523862	122.42496944664526	121.89336600305673	121.62086083867874	120.90116295876341	119.63719127470134	119.38506419038535	122.76515140602794	121.92509918033264	121.45251795257391	120.06812370691998	121.75415041926074
120.31643228957265	120.92710451142023	122.73876269217196	124.99250897777424	120.71841381279911	120.97302296797744	122.1713287007328	125.04406147383109	122.42018354280462	123.26391981697527	122.53675234185809	123.31107783108914	121.13427551547137	124.25649844945734	125.86383699361437	123.27684306693112	124.22002561336669	123.36203079587612	123.06463486721123	124.42958752042696	122.5871392886265	125.08929300701426	121.82838784107973	121.5355358921238	124.21196057345391	122.63020377854488	120.3760316813259	121.51604164285799	122.36375975160965	122.86299632914147	124.54649041399456	121.93002982654154	120.51584686223543	123.22489600493931	120.13117315956546	123.23687539402157	123.45561576993937	120.92946299897764	123.29908716208192	123.17803184983492	122.52755132099398	123.90624236084888	124.82697123636164	124.23320739526731	123.00126754107627	121.62575950970222	121.22436570024506	122.9456182709105	121.39766545668789	120.33770340876545	121.45573301186947	118.87104261954657	121.14901029773883	124.17079175753759	122.73388150055389	122.21296818549123	123.0304388946297	121.346510426225	124.61364085209415	120.99029029060486	124.29933228231475	122.0000068544233	124.69009149051722	123.39148677471621	120.51424529102411	122.1918658048174	121.6178616729191	123.74595340327137	120.71639575136035	119.9366213222456	122.06454321345426	124.4495235869427	122.63982026606547	122.31149990908283	122.91138710830433	122.6326237234024	120.13299885525342	122.82669726947613	121.89184888330665	123.17251301825395	123.60939304842428	122.3304068279909	122.49111657960017	120.77125156788054	120.94445313421727	122.33587050227283	119.67490227201888	122.13405893120388	120.92449354152043	126.04492251799395	122.47988835897037	121.36766348147798	122.68671214295179	121.33324200598628	123.46537429886065	122.94344969785732	122.99641367554624	123.42698017629107	122.29456441949951	120.97071704609199	125.85088266933795	121.94021262167338	122.34990234291422	123.2839459328429	123.57941471884533	124.76642633176513	120.25687888909142	120.59415029684433	122.77521488637346	123.93955987319917	124.50631795506062	121.46468740936105	123.14751720867037	119.7486467465492	122.11361387767931	123.53018230156954	121.06613343402469	121.51173518894461	123.86561414107265	122.21034865723604	124.71756821819768	121.02887449041353	123.12655844315826	125.34728860367241	125.48375268475044	120.5057381437174	124.56963760331185	123.94409909746719	120.51485762600105	124.96321338461429	124.5280543893653	124.08205569527526	122.95542200459985	123.70167513747936	120.17895664799148	122.76442768863399	120.95196288522398	122.78784063415868	122.91848725703477	123.08384509798643	123.53776190929051	122.67997547156459	122.03231407357993	120.96939584904716	120.6519295137672	122.1627539902964	122.80933175256654	123.60285657972021	122.48085901462846	123.00747023992798	123.39390117512536	122.02945174112521	121.53904681787058	122.96585219489482	121.46795785202481	122.1763638755445	123.52426782000336	124.20752636499844	122.62660206826236	119.91682950093099	122.62094801190786	123.23110935896604	121.38494560115241	121.12657871404551	124.36937134407076	123.10106786480101	120.75073084943149	122.2301382277415	122.88053942505303	125.74333243474449	124.26657447671242	119.28989255410967	123.75681698905638	121.96619805016229	124.28628602730318	120.99150313797982	120.27031345894882	123.92904256147195	123.17819287998655	120.95676080651906	121.71143730109084	123.95502449629096	121.2043354104688	123.58398567223594	123.55267470314132	123.62500013252568	123.19996110667901	121.51589059980698	121.67892330219145	123.77564488503036	123.01501273585355	122.85624902902138	121.79543851720165	121.85330423531545	124.2899352423408	121.12917802067965	122.97978690056885	121.51218337203412	122.60613655386867	119.69190464707948	122.6975653361446	123.82449507870554	123.01547190838124	123.63492747476474	121.94213221613624	122.53053660591252	123.21037848849292	120.922551560748	121.51798563257337	123.11338493884924	121.76403618942268	125.51037849129402	124.84331615633603	123.25224172429563	123.98322388458108	120.266243863878	123.08917047632248	121.87017137280495	122.13497577521505	122.2092077220922	121.37893282486984	121.61280171973571	122.00951099296941	123.99562024283892	124.35696709833663	123.0587657797559	124.475905192628	124.13234053448117	124.986972958012	123.04518938642077	122.04441329520978	124.5254732874373	121.5920257775976	123.03164822297535	123.0042523695117	125.53351563527325	120.78016600900536	120.42401033704435	122.44101834739489	122.88945704943316	122.90814646906796	123.44915926396219	123.61996186351014	122.54773229991677	120.53148716930791	124.52098914272904	124.282268045605	124.8001846381186	124.93831826543614	124.12625338308534	122.20354825020304	120.68688474715773	122.46432296510436	122.74137868060363	121.04334708104611	121.91715233730754	125.31617232754179	121.64783834698369	124.20208030675008	122.61085063312832	123.87402456221788	123.61213956857388	121.59909017073981	123.52271422169419	120.73742899270549	121.26309857125611	123.51606914271217	120.37617093559568	124.66145856220132	122.28616095785127	122.25892833294117	123.04666076296999	124.30368474053826	122.18627354491652	123.55363017654517	125.10271515969107	120.60829230223257	122.33589911258969	123.78176983624515	122.00107367268131	123.92593618576227	122.11829943258162	123.03238103695979	122.40952045331609	123.6154050493005	121.94573447289937	123.37249084538169	120.94222869513422	121.70840641554298	122.46797468951635	122.10640829277328	121.7818073822665	121.01130319794731	119.6992038075055	119.56231592540348	122.80221003013567	121.96735674982418	121.79875825238719	120.13329100031125	121.88455071874033
120.56395116360497	120.96596226159278	122.88495045550016	125.1172470173363	120.79869937118701	121.09415118223023	122.24103243578193	125.14019663309824	122.48262517064461	123.4408801968179	122.6456881333254	123.4340907114239	121.27752003830582	124.34263775370408	125.89057583010998	123.28939020178501	124.27764319856878	123.39785845594689	123.16813270362071	124.63308777786091	122.69053965016653	125.18666056430874	122.0702040031616	121.60230758748435	124.2578809555749	122.71171190371919	120.47259690178396	121.62285791426108	122.67326842989876	123.01272279882414	124.82083872787217	122.0638592274865	120.77940549247818	123.37920178213533	120.27800187132114	123.38684843522925	123.7104564287455	121.06774494680414	123.32621519927369	123.20718561415916	122.7050918426735	124.0831988378972	124.98951086199249	124.4339573281528	123.09294362801563	121.73340204425034	121.3674457509432	122.95993425384671	121.5960593358625	120.51893474101611	121.5505943048567	119.01154097754512	121.29155632058692	124.19535993818931	122.7926317315161	122.30208147542483	123.26485433235794	121.41232750394263	124.6395307113739	121.10664964789507	124.40533468503466	122.2373816921765	124.82918806152165	123.59129136770386	120.57037113483325	122.34601379362928	121.7362583768449	123.9554189292615	120.79080357254333	119.9606399254278	122.17711445202094	124.54318522294275	122.79341526700732	122.45166407260534	122.97064453792562	122.72635087506848	120.15928358062094	122.83923888755545	121.96565841588043	123.25715604455165	123.61857790235499	122.46240797339426	122.55647420670468	120.84016307426879	121.0689082217175	122.3753702255389	119.72155110278358	122.29676366641291	121.022003548258	126.07758282528471	122.49988379594295	121.44767969487138	122.79431015760997	121.40976232456723	123.58459308584227	122.97814115725554	123.10313504913155	123.47490298444498	122.39357432865368	121.0813052929948	125.90341669423127	121.98257506800631	122.41356844061936	123.38505005424963	123.73448173869156	124.86811824322953	120.29520060571204	120.74405071700829	122.78463232102052	124.21466875859419	124.58957788549294	121.6096010316098	123.23317578046564	119.8283143141067	122.16647530594095	123.6691312770589	121.09274259082716	121.65817289054114	123.99175596615733	122.32821529542312	124.74709538547029	121.17162071977457	123.25371946748692	125.40526999855045	125.51257855562403	120.608159325929	124.58344448166866	124.14759161120175	120.74845743489001	125.09257646183575	124.61584830768717	124.19598195682306	123.14664726366958	123.78320125045308	120.22397095508423	122.79802759931125	121.04478263724756	122.81683012596731	122.99109421670009	123.29588551031468	123.60030850381254	122.77164476670809	122.14526456266205	121.01058890568751	120.69436783012385	122.16814044931364	122.9679704216872	123.70153432497857	122.79526065238323	123.0541935896148	123.42085612011293	122.10344817894618	121.56396100582808	123.03577550483958	121.50762965629048	122.4009153466055	123.57562076925795	124.22491443726169	122.65174496296012	120.00000105300816	122.7486474768924	123.30761589376665	121.4217966724794	121.16581152877121	124.41728149859952	123.2050151860904	120.84474124056023	122.3065443943682	123.08386625796868	125.7663672711455	124.45963255416586	119.43719408284686	123.82975194515387	122.19736389337672	124.38942411142735	121.08304392591012	120.32880750860588	123.97676920185872	123.27506935610465	121.17489362843162	121.89556645892989	123.99638700351623	121.3008305787794	123.61224344646966	123.64557303917015	123.73296424773494	123.29189925108017	121.65311893030473	121.74393886365146	123.84524208374376	123.09565145093663	123.02201816887292	122.00370483009972	121.99300076419311	124.50142941279152	121.33608533487228	123.0189239721077	121.69116047876321	122.66259099239339	119.79222448387469	122.81179096274897	123.86364656886232	123.07075057925965	123.70196008440784	122.15156216442891	122.76394151263408	123.47353591719089	121.02705918287357	121.63299917756471	123.21443140818656	121.81810864876421	125.55388628493424	124.97320245806982	123.3740866792326	124.02354983377766	120.28744646678066	123.37868064206471	122.11819581124405	122.26887223601912	122.42237826549405	121.41106218791678	121.64098970781224	122.30042684272847	124.0190338255138	124.46462684789898	123.1844621857309	124.73615945841242	124.15422339644023	125.23646759572182	123.21557006726522	122.12867682212814	124.65962639433953	121.64559539056764	123.19727278205217	123.31056650405331	125.58031056414036	120.86956042444298	120.57536897154476	122.60697051536526	122.9749045573987	122.99700513915467	123.49380539216384	123.77352561396128	122.77339143187454	120.69334019522822	124.58400258135596	124.39690746968685	124.95850733592671	124.99359657324666	124.38613799299097	122.28287818318893	120.82349962414428	122.48046266260067	122.80796115909298	121.13520240407402	121.97420860463482	125.39395689354316	121.78749191833968	124.29203740518228	122.65656848241946	124.13468917732169	123.77935579560496	121.64223621114655	123.55911699697398	120.88436591751451	121.33725916242867	123.56311265541311	120.45189469987957	124.67374730144678	122.42423819563643	122.3246717049149	123.17820386904732	124.331244619444	122.24841287157818	123.60991163660209	125.13754327016349	120.73525804189002	122.36024896363396	124.0397432450084	122.20881135105702	124.0350174317068	122.19055870102612	123.12053886580716	122.45002075929281	123.71047678186945	122.07955425312296	123.41127770047116	121.08539446900556	121.88278322712328	122.49616447784143	122.2342270995148	121.90209972921897	121.21230657278278	119.82914867233316	119.66566759218344	122.85376911738982	122.09854511754695	121.85562378723563	120.17049156802958	121.93514074304981
120.59299540270577	121.0357206589764	122.90530323993922	125.29607550158813	121.1047934270423	121.13589048103347	122.34128960188347	125.16648878021515	122.55359258728346	123.47481457359356	122.71253278069553	123.57122803141397	121.34284680597779	124.4973672317318	125.98126501442988	123.4630682153525	124.66138092258647	123.50045645447737	123.31300473219216	124.73437957037889	122.78098760078399	125.2090094946713	122.19671116274638	121.75709321680101	124.3929415708643	123.02828080720226	120.62480497712649	121.70711508843554	122.82403624227263	123.02289267017147	124.9889149760995	122.17956157124529	121.04966704153306	123.62564030440095	120.31497243035308	123.43304491681968	123.74209516188294	121.40142162707886	123.35012507746669	123.35607986221552	122.75257148672357	124.15676396338877	125.24268053157648	124.60695452363227	123.14854209097723	121.79702462643169	121.51251527171725	123.05080619422957	121.76334548896257	120.57402478370702	121.79344658434424	119.18249142904618	121.37992357749327	124.44207053963312	122.89559582651647	122.4767363502047	123.34607446315657	121.43138349199627	124.77644098704015	121.30457768017526	124.52861329330047	122.28860835151023	124.9513170395365	123.72847822229488	120.96497572862165	122.54955392293417	121.83918676090018	124.05864459572773	121.17041351077307	120.0616762092865	122.25116699374013	124.61546697689703	122.94533324791958	122.54441119312816	122.98888751825193	122.78254108163071	120.4650731433471	123.01196621778823	122.01228090163808	123.30044557496585	123.77102292371134	122.52725842640766	122.70143065346278	121.01397173453923	121.22823204285754	122.5560931076957	119.79798816365931	122.3122930297686	121.22892803986761	126.12158144034755	122.80373123568295	121.56812176673861	122.91766188811414	121.65470487071524	123.71749028169133	123.0948983532746	123.14647768818801	123.69383624157535	122.40342516282332	121.2916925323524	125.93122838941512	122.32217378423617	122.56816066305652	123.41641658540561	123.91114549167652	125.09442507403178	120.46439354530688	120.78098443434435	123.2578635104135	124.32497897155574	124.73405141484972	121.67921379757452	123.44389186603196	120.10660120065933	122.22687850282912	123.70527113709106	121.29373959485858	121.74346311589835	124.20510801127375	122.44276640191633	124.98962662196688	121.25142915132265	123.51043915896068	125.519995043463	125.70852677563445	120.77328741780063	124.6411614863439	124.19152467573738	120.76629651219984	125.28857757569227	124.6501040688898	124.22536016838397	123.34701782644723	123.83426796500179	120.53431985199187	122.96459106249739	121.1293431805247	123.09806643634572	123.11661894756	123.35022699470072	123.76988156149959	123.0622057069194	122.22216252312523	121.09566915876923	120.98772892249491	122.33791023794844	123.08783555456358	123.7403114693057	122.81161277429655	123.19567811042442	123.54181317916705	122.32991967246625	121.85028032308729	123.22434359655063	121.52182669682834	122.50928992503705	123.69573417881992	124.43742249387695	122.84049141382813	120.11068619811692	122.85551650868271	123.38685746995718	121.71268805757761	121.4196378162003	124.51689250240615	123.4261718655619	120.86028422018038	122.60385209619527	123.11723014185367	125.94005649677287	124.74007456841045	119.51802007622456	124.07545593630088	122.22492745215285	124.60891159466048	121.23257215026877	120.65656847621062	124.25754844070615	123.3868853435863	121.42283864258422	121.9238929866538	124.25176958140838	121.43247658503275	123.6644449350469	123.86166445629911	123.86215113537077	123.52246127620496	121.89473868734147	122.08965671968586	123.95716432168155	123.27406752516134	123.10077772807321	122.12271812138982	122.15326881064344	124.64132698620925	121.4808570969896	123.07392790426478	121.74770461297761	122.67628553600537	119.8771807845649	122.94499803828467	124.02044849805144	123.32039430524846	123.91027467740855	122.19184289997905	122.79174778896879	123.60663730166162	121.13955529408422	121.71983802969277	123.23983968173108	121.84920752114738	125.69394393022706	125.1196119630498	123.56830655223382	124.08228825902569	120.61127950807386	123.39624755035251	122.32314723046733	122.35232975765534	122.44134747840941	121.51945761082581	121.84586939718683	122.36180461169238	124.05485490275204	124.47114251060353	123.2027557416653	124.77403505997867	124.19263952335605	125.30779679682753	123.45171117946386	122.20742873869763	124.6943998544188	121.67813295281493	123.33848624441822	123.36060775883033	125.76853435145301	121.08902370514184	120.60813323776962	122.64246174522765	123.23622949101103	123.00203133251678	123.56342058621989	123.93892889848988	122.92055047207596	120.72259968698528	124.78447336629041	124.590408705389	125.00050468632531	125.02355748997378	124.50045474030654	122.33137026168488	120.94278267652093	122.54557394820522	122.96192623534351	121.4432930522216	122.30914672123446	125.60694110452815	121.9058127229444	124.36829925933749	122.78977513097796	124.15824489425242	123.79845135453117	121.77588015856408	123.67021745769945	120.97366789716705	121.42013905541722	123.79429056211154	120.76674312035163	124.90458726916064	122.4868227781798	122.45215762075283	123.50053745398363	124.62211850775196	122.43391859069722	123.74683775034184	125.24716397918154	120.81239302528301	122.49797444046209	124.06016778531279	122.29602446516212	124.06986234382795	122.3952256699973	123.12939169396394	122.64575882663902	123.72900494706762	122.29488108308209	123.55258344580717	121.19401514464819	121.9136239673512	122.63710342810454	122.32243191849835	121.95414878736644	121.25279629165081	119.87490444611879	119.92995344175132	122.97137864581505	122.17170429088425	121.95041311316828	120.30635914513921	122.16170715670708
120.86298585804033	121.26187269434583	122.97915014358718	125.3992490867768	121.19732022046085	121.4073826821932	122.42720522265532	125.47561496159571	122.88949132738846	123.73493935523538	122.96999409588834	123.67064206591272	121.47711506021719	124.64867056778128	126.15245707015048	123.75631879830289	124.72391760761576	123.71195185850593	123.37256743899577	124.77115254430286	122.83966184014591	125.34851941504397	122.34747698323231	121.88957203194275	124.53882013229594	123.06554734276736	120.80222958832708	121.92802465030432	122.89754512571187	123.20620072402951	124.99735116819643	122.25188713137646	121.19108693732787	123.8207308307033	120.51092906495921	123.62458704398288	123.90419849578086	121.49570376853045	123.7171144260785	123.41611391130404	122.97530018360976	124.28210722014467	125.26663471993119	124.61700799289316	123.46794056828035	122.0420622307068	121.64967037796487	123.42214091048429	121.82590799516319	120.8357818075823	121.88150273613122	119.2480704481643	121.45206257893328	124.49299416253508	123.19503333869622	122.68291401396782	123.46190400338104	121.83833447126204	124.99636780895426	121.34088351384788	124.71033015807929	122.32782596585683	125.12520534598325	123.90455483337303	121.00159048173073	122.66046935356466	121.95778669640532	124.13762313750279	121.22291548100014	120.30716511257319	122.64324461151209	124.88651758622586	123.0003743211614	122.65923434913202	123.22672211693528	122.91141310730414	120.55128108162032	123.27707953348465	122.24124535910768	123.5477783756988	123.8590448638811	122.77674390809729	122.81546120742203	121.15671208718	121.2607562743482	122.59512113017979	119.91311466028289	122.38373791022707	121.31300648541306	126.28976725575531	123.07520056837713	121.71671386812822	123.10272057223837	121.72364560019787	123.76774362639802	123.3190680235442	123.29072432341869	123.85011430648643	122.5293448249371	121.32802462737997	125.98054474451047	122.54639488472716	122.63892838073811	123.68188989658618	124.0248299665978	125.23069201766464	120.7990744655037	120.99400951548112	123.29443509619165	124.35270234516028	124.87580234901145	121.88822831477235	123.53467372765972	120.12651322153425	122.51398906989157	123.87398696972147	121.450695168393	121.7880480525084	124.2941112598721	122.52326897322611	125.11085403957306	121.3726527404215	123.54302416000638	125.57580893711902	125.7314118315406	120.9091284334676	124.91368393325196	124.37045938963995	120.87207012154455	125.32329022571999	124.99278307234003	124.35520190272058	123.50725869314347	123.99530216369249	120.69423246537647	123.04183076854707	121.23407356510513	123.11720611826782	123.30974185841072	123.55734692348425	123.895486362281	123.15125469877613	122.2887047114046	121.38662510966208	120.99482228936742	122.47959100756273	123.19183711042683	124.03350902283508	122.93888417679067	123.38879384381829	123.8007136720743	122.50408372636736	121.91691321045046	123.46585265813913	121.78678557649388	122.60621277420027	124.01826812499519	124.54710275247812	123.1263439648244	120.19083310377319	123.08567729586929	123.42342578403127	121.74177303896015	121.55322302931967	124.72959831706417	123.511957117717	121.08689782819346	122.71539960109526	123.246822224147	126.08596509238572	124.84760129485743	119.70830863256842	124.18616019343676	122.35110654155397	124.70328021240674	121.38592077312128	120.67622522075037	124.29336327213333	123.55881369395793	121.4473498421434	122.00945050666508	124.36157151019121	121.68540497962982	123.76087079867797	123.99342333498399	123.9002048504024	123.54556614657349	122.23583437043594	122.12022876409678	124.20699743001822	123.34473019264613	123.24044925631127	122.20574565138756	122.24727399296937	124.73150065727566	121.59348802737668	123.29631090929914	122.0508574171871	122.8220089570109	120.09155167654723	123.14482398646894	124.08490024914192	123.4177283291068	124.11141777092924	122.379590751506	122.83356049006377	123.7040806125437	121.34131759871508	121.89703092043031	123.40552667387807	122.12336871807167	125.75262655000886	125.26607233561666	123.67995817970751	124.31837694666604	120.70146155081501	123.42710538741177	122.35126664861163	122.39290824104982	122.70475599417254	121.6632618143416	121.99985622916486	122.47075586429582	124.39352118092643	124.67981242744467	123.3468984491141	124.90350573806568	124.47089319641748	125.36544230269439	123.47213739499936	122.39236195393607	124.82327666583129	122.07008622232108	123.61956608628066	123.42304880142795	125.84373961433116	121.17309125774715	120.70427617520447	122.68616933002032	123.30478852976202	123.2770530346711	123.8312577745887	124.01616953928433	123.035165533132	121.05892698384308	124.83038224265802	124.64608024448944	125.09223580588919	125.30119645186193	124.53414954094612	122.66509204269445	120.95869936294135	122.89922381851724	123.08706139021353	121.53116643010941	122.31319898856432	125.63006551576937	122.05809079103348	124.54213703786317	122.97695333290562	124.22397091561295	124.06146269944249	122.00939203209192	124.04353054492263	121.13826846509376	121.71819322264257	123.92290254125572	120.77234473556727	125.04418824874531	122.84632331976444	122.73316643363904	123.60094166725357	124.63920235885048	122.5107200171273	123.91198415012299	125.26066974230115	121.00905460269111	122.62131143905414	124.1974259046696	122.34791318223255	124.37373907602837	122.57580858609286	123.29609627211804	122.68993289556643	123.96847801034363	122.39954214059692	123.81321198189552	121.33938094587047	122.0692121035263	122.98621976152755	122.44824105374212	122.15977435924994	121.43006110893549	120.0657670967776	120.0363951554895	123.13613389873896	122.47796786962392	122.02060897809565	120.62260402046905	122.21923884872997
120.92259331172517	121.37961590935893	123.11858802987358	125.41970905763647	121.20233775555681	121.57126837623525	122.58564193584763	125.50609075577154	123.01749965473489	123.85200754628578	123.05269096706368	123.73983817811167	121.49716241786413	124.67730313465992	126.2009534975515	123.87751805904092	124.76159870966042	123.85630158282189	123.61340805901061	125.03743898201144	123.16862978416427	125.52826227208966	122.58267407359274	122.11620997475976	124.62800885189982	123.23468948432192	120.88345745354262	122.04523513017854	122.97770298276812	123.36472553109297	125.15153475401432	122.49523611218905	121.28846521605189	123.96229539421489	120.65148035344619	123.69859895059008	124.08163922076007	121.53680464775685	123.90806260895725	123.62254924897202	123.09827204116114	124.41501073443538	125.42135560034943	124.84666494697	123.58224735883509	122.08472011718416	121.84306977473423	123.44559732567764	121.85344144665332	120.85607348817217	121.97622772340368	119.3677932147359	121.65675495908948	124.59117672649468	123.30585352571546	122.72870684964855	123.50708296266049	121.92681464998074	125.00902083993117	121.57124216135121	124.76937657560075	122.41736631214917	125.23129053318428	124.14750675386195	121.22832297371099	122.79252935155645	122.27918766574416	124.19685456783252	121.31932405419276	120.39388197608012	122.66054575357853	124.95940284438377	123.02051477770493	122.7473473988108	123.32128443941225	123.05567367777543	120.6814771160715	123.29987950918083	122.31129469465013	123.57535451566798	123.99973783255174	122.9008592593975	122.83812504575815	121.26686440254223	121.42022209433843	122.81151352008594	120.1720203093105	122.51684583134472	121.43630744693482	126.42066562569218	123.08392801572768	121.89079269704717	123.15273917600057	121.94631729016412	123.86725191382018	123.44421498745176	123.38452329830716	123.89463257242635	122.677036034734	121.42840642635899	126.08988947590495	122.7387714335634	122.77987939747872	123.74284356818347	124.12433526005299	125.25265256372194	121.0207774789618	121.04633160969755	123.32515683297659	124.41759480708392	125.00276930105318	122.02871414005774	123.57021388128226	120.23755551620476	122.65774671227307	123.92307819115462	121.4982029179685	121.80135959398669	124.51551626675699	122.58542423749873	125.17056373940143	121.53230162719358	123.75206308669412	125.60616405447007	125.82994174060006	120.99365205267999	125.1512075234389	124.4236325369861	120.95732380958268	125.36061042838796	125.09663023910701	124.40957084264943	123.708948112453	124.08029447513272	120.75587837674885	123.205432118998	121.49372352412237	123.18798972399534	123.38826327773543	123.58649920784389	124.00088962582578	123.22528713379526	122.32532375684445	121.4110623581936	121.12102660736647	122.64547367540197	123.25837349312242	124.1852443058877	123.01684296415671	123.45952408063299	124.00456515929491	122.63396170664102	122.15694425939039	123.58685153566606	121.84468790889524	122.74605118804078	124.08417239773888	124.70609114956984	123.24587778011869	120.2959428305088	123.21982679928335	123.67817120184363	121.9582551140229	121.86367061886756	124.86258864364274	123.61955396031549	121.29497304147925	122.84176068101	123.3804427959588	126.09930500701313	124.90530475417815	119.76647674201004	124.3987795257448	122.36624740671668	124.84955131951861	121.54239864444172	120.72178482958729	124.458728669418	123.68624751053015	121.51903395416093	122.23770791183647	124.43964708919633	121.76345274944093	123.92666578116567	124.03792366421834	124.07619790661842	123.58880835113698	122.26642001368941	122.34925471449276	124.28498203292077	123.43502187914692	123.3954739076908	122.26252264914696	122.50172720909727	124.76739807384786	121.7004531535177	123.34128711840968	122.10337998928185	123.0309734147989	120.35583220440844	123.25206814433042	124.36358390154587	123.45363994187028	124.11926435220408	122.42257031950659	122.9336403805685	123.72511458108121	121.59494429484668	121.95283024391361	123.55860136075844	122.16663111660361	125.8850075709832	125.37560695792324	123.78028169106022	124.52318918585775	120.7815235927412	123.44807046193554	122.39154801933495	122.58417610230674	122.77025929685304	121.86568038201845	122.10764591302224	122.51182169990264	124.41460720848866	124.70407360548596	123.39088645099872	125.1434754927589	124.68241648284126	125.42721912864963	123.5364664701327	122.59223829080683	124.84079753249017	122.24253490303053	123.71853424981008	123.45587557859152	126.05562877247918	121.23764043857724	120.80699774049289	122.89510562877297	123.52207196693313	123.50925894054336	123.84332862836327	124.12580134133371	123.25385231606577	121.25627770767734	124.93174127406176	124.7708030126194	125.21209657197701	125.32694294958786	124.71239668353452	122.72691824147412	121.24134922412689	123.01071160669761	123.21575892294952	121.5435358002777	122.54662168816736	125.69241620502383	122.2016654116472	124.89044923930881	123.1529407684674	124.29270847034131	124.13586752088965	122.23097013098887	124.09736212308138	121.23353265836188	121.84279577715274	123.93191767552861	120.86033297356167	125.10424315143257	122.98933273850889	122.90150238918122	123.69706650390395	124.72625517292809	122.71012430990389	124.28573564853623	125.50835798026522	121.16383397483375	122.70380774756302	124.26222965433169	122.5369326368854	124.44373711911052	122.5952247048245	123.54836147257785	123.02557368284134	124.09283813352029	122.50437089719618	123.87827161087976	121.4572325919246	122.11546487067969	123.1180497196778	122.49367661010973	122.33139881676964	121.547296878668	120.1636319495898	120.0575892736509	123.26285229471276	122.72298761947887	122.23517920992703	120.74002289285109	122.28652207596978
120.9416734171891	121.48006042283208	123.26096385853312	125.51072649420819	121.3372448713925	121.63328921576864	122.6380359085539	125.54321581749562	123.11745559576165	123.91762983215855	123.12131894244303	123.78056296752587	121.56149472181552	124.7162264020466	126.29353126444992	123.94197049691334	125.04837772206291	123.9074063933325	123.68043912647687	125.09021170816087	123.22019460220147	125.6516761792986	122.73540339209394	122.18135966930676	124.65790480556386	123.48065071012024	120.91248050831274	122.16263177306504	123.15732350285333	123.39679102347695	125.19637085697103	122.56514530761216	121.33270425948432	124.0120629868901	120.72524688861849	123.72341504105069	124.18105333191957	121.62319432752004	123.92569070384043	123.75333321687279	123.11246692605351	124.50162509058023	125.43131147402823	124.86702491571957	123.59367011609106	122.15488521151336	121.87519780365848	123.57793896771892	121.90673297559299	120.9557261593255	122.08712648287813	119.4074943962961	121.72023687200692	124.70640928001613	123.55283301850623	122.9133794408259	123.70643237606403	121.95599412206587	125.20230337030678	121.69415783351816	124.87919888243239	122.51066810581199	125.28409464780985	124.26707188179236	121.29432172340059	122.84717287625298	122.31732514142773	124.39256592762054	121.3644310040663	120.50123183732974	122.78756944053684	125.01059661397979	123.25627990458243	122.87073690351009	123.53053999000761	123.12012150604859	120.78538694593496	123.39836114094514	122.45625838466056	123.70084556783799	124.10819900556103	122.96714105291942	122.96973999728799	121.34523719238574	121.55506181673263	122.98862176428618	120.2139682205614	122.70452214595444	121.60933083843484	126.50304065152896	123.24592879911711	122.15398025697328	123.2938441810501	121.97914964389462	123.89990549389076	123.53021452328473	123.38782698828454	123.91585727991061	122.87428667373842	121.51126349876371	126.30180924850505	122.78830661247561	122.890525196401	123.8364825813323	124.33933602589447	125.31150110656509	121.08620412833238	121.1527195094333	123.61285046072068	124.45802146184262	125.01472884282403	122.04461202338331	123.60477502794335	120.30830814737057	122.92963834880369	124.04297849765481	121.61254500448489	122.0041513372718	124.65267075359192	122.69695966937604	125.21483238041462	121.56142507198885	123.85410058303813	125.83308878463559	126.0656863949507	121.02860130729565	125.2932317142909	124.52237536741484	121.05936544585772	125.4562174300869	125.18036076474012	124.59181159616047	123.87807679751502	124.19853962870204	120.84800742167454	123.3296861689268	121.51057642974658	123.29852307680736	123.426949406774	123.60088163430828	124.04212683484498	123.24677636125767	122.47629028363815	121.45597554421278	121.39699440591302	122.92253581976685	123.36308867168091	124.29701868013336	123.17084262530861	123.49993736043398	124.16589186454672	122.67231253010875	122.28835888286407	123.63279060928299	122.03572728034595	122.80778438015618	124.23524140604374	125.03647319818445	123.39774446424914	120.32136898807629	123.3231129338637	123.69769171805699	122.07851075969646	121.94652406339699	124.96268116399467	123.67566376269336	121.36771317552879	122.98636751331861	123.47489780898734	126.3177925097871	124.91154574890818	119.81467136010237	124.48810031108081	122.50822708908989	124.93621103563922	121.58922207539575	120.78067097002246	124.47192266890096	123.73213622169293	121.60818542255429	122.30937280786135	124.47272461892868	121.79222598903905	124.15733879800034	124.15246309550973	124.15808630921633	123.87611572758627	122.28680840119547	122.49718000842464	124.36377771036081	123.46716157399037	123.41539408038325	122.3061144436154	122.52911263008663	124.94447706423162	121.76464115880948	123.50430878314869	122.24448891969027	123.0987960186394	120.47108733210379	123.38273490450565	124.4889023344865	123.72253246162906	124.33804497345474	122.6197659967573	123.0786258862392	124.00627958664028	121.65680871252586	122.14636180787757	123.7000690279211	122.25691539528188	126.07116164535691	125.39933992514514	123.86696377321337	124.59567315820527	120.83520161439846	123.6539436033385	122.52736670505261	122.71026431259698	122.80277582996217	121.9062575106553	122.13515781778406	122.5484511735822	124.50701156522285	125.01921993553387	123.55590327871506	125.23378680957913	124.83400646486054	125.62263613065132	123.64138075277684	122.62145720651394	125.0086435957064	122.3415575252577	123.9184310626186	123.48887985511554	126.31652854733824	121.28617151847457	121.00054920662836	123.01402182909665	123.58008975052198	123.53911745068487	123.98449282070209	124.34929849139071	123.32367255144733	121.4377494436617	125.05561272483487	124.92264858877232	125.49048829688354	125.40283747123829	124.7591309020997	122.8739460506063	121.27859563122482	123.10541569336564	123.23897170545963	121.55773444403229	122.61465976579468	125.75961774179449	122.22889397652638	124.9293179731659	123.37811583006636	124.70559234632353	124.2005297983696	122.23833222337998	124.3156071344796	121.29030453378097	121.85761693310317	123.98868418346933	120.93853882870224	125.14258121510439	123.00158774989899	122.95887780653136	123.81862693044111	125.00614993824398	122.75028223925901	124.31457292807875	125.66607954242781	121.20014232666148	122.78673251914785	124.3487497974359	122.70519574671648	124.5888678746511	122.60462848687615	123.63670795002629	123.05967318581249	124.18100336359106	122.63929342982526	123.90851859346427	121.51068197485806	122.2692103355765	123.35890081876995	122.60674267133851	122.42289478521862	121.57314390699125	120.28845596819099	120.10804447379543	123.48317791607558	122.89067578664012	122.33145313038138	120.7551273468706	122.34538098964573
121.00841824008978	121.67762382346511	123.57054437455449	125.57962160410945	121.46700946233629	121.9403901470609	122.94113028684927	125.78405332061568	123.32853854133036	124.24472380916565	123.46654821130025	123.92980210416738	121.59791434404708	124.85191289360507	126.54756664298885	124.12090059165622	125.24833389843748	124.00489732132324	123.75550318571167	125.31242742188576	123.32762758996327	125.75322127709003	122.88086505241309	122.39100472055136	124.85265532908258	123.64520311266006	120.96391892943574	122.32790933099159	123.28716612346663	123.71666802415443	125.46590589608589	122.80508408104099	121.47936256018008	124.44511426532678	120.78696878847201	123.8871613784233	124.43013094545755	121.82377418062121	124.15005545092296	123.91328399847025	123.40685249565472	124.60794092640386	125.73604814633319	124.98203123036733	123.98826480636642	122.23720674621444	121.91959445189734	123.64536438733617	122.31317475887356	121.27470196926069	122.28449037943106	119.60366788939525	121.7842082872939	124.87938133744669	123.74868609863356	122.94843501754303	123.88356981351713	122.21530203760246	125.23258553514232	121.76174152605256	125.20902737497674	122.9653806079152	125.46518317821088	124.32265564961277	121.31417439705501	123.06505828125029	122.55291182895557	124.59804367971554	121.56764729549761	120.76014093885546	122.82508424135645	125.22825524722137	123.2925299218076	123.132023400753	123.8018343799166	123.15065350251412	120.82654926029272	123.4500469145752	122.53138547628672	123.8677568263089	124.20341147002566	123.16051975437415	123.34572062458591	121.39004127844882	121.58496708944342	123.1802128734869	120.43341778122146	122.94256482063639	121.70264650385866	126.8130214637538	123.4441676493271	122.23452777036663	123.5846060828776	122.06533430348897	124.23081668111841	123.64038412175034	123.50974623484305	124.25122479662097	123.02863110301922	121.74980494040378	126.5147831183254	123.0682787950172	122.98637978042821	124.10061869761883	124.69399193591317	125.32461938251615	121.24635186158788	121.28467461623822	123.73048931877562	124.59286992273076	125.1226707429679	122.19755438974107	123.84332546188602	120.4835692740222	123.13931308304676	124.19852222979834	121.8162771438653	122.1806523710082	124.92694835154113	122.92946381269823	125.38716596974469	121.71427064611872	124.05428218057042	125.85547608488966	126.25037559818728	121.33999296215369	125.48361322568383	124.85629118907733	121.31319083532375	125.48905563759313	125.38552270998245	124.88144139644223	123.9283935452911	124.30206775656357	121.02750622353686	123.49052220341058	121.80250849064419	123.3230363831191	123.73175216851114	123.95403241411805	124.3709919847774	123.44155969986693	122.56237532881555	121.58184156222478	121.43781165278139	123.07318018454812	123.62949374178835	124.62136921555108	123.44137565757532	123.7006909114416	124.344439659312	122.80722009706986	122.57152838283237	123.83042501227044	122.42081129991101	123.16359642491311	124.50711326507319	125.15314367335824	123.44078251751138	120.35462404134947	123.7865488450813	123.86446541155381	122.21247146770901	122.16197903877142	125.00270141718629	124.01527870937139	121.57247745386809	123.08003590874999	123.63682766109805	126.42978660094457	125.08398066752741	119.94074685608103	124.50963207269514	122.56341636639196	124.95895935028823	121.71679524655826	120.98286620872712	124.61410435110555	123.90419172939009	121.85528623930277	122.65143096140221	124.58929361946231	122.0562864779646	124.17051223052523	124.2195248150029	124.4405536534355	123.91623434164794	122.43377446216738	122.57355537051365	124.52288641143134	123.600132690482	123.4332776517099	122.48043496864635	122.65844186637514	124.97434665867792	121.770067175835	123.53834251020935	122.45957457067631	123.35643886666168	120.59222599584227	123.52624114840391	124.75716486264399	123.7482899448863	124.34804220040316	122.83947346673297	123.11712695492004	124.22207009165382	121.87369362380409	122.24527125232588	123.99844871728567	122.47470613958997	126.19679131644017	125.47658083217662	123.89802545705265	124.81448928025738	121.0186227752972	123.70292426234423	122.6020255685536	122.91359401800389	123.1659263006509	122.15567582770349	122.49924090432829	122.68733262679508	124.73743007629434	125.16537257544958	123.83453163958035	125.47357936777314	124.93281954225922	125.71145535264037	123.9132956912688	122.84580882970668	125.17288457791868	122.47502874821234	124.1135844488104	123.54137598584204	126.48757057428796	121.40023080587262	121.04966078767679	123.2668591194877	123.70309772419674	123.78718539214839	124.08503670191745	124.61038672012857	123.57540774931607	121.46954358016828	125.12272913657358	124.95558253279565	125.58911053590347	125.72360540573975	124.88625753568896	122.93179440146054	121.36503964113464	123.18544699314435	123.30935782769502	121.66048344614526	122.73072147655064	126.05732605991969	122.49879416202708	125.11417942541559	123.45514057732689	124.74810879393837	124.38472078967045	122.47678780369051	124.50144227141534	121.38113389500677	121.9021446184266	124.07918926161888	121.1646223383752	125.2808387553473	123.2445718742424	123.23567838222652	123.90034009227007	125.03432013391203	122.92406916733621	124.40085542142634	125.81338079386539	121.44659694801231	122.80849169865097	124.41926880859567	122.88024281092234	124.76703808326185	122.99609823544556	123.90804378488171	123.10493302644215	124.33484032963511	122.90003426430951	124.30983711783786	121.70053371734625	122.27475382163935	123.421365758485	122.80244657419858	122.65679783679954	121.65256103243728	120.62212719429942	120.18538009061659	123.52923237693498	123.02231704373406	122.47064917260099	120.9922544301385	122.53706206914445
121.40872709613068	121.68855311986006	123.75183807845333	125.80586224631539	121.57300261750125	121.97202709499804	123.00794123885777	125.83343562816523	123.46206297888243	124.32191377280978	123.48326962097326	124.17427783487722	121.89480716121305	125.05185986291255	126.65964434494107	124.16037450027714	125.38019585758212	124.24951659405943	123.93424283229001	125.39745600536749	123.57822077800408	125.88959567394824	123.14983692455014	122.41151909271248	125.04872868004068	123.67679182199471	121.23214877526314	122.40003039182834	123.37560947276458	123.75983553395062	125.65386321903638	122.99930569351027	121.53799012669806	124.47022985351217	120.9510914307749	124.06371187320275	124.47184589535355	122.01799467864441	124.30573838340318	123.97572651518142	123.43270767619376	124.75153280282231	125.81651417929362	125.22920267200367	124.09354597904445	122.49826848521066	122.15606065526792	123.83398172803014	122.3556825849874	121.35534924860112	122.36483486677972	119.73070328606858	122.0411799279754	125.04826933694096	123.8598895529978	123.15546446113858	124.01475152727053	122.34571220539453	125.48111023371413	121.9790919500233	125.2535593026473	123.05698761322928	125.5234286304276	124.72227628312245	121.49511176055405	123.18692377590006	122.79403193235035	124.7259493143264	121.65332972116758	120.77191522450381	122.94098942297273	125.28509889270818	123.61863926993463	123.20347158514089	123.80847996848473	123.42978996116673	121.03338938709648	123.73498881726293	122.90518498974531	124.05427744025219	124.32940890229331	123.18489701841021	123.36545454190326	121.68000438276313	121.66301751295104	123.23551903272792	120.53571663556241	123.03967332876806	121.87512738722702	126.9601176084566	123.50296357521532	122.2557550329491	123.64080766150343	122.16166915733221	124.3736465379788	123.84989988935891	123.77085249623272	124.26699908686666	123.16980952219761	122.03869015342173	126.58718606043035	123.14544849302689	123.25879562176941	124.24499191242924	124.73402511646422	125.60413975555826	121.40412705570748	121.46813800892797	123.93270066972212	124.76500840651303	125.52966713909134	122.40027313929869	124.04434187471252	120.63962016575927	123.27173134949018	124.52239857581657	121.98263500194979	122.48272252635041	125.04122861459786	123.03121457261265	125.70395763701892	121.86931511714577	124.06599803297654	126.11939161316236	126.26445848595984	121.49961463828852	125.69457034767377	124.87606141624427	121.42218431467646	125.81485573504912	125.53825027241261	125.04513428041432	123.98038630259563	124.52683173590529	121.10636361662436	123.76400884330235	121.90000458587126	123.66478649729528	123.86472871005421	123.99263954627304	124.41451489126092	123.62622789727521	122.88828624971102	121.84512016007324	121.59496530522446	123.13197178332469	123.69803869513662	124.78938472840927	123.51677193230951	123.79107680608145	124.53969682685279	122.93138081164432	122.59748107347657	123.93342623159187	122.43615606771039	123.21155700963006	124.61688298441669	125.29427627426236	123.5607147518355	120.70679052515788	123.80506814269756	124.08870790211678	122.32094050212504	122.30406579715668	125.24187546323688	124.08998188470605	121.7174908788603	123.2710826552316	123.80105490665025	126.60113307732962	125.28600740609231	120.18932119030984	124.67631499534559	122.90253426492146	125.24465572122276	121.93035427822137	121.13129652862025	124.8231382080653	124.09676336092457	121.93498474756764	122.68412255814333	124.77655341548905	122.0901106462851	124.52087706899914	124.52737077869783	124.44857908048085	124.29429723009262	122.49826277305078	122.6511169890344	124.69897120571252	123.8996449311877	123.71816147892541	122.65969842767302	122.78105442459248	125.35090508474521	122.17948696341772	123.81773509386689	122.63022596162064	123.39638184507203	120.7665416475604	123.61597541595694	124.81240466588869	123.96662856532384	124.48802809132509	123.08963817360987	123.43498609641101	124.27701043225751	122.00658729170684	122.32979413861747	124.05172722765502	122.55056350447276	126.39265474069924	125.731441205624	124.13456666563656	124.83708041599837	121.17175141169645	124.06145158255028	122.92713910356768	122.9767862377725	123.19015192049312	122.22810831792822	122.5556384399376	122.86487616476597	125.01817790297346	125.26201256502652	123.96634884479282	125.62010809116363	125.09381769056795	125.77632625938338	124.107050569273	122.88565926565224	125.31390662944942	122.71025786049331	124.34432395656447	123.87507212973269	126.59535304839596	121.63653346266126	121.34510608524648	123.38232120794255	124.09914622973989	123.85961740362352	124.37273052507568	124.72104892375731	123.75973967161096	121.72023077803817	125.3709206435816	125.16127473243587	125.90105805373486	125.93366934433855	125.21697552066729	123.09302900704262	121.46975517287727	123.33743079438064	123.6816404078278	122.0124530602295	122.91459430076351	126.09392065956843	122.59336023017313	125.36635141191064	123.86319793840556	125.05187954537816	124.46995572869675	122.72485615053223	124.68155860058073	121.77151959025811	122.12109963841635	124.420023417406	121.37600566598988	125.4371726168476	123.37782929792745	123.25638606024347	124.12603822305555	125.26564886788354	123.27612676358197	124.69132123730002	126.02781765185014	121.49484355985642	123.12102922234325	124.70077403765107	122.9201673950915	125.01001845455521	123.05300911400172	123.9316366143975	123.28529547607624	124.3623790318649	122.93447304324174	124.32143720111239	121.81130153150022	122.73164897582427	123.71522837578074	122.97445547199206	122.70272846489569	122.04591497410453	120.69312468920668	120.47582541044149	123.64174867463144	123.16444963187192	122.55077440629162	121.01271751077185	122.80767063424253
121.48186640104025	121.97460302197	123.85407516508033	126.22132806531734	121.84755316125215	122.00561162985902	123.15178659826137	126.09391181579268	123.57286157543922	124.59491477737214	123.7548019445443	124.41874100015615	122.15091070008464	125.26831556618082	126.82172920763833	124.47625306520044	125.4666902928269	124.3091407771998	124.32973576922893	125.51812815186474	123.85756537084374	126.10019986956203	123.15687789493886	122.71003622916803	125.21245687663425	123.84766128217706	121.61245158037057	122.59043048008354	123.53256450399877	123.90716535266067	125.70930597753075	123.05516853754708	121.69507898091219	124.48303608458738	121.27832946307055	124.32922400670404	124.55534795199057	122.30053721044331	124.44306521804089	124.040876642594	123.53596604912575	125.08062422717609	125.8693116084814	125.32613995554945	124.24966845005527	122.62393675499825	122.28403374115223	124.14265876372626	122.52099806469319	121.45660385232898	122.59317108632824	119.91507313390815	122.29959168268357	125.10332406719002	123.95659197208799	123.53496622913835	124.35363371520461	122.360673394007	125.82373941197731	122.19560836405948	125.68494267877043	123.07372725086064	125.71881981049795	124.92699605496936	121.80932254127856	123.22970451963928	122.80975831882893	124.81799852132511	121.79145580310211	120.79352250363215	122.97104118063788	125.52184672845559	123.79603958147219	123.32187860591642	124.02140822228291	123.5982893851951	121.10489915748774	123.76125756699997	123.20435276438137	124.34888936796997	124.55909959382835	123.46131424250565	123.61408171879297	121.7464716395221	121.7570275374064	123.62682062752279	120.66250855285652	123.12391777307006	122.0369370498545	127.10418570655365	123.72872156745238	122.38093086239284	123.90161213319506	122.51344936492947	124.41630565078518	123.95452701351063	123.9977169382697	124.44964419980579	123.29519319706351	122.06246992048165	126.65778914390805	123.17762430626694	123.54529389004882	124.40298459313638	124.84111006237707	125.95348999115356	121.54149549435174	121.69869648951756	124.00594413414522	124.82994000724055	125.76482323979778	122.45622822202348	124.48560086455016	120.81958950821794	123.45774821078516	124.70458616744867	122.26445056692975	122.60145843529514	125.17246355115013	123.13187027505406	125.91500361872981	122.0857768639697	124.2279606358678	126.3063082389558	126.48815646414862	121.60112680889912	125.87862060485382	125.0234008973687	121.59346842129402	126.12713661102389	125.65864180886163	125.1024748410269	124.18156771357879	124.6523578863243	121.27746179914192	123.79538015761307	122.03503600067704	123.93397733892208	123.90317722868583	124.21362217654281	124.5351826854085	123.82937752324246	123.12110466238597	122.04397937878383	121.95671306295624	123.38485678572428	123.916446724683	124.92741803526651	123.65838872489684	124.05726272730138	124.57903449244083	123.17270922886898	122.70079578235371	124.00180455754239	122.65715611196873	123.31351113501152	124.82209437318362	125.45959256552692	123.66647109282762	120.99246335899453	123.82806439040654	124.283590165833	122.58720277686916	122.33037830026021	125.31212945571352	124.14025842688143	121.79849820447562	123.55574742559679	123.96450699117892	126.86435839984027	125.47376850889245	120.37513219819934	124.89219445516964	123.11800376801196	125.25903804002333	121.99514120556992	121.3071894145471	124.9346016758137	124.31117045741291	122.041387136987	122.7956125420527	125.01404715743126	122.28672802594815	124.53067460956677	124.7131788883285	124.67909985185213	124.40737248643104	122.78597124098256	122.77997327180572	124.79469360935934	124.12692584048789	123.8899296226185	122.8617418053683	122.94475067838779	125.69474672156419	122.25163137706808	123.96934809616857	122.66507677645775	123.64064234737192	120.79075452214661	123.84886380321925	124.98493741911246	124.19285366295803	124.65668345149572	123.16645354262798	123.61083312201677	124.32668387401259	122.2014657177289	122.40432465739414	124.07296342884983	122.66509133654635	126.61908506777759	125.86386264247963	124.29149055484801	124.96853383238145	121.22925847551976	124.11432385834613	123.1285949798492	123.21097522722081	123.44498073449896	122.51223328722556	122.71257302043341	123.26052674644298	125.0664664995998	125.5562082506173	124.0611710325642	125.8328097067388	125.14839258446224	125.87489805030185	124.148920819126	123.20458920501541	125.49343477752863	122.82697418309598	124.3654625394028	123.9168357449454	126.74214168971896	121.9642988856059	121.49127172092449	123.5181151081673	124.24171957144497	123.91424974434665	124.46650629206042	124.80490750827428	123.93635455357976	121.97477345698562	125.54353895182852	125.32305045661512	125.99540143089794	126.22587968823423	125.29465107852099	123.30916641182594	121.70707923812583	123.61836145278407	123.8347352679444	122.0825682535192	123.13459186555322	126.25796061001749	122.90925546609884	125.54430923007631	123.9550688842678	125.12075693569562	124.71926959029668	122.7520296637821	124.85506449140904	121.81325905165427	122.32059368691682	124.64464905452813	121.3908332741651	125.70605778962207	123.58071254056495	123.34799499659287	124.1641235661021	125.42096514882779	123.38688474800595	124.80618406609402	126.18267385176101	121.78269672873407	123.41272141024287	124.8428353992523	123.12898433767342	125.04760166051317	123.10939471464033	124.09172671294117	123.62989953579245	124.4445314667083	123.06213086761917	124.50230614215714	122.00665341053518	122.89817676613687	123.90539015189404	123.31643239840427	122.7888270547426	122.13021563002826	120.86934294876907	120.58248768294187	123.83029976804114	123.38836180635339	122.72180626404234	121.20893329373285	122.93322002084544
121.92761583548847	122.26549163781	124.04078986087815	126.38534791225958	121.97927931688426	122.33190210255054	123.24323700485691	126.3561167218073	123.60229895560327	124.81570658713501	124.0447981828988	124.50308779413047	122.18040693452531	125.33214814786464	127.06636262697481	124.78147908711915	125.56300784631198	124.82768710251246	124.39165447398643	125.66363451546604	123.9346993918563	126.26342324774195	123.2060645005576	122.89366810600671	125.3447823249181	123.90741594681379	121.74749187456867	122.94938533690413	123.86585779240778	124.30360611042205	125.90376775184653	123.33017987911836	121.73801515283368	124.6585835210595	121.44850568351262	124.34268234486066	124.98555711555892	122.33561523880417	124.64842659862575	124.19752096220844	123.93511704297812	125.12519656417686	126.01694606113709	125.67773791253053	124.49708957544635	123.0277564572824	122.61569851995472	124.42428175174393	122.59666249275939	121.8231349204664	122.81375569512774	120.03275018209403	122.64023232633666	125.23394242429657	123.97637016368525	123.74127510413545	124.4930610050877	122.79715134284753	126.0299877192875	122.5627216883021	125.81907809718946	123.17948155590385	125.77849512666864	124.94806139552354	122.06098511832124	123.35698837800719	122.97877581606294	125.15956241522026	122.05902707880743	120.8735291411689	123.16002554224052	125.552223380662	123.8741058708038	123.36533069659232	124.40492359562178	123.81637285367358	121.14367524634336	124.31636843138939	123.33185091721093	124.54941417675465	124.79051893428039	123.66383704857095	123.83893716939866	122.13113578534949	122.00664525213654	123.72854688605106	120.88961189837421	123.30371076820565	122.17129985245498	127.24633985185775	123.87931238822462	122.40150352280727	123.94792352314781	122.73726365654417	124.7048052884245	124.39470443290568	124.28072091914846	124.58268270945152	123.56770899827944	122.30222102461919	126.88973931864605	123.40234663391189	123.60047434304776	124.43974342031626	125.03538404946781	126.1844460611624	121.72643750212667	121.79848835278457	124.08346732338799	124.93612824452815	125.94385663124847	122.84345579527445	124.51143720643562	121.09804505818857	123.49586598475341	124.78104862407821	122.34001092251658	123.02956985420576	125.3261913112566	123.2995237289041	126.12443282907925	122.31882375694681	124.45662902806342	126.61422205336696	126.61118579654199	121.7437655444808	125.9170619869087	125.32008489990437	121.6640044206304	126.31417356117696	125.71810753435884	125.4286939118736	124.30866900311977	125.01850576046668	121.30562133877729	124.20810169431184	122.22921348957574	124.15181107422823	124.23366846994848	124.30808885595265	124.76863318464244	124.02024144385453	123.2837592535684	122.42478747063232	122.02745222320102	123.40220126624855	124.09937769348022	125.11779593063399	123.70154749259054	124.38312515897397	124.7449266417273	123.54460778719748	122.76207029063106	124.33708035204398	122.66855144139409	123.39992028639003	124.87994160610937	125.56415136903854	124.20181703484934	121.12629045405906	123.9920195655086	124.5972151123849	122.86710655691728	122.55053058996724	125.82705963515753	124.42851849488545	122.21212109850245	123.70763014483941	124.34708085122877	127.08791626956078	125.59424097561136	120.51022799716304	125.16037299909654	123.1456472206483	125.37292777940777	122.36407906129308	121.53394829783507	124.99103894047428	124.58416223009242	122.16378488469864	123.08202155668855	125.20197813935503	122.67530430395348	124.93202232584629	124.99576520532457	125.00821844021358	124.54847975632657	122.83318940710573	122.82943181198439	125.27505716911756	124.20307537452754	124.0036991738358	122.89700743606764	123.1772453550251	125.81913502930533	122.54167658680369	124.31846254129353	122.89572805758624	123.9309631670699	120.84594829632724	123.89339295295619	125.0678492453439	124.28883055311701	125.2081368650537	123.52098925070742	123.75283754194545	124.73451312428283	122.44071062039976	122.6247615150708	124.57776338409332	122.97652557573717	126.85496249523112	126.12625792265534	124.63884370738266	124.99639019228665	121.72070397211557	124.22677864359355	123.25789724666505	123.44202634460797	123.76135745241676	122.55027209239991	122.8084519808032	123.4101341593392	125.23227527470611	125.71771061275615	124.39699771842628	126.16978074822194	125.17805567030497	126.139333306903	124.3711245345556	123.43471931603702	125.51326684738665	122.90743739237415	124.47199747803371	123.96583952284597	126.9721883479279	122.09520268152411	121.89743905906984	123.85223988014111	124.37302869103505	124.22099358784281	124.92171491907628	125.1726831576717	123.97358165188226	122.06207341493432	125.9249068379587	125.52609926714678	126.1924020400416	126.41647683534408	125.46010051964105	123.63310534137803	121.78173493311769	123.87436949461001	124.27977402261668	122.351749895182	123.16470853491359	126.33448071133611	122.9203988196779	125.7463699492892	124.10657139458084	125.40454720749943	125.00566430712365	122.97585245358232	125.0021503665906	122.27664556838782	122.72088850271933	124.88499280714353	121.51671496117127	125.86804258426679	123.79347806628935	123.81393541674088	124.2271174910317	125.63448422372598	123.49905557139542	124.93802615223997	126.39735655438864	121.87845968049605	123.6566143574608	125.0156008912653	123.5541785364458	125.2788418368085	123.29198048871392	124.14104155807378	123.64256110942223	124.53510798449592	123.24966738306517	124.5735671344141	122.33331476993179	123.1283010237451	123.97183966113671	123.46625521585246	123.19637481403619	122.58165749103141	120.91862175941303	120.71126604304636	124.3457548833729	123.44366095939563	123.09610710565802	121.59218475836607	123.37783453902003
121.97307745229318	122.35973484515836	124.07107763590552	126.4332616863698	122.03642193082908	122.3793634412076	123.4547331676135	126.46275772666927	123.97308437185241	124.82721198323807	124.16860406392635	124.72960793582932	122.5352739897971	125.60150613388599	127.13613686806657	124.83793612965646	125.88062485820753	124.89473042442519	124.63290725230056	125.84198016324504	124.09786350688216	126.60991263225688	123.37213664837319	123.09365611489888	125.63090625272491	124.16119274458971	121.82642571376907	123.07990760222687	124.01822315209569	124.35523606681024	125.99541725898317	123.41043457171882	122.18482672861647	124.71623349289943	121.54724910014066	124.50423704451184	125.08637742113552	122.56160039709147	124.760896675716	124.53150273672723	124.17285457998591	125.52083255938506	126.3012633194611	125.69677490757435	124.5516822457734	123.06601517692178	122.74215034450131	124.49383055252835	122.83591765100681	121.84646498198751	122.91986190591673	120.28089056148993	122.7775577424109	125.45887596887736	124.11801843342381	123.77984810882451	124.72285434501228	122.90525029821414	126.08380139146708	122.56641854041783	125.84388901767873	123.66423227835777	125.99546041597426	125.09762568061326	122.23624004025488	123.57842056333578	122.98901899829329	125.19380692867543	122.30264860644996	121.22591721326798	123.50323981918692	125.98788815451616	124.06296881967623	123.8283485593578	124.44979139657983	124.0832943963931	121.61286045147178	124.37129263186863	123.39477539636339	124.58595796711349	124.99153357724438	123.79961148161536	123.8695806568735	122.23379032830752	122.42285355679854	123.79524079750605	120.93270020125034	123.46813750301173	122.42060580844348	127.32074344895474	123.91476128652853	122.76238564072965	124.34251204915003	123.02694412100755	124.7572865900187	124.41296753028688	124.34350558253841	124.77886013695796	123.6130363726185	122.35627135481384	126.98954291307483	123.52861202883199	123.76466376130169	124.71198101039812	125.10958110166877	126.29821497245788	121.93065731850423	122.05502202117576	124.3361099358265	125.34909540142331	125.95436950378759	122.96378223199883	124.80493396328714	121.21100696740258	123.65221734388324	125.04995083596172	122.49868712309467	123.21313641325015	125.34313986600445	123.5907293263677	126.17552787377845	122.48479850813843	124.71335759904048	126.79571051552992	126.81532081521821	122.00078409295944	126.04071172015863	125.5279572791049	121.98390318505581	126.41035512762247	126.07171037392693	125.47325753133278	124.55894716127075	125.146397270529	121.78398526625584	124.31678730741109	122.35613836626852	124.30074712035662	124.31583013383266	124.60555058846495	124.9202491752169	124.20628646680235	123.29695093038586	122.48802974505597	122.31823918409098	123.68315052829017	124.29206437320889	125.150466247821	123.99369573570695	124.42721813293957	124.79149171084978	123.5546514239079	122.98387914689893	124.44236689266239	122.94678541987965	123.57211160462556	125.0648518401879	125.88239513502238	124.23900951733737	121.35278580332786	124.18942700111272	124.62512033095588	123.0240402324276	122.6690562451252	125.8999423093043	124.48147059953604	122.28068845982514	123.98414458850533	124.44749107133038	127.16053289005337	125.75977176650031	120.80165139837361	125.27636969303992	123.4444062387483	125.63393813862085	122.45483349843377	121.66224399895958	125.36014191049331	124.65030399521974	122.6121448875895	123.14562192571617	125.37586218105223	122.74509084734771	125.04277542034596	125.04078496772787	125.18609562500296	124.66021983218867	123.05681924995868	123.22121804296378	125.35632213681349	124.38290037733519	124.24604234118857	123.14032066796462	123.3150744583681	125.85273006844987	122.56572587350371	124.38956219655192	123.08950859790241	124.02120613234663	121.17031668157136	124.1867474808775	125.1961667298121	124.34634909130732	125.24371460559667	123.55290095691838	123.8606897273886	124.85145546184503	122.55078281850366	123.00346976234283	124.62452470025534	123.25710904046392	126.8924276466011	126.17511793543694	124.88793673615254	125.46610070643084	121.7943892952746	124.51357001883167	123.48142665174319	123.55751294994673	123.89753426716109	122.82570290730118	123.02808392231583	123.76545262206753	125.2620543236749	125.85784954490141	124.433780831527	126.26996836605942	125.47426095914976	126.49469840724893	124.43540061928576	123.6047377661417	125.91995391059088	123.0922610622704	124.64535439963865	124.40619236917559	127.00451277619555	122.27065754218675	121.95498604295003	123.86068224906646	124.44302914099171	124.46096720102312	124.93979012558644	125.2029381838712	124.08928088767229	122.23856302843217	125.98489310766834	125.62502351535421	126.28984192298114	126.45466808898556	125.59758549603362	123.67040021240572	122.05124727055781	123.95643246833949	124.30419056174024	122.36942802279567	123.40132889220772	126.74129659538397	123.08709029801793	125.95107586024628	124.12252051939176	125.44708529909038	125.11419273919937	123.09286952490605	125.1383971938591	122.33080330920252	122.75488726703631	124.95848698659842	121.80037229742926	126.04208932984425	124.00324011081811	123.87079405375648	124.61644291568919	125.70357895942469	123.62363764045463	124.96894603008495	126.47331017365617	122.07481558242891	123.71865179229432	125.3992561182113	123.61778994506109	125.48146844597386	123.56307838037057	124.4202531085675	123.89020955040746	124.82118962210227	123.5979700084222	124.87242342071202	122.43094745787454	123.16118856782263	124.00646614855914	123.4887305420407	123.32007542765035	122.68214215450692	121.10623390718972	120.84204200200617	124.40620512864989	123.54757335037488	123.23275085225471	121.64300308819449	123.45568780254645
122.20912381919183	122.7229567655306	124.42735715739332	126.5925448143636	122.36064947790972	122.9450497343445	123.69331289449129	126.95410773084966	124.15351077271698	124.95454256114768	124.33265164340023	124.93728450116828	122.75240373449311	126.09630300532402	127.57537391645353	124.91011425063262	126.19451225496199	125.00819712573775	124.79344096212108	126.02752505433307	124.26777967939522	126.72433918325135	123.80491214199964	123.26666957962894	125.81058024933598	124.46993825814313	122.04609794650244	123.30421347127069	124.06150140687842	124.41127543424078	126.56328990183535	123.5889401343457	122.28212387913229	125.06045787764266	121.7961301540983	124.8398584643829	125.35561868042723	122.69872120382021	125.14932587998123	124.78449564276177	124.26243471991279	125.70636665087626	126.72409914398914	125.96272214253835	124.80271080204035	123.35883866929781	123.02698264293385	124.55958259292396	123.1560647081818	121.98268705932803	123.24691723189349	120.5472705043187	122.88827238206801	125.73914371937984	124.87312865783139	123.83043827692359	124.76772573791149	123.0980748350904	126.12231325488008	122.8059359378236	126.15171380972502	124.01212694165993	126.30345174605809	125.3447562763888	122.40816155487032	124.2583011301541	123.56341958853226	125.40113886366537	122.46432677298422	121.87537178647905	123.87283921662447	126.10230425253943	124.29052825601529	124.00731392158937	124.57460151266555	124.24646193044252	121.97146649069163	124.58811761665915	123.6665526803771	124.88202923110761	125.15132615559841	123.98202789717882	124.07958909122581	122.46837644799726	122.5212969596838	123.97733184507668	121.38975303696638	123.68228620479634	122.75253554113756	127.71752835485587	124.26162649120482	123.13779206340445	124.41172914725784	123.09515304725318	125.41030377624205	124.81633450664886	124.44053904452949	125.37945546548532	123.79696779893283	122.7966587012715	127.5495534105874	123.97703486089736	124.06701913373361	124.85987139831192	125.18889428020162	126.40524555797093	122.23106213745541	122.14165513306774	124.80199614099436	125.8196425914144	126.26833827255886	123.32133067978138	125.09381254751958	121.50492845398794	124.2317196638479	125.22635001831894	122.80760245610546	123.26233398886075	125.64491026109228	123.7484439422572	126.35450239713076	122.60090280555637	124.83324735907851	126.88224099314475	126.90516359740613	122.14954700319468	126.58797806978309	125.57375759316996	122.17285911230262	126.5613140342197	126.22570765945358	125.72312770356417	124.92051831688482	125.41251423711992	122.01397255931244	124.52500088195168	122.60682829046259	124.46815034953367	124.67210881708537	124.83027050409437	125.37642157288406	124.45178669285824	123.75360327181546	122.50322356767649	122.40349708297636	123.83841552432229	124.5444949399194	125.17412886737402	124.12758394821299	124.60782829553189	125.42564021993134	123.6654740976882	123.22540036715976	124.84803036528936	123.32176580042356	123.89477713263372	125.0956362029074	126.10113363802155	124.27146609007289	121.43583563756316	124.40673463884312	125.0441313356778	123.13614187272997	122.96160456402788	125.95757736589064	125.06658014166298	122.34049594723844	124.2756371310431	124.61603420147928	127.29893333263067	126.0087956719215	120.85648468624663	125.6069139432368	123.5836123258278	125.9500993587677	122.76954103105199	121.92657484774125	125.6648128094903	124.94658560292176	122.77249870816124	123.31995280483842	125.70920765108184	122.92354030509091	125.41069973429619	125.27565139464684	125.35868040757848	124.9115696774966	123.1494959714723	123.53261061897011	125.62733660024871	124.91671593849509	124.50044108733111	123.35263044831758	123.61567880826065	126.03702802074318	122.74240685284634	124.78182167802623	123.19943209321121	124.10464158698662	121.49660092203388	124.33222257222637	125.47468632882227	124.74798209162061	125.27607845809804	123.65013430958224	124.1226997855564	125.28067732055091	122.81898627889043	123.05630601494333	124.78413415419192	123.64262775245008	126.95378747335224	126.72603437773985	125.08403973009213	125.6702177642103	121.9471927633606	124.70523441811814	123.921171168507	123.65563956009605	123.9931509674015	122.96907247196573	123.36133960036551	123.86330624473885	125.92008046816741	125.90381125075344	124.63743989891356	126.61497086415818	125.61414210226121	126.52508059410096	125.02463956824927	123.7427727193031	125.95620334718036	123.39077865312788	124.86215846489056	124.85654654685428	127.29982980762225	122.32763856983273	122.21713830275975	123.97173097419765	124.70001116798854	124.65590572060925	125.24485972122366	125.27627009508814	124.56724396782417	122.40882962470927	126.00947276249016	125.7365247251587	126.41474956492638	126.74264533277457	125.90824173972706	123.82392441476942	122.31961311222595	124.13237931408925	124.56138036898373	122.64803638407058	123.88500081584135	126.88680272738966	123.40216536558778	126.1231686861086	124.52510116277853	125.55038224583288	125.48031540714116	123.55768858508111	125.34679313127728	122.33487556092818	122.9889393513822	125.2238985401663	122.00645115302545	126.3559215980811	124.26139048040724	123.95173071958962	124.90789309426599	125.92085200199058	123.79900391385053	125.02922297450961	126.48827975532458	122.32295598900595	123.99208162938507	125.41971552808462	123.63981787717023	125.91919202894881	123.92019338135059	124.59661437360501	124.21947585699466	125.21629546054183	123.77966313623993	124.94044620957952	122.7896081070458	123.42621704806068	124.27207684984292	123.78115177554946	123.60855252075274	122.78150087718052	121.25546467488677	121.1632713133536	124.58181844776321	124.11333848338693	123.35575817150132	121.80306132252062	123.59282200281636
122.51515765227553	122.78451677559734	124.4700200902661	126.75704466186023	122.50706759103466	123.12322314243748	123.9196432489258	126.96823704787634	124.71882098885791	125.3828777964788	124.57912546510889	125.08126276073862	122.98412223286357	126.23251545460353	127.700277559612	125.0119614289058	126.303460735245	125.20222522312662	124.9872326646915	126.07424660615771	124.5916669708831	126.94093443266965	124.06954741738433	123.48820013887251	126.10065355879188	124.66415054898451	122.08099344270674	123.42776313866649	124.10071920187487	124.56238746593927	126.64059861400646	124.01050574269748	122.50849146570094	125.3305036395068	121.87790848738544	125.04594288995189	125.4994594965369	122.87453908368025	125.5466437577312	125.09859973887338	124.51335688600712	125.79475250690794	126.89072904205948	125.99844002183696	125.25056979719507	123.64429593141517	123.13550153323291	124.79983890409116	123.3222167169401	122.25473460204901	123.27393411794709	120.7923489123362	123.36509728506124	125.87953671205014	125.06173123566707	124.25899936489894	124.80825360946076	123.42910557369993	126.49230352498094	123.05433513549255	126.34150112487087	124.22125372716826	126.47275086349455	125.61956679426655	122.48547141221819	124.38372725830229	123.75742919239045	125.49312699126958	122.4934743663732	122.13070969958504	123.89562252031507	126.60896637737403	124.50160060094926	124.28698882425212	124.72549235759952	124.25810745335355	122.21913176391787	124.68339650876364	123.84728329962313	124.91411702891439	125.28353991515075	124.23313499003164	124.223690754949	122.66363556139585	122.88676710975851	124.30627829083636	121.48630749758368	123.86461590538626	122.79178037138742	128.10737395317446	124.38366751141578	123.20351475214481	124.60981217798711	123.21261694673206	125.4346299800528	124.83104114499756	124.619957505364	125.39508350557621	124.01171062224753	122.93457460123761	127.71901515107382	124.09715750413791	124.2500706319844	125.36248072777532	125.79386699433242	126.60797602185576	122.53278999550963	122.39922538318487	124.86851639525338	126.15017882553302	126.41432584530517	123.44002484844081	125.20760584878882	121.62292534345762	124.36251891361272	125.38294558196209	123.07056034170915	123.54620964638693	126.01508262015977	123.98731641640161	126.65107815842238	122.71395014654153	124.93987290106917	126.97769346788631	127.10580213193828	122.54199650549508	126.82192755668339	125.7157382507056	122.3879831802999	126.71268581117933	126.84555674739543	125.78958876264002	124.95846153106561	125.60889580984292	122.0952035908025	124.57517988832228	122.86851380788315	124.73346323605497	124.918031310346	125.12388823487481	125.41361736567583	124.4978720969477	123.77699851922567	122.5905775483692	122.51706095537898	124.16067472326309	124.81904724450658	125.89008792931496	124.37615705886714	124.67631803450058	125.62374660282666	124.0801519249234	123.59799674644604	124.9884132245715	123.64660753112474	124.05247491334862	125.85854310608521	126.35414251316958	124.64944651683561	121.65624786093731	124.80353579201834	125.3531106634154	123.32960585756324	123.23544349791923	126.11192578102855	125.1370242951128	122.60004739427976	124.2951678517377	124.71957664926167	127.59566171135815	126.08486115091792	121.09687819059079	125.70045492959389	123.89264891901175	126.33552133968173	122.89766034654191	122.04850516624393	125.90609523868906	125.30080870838016	122.95385711930344	123.5703390311363	125.7257192131227	123.10633772334417	125.4411270801783	125.69600518983431	125.52243512332093	125.0827590565091	123.5337431673743	123.56955684079131	125.65025450506103	125.01810908630134	124.55769918032074	123.4857866304615	123.81157780575896	126.35552236412548	122.81633147314479	124.94028902297708	123.48698353518627	124.40691682758985	122.02401707614793	124.5242634747238	125.75078477406308	124.82973879640589	125.43000104608349	123.76654493360112	124.24654537020741	125.43432585299176	122.9510704935284	123.55229640738911	124.92162591157134	123.69021011789913	127.3311319166165	126.87756971918698	125.27872999429836	126.05065132217905	121.97637046428378	124.88322926762939	124.09622289759727	123.71065059207339	124.32074918554568	123.29214684316177	123.62614336852343	123.86638339052423	126.1813246480491	126.41514441389717	124.7223271515283	126.72354388080542	125.89757995481227	126.86042993004138	125.06714159163842	123.84353261758122	126.25379574202053	124.02998982537628	125.46292406912708	125.17934651627168	127.61544112042851	122.66661737809571	122.30452831721446	124.27896131788954	124.73520894040159	124.86149723270445	125.32459325780323	125.55094435233279	124.74949726791687	122.660851184071	126.15612471049802	125.97788948645193	126.84629414071611	126.87458727864319	126.03024771284578	124.23848550159543	122.57517840398675	124.58165915698372	124.82669626630492	122.65362851972597	124.16180812665522	127.15426385381966	123.62719925327627	126.28841658759073	124.6842354368115	126.10796981045827	125.57465328876154	123.76331558150709	125.74854956662271	123.01403624157233	123.13766499504248	125.27666078140317	122.34787209999918	126.38379219420179	124.38293938190041	124.29916782595558	125.10537884375483	126.12489585809674	124.13523128780542	125.32171101588891	127.00352271705148	122.56867185424876	124.09695239562659	125.53035642606326	123.82277643188614	126.14032770303042	124.14505234544745	125.12405891826921	124.25707911087329	125.54527403544009	123.84963983954172	125.52543190144162	122.83859006250465	123.63542621524033	124.80599927914768	123.94486382223528	123.79017919560299	123.17607103640567	121.74925820642879	121.23861750692953	124.6342694727495	124.24971772262796	123.3768622308066	122.07025379084877	123.93007516900059
122.77829785348987	122.96531101201961	124.77502034504394	127.30357525717898	122.76613252051389	123.16070537288782	124.05891211452132	127.26627304515084	124.84138737653574	125.78308410148941	124.73113714806863	125.14088181843482	123.32303667900352	126.52799024259068	128.00787368906396	125.14238208077317	126.51080012548194	125.42051330191262	125.12546372693232	126.27613812111859	124.62284817574862	127.01390530490632	124.30381683241491	123.88454691360478	126.17702787193879	124.82836322358573	122.60002744917028	123.73180588255666	124.28091892410714	124.98483683166718	126.86331227254246	124.15745319467163	122.63378770416655	125.69562194919364	122.30099094331457	125.15025054714565	125.54980681359365	123.14093641706455	125.57996519135156	125.12384208686281	124.64365035960827	125.90415964995618	127.14929816063658	126.26661552475069	125.32108375457389	123.67676529152814	123.47973589478303	124.96736616459714	123.36849357082902	122.30328189135165	123.55690841729121	120.93018537732047	123.58883965201626	126.20723796323199	125.20598333198883	124.5348853037301	125.43203951682372	123.44100586871119	126.85449207419549	123.14699071010256	126.52094845561612	124.25868082125012	126.84412203072827	126.07463596477143	122.71634385783798	124.47712921116457	123.83907017196803	125.77094515096435	122.73920189833424	122.18316844100659	124.11183411017191	126.728104413487	124.58865643677238	124.33389426632385	125.23098835963198	124.52000876741819	122.26485836812198	124.93380970927703	123.94043289046098	125.46687064944705	125.44833458096325	124.5849082456624	124.42936350671982	122.96080794145904	123.0440839545454	124.36823057983898	121.64090747103177	124.01849754620504	122.97150699629363	128.29372856846294	124.71696544507483	123.44296878530956	124.73565914349773	123.42250332706826	125.68049501473266	125.03581812837443	124.82023181910557	125.64028727994489	124.20541112784784	123.12146296931212	127.97335033102242	124.42663105275014	124.42043543527394	125.55819450399004	125.9226560907874	127.08724405988755	122.8666657661121	122.64108174891622	125.10963903127102	126.17957919948593	126.4490541319001	123.54191102194889	125.30484770878415	122.00927866413488	124.52121590249982	125.53951714286428	123.22829957818018	123.87943280493405	126.18298764216875	124.40457622108208	126.92820968253434	123.05259768161245	125.46279574426129	127.23820544539278	127.19151645055855	122.8293852393955	126.92784562549039	125.99407215546357	122.46598093777104	127.09017962701638	126.86281394214382	126.14787393875761	125.2613963675619	125.7685113456345	122.21376398085938	124.7105181112977	123.16732589817116	124.79632097713878	125.29363975716744	125.26752804433131	125.68350149929202	124.85115425501807	123.96070886167476	123.04960261471585	122.74908190778036	124.24938863591585	124.98695729491669	125.96880358192803	124.44378344234228	124.98793082984986	125.80380602856226	124.17279403885799	123.87329768286624	125.20826728628353	123.74190843795974	124.16600792959736	125.9370284048081	126.38490422283148	124.70987323451845	121.8630485316586	124.88439814670438	125.41238623856584	123.49230663030893	123.5082262584367	126.37717950378394	125.25831088027255	122.7163632314908	124.42854146080705	124.84126475354931	127.83162367863301	126.22894720009488	121.28094586443655	125.80967581486108	123.944718477215	126.37283021558046	123.17028098248599	122.46412868603903	126.17495648764127	125.43417957675149	123.00774956319545	123.80893150650559	126.04398118418548	123.19971017840928	125.68769857479249	125.7751632015257	125.58167497690226	125.36428727094153	123.72541887348035	123.98114500810115	125.99727593736546	125.10117188573011	124.75739181768016	123.62722028226796	124.28985749688582	126.4931979641807	122.97305365166851	125.0076212984409	123.6653443651597	124.46485588186034	122.039918842306	124.7063426832033	125.91379209608436	124.8970801454789	125.66808195093614	124.3462217677019	124.36019429224875	125.54006279060236	123.2677035152897	123.73233422718882	125.23469354545836	123.88777632749542	127.58334552512261	127.11557015450374	125.41559567763012	126.17022543918259	122.10606844410492	125.13274375063943	124.16330130473183	124.05525099716448	124.42354074437543	123.34122471941866	123.72948543818254	124.06434733643218	126.22586816414046	126.69609610867452	124.95892705972236	126.95822850682153	126.23364211573032	127.06887875637324	125.25664330351275	124.16018047663977	126.3063627426996	124.04821043757356	125.58878322982046	125.2052391440925	127.66904560545325	122.98796424314023	122.55179001836369	124.31357295516018	125.0343240310998	124.99319318608357	125.58023120857447	125.97071386230209	125.03256564813718	123.09407051477487	126.40416699677328	126.07176470054893	127.00928763238367	127.15808542198529	126.11328115608939	124.56098647946502	122.64361801032112	124.6371146690634	125.06425418219544	123.073901049319	124.20311362595308	127.2073780737706	123.90076052909416	126.46122723625585	125.14466214941437	126.23266312402293	125.79190197523619	123.84507358253522	126.10533960422313	123.11580594346853	123.35526860107834	125.67032725102723	122.39464609103125	126.76416290645723	124.73702135431583	124.49961416912498	125.28846024625118	126.20436644731397	124.14589809521402	125.67654787146681	127.15863584402844	122.80345074540531	124.39972406358811	125.77133392326661	123.94712700114665	126.17160357577305	124.41090168010689	125.15792901854643	124.52705783828046	125.59803838211876	124.04471700876016	125.65341762461806	123.11415355496987	123.9184683158053	125.00014640411459	124.34590658130537	123.804987426701	123.46165404156545	121.88596957521906	121.55919624411776	124.86184228856348	124.62633609973973	123.6531099313526	122.43720342820555	124.2626245756704
122.82784454725684	123.03171347888652	125.11173225150523	127.34548270627874	123.20504368669906	123.61849154973795	124.21651339599624	127.3683173065421	124.87499647744843	125.84302213715614	125.1622174812512	125.64311415103856	123.39488826132086	126.56702972167878	128.05421076505513	125.94223344269146	126.52625209608298	125.74883337114038	125.36992421610799	126.84280201886003	125.02415333805314	127.24009918950416	124.36896322573799	123.90413629644087	126.34499530572127	124.87845098777252	122.68769415491626	124.11423469136878	124.69244524632457	125.22008870172068	126.86865448372465	124.42796046173426	122.9059473249607	125.77816966339682	122.38458192009085	125.5133716474916	126.26449650616235	123.35021006102664	125.88385668289304	125.3295129080676	125.3363520924042	126.09026569795927	127.23810622583217	126.52750317935785	125.59333594122948	124.27614459092923	123.84928333360133	125.47200976045444	123.5783747302257	122.85266642910277	123.79397175374157	121.11079027956403	123.66530624152554	126.32835794462542	125.26265101962149	124.7853042368939	125.57329438930151	124.09777237736645	126.95954292671	123.63566066781165	126.88822486967717	124.405166317692	126.91325572613682	126.13386398796862	123.05757986528715	124.67718197773698	123.96851873916752	125.87038471019494	123.08780021005474	122.261818675217	124.3319056979435	126.75130505406155	125.03748389349326	124.47651874786634	125.33452993607149	124.68104232624079	122.53703578787427	125.24743957541838	124.59958510717175	125.54696369510606	125.87114589848649	124.68808283358526	124.72867521805459	123.29554042646454	123.13592379173302	124.7211614857441	121.68476926309526	124.12130758425987	123.2457501252883	128.31857432661195	124.93426467721196	123.54645165741006	125.08484459736927	123.59539295769363	125.81856930157919	125.48119804644918	125.13787280936157	125.70353965855082	124.3039520859306	123.21192028968058	128.04063477955575	124.44385064231612	124.74654854226797	125.6572380836503	126.09598339850656	127.2101050371233	122.91242564105654	123.03720638697271	125.36021444570781	126.24956937365415	127.11702394810969	124.09801857898138	125.43931508193845	122.18527356111268	124.68230230933665	125.77987368012968	123.4190517145566	124.1165204481926	126.27762572976954	124.45198326953417	127.09684402014938	123.28121801646543	125.48390178135672	127.4427629840496	127.60599830338529	122.94046109255414	127.05746527940707	126.25007925583103	122.70572466959177	127.31183478941662	126.93657756202794	126.25547498419193	125.35051727416999	125.9917865911465	122.36082059954164	125.32250197307276	123.26031712999702	125.00336927986652	125.33997815790403	125.3778599772328	125.75798533314124	124.93787555158144	124.32438999116121	123.45939963463395	122.96278005891705	124.38365349216409	125.01344872559724	126.08761937562096	124.67477758740931	125.28374045151863	125.97225083596423	124.44050041224764	124.04266083464248	125.64903265213917	123.82061586450413	124.53465082491469	126.0382903000014	126.69832269472673	125.20405304567473	122.33431043028156	124.9036015156263	125.56932125637177	123.73899727712973	123.80816158406235	126.46260715671674	125.53729175488323	123.24105513123101	124.61210226932911	125.41771197107997	128.07748092368877	126.51784630446208	121.6864275229289	126.035802647049	124.33756736981879	126.49292484512492	123.43135825174616	122.80989463201736	126.32976917311612	125.50350359621561	123.20589306951568	124.02264556883433	126.30482278187107	123.79304474499027	126.08002589640178	125.82879032651576	126.09752549969235	125.62220820803013	123.8814270368659	124.01279550266626	126.40127529621874	125.36287965377083	125.0119950631515	123.89191281361006	124.34256111439916	127.01094001796835	123.81714670809444	125.46701902358765	123.96318840760588	124.82904791692603	122.1621652218374	125.18293589733052	126.07079798924747	125.38892357211797	125.71223591878628	124.40401226373095	124.7964779907203	125.60323079758622	123.72698936496697	123.84759249527869	125.4306208217796	123.97663192842276	127.74286687324361	127.28809845189832	125.55376129012136	126.30869732656335	122.9007600390567	125.45805832571622	124.31182345260963	124.46898046093544	124.87521563964563	123.56151948540196	123.93645538812223	124.35663301123076	126.36677365173061	126.77498877212608	125.17812751825754	127.18559276453252	126.3680279864147	127.2582351335913	125.3644856334546	124.46139218580204	126.54103008559022	124.14780928029471	125.6360349559607	125.36403780613561	127.80109938832403	123.18479956611162	123.00768229231855	124.75179540583487	125.45092396909602	125.40633609555573	126.0240565753586	126.01701184224368	125.04223308299261	123.42776131680016	126.6114436751763	126.54042370977429	127.23175506101006	127.50162944960513	126.44548321524115	124.82088019147172	122.68320153193265	125.0900142687362	125.23335451507648	123.65939646353783	124.28469028689342	127.35448545890972	124.02772244978637	126.78956075906989	125.30911968850216	126.39517810570455	126.11844810254135	124.1954708083442	126.20911160489761	123.13400514008129	123.84197820741758	125.8128847130707	122.59574372560908	126.89303929791383	125.03471682582388	124.83689389809444	125.35468885129477	126.69429539280443	125.00836606963335	126.10083325359518	127.38516633196232	123.00197429768946	124.53658839946627	125.82998183782507	124.44423131585484	126.28316931115464	124.44970351300398	125.20510747938222	124.67734579797389	125.65586490107655	124.21590595702104	125.80518017533075	123.50354611520602	124.05132344974504	125.22565836658487	124.41397904474665	124.30127056783685	123.54441820272348	122.08872305117224	122.03757929369921	125.15282958937337	124.65705225201657	123.84400880047369	122.72862788250727	124.46542491812107
123.18149402006674	123.61614249879499	125.25232441872244	127.47193580153576	123.23386167114575	123.63028151862216	124.24000467196677	127.63934769975481	124.9142381775486	125.95067669965981	125.2004374108867	125.72061247675383	123.55160743034082	126.64669422162575	128.1013668095977	125.96494825281907	126.91674918243159	125.91155190277172	125.45134501918358	126.96562282813456	125.07358377317715	127.5792966650316	124.60260732495242	124.43866711731489	126.42362530607174	125.20181980569632	122.94746845924759	124.14668206089718	125.01121816364954	125.34898207864968	127.30098291532532	124.52551631565875	123.19761765185626	125.90721273220977	122.76547040501993	125.6977121676874	126.30848365322461	123.57710639538907	125.89928881082764	125.44703119868642	125.35361616225065	126.21123277299604	127.35780869463566	127.04114677803236	125.60716443787983	124.36158758789357	123.8869077179216	125.80324709167868	123.93504394473106	122.90411069133948	123.89550190372215	121.24891957050063	123.93555750558525	126.52014204654148	125.29597415830335	124.87049669731631	125.7067249703891	124.10110089543977	127.1421692962653	124.03328838593023	126.97686304314642	124.6759046302289	127.10059209642483	126.31918325905897	123.44704379938874	124.83140251588863	124.3956589981691	126.1235154616117	123.24014354837462	122.37744757449538	124.47222650051313	126.8852257740095	125.13444214699126	124.59530820684506	125.40865978158031	124.95930613286235	122.5859606162622	125.45796390932277	124.64908080827976	125.71099093045066	126.27423868815475	125.00281676261291	124.96980121130277	123.31569946194865	123.19665329884477	124.8085532939833	122.1376019564769	124.2677729766679	123.26580899861212	128.41732172240486	124.98929315737959	123.99977965521305	125.11591909333758	123.81663870799373	125.83042076277012	125.66398918698049	125.25549742981255	125.81754030623742	124.68869582910239	123.5870870825882	128.2012348125563	124.61872864573759	124.75186023652843	125.6805334326551	126.30761607729649	127.3575105687056	123.01294841130382	123.14640971306358	125.38646433441941	126.33148537594325	127.16217604075854	124.30260143396761	125.87145193468231	122.2709424762856	124.90109237939035	125.86959612430954	123.49081170055034	124.21685979301039	126.59703607978977	124.57009684120496	127.33921749803355	123.36356571582229	125.769752346837	127.82522404897276	127.70947176015972	123.0046203823574	127.26234387967901	126.49651327285024	122.96860116048863	127.48180742749429	127.04776199659673	126.30740393980045	125.56707420517617	126.53841348972618	122.55363734516091	125.36889302757005	123.70533483682124	125.47111641501286	125.44000724387763	125.6200625881652	125.86070497462042	125.11191240576713	124.5699046726146	123.71918779319306	123.0705628231176	124.67150328081773	125.3683367320198	126.33570890379275	124.93952200366198	125.37381388175653	126.02558148405299	124.86487176573675	124.0971042036191	125.6616917007757	124.19506281729699	124.67511215406726	126.04659015578208	126.7269809186337	125.56710833786903	122.37008083253872	125.37052556113437	125.8549315419244	123.89017719859973	123.82436868524218	126.83903731484075	125.82098784127746	123.3323397543848	124.82196756358208	125.481076169282	128.22952835428157	126.8923353653437	121.87178177248596	126.55090456071139	124.43841973472554	126.79125737121463	123.45089625636238	123.07290252952458	126.39493562418578	126.30785701661776	123.35069154162561	124.12418820154484	126.32462242042686	123.89971319544074	126.18370916356487	126.65146513330265	126.25669524666012	125.86942746013457	123.97909631665428	124.29439119508427	126.56088657533174	125.68482044554082	125.35489693071732	124.15243608621232	124.48402123907917	127.23668586888981	123.87060904081974	125.58237202758181	124.08593755981813	125.07407865158419	122.25326699934168	125.2024777914827	126.25127449399993	125.65126684852775	126.23144129568077	124.55726053610515	124.94640779532959	126.16064577864655	123.78260742541282	123.95499364616761	125.44414090244899	124.44860292899929	127.96572906428779	127.3879247317316	126.31472196203694	126.37882016202687	122.91757998644123	125.51853107450123	124.61191571501902	124.64789309112399	124.94236915270358	123.83548528029382	124.0150438252156	124.5960338681756	126.43249954982764	126.876327185827	125.21371351684894	127.24761135080198	126.62356292970156	127.33867146992597	125.78539485679889	124.58189087901859	126.57074410049329	124.1570930995085	125.78609810701155	125.47776932653082	128.17671407632827	123.21664173526537	123.13424652795153	124.96611961371262	125.48304636170778	125.47567528750858	126.17068226769435	126.15903936481226	125.24052509647947	123.4675819116915	127.11290130208337	126.58605796308683	127.52594979734853	127.56591075412985	126.57547444928431	124.97023517883812	122.9405409433386	125.13877470516378	125.58088442668522	123.83206065399055	124.4686563601901	127.46561284505846	124.0622189428518	126.9468002363139	125.43726785761123	126.58379419429528	126.33779348157657	124.30351652674163	126.25590909762623	123.53161014855787	124.01467378840478	126.11153974932284	122.87160638175806	126.9737832972866	125.11757924659643	124.98021104477516	125.51341321845962	126.77718241702937	125.0177508127442	126.14601535297201	127.69595247917027	123.19479108902972	124.89144011936085	126.25240091154708	124.64132265648965	126.70632910050116	124.65143580442886	125.26245431551648	124.77697863401148	126.01248077384537	124.27931144781607	125.82398652821196	123.56464572107765	124.33741448088938	125.36217414424544	124.54120453226527	124.46873480859522	123.74702196321692	122.2043172837051	122.22077006800185	125.51753023820112	124.74674500230368	124.16219335765688	122.94132827897566	124.75618965450379
123.59612484335312	123.7062786918986	125.4237943960706	127.60486435973262	123.9782950598632	123.89561916991222	124.50051407133999	127.78887965899806	125.18760021399753	125.9583794285881	125.41965762337337	126.06128013795248	123.7375792023959	126.83265183921222	128.34061784166562	126.36616733084513	127.41369336069457	125.98610396291846	126.32888789379415	127.53526243015536	125.63525281965451	127.86046213825284	125.01395300273397	124.49747546948596	127.08636837852227	125.82962621145205	123.03584460612096	124.27093188038205	125.37247887372676	125.76871665297375	127.45038421316431	124.83761540146972	123.7693991834614	126.29825096151262	122.82461657291418	125.97614756131341	126.3897442085335	124.29558909587138	126.1918146421664	126.03621244449198	125.43077683726614	127.10040737798712	127.66115107731908	127.09817004186762	125.84108957393732	124.54890065443283	124.00944128790894	125.98159160255005	124.19277907228759	122.93041818357653	124.37955609233279	121.7851030545106	124.36804477990967	127.21386836674807	125.76843006282125	125.08101724509451	125.88319501771517	124.15488559577682	127.2428851461587	124.08789030133148	127.32958782830627	124.87368367688916	127.69658450783785	126.5261437968813	123.613021867611	125.05463568865514	124.62171356813312	126.65461503055857	123.84279772717346	122.61639656240354	124.74367257474867	127.22892504353045	125.30151895285027	125.04793176537358	125.81374396472184	125.1569156041663	122.81489236854542	125.625383245376	124.78564820218617	125.8199838146794	126.45814799416506	125.18176771817365	125.12866528934096	123.5332040320946	123.58206016454491	125.42237604156885	122.3825826992381	124.81999663166003	124.04117663907644	128.4853933225227	125.6049698723367	124.25006705497914	125.62782343134427	124.30578102925301	126.21223432695857	125.72896645890306	125.34567869678303	126.02821895412627	124.91197184748894	123.7868198262226	128.239370138309	125.15367620898503	125.28895256627534	126.01701124140182	126.41346111096948	127.41741144300481	123.21394306631078	123.38234961202357	125.59780428501236	126.64133985322255	127.4404623416859	124.37199711617548	126.23456825941965	122.43300037678688	125.2988046033303	126.59506411196031	123.99284542028195	124.92574978104231	126.91693969957066	124.84900207519576	127.47221491761071	123.7104198914543	126.04417436920353	127.87353416623198	127.93156677230114	123.16237391945776	127.65369447001005	126.86794160246185	123.28123753672348	127.5562514159424	127.26999767936474	126.66644789541712	125.92224615203934	126.62856721552025	123.24199605456064	125.47252672556584	123.9448458769805	125.67961881405952	125.63715352151794	125.91282918424196	126.09154288271074	125.55175909935623	124.66941079155839	123.85292135498388	123.85890200895807	125.35078035315458	125.5965908583679	126.37240816318152	125.52382619294002	125.43928808660802	126.33515691468666	125.06882509136709	124.36942820369909	125.78986866157575	124.63191120577224	125.24346599559821	126.23089644136502	127.46714396716992	125.68929783034885	122.64585764854415	125.7286999856408	126.26233872001357	124.29475844714965	124.06894536257644	127.02229539718807	125.97930473357377	123.50588529877257	125.55749737607607	125.6849143303463	128.24973249450153	127.40344205382453	122.11409314885992	126.87507733178894	124.60641029753188	127.01484269023508	123.66598791053505	123.3758765330808	126.68193934499993	126.3274597351651	124.01747414781521	124.7751919994904	126.42266796071287	123.92271319495919	126.47319905971561	126.6834894928486	126.47186479256483	126.10516502122074	124.84061502339648	124.5177555526964	126.59963888614193	125.84647184919967	125.68981361168343	124.64940963238409	124.65658362381414	127.3039749005867	124.17475191901433	125.85059167721136	124.17425646501391	125.1730270349195	122.46978274974472	125.50925428050101	126.70865809730846	126.01391541976534	126.41963293567804	124.75384004464193	125.23911276707248	126.45536170483672	123.96826805946205	124.14591366786362	125.73825890300395	124.84134222501343	128.0838425178573	127.67927862251565	126.37090136166579	126.76379750243866	123.2734873291197	125.73160025590536	124.84790436326034	124.94063906947035	125.1073078288731	124.03334781388992	124.39993336598752	124.97310679313983	126.62436502184369	127.12347268888158	125.42752043479695	127.73537128994161	126.83943366098885	127.46268665213547	125.92018124406194	124.73090577706243	127.02019579161897	124.25892681407323	126.00384415124958	125.70350920782528	128.60071401944103	123.3796111960225	123.26893023152078	125.11308980489137	125.5784767888819	125.75770248489287	126.2561639564575	126.49677697281628	125.67686792631137	123.71309643616158	127.22174274011772	126.93256557285918	127.59344192222203	127.83912138556737	127.23524147873421	125.45874606137968	123.44200134972256	125.48086846218722	125.78737040080725	124.13704624211897	124.77862492652386	127.71479569875942	124.52449768891007	127.42194310105705	125.66921646707081	126.74611159929125	126.44838459933355	124.5088119298839	126.41379555890886	123.94821278189897	124.08325173576945	126.13003551070449	123.11053075404377	127.12442302179463	125.21154509521008	125.30929028822621	126.08829195730083	126.94366773167356	125.29388762424153	126.62161808029454	127.74744016697943	123.42240935668913	125.13311257170314	126.62304189091215	124.84868890019654	126.93995431973728	124.8574336596271	125.94097210583283	125.53945372015376	126.37272705254881	124.95978376021701	126.01687236967658	123.73083021024969	124.45887285140766	125.45001780720729	124.81401528278104	124.62138729460612	124.33656928064131	122.48169845766711	122.57579714740764	125.55017768081521	125.07349221036635	124.45457097043067	122.98100741967589	124.81184619773467
123.79818003910876	124.37126215261706	126.09327966209925	128.2852533958494	124.06920326748016	123.92696874921434	125.82465956098717	128.23219901294206	125.49538402841937	126.85248305443186	125.78484398027257	126.44759973009823	124.13996540292196	127.27536397544455	128.98810814333592	126.49588974745498	127.52316349028936	126.38102519604242	126.65121309484967	127.99172147728474	125.91091079967984	128.06656587776314	125.10851297539115	124.64343969454862	127.34126650198728	125.91959507167259	123.6174193943847	124.57879562233862	126.02649366897758	125.9935569978409	127.6151915111335	125.10078236115001	123.85210933006944	126.57811504219738	123.27639970173682	126.30975058800198	126.539247996403	124.43563285319759	126.31994494579303	126.20401613861699	125.57351316364436	127.18515232373186	127.86827546964614	127.66912081935396	126.35020826480637	124.58354128150862	124.23589584553594	126.32217175975215	124.71073942928992	123.8622720576537	124.77857849703759	122.05956009873428	124.46015887737363	127.28028381200447	125.85399592356687	125.70582841133175	126.59024935786238	124.28218884064515	128.02483538809125	124.34508495636892	127.51128754737272	124.9931381268176	127.85598420787686	127.00635370681142	124.26398815732695	125.09223561169242	124.93238237502848	126.97539472692465	124.26155241820182	122.76509689722464	125.17158541429168	127.4834239942065	125.83326103821211	125.38093238774816	126.04616478631816	125.7786376864964	123.09411395905781	125.97018579880583	125.22810679351318	126.54923367680303	126.7414253210468	125.40135693143878	125.67529583248673	123.66743476301724	123.89395461982213	126.1165731463213	123.03543621244958	125.4872963105877	124.30902532825968	129.3880948364081	125.98065610156762	124.77909200209537	125.80570776773	125.03921440538868	126.51190419036855	125.77372220032056	126.4012024355457	126.43632903555589	125.8629150300346	123.89306581341135	129.15636846010338	125.351213078589	125.49860480666672	126.46793345828404	127.05174363940468	128.00931326358395	123.47882934135293	123.75981985543383	126.07321316510372	126.84029403463373	127.86680386005537	124.43552835261231	126.92891562362615	122.75176521486254	125.46111354294152	126.81319171158032	124.21661627185988	125.12759209879168	127.4033698808842	125.04735954318772	128.29116336183856	124.24302126685711	126.7736478272164	128.3787207003165	129.17599221007256	123.70186263573162	127.88191673989613	127.00517699395859	123.62682523052625	128.1341974744214	127.674337450167	127.27766711359341	126.48377915092482	126.76184325106995	123.49460764192284	125.82711629086229	124.06928748432391	126.08652301094592	125.95147259863691	126.2272998406249	126.61011874846402	126.07632943090962	125.32209845424254	124.08375199077551	124.45642096721085	125.76047331327926	126.14909654257941	127.23518519358844	125.72044335495224	126.23274204657132	126.57176242772465	125.2713326973393	124.73195827732265	125.88157166163028	124.69116156533286	125.48806772412026	126.84156148701645	127.68959795848251	125.7847517856552	123.03270510270113	126.1843204582313	126.37403611368214	125.04576104783602	124.62092092735196	127.48395542773729	126.0522246253815	124.00050244392364	125.78496898114705	126.12210388053126	129.14179837592806	127.60293266532734	122.39404868770862	127.15385372057426	125.1179291639913	127.2785579388641	123.93128912176864	123.67302298256755	126.93905870710772	126.42125418228332	124.47935235387192	124.91185280043402	127.07039211526319	124.39529892117793	126.67786392683482	127.09055021635965	126.62676813027424	126.64105342217492	125.03350460485191	125.0464938955351	126.6361272030733	126.47538295033013	126.06292958128674	125.01092829905895	124.97833818420577	127.90127053421055	124.49739191661699	126.10555869946359	124.98995865807422	125.88898283805969	122.81170478701888	125.9022944749869	127.28200838109544	126.24108443874755	126.9059971176842	125.25627818197141	125.85422584292142	126.61245741641494	124.131994562743	124.42757793181026	126.17740756655228	124.86645395506775	129.0645757390388	127.76394074102099	126.7328439111445	126.92867684827662	123.61571363486478	126.10142192558337	125.41498550875643	125.60880035902909	125.44593669968974	124.624097048474	124.76411112216546	125.78237330179942	127.23025154569616	127.96653267716316	126.4335723446499	128.10126872028346	127.16775715469343	127.98817926716745	125.99832455289656	125.02325659135074	127.88004661925186	124.80295839016337	126.32156272813805	125.89958880449542	129.1469459200591	124.00350740246904	123.31480079628982	125.93094874908863	126.39676250087595	125.8987144022909	126.29675218347957	127.18594903537341	125.86088928863975	123.85257162609243	127.75122385338506	127.87608297224928	128.57953979202009	128.06678798614752	127.57141545291285	125.5101826369922	123.86756056592083	125.64131070575542	125.95676314561364	124.41017984630042	124.94698256412424	128.58498764014425	124.78502494765486	127.74304830494846	125.75906429810304	127.76289388000147	126.77680442808841	124.84602086227858	126.80531667253695	124.27150312876675	124.21785875847074	126.85284699926945	123.56732547302124	127.80131540099731	125.46212962161088	125.63736867501723	126.29457105468985	127.77676171135946	125.66816757127204	127.09250600734421	128.75040830472082	123.6918434705945	125.56841745632961	126.91110156697795	125.3197860455142	127.31601071957591	125.04600239892648	126.0720794049225	125.8970129868751	126.46355611184826	125.44867219745744	126.43710706848489	124.02315046916318	125.31797360711478	125.81744946691319	125.52255598693273	124.76859444406116	124.54096562795596	123.02763190071825	122.72588869403157	125.78323347123579	125.23718111501564	125.22896730545389	123.1596700968305	125.06837136873953
124.17124831333044	124.78329163197417	126.38774065794786	128.54628053657768	124.3168535973833	124.35402259850983	125.83954378175547	128.37174533090717	125.66618780635928	126.96336108473142	126.03670615277223	127.0559458640866	124.203342914906	127.38140960127642	129.22546168671244	126.91220453375146	127.76933589926065	127.16386953492284	126.6893930046934	128.2650679296052	126.03254561985575	128.2767752805923	125.17605470280137	125.28725859461345	127.82540639622843	126.10313748998512	123.82435085135761	124.91983149810845	126.78031087725395	126.23890339692618	127.7271493981298	125.51806891423007	124.14400671069701	126.91528560678569	123.4852114770876	127.03634284622261	127.26604222254703	124.85790195642998	126.7302607472078	126.75374829324328	126.1966628154608	127.4926240871939	128.0792095628443	127.90961529384722	126.53994401539872	125.37689344578132	124.59856114367362	126.49149643458114	124.92374334022873	124.42982707148691	125.1429708193976	122.11631558585982	125.22393829834706	128.05596645482817	125.95165746888446	126.07291586169511	126.87212321917745	124.85965319029393	128.0949387910794	125.0134335330769	127.80675031307234	126.39849904836815	128.76190541412365	127.16337620199084	124.47162065430604	125.4149513205383	125.02972026991183	127.68574921219701	124.40768109778277	122.89020329275442	126.24016575904032	127.55155495909783	126.07671714960745	125.71747829101955	126.2184197583042	126.010735013955	123.22255516016087	126.66888437656509	125.68470940155882	126.99104368528681	127.5198758106122	125.72557214988146	126.35560415223098	124.07170813083131	124.06883144562921	126.35852230753538	123.14158787141366	125.95635080321733	124.60041247762744	129.40098592825734	126.08968288299097	125.15083679770298	126.32500536992413	125.22729046395047	126.7911482159479	126.67469937424146	126.66351072347874	126.78983331643555	126.51806598084502	124.24786594220403	129.35520647719477	125.60987165190248	125.52737037568215	126.63598384757466	127.29445684643245	128.2200064381753	123.6375586595575	123.90196145317289	126.79227742616565	126.95029548042743	128.04906583794582	125.06561378251264	127.01513381306766	123.218624903082	125.57717816505314	127.3186802214053	124.28609444503435	125.33861845100995	127.52926438942289	125.56333718928656	128.39502228981013	124.5924679394302	127.09072510211092	128.66485230743893	129.27825942828085	123.8489453293225	127.98369443375975	127.4799387476774	123.92889939542611	128.43574057071706	127.7823429601504	127.65323981213464	126.89429775482621	127.75363690728736	123.70145323062884	126.57935966852762	124.50991827901468	126.68129487625771	126.27783335142499	126.38489165658227	127.05466986785058	126.26525996828806	125.64156920121934	124.38137999892422	124.48159367117	126.21942671608676	126.80336169179327	127.35902812452726	126.13122496798175	126.78059779865126	126.71750870881513	125.86245155799871	125.1189443509758	126.37010405083771	124.76458318794151	125.81909620943382	127.0721063855357	128.00624774069487	126.86803553292302	123.11264464749345	126.51318135874362	127.2520612473468	125.46562320409313	124.88076520424802	128.08521176457683	126.42688206293606	124.59191978906588	125.95052660598911	126.54987746296977	129.2078846811374	127.63195329978092	122.64047049156478	127.4855907893927	125.27368175775916	127.97676827951311	124.56333486007891	123.94796489043001	127.10396330945156	126.8969563780629	124.56244363479172	125.4858536237244	127.43527564543976	125.09691142344695	126.99225834232834	127.19064835626907	127.25672724701889	126.76529470602611	125.12973635031933	125.65896758253366	127.54869317432743	127.13500427056596	126.19621607454692	125.19008676437765	125.16509109200058	128.27297198172724	124.54766525327028	126.4536063203453	125.31209232798881	126.28840602159246	122.93514627091093	126.79772761557665	127.38444764313847	127.32129288453329	127.62121355435151	125.37694242525549	126.01164222146667	126.92416749178349	124.67343598529577	124.71910664222244	126.87614458361845	124.95875471342615	129.08526270328238	127.99194649214118	126.7931642492297	127.01228714548678	123.95337722788796	126.4940279681075	126.27076883338667	126.1608173006556	125.95365981270112	124.65982721906524	124.95316051557118	125.88697370066919	127.32017067339177	128.08069967765496	126.9565448110948	128.38234497057036	127.9593948157441	128.39956814628422	126.28990452344145	125.79380169134754	127.93089363109156	124.98824467980796	126.52774279627637	125.96718537952121	129.20615939062864	124.23114357731289	124.24562588611951	126.60251349037027	126.6146329830813	126.29469431565117	127.2131320943277	127.38059380124899	125.92866168767144	124.37934256374767	127.94560803398954	127.9805824398685	128.66203957861939	128.45106840819926	127.64300245772365	126.50379747593281	123.96415146515456	126.61230849545561	126.7862132241705	124.61005207520667	125.81302392736201	128.68499023188858	125.27873135865124	128.01366199075525	126.00796080601783	127.86444947232602	127.101344620849	125.09120248910763	126.93226235928618	124.34456396032643	125.04100109956975	127.24466241690334	123.89117357957917	128.12109035937084	125.81123626567775	125.7448778736521	126.51459536153217	127.9035199726626	126.0129996750553	127.55049075982554	128.82697606021392	123.98577283810015	126.08515217683738	127.1231836926924	126.10408542457625	127.3952546686318	125.45750348226782	126.37008103744756	125.98757345437423	127.59031143314566	125.74838831830533	126.76427606661218	124.39057331894423	125.33431359592137	125.98460659325423	125.69130798026895	125.23582013162307	124.8643211793451	123.18366819079858	123.14285574738663	126.78964423862796	125.37853415706978	125.71578179805421	123.72131264608022	126.05693712338258
124.82415704007785	125.18024532589098	127.04259109842405	128.65386112717022	124.84259749323932	124.45858218884707	126.47615388694919	128.57528951537606	126.05967463850779	127.20609608798006	126.47127221809144	127.41996326832846	124.47913140019661	127.55234604255749	129.66603286862286	127.591264698461	128.81932305441555	127.24703435630303	127.26028830434437	129.39872771412655	126.80544172264797	128.9561979942031	126.0611758734838	125.49274054385096	128.51238376288617	127.0344029994463	124.14995862023585	125.68054864598224	127.06144942956307	126.78693680311936	128.46466111109586	125.84830565339547	124.84268026471602	127.413783944525	123.92894116327605	127.46409331286524	127.39484500876108	125.39477187175707	126.8843179980219	127.68686776239043	126.56045940768024	128.0230863207157	128.39077013353653	128.80839326243452	126.93643656268	125.66599055743386	124.92209938366415	127.3347668280687	125.25789579536003	124.55915620232456	125.34709304561902	122.55588845353535	125.52468756389716	129.01936846383404	126.09841815126961	126.29408602524917	127.4535457093335	125.17854737777226	128.36705055135158	125.14266989038008	128.4501858895529	127.13427890598805	129.527054705244	127.25894998347908	124.81762204302991	125.53067030965066	125.85726577678547	127.86706481525533	124.618199587948	123.12265488603099	126.90983046049985	127.99296203221665	126.57610351477139	125.98315439061979	127.54328830766514	126.50822666513554	123.67661816311873	126.813574381102	125.8085815575171	127.36878074981519	128.30374357172406	126.06518477752205	126.47681119969755	124.4573136977335	124.61906476779225	126.76270722737719	123.75262471186885	126.16175630568962	125.28403390511666	129.57495721375093	126.79946245204145	125.72075509099615	126.71914474336877	125.40787428540298	127.28869682794551	127.10400072508017	127.08637628460524	126.93990757286946	126.60774849265923	124.98503193229536	129.83830420328766	126.25613676562591	126.23546730435056	126.81588204690745	127.60801689431034	128.3300475786672	124.04969403190618	124.02731329493557	127.7304199305591	127.27618532920025	128.37594741282683	125.31495524992582	127.37505010511788	123.36531054534876	125.68378219794873	128.01547292962874	124.92989752415856	126.03520006161567	128.11489764566156	125.89289880793008	128.72206517714432	124.69065147259599	127.92491444531308	129.22281294223507	129.56912530328125	124.18053677878599	128.09927235182127	127.83594187245092	124.30575758528119	128.75799717410112	128.08411130984516	128.18333680634515	127.58524843071895	128.42356435921113	124.26379418648888	127.44077136500343	124.78584296053971	127.43605142269085	126.63553444484022	126.85724604118799	127.26249399966265	126.57154561966647	126.17867676470203	124.60674057058466	124.85536699573376	126.62185955895275	127.79611799846984	127.52466346355284	126.52488139182681	126.86558416928428	126.85800790777735	126.39600917811133	125.33888979402802	126.52954491085168	125.06790013553646	126.04730628749502	127.21999840336808	129.1674616510559	127.44599494418357	123.34728602816166	126.9048279829562	127.62443331421478	125.6466804633644	125.13626345838533	128.3809399149362	126.8437987510962	124.85408520265445	126.6937344023763	126.67818181959615	129.52787842127117	128.759957708625	122.75712853072629	128.29407259410993	125.77559702309472	128.54118022256407	124.66754107695881	124.45964333223603	127.23108935493416	127.41261802229249	124.88342523844308	125.81367086248261	127.5936665194822	125.21566097000891	127.36502857602797	127.91904077497863	127.36431016188166	127.46401987961035	125.9520594501354	126.40471857596296	127.80478661058098	127.56609642425359	126.73101991497927	126.14758576069708	125.30707580541893	128.4705976385316	124.84117010542292	127.00261742930263	125.71279374983153	126.77456903882538	123.17956283465546	127.38725397102996	127.92970551752978	127.54138940124214	127.94071928256612	126.41732776874353	126.57819290771769	127.21953377176865	124.77158888988708	124.99257594239953	127.28627057927662	125.55050805500738	129.28801671028953	128.2407447961165	127.62594682876926	127.5937048156638	124.05176749617594	126.93532129551353	126.4540920287191	126.28738210624064	126.06171617901634	125.53686257454997	125.75140356462515	126.12492812229442	127.44235607703457	128.18026575349717	127.08396987887294	129.34783260195803	128.2720943654953	129.00657910029736	126.94643761201263	125.90001232123062	128.47846486717526	125.13620579660949	127.02848195392633	126.26650103058017	129.797313181723	124.43053954774395	124.32543019133945	126.80090357361391	127.32191208984311	126.73907153545306	127.40086426567267	128.0223165990443	126.90553189611718	124.70972457561668	128.7842752060083	128.58102311267413	128.79728914592386	129.04967863929974	128.2656851726954	126.92872414995695	124.77938956116827	126.98297735202061	127.0011614546534	125.02487530569125	126.63744417765164	129.1041785113245	125.43686064419973	128.8339825040604	126.94546766847839	127.99429585401518	127.3348991668392	125.20117037725606	127.55444072768222	124.95157686603048	125.13145589150396	127.51191209884834	124.4654252903069	128.25281204458673	126.2629168935007	126.88267576005967	127.26541448475056	128.35749580703492	126.12329254416176	128.498434717835	128.96791395295588	124.41809599641444	126.35609018843651	127.83963918115455	126.33047296403187	127.6344053878981	125.67470850908833	126.79372662967336	126.68001030403481	128.07149064644724	125.93625196692693	127.01090862573253	124.67308212150921	125.51834097398948	126.48072484001884	125.80476540784238	125.60857694612179	125.54926698076608	123.29907676020757	123.58039248263866	126.9252528084385	125.68113042896206	125.80956562445338	123.8130942228704	126.24123615248665
174.78551200562222	175.29561306091557	176.53199917519987	180.05768922822463	175.6491119748188	176.8707752955395	176.43277455781745	180.885050934218	178.4302960275784	177.96899601294874	177.91874837987882	178.39075197808688	177.46859291627842	180.8392301894913	181.43862026233762	177.61969119566265	178.718309178417	178.62621413299703	177.5506926411258	178.37608147966515	177.38265374572853	180.70423162768708	177.0538888821606	176.84346489343162	179.0105274356589	177.69906261195706	175.89199915916166	176.6013228550903	175.766839557627	178.26787229520212	180.6860794184009	176.98481509553477	175.43165187327236	178.57337720873267	175.8273336382647	177.95472980529337	178.36638971088746	175.57615265043395	178.70841396845125	177.33439901699722	177.21922243031904	178.90674498009614	181.20292383329218	179.0000630166394	178.2110814951435	176.21758312183601	176.95418283485182	176.77351334226455	176.83056264494547	174.79942730944092	176.51329543845014	174.71735635463256	175.6871422384464	178.01358891731408	178.47342841941926	176.46186474305145	176.69236489213998	176.85195379397544	179.909960176613	175.6502284428728	179.23236160893836	174.70666470843335	178.58061654451558	177.61163189265832	175.04759415278377	178.67963060942523	176.39225597300265	178.13633959802036	175.8639955307574	176.52708622035053	175.36074922931016	180.50045690328986	178.2169399362231	178.31699713048278	176.94207279357278	178.08767980381882	176.42438952928708	177.95839662988226	176.55180303674015	176.95588955813443	177.09396265537939	178.19917282617746	176.79501628310814	176.3541671360666	176.71101342197292	175.8952320919691	174.40905688432125	176.63916805186773	175.636679041931	181.9058955271918	177.11035365576552	175.70479232112353	178.0598607188614	175.47247676551822	178.9632251928563	177.71780617312803	177.73560094783332	179.73436336130854	175.84312835375982	176.51795117599525	180.81189554382337	176.86196224459832	177.66811007513093	179.02542239112105	178.68513118282723	180.2458097702873	175.65720252287088	176.75375881287385	176.4111282831671	180.76588301790875	179.92322588050502	176.46464379774176	177.38392763057124	175.25154113910045	176.74039603889966	178.09019969594158	176.48813402653215	175.99099251913316	179.07490159065475	178.17611367600398	179.47226696859494	176.79702720140025	177.04499248657456	180.80671184159115	180.4837343795114	176.05988894538066	179.3155910984971	179.4785304696888	176.0971960708133	180.1192012483396	180.5562249871344	179.11431517267124	177.24073595920132	177.26354234647812	175.24350958524275	176.2699670187266	176.32404102914523	176.82906152642306	178.55111134716904	178.80360772509337	179.27496627158888	177.92482252781025	176.44983047768835	176.65146004182506	174.76806789245	176.02242416273594	176.31331077932478	178.24296948227456	177.82212051656228	177.96440936418358	178.90230928967617	176.58327317696916	177.11864834656657	179.016100081363	176.06530847619428	177.31929926183395	179.05776169907665	177.99756929342988	175.44214099694878	175.75924216528307	176.7851186072297	177.3769490296443	175.01954440379117	176.04985427833012	179.50673406762797	178.73147402374988	175.23876134757202	176.56426488213785	178.24733190607066	181.3870253563559	179.60534207375608	175.36972474048594	178.0473073356908	177.72039370081288	178.91251230115446	176.75732251172323	174.7404949925881	180.5468832491911	177.53970201330736	176.07839572294833	176.3525368584134	179.74645667412415	175.91283341209314	179.2270276497858	177.30066722203696	178.86495143591816	177.72668100220935	176.1078460435787	175.62479822866177	179.07447119721016	176.28542208228146	178.20409875530623	176.78633837739486	178.16082399640328	178.82483175470898	177.0367051233278	177.8268042885101	176.5777021440991	176.9963719027833	175.8317318535867	176.5455873586064	179.14488952972832	176.20270531495783	178.35585954639387	176.56697806232071	177.22394944277357	178.17001071372638	175.67570476187626	177.99118829186983	177.87988865292112	176.69904692363562	181.09339476772072	181.24157724152107	176.97838465190569	179.9675935173305	175.56751821479446	178.91471542986767	175.2385438814706	175.65131983538325	177.332030605966	176.1947934685547	176.36855291883342	176.1735623445559	179.6746894186413	179.11005019851646	177.6648452315834	178.1890467012543	179.27317366180097	180.09458974218072	178.80574642013642	177.41523909204338	179.84790456480138	177.3170339401838	178.33214056478667	179.70092576897088	180.46583985980521	176.06987279197423	175.48221876049652	176.1986116478029	177.7801612458849	178.38660349691227	178.48533261666503	177.56330713233382	177.36661577535784	174.7832780873924	179.72232251683388	179.35515770631994	179.3956344877652	179.6874321857362	179.48127916967294	174.89448920780058	175.7026773568505	175.78633893198347	177.46364027753515	176.04443785855972	175.72655763203497	180.8490518068605	177.20280456928182	178.38950021741954	176.80037212521012	178.0037214841809	178.7879675935802	176.9300079882979	178.25051886628106	175.81172473417848	176.263173883931	178.1117884723611	175.40925343353211	180.48760779049366	177.42801581416708	176.68186245186956	178.11885206595616	179.84375577139517	177.23068119051322	177.12329271284477	180.312563717514	176.25260421673846	177.23739005140655	179.32049495172637	175.98444455549136	178.93571431733315	178.20147745860803	178.421601855532	176.7642382154859	177.72386661723232	176.8378162839219	179.46258470632472	176.14414685129267	176.41539213042526	177.1351834788144	176.88499149894554	177.28330467172538	175.39428879089425	175.10800915393895	174.5005611352772	177.66006157597218	177.1884373425191	176.2938446387966	175.71103231034124	175.81769254943904
175.3644664550271	175.6131310621079	177.76619741118012	181.2060365249978	175.75947537466826	176.95392291624546	176.70928308087105	180.97075379395045	178.51711396390613	178.6811248854226	178.12580484957516	178.47200590876554	177.68983249079102	180.98538029159735	181.59699837430026	178.59654986105048	179.7152699794782	179.0619004979596	177.64412801887076	178.91756838177974	178.1777957025379	180.7180423897837	177.0976634827706	177.05606537693862	179.06867767081502	178.30632063668273	176.38736182307485	176.98227801447203	176.97231340674972	178.43282266227382	180.72541037525534	177.4331713656949	176.28994146284353	178.65934626655272	176.00466390620574	178.13418140743724	178.9988335866689	175.83345314502967	179.28911419332493	178.35532960490758	177.96818174285625	179.04399079186882	181.34904284707622	179.39125874435373	178.29753914745916	177.3750117905716	177.6939390688079	178.49112255856932	176.97735428612282	175.12136750910207	176.69849321261796	174.94735068854254	175.88715528582978	178.6669963864132	179.43068348485707	177.91502119594873	178.57441875011284	176.9482860942744	180.71572575625225	176.46252119785572	179.62904011995013	177.12890337373713	179.43008991431523	178.58670262873815	175.6837521356353	178.9068477050463	176.59076537497822	179.20223295346267	175.93896013404992	176.64583897954105	177.39725567053165	180.70913960437272	178.61855535478807	178.5052292985062	177.67995271508454	178.39221532224326	176.5737417420131	178.3620782187498	177.11236465948576	178.9599938259585	178.3517761313731	178.22990313069272	177.89655913694622	177.12564224648656	177.3813579254457	176.68789040747495	174.75709541018176	177.22514690507626	175.7569968947869	182.1963755665983	177.63472022462176	175.99411148158643	178.41023117891342	176.63367711935845	179.2483891454805	178.34175797795388	178.07895124811475	179.9346229273924	176.5677906772032	176.62122048967692	180.97262501005795	177.03015254447308	178.29851957121545	179.2697944767877	178.82440891819937	181.2100293995937	176.22264674768468	176.82008215325334	178.18444519374108	180.86007394531384	179.92685818382182	177.36271409839568	177.86600844972537	176.3942968783811	178.19422387627947	178.20593169294887	176.94842735170613	176.0368468998303	179.1746011306508	178.29389056953232	180.5960398776747	176.89790188553073	177.1176946984078	181.0922929573057	180.6046717896467	176.7134315199529	180.2784511795712	179.57669302367623	176.4241856332633	181.2708215873061	180.6293105104842	179.341745391249	177.9329875255079	178.24489856287582	175.7678987860169	177.3072157210237	176.4318963791098	177.5716319914481	178.791701806972	179.12787497945666	179.7993522646162	178.30661443077133	177.62742735006583	177.04994986853143	175.5427608742943	176.31596093725517	177.20716479493584	178.43926951788518	178.16736590061637	178.66991070499702	179.51663680064874	177.09031955580167	177.19555897985305	179.27985377394984	176.80397374132372	177.99472518429943	179.1393916391885	179.3682115854464	177.57087525864813	176.0137168272917	177.32268845357225	178.1821069649205	176.37380503139278	176.23544989174866	180.14388557644318	179.0583527711809	175.86520540459864	176.68227213991437	178.67144206668047	181.91710262028334	179.66931241096336	175.52611512775712	178.73778461021976	178.13245032718024	179.99034159434777	177.43202485409117	175.43862567409977	180.65454721258644	178.23971891332678	176.49908031260614	176.759299003596	180.19594402166493	176.7535289509861	179.31666933386387	178.50732397050828	179.30591907850663	178.19873494802152	176.472622739109	176.35134045401074	179.2607261878291	178.1652977299439	178.83669728698786	177.05471149125296	178.43863874108354	178.91790634625568	177.19125059928285	178.44857299543372	176.62246372920416	177.40545806089344	176.05071803102925	177.46384180941143	179.71068981080856	178.27391668438614	179.00082833909244	176.94415076099116	178.01421042180712	178.2328975658639	175.9985882135086	178.01478886133376	178.77225926281994	177.31814130154763	181.24151377511203	181.45175334078738	178.33076508698272	180.19012727871046	175.63653799581044	178.98272976122342	177.23547411700554	177.41336475055022	177.8639128026684	176.57041130002506	177.33349059615747	177.18270618036706	180.21809521602196	179.4886697506341	178.24137860696928	179.23047538684975	179.76696904827278	181.13772635006376	178.89586398137436	177.8598803589106	179.94974262016666	177.75018699092854	178.70290364786433	179.9871848794158	180.99723890155002	177.21373310323833	176.16541146663621	176.76751183648963	177.90209388691315	178.62238620218992	179.17743460638596	178.6362909837509	177.8297047482503	175.70502363952986	179.80037271247218	179.45721829021565	179.82223272127865	179.8439311169466	179.94703476713792	177.21387212385287	176.01344644190266	178.05119443134103	177.58457085504332	176.58962527433522	177.76155799974853	180.91945043293336	177.32306601716107	179.14557051191122	177.15776278518652	179.08467551212414	179.5947800092783	177.09263924538416	178.81005937255014	175.90530057506643	177.28644112225396	179.2026866778347	175.981334224736	180.86051611953457	177.86336841104472	176.84261052569673	178.91753099603915	180.1223011102796	177.39044012304828	177.9616462129204	180.34634482029776	176.72015596687712	177.49262401802937	179.60036143657143	176.97822412734095	179.22811127720902	178.47565744255976	178.71264801304392	177.18605663793318	178.7306959895501	177.21388845814724	179.53629768535396	177.09633451376197	177.21404055014014	177.95178297804597	177.73714645759713	177.68107115693047	175.6696299928496	175.63983613877676	175.128169159248	178.23744883475493	178.2014898845601	176.51040812681595	176.11299259043614	177.05160263727748
175.79378840709649	176.34451139622294	177.98756663735887	181.4857001293725	175.9664678503452	177.51230499211752	177.0045020437905	181.2237117049045	178.88971658359583	179.0919032518702	178.19118376948825	178.89551608792874	177.79696826286386	181.06047815969498	181.80794957280014	178.71461959613623	179.78194903041887	179.19257720357297	178.45096089460398	179.1404291057222	178.49254972814913	181.4356236217702	177.81441266365434	177.18159528660652	179.73367699281374	178.60311296684313	176.80186537553757	177.70726763130304	177.36067047468808	178.49983404354703	180.83764241172548	177.55852510861578	176.4670171585655	178.72339103665306	176.24102538411364	178.748513472015	179.5803845429914	175.92280724088715	179.35860191840567	178.65244630648252	178.29628590267885	179.27450634289383	181.442956951903	179.59157043885907	178.38980944646593	177.58837088954314	177.81226266538982	178.5720385673727	177.20932721804354	175.32264564923224	177.15855358034756	175.0552784177223	176.08423231865382	179.1243269591147	179.478394189502	178.14272517541755	178.6416295429014	177.09491980992294	180.73504442519607	176.70841375715324	179.82854800330378	177.48764659705557	179.7025957272496	179.3538923391735	176.19332755577975	179.1106853826871	177.2576780380787	179.40748029765214	176.20418474021625	176.90416045318725	177.48653621023306	180.95812222097217	178.74543999961838	178.74694320562423	177.75080547528592	178.65019160314208	176.9810037283825	178.37933369820993	177.30113036759082	179.04185917459444	178.4255678495553	178.49389445626795	178.1028066519374	177.48959611614956	177.59568196315513	177.08975060052364	175.02531924615857	177.2909212611103	176.30096668871073	182.23311307374664	177.78683085882096	176.79575857203673	178.51896635217656	176.696356092429	179.59360813217916	178.84556995614943	178.67176324634883	180.00302079889698	176.74048331759812	177.03820995182778	181.3201077113834	177.17471217363047	178.5500371654775	179.38130848736128	179.2631781854948	181.3153501731851	176.4091489632961	177.1270427641515	178.2998100110707	180.891716233727	180.18753590515257	177.44623659432838	178.71454830009543	176.5155976795018	178.2566723134646	178.75164230104156	177.24611867073534	176.11091903267268	179.63536951591652	178.53127102004646	180.68600353311254	177.127919634499	178.6938629384114	181.16753439507926	180.82890543057246	176.86428478763878	180.6644067850275	180.01539499726096	176.8663989941282	181.37185291775887	180.64333957375797	179.52516325666213	178.5099852060064	178.9145811167561	175.89739157633826	177.93421653224837	176.43434284316533	177.66252168303953	178.97232722563177	179.49881825099928	179.81289487439597	178.59832521675835	177.77079959356934	177.08414132439853	175.55687439633925	176.81385792639534	178.1520868349246	179.44389914963884	178.55750131961008	178.727114792768	179.91903884502395	177.54623665110472	177.24464912057746	179.4101003663336	177.1667265312138	178.13562971670262	179.64224840232035	179.695910416813	178.0006799504164	176.39989254009862	177.81254512616863	178.8911886853262	176.6794709873947	176.4446175173365	180.39038317561963	179.30848916900666	175.89137997547797	177.83461830973266	178.91362814710865	181.9312027176996	179.8538421104791	175.66955405498322	179.25047440106073	178.26118252094366	180.33803676210712	177.5422464568587	175.76568362609623	180.71593551889282	179.02746567293244	176.70325581318724	177.49933529596538	180.36489212757317	176.8813750328988	179.3921910483572	178.97568842080892	179.71361061476074	178.89355405446858	177.08332121624514	177.3945009754426	179.44851198314825	178.28244292393083	178.93589189914613	177.3319618210709	178.50946659361875	179.45078738758482	177.30976573479361	178.77338884506466	176.7043719997316	177.95025136111886	176.1727114619677	178.14399375431728	179.78528707788672	178.48746475169952	179.28119380555307	177.2892629636199	178.45781371951563	178.28879575530823	176.73716814940062	178.0649352731219	178.7803432568238	177.44966291039708	181.28105524728815	181.5628437478689	178.43022843142825	180.2696933674533	175.8093825545314	179.31748219287564	177.3318558669943	177.54807551331635	177.94438064761613	176.99097383974885	177.5508535636563	177.52593157219906	180.24003831511064	179.71238763592027	178.5413390716706	179.24404343081196	179.90720747903433	181.3686886047533	179.54903871461812	177.8810410818151	180.46499032262278	177.90256804465923	179.11104959043672	180.05718640788928	181.06395032721053	177.2991076752787	176.58497777021935	177.30835646425646	178.7451247600758	178.62450002994595	179.2211631630595	179.31494397660094	178.29333441160117	175.7739427901848	179.91956220062772	179.75348589692635	179.9702965473559	180.15145228117757	180.09819827529793	177.58977160934288	176.84563438175064	178.15574191177433	177.93335137601204	176.69108430473105	177.95315208280476	181.21603259282315	177.49501125895716	179.66147054263976	177.9961200552921	179.25265289088628	179.750901960092	177.88285330801526	179.13786083761065	176.05429713707065	177.40549004902553	179.6111759083301	176.46779807224019	180.91954048363152	178.23142468663096	177.173164961029	179.07123747692984	180.19509034740608	177.48834854743228	178.64699468207513	180.43413638576274	176.785020093911	177.81417839311894	179.84166081007956	177.39333387760504	179.46911804101515	178.60545433738727	178.87157208889695	177.71188597410773	179.08438696684405	177.2842153993011	179.63255759276615	177.36039148001925	177.76200879752193	178.41514621384692	178.24000126268734	177.70023790690655	176.09515549303333	175.80058440037112	175.35033110305295	178.51579436703778	178.49920292923892	176.76322965303908	176.3309335068703	177.26290124891122
175.83511657975038	176.41887542537373	178.54666702093184	181.54660472290342	176.1657820881078	177.5819825037844	177.8017566769928	181.51908043894778	179.1010452381766	179.4362007914158	178.27933922782586	179.6227260483964	177.9401317175681	181.14238503288576	181.9332701688515	178.97419825545683	180.42849170852742	179.72340895161557	178.53442683612022	179.22861328670535	178.69891197511376	181.45165232770802	178.17718339244152	177.3733360228264	180.45982426838182	178.77527160819741	176.90039568418345	177.8651068790136	178.01749669071566	179.48109780585656	181.00854378659167	178.15121499328245	176.6339123268055	179.443577357675	176.62884627004848	179.17395695446845	179.5956951289977	176.5841893575587	179.5936445262555	179.04865250224887	178.5999317194233	179.86484749224	181.9788496322961	179.86672130783964	179.25899721573666	177.6068865528619	177.86745346738053	178.59149644255533	177.81333652208227	175.65038517983493	177.55623927757551	175.1199599444544	176.75451200764536	179.26032657593592	179.61606772479436	178.24588887622113	178.83504541254698	177.60686926628264	180.8690857694395	176.86914493634313	180.01203575562081	177.5229627748277	179.9031257991145	179.52457902084572	176.2778514289823	179.1656464452007	177.44612195021887	179.90599664788675	176.32724474649277	176.95763934458137	177.6795323924911	181.46747059766236	179.0424808247481	178.79034206061382	178.3250401038808	178.87048341732464	177.10992141376536	178.83737512375885	177.64877508694997	179.26096219805845	178.8299336099183	178.8642903720506	178.68645952056977	177.52023385118642	177.61565279204626	177.56492142970762	175.11062530102936	178.15488358117074	176.5527192883463	182.2584624165791	178.50058586131578	176.95508183174084	178.94148959483488	176.81745585238815	179.66446364223327	179.31238498812664	178.7038836408709	180.19792650876744	177.4583663445238	177.13474764052123	181.46279346658895	178.229040380788	178.76659704822333	179.8398821091914	179.51034812433596	181.56471049941183	176.78766118344507	177.14053942189662	178.57763429876263	181.1610232303896	180.97361621478282	177.94912304306206	178.87932899981075	176.530905001583	178.36679839609783	179.6172157990825	177.4214464891143	176.46651619237358	179.82335950366263	178.61280842710033	180.81655977883833	177.19891370734624	178.74793374568029	181.71442744668164	181.2907541405954	176.87203804523097	180.73109305712373	180.22166771293445	176.99958338784668	181.505358565777	181.50325594613392	180.13490094524175	178.899851457017	179.0369807525144	176.03405664092108	178.3667028412048	176.95679669011994	178.82992507434054	179.21961559177055	179.80837690966592	179.86820478169938	178.86824717270466	178.07618864479917	177.2498180706638	175.79811089976576	177.28785172456566	178.52071155839246	179.45551186803502	178.57783308316107	179.22170230346322	180.089645355348	177.8267993399807	177.80757819187042	179.66566914591388	177.6608123671918	178.31092309497	179.76936139088232	179.82140638265318	178.1706170950303	176.4573687986878	178.59757556644084	179.1377914346512	176.8367714443632	177.12689424687738	180.43370017136974	179.8567099018746	176.18487985801355	178.26610248289467	179.13746449095126	182.0011155410012	180.0165880854704	175.90011267130987	179.60295991776184	178.56095981597502	180.48683715832672	177.68444777983348	175.82696426726966	180.8524301230023	179.02834665196184	176.89969727778632	177.59009353868862	180.47679053208986	176.95984628362166	179.61028113887173	179.27323680465315	179.8525018473894	179.3207831296028	177.3054155697652	177.5510933784065	180.10040137912978	178.77800340370166	178.9449455837124	177.50554928461756	178.62688463429126	179.68754842522927	177.33968064938514	178.90657170690045	176.91279195598236	178.16255955661876	176.36291987848176	178.29804588336376	179.79943391531498	178.7176627873612	179.46257357204757	177.96063731140165	178.74602745039493	179.02838664784696	176.86217280881212	178.17758028906212	178.89761997708547	178.03564618914007	181.59839269212884	181.9421519349842	179.03846014965876	180.94348525637463	176.05846313319745	179.5429098699614	177.7938360223343	177.70100366423364	178.4956906679295	177.6464631766495	177.8679025874017	178.17916295185088	180.3833671106209	179.9925962207068	179.1158914562067	179.41062445683096	180.02999490964174	181.6182613447852	179.57367744622016	178.2968057875659	180.57849124552925	178.2521483893086	179.46473067740396	180.2137086953262	181.16202844465272	177.30215492740933	176.71674510306127	177.64386551772859	178.751245638984	179.41877936488373	179.8583704522046	179.58022897945497	179.026416350466	175.8532676921211	180.37562661524086	179.8875639065429	180.05884244446784	180.2499216072155	180.1989429775357	177.61926638135748	176.9449493878538	178.3411352766253	178.5749412074065	176.87883518430448	177.97858516766783	181.94921855655733	178.0830664830345	179.7398849735567	178.6449584918335	179.43390466493508	180.20288746088417	178.02798468224412	179.90173287540426	176.26150497280287	177.46669442548307	179.68066536472782	176.63339222701302	181.12628568571384	178.59810725881218	178.57592216970392	179.2863813118646	180.2879157052858	178.15731897939875	178.78314649353584	180.51485230709744	176.8210135218789	178.25356856780687	179.88878313470153	177.55682131078714	180.01274418234522	178.66780267657995	179.23310530731163	178.05439891260428	179.1906353186782	177.87269762264336	179.7927801140368	177.46080256089988	177.83531505091167	178.55341048073063	178.4548736687973	178.2796610774813	176.29902605751954	175.97049245968435	175.41840683737612	178.77514809020212	178.5650698244262	177.5931258360075	176.35185856471497	177.43047664756057
177.1699944181126	176.44326506444978	178.83227660668265	181.65834382533177	177.00028882490489	177.7253959815774	178.569725555372	181.72336305482304	179.34039078949388	179.82251827408078	179.59345424528627	179.71038133873301	178.0480368620948	181.21865563000404	182.26106073924396	179.1580824455185	180.4951729260256	179.86085494325306	179.49258876967224	180.69835110513975	178.86245095613876	181.70041369056023	178.4779834105757	177.37529979045925	180.5477803087701	178.9781568445294	177.0080476886591	178.065088224075	178.38358796963846	179.55004951153532	182.04742252653455	178.55181190420345	176.6435476089383	179.64095585381642	176.8036122574005	179.68393053112953	179.8172614261025	177.28962178272772	179.7298802743736	179.40955868663917	178.71398532299523	180.77454422881263	182.0174649611931	180.76274251306378	179.89335229940613	177.89304796241348	178.0412368535627	178.6613958943722	178.234825521502	177.1403551745992	177.68916909248443	175.81819356949285	177.4495039864602	180.16559777348684	179.63513342361713	178.63732978541825	178.9916499537587	177.8256140939615	181.05109028996273	176.92598191751893	181.26244320893272	177.60257155926385	180.58299401632058	179.56820094643243	176.33795002406254	179.39198400121307	177.69245821047076	180.1048303572204	177.28325441128598	177.0793908188553	177.70482483599196	181.49672498068264	179.1726329463194	179.03242166686422	179.435339315517	179.17124786520716	177.25326044319053	178.98635626878212	178.82183373675878	179.32881726044297	179.83637690701246	178.87285269836337	178.76032906894247	177.61618951384347	177.85027827167613	178.53922811201537	175.9582900376562	178.40107237169514	177.3689779544461	182.32890999668913	178.51941665319993	177.26730136151727	179.01098873481837	177.9606101166341	179.88080989140764	179.33877765485838	179.23051426259028	180.23427230925998	178.5235850377963	177.93719418312926	181.46797249954034	178.37356242364223	178.8998863017825	179.85979861119634	179.94059179552687	181.62688707294663	177.31623723823208	177.1417051279715	178.75104304176176	181.23118729832402	181.08442513670855	178.01744077716586	179.14901260784447	176.64054162712264	178.37128580672882	179.9969214907581	177.68947419898873	178.65923990334994	179.98404153247736	178.7170812817734	180.90461627371883	177.49413727820755	178.78955888132663	182.14082674907385	181.31847034371395	176.93174730004296	181.13051468205924	180.68650119424518	177.38964335065543	181.52640856907288	181.58590606042154	180.33146181089162	179.3432907616799	179.72533545958245	176.9070130265094	178.6629422021853	177.15480695869022	179.04506288811783	179.29473540353575	179.99868952376363	180.17962080343437	179.34228925319496	178.244800468785	177.49705719291796	177.36305893937495	178.39796738762163	178.64725139617877	179.78554754573952	178.9683742274087	179.34520731738837	180.18199467445882	178.2168370264944	177.98995562331461	179.8672669433862	177.85886101293687	178.43090553902127	180.40552214951057	179.9066417748714	178.29214247257337	176.76423717478136	178.70992830366683	179.22174198733836	177.6556107617549	177.46941085205705	180.5730747959848	179.9184151160908	177.47244421377596	178.29583004958255	179.30156830052005	182.02341376418795	181.43008139851992	176.09414553262715	179.72746580170383	178.64378811173722	180.64659985753164	177.72883532739164	176.04070074238672	180.9166073716275	179.58059910269694	177.76603130198487	177.63152897870356	180.5816178311589	177.72088279007824	180.7557020540562	179.5243822088979	179.89853282931713	179.57931255805033	177.72378516082864	177.59157961859916	180.2211522526899	178.86651769503976	179.1015490867513	178.55711649395275	178.64010777636543	180.58171009242372	177.51770190955963	179.59637920958033	178.83326363630263	178.9233869810856	176.64104042548	178.85845312970233	179.8742683578632	178.85223171039024	179.47438410208642	178.44228015637015	178.9062147205622	180.15944868291433	177.30919766690937	178.26021486527756	179.42757183183213	178.06058507569406	181.6392215745465	182.01269826981053	179.0792353948628	180.9671258404722	176.3224905132328	179.90241938557946	177.82724261135152	177.74616017183868	178.9201766205567	177.81537972788115	178.02364159476568	178.35041870413895	180.4715645677276	180.44972215081177	179.25319729223042	180.97029034270184	180.03719896812342	181.6841733878272	179.89444013280857	178.34273784424227	180.69995738383707	178.44705810193625	179.73952888106172	180.33577018277606	181.60172200751427	177.34871635665817	177.11112386732444	178.7761283657238	179.47795758084698	179.73893478562377	180.12996756994195	179.7062301056007	179.1067844588763	177.09304646225164	181.3214425907821	180.31812524433624	180.8040683627043	181.67592706646997	180.2950491380376	177.76287523534808	177.02951684920512	178.38082920168208	179.51780697098144	176.93420866676843	178.067732658738	182.1058889864998	178.15411810999197	180.11394490968092	178.72065700310958	179.96277585904602	180.3287825649933	178.1673434453662	180.0884642656891	177.50302168110701	177.5411653125578	179.79436856373178	176.9564741580729	181.13137644096636	178.75188844659937	178.62189546837885	179.44024697690728	180.51128956350485	178.3216625373024	179.44005973336672	181.10386317065445	176.89404365291148	178.63944342199474	180.79656998018774	178.3978364868067	180.53806824965102	178.92455095763103	179.7659933769535	178.89960288976494	179.41132855328573	178.7727847759143	180.02216492688092	177.65885401552146	178.0485312317992	178.62800692000198	178.60213072011467	178.43086577417964	177.70544307026648	176.02671100318983	175.58901010630183	179.1202136033923	178.70053157203262	177.67051104647337	176.69846192705978	178.2588519630174
177.29253355159452	177.0749732125987	178.9009271516202	181.78186585368292	177.14275243744055	178.102827315303	178.80981462088917	181.91363750739404	179.39178256134036	179.86249334163605	179.65988599998497	180.13946324330428	178.30113631800515	181.406602348177	182.40573362763004	179.60903321499745	180.6293555271168	179.92091022897586	179.86267402227887	180.9221726127604	178.94776416811902	182.05058892172383	178.74274042670908	177.6512883365965	180.77736937014524	179.07231188680555	177.30130809047876	178.1956273470689	178.69252830377712	179.59716369092118	182.08670984202305	178.62358413063455	176.80741667750596	179.72689474962596	176.8287047832881	179.770099777983	180.3844125794066	177.44396376923245	180.27730495892212	179.6401311151508	178.99294347636314	180.985360580305	182.07519749907163	180.96283664405485	179.99227641956236	177.99539182142254	178.08328996906738	179.02911584546501	178.4571362378644	177.40873692068203	178.14518398177336	175.98385104998366	177.77688162345487	180.54941765067167	179.673984623221	178.7398548964914	179.30654983028853	177.97704871324777	181.06586064203512	177.233714894855	181.46361067071263	177.90352278612244	180.72398467505477	179.5979366451196	176.78111730635425	179.58323974070368	178.1792307271739	180.30930757193482	177.5812043034563	177.1491199956204	178.1334379805691	181.5237879462045	179.30131840869845	179.14144819868773	179.43954954939915	179.36581242027313	177.3067018397479	179.3250858226828	178.83798911999006	179.38491184752326	179.91216484188172	179.02829933053485	178.85598378707945	177.64727503460477	177.89248406359098	178.7402612568977	176.16106304235868	178.46661860446014	177.8452634842272	182.4316238622159	179.08685455638312	178.13647833248618	179.2830029309717	178.01427993579256	179.9202260494057	179.56250860046177	179.44745219221417	180.2392544273007	178.6965109241169	178.17772354625325	181.68449730748645	178.4084382698733	179.2155210720901	180.14788369187673	180.08245974260052	181.7274369912302	177.358816863834	177.4816979572932	178.8636976224338	181.30857093388533	181.34832068802072	178.05540020854102	179.7267406186766	176.69610672762747	178.6083444625527	180.06367411083588	177.98903632414581	178.76828765255195	180.25055184485646	178.96766936460665	181.03856879971858	177.52935706971098	179.0108633724234	182.21398013437164	181.47641095743148	177.49655162098324	181.17424439877917	180.70927643747203	177.40383869281376	181.71622073441128	181.59486292068542	180.51443535048318	179.47965900624268	179.8536589568006	177.09640966170878	178.8548333029899	177.2720241910266	179.1416818604005	179.58905492585575	180.11458512583954	180.1809677049861	179.5688909935492	178.38909990412157	177.5271589512747	177.3780635728987	178.85999467558378	178.75643297426774	180.1209393421796	179.3791974608567	179.6944225434748	180.18221002617372	178.41606951967773	178.0668342769476	179.926123221885	177.88859161268806	178.55646884395404	180.45364363397192	180.14666469981108	178.53507223576685	176.8434006763713	179.06296943524148	179.62600685058862	177.74515987384547	177.55448049280304	180.88554754920594	180.10575041138628	177.57867370254155	178.48211482014327	179.31317969430413	182.02523075636046	181.54810309708424	176.10025650302788	179.9828168232358	178.8211500718642	181.00083920523872	177.77061269982178	176.30254107822338	181.007128636885	179.62563210361157	177.83870136458518	178.32947226930412	180.97761879233735	177.7248639503416	180.94021603762724	179.92703517526783	180.17682972024195	179.6458155426586	177.78304523323237	177.72786986640253	180.54005101234384	178.98351958326407	179.39386099242603	178.89956405015255	178.74812272637635	181.18147214830174	177.61037603977167	179.98663074098357	178.85228294557024	179.33629695798513	176.89612838907271	178.92145353515204	179.92793497695055	178.93083732020565	179.80937729787905	178.68960947202555	179.0678041887502	180.27983179755094	177.61752956680834	178.3340700905943	179.47694296474916	178.22701553874103	181.68719549712733	182.07121218633222	179.23451957805963	181.04685106588187	176.3467527517163	180.0104032331108	177.9151131855177	177.83800961864648	178.9724086296049	178.0513434997176	178.19942929514076	178.44640299017695	180.5187754436787	180.80240526372106	179.4823808421032	181.03282382364054	180.6637384371658	181.69284505770545	180.11969183745526	178.87353371794794	181.16007019736577	178.5378271502795	179.88978708397227	180.34718516910624	181.6711270157348	177.68056897948034	177.1811541635601	178.82812434869925	179.61835883107196	179.87220961763458	180.24024654945995	179.71848538883128	179.18332827753437	177.1746503251769	181.4740849413395	180.55004483995927	181.08378552363413	181.98309757846621	180.75508764949487	177.93081304900235	177.28733259674493	178.54146392378271	179.53195413669854	177.09306682352957	178.21363598667878	182.1618303860227	178.32669004479044	180.5636313330599	178.78654160760018	180.26326169858112	180.37026805917833	178.21056877704098	180.1808371338233	177.5973049908972	177.70863416429003	180.07729267943796	177.14210717409995	181.4981876439885	178.89941446176857	178.69245966892905	179.9413431778457	180.64974879241595	178.4149395743945	180.1178523493304	181.18901152612915	177.25834766762404	178.689423766208	181.02029812417993	178.5873446584395	180.8460429759486	179.13723733280605	179.79243923760785	179.0905043215898	179.5844191414773	178.90768010780246	180.09595375474285	177.67690265686275	178.50521746935166	178.95007226476267	178.64502881154033	178.76229066947374	178.06437560630738	176.25765788568717	175.69447454111335	179.21327087910024	178.79609488683664	177.9125995501733	176.75904525689984	178.59111566175332
177.53355453072257	177.14942468434344	178.9997744979607	181.89838564606183	177.25501934456696	178.2145085704441	178.93151512023124	181.9359099029483	179.56031722856994	179.9797516318317	179.73671916186936	180.17805674728288	178.33361321608	181.42958452674986	182.56521306109678	180.06884518727506	180.72370464271486	180.0575469662491	180.297883816566	180.94487252746882	179.31788888387737	182.10371944844604	178.80436595495203	178.15248261834694	181.06525955983517	179.38165674838555	177.37023812081986	178.72347476088171	178.77153982145398	179.77759815094285	182.10080910376982	179.09914514117054	176.92597622783794	180.3092457958159	176.91526173856624	179.92123852190932	180.47978140919685	177.63740923434125	180.37661631703483	179.86376765711435	179.47781679735766	181.06744823406922	182.09371050273862	181.3697296769869	180.11885384916206	178.04513262490963	178.15605457130604	179.15965969243848	178.46697182549818	177.46763040805624	178.27092058823663	176.04909255923607	177.91588454736925	180.63356939497265	179.74511824154823	178.99462783703942	179.375207932149	178.1400865064798	181.11985201173127	177.33758466122947	181.61746183859535	177.98551843225877	180.98868823415563	180.35851476844192	176.87194199885008	179.65291516657257	178.2447251653372	180.48879855728708	177.65435257272355	177.2049057300246	178.35185693721968	181.70932857599374	179.5980296856754	179.2845861939095	179.73979524112536	179.65121668111473	177.59543223406152	179.47358431915544	178.94311186684823	179.41680874585325	180.11859395342603	179.06543664192276	178.89453364307053	177.9447782668318	178.06666759371555	179.06387201060758	176.24673958176686	179.11939530184387	177.96771616957153	182.52339850739273	179.1771272422494	178.2194967450958	179.30285754249093	178.08895878612856	180.20102610575321	179.74967597164093	179.5737567174653	180.43542701318032	178.80316417020455	178.42015169309477	181.89317940089467	178.78306830021648	179.37028491956795	180.15113938570988	180.22167700165303	181.84017804347343	177.3694295314325	177.5317686028527	179.31892271559593	181.37426816261546	181.41167841613472	178.08604256387056	179.9103764118981	176.70847970209417	178.73747188303597	180.09707856833845	178.2271685475241	178.77878792702882	180.28398756875347	179.4032099665756	181.12771099746038	178.22627905886446	180.34205538274793	182.46866282113896	181.51540759111992	177.6311594658121	181.4935724266097	180.77611816105252	177.442072186315	181.783211199362	181.62826137698875	180.80822103016183	179.98619565507428	180.46454961168595	177.23647218117412	179.35636962574713	177.34207500412796	179.29123621543303	180.02245485142387	180.16020812100305	180.28750938499456	179.90351487742637	178.82534124704858	177.6660208681188	177.55462723646588	179.02734312287194	179.52939135204767	180.59345282052277	179.452796226294	179.98430988826485	180.5588009309895	178.7235732681987	178.5489734441596	180.12695115701248	177.95701117396453	178.62910086791084	180.47118681817688	180.29639429222232	178.55249990385548	177.0839883844344	179.22075822906018	179.8469401834832	178.00544970489557	177.65496585405788	180.92792444996923	180.19142065030093	177.8307380236875	179.35195093365138	179.6368661404286	182.12676506858364	181.61649645080246	176.20210159588143	180.10705978074517	179.0740552438959	181.12070205428466	177.81587831724477	176.49570369562863	181.08204527655784	180.23593463552308	178.036445157702	178.33036533178256	181.03004790094772	177.8515099101345	181.00721569818575	180.08092438879387	180.3760560812813	179.94928168549447	178.28106626670112	178.70323377034026	180.66205094490795	179.24740344878597	179.5590709279585	178.94165853246685	178.91189462982786	181.20808872121808	177.64367657772644	179.9872747340962	178.89026694240272	179.40339583475688	177.02068195360116	179.0447586579216	180.00055047136345	179.22949932538972	180.0020197082878	178.91988800127473	179.30212804898008	180.38117995967843	177.9819976651047	178.90461806015435	179.55436293924404	178.71686548835066	181.8529231320261	182.14380444280604	179.91461720078462	181.13630248113782	176.40157015552197	180.07829963509616	178.00803470133766	178.16476676738284	179.51865668373514	178.17039125992252	178.40968946200698	178.5685364876566	180.5638280854088	181.0851262538896	179.55309113298503	181.14725195304484	180.6788754288402	181.8497026086688	180.43955118513594	179.00872973640006	181.19569064692726	178.84061788189823	180.09257945495685	180.4830449297165	181.827952473406	177.7173514652829	177.58916717363567	179.31722674606263	179.62930649357915	180.0109696490591	180.39547777471532	180.3845159693492	179.48996822150258	177.22867789530127	181.54262003662961	180.65230460002974	181.17012694758216	182.00689684554555	181.17868675779792	178.03811024128981	177.77887064625128	178.60107770170382	179.88442062667718	177.1545476490614	178.27981557145654	182.3121273740756	178.45843076772232	180.64216282618898	179.4165999347297	180.443574766101	180.58812928177818	178.88680517936	180.2828952139645	177.61872784458816	177.7820247134211	180.14851349519267	177.51074486544832	181.74133220007127	179.35333031248595	178.83955479516555	180.10570745421708	180.74419969993863	179.0773007919079	180.118092762412	181.22756765946528	177.61492201865647	178.83166191177816	181.03821070976804	178.87987912521274	180.94659738468047	179.25797897832294	180.21648148799366	179.35934529933243	179.97763540687868	179.014612308914	180.48382229559297	177.7887397483398	178.5773537295749	179.09627860520766	178.8254672705746	178.76351537369374	178.1329866715747	176.48732479790047	175.80083859839607	179.55791294391724	178.93076744722933	178.0626122064974	177.0369467982295	178.5989637634178
177.57440164333462	177.42582068777546	179.05351683553644	181.92467068079256	177.27857503729868	178.29735834641974	179.03839646937834	182.3402324612161	179.76797977593375	180.36639699178411	179.80828485096274	180.1977771924724	178.48679175200584	181.43441691752966	182.6625337820967	180.11839855055428	181.27956214322188	180.42246573048868	180.31588824011467	181.48521291829448	179.74163350074457	182.13725473104725	178.8938689826385	178.4057537412574	181.09343788143423	179.54639850555057	177.4884248616294	178.8539906750783	179.01400829428698	179.79276016477212	182.15659247701643	179.1336119919046	177.5377704383896	180.36038099176739	177.0027446981445	180.10015162213298	180.53146542817953	178.1022197852583	180.38897332167804	180.02852189736174	179.55948650783344	181.13329537202958	182.2829097009606	181.42004862790117	180.1939178381795	178.83069275567345	178.65350678855924	179.8444437369007	178.62798548080963	177.60351522562462	178.54802941587275	176.11220962632092	178.38088488645022	181.21284779955664	179.947751756688	179.03176787498927	179.40671141969972	178.6429034828951	181.94970501738754	178.11240561487006	181.71045592274174	178.0559836682484	181.7017283699248	180.46880271725925	177.49000380182628	179.7612034217885	178.54765128919885	180.627081079655	177.74686665256553	177.34879611262355	178.39519943165124	181.71719679513467	179.70377332322715	179.31932617286398	179.74412594567053	179.66900967413127	177.68100761476487	179.49061767092715	179.0247337570656	179.49822422724878	180.23960067180923	179.4425038289921	179.12688273642786	177.9455431344609	178.11106329840354	179.1514688917893	176.4837425518364	179.13166283302024	178.0332747607865	182.7861471677455	179.48955819858864	178.35894624422454	179.37220856134394	178.2242867801368	180.23085827051386	179.7759776177984	179.8329888382447	180.56824426002996	179.04269731794653	178.45025924046192	181.91126901280404	178.85833174629167	179.66512517125093	180.16894742072097	180.44873314026322	181.85369935599022	177.47857713087961	177.57274069666596	179.4336341042407	181.5142009937267	181.8961632519643	178.43351200255432	180.03009738626295	176.78216807617102	178.95787362731116	180.21188613401773	178.31701513523333	178.83602917515557	180.47763724130124	179.56461140201014	182.0962135270778	178.29943315725214	180.45763156110866	182.49166632104044	181.5970924546154	177.6683553019842	181.58318438266215	181.08156209339862	177.78096660307773	181.98922183569363	181.71213240074238	181.1910958753765	180.12312942461955	180.57514108250243	177.4946505242376	179.4155823471328	177.691770703727	179.3582022930005	180.10157255831203	180.37233037984132	180.75939965236483	179.91533223340494	178.88974541916213	178.02544962773212	177.77315892438372	179.32196964466718	179.69621332337277	180.78980991153244	179.52796838882054	179.98709576610386	180.68877365736438	178.93798504054334	178.67422692470433	180.31440371983626	178.2883277717309	179.30989047832608	180.48710646419323	181.3876683579353	178.7882124439756	177.1544055253691	179.68584630348883	180.06372566036967	178.07255213968077	177.83193441707337	181.49938373913804	180.318339010388	177.84331502676218	179.40340102017126	179.73769473094058	182.6134851801504	181.70930959563773	176.53420630373788	180.7398147349388	179.23434860810724	181.21505293992115	178.47251548248352	177.00060822793262	181.18588722867355	180.30222048536206	178.3919623422958	178.79678492522365	181.14785951843828	178.62306138908687	181.00728241990458	180.3573381458219	180.68134470852277	180.20793454609682	178.55620748866284	178.83728154395178	180.89023429937455	179.29870260522387	179.67166837248465	179.069308373071	178.9438101743794	181.28512833776207	177.72244544883748	180.00935926831573	178.98046676874947	179.6124698009074	177.1148294773175	179.73458085898716	180.30904312617866	179.26933959318723	180.52054269537774	179.03523415427634	179.36998963301025	180.39093566686822	178.23997877221413	178.94252341441344	180.43728663437597	178.7826365617137	181.91357904638872	182.15821837399966	179.95607262600836	181.17171646386103	176.77912706479097	180.4208202940083	178.1413936484828	178.92784410315434	179.52346766028646	178.47212861442878	178.41718092698767	178.7815948897735	181.08080993148536	181.11751158068165	179.94625710199875	181.8534608789649	180.75253191006112	181.98826510429103	180.48153264823947	179.0295390386801	181.26214124600912	178.97087131863518	180.24358127253583	180.49161523952824	182.0717302526887	177.7635771073631	177.67016491546417	179.43581712427485	179.69178927823205	180.0452251278116	180.5057813358623	180.47067612074446	179.71297887357684	177.81759999393674	181.81826487759994	180.8159014209879	181.5114514300145	182.14775716305502	181.3295789258971	178.23942432516273	177.95730176340564	178.76640538371973	179.98936927888303	177.5779624936361	178.4611410899345	182.31627502732053	179.031219355403	181.2896512075912	179.49150936459435	181.09438678707716	180.61112286417085	178.93722723386685	180.44189487160057	177.73235148959344	178.58622326139175	180.23659133238925	177.69403923416783	181.80192312871543	179.46786842043946	178.95669489595252	180.17755366106596	180.97497276751332	179.1750295670609	180.20272793245425	181.23522847506888	177.68488165628858	179.1404781330238	181.20172318158865	178.91033048438393	181.12186231247415	179.5128249450513	180.28524239213272	179.55043575188856	180.55064249265743	179.08649158417552	180.6788662200312	178.0709262039527	178.62780591801493	179.6943455711588	178.97264973721357	178.81455604501696	178.2685494004135	176.72675716476394	176.39903697877318	179.76376759751332	179.08349124939332	178.68682698817813	177.03963191582142	178.70869010191657
177.6962488811675	177.50026432126145	179.84675263838236	181.9707309901881	177.509590612707	178.348495178112	179.14114980859298	182.361637810276	179.9091914210034	180.62572908535543	179.89880933086977	180.22677489862613	178.48752556652732	181.64685967947858	182.68908502980102	180.3204773204516	181.35890522925584	180.4274761967178	180.40975360890604	181.53029556510248	179.86973013969168	182.31511465394942	179.43653352019345	178.61647386569996	181.1607608102628	179.9224378569504	177.87659917972678	178.88139700320932	179.29579968771017	179.81266878669686	182.19709613219723	179.2111877808519	177.77465360895414	180.49826700363755	177.1769721521889	180.3615455044923	180.980047187384	178.23552714498695	180.5154157913974	180.10202983528833	179.60988294490758	181.21828050791427	182.31399634635278	181.64233033088075	180.20538638839943	179.0620498809286	178.6877669256018	179.90635271081877	178.67701382199826	177.66410193576496	178.6529844464406	176.19253137667172	178.51986029799738	181.2759134524837	180.03335322908617	179.09959330849557	179.7470948608219	178.73990979651575	181.97773747807204	178.21632436319538	181.72786111596005	178.36405110459825	181.84187537476092	180.46918946708135	177.63445948500058	179.77974773631644	178.6130770412583	180.6761024465641	177.8678964783386	177.39952741927735	178.55210341292693	181.79255494414247	180.06487079621544	179.63467054278746	180.146828631388	180.02218446767594	177.71733386485963	179.96058809565093	179.22576431675589	179.69017115229016	180.3471963688265	179.46873879688482	179.6790098371649	177.94909305771756	178.27816560865062	179.4144216971227	176.55035045308603	179.1332408533689	178.1693238892129	182.81342027846046	179.50858091941868	178.3629068740395	179.70860928896732	178.37614315627275	180.41923315291612	180.37361302928096	180.0726479647675	180.63338668958093	179.281190184806	178.4569914134609	181.98734031918306	179.06431295127985	179.77376464369286	180.52526893035528	180.64907249364302	181.87757737095316	177.79052466370246	177.62809917872787	179.60764659527405	181.53273298929983	182.00172451020222	178.89181975727197	180.2761735801678	176.79301119405181	179.201494994718	180.59224517689626	178.46330149239202	178.85676284787857	180.51064283198576	179.57424624020183	182.167735777604	178.4627970755335	180.5402453584262	182.6087200994021	181.70270052723285	177.75251241368153	181.6935975998618	181.4465919238288	177.83487324323028	182.08560814664608	181.7329950759576	181.35155239759973	180.37932772771302	180.65294264480374	177.61442455426317	179.72234590627596	177.77211564146296	179.88086836761337	180.22354825274073	180.46597494037877	180.78492058888327	180.0813911047209	178.96728766616425	178.0613485623069	177.88701220418622	179.35904252984815	179.83260706827156	180.9320974716174	179.79748081616177	180.04418966880712	180.7177035926027	179.03528627569113	178.79469643528856	180.45381436921318	178.81219326574083	179.42649537119843	181.04887456283458	181.5304332004382	179.0202835394574	177.16447311021994	179.75837903077417	180.648306411112	178.19128352121916	178.08083259042075	181.58887065362532	180.3649161290209	177.94931901094483	179.43311485945205	180.12629196403853	182.6176232024743	181.7173941105563	176.75268057998863	180.80300065801765	179.47048739547847	181.4154245765812	178.4897758923783	177.12815471137162	181.254805955983	180.41404266231942	178.39532518449494	178.80278209529192	181.2826039167797	178.67597284176702	181.09048559415376	180.41782958761885	180.81986247628032	180.41969066733571	178.68262036022026	178.91543871813812	181.012042495287	179.61061564254192	180.06420057468546	179.1021065110767	179.15903460166183	181.31171793807343	177.88255191855325	180.26920633366015	179.0370717159387	179.8108234988869	177.29461916948003	179.75891352060856	180.47362819523272	179.35064709910216	180.5808604100344	179.23167214584743	179.79525897431475	180.4070939254107	178.42331669875696	179.02316203118443	180.44382419511177	178.9077650244414	182.12774402518508	182.24097655849548	180.1736418910401	181.2422528810305	176.8900920019671	180.48763011164223	178.70497940415072	178.9973552653525	179.53712990379967	178.47900142056366	178.88013520326453	179.21952281749165	181.19464625426633	181.46494579237736	179.99231658561231	181.9204631749806	181.24688311153827	182.0998273359567	180.5050533451103	179.20860298150166	181.36435650615917	179.0159155164718	180.4339978518576	180.56414032095	182.25492583108908	177.81504996873332	177.67072502422022	179.51954096616396	180.3774258396626	180.14613660525552	180.8111560106902	180.65279302642082	179.81981134674163	178.0198916762323	181.96790531365755	180.8526151873025	181.532766764178	182.17191337811602	181.59178359917368	178.68177380277206	178.02598637369482	178.83440332288205	180.0643444510751	177.70539523086984	178.6120255431769	182.33591274658139	179.10275647167148	181.36070207717043	179.9072949428314	181.34475480371296	181.06658876339952	179.1118336716271	180.97576446486244	177.88705605411272	178.67158772652672	180.7986697388739	177.73650943253836	182.04855480659714	179.62482240558927	179.11773662484265	180.24495507057043	181.0413305955256	179.39386668969837	180.90366158257342	181.27077860912567	178.0255520122132	179.33312745805577	181.2994947360254	179.0030240450904	181.2033170064025	179.53821279433004	180.43512941372026	179.77791914236073	180.6658871058922	179.34904206938265	180.7542450434846	178.15415468143163	179.02409370810548	179.8999129408361	179.29597158058712	178.9665904871401	178.4727547137472	177.02133406195486	176.4787818197304	179.96027809308072	179.24786740373168	178.83669224426865	177.312315933167	178.80429361921685
177.78787704510086	178.09849019958452	180.06873859235253	182.00245641268734	177.60204822606315	178.4920535460052	179.31468324884938	182.61479743998504	180.0738036065661	180.6835893816229	179.999529613879	180.29174082646742	178.72601936550882	181.78756766028272	182.96688739350267	180.50477280293865	181.60698534596335	180.6091766286532	180.45898222146292	181.84105438604084	180.04663381723333	182.43470061081305	179.52590228883508	178.61993345022495	181.20584203286538	180.25448611752282	177.9839233777611	179.14490582545253	179.60455080252618	179.90020484932643	182.26088372898886	179.3098473980698	177.8940466324112	180.63640678679695	177.6024056477719	180.48201869004805	181.09782854213094	178.3203386205527	180.59169372460175	180.4906848825366	180.0187616116104	181.22850989365787	182.40610473299495	181.6959244076868	180.2614697806402	179.1086118054739	178.7993209077251	180.30797883255357	178.89784730025147	177.66969901291472	178.79686384476338	176.26699166332253	178.55585034794566	181.40885075610606	180.21000720662843	179.20264310050663	180.22357450982318	178.9227186572257	182.03284628591214	178.39075432845482	181.7557109994921	178.44324533967858	182.04606620445557	180.64619863613396	178.01103735925057	179.9138242393999	178.87617467330028	181.05969049551024	178.14342728445624	177.4558835001084	179.13280967427605	181.8504155167875	180.19178387011377	179.7892253514589	180.17763839194035	180.09273154350373	177.72365612414688	180.22639326998396	179.24302573568926	179.79686611553785	180.55542146188387	179.60845550592657	179.79040409779483	178.07235126747764	178.49322341181391	179.5539098727661	176.7312769559876	179.19769829490988	178.2835790309048	182.91523922057232	179.95250268822073	178.64725015926112	180.1217935912371	178.4499520633758	180.8373387689942	180.49288047554782	180.29363566411502	180.76862762397175	179.48779771728184	178.52908617376949	182.3360216269383	179.10184131596472	179.8502728218216	180.67069638303778	180.95468354640144	182.06412154958886	177.81466536500756	177.96674765279317	180.24172360023692	181.59170484532265	182.0901608237361	178.94218299445254	180.64489372881778	176.88985067817995	179.50537210140897	180.60898443420103	178.61887548547136	178.91101526796126	181.19253714543342	179.69321713165724	182.1903174153918	178.49620261784042	180.54500730569288	182.7950435323916	182.41623999317662	177.85470901766973	181.71654259901624	181.51345817910516	178.09637021525063	182.1839961933722	181.80604935290754	181.54383616162366	180.54928332197315	180.65440621581274	177.6843485334513	179.78121670904792	177.85142028428	180.08028801526035	180.39555407572803	180.6805341543575	180.8913966061484	180.20844935441437	179.33826018730562	178.1645495977096	178.01866020408576	179.3710512900674	179.99954709098645	181.06767796183343	180.05087350774477	180.18021896909056	180.91433772878946	179.31207804623608	178.7985068192783	180.48162354126072	178.8285561758923	179.49691873517466	181.158386578001	181.66212884645586	179.27396517792008	177.33832858438555	180.11782895357132	180.7186632070812	178.33377612716976	178.36051417911324	181.87894444691682	180.7071960090904	178.16503314194725	179.44840056048832	180.2355630329286	182.7661698944867	181.84643741719384	176.8983927768668	180.93080932041033	179.5511810926805	181.5632792757847	178.53560860590304	177.52008941706103	181.50524463393575	180.4801780265915	178.52228430544184	178.80366306804046	181.43738961878296	178.68298088100426	181.09620607276042	180.84776339850112	181.09491833462758	180.61475727779802	178.9878342044899	179.00110299855194	181.19878683251866	179.86139017044343	180.15847830594822	179.2105727957713	179.22882728549877	181.69462644301223	178.12263092017602	180.40156983020296	179.05848366058225	179.81692887700848	177.30344052428865	179.89654252954807	180.61479786406548	179.71560613874328	180.99433101916463	179.47824095120336	179.89838054473654	180.55641033361135	178.43618288143867	179.11071752246056	180.52127045182266	179.0379595777399	182.23371635651208	182.388900255896	180.45906881327224	181.36965048168088	177.13965343305853	180.57278905625614	178.94894513720445	179.2592284893457	179.57585884270807	178.71453659964396	178.91962169913367	179.37063669944973	181.3601651970865	181.75295645427227	180.19635729113767	182.0007441867319	181.4432173955532	182.17489844916594	180.59620208701776	179.5401857045523	182.0118244262399	179.05992497117873	180.58498908310696	180.5654881499138	182.3333010118742	178.16382551075552	177.86240574437485	179.63806417507598	180.45273748832307	180.38210442153888	180.998718015936	180.85218581390495	180.0431251213999	178.03256525011653	182.0347539858792	181.2134661777232	181.81258803536406	182.27510625599862	181.66248690857643	178.78936852801908	178.05318340467497	179.00589583618796	180.06488159871776	177.92500368804582	178.70275006191986	182.40624115195104	179.1450531143783	181.62277431937113	179.9822616873907	181.3951896649075	181.10903032875046	179.22664525142926	181.11350234742778	177.98132496321898	178.76434742749777	180.87701532588903	177.8634218784269	182.19399026425833	179.8595613431669	179.13334110168762	180.3933527009489	181.09531806329406	179.40160031575564	180.9719196525991	181.40922100916666	178.19002853196366	179.41866436703592	181.3146927834548	179.03370957259452	181.455910547825	179.66638164848288	180.46169714333428	179.83177319632634	180.95313766627694	179.49805815413902	180.89459753595554	178.37054355292315	179.10000837772122	180.0243366033326	179.50949735631806	179.36465403059574	178.4918443175983	177.24439197606455	176.60195597372538	180.06908761559902	179.51587292419362	179.0415542197635	177.68125434976847	179.03472533970933
178.11202205704677	178.37915623278204	180.13244042003475	183.08146466210854	178.76651942903413	178.7943237035785	179.6623503327039	182.66470431370712	180.12875480616998	181.07869474659864	180.3120345445672	181.35256838876225	178.8130264387627	181.97812614403213	183.70115991593394	181.02949701510124	182.05926298101164	181.22182918631913	180.53814668379175	181.94992480196075	180.25085591648292	182.7886436525645	179.53467087460612	179.4181971398275	182.04222506282233	180.2844029306318	178.08047555535404	179.2350061876136	180.04397309498464	180.92956196795745	182.29687875759893	179.5843156946462	178.40358209097027	181.16737827158704	177.67261074503773	180.87292445975592	181.0988558649639	178.55724602407903	181.1722431742339	180.6606303898015	180.16068295390983	181.52794496660195	182.71603210838015	181.90905354241767	180.94540945643863	179.13327516784904	178.8863920549831	180.35132840134986	179.19603788842576	177.85869069862	179.17582834156192	176.5440251283595	178.7139241294769	181.72559290133844	180.70642087180363	180.3528803494534	180.82900924504932	178.9533507900273	182.33498040790195	178.67572916746977	181.93649021615138	180.3534843306842	182.10618010635247	181.400129739079	178.0935684044228	179.94486331152675	179.41269192378584	181.44235134692144	178.40029261221838	177.52793508402425	179.73965435228865	182.24638512100026	180.27108425485713	179.89171141681004	180.3185493769743	180.2267101181066	177.73540698231324	180.50232391477914	179.50455888745802	181.3628716809511	181.13608009713457	180.14771495966997	180.06271094530703	178.58824394570465	178.51449640766478	179.8640447945431	177.2577078775684	179.7180337958893	178.69661708240034	184.17430056622783	180.09973992181176	179.08448099869952	180.27698917702696	179.25188424097925	181.02372060578114	180.53309033017015	180.4826748379478	181.3507577415393	179.62729715094173	178.55871258830237	183.82309345837814	180.04856860467942	179.8727004497871	181.04964616330074	181.40445396054994	182.76164685411325	178.06810165250238	178.42523926512308	180.39564854719893	181.62430124462915	182.0936556356172	179.09780499890806	180.69175905977505	177.85033707633866	179.95399049960773	181.2754560916166	178.6964318845244	179.0780531864761	181.7690159436857	179.8167054496306	182.38362877345995	178.5285793017656	180.6170536691107	182.8743480946253	183.40457202333238	178.38346803910486	182.58951680668494	181.59209410041467	178.23845195064848	182.8856749548214	182.45034584698143	181.59456063819275	180.57640745111794	181.37949817580912	177.76539821638843	180.32709340219762	178.92361811488354	180.24122444193142	180.4643073334289	180.78905694939476	181.3441811590408	180.35196031718235	179.63302574702703	178.89882150305152	178.21966762764544	179.7177476903018	180.40631478340686	181.25597878096613	180.27402398807297	180.81655077153755	181.23936405431064	179.70549263653822	179.48283454411757	180.7125060109049	179.07684583570668	179.99740080691498	181.18064844154318	181.7906322810437	180.59647162638717	177.465532431578	180.1573397533347	180.73224163017807	179.42647763704267	179.04059914541338	181.90653025599784	180.78516115430452	178.26765590120874	179.99935516578066	180.56749315321807	183.81181604945	181.96018202055905	176.91198902787525	181.60164928985697	179.59904300584614	182.17813042657886	178.65799228745215	178.0565126425719	181.6698987276342	180.93544058208704	178.5997898145006	179.60262872992234	181.6639426105086	178.6961872920213	181.1632121519936	181.0665839080646	181.1165678573081	180.83326235005657	179.16023305814565	179.35700276821748	181.4351965721771	180.93047356627392	180.43860384844297	179.34742895825687	179.75965257464435	181.97780377566679	179.47847165504433	180.47575970177095	179.06057375739266	180.0230171885512	177.48417213499624	180.38268358431887	182.08562822024751	181.06910732750347	181.28919141752266	179.52495845276158	180.10810460011226	181.07999435924233	178.61447185952946	179.14787022181466	180.6563352206047	179.46080652845694	183.75218447296007	182.52964223977781	180.78942807144125	181.78687027999896	178.34601222466452	180.78022749682015	179.95381632653493	179.665872814019	180.01737476802907	178.82532484241005	179.2490685801217	179.70863392548966	181.6333851726475	181.91594801805985	180.75431063855729	182.03284728355007	181.81241278231698	182.89048542410475	180.79744575030574	179.69085635071463	182.01693850187993	179.47133035458057	180.93792121951216	180.71996691863055	183.80998819087733	178.57878756572083	178.2870484275739	179.9380387928373	180.5348594382575	180.59581359497886	181.13153317258735	181.3911764554277	180.37005283439447	178.21694991937193	182.09594378192136	182.3691912084869	182.71085531236136	182.5442399465674	181.71616782013507	180.18236602046656	178.23685301263248	180.67827552730753	180.5646724014763	179.24565513205633	180.13357052879397	183.1290106488805	179.2630419391044	181.78117012669392	180.07447126117125	181.4588585122388	181.264442359262	179.23598833994143	181.13467319318735	178.58008950903326	178.79558517288083	181.24677917672008	178.01458321418428	182.24133943552926	179.921835251892	180.28854463688893	180.97868190285638	182.60089456432473	180.09435686025242	181.03045353884352	183.56414722089445	178.21313141009634	180.02562874831716	181.3641945690491	179.8070173873804	181.54502693022948	179.7244722864507	180.6436827287351	179.9086762019352	180.98495688722593	179.5281857156343	181.10958808250672	178.60924229648023	179.42729829764383	180.04618273027896	179.74365772181207	179.42571089639284	178.54358489131386	177.29867619729808	177.47185237439632	180.49807918979118	179.94235952536826	179.22281195747354	177.71290236747063	179.7663527300724
178.2338719318429	179.02101915298908	180.35445329175673	183.14423532475323	178.9523228669453	178.8773243887886	179.80561744673787	182.7945284334821	180.29337694503948	181.13686534458577	180.41335888726738	181.41273782561382	178.83668175820404	182.12010504652463	183.84595057099017	181.08044450671835	182.17408829812092	181.27087706108102	180.62081720952844	182.04230537203915	180.29468376376133	182.80219917243153	179.62403363994866	179.42302463588766	182.18304935261838	180.6167878633391	178.16288144258667	179.23756293992352	180.219685530019	181.01059839711175	182.31980820325535	179.81547521527406	178.51781977661946	181.30541892136864	178.23036483325882	180.99274591744944	181.11374152481184	178.77961608078795	181.22865258708148	180.99135058442994	180.4374352453646	181.66446084483928	182.8225742531616	181.96213183417774	180.96402909713598	179.21647969971	179.0261202979809	180.75246854317413	179.30095384973572	177.86474326438338	179.301303425817	176.7314385682514	178.75437517140767	181.73767076371087	180.83548013461015	180.38302135656363	181.17230882706414	179.01889520067752	182.39032793081898	178.99026099098282	182.0368314875926	180.46419647974912	182.31342204050168	181.4438451366553	178.70866077410403	179.97258716490367	179.5429237201321	181.69329846909224	178.7643407507134	177.71618595297556	180.32046523731145	182.32153288215505	180.3978623577521	180.30722492250993	180.61506288673033	180.27978315734083	177.86870317318622	180.76735516404074	179.65327806661955	181.4463488199019	181.47348384592647	180.31042162705222	180.29493290715362	178.7161828914629	178.6078339832253	180.00406415053263	177.56813594594874	179.91563081433134	178.70139353125455	184.20455301074577	180.5437343652994	179.24486318396757	180.82226524316454	179.30299618883868	181.44173388156514	180.59963074312665	180.70319456327252	181.35523567880512	179.70067509898027	178.56543886185858	184.17109555187415	180.0860163185578	180.06737674829535	181.1934196448436	181.71006209578434	182.843274042615	178.17715580399812	178.7489679685876	181.01410448295798	181.67486656848374	182.1314548906718	179.1804060221634	181.06053131979925	177.8852083131599	180.25787166139676	181.52307189679468	178.85486630584444	179.1665026052382	182.451026877822	179.93542795844178	182.40627650080293	178.69689495743648	180.69161284518452	183.0699972529526	183.95794622573794	178.4369207697812	182.61253602882428	181.74591416770306	178.3706807315502	182.98449240854183	182.62673699093142	181.66779361179675	180.7466488686303	181.56802444755445	177.80688858557886	180.38594991229286	179.05394062473616	180.56949476499267	180.76785164735674	180.8724256882675	181.42307174974468	180.51106706287322	180.00366867609958	178.93232148980033	178.3279854292307	179.7296862302619	180.4758152528796	181.39142704864037	180.3964476880202	180.81879572495328	181.33191976953407	180.11565058845815	179.4867209980172	180.74402589514446	179.09334400279494	180.06773012004345	181.2902768743661	181.92613608864949	180.85061444946885	177.7725311654384	180.516125407923	180.8025515846533	179.4792221738639	179.32023820178543	182.15198698673652	180.9948080876013	178.35155291615993	180.11713083306185	180.80869062957328	183.9600727075397	182.0919178832982	177.17611405210366	181.72951053252027	179.6796955342984	182.2445835004696	178.80945305266746	178.31881533082958	181.93706951197032	181.0024989289224	178.7268937366619	179.60367476467812	181.9349227715709	178.70144497220204	181.2144597823448	181.49738462836967	181.39573556159456	181.02809358178993	179.4654488844868	179.44110539219292	181.62097372939212	181.31108023433583	180.66607319883596	179.4547047331305	179.92908309126634	182.22790228632138	179.59775410865626	180.6096282562375	179.09757079259617	180.15840865083655	177.49336741018402	180.54459662674378	182.22809425884265	181.30074826641152	181.56920350278094	179.77307366256514	180.2115707503534	181.1459777247569	178.6283534635787	179.23535832548535	180.7183407138693	179.59202080711808	183.8588463309238	182.77421669256984	181.20058451039355	181.8871635541683	178.54469365287142	180.86549083073223	180.0751874313116	179.9277644961668	180.0696726003503	179.19399052151596	179.34239513812815	179.85976292875475	181.93157110220906	182.20250154233304	180.82489393466372	182.07051836191536	182.0088821849196	182.9615423888855	180.83935843772298	179.8897231466336	182.50118123037478	179.5149692589626	181.08893065033433	180.76994811384125	183.88844823926874	178.92689005155816	178.338754377357	179.95276003264053	180.6103924615964	180.71017904165097	181.20931637234904	181.47725029974018	180.46005249727347	178.22946442248485	182.10328004081936	182.60184649483972	182.99082295257816	182.6478691123998	181.9203815615706	180.4222867897318	178.2690969611418	180.8698445341442	180.59244486067334	179.34789353910776	180.23047952459228	183.19184300307967	179.35125042790742	182.17577136802777	180.28278800245667	181.50915087364103	181.3549855686384	179.35395739763746	181.13918245325874	178.79098539174282	178.88625272611952	181.36028261080793	178.13967549307898	182.51179146366687	180.28966831654648	180.44900800486903	181.12698637114656	182.65404046635373	180.18737511697205	181.16639576816308	183.63317194216958	178.2686953196369	180.24614781984425	181.3849504881672	179.8372054182785	181.74806114437965	179.85065972814354	180.67020641952135	179.96233934054948	181.27188212256797	179.80429108438855	181.2500004418234	178.9580489633754	179.5030698109171	180.30391653035807	179.95774614415043	179.6931680254798	178.767459743838	177.52112062441907	177.641923815516	180.73985680873966	180.07708536296042	179.29443244528215	178.08278720516478	179.8760435186856
178.2755735592531	179.14149508868664	181.0144531486522	183.20614772879628	178.97043205108142	178.9485466144855	179.83574148404696	182.9430049313743	180.43452760770333	181.2631920309936	180.45208597462096	181.43249310357032	178.9482804478374	182.19902393993178	183.9721594555119	181.33232053043784	182.38653614938534	181.5406259114074	180.76368908382514	182.1330889568483	180.5553755926598	183.09957149506045	180.0335858264129	179.76302518960705	182.20341023466247	180.85973195184232	178.36437813282276	179.26227406499933	180.63446519836134	181.03910055703727	182.3667610563696	179.8930133807241	178.63211122792003	181.44339283787977	178.27709340655332	181.37235885994227	181.6802138589758	179.03651816164157	181.29847952848135	181.18065449273053	180.48849025154965	181.73992664788253	182.887025910503	182.18329963129818	181.03175747186555	179.36825298567902	179.11902824121503	180.94726549908344	179.34813642216994	178.05806413660153	179.324683129097	176.8258709676127	179.01832623568347	181.81006678046802	180.88308632206144	180.55399148174604	181.54437879938357	179.1080102811796	182.41830828147664	179.21348666363141	182.08463727420207	180.6914107581345	182.57771361564917	181.57739951494585	178.77551282499675	180.08050766564227	179.60831077668158	181.87490224392613	178.79711830307792	177.76676714483733	180.34461681259575	182.4499543626472	180.75957128561586	180.4970657339653	180.75161398407522	180.44277899595022	177.90638208376356	181.10576722632922	179.85229667495435	181.69652593081932	181.67261125365616	180.41268221300962	180.71413702146822	178.71676564333208	178.90219458820062	180.27584034288225	177.63589909458906	179.91726082201782	178.71150066911426	184.3326437332085	180.56270221728442	179.25007922089443	181.04455406622915	179.37218652705468	181.76296781214913	181.09039760652752	181.06890196159043	181.5560243984873	180.07240250437033	178.62036945422867	184.3800255179057	180.2920826209022	180.1836100032324	181.42006139591965	181.9104208410632	182.9476976060271	178.4890831089581	178.83183850266212	181.08609436075272	181.76581760046156	182.32896333363826	179.55627072566696	181.17430395538435	177.96664936475716	180.36817781230238	181.7877145251371	178.87060791509913	179.20094479746342	182.4841707033191	179.94524935573688	182.477775127041	178.85883944572785	180.71278591887443	183.14706510408794	183.98585633792482	178.48573147468568	182.6793253949174	181.86795349070357	178.42451840624256	183.07947171974928	182.65565201602328	181.88903932311246	181.00603954543342	181.6230837808361	178.00800491625444	180.8264444323782	179.16455396710234	181.09541039483113	180.83643182778417	181.09784711066072	181.5063825159143	180.6082650080506	180.08083118175284	179.1959454492601	178.47447205850233	179.76708601586455	180.84058630755823	181.52322724817108	180.53186251136336	180.8788042222301	181.4357612698175	180.2940768970322	179.60728057867962	181.0084794147003	179.61725768891915	180.1842152090439	181.72996906233854	181.93916288759195	181.2148272075486	177.8529608794248	180.58933012436339	181.47099181408973	179.49354209741597	179.5692781388757	182.32701212970687	181.0457078243779	178.45831923338037	180.1622389914522	181.0668441432822	183.96502744542767	182.09732425828943	177.27926309997915	181.79276343897973	179.9163744243249	182.42165139360495	178.87658471704648	178.44574344141364	182.0347471031471	181.11359192710884	178.73038889638124	179.60951450570778	181.94451465368437	178.86994855652657	181.23372941971814	181.69024123592428	181.65917731343293	181.23575147911666	179.5915770305452	179.61581927227314	181.8749719726243	181.49164211470088	181.05782563152863	179.48339532914642	180.06246306135543	182.33156384335848	179.6203455549667	180.89012490153655	179.12643060199568	180.35859749874598	177.54186701045668	180.65236965324257	182.26469389997519	181.55471315844372	181.8948845754924	179.83669317438793	180.65663533925135	181.2547583879472	178.8115778523606	179.3159351043123	180.90348862237352	179.5954307569951	183.940165500613	182.7931971093083	181.29992561999947	181.91422540752922	178.62418706129523	180.93193560771067	180.5002672984939	179.99721712419117	180.18851531271386	179.19960067472965	179.83733799509523	180.28951998814964	182.04544006977724	182.45199704786154	181.13733517513947	182.13034891799776	182.50256898743473	183.07717206357196	180.86296741946146	180.09003916106923	182.53260886242342	179.55900221939086	181.14619011515254	180.77400640348768	183.9481525393873	178.97848102212336	178.42037247875888	180.14020952809256	181.2253598561778	180.83966119446748	181.54666390582236	181.792504212707	180.7001601867066	178.2985952672135	182.2235870547096	182.63874954547725	183.01094176939748	182.6720877102376	182.2907011435545	180.73331670479365	178.29891411286943	181.03103048540035	180.63963478302298	179.470802502285	180.444673118038	183.28163245255655	179.46428447043354	182.24691600618235	180.56518159834806	181.75962922164916	181.84957229600687	179.39850404271863	181.8063170228929	178.8200478812905	179.10289052289298	181.70530327694541	178.2978219437882	182.55691362515023	180.4281274937215	180.53843586776512	181.13315196928446	182.7204611672851	180.2348227700033	181.71879532349126	183.6706441563565	178.6338078483624	180.56629464255397	181.67208708140555	180.0633003846195	181.79842384220322	180.0072648905221	180.81933087393264	180.1787510771008	181.5192545539494	179.80859304068431	181.3252364607172	179.04064758161684	179.85736605722374	180.50943515485406	180.14843237640144	179.8439702994347	178.82879400755758	177.8164231520615	177.74741365649993	181.06895342558536	180.3747239661579	179.57774384306828	178.4862057921016	180.08285933769363
178.28619612129216	179.4613783249682	181.20141488596775	183.22084681525837	179.10910174227607	179.06120956711365	180.04562882456528	183.21839226654248	180.50963843853256	181.78270323556075	180.50620557605762	181.4403504944832	179.0998567097242	182.33436274100526	184.1295196623905	181.54819830298754	182.94258266937143	181.77261804649018	180.78016561183546	182.71605641311456	180.9783594420222	183.13320905155757	180.12286795000142	180.01793172812012	182.2706877402036	181.15780117475958	178.61580613179103	179.39271019026052	180.8765463513862	181.09279458023045	182.39578302694673	179.92781309419686	179.3770236977383	181.49450833938099	178.49403774490972	181.44702927287238	181.6943737407801	179.37309582468865	181.4439278539355	181.2879162361192	180.70229192488392	181.81412748963865	182.91448950256205	182.3658174035552	181.04824430943037	180.2006035710635	179.53863981258826	181.72933702405325	179.50564933392977	178.19324188912347	179.71161288682637	176.90678576968125	179.49116679889931	182.25621232462248	181.0381460450616	180.58935934161812	181.64598299762855	179.74396633154473	183.14870890477255	179.73602274491464	182.17767077554785	180.76170911132468	183.15843912185602	181.6878036958804	179.36613898329898	180.14640612389084	180.04449928502393	182.01314320057145	178.83718206918277	177.7785337078613	180.52235455438762	182.46205772658436	180.8658919042005	180.53049315569646	180.88913327061752	180.59359201758397	177.98728729035778	181.12204646416345	179.90775654614166	181.76837970849135	181.74577215261195	180.81962730278798	180.82543178422836	178.97582314759305	178.94768685031565	180.4764124839603	177.79809360351453	179.9294960834212	178.89991709606898	184.5955549892884	180.87478694592448	179.38579083571128	181.21165249606912	179.57053882529354	181.79281386764708	181.11682277008566	181.07532182574957	181.6799049076841	180.28520006449082	178.72833540718275	184.39817524933176	180.36729143721666	180.47778370738683	181.43947056364385	182.00832032900047	182.98476801114109	178.51327723923828	178.8460153186566	181.3176984870582	181.8630175001154	182.81337301220844	180.01203189475487	181.42631433919928	177.99564781811296	180.7175741558115	181.9038623955754	179.09091463552417	179.2456051829719	182.54513052609676	180.10652684144296	183.31479336933072	179.0629076091012	180.811508622229	183.22173268303598	184.1730768103296	178.60729457444447	182.72298870409273	182.19673604039986	178.6819698142151	183.30883658391127	182.66239426292339	182.27055568500123	181.26662211489014	181.70243807983866	178.26942889641023	180.88496793106768	179.56566489788648	181.16205503845012	180.88931469539364	181.3093644345485	181.89475643032173	180.65559043138643	180.27725383357821	179.29900463310076	178.6792406744131	180.19083415567496	180.91012727491434	181.60732542659167	180.74031554095387	181.00912863389806	181.59491078934371	180.34545851461235	179.73251793542883	181.19993382010213	179.81542381898984	180.74704163588348	181.86798019593994	183.16375546303803	181.4508148812041	177.91460332820046	180.92168274553907	181.51994532686314	179.62194282878673	179.61538596292436	182.85614981933614	181.296211396453	178.6026674004451	180.21342095075144	181.30038035275558	184.42156860118536	182.12780439272083	177.47835844697755	182.2921572862054	180.0776260761549	182.51498051970546	179.33305528780357	178.94993623361034	182.07410548751287	181.18079758690192	179.08701527110114	179.94270172851168	181.95011620559248	179.6536861926044	181.37289158462136	181.9658530110018	181.9684024380322	181.36994189468825	179.86686540859648	179.68375001571013	182.1040959143985	181.54143624914298	181.28406631831587	179.6176893492616	180.15843026513764	182.38757756783468	179.83194920166355	180.9999593132164	179.19041496757086	180.434651307701	177.7673753134299	181.2244981001133	182.7029978233084	181.64704745637567	182.28075553221308	180.18100031469572	180.8165115041046	181.2685965760525	178.93727442392458	179.3541910761929	181.55218843705507	179.65362069987805	184.13251786326717	182.86355374789503	181.4669935178422	181.98455361408443	179.00606114353076	181.3061487862881	180.73168409022588	180.89123865600538	180.2071337669923	179.4894265165683	179.85187941952736	180.3854019742045	182.4747470198998	182.55152780098592	181.2641024994523	182.88566126259346	182.57636936620344	183.08839238851527	180.9542131073595	180.2021490621108	182.7009587983014	179.73433379020187	181.43033020143233	180.85298298087412	184.3181602725793	179.02587630502484	178.47938189914572	180.1549940972565	181.33819572692903	180.938483567535	181.56973757387584	181.99174326303233	180.7903607426416	178.94158404795192	182.39732902188732	182.77093096860995	183.30746089491115	182.68057458290625	182.35736879151926	180.93491117716212	178.54582052948626	181.08451818091888	180.7728753503851	179.76110735583077	180.62593651363244	183.2859395333247	179.90540782721928	182.81061174334226	180.77351887588674	182.40958338413924	181.87581817122899	179.57898680428403	181.83194806078802	178.93367631975426	179.90967728306921	181.9264750571984	178.3761792864597	182.6298711045021	180.44675772777563	180.5661626781815	181.19440620268475	183.0175458854551	180.41854352030253	181.76732670695185	183.7207906201379	178.76396745483154	180.61577250392625	181.70677455275438	180.09366339490518	182.05550577063855	180.26364175582884	180.8878819200002	180.25954811139306	181.95936557228313	180.01024880815802	181.5204734232766	179.3041407572141	179.93071654034424	180.9742346609876	180.4286244362761	180.02824402345857	178.97106782893556	177.92311034417855	178.2139479596346	181.1417769162071	180.39417534712146	180.06855544818816	178.49007618730982	180.1048988012613
178.64978308769724	179.53622543873016	181.23554032321155	183.45448326365172	179.21332286881218	179.08252037705617	180.16733606099277	183.36924509731654	180.72897018472995	181.8068164875841	180.54352756993404	181.51378216413687	179.13213647310096	182.41498785268845	184.13623983890145	181.92602436952302	183.03686896939158	181.83692195019617	181.34805615499596	182.7387025373265	181.2184331412234	183.18658728808884	180.3177796371774	180.51999864225172	182.5289895133743	181.46705211421425	178.68486929174946	180.05396660922347	180.9559604330962	181.14645446058375	182.41598539367308	180.3097656440427	179.6021063871253	181.95362235902624	178.57857478116767	181.58403850619308	181.73160847816985	179.56696480583867	181.54331674258054	181.51168513289224	181.18714063299038	182.01892628623594	182.92347316145535	182.50907972129616	181.19901061927186	180.28710034844204	179.71439383539698	181.79913631895067	179.50943195957663	178.2528156971267	179.9600911976841	177.04314132248982	179.7550797062348	182.45281219503673	181.24249196137214	180.81691421304365	181.74647815601136	179.90693300849154	183.16900817647743	179.95931889249815	182.32195285311974	180.8429973403425	183.29811390153074	182.34474269331517	179.45685093780682	180.20149912212648	180.10988529632314	182.19189988168117	178.91904157068953	177.96706933878485	180.86976924280188	182.57602953523823	181.28716854240622	180.67150852124794	181.05618768920198	180.87888522777553	178.14863490078406	181.4046762738233	179.93573130445102	181.86621036469575	181.91217383442316	180.85747624000024	180.95352326431478	179.14554361912909	179.1206712231111	180.66771221140704	177.901182845678	180.5144979497428	179.0177509003249	184.65815193007424	180.96547618462037	179.46874276700194	181.2495641398793	179.64598438775624	181.98168282813302	181.43730983562892	181.19501023257422	181.7494531595824	180.31186132253907	179.07963822495842	184.47431495649025	180.60857408233838	180.63309576876281	181.5694594965703	182.27252635451137	183.06518901410703	178.63294798819922	178.92217703756364	181.64153252776993	181.92889886844497	182.87649821230735	180.03689837247538	181.60883653975543	178.08085670980984	180.72205929042013	181.9371939189085	179.32642615748372	179.3204677585345	182.57797951140526	180.65968202118825	183.62411338022102	179.49568929810548	182.13111867246857	183.45538749333144	184.21207938248332	178.60874252441678	183.04231997138493	182.35073814860132	178.76276613020917	183.431653166859	182.74642928246848	182.43170131643674	181.51705337334707	182.30163746352542	178.52314099814942	181.44567332145402	179.63554324402864	181.37941717657685	181.40306179382466	181.33827934983748	181.92388033531924	180.99096321633496	180.58285349567922	179.46308430789657	178.85513102598148	180.22706445186515	181.66647461977695	182.20271474831068	180.81376919005092	181.4345004888634	181.83846715290366	180.73558982375278	180.09437943032964	181.4001603411434	179.88366715644844	180.92241999302797	181.8855190162085	183.43621201117148	181.46956175318866	178.09323568055547	181.2122849712804	181.82488818254464	179.91157453785723	179.84673749873414	182.89910152917582	181.38680474287858	178.85514919376843	181.08368943233805	181.62297313937293	184.42822848347097	182.1933988239423	177.57940372677965	182.54998357359673	180.45620481794407	182.63341567058478	179.41877244462964	179.01117692518858	182.1014623179743	181.7240605383588	179.15056736240064	179.9437268156319	181.9870433386024	179.78075809738937	181.46604122700313	182.12081455848667	182.16829676701067	181.66876587213505	180.2318971364671	180.59501526749847	182.3581900674726	181.79196346487566	181.35326114270674	179.6573151951595	180.34699845476337	182.49115457482753	179.86554262616494	181.15571683192968	179.27326027187922	180.63508066979185	177.8900031093548	181.2343523291642	182.74907056191876	181.8527467710744	182.47406340944724	180.2160263489408	180.93811097257856	181.36070077093754	179.3008397810252	179.93492705831173	181.666067387684	180.27596546807672	184.21447518007668	182.89211943379783	182.14726822465303	182.02714890500974	179.13428053814374	181.4428962320438	180.76697593564555	181.04785836083178	180.75362463607306	179.5023580087347	179.93683224462632	180.64086194455282	182.56286048359001	182.86465778499922	181.46802356225777	182.95452400319567	182.72373225299233	183.24135499344683	181.18317698092062	180.48962020921752	182.7365247714158	180.03658268179367	181.63313206909586	180.98756931866953	184.38000078081186	179.06279120169512	178.76514808394398	180.76259929691602	181.37678569735056	181.11146703777496	181.81213284715375	182.4136923299344	181.22983201909997	179.0207315168448	182.52846644897588	182.80190467942592	183.3516557645021	182.70472227754541	182.75665194547224	181.17537854393092	179.03746988785184	181.38829495796392	180.9778701728691	179.95305180949126	180.6912920892726	183.49208535384682	180.17216976188445	182.92399244356648	181.40346427014137	182.4574885111815	182.00546932859905	180.16521904287134	182.06735515318314	179.09603723965768	179.98382051813266	181.99795523304235	178.72107109730933	182.800420386306	181.0153292000071	180.8460108094597	181.43066020146566	183.05163840733096	180.94754382120382	181.85177718178844	183.76590166430006	179.1575297879877	180.88920467640784	181.7261294030951	180.38567634099263	182.15604929931754	180.38631876936594	181.1803614810199	180.7706655316575	182.35292310092444	180.11523620739015	181.81798548330272	179.32157224430824	179.94983607592775	181.2538429709916	180.51834941741532	180.02942305478336	179.0358770919478	178.28217750966616	178.29625508587512	181.35358785412654	180.66220300210884	180.3517240688087	178.76820442181855	180.33527983030595
178.77094285750897	180.16741149299781	181.43324645359036	183.52603265763017	179.36030947596936	179.57190545269256	180.27415585370574	183.55872129107541	180.8108402671831	181.90021570827565	180.70118683006788	181.82658517429923	179.38541178279797	182.4879021087615	184.40747555144463	182.37620003809192	183.06330578566187	181.91073631699336	181.5884472300679	182.9622062787933	181.5656118999295	183.40350533117035	180.58259599977495	180.79315060924233	182.75873045849605	181.56089902777413	178.92374823877745	180.18437805914252	181.13151458420444	181.15699645676372	182.60910570084067	180.4353684268243	179.65418006718787	182.15276217190672	178.6047125797102	181.669588348852	182.3947985573529	179.72124582895984	182.09090580777183	181.74223962276653	181.33331414380743	182.11458188375434	183.00194510064247	182.84191124081482	181.23341652357578	180.56456734071836	179.88482166999924	182.03365619478473	179.6125186080721	178.5209842468964	180.1551882228145	177.12499242218712	179.82030309564075	182.84710855634964	181.28136557076385	180.84610214630632	182.0391313420242	180.05851127479679	183.28296894032985	180.14053782752512	182.40894100451325	181.06195986411265	183.56836045433596	182.44842995386935	179.87221310504398	180.46914229894278	180.59659660809203	182.26382346287113	179.25980745115922	178.03622140571792	181.03691813614896	182.64798483659823	181.28901077399732	180.78141412662276	181.19382237506434	181.07296372438938	178.33370142104204	181.75859727630996	180.0571302365012	181.89255945649637	181.98682087651176	181.01290670153313	180.99121181210967	179.17679823218904	179.28720505274796	180.75489705660416	178.16174963644346	180.58208915332213	179.49648612607706	184.68904652218797	181.39953141131772	180.20490087156566	181.53709040359485	179.69725496367184	182.0732310629643	181.66097014318004	181.54530394112257	181.88471688024697	180.59128938570825	179.10326189059128	184.82816494610756	180.64740113327204	180.81673217567547	181.8601937823602	182.41865905128907	183.0930070838902	178.67539101994825	179.11855912264932	182.00267438681178	182.00563163067187	183.00748401645424	180.09571537619664	182.3198126433412	178.104255420731	180.95914336861313	182.00339306506476	179.4983687048474	179.32059024887053	182.977877703797	180.67197919466724	183.66667299315327	179.6622093014417	182.23138680068897	183.52862531740314	184.26425624043844	179.1942319085061	183.1319627997618	182.39659820824878	178.79957832344917	183.46296883379267	182.7798989252789	182.61569469191934	181.77813261302396	182.42986447357353	178.6055053544043	181.51982200650014	179.75335917031128	181.46961752288888	181.577452378122	181.35545570566057	181.97821605777813	181.2168149176159	180.59328840431562	179.5628936421328	178.87122371002846	180.55755879715582	181.77544382723295	182.53815241943704	181.22475806687723	181.6506414069607	181.97157551523742	180.8014072748381	180.27856430071594	181.45990531475806	179.91345286281452	180.93027649628274	181.9223387153862	183.54979512604848	181.57905138104934	178.17238314897287	181.54426384020863	182.09587022233845	180.0006397340249	179.92915218878568	183.2114170776151	181.5026395530629	178.96149603707076	181.13650313071284	181.76533988401584	184.44408185739448	182.50477984359696	177.69945904146905	182.6717959464468	180.45973883596037	182.85802068919526	179.51009280591833	179.40344520156748	182.14278759163122	182.03527367087966	179.4872654240293	180.77372889111714	182.51633340732195	179.78434576270035	181.5160691668781	182.52324188153733	182.44559749226977	181.9969324816393	180.42455399875814	180.66327779838917	182.41182147312065	181.80732427139242	181.61091966330181	179.999663479585	180.3540055058146	183.09077133422826	179.95713499965217	181.415645501143	179.33190547892843	181.04783983791197	178.01405033052234	181.42041408939056	182.77744579007185	181.93143525756702	182.67586041997902	180.42835791960653	181.0796769551129	181.38542760528466	179.74254235991197	179.94811881742717	181.73741548583556	180.30965905179752	184.38650001001437	183.05490603102862	182.2101520889135	182.13878393565764	179.24367404760343	181.4498859740805	180.94771553134956	181.08917134115316	180.80608135746596	179.85748712899507	180.2385950800022	180.85379568015722	182.61012302843534	183.08774227867255	181.6973405396765	183.0178437989557	183.08526116896888	183.38110482343075	181.67373175098257	180.88913390983453	183.1963498122115	180.12794139939783	181.65004898368608	180.99859392528754	184.5080234525049	179.26070307715818	178.83510914700875	180.81445107752378	181.45979582312046	181.24496706578176	181.835175308738	182.53488788079557	181.3063601120332	179.15652089121517	182.71603573441632	183.13318869283643	183.58775894294817	183.1430064031504	183.216923892288	181.34094346516235	179.246857979375	181.4564519186721	180.9920263963306	180.11047240891955	180.82512799863062	183.51566302355914	180.3582783074252	183.4228205511949	181.46940837132613	182.75872714726032	182.09403095831118	180.25534881917955	182.15959059806684	179.30689266824245	180.19361497652633	182.23156256204	178.79872380517153	183.29633294371686	181.1627574733474	180.91716922993314	181.93358645952895	183.10997553133922	181.17386884103755	182.52953615207002	183.87656268467168	179.52342730784673	180.93653948420177	181.95015080547518	180.57569490517915	182.33108303784425	180.72310958754858	181.20703571461277	180.85156436897344	182.39347748986538	180.25239284346551	181.93963285569959	179.32409270143162	180.34540591233923	181.5758292377282	180.60936208225442	180.3605310696967	179.46328480590685	178.38314097129833	178.480207670739	181.58027436841084	180.7577142127552	180.67124881414125	178.8266949088082	180.41517508052172
180.10652652631816	180.2354784231558	181.52132784085214	183.52646768754948	180.19365369764722	179.65178017959914	181.3083180905323	183.6319426538736	181.10124184565598	182.32666784948066	182.04148103689587	181.92807080709105	179.49299511610965	182.57351809743142	184.73537619540676	182.42744792679431	183.21246455916537	181.97423857626907	182.49529283900137	184.38705553372765	181.59843088474364	183.80092008034075	180.88322232204646	180.79992577766745	182.8466036826175	181.804725097937	179.006429782843	180.38445823157534	181.76393089907955	181.20888173991824	183.57824395765732	180.74240871844324	179.6759008371921	182.22682133793705	178.90559023091535	182.04767485697465	182.4982439485232	180.4261275453731	182.227217935491	182.1026965219979	181.58080802578888	183.0162776577021	183.0964851259285	183.6045662654969	181.96674485348845	180.7210626934188	179.95876587609206	182.1644263123281	180.02607879622377	180.1436286235879	180.42193184782744	177.70653569053903	180.64860157923275	183.75216599070663	181.30047150358777	181.20669537381895	182.10632453565316	180.2775068548194	183.5189655105508	180.33059438435728	183.78565588292548	181.12794931673346	184.2472464941191	182.52180715913352	179.9390853898243	180.56226541624497	180.84307501364978	182.7284142925358	180.08244111172363	178.15872616504015	181.1930245827526	182.67522397361978	181.29262391297044	180.8931126453493	182.30408368403266	181.24087495173185	178.48172170025242	181.87425166775486	181.3614415180883	181.96056802354488	182.85943945908767	181.0206721560409	181.16070940549363	179.27473141779316	179.28728898491983	181.85191145110193	179.06672707035182	181.02703605579885	180.31248816314312	184.72855582773184	181.41870771059908	180.52011487926026	181.70348395490123	180.7985476058561	182.32743531416975	181.68731244933971	182.07184307169953	181.9219415820282	181.78986108554577	180.01423784887308	184.9544388247973	180.91742588083625	181.20660146227524	181.88112965079486	182.715453720593	183.38837353221496	179.20421040605024	179.1318760952385	182.0749710736205	182.07232234669937	183.38423334717214	180.10540972315493	182.3240194940807	178.12931556851672	181.08827459342143	182.38302986700373	179.89944052644012	181.6016872329006	183.13810673042792	180.8977366109228	183.66749782584014	179.89851099514107	182.26914429968352	183.82173929455897	184.3696749633264	179.35313315486817	183.44172250981737	182.7280668020451	179.0731191729672	183.52021844501587	182.87156371454495	182.94462017914273	182.09284461854077	182.98477191341834	179.33877108628948	181.87492595376278	179.95133968832525	181.48915146164882	181.75871722391827	181.79194677415148	182.36879859245587	181.5589036495486	180.7624648926819	179.84339855288803	180.43099440467466	181.79917903583404	181.90201316792627	182.73476928465828	181.5026066119692	181.77460266795558	182.06418089009625	181.3234165065969	180.34054248853167	181.66208281945245	180.24483909912723	181.30112628510796	182.43644634392973	183.63630523342624	181.96532568228042	178.34636822540637	181.5653265408577	182.1797434980876	180.68656550427093	180.1408792455343	183.21852641539914	181.57360691913823	180.2501505505722	181.29946104788576	181.7979037130306	184.57523114224063	183.7891273448677	177.90674487842614	182.9293778175758	180.50490192614703	183.1232438679491	179.59645170417681	179.48609432789365	182.19023593697676	182.45442332639774	180.22107870905475	180.8160729672812	182.6176380900506	180.55787669678895	182.74473488768672	182.6411703944247	182.49623329836714	182.1312326560812	180.70945595709762	180.67446004036327	182.66688328186768	181.87940878580903	181.67996795761633	181.0508028346092	180.4667984838021	184.08856556134688	180.03758205412964	182.10402655641778	181.37588322031752	181.81074560634784	178.42547514476968	181.980729577861	182.86750149168222	182.0671075732975	182.82068039144363	181.04334871279198	181.1474657518051	182.49442954541206	180.0561414403738	180.07885271167444	182.32940529096004	180.46793621440818	184.4297092563484	183.22399166648032	182.30275664558226	182.21309358548302	179.4297521197439	181.67687282300145	180.9757694760871	181.0910188227393	181.23078159190996	180.02663545119603	180.39407662705094	180.89990295052732	182.65521139645304	183.54301503315426	181.83466926308898	184.74513470699225	183.22554883804878	183.57426031008885	181.8618932753813	180.93533282083663	183.2985563131387	180.18951958647713	182.05806564411674	181.1274687290787	184.99048925287664	179.30788966265754	179.36285109503322	182.08004926089723	182.23648762703652	181.56514152503144	182.21711008513734	182.6732529712007	181.386273553404	180.34218262913518	183.52860164732957	183.4327740816547	184.41983243359692	184.57078814754246	183.31256652151058	181.51528523170492	179.29787024331665	181.47497404808593	182.0682535111689	180.1674933253155	180.89896215105978	183.56895268435045	180.52945472866304	183.8458038100272	181.54513753429282	183.42102220513453	182.12810224791806	180.3046396009936	182.3464701274197	180.42416059980386	180.2408872478496	182.31002818837254	179.1117167109957	183.30524446834502	181.31659956441462	180.96376224289355	182.17258968729237	183.33939134209794	181.338432540377	183.15388290212576	184.42161129546565	179.60553932316242	181.3240456445681	182.77119322533107	181.4468976944266	182.85601675419653	180.72551134952272	181.87305023622798	181.5525967203445	182.74693576627405	181.01881509208704	182.07818070596235	179.65294374007183	180.7339005560168	181.65044097770837	180.79857627985726	180.5124125226502	180.86978501535756	178.4425468375755	178.6489634176334	181.7916660573221	180.89320613473458	180.72698843215	179.04388863818448	181.37683213777046
180.14786450517568	180.35580016166716	182.21383769676774	183.59640829699097	180.38486003141492	179.71546960028417	181.97289083959782	184.18685505492016	181.31310968771263	182.537556786456	182.14209895699312	182.58179932972521	179.5044973375626	182.62188703126742	184.86006717625224	182.81967251041712	183.90943434840554	182.63843992727072	182.54497026227293	184.42954292970524	181.80594337253663	183.91729253430157	181.24626816979196	180.98386830833144	183.57229277137566	181.89472324968398	179.18383658406066	180.54223878338055	182.2882308866559	182.32350428430064	183.7491559893486	181.5616746829302	179.81825334046536	182.94700386869383	179.16562742592538	182.4725149885864	182.61647788221643	180.9549141080371	182.32887573611768	182.49907342351784	181.8850758552041	183.475189334971	183.67105108866494	183.87956183741622	182.70248383624707	180.74022676550862	180.0064945189291	182.22043844610897	180.76282508369343	180.20554568585973	180.68622917756525	177.8519034907154	181.3190173469358	183.88744384967282	181.35252080007413	181.4449371789177	182.433090445094	180.65605148376576	183.5981106270348	180.49155251629676	184.08778496466502	181.17365597775074	184.4485332433425	182.55905708075593	179.96014931676635	180.75208105641417	181.03175076075186	183.09529310989242	180.20620735292763	178.21219107179044	181.38456314184194	183.34108339529504	181.5851644660202	181.06719681860488	182.87826414819867	181.58986055604626	178.7327310424914	182.35004369702114	181.57982525213822	182.05076893491017	183.3065039058214	181.519229335634	181.61096247758513	179.3051706659205	179.40296946628175	182.19545181779995	179.16856018041352	181.690404318763	180.563706147285	184.88779867080007	182.2842055231182	180.80614727618158	182.01182640899776	180.87263968280737	182.53059798724402	182.15406143915214	182.10351755884142	182.11782088661155	182.24120674021972	180.1107890481496	184.97048125576114	181.9795262861285	181.30600127054913	182.31784771047418	182.96266554169668	183.4824144122167	179.58283437774136	179.25055221596548	182.33802671411016	182.2164419400331	184.03779282310998	180.73177916159645	182.62323961495466	178.34584659360607	181.20278735499727	183.24801444640053	180.199342476731	181.95720799097973	183.32662446197784	180.97775203378683	183.8446282495138	179.9591211577756	182.4442082511557	184.41363506276375	184.85916365283433	179.47825796973416	183.64183848525514	183.0674510815613	179.33778067316106	183.58715802288788	183.59817934664207	183.55433331878947	182.61471126852928	183.10739196295827	179.6006873579757	182.30746506206808	180.34279867471733	182.71976630909364	182.13804760488236	181.9706942935455	182.42406218805363	181.95949343744167	181.1989923189754	180.00940434025821	180.54366376216618	182.14156040661928	182.2705431884117	182.7463553892344	181.615145603311	182.13630364217076	182.1014253836098	181.60468880494435	180.90346792989976	181.78428862740498	180.73901889680104	181.36614466336928	182.56355549615188	183.75935013497502	182.00315936900026	178.5370738205514	182.32928494139045	182.55982927023356	180.84339354168273	180.82317943981445	183.26075394474995	182.31170090289717	180.43530241054145	181.86385857953783	182.02396937299147	184.63840681472445	183.82287332797077	178.00768277374974	183.41503783423911	180.7572125959902	183.18978341317012	179.73737336192755	179.67968636673766	182.4591431880163	182.4553666647616	180.28584358564103	180.90781767993107	182.73288368591986	180.6186481157707	182.962938866431	183.2043335646308	182.75930452308714	182.55422747327987	181.19755855196775	180.95757350991403	183.317827912551	182.491674803189	181.7852842263408	181.09286943113642	180.61104513167982	184.11802563240087	180.1347176720644	182.23736432009113	181.4553768080983	182.1520887517946	178.48206264365334	182.00213013652413	182.95230536868692	182.163344391259	182.8686758336739	181.7147677819624	181.41568015872215	183.37807554869295	180.3146167121948	180.11073376116727	182.4466729902707	181.05837453733056	184.57224824340767	183.48787007696666	182.95920599366093	182.93706254183692	179.54547536599804	181.9025405889886	181.40605105059467	181.37461465327758	181.72895991315355	180.81367122601662	180.8360624377459	181.41994286159323	182.88699830574228	183.95849826664707	182.2760130731347	184.80326505739492	183.34802852174752	183.70142974417834	181.88656699038972	181.2384855498118	183.31778151076125	180.53905998491697	182.4119596779428	181.2835423742843	185.11581597789993	179.39619196917	179.49466751613912	182.14904917696353	182.2426799466086	182.2260193089275	182.8543393875176	182.80520593575181	182.120253410652	180.39635719463786	183.9891317884034	183.69820289339268	184.46642712748053	184.66956014789386	183.38930981836154	181.61693210649153	179.60942953334813	181.66304594517067	182.7098931598392	180.22946272463554	180.9932992291594	184.38208712323015	180.98586973147312	183.95887243220412	182.19401708867315	183.4680013290364	182.71673490713607	180.58316581321668	183.1104558699437	180.63135074053648	180.311884187717	182.46354389343443	179.40445690423107	183.44158386143306	181.68342410357857	182.36593512168963	182.21340528722544	183.4340098420356	181.8742592655169	183.22219310554965	184.5849962682047	179.658637487651	181.63107776833544	182.85401445514043	181.54948944521826	183.53345001905527	180.91877387830522	182.25938819318267	182.02817541060702	182.85316570781552	181.60767121548318	182.23842322258574	179.75401457961192	180.8563951297913	181.78879511569292	181.1459837638308	180.9584460271196	181.07368401839278	178.7458295028901	178.71614292844882	182.18441096011614	180.95909738663624	181.36792704298387	179.19820752393147	181.544584346861
180.57721504321984	180.8646494373841	182.43482163117696	183.80772881371206	180.4759168563458	180.354048349384	182.26797215210013	184.31755178182516	181.5521528630331	183.21425630277957	182.26320269699028	183.05770806597948	179.61216370833895	182.7811407090821	185.07121361016505	182.93698687330289	184.0584915313399	182.7689021351547	183.3022357784625	184.61241390480686	182.11994278049676	184.39940068981062	181.87330464567455	181.1175593183057	184.10471315859695	182.23261400826772	179.46557896061825	181.26727373360578	182.54280953397566	182.39040421922837	183.86137678033705	181.63325286932738	179.89085449978225	183.1543848673336	179.40332966201362	183.20587160393055	183.34544002285676	181.1726544076858	182.53189397898547	182.663381392186	182.34404078848	183.83521645553233	183.76470695327401	184.21240498361362	182.98655367219874	180.9544167017928	180.11929938066405	182.30124057260937	180.86559105943573	180.5408907274901	181.2786794849576	177.97969074707817	181.51593461729152	184.21321285067847	181.43819389024287	181.8021023058605	182.5895739103183	180.94387305155246	183.66677941378083	180.7373695389082	184.17556767213298	181.6181432915421	184.58880416188936	183.45978499951588	180.42107430585162	181.0780465986621	181.7635457598548	183.16646349355406	180.60241865955663	178.3371948545466	181.47566373730757	183.46735560986713	181.71165635451118	181.17799045041355	182.94913849995294	181.72346140275442	179.01434774936152	182.36625946134967	181.6332863463302	182.24360271952582	183.42824645293223	181.553125230677	181.9503973800781	179.6682423752895	179.6308451090419	182.59660742472602	179.36527037586208	181.75821406806975	180.97560270242062	184.92418974433394	182.39828340077005	181.60788174019325	182.1215879741171	180.89224221296752	182.74745624843993	182.65799654360188	182.56399552934204	182.1861691347403	182.54751488545665	180.5277921236984	185.31956329115565	182.15504446848064	181.55082821453402	182.46981448565543	183.53891451036938	183.5149201596201	179.63582566574848	179.57047368726512	182.4529643967383	182.31007114137807	184.16846452341417	180.83784311517556	183.33730941073435	178.41362765602173	181.2652520672575	183.66162247129242	180.37236419438855	182.03147531128445	183.75351712497496	181.08274634102932	183.88990218469223	180.2599055132586	183.91038014807725	184.5319360975283	184.95068127414612	179.5457662109753	184.0278636813563	183.50599150225563	179.64795222512328	183.66540957309306	183.76019887396376	183.73771323689698	183.19198410087617	183.90998439426224	179.73330716552258	182.9345153108043	180.55497179564892	182.81759841522688	182.21347259863768	182.3421403119056	182.43740257837877	182.11988768858362	181.21026056935025	180.04367645204792	180.5622331096829	182.63974149661632	183.08239613565482	184.00708992799196	181.89321009197747	182.3264605335782	182.6374101713455	182.06059813440734	181.0987297725626	182.17513515782298	181.10189882065296	181.37392409720016	183.21096065693396	183.95813085661996	182.43345077834095	178.7901219332591	183.08515994801894	183.26870027089586	181.2819125600291	181.1682340856163	183.639319434272	182.43898054571687	180.67421977232044	182.86795862877366	182.1324143801568	184.6692959892849	184.06947626947002	178.27685689786676	183.6616041617617	180.88513570564334	183.64504812207937	179.84888339281818	180.0062316790347	182.51897313455606	183.24323998775753	180.49105658991672	181.64731861650336	182.77217171645862	180.744677459408	183.03828754975814	183.5413409633405	182.90587361937267	183.24915333965154	181.54207167687127	182.00379508661382	183.50564524450095	182.50751429089888	181.89289801078547	181.50079270809084	180.77777640422264	184.75510461482813	180.27832801254934	182.56212147957595	181.4693953354873	182.43248762555496	178.73913345245305	182.814988872508	183.0700047861484	182.37741763072293	183.2818364438082	182.05981662788082	181.85896544540194	183.43723063510492	181.05412581882703	180.1126199801313	182.45472928276712	181.3133175871759	184.74548737716256	183.59986651163481	183.1766250056001	183.04849790021794	179.84743773853205	182.26894593116194	181.44292231639636	181.37844972876292	181.91409464907258	181.103692328847	180.93580652943712	181.76325975726604	182.90883008484636	184.31021029046246	182.70916139498692	184.8415805919165	183.3553518536621	183.92863167157606	182.5399652538322	181.35092476760525	183.9153826490466	180.82526889824373	182.68665113185455	181.3515251854772	185.24300921056494	179.57530068728968	179.91406340622024	182.8235203944295	183.04314955832513	182.48854965188627	182.89798818564861	183.61676922400474	182.7160870660696	180.5446685329407	184.23254972658066	183.96531730785946	184.83175600222654	184.99919171405986	183.4559518814204	181.89262312590537	180.3115016540956	181.7665617407638	183.0585689218685	180.44975662954937	181.14509253414423	184.61572486149848	181.05673338959784	184.39179072091127	182.89893568822154	183.9017209767973	182.9988019624934	181.37648320702905	183.30476139257854	180.7805533050333	180.31606045832214	182.73899653705055	179.89337600072207	183.51174564282624	181.9179705634316	182.69652523854737	182.45256392556067	183.44192307534414	182.1052238094064	183.8749246733362	184.64966229647084	179.78557910170164	182.08400160520083	183.01547310677262	181.99592239500984	183.77521225170568	181.0438510667395	182.36517266824887	182.55402326628834	183.0737331872697	181.81043521827436	182.51017108064707	180.14756824950328	181.17988747398056	182.1187064526204	181.38358237356033	181.2420975136684	181.49923799997677	179.0325068213717	178.81253880140295	182.46258808175193	181.12342806385854	181.75409131535605	179.5438221021976	181.75569025183464
181.15617156733038	181.31549672944715	183.6692313783326	185.0873603373562	180.57841895756718	180.54852403441765	182.4110066848622	184.4014982349201	181.90457285411523	183.79401352307542	182.2992049636834	183.16730072204962	179.96292834243687	182.92616004570093	185.22977367925634	183.9146319103753	184.8145605762821	183.20463485225588	183.5287144742474	185.28447770372063	182.78144702945391	184.5192491195165	182.09583613894952	181.32948890096364	184.1625061993505	182.70681367393567	180.09340238771222	181.64822104783772	183.8817127384346	182.55531401701586	183.90067344575988	182.04274818015236	180.73281826914535	183.35347111487138	179.44882797945667	183.28034147752714	183.8459557992602	181.3056668968066	183.244993602378	183.6839051490334	182.9615385370175	183.84160573856505	183.91080911760199	184.6038312952701	183.08928293352574	182.11117445463395	180.85881008239184	184.01874190058842	181.13807001384956	180.862398927528	181.4642706399967	178.08862810475466	181.71611300794768	184.86576208392154	182.57600030536983	183.1240486240892	184.36049575456005	181.1571227601917	184.45814889385454	181.54955285118106	184.42940979002228	183.90703468350642	185.4374084511127	184.56795484533527	181.19004641454038	181.18732336396718	181.8312129957361	184.3656955025988	180.67778505347678	178.71998233141588	183.3785796472186	183.53813600504262	182.24531703376692	181.49452725210662	183.68703416011647	182.15668653956754	179.02990092842307	182.77059787871355	182.32733166263364	184.25896198392567	184.72879200811025	181.65973622973294	183.05202581512088	180.439757128464	180.16904776166484	183.5223140102775	179.5777628391109	182.40977526644497	181.09548823384947	185.34443024644398	182.94227295270414	181.7702967064431	182.33936010479857	182.18666077633918	183.03112122958174	183.28193217850722	183.04021195094407	182.38557036538774	183.27203607396805	180.63106826681013	185.47993645194728	182.24950230731682	182.0472846760499	182.69680463190502	183.80304872623336	184.57957459603892	180.46758669597196	179.63686445022896	184.092856084916	182.40328347483313	184.2983719548997	181.65840422481887	183.95276221813083	179.52513419755212	182.8522554963925	183.77677007147744	180.69667777909498	182.07725332088657	183.91947065626698	181.20326639952398	185.1017324279021	180.36107134874703	184.0859385769465	184.86257750534187	185.20436843986198	180.17871110064524	185.12374679094614	183.60420336478174	180.10636115518759	184.95026135485224	183.9364575637917	183.96509319256768	183.75159239441277	184.89159711695447	180.12580575720003	183.9717755393499	180.63514605354297	183.62343518476294	182.4420760019046	182.53323881196414	182.96175888166445	182.63356508238977	182.5210582483375	180.4418105235376	181.46549603567388	183.0643180812736	183.9760817135731	184.09122990315112	182.37005625528224	183.03194673784645	183.38428869495456	182.56771782141496	181.2828458097705	182.31505901392077	181.97335518667282	182.17501729503053	183.40325066618485	185.32558604644092	184.56178248644161	179.1773938105548	183.49077541695917	184.0739696951597	182.6366720413771	181.481949534846	184.27749524265636	182.76162269250477	181.19555033627367	182.88344665230036	182.68910272736161	185.19110279051066	184.13571677091397	178.43667084106946	184.48534707590886	181.42929288184052	184.58976688251346	180.52339603797827	180.57187675019665	182.62675045284408	183.9432158086569	181.04348692115218	182.05391451663348	183.3514394910524	181.59276301508993	183.12812643074145	184.74714652254815	183.47991883252732	183.58791858332984	182.0403053316219	182.59760665759325	183.69172237504574	184.50496361195826	182.39287995510736	181.6374368007428	180.94682232083133	184.84816212481485	180.30672770995739	183.1839240681868	181.54784175465238	182.9751030054954	179.0870251541296	183.60023025391914	183.42498556372217	184.5815260674946	183.92713174614244	182.4370021970073	182.78225481765713	183.59502833625302	181.50822696595438	180.25672081196683	183.34706887349904	181.8048612034227	184.89282891078835	183.80973115697526	184.4035883620202	183.055644714312	179.91762829815733	182.40608182545827	183.53638222817162	183.27378573758003	182.39460057567229	181.34480634395575	181.76008440411297	182.90561987774288	183.58419736280536	184.56047722847302	183.28570117484549	185.7248415136074	183.8496119255889	184.83792542471357	182.63006681314002	181.81570891677472	183.9464201169238	181.3904146270681	183.32377134950065	181.50477297377833	185.54747064847714	180.67281638655297	180.59735184101908	183.39229035722917	183.11673109795095	182.60305872382105	183.59012085109865	184.69000849618405	182.91317758498624	181.59940759206197	184.31438257607886	183.99591563348187	185.12901274060647	185.1076554067592	183.89753225329744	184.21074332401167	180.48885017168377	184.0312876085138	183.17963470552877	180.86911558838804	183.04591037902466	184.67860320444026	181.29421591966533	185.0139421127814	183.52296985043773	184.85046324637213	183.6764678743606	181.66578340476934	184.13082167911188	180.8740998548514	181.42807712863083	183.9631035847609	180.33323205586774	183.94391204888353	182.61965982459355	182.85720555492773	183.11980581444	183.8504839444788	182.26506872367162	184.84636156350004	184.691203208169	180.0298905154206	182.34032054630543	183.42504249198498	182.98923188387926	184.1981642215291	181.3206317971822	182.68471721484633	182.84277754145248	184.08043339419305	182.18624837278048	182.63169674042712	180.96902576131848	182.1118936345342	183.20187491413515	182.36884042933337	181.5098087555948	181.77456068498228	179.43572085391605	179.43571001313802	183.03996657540927	182.40297177148267	181.97070672745048	179.81747030978212	182.98971707052988
