L,N,nmax,W_over_t,U_over_t,realizations,entropy_norm_mean,entropy_norm_sem,delta_entropy_norm_mean,delta_entropy_norm_paired_sem,entropy2_norm_mean,entropy2_norm_sem,IPR_mean,IPR_sem,gap_ratio_mean,gap_ratio_sem,Q_mean_mean,Q_mean_sem,Q_variance_mean,Q_variance_sem,H_Q_mean,H_Q_sem,S_intra_Q_mean,S_intra_Q_sem
6,6,3,0.5,0.0,200,0.8652488376544543,0.0004078078807547583,0.0,0.0,0.7947027916041992,0.0007206801808429998,0.01003832083507736,5.48505065377677e-05,0.5307119839140075,0.00422044133896283,6.351702918332024,0.0030300164765745424,6.11634358130429,0.010592542333019485,1.4302480571102922,0.0005340634539368725,3.603000612554625,0.002389097936959727
6,6,3,0.5,0.1,200,0.8671735713326828,0.00030441554941602075,0.0019247336782284934,0.0003332480992878769,0.7982280068236317,0.000539616646578667,0.009749069487098454,3.496388881135332e-05,0.533774369590056,0.003740691624403194,6.30434767010516,0.0033208161085376176,5.92686929254812,0.010531738943214481,1.424065475416903,0.0005465024421668725,3.6203795840075936,0.0017731545315178123
6,6,3,0.5,0.2,200,0.8691446601927906,0.00023348984095702204,0.003895822538336446,0.00045844168753033624,0.8019136859666861,0.0004568132337198528,0.009529041117053471,2.9751482789002556e-05,0.5403816431691159,0.004099991041174518,6.250725556011535,0.0031962022671575526,5.604230896853501,0.010346838849866327,1.4097874743537062,0.0004892752645768927,3.646123628076204,0.0014827577124698534
6,6,3,0.5,0.3,200,0.870840382310739,0.00021788973631062166,0.0055915446562847144,0.0004907155070656353,0.8053087610088556,0.000397233661628757,0.009318239074767365,2.3946481810378257e-05,0.5287574963063075,0.004101044371609138,6.179467465376235,0.0034178253622103513,5.207399314912134,0.010504578931527822,1.3898132147961968,0.0004982738100106479,3.675962091690226,0.0014664472310489118
6,6,3,0.5,0.4,200,0.8711797106691612,0.00019993531660838205,0.005930873014707031,0.00047853674942915513,0.8061592524831539,0.0003514575557930412,0.009260220821527188,2.0535427095591314e-05,0.5300611664263346,0.004102127534241114,6.119695337784074,0.003437361217600862,4.891337121000056,0.008568002114861362,1.372109427468402,0.00048200100342552784,3.695639789798692,0.001276175113391537
6,6,3,0.5,0.5,200,0.870363441122316,0.00016355724473942563,0.005114603467861698,0.00046584573896920787,0.8049424905355739,0.00029609474459873955,0.009317330159474963,1.708295370628967e-05,0.526501079942363,0.0041620370964561525,6.0646437089920235,0.0035627761679636527,4.637857998285898,0.006886914891702901,1.3569160766817754,0.00047005223248043474,3.7060848098948265,0.0010151491547796382
6,6,3,0.5,0.6,200,0.8685655717941697,0.00017899251046652574,0.0033167341397153647,0.0004655097474292103,0.8020060316882497,0.0003332490089128438,0.009480110982214235,1.9290457513415384e-05,0.5239026416957536,0.003786572638984944,6.013046634994734,0.003696143808522829,4.433576592905428,0.005608433477596453,1.3444539589092555,0.0004942536893050798,3.7080885219344304,0.001104410133014138
6,6,3,0.5,0.7,200,0.8666059724042696,0.00018152497402116002,0.0013571347498153841,0.0004799336990751791,0.7987418172779175,0.0003143463472467912,0.009667813696893594,1.8787728098318485e-05,0.5297343866380821,0.003867198956193639,5.96952554814315,0.004009073724252203,4.25832702769516,0.005001678089836094,1.3329664487237491,0.0005682752557097168,3.7081768246398923,0.0011326501213220382
6,6,3,0.5,0.8,200,0.8640023744647667,0.0002056320273476856,-0.0012464631896875397,0.0005028794770729291,0.7943862068135574,0.00037743160133598346,0.009930732214176757,2.3097373390769217e-05,0.5298518781614292,0.0037528683797765972,5.936060561326224,0.004271013050831783,4.097146011557804,0.004850073541071406,1.3211339984438657,0.0006435386502631117,3.704863856289836,0.0012434279343361532
6,6,3,0.5,0.9,200,0.8608596875651421,0.00024173470727244839,-0.004389150089312025,0.0005415017519803109,0.7889233721993091,0.0004392989021767843,0.0102801781273259,2.9515338011382784e-05,0.5285523121893897,0.004073197759762741,5.905386173881916,0.004117592661983618,3.9501568462921925,0.004211559700773627,1.310384484380213,0.0005973920456391837,3.6973320113174135,0.001444390195435144
6,6,3,0.5,1.0,200,0.8570512727964786,0.0002794915018804443,-0.008197564857975452,0.0005539048230151179,0.7826825208991578,0.000496064943557159,0.010695153366133803,3.423466521860868e-05,0.5239140375041011,0.003972442712112803,5.878009659148879,0.004048312510870601,3.8023596458054687,0.004371599050936305,1.2995978459607125,0.0005858708931243056,3.685964677684353,0.0015122656404925438
6,6,3,0.5,1.1,200,0.8520837557896935,0.0003475881570463605,-0.01316508186476069,0.000604208471557265,0.7745181094036114,0.0006062054469626846,0.01124686383802464,4.4642012453849425e-05,0.5300992872146288,0.003734363719161834,5.853266723130162,0.0043362072739827106,3.649965927940887,0.004745120206285318,1.287296754058107,0.0006125545043845307,3.6693691709694813,0.001859834029074241
6,6,3,0.5,1.2,200,0.8465425999396282,0.00033218476014740337,-0.018706237714825925,0.0005813460085835318,0.7656863440856558,0.0005799760630877625,0.011867811517720699,4.469670598442114e-05,0.5321420369821893,0.004100945625044462,5.835215623118907,0.004434232369510361,3.4994132280012837,0.0047574460990027325,1.2741626192378264,0.0005995161144415962,3.6502697862552522,0.001765443088944834
6,6,3,0.5,1.3,200,0.8390177960042192,0.0004339950088479095,-0.026231041650235074,0.0006265494637911921,0.7537166107547191,0.0007487739489506126,0.012816539034373025,6.647824208026632e-05,0.5249770267933649,0.004227383374268415,5.8261514780470645,0.004647444044063764,3.3387740652303,0.005523202650408749,1.2579908194152216,0.0006828763907252523,3.622668965128653,0.002269275417046582
6,6,3,0.5,1.4,200,0.8311133777917018,0.0004985037011895763,-0.03413545986275243,0.0006634092681639969,0.7408406843989419,0.0008508772516773502,0.013931490619126817,8.21858289057128e-05,0.5279816752647133,0.004126989680071171,5.8176534649822464,0.004642187700778748,3.1800079384227886,0.00538687143663614,1.2404089747290463,0.0007003292059738211,3.5942699304177768,0.0027312844927829785
6,6,3,0.5,1.5,200,0.8214673023410897,0.0005854483076222952,-0.0437815353133645,0.000732150480797241,0.7257194693586766,0.0009806521357057876,0.015347735245445904,0.0001074930207550278,0.5268321257315168,0.004085908367925183,5.8148371462968536,0.005022336026531165,3.021975515585394,0.005467875267112913,1.22038186620687,0.0007610698237092877,3.558184745786351,0.0031394353245061167
6,6,3,0.5,1.6,200,0.8123700345098206,0.0006360847669194207,-0.05287880314463376,0.0008022630793262166,0.7119467064701968,0.0010061785728554898,0.0167893154645181,0.00012506823994033845,0.5260966582731461,0.0041061967960214505,5.814921457591376,0.005448731240384303,2.8760892959392197,0.005357029925776109,1.2003892395695843,0.0007632679611069983,3.5252575541971862,0.003470642334274584
6,6,3,0.5,1.7,200,0.802040610989826,0.000580640000235733,-0.06320822666462819,0.000764617662849932,0.6962296316320672,0.0009223216300777025,0.01857072269054602,0.00012593398758529311,0.5226658284888811,0.0040522195518386496,5.814767559633622,0.005731320298379388,2.738844883470009,0.005346939496114931,1.1800713792511928,0.0008379178810805403,3.485488009681431,0.003211994431104556
6,6,3,0.5,1.8,200,0.7911148466654799,0.0006939049626541843,-0.07413399098897419,0.0008368193545994975,0.6803597822795375,0.0010261410486714672,0.02053508486293815,0.0001538462547535239,0.5209945959744221,0.004144132793217068,5.819327562988305,0.0062571856583078025,2.6018870821113933,0.005233219180707324,1.157490374574827,0.000967487975512761,3.4445126287755157,0.003662559574190275
6,6,3,0.5,1.9,200,0.7783871256509878,0.0008554082678608675,-0.08686171200346646,0.0009871529473731795,0.6619986955890315,0.0011765415300205376,0.02316650816881597,0.00020407261701890694,0.5222784886597289,0.0041955897540960204,5.826808757354899,0.006218270257940285,2.450627462669543,0.005055897793323142,1.1282047509001571,0.001144506467044022,3.399759684495885,0.004472904771160448
6,6,3,0.5,2.0,200,0.7633054831206044,0.000870127516472388,-0.10194335453384981,0.0009689801431901884,0.6415973213377548,0.00117319619760455,0.026627900911657676,0.00023466018621512669,0.5161918329440892,0.0043757343551071625,5.831017617966943,0.0056856097542677215,2.3012166173914963,0.005088690462999376,1.098426085998064,0.001222285774422411,3.3418067583239086,0.004577125336600347
6,6,3,1.0,0.0,200,0.8695035025706217,0.0002776518985331879,0.0,0.0,0.8024466326788479,0.0005214157122791025,0.00948963237015977,3.3419681219948994e-05,0.5231312508781583,0.004106926791844088,6.239505230582536,0.004497102405462797,5.839044318196121,0.016558358669631547,1.4263285302630877,0.0009625539354544512,3.6316699981675704,0.002165405464710785
6,6,3,1.0,0.1,200,0.8697369580254343,0.00023653994766911635,0.00023345545481259954,0.00024792140809810936,0.802797885019379,0.0004606448934780423,0.009469561219852186,2.9663937316774703e-05,0.5325647600142138,0.004008064397362092,6.226001175803924,0.004488354797179245,5.781936454806027,0.013787471410306973,1.4240638891341018,0.0008248811427295151,3.635292675628101,0.0017346602599136536
6,6,3,1.0,0.2,200,0.8695704554632571,0.00024160916698856856,6.695289263524749e-05,0.0003147132365738587,0.8028386901950593,0.0004386110799713081,0.009451847091014341,2.6593938298836016e-05,0.5244751201314817,0.0038770006623284436,6.203221979339564,0.004939058668222153,5.661230799837295,0.013105652852980449,1.418434304263156,0.0008214483459224927,3.639953696586442,0.0018395882234409028
6,6,3,1.0,0.3,200,0.8689272403409076,0.000248105122174845,-0.0005762622297140627,0.00033521966372933364,0.801763582858091,0.00046110362968329897,0.009510907541246765,2.766156675159926e-05,0.5300081155912111,0.004064045347304117,6.1751611340207635,0.005378560520127382,5.469679219580415,0.013768631672301952,1.407863120278975,0.0008779384546011926,3.646783226704148,0.001872261813166579
6,6,3,1.0,0.4,200,0.8678403844163343,0.0002778081384996062,-0.0016631181542874638,0.00036223221750647657,0.8003273878345812,0.0004920909464889051,0.009599058842051332,3.1157348010626054e-05,0.5304311155500612,0.0038682023276612482,6.1284946637290405,0.005916380040269718,5.206498187826814,0.014938036203629611,1.3926783087554446,0.0009479841070685687,3.655645676499571,0.0020215402449229956
6,6,3,1.0,0.5,200,0.86595333288118,0.0003010710278393023,-0.003550169689441651,0.0003799626352842721,0.7972714014746426,0.0005354341632320879,0.009787345856643386,3.443203520539027e-05,0.5330864760243637,0.004137707182288099,6.082006269829633,0.00649041679637,4.950310282998325,0.015345947839200973,1.3774820631259856,0.0009642334659721584,3.6598647335844583,0.0021722723028133706
6,6,3,1.0,0.6,200,0.8639710302987202,0.0003130312537552635,-0.0055324722719013505,0.0003779030215386071,0.7941724076311678,0.000544016318752667,0.009967989780142532,3.559357865669845e-05,0.5207954265322621,0.004510130170414325,6.044157692935873,0.006826505313310181,4.710522839694695,0.013716455961225059,1.3619867297070867,0.0009141506692631965,3.663828792528507,0.0021619686578552436
6,6,3,1.0,0.7,200,0.8614594887012086,0.0003225294603062823,-0.00804401386941316,0.0003847372510803141,0.7901105176925353,0.0005664016450083603,0.01021561365701414,3.882688708132287e-05,0.5230085093512129,0.003652563646953255,6.016659674055298,0.007128064585928752,4.493101063560684,0.01253495836247631,1.3468864842664225,0.0008893613741324852,3.6643191213135733,0.002107154102233232
6,6,3,1.0,0.8,200,0.8582511702430111,0.0003700410973069175,-0.011252332327610682,0.0004228816851689612,0.7847364815684768,0.0006566441887575061,0.010575788793171132,4.652026507246563e-05,0.5298020032962661,0.004305763248393481,5.994234913080447,0.007222057346095122,4.2885854886747055,0.010463823142657362,1.3319374050052033,0.0008699120952937367,3.660605055466896,0.0022766985286106047
6,6,3,1.0,0.9,200,0.8539699983628285,0.00040722223810601553,-0.015533504207793349,0.00045573744112426765,0.777523186521874,0.0007144649270560588,0.011077857270903815,5.44155650533165e-05,0.5254595495184524,0.0041923226651532815,5.973900445434584,0.007563483171813513,4.105797992418056,0.008815233063432524,1.317914602686583,0.000870695491500333,3.649723805063585,0.00237070194195869
6,6,3,1.0,1.0,200,0.8488875057748919,0.0004523079122991608,-0.020615996795729633,0.0005071401731293967,0.7692645702025425,0.0007855707916713413,0.011661063311628132,6.409383754760153e-05,0.5252992233374928,0.004366031789454572,5.959001964926231,0.007962047915047453,3.936713025153889,0.007833532845805291,1.3043544411484953,0.0009002521543807377,3.6337185422479577,0.0025178022039589426
6,6,3,1.0,1.1,200,0.8425983291006548,0.0005102106973189748,-0.026905173469966844,0.0005592661015030644,0.7585522839070684,0.0008756528537417186,0.012485414499457316,7.465291539808283e-05,0.531522311058445,0.004050476657784798,5.951055358605186,0.008654624191953173,3.7815946647883094,0.007285035517525744,1.2901899700467845,0.0009755677500396037,3.611298173530983,0.0027374525229652016
6,6,3,1.0,1.2,200,0.835984705674306,0.0005149141782538974,-0.03351879689631558,0.0005501727509004272,0.7481669877255712,0.0008514332927755224,0.013380586915128221,8.233672562758302e-05,0.5275122385684685,0.004143183772772096,5.951440605522964,0.009287395124810966,3.6277522119723677,0.007113987247683699,1.2751835891357493,0.0010578818747167885,3.587832371800811,0.002653299099280589
6,6,3,1.0,1.3,200,0.8285440019237227,0.0006004503229449826,-0.04095950064689898,0.0006362340373511746,0.7368072438997079,0.0009790911857239834,0.014403210181659014,0.00010104479862763184,0.5259155723142224,0.004017985901297602,5.958443263150238,0.009885803339973125,3.4673956634807954,0.006950312634553413,1.2587180671540679,0.001176281899338167,3.5610144929569936,0.0030027749876681597
6,6,3,1.0,1.4,200,0.8192832401807121,0.0006855237596536186,-0.05022026238990967,0.0007087953388953671,0.7226948665702644,0.0010908898745917068,0.01575314051929382,0.0001251594093586437,0.5351335608067367,0.004031790582241065,5.968112281210552,0.009978889333691733,3.3121444686163426,0.006653692777932511,1.2406968797327662,0.00112596315536313,3.525164799893268,0.0035365401247155585
6,6,3,1.0,1.5,200,0.8084879959837679,0.000830178668711494,-0.06101550658685372,0.000839334472713211,0.706836078063061,0.0012506645754581007,0.017524403278007514,0.00016725755397345725,0.5306246703428397,0.003832790392795161,5.98591139109599,0.010243865344851,3.151140361562566,0.006579949230224887,1.2200279613721714,0.0011522903382762337,3.483036582761291,0.004342592182104898
6,6,3,1.0,1.6,200,0.7978349988819624,0.0009336379701830383,-0.07166850368865907,0.0009416236832721246,0.6913446397978761,0.0013665127724235156,0.019298916605566263,0.00018541617770843712,0.5292017244009564,0.003708306657506197,6.001229734722239,0.010419153555591299,3.0025346084694173,0.006966819578420128,1.2007917782067787,0.001138313949517441,3.4403030975987168,0.004885776426166838
6,6,3,1.0,1.7,200,0.7855630392352475,0.0011364175165142715,-0.08394046333537425,0.0011594586218404408,0.6746458812223054,0.0016005834792567702,0.021741235530074902,0.0002573615930402338,0.5246024232268566,0.004053145692056523,6.015950487115677,0.010858076488055235,2.8504129329523313,0.007812327779098816,1.1783866267432876,0.001411235646232402,3.3913208956466825,0.00581491121468288
6,6,3,1.0,1.8,200,0.7721975056462255,0.001209110633299851,-0.09730599692439618,0.001227611764578999,0.6556164345148392,0.0016500429574984627,0.024598071464155512,0.0003151393167359372,0.5191946811256902,0.00383994494089761,6.028177985294579,0.010673975037627044,2.7112002080651805,0.00855651866542936,1.156030489083227,0.0014894523961498597,3.3359282387071802,0.006215928744607302
6,6,3,1.0,1.9,200,0.7586347156200566,0.0013301717351749472,-0.11086878695056505,0.0013501120334417486,0.6382480841831685,0.0017221018154334232,0.02772504480229822,0.00037754792425897523,0.5156412146203201,0.003826506765832717,6.045258709632004,0.010447488741477821,2.563328760843075,0.00895759646896813,1.1306384694166327,0.0016242105531574544,3.28242400115231,0.006966510351495211
6,6,3,1.0,2.0,200,0.7448376394085321,0.0014623444649809673,-0.12466586316208954,0.0014721183411477597,0.6211064796199309,0.0018303083194810628,0.030961603291981207,0.00042059850930830576,0.5096730371348493,0.003850969059122505,6.060963811719376,0.010794085048342386,2.426245963928947,0.009107572327451711,1.1055762599388848,0.0017565969142890033,3.2272270846251363,0.007647837640112208
6,6,3,1.5,0.0,200,0.8620236546248735,0.0006853738454130898,0.0,0.0,0.7902537118108216,0.0011559660659925324,0.0103376838956238,9.300492023612537e-05,0.530246505273058,0.0038793300969995836,6.132143115656507,0.006621965904486568,5.712776812683859,0.020058541534235044,1.423959361456496,0.0011517285748144758,3.590528060014122,0.004484077285676676
6,6,3,1.5,0.1,200,0.8621542183599081,0.0006763181197936639,0.00013056373503450236,0.000268257104960928,0.7906588728619179,0.001130290107436825,0.010300695799095481,9.662020597257985e-05,0.5290322429294689,0.003904362808421125,6.11787311369995,0.006918161419386154,5.689215352886342,0.018121051831962696,1.4236952649196966,0.0010642425718482066,3.591551660311077,0.004395302226751861
6,6,3,1.5,0.2,200,0.8617373328104724,0.0006842620368438038,-0.00028632181440121056,0.00035170426720243855,0.7899563912550949,0.0011340891527445547,0.010340081073209224,8.734248991703083e-05,0.528723977922879,0.004043707195382938,6.110555103312749,0.006486038441758841,5.6165285175635224,0.016944384283371867,1.419511590182396,0.001048099957674018,3.5933102654663287,0.00436955954725196
6,6,3,1.5,0.3,200,0.8610459325510733,0.0006681040140294702,-0.0009777220738001234,0.0003636951177191058,0.7889944196578671,0.001120634932110253,0.010387465219557268,8.33587236561309e-05,0.5386813962292974,0.0040189166956188715,6.099634384746899,0.006033541941476491,5.51362735230279,0.015900796666002623,1.4136921777607818,0.0011234510761901017,3.5951077257229915,0.0041952287535795664
6,6,3,1.5,0.4,200,0.858927351705991,0.0007001486885839804,-0.003096302918882471,0.0003725975168629462,0.78561554852882,0.0011430994163987161,0.010595777227695438,8.636899408123964e-05,0.5304483278305623,0.0042531285933541975,6.086479130632608,0.006532844702693316,5.36302803408915,0.015864963406046734,1.4043002195785619,0.001216224421890725,3.5921756636279984,0.004317890138061054
6,6,3,1.5,0.5,200,0.856681928425541,0.0007237612368647125,-0.005341726199332384,0.0004185168564189659,0.7822151384904413,0.001186575151139179,0.010837281761429533,9.355330649969341e-05,0.5281458790037645,0.004121053968526162,6.0764341883171085,0.007564360817496209,5.205102213433708,0.016770843544983278,1.3934179842272294,0.0012869017975070296,3.589996022155785,0.004391271209266434
6,6,3,1.5,0.6,200,0.8537579468467743,0.0007567240710399531,-0.008265707778099119,0.0004891251994085437,0.777375081418804,0.0012254107467179831,0.011194198371535007,9.98981054695711e-05,0.5289510065142461,0.0037209092682182936,6.063314861095723,0.008892842137109207,5.009095202737362,0.018242733728423187,1.3802902944347633,0.0013222221578947525,3.586114586074879,0.004671043136826096
6,6,3,1.5,0.7,200,0.8504830572659,0.0008307943316411059,-0.011540597358973361,0.0005794512577192721,0.7719351527157318,0.0013499927664732659,0.011637784567115079,0.00012113799350236503,0.5173449072408471,0.003922475168982576,6.052049968571998,0.009047607586934273,4.791704930413086,0.017431785893034124,1.3647145035033141,0.001281485330134941,3.582639980277778,0.0052183716791442064
6,6,3,1.5,0.8,200,0.846746971481275,0.000849645633903856,-0.015276683143598495,0.0005946352612870713,0.7655557440166538,0.0013734058208321742,0.012108650434029622,0.0001258179207939224,0.5252872203421887,0.004016196070726957,6.049372777929461,0.009616431436181298,4.585639379456598,0.016970552466631275,1.3488704999052066,0.0012582472224649513,3.5767507575635635,0.005287997956793436
6,6,3,1.5,0.9,200,0.8420578999350168,0.0008768620606203467,-0.019965754689856587,0.0006347944186762333,0.7582087610383546,0.001373441045094971,0.012713459381613373,0.00013137076367489598,0.5359108937616788,0.0037237375678221872,6.047924354360923,0.009966629492329205,4.380607205749892,0.01634529221206993,1.332017049444394,0.0012276780440089532,3.566327357602771,0.0053218478696340325
6,6,3,1.5,1.0,200,0.8361293368422464,0.0008933147450537099,-0.025894317782627116,0.0006507327628086325,0.7485303045098416,0.0014115714811132544,0.013499571311073742,0.00014376818848245857,0.523757720214028,0.004062459410518557,6.0427387421490035,0.010460553369454163,4.182716866588446,0.015004012332621428,1.3148961878371992,0.00123099056695725,3.548961108680465,0.00526687427537975
6,6,3,1.5,1.1,200,0.8295517101471458,0.0010079566392559684,-0.032471944477727444,0.0007229968427301123,0.7382489916145283,0.0015502660271988424,0.014415198700094294,0.00016386143354985968,0.5257618126110181,0.003571652997098905,6.046154539872334,0.010821564532126356,3.999179430278271,0.014430732137207579,1.2980438519454538,0.001245240469307774,3.52755065891807,0.005852684756982394
6,6,3,1.5,1.2,200,0.821253356413523,0.0010610102703912676,-0.04077029821135039,0.0007558136281003538,0.7256391598388331,0.0016241919449173127,0.015664394743228952,0.00018240426577669882,0.5328051870408366,0.0037132448956845024,6.058751646376051,0.011347828715748656,3.81971894336155,0.013292444187511823,1.2798495092576616,0.0012408692726850973,3.4974725554926818,0.006100630463850645
6,6,3,1.5,1.3,200,0.813215663563862,0.0010697605748151684,-0.048807991061011406,0.0007972953207081721,0.7136191967245509,0.0015966858662547756,0.016918638132215585,0.00019006757901075154,0.5279818797051558,0.003893352166037884,6.076000366091339,0.01157901674870415,3.6426616360047457,0.012129731220098198,1.260362445778346,0.001292761182289582,3.470203466195878,0.005939829015434357
6,6,3,1.5,1.4,200,0.8019942756403043,0.0011688752384011094,-0.06002937898456919,0.0008776218049042862,0.6973023224960784,0.0016780803537512403,0.018867777978535956,0.00022765934164823356,0.5284642265133812,0.004381602599504669,6.104181735986563,0.012014091042241918,3.460997129371314,0.011077522632530878,1.2388322622925463,0.0014084482416525477,3.426457588761274,0.006338321934469437
6,6,3,1.5,1.5,200,0.7904653223967765,0.0013226355455110913,-0.07155833222809699,0.0010188362639229466,0.6814559857144928,0.0018554944951563125,0.020897179688363597,0.00027471896637813633,0.5183785642837727,0.0038304710525580593,6.134755197142015,0.01250413048073367,3.2851727216236544,0.010540697377255971,1.2163780055162317,0.0016039504762682699,3.381846642961969,0.007027474633126877
6,6,3,1.5,1.6,200,0.7775420187670032,0.0014853888405887091,-0.08448163585787023,0.0011475576667300527,0.6638826149970254,0.0020216960599480495,0.023553770956529874,0.00033653802035390844,0.5261338641239844,0.004030285806266259,6.163343324072748,0.012789368066255472,3.1192773821901483,0.010559275326072643,1.1931793499712189,0.001732021427270496,3.3298690047386343,0.007809533919377074
6,6,3,1.5,1.7,200,0.7630370289548164,0.0016873553442755406,-0.09898662567005716,0.0013851084311420367,0.6450048686070633,0.002210341676598663,0.02673534485778866,0.00042452316445159156,0.5225776823000616,0.00390905254110939,6.195451212287124,0.013461672796577477,2.9652670843875706,0.01071082272257114,1.168889538974045,0.001874421848559213,3.2697816776241835,0.008778983756485618
6,6,3,1.5,1.8,200,0.7479434612732032,0.0018479151785402612,-0.11408019335167023,0.0015438366258574167,0.6259430483094226,0.002319711745821726,0.030292773866519705,0.0005097718959909583,0.5104781267553051,0.0038637577292354665,6.22297055693448,0.01354943149491452,2.813673268423417,0.011104939092365191,1.143868544729665,0.0019546056883177104,3.2070017108641924,0.009551568292359628
6,6,3,1.5,1.9,200,0.732304855964384,0.0020336701056637395,-0.12971879866048933,0.0017163204260709215,0.6064973148914355,0.0024867095224500395,0.03435289898718454,0.0006045848574718119,0.5026916862943118,0.0038540740897117514,6.2451565603935935,0.013878918567718468,2.6735757141473484,0.011212218616679722,1.120017963917227,0.0022744402210154225,3.1398807862084386,0.010391458021733076
6,6,3,1.5,2.0,200,0.7155745175869853,0.002313820181895155,-0.1464491370378881,0.00198642244395128,0.5876982418250479,0.0027614640453827795,0.038890324411780614,0.0007217570622833582,0.4993148329781333,0.003928233324448455,6.279032915177952,0.014021811399091769,2.5220155334003587,0.01114653416946051,1.0927516884112478,0.002464680273459711,3.06982482362929,0.011796185746977193
6,6,3,2.0,0.0,200,0.8431747503766732,0.00174709704972627,0.0,0.0,0.7626656715142566,0.0025863763067547818,0.01276046372564969,0.00028109643194806975,0.5262483496208007,0.003949811661478363,6.022991882512161,0.008438714444488927,5.624503494680389,0.022508707532512984,1.4203346380454664,0.0012454760062861794,3.4845066121698682,0.010258885323742202
6,6,3,2.0,0.1,200,0.8435971945934096,0.0016351744433797573,0.0004224442167365177,0.0004988372275712279,0.7630350462564853,0.0024299566163356015,0.012650378050715248,0.0002471489062973453,0.5226062283165327,0.004047385670557458,6.02303610466518,0.008424545106794757,5.6097471807465915,0.02253615250740488,1.4195861596496109,0.0012985358875008696,3.487712495533364,0.009726303465850785
6,6,3,2.0,0.2,200,0.8429804006116598,0.0016873590693390066,-0.00019434976501345947,0.0006820177125669482,0.7619301268577163,0.0025274286284565307,0.012792308496145427,0.0002607246480905019,0.5245669584840983,0.004220626599602036,6.0281156282414,0.00810531410396037,5.541334526991356,0.021821025918274208,1.4145590346656625,0.001383385323684109,3.4891516613626767,0.009674752930486582
6,6,3,2.0,0.3,200,0.8411633425196777,0.0017359819485317338,-0.0020114078569955255,0.0007627644028768274,0.7593704557316516,0.0025636814986276166,0.013004120942619223,0.0002606834324628383,0.5220015646888022,0.00413115460405639,6.032513031225012,0.007752491428080307,5.460743837714577,0.021186393353876905,1.4088488910279378,0.0014569940899730846,3.4842917760952297,0.009786200732909986
6,6,3,2.0,0.4,200,0.8389673700848499,0.0018007824736457742,-0.004207380291823121,0.0008762785493257921,0.7559867289295065,0.0026049601209021706,0.013377333059528979,0.00029791919050621844,0.5240892301214588,0.004070872877277501,6.036398366796805,0.007710424498026803,5.332913752950831,0.020601939311708582,1.3998585260766316,0.0016065755773660994,3.480507925288929,0.00999230847998824
6,6,3,2.0,0.5,200,0.8365177189686943,0.0018328881188348844,-0.006657031407978817,0.0009970985568659553,0.752477654272823,0.0026158743623652613,0.01378416173361705,0.00030976367273368675,0.526060793690165,0.00426616453686447,6.0431810580046905,0.008424456624860454,5.209955673719941,0.019712211039438182,1.3905916380302283,0.0015793954345566382,3.475524920489527,0.010282287107625014
6,6,3,2.0,0.6,200,0.8334255111687231,0.0019024224643292343,-0.009749239207950088,0.001117115147431362,0.7473570579101972,0.0027045497198554154,0.014169856016938383,0.0003138808342931264,0.5264113316936048,0.004016295794960297,6.052229782049286,0.008959885897777442,5.081016489262628,0.019874708124349313,1.3803150412800023,0.0016250180786174712,3.467813800737615,0.010743097109007588
6,6,3,2.0,0.7,200,0.8291424010380456,0.0020095354161217354,-0.01403234933862756,0.001193011343875064,0.7407108992572483,0.002821234504909651,0.014878489661884119,0.00034847713453451946,0.5271315322978428,0.003704689655034281,6.0660702196144,0.010095430507954353,4.928199844429998,0.019142814184060226,1.3674503085022183,0.001662715753951767,3.4557632057748835,0.01122800722624779
6,6,3,2.0,0.8,200,0.8248269640098832,0.002047500341059196,-0.018347786366789867,0.0012151169860335795,0.7342065877362365,0.0028719591574761665,0.015443897711863391,0.0003525194492403749,0.5223218919296225,0.003930816476533804,6.080532140930191,0.010575331359176283,4.769380523964511,0.019729802930295814,1.3536124394630717,0.0016792092493619478,3.4444976979173885,0.011460979914077758
6,6,3,2.0,0.9,200,0.8193319009606799,0.0021483838798311205,-0.02384284941599333,0.0012826543103966318,0.726409830847319,0.002944661912153005,0.01640223569056092,0.0003924535423203979,0.5208916353457212,0.004121197353461097,6.091539272965585,0.010835718724438812,4.5914014643218195,0.019716502108739844,1.3382523973870553,0.0017526263636945905,3.427892347405182,0.011964046461005825
6,6,3,2.0,1.0,200,0.8135869323460416,0.0022281256131657114,-0.02958781803063156,0.0013163209884729605,0.7173187485868056,0.0030291647412779336,0.017361936422112444,0.0004203017912306812,0.5229570847067593,0.004032933939130996,6.1092043620230045,0.01142872526557619,4.39703486846429,0.019049839280153448,1.3200950535830938,0.0017424495673488982,3.4126305701672934,0.012482528583692754
6,6,3,2.0,1.1,200,0.8054625333223069,0.002281718965462449,-0.0377122170543662,0.0013573559514576915,0.7055238356845777,0.003082500853680396,0.0187874176488911,0.0004552077241545382,0.5200570304044758,0.0038733648134153366,6.128411518984044,0.012064117588353431,4.212772901732916,0.019262278180589436,1.30142592470335,0.0016884744744176815,3.384039166818076,0.012920540705775835
6,6,3,2.0,1.2,200,0.7964369943535664,0.0023475445621638767,-0.046737756023106855,0.001420817753304059,0.6923492409656569,0.00310496997675824,0.020456615981010815,0.0005217433315071771,0.5223642325134363,0.0041483658225054615,6.15229117506044,0.012688350741660628,4.016431495742589,0.017774637792732972,1.2806825395382375,0.001757239304642743,3.3522799885234438,0.013115069476102883
6,6,3,2.0,1.3,200,0.7848190622959211,0.0024731250682780365,-0.05835568808075195,0.0014856513602126903,0.676502692899636,0.0031638759458868823,0.022591999975201622,0.000580909929922093,0.515861318369785,0.00438746926941939,6.182807781620104,0.013231822521141218,3.8225236954342074,0.01696112794657119,1.2583479704592933,0.0018904723667310197,3.307031755374167,0.013715792302980803
6,6,3,2.0,1.4,200,0.773081834908485,0.002494383874915136,-0.07009291546818812,0.0015199246886279157,0.6603812751486428,0.00312584538668136,0.02485013772433507,0.0005855085221187547,0.512424031113751,0.004123940140424411,6.221385678157358,0.013849533306738725,3.645125372602696,0.017963283654452947,1.236200100209437,0.0018752508680839278,3.260902869201543,0.014008579393346487
6,6,3,2.0,1.5,200,0.7594766759967578,0.002739782357181791,-0.08369807437991536,0.0016679639865748036,0.6426886015662474,0.0033521506420776045,0.02783766244240442,0.0006830234180084239,0.5108544145130458,0.004233782495857986,6.25112423975781,0.014434756173403781,3.4678232059160985,0.017842359577644806,1.2125806133429755,0.0019308556894964868,3.2053796343295233,0.01537481190804847
6,6,3,2.0,1.6,200,0.7455400243178033,0.0028933170497077378,-0.09763472605886994,0.0017964225942979284,0.62498645146293,0.003446633074522654,0.031282449200588876,0.0008188817479898823,0.5111679749933248,0.004182618535606042,6.281575749435126,0.015246276137338274,3.280971098450996,0.0164895459704489,1.1865728823279356,0.0021220812698844846,3.1503163133303964,0.016054015121238666
6,6,3,2.0,1.7,200,0.7295188116709466,0.0030121591851404697,-0.11365593870572648,0.0019149935294891177,0.6051041145639205,0.0035257384148155825,0.03540518748717611,0.0009202002093962731,0.5058127315770412,0.003948549515687258,6.312923026277304,0.015569421450572354,3.102597685702971,0.015610404710615025,1.1601305545028018,0.0022144144047309203,3.0835614662713566,0.0166748797303242
6,6,3,2.0,1.8,200,0.7157386826310731,0.0030469872016794484,-0.1274360677456001,0.0020062139414815027,0.5886073145881506,0.00352038468205513,0.03927588170384522,0.0009565790252828993,0.4965518471187231,0.0039553175439047536,6.33876701578982,0.01510962866887112,2.932926363988663,0.014951959574951912,1.1339525638936911,0.002345428051220848,3.0295789144568857,0.016575217855920383
6,6,3,2.0,1.9,200,0.6981392331960802,0.0030438775090509415,-0.145035517180593,0.0020046462227663172,0.5681310987472016,0.00341969570095213,0.04452726667115229,0.0010238159379996935,0.4953551901597882,0.0043003436322442586,6.375831800788251,0.01586353115195252,2.7628502504287553,0.014406734113440399,1.1048526427426184,0.0024907170636424094,2.956300881890453,0.016382867652756563
6,6,3,2.0,2.0,200,0.6797058541565033,0.0031361093358960794,-0.16346889622016977,0.0021926654916680083,0.5475505353837475,0.0034450056023292803,0.050513453980427746,0.0011673026329677755,0.4899629597534171,0.004136926053826458,6.412894187092853,0.015239065549445175,2.600378732646539,0.0136396578753374,1.0757882127132752,0.00279014286822281,2.8781362969928432,0.016635565702585516
6,6,3,2.5,0.0,200,0.8134555649483677,0.003106923100988158,0.0,0.0,0.7231209146765467,0.004138268157144131,0.017361181236892197,0.0005874191780438801,0.5179061761351306,0.0041694340946015025,5.927559674374653,0.01112391008233448,5.4876799033314345,0.025178519593022995,1.4080729726313166,0.0017192191478113898,3.323888472364006,0.017217163482281358
6,6,3,2.5,0.1,200,0.8124735685096389,0.0030862715374780493,-0.0009819964387286473,0.0007013981476068133,0.7216378791927275,0.004131450410302883,0.017508407424460682,0.000573417955459647,0.5125626711839045,0.0040775378624542105,5.93350807296132,0.009880783050370876,5.468716823410573,0.02414056195457516,1.4062271875843892,0.0016760475310900922,3.3200218749681607,0.01708008672142676
6,6,3,2.5,0.2,200,0.8114010736569633,0.003140723688268803,-0.002054491291404271,0.0009710795617142224,0.719795220930454,0.004212222554158329,0.017770103662293323,0.0005953265219488478,0.5188437890999991,0.004157925562403293,5.954111687551979,0.009791418157849239,5.411228564949483,0.02594707564493119,1.401111097605349,0.0018879868450818221,3.3188991431706985,0.01722056290385696
6,6,3,2.5,0.3,200,0.8103843048325811,0.0031787720961664106,-0.003071260115786405,0.0011424266231655946,0.7180395349551201,0.004228842291574688,0.01804784284522581,0.0005880032851914442,0.5098012238378415,0.004113811129472344,5.97473502568929,0.009304194686604853,5.361946012545136,0.02637716799970342,1.396464976043908,0.002023689574172889,3.317630607456723,0.017410938324853437
6,6,3,2.5,0.4,200,0.8079935850467925,0.0032763118921212047,-0.005461979901575011,0.0013653706631818212,0.7145727799590956,0.004295010192116294,0.018675106270162115,0.0006649501506413533,0.5149397866844398,0.0041846700970625,5.986506978591917,0.009999686089731608,5.2767362100618,0.027552449559528392,1.3889182850032527,0.0022870930385890382,3.3112702157511227,0.017742050507035347
6,6,3,2.5,0.5,200,0.8063547693748824,0.0032201051387107152,-0.007100795573485201,0.0015409004153497884,0.7119513298428553,0.004237873235235785,0.019017813494314674,0.0006708718774629594,0.5104139319712998,0.004129377772673807,5.9941292266811566,0.01088530888296214,5.158651523890814,0.022900420288734263,1.3800303602590884,0.0020380649035363625,3.3106249675610955,0.017463926801501693
6,6,3,2.5,0.6,200,0.8019773618259837,0.003251273765428068,-0.011478203122384052,0.001591995828102379,0.7057461463495546,0.004264316429509447,0.019735468549585196,0.0006866491383492201,0.5091731019158818,0.004206823309441935,6.002703643376183,0.011173448446364349,5.051752816683379,0.02170721921982392,1.3709502381444805,0.002068507048501213,3.294241223371297,0.01761484793356813
6,6,3,2.5,0.7,200,0.7971212875836657,0.0033602255238137286,-0.016334277364701874,0.0016135123775138616,0.6995375918246493,0.004342845464446788,0.020512171855997945,0.0006960982175724213,0.5162410237051782,0.00462775216395947,6.027473704939107,0.010662524590304723,4.939493539934348,0.02204938973987771,1.3608734849360908,0.0021819855978454645,3.27606965291109,0.018276358299252955
6,6,3,2.5,0.8,200,0.7924387692732622,0.003421412394099194,-0.021016795675105473,0.0016412593797056369,0.6925813838137627,0.004390590957878612,0.021383722975043255,0.0007123869821725021,0.5056455709279898,0.004446174969046399,6.055539933419284,0.010320408666827253,4.811602606244727,0.02136853110854903,1.3483297536765624,0.002184483984015802,3.261374654650437,0.01862852029121259
6,6,3,2.5,0.9,200,0.785213754117699,0.0035228355479354776,-0.02824181083066867,0.0016726818507724677,0.6824222846265658,0.00445818593847139,0.022915965591888056,0.0007704289165142483,0.5141706258808988,0.00439359474713431,6.093696835712308,0.010616860054756705,4.680008178837764,0.021425588940868493,1.3334438804790176,0.002304824480218603,3.2342318115556528,0.01920687469975609
6,6,3,2.5,1.0,200,0.7767879710077689,0.0037175145770331377,-0.036667593940598674,0.0017665846743050502,0.6712310075803404,0.0045630648024352445,0.024670665305452068,0.0008396451262978492,0.5080012507639604,0.004272283952628678,6.132070766898182,0.011834305698837914,4.521999946798704,0.022599718650936875,1.3162430768236908,0.0023775844740559866,3.2024188982507757,0.020254640673562876
6,6,3,2.5,1.1,200,0.7679830521585,0.0038486770046360754,-0.04547251278986741,0.0019733720104362033,0.6590372003907842,0.004647098322647691,0.026704232703679852,0.000930461283427771,0.5122651470363219,0.004144228221584925,6.173865043493299,0.012704662261375583,4.351902842166949,0.022714330944073206,1.2971771956585496,0.002437420546875372,3.1702655877152655,0.020855689588040568
6,6,3,2.5,1.2,200,0.7578281737520993,0.004029977951691018,-0.05562739119626833,0.002077018590024761,0.6454937894050023,0.004775505649412496,0.029287415447154387,0.0010799031557134277,0.5053078811956391,0.003973929830404667,6.206996883045631,0.013388170179396114,4.143258942136144,0.021652918882843947,1.2741556380069519,0.002506423906582808,3.1342150888609184,0.02181878938313601
6,6,3,2.5,1.3,200,0.7468632324434489,0.004028409004686538,-0.06659233250491861,0.0021891320328597213,0.6312279148398097,0.004694293300933332,0.03198784105057552,0.0011197347436535349,0.4983162197337944,0.0039181518904342245,6.244767474592583,0.014644636496139764,3.96677605200084,0.021822725639326156,1.2528285574572373,0.0024940219789916993,3.091757886955742,0.021884825796278033
6,6,3,2.5,1.4,200,0.7338841465018693,0.004005946523437477,-0.07957141844649827,0.0020548517880027138,0.6146199083476012,0.004653569705491677,0.035214965688793204,0.0011618434345712046,0.5000477633476277,0.004519234079333435,6.278621178270542,0.015106480815628992,3.7853342172212128,0.022105368201334484,1.2299802211863948,0.002459487845624172,3.0391054375497,0.021884582036502384
6,6,3,2.5,1.5,200,0.7209778135236351,0.00401354345713276,-0.09247775142473248,0.002057745191685405,0.5992035475944578,0.004566320054642292,0.03860922012642547,0.001240336417649498,0.49772837496396094,0.004409325374499169,6.318786046561431,0.015598096233815662,3.602181758238755,0.022147790784490896,1.2053062776743644,0.002451223627020901,2.9887018074598433,0.022045061893363017
6,6,3,2.5,1.6,200,0.7061663272329899,0.003987303733620744,-0.10728923771537763,0.002126356070169415,0.5807412152790596,0.004440856716736597,0.04289284267872077,0.0012787056757428382,0.49547775755317536,0.004526197187888061,6.35746913598963,0.01606683907594626,3.421499145642965,0.020680590777073123,1.179807612160693,0.0023632702278096347,2.9280404107765605,0.022023491918225474
6,6,3,2.5,1.7,200,0.6912524606341948,0.0040441435671165395,-0.12220310431417278,0.0021120279430547045,0.5639140629192539,0.00439851861773717,0.047707908801727754,0.0014578906609324866,0.4849799178499105,0.004508787008978813,6.399987008111938,0.016533079422071256,3.234367434855253,0.019214556593906702,1.1518879583951003,0.0023762771822740084,2.8692044447121,0.022429269029488975
6,6,3,2.5,1.8,200,0.6750262389254615,0.0040794904238489575,-0.138429326022906,0.0022216650302247344,0.5458234314945275,0.004355011805146223,0.05278796049953664,0.0015494407626238124,0.4833069359964697,0.004243199764366199,6.4341122340926935,0.016581267135976928,3.0563093720187435,0.019171676273415046,1.124307348855033,0.002673779523634991,2.8023953188662576,0.02252035884860331
6,6,3,2.5,1.9,200,0.658164947726857,0.004129273951943882,-0.1552906172215105,0.0023842292510454074,0.5274672095656137,0.004302329039781737,0.058315147462962645,0.001617420023671852,0.4819038468807296,0.004064137203787959,6.467036505265449,0.016334353629877507,2.8825773871504397,0.01826274011060923,1.0945851771865323,0.0027580987783913354,2.734033485331967,0.022783182089318864
6,6,3,2.5,2.0,200,0.6406683990384454,0.00426316044847027,-0.17278716590992216,0.0025519233187088815,0.5088552560051944,0.004318523283524193,0.06526946740394882,0.0019042743395352218,0.4755299393189762,0.004227502480817146,6.510434313434207,0.01649168945964253,2.7053408546925213,0.01706237171131503,1.0630442066652288,0.0032258835624377935,2.6637950872170717,0.023123413548018373
6,6,3,3.0,0.0,200,0.7720658615541143,0.004646909766350894,0.0,0.0,0.6730070847027022,0.0057436456677659765,0.02559304939494007,0.0011111423770059402,0.4967387592233713,0.00429957139168597,5.855930106569349,0.012013117568879468,5.3080174752997165,0.030413907382250797,1.3860358970587663,0.002899288112290075,3.105157042414278,0.024761483633233862
6,6,3,3.0,0.1,200,0.7720754232987312,0.004636545931897824,9.561744616943639e-06,0.0010068351410494204,0.6730828547910263,0.0057218399885412795,0.02528027959914514,0.0010569706865834112,0.4995935646232732,0.004286797140986161,5.858715781573422,0.012178562301289584,5.292123001223875,0.027407909178069324,1.3855678325383365,0.0026974931694493595,3.105680728666028,0.024782130120678612
6,6,3,3.0,0.2,200,0.7712163328309777,0.004773988049789963,-0.0008495287231366836,0.0015457571457453863,0.6714817573548967,0.0058568629097400975,0.02597708403425165,0.0011522861256159744,0.4951771431835483,0.004377415028703365,5.8881936458516835,0.012452199440733462,5.267683498042066,0.02883760083901246,1.3814569298985464,0.002858467646596529,3.1047942065584304,0.025475343108581378
6,6,3,3.0,0.3,200,0.7698168579172726,0.004701687804634848,-0.002249003636841737,0.0017888387373983768,0.6691646426287461,0.005799398214692249,0.026412187584015697,0.001162340087544562,0.4930323679591862,0.004371435532658162,5.905898305430866,0.011852044767410901,5.220690334640455,0.02845219160739035,1.3769276729086215,0.0029557222757424493,3.101182562409753,0.025071559483281658
6,6,3,3.0,0.4,200,0.7673517056095375,0.004706382120405411,-0.004714155944576798,0.0017976707298348838,0.6650814969077959,0.005822660123959805,0.026821274880364267,0.0011528071709522945,0.5032230050446681,0.003943831265869616,5.927806278454806,0.011005818155704528,5.162696020007627,0.029961429527352104,1.3701936803849117,0.0031104389274746844,3.093576489933129,0.025053394342623807
6,6,3,3.0,0.5,200,0.7639234648859962,0.004723845529529558,-0.008142396668118244,0.0020162922048910857,0.6605058204383704,0.0057931381057563045,0.027835381658618426,0.0011776323159756862,0.4985767095106459,0.004354699064821161,5.954860350836665,0.011637796797181708,5.088536853616443,0.030249780305296146,1.3620652779628668,0.003113661008361787,3.08176243498322,0.025160885075642805
6,6,3,3.0,0.6,200,0.760746028546362,0.0048650215446612325,-0.011319833007752283,0.002130271654361732,0.6561510358709675,0.005905358213636363,0.0286218860414602,0.001243450615755585,0.49866845209823085,0.0045246100005640385,5.976713621459016,0.012374709843373192,5.0077693095132725,0.028504647839333534,1.3535401677144512,0.003079551779444216,3.071804044840278,0.025939168080182984
6,6,3,3.0,0.7,200,0.7537252676800148,0.005091764226110894,-0.018340593874099392,0.002237217264514496,0.6475620941626253,0.006082214163967225,0.030595015952653525,0.0013409250283295225,0.5007316812975742,0.004417558960432594,6.005120046131176,0.012745848317029225,4.87732699807285,0.026476882443723433,1.3404742354111323,0.0033252015765695806,3.044029430756536,0.027016903001736137
6,6,3,3.0,0.8,200,0.7491835098930116,0.0050786244129303205,-0.022882351661102564,0.0023115871804830347,0.6416175845558999,0.006019587420425075,0.03150044268453443,0.0013365047337475736,0.49485208106587497,0.004418646857808833,6.029734235386326,0.012449772373362814,4.763119424254296,0.025141647536557014,1.3298749065839826,0.0032809654182065517,3.0282088496750594,0.02701766184326362
6,6,3,3.0,0.9,200,0.7420113480525212,0.0051342567372482,-0.030054513501592925,0.002372422282256858,0.6320552353899626,0.005964948500760261,0.03311105264683553,0.001411192226078437,0.49682194050573264,0.00461955677413772,6.068476939279776,0.012106112211921578,4.619863303250814,0.026595842445881028,1.3146181807568849,0.003603268887621261,3.001744312818779,0.027050103600195257
6,6,3,3.0,1.0,200,0.7334413473840784,0.005276402555038734,-0.038624514170035804,0.002430568859384414,0.6216282771608439,0.0060526200260016495,0.035560332837944506,0.0015115688629243449,0.4968167081215383,0.004115795751921093,6.108463212459708,0.01184839357007467,4.452541293944163,0.02711842342431466,1.2959144844786894,0.0037968310277259882,2.970595362567683,0.02777452567593511
6,6,3,3.0,1.1,200,0.724605449343074,0.005212096939628414,-0.04746041221104022,0.0024489600914951773,0.610191452046324,0.005930988998103134,0.037871467094013546,0.0014918333149722873,0.4906221362250101,0.004558771298180857,6.168105206817475,0.012176203097153481,4.288303086008571,0.02536315556299822,1.276401618104349,0.0035167516184020195,2.9387088278393994,0.027744791819997994
6,6,3,3.0,1.2,200,0.7137922483735344,0.005304332467605655,-0.05827361318057997,0.0024651984167523063,0.5964444414586488,0.00591871539921331,0.04113010389077495,0.0016265736145788872,0.48443946791030434,0.00441312572287705,6.211335898627009,0.013072913211368309,4.133050984671345,0.026055027923513347,1.256544372244503,0.003546946044616839,2.895664481664411,0.02818619963747252
6,6,3,3.0,1.3,200,0.7014486844066279,0.005205075437217463,-0.07061717714748633,0.002538802414829361,0.581362366858457,0.005676456135110637,0.045193203644720785,0.0017050393538998233,0.4806534055273481,0.004177857576539999,6.2571320706358415,0.013976340203098278,3.9755499542695283,0.023670851492945014,1.2351924369099505,0.0035846374748773435,2.8452125332933527,0.02753151918487942
6,6,3,3.0,1.4,200,0.6902472211942794,0.005305331710572405,-0.08181864035983491,0.00257729818174378,0.5681859894970073,0.005684083168597962,0.04842905429129976,0.0017889689770530565,0.4766509981518972,0.004301864436849922,6.302753058968919,0.015509730012657754,3.8262231561562405,0.024524907835823763,1.2141222131032148,0.0036581030358463014,2.801122600439618,0.02800543149494465
6,6,3,3.0,1.5,200,0.675708108505784,0.0052968756797476275,-0.09635775304833033,0.0026732999042290923,0.5518014730194198,0.005606382722313775,0.0537420704646585,0.0019442206343255448,0.4903178922287627,0.003835126353887057,6.349516059289997,0.015952085815091124,3.645156051757252,0.025837354112725523,1.1888976568527005,0.003573571324835482,2.7417715220139236,0.028073210357200295
6,6,3,3.0,1.6,200,0.6619282726683134,0.005274524241834296,-0.11013758888580083,0.002559146517789248,0.5362021387164154,0.005488111154590309,0.058473104829563256,0.0020462116332142263,0.4754300983138522,0.0042471890783990765,6.388023529651029,0.0163933858370385,3.462690977420113,0.022516482870345148,1.1630263626374433,0.003452660934929226,2.6874839793965695,0.028024256629197167
6,6,3,3.0,1.7,200,0.6465643718432826,0.005147960336869173,-0.1255014897108315,0.0026311702480721795,0.5193810725037902,0.00525924370113397,0.06352023348456794,0.002073672839531557,0.4735958988902571,0.004215303492803491,6.441135068074314,0.016901952206155813,3.3089198867821166,0.024197223469465554,1.1372916715410595,0.0033816928552338017,2.6238451515430996,0.02761584415966716
6,6,3,3.0,1.8,200,0.6322358998647921,0.005095156926288128,-0.1398299616893222,0.0027467860848111496,0.5034444830886968,0.005108695218519525,0.06911447222505947,0.0021602790148343583,0.4683147345250862,0.00423359278558295,6.483957578639286,0.016501717864824527,3.1597205503722794,0.02294596350853486,1.1124798915690952,0.0031679919574139717,2.565306617263766,0.027608929367849373
6,6,3,3.0,1.9,200,0.61729618458084,0.004978063494942451,-0.15476967697327434,0.002812386010888405,0.48809268210405593,0.0048938072568764784,0.07496205775939993,0.002274544571433492,0.45719093091782914,0.0040870997125467936,6.520306476840449,0.016970411652610234,2.9667722587758987,0.021071063075599517,1.0831829090915235,0.0033246922941234654,2.507697615236387,0.026890115771297515
6,6,3,3.0,2.0,200,0.6001054170400546,0.004854057106409371,-0.1719604445140597,0.0027827389748187833,0.4702035040782452,0.004727503791655742,0.08239284295633974,0.0023318485555195094,0.4700629932377386,0.004239729209977642,6.553417834112366,0.016845383904754197,2.8008858805026113,0.020740345280080764,1.053545727471315,0.0033314074682647002,2.437334191146759,0.026388664807458478
6,6,3,3.5,0.0,200,0.7277547841467293,0.0060599173485259205,0.0,0.0,0.6226227037521919,0.007049759868730387,0.03660873273294579,0.0017944579462982435,0.4870822918970214,0.004546171334133756,5.794297620991808,0.013310203037683287,5.115404189401821,0.03815502914758994,1.3593087184878885,0.004318420047356705,2.874121758088663,0.03148148688463721
6,6,3,3.5,0.1,200,0.7280676546969519,0.006026979090454146,0.0003128705502225831,0.0012536609226045103,0.6230680906200469,0.007030052402624529,0.03662258817257181,0.0017731501115027647,0.4734385381802585,0.004500078191412216,5.801089070816538,0.013354441526953661,5.103304188325691,0.03489576517788924,1.3583727503633736,0.004209059312849193,2.8768777289825014,0.03136822772291937
6,6,3,3.5,0.2,200,0.7280504359714902,0.005953362293881337,0.00029565182476099726,0.0017455028246415594,0.6223649274861723,0.006967421326235088,0.03654613432218115,0.0017700076973973927,0.47589379133098375,0.004865845040810103,5.8183333854132275,0.015388771531980497,5.073371705953856,0.03575388773796076,1.3556343921557208,0.004104954806658352,2.8795159239501116,0.031012583222289603
6,6,3,3.5,0.3,200,0.7272922531107417,0.00590569228171086,-0.00046253103598768204,0.0019987201727842056,0.6204904371905531,0.0069020569514597506,0.03691407034116407,0.0017498502252933578,0.4772349913599791,0.004613048786930882,5.836090425583125,0.01469264755146353,5.010967097580099,0.03533694650557307,1.3497073051930395,0.004224863464956007,2.881032576932239,0.0306727073188911
6,6,3,3.5,0.4,200,0.7238148057227906,0.00591893745441956,-0.003939978423938729,0.00207027327516671,0.615981095659065,0.006883250913066704,0.03786033114524732,0.0017615379916128136,0.4768019757325808,0.004305318455919484,5.8631424505173495,0.013513531451026068,4.990630197872506,0.03405483913790229,1.3451970805580686,0.004229379878190851,2.8653141035585747,0.030886534645066275
6,6,3,3.5,0.5,200,0.7195302264377588,0.0060153731954765595,-0.008224557708970518,0.0022934950017060012,0.6109123888368176,0.006982848536383901,0.039132941480228715,0.0017797429691093739,0.4777029550167205,0.004309361015875896,5.892114944508402,0.013935447848390825,4.901767264543517,0.03305515323044004,1.335588290498834,0.004291248777375957,2.8499990196431044,0.031406812344599896
6,6,3,3.5,0.6,200,0.7138948680931656,0.006143286870875398,-0.01385991605356362,0.0024903651589949,0.604647321316509,0.007053213472663681,0.04133978633929962,0.0019169760835577546,0.48153803106474385,0.004297953519442057,5.93818306089815,0.013833148497426596,4.831372281389882,0.03291825344462526,1.3257034989686187,0.00436093245050959,2.8271023052565956,0.03207833397576619
6,6,3,3.5,0.7,200,0.7088993282987422,0.006247518428215369,-0.01885545584798702,0.002649052345311865,0.598381671723033,0.007035303256031494,0.043120491488148706,0.002011747088387771,0.4719341366533926,0.004549973080914049,5.969277801187758,0.014326849346981703,4.731362320030541,0.03299452392192933,1.3137979554186443,0.004709737338258632,2.809948238518389,0.03238440936124601
6,6,3,3.5,0.8,200,0.7014499258210796,0.006372841735228807,-0.02630485832564968,0.0026525173531806237,0.5892961367792925,0.0071561598628743905,0.04539965884830137,0.0020808280744850733,0.47563269992306845,0.00450566735087604,6.007868939999711,0.014162799278739204,4.647549571959338,0.033104101273010056,1.3027639628998884,0.004712943479353272,2.777648228749275,0.033116877322528715
6,6,3,3.5,0.9,200,0.6943828000948935,0.0065155665441023105,-0.03337198405183586,0.00264656624819096,0.580909957431439,0.007176989281752204,0.04755241951792232,0.0022069930163206544,0.4743740527640551,0.0044578475720874,6.047680654090698,0.013999194160904897,4.481500864204804,0.03239960927393883,1.2854782349708773,0.005102648102642829,2.7538237007476254,0.03359904306576853
6,6,3,3.5,1.0,200,0.6860201056467374,0.006450592675613251,-0.04173467849999182,0.0025894921699918493,0.5701231045373067,0.007000597484354871,0.05013040220342861,0.002204061517290786,0.47020815671222266,0.004288577728344644,6.086349522479077,0.012859828818227864,4.332365633476707,0.03276186380102468,1.2687336391683408,0.004960627486651753,2.7219215733484314,0.033374076779629835
6,6,3,3.5,1.1,200,0.6779116479123937,0.006407698080592577,-0.049843136234335554,0.002723829554826586,0.5601627820604024,0.006837449358267175,0.052634865676694044,0.0022421917995472736,0.47542653641515903,0.004763791643213992,6.143392186197634,0.012943422555351723,4.213192328019834,0.030835246212317282,1.2532807740109804,0.004855724794587873,2.6902066385292516,0.03325044245857205
6,6,3,3.5,1.2,200,0.6659266408823984,0.006391420544862989,-0.06182814326433093,0.0024909676689726513,0.546773152331947,0.006720091706952633,0.05657760291505886,0.002280612654561982,0.4721775447213936,0.0039515132532336045,6.193328269290825,0.013614123400844174,4.054460724166201,0.02955812852359207,1.2311782005062755,0.0048705942882604795,2.6425910938875323,0.033146107789216527
6,6,3,3.5,1.3,200,0.6558275173180971,0.006252045097472452,-0.07192726682863221,0.002709568899855135,0.5348185561306785,0.0065021555763789055,0.06032182069451248,0.0023381846708501997,0.47120416783245495,0.00461262885505558,6.241461010166745,0.014677241342172489,3.9034626132290895,0.028658513355190846,1.2096521458820413,0.004766811768003393,2.6053694241200223,0.03248487675420099
6,6,3,3.5,1.4,200,0.6442183864095731,0.006348485967536969,-0.08353639773715624,0.0027329491545980858,0.5217421882092715,0.006503416478889297,0.06529089733191569,0.0025394668114372284,0.4624916513737844,0.004368437306440036,6.282192973336587,0.015293514714703334,3.7404163889802002,0.026654868484401805,1.1858547342897419,0.004954435745376003,2.561635230746873,0.03284005219679978
6,6,3,3.5,1.5,200,0.6325528943545797,0.0060607184317408545,-0.09520188979214961,0.0028288726967643204,0.5081172109219397,0.0060746125284548876,0.06972301785197549,0.0025299322538773587,0.4634438864210991,0.004691534643874339,6.341583960003375,0.015823879996077258,3.608169009570759,0.02673205056244369,1.1648445601592237,0.004727846787659474,2.5147859408578275,0.03151023295701017
6,6,3,3.5,1.6,200,0.6183136800856058,0.005962755372783847,-0.10944110406112341,0.0029170045594201954,0.4924693628390898,0.005909878328147542,0.0754336417549214,0.002607156898980912,0.45333385704610873,0.004379091264083878,6.39533859600779,0.015861996820691,3.4377601374094215,0.024594581267002882,1.1395389970570036,0.004609036214655571,2.457260411726893,0.03107319707354675
6,6,3,3.5,1.7,200,0.6037977640700519,0.005916120530570568,-0.12395702007667736,0.002979047308101341,0.4777649039712453,0.00576674303480569,0.08173961376953852,0.0027187077138214784,0.4585383548828581,0.004561517317732777,6.44736922592676,0.016218917764749506,3.2905023103954174,0.024671158447728856,1.11350192279767,0.004528132930080722,2.398856788935059,0.03085840144610348
6,6,3,3.5,1.8,200,0.588327656031107,0.0057013734837183284,-0.13942712811562225,0.003094421518928445,0.4619639035322743,0.005483779860739693,0.08891500165290141,0.0027896121624034678,0.45409583657139424,0.0044480378051265064,6.4965974784238805,0.016556223779389864,3.129492016992431,0.02332750490086602,1.0863947078919687,0.004283699128963228,2.335972665721577,0.029949558662203515
6,6,3,3.5,1.9,200,0.5743532637258354,0.00553825080892737,-0.15340152042089392,0.003196237782634254,0.4478692557318746,0.005282114021529435,0.09624660141918216,0.00289866755884413,0.45249446688510114,0.004060185250381691,6.546385966541704,0.0169845724065197,2.9785835974326282,0.02507843620665433,1.060114300761992,0.004342047821733502,2.2809624794188545,0.02915540786978464
6,6,3,3.5,2.0,200,0.5589280650319209,0.005357378587481264,-0.16882671911480826,0.0031795851349017603,0.43223357871871043,0.005016397853719707,0.10315189753632109,0.0029008390809847503,0.44532306397122007,0.0043779097670936015,6.584291845256709,0.017552823273115168,2.840055226071467,0.026081599006784598,1.0327842596458232,0.004348847464540136,2.2185624250680043,0.028361291362645945
6,6,3,4.0,0.0,200,0.682723878381173,0.00704534669805267,0.0,0.0,0.5735964733164404,0.0078992209243609,0.050910722009258634,0.0025750977892999454,0.4650667269487719,0.004672899368264637,5.753489015984688,0.014033350637844859,4.889392164555418,0.044572527362774325,1.325675487621971,0.0058067603161162905,2.6458052044825116,0.035674739029736356
6,6,3,4.0,0.1,200,0.6843092702985547,0.007003743042744584,0.0015853919173817572,0.0013943761029608292,0.5756579341969662,0.00787448952281721,0.05029232993376793,0.0025547818843230053,0.4610222026304806,0.0049733586421289245,5.76925777190041,0.015219884079167249,4.908256549621254,0.04397677667236978,1.3263407296646124,0.005698133190994014,2.6543623634553866,0.03558492441707984
6,6,3,4.0,0.2,200,0.684106039938532,0.006910286114127467,0.0013821615573590975,0.0018745215915014933,0.5741823457647236,0.00773814914111114,0.050421852206079636,0.002534158062201578,0.46299438987421937,0.0042677335908926205,5.783482002079811,0.01762348426116827,4.88391428051338,0.04173119141294548,1.3235468472272531,0.005528085632280213,2.6559740322974155,0.03518271233081997
6,6,3,4.0,0.3,200,0.6813700058666176,0.006947780123364804,-0.0013538725145554025,0.0021074800855455968,0.5710255538231174,0.007751738140482893,0.05133693641276575,0.0025502312389802896,0.45898507908507846,0.0042703486215464465,5.79665703855306,0.016137730519884173,4.8262493902894095,0.0408304717898189,1.3179200937483835,0.005545862741477894,2.6456849714425106,0.03536389100006842
6,6,3,4.0,0.4,200,0.6768420937214082,0.006952606497703457,-0.005881784659764632,0.002355184082020263,0.5663596196134943,0.007765571759093849,0.052668537386922655,0.0025444042959974758,0.4696094202500875,0.004333756224710422,5.808414929101309,0.014518962566718814,4.727341004028946,0.03937985547401043,1.3078968543010552,0.005726770596807044,2.62936884261861,0.035262105747248154
6,6,3,4.0,0.5,200,0.6762603529223844,0.006868916440773528,-0.0064635254587886125,0.002540017688498178,0.5649926808865026,0.007616081435644143,0.05271908303937713,0.0025346426078556666,0.4639955636245633,0.004235800158390952,5.840665904468152,0.016102035656360605,4.7171588907565445,0.03640657451324574,1.305690518647053,0.005407936597084421,2.628191127378404,0.03514206114409734
6,6,3,4.0,0.6,200,0.6707766651092986,0.0070963466528509295,-0.011947213271874348,0.002552044818491213,0.5589844332978047,0.00781881068667721,0.05541434213186219,0.0026989886330226064,0.4568126189225444,0.004725590041297557,5.878641472975964,0.014953190936148693,4.610656571059378,0.038627450736848014,1.2935899367992472,0.005918765550945185,2.6083924876509545,0.035978953393681117
6,6,3,4.0,0.7,200,0.6637706390186537,0.007082623625727222,-0.018953239362519258,0.0025520975777973895,0.5509512694841947,0.007727340144783155,0.05744915493373451,0.002695011850647025,0.46467911241799725,0.004572025228513979,5.9289352597851686,0.015365355562316661,4.551921530161833,0.036203145523162276,1.2842299179536991,0.005670019475790228,2.576997673937618,0.036154667368780716
6,6,3,4.0,0.8,200,0.6580878643581431,0.007103872893204778,-0.024636014023029743,0.0026956066687753326,0.5441170195308086,0.007658307639998669,0.060207479054988564,0.0027548003441143316,0.45579719160695675,0.004425256525455241,5.97859120825156,0.015690426160835696,4.46540123236542,0.03567195291143628,1.2710988316545948,0.005908399772740935,2.557071428339511,0.0361860384822638
6,6,3,4.0,0.9,200,0.6491132409538348,0.007262337542762752,-0.03361063742733811,0.0028748893995631606,0.5332699891597729,0.007691454480190711,0.06377467818834344,0.0028765106183171836,0.4577876741477872,0.004632992133791794,6.027892939446417,0.016040675957110194,4.362476882739507,0.039136723491472826,1.255515854029744,0.006242620514667465,2.5204480240026927,0.036875384976805294
6,6,3,4.0,1.0,200,0.6399467020286042,0.007227550294588876,-0.04277717635256886,0.0028452690001661814,0.5225939704215066,0.007547650036006149,0.06711323110232413,0.0028964578195712796,0.4537200983204183,0.004826622199347823,6.078822777518232,0.01602810872165602,4.24277833322398,0.036533700199646385,1.2404509119769846,0.006101811080883456,2.482190190175255,0.03685240965220466
6,6,3,4.0,1.1,200,0.6294047427144895,0.0072100716379769544,-0.05331913566668341,0.002844478725631013,0.5115303698900376,0.007436126967715278,0.07073585571856844,0.002949635945246048,0.45131861049134214,0.004374939011383442,6.140724488556489,0.015160683962160056,4.1105839299039415,0.03557811982972089,1.2212162428981002,0.006070433474808474,2.4401011100801258,0.03673181937675864
6,6,3,4.0,1.2,200,0.6216707769194112,0.007061684815636166,-0.06105310146176181,0.002803534513088519,0.5022654413603044,0.007137648164054665,0.07387481551856022,0.0029387576987500155,0.4593864688325081,0.004518950589010943,6.1974223449538295,0.015030806423410039,4.001562798543668,0.03463499036400687,1.2057726450952921,0.005839180366933633,2.4105553691456096,0.03615081861603204
6,6,3,4.0,1.3,200,0.6113887208460828,0.006844925467412033,-0.07133515753509018,0.0027656090553658196,0.49055235928582946,0.0068344694761994125,0.0786134117431077,0.0030328973796876976,0.45709243531184585,0.00451444668517665,6.229789636779388,0.015448708110771814,3.8443505353042644,0.03295439590776686,1.183904114215287,0.005800387761088474,2.3726120368940893,0.03485109008264636
6,6,3,4.0,1.4,200,0.6023965298558925,0.006742420933902092,-0.08032734852528042,0.002955180869977019,0.481081271127116,0.006621016671585051,0.0831169656277005,0.0031344373712489907,0.45695323491680495,0.004382608833253713,6.278851221372663,0.015970951056852825,3.704596425731712,0.03444833237388321,1.1625109221908811,0.005991603799377324,2.3416966543569386,0.03418666396220239
6,6,3,4.0,1.5,200,0.591289627920377,0.006640391117187623,-0.09143425046079592,0.0030648229023653895,0.46952106917807923,0.006461472201755129,0.08853653299106364,0.003312219232356235,0.45880584087443466,0.003989635335211205,6.326442774753491,0.016191075268498153,3.564496276712698,0.030993117670121438,1.1407409297444004,0.005931212278170075,2.298856563601715,0.033651766341745146
6,6,3,4.0,1.6,200,0.5791017479080908,0.006427889990116146,-0.10362213047308211,0.0032188912377727483,0.45674260202628064,0.006134719617720756,0.09378006940025937,0.0032964709674631137,0.44840931834589937,0.004442893017455208,6.382650573511533,0.017313446428393605,3.41677384624621,0.031202241279669068,1.1176873221986348,0.00571828495001871,2.2510119183117183,0.03276012786706876
6,6,3,4.0,1.7,200,0.5627956637236919,0.006318905106320672,-0.11992821465748105,0.003335578520857286,0.4394542134288656,0.0059890116522840625,0.10197550819713964,0.0033706316650896017,0.4463826130692925,0.0045582136766363635,6.436516827211523,0.01738166541196605,3.2656814093810556,0.029868177659000687,1.0901788764669265,0.005609242078215095,2.1836660597590605,0.03231836639784457
6,6,3,4.0,1.8,200,0.5508671203398986,0.006170665420754724,-0.13185675804127442,0.0034443726263897125,0.4277793796525991,0.005758280556660471,0.10804946359371037,0.0034516565181324736,0.4501354715733422,0.004183447123304937,6.493023512352271,0.017672059084207714,3.1128541926516875,0.028645261396141684,1.066137597754455,0.005290952282966823,2.138317675631562,0.03180452980973158
6,6,3,4.0,1.9,200,0.5372810742690632,0.005907689127473018,-0.14544280411210966,0.003631038031218068,0.4143636613078053,0.005444536784473779,0.11515174057505441,0.0034427924860200385,0.4351678726827625,0.004532461679709819,6.535461657390479,0.018544626522913436,2.9981456831952467,0.027348166875582933,1.0459334117444825,0.005082211038753467,2.079490321423105,0.030533677670452605
6,6,3,4.0,2.0,200,0.5219492627983188,0.005642367421975213,-0.16077461558285414,0.0036288632743675217,0.39951035450866074,0.005140440100538221,0.12417499512607712,0.003497169435716973,0.44191785684336254,0.00423780517284247,6.564746888182083,0.019139335950568798,2.812231878828602,0.026661540904466232,1.014325068335781,0.005204675548570381,2.021911813222886,0.029007131045129416
6,6,3,4.5,0.0,200,0.6426384926200069,0.007588788972967095,0.0,0.0,0.5321051681105132,0.008293811498256778,0.0655006701966772,0.0033176948131872133,0.44664246763788573,0.004729876327543482,5.722381854136606,0.016140612459085824,4.724947539619036,0.04984213223434747,1.2939433753522414,0.006925020105268949,2.444356171889532,0.03773715869217465
6,6,3,4.5,0.1,200,0.6428696099884125,0.007622314194458996,0.0002311173684056888,0.001386265635800798,0.5318732390034452,0.008254123263279635,0.06539674879676022,0.003324296538638928,0.44969714806871364,0.004420782436151497,5.730365112160796,0.01630922301274273,4.7058814198227985,0.04905316666496515,1.2919268971001663,0.006966716072127289,2.447717085564621,0.03787043255399858
6,6,3,4.5,0.2,200,0.6412927022251976,0.007583263701945725,-0.0013457903948092642,0.001898807819269533,0.5299338215301541,0.008211741427868388,0.06623210358190224,0.0033018395587707024,0.44607759268083025,0.004564868503339119,5.749589156698645,0.018811340248039845,4.671481161308054,0.04687108899795914,1.2877508082084932,0.006828107310166937,2.442720126708664,0.03779053350815443
6,6,3,4.5,0.3,200,0.6394868238518113,0.007614974783868232,-0.003151668768195588,0.002174895220334908,0.5275431982357661,0.008244128603648704,0.06685461085294668,0.0032886924959788593,0.44953912347404557,0.004640914767670849,5.779383228744326,0.018237788256828546,4.63876579743397,0.0452305727911532,1.2823189849011003,0.006861440161901246,2.4376469547766946,0.03794300858994952
6,6,3,4.5,0.4,200,0.6371048003992545,0.00754834340542212,-0.005533692220752415,0.0024960645314626834,0.5250111672105011,0.008141284077949819,0.0676250999822294,0.0033011360670155265,0.4585814129788001,0.005189560313129858,5.778812141461678,0.017015817309018102,4.571931365523124,0.045275431408669374,1.2773598037560063,0.007016254227507625,2.4287496407126263,0.037535491862064715
6,6,3,4.5,0.5,200,0.6349286921605575,0.007544500670153011,-0.0077098004594494274,0.0027028485351073676,0.5227034456784768,0.008146602101422847,0.06892163127435003,0.0033270765652177133,0.4620747692709394,0.004608698400967884,5.795149165735595,0.0164835174737,4.520972087820548,0.04285120070601145,1.2733495438883917,0.00676863931341657,2.4201012370596287,0.03768987645982322
6,6,3,4.5,0.6,200,0.6299624996291969,0.007551951587929407,-0.012675992990809976,0.0028285229736477245,0.5171454322227845,0.008073014766275439,0.07127719605734278,0.0033564020866944833,0.44210950215005,0.004276619128638033,5.836593775663038,0.01636076527960053,4.428572032858215,0.04240657300421615,1.2614863680699648,0.006827877920701948,2.403075518881353,0.03770944130649192
6,6,3,4.5,0.7,200,0.622698736252069,0.00777820663844418,-0.019939756367937978,0.002970215251799451,0.5092020094528179,0.008211657454657515,0.07505178968097845,0.0035982041416373553,0.45269832292780093,0.004712522320705838,5.8820240350237,0.01732367677078532,4.34831160883591,0.042898644505586475,1.2494626755257452,0.007139656790839532,2.372845092421149,0.03874904559654151
6,6,3,4.5,0.8,200,0.6162729537058635,0.007741808802663695,-0.026365538914143442,0.0029501868138239987,0.501835999439266,0.008134538885353048,0.07777862772695449,0.0035836041919631387,0.4505428188494436,0.004676163228774172,5.934298375703105,0.017636646750545226,4.299467765822217,0.04371193621601299,1.238598687332323,0.007317158166770706,2.3463295892535423,0.03850291286426913
6,6,3,4.5,0.9,200,0.6088377276704817,0.0077792523276018965,-0.033800764949525136,0.003075374860362305,0.49332894045462683,0.00805194110147449,0.08121700365706076,0.0036459033706699347,0.44393371807899185,0.004246490811422089,5.981646154252648,0.01715899247237581,4.1953119437770825,0.04303724288284056,1.2236146468933735,0.007455934228913352,2.3180620933452243,0.03866725246549388
6,6,3,4.5,1.0,200,0.5985616345003446,0.007689640313009698,-0.04407685811966226,0.003063794456061652,0.4821502528673872,0.007853950755787742,0.08545423072572757,0.003667791142223671,0.45346396798579003,0.005291143004401966,6.046586509204222,0.0174786930435321,4.117527631210115,0.04125578944621153,1.2091614566250795,0.0072687858265060535,2.2727381073526916,0.038380564116666606
6,6,3,4.5,1.1,200,0.5901137950609113,0.007548597666690844,-0.052524697559095605,0.003084638021232253,0.472783094001513,0.007561701362873145,0.08903821590185972,0.0035982573071999323,0.44478232494810627,0.0048864922259011425,6.122249765164346,0.017207353073553634,3.9972918565678,0.03871188492804744,1.192696663980666,0.006841542412013149,2.2400608789164007,0.03797248083765551
6,6,3,4.5,1.2,200,0.5803243516595338,0.007508464498560479,-0.06231414096047318,0.0029692993377787957,0.46240322159531444,0.007382909021025859,0.09393204444212053,0.003715519564257054,0.44969277446672856,0.004464553563720264,6.159726962522338,0.016688767245464843,3.848716839864837,0.03902022618035514,1.172901730361487,0.006798968363949683,2.2029095320755974,0.037802655769441036
6,6,3,4.5,1.3,200,0.5716309923777374,0.007309777214405065,-0.07100750024226951,0.002937816118380368,0.45308022436350426,0.007066684809752335,0.09815011694194638,0.0037301814525169913,0.44464486675264125,0.004538966684883361,6.211908893264383,0.01699518282286243,3.743115058190368,0.0364950510949922,1.1564773156485604,0.006633317283505176,2.1687637094928167,0.036835021538657545
6,6,3,4.5,1.4,200,0.5616339585732502,0.007160950563064895,-0.08100453404675673,0.0030233281903647167,0.44188727254188737,0.006868875836678737,0.10377719406480282,0.003788479113536939,0.43967261150095305,0.004445733937195286,6.2509521527346354,0.016296385800046283,3.6204295067337164,0.03662584498604606,1.134530183112624,0.0066684541666432616,2.1325569851181414,0.03603069743736138
6,6,3,4.5,1.5,200,0.5503305027506348,0.007005993575228619,-0.09230798986937205,0.003091295687566947,0.430505995163972,0.0066091881291016645,0.110186816859941,0.003953767960836515,0.4347065514404487,0.004439945905987077,6.303490539698981,0.016820748603010076,3.474441904519746,0.03486248199813015,1.1119907257514172,0.0066574027562711835,2.089342983467461,0.03515255951713123
6,6,3,4.5,1.6,200,0.5400977016410691,0.006775109324456644,-0.10254079097893783,0.0034134385192051623,0.42046028238011735,0.006326870025593536,0.11554567101855624,0.004073353275961784,0.4380838519820771,0.0048293274178936065,6.366105385411052,0.017967895265370442,3.3415285300850415,0.03457290612962489,1.0909706353414177,0.006618796464399568,2.050837732345322,0.033999446792109006
6,6,3,4.5,1.7,200,0.5265470421058267,0.006505055461459997,-0.11609145051418014,0.0035483377765212114,0.4071647603803143,0.005974129357612371,0.12356544793373209,0.004019989503827774,0.4383032720730749,0.0043579395333544465,6.415278546779571,0.01853022473983184,3.189940249068442,0.033667851072597614,1.0646640642111131,0.0063885287139044,1.9983186106683064,0.03280713783569991
6,6,3,4.5,1.8,200,0.5155663854480577,0.0063577066142981,-0.12707210717194922,0.0038806998977088587,0.3962626991305012,0.005847876669867662,0.12957860527728796,0.004029985044885166,0.43079128262363353,0.004404431628073529,6.470861886691064,0.018710601221222634,3.0696860353831834,0.03320537332499508,1.0444684218593958,0.006311429046593283,1.9546385526323917,0.032088412861099126
6,6,3,4.5,1.9,200,0.5028961274273577,0.006172959022183069,-0.1397423651926492,0.003817730929464395,0.3836658507148299,0.0056023646370110935,0.13858868931165236,0.004094364785979169,0.43111138737941496,0.003916133300920831,6.522558515016702,0.01939149937547986,2.9368704779532346,0.03073252801969252,1.0203550469097946,0.006086415648927401,1.9050476282501654,0.03123680645876907
6,6,3,4.5,2.0,200,0.4919775325233431,0.005924371481528634,-0.15066096009666385,0.0039172533353251425,0.37385206987779257,0.005331589403762103,0.14505363918066094,0.004098270962958182,0.43512824937316735,0.004532390429403773,6.5626571992946365,0.019868886137735922,2.8402967137956505,0.031269403865925874,0.9996363009756544,0.005957422156201935,1.8622516939170446,0.03018050608619296
6,6,3,5.0,0.0,200,0.6035500786446414,0.008143359519511418,0.0,0.0,0.4925388751097943,0.008652273424091231,0.08281744115280679,0.004240029785295349,0.43573928941929146,0.004318994238047043,5.694899786943016,0.016980834184010668,4.513327618193989,0.05547111150498018,1.2568014830211707,0.008325191086296563,2.2541164150592423,0.03960161767523442
6,6,3,5.0,0.1,200,0.604364038274617,0.008182505944312492,0.0008139596299756832,0.0015840212528524331,0.493467122320831,0.008643615149824483,0.0826928723607991,0.004229902797862139,0.44137118850111123,0.004084806178675478,5.69743763293292,0.0173342605167119,4.491699077617291,0.054378891206703625,1.2547114840836409,0.008463990538810556,2.260941307644063,0.03972367967850277
6,6,3,5.0,0.2,200,0.6021890615542723,0.008017099869112325,-0.001361017090368995,0.002017060657809068,0.491074940145479,0.008459664300782535,0.08339539641928327,0.004094430214962024,0.43329053717097205,0.004371969805448919,5.732097160102543,0.020365403359741314,4.463829006607471,0.05174120322063511,1.2501708781905234,0.008126631602861183,2.252829832184603,0.03910241649409773
6,6,3,5.0,0.3,200,0.6009812325932302,0.008073940601881754,-0.002568846051411166,0.0024176544627038006,0.48999088992800677,0.008501931472532151,0.0840730685917207,0.0041797746962472905,0.43697972250279177,0.004537140974354073,5.737156230584112,0.019440457808848,4.420473425375512,0.054322703019506494,1.2476910198878421,0.008310353486961665,2.2482836151586794,0.03928536987739212
6,6,3,5.0,0.4,200,0.5973712759729566,0.008088445074226272,-0.006178802671684875,0.0027406466424969534,0.48535307011780093,0.008501858635709651,0.08645603633518376,0.004266544100631074,0.4371950433177885,0.004515745765311124,5.749974802793783,0.017369887315011864,4.355074754335538,0.052370462415940025,1.2388261914299856,0.008552835725123832,2.236148924673759,0.039191376262152876
6,6,3,5.0,0.5,200,0.5951243275141058,0.007966001254862323,-0.00842575113053549,0.00285007245398897,0.4827597641496018,0.00837334480595652,0.08726522866273552,0.004194490045048363,0.43130717185141426,0.004489842008790197,5.766190573763886,0.01789415158497648,4.309291481226717,0.049026687151281015,1.2336485315879993,0.008178336292229768,2.228255835559903,0.038800972010201926
6,6,3,5.0,0.6,200,0.590435471161021,0.007876400563073448,-0.013114607483620361,0.0028531474021823797,0.477756337168836,0.008249144894862637,0.08928928734172349,0.004129830416868978,0.43933248509342404,0.004952656920956433,5.805844658354749,0.01778856595026407,4.261210064639299,0.048977144423014415,1.226618330027457,0.007944559831281775,2.208010438501451,0.038498884165891326
6,6,3,5.0,0.7,200,0.5847494031375203,0.008035253544619314,-0.018800675507121053,0.0029561834128325006,0.47208557824301,0.008300176117699853,0.09260796604066293,0.004301268507625763,0.44108710601154866,0.004638827938900058,5.846628270255629,0.01879690155171216,4.175674185699205,0.047486910308643576,1.2145528998448802,0.008152844176424891,2.186999378928212,0.039282072580407196
6,6,3,5.0,0.8,200,0.580054470964185,0.008117936816310307,-0.02349560768045628,0.003208060075771045,0.4667592832479183,0.008324417599809555,0.09482874051524781,0.004313663940959975,0.4372526955539866,0.00446612746272786,5.8815958745750665,0.018308767286135792,4.130650429488672,0.04854531111279064,1.205588743897461,0.008335552857610623,2.1686525925348525,0.039685528025580626
6,6,3,5.0,0.9,200,0.5704498035846641,0.008088071851066159,-0.033100275059977265,0.003196229387118123,0.4562217482001756,0.008166516647783138,0.1002855876816712,0.004463254335595738,0.4387610818595104,0.004426614690746063,5.937846704834819,0.017683429101907677,4.02894114598931,0.04605145926744887,1.1892986847123153,0.008417846724963315,2.129071233918852,0.03949340437512714
6,6,3,5.0,1.0,200,0.5620794664856441,0.00800228924971666,-0.04147061215899726,0.003164545895959672,0.44702884077184857,0.007969429377078866,0.10457489984713039,0.004444450389755097,0.4315344346632555,0.004968650234748771,5.9980706846166685,0.01905653744836431,3.944358749621454,0.044223743773111605,1.1756567632618626,0.008263191357802019,2.094021974017941,0.03919660208722834
6,6,3,5.0,1.1,200,0.553128116882108,0.007668528149339783,-0.050421961762533433,0.003183901802122672,0.43719364937079175,0.007512630604454278,0.10825863229124348,0.004265304529760272,0.43661825523498793,0.004590109659620552,6.059576385419391,0.01835630676941734,3.829254432240341,0.04136318241202247,1.16086718687571,0.0077782583751072115,2.0567405547286315,0.03777393981172826
6,6,3,5.0,1.2,200,0.5441961486363055,0.007716879189909957,-0.059353930008335866,0.003081397310085507,0.42817684213641655,0.0074053826481903255,0.11372861916198478,0.004379135751510725,0.4318070688425578,0.004681532966649788,6.123177250297443,0.018382812892466346,3.7322323003948426,0.04012715620468373,1.142923416657785,0.0077207705041864565,2.022726072783462,0.03814505974661746
6,6,3,5.0,1.3,200,0.5325339647120052,0.007463471246927421,-0.07101611393263625,0.0032202936106100785,0.4166030568072351,0.007107437674460356,0.12078983088588917,0.004431949667639643,0.43563958786660156,0.004687902194103615,6.1794151007086455,0.018161977304211017,3.5843046606046203,0.03735357773545132,1.121612176262702,0.0074493180789934055,1.9761970929229542,0.03694428766423953
6,6,3,5.0,1.4,200,0.5245548910623954,0.007158862930646205,-0.07899518758224597,0.0034081063918694654,0.4079378412721356,0.006731534115218881,0.1251869245607403,0.004325285307636684,0.43538040297554964,0.004832625939481632,6.226178493551425,0.01831798457325457,3.4925111179558566,0.03660685822784942,1.1042352433692264,0.007159647700012554,1.9471588674431166,0.03553534832620918
6,6,3,5.0,1.5,200,0.515158157721715,0.006964911334985364,-0.08839192092292628,0.0035049763588612067,0.3981759889340266,0.006456490738470812,0.1310936268364954,0.004465942203553307,0.4382074026964298,0.0044980172434625,6.279527584312218,0.017809974130579262,3.3870859407922262,0.03663014019801741,1.0845735178577285,0.007080770306851343,1.9121587505713447,0.034506831287130196
6,6,3,5.0,1.6,200,0.5041712399353727,0.006934632409730237,-0.09937883870926853,0.00360266509091199,0.3880359912860422,0.006368019769458043,0.13844090899241318,0.00467245307222462,0.43622865232140734,0.004016709624453852,6.331343436514669,0.018874615910551402,3.2329089435149228,0.03519783162363966,1.060335623265788,0.007182419454364624,1.8724845230947558,0.0342243777126035
6,6,3,5.0,1.7,200,0.4940106950280583,0.006687565183827102,-0.10953938361658305,0.003804346799420273,0.3781995745401997,0.006076600794686876,0.14431871905219373,0.0046350238547772935,0.43447217965437784,0.00469519062912637,6.381299069152142,0.018954414798057706,3.1090353072778694,0.03287224575529473,1.0385529532759998,0.006965509068615338,1.8351621739128974,0.03329793333686852
6,6,3,5.0,1.8,200,0.483295086648439,0.006476668606515456,-0.12025499199620239,0.003980481116861697,0.36778268284331456,0.005869991710236766,0.1514296194398731,0.00465704321796958,0.4335560770589243,0.004148451522424674,6.431890133633269,0.018849605798880956,2.9929542104741103,0.03421614807974565,1.0183913400807596,0.0069257804184395455,1.7929899020172586,0.03216450068762885
6,6,3,5.0,1.9,200,0.4716964036725368,0.006263397652930149,-0.13185367497210454,0.004095540199582857,0.35663423357544133,0.005627742538239817,0.16031101301699188,0.004657720510783186,0.4303770558402212,0.004379807548485462,6.469076220986765,0.019059187100347475,2.8404219076831327,0.031467655322220504,0.9925650733526754,0.006660668844065444,1.751345340565347,0.031208638166668645
6,6,3,5.0,2.0,200,0.4627486079121739,0.006116301845719642,-0.14080147073246746,0.0041131522632840475,0.34882346438260425,0.005461960301677242,0.16705355546951034,0.004743407915000891,0.42933612710064517,0.004163049482064121,6.526735721603837,0.019902921551412715,2.7494205097190845,0.03177538110882864,0.9726637172499656,0.006561877936318675,1.7191963740933784,0.030560470143087742
6,6,4,0.5,0.0,200,0.8700102717823439,0.0004172603490688072,0.0,0.0,0.8035931745731036,0.0006038753466700772,0.007827618529761198,3.6224042726940744e-05,0.5252987128705889,0.004013534836805946,7.746761339448224,0.004299843414748564,12.90957927758925,0.016218078423843704,1.7024731044800863,0.000531534076496743,3.5649513166574462,0.0026777537235387985
6,6,4,0.5,0.1,200,0.8719509357156212,0.00022572532337037534,0.0019406639332772758,0.00033321678896643185,0.8063189520517042,0.0003891268132814401,0.0076531654403967095,1.9827964878154844e-05,0.5295819922784116,0.003965812756432223,7.666888228728329,0.00548797023236564,12.59677854106253,0.014725052919591993,1.6956294199041804,0.0004835336960458135,3.5835446333088714,0.0014155788027963542
6,6,4,0.5,0.2,200,0.8744039568814739,0.00015264529356977076,0.004393685099129774,0.0004026269578432096,0.8100864354905031,0.0002875370403386513,0.007460966588765712,1.3928087690344989e-05,0.5330414438345692,0.004027478510188939,7.572097542183363,0.006148984870942716,12.077630064040523,0.01849890592765736,1.6813667940814008,0.000625797962242795,3.6126589269954206,0.001056561798512612
6,6,4,0.5,0.3,200,0.8754459452472844,0.0001481708285103071,0.005435673464940314,0.00044223220899594845,0.8116553117646871,0.000280228275692835,0.007387624302363133,1.3396242874036217e-05,0.5198463563696124,0.003996779124243614,7.446785930912454,0.00770963888197348,11.459113679015495,0.020237358996695962,1.663157235608561,0.000653376106230358,3.637177140828578,0.0011436957023682481
6,6,4,0.5,0.4,200,0.8753463137016518,0.0001519656748481116,0.005336041919307848,0.0004724023384156559,0.8114830720646998,0.00027684437454835354,0.007394710268574464,1.3243299041659135e-05,0.5313756196190231,0.0038956029806193272,7.323072240824502,0.008688651406130343,10.831940719196796,0.019987250465150114,1.6439398000519514,0.000573920621196061,3.6557913632351813,0.0011669137990406354
6,6,4,0.5,0.5,200,0.873940538460489,0.00016440767837033523,0.003930266678145071,0.0004607385532806326,0.8094794232658296,0.00030135575158923367,0.0074870613727725495,1.436470244537947e-05,0.5313522627548373,0.0039588211133797565,7.2171093489689015,0.009768633506062606,10.212671986296865,0.020943656706672812,1.6236744393412454,0.0005690615728465203,3.6675455430137807,0.0012576471413405902
6,6,4,0.5,0.6,200,0.8712044847053142,0.00015191122117543942,0.001194212922970241,0.00046431060607557916,0.80466529200277,0.0002831595441365035,0.007721639103510949,1.4148238955824309e-05,0.5303488036972339,0.003945582813599868,7.1146841178322004,0.01089734777507392,9.556436298444591,0.023291899714436723,1.6003472417182723,0.0006828653728251988,3.6743074691279145,0.0011733165857135048
6,6,4,0.5,0.7,200,0.8665694252162461,0.00018403809865966337,-0.003440846566097938,0.0004842725941769811,0.7969662721845961,0.0003546896661435641,0.00811774672482914,2.004077041559393e-05,0.527627130337243,0.004061850562907733,7.0162021163216695,0.011697101755714886,8.85562731679457,0.023852373341650204,1.5721321168441287,0.000689207460630367,3.6744599074591453,0.0013788900310877292
6,6,4,0.5,0.8,200,0.8606105616181445,0.00023438246445220954,-0.00939971016419949,0.0004944921244689429,0.7873420079309426,0.00042382581762810483,0.008636803346109423,2.7107604167290988e-05,0.5397675434722978,0.003870748443100168,6.912390687772975,0.011248250984772121,8.135514629731073,0.02141599417196393,1.5405703167065883,0.0007047498799726126,3.6699441293692865,0.0017286507346150797
6,6,4,0.5,0.9,200,0.8537844806635545,0.0002960343940700105,-0.016225791118789433,0.0005336011835702958,0.7765684157912031,0.0005478384222338506,0.009263847145103012,3.624677370750581e-05,0.5223862653612202,0.003712078362250326,6.830622803264026,0.011241407512502138,7.42042882459191,0.02068765366010293,1.5053045421089226,0.0008099369168680009,3.663881810854663,0.0019782717313586427
6,6,4,0.5,1.0,200,0.8451125437086585,0.00035777806540590904,-0.02489772807368542,0.0005902637803631952,0.7634186146224725,0.0006454879055801532,0.010083828056959293,4.601889260822404e-05,0.5315508447665023,0.004042785350756894,6.762885663550634,0.010509865369926555,6.713315432815134,0.016865129691292655,1.46553163891196,0.0009101598163010062,3.6511509977435357,0.0021459298865419874
6,6,4,0.5,1.1,200,0.8354667974391541,0.000414947096845328,-0.03454347434318985,0.0006486778740065146,0.7489319399901881,0.0007075061862110154,0.011078728772690621,5.415959687291744e-05,0.5261688959089803,0.003903183820675215,6.728299601955209,0.009596252512134864,6.101605274198911,0.013692218465131417,1.4257639726174431,0.000980679569692431,3.6325190782998344,0.0022676264123542744
6,6,4,0.5,1.2,200,0.8236984783546969,0.0005232287343949341,-0.0463117934276471,0.0007389515662944628,0.7317890468507099,0.0008121298683481872,0.012393248234814294,6.924072945801184e-05,0.5195757092956281,0.004300783197922557,6.717584421567331,0.009740348650725338,5.592345075141764,0.011945460569787696,1.3876328810878682,0.0010884948188123258,3.599399595725018,0.0026714536016428704
6,6,4,0.5,1.3,200,0.8098744831509792,0.000578080148026214,-0.0601357886313647,0.0007580105760820651,0.7116478782673411,0.0008893244300515134,0.014126782277632638,8.89868685786236e-05,0.5165863810231347,0.0039044639250880634,6.726775082721754,0.00907118752555897,5.143226658554971,0.008662556035894936,1.348977278228792,0.0012872248112535288,3.5543586581000675,0.0029003886128830176
6,6,4,0.5,1.4,200,0.7930843043988307,0.000718892827213344,-0.07692596738351314,0.0008623036748384988,0.6890661025362402,0.0010246886090142006,0.01642313630189417,0.0001205117007269203,0.5226628586390751,0.004117833970740243,6.748442374229432,0.008974177406665685,4.744435159400394,0.008204450504250832,1.3102091275153986,0.0015426061260610385,3.4914716899455573,0.003759552664194846
6,6,4,0.5,1.5,200,0.7758103998886895,0.0008544888903580844,-0.09419987189365447,0.001001025778967215,0.6674286476606517,0.0011373610479199514,0.018963732512527046,0.0001508471293725363,0.5110887717763917,0.004238306739303567,6.782637102517666,0.008803809537562103,4.400149387666938,0.009196265145121802,1.2732807839538995,0.0017878136642748878,3.423816226377157,0.00442567062695957
6,6,4,0.5,1.6,200,0.7551462936758889,0.0009939528895794338,-0.11486397810645514,0.0011070579607175284,0.6420754650196895,0.001267635869767134,0.022282810427208987,0.0002002246613388499,0.5062050392036221,0.00413616241554792,6.817989331383721,0.008907279416222543,4.068112914047977,0.009854036111777962,1.2338198217216567,0.0020560137532442137,3.3381676108991303,0.005308754572444626
6,6,4,0.5,1.7,200,0.7349339126739062,0.0010529837963894498,-0.13507635910843768,0.0011268944451520491,0.6185363573800886,0.001299750362955875,0.025977866426420006,0.000244494744459857,0.49572638280523934,0.0037296159551566694,6.85930221031308,0.008646149130111936,3.778238041623789,0.009154710375591393,1.19605341847964,0.0021373994517740785,3.2535593793209556,0.005744526291547405
6,6,4,0.5,1.8,200,0.7119573796171912,0.0011874254782312497,-0.15805289216515267,0.0012439503956358081,0.5923537442810364,0.0014160870467083311,0.030709857529417624,0.00029409236233113393,0.49618576050994073,0.004197226546472368,6.8866129841135,0.007822863879088685,3.514422004842158,0.008229841043594682,1.159692895482221,0.0023018885738720855,3.150809876538941,0.006384277163074099
6,6,4,0.5,1.9,200,0.6924301653382406,0.0012984137898850426,-0.17758010644410344,0.0013597115999088986,0.5704041201919408,0.0014944993984444528,0.035652711752132485,0.0003757316914799683,0.4813298570335768,0.003864415905637998,6.904100574238869,0.007932436609059717,3.2853790467532127,0.00827247104132128,1.1256671846334592,0.0025533051064721315,3.0666092529341906,0.006873266562276967
6,6,4,0.5,2.0,200,0.6681360877229949,0.0012924903834084526,-0.20187418405934898,0.001392773494752483,0.5443644856377058,0.0014940305438546448,0.042332631074185445,0.0004399097880233843,0.4776543534995551,0.0040996121902479405,6.9316440961633585,0.009158107679829032,3.046736406912757,0.008438794982391768,1.0829005822075592,0.003006203815447065,2.9622888359650257,0.006690415516736538
6,6,4,1.0,0.0,200,0.8725486919929868,0.000301848293821818,0.0,0.0,0.8074254422739753,0.0005031816494566882,0.007603995541765365,2.715518335012484e-05,0.5271973492883231,0.003964202767715012,7.5539338580637745,0.0072589669301025145,12.302354328463341,0.021036639431457945,1.6905292279117918,0.0005645916592748828,3.5922639044264226,0.001921548347321446
6,6,4,1.0,0.1,200,0.873199322605418,0.00024622026689502253,0.000650630612431096,0.0002389329438056292,0.808524163340105,0.00042998534728805196,0.007539736895817364,2.1160599562143535e-05,0.5290913609305933,0.004105572435605192,7.530528454824314,0.007724801761588362,12.2053358446216,0.019765704088722087,1.6887910810774867,0.0005290977066149121,3.597941254840518,0.0015171302720329237
6,6,4,1.0,0.2,200,0.8733818077868396,0.00020536551108513962,0.0008331157938527281,0.00027306310403556655,0.8087896671666425,0.0003596734287320362,0.007520183475315989,1.7718188913868966e-05,0.5302342318332824,0.0040262519273242875,7.49992834089265,0.009390972233575675,11.98394398571538,0.019405047371973284,1.682771732119678,0.0004982635621310893,3.6050654492608367,0.001255714757057821
6,6,4,1.0,0.3,200,0.8732154955148601,0.00018898484044156335,0.0006668035218731329,0.0003072514664930872,0.8082369996874593,0.0003309438792766351,0.007538489742474659,1.602969637419545e-05,0.5253651955161893,0.0038332206757533994,7.442435786209715,0.011644695494349391,11.627112895205912,0.021977922171868315,1.6720986606341768,0.0005036340757661871,3.6147315931830972,0.0013128756059979886
6,6,4,1.0,0.4,200,0.871670712697791,0.00021431213196486466,-0.0008779792951958176,0.0003341484968479022,0.8056621065389451,0.0003841714693970226,0.007666884319813347,1.9213056845500757e-05,0.5287287884434885,0.004084196599292169,7.37876177376678,0.013320424065689519,11.155575589545972,0.026793770371288255,1.6568867047139588,0.0006258421016004093,3.6205907552342116,0.0016268378549204499
6,6,4,1.0,0.5,200,0.8691458961584911,0.000245059095488815,-0.0034027958344957647,0.00035191496987070365,0.8016932711359133,0.0004379573139014988,0.00786185813893545,2.284425270083848e-05,0.5291096732312208,0.0041375963268507655,7.3222985719141205,0.014828671397669987,10.635783348309028,0.031221295754388454,1.6387289816601882,0.0008086904805549746,3.623462129690333,0.0019141502495981276
6,6,4,1.0,0.6,200,0.8658533035195555,0.00028367536519298533,-0.006695388473431292,0.0003720557493520511,0.7957841994770195,0.0005132596087373064,0.008171847767488383,2.8294774093806095e-05,0.5281376281955061,0.004022838297744475,7.258754745303866,0.016381712714201104,10.055463366172397,0.03444776706237418,1.6169567227875694,0.0009550996632276382,3.6252995861385444,0.0022479800924873014
6,6,4,1.0,0.7,200,0.8611383743188148,0.0003344473908153612,-0.011410317674172048,0.00042163634306674523,0.7876504827400546,0.0005841531424374835,0.00863572946779568,3.5664342524451005e-05,0.5324528406526402,0.004064828262786255,7.201574885215962,0.01774463255244534,9.450187612474217,0.0364874268300988,1.5918316658287766,0.0010559759127697077,3.6218783902294973,0.0026781315296560255
6,6,4,1.0,0.8,200,0.8543541887305364,0.0004314210872579886,-0.018194503262450427,0.0005105352518285891,0.7767192125856553,0.0007939763672271572,0.009310057128042185,5.538721751754469e-05,0.5277815312884675,0.0038514861658903235,7.1412846085280615,0.018879322385048795,8.807039729053345,0.03859002385524212,1.5627874510257005,0.0012060787875699179,3.609848164874507,0.003243703518395811
6,6,4,1.0,0.9,200,0.8470069977715389,0.0005181607587136416,-0.02554169422144803,0.0005508066805473424,0.7650784149980874,0.0009173024879271306,0.010142373529932368,8.143479611745591e-05,0.5295679566748457,0.004017638529912671,7.0906886517072625,0.019367045967077834,8.171897170703687,0.039318184373180035,1.5311213961153662,0.0014412970954381262,3.5970310977581312,0.00381316329140705
6,6,4,1.0,1.0,200,0.837264823146094,0.0006231584154580825,-0.03528386884689292,0.0006770011517574192,0.7498250642133446,0.0010426799172422658,0.01124993883169691,9.653159249812196e-05,0.5196568486537818,0.004319747923500024,7.048617189761788,0.018952383957717128,7.5108660983340085,0.037759311255783204,1.4937790658086545,0.0017250612161530598,3.5753900226943234,0.0044583036890615685
6,6,4,1.0,1.1,200,0.8249382062473422,0.0006952011551056449,-0.04761048574564468,0.0007698237255401475,0.7308323629573326,0.0011490231929735108,0.012813806964547161,0.00012702524197777637,0.5255277408878882,0.0038410805473697083,7.0055002582267445,0.017978594166789073,6.826245403152809,0.033922938876409105,1.451959062460631,0.0018989128978552604,3.542579271684155,0.004543129664031415
6,6,4,1.0,1.2,200,0.811454346668551,0.0008657540239212228,-0.06109434532443588,0.0009258254209605492,0.7119879054650862,0.001365956530199589,0.014619029167583553,0.0001714019094348415,0.5214893644882196,0.0044708733460850445,6.9919930517777065,0.01814469137703983,6.213923932034286,0.03118955371164586,1.407998917486092,0.002055413158596283,3.504902206685289,0.0052381349859782315
6,6,4,1.0,1.3,200,0.7955156536791028,0.0009424818563220142,-0.07703303831388396,0.0009946120260684373,0.6897544881255171,0.0013558604521779938,0.016918722393006572,0.00020723026917140186,0.521332410644291,0.003573216379622847,6.9909632434278,0.018883294237082213,5.644383105960881,0.029779080443107488,1.3619220618871393,0.0021253175257558137,3.4544792123208197,0.005604267883146784
6,6,4,1.0,1.4,200,0.779071482731525,0.0010608952053529311,-0.09347720926146172,0.0010653629539945865,0.668315213828993,0.0014392600863263496,0.019440775287345745,0.00024918879363695315,0.5095224562185335,0.003815010068532362,6.9791473900273875,0.017108912533831344,5.084052712473764,0.025367182596763158,1.313109166853664,0.0022414133211325835,3.4037318717525,0.006307193360106171
6,6,4,1.0,1.5,200,0.762066613366406,0.0012030050203476852,-0.11048207862658085,0.001213903430768236,0.647097465944032,0.0015868970380511478,0.022205885943109953,0.00028560962845275217,0.5140240659769475,0.003861977027586701,6.985942638186327,0.0148167560893285,4.616658547609116,0.01941039176412679,1.2673155422015325,0.002346755259990017,3.346570546242284,0.007075474097170468
6,6,4,1.0,1.6,200,0.7442484546249211,0.0011876522118189176,-0.12830023736806587,0.0012110480332071956,0.6256336230214207,0.0014772510230652174,0.025365662749774805,0.00028491404394987417,0.5108419741989348,0.004124056334138169,7.000242091093444,0.01315281166445685,4.209568236210941,0.016686915757637824,1.2217552860318834,0.002630120206799082,3.284251841049413,0.006812670716249324
6,6,4,1.0,1.7,200,0.7263493251897668,0.001398546277079401,-0.14619936680322,0.0014177069433587016,0.6050714493121095,0.0017096876710297575,0.029067534655312678,0.00035908995207914457,0.49418942017997436,0.003736610363469264,7.030157956828003,0.012468682698026664,3.8638921335052796,0.013882720768794569,1.1781530574833194,0.0029094052529504985,3.2194848760818116,0.007832642656068894
6,6,4,1.0,1.8,200,0.7043044771620066,0.0015442493588132893,-0.1682442148309803,0.0015410059276634814,0.579890956752006,0.001840242382082148,0.03415377734872008,0.00045271513265160234,0.49658157495763433,0.004055246176533551,7.06652530286641,0.01209682870445606,3.548068725252132,0.013012715178252632,1.1329064987592554,0.0032166611595781025,3.131262239524075,0.008550315749982483
6,6,4,1.0,1.9,200,0.6820840544457621,0.0016606259852394514,-0.19046463754722479,0.0016663055509380015,0.5566129236636034,0.0018387512390518922,0.039640504542073844,0.0005129207446370881,0.4869801597478595,0.004004578501944086,7.1058934280163655,0.012174625904779888,3.263587291569795,0.012677061326962946,1.0870244929087,0.0036078784055180806,3.042612043790661,0.008939328365987717
6,6,4,1.0,2.0,200,0.6617832994482228,0.001762835457241951,-0.210765392544764,0.0017709815006565848,0.5355284397693504,0.001954318407686718,0.04493469501064199,0.0005814836523879605,0.4782565006733078,0.004010654969617302,7.138028853757183,0.01173600950288615,2.9994606156003467,0.01235506356683534,1.041917449388742,0.004105933868262025,2.964809397494543,0.009315473989076038
6,6,4,1.5,0.0,200,0.8613517338896441,0.00100151242507108,0.0,0.0,0.7909798369248219,0.001452495817128118,0.008566057162042517,0.00010205578336652854,0.5297133225550563,0.00366290792072182,7.375578053733186,0.011260889351357758,11.835138604788167,0.028329940500830122,1.6796301842490948,0.0008460055007685194,3.535371644389711,0.005602376075284321
6,6,4,1.5,0.1,200,0.8621804303365721,0.0008912096822947773,0.0008286964469280178,0.00043185749206530084,0.791989186679178,0.0013141457805313647,0.008475386509914543,8.274110659546951e-05,0.5286570433139708,0.003989927763291801,7.3667304549781445,0.011895354726943124,11.776895862260616,0.028104033842423368,1.6780392602941692,0.000767430989995416,3.541979860719031,0.005002014320310722
6,6,4,1.5,0.2,200,0.8634283414684721,0.0008573336676522321,0.0020766075788278865,0.0005282341229349763,0.793614461803927,0.0012843075592038882,0.008382064927649884,8.063686056491422e-05,0.5259016458694935,0.004254271063718266,7.370139756957553,0.01270220890648948,11.668052150983794,0.027456957435310046,1.6751170388035934,0.000738576426547675,3.5524574844672294,0.004929497335429506
6,6,4,1.5,0.3,200,0.8635863572927392,0.0007507532273374706,0.0022346234030952,0.0006214375418823292,0.7933677581328095,0.001139309944732899,0.008387558426950818,7.136933513183105e-05,0.5297994150887572,0.004188239893000594,7.371618366273651,0.013605544833292843,11.462775020849117,0.028012886607656523,1.6676246283446892,0.0007410020309567691,3.560906592149911,0.0043538172437287284
6,6,4,1.5,0.4,200,0.8620985228876406,0.0007410338004246138,0.0007467889979964545,0.000683747071336465,0.7907649619404366,0.0011326824740644675,0.00851014085985762,7.06538387864036e-05,0.5253302189736985,0.004036138902273391,7.366123926296214,0.015049579752510402,11.16064258816971,0.03126034180344609,1.6563291449357382,0.0008619451907301713,3.5631940723958984,0.004267504225788404
6,6,4,1.5,0.5,200,0.8587115452291479,0.0007980757087248096,-0.002640188660496078,0.0007386569166279105,0.7848723637894459,0.0012557300231700902,0.008858614342333085,8.242191135490611e-05,0.529828509137548,0.004336280347527719,7.363719939502419,0.016817447975668573,10.83177574632507,0.035635842303089145,1.6428340779557704,0.0010094779277533819,3.556182888575354,0.004855023690658772
6,6,4,1.5,0.6,200,0.8549646068342492,0.0008730453201547622,-0.006387127055394677,0.0007641915143009249,0.7790473949934626,0.0013438896534716202,0.00922162444719131,9.560920477305108e-05,0.5255644185697623,0.004247150063520628,7.358681549517282,0.018939391608632002,10.432010729333337,0.04129060563492692,1.6263543359968196,0.0011712533887986286,3.5499770192881828,0.0055281147610876215
6,6,4,1.5,0.7,200,0.8488028143061642,0.0010339077398395515,-0.012548919583479869,0.00082393396646054,0.7687526820676993,0.0016097857158067505,0.009961486799340044,0.00013640035259192778,0.5295117387272588,0.004105443411485994,7.3452695670958486,0.02085681584933694,9.96574991768364,0.045921735241329725,1.6061111170977542,0.0013586961897356815,3.5329140390616605,0.006734682786526136
6,6,4,1.5,0.8,200,0.8420521219468269,0.0010994400587530481,-0.01929961194281715,0.0008623302343633135,0.7578501847426389,0.0016660357407052091,0.01069142133447663,0.0001389731379535099,0.5271926127811553,0.004122805160357481,7.328742266165303,0.022478651596475017,9.464104215229804,0.048191545173154646,1.5828875164624434,0.0015235495025117411,3.51526598226204,0.0072361554579532415
6,6,4,1.5,0.9,200,0.8319041332895704,0.001203732859035112,-0.029447600600073613,0.0010133742754011505,0.74187831680857,0.0017904470986717248,0.012016487398774103,0.00017188871813787719,0.5243598139484767,0.004000621332702378,7.334688800795451,0.024787492986622098,8.909074303355915,0.04975552174587088,1.5540071953522194,0.0017123984852453371,3.482705921560275,0.008010209396257706
6,6,4,1.5,1.0,200,0.8206350241878002,0.0013683923006877294,-0.04071670970184391,0.0010856296879918354,0.7245738757202147,0.0019552298418951536,0.013598295005544065,0.0002168097089169445,0.5150119016570165,0.004047803756051495,7.312911316177577,0.025018435863080044,8.258807028701018,0.04908722946692235,1.5183991445418246,0.001954089185913896,3.45008583482751,0.008997693215012299
6,6,4,1.5,1.1,200,0.8074545307911766,0.0014761699894561121,-0.05389720309846758,0.0011728418906407853,0.7059061011911288,0.0020579160824706474,0.01544961352906251,0.00025811617700007873,0.5185843977145261,0.00406008630300964,7.312819872104115,0.025585594380785122,7.6928446588198724,0.05101493678107966,1.4827526811299934,0.0022795454446367658,3.405931800415579,0.00968861597079329
6,6,4,1.5,1.2,200,0.7906099086224727,0.0016423372512848426,-0.07074182526717132,0.001346260274268236,0.6827153619132225,0.0022192299899342393,0.018181721337464662,0.00031888481649187646,0.5154967573771424,0.003759305404781115,7.314185532416068,0.0256300044545765,7.10295909517603,0.050693000487779666,1.4414651865237829,0.002591192705416055,3.345234551790548,0.010759744349681053
6,6,4,1.5,1.3,200,0.7729674081916472,0.001727311509252268,-0.08838432569799683,0.001387379665480757,0.6594698302756357,0.002251232802941969,0.021438542052135006,0.0003788970797258756,0.5195644780615771,0.003893624146786156,7.30125389390063,0.024817884671310367,6.490322466788899,0.050764917959233644,1.3956846864195973,0.0029061484286748993,3.2841996031197684,0.0114658404627915
6,6,4,1.5,1.4,200,0.7541490328440364,0.0019695141850982647,-0.10720270104560754,0.0016523292511166842,0.6359180011409872,0.0024588086834209694,0.024914281953693846,0.0004689985370511971,0.5108170110936253,0.0038318142550348958,7.271393026907381,0.02374177287298219,5.850939777424653,0.048193362261594735,1.345978990646042,0.0032872412502000068,3.2199705867558843,0.012729284487671645
6,6,4,1.5,1.5,200,0.7313407918399435,0.0021218516680413433,-0.13001094204970054,0.0017971489875943261,0.6089595653322202,0.002554146371474685,0.029985519030713843,0.000572854378033147,0.5036048352374823,0.003959947789691222,7.27174590200762,0.022649856129226487,5.301796906456849,0.04709722265966335,1.2953862648053347,0.003589016007762465,3.132472200842217,0.01361430775996235
6,6,4,1.5,1.6,200,0.7099685695474895,0.0022210960188967285,-0.1513831643421545,0.001878883698089547,0.5844046127746718,0.002610555311523958,0.035207231035752164,0.000674628824624361,0.4910827277093188,0.0038433583859205324,7.28573047194852,0.02173734439907026,4.801996792185391,0.04418244924059928,1.2441839485933646,0.0038680703903492806,3.0542776934895386,0.01392979141646138
6,6,4,1.5,1.7,200,0.689093812252934,0.0024089726515032777,-0.17225792163671003,0.001979150800022704,0.5617180942681395,0.0027283481090176233,0.04059778420411206,0.000808626944298921,0.4933486042695959,0.0040979805770443994,7.29839121383603,0.02153725991955607,4.351561054732358,0.03718685655097956,1.192585152941592,0.003577849247186448,2.9794915372333306,0.014705405766977372
6,6,4,1.5,1.8,200,0.6700194555962554,0.002526410457459671,-0.19133227829338875,0.0021119879174983955,0.5415288974831968,0.0027653407730717423,0.04567527709623302,0.0009350441290826493,0.47705303652210745,0.004153160943297683,7.298324348057015,0.021790699790491936,3.8827251672555905,0.02956520293663622,1.138577665787259,0.003651092094454512,2.9180144889406927,0.014978752595255393
6,6,4,1.5,1.9,200,0.6503719876318101,0.0027202861727968837,-0.2109797462578339,0.002325026583162613,0.521113382489118,0.002953847320656015,0.051544437361246365,0.0010838831173784573,0.4705400790739136,0.004238432149521735,7.298915287234078,0.021102915825552418,3.516472137835539,0.02634655215694197,1.08818487459129,0.0039305593955002455,2.849452877038158,0.01607395376237153
6,6,4,1.5,2.0,200,0.6300636033881782,0.0026039848813173795,-0.23128813050146582,0.00220710600949027,0.5006775802860052,0.002754757641989166,0.05797213904163593,0.0011207730665459496,0.46950331279876784,0.0042593330293316245,7.305684689793036,0.018139577572499208,3.1839013965049285,0.02070952516633016,1.0391826070592756,0.004205890893263515,2.77549926394637,0.015531510971602599
6,6,4,2.0,0.0,200,0.834236368127932,0.00231838474346426,0.0,0.0,0.7535301827187619,0.003059639906068389,0.0114568420849143,0.0002949629813105552,0.5097526697305036,0.0038096954190600563,7.217970056874727,0.01453636840811925,11.353986870617176,0.0434188306141973,1.6622508078746647,0.0016727428569240585,3.388582683407945,0.012677271470142026
6,6,4,2.0,0.1,200,0.8364224880966268,0.0023160644360435117,0.002186119968694955,0.0007345541670777299,0.7566087052396406,0.003058555312106027,0.011189806558462172,0.00027766438481096565,0.5064647835300327,0.004006516524206965,7.222906440805412,0.014084187992973028,11.319380780040769,0.04124794060795765,1.6617665043711118,0.001577652352205301,3.4023027176656297,0.012732668428514593
6,6,4,2.0,0.2,200,0.8387246855087054,0.002229481050630163,0.004488317380773372,0.0010410291073615445,0.7592368560917118,0.0029584490986456053,0.01100457343867232,0.0002614990138323637,0.5122080833537336,0.0037733847536990705,7.252782084882525,0.014897025945526407,11.274821795831816,0.039598817332016756,1.6599645862944086,0.001475690977833343,3.4180431503369006,0.01233435610309035
6,6,4,2.0,0.3,200,0.8400834605783462,0.002047245769535929,0.005847092450414242,0.0011997614122822129,0.7598154308723859,0.002779747670284384,0.010911267191742666,0.00024148429207415412,0.5134527821294003,0.004112616719613642,7.272992209660126,0.016477211059336833,11.14777646719458,0.04185471479391957,1.6549657929157644,0.0014665698118537212,3.431268564959909,0.01135704023497132
6,6,4,2.0,0.4,200,0.8385777054296834,0.0020183426818381946,0.004341337301751446,0.0013007205696136254,0.7565994759217344,0.002761779188455901,0.011156422674231354,0.0002520254456869883,0.5181590016091568,0.004140670498497727,7.296171194354778,0.01793067193890436,10.96550820048169,0.043439638109663066,1.6467855219508272,0.0014477082732568787,3.4303323327069335,0.011313830943689594
6,6,4,2.0,0.5,200,0.835766620767624,0.0020992315061311895,0.001530252639692129,0.0014973048153113279,0.7521307893455912,0.0028626046319952313,0.011547875606115534,0.0002771333556663585,0.5248899953639947,0.004026227563214538,7.341780055181258,0.01990527422157337,10.741552176265907,0.043777308217853854,1.6353515791991964,0.0014810041078951947,3.424746733874898,0.011893182017892186
6,6,4,2.0,0.6,200,0.8302942572258964,0.0021681091556447363,-0.003942110902035345,0.001505432421010761,0.7436211084284957,0.002926923166014147,0.012313812536980455,0.0002996768293634788,0.5174232267204616,0.003962684356670324,7.378362530880703,0.021062858508386767,10.44059236062764,0.04602709285713406,1.6201922298251927,0.0015213875287961034,3.4067739901047775,0.01246458684272517
6,6,4,2.0,0.7,200,0.8245331018816566,0.002100258199279167,-0.009703266246275228,0.0015439479871423797,0.7342202882388892,0.0028465123865126537,0.013065649145750155,0.0003053377247438654,0.5165795633701099,0.003763108496280032,7.405416804465272,0.021600848963394412,10.144121433069566,0.047794821263740545,1.605128383088829,0.001566729701096574,3.386957271245004,0.012314106686795064
6,6,4,2.0,0.8,200,0.8150763398969779,0.002267418375500117,-0.019160028230953953,0.0016712627333615002,0.7200306175024351,0.0030210192945314836,0.014571459312369165,0.00037521742948509935,0.5235168222641601,0.003957171402535684,7.434235140720299,0.024459152472116902,9.742335560136176,0.049879868769849275,1.5837211921618062,0.0016045174767143776,3.3511090703236848,0.01337878648942218
6,6,4,2.0,0.9,200,0.8036643115814135,0.002490460057441091,-0.030572056546518275,0.0017599891847080867,0.7037994245749097,0.003250030604166708,0.016368725856155314,0.00045540253882284305,0.5188922637011645,0.003975178412075611,7.478502097223263,0.02745984834442067,9.289558632487333,0.04953394524670774,1.5583441015990065,0.0017158835853505652,3.3073927276319917,0.01473335429470987
6,6,4,2.0,1.0,200,0.7900824724477757,0.002618037492148788,-0.044153895680156124,0.0018917991177527453,0.6853935802672722,0.003302803262555644,0.018603919190226793,0.0004933026900712875,0.5230335554643889,0.004139172366864605,7.501286840575244,0.028925709307402656,8.749115118419027,0.05314110876753107,1.5267428261579823,0.0021014918848273204,3.256763581827617,0.01571216059262798
6,6,4,2.0,1.1,200,0.7752632607872055,0.002633386236121804,-0.05897310734072621,0.0019356516696690446,0.6650055793085223,0.003212015684144019,0.021297530983030076,0.0005388890056330664,0.5099759389584768,0.004203583074314702,7.5528587705850825,0.030065074673500617,8.304107391164367,0.0570930223901651,1.4959361978359238,0.002417567430179844,3.197848191991227,0.01609961818215209
6,6,4,2.0,1.2,200,0.7565196111295672,0.0028085774920320623,-0.07771675699836458,0.002159154367934561,0.6407061240798749,0.003266066334745404,0.02515562824633496,0.0006496056302307912,0.5075822295201662,0.0038900440721825274,7.568100133957578,0.03004757617744819,7.7063594529158355,0.059379489241068124,1.455755570475627,0.0028697788754844904,3.1245465293716292,0.017215997977882716
6,6,4,2.0,1.3,200,0.7379032849995204,0.0029978569771685363,-0.0963330831284114,0.00224147584475387,0.6186792708818679,0.0034248666995811486,0.029260130717372716,0.0007560911022662948,0.5066929615930846,0.0038437791006877106,7.582004616441896,0.030840639997343093,7.14429571647132,0.05968343014362769,1.4139915651130812,0.003060171020367306,3.0535991173294366,0.018629557065093446
6,6,4,2.0,1.4,200,0.7159248211314656,0.0030789923808162596,-0.11831154699646623,0.0023985705851583008,0.5924973720169879,0.0034383623467229138,0.03455762714600902,0.0008725410283905087,0.4902315121551247,0.004036194408139488,7.599720946541706,0.030282742853935972,6.596325857273492,0.06108149732429868,1.3688389674942416,0.003697686269034754,2.9656844385349648,0.019074793211663693
6,6,4,2.0,1.5,200,0.6952463964361053,0.0030835040276702514,-0.13898997169182664,0.00240813584106798,0.5688524913594034,0.0034057647471376538,0.0394623577788414,0.0008807100203354249,0.4811685258369641,0.004307726493517908,7.598861093045644,0.029527571084741983,6.036057142179385,0.0602568945326521,1.3209890549490302,0.004050043084665725,2.8883380829857184,0.019475566079651965
6,6,4,2.0,1.6,200,0.6705614490481134,0.0032385974702983703,-0.16367491907981843,0.0025278448388366486,0.5422236512431027,0.003476193472053492,0.04691509829620021,0.0010832148950900796,0.4803709501427118,0.0043625080534289715,7.604617548855019,0.02952266208174714,5.493340584194272,0.057306235292394724,1.2679105935257815,0.004455243571701505,2.7919630276825207,0.020202788865448556
6,6,4,2.0,1.7,200,0.6464212090386713,0.003316802681255772,-0.18781515908926066,0.0027020650536473227,0.5167473302597801,0.0034991912904870272,0.0546310515465791,0.0012589265177410818,0.46886422847546216,0.004007458176533016,7.624157040558855,0.02973033202403702,4.9975053185664144,0.056756001418681847,1.2158103474235633,0.004826439899800833,2.6979076548431857,0.020591702403376908
6,6,4,2.0,1.8,200,0.6231147573952687,0.00349204013473446,-0.21112161073266322,0.0027975880668836875,0.49411801601663785,0.0036197855547612633,0.06321020596676882,0.0014433053943106824,0.46143708297739594,0.003968067542858517,7.620389037399459,0.028081314450440275,4.487179607219312,0.05071626892286718,1.1613899332283477,0.004895629717521975,2.61122057118666,0.021501090606075253
6,6,4,2.0,1.9,200,0.6036855329702528,0.0035705228320064694,-0.2305508351576789,0.0028043875646836026,0.47514119886961437,0.0035766581695560397,0.07070268950053327,0.0016257591642201503,0.46569478285069876,0.0043777978654513765,7.595174719009476,0.028556113563810142,4.022302611216006,0.04408540322081561,1.1081411984669076,0.004999818657992797,2.546836245121787,0.021648193738662506
6,6,4,2.0,2.0,200,0.5848895472526445,0.0036349496936927696,-0.24934682087528734,0.002785440082671233,0.45684144893421746,0.0036104893582080792,0.07851719777806344,0.0018057073964227247,0.44974618152345813,0.0039631997704934205,7.588887312684632,0.027176227331169922,3.654585333262338,0.040392181337760305,1.0602097540456685,0.004641275214589542,2.480968534062421,0.02207977150932261
6,6,4,2.5,0.0,200,0.7945185851816059,0.003994879707685773,0.0,0.0,0.7047579013314939,0.004868775612301374,0.016947119659227638,0.000683899627507438,0.48627136094176265,0.004445377471102563,7.074167651033304,0.016285632605339793,10.79445198348933,0.060020253883836784,1.6348434549369812,0.0030199467641107694,3.1755211285288056,0.021437341427661506
6,6,4,2.5,0.1,200,0.7986236354257926,0.0038749061104605474,0.004105050244186635,0.0011841039906627677,0.709709626405083,0.004770987328787426,0.01635943627666536,0.0006391884762688711,0.49345132124246577,0.004531211858501486,7.094337914093524,0.017193043475681413,10.812343295749324,0.05930655270258243,1.6362154551581347,0.0029795797534011505,3.1990029060244694,0.02081660363206308
6,6,4,2.5,0.2,200,0.8001167818185234,0.003909169535807677,0.0055981966369175375,0.0016740295941344017,0.7106210063094766,0.004812841580739653,0.016366422708342772,0.0006227249143879462,0.4924600501915124,0.004599663332354556,7.143192554412849,0.01787368274818697,10.832104020330599,0.055958722797246355,1.6355975337587227,0.0028309255553021877,3.2086609916937707,0.021176724211254917
6,6,4,2.5,0.3,200,0.8022521046427131,0.003649071067659817,0.0077335194611072725,0.0019870518782814568,0.7111712513293845,0.004584926934032211,0.01622343100891831,0.0005768178378288975,0.49901409356171106,0.004847424529236747,7.172551569497475,0.01905827346268895,10.74830898672541,0.05419315401791594,1.632891744177166,0.0025852551559760583,3.22429496379909,0.019919833240588432
6,6,4,2.5,0.4,200,0.8004762837327354,0.00366306062659842,0.005957698551129553,0.0021697165658401915,0.7079405491609754,0.004605184689639005,0.016633285536350115,0.0006044551502399381,0.5044456796454883,0.004752218328287925,7.201892087677124,0.020698166477552078,10.595758072016475,0.05589058179362291,1.624093852503285,0.002597484059825851,3.2223412554836726,0.020037652198270663
6,6,4,2.5,0.5,200,0.7975074831137077,0.0037282104274530387,0.002988897932101787,0.0021613731559616306,0.7030252188015176,0.004629058855495338,0.017345126835221776,0.0006645304647030505,0.5079592317648273,0.004349395198215987,7.251383207380444,0.022401262528237757,10.410845463599939,0.0553065371388471,1.6132641887217891,0.0026287684816031598,3.215196495986098,0.02042907826646672
6,6,4,2.5,0.6,200,0.7913785303197415,0.003770553529963677,-0.003140054861864407,0.0023613379950925923,0.6939779753682324,0.004655051516718391,0.01841720338568279,0.0006728996283758074,0.5052590597334417,0.004072830631260763,7.300363163416574,0.023420486390421966,10.181063212873882,0.056503466569274,1.6004150667997983,0.0025767966629583606,3.190938244960873,0.02086867149595177
6,6,4,2.5,0.7,200,0.7848108721626139,0.003810161959066181,-0.009707713018992155,0.002442215871768353,0.684352517449705,0.004667477308719434,0.019650533712755894,0.000704998858156082,0.5098524186119516,0.004772328291325762,7.361679541713754,0.024495282277245036,9.924228309996016,0.05639378517811805,1.5851978718654027,0.002536690999211708,3.166391951935907,0.021242676078923915
6,6,4,2.5,0.8,200,0.7758238663441495,0.0038973379136645753,-0.01869471883745649,0.0024034183660472464,0.6716580512706085,0.0046717909470366595,0.021480605353158946,0.0007912920925943212,0.4974225135180653,0.004389926142108858,7.453846948663526,0.027336114549493168,9.64666404696817,0.055216687182304304,1.5665581951154501,0.0025944498387304015,3.130620347053397,0.021779344646748768
6,6,4,2.5,0.9,200,0.7616976785394138,0.004196336989748617,-0.03282090664219212,0.002545310909699139,0.65331441374794,0.004889560644531881,0.024782397891023496,0.0009601086587927678,0.5012482894252419,0.004148991628527599,7.534570396943125,0.030460048177751733,9.268263867063405,0.0562677460436822,1.5409308973222506,0.002950722325925281,3.0707214975888144,0.023382290346510654
6,6,4,2.5,1.0,200,0.7472000601983375,0.004288141436370373,-0.04731852498326836,0.002845514137621774,0.6344442697411197,0.0048818855472192195,0.027944945573092014,0.0010983636302315393,0.49491245097606607,0.004446473351226188,7.610538458609503,0.0316910158052763,8.887862736615297,0.05381841799471027,1.5155059956530987,0.0030393826603065696,3.008371448346558,0.024096076312862494
6,6,4,2.5,1.1,200,0.733125308229055,0.004067111337718391,-0.0613932769525508,0.002865853393846569,0.6163454800533819,0.004506456491570132,0.031066659559961036,0.0010889722222840303,0.49959034003229374,0.004231877951170978,7.672819097239605,0.03280833443457394,8.469847298780092,0.05414388223101679,1.4859973089928755,0.002960914392321593,2.9526654028949757,0.023119563655654155
6,6,4,2.5,1.2,200,0.7161738557306759,0.004112408959446415,-0.07834472945092992,0.0030295178037893053,0.596107205812296,0.00446859527274667,0.034891071145312536,0.0011655128359073562,0.4909957802777845,0.004461038057018695,7.725621275777472,0.03364932987245739,7.97794251113493,0.05703117729330311,1.450509663875006,0.0031081823701280486,2.8855215070302425,0.023656469804657663
6,6,4,2.5,1.3,200,0.6954229117753153,0.00396597961759141,-0.09909567340629057,0.0030550312224337274,0.57216977105322,0.004250842027403251,0.04044001997091981,0.0012056514300116002,0.48500690092103504,0.00430528829909501,7.769412509214008,0.03493194852189965,7.46771937309725,0.05837556348095784,1.4103525783024855,0.00313129491456203,2.8000432610471973,0.023427826170182815
6,6,4,2.5,1.4,200,0.6741658592217687,0.003829806164002964,-0.12035272595983704,0.003080400491976519,0.5485268613489341,0.004050088805778126,0.046392739979583306,0.0012287595200093679,0.48059567347784826,0.0045847618586458685,7.7806327560584165,0.03366208878580226,6.875183472508099,0.058138433214871055,1.364031869185537,0.0034651402850180745,2.7176644347982375,0.022909819929284907
6,6,4,2.5,1.5,200,0.6507275582889978,0.0038533767328732867,-0.14379102689260814,0.003104922383305831,0.5233448482635964,0.0040375224820697305,0.05381650261967677,0.0014108384523099605,0.46367392432847554,0.00394230301762263,7.788323534094182,0.0335250897633442,6.300232238729774,0.05821148598804346,1.3149145767459876,0.004015502745306514,2.6248759558607158,0.0231520876453322
6,6,4,2.5,1.6,200,0.6300704160867439,0.0040101859382452275,-0.16444816909486196,0.0033059613225182947,0.5024140992696889,0.004100654844172551,0.061260170453338675,0.0015633262820869498,0.4669098909806359,0.004342617052747559,7.8267651725795,0.03414982678259025,5.9057247101866865,0.059143236749734165,1.2731119015411176,0.004288964433232564,2.541611216534779,0.02424573636709146
6,6,4,2.5,1.7,200,0.6064526794146302,0.003956072331376221,-0.1880659057669756,0.0033575279445848564,0.47844536797197534,0.003945705446497231,0.07057631781779294,0.0017114913645496683,0.4552104359042072,0.0042018511076596455,7.885563497504266,0.03512425431347124,5.388393100755495,0.05961765124632438,1.220325147007995,0.004897520729670735,2.451405816890427,0.024122323715160973
6,6,4,2.5,1.8,200,0.5847208434770503,0.004034286567772919,-0.20979774170455556,0.00343656978202468,0.4575286609413013,0.003982161436440131,0.07934491610797609,0.0018892520958307267,0.44980380482317983,0.004090929385219177,7.90877360579732,0.034803081842427995,4.934075479710069,0.0571295154569175,1.1709342464333066,0.005194327415357164,2.369222634897961,0.024685946752708583
6,6,4,2.5,1.9,200,0.5633185673192913,0.003991574439153755,-0.23120001786231448,0.0033878802599291175,0.43679721529381715,0.003846051370855373,0.0893279220262287,0.0020187311485294745,0.4478748836761792,0.004467745071366331,7.915080423684558,0.034458820146727895,4.527644193163621,0.055921628328681236,1.1239909507153398,0.00526379247097055,2.286587147746669,0.02476299812307453
6,6,4,2.5,2.0,200,0.5447733101674136,0.0040434077018097,-0.24974527501419228,0.0036106612233656665,0.4191637661215512,0.003797369810318456,0.0988947426249384,0.0022242783616698344,0.44814044051345875,0.0040908826786981555,7.91843399974188,0.03361092629608506,4.15227523245851,0.05573596483987109,1.076616515497298,0.005653121922948825,2.221680448377699,0.02479002396472914
6,6,4,3.0,0.0,200,0.7498385583343908,0.0052776827117263685,0.0,0.0,0.6534181244567796,0.006141823681652614,0.025055190240384193,0.0011515292471918066,0.4652694645619186,0.004747498143799448,6.940182098251199,0.020197451177310102,10.18822079576904,0.08105914386637746,1.5979644021618116,0.004667448452734248,2.941887668767826,0.027644412376012305
6,6,4,3.0,0.1,200,0.7507771920124617,0.005348995625656494,0.0009386336780707028,0.0014372809274638065,0.6542139137558227,0.006200241260044406,0.025028049358330366,0.0011525118112600786,0.4765314537549857,0.004611816890588421,6.975500272143818,0.02137269734881381,10.261431863495313,0.07794149739153759,1.5999564251783076,0.004614224502931339,2.945578546423574,0.028068667941793406
6,6,4,3.0,0.2,200,0.7522946526002892,0.00531670912195613,0.0024560942658981523,0.0020863062343776818,0.6550668057780606,0.00618658344717663,0.024987303687686032,0.0011039134752379024,0.48057726732822076,0.004571528256338337,7.0280931963682045,0.02097861351382652,10.266908245053479,0.0769880767310046,1.6001114371394505,0.004502077561631273,2.9546109075517872,0.028071158941918795
6,6,4,3.0,0.3,200,0.7541810903969577,0.005175251531349709,0.004342532062566746,0.002299857824293577,0.6556357399517587,0.006063514096082712,0.02488034319402036,0.0010656703734412158,0.4780807827035484,0.004553335134042745,7.0517840944632875,0.02062438889408566,10.207174597474296,0.07123966200861573,1.5975529632210081,0.004157590517451469,2.9685907046906697,0.027543557886196307
6,6,4,3.0,0.4,200,0.7519602432626474,0.00521065944226773,0.00212168492825657,0.002513911833450968,0.6520570927008182,0.0060865970113534035,0.02579157782599955,0.0011044750107836777,0.4796032544952382,0.004347951680137965,7.108755702927026,0.023273975170288137,10.087122485902626,0.06993664686410454,1.5890913279756267,0.004091497200839256,2.963606355664034,0.02784323445710293
6,6,4,3.0,0.5,200,0.7500779385325862,0.005196607248447936,0.0002393801981954577,0.0028003087702743257,0.6479986637754552,0.006073806263716107,0.026420271102830538,0.0011193665625651827,0.47976853030414573,0.0044975375856348785,7.1647884495544965,0.024634174123163554,9.991722986749236,0.06764982962586748,1.581133673219386,0.004004725008104652,2.960167710600923,0.027883416766714273
6,6,4,3.0,0.6,200,0.7449089934045251,0.005213203888866612,-0.004929564929865712,0.0029599807678296693,0.6408677209458318,0.00597137017833391,0.027845774583173305,0.001180720974982347,0.4926018737575465,0.004552032230998856,7.225968802966574,0.026096572949720752,9.794482269356362,0.0688041229419524,1.5690500430814804,0.004158637558519865,2.940956275976788,0.027919438261228287
6,6,4,3.0,0.7,200,0.7355660255047305,0.005240814095793567,-0.014272532829660477,0.002947995637403188,0.6283806873063013,0.005955926613840531,0.030153943640558706,0.001254105140276183,0.48648396674185435,0.00519654365921202,7.299850665074468,0.02640320975586822,9.54935315285153,0.0661919983901064,1.5521802271852971,0.004064012160878038,2.901259659409522,0.028186908742041484
6,6,4,3.0,0.8,200,0.7254671169308657,0.005285139938683942,-0.024371441403525096,0.0030301647303478283,0.6146866403653849,0.005921185504982758,0.03285984355047973,0.0013118305942099093,0.4864800117461715,0.004489199730316688,7.401536686005115,0.028169172767024384,9.295065511473597,0.06613049335130029,1.5323283625435928,0.004044627456280687,2.8599682946272433,0.028552449807440986
6,6,4,3.0,0.9,200,0.7121665682580803,0.005338373770294833,-0.03767199007631056,0.00307664416386621,0.598912647100483,0.0058492763830504235,0.03624799167155975,0.001434470674933147,0.49073088804676446,0.004683755249319858,7.49766232216421,0.0320884460706659,8.984837470042354,0.06433970823916636,1.5093643310661329,0.004075112702479933,2.8024049608932198,0.028990508780263848
6,6,4,3.0,1.0,200,0.6990809924722214,0.005175526875265681,-0.05075756586216951,0.003062882377457166,0.5818719684882283,0.005598257539888733,0.03992476325008339,0.0015044112441408956,0.47990034222263434,0.004604878505591117,7.5691058145701735,0.0355888158607417,8.614817428510529,0.06796519575350245,1.4823117000763395,0.004080196932213997,2.7502317669765195,0.028259618542374316
6,6,4,3.0,1.1,200,0.6810980389610038,0.005181453969528003,-0.06874051937338697,0.0031465494245153974,0.5614179860784188,0.005488931708828356,0.04535355704183599,0.0016219517080406864,0.482398592053041,0.004663280121924581,7.646005251185718,0.03683882776606212,8.167946966825069,0.06385939924072698,1.4477515267570595,0.004081019679865989,2.675915238995351,0.028466723628658652
6,6,4,3.0,1.2,200,0.6640818433062554,0.005153910778378003,-0.08575671502813535,0.003404357592114881,0.5423151594287308,0.005347418404700878,0.05124217713370467,0.0017335547408876219,0.4701353122590816,0.00476184422526227,7.715077935588358,0.03660971754486705,7.741844362686467,0.059700694507356614,1.4150873573556273,0.004141409231040239,2.605555883900857,0.028457295051177868
6,6,4,3.0,1.3,200,0.6460254543637143,0.005104471449670564,-0.10381310397067647,0.0035230198476151374,0.5221940783746883,0.005220935945840635,0.0572155826129543,0.0019019294747053923,0.47135433518152736,0.004617099363824206,7.791752260595578,0.038148511738056896,7.330996410739485,0.056303941999739614,1.3815973573461269,0.0041993556617949705,2.5297245722450925,0.02839762928823664
6,6,4,3.0,1.4,200,0.626123725093875,0.005119687201345625,-0.12371483324051571,0.0036624338847572606,0.5007511195461171,0.005165312063339697,0.0647706875129108,0.00207220871017655,0.4616866950794772,0.004433592979284184,7.8716610313148045,0.03921094107958533,6.879962515644966,0.054959445285868394,1.3412976189560357,0.004387689851074846,2.449530497885069,0.028637138052312838
6,6,4,3.0,1.5,200,0.6081166059946221,0.004854162579007572,-0.1417219523397687,0.0036853760368544524,0.482140957550844,0.004812581586650457,0.07072912577741515,0.0020180447725030126,0.4601595237009269,0.004006641018636145,7.906226984310783,0.03892929724329706,6.45307920613279,0.052617629833061896,1.3044418672056324,0.004085923339251082,2.377363239247996,0.027667029611349675
6,6,4,3.0,1.6,200,0.5862230566266636,0.004801542636330945,-0.16361550170772726,0.0037165359254081602,0.46063924239024245,0.0046471975844234485,0.08032130921243771,0.002181605884798545,0.4530989393660119,0.004180210314699732,7.979257581505371,0.03794545331010595,5.997885952507809,0.05734988630777141,1.260454300109048,0.004450721508822285,2.2887976396217216,0.027607771841373214
6,6,4,3.0,1.7,200,0.5679850609998075,0.0046262853367250575,-0.18185349733458334,0.0038784451869772803,0.44298983657185304,0.004443945699852559,0.0876436056190797,0.002258880358484373,0.44499803759362216,0.004057366230721383,8.03757263243383,0.038332881832024615,5.63039886033418,0.05952147260106119,1.2203300079795765,0.0049838365784887146,2.218501093430867,0.026800560674116992
6,6,4,3.0,1.8,200,0.5463257260634886,0.0044107879666736615,-0.20351283227090222,0.003926557922041502,0.4221851144891316,0.004180712389906282,0.09855017764607509,0.002346120020044089,0.4412548483340933,0.004083303927246913,8.081486886232,0.03871990186956825,5.185922927662577,0.05815260254395233,1.169819337691301,0.005084221940576249,2.137876634066666,0.026079335531628115
6,6,4,3.0,1.9,200,0.5269103669367771,0.004333021866094689,-0.2229281913976137,0.003905412959348567,0.40406680817762586,0.004031993367202854,0.10963812453019794,0.002541610919648395,0.43200900644526263,0.003938654454366227,8.086310284271242,0.03795956410101294,4.782333529882191,0.05749644152933624,1.1246203015811083,0.005145296921722284,2.0655265559581473,0.025756106969136064
6,6,4,3.0,2.0,200,0.5081145487700418,0.004121124309048981,-0.24172400956434895,0.00384702659472972,0.38663721903292897,0.0038192508813826207,0.12147421482722763,0.0026423017803863863,0.4379638255303546,0.003979135703717751,8.114936895443424,0.03967821231879515,4.3708410514890526,0.056430468589979854,1.0777052462424574,0.005558729930446963,1.998643470242791,0.024765556135836347
6,6,4,3.5,0.0,200,0.7025522315471833,0.006404041477609584,0.0,0.0,0.6017549826739109,0.007142913904283835,0.0361637673844021,0.0018198487580053037,0.44255305907839115,0.004577025564253127,6.841400917504293,0.02269946864799492,9.638050494296357,0.09019002619764682,1.5564666710513375,0.006173485037699517,2.6970932024372782,0.03292929997299544
6,6,4,3.5,0.1,200,0.7039553944008402,0.006415134761983613,0.0014031628536568816,0.001409235576287077,0.6030496095726812,0.00714760183966084,0.035950568180082604,0.0017814180515440402,0.44953810310936476,0.004553966550006177,6.885214412386318,0.023405242848361735,9.695967841878105,0.09170936942201892,1.5572851126219722,0.006285069412055369,2.7047701252570473,0.032854053675631094
6,6,4,3.5,0.2,200,0.7047842151013758,0.0063868764472177104,0.002231983554192474,0.002101362660097207,0.6037619678219539,0.0071200434816421155,0.0362089336314885,0.0017307349034277626,0.45175282254404336,0.004799095996577671,6.938274421396554,0.02232807447953419,9.697845555625372,0.08987827131583569,1.5577986678828148,0.00609993435978144,2.7092746146565303,0.03296850431819499
6,6,4,3.5,0.3,200,0.7061180118888223,0.006318106443758782,0.003565780341639008,0.002302980907323152,0.6030097780397293,0.007045299910035607,0.03613689760250041,0.001677642893102025,0.46161942518146565,0.004810195425163824,6.972111079899821,0.023071280202822765,9.64662624886559,0.08691871650802532,1.554015916527157,0.005866658395679931,2.7211327577620317,0.032792486291497024
6,6,4,3.5,0.4,200,0.7045481961162543,0.006370141188497967,0.0019959645690709456,0.0025714380508258194,0.6001859136981261,0.007086025775692308,0.037155266823573355,0.0017325171287023962,0.46535521249824185,0.004601891394626333,7.014181362101668,0.023961457939742033,9.627267385870232,0.08430937922770815,1.55092902996307,0.005767786174303818,2.714715289946289,0.03329798347382612
6,6,4,3.5,0.5,200,0.7013806214204229,0.006344111646756513,-0.0011716101267605567,0.0028286237314826047,0.5954558829116843,0.0070420915892440315,0.03828068236545309,0.0017270920029046099,0.4659536274993469,0.0046369877651895415,7.070389695062988,0.02705047747286992,9.51410098445586,0.08163506809119546,1.541316434114981,0.005629096573031693,2.7051499969236885,0.03325020385208615
6,6,4,3.5,0.6,200,0.6962727588815781,0.006245861295912734,-0.006279472665605155,0.002662199433399291,0.5879457546725475,0.00687702655807512,0.04019882300513464,0.00176470746521393,0.4735305559413905,0.0047540906992353665,7.134296824032176,0.029022370034175456,9.38257220131473,0.07853873294875288,1.5295405333895575,0.005466033637466002,2.686000653718596,0.032879957162839236
6,6,4,3.5,0.7,200,0.6858325531485806,0.0062204452318038814,-0.01671967839860259,0.0030095299045291733,0.5751850956320195,0.006749885899864536,0.04348733949312392,0.0018596023698756361,0.47141127335921323,0.00433136195806948,7.227278807479513,0.030588538849777226,9.156550659773908,0.07863307161782568,1.5130892264454068,0.005477511071796085,2.6392423682897395,0.03274382406418014
6,6,4,3.5,0.8,200,0.6762940963676595,0.006203573998553534,-0.02625813517952394,0.003134534169193856,0.5631394148581387,0.0066121186181204005,0.046515793220513454,0.0019436596661085936,0.46655523924026115,0.00503693543587709,7.329610227661717,0.03164033657961086,8.915954844966384,0.07715249325821956,1.4949453301156956,0.005416065320054467,2.5996362565823508,0.032749683052305266
6,6,4,3.5,0.9,200,0.661416373656778,0.006274762758307023,-0.041135857890405345,0.0032482092812986434,0.5461267688622471,0.0065605663262065335,0.05187482859528023,0.0021406056182869497,0.46487846213047473,0.00463591915315959,7.441724690655571,0.03376136017019623,8.643482846913654,0.08229913042781929,1.4696185537645747,0.00580077735186728,2.5348867631698258,0.032997604045431526
6,6,4,3.5,1.0,200,0.6494488716111485,0.0060640843755002385,-0.05310335993603477,0.0035042961510161137,0.531196081818747,0.006272405794529022,0.056176621591005504,0.0021569301679379726,0.45832100310308,0.004718633384707968,7.529110397430022,0.03637254090963576,8.330919018913148,0.07939290074880831,1.4443577018879787,0.005690904143043302,2.4876910997848034,0.03209452805687716
6,6,4,3.5,1.1,200,0.634984783760527,0.006091046680905829,-0.0675674477866562,0.0034520264530572197,0.5154253617933883,0.006198122485457635,0.061422544942407856,0.0022666662285381004,0.4551906218531026,0.004631280837563845,7.615947802226246,0.03836403076921674,7.9950033375794805,0.07614603293163334,1.4154084430102092,0.005875285391303752,2.4290684160718743,0.032164438532167994
6,6,4,3.5,1.2,200,0.6180287231743278,0.005934570474981316,-0.08452350837285554,0.0035082519278978913,0.49694526403872724,0.005927705188177748,0.06763480141759767,0.0023816423663579377,0.4593159575904314,0.00445713197672825,7.676961257011062,0.03937989930149497,7.565250970466766,0.07284288180789251,1.3817002842733808,0.005903584498045736,2.36011713443789,0.03139820181175947
6,6,4,3.5,1.3,200,0.5996266517782247,0.005875522502343612,-0.10292557976895857,0.003683742006951552,0.47780230130138096,0.0057269771578337325,0.07561517619326567,0.002574528744854442,0.4517130017082159,0.0044459722985256715,7.764969178153557,0.03949284360970782,7.0988579830213725,0.0694851413337938,1.3442294348781996,0.005860061511388902,2.286173758719647,0.03133459517168157
6,6,4,3.5,1.4,200,0.5809640091060517,0.005652967110701288,-0.12158822244113156,0.003869239058352915,0.4586606622419264,0.005439117246353498,0.08382706165052994,0.0026533199604449917,0.452232145454536,0.004294629932055801,7.848821494855692,0.04214697278499637,6.6858309442478285,0.06613678741751565,1.307099299976561,0.005595006476720116,2.2103120555215154,0.030500302861660132
6,6,4,3.5,1.5,200,0.56386137883122,0.005329921676485486,-0.13869085271596326,0.0038507836261851814,0.4407601268338462,0.005075616479207523,0.09190993351595964,0.002692903288388926,0.4409708937603468,0.00420424698658472,7.93496748768109,0.04052352666383212,6.334232480767201,0.06075685645539858,1.2720905310426514,0.005345947738905843,2.141773986794786,0.02901821752389156
6,6,4,3.5,1.6,200,0.5439395096679331,0.005143521593494302,-0.15861272187925013,0.004157252847553861,0.42103050259983016,0.0048301582374997,0.10207054936700471,0.0028294367188806888,0.43472428127466484,0.004433954436182323,7.984210785806206,0.04231467090632508,5.93423185301079,0.06094212615635075,1.230086617749547,0.005547005949300468,2.0631621515744563,0.027966304980720662
6,6,4,3.5,1.7,200,0.5266505045590655,0.004988281322662122,-0.1759017269881177,0.004371938430925874,0.405113636698594,0.00464866156867086,0.11127978179558914,0.0029576185715214144,0.4378278555016055,0.00419359491344029,8.069769131394494,0.043735171249338116,5.536516592320795,0.05770276877141024,1.1898401769812657,0.005488786959628318,1.9987333595537575,0.027281696250669816
6,6,4,3.5,1.8,200,0.5095952527955564,0.004769624272762285,-0.19295697875162687,0.004372660739466911,0.39004210112238163,0.0043807063193987816,0.12096865240285987,0.003052317455572196,0.435379526379281,0.004472530421323313,8.137237835347085,0.04339238346830739,5.211772016958265,0.05739307426290234,1.1554477397184504,0.005461832393572843,1.9298658094790526,0.026630844673391434
6,6,4,3.5,1.9,200,0.49157393958368545,0.004521266247086741,-0.2109782919634978,0.004354951912835624,0.3741064931279789,0.0040771364378682,0.1315144675321726,0.003100423910879188,0.42349549420444044,0.004016816485926516,8.164804238760434,0.04372782354639711,4.8151955248361915,0.05657749641378829,1.1135823325466594,0.005516276116676952,1.8626222688694485,0.02581539035632168
6,6,4,3.5,2.0,200,0.47565196122508197,0.00426859251878867,-0.22690027032210117,0.004746598993263905,0.359069086598331,0.003856319370197682,0.14155735622649368,0.0031103410111550933,0.42801037452474605,0.0041971723614951705,8.217415512161686,0.04234133539778463,4.498938645948342,0.05809464480497152,1.0751372638519012,0.005891177585133561,1.8046686853194285,0.024554277766034745
6,6,4,4.0,0.0,200,0.6569209736704872,0.007191555972921484,0.0,0.0,0.5539772179141434,0.007812495891638782,0.049873193882699986,0.0026086802790318167,0.4411898468430598,0.0045872850043760125,6.744516520341058,0.023198599675962127,9.053687148616415,0.10545586878447673,1.5074582345640883,0.008087685420777705,2.469829955816094,0.035868480464427935
6,6,4,4.0,0.1,200,0.6585292801885303,0.007135392651458307,0.0016083065180432065,0.0015379373589220582,0.5553906030088939,0.007708605468609436,0.04930630917092488,0.002448277112717744,0.440507781249341,0.004747877461620252,6.798009218221977,0.023864317817093177,9.127522705518123,0.1028447559948694,1.511824263613878,0.007708553511574412,2.475201321030007,0.03586813093609975
6,6,4,4.0,0.2,200,0.6600021667602971,0.007073163138276298,0.003081193089809874,0.0021958131331970675,0.5562862148700667,0.007664358526096798,0.049458458748958004,0.0024370859028566404,0.4436497973913633,0.004682000273656427,6.844598741837185,0.023593951180644036,9.153724637744173,0.102650248700223,1.5118421236595594,0.007539057511090854,2.4841009633970215,0.03579071367829659
6,6,4,4.0,0.3,200,0.6592602096986139,0.00726885219562697,0.0023392360281266826,0.0026051404537419634,0.5543551227751992,0.007872223771336765,0.050969708777727024,0.002507347778031962,0.4393632608862931,0.004648463887306606,6.906075311566912,0.024853249414642925,9.090614934555044,0.10641586867694883,1.5046283109298713,0.007898234083257709,2.4868226420992126,0.0366286261250368
6,6,4,4.0,0.4,200,0.659094216584778,0.0071771742202101215,0.002173242914290915,0.0029814666188498137,0.5526852651061069,0.007724142234692078,0.05094373844737631,0.002448506176774973,0.4466624286132136,0.0047492987043729834,6.930238916010868,0.025487049339178423,9.085226441660753,0.10214616127102577,1.5046231278004785,0.007572090685769612,2.4858228299889884,0.036437491825039726
6,6,4,4.0,0.5,200,0.6554923653657602,0.007051939960188273,-0.001428608304726907,0.0032137009767708555,0.547502341365921,0.007560662764974192,0.052701800942546805,0.002416317872037258,0.4529735704431954,0.004419738532597592,6.99462491773631,0.028382649189413602,9.04173807394728,0.09599257729053803,1.4982157950102535,0.007131136088494019,2.4704229730393834,0.03608026122302731
6,6,4,4.0,0.6,200,0.6486478560172533,0.006964029449787411,-0.008273117653233863,0.003236356201460038,0.5385388443551163,0.007423248333203094,0.05513057872366533,0.0024249618288035273,0.45921715272400904,0.004361647954082034,7.072313499789552,0.03143275790558181,8.904783489921968,0.09138738959410427,1.4836654823978395,0.007023135684905524,2.4435336189462884,0.03570348580157458
6,6,4,4.0,0.7,200,0.6399587520938919,0.006839503204442527,-0.016962221576595344,0.0030760356338795885,0.5279043277667523,0.007153443257749315,0.05859705322679975,0.0024726003591593352,0.44586453043251895,0.004829328949656473,7.167522155477488,0.03271406889692003,8.729686602667575,0.08949054307673357,1.4690845200274478,0.006954975376066175,2.405506928639257,0.035154173522838374
6,6,4,4.0,0.8,200,0.6288971802890035,0.00690068648547822,-0.02802379338148353,0.0033781354475245135,0.5153911331488574,0.0070773101592424715,0.0634578000426752,0.002635075042033334,0.4554074828385153,0.004456808797188646,7.269089831624524,0.034558820550591736,8.525239178953399,0.08466760274629533,1.4518608857125568,0.006854953634765172,2.3557589473870486,0.03558103298272965
6,6,4,4.0,0.9,200,0.6169904025748079,0.00689299425006004,-0.03993057109567917,0.003524068519248135,0.5018963475001892,0.007023988895173977,0.06895822972735866,0.0027998102347827026,0.4518871473569169,0.00458448346639864,7.367935203017075,0.035967936112014674,8.206203750924406,0.08778161965772843,1.4279778067409785,0.006898575910099875,2.3075531628785177,0.035699464815235525
6,6,4,4.0,1.0,200,0.6046649542709965,0.006689303309121384,-0.052256019399490566,0.003647759691151725,0.48829767261604845,0.00669922999774479,0.07407785213554371,0.0028011538034968496,0.44922674000879864,0.004536438593922749,7.456647923539433,0.037516081801409015,7.963342721050677,0.08724286981711629,1.4031999726505335,0.006850300584238041,2.2577073177979576,0.03460225645254488
6,6,4,4.0,1.1,200,0.5918003614621448,0.0065586436901375325,-0.06512061220834234,0.0037926164556348805,0.473863121223971,0.006427496772430678,0.07970032751978039,0.0029453804769961874,0.4527658066248699,0.004562485400972503,7.536435346157409,0.040141924457231276,7.722632410848755,0.08874987882333545,1.3786477757398976,0.0071043956885807474,2.2043716178329475,0.0337498994782737
6,6,4,4.0,1.2,200,0.5752090093007591,0.00642658685585728,-0.08171196436972805,0.003702346538360758,0.4562842729648442,0.006221280905564338,0.08781319356827545,0.003061074301534061,0.44438073851648446,0.004442633395779812,7.62457603272847,0.040444252317835404,7.31080333163717,0.08274582746907266,1.3442423365489347,0.007152988828075411,2.138325721690206,0.03305281036387241
6,6,4,4.0,1.3,200,0.5595831299967102,0.006297425231402764,-0.09733784367377683,0.003827879351406465,0.44027856191394493,0.005979439477408759,0.09534766636819836,0.0032077301831148833,0.4433803964817691,0.004433130126293073,7.712373603888856,0.043069321633767296,6.9576657282791725,0.08104593971934308,1.3121495959211322,0.007100742869022547,2.075812523839519,0.03253204553278464
6,6,4,4.0,1.4,200,0.541534538333771,0.006061782180821186,-0.11538643533671607,0.004076277822422273,0.4222812850990335,0.005651914532340368,0.1044580608178811,0.0032683464117474865,0.4318051265490206,0.004879278946905678,7.806453915355661,0.04531311062099677,6.526086529770627,0.07040809672902197,1.273532051752801,0.006565028267780251,2.0051559644990014,0.03174682536096588
6,6,4,4.0,1.5,200,0.5249113979300923,0.005743077049845145,-0.13200957574039468,0.004029732332313232,0.40670297764649194,0.005347193144937684,0.11336205473462316,0.003306017132093247,0.4370943378429885,0.004661483453088987,7.8841519593610805,0.04497318675346424,6.112278927490297,0.06772781221795583,1.2352388113862238,0.006437183212089663,1.9428054095469867,0.030138707737494573
6,6,4,4.0,1.6,200,0.5091732190579791,0.0054643196174905305,-0.147747754612508,0.004159789043730383,0.3913851717220352,0.005006711844569028,0.12247649377417051,0.003407026050176972,0.43458404141873197,0.003873255292033943,7.958513459395242,0.04403733489794613,5.717172417821749,0.0661205005291918,1.1967254499419402,0.006389327301263925,1.8860329215893221,0.029096637941514538
6,6,4,4.0,1.7,200,0.4928986275787024,0.005286254537696892,-0.1640223460917848,0.004526908752860099,0.3764452716967671,0.004829260842277706,0.13264794099341398,0.0035330755792764693,0.4279904561322695,0.004307491128687864,8.022436021526381,0.04558656646955267,5.448204995475524,0.06406560925988061,1.16046280821793,0.006430010648427709,1.8237620363167386,0.028166931414807334
6,6,4,4.0,1.8,200,0.4755971434184654,0.00513124759330541,-0.1813238302520217,0.004636268568006113,0.36067397678497415,0.004623304991999485,0.14387153587104898,0.0037334094074043655,0.42929319024281576,0.004238165201897339,8.09120246796587,0.045490929022422244,5.059611822537372,0.05957961622691735,1.1202057691852394,0.006361364586771631,1.7592682889008346,0.02744715667599834
6,6,4,4.0,1.9,200,0.4616647100147574,0.0048730744261210384,-0.19525626365572968,0.004860812013017878,0.3483147382920688,0.004378645331912376,0.1534397121141792,0.0036793344904180046,0.42300721752250275,0.0047804292801562915,8.164293179420453,0.046083391001772854,4.757055776271177,0.0563041399312534,1.0898387394011704,0.006125550918752979,1.7052822456962162,0.026204905029962113
6,6,4,4.0,2.0,200,0.4462544248724168,0.004594354397428649,-0.2106665487980703,0.005055398839887347,0.3346248781340796,0.0041119281750878435,0.16498449285634892,0.003707005967366829,0.42973271693186904,0.004089505225288947,8.226730185232105,0.04378692073560263,4.436414777290006,0.05200921566235957,1.0525658433389349,0.005976776577471115,1.6492545050554341,0.025096539461149717
6,6,4,4.5,0.0,200,0.618020729929591,0.007616758979840975,0.0,0.0,0.5148576608190291,0.008107998388658734,0.06373282740841274,0.0033228756187660704,0.427088813409589,0.005007093138922578,6.665674880841043,0.025593075385091608,8.580538771547227,0.11181057179309078,1.4632531169992955,0.009300159356604127,2.278515907096537,0.03729539502223251
6,6,4,4.5,0.1,200,0.6170840426064909,0.00748770957143257,-0.0009366873231001374,0.0015613567392446866,0.513034360996081,0.007943462336279444,0.06411685800099583,0.0031293702678170062,0.42648291778258446,0.004605887327724336,6.727523304415567,0.024362113692153343,8.611841048887513,0.10842789243340142,1.464152011764262,0.008872013567536984,2.2719458957474417,0.036954831711130155
6,6,4,4.5,0.2,200,0.619164590000265,0.007592929186324154,0.001143860070674068,0.0022791009727393032,0.5147317199524896,0.008028903100007678,0.06461955429630951,0.003202657572220338,0.42359583347323165,0.004281892335839749,6.775987186919504,0.02493808236628349,8.622766350528376,0.11197067213183337,1.4639993728386442,0.008992025561708496,2.2846950826757038,0.03753056721191338
6,6,4,4.5,0.3,200,0.6174554256994592,0.00766414769697533,-0.0005653042301317726,0.0027943794310657964,0.511771418413399,0.008095494027071345,0.06585712775500242,0.0032570830050274867,0.4422924264582308,0.0048677056511783725,6.808581849901055,0.027064643752103587,8.607412018245572,0.11256222165140863,1.4597718615560813,0.009117479065173092,2.278574562366229,0.03783558594200611
6,6,4,4.5,0.4,200,0.6165012998925548,0.007620091043667464,-0.001519430037036284,0.003083008041292767,0.5094567872920789,0.00802722422262043,0.06666304755906088,0.003189644763184931,0.4294926745757536,0.004718213694578603,6.856668155920298,0.027288876147240376,8.579262914186994,0.1123734536922164,1.4567886788311342,0.008961568928731404,2.275781048264563,0.03787711164122245
6,6,4,4.5,0.5,200,0.6136316195377576,0.007565554347948989,-0.004389110391833352,0.0032692703074878203,0.5055042291608344,0.00791192054713083,0.06865023485956824,0.003243531947126071,0.43402627366649865,0.004838630099437214,6.921395592518934,0.02907148750264698,8.593634694989246,0.10767667767019132,1.4525077323737616,0.008796704813459556,2.2626876890706358,0.03774477211914468
6,6,4,4.5,0.6,200,0.6072022892157442,0.007379622094708517,-0.010818440713846876,0.003413062222693483,0.497658229387935,0.007657468044802928,0.07146947737613484,0.0031304232899550355,0.441819944752845,0.004661995792417807,7.01205678871288,0.030210681256031477,8.476753154827854,0.10220126509197267,1.4417331976165155,0.008240444104182397,2.23453623335612,0.037052965839301344
6,6,4,4.5,0.7,200,0.5968130299068062,0.0074358267620429006,-0.021207700022784878,0.0035815594485709775,0.4856657801495421,0.007590745223314242,0.07717749623963276,0.003381167718060322,0.4392648400977889,0.004363781232292327,7.120599091903022,0.031032089506889644,8.277294849082956,0.09845159316943226,1.421817586045027,0.008573929639003953,2.1915507045889786,0.03706937965207091
6,6,4,4.5,0.8,200,0.5900504549701899,0.007365600936495271,-0.02797027495940109,0.0035459555065997556,0.47814659270570226,0.007429023189771079,0.07977996329530289,0.0033480648118784356,0.43751880476814803,0.0047834986959190305,7.187552584167975,0.0332627180427887,8.094035015768837,0.09270108203531456,1.408766484800915,0.008199477395891521,2.163658206054747,0.03709969048306032
6,6,4,4.5,0.9,200,0.5795452263321068,0.007167897145199266,-0.03847550359748425,0.0037861097483015537,0.4663257086787045,0.0071163421551641536,0.08499996816551382,0.003380411314962456,0.4374577146059931,0.004246727216720583,7.282291557802,0.03593331031723367,7.918316873940953,0.09060411804034367,1.3916238173703526,0.007750642962203412,2.1171976038773423,0.036452978798155886
6,6,4,4.5,1.0,200,0.5685449801207476,0.007089192454432672,-0.04947574980884336,0.003772827096993284,0.45435986105005816,0.006922376208562655,0.09078035167705802,0.0034944440788408303,0.4342911558072396,0.004801600209579681,7.393877243026368,0.03770366298552349,7.673479531930561,0.0909817656172226,1.367093535485067,0.007841673316299085,2.0751275622819247,0.036111536541066455
6,6,4,4.5,1.1,200,0.5547219293846597,0.0068791524809496095,-0.06329880054493127,0.003973703251035165,0.4395532811107874,0.006627051168785217,0.09813845877612538,0.003580843757789969,0.43677338903372787,0.00438118833160124,7.486295971980712,0.03928861249589235,7.353848673831951,0.08848096731592683,1.3377778165693763,0.007793351417073163,2.020752458935567,0.03490573864595573
6,6,4,4.5,1.2,200,0.5394033864851999,0.006640710190707029,-0.07861734344439095,0.004069371047142302,0.42345286671309146,0.00628827070007921,0.10675976879416794,0.0036652801598185463,0.44040395128681786,0.004594395090562617,7.580395387601445,0.040072264976942565,7.054256606652325,0.08541914117721358,1.306210698073245,0.007914306154425238,1.9595743885736943,0.033573562492429605
6,6,4,4.5,1.3,200,0.5233651416817108,0.006542144611097181,-0.09465558824788023,0.004162530887147133,0.4078522853436759,0.006139031887909221,0.11586681165037524,0.0038018182139149064,0.4369815051943182,0.0045438002010915355,7.671890676264893,0.04192557821273705,6.702810733770474,0.08221322778986583,1.2707708181853672,0.007924989304270848,1.8979116880782265,0.03320854193906192
6,6,4,4.5,1.4,200,0.5069762878678411,0.006326606639750654,-0.11104444206174985,0.004204688901918575,0.3913858660565151,0.005863379977136939,0.12557251832400254,0.003909176142114473,0.43539747266290474,0.004429148218542332,7.744143465464068,0.04515785554101762,6.297162571595862,0.076297412313019,1.2359746030756524,0.007522100614889035,1.8334825818169924,0.03231421814174754
6,6,4,4.5,1.5,200,0.49119748900473353,0.006014954936961359,-0.12682324092485742,0.004520176001050545,0.376213391403955,0.005503513876903559,0.13565782774160046,0.0040246411030275845,0.4327184657050628,0.004384614998230406,7.827164695462892,0.04717847215616238,5.952321471788617,0.07325233536784767,1.2011842372822257,0.00774323740246908,1.77274116693675,0.030470205724485996
6,6,4,4.5,1.6,200,0.47848289603006294,0.005826731635550869,-0.139537833899528,0.004500250225599154,0.36420537150656657,0.005234321376990114,0.1438116161053973,0.004103927034320822,0.42547968446008755,0.0049253208853529485,7.912871852730849,0.04699672707922264,5.653911730370112,0.07029687293690433,1.1693333342590282,0.0072199599296792465,1.7276123379823018,0.030106939436310678
6,6,4,4.5,1.7,200,0.4629440090899768,0.005568123910112224,-0.15507672083961416,0.004665972063073261,0.35062640352893426,0.005008952802756494,0.15459075263210878,0.004087585014469782,0.42116266179476325,0.003867854462359353,7.99271062319297,0.04669674892852144,5.279312574613405,0.06605187734668598,1.1323063079420412,0.006972673572785387,1.6705601158119998,0.028931621372170643
6,6,4,4.5,1.8,200,0.4497216182556454,0.00522156058273655,-0.16829911167394557,0.00492951125215947,0.3385544754309687,0.004651551836974659,0.16359946676999498,0.004029919510993119,0.4139644129844989,0.004143188884421384,8.050473622143876,0.04702763999673651,4.958464971962707,0.06163585481354755,1.097830788246896,0.006653442279177389,1.6249814721880176,0.027678519808337455
6,6,4,4.5,1.9,200,0.43704979009653505,0.00501001306039248,-0.1809709398330559,0.004963504895820259,0.32788283690946174,0.004450297906309302,0.17313366259229884,0.004151854656020971,0.4232529348348929,0.0048076558418263925,8.116060017402758,0.048194995045806405,4.662089068403139,0.062158766088971674,1.0656025056297238,0.00660693456294334,1.5804889398095077,0.02674827115276802
6,6,4,4.5,2.0,200,0.4237971909680609,0.004841678608096352,-0.19422353896153008,0.005226184569600811,0.31570521159349707,0.0042996058633693775,0.18455672147314853,0.004174089054114294,0.41281117254600774,0.0043019241515659876,8.16897512174956,0.049862622180031436,4.390199978164418,0.05543181835231702,1.0346912333176497,0.006445870779836059,1.531163154517813,0.025931743151698675
6,6,4,5.0,0.0,200,0.5810778844652293,0.007864254008791186,0.0,0.0,0.47795327673956395,0.008240036564778324,0.07925354359824269,0.004062568155859985,0.41435594784873375,0.0053851895793208,6.6345300515379675,0.024224886033370717,8.142011817760952,0.1157759551533753,1.420428010631853,0.010416970528620074,2.0976727963213992,0.0377524361904215
6,6,4,5.0,0.1,200,0.5794993596470572,0.007739553740714806,-0.0015785248181721502,0.0017406360332081411,0.47565951574124865,0.00808618017552137,0.08028566243346795,0.0038999197279353834,0.4213664614203776,0.004544486295377402,6.6889108725379,0.024892128768923858,8.143486648468766,0.11228733229547276,1.4183387380482808,0.009942262134401272,2.0902049861367673,0.037431979084259874
6,6,4,5.0,0.2,200,0.5790386887500252,0.00784371179349496,-0.0020391957152042115,0.002544316589561157,0.4748663031175991,0.008132074729722877,0.08151685838999796,0.003965429119090167,0.40604601556949005,0.004102066493672944,6.734104270575526,0.02663262666659751,8.127828455844812,0.11500166053326438,1.4142662089849432,0.01010758506246556,2.0914884111954333,0.037950231554709994
6,6,4,5.0,0.3,200,0.5796607976506536,0.007956771092882715,-0.0014170868145757976,0.0030225790389574723,0.4739218059782614,0.008267435128833388,0.08278843086107936,0.004117420545082041,0.4175567143556995,0.004712635902146534,6.757279904086414,0.02805614346882094,8.139301652123967,0.11926488853242408,1.4134582583548352,0.010452346677216699,2.0960628824311702,0.038371781761415535
6,6,4,5.0,0.4,200,0.5775781872223361,0.007886710093141666,-0.003499697242893271,0.0030818067043456763,0.47094874536148085,0.008172655632148192,0.08389125942196768,0.004006749941715514,0.42079144744939595,0.0047062112841966645,6.794727919921838,0.02806676922443719,8.12282114090278,0.11546913303869193,1.4097364413638156,0.010155292706713082,2.0871756609020338,0.038363474357427985
6,6,4,5.0,0.5,200,0.5721901340370876,0.007776662180950027,-0.008887750428141734,0.003348275384510404,0.46444758928062724,0.007951982739393265,0.08705812085709237,0.004020695778703565,0.4266192078512375,0.004467129186475144,6.868845651912392,0.03066124946852476,8.07486284242689,0.11412576487266511,1.4012025000015558,0.009891245674369555,2.0630879610597326,0.03804947770230093
6,6,4,5.0,0.6,200,0.566809795703259,0.007820089351641657,-0.014268088761970395,0.003568969456210136,0.45811625965704605,0.00794866029620885,0.09082685723123869,0.004096650328356711,0.43150131138598263,0.004257848872702194,6.954935655834963,0.03166426817769917,8.009044260642845,0.1117502686347799,1.3936816445901075,0.00976571721549285,2.0380338843666075,0.038255731757398916
6,6,4,5.0,0.7,200,0.5609063927826515,0.007790047481277862,-0.020171491682577827,0.003550285121397324,0.45155454630112096,0.007839667915297733,0.09452748952007661,0.004141835927530991,0.4290088409353318,0.004528805559793171,7.046418082530835,0.031220730034668232,7.91478255229438,0.10977910028465984,1.3805795665974516,0.009906196454809484,2.0153941674398554,0.037956700524275494
6,6,4,5.0,0.8,200,0.5526889978013328,0.007718125745476586,-0.02838888666389658,0.0037172426092407893,0.44248636798578644,0.007648005604541362,0.09953862858921174,0.004208639364801138,0.42866823185603226,0.00460374706863258,7.174985887699976,0.03220501186040318,7.750979035111817,0.10142565251071395,1.3641954241120522,0.009674773648768559,1.982026590426523,0.03777326465176435
6,6,4,5.0,0.9,200,0.5450798432275832,0.007408551478815344,-0.03599804123764618,0.0039261486969326504,0.4338816722535607,0.007224812384769829,0.10359908554919019,0.0041085076874921985,0.43308330159903946,0.004583732769840376,7.247472167219423,0.03484138276882186,7.581031697454303,0.09195124713417506,1.3501334620046972,0.008862835264648776,1.950019387690723,0.03677406769583428
6,6,4,5.0,1.0,200,0.5351532470430862,0.007182044273441626,-0.0459246374221431,0.0038461600256995,0.42308617961443573,0.006897566264832707,0.10870134722404712,0.004015837790206244,0.4318607200040039,0.004249187344358008,7.336187514837469,0.03774288754130109,7.3760464128973275,0.09049011796018892,1.3291797685997875,0.008490759902105686,1.9108731065816869,0.03594656134002844
6,6,4,5.0,1.1,200,0.5213839612307111,0.0069632635655112905,-0.05969392323451825,0.004098245642495538,0.4086145898374783,0.006609277895621846,0.11711062457179754,0.00406383324088487,0.43129017776814044,0.00443522366866404,7.439271614963724,0.0390404744530694,7.097903581270384,0.08838185523441885,1.3011365248762874,0.008153563150517459,1.8555510445127141,0.03498812412565953
6,6,4,5.0,1.2,200,0.506579542024171,0.006814503173397636,-0.07449834244105835,0.004225537692416805,0.3941636870014344,0.006394103106961419,0.12625959425181268,0.004206635115761213,0.4320243904377219,0.004241919170838453,7.544160232497818,0.040616777870896396,6.846630748959253,0.0857651469341824,1.2711509475309972,0.008409995308460975,1.795904163715262,0.034044873448376464
6,6,4,5.0,1.3,200,0.49279385946177734,0.006591192819142493,-0.08828402500345202,0.00432316589018256,0.3803643188353959,0.006083901366725433,0.13521854461677377,0.0043175633987392725,0.42322948164687213,0.004292562449899499,7.609523344202769,0.041250779690209634,6.445835347968784,0.08185041778372681,1.235523340895124,0.008392741905531907,1.748067191430199,0.03283996993871226
6,6,4,5.0,1.4,200,0.4790772575035721,0.006335708009335338,-0.10200062696165721,0.004447905034120287,0.36702765272799687,0.005759951812446352,0.144631344974573,0.004359412444388557,0.4184350103662288,0.00410168083080703,7.688428066630353,0.04392645263852425,6.103473429086778,0.07900800244667353,1.2026561053472613,0.008224992944177858,1.6978880923851891,0.03158909239015489
6,6,4,5.0,1.5,200,0.4637550031617401,0.006333689526916131,-0.11732288130348924,0.004490900804122292,0.3521249447371417,0.005694656057963375,0.15580759991645554,0.004603244264910406,0.42365166972926604,0.0041145219775108035,7.77927037081613,0.04570103387209728,5.790122683383601,0.07838454580453534,1.1692283341546617,0.008510439919341663,1.6385482040170545,0.03142127322812158
6,6,4,5.0,1.6,200,0.4503425040168527,0.005880335348658383,-0.13073538044837665,0.004674536343028292,0.33956281028670915,0.005284865412911584,0.16534681768669315,0.004593650229730698,0.4139770724047251,0.004307443832652539,7.863204221403798,0.04940005270192829,5.464769863639758,0.07323713001400053,1.1369979651764985,0.008060199419598648,1.5895734104406067,0.029348245295058552
6,6,4,5.0,1.7,200,0.43678311123362334,0.0056393566287154025,-0.14429477323160597,0.004705556170580955,0.32771322802887765,0.004987726315784534,0.17670109938072825,0.004681001789717313,0.4201550482175573,0.004193190057911186,7.954886862508049,0.049360494941592316,5.177164396503984,0.06646670374332381,1.1060667108963238,0.007481369568157422,1.538410143542477,0.02854555913936764
6,6,4,5.0,1.8,200,0.42341904219376,0.005394657970495941,-0.15765884227146937,0.004652327738731931,0.31620668303352717,0.0047853654341106005,0.1865920318263477,0.004647112070818596,0.42171229334865307,0.00416395306448594,8.012397081435667,0.04926123653454955,4.874805315823624,0.06545263377911148,1.0734723591856508,0.007396815005229007,1.4900925498319406,0.027591103322934008
6,6,4,5.0,1.9,200,0.4125910676282015,0.0051601952368115,-0.1684868168370278,0.004887562032943124,0.3066521708005283,0.004533106386507142,0.19619867088884996,0.004635029313262757,0.40330688468950415,0.003807394602518329,8.065780972880125,0.051553174164179996,4.579260190268574,0.06340871005906648,1.0426340128977083,0.007001754968305329,1.455373580869762,0.026715181809893414
6,6,4,5.0,2.0,200,0.40095198642249796,0.00483666270960552,-0.1801258980427314,0.005111293385291733,0.2965488242271626,0.004220824552428242,0.20578415485551332,0.004520953618676701,0.4128793874490928,0.004131551178193807,8.125657629641193,0.04723732166008588,4.32658691038702,0.06297059553781938,1.0119836881807576,0.00676533319081704,1.4155557943804764,0.025521221958817487
6,6,5,0.5,0.0,200,0.8681298858139295,0.0004743653396275791,0.0,0.0,0.8010201644211946,0.0006850842637772827,0.007598050385655395,4.1879212249819185e-05,0.5081787942613198,0.004037011060459788,8.561865389472635,0.0076609056649083376,22.44437338893048,0.04565817498015741,1.8226337544119544,0.0005511921769267497,3.4924852292083743,0.0027838767692350127
6,6,5,0.5,0.1,200,0.8711310432768152,0.00029595563019952693,0.0030011574628856057,0.00040462401927887274,0.8046005128611913,0.0004823014932355722,0.007361900432384541,2.4927945916713844e-05,0.5225048284769807,0.003963121722440102,8.441231273237797,0.00831718256868293,21.28139876777681,0.053853192140258924,1.811521594747469,0.0006793960329819377,3.521971953859597,0.0015885912712333154
6,6,5,0.5,0.2,200,0.8754118778405175,0.00014765280288202607,0.007281992026588109,0.00046719248130330196,0.8113821982947647,0.00026323463112065784,0.007005621431180281,1.222969015220373e-05,0.526678367394745,0.004139625835823935,8.266686768314722,0.010449155700644315,19.585290128778652,0.0665789510410587,1.7975070648389135,0.0009273273258041096,3.562195862603142,0.0012770758786526983
6,6,5,0.5,0.3,200,0.8765777116733589,0.00014907124058426475,0.008447825859429315,0.000490091963348498,0.8136334079846819,0.0002691953448907213,0.00690143343633838,1.1964799530883654e-05,0.5277356089374478,0.004073489231983857,8.061726623660599,0.012045431125034116,17.464280339822107,0.06367032619363551,1.7727466608762235,0.0010741106616643282,3.5940940758244917,0.0013118455615174494
6,6,5,0.5,0.4,200,0.8749257497850045,0.0001431527997378436,0.006795863971074938,0.0005084825418008924,0.8110454284939053,0.0002556674260371042,0.007012058890690366,1.1491100270661954e-05,0.530879839544623,0.003937886461974346,7.902174407738122,0.011590031558270479,15.56522763839587,0.0531316103540226,1.7427193588227303,0.0010824657506565219,3.614007253094943,0.0011836774890868697
6,6,5,0.5,0.5,200,0.8720589634688922,0.000161556843035423,0.003929077654962683,0.0005130331166389634,0.8065544786540542,0.00028731045707153024,0.007210858770275979,1.3347546938350388e-05,0.5302616086545521,0.0036622368350425587,7.772714344870458,0.011859988378930809,13.963839175612067,0.04379997408267178,1.7099213460275768,0.0009497778296655707,3.629253387283285,0.0011704043943635762
6,6,5,0.5,0.6,200,0.8676546031926035,0.00019211011904667467,-0.00047528262132602833,0.0005263584802118609,0.7995691292644261,0.000344336042006493,0.007543282683263087,1.7393591002589747e-05,0.528361427715811,0.004025562893526727,7.696751956391713,0.01270596525203445,12.627464570900656,0.03438937132529257,1.6737353167694289,0.0007782577150595884,3.638473752419344,0.0012868238411102757
6,6,5,0.5,0.7,200,0.8614478819180925,0.00022783108042352248,-0.006682003895836885,0.0005450794546302611,0.7890083951788955,0.0004409189307629463,0.00808609771876334,2.4651121768494686e-05,0.5329182656196351,0.0038968607931084984,7.6894082121663905,0.012656595935044068,11.506529975591366,0.030296671831850062,1.6335306129825649,0.0008367580743908441,3.6406778498323553,0.001565796221892501
6,6,5,0.5,0.8,200,0.8516262452498168,0.0003588224874256703,-0.016503640564112677,0.0006476187072167646,0.7724121854706683,0.0006349345439426809,0.009052016499378337,4.483864163425969e-05,0.5268643129160484,0.004111427253776118,7.750128464726096,0.012318835318134807,10.526629044913621,0.02623462963544841,1.5881403263337872,0.0009061387350961226,3.6259352366019515,0.002390611941098647
6,6,5,0.5,0.9,200,0.8401510772417723,0.0004336522169821631,-0.027978808572157145,0.0006851534045816914,0.7537379809307104,0.000775978453899379,0.010341138152196758,6.604628050865298e-05,0.5189731084493827,0.003964671510180194,7.820622870378072,0.012257942298368291,9.612302215257252,0.02647040574283446,1.5382992197564311,0.0010793620489990188,3.605519709562086,0.002750761487429583
6,6,5,0.5,1.0,200,0.8273905654118013,0.0005303869418398515,-0.04073932040212802,0.0007788890662475403,0.7333035309493741,0.0008769749632341539,0.011954414517957247,9.008727717965315e-05,0.5302933527282359,0.00393024682978746,7.875448273821937,0.012582594605947899,8.788539710653106,0.029744344894968626,1.4884587378643324,0.0012429469215456555,3.5772340495294643,0.0035299425080009415
6,6,5,0.5,1.1,200,0.8099477422817543,0.0008729440659082297,-0.05818214353217525,0.0010643037308944595,0.7083479997182116,0.001270540524920924,0.014424811148985544,0.00017079959890458683,0.5292788873025023,0.00392457891820848,7.94240916887339,0.01485862806370952,8.04875583351028,0.0313386575965315,1.433951339096455,0.0015559036104183625,3.524947889105996,0.005805671188805249
6,6,5,0.5,1.2,200,0.7866897321975301,0.0012722141358081408,-0.08144015361639934,0.0014423454599509311,0.6771698732836796,0.0016825012903956807,0.018392279052834633,0.0002972677083547152,0.5235017485202101,0.00393380163957314,8.061139787645729,0.0161934680872695,7.324676725655933,0.030412689767376842,1.3661493492644132,0.0018897378357001801,3.4503528794337632,0.0079910495394563
6,6,5,0.5,1.3,200,0.7670557697686051,0.0014011904498974462,-0.1010741160453243,0.001545411870161099,0.6536331968914189,0.0017480355979222638,0.021705656544589936,0.00034833423067180604,0.5117879515024018,0.003917634043545451,8.192954339900382,0.016054113732076977,6.723697211545008,0.029209494019459298,1.2979564248294468,0.001961527531893161,3.3983370100753607,0.008853847935111393
6,6,5,0.5,1.4,200,0.746976335606837,0.0015446371920275048,-0.12115355020709248,0.001633664917066807,0.6319168860643102,0.0017930385624876446,0.02492276165255131,0.00037823585733484845,0.5065483947979446,0.004146276305431352,8.293171581698152,0.014378683247284965,6.1926268768271076,0.03182043420320858,1.236094486980074,0.002345385838547572,3.3372627566501905,0.009818604760067164
6,6,5,0.5,1.5,200,0.7321349827112908,0.0017621740627340433,-0.13599490310263856,0.001862416956637859,0.6180098217521199,0.001990497707054042,0.026809244036191407,0.00044196160665766425,0.5048275091517993,0.00428685885563385,8.345753215263255,0.013894906244459191,5.784617839007604,0.03252467076896365,1.18985701509213,0.0026364664523013653,3.2926341521516878,0.01134971282335637
6,6,5,0.5,1.6,200,0.7169504694199397,0.0020771707277002184,-0.1511794163939898,0.002198219036906615,0.6036415019872614,0.002361531809653586,0.029644122584729527,0.0005566118807293495,0.4934471013824892,0.004160311459768226,8.346622088323931,0.014077972799906673,5.387901701605897,0.03182577199278868,1.1486799127621194,0.0026278407172750395,3.240844181039425,0.013067846834317857
6,6,5,0.5,1.7,200,0.6991086804680566,0.002337880857932607,-0.1690212053458729,0.0024383195210430594,0.5870960517572488,0.002558389919233284,0.03262591918985059,0.0006179402287518136,0.4869217366590935,0.0039268596739482076,8.344941973008622,0.015577544373569093,5.060061801631744,0.031186580560116983,1.11244580351725,0.0026006850609546278,3.1678420657175166,0.014575263544601626
6,6,5,0.5,1.8,200,0.6797897453051073,0.0025697823829088566,-0.18834014050882217,0.0026641002845443807,0.5693325253216226,0.002737470015167186,0.03689645916175719,0.0007446979420889085,0.4779249283684197,0.00407010927937337,8.337530291300581,0.016717360091683304,4.728465745240605,0.032003945566701344,1.0756974999753073,0.002859323075540488,3.086310327636828,0.01606967304971263
6,6,5,0.5,1.9,200,0.6582642298944898,0.002848640720991203,-0.20986565591943965,0.0029633271202001293,0.5492568799100628,0.002971578862007085,0.04344078358260704,0.0009377595196650364,0.47862807004403196,0.0038991789966582504,8.32831559486931,0.01800360431650523,4.339511819135281,0.028711306482960917,1.0325686742529456,0.0027184474052572567,2.9976493400365936,0.017761507582026378
6,6,5,0.5,2.0,200,0.636831891168046,0.0030419983779143935,-0.2312979946458835,0.00317559062847307,0.5303189210611637,0.0031168260262409374,0.05172720708227122,0.00112242754109741,0.46487722619048677,0.004363864277419586,8.335855218633696,0.019884337117323642,3.9166367947016942,0.0230428558142969,0.9865137221182235,0.002439957556312279,2.912484952427586,0.018808731854126695
6,6,5,1.0,0.0,200,0.8632916491657389,0.0006223624339861713,0.0,0.0,0.7949586283849374,0.0008725209800319911,0.007859926595641616,4.7310668849859625e-05,0.4978016711187772,0.004265576911163949,8.300476207750233,0.011165017243989706,20.80295854780689,0.07016400403494842,1.8096038624734099,0.0008169111983287555,3.4758930520576428,0.003582558594345125
6,6,5,1.0,0.1,200,0.8685457270834394,0.0004258111623329064,0.005254077917700523,0.0004375881079574767,0.8014937314078289,0.0006663621229616114,0.007501782078739508,3.4404898052884395e-05,0.5127296533901925,0.004011376262984563,8.278435270741305,0.012242942693978501,20.48655625022443,0.07182927967159401,1.8054257170212125,0.0008323078173198649,3.51223925178159,0.002451848124679452
6,6,5,1.0,0.2,200,0.8732952140759707,0.00026596670597876684,0.01000356491023167,0.0005286336226357896,0.808369935597108,0.00044826086741095667,0.00714601145696301,2.1386044474687955e-05,0.5307912156423789,0.0037559728552013037,8.240146333849744,0.013329355747517813,19.88767909143499,0.079069954885442,1.79949369588129,0.0009184604227405886,3.5472499728821676,0.0017980267988269589
6,6,5,1.0,0.3,200,0.8737203907755433,0.00022900691630494717,0.010428741609804337,0.0005767867427691763,0.8090474304819488,0.0003894375715959469,0.007108880981316828,1.9651475259091662e-05,0.5317797839547868,0.004008188453424809,8.136077334164979,0.015940074307019363,18.544257524964387,0.08806286484015229,1.7825538376001222,0.001127813957044814,3.566792972449241,0.0019285033246215645
6,6,5,1.0,0.4,200,0.8714152977995512,0.0002479798133085134,0.008123648633812255,0.0005928520177037821,0.8049432261281119,0.00045198378047975666,0.007295309266647458,2.202753493015991e-05,0.5374596284230607,0.0037893014825503076,8.053043335925954,0.017667084375029497,16.98533394513001,0.08893865581709946,1.759413736415877,0.0012600368804582445,3.5758201584627125,0.0023096044760570525
6,6,5,1.0,0.5,200,0.8679820124055188,0.0002972284192561969,0.00469036323977978,0.0005598910145370286,0.7992589911327781,0.0005262385335556294,0.007571683127885975,2.744134143457933e-05,0.5286562243859981,0.0038301845520940887,7.987955648668203,0.018932728376542078,15.466849193777216,0.08097638209004906,1.7323283912319534,0.0012038610852116423,3.5818852385086615,0.002642152722606165
6,6,5,1.0,0.6,200,0.8627989946580938,0.00034761152662062054,-0.0004926545076451194,0.0005447846940643046,0.790656712491026,0.000606671082406945,0.008013922390777127,3.51004823437095e-05,0.5299509815091592,0.0036727955242972943,7.956858714751664,0.019971803825553164,14.053089290706552,0.06818490390600868,1.6997537767340003,0.0012633834009001543,3.5827268641164203,0.0029602292417603153
6,6,5,1.0,0.7,200,0.8536246861283181,0.00043748591619753975,-0.009666963037420756,0.0005983954421095588,0.7752598635239204,0.0007468415440414818,0.008888262418993651,4.709704765663784e-05,0.5324055988110211,0.004097473850456281,7.997268108658156,0.021053611732283452,12.890810158075277,0.06529255384020898,1.663406490611037,0.0014849015161134563,3.562904512233565,0.0035869290782950983
6,6,5,1.0,0.8,200,0.8426254675099034,0.0006047721438895103,-0.020666181655835406,0.0007200152696306695,0.7576872219990475,0.0009929479500329886,0.010086359144180945,7.65734862959677e-05,0.5256446973195739,0.0038864739219018345,8.074207965706119,0.020261371745692754,11.843324578371586,0.05723346477089499,1.6224794851472881,0.0016026427596164254,3.5364888807957944,0.004716742034112936
6,6,5,1.0,0.9,200,0.8277072129762092,0.0009132743971006824,-0.03558443618952968,0.0009840305696734307,0.7343947594982991,0.0014302080692080432,0.011959682537839389,0.00013986053266751375,0.5292935135755514,0.003921083537642599,8.179827504073556,0.02170214085299024,10.948767992500512,0.056100548522453345,1.5794807987807236,0.0017746549829623943,3.48815066104931,0.006540217786520108
6,6,5,1.0,1.0,200,0.8064699224440384,0.0012485184417886758,-0.056821726721700425,0.0012580837495079194,0.7038081125048004,0.0017623204511917124,0.01499299598606014,0.000221208575573285,0.5233616144437261,0.003772672128202855,8.278653877959998,0.022916460112723393,10.014896761437099,0.050802674712915254,1.5263146469704043,0.001823706144807172,3.411291654282846,0.00843266090590166
6,6,5,1.0,1.1,200,0.7826493774469532,0.001552162863410156,-0.08064227171878574,0.001548058160069802,0.6713818731150866,0.002071573276288823,0.01891155430015816,0.00030846853159916356,0.5212462567797913,0.0038578460328490788,8.378133874379207,0.0241548491858385,9.132999405336001,0.04548703550708432,1.4673132287864314,0.0018406531382741933,3.3244519570034505,0.01013014108650871
6,6,5,1.0,1.2,200,0.7531126628039658,0.0019753290587603825,-0.110178986361773,0.0019697995565163507,0.6349825369419255,0.002449806673047819,0.024535326796451054,0.00045393075804081346,0.5082264381186241,0.003786818003452698,8.509382101552355,0.02460461022448221,8.337987672870089,0.04475465572131036,1.4024371820458266,0.0022263287961302378,3.208489680725687,0.012487320196892505
6,6,5,1.0,1.3,200,0.7211794229797465,0.0022623914163673446,-0.1421122261859923,0.002238149440153563,0.5983459252918663,0.002667487928205134,0.031615118269433425,0.0006074670281073339,0.4923157369361102,0.003907528684775972,8.650676581495702,0.025213255448902523,7.635408526779043,0.04308730016204366,1.335594391339551,0.0024571963601181528,3.079821440223682,0.014226516091483699
6,6,5,1.0,1.4,200,0.6890492740623116,0.0028314078463621863,-0.17424237510342722,0.0027269585123602938,0.5649516358717943,0.0031677982114144175,0.039532669637524026,0.0008775109761622519,0.4829981622161753,0.004202647831833891,8.767748987819783,0.026808671385060167,6.921852384216612,0.039378740852630184,1.265502000579093,0.0026649688748421113,2.9531972252685184,0.017391354458371644
6,6,5,1.0,1.5,200,0.656819220587615,0.0031491843969826063,-0.20647242857812395,0.003031068716369813,0.5328212464313157,0.00340933282887853,0.048362377948318575,0.0010762856525925284,0.4732701414588889,0.004216930343294271,8.87709857826523,0.028682664990444057,6.301773510468001,0.036635734686954496,1.199282806632736,0.002787599555334722,2.82208814856578,0.01896575442466227
6,6,5,1.0,1.6,200,0.6241387720488162,0.0036259037645787,-0.23915287711692265,0.0035039378323644724,0.5019930623861896,0.0038236101791414524,0.0597551194814692,0.0014503132308716982,0.46340877011401543,0.0042177606377628634,8.972732229363471,0.030875489823603147,5.7203239445831855,0.03583681764902437,1.1342170123433681,0.003290696903606923,2.6870681316646476,0.021058129895144315
6,6,5,1.0,1.7,200,0.5948544028677246,0.0038299432828299384,-0.26843724629801424,0.0037013539487727024,0.47562525785543275,0.003997497320216048,0.06988080394185799,0.001705369279711364,0.4504674698782424,0.00435331876053169,9.054902072081118,0.032831070844036234,5.274241159556989,0.03419499764024658,1.0796251638116277,0.0035344500604132046,2.56236664045399,0.022124637103675262
6,6,5,1.0,1.8,200,0.5634133277710948,0.0039427175212769635,-0.29987832139464415,0.003844730836974095,0.4483755459882746,0.0040382631077973095,0.08281265485994478,0.0019780200672103996,0.4445264140519085,0.0039795016099609315,9.157853500046503,0.03465161474059023,4.842251621326821,0.036861762659059716,1.024956771451796,0.004202068501013811,2.424537276611303,0.022335521781019337
6,6,5,1.0,1.9,200,0.5323870608265839,0.004095593154063954,-0.3309045883391549,0.0039898735736406165,0.4212995525443658,0.004049784982697561,0.0975495976339756,0.002244998719435378,0.43615437068521695,0.004008637320485615,9.259565754970726,0.03635139488372901,4.347755000724203,0.03518899581833844,0.9620269007476554,0.004560385834765757,2.2975090510416027,0.022886412175026932
6,6,5,1.0,2.0,200,0.5069707789356661,0.00412596322608085,-0.3563208702300728,0.00401762568601682,0.4004442475052768,0.0040218064694357595,0.1110062974116407,0.0024333559499357207,0.43309851476818023,0.0038860767860622353,9.360917264728624,0.03858765304886199,3.9316297835976104,0.0338830663052907,0.9063310662068836,0.004673002506805247,2.197593882460639,0.022786357580606577
6,6,5,1.5,0.0,200,0.8397227675328429,0.0016595728719832985,0.0,0.0,0.764746727442379,0.0021388985134869597,0.009832006439618995,0.0001601133575470176,0.4763773504721511,0.00400463941042707,8.05208304730254,0.01579952708450999,19.24222639400366,0.09801207246291109,1.7856313578569614,0.001515323762596879,3.3555652483483898,0.009094610768930197
6,6,5,1.5,0.1,200,0.8492630805172898,0.0014824280107384796,0.009540312984446922,0.0007134194443283436,0.7753814299880247,0.001979122387656841,0.009115625793697063,0.0001416133965396526,0.5012330593307852,0.0041151028891255395,8.087181106486689,0.016401862216665238,19.256095723201927,0.09537729116173245,1.7873735985562795,0.001313517617835818,3.412233505296864,0.00825016698208434
6,6,5,1.5,0.2,200,0.8587094952280837,0.0011781645780027197,0.018986727695240874,0.0009909499280360994,0.7871696447425174,0.0016696755937484417,0.008357537507582774,0.00010547266500133896,0.5260859196137291,0.0037218985785255395,8.097587598071563,0.01704905376709624,19.189228689589505,0.09917148108018121,1.7873406856172114,0.001294629520768677,3.4701020243784604,0.0066015524320843216
6,6,5,1.5,0.3,200,0.8612385069147658,0.001033491880281888,0.021515739381922926,0.0012001932462778746,0.7899887937435672,0.0014969076995022983,0.008189556393426237,9.791211118853985e-05,0.5247739139569615,0.0038526348294574877,8.113625028693656,0.020845056363701382,18.69439411997796,0.11035672394305787,1.7778989588309217,0.001341111134700945,3.4950276070316373,0.0059673125770754
6,6,5,1.5,0.4,200,0.8598844089371795,0.0010105191514372443,0.020161641404336742,0.001275348173806529,0.7868719431036146,0.00152677601762645,0.00836708982789885,0.00010605116550319367,0.5254180313778307,0.004050205887700434,8.132316008596545,0.024324715967823502,17.96084372516853,0.12409107430968414,1.763452026275712,0.0014355270148940357,3.501184084455698,0.006368297167098595
6,6,5,1.5,0.5,200,0.8547700956582571,0.0010665121314426694,0.015047328125414334,0.0013019636364818912,0.7786169668127818,0.0016266925752445702,0.008858314777062287,0.00011724306529320956,0.5271851999990856,0.003940715500588277,8.144956440252058,0.0255899910677679,16.939575168824575,0.12413456271496408,1.744449454873734,0.0014981367257965279,3.48887430958187,0.0071359529788643525
6,6,5,1.5,0.6,200,0.8461641146091449,0.0012548446864708092,0.006441347076302198,0.0013131288919246283,0.7643984949934278,0.0018748768807615264,0.009902313542298138,0.00018529164294520828,0.5230071635219009,0.003911782762116641,8.175290542707831,0.028140444595114354,15.760514251639766,0.12709417021563146,1.7167244640098334,0.001469476772106742,3.4639092433537644,0.008377758235952215
6,6,5,1.5,0.7,200,0.8343470890903967,0.001448976911666365,-0.005375678442446051,0.0012976278715799538,0.7465659761028782,0.0020230992080526164,0.011351583759590313,0.00021576527155063067,0.5285148982865205,0.004068966272072068,8.223493721126681,0.027748807922454016,14.388146611807535,0.11046728357277354,1.6802118238170396,0.0015228366796086695,3.428072229778173,0.009593294309245654
6,6,5,1.5,0.8,200,0.8188657541336503,0.0017835682209844524,-0.020857013399192537,0.00137442637134766,0.7235407187941508,0.002442864787370349,0.013398486871988892,0.00028499282051230634,0.5189475364315927,0.004004912559043568,8.321809713058581,0.028130573103164292,13.14022805556076,0.09196738602777303,1.6403620180663552,0.0015493267906486919,3.373137673574494,0.011584702170003916
6,6,5,1.5,0.9,200,0.7987852182804719,0.001990473950692909,-0.0409375492523708,0.0015805119492999305,0.6956693185648092,0.0025921360213655357,0.016414079478707405,0.000370702042095697,0.5209283412115563,0.004101250592922025,8.428255136209243,0.028449337797982983,11.933994129926173,0.06912147126134234,1.5937069245124695,0.0016325285968366889,3.2968498307561,0.012570349169367993
6,6,5,1.5,1.0,200,0.7734037075594964,0.002291060124550003,-0.06631905997334635,0.0018911072473489403,0.6626640178179176,0.0027619428528048023,0.020496343106775547,0.0004395217768929834,0.5113017961570765,0.0039464131029345465,8.559963023463688,0.02997922787846145,10.89051887052538,0.06164306825837898,1.5402679698368218,0.002059597311534842,3.194890668547963,0.014242279013125556
6,6,5,1.5,1.1,200,0.74469149020269,0.002529109632139192,-0.09503127733015279,0.002188146831369158,0.626708812278609,0.002924348080763772,0.026061839197344297,0.0005677010948937889,0.5069871000091056,0.004160398103658249,8.69087405772751,0.03181759082680766,9.95711841947987,0.05398543105441975,1.484026028590464,0.0024188660276162183,3.0753422654820586,0.015405488565943619
6,6,5,1.5,1.2,200,0.7104680168834905,0.002591146699613532,-0.12925475064935227,0.00233026603197407,0.5876414083241427,0.002855485871211066,0.03407066418474956,0.000720992230310299,0.4844940696353812,0.004306398711551133,8.860441518142498,0.03349164194271163,9.062855840421271,0.049812299497037804,1.4192316703843328,0.0026206711795879437,2.9306036543747838,0.015781499355211503
6,6,5,1.5,1.3,200,0.6725964044167454,0.0030795080145568907,-0.1671263631160975,0.0026616667179549776,0.5468490718158663,0.0032508659714026544,0.04483169258286567,0.0010114916944325115,0.47810752438737153,0.004006035974165453,9.026803891563606,0.03416936282453538,8.239752269693195,0.04849499045624741,1.3485708168673807,0.003037174155097829,2.769395832879373,0.018440601808005365
6,6,5,1.5,1.4,200,0.6356012310537823,0.0032062858354718867,-0.20412153647906042,0.002763113320191027,0.5088889734731445,0.003315933254558109,0.056531347314961504,0.0012228567989804372,0.46460897282246066,0.0038891738589250094,9.174685538962619,0.034578077275725226,7.454585318092081,0.04798817098048596,1.2752600208814466,0.003444666460145078,2.6162039459638278,0.019390213667865613
6,6,5,1.5,1.5,200,0.5996752179660207,0.003460361643049081,-0.24004754956682206,0.002979622541031696,0.47410535501613965,0.0035539619589630114,0.07003002387153517,0.0015164312484644599,0.45172633530384354,0.0038400537884913464,9.308995437901126,0.03521697082994538,6.72494553775677,0.045676040116812415,1.2039607031252906,0.003481077412835216,2.4675465069156437,0.02076539774368577
6,6,5,1.5,1.6,200,0.5666264000258878,0.0034326255042852433,-0.2730963675069549,0.003012397366066882,0.4434361260219097,0.003487290343145234,0.08464144177227155,0.0017208031576829855,0.44066055858160874,0.004320680105976995,9.427018644969525,0.03650157827746357,6.095364070975015,0.04091769408367229,1.1354225505561661,0.003648137720926524,2.3337435092833547,0.020384817703666933
6,6,5,1.5,1.7,200,0.5341574737383044,0.003516303477679007,-0.3055652937945384,0.0030715207929087295,0.4144399848616071,0.0034913873433518364,0.10024913768242329,0.002027380948993497,0.43662783757491186,0.004160782916830184,9.541825391838167,0.03841953277818602,5.53453890964525,0.03737926226005539,1.0713159991088206,0.0036237714009593387,2.1990592930023176,0.0207989331724165
6,6,5,1.5,1.8,200,0.5054767992830074,0.003512270938753993,-0.3342459682498354,0.0031296370871163083,0.38955422593982464,0.003463351597063092,0.11580390526097112,0.0023170970382548036,0.4288026787328211,0.004102013030811681,9.645720012869786,0.03941743768621016,4.970160239830397,0.036982749804240315,1.0034650749000211,0.004068245966823045,2.091312994086538,0.020251548214104343
6,6,5,1.5,1.9,200,0.480103401375066,0.003496346896779395,-0.3596193661577767,0.0031383787437961946,0.36847972496702897,0.003441161398894217,0.13071352609401463,0.002562536221112507,0.42380756187191665,0.003951094183447676,9.733995948139631,0.04050987181905586,4.535745918414659,0.03420151098268054,0.9467045960743958,0.004243500346036254,1.9927250266678453,0.02018586217871787
6,6,5,1.5,2.0,200,0.45368368498030975,0.003362034895764195,-0.38603908255253294,0.0030638559378820688,0.346637017658267,0.0033060878785512405,0.148862895236817,0.0027271306287463873,0.42266868653620826,0.004153215574133531,9.857420641404524,0.0398383481997551,4.074077047377081,0.033951866416246555,0.8835552373959217,0.004305895135510877,1.8941198616900152,0.01932170151996865
6,6,5,2.0,0.0,200,0.8039031456219399,0.0030714346057024193,0.0,0.0,0.7213565730783261,0.0037205273760553075,0.013776003373397577,0.0004050466860525971,0.4532883495519091,0.004788502676975511,7.8389191828676745,0.019212584118619282,17.712434840534275,0.1280718698775251,1.7514488924075917,0.002849099126078553,3.170442336208733,0.016332198894165074
6,6,5,2.0,0.1,200,0.8140646583183124,0.0029913816063034584,0.010161512696372244,0.0012007165997975492,0.7320324622388745,0.0036401212359041305,0.012820074222170177,0.00037092540544638873,0.46992196527604224,0.004656049670058199,7.867361053703906,0.021341336066455704,17.7720197126929,0.13179772141215904,1.7550860229732281,0.0026368746069314096,3.2290189940604246,0.016130106547699415
6,6,5,2.0,0.2,200,0.8261874312402963,0.00274955727051282,0.022284285618356218,0.0015678471918619825,0.7440950126001533,0.003510715997339483,0.011762316922554654,0.0003217402525698226,0.4934629321516228,0.004242479992455459,7.9202346254789,0.022061783768217862,18.019643683710765,0.13877788635677124,1.7608032756565228,0.002513000330955139,3.2975233314233527,0.014902686712827873
6,6,5,2.0,0.3,200,0.8318843550804957,0.0025281460152786275,0.027981209458555825,0.001953687604697319,0.7498315548312868,0.0033092984136658837,0.011331730262187258,0.0002963268435806591,0.5077745150722951,0.004409183021905326,7.981495645038215,0.023970129578090433,17.916139655102835,0.13359137119308456,1.7558325829781491,0.002283466594823069,3.337373399349699,0.013804783630520422
6,6,5,2.0,0.4,200,0.8315093164489608,0.0023848818891258126,0.027606170827020708,0.002053492466052604,0.7475592367913098,0.0031739670713190585,0.011378348741456285,0.0002804050919350627,0.5213218455396958,0.004377270387945356,8.063086286848993,0.02896029561758498,17.704327638432595,0.14923206777770326,1.7481215161302779,0.002141717471544828,3.342788294872707,0.013516993365683471
6,6,5,2.0,0.5,200,0.825732334753715,0.0024992852702746837,0.021829189131774854,0.0021063564854544156,0.7380816421300901,0.0033134865077638887,0.012354530807433485,0.0003332879923485466,0.5160536168710371,0.004452456067025287,8.174571599985127,0.03328314817383493,17.403223968755626,0.1600313849562541,1.7343449145296455,0.0022137389678535055,3.3211953675835004,0.014414581495248274
6,6,5,2.0,0.6,200,0.8149481493487406,0.0027878171070274483,0.011045003726800418,0.002162684586444825,0.7224314374582455,0.003591761240364621,0.014228693750183142,0.00047469098641775525,0.5130162654497444,0.0038778028790153844,8.269353202883426,0.03297563524892184,16.65431195839942,0.14623894400826473,1.7108628167305688,0.0021817442970843695,3.2786513677841516,0.016187789659193336
6,6,5,2.0,0.7,200,0.79777338513941,0.0030142828752745374,-0.0061297604825298405,0.002286066226488467,0.6981090432657406,0.00379760712067396,0.016891201201459326,0.00053019113826061,0.5104826504295502,0.004072085728120917,8.395152584993808,0.0362220581120551,15.697954230852167,0.14139848133245564,1.6795469186995928,0.0018455859684879561,3.2048148954383975,0.017975028677060835
6,6,5,2.0,0.8,200,0.7783915136909642,0.0032973224340889533,-0.02551163193097577,0.00246972040461351,0.6721318373944786,0.0039984924972209035,0.020374809656251158,0.0006411514740195165,0.5101566802938085,0.004238064838412667,8.50934058176909,0.03568963952102178,14.487438571501489,0.1250216383101246,1.640397897463913,0.0020367801646223624,3.1252985480960342,0.019550633905598625
6,6,5,2.0,0.9,200,0.7517932608535264,0.00361909307845158,-0.05210988476841344,0.0025949693742564495,0.6397668239157278,0.004190624496279348,0.025985986098443475,0.000858393423206316,0.49967961911199343,0.004020507474089553,8.641606090161638,0.035799941720156644,13.209290961365365,0.11873180245434008,1.5886485739801282,0.0021230638153782585,3.014200259836962,0.02144759767249087
6,6,5,2.0,1.0,200,0.721357686868086,0.003880811533784615,-0.08254545875385393,0.0028423152765751306,0.6030751772011792,0.0043163141512153015,0.0331726807588375,0.0010767970558055256,0.4952654203951582,0.0046433257455733784,8.80038840543968,0.037686724229348254,11.885618521786373,0.10644515388056883,1.5287216964185175,0.00266276778399007,2.88778555451927,0.022717223018739786
6,6,5,2.0,1.1,200,0.6915381521256478,0.004036151059294322,-0.11236499349629206,0.002934199740851557,0.5701970055306402,0.004306578476857918,0.04139941418313995,0.0013743167431221068,0.4843564110472007,0.004197475199408725,8.89729274377779,0.037793955166812554,10.482142374282864,0.07710440615418203,1.4663060494342233,0.0033059967798741235,2.7676313144599214,0.02303753670062633
6,6,5,2.0,1.2,200,0.65886915786488,0.004092229637431231,-0.14503398775705992,0.003028419603627916,0.5343446196461997,0.004169926079839046,0.05035009926283891,0.001491906192684785,0.4788872458374266,0.004090748309582445,9.017140355490376,0.0374723494319265,9.469000049552163,0.06849764125577656,1.4045922165594567,0.003541206169893005,2.62932946487907,0.023449704853300946
6,6,5,2.0,1.3,200,0.6247604052072709,0.0038917433546542387,-0.179142740414669,0.0030627513487162246,0.4989440239305148,0.0038794358300736713,0.06180453373746454,0.0015842367183504398,0.46523263189715897,0.004086972611102461,9.146384260801804,0.036666865817977984,8.452999370994224,0.05604513681195815,1.3363154474920997,0.0037811298843241493,2.4887756410587105,0.022605971150072558
6,6,5,2.0,1.4,200,0.5867164196889462,0.0037638531481687474,-0.21718672593299376,0.003165421473653476,0.4606690613113766,0.003721733921737001,0.07725642506244502,0.0017693894673994099,0.45988115575584765,0.004524489067629219,9.317470902405114,0.03648367688418335,7.5669729113337985,0.05144148222529076,1.262404635095794,0.003953571539844967,2.329762425673804,0.021952353420470617
6,6,5,2.0,1.5,200,0.554860797330499,0.0037334256172826597,-0.24904234829144095,0.00338679210707375,0.4311414124139293,0.003616644042538208,0.09171397906499855,0.0019815231161982557,0.4475486051451167,0.004467983034336213,9.463106442281479,0.0376692450335234,6.892653370572291,0.05302377579106081,1.196649065633172,0.004517348628696161,2.2004821763042273,0.021457376423082777
6,6,5,2.0,1.6,200,0.5237843464616906,0.0035505660234395327,-0.2801187991602494,0.0032953772888597585,0.4025574891448821,0.0034376888618746046,0.107957415192791,0.00218032529989019,0.4346370940424834,0.00387435135999077,9.615106263000069,0.03977562756291359,6.244495234761197,0.04613714090911507,1.1294679773410754,0.004345807734304522,2.077397917606817,0.02064297513023686
6,6,5,2.0,1.7,200,0.4951418531241755,0.0033083827585579048,-0.30876129249776435,0.0032374982080482324,0.3770743957394906,0.0032066320843070683,0.12401614558808002,0.002329240644149353,0.4336677186170256,0.004029081501307004,9.735925116859583,0.04045493822199386,5.656538614959727,0.04496075334006773,1.0640831180326626,0.00438471545854382,1.9674193174097312,0.019533305425961846
6,6,5,2.0,1.8,200,0.47011268729146155,0.003325954732443866,-0.3337904583304784,0.003210803638851364,0.35585837768541595,0.0032391859145617327,0.14031711626346127,0.0025835615762870414,0.43042456852780875,0.004184958191808665,9.852779522548845,0.04066506000480894,5.16804654169308,0.04397908451083438,1.007483200767776,0.0043858082445377,1.8707783468356822,0.019672800641729184
6,6,5,2.0,1.9,200,0.44514574224492015,0.0033523607290989045,-0.3587574033770197,0.0033056231609682996,0.3343667152252167,0.003225424593148413,0.15855624754110992,0.002817313476356391,0.4221783846526824,0.004258175502919441,9.968596782535682,0.04165784487589553,4.6779086517152875,0.04142049545128268,0.947154748994963,0.004644945839413641,1.7782468570855052,0.019612946189509966
6,6,5,2.0,2.0,200,0.42298394830278513,0.0031871051487311736,-0.38091919731915475,0.0032309474383306184,0.3157563094535207,0.0030672905615875307,0.17631106258200474,0.002926038449793821,0.41723946415122903,0.003998802085627788,10.074108158994463,0.04033859764495526,4.263481998585891,0.03898474735666158,0.893630160754737,0.004586723394928512,1.6960860212690703,0.018720347249016268
6,6,5,2.5,0.0,200,0.7603597587898824,0.004394575939117995,0.0,0.0,0.6716424698194794,0.005085314633581384,0.020209895540927777,0.000785593474600868,0.4320061561233568,0.005265242254031877,7.638267661916074,0.023667078623521978,16.187265645350315,0.15769424701574725,1.7061664863387689,0.004453720721064274,2.9491306694963795,0.022889655800722237
6,6,5,2.5,0.1,200,0.7697393056152764,0.004396912007191225,0.009379546825393952,0.0016031409421357827,0.6803827335642318,0.00512556933984229,0.019152722529410388,0.00073432556473516,0.44824446928752143,0.004807035378824965,7.701067721091833,0.02575198956017886,16.41325997666457,0.16622459093498745,1.7133963051863674,0.004369192912580598,2.9993270586437593,0.022982048684018364
6,6,5,2.5,0.2,200,0.7800056240567826,0.004254745083679579,0.0196458652669003,0.0019293708432547353,0.6889368857687275,0.005001832904134411,0.018177325033622453,0.0006780401390828191,0.46487313421682275,0.0047525800172023205,7.753877430513439,0.025942966728866482,16.64672284156199,0.16554112314012218,1.718785335361328,0.004049217722406115,3.056793489307106,0.02246706756322111
6,6,5,2.5,0.3,200,0.7857366069318473,0.004385076575312976,0.025376848141965048,0.0024753130410357566,0.693572833876654,0.0052422629249357314,0.017827745313243992,0.0007107035585585278,0.4904426561683738,0.004933812356207481,7.861864330312517,0.030596675032341612,16.884059541516482,0.17120430248026963,1.7192338412676313,0.003939075503844875,3.091432884844837,0.023436709781199085
6,6,5,2.5,0.4,200,0.7866391679527021,0.004127036014125796,0.02627940916281972,0.0025351897780527574,0.6919335070525952,0.005004271636543284,0.017881074211750243,0.0006648197583905992,0.4959763305855605,0.004212617511035786,7.9627320772488135,0.03268155528492108,16.886941484853118,0.17960196159698097,1.7149587740489136,0.0038122166997044834,3.101233875423885,0.022195472396521032
6,6,5,2.5,0.5,200,0.7792922064261788,0.004240262587387551,0.01893244763629627,0.0026837400648153545,0.6812578057643058,0.005094325238378253,0.019459257317758327,0.000754507525249308,0.4952170918333333,0.004405538611369504,8.084571312080387,0.03569688638107837,16.659340149077433,0.17813019533705302,1.7017429063057374,0.003871877069115819,3.0694680240491423,0.022884540875669712
6,6,5,2.5,0.6,200,0.765659852520811,0.004411318949814862,0.005300093730928733,0.002852482639987293,0.6632380628619166,0.005168246873695252,0.022592151392222686,0.0008953129537590025,0.49423126433215137,0.004694477648686709,8.24172792659269,0.038695012722802326,16.06646724923543,0.1658404309003037,1.675136482739303,0.0037221392534594463,3.0126104588532088,0.024250478747970743
6,6,5,2.5,0.7,200,0.7449436443869019,0.004748192495496264,-0.015416114402980477,0.003130133775019321,0.6370329046799591,0.005452037932824413,0.027809206786686066,0.0011269060970364151,0.49234369529491445,0.004308240634134555,8.41363205084837,0.04370373832372465,15.373006582964964,0.1610353916619398,1.6416208892189539,0.0037363309786667583,2.9192912170332947,0.02637484590970301
6,6,5,2.5,0.8,200,0.7253552773670613,0.004683716917197753,-0.03500448142282101,0.003208778168792905,0.6122915250705369,0.005232900245525966,0.03219976669260272,0.001222814064143509,0.48595346100414233,0.004444248301104939,8.560303257182222,0.04613831282635541,14.608900543698713,0.1555787873322702,1.6068752006684996,0.003588156962948846,2.834107269354647,0.026312384906717293
6,6,5,2.5,0.9,200,0.7003683681645083,0.004755830628335432,-0.05999139062537401,0.0032679113600623685,0.5829422191822536,0.005171227934439283,0.03875377961429872,0.0013726385109682818,0.4782305671540748,0.004394071108638892,8.73955331648777,0.047155312159134155,13.658247953104432,0.1354976957227904,1.5603322006919418,0.003678787950997719,2.727668097406585,0.026542117280341233
6,6,5,2.5,1.0,200,0.6663683047476698,0.004986553638766771,-0.09399145404221254,0.0035049400068869535,0.546105013465549,0.005220059891912237,0.04924460799735405,0.0016621280111462926,0.4711912297848108,0.004583801751725191,8.974272811141915,0.0476879465906202,12.513037832075021,0.12891450948083658,1.4972551806282357,0.00417193379207125,2.582579973677664,0.02776268635142945
6,6,5,2.5,1.1,200,0.6356850388987687,0.005014258986437843,-0.12467471989111377,0.003508367515667184,0.513645089549251,0.005109336633841032,0.06009137363958557,0.0019167121080803356,0.4744196118723493,0.004300793469872856,9.098696886624381,0.045646127557809425,11.378134261740477,0.1268184726773488,1.440306874027105,0.004090169120851465,2.451670205746479,0.02813731136174685
6,6,5,2.5,1.2,200,0.6020508812727163,0.00504295989887881,-0.15830887751716605,0.003575339922313752,0.47997416883995114,0.004965666223804037,0.07366151462338885,0.002303538176516033,0.46080626508800376,0.004324458534778184,9.223051436627744,0.045845899806260575,10.031486800915035,0.09570148345732447,1.371309626544672,0.004339950730963682,2.314742565009333,0.027967498894040346
6,6,5,2.5,1.3,200,0.5705294322360784,0.004931587552854996,-0.18983032655380394,0.0036446275306430977,0.4493032378873245,0.004727799229554167,0.08735390217447062,0.002548970483083197,0.46100993705818133,0.004506291648560284,9.374235930825359,0.042307460653328945,8.859130274027759,0.08208338204335194,1.301753027404181,0.004910955651030086,2.191309319077534,0.027113235730430167
6,6,5,2.5,1.4,200,0.5374034080745931,0.0048273349340874905,-0.22295635071528927,0.003643298377415487,0.41666752597127493,0.004567442632945367,0.10403602910143224,0.0028355546128470913,0.4355223210303221,0.004286341345709875,9.530209907365647,0.04088637906670856,7.877315877880361,0.07656098918257238,1.2288487531871293,0.005556810573432491,2.061399748558092,0.02622089242037547
6,6,5,2.5,1.5,200,0.5093789627504345,0.004567839746638897,-0.2509807960394478,0.0035605819366090487,0.39085999047088366,0.004291724491151792,0.11824248213779162,0.0029771438556634726,0.43639132335019165,0.0038674367253300306,9.618643678688677,0.040492248033090796,7.020224490236959,0.07152410475083354,1.1639545676072627,0.005235894305845815,1.9547144691501694,0.02524444809497833
6,6,5,2.5,1.6,200,0.4820982189983207,0.004387381651906216,-0.2782615397915616,0.003540159106169313,0.366775063190879,0.004128190682402489,0.13679215935908934,0.0032206916375418747,0.42496995503417395,0.0042251338203761505,9.719701538932641,0.038954867516412695,6.223223519301122,0.0580765792893869,1.0978429572717383,0.005190696280196298,1.8537999220251726,0.02435282909521806
6,6,5,2.5,1.7,200,0.45919733929712003,0.003955273346388101,-0.30116241949276235,0.0033470327798401167,0.3467253030713126,0.0037258591025574354,0.15138167957665352,0.003214523674392696,0.41998126192364027,0.004184223955339456,9.814379757105424,0.03966593812292022,5.6246518770330445,0.054149562731267364,1.0418008545747157,0.0053121155660042045,1.7696315534200397,0.02222311032888031
6,6,5,2.5,1.8,200,0.43674228833078615,0.0037807306453079815,-0.3236174704590962,0.0034535904720209053,0.3270825403135011,0.003539760557696643,0.16763624351912618,0.0033483180040734164,0.4171083497393824,0.0039023244229596417,9.912379852493622,0.03873641905768775,5.146635103982966,0.050428106677027004,0.9877787700720451,0.005136495498944424,1.6861727498440517,0.021337429185983137
6,6,5,2.5,1.9,200,0.4141166948264865,0.003457932764984732,-0.34624306396339577,0.003261862723470215,0.3074406005018894,0.0032374505682276353,0.18608968770067189,0.0033760610239051817,0.41519031808169216,0.004172548029633946,10.011963812025328,0.037564789851152476,4.686333190498919,0.045304278372729885,0.9340036498831924,0.004902386696386487,1.6014228364918346,0.019903157679911482
6,6,5,2.5,2.0,200,0.39528139194133766,0.0032600111340644294,-0.3650783668485446,0.003607102894857515,0.2917266542523574,0.0030771935248911524,0.20304071013665823,0.003475912678563976,0.4125060793381979,0.004102515928135022,10.12272803522324,0.03916356125813529,4.2729246873535764,0.04253677563435608,0.8841717760790949,0.0048912684952862485,1.535935703816583,0.019094041301045847
6,6,5,3.0,0.0,200,0.7148787393719195,0.00543072723230071,0.0,0.0,0.621272992786413,0.006117996377840048,0.029112555391493534,0.0012788463357292247,0.4145367791765818,0.005360896093386594,7.4996322546426235,0.026296093231511226,15.000701798748342,0.17741184492079534,1.658379792108155,0.006032806390347248,2.7184601493711313,0.027677218426446347
6,6,5,3.0,0.1,200,0.7218601109182639,0.005523331845454779,0.006981371546344448,0.001971543473963698,0.6271730878966717,0.006198045876614215,0.028142073131469464,0.0012149733427034041,0.43268773949721107,0.004164262114209078,7.559176133194874,0.029319530363462687,15.16917972939032,0.18543208232554956,1.664096028300515,0.005982725235279597,2.7554873102718123,0.028357390617040245
6,6,5,3.0,0.2,200,0.7302768839402981,0.005542411084715194,0.015398144568378562,0.0025146982197133735,0.6336260880812883,0.006217239942244799,0.027593248168368296,0.0012083951594730256,0.44946772608005303,0.004735575643360096,7.594927991404985,0.027835243052287566,15.272072059192842,0.1897292373446052,1.6676543290380534,0.0057999920590371176,2.803460641840993,0.028604030433685333
6,6,5,3.0,0.3,200,0.7360496967050519,0.005592012008967185,0.021170957333132564,0.002878884081392138,0.6371647569783828,0.006353560059773245,0.02710454341084345,0.0011715003950581633,0.4666138933691053,0.004625400793528772,7.705303991673762,0.031446938218609666,15.594219326440411,0.1888777127102657,1.6720912243671875,0.005498158499918155,2.8343677511547383,0.02930426727729575
6,6,5,3.0,0.4,200,0.7345198920400381,0.005570600936927,0.019641152668118753,0.0031563640871509727,0.6333400182114138,0.006359500444177016,0.028245856984856772,0.0012228733954159534,0.47468380207736927,0.004598089128467176,7.83251404563993,0.036433848865654865,15.587355570697804,0.20128262621929655,1.6629562713610235,0.005718872682882481,2.834136486099394,0.02901741176427435
6,6,5,3.0,0.5,200,0.7259904914599485,0.005658280729889382,0.011111752088029036,0.003269893830102428,0.6219477797599462,0.006360581634924609,0.03053153158601556,0.0013506591710461327,0.478427645925824,0.004368919872401648,7.9775247415567865,0.04107460360870154,15.439581096887554,0.20214089118831596,1.6503812570629168,0.005883724530306057,2.7944903066764333,0.029525364723502975
6,6,5,3.0,0.6,200,0.7121892512419754,0.005783072609040762,-0.002689488129943954,0.0036075914757636167,0.6044304458502977,0.006353954841859392,0.03466623987601555,0.0014689095844932787,0.47233943767283065,0.004834721757301443,8.171370091615858,0.04463031573776643,15.167116928895899,0.19889782941158665,1.6265707476598266,0.005936486466273755,2.7338028220826027,0.030322362963300334
6,6,5,3.0,0.7,200,0.6956807146097183,0.005749834052960668,-0.019198024762201303,0.003691266884772623,0.5849429538200162,0.006220448923190255,0.03934010465225317,0.001572198511338826,0.4689537053364554,0.004705483547355681,8.347352699802133,0.04648218816286441,14.7735738063711,0.18497835640248408,1.5993840577784402,0.005378452296964199,2.6599161151373885,0.030597805964918685
6,6,5,3.0,0.8,200,0.6739559591280724,0.005796712345148656,-0.040922780243847046,0.0039113808746759245,0.5594954127530382,0.006131726387738623,0.04630189933350327,0.001764399101636291,0.462829251891212,0.004819427483936419,8.529264815689555,0.05033536434897612,14.166548173940141,0.16887982751863578,1.564040812715687,0.0053414965487293105,2.562249700975307,0.031086222638498855
6,6,5,3.0,0.9,200,0.6460637363150322,0.005868164022136381,-0.06881500305688719,0.0039992367370793765,0.5282256554963654,0.006036179714091935,0.05654349029895977,0.0020718867857439515,0.46273581820992904,0.004328923505912498,8.7678248427895,0.05389947943041939,13.266911556745322,0.15882157138278208,1.5113784705048108,0.005672252019002469,2.444142109571972,0.03126459236013067
6,6,5,3.0,1.0,200,0.6178793702681651,0.005768566741685211,-0.09699936910375434,0.004199159243916124,0.4989355937044299,0.005760818954799864,0.0674154480676937,0.0022452886330039386,0.45644544602245746,0.0043009492103198675,8.99028672832472,0.0530553629687044,12.379368789138294,0.1483113247451781,1.4567141532398287,0.0056623124834841625,2.3262478483742886,0.030912208292510675
6,6,5,3.0,1.1,200,0.588385416243447,0.005667025332052186,-0.12649332312847242,0.004136489402660531,0.46899406579687036,0.005569619602904455,0.07995045815085891,0.002536533858477663,0.44729872947966853,0.00431163308993331,9.190730151615707,0.054537520374733514,11.396111211842122,0.13889020391976523,1.3972879262092446,0.005653378522784511,2.2050975539643884,0.03035992718720595
6,6,5,3.0,1.2,200,0.5620710047862523,0.005619226440913577,-0.15280773458566715,0.004199837963166517,0.4427464100092891,0.005345053432439604,0.09189708822446033,0.002850278225880929,0.4468072991959787,0.0041905336421260335,9.322558903608412,0.0526431401604347,10.437642617689196,0.12629984416947146,1.3431621803806768,0.005774625652864953,2.098113504859678,0.030206743170269196
6,6,5,3.0,1.3,200,0.5341021066766791,0.005366098269457377,-0.18077663269524036,0.004009500246150962,0.41555807098451986,0.005027918801510785,0.10662223376321434,0.0030683969439516336,0.4385953184573021,0.0043661687908722845,9.50809262014989,0.050402847589751505,9.594759279100831,0.12820706886027738,1.2822522945229389,0.005653703860927201,1.9877840131515143,0.028992541091504325
6,6,5,3.0,1.4,200,0.5037372278659653,0.0052330236304591006,-0.21114151150595412,0.004052858712993374,0.3865243698142677,0.0048140635108927495,0.12465286151300525,0.0033353815612679953,0.43027648302911387,0.00394833630970783,9.651985697812918,0.05000648527965631,8.567193870127902,0.11336191251798673,1.2136810694474587,0.006095933661599572,1.8704464860466237,0.028149811211343714
6,6,5,3.0,1.5,200,0.4724051343227643,0.004975545443764574,-0.24247360504915505,0.003927182917896729,0.3582456303855197,0.0045859737921606514,0.14625642664186164,0.0036690655223817438,0.43368300753681466,0.004163112664925299,9.809191277434037,0.04821141001439562,7.533698082783376,0.11346555798530232,1.1372095951241648,0.006580135830161864,1.7550874429446375,0.026710850354558315
6,6,5,3.0,1.6,200,0.4491504328766436,0.004615866537168482,-0.26572830649527573,0.003895235457158189,0.3384010705318205,0.004222669738981411,0.16225758464568485,0.0037872014750327133,0.4231370678516589,0.0039563318578724905,9.903060188930755,0.04672443536813651,6.562507903848864,0.09111855036398428,1.0753894236510584,0.006453459684379742,1.6745308720264662,0.024688867266480664
6,6,5,3.0,1.7,200,0.4258421385220981,0.004352448542930954,-0.2890366008498212,0.003883661500973021,0.31773714324851815,0.003982638796242366,0.18196927287784778,0.003955344731252887,0.4118583191221379,0.004105155101015405,10.011073448642525,0.043029385643632,5.847397554799663,0.07314140538812697,1.0185832575406577,0.006162668380587813,1.588632173549118,0.02364514995740231
6,6,5,3.0,1.8,200,0.4059819307652701,0.004107152775157871,-0.3088968086066493,0.0037129028813556765,0.3008851232582992,0.003763351012432607,0.19899756594324317,0.004127035885972742,0.4117010034423741,0.004453677456167958,10.09287858295037,0.04095668694401522,5.276316373123885,0.064279026277722,0.9640207231495572,0.005995045355686022,1.5216007287535762,0.022318713438406183
6,6,5,3.0,1.9,200,0.3847229511273257,0.003876124209025908,-0.33015578824459374,0.0038946128863665834,0.282695912500899,0.0035527471707156753,0.2184854425434542,0.0043459310468290475,0.41741357353007835,0.004154457137507618,10.146349040076572,0.04062269968200185,4.671088398502492,0.060651789684166936,0.9069501235063159,0.006018099928404045,1.4485133784258903,0.021213733793064907
6,6,5,3.0,2.0,200,0.36902891558416584,0.0036797757243989897,-0.34584982378775353,0.00405494016141311,0.2701006595114564,0.0033572327856984416,0.23439842267259237,0.004432514850922893,0.4095007093600224,0.004328915319069667,10.214703816554616,0.040500800317088664,4.2929889420493375,0.054099241642823204,0.8653838266618987,0.005929994725967108,1.3939930555050484,0.020232187984534022
6,6,5,3.5,0.0,200,0.6716185061460136,0.006212236266958786,0.0,0.0,0.5751092413611301,0.006853358475198916,0.039941474132692244,0.0018245490016814217,0.42056914892478325,0.005755771997144494,7.347860175528044,0.028245758400167693,13.748617156203796,0.2000916978845742,1.6059674086810765,0.007448754898248211,2.506012065934686,0.03107502466975134
6,6,5,3.5,0.1,200,0.6769023857054758,0.006285166693205621,0.00528387955946213,0.0016783487644600051,0.5793764921003618,0.0068805807545620126,0.03939779961248343,0.0018108446730237568,0.416009598562724,0.004245357719897605,7.408057043936074,0.030388471542957138,13.932204284146087,0.2011916578146276,1.6145674458721178,0.007313685988393659,2.529762543352792,0.0316805686069005
6,6,5,3.5,0.2,200,0.6846815885347044,0.0064480777637555735,0.013063082388690693,0.0024638970772761963,0.5852266009466941,0.007050981121595652,0.03877983290371358,0.0018380568276112675,0.4343316353048738,0.004602765270587309,7.469765861037606,0.030131859221973565,14.0955765524458,0.20306182393534083,1.6142181287258008,0.0073915826505053335,2.577739973884814,0.03258285295447915
6,6,5,3.5,0.3,200,0.6858975259405383,0.006522505777931684,0.014279019794524683,0.00286175315999696,0.5839570488937763,0.00714453027154729,0.03905937609905215,0.001798345099047426,0.447504019924337,0.00471833205558857,7.579786561257529,0.03448486638655956,14.363910488081673,0.20579921226798822,1.6166007041806603,0.007217589504999434,2.582801966453993,0.033311695882803645
6,6,5,3.5,0.4,200,0.6828258887612009,0.006619887266166781,0.011207382615187207,0.003262513225707256,0.5784638159013842,0.007226707777781127,0.041010348437337016,0.0018836825282311828,0.45202355513830256,0.004724537849242599,7.706557652868352,0.03856655046337809,14.464623513730107,0.2156615005350978,1.6091947695145468,0.007525926383659178,2.571401824576176,0.03372337121662543
6,6,5,3.5,0.5,200,0.674975135017762,0.006577593146711902,0.003356628871748293,0.003470134858109235,0.5680351358954432,0.007096876435270776,0.043864391561806944,0.0019328149484970426,0.4548073033996969,0.004644168163671422,7.860380732221772,0.04501251450953805,14.361169876634731,0.21904005254802816,1.5946083024401025,0.0075342724762552365,2.5379221083071473,0.033471859733020234
6,6,5,3.5,0.6,200,0.6588222323396039,0.006784445559771199,-0.012796273806409676,0.0037619881785456305,0.5490255462581097,0.007213435531874863,0.050598722705555,0.0021704920453278105,0.44883425370494207,0.0045016023460525845,8.043069390895518,0.04691436920441965,13.912447755563052,0.20794183127210497,1.5671585534164538,0.007769763184738633,2.466475826830988,0.03448510481566535
6,6,5,3.5,0.7,200,0.6420414012046339,0.00677217586591446,-0.029577104941379755,0.0039340455809599145,0.5296834803923008,0.007027210350508768,0.05736536570182908,0.0023853795471367764,0.46173454424160026,0.004726176776427849,8.240606561815142,0.05106068538211286,13.606363352930796,0.21163103889098106,1.5362205936407463,0.00819547529642667,2.3946732686451657,0.034056768611881685
6,6,5,3.5,0.8,200,0.6217305953916007,0.006567557683091734,-0.049887910754412984,0.004199253045668123,0.5070431139873477,0.006613509658632956,0.06527049382420062,0.0024780659102432772,0.451949938757495,0.00468430611433349,8.426609448205419,0.05278448682183494,12.99829496888645,0.19362912930137893,1.502091289628985,0.007493751586074639,2.304449810111188,0.03346821602974442
6,6,5,3.5,0.9,200,0.59948992094929,0.006216208534071398,-0.07212858519672362,0.004163181882984313,0.4833285139835827,0.0061775024749711515,0.07348655738516949,0.0025182775117187817,0.4405900269965163,0.004690693022283299,8.623332445567852,0.05751602560565884,12.377706945763775,0.17911114656556382,1.4617971008810124,0.006964608651389945,2.2085756295073633,0.03208566939210486
6,6,5,3.5,1.0,200,0.574095929116774,0.006313027104027055,-0.09752257702923967,0.004578250655537109,0.45803426858741914,0.006137739728030366,0.0860721405531145,0.00293409986057496,0.4467964071274018,0.004253491794155743,8.88869917743491,0.06057327471097428,11.683560402290077,0.16613892703803415,1.410921008979495,0.007609300164507836,2.103977189009434,0.03231479657958241
6,6,5,3.5,1.1,200,0.5461075879404259,0.006036540586839297,-0.12551091820558763,0.004526612146691327,0.4301420100415308,0.005736851699206135,0.10180343752248758,0.0031779647532112114,0.43553310804910084,0.004322836261621579,9.1669601871265,0.06111319373264868,10.923369298782259,0.158659444534632,1.3503594106376802,0.0073141313705724275,1.9931803697488235,0.03123929207378148
6,6,5,3.5,1.2,200,0.5222311739869041,0.005635499227190201,-0.1493873321591096,0.004493688867218834,0.4074026697860726,0.005246197957158524,0.11493880663487513,0.0031976923633072482,0.43548974416739655,0.004085937405791874,9.317217714016953,0.06088298623011796,10.077400741823379,0.1477206615096334,1.2968017947012571,0.006828005318352445,1.9005548129378196,0.029379024540516246
6,6,5,3.5,1.3,200,0.49729719420184315,0.005492048177396989,-0.17432131194417042,0.004378685251156273,0.38341877767126115,0.005070087440814395,0.13007427980995778,0.0034494429341458965,0.43433256703689166,0.004047334359485096,9.458284837435258,0.05777005685814829,9.260774329349838,0.13155611752253074,1.2363240436033447,0.006709314901671934,1.8083744520891194,0.028740964303562367
6,6,5,3.5,1.4,200,0.4717056274735393,0.0052629793526767195,-0.1999128786724744,0.004259407074435663,0.35962225964573774,0.004824541874889389,0.14702641974553368,0.0037111175325913715,0.42272650777463666,0.004137871950072142,9.634172464372645,0.05901306722858434,8.42116693400065,0.12704572056553542,1.176095378577884,0.006642973690282978,1.7119189338363316,0.02757390126168852
6,6,5,3.5,1.5,200,0.4467762397208923,0.00514777730084657,-0.22484226642512134,0.004404964767587882,0.33705057739948857,0.004630881463496486,0.16588368371615442,0.004090264377808498,0.4219869112804353,0.004249529349959533,9.81674251848043,0.05935509241180466,7.612080511307251,0.11664184300921587,1.1136745201573022,0.006898995011570991,1.6217097949957369,0.02699564572589018
6,6,5,3.5,1.6,200,0.42214420274892706,0.00498945863495456,-0.2494743033970866,0.004415484621077752,0.31531794924984796,0.004542855107411785,0.1875800513006965,0.00439212417985816,0.4104672108392072,0.004442089421750677,9.986621929157122,0.05491821260518583,6.841291067184427,0.11616920197739669,1.0477106401083158,0.006939457357187152,1.5368642058001731,0.026182443072113502
6,6,5,3.5,1.7,200,0.40184253907472056,0.0048218552780154725,-0.26977596707129303,0.004430099685209207,0.29775115755140596,0.0043935975841304315,0.20559994971146422,0.004668787570451667,0.41337249730874137,0.004155876714688118,10.12128124883957,0.05232212373182052,6.205928217533902,0.11064438633400993,0.9912836553284109,0.007008493720194293,1.46899440071357,0.025442291623193218
6,6,5,3.5,1.8,200,0.38090254338399665,0.004535701698435109,-0.2907159627620169,0.004262592231379486,0.27941772715568736,0.00408628274514264,0.2257084013326167,0.004927781409539058,0.41019232628654434,0.004294140217619477,10.24572405169894,0.05302957045429695,5.349929357718611,0.07980024703418276,0.9358265103318566,0.007125709826741251,1.396246572662405,0.02370599265226202
6,6,5,3.5,1.9,200,0.3629301924089713,0.004182251946265141,-0.30868831373704225,0.004225940930104646,0.26428806711095587,0.003735665078956284,0.24358875388289372,0.004908535004022389,0.415742381351482,0.0041377602413292065,10.288118582862955,0.05117298487007303,4.841350963758774,0.06765341389398641,0.8869133060404504,0.006653977625495891,1.3351241873391495,0.022339441656014956
6,6,5,3.5,2.0,200,0.3495412024823591,0.003840691893348613,-0.32207730366365456,0.004328298921657834,0.2538383711414172,0.003412117432540207,0.25637441019602375,0.004823034541934289,0.4085021466983197,0.004101215680011336,10.335620757378413,0.048373954094274516,4.465522099844293,0.0681913331412948,0.8509543898225084,0.006557074974995554,1.2891091090047473,0.020804774843432922
6,6,5,4.0,0.0,200,0.6326819539379802,0.006786176060311925,0.0,0.0,0.534280684802291,0.0073483109883152745,0.05255723044986347,0.0025994400580863558,0.40642499156405715,0.005781798948167819,7.2388559939957595,0.030742743196992217,12.745611117719484,0.20678617712212838,1.5549269414218962,0.00880779164851967,2.3186637722729,0.03329662880791895
6,6,5,4.0,0.1,200,0.6358201953182764,0.006905344406666872,0.0031382413802961045,0.0019383149316529065,0.5367174156113066,0.007412295529160289,0.05246534511152306,0.0024957567013237938,0.4085035910071938,0.004520459301162487,7.304999491823566,0.03167703781242792,12.930322182492878,0.20892220624917857,1.5600396175077378,0.008720284586260252,2.332764956472442,0.03409699247784835
6,6,5,4.0,0.2,200,0.6398653395463008,0.006990254629006417,0.007183385608320495,0.002847185588472002,0.5386186298176046,0.00746541101143685,0.0526532989504547,0.002582838583587615,0.42041523871883457,0.004253259812693155,7.358710709768298,0.033899575044294555,12.99548587679631,0.21904393110736153,1.5561582583748157,0.009066142664530532,2.3614126820548926,0.03430126481394057
6,6,5,4.0,0.3,200,0.6413981676933003,0.007023788708988866,0.00871621375531998,0.003052322446229382,0.5374139893500834,0.007471163392468124,0.05253166752944347,0.002412836603122454,0.4299498091868952,0.004659665653485944,7.441673901284625,0.03787369124633606,13.314700456347575,0.22385580016640602,1.56272948688254,0.008773973718060093,2.364226182855394,0.034920831114990385
6,6,5,4.0,0.4,200,0.6374425291013701,0.0071961376738959625,0.004760575163389802,0.003580385841449593,0.5324964816345996,0.007606840320649259,0.05479686018654302,0.002531503690796993,0.43802243832760096,0.004773129422249949,7.604932590682868,0.04113816310330961,13.439359675552511,0.22196071163243697,1.55526383774703,0.008860244886781235,2.347473463154774,0.03592597655544671
6,6,5,4.0,0.5,200,0.6279125911852098,0.007219633066179674,-0.004769362752770526,0.0038162125256895312,0.5205705824948426,0.00752530196443865,0.05974067818788365,0.002670525174468663,0.44486528097049544,0.004444241362823917,7.774165283519993,0.0447932680869737,13.353527002712463,0.23217712021271678,1.5361573718527126,0.00933662735377353,2.308232952682281,0.03570781747880493
6,6,5,4.0,0.6,200,0.6134996996449733,0.007198083273291625,-0.01918225429300696,0.004020589719854362,0.5039552705603021,0.007365819440432133,0.06571128924137763,0.0027478005469025574,0.4404482205324023,0.004709323777731546,7.921939070317792,0.05036270917269837,13.047450301063577,0.22908835622887547,1.514866854881765,0.00937162130597069,2.2412806448338203,0.03560601975052022
6,6,5,4.0,0.7,200,0.594958421768228,0.007255339885494146,-0.03772353216975225,0.00436871029355434,0.48419143515420815,0.007264517177414741,0.07586691328674572,0.0030710995031431715,0.44747999699487706,0.004650433207618651,8.159789233738536,0.051663038895036525,12.57008892162773,0.20974191414763182,1.4761400912086402,0.00960340139013749,2.166488568027364,0.035692297849744134
6,6,5,4.0,0.8,200,0.5779854147795386,0.0071259589954728595,-0.054696539158441665,0.004521813896775122,0.46656111762711866,0.007049283146842602,0.08402884710411172,0.0032243511440463233,0.43621286370176393,0.004937919536162566,8.320639515308415,0.054860432070998534,12.092252141419033,0.18939848869137332,1.443824781928037,0.009395928924831019,2.0948867640638786,0.035124339673545266
6,6,5,4.0,0.9,200,0.5579259819915297,0.0067027590567387205,-0.0747559719464507,0.004409408079535243,0.44500224197737276,0.006480078846917545,0.09336393946089122,0.0032816684115871413,0.4379764508571797,0.0044857477334482925,8.527284910023877,0.060526731058100386,11.638531138546867,0.18297233818147848,1.4076351695151297,0.008703551613212304,2.0082626434692634,0.03332293636408573
6,6,5,4.0,1.0,200,0.5322436674395397,0.00642453138671557,-0.10043828649844067,0.00460156294664765,0.41882131311561316,0.006062474372255405,0.10815673505418735,0.0034626884813676153,0.43032245494299715,0.004702275377811085,8.755188517431103,0.06429558211895685,10.92445120594707,0.18080941858578076,1.355905001140242,0.008675901472493695,1.9027530256679057,0.03180958367034051
6,6,5,4.0,1.1,200,0.5118371614291332,0.0061300604308689175,-0.12084479250884715,0.004613019023164866,0.3994692658609361,0.005730861431045253,0.12005031173498314,0.003566850303071485,0.42066275904372274,0.00444025756944678,8.984979562158777,0.0655420276971927,10.29016536055072,0.16903422871361654,1.310953432325025,0.008311180568464235,1.8227659081670966,0.03066458445294458
6,6,5,4.0,1.2,200,0.48914033667089585,0.005883170632250963,-0.14354161726708445,0.004631267155987643,0.3778601300538415,0.00542293156475318,0.1352607686941516,0.003748605514664215,0.4289124844266952,0.0044630739629429265,9.178176253449417,0.06551638817855525,9.461997715980747,0.14905156212102968,1.2534046815713742,0.008164182723916703,1.7413535125396316,0.029660415904227237
6,6,5,4.0,1.3,200,0.46861954275160217,0.005618842217944211,-0.1640624111863781,0.0046577351719607335,0.3594339237201934,0.005123084577401176,0.15066893734306597,0.003942826827005546,0.42163883755726195,0.004475895533831677,9.414506177386766,0.06816419225083989,8.903954918886008,0.1540397042652993,1.2027011452279937,0.007935196040852013,1.6664186356666102,0.028483686619634508
6,6,5,4.0,1.4,200,0.4444065439492516,0.005473635931815589,-0.18827540998872863,0.004665670632265618,0.3362244341033574,0.004973862250367962,0.17016549282655496,0.004218233835055076,0.4176541498705985,0.004231295390040405,9.584915554277547,0.06701877210788428,8.14473471400363,0.13782460938224925,1.1420919518165704,0.007654942649779718,1.578783918013862,0.027826708326403393
6,6,5,4.0,1.5,200,0.42064761738356565,0.005173486266592508,-0.2120343365544146,0.004742411215590288,0.3153423803125228,0.00464970808876658,0.1896819479130969,0.004389195646922648,0.42125952958531604,0.004230627083795817,9.732075591405112,0.06616789485759704,7.347235633924242,0.1260716398658354,1.0801389580969043,0.007898190870855819,1.4952730546733353,0.026227952483805442
6,6,5,4.0,1.6,200,0.40125815803756154,0.00503459938897035,-0.23142379590041873,0.0048030225205054206,0.2984026442917526,0.004525861975661233,0.2076625401215663,0.00457030831177537,0.4182922152534925,0.004326444574792364,9.926622044481574,0.06371474371759796,6.716304414037673,0.11494435094650869,1.0280809764614194,0.007584584302977701,1.4286192108825386,0.025952724443111485
6,6,5,4.0,1.7,200,0.3813371436345346,0.004859785858201587,-0.2513448103034457,0.004844333538907953,0.2808788474391317,0.004294704016498059,0.22609906000637245,0.004862564968667518,0.4084972794352818,0.004000757502596622,10.070329268160267,0.06048640132710735,6.049803339620889,0.10255818173788543,0.9716448586554045,0.007329936786495409,1.3630890612477884,0.025081418906663044
6,6,5,4.0,1.8,200,0.36289835533942977,0.00478507794861586,-0.2697835985985505,0.004809547779336102,0.26490473500032197,0.00422699919309905,0.2465270639589288,0.005324282710480893,0.4070155510973509,0.003989296197699311,10.223001715437519,0.061491114863966495,5.614441611838153,0.10112101954272162,0.9240687900266199,0.007484116033089923,1.2977737811236358,0.024368182063826224
6,6,5,4.0,1.9,200,0.34460734463027093,0.004461686391008251,-0.28807460930770934,0.00489547446697256,0.24969423257745416,0.003969001817796385,0.2669823225805037,0.0053728094883363975,0.40792459603526976,0.003943632842338585,10.359137743656838,0.05820410784878609,5.10774911631359,0.09639511703071525,0.8737159887434416,0.007283699328971975,1.2361400008612384,0.023000864706321174
6,6,5,4.0,2.0,200,0.3285744309704866,0.004180999720567105,-0.3041075229674936,0.004936225843278862,0.2360127289935886,0.003690666598281249,0.2863186565238148,0.0054464433358195645,0.41384051225902513,0.004148671966017472,10.447161609420782,0.054396727778248645,4.491783719422049,0.07459623521209349,0.8242072954805767,0.007024130811444037,1.187487295526509,0.021776032715687746
6,6,5,4.5,0.0,200,0.5957553038470799,0.007150817681030766,0.0,0.0,0.4972247828670163,0.0076225280611497545,0.06660131857348782,0.003326085724787293,0.3933526530192338,0.005438512709690149,7.172573232554182,0.03143991074793802,11.83551279436498,0.2050125417503131,1.502949017763342,0.009918279623790362,2.1445585462704626,0.03450836403329294
6,6,5,4.5,0.1,200,0.5962187177257051,0.007240806407168517,0.0004634138786253707,0.0019180495681262425,0.496542130723641,0.007646956112597479,0.06759062374070211,0.003209702499707001,0.4166236083508528,0.00404357321114812,7.236924893959927,0.03149320504731991,11.9692301158512,0.2157901301401296,1.5033717409821354,0.010095584387530929,2.146973071191382,0.03486505743305465
6,6,5,4.5,0.2,200,0.599762466460355,0.007321906933560906,0.004007162613275311,0.0027574125981290037,0.4979542886334534,0.0076881565790161135,0.06758139200120596,0.003322895949209622,0.4123483645594812,0.004079281617727839,7.231746997807056,0.0375348630805566,12.07045603759172,0.2254588341226151,1.503496851113324,0.010332647341318243,2.1685445372068135,0.0351635137102515
6,6,5,4.5,0.3,200,0.6002742595278323,0.007409339896906219,0.004518955680752469,0.003196936390235607,0.49658361552747493,0.007672836855769631,0.06809229223547061,0.0032137727927868537,0.42626806750539376,0.004549252026446889,7.383741014067826,0.03977363703154753,12.369859532902346,0.2313943109938798,1.508196807255493,0.010093973785189036,2.1669780304402324,0.03597211624768509
6,6,5,4.5,0.4,200,0.5958703565278022,0.007426363363842547,0.00011505268072234592,0.003647141870851299,0.49056729589839065,0.007640474176797043,0.0702603747406933,0.00322796012753822,0.42903217938106025,0.0046841882132415864,7.49592942773431,0.04427540701927998,12.45762510383548,0.24040468346353275,1.5021793446577747,0.010113004220821856,2.1460326285864677,0.03620806689864062
6,6,5,4.5,0.5,200,0.5862640181894264,0.0075372236408809,-0.009491285657653371,0.0039238003337458294,0.480143724335651,0.007671362044113087,0.07606414579203964,0.003340466026689819,0.4295076153896121,0.00479558263614966,7.689609318043165,0.046772209326301654,12.503898485993352,0.24108318756683003,1.4852664703961782,0.010602945535034498,2.1041307654455967,0.0365337052937062
6,6,5,4.5,0.6,200,0.5732517920124907,0.007580360864164149,-0.022503511834589093,0.004232352372879458,0.4657832935484659,0.007589230150780846,0.08396654033621015,0.003450939265230579,0.433770805445903,0.004621317960989444,7.88163582367294,0.052589587303046956,12.26598947026571,0.24008790552844975,1.4606710297100012,0.010738730331017252,2.04905894492771,0.03669139234366561
6,6,5,4.5,0.7,200,0.5583206032855991,0.007549376102586346,-0.037434700561480724,0.004390654639094383,0.44871099383799373,0.007457827376741733,0.09274430680722004,0.003752830998105004,0.4289420050455312,0.004571956378935294,8.042024099552608,0.054595794905125956,11.947747951751076,0.2332394185629942,1.4312369471776276,0.010918668161683624,1.9870769318421866,0.03626812197860294
6,6,5,4.5,0.8,200,0.5394145772884564,0.007239109103839751,-0.05634072655862336,0.004524086192192833,0.4299749115988833,0.007069187870398974,0.10348252800652429,0.00383892481075452,0.42616487786088725,0.0044614196174914255,8.220746585883433,0.05885611364312295,11.254985472194166,0.2122747092100572,1.3894277388319403,0.0105971608331026,1.9131341319638762,0.034760188254687845
6,6,5,4.5,0.9,200,0.5194873737402462,0.006879682778975977,-0.07626793010683348,0.004518838579069776,0.40952688116844876,0.006547403374160522,0.11548878085893285,0.003877601132825267,0.4241156015373912,0.0046533935566259255,8.410601890596872,0.059540087409050535,10.711694030064725,0.19112734417369998,1.3520671703777218,0.009925966619989152,1.8284905399804487,0.03352400913097394
6,6,5,4.5,1.0,200,0.5038570693021033,0.006726838583189272,-0.09189823454497649,0.004594770239054177,0.39449081903207317,0.006294837593900833,0.12491076356858372,0.004093373930668236,0.4270984978062198,0.00421745483604464,8.578757677658576,0.06078675756503548,10.13910801855608,0.17789994202874912,1.315348414953051,0.009843388256764304,1.7695128688720683,0.032633523688472305
6,6,5,4.5,1.1,200,0.4817725830322501,0.006436868949914502,-0.11398272081482967,0.0048926757044147045,0.3729033701261805,0.00591894766082114,0.14090897168867522,0.004315938221707439,0.41607462559829556,0.004024988377220872,8.8386288843267,0.06875977819039905,9.678059974372939,0.1815534468772209,1.2670634414983664,0.0095241896785062,1.6825857339377575,0.03115920117701992
6,6,5,4.5,1.2,200,0.4617841589301562,0.0060382127461644924,-0.13397114491692355,0.004846156372592965,0.35363021702222097,0.0054911025478323735,0.15554227609060167,0.0043031438362791455,0.42615658187216865,0.004157630159751712,9.017988850504345,0.07023492939052356,8.947690569227202,0.16659757546894952,1.2175688385381067,0.00904471261990118,1.6097013540594236,0.029467908819212033
6,6,5,4.5,1.3,200,0.44325042947929516,0.005746703781029252,-0.15250487436778448,0.004949774807685965,0.3370134276817076,0.005207227776638666,0.16970423495448103,0.004455840539580808,0.421382590465472,0.0041564774564501255,9.211846393899059,0.070293924093825,8.505463912096968,0.15731182277010644,1.1743655281944996,0.00874778471838173,1.5394320391066492,0.028557216232356252
6,6,5,4.5,1.4,200,0.4230230369466105,0.0054366465606905815,-0.17273226690046925,0.004996739113007159,0.3188794667692941,0.00490150206103423,0.18623785935299775,0.0045540484064566355,0.4146788551114402,0.004283608309784079,9.400350310653469,0.06759601120833862,7.630392329331792,0.13433778855078463,1.1151454142381254,0.008644785401377733,1.474810087726436,0.02694076833167527
6,6,5,4.5,1.5,200,0.40295250086199874,0.00523594139793845,-0.19280280298508104,0.004980275277735563,0.30091001935935024,0.004657941697002211,0.20607925554541795,0.004821658413931374,0.4145083715656155,0.0043262468540979,9.623905610088734,0.07140675805807122,7.175315229423872,0.13949526695177958,1.0616421432746361,0.008429099367399022,1.4054316458287908,0.026080717666674667
6,6,5,4.5,1.6,200,0.38145806293746004,0.004947533315046946,-0.21429724090961963,0.005007615300825772,0.2821467555686332,0.00437792455952598,0.227704266644182,0.004956150370067518,0.4163524591372822,0.004062799109537053,9.824794557455647,0.07043231403573151,6.513076349380087,0.11643968718838424,1.0040030238084032,0.007860133340146952,1.3314712236574826,0.024957110653772444
6,6,5,4.5,1.7,200,0.36357189774306675,0.004767370004968631,-0.232183406104013,0.005235024564801142,0.2667516826217889,0.00417925908236065,0.2473285014903832,0.00502409472864937,0.41062676069262416,0.004219225273847147,10.009208383670728,0.0713877186189185,6.004930383093235,0.1125682421381773,0.9541220558120079,0.007736929765311823,1.2718442738614184,0.024384375911978777
6,6,5,4.5,1.8,200,0.3463187610814699,0.004696684097461993,-0.24943654276560984,0.0052223233178667495,0.2517142067425938,0.004104249227136735,0.2655208154090459,0.005333613354799721,0.40703653684693797,0.00439101642801741,10.133539056975396,0.06974748929759483,5.44258541709429,0.1105176009717383,0.9026137722894095,0.007693371888606471,1.217720352231821,0.024072641151868548
6,6,5,4.5,1.9,200,0.32951769025369415,0.0045083281873760876,-0.26623761359338555,0.005318729431477779,0.23758557694319882,0.003920564722238458,0.285847435497559,0.005538401716611419,0.4071854634366957,0.004137158650165245,10.31793069151356,0.06687795308983294,4.908898723362658,0.08368881700217988,0.8539886552761259,0.007377631168319338,1.1634810339099058,0.02318355204514858
6,6,5,4.5,2.0,200,0.31566470001505575,0.004380845308818078,-0.280090603832024,0.005394225330079093,0.22627368946291582,0.0038324658647291474,0.303713837091007,0.005742594874553845,0.40099325946010916,0.0043652503619531265,10.414560445482442,0.06389693712909499,4.50997795577091,0.08273489485282734,0.8120214611653259,0.007274003370806711,1.1206333948943688,0.022544138593152442
6,6,5,5.0,0.0,200,0.5619371965434286,0.007430921843044805,0.0,0.0,0.46374655232941137,0.007821109645656167,0.08206865248731463,0.00413657916696253,0.40210446994872073,0.0066762413399258785,7.138532352950881,0.030476778835134614,11.149294358765742,0.2046386200473637,1.455536907750211,0.011013194591662851,1.984919537485603,0.03512361550917255
6,6,5,5.0,0.1,200,0.5606396999933526,0.007618924309551756,-0.0012974965500759895,0.0020381536892950637,0.4608161584032957,0.007939918113351195,0.08466084587831514,0.004086589661686829,0.4038513236723202,0.003926527104433348,7.158635806278227,0.03204492724570893,11.085948346976165,0.21532198647281245,1.4492174475435042,0.011413738575875083,1.9832950843940997,0.0358805432158688
6,6,5,5.0,0.2,200,0.5624714331954757,0.00748018799339023,0.0005342366520470471,0.0027745674658426023,0.4612467571217229,0.007730309791742566,0.08460011440787042,0.004063556150909891,0.4109741617976981,0.003957640670683539,7.203330275038527,0.03861402831211639,11.25354940027407,0.2280020953528185,1.446968297881076,0.011369784708980691,1.9967590074154749,0.03525780900206661
6,6,5,5.0,0.3,200,0.56260673665485,0.007613642989369719,0.0006695401114214203,0.003192836553301971,0.4593254021160952,0.007795357567859441,0.08549375903553712,0.004016211315477526,0.41983858829607923,0.004540257260569704,7.2987067774738374,0.04001146746886129,11.473599690346116,0.2312079872657662,1.453424807489975,0.011288545704143994,1.9911308922636983,0.03615170296141808
6,6,5,5.0,0.4,200,0.5586089431673549,0.007646607235316267,-0.003328253376073682,0.0035361587267471557,0.4541733001741063,0.007762343980198457,0.08850769792323643,0.00399790424857904,0.41108473999206646,0.004598842498046394,7.463072470930189,0.04439749117408754,11.668861546890875,0.24111342374922015,1.450825693445415,0.011106274391916388,1.969253544427146,0.0366771854967736
6,6,5,5.0,0.5,200,0.5507255808436488,0.0077299941666686325,-0.011211615699779806,0.003942552071497954,0.4454421865115769,0.007732051977595109,0.09270536926943951,0.00408326506308705,0.4175572369005121,0.004346009513933729,7.5850867185831135,0.048799422212086774,11.610592424514987,0.25260830996718436,1.4333756149805945,0.011863801998076517,1.9384377937502788,0.03648423762472146
6,6,5,5.0,0.6,200,0.5393495042376706,0.007537919457927019,-0.022587692305757932,0.004014229569318038,0.43355193262062697,0.007418919091922151,0.09960616035056948,0.004038800961083921,0.4260199606204689,0.004905863089019275,7.796203175042151,0.05362771351667783,11.64527285967758,0.2452617410085819,1.4181478791581525,0.011496177217052641,1.884015582352135,0.03574356777338574
6,6,5,5.0,0.7,200,0.524830191345698,0.007467357266068258,-0.03710700519773053,0.004316179962063695,0.41793922308784753,0.007256117727459259,0.11041901711892681,0.004290532340082709,0.4286455474306696,0.004013153285383251,7.97356335191926,0.05643468194620376,11.28565839190027,0.23087567807599696,1.3814799803973095,0.011415509762855163,1.831789092332786,0.035331713326320055
6,6,5,5.0,0.8,200,0.5084293085450894,0.007449946836138727,-0.053507887998339124,0.004666848523253833,0.40105939873990976,0.007155294616110586,0.12216718810575068,0.004600668427764176,0.42180489848143254,0.00470255520595446,8.13779842030291,0.05797469547658171,10.72877175344925,0.2184027747326173,1.34528518675159,0.011763097687522869,1.7675695989620912,0.03491967312341989
6,6,5,5.0,0.9,200,0.4914949449578735,0.007047755621226145,-0.07044225158555498,0.004526224663585459,0.3842359995690815,0.006661931746517335,0.13331432530948897,0.00467486652274015,0.41466535114228104,0.00440771061839905,8.282143850855597,0.06209370270349045,10.260299413956302,0.21292456206040553,1.3087278204562955,0.011201253058086627,1.7004464459609545,0.03325786576521054
6,6,5,5.0,1.0,200,0.47390230378555465,0.006636933102785617,-0.08803489275787385,0.004723333085796276,0.3674121871092315,0.006140204275072052,0.144870625805224,0.00462582021197534,0.42705618921208327,0.0043277627089449945,8.522474804069132,0.06376098552936385,9.790366480143899,0.19689919239073075,1.2724446268604297,0.010527829595462888,1.6290188204789313,0.03157604008278607
6,6,5,5.0,1.1,200,0.4564175834058018,0.006557463802002026,-0.10551961313762664,0.004831253655635061,0.35123769558185053,0.006005504926254847,0.15955747575563375,0.004818750748448408,0.41254106780022454,0.004176368091751047,8.717179942265677,0.06595958925693038,9.15020875969268,0.18621467891900662,1.229661437109995,0.010518854291394153,1.5647519354279593,0.031037200952586008
6,6,5,5.0,1.2,200,0.438985218543246,0.006321577857072646,-0.12295197800018244,0.004899838910422025,0.33531728000480643,0.0057835059630422835,0.17341281651306278,0.004985085461218354,0.4114900373694836,0.004318730909155517,8.853924245222098,0.06945447627074343,8.429281690133543,0.16787788132159984,1.18362248833412,0.010122868242157457,1.5040613556800053,0.030009038519384326
6,6,5,5.0,1.3,200,0.41801696503354135,0.005733498111136726,-0.1439202315098871,0.004969888070148052,0.31503256972345317,0.005114174088603877,0.1911281203260559,0.004832416274152809,0.4191779832202276,0.0044656787188597615,9.06582557812495,0.0715015526912988,8.00520488829404,0.149697852576317,1.1377334277191204,0.009101764789024386,1.4215724349537635,0.027612076260740095
6,6,5,5.0,1.4,200,0.40151440247755227,0.005427505290656686,-0.16042279406587626,0.005066065380803143,0.30000209990555987,0.004832023539650998,0.20723459747773965,0.004928072982991709,0.4152044702326003,0.0045974742855279084,9.253970054989662,0.07279363205216018,7.429455167310614,0.1524117710178811,1.0908991338024634,0.008914263605126403,1.3673699082828152,0.026404358816736025
6,6,5,5.0,1.5,200,0.3832440779733197,0.005102408010123468,-0.17869311857010878,0.005259494898142793,0.2839791008664539,0.004481855362006778,0.22623282010960366,0.004977683325994171,0.40639900643560756,0.004250064801034723,9.456427101339408,0.07214144007269706,6.863487316844571,0.13267427690878955,1.039979792292923,0.008575470889657327,1.3064293193876977,0.025105712024539456
6,6,5,5.0,1.6,200,0.3658055218462806,0.0048737586675297135,-0.19613167469714787,0.005408581382315407,0.2689204225920848,0.004263829367890603,0.2435953443299854,0.005165761931437984,0.40679065762419336,0.004128030383825362,9.633353927877256,0.07382657371168046,6.29375247801153,0.12324554288782238,0.9866965098170755,0.008604951874977918,1.2529451673674352,0.024043164645898285
6,6,5,5.0,1.7,200,0.3484834298725194,0.004702032541242181,-0.21345376667090904,0.005331005474747668,0.2543430892165171,0.004107919251522676,0.2641439574121229,0.005333760804561389,0.410679381940362,0.003881313296349262,9.848813292791487,0.07349060832767394,5.811822711194988,0.12339950508400616,0.9391506282591703,0.008440750988934225,1.194436665370241,0.023262645838667065
6,6,5,5.0,1.8,200,0.33227408175979906,0.004441936037001913,-0.22966311478362947,0.005503307599736275,0.24046729483335263,0.0038696958776486727,0.28322367561118855,0.005245490255512584,0.39801640565339136,0.004086524809293894,10.031693545539063,0.0736686967450747,5.383039409394257,0.10676575522035543,0.8896136271616676,0.00780365783647649,1.1447320492006974,0.02252674891850542
6,6,5,5.0,1.9,200,0.31636401373239353,0.0043420753810593845,-0.245573182811035,0.0054295752806242485,0.22649601099576075,0.0037052080816049205,0.304221544630832,0.0054605400170437985,0.40627960608511193,0.004216143511991212,10.211483328493925,0.07340230081399558,4.890130748652704,0.10042017940853505,0.8433626333842892,0.0075734281799771964,1.0935737658814009,0.02218279109038224
6,6,5,5.0,2.0,200,0.3056009063431052,0.0043393556459090715,-0.2563362902003233,0.005513988039601929,0.21808438113993175,0.0037460322874089584,0.3175284037220208,0.005682922951843634,0.4035950755470467,0.004323924150633745,10.323194858311835,0.07381716382851929,4.497692909718747,0.09138587192589928,0.8036878367228641,0.007564473560523075,1.067351514943877,0.02216615509506564
6,6,6,0.5,0.0,200,0.8590056878229599,0.00041068295162100953,0.0,0.0,0.7931550152252356,0.000545429782625566,0.008037405594295338,3.237832828319993e-05,0.39428771413117175,0.007386803501359152,8.852126806452322,0.00793863841449966,28.64881464001828,0.0810173046984283,1.8746615533437052,0.00065722898047388,3.395823586102367,0.002760606636684972
6,6,6,0.5,0.1,200,0.8664182043990712,0.00034306127000400426,0.0074125165761112725,0.00044262690507527596,0.7981445792046244,0.0005369520625023049,0.007608060796564508,2.7819215139319614e-05,0.5040422116141872,0.00409458024654043,8.674502351970268,0.009440539195727198,25.856581419071173,0.08560998240690239,1.845717246614637,0.0010512704657112128,3.4702478692903855,0.0019647019181107425
6,6,6,0.5,0.2,200,0.8752051034548177,0.00016052493352644213,0.016199415631857717,0.000410148277748098,0.8110760722643411,0.0002894015131989095,0.006950017202689225,1.3485874430388069e-05,0.5256677046658057,0.004073855104602182,8.460339846728555,0.011641710710527484,22.901805193677852,0.08703768478861365,1.826411859983067,0.0011413689391924495,3.5434658452698726,0.0015535539794025047
6,6,6,0.5,0.3,200,0.8758794243168339,0.0001278106259690515,0.016873736493873998,0.0004309683282815894,0.8124146423846622,0.0002450992826022156,0.006877497213888119,1.0736336729002807e-05,0.5322070895424459,0.0038813673266977896,8.294603345333432,0.01099594350809575,20.01171097136919,0.07288282901108055,1.797883054003474,0.0011325154947892013,3.576131990655777,0.0014918775934906927
6,6,6,0.5,0.4,200,0.8740688372177488,0.00012823295421868005,0.015063149394788835,0.00043169614080126797,0.8093986006284928,0.00024124232568182894,0.007010777194518104,1.130462061402725e-05,0.5283275665186591,0.003983108119708788,8.269465272620787,0.012683811456150208,18.051769372593164,0.05941876257321007,1.7719042276062038,0.0008868356633667131,3.5910018424156545,0.0011350381025038777
6,6,6,0.5,0.5,200,0.8695650300798482,0.0002051653299602625,0.010559342256888274,0.00047397606120157406,0.8011809416066867,0.00038008471335309034,0.007391037067822466,1.8673461851066494e-05,0.5306413743691436,0.003993074711629783,8.43788066194793,0.012242972485054637,16.63010635391839,0.0512678198153363,1.7411737323639291,0.0009033922439301584,3.594098936706423,0.0016116933482155909
6,6,6,0.5,0.6,200,0.8622176987626549,0.00024055313529152878,0.0032120109396949537,0.0005088752751012922,0.7878381014206544,0.00045069083869382984,0.008080104343589235,2.5542001523357877e-05,0.5285313647814397,0.004063211269201627,8.678849440465985,0.012793423363179523,15.641854098185995,0.05041986091452346,1.7139788321424794,0.0010086616920241271,3.576213808854957,0.0019483742404570036
6,6,6,0.5,0.7,200,0.8475441350238664,0.000503800316450559,-0.011461552799093397,0.00065311214450158,0.763726204682994,0.0008571932469775453,0.00957877918827558,6.259985664222322e-05,0.5361833838377899,0.003820022972287376,9.015974381155859,0.01529468005037057,14.87981767884442,0.0443588465148207,1.680063339208456,0.0009654619032377352,3.520098699286219,0.0035397529990267777
6,6,6,0.5,0.8,200,0.8202441405742675,0.0009903932650338412,-0.03876154724869234,0.0010932761354770862,0.7223532119323381,0.0014806948837721913,0.013092574084626283,0.00017008477605583063,0.5241008154598262,0.0040168382664268094,9.476338364878854,0.01654622536470556,14.096894632750079,0.03498151719766754,1.632180835228288,0.0009776877155195536,3.4004803157947014,0.006070158565403709
6,6,6,0.5,0.9,200,0.7734676339726281,0.0015066361764281505,-0.08553805385033161,0.001584639629684249,0.6608319994425423,0.0019227425977332046,0.02049747235131808,0.0003400811135151109,0.5135908842079064,0.003701903711089443,9.938700772126541,0.017814941228449545,12.945060930280023,0.029022345488518918,1.561411963606743,0.0014028425403318037,3.184248895783776,0.008602275002356689
6,6,6,0.5,1.0,200,0.7019772594725912,0.0017403386711662282,-0.15702842835036868,0.0018084750514183838,0.579499804366355,0.0019494842053269573,0.034899671110270356,0.0005539460875271788,0.4791996925013262,0.004170364383030194,10.585286642432038,0.01597733011834193,11.44608375287591,0.036364059676055716,1.4484633242760458,0.002392361313640982,2.8585637032817606,0.009419654660966609
6,6,6,0.5,1.1,200,0.6320667052788567,0.001779214590452344,-0.22693898254410313,0.0018424133567610597,0.5060908777187738,0.0018588664822272913,0.054406905489064086,0.0007752405913258911,0.46672310395993194,0.004210483318991932,11.158645432551179,0.012709324741688876,9.459924336983944,0.031780388543840486,1.3043919017271823,0.002353499590970658,2.5736943840034794,0.010130766159127775
6,6,6,0.5,1.2,200,0.5807587493711989,0.0016884845183704718,-0.278246938451761,0.001698235062456707,0.4561251482317709,0.0016924160008087896,0.07371875817827173,0.0009654570548433063,0.4612535799586361,0.0042139094707350135,11.497634372360253,0.01049577844713866,7.847983350112044,0.02170528306141993,1.1910294745689258,0.002272509520943253,2.3722535182615405,0.010340735278360252
6,6,6,0.5,1.3,200,0.5454950670313992,0.001728797504126585,-0.3135106207915607,0.0017505104482075232,0.42232615475044966,0.0016353098674836873,0.0910065477300157,0.001151653067542204,0.4375168251079425,0.004037364194222456,11.690726608785349,0.011800931197070971,7.007153467312175,0.018047373125807575,1.1340071865122303,0.0022979909911092053,2.212913195023902,0.01030381243646593
6,6,6,0.5,1.4,200,0.5060829068793606,0.0018878182699174793,-0.3529227809435993,0.0019450770213695551,0.386511266174743,0.0017325892659924914,0.1144054773848557,0.0014906011834486762,0.4300698061853511,0.003811646604561554,11.910720099400717,0.012826883801346178,6.321849683641713,0.018308357535268126,1.076728249761556,0.002696775058583795,2.0283762656640376,0.010623653874797323
6,6,6,0.5,1.5,200,0.46739293894893646,0.0018921287847233979,-0.3916127488740233,0.0019322560906897212,0.3540840343938505,0.001745153217326138,0.1398546496350473,0.0016290166129618823,0.42260003978457533,0.004178251563203516,12.16267952961707,0.013189427361493661,5.689951179891169,0.020094895251376248,1.0139238744049905,0.003024425370270261,1.8537958321496146,0.010121737639391146
6,6,6,0.5,1.6,200,0.4272208022942054,0.001618767424754862,-0.4317848855287544,0.0016809293107070099,0.32155574872013615,0.0015163718686322363,0.167531889406255,0.0017019552223672605,0.4189159191530799,0.004174268185416938,12.430634945909587,0.012269314555829884,5.019636087056618,0.020208513003281137,0.9359452167412163,0.003047741659799808,1.6852957385548835,0.008322110144471291
6,6,6,0.5,1.7,200,0.391670866875048,0.001418410997198793,-0.4673348209479118,0.0014993240876563973,0.29268232126492966,0.001359432770588735,0.19703696378711755,0.0017529406265525498,0.41555535846796965,0.0042819174056062306,12.694502453382416,0.011090211286064026,4.357162989016023,0.018495242495464033,0.8552388399086271,0.003447943580103404,1.547883179749467,0.007261970882692311
6,6,6,0.5,1.8,200,0.35967143934796925,0.0012390840549647765,-0.4993342484749905,0.0013783783945748283,0.2664647881426532,0.0012236185259983088,0.22620502503253148,0.0017617741090506526,0.41268332541851455,0.0043486866156458425,12.960035224487756,0.009110724253367638,3.7213441991409546,0.015960811598143804,0.7752188990199432,0.0034796991368872803,1.4315685565682919,0.0065463746675934065
6,6,6,0.5,1.9,200,0.3312251606096192,0.001086153215400314,-0.5277805272133407,0.0011993666120278424,0.2431174173220002,0.0010883177693579587,0.2552155917486967,0.001662224473340164,0.41221324430853784,0.004288453491142119,13.175441983740575,0.007870465645796312,3.204890028436283,0.015043728954451495,0.709924297559847,0.0033211308824181406,1.3223291689194425,0.006138371236122169
6,6,6,0.5,2.0,200,0.3082040280200245,0.0010892603076116643,-0.5508016598029354,0.0012062048790280541,0.22460759761597607,0.0011172786690048814,0.2813586994821551,0.0019031983209080333,0.4041644571694206,0.004346550587561383,13.327453251308178,0.0061083496408102025,2.808676042142173,0.012776298713447262,0.6577558306550069,0.00310530248197485,1.2332499829546277,0.006547450683788753
6,6,6,1.0,0.0,200,0.8464041936969312,0.000909105286183907,0.0,0.0,0.7792244467413755,0.0011217136341720444,0.008740172143600991,6.746247482624306e-05,0.40754754036982754,0.0066064436359973625,8.530516140913933,0.012583403491228436,25.612498558507056,0.1271023080848794,1.8459476452716885,0.0012420339383501433,3.34722020923955,0.005140529505241825
6,6,6,1.0,0.1,200,0.8619709486069208,0.0005560245527715628,0.015566754909989475,0.0006657312295278286,0.7929637280980802,0.0007892622724238135,0.007877568390990655,4.444417220355444e-05,0.48181650122373865,0.004134472712776554,8.522317508088816,0.014054632835995973,25.104782881200684,0.11637936081112153,1.8398789169340513,0.00105551673889553,3.4487997724709936,0.003198771834772929
6,6,6,1.0,0.2,200,0.8727382424101634,0.00034334118705039985,0.026334048713232062,0.0007863539186608495,0.8076230308660061,0.0005462966073172351,0.007112930809622073,2.7103450278245392e-05,0.5234588926160899,0.0040307549641135,8.46060918141618,0.0144749636449803,23.855545155353685,0.11569420682575017,1.8322841520873043,0.00111127727298609,3.5224579671488776,0.002328951813657147
6,6,6,1.0,0.3,200,0.8732861749614229,0.000252970208977226,0.02688198126449148,0.0007995975786487434,0.8081152334470342,0.0004452993976405243,0.007076654947369605,2.1644990973329754e-05,0.5308695570796139,0.0038573875526917573,8.446093981262493,0.01869871589831269,21.923024472457893,0.13002657931707284,1.8129773080064653,0.001335032386643997,3.545126686953905,0.0022962514069764903
6,6,6,1.0,0.4,200,0.8694391590399791,0.0003103648762142445,0.023034965343047976,0.0008185407361111316,0.8012888116218762,0.0005554361301227157,0.007401930366170485,2.85095588853348e-05,0.5303829378356035,0.004246010794680308,8.529701227936561,0.02203372398882098,20.399621113609427,0.1332778914292641,1.793571158375022,0.001393899049198744,3.540929220762307,0.002881263154773691
6,6,6,1.0,0.5,200,0.8620552416746716,0.0004832697121964576,0.015651047977740376,0.0007842110231099335,0.7879471875379878,0.0008245250361516918,0.008129215301551673,5.189560616195921e-05,0.5305498900928027,0.003941035683866269,8.75703597483842,0.023508812060299734,19.17727297774981,0.13690371088117814,1.7691982637059158,0.0015080567961332572,3.5199976112861826,0.004059863051852101
6,6,6,1.0,0.6,200,0.8471749310362674,0.0008493968570606775,0.0007707373393361676,0.0009093594321671608,0.7633517590740211,0.001324280648715015,0.009800194451226756,0.0001186761106920347,0.5275076123067898,0.004382186516351052,9.033986859922932,0.02407143474390268,17.860374166885713,0.12998290874282922,1.7358361241265492,0.0015021728679684117,3.4620606393441666,0.006022393535626523
6,6,6,1.0,0.7,200,0.8209181243354798,0.0015465497607944545,-0.025486069361451383,0.0014020995836022151,0.7245954420048628,0.0021005122789815073,0.013321730344047593,0.0002691996173778023,0.5276645721088369,0.0038546854195088773,9.412349174458098,0.027832919846004563,16.497941933677065,0.10664115295266147,1.6861056345392926,0.0014306805719039525,3.350690787586151,0.009646408486856094
6,6,6,1.0,0.8,200,0.7846632116473908,0.0019713942081767072,-0.06174098204954035,0.0017712482460296116,0.6761085710815218,0.0024550780637123937,0.01867780172224842,0.00038242121492233826,0.5121873267252434,0.0037661893710970477,9.81498784968481,0.026597417727789174,15.065159059479456,0.07780323918528165,1.6270347605227522,0.0015454075642653707,3.187317292184419,0.011782360501794813
6,6,6,1.0,0.9,200,0.7277314997978719,0.0023631862253322496,-0.11867269389905927,0.0021461798028546914,0.6084351155143526,0.002675751571588236,0.029615050957272064,0.0005923850509718355,0.49876405364007126,0.003666915328714961,10.330106581980058,0.027060946792189653,13.466342180345505,0.061276566084254656,1.5427159136264978,0.0019907872626544775,2.922327926667583,0.013586817108653164
6,6,6,1.0,1.0,200,0.6588549050856776,0.0024709347278723333,-0.18754928861125364,0.0022779911963787085,0.5341199895560509,0.002482996653933117,0.0473713806590442,0.0008566743865459257,0.47255146402312,0.0043316745416891915,10.814394265955269,0.02634057638852516,11.69464576161811,0.05485507787197477,1.4400812015574187,0.002288162101580603,2.6023658224032555,0.014153251526974352
6,6,6,1.0,1.1,200,0.5875781920545411,0.002339412620167923,-0.25882600164239017,0.0021203264552388528,0.46351980362428363,0.002250197511579234,0.07318453326459486,0.0011676995593183966,0.45993352167885165,0.004124238915315774,11.289542439609825,0.022918161850580154,9.787818355946515,0.04631234182464527,1.3160191657797684,0.0025015324908222634,2.289104960155356,0.013503023951775172
6,6,6,1.0,1.2,200,0.5275643310848054,0.002570019422030794,-0.31883986261212577,0.0022938378428947305,0.40903196715922374,0.002467205866553205,0.10150224096696267,0.0017269467685295146,0.4383514597632565,0.003941018552375748,11.671639656300936,0.017149426555973988,8.065757549333522,0.03971417353894458,1.1964132687969156,0.003294908343500127,2.040491918794039,0.014404074773427637
6,6,6,1.0,1.3,200,0.48094850535113465,0.0027249200659073183,-0.3654556883457966,0.0024645945831595073,0.3674408069098558,0.0024715266647665677,0.12976754562430354,0.0020478190672805624,0.4152448584225176,0.004272258537125707,11.905021584020307,0.015637580858354684,6.884825210379334,0.032651180303639726,1.107810638616928,0.003481212325100415,1.8430801252337314,0.014748865547484048
6,6,6,1.0,1.4,200,0.44445187577490425,0.0027429953075650635,-0.40195231792202696,0.0024998117866305626,0.33552737352613904,0.002396887271544359,0.15837263364159018,0.002428207001449391,0.42034449039574967,0.004088545756739487,12.081589915289277,0.01535074707808735,6.042341500438575,0.032080683742301656,1.0386681771745112,0.0039338505323242125,1.6882951476054133,0.014156301733694749
6,6,6,1.0,1.5,200,0.4109195927084406,0.002615339818193681,-0.4354846009884906,0.002424272970202729,0.3062934552117771,0.0021882023139709484,0.1874468013899014,0.002659418519765492,0.41426449842186885,0.0036893256794996577,12.23920303923451,0.014472135930086588,5.379650724611765,0.031209584737607335,0.9800250205039712,0.004049671182812748,1.5411988055755443,0.013217635788222094
6,6,6,1.0,1.6,200,0.3819857219526287,0.0025636502396417194,-0.4644184717443025,0.0024301028165225184,0.2831138941050518,0.0021375255852506313,0.21410493386258764,0.0029119593137026736,0.42058548401070117,0.003930687949624395,12.416008771823886,0.013650917832468171,4.810071599566362,0.028137011907366612,0.9222588596186205,0.003956830404051649,1.4214393248884392,0.013023731716373612
6,6,6,1.0,1.7,200,0.35741712520752555,0.00240312687809036,-0.48898706848940565,0.002312121894058719,0.2628112088542192,0.002017319339476566,0.23988159348112148,0.003013609390432386,0.40472640384508735,0.004292621630308398,12.595891736410335,0.012671665698196883,4.312734963081434,0.02534047068684328,0.8676804362512356,0.0036827474763757415,1.3252755286434243,0.01218731370748073
6,6,6,1.0,1.8,200,0.3338623000992088,0.0020883421619432244,-0.5125418935977224,0.002080071246916604,0.2435356498153935,0.001796264658448069,0.26596747945047317,0.002943127793187645,0.407733991155294,0.004129351310980698,12.77519425702952,0.012529593057219951,3.8311972159474044,0.02247397453914217,0.81269441111478,0.003394733988609065,1.2357393958297211,0.010954146531224689
6,6,6,1.0,1.9,200,0.31260942607842807,0.0018041390663820554,-0.5337947676185031,0.0018495641780118136,0.2266018414656947,0.0015901669315562476,0.2900155283980469,0.0029241962767137127,0.40908272288296643,0.004286596236512927,12.949507222649167,0.011497491798612404,3.412846801105537,0.019883155382016036,0.7591345193175062,0.0030171191932977814,1.1589008999505095,0.010088300004468722
6,6,6,1.0,2.0,200,0.2941376983071056,0.0016286963319715215,-0.5522664953898255,0.0016669004414970516,0.2119046556506447,0.0014857769363131688,0.3135340867987296,0.0029136318310381886,0.4013570051397643,0.0039402116905031155,13.08845795678095,0.011096895863467883,3.053949661440539,0.017573994595326315,0.7134933435012172,0.0028432031237460957,1.0912075913754529,0.009385531282604566
6,6,6,1.5,0.0,200,0.8176299247861957,0.0019598367875980453,0.0,0.0,0.7442170050635238,0.002412908859631659,0.011273699357850452,0.00020002879967921566,0.403581735925287,0.006865429164939234,8.272088405883775,0.017749406907734862,23.02220002214727,0.15857610607261227,1.8095239443956288,0.002084083021976486,3.2070975160203568,0.010548439648370643
6,6,6,1.5,0.1,200,0.8381944668524681,0.0017340147646431464,0.02056454206627242,0.00096354008572021,0.7629127765256202,0.0021866573109737067,0.009891425736903537,0.00016625961638530514,0.4624473776142412,0.004090828308966531,8.322452791898753,0.0187578385591346,23.370029438707952,0.1579974636835205,1.8158021175333903,0.0017257967280947385,3.3269944251855903,0.009488988967478467
6,6,6,1.5,0.2,200,0.8554820964622215,0.001365844344194588,0.03785217167602577,0.001307049259093721,0.782791627011988,0.0018925924192917142,0.00860164985872642,0.00012848409194579717,0.5161753915933647,0.004279656393976013,8.340544355784603,0.02004614792931944,23.254583140379363,0.17126073903767391,1.8178350413331674,0.0017225586924216277,3.4310308746694402,0.007498914894123795
6,6,6,1.5,0.3,200,0.8581890399792297,0.0012251466648473114,0.04055911519303385,0.0014025138017678828,0.7851980426614764,0.001784946174767131,0.008422714257125883,0.00012056224300458552,0.5214721289172928,0.0036742888150670524,8.457571400962594,0.022970786538091762,22.86671746326375,0.17529706550755153,1.8111921050401194,0.0016661643438018801,3.4542824385675845,0.007281443271611079
6,6,6,1.5,0.4,200,0.8525574661546901,0.0013842886459212928,0.03492754136849429,0.001492104690288214,0.7752534134348888,0.002000507101124207,0.009093218833319148,0.00016750257601582354,0.5274472822613898,0.003788281671398819,8.624769362285853,0.027532849400158394,22.1261068188783,0.1932212609373896,1.7977499841404323,0.0015562008970487573,3.433171672827892,0.008664674217849043
6,6,6,1.5,0.5,200,0.8384456092491483,0.0017282835942306826,0.020815684462952486,0.001532442802023269,0.7528930683261489,0.002422930367672637,0.010793053006668451,0.00022952261019595528,0.518780067808107,0.004089936361134183,8.931647368291458,0.03161729362424229,21.203320063002046,0.19745462242892384,1.7733659410220028,0.0016668127651782326,3.37097150216871,0.010933179762578548
6,6,6,1.5,0.6,200,0.813285528770134,0.0022711324118956542,-0.004344396016061503,0.0017652804845131168,0.7169830065610907,0.0029246809107796807,0.014518624466115399,0.0003834855576905858,0.5157135299538009,0.00436245519287118,9.329098774568287,0.03571629678873475,20.069311196444357,0.18031323852230388,1.7358691176264234,0.0016753331013040947,3.2540970191204597,0.013765222823414303
6,6,6,1.5,0.7,200,0.7732638561353719,0.0029808615717098917,-0.04436606865082382,0.002390578736499206,0.6648450298720533,0.003555744618858029,0.02152179174723044,0.0006079691209607265,0.5122935708485001,0.004194242324655912,9.779692985815778,0.03994253727956728,18.62219465728145,0.1734550190794917,1.6774827158546528,0.0018139785712343196,3.066927851392015,0.017809667588698577
6,6,6,1.5,0.8,200,0.7222586605236407,0.0037578671831688735,-0.09537126426255498,0.00300988814831711,0.604207173872527,0.004107536624270773,0.03270214571086159,0.0009898136287227295,0.49240210773586496,0.004508068547166408,10.307208343616807,0.04658879870599804,16.90495109237907,0.14688355622560104,1.602223329924448,0.00274231466209108,2.8292415498641263,0.02120127247871768
6,6,6,1.5,0.9,200,0.6603605567665999,0.0041120945406700965,-0.15726936801959587,0.0034125372269129656,0.5381135491210535,0.004189093258917276,0.050543748129133245,0.0014976502146542738,0.4740206613940665,0.00436304852559589,10.828808522979248,0.04958349300836063,14.863014739535338,0.11396839747622645,1.5014481058247027,0.004035300419535769,2.5502369417276367,0.022145124589702008
6,6,6,1.5,1.0,200,0.5955782584580415,0.0041016355245637095,-0.2220516663281542,0.003517364436820218,0.4734139005054564,0.003940114394987813,0.07354332024135354,0.0019264341052948955,0.4544170445118978,0.004199043117535002,11.34074391610456,0.04866887929988386,12.844355693782195,0.09856583329237785,1.3926083950325696,0.004447638147618136,2.261600657454195,0.021622040081343937
6,6,6,1.5,1.1,200,0.52752720479712,0.003755165952563333,-0.2901027199890757,0.0032638714427981066,0.41073242732402176,0.003502659619454964,0.10464067534629697,0.0022743288286891394,0.4350531716534141,0.004223099257250376,11.857179055916559,0.04864564055294505,10.833653848647696,0.08918267360272471,1.2697519173752745,0.004736409047001713,1.9669254794684212,0.019400699726218773
6,6,6,1.5,1.2,200,0.4684426614296727,0.003477051499498735,-0.349187263356523,0.002999294641610824,0.3585049424174207,0.0031615241075741997,0.1386088414406536,0.002663544548459442,0.42357755832409694,0.004304117739153604,12.303097069664018,0.045907337903322944,8.93953459203579,0.07968831814532466,1.1461385312319161,0.0048331319887370645,1.7280218157208733,0.017709975930395687
6,6,6,1.5,1.3,200,0.42621446465077056,0.0034682346738628923,-0.3914154601354252,0.0027891777810366896,0.32186113917441483,0.0030007092378293646,0.17040137029268243,0.00296184511339387,0.4224173174099695,0.0042448182056697955,12.599223637972193,0.044952337361991064,7.483492755616928,0.06496618213774319,1.0431262111673105,0.0051703739576158605,1.5719402942151555,0.017347868538821674
6,6,6,1.5,1.4,200,0.39445187452211583,0.0033117828492631785,-0.42317805026407984,0.0027215788241079873,0.2956673939925109,0.0028261852516409166,0.198589089142747,0.0032521410031409216,0.4091173141893138,0.0044787853773404565,12.753986438573383,0.04414250831946946,6.324714943908732,0.05248938523456213,0.9611228421410027,0.005480449587467576,1.459062230398271,0.0159500371414551
6,6,6,1.5,1.5,200,0.36734071316023337,0.003040541998303478,-0.45028921162596236,0.002482588850729158,0.27323208984240316,0.0025421458917313303,0.22601691469248458,0.0033068297437605114,0.41314332066180454,0.0037443803737579554,12.829388884895057,0.042738451769885034,5.480255817266445,0.045829227926625984,0.8989802303762586,0.00560461585983502,1.3548625523545967,0.014134255337528509
6,6,6,1.5,1.6,200,0.343836576748599,0.002871853072493706,-0.4737933480375966,0.002377890200096445,0.2536496091317061,0.0023841899826023156,0.25371996002614494,0.0034537664985810836,0.41040904381644283,0.003915426867179246,12.933147886212215,0.04163812152708033,4.818681010301366,0.040414308683697504,0.8443844724827695,0.005480944294894335,1.2652471560856668,0.01334489133431726
6,6,6,1.5,1.7,200,0.32536991935795123,0.0027227679869517825,-0.4922600054282445,0.0023317081322633414,0.23883734050049651,0.0022294370140102876,0.2765619674875641,0.0035308859088757144,0.4033155948314461,0.003864205775570698,13.00845590119747,0.03729468265267313,4.249622252128231,0.03363416500369006,0.7989949907776475,0.005350984625645374,1.1973332630490947,0.012815357459901146
6,6,6,1.5,1.8,200,0.30702879504368974,0.0024425004592327714,-0.510601129742506,0.002260221334286963,0.22365787790884079,0.0020317736395440264,0.2998592174660426,0.003422936368868695,0.40357601907479973,0.004324851960637066,13.106670404382466,0.03442992775408339,3.799374998848689,0.029774033192026133,0.7559377369165523,0.004896208965955577,1.1278573585046416,0.011701365036089156
6,6,6,1.5,1.9,200,0.29017561792204427,0.0021724622304176086,-0.5274543068641514,0.0020834582398381162,0.2097447962987275,0.0018118645066001495,0.3227880548607656,0.0034093319493067892,0.4014704850892386,0.004376891444610449,13.17909918771415,0.03162941260368263,3.3962214009241065,0.02744184306566763,0.7149922809685013,0.004452374332533678,1.0653990526019426,0.010792895796484665
6,6,6,1.5,2.0,200,0.27400025669910005,0.0019518939738279977,-0.5436296680870956,0.002012954997335782,0.19648646036917253,0.0016589576652656058,0.34645825084941967,0.0033796277734612,0.40256072554055594,0.004339657120052154,13.259442136578272,0.02890429377628489,3.0473824679392383,0.025226994797885746,0.6780512405659365,0.004076494459689172,1.0030951145844462,0.010105112542875086
6,6,6,2.0,0.0,200,0.7806499520299133,0.0030214760214431935,0.0,0.0,0.6997581112633103,0.0036243460950682355,0.01562433256946948,0.00041351139923244136,0.40541754366346716,0.0064105491290610715,8.008518156254741,0.02342501290919035,20.543344196486103,0.2083192489407952,1.7644430474506634,0.003464089758553379,3.025285390448716,0.01565818444472035
6,6,6,2.0,0.1,200,0.8016125578704626,0.0030383181862407857,0.020962605840549205,0.0012158971974211281,0.7187073178658189,0.00364031514669882,0.013820851281249245,0.0003786900432368098,0.44516352957159483,0.004404992786431133,8.05658257227174,0.02498337365400269,21.017258450771486,0.21118951095247032,1.7753599115990533,0.0032153000230045496,3.142985954721185,0.015998994786916708
6,6,6,2.0,0.2,200,0.8185935333621682,0.0029523053181975496,0.03794358133225486,0.0018105646617268517,0.7350323358365014,0.003640196859828612,0.012560096079577627,0.000372122764475133,0.4893329154993849,0.0044110565830760805,8.145271167440308,0.0263004440728526,21.539843449328828,0.21799613625629774,1.7822674704789947,0.00307649240790594,3.2402662728844724,0.01569007943791252
6,6,6,2.0,0.3,200,0.8218278270639405,0.003020556343181793,0.041177875034027214,0.0019753127732545623,0.7368510841955068,0.0038727655029871253,0.012458466527346567,0.0003782098304855314,0.501525045489825,0.004640540628609878,8.326315172349352,0.029305454631310394,21.829176014566464,0.24274328472610004,1.7829430511584865,0.0029767476344183374,3.259434911089022,0.016505189975531166
6,6,6,2.0,0.4,200,0.8134323504549615,0.003104720229521979,0.03278239842504826,0.002220727656357194,0.7240614901451263,0.0038877777472039773,0.013816368173010159,0.00044163443839696624,0.5103342513103952,0.004554374014700596,8.580165241868027,0.03574093892744209,21.721680612579203,0.2447897426580276,1.7707272834379615,0.0027483874481199016,3.2201396872835972,0.01738874591081991
6,6,6,2.0,0.5,200,0.7933242222043172,0.003607492464268557,0.012674270174403838,0.002491189470700688,0.6968387532352304,0.004400649265445202,0.01734015414770793,0.0006240777139188696,0.5130188883259618,0.004357027976257399,8.964248086619786,0.039397012416058114,21.60248307031385,0.24167115189881086,1.7475854569677762,0.002997657504419522,3.11990678803376,0.02029207551930489
6,6,6,2.0,0.6,200,0.7623010207164238,0.004064590970844856,-0.018348931313489424,0.00301460980764916,0.6571280472807385,0.004680453696728882,0.023412715634767406,0.0008552656459772245,0.5002597876641667,0.0045768469349981135,9.408581438373641,0.04641237364496699,20.577770540622772,0.2217518798760039,1.7048449367887037,0.0032742701203477046,2.97230244235476,0.022640328265164083
6,6,6,2.0,0.7,200,0.7130811708670447,0.0045817043875124855,-0.06756878116286849,0.003441534412279876,0.5995061233685872,0.004971248421956137,0.03560812932419123,0.001250177189333523,0.496511444671215,0.0044254857965721865,9.892584825235012,0.051714518622329626,18.794742345390386,0.2021145450645502,1.6344832060448735,0.0038916139097298864,2.740672590418425,0.02522988666497097
6,6,6,2.0,0.8,200,0.6563653735516946,0.005116230496432966,-0.12428457847821876,0.003849788027677807,0.5376885127392684,0.005247016201932693,0.05315223769987074,0.0017425140670601863,0.4736842297831451,0.004681278585407614,10.450926888235871,0.05923821820465092,16.86107930510338,0.17727358277777194,1.5416283674623934,0.00493601208421061,2.485543974223134,0.027304065420009235
6,6,6,2.0,0.9,200,0.6006064661749376,0.0051434394266855156,-0.18004348585497557,0.004191658607799222,0.4810546179843875,0.004960720692777986,0.07390817080435673,0.002235240579906961,0.4552309272877198,0.004640546831979285,10.962205979030946,0.06179149847399142,14.89221535935754,0.1357207340506489,1.4422485893825416,0.005915587363789271,2.2428113578370783,0.02638020454945021
6,6,6,2.0,1.0,200,0.5390769574981833,0.004731672725350307,-0.24157299453173003,0.004076061580227518,0.4225374464783593,0.004372373165624067,0.101599322719524,0.002618421706483768,0.4378345412031397,0.00391362125620317,11.549062986316095,0.06357234476009244,12.956924006048498,0.11184777170404105,1.3297522852245174,0.006029306410448083,1.9777893687924983,0.023850371027235463
6,6,6,2.0,1.1,200,0.4851951407113075,0.004473616090030495,-0.29545481131860574,0.004065617797650689,0.37445820654087797,0.004039870276418654,0.13115251038367748,0.0030905438357316834,0.4276537848738466,0.0041159170495288005,12.067055464570833,0.0659586992261397,10.984999979776466,0.09935312153268334,1.2187470576845263,0.006818159893362591,1.7581992129872361,0.021661813736765213
6,6,6,2.0,1.2,200,0.43451440486436765,0.0038631180820877103,-0.3461355471655457,0.0036862218823478636,0.3298918735374015,0.003408662782821328,0.16473880986535008,0.003297654928033275,0.4184105280829422,0.0037706880307569715,12.548535234866318,0.0643947687176592,9.319669533368945,0.08748704412672141,1.1090060568189413,0.006431496943081422,1.5569852703361489,0.018735792560509917
6,6,6,2.0,1.3,200,0.39481747723727606,0.0035522016282366047,-0.38583247479263716,0.0033601027824297523,0.296714129185246,0.003035480964427573,0.1973676144523688,0.003504395456060534,0.41586242673155377,0.003977540122083864,12.987692616372314,0.06124865593592728,8.01516437559892,0.07977598184842451,1.0072696890006378,0.006315183246128851,1.4151585627218572,0.01699561580320998
6,6,6,2.0,1.4,200,0.3637273389372248,0.003191149351229705,-0.4169226130926884,0.0030869085756168708,0.27080952269957737,0.002709450429872539,0.22751181471497897,0.003483998132835828,0.4116717513314345,0.004155529348154904,13.275013785782413,0.06097436091395403,6.868838771826697,0.07424000003745461,0.9207508404770383,0.006077833195982982,1.3109218502327866,0.0151803388073431
6,6,6,2.0,1.5,200,0.3391296278454918,0.0031698875319924307,-0.44152032418442144,0.002930120123967227,0.25045277113566955,0.0026665096806651953,0.25611868657774023,0.0037360457329494085,0.4110543174917842,0.004052663489332668,13.461601755280377,0.06193788101493185,5.973560812989897,0.06295520467870921,0.8494786378105923,0.006297129180757181,1.2312732003238234,0.014780956461132437
6,6,6,2.0,1.6,200,0.31882159776166213,0.0030504098082548394,-0.4618283542682512,0.002990670107217533,0.23398348956642948,0.002564374829621347,0.2818342302510299,0.003915535540041816,0.3957631159384408,0.003992871520053791,13.594691445905035,0.06148369453480247,5.249295708768131,0.05874019160245115,0.7933192149556675,0.006663868438336831,1.1628313867893711,0.013864842793421582
6,6,6,2.0,1.7,200,0.3009292555479259,0.0027491758713496894,-0.4797206964819874,0.00291362497233627,0.21971511711212657,0.002255675944387449,0.30447272227069905,0.003863798107575341,0.4113186290777317,0.004298030703251437,13.731057172223077,0.06189904644213187,4.684862340756731,0.05290568159036711,0.7472211704795612,0.006445219135603992,1.0991498045596573,0.012490410555975773
6,6,6,2.0,1.8,200,0.28578452111289115,0.002584004298476643,-0.4948654309170222,0.002801639741441364,0.20766983740040637,0.002118936084961318,0.3253917707977332,0.0038345116123249126,0.40242944116478485,0.0039269684422737995,13.81349242598531,0.05785406401930577,4.184407596000451,0.046680728905882,0.7063704527548955,0.006353413885316441,1.0470790213999672,0.01180358843159972
6,6,6,2.0,1.9,200,0.2715371012483218,0.002372697614638473,-0.5091128507815915,0.002725430083990423,0.19616078825111002,0.0019466456396485196,0.3460771599143551,0.0037928898199629866,0.40438925493578265,0.0041898299782792735,13.902494761319804,0.056588802970082265,3.7711499688985963,0.04786139666107207,0.66812106308533,0.006123733448352779,0.9979124419599806,0.011128010955994158
6,6,6,2.0,2.0,200,0.25706378038035793,0.0022999998008862,-0.5235861716495553,0.0026627782962223337,0.18435185239949484,0.001952267924224107,0.36950340832515893,0.004008983494499509,0.4015125045918815,0.004479170791705057,14.00407314184535,0.05526846110424233,3.323379343212878,0.03728345939865148,0.6275022999403368,0.005468110255506786,0.949729205730134,0.011237133567820341
6,6,6,2.5,0.0,200,0.737388034391057,0.004280498716750231,0.0,0.0,0.6502807905805069,0.004945117341383693,0.022717829701959475,0.0008189581961152319,0.40001400366323475,0.006260252454062068,7.797178467493286,0.028382931979885735,18.36124994605672,0.23648656543665889,1.7108780883184067,0.005052370559707631,2.813414046595136,0.02179844068124395
6,6,6,2.5,0.1,200,0.7563376744775359,0.004280971312233192,0.01894964008647872,0.0012885905849100644,0.6668717202964263,0.004891461862634289,0.020357921059902372,0.0007197337402060508,0.4258815979747872,0.004351248196114997,7.85954478669344,0.0300319457853871,19.092817300963716,0.26001843982500233,1.7281163689374264,0.004904116094362275,2.91244251238935,0.02195090753628915
6,6,6,2.5,0.2,200,0.7687153346416804,0.004572444584008202,0.031327300250623386,0.00206273105604461,0.677205160250102,0.0053351226175470355,0.019668348775266215,0.000750071318269148,0.4537763634110199,0.004462483313841093,7.982256728168056,0.03166214230990487,19.608151619629375,0.2602515670955625,1.7330155295922538,0.00496243376085736,2.98348728887139,0.023695060516475745
6,6,6,2.5,0.3,200,0.7707898986831665,0.00470394567845466,0.03340186429210965,0.002595904312209212,0.6764953048638722,0.005498665394045269,0.01995694472508608,0.0008202047261317466,0.482409538971703,0.0049191752643996025,8.182957334710164,0.03621069362041494,20.082567115934886,0.27840928104474916,1.7334757001733099,0.005037291435244178,2.9957557405875788,0.024614544267254006
6,6,6,2.5,0.4,200,0.7601042066111114,0.004900798368809684,0.022716172220054353,0.0028081334316531277,0.6620334177055812,0.005671982039468378,0.022662822806001896,0.0009379929684986486,0.49013389800911594,0.004295587382939776,8.46963670688606,0.040367943410219834,20.3615573496344,0.2854389395414155,1.7214297745434868,0.005029769706928648,2.942238909103188,0.025836108454219436
6,6,6,2.5,0.5,200,0.7387401804299278,0.0051152654248136815,0.0013521460388709703,0.0032853263031764057,0.634783727106956,0.005759554806463163,0.02736488211599978,0.0011030945384460623,0.48702823165309295,0.0044636549459163965,8.865978662024798,0.04928457448092026,20.528173688981123,0.2982633793140045,1.697663430479365,0.005055489870713183,2.8349248841978905,0.027216979128132875
6,6,6,2.5,0.6,200,0.7044236339328108,0.005513687075144787,-0.032964400458246154,0.0037202529214455213,0.594817312823344,0.005961696853815175,0.03702908362299487,0.0014923195076641557,0.4858350691804172,0.00452351649863498,9.348992103738107,0.05429708075104398,19.993794496176697,0.26361949255094447,1.6528779679861056,0.005495467111668792,2.6691589488202636,0.029238733855548624
6,6,6,2.5,0.7,200,0.6540925436792275,0.0057440235556944505,-0.08329549071182943,0.003958883136316116,0.5397765993964541,0.005908334757747075,0.05358333311491489,0.001969479646851785,0.47064934828365396,0.004579943788884547,9.865831468859488,0.054136836568712064,18.80127437989022,0.2352440087374612,1.58010996621987,0.006074162423187341,2.4331172802967473,0.030091131556332383
6,6,6,2.5,0.8,200,0.6005694282134718,0.005812318155900877,-0.13681860617758512,0.004107914683745302,0.48444079559836695,0.005654362446364425,0.07574704935129285,0.0023772758721632118,0.4567637510537301,0.004269887730411284,10.472259788798675,0.0574215017669445,16.967420158040603,0.20803390964956994,1.4843652345801468,0.006634623011824369,2.2004674638234656,0.030096132425281412
6,6,6,2.5,0.9,200,0.5481608321762859,0.005685111292407609,-0.18922720221477107,0.004283555961609188,0.432555235051033,0.00530863032620461,0.10083738483096599,0.0030009349297351155,0.43657784687326456,0.004079379056924057,10.946409294333707,0.06078264407222808,14.733999893660016,0.16685115570897843,1.3786211343380261,0.007501276803384588,1.9846552222289426,0.028382337025421953
6,6,6,2.5,1.0,200,0.49436404662581024,0.00529383822835524,-0.2430239877652467,0.004436413884533183,0.38249606733675134,0.004828082426388397,0.13119617111963092,0.0034648473972162517,0.4337527988060679,0.003973507726649629,11.47398126857869,0.06907752301703575,12.440384449217339,0.14478138651926684,1.2673246713421706,0.007891661247032679,1.7658780165482466,0.025607129632690274
6,6,6,2.5,1.1,200,0.4480550178138067,0.004929370314627325,-0.28933301657725025,0.004504818017369504,0.34145854113421215,0.004413943665787987,0.1617202610337248,0.0039020864675937297,0.41986993536388484,0.0036887496139677957,11.980020475658959,0.07113205029664545,10.56629073909662,0.12481482969250493,1.1634712234837903,0.008268992949302357,1.5855994130876052,0.02313927411119111
6,6,6,2.5,1.2,200,0.40617698465815366,0.0041967196775619135,-0.3312110497329032,0.004513390326388436,0.3058275978294732,0.003697111580180329,0.191763558795855,0.003988747903432648,0.4237589933185832,0.0036158142754611254,12.402913422407142,0.07577308045944463,8.888138488610885,0.10451242974562752,1.06523292533098,0.00785473789534623,1.4268923213030342,0.019340428485497465
6,6,6,2.5,1.3,200,0.3733216423830885,0.0037893897697246232,-0.3640663920079685,0.0042976629927451,0.278816265106529,0.003279579277531249,0.22029575092326448,0.004108602412360624,0.412597806248485,0.0044912143929342705,12.800928417657678,0.07349328442758607,7.638893581238014,0.09058099365246014,0.9758586804184626,0.007857449694861778,1.3146804816681876,0.017005318317732887
6,6,6,2.5,1.4,200,0.3441209231930486,0.0034163138065871654,-0.3932671111980083,0.004075178101792185,0.25462977245273366,0.0029060081214395935,0.2501697981058716,0.004038383058853161,0.4088550551111716,0.0039022602455084858,13.187644724407546,0.07187160245637723,6.610778433961325,0.08195114309202603,0.8929780347108048,0.0074203206635853015,1.2183982199191004,0.015416421866016071
6,6,6,2.5,1.5,200,0.3223383789414469,0.0032346739073915763,-0.4150496554496101,0.003960410994098748,0.23719304301706054,0.0027392308881827275,0.2758597232181095,0.004193053931573932,0.4016205391511914,0.004025834596626276,13.479712485125738,0.07201912967441414,5.959416133247732,0.07810499563518629,0.8279398204109859,0.007320818204521132,1.1497882204703571,0.014606030909519636
6,6,6,2.5,1.6,200,0.30314902518625736,0.002965675586453472,-0.4342390092047996,0.0037147755388081375,0.22156586698842345,0.0024913198100948836,0.3000136222079658,0.004129174220029635,0.4068996751053926,0.0038611590088111574,13.654321876509885,0.07033936695925888,5.260773752147823,0.07057190345619382,0.771117112160751,0.007243109440511334,1.088873403537704,0.013457379332014855
6,6,6,2.5,1.7,200,0.28740033606928095,0.0028789077951940274,-0.449987698321776,0.003809250549915188,0.20890173742521953,0.002422267241433297,0.32358279428994474,0.004318228156147347,0.39577803144382884,0.004114769659616988,13.82659947991519,0.06985908039125598,4.686171221062751,0.06316172492005877,0.722941666398999,0.007381203606627528,1.0404217452727744,0.013043944857498999
6,6,6,2.5,1.8,200,0.272152147293842,0.0028134774932888,-0.4652358870972149,0.0037645477156131816,0.1963150301943013,0.002357659644467889,0.3467587571736292,0.0045582540870754895,0.3980087140980491,0.0038655406432380724,13.990631744271754,0.0696993445388578,4.1970705246423226,0.05215645272247121,0.6774894072784164,0.00727007608470131,0.9923177526901873,0.012731490489445624
6,6,6,2.5,1.9,200,0.2588158974129558,0.002612144196938835,-0.4785721369781012,0.003669177122771049,0.1855590081553958,0.002203765072988349,0.3681271253044737,0.004499484178367814,0.40146057604810353,0.0037407296513237735,14.110699728969326,0.06871356966239804,3.7577385327785136,0.044647738601903,0.6376088376435566,0.0068581321260202995,0.9503728957771881,0.012395489594970001
6,6,6,2.5,2.0,200,0.24809775435526202,0.0024200480184772316,-0.4892902800357949,0.0037047333775555987,0.17730512950122024,0.002055505098392042,0.3849385861736712,0.00446195222364883,0.4040619624056459,0.0040810363748457375,14.246978795859858,0.06624715255053903,3.473275386702211,0.04918645002446713,0.606678769976285,0.0064061897870561525,0.9155411012020823,0.011718448280842123
6,6,6,3.0,0.0,200,0.6950355097564404,0.005092005033246364,0.0,0.0,0.6033692507846866,0.0057642971807929134,0.03174727552663699,0.0012634723383298115,0.3871430252779709,0.006591287487929075,7.627341766828111,0.0330503837652302,16.642003835539157,0.2635788573533781,1.6581163078437664,0.006410099963502396,2.606319163872948,0.025520942071811086
6,6,6,3.0,0.1,200,0.7115529841176875,0.005366357413382207,0.016517474361247193,0.0018438765318867334,0.6182362815374038,0.006006743445218431,0.02915633343768799,0.0012220987933052065,0.42607034813354083,0.004139864273742436,7.691667226194384,0.033572962188424094,17.42904810025772,0.2810502224211937,1.6759284461558712,0.006471837485100177,2.689851061341055,0.0270528078500319
6,6,6,3.0,0.2,200,0.7188894635908955,0.005707813924534004,0.023853953834455054,0.002594881424064027,0.6223045998424948,0.00636766105830127,0.029388672707755036,0.0012967991120507079,0.4394476079297793,0.004786304904618748,7.811958302921116,0.037500867015314604,17.909718665085425,0.2956163408312047,1.678025603136026,0.0067222434169835555,2.7327673502408563,0.029082318537523126
6,6,6,3.0,0.3,200,0.7176729121663611,0.0058815172058154066,0.02263740240992079,0.0032804752416108747,0.6181172560857189,0.006522831690727321,0.030518141695997553,0.001343236289947429,0.45631514827929076,0.004908805372420371,8.035587659977654,0.04178612761369856,18.256024432595787,0.3151195128694225,1.6739167212454367,0.007069361122173076,2.729412001922877,0.029806436684016214
6,6,6,3.0,0.4,200,0.7034964727307282,0.006285962755028131,0.008460962974287816,0.003657363628794932,0.6006836710128323,0.006855854152628383,0.03505926075731239,0.0016011529855519202,0.45799274955812963,0.004342794688023452,8.338764436398641,0.04665612375605118,18.48984088959638,0.31882974347762316,1.6595336636757567,0.007287376519587751,2.6568145954107405,0.03206965635609278
6,6,6,3.0,0.5,200,0.6829685060876531,0.006289561997773411,-0.012067003668787104,0.0038930459833051876,0.5766726750129806,0.006741029178595914,0.04191979982137479,0.0017686968209665612,0.46653714947622743,0.004809097012132338,8.700271675390175,0.054043031659274994,18.46619462820974,0.3174945629167612,1.6317715175735463,0.007472413681903683,2.5586260700924033,0.03204245931454189
6,6,6,3.0,0.6,200,0.6499537833627368,0.0067037964773943625,-0.04508172639370359,0.004527665903267033,0.5397832478845462,0.006951554460048645,0.05401038120006865,0.0023048127131728205,0.46443203679413486,0.00498707150472656,9.176286208632192,0.059409032307739806,18.131359552223607,0.30649480651534555,1.5846099690185904,0.008384278539897167,2.4032236450075635,0.03370245946224659
6,6,6,3.0,0.7,200,0.6088187462472902,0.006447251644099881,-0.0862167635091501,0.004506304941056353,0.4966555929914851,0.00642208793769564,0.07061288468999341,0.0025885712164346393,0.45069749716528124,0.004566966411064214,9.725934537527108,0.06637694908680399,17.374010545476317,0.2916852970080488,1.5221163729631428,0.008208586862565318,2.2133305515441326,0.0323566058421855
6,6,6,3.0,0.8,200,0.5572344808010691,0.006196446469028368,-0.13780102895537122,0.004593290289906588,0.4442757323979962,0.00593559321436862,0.09660226623351204,0.0031049719623118368,0.44135712247368936,0.004307913828215701,10.287262672267827,0.07122192506725195,15.850381450689438,0.255759580427229,1.427329211445635,0.008224343024929637,1.9916191050575651,0.030937122933120446
6,6,6,3.0,0.9,200,0.5073334087020618,0.0059916670588754314,-0.1877021010543784,0.0047464294456985474,0.39636717116411474,0.005560566473322899,0.12604167479821882,0.0036805224270981536,0.43396226070111615,0.004752027454821514,10.816403182545637,0.07438277919717547,14.061135516027452,0.21848801332330822,1.3221361795200144,0.00872290456361156,1.7906408709851787,0.02929227904546305
6,6,6,3.0,1.0,200,0.4611301993792985,0.005752321505910072,-0.23390531037714177,0.004854954832414318,0.3536523235428221,0.005264993692412942,0.1575879769177725,0.0042876524154088855,0.4252907380686813,0.004277516849513859,11.384109247005473,0.07586535582801118,12.40077757135145,0.18380305629684385,1.2217223357910558,0.009222122560728116,1.6075719257380905,0.027254308692942403
6,6,6,3.0,1.1,200,0.4211922866353636,0.005195227976720082,-0.2738432231210766,0.004876686719475316,0.31838040162503334,0.004674827923826603,0.18774076567753442,0.004531304367314807,0.4207735838117882,0.0040902383994899875,11.881233305072517,0.07903559414043537,10.540209192357725,0.15521539551299748,1.123871274212852,0.009159037252842332,1.460381332061521,0.023913048883855807
6,6,6,3.0,1.2,200,0.38210791986374354,0.0046539014962749215,-0.3129275898926967,0.0048876659290621625,0.2849890126300903,0.004115641891736442,0.22071505754590257,0.0047214296572793205,0.4197815168148391,0.004203605758527594,12.332572028922634,0.07448548859918971,8.873740364478076,0.13188072604851953,1.0249220512982897,0.008955583276594466,1.3195258864219699,0.020978698714455672
6,6,6,3.0,1.3,200,0.3525173874359555,0.004034517028719332,-0.34251812232048473,0.004840689322532185,0.2605242448749615,0.0035316545801480945,0.24723778051166556,0.004670711592052566,0.40383179710960887,0.004126388468796403,12.693572653121159,0.07764069388451411,7.579549496991066,0.11142971530180086,0.9462994833807613,0.008498512057378194,1.2165938224671466,0.017973137355120024
6,6,6,3.0,1.4,200,0.32767843109615863,0.003576417013125477,-0.3673570786602818,0.004625741818977668,0.24086832045606582,0.003088347426197054,0.2737076757264116,0.004611224174024085,0.4079188942686703,0.004059581881484783,13.024162438374518,0.07663630104765713,6.516643156593876,0.08624118322099437,0.8747977675829601,0.007859334549481636,1.1356945098153772,0.01584326664197297
6,6,6,3.0,1.5,200,0.30701605814687316,0.003265241685469998,-0.38801945160956713,0.004473375801399138,0.22394205994244906,0.0027951469442566842,0.29870414133349626,0.00461398194521337,0.4131297588164716,0.004253517738335523,13.305375180511765,0.07221519291680005,5.673332538822997,0.07728308756004441,0.8101175026602985,0.007893737330241552,1.073599444703966,0.014367577245149598
6,6,6,3.0,1.6,200,0.2888188453344123,0.003036620113487963,-0.406216664422028,0.004394459711564767,0.20955553874127425,0.0025947851226429536,0.32330968149459693,0.004570642535631744,0.4022021999318502,0.0039394618595257605,13.541878354517717,0.06935412089489633,5.028746973732918,0.0707142426465514,0.752050817939773,0.007585757837141853,1.020015949376814,0.013651825752029256
6,6,6,3.0,1.7,200,0.2753982772659624,0.0028815204179120507,-0.4196372324904779,0.004266250241433362,0.19897748768836032,0.002470244129162527,0.342375802459032,0.0045128867805828725,0.4046407371880181,0.004235230585537497,13.688415129900974,0.06637436294065753,4.483496410856974,0.06109388867332154,0.7065547223673441,0.007065075810585519,0.9831692786900891,0.013368051323158835
6,6,6,3.0,1.8,200,0.2608125104381266,0.0027865598945634165,-0.4342229993183137,0.004366010127529995,0.1871869754727704,0.002375847986585528,0.36544594105769646,0.004690447974245125,0.4012085960308767,0.004048608106042679,13.84413718885809,0.06804810374967155,4.028972110825828,0.060248683325692366,0.6618716855602764,0.007322724281868908,0.9383603966387827,0.012795929568187944
6,6,6,3.0,1.9,200,0.24907066684761134,0.002577871158302277,-0.445964842908829,0.004362753844903961,0.1773648019503659,0.002190011529350836,0.384980273508877,0.004678214837961197,0.400864400363141,0.004297866433713479,14.020059220295671,0.07069751364108307,3.697313151393547,0.055420220624874304,0.6252474363083371,0.00698979892239704,0.9029418026001835,0.012206653488437472
6,6,6,3.0,2.0,200,0.23870005563712993,0.0024930872371879335,-0.45633545411931037,0.004241478272687416,0.16947778950945505,0.0021501056091405156,0.40240200206733817,0.0048099979561555374,0.39594415029286467,0.004144214887038488,14.1448550645477,0.06996279706509168,3.3958171681964946,0.05172152067651737,0.5925936389520894,0.00692710157096342,0.8719660419143429,0.012030144809751751
6,6,6,3.5,0.0,200,0.6525912097015037,0.005957332576728335,0.0,0.0,0.5581794841051504,0.0065809899600074405,0.043800834725429165,0.001895775607569532,0.40535104658810117,0.006719557973125339,7.54155835556403,0.034354009240474805,15.289162702886278,0.26674575854048815,1.6019594178230685,0.007767051379351624,2.4020562966500387,0.029413279618975652
6,6,6,3.5,0.1,200,0.6683942467202237,0.0060218358635103835,0.01580303701872001,0.0017861316171031581,0.5719440635411346,0.0066029160997461206,0.040152008278618506,0.0017917295235414022,0.40549982411241714,0.004188831717602637,7.518594877723982,0.03485716555814306,15.679187963941708,0.2903890809895236,1.6180253773817816,0.007827828633598972,2.4829508961958493,0.02976657514454878
6,6,6,3.5,0.2,200,0.6703518623186062,0.006518069468078919,0.017760652617102256,0.0026013393022393844,0.5713478165674273,0.007031357480940321,0.04145731143567751,0.0018994128133452445,0.43436819265985493,0.004295740399608636,7.7030622024689555,0.03969121284788903,16.379761876347782,0.33032907833055747,1.6192107270479537,0.008383369506449651,2.493776624065345,0.03240302535856343
6,6,6,3.5,0.3,200,0.6655163934463658,0.0066906599194613715,0.012925183744862125,0.0033097799230472806,0.5634154610663193,0.007179118756936498,0.04394966637629544,0.0019794150365505985,0.43513276996900674,0.004482782650415135,7.950677013712595,0.04588317670206064,16.699458907461437,0.328446496722504,1.6130444489557108,0.00868209056651031,2.470274569113153,0.033129262669659446
6,6,6,3.5,0.4,200,0.6531575027182942,0.006985496519623029,0.0005662930167904237,0.0037660926000438024,0.5481858830312475,0.007370049013767533,0.04924324741752264,0.002203794015769285,0.44368565260679893,0.004524279928693636,8.219507012310522,0.05025818563206282,16.904964000041954,0.3408569591943252,1.596591526393077,0.00900616929467646,2.410898715631914,0.03470446423245697
6,6,6,3.5,0.5,200,0.6333798659905527,0.0070683937372731775,-0.019211343710951026,0.004131141738299222,0.5257921614334019,0.007362005354128891,0.057471759692593556,0.0025290237401917235,0.4504760507878312,0.004750263138717049,8.55084083105231,0.05816325028625929,17.022932152065938,0.32631000760948964,1.5702123394005378,0.009784172310475365,2.3159309290891543,0.03460722552872592
6,6,6,3.5,0.6,200,0.6048707538204038,0.007113742652491764,-0.047720455881099966,0.004468478266564839,0.49581289015059526,0.007231070587331767,0.0704907131764106,0.0029634184587073067,0.44568478768188813,0.004521183890785273,8.988113045112357,0.06461163977741587,16.29877266955141,0.31609981289220623,1.5202587405398986,0.010010371001377047,2.190965020242716,0.03474150190990053
6,6,6,3.5,0.7,200,0.567083396067799,0.006580187035245324,-0.08550781363370465,0.004391612744940495,0.45693922319382113,0.006443361481075187,0.0889465746442491,0.0031718523398948898,0.4412738992460375,0.004808802580526195,9.461300071316854,0.06966914022609477,15.676161870709084,0.2874935616738674,1.4600125916096727,0.009567123505161377,2.0193643836193154,0.03189018507491656
6,6,6,3.5,0.8,200,0.5249377778381866,0.00637628761830099,-0.1276534318633171,0.004656625564849052,0.41497843583090216,0.006003116079070362,0.11365949363478013,0.003648724244837419,0.4326015282891646,0.0041078302037199236,10.046283055659869,0.07594553330972745,14.954276897174395,0.2964916635457296,1.3841782028884113,0.009709714937264467,1.8366115968180323,0.030801950225994613
6,6,6,3.5,0.9,200,0.47631384322683745,0.006013814205352513,-0.17627736647466632,0.0047443253574014745,0.36839238604954716,0.0055474531472323695,0.14769245487823413,0.004083883763468914,0.42837393706768795,0.004026553523068338,10.68722701812802,0.0866770489223303,13.58575724230511,0.2604262275351285,1.2785500452352025,0.009605591004117403,1.6439044484035927,0.028720695268672224
6,6,6,3.5,1.0,200,0.43820784772876537,0.005852061279999349,-0.2143833619727384,0.0049928149215987,0.3336830105128076,0.005340228297335616,0.17741105446585476,0.004772286185742272,0.4116724705301999,0.004274852621587226,11.147033843011341,0.08943022348707529,11.945423760128593,0.22633545698546947,1.1860688552624543,0.009827220968664858,1.502583830258651,0.027248936521423257
6,6,6,3.5,1.1,200,0.39789514374846746,0.005369959756293359,-0.25469606595303634,0.005155661361973772,0.29782002047940187,0.004840942617087829,0.2111706631486907,0.005074825012654104,0.4134423279665057,0.004101765052088189,11.68455726768504,0.09147956720511322,10.31519862199941,0.19252585929732025,1.0863946317623434,0.009958969122606617,1.354916842552675,0.024305161859266178
6,6,6,3.5,1.2,200,0.36292138540688845,0.004926528910091517,-0.28966982429461535,0.0052132580941594,0.26840096464634455,0.0043883283386144094,0.24516334687815067,0.0053714795656991015,0.41749801729576985,0.004438980770323198,12.228725008859952,0.08859304463784606,8.744172434030745,0.15074611834689197,0.9930425775037643,0.009775095073430662,1.2336851330214846,0.02194227893345096
6,6,6,3.5,1.3,200,0.33608248607830504,0.004554208693067663,-0.3165087236231987,0.005240692407510465,0.24654730565573554,0.004000837851946122,0.2721630584940025,0.005630604143713955,0.4116820021439191,0.004163383601618064,12.578844418851622,0.0883208325199981,7.541804507334201,0.12438748076177054,0.9169511232213554,0.00946886086025719,1.14510477886816,0.02006863677020156
6,6,6,3.5,1.4,200,0.31373158520552896,0.0038556146269508873,-0.33885962449597484,0.005236908191406758,0.22899090557800483,0.003385649077830289,0.29559451663136316,0.005295930689752207,0.39818276636091615,0.003864938289003564,12.911383215990172,0.08699483680609717,6.5886718730075815,0.11157267389926807,0.8506468980666537,0.008435003550327173,1.0742736013438086,0.017219722737980822
6,6,6,3.5,1.5,200,0.29474293811225327,0.0036312958762118592,-0.3578482715892505,0.005147682268728367,0.21406781763431934,0.0031548178893854337,0.31854472430525677,0.005396611911427433,0.39841117973880896,0.004168431701089417,13.175493290498729,0.08020739376879965,5.600603227325342,0.08916243724688207,0.7894235428523547,0.008282058462838124,1.0189908801234644,0.01615164107932507
6,6,6,3.5,1.6,200,0.27727770258301476,0.0033369312183653566,-0.375313507118489,0.0050435414343034555,0.20010824488041826,0.0028762690475114586,0.34233979619310917,0.005315954245545707,0.40175914809871544,0.004151859572156064,13.423482035739108,0.07346271339176,4.90768665544001,0.07670220843388229,0.7371055255350906,0.008100677293920923,0.9641498115130593,0.014974596253531255
6,6,6,3.5,1.7,200,0.2652420864335212,0.0031485329260183795,-0.38734912326798254,0.00499354549654712,0.19078281130197042,0.002726984547617846,0.36033567131086947,0.00523008327365321,0.40080129225208844,0.004036876118333054,13.609717814401467,0.07146825422522773,4.5124881652933375,0.07653376066571042,0.6966566387591391,0.0075256482586619445,0.9307533943996418,0.014469674344317287
6,6,6,3.5,1.8,200,0.25300013168443797,0.0029004630954181914,-0.3995910780170658,0.004844667397728258,0.18100099598567865,0.0024870543410430257,0.37879015444444525,0.005032037245599033,0.3938721121276009,0.003730372707582298,13.730419795102657,0.06860145862927257,3.911529047778274,0.06081306688322846,0.6540835296970974,0.0074692423271663505,0.8982151957049971,0.013432396885442418
6,6,6,3.5,1.9,200,0.24192466124987227,0.0026932926813852637,-0.4106665484516315,0.0049237578426976165,0.17253518727421724,0.0023148174121551874,0.3964488067222943,0.004962777063138966,0.3973595819492901,0.0037341136911416815,13.88673004683098,0.06655106202985933,3.5896500310387696,0.05461252339530818,0.6191986528803173,0.0070539893323435104,0.8651458049712417,0.012859662133066276
6,6,6,3.5,2.0,200,0.23056235682000736,0.0025003716513171898,-0.4220288528814964,0.005052852244354218,0.16293174131063382,0.002174369642061325,0.41725939032907305,0.004779969229256681,0.3977927530215271,0.004100701283111584,13.979631635528568,0.06712119973147825,3.2830352199959782,0.051111212046583594,0.5832438894925202,0.006762358949807807,0.8313864122173774,0.012273261849837987
6,6,6,4.0,0.0,200,0.6152537688741042,0.006571754012237112,0.0,0.0,0.5193605239869374,0.007109348263963561,0.057290473696474484,0.0026529739897365907,0.4067922971919439,0.0071200969037442385,7.429810759702624,0.035063673156286494,13.871362370401075,0.26544991149795744,1.5459362431190238,0.008929956120094694,2.228993180290649,0.032130610302981366
6,6,6,4.0,0.1,200,0.6266800674703981,0.006593940740445716,0.011426298596293826,0.0020596449775496014,0.5284568857852235,0.007095554107573679,0.05360955624464928,0.002464248751241767,0.40346112127689737,0.00447099785711414,7.45375979090693,0.04009013734340926,14.452028047621674,0.2925638068378568,1.5611967886279228,0.009180387517616186,2.283839431284187,0.031987400127065926
6,6,6,4.0,0.2,200,0.6274254804188423,0.006949981654002318,0.01217171154473796,0.0027052914484760396,0.5269788052591008,0.007362419161274836,0.05488827204062581,0.0025435783991561056,0.4160359784931107,0.004040677481750711,7.565514507616138,0.04352292447914709,14.837607718047185,0.3273547331459168,1.5609532970045235,0.009684186390217573,2.288656452423418,0.03377545139122489
6,6,6,4.0,0.3,200,0.6217562589622502,0.007108774511675154,0.006502490088145963,0.0034993561184319326,0.5190404084652136,0.007442096137151312,0.05820582378389145,0.0026602068878452696,0.4283686587577541,0.0046563752004129535,7.828478869568179,0.046979212014310746,15.296126094110962,0.3234522905982883,1.5553439195218415,0.010050476161230911,2.259481953777266,0.03444395927933871
6,6,6,4.0,0.4,200,0.6058446174746949,0.007549205547232968,-0.009409151399409373,0.004066588625490569,0.5008700851203709,0.007779065172165805,0.06698984644055316,0.003034757865052365,0.42993306991121405,0.004711494166130652,8.087266951577094,0.053553637560641146,15.15898810900599,0.31481105823869465,1.529728202643977,0.010619038330928829,2.187470761784607,0.03646365212843241
6,6,6,4.0,0.5,200,0.5893254089639821,0.007503123086695936,-0.02592835991012208,0.004304669637150832,0.4827235840318073,0.007657936576683281,0.07563479495089144,0.0032466204669804695,0.4379670809130934,0.004472310302311177,8.433282838648806,0.06314205548624693,15.544876234390422,0.363151235918602,1.50795308561789,0.011166269142284862,2.107891203043906,0.03580140488585693
6,6,6,4.0,0.6,200,0.5627585712311537,0.007211819767681512,-0.0524951976429506,0.004534307434280181,0.455369905619977,0.007151697197987468,0.0889565064767977,0.0035119766863485036,0.4333022142100782,0.004293869987001003,8.849391816205044,0.06758532698643688,14.947382901976034,0.3320708964353464,1.4593894814914672,0.010960792139023274,1.9934522503097207,0.034291338502206094
6,6,6,4.0,0.7,200,0.5302049238966768,0.006903657202561251,-0.08504884497742735,0.004526456378972423,0.4226408535670745,0.006686136055906554,0.10838626004772496,0.003960899728206395,0.42806236258011165,0.004454164929301784,9.291696366536035,0.07267690859723706,14.383688297219042,0.3073451068807032,1.4034891954576219,0.010935255357678104,1.849617520681494,0.03241300928597687
6,6,6,4.0,0.8,200,0.49428181282438743,0.006443742288004874,-0.12097195604971675,0.004747248402052482,0.38774161613429114,0.006068419566375584,0.13333443755682364,0.004224814257133713,0.4266959174080799,0.004330491788087655,9.815138684571043,0.08195478700579888,13.55557901358773,0.2935932579838406,1.3313375457228493,0.01082291015767787,1.7013605913426977,0.030136938630720124
6,6,6,4.0,0.9,200,0.4536760666501488,0.006116097722027052,-0.1615777022239554,0.005071659259053264,0.3499850269559927,0.005671094200339938,0.16436786303735232,0.004650741547538294,0.4282880026135909,0.004633264990173817,10.336449191243751,0.08724939334117161,12.542243849065787,0.27385636043573747,1.2462415979124766,0.010696579089607432,1.5373173485502354,0.02846211520814322
6,6,6,4.0,1.0,200,0.41713533405789094,0.005816698188346253,-0.19811843481621325,0.005146775765981513,0.31578908178309395,0.005334659477007362,0.1953316892303487,0.005207041660081863,0.41261145567524765,0.004971253369931302,10.872730017648273,0.09159010285333584,11.452477046528683,0.25495512126349856,1.1571141699257848,0.010539198379442475,1.4022467405494634,0.026706204457407994
6,6,6,4.0,1.1,200,0.3800513317139284,0.0055345170905924355,-0.23520243716017578,0.005561152979237868,0.28327052508465245,0.0050113317493823304,0.23258100316317112,0.005606008270462356,0.41642145444606,0.004340760641059585,11.497176275475192,0.1028782238652352,10.02073742918021,0.20539676475753507,1.0607835893205577,0.010508774457163483,1.2710460183522811,0.02481303295880904
6,6,6,4.0,1.2,200,0.3487266765397476,0.005163772347713255,-0.2665270923343565,0.005647958885680792,0.2567443540396889,0.004583167846703938,0.2639379040433471,0.0060239182672634384,0.4139265051318898,0.003982915987976037,11.949521962989875,0.10150046559719421,8.602038581076378,0.16979259715092648,0.9752504964395748,0.010642049015471122,1.1643846567213185,0.022354786485315692
6,6,6,4.0,1.3,200,0.32209214137518066,0.004798583619773417,-0.2931616274989235,0.005752457972591096,0.23454580510302606,0.004203663389070957,0.29304142812970196,0.006198452960101168,0.40757173708367306,0.004343272709614932,12.323750850604261,0.09960329340901065,7.262878011986199,0.12895275104685772,0.8954623267437353,0.010396561057270038,1.0807549075711596,0.02057111645535607
6,6,6,4.0,1.4,200,0.3001525695308123,0.0042928879803503985,-0.31510119934329184,0.005574149074715248,0.21747425903330517,0.003728017761727344,0.3175661628352912,0.006146808691565022,0.40670391322511534,0.004279686568510878,12.725415172774097,0.09825131776304559,6.2875455630229204,0.1144850425490471,0.8290072742838801,0.009786410398071974,1.0125982932973425,0.018535442911057732
6,6,6,4.0,1.5,200,0.2810825636558565,0.003902050045721144,-0.3341712052182477,0.0055542227919385635,0.20216960737570586,0.0033843151443683386,0.3425061608213744,0.006020547773045641,0.4012612077701611,0.003990501416681587,13.071876928875902,0.09290996198329446,5.589163656747422,0.10308090974981367,0.7685853805418484,0.009048400825518185,0.9560149285202725,0.0170846340615698
6,6,6,4.0,1.6,200,0.26660468503390966,0.003601572298637654,-0.34864908384019455,0.005545838083965285,0.19113065840955884,0.0031062549369002624,0.3623747228071181,0.0059694114959472026,0.3980960146864516,0.003980322230309536,13.287681813723289,0.0901389066482272,5.001675968733801,0.10211974742908467,0.7227210833745005,0.008657686209816325,0.9130492619174606,0.015867301392483133
6,6,6,4.0,1.7,200,0.25391278890632524,0.00329078734921009,-0.361340979967779,0.0054588309019114635,0.1812312241254988,0.002837590214580541,0.38026073340608035,0.00575670790279745,0.40069739548088845,0.004189312900553932,13.510565713091793,0.08155808693793343,4.3572751889867245,0.07118748921870746,0.6788908384766233,0.007979047339627988,0.8790075545336749,0.014779360836989611
6,6,6,4.0,1.8,200,0.24219842019804402,0.003019433747752418,-0.3730553486760602,0.005401485769549195,0.17200735679182816,0.002604084064489029,0.3987031671205314,0.005527130767827454,0.39974509089038646,0.004305145331506659,13.689269348042671,0.07367534339671804,3.9384725826350975,0.08359765860289414,0.6398324001289886,0.007492457960806121,0.8461917235135927,0.013966288197875312
6,6,6,4.0,1.9,200,0.23299616054053096,0.002912437452164711,-0.38225760833357314,0.005399969804867576,0.1652125151809375,0.0025168585126143592,0.4139055849138504,0.0055564684953600405,0.4074413136214805,0.004114525982692216,13.837075321124638,0.07182889590581679,3.5412542745508713,0.05952059121194397,0.607099655238053,0.0074058557999551605,0.8224634071312734,0.013699832251827084
6,6,6,4.0,2.0,200,0.2240118177304846,0.002731166573412704,-0.39124195114361954,0.005404267213129696,0.15826951204568426,0.00235149333389652,0.4290622792416865,0.005423231779144715,0.4119669349793363,0.004378547927695741,13.916548861676702,0.06806656186936058,3.1776182611060735,0.0508387952380202,0.5772543875792714,0.007069178006346505,0.797184656475292,0.013253603295851237
6,6,6,4.5,0.0,200,0.5792057616271797,0.006952128361552528,0.0,0.0,0.482734854861848,0.007423891091201464,0.07246168301897246,0.003376753970053865,0.3980051883744886,0.006787066676184633,7.367125202937502,0.03889679617924718,12.756602990573699,0.26773667915723837,1.4892549113969253,0.010166121591990361,2.0644996243550575,0.03332277829538922
6,6,6,4.5,0.1,200,0.5891256729765957,0.006964170518678431,0.00991991134941588,0.0018735184324697829,0.49037420686306193,0.007339090038497339,0.06824129763462577,0.0032133812015309954,0.40931381200001593,0.004023289832143596,7.36281141465934,0.038694175514058675,13.248678178762429,0.2894699819181327,1.5048399260064431,0.010281815441474404,2.1097788695436592,0.03314692306578598
6,6,6,4.5,0.2,200,0.5893826477478692,0.007299699964181914,0.010176886120689378,0.0027570627163798827,0.4883153811001161,0.007607926025788576,0.07031634774271688,0.0033475762805926282,0.39983252182528856,0.004041821814561444,7.49592830415119,0.04695944299222823,13.69046940405335,0.32184656448903526,1.5054704373728591,0.010786004778269758,2.1107250435617626,0.03488186871296958
6,6,6,4.5,0.3,200,0.5815130049480522,0.0074710186309181826,0.0023072433208724376,0.0034698355406360686,0.47916616568859527,0.007681568056002806,0.07430561305087843,0.003423137817490324,0.42313350723756465,0.004296517384699478,7.7364143588348835,0.05062873739624409,13.926982297649296,0.32022487419295453,1.4947779928985003,0.011188178715307417,2.0731327839682105,0.03566153728640385
6,6,6,4.5,0.4,200,0.5681831024575658,0.0076976090354187515,-0.011022659169614,0.0039463124771213125,0.46388830341574233,0.007815345453094077,0.08298715230761665,0.003690327422252966,0.424025889757699,0.004328608404551551,7.987828543600772,0.05532389890877942,14.006085194176016,0.3232760011968298,1.4763538302371273,0.01160961290705582,2.0097704649074117,0.03649102086318182
6,6,6,4.5,0.5,200,0.5515453119107184,0.007755367181270819,-0.027660449716461453,0.0044950030435359795,0.44621656178464386,0.007759801542742538,0.09394108653247109,0.003971163996253469,0.42773872014501135,0.00436708016454911,8.27521074203087,0.0672648340299974,13.997382906602315,0.3364765318361704,1.4453745889691934,0.012404682318839205,1.9386674626309366,0.03625735617898711
6,6,6,4.5,0.6,200,0.5295008182086083,0.007405922605078324,-0.049704943418571526,0.004800680572153353,0.42445323123911394,0.007276782390835123,0.10706896030634347,0.0043683084931970565,0.4274382010980689,0.004375960976451334,8.709439975473424,0.07251242026301949,13.9484342208886,0.3592139252341153,1.4087153394043346,0.012552858257710497,1.8400712905954564,0.03395584469134427
6,6,6,4.5,0.7,200,0.5014736231739922,0.007086176500417494,-0.07773213845318751,0.0047310536634362155,0.39667880919520937,0.006838490725939259,0.12506613323259472,0.004641403003640314,0.42522606681199776,0.003997388232635715,9.073500243317248,0.07751469122428939,13.453117066746486,0.3252319920476579,1.3556820367396043,0.012110620900929844,1.7211419194102968,0.03251839413982153
6,6,6,4.5,0.8,200,0.47182160675363016,0.0067427805835276805,-0.10738415487354963,0.004999469301910339,0.3674563093317859,0.006362834712618878,0.14796730227290938,0.004861165514658063,0.4207235188732378,0.004573120152025982,9.508669335484855,0.08172046916701906,12.778243115897649,0.3066833965165146,1.2917075565757576,0.011952278156337233,1.6031845286755901,0.030672674671194926
6,6,6,4.5,0.9,200,0.43425057208666323,0.006225356975792717,-0.14495518954051656,0.005279319960899788,0.3329015785568467,0.005749068192080815,0.17900835907284599,0.005163381875061342,0.42225930231503056,0.004062525824496851,10.109673375258492,0.08970825844601323,11.707100765058634,0.2560145600364298,1.2134755538794577,0.011525907034089865,1.4508970101476328,0.028195356029050475
6,6,6,4.5,1.0,200,0.4018855741520598,0.0060233084299309856,-0.17732018747512004,0.00548259497394059,0.303899594843207,0.005493950535299937,0.21080926661282148,0.005658032290180551,0.40734110879651797,0.004044792702814854,10.61673582630606,0.09821545416748233,10.828286327984632,0.2539246638283368,1.1351517885087552,0.011631194752796994,1.3306432304908495,0.027048468869844352
6,6,6,4.5,1.1,200,0.36876340941684604,0.005668171415574312,-0.2104423522103337,0.005586313610421469,0.27412324263373333,0.005086345045388077,0.24377876000399235,0.006126235580116412,0.4116192509968449,0.003885688269510353,11.129930787131789,0.10430500563393484,9.857528590758474,0.24746474178069328,1.0497708267921355,0.011468948037545787,1.2128010011414663,0.02495968352937246
6,6,6,4.5,1.2,200,0.3386873428877024,0.005278497867345367,-0.2405184187394774,0.0058867940642166935,0.24789888456713377,0.004687951740155471,0.27642092601626356,0.006413187207881805,0.40924445840678914,0.003795405829308698,11.576684649378477,0.10699220794110297,8.433011637609006,0.1870592638539818,0.9657076214974595,0.011101933716650723,1.1123305485780899,0.02280859591324355
6,6,6,4.5,1.3,200,0.310553327842461,0.004840023038541024,-0.2686524337847188,0.005882558151123162,0.22534392547906656,0.0042519092040319935,0.31130245568303594,0.006601249442579842,0.40528776594898114,0.003910636212499302,12.149308101952213,0.10717937496010863,7.2296052597019775,0.14832303766107144,0.8833057890248819,0.01058492801201972,1.0221143060939186,0.02072053738646604
6,6,6,4.5,1.4,200,0.2907980849694825,0.004624376561561101,-0.2884076766576972,0.005897664010751906,0.2093862312704301,0.004007976321672786,0.33469619045238985,0.006644456077527857,0.40231401838902014,0.004265123150041302,12.479398971969145,0.11026709618434853,6.411363880173882,0.14503530110143445,0.8187234119735736,0.010277892267640015,0.965487108558988,0.019881998757923087
6,6,6,4.5,1.5,200,0.27267230173976137,0.004217646892088727,-0.3065334598874184,0.0057963575511100094,0.19530583714412303,0.003652980193484377,0.35838292191426907,0.006643450641887971,0.399554301040328,0.004047681203508404,12.797992538539754,0.10550669966930602,5.443638013742065,0.10551709619880877,0.7583207951706491,0.009912133266251405,0.914677806154277,0.018037472022758017
6,6,6,4.5,1.6,200,0.2571733745043518,0.003898046460315432,-0.3220323871228279,0.005795595216056059,0.18337575147263677,0.0033621357234774516,0.380043481436959,0.006626407745271597,0.3938832374904228,0.00426546644560157,13.101708405545583,0.0996824741065021,4.835955334995173,0.10097814246276503,0.707271361052277,0.00942906921312457,0.8706325664776398,0.0168589476680981
6,6,6,4.5,1.7,200,0.24439891767068442,0.003531458654850169,-0.33480684395649535,0.005622303305888408,0.17331056658996866,0.0030262802430185785,0.39915215468213927,0.0063253099347696145,0.39728045418192065,0.0041881597444835585,13.378060017015951,0.09489036986100507,4.33929513734336,0.09437576188668363,0.6633204033976452,0.00837842876860466,0.8362050152809829,0.015827582589459082
6,6,6,4.5,1.8,200,0.23345937784359086,0.0032323220837174667,-0.3457463837835889,0.005658840938339117,0.16494380218967644,0.0027707016248084363,0.4169064137111761,0.0061079694502422415,0.4002694423342018,0.004016165660153552,13.559125413241599,0.0880965250178396,3.8695477282335093,0.08236745223845249,0.6286384977291233,0.008044851216457856,0.8037666644617988,0.014481300472979778
6,6,6,4.5,1.9,200,0.22368287501982537,0.0030120634002150206,-0.3555228866073544,0.005671287785932972,0.15723358206270027,0.0025815593280160147,0.4327574618190292,0.005967409256127632,0.39605776231346385,0.003974289838078054,13.771007521960167,0.08116300998185906,3.440382804967476,0.056879189791870274,0.5959693638445888,0.0075410832525699386,0.7764514308632764,0.013926147403924076
6,6,6,4.5,2.0,200,0.2157840127841417,0.0028543467386133014,-0.363421748843038,0.005636421018902823,0.15159520450851682,0.0024536886185988456,0.44557262441225304,0.005842022125201747,0.40507513231440667,0.0038962904675425127,13.909845920662685,0.07697511027319527,3.2262474717773046,0.06715920820718263,0.5673811951216865,0.00727491818161772,0.7565756177734266,0.013525295541021809
6,6,6,5.0,0.0,200,0.5469016594100328,0.00717375883523956,0.0,0.0,0.4504007419669861,0.007554515196965048,0.08835781654995543,0.004094578532634907,0.4045296959934802,0.006982397909304591,7.283419568091453,0.040145186731339336,11.712394908404814,0.25830609789321407,1.4360457615901612,0.011003436307883195,1.9195048587603787,0.03380461946738839
6,6,6,5.0,0.1,200,0.5549176688411509,0.007251892433087045,0.008016009431118123,0.0019928862126238683,0.45643102996334856,0.007560162367647484,0.08415232376960713,0.003972943682127341,0.39889289395225186,0.004276732907090351,7.2895711033900055,0.04227899073508327,12.28578231500379,0.30551348056190714,1.4494856338930975,0.011439734602936453,1.955247732489591,0.03385236904257304
6,6,6,5.0,0.2,200,0.5539180409280081,0.00744180899678778,0.007016381517975305,0.00281824198008089,0.45348522503944577,0.0076806556026092045,0.08690453792833458,0.004155262834977321,0.41173440181661214,0.003996677730196785,7.413683388010468,0.049378739702636835,12.625399708945809,0.3090405486770778,1.4514290307615267,0.011675422059267691,1.9471710536931368,0.03504762167332232
6,6,6,5.0,0.3,200,0.5455994972351357,0.007638354903174792,-0.0013021621748970287,0.0034299951912151604,0.44395045162270086,0.007732576837278016,0.09196450235464884,0.004205232880023798,0.41618095511628744,0.0043523912385893615,7.60993080659914,0.05414736672529533,12.723657211535906,0.3259829335960392,1.4372860752713756,0.012080663242983604,1.9102750445563714,0.03590443137906336
6,6,6,5.0,0.4,200,0.5330957489123186,0.0077588486228971605,-0.013805910497714157,0.003930305353433831,0.4303021702467805,0.007814676145963685,0.10093994826475097,0.0044720440616791745,0.4096397365142535,0.00464498736422767,7.865341290560658,0.05509862624583221,12.87395030448868,0.32714012716225194,1.4202943599177598,0.012567720899142548,1.850549200693588,0.03603679046498125
6,6,6,5.0,0.5,200,0.5178944273557012,0.0077964445813840585,-0.02900723205433149,0.004394159851244087,0.41428940843952633,0.00773848536463724,0.1118134077231337,0.004807003205518626,0.4173670841865313,0.004596497910663498,8.137549600893294,0.06739956174746864,12.824678302351643,0.3295743275874429,1.3921840483733072,0.013112842424638324,1.7853908173972155,0.03584103565835762
6,6,6,5.0,0.6,200,0.49856788351966885,0.0075562809355196915,-0.04833377589036383,0.0047814239943253355,0.39581576045612527,0.007376174733814754,0.12526225556127343,0.005026974606755084,0.42114952487386775,0.004356824257533715,8.543902053974245,0.0749623515086418,12.771206444527309,0.3404037859544482,1.35561465066843,0.013127613209127966,1.7033809512757807,0.03443341119514116
6,6,6,5.0,0.7,200,0.47679325700879976,0.007255875032811892,-0.07010840240123292,0.005044959682358448,0.37468780904575366,0.006962994586612607,0.1417701397717679,0.005355571162505861,0.41917437801667773,0.004353266728879467,8.886830991545551,0.07820841530246594,12.640621422843438,0.3304805673100994,1.3136911403330922,0.013216130704252578,1.6117048276746118,0.032701407538212525
6,6,6,5.0,0.8,200,0.4478822033439895,0.006735137905146932,-0.09901945606604322,0.005237171325797969,0.34656423533944547,0.006323008992059901,0.16555225691283185,0.0054700424681024375,0.4153364886121287,0.004156015560841792,9.2892661906017,0.08418421752120439,11.884054791846747,0.3122224806040062,1.2513122590630446,0.012956921958144971,1.4966980631146694,0.029704243615343254
6,6,6,5.0,0.9,200,0.41652022583396786,0.006352748522825747,-0.13038143357606485,0.005457162420735902,0.31703131348630603,0.005845317621501186,0.19441654713267031,0.005746130607700796,0.41256220953758654,0.004656453209382465,9.808790820082983,0.0886357245483048,11.107077654904792,0.27796453462215237,1.1807182720838838,0.012360152226445313,1.3748686019684464,0.02817230841481414
6,6,6,5.0,1.0,200,0.38808511679078683,0.006099434605462009,-0.15881654261924583,0.005576003669114823,0.29159240384416935,0.005565802608497191,0.22382249940189294,0.006101648480367543,0.4105246428704696,0.004149447582167831,10.26540583114063,0.09402169340157839,10.233374217681705,0.24496754584129155,1.1102921091858833,0.012166471498373922,1.2708293081470248,0.027084304517410993
6,6,6,5.0,1.1,200,0.35671336351004557,0.005728773373576563,-0.1901882958999871,0.005698997282401825,0.26456299179472503,0.005196276475446057,0.2572049381771644,0.00636418946937687,0.404597056012543,0.004190711023353297,10.784111429247902,0.10147349259333294,9.204160330700567,0.2478475348146326,1.0311585999198416,0.011886444844109055,1.1574793894120718,0.025306253867489928
6,6,6,5.0,1.2,200,0.3302743385639967,0.005363082098862802,-0.21662732084603603,0.0059756889903846465,0.24156825604177365,0.004756882203060073,0.2874655771875246,0.006666589102056986,0.40998868704194896,0.004382271954720474,11.27708944627267,0.10828311040348325,8.467011539638486,0.21943780806839483,0.9559948616045771,0.011505349314492857,1.0704247745139244,0.023184201963868382
6,6,6,5.0,1.3,200,0.30481671068838895,0.005040968095527599,-0.2420849487216438,0.00612016322712656,0.2200791843560646,0.00446249328816127,0.3190951612194073,0.00697585883604929,0.4038690879820491,0.004250619092166826,11.721646270057803,0.11032595717026306,7.205114158776715,0.16983549484309726,0.8793389352780295,0.010956398605285949,0.9908837730366693,0.02151229069139475
6,6,6,5.0,1.4,200,0.2831538303043769,0.0046752999961772925,-0.2637478291056558,0.006123275196497803,0.20280262429679624,0.00409459738880181,0.3480319496377544,0.006983904460717796,0.40490184186079103,0.004197931672274558,12.133269766401817,0.10925354072969871,6.212800408167213,0.13538554010318385,0.8109730464896514,0.010639525381415039,0.9263356535012001,0.01988412818360037
6,6,6,5.0,1.5,200,0.26392063269103355,0.004333228613604572,-0.2829810267189991,0.005994562265404674,0.18782772052050048,0.00374730444048858,0.37533038814604036,0.006993843589143203,0.40113637404713437,0.003853369221485715,12.589695131630377,0.1125339215646557,5.515973413670024,0.12168165695305184,0.7495651624586717,0.010122875167169898,0.8697370055125134,0.01853168741217207
6,6,6,5.0,1.6,200,0.2502617586088909,0.004094414738545718,-0.2966399008011418,0.006014942175971921,0.17709944369866804,0.003507081430046762,0.394995266454586,0.0071076047182493385,0.40024218671127393,0.004482691385593155,12.828236718130693,0.1107442771178083,4.8433170520693976,0.10453968665728726,0.7019118566254627,0.009890519837173992,0.8335854030756216,0.017537780835632948
6,6,6,5.0,1.7,200,0.23748030689221977,0.003777356057944056,-0.30942135251781294,0.005958528531360797,0.1675565775816109,0.00325718688442192,0.4138850466301156,0.006901202857289918,0.4004840082657482,0.004327101958604174,13.094839839720585,0.10359002274920413,4.213011613558228,0.08533814694818584,0.6580237106130062,0.009166188230975899,0.7990521226782141,0.01645199176397368
6,6,6,5.0,1.8,200,0.22673798126870673,0.00339633884217524,-0.32016367814132596,0.005871875606579018,0.15933432370632655,0.0029106785659557704,0.43048103140722654,0.006533882561026516,0.39786656811466864,0.00397372012306707,13.345067979541975,0.09738841337976425,3.8012512759002606,0.07542067130415003,0.6211170723869889,0.008213742114170686,0.7700485249600372,0.015255446381739812
6,6,6,5.0,1.9,200,0.21637561277526185,0.00317415716016946,-0.3305260466347708,0.005757420138100613,0.15109655431857352,0.0026915412608290697,0.44831238732585615,0.006387424804408025,0.39856961248424594,0.004112958003084183,13.56885498966016,0.09393111894063914,3.4149803240468772,0.06672859791367315,0.5856605072228449,0.007585479600541503,0.7419261058073492,0.014661312019914314
6,6,6,5.0,2.0,200,0.2085813872618687,0.002921003577390225,-0.338320272148164,0.005740552097602053,0.14524802881911225,0.002463424856764319,0.46135467826008764,0.00612590711347232,0.39670843930810934,0.004268059394116533,13.774317009201498,0.08651981813584984,3.115979187498216,0.0595305715431722,0.5583351812596837,0.007402553755138824,0.7214294553573617,0.013844271514743094
