U,W,L,N,nmax,boundary,tau_Th,mean_spacing,t_H,t_Th,g,n_realizations_used,n_realizations_total,n_levels,file
1.0,0.5,7,7,2,periodic,0.08768856094587427,0.027814563345280707,225.8955220393799,19.808453251750247,1.0570570570570572,300,300,150,pbs_bose_midpoint_L7/data/U_1/W_0p5/L_7/N_7_nmax_2/boundary_periodic/energies_full_U1_L7_N7_nmax2_W0.5_boundaryperiodic_nreal300.txt
1.0,1.0,7,7,2,periodic,0.056591701632462424,0.02922006609487239,215.02981159519607,12.168902939879944,1.2472472472472473,300,300,150,pbs_bose_midpoint_L7/data/U_1/W_1/L_7/N_7_nmax_2/boundary_periodic/energies_full_U1_L7_N7_nmax2_W1_boundaryperiodic_nreal300.txt
1.0,2.0,7,7,2,periodic,0.060643293954080614,0.032830652729017765,191.38167489512378,11.606015168089282,1.2172172172172173,300,300,150,pbs_bose_midpoint_L7/data/U_1/W_2/L_7/N_7_nmax_2/boundary_periodic/energies_full_U1_L7_N7_nmax2_W2_boundaryperiodic_nreal300.txt
1.0,3.0,7,7,2,periodic,0.11169868184678226,0.03819143048436915,164.51819760328553,18.376465812095446,0.9519519519519521,300,300,150,pbs_bose_midpoint_L7/data/U_1/W_3/L_7/N_7_nmax_2/boundary_periodic/energies_full_U1_L7_N7_nmax2_W3_boundaryperiodic_nreal300.txt
1.0,4.0,7,7,2,periodic,0.19874595495809838,0.04437055073431509,141.60710658748542,28.143839627583013,0.7017017017017015,300,300,150,pbs_bose_midpoint_L7/data/U_1/W_4/L_7/N_7_nmax_2/boundary_periodic/energies_full_U1_L7_N7_nmax2_W4_boundaryperiodic_nreal300.txt
1.0,5.0,7,7,2,periodic,0.3376980310825091,0.05205713364065534,120.6978730437162,40.75943408270961,0.47147147147147145,300,300,150,pbs_bose_midpoint_L7/data/U_1/W_5/L_7/N_7_nmax_2/boundary_periodic/energies_full_U1_L7_N7_nmax2_W5_boundaryperiodic_nreal300.txt
1.0,6.0,7,7,2,periodic,0.44529585099426555,0.05874935356287029,106.94901179560505,47.62395122051969,0.3513513513513513,300,300,150,pbs_bose_midpoint_L7/data/U_1/W_6/L_7/N_7_nmax_2/boundary_periodic/energies_full_U1_L7_N7_nmax2_W6_boundaryperiodic_nreal300.txt
1.0,7.0,7,7,2,periodic,0.5232614239486661,0.0648138227864891,96.94205706516914,50.72603882043325,0.2812812812812813,300,300,150,pbs_bose_midpoint_L7/data/U_1/W_7/L_7/N_7_nmax_2/boundary_periodic/energies_full_U1_L7_N7_nmax2_W7_boundaryperiodic_nreal300.txt
1.0,8.0,7,7,2,periodic,0.5542985515684669,0.07442782329387451,84.41984501374903,46.79379781475554,0.2562562562562563,300,300,150,pbs_bose_midpoint_L7/data/U_1/W_8/L_7/N_7_nmax_2/boundary_periodic/energies_full_U1_L7_N7_nmax2_W8_boundaryperiodic_nreal300.txt
1.0,9.0,7,7,2,periodic,0.6008675891719687,0.08186693745053987,76.74875233943605,46.115837790153435,0.2212212212212212,300,300,150,pbs_bose_midpoint_L7/data/U_1/W_9/L_7/N_7_nmax_2/boundary_periodic/energies_full_U1_L7_N7_nmax2_W9_boundaryperiodic_nreal300.txt
1.0,10.0,7,7,2,periodic,0.6665363268124913,0.08855263851935483,70.9542415927706,47.293579563011406,0.17617617617617626,300,300,150,pbs_bose_midpoint_L7/data/U_1/W_10/L_7/N_7_nmax_2/boundary_periodic/energies_full_U1_L7_N7_nmax2_W10_boundaryperiodic_nreal300.txt
1.0,11.0,7,7,2,periodic,0.6899837121430018,0.09616164388046097,65.33982837263312,45.08341733133604,0.16116116116116116,300,300,150,pbs_bose_midpoint_L7/data/U_1/W_11/L_7/N_7_nmax_2/boundary_periodic/energies_full_U1_L7_N7_nmax2_W11_boundaryperiodic_nreal300.txt
1.0,12.0,7,7,2,periodic,0.7142559285543126,0.10696669167280362,58.73964323771913,41.955138423706124,0.1461461461461462,300,300,150,pbs_bose_midpoint_L7/data/U_1/W_12/L_7/N_7_nmax_2/boundary_periodic/energies_full_U1_L7_N7_nmax2_W12_boundaryperiodic_nreal300.txt
1.0,13.0,7,7,2,periodic,0.7060717714137773,0.11551339798694628,54.39356314225667,38.40575948136031,0.15115115115115116,300,300,150,pbs_bose_midpoint_L7/data/U_1/W_13/L_7/N_7_nmax_2/boundary_periodic/energies_full_U1_L7_N7_nmax2_W13_boundaryperiodic_nreal300.txt
1.0,14.0,7,7,2,periodic,0.7060717714137773,0.1195962030882249,52.53666207567262,37.094654055937184,0.15115115115115116,300,300,150,pbs_bose_midpoint_L7/data/U_1/W_14/L_7/N_7_nmax_2/boundary_periodic/energies_full_U1_L7_N7_nmax2_W14_boundaryperiodic_nreal300.txt
1.0,15.0,7,7,2,periodic,0.7225349491787214,0.1286578362672869,48.836398073151614,35.28600439985641,0.14114114114114118,300,300,150,pbs_bose_midpoint_L7/data/U_1/W_15/L_7/N_7_nmax_2/boundary_periodic/energies_full_U1_L7_N7_nmax2_W15_boundaryperiodic_nreal300.txt
2.0,0.5,7,7,2,periodic,0.08768856094587427,0.033454889377836895,187.81067353766394,16.46884769279314,1.0570570570570572,300,300,150,pbs_bose_midpoint_L7/data/U_2/W_0p5/L_7/N_7_nmax_2/boundary_periodic/energies_full_U2_L7_N7_nmax2_W0.5_boundaryperiodic_nreal300.txt
2.0,1.0,7,7,2,periodic,0.051016153147498335,0.033970118154172696,184.96212696886943,9.436056195930874,1.2922922922922924,300,300,150,pbs_bose_midpoint_L7/data/U_2/W_1/L_7/N_7_nmax_2/boundary_periodic/energies_full_U2_L7_N7_nmax2_W1_boundaryperiodic_nreal300.txt
2.0,2.0,7,7,2,periodic,0.052205675278469754,0.0365058262356797,172.11458978124946,8.985358384806938,1.2822822822822824,300,300,150,pbs_bose_midpoint_L7/data/U_2/W_2/L_7/N_7_nmax_2/boundary_periodic/energies_full_U2_L7_N7_nmax2_W2_boundaryperiodic_nreal300.txt
2.0,3.0,7,7,2,periodic,0.09077326525210223,0.04094175936299294,153.46642169117254,13.93064820346378,1.0420420420420422,300,300,150,pbs_bose_midpoint_L7/data/U_2/W_3/L_7/N_7_nmax_2/boundary_periodic/energies_full_U2_L7_N7_nmax2_W3_boundaryperiodic_nreal300.txt
2.0,4.0,7,7,2,periodic,0.23898925662310502,0.04709647598129918,133.41094373333752,31.883782268217224,0.6216216216216215,300,300,150,pbs_bose_midpoint_L7/data/U_2/W_4/L_7/N_7_nmax_2/boundary_periodic/energies_full_U2_L7_N7_nmax2_W4_boundaryperiodic_nreal300.txt
2.0,5.0,7,7,2,periodic,0.3703126675869927,0.053632537783749636,117.15248926899291,43.3830508156573,0.43143143143143137,300,300,150,pbs_bose_midpoint_L7/data/U_2/W_5/L_7/N_7_nmax_2/boundary_periodic/energies_full_U2_L7_N7_nmax2_W5_boundaryperiodic_nreal300.txt
2.0,6.0,7,7,2,periodic,0.38778284145894576,0.05997756377696594,104.75892836435297,40.62371490932294,0.41141141141141135,300,300,150,pbs_bose_midpoint_L7/data/U_2/W_6/L_7/N_7_nmax_2/boundary_periodic/energies_full_U2_L7_N7_nmax2_W6_boundaryperiodic_nreal300.txt
2.0,7.0,7,7,2,periodic,0.4827070965603183,0.06809794536272884,92.26688520059932,44.5378802638455,0.3163163163163163,300,300,150,pbs_bose_midpoint_L7/data/U_2/W_7/L_7/N_7_nmax_2/boundary_periodic/energies_full_U2_L7_N7_nmax2_W7_boundaryperiodic_nreal300.txt
2.0,8.0,7,7,2,periodic,0.5416686911033152,0.07662777881394923,81.99618212130406,44.414764645115824,0.26626626626626626,300,300,150,pbs_bose_midpoint_L7/data/U_2/W_8/L_7/N_7_nmax_2/boundary_periodic/energies_full_U2_L7_N7_nmax2_W8_boundaryperiodic_nreal300.txt
2.0,9.0,7,7,2,periodic,0.5939826693920356,0.08184609762854055,76.76829426487619,45.59903635212446,0.22622622622622626,300,300,150,pbs_bose_midpoint_L7/data/U_2/W_9/L_7/N_7_nmax_2/boundary_periodic/energies_full_U2_L7_N7_nmax2_W9_boundaryperiodic_nreal300.txt
2.0,10.0,7,7,2,periodic,0.6292146109610344,0.09119582245032837,68.89773169820195,43.35145944658187,0.20120120120120116,300,300,150,pbs_bose_midpoint_L7/data/U_2/W_10/L_7/N_7_nmax_2/boundary_periodic/energies_full_U2_L7_N7_nmax2_W10_boundaryperiodic_nreal300.txt
2.0,11.0,7,7,2,periodic,0.6292146109610344,0.09833509321305284,63.89565618823826,40.204080450582346,0.20120120120120122,300,300,150,pbs_bose_midpoint_L7/data/U_2/W_11/L_7/N_7_nmax_2/boundary_periodic/energies_full_U2_L7_N7_nmax2_W11_boundaryperiodic_nreal300.txt
2.0,12.0,7,7,2,periodic,0.6820776732865685,0.10531950269406132,59.65832677193109,40.69161271676856,0.16616616616616617,300,300,150,pbs_bose_midpoint_L7/data/U_2/W_12/L_7/N_7_nmax_2/boundary_periodic/energies_full_U2_L7_N7_nmax2_W12_boundaryperiodic_nreal300.txt
2.0,13.0,7,7,2,periodic,0.6742622241778342,0.11638593739820628,53.98577738547665,36.40057033390091,0.17117117117117123,300,300,150,pbs_bose_midpoint_L7/data/U_2/W_13/L_7/N_7_nmax_2/boundary_periodic/energies_full_U2_L7_N7_nmax2_W13_boundaryperiodic_nreal300.txt
2.0,14.0,7,7,2,periodic,0.697981390783066,0.1214935996233829,51.71618362330843,36.09693377138924,0.15615615615615622,300,300,150,pbs_bose_midpoint_L7/data/U_2/W_14/L_7/N_7_nmax_2/boundary_periodic/energies_full_U2_L7_N7_nmax2_W14_boundaryperiodic_nreal300.txt
2.0,15.0,7,7,2,periodic,0.7060717714137773,0.13003182008068603,48.320367301486726,34.11764733592509,0.15115115115115121,300,300,150,pbs_bose_midpoint_L7/data/U_2/W_15/L_7/N_7_nmax_2/boundary_periodic/energies_full_U2_L7_N7_nmax2_W15_boundaryperiodic_nreal300.txt
3.0,0.5,7,7,2,periodic,0.1633853877809862,0.04071786680465169,154.31027704186562,25.21204445307663,0.7867867867867866,300,300,150,pbs_bose_midpoint_L7/data/U_3/W_0p5/L_7/N_7_nmax_2/boundary_periodic/energies_full_U3_L7_N7_nmax2_W0.5_boundaryperiodic_nreal300.txt
3.0,1.0,7,7,2,periodic,0.08470868266557402,0.040730152931570715,154.26372981549426,13.067477335748553,1.0720720720720722,300,300,150,pbs_bose_midpoint_L7/data/U_3/W_1/L_7/N_7_nmax_2/boundary_periodic/energies_full_U3_L7_N7_nmax2_W1_boundaryperiodic_nreal300.txt
3.0,2.0,7,7,2,periodic,0.07996554525892346,0.04222366882644214,148.80718520709894,11.899447703531276,1.0970970970970972,300,300,150,pbs_bose_midpoint_L7/data/U_3/W_2/L_7/N_7_nmax_2/boundary_periodic/energies_full_U3_L7_N7_nmax2_W2_boundaryperiodic_nreal300.txt
3.0,3.0,7,7,2,periodic,0.14393226447194066,0.04549000100555463,138.12233827852342,19.880260922587286,0.8418418418418421,300,300,150,pbs_bose_midpoint_L7/data/U_3/W_3/L_7/N_7_nmax_2/boundary_periodic/energies_full_U3_L7_N7_nmax2_W3_boundaryperiodic_nreal300.txt
3.0,4.0,7,7,2,periodic,0.22822244741868986,0.05073454780947544,123.84431474140598,28.264052609174204,0.6416416416416415,300,300,150,pbs_bose_midpoint_L7/data/U_3/W_4/L_7/N_7_nmax_2/boundary_periodic/energies_full_U3_L7_N7_nmax2_W4_boundaryperiodic_nreal300.txt
3.0,5.0,7,7,2,periodic,0.3495775574363275,0.05587594536393203,112.44884120091126,39.30959124356003,0.4564564564564564,300,300,150,pbs_bose_midpoint_L7/data/U_3/W_5/L_7/N_7_nmax_2/boundary_periodic/energies_full_U3_L7_N7_nmax2_W5_boundaryperiodic_nreal300.txt
3.0,6.0,7,7,2,periodic,0.44019351852088745,0.06454929434454307,97.33933377554824,42.84814382513764,0.3563563563563563,300,300,150,pbs_bose_midpoint_L7/data/U_3/W_6/L_7/N_7_nmax_2/boundary_periodic/energies_full_U3_L7_N7_nmax2_W6_boundaryperiodic_nreal300.txt
3.0,7.0,7,7,2,periodic,0.5113387538414326,0.07128797524328254,88.13808059125162,45.06841629550636,0.2912912912912913,300,300,150,pbs_bose_midpoint_L7/data/U_3/W_7/L_7/N_7_nmax_2/boundary_periodic/energies_full_U3_L7_N7_nmax2_W7_boundaryperiodic_nreal300.txt
3.0,8.0,7,7,2,periodic,0.5672228971644544,0.07611331514180976,82.55040915604756,46.8244822436044,0.24624624624624625,300,300,150,pbs_bose_midpoint_L7/data/U_3/W_8/L_7/N_7_nmax_2/boundary_periodic/energies_full_U3_L7_N7_nmax2_W8_boundaryperiodic_nreal300.txt
3.0,9.0,7,7,2,periodic,0.5804485942768978,0.08600982995736375,73.05194429862549,42.4028983773314,0.2362362362362363,300,300,150,pbs_bose_midpoint_L7/data/U_3/W_9/L_7/N_7_nmax_2/boundary_periodic/energies_full_U3_L7_N7_nmax2_W9_boundaryperiodic_nreal300.txt
3.0,10.0,7,7,2,periodic,0.6513490946272803,0.09262038285800238,67.83804075623858,44.186246427864546,0.1861861861861862,300,300,150,pbs_bose_midpoint_L7/data/U_3/W_10/L_7/N_7_nmax_2/boundary_periodic/energies_full_U3_L7_N7_nmax2_W10_boundaryperiodic_nreal300.txt
3.0,11.0,7,7,2,periodic,0.643885742724042,0.1005842045429893,62.46691849607636,40.221558211528325,0.19119119119119116,300,300,150,pbs_bose_midpoint_L7/data/U_3/W_11/L_7/N_7_nmax_2/boundary_periodic/energies_full_U3_L7_N7_nmax2_W11_boundaryperiodic_nreal300.txt
3.0,12.0,7,7,2,periodic,0.6820776732865685,0.1081870696092749,58.07704497285808,39.613055706446445,0.16616616616616617,300,300,150,pbs_bose_midpoint_L7/data/U_3/W_12/L_7/N_7_nmax_2/boundary_periodic/energies_full_U3_L7_N7_nmax2_W12_boundaryperiodic_nreal300.txt
3.0,13.0,7,7,2,periodic,0.7142559285543126,0.11957088694717745,52.547785398257474,37.53256725310514,0.1461461461461462,300,300,150,pbs_bose_midpoint_L7/data/U_3/W_13/L_7/N_7_nmax_2/boundary_periodic/energies_full_U3_L7_N7_nmax2_W13_boundaryperiodic_nreal300.txt
3.0,14.0,7,7,2,periodic,0.7393819919175866,0.1249043982965965,50.303955608189305,37.19383889891686,0.13113113113113117,300,300,150,pbs_bose_midpoint_L7/data/U_3/W_14/L_7/N_7_nmax_2/boundary_periodic/energies_full_U3_L7_N7_nmax2_W14_boundaryperiodic_nreal300.txt
3.0,15.0,7,7,2,periodic,0.697981390783066,0.13557632955556562,46.34426472361784,32.34743434660936,0.15615615615615622,300,300,150,pbs_bose_midpoint_L7/data/U_3/W_15/L_7/N_7_nmax_2/boundary_periodic/energies_full_U3_L7_N7_nmax2_W15_boundaryperiodic_nreal300.txt
4.0,0.5,7,7,2,periodic,0.2010496416260499,0.049831089714671616,126.08966296255102,25.3502815513703,0.6966966966966965,300,300,150,pbs_bose_midpoint_L7/data/U_4/W_0p5/L_7/N_7_nmax_2/boundary_periodic/energies_full_U4_L7_N7_nmax2_W0.5_boundaryperiodic_nreal300.txt
4.0,1.0,7,7,2,periodic,0.1327770829355429,0.04919937958988981,127.70862883951375,16.956779203008583,0.8768768768768771,300,300,150,pbs_bose_midpoint_L7/data/U_4/W_1/L_7/N_7_nmax_2/boundary_periodic/energies_full_U4_L7_N7_nmax2_W1_boundaryperiodic_nreal300.txt
4.0,2.0,7,7,2,periodic,0.15072253093107554,0.04916124412330723,127.80769525319525,19.2634993010292,0.8218218218218221,300,300,150,pbs_bose_midpoint_L7/data/U_4/W_2/L_7/N_7_nmax_2/boundary_periodic/energies_full_U4_L7_N7_nmax2_W2_boundaryperiodic_nreal300.txt
4.0,3.0,7,7,2,periodic,0.19874595495809838,0.051549695767263655,121.88598232561613,24.22434595331048,0.7017017017017015,300,300,150,pbs_bose_midpoint_L7/data/U_4/W_3/L_7/N_7_nmax_2/boundary_periodic/energies_full_U4_L7_N7_nmax2_W3_boundaryperiodic_nreal300.txt
4.0,4.0,7,7,2,periodic,0.2502640096417919,0.05601773905926868,112.1642074938398,28.07066430570227,0.6016016016016015,300,300,150,pbs_bose_midpoint_L7/data/U_4/W_4/L_7/N_7_nmax_2/boundary_periodic/energies_full_U4_L7_N7_nmax2_W4_boundaryperiodic_nreal300.txt
4.0,5.0,7,7,2,periodic,0.39682461045694817,0.06155073399906207,102.08140340414676,40.50841314074912,0.40140140140140135,300,300,150,pbs_bose_midpoint_L7/data/U_4/W_5/L_7/N_7_nmax_2/boundary_periodic/energies_full_U4_L7_N7_nmax2_W5_boundaryperiodic_nreal300.txt
4.0,6.0,7,7,2,periodic,0.4771760948938746,0.06746034143657248,93.13894909777709,44.44368001299663,0.3213213213213213,300,300,150,pbs_bose_midpoint_L7/data/U_4/W_6/L_7/N_7_nmax_2/boundary_periodic/energies_full_U4_L7_N7_nmax2_W6_boundaryperiodic_nreal300.txt
4.0,7.0,7,7,2,periodic,0.4996877453854884,0.07412898700252225,84.76016685572405,42.35361667463455,0.30130130130130134,300,300,150,pbs_bose_midpoint_L7/data/U_4/W_7/L_7/N_7_nmax_2/boundary_periodic/energies_full_U4_L7_N7_nmax2_W7_boundaryperiodic_nreal300.txt
4.0,8.0,7,7,2,periodic,0.5479472336900287,0.08093806978659521,77.62954223823354,42.53689292206331,0.26126126126126126,300,300,150,pbs_bose_midpoint_L7/data/U_4/W_8/L_7/N_7_nmax_2/boundary_periodic/energies_full_U4_L7_N7_nmax2_W8_boundaryperiodic_nreal300.txt
4.0,9.0,7,7,2,periodic,0.5672228971644544,0.08948214298344327,70.21719750657014,39.82880220044542,0.24624624624624622,300,300,150,pbs_bose_midpoint_L7/data/U_4/W_9/L_7/N_7_nmax_2/boundary_periodic/energies_full_U4_L7_N7_nmax2_W9_boundaryperiodic_nreal300.txt
4.0,10.0,7,7,2,periodic,0.6008675891719687,0.09598715686108983,65.45860417839495,39.33195368323433,0.2212212212212212,300,300,150,pbs_bose_midpoint_L7/data/U_4/W_10/L_7/N_7_nmax_2/boundary_periodic/energies_full_U4_L7_N7_nmax2_W10_boundaryperiodic_nreal300.txt
4.0,11.0,7,7,2,periodic,0.643885742724042,0.10508521320288493,59.791336151631775,38.49878888645629,0.19119119119119116,300,300,150,pbs_bose_midpoint_L7/data/U_4/W_11/L_7/N_7_nmax_2/boundary_periodic/energies_full_U4_L7_N7_nmax2_W11_boundaryperiodic_nreal300.txt
4.0,12.0,7,7,2,periodic,0.658898955079995,0.11127006334102864,56.467886496320396,37.206631408001265,0.18118118118118123,300,300,150,pbs_bose_midpoint_L7/data/U_4/W_12/L_7/N_7_nmax_2/boundary_periodic/energies_full_U4_L7_N7_nmax2_W12_boundaryperiodic_nreal300.txt
4.0,13.0,7,7,2,periodic,0.7060717714137773,0.11846994943545504,53.03611031422614,37.44730035846216,0.15115115115115116,300,300,150,pbs_bose_midpoint_L7/data/U_4/W_13/L_7/N_7_nmax_2/boundary_periodic/energies_full_U4_L7_N7_nmax2_W13_boundaryperiodic_nreal300.txt
4.0,14.0,7,7,2,periodic,0.6820776732865685,0.12575001959722706,49.9656805406823,34.08047512736856,0.16616616616616617,300,300,150,pbs_bose_midpoint_L7/data/U_4/W_14/L_7/N_7_nmax_2/boundary_periodic/energies_full_U4_L7_N7_nmax2_W14_boundaryperiodic_nreal300.txt
4.0,15.0,7,7,2,periodic,0.6742622241778342,0.13741171895979298,45.72525076276836,30.830809280393407,0.17117117117117117,300,300,150,pbs_bose_midpoint_L7/data/U_4/W_15/L_7/N_7_nmax_2/boundary_periodic/energies_full_U4_L7_N7_nmax2_W15_boundaryperiodic_nreal300.txt
5.0,0.5,7,7,2,periodic,0.22046687352394098,0.06049569684415154,103.86168992095868,22.898062055786774,0.6566566566566565,300,300,150,pbs_bose_midpoint_L7/data/U_5/W_0p5/L_7/N_7_nmax_2/boundary_periodic/energies_full_U5_L7_N7_nmax2_W0.5_boundaryperiodic_nreal300.txt
5.0,1.0,7,7,2,periodic,0.13904108340900698,0.059189316363969124,106.15404422890765,14.759773317834965,0.8568568568568571,300,300,150,pbs_bose_midpoint_L7/data/U_5/W_1/L_7/N_7_nmax_2/boundary_periodic/energies_full_U5_L7_N7_nmax2_W1_boundaryperiodic_nreal300.txt
5.0,2.0,7,7,2,periodic,0.20812215699863393,0.0573519403238676,109.5548864031157,22.80079926795675,0.6816816816816815,300,300,150,pbs_bose_midpoint_L7/data/U_5/W_2/L_7/N_7_nmax_2/boundary_periodic/energies_full_U5_L7_N7_nmax2_W2_boundaryperiodic_nreal300.txt
5.0,3.0,7,7,2,periodic,0.2776153294436801,0.058247949545675,107.8696392952449,29.946265449920354,0.5565565565565564,300,300,150,pbs_bose_midpoint_L7/data/U_5/W_3/L_7/N_7_nmax_2/boundary_periodic/energies_full_U5_L7_N7_nmax2_W3_boundaryperiodic_nreal300.txt
5.0,4.0,7,7,2,periodic,0.32248424984084423,0.06155671124276032,102.07149115554076,32.91644825543093,0.4914914914914914,300,300,150,pbs_bose_midpoint_L7/data/U_5/W_4/L_7/N_7_nmax_2/boundary_periodic/energies_full_U5_L7_N7_nmax2_W4_boundaryperiodic_nreal300.txt
5.0,5.0,7,7,2,periodic,0.41078408899656466,0.06681295774841522,94.04141829551949,38.63071834246984,0.3863863863863864,300,300,150,pbs_bose_midpoint_L7/data/U_5/W_5/L_7/N_7_nmax_2/boundary_periodic/energies_full_U5_L7_N7_nmax2_W5_boundaryperiodic_nreal300.txt
5.0,6.0,7,7,2,periodic,0.45045732517594583,0.0719651703134642,87.30869780216507,39.32884247655826,0.34634634634634637,300,300,150,pbs_bose_midpoint_L7/data/U_5/W_6/L_7/N_7_nmax_2/boundary_periodic/energies_full_U5_L7_N7_nmax2_W6_boundaryperiodic_nreal300.txt
5.0,7.0,7,7,2,periodic,0.5293266058360562,0.0790285749546711,79.5052335282962,42.08423540973604,0.27627627627627627,300,300,150,pbs_bose_midpoint_L7/data/U_5/W_7/L_7/N_7_nmax_2/boundary_periodic/energies_full_U5_L7_N7_nmax2_W7_boundaryperiodic_nreal300.txt
5.0,8.0,7,7,2,periodic,0.5416686911033152,0.0862657897772666,72.8351913707904,39.45254277607551,0.26626626626626626,300,300,150,pbs_bose_midpoint_L7/data/U_5/W_8/L_7/N_7_nmax_2/boundary_periodic/energies_full_U5_L7_N7_nmax2_W8_boundaryperiodic_nreal300.txt
5.0,9.0,7,7,2,periodic,0.6220048825634712,0.09263703875538733,67.82584365386126,42.188005916688326,0.20620620620620622,300,300,150,pbs_bose_midpoint_L7/data/U_5/W_9/L_7/N_7_nmax_2/boundary_periodic/energies_full_U5_L7_N7_nmax2_W9_boundaryperiodic_nreal300.txt
5.0,10.0,7,7,2,periodic,0.6148777653810024,0.10050324853510034,62.517235997453454,38.44045836791094,0.21121121121121117,300,300,150,pbs_bose_midpoint_L7/data/U_5/W_10/L_7/N_7_nmax_2/boundary_periodic/energies_full_U5_L7_N7_nmax2_W10_boundaryperiodic_nreal300.txt
5.0,11.0,7,7,2,periodic,0.6365079081295572,0.1076825743414246,58.34913722676944,37.13968727737549,0.19619619619619622,300,300,150,pbs_bose_midpoint_L7/data/U_5/W_11/L_7/N_7_nmax_2/boundary_periodic/energies_full_U5_L7_N7_nmax2_W11_boundaryperiodic_nreal300.txt
5.0,12.0,7,7,2,periodic,0.6365079081295572,0.11190435325597728,56.147818421389026,35.738530449436546,0.19619619619619616,300,300,150,pbs_bose_midpoint_L7/data/U_5/W_12/L_7/N_7_nmax_2/boundary_periodic/energies_full_U5_L7_N7_nmax2_W12_boundaryperiodic_nreal300.txt
5.0,13.0,7,7,2,periodic,0.7225349491787214,0.12238052835773705,51.341380785780494,37.095941956819296,0.14114114114114112,300,300,150,pbs_bose_midpoint_L7/data/U_5/W_13/L_7/N_7_nmax_2/boundary_periodic/energies_full_U5_L7_N7_nmax2_W13_boundaryperiodic_nreal300.txt
5.0,14.0,7,7,2,periodic,0.6742622241778342,0.13222786992842625,47.517859212135974,32.03949744054399,0.17117117117117123,300,300,150,pbs_bose_midpoint_L7/data/U_5/W_14/L_7/N_7_nmax_2/boundary_periodic/energies_full_U5_L7_N7_nmax2_W14_boundaryperiodic_nreal300.txt
5.0,15.0,7,7,2,periodic,0.6665363268124913,0.1323045278224857,47.49032713082804,31.65402820490572,0.17617617617617626,300,300,150,pbs_bose_midpoint_L7/data/U_5/W_15/L_7/N_7_nmax_2/boundary_periodic/energies_full_U5_L7_N7_nmax2_W15_boundaryperiodic_nreal300.txt
6.0,0.5,7,7,2,periodic,0.34557199367621394,0.07311617824198005,85.9342686974859,29.69647655889767,0.4614614614614614,300,300,150,pbs_bose_midpoint_L7/data/U_6/W_0p5/L_7/N_7_nmax_2/boundary_periodic/energies_full_U6_L7_N7_nmax2_W0.5_boundaryperiodic_nreal300.txt
6.0,1.0,7,7,2,periodic,0.17711210643450886,0.07108427588091193,88.39064939911407,15.655054104191247,0.7517517517517516,300,300,150,pbs_bose_midpoint_L7/data/U_6/W_1/L_7/N_7_nmax_2/boundary_periodic/energies_full_U6_L7_N7_nmax2_W1_boundaryperiodic_nreal300.txt
6.0,2.0,7,7,2,periodic,0.23354381399064794,0.06699469648935347,93.78630901295426,21.90321230699082,0.6316316316316314,300,300,150,pbs_bose_midpoint_L7/data/U_6/W_2/L_7/N_7_nmax_2/boundary_periodic/energies_full_U6_L7_N7_nmax2_W2_boundaryperiodic_nreal300.txt
6.0,3.0,7,7,2,periodic,0.33000347911252853,0.06579614004594699,95.49474031139047,31.51359653970628,0.4814814814814814,300,300,150,pbs_bose_midpoint_L7/data/U_6/W_3/L_7/N_7_nmax_2/boundary_periodic/energies_full_U6_L7_N7_nmax2_W3_boundaryperiodic_nreal300.txt
6.0,4.0,7,7,2,periodic,0.41554553347188755,0.06826052712314265,92.04712550555989,38.24977187276167,0.38138138138138133,300,300,150,pbs_bose_midpoint_L7/data/U_6/W_4/L_7/N_7_nmax_2/boundary_periodic/energies_full_U6_L7_N7_nmax2_W4_boundaryperiodic_nreal300.txt
6.0,5.0,7,7,2,periodic,0.4771760948938746,0.07223774940380197,86.97925058624395,41.50441913153964,0.3213213213213213,300,300,150,pbs_bose_midpoint_L7/data/U_6/W_5/L_7/N_7_nmax_2/boundary_periodic/energies_full_U6_L7_N7_nmax2_W5_boundaryperiodic_nreal300.txt
6.0,6.0,7,7,2,periodic,0.5113387538414326,0.07659377843667173,82.032580653722,41.946437565871015,0.2912912912912913,300,300,150,pbs_bose_midpoint_L7/data/U_6/W_6/L_7/N_7_nmax_2/boundary_periodic/energies_full_U6_L7_N7_nmax2_W6_boundaryperiodic_nreal300.txt
6.0,7.0,7,7,2,periodic,0.5354620899273608,0.08280184150363344,75.88219287253258,40.63203758379738,0.27127127127127126,300,300,150,pbs_bose_midpoint_L7/data/U_6/W_7/L_7/N_7_nmax_2/boundary_periodic/energies_full_U6_L7_N7_nmax2_W7_boundaryperiodic_nreal300.txt
6.0,8.0,7,7,2,periodic,0.6220048825634712,0.09034115799833851,69.54953253195119,43.260148814880615,0.20620620620620622,300,300,150,pbs_bose_midpoint_L7/data/U_6/W_8/L_7/N_7_nmax_2/boundary_periodic/energies_full_U6_L7_N7_nmax2_W8_boundaryperiodic_nreal300.txt
6.0,9.0,7,7,2,periodic,0.5939826693920356,0.09694210202631881,64.8137927262374,38.49826961695259,0.2262262262262262,300,300,150,pbs_bose_midpoint_L7/data/U_6/W_9/L_7/N_7_nmax_2/boundary_periodic/energies_full_U6_L7_N7_nmax2_W9_boundaryperiodic_nreal300.txt
6.0,10.0,7,7,2,periodic,0.6665363268124913,0.10452872420393074,60.10965268189231,40.06526710456311,0.17617617617617626,300,300,150,pbs_bose_midpoint_L7/data/U_6/W_10/L_7/N_7_nmax_2/boundary_periodic/energies_full_U6_L7_N7_nmax2_W10_boundaryperiodic_nreal300.txt
6.0,11.0,7,7,2,periodic,0.6008675891719687,0.11161911388162847,56.29130252586375,33.8236192400657,0.2212212212212212,300,300,150,pbs_bose_midpoint_L7/data/U_6/W_11/L_7/N_7_nmax_2/boundary_periodic/energies_full_U6_L7_N7_nmax2_W11_boundaryperiodic_nreal300.txt
6.0,12.0,7,7,2,periodic,0.658898955079995,0.11774408386115773,53.36306590646742,35.16086836563629,0.18118118118118118,300,300,150,pbs_bose_midpoint_L7/data/U_6/W_12/L_7/N_7_nmax_2/boundary_periodic/energies_full_U6_L7_N7_nmax2_W12_boundaryperiodic_nreal300.txt
6.0,13.0,7,7,2,periodic,0.6513490946272803,0.12435790548017564,50.52501715044736,32.9094241769717,0.1861861861861862,300,300,150,pbs_bose_midpoint_L7/data/U_6/W_13/L_7/N_7_nmax_2/boundary_periodic/energies_full_U6_L7_N7_nmax2_W13_boundaryperiodic_nreal300.txt
6.0,14.0,7,7,2,periodic,0.643885742724042,0.13367584974139704,47.00314469169067,30.264654730174858,0.19119119119119118,300,300,150,pbs_bose_midpoint_L7/data/U_6/W_14/L_7/N_7_nmax_2/boundary_periodic/energies_full_U6_L7_N7_nmax2_W14_boundaryperiodic_nreal300.txt
6.0,15.0,7,7,2,periodic,0.730909932860291,0.14212722733402508,44.20817478140868,32.31219406135543,0.13613613613613623,300,300,150,pbs_bose_midpoint_L7/data/U_6/W_15/L_7/N_7_nmax_2/boundary_periodic/energies_full_U6_L7_N7_nmax2_W15_boundaryperiodic_nreal300.txt
7.0,0.5,7,7,2,periodic,0.6292146109610344,0.08581123180569002,73.22101285537026,46.071731117964696,0.20120120120120122,300,300,150,pbs_bose_midpoint_L7/data/U_7/W_0p5/L_7/N_7_nmax_2/boundary_periodic/energies_full_U7_L7_N7_nmax2_W0.5_boundaryperiodic_nreal300.txt
7.0,1.0,7,7,2,periodic,0.28738126918510665,0.08383140270670776,74.95025854645324,21.53930042683162,0.5415415415415414,300,300,150,pbs_bose_midpoint_L7/data/U_7/W_1/L_7/N_7_nmax_2/boundary_periodic/energies_full_U7_L7_N7_nmax2_W1_boundaryperiodic_nreal300.txt
7.0,2.0,7,7,2,periodic,0.25316484786313553,0.07798850105295597,80.56553494871198,20.396361398302798,0.5965965965965965,300,300,150,pbs_bose_midpoint_L7/data/U_7/W_2/L_7/N_7_nmax_2/boundary_periodic/energies_full_U7_L7_N7_nmax2_W2_boundaryperiodic_nreal300.txt
7.0,3.0,7,7,2,periodic,0.326222200971167,0.07500113400714348,83.77453741674286,27.329113981431238,0.4864864864864864,300,300,150,pbs_bose_midpoint_L7/data/U_7/W_3/L_7/N_7_nmax_2/boundary_periodic/energies_full_U7_L7_N7_nmax2_W3_boundaryperiodic_nreal300.txt
7.0,4.0,7,7,2,periodic,0.45045732517594583,0.07541284287961662,83.31717870932926,37.53083346261072,0.3463463463463463,300,300,150,pbs_bose_midpoint_L7/data/U_7/W_4/L_7/N_7_nmax_2/boundary_periodic/energies_full_U7_L7_N7_nmax2_W4_boundaryperiodic_nreal300.txt
7.0,5.0,7,7,2,periodic,0.5416686911033152,0.07840469660953933,80.13786901657527,43.40817461801724,0.26626626626626626,300,300,150,pbs_bose_midpoint_L7/data/U_7/W_5/L_7/N_7_nmax_2/boundary_periodic/energies_full_U7_L7_N7_nmax2_W5_boundaryperiodic_nreal300.txt
7.0,6.0,7,7,2,periodic,0.6078323128297229,0.08379070658325305,74.98666097220124,45.5793155701114,0.21621621621621626,300,300,150,pbs_bose_midpoint_L7/data/U_7/W_6/L_7/N_7_nmax_2/boundary_periodic/energies_full_U7_L7_N7_nmax2_W6_boundaryperiodic_nreal300.txt
7.0,7.0,7,7,2,periodic,0.6008675891719687,0.0900309498072178,69.78917050896048,41.93405063403054,0.2212212212212212,300,300,150,pbs_bose_midpoint_L7/data/U_7/W_7/L_7/N_7_nmax_2/boundary_periodic/energies_full_U7_L7_N7_nmax2_W7_boundaryperiodic_nreal300.txt
7.0,8.0,7,7,2,periodic,0.5871766390733255,0.09505299978645111,66.10191494529974,38.813500253891924,0.2312312312312313,300,300,150,pbs_bose_midpoint_L7/data/U_7/W_8/L_7/N_7_nmax_2/boundary_periodic/energies_full_U7_L7_N7_nmax2_W8_boundaryperiodic_nreal300.txt
7.0,9.0,7,7,2,periodic,0.6078323128297229,0.10147010787774682,61.921539639532966,37.63791265307469,0.21621621621621626,300,300,150,pbs_bose_midpoint_L7/data/U_7/W_9/L_7/N_7_nmax_2/boundary_periodic/energies_full_U7_L7_N7_nmax2_W9_boundaryperiodic_nreal300.txt
7.0,10.0,7,7,2,periodic,0.643885742724042,0.10807384247702326,58.13789130811561,37.43415932533564,0.19119119119119118,300,300,150,pbs_bose_midpoint_L7/data/U_7/W_10/L_7/N_7_nmax_2/boundary_periodic/energies_full_U7_L7_N7_nmax2_W10_boundaryperiodic_nreal300.txt
7.0,11.0,7,7,2,periodic,0.6220048825634712,0.1159651834291271,54.18165281495543,33.70125259626112,0.20620620620620614,300,300,150,pbs_bose_midpoint_L7/data/U_7/W_11/L_7/N_7_nmax_2/boundary_periodic/energies_full_U7_L7_N7_nmax2_W11_boundaryperiodic_nreal300.txt
7.0,12.0,7,7,2,periodic,0.658898955079995,0.12204840767701848,51.48109202544475,33.920837741942606,0.18118118118118123,300,300,150,pbs_bose_midpoint_L7/data/U_7/W_12/L_7/N_7_nmax_2/boundary_periodic/energies_full_U7_L7_N7_nmax2_W12_boundaryperiodic_nreal300.txt
7.0,13.0,7,7,2,periodic,0.697981390783066,0.12984751838184244,48.38895179115114,33.77458786972241,0.15615615615615613,300,300,150,pbs_bose_midpoint_L7/data/U_7/W_13/L_7/N_7_nmax_2/boundary_periodic/energies_full_U7_L7_N7_nmax2_W13_boundaryperiodic_nreal300.txt
7.0,14.0,7,7,2,periodic,0.6899837121430018,0.13539027164613626,46.40795258614798,32.020731398346804,0.16116116116116116,300,300,150,pbs_bose_midpoint_L7/data/U_7/W_14/L_7/N_7_nmax_2/boundary_periodic/energies_full_U7_L7_N7_nmax2_W14_boundaryperiodic_nreal300.txt
7.0,15.0,7,7,2,periodic,0.7060717714137773,0.1455684849961928,43.16308785753947,30.4762379032614,0.15115115115115116,300,300,150,pbs_bose_midpoint_L7/data/U_7/W_15/L_7/N_7_nmax_2/boundary_periodic/energies_full_U7_L7_N7_nmax2_W15_boundaryperiodic_nreal300.txt
8.0,0.5,7,7,2,periodic,0.8296958520834906,0.0987693498214028,63.614727833492864,52.78087581486921,0.08108108108108117,300,300,150,pbs_bose_midpoint_L7/data/U_8/W_0p5/L_7/N_7_nmax_2/boundary_periodic/energies_full_U8_L7_N7_nmax2_W0.5_boundaryperiodic_nreal300.txt
8.0,1.0,7,7,2,periodic,0.3536295501355043,0.09681353944680221,64.89986155946829,22.950508847131278,0.4514514514514514,300,300,150,pbs_bose_midpoint_L7/data/U_8/W_1/L_7/N_7_nmax_2/boundary_periodic/energies_full_U8_L7_N7_nmax2_W1_boundaryperiodic_nreal300.txt
8.0,2.0,7,7,2,periodic,0.26207066964838527,0.09069024275071373,69.281822571041,18.156733635653328,0.5815815815815815,300,300,150,pbs_bose_midpoint_L7/data/U_8/W_2/L_7/N_7_nmax_2/boundary_periodic/energies_full_U8_L7_N7_nmax2_W2_boundaryperiodic_nreal300.txt
8.0,3.0,7,7,2,periodic,0.3703126675869927,0.08515650037206939,73.78397749704165,27.323141532108135,0.43143143143143137,300,300,150,pbs_bose_midpoint_L7/data/U_8/W_3/L_7/N_7_nmax_2/boundary_periodic/energies_full_U8_L7_N7_nmax2_W3_boundaryperiodic_nreal300.txt
8.0,4.0,7,7,2,periodic,0.4939621743878321,0.0839079178527532,74.8819118382333,36.98883199393166,0.30630630630630623,300,300,150,pbs_bose_midpoint_L7/data/U_8/W_4/L_7/N_7_nmax_2/boundary_periodic/energies_full_U8_L7_N7_nmax2_W4_boundaryperiodic_nreal300.txt
8.0,5.0,7,7,2,periodic,0.5672228971644544,0.08566909236425987,73.34249883801566,41.60154467617987,0.24624624624624625,300,300,150,pbs_bose_midpoint_L7/data/U_8/W_5/L_7/N_7_nmax_2/boundary_periodic/energies_full_U8_L7_N7_nmax2_W5_boundaryperiodic_nreal300.txt
8.0,6.0,7,7,2,periodic,0.5479472336900287,0.08917068451417469,70.46245457699501,38.609707064473724,0.2612612612612612,300,300,150,pbs_bose_midpoint_L7/data/U_8/W_6/L_7/N_7_nmax_2/boundary_periodic/energies_full_U8_L7_N7_nmax2_W6_boundaryperiodic_nreal300.txt
8.0,7.0,7,7,2,periodic,0.6292146109610344,0.09476151636749873,66.30524233922655,41.72022726315354,0.20120120120120122,300,300,150,pbs_bose_midpoint_L7/data/U_8/W_7/L_7/N_7_nmax_2/boundary_periodic/energies_full_U8_L7_N7_nmax2_W7_boundaryperiodic_nreal300.txt
8.0,8.0,7,7,2,periodic,0.6365079081295572,0.10013973057229518,62.7441802696232,39.937166930721695,0.19619619619619622,300,300,150,pbs_bose_midpoint_L7/data/U_8/W_8/L_7/N_7_nmax_2/boundary_periodic/energies_full_U8_L7_N7_nmax2_W8_boundaryperiodic_nreal300.txt
8.0,9.0,7,7,2,periodic,0.6665363268124913,0.10667547072108793,58.90000076594466,39.25899015978568,0.1761761761761762,300,300,150,pbs_bose_midpoint_L7/data/U_8/W_9/L_7/N_7_nmax_2/boundary_periodic/energies_full_U8_L7_N7_nmax2_W9_boundaryperiodic_nreal300.txt
8.0,10.0,7,7,2,periodic,0.6899837121430018,0.11384917185439371,55.188678185691195,38.07928904282872,0.16116116116116116,300,300,150,pbs_bose_midpoint_L7/data/U_8/W_10/L_7/N_7_nmax_2/boundary_periodic/energies_full_U8_L7_N7_nmax2_W10_boundaryperiodic_nreal300.txt
8.0,11.0,7,7,2,periodic,0.6665363268124913,0.1195039684618985,52.577210514836224,35.04462077060603,0.17617617617617626,300,300,150,pbs_bose_midpoint_L7/data/U_8/W_11/L_7/N_7_nmax_2/boundary_periodic/energies_full_U8_L7_N7_nmax2_W11_boundaryperiodic_nreal300.txt
8.0,12.0,7,7,2,periodic,0.6365079081295572,0.12741277412600144,49.313621418885354,31.38851001162764,0.19619619619619616,300,300,150,pbs_bose_midpoint_L7/data/U_8/W_12/L_7/N_7_nmax_2/boundary_periodic/energies_full_U8_L7_N7_nmax2_W12_boundaryperiodic_nreal300.txt
8.0,13.0,7,7,2,periodic,0.658898955079995,0.1355074978903815,46.367805508905164,30.551698599170045,0.18118118118118123,300,300,150,pbs_bose_midpoint_L7/data/U_8/W_13/L_7/N_7_nmax_2/boundary_periodic/energies_full_U8_L7_N7_nmax2_W13_boundaryperiodic_nreal300.txt
8.0,14.0,7,7,2,periodic,0.697981390783066,0.14287678973176676,43.97624917927872,30.694603563575622,0.15615615615615622,300,300,150,pbs_bose_midpoint_L7/data/U_8/W_14/L_7/N_7_nmax_2/boundary_periodic/energies_full_U8_L7_N7_nmax2_W14_boundaryperiodic_nreal300.txt
8.0,15.0,7,7,2,periodic,0.7653919388230148,0.14766647310335093,42.54984340813788,32.56730714277033,0.11611611611611611,300,300,150,pbs_bose_midpoint_L7/data/U_8/W_15/L_7/N_7_nmax_2/boundary_periodic/energies_full_U8_L7_N7_nmax2_W15_boundaryperiodic_nreal300.txt
9.0,0.5,7,7,2,periodic,0.4252346334528682,0.11174107393711666,56.22986325257182,23.91088528931228,0.3713713713713714,300,300,150,pbs_bose_midpoint_L7/data/U_9/W_0p5/L_7/N_7_nmax_2/boundary_periodic/energies_full_U9_L7_N7_nmax2_W0.5_boundaryperiodic_nreal300.txt
9.0,1.0,7,7,2,periodic,0.29071233772725785,0.10986057873980919,57.192355795435155,16.626523453420038,0.5365365365365364,300,300,150,pbs_bose_midpoint_L7/data/U_9/W_1/L_7/N_7_nmax_2/boundary_periodic/energies_full_U9_L7_N7_nmax2_W1_boundaryperiodic_nreal300.txt
9.0,2.0,7,7,2,periodic,0.29408201705870635,0.10376092773111391,60.55444418791083,17.807973088649675,0.5315315315315314,300,300,150,pbs_bose_midpoint_L7/data/U_9/W_2/L_7/N_7_nmax_2/boundary_periodic/energies_full_U9_L7_N7_nmax2_W2_boundaryperiodic_nreal300.txt
9.0,3.0,7,7,2,periodic,0.39682461045694817,0.09688318692358723,64.85320628578413,25.735348321240387,0.4014014014014014,300,300,150,pbs_bose_midpoint_L7/data/U_9/W_3/L_7/N_7_nmax_2/boundary_periodic/energies_full_U9_L7_N7_nmax2_W3_boundaryperiodic_nreal300.txt
9.0,4.0,7,7,2,periodic,0.4827070965603183,0.09292522738599229,67.61549564017236,32.63847958295446,0.3163163163163163,300,300,150,pbs_bose_midpoint_L7/data/U_9/W_4/L_7/N_7_nmax_2/boundary_periodic/energies_full_U9_L7_N7_nmax2_W4_boundaryperiodic_nreal300.txt
9.0,5.0,7,7,2,periodic,0.4996877453854884,0.09354146317810445,67.17005586299521,33.56405377159738,0.30130130130130134,300,300,150,pbs_bose_midpoint_L7/data/U_9/W_5/L_7/N_7_nmax_2/boundary_periodic/energies_full_U9_L7_N7_nmax2_W5_boundaryperiodic_nreal300.txt
9.0,6.0,7,7,2,periodic,0.5939826693920356,0.09623830849161343,65.28777786786566,38.77980857662911,0.2262262262262262,300,300,150,pbs_bose_midpoint_L7/data/U_9/W_6/L_7/N_7_nmax_2/boundary_periodic/energies_full_U9_L7_N7_nmax2_W6_boundaryperiodic_nreal300.txt
9.0,7.0,7,7,2,periodic,0.643885742724042,0.10060737128738952,62.452534310148934,40.21229643928896,0.19119119119119116,300,300,150,pbs_bose_midpoint_L7/data/U_9/W_7/L_7/N_7_nmax_2/boundary_periodic/energies_full_U9_L7_N7_nmax2_W7_boundaryperiodic_nreal300.txt
9.0,8.0,7,7,2,periodic,0.6665363268124913,0.10576113987363603,59.40920563721958,39.59839370428029,0.1761761761761762,300,300,150,pbs_bose_midpoint_L7/data/U_9/W_8/L_7/N_7_nmax_2/boundary_periodic/energies_full_U9_L7_N7_nmax2_W8_boundaryperiodic_nreal300.txt
9.0,9.0,7,7,2,periodic,0.643885742724042,0.11276985036623852,55.7168896364934,35.87531086586703,0.19119119119119118,300,300,150,pbs_bose_midpoint_L7/data/U_9/W_9/L_7/N_7_nmax_2/boundary_periodic/energies_full_U9_L7_N7_nmax2_W9_boundaryperiodic_nreal300.txt
9.0,10.0,7,7,2,periodic,0.6899837121430018,0.11870136585396461,52.93271279548405,36.52270966842745,0.16116116116116125,300,300,150,pbs_bose_midpoint_L7/data/U_9/W_10/L_7/N_7_nmax_2/boundary_periodic/energies_full_U9_L7_N7_nmax2_W10_boundaryperiodic_nreal300.txt
9.0,11.0,7,7,2,periodic,0.6665363268124913,0.12464403904462898,50.40903163391458,33.5994507834441,0.17617617617617626,300,300,150,pbs_bose_midpoint_L7/data/U_9/W_11/L_7/N_7_nmax_2/boundary_periodic/energies_full_U9_L7_N7_nmax2_W11_boundaryperiodic_nreal300.txt
9.0,12.0,7,7,2,periodic,0.6820776732865685,0.1322885823112488,47.49605141580925,32.3959962399944,0.16616616616616617,300,300,150,pbs_bose_midpoint_L7/data/U_9/W_12/L_7/N_7_nmax_2/boundary_periodic/energies_full_U9_L7_N7_nmax2_W12_boundaryperiodic_nreal300.txt
9.0,13.0,7,7,2,periodic,0.730909932860291,0.13874918817422316,45.28448338948103,33.09887871381854,0.13613613613613623,300,300,150,pbs_bose_midpoint_L7/data/U_9/W_13/L_7/N_7_nmax_2/boundary_periodic/energies_full_U9_L7_N7_nmax2_W13_boundaryperiodic_nreal300.txt
9.0,14.0,7,7,2,periodic,0.6742622241778342,0.14564796682316042,43.1395332473701,29.087357637365393,0.17117117117117117,300,300,150,pbs_bose_midpoint_L7/data/U_9/W_14/L_7/N_7_nmax_2/boundary_periodic/energies_full_U9_L7_N7_nmax2_W14_boundaryperiodic_nreal300.txt
9.0,15.0,7,7,2,periodic,0.730909932860291,0.15409405006903906,40.77500269714839,29.802854483750913,0.13613613613613623,300,300,150,pbs_bose_midpoint_L7/data/U_9/W_15/L_7/N_7_nmax_2/boundary_periodic/energies_full_U9_L7_N7_nmax2_W15_boundaryperiodic_nreal300.txt
10.0,0.5,7,7,2,periodic,0.27128978003724674,0.1248200528725647,50.33794781031232,13.656170788986037,0.5665665665665665,300,300,150,pbs_bose_midpoint_L7/data/U_10/W_0p5/L_7/N_7_nmax_2/boundary_periodic/energies_full_U10_L7_N7_nmax2_W0.5_boundaryperiodic_nreal300.txt
10.0,1.0,7,7,2,periodic,0.22822244741868986,0.12297370770504386,51.09372909410844,11.660735901604948,0.6416416416416415,300,300,150,pbs_bose_midpoint_L7/data/U_10/W_1/L_7/N_7_nmax_2/boundary_periodic/energies_full_U10_L7_N7_nmax2_W1_boundaryperiodic_nreal300.txt
10.0,2.0,7,7,2,periodic,0.29749075472144404,0.11693501565070004,53.73228260342711,15.984857304599448,0.5265265265265264,300,300,150,pbs_bose_midpoint_L7/data/U_10/W_2/L_7/N_7_nmax_2/boundary_periodic/energies_full_U10_L7_N7_nmax2_W2_boundaryperiodic_nreal300.txt
10.0,3.0,7,7,2,periodic,0.39227767589277196,0.11011313688603253,57.061178028945854,22.383826300898583,0.4064064064064063,300,300,150,pbs_bose_midpoint_L7/data/U_10/W_3/L_7/N_7_nmax_2/boundary_periodic/energies_full_U10_L7_N7_nmax2_W3_boundaryperiodic_nreal300.txt
10.0,4.0,7,7,2,periodic,0.44529585099426555,0.10403612121321551,60.3942672401501,26.893316625877734,0.3513513513513513,300,300,150,pbs_bose_midpoint_L7/data/U_10/W_4/L_7/N_7_nmax_2/boundary_periodic/energies_full_U10_L7_N7_nmax2_W4_boundaryperiodic_nreal300.txt
1.0,0.5,9,9,2,periodic,0.04871780218794631,0.004275950292216502,1469.4243098702173,71.58712285841676,1.3123123123123124,300,300,100,pbs_bose_midpoint_L9/data/U_1/W_0p5/L_9/N_9_nmax_2/boundary_periodic/energies_polfed_U1_L9_N9_nmax2_W0.5_boundaryperiodic_nreal300.txt
1.0,1.0,9,9,2,periodic,0.04928249570040513,0.004274892822050872,1469.7877978997471,72.43481083050222,1.3073073073073074,300,300,100,pbs_bose_midpoint_L9/data/U_1/W_1/L_9/N_9_nmax_2/boundary_periodic/energies_polfed_U1_L9_N9_nmax2_W1_boundaryperiodic_nreal300.txt
1.0,2.0,9,9,2,periodic,0.07292272058728312,0.004593440858433518,1367.8602818285365,99.7480931342247,1.1371371371371373,300,300,100,pbs_bose_midpoint_L9/data/U_1/W_2/L_9/N_9_nmax_2/boundary_periodic/energies_polfed_U1_L9_N9_nmax2_W2_boundaryperiodic_nreal300.txt
1.0,3.0,9,9,2,periodic,0.060643293954080614,0.005134047318869736,1223.8269180118957,74.21689553791191,1.2172172172172173,300,300,100,pbs_bose_midpoint_L9/data/U_1/W_3/L_9/N_9_nmax_2/boundary_periodic/energies_polfed_U1_L9_N9_nmax2_W3_boundaryperiodic_nreal300.txt
1.0,4.0,9,9,2,periodic,0.11562801312073753,0.006079321961873899,1033.533895158737,119.50547079014142,0.9369369369369372,299,299,100,pbs_bose_midpoint_L9/data/U_1/W_4/L_9/N_9_nmax_2/boundary_periodic/energies_polfed_U1_L9_N9_nmax2_W4_boundaryperiodic_nreal300.txt
1.0,5.0,9,9,2,periodic,0.24175940791691308,0.0068788329792264,913.4086154082198,220.8251260472986,0.6166166166166165,298,298,100,pbs_bose_midpoint_L9/data/U_1/W_5/L_9/N_9_nmax_2/boundary_periodic/energies_polfed_U1_L9_N9_nmax2_W5_boundaryperiodic_nreal300.txt
1.0,6.0,9,9,2,periodic,0.3703126675869927,0.007913374650924926,793.9956825429969,294.0266592550522,0.4314314314314313,296,296,100,pbs_bose_midpoint_L9/data/U_1/W_6/L_9/N_9_nmax_2/boundary_periodic/energies_polfed_U1_L9_N9_nmax2_W6_boundaryperiodic_nreal300.txt
1.0,7.0,9,9,2,periodic,0.5293266058360562,0.009020830212587047,696.5196283610859,368.6863707785648,0.27627627627627627,290,290,100,pbs_bose_midpoint_L9/data/U_1/W_7/L_9/N_9_nmax_2/boundary_periodic/energies_polfed_U1_L9_N9_nmax2_W7_boundaryperiodic_nreal300.txt
1.0,8.0,9,9,2,periodic,0.5354620899273608,0.009951460092737802,631.3832592028195,338.0817995178903,0.2712712712712712,289,289,100,pbs_bose_midpoint_L9/data/U_1/W_8/L_9/N_9_nmax_2/boundary_periodic/energies_polfed_U1_L9_N9_nmax2_W8_boundaryperiodic_nreal300.txt
1.0,9.0,9,9,2,periodic,0.6665363268124913,0.011092307770422274,566.4452733572493,377.5563518438385,0.17617617617617626,287,287,100,pbs_bose_midpoint_L9/data/U_1/W_9/L_9/N_9_nmax_2/boundary_periodic/energies_polfed_U1_L9_N9_nmax2_W9_boundaryperiodic_nreal300.txt
1.0,10.0,9,9,2,periodic,0.6899837121430018,0.01197506961563747,524.688833455697,362.02674902774305,0.16116116116116125,281,281,100,pbs_bose_midpoint_L9/data/U_1/W_10/L_9/N_9_nmax_2/boundary_periodic/energies_polfed_U1_L9_N9_nmax2_W10_boundaryperiodic_nreal300.txt
1.0,11.0,9,9,2,periodic,0.7479522515621821,0.01313895831246681,478.21030843958374,357.6784769176323,0.1261261261261261,279,279,100,pbs_bose_midpoint_L9/data/U_1/W_11/L_9/N_9_nmax_2/boundary_periodic/energies_polfed_U1_L9_N9_nmax2_W11_boundaryperiodic_nreal300.txt
1.0,12.0,9,9,2,periodic,0.8107909806731687,0.014128594409185116,444.71411134109957,360.57019045344686,0.09109109109109115,289,289,100,pbs_bose_midpoint_L9/data/U_1/W_12/L_9/N_9_nmax_2/boundary_periodic/energies_polfed_U1_L9_N9_nmax2_W12_boundaryperiodic_nreal300.txt
1.0,13.0,9,9,2,periodic,0.7479522515621821,0.015450640158102442,406.66181095963407,304.1636171316128,0.1261261261261261,283,283,100,pbs_bose_midpoint_L9/data/U_1/W_13/L_9/N_9_nmax_2/boundary_periodic/energies_polfed_U1_L9_N9_nmax2_W13_boundaryperiodic_nreal300.txt
1.0,14.0,9,9,2,periodic,0.7225349491787214,0.01662337160863552,377.9729801573824,273.0986880089442,0.14114114114114112,286,286,100,pbs_bose_midpoint_L9/data/U_1/W_14/L_9/N_9_nmax_2/boundary_periodic/energies_polfed_U1_L9_N9_nmax2_W14_boundaryperiodic_nreal300.txt
1.0,15.0,9,9,2,periodic,0.6899837121430018,0.017317318941995657,362.8266782072392,250.34449829394526,0.16116116116116125,283,283,100,pbs_bose_midpoint_L9/data/U_1/W_15/L_9/N_9_nmax_2/boundary_periodic/energies_polfed_U1_L9_N9_nmax2_W15_boundaryperiodic_nreal300.txt
2.0,0.5,9,9,2,periodic,0.03959110266468459,0.00548409898412299,1145.7096827336688,45.35990967303189,1.4024024024024024,300,300,100,pbs_bose_midpoint_L9/data/U_2/W_0p5/L_9/N_9_nmax_2/boundary_periodic/energies_polfed_U2_L9_N9_nmax2_W0.5_boundaryperiodic_nreal300.txt
2.0,1.0,9,9,2,periodic,0.051016153147498335,0.005305465550813374,1184.2853840067476,60.41768452083211,1.2922922922922924,300,300,100,pbs_bose_midpoint_L9/data/U_2/W_1/L_9/N_9_nmax_2/boundary_periodic/energies_polfed_U2_L9_N9_nmax2_W1_boundaryperiodic_nreal300.txt
2.0,2.0,9,9,2,periodic,0.04928249570040513,0.005216663207187941,1204.445266568504,59.35806867103561,1.3073073073073074,300,300,100,pbs_bose_midpoint_L9/data/U_2/W_2/L_9/N_9_nmax_2/boundary_periodic/energies_polfed_U2_L9_N9_nmax2_W2_boundaryperiodic_nreal300.txt
2.0,3.0,9,9,2,periodic,0.056591701632462424,0.005631882647105685,1115.6456376818533,63.136285055249715,1.2472472472472473,300,300,100,pbs_bose_midpoint_L9/data/U_2/W_3/L_9/N_9_nmax_2/boundary_periodic/energies_polfed_U2_L9_N9_nmax2_W3_boundaryperiodic_nreal300.txt
2.0,4.0,9,9,2,periodic,0.09727203192450537,0.00632954303312631,992.6759758636435,96.55960921489786,1.0120120120120122,299,299,100,pbs_bose_midpoint_L9/data/U_2/W_4/L_9/N_9_nmax_2/boundary_periodic/energies_polfed_U2_L9_N9_nmax2_W4_boundaryperiodic_nreal300.txt
2.0,5.0,9,9,2,periodic,0.18761746914391214,0.007331132475779044,857.0552132209154,160.79853002110414,0.7267267267267266,299,299,100,pbs_bose_midpoint_L9/data/U_2/W_5/L_9/N_9_nmax_2/boundary_periodic/energies_polfed_U2_L9_N9_nmax2_W5_boundaryperiodic_nreal300.txt
2.0,6.0,9,9,2,periodic,0.4014242490499322,0.008335309779671155,753.8034546122736,302.5949856989766,0.39639639639639634,295,295,100,pbs_bose_midpoint_L9/data/U_2/W_6/L_9/N_9_nmax_2/boundary_periodic/energies_polfed_U2_L9_N9_nmax2_W6_boundaryperiodic_nreal300.txt
2.0,7.0,9,9,2,periodic,0.4996877453854884,0.009519956228457669,660.0014912250838,329.7946571013223,0.30130130130130134,291,291,100,pbs_bose_midpoint_L9/data/U_2/W_7/L_9/N_9_nmax_2/boundary_periodic/energies_polfed_U2_L9_N9_nmax2_W7_boundaryperiodic_nreal300.txt
2.0,8.0,9,9,2,periodic,0.5354620899273608,0.01042219953206623,602.8655743778422,322.81166040161816,0.2712712712712712,290,290,100,pbs_bose_midpoint_L9/data/U_2/W_8/L_9/N_9_nmax_2/boundary_periodic/energies_polfed_U2_L9_N9_nmax2_W8_boundaryperiodic_nreal300.txt
2.0,9.0,9,9,2,periodic,0.6148777653810024,0.011532781451179959,544.8109230004295,334.99212288966544,0.21121121121121117,286,286,100,pbs_bose_midpoint_L9/data/U_2/W_9/L_9/N_9_nmax_2/boundary_periodic/energies_polfed_U2_L9_N9_nmax2_W9_boundaryperiodic_nreal300.txt
2.0,10.0,9,9,2,periodic,0.6078323128297229,0.012369946496402417,507.93957023233213,308.74208375205393,0.21621621621621626,284,284,100,pbs_bose_midpoint_L9/data/U_2/W_10/L_9/N_9_nmax_2/boundary_periodic/energies_polfed_U2_L9_N9_nmax2_W10_boundaryperiodic_nreal300.txt
2.0,11.0,9,9,2,periodic,0.658898955079995,0.013707563204706428,458.3736155980141,302.0218963537708,0.18118118118118118,285,285,100,pbs_bose_midpoint_L9/data/U_2/W_11/L_9/N_9_nmax_2/boundary_periodic/energies_polfed_U2_L9_N9_nmax2_W11_boundaryperiodic_nreal300.txt
2.0,12.0,9,9,2,periodic,0.7060717714137773,0.014616423062783369,429.8716095032826,303.5202088024743,0.15115115115115116,279,279,100,pbs_bose_midpoint_L9/data/U_2/W_12/L_9/N_9_nmax_2/boundary_periodic/energies_polfed_U2_L9_N9_nmax2_W12_boundaryperiodic_nreal300.txt
2.0,13.0,9,9,2,periodic,0.730909932860291,0.01580871089750971,397.45083251344386,290.50076130766803,0.13613613613613623,285,285,100,pbs_bose_midpoint_L9/data/U_2/W_13/L_9/N_9_nmax_2/boundary_periodic/energies_polfed_U2_L9_N9_nmax2_W13_boundaryperiodic_nreal300.txt
2.0,14.0,9,9,2,periodic,0.7060717714137773,0.017177458578870673,365.78084460691343,258.267528900831,0.15115115115115116,277,277,100,pbs_bose_midpoint_L9/data/U_2/W_14/L_9/N_9_nmax_2/boundary_periodic/energies_polfed_U2_L9_N9_nmax2_W14_boundaryperiodic_nreal300.txt
2.0,15.0,9,9,2,periodic,0.7479522515621821,0.01789452383728181,351.1233584259489,262.62350651076355,0.12612612612612617,269,269,100,pbs_bose_midpoint_L9/data/U_2/W_15/L_9/N_9_nmax_2/boundary_periodic/energies_polfed_U2_L9_N9_nmax2_W15_boundaryperiodic_nreal300.txt
3.0,0.5,9,9,2,periodic,0.056591701632462424,0.0073957221123385165,849.5702261037026,48.07862475148438,1.2472472472472473,300,300,100,pbs_bose_midpoint_L9/data/U_3/W_0p5/L_9/N_9_nmax_2/boundary_periodic/energies_polfed_U3_L9_N9_nmax2_W0.5_boundaryperiodic_nreal300.txt
3.0,1.0,9,9,2,periodic,0.05791122647641758,0.00686992199901197,914.593398306885,52.96522542318641,1.2372372372372373,300,300,100,pbs_bose_midpoint_L9/data/U_3/W_1/L_9/N_9_nmax_2/boundary_periodic/energies_polfed_U3_L9_N9_nmax2_W1_boundaryperiodic_nreal300.txt
3.0,2.0,9,9,2,periodic,0.059261518124755524,0.00617411695703798,1017.6654169171962,60.30839754957531,1.2272272272272273,300,300,100,pbs_bose_midpoint_L9/data/U_3/W_2/L_9/N_9_nmax_2/boundary_periodic/energies_polfed_U3_L9_N9_nmax2_W2_boundaryperiodic_nreal300.txt
3.0,3.0,9,9,2,periodic,0.05994842503189409,0.006294080885392014,998.268916715431,59.84464931538514,1.2222222222222223,299,299,100,pbs_bose_midpoint_L9/data/U_3/W_3/L_9/N_9_nmax_2/boundary_periodic/energies_polfed_U3_L9_N9_nmax2_W3_boundaryperiodic_nreal300.txt
3.0,4.0,9,9,2,periodic,0.1267952846786434,0.006959709724380017,902.7941618268144,114.47004275504818,0.8968968968968971,300,300,100,pbs_bose_midpoint_L9/data/U_3/W_4/L_9/N_9_nmax_2/boundary_periodic/energies_polfed_U3_L9_N9_nmax2_W4_boundaryperiodic_nreal300.txt
3.0,5.0,9,9,2,periodic,0.18979216428391013,0.007785347695044593,807.0526267155493,153.17226471535872,0.7217217217217217,297,297,100,pbs_bose_midpoint_L9/data/U_3/W_5/L_9/N_9_nmax_2/boundary_periodic/energies_polfed_U3_L9_N9_nmax2_W5_boundaryperiodic_nreal300.txt
3.0,6.0,9,9,2,periodic,0.4717084690917017,0.008912243737262635,705.0059998818485,332.5573009047312,0.3263263263263263,295,295,100,pbs_bose_midpoint_L9/data/U_3/W_6/L_9/N_9_nmax_2/boundary_periodic/energies_polfed_U3_L9_N9_nmax2_W6_boundaryperiodic_nreal300.txt
3.0,7.0,9,9,2,periodic,0.46096044868284336,0.009875241988094089,636.2563383008535,293.2890071804644,0.3363363363363363,289,289,100,pbs_bose_midpoint_L9/data/U_3/W_7/L_9/N_9_nmax_2/boundary_periodic/energies_polfed_U3_L9_N9_nmax2_W7_boundaryperiodic_nreal300.txt
3.0,8.0,9,9,2,periodic,0.5607234882852032,0.010992221575778251,571.6028615202597,320.511150425444,0.25125125125125125,290,290,100,pbs_bose_midpoint_L9/data/U_3/W_8/L_9/N_9_nmax_2/boundary_periodic/energies_polfed_U3_L9_N9_nmax2_W8_boundaryperiodic_nreal300.txt
3.0,9.0,9,9,2,periodic,0.6078323128297229,0.011993258590779059,523.8930904075039,318.43914881790425,0.21621621621621626,287,287,100,pbs_bose_midpoint_L9/data/U_3/W_9/L_9/N_9_nmax_2/boundary_periodic/energies_polfed_U3_L9_N9_nmax2_W9_boundaryperiodic_nreal300.txt
3.0,10.0,9,9,2,periodic,0.6513490946272803,0.013196490896670274,476.1254606529493,310.1238877252953,0.1861861861861862,289,289,100,pbs_bose_midpoint_L9/data/U_3/W_10/L_9/N_9_nmax_2/boundary_periodic/energies_polfed_U3_L9_N9_nmax2_W10_boundaryperiodic_nreal300.txt
3.0,11.0,9,9,2,periodic,0.658898955079995,0.01440508938321745,436.17815481934934,287.39733043918955,0.18118118118118123,290,290,100,pbs_bose_midpoint_L9/data/U_3/W_11/L_9/N_9_nmax_2/boundary_periodic/energies_polfed_U3_L9_N9_nmax2_W11_boundaryperiodic_nreal300.txt
3.0,12.0,9,9,2,periodic,0.7060717714137773,0.01528833770475861,410.9789715872052,290.18065048239043,0.15115115115115116,285,285,100,pbs_bose_midpoint_L9/data/U_3/W_12/L_9/N_9_nmax_2/boundary_periodic/energies_polfed_U3_L9_N9_nmax2_W12_boundaryperiodic_nreal300.txt
3.0,13.0,9,9,2,periodic,0.7479522515621821,0.016637688580549193,377.6477289354448,282.4624691546106,0.1261261261261261,280,280,100,pbs_bose_midpoint_L9/data/U_3/W_13/L_9/N_9_nmax_2/boundary_periodic/energies_polfed_U3_L9_N9_nmax2_W13_boundaryperiodic_nreal300.txt
3.0,14.0,9,9,2,periodic,0.7393819919175866,0.017143331783228404,366.5089952541505,270.9901509667271,0.13113113113113117,280,280,100,pbs_bose_midpoint_L9/data/U_3/W_14/L_9/N_9_nmax_2/boundary_periodic/energies_polfed_U3_L9_N9_nmax2_W14_boundaryperiodic_nreal300.txt
3.0,15.0,9,9,2,periodic,0.7479522515621821,0.018611755182840337,337.59230365186386,252.50292362647545,0.12612612612612617,277,277,100,pbs_bose_midpoint_L9/data/U_3/W_15/L_9/N_9_nmax_2/boundary_periodic/energies_polfed_U3_L9_N9_nmax2_W15_boundaryperiodic_nreal300.txt
4.0,0.5,9,9,2,periodic,0.19646866461804466,0.010196762620777587,616.1941334572758,121.06283854582418,0.7067067067067065,300,300,100,pbs_bose_midpoint_L9/data/U_4/W_0p5/L_9/N_9_nmax_2/boundary_periodic/energies_polfed_U4_L9_N9_nmax2_W0.5_boundaryperiodic_nreal300.txt
4.0,1.0,9,9,2,periodic,0.0790492762269642,0.009404000683968712,668.1396055075501,52.81595223394122,1.1021021021021022,300,300,100,pbs_bose_midpoint_L9/data/U_4/W_1/L_9/N_9_nmax_2/boundary_periodic/energies_polfed_U4_L9_N9_nmax2_W1_boundaryperiodic_nreal300.txt
4.0,3.0,9,9,2,periodic,0.0897331581458352,0.007269488461668695,864.3228942875706,77.55842296217257,1.0470470470470472,300,300,100,pbs_bose_midpoint_L9/data/U_4/W_3/L_9/N_9_nmax_2/boundary_periodic/energies_polfed_U4_L9_N9_nmax2_W3_boundaryperiodic_nreal300.txt
4.0,4.0,9,9,2,periodic,0.1327770829355429,0.007733640591210547,812.4485787871453,107.87455232648476,0.8768768768768771,298,298,100,pbs_bose_midpoint_L9/data/U_4/W_4/L_9/N_9_nmax_2/boundary_periodic/energies_polfed_U4_L9_N9_nmax2_W4_boundaryperiodic_nreal300.txt
4.0,5.0,9,9,2,periodic,0.25609931002584596,0.008478761578250591,741.0498867307442,189.7823646864749,0.5915915915915915,294,294,100,pbs_bose_midpoint_L9/data/U_4/W_5/L_9/N_9_nmax_2/boundary_periodic/energies_polfed_U4_L9_N9_nmax2_W5_boundaryperiodic_nreal300.txt
4.0,6.0,9,9,2,periodic,0.3789470919074668,0.009428051976380015,666.4351578587788,252.54366501547779,0.42142142142142136,296,296,100,pbs_bose_midpoint_L9/data/U_4/W_6/L_9/N_9_nmax_2/boundary_periodic/energies_polfed_U4_L9_N9_nmax2_W6_boundaryperiodic_nreal300.txt
4.0,7.0,9,9,2,periodic,0.46096044868284336,0.010568570652905694,594.5160905417332,274.0484038452873,0.3363363363363363,292,292,100,pbs_bose_midpoint_L9/data/U_4/W_7/L_9/N_9_nmax_2/boundary_periodic/energies_polfed_U4_L9_N9_nmax2_W7_boundaryperiodic_nreal300.txt
4.0,8.0,9,9,2,periodic,0.5542985515684669,0.011523463067003385,545.2514813165011,302.23210633429755,0.25625625625625625,288,288,100,pbs_bose_midpoint_L9/data/U_4/W_8/L_9/N_9_nmax_2/boundary_periodic/energies_polfed_U4_L9_N9_nmax2_W8_boundaryperiodic_nreal300.txt
4.0,9.0,9,9,2,periodic,0.5737976414214134,0.012610567301606344,498.2476328705077,285.8933165848996,0.24124124124124122,288,288,100,pbs_bose_midpoint_L9/data/U_4/W_9/L_9/N_9_nmax_2/boundary_periodic/energies_polfed_U4_L9_N9_nmax2_W9_boundaryperiodic_nreal300.txt
4.0,10.0,9,9,2,periodic,0.6899837121430018,0.013828144116022857,454.3766144221172,313.51246312994186,0.16116116116116116,287,287,100,pbs_bose_midpoint_L9/data/U_4/W_10/L_9/N_9_nmax_2/boundary_periodic/energies_polfed_U4_L9_N9_nmax2_W10_boundaryperiodic_nreal300.txt
4.0,11.0,9,9,2,periodic,0.6742622241778342,0.015137482073521953,415.07466543395304,279.8691671153676,0.17117117117117117,290,290,100,pbs_bose_midpoint_L9/data/U_4/W_11/L_9/N_9_nmax_2/boundary_periodic/energies_polfed_U4_L9_N9_nmax2_W11_boundaryperiodic_nreal300.txt
4.0,12.0,9,9,2,periodic,0.6665363268124913,0.01580716669450407,397.4896595076815,264.94129759419786,0.17617617617617626,286,286,100,pbs_bose_midpoint_L9/data/U_4/W_12/L_9/N_9_nmax_2/boundary_periodic/energies_polfed_U4_L9_N9_nmax2_W12_boundaryperiodic_nreal300.txt
4.0,13.0,9,9,2,periodic,0.6742622241778342,0.01702449877218979,369.0672713045405,248.84811922104365,0.17117117117117117,285,285,100,pbs_bose_midpoint_L9/data/U_4/W_13/L_9/N_9_nmax_2/boundary_periodic/energies_polfed_U4_L9_N9_nmax2_W13_boundaryperiodic_nreal300.txt
4.0,14.0,9,9,2,periodic,0.7479522515621821,0.01848948801523945,339.82473186931105,254.17267333816605,0.1261261261261261,288,288,100,pbs_bose_midpoint_L9/data/U_4/W_14/L_9/N_9_nmax_2/boundary_periodic/energies_polfed_U4_L9_N9_nmax2_W14_boundaryperiodic_nreal300.txt
4.0,15.0,9,9,2,periodic,0.7479522515621821,0.019154929766603473,328.01922970943434,245.34272141686404,0.12612612612612617,282,282,100,pbs_bose_midpoint_L9/data/U_4/W_15/L_9/N_9_nmax_2/boundary_periodic/energies_polfed_U4_L9_N9_nmax2_W15_boundaryperiodic_nreal300.txt
5.0,0.5,9,9,2,periodic,0.10186101701559752,0.013428593084819264,467.89602361863155,47.66036482334785,0.9919919919919922,298,298,100,pbs_bose_midpoint_L9/data/U_5/W_0p5/L_9/N_9_nmax_2/boundary_periodic/energies_polfed_U5_L9_N9_nmax2_W0.5_boundaryperiodic_nreal300.txt
5.0,1.0,9,9,2,periodic,0.2651083601908539,0.013017131054246775,482.68587609630987,127.96406109917838,0.5765765765765765,300,300,100,pbs_bose_midpoint_L9/data/U_5/W_1/L_9/N_9_nmax_2/boundary_periodic/energies_polfed_U5_L9_N9_nmax2_W1_boundaryperiodic_nreal300.txt
5.0,3.0,9,9,2,periodic,0.12975171686575868,0.008784436008983952,715.2633704376348,92.80665032547225,0.8868868868868871,298,298,100,pbs_bose_midpoint_L9/data/U_5/W_3/L_9/N_9_nmax_2/boundary_periodic/energies_polfed_U5_L9_N9_nmax2_W3_boundaryperiodic_nreal300.txt
5.0,4.0,9,9,2,periodic,0.19646866461804466,0.008682522862783584,723.6589418165057,142.17630593759617,0.7067067067067064,295,295,100,pbs_bose_midpoint_L9/data/U_5/W_4/L_9/N_9_nmax_2/boundary_periodic/energies_polfed_U5_L9_N9_nmax2_W4_boundaryperiodic_nreal300.txt
5.0,5.0,9,9,2,periodic,0.29749075472144404,0.009177351859315347,684.6403410807361,203.67417178085506,0.5265265265265264,296,296,100,pbs_bose_midpoint_L9/data/U_5/W_5/L_9/N_9_nmax_2/boundary_periodic/energies_polfed_U5_L9_N9_nmax2_W5_boundaryperiodic_nreal300.txt
5.0,6.0,9,9,2,periodic,0.45045732517594583,0.009973965421276432,629.9586013980272,283.7694665573352,0.3463463463463463,292,292,100,pbs_bose_midpoint_L9/data/U_5/W_6/L_9/N_9_nmax_2/boundary_periodic/energies_polfed_U5_L9_N9_nmax2_W6_boundaryperiodic_nreal300.txt
5.0,8.0,9,9,2,periodic,0.5871766390733255,0.012167625384139858,516.385499127014,303.20950184360174,0.23123123123123127,294,294,100,pbs_bose_midpoint_L9/data/U_5/W_8/L_9/N_9_nmax_2/boundary_periodic/energies_polfed_U5_L9_N9_nmax2_W8_boundaryperiodic_nreal300.txt
5.0,12.0,9,9,2,periodic,0.7225349491787214,0.01667299343905737,376.8480645149714,272.2858971424244,0.14114114114114112,287,287,100,pbs_bose_midpoint_L9/data/U_5/W_12/L_9/N_9_nmax_2/boundary_periodic/energies_polfed_U5_L9_N9_nmax2_W12_boundaryperiodic_nreal300.txt
5.0,13.0,9,9,2,periodic,0.7393819919175866,0.017798926482293195,353.00922858635613,261.00866659747066,0.13113113113113112,279,279,100,pbs_bose_midpoint_L9/data/U_5/W_13/L_9/N_9_nmax_2/boundary_periodic/energies_polfed_U5_L9_N9_nmax2_W13_boundaryperiodic_nreal300.txt
6.0,0.5,9,9,2,periodic,0.07292272058728312,0.01418943831618103,442.8071899093081,32.29070498379649,1.1371371371371373,299,299,100,pbs_bose_midpoint_L9/data/U_6/W_0p5/L_9/N_9_nmax_2/boundary_periodic/energies_polfed_U6_L9_N9_nmax2_W0.5_boundaryperiodic_nreal300.txt
6.0,2.0,9,9,2,periodic,0.34557199367621394,0.014097838877923626,445.6842897402296,154.01600855569853,0.46146146146146133,300,300,100,pbs_bose_midpoint_L9/data/U_6/W_2/L_9/N_9_nmax_2/boundary_periodic/energies_polfed_U6_L9_N9_nmax2_W2_boundaryperiodic_nreal300.txt
6.0,4.0,9,9,2,periodic,0.29749075472144404,0.010042628880992938,625.6514486034013,186.1255216375906,0.5265265265265264,293,293,100,pbs_bose_midpoint_L9/data/U_6/W_4/L_9/N_9_nmax_2/boundary_periodic/energies_polfed_U6_L9_N9_nmax2_W4_boundaryperiodic_nreal300.txt
6.0,6.0,9,9,2,periodic,0.4771760948938746,0.01075270471529125,584.3353345548835,278.83085305140503,0.3213213213213213,281,281,100,pbs_bose_midpoint_L9/data/U_6/W_6/L_9/N_9_nmax_2/boundary_periodic/energies_polfed_U6_L9_N9_nmax2_W6_boundaryperiodic_nreal300.txt
6.0,8.0,9,9,2,periodic,0.5672228971644544,0.012572960312125143,499.7379416779191,283.4628031015504,0.24624624624624625,287,287,100,pbs_bose_midpoint_L9/data/U_6/W_8/L_9/N_9_nmax_2/boundary_periodic/energies_polfed_U6_L9_N9_nmax2_W8_boundaryperiodic_nreal300.txt
6.0,9.0,9,9,2,periodic,0.6820776732865685,0.013953707866916973,450.2878637782343,307.13129843503737,0.16616616616616617,285,285,100,pbs_bose_midpoint_L9/data/U_6/W_9/L_9/N_9_nmax_2/boundary_periodic/energies_polfed_U6_L9_N9_nmax2_W9_boundaryperiodic_nreal300.txt
6.0,12.0,9,9,2,periodic,0.7142559285543126,0.017238021943861565,364.49572506879304,260.34323256308824,0.14614614614614613,285,285,100,pbs_bose_midpoint_L9/data/U_6/W_12/L_9/N_9_nmax_2/boundary_periodic/energies_polfed_U6_L9_N9_nmax2_W12_boundaryperiodic_nreal300.txt
6.0,14.0,9,9,2,periodic,0.7479522515621821,0.019700579112264853,318.9340410438954,238.54743409860697,0.1261261261261261,282,282,100,pbs_bose_midpoint_L9/data/U_6/W_14/L_9/N_9_nmax_2/boundary_periodic/energies_polfed_U6_L9_N9_nmax2_W14_boundaryperiodic_nreal300.txt
6.0,15.0,9,9,2,periodic,0.7393819919175866,0.02091519421934161,300.41247723002857,222.11957581123514,0.13113113113113117,283,283,100,pbs_bose_midpoint_L9/data/U_6/W_15/L_9/N_9_nmax_2/boundary_periodic/energies_polfed_U6_L9_N9_nmax2_W15_boundaryperiodic_nreal300.txt
7.0,0.5,9,9,2,periodic,0.07462302891391108,0.014262747818809365,440.53119265654226,32.87377192708889,1.1271271271271273,300,300,100,pbs_bose_midpoint_L9/data/U_7/W_0p5/L_9/N_9_nmax_2/boundary_periodic/energies_polfed_U7_L9_N9_nmax2_W0.5_boundaryperiodic_nreal300.txt
7.0,1.0,9,9,2,periodic,0.06727099135712336,0.01720830374042082,365.12519780906274,24.562334026081416,1.1721721721721723,300,300,100,pbs_bose_midpoint_L9/data/U_7/W_1/L_9/N_9_nmax_2/boundary_periodic/energies_polfed_U7_L9_N9_nmax2_W1_boundaryperiodic_nreal300.txt
7.0,3.0,9,9,2,periodic,0.41078408899656466,0.014610161596675912,430.0558392597882,176.66009614798512,0.3863863863863864,296,296,100,pbs_bose_midpoint_L9/data/U_7/W_3/L_9/N_9_nmax_2/boundary_periodic/energies_polfed_U7_L9_N9_nmax2_W3_boundaryperiodic_nreal300.txt
7.0,6.0,9,9,2,periodic,0.5113387538414326,0.01163586740733969,539.9842647928654,276.1148810531659,0.29129129129129133,285,285,100,pbs_bose_midpoint_L9/data/U_7/W_6/L_9/N_9_nmax_2/boundary_periodic/energies_polfed_U7_L9_N9_nmax2_W6_boundaryperiodic_nreal300.txt
7.0,7.0,9,9,2,periodic,0.5672228971644544,0.012401870485654817,506.632069287235,287.37331013752805,0.24624624624624622,290,290,100,pbs_bose_midpoint_L9/data/U_7/W_7/L_9/N_9_nmax_2/boundary_periodic/energies_polfed_U7_L9_N9_nmax2_W7_boundaryperiodic_nreal300.txt
7.0,14.0,9,9,2,periodic,0.7225349491787214,0.02045498210293729,307.17139108507627,221.94206544681273,0.14114114114114118,283,283,100,pbs_bose_midpoint_L9/data/U_7/W_14/L_9/N_9_nmax_2/boundary_periodic/energies_polfed_U7_L9_N9_nmax2_W14_boundaryperiodic_nreal300.txt
7.0,15.0,9,9,2,periodic,0.7653919388230148,0.021747485089865428,288.91548982404504,221.13358691242684,0.11611611611611611,274,274,100,pbs_bose_midpoint_L9/data/U_7/W_15/L_9/N_9_nmax_2/boundary_periodic/energies_polfed_U7_L9_N9_nmax2_W15_boundaryperiodic_nreal300.txt
8.0,0.5,9,9,2,periodic,0.09839952296278226,0.01428525547747667,439.8370975644211,43.279760581673756,1.0070070070070072,300,300,100,pbs_bose_midpoint_L9/data/U_8/W_0p5/L_9/N_9_nmax_2/boundary_periodic/energies_polfed_U8_L9_N9_nmax2_W0.5_boundaryperiodic_nreal300.txt
8.0,1.0,9,9,2,periodic,0.09954008287621519,0.017223032736862293,364.812945732359,36.31351085251521,1.0020020020020022,298,298,100,pbs_bose_midpoint_L9/data/U_8/W_1/L_9/N_9_nmax_2/boundary_periodic/energies_polfed_U8_L9_N9_nmax2_W1_boundaryperiodic_nreal300.txt
8.0,3.0,9,9,2,periodic,0.5054796821191241,0.018792677890759307,334.3422019843771,169.0031899780709,0.2962962962962963,297,297,100,pbs_bose_midpoint_L9/data/U_8/W_3/L_9/N_9_nmax_2/boundary_periodic/energies_polfed_U8_L9_N9_nmax2_W3_boundaryperiodic_nreal300.txt
8.0,4.0,9,9,2,periodic,0.4827070965603183,0.014887611714071094,422.0411861790434,203.72227560935877,0.3163163163163163,298,298,100,pbs_bose_midpoint_L9/data/U_8/W_4/L_9/N_9_nmax_2/boundary_periodic/energies_polfed_U8_L9_N9_nmax2_W4_boundaryperiodic_nreal300.txt
8.0,6.0,9,9,2,periodic,0.5939826693920356,0.012774511640554468,491.8532687568845,292.15231752541257,0.22622622622622626,283,283,100,pbs_bose_midpoint_L9/data/U_8/W_6/L_9/N_9_nmax_2/boundary_periodic/energies_polfed_U8_L9_N9_nmax2_W6_boundaryperiodic_nreal300.txt
8.0,7.0,9,9,2,periodic,0.6008675891719687,0.013419649904656128,468.20784087664987,281.33091657896534,0.2212212212212212,287,287,100,pbs_bose_midpoint_L9/data/U_8/W_7/L_9/N_9_nmax_2/boundary_periodic/energies_polfed_U8_L9_N9_nmax2_W7_boundaryperiodic_nreal300.txt
8.0,8.0,9,9,2,periodic,0.6742622241778342,0.013962010092794047,450.02010924074676,303.43155978141783,0.17117117117117123,284,284,100,pbs_bose_midpoint_L9/data/U_8/W_8/L_9/N_9_nmax_2/boundary_periodic/energies_polfed_U8_L9_N9_nmax2_W8_boundaryperiodic_nreal300.txt
8.0,9.0,9,9,2,periodic,0.6365079081295572,0.015082561978245916,416.58607577691606,265.16033164866604,0.19619619619619616,284,284,100,pbs_bose_midpoint_L9/data/U_8/W_9/L_9/N_9_nmax_2/boundary_periodic/energies_polfed_U8_L9_N9_nmax2_W9_boundaryperiodic_nreal300.txt
8.0,13.0,9,9,2,periodic,0.7653919388230148,0.019590055467259768,320.73341076958525,245.48676711425128,0.11611611611611611,283,283,100,pbs_bose_midpoint_L9/data/U_8/W_13/L_9/N_9_nmax_2/boundary_periodic/energies_polfed_U8_L9_N9_nmax2_W13_boundaryperiodic_nreal300.txt
8.0,15.0,9,9,2,periodic,0.7653919388230148,0.022015051138148972,285.40407504626296,218.44597834764843,0.11611611611611611,286,286,100,pbs_bose_midpoint_L9/data/U_8/W_15/L_9/N_9_nmax_2/boundary_periodic/energies_polfed_U8_L9_N9_nmax2_W15_boundaryperiodic_nreal300.txt
9.0,0.5,9,9,2,periodic,0.08470868266557402,0.0143373743957862,438.23821110692586,37.122581556585416,1.0720720720720722,300,300,100,pbs_bose_midpoint_L9/data/U_9/W_0p5/L_9/N_9_nmax_2/boundary_periodic/energies_polfed_U9_L9_N9_nmax2_W0.5_boundaryperiodic_nreal300.txt
9.0,1.0,9,9,2,periodic,0.08870496889654403,0.017291824600812307,363.36161464906513,32.23198072564334,1.0520520520520522,300,300,100,pbs_bose_midpoint_L9/data/U_9/W_1/L_9/N_9_nmax_2/boundary_periodic/energies_polfed_U9_L9_N9_nmax2_W1_boundaryperiodic_nreal300.txt
9.0,2.0,9,9,2,periodic,0.2105345242766706,0.024984186923622503,251.48648328590778,52.94658712061147,0.6766766766766765,300,300,100,pbs_bose_midpoint_L9/data/U_9/W_2/L_9/N_9_nmax_2/boundary_periodic/energies_polfed_U9_L9_N9_nmax2_W2_boundaryperiodic_nreal300.txt
9.0,3.0,9,9,2,periodic,0.488302208687788,0.0249915480201549,251.4124095919306,122.76523489525854,0.3113113113113113,298,298,100,pbs_bose_midpoint_L9/data/U_9/W_3/L_9/N_9_nmax_2/boundary_periodic/energies_polfed_U9_L9_N9_nmax2_W3_boundaryperiodic_nreal300.txt
9.0,4.0,9,9,2,periodic,0.5871766390733255,0.018890489645191536,332.6110347160289,195.30142948325903,0.23123123123123127,296,296,100,pbs_bose_midpoint_L9/data/U_9/W_4/L_9/N_9_nmax_2/boundary_periodic/energies_polfed_U9_L9_N9_nmax2_W4_boundaryperiodic_nreal300.txt
9.0,5.0,9,9,2,periodic,0.6078323128297229,0.015745244681879683,399.0528844820399,242.55723771609055,0.21621621621621626,288,288,100,pbs_bose_midpoint_L9/data/U_9/W_5/L_9/N_9_nmax_2/boundary_periodic/energies_polfed_U9_L9_N9_nmax2_W5_boundaryperiodic_nreal300.txt
9.0,6.0,9,9,2,periodic,0.5939826693920356,0.01456816388804479,431.29562211582584,256.1821249214569,0.22622622622622626,288,288,100,pbs_bose_midpoint_L9/data/U_9/W_6/L_9/N_9_nmax_2/boundary_periodic/energies_polfed_U9_L9_N9_nmax2_W6_boundaryperiodic_nreal300.txt
9.0,7.0,9,9,2,periodic,0.643885742724042,0.014515088454986691,432.8726846319,278.7205500491609,0.19119119119119116,276,276,100,pbs_bose_midpoint_L9/data/U_9/W_7/L_9/N_9_nmax_2/boundary_periodic/energies_polfed_U9_L9_N9_nmax2_W7_boundaryperiodic_nreal300.txt
9.0,8.0,9,9,2,periodic,0.6820776732865685,0.014947261534632572,420.35695251745904,286.716092122941,0.16616616616616622,280,280,100,pbs_bose_midpoint_L9/data/U_9/W_8/L_9/N_9_nmax_2/boundary_periodic/energies_polfed_U9_L9_N9_nmax2_W8_boundaryperiodic_nreal300.txt
9.0,9.0,9,9,2,periodic,0.7393819919175866,0.015771304551761452,398.393505531401,294.5649836868373,0.13113113113113117,282,282,100,pbs_bose_midpoint_L9/data/U_9/W_9/L_9/N_9_nmax_2/boundary_periodic/energies_polfed_U9_L9_N9_nmax2_W9_boundaryperiodic_nreal300.txt
9.0,10.0,9,9,2,periodic,0.6742622241778342,0.016675543583828396,376.79043418248096,254.05555620081148,0.17117117117117117,279,279,100,pbs_bose_midpoint_L9/data/U_9/W_10/L_9/N_9_nmax_2/boundary_periodic/energies_polfed_U9_L9_N9_nmax2_W10_boundaryperiodic_nreal300.txt
9.0,11.0,9,9,2,periodic,0.7060717714137773,0.017888591654901913,351.2397973184121,248.00050588362734,0.15115115115115116,285,285,100,pbs_bose_midpoint_L9/data/U_9/W_11/L_9/N_9_nmax_2/boundary_periodic/energies_polfed_U9_L9_N9_nmax2_W11_boundaryperiodic_nreal300.txt
9.0,12.0,9,9,2,periodic,0.7479522515621821,0.019111526404772105,328.7641800087035,245.89990867050432,0.12612612612612617,279,279,100,pbs_bose_midpoint_L9/data/U_9/W_12/L_9/N_9_nmax_2/boundary_periodic/energies_polfed_U9_L9_N9_nmax2_W12_boundaryperiodic_nreal300.txt
9.0,13.0,9,9,2,periodic,0.7923168624866254,0.020314147807511656,309.3009545227501,245.06436185158375,0.10110110110110115,288,288,100,pbs_bose_midpoint_L9/data/U_9/W_13/L_9/N_9_nmax_2/boundary_periodic/energies_polfed_U9_L9_N9_nmax2_W13_boundaryperiodic_nreal300.txt
9.0,14.0,9,9,2,periodic,0.7832382599179196,0.021301609840450757,294.96293257836845,231.02625405296794,0.1061061061061062,282,282,100,pbs_bose_midpoint_L9/data/U_9/W_14/L_9/N_9_nmax_2/boundary_periodic/energies_polfed_U9_L9_N9_nmax2_W14_boundaryperiodic_nreal300.txt
9.0,15.0,9,9,2,periodic,0.7653919388230148,0.022420587034685382,280.2417839220397,214.49480233531034,0.11611611611611618,286,286,100,pbs_bose_midpoint_L9/data/U_9/W_15/L_9/N_9_nmax_2/boundary_periodic/energies_polfed_U9_L9_N9_nmax2_W15_boundaryperiodic_nreal300.txt
10.0,0.5,9,9,2,periodic,0.10915359353313911,0.014335199906710127,438.30468692930515,47.84253164075116,0.9619619619619622,299,299,100,pbs_bose_midpoint_L9/data/U_10/W_0p5/L_9/N_9_nmax_2/boundary_periodic/energies_polfed_U10_L9_N9_nmax2_W0.5_boundaryperiodic_nreal300.txt
10.0,1.0,9,9,2,periodic,0.12534242654613995,0.01760540103826014,356.8896438953556,44.73341397503165,0.9019019019019021,299,299,100,pbs_bose_midpoint_L9/data/U_10/W_1/L_9/N_9_nmax_2/boundary_periodic/energies_polfed_U10_L9_N9_nmax2_W1_boundaryperiodic_nreal300.txt
10.0,2.0,9,9,2,periodic,0.18124175473742377,0.026042083297254996,241.27045580266133,43.72828077597239,0.7417417417417416,300,300,100,pbs_bose_midpoint_L9/data/U_10/W_2/L_9/N_9_nmax_2/boundary_periodic/energies_polfed_U10_L9_N9_nmax2_W2_boundaryperiodic_nreal300.txt
10.0,3.0,9,9,2,periodic,0.46630349297427315,0.030270606876588294,207.567206458589,96.78931339855215,0.3313313313313313,295,295,100,pbs_bose_midpoint_L9/data/U_10/W_3/L_9/N_9_nmax_2/boundary_periodic/energies_polfed_U10_L9_N9_nmax2_W3_boundaryperiodic_nreal300.txt
10.0,4.0,9,9,2,periodic,0.5939826693920356,0.024535112082299127,256.0895294100814,152.11274228235035,0.22622622622622626,295,295,100,pbs_bose_midpoint_L9/data/U_10/W_4/L_9/N_9_nmax_2/boundary_periodic/energies_polfed_U10_L9_N9_nmax2_W4_boundaryperiodic_nreal300.txt
10.0,5.0,9,9,2,periodic,0.6148777653810024,0.01900566134811624,330.5954574320745,203.27579611094427,0.21121121121121117,288,288,100,pbs_bose_midpoint_L9/data/U_10/W_5/L_9/N_9_nmax_2/boundary_periodic/energies_polfed_U10_L9_N9_nmax2_W5_boundaryperiodic_nreal300.txt
10.0,6.0,9,9,2,periodic,0.6220048825634712,0.0169591316006584,370.48980190327995,230.44646572381336,0.20620620620620614,284,284,100,pbs_bose_midpoint_L9/data/U_10/W_6/L_9/N_9_nmax_2/boundary_periodic/energies_polfed_U10_L9_N9_nmax2_W6_boundaryperiodic_nreal300.txt
10.0,7.0,9,9,2,periodic,0.6820776732865685,0.01580301267426449,397.5941446539415,271.19008909792376,0.16616616616616622,281,281,100,pbs_bose_midpoint_L9/data/U_10/W_7/L_9/N_9_nmax_2/boundary_periodic/energies_polfed_U10_L9_N9_nmax2_W7_boundaryperiodic_nreal300.txt
10.0,8.0,9,9,2,periodic,0.7393819919175866,0.015917888438561855,394.72479854540666,291.8524078077709,0.13113113113113112,289,289,100,pbs_bose_midpoint_L9/data/U_10/W_8/L_9/N_9_nmax_2/boundary_periodic/energies_polfed_U10_L9_N9_nmax2_W8_boundaryperiodic_nreal300.txt
10.0,9.0,9,9,2,periodic,0.7060717714137773,0.016672305047036786,376.8636244030524,266.0927668636797,0.15115115115115116,278,278,100,pbs_bose_midpoint_L9/data/U_10/W_9/L_9/N_9_nmax_2/boundary_periodic/energies_polfed_U10_L9_N9_nmax2_W9_boundaryperiodic_nreal300.txt
10.0,10.0,9,9,2,periodic,0.7393819919175866,0.01754163161826327,358.18705146207265,264.83705558911436,0.13113113113113117,281,281,100,pbs_bose_midpoint_L9/data/U_10/W_10/L_9/N_9_nmax_2/boundary_periodic/energies_polfed_U10_L9_N9_nmax2_W10_boundaryperiodic_nreal300.txt
10.0,11.0,9,9,2,periodic,0.7225349491787214,0.018506171577626764,339.51837530652267,245.31389204734043,0.14114114114114112,283,283,100,pbs_bose_midpoint_L9/data/U_10/W_11/L_9/N_9_nmax_2/boundary_periodic/energies_polfed_U10_L9_N9_nmax2_W11_boundaryperiodic_nreal300.txt
10.0,12.0,9,9,2,periodic,0.8015006961565405,0.019537373741134432,321.5982552430179,257.76122546000767,0.0960960960960961,280,280,100,pbs_bose_midpoint_L9/data/U_10/W_12/L_9/N_9_nmax_2/boundary_periodic/energies_polfed_U10_L9_N9_nmax2_W12_boundaryperiodic_nreal300.txt
10.0,13.0,9,9,2,periodic,0.774263682681127,0.020605675524087555,304.9249853437073,236.0923420937075,0.11111111111111119,279,279,100,pbs_bose_midpoint_L9/data/U_10/W_13/L_9/N_9_nmax_2/boundary_periodic/energies_polfed_U10_L9_N9_nmax2_W13_boundaryperiodic_nreal300.txt
10.0,14.0,9,9,2,periodic,0.7923168624866254,0.022075642738911914,284.6207189294855,225.50979502089763,0.10110110110110115,279,279,100,pbs_bose_midpoint_L9/data/U_10/W_14/L_9/N_9_nmax_2/boundary_periodic/energies_polfed_U10_L9_N9_nmax2_W14_boundaryperiodic_nreal300.txt
10.0,15.0,9,9,2,periodic,0.7653919388230148,0.02322672572290563,270.5153271338311,207.05025071630507,0.11611611611611618,275,275,100,pbs_bose_midpoint_L9/data/U_10/W_15/L_9/N_9_nmax_2/boundary_periodic/energies_polfed_U10_L9_N9_nmax2_W15_boundaryperiodic_nreal300.txt
12.0,0.5,9,9,2,periodic,0.14899550728528538,0.014478188103212821,433.97594107686024,64.6604654903559,0.8268268268268271,300,300,100,pbs_bose_midpoint_L9/data/U_12/W_0p5/L_9/N_9_nmax_2/boundary_periodic/energies_polfed_U12_L9_N9_nmax2_W0.5_boundaryperiodic_nreal300.txt
12.0,1.0,9,9,2,periodic,0.12248646137509307,0.017521068783129434,358.6074220100943,43.92455414486112,0.9119119119119121,299,299,100,pbs_bose_midpoint_L9/data/U_12/W_1/L_9/N_9_nmax_2/boundary_periodic/energies_polfed_U12_L9_N9_nmax2_W1_boundaryperiodic_nreal300.txt
12.0,2.0,9,9,2,periodic,0.24175940791691308,0.0266861782878485,235.44717566548758,56.9215697845977,0.6166166166166165,300,300,100,pbs_bose_midpoint_L9/data/U_12/W_2/L_9/N_9_nmax_2/boundary_periodic/energies_polfed_U12_L9_N9_nmax2_W2_boundaryperiodic_nreal300.txt
12.0,3.0,9,9,2,periodic,0.40607720257003654,0.03707528609447265,169.47098644550476,68.81830409257516,0.3913913913913913,297,297,100,pbs_bose_midpoint_L9/data/U_12/W_3/L_9/N_9_nmax_2/boundary_periodic/energies_polfed_U12_L9_N9_nmax2_W3_boundaryperiodic_nreal300.txt
12.0,4.0,9,9,2,periodic,0.5939826693920356,0.037072131103254136,169.48540912524066,100.67139573521172,0.22622622622622626,288,288,100,pbs_bose_midpoint_L9/data/U_12/W_4/L_9/N_9_nmax_2/boundary_periodic/energies_polfed_U12_L9_N9_nmax2_W4_boundaryperiodic_nreal300.txt
12.0,5.0,9,9,2,periodic,0.5804485942768978,0.028808634799756826,218.1007656507424,126.59628283268854,0.23623623623623624,291,291,100,pbs_bose_midpoint_L9/data/U_12/W_5/L_9/N_9_nmax_2/boundary_periodic/energies_polfed_U12_L9_N9_nmax2_W5_boundaryperiodic_nreal300.txt
12.0,6.0,9,9,2,periodic,0.6665363268124913,0.023585960880538694,266.39513815033854,177.5620368634328,0.17617617617617626,293,293,100,pbs_bose_midpoint_L9/data/U_12/W_6/L_9/N_9_nmax_2/boundary_periodic/energies_polfed_U12_L9_N9_nmax2_W6_boundaryperiodic_nreal300.txt
12.0,7.0,9,9,2,periodic,0.7393819919175866,0.021115876381637817,297.5574015314557,220.00858425414884,0.13113113113113117,281,281,100,pbs_bose_midpoint_L9/data/U_12/W_7/L_9/N_9_nmax_2/boundary_periodic/energies_polfed_U12_L9_N9_nmax2_W7_boundaryperiodic_nreal300.txt
12.0,8.0,9,9,2,periodic,0.6742622241778342,0.01908307594254319,329.25432598484065,222.00375415871233,0.17117117117117123,286,286,100,pbs_bose_midpoint_L9/data/U_12/W_8/L_9/N_9_nmax_2/boundary_periodic/energies_polfed_U12_L9_N9_nmax2_W8_boundaryperiodic_nreal300.txt
12.0,9.0,9,9,2,periodic,0.697981390783066,0.01893275350573741,331.8685422738705,231.63806669346485,0.15615615615615622,278,278,100,pbs_bose_midpoint_L9/data/U_12/W_9/L_9/N_9_nmax_2/boundary_periodic/energies_polfed_U12_L9_N9_nmax2_W9_boundaryperiodic_nreal300.txt
12.0,10.0,9,9,2,periodic,0.8107909806731687,0.01901370495916753,330.4556014029304,267.9304211304237,0.09109109109109106,281,281,100,pbs_bose_midpoint_L9/data/U_12/W_10/L_9/N_9_nmax_2/boundary_periodic/energies_polfed_U12_L9_N9_nmax2_W10_boundaryperiodic_nreal300.txt
12.0,11.0,9,9,2,periodic,0.7653919388230148,0.019810774042945123,317.1600106870691,242.7517154969039,0.11611611611611611,278,278,100,pbs_bose_midpoint_L9/data/U_12/W_11/L_9/N_9_nmax_2/boundary_periodic/energies_polfed_U12_L9_N9_nmax2_W11_boundaryperiodic_nreal300.txt
12.0,12.0,9,9,2,periodic,0.7225349491787214,0.020500089836894022,306.4955011012554,221.45371131170234,0.14114114114114112,271,271,100,pbs_bose_midpoint_L9/data/U_12/W_12/L_9/N_9_nmax_2/boundary_periodic/energies_polfed_U12_L9_N9_nmax2_W12_boundaryperiodic_nreal300.txt
12.0,13.0,9,9,2,periodic,0.774263682681127,0.021790280616729732,288.3480675487768,223.25743667430228,0.1111111111111111,278,278,100,pbs_bose_midpoint_L9/data/U_12/W_13/L_9/N_9_nmax_2/boundary_periodic/energies_polfed_U12_L9_N9_nmax2_W13_boundaryperiodic_nreal300.txt
12.0,14.0,9,9,2,periodic,0.8015006961565405,0.023033736829597466,272.78184836712796,218.63484136512093,0.09609609609609616,284,284,100,pbs_bose_midpoint_L9/data/U_12/W_14/L_9/N_9_nmax_2/boundary_periodic/energies_polfed_U12_L9_N9_nmax2_W14_boundaryperiodic_nreal300.txt
12.0,15.0,9,9,2,periodic,0.7653919388230148,0.023821626013725804,263.75971579602805,201.87956025652926,0.11611611611611618,275,275,100,pbs_bose_midpoint_L9/data/U_12/W_15/L_9/N_9_nmax_2/boundary_periodic/energies_polfed_U12_L9_N9_nmax2_W15_boundaryperiodic_nreal300.txt
15.0,0.5,9,9,2,periodic,0.16913295170296488,0.014611883339134933,430.00516506666617,72.72804281524589,0.7717717717717716,300,300,100,pbs_bose_midpoint_L9/data/U_15/W_0p5/L_9/N_9_nmax_2/boundary_periodic/energies_polfed_U15_L9_N9_nmax2_W0.5_boundaryperiodic_nreal300.txt
15.0,1.0,9,9,2,periodic,0.18546769230846993,0.01790803744052904,350.8583968536738,65.0728971915002,0.7317317317317316,300,300,100,pbs_bose_midpoint_L9/data/U_15/W_1/L_9/N_9_nmax_2/boundary_periodic/energies_polfed_U15_L9_N9_nmax2_W1_boundaryperiodic_nreal300.txt
15.0,2.0,9,9,2,periodic,0.2651083601908539,0.02703872249306771,232.37729921561544,61.6051647406312,0.5765765765765765,298,298,100,pbs_bose_midpoint_L9/data/U_15/W_2/L_9/N_9_nmax_2/boundary_periodic/energies_polfed_U15_L9_N9_nmax2_W2_boundaryperiodic_nreal300.txt
15.0,3.0,9,9,2,periodic,0.3703126675869927,0.03875498321300397,162.1258683727492,60.037262801970414,0.43143143143143137,299,299,100,pbs_bose_midpoint_L9/data/U_15/W_3/L_9/N_9_nmax_2/boundary_periodic/energies_polfed_U15_L9_N9_nmax2_W3_boundaryperiodic_nreal300.txt
15.0,4.0,9,9,2,periodic,0.5293266058360562,0.049559565969684805,126.78047485369345,67.10827844058902,0.27627627627627627,293,293,100,pbs_bose_midpoint_L9/data/U_15/W_4/L_9/N_9_nmax_2/boundary_periodic/energies_polfed_U15_L9_N9_nmax2_W4_boundaryperiodic_nreal300.txt
15.0,5.0,9,9,2,periodic,0.6365079081295572,0.04847680587362257,129.61219688359094,82.49918830645078,0.19619619619619616,292,292,100,pbs_bose_midpoint_L9/data/U_15/W_5/L_9/N_9_nmax_2/boundary_periodic/energies_polfed_U15_L9_N9_nmax2_W5_boundaryperiodic_nreal300.txt
15.0,6.0,9,9,2,periodic,0.658898955079995,0.0395168194356138,159.00027879057956,104.76511755254076,0.18118118118118118,294,294,100,pbs_bose_midpoint_L9/data/U_15/W_6/L_9/N_9_nmax_2/boundary_periodic/energies_polfed_U15_L9_N9_nmax2_W6_boundaryperiodic_nreal300.txt
15.0,7.0,9,9,2,periodic,0.730909932860291,0.03299693451380112,190.41724329124014,139.17785450944203,0.13613613613613623,285,285,100,pbs_bose_midpoint_L9/data/U_15/W_7/L_9/N_9_nmax_2/boundary_periodic/energies_polfed_U15_L9_N9_nmax2_W7_boundaryperiodic_nreal300.txt
15.0,8.0,9,9,2,periodic,0.7142559285543126,0.028025678471962575,224.1938696850963,160.13180056811302,0.1461461461461462,285,285,100,pbs_bose_midpoint_L9/data/U_15/W_8/L_9/N_9_nmax_2/boundary_periodic/energies_polfed_U15_L9_N9_nmax2_W8_boundaryperiodic_nreal300.txt
15.0,9.0,9,9,2,periodic,0.7142559285543126,0.025192774856377775,249.40425749047418,178.1384695192575,0.1461461461461462,286,286,100,pbs_bose_midpoint_L9/data/U_15/W_9/L_9/N_9_nmax_2/boundary_periodic/energies_polfed_U15_L9_N9_nmax2_W9_boundaryperiodic_nreal300.txt
15.0,10.0,9,9,2,periodic,0.7479522515621821,0.02398749042988805,261.93591720419545,195.9155590378833,0.12612612612612617,278,278,100,pbs_bose_midpoint_L9/data/U_15/W_10/L_9/N_9_nmax_2/boundary_periodic/energies_polfed_U15_L9_N9_nmax2_W10_boundaryperiodic_nreal300.txt
15.0,11.0,9,9,2,periodic,0.7479522515621821,0.02355432673557477,266.7529145585771,199.51844305486216,0.1261261261261261,282,282,100,pbs_bose_midpoint_L9/data/U_15/W_11/L_9/N_9_nmax_2/boundary_periodic/energies_polfed_U15_L9_N9_nmax2_W11_boundaryperiodic_nreal300.txt
15.0,12.0,9,9,2,periodic,0.7393819919175866,0.0235070926392069,267.28891588660423,197.62861104572968,0.13113113113113117,284,284,100,pbs_bose_midpoint_L9/data/U_15/W_12/L_9/N_9_nmax_2/boundary_periodic/energies_polfed_U15_L9_N9_nmax2_W12_boundaryperiodic_nreal300.txt
15.0,13.0,9,9,2,periodic,0.697981390783066,0.024311245395151365,258.4476938574568,180.39168080330376,0.15615615615615613,277,277,100,pbs_bose_midpoint_L9/data/U_15/W_13/L_9/N_9_nmax_2/boundary_periodic/energies_polfed_U15_L9_N9_nmax2_W13_boundaryperiodic_nreal300.txt
15.0,14.0,9,9,2,periodic,0.7653919388230148,0.024544948638389043,255.98689977914617,195.93030953525349,0.11611611611611611,277,277,100,pbs_bose_midpoint_L9/data/U_15/W_14/L_9/N_9_nmax_2/boundary_periodic/energies_polfed_U15_L9_N9_nmax2_W14_boundaryperiodic_nreal300.txt
15.0,15.0,9,9,2,periodic,0.7923168624866254,0.025131470817772776,250.0126376501676,198.08922864498632,0.10110110110110115,280,280,100,pbs_bose_midpoint_L9/data/U_15/W_15/L_9/N_9_nmax_2/boundary_periodic/energies_polfed_U15_L9_N9_nmax2_W15_boundaryperiodic_nreal300.txt
20.0,0.5,9,9,2,periodic,0.19646866461804466,0.014666084674609283,428.4159983105358,84.17031908907745,0.7067067067067065,300,300,100,pbs_bose_midpoint_L9/data/U_20/W_0p5/L_9/N_9_nmax_2/boundary_periodic/energies_polfed_U20_L9_N9_nmax2_W0.5_boundaryperiodic_nreal300.txt
20.0,1.0,9,9,2,periodic,0.26818126094530154,0.018057300084282656,347.9581818905787,93.31586397564999,0.5715715715715715,300,300,100,pbs_bose_midpoint_L9/data/U_20/W_1/L_9/N_9_nmax_2/boundary_periodic/energies_polfed_U20_L9_N9_nmax2_W1_boundaryperiodic_nreal300.txt
20.0,2.0,9,9,2,periodic,0.326222200971167,0.02753265297231752,228.20849532723793,74.44667762596984,0.48648648648648635,299,299,100,pbs_bose_midpoint_L9/data/U_20/W_2/L_9/N_9_nmax_2/boundary_periodic/energies_polfed_U20_L9_N9_nmax2_W2_boundaryperiodic_nreal300.txt
20.0,3.0,9,9,2,periodic,0.45045732517594583,0.0407834989495986,154.06194831258895,69.39833314828364,0.3463463463463463,299,299,100,pbs_bose_midpoint_L9/data/U_20/W_3/L_9/N_9_nmax_2/boundary_periodic/energies_polfed_U20_L9_N9_nmax2_W3_boundaryperiodic_nreal300.txt
20.0,4.0,9,9,2,periodic,0.5232614239486661,0.05450113053195606,115.28541235480462,60.32440902928421,0.2812812812812813,296,296,100,pbs_bose_midpoint_L9/data/U_20/W_4/L_9/N_9_nmax_2/boundary_periodic/energies_polfed_U20_L9_N9_nmax2_W4_boundaryperiodic_nreal300.txt
20.0,5.0,9,9,2,periodic,0.5737976414214134,0.06568026777324092,95.66321088811769,54.891324778401206,0.24124124124124122,289,289,100,pbs_bose_midpoint_L9/data/U_20/W_5/L_9/N_9_nmax_2/boundary_periodic/energies_polfed_U20_L9_N9_nmax2_W5_boundaryperiodic_nreal300.txt
20.0,6.0,9,9,2,periodic,0.6665363268124913,0.07027441491091475,89.40928665353721,59.594537508973794,0.1761761761761762,283,283,100,pbs_bose_midpoint_L9/data/U_20/W_6/L_9/N_9_nmax_2/boundary_periodic/energies_polfed_U20_L9_N9_nmax2_W6_boundaryperiodic_nreal300.txt
20.0,7.0,9,9,2,periodic,0.7060717714137773,0.0650173186220541,96.63864090895174,68.23381637360349,0.15115115115115116,285,285,100,pbs_bose_midpoint_L9/data/U_20/W_7/L_9/N_9_nmax_2/boundary_periodic/energies_polfed_U20_L9_N9_nmax2_W7_boundaryperiodic_nreal300.txt
20.0,8.0,9,9,2,periodic,0.7142559285543126,0.05774627129755786,108.80677082686908,77.71588112994168,0.14614614614614613,289,289,100,pbs_bose_midpoint_L9/data/U_20/W_8/L_9/N_9_nmax_2/boundary_periodic/energies_polfed_U20_L9_N9_nmax2_W8_boundaryperiodic_nreal300.txt
20.0,9.0,9,9,2,periodic,0.7060717714137773,0.047831404955121656,131.36108615406246,92.7503547956367,0.15115115115115116,283,283,100,pbs_bose_midpoint_L9/data/U_20/W_9/L_9/N_9_nmax_2/boundary_periodic/energies_polfed_U20_L9_N9_nmax2_W9_boundaryperiodic_nreal300.txt
20.0,10.0,9,9,2,periodic,0.7479522515621821,0.04049535770790436,155.15816288130134,116.05089727532113,0.1261261261261261,283,283,100,pbs_bose_midpoint_L9/data/U_20/W_10/L_9/N_9_nmax_2/boundary_periodic/energies_polfed_U20_L9_N9_nmax2_W10_boundaryperiodic_nreal300.txt
20.0,11.0,9,9,2,periodic,0.774263682681127,0.037256142077092866,168.64830755095375,130.57825968234076,0.11111111111111119,284,284,100,pbs_bose_midpoint_L9/data/U_20/W_11/L_9/N_9_nmax_2/boundary_periodic/energies_polfed_U20_L9_N9_nmax2_W11_boundaryperiodic_nreal300.txt
20.0,12.0,9,9,2,periodic,0.7832382599179196,0.034145644575128316,184.0113251737019,144.12471013424076,0.10610610610610612,284,284,100,pbs_bose_midpoint_L9/data/U_20/W_12/L_9/N_9_nmax_2/boundary_periodic/energies_polfed_U20_L9_N9_nmax2_W12_boundaryperiodic_nreal300.txt
20.0,13.0,9,9,2,periodic,0.8296958520834906,0.03219775810618213,195.1435651655878,161.90980657867254,0.08108108108108117,288,288,100,pbs_bose_midpoint_L9/data/U_20/W_13/L_9/N_9_nmax_2/boundary_periodic/energies_polfed_U20_L9_N9_nmax2_W13_boundaryperiodic_nreal300.txt
20.0,14.0,9,9,2,periodic,0.8015006961565405,0.03162509677984058,198.6771882761416,159.23990471375157,0.09609609609609616,274,274,100,pbs_bose_midpoint_L9/data/U_20/W_14/L_9/N_9_nmax_2/boundary_periodic/energies_polfed_U20_L9_N9_nmax2_W14_boundaryperiodic_nreal300.txt
20.0,15.0,9,9,2,periodic,0.8015006961565405,0.0315622145723194,199.07301792093028,159.55716244960908,0.09609609609609616,275,275,100,pbs_bose_midpoint_L9/data/U_20/W_15/L_9/N_9_nmax_2/boundary_periodic/energies_polfed_U20_L9_N9_nmax2_W15_boundaryperiodic_nreal300.txt
30.0,0.5,9,9,2,periodic,0.30795587129142266,0.014962581331002091,419.9265600087991,129.3188496659196,0.5115115115115114,300,300,100,pbs_bose_midpoint_L9/data/U_30/W_0p5/L_9/N_9_nmax_2/boundary_periodic/energies_polfed_U30_L9_N9_nmax2_W0.5_boundaryperiodic_nreal300.txt
30.0,1.0,9,9,2,periodic,0.3789470919074668,0.018191706301486598,345.3873541629316,130.88353344165722,0.42142142142142136,300,300,100,pbs_bose_midpoint_L9/data/U_30/W_1/L_9/N_9_nmax_2/boundary_periodic/energies_polfed_U30_L9_N9_nmax2_W1_boundaryperiodic_nreal300.txt
30.0,2.0,9,9,2,periodic,0.4301635758106795,0.02768182055897926,226.97876007802833,97.63799506823896,0.3663663663663663,299,299,100,pbs_bose_midpoint_L9/data/U_30/W_2/L_9/N_9_nmax_2/boundary_periodic/energies_polfed_U30_L9_N9_nmax2_W2_boundaryperiodic_nreal300.txt
30.0,3.0,9,9,2,periodic,0.5416686911033152,0.03969342221928454,158.29285951884947,85.74228602657614,0.26626626626626626,296,296,100,pbs_bose_midpoint_L9/data/U_30/W_3/L_9/N_9_nmax_2/boundary_periodic/energies_polfed_U30_L9_N9_nmax2_W3_boundaryperiodic_nreal300.txt
30.0,4.0,9,9,2,periodic,0.5479472336900287,0.05323147548047202,118.03515214385847,64.67703509540891,0.26126126126126126,290,290,100,pbs_bose_midpoint_L9/data/U_30/W_4/L_9/N_9_nmax_2/boundary_periodic/energies_polfed_U30_L9_N9_nmax2_W4_boundaryperiodic_nreal300.txt
30.0,5.0,9,9,2,periodic,0.6365079081295572,0.06716784208293647,93.54454620443711,59.54184342151497,0.19619619619619622,289,289,100,pbs_bose_midpoint_L9/data/U_30/W_5/L_9/N_9_nmax_2/boundary_periodic/energies_polfed_U30_L9_N9_nmax2_W5_boundaryperiodic_nreal300.txt
30.0,6.0,9,9,2,periodic,0.6078323128297229,0.078239059109556,80.30752642847372,48.813509526653284,0.21621621621621626,285,285,100,pbs_bose_midpoint_L9/data/U_30/W_6/L_9/N_9_nmax_2/boundary_periodic/energies_polfed_U30_L9_N9_nmax2_W6_boundaryperiodic_nreal300.txt
30.0,7.0,9,9,2,periodic,0.658898955079995,0.09367337023687244,67.07546970170131,44.19595689795085,0.18118118118118123,288,288,100,pbs_bose_midpoint_L9/data/U_30/W_7/L_9/N_9_nmax_2/boundary_periodic/energies_polfed_U30_L9_N9_nmax2_W7_boundaryperiodic_nreal300.txt
30.0,8.0,9,9,2,periodic,0.643885742724042,0.10368104857288274,60.60109724645399,39.020182510424924,0.19119119119119116,288,288,100,pbs_bose_midpoint_L9/data/U_30/W_8/L_9/N_9_nmax_2/boundary_periodic/energies_polfed_U30_L9_N9_nmax2_W8_boundaryperiodic_nreal300.txt
30.0,9.0,9,9,2,periodic,0.7142559285543126,0.10797204768929691,58.19270303421714,41.56448314079013,0.14614614614614613,280,280,100,pbs_bose_midpoint_L9/data/U_30/W_9/L_9/N_9_nmax_2/boundary_periodic/energies_polfed_U30_L9_N9_nmax2_W9_boundaryperiodic_nreal300.txt
30.0,10.0,9,9,2,periodic,0.7225349491787214,0.10508733718493975,59.790127673727376,43.200456860125875,0.14114114114114118,286,286,100,pbs_bose_midpoint_L9/data/U_30/W_10/L_9/N_9_nmax_2/boundary_periodic/energies_polfed_U30_L9_N9_nmax2_W10_boundaryperiodic_nreal300.txt
30.0,11.0,9,9,2,periodic,0.730909932860291,0.09627726718353904,65.26135910361455,47.70017560079425,0.13613613613613623,285,285,100,pbs_bose_midpoint_L9/data/U_30/W_11/L_9/N_9_nmax_2/boundary_periodic/energies_polfed_U30_L9_N9_nmax2_W11_boundaryperiodic_nreal300.txt
30.0,12.0,9,9,2,periodic,0.7225349491787214,0.08637926395406918,72.73950968742419,52.55683793528815,0.14114114114114118,283,283,100,pbs_bose_midpoint_L9/data/U_30/W_12/L_9/N_9_nmax_2/boundary_periodic/energies_polfed_U30_L9_N9_nmax2_W12_boundaryperiodic_nreal300.txt
30.0,13.0,9,9,2,periodic,0.7923168624866254,0.07566082532578422,83.0441021509497,65.79724246425928,0.10110110110110115,280,280,100,pbs_bose_midpoint_L9/data/U_30/W_13/L_9/N_9_nmax_2/boundary_periodic/energies_polfed_U30_L9_N9_nmax2_W13_boundaryperiodic_nreal300.txt
30.0,14.0,9,9,2,periodic,0.7566218500481054,0.06965752663573697,90.20109686116923,68.24812078346622,0.12112112112112118,290,290,100,pbs_bose_midpoint_L9/data/U_30/W_14/L_9/N_9_nmax_2/boundary_periodic/energies_polfed_U30_L9_N9_nmax2_W14_boundaryperiodic_nreal300.txt
30.0,15.0,9,9,2,periodic,0.730909932860291,0.062069915643454376,101.22754706598644,73.9882196296121,0.13613613613613618,280,280,100,pbs_bose_midpoint_L9/data/U_30/W_15/L_9/N_9_nmax_2/boundary_periodic/energies_polfed_U30_L9_N9_nmax2_W15_boundaryperiodic_nreal300.txt
40.0,0.5,9,9,2,periodic,0.3376980310825091,0.01493684790308582,420.6500158498324,142.05268212731465,0.47147147147147145,300,300,100,pbs_bose_midpoint_L9/data/U_40/W_0p5/L_9/N_9_nmax_2/boundary_periodic/energies_polfed_U40_L9_N9_nmax2_W0.5_boundaryperiodic_nreal300.txt
40.0,1.0,9,9,2,periodic,0.4771760948938746,0.018141479685675838,346.3435957840125,165.26688452771768,0.3213213213213213,300,300,100,pbs_bose_midpoint_L9/data/U_40/W_1/L_9/N_9_nmax_2/boundary_periodic/energies_polfed_U40_L9_N9_nmax2_W1_boundaryperiodic_nreal300.txt
40.0,2.0,9,9,2,periodic,0.5416686911033152,0.028020126903173733,224.23828874479202,121.46286035963874,0.26626626626626626,295,295,100,pbs_bose_midpoint_L9/data/U_40/W_2/L_9/N_9_nmax_2/boundary_periodic/energies_polfed_U40_L9_N9_nmax2_W2_boundaryperiodic_nreal300.txt
40.0,3.0,9,9,2,periodic,0.5607234882852032,0.03938791541273111,159.52063574171055,89.44696732656521,0.2512512512512512,269,269,100,pbs_bose_midpoint_L9/data/U_40/W_3/L_9/N_9_nmax_2/boundary_periodic/energies_polfed_U40_L9_N9_nmax2_W3_boundaryperiodic_nreal300.txt
40.0,4.0,9,9,2,periodic,0.5542985515684669,0.05341706864321608,117.62504882374418,65.19939419117159,0.2562562562562563,271,271,100,pbs_bose_midpoint_L9/data/U_40/W_4/L_9/N_9_nmax_2/boundary_periodic/energies_polfed_U40_L9_N9_nmax2_W4_boundaryperiodic_nreal300.txt
40.0,5.0,9,9,2,periodic,0.6008675891719687,0.06708376224850576,93.66179082061754,56.278334447913686,0.2212212212212212,265,265,100,pbs_bose_midpoint_L9/data/U_40/W_5/L_9/N_9_nmax_2/boundary_periodic/energies_polfed_U40_L9_N9_nmax2_W5_boundaryperiodic_nreal300.txt
40.0,6.0,9,9,2,periodic,0.6665363268124913,0.08000451075606943,78.53538816500945,52.3466891522986,0.1761761761761762,278,278,100,pbs_bose_midpoint_L9/data/U_40/W_6/L_9/N_9_nmax_2/boundary_periodic/energies_polfed_U40_L9_N9_nmax2_W6_boundaryperiodic_nreal300.txt
40.0,7.0,9,9,2,periodic,0.7225349491787214,0.09465650870421068,66.3787983857901,47.961001718221446,0.14114114114114118,281,281,100,pbs_bose_midpoint_L9/data/U_40/W_7/L_9/N_9_nmax_2/boundary_periodic/energies_polfed_U40_L9_N9_nmax2_W7_boundaryperiodic_nreal300.txt
40.0,8.0,9,9,2,periodic,0.7832382599179196,0.10782796855479145,58.27045980178013,45.63965353976335,0.10610610610610612,282,282,100,pbs_bose_midpoint_L9/data/U_40/W_8/L_9/N_9_nmax_2/boundary_periodic/energies_polfed_U40_L9_N9_nmax2_W8_boundaryperiodic_nreal300.txt
40.0,9.0,9,9,2,periodic,0.7225349491787214,0.11977259764747533,52.459288940804136,37.90366966879578,0.14114114114114118,288,288,100,pbs_bose_midpoint_L9/data/U_40/W_9/L_9/N_9_nmax_2/boundary_periodic/energies_polfed_U40_L9_N9_nmax2_W9_boundaryperiodic_nreal300.txt
40.0,10.0,9,9,2,periodic,0.7653919388230148,0.1331879927699322,47.175313453616695,36.107604628847135,0.11611611611611618,285,285,100,pbs_bose_midpoint_L9/data/U_40/W_10/L_9/N_9_nmax_2/boundary_periodic/energies_polfed_U40_L9_N9_nmax2_W10_boundaryperiodic_nreal300.txt
40.0,11.0,9,9,2,periodic,0.7225349491787214,0.141001296298319,44.561188245291994,32.19701588415549,0.14114114114114112,286,286,100,pbs_bose_midpoint_L9/data/U_40/W_11/L_9/N_9_nmax_2/boundary_periodic/energies_polfed_U40_L9_N9_nmax2_W11_boundaryperiodic_nreal300.txt
40.0,12.0,9,9,2,periodic,0.7142559285543126,0.14255656765500252,44.07503218220967,31.480853037365378,0.1461461461461462,282,282,100,pbs_bose_midpoint_L9/data/U_40/W_12/L_9/N_9_nmax_2/boundary_periodic/energies_polfed_U40_L9_N9_nmax2_W12_boundaryperiodic_nreal300.txt
40.0,13.0,9,9,2,periodic,0.7479522515621821,0.14078525669413786,44.62956885343529,33.38078651017636,0.12612612612612617,285,285,100,pbs_bose_midpoint_L9/data/U_40/W_13/L_9/N_9_nmax_2/boundary_periodic/energies_polfed_U40_L9_N9_nmax2_W13_boundaryperiodic_nreal300.txt
40.0,14.0,9,9,2,periodic,0.730909932860291,0.13651606757225332,46.02524390657612,33.64030793363407,0.13613613613613623,282,282,100,pbs_bose_midpoint_L9/data/U_40/W_14/L_9/N_9_nmax_2/boundary_periodic/energies_polfed_U40_L9_N9_nmax2_W14_boundaryperiodic_nreal300.txt
40.0,15.0,9,9,2,periodic,0.7832382599179196,0.12740841642360073,49.315308074229456,38.62563608337561,0.1061061061061062,278,278,100,pbs_bose_midpoint_L9/data/U_40/W_15/L_9/N_9_nmax_2/boundary_periodic/energies_polfed_U40_L9_N9_nmax2_W15_boundaryperiodic_nreal300.txt
1.0,0.5,10,10,2,periodic,0.04005000757873611,0.0015624348808062395,4021.406193861577,161.0573485413325,1.3973973973973974,299,299,150,pbs_bose_midpoint_L10/data/U_1/W_0p5/L_10/N_10_nmax_2/boundary_periodic/energies_polfed_U1_L10_N10_nmax2_W0.5_boundaryperiodic_nreal300.txt
1.0,1.0,10,10,2,periodic,0.052205675278469754,0.001559782928158546,4028.243413714889,210.297167599034,1.2822822822822824,300,300,150,pbs_bose_midpoint_L10/data/U_1/W_1/L_10/N_10_nmax_2/boundary_periodic/energies_polfed_U1_L10_N10_nmax2_W1_boundaryperiodic_nreal300.txt
1.0,2.0,10,10,2,periodic,0.044427067496068826,0.0016673017859126908,3768.47512565947,167.42229876492974,1.3523523523523524,298,298,150,pbs_bose_midpoint_L10/data/U_1/W_2/L_10/N_10_nmax_2/boundary_periodic/energies_polfed_U1_L10_N10_nmax2_W2_boundaryperiodic_nreal300.txt
1.0,3.0,10,10,2,periodic,0.040983836717572615,0.0019032390258205878,3301.3117227724824,135.30042059991578,1.3873873873873874,299,299,150,pbs_bose_midpoint_L10/data/U_1/W_3/L_10/N_10_nmax_2/boundary_periodic/energies_polfed_U1_L10_N10_nmax2_W3_boundaryperiodic_nreal300.txt
1.0,4.0,10,10,2,periodic,0.08768856094587427,0.002245343986894282,2798.3174711106835,245.38043211139393,1.0570570570570572,298,298,150,pbs_bose_midpoint_L10/data/U_1/W_4/L_10/N_10_nmax_2/boundary_periodic/energies_polfed_U1_L10_N10_nmax2_W4_boundaryperiodic_nreal300.txt
1.0,5.0,10,10,2,periodic,0.21544346900318845,0.0025900309421327465,2425.9112912395294,522.6467440786485,0.6666666666666665,296,296,150,pbs_bose_midpoint_L10/data/U_1/W_5/L_10/N_10_nmax_2/boundary_periodic/energies_polfed_U1_L10_N10_nmax2_W5_boundaryperiodic_nreal300.txt
1.0,6.0,10,10,2,periodic,0.38778284145894576,0.002964455764956717,2119.5071896346294,821.9085204891812,0.4114114114114113,297,297,150,pbs_bose_midpoint_L10/data/U_1/W_6/L_10/N_10_nmax_2/boundary_periodic/energies_polfed_U1_L10_N10_nmax2_W6_boundaryperiodic_nreal300.txt
1.0,7.0,10,10,2,periodic,0.4556786265841064,0.0033008102367516503,1903.5281814209686,867.3971073740487,0.3413413413413413,296,296,150,pbs_bose_midpoint_L10/data/U_1/W_7/L_10/N_10_nmax_2/boundary_periodic/energies_polfed_U1_L10_N10_nmax2_W7_boundaryperiodic_nreal300.txt
1.0,8.0,10,10,2,periodic,0.5479472336900287,0.0036910681051921675,1702.2675085136273,932.7527722904595,0.26126126126126126,292,292,150,pbs_bose_midpoint_L10/data/U_1/W_8/L_10/N_10_nmax_2/boundary_periodic/energies_polfed_U1_L10_N10_nmax2_W8_boundaryperiodic_nreal300.txt
1.0,9.0,10,10,2,periodic,0.6148777653810024,0.0041542162669316604,1512.483920780658,929.992733384308,0.21121121121121117,297,297,150,pbs_bose_midpoint_L10/data/U_1/W_9/L_10/N_10_nmax_2/boundary_periodic/energies_polfed_U1_L10_N10_nmax2_W9_boundaryperiodic_nreal300.txt
1.0,10.0,10,10,2,periodic,0.6365079081295572,0.004577279547050228,1372.6898789104346,873.7279633358959,0.19619619619619616,298,298,150,pbs_bose_midpoint_L10/data/U_1/W_10/L_10/N_10_nmax_2/boundary_periodic/energies_polfed_U1_L10_N10_nmax2_W10_boundaryperiodic_nreal300.txt
1.0,11.0,10,10,2,periodic,0.6665363268124913,0.004955016760071153,1268.0452178913238,845.1982017654282,0.1761761761761762,296,296,150,pbs_bose_midpoint_L10/data/U_1/W_11/L_10/N_10_nmax_2/boundary_periodic/energies_polfed_U1_L10_N10_nmax2_W11_boundaryperiodic_nreal300.txt
1.0,12.0,10,10,2,periodic,0.6665363268124913,0.005334233023603733,1177.8985431226538,785.1121682907585,0.17617617617617626,293,293,150,pbs_bose_midpoint_L10/data/U_1/W_12/L_10/N_10_nmax_2/boundary_periodic/energies_polfed_U1_L10_N10_nmax2_W12_boundaryperiodic_nreal300.txt
1.0,13.0,10,10,2,periodic,0.730909932860291,0.005704854728425244,1101.375163134782,805.0060465408357,0.13613613613613618,297,297,150,pbs_bose_midpoint_L10/data/U_1/W_13/L_10/N_10_nmax_2/boundary_periodic/energies_polfed_U1_L10_N10_nmax2_W13_boundaryperiodic_nreal300.txt
1.0,14.0,10,10,2,periodic,0.7479522515621821,0.006166749305009233,1018.88126084123,762.074533120713,0.1261261261261261,289,289,150,pbs_bose_midpoint_L10/data/U_1/W_14/L_10/N_10_nmax_2/boundary_periodic/energies_polfed_U1_L10_N10_nmax2_W14_boundaryperiodic_nreal300.txt
1.0,15.0,10,10,2,periodic,0.7566218500481054,0.0066533496590597185,944.3642118859501,714.5265971163686,0.12112112112112118,292,292,150,pbs_bose_midpoint_L10/data/U_1/W_15/L_10/N_10_nmax_2/boundary_periodic/energies_polfed_U1_L10_N10_nmax2_W15_boundaryperiodic_nreal300.txt
2.0,0.5,10,10,2,periodic,0.048159579101923505,0.00201909675930054,3111.8792490936494,149.86679485235993,1.3173173173173174,299,299,150,pbs_bose_midpoint_L10/data/U_2/W_0p5/L_10/N_10_nmax_2/boundary_periodic/energies_polfed_U2_L10_N10_nmax2_W0.5_boundaryperiodic_nreal300.txt
2.0,1.0,10,10,2,periodic,0.045989920905224385,0.0019598032665606355,3206.0285919444796,147.44500136341452,1.3373373373373374,300,300,150,pbs_bose_midpoint_L10/data/U_2/W_1/L_10/N_10_nmax_2/boundary_periodic/energies_polfed_U2_L10_N10_nmax2_W1_boundaryperiodic_nreal300.txt
2.0,2.0,10,10,2,periodic,0.04051423171114647,0.0019108097786846461,3288.2317105917127,133.22018144285218,1.3923923923923924,297,297,150,pbs_bose_midpoint_L10/data/U_2/W_2/L_10/N_10_nmax_2/boundary_periodic/energies_polfed_U2_L10_N10_nmax2_W2_boundaryperiodic_nreal300.txt
2.0,3.0,10,10,2,periodic,0.04760775230226368,0.0020475928141009516,3068.57167299563,146.0878001297188,1.3223223223223224,298,298,150,pbs_bose_midpoint_L10/data/U_2/W_3/L_10/N_10_nmax_2/boundary_periodic/energies_polfed_U2_L10_N10_nmax2_W3_boundaryperiodic_nreal300.txt
2.0,4.0,10,10,2,periodic,0.06573820143409585,0.0023553937583310797,2667.5732178349463,175.36146553423296,1.1821821821821823,299,299,150,pbs_bose_midpoint_L10/data/U_2/W_4/L_10/N_10_nmax_2/boundary_periodic/energies_polfed_U2_L10_N10_nmax2_W4_boundaryperiodic_nreal300.txt
2.0,5.0,10,10,2,periodic,0.17508270317357252,0.0027727779978346926,2266.0253767471568,396.7418484208053,0.7567567567567566,296,296,150,pbs_bose_midpoint_L10/data/U_2/W_5/L_10/N_10_nmax_2/boundary_periodic/energies_polfed_U2_L10_N10_nmax2_W5_boundaryperiodic_nreal300.txt
2.0,6.0,10,10,2,periodic,0.34557199367621394,0.0031485124958620238,1995.6043736327392,689.6249819852378,0.4614614614614614,294,294,150,pbs_bose_midpoint_L10/data/U_2/W_6/L_10/N_10_nmax_2/boundary_periodic/energies_polfed_U2_L10_N10_nmax2_W6_boundaryperiodic_nreal300.txt
2.0,7.0,10,10,2,periodic,0.4717084690917017,0.0035347143964949003,1777.5652011404738,838.4925597406558,0.3263263263263263,296,296,150,pbs_bose_midpoint_L10/data/U_2/W_7/L_10/N_10_nmax_2/boundary_periodic/energies_polfed_U2_L10_N10_nmax2_W7_boundaryperiodic_nreal300.txt
2.0,8.0,10,10,2,periodic,0.5232614239486661,0.003972122031245647,1581.8208146060394,827.7058118823952,0.2812812812812813,297,297,150,pbs_bose_midpoint_L10/data/U_2/W_8/L_10/N_10_nmax_2/boundary_periodic/energies_polfed_U2_L10_N10_nmax2_W8_boundaryperiodic_nreal300.txt
2.0,9.0,10,10,2,periodic,0.6513490946272803,0.0043712753114687,1437.3803660214908,936.2364000431268,0.1861861861861862,295,295,150,pbs_bose_midpoint_L10/data/U_2/W_9/L_10/N_10_nmax_2/boundary_periodic/energies_polfed_U2_L10_N10_nmax2_W9_boundaryperiodic_nreal300.txt
2.0,10.0,10,10,2,periodic,0.643885742724042,0.00483823404657621,1298.6526171932298,836.1839049619838,0.19119119119119116,298,298,150,pbs_bose_midpoint_L10/data/U_2/W_10/L_10/N_10_nmax_2/boundary_periodic/energies_polfed_U2_L10_N10_nmax2_W10_boundaryperiodic_nreal300.txt
2.0,11.0,10,10,2,periodic,0.6742622241778342,0.005267559189850982,1192.8077275876487,804.2651914197562,0.17117117117117123,295,295,150,pbs_bose_midpoint_L10/data/U_2/W_11/L_10/N_10_nmax_2/boundary_periodic/energies_polfed_U2_L10_N10_nmax2_W11_boundaryperiodic_nreal300.txt
2.0,12.0,10,10,2,periodic,0.730909932860291,0.005604412960033479,1121.1139064852302,819.4332901178583,0.13613613613613618,298,298,150,pbs_bose_midpoint_L10/data/U_2/W_12/L_10/N_10_nmax_2/boundary_periodic/energies_polfed_U2_L10_N10_nmax2_W12_boundaryperiodic_nreal300.txt
2.0,13.0,10,10,2,periodic,0.7393819919175866,0.00596573020415591,1053.2131176167718,778.7268128172201,0.13113113113113117,292,292,150,pbs_bose_midpoint_L10/data/U_2/W_13/L_10/N_10_nmax_2/boundary_periodic/energies_polfed_U2_L10_N10_nmax2_W13_boundaryperiodic_nreal300.txt
2.0,14.0,10,10,2,periodic,0.774263682681127,0.006241985727121231,1006.600396389781,779.3741298970341,0.1111111111111111,295,295,150,pbs_bose_midpoint_L10/data/U_2/W_14/L_10/N_10_nmax_2/boundary_periodic/energies_polfed_U2_L10_N10_nmax2_W14_boundaryperiodic_nreal300.txt
2.0,15.0,10,10,2,periodic,0.7566218500481054,0.006877245336222421,913.6194798935086,691.2644611170143,0.12112112112112118,291,291,150,pbs_bose_midpoint_L10/data/U_2/W_15/L_10/N_10_nmax_2/boundary_periodic/energies_polfed_U2_L10_N10_nmax2_W15_boundaryperiodic_nreal300.txt
3.0,0.5,10,10,2,periodic,0.04546295469532399,0.0024743631444928754,2539.3141346951866,115.44472346284311,1.3423423423423424,298,298,150,pbs_bose_midpoint_L10/data/U_3/W_0p5/L_10/N_10_nmax_2/boundary_periodic/energies_polfed_U3_L10_N10_nmax2_W0.5_boundaryperiodic_nreal300.txt
3.0,1.0,10,10,2,periodic,0.04546295469532399,0.0023795635092618735,2640.478088827557,120.04393572636289,1.3423423423423424,300,300,150,pbs_bose_midpoint_L10/data/U_3/W_1/L_10/N_10_nmax_2/boundary_periodic/energies_polfed_U3_L10_N10_nmax2_W1_boundaryperiodic_nreal300.txt
3.0,2.0,10,10,2,periodic,0.04494202662119142,0.002224084353097709,2825.0660989671337,126.96419582640632,1.3473473473473474,300,300,150,pbs_bose_midpoint_L10/data/U_3/W_2/L_10/N_10_nmax_2/boundary_periodic/energies_polfed_U3_L10_N10_nmax2_W2_boundaryperiodic_nreal300.txt
3.0,3.0,10,10,2,periodic,0.050431594871713586,0.002291732714108654,2741.6745716017617,138.26702126509895,1.2972972972972974,299,299,150,pbs_bose_midpoint_L10/data/U_3/W_3/L_10/N_10_nmax_2/boundary_periodic/energies_polfed_U3_L10_N10_nmax2_W3_boundaryperiodic_nreal300.txt
3.0,4.0,10,10,2,periodic,0.07814350607844542,0.002563581399752041,2450.940433483922,191.5250786618585,1.1071071071071072,299,299,150,pbs_bose_midpoint_L10/data/U_3/W_4/L_10/N_10_nmax_2/boundary_periodic/energies_polfed_U3_L10_N10_nmax2_W4_boundaryperiodic_nreal300.txt
3.0,5.0,10,10,2,periodic,0.1919920665593285,0.0029759227546169013,2111.340187654984,405.3605658376408,0.7167167167167166,298,298,150,pbs_bose_midpoint_L10/data/U_3/W_5/L_10/N_10_nmax_2/boundary_periodic/energies_polfed_U3_L10_N10_nmax2_W5_boundaryperiodic_nreal300.txt
3.0,6.0,10,10,2,periodic,0.3789470919074668,0.003383657481345121,1856.921198974845,703.6748882528441,0.42142142142142125,300,300,150,pbs_bose_midpoint_L10/data/U_3/W_6/L_10/N_10_nmax_2/boundary_periodic/energies_polfed_U3_L10_N10_nmax2_W6_boundaryperiodic_nreal300.txt
3.0,7.0,10,10,2,periodic,0.4301635758106795,0.0037945575908510244,1655.841335055459,712.2826296625857,0.3663663663663663,296,296,150,pbs_bose_midpoint_L10/data/U_3/W_7/L_10/N_10_nmax_2/boundary_periodic/energies_polfed_U3_L10_N10_nmax2_W7_boundaryperiodic_nreal300.txt
3.0,8.0,10,10,2,periodic,0.5113387538414326,0.004261249939617295,1474.493492804574,753.9656651579922,0.29129129129129133,298,298,150,pbs_bose_midpoint_L10/data/U_3/W_8/L_10/N_10_nmax_2/boundary_periodic/energies_polfed_U3_L10_N10_nmax2_W8_boundaryperiodic_nreal300.txt
3.0,9.0,10,10,2,periodic,0.6078323128297229,0.0046297896635598855,1357.1211142988277,824.9020656943072,0.21621621621621626,298,298,150,pbs_bose_midpoint_L10/data/U_3/W_9/L_10/N_10_nmax_2/boundary_periodic/energies_polfed_U3_L10_N10_nmax2_W9_boundaryperiodic_nreal300.txt
3.0,10.0,10,10,2,periodic,0.6292146109610344,0.005084997197487912,1235.6320098433098,777.4777143645591,0.20120120120120122,298,298,150,pbs_bose_midpoint_L10/data/U_3/W_10/L_10/N_10_nmax_2/boundary_periodic/energies_polfed_U3_L10_N10_nmax2_W10_boundaryperiodic_nreal300.txt
3.0,11.0,10,10,2,periodic,0.6742622241778342,0.005515291969595694,1139.2298615951938,768.1396603289817,0.17117117117117117,296,296,150,pbs_bose_midpoint_L10/data/U_3/W_11/L_10/N_10_nmax_2/boundary_periodic/energies_polfed_U3_L10_N10_nmax2_W11_boundaryperiodic_nreal300.txt
3.0,12.0,10,10,2,periodic,0.7060717714137773,0.005904787972696432,1064.0831366397663,751.3190652187682,0.15115115115115121,297,297,150,pbs_bose_midpoint_L10/data/U_3/W_12/L_10/N_10_nmax_2/boundary_periodic/energies_polfed_U3_L10_N10_nmax2_W12_boundaryperiodic_nreal300.txt
3.0,13.0,10,10,2,periodic,0.730909932860291,0.006420143754280717,978.6673862232739,715.3177135570096,0.13613613613613623,296,296,150,pbs_bose_midpoint_L10/data/U_3/W_13/L_10/N_10_nmax_2/boundary_periodic/energies_polfed_U3_L10_N10_nmax2_W13_boundaryperiodic_nreal300.txt
3.0,14.0,10,10,2,periodic,0.7225349491787214,0.006623782661912034,948.5796300819251,685.3819348132141,0.14114114114114112,297,297,150,pbs_bose_midpoint_L10/data/U_3/W_14/L_10/N_10_nmax_2/boundary_periodic/energies_polfed_U3_L10_N10_nmax2_W14_boundaryperiodic_nreal300.txt
3.0,15.0,10,10,2,periodic,0.7225349491787214,0.007084049950258423,886.9481936600938,640.8510680303547,0.14114114114114112,296,296,150,pbs_bose_midpoint_L10/data/U_3/W_15/L_10/N_10_nmax_2/boundary_periodic/energies_polfed_U3_L10_N10_nmax2_W15_boundaryperiodic_nreal300.txt
4.0,0.5,10,10,2,periodic,0.059261518124755524,0.0030861849583201416,2035.9069180998217,120.65093472728775,1.2272272272272273,300,300,150,pbs_bose_midpoint_L10/data/U_4/W_0p5/L_10/N_10_nmax_2/boundary_periodic/energies_polfed_U4_L10_N10_nmax2_W0.5_boundaryperiodic_nreal300.txt
4.0,1.0,10,10,2,periodic,0.04005000757873611,0.0027828629214567938,2257.813440516293,90.4254454040498,1.3973973973973974,296,296,150,pbs_bose_midpoint_L10/data/U_4/W_1/L_10/N_10_nmax_2/boundary_periodic/energies_polfed_U4_L10_N10_nmax2_W1_boundaryperiodic_nreal300.txt
4.0,2.0,10,10,2,periodic,0.04652299523960189,0.0025735604136247776,2441.436880174078,113.58295635412712,1.3323323323323324,299,299,150,pbs_bose_midpoint_L10/data/U_4/W_2/L_10/N_10_nmax_2/boundary_periodic/energies_polfed_U4_L10_N10_nmax2_W2_boundaryperiodic_nreal300.txt
4.0,3.0,10,10,2,periodic,0.055302242561929005,0.002615023627177125,2402.726018182169,132.87613706736815,1.2572572572572573,297,297,150,pbs_bose_midpoint_L10/data/U_4/W_3/L_10/N_10_nmax_2/boundary_periodic/energies_polfed_U4_L10_N10_nmax2_W3_boundaryperiodic_nreal300.txt
4.0,4.0,10,10,2,periodic,0.08768856094587427,0.0028247665560387925,2224.3201986894733,195.04743730592102,1.0570570570570572,299,299,150,pbs_bose_midpoint_L10/data/U_4/W_4/L_10/N_10_nmax_2/boundary_periodic/energies_polfed_U4_L10_N10_nmax2_W4_boundaryperiodic_nreal300.txt
4.0,5.0,10,10,2,periodic,0.19874595495809838,0.003225989337797054,1947.6770222279201,387.0929297326334,0.7017017017017015,298,298,150,pbs_bose_midpoint_L10/data/U_4/W_5/L_10/N_10_nmax_2/boundary_periodic/energies_polfed_U4_L10_N10_nmax2_W5_boundaryperiodic_nreal300.txt
4.0,6.0,10,10,2,periodic,0.33000347911252853,0.003612817523061808,1739.137187824167,573.9213226359541,0.4814814814814814,297,297,150,pbs_bose_midpoint_L10/data/U_4/W_6/L_10/N_10_nmax_2/boundary_periodic/energies_polfed_U4_L10_N10_nmax2_W6_boundaryperiodic_nreal300.txt
4.0,7.0,10,10,2,periodic,0.4717084690917017,0.004030225427969174,1559.015846502084,735.4009782432015,0.3263263263263263,296,296,150,pbs_bose_midpoint_L10/data/U_4/W_7/L_10/N_10_nmax_2/boundary_periodic/energies_polfed_U4_L10_N10_nmax2_W7_boundaryperiodic_nreal300.txt
4.0,8.0,10,10,2,periodic,0.5607234882852032,0.004517378604370516,1390.8918993640848,779.9057576390614,0.25125125125125125,298,298,150,pbs_bose_midpoint_L10/data/U_4/W_8/L_10/N_10_nmax_2/boundary_periodic/energies_polfed_U4_L10_N10_nmax2_W8_boundaryperiodic_nreal300.txt
4.0,9.0,10,10,2,periodic,0.6148777653810024,0.004979159421182315,1261.8967933522456,775.9122804378812,0.21121121121121122,297,297,150,pbs_bose_midpoint_L10/data/U_4/W_9/L_10/N_10_nmax_2/boundary_periodic/energies_polfed_U4_L10_N10_nmax2_W9_boundaryperiodic_nreal300.txt
4.0,10.0,10,10,2,periodic,0.6742622241778342,0.005406404226994331,1162.1745329007147,783.6103854364715,0.17117117117117117,296,296,150,pbs_bose_midpoint_L10/data/U_4/W_10/L_10/N_10_nmax_2/boundary_periodic/energies_polfed_U4_L10_N10_nmax2_W10_boundaryperiodic_nreal300.txt
4.0,11.0,10,10,2,periodic,0.6742622241778342,0.005829256979618442,1077.8707010427352,726.767496261196,0.17117117117117117,298,298,150,pbs_bose_midpoint_L10/data/U_4/W_11/L_10/N_10_nmax_2/boundary_periodic/energies_polfed_U4_L10_N10_nmax2_W11_boundaryperiodic_nreal300.txt
4.0,12.0,10,10,2,periodic,0.7225349491787214,0.0062816280852331305,1000.2479010099494,722.7140663223465,0.14114114114114118,297,297,150,pbs_bose_midpoint_L10/data/U_4/W_12/L_10/N_10_nmax_2/boundary_periodic/energies_polfed_U4_L10_N10_nmax2_W12_boundaryperiodic_nreal300.txt
4.0,13.0,10,10,2,periodic,0.7060717714137773,0.006709641995821419,936.4412156554079,661.1947079626849,0.15115115115115116,297,297,150,pbs_bose_midpoint_L10/data/U_4/W_13/L_10/N_10_nmax_2/boundary_periodic/energies_polfed_U4_L10_N10_nmax2_W13_boundaryperiodic_nreal300.txt
4.0,14.0,10,10,2,periodic,0.7566218500481054,0.0071213704380916655,882.3000238228458,667.5674763223291,0.12112112112112118,296,296,150,pbs_bose_midpoint_L10/data/U_4/W_14/L_10/N_10_nmax_2/boundary_periodic/energies_polfed_U4_L10_N10_nmax2_W14_boundaryperiodic_nreal300.txt
4.0,15.0,10,10,2,periodic,0.7225349491787214,0.007518871638994496,835.6553494800505,603.790195467495,0.14114114114114118,296,296,150,pbs_bose_midpoint_L10/data/U_4/W_15/L_10/N_10_nmax_2/boundary_periodic/energies_polfed_U4_L10_N10_nmax2_W15_boundaryperiodic_nreal300.txt
5.0,0.5,10,10,2,periodic,0.2651083601908539,0.0040964081401771695,1533.8279517499052,406.6306131033135,0.5765765765765765,297,297,150,pbs_bose_midpoint_L10/data/U_5/W_0p5/L_10/N_10_nmax_2/boundary_periodic/energies_polfed_U5_L10_N10_nmax2_W0.5_boundaryperiodic_nreal300.txt
5.0,1.0,10,10,2,periodic,0.09727203192450537,0.0033487093251095166,1876.300597387353,182.5115716090311,1.0120120120120122,299,299,150,pbs_bose_midpoint_L10/data/U_5/W_1/L_10/N_10_nmax_2/boundary_periodic/energies_polfed_U5_L10_N10_nmax2_W1_boundaryperiodic_nreal300.txt
5.0,2.0,10,10,2,periodic,0.053422932995383525,0.002897729312064026,2168.313403540143,115.83766167031706,1.2722722722722724,299,299,150,pbs_bose_midpoint_L10/data/U_5/W_2/L_10/N_10_nmax_2/boundary_periodic/energies_polfed_U5_L10_N10_nmax2_W2_boundaryperiodic_nreal300.txt
5.0,3.0,10,10,2,periodic,0.06963744730628223,0.0029299840247291775,2144.4435376265747,149.33357385276804,1.1571571571571573,294,294,150,pbs_bose_midpoint_L10/data/U_5/W_3/L_10/N_10_nmax_2/boundary_periodic/energies_polfed_U5_L10_N10_nmax2_W3_boundaryperiodic_nreal300.txt
5.0,4.0,10,10,2,periodic,0.1422830457214352,0.0031094951748743094,2020.644816544397,287.5034988191674,0.8468468468468472,299,299,150,pbs_bose_midpoint_L10/data/U_5/W_4/L_10/N_10_nmax_2/boundary_periodic/energies_polfed_U5_L10_N10_nmax2_W4_boundaryperiodic_nreal300.txt
5.0,5.0,10,10,2,periodic,0.2473964100886814,0.003418416560992778,1838.0396874027608,454.7244202639652,0.6066066066066065,299,299,150,pbs_bose_midpoint_L10/data/U_5/W_5/L_10/N_10_nmax_2/boundary_periodic/energies_polfed_U5_L10_N10_nmax2_W5_boundaryperiodic_nreal300.txt
5.0,6.0,10,10,2,periodic,0.39227767589277196,0.003894082245061677,1613.5214696987143,632.9484521365014,0.4064064064064063,300,300,150,pbs_bose_midpoint_L10/data/U_5/W_6/L_10/N_10_nmax_2/boundary_periodic/energies_polfed_U5_L10_N10_nmax2_W6_boundaryperiodic_nreal300.txt
5.0,7.0,10,10,2,periodic,0.5054796821191241,0.004312113701265526,1457.101028049327,736.5349644738227,0.2962962962962963,298,298,150,pbs_bose_midpoint_L10/data/U_5/W_7/L_10/N_10_nmax_2/boundary_periodic/energies_polfed_U5_L10_N10_nmax2_W7_boundaryperiodic_nreal300.txt
5.0,8.0,10,10,2,periodic,0.5607234882852032,0.0048379727347394345,1298.722760891704,728.2243568025862,0.25125125125125125,295,295,150,pbs_bose_midpoint_L10/data/U_5/W_8/L_10/N_10_nmax_2/boundary_periodic/energies_polfed_U5_L10_N10_nmax2_W8_boundaryperiodic_nreal300.txt
5.0,9.0,10,10,2,periodic,0.643885742724042,0.005397236834557611,1164.1485263254326,749.5786385141502,0.19119119119119116,294,294,150,pbs_bose_midpoint_L10/data/U_5/W_9/L_10/N_10_nmax_2/boundary_periodic/energies_polfed_U5_L10_N10_nmax2_W9_boundaryperiodic_nreal300.txt
5.0,10.0,10,10,2,periodic,0.6742622241778342,0.005696564567831198,1102.9779847771877,743.6963892350519,0.17117117117117117,297,297,150,pbs_bose_midpoint_L10/data/U_5/W_10/L_10/N_10_nmax_2/boundary_periodic/energies_polfed_U5_L10_N10_nmax2_W10_boundaryperiodic_nreal300.txt
5.0,11.0,10,10,2,periodic,0.7393819919175866,0.006209787414248932,1011.8197110519817,748.1212734190912,0.13113113113113112,292,292,150,pbs_bose_midpoint_L10/data/U_5/W_11/L_10/N_10_nmax_2/boundary_periodic/energies_polfed_U5_L10_N10_nmax2_W11_boundaryperiodic_nreal300.txt
5.0,12.0,10,10,2,periodic,0.7060717714137773,0.006554111051198234,958.663235654343,676.8850489877254,0.15115115115115116,296,296,150,pbs_bose_midpoint_L10/data/U_5/W_12/L_10/N_10_nmax_2/boundary_periodic/energies_polfed_U5_L10_N10_nmax2_W12_boundaryperiodic_nreal300.txt
5.0,13.0,10,10,2,periodic,0.7393819919175866,0.006967392732595955,901.7986423794655,666.7736765111046,0.13113113113113112,291,291,150,pbs_bose_midpoint_L10/data/U_5/W_13/L_10/N_10_nmax_2/boundary_periodic/energies_polfed_U5_L10_N10_nmax2_W13_boundaryperiodic_nreal300.txt
5.0,14.0,10,10,2,periodic,0.774263682681127,0.007418428927551851,846.9698056746221,655.7779608613514,0.1111111111111111,293,293,150,pbs_bose_midpoint_L10/data/U_5/W_14/L_10/N_10_nmax_2/boundary_periodic/energies_polfed_U5_L10_N10_nmax2_W14_boundaryperiodic_nreal300.txt
5.0,15.0,10,10,2,periodic,0.7479522515621821,0.007891176803552216,796.2291890800379,595.5414147319449,0.1261261261261261,294,294,150,pbs_bose_midpoint_L10/data/U_5/W_15/L_10/N_10_nmax_2/boundary_periodic/energies_polfed_U5_L10_N10_nmax2_W15_boundaryperiodic_nreal300.txt
6.0,0.5,10,10,2,periodic,0.36606951475969024,0.005705993070571027,1101.1554394598654,403.0994373980664,0.43643643643643637,295,295,150,pbs_bose_midpoint_L10/data/U_6/W_0p5/L_10/N_10_nmax_2/boundary_periodic/energies_polfed_U6_L10_N10_nmax2_W0.5_boundaryperiodic_nreal300.txt
6.0,1.0,10,10,2,periodic,0.16527920614648955,0.004264729852880331,1473.2903428656853,243.50425829212986,0.7817817817817816,296,296,150,pbs_bose_midpoint_L10/data/U_6/W_1/L_10/N_10_nmax_2/boundary_periodic/energies_polfed_U6_L10_N10_nmax2_W1_boundaryperiodic_nreal300.txt
6.0,2.0,10,10,2,periodic,0.059261518124755524,0.0032402651568009095,1939.096031691101,114.91377462770369,1.2272272272272273,299,299,150,pbs_bose_midpoint_L10/data/U_6/W_2/L_10/N_10_nmax_2/boundary_periodic/energies_polfed_U6_L10_N10_nmax2_W2_boundaryperiodic_nreal300.txt
6.0,3.0,10,10,2,periodic,0.10544427935261684,0.003232517781801335,1943.743462929461,204.95662869495692,0.9769769769769772,297,297,150,pbs_bose_midpoint_L10/data/U_6/W_3/L_10/N_10_nmax_2/boundary_periodic/energies_polfed_U6_L10_N10_nmax2_W3_boundaryperiodic_nreal300.txt
6.0,4.0,10,10,2,periodic,0.2179406984302956,0.0033895810499361585,1853.676078138898,403.9914591331226,0.6616616616616615,298,298,150,pbs_bose_midpoint_L10/data/U_6/W_4/L_10/N_10_nmax_2/boundary_periodic/energies_polfed_U6_L10_N10_nmax2_W4_boundaryperiodic_nreal300.txt
6.0,5.0,10,10,2,periodic,0.3703126675869927,0.0036672554119411165,1713.3208902550452,634.464429302867,0.43143143143143137,297,297,150,pbs_bose_midpoint_L10/data/U_6/W_5/L_10/N_10_nmax_2/boundary_periodic/energies_polfed_U6_L10_N10_nmax2_W5_boundaryperiodic_nreal300.txt
6.0,6.0,10,10,2,periodic,0.44529585099426555,0.004118157819820986,1525.7271775593856,679.3999819163855,0.3513513513513513,295,295,150,pbs_bose_midpoint_L10/data/U_6/W_6/L_10/N_10_nmax_2/boundary_periodic/energies_polfed_U6_L10_N10_nmax2_W6_boundaryperiodic_nreal300.txt
6.0,7.0,10,10,2,periodic,0.5293266058360562,0.004441637048700704,1414.610252545868,748.7908435609905,0.2762762762762762,295,295,150,pbs_bose_midpoint_L10/data/U_6/W_7/L_10/N_10_nmax_2/boundary_periodic/energies_polfed_U6_L10_N10_nmax2_W7_boundaryperiodic_nreal300.txt
6.0,8.0,10,10,2,periodic,0.6078323128297229,0.004998108096113149,1257.112728727455,764.1137373900931,0.21621621621621626,296,296,150,pbs_bose_midpoint_L10/data/U_6/W_8/L_10/N_10_nmax_2/boundary_periodic/energies_polfed_U6_L10_N10_nmax2_W8_boundaryperiodic_nreal300.txt
6.0,9.0,10,10,2,periodic,0.643885742724042,0.005501456099864555,1142.0949641558127,735.3786642568535,0.19119119119119118,295,295,150,pbs_bose_midpoint_L10/data/U_6/W_9/L_10/N_10_nmax_2/boundary_periodic/energies_polfed_U6_L10_N10_nmax2_W9_boundaryperiodic_nreal300.txt
6.0,10.0,10,10,2,periodic,0.6742622241778342,0.006029558833679602,1042.0638525132701,702.6242909309201,0.17117117117117123,295,295,150,pbs_bose_midpoint_L10/data/U_6/W_10/L_10/N_10_nmax_2/boundary_periodic/energies_polfed_U6_L10_N10_nmax2_W10_boundaryperiodic_nreal300.txt
6.0,11.0,10,10,2,periodic,0.6820776732865685,0.006535644459541429,961.3719574366876,655.7303478913699,0.16616616616616617,297,297,150,pbs_bose_midpoint_L10/data/U_6/W_11/L_10/N_10_nmax_2/boundary_periodic/energies_polfed_U6_L10_N10_nmax2_W11_boundaryperiodic_nreal300.txt
6.0,12.0,10,10,2,periodic,0.7566218500481054,0.007098950826514406,885.0864671032858,669.6757601922297,0.12112112112112118,292,292,150,pbs_bose_midpoint_L10/data/U_6/W_12/L_10/N_10_nmax_2/boundary_periodic/energies_polfed_U6_L10_N10_nmax2_W12_boundaryperiodic_nreal300.txt
6.0,13.0,10,10,2,periodic,0.7142559285543126,0.007366648468339959,852.9231894508296,609.2054446667082,0.14614614614614613,294,294,150,pbs_bose_midpoint_L10/data/U_6/W_13/L_10/N_10_nmax_2/boundary_periodic/energies_polfed_U6_L10_N10_nmax2_W13_boundaryperiodic_nreal300.txt
6.0,14.0,10,10,2,periodic,0.730909932860291,0.007939111633862269,791.4217102553706,578.4579891069296,0.13613613613613623,295,295,150,pbs_bose_midpoint_L10/data/U_6/W_14/L_10/N_10_nmax_2/boundary_periodic/energies_polfed_U6_L10_N10_nmax2_W14_boundaryperiodic_nreal300.txt
6.0,15.0,10,10,2,periodic,0.7393819919175866,0.008323751125487623,754.8502126571575,558.122653833863,0.13113113113113112,292,292,150,pbs_bose_midpoint_L10/data/U_6/W_15/L_10/N_10_nmax_2/boundary_periodic/energies_polfed_U6_L10_N10_nmax2_W15_boundaryperiodic_nreal300.txt
7.0,0.5,10,10,2,periodic,0.2010496416260499,0.008457544998559207,742.9088829264242,149.36156467316667,0.6966966966966965,298,298,150,pbs_bose_midpoint_L10/data/U_7/W_0p5/L_10/N_10_nmax_2/boundary_periodic/energies_polfed_U7_L10_N10_nmax2_W0.5_boundaryperiodic_nreal300.txt
7.0,1.0,10,10,2,periodic,0.0897331581458352,0.005780481847246452,1086.9656670875281,97.53686210385841,1.0470470470470472,295,295,150,pbs_bose_midpoint_L10/data/U_7/W_1/L_10/N_10_nmax_2/boundary_periodic/energies_polfed_U7_L10_N10_nmax2_W1_boundaryperiodic_nreal300.txt
7.0,2.0,10,10,2,periodic,0.060643293954080614,0.0036323543788726095,1729.7831246106905,104.89974650257416,1.2172172172172173,299,299,150,pbs_bose_midpoint_L10/data/U_7/W_2/L_10/N_10_nmax_2/boundary_periodic/energies_polfed_U7_L10_N10_nmax2_W2_boundaryperiodic_nreal300.txt
7.0,3.0,10,10,2,periodic,0.15072253093107554,0.003510342910059226,1789.9064188784841,269.779225583143,0.8218218218218221,296,296,150,pbs_bose_midpoint_L10/data/U_7/W_3/L_10/N_10_nmax_2/boundary_periodic/energies_polfed_U7_L10_N10_nmax2_W3_boundaryperiodic_nreal300.txt
7.0,4.0,10,10,2,periodic,0.3115254223555488,0.003721082832945884,1688.5368021236316,526.022140444452,0.5065065065065064,297,297,150,pbs_bose_midpoint_L10/data/U_7/W_4/L_10/N_10_nmax_2/boundary_periodic/energies_polfed_U7_L10_N10_nmax2_W4_boundaryperiodic_nreal300.txt
7.0,5.0,10,10,2,periodic,0.40607720257003654,0.003914311194815274,1605.1828775141892,651.8281725142836,0.39139139139139134,294,294,150,pbs_bose_midpoint_L10/data/U_7/W_5/L_10/N_10_nmax_2/boundary_periodic/energies_polfed_U7_L10_N10_nmax2_W5_boundaryperiodic_nreal300.txt
7.0,6.0,10,10,2,periodic,0.5479472336900287,0.004330916338979879,1450.7750359037304,794.9481676300012,0.26126126126126126,295,295,150,pbs_bose_midpoint_L10/data/U_7/W_6/L_10/N_10_nmax_2/boundary_periodic/energies_polfed_U7_L10_N10_nmax2_W6_boundaryperiodic_nreal300.txt
7.0,7.0,10,10,2,periodic,0.6220048825634712,0.004674484774024191,1344.1449937102886,836.0647489610458,0.20620620620620622,294,294,150,pbs_bose_midpoint_L10/data/U_7/W_7/L_10/N_10_nmax_2/boundary_periodic/energies_polfed_U7_L10_N10_nmax2_W7_boundaryperiodic_nreal300.txt
7.0,8.0,10,10,2,periodic,0.6292146109610344,0.005284078463462033,1189.0787297399359,748.1857103353547,0.20120120120120122,292,292,150,pbs_bose_midpoint_L10/data/U_7/W_8/L_10/N_10_nmax_2/boundary_periodic/energies_polfed_U7_L10_N10_nmax2_W8_boundaryperiodic_nreal300.txt
7.0,9.0,10,10,2,periodic,0.697981390783066,0.005865281108712379,1071.250497754736,747.7129122999023,0.15615615615615622,293,293,150,pbs_bose_midpoint_L10/data/U_7/W_9/L_10/N_10_nmax_2/boundary_periodic/energies_polfed_U7_L10_N10_nmax2_W9_boundaryperiodic_nreal300.txt
7.0,10.0,10,10,2,periodic,0.6899837121430018,0.00633325275254563,992.0945133058333,684.5290550874636,0.16116116116116116,296,296,150,pbs_bose_midpoint_L10/data/U_7/W_10/L_10/N_10_nmax_2/boundary_periodic/energies_polfed_U7_L10_N10_nmax2_W10_boundaryperiodic_nreal300.txt
7.0,11.0,10,10,2,periodic,0.7225349491787214,0.006842689109705226,918.2333445878645,663.455682966,0.14114114114114118,297,297,150,pbs_bose_midpoint_L10/data/U_7/W_11/L_10/N_10_nmax_2/boundary_periodic/energies_polfed_U7_L10_N10_nmax2_W11_boundaryperiodic_nreal300.txt
7.0,12.0,10,10,2,periodic,0.7225349491787214,0.007309535994317343,859.5874364753558,621.0819647283887,0.14114114114114112,293,293,150,pbs_bose_midpoint_L10/data/U_7/W_12/L_10/N_10_nmax_2/boundary_periodic/energies_polfed_U7_L10_N10_nmax2_W12_boundaryperiodic_nreal300.txt
7.0,13.0,10,10,2,periodic,0.7832382599179196,0.007958682733238088,789.4755348066494,618.3474441297291,0.1061061061061062,291,291,150,pbs_bose_midpoint_L10/data/U_7/W_13/L_10/N_10_nmax_2/boundary_periodic/energies_polfed_U7_L10_N10_nmax2_W13_boundaryperiodic_nreal300.txt
7.0,14.0,10,10,2,periodic,0.730909932860291,0.008294775782900216,757.4870583159645,553.654814936261,0.13613613613613623,290,290,150,pbs_bose_midpoint_L10/data/U_7/W_14/L_10/N_10_nmax_2/boundary_periodic/energies_polfed_U7_L10_N10_nmax2_W14_boundaryperiodic_nreal300.txt
7.0,15.0,10,10,2,periodic,0.730909932860291,0.008709765614235957,721.3954525836874,527.2751018136622,0.13613613613613623,295,295,150,pbs_bose_midpoint_L10/data/U_7/W_15/L_10/N_10_nmax_2/boundary_periodic/energies_polfed_U7_L10_N10_nmax2_W15_boundaryperiodic_nreal300.txt
8.0,0.5,10,10,2,periodic,0.06573820143409585,0.011674962988561664,538.1760364752697,35.3787246928146,1.1821821821821823,297,297,150,pbs_bose_midpoint_L10/data/U_8/W_0p5/L_10/N_10_nmax_2/boundary_periodic/energies_polfed_U8_L10_N10_nmax2_W0.5_boundaryperiodic_nreal300.txt
8.0,1.0,10,10,2,periodic,0.07462302891391108,0.007866308135265307,798.7464003617592,59.60487572907795,1.1271271271271273,291,291,150,pbs_bose_midpoint_L10/data/U_8/W_1/L_10/N_10_nmax_2/boundary_periodic/energies_polfed_U8_L10_N10_nmax2_W1_boundaryperiodic_nreal300.txt
8.0,2.0,10,10,2,periodic,0.08089243486805939,0.004276290518616188,1469.3074008481613,118.8558532242675,1.0920920920920922,299,299,150,pbs_bose_midpoint_L10/data/U_8/W_2/L_10/N_10_nmax_2/boundary_periodic/energies_polfed_U8_L10_N10_nmax2_W2_boundaryperiodic_nreal300.txt
8.0,3.0,10,10,2,periodic,0.14899550728528538,0.0037709577072857674,1666.2041303300778,248.25692963936768,0.8268268268268271,293,293,150,pbs_bose_midpoint_L10/data/U_8/W_3/L_10/N_10_nmax_2/boundary_periodic/energies_polfed_U8_L10_N10_nmax2_W3_boundaryperiodic_nreal300.txt
8.0,4.0,10,10,2,periodic,0.36187498124112805,0.003990717907620542,1574.4498740894278,569.7540186512081,0.4414414414414414,296,296,150,pbs_bose_midpoint_L10/data/U_8/W_4/L_10/N_10_nmax_2/boundary_periodic/energies_polfed_U8_L10_N10_nmax2_W4_boundaryperiodic_nreal300.txt
8.0,5.0,10,10,2,periodic,0.4771760948938746,0.004226964860915774,1486.4531676798304,709.2999177960912,0.3213213213213213,299,299,150,pbs_bose_midpoint_L10/data/U_8/W_5/L_10/N_10_nmax_2/boundary_periodic/energies_polfed_U8_L10_N10_nmax2_W5_boundaryperiodic_nreal300.txt
8.0,6.0,10,10,2,periodic,0.5737976414214134,0.004565114584051509,1376.3477764896102,789.745107925345,0.24124124124124122,292,292,150,pbs_bose_midpoint_L10/data/U_8/W_6/L_10/N_10_nmax_2/boundary_periodic/energies_polfed_U8_L10_N10_nmax2_W6_boundaryperiodic_nreal300.txt
8.0,7.0,10,10,2,periodic,0.6365079081295572,0.004909345657763208,1279.8417029862032,814.6293651047182,0.19619619619619622,298,298,150,pbs_bose_midpoint_L10/data/U_8/W_7/L_10/N_10_nmax_2/boundary_periodic/energies_polfed_U8_L10_N10_nmax2_W7_boundaryperiodic_nreal300.txt
8.0,8.0,10,10,2,periodic,0.7060717714137773,0.005415928050940988,1160.130867338224,819.1356565733017,0.15115115115115121,290,290,150,pbs_bose_midpoint_L10/data/U_8/W_8/L_10/N_10_nmax_2/boundary_periodic/energies_polfed_U8_L10_N10_nmax2_W8_boundaryperiodic_nreal300.txt
8.0,9.0,10,10,2,periodic,0.6665363268124913,0.006000568290617726,1047.0983751661906,697.9291047946007,0.1761761761761762,293,293,150,pbs_bose_midpoint_L10/data/U_8/W_9/L_10/N_10_nmax_2/boundary_periodic/energies_polfed_U8_L10_N10_nmax2_W9_boundaryperiodic_nreal300.txt
8.0,10.0,10,10,2,periodic,0.7225349491787214,0.006409858706072038,980.2377236845401,708.2560138654748,0.14114114114114118,295,295,150,pbs_bose_midpoint_L10/data/U_8/W_10/L_10/N_10_nmax_2/boundary_periodic/energies_polfed_U8_L10_N10_nmax2_W10_boundaryperiodic_nreal300.txt
8.0,11.0,10,10,2,periodic,0.7393819919175866,0.006879374004136633,913.3367808468398,675.3047683141326,0.13113113113113117,292,292,150,pbs_bose_midpoint_L10/data/U_8/W_11/L_10/N_10_nmax_2/boundary_periodic/energies_polfed_U8_L10_N10_nmax2_W11_boundaryperiodic_nreal300.txt
8.0,12.0,10,10,2,periodic,0.730909932860291,0.007557707064804572,831.3613180960273,607.6502451922104,0.13613613613613618,292,292,150,pbs_bose_midpoint_L10/data/U_8/W_12/L_10/N_10_nmax_2/boundary_periodic/energies_polfed_U8_L10_N10_nmax2_W12_boundaryperiodic_nreal300.txt
8.0,13.0,10,10,2,periodic,0.7653919388230148,0.007988375133745968,786.541092773297,602.0122119617266,0.11611611611611611,295,295,150,pbs_bose_midpoint_L10/data/U_8/W_13/L_10/N_10_nmax_2/boundary_periodic/energies_polfed_U8_L10_N10_nmax2_W13_boundaryperiodic_nreal300.txt
8.0,14.0,10,10,2,periodic,0.7566218500481054,0.00846802596272494,741.9893768438222,561.4053750236137,0.12112112112112118,294,294,150,pbs_bose_midpoint_L10/data/U_8/W_14/L_10/N_10_nmax_2/boundary_periodic/energies_polfed_U8_L10_N10_nmax2_W14_boundaryperiodic_nreal300.txt
8.0,15.0,10,10,2,periodic,0.7832382599179196,0.009112538286092452,689.5098939412939,540.0505295267683,0.1061061061061062,291,291,150,pbs_bose_midpoint_L10/data/U_8/W_15/L_10/N_10_nmax_2/boundary_periodic/energies_polfed_U8_L10_N10_nmax2_W15_boundaryperiodic_nreal300.txt
9.0,0.5,10,10,2,periodic,0.1006938631476027,0.012960910775741083,484.77961278306265,48.81433198632554,0.9969969969969972,291,291,150,pbs_bose_midpoint_L10/data/U_9/W_0p5/L_10/N_10_nmax_2/boundary_periodic/energies_polfed_U9_L10_N10_nmax2_W0.5_boundaryperiodic_nreal300.txt
9.0,1.0,10,10,2,periodic,0.07548799281653432,0.009929623782746328,632.7717388545195,47.766668477155896,1.1221221221221223,296,296,150,pbs_bose_midpoint_L10/data/U_9/W_1/L_10/N_10_nmax_2/boundary_periodic/energies_polfed_U9_L10_N10_nmax2_W1_boundaryperiodic_nreal300.txt
9.0,2.0,10,10,2,periodic,0.07376797602527731,0.0052465077460781715,1197.5938302724023,88.3440729595546,1.1321321321321323,295,295,150,pbs_bose_midpoint_L10/data/U_9/W_2/L_10/N_10_nmax_2/boundary_periodic/energies_polfed_U9_L10_N10_nmax2_W2_boundaryperiodic_nreal300.txt
9.0,3.0,10,10,2,periodic,0.17508270317357252,0.004081858778345386,1539.295122240002,269.5039509836743,0.7567567567567566,296,296,150,pbs_bose_midpoint_L10/data/U_9/W_3/L_10/N_10_nmax_2/boundary_periodic/energies_polfed_U9_L10_N10_nmax2_W3_boundaryperiodic_nreal300.txt
9.0,4.0,10,10,2,periodic,0.40607720257003654,0.004176946971042355,1504.25307066123,610.8428788914997,0.39139139139139134,298,298,150,pbs_bose_midpoint_L10/data/U_9/W_4/L_10/N_10_nmax_2/boundary_periodic/energies_polfed_U9_L10_N10_nmax2_W4_boundaryperiodic_nreal300.txt
9.0,5.0,10,10,2,periodic,0.5416686911033152,0.0044999546685179515,1396.2774672236726,756.3197880880988,0.26626626626626626,293,293,150,pbs_bose_midpoint_L10/data/U_9/W_5/L_10/N_10_nmax_2/boundary_periodic/energies_polfed_U9_L10_N10_nmax2_W5_boundaryperiodic_nreal300.txt
9.0,6.0,10,10,2,periodic,0.6008675891719687,0.004772938078810418,1316.4187767433962,790.9933767225166,0.2212212212212212,291,291,150,pbs_bose_midpoint_L10/data/U_9/W_6/L_10/N_10_nmax_2/boundary_periodic/energies_polfed_U9_L10_N10_nmax2_W6_boundaryperiodic_nreal300.txt
9.0,7.0,10,10,2,periodic,0.643885742724042,0.005186205254458832,1211.518827138133,780.079699835997,0.19119119119119118,295,295,150,pbs_bose_midpoint_L10/data/U_9/W_7/L_10/N_10_nmax_2/boundary_periodic/energies_polfed_U9_L10_N10_nmax2_W7_boundaryperiodic_nreal300.txt
9.0,8.0,10,10,2,periodic,0.6742622241778342,0.00558566240231789,1124.8773833112873,758.4623263988108,0.17117117117117117,295,295,150,pbs_bose_midpoint_L10/data/U_9/W_8/L_10/N_10_nmax_2/boundary_periodic/energies_polfed_U9_L10_N10_nmax2_W8_boundaryperiodic_nreal300.txt
9.0,9.0,10,10,2,periodic,0.730909932860291,0.0061101658621794544,1028.3166527558742,751.6068556249153,0.13613613613613618,295,295,150,pbs_bose_midpoint_L10/data/U_9/W_9/L_10/N_10_nmax_2/boundary_periodic/energies_polfed_U9_L10_N10_nmax2_W9_boundaryperiodic_nreal300.txt
9.0,10.0,10,10,2,periodic,0.730909932860291,0.006491373497073783,967.9284838581473,707.4685431503217,0.13613613613613623,293,293,150,pbs_bose_midpoint_L10/data/U_9/W_10/L_10/N_10_nmax_2/boundary_periodic/energies_polfed_U9_L10_N10_nmax2_W10_boundaryperiodic_nreal300.txt
9.0,11.0,10,10,2,periodic,0.7566218500481054,0.00732375150790707,857.9189641259621,649.1202338283397,0.12112112112112118,290,290,150,pbs_bose_midpoint_L10/data/U_9/W_11/L_10/N_10_nmax_2/boundary_periodic/energies_polfed_U9_L10_N10_nmax2_W11_boundaryperiodic_nreal300.txt
9.0,12.0,10,10,2,periodic,0.7060717714137773,0.007701000126634683,815.892118407914,576.0783933268152,0.15115115115115116,296,296,150,pbs_bose_midpoint_L10/data/U_9/W_12/L_10/N_10_nmax_2/boundary_periodic/energies_polfed_U9_L10_N10_nmax2_W12_boundaryperiodic_nreal300.txt
9.0,13.0,10,10,2,periodic,0.7566218500481054,0.008307428969139132,756.3333169047474,572.2583134894901,0.12112112112112111,293,293,150,pbs_bose_midpoint_L10/data/U_9/W_13/L_10/N_10_nmax_2/boundary_periodic/energies_polfed_U9_L10_N10_nmax2_W13_boundaryperiodic_nreal300.txt
9.0,14.0,10,10,2,periodic,0.8015006961565405,0.008865839492512162,708.6960363410806,568.020366490757,0.0960960960960961,290,290,150,pbs_bose_midpoint_L10/data/U_9/W_14/L_10/N_10_nmax_2/boundary_periodic/energies_polfed_U9_L10_N10_nmax2_W14_boundaryperiodic_nreal300.txt
9.0,15.0,10,10,2,periodic,0.7225349491787214,0.009507329905956421,660.8780140513603,477.507462295934,0.14114114114114112,294,294,150,pbs_bose_midpoint_L10/data/U_9/W_15/L_10/N_10_nmax_2/boundary_periodic/energies_polfed_U9_L10_N10_nmax2_W15_boundaryperiodic_nreal300.txt
10.0,0.5,10,10,2,periodic,0.08470868266557402,0.012266489177376848,512.223605004087,43.38978681010754,1.0720720720720722,136,136,150,pbs_bose_midpoint_L10/data/U_10/W_0p5/L_10/N_10_nmax_2/boundary_periodic/energies_polfed_U10_L10_N10_nmax2_W0.5_boundaryperiodic_nreal300.txt
10.0,1.0,10,10,2,periodic,0.10544427935261684,0.011201079958040355,560.9445991562084,59.14839901476891,0.9769769769769772,294,294,150,pbs_bose_midpoint_L10/data/U_10/W_1/L_10/N_10_nmax_2/boundary_periodic/energies_polfed_U10_L10_N10_nmax2_W1_boundaryperiodic_nreal300.txt
10.0,2.0,10,10,2,periodic,0.12108297502320395,0.006429204740841795,977.2881033427643,118.33295100752629,0.9169169169169171,300,300,150,pbs_bose_midpoint_L10/data/U_10/W_2/L_10/N_10_nmax_2/boundary_periodic/energies_polfed_U10_L10_N10_nmax2_W2_boundaryperiodic_nreal300.txt
10.0,3.0,10,10,2,periodic,0.22046687352394098,0.004498952844541884,1396.5883894076212,307.90147581253444,0.6566566566566565,296,296,150,pbs_bose_midpoint_L10/data/U_10/W_3/L_10/N_10_nmax_2/boundary_periodic/energies_polfed_U10_L10_N10_nmax2_W3_boundaryperiodic_nreal300.txt
10.0,4.0,10,10,2,periodic,0.35772850993678734,0.00436788493375843,1438.496069028334,514.5910553234319,0.4464464464464464,296,296,150,pbs_bose_midpoint_L10/data/U_10/W_4/L_10/N_10_nmax_2/boundary_periodic/energies_polfed_U10_L10_N10_nmax2_W4_boundaryperiodic_nreal300.txt
10.0,5.0,10,10,2,periodic,0.5172657387216019,0.004694623715049431,1338.378896489136,692.2975485818553,0.2862862862862863,299,299,150,pbs_bose_midpoint_L10/data/U_10/W_5/L_10/N_10_nmax_2/boundary_periodic/energies_polfed_U10_L10_N10_nmax2_W5_boundaryperiodic_nreal300.txt
10.0,6.0,10,10,2,periodic,0.658898955079995,0.005063526766835464,1240.871352420315,817.6088374984457,0.18118118118118118,295,295,150,pbs_bose_midpoint_L10/data/U_10/W_6/L_10/N_10_nmax_2/boundary_periodic/energies_polfed_U10_L10_N10_nmax2_W6_boundaryperiodic_nreal300.txt
10.0,7.0,10,10,2,periodic,0.658898955079995,0.005403718092614047,1162.7522382723148,766.1362348145535,0.18118118118118123,298,298,150,pbs_bose_midpoint_L10/data/U_10/W_7/L_10/N_10_nmax_2/boundary_periodic/energies_polfed_U10_L10_N10_nmax2_W7_boundaryperiodic_nreal300.txt
10.0,8.0,10,10,2,periodic,0.658898955079995,0.005769512095003342,1089.032348614211,717.5622765502164,0.18118118118118123,296,296,150,pbs_bose_midpoint_L10/data/U_10/W_8/L_10/N_10_nmax_2/boundary_periodic/energies_polfed_U10_L10_N10_nmax2_W8_boundaryperiodic_nreal300.txt
10.0,9.0,10,10,2,periodic,0.7393819919175866,0.006162680358493404,1019.5539832793863,753.8398550246225,0.13113113113113112,290,290,150,pbs_bose_midpoint_L10/data/U_10/W_9/L_10/N_10_nmax_2/boundary_periodic/energies_polfed_U10_L10_N10_nmax2_W9_boundaryperiodic_nreal300.txt
10.0,10.0,10,10,2,periodic,0.7832382599179196,0.006726040461765545,934.1581191633641,731.6683797417098,0.1061061061061062,290,290,150,pbs_bose_midpoint_L10/data/U_10/W_10/L_10/N_10_nmax_2/boundary_periodic/energies_polfed_U10_L10_N10_nmax2_W10_boundaryperiodic_nreal300.txt
10.0,11.0,10,10,2,periodic,0.7142559285543126,0.007342532039930077,855.7246019507218,611.2063701530824,0.14614614614614613,297,297,150,pbs_bose_midpoint_L10/data/U_10/W_11/L_10/N_10_nmax_2/boundary_periodic/energies_polfed_U10_L10_N10_nmax2_W11_boundaryperiodic_nreal300.txt
10.0,12.0,10,10,2,periodic,0.7566218500481054,0.007812383561569173,804.259706101471,608.5204667496406,0.12112112112112118,292,292,150,pbs_bose_midpoint_L10/data/U_10/W_12/L_10/N_10_nmax_2/boundary_periodic/energies_polfed_U10_L10_N10_nmax2_W12_boundaryperiodic_nreal300.txt
10.0,13.0,10,10,2,periodic,0.8201889499202203,0.008427768764416064,745.5336617336499,611.478471147499,0.0860860860860861,292,292,150,pbs_bose_midpoint_L10/data/U_10/W_13/L_10/N_10_nmax_2/boundary_periodic/energies_polfed_U10_L10_N10_nmax2_W13_boundaryperiodic_nreal300.txt
10.0,14.0,10,10,2,periodic,0.7566218500481054,0.0090432418749508,694.7934594764746,525.6959127104136,0.12112112112112118,291,291,150,pbs_bose_midpoint_L10/data/U_10/W_14/L_10/N_10_nmax_2/boundary_periodic/energies_polfed_U10_L10_N10_nmax2_W14_boundaryperiodic_nreal300.txt
10.0,15.0,10,10,2,periodic,0.7923168624866254,0.009465269530442511,663.8147267725868,525.9516015888724,0.10110110110110115,289,289,150,pbs_bose_midpoint_L10/data/U_10/W_15/L_10/N_10_nmax_2/boundary_periodic/energies_polfed_U10_L10_N10_nmax2_W15_boundaryperiodic_nreal300.txt
