L,N,nmax,filling,U,W,dim,observable,entropy_mean,entropy_stderr,pr_normalized_mean,pr_normalized_stderr,onsite_pair_density_mean,onsite_pair_density_stderr,n_realizations
9,7,2,0.7777777777777778,1.0,1.0,2304,ln_pr_normalized,0.8479803902919801,7.157039595624526e-05,0.3082170363902733,0.0001705041783473727,0.44705188803741996,4.061753778196245e-05,300
9,7,2,0.7777777777777778,1.0,2.0,2304,ln_pr_normalized,0.8335291086193479,0.0005287581485525545,0.27624689575879,0.0010787083388011452,0.4419310961042566,0.00011899642321448568,300
9,7,2,0.7777777777777778,1.0,3.0,2304,ln_pr_normalized,0.7980561360274443,0.0016585118063140213,0.21420131723404567,0.0024637653687292977,0.43642890817394325,0.0001524128289587263,300
9,7,2,0.7777777777777778,1.0,4.0,2304,ln_pr_normalized,0.7287957912271884,0.004047206901916694,0.13870515798985333,0.0035711253407493255,0.43224673285964665,0.0001649164111737304,300
9,7,2,0.7777777777777778,1.0,5.0,2304,ln_pr_normalized,0.6263706641285379,0.006306354801184705,0.07663042774605948,0.003441784341932489,0.4287982001276034,0.0001608907942273475,300
9,7,2,0.7777777777777778,1.0,6.0,2304,ln_pr_normalized,0.5455859936209531,0.006764821348479785,0.044611343107212535,0.002534465222595778,0.4264622979855467,0.00014712015551960535,300
9,7,2,0.7777777777777778,1.0,7.0,2304,ln_pr_normalized,0.4852912938465842,0.007161489350102438,0.029118410975222667,0.001733280709742637,0.4247758793990867,0.00011888927754372663,300
9,7,2,0.7777777777777778,1.0,8.0,2304,ln_pr_normalized,0.415519716365261,0.0070213999842015816,0.01808566753410613,0.0014480415226830218,0.42378451466097666,0.00012671376815572206,300
9,7,2,0.7777777777777778,1.0,9.0,2304,ln_pr_normalized,0.34936812226023695,0.006150809511614713,0.009461748786235024,0.0006180780620186284,0.42273163899212,0.00010856525616225544,300
9,7,2,0.7777777777777778,1.0,10.0,2304,ln_pr_normalized,0.3093758111167055,0.005623951105519427,0.006489200246094857,0.00037045628219198166,0.4217485852817034,0.00010404503498798167,300
9,7,2,0.7777777777777778,1.0,11.0,2304,ln_pr_normalized,0.2967269779462657,0.006194421714578242,0.006740989536470826,0.0005764185218833182,0.42132240961633327,0.00011532109531563367,300
9,7,2,0.7777777777777778,1.0,12.0,2304,ln_pr_normalized,0.272836045742226,0.005491183848744995,0.005141135190407287,0.0005202432604830997,0.4208163418241867,0.00010524101000912792,300
9,7,2,0.7777777777777778,1.0,13.0,2304,ln_pr_normalized,0.236413739424592,0.0054608545033522785,0.00402596234570636,0.00052613909030514,0.4206063923878533,0.0001086575360792666,300
9,7,2,0.7777777777777778,1.0,14.0,2304,ln_pr_normalized,0.22809965006282454,0.005437962124035176,0.0034321890580624095,0.00020394301639089807,0.4197248305149167,0.0001506667358631876,300
9,7,2,0.7777777777777778,1.0,15.0,2304,ln_pr_normalized,0.21294576057351888,0.005006199722158566,0.0029446045589179635,0.00016839311171429794,0.42000969706961666,0.00012267678139575342,300
9,7,2,0.7777777777777778,2.0,1.0,2304,ln_pr_normalized,0.8286592772038053,8.898521854273444e-05,0.26539980041121664,0.00018241889757458912,0.44320169409483656,6.463787033523269e-06,300
9,7,2,0.7777777777777778,2.0,2.0,2304,ln_pr_normalized,0.8137500245621219,0.0004564018545102364,0.23688593603409,0.0008233932354956824,0.44216492036167004,4.654821228535185e-05,300
9,7,2,0.7777777777777778,2.0,3.0,2304,ln_pr_normalized,0.7757921848906324,0.0016291982632980228,0.18019791685777203,0.0020714630599478444,0.4390205653690134,0.00010968612420862722,300
9,7,2,0.7777777777777778,2.0,4.0,2304,ln_pr_normalized,0.7119624109047044,0.0035584685311557045,0.118972208056858,0.0028719383442332436,0.4354922939466,0.0001540528387209474,300
9,7,2,0.7777777777777778,2.0,5.0,2304,ln_pr_normalized,0.6401162652873942,0.005264949357139905,0.07671546384586364,0.0027695723842888417,0.43263456810122325,0.0001671013826619374,300
9,7,2,0.7777777777777778,2.0,6.0,2304,ln_pr_normalized,0.5546433725117904,0.0065786826975480365,0.0455317922654494,0.002250388314767002,0.43010613891137334,0.00016612988292307872,300
9,7,2,0.7777777777777778,2.0,7.0,2304,ln_pr_normalized,0.47936622707428805,0.006544824044018385,0.026335676702583667,0.0015354334376963669,0.4278515486877033,0.00014550171853125088,300
9,7,2,0.7777777777777778,2.0,8.0,2304,ln_pr_normalized,0.42007507112990616,0.006494675454700939,0.017006420383893835,0.0011269666544725604,0.42601979023488334,0.00013785574624647758,300
9,7,2,0.7777777777777778,2.0,9.0,2304,ln_pr_normalized,0.3639103322494107,0.006129097641744545,0.010388486542003767,0.0005855843066370236,0.42484238940438,0.00012392104850419015,300
9,7,2,0.7777777777777778,2.0,10.0,2304,ln_pr_normalized,0.33074001809595216,0.005897228143163283,0.0082898491150651,0.0007042745599885934,0.42375452072601333,0.00013357583446984225,300
9,7,2,0.7777777777777778,2.0,11.0,2304,ln_pr_normalized,0.2928297339312298,0.005906321770709663,0.006248458094495,0.0005216826300449509,0.42311163383025996,0.000119870388073529,300
9,7,2,0.7777777777777778,2.0,12.0,2304,ln_pr_normalized,0.2772357521362134,0.005272827475273526,0.0050419375591816695,0.00035549830923828503,0.42255788148413664,0.00012083074406845437,300
9,7,2,0.7777777777777778,2.0,13.0,2304,ln_pr_normalized,0.24544891193676652,0.0052512487295177995,0.0039409413867643765,0.000284783520529154,0.4218730605404033,0.0001108388569536586,300
9,7,2,0.7777777777777778,2.0,14.0,2304,ln_pr_normalized,0.22076467860038756,0.00476382095434235,0.0031117502071375197,0.00020996763782067014,0.4214030636335167,0.00012841654546225556,300
9,7,2,0.7777777777777778,2.0,15.0,2304,ln_pr_normalized,0.21365865356843947,0.0041775400119377325,0.002719543511757934,0.00012255955007273406,0.42094352427002335,0.0001065012951533314,300
9,7,2,0.7777777777777778,3.0,1.0,2304,ln_pr_normalized,0.7963982085231286,0.00016694866928957414,0.20677627060990003,0.0002661089278383127,0.4405364902558633,2.306824476698313e-05,300
9,7,2,0.7777777777777778,3.0,2.0,2304,ln_pr_normalized,0.7706399088053638,0.0006766798822298001,0.1700390432550533,0.000881601271560694,0.44207454758989,2.510939873484443e-05,300
9,7,2,0.7777777777777778,3.0,3.0,2304,ln_pr_normalized,0.7293416026727835,0.001627039460933253,0.12583706374103532,0.001506707065832634,0.44137677420259336,5.922201624661256e-05,300
9,7,2,0.7777777777777778,3.0,4.0,2304,ln_pr_normalized,0.6731100274791676,0.003200823099696426,0.08643494832718267,0.0018962666170130853,0.43921305993515336,0.00012100642018079218,300
9,7,2,0.7777777777777778,3.0,5.0,2304,ln_pr_normalized,0.6048002532468981,0.004084748293280168,0.05412660432677666,0.0016787891731795946,0.43635341828464674,0.0001399000043022448,300
9,7,2,0.7777777777777778,3.0,6.0,2304,ln_pr_normalized,0.5337743843160759,0.0056300283554675595,0.035421558903901404,0.0015730456366072464,0.4338384233767234,0.00017210183285038406,300
9,7,2,0.7777777777777778,3.0,7.0,2304,ln_pr_normalized,0.4680191646233763,0.005973998292120745,0.022237919146429905,0.0010871923888974113,0.43149809394958993,0.00018006702713781685,300
9,7,2,0.7777777777777778,3.0,8.0,2304,ln_pr_normalized,0.4083974510966935,0.005888435108009301,0.0142082261730667,0.000759436195438678,0.42959569224399663,0.00015262590343616755,300
9,7,2,0.7777777777777778,3.0,9.0,2304,ln_pr_normalized,0.3695253349901271,0.0057307900949272045,0.010550455498641533,0.0006117184946048599,0.42815336810976323,0.00015962982761690467,300
9,7,2,0.7777777777777778,3.0,10.0,2304,ln_pr_normalized,0.3285834029411739,0.005911127747953726,0.008347706026307612,0.0007644738380036541,0.4267662647502933,0.0001736540050790263,300
9,7,2,0.7777777777777778,3.0,11.0,2304,ln_pr_normalized,0.30902754915522596,0.005492446521030183,0.0064395212518595325,0.00036782336188181854,0.42579743457639335,0.00017079640588255006,300
9,7,2,0.7777777777777778,3.0,12.0,2304,ln_pr_normalized,0.2685930417155633,0.005063021314499624,0.004609832515628686,0.0003024225654471367,0.42454903740236005,0.00014216472161482675,300
9,7,2,0.7777777777777778,3.0,13.0,2304,ln_pr_normalized,0.2521919644585106,0.0044284374780523515,0.0037325676309606466,0.00017101923861592946,0.4239158468808434,0.00013097926454192415,300
9,7,2,0.7777777777777778,3.0,14.0,2304,ln_pr_normalized,0.21995658083743208,0.004750725866799804,0.0030157774442778765,0.0001585023914092537,0.42330970755228,0.00015994390542961443,300
9,7,2,0.7777777777777778,3.0,15.0,2304,ln_pr_normalized,0.21737561438662178,0.004722379160969482,0.0029797215347387167,0.00016740408449392231,0.42240027023320664,0.00016021364714505576,300
9,7,2,0.7777777777777778,4.0,1.0,2304,ln_pr_normalized,0.7677493805752452,0.00033344753960896846,0.16576411366281,0.00042283908562546006,0.43938313467904666,3.4106459856693606e-05,300
9,7,2,0.7777777777777778,4.0,2.0,2304,ln_pr_normalized,0.7188175094324525,0.0013339982832254996,0.11515941755119267,0.001157491746151057,0.44202975764887326,4.29244849486839e-05,300
9,7,2,0.7777777777777778,4.0,3.0,2304,ln_pr_normalized,0.6637347736054541,0.0023065892384909726,0.07750911202209666,0.0013432166093014625,0.44280953493129666,4.057708538265624e-05,300
9,7,2,0.7777777777777778,4.0,4.0,2304,ln_pr_normalized,0.6013375101382427,0.0030969724767089648,0.04972470191506233,0.0012196465637787405,0.44181969383255326,8.576395750399483e-05,300
9,7,2,0.7777777777777778,4.0,5.0,2304,ln_pr_normalized,0.5502702455872815,0.0038680899511856956,0.0351642581575463,0.0011095975699654628,0.43990640417822996,0.00013852725585266734,300
9,7,2,0.7777777777777778,4.0,6.0,2304,ln_pr_normalized,0.4883836595553164,0.004042890411871194,0.0220832410865589,0.0007614114327348867,0.43735848283995665,0.00015821592827178525,300
9,7,2,0.7777777777777778,4.0,7.0,2304,ln_pr_normalized,0.4386967553227807,0.00438042591086292,0.015424706356241599,0.0005556067712746941,0.43520582254745666,0.00018202214414627098,300
9,7,2,0.7777777777777778,4.0,8.0,2304,ln_pr_normalized,0.3860593723445221,0.0045877546264033175,0.010568780432480598,0.0004597279127247722,0.43303811050735,0.00018723733570295796,300
9,7,2,0.7777777777777778,4.0,9.0,2304,ln_pr_normalized,0.34987170794664624,0.0046230210559278445,0.008153826326649334,0.0004139628361895866,0.43140066023235,0.00018722142523439062,300
9,7,2,0.7777777777777778,4.0,10.0,2304,ln_pr_normalized,0.31401488109705045,0.004759248597747185,0.006235297901323533,0.0003270056946245423,0.4300191936411833,0.00018409045249149182,300
9,7,2,0.7777777777777778,4.0,11.0,2304,ln_pr_normalized,0.2844359585552091,0.004758479062179937,0.004963944301269866,0.00025917844249558915,0.4284534178577733,0.00017507395981198568,300
9,7,2,0.7777777777777778,4.0,12.0,2304,ln_pr_normalized,0.2695113644768605,0.00463689864990229,0.0043440016041636,0.00020988175430353929,0.42752659131339993,0.00017391562490583836,300
9,7,2,0.7777777777777778,4.0,13.0,2304,ln_pr_normalized,0.242292017018356,0.004860796998363109,0.0036425229411888305,0.00019581738656275976,0.4265654608391434,0.00018198548095026723,300
9,7,2,0.7777777777777778,4.0,14.0,2304,ln_pr_normalized,0.22934208188887653,0.004201584172002727,0.0030612863033814435,0.0001285519658337308,0.42560962499722,0.00016463741422017094,300
9,7,2,0.7777777777777778,4.0,15.0,2304,ln_pr_normalized,0.2106791142405189,0.003871958747101842,0.0025724759666192866,9.939005189251182e-05,0.42474945797172997,0.0001593328663328334,300
9,7,2,0.7777777777777778,5.0,1.0,2304,ln_pr_normalized,0.749939759339758,0.00044236215016586235,0.14452148957630667,0.0004894820019905679,0.4402604931138967,1.4539427667382444e-05,300
9,7,2,0.7777777777777778,5.0,2.0,2304,ln_pr_normalized,0.6826813744421573,0.002032940723747681,0.08881148488559333,0.001333635881727182,0.4420738008871634,4.663170003550479e-05,300
9,7,2,0.7777777777777778,5.0,3.0,2304,ln_pr_normalized,0.5941586473920356,0.0032329611104032333,0.047497207961374,0.0012562463016058817,0.44350774865174336,4.2507911488672366e-05,300
9,7,2,0.7777777777777778,5.0,4.0,2304,ln_pr_normalized,0.5251003647101203,0.0034093318898786016,0.028175137865306597,0.0008126254683486101,0.44355265548132666,5.317866157671395e-05,300
9,7,2,0.7777777777777778,5.0,5.0,2304,ln_pr_normalized,0.4687362703619171,0.0037384257298740493,0.01856621061821683,0.0005678031820798128,0.4421224358360067,0.00010963485050784921,300
9,7,2,0.7777777777777778,5.0,6.0,2304,ln_pr_normalized,0.42254906149791793,0.003490561986069141,0.012938412946699866,0.00045662460202684123,0.4403926108389167,0.00015578416288744955,300
9,7,2,0.7777777777777778,5.0,7.0,2304,ln_pr_normalized,0.39241978312629383,0.003402282537697794,0.010095465332393066,0.0003001238217665216,0.43829981058601336,0.00017163186864153983,300
9,7,2,0.7777777777777778,5.0,8.0,2304,ln_pr_normalized,0.3490243567992281,0.0036299457038422617,0.0073537245543577,0.00024769140167579356,0.4361160657599466,0.00017662495618609562,300
9,7,2,0.7777777777777778,5.0,9.0,2304,ln_pr_normalized,0.3223892463603575,0.003973912834618191,0.006131236479329067,0.00022518309662034782,0.4342964861803867,0.0001855929880043356,300
9,7,2,0.7777777777777778,5.0,10.0,2304,ln_pr_normalized,0.290183481888649,0.003528350042126391,0.0046384046819503335,0.00015410308973822683,0.43243367544158,0.0001832701275966597,300
9,7,2,0.7777777777777778,5.0,11.0,2304,ln_pr_normalized,0.27607724425818075,0.0038736091431520406,0.004256545188665546,0.00015868278987663957,0.43132966355837,0.00018636526846377757,300
9,7,2,0.7777777777777778,5.0,12.0,2304,ln_pr_normalized,0.25227702252539125,0.003825521886309489,0.0035289184220623298,0.00012710070207809287,0.4299799592304067,0.00018667482557858752,300
9,7,2,0.7777777777777778,5.0,13.0,2304,ln_pr_normalized,0.23929881435702743,0.003934370430937685,0.0032124527548907365,0.00011509812967502655,0.4293094512346,0.00020578408504861933,300
9,7,2,0.7777777777777778,5.0,14.0,2304,ln_pr_normalized,0.21622393211368154,0.0034314617401939047,0.00258642536419481,7.752094641119756e-05,0.42791440047345664,0.00017443978461868074,300
9,7,2,0.7777777777777778,5.0,15.0,2304,ln_pr_normalized,0.20570118663261516,0.0035376214980447082,0.0023948578584642,7.19909723654939e-05,0.4270318806274999,0.0001734724802995456,300
9,7,2,0.7777777777777778,6.0,1.0,2304,ln_pr_normalized,0.7403837185830856,0.0005307235002655529,0.13431293655217702,0.0005353260691675292,0.44235392384457006,1.3970803384793587e-05,300
9,7,2,0.7777777777777778,6.0,2.0,2304,ln_pr_normalized,0.6641345271970647,0.0021639569592013883,0.077283330659488,0.0012276651628811757,0.44247408631754337,3.197568196982976e-05,300
9,7,2,0.7777777777777778,6.0,3.0,2304,ln_pr_normalized,0.5629257730248762,0.003907941027520455,0.03882557498174477,0.0012134650276997452,0.4438213926243367,4.63281960788616e-05,300
9,7,2,0.7777777777777778,6.0,4.0,2304,ln_pr_normalized,0.47503653695935794,0.004243669900119684,0.020524401108635397,0.0008455295116094126,0.44450007788109,5.0890163083141876e-05,300
9,7,2,0.7777777777777778,6.0,5.0,2304,ln_pr_normalized,0.4106314111831639,0.004035325825192815,0.012288821625982566,0.000506314797899712,0.4440368331112766,6.955803065755096e-05,300
9,7,2,0.7777777777777778,6.0,6.0,2304,ln_pr_normalized,0.37238356558531005,0.003911088128660722,0.009167882320980633,0.000422039549814519,0.4427763076402234,0.00011777435872308008,300
9,7,2,0.7777777777777778,6.0,7.0,2304,ln_pr_normalized,0.3390488364617736,0.0035578735995905938,0.006794701156061766,0.0002344890003711369,0.44106420033372673,0.00016077712342765918,300
9,7,2,0.7777777777777778,6.0,8.0,2304,ln_pr_normalized,0.31710341642799195,0.0033363197087789213,0.0056237227447021665,0.00016637550293905598,0.43903937517931,0.0001739241206000759,300
9,7,2,0.7777777777777778,6.0,9.0,2304,ln_pr_normalized,0.2921768287424555,0.00308569134890094,0.004584914466053234,0.00013695486137815048,0.4371211853611,0.00018243772406222,300
9,7,2,0.7777777777777778,6.0,10.0,2304,ln_pr_normalized,0.2739579274025417,0.0032762078562245324,0.004074103592345366,0.00017917943715793638,0.4356805639454566,0.0002021894315676373,300
9,7,2,0.7777777777777778,6.0,11.0,2304,ln_pr_normalized,0.2520880078291717,0.0030291680988140126,0.003335260151641733,8.898316705635058e-05,0.4342810018502733,0.00020233095986741328,300
9,7,2,0.7777777777777778,6.0,12.0,2304,ln_pr_normalized,0.23667519796548675,0.0031987225105247204,0.0029901508543464664,8.46757449663516e-05,0.43254274407841337,0.00020260008146220953,300
9,7,2,0.7777777777777778,6.0,13.0,2304,ln_pr_normalized,0.21906776102298436,0.003285817778147845,0.0026388210957480666,8.774746999811135e-05,0.43131706658512997,0.0001966533893651502,300
9,7,2,0.7777777777777778,6.0,14.0,2304,ln_pr_normalized,0.20626492051081333,0.003149798546903905,0.002346721351733143,6.153083335255092e-05,0.4299128682077666,0.00018496730310733344,300
9,7,2,0.7777777777777778,6.0,15.0,2304,ln_pr_normalized,0.19513887840177796,0.003259724597030791,0.0021824037000369636,6.782818600006052e-05,0.42921781149064997,0.00022599802862087012,300
9,7,2,0.7777777777777778,7.0,1.0,2304,ln_pr_normalized,0.7298543575912159,0.000568746391599934,0.12384454345562332,0.0005320591634948377,0.44338762567147344,4.0901958212199315e-06,300
9,7,2,0.7777777777777778,7.0,2.0,2304,ln_pr_normalized,0.6488985818385121,0.002454923965086044,0.069399767227768,0.001219925485783731,0.4430539402141199,1.8581731110691817e-05,300
9,7,2,0.7777777777777778,7.0,3.0,2304,ln_pr_normalized,0.5329966274477296,0.00418654781351205,0.031313935276262334,0.0010064906169119558,0.44408708056852664,4.201417527415193e-05,300
9,7,2,0.7777777777777778,7.0,4.0,2304,ln_pr_normalized,0.4319298658092176,0.004406779933027253,0.015017046342589966,0.0006981182415405385,0.4449709209870567,3.9030792878955495e-05,300
9,7,2,0.7777777777777778,7.0,5.0,2304,ln_pr_normalized,0.36818833728457756,0.004115219389837199,0.0090302962435869,0.0004515080611224272,0.44499551193166337,5.806076877963179e-05,300
9,7,2,0.7777777777777778,7.0,6.0,2304,ln_pr_normalized,0.3260801393476283,0.00399347899925521,0.006459040991303333,0.00030356617642517353,0.4443600256515766,8.504885100703989e-05,300
9,7,2,0.7777777777777778,7.0,7.0,2304,ln_pr_normalized,0.29261919229712513,0.003640280755760915,0.004813626399794933,0.0001906772705792226,0.4431050205410733,0.00012998586715399905,300
9,7,2,0.7777777777777778,7.0,8.0,2304,ln_pr_normalized,0.2742331815143995,0.003322651070742015,0.004065186965104167,0.00014006938366307908,0.44148205569694,0.0001578197263383143,300
9,7,2,0.7777777777777778,7.0,9.0,2304,ln_pr_normalized,0.26102463083490446,0.003057125570891736,0.0035967342160314994,0.0001074507015170692,0.43989408913865663,0.00017987169762682782,300
9,7,2,0.7777777777777778,7.0,10.0,2304,ln_pr_normalized,0.24280491444844163,0.0027880528879264247,0.0030846585469013334,9.196705961433541e-05,0.43820106308875334,0.0001986321382484319,300
9,7,2,0.7777777777777778,7.0,11.0,2304,ln_pr_normalized,0.23490083381496618,0.002885117757618542,0.002898122375082767,7.509620240556146e-05,0.43645121876383997,0.00022114187908670342,300
9,7,2,0.7777777777777778,7.0,12.0,2304,ln_pr_normalized,0.22027777332145262,0.002569039865586879,0.002548907403626033,6.0937644773346e-05,0.4351123641851499,0.0002010957848796545,300
9,7,2,0.7777777777777778,7.0,13.0,2304,ln_pr_normalized,0.20607121388545177,0.0028563266864275157,0.0023154765059380336,5.911591328865471e-05,0.43389198531646667,0.00020207695492944876,300
9,7,2,0.7777777777777778,7.0,14.0,2304,ln_pr_normalized,0.1977189882950776,0.0027860774610033875,0.002158733066315127,5.228577236219534e-05,0.4327745085747866,0.0002208057713940356,300
9,7,2,0.7777777777777778,7.0,15.0,2304,ln_pr_normalized,0.18676935118920895,0.0029432194740071603,0.0020046521189033967,5.4047305991806294e-05,0.4314932276962434,0.00020532301508237606,300
9,7,2,0.7777777777777778,8.0,1.0,2304,ln_pr_normalized,0.7234084323963841,0.0005730948934724882,0.11782380940459132,0.0005167222705089822,0.44364800413589667,5.404434226477487e-07,300
9,7,2,0.7777777777777778,8.0,2.0,2304,ln_pr_normalized,0.6380895422140218,0.002451055592388884,0.063928311817565,0.001173637619242786,0.4435435537063167,1.0322257179576421e-05,300
9,7,2,0.7777777777777778,8.0,3.0,2304,ln_pr_normalized,0.5259393013247213,0.004212387031243851,0.029853994043719703,0.001023735228900901,0.4441424058081533,3.67960170062252e-05,300
9,7,2,0.7777777777777778,8.0,4.0,2304,ln_pr_normalized,0.4106680900885325,0.005145203970914774,0.013647403244102598,0.0007376259915823691,0.44519490684223667,4.4090001442650964e-05,300
9,7,2,0.7777777777777778,8.0,5.0,2304,ln_pr_normalized,0.3424595666230449,0.004108335141220432,0.007302675008299199,0.00030008806467259405,0.44551570873706337,4.29121351329799e-05,300
9,7,2,0.7777777777777778,8.0,6.0,2304,ln_pr_normalized,0.2992185583067409,0.004189402162993772,0.005432871449643167,0.0003159338747668759,0.44522746652243333,6.459574675293211e-05,300
9,7,2,0.7777777777777778,8.0,7.0,2304,ln_pr_normalized,0.2642188035506318,0.003852673275353606,0.0039473737662767,0.00018065821017189065,0.4444306488960266,0.000106322549040632,300
9,7,2,0.7777777777777778,8.0,8.0,2304,ln_pr_normalized,0.24333103399557776,0.0032534379174674398,0.0031650007312034,9.432087768714591e-05,0.4431204500858733,0.00014080626408711634,300
9,7,2,0.7777777777777778,8.0,9.0,2304,ln_pr_normalized,0.22960941311201927,0.003205530713984336,0.0028725512494328,0.00010367821907999822,0.44162891615780336,0.00018344313327427894,300
9,7,2,0.7777777777777778,8.0,10.0,2304,ln_pr_normalized,0.2186335752381558,0.0027585331689529966,0.0025404766829337337,6.444416218329127e-05,0.44011886921971666,0.00018373222184855811,300
9,7,2,0.7777777777777778,8.0,11.0,2304,ln_pr_normalized,0.21196477641838246,0.0027431960984761108,0.0024037209086155667,5.580267842571371e-05,0.43876370182507335,0.00018949326901657345,300
9,7,2,0.7777777777777778,8.0,12.0,2304,ln_pr_normalized,0.1976282836829144,0.002685620578306404,0.0021567985235468766,5.7074804938088036e-05,0.43732066710473666,0.0001999831151707819,300
9,7,2,0.7777777777777778,8.0,13.0,2304,ln_pr_normalized,0.19887276229838596,0.0030105046611848883,0.002230966348200023,7.659311179342336e-05,0.43597671950474337,0.00021014959483125806,300
9,7,2,0.7777777777777778,8.0,14.0,2304,ln_pr_normalized,0.183620537095106,0.002514146982818628,0.0019096374485183234,4.2140843279132815e-05,0.4343875925655366,0.00019558693442452388,300
9,7,2,0.7777777777777778,8.0,15.0,2304,ln_pr_normalized,0.1776643127748048,0.0026917278317295317,0.0018525206470272433,5.222562271559206e-05,0.4337243721461933,0.0002224199217288126,300
9,7,2,0.7777777777777778,9.0,1.0,2304,ln_pr_normalized,0.7166339960231841,0.0005976174662737024,0.11183096596690999,0.000509856665614497,0.44381225530114665,4.6778407809192144e-07,300
9,7,2,0.7777777777777778,9.0,2.0,2304,ln_pr_normalized,0.6375818257902661,0.0023706422240317025,0.06341304033931201,0.001099032829886858,0.4437872467954667,4.260994387682102e-06,300
9,7,2,0.7777777777777778,9.0,3.0,2304,ln_pr_normalized,0.5035597142913963,0.0044979004856311195,0.02575404986191977,0.0009631486262872799,0.4443389215078166,3.5656410477700555e-05,300
9,7,2,0.7777777777777778,9.0,4.0,2304,ln_pr_normalized,0.4004338079573701,0.004584306743777314,0.011829579310428431,0.000528036709499542,0.4453562218835367,4.50152582980341e-05,300
9,7,2,0.7777777777777778,9.0,5.0,2304,ln_pr_normalized,0.3288009165830881,0.004823870041456959,0.007045619453516266,0.0003744523800657727,0.44590239804928333,4.4881058996152425e-05,300
9,7,2,0.7777777777777778,9.0,6.0,2304,ln_pr_normalized,0.2873110120844177,0.004450292128749493,0.0049644991828353,0.0002615473463277052,0.44587053929254,5.4738395514559685e-05,300
9,7,2,0.7777777777777778,9.0,7.0,2304,ln_pr_normalized,0.25178185637121153,0.0038126124859289164,0.003529362960481866,0.00013452702261666154,0.44557893400576004,7.22422368645222e-05,300
9,7,2,0.7777777777777778,9.0,8.0,2304,ln_pr_normalized,0.21951034083528503,0.0030920515165370117,0.002607276056549497,7.540732430455876e-05,0.44455938408972673,0.00011041162596572699,300
9,7,2,0.7777777777777778,9.0,9.0,2304,ln_pr_normalized,0.20093105822585294,0.0031950000896953756,0.0023004359068291833,8.616719412852564e-05,0.4435177626012866,0.00013764680870393287,300
9,7,2,0.7777777777777778,9.0,10.0,2304,ln_pr_normalized,0.19895460044901475,0.002879192641350617,0.002196818941048747,5.925376638052488e-05,0.44229152123793997,0.00016307752805917746,300
9,7,2,0.7777777777777778,9.0,11.0,2304,ln_pr_normalized,0.1893902148864214,0.0028197946774216943,0.0020352372818995736,5.505615496245625e-05,0.4406815264813499,0.00019532498019915045,300
9,7,2,0.7777777777777778,9.0,12.0,2304,ln_pr_normalized,0.18634762452352768,0.0026715740772899864,0.0019717144903635734,5.119331570982012e-05,0.4395112123103533,0.0001975706837873715,300
9,7,2,0.7777777777777778,9.0,13.0,2304,ln_pr_normalized,0.17903728740080113,0.00277027314000682,0.0018857266967424935,5.997692272800824e-05,0.4384740395233033,0.00022595101119280016,300
9,7,2,0.7777777777777778,9.0,14.0,2304,ln_pr_normalized,0.17237929801985524,0.0027562725959216525,0.0017789795274478766,4.8050898276621085e-05,0.43654794315139006,0.00020466074437093887,300
9,7,2,0.7777777777777778,9.0,15.0,2304,ln_pr_normalized,0.16332117380098032,0.002515734728300649,0.001654539560186847,6.096296631303366e-05,0.4352872475236266,0.0002070881417530816,300
9,7,2,0.7777777777777778,10.0,1.0,2304,ln_pr_normalized,0.7134777735158451,0.0005870271561090159,0.109117077163579,0.0004843355064767223,0.4439311200461334,3.989560246030279e-07,300
9,7,2,0.7777777777777778,10.0,2.0,2304,ln_pr_normalized,0.624780233574013,0.0025669363012639098,0.05796564298380934,0.0011159991034267764,0.44391435734027673,1.6854306696836267e-06,300
9,7,2,0.7777777777777778,10.0,3.0,2304,ln_pr_normalized,0.5023198076304228,0.004378727042432793,0.0252084433739765,0.0009114547038929583,0.44425875280902327,2.68635245700638e-05,300
9,7,2,0.7777777777777778,10.0,4.0,2304,ln_pr_normalized,0.4051162026482738,0.004969856857730611,0.0126496572482921,0.0005841053235227707,0.4450840177099667,4.4672135771257533e-05,300
9,7,2,0.7777777777777778,10.0,5.0,2304,ln_pr_normalized,0.3235861894539648,0.004649565548256448,0.006659248496278399,0.00032643463196930963,0.44596223746442,4.66178572126344e-05,300
9,7,2,0.7777777777777778,10.0,6.0,2304,ln_pr_normalized,0.27375538199367316,0.004380175331928531,0.004476511922928366,0.0002354916581868946,0.4462526588008933,5.426165952900638e-05,300
9,7,2,0.7777777777777778,10.0,7.0,2304,ln_pr_normalized,0.23626871632031712,0.0035286127139405868,0.0030750900223529332,0.00011636452135617583,0.4460091985228866,5.677982682800045e-05,300
9,7,2,0.7777777777777778,10.0,8.0,2304,ln_pr_normalized,0.21663934623140751,0.0033881781234826784,0.00262937104392958,0.00010876123098284495,0.4457386901569233,9.537964523632842e-05,300
9,7,2,0.7777777777777778,10.0,9.0,2304,ln_pr_normalized,0.20163245107170355,0.003505101581501829,0.0023748456957073433,0.00010238486486967317,0.44475393981317335,0.00012026226387637742,300
9,7,2,0.7777777777777778,10.0,10.0,2304,ln_pr_normalized,0.17926601845262669,0.0027989026709430336,0.0018745820473125001,4.725554066867195e-05,0.4434457904568999,0.0001555690901338185,300
9,7,2,0.7777777777777778,10.0,11.0,2304,ln_pr_normalized,0.1663526370407643,0.0023865124033793177,0.0016594087723431868,3.3260539059053285e-05,0.4419033520794399,0.00017171131540087535,300
9,7,2,0.7777777777777778,10.0,12.0,2304,ln_pr_normalized,0.172510675029948,0.002590277359946204,0.0017627592806436598,4.281743192033325e-05,0.44104844476538335,0.00019608002367877347,300
9,7,2,0.7777777777777778,10.0,13.0,2304,ln_pr_normalized,0.1655371823665949,0.002477809364669916,0.00165555466065313,3.4361925656401314e-05,0.43949921561219,0.00020164129129540407,300
9,7,2,0.7777777777777778,10.0,14.0,2304,ln_pr_normalized,0.16307604146463225,0.0027758267265518355,0.0016569242460839602,4.34016571783703e-05,0.43873280948549337,0.00020978701845049917,300
9,7,2,0.7777777777777778,10.0,15.0,2304,ln_pr_normalized,0.15306689771709392,0.002274560392254501,0.0014929962870242966,3.118110530915376e-05,0.43754830891293334,0.00021783552516036874,300
9,8,2,0.8888888888888888,1.0,1.0,2907,ln_pr_normalized,0.8527753301530194,5.920617644823724e-05,0.3091077591934367,0.0001457021530612627,0.5497570105293732,3.878935867790462e-05,300
9,8,2,0.8888888888888888,1.0,2.0,2907,ln_pr_normalized,0.8413294648976847,0.00037435941638163924,0.28250309913897664,0.0008247497862964197,0.5448920078215367,0.00011045625646457629,300
9,8,2,0.8888888888888888,1.0,3.0,2907,ln_pr_normalized,0.8077546185090592,0.0014929994173729884,0.22011973283195468,0.0023445426705413367,0.5390720930324534,0.0001476157627084559,300
9,8,2,0.8888888888888888,1.0,4.0,2907,ln_pr_normalized,0.7487526230396417,0.0037405370294760066,0.15094933218822632,0.003656961121131794,0.53493037610824,0.00016575657729309734,300
9,8,2,0.8888888888888888,1.0,5.0,2907,ln_pr_normalized,0.6666941844956356,0.005425789059015046,0.0896550575392369,0.003453991265076343,0.5317479281612967,0.00016807543725363383,300
9,8,2,0.8888888888888888,1.0,6.0,2907,ln_pr_normalized,0.5714900174688032,0.0066355277582509,0.048766732333656734,0.0026332918474951225,0.5288684532157966,0.00013523456957819917,300
9,8,2,0.8888888888888888,1.0,7.0,2907,ln_pr_normalized,0.485148588152475,0.006735628827767616,0.025956417594655102,0.001817004141449186,0.5268995793632967,0.00013024110702449884,300
9,8,2,0.8888888888888888,1.0,8.0,2907,ln_pr_normalized,0.43309001683843995,0.007034924324052819,0.0183903512937871,0.0014327534599551503,0.5259376240131334,0.00011704381040330842,300
9,8,2,0.8888888888888888,1.0,9.0,2907,ln_pr_normalized,0.37569207040527647,0.00659724933062365,0.011342696069596266,0.0010530393253582978,0.5250244269046633,0.00012249077059803024,300
9,8,2,0.8888888888888888,1.0,10.0,2907,ln_pr_normalized,0.3288189909656513,0.006699856820816298,0.007978432132167257,0.0007548955113968912,0.5240156422948465,0.00012145088410068488,300
9,8,2,0.8888888888888888,1.0,11.0,2907,ln_pr_normalized,0.30935999066508896,0.006393930527348839,0.006688487274244026,0.0006178681927984687,0.5234512229193468,0.00014762218576357673,300
9,8,2,0.8888888888888888,1.0,12.0,2907,ln_pr_normalized,0.2746136709029403,0.00577847788053414,0.004503820525136181,0.00033245124665545674,0.5231856738956701,0.000113008470279374,300
9,8,2,0.8888888888888888,1.0,13.0,2907,ln_pr_normalized,0.2366041529067593,0.005042465509997527,0.0030377036291545935,0.00018450242853965799,0.5228127144582032,9.472629764626468e-05,300
9,8,2,0.8888888888888888,1.0,14.0,2907,ln_pr_normalized,0.240104414428031,0.005636458935496817,0.0036682115545236503,0.0004446420818726087,0.5222715611266867,0.00014538881106771097,300
9,8,2,0.8888888888888888,1.0,15.0,2907,ln_pr_normalized,0.21991816518759744,0.005578959648554418,0.0032440927824889765,0.00048791743083862214,0.5219930273073667,0.00013072456560950815,300
9,8,2,0.8888888888888888,2.0,1.0,2907,ln_pr_normalized,0.8366351384245596,7.856230121176636e-05,0.27178171842999,0.0001700055186105604,0.5474597586648067,2.137768688005237e-05,300
9,8,2,0.8888888888888888,2.0,2.0,2907,ln_pr_normalized,0.8235506888847437,0.0003926677827711027,0.24519174371466,0.0007535070021867307,0.5450774618176233,5.7961769269938036e-05,300
9,8,2,0.8888888888888888,2.0,3.0,2907,ln_pr_normalized,0.7938419337103462,0.001311414005750195,0.19609963957527632,0.0018194897735596158,0.5416833566585867,0.00010149733867378405,300
9,8,2,0.8888888888888888,2.0,4.0,2907,ln_pr_normalized,0.739701788585744,0.0031652240931181264,0.13624400111243934,0.002867369157922237,0.53820575797386,0.00014600885316190719,300
9,8,2,0.8888888888888888,2.0,5.0,2907,ln_pr_normalized,0.6502429096176782,0.005331300388711531,0.07824238106300271,0.0030083771396739096,0.5347072782417099,0.00016022085359021645,300
9,8,2,0.8888888888888888,2.0,6.0,2907,ln_pr_normalized,0.5826748881102679,0.006511260752789447,0.0513560605015643,0.0024546065086153953,0.5321785058702201,0.0001662623974811427,300
9,8,2,0.8888888888888888,2.0,7.0,2907,ln_pr_normalized,0.5097333116574322,0.0070745806723328765,0.031778979349987926,0.001963422363090856,0.53017136593642,0.00014556051129373026,300
9,8,2,0.8888888888888888,2.0,8.0,2907,ln_pr_normalized,0.44387144643965787,0.007031629890326922,0.0191360267023108,0.0012444585683621355,0.5284828234165999,0.00012808142269817054,300
9,8,2,0.8888888888888888,2.0,9.0,2907,ln_pr_normalized,0.3976699095069614,0.007098352628764562,0.014257167093662367,0.0011377040350601464,0.5272810629113968,0.0001394929469705272,300
9,8,2,0.8888888888888888,2.0,10.0,2907,ln_pr_normalized,0.34694509092612025,0.006698308703639084,0.009100795530818913,0.0007308206617131044,0.5261410412506634,0.00013848475201272441,300
9,8,2,0.8888888888888888,2.0,11.0,2907,ln_pr_normalized,0.3198796398256613,0.006255624479405191,0.0070607343699085326,0.0006058928442083619,0.5254959685366333,0.00013269167297382556,300
9,8,2,0.8888888888888888,2.0,12.0,2907,ln_pr_normalized,0.28096988444043025,0.005403530592033768,0.004550053389643317,0.0003570819628119336,0.5245941805708734,0.00012790133476051486,300
9,8,2,0.8888888888888888,2.0,13.0,2907,ln_pr_normalized,0.2535316925247065,0.005387601581189517,0.003575991417560207,0.00021618553348207986,0.5239983369235299,0.00013567467138962127,300
9,8,2,0.8888888888888888,2.0,14.0,2907,ln_pr_normalized,0.23718633436868355,0.004950575204681496,0.0029463360168428296,0.00014897549542354223,0.52336188214373,0.00013756895353886846,300
9,8,2,0.8888888888888888,2.0,15.0,2907,ln_pr_normalized,0.21814758521346514,0.004838393325702087,0.0026795912389779466,0.00021863014157980928,0.5231029758932266,0.0001253229372636761,300
9,8,2,0.8888888888888888,3.0,1.0,2907,ln_pr_normalized,0.8055345321300466,0.00012974533716902714,0.21210398014064336,0.0002183705228735021,0.5460661254354133,6.6720383453725e-06,300
9,8,2,0.8888888888888888,3.0,2.0,2907,ln_pr_normalized,0.786961519145236,0.0005574378526165382,0.18341039549995666,0.0008049107283776825,0.5452795799903334,2.4139923624012308e-05,300
9,8,2,0.8888888888888888,3.0,3.0,2907,ln_pr_normalized,0.7535254766289218,0.0014028048181123332,0.142631692706903,0.0015310016201180803,0.5436916005329234,6.370926042324121e-05,300
9,8,2,0.8888888888888888,3.0,4.0,2907,ln_pr_normalized,0.6999530740711611,0.002620970813319285,0.097110184842083,0.0018756549815983669,0.54120633190701,0.00010413404314658872,300
9,8,2,0.8888888888888888,3.0,5.0,2907,ln_pr_normalized,0.640471224500268,0.00433725070356557,0.06696102121046764,0.0021427179225214344,0.5386521173948,0.0001486540943124406,300
9,8,2,0.8888888888888888,3.0,6.0,2907,ln_pr_normalized,0.5641090367383318,0.005801252260905972,0.0413689661821916,0.0018175506465066618,0.5361931476056967,0.00016341143520421798,300
9,8,2,0.8888888888888888,3.0,7.0,2907,ln_pr_normalized,0.48861700239449174,0.006011629238588702,0.023590469544511068,0.0011951817627548571,0.5335209757282167,0.00015084956593316333,300
9,8,2,0.8888888888888888,3.0,8.0,2907,ln_pr_normalized,0.4420930524883914,0.0063387628009880575,0.017527858452777264,0.0010979451026722437,0.53193996803214,0.00015551218288801266,300
9,8,2,0.8888888888888888,3.0,9.0,2907,ln_pr_normalized,0.3856140473774063,0.006027976910238565,0.0110007811519347,0.0007484431311918496,0.53017458104268,0.00014179066331567212,300
9,8,2,0.8888888888888888,3.0,10.0,2907,ln_pr_normalized,0.35467263322056264,0.005620862005846993,0.008094294539252433,0.0004824592744960698,0.5289128804220666,0.0001423708785393989,300
9,8,2,0.8888888888888888,3.0,11.0,2907,ln_pr_normalized,0.32717074101526067,0.005946057142529753,0.006791051584093267,0.0004258890126392759,0.5278769972973033,0.0001487063413119841,300
9,8,2,0.8888888888888888,3.0,12.0,2907,ln_pr_normalized,0.2846919305066466,0.005883973111244473,0.004978513560875064,0.0003658162784859367,0.5269259148400367,0.0001462471887215154,300
9,8,2,0.8888888888888888,3.0,13.0,2907,ln_pr_normalized,0.2668125342118668,0.005569496166875214,0.004193926989454353,0.00032142245575001404,0.5260538999039233,0.0001400510519751699,300
9,8,2,0.8888888888888888,3.0,14.0,2907,ln_pr_normalized,0.2496856555912741,0.004909725312339949,0.0033456883025506363,0.00022237732519673678,0.5255906552114967,0.00014693922242622513,300
9,8,2,0.8888888888888888,3.0,15.0,2907,ln_pr_normalized,0.2200388670103104,0.004933380146390787,0.0026244508349225967,0.00016914551195243953,0.5250655514895634,0.0001363543353882138,300
9,8,2,0.8888888888888888,4.0,1.0,2907,ln_pr_normalized,0.7628695318506775,0.00020022203190787379,0.15096516404834,0.00024010031834970007,0.54486254035211,4.821211082076934e-06,300
9,8,2,0.8888888888888888,4.0,2.0,2907,ln_pr_normalized,0.7337257779627288,0.0008746159900529831,0.120467925942949,0.0008189352477220725,0.5448895718274566,8.922056140040901e-06,300
9,8,2,0.8888888888888888,4.0,3.0,2907,ln_pr_normalized,0.6868918556722431,0.0017312235247411362,0.08461807284063902,0.001117589580389781,0.54453832048033,2.9495491674443975e-05,300
9,8,2,0.8888888888888888,4.0,4.0,2907,ln_pr_normalized,0.635475414888126,0.0027929437548637913,0.05864472402396066,0.001255181941779059,0.5434153397019834,6.490809057492967e-05,300
9,8,2,0.8888888888888888,4.0,5.0,2907,ln_pr_normalized,0.5831011912882498,0.0035771808314398984,0.040440074623161903,0.0011394163542655803,0.5417794443540633,0.00010878672769266962,300
9,8,2,0.8888888888888888,4.0,6.0,2907,ln_pr_normalized,0.5259375417802071,0.004316244185985012,0.027137841287815767,0.0009736441672116073,0.5396102275746634,0.000136946018504388,300
9,8,2,0.8888888888888888,4.0,7.0,2907,ln_pr_normalized,0.47157163224498616,0.00481803811281438,0.0185887568895995,0.0008216086244609199,0.5373795912372766,0.00016662991026312178,300
9,8,2,0.8888888888888888,4.0,8.0,2907,ln_pr_normalized,0.42370945203252525,0.0050008835159520626,0.0129366009468524,0.000610419774801395,0.5352620692341533,0.00016142590010726515,300
9,8,2,0.8888888888888888,4.0,9.0,2907,ln_pr_normalized,0.38157086300374543,0.005356912116425622,0.009728138396516867,0.0005277885702561877,0.5335099903886767,0.00016863234015784167,300
9,8,2,0.8888888888888888,4.0,10.0,2907,ln_pr_normalized,0.34912818214587865,0.005114402826520157,0.007207375978603966,0.000339605060666763,0.5319973723567267,0.00015031938901918153,300
9,8,2,0.8888888888888888,4.0,11.0,2907,ln_pr_normalized,0.3090287950061271,0.005302265428982464,0.00548372058452215,0.0003087949040794705,0.5307152512224567,0.00016059385205035768,300
9,8,2,0.8888888888888888,4.0,12.0,2907,ln_pr_normalized,0.28372965805860095,0.004731601716145319,0.00419774180963834,0.00021131084384346248,0.5295476324855166,0.00016332171495722048,300
9,8,2,0.8888888888888888,4.0,13.0,2907,ln_pr_normalized,0.2637986269075776,0.005113265365702261,0.003878444128227773,0.0002763302712666962,0.5287863837179734,0.000193423652123524,300
9,8,2,0.8888888888888888,4.0,14.0,2907,ln_pr_normalized,0.2404672991058823,0.0046719426463456845,0.0031325681619529797,0.00029712304292532697,0.5277358086835533,0.00014808170201408743,300
9,8,2,0.8888888888888888,4.0,15.0,2907,ln_pr_normalized,0.22904014616935625,0.004333906120897652,0.0026201944891800603,0.00012052118140406438,0.5268314402370866,0.00014378941037985454,300
9,8,2,0.8888888888888888,5.0,1.0,2907,ln_pr_normalized,0.7265693834614179,0.00036292980037229335,0.11311748591655334,0.0003255467254574692,0.5446559588892166,3.6899043456899524e-06,300
9,8,2,0.8888888888888888,5.0,2.0,2907,ln_pr_normalized,0.6833120693516544,0.00137147482618652,0.08140236341448334,0.0008465541733609788,0.5445409044586267,7.065096197495514e-06,300
9,8,2,0.8888888888888888,5.0,3.0,2907,ln_pr_normalized,0.6250804865851959,0.002381769798252771,0.05297576177095167,0.0009730694934114748,0.5446733755348034,1.779133966054121e-05,300
9,8,2,0.8888888888888888,5.0,4.0,2907,ln_pr_normalized,0.5493140955967819,0.0031342497656750607,0.0301910646732212,0.0007843958274243684,0.54435584861415,4.066859400015428e-05,300
9,8,2,0.8888888888888888,5.0,5.0,2907,ln_pr_normalized,0.5077905505618344,0.0033293904536910043,0.021912722704978935,0.0006011195324498638,0.5436869646191334,7.201708709405008e-05,300
9,8,2,0.8888888888888888,5.0,6.0,2907,ln_pr_normalized,0.4629167092811709,0.003521526937497283,0.015701868510191633,0.0005519541141113959,0.54205599593512,0.00010340603271083378,300
9,8,2,0.8888888888888888,5.0,7.0,2907,ln_pr_normalized,0.42240101145055237,0.004176435799551758,0.0119218125526931,0.00047566810762738503,0.5401996013833966,0.00014686825213940344,300
9,8,2,0.8888888888888888,5.0,8.0,2907,ln_pr_normalized,0.3834907485772883,0.004135857005194717,0.008743262930829667,0.0003567838316750921,0.53860223563659,0.0001553909331331021,300
9,8,2,0.8888888888888888,5.0,9.0,2907,ln_pr_normalized,0.34384100940718704,0.0038834069036084813,0.006205834355677167,0.00022246766334926233,0.5366225139943633,0.00016537415607771033,300
9,8,2,0.8888888888888888,5.0,10.0,2907,ln_pr_normalized,0.31284973807939886,0.004173421867709131,0.004968063862195377,0.00018932306967070657,0.53479272339572,0.00018377333369438634,300
9,8,2,0.8888888888888888,5.0,11.0,2907,ln_pr_normalized,0.2969869176838065,0.0041244690121482975,0.00440618187026436,0.0001939892969532602,0.5335555890127233,0.00017820025964463998,300
9,8,2,0.8888888888888888,5.0,12.0,2907,ln_pr_normalized,0.272333268736585,0.004393550727293312,0.00372323152876555,0.00018052334277581243,0.5324089581318934,0.00018888192443604758,300
9,8,2,0.8888888888888888,5.0,13.0,2907,ln_pr_normalized,0.2555816849616439,0.004136426247525554,0.0031694710188103835,0.00013854035553639534,0.5314299282658866,0.00017903097004702017,300
9,8,2,0.8888888888888888,5.0,14.0,2907,ln_pr_normalized,0.23638300890601116,0.003907575966644311,0.0026468404043135632,9.81041748150863e-05,0.53001631355773,0.00015937620352788582,300
9,8,2,0.8888888888888888,5.0,15.0,2907,ln_pr_normalized,0.21421584624229822,0.003782960503721574,0.002198833725355267,8.214882429132235e-05,0.5291210048290766,0.00015327539305640432,300
9,8,2,0.8888888888888888,6.0,1.0,2907,ln_pr_normalized,0.7090011435421839,0.00044467581884553435,0.09839036580845266,0.00034579926413293356,0.5447002429731833,2.0936737988331048e-06,300
9,8,2,0.8888888888888888,6.0,2.0,2907,ln_pr_normalized,0.6482073009165663,0.0017244393058139047,0.06214686100089934,0.0008188399633548458,0.5445148168161534,4.584676096184618e-06,300
9,8,2,0.8888888888888888,6.0,3.0,2907,ln_pr_normalized,0.5709881772686989,0.0030322335358599303,0.03547313031526227,0.0008060138997479637,0.5445598830896,1.1626337579890388e-05,300
9,8,2,0.8888888888888888,6.0,4.0,2907,ln_pr_normalized,0.496182380873942,0.003477631006315569,0.020281578799490066,0.0006217517381202381,0.5447598630259833,2.913608866537303e-05,300
9,8,2,0.8888888888888888,6.0,5.0,2907,ln_pr_normalized,0.4424128192831226,0.003789427481666735,0.013577166836945901,0.00048410401394144556,0.5444936406455401,4.166423479314628e-05,300
9,8,2,0.8888888888888888,6.0,6.0,2907,ln_pr_normalized,0.3945672791542419,0.003795453915368337,0.009304911308793866,0.0003534845668109422,0.54370918657075,7.396087311974295e-05,300
9,8,2,0.8888888888888888,6.0,7.0,2907,ln_pr_normalized,0.36430278614155487,0.0034167694496966806,0.007096822031425499,0.0002463246012382544,0.5424441735444466,0.00010496330158373267,300
9,8,2,0.8888888888888888,6.0,8.0,2907,ln_pr_normalized,0.3363742213241602,0.003261492099283497,0.005609399716563433,0.00016945063229048855,0.5408271001976632,0.00013257608259968057,300
9,8,2,0.8888888888888888,6.0,9.0,2907,ln_pr_normalized,0.3226504640164876,0.003431839977104286,0.005092210614956301,0.00016811169451712066,0.5395334962858033,0.00015876983716560936,300
9,8,2,0.8888888888888888,6.0,10.0,2907,ln_pr_normalized,0.29721515454264685,0.003425665144416846,0.0041730830103862,0.00014572411485424625,0.5379416176039367,0.00017507884575501288,300
9,8,2,0.8888888888888888,6.0,11.0,2907,ln_pr_normalized,0.2726284779563052,0.003676450167066551,0.003488268106415567,0.00012833523801237634,0.5363311330368167,0.0001834312718900912,300
9,8,2,0.8888888888888888,6.0,12.0,2907,ln_pr_normalized,0.25614641674256583,0.0033266503041425905,0.00296880475616059,9.088145553027177e-05,0.53509307834181,0.0001866471351787468,300
9,8,2,0.8888888888888888,6.0,13.0,2907,ln_pr_normalized,0.23927585165681137,0.003665842192712486,0.002688944581020837,0.00010933574218136088,0.5337870890143133,0.0001935401899354815,300
9,8,2,0.8888888888888888,6.0,14.0,2907,ln_pr_normalized,0.21404073855627956,0.003424909086489162,0.0021363583101259003,6.931669890267378e-05,0.5322700196659668,0.00016852735921756189,300
9,8,2,0.8888888888888888,6.0,15.0,2907,ln_pr_normalized,0.2043756864485853,0.0033486678199152243,0.0019630644721731066,5.805077790677223e-05,0.5311928891229833,0.00017637600817171591,300
9,8,2,0.8888888888888888,7.0,1.0,2907,ln_pr_normalized,0.6988827438061149,0.0004930712721437147,0.090802231021381,0.0003550226277495994,0.5447684871812434,1.538581252849594e-06,300
9,8,2,0.8888888888888888,7.0,2.0,2907,ln_pr_normalized,0.6338802980425895,0.0019489621436150054,0.055837138245785345,0.0008221195446596598,0.5446407946283633,3.065123335205921e-06,300
9,8,2,0.8888888888888888,7.0,3.0,2907,ln_pr_normalized,0.541848452390766,0.003631913452626099,0.0292470766775525,0.0008462016477916563,0.54457340924399,6.4841101101605025e-06,300
9,8,2,0.8888888888888888,7.0,4.0,2907,ln_pr_normalized,0.4521765068313255,0.004024564927813867,0.014874193183023,0.0005386699013660262,0.5447330085552466,1.7131124644987344e-05,300
9,8,2,0.8888888888888888,7.0,5.0,2907,ln_pr_normalized,0.3904431154921676,0.0039704997930103385,0.009110318135648334,0.00034399101079315086,0.5447713038908034,3.494752426035717e-05,300
9,8,2,0.8888888888888888,7.0,6.0,2907,ln_pr_normalized,0.3540146477799944,0.003769520063756318,0.006714459635786134,0.000249224754081794,0.5444266674697666,5.169278080003777e-05,300
9,8,2,0.8888888888888888,7.0,7.0,2907,ln_pr_normalized,0.31297794893399505,0.0035357696519238697,0.004762764820815433,0.00016962547029108848,0.5437655888864766,7.448007096129923e-05,300
9,8,2,0.8888888888888888,7.0,8.0,2907,ln_pr_normalized,0.29322313559941754,0.003151022437765606,0.0039578044843634665,0.0001224819337872118,0.5426401551280468,0.00010849369071279644,300
9,8,2,0.8888888888888888,7.0,9.0,2907,ln_pr_normalized,0.2792990585354165,0.0031405346371943745,0.0035651190659896667,0.0001286457975217474,0.5414189211423167,0.00012805981926984156,300
9,8,2,0.8888888888888888,7.0,10.0,2907,ln_pr_normalized,0.2615882024594478,0.0029574080198127048,0.0030405148902590334,8.904505142552417e-05,0.54003540264507,0.00014962113629295287,300
9,8,2,0.8888888888888888,7.0,11.0,2907,ln_pr_normalized,0.24061056011839496,0.002958585762509704,0.002568982627715603,7.356997946409833e-05,0.53869342319135,0.0001726650566803174,300
9,8,2,0.8888888888888888,7.0,12.0,2907,ln_pr_normalized,0.2311690223586448,0.00291036479181141,0.00237082967264835,6.422666597908139e-05,0.5370952602919633,0.0001858945464809211,300
9,8,2,0.8888888888888888,7.0,13.0,2907,ln_pr_normalized,0.22448555738325068,0.002980529927126528,0.0022556033672131268,6.268438134443065e-05,0.5361729159503666,0.00019606756407303448,300
9,8,2,0.8888888888888888,7.0,14.0,2907,ln_pr_normalized,0.21404237935675444,0.002961265831201668,0.002076349154100133,5.930720668573449e-05,0.5351228443195868,0.00019180566801121608,300
9,8,2,0.8888888888888888,7.0,15.0,2907,ln_pr_normalized,0.19335156604529194,0.0029754914934900845,0.0017701533627093968,5.7292809157545546e-05,0.5336181848005367,0.00018671679728951739,300
9,8,2,0.8888888888888888,8.0,1.0,2907,ln_pr_normalized,0.691537702624947,0.0005220352475934206,0.085660066073943,0.0003547588108793572,0.5448323251891067,1.0883210364107717e-06,300
9,8,2,0.8888888888888888,8.0,2.0,2907,ln_pr_normalized,0.6234043336891546,0.002138115083993847,0.051647145287242666,0.0007919783263199979,0.5447430291382833,2.1439108900916903e-06,300
9,8,2,0.8888888888888888,8.0,3.0,2907,ln_pr_normalized,0.5210973071815973,0.0035504509024677014,0.024601690282767697,0.0006744386082388374,0.5446545382363701,3.307332697944902e-06,300
9,8,2,0.8888888888888888,8.0,4.0,2907,ln_pr_normalized,0.43112135525479034,0.004555992342667603,0.013324738613406568,0.00060411672350931,0.5447074550768699,1.108983491377155e-05,300
9,8,2,0.8888888888888888,8.0,5.0,2907,ln_pr_normalized,0.36319824330179407,0.004142423335528438,0.007469327008691099,0.00030871347603131616,0.5448795357569735,2.8213435617257827e-05,300
9,8,2,0.8888888888888888,8.0,6.0,2907,ln_pr_normalized,0.31983062391839384,0.004189154917089608,0.0053107248498203,0.00022326596178974892,0.5448256964639334,3.669263012368922e-05,300
9,8,2,0.8888888888888888,8.0,7.0,2907,ln_pr_normalized,0.2874871753290476,0.003687465171115928,0.003948422361989833,0.000155109718402876,0.5445696402990966,5.642485476657686e-05,300
9,8,2,0.8888888888888888,8.0,8.0,2907,ln_pr_normalized,0.25988696167198316,0.003376120058864981,0.0031122768523292334,0.00012416882679044044,0.5437741586441667,8.063868131161513e-05,300
9,8,2,0.8888888888888888,8.0,9.0,2907,ln_pr_normalized,0.2489094797392363,0.0031785068675992054,0.0027875543761770568,8.968999691784488e-05,0.5427203436253933,0.00010684263802838463,300
9,8,2,0.8888888888888888,8.0,10.0,2907,ln_pr_normalized,0.23578962765144326,0.0029507145207836676,0.0024650446907187,6.73000758460053e-05,0.5420033650665633,0.00013340765995998246,300
9,8,2,0.8888888888888888,8.0,11.0,2907,ln_pr_normalized,0.22640292302759993,0.002962914426796217,0.0023027160727108332,7.165462955596242e-05,0.5407459318853634,0.00015297427355798117,300
9,8,2,0.8888888888888888,8.0,12.0,2907,ln_pr_normalized,0.21773154624901972,0.002913275446470632,0.0021393617698854035,6.50715063102376e-05,0.5394279730151067,0.00017142857631527624,300
9,8,2,0.8888888888888888,8.0,13.0,2907,ln_pr_normalized,0.20913923070162282,0.0030650747557589455,0.0020162205815459134,6.284152079241755e-05,0.53808787988562,0.00018063354331710534,300
9,8,2,0.8888888888888888,8.0,14.0,2907,ln_pr_normalized,0.19399526977969553,0.0027202222789835142,0.0017482769509994766,4.8611968625021973e-05,0.5368655786623033,0.00017816248386478954,300
9,8,2,0.8888888888888888,8.0,15.0,2907,ln_pr_normalized,0.18611301029677207,0.00265967797068319,0.0016328431986875433,4.0678027236365784e-05,0.5358314479459667,0.00017740659125708663,300
9,8,2,0.8888888888888888,9.0,1.0,2907,ln_pr_normalized,0.6840320263757966,0.0005153254909949112,0.08067741662946366,0.0003287539954264585,0.5448822328544167,7.337584372562661e-07,300
9,8,2,0.8888888888888888,9.0,2.0,2907,ln_pr_normalized,0.6150889761774778,0.002054428486249965,0.048266915029505676,0.000757274038717689,0.54481938517951,1.408141400490402e-06,300
9,8,2,0.8888888888888888,9.0,3.0,2907,ln_pr_normalized,0.507191547725278,0.003961996345634307,0.02269968785622277,0.0007139172625262024,0.54475100271246,2.375841036404456e-06,300
9,8,2,0.8888888888888888,9.0,4.0,2907,ln_pr_normalized,0.420653068040875,0.0047067327886249335,0.012314354496739866,0.0005534339135779148,0.5447323700513567,5.66092149694802e-06,300
9,8,2,0.8888888888888888,9.0,5.0,2907,ln_pr_normalized,0.34905066458988626,0.004266223435831465,0.006801966753673166,0.0003153015418268644,0.54481896588585,1.7135369124021765e-05,300
9,8,2,0.8888888888888888,9.0,6.0,2907,ln_pr_normalized,0.29519388217523934,0.003724829513348312,0.004220458071645866,0.00017927368853774773,0.5449586215975667,3.3067790578906004e-05,300
9,8,2,0.8888888888888888,9.0,7.0,2907,ln_pr_normalized,0.2597101306682732,0.003705314387693285,0.0031767157999747766,0.00013154663478627337,0.5448515949067166,5.232586741137039e-05,300
9,8,2,0.8888888888888888,9.0,8.0,2907,ln_pr_normalized,0.23837311896950547,0.0033528945927116045,0.0025840436210369066,8.092526115141809e-05,0.5445072959639067,6.080810784499109e-05,300
9,8,2,0.8888888888888888,9.0,9.0,2907,ln_pr_normalized,0.22092860496243744,0.0031709653130412353,0.0022259309365341698,6.780359389957375e-05,0.5439251753649533,8.634082825467915e-05,300
9,8,2,0.8888888888888888,9.0,10.0,2907,ln_pr_normalized,0.21260482146340817,0.0029119519263979656,0.00205061307619488,5.869767568113467e-05,0.5431045187234901,9.915467856162518e-05,300
9,8,2,0.8888888888888888,9.0,11.0,2907,ln_pr_normalized,0.2032081021880046,0.002871084804609391,0.0019023715971258663,5.671653897975215e-05,0.5421356348443868,0.00011785782927129734,300
9,8,2,0.8888888888888888,9.0,12.0,2907,ln_pr_normalized,0.19738987452049908,0.002687599218267287,0.0018179829891787132,7.199399883671741e-05,0.5408738430448801,0.00014617623698146627,300
9,8,2,0.8888888888888888,9.0,13.0,2907,ln_pr_normalized,0.19217806488158623,0.0026736724750133344,0.0017134366850224132,4.1881116638177884e-05,0.53996058056882,0.00015402295453868195,300
9,8,2,0.8888888888888888,9.0,14.0,2907,ln_pr_normalized,0.17731508148176583,0.002589404176680568,0.0015149778997956365,3.6112378023319186e-05,0.5388102540402967,0.00018302056686633877,300
9,8,2,0.8888888888888888,9.0,15.0,2907,ln_pr_normalized,0.17327696181721733,0.0025850397678054762,0.0014653108439793801,3.425960364029217e-05,0.5376862868951466,0.0001823605098346487,300
9,8,2,0.8888888888888888,10.0,1.0,2907,ln_pr_normalized,0.6795819062338574,0.0005338812206410986,0.07787813401772667,0.00032742999976821435,0.5449243659333635,5.49044278724209e-07,300
9,8,2,0.8888888888888888,10.0,2.0,2907,ln_pr_normalized,0.6108950184573477,0.0020339011216713014,0.046598131477921335,0.0007006845346514208,0.5448784481382567,1.0246572694750752e-06,300
9,8,2,0.8888888888888888,10.0,3.0,2907,ln_pr_normalized,0.5083047373953796,0.0039913065241655625,0.02298110305171277,0.0007400646014924564,0.5448330836863865,1.650733092698442e-06,300
9,8,2,0.8888888888888888,10.0,4.0,2907,ln_pr_normalized,0.40061227883690315,0.0045747736876192565,0.010325009627316266,0.0004268253868262083,0.5447969313821566,3.303019505544895e-06,300
9,8,2,0.8888888888888888,10.0,5.0,2907,ln_pr_normalized,0.33471374454993974,0.004466772275164312,0.006133038000194667,0.00028356502697817246,0.54483516601366,1.2627932247691976e-05,300
9,8,2,0.8888888888888888,10.0,6.0,2907,ln_pr_normalized,0.28970492981945173,0.004261413142796155,0.004234220804916767,0.0001942126848996197,0.5449772653866133,2.251249074238504e-05,300
9,8,2,0.8888888888888888,10.0,7.0,2907,ln_pr_normalized,0.2540081214516397,0.0037661997621858665,0.0030709229017308335,0.00014098781879604152,0.54504683487882,4.20923759429386e-05,300
9,8,2,0.8888888888888888,10.0,8.0,2907,ln_pr_normalized,0.2218765890950785,0.003236398142768683,0.0022487231762670203,6.870857409930615e-05,0.5449503084713666,4.810925392333865e-05,300
9,8,2,0.8888888888888888,10.0,9.0,2907,ln_pr_normalized,0.20625417563409243,0.003613425114489201,0.002090016253556377,0.00010115574169172102,0.5446610670731933,6.411476421542911e-05,300
9,8,2,0.8888888888888888,10.0,10.0,2907,ln_pr_normalized,0.19395913083638652,0.0032569165020739925,0.0018258668851136636,6.91201779769205e-05,0.5440717715805667,8.508252992100823e-05,300
9,8,2,0.8888888888888888,10.0,11.0,2907,ln_pr_normalized,0.1843387853229731,0.002659122935975971,0.0016101755069342968,4.130304627378878e-05,0.5433017142207233,0.00010166934434088246,300
9,8,2,0.8888888888888888,10.0,12.0,2907,ln_pr_normalized,0.18294704812315413,0.0028188805030288353,0.0016081418351638734,4.3883476080365804e-05,0.5424609668285233,0.0001285999375782186,300
9,8,2,0.8888888888888888,10.0,13.0,2907,ln_pr_normalized,0.17193613347087228,0.002546168710460328,0.0014578393304703933,4.234578018674723e-05,0.5411666298682933,0.00014147307469660077,300
9,8,2,0.8888888888888888,10.0,14.0,2907,ln_pr_normalized,0.171007514356897,0.002795143815637264,0.0014641417602389302,4.21539822141561e-05,0.5404143310186433,0.00015686699720786457,300
9,8,2,0.8888888888888888,10.0,15.0,2907,ln_pr_normalized,0.16202215322324315,0.002525361226277537,0.0013369315550620933,3.127273641024486e-05,0.5395997077259768,0.0001781242137848661,300
9,9,2,1.0,1.0,1.0,3139,ln_pr_normalized,0.854732364668176,5.368743105790896e-05,0.3104856345078967,0.00013395988037751715,0.6593430681218967,4.084029816313925e-05,300
9,9,2,1.0,1.0,2.0,3139,ln_pr_normalized,0.8437535727293934,0.00033927921612899383,0.2845229844113733,0.0007632859746234769,0.6538802017845933,0.00011347922814002929,300
9,9,2,1.0,1.0,3.0,3139,ln_pr_normalized,0.8161992769383564,0.0012935393104317936,0.23113361826280998,0.0021886686074834797,0.6482829817742666,0.00015702905129754788,300
9,9,2,1.0,1.0,4.0,3139,ln_pr_normalized,0.759123019268949,0.003332921354797504,0.157717906049922,0.003482950374016987,0.6435921616105234,0.000169624056708388,300
9,9,2,1.0,1.0,5.0,3139,ln_pr_normalized,0.6824366435201625,0.005344207845927285,0.098602195018381,0.003673668413234673,0.6403878651186866,0.00017320468724741728,300
9,9,2,1.0,1.0,6.0,3139,ln_pr_normalized,0.5881147503422838,0.006815798405916531,0.05499614414563692,0.0029733070992797586,0.6377614780990734,0.00015739376046442727,300
9,9,2,1.0,1.0,7.0,3139,ln_pr_normalized,0.5100691520796681,0.007065998362615416,0.0318614353031512,0.0021897345171634844,0.6357261354106934,0.00014163745090990006,300
9,9,2,1.0,1.0,8.0,3139,ln_pr_normalized,0.44722614472336164,0.007003763503715213,0.019856702828397466,0.0015593742060831665,0.6341985278054733,0.00013197765582637433,300
9,9,2,1.0,1.0,9.0,3139,ln_pr_normalized,0.39575383121143753,0.007244398077790399,0.014032998522184764,0.001243919840650737,0.63318303991966,0.0001227717991502971,300
9,9,2,1.0,1.0,10.0,3139,ln_pr_normalized,0.3546734087300341,0.0065608503717462146,0.00944773569605921,0.0009536299285649577,0.6324910176621901,0.00011657255601759451,300
9,9,2,1.0,1.0,11.0,3139,ln_pr_normalized,0.32437408328335254,0.006621796918843225,0.007380549199583566,0.0006956261652042939,0.6318245746098334,0.00014588001188750718,300
9,9,2,1.0,1.0,12.0,3139,ln_pr_normalized,0.29017700110937134,0.006156282171081486,0.005561543850019723,0.0005833340683067045,0.6316373921620834,0.0001221547880708122,300
9,9,2,1.0,1.0,13.0,3139,ln_pr_normalized,0.2639118597816194,0.005663834798379258,0.003925311734579977,0.0003167086482341025,0.6311086071987,0.00011508060794840987,300
9,9,2,1.0,1.0,14.0,3139,ln_pr_normalized,0.2482950388734871,0.006045036311422976,0.004246485350300813,0.000680771642693976,0.6306101274352733,0.00012742652357187255,300
9,9,2,1.0,1.0,15.0,3139,ln_pr_normalized,0.22513109340625306,0.005112485724145282,0.00261032518694368,0.000158847782230255,0.6303193098849,0.0001411367939458189,300
9,9,2,1.0,2.0,1.0,3139,ln_pr_normalized,0.8398273790568449,7.204337282381991e-05,0.2753795018519933,0.0001596680585907667,0.6545858149575366,7.676610370565342e-06,300
9,9,2,1.0,2.0,2.0,3139,ln_pr_normalized,0.8279866029331591,0.000367989332859298,0.25065114889206,0.0007328188726806091,0.65322987800354,4.669997829367178e-05,300
9,9,2,1.0,2.0,3.0,3139,ln_pr_normalized,0.8004074802917572,0.0011980403838444031,0.20309650415855798,0.0017822314087346993,0.6500775818010532,0.00010170569019116104,300
9,9,2,1.0,2.0,4.0,3139,ln_pr_normalized,0.7524385973975825,0.002621391077703111,0.144762394116615,0.002717978883370407,0.6466491640765766,0.00014035349731660233,300
9,9,2,1.0,2.0,5.0,3139,ln_pr_normalized,0.6791820858940599,0.004710662842863409,0.09153435972692875,0.003091674135322032,0.6432093352574232,0.00016102152910537544,300
9,9,2,1.0,2.0,6.0,3139,ln_pr_normalized,0.6084617441047981,0.006274773215683282,0.059524172849812255,0.0026433888123511425,0.6408477660885866,0.0001495118791402339,300
9,9,2,1.0,2.0,7.0,3139,ln_pr_normalized,0.5262211073423397,0.007228058905352992,0.03572749211774644,0.002141004039277594,0.6385174127247534,0.00016807598284646966,300
9,9,2,1.0,2.0,8.0,3139,ln_pr_normalized,0.46259475850859627,0.0072304252321676015,0.0219636458828536,0.0014873317188850211,0.6368640411450534,0.0001371490576426228,300
9,9,2,1.0,2.0,9.0,3139,ln_pr_normalized,0.4106113998750257,0.007229975425001822,0.015396695186790387,0.001295760869620842,0.6355496287422966,0.00013631737957797563,300
9,9,2,1.0,2.0,10.0,3139,ln_pr_normalized,0.35713721972600465,0.006862271666917108,0.009553392564076406,0.0007519435837929116,0.6342060192881934,0.00012604377093970912,300
9,9,2,1.0,2.0,11.0,3139,ln_pr_normalized,0.3409623262422445,0.006687309053220993,0.008773229981398838,0.0009035875683816042,0.6336376547863534,0.00014650897075106287,300
9,9,2,1.0,2.0,12.0,3139,ln_pr_normalized,0.2935252646826908,0.006423208264303633,0.005848950752076774,0.0006350641842655262,0.6328679395868833,0.00013158355131755764,300
9,9,2,1.0,2.0,13.0,3139,ln_pr_normalized,0.27466269717087743,0.005771810533640363,0.004320599699948446,0.0003155464159805884,0.6319881139674066,0.00013220771663980142,300
9,9,2,1.0,2.0,14.0,3139,ln_pr_normalized,0.25080933602003397,0.00562329820872659,0.0038679871157996032,0.0006092817746900048,0.6318200608268434,0.00011506346587455579,300
9,9,2,1.0,2.0,15.0,3139,ln_pr_normalized,0.22716173324682473,0.004910236530928747,0.0026406311558507204,0.00016841919532532978,0.6314624350068265,0.00010268655596998567,300
9,9,2,1.0,3.0,1.0,3139,ln_pr_normalized,0.8135261357355451,0.00013462938753910607,0.22285168091036336,0.00024069170451500776,0.6516218438795167,1.8238402597882783e-05,300
9,9,2,1.0,3.0,2.0,3139,ln_pr_normalized,0.7962874348388204,0.0004833308912580356,0.1943688070692433,0.0007387400320559278,0.6526394925112966,1.643281617366367e-05,300
9,9,2,1.0,3.0,3.0,3139,ln_pr_normalized,0.7671454539130145,0.0011543436793673809,0.155290663312631,0.0013679253249044721,0.6519149210699068,4.8431467326675985e-05,300
9,9,2,1.0,3.0,4.0,3139,ln_pr_normalized,0.7228368526070961,0.002347939548513086,0.11292334721818766,0.002005821181744362,0.6497800449988601,9.807989972732745e-05,300
9,9,2,1.0,3.0,5.0,3139,ln_pr_normalized,0.6615973808236129,0.003665923312985816,0.07383918289597301,0.001989485488431236,0.6470229994496965,0.0001274219099048484,300
9,9,2,1.0,3.0,6.0,3139,ln_pr_normalized,0.5871872539502921,0.005484260194745666,0.046602670350727064,0.0018407426254564967,0.64451314961342,0.00015691720190683084,300
9,9,2,1.0,3.0,7.0,3139,ln_pr_normalized,0.5332155948403321,0.00646922329139075,0.0344127007934557,0.0018730967048231073,0.6423996941467532,0.00017670536187293516,300
9,9,2,1.0,3.0,8.0,3139,ln_pr_normalized,0.4614143078975499,0.006284455748653292,0.019426016663974834,0.001147018178781643,0.64006459487611,0.00013974208955580027,300
9,9,2,1.0,3.0,9.0,3139,ln_pr_normalized,0.40638764660209387,0.006279147633645562,0.012418860794687535,0.0007349740553607137,0.63845519059212,0.00013687073577550835,300
9,9,2,1.0,3.0,10.0,3139,ln_pr_normalized,0.36602621124548307,0.006343407721637468,0.00966219375003448,0.0007999574367679971,0.6372853583545367,0.00014394300691004185,300
9,9,2,1.0,3.0,11.0,3139,ln_pr_normalized,0.3326108182389197,0.006297359195501392,0.007620918351434843,0.0008196010079187423,0.6359367719547634,0.000144808256039847,300
9,9,2,1.0,3.0,12.0,3139,ln_pr_normalized,0.2979477370114186,0.005910318326083008,0.0052294088803000235,0.0003913294743945042,0.6352811487607,0.0001401427066671256,300
9,9,2,1.0,3.0,13.0,3139,ln_pr_normalized,0.27665884795593065,0.005337148430706569,0.004019938876767577,0.00024238979874163067,0.63407399790466,0.00013849293164239432,300
9,9,2,1.0,3.0,14.0,3139,ln_pr_normalized,0.24601882782832482,0.005253984077643346,0.0032542962798372565,0.00026314124280404775,0.6332056706391133,0.00012683952798473567,300
9,9,2,1.0,3.0,15.0,3139,ln_pr_normalized,0.23964394105535514,0.0050654414339684475,0.0030428750154330468,0.00023902088798399842,0.6332320166871768,0.00012148021795137889,300
9,9,2,1.0,4.0,1.0,3139,ln_pr_normalized,0.7853758054308431,0.00022517316138576565,0.17771179781324,0.0003197002745314933,0.6508154188695767,2.9502829111714885e-05,300
9,9,2,1.0,4.0,2.0,3139,ln_pr_normalized,0.7546221142417789,0.0008088990049218516,0.13953189965009266,0.0008888710665535401,0.6526881364115,2.6836104325849804e-05,300
9,9,2,1.0,4.0,3.0,3139,ln_pr_normalized,0.7114584371367465,0.0016729317847441732,0.10053941215244867,0.0012888690749387436,0.6530743388894568,3.0303942826069442e-05,300
9,9,2,1.0,4.0,4.0,3139,ln_pr_normalized,0.6615320872039852,0.0025338583275678994,0.06962077464473533,0.001396186722276098,0.6520027826075,7.164776281613102e-05,300
9,9,2,1.0,4.0,5.0,3139,ln_pr_normalized,0.6040687830809687,0.0033507361615016007,0.045803605996702995,0.0012051359196624976,0.6500124193946166,0.0001089789678789013,300
9,9,2,1.0,4.0,6.0,3139,ln_pr_normalized,0.5488010654789328,0.003958736502590651,0.030586540187311034,0.0009686123049116592,0.6476940177039967,0.00013987240125040232,300
9,9,2,1.0,4.0,7.0,3139,ln_pr_normalized,0.4987891197815844,0.0048396640747321714,0.02213031774997643,0.0009422053351167362,0.6456476568867534,0.0001575047123677514,300
9,9,2,1.0,4.0,8.0,3139,ln_pr_normalized,0.4500336897045391,0.00499967299850167,0.015413505089959898,0.0007468597069366366,0.6437180173570867,0.00015744623550325394,300
9,9,2,1.0,4.0,9.0,3139,ln_pr_normalized,0.40090622677393045,0.005757585973025409,0.011326640303146498,0.0006547696281337546,0.6418661116667767,0.00016566187460412797,300
9,9,2,1.0,4.0,10.0,3139,ln_pr_normalized,0.366925389781736,0.005539432626391981,0.00849984073686404,0.0005220872160999205,0.6403719313313134,0.0001644081438560352,300
9,9,2,1.0,4.0,11.0,3139,ln_pr_normalized,0.330892760380423,0.005570027555454975,0.006307987931219001,0.000342545796902569,0.6389925807137333,0.0001559391900937422,300
9,9,2,1.0,4.0,12.0,3139,ln_pr_normalized,0.29641637471352866,0.005304274466424063,0.004751385488290533,0.0002820429780459717,0.6378290265734233,0.00014724874840415562,300
9,9,2,1.0,4.0,13.0,3139,ln_pr_normalized,0.26757545782671704,0.004990145452855481,0.0036291521608759468,0.00020088683368151282,0.63669743922446,0.00014484468953924928,300
9,9,2,1.0,4.0,14.0,3139,ln_pr_normalized,0.2471074050326162,0.005122324674451047,0.003248935160769637,0.0002443512819919426,0.63605080709738,0.00015562973731028703,300
9,9,2,1.0,4.0,15.0,3139,ln_pr_normalized,0.22997839009301374,0.0042048303192313875,0.0025019727084035167,0.00015525853344959415,0.6348496559213466,0.00012667005742505723,300
9,9,2,1.0,5.0,1.0,3139,ln_pr_normalized,0.7598187886618212,0.0003161074865563962,0.14472908477071,0.000366898957961016,0.65253090212487,1.234492787252196e-05,300
9,9,2,1.0,5.0,2.0,3139,ln_pr_normalized,0.7148014267184056,0.001405145312499551,0.102524949909457,0.001126597892929906,0.6533918112126033,2.6351953361890025e-05,300
9,9,2,1.0,5.0,3.0,3139,ln_pr_normalized,0.6495912421878024,0.0023404973189794574,0.06267800856862867,0.0011538603060021252,0.6541215136299601,2.5534982782618137e-05,300
9,9,2,1.0,5.0,4.0,3139,ln_pr_normalized,0.5778448614713904,0.002851366363647488,0.036252377111067664,0.0009099294759590509,0.6535724469169933,4.714836838111462e-05,300
9,9,2,1.0,5.0,5.0,3139,ln_pr_normalized,0.5362393456415864,0.0033079321027482157,0.026696532772703396,0.0007933940081470274,0.6524473959687468,9.280948011024319e-05,300
9,9,2,1.0,5.0,6.0,3139,ln_pr_normalized,0.49289888952224187,0.003552862214076697,0.0191392446717336,0.0006240108005208779,0.65081587096169,0.00012471031341062128,300
9,9,2,1.0,5.0,7.0,3139,ln_pr_normalized,0.4504192683524345,0.003719358965471321,0.013820261461547668,0.0004907804880581317,0.64870421850046,0.00015459322813665935,300
9,9,2,1.0,5.0,8.0,3139,ln_pr_normalized,0.4139779026978369,0.004292736986039209,0.010738747195146565,0.000422053719432992,0.6468695006940699,0.0001706008955009775,300
9,9,2,1.0,5.0,9.0,3139,ln_pr_normalized,0.3685887584660426,0.0041867483736744435,0.0074180927255686,0.00029452815857341754,0.6447864693841567,0.00015847587813721774,300
9,9,2,1.0,5.0,10.0,3139,ln_pr_normalized,0.3391912067529305,0.00452781725239682,0.006083594408132867,0.00028548797312456277,0.6432797540969066,0.00016798389511363845,300
9,9,2,1.0,5.0,11.0,3139,ln_pr_normalized,0.3051054668268153,0.0040652598412756055,0.004420896708697843,0.00017928151255145068,0.6416283713213934,0.00015410479923844372,300
9,9,2,1.0,5.0,12.0,3139,ln_pr_normalized,0.2928083984802038,0.004562755333084438,0.004196827407839277,0.00019105583475364054,0.6408038955504133,0.00017945637701868,300
9,9,2,1.0,5.0,13.0,3139,ln_pr_normalized,0.27319876362410545,0.004673980102433941,0.003631625780455793,0.00016977929298383397,0.6396298469896833,0.00018798961217412677,300
9,9,2,1.0,5.0,14.0,3139,ln_pr_normalized,0.25207847944271883,0.004323624726384273,0.00293340035076968,0.0001177497068573969,0.6383329027048333,0.00014168449311234777,300
9,9,2,1.0,5.0,15.0,3139,ln_pr_normalized,0.23130402183853485,0.00426143069641185,0.0025102310954654137,0.00011715142160546417,0.6376444343249701,0.00016381905499995267,300
9,9,2,1.0,6.0,1.0,3139,ln_pr_normalized,0.7447099434120054,0.0003723289252295918,0.12819916758110667,0.0003823217330348714,0.6559322475361333,2.5495171087021092e-05,300
9,9,2,1.0,6.0,2.0,3139,ln_pr_normalized,0.6873396489635917,0.0017203052420814437,0.08291731430781833,0.0010891695229687888,0.65471041927339,1.6174248593680093e-05,300
9,9,2,1.0,6.0,3.0,3139,ln_pr_normalized,0.6008773856908036,0.0032927252111917414,0.04464267635562367,0.0012258751525792097,0.6550296282405433,2.0068774649117728e-05,300
9,9,2,1.0,6.0,4.0,3139,ln_pr_normalized,0.5298762146080827,0.003618681876465454,0.025901009462158398,0.0008316692646705882,0.6550076395836267,3.912732311331893e-05,300
9,9,2,1.0,6.0,5.0,3139,ln_pr_normalized,0.46109713729085294,0.00376243610336467,0.015146909822511467,0.0005618942641082775,0.6540939077720267,7.509596741903301e-05,300
9,9,2,1.0,6.0,6.0,3139,ln_pr_normalized,0.42333108929315505,0.0034995458408003826,0.0108945722221589,0.0003469698783573555,0.6528921428721666,0.0001135051370847609,300
9,9,2,1.0,6.0,7.0,3139,ln_pr_normalized,0.3854916857160586,0.003507493591466634,0.008107799737486635,0.0002907222062336459,0.65099004189827,0.00013149553474215437,300
9,9,2,1.0,6.0,8.0,3139,ln_pr_normalized,0.36529937490276126,0.003170471308642941,0.0067060535703134,0.00020647128044248866,0.64928292247165,0.00015580406848739894,300
9,9,2,1.0,6.0,9.0,3139,ln_pr_normalized,0.3333299240414157,0.003240967905940003,0.0052136729586485,0.0001696638876099258,0.6475444204548667,0.00017071433955291793,300
9,9,2,1.0,6.0,10.0,3139,ln_pr_normalized,0.31055675014721507,0.0035354674753876503,0.004444591674192833,0.00015773082168021632,0.6459813912671166,0.00017481895675518732,300
9,9,2,1.0,6.0,11.0,3139,ln_pr_normalized,0.2930871802896543,0.003837442810963197,0.003979381468448867,0.00017036812377004543,0.6444634287774367,0.00018460985193194984,300
9,9,2,1.0,6.0,12.0,3139,ln_pr_normalized,0.27392982921373277,0.00379729721761492,0.0033724493903448125,0.0001308354290819143,0.6433793785397234,0.0002010313463903599,300
9,9,2,1.0,6.0,13.0,3139,ln_pr_normalized,0.25497820898616613,0.003793386408172809,0.0029047570732843903,0.00011995704362276876,0.6420664320327533,0.0001916539419390316,300
9,9,2,1.0,6.0,14.0,3139,ln_pr_normalized,0.24073894805876672,0.003639808676999384,0.0025391378094872137,8.729567165713962e-05,0.6412050189328367,0.0001741822129899786,300
9,9,2,1.0,6.0,15.0,3139,ln_pr_normalized,0.2144257432757674,0.003087860668568033,0.0019714941491113798,5.430485630716863e-05,0.6394939982580733,0.00013992131324999397,300
9,9,2,1.0,7.0,1.0,3139,ln_pr_normalized,0.7347474026044173,0.00044293860487281604,0.11838221164664868,0.0004176814906242364,0.65842245388378,1.8148461976775322e-05,300
9,9,2,1.0,7.0,2.0,3139,ln_pr_normalized,0.6693782801441318,0.0018928376967680483,0.07213177500851266,0.0010237061800448647,0.6564295416684933,3.0070116781926636e-05,300
9,9,2,1.0,7.0,3.0,3139,ln_pr_normalized,0.5663157767820001,0.003718922444653982,0.03476079410364657,0.0010606048833876247,0.65606875387964,1.965729654193073e-05,300
9,9,2,1.0,7.0,4.0,3139,ln_pr_normalized,0.4902152051797367,0.004149712274827566,0.01970534333707107,0.000778471636256796,0.6560097575812001,2.8435774027117277e-05,300
9,9,2,1.0,7.0,5.0,3139,ln_pr_normalized,0.4179111869273762,0.004030489131898078,0.0109895546951593,0.0004811259418386734,0.6554902924500933,5.776880165158173e-05,300
9,9,2,1.0,7.0,6.0,3139,ln_pr_normalized,0.37587921411898045,0.00412619697964762,0.007991759124053033,0.00038315900205681023,0.6546102813387333,8.419505904243711e-05,300
9,9,2,1.0,7.0,7.0,3139,ln_pr_normalized,0.33264364556193127,0.0034905143802654946,0.005279620443616066,0.000182230190536242,0.6530174217952767,0.0001159240337927305,300
9,9,2,1.0,7.0,8.0,3139,ln_pr_normalized,0.31903140992494966,0.0032748652601679094,0.004645081087377834,0.00014208154743810143,0.6518736406746867,0.0001462983127977487,300
9,9,2,1.0,7.0,9.0,3139,ln_pr_normalized,0.30015860462950883,0.00323114952254293,0.003996216705526067,0.00012821933521821145,0.6501859314662933,0.00016326770116043983,300
9,9,2,1.0,7.0,10.0,3139,ln_pr_normalized,0.2843272296539948,0.0032422417960591772,0.0035340271872961997,0.00012039665359938377,0.6481841779362068,0.00019487535726997674,300
9,9,2,1.0,7.0,11.0,3139,ln_pr_normalized,0.26189625036253134,0.0031918568939828026,0.002922663695105633,9.014959256787206e-05,0.64654110733826,0.00017311935928097501,300
9,9,2,1.0,7.0,12.0,3139,ln_pr_normalized,0.24953748685923505,0.00299116241846973,0.002617195528907313,8.303533132150744e-05,0.6455780110124066,0.0001772123730431814,300
9,9,2,1.0,7.0,13.0,3139,ln_pr_normalized,0.23706802489111312,0.003106044990575208,0.0023735670169848567,6.865104170565765e-05,0.6442265152889367,0.0001895978206620963,300
9,9,2,1.0,7.0,14.0,3139,ln_pr_normalized,0.21812163359315032,0.003141036330468023,0.0020536387612097797,6.820319504327615e-05,0.64321623469905,0.00018784744332652406,300
9,9,2,1.0,7.0,15.0,3139,ln_pr_normalized,0.20781653861733917,0.003242264771381693,0.0019094616828802331,6.588992454890012e-05,0.6417198774404599,0.00017153881417552504,300
9,9,2,1.0,8.0,1.0,3139,ln_pr_normalized,0.7256588551567863,0.0004610345773517359,0.11004505470479067,0.00040185931854326936,0.6592528787087033,2.6723436821044172e-06,300
9,9,2,1.0,8.0,2.0,3139,ln_pr_normalized,0.6579435833024295,0.0020904158741346162,0.06626411820817166,0.0010394189306254429,0.6581149370362099,3.654534595030068e-05,300
9,9,2,1.0,8.0,3.0,3139,ln_pr_normalized,0.5543876711485879,0.004024482397935906,0.0322958656969667,0.0010738920222867787,0.6571280380590501,3.087977468224073e-05,300
9,9,2,1.0,8.0,4.0,3139,ln_pr_normalized,0.457238722590187,0.00453321015766451,0.015537967915218968,0.0006307372241293502,0.6568593691125733,2.8914745771907856e-05,300
9,9,2,1.0,8.0,5.0,3139,ln_pr_normalized,0.3869105182895019,0.004340603751553353,0.008981633973553598,0.0004880464107914458,0.6565148216416533,4.21842014235388e-05,300
9,9,2,1.0,8.0,6.0,3139,ln_pr_normalized,0.3350757119400296,0.0037278894237536436,0.005488744074205134,0.00020829018371768023,0.6557512499726266,6.905328623718152e-05,300
9,9,2,1.0,8.0,7.0,3139,ln_pr_normalized,0.30069069867504156,0.0036182832875340885,0.004250660649243033,0.00023777355775903323,0.6546806158531534,9.613833284449354e-05,300
9,9,2,1.0,8.0,8.0,3139,ln_pr_normalized,0.2788122182062472,0.0030398332998438768,0.0033252018522064333,0.00010417729225332368,0.65354975864286,0.00012498603526920742,300
9,9,2,1.0,8.0,9.0,3139,ln_pr_normalized,0.26714449160663944,0.0032117413489655246,0.003097565211827467,0.00012280066450683506,0.6519147272298633,0.00015201077725767562,300
9,9,2,1.0,8.0,10.0,3139,ln_pr_normalized,0.25579064474329394,0.0030264196229166655,0.002758368630780667,8.443343166503631e-05,0.6505437764057933,0.00016418048159230417,300
9,9,2,1.0,8.0,11.0,3139,ln_pr_normalized,0.24007997732221592,0.0028979151566831804,0.0024044272596459833,6.619361288350472e-05,0.64926091048552,0.00018099115178214854,300
9,9,2,1.0,8.0,12.0,3139,ln_pr_normalized,0.23122227142233423,0.003006592437240232,0.0022543879134742065,6.391268394731407e-05,0.6478499103037033,0.00019778425589176175,300
9,9,2,1.0,8.0,13.0,3139,ln_pr_normalized,0.21273371604243554,0.0026573814907143276,0.0019017535555591204,4.808549526571854e-05,0.6461928842134,0.00018663986137050118,300
9,9,2,1.0,8.0,14.0,3139,ln_pr_normalized,0.21107169317182883,0.0030389191773422934,0.001922985141197667,5.671658088926638e-05,0.6450587554637434,0.0001986250509737015,300
9,9,2,1.0,8.0,15.0,3139,ln_pr_normalized,0.19834999421610766,0.002693220726995466,0.0016953064451275934,4.244767375812739e-05,0.6439688337424667,0.00018878699132625484,300
9,9,2,1.0,9.0,1.0,3139,ln_pr_normalized,0.7192586618929605,0.0004654163660584734,0.10452168356569867,0.0003848860968199236,0.6594823008368934,2.2768367108184944e-07,300
9,9,2,1.0,9.0,2.0,3139,ln_pr_normalized,0.652549114662706,0.0020423778312423767,0.06334123186431666,0.0009807521063337548,0.6591771097358234,1.8507560489981034e-05,300
9,9,2,1.0,9.0,3.0,3139,ln_pr_normalized,0.5325493434534173,0.004074762872050992,0.027203966860798533,0.000923365894457348,0.6580549211653867,2.983499405446219e-05,300
9,9,2,1.0,9.0,4.0,3139,ln_pr_normalized,0.4415940259136037,0.004721288903904412,0.01410422575784877,0.0006700868022646018,0.6577080670946267,2.908427305346686e-05,300
9,9,2,1.0,9.0,5.0,3139,ln_pr_normalized,0.3573928226240768,0.004284521033029675,0.0069933007017317665,0.00034901251877384273,0.65731799300882,3.806324004331145e-05,300
9,9,2,1.0,9.0,6.0,3139,ln_pr_normalized,0.3103498119835618,0.0038057233493430224,0.0045389682824686335,0.00018108996806158432,0.6567103089576201,5.467464048637923e-05,300
9,9,2,1.0,9.0,7.0,3139,ln_pr_normalized,0.2801394573552718,0.0037929279150585886,0.003667705377644923,0.00025521948337350984,0.6559545063965101,9.594319223555573e-05,300
9,9,2,1.0,9.0,8.0,3139,ln_pr_normalized,0.26080293782868,0.003776259214085248,0.0030495005310624563,0.00012424022979880384,0.6551145777301367,0.00011323831338304527,300
9,9,2,1.0,9.0,9.0,3139,ln_pr_normalized,0.23267780923261616,0.0032643315307789343,0.0023221006766184268,7.340153053615571e-05,0.65343218062107,0.0001409784013629576,300
9,9,2,1.0,9.0,10.0,3139,ln_pr_normalized,0.22699262536015913,0.0027658263563993184,0.0021430640805740133,5.432487212784469e-05,0.6522959494576199,0.00014654417511812277,300
9,9,2,1.0,9.0,11.0,3139,ln_pr_normalized,0.2170331935594011,0.002839388038625599,0.0020072050175113532,6.652903941328553e-05,0.6508328277190767,0.0001707816703687015,300
9,9,2,1.0,9.0,12.0,3139,ln_pr_normalized,0.2090531825215065,0.0031309488940021585,0.0019420000018855333,9.158425827861746e-05,0.64962090380122,0.00019227895983880362,300
9,9,2,1.0,9.0,13.0,3139,ln_pr_normalized,0.20049183934072326,0.0026294127875954158,0.0017167108206211734,4.0458656964663576e-05,0.6481342413497133,0.00018619998243831992,300
9,9,2,1.0,9.0,14.0,3139,ln_pr_normalized,0.189950208671093,0.0024950745625439605,0.0015668008325982433,3.502245833649969e-05,0.6473520758073967,0.0001918335891004561,300
9,9,2,1.0,9.0,15.0,3139,ln_pr_normalized,0.18363166590988803,0.002724046819489321,0.0015197727867054267,4.614478684375205e-05,0.64589361956864,0.00018714330554701284,300
9,9,2,1.0,10.0,1.0,3139,ln_pr_normalized,0.7121414671182654,0.0004961507037787781,0.09872960041129633,0.00039050636123636113,0.6596374074908168,1.8062595542814547e-07,300
9,9,2,1.0,10.0,2.0,3139,ln_pr_normalized,0.6391259066213822,0.002291077292414907,0.05743710476659667,0.0010110059720884858,0.6595559530554599,7.27353985027365e-06,300
9,9,2,1.0,10.0,3.0,3139,ln_pr_normalized,0.5223610945340414,0.004201570175222338,0.0253104948739314,0.0008846809498786673,0.6588941199663866,2.5504108388406277e-05,300
9,9,2,1.0,10.0,4.0,3139,ln_pr_normalized,0.42472154809770024,0.004980042519099565,0.012517931606488567,0.0005660532136930652,0.6583323617971334,2.926274102096066e-05,300
9,9,2,1.0,10.0,5.0,3139,ln_pr_normalized,0.35446523462688506,0.004849308046941876,0.007180136242093833,0.0003835858385678945,0.65795933124252,4.253362751339931e-05,300
9,9,2,1.0,10.0,6.0,3139,ln_pr_normalized,0.2982941259645023,0.004091942728045693,0.0042311206286894665,0.00018198071160642902,0.6574754314776967,4.7376583256425404e-05,300
9,9,2,1.0,10.0,7.0,3139,ln_pr_normalized,0.27044115943103747,0.004060117956782697,0.0033726478143328697,0.00014903945600868983,0.65695234961897,6.439279568983066e-05,300
9,9,2,1.0,10.0,8.0,3139,ln_pr_normalized,0.23748931614162463,0.003398378587076177,0.00244520470647357,8.820742396861106e-05,0.6560852035268633,9.045649441178213e-05,300
9,9,2,1.0,10.0,9.0,3139,ln_pr_normalized,0.21524200703147736,0.0031611045885713666,0.0020091132199425397,6.423607828905482e-05,0.6546558333310301,0.0001245000227297047,300
9,9,2,1.0,10.0,10.0,3139,ln_pr_normalized,0.20767216771288677,0.003196868289846679,0.0019012333927978535,6.528711205429445e-05,0.6539473225486,0.00014323498882058672,300
9,9,2,1.0,10.0,11.0,3139,ln_pr_normalized,0.1933162814147967,0.0030057125746894555,0.0016635999279854168,4.8560350249862705e-05,0.6524234742325367,0.0001598284915022528,300
9,9,2,1.0,10.0,12.0,3139,ln_pr_normalized,0.1914238552906456,0.002634202653177809,0.0015990400925509668,3.920519317510289e-05,0.6511661521907267,0.00016188735037970007,300
9,9,2,1.0,10.0,13.0,3139,ln_pr_normalized,0.18542572996687254,0.0028960642622237512,0.0015673421483063399,5.705571325714001e-05,0.64995910591227,0.0001812693055793764,300
9,9,2,1.0,10.0,14.0,3139,ln_pr_normalized,0.17721788301166663,0.0025130736207088114,0.0014209428571277435,3.5643850810070404e-05,0.64866006668718,0.0001852707233024968,300
9,9,2,1.0,10.0,15.0,3139,ln_pr_normalized,0.17129249801287716,0.002496778965405016,0.0013516279172757534,3.215871847945622e-05,0.6476188640533866,0.00018645153853262008,300
9,10,2,1.1111111111111112,1.0,1.0,2907,ln_pr_normalized,0.8535608243696654,5.459244128208702e-05,0.31104860474982,0.00013519578614111112,0.77407298066064,4.014625467702926e-05,300
9,10,2,1.1111111111111112,1.0,2.0,2907,ln_pr_normalized,0.8427844662872264,0.0003516507336494893,0.28575509799299664,0.0007803759598587882,0.7687169198571465,0.00011574337402245134,300
9,10,2,1.1111111111111112,1.0,3.0,2907,ln_pr_normalized,0.8167367458509848,0.0013191190025097672,0.23545748172403602,0.002225854352446796,0.7633637767107401,0.00016936717453818387,300
9,10,2,1.1111111111111112,1.0,4.0,2907,ln_pr_normalized,0.7624517306082479,0.0030634396744150805,0.16273764146775666,0.0034041928902549846,0.75839331296683,0.0001645089001591461,300
9,10,2,1.1111111111111112,1.0,5.0,2907,ln_pr_normalized,0.6820849793292355,0.005427687014810927,0.1010187702376343,0.0037006749235452712,0.7550196940830832,0.0001764980328547417,300
9,10,2,1.1111111111111112,1.0,6.0,2907,ln_pr_normalized,0.6106805450565017,0.0064945790958952365,0.0643961647254078,0.0030824629664028638,0.7525448364631699,0.00015800868813819704,300
9,10,2,1.1111111111111112,1.0,7.0,2907,ln_pr_normalized,0.5167180964712328,0.0070166161638973235,0.03303300011222996,0.0019085053006581674,0.7502597693733599,0.000122844338508317,300
9,10,2,1.1111111111111112,1.0,8.0,2907,ln_pr_normalized,0.45661641464660024,0.0071839160368502636,0.023003990401415132,0.001895154014795379,0.7491121786829966,0.0001400048783282898,300
9,10,2,1.1111111111111112,1.0,9.0,2907,ln_pr_normalized,0.41022619063463833,0.007052870318521301,0.015380801837470533,0.0011825151355030802,0.74781511992802,0.00013808191114680115,300
9,10,2,1.1111111111111112,1.0,10.0,2907,ln_pr_normalized,0.3726222711287408,0.006748880422496394,0.011918097227960299,0.0012237883696045594,0.7470508509054566,0.0001348789129266742,300
9,10,2,1.1111111111111112,1.0,11.0,2907,ln_pr_normalized,0.3374224938088189,0.006349653591111743,0.008056914430109006,0.0007005477459356544,0.7461787824410067,0.00011980245661245717,300
9,10,2,1.1111111111111112,1.0,12.0,2907,ln_pr_normalized,0.2883306091019113,0.00631270930197937,0.005559237412358164,0.0004831011523437498,0.7457214480372201,0.00012037323561911956,300
9,10,2,1.1111111111111112,1.0,13.0,2907,ln_pr_normalized,0.2688593236937204,0.006084051913307431,0.004655061748060023,0.00043033385848747976,0.7452267922616733,0.00011801366435960349,300
9,10,2,1.1111111111111112,1.0,14.0,2907,ln_pr_normalized,0.26475983168904815,0.006241898180285568,0.0047103350010762,0.0005047675075137922,0.74504675274017,0.00012548038606950793,300
9,10,2,1.1111111111111112,1.0,15.0,2907,ln_pr_normalized,0.243817295672521,0.006063216342083548,0.00413623079163484,0.0005592137374840535,0.74479903574087,0.0001487227104588804,300
9,10,2,1.1111111111111112,2.0,1.0,2907,ln_pr_normalized,0.8406142207270983,7.207353557474006e-05,0.28054177178767664,0.00016092421487682955,0.7706348408974734,2.1175259598908155e-05,300
9,10,2,1.1111111111111112,2.0,2.0,2907,ln_pr_normalized,0.8297925127821734,0.0003572082197239313,0.25764165018561336,0.0007207379227362428,0.76833655106168,6.212477016043863e-05,300
9,10,2,1.1111111111111112,2.0,3.0,2907,ln_pr_normalized,0.8064449268565239,0.0010503016770383724,0.21578085232518995,0.0017110745463405686,0.7651039619331733,0.00011222222806334807,300
9,10,2,1.1111111111111112,2.0,4.0,2907,ln_pr_normalized,0.7606079394893848,0.0025899273815877294,0.15686299938656464,0.002781188654735113,0.7614074613097833,0.0001454354380134217,300
9,10,2,1.1111111111111112,2.0,5.0,2907,ln_pr_normalized,0.6965510019378782,0.0043927658664493375,0.10374488509120733,0.0029679107816422924,0.7581697653514233,0.00015166871143231018,300
9,10,2,1.1111111111111112,2.0,6.0,2907,ln_pr_normalized,0.606590609695538,0.0062453230235663066,0.0599695293372922,0.0026123272484133123,0.75496171415202,0.00014771002785823238,300
9,10,2,1.1111111111111112,2.0,7.0,2907,ln_pr_normalized,0.5382653802750093,0.0068763169721588,0.03819914327205307,0.0020540403773780867,0.75289301392597,0.0001451214377921251,300
9,10,2,1.1111111111111112,2.0,8.0,2907,ln_pr_normalized,0.4633208485181759,0.007161945445222919,0.023291994140209132,0.0016701471702544705,0.7513240603814434,0.00014532310892175385,300
9,10,2,1.1111111111111112,2.0,9.0,2907,ln_pr_normalized,0.43239540944917,0.007311296285827875,0.018996509818557498,0.0015484647137097378,0.7503105677205933,0.00013518827863917852,300
9,10,2,1.1111111111111112,2.0,10.0,2907,ln_pr_normalized,0.37581317569183936,0.007123945831600308,0.011917709644206234,0.0009572194694321807,0.7488721964089565,0.00012609559085876229,300
9,10,2,1.1111111111111112,2.0,11.0,2907,ln_pr_normalized,0.3362119058332426,0.006266348559585407,0.00810560723964225,0.0008087059726933769,0.74784455027172,0.00013463386828671962,300
9,10,2,1.1111111111111112,2.0,12.0,2907,ln_pr_normalized,0.31183608124389645,0.006448728819122787,0.00709626981080119,0.000720535846557039,0.7473547205645167,0.00012197997695420335,300
9,10,2,1.1111111111111112,2.0,13.0,2907,ln_pr_normalized,0.2812340164586874,0.005912094312939254,0.0051202973256740825,0.0005942237767958543,0.7468342977803334,0.00012072363568844716,300
9,10,2,1.1111111111111112,2.0,14.0,2907,ln_pr_normalized,0.2650380754032377,0.005937320289285681,0.0042502708271650366,0.0003085600749284589,0.7461514419069366,0.0001352280885482403,300
9,10,2,1.1111111111111112,2.0,15.0,2907,ln_pr_normalized,0.23114622033399798,0.004688803856511606,0.0027568304124342535,0.00014372091278701005,0.7457098156629101,0.00011959099545393978,300
9,10,2,1.1111111111111112,3.0,1.0,2907,ln_pr_normalized,0.8141405989196312,0.00010719896275853453,0.22716085792926663,0.00019339452774513465,0.7692362667242433,1.0607532304745157e-05,300
9,10,2,1.1111111111111112,3.0,2.0,2907,ln_pr_normalized,0.7988499700608789,0.00043036163743825955,0.20141268227410664,0.0006838504503419767,0.7679815434190467,2.8931269519241202e-05,300
9,10,2,1.1111111111111112,3.0,3.0,2907,ln_pr_normalized,0.7707903324810245,0.001175985602772209,0.16278908352992433,0.001443877053723583,0.7661994214739134,6.900957744234053e-05,300
9,10,2,1.1111111111111112,3.0,4.0,2907,ln_pr_normalized,0.7319660027741826,0.0020960426836950704,0.12272938973353,0.0019306946821082986,0.76397833744402,0.00010119764012296475,300
9,10,2,1.1111111111111112,3.0,5.0,2907,ln_pr_normalized,0.672433279510138,0.00390664708965094,0.08354526876899533,0.002286462843719111,0.7611932872870267,0.00014485411167235892,300
9,10,2,1.1111111111111112,3.0,6.0,2907,ln_pr_normalized,0.6034597867334903,0.00510461838453684,0.05281435618229777,0.0019344759796539512,0.7587171489149466,0.0001514042087501917,300
9,10,2,1.1111111111111112,3.0,7.0,2907,ln_pr_normalized,0.5392263717974235,0.006109206099314082,0.035649621343732535,0.001764280339659199,0.7564196831082767,0.00016809899104608384,300
9,10,2,1.1111111111111112,3.0,8.0,2907,ln_pr_normalized,0.4713218243544644,0.006077418139814527,0.021242111575643968,0.0011874795002987232,0.7543213829975033,0.0001468097683860154,300
9,10,2,1.1111111111111112,3.0,9.0,2907,ln_pr_normalized,0.4227424723319896,0.006606168506359294,0.015664711076541268,0.0010804050841977193,0.7527418821021733,0.00015151728727141013,300
9,10,2,1.1111111111111112,3.0,10.0,2907,ln_pr_normalized,0.3791357966601463,0.006298788317849399,0.010564627162403601,0.0006545383470496366,0.7514706254736534,0.0001415920253704735,300
9,10,2,1.1111111111111112,3.0,11.0,2907,ln_pr_normalized,0.33208006293378617,0.005957960161214847,0.0073172701194455965,0.0005379461051217557,0.7501573046829367,0.00013827161360008755,300
9,10,2,1.1111111111111112,3.0,12.0,2907,ln_pr_normalized,0.31975175161006897,0.005681117915097346,0.006094984356017946,0.00032873347486061394,0.7493828690555366,0.00013719338938835457,300
9,10,2,1.1111111111111112,3.0,13.0,2907,ln_pr_normalized,0.28626853475150954,0.005857255868702984,0.005169762839534904,0.00046528931602752443,0.7486654883802266,0.00012337837111634224,300
9,10,2,1.1111111111111112,3.0,14.0,2907,ln_pr_normalized,0.25345811135588114,0.005491903572370832,0.00376615148851062,0.00031295379017533,0.7480346106895066,0.00011415419195317245,300
9,10,2,1.1111111111111112,3.0,15.0,2907,ln_pr_normalized,0.252321502010291,0.005546919996009849,0.0037997341772225764,0.000356973235587466,0.7477343108687067,0.0001365665332230874,300
9,10,2,1.1111111111111112,4.0,1.0,2907,ln_pr_normalized,0.7752999474762278,0.000169471627830288,0.16667938550928,0.00022409227950646591,0.7678045513254865,3.1508198729674243e-06,300
9,10,2,1.1111111111111112,4.0,2.0,2907,ln_pr_normalized,0.7536059875571495,0.0006483856709809604,0.140712273549195,0.000709235349674989,0.76761157432294,1.1066116422856426e-05,300
9,10,2,1.1111111111111112,4.0,3.0,2907,ln_pr_normalized,0.7173846456530139,0.001361878573808935,0.10680080315624735,0.0011118482411781483,0.7670191467346867,3.1808863488149694e-05,300
9,10,2,1.1111111111111112,4.0,4.0,2907,ln_pr_normalized,0.6747325284001522,0.0024248364597496434,0.07874036690445534,0.0014052378922799539,0.76590570441965,6.908723725932828e-05,300
9,10,2,1.1111111111111112,4.0,5.0,2907,ln_pr_normalized,0.6231114236364218,0.0030812107586974226,0.05394733487351099,0.0012681054468997666,0.7640328751210234,0.00010629622265903871,300
9,10,2,1.1111111111111112,4.0,6.0,2907,ln_pr_normalized,0.5783970401632476,0.004042016657026798,0.0402620119135123,0.0012980624570057366,0.7621907548965532,0.00013706733218018597,300
9,10,2,1.1111111111111112,4.0,7.0,2907,ln_pr_normalized,0.5088131801985887,0.005041541295841431,0.025270264016667765,0.0010929914375962411,0.75977812473302,0.00015929721651278955,300
9,10,2,1.1111111111111112,4.0,8.0,2907,ln_pr_normalized,0.46598605599178566,0.005310094725210323,0.018544722590571102,0.0008603217708364173,0.7579676245719834,0.00016186464653379008,300
9,10,2,1.1111111111111112,4.0,9.0,2907,ln_pr_normalized,0.42565207963519436,0.005412376541704309,0.013569493702869199,0.0006589003429575033,0.7561657487856233,0.0001646025879383089,300
9,10,2,1.1111111111111112,4.0,10.0,2907,ln_pr_normalized,0.36947511422031387,0.005655443071885935,0.009269137546133432,0.0005920713959195219,0.75432040099204,0.00016718046902286542,300
9,10,2,1.1111111111111112,4.0,11.0,2907,ln_pr_normalized,0.3437932711023317,0.005730697879419373,0.0075313597627458,0.00043862466045914916,0.7532518775136934,0.00017522984759644333,300
9,10,2,1.1111111111111112,4.0,12.0,2907,ln_pr_normalized,0.300806762732349,0.00498244512166646,0.005104893645643487,0.0003707806497873571,0.7516706951548466,0.00014761223204413495,300
9,10,2,1.1111111111111112,4.0,13.0,2907,ln_pr_normalized,0.28171751339234435,0.005309635120378212,0.004449324624329107,0.00026900659631583777,0.7510882430721133,0.00014454134273704026,300
9,10,2,1.1111111111111112,4.0,14.0,2907,ln_pr_normalized,0.26509498061172093,0.004826532813024002,0.003679704503091883,0.00019273634597132114,0.7501934157998666,0.00014964922496166116,300
9,10,2,1.1111111111111112,4.0,15.0,2907,ln_pr_normalized,0.24879503506512024,0.004981756214526829,0.003292578450259927,0.00018765682621420908,0.7494706356917867,0.00015364978662879504,300
9,10,2,1.1111111111111112,5.0,1.0,2907,ln_pr_normalized,0.7351094902751919,0.00026080830011462213,0.12101685952344335,0.00025006041403830725,0.7670348338241233,3.590620997245864e-06,300
9,10,2,1.1111111111111112,5.0,2.0,2907,ln_pr_normalized,0.7046917469053595,0.0008579907424234415,0.095543236135813,0.0006378655893808943,0.7671449910589767,6.957983918963919e-06,300
9,10,2,1.1111111111111112,5.0,3.0,2907,ln_pr_normalized,0.6540595891888095,0.002016938349945882,0.06577573834597467,0.0010164734856717788,0.76716790616033,1.7066450709403934e-05,300
9,10,2,1.1111111111111112,5.0,4.0,2907,ln_pr_normalized,0.6064728347699921,0.002509188515896158,0.04593960653356167,0.0008948061565106915,0.7667997339850133,3.754669688457525e-05,300
9,10,2,1.1111111111111112,5.0,5.0,2907,ln_pr_normalized,0.5545069119322706,0.0031747884911235945,0.03153329214650403,0.0008397283833277317,0.76574518492565,7.364015962597977e-05,300
9,10,2,1.1111111111111112,5.0,6.0,2907,ln_pr_normalized,0.5130525834934548,0.003464574183077048,0.023136819290881665,0.0006980239968074142,0.7644527835879901,0.00010165061946827171,300
9,10,2,1.1111111111111112,5.0,7.0,2907,ln_pr_normalized,0.47406103943435807,0.004021356118500642,0.017638610281001266,0.0006121488239587882,0.7628516909513168,0.00014838223335555316,300
9,10,2,1.1111111111111112,5.0,8.0,2907,ln_pr_normalized,0.42385717112346505,0.004191372398011833,0.012012876344337632,0.00045904338457467296,0.7607143912550633,0.00015662385958281302,300
9,10,2,1.1111111111111112,5.0,9.0,2907,ln_pr_normalized,0.3950950657538636,0.004629557278491307,0.010021604885841398,0.0004710391155813914,0.7591665241705933,0.0001663819076063001,300
9,10,2,1.1111111111111112,5.0,10.0,2907,ln_pr_normalized,0.3576883892766178,0.004570607205492726,0.0074173322493677335,0.0003439728684841974,0.7575486911979734,0.00017587887604800467,300
9,10,2,1.1111111111111112,5.0,11.0,2907,ln_pr_normalized,0.31514388288605405,0.004733511998727508,0.00534070262312037,0.0002541792297081456,0.7556583442850534,0.00017155361643905433,300
9,10,2,1.1111111111111112,5.0,12.0,2907,ln_pr_normalized,0.29902265253250826,0.0045316257168867185,0.00461500808525875,0.00020799252234117744,0.7545687899029699,0.00017986577087192665,300
9,10,2,1.1111111111111112,5.0,13.0,2907,ln_pr_normalized,0.2771708339959944,0.0044233908941953455,0.003846722488183893,0.00017528325045472335,0.7534720509800167,0.00016931897746312835,300
9,10,2,1.1111111111111112,5.0,14.0,2907,ln_pr_normalized,0.25616088749907334,0.004276060528377251,0.0032039843231949335,0.0001371351311023138,0.7523716585743,0.00015573256747934634,300
9,10,2,1.1111111111111112,5.0,15.0,2907,ln_pr_normalized,0.24439380425406843,0.0046594038562241405,0.0031685310651323566,0.00021911493745873118,0.7517763898226266,0.0001837808100780163,300
9,10,2,1.1111111111111112,6.0,1.0,2907,ln_pr_normalized,0.7133059524449876,0.0003906982352788235,0.10178379922385435,0.0003153402205309352,0.7670016313216833,2.454508830778336e-06,300
9,10,2,1.1111111111111112,6.0,2.0,2907,ln_pr_normalized,0.6693843216043963,0.0012917783917398634,0.07270087592539466,0.0007102064014418732,0.7668823950053767,5.571362528362391e-06,300
9,10,2,1.1111111111111112,6.0,3.0,2907,ln_pr_normalized,0.6035656335789775,0.0023128762959606325,0.044531910162713,0.0008103561007273808,0.7670366628403,1.1822958367921546e-05,300
9,10,2,1.1111111111111112,6.0,4.0,2907,ln_pr_normalized,0.5429331624294902,0.0030675699412251543,0.028614433341583333,0.0007404944673972626,0.76709252484946,2.282393746923294e-05,300
9,10,2,1.1111111111111112,6.0,5.0,2907,ln_pr_normalized,0.48879365338069497,0.0034862379033325924,0.019098212650262267,0.000573915618235467,0.7667597091142433,4.795717376613327e-05,300
9,10,2,1.1111111111111112,6.0,6.0,2907,ln_pr_normalized,0.4465313630825525,0.003519532937898768,0.013666626666058234,0.0004134699344683085,0.7658793916053867,7.076605503388302e-05,300
9,10,2,1.1111111111111112,6.0,7.0,2907,ln_pr_normalized,0.4125526138675056,0.003819972211923511,0.0107441399258101,0.00040788288229913066,0.7646968343006266,0.000114372438693933,300
9,10,2,1.1111111111111112,6.0,8.0,2907,ln_pr_normalized,0.38060541897862343,0.003402398929298024,0.008075651723113534,0.00026500356278990467,0.7630975226126266,0.0001400558081690092,300
9,10,2,1.1111111111111112,6.0,9.0,2907,ln_pr_normalized,0.3507824216147537,0.003570961208247477,0.006422505381550333,0.00021295650066694227,0.7614808494147934,0.00014704499371583034,300
9,10,2,1.1111111111111112,6.0,10.0,2907,ln_pr_normalized,0.3338291409380946,0.003624622684200447,0.0056428488054581,0.00019717864502260385,0.7603087661990467,0.00017003599827574708,300
9,10,2,1.1111111111111112,6.0,11.0,2907,ln_pr_normalized,0.3041838986865992,0.0040050470868831164,0.004607127608602467,0.00019089627546886348,0.7586681284147767,0.00017624639318918961,300
9,10,2,1.1111111111111112,6.0,12.0,2907,ln_pr_normalized,0.2826222726171428,0.0036754826872237916,0.0037357050845796633,0.00011947631071171767,0.7571938161736834,0.0001820485003985642,300
9,10,2,1.1111111111111112,6.0,13.0,2907,ln_pr_normalized,0.2672385470070974,0.003734340727829288,0.0033527358543401203,0.00012228226140103694,0.7560837379241866,0.00017858529852863843,300
9,10,2,1.1111111111111112,6.0,14.0,2907,ln_pr_normalized,0.24287011942253295,0.003620304996883133,0.0027312135835491466,9.351534363285077e-05,0.7547700976472266,0.000182571780646284,300
9,10,2,1.1111111111111112,6.0,15.0,2907,ln_pr_normalized,0.22889389326244752,0.0036230922484620652,0.0024309777875230836,7.810689437925752e-05,0.7537276595970233,0.000171831596484711,300
9,10,2,1.1111111111111112,7.0,1.0,2907,ln_pr_normalized,0.7022672874835983,0.0004460595374650459,0.09324678984281967,0.00032784424161391555,0.7670392853153033,1.7031319097504384e-06,300
9,10,2,1.1111111111111112,7.0,2.0,2907,ln_pr_normalized,0.6501627130460612,0.0016142474361409034,0.06289791198029666,0.0007646968078559291,0.7669078337367867,3.3269515543404017e-06,300
9,10,2,1.1111111111111112,7.0,3.0,2907,ln_pr_normalized,0.5673204687509362,0.0028633065599528566,0.0342227177965035,0.0007653575129000235,0.7669289940642134,9.983878558180129e-06,300
9,10,2,1.1111111111111112,7.0,4.0,2907,ln_pr_normalized,0.501579423753027,0.0035392406364534042,0.021121212615790464,0.000605415443445541,0.7671145826954,1.8200710107622225e-05,300
9,10,2,1.1111111111111112,7.0,5.0,2907,ln_pr_normalized,0.4370201931978134,0.0038728240608357474,0.012976543996970267,0.000429405099135757,0.7670817714373834,3.548136766324656e-05,300
9,10,2,1.1111111111111112,7.0,6.0,2907,ln_pr_normalized,0.3936836901758495,0.00413888842961468,0.0095524789501014,0.00042059435724165585,0.7667356057185234,5.2662053945212695e-05,300
9,10,2,1.1111111111111112,7.0,7.0,2907,ln_pr_normalized,0.3522053688580217,0.0034625428833948515,0.006443607462928135,0.00020768529430792275,0.7659579624337,7.478721409053287e-05,300
9,10,2,1.1111111111111112,7.0,8.0,2907,ln_pr_normalized,0.33233773972567077,0.003419330647030738,0.005498981514711767,0.00018839938878229592,0.7648827799130434,0.00010769620127667346,300
9,10,2,1.1111111111111112,7.0,9.0,2907,ln_pr_normalized,0.316161643965209,0.003350362380951092,0.0048866989300178,0.00020188204230098177,0.7636116853716334,0.00012867599146655217,300
9,10,2,1.1111111111111112,7.0,10.0,2907,ln_pr_normalized,0.2886029190566961,0.0031470830897399084,0.003825523549229367,0.00013095185068542743,0.7622079143782801,0.00014755225928905194,300
9,10,2,1.1111111111111112,7.0,11.0,2907,ln_pr_normalized,0.28100033862342727,0.003277280410162006,0.003611921298168466,0.00011187483540696532,0.7607906851312001,0.0001756348444077836,300
9,10,2,1.1111111111111112,7.0,12.0,2907,ln_pr_normalized,0.26094521251998626,0.0034083279196781093,0.0030977943206313835,9.526805275745209e-05,0.7597498420496299,0.00018581385168677347,300
9,10,2,1.1111111111111112,7.0,13.0,2907,ln_pr_normalized,0.2480133151945392,0.0033338241457339917,0.0028217577366558833,0.000111708495661909,0.7581935282748534,0.00018636455858092685,300
9,10,2,1.1111111111111112,7.0,14.0,2907,ln_pr_normalized,0.22868397086261158,0.003079612427566372,0.00234177995508502,6.38595663305511e-05,0.7568755562572166,0.00018474575396788004,300
9,10,2,1.1111111111111112,7.0,15.0,2907,ln_pr_normalized,0.21807719982642132,0.003286792846395305,0.002175259921443723,6.19304030786156e-05,0.7560528375150434,0.00018955374014133588,300
9,10,2,1.1111111111111112,8.0,1.0,2907,ln_pr_normalized,0.6951342044938422,0.0004003358746003094,0.088058208368496,0.00027753293741562796,0.7670877774204334,1.01992225361983e-06,300
9,10,2,1.1111111111111112,8.0,2.0,2907,ln_pr_normalized,0.6407165332587522,0.0016257987472084571,0.058348150734567665,0.000709104014109136,0.76699557785827,2.1925181418832506e-06,300
9,10,2,1.1111111111111112,8.0,3.0,2907,ln_pr_normalized,0.5537265917034726,0.003259637874163567,0.03137411146903203,0.0007936348605880442,0.7669167131770332,4.490710909379314e-06,300
9,10,2,1.1111111111111112,8.0,4.0,2907,ln_pr_normalized,0.47054681215019417,0.0037742549491761165,0.016881626194820868,0.0005631846625121877,0.7670470696713301,1.5816174648523324e-05,300
9,10,2,1.1111111111111112,8.0,5.0,2907,ln_pr_normalized,0.40426321752181743,0.004107818188787779,0.010283417670150733,0.0004017410356347719,0.7672008413048567,2.340921205366452e-05,300
9,10,2,1.1111111111111112,8.0,6.0,2907,ln_pr_normalized,0.3638953309362892,0.003854849254453606,0.007371293025970666,0.0003135426655499323,0.7671247428982866,3.8442252740518485e-05,300
9,10,2,1.1111111111111112,8.0,7.0,2907,ln_pr_normalized,0.32040648891765927,0.003629217643338253,0.005090403383214166,0.00019220706668512865,0.7667601823962134,5.46533179963511e-05,300
9,10,2,1.1111111111111112,8.0,8.0,2907,ln_pr_normalized,0.29244578459311643,0.0034727401671678423,0.0040200802126694,0.00013706700497229617,0.7662686212233133,7.176828657673605e-05,300
9,10,2,1.1111111111111112,8.0,9.0,2907,ln_pr_normalized,0.2742947570214125,0.0032725170954717134,0.003462696706810101,0.000130638597753925,0.7650894617100499,0.00010976613064936983,300
9,10,2,1.1111111111111112,8.0,10.0,2907,ln_pr_normalized,0.25966106567781416,0.0030867619144954645,0.003023526583676067,9.715326266524136e-05,0.7640626341515067,0.0001191586837964297,300
9,10,2,1.1111111111111112,8.0,11.0,2907,ln_pr_normalized,0.2537143565972774,0.0030429622659731946,0.0028702576318574997,8.608287993190679e-05,0.76270519521041,0.00014619060147730767,300
9,10,2,1.1111111111111112,8.0,12.0,2907,ln_pr_normalized,0.2387516340580556,0.002830568090988536,0.002514366767117407,7.095129715050874e-05,0.7613577464708133,0.00016361327172392226,300
9,10,2,1.1111111111111112,8.0,13.0,2907,ln_pr_normalized,0.22554774065249675,0.0028671241293037695,0.0022533112099796834,5.588347761223617e-05,0.7602921416873133,0.00017846975806655604,300
9,10,2,1.1111111111111112,8.0,14.0,2907,ln_pr_normalized,0.21426664874882098,0.0030107567234238805,0.0020824206409284867,5.714152279296428e-05,0.7589469206504866,0.00017576619908778266,300
9,10,2,1.1111111111111112,8.0,15.0,2907,ln_pr_normalized,0.20414175574705068,0.002889194765177029,0.0019101268244815731,5.1795323711089795e-05,0.75813595011918,0.00018094930474294555,300
9,10,2,1.1111111111111112,9.0,1.0,2907,ln_pr_normalized,0.6867578211504933,0.00043274726881109863,0.08238892948990666,0.00028050951608919755,0.7671253791643633,7.47614454265372e-07,300
9,10,2,1.1111111111111112,9.0,2.0,2907,ln_pr_normalized,0.6344616766712985,0.001563510603833387,0.055431586464916006,0.0006661085783239369,0.7670651603774067,1.4368653028087772e-06,300
9,10,2,1.1111111111111112,9.0,3.0,2907,ln_pr_normalized,0.5416634034211693,0.0033080461995710513,0.028662427341128633,0.000776051540730286,0.7669962117186633,2.357192661892773e-06,300
9,10,2,1.1111111111111112,9.0,4.0,2907,ln_pr_normalized,0.4571601795901729,0.0042736593859266465,0.0157515992959428,0.000591767757389984,0.7669886191984268,7.843973450791908e-06,300
9,10,2,1.1111111111111112,9.0,5.0,2907,ln_pr_normalized,0.39129012172909367,0.004445738149542252,0.009630113831874999,0.00044515393173456824,0.7671245572971533,1.7928124587523903e-05,300
9,10,2,1.1111111111111112,9.0,6.0,2907,ln_pr_normalized,0.33328146925807656,0.003979844787260421,0.005797323786465267,0.00022993035393686307,0.7672543662761133,3.159820451398647e-05,300
9,10,2,1.1111111111111112,9.0,7.0,2907,ln_pr_normalized,0.2943600230923581,0.0037750373522570727,0.004204391840990633,0.00017906377229471045,0.7670430249176833,4.56521311623343e-05,300
9,10,2,1.1111111111111112,9.0,8.0,2907,ln_pr_normalized,0.2671005742321507,0.0036103818289495515,0.0033402307711527,0.0001327325423697972,0.7667512937957567,6.136464095391518e-05,300
9,10,2,1.1111111111111112,9.0,9.0,2907,ln_pr_normalized,0.25405508816613803,0.003080257787564057,0.002883812298839467,8.747088696955243e-05,0.7661462479697734,8.421970416845335e-05,300
9,10,2,1.1111111111111112,9.0,10.0,2907,ln_pr_normalized,0.23624595495025014,0.0032091109498602597,0.0025305330457286498,8.417738833142523e-05,0.7653532214221034,0.00010546977844959344,300
9,10,2,1.1111111111111112,9.0,11.0,2907,ln_pr_normalized,0.22673255880939286,0.0027586051411090055,0.0022671547289219666,5.740843886840488e-05,0.7645340938965234,0.00012538000784912792,300
9,10,2,1.1111111111111112,9.0,12.0,2907,ln_pr_normalized,0.2226127520065304,0.003032104622750612,0.00225315930032608,7.870705120957169e-05,0.7631270087109233,0.00014529098495053846,300
9,10,2,1.1111111111111112,9.0,13.0,2907,ln_pr_normalized,0.20737168643779316,0.0029441392215283123,0.0019714394973828334,5.703147257368301e-05,0.76245242394248,0.00016667721840537563,300
9,10,2,1.1111111111111112,9.0,14.0,2907,ln_pr_normalized,0.20056957135651035,0.0028928398373411534,0.0018677798029785502,5.7875633223123924e-05,0.7608765641755633,0.00017712730836950095,300
9,10,2,1.1111111111111112,9.0,15.0,2907,ln_pr_normalized,0.19071829578237473,0.0026008095669023067,0.0016862804615245001,3.974582673038564e-05,0.7598708569261466,0.00018660283231075218,300
9,10,2,1.1111111111111112,10.0,1.0,2907,ln_pr_normalized,0.6821703939151693,0.00044948795670130074,0.07944091594465434,0.00028259302556556706,0.7671628411207733,5.713779859896858e-07,300
9,10,2,1.1111111111111112,10.0,2.0,2907,ln_pr_normalized,0.6245602825176856,0.0016464209824507252,0.051335738375271674,0.0006402611661403632,0.76711500056094,1.012559600235038e-06,300
9,10,2,1.1111111111111112,10.0,3.0,2907,ln_pr_normalized,0.5346014719779233,0.0034495416811653047,0.027252462824353407,0.0007299925565656219,0.7670667665944033,1.6501881838669568e-06,300
9,10,2,1.1111111111111112,10.0,4.0,2907,ln_pr_normalized,0.4391522306015067,0.004505787397151322,0.013940740210578033,0.000557470362693449,0.76703548548084,3.5964498158699612e-06,300
9,10,2,1.1111111111111112,10.0,5.0,2907,ln_pr_normalized,0.36473692035808386,0.004540715515995329,0.007899369593018932,0.00038502909928252166,0.7671008985404932,1.2205891797787875e-05,300
9,10,2,1.1111111111111112,10.0,6.0,2907,ln_pr_normalized,0.3183215881206233,0.004020165427095932,0.0051948819849721335,0.00022271708784731337,0.7672463455684634,2.2279629478407714e-05,300
9,10,2,1.1111111111111112,10.0,7.0,2907,ln_pr_normalized,0.27897787354190184,0.003789128808265296,0.003713482585902934,0.00014551488656244918,0.7672594396137467,3.931265765751909e-05,300
9,10,2,1.1111111111111112,10.0,8.0,2907,ln_pr_normalized,0.2529418898627687,0.0037608956200428953,0.002997492467989123,0.00011107284136653621,0.7671079127816133,4.757973976989401e-05,300
9,10,2,1.1111111111111112,10.0,9.0,2907,ln_pr_normalized,0.2287659200906101,0.00326588769462916,0.00237881688558412,7.316627525853567e-05,0.76663771726911,6.510303258705018e-05,300
9,10,2,1.1111111111111112,10.0,10.0,2907,ln_pr_normalized,0.21987975333476556,0.0032365682551027037,0.0022238318287149264,7.551189285056902e-05,0.7661017169615334,9.195177635388498e-05,300
9,10,2,1.1111111111111112,10.0,11.0,2907,ln_pr_normalized,0.2095782119618999,0.0030135799945689577,0.002018127444240293,6.110510072521208e-05,0.7653852349326566,0.00010197195361833933,300
9,10,2,1.1111111111111112,10.0,12.0,2907,ln_pr_normalized,0.20381037305186447,0.0028903684726546935,0.0019122279416622996,5.611342172056977e-05,0.76466009777909,0.00013651889035365782,300
9,10,2,1.1111111111111112,10.0,13.0,2907,ln_pr_normalized,0.196590160569966,0.002738822043511474,0.0017898325724455333,5.220374734971207e-05,0.7636764277563933,0.0001484610059937793,300
9,10,2,1.1111111111111112,10.0,14.0,2907,ln_pr_normalized,0.18661780174827128,0.0025690107958495838,0.0016282338287190268,3.73386790864395e-05,0.76228832006521,0.00015622720252612496,300
9,10,2,1.1111111111111112,10.0,15.0,2907,ln_pr_normalized,0.18047549823066433,0.002762618729153349,0.00157921012921698,5.0638031122039494e-05,0.7617984241918501,0.00017843457086626102,300
9,11,2,1.2222222222222223,1.0,1.0,2304,ln_pr_normalized,0.8495444194891152,4.8817830271839525e-05,0.31196438283130334,0.00011773124200469637,0.8956736866892167,4.2505619585955926e-05,300
9,11,2,1.2222222222222223,1.0,2.0,2304,ln_pr_normalized,0.8393970495973234,0.0003193047709580642,0.28864750663277666,0.0007020318071787402,0.8902393959857032,0.00011616824804357718,300
9,11,2,1.2222222222222223,1.0,3.0,2304,ln_pr_normalized,0.8152291348598925,0.0011511876168728886,0.24184419102170338,0.0019620836112759265,0.8845500267153066,0.00016043304904117919,300
9,11,2,1.2222222222222223,1.0,4.0,2304,ln_pr_normalized,0.7692170515500097,0.0026821885386761222,0.17711113117254168,0.0030892024093589453,0.87992801690334,0.00018635866017483938,300
9,11,2,1.2222222222222223,1.0,5.0,2304,ln_pr_normalized,0.6871716994834848,0.005220506491125091,0.10903675422831535,0.003636140475116764,0.8758601484103868,0.00018029093838171117,300
9,11,2,1.2222222222222223,1.0,6.0,2304,ln_pr_normalized,0.6080926848536725,0.005714440027144341,0.06400523585548447,0.00292700968402276,0.8732403978752834,0.00016106147863086408,300
9,11,2,1.2222222222222223,1.0,7.0,2304,ln_pr_normalized,0.535140255374842,0.007187533431016969,0.043254410871979336,0.002630531948630485,0.87112387266812,0.00014970405440114287,300
9,11,2,1.2222222222222223,1.0,8.0,2304,ln_pr_normalized,0.4618791870093105,0.007311897350862674,0.025935485815389802,0.001848415552280019,0.8696259083045701,0.00013007008018313656,300
9,11,2,1.2222222222222223,1.0,9.0,2304,ln_pr_normalized,0.4351183354477039,0.00672012609093846,0.0199674053455761,0.0014380521615042687,0.8684760833685399,0.0001306751187249654,300
9,11,2,1.2222222222222223,1.0,10.0,2304,ln_pr_normalized,0.36824852206888525,0.006815682292203374,0.012245177591428598,0.0009806258678054767,0.8673932154608899,0.00012720906943247318,300
9,11,2,1.2222222222222223,1.0,11.0,2304,ln_pr_normalized,0.34520078019187944,0.00697833569291824,0.010618824814816866,0.0009456660200600833,0.86671361337441,0.0001394597950572276,300
9,11,2,1.2222222222222223,1.0,12.0,2304,ln_pr_normalized,0.30987255519689727,0.006308311238272716,0.0076756083180049,0.0007492627890492124,0.8663100086890168,0.00013040909329667413,300
9,11,2,1.2222222222222223,1.0,13.0,2304,ln_pr_normalized,0.2806973465514235,0.006354870401682673,0.0060028112286107235,0.00048346335677067176,0.8657040159031332,0.00011872918547737702,300
9,11,2,1.2222222222222223,1.0,14.0,2304,ln_pr_normalized,0.2621449422670079,0.005822339015193162,0.0048487674572343506,0.0003657893567878452,0.8651522332351533,0.0001265770590101561,300
9,11,2,1.2222222222222223,1.0,15.0,2304,ln_pr_normalized,0.241606246615225,0.005625171091331245,0.004407256618720926,0.0006131891788499229,0.8650769254631833,0.00010181899744273013,300
9,11,2,1.2222222222222223,2.0,1.0,2304,ln_pr_normalized,0.8358414865654642,6.370990056671218e-05,0.28056639964050667,0.00013821287738066207,0.8898258961101533,1.0809045314698055e-05,300
9,11,2,1.2222222222222223,2.0,2.0,2304,ln_pr_normalized,0.8252707558490927,0.00030846715092110394,0.2587285046358466,0.0006130418618462758,0.8883484942909433,4.720706825267392e-05,300
9,11,2,1.2222222222222223,2.0,3.0,2304,ln_pr_normalized,0.8011352338072879,0.0011406263320295706,0.21683557245167734,0.0017895734410566678,0.8854665473683268,0.00011584011206706101,300
9,11,2,1.2222222222222223,2.0,4.0,2304,ln_pr_normalized,0.7541868226707903,0.0025390671055437637,0.15716619889474634,0.0027577759324391607,0.8819168587881366,0.00014513612523202392,300
9,11,2,1.2222222222222223,2.0,5.0,2304,ln_pr_normalized,0.6967609123102221,0.004386106564049168,0.110764991619429,0.0031271993349544754,0.8787073338119967,0.00016685007879297214,300
9,11,2,1.2222222222222223,2.0,6.0,2304,ln_pr_normalized,0.6129404402379586,0.005818708797900032,0.06600557884784797,0.0027901168935362108,0.8757311356854499,0.0001615690980483644,300
9,11,2,1.2222222222222223,2.0,7.0,2304,ln_pr_normalized,0.5392394590582518,0.006094898784252957,0.03940944975711193,0.0020666696814755016,0.8734888852615033,0.00015348820937986392,300
9,11,2,1.2222222222222223,2.0,8.0,2304,ln_pr_normalized,0.48640130506650964,0.006818606679712124,0.028505667506792433,0.0016999112393655826,0.8718678181256367,0.00015326698451579996,300
9,11,2,1.2222222222222223,2.0,9.0,2304,ln_pr_normalized,0.4279242705656767,0.006998108446824729,0.019555229805425563,0.0014196232080702067,0.8703295609889833,0.0001527617031048686,300
9,11,2,1.2222222222222223,2.0,10.0,2304,ln_pr_normalized,0.37889915563977494,0.0066129450307962035,0.013087999468266632,0.0010809018765173613,0.8692195134072468,0.00013230058840591217,300
9,11,2,1.2222222222222223,2.0,11.0,2304,ln_pr_normalized,0.3425170353390543,0.006048012467092172,0.00940977845482275,0.0009266003516938399,0.8685891123018166,0.00012651951082173513,300
9,11,2,1.2222222222222223,2.0,12.0,2304,ln_pr_normalized,0.31622450531290536,0.006680973307241797,0.008197762888730165,0.0007123559350961149,0.8675706686241368,0.00012339931364796936,300
9,11,2,1.2222222222222223,2.0,13.0,2304,ln_pr_normalized,0.28973091023158576,0.006230110844817684,0.006260314724792299,0.00046509410424157245,0.8669282068473901,0.00011306580911032738,300
9,11,2,1.2222222222222223,2.0,14.0,2304,ln_pr_normalized,0.2769577349561242,0.006155837029270957,0.00558201344860789,0.0004392762186532368,0.8667186196254065,0.00011995846744957901,300
9,11,2,1.2222222222222223,2.0,15.0,2304,ln_pr_normalized,0.24325678063416173,0.005100622481880802,0.00371732838575148,0.00019955018414702936,0.8658604298007568,0.00013523520699136303,300
9,11,2,1.2222222222222223,3.0,1.0,2304,ln_pr_normalized,0.8111880300214228,0.00011505076235705509,0.23183259829917333,0.00020607019231835786,0.8851377085832766,1.5303159123577994e-05,300
9,11,2,1.2222222222222223,3.0,2.0,2304,ln_pr_normalized,0.7958374760092581,0.0004316303758417134,0.20616865141516333,0.0006761783471725658,0.88636656798074,2.3768014495251126e-05,300
9,11,2,1.2222222222222223,3.0,3.0,2304,ln_pr_normalized,0.7714227205048113,0.0011163248358758097,0.17220806255569301,0.001402496152091132,0.8861248826813833,4.7109544391900814e-05,300
9,11,2,1.2222222222222223,3.0,4.0,2304,ln_pr_normalized,0.7288171631574091,0.0021088676366864106,0.12722353218120733,0.0019505945922583476,0.8840996455601199,9.628379119675102e-05,300
9,11,2,1.2222222222222223,3.0,5.0,2304,ln_pr_normalized,0.6711815077044463,0.003806437479518222,0.08806187843436167,0.0023006737902677124,0.8814820083706799,0.0001454374157081888,300
9,11,2,1.2222222222222223,3.0,6.0,2304,ln_pr_normalized,0.6152181015123752,0.004795796489271376,0.06089586627746913,0.0019597279056806634,0.8791894830178167,0.00016479134910424528,300
9,11,2,1.2222222222222223,3.0,7.0,2304,ln_pr_normalized,0.5468903908453177,0.0057427430057706485,0.03995885152444667,0.001815525954736306,0.8768703036479133,0.00017174419059141598,300
9,11,2,1.2222222222222223,3.0,8.0,2304,ln_pr_normalized,0.48061986889874464,0.005911728705892342,0.024597354411911868,0.0012484813943372055,0.8747679603165701,0.00016056607926825348,300
9,11,2,1.2222222222222223,3.0,9.0,2304,ln_pr_normalized,0.4366860965264105,0.0069820868230606615,0.0198377603143685,0.0012094287555992308,0.87307658714145,0.00017489579546676052,300
9,11,2,1.2222222222222223,3.0,10.0,2304,ln_pr_normalized,0.3946482509019741,0.006405507172474432,0.013882284645135367,0.0009267238756322805,0.8720231427816266,0.00015653249333703358,300
9,11,2,1.2222222222222223,3.0,11.0,2304,ln_pr_normalized,0.3558285747227495,0.0065758774608516745,0.010644967598778997,0.0008148270308315303,0.8708048879664132,0.00017100013680624115,300
9,11,2,1.2222222222222223,3.0,12.0,2304,ln_pr_normalized,0.31946342751839407,0.006284850993282803,0.008089047428269797,0.0006691878922696417,0.8698521200340099,0.00015293842402511881,300
9,11,2,1.2222222222222223,3.0,13.0,2304,ln_pr_normalized,0.2910030755077148,0.0052624242227623085,0.005491753488308816,0.00034896015249333067,0.8686465625919332,0.00015346928109889797,300
9,11,2,1.2222222222222223,3.0,14.0,2304,ln_pr_normalized,0.2683947620753916,0.005634740329405435,0.005110723570971933,0.0004554675721035631,0.8682564238328266,0.00015313448792481308,300
9,11,2,1.2222222222222223,3.0,15.0,2304,ln_pr_normalized,0.24889438269559672,0.00502562330231724,0.004046010771212057,0.00039670828801925597,0.86769166340626,0.00013284539592747817,300
9,11,2,1.2222222222222223,4.0,1.0,2304,ln_pr_normalized,0.7833604625318338,0.000167464847506182,0.18692281584651332,0.00024175847573766615,0.8823146986035967,3.399551139874852e-05,300
9,11,2,1.2222222222222223,4.0,2.0,2304,ln_pr_normalized,0.7583799296658852,0.0007016949719584012,0.15468759384908334,0.000830649550820178,0.8850190766120499,4.956994250876193e-05,300
9,11,2,1.2222222222222223,4.0,3.0,2304,ln_pr_normalized,0.7217988161349066,0.0014075793073448294,0.11804693383824964,0.0012456418393833487,0.8863671884988332,3.7392545257105306e-05,300
9,11,2,1.2222222222222223,4.0,4.0,2304,ln_pr_normalized,0.6790977996680344,0.0022526587198957513,0.08709148111473666,0.0014610614747613832,0.8858877725736033,6.536868707312095e-05,300
9,11,2,1.2222222222222223,4.0,5.0,2304,ln_pr_normalized,0.6259176825611471,0.0029582388385001285,0.05955596940402367,0.0013272036911705684,0.8841678896935302,0.00010752282400867037,300
9,11,2,1.2222222222222223,4.0,6.0,2304,ln_pr_normalized,0.572671703321455,0.004150997109916328,0.042373600824842095,0.001359572039697631,0.88221877649192,0.00014498664070132446,300
9,11,2,1.2222222222222223,4.0,7.0,2304,ln_pr_normalized,0.5204834865943877,0.004582654709224189,0.02939486679895347,0.0010776694417412055,0.8800326648824066,0.00016546360227473684,300
9,11,2,1.2222222222222223,4.0,8.0,2304,ln_pr_normalized,0.4707394248702305,0.005273242309663513,0.0213139903193197,0.0009364161731085592,0.8779310419658066,0.00018706704940506447,300
9,11,2,1.2222222222222223,4.0,9.0,2304,ln_pr_normalized,0.4298035924597212,0.005638355598620087,0.0162457035962124,0.0008243929044090478,0.8763245836031033,0.0001847061586076216,300
9,11,2,1.2222222222222223,4.0,10.0,2304,ln_pr_normalized,0.3831972024196151,0.005760810504813286,0.011580507827503033,0.000628613944592148,0.8749426381987166,0.00018018303113015446,300
9,11,2,1.2222222222222223,4.0,11.0,2304,ln_pr_normalized,0.34969826229707074,0.005807316167623124,0.009088715134606368,0.0005287150399377685,0.8734898661827201,0.0002030502849703046,300
9,11,2,1.2222222222222223,4.0,12.0,2304,ln_pr_normalized,0.30733634222750417,0.005138077442508999,0.0062288922118063994,0.0003812535620746197,0.8720598201733465,0.00015853332038431783,300
9,11,2,1.2222222222222223,4.0,13.0,2304,ln_pr_normalized,0.2946912843990369,0.0050941230458525074,0.0054918867138157995,0.0002840535883397522,0.8714358319543934,0.00016616272205722746,300
9,11,2,1.2222222222222223,4.0,14.0,2304,ln_pr_normalized,0.26701242738214837,0.005362598466348717,0.00470855096021317,0.00029844403037357933,0.8705812900071768,0.00016510913576912422,300
9,11,2,1.2222222222222223,4.0,15.0,2304,ln_pr_normalized,0.2534195344438525,0.004740724960420135,0.0039277907667752375,0.00022053514064033133,0.8696026635719033,0.00016350897385451765,300
9,11,2,1.2222222222222223,5.0,1.0,2304,ln_pr_normalized,0.7601922928021649,0.0002757800543600837,0.15629528359273998,0.0003322381061362407,0.8814077563059701,3.8765019902441124e-05,300
9,11,2,1.2222222222222223,5.0,2.0,2304,ln_pr_normalized,0.7248881819956061,0.0010376818646861434,0.11997132749628965,0.0009476240063289708,0.8844055037345167,5.891641245141945e-05,300
9,11,2,1.2222222222222223,5.0,3.0,2304,ln_pr_normalized,0.6693054702996662,0.001912355459305862,0.07983836660650834,0.0011879330969476899,0.88643892041049,4.9634110943097414e-05,300
9,11,2,1.2222222222222223,5.0,4.0,2304,ln_pr_normalized,0.6084654786941288,0.0025420925612381117,0.05117600604619033,0.001070230648882251,0.8869517303968799,4.738151859169207e-05,300
9,11,2,1.2222222222222223,5.0,5.0,2304,ln_pr_normalized,0.5658992156211832,0.0032632770905583024,0.038252674768068665,0.0010326792726979856,0.8863581720650533,7.139880904675476e-05,300
9,11,2,1.2222222222222223,5.0,6.0,2304,ln_pr_normalized,0.51667754894097,0.0034271151566560034,0.0264657473834937,0.0007899986865599937,0.8844998690117266,0.00012040403299644963,300
9,11,2,1.2222222222222223,5.0,7.0,2304,ln_pr_normalized,0.48330827624645795,0.00377713298328264,0.020752492997393533,0.0006179274444180171,0.8831076756826967,0.00015234053692506774,300
9,11,2,1.2222222222222223,5.0,8.0,2304,ln_pr_normalized,0.4412187690676527,0.004106023122055777,0.0153865997995104,0.0005209269970580378,0.8812271801154669,0.00017305837905629403,300
9,11,2,1.2222222222222223,5.0,9.0,2304,ln_pr_normalized,0.38930228703330266,0.004718093882028681,0.0111252091007197,0.0005843001468680719,0.8789715857991034,0.00018268308914119315,300
9,11,2,1.2222222222222223,5.0,10.0,2304,ln_pr_normalized,0.3622434757417729,0.004508310691210244,0.008727148498122268,0.0003838339864793355,0.8777272414812599,0.0001925746193579065,300
9,11,2,1.2222222222222223,5.0,11.0,2304,ln_pr_normalized,0.32860744631101146,0.004303950186936248,0.0066303633155040675,0.00027376603047756025,0.8760654395072133,0.0001871688975375223,300
9,11,2,1.2222222222222223,5.0,12.0,2304,ln_pr_normalized,0.3027018367208281,0.004435399665104156,0.005529499060305843,0.0002617915545262125,0.8745626474828699,0.00018365913754986467,300
9,11,2,1.2222222222222223,5.0,13.0,2304,ln_pr_normalized,0.28488015492099505,0.004596036953679204,0.004890600877892867,0.00026709309678390417,0.87371179061769,0.00017197195979602034,300
9,11,2,1.2222222222222223,5.0,14.0,2304,ln_pr_normalized,0.2609291926122692,0.00413795203531995,0.0038553025023761005,0.00014606422806976956,0.8727687973770097,0.00018144514486361028,300
9,11,2,1.2222222222222223,5.0,15.0,2304,ln_pr_normalized,0.23964349716204153,0.0040189638953732195,0.00325005545563563,0.000122513138287745,0.8717736948651565,0.00018175849621507748,300
9,11,2,1.2222222222222223,6.0,1.0,2304,ln_pr_normalized,0.7461253148863417,0.0003091633451529584,0.14019144371669665,0.0003339119955767911,0.8827096263246366,1.1789461483693424e-05,300
9,11,2,1.2222222222222223,6.0,2.0,2304,ln_pr_normalized,0.6957385837526546,0.0013626464165710003,0.096391070597335,0.0009972972646305129,0.8845841630170234,4.768932651505538e-05,300
9,11,2,1.2222222222222223,6.0,3.0,2304,ln_pr_normalized,0.6230340660069469,0.002642881162993784,0.05749013784904867,0.0011939424038065703,0.8865158237942368,5.763235646459065e-05,300
9,11,2,1.2222222222222223,6.0,4.0,2304,ln_pr_normalized,0.5622019033916426,0.003073420869809853,0.036781671972845,0.0009318551237532311,0.8875425553766367,4.459698048764323e-05,300
9,11,2,1.2222222222222223,6.0,5.0,2304,ln_pr_normalized,0.49985561337376844,0.003411192000123401,0.023334514574511234,0.0007618595245003942,0.8876152005866201,5.9327574243347856e-05,300
9,11,2,1.2222222222222223,6.0,6.0,2304,ln_pr_normalized,0.4584753128636756,0.003930917651640388,0.017566442233979396,0.0006657024068506876,0.8866725257953033,9.73089092622927e-05,300
9,11,2,1.2222222222222223,6.0,7.0,2304,ln_pr_normalized,0.4264893082002542,0.0036278098786261363,0.013393358154280367,0.00045712297936735725,0.8854845864699602,0.0001366491919474429,300
9,11,2,1.2222222222222223,6.0,8.0,2304,ln_pr_normalized,0.39257694497902673,0.0033295026901547908,0.010049866499636767,0.0002805041837450441,0.8836869241423834,0.0001678597759744502,300
9,11,2,1.2222222222222223,6.0,9.0,2304,ln_pr_normalized,0.368306620775879,0.003475705000426845,0.008470746530188599,0.0003000635934131725,0.8821109205656533,0.00017867835136660564,300
9,11,2,1.2222222222222223,6.0,10.0,2304,ln_pr_normalized,0.33365180298536073,0.0037273654187882886,0.0065607563392322,0.00021921147997165462,0.8801074566264936,0.00019110131772996183,300
9,11,2,1.2222222222222223,6.0,11.0,2304,ln_pr_normalized,0.30598023595191975,0.003986121232880407,0.0054353646836485005,0.00021658890499561359,0.8788044688549567,0.00019619934581206492,300
9,11,2,1.2222222222222223,6.0,12.0,2304,ln_pr_normalized,0.2896972974779141,0.003729512263737724,0.004664311124054167,0.00015993200023483158,0.8772205498815534,0.00018742223075685508,300
9,11,2,1.2222222222222223,6.0,13.0,2304,ln_pr_normalized,0.2692034285828599,0.003851313306800693,0.004015329178608367,0.0001387558064733475,0.87601023633146,0.00020825539936502363,300
9,11,2,1.2222222222222223,6.0,14.0,2304,ln_pr_normalized,0.24815439964292413,0.0036351625352534158,0.0033716496307618837,0.00011518978388304948,0.8746149342910368,0.00018264618005643738,300
9,11,2,1.2222222222222223,6.0,15.0,2304,ln_pr_normalized,0.2324296553026514,0.003828758136946038,0.0030253138186070003,0.00010831102137882803,0.87375087065762,0.00018822650982378125,300
9,11,2,1.2222222222222223,7.0,1.0,2304,ln_pr_normalized,0.7362923899968852,0.0003643155199477754,0.12995775330412335,0.0003644202137895784,0.8854208972336434,1.765530161660176e-05,300
9,11,2,1.2222222222222223,7.0,2.0,2304,ln_pr_normalized,0.6843824713990821,0.0015077858403206954,0.08856092041082567,0.000982836652509045,0.8851316723193734,2.6680041855541286e-05,300
9,11,2,1.2222222222222223,7.0,3.0,2304,ln_pr_normalized,0.594828750934726,0.003083710392847026,0.04715142950625167,0.0011072269112919737,0.88669588640403,4.9893625177180456e-05,300
9,11,2,1.2222222222222223,7.0,4.0,2304,ln_pr_normalized,0.516394420361132,0.0037298589968868742,0.026906128903841604,0.0008528697771113032,0.887939965186807,4.82296301520219e-05,300
9,11,2,1.2222222222222223,7.0,5.0,2304,ln_pr_normalized,0.4494794371426637,0.0038505622018699392,0.016373747462940735,0.0006295684833134731,0.8884240606954101,4.954975541100217e-05,300
9,11,2,1.2222222222222223,7.0,6.0,2304,ln_pr_normalized,0.40355640955524197,0.0035928783028517106,0.0112183441686511,0.0003886023056540349,0.8881085419398067,6.910534964853362e-05,300
9,11,2,1.2222222222222223,7.0,7.0,2304,ln_pr_normalized,0.3732780389613663,0.0035694907606369105,0.0088877182585833,0.00032844748189240634,0.8870994968903134,0.00010352833383750826,300
9,11,2,1.2222222222222223,7.0,8.0,2304,ln_pr_normalized,0.34226907614389696,0.003317319355991135,0.006844311559335233,0.00021302172219480592,0.88573399595253,0.00014689838180042194,300
9,11,2,1.2222222222222223,7.0,9.0,2304,ln_pr_normalized,0.32661434679843315,0.0031554955320061222,0.0059787997315625336,0.000163744469965681,0.8841919435500101,0.0001708537693429256,300
9,11,2,1.2222222222222223,7.0,10.0,2304,ln_pr_normalized,0.30818180426033126,0.0032453903482317454,0.0052075044152685,0.00014706426407665337,0.8824371063004167,0.00020285477595201852,300
9,11,2,1.2222222222222223,7.0,11.0,2304,ln_pr_normalized,0.292881573517,0.0033229384208990805,0.0046869238685065,0.00016669595258745866,0.88135733608583,0.00020736237970873328,300
9,11,2,1.2222222222222223,7.0,12.0,2304,ln_pr_normalized,0.27371972211175516,0.003231763719615431,0.003989552526105067,0.00011392843754581562,0.8798287873839566,0.00020582566519856027,300
9,11,2,1.2222222222222223,7.0,13.0,2304,ln_pr_normalized,0.25714433447667745,0.003500638190103902,0.0035811453628928334,0.00011658940954837273,0.8785972135180367,0.0002200195821047749,300
9,11,2,1.2222222222222223,7.0,14.0,2304,ln_pr_normalized,0.24116831894193203,0.0032788788103102805,0.003121305952616667,9.714516128938814e-05,0.87699953891575,0.0001819242408406185,300
9,11,2,1.2222222222222223,7.0,15.0,2304,ln_pr_normalized,0.2279890896420026,0.003371684477423576,0.002821609239917157,8.357571620191593e-05,0.8761942830018734,0.0002062445629222003,300
9,11,2,1.2222222222222223,8.0,1.0,2304,ln_pr_normalized,0.7299241900718034,0.0004110418250875869,0.12374467884323001,0.0003888004676879118,0.8873017765756367,9.986800226826042e-06,300
9,11,2,1.2222222222222223,8.0,2.0,2304,ln_pr_normalized,0.6732475908347612,0.0016028687226767157,0.08143792370297899,0.0009494837058682764,0.88627115561268,1.8991169490425826e-05,300
9,11,2,1.2222222222222223,8.0,3.0,2304,ln_pr_normalized,0.5827095679358303,0.0033923871688861756,0.04376200298854567,0.0011605872668162028,0.8869457403423201,4.0901280951979455e-05,300
9,11,2,1.2222222222222223,8.0,4.0,2304,ln_pr_normalized,0.4828476008686486,0.004128392349230698,0.02141337379226067,0.0007697030379459582,0.8882907730590599,4.997847756047517e-05,300
9,11,2,1.2222222222222223,8.0,5.0,2304,ln_pr_normalized,0.4209977275286603,0.004100023154095219,0.013383275043210532,0.0005389036662836305,0.8888842673334466,4.645748715372041e-05,300
9,11,2,1.2222222222222223,8.0,6.0,2304,ln_pr_normalized,0.37046216971975776,0.004012799617159699,0.009013963462292366,0.00037663856241211107,0.8889961487637368,6.125907245826652e-05,300
9,11,2,1.2222222222222223,8.0,7.0,2304,ln_pr_normalized,0.3320982112480331,0.0034846819885273684,0.006382700621300234,0.00020102243389554908,0.8884409512910133,8.795986032394189e-05,300
9,11,2,1.2222222222222223,8.0,8.0,2304,ln_pr_normalized,0.31643819363640646,0.0036967737295241178,0.0057346631678229,0.0001926511349307569,0.8876113116584334,0.0001187296989979433,300
9,11,2,1.2222222222222223,8.0,9.0,2304,ln_pr_normalized,0.29395590119433196,0.0034905807388080556,0.0047638337797967,0.00015559106545598678,0.8859570346091035,0.000155870719429861,300
9,11,2,1.2222222222222223,8.0,10.0,2304,ln_pr_normalized,0.2731842983610984,0.003166895145281045,0.003976267778701967,0.00012125624304414895,0.8845396049488301,0.00016730369955716805,300
9,11,2,1.2222222222222223,8.0,11.0,2304,ln_pr_normalized,0.2689367697998148,0.0026983922151191378,0.003725327729631033,8.442185128919851e-05,0.8834908576900601,0.00019072764676131125,300
9,11,2,1.2222222222222223,8.0,12.0,2304,ln_pr_normalized,0.24752727197215896,0.0026439696683680128,0.0031457785512597003,6.906631036018169e-05,0.8815227442890599,0.00018814765998306681,300
9,11,2,1.2222222222222223,8.0,13.0,2304,ln_pr_normalized,0.24151383666812667,0.00301871079364323,0.003066842150485667,7.979264282806072e-05,0.8802844593372201,0.00020446395697465243,300
9,11,2,1.2222222222222223,8.0,14.0,2304,ln_pr_normalized,0.22219243191429622,0.002827280190595363,0.0026188199484820664,6.656275199233853e-05,0.8789563491499767,0.00021160366584212,300
9,11,2,1.2222222222222223,8.0,15.0,2304,ln_pr_normalized,0.2161154150505622,0.003191145371805274,0.002552471492657384,7.498066784101567e-05,0.8785028051645732,0.00020798506091471993,300
9,11,2,1.2222222222222223,9.0,1.0,2304,ln_pr_normalized,0.7231507769194403,0.0003979530593045177,0.11741226556867,0.00035996844063871676,0.88821756901914,3.6314697507855435e-06,300
9,11,2,1.2222222222222223,9.0,2.0,2304,ln_pr_normalized,0.6678139270295501,0.0016553466180502427,0.07822362036748466,0.0009622560611409066,0.8874498930715569,2.1503282548615815e-05,300
9,11,2,1.2222222222222223,9.0,3.0,2304,ln_pr_normalized,0.5666651792812765,0.003564800989737211,0.038914665554009034,0.0010443445790894624,0.8873860178378834,3.0805652136921694e-05,300
9,11,2,1.2222222222222223,9.0,4.0,2304,ln_pr_normalized,0.47649513542159466,0.004488423893485916,0.020759267201258834,0.0007364822260073589,0.8882856512561167,4.770775918458759e-05,300
9,11,2,1.2222222222222223,9.0,5.0,2304,ln_pr_normalized,0.3983769234500444,0.004387957941960264,0.011688856671351399,0.0006214248012270548,0.8891554280996633,4.7390603695507184e-05,300
9,11,2,1.2222222222222223,9.0,6.0,2304,ln_pr_normalized,0.3498069983932512,0.004285230885205325,0.0078584876762372,0.00034612372722038254,0.8894115676998698,5.155682873874527e-05,300
9,11,2,1.2222222222222223,9.0,7.0,2304,ln_pr_normalized,0.3074587475815459,0.0032814083410695532,0.0052166436520407,0.00016463110797182125,0.8892498963470533,6.046028972384938e-05,300
9,11,2,1.2222222222222223,9.0,8.0,2304,ln_pr_normalized,0.279812903072937,0.003871667364812366,0.004525933656431967,0.00025519781815045475,0.8884242315426734,0.00010033284470478008,300
9,11,2,1.2222222222222223,9.0,9.0,2304,ln_pr_normalized,0.26279935043408786,0.0031490517378478275,0.003666385354612,0.0001139448388232454,0.8876677210883732,0.00012767382688723343,300
9,11,2,1.2222222222222223,9.0,10.0,2304,ln_pr_normalized,0.24997472002438437,0.0027781077270145806,0.00325047435862,8.974152447030256e-05,0.88629661501469,0.0001630962534662643,300
9,11,2,1.2222222222222223,9.0,11.0,2304,ln_pr_normalized,0.2418470955412255,0.003073761545234125,0.0030981905485854997,8.969705575144981e-05,0.8847487546635868,0.0001784352672022198,300
9,11,2,1.2222222222222223,9.0,12.0,2304,ln_pr_normalized,0.231761830208732,0.002750738502019887,0.0028200151227455667,8.144478110110123e-05,0.8836944961493667,0.00018313935054523167,300
9,11,2,1.2222222222222223,9.0,13.0,2304,ln_pr_normalized,0.22133145220243597,0.0027150805553350465,0.0025895536939623334,6.509222698490417e-05,0.8825571122169966,0.00020655537180124884,300
9,11,2,1.2222222222222223,9.0,14.0,2304,ln_pr_normalized,0.20931824209842612,0.0026328219512028648,0.0023454847393962665,5.478625025376377e-05,0.8809105368558334,0.0001952741525673671,300
9,11,2,1.2222222222222223,9.0,15.0,2304,ln_pr_normalized,0.20084704071333154,0.0028767827714395885,0.00223257460384879,6.31669056959093e-05,0.8799598006120533,0.00020952671530657412,300
9,11,2,1.2222222222222223,10.0,1.0,2304,ln_pr_normalized,0.7165906806766518,0.0004233733118530491,0.11161783262488068,0.00036210615869820275,0.8883669429397798,2.872488764221299e-07,300
9,11,2,1.2222222222222223,10.0,2.0,2304,ln_pr_normalized,0.6581905857578293,0.0016771146673742864,0.07264867636859433,0.000903771502219604,0.8881578480345634,1.2611514327419633e-05,300
9,11,2,1.2222222222222223,10.0,3.0,2304,ln_pr_normalized,0.5619621684560097,0.00371038645491817,0.03778796223680007,0.0010273381008488601,0.8878754622946966,2.2330270971871966e-05,300
9,11,2,1.2222222222222223,10.0,4.0,2304,ln_pr_normalized,0.45629359625401616,0.004600713986533377,0.018221879779584,0.0007825812524759166,0.8885747421200101,4.415749274291599e-05,300
9,11,2,1.2222222222222223,10.0,5.0,2304,ln_pr_normalized,0.3933320667078693,0.004695821048394222,0.011344928704591134,0.0005056467979459544,0.8892845477012898,5.260424362718283e-05,300
9,11,2,1.2222222222222223,10.0,6.0,2304,ln_pr_normalized,0.3364365535826627,0.004119221031659328,0.0069965708893527665,0.00030643503075222263,0.8897540899407833,4.467965486276324e-05,300
9,11,2,1.2222222222222223,10.0,7.0,2304,ln_pr_normalized,0.29991100254405534,0.0038625600601515315,0.005188445768042233,0.0002353444575230707,0.8898477213214668,5.476402688296998e-05,300
9,11,2,1.2222222222222223,10.0,8.0,2304,ln_pr_normalized,0.26901001629409355,0.0036043623176037097,0.003975764055769868,0.0001490524480971498,0.8894842548883499,7.320797966156672e-05,300
9,11,2,1.2222222222222223,10.0,9.0,2304,ln_pr_normalized,0.2415850244474089,0.0033359375587713774,0.0031510557773741436,0.00010458978276509883,0.8886032132725233,0.00010331018029652647,300
9,11,2,1.2222222222222223,10.0,10.0,2304,ln_pr_normalized,0.2311977408070904,0.0032706656596519753,0.0029166627409886337,0.00011326079197156467,0.8876096643927701,0.00013737748768075287,300
9,11,2,1.2222222222222223,10.0,11.0,2304,ln_pr_normalized,0.21953869223760483,0.002877248148103445,0.0025677767518758,6.363613390460842e-05,0.8867511530345333,0.00015424229152156174,300
9,11,2,1.2222222222222223,10.0,12.0,2304,ln_pr_normalized,0.21552155753659188,0.002967762667627325,0.0025102015732073667,6.865075420769063e-05,0.8856651209915132,0.00018297281900672517,300
9,11,2,1.2222222222222223,10.0,13.0,2304,ln_pr_normalized,0.1999794345822431,0.0026850235756280686,0.0021881330953014335,5.2804568594962513e-05,0.8841970285862835,0.00019593558260899962,300
9,11,2,1.2222222222222223,10.0,14.0,2304,ln_pr_normalized,0.19544557359734596,0.0027054756397342328,0.00211475803640144,5.0854171212991685e-05,0.8826871217671434,0.00019782186285335055,300
9,11,2,1.2222222222222223,10.0,15.0,2304,ln_pr_normalized,0.1910136142264714,0.0025800616439207564,0.002026690825247483,4.447322822871632e-05,0.8816704063328734,0.00019628070392039288,300
