L,N,nmax,filling,U,W,dim,observable,entropy_mean,entropy_stderr,pr_normalized_mean,pr_normalized_stderr,onsite_pair_density_mean,onsite_pair_density_stderr,n_realizations
7,5,3,0.7142857142857143,1.0,1.0,413,fock_entropy_normalized,0.8628381360525139,8.66756303615124e-05,0.28678910706914407,0.00022390157831502695,0.572608754809424,7.372632275644579e-05,500
7,5,3,0.7142857142857143,1.0,2.0,413,fock_entropy_normalized,0.847038567869958,0.0005613327761949485,0.252935863096794,0.0010711932697418977,0.564495809552194,0.0002695158952930448,500
7,5,3,0.7142857142857143,1.0,3.0,413,fock_entropy_normalized,0.80644509938984,0.0017222674210780995,0.1924963284793896,0.0021618725535796903,0.553594707048804,0.0004747636979447942,500
7,5,3,0.7142857142857143,1.0,4.0,413,fock_entropy_normalized,0.738269549386588,0.003344476254922915,0.1316949689297816,0.0026673306771563703,0.5435264008908719,0.0005835658313393048,500
7,5,3,0.7142857142857143,1.0,5.0,413,fock_entropy_normalized,0.677081003487792,0.004020330469609492,0.0934668131999052,0.0023530263026064146,0.536583935891894,0.0006071398369443919,500
7,5,3,0.7142857142857143,1.0,6.0,413,fock_entropy_normalized,0.598713065425866,0.004596524854507742,0.060820384458389797,0.0018864480690589443,0.5298179767222959,0.0006113658113880398,500
7,5,3,0.7142857142857143,1.0,7.0,413,fock_entropy_normalized,0.551317664062438,0.0049917750852337675,0.047461845422035125,0.0015654557438444484,0.5254099886470799,0.000571114540631634,500
7,5,3,0.7142857142857143,1.0,8.0,413,fock_entropy_normalized,0.5050140991149781,0.005607041978713587,0.039565178431498975,0.0016609589750002148,0.52284694996272,0.0005951235522573681,500
7,5,3,0.7142857142857143,1.0,9.0,413,fock_entropy_normalized,0.44603214269811997,0.005412307019316065,0.0280024954136247,0.0012169844577394689,0.5189455193939959,0.0005583752658209863,500
7,5,3,0.7142857142857143,1.0,10.0,413,fock_entropy_normalized,0.407175747952716,0.005213311355056432,0.02173245618667672,0.0008741285012761822,0.5186492333811739,0.0005440948808912452,500
7,5,3,0.7142857142857143,1.0,11.0,413,fock_entropy_normalized,0.38291547359528405,0.005286490262721188,0.0197222388407097,0.0009485499081908034,0.51747013010619,0.0005935855477438492,500
7,5,3,0.7142857142857143,1.0,12.0,413,fock_entropy_normalized,0.347170895382994,0.004833601019183664,0.015256425342936121,0.0005252005729230215,0.515870291026046,0.000547098068849246,500
7,5,3,0.7142857142857143,1.0,13.0,413,fock_entropy_normalized,0.33513547592957194,0.00550129838847838,0.015333561247032999,0.0006872909466353918,0.515883790850064,0.0006051961365611549,500
7,5,3,0.7142857142857143,1.0,14.0,413,fock_entropy_normalized,0.30747776999460574,0.004631277057136882,0.012259623061290281,0.0004322955619562357,0.51492412798423,0.0005720979076006355,500
7,5,3,0.7142857142857143,1.0,15.0,413,fock_entropy_normalized,0.2915773254812674,0.00444844659929536,0.01109544121493228,0.0003577645031692738,0.51338901456192,0.0005497208022330569,500
7,5,3,0.7142857142857143,2.0,1.0,413,fock_entropy_normalized,0.803836956032044,0.00019540772341895192,0.17593344199652802,0.0002505692155516908,0.556781932007776,4.533544462388516e-05,500
7,5,3,0.7142857142857143,2.0,2.0,413,fock_entropy_normalized,0.783817716170666,0.0005098788006549741,0.152982983450992,0.0005421116570611395,0.558400274859782,0.00011928931209580119,500
7,5,3,0.7142857142857143,2.0,3.0,413,fock_entropy_normalized,0.748771666568402,0.0014082137375094283,0.12311353326119082,0.0010216161632002972,0.55776415138872,0.00028945587459040773,500
7,5,3,0.7142857142857143,2.0,4.0,413,fock_entropy_normalized,0.698049518570538,0.002635573900906784,0.0938664217121746,0.0013566144037578255,0.5527683650152939,0.0005033626560810778,500
7,5,3,0.7142857142857143,2.0,5.0,413,fock_entropy_normalized,0.636872772799926,0.0032752776302917316,0.0674593310224432,0.0012659298389694497,0.54700710773546,0.0006167835194953369,500
7,5,3,0.7142857142857143,2.0,6.0,413,fock_entropy_normalized,0.573819174230786,0.0038726954990575347,0.048540013357164596,0.001132433522137936,0.540659238736278,0.000678482589539835,500
7,5,3,0.7142857142857143,2.0,7.0,413,fock_entropy_normalized,0.534293429279916,0.004307010137616252,0.0400338424280962,0.0010098506936971807,0.537835720535834,0.0007582082856280086,500
7,5,3,0.7142857142857143,2.0,8.0,413,fock_entropy_normalized,0.48097552750432404,0.004265504525550653,0.02989370259543144,0.0008317044238985814,0.5314603912696579,0.0006938097302440696,500
7,5,3,0.7142857142857143,2.0,9.0,413,fock_entropy_normalized,0.439634895790842,0.004819988896632889,0.024842916764343997,0.0007847502462618793,0.529386449142832,0.0007345750656653631,500
7,5,3,0.7142857142857143,2.0,10.0,413,fock_entropy_normalized,0.404996401179214,0.004596226084492501,0.02023634014711336,0.0006078016619626682,0.5256198275097479,0.0006599482500753166,500
7,5,3,0.7142857142857143,2.0,11.0,413,fock_entropy_normalized,0.372398666800702,0.0042465141726441185,0.016772161579993557,0.0005493194289193377,0.523129998140926,0.0006926122459450469,500
7,5,3,0.7142857142857143,2.0,12.0,413,fock_entropy_normalized,0.34851566844003,0.00444728469423607,0.01491406920987458,0.0004788356201995766,0.522651093954508,0.0006984698479150961,500
7,5,3,0.7142857142857143,2.0,13.0,413,fock_entropy_normalized,0.32834347127638397,0.004428392956216859,0.013283395641741559,0.00037631162523960374,0.5206069307355801,0.0006688297439430407,500
7,5,3,0.7142857142857143,2.0,14.0,413,fock_entropy_normalized,0.313189169841202,0.004524380314200272,0.01255577256273136,0.0004052332851444128,0.51842589554268,0.000720913430178629,500
7,5,3,0.7142857142857143,2.0,15.0,413,fock_entropy_normalized,0.291761684464182,0.004096754910716913,0.01096548782212038,0.00035351962773599887,0.5165854168829419,0.0006179417807750627,500
7,5,3,0.7142857142857143,3.0,1.0,413,fock_entropy_normalized,0.71340422522458,0.00035562930395364583,0.09895705306923981,0.000229574505960227,0.5510545230307801,3.750154876543406e-05,500
7,5,3,0.7142857142857143,3.0,2.0,413,fock_entropy_normalized,0.6807727522994059,0.0008104775757500017,0.0813170390871354,0.00038840494247228285,0.5525645172785421,9.97856606365096e-05,500
7,5,3,0.7142857142857143,3.0,3.0,413,fock_entropy_normalized,0.6414459691466721,0.0012534504436203233,0.06431987911521139,0.0005006563953908517,0.55614771263255,0.0001790632176188379,500
7,5,3,0.7142857142857143,3.0,4.0,413,fock_entropy_normalized,0.604532202465346,0.0017530754089461029,0.052148115147590206,0.0005541427460603173,0.5575905550718601,0.0003035890403534588,500
7,5,3,0.7142857142857143,3.0,5.0,413,fock_entropy_normalized,0.562918413162976,0.0024849447763730967,0.0419543692197564,0.0005996080543978038,0.5547221754761,0.00048338107679026204,500
7,5,3,0.7142857142857143,3.0,6.0,413,fock_entropy_normalized,0.5194089954753861,0.002925652746965902,0.03352363505065656,0.0005628528467289331,0.5510703764349819,0.0006374707958784972,500
7,5,3,0.7142857142857143,3.0,7.0,413,fock_entropy_normalized,0.475245222643656,0.0032504562286567325,0.02680210032495508,0.0004931334518657092,0.547200772029444,0.0007043465758413498,500
7,5,3,0.7142857142857143,3.0,8.0,413,fock_entropy_normalized,0.440216468899102,0.0034180160088958036,0.0225116822046055,0.00045537628162872475,0.543489875847042,0.0008167742353797526,500
7,5,3,0.7142857142857143,3.0,9.0,413,fock_entropy_normalized,0.405524095191446,0.003403565489927029,0.01884052045886718,0.0003941455900907618,0.538161795047278,0.0008041343325765855,500
7,5,3,0.7142857142857143,3.0,10.0,413,fock_entropy_normalized,0.38219770475533604,0.0034939803223433172,0.016654253261245783,0.0003386253084839712,0.534093618313812,0.0008149235616643818,500
7,5,3,0.7142857142857143,3.0,11.0,413,fock_entropy_normalized,0.354352106571348,0.003567229377257835,0.01449384964731482,0.00032012025782894707,0.5322992257317359,0.0008176650968124502,500
7,5,3,0.7142857142857143,3.0,12.0,413,fock_entropy_normalized,0.33000447400309796,0.0035933457382535767,0.01278908840957704,0.00028236788109765214,0.528455905628088,0.0008238666638182945,500
7,5,3,0.7142857142857143,3.0,13.0,413,fock_entropy_normalized,0.311843041117928,0.0034577186117905816,0.01153679756408676,0.00024406432814430592,0.5275788953849639,0.0007834955978841399,500
7,5,3,0.7142857142857143,3.0,14.0,413,fock_entropy_normalized,0.294903687599808,0.0034948802696048967,0.01067655016964936,0.00024884123068313435,0.5246409123128081,0.0008223544335196498,500
7,5,3,0.7142857142857143,3.0,15.0,413,fock_entropy_normalized,0.28043476408556617,0.0034205315897158093,0.009808164768786837,0.00019864975694207568,0.5224321428854319,0.0007216067494243189,500
7,5,3,0.7142857142857143,4.0,1.0,413,fock_entropy_normalized,0.6438093112257081,0.0006739380769904677,0.07055325062812659,0.00029458438987137105,0.550870228069268,9.24347387221814e-06,500
7,5,3,0.7142857142857143,4.0,2.0,413,fock_entropy_normalized,0.587157688621644,0.0012213867128139952,0.049605250394522994,0.0003852481598023324,0.5508499743745661,6.64309139553008e-05,500
7,5,3,0.7142857142857143,4.0,3.0,413,fock_entropy_normalized,0.542153887621552,0.0015742571935672023,0.0376925593287228,0.0003937678956924718,0.553361596953388,0.00013992748541534895,500
7,5,3,0.7142857142857143,4.0,4.0,413,fock_entropy_normalized,0.5059469200159521,0.0016768488289275521,0.0304582059880448,0.000336567476649881,0.556550383733742,0.0002067789901435217,500
7,5,3,0.7142857142857143,4.0,5.0,413,fock_entropy_normalized,0.47505415612775004,0.0017775970640052656,0.0254951321267784,0.00029000240145102355,0.557960680921746,0.00027096771926810883,500
7,5,3,0.7142857142857143,4.0,6.0,413,fock_entropy_normalized,0.44885369837587397,0.00209879430528789,0.0224192159457552,0.0002972737607262879,0.5567889790474141,0.0004198608187359114,500
7,5,3,0.7142857142857143,4.0,7.0,413,fock_entropy_normalized,0.42034876614823796,0.0023794883454871063,0.019358949154901,0.0002778992669058744,0.5549926452150741,0.0005659181509897655,500
7,5,3,0.7142857142857143,4.0,8.0,413,fock_entropy_normalized,0.39486099646965794,0.002461781528731018,0.01696411837973208,0.00025132262923808303,0.5515410937148321,0.0006887080230338616,500
7,5,3,0.7142857142857143,4.0,9.0,413,fock_entropy_normalized,0.373502281493434,0.0025071240780945494,0.015211137868440399,0.00023095932535846612,0.548352619878128,0.0007352130491233692,500
7,5,3,0.7142857142857143,4.0,10.0,413,fock_entropy_normalized,0.342091869074712,0.002839030712268217,0.013099812262659442,0.00023923301978842206,0.543162374622694,0.0008298524728530049,500
7,5,3,0.7142857142857143,4.0,11.0,413,fock_entropy_normalized,0.329513931274098,0.002738068642052617,0.012282380061298899,0.00020528344827037913,0.5421981499793881,0.0008654169663324453,500
7,5,3,0.7142857142857143,4.0,12.0,413,fock_entropy_normalized,0.31177492921733196,0.002824482327662671,0.011215571816250882,0.0001886446606933667,0.538856428421536,0.000897209542149677,500
7,5,3,0.7142857142857143,4.0,13.0,413,fock_entropy_normalized,0.2941327557951,0.002756047374525063,0.010271956712390841,0.00016748941141492429,0.534167975771118,0.0008293660101344995,500
7,5,3,0.7142857142857143,4.0,14.0,413,fock_entropy_normalized,0.28083496244179196,0.0028543915317012693,0.00959984844141354,0.0001628469234860141,0.53085632374265,0.0008478740348433902,500
7,5,3,0.7142857142857143,4.0,15.0,413,fock_entropy_normalized,0.25823670887937006,0.0028398663780770687,0.0085430812296076,0.00014357195359144298,0.529726137897936,0.0008390190604924601,500
7,5,3,0.7142857142857143,5.0,1.0,413,fock_entropy_normalized,0.609584962512894,0.0009073268782527826,0.0616761297197964,0.0003099166778309452,0.5508269970406799,5.420138159874571e-06,500
7,5,3,0.7142857142857143,5.0,2.0,413,fock_entropy_normalized,0.529650346461754,0.001602869807487553,0.0388078474701784,0.0004034212181233541,0.550448146868358,2.735844938298851e-05,500
7,5,3,0.7142857142857143,5.0,3.0,413,fock_entropy_normalized,0.47190336041008,0.0016855823661581929,0.0266780922360026,0.0003082932055981457,0.551422571280894,9.805818640344692e-05,500
7,5,3,0.7142857142857143,5.0,4.0,413,fock_entropy_normalized,0.43358205692263196,0.0018912860034724685,0.021093016401138344,0.00028459195385900594,0.5541276584366981,0.00017942535096390847,500
7,5,3,0.7142857142857143,5.0,5.0,413,fock_entropy_normalized,0.40185449418375196,0.0019001916285926897,0.0174653233966141,0.00023355170351512406,0.5570299521864199,0.000213958212965003,500
7,5,3,0.7142857142857143,5.0,6.0,413,fock_entropy_normalized,0.383859141105884,0.0018762669776545356,0.015898919920558082,0.00020422530868111085,0.558726764226958,0.00028196656494453416,500
7,5,3,0.7142857142857143,5.0,7.0,413,fock_entropy_normalized,0.365093887420388,0.0019726314797446688,0.01450110978993016,0.00019975010784468395,0.559609587577188,0.0004163216918917555,500
7,5,3,0.7142857142857143,5.0,8.0,413,fock_entropy_normalized,0.34456501715613,0.001961440291709519,0.013003834947922819,0.00018456671672425988,0.5558335041619761,0.0005426804246216831,500
7,5,3,0.7142857142857143,5.0,9.0,413,fock_entropy_normalized,0.32823036551406604,0.0021318284344877896,0.01186621174471384,0.00016750535195915578,0.55452652439617,0.0006133742392785504,500
7,5,3,0.7142857142857143,5.0,10.0,413,fock_entropy_normalized,0.3095438789694979,0.00220695772886959,0.0108597326556009,0.0001587533350215795,0.5509049997751819,0.000770026664425872,500
7,5,3,0.7142857142857143,5.0,11.0,413,fock_entropy_normalized,0.29531012552748803,0.0021253545984283883,0.010080248379239182,0.00013479888792734213,0.547257305961906,0.0008111133017115143,500
7,5,3,0.7142857142857143,5.0,12.0,413,fock_entropy_normalized,0.284087491034062,0.002284140262969127,0.00957316358866038,0.00013677983186116652,0.5461789952369199,0.0008237545241979589,500
7,5,3,0.7142857142857143,5.0,13.0,413,fock_entropy_normalized,0.27327186675803,0.0021464124559711375,0.008998298638808739,0.00012000821271721139,0.543693691375724,0.0008804260383258959,500
7,5,3,0.7142857142857143,5.0,14.0,413,fock_entropy_normalized,0.25910758677053597,0.002278322685048412,0.00844321948671426,0.00011702350516613404,0.5395545929385619,0.000893588038966272,500
7,5,3,0.7142857142857143,5.0,15.0,413,fock_entropy_normalized,0.245397697161256,0.0023017688929454264,0.007880538398910281,0.00010875761584956563,0.536616617771886,0.0008875439541086534,500
7,5,3,0.7142857142857143,6.0,1.0,413,fock_entropy_normalized,0.5868910214623261,0.0009799818659361483,0.0565742900246988,0.0002814514889935738,0.550766302019766,3.3987431766828493e-06,500
7,5,3,0.7142857142857143,6.0,2.0,413,fock_entropy_normalized,0.49809006720506604,0.0018251680397326283,0.034662329426588,0.00038845004269763377,0.5504501093316939,9.651952990084171e-06,500
7,5,3,0.7142857142857143,6.0,3.0,413,fock_entropy_normalized,0.431011852707604,0.00219593934552518,0.022763082180584,0.000362367876996559,0.55084624976219,6.040278017853279e-05,500
7,5,3,0.7142857142857143,6.0,4.0,413,fock_entropy_normalized,0.38447024313336,0.0021833584400688284,0.016857192069779623,0.0002820169539752513,0.5526603782509041,0.0001319399184314917,500
7,5,3,0.7142857142857143,6.0,5.0,413,fock_entropy_normalized,0.35224995957017,0.002077650046621454,0.01369658213471904,0.00021399589846434936,0.5552050838330019,0.00018314362380599956,500
7,5,3,0.7142857142857143,6.0,6.0,413,fock_entropy_normalized,0.330326090765612,0.0019795024836096226,0.012032224640962319,0.0001741282935404481,0.5573057908756239,0.00021394640292021725,500
7,5,3,0.7142857142857143,6.0,7.0,413,fock_entropy_normalized,0.314767643882496,0.0020255303507541356,0.01112818113295566,0.00017259578263604958,0.5590766379323061,0.00026255563682352955,500
7,5,3,0.7142857142857143,6.0,8.0,413,fock_entropy_normalized,0.30564437117018994,0.0018462880895560834,0.01064483906313772,0.00014088746096244567,0.5590800371623721,0.00036503091059436545,500
7,5,3,0.7142857142857143,6.0,9.0,413,fock_entropy_normalized,0.293419198785134,0.0018404287992075307,0.00996356578464628,0.00013163695838934526,0.557966579318942,0.0004630094206531983,500
7,5,3,0.7142857142857143,6.0,10.0,413,fock_entropy_normalized,0.27808870445155004,0.0018705472035289601,0.009203676892905679,0.0001217424812974226,0.555774209864512,0.000605877147623394,500
7,5,3,0.7142857142857143,6.0,11.0,413,fock_entropy_normalized,0.269051386545534,0.0019523747960123435,0.008781392172993879,0.00011818649556006351,0.554241827646196,0.0006941908264014761,500
7,5,3,0.7142857142857143,6.0,12.0,413,fock_entropy_normalized,0.258472540187474,0.001984214210500838,0.00828079153405858,0.00010576193465579134,0.551617179522558,0.0006848225840136691,500
7,5,3,0.7142857142857143,6.0,13.0,413,fock_entropy_normalized,0.24619648133338398,0.0018800588518722904,0.007806157742571161,9.391748845071851e-05,0.547984808370882,0.0008121307006919026,500
7,5,3,0.7142857142857143,6.0,14.0,413,fock_entropy_normalized,0.233313094247352,0.0018220273593257924,0.00727769294492216,8.726891193600308e-05,0.543938385005024,0.0008446118494247576,500
7,5,3,0.7142857142857143,6.0,15.0,413,fock_entropy_normalized,0.229360500009612,0.0020373455179743165,0.0072320964109269395,9.609134076708016e-05,0.542120067010656,0.0008437268034571484,500
7,5,3,0.7142857142857143,7.0,1.0,413,fock_entropy_normalized,0.57224336400761,0.0010116638579549717,0.053961107450650206,0.0002707221243539882,0.5507238364183059,2.2856131753817135e-06,500
7,5,3,0.7142857142857143,7.0,2.0,413,fock_entropy_normalized,0.480017170564982,0.0019171660587751908,0.03271256796525159,0.00038227873792344175,0.550506656835872,4.994115706927456e-06,500
7,5,3,0.7142857142857143,7.0,3.0,413,fock_entropy_normalized,0.4069729191142,0.002430876623557337,0.020999735292228622,0.0003496725756220217,0.55060712552456,4.282758863593972e-05,500
7,5,3,0.7142857142857143,7.0,4.0,413,fock_entropy_normalized,0.35535623447460796,0.002285488549866504,0.014942044454708979,0.0002538027536138245,0.55139823424629,9.342403618360705e-05,500
7,5,3,0.7142857142857143,7.0,5.0,413,fock_entropy_normalized,0.320793408190788,0.0022079594827341836,0.011967684012107,0.00019961044938948151,0.55328713798755,0.00014731437624398113,500
7,5,3,0.7142857142857143,7.0,6.0,413,fock_entropy_normalized,0.29858558020015197,0.002150594788473616,0.01043796358993466,0.0001729637361121575,0.555733617135806,0.00019012911398257938,500
7,5,3,0.7142857142857143,7.0,7.0,413,fock_entropy_normalized,0.28021290423858597,0.001924855741537244,0.009298043486606261,0.00013254688050540645,0.5578520866314041,0.00022810133170994177,500
7,5,3,0.7142857142857143,7.0,8.0,413,fock_entropy_normalized,0.269255112961902,0.0019123404020809163,0.0088274010261481,0.00012210825874088408,0.558759533133298,0.00027137382605610936,500
7,5,3,0.7142857142857143,7.0,9.0,413,fock_entropy_normalized,0.259526020886678,0.0018531638614070131,0.008406835331463558,0.00011888733451518342,0.5595375303835,0.00036258756567671255,500
7,5,3,0.7142857142857143,7.0,10.0,413,fock_entropy_normalized,0.251491753178518,0.0017833568031778955,0.008081944717902481,0.00010551312510941379,0.5583593018128259,0.00044043915649577135,500
7,5,3,0.7142857142857143,7.0,11.0,413,fock_entropy_normalized,0.243545874036342,0.0017997181063143621,0.007761530690942341,0.00010120084492423002,0.5568504684272141,0.0005762114573556429,500
7,5,3,0.7142857142857143,7.0,12.0,413,fock_entropy_normalized,0.232947310507058,0.0016610176355411448,0.00724343792208558,7.99899024700461e-05,0.556522025455906,0.000604660597197381,500
7,5,3,0.7142857142857143,7.0,13.0,413,fock_entropy_normalized,0.22523425838253,0.001751014904047497,0.00700140793475666,8.729618245945112e-05,0.5543902591228038,0.0006822982917413249,500
7,5,3,0.7142857142857143,7.0,14.0,413,fock_entropy_normalized,0.21495427485045399,0.001713674901881784,0.0066156970389948,7.866281890358993e-05,0.5517080991771639,0.0007480828648305679,500
7,5,3,0.7142857142857143,7.0,15.0,413,fock_entropy_normalized,0.208084646637736,0.0016421417058593273,0.006381464788085919,7.089116793883803e-05,0.548891074375702,0.0008049954309094265,500
7,5,3,0.7142857142857143,8.0,1.0,413,fock_entropy_normalized,0.5564558033136979,0.0009923849265476375,0.0509709473285466,0.000249195908656219,0.550686612230624,1.692575854782914e-06,500
7,5,3,0.7142857142857143,8.0,2.0,413,fock_entropy_normalized,0.462968189186936,0.0019006972714600823,0.0306854802884452,0.00035411027184006964,0.55053657544724,3.351140297167427e-06,500
7,5,3,0.7142857142857143,8.0,3.0,413,fock_entropy_normalized,0.390402827717326,0.0022829919483794625,0.0195866012875901,0.0003067533234332521,0.550482931900096,1.789523650212851e-05,500
7,5,3,0.7142857142857143,8.0,4.0,413,fock_entropy_normalized,0.337609526405064,0.002578370057566979,0.0141523710613556,0.00026937040291373466,0.550982976957614,6.354912263496602e-05,500
7,5,3,0.7142857142857143,8.0,5.0,413,fock_entropy_normalized,0.302575404188036,0.0024729212076924994,0.01129248431726344,0.0002187970944950024,0.552036517701678,0.00011544841402545381,500
7,5,3,0.7142857142857143,8.0,6.0,413,fock_entropy_normalized,0.27198622892296,0.002209234512605926,0.00922185942026134,0.00016018854326282068,0.553922961364828,0.00016842592484106225,500
7,5,3,0.7142857142857143,8.0,7.0,413,fock_entropy_normalized,0.25541697220078996,0.0022601614504159737,0.00840420933104038,0.00014699895907074238,0.556198536573836,0.0002074163910757678,500
7,5,3,0.7142857142857143,8.0,8.0,413,fock_entropy_normalized,0.24008462290505,0.0018919128619992519,0.00756019861394558,0.0001000145950598138,0.558461878186316,0.00023543441316043042,500
7,5,3,0.7142857142857143,8.0,9.0,413,fock_entropy_normalized,0.233350741019606,0.001887238988814393,0.0073372384769914804,0.00010118255560502921,0.5590694571257541,0.0002676918559672992,500
7,5,3,0.7142857142857143,8.0,10.0,413,fock_entropy_normalized,0.22709173648137,0.0017947412266161914,0.00711913358647104,9.37661182348137e-05,0.559982862529458,0.0003406708999590431,500
7,5,3,0.7142857142857143,8.0,11.0,413,fock_entropy_normalized,0.219979257382298,0.0017025349152066053,0.006842513365786181,8.693440011923475e-05,0.559785238009192,0.0004028599716581661,500
7,5,3,0.7142857142857143,8.0,12.0,413,fock_entropy_normalized,0.21641872892612402,0.0018006667907676508,0.00681271244840842,8.930017459248091e-05,0.558309245287404,0.00047087594598496055,500
7,5,3,0.7142857142857143,8.0,13.0,413,fock_entropy_normalized,0.20519118609936998,0.001626732256100021,0.00634209689393802,7.368577678432179e-05,0.5570741106297921,0.0005656982399944146,500
7,5,3,0.7142857142857143,8.0,14.0,413,fock_entropy_normalized,0.198528944955686,0.0017549577437643072,0.0061499739083731,7.739496846597296e-05,0.55510262190826,0.0006502144281315685,500
7,5,3,0.7142857142857143,8.0,15.0,413,fock_entropy_normalized,0.19395581462787997,0.0016014323717288587,0.0059870931884519205,6.488119713712526e-05,0.55309987315212,0.0006715777614708865,500
7,5,3,0.7142857142857143,9.0,1.0,413,fock_entropy_normalized,0.545536466359924,0.00104122703444001,0.0493049559392654,0.00024547988758400895,0.5506648583949981,1.254236985027582e-06,500
7,5,3,0.7142857142857143,9.0,2.0,413,fock_entropy_normalized,0.45740797702192004,0.0019320831829926243,0.0306408070485948,0.0003567479952090378,0.550559675671072,2.604257954030961e-06,500
7,5,3,0.7142857142857143,9.0,3.0,413,fock_entropy_normalized,0.382220509394826,0.002489140377252988,0.01941056828387814,0.00033155901292708626,0.5504789359074459,3.818467414464575e-06,500
7,5,3,0.7142857142857143,9.0,4.0,413,fock_entropy_normalized,0.325860589039734,0.0025410622640448664,0.013561341242793599,0.00025244874447668777,0.550685699692658,3.930577712500968e-05,500
7,5,3,0.7142857142857143,9.0,5.0,413,fock_entropy_normalized,0.286141497956618,0.0023530295771717973,0.010433604298304179,0.00017733944568171939,0.55138772037326,8.747748263800194e-05,500
7,5,3,0.7142857142857143,9.0,6.0,413,fock_entropy_normalized,0.26055341517922803,0.0023495042357453643,0.00894498537544752,0.00015956810921696513,0.552670435673392,0.00013784338805947967,500
7,5,3,0.7142857142857143,9.0,7.0,413,fock_entropy_normalized,0.237773116653024,0.002088139934929031,0.007673972103575419,0.00011688420787994638,0.554720053703194,0.0001876887237086574,500
7,5,3,0.7142857142857143,9.0,8.0,413,fock_entropy_normalized,0.22464858993476802,0.002107286313120011,0.007115662242563659,0.00011282383800644156,0.556473103747328,0.00020622759453071992,500
7,5,3,0.7142857142857143,9.0,9.0,413,fock_entropy_normalized,0.21443843108886199,0.0019635864816732367,0.0067280465447850405,9.966693956900598e-05,0.558617566505852,0.00024214779413840457,500
7,5,3,0.7142857142857143,9.0,10.0,413,fock_entropy_normalized,0.20599852336997798,0.0019292491717847378,0.006437559388787019,9.444222122174236e-05,0.5604525971566899,0.0002944115619816321,500
7,5,3,0.7142857142857143,9.0,11.0,413,fock_entropy_normalized,0.20515358716669196,0.0018641731350588868,0.0064165016687457,8.438962746138223e-05,0.559775672357566,0.0003139676595082969,500
7,5,3,0.7142857142857143,9.0,12.0,413,fock_entropy_normalized,0.199093460877468,0.001787834888220256,0.00624082535589178,8.451608679388938e-05,0.5596247276742681,0.000378290699797703,500
7,5,3,0.7142857142857143,9.0,13.0,413,fock_entropy_normalized,0.191518040397336,0.00175300713124972,0.0059910807388061605,7.5721369543292e-05,0.55892815894434,0.0004291828612126709,500
7,5,3,0.7142857142857143,9.0,14.0,413,fock_entropy_normalized,0.188121443098778,0.0016748169923992786,0.0058952955054902,7.624923924503449e-05,0.557596529980746,0.0005523975280890024,500
7,5,3,0.7142857142857143,9.0,15.0,413,fock_entropy_normalized,0.18059115796899,0.001664205293874177,0.00562944595760762,6.730412728748622e-05,0.556261248550796,0.0006139397381970791,500
7,5,3,0.7142857142857143,10.0,1.0,413,fock_entropy_normalized,0.535680102916706,0.0010195227547377124,0.047719554523263805,0.00023355997628700305,0.55064873990357,9.33567229787189e-07,500
7,5,3,0.7142857142857143,10.0,2.0,413,fock_entropy_normalized,0.44896386257686205,0.0019662805442940633,0.0298869680451446,0.0003565700644233001,0.5505725683429801,1.91306663305674e-06,500
7,5,3,0.7142857142857143,10.0,3.0,413,fock_entropy_normalized,0.36757612690735403,0.002414754500363903,0.018067252515905418,0.00030294493959008703,0.550504765694514,2.82781296664621e-06,500
7,5,3,0.7142857142857143,10.0,4.0,413,fock_entropy_normalized,0.31480036365627,0.0025024258127526546,0.012931164591289481,0.0002385816908085278,0.5505400593011759,2.2165833618952735e-05,500
7,5,3,0.7142857142857143,10.0,5.0,413,fock_entropy_normalized,0.279514629352624,0.002418723734792917,0.01031955636162108,0.00018360990500958916,0.55103356069511,6.700834615620505e-05,500
7,5,3,0.7142857142857143,10.0,6.0,413,fock_entropy_normalized,0.24685822409979,0.002303112235857588,0.00836605936610956,0.0001443326090440955,0.5518949690934701,0.00010492907734884011,500
7,5,3,0.7142857142857143,10.0,7.0,413,fock_entropy_normalized,0.226261498778028,0.0024133946450666083,0.007464611139915961,0.0001573798275405416,0.5533422041246161,0.00015208937391136126,500
7,5,3,0.7142857142857143,10.0,8.0,413,fock_entropy_normalized,0.211956298750312,0.0022156625172296642,0.006781551573113,0.00010815935255467274,0.5552241534830981,0.00020152498336735658,500
7,5,3,0.7142857142857143,10.0,9.0,413,fock_entropy_normalized,0.196887778946656,0.0020211151264155802,0.006165457770068899,9.144258769163767e-05,0.557313923277502,0.00022919875055542988,500
7,5,3,0.7142857142857143,10.0,10.0,413,fock_entropy_normalized,0.19039266445833197,0.0019028635564239656,0.0059312800167558005,8.36586242267449e-05,0.5585271430210601,0.0002428954467108473,500
7,5,3,0.7142857142857143,10.0,11.0,413,fock_entropy_normalized,0.183410426590018,0.0018239972438140785,0.005710988551672339,7.401721226879252e-05,0.5595067247675679,0.00026951536807282256,500
7,5,3,0.7142857142857143,10.0,12.0,413,fock_entropy_normalized,0.182303711319352,0.0017192593065272705,0.00570146290450344,7.357950028008217e-05,0.559789119157538,0.0002989959987171369,500
7,5,3,0.7142857142857143,10.0,13.0,413,fock_entropy_normalized,0.17730774960412002,0.0016990811065696128,0.005562311793543741,6.871100506055079e-05,0.560139291671098,0.00034749482658524605,500
7,5,3,0.7142857142857143,10.0,14.0,413,fock_entropy_normalized,0.172214564879556,0.0017591468287526746,0.0054711935106408595,7.579220750581662e-05,0.558895166695764,0.0004320184375392255,500
7,5,3,0.7142857142857143,10.0,15.0,413,fock_entropy_normalized,0.170719350296966,0.001767853360097337,0.00546008578444048,8.276334560889555e-05,0.5585416693684001,0.0004871729493795295,500
7,5,4,0.7142857142857143,1.0,1.0,455,fock_entropy_normalized,0.8587772261102079,8.121048369163558e-05,0.27249218869385194,0.00020297387513369238,0.6210128161739861,6.014973912687697e-05,500
7,5,4,0.7142857142857143,1.0,2.0,455,fock_entropy_normalized,0.843684193769282,0.0005140691310268236,0.241139083715292,0.0009599496047212438,0.6264537304265579,0.00019535694666152173,500
7,5,4,0.7142857142857143,1.0,3.0,455,fock_entropy_normalized,0.8017764393827661,0.0016835671349425252,0.181465388937613,0.0019753962612463604,0.625746623967898,0.0005323227115036872,500
7,5,4,0.7142857142857143,1.0,4.0,455,fock_entropy_normalized,0.732786867487126,0.0032530320398569406,0.1235194417513176,0.002495119153604547,0.6184198348372519,0.0008580178987329702,500
7,5,4,0.7142857142857143,1.0,5.0,455,fock_entropy_normalized,0.6689532695829039,0.004134029872860236,0.08713703924441839,0.0021885796493048937,0.6115138068197621,0.0010678802202296444,500
7,5,4,0.7142857142857143,1.0,6.0,455,fock_entropy_normalized,0.6081061684460881,0.004773935577035155,0.06315563306636894,0.001888167425262146,0.6042169452410802,0.001188020882381737,500
7,5,4,0.7142857142857143,1.0,7.0,455,fock_entropy_normalized,0.5421360169729159,0.004917732993836363,0.043391483852356305,0.0013864307515849318,0.59765091018366,0.001195622150940007,500
7,5,4,0.7142857142857143,1.0,8.0,455,fock_entropy_normalized,0.49511983289732603,0.0051272213555442715,0.03404083364637853,0.0012312783959276602,0.5953303819488821,0.0012284006454882986,500
7,5,4,0.7142857142857143,1.0,9.0,455,fock_entropy_normalized,0.451163853350948,0.005304241977079091,0.0273274521912449,0.0011739954509722653,0.589699965219188,0.0012075619208252114,500
7,5,4,0.7142857142857143,1.0,10.0,455,fock_entropy_normalized,0.40650862689203393,0.00527369333155011,0.021369559305208282,0.0009600837179056399,0.5879982195411719,0.0012044088781816454,500
7,5,4,0.7142857142857143,1.0,11.0,455,fock_entropy_normalized,0.37824029738368,0.005109446269451447,0.01787173869931288,0.0007932016075352032,0.585090330324738,0.0011488807250608435,500
7,5,4,0.7142857142857143,1.0,12.0,455,fock_entropy_normalized,0.353722514387182,0.004897834551498082,0.015315047149364061,0.0005939491172104469,0.58210026667309,0.001192956956864361,500
7,5,4,0.7142857142857143,1.0,13.0,455,fock_entropy_normalized,0.3305428280111632,0.005064720935990152,0.0140767012013427,0.0007473343950089833,0.584305879120436,0.0012190023809016174,500
7,5,4,0.7142857142857143,1.0,14.0,455,fock_entropy_normalized,0.29916762107157097,0.004530142181707976,0.01107836952311822,0.00038932288159331316,0.580079586969092,0.001133983129114196,500
7,5,4,0.7142857142857143,1.0,15.0,455,fock_entropy_normalized,0.2887044884384092,0.004636946018672346,0.010467997624831738,0.0003539887127226181,0.5811091763455979,0.0012221890596382215,500
7,5,4,0.7142857142857143,2.0,1.0,455,fock_entropy_normalized,0.792002933880078,0.0002572149348284596,0.15893052898902,0.0002935129602647769,0.6036699720455201,6.415348347234348e-05,500
7,5,4,0.7142857142857143,2.0,2.0,455,fock_entropy_normalized,0.7636364485356301,0.0006885225047072838,0.1324277619526026,0.0005651791467029925,0.603876856030188,0.00010138656126716678,500
7,5,4,0.7142857142857143,2.0,3.0,455,fock_entropy_normalized,0.7206229482333281,0.0015783371767423878,0.1036645038471558,0.0009132086266268913,0.606971588825844,0.00019757056881894786,500
7,5,4,0.7142857142857143,2.0,4.0,455,fock_entropy_normalized,0.664881173640036,0.002557287935988454,0.0762217715345896,0.0011500958643676966,0.6115503004161039,0.0003518880338072596,500
7,5,4,0.7142857142857143,2.0,5.0,455,fock_entropy_normalized,0.609116199136272,0.003269251151076062,0.05645051509466541,0.00111061209494922,0.613423540050394,0.0005892490937112845,500
7,5,4,0.7142857142857143,2.0,6.0,455,fock_entropy_normalized,0.560383458339596,0.0037749926512862272,0.04397787098066942,0.0010542512360659007,0.612219561686574,0.0007928846903358685,500
7,5,4,0.7142857142857143,2.0,7.0,455,fock_entropy_normalized,0.506023303737662,0.003968475656329931,0.0324076587760066,0.0008036193977632776,0.6101815694179921,0.001037330067449642,500
7,5,4,0.7142857142857143,2.0,8.0,455,fock_entropy_normalized,0.469875678992638,0.0039929341827367095,0.0266192411016735,0.0006860120324904043,0.603995113287232,0.001169678601219105,500
7,5,4,0.7142857142857143,2.0,9.0,455,fock_entropy_normalized,0.433650818067344,0.004316351800853879,0.02248386127420646,0.0006942223608912888,0.6014341375911061,0.001205826153456187,500
7,5,4,0.7142857142857143,2.0,10.0,455,fock_entropy_normalized,0.39786171209681603,0.004214946534845752,0.0182783559860803,0.0005300525522746093,0.597771766426604,0.001266896969168951,500
7,5,4,0.7142857142857143,2.0,11.0,455,fock_entropy_normalized,0.36721577287715607,0.004312765445058751,0.0156747936075687,0.0005335286261150308,0.594795630221774,0.0012348752940064386,500
7,5,4,0.7142857142857143,2.0,12.0,455,fock_entropy_normalized,0.34161648658251,0.0041459044894708,0.01333759626555576,0.00036062968669846627,0.5916579199923119,0.0012726516157486438,500
7,5,4,0.7142857142857143,2.0,13.0,455,fock_entropy_normalized,0.3161482058991188,0.0038346001722408384,0.01137587627230008,0.0003002550390601353,0.588858512779408,0.0012366026010240901,500
7,5,4,0.7142857142857143,2.0,14.0,455,fock_entropy_normalized,0.30191197069888,0.004002522276626764,0.0107707249832467,0.00033148914261192127,0.5873105081183501,0.0012816570349978688,500
7,5,4,0.7142857142857143,2.0,15.0,455,fock_entropy_normalized,0.29142247059112436,0.004052098363487905,0.01025216617817004,0.00030186161290185167,0.587629720607742,0.0013122684426135193,500
7,5,4,0.7142857142857143,3.0,1.0,455,fock_entropy_normalized,0.698654103495926,0.00045316768610975265,0.0870432764763526,0.0002603317544933852,0.604042236542648,3.663605409806978e-05,500
7,5,4,0.7142857142857143,3.0,2.0,455,fock_entropy_normalized,0.650513976097664,0.0010729910888967909,0.06681602983909479,0.0003954146058388004,0.6028503674414081,7.381046806735328e-05,500
7,5,4,0.7142857142857143,3.0,3.0,455,fock_entropy_normalized,0.6075233201640781,0.0013870285774370164,0.0529181198574896,0.0004335953650932136,0.602764945848118,0.00011890273586947632,500
7,5,4,0.7142857142857143,3.0,4.0,455,fock_entropy_normalized,0.566022255645692,0.00184635034405478,0.0418319713616076,0.0004467879277810864,0.604497081999912,0.000166807426739514,500
7,5,4,0.7142857142857143,3.0,5.0,455,fock_entropy_normalized,0.530261554245334,0.00231382549030459,0.0345375476873898,0.0004767856193670679,0.6070259733934259,0.0002525544715622042,500
7,5,4,0.7142857142857143,3.0,6.0,455,fock_entropy_normalized,0.485810973612696,0.0027655151258673704,0.02736603957895292,0.0004583286551560434,0.610281422401872,0.0003841683413117758,500
7,5,4,0.7142857142857143,3.0,7.0,455,fock_entropy_normalized,0.453610921947138,0.003027441851573632,0.023157049973448557,0.00043356354454903535,0.610728775644698,0.0005597080240680104,500
7,5,4,0.7142857142857143,3.0,8.0,455,fock_entropy_normalized,0.421301232873314,0.0031406123391306104,0.019498628322784217,0.00039357282694230865,0.6094986102876301,0.0007805196432939305,500
7,5,4,0.7142857142857143,3.0,9.0,455,fock_entropy_normalized,0.39213553933726003,0.0032923150455454347,0.016712989964173298,0.0003590588109518114,0.6093664562715021,0.0009156474273425639,500
7,5,4,0.7142857142857143,3.0,10.0,455,fock_entropy_normalized,0.365834107252242,0.003242940249585633,0.01441622510470348,0.00030645341315019194,0.60667914232693,0.0010402893959942142,500
7,5,4,0.7142857142857143,3.0,11.0,455,fock_entropy_normalized,0.336210343833154,0.0031852869674201673,0.01224647154778986,0.0002524403895568512,0.60492928612933,0.0012530114253228126,500
7,5,4,0.7142857142857143,3.0,12.0,455,fock_entropy_normalized,0.321832880537912,0.003431810700547927,0.011565710602809559,0.0002650029408426107,0.602966986292784,0.0011986910812650474,500
7,5,4,0.7142857142857143,3.0,13.0,455,fock_entropy_normalized,0.303836723328054,0.003128605046313559,0.01028916269811784,0.0001955650476432476,0.6024360024780399,0.0013350563805197369,500
7,5,4,0.7142857142857143,3.0,14.0,455,fock_entropy_normalized,0.288690096234446,0.0031452197844950743,0.0095145803287965,0.00019649772179314835,0.5968877849556361,0.0013057839892861996,500
7,5,4,0.7142857142857143,3.0,15.0,455,fock_entropy_normalized,0.27554074571544934,0.003320633511685054,0.00900426967787102,0.00019366588685083364,0.595764309893892,0.0013864615556646272,500
7,5,4,0.7142857142857143,4.0,1.0,455,fock_entropy_normalized,0.630588188639668,0.0008160532538341259,0.0618002119924988,0.0003156663819934699,0.6040464014443541,2.1900816894938386e-05,500
7,5,4,0.7142857142857143,4.0,2.0,455,fock_entropy_normalized,0.5596852028666781,0.001389414648103153,0.040498012077495406,0.00034208160237229315,0.604401112024296,5.894049717339762e-05,500
7,5,4,0.7142857142857143,4.0,3.0,455,fock_entropy_normalized,0.504877792297462,0.0016820061802977975,0.029837090145148203,0.0003076052343743134,0.6041179664491501,7.787314995834887e-05,500
7,5,4,0.7142857142857143,4.0,4.0,455,fock_entropy_normalized,0.470816200259078,0.0017720754112206182,0.024627760302003004,0.00027650264838293787,0.604086752074838,0.00012568767701699052,500
7,5,4,0.7142857142857143,4.0,5.0,455,fock_entropy_normalized,0.442619389733792,0.001915206228651577,0.0210969694415012,0.00026041674520902396,0.60474040176414,0.00016430485749240268,500
7,5,4,0.7142857142857143,4.0,6.0,455,fock_entropy_normalized,0.41386065792616605,0.0019691430512931442,0.01806389999351818,0.00023190117443821806,0.606672874649014,0.00023406251851804298,500
7,5,4,0.7142857142857143,4.0,7.0,455,fock_entropy_normalized,0.387687137302396,0.0021122383361070066,0.015530443692625202,0.00020315043715025198,0.6085514013209959,0.00031332771103059813,500
7,5,4,0.7142857142857143,4.0,8.0,455,fock_entropy_normalized,0.36073294257053395,0.002242380469375212,0.013499198733562201,0.00019333763334258627,0.61005279240764,0.00044631643161401047,500
7,5,4,0.7142857142857143,4.0,9.0,455,fock_entropy_normalized,0.34280552700002,0.0023714949696843394,0.012352746574529038,0.00018738135191584822,0.6098479563687319,0.0005643285483494412,500
7,5,4,0.7142857142857143,4.0,10.0,455,fock_entropy_normalized,0.32260765662931806,0.002358446127584425,0.01100522596208426,0.00016649170982210713,0.61047384171941,0.000690748622738648,500
7,5,4,0.7142857142857143,4.0,11.0,455,fock_entropy_normalized,0.30396445334762595,0.00243963274578582,0.01003587916528792,0.00015453456334949,0.610427605886032,0.0009127346108687868,500
7,5,4,0.7142857142857143,4.0,12.0,455,fock_entropy_normalized,0.287175119719118,0.0024417458855992323,0.00919447322686614,0.00014760961172147582,0.609161992527944,0.0010044571830141156,500
7,5,4,0.7142857142857143,4.0,13.0,455,fock_entropy_normalized,0.276166098769006,0.002416983256094373,0.00866486004063948,0.00013162172606374627,0.60731766376212,0.0010869972436239714,500
7,5,4,0.7142857142857143,4.0,14.0,455,fock_entropy_normalized,0.27046195229604,0.002586420963620755,0.0084723525823464,0.00013346371125004335,0.604350348811842,0.0012128237985515285,500
7,5,4,0.7142857142857143,4.0,15.0,455,fock_entropy_normalized,0.251298157581086,0.002604418578429536,0.0076445363710104805,0.00012212392402141157,0.6054672437019399,0.0011766886053608903,500
7,5,4,0.7142857142857143,5.0,1.0,455,fock_entropy_normalized,0.5955125845720699,0.000976242962213546,0.053211815706021195,0.00030083498486884255,0.604216567614734,5.58281100531869e-06,500
7,5,4,0.7142857142857143,5.0,2.0,455,fock_entropy_normalized,0.50270097504625,0.0017312982711957501,0.031066625123261603,0.00035125535522565615,0.6046560713617519,4.023402773883588e-05,500
7,5,4,0.7142857142857143,5.0,3.0,455,fock_entropy_normalized,0.44244986439101003,0.0020078351777224838,0.021677802515074,0.0002976773453257727,0.605364510311108,6.278005495160362e-05,500
7,5,4,0.7142857142857143,5.0,4.0,455,fock_entropy_normalized,0.402008154466608,0.0019840226012457557,0.017029971772538417,0.00023246953628244482,0.60508033070999,9.116128357702927e-05,500
7,5,4,0.7142857142857143,5.0,5.0,455,fock_entropy_normalized,0.372859795357052,0.0018092319008240754,0.014344900744130421,0.00018143291273215045,0.604819761354178,0.00013135830891564319,500
7,5,4,0.7142857142857143,5.0,6.0,455,fock_entropy_normalized,0.35410633023600396,0.0018661657275593183,0.013000737691495599,0.0001741087305381036,0.605114300358252,0.00018179450210500247,500
7,5,4,0.7142857142857143,5.0,7.0,455,fock_entropy_normalized,0.33313927658892,0.001788447174005063,0.011558855645488642,0.00013852773688577391,0.60649788399352,0.00020422522010063408,500
7,5,4,0.7142857142857143,5.0,8.0,455,fock_entropy_normalized,0.31741400334750597,0.0019333532046863324,0.010672464104460438,0.00014178093529073488,0.607854679611986,0.00029474737087355793,500
7,5,4,0.7142857142857143,5.0,9.0,455,fock_entropy_normalized,0.302703202813712,0.00197358924542131,0.00988096463800014,0.00013551608509210976,0.6088932084937441,0.00035855435379478315,500
7,5,4,0.7142857142857143,5.0,10.0,455,fock_entropy_normalized,0.285825408227184,0.001896296996271756,0.00897901627043986,0.00011047992979375011,0.6098897038199459,0.00041590806001064114,500
7,5,4,0.7142857142857143,5.0,11.0,455,fock_entropy_normalized,0.27414544139520397,0.0020048887160618745,0.00846559303619708,0.00011372579984263406,0.610684719597842,0.0005757970170569602,500
7,5,4,0.7142857142857143,5.0,12.0,455,fock_entropy_normalized,0.262207502251322,0.0020570480638444,0.00796154667165576,0.00010478060848054089,0.610820830516958,0.0006425723680165841,500
7,5,4,0.7142857142857143,5.0,13.0,455,fock_entropy_normalized,0.24732770187845599,0.001983485205809074,0.0073185390870687,8.829056451795721e-05,0.60946662923446,0.0008372953725226454,500
7,5,4,0.7142857142857143,5.0,14.0,455,fock_entropy_normalized,0.24077949438617402,0.002057230385939965,0.00714104709210282,8.984797267952285e-05,0.610474352449104,0.000929633200743785,500
7,5,4,0.7142857142857143,5.0,15.0,455,fock_entropy_normalized,0.23198372558470398,0.0020111320189706845,0.0067937259338127,8.542781200535347e-05,0.6082554523962481,0.0010734190952281222,500
7,5,4,0.7142857142857143,6.0,1.0,455,fock_entropy_normalized,0.573205106606556,0.0010843463619504084,0.048732660189729195,0.0002908465280763289,0.6044743629199079,2.9584561138570407e-06,500
7,5,4,0.7142857142857143,6.0,2.0,455,fock_entropy_normalized,0.47595513524218197,0.001985609612580951,0.0282694434491432,0.0003563434124816434,0.6044855358543221,2.670315620720865e-05,500
7,5,4,0.7142857142857143,6.0,3.0,455,fock_entropy_normalized,0.40121144862458397,0.0022467240207480242,0.017991174819124617,0.00028732022765729344,0.60559321925539,5.886709759674524e-05,500
7,5,4,0.7142857142857143,6.0,4.0,455,fock_entropy_normalized,0.36082820461304,0.0021516319214672256,0.013948942181420879,0.00021229740390142995,0.6059736407450661,6.978181356611765e-05,500
7,5,4,0.7142857142857143,6.0,5.0,455,fock_entropy_normalized,0.325173690375388,0.0022019759230142402,0.011285683318697939,0.00018579458172357917,0.605719357617046,9.103849215490632e-05,500
7,5,4,0.7142857142857143,6.0,6.0,455,fock_entropy_normalized,0.30763595537331195,0.0020186124196276242,0.01018129139968076,0.0001517819178334978,0.6050828989895601,0.00014671608549185586,500
7,5,4,0.7142857142857143,6.0,7.0,455,fock_entropy_normalized,0.29073360063306797,0.0017370043974039532,0.00919460550167772,0.0001205825388420434,0.605476997887658,0.00017400612125072754,500
7,5,4,0.7142857142857143,6.0,8.0,455,fock_entropy_normalized,0.27985317670344595,0.0018525228920137696,0.008762093791362719,0.0001176874116036734,0.606388594054454,0.00021986193236543354,500
7,5,4,0.7142857142857143,6.0,9.0,455,fock_entropy_normalized,0.26789608789688396,0.001679725618249022,0.00819720274294656,9.69178096559671e-05,0.6074779306270038,0.00024027269251259987,500
7,5,4,0.7142857142857143,6.0,10.0,455,fock_entropy_normalized,0.25681476486486,0.0017789731391904776,0.00770283131704962,9.938962984712742e-05,0.608345236702172,0.0003060497430658337,500
7,5,4,0.7142857142857143,6.0,11.0,455,fock_entropy_normalized,0.24616989655410199,0.0017276530886243737,0.00732518058529878,9.223896794058469e-05,0.60941994756242,0.00040844721528020717,500
7,5,4,0.7142857142857143,6.0,12.0,455,fock_entropy_normalized,0.23574177591175602,0.0017271253940481402,0.006914469062207561,8.251356643979291e-05,0.6100655897726619,0.0004970815043864142,500
7,5,4,0.7142857142857143,6.0,13.0,455,fock_entropy_normalized,0.22560471662995202,0.0018119567908680986,0.00650545513571892,7.87926751035594e-05,0.610992462253458,0.0005545949987648301,500
7,5,4,0.7142857142857143,6.0,14.0,455,fock_entropy_normalized,0.222461438938344,0.0018096788851724992,0.00646295045512602,7.483699105900591e-05,0.60940691828255,0.0007561092102836551,500
7,5,4,0.7142857142857143,6.0,15.0,455,fock_entropy_normalized,0.21268400948587002,0.0017994644922099533,0.00615359297016436,7.503201348060787e-05,0.60996989138605,0.0007779210058038342,500
7,5,4,0.7142857142857143,7.0,1.0,455,fock_entropy_normalized,0.5551276103561779,0.0011303934397418308,0.045379654468978396,0.00026935168303463236,0.604644952157666,1.968446598112505e-06,500
7,5,4,0.7142857142857143,7.0,2.0,455,fock_entropy_normalized,0.45885926632464397,0.0019529447577067126,0.0265943675245814,0.00031936650632938696,0.604533574931214,1.32314970518276e-05,500
7,5,4,0.7142857142857143,7.0,3.0,455,fock_entropy_normalized,0.388743742370028,0.00239613682909686,0.017494593697225738,0.0002891528874642848,0.6053058776325859,5.4694125938159276e-05,500
7,5,4,0.7142857142857143,7.0,4.0,455,fock_entropy_normalized,0.332419205328778,0.002360533421231536,0.01235092416537784,0.00022269187940567316,0.6063545211250441,7.067732549973275e-05,500
7,5,4,0.7142857142857143,7.0,5.0,455,fock_entropy_normalized,0.30116758737554,0.0022157931222916414,0.01014841601368284,0.0001668365292846728,0.606385013609308,8.085425484762026e-05,500
7,5,4,0.7142857142857143,7.0,6.0,455,fock_entropy_normalized,0.27610789591620405,0.0020417542950207355,0.00870749665050222,0.00013245008259462352,0.605868985980284,0.00010214022570719361,500
7,5,4,0.7142857142857143,7.0,7.0,455,fock_entropy_normalized,0.25947315284659395,0.0019502078070842248,0.007881453359369218,0.00011203414990820197,0.605430413981126,0.00014765874438917124,500
7,5,4,0.7142857142857143,7.0,8.0,455,fock_entropy_normalized,0.246095970558426,0.0019273689851394284,0.007284341994099,0.00011247336069477172,0.6057058277848081,0.00017939973199128788,500
7,5,4,0.7142857142857143,7.0,9.0,455,fock_entropy_normalized,0.239696305199444,0.0017446409644583751,0.0070568610503093,9.090945746598155e-05,0.606627524991096,0.0002123250362358701,500
7,5,4,0.7142857142857143,7.0,10.0,455,fock_entropy_normalized,0.23359169293775198,0.0017259721240851075,0.00688435714407524,8.732244281799224e-05,0.6075048908941901,0.00022854839456722361,500
7,5,4,0.7142857142857143,7.0,11.0,455,fock_entropy_normalized,0.22128615300546,0.0018033182810732662,0.006454834733199541,8.999393538531988e-05,0.608062421303516,0.0002730041564276801,500
7,5,4,0.7142857142857143,7.0,12.0,455,fock_entropy_normalized,0.213763141340522,0.001541692337536032,0.0061497580974478406,6.930417269500722e-05,0.6086003377195941,0.00035834384043068084,500
7,5,4,0.7142857142857143,7.0,13.0,455,fock_entropy_normalized,0.20840233768613398,0.001689595409367083,0.006032533783442639,7.396999694085201e-05,0.609335479433884,0.0004641448604371212,500
7,5,4,0.7142857142857143,7.0,14.0,455,fock_entropy_normalized,0.200543419738814,0.0015728678330285987,0.005751367006302101,6.674738775310963e-05,0.6107602188264659,0.000443941876936979,500
7,5,4,0.7142857142857143,7.0,15.0,455,fock_entropy_normalized,0.19204218379028798,0.0015347550027426657,0.00546721366973232,6.0627159294702036e-05,0.6107930642175379,0.0005537102047835528,500
7,5,4,0.7142857142857143,8.0,1.0,455,fock_entropy_normalized,0.5412439200056081,0.0011279655487083347,0.0430379389851026,0.0002519708149921505,0.6047671382783081,1.4213963334332535e-06,500
7,5,4,0.7142857142857143,8.0,2.0,455,fock_entropy_normalized,0.44120609270016403,0.002009171265300877,0.024811234491073798,0.0003140024767045224,0.6046556702940161,5.247579963928993e-06,500
7,5,4,0.7142857142857143,8.0,3.0,455,fock_entropy_normalized,0.363403010796214,0.0024660801698534645,0.01558344481264114,0.00027988691004954903,0.6050768209081759,4.4161135798227365e-05,500
7,5,4,0.7142857142857143,8.0,4.0,455,fock_entropy_normalized,0.31172025688001204,0.002583117062216258,0.0113485022877128,0.00021812812250688002,0.6063829131658119,7.424346457109764e-05,500
7,5,4,0.7142857142857143,8.0,5.0,455,fock_entropy_normalized,0.27838396642309,0.0023509030229980172,0.00913706010930592,0.00015810254634697886,0.606716491029064,7.434474038176943e-05,500
7,5,4,0.7142857142857143,8.0,6.0,455,fock_entropy_normalized,0.253216698490614,0.002152644371610982,0.007768271150206,0.00012778435155283533,0.606590165821554,8.307885020348569e-05,500
7,5,4,0.7142857142857143,8.0,7.0,455,fock_entropy_normalized,0.232018420848914,0.0019339624785507826,0.0067845451496437,9.433742254266981e-05,0.6063275470074561,0.00011098461507145814,500
7,5,4,0.7142857142857143,8.0,8.0,455,fock_entropy_normalized,0.224532985394802,0.0018548018411510834,0.006514120611937359,8.548252605474365e-05,0.605934030692536,0.00014432936689428804,500
7,5,4,0.7142857142857143,8.0,9.0,455,fock_entropy_normalized,0.218099475649288,0.0017863443092748655,0.006353208759313921,8.146866871749093e-05,0.606124495846072,0.00018213959982791528,500
7,5,4,0.7142857142857143,8.0,10.0,455,fock_entropy_normalized,0.2105150485366,0.0017040861289317301,0.00613128023874588,7.785405724851693e-05,0.606571311020184,0.00021164532275118054,500
7,5,4,0.7142857142857143,8.0,11.0,455,fock_entropy_normalized,0.20382371526346402,0.001672390958965826,0.00587828301971404,7.126290531424924e-05,0.6073065670277319,0.0002301264516240649,500
7,5,4,0.7142857142857143,8.0,12.0,455,fock_entropy_normalized,0.19777497222514,0.001605199613264156,0.005695726520946499,6.547176697998757e-05,0.60836208622159,0.0002605182444147424,500
7,5,4,0.7142857142857143,8.0,13.0,455,fock_entropy_normalized,0.189344570356866,0.001521863847569242,0.0054250080420032605,6.005829237827348e-05,0.608530999368266,0.0003100592501946522,500
7,5,4,0.7142857142857143,8.0,14.0,455,fock_entropy_normalized,0.1857014499519,0.0016863777754841027,0.00537745874972022,6.502683144861708e-05,0.609301708352296,0.00036819307838348677,500
7,5,4,0.7142857142857143,8.0,15.0,455,fock_entropy_normalized,0.180893485606286,0.0016324728046044927,0.00523182879220736,6.138155973162398e-05,0.60929354567474,0.00041488944521037295,500
7,5,4,0.7142857142857143,9.0,1.0,455,fock_entropy_normalized,0.5294110874789739,0.001152832335465786,0.0412735725486696,0.0002435689930825022,0.6048538664824461,1.1154888945487606e-06,500
7,5,4,0.7142857142857143,9.0,2.0,455,fock_entropy_normalized,0.43129764616003397,0.00211662097274079,0.024096432981671797,0.0003220708439950448,0.6047709176176299,2.4600792676025435e-06,500
7,5,4,0.7142857142857143,9.0,3.0,455,fock_entropy_normalized,0.360242361288616,0.0024530397794777,0.015652012353268963,0.0002728721279358261,0.604881901753516,2.264885960221497e-05,500
7,5,4,0.7142857142857143,9.0,4.0,455,fock_entropy_normalized,0.307426294273318,0.0025190972935684583,0.01131488857070958,0.00020901835994820747,0.605812890959474,6.282909633422969e-05,500
7,5,4,0.7142857142857143,9.0,5.0,455,fock_entropy_normalized,0.265953062752964,0.0023548104777254796,0.00867318427746998,0.0001513851732406919,0.606808512049804,7.756856946551481e-05,500
7,5,4,0.7142857142857143,9.0,6.0,455,fock_entropy_normalized,0.23947172061205801,0.0023185112939034763,0.007414306827704701,0.0001285061431098485,0.60706789226918,7.926389732227074e-05,500
7,5,4,0.7142857142857143,9.0,7.0,455,fock_entropy_normalized,0.218429876963124,0.0020208241256416634,0.006451866786123441,9.185057580844582e-05,0.606886294879666,9.158770186082948e-05,500
7,5,4,0.7142857142857143,9.0,8.0,455,fock_entropy_normalized,0.204302013566276,0.0019667813597943787,0.00592273737883158,8.487097135044235e-05,0.6062876790590501,0.00012561008349881722,500
7,5,4,0.7142857142857143,9.0,9.0,455,fock_entropy_normalized,0.196728560070022,0.0019324629484571627,0.00570716725161962,7.867582166910796e-05,0.60649388206985,0.00014505268185622505,500
7,5,4,0.7142857142857143,9.0,10.0,455,fock_entropy_normalized,0.189738448708422,0.0016909840556116526,0.0054662323418088795,6.987014722071364e-05,0.606361062870552,0.00018683831238473843,500
7,5,4,0.7142857142857143,9.0,11.0,455,fock_entropy_normalized,0.18371661936969003,0.0015824628236072854,0.00528560846864168,6.19929412295883e-05,0.6062669093051081,0.00020776651758101376,500
7,5,4,0.7142857142857143,9.0,12.0,455,fock_entropy_normalized,0.17820033505340002,0.0015645599386002913,0.005126193368877861,5.7494441015954166e-05,0.607316164425142,0.00024006488909845972,500
7,5,4,0.7142857142857143,9.0,13.0,455,fock_entropy_normalized,0.17429215266339002,0.0016028035639900843,0.00506096099876776,6.171783699307032e-05,0.6078864907456379,0.00024024655765947825,500
7,5,4,0.7142857142857143,9.0,14.0,455,fock_entropy_normalized,0.17062528229134238,0.0015330468124676827,0.004963827614771141,5.490828054033049e-05,0.6083800129704,0.0002918811217081863,500
7,5,4,0.7142857142857143,9.0,15.0,455,fock_entropy_normalized,0.16521249855755218,0.0014549474141958337,0.00479915376110222,5.0411290038442925e-05,0.608946623212016,0.0003823055037491756,500
7,5,4,0.7142857142857143,10.0,1.0,455,fock_entropy_normalized,0.5196032953102,0.0011226696384110941,0.0398784097640762,0.00022973802246321857,0.6049205842028161,8.578857666705908e-07,500
7,5,4,0.7142857142857143,10.0,2.0,455,fock_entropy_normalized,0.424786528199762,0.0019740900327966868,0.0236166042476628,0.00029196885394196,0.6048636559562821,1.711433520741143e-06,500
7,5,4,0.7142857142857143,10.0,3.0,455,fock_entropy_normalized,0.352466787580914,0.00229382586333065,0.015130533130214318,0.00023623677639719945,0.6048546904548859,1.0991330517658275e-05,500
7,5,4,0.7142857142857143,10.0,4.0,455,fock_entropy_normalized,0.29588269609855605,0.0023333546944517814,0.010639802950616421,0.00017598976567850713,0.60553314338818,5.332697227756529e-05,500
7,5,4,0.7142857142857143,10.0,5.0,455,fock_entropy_normalized,0.25687120611910597,0.002397082901654041,0.00839905328676792,0.00014739619522980956,0.606656012484834,7.999026368906438e-05,500
7,5,4,0.7142857142857143,10.0,6.0,455,fock_entropy_normalized,0.229619509585032,0.002394913191784188,0.0071471910573123,0.00014032901406563463,0.607035246208996,7.980160211022839e-05,500
7,5,4,0.7142857142857143,10.0,7.0,455,fock_entropy_normalized,0.21088702878357599,0.0022027599693474763,0.0063175858447035195,0.00010237009825282948,0.60705974050516,8.327566199615439e-05,500
7,5,4,0.7142857142857143,10.0,8.0,455,fock_entropy_normalized,0.1981727731402256,0.0020273805020123844,0.005833097074199919,8.685172511790693e-05,0.606665070516852,9.646630819910879e-05,500
7,5,4,0.7142857142857143,10.0,9.0,455,fock_entropy_normalized,0.182474499575712,0.0020527511902378075,0.005334235361917399,8.29225566417708e-05,0.6069607775501741,0.00012042431118946474,500
7,5,4,0.7142857142857143,10.0,10.0,455,fock_entropy_normalized,0.1750472429799012,0.0018785915694173106,0.005078901457516021,6.915179367070707e-05,0.606287266971094,0.00015477971974822967,500
7,5,4,0.7142857142857143,10.0,11.0,455,fock_entropy_normalized,0.169515048597608,0.0016592823936180823,0.00490539150532544,5.861292906713205e-05,0.606440531716852,0.00017867505974429417,500
7,5,4,0.7142857142857143,10.0,12.0,455,fock_entropy_normalized,0.16894737106897298,0.0016676587140867587,0.00494578422347498,6.218980701494684e-05,0.60640881603038,0.00019865551674820908,500
7,5,4,0.7142857142857143,10.0,13.0,455,fock_entropy_normalized,0.16276056341699002,0.0017030424452254308,0.0048012619410779805,6.375273983724638e-05,0.6071556730184879,0.00022636014710702057,500
7,5,4,0.7142857142857143,10.0,14.0,455,fock_entropy_normalized,0.16230526576018622,0.0017563982792269384,0.00486032648976494,7.526887898347568e-05,0.607944974377682,0.0002664226169503901,500
7,5,4,0.7142857142857143,10.0,15.0,455,fock_entropy_normalized,0.1541321709658524,0.0014843837992331162,0.00454344594429322,5.001295432213935e-05,0.608406616444644,0.00025438079515864684,500
7,5,5,0.7142857142857143,1.0,1.0,462,fock_entropy_normalized,0.8570206180070179,8.160470248977677e-05,0.26853846952513,0.00020012316564102227,0.62805007688726,7.782892799254698e-05,500
7,5,5,0.7142857142857143,1.0,2.0,462,fock_entropy_normalized,0.840716240243744,0.0005356179834432877,0.235380320564848,0.0009665700305191212,0.6343084325072359,0.00019883889068063795,500
7,5,5,0.7142857142857143,1.0,3.0,462,fock_entropy_normalized,0.8016596205619799,0.0016305821712891428,0.1811700392445778,0.0019460173491479232,0.6361311897637839,0.00045439382484763907,500
7,5,5,0.7142857142857143,1.0,4.0,462,fock_entropy_normalized,0.737028450316376,0.0030525282301053043,0.1245806181410504,0.002308689410519762,0.6334813789101761,0.0007680763331521294,500
7,5,5,0.7142857142857143,1.0,5.0,462,fock_entropy_normalized,0.672566518930186,0.0042578779100171165,0.0894222159990284,0.00227200294026738,0.628659467024288,0.0010884372255219525,500
7,5,5,0.7142857142857143,1.0,6.0,462,fock_entropy_normalized,0.597830861411996,0.004915331728581669,0.059675163750977846,0.0018294498539519273,0.6213170876561779,0.0013168376920874296,500
7,5,5,0.7142857142857143,1.0,7.0,462,fock_entropy_normalized,0.534021555965594,0.005052420323119855,0.04232643149665601,0.0015635148165585864,0.61535015370059,0.001321561085497598,500
7,5,5,0.7142857142857143,1.0,8.0,462,fock_entropy_normalized,0.485965206050956,0.005140121022919857,0.032684292846656124,0.001344932253747358,0.612352998272978,0.0014297797363350966,500
7,5,5,0.7142857142857143,1.0,9.0,462,fock_entropy_normalized,0.44881537829407603,0.0051950238459895276,0.02636306267617314,0.0010347949319064636,0.607048768787098,0.001396517372283184,500
7,5,5,0.7142857142857143,1.0,10.0,462,fock_entropy_normalized,0.404302608561262,0.004923881777502023,0.0202203588332028,0.0008721475258527934,0.6021255622157781,0.0014001899443331115,500
7,5,5,0.7142857142857143,1.0,11.0,462,fock_entropy_normalized,0.376803913780264,0.004750063926572117,0.01684341584041836,0.0006129813990024873,0.6019708134360799,0.0014380320528594817,500
7,5,5,0.7142857142857143,1.0,12.0,462,fock_entropy_normalized,0.356041658847644,0.004835405932623023,0.01550012700993766,0.0006846352430203776,0.5991046628606219,0.0014558579402560207,500
7,5,5,0.7142857142857143,1.0,13.0,462,fock_entropy_normalized,0.33086590926971804,0.0048365721151438735,0.0135193972051204,0.0005958829305928126,0.6018570642022001,0.001502331814842911,500
7,5,5,0.7142857142857143,1.0,14.0,462,fock_entropy_normalized,0.301916542442216,0.004737054888079915,0.011508824818215722,0.0005154125158118516,0.596183841750974,0.0013637687894529978,500
7,5,5,0.7142857142857143,1.0,15.0,462,fock_entropy_normalized,0.28029519405361386,0.0044291085112809865,0.00980087444676842,0.00034338736594205835,0.5931470561422679,0.0014293975298143198,500
7,5,5,0.7142857142857143,2.0,1.0,462,fock_entropy_normalized,0.7879488930453881,0.0002641249448322618,0.15440914944162198,0.00028995718037280277,0.610432067503338,6.003650251203325e-05,500
7,5,5,0.7142857142857143,2.0,2.0,462,fock_entropy_normalized,0.754998399152616,0.0007515785508446098,0.1258960325496578,0.0005521510086458001,0.61073491896917,0.00010774965339702584,500
7,5,5,0.7142857142857143,2.0,3.0,462,fock_entropy_normalized,0.715158529613946,0.0016416122684975525,0.1007913863627108,0.0009313124321828948,0.614471200964392,0.00020197675561781458,500
7,5,5,0.7142857142857143,2.0,4.0,462,fock_entropy_normalized,0.669242650149806,0.0024700332702257692,0.07812830564740281,0.0011272119404420172,0.618667694083702,0.00034780712273764015,500
7,5,5,0.7142857142857143,2.0,5.0,462,fock_entropy_normalized,0.610065651205048,0.003225730868592647,0.056609347129694794,0.0010799102484936526,0.62120927668675,0.00047809508237527093,500
7,5,5,0.7142857142857143,2.0,6.0,462,fock_entropy_normalized,0.560472347755624,0.0036318765061708197,0.0433453270828974,0.000937369008371496,0.620951274212602,0.0007994741988674162,500
7,5,5,0.7142857142857143,2.0,7.0,462,fock_entropy_normalized,0.511400236766466,0.003894957998424493,0.0332335736261941,0.0007749151758050409,0.620022946877388,0.000942427114136357,500
7,5,5,0.7142857142857143,2.0,8.0,462,fock_entropy_normalized,0.459333888432836,0.004081374134990295,0.025139020703053322,0.0006942173060143829,0.6206770739333459,0.001096268511085696,500
7,5,5,0.7142857142857143,2.0,9.0,462,fock_entropy_normalized,0.430851632064826,0.0039803514556137716,0.02140066212485242,0.0005847698271395375,0.616566175089438,0.0012374944761113654,500
7,5,5,0.7142857142857143,2.0,10.0,462,fock_entropy_normalized,0.39444043826346603,0.004361588883511743,0.01784375223140246,0.000514526565054127,0.6161745526482141,0.0013321170616406725,500
7,5,5,0.7142857142857143,2.0,11.0,462,fock_entropy_normalized,0.36591963630206403,0.003915858446099963,0.01492431019935984,0.000421979231593871,0.6123116664794941,0.0014935296360947315,500
7,5,5,0.7142857142857143,2.0,12.0,462,fock_entropy_normalized,0.34451358469280197,0.003973516283957418,0.013256420325158282,0.0003466049691808283,0.6102304958705181,0.0015182278454398863,500
7,5,5,0.7142857142857143,2.0,13.0,462,fock_entropy_normalized,0.321426965687588,0.003971591442788381,0.01190279830122326,0.000347436172818507,0.606122913255576,0.001399904097376525,500
7,5,5,0.7142857142857143,2.0,14.0,462,fock_entropy_normalized,0.2965591812646296,0.004064553110869253,0.010379134342432081,0.00029687890518222864,0.604463150315412,0.0015398797504000356,500
7,5,5,0.7142857142857143,2.0,15.0,462,fock_entropy_normalized,0.2804790337386464,0.003971439381213314,0.00946706124089882,0.00027576879920218465,0.6057078454711861,0.0015542429702067244,500
7,5,5,0.7142857142857143,3.0,1.0,462,fock_entropy_normalized,0.69518721025223,0.0004579087016472175,0.084831466463714,0.00025588656839987836,0.611853878692366,4.095205310221079e-05,500
7,5,5,0.7142857142857143,3.0,2.0,462,fock_entropy_normalized,0.6455457603407141,0.0011081817475605312,0.0649079058680546,0.00039769034852385504,0.610771169677652,6.995906057719347e-05,500
7,5,5,0.7142857142857143,3.0,3.0,462,fock_entropy_normalized,0.59927900195765,0.0014266249658686063,0.050315820265333995,0.0004302358363543395,0.61030247156011,0.00011032761028507687,500
7,5,5,0.7142857142857143,3.0,4.0,462,fock_entropy_normalized,0.5612195618122221,0.0019698411403175718,0.0408825321575778,0.00047044668150281687,0.6122028625772921,0.00017466040502190787,500
7,5,5,0.7142857142857143,3.0,5.0,462,fock_entropy_normalized,0.5171524707612961,0.0023478713417248373,0.032161294317374606,0.000446181723652448,0.615091354185142,0.0002604808050619751,500
7,5,5,0.7142857142857143,3.0,6.0,462,fock_entropy_normalized,0.476319237755288,0.002714048157009677,0.025805704114408256,0.00043508783211827757,0.6167201305059,0.0004098659546287186,500
7,5,5,0.7142857142857143,3.0,7.0,462,fock_entropy_normalized,0.44179844652996597,0.0027972506685239287,0.02122183354262552,0.0003518146258354905,0.6180576428743899,0.0005640960704324528,500
7,5,5,0.7142857142857143,3.0,8.0,462,fock_entropy_normalized,0.417351701517558,0.0030670543136243054,0.01882740271479798,0.0003606088809314323,0.619072549455388,0.0006750139929830266,500
7,5,5,0.7142857142857143,3.0,9.0,462,fock_entropy_normalized,0.38719530159069004,0.003135221194689314,0.01606827492143304,0.00031281481160879505,0.6194404958340339,0.0009150819364161339,500
7,5,5,0.7142857142857143,3.0,10.0,462,fock_entropy_normalized,0.3632462174586041,0.0031366663196046975,0.01413792053825358,0.00029241821258321516,0.6184945563888259,0.000978999861346749,500
7,5,5,0.7142857142857143,3.0,11.0,462,fock_entropy_normalized,0.33587099293323597,0.003262765407537397,0.012240571617188181,0.0002618933401734861,0.616801857351154,0.0011545780816969082,500
7,5,5,0.7142857142857143,3.0,12.0,462,fock_entropy_normalized,0.318830559200018,0.0031097631726317316,0.01107830397310906,0.0002173540799906273,0.6190702551946399,0.0012673829490342874,500
7,5,5,0.7142857142857143,3.0,13.0,462,fock_entropy_normalized,0.30473067384647,0.003348613996319834,0.01037145910498024,0.0002254668951664896,0.617980633398452,0.0012696578980808514,500
7,5,5,0.7142857142857143,3.0,14.0,462,fock_entropy_normalized,0.282240607861192,0.0030845187190586816,0.009094033063178561,0.00017638792873112455,0.612836863469998,0.0013642470880784966,500
7,5,5,0.7142857142857143,3.0,15.0,462,fock_entropy_normalized,0.273818347887276,0.00321591655042853,0.008788101449581219,0.00019426996004220684,0.611122547331574,0.0014033141472369816,500
7,5,5,0.7142857142857143,4.0,1.0,462,fock_entropy_normalized,0.6268627728900881,0.0008242923403330864,0.0599457249329552,0.00031776334457718714,0.611962775609888,2.5970658012093317e-05,500
7,5,5,0.7142857142857143,4.0,2.0,462,fock_entropy_normalized,0.555709816811202,0.0014596526234922037,0.0393159677455926,0.0003494047566207024,0.612772471089368,5.5887713565079646e-05,500
7,5,5,0.7142857142857143,4.0,3.0,462,fock_entropy_normalized,0.505918267206128,0.001756487963700875,0.0300244732549434,0.0003246650347938703,0.612340935387816,7.505194562537822e-05,500
7,5,5,0.7142857142857143,4.0,4.0,462,fock_entropy_normalized,0.46746070195836403,0.0018142785730744329,0.0241506329349178,0.00028636388400909307,0.611687819468322,0.00013065751351652963,500
7,5,5,0.7142857142857143,4.0,5.0,462,fock_entropy_normalized,0.43411029234833,0.001873048267156249,0.0199712220276308,0.0002437384401968648,0.612311898584202,0.00016015040865397057,500
7,5,5,0.7142857142857143,4.0,6.0,462,fock_entropy_normalized,0.40856912146032803,0.0021115906969354182,0.0174703663597762,0.0002356386025067603,0.614039159985724,0.00023174363357296595,500
7,5,5,0.7142857142857143,4.0,7.0,462,fock_entropy_normalized,0.38056269024958395,0.002151749862949457,0.01493249722049686,0.00020792699948433423,0.616345827347832,0.0003270899418236154,500
7,5,5,0.7142857142857143,4.0,8.0,462,fock_entropy_normalized,0.357466528448234,0.0023510801067281495,0.01329264363352804,0.00020053643438188538,0.617520137169854,0.0004296754510277464,500
7,5,5,0.7142857142857143,4.0,9.0,462,fock_entropy_normalized,0.34106268216898605,0.002301828536247302,0.0121055035943135,0.000179625072745338,0.617472546380594,0.0005599619766819353,500
7,5,5,0.7142857142857143,4.0,10.0,462,fock_entropy_normalized,0.3258767841022881,0.002413712234672584,0.01121263918514504,0.00018292903855607478,0.6168580943754038,0.0006487668409504751,500
7,5,5,0.7142857142857143,4.0,11.0,462,fock_entropy_normalized,0.30691268674141803,0.0024309954678197014,0.010116920182518821,0.00016031990319105316,0.618355816990178,0.0007009956228151813,500
7,5,5,0.7142857142857143,4.0,12.0,462,fock_entropy_normalized,0.29038489530603395,0.0025869178310276566,0.00933177054022938,0.00015244520729613026,0.6178298341175821,0.000975603404371011,500
7,5,5,0.7142857142857143,4.0,13.0,462,fock_entropy_normalized,0.273921017584188,0.0023997682528903684,0.008501040954841001,0.00012767779161071465,0.616697477602074,0.001002797944127458,500
7,5,5,0.7142857142857143,4.0,14.0,462,fock_entropy_normalized,0.25656443343048,0.002398764776221724,0.007752117154674521,0.00012041969809133627,0.618687047569284,0.0010447590091166704,500
7,5,5,0.7142857142857143,4.0,15.0,462,fock_entropy_normalized,0.249967953025974,0.002418566212669503,0.0074388025892289595,0.00010497592807749493,0.618501030649142,0.001206592553788429,500
7,5,5,0.7142857142857143,5.0,1.0,462,fock_entropy_normalized,0.593908142883742,0.0010896980940162371,0.0523599172920134,0.0003319972333459468,0.612163697700834,7.452642010796508e-06,500
7,5,5,0.7142857142857143,5.0,2.0,462,fock_entropy_normalized,0.50092839432305,0.0018378016327241567,0.030538222805152202,0.0003566619938076467,0.613096885093918,5.019557880236122e-05,500
7,5,5,0.7142857142857143,5.0,3.0,462,fock_entropy_normalized,0.43411603297903995,0.001977871486189818,0.0203847008296294,0.0002675024547606496,0.6139398876441721,6.531405755189686e-05,500
7,5,5,0.7142857142857143,5.0,4.0,462,fock_entropy_normalized,0.39738914185341195,0.001918165006073789,0.016463591201313063,0.0002137898552867982,0.61341384341754,7.920962941636859e-05,500
7,5,5,0.7142857142857143,5.0,5.0,462,fock_entropy_normalized,0.370028312019964,0.001997164588783699,0.01412736928173936,0.00019284840806261725,0.612622306142078,0.00013061474792127096,500
7,5,5,0.7142857142857143,5.0,6.0,462,fock_entropy_normalized,0.347510032090486,0.0019038320132036051,0.012435089035218703,0.00017537632727555449,0.612871183666424,0.00016092957899220068,500
7,5,5,0.7142857142857143,5.0,7.0,462,fock_entropy_normalized,0.33090626850614,0.0018761672876458867,0.011439054810040681,0.000150419042744445,0.614552590608782,0.00023434854209734843,500
7,5,5,0.7142857142857143,5.0,8.0,462,fock_entropy_normalized,0.313289074506734,0.0018950770513877387,0.01035955219364098,0.00013200477950374857,0.6154210132071539,0.0002809743823055723,500
7,5,5,0.7142857142857143,5.0,9.0,462,fock_entropy_normalized,0.30168391166084396,0.0020240304434119786,0.009760695820641662,0.000135152761373767,0.616557432704564,0.0003599658808405196,500
7,5,5,0.7142857142857143,5.0,10.0,462,fock_entropy_normalized,0.281583945862468,0.0019040723212485422,0.00868698604376848,0.00011064777193864944,0.617606844736644,0.0004227736706917767,500
7,5,5,0.7142857142857143,5.0,11.0,462,fock_entropy_normalized,0.27031052167364195,0.002016200961443659,0.0082096058295107,0.0001077441221738191,0.617159551183,0.000532449420622199,500
7,5,5,0.7142857142857143,5.0,12.0,462,fock_entropy_normalized,0.25828607867255005,0.001944554792578704,0.007700477049669541,9.780144664781702e-05,0.6176710977209321,0.0006771917070950377,500
7,5,5,0.7142857142857143,5.0,13.0,462,fock_entropy_normalized,0.248051155105448,0.0018916937910662993,0.007316957718291541,8.87133760871258e-05,0.6187499024920619,0.0006929990531620304,500
7,5,5,0.7142857142857143,5.0,14.0,462,fock_entropy_normalized,0.241794446845836,0.0020171267031590086,0.007082620215665781,9.052851103659988e-05,0.61803192749284,0.0008063575888180188,500
7,5,5,0.7142857142857143,5.0,15.0,462,fock_entropy_normalized,0.22670880979007,0.0018224584070452537,0.00652430693527814,7.443362231598683e-05,0.617512773509424,0.000937842191382195,500
7,5,5,0.7142857142857143,6.0,1.0,462,fock_entropy_normalized,0.5689554687274819,0.0011536569738864583,0.0470953203541704,0.0003001547967842694,0.6124816111306121,2.9527361296551086e-06,500
7,5,5,0.7142857142857143,6.0,2.0,462,fock_entropy_normalized,0.472504479675134,0.0019375743156571214,0.027237070706075003,0.000329510636313445,0.61267218693889,3.2236455999454696e-05,500
7,5,5,0.7142857142857143,6.0,3.0,462,fock_entropy_normalized,0.400095433684692,0.002259153127241877,0.01767994739515972,0.0002875386380692523,0.6143258497664901,7.144788613966277e-05,500
7,5,5,0.7142857142857143,6.0,4.0,462,fock_entropy_normalized,0.35006370127732,0.002170684341268165,0.01297753389344996,0.00020977045741761672,0.6146861194982539,7.527168943655866e-05,500
7,5,5,0.7142857142857143,6.0,5.0,462,fock_entropy_normalized,0.32248494523736193,0.002056910725163403,0.01097714940806874,0.0001673067037018494,0.6141436924438279,0.00010126598369914987,500
7,5,5,0.7142857142857143,6.0,6.0,462,fock_entropy_normalized,0.301939696201874,0.0020049430266889925,0.009796529600671022,0.0001541130703720833,0.613371079370454,0.00013290334911561725,500
7,5,5,0.7142857142857143,6.0,7.0,462,fock_entropy_normalized,0.288944730443808,0.0018984084769177651,0.00910726493434978,0.00012883910974332508,0.61341980066874,0.00015781277480307905,500
7,5,5,0.7142857142857143,6.0,8.0,462,fock_entropy_normalized,0.275461033269622,0.0017523509271904797,0.008467976881849118,0.00010791802915653121,0.61427388031794,0.0002173914292198829,500
7,5,5,0.7142857142857143,6.0,9.0,462,fock_entropy_normalized,0.26564279589383605,0.0018506846447013145,0.00808270239620408,0.00011344666088581616,0.6153409650606381,0.0002506967401415255,500
7,5,5,0.7142857142857143,6.0,10.0,462,fock_entropy_normalized,0.251884173332506,0.001742829808387826,0.00746105868553752,9.135876493205913e-05,0.616270598948992,0.00035518385390086117,500
7,5,5,0.7142857142857143,6.0,11.0,462,fock_entropy_normalized,0.243465310047928,0.001610269735093664,0.00708726346975852,7.82955602070686e-05,0.6168177204860419,0.00037849927315141633,500
7,5,5,0.7142857142857143,6.0,12.0,462,fock_entropy_normalized,0.231848807615732,0.0017902922775650924,0.0066750143207076,8.285960434006096e-05,0.617611178743834,0.0004265326779205205,500
7,5,5,0.7142857142857143,6.0,13.0,462,fock_entropy_normalized,0.225032988823518,0.001737163940120609,0.00643494090685934,7.625896606878928e-05,0.617698551183808,0.0005169852814946374,500
7,5,5,0.7142857142857143,6.0,14.0,462,fock_entropy_normalized,0.21494241924859198,0.0015829323436808275,0.00609995150330632,6.507216059550962e-05,0.6180988721725019,0.0005963419368478052,500
7,5,5,0.7142857142857143,6.0,15.0,462,fock_entropy_normalized,0.209115939677192,0.0016795092295544206,0.005926682807377119,6.483975932775991e-05,0.6180289693857101,0.0006859319840049697,500
7,5,5,0.7142857142857143,7.0,1.0,462,fock_entropy_normalized,0.552394384159652,0.0011046810139186268,0.044102608926727196,0.00025590855571787835,0.612707672827738,1.867007541774813e-06,500
7,5,5,0.7142857142857143,7.0,2.0,462,fock_entropy_normalized,0.45335530573835003,0.0019131137954627737,0.0253506561135454,0.0003001784091214347,0.612622567304462,1.3697471898269077e-05,500
7,5,5,0.7142857142857143,7.0,3.0,462,fock_entropy_normalized,0.377283693383912,0.0021893193480729406,0.01600148017213374,0.000244792530845238,0.6138871499071461,6.677226904943768e-05,500
7,5,5,0.7142857142857143,7.0,4.0,462,fock_entropy_normalized,0.3301969822576081,0.0025417478573307737,0.01218579363080718,0.00024252471384715284,0.615048330616566,8.038958920646426e-05,500
7,5,5,0.7142857142857143,7.0,5.0,462,fock_entropy_normalized,0.292563076870936,0.0020737449716004873,0.00945313460414882,0.00014505877744120028,0.615168456166756,8.024223358658637e-05,500
7,5,5,0.7142857142857143,7.0,6.0,462,fock_entropy_normalized,0.272269906085312,0.0020179180576594667,0.00840686916894792,0.00012328876783958677,0.614643766774672,0.00010444059829632597,500
7,5,5,0.7142857142857143,7.0,7.0,462,fock_entropy_normalized,0.255475209141872,0.0020218138361836227,0.00765034431581912,0.00012283536823440278,0.613725851481916,0.00014956629230960438,500
7,5,5,0.7142857142857143,7.0,8.0,462,fock_entropy_normalized,0.242526679026746,0.0016941862378787324,0.0070566363832823996,9.279281531270102e-05,0.613500650287972,0.00017252370652567198,500
7,5,5,0.7142857142857143,7.0,9.0,462,fock_entropy_normalized,0.23479487932158202,0.0017551130903540129,0.006818694053766799,9.24627812498163e-05,0.614725261984412,0.00019118388588485773,500
7,5,5,0.7142857142857143,7.0,10.0,462,fock_entropy_normalized,0.227771063276114,0.0016032009915405573,0.00657134007277444,7.686976845878441e-05,0.615344594976568,0.00024295863867697658,500
7,5,5,0.7142857142857143,7.0,11.0,462,fock_entropy_normalized,0.221357193799492,0.0016864783157753199,0.00638841566682294,8.152407436170031e-05,0.615810920122222,0.00028876834903832294,500
7,5,5,0.7142857142857143,7.0,12.0,462,fock_entropy_normalized,0.21182423017321003,0.0016265920380715013,0.0060521092756374,7.085959182323627e-05,0.617301153788028,0.0003287252228219483,500
7,5,5,0.7142857142857143,7.0,13.0,462,fock_entropy_normalized,0.202326085383014,0.001592608964186551,0.005737148190923101,6.49510318783351e-05,0.6182388457699919,0.00036990395811648024,500
7,5,5,0.7142857142857143,7.0,14.0,462,fock_entropy_normalized,0.19702463402648998,0.0015664278101872517,0.00558604045378674,6.136790355202228e-05,0.616694640879874,0.00047637451481312405,500
7,5,5,0.7142857142857143,7.0,15.0,462,fock_entropy_normalized,0.19513798715015598,0.001613203831749242,0.005538412884678181,6.325156624745358e-05,0.61773092907198,0.0005181588055890285,500
7,5,5,0.7142857142857143,8.0,1.0,462,fock_entropy_normalized,0.5380315959572161,0.0011859778649936767,0.041789783552161994,0.0002610455507686234,0.6128625812001981,1.4735945269536143e-06,500
7,5,5,0.7142857142857143,8.0,2.0,462,fock_entropy_normalized,0.439077162845878,0.002112351993892081,0.0242277834603304,0.00032268797593550065,0.61276891513813,6.833094919473036e-06,500
7,5,5,0.7142857142857143,8.0,3.0,462,fock_entropy_normalized,0.36679890352616196,0.002386545601769841,0.01562709564891294,0.000257179850124464,0.613400395492072,5.3332950505365175e-05,500
7,5,5,0.7142857142857143,8.0,4.0,462,fock_entropy_normalized,0.310848530978962,0.0022997279445932787,0.010960839276559579,0.0001724751242879088,0.6149503074385381,8.210305030784674e-05,500
7,5,5,0.7142857142857143,8.0,5.0,462,fock_entropy_normalized,0.27162858675067597,0.002224011684115897,0.00861280845242352,0.00014136173594729752,0.615690011218678,7.904070991865993e-05,500
7,5,5,0.7142857142857143,8.0,6.0,462,fock_entropy_normalized,0.25248549550929,0.002220659996704876,0.00773564568557952,0.00012805228706554814,0.6152666546347559,9.117508951196276e-05,500
7,5,5,0.7142857142857143,8.0,7.0,462,fock_entropy_normalized,0.23436564374066798,0.001974935054063508,0.00685012925185522,9.566030618065832e-05,0.61479432655041,0.00010961649922571422,500
7,5,5,0.7142857142857143,8.0,8.0,462,fock_entropy_normalized,0.221609588780024,0.0018712058853996437,0.00636660364654368,8.849107518790664e-05,0.614196548826138,0.0001375562153620174,500
7,5,5,0.7142857142857143,8.0,9.0,462,fock_entropy_normalized,0.210298025047606,0.0016339440549345476,0.00597358827874222,7.253103736039622e-05,0.613957691900458,0.0001722727552590368,500
7,5,5,0.7142857142857143,8.0,10.0,462,fock_entropy_normalized,0.205695583094476,0.0016611512291772592,0.00585131599803676,6.895613194513746e-05,0.614366884111448,0.0001878111101840329,500
7,5,5,0.7142857142857143,8.0,11.0,462,fock_entropy_normalized,0.203427826063954,0.0017315408422245927,0.00587046150342836,8.27364051138918e-05,0.615018083743326,0.0002185268107485344,500
7,5,5,0.7142857142857143,8.0,12.0,462,fock_entropy_normalized,0.19440254998513,0.0017031348188385844,0.00555795343173004,7.141695370015004e-05,0.6159482127289,0.0002648658481126995,500
7,5,5,0.7142857142857143,8.0,13.0,462,fock_entropy_normalized,0.18688182419219004,0.0016486207807641584,0.0053372890056473,6.930432217457617e-05,0.616620159719786,0.0003052721632920908,500
7,5,5,0.7142857142857143,8.0,14.0,462,fock_entropy_normalized,0.184653153207482,0.0016183585844700222,0.0052820423201874606,6.703466222649555e-05,0.6166773649484519,0.00037425653852500107,500
7,5,5,0.7142857142857143,8.0,15.0,462,fock_entropy_normalized,0.17597867541292198,0.0014553604200796563,0.004987708111847701,5.0634402153347126e-05,0.6173980405522921,0.00035299873840186416,500
7,5,5,0.7142857142857143,9.0,1.0,462,fock_entropy_normalized,0.5244800945299841,0.001184349331808448,0.0396485071462614,0.0002419881391454888,0.6129749344224481,1.1191311597191872e-06,500
7,5,5,0.7142857142857143,9.0,2.0,462,fock_entropy_normalized,0.430985584884452,0.0019559960861427164,0.023621170390668002,0.00028277222264079505,0.6129068425858679,3.344745224429717e-06,500
7,5,5,0.7142857142857143,9.0,3.0,462,fock_entropy_normalized,0.348190365523528,0.00230386395328065,0.0142328304030693,0.00022757912417721826,0.6131867215826781,3.708340497911188e-05,500
7,5,5,0.7142857142857143,9.0,4.0,462,fock_entropy_normalized,0.302009959712328,0.0025466812688926897,0.010846607520543498,0.00020219660750413857,0.614505136259912,8.036591529793253e-05,500
7,5,5,0.7142857142857143,9.0,5.0,462,fock_entropy_normalized,0.261259950328662,0.002315940087006121,0.00830264841703418,0.0001328654672066216,0.6155934498130959,8.938209472438553e-05,500
7,5,5,0.7142857142857143,9.0,6.0,462,fock_entropy_normalized,0.23453094004126002,0.0021887787956693266,0.0070397632744934,0.00011317017112537029,0.615879708363018,8.535201461651303e-05,500
7,5,5,0.7142857142857143,9.0,7.0,462,fock_entropy_normalized,0.21617164102171,0.002100553810460132,0.00630500317396102,9.574991419923982e-05,0.61536280800343,9.053985136754388e-05,500
7,5,5,0.7142857142857143,9.0,8.0,462,fock_entropy_normalized,0.203025770577112,0.0019349847061832155,0.005809641287296721,8.303931570643311e-05,0.61472967869354,0.00010962087377638254,500
7,5,5,0.7142857142857143,9.0,9.0,462,fock_entropy_normalized,0.19478110788186398,0.001859322405984484,0.00554796546169968,7.458089920597088e-05,0.614578722577582,0.00014896664627488118,500
7,5,5,0.7142857142857143,9.0,10.0,462,fock_entropy_normalized,0.19017820260307602,0.0018314095158657605,0.005452045315466199,7.447013907286634e-05,0.614441570201388,0.00016411070579085382,500
7,5,5,0.7142857142857143,9.0,11.0,462,fock_entropy_normalized,0.18401511812823798,0.0016724205345514216,0.005260909895716021,6.572115731751571e-05,0.6146632546386379,0.00018251495791523332,500
7,5,5,0.7142857142857143,9.0,12.0,462,fock_entropy_normalized,0.17975458203743,0.001682016187676953,0.00517129950878982,6.43301431715788e-05,0.615273120750458,0.00022132223391717868,500
7,5,5,0.7142857142857143,9.0,13.0,462,fock_entropy_normalized,0.17386891560812803,0.0015842839068017716,0.00500170926663484,5.733199994137243e-05,0.6154909247086701,0.000286561695404567,500
7,5,5,0.7142857142857143,9.0,14.0,462,fock_entropy_normalized,0.172755030011272,0.0017633011093552008,0.005010359783476101,8.187911429274842e-05,0.615907460283302,0.00028261922423877204,500
7,5,5,0.7142857142857143,9.0,15.0,462,fock_entropy_normalized,0.1633949140984884,0.001520807546329458,0.004715864608204761,5.4010598203205666e-05,0.616680380783034,0.0003190404086086758,500
7,5,5,0.7142857142857143,10.0,1.0,462,fock_entropy_normalized,0.5163394117235041,0.0010871107883317016,0.038519634507415204,0.00021735043637975102,0.6130624889502521,7.585666462941079e-07,500
7,5,5,0.7142857142857143,10.0,2.0,462,fock_entropy_normalized,0.42126316136783,0.0019272562958133471,0.0227762714074028,0.00027299560556579174,0.6130110538007839,1.6067810647652766e-06,500
7,5,5,0.7142857142857143,10.0,3.0,462,fock_entropy_normalized,0.34367011288758,0.0022052963412536636,0.0140976847588624,0.00021450564474621563,0.6130614086163301,1.7569296839085712e-05,500
7,5,5,0.7142857142857143,10.0,4.0,462,fock_entropy_normalized,0.294073011463508,0.0025039550340013963,0.01048966435506258,0.00018694739623680045,0.613981888744922,6.63572682346878e-05,500
7,5,5,0.7142857142857143,10.0,5.0,462,fock_entropy_normalized,0.254480038046558,0.002326803962962356,0.00814831076045948,0.00013742767718234055,0.615400588756848,9.609994931773335e-05,500
7,5,5,0.7142857142857143,10.0,6.0,462,fock_entropy_normalized,0.230114771545406,0.0022642588846147277,0.0070289972738673805,0.00011516923994615669,0.615854610385462,8.680792421378731e-05,500
7,5,5,0.7142857142857143,10.0,7.0,462,fock_entropy_normalized,0.206206145555386,0.0020952645185044233,0.00603361888236084,8.878429758463339e-05,0.6158257471287081,8.569224023094438e-05,500
7,5,5,0.7142857142857143,10.0,8.0,462,fock_entropy_normalized,0.192060598691214,0.0018825796255766854,0.005544303291400061,7.453915640407675e-05,0.6156474021869819,9.878818975751221e-05,500
7,5,5,0.7142857142857143,10.0,9.0,462,fock_entropy_normalized,0.18200555489869238,0.001854369321555698,0.005207813925591699,6.998381306451799e-05,0.614968664711114,0.00012285466173542377,500
7,5,5,0.7142857142857143,10.0,10.0,462,fock_entropy_normalized,0.17349908376706338,0.0018910570362646257,0.004990821540900901,6.985581980648098e-05,0.61447614475355,0.0001463823738882687,500
7,5,5,0.7142857142857143,10.0,11.0,462,fock_entropy_normalized,0.1675165134930798,0.001732257438077931,0.00482960333159048,6.443939867251362e-05,0.6141104127170379,0.00019372368255887555,500
7,5,5,0.7142857142857143,10.0,12.0,462,fock_entropy_normalized,0.1646009084029,0.0017057526099351105,0.004776091794640299,6.370776867450388e-05,0.614594920395204,0.00019558072391388044,500
7,5,5,0.7142857142857143,10.0,13.0,462,fock_entropy_normalized,0.158336953757946,0.001580160296281098,0.00460772189549744,5.512440948536364e-05,0.6153711856659758,0.0002153379149249482,500
7,5,5,0.7142857142857143,10.0,14.0,462,fock_entropy_normalized,0.15532890516010936,0.0014930251299342875,0.00453656987519398,4.9307406076203886e-05,0.6157765993149139,0.00023737240352584668,500
7,5,5,0.7142857142857143,10.0,15.0,462,fock_entropy_normalized,0.15284029931440318,0.0014619190270189872,0.00447085702718658,4.6891647948988994e-05,0.615567660887846,0.0002917533139888981,500
7,6,3,0.8571428571428571,1.0,1.0,728,fock_entropy_normalized,0.8762453709138259,6.294644932580957e-05,0.28979533178839595,0.00019102455983299762,0.79437464139614,5.7513445826191736e-05,500
7,6,3,0.8571428571428571,1.0,2.0,728,fock_entropy_normalized,0.8622387292238121,0.00043684808893834144,0.253761497459708,0.0009937445726581977,0.7858491583782441,0.0002126147559645257,500
7,6,3,0.8571428571428571,1.0,3.0,728,fock_entropy_normalized,0.830773944060848,0.0013304223044304031,0.1981665462283188,0.001969607224918525,0.774292662362388,0.00037485647861845993,500
7,6,3,0.8571428571428571,1.0,4.0,728,fock_entropy_normalized,0.775618469756962,0.0027555781545199774,0.1388110860796516,0.002538217557390076,0.763746150306756,0.0004597463511937089,500
7,6,3,0.8571428571428571,1.0,5.0,728,fock_entropy_normalized,0.7110437181343159,0.004044125185972232,0.0953682545334258,0.0024428072726563896,0.755201606210386,0.0005045429701324883,500
7,6,3,0.8571428571428571,1.0,6.0,728,fock_entropy_normalized,0.6452459291778659,0.004749191271676125,0.06602478478967877,0.002231370750563166,0.7488852937488579,0.00048311100952004116,500
7,6,3,0.8571428571428571,1.0,7.0,728,fock_entropy_normalized,0.582754101931166,0.005326781656616895,0.04694476318357758,0.0018600316926265805,0.744597307013158,0.000470822720263073,500
7,6,3,0.8571428571428571,1.0,8.0,728,fock_entropy_normalized,0.52172213437546,0.005538782824922562,0.033049274418723906,0.0015053192942349786,0.7401932516905281,0.00048020606356707863,500
7,6,3,0.8571428571428571,1.0,9.0,728,fock_entropy_normalized,0.47849362202638795,0.005391507631878454,0.024975598496597418,0.0011546555315530276,0.737765319188462,0.0004474881434150231,500
7,6,3,0.8571428571428571,1.0,10.0,728,fock_entropy_normalized,0.44030361186604,0.005497587552520166,0.0198206954332653,0.0009126044723369822,0.7355914200896241,0.00042166082342839776,500
7,6,3,0.8571428571428571,1.0,11.0,728,fock_entropy_normalized,0.394953967927252,0.005160366889156989,0.014713562079032958,0.0006935552103125325,0.7337343121130241,0.00040049958101313145,500
7,6,3,0.8571428571428571,1.0,12.0,728,fock_entropy_normalized,0.38087644332977594,0.005042397693063836,0.01354152288698178,0.000764450982154178,0.7330664196173541,0.0004425954073216031,500
7,6,3,0.8571428571428571,1.0,13.0,728,fock_entropy_normalized,0.355048501354206,0.005029391603560818,0.01143488503522808,0.0005463163404856789,0.732030852869564,0.00042546742555339847,500
7,6,3,0.8571428571428571,1.0,14.0,728,fock_entropy_normalized,0.334557059633558,0.005260678976885454,0.01060289864427658,0.00055113229872956,0.7304897906927179,0.0004347577935352322,500
7,6,3,0.8571428571428571,1.0,15.0,728,fock_entropy_normalized,0.31405265703407304,0.0048118674022140035,0.00897996021591814,0.00044062880758681164,0.729897270038078,0.00043784888244215257,500
7,6,3,0.8571428571428571,2.0,1.0,728,fock_entropy_normalized,0.825491142489288,9.180100324726911e-05,0.173437326975244,0.00015343840095041275,0.7899004625731,3.145881581410095e-05,500
7,6,3,0.8571428571428571,2.0,2.0,728,fock_entropy_normalized,0.80922837878042,0.0004939252326497548,0.152959906346764,0.0005652931844333328,0.7884040962828279,0.00011119980959392096,500
7,6,3,0.8571428571428571,2.0,3.0,728,fock_entropy_normalized,0.7745870150343159,0.0012995502824335173,0.12141146076234341,0.0010335234805130796,0.783386328566434,0.00023788601940937185,500
7,6,3,0.8571428571428571,2.0,4.0,728,fock_entropy_normalized,0.727534097438014,0.0024791300340851895,0.09235485452181641,0.0013935295496273438,0.776612284173036,0.00037981005472186653,500
7,6,3,0.8571428571428571,2.0,5.0,728,fock_entropy_normalized,0.677224143117146,0.003320552839792349,0.0692331237425408,0.001371215589722589,0.7695171517855419,0.0004782295305225029,500
7,6,3,0.8571428571428571,2.0,6.0,728,fock_entropy_normalized,0.6201923952464119,0.004105431498302389,0.05100117700555002,0.0013262007571026837,0.76258103436353,0.0005549509383423296,500
7,6,3,0.8571428571428571,2.0,7.0,728,fock_entropy_normalized,0.56347589737715,0.00434547762582808,0.036228863293731366,0.000996071865786285,0.7573331880863761,0.0006151323536202746,500
7,6,3,0.8571428571428571,2.0,8.0,728,fock_entropy_normalized,0.50873280529273,0.0047142875167136425,0.026966695426268138,0.0008743287407112331,0.75088694058843,0.0005723977453746734,500
7,6,3,0.8571428571428571,2.0,9.0,728,fock_entropy_normalized,0.467392910414202,0.0049110042014309935,0.0215506285155182,0.0007726281668226694,0.746485163394656,0.0005739828983000575,500
7,6,3,0.8571428571428571,2.0,10.0,728,fock_entropy_normalized,0.43821926443104,0.004705870008112638,0.01789687822439706,0.0006596378560900225,0.7441714968982681,0.0005851752668937685,500
7,6,3,0.8571428571428571,2.0,11.0,728,fock_entropy_normalized,0.401161720290142,0.004987344124181431,0.01489252399215002,0.0006452267750576601,0.74244314116803,0.0005439759332202331,500
7,6,3,0.8571428571428571,2.0,12.0,728,fock_entropy_normalized,0.379280477232066,0.004867085728931934,0.01276856274098762,0.00048408405509841235,0.739391866842734,0.0005588518500840721,500
7,6,3,0.8571428571428571,2.0,13.0,728,fock_entropy_normalized,0.347954217052042,0.004717515289534929,0.0105242304716724,0.0004179389719603871,0.738647706910674,0.000507411486345755,500
7,6,3,0.8571428571428571,2.0,14.0,728,fock_entropy_normalized,0.325630259797804,0.0044549141778287,0.009076853872693259,0.0003344082283269443,0.736226355978792,0.0004964810650129752,500
7,6,3,0.8571428571428571,2.0,15.0,728,fock_entropy_normalized,0.3047860918853672,0.004690065333534709,0.0083344359453694,0.00035283272461014123,0.7357498416783339,0.00052797049005509,500
7,6,3,0.8571428571428571,3.0,1.0,728,fock_entropy_normalized,0.727881842840274,0.0002166323298175933,0.08593302971922659,0.00018906044492151454,0.785896481179416,4.164478362215358e-05,500
7,6,3,0.8571428571428571,3.0,2.0,728,fock_entropy_normalized,0.700722194426994,0.0006744069977942194,0.06862514569694539,0.0003521465160421802,0.7905272051902159,0.00010311604885754868,500
7,6,3,0.8571428571428571,3.0,3.0,728,fock_entropy_normalized,0.6689946636142381,0.0011429491996282487,0.056327336625847206,0.000396251049956371,0.790315018285198,0.00014467988560495717,500
7,6,3,0.8571428571428571,3.0,4.0,728,fock_entropy_normalized,0.6323553398269919,0.0017673342644754756,0.04602440273228559,0.0004608389860115787,0.786561950923196,0.0002658760387944436,500
7,6,3,0.8571428571428571,3.0,5.0,728,fock_entropy_normalized,0.595128334838472,0.002422620382337858,0.037808878011582205,0.0005132761401510967,0.781816968104264,0.0003996028572920486,500
7,6,3,0.8571428571428571,3.0,6.0,728,fock_entropy_normalized,0.549686936426948,0.0029253606582773555,0.029694466821527817,0.0005195832579741383,0.7757044632159139,0.000482006073417918,500
7,6,3,0.8571428571428571,3.0,7.0,728,fock_entropy_normalized,0.505067457131786,0.003293246183131807,0.02325276260424596,0.0004712582235738244,0.7699477565556819,0.0005694701117617574,500
7,6,3,0.8571428571428571,3.0,8.0,728,fock_entropy_normalized,0.46719927976714803,0.0034035614973742133,0.01872677125001002,0.00038734869434554583,0.763217072071284,0.0006119648169929932,500
7,6,3,0.8571428571428571,3.0,9.0,728,fock_entropy_normalized,0.43853640313366,0.003302888380333338,0.015779627487401582,0.00033329491432610835,0.76036908861223,0.000659174019988327,500
7,6,3,0.8571428571428571,3.0,10.0,728,fock_entropy_normalized,0.40385285160038004,0.0037103732097240544,0.01332918007634872,0.00035489790367830955,0.755025175146412,0.0006717135646122257,500
7,6,3,0.8571428571428571,3.0,11.0,728,fock_entropy_normalized,0.37356460889159,0.003817962899254415,0.01118027060792118,0.0002821999328795279,0.7507563255975519,0.0006306692974473883,500
7,6,3,0.8571428571428571,3.0,12.0,728,fock_entropy_normalized,0.35883276212666,0.003708421944377285,0.010245324719696238,0.00026285577993667583,0.748549053622054,0.0006479841450712227,500
7,6,3,0.8571428571428571,3.0,13.0,728,fock_entropy_normalized,0.33273636314959004,0.003913333926798098,0.00897313908058266,0.00025035684018351843,0.746499355098314,0.0006801622094452833,500
7,6,3,0.8571428571428571,3.0,14.0,728,fock_entropy_normalized,0.312204377741926,0.003694280994697065,0.00786660314363254,0.00020458455710376018,0.7441763433676581,0.0006512463639887649,500
7,6,3,0.8571428571428571,3.0,15.0,728,fock_entropy_normalized,0.294714979974472,0.0037395636679893943,0.007194356621460061,0.00020500990519836416,0.7409779149023361,0.0005901473126546796,500
7,6,3,0.8571428571428571,4.0,1.0,728,fock_entropy_normalized,0.640880648506282,0.0005335245652872871,0.0568921472623398,0.0002237468948467225,0.78436317674903,1.7261428656998714e-05,500
7,6,3,0.8571428571428571,4.0,2.0,728,fock_entropy_normalized,0.59152876594104,0.0010394616006819768,0.0386437876304646,0.0003454992054387268,0.788660616210004,0.00012775934038227038,500
7,6,3,0.8571428571428571,4.0,3.0,728,fock_entropy_normalized,0.551344595518056,0.001355136105645239,0.028334573077780197,0.0003097387959570249,0.7927244439908241,0.00014432566610374695,500
7,6,3,0.8571428571428571,4.0,4.0,728,fock_entropy_normalized,0.520386452888662,0.0015188461993411203,0.023045859509968403,0.0002575061515942833,0.7925362375855359,0.00016899929951571933,500
7,6,3,0.8571428571428571,4.0,5.0,728,fock_entropy_normalized,0.493380256482978,0.001701045415352305,0.0198143780681496,0.0002152965640226615,0.789578896882204,0.0002718318252983932,500
7,6,3,0.8571428571428571,4.0,6.0,728,fock_entropy_normalized,0.466756604591582,0.001967899755432648,0.017264065808897597,0.00021213772076603314,0.7850431338837339,0.00038399172829103255,500
7,6,3,0.8571428571428571,4.0,7.0,728,fock_entropy_normalized,0.442133311983682,0.002335245786251704,0.01525421363135614,0.00021144087007415974,0.78071556084754,0.00048430333442762904,500
7,6,3,0.8571428571428571,4.0,8.0,728,fock_entropy_normalized,0.413918254304778,0.0024242741797843477,0.0129734198352675,0.00018584141010478204,0.7762033386169159,0.0005666099966002583,500
7,6,3,0.8571428571428571,4.0,9.0,728,fock_entropy_normalized,0.384304669837606,0.0024732503721215417,0.01103073675930694,0.000170318204398817,0.769283522079518,0.0005832737683208895,500
7,6,3,0.8571428571428571,4.0,10.0,728,fock_entropy_normalized,0.3689354333709,0.002703134326456132,0.010227350948980501,0.0001742060678631118,0.766517146092254,0.0006431403305847004,500
7,6,3,0.8571428571428571,4.0,11.0,728,fock_entropy_normalized,0.34009441703915,0.0027909621189791444,0.008697883842787999,0.00015412178639754765,0.760873663138388,0.0006739263774164461,500
7,6,3,0.8571428571428571,4.0,12.0,728,fock_entropy_normalized,0.326347277781796,0.0028787705163436286,0.00808045071474038,0.00014408206106398928,0.7578387841431661,0.0006834731139083361,500
7,6,3,0.8571428571428571,4.0,13.0,728,fock_entropy_normalized,0.30701698937938,0.0028482473133607644,0.0072616826211805595,0.00013415824260491147,0.755657190450482,0.0007147928816809341,500
7,6,3,0.8571428571428571,4.0,14.0,728,fock_entropy_normalized,0.29414692156913796,0.002976294850175401,0.00679461565079158,0.00013106108929837381,0.75275008238384,0.0007137211475753954,500
7,6,3,0.8571428571428571,4.0,15.0,728,fock_entropy_normalized,0.27372791062051,0.002795796996630831,0.005998702129824901,0.0001054558552957673,0.7485993084667439,0.0006629763810739558,500
7,6,3,0.8571428571428571,5.0,1.0,728,fock_entropy_normalized,0.594561001252392,0.000821079606246811,0.0471308979368866,0.00023459089615523557,0.784612731460008,3.2089589814676484e-06,500
7,6,3,0.8571428571428571,5.0,2.0,728,fock_entropy_normalized,0.520638952224718,0.0014807424528793687,0.0287245576540814,0.0003308455669748115,0.7862769717073519,8.524101559957153e-05,500
7,6,3,0.8571428571428571,5.0,3.0,728,fock_entropy_normalized,0.468194635407784,0.0016939474547133617,0.018923432220453697,0.00028262078474156554,0.7920395155385039,0.00018583248579310394,500
7,6,3,0.8571428571428571,5.0,4.0,728,fock_entropy_normalized,0.433412791969994,0.0017257688654259205,0.014416450234107418,0.00021223502519090626,0.794883471154322,0.0001696215865466378,500
7,6,3,0.8571428571428571,5.0,5.0,728,fock_entropy_normalized,0.410141834373638,0.0016785273086413416,0.0122720350282981,0.000160416868686963,0.79422953088917,0.0002070988050748613,500
7,6,3,0.8571428571428571,5.0,6.0,728,fock_entropy_normalized,0.39261944706111795,0.0017179680181080713,0.011149105188690799,0.00015016569622684601,0.7921288074221859,0.00026340289597675994,500
7,6,3,0.8571428571428571,5.0,7.0,728,fock_entropy_normalized,0.37439346840153,0.0016204828949237954,0.01002975205880416,0.00011033887522236961,0.788202823164346,0.00038370152523606283,500
7,6,3,0.8571428571428571,5.0,8.0,728,fock_entropy_normalized,0.35710663890345,0.0018292483135110577,0.00923127822800106,0.00011466676447886066,0.78387505837508,0.0004768863110942582,500
7,6,3,0.8571428571428571,5.0,9.0,728,fock_entropy_normalized,0.338785499749702,0.0020313140242630796,0.0083533613860048,0.0001073283698958752,0.7791922728167499,0.0005512168787505508,500
7,6,3,0.8571428571428571,5.0,10.0,728,fock_entropy_normalized,0.32284010537728397,0.002018312136663059,0.007595333830135381,9.621475668292694e-05,0.775656287513698,0.0005764543741897571,500
7,6,3,0.8571428571428571,5.0,11.0,728,fock_entropy_normalized,0.30715625074106,0.0020232078590991815,0.0069859366931948,9.426769938458085e-05,0.770659037910154,0.0006229081813444687,500
7,6,3,0.8571428571428571,5.0,12.0,728,fock_entropy_normalized,0.29472889629811,0.002174938668288891,0.0065484549194668,9.323420924004343e-05,0.7674599252048699,0.0006866750500387195,500
7,6,3,0.8571428571428571,5.0,13.0,728,fock_entropy_normalized,0.28434098566147,0.0023442110497043428,0.006253655073707641,9.610962598398155e-05,0.765433665973536,0.0007416147175501766,500
7,6,3,0.8571428571428571,5.0,14.0,728,fock_entropy_normalized,0.270282397838076,0.002117850165110465,0.00570305534432166,7.519342726345234e-05,0.760271535553924,0.0007314046713076516,500
7,6,3,0.8571428571428571,5.0,15.0,728,fock_entropy_normalized,0.25915038707957605,0.0023103543416122096,0.00544232717588194,8.083882373697102e-05,0.756873796893572,0.0007444703754248873,500
7,6,3,0.8571428571428571,6.0,1.0,728,fock_entropy_normalized,0.566836057898078,0.0009634865642519687,0.041843955678509,0.00023663652786446728,0.784915545367668,2.299120593094039e-06,500
7,6,3,0.8571428571428571,6.0,2.0,728,fock_entropy_normalized,0.48224638959410404,0.0017707613924735088,0.0246517848729474,0.00031053840393285425,0.785186619822578,3.594013376040111e-05,500
7,6,3,0.8571428571428571,6.0,3.0,728,fock_entropy_normalized,0.41923563791358004,0.001914756575721721,0.015307866796458342,0.00025348167894856323,0.789374376451376,0.0001655899012434293,500
7,6,3,0.8571428571428571,6.0,4.0,728,fock_entropy_normalized,0.37435685148723796,0.001813862552423683,0.010679809568083102,0.00017005707520310222,0.7947901463516079,0.00020781943141626573,500
7,6,3,0.8571428571428571,6.0,5.0,728,fock_entropy_normalized,0.350080957042536,0.0018513018205764669,0.008953957856484682,0.00014050140308795753,0.7962858610234079,0.00017335119788439455,500
7,6,3,0.8571428571428571,6.0,6.0,728,fock_entropy_normalized,0.3335284253708,0.0017425742071079861,0.00798403893568606,0.0001165098967760847,0.795403706694768,0.0002017145216613846,500
7,6,3,0.8571428571428571,6.0,7.0,728,fock_entropy_normalized,0.32002316762917,0.0016833591460697745,0.00739212736107022,0.0001047511207587616,0.7930662401790499,0.000289434690830841,500
7,6,3,0.8571428571428571,6.0,8.0,728,fock_entropy_normalized,0.30846201401378404,0.001587933975093059,0.0069185913585228,8.530263781903053e-05,0.7897573061783459,0.0003787540641813428,500
7,6,3,0.8571428571428571,6.0,9.0,728,fock_entropy_normalized,0.30013483028804605,0.0016536101840582606,0.00665405188280976,8.012954112179722e-05,0.786963902368658,0.0004662369003729414,500
7,6,3,0.8571428571428571,6.0,10.0,728,fock_entropy_normalized,0.28785409013330193,0.0016190787510484566,0.00621171587505686,7.35328105598423e-05,0.783277505797306,0.0005409727740215334,500
7,6,3,0.8571428571428571,6.0,11.0,728,fock_entropy_normalized,0.277262937422592,0.0017590801025956398,0.00591554899235396,7.60549989953976e-05,0.7787412564798321,0.0005837632022695156,500
7,6,3,0.8571428571428571,6.0,12.0,728,fock_entropy_normalized,0.264709051113516,0.001649705665827589,0.00545167217921266,6.25509018613948e-05,0.77652693333657,0.0006278605643064383,500
7,6,3,0.8571428571428571,6.0,13.0,728,fock_entropy_normalized,0.254864914373864,0.0018256125796008984,0.0052133955357116,6.555305387079576e-05,0.772846867851296,0.0006525613694870272,500
7,6,3,0.8571428571428571,6.0,14.0,728,fock_entropy_normalized,0.245085877621424,0.0017985524160579911,0.00495027899037456,6.251270180763754e-05,0.768698865644358,0.0006766953559068793,500
7,6,3,0.8571428571428571,6.0,15.0,728,fock_entropy_normalized,0.238769047069892,0.0018959157704599278,0.00481577893760512,6.678821857109038e-05,0.766184649960512,0.0007163737062394437,500
7,6,3,0.8571428571428571,7.0,1.0,728,fock_entropy_normalized,0.547425007719848,0.0009862622941859483,0.038419372170703806,0.00021954818561490086,0.785110708655722,1.7185840170655679e-06,500
7,6,3,0.8571428571428571,7.0,2.0,728,fock_entropy_normalized,0.459455013608364,0.0019456497569032075,0.02251756222404162,0.0003063907309702522,0.785063590613264,8.961881153378953e-06,500
7,6,3,0.8571428571428571,7.0,3.0,728,fock_entropy_normalized,0.3911172161665639,0.002206385079386449,0.013784023265857278,0.00025133480591414963,0.787141930912072,0.00011962868385656876,500
7,6,3,0.8571428571428571,7.0,4.0,728,fock_entropy_normalized,0.34380741020646394,0.0020635246028739007,0.00949294201607718,0.0001679803228586711,0.7922195118176001,0.0002182847120524583,500
7,6,3,0.8571428571428571,7.0,5.0,728,fock_entropy_normalized,0.31311352333892795,0.0020730244517686795,0.0075739149118429,0.00013952583900266098,0.795923292039406,0.00022233076961244172,500
7,6,3,0.8571428571428571,7.0,6.0,728,fock_entropy_normalized,0.29173737828098,0.0019028651938026134,0.00642442122591716,0.00010012647344465949,0.797062725044644,0.00019452945986613273,500
7,6,3,0.8571428571428571,7.0,7.0,728,fock_entropy_normalized,0.278180039276752,0.0017376948891263714,0.00585263873453466,8.760664508011136e-05,0.796430638932654,0.00021541976819346314,500
7,6,3,0.8571428571428571,7.0,8.0,728,fock_entropy_normalized,0.265834534710432,0.0015728856616688835,0.00541921853055682,7.151597421268525e-05,0.79432006394498,0.0002785355183930483,500
7,6,3,0.8571428571428571,7.0,9.0,728,fock_entropy_normalized,0.26046212939096797,0.0015338723930509632,0.00528063774466686,6.367168109145176e-05,0.791855065726524,0.00037259929368010274,500
7,6,3,0.8571428571428571,7.0,10.0,728,fock_entropy_normalized,0.25733819979941003,0.0016997526432342494,0.0052962534652542794,7.673541294621172e-05,0.788250516770908,0.0004597179648292044,500
7,6,3,0.8571428571428571,7.0,11.0,728,fock_entropy_normalized,0.248843758380118,0.0016412252454412607,0.00502864785226652,6.58648569526642e-05,0.786058806331938,0.0004999868059384827,500
7,6,3,0.8571428571428571,7.0,12.0,728,fock_entropy_normalized,0.23849259744249,0.0016062305267104402,0.00474649238959956,6.146884030596126e-05,0.782748616481098,0.0005727302474048041,500
7,6,3,0.8571428571428571,7.0,13.0,728,fock_entropy_normalized,0.23012707374200603,0.0015889232045599945,0.00451992048036164,5.459756911383922e-05,0.77792302215731,0.0005690329778214854,500
7,6,3,0.8571428571428571,7.0,14.0,728,fock_entropy_normalized,0.225293545402996,0.0015007349909569121,0.0043938804591088,4.855398909232808e-05,0.777143636660986,0.0006203904729559699,500
7,6,3,0.8571428571428571,7.0,15.0,728,fock_entropy_normalized,0.21966977311541,0.001661575801246898,0.00430192145729554,5.5809198656508934e-05,0.773334877092838,0.0006953350280460334,500
7,6,3,0.8571428571428571,8.0,1.0,728,fock_entropy_normalized,0.528469793513096,0.0010388011707615373,0.0352653264798884,0.00021223710424382375,0.785244069879388,1.2592657323457177e-06,500
7,6,3,0.8571428571428571,8.0,2.0,728,fock_entropy_normalized,0.44632681157413395,0.001860773667463948,0.021233114290792658,0.00027313408703393,0.7851923901686579,2.3375173240635247e-06,500
7,6,3,0.8571428571428571,8.0,3.0,728,fock_entropy_normalized,0.374085012629344,0.0023613575700183985,0.01296754647603632,0.0002466851491998164,0.785882465061118,6.21802027234263e-05,500
7,6,3,0.8571428571428571,8.0,4.0,728,fock_entropy_normalized,0.32433334471893405,0.002440589373638329,0.00903500679092684,0.00020373962776801355,0.789599053115844,0.000178246814367323,500
7,6,3,0.8571428571428571,8.0,5.0,728,fock_entropy_normalized,0.28479045897374,0.0020927232801922374,0.006587153306438619,0.000122017109369981,0.7943475038446179,0.0002370430533854696,500
7,6,3,0.8571428571428571,8.0,6.0,728,fock_entropy_normalized,0.26277376267651004,0.002077988598434302,0.00560632827378062,9.941718334168015e-05,0.796962934729068,0.00022918174276478437,500
7,6,3,0.8571428571428571,8.0,7.0,728,fock_entropy_normalized,0.2456152903541,0.0018051870232853892,0.00492698298581924,7.758314172352452e-05,0.797744811867492,0.00019969594544720797,500
7,6,3,0.8571428571428571,8.0,8.0,728,fock_entropy_normalized,0.236430809644222,0.0015377421418334195,0.004598261748965961,5.5777211749343033e-05,0.79663973761654,0.0002473319053477882,500
7,6,3,0.8571428571428571,8.0,9.0,728,fock_entropy_normalized,0.229574319675752,0.0015058712075108045,0.0044230912377906,5.0981661705422395e-05,0.7951544318834141,0.00025645778346166894,500
7,6,3,0.8571428571428571,8.0,10.0,728,fock_entropy_normalized,0.227905095380572,0.001475640367319278,0.0044452098877021794,5.286448636390956e-05,0.792945444753346,0.0003516895962152219,500
7,6,3,0.8571428571428571,8.0,11.0,728,fock_entropy_normalized,0.222690850754718,0.0014834360233804346,0.004314744472101059,5.019978235671382e-05,0.790143982293862,0.00041948021610441135,500
7,6,3,0.8571428571428571,8.0,12.0,728,fock_entropy_normalized,0.21584227086484203,0.001551918688801172,0.00419348096976482,5.239037355222633e-05,0.78697947347912,0.0004898848526271487,500
7,6,3,0.8571428571428571,8.0,13.0,728,fock_entropy_normalized,0.21254692897229,0.0014724317030914147,0.00412279820957828,4.823378930082355e-05,0.784079536036378,0.0005175117858730604,500
7,6,3,0.8571428571428571,8.0,14.0,728,fock_entropy_normalized,0.20552301346714802,0.0015068393130121868,0.00395432805187342,4.6178494661035526e-05,0.7810342002132861,0.0005720057514200996,500
7,6,3,0.8571428571428571,8.0,15.0,728,fock_entropy_normalized,0.200512821588998,0.0014433871617864627,0.0038444032045793,4.35324642320325e-05,0.779455975924936,0.0006017925097836619,500
7,6,3,0.8571428571428571,9.0,1.0,728,fock_entropy_normalized,0.51665369289443,0.0009487448941494381,0.0334186231493288,0.00018054559330880186,0.78533950815498,9.64000415971901e-07,500
7,6,3,0.8571428571428571,9.0,2.0,728,fock_entropy_normalized,0.431805036947782,0.0018038679321426658,0.01982338846548418,0.0002488405195101071,0.7853056785291199,1.741009666996769e-06,500
7,6,3,0.8571428571428571,9.0,3.0,728,fock_entropy_normalized,0.358961364129272,0.002100475763300747,0.011823263218483121,0.00019995827581787917,0.785405661571084,2.3947148124212826e-05,500
7,6,3,0.8571428571428571,9.0,4.0,728,fock_entropy_normalized,0.31162126057684203,0.0023016860758910394,0.008473889330669782,0.0001633259177338085,0.787501421339992,0.00013295030958378212,500
7,6,3,0.8571428571428571,9.0,5.0,728,fock_entropy_normalized,0.27359962451245995,0.002200989903426262,0.00638380436737868,0.0001140391099393367,0.791823328881886,0.00023404481139786075,500
7,6,3,0.8571428571428571,9.0,6.0,728,fock_entropy_normalized,0.24923471885540802,0.001952578418646959,0.005295686102370539,8.340929739454127e-05,0.795698011317304,0.0002491849257510614,500
7,6,3,0.8571428571428571,9.0,7.0,728,fock_entropy_normalized,0.230774987162506,0.0020410349201891876,0.00471172104012086,8.398036505842201e-05,0.79758279613304,0.00022930571074782842,500
7,6,3,0.8571428571428571,9.0,8.0,728,fock_entropy_normalized,0.224858826821042,0.002079166686374203,0.00456125177761352,9.260372773876101e-05,0.797815717131356,0.0002332492298639506,500
7,6,3,0.8571428571428571,9.0,9.0,728,fock_entropy_normalized,0.21037686122066798,0.0017425961830768485,0.00405042921597162,5.728998053367566e-05,0.7974438517350041,0.00021853600850230514,500
7,6,3,0.8571428571428571,9.0,10.0,728,fock_entropy_normalized,0.204007595265256,0.0017393776054772244,0.00393739417922218,6.982990759954497e-05,0.79583589152566,0.00027482512888767963,500
7,6,3,0.8571428571428571,9.0,11.0,728,fock_entropy_normalized,0.201416283186254,0.0017388075013661088,0.0038894108281612204,6.060227479284223e-05,0.793471911622298,0.00036737478631992195,500
7,6,3,0.8571428571428571,9.0,12.0,728,fock_entropy_normalized,0.197481568722596,0.001502445151811651,0.00378293269259736,4.628999475996704e-05,0.79118669600351,0.00039752676448664347,500
7,6,3,0.8571428571428571,9.0,13.0,728,fock_entropy_normalized,0.19485951417848,0.0015780218134007656,0.0037462026252529997,4.752723960767805e-05,0.789266939385494,0.00046165121161374653,500
7,6,3,0.8571428571428571,9.0,14.0,728,fock_entropy_normalized,0.18880985155991598,0.001427945158226437,0.0036257185199409002,4.20634602433389e-05,0.785052695276278,0.0005238112815489562,500
7,6,3,0.8571428571428571,9.0,15.0,728,fock_entropy_normalized,0.1850777456727,0.001451004112286415,0.0035490015578897,4.26448830570135e-05,0.78335631508782,0.0005474092575774274,500
7,6,3,0.8571428571428571,10.0,1.0,728,fock_entropy_normalized,0.50556014069634,0.0009735384303157351,0.031820722444535,0.00017677609985465898,0.785407309303044,7.462930059217856e-07,500
7,6,3,0.8571428571428571,10.0,2.0,728,fock_entropy_normalized,0.423284975570806,0.0017257160170241722,0.01909675528307148,0.00022724475405544567,0.785378679309354,1.4572476499058238e-06,500
7,6,3,0.8571428571428571,10.0,3.0,728,fock_entropy_normalized,0.35161136296625806,0.002278658732480854,0.01170579461855068,0.00020873757598627632,0.785379824136162,8.397654821480735e-06,500
7,6,3,0.8571428571428571,10.0,4.0,728,fock_entropy_normalized,0.296300880417852,0.0022705500170988723,0.0077992139063851,0.00014809664749500107,0.786429209008634,7.982527194934246e-05,500
7,6,3,0.8571428571428571,10.0,5.0,728,fock_entropy_normalized,0.262743111781234,0.0022783336857917476,0.0061621174764181,0.0001207839974648557,0.78983476643674,0.0001949695125866426,500
7,6,3,0.8571428571428571,10.0,6.0,728,fock_entropy_normalized,0.235999273696518,0.0021708750546414876,0.00508015326504926,9.670081872252564e-05,0.793997794020876,0.0002564520501945182,500
7,6,3,0.8571428571428571,10.0,7.0,728,fock_entropy_normalized,0.218493157347676,0.0021770776656299304,0.0045029070301098,8.184652137191378e-05,0.796575531735176,0.00025844035729992676,500
7,6,3,0.8571428571428571,10.0,8.0,728,fock_entropy_normalized,0.20439454004941,0.0019476089263889829,0.004043016693269839,6.610090640466212e-05,0.798241778371736,0.00023590375830990563,500
7,6,3,0.8571428571428571,10.0,9.0,728,fock_entropy_normalized,0.190971216435334,0.0017828654267442279,0.00368028861744266,5.821812973135114e-05,0.7986265939731179,0.00021526558729893485,500
7,6,3,0.8571428571428571,10.0,10.0,728,fock_entropy_normalized,0.18278116596181804,0.0015620205509865761,0.0034479975795301803,4.4507918692958695e-05,0.7978748102636061,0.00020509037232319878,500
7,6,3,0.8571428571428571,10.0,11.0,728,fock_entropy_normalized,0.182773647317364,0.001710140646504824,0.00350484467285788,5.0599184627666137e-05,0.79596120638178,0.0002827009381264484,500
7,6,3,0.8571428571428571,10.0,12.0,728,fock_entropy_normalized,0.18050092286752403,0.0016029886920904503,0.0034790429655595003,5.366542906885696e-05,0.7941094318003061,0.0003372137830924197,500
7,6,3,0.8571428571428571,10.0,13.0,728,fock_entropy_normalized,0.17370060341289198,0.0014590768609508216,0.0033024318407622604,3.973622614920746e-05,0.7920724980696541,0.0004169448052068013,500
7,6,3,0.8571428571428571,10.0,14.0,728,fock_entropy_normalized,0.17494373295638202,0.0014765483663165579,0.0033605732318101,4.106281540059541e-05,0.7896363830992761,0.00046670986656430056,500
7,6,3,0.8571428571428571,10.0,15.0,728,fock_entropy_normalized,0.171431890806926,0.0014515022946366828,0.00329911547397792,3.8406915092969395e-05,0.786858565906426,0.0005044425642582833,500
7,6,4,0.8571428571428571,1.0,1.0,875,fock_entropy_normalized,0.871060575018854,6.19149603225586e-05,0.26561178653942796,0.00016570957745574576,0.9128522431314421,8.966340090758255e-05,500
7,6,4,0.8571428571428571,1.0,2.0,875,fock_entropy_normalized,0.8583455233325581,0.0004472534932781457,0.23607385405338,0.0009247463077284527,0.9170817823852281,0.00026048201938622616,500
7,6,4,0.8571428571428571,1.0,3.0,875,fock_entropy_normalized,0.823361966085444,0.0014340700172258704,0.1802069446565834,0.0019163117264840933,0.9121742354078302,0.000581549576640646,500
7,6,4,0.8571428571428571,1.0,4.0,875,fock_entropy_normalized,0.7688318186260001,0.0027020995088043727,0.12664773485811978,0.0023111027979844027,0.901071049751602,0.0009025911351343913,500
7,6,4,0.8571428571428571,1.0,5.0,875,fock_entropy_normalized,0.7000549641863261,0.003967646832618012,0.0845522236684186,0.002138633022756379,0.8894338495046079,0.0010087597006218476,500
7,6,4,0.8571428571428571,1.0,6.0,875,fock_entropy_normalized,0.631434955916438,0.004737486364801151,0.05718117201527798,0.0019025457956674354,0.8806895407955599,0.0010234656055856974,500
7,6,4,0.8571428571428571,1.0,7.0,875,fock_entropy_normalized,0.571317959908558,0.005020951505987202,0.03987118422265679,0.001522433114432826,0.87496469146971,0.0011158820787233684,500
7,6,4,0.8571428571428571,1.0,8.0,875,fock_entropy_normalized,0.517907642900206,0.005317894840654073,0.02934015423491708,0.001212258477414439,0.8696538951542679,0.0011372459677922622,500
7,6,4,0.8571428571428571,1.0,9.0,875,fock_entropy_normalized,0.473478498172488,0.005323663339838043,0.022528314424325038,0.0010343821665513325,0.865143951726938,0.0010607083793647617,500
7,6,4,0.8571428571428571,1.0,10.0,875,fock_entropy_normalized,0.446542926895106,0.005433261243366748,0.019510879082897517,0.0010156170529776445,0.8635203119150281,0.0011015284696227199,500
7,6,4,0.8571428571428571,1.0,11.0,875,fock_entropy_normalized,0.396631286569804,0.005142376805970819,0.0137049094976805,0.0006408202161858941,0.86034204947771,0.0010864177205354845,500
7,6,4,0.8571428571428571,1.0,12.0,875,fock_entropy_normalized,0.38286055615642,0.005098838121446312,0.012988313106628659,0.0007562152540394208,0.8586446904789959,0.0010337837915415026,500
7,6,4,0.8571428571428571,1.0,13.0,875,fock_entropy_normalized,0.35308384292280404,0.005125366312744412,0.01067390254625854,0.0005560152600331781,0.857686281457036,0.0010520702271041666,500
7,6,4,0.8571428571428571,1.0,14.0,875,fock_entropy_normalized,0.3116054846082084,0.004671031305205899,0.007710845311251539,0.000330254782148293,0.854132745370168,0.0009285656268900041,500
7,6,4,0.8571428571428571,1.0,15.0,875,fock_entropy_normalized,0.30800283058036,0.0048734607435155074,0.00785806757840754,0.00037779534484194926,0.855177236678732,0.001081171027113249,500
7,6,4,0.8571428571428571,2.0,1.0,875,fock_entropy_normalized,0.804506346867674,0.0001957759473160784,0.142801049487556,0.00021876399551398374,0.8844443706485899,4.1410230495263316e-05,500
7,6,4,0.8571428571428571,2.0,2.0,875,fock_entropy_normalized,0.7747366854661759,0.0006973548547293159,0.1165325144542748,0.0005669496756656122,0.8914244099771661,0.0001931762299132041,500
7,6,4,0.8571428571428571,2.0,3.0,875,fock_entropy_normalized,0.7360096538399119,0.0013802671520541639,0.0905395717797938,0.0008317501790752084,0.9005652271358899,0.00034239969061934715,500
7,6,4,0.8571428571428571,2.0,4.0,875,fock_entropy_normalized,0.6897315908031839,0.002290743225664323,0.0687196112147048,0.0010201156960592563,0.9059879964775801,0.0004926036402875437,500
7,6,4,0.8571428571428571,2.0,5.0,875,fock_entropy_normalized,0.63645871275918,0.002948661166098004,0.050064055548709796,0.0009612756015758374,0.9050913893845058,0.0007388196339226776,500
7,6,4,0.8571428571428571,2.0,6.0,875,fock_entropy_normalized,0.588518181095944,0.003563606677532449,0.038076732684323746,0.0008751888481048303,0.9018623810107861,0.0009739201729587467,500
7,6,4,0.8571428571428571,2.0,7.0,875,fock_entropy_normalized,0.53407506439115,0.0039747673622330375,0.02787621861113628,0.0007482366672173265,0.8914748647725639,0.0011240203561106144,500
7,6,4,0.8571428571428571,2.0,8.0,875,fock_entropy_normalized,0.493952859048584,0.0043267467611962755,0.02234299176970762,0.0006652570028350843,0.889485652168198,0.0011846305201405809,500
7,6,4,0.8571428571428571,2.0,9.0,875,fock_entropy_normalized,0.457458707897584,0.004121742836962049,0.01760194844622346,0.0005605863189995719,0.8840066993758219,0.0012376218606269251,500
7,6,4,0.8571428571428571,2.0,10.0,875,fock_entropy_normalized,0.41770829067292203,0.00429776244987167,0.01402996016503946,0.00045570408493440096,0.879309573038546,0.0012247570571662484,500
7,6,4,0.8571428571428571,2.0,11.0,875,fock_entropy_normalized,0.39254695913822607,0.004299370366761611,0.012028204632628962,0.00039324940226874477,0.87287460680923,0.001277041338643257,500
7,6,4,0.8571428571428571,2.0,12.0,875,fock_entropy_normalized,0.35939627762681403,0.004568084367657302,0.01016424576890018,0.0003828897585147766,0.8704177498715039,0.0012125107803447961,500
7,6,4,0.8571428571428571,2.0,13.0,875,fock_entropy_normalized,0.34201080167679404,0.004215514591184848,0.008853751719688802,0.000302827278472951,0.869901844624854,0.0012506270330405113,500
7,6,4,0.8571428571428571,2.0,14.0,875,fock_entropy_normalized,0.326390301473138,0.0043180895056048945,0.00834975694739852,0.00034491898604300023,0.864672575878632,0.0012133304835719198,500
7,6,4,0.8571428571428571,2.0,15.0,875,fock_entropy_normalized,0.30606736672653206,0.004311430886101344,0.00730307892715652,0.0003009346213973565,0.8638954699151261,0.0012136333529191982,500
7,6,4,0.8571428571428571,3.0,1.0,875,fock_entropy_normalized,0.697162720072726,0.00031456008053794315,0.0650281556766998,0.0001837616310079886,0.8866492964913539,1.2779091897011479e-05,500
7,6,4,0.8571428571428571,3.0,2.0,875,fock_entropy_normalized,0.65251490743729,0.0010274682913348494,0.04858524781161461,0.00031183800511643954,0.885655584731026,7.598460009319475e-05,500
7,6,4,0.8571428571428571,3.0,3.0,875,fock_entropy_normalized,0.6069786645201859,0.001444614352538273,0.0378600634140484,0.00032475251463433134,0.891535028034792,0.0002186329507416736,500
7,6,4,0.8571428571428571,3.0,4.0,875,fock_entropy_normalized,0.56994258674993,0.001735476377339132,0.0307656376497124,0.0003363895846946565,0.897965337064868,0.00030612293030545564,500
7,6,4,0.8571428571428571,3.0,5.0,875,fock_entropy_normalized,0.5298054132461021,0.0022245304990364677,0.024554360517984597,0.00035152727629732847,0.903538264028894,0.0004380911424736074,500
7,6,4,0.8571428571428571,3.0,6.0,875,fock_entropy_normalized,0.49684829298461,0.0025575179871404545,0.020181856541448825,0.00033564280633390653,0.9051264675888739,0.0005881779098972483,500
7,6,4,0.8571428571428571,3.0,7.0,875,fock_entropy_normalized,0.46399602466628803,0.0026434172978782805,0.016562471880754562,0.0002883281623036618,0.904884160693952,0.0007478204344305499,500
7,6,4,0.8571428571428571,3.0,8.0,875,fock_entropy_normalized,0.435154874438896,0.0028175451971187405,0.0139252826607966,0.00025138796972476007,0.9034544554186961,0.0008899170948512067,500
7,6,4,0.8571428571428571,3.0,9.0,875,fock_entropy_normalized,0.400029883545378,0.0028918026970085144,0.011336528140567839,0.0002169390067140132,0.8975125721992501,0.0011043073169085783,500
7,6,4,0.8571428571428571,3.0,10.0,875,fock_entropy_normalized,0.379987931549326,0.0031757651509937367,0.0102150326725968,0.00021773903345428638,0.894718134195552,0.0011746435790130978,500
7,6,4,0.8571428571428571,3.0,11.0,875,fock_entropy_normalized,0.35334073488754597,0.00304483644322396,0.00864575975325866,0.0001810607279536047,0.888695334646648,0.001257958705727685,500
7,6,4,0.8571428571428571,3.0,12.0,875,fock_entropy_normalized,0.337530320634988,0.003056525642559646,0.007870271782857778,0.00016840146028197095,0.8856191835519881,0.001271777618927406,500
7,6,4,0.8571428571428571,3.0,13.0,875,fock_entropy_normalized,0.320040231518048,0.0031614738683916764,0.007145586499184921,0.000154305804391114,0.8813085255740319,0.0013377365018004317,500
7,6,4,0.8571428571428571,3.0,14.0,875,fock_entropy_normalized,0.305367209412978,0.0032269411863500427,0.00657088794164874,0.0001455808214079401,0.880214415889314,0.0013556876447344533,500
7,6,4,0.8571428571428571,3.0,15.0,875,fock_entropy_normalized,0.286024234842776,0.0031320211045490613,0.0058168595318306,0.0001250753616051168,0.8743347087004101,0.0012671857511748403,500
7,6,4,0.8571428571428571,4.0,1.0,875,fock_entropy_normalized,0.6069527316394181,0.0007575470950976303,0.0412087843680286,0.00022197275504607167,0.8887570781368679,3.727092558199445e-06,500
7,6,4,0.8571428571428571,4.0,2.0,875,fock_entropy_normalized,0.54221632534799,0.0014080607398916417,0.0262088956902738,0.00028045493649632783,0.8880277835956519,3.5874344982175594e-05,500
7,6,4,0.8571428571428571,4.0,3.0,875,fock_entropy_normalized,0.489729892060456,0.001481611826391178,0.018259799038894,0.00019407863756364699,0.8883837433572801,0.00011219070021490461,500
7,6,4,0.8571428571428571,4.0,4.0,875,fock_entropy_normalized,0.460476955552104,0.0015836751954155228,0.015278365194543779,0.00017208440242196628,0.8926000984103439,0.0002043791090379474,500
7,6,4,0.8571428571428571,4.0,5.0,875,fock_entropy_normalized,0.431846944040614,0.0016161409638513395,0.01293400378122718,0.0001444710741596828,0.898081712093546,0.0002882500021132906,500
7,6,4,0.8571428571428571,4.0,6.0,875,fock_entropy_normalized,0.41068837509665607,0.0017560058855991196,0.011513740409056701,0.00013731083291359142,0.902585454688738,0.0003733243043046346,500
7,6,4,0.8571428571428571,4.0,7.0,875,fock_entropy_normalized,0.387763903389778,0.0018934218731884629,0.010066237069607279,0.00012314055669509098,0.9051874346091641,0.0004664425784817406,500
7,6,4,0.8571428571428571,4.0,8.0,875,fock_entropy_normalized,0.365877575086742,0.002040158014566589,0.008896332668584181,0.00012153014373960741,0.9063756671706621,0.0006129383950611016,500
7,6,4,0.8571428571428571,4.0,9.0,875,fock_entropy_normalized,0.34504951444191,0.002205743414136896,0.007878974295709041,0.00011503378898266702,0.9053187508051581,0.0007746202271301452,500
7,6,4,0.8571428571428571,4.0,10.0,875,fock_entropy_normalized,0.33132423724203,0.002075938350839386,0.0072067534549002995,9.838331713510307e-05,0.9029081048098799,0.0009713870832792858,500
7,6,4,0.8571428571428571,4.0,11.0,875,fock_entropy_normalized,0.31598669611904,0.002350669869635928,0.006676802799226101,0.00011042499070213448,0.9010356481790279,0.0010626884409599305,500
7,6,4,0.8571428571428571,4.0,12.0,875,fock_entropy_normalized,0.297446462350106,0.0022113088656131714,0.0059368232543570805,8.573805431232745e-05,0.899006114826076,0.0011292542736680029,500
7,6,4,0.8571428571428571,4.0,13.0,875,fock_entropy_normalized,0.28340424749046395,0.002174882067995845,0.0054659914130225995,7.92164586277731e-05,0.895236014418326,0.0012664516913580154,500
7,6,4,0.8571428571428571,4.0,14.0,875,fock_entropy_normalized,0.274108391551178,0.002167587428030786,0.00516326180470606,7.548305572466256e-05,0.8909410762511859,0.0013489373817741248,500
7,6,4,0.8571428571428571,4.0,15.0,875,fock_entropy_normalized,0.260133408208446,0.0022977100382805043,0.0048096865953241195,7.511167592789163e-05,0.8888083426047881,0.0013393081193266419,500
7,6,4,0.8571428571428571,5.0,1.0,875,fock_entropy_normalized,0.5540283814245381,0.0010771666883532627,0.03247263914552739,0.00022087902461770072,0.8900215204206962,2.737693433448013e-06,500
7,6,4,0.8571428571428571,5.0,2.0,875,fock_entropy_normalized,0.470474381191868,0.0017072787521306089,0.01878689212105994,0.00023839780132603553,0.8898779732757641,9.611509312821696e-06,500
7,6,4,0.8571428571428571,5.0,3.0,875,fock_entropy_normalized,0.417271257242444,0.001843388189188438,0.012695530057423859,0.0002041110761079283,0.889043231255614,4.9569195671585e-05,500
7,6,4,0.8571428571428571,5.0,4.0,875,fock_entropy_normalized,0.377692464191826,0.0016465219217230295,0.00939114208913016,0.0001281990159854539,0.890394583702358,0.00012391323554421498,500
7,6,4,0.8571428571428571,5.0,5.0,875,fock_entropy_normalized,0.35647367161337606,0.0017115300973833257,0.008196008953974558,0.0001174967695294011,0.894172428746184,0.0002182422957317591,500
7,6,4,0.8571428571428571,5.0,6.0,875,fock_entropy_normalized,0.33834651743144,0.0014914179831960154,0.00727447918926968,8.477852643477958e-05,0.898441685517648,0.0002723319260878625,500
7,6,4,0.8571428571428571,5.0,7.0,875,fock_entropy_normalized,0.325969485880824,0.0015585848151442763,0.00683143282014864,7.907300967127633e-05,0.901062275757108,0.0003400421938805247,500
7,6,4,0.8571428571428571,5.0,8.0,875,fock_entropy_normalized,0.31348638920129807,0.0016484160589313093,0.0064253934219157,7.503441501952393e-05,0.905005124106708,0.00043183155248608106,500
7,6,4,0.8571428571428571,5.0,9.0,875,fock_entropy_normalized,0.297255201569516,0.00174671981408118,0.00586100046900458,7.134567865852375e-05,0.906314143981008,0.0005095050219102209,500
7,6,4,0.8571428571428571,5.0,10.0,875,fock_entropy_normalized,0.28465532441407204,0.0017538480032855586,0.00542130423210968,6.530439506380979e-05,0.9073538406109439,0.0006391857855234729,500
7,6,4,0.8571428571428571,5.0,11.0,875,fock_entropy_normalized,0.27196343755439395,0.001727373164804208,0.00502755542424142,6.41906226349133e-05,0.9066958698522398,0.000758657348553517,500
7,6,4,0.8571428571428571,5.0,12.0,875,fock_entropy_normalized,0.259998524342072,0.0017769306122402597,0.00469972363027772,5.940712091202127e-05,0.9058471111191579,0.0009197632417230876,500
7,6,4,0.8571428571428571,5.0,13.0,875,fock_entropy_normalized,0.25230304145654,0.0017293309923062813,0.004476144829715541,5.3466151737445396e-05,0.9043971074253581,0.0010338867196320446,500
7,6,4,0.8571428571428571,5.0,14.0,875,fock_entropy_normalized,0.23977123565769798,0.0016784327996310583,0.00415160615650856,4.719943468879704e-05,0.902552691652908,0.0011388559179119722,500
7,6,4,0.8571428571428571,5.0,15.0,875,fock_entropy_normalized,0.235608090619026,0.0017970873247778396,0.00407515492148302,4.8749564332435915e-05,0.897923903713532,0.00120897865829952,500
7,6,4,0.8571428571428571,6.0,1.0,875,fock_entropy_normalized,0.5243340818336739,0.0011312789073771841,0.0286041152060242,0.00019616645983149353,0.8908226143837719,2.2510481395653737e-06,500
7,6,4,0.8571428571428571,6.0,2.0,875,fock_entropy_normalized,0.43686138169177,0.0019441992709907843,0.0165261861372267,0.00022691342976048043,0.8908059723780141,3.2333324238099736e-06,500
7,6,4,0.8571428571428571,6.0,3.0,875,fock_entropy_normalized,0.370491753988598,0.0019581943690186697,0.01018411149112158,0.00017747560360155612,0.89043786096294,2.6852695114091256e-05,500
7,6,4,0.8571428571428571,6.0,4.0,875,fock_entropy_normalized,0.331847249042584,0.0018181391551936764,0.007523113127959281,0.00012047198316951784,0.889994398727832,6.468470846458591e-05,500
7,6,4,0.8571428571428571,6.0,5.0,875,fock_entropy_normalized,0.30612796158704997,0.0017641173669692694,0.006206215829193579,9.744419140256953e-05,0.8917109952866299,0.00014944405620467344,500
7,6,4,0.8571428571428571,6.0,6.0,875,fock_entropy_normalized,0.2894989711208079,0.0015244798637463997,0.00548108162160816,6.988296064594473e-05,0.894885947368588,0.00020307590555334543,500
7,6,4,0.8571428571428571,6.0,7.0,875,fock_entropy_normalized,0.278698505943918,0.0015977162536520498,0.00519267112721388,8.109323282221377e-05,0.898389987029182,0.0002600206151033125,500
7,6,4,0.8571428571428571,6.0,8.0,875,fock_entropy_normalized,0.268803876062008,0.0015211946449345648,0.00491627433597178,6.539547212227408e-05,0.901871887741968,0.0003222804243698333,500
7,6,4,0.8571428571428571,6.0,9.0,875,fock_entropy_normalized,0.262114246712398,0.0014557270087138853,0.00473471508730128,5.3579140451304046e-05,0.9033098812440401,0.00035599686183781907,500
7,6,4,0.8571428571428571,6.0,10.0,875,fock_entropy_normalized,0.250918997273796,0.0015852987290207634,0.004452142573045199,5.405914682162672e-05,0.9061304329343081,0.00044789574086019,500
7,6,4,0.8571428571428571,6.0,11.0,875,fock_entropy_normalized,0.2411976759522,0.0014745299251562709,0.00416464951364704,4.668273180302378e-05,0.90667735553185,0.0005105702013859781,500
7,6,4,0.8571428571428571,6.0,12.0,875,fock_entropy_normalized,0.236318016218972,0.001486144899316021,0.004094217509644841,4.539776771787023e-05,0.907562892014786,0.0006238947419825666,500
7,6,4,0.8571428571428571,6.0,13.0,875,fock_entropy_normalized,0.225346884844612,0.0015526046315142094,0.0038304373369069,4.472817495119506e-05,0.9066393733604421,0.0007681886713241783,500
7,6,4,0.8571428571428571,6.0,14.0,875,fock_entropy_normalized,0.21940172321450002,0.0014956877560995039,0.00371023697945444,4.114591600807456e-05,0.907086291808914,0.0008585325753526814,500
7,6,4,0.8571428571428571,6.0,15.0,875,fock_entropy_normalized,0.212889674352192,0.0015651988033061391,0.0035667234880814597,3.9280304356972584e-05,0.9055997289827101,0.0009335135962772425,500
7,6,4,0.8571428571428571,7.0,1.0,875,fock_entropy_normalized,0.4984317681679701,0.0010763087089097447,0.025400967215202002,0.00016705345585773,0.891355453148044,1.899676055310116e-06,500
7,6,4,0.8571428571428571,7.0,2.0,875,fock_entropy_normalized,0.409457145029224,0.0018680521030246305,0.01447736312250792,0.0001956079045642409,0.891364237110472,2.057959136458365e-06,500
7,6,4,0.8571428571428571,7.0,3.0,875,fock_entropy_normalized,0.34031476391939797,0.002093648099047725,0.0088186836734441,0.00015546112310238505,0.891251352324568,7.179232947587776e-06,500
7,6,4,0.8571428571428571,7.0,4.0,875,fock_entropy_normalized,0.297909529179372,0.001950507757672691,0.0063630958469808405,0.00011431244384160873,0.890642368114444,3.944487260291448e-05,500
7,6,4,0.8571428571428571,7.0,5.0,875,fock_entropy_normalized,0.27079420119537,0.001776624558711693,0.00514711077816164,8.216558082701459e-05,0.890826481069494,8.359302256352117e-05,500
7,6,4,0.8571428571428571,7.0,6.0,875,fock_entropy_normalized,0.254024681404802,0.0018069940069944516,0.0045739935848564195,7.724404021205171e-05,0.892802878935832,0.00016489851976200827,500
7,6,4,0.8571428571428571,7.0,7.0,875,fock_entropy_normalized,0.23844374345306402,0.0015134480826813567,0.004065749729106899,5.227438366201942e-05,0.8959443278986361,0.0002090891505021528,500
7,6,4,0.8571428571428571,7.0,8.0,875,fock_entropy_normalized,0.23204753858983798,0.0013705027661400887,0.0039089246519564405,4.290937181850229e-05,0.8983485782802481,0.00025923275530530097,500
7,6,4,0.8571428571428571,7.0,9.0,875,fock_entropy_normalized,0.229074826506606,0.001506953672916284,0.00391183567776454,5.131021722336036e-05,0.9011674586661681,0.0002942310176790891,500
7,6,4,0.8571428571428571,7.0,10.0,875,fock_entropy_normalized,0.22504659940299201,0.0014728585962283363,0.00384163889448944,4.755323731861826e-05,0.9036984660775399,0.0003613065005372827,500
7,6,4,0.8571428571428571,7.0,11.0,875,fock_entropy_normalized,0.216424428610724,0.0014667119880234715,0.00363382542825242,4.4491026625374877e-05,0.9046798493812701,0.0004162227062817125,500
7,6,4,0.8571428571428571,7.0,12.0,875,fock_entropy_normalized,0.20994810252237397,0.0012644944183900352,0.0034881592889897802,3.458996342737177e-05,0.906918395929126,0.0004396131964427948,500
7,6,4,0.8571428571428571,7.0,13.0,875,fock_entropy_normalized,0.204064046200998,0.0014476217353137516,0.0034006042269111598,3.989957665603597e-05,0.907218599103092,0.0005670312777047678,500
7,6,4,0.8571428571428571,7.0,14.0,875,fock_entropy_normalized,0.19630733826914,0.0013984945565394887,0.00323988771587946,3.558367951733185e-05,0.9080628115699081,0.0006399430907572724,500
7,6,4,0.8571428571428571,7.0,15.0,875,fock_entropy_normalized,0.19096157318826,0.0013933562292645797,0.0031343868899903,3.361102606473903e-05,0.906850522818472,0.0007553080828465906,500
7,6,4,0.8571428571428571,8.0,1.0,875,fock_entropy_normalized,0.480943142863312,0.001093992274271257,0.0235997617275244,0.0001587768561364738,0.89171651175643,1.5316344077032712e-06,500
7,6,4,0.8571428571428571,8.0,2.0,875,fock_entropy_normalized,0.39224880157395603,0.0018602006563169628,0.0133878299497922,0.00017929772913963913,0.891737206312262,1.4943648017914188e-06,500
7,6,4,0.8571428571428571,8.0,3.0,875,fock_entropy_normalized,0.32619035966481197,0.0020019026699463825,0.00836598175410856,0.00013799491301220025,0.891688021690558,2.833549821671693e-06,500
7,6,4,0.8571428571428571,8.0,4.0,875,fock_entropy_normalized,0.28441545748317004,0.002248672046986093,0.006205844565665901,0.00012778378464347768,0.891451545577306,2.128098364921532e-05,500
7,6,4,0.8571428571428571,8.0,5.0,875,fock_entropy_normalized,0.251550623503978,0.001898362349022009,0.004746576102502519,7.752952866602969e-05,0.8908970106796901,4.9443195142929635e-05,500
7,6,4,0.8571428571428571,8.0,6.0,875,fock_entropy_normalized,0.23281051356304402,0.0018818102555601011,0.004139208084527439,6.750649430443582e-05,0.891535398572774,0.00011004612477654773,500
7,6,4,0.8571428571428571,8.0,7.0,875,fock_entropy_normalized,0.216885170344252,0.001595558721870577,0.0036483082328735003,4.9507846540908606e-05,0.8933808204424761,0.00016737067151254944,500
7,6,4,0.8571428571428571,8.0,8.0,875,fock_entropy_normalized,0.207728130927412,0.001565982923476824,0.00343725270835588,4.645653377264382e-05,0.89593523388114,0.0002124089402565718,500
7,6,4,0.8571428571428571,8.0,9.0,875,fock_entropy_normalized,0.201507359442102,0.0014169707982916132,0.0033030258062694794,3.9740271245154696e-05,0.899224035049388,0.0002434662764331503,500
7,6,4,0.8571428571428571,8.0,10.0,875,fock_entropy_normalized,0.199067505697528,0.001381868880581318,0.0032769852358806996,3.7514559764397195e-05,0.9011211991418899,0.0002962128359907748,500
7,6,4,0.8571428571428571,8.0,11.0,875,fock_entropy_normalized,0.19600338272039,0.001357788995043551,0.0032487425040053004,3.6999186656972765e-05,0.903269743756042,0.00034552451138559646,500
7,6,4,0.8571428571428571,8.0,12.0,875,fock_entropy_normalized,0.19006032668085002,0.0013436361293292216,0.00311868200884364,3.452635805337846e-05,0.9037270771483841,0.00036068794056260084,500
7,6,4,0.8571428571428571,8.0,13.0,875,fock_entropy_normalized,0.18561188256443398,0.0013566763888805194,0.0030611884791405,3.3053219709508864e-05,0.9057379792384399,0.00042428475325808924,500
7,6,4,0.8571428571428571,8.0,14.0,875,fock_entropy_normalized,0.180199348100864,0.0012857772753002786,0.00295875561959412,3.2124456600861395e-05,0.9055489594785819,0.0004764699237846687,500
7,6,4,0.8571428571428571,8.0,15.0,875,fock_entropy_normalized,0.17538881873143403,0.0013885398224919216,0.00289115363925982,3.233635931993131e-05,0.90767870411385,0.0005986175574468562,500
7,6,4,0.8571428571428571,9.0,1.0,875,fock_entropy_normalized,0.467731762056438,0.001088597754997393,0.0223358247249176,0.00015065945882656944,0.891974139068942,1.169254950199175e-06,500
7,6,4,0.8571428571428571,9.0,2.0,875,fock_entropy_normalized,0.376967665542098,0.0017425268423605427,0.01239380300978954,0.00015633600231959886,0.891998837063658,1.2336168228876037e-06,500
7,6,4,0.8571428571428571,9.0,3.0,875,fock_entropy_normalized,0.315088999279954,0.0019850681776150104,0.00796491707318212,0.0001278828781217387,0.8919667438262879,2.0098913104768533e-06,500
7,6,4,0.8571428571428571,9.0,4.0,875,fock_entropy_normalized,0.26949219796627005,0.001981100887509725,0.00566426478352102,9.461248727037365e-05,0.8918845185273381,8.88181925446537e-06,500
7,6,4,0.8571428571428571,9.0,5.0,875,fock_entropy_normalized,0.237028789710876,0.002068657805008268,0.00450306395095288,9.095668364073301e-05,0.8915196590327901,3.295463116368377e-05,500
7,6,4,0.8571428571428571,9.0,6.0,875,fock_entropy_normalized,0.215789787501266,0.001745239048729722,0.00379821999073976,5.7821281722185335e-05,0.891308876501958,6.367754192762972e-05,500
7,6,4,0.8571428571428571,9.0,7.0,875,fock_entropy_normalized,0.201675399455984,0.0017740392347840373,0.00343982567198508,5.403894760396337e-05,0.892213943794366,0.00012526698477971742,500
7,6,4,0.8571428571428571,9.0,8.0,875,fock_entropy_normalized,0.18781155431308202,0.0015655261234511625,0.0030842199662752404,4.1596954588942736e-05,0.894264019043572,0.000171602290132064,500
7,6,4,0.8571428571428571,9.0,9.0,875,fock_entropy_normalized,0.18665951841443598,0.0017074926788900433,0.0031023965360187197,4.638050604736201e-05,0.8957808732597841,0.00020736759738044955,500
7,6,4,0.8571428571428571,9.0,10.0,875,fock_entropy_normalized,0.18059496631794,0.0015259234444056776,0.0029787812182222196,4.554828141986094e-05,0.8985717899726761,0.0002507894362811652,500
7,6,4,0.8571428571428571,9.0,11.0,875,fock_entropy_normalized,0.17471792520318796,0.0014103075613728633,0.00286674538634326,3.3698764467452965e-05,0.901504584147382,0.00029545585518457037,500
7,6,4,0.8571428571428571,9.0,12.0,875,fock_entropy_normalized,0.174145439077918,0.0014194051901016494,0.0028771254131776,3.341184328407447e-05,0.90254536862643,0.00031796578110903755,500
7,6,4,0.8571428571428571,9.0,13.0,875,fock_entropy_normalized,0.168120550942328,0.001288008843418398,0.0027681853561649,2.8676747669524093e-05,0.9043994902878121,0.00037178387986995515,500
7,6,4,0.8571428571428571,9.0,14.0,875,fock_entropy_normalized,0.164908959557824,0.001447501781760262,0.00274085222279128,3.571139369893266e-05,0.906040811126462,0.0004205359091208291,500
7,6,4,0.8571428571428571,9.0,15.0,875,fock_entropy_normalized,0.16116311476368997,0.0012683273940042711,0.00265573753625514,2.746109946135346e-05,0.905784887221434,0.0004603759098759631,500
7,6,4,0.8571428571428571,10.0,1.0,875,fock_entropy_normalized,0.45093644832176,0.0010795752481359026,0.020577895555281996,0.00013725156231364654,0.892165773263986,1.1010801485319288e-06,500
7,6,4,0.8571428571428571,10.0,2.0,875,fock_entropy_normalized,0.371379851505724,0.0017602457586415954,0.01226368009342014,0.00016009417088300547,0.8921897686952279,9.899080454570144e-07,500
7,6,4,0.8571428571428571,10.0,3.0,875,fock_entropy_normalized,0.305609519496996,0.002009070181309464,0.00761979723154444,0.00012482685687203025,0.89217235502498,1.4885662990682546e-06,500
7,6,4,0.8571428571428571,10.0,4.0,875,fock_entropy_normalized,0.26411043881517005,0.0021458872629401297,0.00566489329891532,0.00010649676812959069,0.892134351114516,3.89736979058981e-06,500
7,6,4,0.8571428571428571,10.0,5.0,875,fock_entropy_normalized,0.230163048689818,0.0020262450418784776,0.00438804305447924,7.787166878845993e-05,0.891944787781896,2.002711657782479e-05,500
7,6,4,0.8571428571428571,10.0,6.0,875,fock_entropy_normalized,0.20559417954707002,0.0019491974487584277,0.00366412814166468,6.763808134348295e-05,0.89158471104766,4.341870120381572e-05,500
7,6,4,0.8571428571428571,10.0,7.0,875,fock_entropy_normalized,0.18998612375255403,0.0018385677558417693,0.0032623931950101605,5.2088003528894374e-05,0.8915852168570579,7.107813118628194e-05,500
7,6,4,0.8571428571428571,10.0,8.0,875,fock_entropy_normalized,0.17717074140898,0.0016163336543149908,0.00296403761767914,4.0413699706734624e-05,0.89295808187538,0.0001411984913820179,500
7,6,4,0.8571428571428571,10.0,9.0,875,fock_entropy_normalized,0.16703678307575398,0.0016234379560600715,0.0027617584376131796,3.9618353123377625e-05,0.8946255184519419,0.0001852891063372405,500
7,6,4,0.8571428571428571,10.0,10.0,875,fock_entropy_normalized,0.1588453702469096,0.0013662751613122926,0.0025853615343696605,2.8354874517570637e-05,0.896396645874854,0.00021244857602113615,500
7,6,4,0.8571428571428571,10.0,11.0,875,fock_entropy_normalized,0.15808140314938798,0.0014496887724793277,0.00260132606882538,3.061654249157054e-05,0.898651201317914,0.0002547585654062154,500
7,6,4,0.8571428571428571,10.0,12.0,875,fock_entropy_normalized,0.1547090764333384,0.0013299645653630388,0.0025544170111379597,2.882054974610568e-05,0.90072996399607,0.0002734422319706117,500
7,6,4,0.8571428571428571,10.0,13.0,875,fock_entropy_normalized,0.15542055430338358,0.0013384957908374776,0.0025777946740529,3.0185830368434555e-05,0.90141710911982,0.00030258396148894677,500
7,6,4,0.8571428571428571,10.0,14.0,875,fock_entropy_normalized,0.1516639632302998,0.0013709183048306063,0.0025304523794210604,2.8734667879519142e-05,0.903414714194348,0.000330198191846513,500
7,6,4,0.8571428571428571,10.0,15.0,875,fock_entropy_normalized,0.1489980599257542,0.0012219770102049375,0.00248569655297512,2.4028359478500513e-05,0.905100172192534,0.00040290655453791404,500
7,6,5,0.8571428571428571,1.0,1.0,917,fock_entropy_normalized,0.866894639333048,6.522078309104915e-05,0.254593391160722,0.00016766444677662802,0.9454722029368379,9.207945063647446e-05,500
7,6,5,0.8571428571428571,1.0,2.0,917,fock_entropy_normalized,0.8538286827113779,0.0004177886391468541,0.22568811779445802,0.0008338031769768987,0.951180565907488,0.0002201913607449518,500
7,6,5,0.8571428571428571,1.0,3.0,917,fock_entropy_normalized,0.821000181356794,0.0013816412368709253,0.1753275864244234,0.001828066644859584,0.956572648865734,0.0005424728648828592,500
7,6,5,0.8571428571428571,1.0,4.0,917,fock_entropy_normalized,0.76598136557264,0.002809935053194155,0.12376675481516722,0.002288482453864014,0.953298699216698,0.0010258067616445844,500
7,6,5,0.8571428571428571,1.0,5.0,917,fock_entropy_normalized,0.708657761708016,0.0036707537855137614,0.0876660564323046,0.002198085089815725,0.9474839094556601,0.0012615268912812031,500
7,6,5,0.8571428571428571,1.0,6.0,917,fock_entropy_normalized,0.627221863017362,0.004544311385195457,0.05363185001498969,0.0016755483824385706,0.936455459533988,0.0014443781889033579,500
7,6,5,0.8571428571428571,1.0,7.0,917,fock_entropy_normalized,0.5715819953306199,0.005057070028130115,0.03963631277051886,0.0014979511265212524,0.9279765334719701,0.0015184087872474926,500
7,6,5,0.8571428571428571,1.0,8.0,917,fock_entropy_normalized,0.521092937060758,0.005230555306648898,0.029310116815151502,0.001207838448045617,0.92201329525194,0.0015495508624512138,500
7,6,5,0.8571428571428571,1.0,9.0,917,fock_entropy_normalized,0.4819420645652381,0.004972669307888729,0.022182164597760897,0.0009215776894599015,0.9223406030948941,0.001606411602373335,500
7,6,5,0.8571428571428571,1.0,10.0,917,fock_entropy_normalized,0.4321062768003,0.005368817707252968,0.01737665794757046,0.000898472061765279,0.913724890433378,0.0016539198783614155,500
7,6,5,0.8571428571428571,1.0,11.0,917,fock_entropy_normalized,0.402571800887382,0.005085945431847034,0.01427716551067388,0.0007787150958751663,0.911913106940816,0.0016325229004817356,500
7,6,5,0.8571428571428571,1.0,12.0,917,fock_entropy_normalized,0.368011859864112,0.0047493874284813544,0.01067708123064984,0.00044125350009453947,0.909494615358124,0.0016820688252890566,500
7,6,5,0.8571428571428571,1.0,13.0,917,fock_entropy_normalized,0.349956151485436,0.004949503606136073,0.009922195224010201,0.00047691601330795746,0.907152326669858,0.0017301824802428561,500
7,6,5,0.8571428571428571,1.0,14.0,917,fock_entropy_normalized,0.3258169039921936,0.005122640293872245,0.008964704841872357,0.0005494331005583994,0.907923564512324,0.0016428314868696657,500
7,6,5,0.8571428571428571,1.0,15.0,917,fock_entropy_normalized,0.3075237560079222,0.004414019746448926,0.007184491394690699,0.0002816878114665172,0.904560237095632,0.001594450242286093,500
7,6,5,0.8571428571428571,2.0,1.0,917,fock_entropy_normalized,0.79262446621483,0.0002765604683388991,0.131598405213118,0.000249462004757708,0.9124094517635981,9.998403588692468e-05,500
7,6,5,0.8571428571428571,2.0,2.0,917,fock_entropy_normalized,0.7609983723124399,0.0007209627234126627,0.10666491118557742,0.0005235961990396454,0.922393296644696,0.00020920547694728008,500
7,6,5,0.8571428571428571,2.0,3.0,917,fock_entropy_normalized,0.720344757323894,0.001433495517288609,0.08246890603107121,0.0007742118713670265,0.9308909760276799,0.0003528003077688431,500
7,6,5,0.8571428571428571,2.0,4.0,917,fock_entropy_normalized,0.674299461047892,0.002293513091273039,0.0625024021823094,0.0008985496654618882,0.9356057319530301,0.0004127859974703695,500
7,6,5,0.8571428571428571,2.0,5.0,917,fock_entropy_normalized,0.6212155808682981,0.003050055626314141,0.0459707796432826,0.000911934651065436,0.9404320397276179,0.0005957798116334261,500
7,6,5,0.8571428571428571,2.0,6.0,917,fock_entropy_normalized,0.571142458889528,0.00345207146374177,0.03407532742668678,0.000767862777498181,0.942217096751128,0.0009198080049887799,500
7,6,5,0.8571428571428571,2.0,7.0,917,fock_entropy_normalized,0.526469022183624,0.003697439887349987,0.02617797324776954,0.0007042859289272121,0.942228830080774,0.0011213332002762669,500
7,6,5,0.8571428571428571,2.0,8.0,917,fock_entropy_normalized,0.48466749716199603,0.004066067383381499,0.020731677004799155,0.0006498106290194683,0.9398354830876,0.001323421316212477,500
7,6,5,0.8571428571428571,2.0,9.0,917,fock_entropy_normalized,0.44600177865116397,0.004008633662579895,0.01622811076289522,0.0005338827175069566,0.937679427242474,0.0015643059719512046,500
7,6,5,0.8571428571428571,2.0,10.0,917,fock_entropy_normalized,0.410102688031302,0.004058420105021915,0.01296161899509162,0.0004058027199670307,0.9322682218859359,0.0016711379151708732,500
7,6,5,0.8571428571428571,2.0,11.0,917,fock_entropy_normalized,0.379471375963622,0.004050923977089019,0.01071987847381726,0.0003484642084507237,0.92542056475383,0.001659839419152197,500
7,6,5,0.8571428571428571,2.0,12.0,917,fock_entropy_normalized,0.355323412208038,0.004069473880994744,0.009343541070302263,0.00032223082429289236,0.9249560437401702,0.0017202798121525179,500
7,6,5,0.8571428571428571,2.0,13.0,917,fock_entropy_normalized,0.33668730490685206,0.004108283319396373,0.00832664912230244,0.0002666275280320239,0.9212913429596199,0.0017585626859252977,500
7,6,5,0.8571428571428571,2.0,14.0,917,fock_entropy_normalized,0.31747817734072203,0.004123168886721078,0.007481285561344199,0.0002640051439337039,0.917743108892498,0.0017275061988678132,500
7,6,5,0.8571428571428571,2.0,15.0,917,fock_entropy_normalized,0.30303346633267597,0.003765785782038234,0.0065691278509641005,0.00018512321748881603,0.918023643417508,0.0017923807698244758,500
7,6,5,0.8571428571428571,3.0,1.0,917,fock_entropy_normalized,0.685288859437252,0.00043974941376290514,0.0594009961854466,0.0002069543210879438,0.909787633194398,1.4507832008683002e-05,500
7,6,5,0.8571428571428571,3.0,2.0,917,fock_entropy_normalized,0.6337995567265079,0.0011030379730982659,0.043310912202478395,0.000281531362385892,0.914757328852098,0.0001716968027137665,500
7,6,5,0.8571428571428571,3.0,3.0,917,fock_entropy_normalized,0.590513195003306,0.0014581826876985354,0.0342120169764902,0.00029459173338280845,0.9229185635682441,0.0002518973244898922,500
7,6,5,0.8571428571428571,3.0,4.0,917,fock_entropy_normalized,0.550898674780664,0.0017310319887540158,0.027336855466769797,0.00028933314755060305,0.928755956114102,0.0003177367550753777,500
7,6,5,0.8571428571428571,3.0,5.0,917,fock_entropy_normalized,0.512133850380774,0.0021549661564230454,0.021933631019154423,0.0003008783973890542,0.932837022127254,0.00038561246124998164,500
7,6,5,0.8571428571428571,3.0,6.0,917,fock_entropy_normalized,0.47550180842824197,0.002425355022126866,0.01763315749797792,0.0002816232702599633,0.935736039283934,0.0004783348167838922,500
7,6,5,0.8571428571428571,3.0,7.0,917,fock_entropy_normalized,0.44487453873672,0.00271589497427517,0.014723923215347441,0.0002650018744347433,0.9384237129305499,0.0006373928897593832,500
7,6,5,0.8571428571428571,3.0,8.0,917,fock_entropy_normalized,0.41660856366901,0.002746353814602397,0.01237153073776596,0.00024170037357145352,0.940810141774194,0.0007733969481852068,500
7,6,5,0.8571428571428571,3.0,9.0,917,fock_entropy_normalized,0.391881323133642,0.002852050866462311,0.01061360148562434,0.00020236736341127677,0.940679055310732,0.0010166686714482638,500
7,6,5,0.8571428571428571,3.0,10.0,917,fock_entropy_normalized,0.363186385620618,0.002902095315307571,0.00892155637941916,0.00018596487080114397,0.940214581605632,0.0012101474153031987,500
7,6,5,0.8571428571428571,3.0,11.0,917,fock_entropy_normalized,0.34730758411184603,0.0029287692296926246,0.008156601609277081,0.00016549209250091474,0.9366851508031561,0.0013576633544450166,500
7,6,5,0.8571428571428571,3.0,12.0,917,fock_entropy_normalized,0.32267253940248797,0.0030049592135866976,0.00706343235757282,0.0001551885050979966,0.9342476420406061,0.0014947658435493603,500
7,6,5,0.8571428571428571,3.0,13.0,917,fock_entropy_normalized,0.309430175455718,0.0032370021234426507,0.006663447935816279,0.00016811511455502696,0.933912694336452,0.0015773970600474114,500
7,6,5,0.8571428571428571,3.0,14.0,917,fock_entropy_normalized,0.291473020970612,0.0030025540958572875,0.00583419647297654,0.00012877705798851124,0.932203606080194,0.0015911379201837407,500
7,6,5,0.8571428571428571,3.0,15.0,917,fock_entropy_normalized,0.281086321542812,0.0029490593469594113,0.00546503377690014,0.00011754731706378878,0.92964666373331,0.0016768747923624455,500
7,6,5,0.8571428571428571,4.0,1.0,917,fock_entropy_normalized,0.5935211452894921,0.0008318565895952887,0.0368201640729244,0.0002177575040600377,0.912323261675716,4.0188828840123226e-06,500
7,6,5,0.8571428571428571,4.0,2.0,917,fock_entropy_normalized,0.525462616659864,0.0014043554659211538,0.023070492433694804,0.00023971967521456476,0.912543104665388,5.503978384114548e-05,500
7,6,5,0.8571428571428571,4.0,3.0,917,fock_entropy_normalized,0.47574436399375,0.0015757410528336414,0.01661130443394352,0.00018854589243313925,0.9185772205407939,0.00022271163176099004,500
7,6,5,0.8571428571428571,4.0,4.0,917,fock_entropy_normalized,0.4425297236559,0.0015936772175269964,0.013542910056332399,0.00015460916398311888,0.92503877122141,0.0002471299268549037,500
7,6,5,0.8571428571428571,4.0,5.0,917,fock_entropy_normalized,0.416399051139424,0.0016329904300691452,0.01156557384489188,0.00012952394909610055,0.929024223539212,0.0002823169623340888,500
7,6,5,0.8571428571428571,4.0,6.0,917,fock_entropy_normalized,0.393924867060898,0.001727793955064393,0.010224022238631442,0.00012341897915452667,0.932355755239848,0.00039205682547783046,500
7,6,5,0.8571428571428571,4.0,7.0,917,fock_entropy_normalized,0.371502831937624,0.001823485340888138,0.00897924329386254,0.00011170035810740448,0.9340705115932421,0.0004275327171645558,500
7,6,5,0.8571428571428571,4.0,8.0,917,fock_entropy_normalized,0.351511559222236,0.001987902040342055,0.00795805386726572,0.00010741825419886489,0.936200249292202,0.0004866981816350217,500
7,6,5,0.8571428571428571,4.0,9.0,917,fock_entropy_normalized,0.335942881630696,0.0020563456428064294,0.0072728842319228805,9.97795767351316e-05,0.939338826674722,0.0006017521182375075,500
7,6,5,0.8571428571428571,4.0,10.0,917,fock_entropy_normalized,0.31318106914098204,0.0021276754369639896,0.00633810496507428,9.131443698113643e-05,0.94033488949716,0.000744120588549622,500
7,6,5,0.8571428571428571,4.0,11.0,917,fock_entropy_normalized,0.30291074816774605,0.0021765285833692705,0.00598417876857936,9.060019251426354e-05,0.94084193391643,0.0008418870131102478,500
7,6,5,0.8571428571428571,4.0,12.0,917,fock_entropy_normalized,0.285279466786794,0.002160157194602515,0.00536785873628018,7.657801013992523e-05,0.941760592159886,0.0009599913691208839,500
7,6,5,0.8571428571428571,4.0,13.0,917,fock_entropy_normalized,0.27827365744458804,0.002191960948061782,0.00517414591053554,7.345830192829049e-05,0.9402171665519761,0.0012002803623813814,500
7,6,5,0.8571428571428571,4.0,14.0,917,fock_entropy_normalized,0.262357262035668,0.0022724681463086684,0.004728396430173041,7.680657141610825e-05,0.9407172538220541,0.0012597724447887264,500
7,6,5,0.8571428571428571,4.0,15.0,917,fock_entropy_normalized,0.250324614129406,0.0021520680106346174,0.00438825827431996,6.454718013092792e-05,0.938469055530456,0.0013250589465923946,500
7,6,5,0.8571428571428571,5.0,1.0,917,fock_entropy_normalized,0.5423584887702,0.0011035436504386593,0.029245327216725802,0.00020386625646690558,0.9139101950034461,3.417387077477614e-06,500
7,6,5,0.8571428571428571,5.0,2.0,917,fock_entropy_normalized,0.45555748138505997,0.0017235155393626822,0.01656156038894972,0.00021701496282205797,0.913801782292468,1.1423075711633974e-05,500
7,6,5,0.8571428571428571,5.0,3.0,917,fock_entropy_normalized,0.405925750029622,0.0018037252987171929,0.01151382778817462,0.00017038730476774387,0.915182361835808,0.00010843204133538808,500
7,6,5,0.8571428571428571,5.0,4.0,917,fock_entropy_normalized,0.367150867127234,0.0017198350158708715,0.008683960327127298,0.0001324813465772942,0.9212272220899699,0.00023057353860342274,500
7,6,5,0.8571428571428571,5.0,5.0,917,fock_entropy_normalized,0.341648787613238,0.0016056298160689816,0.007276558932632121,9.112110034291049e-05,0.9262469844483581,0.00025010073519459884,500
7,6,5,0.8571428571428571,5.0,6.0,917,fock_entropy_normalized,0.33055888045000603,0.0016372222211638555,0.0069075095305197,9.345985443709028e-05,0.929509145307012,0.00029101999142709656,500
7,6,5,0.8571428571428571,5.0,7.0,917,fock_entropy_normalized,0.312486810461608,0.0015233550321615043,0.00618955547244128,7.101549487341526e-05,0.932356275564214,0.0003257011993975865,500
7,6,5,0.8571428571428571,5.0,8.0,917,fock_entropy_normalized,0.29793020588720603,0.001533596155262643,0.0056917783565078005,6.637912382757288e-05,0.9338944506523199,0.0004081113740702061,500
7,6,5,0.8571428571428571,5.0,9.0,917,fock_entropy_normalized,0.28938464329445,0.0016914463871289976,0.00542856971565576,6.953388883719617e-05,0.93459092235504,0.000450730073726212,500
7,6,5,0.8571428571428571,5.0,10.0,917,fock_entropy_normalized,0.275672570935572,0.0016833338491643738,0.0050017127799173,5.8162951007565744e-05,0.9366950672294599,0.0004919803978606722,500
7,6,5,0.8571428571428571,5.0,11.0,917,fock_entropy_normalized,0.26185210986908397,0.0016396132857944444,0.0045827361280387805,5.209410983847409e-05,0.937834098431758,0.0005671452815985689,500
7,6,5,0.8571428571428571,5.0,12.0,917,fock_entropy_normalized,0.25347677112664796,0.001664150412008529,0.004388162940585341,5.252464004171768e-05,0.9400732739586541,0.0006908859342742053,500
7,6,5,0.8571428571428571,5.0,13.0,917,fock_entropy_normalized,0.24520457916531802,0.001705832742782129,0.00419597165618874,4.951379903150359e-05,0.939505519048374,0.0008061174754365457,500
7,6,5,0.8571428571428571,5.0,14.0,917,fock_entropy_normalized,0.232430739784874,0.0017400731612909933,0.0038871762372576,4.650710319683999e-05,0.93995808942435,0.0008705011004406913,500
7,6,5,0.8571428571428571,5.0,15.0,917,fock_entropy_normalized,0.22582672380379198,0.0018246460763407942,0.0037655467806461404,4.760282868985011e-05,0.941683444131726,0.001055844449805754,500
7,6,5,0.8571428571428571,6.0,1.0,917,fock_entropy_normalized,0.5142552606436559,0.0011266141633037923,0.026049280368340998,0.00018448246057984268,0.914904857864412,2.67191683916414e-06,500
7,6,5,0.8571428571428571,6.0,2.0,917,fock_entropy_normalized,0.421132905449326,0.00174406636418434,0.014272207973315361,0.00017972133717511756,0.91491433073398,3.1275295381120687e-06,500
7,6,5,0.8571428571428571,6.0,3.0,917,fock_entropy_normalized,0.359909991725078,0.0019474268665671112,0.00919957807177136,0.00015425043702468706,0.91492694084145,4.572990924291153e-05,500
7,6,5,0.8571428571428571,6.0,4.0,917,fock_entropy_normalized,0.316514473332074,0.001733162014718825,0.00655411411766146,9.726310085317787e-05,0.9180517976436579,0.00017414840879140898,500
7,6,5,0.8571428571428571,6.0,5.0,917,fock_entropy_normalized,0.293235504367874,0.0017142827339454414,0.00553265083957904,7.997430285864486e-05,0.922940588463108,0.00025217190390114163,500
7,6,5,0.8571428571428571,6.0,6.0,917,fock_entropy_normalized,0.277344694416164,0.0015816181026836445,0.0049618196778853,6.72320568152426e-05,0.9271507493220741,0.00026347470299780036,500
7,6,5,0.8571428571428571,6.0,7.0,917,fock_entropy_normalized,0.270214915029364,0.0015647027307408856,0.0047947553399115,6.269111047280994e-05,0.9297459635445199,0.00028518391704394913,500
7,6,5,0.8571428571428571,6.0,8.0,917,fock_entropy_normalized,0.257321704613082,0.001328622075233796,0.00440741866374388,4.5615518841651476e-05,0.932626092177564,0.0003054188730167717,500
7,6,5,0.8571428571428571,6.0,9.0,917,fock_entropy_normalized,0.24884902387694002,0.001389467129829148,0.00424350277251122,4.679519694974888e-05,0.9338803586218639,0.0004183413358678472,500
7,6,5,0.8571428571428571,6.0,10.0,917,fock_entropy_normalized,0.241244231631272,0.001442300140490548,0.00405014916003694,4.6261087230260385e-05,0.934227875820166,0.0004080766649623631,500
7,6,5,0.8571428571428571,6.0,11.0,917,fock_entropy_normalized,0.229464097190714,0.001421299748921546,0.00377356824959304,4.160852526419213e-05,0.9354544034257339,0.0004757157664214044,500
7,6,5,0.8571428571428571,6.0,12.0,917,fock_entropy_normalized,0.224530726775318,0.0015172163257169793,0.0036908679542516,4.4363792056168864e-05,0.936482417587474,0.0005246768089909479,500
7,6,5,0.8571428571428571,6.0,13.0,917,fock_entropy_normalized,0.21667283172576798,0.001420939029300731,0.0035145337530699803,3.715670993688592e-05,0.938393546747964,0.0006388335297483086,500
7,6,5,0.8571428571428571,6.0,14.0,917,fock_entropy_normalized,0.210270943700308,0.0014372785998029752,0.0033804051284182803,3.6520908808401834e-05,0.938442178261382,0.0006994374684983441,500
7,6,5,0.8571428571428571,6.0,15.0,917,fock_entropy_normalized,0.204213230222578,0.0014573680892700652,0.00328747321511256,3.422512740151247e-05,0.939212783843918,0.0007740921395249004,500
7,6,5,0.8571428571428571,7.0,1.0,917,fock_entropy_normalized,0.487543763226026,0.0011399775967295821,0.023063448605650797,0.0001661896026107689,0.91556729483996,1.9778338392910303e-06,500
7,6,5,0.8571428571428571,7.0,2.0,917,fock_entropy_normalized,0.39500467952727003,0.001893542670600438,0.01266308140019032,0.00017592434955567902,0.9155983072275139,2.1750817905386473e-06,500
7,6,5,0.8571428571428571,7.0,3.0,917,fock_entropy_normalized,0.331369863360458,0.0020148457565045547,0.008023785247555081,0.00013426140445974748,0.915484064662038,1.0456331760789105e-05,500
7,6,5,0.8571428571428571,7.0,4.0,917,fock_entropy_normalized,0.292271072526296,0.0020333571129213723,0.00600518814712536,0.0001084059611574547,0.916100989149028,7.983856065439372e-05,500
7,6,5,0.8571428571428571,7.0,5.0,917,fock_entropy_normalized,0.261612443993434,0.0018229369174577019,0.00471497064084528,7.384275200392624e-05,0.920043671127382,0.00020698793656705893,500
7,6,5,0.8571428571428571,7.0,6.0,917,fock_entropy_normalized,0.24113882375439602,0.001652213436715761,0.00404411764420608,5.7975587609736374e-05,0.9243951672414981,0.0002461330460858787,500
7,6,5,0.8571428571428571,7.0,7.0,917,fock_entropy_normalized,0.232076063229666,0.0016407747927734949,0.0038289436479255795,6.178251023877994e-05,0.927905039056934,0.0002631636071592745,500
7,6,5,0.8571428571428571,7.0,8.0,917,fock_entropy_normalized,0.22710561270071,0.0015356427726594664,0.00370705995292586,5.0500574174659255e-05,0.9299681707075781,0.000274306037318268,500
7,6,5,0.8571428571428571,7.0,9.0,917,fock_entropy_normalized,0.2170103219394,0.0013090686926369266,0.0034710268736077403,3.7958776476192945e-05,0.9327684338530221,0.00029505826149874096,500
7,6,5,0.8571428571428571,7.0,10.0,917,fock_entropy_normalized,0.212130538184724,0.0014190570180704018,0.00341355209733816,4.130247068733127e-05,0.9336710904292741,0.0003284229514376181,500
7,6,5,0.8571428571428571,7.0,11.0,917,fock_entropy_normalized,0.20430333859372804,0.0013345126908904377,0.00325555438129072,3.6050817621796556e-05,0.9343948503228201,0.00039272347703631354,500
7,6,5,0.8571428571428571,7.0,12.0,917,fock_entropy_normalized,0.20065182803143397,0.0014236126577479257,0.0032254493861844803,4.100122100671748e-05,0.9351108985959921,0.0004313622633599252,500
7,6,5,0.8571428571428571,7.0,13.0,917,fock_entropy_normalized,0.19419293148472,0.0013840431327092333,0.00308043335941084,3.630084069035215e-05,0.9357202403488399,0.000477926750524655,500
7,6,5,0.8571428571428571,7.0,14.0,917,fock_entropy_normalized,0.188570475292738,0.0014447972004419992,0.0029946553107355603,3.411385826019818e-05,0.9371894482955799,0.0005346206457427068,500
7,6,5,0.8571428571428571,7.0,15.0,917,fock_entropy_normalized,0.18411463332135203,0.00138075913313353,0.00290986082310436,3.1563978649637e-05,0.936878604902894,0.0005946288055610428,500
7,6,5,0.8571428571428571,8.0,1.0,917,fock_entropy_normalized,0.46738331332132205,0.0010972829818478012,0.021011107729868,0.00014544922185558417,0.916022777939142,1.5568206007784716e-06,500
7,6,5,0.8571428571428571,8.0,2.0,917,fock_entropy_normalized,0.383691840319604,0.0017768488889418855,0.0121896020862396,0.00015643366333074622,0.916053628007576,1.7210215580372034e-06,500
7,6,5,0.8571428571428571,8.0,3.0,917,fock_entropy_normalized,0.31827075399738,0.002013102163867141,0.007655730937825279,0.00012467075670320082,0.916019227945406,4.051061615843505e-06,500
7,6,5,0.8571428571428571,8.0,4.0,917,fock_entropy_normalized,0.27302442929001197,0.0019840264784150253,0.0054538074248075205,9.162956442449225e-05,0.915941239648914,3.307273261892555e-05,500
7,6,5,0.8571428571428571,8.0,5.0,917,fock_entropy_normalized,0.241281786312442,0.001764937751134028,0.004268401748075019,6.871230222051583e-05,0.917689996102786,0.00013309734781525364,500
7,6,5,0.8571428571428571,8.0,6.0,917,fock_entropy_normalized,0.227553098988506,0.0018123182991127509,0.0038868859338151,6.391173602083164e-05,0.921120814297936,0.00022270221224045077,500
7,6,5,0.8571428571428571,8.0,7.0,917,fock_entropy_normalized,0.20563995500501,0.0015733166565861391,0.0032771138269724396,4.272646422804363e-05,0.9255736402321001,0.00026041798471667646,500
7,6,5,0.8571428571428571,8.0,8.0,917,fock_entropy_normalized,0.199790624649648,0.0014690155766974692,0.00315093144341982,3.773181327560769e-05,0.92810979181122,0.00027739237596079586,500
7,6,5,0.8571428571428571,8.0,9.0,917,fock_entropy_normalized,0.195191355643858,0.0014441119542525232,0.0030916801033787802,3.784505010318355e-05,0.9303271553362639,0.0002729247881949951,500
7,6,5,0.8571428571428571,8.0,10.0,917,fock_entropy_normalized,0.19193589661193,0.001362164110444016,0.00303446345661532,3.501137858089636e-05,0.931786727556546,0.00028456535107224915,500
7,6,5,0.8571428571428571,8.0,11.0,917,fock_entropy_normalized,0.18748035591100398,0.0014655612550059911,0.0029953712788323397,3.807237191879455e-05,0.9326607543158559,0.00034826515734166525,500
7,6,5,0.8571428571428571,8.0,12.0,917,fock_entropy_normalized,0.18019059330367398,0.0013208733150684708,0.00284518131928676,3.088137211233383e-05,0.934269887543322,0.0003903368236984483,500
7,6,5,0.8571428571428571,8.0,13.0,917,fock_entropy_normalized,0.175441481978874,0.0012581135446056429,0.00275750999770538,2.9343693856374473e-05,0.9353139429063181,0.0004491845579700456,500
7,6,5,0.8571428571428571,8.0,14.0,917,fock_entropy_normalized,0.173324161266998,0.001351972104556393,0.00275056472681154,2.9697965150978697e-05,0.934355195770502,0.00044134564975127204,500
7,6,5,0.8571428571428571,8.0,15.0,917,fock_entropy_normalized,0.167463215254662,0.0013493409040917649,0.0026436679508728203,3.048513847161647e-05,0.9358819316659039,0.0004813051048981479,500
7,6,5,0.8571428571428571,9.0,1.0,917,fock_entropy_normalized,0.45284627748352,0.00108569994663467,0.0197537184801932,0.00013550079124101313,0.916346877482546,1.1797930388555368e-06,500
7,6,5,0.8571428571428571,9.0,2.0,917,fock_entropy_normalized,0.367877091833152,0.0017293444631835864,0.011239746681585039,0.00014498268704205515,0.9163737180275561,1.343287703757829e-06,500
7,6,5,0.8571428571428571,9.0,3.0,917,fock_entropy_normalized,0.30972291787351797,0.0019883707334961333,0.0074591596075532,0.00011950416618062185,0.916357077607604,2.007831937972022e-06,500
7,6,5,0.8571428571428571,9.0,4.0,917,fock_entropy_normalized,0.258861801394028,0.0019997640024341295,0.005106957193662161,8.651931491603328e-05,0.916277957670114,1.313004902790458e-05,500
7,6,5,0.8571428571428571,9.0,5.0,917,fock_entropy_normalized,0.23176169470520802,0.0018658537380253542,0.00417366556130996,6.609910477975946e-05,0.916714482479822,8.068035241951845e-05,500
7,6,5,0.8571428571428571,9.0,6.0,917,fock_entropy_normalized,0.210314600891544,0.0018743616383641276,0.00356349513178318,5.984938055512241e-05,0.919182724248388,0.0001748545382318917,500
7,6,5,0.8571428571428571,9.0,7.0,917,fock_entropy_normalized,0.189141055029514,0.001588437777324765,0.00302390182544928,4.052443354869229e-05,0.9231538178633939,0.0002363285189525378,500
7,6,5,0.8571428571428571,9.0,8.0,917,fock_entropy_normalized,0.182170666130924,0.001585801218808226,0.0028905656793588,3.8819468830432554e-05,0.926628630116324,0.0002718057756533799,500
7,6,5,0.8571428571428571,9.0,9.0,917,fock_entropy_normalized,0.17643209413108837,0.001520918759357198,0.00277475356888366,3.456977588204965e-05,0.9283974673341899,0.0002822108929313429,500
7,6,5,0.8571428571428571,9.0,10.0,917,fock_entropy_normalized,0.174591321439586,0.0014291542806823773,0.00276115925315224,3.464753009315625e-05,0.930518640423684,0.00027591664867836733,500
7,6,5,0.8571428571428571,9.0,11.0,917,fock_entropy_normalized,0.17017242001919602,0.0013912823814950324,0.0027031775855299004,3.4308540016373324e-05,0.9321644732426961,0.00029288948911041483,500
7,6,5,0.8571428571428571,9.0,12.0,917,fock_entropy_normalized,0.16660844669907002,0.0013185922326817497,0.00263962861048156,2.9072505844266043e-05,0.9333369721498279,0.00034519601448616854,500
7,6,5,0.8571428571428571,9.0,13.0,917,fock_entropy_normalized,0.16089246243005198,0.001326846151502732,0.00255625351231632,2.9527688492867966e-05,0.9342736522506221,0.00035673389265577837,500
7,6,5,0.8571428571428571,9.0,14.0,917,fock_entropy_normalized,0.15683778973493004,0.0012870887577520764,0.0024973010897642,2.651864716565899e-05,0.934180195255612,0.00042204324381866815,500
7,6,5,0.8571428571428571,9.0,15.0,917,fock_entropy_normalized,0.15631052018666203,0.0013913954247504485,0.00251384770535918,3.1817214233004184e-05,0.936152197362582,0.000439299871800678,500
7,6,5,0.8571428571428571,10.0,1.0,917,fock_entropy_normalized,0.441063036593202,0.0010391955948994979,0.0187762146100088,0.00012487305451305787,0.9165824132124739,1.0209234577543228e-06,500
7,6,5,0.8571428571428571,10.0,2.0,917,fock_entropy_normalized,0.35884906222691404,0.0016807130989465082,0.010841321614660341,0.0001374520168520755,0.9166092641979381,1.1554119005430605e-06,500
7,6,5,0.8571428571428571,10.0,3.0,917,fock_entropy_normalized,0.29419259781936197,0.0019179424495879866,0.0068060953911270195,0.00010632191359502392,0.916600062297876,1.64056146233744e-06,500
7,6,5,0.8571428571428571,10.0,4.0,917,fock_entropy_normalized,0.251676367194278,0.0019010212479914738,0.00495499881846372,8.535488367864253e-05,0.916571269648,4.0799605155392524e-06,500
7,6,5,0.8571428571428571,10.0,5.0,917,fock_entropy_normalized,0.22065185841328203,0.0018515063827676912,0.00393768599278618,5.955693310051899e-05,0.9166256434009019,3.739680564618237e-05,500
7,6,5,0.8571428571428571,10.0,6.0,917,fock_entropy_normalized,0.19887630288360997,0.0017399477879739686,0.0033496962926768603,4.700001490181245e-05,0.9175411227984079,0.00010928568352329375,500
7,6,5,0.8571428571428571,10.0,7.0,917,fock_entropy_normalized,0.18561904709923058,0.0018446726914523623,0.0030818391889336,4.8601644446787775e-05,0.920239412188822,0.00019613280280962708,500
7,6,5,0.8571428571428571,10.0,8.0,917,fock_entropy_normalized,0.1721014565691322,0.0017208371186157772,0.00279003349611778,4.295066072461014e-05,0.923666497400574,0.0002549146935469205,500
7,6,5,0.8571428571428571,10.0,9.0,917,fock_entropy_normalized,0.1615538617124106,0.0014986984839575313,0.00255664822767282,3.1730180439987926e-05,0.9261011382986201,0.00026961614972287107,500
7,6,5,0.8571428571428571,10.0,10.0,917,fock_entropy_normalized,0.15768938125176582,0.0014313580001347546,0.00250378164163168,2.8677287039635845e-05,0.928788946454418,0.0002748451243051338,500
7,6,5,0.8571428571428571,10.0,11.0,917,fock_entropy_normalized,0.155527012253383,0.0014638800050766165,0.00248941710635074,3.0203103749722503e-05,0.930662319292068,0.0002953137926834035,500
7,6,5,0.8571428571428571,10.0,12.0,917,fock_entropy_normalized,0.15300517302941,0.0014049204182336795,0.0024571170241511,2.9357767777192785e-05,0.9322302474400039,0.00029170267002229396,500
7,6,5,0.8571428571428571,10.0,13.0,917,fock_entropy_normalized,0.14967962790590622,0.001357435718786895,0.0024118338238414997,2.792579697740727e-05,0.933342925784046,0.0003174872986670974,500
7,6,5,0.8571428571428571,10.0,14.0,917,fock_entropy_normalized,0.1458280018008116,0.0012141366020365692,0.0023442229962708397,2.3296478451587718e-05,0.93493951060367,0.000342467233556383,500
7,6,5,0.8571428571428571,10.0,15.0,917,fock_entropy_normalized,0.1422454169722116,0.0012923062589118056,0.00230266499476922,2.5616292507156507e-05,0.934497099014016,0.0003857140847929868,500
7,7,3,1.0,1.0,1.0,1128,fock_entropy_normalized,0.8848784753102721,5.1950803044252165e-05,0.291996688567088,0.00017099406340450983,1.0269589999131798,3.0945595423997606e-05,500
7,7,3,1.0,1.0,2.0,1128,fock_entropy_normalized,0.8744402013618621,0.00032070716945405603,0.261495253985272,0.0008760366297034792,1.0207698509313199,0.00018265912198823684,500
7,7,3,1.0,1.0,3.0,1128,fock_entropy_normalized,0.8486541353810639,0.0011113198814870632,0.2078812539325724,0.0019727917147227157,1.0100483250399481,0.00034803977405038983,500
7,7,3,1.0,1.0,4.0,1128,fock_entropy_normalized,0.803016837592116,0.0023743210047967142,0.14945202110210018,0.002574710033393755,0.9991347672712281,0.00043978173245063637,500
7,7,3,1.0,1.0,5.0,1128,fock_entropy_normalized,0.745457762676158,0.003733374800791796,0.1044459206765452,0.0025939765923896243,0.99054042590831,0.00046948774052012323,500
7,7,3,1.0,1.0,6.0,1128,fock_entropy_normalized,0.669454356407012,0.004739377226960926,0.06592225425853473,0.002223988363081251,0.982731654047906,0.0004414774105703877,500
7,7,3,1.0,1.0,7.0,1128,fock_entropy_normalized,0.616049805432664,0.005386877532662467,0.04876658651960208,0.001904513588493067,0.97835593052742,0.00046735193812890894,500
7,7,3,1.0,1.0,8.0,1128,fock_entropy_normalized,0.569364704634774,0.0057450472064427835,0.0379978565040001,0.0017851307141348726,0.975200867277526,0.00042251299994770666,500
7,7,3,1.0,1.0,9.0,1128,fock_entropy_normalized,0.505179055363868,0.005519600802808725,0.02384752941916492,0.0011770398125021204,0.9709742480445479,0.0004116476169476339,500
7,7,3,1.0,1.0,10.0,1128,fock_entropy_normalized,0.47223943379866196,0.005777495327938625,0.020407452297868382,0.0011421717266018217,0.969844771400482,0.0004053521660738909,500
7,7,3,1.0,1.0,11.0,1128,fock_entropy_normalized,0.436035676597546,0.005947939680361322,0.01662734484560098,0.0009953764269299268,0.9664646900860541,0.0004341287075654871,500
7,7,3,1.0,1.0,12.0,1128,fock_entropy_normalized,0.404712184913976,0.006008104405166614,0.01349584128494048,0.0007834528090679499,0.966756644339574,0.0003607461261083996,500
7,7,3,1.0,1.0,13.0,1128,fock_entropy_normalized,0.37242620576439,0.005179817921028999,0.0098273819578926,0.0005011785693865117,0.9635491077500241,0.0003738286128159639,500
7,7,3,1.0,1.0,14.0,1128,fock_entropy_normalized,0.3495841041331366,0.004890010337148366,0.00842198105949224,0.0004940860311925398,0.963778499927478,0.00036398607842780294,500
7,7,3,1.0,1.0,15.0,1128,fock_entropy_normalized,0.3198103701248542,0.005122089139124092,0.00713435633576192,0.0004479376502618012,0.9627432040934921,0.0003439009931669537,500
7,7,3,1.0,2.0,1.0,1128,fock_entropy_normalized,0.848697765095802,8.489169436442999e-05,0.19539609733065202,0.00017283570546489753,1.02089605852984,3.430572226533308e-05,500
7,7,3,1.0,2.0,2.0,1128,fock_entropy_normalized,0.8327676367496281,0.0004434667403062557,0.16737890810242,0.0006927165319735662,1.01972948705674,5.005284803917131e-05,500
7,7,3,1.0,2.0,3.0,1128,fock_entropy_normalized,0.8037305100461619,0.0011694062834038353,0.1329878904040148,0.001194027626117047,1.0170898904052,0.0001700632801583313,500
7,7,3,1.0,2.0,4.0,1128,fock_entropy_normalized,0.7590894531928501,0.0021400932959794758,0.0982869921343084,0.001439322183539816,1.011293756612922,0.0003059766657296602,500
7,7,3,1.0,2.0,5.0,1128,fock_entropy_normalized,0.7085944727182921,0.0032471609436136436,0.072958263147788,0.001533067281722492,1.004663483215154,0.00041152366350379326,500
7,7,3,1.0,2.0,6.0,1128,fock_entropy_normalized,0.6502311831144,0.004093799109245775,0.05195264681991952,0.0014045418130865007,0.997575711117614,0.00047091840065864056,500
7,7,3,1.0,2.0,7.0,1128,fock_entropy_normalized,0.604952025692238,0.004622957442209705,0.04010222962024252,0.001248013950432441,0.991982651817874,0.0005279528533571503,500
7,7,3,1.0,2.0,8.0,1128,fock_entropy_normalized,0.5579235101644201,0.004816780461381041,0.030143213610500603,0.0010680760505885204,0.987647910138384,0.0005156811896988047,500
7,7,3,1.0,2.0,9.0,1128,fock_entropy_normalized,0.502690508301298,0.005093182989741557,0.022134022690686202,0.0009487936299060566,0.982738962521206,0.0005274105916505102,500
7,7,3,1.0,2.0,10.0,1128,fock_entropy_normalized,0.46100106284194997,0.005234998322754507,0.01744300234651498,0.0008440872958410034,0.9788766496978201,0.0005080187125915272,500
7,7,3,1.0,2.0,11.0,1128,fock_entropy_normalized,0.429917416709544,0.005050801180418446,0.01376693168215726,0.0005992961873900287,0.9754159852141799,0.0005173221443140098,500
7,7,3,1.0,2.0,12.0,1128,fock_entropy_normalized,0.399035320613216,0.0048835312696816485,0.01116787001867496,0.0005007588775141778,0.973447648429548,0.0004939524786332911,500
7,7,3,1.0,2.0,13.0,1128,fock_entropy_normalized,0.368202699470646,0.004815069116847034,0.0090177766120317,0.0003670085680493528,0.97062218627936,0.00047715183788852184,500
7,7,3,1.0,2.0,14.0,1128,fock_entropy_normalized,0.35349319667866397,0.004762050193023354,0.008470919861291299,0.00042343330085548383,0.96943615675222,0.0004968930092519415,500
7,7,3,1.0,2.0,15.0,1128,fock_entropy_normalized,0.33974346228686,0.004928057132984086,0.0079460533780975,0.0004179777242346971,0.9688724589818539,0.00046171936638394356,500
7,7,3,1.0,3.0,1.0,1128,fock_entropy_normalized,0.781211358104136,0.00017716776515602458,0.1024225172351436,0.00020159388932635254,1.0235290068990401,2.9144956081626033e-05,500
7,7,3,1.0,3.0,2.0,1128,fock_entropy_normalized,0.7522367140645321,0.0007465512903337435,0.07978407371045,0.00047394109962481656,1.02290883099898,4.490567666154505e-05,500
7,7,3,1.0,3.0,3.0,1128,fock_entropy_normalized,0.712748801810444,0.0013178584906682034,0.061439787179811,0.0005437461871397458,1.02181072274492,7.869257724693826e-05,500
7,7,3,1.0,3.0,4.0,1128,fock_entropy_normalized,0.6730050732119839,0.0018760096860393554,0.0486538750724994,0.0005622355043372542,1.0201659801247,0.0001746739811423962,500
7,7,3,1.0,3.0,5.0,1128,fock_entropy_normalized,0.6350365225425039,0.0025231770034146116,0.0395442664851896,0.0006147083291532244,1.016513227752918,0.0002803935690112182,500
7,7,3,1.0,3.0,6.0,1128,fock_entropy_normalized,0.58850636650067,0.0029171976596420093,0.030214042725648944,0.0005372329119369304,1.01092719439968,0.00040530086615989266,500
7,7,3,1.0,3.0,7.0,1128,fock_entropy_normalized,0.54276834097648,0.003195992873467426,0.02302992962660818,0.0004781164121055795,1.0044830769449,0.00045645686982200126,500
7,7,3,1.0,3.0,8.0,1128,fock_entropy_normalized,0.504126994628812,0.003692844768202248,0.01867836908305848,0.00044987631486949044,0.9991753642051181,0.0005343406662764917,500
7,7,3,1.0,3.0,9.0,1128,fock_entropy_normalized,0.46810718694997,0.004010182650676827,0.01536201838386486,0.00043818317969047645,0.9946855820510879,0.0005510836234477827,500
7,7,3,1.0,3.0,10.0,1128,fock_entropy_normalized,0.434654968953276,0.004009162731371881,0.012396856383485321,0.0003247537432257644,0.990447087102782,0.0005620093375906864,500
7,7,3,1.0,3.0,11.0,1128,fock_entropy_normalized,0.409240340406492,0.004027773274189034,0.01069625021238226,0.00031287137318149286,0.9866172949812199,0.0005825936346731508,500
7,7,3,1.0,3.0,12.0,1128,fock_entropy_normalized,0.37323671080207393,0.004088501896256373,0.008611747954069859,0.00026295681487020214,0.983328681588008,0.0005524541808182236,500
7,7,3,1.0,3.0,13.0,1128,fock_entropy_normalized,0.358456901153894,0.004002039090762819,0.007835987055980301,0.00024506211920885036,0.98186216201123,0.0005327809686417941,500
7,7,3,1.0,3.0,14.0,1128,fock_entropy_normalized,0.338150751791768,0.0039898415999845786,0.0069670199173091606,0.00022526706928909822,0.977984923356986,0.0005497826727604629,500
7,7,3,1.0,3.0,15.0,1128,fock_entropy_normalized,0.319872806574066,0.004159479886439717,0.0063064441379467005,0.0002126476718892626,0.9779539953126121,0.0005296533858026018,500
7,7,3,1.0,4.0,1.0,1128,fock_entropy_normalized,0.7035630336633101,0.0004799692016286629,0.0603101975346422,0.00027438447972513865,1.02618904149472,2.471783271149622e-05,500
7,7,3,1.0,4.0,2.0,1128,fock_entropy_normalized,0.651720876891332,0.0012148236343919592,0.039037977581468,0.0004093951825642956,1.02679790090564,3.773066149912418e-05,500
7,7,3,1.0,4.0,3.0,1128,fock_entropy_normalized,0.5975350604974821,0.001560300338508806,0.0269085346208178,0.000310463763939957,1.0260463199472598,5.2408716238446906e-05,500
7,7,3,1.0,4.0,4.0,1128,fock_entropy_normalized,0.562255992843562,0.0017781352319480492,0.0221350319694072,0.0002598355267043831,1.0248435112090402,0.00010465915369966004,500
7,7,3,1.0,4.0,5.0,1128,fock_entropy_normalized,0.52902328555993,0.001877383642350775,0.01856412070078504,0.00021587222813702572,1.02289687576502,0.0001866583016020061,500
7,7,3,1.0,4.0,6.0,1128,fock_entropy_normalized,0.49573484769462595,0.0021796716792429408,0.015606985216093001,0.00020339642418422068,1.019469366794578,0.0002928409765559885,500
7,7,3,1.0,4.0,7.0,1128,fock_entropy_normalized,0.469561989820544,0.0023206514515534313,0.01357110926636332,0.0001890466281738723,1.0158310253439862,0.0003890069230370541,500
7,7,3,1.0,4.0,8.0,1128,fock_entropy_normalized,0.440972065998602,0.0026120212247287724,0.011625272590627001,0.00018808195021044794,1.0113112708217942,0.0004921715331994681,500
7,7,3,1.0,4.0,9.0,1128,fock_entropy_normalized,0.416218443488682,0.00274481147363106,0.01009622621981756,0.0001785135845187901,1.006141683741178,0.0005331589848861212,500
7,7,3,1.0,4.0,10.0,1128,fock_entropy_normalized,0.38702371755609,0.0027433054144515995,0.008493702271128618,0.0001513191465268798,1.000940795885268,0.0005449785883534609,500
7,7,3,1.0,4.0,11.0,1128,fock_entropy_normalized,0.37389126249901,0.003080927827674248,0.0080110338915282,0.00017079633032642284,0.9982209345253521,0.0006133148650798706,500
7,7,3,1.0,4.0,12.0,1128,fock_entropy_normalized,0.34553522138189396,0.0029264572950145505,0.00664388231942454,0.00012610440247496577,0.9934846948013601,0.000589923542551243,500
7,7,3,1.0,4.0,13.0,1128,fock_entropy_normalized,0.32965473518859006,0.003058124250266678,0.00614889142077798,0.00013606164192654058,0.99043534778304,0.0006088895332126157,500
7,7,3,1.0,4.0,14.0,1128,fock_entropy_normalized,0.31401002387120597,0.003185177603390073,0.00559882313131032,0.0001251582298428523,0.987904826130812,0.0005727142280057375,500
7,7,3,1.0,4.0,15.0,1128,fock_entropy_normalized,0.29441687230649277,0.003078193743851823,0.00494837193631522,0.00010292221136635907,0.985259363248072,0.0006024175341879117,500
7,7,3,1.0,5.0,1.0,1128,fock_entropy_normalized,0.6520149283978199,0.0008531654267062728,0.045042159453017,0.0002938173400720076,1.02868372149574,1.9752955539826365e-05,500
7,7,3,1.0,5.0,2.0,1128,fock_entropy_normalized,0.56533324854244,0.0017617916426815776,0.023970963098343602,0.0003405030853532181,1.02923898434276,3.218989564726444e-05,500
7,7,3,1.0,5.0,3.0,1128,fock_entropy_normalized,0.506379085494812,0.002078385537455726,0.01594958024264692,0.00028412207649037815,1.0291449609379,4.11312867525936e-05,500
7,7,3,1.0,5.0,4.0,1128,fock_entropy_normalized,0.462181935214324,0.0018484630903123735,0.011832310843164318,0.0001760116095417127,1.02823855331378,6.9665966340525e-05,500
7,7,3,1.0,5.0,5.0,1128,fock_entropy_normalized,0.43441730801574,0.0018382568812104095,0.010133825032548779,0.00014711001847869833,1.02673933998446,0.0001329950373792692,500
7,7,3,1.0,5.0,6.0,1128,fock_entropy_normalized,0.413569542538464,0.001676145970587839,0.00904618032260774,0.0001059634931117437,1.02490159948024,0.00018921296038746085,500
7,7,3,1.0,5.0,7.0,1128,fock_entropy_normalized,0.39533585602888,0.0018156133648990116,0.00832511058139938,0.00011185548322583717,1.02218843418118,0.0002799932160578646,500
7,7,3,1.0,5.0,8.0,1128,fock_entropy_normalized,0.378646849629964,0.0020019472277328335,0.007657815998567021,0.00011265421452705936,1.0190970728209081,0.0003551795185827351,500
7,7,3,1.0,5.0,9.0,1128,fock_entropy_normalized,0.36333456138044595,0.001948458161896878,0.00697112738381546,8.862145430528647e-05,1.0160574722299578,0.00044582982471902627,500
7,7,3,1.0,5.0,10.0,1128,fock_entropy_normalized,0.345746777080318,0.0020602730742706613,0.0063570867521766,8.737057224990985e-05,1.0111847845776978,0.000508925427867198,500
7,7,3,1.0,5.0,11.0,1128,fock_entropy_normalized,0.32938167045541994,0.002033801686627014,0.005744257998192261,7.716617440352851e-05,1.00760999815099,0.0005508157144738318,500
7,7,3,1.0,5.0,12.0,1128,fock_entropy_normalized,0.31400901406631204,0.0022495575195870597,0.0053213415184204995,8.02248299021115e-05,1.003645238719148,0.0005837818039280883,500
7,7,3,1.0,5.0,13.0,1128,fock_entropy_normalized,0.29969483439056605,0.0022628795847123894,0.00486871861606944,7.411927144947123e-05,1.0003435127632319,0.0006081643784184965,500
7,7,3,1.0,5.0,14.0,1128,fock_entropy_normalized,0.28991081321746404,0.0024343798742827182,0.0046483074233122,7.498591796952623e-05,0.99717208174177,0.0006512744852650229,500
7,7,3,1.0,5.0,15.0,1128,fock_entropy_normalized,0.275383400151292,0.0023202943472286673,0.0042643290330121,6.57937440595337e-05,0.9936181424972621,0.0006097009387217473,500
7,7,3,1.0,6.0,1.0,1128,fock_entropy_normalized,0.616630993181318,0.0009812131745129738,0.0363754580391248,0.0002526759205799952,1.03010676259044,7.200231619687478e-06,500
7,7,3,1.0,6.0,2.0,1128,fock_entropy_normalized,0.5147319147273319,0.0021662530447693943,0.018566584631633517,0.0003072016476808694,1.03066070147282,3.057083735653974e-05,500
7,7,3,1.0,6.0,3.0,1128,fock_entropy_normalized,0.441283946138124,0.002251321806446339,0.011202877137637719,0.0002052461322341845,1.0310592115051,3.752449825005748e-05,500
7,7,3,1.0,6.0,4.0,1128,fock_entropy_normalized,0.396011143625358,0.0020318424199520183,0.0081958715765481,0.0001323254218400222,1.0306063756714199,5.2866824192587244e-05,500
7,7,3,1.0,6.0,5.0,1128,fock_entropy_normalized,0.36861640667980405,0.0019394075212967436,0.00690454959420464,0.00011394024709579381,1.0296032493032599,9.188892995609364e-05,500
7,7,3,1.0,6.0,6.0,1128,fock_entropy_normalized,0.348363489064774,0.0017708140012641903,0.006097645329770619,8.365689946028639e-05,1.0281055925646,0.00014311456835365766,500
7,7,3,1.0,6.0,7.0,1128,fock_entropy_normalized,0.33427589464528196,0.0016774517204200977,0.00568686395108978,7.419254067291932e-05,1.02591784204234,0.0002130166158480843,500
7,7,3,1.0,6.0,8.0,1128,fock_entropy_normalized,0.32503962996756003,0.0015231034636858554,0.0054072694271516605,6.329965654586861e-05,1.02446533870578,0.00027326583229503055,500
7,7,3,1.0,6.0,9.0,1128,fock_entropy_normalized,0.31162928840721,0.001569274964710102,0.0050778044317783206,6.33341244878479e-05,1.021349332747806,0.0003369612200113787,500
7,7,3,1.0,6.0,10.0,1128,fock_entropy_normalized,0.302402040894398,0.001579474018894749,0.0048093470046795,5.7271462110144734e-05,1.019124575767942,0.00042432420465883503,500
7,7,3,1.0,6.0,11.0,1128,fock_entropy_normalized,0.29124498910866603,0.0016487024429245782,0.004519895224837701,5.561397395210254e-05,1.01481332781742,0.00048310082662692894,500
7,7,3,1.0,6.0,12.0,1128,fock_entropy_normalized,0.28091703036556603,0.0017584969408141764,0.004274311400843301,6.091602135938876e-05,1.0117401349543178,0.0005256621191882679,500
7,7,3,1.0,6.0,13.0,1128,fock_entropy_normalized,0.2702807812892,0.0017358100768740425,0.00401970933049474,4.893963160054977e-05,1.008351299390734,0.0005706477940504134,500
7,7,3,1.0,6.0,14.0,1128,fock_entropy_normalized,0.260273005947696,0.0017742215466118889,0.0038001855337898398,4.9078917987367904e-05,1.0046764574567701,0.000586636289477475,500
7,7,3,1.0,6.0,15.0,1128,fock_entropy_normalized,0.25181718671940795,0.001849882987717822,0.00361011387932776,4.529394542870422e-05,1.002604960129192,0.0006059138959911013,500
7,7,3,1.0,7.0,1.0,1128,fock_entropy_normalized,0.590185208401338,0.0010514286386039292,0.031110516079868797,0.0002210170791322416,1.03089974837318,1.7810842000265442e-06,500
7,7,3,1.0,7.0,2.0,1128,fock_entropy_normalized,0.48973751827060596,0.002107093088025245,0.0162826445725308,0.0002449812929147834,1.03130902114582,2.2733917066251484e-05,500
7,7,3,1.0,7.0,3.0,1128,fock_entropy_normalized,0.40450577806392196,0.0023477359958272836,0.00931975634452048,0.0001682215268001348,1.03212345363852,3.679300983856178e-05,500
7,7,3,1.0,7.0,4.0,1128,fock_entropy_normalized,0.35647155807058195,0.0023167530365516844,0.00677855764444236,0.0001255771821901927,1.03213153353142,4.226505581216738e-05,500
7,7,3,1.0,7.0,5.0,1128,fock_entropy_normalized,0.32272441086313597,0.0020217950027261646,0.005365786487101699,9.27430913887884e-05,1.03165242801152,5.855880803390061e-05,500
7,7,3,1.0,7.0,6.0,1128,fock_entropy_normalized,0.298940321667514,0.0017700243152265372,0.00456491260723806,6.708748752395366e-05,1.0301812240888202,0.00011672176999131455,500
7,7,3,1.0,7.0,7.0,1128,fock_entropy_normalized,0.288988596206808,0.0017017584403550778,0.004340986751318621,6.410743274442986e-05,1.0288894385518201,0.00016602893874506953,500
7,7,3,1.0,7.0,8.0,1128,fock_entropy_normalized,0.278651639814124,0.0015693678102389115,0.0040756339361846,5.319675491884353e-05,1.02730659388448,0.00021017094180743516,500
7,7,3,1.0,7.0,9.0,1128,fock_entropy_normalized,0.274220508848342,0.0016268340568814349,0.0040350518929491395,5.487310723767868e-05,1.0256643092566,0.00025751723532689287,500
7,7,3,1.0,7.0,10.0,1128,fock_entropy_normalized,0.266997387977144,0.0014979646930003106,0.0039011299483935795,4.7248680711135367e-05,1.023755878322904,0.00032336140132716983,500
7,7,3,1.0,7.0,11.0,1128,fock_entropy_normalized,0.25425664615219995,0.0013607183404347218,0.00360156566173124,3.9001995179933356e-05,1.020394427956122,0.0003752511704941535,500
7,7,3,1.0,7.0,12.0,1128,fock_entropy_normalized,0.25275967959882795,0.0014933412403845864,0.0035927025247365395,4.2093249382079255e-05,1.017804558050122,0.0004795395216584166,500
7,7,3,1.0,7.0,13.0,1128,fock_entropy_normalized,0.24136768925917,0.0014265592911627575,0.00334553610560364,3.719244763038852e-05,1.01419776874854,0.0005037125889471486,500
7,7,3,1.0,7.0,14.0,1128,fock_entropy_normalized,0.235397503524928,0.0016242928699854284,0.00328239036195434,4.339662300551113e-05,1.011404124252274,0.0005424123805414629,500
7,7,3,1.0,7.0,15.0,1128,fock_entropy_normalized,0.230774759550974,0.0014899513738030209,0.00316251738174178,3.686262862433143e-05,1.009735617876388,0.0005771849894371044,500
7,7,3,1.0,8.0,1.0,1128,fock_entropy_normalized,0.566117928033236,0.0011400423324444194,0.026990927468340403,0.00020417886294274234,1.03146653131694,1.5083244185432364e-06,500
7,7,3,1.0,8.0,2.0,1128,fock_entropy_normalized,0.46474175040785,0.00209452243939988,0.01417070169131442,0.0002119056423525018,1.03161133543496,1.5322372416051726e-05,500
7,7,3,1.0,8.0,3.0,1128,fock_entropy_normalized,0.388117935469052,0.002520747377311486,0.00874214154122514,0.00016360120258476288,1.0324403572409402,3.8058927715664645e-05,500
7,7,3,1.0,8.0,4.0,1128,fock_entropy_normalized,0.32992061455528804,0.002321304271729564,0.005914891895187561,0.00010740253871077415,1.03300286006502,4.0556276316888684e-05,500
7,7,3,1.0,8.0,5.0,1128,fock_entropy_normalized,0.29344822047263197,0.0021380503799295356,0.0046353008815963204,8.515895885443346e-05,1.03280682787924,5.1122865213397655e-05,500
7,7,3,1.0,8.0,6.0,1128,fock_entropy_normalized,0.27002844817473604,0.001962452779598594,0.00393946424854582,6.481770483686169e-05,1.03209946710522,7.556782639307603e-05,500
7,7,3,1.0,8.0,7.0,1128,fock_entropy_normalized,0.25419736538455195,0.001806152200384754,0.0035524678091402996,5.540053296706486e-05,1.0307937029176,0.00011993274756623608,500
7,7,3,1.0,8.0,8.0,1128,fock_entropy_normalized,0.24344373376506598,0.0015963158751395817,0.00330554104652904,4.305274303200201e-05,1.0295900319839,0.00016798934074100812,500
7,7,3,1.0,8.0,9.0,1128,fock_entropy_normalized,0.238464388992692,0.0014495181064397978,0.0032467605363581003,3.899912040769059e-05,1.0276605818062599,0.00022527529331542215,500
7,7,3,1.0,8.0,10.0,1128,fock_entropy_normalized,0.23622590140329,0.0014580991292974454,0.0032230503593778403,3.92818774363475e-05,1.0268533968698197,0.0002560944695930606,500
7,7,3,1.0,8.0,11.0,1128,fock_entropy_normalized,0.231151890282202,0.0013966615465301536,0.00314475755992032,3.62342379559842e-05,1.0244246047874799,0.00030149822645113994,500
7,7,3,1.0,8.0,12.0,1128,fock_entropy_normalized,0.22666523241833,0.0014513538751228878,0.00309033549664426,3.719239903901642e-05,1.022492487364674,0.000383935531084069,500
7,7,3,1.0,8.0,13.0,1128,fock_entropy_normalized,0.219657899225828,0.0014487827991711499,0.0030017641549751595,4.1901579460465204e-05,1.0194495762198241,0.0004244768700769932,500
7,7,3,1.0,8.0,14.0,1128,fock_entropy_normalized,0.21307500025158999,0.001336182538162293,0.0028348907276965,3.0313887242280665e-05,1.017071310564646,0.0004947361781224611,500
7,7,3,1.0,8.0,15.0,1128,fock_entropy_normalized,0.20656591199814,0.0013659772662708615,0.0027258640321534003,2.96720310911126e-05,1.01413564140466,0.0005178900009742796,500
7,7,3,1.0,9.0,1.0,1128,fock_entropy_normalized,0.543795211368348,0.0011214346137401066,0.0236094495237138,0.00017412179401430904,1.0318643746174998,1.2373085130268254e-06,500
7,7,3,1.0,9.0,2.0,1128,fock_entropy_normalized,0.447109145793144,0.0020744980780325957,0.0128868663947283,0.00018281440062573682,1.0319010292763,5.702706153723469e-06,500
7,7,3,1.0,9.0,3.0,1128,fock_entropy_normalized,0.36996781732866996,0.0023866304716004213,0.00790413758528704,0.00014132046039113327,1.0325468265304998,3.2386585755649515e-05,500
7,7,3,1.0,9.0,4.0,1128,fock_entropy_normalized,0.31298907350634997,0.002427397464398247,0.0054928143369013605,0.00010539630001639182,1.0334961884691198,4.718405726365914e-05,500
7,7,3,1.0,9.0,5.0,1128,fock_entropy_normalized,0.27333727379072004,0.0021354897480259406,0.00418230395911258,7.167493660586137e-05,1.03356010535096,4.611986674942078e-05,500
7,7,3,1.0,9.0,6.0,1128,fock_entropy_normalized,0.25216670434876604,0.0022016486832140006,0.0036749297488177196,7.023772829549504e-05,1.0331681125982,5.726067849564876e-05,500
7,7,3,1.0,9.0,7.0,1128,fock_entropy_normalized,0.23206008526862398,0.0016480409968651335,0.00314582235990032,4.2808859901300163e-05,1.03237902606032,8.845016160122696e-05,500
7,7,3,1.0,9.0,8.0,1128,fock_entropy_normalized,0.21987414245648199,0.0016190025956129251,0.0029012779590015204,3.868598194675841e-05,1.0313225912594,0.00012551857491556364,500
7,7,3,1.0,9.0,9.0,1128,fock_entropy_normalized,0.21513551031397402,0.0014986900696360472,0.0028291809424780203,3.391666878790839e-05,1.02988405618692,0.00016715817648736036,500
7,7,3,1.0,9.0,10.0,1128,fock_entropy_normalized,0.20873134764487,0.0016829162362953477,0.00276446490690146,5.048209358217571e-05,1.02863671685562,0.00021281949600729957,500
7,7,3,1.0,9.0,11.0,1128,fock_entropy_normalized,0.20707416717754198,0.0014310857233367053,0.0027384492883136603,3.333063489352297e-05,1.02692978496536,0.0002527839705070321,500
7,7,3,1.0,9.0,12.0,1128,fock_entropy_normalized,0.205497242506944,0.001480383376126851,0.00272163063428412,3.367305139531422e-05,1.0258137782168602,0.0002930675245626006,500
7,7,3,1.0,9.0,13.0,1128,fock_entropy_normalized,0.197889858328432,0.0013915354290641444,0.0026053816668938,3.0862942813230567e-05,1.0234445645344181,0.000352917137256578,500
7,7,3,1.0,9.0,14.0,1128,fock_entropy_normalized,0.195123796620418,0.0014090131710235779,0.0025844165570418,3.1346333129646536e-05,1.02142105889822,0.0004180544396714805,500
7,7,3,1.0,9.0,15.0,1128,fock_entropy_normalized,0.19056899969118998,0.0013055686080823998,0.00249673653864178,2.6666234540219066e-05,1.0189693038667522,0.00047056820658408766,500
7,7,3,1.0,10.0,1.0,1128,fock_entropy_normalized,0.527385946854046,0.0011461107961722706,0.0214563319821848,0.000158780986652462,1.0321549758091,1.1157981290078802e-06,500
7,7,3,1.0,10.0,2.0,1128,fock_entropy_normalized,0.432020115721656,0.00197113762693901,0.011850473056849501,0.00016557808783190317,1.03216897130602,2.502665118882512e-06,500
7,7,3,1.0,10.0,3.0,1128,fock_entropy_normalized,0.357465653194674,0.0023226869800249132,0.0073922049458454205,0.00012036527462113066,1.03252146171342,2.6558922383048608e-05,500
7,7,3,1.0,10.0,4.0,1128,fock_entropy_normalized,0.300372216317354,0.002330012264704349,0.005127310133591861,9.067403837014244e-05,1.0334680367628,4.575067178426492e-05,500
7,7,3,1.0,10.0,5.0,1128,fock_entropy_normalized,0.265099199640434,0.002402642072228864,0.00412755672660862,8.726896654443815e-05,1.0339820202658603,5.158460673767689e-05,500
7,7,3,1.0,10.0,6.0,1128,fock_entropy_normalized,0.241631172079992,0.002310734031815453,0.00354332895038336,7.648981075847168e-05,1.03395433579282,5.18406910980599e-05,500
7,7,3,1.0,10.0,7.0,1128,fock_entropy_normalized,0.21405290118635198,0.001889616930328583,0.00289741541213396,4.9334201237141573e-05,1.03344800371988,6.368544795468148e-05,500
7,7,3,1.0,10.0,8.0,1128,fock_entropy_normalized,0.20466343739662404,0.0017126051362940263,0.0027017071873128603,4.1170487646788246e-05,1.0327679839019999,9.497198469799323e-05,500
7,7,3,1.0,10.0,9.0,1128,fock_entropy_normalized,0.195952131619008,0.0014893095835965377,0.00252983934562686,2.9347596179048822e-05,1.0318154847038599,0.00013508997514641576,500
7,7,3,1.0,10.0,10.0,1128,fock_entropy_normalized,0.18821645783759,0.0014789262675056578,0.0024215970179281994,2.915249686047274e-05,1.0302659664114198,0.00018216583981134013,500
7,7,3,1.0,10.0,11.0,1128,fock_entropy_normalized,0.186020502911038,0.0014452613586411736,0.00240377136635842,2.8559910737712942e-05,1.02917117090716,0.0002077667135784951,500
7,7,3,1.0,10.0,12.0,1128,fock_entropy_normalized,0.18366410137806202,0.0013849620116356772,0.0023843896490075202,2.743655991457763e-05,1.02802424856052,0.00024219750206717642,500
7,7,3,1.0,10.0,13.0,1128,fock_entropy_normalized,0.180123301499224,0.0012900739469703549,0.0023334350978078395,2.5190096274487495e-05,1.02651800519924,0.0002743037268884639,500
7,7,3,1.0,10.0,14.0,1128,fock_entropy_normalized,0.18085790096631002,0.0013849162615660199,0.00237789467650778,2.7891135666176184e-05,1.024594944100822,0.0003263466033583875,500
7,7,3,1.0,10.0,15.0,1128,fock_entropy_normalized,0.175986275643404,0.0013385743110265124,0.0023137765584753,2.7163337644880344e-05,1.022392969406814,0.0003807444619303479,500
7,7,4,1.0,1.0,1.0,1520,fock_entropy_normalized,0.8815861539745901,5.140323485937273e-05,0.26605187006572395,0.00014442182640044446,1.2378147277838,5.113960062203361e-05,500
7,7,4,1.0,1.0,2.0,1520,fock_entropy_normalized,0.870956869927088,0.0003055927597414159,0.238434497500208,0.0007448185555914036,1.23586358804202,0.00024187700190347083,500
7,7,4,1.0,1.0,3.0,1520,fock_entropy_normalized,0.845503940760964,0.0010899084246354808,0.19044226202269782,0.0017408005868147093,1.2259779267098,0.000594357143385876,500
7,7,4,1.0,1.0,4.0,1520,fock_entropy_normalized,0.799949216270558,0.0024126902377143745,0.13724519980430103,0.002305774381737051,1.2115690001264603,0.0008357495939541779,500
7,7,4,1.0,1.0,5.0,1520,fock_entropy_normalized,0.7335957527718981,0.0038389563854948875,0.090854561227275,0.0024036862736660316,1.19880860214898,0.0009502792141585506,500
7,7,4,1.0,1.0,6.0,1520,fock_entropy_normalized,0.668680180505854,0.004609590516029219,0.05987532863655166,0.0019403190639640626,1.18893689989246,0.0009768072648613131,500
7,7,4,1.0,1.0,7.0,1520,fock_entropy_normalized,0.614783916170772,0.00525082049388781,0.04447021567831274,0.0017872503805716135,1.18145950567118,0.0009396007825832661,500
7,7,4,1.0,1.0,8.0,1520,fock_entropy_normalized,0.554502850317384,0.005624194622831344,0.03064700034401888,0.0013836233640281187,1.17543443908974,0.0008905827478915245,500
7,7,4,1.0,1.0,9.0,1520,fock_entropy_normalized,0.507263920257444,0.0057351064375099105,0.02326866735427418,0.0013127944440715449,1.1709903517533597,0.0008926151507732213,500
7,7,4,1.0,1.0,10.0,1520,fock_entropy_normalized,0.46066502329251197,0.00554563589202984,0.01633636305305816,0.0008745915100755966,1.1668266265552403,0.0008425752841684537,500
7,7,4,1.0,1.0,11.0,1520,fock_entropy_normalized,0.424150661763286,0.005530393775404459,0.01288500622142896,0.0007677184610791171,1.1641640641884998,0.0008124532348683301,500
7,7,4,1.0,1.0,12.0,1520,fock_entropy_normalized,0.39806283901757,0.005535630942871257,0.01111581513612216,0.0007333299272441693,1.16234256314362,0.0008287629802051251,500
7,7,4,1.0,1.0,13.0,1520,fock_entropy_normalized,0.36616094285301404,0.005252923796587073,0.008591622264681529,0.0005337931944323115,1.1616752473549001,0.000886537016978427,500
7,7,4,1.0,1.0,14.0,1520,fock_entropy_normalized,0.34688983610219803,0.005111638638282286,0.007633936357378881,0.0005576790027686364,1.1580262350739199,0.0008359713244691517,500
7,7,4,1.0,1.0,15.0,1520,fock_entropy_normalized,0.328226589371856,0.004921730674956156,0.006224980849508846,0.00031007929747668407,1.1566238352104,0.000758193108777055,500
7,7,4,1.0,2.0,1.0,1520,fock_entropy_normalized,0.800382837957882,0.0001051404594765408,0.127486297126778,0.00013309434070466614,1.21449708688036,3.271677065271429e-05,500
7,7,4,1.0,2.0,2.0,1520,fock_entropy_normalized,0.7877422145134901,0.0003837008636643164,0.10931418430877961,0.00043265021926664946,1.2198175857372597,0.00016671061600417454,500
7,7,4,1.0,2.0,3.0,1520,fock_entropy_normalized,0.762511466360672,0.0010880769263887872,0.08939457050467019,0.0007356859142679388,1.22485320541546,0.00029565868558659484,500
7,7,4,1.0,2.0,4.0,1520,fock_entropy_normalized,0.7154897814210579,0.0021558356572786387,0.0654998234661912,0.0009389683895980934,1.22613219933324,0.0005011725030691646,500
7,7,4,1.0,2.0,5.0,1520,fock_entropy_normalized,0.670059089983052,0.0027579736663503767,0.0492180420017504,0.0009187954555233756,1.22119232935064,0.00075201157073483,500
7,7,4,1.0,2.0,6.0,1520,fock_entropy_normalized,0.61031193779512,0.00371954503134853,0.03518344085672826,0.0009140543571632855,1.2126864976704401,0.000983613812001744,500
7,7,4,1.0,2.0,7.0,1520,fock_entropy_normalized,0.56636412872486,0.004064652170611165,0.02671088006366108,0.0007647743064312682,1.20453443004958,0.001086242406648864,500
7,7,4,1.0,2.0,8.0,1520,fock_entropy_normalized,0.523150937278848,0.0042741049475358206,0.020264565473270522,0.0006027881575470436,1.2008231005408199,0.0011910612498505742,500
7,7,4,1.0,2.0,9.0,1520,fock_entropy_normalized,0.485576761586668,0.0044418075404862685,0.016168044622824142,0.0005571625483116004,1.19104707951434,0.0011461165227107362,500
7,7,4,1.0,2.0,10.0,1520,fock_entropy_normalized,0.44034927657426604,0.00440343009293119,0.01198672379029648,0.00043285577387198044,1.1853880227618199,0.0011469288388466015,500
7,7,4,1.0,2.0,11.0,1520,fock_entropy_normalized,0.410304834345374,0.00458126032376638,0.0101174327409437,0.00039801306685702476,1.18011020197202,0.0011043713482826376,500
7,7,4,1.0,2.0,12.0,1520,fock_entropy_normalized,0.38086347565806206,0.004509916355238409,0.008273992713179421,0.00033520153689012245,1.1755967834335999,0.0010819808389040213,500
7,7,4,1.0,2.0,13.0,1520,fock_entropy_normalized,0.366666516693174,0.00435647831953441,0.00740874301467598,0.0002937279328521292,1.1747120491178997,0.0011204076779436523,500
7,7,4,1.0,2.0,14.0,1520,fock_entropy_normalized,0.345425093595054,0.004445088595393531,0.006575563133805201,0.0002789881403785789,1.17242371199838,0.0010517293750179793,500
7,7,4,1.0,2.0,15.0,1520,fock_entropy_normalized,0.31752713346481,0.004171239387666316,0.0054214026479168,0.00023892694389947479,1.16753799094954,0.0010020796392088934,500
7,7,4,1.0,3.0,1.0,1520,fock_entropy_normalized,0.6864084160946959,0.0003028669090782199,0.059488060131994196,0.00017153136742506736,1.2177772489109997,2.9518669188637427e-05,500
7,7,4,1.0,3.0,2.0,1520,fock_entropy_normalized,0.652596282132308,0.0007575287279004764,0.0432577328913482,0.0003054500817027192,1.21772132629804,4.559504042582977e-05,500
7,7,4,1.0,3.0,3.0,1520,fock_entropy_normalized,0.6176635627505099,0.0012415602799477371,0.032194087003038,0.00033695499887176486,1.22060241842406,0.0001618721694504426,500
7,7,4,1.0,3.0,4.0,1520,fock_entropy_normalized,0.5861984208765819,0.0015598005962563016,0.025581659480934597,0.0002966470794530803,1.2248915337941,0.0002935455807897209,500
7,7,4,1.0,3.0,5.0,1520,fock_entropy_normalized,0.5488128895654419,0.0021237047543847054,0.02025508526099274,0.000311124477476169,1.2275385719726801,0.000440349485210622,500
7,7,4,1.0,3.0,6.0,1520,fock_entropy_normalized,0.518088750840576,0.0023528912699761722,0.016699689632870378,0.00027117427103966175,1.2263613627195,0.000618552595105825,500
7,7,4,1.0,3.0,7.0,1520,fock_entropy_normalized,0.48023385735207,0.0027539351424682086,0.01333421189819244,0.0002574920628552581,1.22344170855048,0.0008510599385615687,500
7,7,4,1.0,3.0,8.0,1520,fock_entropy_normalized,0.44946299036558807,0.0028934610084730555,0.01101856137832684,0.0002365285681116259,1.2180390080247199,0.001010609755660144,500
7,7,4,1.0,3.0,9.0,1520,fock_entropy_normalized,0.422783668100848,0.003088820136230285,0.00933731593068992,0.00019484487266060345,1.21276086185258,0.001118228025473937,500
7,7,4,1.0,3.0,10.0,1520,fock_entropy_normalized,0.4011431003439981,0.0032208523558281796,0.0082197952318344,0.00018544929185127198,1.20647483399892,0.0012161021948053237,500
7,7,4,1.0,3.0,11.0,1520,fock_entropy_normalized,0.37205731320842,0.0031146535048365443,0.00674868158644284,0.0001600326240887794,1.2011989557259002,0.0012287192459157965,500
7,7,4,1.0,3.0,12.0,1520,fock_entropy_normalized,0.35554664155586796,0.0032404439849087166,0.00615519232813036,0.00015294942025576027,1.19665864303476,0.0012315846388145737,500
7,7,4,1.0,3.0,13.0,1520,fock_entropy_normalized,0.331534300195088,0.0032024099614061663,0.005256526154884599,0.0001248480432874646,1.1900808271237,0.0012272198000045846,500
7,7,4,1.0,3.0,14.0,1520,fock_entropy_normalized,0.313888968642308,0.0031095778031426952,0.0046532961497343,0.00010619519799740593,1.1856334910167399,0.0012194305625148742,500
7,7,4,1.0,3.0,15.0,1520,fock_entropy_normalized,0.30072876672811105,0.0032957165640473155,0.00435497809629799,0.00011059328818731768,1.18313261822294,0.0012069581674987132,500
7,7,4,1.0,4.0,1.0,1520,fock_entropy_normalized,0.596349449618648,0.0005323623775441211,0.0345511048632748,0.0001891863531502044,1.2217740207362,1.6520771942048346e-05,500
7,7,4,1.0,4.0,2.0,1520,fock_entropy_normalized,0.539799722184802,0.001205549855141218,0.0206130505116112,0.00023822019957613687,1.2210895247261402,3.5133789930936286e-05,500
7,7,4,1.0,4.0,3.0,1520,fock_entropy_normalized,0.49255722727257,0.001434528508072263,0.01382068874656126,0.00017540089630797322,1.22159172995114,5.4320212588558345e-05,500
7,7,4,1.0,4.0,4.0,1520,fock_entropy_normalized,0.46132179929825007,0.0015162506949185778,0.01090491840383148,0.0001368535234982051,1.22318911804916,0.00015538998955259628,500
7,7,4,1.0,4.0,5.0,1520,fock_entropy_normalized,0.436028932467532,0.0016453192009704533,0.009261586945290739,0.00012433506093954873,1.22623327721638,0.0002743170186726549,500
7,7,4,1.0,4.0,6.0,1520,fock_entropy_normalized,0.41101132427258597,0.0016203533691243539,0.00788094726084678,9.620714588847386e-05,1.2289821667992,0.00041377564158367894,500
7,7,4,1.0,4.0,7.0,1520,fock_entropy_normalized,0.39347079133481005,0.0017769310712598251,0.0070857153707578596,9.253539946715047e-05,1.2295521758227599,0.000540747051025515,500
7,7,4,1.0,4.0,8.0,1520,fock_entropy_normalized,0.37518125318401,0.0019381408943721897,0.0063399436787903805,8.636508197297999e-05,1.22757931692838,0.0007225190854218487,500
7,7,4,1.0,4.0,9.0,1520,fock_entropy_normalized,0.359706795424506,0.00195794601384013,0.00580158329276332,8.589988689521387e-05,1.2240789204627198,0.0008973012296730747,500
7,7,4,1.0,4.0,10.0,1520,fock_entropy_normalized,0.342425750142366,0.00213440523882937,0.00521771675940726,8.164917703057322e-05,1.2232490030969998,0.0009548086504436752,500
7,7,4,1.0,4.0,11.0,1520,fock_entropy_normalized,0.32398880411247,0.0021951598044854435,0.0046530438001228,7.552171490487198e-05,1.21817862557266,0.001103876380408965,500
7,7,4,1.0,4.0,12.0,1520,fock_entropy_normalized,0.308865953534664,0.002109850002576645,0.0042209357774551405,6.24239838332783e-05,1.2107563195414601,0.001230988934548471,500
7,7,4,1.0,4.0,13.0,1520,fock_entropy_normalized,0.29710651935120197,0.002246812205030547,0.0039633813483556804,6.606920501277007e-05,1.20643374778048,0.0012153488864032318,500
7,7,4,1.0,4.0,14.0,1520,fock_entropy_normalized,0.28231094218141606,0.002255193023264017,0.00360429979490662,5.837931354652489e-05,1.2018427987894402,0.0012313243220325497,500
7,7,4,1.0,4.0,15.0,1520,fock_entropy_normalized,0.271923470067522,0.0023051906084431716,0.0033968210000979797,5.6372708517004894e-05,1.1991670574494202,0.0013037353530044923,500
7,7,4,1.0,5.0,1.0,1520,fock_entropy_normalized,0.541856952939378,0.0007843851957947264,0.025767117241582,0.00017672985932910343,1.2233005460409399,6.304929240438164e-06,500
7,7,4,1.0,5.0,2.0,1520,fock_entropy_normalized,0.46494261655262803,0.0015618489267667838,0.01346453730297198,0.00019562796879718915,1.22298820127796,2.5366599242650788e-05,500
7,7,4,1.0,5.0,3.0,1520,fock_entropy_normalized,0.414893231982462,0.0017476793145455257,0.008791888207059421,0.00014934037304195928,1.2236817162709799,4.5270095984445996e-05,500
7,7,4,1.0,5.0,4.0,1520,fock_entropy_normalized,0.374519526714994,0.0016518222769852443,0.006287817555456239,0.00010164331547931366,1.2239462493301603,6.145146641890444e-05,500
7,7,4,1.0,5.0,5.0,1520,fock_entropy_normalized,0.35024607087837595,0.001473130593846487,0.005189144347412259,6.353308345658632e-05,1.22474062061832,0.00013385922260986146,500
7,7,4,1.0,5.0,6.0,1520,fock_entropy_normalized,0.33732462893575804,0.0014943643497148632,0.0048102995562256,6.217671577096599e-05,1.2269565998854,0.0002470102924756473,500
7,7,4,1.0,5.0,7.0,1520,fock_entropy_normalized,0.322805177286864,0.0014251430130999764,0.004396220590487481,5.170882147937646e-05,1.2293184819538199,0.0003426464616519694,500
7,7,4,1.0,5.0,8.0,1520,fock_entropy_normalized,0.311880734087306,0.0014577921854952134,0.00411755391231976,4.851370261866303e-05,1.23011344316038,0.00047488142639136283,500
7,7,4,1.0,5.0,9.0,1520,fock_entropy_normalized,0.29745966624961206,0.0013956794408913913,0.0037613992062415203,4.137447943431872e-05,1.2302735766533202,0.0006132958061784055,500
7,7,4,1.0,5.0,10.0,1520,fock_entropy_normalized,0.28862093172090997,0.0015320181970588688,0.00358275213858454,4.320220572780036e-05,1.2280783992535798,0.0007068062356568284,500
7,7,4,1.0,5.0,11.0,1520,fock_entropy_normalized,0.278469898931026,0.001595607986239093,0.0033834598859503605,4.251674946516657e-05,1.22709031588502,0.0008235640585108088,500
7,7,4,1.0,5.0,12.0,1520,fock_entropy_normalized,0.26829757438616797,0.0015623483563844132,0.00316959832216088,3.763642528115098e-05,1.2236145987141198,0.0009751429561253494,500
7,7,4,1.0,5.0,13.0,1520,fock_entropy_normalized,0.259196426036424,0.0016233355915640266,0.0030163188831644804,3.596748457626689e-05,1.21920233462612,0.0010876665567347136,500
7,7,4,1.0,5.0,14.0,1520,fock_entropy_normalized,0.2516844461056,0.0016775828229656504,0.0028915215298887203,3.5097516495157495e-05,1.21723406026044,0.001117478506360811,500
7,7,4,1.0,5.0,15.0,1520,fock_entropy_normalized,0.244191698023756,0.0016483800110632914,0.00275641323253038,3.264176131148632e-05,1.21212834213408,0.0011728655887972297,500
7,7,4,1.0,6.0,1.0,1520,fock_entropy_normalized,0.5073657799968021,0.0009379020221401211,0.0209014375044046,0.0001629370594745211,1.22408697224758,4.3760877157432595e-06,500
7,7,4,1.0,6.0,2.0,1520,fock_entropy_normalized,0.42416397174246595,0.001716672321949982,0.01081885174520164,0.00016042251797391318,1.2238587978262399,1.1735783823036164e-05,500
7,7,4,1.0,6.0,3.0,1520,fock_entropy_normalized,0.36623188216618996,0.001954236953624898,0.006778034479028101,0.0001275293281057902,1.2245222550431198,4.0880687370103546e-05,500
7,7,4,1.0,6.0,4.0,1520,fock_entropy_normalized,0.32528076062829003,0.0018369371790737182,0.004818149762003481,9.425517415845823e-05,1.2253630289979598,5.2029773820694757e-05,500
7,7,4,1.0,6.0,5.0,1520,fock_entropy_normalized,0.30299374648319805,0.0018124310105776644,0.0040330514100170994,7.448254729123204e-05,1.22550844684598,7.73284888168145e-05,500
7,7,4,1.0,6.0,6.0,1520,fock_entropy_normalized,0.28386071690312,0.0015597461300426421,0.00345033386154592,5.3103774517028925e-05,1.22599126029984,0.0001446353184771244,500
7,7,4,1.0,6.0,7.0,1520,fock_entropy_normalized,0.2747627330639,0.001417029727097787,0.00322649719350698,3.855284239675113e-05,1.2267899513847802,0.0002145115285234712,500
7,7,4,1.0,6.0,8.0,1520,fock_entropy_normalized,0.264994245275546,0.0013094579404133002,0.0030407847092320402,3.4486187329234205e-05,1.22934462105426,0.00032573399071829265,500
7,7,4,1.0,6.0,9.0,1520,fock_entropy_normalized,0.25783293913424604,0.0012853388382510638,0.0029247366483248797,3.2220400650619404e-05,1.23017599062134,0.00042103801612073435,500
7,7,4,1.0,6.0,10.0,1520,fock_entropy_normalized,0.247949228233822,0.0013436747510909986,0.0027441318399986604,2.9848130137235928e-05,1.2301811216715801,0.0005198007773441593,500
7,7,4,1.0,6.0,11.0,1520,fock_entropy_normalized,0.240123480352794,0.0013131287752931322,0.002616529717115,2.749249596260586e-05,1.23069482563724,0.0006659032506395071,500
7,7,4,1.0,6.0,12.0,1520,fock_entropy_normalized,0.23248353308273,0.0012969396613607092,0.00250091839171368,2.5489234998160067e-05,1.22953755487456,0.0006967162842169501,500
7,7,4,1.0,6.0,13.0,1520,fock_entropy_normalized,0.22948958179880402,0.0013451712968891496,0.00248293452538112,2.6392057267851794e-05,1.2276139373758401,0.0008534034736583784,500
7,7,4,1.0,6.0,14.0,1520,fock_entropy_normalized,0.22128484066787002,0.001332656957148119,0.0023505651165888,2.4364798855793557e-05,1.2254012408344002,0.0008682643923996439,500
7,7,4,1.0,6.0,15.0,1520,fock_entropy_normalized,0.21376032113226998,0.0014109595984065054,0.00225483042237116,2.3466223011277514e-05,1.22134809224436,0.0010664403005809884,500
7,7,4,1.0,7.0,1.0,1520,fock_entropy_normalized,0.48176345979316604,0.0009166295563198945,0.0176391808936738,0.00013133700475687968,1.2245688137736,3.0556564258817186e-06,500
7,7,4,1.0,7.0,2.0,1520,fock_entropy_normalized,0.39696915795729604,0.0018393730610509285,0.0092864724119706,0.00014502531603295928,1.22441112609306,5.560655213203399e-06,500
7,7,4,1.0,7.0,3.0,1520,fock_entropy_normalized,0.336907548105012,0.0020612965378844945,0.00581707933645186,0.00011264055615491838,1.2248278679973201,3.1956361646241454e-05,500
7,7,4,1.0,7.0,4.0,1520,fock_entropy_normalized,0.292474441094492,0.0017686388036128819,0.003993617549088801,6.602521223321766e-05,1.22589791496556,5.226741193762975e-05,500
7,7,4,1.0,7.0,5.0,1520,fock_entropy_normalized,0.267577987229494,0.0017784962232417,0.0032910621194541597,5.574245526179263e-05,1.2264026689895,6.059991043918139e-05,500
7,7,4,1.0,7.0,6.0,1520,fock_entropy_normalized,0.24613496448483999,0.0015975135429951563,0.0027574458247307397,4.1718261772386614e-05,1.22635723660068,8.887892855966557e-05,500
7,7,4,1.0,7.0,7.0,1520,fock_entropy_normalized,0.235634132448936,0.0014739892087860989,0.0025438638609044002,3.3660690126645494e-05,1.2265979955951603,0.00015238163305497106,500
7,7,4,1.0,7.0,8.0,1520,fock_entropy_normalized,0.22785950943702,0.0013155628290297417,0.00241081622233034,2.8265035219139784e-05,1.2274998700748,0.00023947783474642553,500
7,7,4,1.0,7.0,9.0,1520,fock_entropy_normalized,0.22358774221740402,0.001284586013647777,0.00236538813555086,2.84294398661918e-05,1.22926203766346,0.0003235179821190995,500
7,7,4,1.0,7.0,10.0,1520,fock_entropy_normalized,0.21846141951487602,0.0013273299900717734,0.0023117022321609204,2.9509570059046688e-05,1.23069326942908,0.00038901075669757094,500
7,7,4,1.0,7.0,11.0,1520,fock_entropy_normalized,0.21283125154305202,0.0013478046002578122,0.00223548554307742,2.7645938091071996e-05,1.23177245519786,0.0004577064565995453,500
7,7,4,1.0,7.0,12.0,1520,fock_entropy_normalized,0.210029392331076,0.00134882698838102,0.0021893990180917805,2.461555639662246e-05,1.23153586824844,0.0005261756927174265,500
7,7,4,1.0,7.0,13.0,1520,fock_entropy_normalized,0.202299416073452,0.0012493404720750952,0.0020882414881052197,2.150207052143869e-05,1.22941339671084,0.0006766863484018989,500
7,7,4,1.0,7.0,14.0,1520,fock_entropy_normalized,0.197145469884976,0.001195047552770355,0.00201673973494428,2.0077853305992127e-05,1.2291819270811402,0.0007684089411864495,500
7,7,4,1.0,7.0,15.0,1520,fock_entropy_normalized,0.192109837473736,0.0012068493737005803,0.00196102309197902,1.9068371549302556e-05,1.2280337019668,0.000827725940213791,500
7,7,4,1.0,8.0,1.0,1520,fock_entropy_normalized,0.46265873873081603,0.0009122802873577706,0.015571979588648999,0.00011359242817384238,1.2248824506348601,2.3735956820683228e-06,500
7,7,4,1.0,8.0,2.0,1520,fock_entropy_normalized,0.379736606592236,0.0017436292581178936,0.00835291548959254,0.0001181235002042585,1.22477195904622,2.9914596742786655e-06,500
7,7,4,1.0,8.0,3.0,1520,fock_entropy_normalized,0.317027123346758,0.0020684187985612846,0.00519958793810698,9.342532283161406e-05,1.2249456552443398,2.2202936540218643e-05,500
7,7,4,1.0,8.0,4.0,1520,fock_entropy_normalized,0.27440723289787605,0.00203717787103617,0.0037366468043376804,7.476048669655115e-05,1.22593384052366,5.4343198806408664e-05,500
7,7,4,1.0,8.0,5.0,1520,fock_entropy_normalized,0.242239793834188,0.0017123464251234085,0.0028508670898559,4.982187170746031e-05,1.2270164670227601,6.130056784957126e-05,500
7,7,4,1.0,8.0,6.0,1520,fock_entropy_normalized,0.224030237807454,0.0015933736053623006,0.00245309999482238,3.515817197650988e-05,1.2272393928446999,6.836989416313914e-05,500
7,7,4,1.0,8.0,7.0,1520,fock_entropy_normalized,0.210342290387324,0.001553220467841037,0.00221789544451436,3.319620866250517e-05,1.22695317883422,9.378998577396814e-05,500
7,7,4,1.0,8.0,8.0,1520,fock_entropy_normalized,0.20227104428451004,0.0014630301245002809,0.00208179413090116,2.8213453226765413e-05,1.2271247121095201,0.00014421321610190202,500
7,7,4,1.0,8.0,9.0,1520,fock_entropy_normalized,0.195066355376486,0.0013144570478178155,0.0019752756091771396,2.372076517602534e-05,1.22827843950546,0.00020756401463775626,500
7,7,4,1.0,8.0,10.0,1520,fock_entropy_normalized,0.191936522912134,0.0012335024872037847,0.0019422430342104801,2.1933461698574603e-05,1.2288037776471998,0.00028718344183150274,500
7,7,4,1.0,8.0,11.0,1520,fock_entropy_normalized,0.18985007420504202,0.0012555442395170149,0.0019308138275377603,2.172897813324565e-05,1.22986178033556,0.0003728698936919936,500
7,7,4,1.0,8.0,12.0,1520,fock_entropy_normalized,0.184306054192796,0.0012548175668980793,0.00186969692911456,2.2803025009771274e-05,1.23194462345492,0.00041417253194880193,500
7,7,4,1.0,8.0,13.0,1520,fock_entropy_normalized,0.184513775455238,0.0013201488905399674,0.0018949424834148803,2.3640040836251492e-05,1.2320984090627998,0.000510699449868296,500
7,7,4,1.0,8.0,14.0,1520,fock_entropy_normalized,0.17885994688793602,0.001142610858060364,0.0018077748464415998,1.7656565556197955e-05,1.2316973059110998,0.000553245728905034,500
7,7,4,1.0,8.0,15.0,1520,fock_entropy_normalized,0.175238011402904,0.0012385101091374855,0.0017766960149998398,1.882481470404812e-05,1.23129960320188,0.0007142769421039792,500
7,7,4,1.0,9.0,1.0,1520,fock_entropy_normalized,0.443067379443942,0.0008670645943033829,0.01365029892553612,9.27290344309776e-05,1.22509799053882,1.739536245835235e-06,500
7,7,4,1.0,9.0,2.0,1520,fock_entropy_normalized,0.36380074884188796,0.0016510645405035385,0.007561641617646099,9.87801251205563e-05,1.2250177063372198,2.2879262761882126e-06,500
7,7,4,1.0,9.0,3.0,1520,fock_entropy_normalized,0.301321713342014,0.001913452809085134,0.0047211164938386,7.591340466882837e-05,1.22506093996546,1.228512448703759e-05,500
7,7,4,1.0,9.0,4.0,1520,fock_entropy_normalized,0.26004325226534003,0.0019606460518380915,0.0034463046287376,5.945145818878999e-05,1.2256520314623398,3.988974049632831e-05,500
7,7,4,1.0,9.0,5.0,1520,fock_entropy_normalized,0.23304369298318,0.0018390662118939938,0.00278555009868312,4.8931641597580236e-05,1.2267235136363799,5.968460741571029e-05,500
7,7,4,1.0,9.0,6.0,1520,fock_entropy_normalized,0.20867968202853002,0.0016058656078880595,0.0022812489488823998,3.275361809476082e-05,1.2274856627139201,6.426722033617025e-05,500
7,7,4,1.0,9.0,7.0,1520,fock_entropy_normalized,0.19432737494916597,0.0015559058937453139,0.00204140223432932,2.876667998980264e-05,1.2276829901945203,7.779161434965156e-05,500
7,7,4,1.0,9.0,8.0,1520,fock_entropy_normalized,0.180849690659096,0.0013901357903961084,0.00182730683451812,2.2279073536689204e-05,1.2274616043740803,0.00010654199911571479,500
7,7,4,1.0,9.0,9.0,1520,fock_entropy_normalized,0.176827024806254,0.0014926569298933543,0.0017903631813062598,2.4606271679800735e-05,1.2275019319881801,0.00015753786471267258,500
7,7,4,1.0,9.0,10.0,1520,fock_entropy_normalized,0.174650090830926,0.0013534027269954169,0.0017630189701597397,2.1817237086776262e-05,1.22842557438048,0.00020992852841555652,500
7,7,4,1.0,9.0,11.0,1520,fock_entropy_normalized,0.17065366374617003,0.0012912165450761838,0.00172260362900922,2.042659225115418e-05,1.22946743849024,0.00027185930756693194,500
7,7,4,1.0,9.0,12.0,1520,fock_entropy_normalized,0.167596545554776,0.0012395746446482257,0.00168935360784332,1.940875625489336e-05,1.22970618154154,0.00033535074319908376,500
7,7,4,1.0,9.0,13.0,1520,fock_entropy_normalized,0.16625173312211,0.0012700702243020727,0.00168729281362542,1.9999752387273638e-05,1.23069995348702,0.00037635294384649206,500
7,7,4,1.0,9.0,14.0,1520,fock_entropy_normalized,0.161456595905374,0.0012637619284648636,0.00163887728257696,1.9400396340952165e-05,1.2321842262818399,0.000454662714772136,500
7,7,4,1.0,9.0,15.0,1520,fock_entropy_normalized,0.158726582205034,0.0012339829126676249,0.00161110612801676,1.796181291129151e-05,1.23169527444872,0.0005415221644961385,500
7,7,4,1.0,10.0,1.0,1520,fock_entropy_normalized,0.42906858546672594,0.000905400956620551,0.012473134000679882,8.883946870664123e-05,1.22525501869112,1.5493795980628427e-06,500
7,7,4,1.0,10.0,2.0,1520,fock_entropy_normalized,0.34947414580963604,0.0016298695851266866,0.00690710361479522,9.021081805451145e-05,1.2251964753420999,1.8132305394070656e-06,500
7,7,4,1.0,10.0,3.0,1520,fock_entropy_normalized,0.289508650443294,0.00182941634669122,0.00439286938051016,6.870358077128796e-05,1.2251899832592,5.653916187691935e-06,500
7,7,4,1.0,10.0,4.0,1520,fock_entropy_normalized,0.254346738898376,0.0019628718238496497,0.00339862708196388,6.012234142428557e-05,1.22554821797772,3.072857364349848e-05,500
7,7,4,1.0,10.0,5.0,1520,fock_entropy_normalized,0.21803716237812001,0.0018011757011066464,0.00254542765999092,4.0953459285978816e-05,1.2265363875529802,5.804878223674234e-05,500
7,7,4,1.0,10.0,6.0,1520,fock_entropy_normalized,0.198026385885444,0.001878786761387688,0.0022011383709863797,3.724960042589802e-05,1.22743474901476,6.848073603509014e-05,500
7,7,4,1.0,10.0,7.0,1520,fock_entropy_normalized,0.182354993289564,0.0016148484574608835,0.00192651918480546,2.8110694311574163e-05,1.2280449922653198,7.154627860413527e-05,500
7,7,4,1.0,10.0,8.0,1520,fock_entropy_normalized,0.1729371014101112,0.0016599914648078374,0.00180849582444645,2.9647514242624956e-05,1.22797564817812,8.363246676910698e-05,500
7,7,4,1.0,10.0,9.0,1520,fock_entropy_normalized,0.1643814664459916,0.0014635363733408097,0.001678590649983646,2.138936895276517e-05,1.22778961233418,0.00010543850815915869,500
7,7,4,1.0,10.0,10.0,1520,fock_entropy_normalized,0.15919340423675998,0.0014322335203741747,0.001620307087441122,2.2387743542964108e-05,1.2279401744424199,0.00015182665096753848,500
7,7,4,1.0,10.0,11.0,1520,fock_entropy_normalized,0.1561711804380382,0.0013270608144128977,0.001583861621832106,1.9006066520022e-05,1.22854725703682,0.00019826657090677664,500
7,7,4,1.0,10.0,12.0,1520,fock_entropy_normalized,0.151261272907563,0.001242125102154952,0.0015330103546204361,1.7173449999350614e-05,1.2291789909511999,0.0002662585108747249,500
7,7,4,1.0,10.0,13.0,1520,fock_entropy_normalized,0.15112483820013803,0.0012766721963547187,0.001538983824042458,1.763909167312768e-05,1.2302451442819602,0.0003415852422885411,500
7,7,4,1.0,10.0,14.0,1520,fock_entropy_normalized,0.1476894076207676,0.0012380148264881433,0.001509419155747254,1.7422598185173846e-05,1.23102549215672,0.00037775346535853186,500
7,7,4,1.0,10.0,15.0,1520,fock_entropy_normalized,0.1453481751273482,0.0011848434823639872,0.001487530840514028,1.649552807927514e-05,1.2319893028000202,0.0004407811620874881,500
7,7,5,1.0,1.0,1.0,1667,fock_entropy_normalized,0.8760357964799079,6.112102031518264e-05,0.24833932113534601,0.00016406016363368486,1.3139509942270002,4.8470320288319204e-05,500
7,7,5,1.0,1.0,2.0,1667,fock_entropy_normalized,0.864319437759834,0.00034711140067624315,0.220404727888686,0.0007607944601668464,1.3224084138729,0.0002572561557684506,500
7,7,5,1.0,1.0,3.0,1667,fock_entropy_normalized,0.837102799461064,0.001162965353248662,0.1740410543344392,0.0016189436598638806,1.3252197625370399,0.000606014148104686,500
7,7,5,1.0,1.0,4.0,1667,fock_entropy_normalized,0.7874109342409861,0.0024425740491062237,0.122649242479845,0.0022000491995210663,1.32081788692294,0.001065593283935577,500
7,7,5,1.0,1.0,5.0,1667,fock_entropy_normalized,0.726237183798028,0.0037315946914709508,0.08379095793616763,0.0021959840191238707,1.30940888666352,0.0014258062293584504,500
7,7,5,1.0,1.0,6.0,1667,fock_entropy_normalized,0.6564431997426059,0.004658389849904439,0.054522810727579536,0.0018167249505097076,1.2978872954805998,0.0016021974061850182,500
7,7,5,1.0,1.0,7.0,1667,fock_entropy_normalized,0.605986136837224,0.005154950282324171,0.040459133758354124,0.0016320247829355932,1.2878606477349999,0.0017441218070567467,500
7,7,5,1.0,1.0,8.0,1667,fock_entropy_normalized,0.5436874653637301,0.0055734491675344605,0.028076729377180382,0.0013658830239186267,1.2792511205373402,0.001600568687176802,500
7,7,5,1.0,1.0,9.0,1667,fock_entropy_normalized,0.505988655120314,0.005425603866763707,0.02156005404888516,0.0011680471197680247,1.27680461155224,0.0016612079975117098,500
7,7,5,1.0,1.0,10.0,1667,fock_entropy_normalized,0.457424162984256,0.005636682204466494,0.01614029422058572,0.0009651637822098108,1.26960233160172,0.00157222893839259,500
7,7,5,1.0,1.0,11.0,1667,fock_entropy_normalized,0.420309994443468,0.005092828136588323,0.011211552155136341,0.0005327676065182015,1.26595843987846,0.001712301205130905,500
7,7,5,1.0,1.0,12.0,1667,fock_entropy_normalized,0.396612423258854,0.005293345942771186,0.010054307990229522,0.0005810859185007783,1.2678137247863799,0.0016303567341996623,500
7,7,5,1.0,1.0,13.0,1667,fock_entropy_normalized,0.365043697594764,0.005374375889252184,0.008340641003922702,0.0005133663566083167,1.26007700156676,0.0016190218959206745,500
7,7,5,1.0,1.0,14.0,1667,fock_entropy_normalized,0.34264573024378003,0.00500181877438892,0.006873253517271301,0.00042355539705133126,1.2594942071738402,0.0016780792277816781,500
7,7,5,1.0,1.0,15.0,1667,fock_entropy_normalized,0.32920950054430803,0.005235193252230933,0.006658676662041924,0.0004766899269467219,1.2548180718126598,0.001628077793063463,500
7,7,5,1.0,2.0,1.0,1667,fock_entropy_normalized,0.7800640780780641,0.00019941058627736847,0.1069150623955994,0.00015360360728007569,1.29540409885444,3.3520026362709796e-05,500
7,7,5,1.0,2.0,2.0,1667,fock_entropy_normalized,0.760204814774384,0.0005028365811258444,0.0902087073907416,0.00037797512189102544,1.29637276333098,8.204514632055226e-05,500
7,7,5,1.0,2.0,3.0,1667,fock_entropy_normalized,0.728296374135352,0.0011635606730541995,0.071438778751358,0.0006142832953222831,1.3000658654391,0.00018205315136222364,500
7,7,5,1.0,2.0,4.0,1667,fock_entropy_normalized,0.6843212217366059,0.0019955110742961124,0.05364046446601999,0.0007444437650118556,1.3074724165094398,0.00038127896280114424,500
7,7,5,1.0,2.0,5.0,1667,fock_entropy_normalized,0.635570141476776,0.00269323128500556,0.039352503192473604,0.0007382451858095224,1.31196271603618,0.0006479529407339129,500
7,7,5,1.0,2.0,6.0,1667,fock_entropy_normalized,0.5887271888035739,0.003377457941464614,0.02969793798449978,0.0007188566898900183,1.31388345702042,0.0008940032067664879,500
7,7,5,1.0,2.0,7.0,1667,fock_entropy_normalized,0.5376675006518001,0.0038681328425209287,0.021790041359442198,0.0006460481251143032,1.30960811428468,0.0012477711324610473,500
7,7,5,1.0,2.0,8.0,1667,fock_entropy_normalized,0.506621183502298,0.004141247526005333,0.017978962647038677,0.0005668457668782271,1.30525476434444,0.0015005039338966911,500
7,7,5,1.0,2.0,9.0,1667,fock_entropy_normalized,0.46236775639107397,0.0037887466459213875,0.01290204711154256,0.0004075504429709789,1.29850771195172,0.0017581159303968706,500
7,7,5,1.0,2.0,10.0,1667,fock_entropy_normalized,0.43243115135696203,0.004211945363965948,0.01101278520729466,0.0004016110986444083,1.29093405239934,0.0018071697287202378,500
7,7,5,1.0,2.0,11.0,1667,fock_entropy_normalized,0.396176121111878,0.003982845663441259,0.008433722029357419,0.0002983630632556716,1.28883295892472,0.0018288085232153076,500
7,7,5,1.0,2.0,12.0,1667,fock_entropy_normalized,0.373469502208304,0.004227714432308612,0.007434330876731261,0.0002763657180594626,1.28417071298602,0.0018058526117702741,500
7,7,5,1.0,2.0,13.0,1667,fock_entropy_normalized,0.352665842586584,0.004031889847169674,0.00633233186515588,0.00023886413815771794,1.2812788336276602,0.001826321196678135,500
7,7,5,1.0,2.0,14.0,1667,fock_entropy_normalized,0.332917260172434,0.003967260052382761,0.00546954635565724,0.00017840527540829198,1.2746775938833799,0.0019095223062321487,500
7,7,5,1.0,2.0,15.0,1667,fock_entropy_normalized,0.313614561363876,0.00395878210297683,0.0048550205374216,0.00017330969436541344,1.27282551931838,0.0018641966605400025,500
7,7,5,1.0,3.0,1.0,1667,fock_entropy_normalized,0.651305258056134,0.00040869299614464816,0.0479667278223518,0.00015281838824179615,1.3001770662608,4.8437012637323477e-05,500
7,7,5,1.0,3.0,2.0,1667,fock_entropy_normalized,0.613147381345812,0.0008733941524119419,0.0344158348157482,0.0002669404997066619,1.30225199698564,4.794228762412172e-05,500
7,7,5,1.0,3.0,3.0,1667,fock_entropy_normalized,0.5757947541182179,0.0011750833835019268,0.0249342346122172,0.0002569697031130639,1.3006348792875202,9.757863824561317e-05,500
7,7,5,1.0,3.0,4.0,1667,fock_entropy_normalized,0.5427613746913601,0.0015297757465955256,0.0195145821867747,0.00023204792138958842,1.3000892845532999,0.00012010602765416275,500
7,7,5,1.0,3.0,5.0,1667,fock_entropy_normalized,0.5129910138579601,0.001951826911624108,0.016046069054399422,0.00023748220332630066,1.30324280514588,0.00024007690276509354,500
7,7,5,1.0,3.0,6.0,1667,fock_entropy_normalized,0.483417220128056,0.002227728725607837,0.013250158882721162,0.00021850482157846938,1.3076067415136599,0.00043452602019460366,500
7,7,5,1.0,3.0,7.0,1667,fock_entropy_normalized,0.44703556894988605,0.002393115350905131,0.010428441507485859,0.00019569903192058903,1.31128143543804,0.0006039242178477006,500
7,7,5,1.0,3.0,8.0,1667,fock_entropy_normalized,0.423268400069354,0.0027089853614314235,0.009098617586953139,0.0001939286550679009,1.3121725380493,0.00075182969670489,500
7,7,5,1.0,3.0,9.0,1667,fock_entropy_normalized,0.395720093957426,0.002646287225054053,0.00746967570357762,0.000148832046099062,1.3133842990704199,0.0010675033992285786,500
7,7,5,1.0,3.0,10.0,1667,fock_entropy_normalized,0.376774438583124,0.002714583653384437,0.00662218464258564,0.0001385601469372088,1.3106169563994399,0.0012814566783487984,500
7,7,5,1.0,3.0,11.0,1667,fock_entropy_normalized,0.35590768453030797,0.002808621420620517,0.00577810024287652,0.00012829300573188865,1.31221139255408,0.001387664087525404,500
7,7,5,1.0,3.0,12.0,1667,fock_entropy_normalized,0.33188132382859,0.0029236013901594014,0.00497267040998552,0.00011855265135291293,1.3056307259956,0.0015874841304677246,500
7,7,5,1.0,3.0,13.0,1667,fock_entropy_normalized,0.317759377321598,0.0027720145118597904,0.0044593501181806995,9.156103670972593e-05,1.30028624328748,0.001709236807334271,500
7,7,5,1.0,3.0,14.0,1667,fock_entropy_normalized,0.304632863401952,0.002866310690756288,0.00411158602494326,8.611138039931441e-05,1.2990228350016,0.0018168574841651353,500
7,7,5,1.0,3.0,15.0,1667,fock_entropy_normalized,0.29292866251078203,0.002856937678019597,0.00382129322459046,8.064084198817111e-05,1.29051249969368,0.001880012328143449,500
7,7,5,1.0,4.0,1.0,1667,fock_entropy_normalized,0.5636115049114321,0.0006115229992534511,0.0282575449834246,0.00015774834579895068,1.30248449741764,4.807864626078598e-05,500
7,7,5,1.0,4.0,2.0,1667,fock_entropy_normalized,0.50559241257392,0.0012147945564360417,0.016798409001328538,0.00019291421073803483,1.3068070249372798,6.917825875316036e-05,500
7,7,5,1.0,4.0,3.0,1667,fock_entropy_normalized,0.458236602559868,0.0015196918523321182,0.01122364458497748,0.00016133699461025607,1.30684453542342,7.38630879644081e-05,500
7,7,5,1.0,4.0,4.0,1667,fock_entropy_normalized,0.42726996300551,0.001499776056689976,0.00869977050702382,0.00011701750932809934,1.3045781088424,0.00012433807001236872,500
7,7,5,1.0,4.0,5.0,1667,fock_entropy_normalized,0.4024905365776,0.0014874807584077327,0.007264721212428481,9.284220027596257e-05,1.30251991091626,0.00013999262909141012,500
7,7,5,1.0,4.0,6.0,1667,fock_entropy_normalized,0.38229941620947,0.0017222122838356343,0.0064049561699984405,9.431573537835024e-05,1.30372790419028,0.00019074529774250283,500
7,7,5,1.0,4.0,7.0,1667,fock_entropy_normalized,0.358159863107252,0.0016533278363412506,0.00540097773122584,6.583216068342458e-05,1.3067715302833598,0.00032178929122849814,500
7,7,5,1.0,4.0,8.0,1667,fock_entropy_normalized,0.347300845160274,0.0018853953291614039,0.00510582269784432,7.48809472771864e-05,1.30966714096342,0.0004497789812867147,500
7,7,5,1.0,4.0,9.0,1667,fock_entropy_normalized,0.330544260740294,0.0018109515892261957,0.004580815996150261,6.268744824588655e-05,1.3112841682833,0.0005635880522338984,500
7,7,5,1.0,4.0,10.0,1667,fock_entropy_normalized,0.31239670455067,0.001872929391712845,0.00407059806621458,5.596298529402674e-05,1.31329056268118,0.0008645054566730814,500
7,7,5,1.0,4.0,11.0,1667,fock_entropy_normalized,0.301974118608362,0.001956717499440569,0.00384240860717092,5.610971905929082e-05,1.3132200904595202,0.0009348179094729878,500
7,7,5,1.0,4.0,12.0,1667,fock_entropy_normalized,0.2892470875228939,0.0018434746895969717,0.00350116671956014,4.5951870918457944e-05,1.3130843978857,0.0010818425132765642,500
7,7,5,1.0,4.0,13.0,1667,fock_entropy_normalized,0.277138764249506,0.0020031127476913715,0.0032687491882862395,4.6415768961939644e-05,1.3129169105025398,0.0012691986797499714,500
7,7,5,1.0,4.0,14.0,1667,fock_entropy_normalized,0.26397787349080404,0.0020243208911364845,0.00299606723096396,4.43439471989182e-05,1.3099613372992198,0.0014324736404680853,500
7,7,5,1.0,4.0,15.0,1667,fock_entropy_normalized,0.25127555928509204,0.002000310552221726,0.0027768022710315597,4.175044591009367e-05,1.3062211911055999,0.0015970168891831585,500
7,7,5,1.0,5.0,1.0,1667,fock_entropy_normalized,0.5125265086604499,0.0008130682429374993,0.021307332681085797,0.00014744547074798197,1.3032961469482,2.1388984537172528e-05,500
7,7,5,1.0,5.0,2.0,1667,fock_entropy_normalized,0.44048709644668,0.001523832403999219,0.01154090570406422,0.00017075056092994478,1.3078951463687198,9.75874478542715e-05,500
7,7,5,1.0,5.0,3.0,1667,fock_entropy_normalized,0.38591850131307204,0.0015880298225600226,0.00710244101686886,0.00011181292637920122,1.3103369441478998,7.495457193711475e-05,500
7,7,5,1.0,5.0,4.0,1667,fock_entropy_normalized,0.347625631641894,0.0016512666022101801,0.0051588825709874405,8.572352256781883e-05,1.30918903811434,9.637393830817167e-05,500
7,7,5,1.0,5.0,5.0,1667,fock_entropy_normalized,0.32550015868140003,0.0014968644885916488,0.004316854556446179,6.34033247323305e-05,1.30664871385848,0.0001508077244295988,500
7,7,5,1.0,5.0,6.0,1667,fock_entropy_normalized,0.313253563661474,0.0014540982857680685,0.0039777324503853595,5.4186238169620174e-05,1.3043279941655601,0.00015856750991355233,500
7,7,5,1.0,5.0,7.0,1667,fock_entropy_normalized,0.29965390492038196,0.0013756233255009921,0.00362749711165124,4.2741154523683165e-05,1.3043550561692998,0.00016583270816021727,500
7,7,5,1.0,5.0,8.0,1667,fock_entropy_normalized,0.289241509925176,0.0013625037614405256,0.0033772614320054,3.805104555741983e-05,1.3056223259209,0.00023010519962398133,500
7,7,5,1.0,5.0,9.0,1667,fock_entropy_normalized,0.278495190780038,0.0013938929356270384,0.00316772287670324,3.52527194866476e-05,1.30789265676874,0.0003576239267804689,500
7,7,5,1.0,5.0,10.0,1667,fock_entropy_normalized,0.267951922819458,0.0014407417568685753,0.00296212564349118,3.4236460393256764e-05,1.30954672451486,0.0004304947654320419,500
7,7,5,1.0,5.0,11.0,1667,fock_entropy_normalized,0.256547812902664,0.0014751892825253649,0.00276394193141414,3.1268113752580204e-05,1.31307289418452,0.0005502548969268286,500
7,7,5,1.0,5.0,12.0,1667,fock_entropy_normalized,0.249985694119594,0.001487921216336268,0.0026675731599317604,2.9915062501364518e-05,1.31353470883684,0.0007218958214893501,500
7,7,5,1.0,5.0,13.0,1667,fock_entropy_normalized,0.237265045325036,0.0014775361879961163,0.002451608920744,2.7023242682337715e-05,1.3138501850279802,0.000909454510621647,500
7,7,5,1.0,5.0,14.0,1667,fock_entropy_normalized,0.235303564737618,0.0015951636774500825,0.0024445433861012404,3.180409735005084e-05,1.31508697933186,0.0009354995163151164,500
7,7,5,1.0,5.0,15.0,1667,fock_entropy_normalized,0.22614352274264002,0.0014709931914819255,0.0022916319882707397,2.4543842295816555e-05,1.3136411837120399,0.0011372989625292355,500
7,7,5,1.0,6.0,1.0,1667,fock_entropy_normalized,0.480746916236866,0.0008902671136813852,0.01739265500179844,0.00012831539164606342,1.3040125122980202,2.883333158645343e-06,500
7,7,5,1.0,6.0,2.0,1667,fock_entropy_normalized,0.398716357917492,0.0016533160015328489,0.00896634365845528,0.00013634897969246355,1.30759325364008,0.00010338308476084789,500
7,7,5,1.0,6.0,3.0,1667,fock_entropy_normalized,0.34156198884871003,0.001653909175044058,0.005481943865783821,8.529071608403413e-05,1.31154650514782,9.49852665139445e-05,500
7,7,5,1.0,6.0,4.0,1667,fock_entropy_normalized,0.30249513397380395,0.0018441254242967087,0.004002690946236321,7.972818410757393e-05,1.31205487213178,9.126261972515372e-05,500
7,7,5,1.0,6.0,5.0,1667,fock_entropy_normalized,0.278217971561838,0.0015297304395571608,0.00322020296536784,4.737143844840174e-05,1.31063470487934,0.00011786804175866943,500
7,7,5,1.0,6.0,6.0,1667,fock_entropy_normalized,0.259342963050522,0.0013845637835518312,0.00276471480149772,3.442531812589426e-05,1.3078754654588,0.00016905531005907592,500
7,7,5,1.0,6.0,7.0,1667,fock_entropy_normalized,0.252199267120372,0.0013867764943225325,0.0026551018186217403,3.440479857864007e-05,1.3057392349892,0.0001816101229807393,500
7,7,5,1.0,6.0,8.0,1667,fock_entropy_normalized,0.244174051643352,0.0013123062862319653,0.00252771506623896,3.113021923622337e-05,1.3046583251326602,0.0001738414569321637,500
7,7,5,1.0,6.0,9.0,1667,fock_entropy_normalized,0.238785364729832,0.0013563639490791807,0.0024629563228436603,3.4009025620101e-05,1.30570062049066,0.00020038145273181045,500
7,7,5,1.0,6.0,10.0,1667,fock_entropy_normalized,0.23157495086169003,0.0013206242929132259,0.0023371858201213396,2.8815403325406237e-05,1.3071559686844598,0.00026898272916193826,500
7,7,5,1.0,6.0,11.0,1667,fock_entropy_normalized,0.22343081983497803,0.0012639366282156924,0.0022126404636699003,2.4570414050373147e-05,1.30798408940932,0.00033493961234246783,500
7,7,5,1.0,6.0,12.0,1667,fock_entropy_normalized,0.21590210631108603,0.0011902124098553428,0.00210350692897278,2.036004101844946e-05,1.31039229608622,0.00048074151055070796,500
7,7,5,1.0,6.0,13.0,1667,fock_entropy_normalized,0.210164483924212,0.001242409033279404,0.0020464617954385604,2.0656343801088415e-05,1.3109381711394001,0.0006094325853546499,500
7,7,5,1.0,6.0,14.0,1667,fock_entropy_normalized,0.20626017145119802,0.0012392841742860398,0.0019988664302779398,1.9910651578814555e-05,1.31426533378606,0.0006275404031675211,500
7,7,5,1.0,6.0,15.0,1667,fock_entropy_normalized,0.201584496105048,0.0013455467086261623,0.00194897220618124,2.1193934845686717e-05,1.3137496908000599,0.0008309618538256994,500
7,7,5,1.0,7.0,1.0,1667,fock_entropy_normalized,0.45690389469582404,0.0009463389981884685,0.01479427878689074,0.00011472868898347608,1.30462348458806,1.2764098195999798e-06,500
7,7,5,1.0,7.0,2.0,1667,fock_entropy_normalized,0.37734652705028,0.0017025005825156223,0.00792687372363724,0.0001150266706156343,1.30651172140448,8.259043263900446e-05,500
7,7,5,1.0,7.0,3.0,1667,fock_entropy_normalized,0.316406057172778,0.0018678106814162569,0.00483101837858138,8.296934681032598e-05,1.31125570925654,0.0001265542392509436,500
7,7,5,1.0,7.0,4.0,1667,fock_entropy_normalized,0.275606866118816,0.0017755229198256005,0.0034401556163624197,5.758448894248674e-05,1.31313274701764,9.218137936566093e-05,500
7,7,5,1.0,7.0,5.0,1667,fock_entropy_normalized,0.24814123727220197,0.0017601507588529959,0.0027577621765575,4.9528593908787104e-05,1.3129297963105597,9.576637433668698e-05,500
7,7,5,1.0,7.0,6.0,1667,fock_entropy_normalized,0.22825387360305602,0.0016037971609910119,0.0023339025166829,3.76244555739079e-05,1.3112781001589602,0.00013523273677335085,500
7,7,5,1.0,7.0,7.0,1667,fock_entropy_normalized,0.21771396345809801,0.0014555662278703777,0.00214522653001306,3.312664471176461e-05,1.3089620133968,0.00017610375139121438,500
7,7,5,1.0,7.0,8.0,1667,fock_entropy_normalized,0.21219491684320002,0.0013667229736571726,0.00206335149626124,2.656734754420453e-05,1.3071955288673,0.00018096626504546625,500
7,7,5,1.0,7.0,9.0,1667,fock_entropy_normalized,0.20933225963977,0.0012849518532669698,0.00202945947925746,2.340140365292926e-05,1.30569584360868,0.00018381235241931595,500
7,7,5,1.0,7.0,10.0,1667,fock_entropy_normalized,0.205128508761882,0.0013170488931621884,0.00198950552878564,2.4171777023175243e-05,1.3056901689952802,0.0001911925946066412,500
7,7,5,1.0,7.0,11.0,1667,fock_entropy_normalized,0.19854808212248798,0.001220251708608629,0.0018972470045508,2.0569617778409496e-05,1.3067771642202999,0.00025740400005523135,500
7,7,5,1.0,7.0,12.0,1667,fock_entropy_normalized,0.191192920714658,0.0011073250153642079,0.0018028843071740003,1.720503485163667e-05,1.30757250799716,0.00029060873103969485,500
7,7,5,1.0,7.0,13.0,1667,fock_entropy_normalized,0.189511298807338,0.0012335233040325947,0.0018029300370849398,1.9512730740103595e-05,1.3096722373380798,0.0003695155406158778,500
7,7,5,1.0,7.0,14.0,1667,fock_entropy_normalized,0.18322814881965002,0.0012794089910898793,0.0017323812798292599,2.0040840706556554e-05,1.31108277541482,0.00048023937176065187,500
7,7,5,1.0,7.0,15.0,1667,fock_entropy_normalized,0.17933625253879198,0.00114728511822996,0.0016858801908271202,1.5837807424694664e-05,1.31191475085818,0.0005116793618134824,500
7,7,5,1.0,8.0,1.0,1667,fock_entropy_normalized,0.43628364656651797,0.0009039345262750199,0.012806247372603559,9.356698659235899e-05,1.3050278114723002,1.104839571714611e-06,500
7,7,5,1.0,8.0,2.0,1667,fock_entropy_normalized,0.358793873568396,0.0016466890547018147,0.0070280249113827,9.983691691102054e-05,1.30588091274618,5.273466759838127e-05,500
7,7,5,1.0,8.0,3.0,1667,fock_entropy_normalized,0.300094247945232,0.001872180552096592,0.00443311821847228,7.613855494713502e-05,1.3103582347587202,0.0001350679759208594,500
7,7,5,1.0,8.0,4.0,1667,fock_entropy_normalized,0.25461274394155603,0.001786021722809364,0.0030403949395676603,4.785293584322011e-05,1.31349203373198,0.00010147115368115841,500
7,7,5,1.0,8.0,5.0,1667,fock_entropy_normalized,0.232044895965406,0.0017719994585630337,0.00255602920728482,4.347856295281598e-05,1.31394227069228,9.312045054224411e-05,500
7,7,5,1.0,8.0,6.0,1667,fock_entropy_normalized,0.20924368980385,0.001645806853671431,0.00211455842281076,3.214842672493179e-05,1.3132809282081,0.00010566204820282993,500
7,7,5,1.0,8.0,7.0,1667,fock_entropy_normalized,0.196826552344802,0.0015870992590302187,0.00192015350568932,3.022818658229676e-05,1.3115451046514999,0.00015272617714421922,500
7,7,5,1.0,8.0,8.0,1667,fock_entropy_normalized,0.18980414480882601,0.0013850279465347742,0.0018088090432108602,2.311686308107744e-05,1.3099025261254398,0.00018610492022759533,500
7,7,5,1.0,8.0,9.0,1667,fock_entropy_normalized,0.181392984217592,0.0012732997552086767,0.00169410042416736,1.9415701245357707e-05,1.30793834808714,0.0001959713193864317,500
7,7,5,1.0,8.0,10.0,1667,fock_entropy_normalized,0.17713938930882,0.0012266509283136802,0.0016498316448546203,1.776299638484512e-05,1.30631446904416,0.0001806246704173996,500
7,7,5,1.0,8.0,11.0,1667,fock_entropy_normalized,0.176376501701344,0.0012183489494067507,0.0016579630996779399,1.876035445674811e-05,1.30559487733798,0.00018021025013052156,500
7,7,5,1.0,8.0,12.0,1667,fock_entropy_normalized,0.17164477517501597,0.0012079002093976414,0.0016114734272258402,1.8798067102103898e-05,1.30627534081774,0.000209767165689917,500
7,7,5,1.0,8.0,13.0,1667,fock_entropy_normalized,0.17040917002703,0.0011325503047923905,0.0015994784851203238,1.6539429889129372e-05,1.30712346354674,0.00027873829575193526,500
7,7,5,1.0,8.0,14.0,1667,fock_entropy_normalized,0.16644922529681003,0.0012643613614289773,0.001577339926151164,1.984139015355626e-05,1.3084365826936,0.00034287276623206785,500
7,7,5,1.0,8.0,15.0,1667,fock_entropy_normalized,0.157979368221666,0.0011260696546268613,0.0014732826633567998,1.4691581737198908e-05,1.3103994631029,0.00041477326717358914,500
7,7,5,1.0,9.0,1.0,1667,fock_entropy_normalized,0.42103473793361607,0.0009327212319427402,0.011550001499640281,8.71189961182572e-05,1.3053009306567,9.691300534485965e-07,500
7,7,5,1.0,9.0,2.0,1667,fock_entropy_normalized,0.346430055968568,0.0015750878999670605,0.006497884566057959,8.57952377337995e-05,1.30555501008992,2.543512038761761e-05,500
7,7,5,1.0,9.0,3.0,1667,fock_entropy_normalized,0.290314828502708,0.001888844719849719,0.004224007362906,7.241562593624952e-05,1.30881279008968,0.00012106695505780789,500
7,7,5,1.0,9.0,4.0,1667,fock_entropy_normalized,0.245752713724694,0.0018630672230773467,0.00296385601689286,5.104395363264375e-05,1.3129289405200801,0.00013110393382517678,500
7,7,5,1.0,9.0,5.0,1667,fock_entropy_normalized,0.21700770865425198,0.001814802243212485,0.00235942995692564,4.084924087608761e-05,1.3143921713751001,0.00011644654034569575,500
7,7,5,1.0,9.0,6.0,1667,fock_entropy_normalized,0.198752243580566,0.0015962448619708598,0.002019676572531866,2.7837014462264825e-05,1.31468564097534,9.324745103207249e-05,500
7,7,5,1.0,9.0,7.0,1667,fock_entropy_normalized,0.181217803245278,0.0016559950280374807,0.001768420203107016,2.885142056853187e-05,1.3136320012895,0.00011163864715349536,500
7,7,5,1.0,9.0,8.0,1667,fock_entropy_normalized,0.172544379169152,0.001405938914278302,0.00163674545366752,2.142914998895343e-05,1.3123474337328,0.00015375219742973866,500
7,7,5,1.0,9.0,9.0,1667,fock_entropy_normalized,0.163433178662044,0.0012941189773572094,0.001523083974073464,1.8790230980945106e-05,1.31003658344844,0.00018556065059591162,500
7,7,5,1.0,9.0,10.0,1667,fock_entropy_normalized,0.161429495839394,0.0013767351660211751,0.0015209286065037638,2.0613290944656375e-05,1.3080360571885599,0.00021236703732194437,500
7,7,5,1.0,9.0,11.0,1667,fock_entropy_normalized,0.15849940018327402,0.0012478786069929494,0.001487636376955794,1.7221701926860365e-05,1.3071454714159,0.00019863438220640202,500
7,7,5,1.0,9.0,12.0,1667,fock_entropy_normalized,0.15699147084923998,0.0011532168595523877,0.001474418651046238,1.554413080870587e-05,1.30654905432376,0.00019525339440548909,500
7,7,5,1.0,9.0,13.0,1667,fock_entropy_normalized,0.151665025419404,0.0010601561861477708,0.0014165702064939721,1.3425444840759536e-05,1.30593777070432,0.0001887111797514675,500
7,7,5,1.0,9.0,14.0,1667,fock_entropy_normalized,0.14954810538323976,0.0011392282232883895,0.00140475468861328,1.4598433339950969e-05,1.30692641041694,0.0002438877283919633,500
7,7,5,1.0,9.0,15.0,1667,fock_entropy_normalized,0.1471285760215698,0.0010978824183767468,0.0013826916969348982,1.56470081144684e-05,1.3078864024922199,0.00026965892551364585,500
7,7,5,1.0,10.0,1.0,1667,fock_entropy_normalized,0.40861824458336593,0.0008417613663062445,0.01058684819645108,7.156289016117145e-05,1.30549150166696,8.504017036466615e-07,500
7,7,5,1.0,10.0,2.0,1667,fock_entropy_normalized,0.33294744150789796,0.0014338068122794162,0.00591888564488756,6.958570037094869e-05,1.3055325292489999,6.473658925640137e-06,500
7,7,5,1.0,10.0,3.0,1667,fock_entropy_normalized,0.277127404129046,0.0018309247994263464,0.00387013782452854,6.060380452450686e-05,1.3079717020641999,0.00010899453430537766,500
7,7,5,1.0,10.0,4.0,1667,fock_entropy_normalized,0.241155487401936,0.0018203388892618073,0.00291874574551406,4.712435218955673e-05,1.31135579862956,0.00014723362299015098,500
7,7,5,1.0,10.0,5.0,1667,fock_entropy_normalized,0.206071490449804,0.0018260812227812685,0.0022223302354329763,3.8325044653929754e-05,1.31416332695344,0.00013460478062783448,500
7,7,5,1.0,10.0,6.0,1667,fock_entropy_normalized,0.187468509604154,0.0016914556688942086,0.001914627596530818,3.0196519055757607e-05,1.31498634250854,9.72306972978005e-05,500
7,7,5,1.0,10.0,7.0,1667,fock_entropy_normalized,0.17140582353452602,0.0015669222918363193,0.0016818946977951441,2.304264125666736e-05,1.31485623612888,9.613364177832525e-05,500
7,7,5,1.0,10.0,8.0,1667,fock_entropy_normalized,0.160181489065027,0.0015558625598639513,0.0015456693924623542,2.3564402779080898e-05,1.3137472725350599,0.0001297016306668622,500
7,7,5,1.0,10.0,9.0,1667,fock_entropy_normalized,0.15150205148180101,0.00138094917879281,0.001432749868563464,1.7988330494205338e-05,1.31219844941028,0.00015839450818767794,500
7,7,5,1.0,10.0,10.0,1667,fock_entropy_normalized,0.14668612033171677,0.0013869631220419798,0.0013897337318738278,1.7365374696511706e-05,1.31046296211692,0.00018560573344033145,500
7,7,5,1.0,10.0,11.0,1667,fock_entropy_normalized,0.144254576401685,0.0012958837462924365,0.001363411396605368,1.6299231293602714e-05,1.30877878236808,0.00021385075490549762,500
7,7,5,1.0,10.0,12.0,1667,fock_entropy_normalized,0.14408504388159718,0.0012974594149278197,0.0013741808372905958,1.612822652246892e-05,1.30754765950146,0.00019948223506994925,500
7,7,5,1.0,10.0,13.0,1667,fock_entropy_normalized,0.1389433557101396,0.0011360031828355885,0.0013147105258104201,1.3337203941636426e-05,1.30654494732528,0.00019920962825569657,500
7,7,5,1.0,10.0,14.0,1667,fock_entropy_normalized,0.1392997547912976,0.0012195652208179123,0.001331340306869522,1.4676206717649911e-05,1.3062664606590402,0.0001988919901706711,500
7,7,5,1.0,10.0,15.0,1667,fock_entropy_normalized,0.1363210756645716,0.001197117626252987,0.0013063338950486739,1.4413932498105963e-05,1.3068308592332198,0.0002142553481603598,500
7,8,3,1.1428571428571428,1.0,1.0,1554,fock_entropy_normalized,0.890756455014644,4.175822327686467e-05,0.29441105460154,0.00014049265960862814,1.27667403031704,4.3230325884929425e-05,500
7,8,3,1.1428571428571428,1.0,2.0,1554,fock_entropy_normalized,0.8827006869745901,0.0002452860122769165,0.269185412174416,0.0007429381754656129,1.26983676221616,0.0001868342952523722,500
7,8,3,1.1428571428571428,1.0,3.0,1554,fock_entropy_normalized,0.8636047847370459,0.0007678285052395384,0.2223182605790288,0.0016629944789742686,1.25929695116282,0.00032964776310288337,500
7,8,3,1.1428571428571428,1.0,4.0,1554,fock_entropy_normalized,0.829077514888262,0.001798203973675467,0.16741439581101777,0.002500621327343746,1.2490355799009398,0.0004370189520136646,500
7,8,3,1.1428571428571428,1.0,5.0,1554,fock_entropy_normalized,0.77643379446733,0.003196734192779267,0.1168519393115142,0.002697478367267323,1.23946460448796,0.0004527179378040665,500
7,8,3,1.1428571428571428,1.0,6.0,1554,fock_entropy_normalized,0.71045017168204,0.004525619603109696,0.0780240806499207,0.002480530454031444,1.23232311190928,0.00043627650194250853,500
7,8,3,1.1428571428571428,1.0,7.0,1554,fock_entropy_normalized,0.649557275522212,0.004880204265787048,0.05148044032663871,0.0019625535907982555,1.22559741860308,0.0004169160899323769,500
7,8,3,1.1428571428571428,1.0,8.0,1554,fock_entropy_normalized,0.6030532592672,0.0055677644858339505,0.04115790794556702,0.001962948417292602,1.22247773772966,0.00047132914563793816,500
7,8,3,1.1428571428571428,1.0,9.0,1554,fock_entropy_normalized,0.53864914035663,0.0059508122875580275,0.02787871399763484,0.001579181295598402,1.2194973258304398,0.0004243146771518496,500
7,8,3,1.1428571428571428,1.0,10.0,1554,fock_entropy_normalized,0.49694350142805804,0.0058997416846211705,0.020722905754821257,0.0011713404150056382,1.2166781913717,0.000391242280966099,500
7,8,3,1.1428571428571428,1.0,11.0,1554,fock_entropy_normalized,0.458951072403404,0.005937459338886352,0.01610153643227604,0.0009774051885098867,1.2152182300485,0.0003634063376848237,500
7,8,3,1.1428571428571428,1.0,12.0,1554,fock_entropy_normalized,0.430899634536022,0.005740285499045128,0.01335185722591804,0.0009068069429124507,1.21370097673382,0.0003537659100315882,500
7,8,3,1.1428571428571428,1.0,13.0,1554,fock_entropy_normalized,0.394156166589748,0.005378658260552539,0.00968428207600166,0.0006120512877462093,1.2123172436723,0.00034578093521122477,500
7,8,3,1.1428571428571428,1.0,14.0,1554,fock_entropy_normalized,0.368144715177546,0.005409597601715202,0.008355966488510808,0.0005902646411619743,1.2110432808245801,0.0003830499661965959,500
7,8,3,1.1428571428571428,1.0,15.0,1554,fock_entropy_normalized,0.35674348916559,0.0055120348626525335,0.007788302110346152,0.0005033110339738728,1.20996507942542,0.0003348459867510482,500
7,8,3,1.1428571428571428,2.0,1.0,1554,fock_entropy_normalized,0.8599226684156079,6.871464872181442e-05,0.204343150764634,0.00015110003167498044,1.2598355716306,5.568904124951579e-05,500
7,8,3,1.1428571428571428,2.0,2.0,1554,fock_entropy_normalized,0.848329839319076,0.0003544881941823737,0.180881307170844,0.0006584800139633377,1.26348327914836,7.52262746272242e-05,500
7,8,3,1.1428571428571428,2.0,3.0,1554,fock_entropy_normalized,0.826025906617464,0.0009279458753597093,0.1476825562874906,0.0011930633711591855,1.2632793566034999,0.00012456486025498172,500
7,8,3,1.1428571428571428,2.0,4.0,1554,fock_entropy_normalized,0.787893575704264,0.0017554118823015605,0.110403641446496,0.0015028412176060933,1.2585040093878002,0.00025549695292233844,500
7,8,3,1.1428571428571428,2.0,5.0,1554,fock_entropy_normalized,0.74496353922508,0.0028429460338793965,0.08361624187182089,0.0015892864397446832,1.2529462223168397,0.0003718208204100443,500
7,8,3,1.1428571428571428,2.0,6.0,1554,fock_entropy_normalized,0.68887048833928,0.0037436350878190246,0.05905471511776922,0.001528543278551758,1.2457309497767999,0.0004122447774004842,500
7,8,3,1.1428571428571428,2.0,7.0,1554,fock_entropy_normalized,0.644604561286226,0.00441642075652379,0.04558212774756022,0.0014217148637090486,1.24081351871694,0.0004915848507305313,500
7,8,3,1.1428571428571428,2.0,8.0,1554,fock_entropy_normalized,0.5835789585167079,0.005012805511396013,0.03150067442849642,0.0011499300575847592,1.2342479369921202,0.00046908733061203035,500
7,8,3,1.1428571428571428,2.0,9.0,1554,fock_entropy_normalized,0.53920592821781,0.005587315418597023,0.02525069539886812,0.0011301108130446977,1.2311358942826,0.0005004508645410164,500
7,8,3,1.1428571428571428,2.0,10.0,1554,fock_entropy_normalized,0.493793737866474,0.005748231396000811,0.01888103535024724,0.000868732471454404,1.22745706990338,0.00046054278551703633,500
7,8,3,1.1428571428571428,2.0,11.0,1554,fock_entropy_normalized,0.461911465313258,0.005545694548779071,0.015180892498423158,0.0007534098198185307,1.22365768121366,0.00048272421030332637,500
7,8,3,1.1428571428571428,2.0,12.0,1554,fock_entropy_normalized,0.41340875241682196,0.005142838561994353,0.01068578574791324,0.000596861510314255,1.2219776033131997,0.00041199921021064704,500
7,8,3,1.1428571428571428,2.0,13.0,1554,fock_entropy_normalized,0.396416318231728,0.005206181537097236,0.009553654712868098,0.0005200565402434193,1.22027100835624,0.0004166070362758267,500
7,8,3,1.1428571428571428,2.0,14.0,1554,fock_entropy_normalized,0.37072708387683395,0.005096390710854632,0.00783901570684068,0.00037650155310641945,1.21775666613464,0.00042132419636338843,500
7,8,3,1.1428571428571428,2.0,15.0,1554,fock_entropy_normalized,0.350557468841584,0.005153906095600204,0.00709921427000388,0.00039033584560221,1.21645293831446,0.0004271489748772882,500
7,8,3,1.1428571428571428,3.0,1.0,1554,fock_entropy_normalized,0.7961932212841759,0.0001190911266888939,0.1079247291956718,0.00014065758582583956,1.2572015007263198,3.569496857384742e-05,500
7,8,3,1.1428571428571428,3.0,2.0,1554,fock_entropy_normalized,0.7771766666077861,0.000495958428634691,0.0897970721916596,0.00039881431278899625,1.2604150139564199,7.183967355570046e-05,500
7,8,3,1.1428571428571428,3.0,3.0,1554,fock_entropy_normalized,0.7468364150465441,0.0010746243880142337,0.07073590379060121,0.0005967559123978591,1.26318610085286,9.904937004383004e-05,500
7,8,3,1.1428571428571428,3.0,4.0,1554,fock_entropy_normalized,0.7086818158510719,0.0017763598397243544,0.0549136849669672,0.0006676548580155489,1.2639854777024198,0.0001461349452593914,500
7,8,3,1.1428571428571428,3.0,5.0,1554,fock_entropy_normalized,0.668204327904206,0.0024673871339272063,0.0428475714781044,0.0006562497108122936,1.2621284519263198,0.00022179543487378675,500
7,8,3,1.1428571428571428,3.0,6.0,1554,fock_entropy_normalized,0.6215580333514119,0.003057522232185941,0.03255948105649828,0.0006522986943798795,1.2574232688194003,0.00033724537888584865,500
7,8,3,1.1428571428571428,3.0,7.0,1554,fock_entropy_normalized,0.5823883639744261,0.0035242425613990045,0.025862065577694358,0.0005792733923134011,1.25273814776384,0.00041259190061962344,500
7,8,3,1.1428571428571428,3.0,8.0,1554,fock_entropy_normalized,0.543759105201086,0.003888553596930153,0.02078176619172764,0.000555942252259935,1.2483690574807,0.0004508895999819054,500
7,8,3,1.1428571428571428,3.0,9.0,1554,fock_entropy_normalized,0.49578879895975003,0.003949517457659204,0.015302463086110921,0.0004376336461541066,1.24259084646596,0.000468511484897331,500
7,8,3,1.1428571428571428,3.0,10.0,1554,fock_entropy_normalized,0.47160588246839,0.004352581792981922,0.013619560921205962,0.00045402093297645073,1.2398166100095,0.0005335552033214255,500
7,8,3,1.1428571428571428,3.0,11.0,1554,fock_entropy_normalized,0.433929405931942,0.004425178650765147,0.01071678871558256,0.00036675590869238975,1.2346171627484401,0.0005315059009286141,500
7,8,3,1.1428571428571428,3.0,12.0,1554,fock_entropy_normalized,0.403055264094896,0.004504527918121903,0.0088511197378004,0.00032367957977776367,1.23123768396576,0.00046831861747431155,500
7,8,3,1.1428571428571428,3.0,13.0,1554,fock_entropy_normalized,0.385032723454248,0.004524433162953703,0.00789210351397838,0.0002802110659419803,1.2287263816715799,0.0005448970122333981,500
7,8,3,1.1428571428571428,3.0,14.0,1554,fock_entropy_normalized,0.354745210197242,0.0044035043990465405,0.006479328053283879,0.00024282365186655775,1.2257285620765999,0.0004995279728331586,500
7,8,3,1.1428571428571428,3.0,15.0,1554,fock_entropy_normalized,0.343118985387904,0.004397184891555423,0.0061427237979978,0.0002638577760881105,1.22402347714604,0.0005074646922244708,500
7,8,3,1.1428571428571428,4.0,1.0,1554,fock_entropy_normalized,0.7153863686551999,0.000327421981455817,0.0599352851022634,0.00018547987764129596,1.26036320016342,1.7016077744335632e-05,500
7,8,3,1.1428571428571428,4.0,2.0,1554,fock_entropy_normalized,0.676949416590526,0.0008793638077498221,0.042583486399972004,0.00032669392419960234,1.2611961912676797,3.7054285097060415e-05,500
7,8,3,1.1428571428571428,4.0,3.0,1554,fock_entropy_normalized,0.638338837982238,0.0012861619952708931,0.031483114838022,0.0003277112717816301,1.2628175900477399,7.910878719082053e-05,500
7,8,3,1.1428571428571428,4.0,4.0,1554,fock_entropy_normalized,0.598219225889124,0.0016936235316436054,0.0241614369967682,0.00030128815708197523,1.26501907643484,0.00011898073104664615,500
7,8,3,1.1428571428571428,4.0,5.0,1554,fock_entropy_normalized,0.564190751704572,0.0018825213356830296,0.019614291168468797,0.0002513333056825892,1.26555873641998,0.00014986770084599537,500
7,8,3,1.1428571428571428,4.0,6.0,1554,fock_entropy_normalized,0.533861964964916,0.002203440189432724,0.016583006708895582,0.00024166733419170712,1.2644703837072797,0.00022657635506647823,500
7,8,3,1.1428571428571428,4.0,7.0,1554,fock_entropy_normalized,0.502701547403446,0.0024757060894578633,0.01384550131745824,0.00021653213884228716,1.26180685371786,0.00029100101813975455,500
7,8,3,1.1428571428571428,4.0,8.0,1554,fock_entropy_normalized,0.471336551325428,0.002696453684085832,0.01155425334211316,0.00019882344420215086,1.25768676748412,0.0003756083637429334,500
7,8,3,1.1428571428571428,4.0,9.0,1554,fock_entropy_normalized,0.449102083214316,0.0030358461474515883,0.01030224586327544,0.00022036667659365515,1.25451336115816,0.0004278339310652977,500
7,8,3,1.1428571428571428,4.0,10.0,1554,fock_entropy_normalized,0.42281803736259,0.003146362747533179,0.008765437933421879,0.0001802649005148194,1.25034535363098,0.00048228881915192645,500
7,8,3,1.1428571428571428,4.0,11.0,1554,fock_entropy_normalized,0.397479735222042,0.0032492800325767315,0.00756896340905108,0.00016876263364879035,1.24662099106198,0.0005101823843159325,500
7,8,3,1.1428571428571428,4.0,12.0,1554,fock_entropy_normalized,0.374479805728244,0.003334772940063608,0.0066034267710801,0.0001552327826553508,1.24216042298658,0.000531617789626592,500
7,8,3,1.1428571428571428,4.0,13.0,1554,fock_entropy_normalized,0.354808561999066,0.0031663764589712493,0.005742147734993621,0.0001276080431183238,1.23958214706742,0.00047133567532713,500
7,8,3,1.1428571428571428,4.0,14.0,1554,fock_entropy_normalized,0.33615896850730803,0.0034485249292227635,0.005190995025679641,0.0001280883018770097,1.2362799468699799,0.0005324371024212931,500
7,8,3,1.1428571428571428,4.0,15.0,1554,fock_entropy_normalized,0.31793437401078595,0.0032238341415993612,0.004560971339304199,0.00010426955160215385,1.2332827998093998,0.0005045603392855334,500
7,8,3,1.1428571428571428,5.0,1.0,1554,fock_entropy_normalized,0.65032631357276,0.0005284838231425695,0.0414281501212236,0.00018600300605899276,1.26410132010252,2.444041921171093e-05,500
7,8,3,1.1428571428571428,5.0,2.0,1554,fock_entropy_normalized,0.591916401747028,0.001293559074313161,0.0260846444537086,0.00028472360724916883,1.26326705863138,2.885568276893388e-05,500
7,8,3,1.1428571428571428,5.0,3.0,1554,fock_entropy_normalized,0.5368025504500601,0.0015214066046513072,0.01675311197490972,0.0002200788805951593,1.2636724288706798,4.214094845560564e-05,500
7,8,3,1.1428571428571428,5.0,4.0,1554,fock_entropy_normalized,0.49847686890993204,0.0017783189331074109,0.01271595185505978,0.00019774944932654786,1.2647501901048,8.726727737481255e-05,500
7,8,3,1.1428571428571428,5.0,5.0,1554,fock_entropy_normalized,0.46960412524206596,0.0018441978672131057,0.010497475453958821,0.00015593686062024737,1.2661036195740398,0.00012641758304855977,500
7,8,3,1.1428571428571428,5.0,6.0,1554,fock_entropy_normalized,0.444397721247354,0.0018445197006341455,0.009076630141947,0.000129468033963512,1.26680260470556,0.000160074407834231,500
7,8,3,1.1428571428571428,5.0,7.0,1554,fock_entropy_normalized,0.421978809254096,0.0018790152657389746,0.00798706933989006,0.00012464958998729446,1.2662654241732798,0.00023093387454673498,500
7,8,3,1.1428571428571428,5.0,8.0,1554,fock_entropy_normalized,0.405713311944318,0.0019044399676853613,0.00721965434856874,9.47530009249337e-05,1.264444328652,0.00027664728729156004,500
7,8,3,1.1428571428571428,5.0,9.0,1554,fock_entropy_normalized,0.38628592179524,0.0020799148330952724,0.00646633263552724,8.851751953987986e-05,1.26162459081706,0.0003703623899978243,500
7,8,3,1.1428571428571428,5.0,10.0,1554,fock_entropy_normalized,0.36582158315949,0.0021289463173254576,0.005742235338886599,8.737413255628808e-05,1.25775697913332,0.00039663314082335804,500
7,8,3,1.1428571428571428,5.0,11.0,1554,fock_entropy_normalized,0.351228331240112,0.0022094099249034475,0.00526285536529784,7.739591362951166e-05,1.25502694698062,0.0004708060598389051,500
7,8,3,1.1428571428571428,5.0,12.0,1554,fock_entropy_normalized,0.333958354619834,0.0022316620485882768,0.00474574736605894,7.43201318923162e-05,1.2502694613684397,0.0005004671187682891,500
7,8,3,1.1428571428571428,5.0,13.0,1554,fock_entropy_normalized,0.320674069901812,0.002343909247636751,0.0044074650964002,7.377010294279278e-05,1.24770608615994,0.0005280717048033902,500
7,8,3,1.1428571428571428,5.0,14.0,1554,fock_entropy_normalized,0.30870927935702597,0.002365382057092563,0.004095280880737541,6.627072096341484e-05,1.2449104487854799,0.0005369276320955212,500
7,8,3,1.1428571428571428,5.0,15.0,1554,fock_entropy_normalized,0.289976965733022,0.002513860129147262,0.00367125700215052,6.499602054654197e-05,1.24144394960906,0.0005524530680066436,500
7,8,3,1.1428571428571428,6.0,1.0,1554,fock_entropy_normalized,0.60485942531945,0.000637755412891548,0.0328101022464506,0.0001674298929781045,1.26666431173608,1.2661775933437985e-05,500
7,8,3,1.1428571428571428,6.0,2.0,1554,fock_entropy_normalized,0.5316922570742879,0.0015837502151286942,0.01900347651865878,0.0002432594349038592,1.26532212046818,3.093080019295382e-05,500
7,8,3,1.1428571428571428,6.0,3.0,1554,fock_entropy_normalized,0.46589685970522793,0.001891460449138439,0.011474317804338899,0.00019372176294665,1.2651068281118,3.589997792686555e-05,500
7,8,3,1.1428571428571428,6.0,4.0,1554,fock_entropy_normalized,0.429138879796352,0.0020811730361061475,0.00873649618355212,0.0001676778745751828,1.26505198327482,4.9849905147929106e-05,500
7,8,3,1.1428571428571428,6.0,5.0,1554,fock_entropy_normalized,0.39288039890722803,0.0017401732691517315,0.006542303579465861,0.00010496414394886653,1.2657571242973,8.608639854823536e-05,500
7,8,3,1.1428571428571428,6.0,6.0,1554,fock_entropy_normalized,0.370429390709364,0.0017241605982550462,0.0056026382447452,7.96488877226198e-05,1.2669355018464998,0.00011662670879821118,500
7,8,3,1.1428571428571428,6.0,7.0,1554,fock_entropy_normalized,0.35563639597339,0.0016218459336058597,0.00513120751996362,6.84200417526427e-05,1.26731288321832,0.00015572503659421163,500
7,8,3,1.1428571428571428,6.0,8.0,1554,fock_entropy_normalized,0.346829930016794,0.00167730230883367,0.00491398816805754,7.168433596818924e-05,1.26742846484322,0.00021941400398164484,500
7,8,3,1.1428571428571428,6.0,9.0,1554,fock_entropy_normalized,0.33150160352422403,0.0015842297989437297,0.00449503236365872,5.495116386367613e-05,1.26551152071356,0.0002778989514631107,500
7,8,3,1.1428571428571428,6.0,10.0,1554,fock_entropy_normalized,0.32089964760198797,0.0016671759798972587,0.0042296099931571,5.70678001315278e-05,1.26402289281976,0.00032554245043513516,500
7,8,3,1.1428571428571428,6.0,11.0,1554,fock_entropy_normalized,0.308629171371238,0.0016829487906913918,0.00393588400969164,4.93095868568099e-05,1.26143984350528,0.0004081253024276491,500
7,8,3,1.1428571428571428,6.0,12.0,1554,fock_entropy_normalized,0.299003971013238,0.0017240896895620013,0.0037265369289408196,4.79663658261648e-05,1.2581295952057199,0.00044004845606177603,500
7,8,3,1.1428571428571428,6.0,13.0,1554,fock_entropy_normalized,0.288484657707916,0.0017269360102072607,0.00348226829366282,4.239543463177717e-05,1.25522430155908,0.00046980065831361476,500
7,8,3,1.1428571428571428,6.0,14.0,1554,fock_entropy_normalized,0.276298835697252,0.0018564366722755663,0.00325857492674476,4.47697064515546e-05,1.25224689032678,0.0004934280982234294,500
7,8,3,1.1428571428571428,6.0,15.0,1554,fock_entropy_normalized,0.266497474545602,0.001845462601754383,0.00306103384542184,4.1969195217965e-05,1.24923498689682,0.0005097748744038827,500
7,8,3,1.1428571428571428,7.0,1.0,1554,fock_entropy_normalized,0.5713287871822661,0.0007407152391630626,0.027490405308971597,0.00016128140411570598,1.26763145546884,1.4983822152616469e-06,500
7,8,3,1.1428571428571428,7.0,2.0,1554,fock_entropy_normalized,0.497514310842878,0.0016958290388720191,0.01609690230213342,0.00020932619486274884,1.26688568393518,2.560644131363943e-05,500
7,8,3,1.1428571428571428,7.0,3.0,1554,fock_entropy_normalized,0.423200303863916,0.0022075264399729986,0.00936267209472056,0.00018504835082777573,1.2664268358323203,3.39345646070103e-05,500
7,8,3,1.1428571428571428,7.0,4.0,1554,fock_entropy_normalized,0.382818059098102,0.0020053821058930252,0.00675335796199958,0.00011960230253564114,1.26619125870998,4.448951242281028e-05,500
7,8,3,1.1428571428571428,7.0,5.0,1554,fock_entropy_normalized,0.34500028851363,0.0020182601529543146,0.005102704904194519,0.00010348817724869766,1.2660353497761598,7.01967989719423e-05,500
7,8,3,1.1428571428571428,7.0,6.0,1554,fock_entropy_normalized,0.32069679996289197,0.0017034679322399046,0.00417913284924056,6.474472571176152e-05,1.2665056847137601,8.863239797085775e-05,500
7,8,3,1.1428571428571428,7.0,7.0,1554,fock_entropy_normalized,0.309462378758542,0.0016693259992934077,0.00388124254368954,5.860688067407448e-05,1.26743562569956,0.00012848203892397452,500
7,8,3,1.1428571428571428,7.0,8.0,1554,fock_entropy_normalized,0.29796723812569004,0.0015904064244307273,0.00360036806893156,4.9922094369673386e-05,1.2681411414358401,0.0001641998206082492,500
7,8,3,1.1428571428571428,7.0,9.0,1554,fock_entropy_normalized,0.28685123939387397,0.0013658882147915851,0.00336246798745332,4.307040378607206e-05,1.26744146180678,0.00022579376401781886,500
7,8,3,1.1428571428571428,7.0,10.0,1554,fock_entropy_normalized,0.281094744359712,0.0014408894489370244,0.00327759279056958,3.9666962347759325e-05,1.26699092456832,0.00026897591503866736,500
7,8,3,1.1428571428571428,7.0,11.0,1554,fock_entropy_normalized,0.2746068293194979,0.0014736329590719318,0.00318327665107304,4.042690059838781e-05,1.26560676862986,0.0003154376578981255,500
7,8,3,1.1428571428571428,7.0,12.0,1554,fock_entropy_normalized,0.2642944575125,0.0014169869475337514,0.0029628511309000996,3.3037710783143005e-05,1.26372277691312,0.00036240795813177826,500
7,8,3,1.1428571428571428,7.0,13.0,1554,fock_entropy_normalized,0.256074531899444,0.0015091616662610153,0.00285931522817172,3.6562355159058934e-05,1.2613714860690202,0.0004271154154434472,500
7,8,3,1.1428571428571428,7.0,14.0,1554,fock_entropy_normalized,0.24917566144836403,0.0016188062382042753,0.0027559282304639005,3.775474195391897e-05,1.25743151442836,0.00044172394369426204,500
7,8,3,1.1428571428571428,7.0,15.0,1554,fock_entropy_normalized,0.24281034562411397,0.001507703724536881,0.002632486652812,3.0219055336950384e-05,1.25592996515112,0.00047860346633804026,500
7,8,3,1.1428571428571428,8.0,1.0,1554,fock_entropy_normalized,0.547157680511974,0.0007644643212137691,0.0241822263844658,0.0001456049246570743,1.2681685687231001,1.1555291560153007e-06,500
7,8,3,1.1428571428571428,8.0,2.0,1554,fock_entropy_normalized,0.46780399006629,0.001712296347321651,0.013636140554757582,0.00018141828291832983,1.26789668700782,1.5066766864406006e-05,500
7,8,3,1.1428571428571428,8.0,3.0,1554,fock_entropy_normalized,0.40146945209301804,0.002087934343184527,0.008396907209751382,0.00014539408871427494,1.2675099771716,3.147193810053205e-05,500
7,8,3,1.1428571428571428,8.0,4.0,1554,fock_entropy_normalized,0.347464961115638,0.0021300467092662664,0.00559283612720354,0.00010300704236409942,1.2671310143157801,4.162976771798912e-05,500
7,8,3,1.1428571428571428,8.0,5.0,1554,fock_entropy_normalized,0.31497605904696,0.002124021027292746,0.00439757538005186,8.776970180963118e-05,1.2665837420019,5.4240318420664384e-05,500
7,8,3,1.1428571428571428,8.0,6.0,1554,fock_entropy_normalized,0.28793323719999203,0.001816359773845,0.0035179516380488,5.873076518955561e-05,1.2666699077891999,7.598867650252406e-05,500
7,8,3,1.1428571428571428,8.0,7.0,1554,fock_entropy_normalized,0.275097223922908,0.0018647066415814623,0.003228501555578,5.773849977948168e-05,1.26718347231916,9.656750508098361e-05,500
7,8,3,1.1428571428571428,8.0,8.0,1554,fock_entropy_normalized,0.259365060937502,0.0016455643737117178,0.0028621656820643003,4.270660321131225e-05,1.26809028946426,0.0001295615664786533,500
7,8,3,1.1428571428571428,8.0,9.0,1554,fock_entropy_normalized,0.251716025822262,0.0014283102206055073,0.00271691378095766,3.5610030751649395e-05,1.268498228234,0.00016754239918317685,500
7,8,3,1.1428571428571428,8.0,10.0,1554,fock_entropy_normalized,0.24756620601392398,0.00142496018130624,0.00265693329843538,3.4390297343838646e-05,1.2684547201568601,0.0002003276759131757,500
7,8,3,1.1428571428571428,8.0,11.0,1554,fock_entropy_normalized,0.24395651254402997,0.0014465706838769508,0.0026310354713781,3.606546993488863e-05,1.26776853802134,0.00028099954562677676,500
7,8,3,1.1428571428571428,8.0,12.0,1554,fock_entropy_normalized,0.23887768027029602,0.0014188642627172695,0.0025625720158552606,3.799789591635164e-05,1.2672636200024998,0.0003021083466062884,500
7,8,3,1.1428571428571428,8.0,13.0,1554,fock_entropy_normalized,0.231528997206242,0.0013588436353357343,0.0024404776597240197,2.9989136439962773e-05,1.2652007844529198,0.00034643549782759845,500
7,8,3,1.1428571428571428,8.0,14.0,1554,fock_entropy_normalized,0.225911517107028,0.001393775124835845,0.00236163500415556,2.8412269204646203e-05,1.2631141872810199,0.00037490082801702095,500
7,8,3,1.1428571428571428,8.0,15.0,1554,fock_entropy_normalized,0.21956126328466402,0.0013882472031041683,0.00227127816398918,2.521856637949691e-05,1.2600635042890198,0.00040303163214924195,500
7,8,3,1.1428571428571428,9.0,1.0,1554,fock_entropy_normalized,0.5256489045895559,0.000748590355035838,0.021470211172286605,0.00012683449047843587,1.2685488028466199,8.65005968340852e-07,500
7,8,3,1.1428571428571428,9.0,2.0,1554,fock_entropy_normalized,0.44888110225415595,0.001632456662619681,0.01230573749128472,0.00015602849094083026,1.2684628547543801,5.648200226910203e-06,500
7,8,3,1.1428571428571428,9.0,3.0,1554,fock_entropy_normalized,0.37970098080612796,0.0021224305119324992,0.00748043814188464,0.0001300095669421499,1.2682386060050201,2.3398043413702153e-05,500
7,8,3,1.1428571428571428,9.0,4.0,1554,fock_entropy_normalized,0.32416360829821,0.0021020963399206055,0.0049367579956242,9.075585558399885e-05,1.26799350690712,3.651038040212722e-05,500
7,8,3,1.1428571428571428,9.0,5.0,1554,fock_entropy_normalized,0.29547153959398004,0.0021631483886862817,0.0040080129712765,7.982089814273071e-05,1.26748452702854,5.137312939403362e-05,500
7,8,3,1.1428571428571428,9.0,6.0,1554,fock_entropy_normalized,0.267728396845078,0.00199749044097792,0.00322212220697238,6.001885007584704e-05,1.26714332148906,6.646035324608108e-05,500
7,8,3,1.1428571428571428,9.0,7.0,1554,fock_entropy_normalized,0.25026605416274,0.0018685171663363064,0.0028185118362045597,5.147541442454607e-05,1.26715435738526,8.526690230833579e-05,500
7,8,3,1.1428571428571428,9.0,8.0,1554,fock_entropy_normalized,0.237001457455614,0.0018035773881746188,0.00255364247134542,4.405082793896592e-05,1.2677386448335202,0.00011346490022684117,500
7,8,3,1.1428571428571428,9.0,9.0,1554,fock_entropy_normalized,0.22662984096743202,0.0016040272486359348,0.00235508995748082,4.23672168672857e-05,1.2684233825204,0.00013749747810552787,500
7,8,3,1.1428571428571428,9.0,10.0,1554,fock_entropy_normalized,0.22177635204694202,0.001444891051705167,0.0022723314652828,2.952756966908499e-05,1.2688482941491597,0.00015338144175537562,500
7,8,3,1.1428571428571428,9.0,11.0,1554,fock_entropy_normalized,0.217578297103158,0.0015093691259614054,0.00223728363499976,3.279758818905796e-05,1.2687774918515402,0.00019509120152800475,500
7,8,3,1.1428571428571428,9.0,12.0,1554,fock_entropy_normalized,0.21328159895102203,0.0013001931255047833,0.0021745503148722003,2.5259076703756475e-05,1.26803800351004,0.00025630693571251586,500
7,8,3,1.1428571428571428,9.0,13.0,1554,fock_entropy_normalized,0.20937610747323798,0.0014093527638957485,0.0021354617752365602,2.794892881974799e-05,1.26798868738654,0.0002907299990744168,500
7,8,3,1.1428571428571428,9.0,14.0,1554,fock_entropy_normalized,0.20644577632733602,0.0014722935734914945,0.00210826547901392,2.981459930589804e-05,1.2660256709315199,0.0003155499938137018,500
7,8,3,1.1428571428571428,9.0,15.0,1554,fock_entropy_normalized,0.19934596291375403,0.0013210880802966497,0.00200087218968888,2.3442205081761787e-05,1.26444655728414,0.00037201312089442916,500
7,8,3,1.1428571428571428,10.0,1.0,1554,fock_entropy_normalized,0.508530918228272,0.0007559456991340865,0.0195277654866362,0.00011636359540274658,1.26883104479498,7.090838762728445e-07,500
7,8,3,1.1428571428571428,10.0,2.0,1554,fock_entropy_normalized,0.43255193607010006,0.0015923559688690492,0.01122604347419386,0.00013921450853584944,1.26879106314924,1.721072244195775e-06,500
7,8,3,1.1428571428571428,10.0,3.0,1554,fock_entropy_normalized,0.368613284582442,0.0022191609310175395,0.00716420140651684,0.00013102500548049036,1.2686794631513598,1.6286859041795563e-05,500
7,8,3,1.1428571428571428,10.0,4.0,1554,fock_entropy_normalized,0.319075719396534,0.002276219668213434,0.0049744580199423604,9.732491539311494e-05,1.2686259543155802,3.1168016755876414e-05,500
7,8,3,1.1428571428571428,10.0,5.0,1554,fock_entropy_normalized,0.280145106566896,0.0020810153157557226,0.0036771770176047404,6.37781960488837e-05,1.2683684574685001,4.3593285219987555e-05,500
7,8,3,1.1428571428571428,10.0,6.0,1554,fock_entropy_normalized,0.24900102012638597,0.001992393580358662,0.0029169882909029204,5.4875814302781955e-05,1.2676728740166,5.8403228356400646e-05,500
7,8,3,1.1428571428571428,10.0,7.0,1554,fock_entropy_normalized,0.234005896695092,0.00187750840046253,0.0025998361174656803,4.529405795697951e-05,1.2673085349937,7.425432261874376e-05,500
7,8,3,1.1428571428571428,10.0,8.0,1554,fock_entropy_normalized,0.219078733717146,0.0018352711329131795,0.00232900810561736,4.322005014247807e-05,1.2674572020689001,8.820859165119607e-05,500
7,8,3,1.1428571428571428,10.0,9.0,1554,fock_entropy_normalized,0.206360154533668,0.0016666099022716997,0.00209832558047024,3.292497478229634e-05,1.26803597400856,0.0001092181393043059,500
7,8,3,1.1428571428571428,10.0,10.0,1554,fock_entropy_normalized,0.19938692423617801,0.0015466381300938226,0.0019866729783825803,2.7070316543071733e-05,1.26838347646498,0.00013394111460689334,500
7,8,3,1.1428571428571428,10.0,11.0,1554,fock_entropy_normalized,0.19636007186428,0.0013028575883469687,0.0019487617864030803,2.2150736894250704e-05,1.26907175013104,0.0001703279680875497,500
7,8,3,1.1428571428571428,10.0,12.0,1554,fock_entropy_normalized,0.194778833505796,0.0013850883931915896,0.00194596010725362,2.356467640422484e-05,1.2690715376575799,0.0002040789970578594,500
7,8,3,1.1428571428571428,10.0,13.0,1554,fock_entropy_normalized,0.190255241063856,0.0013812593837195255,0.0018970852997460398,2.4271198278193857e-05,1.2688480691879198,0.0002439161300954507,500
7,8,3,1.1428571428571428,10.0,14.0,1554,fock_entropy_normalized,0.187663132898172,0.0012839998389416855,0.00187394004937528,2.2719712745742984e-05,1.2679078872733003,0.00030684003486359883,500
7,8,3,1.1428571428571428,10.0,15.0,1554,fock_entropy_normalized,0.18228738151075602,0.0012600367559940972,0.0018007472096505399,2.03096932493564e-05,1.26723314353094,0.0002989972474543045,500
7,9,3,1.2857142857142858,1.0,1.0,1918,fock_entropy_normalized,0.8947404961295982,3.882559508473607e-05,0.29796725866337,0.00014203502124221571,1.5395616037084001,4.6896951920744825e-05,500
7,9,3,1.2857142857142858,1.0,2.0,1918,fock_entropy_normalized,0.887720109740748,0.00019478050350880887,0.27446230141651407,0.0006247703890682847,1.53245172030824,0.0001731171958606776,500
7,9,3,1.2857142857142858,1.0,3.0,1918,fock_entropy_normalized,0.87139277011407,0.0006280585650500317,0.230585546878946,0.0015160665617803294,1.5216282071444798,0.00030296823324533253,500
7,9,3,1.2857142857142858,1.0,4.0,1918,fock_entropy_normalized,0.840060860964196,0.0016512081470236245,0.17503383086408883,0.0024381069770589405,1.5108735897862797,0.0003950860016150299,500
7,9,3,1.2857142857142858,1.0,5.0,1918,fock_entropy_normalized,0.8008316153549501,0.002696086376639116,0.1310439936360064,0.0027161250556510044,1.50195515943502,0.0004344626149516716,500
7,9,3,1.2857142857142858,1.0,6.0,1918,fock_entropy_normalized,0.7493652138860559,0.0039439814831701255,0.0942792884471607,0.0026655709820241104,1.49516418227446,0.0004291201761100361,500
7,9,3,1.2857142857142858,1.0,7.0,1918,fock_entropy_normalized,0.6764721449746701,0.005027113307055196,0.059452338028639515,0.002265953183440871,1.48889163444442,0.0004266296062154134,500
7,9,3,1.2857142857142858,1.0,8.0,1918,fock_entropy_normalized,0.625282205008856,0.005521683413411396,0.042839272945512374,0.0018513328123952483,1.48391972218124,0.0004268642048850262,500
7,9,3,1.2857142857142858,1.0,9.0,1918,fock_entropy_normalized,0.574343118708012,0.005857634212323118,0.03168695320049,0.0016386158134137397,1.48218866133652,0.0004116541865837313,500
7,9,3,1.2857142857142858,1.0,10.0,1918,fock_entropy_normalized,0.52227678128949,0.005832869098350187,0.02166595719672264,0.0011746314448895995,1.47905246704526,0.00036106411200044773,500
7,9,3,1.2857142857142858,1.0,11.0,1918,fock_entropy_normalized,0.490135013842854,0.006074931676318452,0.018448282748899304,0.0012378315676540958,1.477439806509,0.0004323186833429533,500
7,9,3,1.2857142857142858,1.0,12.0,1918,fock_entropy_normalized,0.448285745899794,0.005780318365119815,0.013003580443684382,0.0008393414979577981,1.47552719039414,0.000391632943539757,500
7,9,3,1.2857142857142858,1.0,13.0,1918,fock_entropy_normalized,0.414121805727302,0.00555254320138669,0.010013525614053921,0.0006476602085455591,1.47414521792034,0.00038682981437568407,500
7,9,3,1.2857142857142858,1.0,14.0,1918,fock_entropy_normalized,0.39500518271219004,0.00555590657380386,0.008673320658384855,0.0005154886006648537,1.4734192958795,0.00035149942149276215,500
7,9,3,1.2857142857142858,1.0,15.0,1918,fock_entropy_normalized,0.36267270038176597,0.005533779394927919,0.007091533048148058,0.0004678296411008715,1.47191787574266,0.00041061470854380003,500
7,9,3,1.2857142857142858,2.0,1.0,1918,fock_entropy_normalized,0.86685901848588,4.110652020182638e-05,0.21095922168882403,9.755050669543908e-05,1.5258032204582,2.6822807230658502e-05,500
7,9,3,1.2857142857142858,2.0,2.0,1918,fock_entropy_normalized,0.85821979445278,0.0002379531222562012,0.192002580779428,0.0004994185857580639,1.52646769511664,4.4748188227172495e-05,500
7,9,3,1.2857142857142858,2.0,3.0,1918,fock_entropy_normalized,0.840451757086846,0.0007058306272934002,0.1612409731767232,0.0010719099218553052,1.52457338175106,0.0001189695554029541,500
7,9,3,1.2857142857142858,2.0,4.0,1918,fock_entropy_normalized,0.809902569137234,0.001546239997664423,0.12560230903981717,0.001573238229183674,1.51991452569488,0.00023372583037446204,500
7,9,3,1.2857142857142858,2.0,5.0,1918,fock_entropy_normalized,0.767349954145772,0.0026346641305953116,0.09334996620935,0.0017532693246648603,1.51360003730022,0.00032025246737021543,500
7,9,3,1.2857142857142858,2.0,6.0,1918,fock_entropy_normalized,0.7223966373109401,0.0034274239331191056,0.06902918706843521,0.001626641015501185,1.50703925327562,0.00036652941408462877,500
7,9,3,1.2857142857142858,2.0,7.0,1918,fock_entropy_normalized,0.671415719130882,0.004282640086289717,0.050901614603175716,0.0015647766559806532,1.50193051317018,0.00041966061961359825,500
7,9,3,1.2857142857142858,2.0,8.0,1918,fock_entropy_normalized,0.627345614853276,0.0050446924719313516,0.03942696445653774,0.001379607558413856,1.49730789994526,0.000435171765762196,500
7,9,3,1.2857142857142858,2.0,9.0,1918,fock_entropy_normalized,0.57183623408328,0.005139967931227057,0.0273195355718775,0.001110679849203808,1.4925890244183802,0.000424329145934449,500
7,9,3,1.2857142857142858,2.0,10.0,1918,fock_entropy_normalized,0.514711812120446,0.005679017027469132,0.01959683756407356,0.0009432983339625956,1.48900373048244,0.0004158649389175694,500
7,9,3,1.2857142857142858,2.0,11.0,1918,fock_entropy_normalized,0.48503440667766407,0.005606074402698535,0.0159695311950569,0.0008046111561955918,1.4852888312740602,0.0004258625226866582,500
7,9,3,1.2857142857142858,2.0,12.0,1918,fock_entropy_normalized,0.4505875089845319,0.005484336036902785,0.01276271600620014,0.000717670214425899,1.48383640086398,0.000396362776162164,500
7,9,3,1.2857142857142858,2.0,13.0,1918,fock_entropy_normalized,0.41648765209839195,0.0055172384413737854,0.010084140661150607,0.0006082675008814879,1.4812423797453798,0.00037483058592296633,500
7,9,3,1.2857142857142858,2.0,14.0,1918,fock_entropy_normalized,0.387244883317112,0.005359142049674501,0.008188895956897159,0.0004952857721774931,1.4796377086355799,0.0003971252754066057,500
7,9,3,1.2857142857142858,2.0,15.0,1918,fock_entropy_normalized,0.378467440024708,0.005579490150525833,0.008080639579161646,0.0005170299435366376,1.4793129933570999,0.0004061882888925877,500
7,9,3,1.2857142857142858,3.0,1.0,1918,fock_entropy_normalized,0.805812865476004,6.995214898622304e-05,0.11060295887604801,9.087496826355858e-05,1.51725580767384,4.251270933509447e-05,500
7,9,3,1.2857142857142858,3.0,2.0,1918,fock_entropy_normalized,0.793444501156908,0.0003506592822911416,0.0974791619080332,0.00031539496362493834,1.5213762083944598,7.936426078540009e-05,500
7,9,3,1.2857142857142858,3.0,3.0,1918,fock_entropy_normalized,0.7697981982068379,0.0008312935527144736,0.07989858565539398,0.0005417128129786938,1.52440226464954,9.302251870103332e-05,500
7,9,3,1.2857142857142858,3.0,4.0,1918,fock_entropy_normalized,0.736533448224962,0.001486583608400337,0.06266748501016259,0.0006510360000656463,1.52472155736068,0.0001339329378583283,500
7,9,3,1.2857142857142858,3.0,5.0,1918,fock_entropy_normalized,0.7021201235130361,0.0022535175452898823,0.05051485089736021,0.0007613098090550798,1.5221579143808,0.00021522898237118923,500
7,9,3,1.2857142857142858,3.0,6.0,1918,fock_entropy_normalized,0.656914662469966,0.0029158393998302383,0.03803961579840106,0.000724175720811821,1.5180058309469,0.00030452286693828765,500
7,9,3,1.2857142857142858,3.0,7.0,1918,fock_entropy_normalized,0.617552137389404,0.003373768094272236,0.03013119796167566,0.0007086072812681901,1.5140957839854,0.00036362295121187107,500
7,9,3,1.2857142857142858,3.0,8.0,1918,fock_entropy_normalized,0.5740803355521821,0.004053580935076727,0.023539169079099965,0.0006702718030851539,1.50905195069916,0.00039648122563995097,500
7,9,3,1.2857142857142858,3.0,9.0,1918,fock_entropy_normalized,0.5462310863987458,0.004279101335283109,0.0197631419962966,0.0005829232846134471,1.50503767847476,0.0004311421932461152,500
7,9,3,1.2857142857142858,3.0,10.0,1918,fock_entropy_normalized,0.492793387580768,0.004372136712611865,0.01398191382494846,0.00046022993239358236,1.4992985800579401,0.00043418350727766295,500
7,9,3,1.2857142857142858,3.0,11.0,1918,fock_entropy_normalized,0.46648078433111395,0.004674863861701543,0.01227635762214192,0.0004780446250592607,1.4975768272985601,0.0004689035893232326,500
7,9,3,1.2857142857142858,3.0,12.0,1918,fock_entropy_normalized,0.43666428892915804,0.0044216238440124575,0.00980520612197668,0.0003964962119465123,1.49334941502356,0.00044358738806430666,500
7,9,3,1.2857142857142858,3.0,13.0,1918,fock_entropy_normalized,0.40542656630681,0.0046815356839101895,0.008243280125516119,0.0003517207531701188,1.49051152326448,0.00047159925648956614,500
7,9,3,1.2857142857142858,3.0,14.0,1918,fock_entropy_normalized,0.390821408389112,0.004734535419701425,0.00743009721982288,0.0003031317479979493,1.4887435658087202,0.0004657518434306655,500
7,9,3,1.2857142857142858,3.0,15.0,1918,fock_entropy_normalized,0.352344500374864,0.004315452901025188,0.005507058711386504,0.00022242314319656132,1.48524384186098,0.00043183624706861286,500
7,9,3,1.2857142857142858,4.0,1.0,1918,fock_entropy_normalized,0.719508035361936,0.00020453299780950538,0.0622810818723516,0.00015081884971147985,1.51504817367854,3.6635504539099455e-05,500
7,9,3,1.2857142857142858,4.0,2.0,1918,fock_entropy_normalized,0.69321538326789,0.0006193611502425107,0.046900728888005006,0.00029843168777869954,1.5185192743080602,7.137382313033575e-05,500
7,9,3,1.2857142857142858,4.0,3.0,1918,fock_entropy_normalized,0.6637223268129521,0.0010053371808298253,0.035617510176980005,0.00033184157985539215,1.52215696098434,0.00010764001801071527,500
7,9,3,1.2857142857142858,4.0,4.0,1918,fock_entropy_normalized,0.633028149169914,0.001414815024717091,0.028218593283749597,0.0003182189707563278,1.52500397833808,0.00011927204970802973,500
7,9,3,1.2857142857142858,4.0,5.0,1918,fock_entropy_normalized,0.603660725625324,0.0017615055035360722,0.023257749486995997,0.0002901740878959649,1.5257553957945402,0.00014585180285405246,500
7,9,3,1.2857142857142858,4.0,6.0,1918,fock_entropy_normalized,0.565043712372464,0.0021500661867997137,0.0184249585003612,0.00026368639113339847,1.52423207733398,0.00020743632645253712,500
7,9,3,1.2857142857142858,4.0,7.0,1918,fock_entropy_normalized,0.5391077264579881,0.0024336693280939754,0.0157861661766326,0.00026466725399866727,1.52132032751592,0.00028411025398804784,500
7,9,3,1.2857142857142858,4.0,8.0,1918,fock_entropy_normalized,0.507541706324718,0.002937695025189914,0.013198286247341,0.00025275244441515173,1.51807972518432,0.0003581251821657789,500
7,9,3,1.2857142857142858,4.0,9.0,1918,fock_entropy_normalized,0.476331363569866,0.003061916709960409,0.01090841251945304,0.00023073729788785412,1.5144083057785602,0.00036371045696330525,500
7,9,3,1.2857142857142858,4.0,10.0,1918,fock_entropy_normalized,0.453348998547838,0.003198551391532869,0.00951804605881116,0.0002102520945284904,1.51128191584794,0.00042669760239832385,500
7,9,3,1.2857142857142858,4.0,11.0,1918,fock_entropy_normalized,0.427917685133662,0.0033688587046307988,0.008168897475523199,0.00020377863662047641,1.5073675512034599,0.0004607343197160627,500
7,9,3,1.2857142857142858,4.0,12.0,1918,fock_entropy_normalized,0.39934994704942406,0.0035523537296951336,0.0068564758030927,0.00017251543925734085,1.50381916421954,0.0004818313022278877,500
7,9,3,1.2857142857142858,4.0,13.0,1918,fock_entropy_normalized,0.378745269755808,0.0036431206748616623,0.0060682163522886995,0.00016493546599436354,1.5005489226011,0.00047344644492398956,500
7,9,3,1.2857142857142858,4.0,14.0,1918,fock_entropy_normalized,0.358123452791278,0.0036981385411892806,0.00532933311464092,0.00015596494026671746,1.4978775239157798,0.0004797929466207538,500
7,9,3,1.2857142857142858,4.0,15.0,1918,fock_entropy_normalized,0.33606449300446,0.003544151989379068,0.00456461007559173,0.00012508614449047652,1.49449072680374,0.00047813280617338156,500
7,9,3,1.2857142857142858,5.0,1.0,1918,fock_entropy_normalized,0.650920892370804,0.0005000726206415696,0.0431072902266552,0.00016623696672662835,1.51590947822366,2.7663373256064297e-05,500
7,9,3,1.2857142857142858,5.0,2.0,1918,fock_entropy_normalized,0.599348215478556,0.0009802231984735385,0.027747208119166998,0.0002604097390522986,1.51849742434162,4.816675961496152e-05,500
7,9,3,1.2857142857142858,5.0,3.0,1918,fock_entropy_normalized,0.5588649706689219,0.001269829000931344,0.01874161510505834,0.00023202727860274422,1.52082600167792,7.05448793335236e-05,500
7,9,3,1.2857142857142858,5.0,4.0,1918,fock_entropy_normalized,0.526819049634502,0.0015155064749626515,0.014282560249938219,0.00022015396763492434,1.52356613734908,0.00011649733171655603,500
7,9,3,1.2857142857142858,5.0,5.0,1918,fock_entropy_normalized,0.49834609195755397,0.0015814593326861095,0.011369653944157919,0.00016163443848705089,1.5257664177060202,0.0001335915723183054,500
7,9,3,1.2857142857142858,5.0,6.0,1918,fock_entropy_normalized,0.47695476006590604,0.001668794365242395,0.00985770285165062,0.00013341884357481474,1.52689752529032,0.0001497917765537259,500
7,9,3,1.2857142857142858,5.0,7.0,1918,fock_entropy_normalized,0.45455700221324,0.001813639597061035,0.00859707725257838,0.00011196237737555848,1.5259720250356001,0.0002176643971218322,500
7,9,3,1.2857142857142858,5.0,8.0,1918,fock_entropy_normalized,0.4368674571307,0.0018845224932291717,0.00772593061127212,0.00010253995378870443,1.52421702907398,0.0002651230436485352,500
7,9,3,1.2857142857142858,5.0,9.0,1918,fock_entropy_normalized,0.41245523170181203,0.0021796504743834045,0.00672260618268602,0.00010030973617775946,1.5209263155199,0.0003148066225913215,500
7,9,3,1.2857142857142858,5.0,10.0,1918,fock_entropy_normalized,0.39827210833707605,0.0022410485644688296,0.00612794984540184,9.473161692418354e-05,1.51914681354598,0.00036924194802563686,500
7,9,3,1.2857142857142858,5.0,11.0,1918,fock_entropy_normalized,0.377990028109338,0.0022971938122703602,0.00543739714563766,8.434252728878958e-05,1.5151303229166802,0.00041342859128479616,500
7,9,3,1.2857142857142858,5.0,12.0,1918,fock_entropy_normalized,0.359445843605724,0.002485211197598405,0.0048845490532810395,8.446379470807889e-05,1.51190328294124,0.0004217975284630377,500
7,9,3,1.2857142857142858,5.0,13.0,1918,fock_entropy_normalized,0.34208620310534,0.002620942973624882,0.00438647386027186,8.006989914363728e-05,1.5092355276007803,0.00044470361500670964,500
7,9,3,1.2857142857142858,5.0,14.0,1918,fock_entropy_normalized,0.32742694202479194,0.0027042431598919025,0.00402684769494118,7.41688044234155e-05,1.50526724394138,0.0004706950322789303,500
7,9,3,1.2857142857142858,5.0,15.0,1918,fock_entropy_normalized,0.31931162881954,0.0026934335611875147,0.0038290299113541,7.121588028460372e-05,1.5032897497234199,0.0005018657684553074,500
7,9,3,1.2857142857142858,6.0,1.0,1918,fock_entropy_normalized,0.606582874311144,0.0006904393714104206,0.0335942535307066,0.00015803822897257996,1.5180929010107402,1.7568131264897327e-05,500
7,9,3,1.2857142857142858,6.0,2.0,1918,fock_entropy_normalized,0.534855586802494,0.0013703564458100743,0.019853792651956803,0.00023223633462637487,1.5194012325149602,4.102983452137456e-05,500
7,9,3,1.2857142857142858,6.0,3.0,1918,fock_entropy_normalized,0.485865213146692,0.0015407882235936312,0.012790615047558618,0.00019356154451046048,1.5208681711047003,4.931958255381589e-05,500
7,9,3,1.2857142857142858,6.0,4.0,1918,fock_entropy_normalized,0.45016618652776,0.001721041471294697,0.00927526016189632,0.0001662916577193025,1.52249685562534,7.600221728541226e-05,500
7,9,3,1.2857142857142858,6.0,5.0,1918,fock_entropy_normalized,0.41923014835392597,0.001716513550954027,0.00710420599940704,0.00012587074917196964,1.52448820953244,0.00011526149148669025,500
7,9,3,1.2857142857142858,6.0,6.0,1918,fock_entropy_normalized,0.398083223636318,0.0016024124700921673,0.0059354258711780405,9.027227613328783e-05,1.5262530933348402,0.00013869071826536113,500
7,9,3,1.2857142857142858,6.0,7.0,1918,fock_entropy_normalized,0.382825240231634,0.00153411238210564,0.0053324010610765,6.960484022938252e-05,1.5275300544554002,0.00016325165237345623,500
7,9,3,1.2857142857142858,6.0,8.0,1918,fock_entropy_normalized,0.370026398609674,0.001607269637590739,0.0049581251357742,7.698015372616847e-05,1.5270396208846801,0.00019631377048803155,500
7,9,3,1.2857142857142858,6.0,9.0,1918,fock_entropy_normalized,0.358373614056254,0.0015524547722194967,0.004617163497982259,5.465868594656542e-05,1.5256541253057998,0.00025824934597033235,500
7,9,3,1.2857142857142858,6.0,10.0,1918,fock_entropy_normalized,0.34635044705272,0.0016916515698918277,0.00429185482873372,6.124748147032135e-05,1.5235686189392599,0.00032176581727474544,500
7,9,3,1.2857142857142858,6.0,11.0,1918,fock_entropy_normalized,0.33220965270610997,0.0017540697110056283,0.00396273505612478,5.201320413437782e-05,1.5214727513027402,0.0003507351491164335,500
7,9,3,1.2857142857142858,6.0,12.0,1918,fock_entropy_normalized,0.31809378684884404,0.0018917421397375792,0.0036205675172432,4.9750567901311056e-05,1.51834867116088,0.0004108046593152607,500
7,9,3,1.2857142857142858,6.0,13.0,1918,fock_entropy_normalized,0.30631976380467596,0.0018827989217856213,0.0033688127927219203,4.7739984712448014e-05,1.51570554588496,0.00042742859596427775,500
7,9,3,1.2857142857142858,6.0,14.0,1918,fock_entropy_normalized,0.29519338122191197,0.001945805950109902,0.00313858863676586,4.240800149940512e-05,1.5127627325367998,0.0004302462479451831,500
7,9,3,1.2857142857142858,6.0,15.0,1918,fock_entropy_normalized,0.28453231015984,0.0019498411323127605,0.0029469673756098,4.1778190754501406e-05,1.50945106507004,0.0004377123171561522,500
7,9,3,1.2857142857142858,7.0,1.0,1918,fock_entropy_normalized,0.57433482342402,0.0007848938013231943,0.0276798694004118,0.00013925190923146587,1.52060406705736,2.3159264230647744e-05,500
7,9,3,1.2857142857142858,7.0,2.0,1918,fock_entropy_normalized,0.496080156711692,0.0015398784732641303,0.016165944925225356,0.00019162482049435005,1.52024406060006,2.797602452929668e-05,500
7,9,3,1.2857142857142858,7.0,3.0,1918,fock_entropy_normalized,0.437077951816312,0.0019617121905246035,0.010095732583026802,0.00018253817743728027,1.52152317607366,4.2372526584893515e-05,500
7,9,3,1.2857142857142858,7.0,4.0,1918,fock_entropy_normalized,0.39649957103353595,0.0017810854804286465,0.00691232683243446,0.00012107523889099163,1.52236357031942,5.058035777500842e-05,500
7,9,3,1.2857142857142858,7.0,5.0,1918,fock_entropy_normalized,0.364898444203828,0.0017839083824821782,0.0052164751923448795,9.798358937586642e-05,1.52350793842384,8.23878686142875e-05,500
7,9,3,1.2857142857142858,7.0,6.0,1918,fock_entropy_normalized,0.34490006680218604,0.0017574806310849131,0.0043928813026172,7.497075739966131e-05,1.52532845540636,0.00012366718466114441,500
7,9,3,1.2857142857142858,7.0,7.0,1918,fock_entropy_normalized,0.32765734216632003,0.0015382515065556692,0.0037886866867790597,5.698474382855861e-05,1.5271333308391002,0.00015026350056312785,500
7,9,3,1.2857142857142858,7.0,8.0,1918,fock_entropy_normalized,0.3170844704442681,0.0013977465950012619,0.00349770330524458,4.423633431371269e-05,1.5281001974933202,0.00016650335908982984,500
7,9,3,1.2857142857142858,7.0,9.0,1918,fock_entropy_normalized,0.310757016565216,0.0013568017920655292,0.0033614432613513602,4.042605951855528e-05,1.52808198280642,0.0002165027532962411,500
7,9,3,1.2857142857142858,7.0,10.0,1918,fock_entropy_normalized,0.30125009046233203,0.0014556504082429444,0.00321965107631072,4.400195040302104e-05,1.52659423917832,0.00025651777127896956,500
7,9,3,1.2857142857142858,7.0,11.0,1918,fock_entropy_normalized,0.29243427505341596,0.00140085109620015,0.0030280364736843,3.651676904862697e-05,1.5246505399584598,0.00030340626416654323,500
7,9,3,1.2857142857142858,7.0,12.0,1918,fock_entropy_normalized,0.28060456843437204,0.0014804297262649476,0.00279781340675048,3.4731596706678186e-05,1.52256378940296,0.0003248506441987769,500
7,9,3,1.2857142857142858,7.0,13.0,1918,fock_entropy_normalized,0.272749701532174,0.0014730149506965555,0.00266636545444742,3.316267190369659e-05,1.520520461446,0.0003650656507279042,500
7,9,3,1.2857142857142858,7.0,14.0,1918,fock_entropy_normalized,0.26450055339363804,0.0015451257628066879,0.0025440037451764795,3.075813809015148e-05,1.5179249326750401,0.0003919895279177685,500
7,9,3,1.2857142857142858,7.0,15.0,1918,fock_entropy_normalized,0.25857494041680795,0.0016408270281054254,0.00245994009247666,3.102462413528871e-05,1.5161446476648601,0.00042471594710707955,500
7,9,3,1.2857142857142858,8.0,1.0,1918,fock_entropy_normalized,0.5499919020136861,0.0008474238716793529,0.023774414835724997,0.00012506884755611333,1.5222598994783,1.4068880174370242e-05,500
7,9,3,1.2857142857142858,8.0,2.0,1918,fock_entropy_normalized,0.471100237316968,0.0015808404171109773,0.014000606844927899,0.00016459103460494712,1.52120420729798,2.138004484716665e-05,500
7,9,3,1.2857142857142858,8.0,3.0,1918,fock_entropy_normalized,0.406646323911352,0.0019071198718196801,0.008522901062922859,0.000142677928697307,1.5221094744346202,3.884289536609304e-05,500
7,9,3,1.2857142857142858,8.0,4.0,1918,fock_entropy_normalized,0.365060301935342,0.0020921595294000218,0.0060454915730686395,0.00012783772649990147,1.52270104007914,4.260252672426147e-05,500
7,9,3,1.2857142857142858,8.0,5.0,1918,fock_entropy_normalized,0.332550881652656,0.001924420879285539,0.00450435270336742,9.063259320036685e-05,1.52319955744346,4.9072545842434125e-05,500
7,9,3,1.2857142857142858,8.0,6.0,1918,fock_entropy_normalized,0.30752586501828794,0.001847346503695621,0.00361121505821522,7.809562022020269e-05,1.5243766819551803,9.170663160510417e-05,500
7,9,3,1.2857142857142858,8.0,7.0,1918,fock_entropy_normalized,0.290009793540914,0.0016153238952550891,0.00306410072652758,5.1391553063916526e-05,1.52562755192396,0.00012922722370044135,500
7,9,3,1.2857142857142858,8.0,8.0,1918,fock_entropy_normalized,0.27573881682494594,0.0015173729272602832,0.0027194265402471396,4.098530661002387e-05,1.5276827043571,0.00015788276533384513,500
7,9,3,1.2857142857142858,8.0,9.0,1918,fock_entropy_normalized,0.268934760567598,0.001517188438584696,0.00261337496983412,4.692975096449185e-05,1.52838479525346,0.00016295760537111552,500
7,9,3,1.2857142857142858,8.0,10.0,1918,fock_entropy_normalized,0.26437540990482206,0.0014076129059817201,0.0025291349105966,3.841793007867703e-05,1.52808982826474,0.00020031359747603268,500
7,9,3,1.2857142857142858,8.0,11.0,1918,fock_entropy_normalized,0.25798091311673793,0.0012840776876465285,0.00241874379746566,2.910956553946506e-05,1.52693854364184,0.00023265942357632505,500
7,9,3,1.2857142857142858,8.0,12.0,1918,fock_entropy_normalized,0.254632979627922,0.0015170722735354642,0.00242113860064276,4.133979638023883e-05,1.52618981324948,0.00027990482182339166,500
7,9,3,1.2857142857142858,8.0,13.0,1918,fock_entropy_normalized,0.24834964490007,0.001380533033700119,0.00230259751780558,2.8105113623742948e-05,1.5242731587654401,0.0003183319729268353,500
7,9,3,1.2857142857142858,8.0,14.0,1918,fock_entropy_normalized,0.23810690662175,0.0013354307080046944,0.0021355470543244,2.408489362718257e-05,1.52274903150334,0.00037240703740061684,500
7,9,3,1.2857142857142858,8.0,15.0,1918,fock_entropy_normalized,0.23501083340054799,0.0013628453479776863,0.00211559766617532,2.444521177296919e-05,1.52085754150454,0.0003900700727725369,500
7,9,3,1.2857142857142858,9.0,1.0,1918,fock_entropy_normalized,0.5271600841886841,0.000876897329383505,0.0205843537154088,0.00011047186672743699,1.5228284516592,2.9445548679070342e-06,500
7,9,3,1.2857142857142858,9.0,2.0,1918,fock_entropy_normalized,0.4506611843773,0.0016336943435320299,0.0123905503359864,0.00014961434639333582,1.5221089573182598,2.1575249893366734e-05,500
7,9,3,1.2857142857142858,9.0,3.0,1918,fock_entropy_normalized,0.3861471618586,0.0019168154474487379,0.00760524572210422,0.0001255120932656862,1.5225755868454003,3.471033728188131e-05,500
7,9,3,1.2857142857142858,9.0,4.0,1918,fock_entropy_normalized,0.33999568603909197,0.0021922356637864696,0.005288849649042881,0.00011110473293526781,1.52328096268192,4.111235920487749e-05,500
7,9,3,1.2857142857142858,9.0,5.0,1918,fock_entropy_normalized,0.303773473966008,0.0019533239328294906,0.0038382779189632802,7.561912263796416e-05,1.5233807269131199,4.5898841148967685e-05,500
7,9,3,1.2857142857142858,9.0,6.0,1918,fock_entropy_normalized,0.280621741936166,0.001849248005295069,0.00311500502726466,6.088036002432828e-05,1.52388203684516,6.287074678753144e-05,500
7,9,3,1.2857142857142858,9.0,7.0,1918,fock_entropy_normalized,0.265325272361788,0.0017083569267418025,0.0027064276031474196,4.599541873591769e-05,1.52495332266352,9.806746186032786e-05,500
7,9,3,1.2857142857142858,9.0,8.0,1918,fock_entropy_normalized,0.25531465309951995,0.0018088349614064415,0.00251705305145206,5.2186447325146134e-05,1.5262703940040399,0.00012953839389209782,500
7,9,3,1.2857142857142858,9.0,9.0,1918,fock_entropy_normalized,0.239466273441458,0.001507660615488094,0.00216913477102842,3.2825201095938334e-05,1.5278871780319,0.00015132967621823377,500
7,9,3,1.2857142857142858,9.0,10.0,1918,fock_entropy_normalized,0.23568779500957998,0.001450197058903693,0.0021267179199301,3.549880141809837e-05,1.5282121236492598,0.00017678936695327373,500
7,9,3,1.2857142857142858,9.0,11.0,1918,fock_entropy_normalized,0.23041430646553,0.0013868470320638159,0.00203870700532914,2.9686022002333617e-05,1.5285266514085398,0.0001830671468595498,500
7,9,3,1.2857142857142858,9.0,12.0,1918,fock_entropy_normalized,0.231238715873812,0.0013268408467732077,0.0020677890891041798,2.7572033592109386e-05,1.5281883094896,0.00024395667759000508,500
7,9,3,1.2857142857142858,9.0,13.0,1918,fock_entropy_normalized,0.22358485863563402,0.001243521260081854,0.0019596910164489,2.3239168506775352e-05,1.5270668106393601,0.0002809776703214718,500
7,9,3,1.2857142857142858,9.0,14.0,1918,fock_entropy_normalized,0.217950824216596,0.0013370065835655444,0.00189593812507242,2.4650072210045035e-05,1.52572115241506,0.0003187728522988104,500
7,9,3,1.2857142857142858,9.0,15.0,1918,fock_entropy_normalized,0.213243495945186,0.0012664843090389383,0.00183632506793762,2.146112126469627e-05,1.5242512282963199,0.00036331351555814374,500
7,9,3,1.2857142857142858,10.0,1.0,1918,fock_entropy_normalized,0.509135934576038,0.0008374109081924841,0.0183420168583514,9.34535412924944e-05,1.5230734478934,9.943000690902627e-07,500
7,9,3,1.2857142857142858,10.0,2.0,1918,fock_entropy_normalized,0.431351830232158,0.0014550738804925327,0.010927751689234839,0.00011716081060546639,1.52275109982916,1.5908128170583885e-05,500
7,9,3,1.2857142857142858,10.0,3.0,1918,fock_entropy_normalized,0.372779948042336,0.0018580569194166802,0.00705480744632592,0.00010745971529236266,1.52292668726358,2.9872006379178057e-05,500
7,9,3,1.2857142857142858,10.0,4.0,1918,fock_entropy_normalized,0.32232086798799403,0.0020767742447373827,0.0047418709223805795,9.179599647166337e-05,1.52368211521706,3.766372048108852e-05,500
7,9,3,1.2857142857142858,10.0,5.0,1918,fock_entropy_normalized,0.29106401946102595,0.0021585888158247566,0.0036911032210753003,7.997534225215677e-05,1.5238572486399398,4.536013677975886e-05,500
7,9,3,1.2857142857142858,10.0,6.0,1918,fock_entropy_normalized,0.26710786199832,0.0019845204108398565,0.00297926373840944,6.238768604511373e-05,1.5239182873130201,5.085653772717109e-05,500
7,9,3,1.2857142857142858,10.0,7.0,1918,fock_entropy_normalized,0.245139726150846,0.0016911014530942242,0.00242713066614018,4.3281124839310115e-05,1.52428514131108,7.681751044515174e-05,500
7,9,3,1.2857142857142858,10.0,8.0,1918,fock_entropy_normalized,0.23268992329674196,0.00175642065253138,0.00219512879623216,3.8120286713775844e-05,1.5254780963745003,0.00010994821334257567,500
7,9,3,1.2857142857142858,10.0,9.0,1918,fock_entropy_normalized,0.21976368103049998,0.0015841134779133147,0.00195820995523312,3.17159649795297e-05,1.5267976134698602,0.00013706538345413063,500
7,9,3,1.2857142857142858,10.0,10.0,1918,fock_entropy_normalized,0.210776029469976,0.001531013522243639,0.0018214661287683002,2.81330969361625e-05,1.52818433833326,0.00016715903010359695,500
7,9,3,1.2857142857142858,10.0,11.0,1918,fock_entropy_normalized,0.20758888742168802,0.0014107058570965697,0.00177408073010198,2.4901006754596215e-05,1.5285130695944198,0.0001720279654643697,500
7,9,3,1.2857142857142858,10.0,12.0,1918,fock_entropy_normalized,0.206078469848016,0.001489318577193934,0.001778717020342266,3.294630647309048e-05,1.52878595513226,0.0001934435991964154,500
7,9,3,1.2857142857142858,10.0,13.0,1918,fock_entropy_normalized,0.20201262099387,0.0013045118874527868,0.0017159657792838478,2.1636486288485422e-05,1.5282162484694,0.00024463999700241346,500
7,9,3,1.2857142857142858,10.0,14.0,1918,fock_entropy_normalized,0.200134373102028,0.0013521523063940051,0.001703479600191248,2.3065022087916413e-05,1.5279225699690602,0.00025692099958486697,500
7,9,3,1.2857142857142858,10.0,15.0,1918,fock_entropy_normalized,0.195941268313024,0.0011777357204632657,0.00164497587391274,1.7526952498540678e-05,1.52657090855606,0.0002902531953167423,500
