# tau=t/t_H SFF SFF_smoothed GOE_connected DeltaK_abs_log10_ratio
1.000000000000000048e-04 8.816557180317118991e+01 8.816460455235244353e+01 1.999800019997333795e-04 5.644307695510228484e+00
1.011591112223829728e-04 8.816511150424663867e+01 8.816433345353489415e+01 2.022977581832760541e-04 5.639301858428788172e+00
1.023316578330244966e-04 8.816464047488584299e+01 8.816401996690797205e+01 2.046423742725537011e-04 5.634295818375390397e+00
1.035177955630176228e-04 8.816415846499388920e+01 8.816366520492522341e+01 2.070141614763123497e-04 5.629289580895361134e+00
1.047176819485520245e-04 8.816366521864877370e+01 8.816327143798322652e+01 2.094134346075829226e-04 5.624283157238666675e+00
1.059314763518370031e-04 8.816316047396681199e+01 8.816284177224369500e+01 2.118405121253895179e-04 5.619276562773018568e+00
1.071593399822671198e-04 8.816264396296280381e+01 8.816237977251570612e+01 2.142957161769398083e-04 5.614269815126330165e+00
1.084014359178331018e-04 8.816211541140930308e+01 8.816188909256781869e+01 2.167793726403025999e-04 5.609262932365729704e+00
1.096579291267809898e-04 8.816157453868994764e+01 8.816137316453276185e+01 2.192918111675785128e-04 5.604255931467608143e+00
1.109289864895222780e-04 8.816102105765148167e+01 8.816083497921930245e+01 2.218333652285692595e-04 5.599248827235430603e+00
1.122147768207980290e-04 8.816045467445206896e+01 8.816027696662817448e+01 2.244043721549514021e-04 5.594241631711124541e+00
1.135154708920999033e-04 8.815987508840464670e+01 8.815970096669889244e+01 2.270051731849600921e-04 5.589234354030922169e+00
1.148312414543511137e-04 8.815928199181801972e+01 8.815910826801477640e+01 2.296361135085894041e-04 5.584227000615969772e+00
1.161622632608501891e-04 8.815867506983452984e+01 8.815849968779095036e+01 2.322975423133139818e-04 5.579219575566308542e+00
1.175087130904807617e-04 8.815805400026225414e+01 8.815787566860230129e+01 2.349898128303393684e-04 5.574212081137325470e+00
1.188707697711903309e-04 8.815741845340480154e+01 8.815723637336567720e+01 2.377132823813860615e-04 5.569204518207619081e+00
1.202486142037412301e-04 8.815676809188708773e+01 8.815658176737765928e+01 2.404683124260139629e-04 5.564196886683116183e+00
1.216424293857368039e-04 8.815610257047616471e+01 8.815591190257758569e+01 2.432552686094931291e-04 5.559189186897450341e+00
1.230524004359261579e-04 8.815542153589844077e+01 8.815522642338785886e+01 2.460745208112275753e-04 5.554181417177519009e+00
1.244787146187906256e-04 8.815472462665312037e+01 8.815452496594974718e+01 2.489264431937378481e-04 5.549173575810261383e+00
1.259215613694150942e-04 8.815401147282020133e+01 8.815380715793060062e+01 2.518114142522093635e-04 5.544165661041710713e+00
1.273811323186478520e-04 8.815328169586499030e+01 8.815307261832711561e+01 2.547298168646127152e-04 5.539157671076032408e+00
1.288576213185518003e-04 8.815253490843799966e+01 8.815232095726321404e+01 2.576820383424025126e-04 5.534149604074534601e+00
1.303512244681508938e-04 8.815177071416914600e+01 8.815155177578385803e+01 2.606684704818018248e-04 5.529141458154655631e+00
1.318621401394748458e-04 8.815098870745862314e+01 8.815076466564428870e+01 2.636895096156779473e-04 5.524133231388932863e+00
1.333905690039058638e-04 8.815018847326206242e+01 8.814995920909325378e+01 2.667455566660177873e-04 5.519124921803941319e+00
1.349367140588306430e-04 8.814936958687117396e+01 8.814913497865259728e+01 2.698370171970083421e-04 5.514116527379210098e+00
1.365007806546013845e-04 8.814853161368823464e+01 8.814829153689092323e+01 2.729643014687300768e-04 5.509108046046115703e+00
1.380829765218092263e-04 8.814767410899723643e+01 8.814742843619204393e+01 2.761278244914698696e-04 5.504099475686741627e+00
1.396835117988739626e-04 8.814679661772801467e+01 8.814654521851805669e+01 2.793280060806610596e-04 5.499090814132720162e+00
1.413025990599533599e-04 8.814589867421541669e+01 8.814564141516767393e+01 2.825652709124569940e-04 5.494082059164042242e+00
1.429404533431761061e-04 8.814497980195352511e+01 8.814471654652773225e+01 2.858400485799463138e-04 5.489073208507842416e+00
1.445972921792019463e-04 8.814403951334311671e+01 8.814377012181965654e+01 2.891527736500166482e-04 5.484064259837148292e+00
1.462733356201129868e-04 8.814307730943457386e+01 8.814280163884050978e+01 2.925038857208746290e-04 5.479055210769610440e+00
1.479688062686396383e-04 8.814209267966302264e+01 8.814181058369653954e+01 2.958938294802293295e-04 5.474046058866194997e+00
1.496839293077255632e-04 8.814108510157947762e+01 8.814079643053258906e+01 2.993230547641470953e-04 5.469036801629852285e+00
1.514189325304352018e-04 8.814005404057412818e+01 8.813975864125302451e+01 3.027920166165852479e-04 5.464027436504141022e+00
1.531740463702079740e-04 8.813899894959379822e+01 8.813869666523835633e+01 3.063011753496128480e-04 5.459017960871842767e+00
1.549495039314631646e-04 8.813791926885302530e+01 8.813760993905340513e+01 3.098509966043256183e-04 5.454008372053515963e+00
1.567455410205595065e-04 8.813681442553810541e+01 8.813649788615055058e+01 3.134419514124640264e-04 5.448998667306044652e+00
1.585623961771137158e-04 8.813568383350438751e+01 8.813535991656389967e+01 3.170745162587414656e-04 5.443988843821128576e+00
1.604003107056819902e-04 8.813452689296715903e+01 8.813419542659897843e+01 3.207491731438919663e-04 5.438978898723755506e+00
1.622595287078087002e-04 8.813334299018413276e+01 8.813300379851256139e+01 3.244664096484443775e-04 5.433968829070622064e+00
1.641402971144466361e-04 8.813213149713173777e+01 8.813178440018774040e+01 3.282267189972323958e-04 5.428958631848540328e+00
1.660428657187529582e-04 8.813089177117356599e+01 8.813053658479880426e+01 3.320306001246483034e-04 5.423948303972775165e+00
1.679674872092653225e-04 8.812962315472074692e+01 8.812925969047122976e+01 3.358785577406489791e-04 5.418937842285377116e+00
1.699144172034625999e-04 8.812832497488481920e+01 8.812795303993073048e+01 3.397711023975232372e-04 5.413927243553446900e+00
1.718839142817145534e-04 8.812699654312314124e+01 8.812661594014690536e+01 3.437087505574287316e-04 5.408916504467377706e+00
1.738762400216250527e-04 8.812563715487470972e+01 8.812524768196745129e+01 3.476920246607074268e-04 5.403905621639053081e+00
1.758916590327732731e-04 8.812424608918905733e+01 8.812384753974296814e+01 3.517214531949887954e-04 5.398894591599987969e+00
1.779304389918577296e-04 8.812282260834552972e+01 8.812241477094565312e+01 3.557975707650890365e-04 5.393883410799454659e+00
1.799928506782476454e-04 8.812136595746443390e+01 8.812094861577631377e+01 3.599209181637167787e-04 5.388872075602532341e+00
1.820791680099462359e-04 8.811987536410853750e+01 8.811944829676455981e+01 3.640920424429929100e-04 5.383860582288137131e+00
1.841896680799710861e-04 8.811835003787592768e+01 8.811791301835823731e+01 3.683114969867951061e-04 5.378848927046990802e+00
1.863246311931559835e-04 8.811678916998377531e+01 8.811634196650464901e+01 3.725798415839356222e-04 5.373837105979549555e+00
1.884843409033795474e-04 8.811519193284101448e+01 8.811473430822070441e+01 3.768976425021829200e-04 5.368825115093875944e+00
1.906690840512252085e-04 8.811355747961337670e+01 8.811308919115484173e+01 3.812654725631356933e-04 5.363812950303473492e+00
1.928791508020777693e-04 8.811188494377590530e+01 8.811140574313701279e+01 3.856839112179594859e-04 5.358800607425056484e+00
1.951148346846616412e-04 8.811017343865772489e+01 8.810968307171977187e+01 3.901535446239965256e-04 5.353788082176277996e+00
1.973764326300255292e-04 8.810842205697417739e+01 8.810792026370832275e+01 3.946749657222570142e-04 5.348775370173401100e+00
1.996642450109793374e-04 8.810662987034893945e+01 8.810611638467922546e+01 3.992487743158042342e-04 5.343762466928914101e+00
2.019785756819878484e-04 8.810479592882629163e+01 8.810427047848881443e+01 4.038755771490413322e-04 5.338749367849088934e+00
2.043197320195270594e-04 8.810291926036970267e+01 8.810238156676956578e+01 4.085559879879120844e-04 5.333736068231488936e+00
2.066880249629082160e-04 8.810099887035140398e+01 8.810044864841562173e+01 4.132906277010250777e-04 5.328722563262411782e+00
2.090837690555749911e-04 8.809903374102825069e+01 8.809847069905586636e+01 4.180801243417118758e-04 5.323708848014272021e+00
2.115072824868794756e-04 8.809702283100681086e+01 8.809644667051497890e+01 4.229251132310303941e-04 5.318694917442926773e+00
2.139588871343421563e-04 8.809496507469572180e+01 8.809437549026247893e+01 4.278262370417234553e-04 5.313680766384937471e+00
2.164389086064020347e-04 8.809285938174518549e+01 8.809225606084882543e+01 4.327841458831445626e-04 5.308666389554764997e+00
2.189476762856620634e-04 8.809070463647367433e+01 8.809008725932818606e+01 4.377994973871608101e-04 5.303651781541900867e+00
2.214855233726359179e-04 8.808849969728198914e+01 8.808786793666875781e+01 4.428729567950449105e-04 5.298636936807930020e+00
2.240527869300018224e-04 8.808624339605354692e+01 8.808559691714872031e+01 4.480051970453672368e-04 5.293621849683527003e+00
2.266498079273692845e-04 8.808393453754038660e+01 8.808327299773924324e+01 4.531968988628995334e-04 5.288606514365380207e+00
2.292769312865648647e-04 8.808157189873554671e+01 8.808089494747238746e+01 4.584487508485416253e-04 5.283590924913041498e+00
2.319345059274427543e-04 8.807915422823134577e+01 8.807846150679468167e+01 4.637614495702829451e-04 5.278575075245708348e+00
2.346228848142262321e-04 8.807668024556274133e+01 8.807597138690680083e+01 4.691356996552108020e-04 5.273558959138923363e+00
2.373424250023866149e-04 8.807414864053477288e+01 8.807342326908690211e+01 4.745722138825771044e-04 5.268542570221201871e+00
2.400934876860651764e-04 8.807155807253627700e+01 8.807081580399913889e+01 4.800717132779357848e-04 5.263525901970578680e+00
2.428764382460450548e-04 8.806890716983593848e+01 8.806814761098603128e+01 4.856349272083631814e-04 5.258508947711070469e+00
2.456916462982790305e-04 8.806619452886397426e+01 8.806541727734509095e+01 4.912625934787734090e-04 5.253491700609060899e+00
2.485394857429798422e-04 8.806341871347645167e+01 8.806262335758819404e+01 4.969554584293418929e-04 5.248474153669599573e+00
2.514203348142796828e-04 8.806057825420302265e+01 8.805976437268448365e+01 5.027142770340490468e-04 5.243456299732606851e+00
2.543345761304648361e-04 8.805767164747683751e+01 8.805683880928587826e+01 5.085398130003566160e-04 5.238438131469004055e+00
2.572825967447932359e-04 8.805469735484777516e+01 8.805384511893522870e+01 5.144328388700315953e-04 5.233419641376737097e+00
2.602647881969004482e-04 8.805165380217768245e+01 8.805078171725534730e+01 5.203941361211270435e-04 5.228400821776720164e+00
2.632815465648020189e-04 8.804853937881620141e+01 8.804764698312062876e+01 5.264244952711378493e-04 5.223381664808674607e+00
2.663332725174980963e-04 8.804535243675897505e+01 8.804443925780924474e+01 5.325247159813399026e-04 5.218362162426874562e+00
2.694203713681882413e-04 8.804209128978595800e+01 8.804115684413622489e+01 5.386956071623296956e-04 5.213342306395795767e+00
2.725432531281027707e-04 8.803875421257986034e+01 8.803779800556630164e+01 5.449379870807771449e-04 5.208322088285654239e+00
2.757023325609582747e-04 8.803533943982561993e+01 8.803436096530710131e+01 5.512526834674043221e-04 5.203301499467844593e+00
2.788980292380439777e-04 8.803184516528828851e+01 8.803084390538147375e+01 5.576405336262050530e-04 5.198280531110278879e+00
2.821307675939470740e-04 8.802826954086998512e+01 8.802724496567873302e+01 5.641023845449193727e-04 5.193259174172600190e+00
2.854009769829237591e-04 8.802461067564628650e+01 8.802356224298392817e+01 5.706390930067781241e-04 5.188237419401296791e+00
2.887090917359234400e-04 8.802086663487972373e+01 8.801979378998572656e+01 5.772515257035287567e-04 5.183215257324695457e+00
2.920555512182745244e-04 8.801703543901139426e+01 8.801593761426164519e+01 5.839405593497619526e-04 5.178192678247843794e+00
2.954407998880379709e-04 8.801311506262929640e+01 8.801199167723947880e+01 5.907070807985491607e-04 5.173169672247261985e+00
2.988652873550382482e-04 8.800910343341404030e+01 8.800795389313576322e+01 5.975519871584092542e-04 5.168146229165579086e+00
3.023294684405776131e-04 8.800499843105954767e+01 8.800382212787093295e+01 6.044761859116172141e-04 5.163122338606046746e+00
3.058338032378431388e-04 8.800079788616986320e+01 8.799959419795769122e+01 6.114805950338720762e-04 5.158097989926909932e+00
3.093787571730136510e-04 8.799649957913156584e+01 8.799526786936692702e+01 6.185661431153371536e-04 5.153073172235663968e+00
3.129648010670750265e-04 8.799210123895940683e+01 8.799084085636575026e+01 6.257337694830710732e-04 5.148047874383158806e+00
3.165924111983520412e-04 8.798760054211689408e+01 8.798631082033051598e+01 6.329844243248628540e-04 5.143022084957581619e+00
3.202620693657650080e-04 8.798299511130935002e+01 8.798167536853253523e+01 6.403190688144881583e-04 5.137995792278284846e+00
3.239742629528195514e-04 8.797828251425087842e+01 8.797693205289647267e+01 6.477386752384031937e-04 5.132968984389473910e+00
3.277294849923381931e-04 8.797346026240207095e+01 8.797207836873094777e+01 6.552442271238911225e-04 5.127941649053751938e+00
3.315282342319423150e-04 8.796852580968057111e+01 8.796711175343003219e+01 6.628367193686799481e-04 5.122913773745505495e+00
3.353710152002928996e-04 8.796347655114190900e+01 8.796202958514578540e+01 6.705171583720454355e-04 5.117885345644135775e+00
3.392583382740992125e-04 8.795830982163043643e+01 8.795682918143108964e+01 6.782865621674184688e-04 5.112856351627135254e+00
3.431907197459042598e-04 8.795302289440053300e+01 8.795150779785181783e+01 6.861459605565126780e-04 5.107826778263000023e+00
3.471686818926559680e-04 8.794761297970642033e+01 8.794606262656745344e+01 6.940963952449906568e-04 5.102796611803972482e+00
3.511927530450727588e-04 8.794207722336054189e+01 8.794049079488068799e+01 7.021389199796836253e-04 5.097765838178616171e+00
3.552634676578139260e-04 8.793641270525945686e+01 8.793478936375349519e+01 7.102746006873862216e-04 5.092734442984216514e+00
3.593813663804625697e-04 8.793061643787656578e+01 8.792895532629087540e+01 7.185045156152400836e-04 5.087702411479003040e+00
3.635469961293317630e-04 8.792468536472138396e+01 8.792298560618974079e+01 7.268297554727271449e-04 5.082669728574184198e+00
3.677609101601030626e-04 8.791861635876460923e+01 8.791687705615444770e+01 7.352514235752898855e-04 5.077636378825805430e+00
3.720236681413065759e-04 8.791240622082690948e+01 8.791062645627512495e+01 7.437706359895959914e-04 5.072602346426402065e+00
3.763358362286532656e-04 8.790605167793306407e+01 8.790423051237168295e+01 7.523885216804686738e-04 5.067567615196465702e+00
3.806979871402283821e-04 8.789954938162875919e+01 8.789768585429942505e+01 7.611062226594977193e-04 5.062532168575709868e+00
3.851107002325568655e-04 8.789289590625965332e+01 8.789098903421779596e+01 7.699248941353541457e-04 5.057495989614123388e+00
3.895745615775500948e-04 8.788608774721296868e+01 8.788413652482050509e+01 7.788457046658246209e-04 5.052459060962818604e+00
3.940901640403447737e-04 8.787912131911910762e+01 8.787712471752607257e+01 7.878698363115875427e-04 5.047421364864667304e+00
3.986581073580438726e-04 8.787199295401401855e+01 8.786994992062813026e+01 7.969984847917480205e-04 5.042382883144705730e+00
4.032789982193705223e-04 8.786469889946057776e+01 8.786260835740566222e+01 8.062328596411544182e-04 5.037343597200325540e+00
4.079534503452448896e-04 8.785723531662819141e+01 8.785509616419004431e+01 8.155741843695136963e-04 5.032303487991225843e+00
4.126820845702952015e-04 8.784959827833058910e+01 8.784740938839028956e+01 8.250236966223281057e-04 5.027262536029132534e+00
4.174655289253134888e-04 8.784178376701943591e+01 8.783954398647469475e+01 8.345826483436727481e-04 5.022220721367274265e+00
4.223044187206672164e-04 8.783378767273444510e+01 8.783149582190756632e+01 8.442523059408347120e-04 5.017178023589612401e+00
4.271993966306776428e-04 8.782560579100783116e+01 8.782326066304072754e+01 8.540339504508355755e-04 5.012134421799815165e+00
4.321511127789761839e-04 8.781723382072291884e+01 8.781483418095874072e+01 8.639288777088571184e-04 5.007089894609969782e+00
4.371602248248502198e-04 8.780866736192612620e+01 8.780621194727689272e+01 8.739383985185937695e-04 5.002044420129037938e+00
4.422273980505897289e-04 8.779990191358996299e+01 8.779738943189070710e+01 8.840638388245508714e-04 4.996997975951027016e+00
4.473533054498462949e-04 8.779093287132810985e+01 8.778836200067635787e+01 8.943065398863129416e-04 4.991950539142893106e+00
4.525386278170166862e-04 8.778175552506016288e+01 8.777912491314096144e+01 9.046678584548037199e-04 4.986902086232151809e+00
4.577840538376616304e-04 8.777236505662507682e+01 8.776967332002115540e+01 9.151491669505586049e-04 4.981852593194200374e+00
4.630902801799736631e-04 8.776275653734356297e+01 8.776000226083020550e+01 9.257518536440346307e-04 4.976802035439338745e+00
4.684580115873045137e-04 8.775292492552620160e+01 8.775010666135082715e+01 9.364773228379794524e-04 4.971750387799486859e+00
4.738879609717650920e-04 8.774286506392876106e+01 8.773998133107470210e+01 9.473269950518823247e-04 4.966697624514590181e+00
4.793808495089107069e-04 8.773257167715141236e+01 8.772962096058519421e+01 9.583023072085320110e-04 4.961643719218694848e+00
4.849374067335233355e-04 8.772203936898246468e+01 8.771902011888498407e+01 9.694047128227027644e-04 4.956588644925708387e+00
4.905583706365045484e-04 8.771126261968399263e+01 8.770817325066484216e+01 9.806356821919952685e-04 4.951532374014811388e+00
4.962444877628913436e-04 8.770023578321975322e+01 8.769707467351435071e+01 9.919967025898547650e-04 4.946474878215536108e+00
5.019965133110079530e-04 8.768895308442284886e+01 8.768571857507228628e+01 1.003489278460790004e-03 4.941416128592479140e+00
5.078152112327670659e-04 8.767740861610367631e+01 8.767409901011588147e+01 1.015114931617820552e-03 4.936356095529668586e+00
5.137013543351339135e-04 8.766559633609404045e+01 8.766220989758846827e+01 1.026875201442176535e-03 4.931294748714549314e+00
5.196557243827657369e-04 8.765351006423055935e+01 8.765004501756259003e+01 1.038771645085271840e-03 4.926232057121593400e+00
5.256791122018419265e-04 8.764114347927180404e+01 8.763759800813927825e+01 1.050805837672984288e-03 4.921167988995527764e+00
5.317723177850966487e-04 8.762849011575130476e+01 8.762486236228126302e+01 1.062979372512260975e-03 4.916102511834160360e+00
5.379361503980697925e-04 8.761554336076254401e+01 8.761183142457875306e+01 1.075293861300079820e-03 4.911035592370796898e+00
5.441714286865887004e-04 8.760229645067725812e+01 8.759849838794728782e+01 1.087750934334789834e-03 4.905967196556251686e+00
5.504789807854967333e-04 8.758874246779321027e+01 8.758485629025535957e+01 1.100352240729861797e-03 4.900897289540423252e+00
5.568596444286409188e-04 8.757487433691241563e+01 8.757089801088199010e+01 1.113099448630070366e-03 4.895825835653438318e+00
5.633142670601351629e-04 8.756068482184714696e+01 8.755661626720076640e+01 1.125994245430138188e-03 4.890752798386346356e+00
5.698437059469136636e-04 8.754616652185272585e+01 8.754200361099185557e+01 1.139038337995871945e-03 4.885678140371362055e+00
5.764488282925873171e-04 8.753131186798587748e+01 8.752705242477806280e+01 1.152233452887810273e-03 4.880601823361633507e+00
5.831305113526218760e-04 8.751611311938756899e+01 8.751175491808490392e+01 1.165581336587420865e-03 4.875523808210530774e+00
5.898896425508493501e-04 8.750056235948832750e+01 8.749610312362361242e+01 1.179083755725869294e-03 4.870444054850452176e+00
5.967271195973310833e-04 8.748465149213564018e+01 8.748008889339492100e+01 1.192742497315388414e-03 4.865362522271116319e+00
6.036438506075863814e-04 8.746837223764065072e+01 8.746370389471206863e+01 1.206559368983281706e-03 4.860279168497346092e+00
6.106407542232036075e-04 8.745171612874486300e+01 8.744693960614340256e+01 1.220536199208584888e-03 4.855193950566321526e+00
6.177187597338488134e-04 8.743467450650287276e+01 8.742978731337061049e+01 1.234674837561417415e-03 4.850106824504296199e+00
6.248788072006888211e-04 8.741723851608213636e+01 8.741223810496339297e+01 1.248977154945055124e-03 4.845017745302757639e+00
6.321218475812448011e-04 8.739939910247662169e+01 8.739428286806787582e+01 1.263445043840752402e-03 4.839926666894021956e+00
6.394488428556943443e-04 8.738114700613475350e+01 8.737591228400809484e+01 1.278080418555345996e-03 4.834833542126246719e+00
6.468607661546327617e-04 8.736247275849763128e+01 8.735711682379834997e+01 1.292885215471664510e-03 4.829738322737853196e+00
6.543586018883235361e-04 8.734336667744847205e+01 8.733788674356569004e+01 1.307861393301793700e-03 4.824640959331334855e+00
6.619433458774394430e-04 8.732381886267148730e+01 8.731821207988139122e+01 1.323010933343203837e-03 4.819541401346447707e+00
6.696160054853222054e-04 8.730381919091661302e+01 8.729808264499840220e+01 1.338335839737787511e-03 4.814439597032757590e+00
6.773775997517752102e-04 8.728335731117232399e+01 8.727748802199505462e+01 1.353838139733838652e-03 4.809335493421536434e+00
6.852291595284064167e-04 8.726242263974172886e+01 8.725641755982336178e+01 1.369519883950999018e-03 4.804229036296986166e+00
6.931717276155407569e-04 8.724100435522227315e+01 8.723486036825876511e+01 1.385383146648211166e-03 4.799120170166776056e+00
7.012063589007183975e-04 8.721909139338696093e+01 8.721280531275269254e+01 1.401430025994707639e-03 4.794008838231881064e+00
7.093341204987996815e-04 8.719667244196709532e+01 8.719024100918433362e+01 1.417662644344072111e-03 4.788894982355698104e+00
7.175560918936927952e-04 8.717373593533218923e+01 8.716715581851036632e+01 1.434083148511403538e-03 4.783778543032418895e+00
7.258733650817253023e-04 8.715027004906893637e+01 8.714353784131279212e+01 1.450693710053622531e-03 4.778659459354654970e+00
7.342870447166765678e-04 8.712626269445577520e+01 8.711937491224195185e+01 1.467496525552948808e-03 4.773537668980288196e+00
7.427982482564918871e-04 8.710170151283213613e+01 8.709465459435357104e+01 1.484493816903589836e-03 4.768413108098518371e+00
7.514081061116969704e-04 8.707657386986113579e+01 8.706936417333950828e+01 1.501687831601672104e-03 4.763285711395113253e+00
7.601177617955330547e-04 8.705086684968475197e+01 8.704349065164967669e+01 1.519080843038454710e-03 4.758155412016812136e+00
7.689283720758312941e-04 8.702456724896953233e+01 8.701702074250343344e+01 1.536675150796857139e-03 4.753022141534883893e+00
7.778411071286489781e-04 8.699766157084125950e+01 8.698994086379222779e+01 1.554473080951341776e-03 4.747885829907811051e+00
7.868571506936851423e-04 8.697013601870854416e+01 8.696223713186698490e+01 1.572476986371184769e-03 4.742746405443075020e+00
7.959777002314985571e-04 8.694197648997285910e+01 8.693389535521447442e+01 1.590689247027174706e-03 4.737603794758028286e+00
8.052039670825478267e-04 8.691316856962492921e+01 8.690490102801746275e+01 1.609112270301776620e-03 4.732457922739820688e+00
8.145371766280745229e-04 8.688369752372426547e+01 8.687523932359948731e+01 1.627748491302797749e-03 4.727308712504367350e+00
8.239785684528520143e-04 8.685354829276388955e+01 8.684489508775257605e+01 1.646600373180595383e-03 4.722156085354328958e+00
8.335293965098195066e-04 8.682270548491575823e+01 8.681385283194624947e+01 1.665670407448864750e-03 4.716999960736075082e+00
8.431909292866259040e-04 8.679115336915863566e+01 8.678209672641874306e+01 1.684961114309046614e-03 4.711840256195621635e+00
8.529644499741025759e-04 8.675887586828525855e+01 8.674961059314571798e+01 1.704475042978393197e-03 4.706676887333490100e+00
8.628512566366895297e-04 8.672585655178981767e+01 8.671637789869045321e+01 1.724214772021732955e-03 4.701509767758494718e+00
8.728526623848379762e-04 8.669207862863238745e+01 8.668238174693048848e+01 1.744182909686978243e-03 4.696338809040405238e+00
8.829699955494092365e-04 8.665752493988262017e+01 8.664760487166149971e+01 1.764382094244409038e-03 4.691163920661461262e+00
8.932045998580968784e-04 8.662217795123933683e+01 8.661202962907792369e+01 1.784814994329780857e-03 4.685985009966721293e+00
9.035578346138930074e-04 8.658601974542641244e+01 8.657563799013038874e+01 1.805484309291297646e-03 4.680801982113215409e+00
9.140310748756232161e-04 8.654903201446458638e+01 8.653841153275631370e+01 1.826392769540486488e-03 4.675614740017848270e+00
9.246257116405742597e-04 8.651119605181783356e+01 8.650033143398749758e+01 1.847543136907025532e-03 4.670423184304058672e+00
9.353431520292386373e-04 8.647249274441539058e+01 8.646137846193072107e+01 1.868938204997558535e-03 4.665227213247174376e+00
9.461848194722001460e-04 8.643290256454709208e+01 8.642153296762259629e+01 1.890580799558548054e-03 4.660026722718438208e+00
9.571521538991865398e-04 8.639240556163396434e+01 8.638077487675917610e+01 1.912473778843204811e-03 4.654821606127681477e+00
9.682466119303123836e-04 8.635098135387232787e+01 8.633908368129914379e+01 1.934620033982542000e-03 4.649611754364599392e+00
9.794696670695395360e-04 8.630860911975258887e+01 8.629643843094041245e+01 1.957022489360595117e-03 4.644397055738592073e+00
9.908228099003797609e-04 8.626526758945188078e+01 8.625281772447188189e+01 1.979684102993858018e-03 4.639177395917146285e+00
1.002307548283865382e-03 8.622093503610238940e+01 8.620819970099908858e+01 2.002607866914974267e-03 4.633952657862709046e+00
1.013925407558815411e-03 8.617558926693391186e+01 8.616256203104559575e+01 2.025796807560735577e-03 4.628722721768019355e+00
1.025677930744421868e-03 8.612920761429295169e+01 8.611588190752981120e+01 2.049253986164431378e-03 4.623487464989863405e+00
1.037566678745185890e-03 8.608176692653852058e+01 8.606813603661842649e+01 2.072982499152597417e-03 4.618246761981204429e+00
1.049593230558227598e-03 8.603324355881552776e+01 8.601930062845772795e+01 2.096985478546206996e-03 4.613000484221647213e+00
1.061759183483000071e-03 8.598361336370666663e+01 8.596935138778393082e+01 2.121266092366362512e-03 4.607748500146206183e+00
1.074066153333433447e-03 8.593285168176555544e+01 8.591826350441351678e+01 2.145827545044522860e-03 4.602490675072314907e+00
1.086515774652538433e-03 8.588093333193074841e+01 8.586601164361609051e+01 2.170673077837328296e-03 4.597226871125045022e+00
1.099109700929497193e-03 8.582783260182459628e+01 8.581256993637079233e+01 2.195805969246060908e-03 4.591956947160485747e+00
1.111849604819271095e-03 8.577352323793692790e+01 8.575791196950909523e+01 2.221229535440800984e-03 4.586680758687233350e+00
1.124737178364752007e-03 8.571797843569729025e+01 8.570201077574566284e+01 2.246947130689319182e-03 4.581398157785945280e+00
1.137774133221491381e-03 8.566117082943895866e+01 8.564483882360077871e+01 2.272962147790766503e-03 4.576108993026902994e+00
1.150962200885032299e-03 8.560307248225420551e+01 8.558636800721671989e+01 2.299278018514205012e-03 4.570813109385541750e+00
1.164303132920876775e-03 8.554365487574980875e+01 8.552656963607151397e+01 2.325898214042032217e-03 4.565510348155885190e+00
1.177798701197119331e-03 8.548288889970002913e+01 8.546541442459347593e+01 2.352826245418357214e-03 4.560200546861828741e+00
1.191450698119775895e-03 8.542074484160518466e+01 8.540287248168111489e+01 2.380065664002375871e-03 4.554883539166228346e+00
1.205260936870842505e-03 8.535719237615923305e+01 8.533891330013152299e+01 2.407620061926799698e-03 4.549559154777719883e+00
1.219231251649110712e-03 8.529220055462863570e+01 8.527350574598337118e+01 2.435493072561393472e-03 4.544227219355224001e+00
1.233363497913775872e-03 8.522573779415155570e+01 8.520661804777854798e+01 2.463688370981674969e-03 4.538887554410067082e+00
1.247659552630869806e-03 8.515777186695862611e+01 8.513821778574771315e+01 2.492209674442835352e-03 4.533539977205651716e+00
1.262121314522547276e-03 8.508826988952309023e+01 8.506827188092655945e+01 2.521060742858926597e-03 4.528184300654627847e+00
1.276750704319265777e-03 8.501719831164828634e+01 8.499674658420937590e+01 2.550245379287384949e-03 4.522820333213478428e+00
1.291549665014883998e-03 8.494452290549439510e+01 8.492360746534491511e+01 2.579767430418935040e-03 4.517447878774463632e+00
1.306520162124721234e-03 8.487020875455779390e+01 8.484881940188387262e+01 2.609630787072939745e-03 4.512066736554846358e+00
1.321664183946605082e-03 8.479422024260497892e+01 8.477234656808508362e+01 2.639839384698249112e-03 4.506676700983327954e+00
1.336983741824946661e-03 8.471652104257408666e+01 8.469415242378931907e+01 2.670397203879608643e-03 4.501277561583625797e+00
1.352480870417875451e-03 8.463707410544996890e+01 8.461419970326861062e+01 2.701308270849685049e-03 4.495869102855099442e+00
1.368157627967471913e-03 8.455584164912285416e+01 8.453245040406214628e+01 2.732576658006767144e-03 4.490451104150361417e+00
1.384016096573131502e-03 8.447278514724276022e+01 8.444886577580875553e+01 2.764206484438207819e-03 4.485023339549786492e+00
1.400058382468097589e-03 8.438786531807727442e+01 8.436340630908536298e+01 2.796201916449656943e-03 4.479585577732821733e+00
1.416286616299198848e-03 8.430104211338667142e+01 8.427603172426621825e+01 2.828567168100155470e-03 4.474137581846036049e+00
1.432702953409831009e-03 8.421227470732797826e+01 8.418670096041176976e+01 2.861306501743150592e-03 4.468679109367792002e+00
1.449309574126216591e-03 8.412152148539968266e+01 8.409537216420352479e+01 2.894424228573487436e-03 4.463209911969465260e+00
1.466108684046984459e-03 8.402874003344417986e+01 8.400200267893649198e+01 2.927924709180450627e-03 4.457729735373113122e+00
1.483102514336104337e-03 8.393388712671803376e+01 8.390654903358543493e+01 2.961812354106909892e-03 4.452238319205480188e+00
1.500293322019218348e-03 8.383691871904949267e+01 8.380896693196048375e+01 2.996091624414636521e-03 4.446735396848266575e+00
1.517683390283405343e-03 8.373778993209792532e+01 8.370921124196850371e+01 3.030767032255857023e-03 4.441220695284520126e+00
1.535275028780422714e-03 8.363645504473316805e+01 8.360723598499748732e+01 3.065843141451108592e-03 4.435693934941077998e+00
1.553070573933460147e-03 8.353286748255169414e+01 8.350299432544336753e+01 3.101324568073455818e-03 4.430154829526916416e+00
1.571072389247450424e-03 8.342697980755133358e+01 8.339643856039879211e+01 3.137215981039144508e-03 4.424603085867317098e+00
1.589282865622978049e-03 8.331874370798357177e+01 8.328752010952388218e+01 3.173522102704754225e-03 4.419038403733715370e+00
1.607704421673823627e-03 8.320810998840519801e+01 8.317618950512149922e+01 3.210247709470912848e-03 4.413460475669118033e+00
1.626339504048192157e-03 8.309502855995198445e+01 8.306239638244015566e+01 3.247397632392650790e-03 4.407868986808953338e+00
1.645190587753662514e-03 8.297944843085903699e+01 8.294608947022858558e+01 3.284976757796454708e-03 4.402263614697236704e+00
1.664260176485903671e-03 8.286131769725314200e+01 8.282721658156775391e+01 3.322990027904091856e-03 4.396644029097901196e+00
1.683550802961202323e-03 8.274058353424152301e+01 8.270572460500665102e+01 3.361442441463281805e-03 4.391009891801165743e+00
1.703065029252844422e-03 8.261719218732929448e+01 8.258155949603151669e+01 3.400339054385275415e-03 4.385360856424788345e+00
1.722805447131393972e-03 8.249108896419001269e+01 8.245466626889667339e+01 3.439684980389415628e-03 4.379696568210062146e+00
1.742774678408919205e-03 8.236221822682411187e+01 8.232498898884905714e+01 3.479485391654757714e-03 4.374016663812392736e+00
1.762975375287205784e-03 8.223052338413580742e+01 8.219247076477981295e+01 3.519745519478812302e-03 4.368320771086306564e+00
1.783410220710008025e-03 8.209594688496248693e+01 8.205705374233535565e+01 3.560470654943488373e-03 4.362608508864711965e+00
1.804081928719382779e-03 8.195843021159323882e+01 8.191867909752708954e+01 3.601666149588313420e-03 4.356879486732260887e+00
1.824993244816152391e-03 8.181791387381207414e+01 8.177728703087386464e+01 3.643337416090991054e-03 4.351133304792616840e+00
1.846146946324547485e-03 8.167433740350816151e+01 8.163281676212048410e+01 3.685489928955392337e-03 4.345369553429459408e+00
1.867545842761075955e-03 8.152763934989010863e+01 8.148520652557071742e+01 3.728129225207033309e-03 4.339587813061026367e+00
1.889192776207666326e-03 8.137775727534992143e+01 8.133439356608047888e+01 3.771260905096132827e-03 4.333787653888007796e+00
1.911090621689137941e-03 8.122462775202180296e+01 8.118031413575489807e+01 3.814890632808314464e-03 4.327968635634587002e+00
1.933242287555045260e-03 8.106818635908008730e+01 8.102290349139721570e+01 3.859024137183039195e-03 4.322130307282403550e+00
1.955650715865949168e-03 8.090836768082789376e+01 8.086209589276035103e+01 3.903667212439839579e-03 4.316272206797252764e+00
1.978318882784164089e-03 8.074510530562672272e+01 8.069782460165075122e+01 3.948825718912436951e-03 4.310393860848265035e+00
2.001249798969036847e-03 8.057833182571998520e+01 8.053002188193933364e+01 3.994505583790824467e-03 4.304494784519346418e+00
2.024446509976803900e-03 8.040797883800732393e+01 8.035861900053747320e+01 4.040712801871382785e-03 4.298574481012641613e+00
2.047912096665085481e-03 8.023397694582651241e+01 8.018354622939371268e+01 4.087453436315126830e-03 4.292632441343759986e+00
2.071649675602069141e-03 8.005625576180483449e+01 8.000473284857562817e+01 4.134733619414154328e-03 4.286668144028511485e+00
2.095662399480432980e-03 7.987474391184166223e+01 7.982210715049740202e+01 4.182559553366370711e-03 4.280681054760872684e+00
2.119953457536071038e-03 7.968936904028939239e+01 7.963559644536262283e+01 4.230937511058590131e-03 4.274670626081924496e+00
2.144526075971667656e-03 7.950005781639953284e+01 7.944512706788876244e+01 4.279873836858083709e-03 4.268636297039438254e+00
2.169383518385184159e-03 7.930673594210632871e+01 7.925062438538637366e+01 4.329374947412655689e-03 4.262577492837841930e+00
2.194529086203313769e-03 7.910932816122067379e+01 7.905201280726747370e+01 4.379447332459347232e-03 4.256493624478230764e+00
2.219966119119954652e-03 7.890775827011191268e+01 7.884921579606054820e+01 4.430097555641830318e-03 4.250384088388106996e+00
2.245697995539773940e-03 7.870194912995658854e+01 7.864215588001182766e+01 4.481332255336600151e-03 4.244248266040502315e+00
2.271728133026905232e-03 7.849182268063631795e+01 7.843075466735756152e+01 4.533158145488036354e-03 4.238085523562149959e+00
2.298059988758851136e-03 7.827729995637213278e+01 7.821493286235245534e+01 4.585582016452423131e-03 4.231895211330311213e+00
2.324697059985648094e-03 7.805830110318142090e+01 7.799461028314456712e+01 4.638610735851023820e-03 4.225676663557906387e+00
2.351642884494348565e-03 7.783474539825233762e+01 7.776970588158978615e+01 4.692251249432280100e-03 4.219429197866539027e+00
2.378901041078893431e-03 7.760655127132730513e+01 7.754013776510046796e+01 4.746510581943255529e-03 4.213152114847003027e+00
2.406475150015424062e-03 7.737363632819784698e+01 7.730582322062848277e+01 4.801395838010365062e-03 4.206844697606845429e+00
2.434368873543110365e-03 7.713591737640889789e+01 7.706667874088581982e+01 4.856914203029539731e-03 4.200506211304546156e+00
2.462585916350546866e-03 7.689331045327953973e+01 7.682262005290671425e+01 4.913072944065859440e-03 4.194135902669839489e+00
2.491130026067788373e-03 7.664573085634805238e+01 7.657356214906248226e+01 4.969879410762786595e-03 4.187732999509701237e+00
2.520004993764092018e-03 7.639309317635205332e+01 7.631941932064054868e+01 5.027341036261074279e-03 4.181296710199498001e+00
2.549214654451422910e-03 7.613531133286059571e+01 7.606010519410368431e+01 5.085465338127442662e-03 4.174826223158762062e+00
2.578762887593801043e-03 7.587229861267442743e+01 7.579553277014984758e+01 5.144259919293117309e-03 4.168320706311063439e+00
2.608653617622547997e-03 7.560396771111845737e+01 7.552561446569444570e+01 5.203732469002327402e-03 4.161779306527386701e+00
2.638890814457510187e-03 7.533023077634923936e+01 7.525026215890109427e+01 5.263890763770856691e-03 4.155201149052431653e+00
2.669478494034320699e-03 7.505099945680900930e+01 7.496938723739239663e+01 5.324742668354736502e-03 4.148585336913209964e+00
2.700420718837772543e-03 7.476618495195486958e+01 7.468290064976990550e+01 5.386296136729179680e-03 4.141930950309279602e+00
2.731721598441376204e-03 7.447569806640038337e+01 7.439071296058376959e+01 5.448559213077856962e-03 4.135237045983951809e+00
2.763385290053169997e-03 7.417944926760780788e+01 7.409273440888794937e+01 5.511540032792605973e-03 4.128502656575753882e+00
2.795415999067856535e-03 7.387734874727112810e+01 7.378887497052512856e+01 5.575246823483670858e-03 4.121726789949400782e+00
2.827817979625341181e-03 7.356930648653509763e+01 7.347904442428581717e+01 5.639687906000574041e-03 4.114908428505506421e+00
2.860595535175741895e-03 7.325523232519822159e+01 7.316315242209140024e+01 5.704871695463714643e-03 4.108046528468226377e+00
2.893753019050950264e-03 7.293503603504787236e+01 7.284110856334996242e+01 5.770806702306797639e-03 4.101140019149965177e+00
2.927294835042816134e-03 7.260862739748240813e+01 7.251282247364007105e+01 5.837501533330184851e-03 4.094187802192278625e+00
2.961225437988034351e-03 7.227591628557310344e+01 7.217820388787865227e+01 5.904964892765280499e-03 4.087188750782029700e+00
2.995549334359812969e-03 7.193681275072512449e+01 7.183716273812896702e+01 5.973205583350041543e-03 4.080141708841818371e+00
3.030271082866396216e-03 7.159122711409463591e+01 7.148960924621134438e+01 6.042232507415717761e-03 4.073045490193668350e+00
3.065395295056526793e-03 7.123907006292492383e+01 7.113545402127608952e+01 6.112054667984924763e-03 4.065898877694893443e+00
3.100926635931926852e-03 7.088025275196166319e+01 7.077460816250302855e+01 6.182681169881151448e-03 4.058700622345022602e+00
3.136869824566876613e-03 7.051468691011240253e+01 7.040698336709031935e+01 6.254121220849806831e-03 4.051449442362592634e+00
3.173229634734976452e-03 7.014228495251178686e+01 7.003249204369780045e+01 6.326384132690906006e-03 4.044144022230573121e+00
3.210010895543171858e-03 6.976296009815976618e+01 6.965104743150935462e+01 6.399479322403503652e-03 4.036783011709127678e+00
3.247218492073128838e-03 6.937662649329294595e+01 6.926256372507828019e+01 6.473416313341970492e-03 4.029365024814320684e+00
3.284857366030043482e-03 6.898319934065577286e+01 6.886695620511990512e+01 6.548204736384238486e-03 4.021888638761351942e+00
3.322932516398971556e-03 6.858259503483031949e+01 6.846414137541256650e+01 6.623854331112094540e-03 4.014352392870789821e+00
3.361449000108765288e-03 6.817473130378726864e+01 6.805403710596802114e+01 6.700374947003646768e-03 4.006754787436206833e+00
3.400411932703706255e-03 6.775952735681424599e+01 6.763656278262888577e+01 6.777776544638061326e-03 3.999094282551551416e+00
3.439826489022924580e-03 6.733690403897564636e+01 6.721163946324679728e+01 6.856069196912685168e-03 3.991369296896475127e+00
3.479697903887691603e-03 6.690678399225538442e+01 6.677919004059175734e+01 6.935263090272653606e-03 3.983578206477753181e+00
3.520031472796678832e-03 6.646909182352834478e+01 6.633913941213829446e+01 7.015368525953091967e-03 3.975719343324839006e+00
3.560832552629277729e-03 6.602375427949826303e+01 6.589141465686687127e+01 7.096395921234025829e-03 3.967790994137467830e+00
3.602106562357070083e-03 6.557070042873846205e+01 6.543594521921416174e+01 7.178355810708102192e-03 3.959791398883131919e+00
3.643858983763544404e-03 6.510986185095916312e+01 6.497266310029623071e+01 7.261258847561234339e-03 3.951718749342107539e+00
3.686095362172158059e-03 6.464117283361879629e+01 6.450150305652091731e+01 7.345115804866280546e-03 3.943571187597596062e+00
3.728821307182833642e-03 6.416457057598732661e+01 6.402240280569444053e+01 7.429937576889856371e-03 3.935346804468389248e+00
3.772042493416997554e-03 6.367999540075595633e+01 6.353530324071694224e+01 7.515735180412415860e-03 3.927043637881338256e+00
3.815764661271248397e-03 6.318739097327780740e+01 6.304014865094848119e+01 7.602519756061677098e-03 3.918659671180722892e+00
3.859993617679767074e-03 6.268670452850890484e+01 6.253688695131213393e+01 7.690302569659536978e-03 3.910192831371468003e+00
3.904735236885560103e-03 6.217788710570395949e+01 6.202546991918615760e+01 7.779095013582561918e-03 3.901640987292955831e+00
3.949995461220642823e-03 6.166089379090219325e+01 6.150585343911909320e+01 7.868908608136175944e-03 3.893001947720003741e+00
3.995780301895269192e-03 6.113568396722404685e+01 6.097799775538257450e+01 7.959755002942671062e-03 3.884273459387341365e+00
4.042095839796309639e-03 6.060222157297488366e+01 6.044186773235591659e+01 8.051645978343124899e-03 3.875453204933731577e+00
4.088948226294864159e-03 6.006047536753120397e+01 5.989743312271414055e+01 8.144593446813326240e-03 3.866538800761612382e+00
4.136343684063278035e-03 5.951041920496054161e+01 5.934466884336438852e+01 8.238609454393927903e-03 3.857527794807875665e+00
4.184288507901584922e-03 5.895203231529903576e+01 5.878355525905104173e+01 8.333706182134763621e-03 3.848417664221150947e+00
4.232789065573553354e-03 5.838529959338267616e+01 5.821407847351903087e+01 8.429895947553592631e-03 3.839205812940629237e+00
4.281851798652415615e-03 5.781021189509546332e+01 5.763623062809329411e+01 8.527191206109317051e-03 3.829889569171157415e+00
4.331483223376403000e-03 5.722676634086676728e+01 5.705001020749907070e+01 8.625604552689784821e-03 3.820466182748988082e+00
4.381689931514195016e-03 5.663496662621226108e+01 5.645542235270979603e+01 8.725148723114322172e-03 3.810932822392186559e+00
4.432478591240400501e-03 5.603482333907275148e+01 5.585247918057217476e+01 8.825836595651070232e-03 3.801286572829308597e+00
4.483855948021191196e-03 5.542635428366908457e+01 5.524120010991250496e+01 8.927681192549283620e-03 3.791524431799507600e+00
4.535828825510191016e-03 5.480958481054026521e+01 5.462161219378761245e+01 9.030695681586653478e-03 3.781643306916787406e+00
4.588404126454761513e-03 5.418454815238978739e+01 5.399375045749204816e+01 9.134893377631818009e-03 3.771640012390574448e+00
4.641588833612782412e-03 5.355128576531207329e+01 5.335765824188459305e+01 9.240287744222135113e-03 3.761511265594270625e+00
4.695390010680062544e-03 5.290984767491958962e+01 5.271338755154227584e+01 9.346892395156848957e-03 3.751253683472824285e+00
4.749814803228504315e-03 5.226029282683312260e+01 5.206099940719200703e+01 9.454721096105778849e-03 3.740863778779721649e+00
4.804870439655133628e-03 5.160268944093795795e+01 5.140056420181118568e+01 9.563787766233592877e-03 3.730337956133105592e+00
4.860564232142139222e-03 5.093711536874693024e+01 5.073216205972251203e+01 9.674106479839839762e-03 3.719672507879958623e+00
4.916903577628031589e-03 5.026365845314335701e+01 5.005588319794218677e+01 9.785691468014806604e-03 3.708863609756466229e+00
4.973895958790068052e-03 4.958241688970741023e+01 4.937182828896974485e+01 9.898557120311349961e-03 3.697907316331770389e+00
5.031548945038056761e-03 4.889349958875651225e+01 4.868010882413303619e+01 1.001271798643277311e-02 3.686799556221351359e+00
5.089870193519685330e-03 4.819702653715262386e+01 4.798084747652443838e+01 1.012818877793689870e-02 3.675536127055195834e+00
5.148867450137497269e-03 4.749312915885085573e+01 4.727417846248382460e+01 1.024498436995642872e-02 3.664112690184750498e+00
5.208548550577665401e-03 4.678195067307780874e+01 4.656024790049803386e+01 1.036311980293570280e-02 3.652524765111381022e+00
5.268921421350676766e-03 4.606364644894386373e+01 4.583921416630027323e+01 1.048261028438397281e-02 3.640767723617654994e+00
5.329994080844092930e-03 4.533838435520119248e+01 4.511124824286115143e+01 1.060347119064530656e-02 3.628836783581255165e+00
5.391774640387505396e-03 4.460634510376834783e+01 4.437653406386900912e+01 1.072571806868521417e-02 3.616727002449628525e+00
5.454271305329836186e-03 4.386772258554488957e+01 4.363526884920069904e+01 1.084936663789412385e-02 3.604433270351659946e+00
5.517492376129128420e-03 4.312272419694147629e+01 4.288766343078422238e+01 1.097443279190780767e-02 3.591950302820622998e+00
5.581446249454966556e-03 4.237157115544885500e+01 4.213394256715272235e+01 1.110093260044487176e-02 3.579272633100437417e+00
5.646141419303672866e-03 4.161449880246843946e+01 4.137434524488520537e+01 1.122888231116140473e-02 3.566394604004812230e+00
5.711586478126434545e-03 4.085175689151814282e+01 4.060912496502365343e+01 1.135829835152290385e-02 3.553310359296143250e+00
5.777790117970507157e-03 4.008360985982444191e+01 3.983855001244896954e+01 1.148919733069358497e-02 3.540013834548048521e+00
5.844761131633637551e-03 3.931033708120260428e+01 3.906290370609019647e+01 1.162159604144316280e-02 3.526498747452119442e+00
5.912508413831881436e-03 3.853223309801866492e+01 3.828248462773310479e+01 1.175551146207124906e-02 3.512758587525786513e+00
5.981040962380944001e-03 3.774960782992037167e+01 3.749760682708583914e+01 1.189096075834940314e-02 3.498786605174156961e+00
6.050367879391223974e-03 3.696278675691639393e+01 3.670860000065292894e+01 1.202796128548101404e-02 3.484575800054145578e+00
6.120498372476702517e-03 3.617211107427910832e+01 3.591580964186225344e+01 1.216653059007904818e-02 3.470118908684196146e+00
6.191441755977847815e-03 3.537793781664188231e+01 3.511959715978779428e+01 1.230668641216181754e-02 3.455408391237298815e+00
6.263207452198692356e-03 3.458063994856301093e+01 3.432033996371064433e+01 1.244844668716682361e-02 3.440436417448743622e+00
6.335804992658253774e-03 3.378060641873384640e+01 3.351843151066637461e+01 1.259182954798280206e-02 3.425194851563062581e+00
6.409244019356457114e-03 3.297824217491700693e+01 3.271428131303659370e+01 1.273685332700006181e-02 3.409675236236770157e+00
6.483534286054726779e-03 3.217396813661878952e+01 3.190831490316065100e+01 1.288353655817918442e-02 3.393868775304742069e+00
6.558685659571435525e-03 3.136822112242377614e+01 3.110097375186823498e+01 1.303189797913823639e-02 3.377766315308161627e+00
6.634708121092351002e-03 3.056145372885312028e+01 3.029271513776892633e+01 1.318195653325851709e-02 3.361358325670861014e+00
6.711611767496287149e-03 2.975413415755269497e+01 2.948401196408047298e+01 1.333373137180898435e-02 3.344634877398311890e+00
6.789406812696112230e-03 2.894674598757480055e+01 2.867535251973623645e+01 1.348724185608942555e-02 3.327585620159318580e+00
6.868103588995307790e-03 2.813978788948664089e+01 2.786724018148535365e+01 1.364250755959247469e-02 3.310199757594395553e+00
6.947712548460239883e-03 2.733377327802684320e+01 2.706019305368856109e+01 1.379954827018451367e-02 3.292466020676525940e+00
7.028244264308352446e-03 2.652922990003561310e+01 2.625474354251984366e+01 1.395838399230563825e-02 3.274372638929222923e+00
7.109709432312438099e-03 2.572669935440832134e+01 2.545143786131237817e+01 1.411903494918864861e-02 3.255907309283113005e+00
7.192118872221192789e-03 2.492673654086928181e+01 2.465083546383700153e+01 1.428152158509725204e-02 3.237057162325150728e+00
7.275483529196232965e-03 2.412990903443324342e+01 2.385350840237721215e+01 1.444586456758348812e-02 3.217808725663529046e+00
7.359814475265771296e-03 2.333679638251960498e+01 2.306004060756613327e+01 1.461208478976446304e-02 3.198147884095667415e+00
7.445122910795143496e-03 2.254798932181039106e+01 2.227102708708305912e+01 1.478020337261851287e-02 3.178059836225559653e+00
7.531420165974375344e-03 2.176408891210174801e+01 2.148707304047061228e+01 1.495024166730077667e-02 3.157529047129309152e+00
7.618717702322998914e-03 2.098570558458916935e+01 2.070879288753180347e+01 1.512222125747835107e-02 3.136539196612673219e+00
7.707027114212303652e-03 2.021345810225694350e+01 1.993680920800192169e+01 1.529616396168499877e-02 3.115073122540610306e+00
7.796360130405236531e-03 1.944797243030761180e+01 1.917175159046478683e+01 1.547209183569554086e-02 3.093112758644361637e+00
7.886728615614155974e-03 1.868988051487762192e+01 1.841425538880079316e+01 1.565002717491996431e-02 3.070639066124646988e+00
7.978144572076628638e-03 1.793981896863844128e+01 1.766496038481620090e+01 1.582999251681728795e-02 3.047631958267523089e+00
8.070620141149507584e-03 1.719842766228060071e+01 1.692450935611269358e+01 1.601201064332928928e-02 3.024070217169397612e+00
8.164167604921472240e-03 1.646634822132873310e+01 1.619354654871573373e+01 1.619610458333407832e-02 2.999931401525935293e+00
8.258799387844271284e-03 1.574422242823272455e+01 1.547271605449164156e+01 1.638229761511961549e-02 2.975191744271509009e+00
8.354528058382871408e-03 1.503269053023385204e+01 1.476266009394886325e+01 1.657061326887722744e-02 2.949826038655856131e+00
8.451366330684721012e-03 1.433238945411111054e+01 1.406401720564076463e+01 1.676107532921507909e-02 2.923807511105629420e+00
8.549327066268383804e-03 1.364395092957507138e+01 1.337742034406733715e+01 1.695370783769175813e-02 2.897107678931775343e+00
8.648423275731726215e-03 1.296799952379732446e+01 1.270349488871288024e+01 1.714853509536991977e-02 2.869696190598070462e+00
8.748668120479913615e-03 1.230515059033945136e+01 1.204285656765786960e+01 1.734558166539003007e-02 2.841540645847673296e+00
8.850074914473439122e-03 1.165600813658120671e+01 1.139610930006807266e+01 1.754487237556428755e-02 2.812606392475421213e+00
8.952657125996400095e-03 1.102116261463848446e+01 1.076384296279380948e+01 1.774643232099068837e-02 2.782856295911066091e+00
9.056428379445294677e-03 1.040118864170931445e+01 1.014663108731082097e+01 1.795028686668728723e-02 2.752250477013446606e+00
9.161402457138520528e-03 9.796642656787618364e+00 9.545028494305476841e+00 1.815646165024662265e-02 2.720746012530006031e+00
9.267593301146882789e-03 9.208060521736094017e+00 8.959568874359392865e+00 1.836498258451040727e-02 2.688296591501047494e+00
9.375015015145289968e-03 8.635955075809681247e+00 8.390762324434261288e+00 1.857587586026437573e-02 2.654852119419731871e+00
9.483681866285927423e-03 8.080813653862556123e+00 7.839092851220053504e+00 1.878916794895335585e-02 2.620358260113329951e+00
9.593608287093146128e-03 7.543095579649985005e+00 7.305015853928287228e+00 1.900488560541657018e-02 2.584755902978823627e+00
9.704808877380306092e-03 7.023229646844524332e+00 6.788955600856718675e+00 1.922305587064311247e-02 2.547980540242435143e+00
9.817298406188841586e-03 6.521611601614357490e+00 6.291302716146518925e+00 1.944370607454759536e-02 2.509961535129808574e+00
9.931091813749801447e-03 6.038601641851286672e+00 5.812411695821571911e+00 1.966686383876597999e-02 2.470621256988605463e+00
1.004620421346813161e-02 5.574521949375372820e+00 5.352598475849757342e+00 1.989255707947154561e-02 2.429874053193432637e+00
1.016265089392995140e-02 5.129654272669052162e+00 4.912138080361659220e+00 2.012081401021092661e-02 2.387625019724644915e+00
1.028044732093309765e-02 4.704237578891667937e+00 4.491262386763576586e+00 2.035166314476025140e-02 2.343768522282517086e+00
1.039960913954120388e-02 4.298465795079199125e+00 4.090158059167634974e+00 2.058513330000127928e-02 2.298186407474973603e+00
1.052015217616159015e-02 3.912485659525652082e+00 3.708964728185227600e+00 2.082125359881751778e-02 2.250745829445935264e+00
1.064209244064724669e-02 3.546394705352359011e+00 3.347773546004422229e+00 2.106005347301027550e-02 2.201296603705617194e+00
1.076544612842315896e-02 3.200239399177926103e+00 3.006626347597887605e+00 2.130156266623451158e-02 2.149667994825905648e+00
1.089022962263730583e-02 2.874013458581256675e+00 2.685515861956187411e+00 2.154581123695454778e-02 2.095664871203923418e+00
1.101645949633657008e-02 2.567656372679242960e+00 2.384387877774909903e+00 2.179282956141941410e-02 2.039063282897632501e+00
1.114415251466788215e-02 2.281052150591825978e+00 2.103147274117460164e+00 2.204264833665786974e-02 1.979605913404387518e+00
1.127332563710487130e-02 2.014028322814078287e+00 1.841671901066960881e+00 2.229529858349292917e-02 1.916998969100283334e+00
1.140399601970033122e-02 1.766355220528173176e+00 1.599841409815685678e+00 2.255081164957584150e-02 1.850914756109232284e+00
1.153618101736478448e-02 1.537745557639003557e+00 1.377585848524085943e+00 2.280921921243937028e-02 1.781008253673311614e+00
1.166989818617147553e-02 1.327854339775294212e+00 1.174925320171376297e+00 2.307055328257033230e-02 1.706952253163334543e+00
1.180516528568805595e-02 1.136279123634254429e+00 9.919189755689915566e-01 2.333484620650116970e-02 1.628471255548095797e+00
1.194200028133532432e-02 9.625606488318394494e-01 8.285368254698274315e-01 2.360213066992055547e-02 1.545360605560143652e+00
1.208042134677328981e-02 8.061838628248753080e-01 6.845811429807601156e-01 2.387243970080275487e-02 1.457528127144886776e+00
1.222044686631488727e-02 6.665793574680168865e-01 5.596461049253049769e-01 2.414580667255569052e-02 1.365071766407009335e+00
1.236209543736769070e-02 5.431252333338397742e-01 4.530630755193314485e-01 2.442226530718753785e-02 1.268372723957516879e+00
1.250538587290391315e-02 4.351494050363750032e-01 3.638459478072920694e-01 2.470184967849164276e-02 1.168188067980358014e+00
1.265033720395903824e-02 3.419323574398239196e-01 2.906704520153414184e-01 2.498459421524963642e-02 1.065728585701997799e+00
1.279696868215941634e-02 2.627103587923813044e-01 2.319093867595498626e-01 2.527053370445251149e-02 9.627039133304436946e-01
1.294529978227916024e-02 1.966791324933821750e-01 1.857253658117699879e-01 2.555970329453952777e-02 8.613154143424335274e-01
1.309535020482667685e-02 1.429979843808547590e-01 1.502024977742283940e-01 2.585213849865467678e-02 7.641806808562600084e-01
1.324713987866117486e-02 1.007943771243491049e-01 1.234863374589685314e-01 2.614787519792051082e-02 6.741825064276739665e-01
1.340068896363950761e-02 6.916893754259868798e-02 1.039021026828300942e-01 2.644694964472914245e-02 5.942487482066303173e-01
1.355601785329368925e-02 4.720087646535982284e-02 9.003244857045478167e-02 2.674939846605010538e-02 5.270850414506715875e-01
1.371314717753945554e-02 3.395379416362179215e-02 8.075095595720153951e-02 2.705525866675491387e-02 4.748959819185586406e-01
1.387209780541620932e-02 2.848183743497538500e-02 7.521884271434650659e-02 2.736456763295797359e-02 4.391380566936948782e-01
1.403289084785873213e-02 2.983616721773010155e-02 7.285695567966068986e-02 2.767736313537361506e-02 4.203463084776542513e-01
1.419554766050101606e-02 3.707168819958842759e-02 7.330368856947817868e-02 2.799368333268896503e-02 4.180657829497574363e-01
1.436008984651260603e-02 4.925398438097167847e-02 7.636509850973716151e-02 2.831356677495235064e-02 4.309003336758003844e-01
1.452653925946781159e-02 6.546639706211312970e-02 8.195926677964618379e-02 2.863705240697691709e-02 4.566697501905045420e-01
1.469491800624817164e-02 8.481717437574852470e-02 9.005504621132462417e-02 2.896417957175910843e-02 4.926468220664713682e-01
1.486524844997857107e-02 1.064466144287963406e-01 1.006066898219637462e-01 2.929498801391176507e-02 5.358335353545208291e-01
1.503755321299738400e-02 1.295341175077219797e-01 1.134899092353238437e-01 2.962951788311134899e-02 5.832326637691239712e-01
1.521185517986104775e-02 1.533050568190572616e-01 1.284494783727183620e-01 2.996780973755906741e-02 6.320773422061316538e-01
1.538817750038346324e-02 1.770373720678161400e-01 1.450703657629259513e-01 3.030990454745541296e-02 6.799941373468912920e-01
1.556654359271062056e-02 2.000677860226640070e-01 1.627810816252438508e-01 3.065584369848775928e-02 7.250906567792789748e-01
1.574697714643086624e-02 2.217975412864774398e-01 1.808897592176216262e-01 3.100566899533060972e-02 7.659728743129874395e-01
1.592950212572123020e-02 2.416975529983013959e-01 1.986439214384356222e-01 3.135942266515808624e-02 8.017072214421142595e-01
1.611414277253019750e-02 2.593128733523581420e-01 2.152984862659110266e-01 3.171714736116815203e-02 8.317468563938631432e-01
1.630092360979741237e-02 2.742663658422097028e-01 2.301759745902960674e-01 3.207888616611818261e-02 8.558407102523230003e-01
1.648986944471064753e-02 2.862614912237099185e-01 2.427078114399365827e-01 3.244468259587132697e-02 8.739402242840932367e-01
1.668100537200059227e-02 2.950841135226079937e-01 2.524560826640458444e-01 3.281458060295332907e-02 8.861189810352978480e-01
1.687435677727375585e-02 3.006032431506450719e-01 2.591289991322265340e-01 3.318862458011901523e-02 8.925267630825035603e-01
1.706994934038407949e-02 3.027706454645107681e-01 2.625937000232055896e-01 3.356685936392825309e-02 8.933735935731295097e-01
1.726780903884355886e-02 3.016192569901187115e-01 2.628667405307985039e-01 3.394933023833055646e-02 8.889044292312093809e-01
1.746796215127245644e-02 2.972603680750441901e-01 2.600882493558887010e-01 3.433608293825796826e-02 8.793699821346923073e-01
1.767043526088946798e-02 2.898795498986520003e-01 2.544993630101282100e-01 3.472716365322547905e-02 8.650173859862956283e-01
1.787525525904235316e-02 2.797313254669247518e-01 2.464256025792810889e-01 3.512261903093850945e-02 8.460989341938471853e-01
1.808244934877951612e-02 2.671326082722640938e-01 2.362617468619868932e-01 3.552249618090676936e-02 8.228899344705555841e-01
1.829204504846293836e-02 2.524549584449953255e-01 2.244550823450894572e-01 3.592684267806384169e-02 7.957103913714425047e-01
1.850407019542302245e-02 2.361157341048722436e-01 2.114859851540249192e-01 3.633570656639181773e-02 7.649479829578752499e-01
1.871855294965579092e-02 2.185682447782748838e-01 1.978461505923157504e-01 3.674913636255036642e-02 7.310804675699682509e-01
1.893552179756295348e-02 2.002910436156616070e-01 1.840156774699867603e-01 3.716718105950951589e-02 6.946952015737146713e-01
1.915500555573527997e-02 1.817765250537203003e-01 1.704408950384610766e-01 3.758989013018525921e-02 6.565027498149142993e-01
1.937703337477988952e-02 1.635190237431748128e-01 1.575152454220256071e-01 3.801731353107749151e-02 6.173411697288724298e-01
1.960163474319185847e-02 1.460026381344856905e-01 1.455654883816672740e-01 3.844950170590932109e-02 5.781677059570646815e-01
1.982883949127071249e-02 1.296890271208814838e-01 1.348448552204150608e-01 3.888650558926695644e-02 5.400354629021976161e-01
2.005867779508234069e-02 1.150054495517236069e-01 1.255336546459446256e-01 3.932837661023953074e-02 5.040541525219771612e-01
2.029118018046677935e-02 1.023333331702017818e-01 1.177465364742389803e-01 3.977516669605767746e-02 4.713361327422013192e-01
2.052637752709252084e-02 9.199767049715205924e-02 1.115445216975709114e-01 4.022692827573040586e-02 4.429313744215240822e-01
2.076430107255774690e-02 8.425754328883892919e-02 1.069492840422619218e-01 4.068371428367897891e-02 4.197572859322146188e-01
2.100498241653915230e-02 7.929807340421127226e-02 1.039570982580822200e-01 4.114557816336717605e-02 4.025309793305412720e-01
2.124845352498882720e-02 7.722408528763755053e-02 1.025502472415598387e-01 4.161257387092678200e-02 3.917121326316796437e-01
2.149474673437980557e-02 7.805574301643311563e-02 1.027043034284779166e-01 4.208475587877744811e-02 3.874638291116215272e-01
2.174389475600079988e-02 8.172639239272402878e-02 1.043903890507278803e-01 4.256217917923985072e-02 3.896366604635990161e-01
2.199593068030074663e-02 8.808279555260196958e-02 1.075721854021800122e-01 4.304489928814118210e-02 3.977782956636184974e-01
2.225088798128369363e-02 9.688789201947649310e-02 1.121981078664331249e-01 4.353297224841182200e-02 4.111672129723052405e-01
2.250880052095461867e-02 1.078261564188395943e-01 1.181897351355717524e-01 4.402645463367212825e-02 4.288660454293682367e-01
2.276970255381680075e-02 1.205115500055702477e-01 1.254282833666398589e-01 4.452540355180831244e-02 4.497876141404146821e-01
2.303362873142131284e-02 1.344979820160991935e-01 1.337415577975061831e-01 4.502987664853613792e-02 4.727656201861571983e-01
2.330061410696924670e-02 1.492921094398107218e-01 1.428942057158829326e-01 4.553993211095124644e-02 4.966222398861805942e-01
2.357069413996727703e-02 1.643682124279412793e-01 1.525840167857050733e-01 4.605562867106502423e-02 5.202263286339632309e-01
2.384390470093720321e-02 1.791847900697715046e-01 1.624463396026800677e-01 4.657702560932462654e-02 5.425381786418058683e-01
2.412028207618006903e-02 1.932024310085929952e-01 1.720674692657359339e-01 4.710418275811595334e-02 5.626392979043067788e-01
2.439986297259550199e-02 2.059024291292078646e-01 1.810063815698640943e-01 4.763716050524825080e-02 5.797480199327665895e-01
2.468268452255692469e-02 2.168055404640367445e-01 1.888228268031067469e-01 4.817601979741896467e-02 5.932235783849397759e-01
2.496878428884326609e-02 2.254902179067954093e-01 1.951088654344118045e-01 4.872082214365747177e-02 6.025623952628447189e-01
2.525820026962784584e-02 2.316096197336753038e-01 1.995205251551084857e-01 4.927162961874633623e-02 6.073906527899252117e-01
2.555097090352506997e-02 2.349066706312275266e-01 2.018062460848455697e-01 4.982850486661850875e-02 6.074567478067257609e-01
2.584713507469563881e-02 2.352264638846761624e-01 2.018289782171776570e-01 5.039151110372907388e-02 6.026261396897049094e-01
2.614673211801091940e-02 2.325253339473271341e-01 1.995792416741698772e-01 5.096071212240003284e-02 5.928798799590995205e-01
2.644980182427720053e-02 2.268760022597543502e-01 1.951773593085287806e-01 5.153617229413644946e-02 5.783172784324930316e-01
2.675638444552045150e-02 2.184683072083404842e-01 1.888643639792535744e-01 5.211795657291243972e-02 5.591626407857271941e-01
2.706652070033241375e-02 2.076051713374022778e-01 1.809823901314229488e-01 5.270613049842540199e-02 5.357751864066158110e-01
2.738025177927857698e-02 1.946936334656562406e-01 1.719464887986026647e-01 5.330076019931661441e-02 5.086599086454495211e-01
2.769761935036891068e-02 1.802309763722802216e-01 1.622108640492180842e-01 5.390191239635672149e-02 4.784757637816377529e-01
2.801866556459195468e-02 1.647862062811490391e-01 1.522334776358828246e-01 5.450965440559416009e-02 4.460367399725774229e-01
2.834343306151309444e-02 1.489773803963534149e-01 1.424434491748698961e-01 5.512405414146479693e-02 4.123013306862489125e-01
2.867196497493769772e-02 1.334455230339550158e-01 1.332153026080460656e-01 5.574518011986089039e-02 3.783467925895209749e-01
2.900430493863991738e-02 1.188261073439931675e-01 1.248527820590368542e-01 5.637310146115752374e-02 3.453262951354937882e-01
2.934049709215787172e-02 1.057192945449709764e-01 1.175829868248452204e-01 5.700788789319451849e-02 3.144095369128059314e-01
2.968058608665602449e-02 9.466030127372693226e-02 1.115595283846726321e-01 5.764960975421188488e-02 2.867102978440572159e-01
3.002461709085549324e-02 8.609139300731462330e-02 1.068718664946650132e-01 5.829833799573673481e-02 2.632072205125833286e-01
3.037263579703311511e-02 8.033706297347363579e-02 1.035572747601616189e-01 5.895414418541967266e-02 2.446662736449275455e-01
3.072468842709003348e-02 7.758393849303615863e-02 1.016120345086581889e-01 5.961710050981838122e-02 2.315742968273263036e-01
3.108082173869063797e-02 7.786684990573021492e-02 1.009992395323348058e-01 6.028727977712642488e-02 2.240924152985728224e-01
3.144108303147264555e-02 8.106229457291776186e-02 1.016517293089489182e-01 6.096475541984482799e-02 2.220359354704302679e-01
3.180552015332920035e-02 8.689022838543841720e-02 1.034699447442758158e-01 6.164960149739442258e-02 2.248839434979791052e-01
3.217418150676371741e-02 9.492472425738153474e-02 1.063158141536258289e-01 6.234189269866633604e-02 2.318178859969488859e-01
3.254711605531847990e-02 1.046135626979329408e-01 1.100050544419862025e-01 6.304170434450855065e-02 2.417846944277427246e-01
3.292437333007768724e-02 1.153062825989322193e-01 1.143013470462422437e-01 6.374911239014589837e-02 2.535772063493184070e-01
3.330600343624588733e-02 1.262896472384960056e-01 1.189163841787587300e-01 6.446419342753106907e-02 2.659231422290989078e-01
3.369205705980267418e-02 1.368289045853753605e-01 1.235193423088782466e-01 6.518702468762416213e-02 2.775738114372683918e-01
3.408258547423451829e-02 1.462126815820704584e-01 1.277576487133686156e-01 6.591768404259809588e-02 2.873849699112174250e-01
3.447764054734463873e-02 1.537988925066570978e-01 1.312881416349132857e-01 6.665625000796736310e-02 2.943846238120989556e-01
3.487727474814177747e-02 1.590587065381418586e-01 1.338145601156014719e-01 6.740280174463729457e-02 2.978254214758029317e-01
3.528154115380883332e-02 1.616154522515336478e-01 1.351246677377776761e-01 6.815741906087112445e-02 2.972215025627720775e-01
3.569049345675229939e-02 1.612753743086126068e-01 1.351191788140082561e-01 6.892018241417220692e-02 2.923705789044747649e-01
3.610418597173337130e-02 1.580474276791640764e-01 1.338257321411212009e-01 6.969117291307816431e-02 2.833618542000991836e-01
3.652267364308175307e-02 1.521498109298046464e-01 1.313944275068442968e-01 7.047047231886448271e-02 2.705697646945625645e-01
3.694601205199302130e-02 1.440016981795412820e-01 1.280759133987658116e-01 7.125816304715411331e-02 2.546328392656546646e-01
3.737425742391064371e-02 1.341996039635927063e-01 1.241871258393949518e-01 7.205432816943040109e-02 2.364165027847262290e-01
3.780746663599349189e-02 1.234789583099357713e-01 1.200721568184093951e-01 7.285905141445001010e-02 2.169587991362667279e-01
3.824569722466999305e-02 1.126627096378368525e-01 1.160657921070585574e-01 7.367241716955279240e-02 1.973993204923710498e-01
3.868900739327975347e-02 1.026000184713493218e-01 1.124652786125557857e-01 7.449451048186522817e-02 1.788941928104270662e-01
3.913745601980384015e-02 9.409924680473927272e-02 1.095127312043640277e-01 7.532541705939434229e-02 1.625230652900040706e-01
3.959110266468458816e-02 8.786036834894271619e-02 1.073874132068215609e-01 7.616522327200846154e-02 1.491966615154501907e-01
4.005000757873611317e-02 8.441250630769221719e-02 1.062049273699940538e-01 7.701401615230167585e-02 1.395748945607828417e-01
4.051423171114647281e-02 8.406244243489262302e-02 1.060196044639490076e-01 7.787188339633821510e-02 1.340055010384946510e-01
4.098383671757261509e-02 8.685955385759432101e-02 1.068269613192814327e-01 7.873891336427349397e-02 1.324914580945136255e-01
4.145888496832911274e-02 9.258168105682565430e-02 1.085645808213376029e-01 7.961519508084778651e-02 1.346921962576515808e-01
4.193943955667186335e-02 1.007449206690863436e-01 1.111116411068701765e-01 8.050081823574922746e-02 1.399592674272129578e-01
4.242556430717776828e-02 1.106383393103265167e-01 1.142891252689435949e-01 8.139587318384218506e-02 1.474025223072398805e-01
4.291732378422157684e-02 1.213822523668656311e-01 1.178640179330446291e-01 8.230045094525702265e-02 1.559790270917201516e-01
4.341478330055092288e-02 1.320061994620924384e-01 1.215610337856720957e-01 8.321464320533761283e-02 1.645946293515207770e-01
4.391800892596085804e-02 1.415403228592357621e-01 1.250841542725391053e-01 8.413854231444245491e-02 1.722073128509360451e-01
4.442706749606882555e-02 1.491117966969616460e-01 1.281473951508146913e-01 8.507224128759527382e-02 1.779219079689508543e-01
4.494202662119142072e-02 1.540365508505929792e-01 1.305105167761898277e-01 8.601583380398118706e-02 1.810671057504622261e-01
4.546295469532399269e-02 1.558960439243343987e-01 1.320123139194528672e-01 8.696941420628384600e-02 1.812478986242513357e-01
4.598992090522438514e-02 1.545894617345640043e-01 1.325932782762365980e-01 8.793307749985981858e-02 1.783692354196017571e-01
4.652299523960189143e-02 1.503535450307556809e-01 1.323015849098170549e-01 8.890691935174520333e-02 1.726294847715236780e-01
4.706224849841281199e-02 1.437452429220916761e-01 1.312808682294576423e-01 8.989103608949061686e-02 1.644850541117230391e-01
4.760775230226368254e-02 1.355863499731305155e-01 1.297432818459438031e-01 9.088552469981961424e-02 1.545901603513519795e-01
4.815957910192350533e-02 1.268738571881327382e-01 1.279348136036844719e-01 9.189048282710610138e-02 1.437182072366315344e-01
4.871780218794630885e-02 1.186644271715232013e-01 1.261005601009560773e-01 9.290600877166618754e-02 1.326732123327304114e-01
4.928249570040513228e-02 1.119455848306595142e-01 1.244558656012855480e-01 9.393220148785944024e-02 1.222008687027946600e-01
4.985373463873893352e-02 1.075092520404890006e-01 1.231662184993290859e-01 9.496916058199487976e-02 1.129090083804331623e-01
5.043159487171358646e-02 1.058445506595114827e-01 1.223361210770666646e-01 9.601698631003680040e-02 1.052066355395854386e-01
5.101615314749833457e-02 1.070659025552909149e-01 1.220057180149597686e-01 9.707577957510531153e-02 9.926929826503219645e-02
5.160748710385907462e-02 1.108891617357732617e-01 1.221538082976889178e-01 9.814564192476650517e-02 9.503599131340899342e-02
5.220567527846975420e-02 1.166629421785645299e-01 1.227063938661184794e-01 9.922667554810724044e-02 9.223875194749325823e-02
5.281079711934331261e-02 1.234549486961356302e-01 1.235503978636770667e-01 1.003189832725890074e-01 9.046102632082748951e-02
5.342293299538352497e-02 1.301848400300771036e-01 1.245520793462733394e-01 1.014226685606757911e-01 8.921594909486359193e-02
5.404216420705915125e-02 1.357871190507903281e-01 1.255788062037734854e-01 1.025378355062302876e-01 8.803220460291413807e-02
5.466857299720180585e-02 1.393810888392647829e-01 1.265214802733928279e-01 1.036645888306730878e-01 8.653383495584519858e-02
5.530224256192900478e-02 1.404213441009060370e-01 1.273137195017902956e-01 1.048030338788991100e-01 8.450135139218395430e-02
5.594325706169377826e-02 1.388026331102339972e-01 1.279437170980686767e-01 1.059532766149456628e-01 8.190457209838399033e-02
5.659170163246242391e-02 1.348977736691183982e-01 1.284559652807338859e-01 1.071154236174062940e-01 7.890226731106549096e-02
5.724766239702178822e-02 1.295164816167966304e-01 1.289424354571590547e-01 1.082895820745845700e-01 7.580919125085767984e-02
5.791122647641758214e-02 1.237854982542002102e-01 1.295253742919922624e-01 1.094758597793817345e-01 7.303649129839505372e-02
5.858248200152536139e-02 1.189645088596708172e-01 1.303355643573973488e-01 1.106743651239123633e-01 7.101589743561829982e-02
5.926151812475552449e-02 1.162256329208611605e-01 1.314902373358575183e-01 1.118852070938415044e-01 7.012083919718291314e-02
5.994842503189409116e-02 1.164340690628450220e-01 1.330740975000793691e-01 1.131084952624375750e-01 7.059830470448429096e-02
6.064329395408061402e-02 1.199713354677467009e-01 1.351257696641077477e-01 1.143443397843340731e-01 7.252350942122945399e-02
6.134621717992506246e-02 1.266387625654632476e-01 1.376309611089291951e-01 1.155928513889941667e-01 7.578516583302365162e-02
6.205728806776500406e-02 1.356670471447456727e-01 1.405229286214782769e-01 1.168541413738712342e-01 8.010308366149052062e-02
6.277660105806499857e-02 1.458389727501831767e-01 1.436903609199411402e-01 1.181283215972590700e-01 8.507360221750745466e-02
6.350425168595962011e-02 1.557097460874166117e-01 1.469921571860184073e-01 1.194155044708246627e-01 9.023344578828210172e-02
6.424033659394190465e-02 1.638870957590246036e-01 1.502774570149458255e-01 1.207158029518170111e-01 9.512970987606726714e-02
6.498495354469888130e-02 1.693163296554998365e-01 1.534077596277665656e-01 1.220293305349450103e-01 9.938309883344517703e-02
6.573820143409585259e-02 1.715086257829515903e-01 1.562767263238042104e-01 1.233562012439170796e-01 1.027333182636456926e-01
6.650018030431117944e-02 1.706571030041582893e-01 1.588231167363670093e-01 1.246965296226358738e-01 1.050593473631073332e-01
6.727099135712336087e-02 1.676052546272818466e-01 1.610336990678584157e-01 1.260504307260405799e-01 1.063724350839268806e-01
6.805073696735206012e-02 1.636634303034508742e-01 1.629356421456235327e-01 1.274180201105893917e-01 1.067852440509150791e-01
6.883952069645496441e-02 1.603052631810170381e-01 1.645809415192017178e-01 1.287994138243750142e-01 1.064656559442904993e-01
6.963744730628222690e-02 1.588089188740728075e-01 1.660276291270347815e-01 1.301947283968654390e-01 1.055869662838735956e-01
7.044462277299036457e-02 1.599287858412296870e-01 1.673230128300478847e-01 1.316040808282625540e-01 1.042863196647925150e-01
7.126115430111745752e-02 1.636843660059939809e-01 1.684930769643827320e-01 1.330275885784707457e-01 1.026403427049460970e-01
7.208715033782135684e-02 1.693313051931970570e-01 1.695401534916811115e-01 1.344653695556674577e-01 1.006621222208963912e-01
7.292272058728312134e-02 1.755371582659661644e-01 1.704486810857384071e-01 1.359175421044683807e-01 9.831813278236514742e-02
7.376797602527730702e-02 1.807303267366750510e-01 1.711967583416814376e-01 1.373842249936786108e-01 9.555866877548334359e-02
7.462302891391107973e-02 1.835383587470635347e-01 1.717697285697909471e-01 1.388655374036218970e-01 9.235215018475616267e-02
7.548799281653431614e-02 1.831970974027737897e-01 1.721715983138502049e-01 1.403615989130398145e-01 8.871320436699757506e-02
7.636298261282241373e-02 1.798081407683871091e-01 1.724308563622835022e-01 1.418725294855524288e-01 8.471667312589958865e-02
7.724811451403400253e-02 1.743547356689638117e-01 1.725990988566220852e-01 1.433984494556719003e-01 8.049406852394187795e-02
7.814350607844541829e-02 1.684510343856462922e-01 1.727431569238546960e-01 1.449394795143606751e-01 7.621415476346482532e-02
7.904927622696419909e-02 1.638808425301337135e-01 1.729332387543980887e-01 1.464957406941255758e-01 7.205347723947012895e-02
7.996554525892346499e-02 1.620555554644775020e-01 1.732304055869142712e-01 1.480673543536387138e-01 6.816480566256795381e-02
8.089243486805938743e-02 1.635611355098516018e-01 1.736765340056058982e-01 1.496544421618768717e-01 6.465153104751360236e-02
8.183006815867389927e-02 1.679518167277548879e-01 1.742890099420129624e-01 1.512571260817699159e-01 6.155415842676022903e-02
8.277856966198472721e-02 1.738798749353677731e-01 1.750609949574737922e-01 1.528755283533495268e-01 5.885142143421377009e-02
8.373806535266489770e-02 1.795419636563849730e-01 1.759664837836065199e-01 1.545097714763887242e-01 5.647400572152719289e-02
8.470868266557401993e-02 1.833066472731364749e-01 1.769680224966368176e-01 1.561599781925231689e-01 5.432505828143093657e-02
8.569055051268346934e-02 1.843070254196165214e-01 1.780245578700700992e-01 1.578262714668445810e-01 5.230061911787117074e-02
8.668379930019773361e-02 1.827730314171297499e-01 1.790975882038312594e-01 1.595087744689571152e-01 5.030515922017391589e-02
8.768856094587426653e-02 1.799549014507890454e-01 1.801548667327264597e-01 1.612076105534867299e-01 4.826045787866678483e-02
8.870496889654402861e-02 1.776352932410845131e-01 1.811718300661706027e-01 1.629229032400340282e-01 4.610853078970163915e-02
8.973315814583519845e-02 1.773939368807006534e-01 1.821316659519332526e-01 1.646547761925606645e-01 4.381112714067733616e-02
9.077326525210223374e-02 1.799094191600167925e-01 1.830252794977925423e-01 1.664033531981994329e-01 4.134900521478798024e-02
9.182542835656282154e-02 1.845990901625883529e-01 1.838520441123952520e-01 1.681687581454779368e-01 3.872314571067535238e-02
9.288978720164497993e-02 1.897863744572598765e-01 1.846213023792040164e-01 1.699511150019457628e-01 3.595779208398828392e-02
9.396648314954690606e-02 1.933740580607442860e-01 1.853537993806921857e-01 1.717505477911948630e-01 3.310336172372844304e-02
9.505565920101191613e-02 1.937719827458459221e-01 1.860820600395782787e-01 1.735671805692627079e-01 3.023689648110218162e-02
9.615746001432096124e-02 1.906812383250091891e-01 1.868489219560538761e-01 1.754011374004078028e-01 2.745819123572834988e-02
9.727203192450536995e-02 1.853567494296352314e-01 1.877037189535913364e-01 1.772525423322471039e-01 2.488040435327961569e-02
9.839952296278225985e-02 1.801729868256743694e-01 1.886961210237892983e-01 1.791215193702444253e-01 2.261520815844194829e-02
9.954008287621518569e-02 1.776328470580592622e-01 1.898683702894149172e-01 1.810081924515391238e-01 2.075439116767177974e-02
1.006938631476027024e-01 1.792474789194210549e-01 1.912471751489850658e-01 1.829126854181041817e-01 1.935120319935373229e-02
1.018610170155975214e-01 1.848239768067146405e-01 1.928366499119847921e-01 1.848351219892227504e-01 1.840507955196682074e-02
1.030416994950587445e-01 1.925443716512262871e-01 1.946138788053659863e-01 1.867756257332718051e-01 1.785360851026783491e-02
1.042360673976401170e-01 1.998453546442551798e-01 1.965287896606878193e-01 1.887343200388019726e-01 1.757529870770146996e-02
1.054442793526168404e-01 2.046841831263033484e-01 1.985091706494113706e-01 1.907113280849017378e-01 1.740408440818027105e-02
1.066664958279538722e-01 2.065305734403358184e-01 2.004702229875363617e-01 1.927067728108353972e-01 1.715289495286976065e-02
1.079028791516183639e-01 2.065228201450586276e-01 2.023269060838026046e-01 1.947207768849420484e-01 1.664134687987707875e-02
1.091535935331391094e-01 2.066614943875230148e-01 2.040064462776182141e-01 1.967534626727850400e-01 1.572150638824828389e-02
1.104188050854160164e-01 2.084750605891718678e-01 2.054580226134394005e-01 1.988049522045395312e-01 1.429590561138672014e-02
1.116986818467822634e-01 2.119538416117408841e-01 2.066578827063369206e-01 2.008753671416063924e-01 1.232529201741362941e-02
1.129933938033221702e-01 2.154555413875774150e-01 2.076103169429505679e-01 2.029648287424402342e-01 9.828144800457334559e-03
1.143031129114478600e-01 2.167284208004088553e-01 2.083458451401857259e-01 2.050734578275801023e-01 6.875389824481127447e-03
1.156280131207375328e-01 2.144723796329338905e-01 2.089175061076854467e-01 2.072013747438698761e-01 3.582200382547233702e-03
1.169682703970384707e-01 2.094251200477945940e-01 2.093954102090221925e-01 2.093486993278565189e-01 9.689104900682655552e-05
1.183240627458378019e-01 2.041637995837813913e-01 2.098593521701517528e-01 2.115155508683534968e-01 3.413974844464300745e-03
1.196955702359042834e-01 2.016114570710277887e-01 2.103902099998762598e-01 2.137020480681571521e-01 6.783157248696984609e-03
1.210829750232039481e-01 2.031571397021450509e-01 2.110624755590113089e-01 2.159083090049029041e-01 9.858328335353851862e-03
1.224864613750930725e-01 2.076888313143850640e-01 2.119398818685619690e-01 2.181344510910488976e-01 1.251157341582726130e-02
1.239062156947915577e-01 2.123241687691899693e-01 2.130740701156204342e-01 2.203805910329742490e-01 1.464274165530937005e-02
1.253424265461399456e-01 2.144496195298871144e-01 2.145051138740153296e-01 2.226468447891783720e-01 1.617889459246011838e-02
1.267952846786433996e-01 2.136448718838785954e-01 2.162623151495060569e-01 2.249333275275690325e-01 1.707296006282678358e-02
1.282649830528059809e-01 2.120106864570596161e-01 2.183635950978540796e-01 2.272401535818253659e-01 1.730483828940939522e-02
1.297517168657586761e-01 2.125341131741446121e-01 2.208133528353449782e-01 2.295674364068229223e-01 1.688495232451944772e-02
1.312556835771842845e-01 2.166818509887650512e-01 2.236005934847434262e-01 2.319152885331067782e-01 1.585642761408513277e-02
1.327770829355429116e-01 2.231743530532425690e-01 2.266986704786025653e-01 2.342838215203997543e-01 1.429332628398026842e-02
1.343161170046015263e-01 2.290837860807808102e-01 2.300661292495878307e-01 2.366731459101318602e-01 1.229629779571198532e-02
1.358729901902709092e-01 2.324798020077998573e-01 2.336473243939354849e-01 2.390833711769770054e-01 9.988558864080492733e-03
1.374479092677536596e-01 2.343578436300947365e-01 2.373728875475681621e-01 2.415146056793832097e-01 7.512287145277607089e-03
1.390410834090069769e-01 2.379548539341347080e-01 2.411623067341989446e-01 2.439669566090824637e-01 5.021579305863164630e-03
1.406527242105236331e-01 2.457495461583730778e-01 2.449306808421792547e-01 2.464405299395656668e-01 2.668944296346146324e-03
1.422830457214351862e-01 2.566892976619774003e-01 2.485989705735318633e-01 2.489354303735093477e-01 5.873871495490207151e-04
1.439322644719406574e-01 2.663390068624366669e-01 2.521044735787648650e-01 2.514517612891382647e-01 1.125870299219503077e-03
1.456005995020648591e-01 2.702211931703273895e-01 2.554083908392911773e-01 2.539896246855110062e-01 2.419184551827435314e-03
1.472882723907501801e-01 2.675924575939708783e-01 2.584995791113767205e-01 2.565491211267127980e-01 3.289309103517959638e-03
1.489955072852853779e-01 2.621927213782487276e-01 2.613943840179693279e-01 2.591303496849418075e-01 3.777971553000101634e-03
1.507225309310755434e-01 2.591287406170217356e-01 2.641319321608806558e-01 2.617334078824727350e-01 3.961748390967311656e-03
1.524695727017572888e-01 2.607380526996694869e-01 2.667644652202945110e-01 2.643583916324843130e-01 3.934877277811259060e-03
1.542368646296627399e-01 2.653303051512874156e-01 2.693444805422254840e-01 2.670053951787343949e-01 3.788043411234484018e-03
1.560246414366368017e-01 2.697898153526800402e-01 2.719138445039451790e-01 2.696745110340678098e-01 3.591420315457484469e-03
1.578331405652116382e-01 2.730014308086243791e-01 2.744992205133817698e-01 2.723658299177417752e-01 3.388493972749863966e-03
1.596626022101425013e-01 2.763229240036022549e-01 2.771121585171664736e-01 2.750794406915534340e-01 3.197448580734116048e-03
1.615132693503091299e-01 2.808999817056316295e-01 2.797488004201232337e-01 2.778154302947531962e-01 3.011869470642696174e-03
1.633853877809862132e-01 2.854927977119306459e-01 2.823887243524935142e-01 2.805738836777283418e-01 2.800107892480213460e-03
1.652792061464895546e-01 2.878675747288372833e-01 2.849973643353720942e-01 2.833548837344429527e-01 2.510141377350885803e-03
1.671949759731990170e-01 2.881071180960876332e-01 2.875333182603380111e-01 2.861585112336144654e-01 2.081508634621053334e-03
1.691329517029648843e-01 2.892525093125554170e-01 2.899564766242198055e-01 2.889848447486136340e-01 1.457746208901482699e-03
1.710933907269015231e-01 2.937870162630194515e-01 2.922336326216352642e-01 2.918339605860701957e-01 5.943674626976973730e-04
1.730765534195725930e-01 3.001711232433373344e-01 2.943433244716253117e-01 2.947059327131687501e-01 5.346879785209652635e-04
1.750827031735725237e-01 3.042407803357151108e-01 2.962814601201574360e-01 2.976008326836167561e-01 1.929665772196429308e-03
1.771121064345088647e-01 3.041145838012039859e-01 2.980626696334431891e-01 3.005187295622696042e-01 3.563957255479130448e-03
1.791650327363901452e-01 3.022220811757928005e-01 2.997129877042070678e-01 3.034596898483946648e-01 5.395446629377515305e-03
1.812417547374237659e-01 3.016763019789898137e-01 3.012622655380131631e-01 3.064237773975569956e-01 7.377724247741627127e-03
1.833425482562290598e-01 3.021928080738525701e-01 3.027449315002634367e-01 3.094110533421111642e-01 9.458943296698975323e-03
1.854676923084699336e-01 3.015480469668973540e-01 3.042027044671070657e-01 3.124215760102798112e-01 1.157794810079303648e-02
1.876174691439121411e-01 3.001825777648304827e-01 3.056772560911070746e-01 3.154554008438022472e-01 1.367484101001211101e-02
1.897921642839101308e-01 3.013554819326539902e-01 3.071970798104234901e-01 3.185125803141355960e-01 1.570950735798846976e-02
1.919920665593284892e-01 3.061275527564527033e-01 3.087741816965916541e-01 3.215931638371902213e-01 1.766582886241750347e-02
1.942174681489026444e-01 3.112839419507750782e-01 3.104091887351418388e-01 3.246971976865810072e-01 1.954397167962509257e-02
1.964686646180446583e-01 3.140536799605338492e-01 3.120913311258629586e-01 3.278247249053771739e-01 2.135999988683464149e-02
1.987459549580983809e-01 3.158430111004182916e-01 3.137961385702520145e-01 3.309757852163310310e-01 2.314862611532596606e-02
2.010496416260499075e-01 3.183250199924699819e-01 3.154931771322030398e-01 3.341504149305677962e-01 2.495203313205263812e-02
2.033800305846981960e-01 3.191646957535889118e-01 3.171576498264830901e-01 3.373486468547172712e-01 2.680378146755831026e-02
2.057374313432913659e-01 3.166975720972100561e-01 3.187729560630510606e-01 3.405705101964686676e-01 2.872557016721878631e-02
2.081221569986339281e-01 3.160290256946418630e-01 3.203324341825731780e-01 3.438160304685285995e-01 3.072520794523728518e-02
2.105345242766706038e-01 3.229222707581270169e-01 3.218478391364487656e-01 3.470852293909636455e-01 3.278553451366145177e-02
2.129748535745520921e-01 3.327694663425502797e-01 3.233559150193065501e-01 3.503781247919072750e-01 3.485617424272964560e-02
2.154434690031884481e-01 3.349579473483591530e-01 3.249220510271609852e-01 3.536947305066113767e-01 3.684940356342411572e-02
2.179406984302955930e-01 3.287070470469018457e-01 3.266453320811742445e-01 3.570350562748220158e-01 3.863440407454436093e-02
2.204668735239409816e-01 3.238103948364575713e-01 3.286566601963506473e-01 3.603991076364594370e-01 4.004126933427342577e-02
2.230223297965938656e-01 3.242085942209076421e-01 3.311056780133733168e-01 3.637868858255818849e-01 4.088041072547965449e-02
2.256074066496861485e-01 3.238543389493526714e-01 3.341495176941075007e-01 3.671983876626112586e-01 4.095992697598287852e-02
2.282224474186898555e-01 3.213662028078224098e-01 3.379411875455927694e-01 3.706336054448011175e-01 4.010366848237476717e-02
2.308677994187169624e-01 3.232221229669713369e-01 3.426009661456186350e-01 3.740925268349243327e-01 3.819044912295056771e-02
2.335438139906479416e-01 3.290952081810810115e-01 3.481874574535158140e-01 3.775751347481596243e-01 3.519026332181821731e-02
2.362508465477947683e-01 3.318216031679002143e-01 3.546893322964798090e-01 3.810814072371546679e-01 3.116963354279005116e-02
2.389892566231050230e-01 3.349663357406370001e-01 3.620216061424500475e-01 3.846113173752436776e-01 2.628756858434663779e-02
2.417594079169130827e-01 3.508555669569060620e-01 3.700116798923981931e-01 3.881648331377974825e-01 2.080075338506489485e-02
2.445616683452446483e-01 3.794982167670565842e-01 3.783954351818081263e-01 3.917419172816823392e-01 1.505415593936260989e-02
2.473964100886814066e-01 4.080297413098187831e-01 3.868376635161003829e-01 3.953425272228054954e-01 9.444782658504249917e-03
2.502640096417919069e-01 4.280088251594927895e-01 3.949843250771737369e-01 3.989666149117240268e-01 4.356694896734466561e-03
2.531648478631355337e-01 4.383659719973805324e-01 4.025229027495182410e-01 4.026141267072923524e-01 9.841321464231623075e-05
2.560993100258459609e-01 4.414355241921201212e-01 4.092029842270302753e-01 4.062850032483258378e-01 3.108000277957728534e-03
2.590677858688008595e-01 4.438470691292327186e-01 4.148614440824998639e-01 4.099791793232547832e-01 5.141272984268925594e-03
2.620706696483852682e-01 4.462926663592037269e-01 4.194651160507661403e-01 4.136965837377460375e-01 6.013914910832786342e-03
2.651083601908538756e-01 4.398744264252936187e-01 4.231158372956508873e-01 4.174371391802644271e-01 5.868195931422371184e-03
2.681812609453015361e-01 4.287351192382090059e-01 4.260229658459468438e-01 4.212007620855522383e-01 4.943863186328377804e-03
2.712897800372467416e-01 4.279932424689109616e-01 4.284807725223616082e-01 4.249873624959976115e-01 3.555322356648387121e-03
2.744343303228365394e-01 4.294405680964419325e-01 4.308089195895688506e-01 4.287968439208680871e-01 2.033106321657578847e-03
2.776153294436801144e-01 4.150545303373139872e-01 4.332846085851382312e-01 4.326291031933821585e-01 6.575307100593525984e-04
2.808331998823172526e-01 3.984836074017152896e-01 4.361168932141405996e-01 4.364840303255913545e-01 3.654491456795311592e-04
2.840883690183304000e-01 4.048524153683367155e-01 4.394402784282330221e-01 4.403615083610469272e-01 9.094894523054206353e-04
2.873812691851066470e-01 4.304768084274671058e-01 4.432881433872414845e-01 4.442614132252220571e-01 9.524783969838996212e-04
2.907123377272578524e-01 4.496309747680294344e-01 4.475557038814620414e-01 4.481836135736627647e-01 6.088775022147769993e-04
2.940820170587063465e-01 4.470709307112513131e-01 4.520568679577525728e-01 4.521279706378377172e-01 6.830351573054790763e-05
2.974907547214440395e-01 4.486753047786240511e-01 4.566175807512862228e-01 4.560943380686596216e-01 4.979477751302119641e-04
3.009390034449720974e-01 4.869752894860097103e-01 4.610686294581798905e-01 4.600825617776470589e-01 9.298015789151964448e-04
3.044272212064302874e-01 5.258534760324475865e-01 4.652560520629778207e-01 4.640924797756985631e-01 1.087500050624148895e-03
3.079558712914226559e-01 5.160612730321427755e-01 4.690867988454517357e-01 4.681239220094465248e-01 8.923761422148744887e-04
3.115254223555488089e-01 4.842298026704386915e-01 4.725676571828750783e-01 4.721767101951629408e-01 3.594329535781504940e-04
3.151363484866479547e-01 4.628832900375083881e-01 4.758063690775987120e-01 4.762506576501829292e-01 4.053372519412334722e-04
3.187891292677645927e-01 4.494563512855302978e-01 4.789611779705256200e-01 4.803455691218159185e-01 1.253475714618030538e-03
3.224842498408442282e-01 4.536590229742030744e-01 4.822221826074698514e-01 4.844612406137116523e-01 2.011852592860794483e-03
3.262222009711669979e-01 4.710883141317711575e-01 4.857287838340772490e-01 4.885974592096475333e-01 2.557364116715774103e-03
3.300034791125285305e-01 4.787644812279526763e-01 4.895534312862996895e-01 4.927540028947058337e-01 2.830062073922815728e-03
3.338285864731760921e-01 4.768402708803138879e-01 4.937470238665473965e-01 4.969306403738040778e-01 2.791284978003198605e-03
3.376980310825091203e-01 4.915854649297579093e-01 4.982869733275177571e-01 5.011271308875464570e-01 2.468382367907358092e-03
3.416123268585528616e-01 5.280184221644816933e-01 5.030510814458075686e-01 5.053432240253598051e-01 1.974359797746944208e-03
3.455719936762139399e-01 5.282136604738315588e-01 5.079115768604652859e-01 5.095786595358793303e-01 1.423120200589552070e-03
3.495775574363275129e-01 4.975981427652262368e-01 5.127723125645742286e-01 5.138331671345467422e-01 8.975667068684521502e-04
3.536295501355042892e-01 5.142919971581226823e-01 5.175470180958937627e-01 5.181064663083856381e-01 4.692019075633856997e-04
3.577285099367873422e-01 5.562844042292311997e-01 5.221816711411528811e-01 5.223982661179141784e-01 1.801030274625612033e-04
3.618749812411280464e-01 5.653552308056165598e-01 5.266626871684568778e-01 5.267082649961596363e-01 3.758258007804213301e-05
3.660695147596902399e-01 5.334166324836783213e-01 5.310705683510908992e-01 5.310361505447336317e-01 2.814682012549178444e-05
3.703126675869927165e-01 5.046812545617141987e-01 5.355101897737407635e-01 5.353815993269305240e-01 1.042983470635208497e-04
3.746050032748993175e-01 5.070929591372771439e-01 5.400295803245409587e-01 5.397442766578071094e-01 2.295032616533743835e-04
3.789470919074667821e-01 5.167083446587101836e-01 5.446447488572417894e-01 5.441238363912044296e-01 4.155693503314004098e-04
3.833395101766601254e-01 5.560272171148495923e-01 5.493788535765576908e-01 5.485199207036689506e-01 6.795342009030047115e-04
3.877828414589457595e-01 5.789727428548087085e-01 5.542162187662007522e-01 5.529321598752316991e-01 1.007380675586227363e-03
3.922776758927719598e-01 5.564136443061017401e-01 5.591409870736061549e-01 5.573601720670010584e-01 1.385397194034719949e-03
3.968246104569481680e-01 5.639968808113980936e-01 5.640938043908796384e-01 5.618035630955284798e-01 1.766840490763334475e-03
4.014242490499321803e-01 5.963972656767014824e-01 5.690183632581005124e-01 5.662619262038983692e-01 2.108920177368218875e-03
4.060772025700365440e-01 5.908426912435347234e-01 5.738922399549649667e-01 5.707348418295010717e-01 2.395966481741057877e-03
4.107840889965646558e-01 5.805179954913728402e-01 5.787453370759521043e-01 5.752218773684404374e-01 2.652109772999375597e-03
4.155455334718875515e-01 5.840191907832676943e-01 5.836216903925454114e-01 5.797225869365296713e-01 2.911202623527389330e-03
4.203621683844713797e-01 5.676777004321033049e-01 5.885014202222054180e-01 5.842365111268283950e-01 3.158821083785438247e-03
4.252346334528682159e-01 5.573048803215596703e-01 5.932747565018873237e-01 5.887631767636727353e-01 3.315229815251335456e-03
4.301635758106794882e-01 5.635928629086121022e-01 5.978631690187902192e-01 5.933020966531474816e-01 3.325916727299378216e-03
4.351496500925050026e-01 6.131498801393590048e-01 6.021902828098677496e-01 5.978527693299531265e-01 3.139497986469634919e-03
4.401935185208874501e-01 6.610778054810034776e-01 6.061348014365076642e-01 6.024146788006128350e-01 2.673674288046621293e-03
4.452958509942655518e-01 6.529542660535470056e-01 6.095259208813019747e-01 6.069872942829726004e-01 1.812578950920381952e-03
4.504573251759458330e-01 6.216948788156616557e-01 6.122782182750030611e-01 6.115700699419361897e-01 5.025867188010091271e-04
4.556786265841064054e-01 6.238676479757557791e-01 6.144612622052730844e-01 6.161624446213872508e-01 1.200715706264476141e-03
4.609604486828433600e-01 6.357798863616983542e-01 6.161783422155443501e-01 6.207638415722378511e-01 3.219982657679378978e-03
4.663034929742731483e-01 6.672283725811374300e-01 6.176157425794250866e-01 6.253736681765535987e-01 5.421233678104951659e-03
4.717084690917017209e-01 6.283097416567495763e-01 6.189644739480415492e-01 6.299913156676950621e-01 7.668839820455749558e-03
4.771760948938745805e-01 5.632965093220358987e-01 6.205198411272855319e-01 6.346161588464203085e-01 9.755453455636307197e-03
4.827070965603182939e-01 5.423936228006180915e-01 6.225541565277875611e-01 6.392475557928887220e-01 1.149193908065681419e-02
4.883022086877880086e-01 5.913886321149616210e-01 6.253084259344383611e-01 6.438848475745078126e-01 1.271392426784942464e-02
4.939621743878320759e-01 6.503238041359002963e-01 6.288775221265374693e-01 6.485273579495627327e-01 1.336222931624469687e-02
4.996877453854883799e-01 6.596200788267081450e-01 6.333214811932688093e-01 6.531743930665667719e-01 1.340493158298952832e-02
5.054796821191240852e-01 6.262413809804280307e-01 6.386301917141086193e-01 6.578252411592693250e-01 1.286108733161047020e-02
5.113387538414325695e-01 6.290620518013958495e-01 6.447186160411193523e-01 6.624791722372611602e-01 1.180201848219545636e-02
5.172657387216018643e-01 6.561978470362167526e-01 6.514522733007935829e-01 6.671354377721090412e-01 1.033140675734754016e-02
5.232614239486661489e-01 6.660365284183036305e-01 6.586342613016915593e-01 6.717932703789555315e-01 8.591330626184025959e-03
5.293266058360561743e-01 6.225672637810524268e-01 6.661065275556599108e-01 6.764518834935192571e-01 6.693220779364010553e-03
5.354620899273607737e-01 6.193358262354830002e-01 6.736463668090864054e-01 6.811104710444235710e-01 4.785585120146955071e-03
5.416686911033151697e-01 7.096430982282732058e-01 6.810835701694473165e-01 6.857682071207895635e-01 2.976943041943223324e-03
5.479472336900287344e-01 7.865061629222195316e-01 6.882611510714817804e-01 6.904242456350202506e-01 1.362777622590433764e-03
5.542985515684668574e-01 7.835776680050445808e-01 6.949631234495193821e-01 6.950777199807062212e-01 7.160745166256015672e-05
5.607234882852032420e-01 6.549880954258923138e-01 7.011668103986126166e-01 6.997277426855796900e-01 8.922575725832046240e-04
5.672228971644543982e-01 6.620468754849867521e-01 7.068354061260758714e-01 7.043734050594447904e-01 1.515345644094096824e-03
5.737976414214134291e-01 7.149087331438789272e-01 7.120013040758261802e-01 7.090137768370081695e-01 1.826115040446665665e-03
5.804485942768977669e-01 7.611240660785999479e-01 7.167577055290973442e-01 7.136479058155351662e-01 1.888374839378924828e-03
5.871766390733255125e-01 7.265873504353614898e-01 7.210700927049804587e-01 7.182748174872534141e-01 1.686842562962276217e-03
5.939826693920355893e-01 7.243746054579335292e-01 7.250293058759047504e-01 7.228935146664270395e-01 1.281232668422477511e-03
6.008675891719686968e-01 7.163160646570833068e-01 7.287742686828322380e-01 7.275029771110211874e-01 7.582554165078400415e-04
6.078323128297229427e-01 7.198976468099490544e-01 7.324897365262060811e-01 7.321021611388748296e-01 2.298549599202239413e-04
6.148777653810023613e-01 7.379018872732739931e-01 7.360702958448980260e-01 7.366899992383040274e-01 3.654821235405552628e-04
6.220048825634711953e-01 7.416879541527594544e-01 7.395609360656587583e-01 7.412653996730464989e-01 9.997653989948856405e-04
6.292146109610343707e-01 7.746208526677561546e-01 7.428908627972280465e-01 7.458272460814682203e-01 1.713227915038318012e-03
6.365079081295571539e-01 7.203613728435953600e-01 7.461488282043318154e-01 7.503743970699432442e-01 2.452546124584458094e-03
6.438857427240419762e-01 7.318370065796595547e-01 7.492788788341869788e-01 7.549056858003196924e-01 3.249205811779215698e-03
6.513490946272803006e-01 8.047198547994820483e-01 7.522586510220440337e-01 7.594199195713841055e-01 4.114793635111968495e-03
6.588989550799949635e-01 7.352207785932421968e-01 7.550601730950763368e-01 7.639158793942352199e-01 5.063974442528179631e-03
6.665363268124913088e-01 7.883744739807337920e-01 7.577995052552056743e-01 7.683923195614722479e-01 6.028697834966328245e-03
6.742622241778342129e-01 7.462254901565602561e-01 7.606412355403993075e-01 7.728479672101096210e-01 6.914203465527238128e-03
6.820776732865685421e-01 7.351334957004079795e-01 7.635418993371988483e-01 7.772815218781203850e-01 7.745469510523567483e-03
6.899837121430018039e-01 8.247319370957003626e-01 7.665057365924261568e-01 7.816916550545150999e-01 8.520066174788875832e-03
6.979813907830659803e-01 7.585465703632077172e-01 7.696204975319346220e-01 7.860770097228573228e-01 9.188468837395411676e-03
7.060717714137773049e-01 7.033182896394798433e-01 7.729187427036663394e-01 7.904361998981193072e-01 9.732982836338900309e-03
7.142559285543126357e-01 7.094756777343789178e-01 7.764116132763454470e-01 7.947678101567766662e-01 1.014824613252333051e-02
7.225349491787214085e-01 8.702028560027722515e-01 7.800909696640045965e-01 7.990703951600406363e-01 1.043979020845641620e-02
7.309099328602910450e-01 8.121127618105076218e-01 7.838514218039522863e-01 8.033424791701263556e-01 1.066698177635587962e-02
7.393819919175865785e-01 8.368941857307293786e-01 7.877806175992174698e-01 8.075825555594507987e-01 1.078163795082917598e-02
7.479522515621821466e-01 7.398743768186555325e-01 7.918828233713443021e-01 8.117890863126565604e-01 1.078228552640016907e-02
7.566218500481054487e-01 7.874628513241428429e-01 7.963032655387507486e-01 8.159605015213527990e-01 1.059063950485788531e-02
7.653919388230148169e-01 8.078189118403316105e-01 8.010632368173044027e-01 8.200951988714638707e-01 1.019746826563434731e-02
7.742636826811269968e-01 8.479564109097272873e-01 8.062594272692469310e-01 8.241915431230767419e-01 9.553348291295104058e-03
7.832382599179196214e-01 7.511772159892643463e-01 8.119228400526572464e-01 8.282478655826741587e-01 8.645566730964077823e-03
7.923168624866253618e-01 7.431386024349015962e-01 8.181848126447873737e-01 8.322624635676381111e-01 7.408893913224964996e-03
8.015006961565405152e-01 8.249304019127914334e-01 8.249768537709043503e-01 8.362335998629114586e-01 5.885849717935926276e-03
8.107909806731686819e-01 8.779143956495502055e-01 8.324080149391417383e-01 8.401595021696982579e-01 4.025490389506103210e-03
8.201889499202202893e-01 8.455569188018592364e-01 8.402636626807491460e-01 8.440383625460839978e-01 1.946603450397926512e-03
8.296958520834906148e-01 8.567080939859482713e-01 8.481920167852605719e-01 8.478683368394570596e-01 1.657634597393592446e-04
8.393129498166364000e-01 8.200731991812270083e-01 8.561152979905958249e-01 8.516475441106072797e-01 2.272359177069919328e-03
8.490415204088747059e-01 8.694038878970712370e-01 8.635617498168768336e-01 8.553740660493793779e-01 4.137318845268496761e-03
8.588828559546249908e-01 9.110159037854096420e-01 8.702451700586897321e-01 8.590459463817537999e-01 5.625228739216375090e-03
8.688382635251183927e-01 8.264729995938712159e-01 8.757634356299179856e-01 8.626611902682305155e-01 6.546548550781525547e-03
8.789090653419954213e-01 9.180988040687204643e-01 8.799381579805516385e-01 8.662177636933831026e-01 6.825065378242188389e-03
8.890965989529158175e-01 9.243687790514077962e-01 8.827313980270068416e-01 8.697135928464546639e-01 6.452316595764934389e-03
8.994022174092044519e-01 1.069937396966939236e+00 8.841659513580694130e-01 8.731465634928623487e-01 5.446637441415576666e-03
9.098272894455557980e-01 9.362530716303982814e-01 8.844912032037192118e-01 8.765145203364755888e-01 3.934402937468188186e-03
9.203731996618220723e-01 9.092044255107855077e-01 8.839466933998186837e-01 8.798152663725307132e-01 2.034582084038588212e-03
9.310413487069075789e-01 8.292208469803783455e-01 8.829519120393694021e-01 8.830465622310460505e-01 4.655276501592311164e-05
9.418331534647951253e-01 7.655867600703277764e-01 8.820845754646570169e-01 8.862061255105947444e-01 2.024519704026363047e-03
9.527500472427290479e-01 7.630122674533975635e-01 8.814893765242042267e-01 8.892916301022946168e-01 3.827122146298624333e-03
9.637934799615786030e-01 9.141661327200860665e-01 8.814678119572471049e-01 8.923007055038705282e-01 5.304778315957744787e-03
9.749649183484085935e-01 9.472095280200636402e-01 8.822047543446174256e-01 8.952309361236430174e-01 6.365687581491794034e-03
9.862658461312820979e-01 8.548760090175757664e-01 8.836455287796139979e-01 8.980798605742965623e-01 7.036873172032711773e-03
9.976977642363201726e-01 9.377146360143868709e-01 8.857133805234430612e-01 9.008449709562742491e-01 7.356852763458019556e-03
1.009262190987048502e+00 8.385377079885396601e-01 8.882388905267880608e-01 9.035242322031336037e-01 7.410020336362854905e-03
1.020960662306047650e+00 9.210132975578748660e-01 8.909854379684561954e-01 9.061193723415390533e-01 7.314809384818449049e-03
1.032794731918952547e+00 9.407073866919433147e-01 8.938244357641295101e-01 9.086336831422061611e-01 7.136608697722993111e-03
1.044765971560805307e+00 8.168240068102931017e-01 8.967434200581657633e-01 9.110702969905828397e-01 6.883689177320805735e-03
1.056875971184805030e+00 9.229338885044198193e-01 8.995585746053428311e-01 9.134321895171737538e-01 6.646864543039030133e-03
1.069126339173477103e+00 8.657226289782422590e-01 9.023881137157903076e-01 9.157221895529081834e-01 6.370371893863783878e-03
1.081518702552289213e+00 1.022491831367702275e+00 9.052018931379288702e-01 9.179429883149607949e-01 6.070255271903001945e-03
1.094054707205743604e+00 9.107690635153534719e-01 9.082060229649617789e-01 9.200971478928405833e-01 5.649306790485586482e-03
1.106736018095974439e+00 8.618289412428937757e-01 9.114448582756285999e-01 9.221871090973181584e-01 5.088647790350151606e-03
1.119564319483879355e+00 9.374125194905957859e-01 9.150036151201901280e-01 9.242151987283597769e-01 4.350296279303536053e-03
1.132541315152812755e+00 8.193739736492666736e-01 9.188476554951546804e-01 9.261836363125772742e-01 3.453592133494864588e-03
1.145668728634872569e+00 8.909281765351749760e-01 9.228773214109849965e-01 9.280945403556652984e-01 2.448244023361217502e-03
1.158948303439811811e+00 9.835034444575760926e-01 9.269196031678905712e-01 9.299499341508543626e-01 1.417500978003137816e-03
1.172381803286599800e+00 9.199579019094155097e-01 9.309748008867013702e-01 9.317517511804154218e-01 3.622917646893172839e-04
1.185971012337670549e+00 9.826371564661953162e-01 9.349548190921023183e-01 9.335018401437336077e-01 6.754460839917947584e-04
1.199717735435885446e+00 9.739471435623269224e-01 9.386632856655522383e-01 9.352019696422917416e-01 1.604418625546532359e-03
1.213623798344241722e+00 9.542072602653636215e-01 9.420841644797586234e-01 9.368538325490942675e-01 2.417866014484579620e-03
1.227691047988360484e+00 9.422666382150163278e-01 9.450359695490431200e-01 9.384590500875233943e-01 3.033011937434975085e-03
1.241921352701784720e+00 9.600175224114437800e-01 9.476722516917478467e-01 9.400191756423557088e-01 3.521451504048552991e-03
1.256316602474121469e+00 9.294051039377234646e-01 9.500484964238385954e-01 9.415356983236344846e-01 3.908984025275652995e-03
1.270878709202059476e+00 9.551425475911291540e-01 9.521329693387150517e-01 9.430100463022479396e-01 4.181284162194814392e-03
1.285609606943296512e+00 9.384052488233870504e-01 9.540301533514479182e-01 9.444435899344365559e-01 4.386078021468900294e-03
1.300511252173409904e+00 9.060219742403973209e-01 9.556747036843412646e-01 9.458376446909431134e-01 4.493495459180696198e-03
1.315585624045705115e+00 9.657939213336513840e-01 9.572116240533696807e-01 9.471934739051917074e-01 4.569266766885415193e-03
1.330834724654076151e+00 1.012467989140866331e+00 9.584792807161590655e-01 9.485122913536634393e-01 4.539766153136781668e-03
1.346260579298911075e+00 1.000335215683760381e+00 9.594015454293407519e-01 9.497952636805349069e-01 4.370414137116124427e-03
1.361865236756082842e+00 9.668047110569849556e-01 9.601039291781111595e-01 9.510435126776601855e-01 4.117859547144890782e-03
1.377650769549054965e+00 9.369940315735447722e-01 9.603018990639198282e-01 9.522581174300572826e-01 3.653104263160964274e-03
1.393619274224143556e+00 9.505731162335068207e-01 9.602168118754643711e-01 9.534401163362604681e-01 3.075884436013610283e-03
1.409772871628967694e+00 9.574470386278409739e-01 9.599573772471678978e-01 9.545905090121378223e-01 2.434838409047834166e-03
1.426113707194129887e+00 1.018500207566740201e+00 9.596421302963630273e-01 9.557102580861016605e-01 1.783058630319922467e-03
1.442643951218158804e+00 9.744084385324547348e-01 9.594600010067506624e-01 9.568002908930195449e-01 1.205575435120489949e-03
1.459365799155757593e+00 9.083388132399867754e-01 9.596585445480837473e-01 9.578615010735695989e-01 8.140163071458891061e-04
1.476281471909391074e+00 9.608923577428128970e-01 9.602293711858784775e-01 9.588947500852718075e-01 6.040450082830744159e-04
1.493393216124253353e+00 9.065887565831407535e-01 9.613901293762562306e-01 9.599008686309455918e-01 6.732742244771655529e-04
1.510703304486655574e+00 9.593519857861747546e-01 9.631118540828579322e-01 9.608806580099278349e-01 1.007276869122261664e-03
1.528214036025870914e+00 9.200159313630393854e-01 9.651689721269471889e-01 9.618348913969811953e-01 1.502824499231068421e-03
1.545927736419478560e+00 9.660117238908677573e-01 9.674754659224008568e-01 9.627643150534590522e-01 2.119975879410139832e-03
1.563846758302247730e+00 9.984473883132894967e-01 9.697835766327004281e-01 9.636696494749754649e-01 2.746643820317752095e-03
1.581973481578601515e+00 9.641347529800682326e-01 9.718381449852312448e-01 9.645515904795007867e-01 3.268479782178349783e-03
1.600310313738701806e+00 1.016488783880749258e+00 9.734183103921113522e-01 9.654108102395551061e-01 3.587353693417018406e-03
1.618859690178199306e+00 1.091303992867544537e+00 9.743779582741366463e-01 9.662479582618752616e-01 3.638861843036277251e-03
1.637624074521689010e+00 9.258321763601473631e-01 9.746957792310707580e-01 9.670636623177326641e-01 3.414020561872476312e-03
1.656605958949915136e+00 1.017630644247926153e+00 9.744203307987969742e-01 9.678585293268349155e-01 2.934455058118046276e-03
1.675807864530768798e+00 9.461834357148016794e-01 9.735157358383775827e-01 9.686331461975468127e-01 2.183649487820562337e-03
1.695232341554121502e+00 9.705715601438245077e-01 9.723302255978751862e-01 9.693880806259975724e-01 1.316110890055795235e-03
1.714881969870540868e+00 9.372479476282529198e-01 9.709801309439766159e-01 9.701238818564419386e-01 3.831471940896582140e-04
1.734759359233932541e+00 1.011873719241604297e+00 9.697661851940341249e-01 9.708410814051036120e-01 4.811087218536871783e-04
1.754867149648152047e+00 8.850294786214383258e-01 9.687880557799178893e-01 9.715401937495860007e-01 1.231996839184795831e-03
1.775208011717636092e+00 1.014142342990349999e+00 9.681930567009328081e-01 9.722217169857734209e-01 1.803354075476167051e-03
1.795784647002096834e+00 1.020608771118138858e+00 9.681991653741117698e-01 9.728861334540543915e-01 2.097309511497961066e-03
1.816599788375328650e+00 9.063542324536674188e-01 9.685226765410429595e-01 9.735339103365554525e-01 2.241290011767927293e-03
1.837656200388172456e+00 9.282903727453966081e-01 9.692516163295363807e-01 9.741655002269788977e-01 2.196211190129470758e-03
1.858956679635688225e+00 9.325165181852175245e-01 9.701837856714585762e-01 9.747813416745321202e-01 2.053195600544743989e-03
1.880504055128583429e+00 1.001930948887630679e+00 9.712881732817567615e-01 9.753818597033441229e-01 1.826573599170475126e-03
1.902301188668945819e+00 1.009703565935076375e+00 9.723896580793904842e-01 9.759674663086861379e-01 1.595009557928901310e-03
1.924350975230332272e+00 9.796086779368603503e-01 9.734190474944061089e-01 9.765385609312107196e-01 1.389557005496072379e-03
1.946656343342263229e+00 1.012112443736715495e+00 9.743030591064059109e-01 9.770955309103805941e-01 1.242960745554480767e-03
1.969220255479173565e+00 1.049938083776931430e+00 9.752364958077218704e-01 9.776387519181539698e-01 1.068462617179481407e-03
1.992045708453871189e+00 8.945663464085401584e-01 9.761321805939150442e-01 9.781685883739623666e-01 9.050817519131732890e-04
2.015135733815558439e+00 9.903165117532269912e-01 9.772162418425762720e-01 9.786853938419211030e-01 6.524302804890684537e-04
2.038493398252464228e+00 9.485252951121949661e-01 9.784090268790665013e-01 9.791895114111905940e-01 3.463019989466205491e-04
2.062121803999144465e+00 9.576566295177415533e-01 9.797894337102089901e-01 9.796812740603264569e-01 4.794472198029646400e-05
2.086024089248504687e+00 8.857135319959036357e-01 9.813912263917892176e-01 9.801610050064217816e-01 5.447506527566977480e-04
2.110203428568596440e+00 9.805521204281641978e-01 9.833047543486842512e-01 9.806290180397954082e-01 1.183398594529395552e-03
2.134663033324245340e+00 1.164281094589365351e+00 9.851649314108317235e-01 9.810856178449325338e-01 1.802034755062962342e-03
2.159406152103567678e+00 9.715410628743336163e-01 9.870127564316840685e-01 9.815311003083542207e-01 2.418700656561868431e-03
2.184436071149428393e+00 9.870237524789176042e-01 9.887559188058179238e-01 9.819657528140406377e-01 2.992754718765218598e-03
2.209756114795903059e+00 9.538387187770531739e-01 9.902220122946948644e-01 9.823898545270104421e-01 3.448707605764631673e-03
2.235369645909796699e+00 1.034364508438076813e+00 9.912719209868342540e-01 9.828036766656151890e-01 3.726031914398750169e-03
2.261280066337279404e+00 9.600985060631105350e-01 9.919020675641228024e-01 9.832074827630878922e-01 3.823620408349968219e-03
2.287490817355704031e+00 1.003336379525814337e+00 9.922246308027139472e-01 9.836015289188404509e-01 3.790808542392597961e-03
2.314005380130653933e+00 9.678188324942177401e-01 9.922084373603585750e-01 9.839860640399948899e-01 3.613968124028444587e-03
2.340827276178294447e+00 1.008175105263077853e+00 9.919384781637560211e-01 9.843613300735940541e-01 3.330192832706051296e-03
2.367960067833078774e+00 1.038055457445897112e+00 9.913720430552930285e-01 9.847275622299183073e-01 2.920573664313486258e-03
2.395407358720879287e+00 1.069540404032151892e+00 9.906802659222597729e-01 9.850849891973145755e-01 2.459810745497783505e-03
2.423172794237600680e+00 9.452544697189199097e-01 9.896653024346905303e-01 9.854338333489187640e-01 1.860875186102935045e-03
2.451260062033339793e+00 8.766619475137715778e-01 9.885112920904105538e-01 9.857743109416341465e-01 1.204138418111570102e-03
2.479672892502160053e+00 9.695507592358774129e-01 9.871658526413640278e-01 9.861066323077087858e-01 4.662443668750067640e-04
2.508415059277541381e+00 1.072639284829162154e+00 9.857855364982335278e-01 9.864310020392426104e-01 2.842711510120834290e-04
2.537490379733571721e+00 9.959140338544820725e-01 9.841941068859882957e-01 9.867476191659261264e-01 1.125326942419026558e-03
2.566902715491951703e+00 1.027469894449957621e+00 9.825871358521713894e-01 9.870566773263100835e-01 1.971016807872514459e-03
2.596655972934872381e+00 1.005101376649002898e+00 9.812115991743012300e-01 9.873583649328849798e-01 2.712136398365253952e-03
2.626754103723838440e+00 1.010824240965018772e+00 9.801113529473048924e-01 9.876528653312317552e-01 3.328908229068347404e-03
2.657201105324506596e+00 8.883505527004897928e-01 9.794562409640701350e-01 9.879403569534979113e-01 3.745688695755532236e-03
2.688001021537607560e+00 8.906888108324860776e-01 9.790416845298888227e-01 9.882210134664375367e-01 4.052901364590404121e-03
2.719157943036019098e+00 9.766126701743087501e-01 9.792179311738010705e-01 9.884950039142452738e-01 4.095121071652729934e-03
2.750676007908067433e+00 9.536847443152417503e-01 9.798548339251370587e-01 9.887624928563967242e-01 3.930244308911580615e-03
2.782559402207125832e+00 1.059292947091217574e+00 9.808893675193707251e-01 9.890236405007033493e-01 3.586645637781370535e-03
2.814812360507581435e+00 1.003787805115023746e+00 9.821179682606983041e-01 9.892786028317797076e-01 3.154959081482001416e-03
2.847439166467247595e+00 1.016402131608136639e+00 9.835147249377814704e-01 9.895275317351057698e-01 2.647015681455569015e-03
2.880444153396297668e+00 9.484192606403710757e-01 9.849039445281612126e-01 9.897705751168683896e-01 2.140661732627332364e-03
2.913831704832788638e+00 9.815511045763463116e-01 9.862557462802947761e-01 9.900078770197417999e-01 1.649103504500916591e-03
2.947606255124858521e+00 9.574553058493618929e-01 9.874551105595982259e-01 9.902395777347805517e-01 1.222918315375162539e-03
2.981772290019673477e+00 1.038569139436374966e+00 9.880386067771257386e-01 9.904658139095718905e-01 1.065575777196578824e-03
3.016334347259197468e+00 9.231926082704622338e-01 9.880554561456934559e-01 9.906867186527923419e-01 1.155020068190985502e-03
3.051297017182871052e+00 1.005614625529587913e+00 9.874413056872983763e-01 9.909024216353150560e-01 1.519599521842029607e-03
3.086664943337274369e+00 9.871229278027853216e-01 9.860919642194827528e-01 9.911130491880015825e-01 2.205774482510333961e-03
3.122442823092857811e+00 1.081593949144649125e+00 9.841807843394224653e-01 9.913187243962988671e-01 3.138427983150907097e-03
3.158635408267818967e+00 1.150661000789875876e+00 9.818061241627509261e-01 9.915195671917707010e-01 4.275552482573115320e-03
3.195247505759213791e+00 8.737761906529095679e-01 9.794019973077413566e-01 9.917156944406773089e-01 5.426200888653013102e-03
3.232283978181380579e+00 9.834440982283522148e-01 9.772209852025057764e-01 9.919072200297147646e-01 6.478266874379724760e-03
3.269749744511767808e+00 9.946661304136872328e-01 9.755976091055282851e-01 9.920942549490223694e-01 7.282207395680149846e-03
3.307649780744242651e+00 9.274803641937552356e-01 9.749229810798198947e-01 9.922769073725552502e-01 7.662576627129229559e-03
3.345989120549974771e+00 8.354177908281152920e-01 9.753305535266648674e-01 9.924552827359292007e-01 7.559118498096782657e-03
3.384772855945982872e+00 8.956958392748456399e-01 9.768232760282437033e-01 9.926294838118172592e-01 6.971171232409902052e-03
3.424006137971425723e+00 9.124304943752954422e-01 9.792429301775953387e-01 9.927996107829994976e-01 5.971153466731968056e-03
3.463694177371734462e+00 1.001734314402863424e+00 9.821010707011952334e-01 9.929657613131468441e-01 4.778089225808274110e-03
3.503842245290675894e+00 1.195470596076271486e+00 9.849359966961502844e-01 9.931280306154213200e-01 3.597229834930670573e-03
3.544455673970435594e+00 9.898760170903913025e-01 9.872970377581683499e-01 9.932865115189628558e-01 2.626703967377710253e-03
3.585539857459817181e+00 1.069309252644330410e+00 9.887118048200090881e-01 9.934412945333612743e-01 2.072488934702234817e-03
3.627100252330648367e+00 1.013765618516027089e+00 9.891414663155000397e-01 9.935924679111514113e-01 1.949882075212182406e-03
3.669142378402494131e+00 9.775188532555166843e-01 9.884230879256999946e-01 9.937401177084310699e-01 2.329941577673760259e-03
3.711671819475766743e+00 1.029699540025031057e+00 9.868162961181418114e-01 9.938843278436526596e-01 3.099529700312980088e-03
3.754694224073336972e+00 9.538468845881277192e-01 9.845624020160490542e-01 9.940251801546498012e-01 4.154138740180338824e-03
3.798215306190736218e+00 9.850121834821207178e-01 9.820740678859334327e-01 9.941627544539730632e-01 5.313245147701260371e-03
3.842240846055060999e+00 9.600905730681726924e-01 9.799006116987292181e-01 9.942971285825794592e-01 6.334156448877616141e-03
3.886776690892667752e+00 9.267423559766754249e-01 9.780542209712982382e-01 9.944283784619378785e-01 7.210577777171003899e-03
3.931828755705770284e+00 9.204602478131109766e-01 9.769304688202222753e-01 9.945565781446044085e-01 7.765839494985321903e-03
3.977403024058036696e+00 9.778370337989118477e-01 9.766979885729935029e-01 9.946817998633208369e-01 7.923878207627507719e-03
4.023505548869293236e+00 9.378757564817231662e-01 9.772488546577960955e-01 9.948041140786778591e-01 7.732402546829553192e-03
4.070142453219438572e+00 1.070118736617472477e+00 9.783731793016238187e-01 9.949235895254067152e-01 7.285189429880430806e-03
4.117319931161679492e+00 9.559955077173638571e-01 9.801512529799616402e-01 9.950402932573252368e-01 6.547568031083388605e-03
4.165044248545185290e+00 9.927531079173793627e-01 9.824398303550805345e-01 9.951542906909964792e-01 5.584458397700121576e-03
4.213321743847289191e+00 9.889275686084609829e-01 9.849949378971397662e-01 9.952656456481401293e-01 4.505014880849314389e-03
4.262158829015325168e+00 9.424050028505833732e-01 9.879314725470744740e-01 9.953744203968322157e-01 3.259654868690013869e-03
4.311561990318228510e+00 9.931099431108636466e-01 9.910309704887727555e-01 9.954806756915379751e-01 1.945607166619364161e-03
4.361537789208005833e+00 1.000972061957633885e+00 9.942842364127598698e-01 9.955844708120129560e-01 5.675597622028609717e-04
4.412092863191189984e+00 1.015347360923491538e+00 9.977132805185809916e-01 9.956858636011096664e-01 8.834119207625858216e-04
4.463233926710397093e+00 1.005582972447922607e+00 1.001114433082558319e+00 9.957849105015210700e-01 2.318181686212556283e-03
4.514967772036102112e+00 9.932000793852868714e-01 1.004468951347633254e+00 9.958816665915064537e-01 3.728779605507835486e-03
4.567301270168746541e+00 9.978917769497176460e-01 1.007694089977752006e+00 9.959761856196112095e-01 5.079757166701061658e-03
4.620241371751313331e+00 9.535598876616568909e-01 1.010554578806566184e+00 9.960685200384356008e-01 6.270559413975760124e-03
4.673795107992464004e+00 1.043695292495274707e+00 1.012937435463097779e+00 9.961587210374636125e-01 7.254080379831818332e-03
4.727969591600390764e+00 1.131922723365737626e+00 1.014659208400204626e+00 9.962468385749945199e-01 7.953244858588276803e-03
4.782772017727485725e+00 1.020030007239355552e+00 1.015531481234505096e+00 9.963329214091949382e-01 8.288910210369810141e-03
4.838209664925956943e+00 9.205680126927444640e-01 1.015516138695906623e+00 9.964170171283019961e-01 8.245693704304928734e-03
4.894289896114531579e+00 1.055819383706084524e+00 1.014507683886874956e+00 9.964991721800091629e-01 7.778398474686718488e-03
4.951020159556350997e+00 1.154479540655962921e+00 1.012741481972463609e+00 9.965794319000516044e-01 6.986679424854890831e-03
5.008407989848212338e+00 1.036682096579040646e+00 1.010277414801813656e+00 9.966578405400190466e-01 5.894556622850656916e-03
5.066461008921268494e+00 9.702782289579435782e-01 1.007377457924120590e+00 9.967344412944183496e-01 4.612763237401553036e-03
5.125186927053333008e+00 9.815864588664133805e-01 1.004220781434037590e+00 9.968092763270117729e-01 3.217133572887997516e-03
5.184593543892913381e+00 9.385292592920551069e-01 1.001154539448286362e+00 9.968823867964480279e-01 1.857198058391885519e-03
5.244688749495119318e+00 1.034496270005150986e+00 9.983241872982729914e-01 9.969538128812112099e-01 5.965546064216405587e-04
5.305480525369573819e+00 9.703335691702047461e-01 9.958797815898329242e-01 9.970235938039031520e-01 4.985202931387406212e-04
5.366976945540476329e+00 9.320086772056289659e-01 9.939816282022748695e-01 9.970917678548842922e-01 1.356773276489242229e-03
5.429186177618943177e+00 1.051907692212575629e+00 9.926542339741063481e-01 9.971583724152879302e-01 1.966140736512247793e-03
5.492116483887789613e+00 9.643796390185312983e-01 9.918036977307433943e-01 9.972234439794300798e-01 2.366756757703511287e-03
5.555776222398877806e+00 9.908439630522961616e-01 9.914353205556823978e-01 9.972870181766240183e-01 2.555778925406278820e-03
5.620173848083187984e+00 1.014098092101540782e+00 9.913924993282220433e-01 9.973491297924321763e-01 2.601584277574976994e-03
5.685317913873753071e+00 1.003156359851726132e+00 9.915442600112548410e-01 9.974098127893553656e-01 2.561531836802060074e-03
5.751217071841614015e+00 9.745768067423040693e-01 9.920280554410503271e-01 9.974691003269851031e-01 2.375496395549343224e-03
5.817880074344935259e+00 9.681671597248486805e-01 9.927129235558170839e-01 9.975270247816310221e-01 2.100994583082067563e-03
5.885315775191449994e+00 9.817260979497408613e-01 9.932846171718175965e-01 9.975836177654391346e-01 1.875598901665004401e-03
5.953533130814370189e+00 1.011833103357643537e+00 9.941124857759046085e-01 9.976389101450220398e-01 1.537850805856935330e-03
6.022541201461927507e+00 1.034959717204822605e+00 9.950164298742775193e-01 9.976929320595968598e-01 1.166643617070290675e-03
6.092349152400711176e+00 9.317919077962576457e-01 9.960817634510464869e-01 9.977457129386633206e-01 7.248814222522249667e-04
6.162966255132942273e+00 1.063389346066881513e+00 9.971993416077125083e-01 9.977972815192341915e-01 2.603332846272857323e-04
6.234401888627863819e+00 9.906897192936603425e-01 9.983078186082738892e-01 9.978476658626080908e-01 2.002266891229151889e-04
6.306665540567405692e+00 9.445483216536323390e-01 9.994398547254675913e-01 9.978968933707312861e-01 6.709932474724692114e-04
6.379766808606282424e+00 9.956652283888431931e-01 1.000685666564217868e+00 9.979449908021285065e-01 1.191076602203052295e-03
6.453715401646701544e+00 1.035949124255262976e+00 1.001927862389544233e+00 9.979919842874431790e-01 1.709400855069990316e-03
6.528521141127847649e+00 9.942812053159356678e-01 1.003163015401787872e+00 9.980378993445646607e-01 2.224478784329093212e-03
6.604193962330305645e+00 1.030649217646669724e+00 1.004442015905025576e+00 9.980827608933926509e-01 2.758316577579469735e-03
6.680743915695614987e+00 1.046869940408171828e+00 1.005799693768874459e+00 9.981265932702145793e-01 3.325872327012275448e-03
6.758181168161110364e+00 9.519728739052631949e-01 1.007145747798555036e+00 9.981694202417221717e-01 3.888062709849253017e-03
6.836516004510238886e+00 1.031606611128144335e+00 1.008570558508373960e+00 9.982112650186885094e-01 4.483819725120313619e-03
6.915758828738525210e+00 1.016825870944966681e+00 1.009912570542508714e+00 9.982521502692771609e-01 5.043523613794778301e-03
6.995920165435374649e+00 8.470905632282138553e-01 1.011120216268451166e+00 9.982920981320484444e-01 5.545160211729262961e-03
7.077010661181889262e+00 1.162450447227368011e+00 1.012053446724155759e+00 9.983311302286113076e-01 5.928834667875540476e-03
7.159041085964887863e+00 9.846377366382711438e-01 1.012426172886580655e+00 9.983692676759805540e-01 6.072159995442626482e-03
7.242022334607315592e+00 1.085659196920431002e+00 1.012127273146646855e+00 9.984065310986169894e-01 5.927714376908629901e-03
7.325965428215230446e+00 1.069437340986999496e+00 1.010947926419063947e+00 9.984429406401653662e-01 5.405535101543427687e-03
7.410881515641570161e+00 9.483017745995592218e-01 1.008709139987026715e+00 9.984785159749134387e-01 4.427231323992293285e-03
7.496781874966877091e+00 1.036397921167868219e+00 1.005574821356547632e+00 9.985132763189528138e-01 3.060546828404138615e-03
7.583677914997190683e+00 1.079156528844317453e+00 1.001528591380976163e+00 9.985472404410755676e-01 1.294736129697060274e-03
7.671581176779302069e+00 9.907099803032631824e-01 9.966574273730361977e-01 9.985804266733901979e-01 8.371415385324602844e-04
7.760503335133570602e+00 1.029680473534967389e+00 9.913497229522180154e-01 9.986128529216895533e-01 3.170261905855246021e-03
7.850456200204509294e+00 9.307217329245089932e-01 9.858508625462227837e-01 9.986445366755503095e-01 5.599709685958559509e-03
7.941451719029339884e+00 9.998686539289878272e-01 9.804131774613489281e-01 9.986754950181948587e-01 8.015253663277150178e-03
8.033501977124734239e+00 9.129586582064900258e-01 9.752740305808598187e-01 9.987057446361091717e-01 1.031088792501283144e-02
8.126619200091946382e+00 9.747427589371121526e-01 9.705973924663512387e-01 9.987353018284172990e-01 1.241128071297114589e-02
8.220815755240540312e+00 8.985224889121254943e-01 9.664422754921240255e-01 9.987641825160371578e-01 1.428704015629285798e-02
8.316104153230961415e+00 9.590569934251952366e-01 9.629187014047567716e-01 9.987924022506042832e-01 1.588560856805848812e-02
8.412497049736117560e+00 1.035125845114779342e+00 9.601404311128550750e-01 9.988199762231901868e-01 1.715246154262286063e-02
8.510007247122246099e+00 9.608719064946954491e-01 9.578930511377583557e-01 9.988469192727909007e-01 1.818191170332223577e-02
8.608647696149244410e+00 1.002672649736195520e+00 9.565435788215840285e-01 9.988732458946258941e-01 1.880562033900070457e-02
8.708431497690723333e+00 8.955844608177960797e-01 9.559777675944651776e-01 9.988989702482249378e-01 1.907377306436753781e-02
8.809371904473991322e+00 9.137457847541959888e-01 9.563277669380756407e-01 9.989241061653251208e-01 1.892572802377531088e-02
8.911482322840202031e+00 9.691918689062876124e-01 9.576476649355407655e-01 9.989486671575711352e-01 1.833741771893323408e-02
9.014776314524917566e+00 9.194160768134228556e-01 9.597628951963903532e-01 9.989726664240354825e-01 1.738964943068726371e-02
9.119267598459298796e+00 8.624033330342958381e-01 9.625907628347253331e-01 9.989961168585523854e-01 1.612211030130655115e-02
9.224970052592174952e+00 9.817961470019314074e-01 9.659736199195483319e-01 9.990190310568802801e-01 1.460849521205545218e-02
9.331897715733239451e+00 9.753680656884856637e-01 9.695406606363613511e-01 9.990414213236766816e-01 1.301746765543283953e-02
9.440064789417602853e+00 1.027962731271254704e+00 9.730523295571359421e-01 9.990632996793353815e-01 1.145680885453956993e-02
9.549485639791965852e+00 1.049213855329346856e+00 9.761046936733294155e-01 9.990846778666240269e-01 1.010589749245737433e-02
9.660174799522645017e+00 9.843275524164400991e-01 9.785630730346824846e-01 9.991055673571884732e-01 9.022555778364966042e-03
9.772146969725724830e+00 1.015139610184111696e+00 9.801926530983646746e-01 9.991259793578870507e-01 8.308808686758579684e-03
9.885417021919574054e+00 9.923107327445702674e-01 9.810555770799843645e-01 9.991459248169805019e-01 7.935310389905796125e-03
1.000000000000000000e+01 9.726378712343588528e-01 9.811337338607006853e-01 9.991654144301738150e-01 7.909184644762630098e-03
