# tau=t/t_H SFF SFF_smoothed GOE_connected DeltaK_abs_log10_ratio
1.000000000000000048e-04 8.792243348391193081e+01 8.792146849349892079e+01 1.999800019997333795e-04 5.643108364819375389e+00
1.011591112223829728e-04 8.792197426065213506e+01 8.792119802822979580e+01 2.022977581832760541e-04 5.638102527174453371e+00
1.023316578330244966e-04 8.792150433204164983e+01 8.792088527421348942e+01 2.046423742725537011e-04 5.633096486469481690e+00
1.035177955630176228e-04 8.792102344857084972e+01 8.792053134130503622e+01 2.070141614763123497e-04 5.628090248252105354e+00
1.047176819485520245e-04 8.792053135491654814e+01 8.792013849459698349e+01 2.094134346075829226e-04 5.623083823777013990e+00
1.059314763518370031e-04 8.792002778980764788e+01 8.791970983299349029e+01 2.118405121253895179e-04 5.618077228418381530e+00
1.071593399822671198e-04 8.791951248588647161e+01 8.791924891297433931e+01 2.142957161769398083e-04 5.613070479811537616e+00
1.084014359178331018e-04 8.791898516956669596e+01 8.791875937977100364e+01 2.167793726403025999e-04 5.608063596031210629e+00
1.096579291267809898e-04 8.791844556088899765e+01 8.791824465749692763e+01 2.192918111675785128e-04 5.603056594060929818e+00
1.109289864895222780e-04 8.791789337337230847e+01 8.791770772997301719e+01 2.218333652285692595e-04 5.598049488710385546e+00
1.122147768207980290e-04 8.791732831386195812e+01 8.791715102152255668e+01 2.244043721549514021e-04 5.593042292026559892e+00
1.135154708920999033e-04 8.791675008237488953e+01 8.791657636778651863e+01 2.270051731849600921e-04 5.588035013149514896e+00
1.148312414543511137e-04 8.791615837194024152e+01 8.791598505433816513e+01 2.296361135085894041e-04 5.583027658503081803e+00
1.161622632608501891e-04 8.791555286843697559e+01 8.791537789648414503e+01 2.322975423133139818e-04 5.578020232189004446e+00
1.175087130904807617e-04 8.791493325042755203e+01 8.791475533576659984e+01 2.349898128303393684e-04 5.573012736463596184e+00
1.188707697711903309e-04 8.791429918898737128e+01 8.791411753472283408e+01 2.377132823813860615e-04 5.568005172205799269e+00
1.202486142037412301e-04 8.791365034753096097e+01 8.791346445873186610e+01 2.404683124260139629e-04 5.562997539321473894e+00
1.216424293857368039e-04 8.791298638163380019e+01 8.791279615961330762e+01 2.432552686094931291e-04 5.557989838144367312e+00
1.230524004359261579e-04 8.791230693884939740e+01 8.791211228262206134e+01 2.460745208112275753e-04 5.552982067000644228e+00
1.244787146187906256e-04 8.791161165852304293e+01 8.791141246475133642e+01 2.489264431937378481e-04 5.547974224176495106e+00
1.259215613694150942e-04 8.791090017160115622e+01 8.791069633454027610e+01 2.518114142522093635e-04 5.542966307917184032e+00
1.273811323186478520e-04 8.791017210043555963e+01 8.790996351187772007e+01 2.547298168646127152e-04 5.537958316426092154e+00
1.288576213185518003e-04 8.790942705858337547e+01 8.790921360780068028e+01 2.576820383424025126e-04 5.532950247863724691e+00
1.303512244681508938e-04 8.790866465060312862e+01 8.790844622428858202e+01 2.606684704818018248e-04 5.527942100346698417e+00
1.318621401394748458e-04 8.790788447184456800e+01 8.790766095405253111e+01 2.636895096156779473e-04 5.522933871946711371e+00
1.333905690039058638e-04 8.790708610823602953e+01 8.790685738031999108e+01 2.667455566660177873e-04 5.517925560689477038e+00
1.349367140588306430e-04 8.790626913606323001e+01 8.790603507661410276e+01 2.698370171970083421e-04 5.512917164553647886e+00
1.365007806546013845e-04 8.790543312174696666e+01 8.790519360652798753e+01 2.729643014687300768e-04 5.507908681469697143e+00
1.380829765218092263e-04 8.790457762161301503e+01 8.790433252349420457e+01 2.761278244914698696e-04 5.502900109318789923e+00
1.396835117988739626e-04 8.790370218165699612e+01 8.790345137054815439e+01 2.793280060806610596e-04 5.497891445931617049e+00
1.413025990599533599e-04 8.790280633730507986e+01 8.790254968008636638e+01 2.825652709124569940e-04 5.492882689087206671e+00
1.429404533431761061e-04 8.790188961316761151e+01 8.790162697361949995e+01 2.858400485799463138e-04 5.487873836511706571e+00
1.445972921792019463e-04 8.790095152278797741e+01 8.790068276151939131e+01 2.891527736500166482e-04 5.482864885877137162e+00
1.462733356201129868e-04 8.789999156838561589e+01 8.789971654275964852e+01 2.925038857208746290e-04 5.477855834800118728e+00
1.479688062686396383e-04 8.789900924059257648e+01 8.789872780465125857e+01 2.958938294802293295e-04 5.472846680840563138e+00
1.496839293077255632e-04 8.789800401818413889e+01 8.789771602257121685e+01 2.993230547641470953e-04 5.467837421500338912e+00
1.514189325304352018e-04 8.789697536780344933e+01 8.789668065968555766e+01 3.027920166165852479e-04 5.462828054221905205e+00
1.531740463702079740e-04 8.789592274367974767e+01 8.789562116666537861e+01 3.063011753496128480e-04 5.457818576386911147e+00
1.549495039314631646e-04 8.789484558733985864e+01 8.789453698139655557e+01 3.098509966043256183e-04 5.452808985314764101e+00
1.567455410205595065e-04 8.789374332731306083e+01 8.789342752868310527e+01 3.134419514124640264e-04 5.447799278261165057e+00
1.585623961771137158e-04 8.789261537882910602e+01 8.789229221994271768e+01 3.170745162587414656e-04 5.442789452416605833e+00
1.604003107056819902e-04 8.789146114350957362e+01 8.789113045289627735e+01 3.207491731438919663e-04 5.437779504904836081e+00
1.622595287078087002e-04 8.789028000905143756e+01 8.788994161124968230e+01 3.244664096484443775e-04 5.432769432781293872e+00
1.641402971144466361e-04 8.788907134890403938e+01 8.788872506436821652e+01 3.282267189972323958e-04 5.427759233031491881e+00
1.660428657187529582e-04 8.788783452193825951e+01 8.788748016694400178e+01 3.320306001246483034e-04 5.422748902569378693e+00
1.679674872092653225e-04 8.788656887210774471e+01 8.788620625865442548e+01 3.358785577406489791e-04 5.417738438235647713e+00
1.699144172034625999e-04 8.788527372810280269e+01 8.788490266381489846e+01 3.397711023975232372e-04 5.412727836796019432e+00
1.718839142817145534e-04 8.788394840299591237e+01 8.788356869102086932e+01 3.437087505574287316e-04 5.407717094939472169e+00
1.738762400216250527e-04 8.788259219387954602e+01 8.788220363278398395e+01 3.476920246607074268e-04 5.402706209276438187e+00
1.758916590327732731e-04 8.788120438149502434e+01 8.788080676515804157e+01 3.517214531949887954e-04 5.397695176336956280e+00
1.779304389918577296e-04 8.787978422985305826e+01 8.787937734735798756e+01 3.557975707650890365e-04 5.392683992568783502e+00
1.799928506782476454e-04 8.787833098584555103e+01 8.787791462136816278e+01 3.599209181637167787e-04 5.387672654335450950e+00
1.820791680099462359e-04 8.787684387884868897e+01 8.787641781154333387e+01 3.640920424429929100e-04 5.382661157914291117e+00
1.841896680799710861e-04 8.787532212031639745e+01 8.787488612419936373e+01 3.683114969867951061e-04 5.377649499494406626e+00
1.863246311931559835e-04 8.787376490336457380e+01 8.787331874719500036e+01 3.725798415839356222e-04 5.372637675174596339e+00
1.884843409033795474e-04 8.787217140234565704e+01 8.787171484950363265e+01 3.768976425021829200e-04 5.367625680961230827e+00
1.906690840512252085e-04 8.787054077241400307e+01 8.787007358077519825e+01 3.812654725631356933e-04 5.362613512766079005e+00
1.928791508020777693e-04 8.786887214908038857e+01 8.786839407088888265e+01 3.856839112179594859e-04 5.357601166404085902e+00
1.951148346846616412e-04 8.786716464775653890e+01 8.786667542949393805e+01 3.901535446239965256e-04 5.352588637591093601e+00
1.973764326300255292e-04 8.786541736328938157e+01 8.786491674554100939e+01 3.946749657222570142e-04 5.347575921941510657e+00
1.996642450109793374e-04 8.786362936948432889e+01 8.786311708680273114e+01 3.992487743158042342e-04 5.342563014965930890e+00
2.019785756819878484e-04 8.786179971861793092e+01 8.786127549938261438e+01 4.038755771490413322e-04 5.337549912068690006e+00
2.043197320195270594e-04 8.785992744093836393e+01 8.785939100721313366e+01 4.085559879879120844e-04 5.332536608545370704e+00
2.066880249629082160e-04 8.785801154415598546e+01 8.785746261154190506e+01 4.132906277010250777e-04 5.327523099580242949e+00
2.090837690555749911e-04 8.785605101292050279e+01 8.785548929040643884e+01 4.180801243417118758e-04 5.322509380243650945e+00
2.115072824868794756e-04 8.785404480828719898e+01 8.785346999809654278e+01 4.229251132310303941e-04 5.317495445489334394e+00
2.139588871343421563e-04 8.785199186717090925e+01 8.785140366460456107e+01 4.278262370417234553e-04 5.312481290151690239e+00
2.164389086064020347e-04 8.784989110178617011e+01 8.784928919506243972e+01 4.327841458831445626e-04 5.307466908942963357e+00
2.189476762856620634e-04 8.784774139907659674e+01 8.784712546916640008e+01 4.377994973871608101e-04 5.302452296450379521e+00
2.214855233726359179e-04 8.784554162012904044e+01 8.784491134058882267e+01 4.428729567950449105e-04 5.297437447133211741e+00
2.240527869300018224e-04 8.784329059957570962e+01 8.784264563637528056e+01 4.480051970453672368e-04 5.292422355319766680e+00
2.266498079273692845e-04 8.784098714498190930e+01 8.784032715632858412e+01 4.531968988628995334e-04 5.287407015204312444e+00
2.292769312865648647e-04 8.783863003621993926e+01 8.783795467237905541e+01 4.584487508485416253e-04 5.282391420843927321e+00
2.319345059274427543e-04 8.783621802482866769e+01 8.783552692793971062e+01 4.637614495702829451e-04 5.277375566155278364e+00
2.346228848142262321e-04 8.783374983335843922e+01 8.783304263724680538e+01 4.691356996552108020e-04 5.272359444911325355e+00
2.373424250023866149e-04 8.783122415470069200e+01 8.783050048468491866e+01 4.745722138825771044e-04 5.267343050737937737e+00
2.400934876860651764e-04 8.782863965140225559e+01 8.782789912409768363e+01 4.800717132779357848e-04 5.262326377110447595e+00
2.428764382460450548e-04 8.782599495496432951e+01 8.782523717808155084e+01 4.856349272083631814e-04 5.257309417350110259e+00
2.456916462982790305e-04 8.782328866512537502e+01 8.782251323726417525e+01 4.912625934787734090e-04 5.252292164620486759e+00
2.485394857429798422e-04 8.782051934912658453e+01 8.781972585956525279e+01 4.969554584293418929e-04 5.247274611923735677e+00
2.514203348142796828e-04 8.781768554096238688e+01 8.781687356944212297e+01 5.027142770340490468e-04 5.242256752096831285e+00
2.543345761304648361e-04 8.781478574061199538e+01 8.781395485711631466e+01 5.085398130003566160e-04 5.237238577807676876e+00
2.572825967447932359e-04 8.781181841325449966e+01 8.781096817778377783e+01 5.144328388700315953e-04 5.232220081551136381e+00
2.602647881969004482e-04 8.780878198846546923e+01 8.780791195080620071e+01 5.203941361211270435e-04 5.227201255644971845e+00
2.632815465648020189e-04 8.780567485939577921e+01 8.780478455888473377e+01 5.264244952711378493e-04 5.222182092225685857e+00
2.663332725174980963e-04 8.780249538193120884e+01 8.780158434721349181e+01 5.325247159813399026e-04 5.217162583244260077e+00
2.694203713681882413e-04 8.779924187383289791e+01 8.779830962261557659e+01 5.386956071623296956e-04 5.212142720461806711e+00
2.725432531281027707e-04 8.779591261385837697e+01 8.779495865265776899e+01 5.449379870807771449e-04 5.207122495445104526e+00
2.757023325609582747e-04 8.779250584086277343e+01 8.779152966474570974e+01 5.512526834674043221e-04 5.202101899562037168e+00
2.788980292380439777e-04 8.778901975287868709e+01 8.778802084519880111e+01 5.576405336262050530e-04 5.197080923976922229e+00
2.821307675939470740e-04 8.778545250617686690e+01 8.778443033830372144e+01 5.641023845449193727e-04 5.192059559645737288e+00
2.854009769829237591e-04 8.778180221430288555e+01 8.778075624534609744e+01 5.706390930067781241e-04 5.187037797311221610e+00
2.887090917359234400e-04 8.777806694709471458e+01 8.777699662362088873e+01 5.772515257035287567e-04 5.182015627497873034e+00
2.920555512182745244e-04 8.777424472967616964e+01 8.777314948541935280e+01 5.839405593497619526e-04 5.176993040506823185e+00
2.954407998880379709e-04 8.777033354142784560e+01 8.776921279699411116e+01 5.907070807985491607e-04 5.171970026410594556e+00
2.988652873550382482e-04 8.776633131493495910e+01 8.776518447750015639e+01 5.975519871584092542e-04 5.166946575047734136e+00
3.023294684405776131e-04 8.776223593491171471e+01 8.776106239791128871e+01 6.044761859116172141e-04 5.161922676017316469e+00
3.058338032378431388e-04 8.775804523710033322e+01 8.775684437991310460e+01 6.114805950338720762e-04 5.156898318673324155e+00
3.093787571730136510e-04 8.775375700714542404e+01 8.775252819477054800e+01 6.185661431153371536e-04 5.151873492118896891e+00
3.129648010670750265e-04 8.774936897944407121e+01 8.774811156216880192e+01 6.257337694830710732e-04 5.146848185200435744e+00
3.165924111983520412e-04 8.774487883596796678e+01 8.774359214903019222e+01 6.329844243248628540e-04 5.141822386501583075e+00
3.202620693657650080e-04 8.774028420506013504e+01 8.773896756830164634e+01 6.403190688144881583e-04 5.136796084337049706e+00
3.239742629528195514e-04 8.773558266020508256e+01 8.773423537771735425e+01 6.477386752384031937e-04 5.131769266746299962e+00
3.277294849923381931e-04 8.773077171876889224e+01 8.772939307853151547e+01 6.552442271238911225e-04 5.126741921487096398e+00
3.315282342319423150e-04 8.772584884071397937e+01 8.772443811422375859e+01 6.628367193686799481e-04 5.121714036028877537e+00
3.353710152002928996e-04 8.772081142728212910e+01 8.771936786917470386e+01 6.705171583720454355e-04 5.116685597545996167e+00
3.392583382740992125e-04 8.771565681964996486e+01 8.771417966731243610e+01 6.782865621674184688e-04 5.111656592910788888e+00
3.431907197459042598e-04 8.771038229755249915e+01 8.770887077072771376e+01 6.861459605565126780e-04 5.106627008686486668e+00
3.471686818926559680e-04 8.770498507787745268e+01 8.770343837825832622e+01 6.940963952449906568e-04 5.101596831119953102e+00
3.511927530450727588e-04 8.769946231322634844e+01 8.769787962404276982e+01 7.021389199796836253e-04 5.096566046134264560e+00
3.552634676578139260e-04 8.769381109044476830e+01 8.769219157603914994e+01 7.102746006873862216e-04 5.091534639321102951e+00
3.593813663804625697e-04 8.768802842911865980e+01 8.768637123451368609e+01 7.185045156152400836e-04 5.086502595932975268e+00
3.635469961293317630e-04 8.768211128003746069e+01 8.768041553049314984e+01 7.268297554727271449e-04 5.081469900875252854e+00
3.677609101601030626e-04 8.767605652362307467e+01 8.767432132418372248e+01 7.352514235752898855e-04 5.076436538698017031e+00
3.720236681413065759e-04 8.766986096832262376e+01 8.766808540335490818e+01 7.437706359895959914e-04 5.071402493587720883e+00
3.763358362286532656e-04 8.766352134896763459e+01 8.766170448168614371e+01 7.523885216804686738e-04 5.066367749358646755e+00
3.806979871402283821e-04 8.765703432509342008e+01 8.765517519707778149e+01 7.611062226594977193e-04 5.061332289444171018e+00
3.851107002325568655e-04 8.765039647922438348e+01 8.764849410992407286e+01 7.699248941353541457e-04 5.056296096887816560e+00
3.895745615775500948e-04 8.764360431511876470e+01 8.764165770134719935e+01 7.788457046658246209e-04 5.051259154334097445e+00
3.940901640403447737e-04 8.763665425597542935e+01 8.763466237139311943e+01 7.878698363115875427e-04 5.046221444019152180e+00
3.986581073580438726e-04 8.762954264260062587e+01 8.762750443718690008e+01 7.969984847917480205e-04 5.041182947761151389e+00
4.032789982193705223e-04 8.762226573153448328e+01 8.762018013104628267e+01 8.062328596411544182e-04 5.036143646950478114e+00
4.079534503452448896e-04 8.761481969313565799e+01 8.761268559855535898e+01 8.155741843695136963e-04 5.031103522539686068e+00
4.126820845702952015e-04 8.760720060962347588e+01 8.760501689659427882e+01 8.250236966223281057e-04 5.026062555033210977e+00
4.174655289253134888e-04 8.759940447307744193e+01 8.759716999132569981e+01 8.345826483436727481e-04 5.021020724476846553e+00
4.223044187206672164e-04 8.759142718339244027e+01 8.758914075613759564e+01 8.442523059408347120e-04 5.015978010446974444e+00
4.271993966306776428e-04 8.758326454618840273e+01 8.758092496953963746e+01 8.540339504508355755e-04 5.010934392039529506e+00
4.321511127789761839e-04 8.757491227067487216e+01 8.757251831301448419e+01 8.639288777088571184e-04 5.005889847858719932e+00
4.371602248248502198e-04 8.756636596746828616e+01 8.756391636882105445e+01 8.739383985185937695e-04 5.000844356005469393e+00
4.422273980505897289e-04 8.755762114636068816e+01 8.755511461775033411e+01 8.840638388245508714e-04 4.995797894065596267e+00
4.473533054498462949e-04 8.754867321404171321e+01 8.754610843683168753e+01 8.943065398863129416e-04 4.990750439097705993e+00
4.525386278170166862e-04 8.753951747176847675e+01 8.753689309698907550e+01 9.046678584548037199e-04 4.985701967620806307e+00
4.577840538376616304e-04 8.753014911298572542e+01 8.752746376064634148e+01 9.151491669505586049e-04 4.980652455601620510e+00
4.630902801799736631e-04 8.752056322089435980e+01 8.751781547928052873e+01 9.257518536440346307e-04 4.975601878441616499e+00
4.684580115873045137e-04 8.751075476596662384e+01 8.750794319092173623e+01 9.364773228379794524e-04 4.970550210963712523e+00
4.738879609717650920e-04 8.750071860340788987e+01 8.749784171759881701e+01 9.473269950518823247e-04 4.965497427398683605e+00
4.793808495089107069e-04 8.749044947056265187e+01 8.748750576272946944e+01 9.583023072085320110e-04 4.960443501371236685e+00
4.849374067335233355e-04 8.747994198426566470e+01 8.747692990845523298e+01 9.694047128227027644e-04 4.955388405885767789e+00
4.905583706365045484e-04 8.746919063813480477e+01 8.746610861291709682e+01 9.806356821919952685e-04 4.950332113311775473e+00
4.962444877628913436e-04 8.745818979980563768e+01 8.745503620747390983e+01 9.919967025898547650e-04 4.945274595368926995e+00
5.019965133110079530e-04 8.744693370810858823e+01 8.744370689386066431e+01 1.003489278460790004e-03 4.940215823111784310e+00
5.078152112327670659e-04 8.743541647018213325e+01 8.743211474128546001e+01 1.015114931617820552e-03 4.935155766914157915e+00
5.137013543351339135e-04 8.742363205852730346e+01 8.742025368346517666e+01 1.026875201442176535e-03 4.930094396453095662e+00
5.196557243827657369e-04 8.741157430799775341e+01 8.740811751559695608e+01 1.038771645085271840e-03 4.925031680692492309e+00
5.256791122018419265e-04 8.739923691272612416e+01 8.739569989126592020e+01 1.050805837672984288e-03 4.919967587866311831e+00
5.317723177850966487e-04 8.738661342298522072e+01 8.738299431928732020e+01 1.062979372512260975e-03 4.914902085461414494e+00
5.379361503980697925e-04 8.737369724198217114e+01 8.736999416048072931e+01 1.075293861300079820e-03 4.909835140199976244e+00
5.441714286865887004e-04 8.736048162258532557e+01 8.735669262437740201e+01 1.087750934334789834e-03 4.904766718021492444e+00
5.504789807854967333e-04 8.734695966398203382e+01 8.734308276585751685e+01 1.100352240729861797e-03 4.899696784064355271e+00
5.568596444286409188e-04 8.733312430826558170e+01 8.732915748171640757e+01 1.113099448630070366e-03 4.894625302646995912e+00
5.633142670601351629e-04 8.731896833695162741e+01 8.731490950715971167e+01 1.125994245430138188e-03 4.889552237248582678e+00
5.698437059469136636e-04 8.730448436742041451e+01 8.730033141222436655e+01 1.139038337995871945e-03 4.884477550489256359e+00
5.764488282925873171e-04 8.728966484928602654e+01 8.728541559812569517e+01 1.152233452887810273e-03 4.879401204109902856e+00
5.831305113526218760e-04 8.727450206068907335e+01 8.727015429352799458e+01 1.165581336587420865e-03 4.874323158951443524e+00
5.898896425508493501e-04 8.725898810451325005e+01 8.725453955073793111e+01 1.179083755725869294e-03 4.869243374933632573e+00
5.967271195973310833e-04 8.724311490452348039e+01 8.723856324181998900e+01 1.192742497315388414e-03 4.864161811033360650e+00
6.036438506075863814e-04 8.722687420142435144e+01 8.722221705463104513e+01 1.206559368983281706e-03 4.859078425262430834e+00
6.106407542232036075e-04 8.721025754883773118e+01 8.720549248877391335e+01 1.220536199208584888e-03 4.853993174644819497e+00
6.177187597338488134e-04 8.719325630919789205e+01 8.718838085146842332e+01 1.234674837561417415e-03 4.848906015193388264e+00
6.248788072006888211e-04 8.717586164956379946e+01 8.717087325333805836e+01 1.248977154945055124e-03 4.843816901886048853e+00
6.321218475812448011e-04 8.715806453734478509e+01 8.715296060411075985e+01 1.263445043840752402e-03 4.838725788641354164e+00
6.394488428556943443e-04 8.713985573594098355e+01 8.713463360823391213e+01 1.278080418555345996e-03 4.833632628293523581e+00
6.468607661546327617e-04 8.712122580029553376e+01 8.711588276039952916e+01 1.292885215471664510e-03 4.828537372566858998e+00
6.543586018883235361e-04 8.710216507235719519e+01 8.709669834098076535e+01 1.307861393301793700e-03 4.823439972049558655e+00
6.619433458774394430e-04 8.708266367645254036e+01 8.707707041137685167e+01 1.323010933343203837e-03 4.818340376166910133e+00
6.696160054853222054e-04 8.706271151456617474e+01 8.705698880926550487e+01 1.338335839737787511e-03 4.813238533153844756e+00
6.773775997517752102e-04 8.704229826152646865e+01 8.703644314376091984e+01 1.353838139733838652e-03 4.808134390026831184e+00
6.852291595284064167e-04 8.702141336009786698e+01 8.701542279047686179e+01 1.369519883950999018e-03 4.803027892555109979e+00
6.931717276155407569e-04 8.700004601597515830e+01 8.699391688649303944e+01 1.385383146648211166e-03 4.797918985231234501e+00
7.012063589007183975e-04 8.697818519268120951e+01 8.697191432522235743e+01 1.401430025994707639e-03 4.792807611240915477e+00
7.093341204987996815e-04 8.695581960636455676e+01 8.694940375117916176e+01 1.417662644344072111e-03 4.787693712432137261e+00
7.175560918936927952e-04 8.693293772049716495e+01 8.692637355464643178e+01 1.434083148511403538e-03 4.782577229283548448e+00
7.258733650817253023e-04 8.690952774046949969e+01 8.690281186623984411e+01 1.450693710053622531e-03 4.777458100872086000e+00
7.342870447166765678e-04 8.688557760808301111e+01 8.687870655136893561e+01 1.467496525552948808e-03 4.772336264839834641e+00
7.427982482564918871e-04 8.686107499593653358e+01 8.685404520459199773e+01 1.484493816903589836e-03 4.767211657360087784e+00
7.514081061116969704e-04 8.683600730170826409e+01 8.682881514386542676e+01 1.501687831601672104e-03 4.762084213102604657e+00
7.601177617955330547e-04 8.681036164232904184e+01 8.680300340468417630e+01 1.519080843038454710e-03 4.756953865198020992e+00
7.689283720758312941e-04 8.678412484804715632e+01 8.677659673411359620e+01 1.536675150796857139e-03 4.751820545201424828e+00
7.778411071286489781e-04 8.675728345638357553e+01 8.674958158471110892e+01 1.554473080951341776e-03 4.746684183055048578e+00
7.868571506936851423e-04 8.672982370597534896e+01 8.672194410833462541e+01 1.572476986371184769e-03 4.741544707050069363e+00
7.959777002314985571e-04 8.670173153030610536e+01 8.669367014983990316e+01 1.590689247027174706e-03 4.736402043787491856e+00
8.052039670825478267e-04 8.667299255132462577e+01 8.666474524066225626e+01 1.609112270301776620e-03 4.731256118138095879e+00
8.145371766280745229e-04 8.664359207294590703e+01 8.663515459228362658e+01 1.627748491302797749e-03 4.726106853201415881e+00
8.239785684528520143e-04 8.661351507443804110e+01 8.660488308958279902e+01 1.646600373180595383e-03 4.720954170263739869e+00
8.335293965098195066e-04 8.658274620369154206e+01 8.657391528406836301e+01 1.665670407448864750e-03 4.715797988755095815e+00
8.431909292866259040e-04 8.655126977037011216e+01 8.654223538699280027e+01 1.684961114309046614e-03 4.710638226205198897e+00
8.529644499741025759e-04 8.651906973894284647e+01 8.650982726234764186e+01 1.704475042978393197e-03 4.705474798198348019e+00
8.628512566366895297e-04 8.648612972159591550e+01 8.647667441973695190e+01 1.724214772021732955e-03 4.700307618327221881e+00
8.728526623848379762e-04 8.645243297102366853e+01 8.644276000713125541e+01 1.744182909686978243e-03 4.695136598145573714e+00
8.829699955494092365e-04 8.641796237309792161e+01 8.640806680349740532e+01 1.764382094244409038e-03 4.689961647119770483e+00
8.932045998580968784e-04 8.638270043941442111e+01 8.637257721130738730e+01 1.784814994329780857e-03 4.684782672579173024e+00
9.035578346138930074e-04 8.634662929971710810e+01 8.633627324892248112e+01 1.805484309291297646e-03 4.679599579665310927e+00
9.140310748756232161e-04 8.630973069419793831e+01 8.629913654285431335e+01 1.826392769540486488e-03 4.674412271279829945e+00
9.246257116405742597e-04 8.627198596567279765e+01 8.626114831990048515e+01 1.847543136907025532e-03 4.669220648031171983e+00
9.353431520292386373e-04 8.623337605163331432e+01 8.622228939915663659e+01 1.868938204997558535e-03 4.664024608179976106e+00
9.461848194722001460e-04 8.619388147617308960e+01 8.618254018390256022e+01 1.890580799558548054e-03 4.658824047583141059e+00
9.571521538991865398e-04 8.615348234179005260e+01 8.614188065336306011e+01 1.912473778843204811e-03 4.653618859636536875e+00
9.682466119303123836e-04 8.611215832106290691e+01 8.610029035434486389e+01 1.934620033982542000e-03 4.648408935216328253e+00
9.794696670695395360e-04 8.606988864820367269e+01 8.605774839274646126e+01 1.957022489360595117e-03 4.643194162618857312e+00
9.908228099003797609e-04 8.602665211048378069e+01 8.601423342494503288e+01 1.979684102993858018e-03 4.637974427499080399e+00
1.002307548283865382e-03 8.598242703953854971e+01 8.596972364905784048e+01 2.002607866914974267e-03 4.632749612807486095e+00
1.013925407558815411e-03 8.593719130254544325e+01 8.592419679607954208e+01 2.025796807560735577e-03 4.627519598725491790e+00
1.025677930744421868e-03 8.589092229327998496e+01 8.587763012089763492e+01 2.049253986164431378e-03 4.622284262599251292e+00
1.037566678745185890e-03 8.584359692305062595e+01 8.583000039318358176e+01 2.072982499152597417e-03 4.617043478871845963e+00
1.049593230558227598e-03 8.579519161150994933e+01 8.578128388816465133e+01 2.096985478546206996e-03 4.611797119013821167e+00
1.061759183483000071e-03 8.574568227734808090e+01 8.573145637727441226e+01 2.121266092366362512e-03 4.606545051452020978e+00
1.074066153333433447e-03 8.569504432886633083e+01 8.568049311868554696e+01 2.145827545044522860e-03 4.601287141496668731e+00
1.086515774652538433e-03 8.564325265443387991e+01 8.562836884772504220e+01 2.170673077837328296e-03 4.596023251266672105e+00
1.099109700929497193e-03 8.559028161283009695e+01 8.557505776717553658e+01 2.195805969246060908e-03 4.590753239613078129e+00
1.111849604819271095e-03 8.553610502347311240e+01 8.552053353746300957e+01 2.221229535440800984e-03 4.585476962040655025e+00
1.124737178364752007e-03 8.548069615653827213e+01 8.546476926673457797e+01 2.246947130689319182e-03 4.580194270627537811e+00
1.137774133221491381e-03 8.542402772296861713e+01 8.540773750082875893e+01 2.272962147790766503e-03 4.574905013942889731e+00
1.150962200885032299e-03 8.536607186437940697e+01 8.534941021314105569e+01 2.299278018514205012e-03 4.569609036962536841e+00
1.164303132920876775e-03 8.530680014286340906e+01 8.528975879438840479e+01 2.325898214042032217e-03 4.564306180982508288e+00
1.177798701197119331e-03 8.524618353069432430e+01 8.522875404227549723e+01 2.352826245418357214e-03 4.558996283530444060e+00
1.191450698119775895e-03 8.518419239993896497e+01 8.516636615106841646e+01 2.380065664002375871e-03 4.553679178274797401e+00
1.205260936870842505e-03 8.512079651197801411e+01 8.510256470107768223e+01 2.407620061926799698e-03 4.548354694931792785e+00
1.219231251649110712e-03 8.505596500694096562e+01 8.503731864805759244e+01 2.435493072561393472e-03 4.543022659170060429e+00
1.233363497913775872e-03 8.498966639306185300e+01 8.497059631252558631e+01 2.463688370981674969e-03 4.537682892512904687e+00
1.247659552630869806e-03 8.492186853595849527e+01 8.490236536900772535e+01 2.492209674442835352e-03 4.532335212238132627e+00
1.262121314522547276e-03 8.485253864784375821e+01 8.483259283521589111e+01 2.521060742858926597e-03 4.526979431275376164e+00
1.276750704319265777e-03 8.478164327667342093e+01 8.476124506116399004e+01 2.550245379287384949e-03 4.521615358100858018e+00
1.291549665014883998e-03 8.470914829523749745e+01 8.468828771822843748e+01 2.579767430418935040e-03 4.516242796629510892e+00
1.306520162124721234e-03 8.463501889020368196e+01 8.461368578816193065e+01 2.609630787072939745e-03 4.510861546104393049e+00
1.321664183946605082e-03 8.455921955111978150e+01 8.453740355206775803e+01 2.639839384698249112e-03 4.505471400983328323e+00
1.336983741824946661e-03 8.448171405938201417e+01 8.445940457934339918e+01 2.670397203879608643e-03 4.500072150822690631e+00
1.352480870417875451e-03 8.440246547718204795e+01 8.437965171660182762e+01 2.701308270849685049e-03 4.494663580158255733e+00
1.368157627967471913e-03 8.432143613643837909e+01 8.429810707658124613e+01 2.732576658006767144e-03 4.489245468383050053e+00
1.384016096573131502e-03 8.423858762772404418e+01 8.421473202705288941e+01 2.764206484438207819e-03 4.483817589622101529e+00
1.400058382468097589e-03 8.415388078920180703e+01 8.412948717973830526e+01 2.796201916449656943e-03 4.478379712604018792e+00
1.416286616299198848e-03 8.406727569557749291e+01 8.404233237924739797e+01 2.828567168100155470e-03 4.472931600529316043e+00
1.432702953409831009e-03 8.397873164708465765e+01 8.395322669205063448e+01 2.861306501743150592e-03 4.467473010935372635e+00
1.449309574126216591e-03 8.388820715851254306e+01 8.386212839549679643e+01 2.894424228573487436e-03 4.462003695557966054e+00
1.466108684046984459e-03 8.379565994829279418e+01 8.376899496689361513e+01 2.927924709180450627e-03 4.456523400189260187e+00
1.483102514336104337e-03 8.370104692765738719e+01 8.367378307266173465e+01 2.961812354106909892e-03 4.451031864532155602e+00
1.500293322019218348e-03 8.360432418988619929e+01 8.357644855758228175e+01 2.996091624414636521e-03 4.445528822050917483e+00
1.517683390283405343e-03 8.350544699965746531e+01 8.347694643415141513e+01 3.030767032255857023e-03 4.440013999817949752e+00
1.535275028780422714e-03 8.340436978252208178e+01 8.337523087206180605e+01 3.065843141451108592e-03 4.434487118356636337e+00
1.553070573933460147e-03 8.330104611451659480e+01 8.327125518782740698e+01 3.101324568073455818e-03 4.428947891480115473e+00
1.571072389247450424e-03 8.319542871193739586e+01 8.316497183457376252e+01 3.137215981039144508e-03 4.423396026125892000e+00
1.589282865622978049e-03 8.308746942129451440e+01 8.305633239201303297e+01 3.173522102704754225e-03 4.417831222186152651e+00
1.607704421673823627e-03 8.297711920946825614e+01 8.294528755662607011e+01 3.210247709470912848e-03 4.412253172333685747e+00
1.626339504048192157e-03 8.286432815409024499e+01 8.283178713207456667e+01 3.247397632392650790e-03 4.406661561843248975e+00
1.645190587753662514e-03 8.274904543417360969e+01 8.271578001986787854e+01 3.284976757796454708e-03 4.401056068408287558e+00
1.664260176485903671e-03 8.263121932101770994e+01 8.259721421031028399e+01 3.322990027904091856e-03 4.395436361952845594e+00
1.683550802961202323e-03 8.251079716941387687e+01 8.247603677375558107e+01 3.361442441463281805e-03 4.389802104438548014e+00
1.703065029252844422e-03 8.238772540917990739e+01 8.235219385219627952e+01 3.400339054385275415e-03 4.384152949666497712e+00
1.722805447131393972e-03 8.226194953705297053e+01 8.222563065121947545e+01 3.439684980389415628e-03 4.378488543073953743e+00
1.742774678408919205e-03 8.213341410897241701e+01 8.209629143235834192e+01 3.479485391654757714e-03 4.372808521525626269e+00
1.762975375287205784e-03 8.200206273278406854e+01 8.196411950587406636e+01 3.519745519478812302e-03 4.367112513099440818e+00
1.783410220710008025e-03 8.186783806140049080e+01 8.182905722400091975e+01 3.560470654943488373e-03 4.361400136866598665e+00
1.804081928719382779e-03 8.173068178645243620e+01 8.169104597469167572e+01 3.601666149588313420e-03 4.355671002665777891e+00
1.824993244816152391e-03 8.159053463247045102e+01 8.155002617590170644e+01 3.643337416090991054e-03 4.349924710871290401e+00
1.846146946324547485e-03 8.144733635163342456e+01 8.140593727044930006e+01 3.685489928955392337e-03 4.344160852155017238e+00
1.867545842761075955e-03 8.130102571912738085e+01 8.125871772149690742e+01 3.728129225207033309e-03 4.338379007241942809e+00
1.889192776207666326e-03 8.115154052915599436e+01 8.110830500869303705e+01 3.771260905096132827e-03 4.332578746659087265e+00
1.911090621689137941e-03 8.099881759164824757e+01 8.095463562502371246e+01 3.814890632808314464e-03 4.326759630477636343e+00
1.933242287555045260e-03 8.084279272971046737e+01 8.079764507441835519e+01 3.859024137183039195e-03 4.320921208048074114e+00
1.955650715865949168e-03 8.068340077787098608e+01 8.063726787016116759e+01 3.903667212439839579e-03 4.315063017728090422e+00
1.978318882784164089e-03 8.052057558116950986e+01 8.047343753415907486e+01 3.948825718912436951e-03 4.309184586603053368e+00
2.001249798969036847e-03 8.035424999514380318e+01 8.030608659712036967e+01 3.994505583790824467e-03 4.303285430198801720e+00
2.024446509976803900e-03 8.018435588677003523e+01 8.013514659970087450e+01 4.040712801871382785e-03 4.297365052186544965e+00
2.047912096665085481e-03 8.001082413641508140e+01 7.996054809467541702e+01 4.087453436315126830e-03 4.291422944079593904e+00
2.071649675602069141e-03 7.983358464085999628e+01 7.978222065019669174e+01 4.134733619414154328e-03 4.285458584921688185e+00
2.095662399480432980e-03 7.965256631745937455e+01 7.960009285420487402e+01 4.182559553366370711e-03 4.279471440966654328e+00
2.119953457536071038e-03 7.946769710950128740e+01 7.941409232005376850e+01 4.230937511058590131e-03 4.273460965349100249e+00
2.144526075971667656e-03 7.927890399283609213e+01 7.922414569342380730e+01 4.279873836858083709e-03 4.267426597745885175e+00
2.169383518385184159e-03 7.908611298384521149e+01 7.903017866059209950e+01 4.329374947412655689e-03 4.261367764028056726e+00
2.194529086203313769e-03 7.888924914882441897e+01 7.883211595813465067e+01 4.379447332459347232e-03 4.255283875902943436e+00
2.219966119119954652e-03 7.868823661485613741e+01 7.862988138413926720e+01 4.430097555641830318e-03 4.249174330546100720e+00
2.245697995539773940e-03 7.848299858225291814e+01 7.842339781100639584e+01 4.481332255336600151e-03 4.243038510222755022e+00
2.271728133026905232e-03 7.827345733865269040e+01 7.821258719992518138e+01 4.533158145488036354e-03 4.236875781898421067e+00
2.298059988758851136e-03 7.805953427485123086e+01 7.799737061710740704e+01 4.585582016452423131e-03 4.230685496838331616e+00
2.324697059985648094e-03 7.784114990246203547e+01 7.777766825187107713e+01 4.638610735851023820e-03 4.224466990195294258e+00
2.351642884494348565e-03 7.761822387349404551e+01 7.755339943666533031e+01 4.692251249432280100e-03 4.218219580585609307e+00
2.378901041078893431e-03 7.739067500194114757e+01 7.732448266913246471e+01 4.746510581943255529e-03 4.211942569652626034e+00
2.406475150015424062e-03 7.715842128748471396e+01 7.709083563630589708e+01 4.801395838010365062e-03 4.205635241617533104e+00
2.434368873543110365e-03 7.692137994140634305e+01 7.685237524104731222e+01 4.856914203029539731e-03 4.199296862816947140e+00
2.462585916350546866e-03 7.667946741481955542e+01 7.660901763082713956e+01 4.913072944065859440e-03 4.192926681226832208e+00
2.491130026067788373e-03 7.643259942932486695e+01 7.636067822895817869e+01 4.969879410762786595e-03 4.186523925972296389e+00
2.520004993764092018e-03 7.618069101020262224e+01 7.610727176839505148e+01 5.027341036261074279e-03 4.180087806822762708e+00
2.549214654451422910e-03 7.592365652225552708e+01 7.584871232821359399e+01 5.085465338127442662e-03 4.173617513672003732e+00
2.578762887593801043e-03 7.566140970842073443e+01 7.558491337289100898e+01 5.144259919293117309e-03 4.167112216002512248e+00
2.608653617622547997e-03 7.539386373127243246e+01 7.531578779450809691e+01 5.203732469002327402e-03 4.160571062333636938e+00
2.638890814457510187e-03 7.512093121753912328e+01 7.504124795799896219e+01 5.263890763770856691e-03 4.153993179652922585e+00
2.669478494034320699e-03 7.484252430576390225e+01 7.476120574957867859e+01 5.324742668354736502e-03 4.147377672830032225e+00
2.700420718837772543e-03 7.455855469723924500e+01 7.447557262847935533e+01 5.386296136729179680e-03 4.140723624012624171e+00
2.731721598441376204e-03 7.426893371035021119e+01 7.418425968213165334e+01 5.448559213077856962e-03 4.134030092003533774e+00
2.763385290053169997e-03 7.397357233846456381e+01 7.388717768492912796e+01 5.511540032792605973e-03 4.127296111618550256e+00
2.795415999067856535e-03 7.367238131150836011e+01 7.358423716071813203e+01 5.575246823483670858e-03 4.120520693024090519e+00
2.827817979625341181e-03 7.336527116137467885e+01 7.327534844915730616e+01 5.639687906000574041e-03 4.113702821054000758e+00
2.860595535175741895e-03 7.305215229130594423e+01 7.296042177609349721e+01 5.704871695463714643e-03 4.106841454504714051e+00
2.893753019050950264e-03 7.273293504940589571e+01 7.263936732810606145e+01 5.770806702306797639e-03 4.099935525407924608e+00
2.927294835042816134e-03 7.240752980642542980e+01 7.231209533136956225e+01 5.837501533330184851e-03 4.092983938279932232e+00
2.961225437988034351e-03 7.207584703798339376e+01 7.197851613499172174e+01 5.904964892765280499e-03 4.085985569346750168e+00
2.995549334359812969e-03 7.173779741137208532e+01 7.163854029898263320e+01 5.973205583350041543e-03 4.078939265744032205e+00
3.030271082866396216e-03 7.139329187711010150e+01 7.129207868701439565e+01 6.042232507415717761e-03 4.071843844690834935e+00
3.065395295056526793e-03 7.104224176539872815e+01 7.093904256413046028e+01 6.112054667984924763e-03 4.064698092636174209e+00
3.100926635931926852e-03 7.068455888764412975e+01 7.057934369956760179e+01 6.182681169881151448e-03 4.057500764377299340e+00
3.136869824566876613e-03 7.032015564320720102e+01 7.021289447485213486e+01 6.254121220849806831e-03 4.050250582148541945e+00
3.173229634734976452e-03 6.994894513154156357e+01 6.983960799733263514e+01 6.326384132690906006e-03 4.042946234679539508e+00
3.210010895543171858e-03 6.957084126988448247e+01 6.945939821931327174e+01 6.399479322403503652e-03 4.035586376221597327e+00
3.247218492073128838e-03 6.918575891666016275e+01 6.907218006294955615e+01 6.473416313341970492e-03 4.028169625540858334e+00
3.284857366030043482e-03 6.879361400075855215e+01 6.867786955106824109e+01 6.548204736384238486e-03 4.020694564876907684e+00
3.322932516398971556e-03 6.839432365684889703e+01 6.827638394407127009e+01 6.623854331112094540e-03 4.013159738865352821e+00
3.361449000108765288e-03 6.798780636688444190e+01 6.786764188308229961e+01 6.700374947003646768e-03 4.005563653422866466e+00
3.400411932703706255e-03 6.757398210795628302e+01 6.745156353949060701e+01 6.777776544638061326e-03 3.997904774593067145e+00
3.439826489022924580e-03 6.715277250664559006e+01 6.702807077104495193e+01 6.856069196912685168e-03 3.990181527351567947e+00
3.479697903887691603e-03 6.672410100002343825e+01 6.659708728464353555e+01 6.935263090272653606e-03 3.982392294368402919e+00
3.520031472796678832e-03 6.628789300344105584e+01 6.615853880596493752e+01 7.015368525953091967e-03 3.974535414725962834e+00
3.560832552629277729e-03 6.584407608524620059e+01 6.571235325607389655e+01 7.096395921234025829e-03 3.966609182590465466e+00
3.602106562357070083e-03 6.539258014855873569e+01 6.525846093513351320e+01 7.178355810708102192e-03 3.958611845834878906e+00
3.643858983763544404e-03 6.493333762022422206e+01 6.479679471334510765e+01 7.261258847561234339e-03 3.950541604611109925e+00
3.686095362172158059e-03 6.446628364706297987e+01 6.432729022922755746e+01 7.345115804866280546e-03 3.942396609869133428e+00
3.728821307182833642e-03 6.399135629951521054e+01 6.384988609533930770e+01 7.429937576889856371e-03 3.934174961820625871e+00
3.772042493416997554e-03 6.350849678277592858e+01 6.336452411153276643e+01 7.515735180412415860e-03 3.925874708344514019e+00
3.815764661271248397e-03 6.301764965549934061e+01 6.287114948581996998e+01 7.602519756061677098e-03 3.917493843331718129e+00
3.859993617679767074e-03 6.251876305613765794e+01 6.236971106291167644e+01 7.690302569659536978e-03 3.909030304966196745e+00
3.904735236885560103e-03 6.201178893696402383e+01 6.186016156047820402e+01 7.779095013582561918e-03 3.900481973939246672e+00
3.949995461220642823e-03 6.149668330581325648e+01 6.134245781316236901e+01 7.868908608136175944e-03 3.891846671593827356e+00
3.995780301895269192e-03 6.097340647555385829e+01 6.081656102435326261e+01 7.959755002942671062e-03 3.883122157995479995e+00
4.042095839796309639e-03 6.044192332128354650e+01 6.028243702571304397e+01 8.051645978343124899e-03 3.874306129926227360e+00
4.088948226294864159e-03 5.990220354522024593e+01 5.974005654442148483e+01 8.144593446813326240e-03 3.865396218797607197e+00
4.136343684063278035e-03 5.935422194923315686e+01 5.918939547808101054e+01 8.238609454393927903e-03 3.856389988478753583e+00
4.184288507901584922e-03 5.879795871493422510e+01 5.863043517719592757e+01 8.333706182134763621e-03 3.847284933035210575e+00
4.232789065573553354e-03 5.823339969121938964e+01 5.806316273511174586e+01 8.429895947553592631e-03 3.838078474373874727e+00
4.281851798652415615e-03 5.766053668911983721e+01 5.748757128526732885e+01 8.527191206109317051e-03 3.828767959789181052e+00
4.331483223376403000e-03 5.707936778378734033e+01 5.690366030558045907e+01 8.625604552689784821e-03 3.819350659405350790e+00
4.381689931514195016e-03 5.648989762340460175e+01 5.631143592974732570e+01 8.725148723114322172e-03 3.809823763509155192e+00
4.432478591240400501e-03 5.589213774477004648e+01 5.571091126520224890e+01 8.825836595651070232e-03 3.800184379767335585e+00
4.483855948021191196e-03 5.528610689526713173e+01 5.510210671743644184e+01 8.927681192549283620e-03 3.790429530322398044e+00
4.535828825510191016e-03 5.467183136088245732e+01 5.448505032033406081e+01 9.030695681586653478e-03 3.780556148760113810e+00
4.588404126454761513e-03 5.404934529989078129e+01 5.385977807213343738e+01 9.134893377631818009e-03 3.770561076941594258e+00
4.641588833612782412e-03 5.341869108177471759e+01 5.322633427657197558e+01 9.240287744222135113e-03 3.760441061692346931e+00
4.695390010680062544e-03 5.277991963089261418e+01 5.258477188871847119e+01 9.346892395156848957e-03 3.750192751340187147e+00
4.749814803228504315e-03 5.213309077435393846e+01 5.193515286494005068e+01 9.454721096105778849e-03 3.739812692093330337e+00
4.804870439655133628e-03 5.147827359349923171e+01 5.127754851639090106e+01 9.563787766233592877e-03 3.729297324249388090e+00
4.860564232142139222e-03 5.081554677832058076e+01 5.061203986534525257e+01 9.674106479839839762e-03 3.718642978225338958e+00
4.916903577628031589e-03 5.014499898409282963e+01 4.993871800363181990e+01 9.785691468014806604e-03 3.707845870397835419e+00
4.973895958790068052e-03 4.946672918941317931e+01 4.925768445235580373e+01 9.898557120311349961e-03 3.696902098742467224e+00
5.031548945038056761e-03 4.878084705477874650e+01 4.856905152202071463e+01 1.001271798643277311e-02 3.685807638259744223e+00
5.089870193519685330e-03 4.808747328075062910e+01 4.787294267208629606e+01 1.012818877793689870e-02 3.674558336174705619e+00
5.148867450137497269e-03 4.738673996467700533e+01 4.716949286891837545e+01 1.024498436995642872e-02 3.663149906896060681e+00
5.208548550577665401e-03 4.667879095486323848e+01 4.645884894100280604e+01 1.036311980293570280e-02 3.651577926719744127e+00
5.268921421350676766e-03 4.596378220099135348e+01 4.574116993020915345e+01 1.048261028438397281e-02 3.639837828260597874e+00
5.329994080844092930e-03 4.524188209950290229e+01 4.501662743780088505e+01 1.060347119064530656e-02 3.627924894594677596e+00
5.391774640387505396e-03 4.451327183256596953e+01 4.428540596379588834e+01 1.072571806868521417e-02 3.615834253093320960e+00
5.454271305329836186e-03 4.377814569915366150e+01 4.354770323818557642e+01 1.084936663789412385e-02 3.603560868928634697e+00
5.517492376129128420e-03 4.303671143666392851e+01 4.280373054242467390e+01 1.097443279190780767e-02 3.591099538228483823e+00
5.581446249454966556e-03 4.228919053140949558e+01 4.205371301950262364e+01 1.110093260044487176e-02 3.578444880857303723e+00
5.646141419303672866e-03 4.153581851620766940e+01 4.129788997080685675e+01 1.122888231116140473e-02 3.565591332797157342e+00
5.711586478126434545e-03 4.077684525319472186e+01 4.053651513788464911e+01 1.135829835152290385e-02 3.552533138101395149e+00
5.777790117970507157e-03 4.001253519988581786e+01 3.976985696710654139e+01 1.148919733069358497e-02 3.539264340390998242e+00
5.844761131633637551e-03 3.924316765639659366e+01 3.899819885512933126e+01 1.162159604144316280e-02 3.525778773861214077e+00
5.912508413831881436e-03 3.846903699163650714e+01 3.822183937295233136e+01 1.175551146207124906e-02 3.512070053763396871e+00
5.981040962380944001e-03 3.769045284618000835e+01 3.744109246625629339e+01 1.189096075834940314e-02 3.498131566323978259e+00
6.050367879391223974e-03 3.690774030941638983e+01 3.665628762961186737e+01 1.202796128548101404e-02 3.483956458059286998e+00
6.120498372476702517e-03 3.612124006847911062e+01 3.586777005204427127e+01 1.216653059007904818e-02 3.469537624441351831e+00
6.191441755977847815e-03 3.533130852635306951e+01 3.507590073134306863e+01 1.230668641216181754e-02 3.454867697865963816e+00
6.263207452198692356e-03 3.453831788646532175e+01 3.428105655441250832e+01 1.244844668716682361e-02 3.439939034869985868e+00
6.335804992658253774e-03 3.374265620097090590e+01 3.348363034087026335e+01 1.259182954798280206e-02 3.424743702540249402e+00
6.409244019356457114e-03 3.294472737986125566e+01 3.268403084701870398e+01 1.273685332700006181e-02 3.409273464051231439e+00
6.483534286054726779e-03 3.214495115794279911e+01 3.188268272724056729e+01 1.288353655817918442e-02 3.393519763263110001e+00
6.558685659571435525e-03 3.134376301666267040e+01 3.108002644980318863e+01 1.303189797913823639e-02 3.377473708305628985e+00
6.634708121092351002e-03 3.054161405769742288e+01 3.027651816400122797e+01 1.318195653325851709e-02 3.361126054066448710e+00
6.711611767496287149e-03 2.973897082516962698e+01 2.947262951552505328e+01 1.333373137180898435e-02 3.344467183495283269e+00
6.789406812696112230e-03 2.893631507331992125e+01 2.866884740691185840e+01 1.348724185608942555e-02 3.327487087627013285e+00
6.868103588995307790e-03 2.813414347643819369e+01 2.786567369992380350e+01 1.364250755959247469e-02 3.310175344218134086e+00
6.947712548460239883e-03 2.733296727785042535e+01 2.706362485670163309e+01 1.379954827018451367e-02 3.292521094881232457e+00
7.028244264308352446e-03 2.653331187476788600e+01 2.626323151656647426e+01 1.395838399230563825e-02 3.274513020591651280e+00
7.109709432312438099e-03 2.573571633583609497e+01 2.546503800538935280e+01 1.411903494918864861e-02 3.256139315429086523e+00
7.192118872221192789e-03 2.494073284827440773e+01 2.466960177451974801e+01 1.428152158509725204e-02 3.237387658404458968e+00
7.275483529196232965e-03 2.414892609157175229e+01 2.387749276636349194e+01 1.444586456758348812e-02 3.218245183209059057e+00
7.359814475265771296e-03 2.336087253481082371e+01 2.308929270382995469e+01 1.461208478976446304e-02 3.198698445708644034e+00
7.445122910795143496e-03 2.257715965482249487e+01 2.230559430103182805e+01 1.478020337261851287e-02 3.178733388989962716e+00
7.531420165974375344e-03 2.179838507253753832e+01 2.152700039282064282e+01 1.495024166730077667e-02 3.158335305751143629e+00
7.618717702322998914e-03 2.102515560510003922e+01 2.075412298098157393e+01 1.512222125747835107e-02 3.137488797810775942e+00
7.707027114212303652e-03 2.025808623153952581e+01 1.998758219519555013e+01 1.529616396168499877e-02 3.116177732493588870e+00
7.796360130405236531e-03 1.949779897007220697e+01 1.922800516720956310e+01 1.547209183569554086e-02 3.094385195633916119e+00
7.886728615614155974e-03 1.874492166541388016e+01 1.847602481704177535e+01 1.565002717491996431e-02 3.072093440922347263e+00
7.978144572076628638e-03 1.800008668484418450e+01 1.773227855049148616e+01 1.582999251681728795e-02 3.049283835307144308e+00
8.070620141149507584e-03 1.726392952216386334e+01 1.699740686773091980e+01 1.601201064332928928e-02 3.025936800151705075e+00
8.164167604921472240e-03 1.653708730913639613e+01 1.627205188333248387e+01 1.619610458333407832e-02 3.002031747844730702e+00
8.258799387844271284e-03 1.582019723450510540e+01 1.555685575873819815e+01 1.638229761511961549e-02 2.977547013563889955e+00
8.354528058382871408e-03 1.511389487122809783e+01 1.485245904891674051e+01 1.657061326887722744e-02 2.952459781911003667e+00
8.451366330684721012e-03 1.441881241317675588e+01 1.415949896578614542e+01 1.676107532921507909e-02 2.926746008173192415e+00
8.549327066268383804e-03 1.373557682320186579e+01 1.347860756191958309e+01 1.695370783769175813e-02 2.900380334028560103e+00
8.648423275731726215e-03 1.306480789518438534e+01 1.281040983910960662e+01 1.714853509536991977e-02 2.873335997618818638e+00
8.748668120479913615e-03 1.240711623345508130e+01 1.215552178756052015e+01 1.734558166539003007e-02 2.845584738071543551e+00
8.850074914473439122e-03 1.176310115379058097e+01 1.151454836282616156e+01 1.754487237556428755e-02 2.817096694795027556e+00
8.952657125996400095e-03 1.113334851106979606e+01 1.088808140913527644e+01 1.774643232099068837e-02 2.787840302221992417e+00
9.056428379445294677e-03 1.051842845960359618e+01 1.027669753947137288e+01 1.795028686668728723e-02 2.757782181191074766e+00
9.161402457138520528e-03 9.918893153130971641e+00 9.680955984726743679e+00 1.815646165024662265e-02 2.726887028892363674e+00
9.267593301146882789e-03 9.335274392500114260e+00 9.101396426453012722e+00 1.836498258451040727e-02 2.695117510356970225e+00
9.375015015145289968e-03 8.768081230123442538e+00 8.538536830197401173e+00 1.857587586026437573e-02 2.662434155969781724e+00
9.483681866285927423e-03 8.217797541402719119e+00 7.992871299131717677e+00 1.878916794895335585e-02 2.628795271609983608e+00
9.593608287093146128e-03 7.684879574459047902e+00 7.464867970579356360e+00 1.900488560541657018e-02 2.594156871028272082e+00
9.704808877380306092e-03 7.169753490666840534e+00 6.954966980940400667e+00 1.922305587064311247e-02 2.558472644302410615e+00
9.817298406188841586e-03 6.672812909668928150e+00 6.463578527004497865e+00 1.944370607454759536e-02 2.521693982150920110e+00
9.931091813749801447e-03 6.194416473734706940e+00 5.991081052927423656e+00 1.966686383876597999e-02 2.483770084163742009e+00
1.004620421346813161e-02 5.734885447501447686e+00 5.537819590729827546e+00 1.989255707947154561e-02 2.444648190442399116e+00
1.016265089392995140e-02 5.294501370297650666e+00 5.104104275369379273e+00 2.012081401021092661e-02 2.404273991701887159e+00
1.028044732093309765e-02 4.873503779372673428e+00 4.690209038656291796e+00 2.035166314476025140e-02 2.362592293582097103e+00
1.039960913954120388e-02 4.472088023431783022e+00 4.296370452184539168e+00 2.058513330000127928e-02 2.319548037472378255e+00
1.052015217616159015e-02 4.090403186882874742e+00 3.922786627334138299e+00 2.082125359881751778e-02 2.275087812319934955e+00
1.064209244064724669e-02 3.728550146120714448e+00 3.569615977120330186e+00 2.106005347301027550e-02 2.229162027231518017e+00
1.076544612842315896e-02 3.386579779985898764e+00 3.236975489798598282e+00 2.130156266623451158e-02 2.181727946844789212e+00
1.089022962263730583e-02 3.064491357215422429e+00 2.924937963545087172e+00 2.154581123695454778e-02 2.132753808681030705e+00
1.101645949633657008e-02 2.762231124227238599e+00 2.633527451565426780e+00 2.179282956141941410e-02 2.082224227436423991e+00
1.114415251466788215e-02 2.479691116925542893e+00 2.362712079152150313e+00 2.204264833665786974e-02 2.030147029520807500e+00
1.127332563710487130e-02 2.216708220352022529e+00 2.112393584894514120e+00 2.229529858349292917e-02 1.976561547023361065e+00
1.140399601970033122e-02 1.973063499912298013e+00 1.882393537004620088e+00 2.255081164957584150e-02 1.921548245430246382e+00
1.153618101736478448e-02 1.748481827549981604e+00 1.672437123165965600e+00 2.280921921243937028e-02 1.865239379942440934e+00
1.166989818617147553e-02 1.542631825594089623e+00 1.482136404671466456e+00 2.307055328257033230e-02 1.807830164693609687e+00
1.180516528568805595e-02 1.355126150042204269e+00 1.310975599281731574e+00 2.333484620650116970e-02 1.749589665481864120e+00
1.194200028133532432e-02 1.185522133734298711e+00 1.158301152779582344e+00 2.360213066992055547e-02 1.690870278122582171e+00
1.208042134677328981e-02 1.033322808195391573e+00 1.023319133973727535e+00 2.387243970080275487e-02 1.632114289587805134e+00
1.222044686631488727e-02 8.979783208551082030e-01 9.051018999402663523e-01 2.414580667255569052e-02 1.573855757484074136e+00
1.236209543736769070e-02 7.788877618680526416e-01 8.026049929056420229e-01 2.442226530718753785e-02 1.516715912281066503e+00
1.250538587290391315e-02 6.754014118430580194e-01 7.146938600206202974e-01 2.470184967849164276e-02 1.461390576548108111e+00
1.265033720395903824e-02 5.868234184284912835e-01 6.401784379893052934e-01 2.498459421524963642e-02 1.408628742186816440e+00
1.279696868215941634e-02 5.124149058869081896e-01 5.778522864510103885e-01 2.527053370445251149e-02 1.359202421878906941e+00
1.294529978227916024e-02 4.513975175236649706e-01 5.265321581156644504e-01 2.555970329453952777e-02 1.313869092920249448e+00
1.309535020482667685e-02 4.029573861159841952e-01 4.850938626086342964e-01 2.585213849865467678e-02 1.273329306062148003e+00
1.324713987866117486e-02 3.662495223351218687e-01 4.525009727091980904e-01 2.614787519792051082e-02 1.238183113674244051e+00
1.340068896363950761e-02 3.404026055878578427e-01 4.278240902667254653e-01 2.644694964472914245e-02 1.208889647207143092e+00
1.355601785329368925e-02 3.245241557580493819e-01 4.102497056549426202e-01 2.674939846605010538e-02 1.185734257969941918e+00
1.371314717753945554e-02 3.177060580494177056e-01 3.990788692590021558e-01 2.705525866675491387e-02 1.168807042587538980e+00
1.387209780541620932e-02 3.190304065746517037e-01 3.937167978546251002e-01 2.736456763295797359e-02 1.157995353708714648e+00
1.403289084785873213e-02 3.275756255740180367e-01 3.936551544139555436e-01 2.767736313537361506e-02 1.152991230492101060e+00
1.419554766050101606e-02 3.424228202638331942e-01 3.984491457338546483e-01 2.799368333268896503e-02 1.153312854532325016e+00
1.436008984651260603e-02 3.626623024107856752e-01 4.076918665988523149e-01 2.831356677495235064e-02 1.158337464768212532e+00
1.452653925946781159e-02 3.874002289163376855e-01 4.209885146426188829e-01 2.863705240697691709e-02 1.167341933338110316e+00
1.469491800624817164e-02 4.157652851055273491e-01 4.379331589819583370e-01 2.896417957175910843e-02 1.179546598558993686e+00
1.486524844997857107e-02 4.469153381897631450e-01 4.580905651103495679e-01 2.929498801391176507e-02 1.194158022434269828e+00
1.503755321299738400e-02 4.800439806710242729e-01 4.809850640549552248e-01 2.962951788311134899e-02 1.210407005600533159e+00
1.521185517986104775e-02 5.143868784447181985e-01 5.060975920385231142e-01 2.996780973755906741e-02 1.227579268233828902e+00
1.538817750038346324e-02 5.492278342205284547e-01 5.328709278851467834e-01 3.030990454745541296e-02 1.245037458177439271e+00
1.556654359271062056e-02 5.839044738031606840e-01 5.607220368414781442e-01 3.065584369848775928e-02 1.262234351452000247e+00
1.574697714643086624e-02 6.178134609513490361e-01 5.890595429956952955e-01 3.100566899533060972e-02 1.278718089763927424e+00
1.592950212572123020e-02 6.504151461583989047e-01 6.173038845499421168e-01 3.135942266515808624e-02 1.294130951274406582e+00
1.611414277253019750e-02 6.812375559622858567e-01 6.449077037690831293e-01 3.171714736116815203e-02 1.308203444873796695e+00
1.630092360979741237e-02 7.098796324807228331e-01 6.713743881467543195e-01 3.207888616611818261e-02 1.320745489166407216e+00
1.648986944471064753e-02 7.360136379448077859e-01 6.962732407425361592e-01 3.244468259587132697e-02 1.331636174796107408e+00
1.668100537200059227e-02 7.593866462208949120e-01 7.192503756207043741e-01 3.281458060295332907e-02 1.340813239376525967e+00
1.687435677727375585e-02 7.798210527821168858e-01 7.400350391913066428e-01 3.318862458011901523e-02 1.348263028671671471e+00
1.706994934038407949e-02 7.972140464001682414e-01 7.584415984946354383e-01 3.356685936392825309e-02 1.354011435879540759e+00
1.726780903884355886e-02 8.115360000105148464e-01 7.743678315143054380e-01 3.394933023833055646e-02 1.358116092562742905e+00
1.746796215127245644e-02 8.228277547427151895e-01 7.877903334779960964e-01 3.433608293825796826e-02 1.360659898209574781e+00
1.767043526088946798e-02 8.311967899217571620e-01 7.987578289547710986e-01 3.472716365322547905e-02 1.361745814200219451e+00
1.787525525904235316e-02 8.368122927852637005e-01 8.073830391348162383e-01 3.512261903093850945e-02 1.361492728849664546e+00
1.808244934877951612e-02 8.398991644951558921e-01 8.138335929031146332e-01 3.552249618090676936e-02 1.360032136180695073e+00
1.829204504846293836e-02 8.407310234356246692e-01 8.183223458405457507e-01 3.592684267806384169e-02 1.357505358346591917e+00
1.850407019542302245e-02 8.396222923755550793e-01 8.210973962685768068e-01 3.633570656639181773e-02 1.354061065277829323e+00
1.871855294965579092e-02 8.369194823323039545e-01 8.224320502376721853e-01 3.674913636255036642e-02 1.349852889236142772e+00
1.893552179756295348e-02 8.329918123088871917e-01 8.226149694666696766e-01 3.716718105950951589e-02 1.345036984951624381e+00
1.915500555573527997e-02 8.282213297990255185e-01 8.219407220045799045e-01 3.758989013018525921e-02 1.339769441210923340e+00
1.937703337477988952e-02 8.229927212875434162e-01 8.207009350256517788e-01 3.801731353107749151e-02 1.334203503741363317e+00
1.960163474319185847e-02 8.176830240630353908e-01 8.191762186960832581e-01 3.844950170590932109e-02 1.328486620071378299e+00
1.982883949127071249e-02 8.126514695884217154e-01 8.176289901158569906e-01 3.888650558926695644e-02 1.322757363123860053e+00
2.005867779508234069e-02 8.082297034824991178e-01 8.162972808325581475e-01 3.932837661023953074e-02 1.317142329774649401e+00
2.029118018046677935e-02 8.047126368735056934e-01 8.153895660696066638e-01 3.977516669605767746e-02 1.311753141377629994e+00
2.052637752709252084e-02 8.023501875282037510e-01 8.150806148008330476e-01 4.022692827573040586e-02 1.306683693208161579e+00
2.076430107255774690e-02 8.013401658207467415e-01 8.155083325391977445e-01 4.068371428367897891e-02 1.302007807188438226e+00
2.100498241653915230e-02 8.018225494590793812e-01 8.167715567555806633e-01 4.114557816336717605e-02 1.297777436217307123e+00
2.124845352498882720e-02 8.038753712449752120e-01 8.189287692050465362e-01 4.161257387092678200e-02 1.294021549144641847e+00
2.149474673437980557e-02 8.075124155069272058e-01 8.219977082209350971e-01 4.208475587877744811e-02 1.290745794397219814e+00
2.174389475600079988e-02 8.126828809535756593e-01 8.259558925612414670e-01 4.256217917923985072e-02 1.287933000191750388e+00
2.199593068030074663e-02 8.192731205835954711e-01 8.307420997088782455e-01 4.304489928814118210e-02 1.285544523825283392e+00
2.225088798128369363e-02 8.271105133364263784e-01 8.362588672996492667e-01 4.353297224841182200e-02 1.283522415884827961e+00
2.250880052095461867e-02 8.359694581503639421e-01 8.423760979982062302e-01 4.402645463367212825e-02 1.281792321500647036e+00
2.276970255381680075e-02 8.455794102173079807e-01 8.489358381392565489e-01 4.452540355180831244e-02 1.280267003530189074e+00
2.303362873142131284e-02 8.556348031560272460e-01 8.557582636453048286e-01 4.502987664853613792e-02 1.278850344311901699e+00
2.330061410696924670e-02 8.658066217134546827e-01 8.626488414994707421e-01 4.553993211095124644e-02 1.277441664563526924e+00
2.357069413996727703e-02 8.757553100633634902e-01 8.694065441223298718e-01 4.605562867106502423e-02 1.275940189940535596e+00
2.384390470093720321e-02 8.851446238641532682e-01 8.758328847671869033e-01 4.657702560932462654e-02 1.274249496344560972e+00
2.412028207618006903e-02 8.936559634120452289e-01 8.817414262085584431e-01 4.710418275811595334e-02 1.272281772078772244e+00
2.439986297259550199e-02 9.010026642366347760e-01 8.869673074676038826e-01 4.763716050524825080e-02 1.269961745848303680e+00
2.468268452255692469e-02 9.069436742736765034e-01 8.913762504172959567e-01 4.817601979741896467e-02 1.267230142044656338e+00
2.496878428884326609e-02 9.112960172926777291e-01 8.948724652137813873e-01 4.872082214365747177e-02 1.264046537033584050e+00
2.525820026962784584e-02 9.139454343840116568e-01 8.974048824395096657e-01 4.927162961874633623e-02 1.260391501588682850e+00
2.555097090352506997e-02 9.148546124884036068e-01 8.989712064942553260e-01 4.982850486661850875e-02 1.256267925658516305e+00
2.584713507469563881e-02 9.140684540428505311e-01 8.996194073113532585e-01 5.039151110372907388e-02 1.251701433957630449e+00
2.614673211801091940e-02 9.117159168191418805e-01 8.994464357648376263e-01 5.096071212240003284e-02 1.246739816974328896e+00
2.644980182427720053e-02 9.080080588095363892e-01 8.985941445000276140e-01 5.153617229413644946e-02 1.241451424879553178e+00
2.675638444552045150e-02 9.032320590400940707e-01 8.972425974713513774e-01 5.211795657291243972e-02 1.235922504285489554e+00
2.706652070033241375e-02 8.977411493031479672e-01 8.956011336742972784e-01 5.270613049842540199e-02 1.230253501659684501e+00
2.738025177927857698e-02 8.919405800036059873e-01 8.938976915753035213e-01 5.330076019931661441e-02 1.224554412572555373e+00
2.769761935036891068e-02 8.862699496538073429e-01 8.923669856804262723e-01 5.390191239635672149e-02 1.218939320721351471e+00
2.801866556459195468e-02 8.811824440663423852e-01 8.912381507814627346e-01 5.450965440559416009e-02 1.213520340268202213e+00
2.834343306151309444e-02 8.771217480822229851e-01 8.907224393059928191e-01 5.512405414146479693e-02 1.208401242710594570e+00
2.867196497493769772e-02 8.744975980937782500e-01 8.910014897115138277e-01 5.574518011986089039e-02 1.203671107097501691e+00
2.900430493863991738e-02 8.736611246538145137e-01 8.922166025003208656e-01 5.637310146115752374e-02 1.199398371477500280e+00
2.934049709215787172e-02 8.748812772151515205e-01 8.944593900898704097e-01 5.700788789319451849e-02 1.195625676713988561e+00
2.968058608665602449e-02 8.783237134492847265e-01 8.977641278368150290e-01 5.764960975421188488e-02 1.192365876426068061e+00
3.002461709085549324e-02 8.840335602525460912e-01 9.021021364502412876e-01 5.829833799573673481e-02 1.189599537556006004e+00
3.037263579703311511e-02 8.919234007275804732e-01 9.073785675545372742e-01 5.895414418541967266e-02 1.187274177673966591e+00
3.072468842709003348e-02 9.017677021496834922e-01 9.134320257380341701e-01 5.961710050981838122e-02 1.185305384081091207e+00
3.108082173869063797e-02 9.132046691169265484e-01 9.200375096406043784e-01 6.028727977712642488e-02 1.183579845253919682e+00
3.144108303147264555e-02 9.257461836914685493e-01 9.269131497828054789e-01 6.096475541984482799e-02 1.181960207555936559e+00
3.180552015332920035e-02 9.387960863551514379e-01 9.337311187519008460e-01 6.164960149739442258e-02 1.180291559253171307e+00
3.217418150676371741e-02 9.516765708433042592e-01 9.401328560817754365e-01 6.234189269866633604e-02 1.178409247505871171e+00
3.254711605531847990e-02 9.636619324970405742e-01 9.457483730976463665e-01 6.304170434450855065e-02 1.176147657005697011e+00
3.292437333007768724e-02 9.740183511003454031e-01 9.502189018326743231e-01 6.374911239014589837e-02 1.173349522935637657e+00
3.330600343624588733e-02 9.820478394149925183e-01 9.532215847114404728e-01 6.446419342753106907e-02 1.169875314767474528e+00
3.369205705980267418e-02 9.871339875207010284e-01 9.544943609896529013e-01 6.518702468762416213e-02 1.165612207874189732e+00
3.408258547423451829e-02 9.887867239785245177e-01 9.538588060433422777e-01 6.591768404259809588e-02 1.160482153054441579e+00
3.447764054734463873e-02 9.866830421330375911e-01 9.512385323349190624e-01 6.665625000796736310e-02 1.154448556987539787e+00
3.487727474814177747e-02 9.807005456071316019e-01 9.466709475881518454e-01 6.740280174463729457e-02 1.147521099937078404e+00
3.528154115380883332e-02 9.709407870877533320e-01 9.403107107878575510e-01 6.815741906087112445e-02 1.139758246550755416e+00
3.569049345675229939e-02 9.577397343112973305e-01 9.324240800435017462e-01 6.892018241417220692e-02 1.131267062493206854e+00
3.610418597173337130e-02 9.416633075240348205e-01 9.233743823521696203e-01 6.969117291307816431e-02 1.122200047704458692e+00
3.652267364308175307e-02 9.234867858092186133e-01 9.135998727224193816e-01 7.047047231886448271e-02 1.112748848090931775e+00
3.694601205199302130e-02 9.041579459982188594e-01 9.035860937174824414e-01 7.125816304715411331e-02 1.103134915912245884e+00
3.737425742391064371e-02 8.847450242963181832e-01 8.938353390303958035e-01 7.205432816943040109e-02 1.093597447908561726e+00
3.780746663599349189e-02 8.663719004952635805e-01 8.848358927669063290e-01 7.285905141445001010e-02 1.084379218515771459e+00
3.824569722466999305e-02 8.501441995068741431e-01 8.770333918603988588e-01 7.367241716955279240e-02 1.075711209697709503e+00
3.868900739327975347e-02 8.370711700578389314e-01 8.708060691291059641e-01 7.449451048186522817e-02 1.067797176553954008e+00
3.913745601980384015e-02 8.279891117113640231e-01 8.664449594494701978e-01 7.532541705939434229e-02 1.060799434612370806e+00
3.959110266468458816e-02 8.234926559261230850e-01 8.641395701424380293e-01 7.616522327200846154e-02 1.054827173013088704e+00
4.005000757873611317e-02 8.238802550469048747e-01 8.639691537474863958e-01 7.701401615230167585e-02 1.049928465445537862e+00
4.051423171114647281e-02 8.291197126208460499e-01 8.658996139874453046e-01 7.787188339633821510e-02 1.046086867440873869e+00
4.098383671757261509e-02 8.388384582859476080e-01 8.697861655123227953e-01 7.873891336427349397e-02 1.043223078643391144e+00
4.145888496832911274e-02 8.523415439332351351e-01 8.753820191069643375e-01 7.961519508084778651e-02 1.041201658097306915e+00
4.193943955667186335e-02 8.686580921565307811e-01 8.823534022534085253e-01 8.050081823574922746e-02 1.039842269922983231e+00
4.242556430717776828e-02 8.866143092580922591e-01 8.903009908369846626e-01 8.139587318384218506e-02 1.038934470238021435e+00
4.291732378422157684e-02 9.049283961900924655e-01 8.987872345307860167e-01 8.230045094525702265e-02 1.038254680679682185e+00
4.341478330055092288e-02 9.223200212206353887e-01 9.073681402309932142e-01 8.321464320533761283e-02 1.037583770704124220e+00
4.391800892596085804e-02 9.376247643223087902e-01 9.156270104406524224e-01 8.413854231444245491e-02 1.036723611944828427e+00
4.442706749606882555e-02 9.499024203635740848e-01 9.232067071303377004e-01 8.507224128759527382e-02 1.035511076241357964e+00
4.494202662119142072e-02 9.585275436084611522e-01 9.298365523910361308e-01 8.601583380398118706e-02 1.033828210962036254e+00
4.546295469532399269e-02 9.632513485928243524e-01 9.353502334320832334e-01 8.696941420628384600e-02 1.031607714126861586e+00
4.598992090522438514e-02 9.642261605291568838e-01 9.396921167269152164e-01 8.793307749985981858e-02 1.028833310532349055e+00
4.652299523960189143e-02 9.619869930827932292e-01 9.429110299255490935e-01 8.890691935174520333e-02 1.025535153942057187e+00
4.706224849841281199e-02 9.573893107922895052e-01 9.451424854738206260e-01 8.989103608949061686e-02 1.021780899587017899e+00
4.760775230226368254e-02 9.515072148541000585e-01 9.465820661395186741e-01 9.088552469981961424e-02 1.017663553278900457e+00
4.815957910192350533e-02 9.455016164718974547e-01 9.474539058416620030e-01 9.189048282710610138e-02 1.013287557007947370e+00
4.871780218794630885e-02 9.404727511047746846e-01 9.479786888157143432e-01 9.290600877166618754e-02 1.008754770971500792e+00
4.928249570040513228e-02 9.373149077528869499e-01 9.483453680313591594e-01 9.393220148785944024e-02 1.004152026322486124e+00
4.985373463873893352e-02 9.365928114425045026e-01 9.486900314855595262e-01 9.496916058199487976e-02 9.995417378271546083e-01
5.043159487171358646e-02 9.384581703768443139e-01 9.490842354861730445e-01 9.601698631003680040e-02 9.949566890982945999e-01
5.101615314749833457e-02 9.426212156824973487e-01 9.495338521018586997e-01 9.707577957510531153e-02 9.903995656353603572e-01
5.160748710385907462e-02 9.483857208512705972e-01 9.499881455092304972e-01 9.814564192476650517e-02 9.858471660693168825e-01
5.220567527846975420e-02 9.547475172397972276e-01 9.503574602742838051e-01 9.922667554810724044e-02 9.812585470964906298e-01
5.281079711934331261e-02 9.605468831979473432e-01 9.505366621891458978e-01 1.003189832725890074e-01 9.765857503000303641e-01
5.342293299538352497e-02 9.646557092084524498e-01 9.504304842068920234e-01 1.014226685606757911e-01 9.717853242594048924e-01
5.404216420705915125e-02 9.661725878755217378e-01 9.499764269103361247e-01 1.025378355062302876e-01 9.668286830848246138e-01
5.466857299720180585e-02 9.645945127871461411e-01 9.491610648698067809e-01 1.036645888306730878e-01 9.617094854352954414e-01
5.530224256192900478e-02 9.599339991158979402e-01 9.480266173280145203e-01 1.048030338788991100e-01 9.564466760502580156e-01
5.594325706169377826e-02 9.527559150991141701e-01 9.466663470966723004e-01 1.059532766149456628e-01 9.510825468690689011e-01
5.659170163246242391e-02 9.441190831920708293e-01 9.452094321382460418e-01 1.071154236174062940e-01 9.456760370867409726e-01
5.724766239702178822e-02 9.354227445566137833e-01 9.437979608348440186e-01 1.082895820745845700e-01 9.402923570430543609e-01
5.791122647641758214e-02 9.281752594121648325e-01 9.425602143197008287e-01 1.094758597793817345e-01 9.349907394901892932e-01
5.858248200152536139e-02 9.237190958466487967e-01 9.415851604815881348e-01 1.106743651239123633e-01 9.298125659886148364e-01
5.926151812475552449e-02 9.229589543940786012e-01 9.409030294861684407e-01 1.118852070938415044e-01 9.247721967952888811e-01
5.994842503189409116e-02 9.261456152417072429e-01 9.404760174098487635e-01 1.131084952624375750e-01 9.198525005165077983e-01
6.064329395408061402e-02 9.327643994770711267e-01 9.402016461317631579e-01 1.143443397843340731e-01 9.150063359789258888e-01
6.134621717992506246e-02 9.415630855507182151e-01 9.399292031937275249e-01 1.155928513889941667e-01 9.101641663199713239e-01
6.205728806776500406e-02 9.507307757804972503e-01 9.394872238988740687e-01 1.168541413738712342e-01 9.052467698674478980e-01
6.277660105806499857e-02 9.582098115213935063e-01 9.387175599792418890e-01 1.181283215972590700e-01 9.001809085857941373e-01
6.350425168595962011e-02 9.620925923617495990e-01 9.375097426642059473e-01 1.194155044708246627e-01 8.949150719848149027e-01
6.424033659394190465e-02 9.610304881657611986e-01 9.358286506514715830e-01 1.207158029518170111e-01 8.894322096293328928e-01
6.498495354469888130e-02 9.545693874849092708e-01 9.337293206144351432e-01 1.220293305349450103e-01 8.837567678764348678e-01
6.573820143409585259e-02 9.433307687440225520e-01 9.313550929750502583e-01 1.233562012439170796e-01 8.779543069744539796e-01
6.650018030431117944e-02 9.289804953816647171e-01 9.289186941720071200e-01 1.246965296226358738e-01 8.721233360177700344e-01
6.727099135712336087e-02 9.139676879328237913e-01 9.266694848862735423e-01 1.260504307260405799e-01 8.663805279523500991e-01
6.805073696735206012e-02 9.010663870814895615e-01 9.248530475612589674e-01 1.274180201105893917e-01 8.608418794804229002e-01
6.883952069645496441e-02 8.928028587730223453e-01 9.236708655608940610e-01 1.287994138243750142e-01 8.556033587942969421e-01
6.963744730628222690e-02 8.908889153587835619e-01 9.232477755516894646e-01 1.301947283968654390e-01 8.507248700042457923e-01
7.044462277299036457e-02 8.957950024772352027e-01 9.236132909153762505e-01 1.316040808282625540e-01 8.462208175927041776e-01
7.126115430111745752e-02 9.065786088401465159e-01 9.247002397387671380e-01 1.330275885784707457e-01 8.420592516266892646e-01
7.208715033782135684e-02 9.210333762389888435e-01 9.263609734208543278e-01 1.344653695556674577e-01 8.381698006298634596e-01
7.292272058728312134e-02 9.361502988560930216e-01 9.283981628679472964e-01 1.359175421044683807e-01 8.344587601247253073e-01
7.376797602527730702e-02 9.488008741601767770e-01 9.306043636274065056e-01 1.373842249936786108e-01 8.308282164633491451e-01
7.462302891391107973e-02 9.564843563648784963e-01 9.328026352234899399e-01 1.388655374036218970e-01 8.271952851275455876e-01
7.548799281653431614e-02 9.579485717630417119e-01 9.348801270639671701e-01 1.403615989130398145e-01 8.235076212059295742e-01
7.636298261282241373e-02 9.535107361299147710e-01 9.368080538942568092e-01 1.418725294855524288e-01 8.197523038184996169e-01
7.724811451403400253e-02 9.449736443894868332e-01 9.386446691314300761e-01 1.433984494556719003e-01 8.159567625936964275e-01
7.814350607844541829e-02 9.351401805626938790e-01 9.405218344136504482e-01 1.449394795143606751e-01 8.121821848321408854e-01
7.904927622696419909e-02 9.270476020992636235e-01 9.426193743858275464e-01 1.464957406941255758e-01 8.085113639731585922e-01
7.996554525892346499e-02 9.231365872384664772e-01 9.451335857428975196e-01 1.480673543536387138e-01 8.050338797444955841e-01
8.089243486805938743e-02 9.246049548562919052e-01 9.482465819955342434e-01 1.496544421618768717e-01 8.018316734995608597e-01
8.183006815867389927e-02 9.311528805090608651e-01 9.521017622541774195e-01 1.512571260817699159e-01 7.989675245484132438e-01
8.277856966198472721e-02 9.412097769871471398e-01 9.567882325629460949e-01 1.528755283533495268e-01 7.964778543226185281e-01
8.373806535266489770e-02 9.525740490434226881e-01 9.623343552229580711e-01 1.545097714763887242e-01 7.943700401375944908e-01
8.470868266557401993e-02 9.632473859765117163e-01 9.687085636396912669e-01 1.561599781925231689e-01 7.926233993576490278e-01
8.569055051268346934e-02 9.721616469662104354e-01 9.758246161333199442e-01 1.578262714668445810e-01 7.911924726783551298e-01
8.668379930019773361e-02 9.795190462674184806e-01 9.835485719024519291e-01 1.595087744689571152e-01 7.900112338399433165e-01
8.768856094587426653e-02 9.866002097013174543e-01 9.917056381528915887e-01 1.612076105534867299e-01 7.889972414989016025e-01
8.870496889654402861e-02 9.951004566365718729e-01 1.000086217356970675e+00 1.629229032400340282e-01 7.880553016206288675e-01
8.973315814583519845e-02 1.006256655977812997e+00 1.008451488571297405e+00 1.646547761925606645e-01 7.870806784248328691e-01
9.077326525210223374e-02 1.020138462256584777e+00 1.016539261603065958e+00 1.664033531981994329e-01 7.859620834493545871e-01
9.182542835656282154e-02 1.035436921663919430e+00 1.024070599729592690e+00 1.681687581454779368e-01 7.845845809474867316e-01
9.288978720164497993e-02 1.049886590754692151e+00 1.030757367144396364e+00 1.699511150019457628e-01 7.828324293090078712e-01
9.396648314954690606e-02 1.061172272416749607e+00 1.036311064176860697e+00 1.717505477911948630e-01 7.805920040270926119e-01
9.505565920101191613e-02 1.067920332905713421e+00 1.040453850174276162e+00 1.735671805692627079e-01 7.777552128071393289e-01
9.615746001432096124e-02 1.070285672060958149e+00 1.042932648778426952e+00 1.754011374004078028e-01 7.742238579136994092e-01
9.727203192450536995e-02 1.069790698127341066e+00 1.043536403070283392e+00 1.772525423322471039e-01 7.699151307554388257e-01
9.839952296278225985e-02 1.068418447779521330e+00 1.042115281649453440e+00 1.791215193702444253e-01 7.647680000456933413e-01
9.954008287621518569e-02 1.067362943781226869e+00 1.038599158477456985e+00 1.810081924515391238e-01 7.587497348410372489e-01
1.006938631476027024e-01 1.066091038587351436e+00 1.033011458634704560e+00 1.829126854181041817e-01 7.518613130905753561e-01
1.018610170155975214e-01 1.062304664079670280e+00 1.025474875372667904e+00 1.848351219892227504e-01 7.441405259425611929e-01
1.030416994950587445e-01 1.052983953068425071e+00 1.016208096672433170e+00 1.867756257332718051e-01 7.356624507927176371e-01
1.042360673976401170e-01 1.036102192410558898e+00 1.005515270724148813e+00 1.887343200388019726e-01 7.265377897849462085e-01
1.054442793526168404e-01 1.012135906143761144e+00 9.937703459622065916e-01 1.907113280849017378e-01 7.169095427639540219e-01
1.066664958279538722e-01 9.844475276717146173e-01 9.813976706314655463e-01 1.927067728108353972e-01 7.069480443396357616e-01
1.079028791516183639e-01 9.581108613509191629e-01 9.688498583820958077e-01 1.947207768849420484e-01 6.968441865067329655e-01
1.091535935331391094e-01 9.375979636974689502e-01 9.565838868275131635e-01 1.967534626727850400e-01 6.868006768604147938e-01
1.104188050854160164e-01 9.245065600846076315e-01 9.450365526518809123e-01 1.988049522045395312e-01 6.770214083057978227e-01
1.116986818467822634e-01 9.166896978492340420e-01 9.346009547135939455e-01 2.008753671416063924e-01 6.676995367932109238e-01
1.129933938033221702e-01 9.095192325415715207e-01 9.256060420524213628e-01 2.029648287424402342e-01 6.590053942349018978e-01
1.143031129114478600e-01 8.988069046489590708e-01 9.183005390960259362e-01 2.050734578275801023e-01 6.510753849748927014e-01
1.156280131207375328e-01 8.837845317297234882e-01 9.128409496457378092e-01 2.072013747438698761e-01 6.440024815590956742e-01
1.169682703970384707e-01 8.682581607610864172e-01 9.092821411828982958e-01 2.093486993278565189e-01 6.378283943935325606e-01
1.183240627458378019e-01 8.589471700181769975e-01 9.075699861069506102e-01 2.115155508683534968e-01 6.325378223486035623e-01
1.196955702359042834e-01 8.617110570715774687e-01 9.075391537337453851e-01 2.137020480681571521e-01 6.280566864139794925e-01
1.210829750232039481e-01 8.778401021558468464e-01 9.089220384556854215e-01 2.159083090049029041e-01 6.242572777808074180e-01
1.224864613750930725e-01 9.027884131414634084e-01 9.113732323052730067e-01 2.181344510910488976e-01 6.209720075414507656e-01
1.239062156947915577e-01 9.283243021313275500e-01 9.145088622350581176e-01 2.203805910329742490e-01 6.180145749987033810e-01
1.253424265461399456e-01 9.468414201181678536e-01 9.179543471980452507e-01 2.226468447891783720e-01 6.152045379233912481e-01
1.267952846786433996e-01 9.550365671154660285e-01 9.213901151518898436e-01 2.249333275275690325e-01 6.123897407601559539e-01
1.282649830528059809e-01 9.545480246716827599e-01 9.245855179934828749e-01 2.272401535818253659e-01 6.094620125696200708e-01
1.297517168657586761e-01 9.493722467024097167e-01 9.274160997178642063e-01 2.295674364068229223e-01 6.063643464132522087e-01
1.312556835771842845e-01 9.423565205645397791e-01 9.298635303641454852e-01 2.319152885331067782e-01 6.030898352925568862e-01
1.327770829355429116e-01 9.337787830946403522e-01 9.319987317641565960e-01 2.342838215203997543e-01 5.996730219716617238e-01
1.343161170046015263e-01 9.231689505538489549e-01 9.339484768799772851e-01 2.366731459101318602e-01 5.961739346208687618e-01
1.358729901902709092e-01 9.124548939029872852e-01 9.358471722851671171e-01 2.390833711769770054e-01 5.926555615015546286e-01
1.374479092677536596e-01 9.069286907653842933e-01 9.377832676570183601e-01 2.415146056793832097e-01 5.891590796072627700e-01
1.390410834090069769e-01 9.122018748009812494e-01 9.397584081287422286e-01 2.439669566090824637e-01 5.856852115110179335e-01
1.406527242105236331e-01 9.291951784188391406e-01 9.416738613660396995e-01 2.464405299395656668e-01 5.821883815833850395e-01
1.422830457214351862e-01 9.518094384021467125e-01 9.433454337772444465e-01 2.489354303735093477e-01 5.785840385220146764e-01
1.439322644719406574e-01 9.702996472002737294e-01 9.445381093559314101e-01 2.514517612891382647e-01 5.747648031510022015e-01
1.456005995020648591e-01 9.782656058178222924e-01 9.450114190254432778e-01 2.539896246855110062e-01 5.706210799999883454e-01
1.472882723907501801e-01 9.771396866288060146e-01 9.445707413485133763e-01 2.565491211267127980e-01 5.660639577046993054e-01
1.489955072852853779e-01 9.735689822906106183e-01 9.431184992402216194e-01 2.591303496849418075e-01 5.610479825083719563e-01
1.507225309310755434e-01 9.717043058252916587e-01 9.406933587076775627e-01 2.617334078824727350e-01 5.555889180102252523e-01
1.524695727017572888e-01 9.680385334586878443e-01 9.374813960105500277e-01 2.643583916324843130e-01 5.497695571229894718e-01
1.542368646296627399e-01 9.547524135961918956e-01 9.337903963208354918e-01 2.670053951787343949e-01 5.437293661464581707e-01
1.560246414366368017e-01 9.290080015743067410e-01 9.299991032833708759e-01 2.696745110340678098e-01 5.376426298466487896e-01
1.578331405652116382e-01 8.985925534141382398e-01 9.265022278924396337e-01 2.723658299177417752e-01 5.316938464094640437e-01
1.596626022101425013e-01 8.770400718906053994e-01 9.236603832969545458e-01 2.750794406915534340e-01 5.260541840678776282e-01
1.615132693503091299e-01 8.723379356630296400e-01 9.217539749375180946e-01 2.778154302947531962e-01 5.208586556649683619e-01
1.633853877809862132e-01 8.809859378294485621e-01 9.209435835255983527e-01 2.805738836777283418e-01 5.161857827201529192e-01
1.652792061464895546e-01 8.938821193615146266e-01 9.212495027198953634e-01 2.833548837344429527e-01 5.120465641592578665e-01
1.671949759731990170e-01 9.069219143612314848e-01 9.225612185321262482e-01 2.861585112336144654e-01 5.083885266417106363e-01
1.691329517029648843e-01 9.231873989230418021e-01 9.246720487635138319e-01 2.889848447486136340e-01 5.051126622368631303e-01
1.710933907269015231e-01 9.439156035790253751e-01 9.273235542113434926e-01 2.918339605860701957e-01 5.020954619425483934e-01
1.730765534195725930e-01 9.607194726840471155e-01 9.302479957743443606e-01 2.947059327131687501e-01 4.992098643016416593e-01
1.750827031735725237e-01 9.617044720374264832e-01 9.332029715876092313e-01 2.976008326836167561e-01 4.963419710165216103e-01
1.771121064345088647e-01 9.462980724283732714e-01 9.359916233400339403e-01 3.005187295622696042e-01 4.934004178364789217e-01
1.791650327363901452e-01 9.296866698105660243e-01 9.384688503033072893e-01 3.034596898483946648e-01 4.903188524610316845e-01
1.812417547374237659e-01 9.283165773520598574e-01 9.405464653938571118e-01 3.064237773975569956e-01 4.870577936927712459e-01
1.833425482562290598e-01 9.423436407701820672e-01 9.422061589147574523e-01 3.094110533421111642e-01 4.836101144676427932e-01
1.854676923084699336e-01 9.568216204067664377e-01 9.435099050189224013e-01 3.124215760102798112e-01 4.800054449093857922e-01
1.876174691439121411e-01 9.600872080182351054e-01 9.445856608384660680e-01 3.154554008438022472e-01 4.763033812713104442e-01
1.897921642839101308e-01 9.553262334965718638e-01 9.455931194176643295e-01 3.185125803141355960e-01 4.725777130465154130e-01
1.919920665593284892e-01 9.515240471446908543e-01 9.467028873581941895e-01 3.215931638371902213e-01 4.689068933784361071e-01
1.942174681489026444e-01 9.491169268521613134e-01 9.480925190696203320e-01 3.246971976865810072e-01 4.653721793416324970e-01
1.964686646180446583e-01 9.413407083236476902e-01 9.499316249631599707e-01 3.278247249053771739e-01 4.620506409305654705e-01
1.987459549580983809e-01 9.270611787491276345e-01 9.523476070827412432e-01 3.309757852163310310e-01 4.589992737282488910e-01
2.010496416260499075e-01 9.148825334467377557e-01 9.553917624987825485e-01 3.341504149305677962e-01 4.562394876805905275e-01
2.033800305846981960e-01 9.150493930729846070e-01 9.590224571614710536e-01 3.373486468547172712e-01 4.537498045541979996e-01
2.057374313432913659e-01 9.333391121691100301e-01 9.631194292639156940e-01 3.405705101964686676e-01 4.514731041398822864e-01
2.081221569986339281e-01 9.698883955794918021e-01 9.675380439098092422e-01 3.438160304685285995e-01 4.493419287650582405e-01
2.105345242766706038e-01 1.013411163481616306e+00 9.721537607746946197e-01 3.470852293909636455e-01 4.472988284132270453e-01
2.129748535745520921e-01 1.038604289563294092e+00 9.768348766632226621e-01 3.503781247919072750e-01 4.452841731807418713e-01
2.154434690031884481e-01 1.025769300349659297e+00 9.814163549021630573e-01 3.536947305066113767e-01 4.432247014846750766e-01
2.179406984302955930e-01 9.872952098542764343e-01 9.857374220474639515e-01 3.570350562748220158e-01 4.410503838403328492e-01
2.204668735239409816e-01 9.587713134482933608e-01 9.896959659283575128e-01 3.603991076364594370e-01 4.387180930764781328e-01
2.230223297965938656e-01 9.585086942596215964e-01 9.932440426333107863e-01 3.637868858255818849e-01 4.362089297826439727e-01
2.256074066496861485e-01 9.734886739160126812e-01 9.963354231421091001e-01 3.671983876626112586e-01 4.335048056685000262e-01
2.282224474186898555e-01 9.897734945965309672e-01 9.989077167511278832e-01 3.706336054448011175e-01 4.305805737878153350e-01
2.308677994187169624e-01 1.012332955849198912e+00 1.000891965358140068e+00 3.740925268349243327e-01 4.274081704945121296e-01
2.335438139906479416e-01 1.044453176185857313e+00 1.002219155127900274e+00 3.775751347481596243e-01 4.239593129748522871e-01
2.362508465477947683e-01 1.069819463983788133e+00 1.002832230300379823e+00 3.810814072371546679e-01 4.202105231319909207e-01
2.389892566231050230e-01 1.065321167019648962e+00 1.002692370699455271e+00 3.846113173752436776e-01 4.161456510706634804e-01
2.417594079169130827e-01 1.020357782768876787e+00 1.001781803606072385e+00 3.881648331377974825e-01 4.117569521577091884e-01
2.445616683452446483e-01 9.536199544938676054e-01 1.000122353884703719e+00 3.917419172816823392e-01 4.070530898286842669e-01
2.473964100886814066e-01 9.206657018384648561e-01 9.977877115704105737e-01 3.953425272228054954e-01 4.020646168434188761e-01
2.502640096417919069e-01 9.657046954097143754e-01 9.948964994076390234e-01 3.989666149117240268e-01 3.968413468599893967e-01
2.531648478631355337e-01 1.047228708791236862e+00 9.915893380950948632e-01 4.026141267072923524e-01 3.914428393288244545e-01
2.560993100258459609e-01 1.072376826500763158e+00 9.879911694245302467e-01 4.062850032483258378e-01 3.859222709327851941e-01
2.590677858688008595e-01 1.022737440755303373e+00 9.842154287847473260e-01 4.099791793232547832e-01 3.803283670931829619e-01
2.620706696483852682e-01 9.664574385901228970e-01 9.804044725894625056e-01 4.136965837377460375e-01 3.747233492761924412e-01
2.651083601908538756e-01 9.439430352451559925e-01 9.767128144181577154e-01 4.174371391802644271e-01 3.691758002574914710e-01
2.681812609453015361e-01 9.379702769703840426e-01 9.732797980895934176e-01 4.212007620855522383e-01 3.637485607325025572e-01
2.712897800372467416e-01 9.403525099874763260e-01 9.702743781782524612e-01 4.249873624959976115e-01 3.585185472333674017e-01
2.744343303228365394e-01 9.570910332015686306e-01 9.678871459730751248e-01 4.287968439208680871e-01 3.535731420950612436e-01
2.776153294436801144e-01 9.771186945346990171e-01 9.662494421795985167e-01 4.326291031933821585e-01 3.489735248960965097e-01
2.808331998823172526e-01 9.846912469368415133e-01 9.653872286810768477e-01 4.364840303255913545e-01 3.447331903769060846e-01
2.840883690183304000e-01 9.690349207190050995e-01 9.652357953995058804e-01 4.403615083610469272e-01 3.408240685462268771e-01
2.873812691851066470e-01 9.311240238228122301e-01 9.656690896183466322e-01 4.442614132252220571e-01 3.371897363778091350e-01
2.907123377272578524e-01 8.993229634757172741e-01 9.664609996792231650e-01 4.481836135736627647e-01 3.337283594339175985e-01
2.940820170587063465e-01 9.061720900504652842e-01 9.673041260602851521e-01 4.521279706378377172e-01 3.303016650267527332e-01
2.974907547214440395e-01 9.650091521691235297e-01 9.678784978360838176e-01 4.560943380686596216e-01 3.267661608148777486e-01
3.009390034449720974e-01 1.053084454296036032e+00 9.678822809429578067e-01 4.600825617776470589e-01 3.229867665019853784e-01
3.044272212064302874e-01 1.093809095596826486e+00 9.671839088399792894e-01 4.640924797756985631e-01 3.189045313980621299e-01
3.079558712914226559e-01 1.052991716535198741e+00 9.658485756345469575e-01 4.681239220094465248e-01 3.145482087251662562e-01
3.115254223555488089e-01 9.967976711855395244e-01 9.640317480442656128e-01 4.721767101951629408e-01 3.099867745902518679e-01
3.151363484866479547e-01 9.507672278698440227e-01 9.619696477747997632e-01 4.762506576501829292e-01 3.053257809253954735e-01
3.187891292677645927e-01 8.895078326844204630e-01 9.599407932349470762e-01 4.803455691218159185e-01 3.006906586905262468e-01
3.224842498408442282e-01 8.540403767071179653e-01 9.582202225147862240e-01 4.844612406137116523e-01 2.962062950876173106e-01
3.262222009711669979e-01 8.833540667848230887e-01 9.570121910738281779e-01 4.885974592096475333e-01 2.919662659136083027e-01
3.300034791125285305e-01 9.461728255750823102e-01 9.564467647199448308e-01 4.927540028947058337e-01 2.880306414897597644e-01
3.338285864731760921e-01 9.842127087198149216e-01 9.565136782931162873e-01 4.969306403738040778e-01 2.843954090398145840e-01
3.376980310825091203e-01 9.879800472155205737e-01 9.570606548587056173e-01 5.011271308875464570e-01 2.809915466140666673e-01
3.416123268585528616e-01 1.002152860733269701e+00 9.579095630641816239e-01 5.053432240253598051e-01 2.777380621877614253e-01
3.455719936762139399e-01 9.994882177998740680e-01 9.588996377719551933e-01 5.095786595358793303e-01 2.745619225279595788e-01
3.495775574363275129e-01 9.687202612095551224e-01 9.598798972395629070e-01 5.138331671345467422e-01 2.713947624717018559e-01
3.536295501355042892e-01 9.524351691382703100e-01 9.607590215732689787e-01 5.181064663083856381e-01 2.681954586007206376e-01
3.577285099367873422e-01 9.237988066449184243e-01 9.615275647128349590e-01 5.223982661179141784e-01 2.649600121339341086e-01
3.618749812411280464e-01 9.243887441823044337e-01 9.620860236948146627e-01 5.267082649961596363e-01 2.616437723918771940e-01
3.660695147596902399e-01 9.632132987041589489e-01 9.624422575627261667e-01 5.310361505447336317e-01 2.582505962461526527e-01
3.703126675869927165e-01 9.739369366134527084e-01 9.626300394668597660e-01 5.353815993269305240e-01 2.547959692567516865e-01
3.746050032748993175e-01 9.795486320723479912e-01 9.625865506879757172e-01 5.397442766578071094e-01 2.512517435400521415e-01
3.789470919074667821e-01 9.819250609711430711e-01 9.622631298995512061e-01 5.441238363912044296e-01 2.475960942459169978e-01
3.833395101766601254e-01 9.714834637777699511e-01 9.616639675386445818e-01 5.485199207036689506e-01 2.438309392743049919e-01
3.877828414589457595e-01 9.552372254363420412e-01 9.607747078557091758e-01 5.529321598752316991e-01 2.399497115625106314e-01
3.922776758927719598e-01 9.902616037347303779e-01 9.596332322180617380e-01 5.573601720670010584e-01 2.359693476271126633e-01
3.968246104569481680e-01 1.013192253883510752e+00 9.583438101386670960e-01 5.618035630955284798e-01 2.319368528496207060e-01
4.014242490499321803e-01 9.571313148427075257e-01 9.570728890128820110e-01 5.662619262038983692e-01 2.279276522344731160e-01
4.060772025700365440e-01 9.001311359646880783e-01 9.558949968743202241e-01 5.707348418295010717e-01 2.239758026584161565e-01
4.107840889965646558e-01 8.849468571995176003e-01 9.548634399945661322e-01 5.752218773684404374e-01 2.201058701267875894e-01
4.155455334718875515e-01 8.936076613785712830e-01 9.539882964222330397e-01 5.797225869365296713e-01 2.163228252685850672e-01
4.203621683844713797e-01 9.469277297839774343e-01 9.532203448662861511e-01 5.842365111268283950e-01 2.126046088763689779e-01
4.252346334528682159e-01 1.062251575803027093e+00 9.525165299759507098e-01 5.887631767636727353e-01 2.089318812253138646e-01
4.301635758106794882e-01 1.011323181233586554e+00 9.518226906518510999e-01 5.933020966531474816e-01 2.052801707201798997e-01
4.351496500925050026e-01 9.605219453579317834e-01 9.511461520473805109e-01 5.978527693299531265e-01 2.016530099739908544e-01
4.401935185208874501e-01 9.616035443985176956e-01 9.505725934152488010e-01 6.024146788006128350e-01 1.980897431051573399e-01
4.452958509942655518e-01 9.360230153731213809e-01 9.503029612967831552e-01 6.069872942829726004e-01 1.946824822652146458e-01
4.504573251759458330e-01 9.199545960097313957e-01 9.505202850621020660e-01 6.115700699419361897e-01 1.915151665658172964e-01
4.556786265841064054e-01 9.247756282946917317e-01 9.514607487912665196e-01 6.161624446213872508e-01 1.886956524259152668e-01
4.609604486828433600e-01 9.051093930291014278e-01 9.533389888580270366e-01 6.207638415722378511e-01 1.863209427175913091e-01
4.663034929742731483e-01 9.051010588650861832e-01 9.561440841163456605e-01 6.253736681765535987e-01 1.843837512990208205e-01
4.717084690917017209e-01 9.213848223381251312e-01 9.597815632761753646e-01 6.299913156676950621e-01 1.828378403742726144e-01
4.771760948938745805e-01 9.760511378141778494e-01 9.641296798024427961e-01 6.346161588464203085e-01 1.816243263214974424e-01
4.827070965603182939e-01 9.723891086208492629e-01 9.688900930020885038e-01 6.392475557928887220e-01 1.806054390776197227e-01
4.883022086877880086e-01 9.977861268276450035e-01 9.737729349406329948e-01 6.438848475745078126e-01 1.796494945513645303e-01
4.939621743878320759e-01 1.022410562534963985e+00 9.784799045888544766e-01 6.485273579495627327e-01 1.786236094151992249e-01
4.996877453854883799e-01 1.013662267565427877e+00 9.828662099619851489e-01 6.531743930665667719e-01 1.774652542845475411e-01
5.054796821191240852e-01 1.038591850740412603e+00 9.867279242768690617e-01 6.578252411592693250e-01 1.760868852429133269e-01
5.113387538414325695e-01 1.005467480529993685e+00 9.900047787026707846e-01 6.624791722372611602e-01 1.744650619331819530e-01
5.172657387216018643e-01 9.785649783948852098e-01 9.928410862324767994e-01 6.671354377721090412e-01 1.726657303607026239e-01
5.232614239486661489e-01 9.593530861026512424e-01 9.951119903948892897e-01 6.717932703789555315e-01 1.706363101852236830e-01
5.293266058360561743e-01 9.588839639504413981e-01 9.967578008810157320e-01 6.764518834935192571e-01 1.683527328921968769e-01
5.354620899273607737e-01 9.336915928054837499e-01 9.977321026895403788e-01 6.811104710444235710e-01 1.657963891995691275e-01
5.416686911033151697e-01 9.784560232823308334e-01 9.977951950473072928e-01 6.857682071207895635e-01 1.628640613004533610e-01
5.479472336900287344e-01 1.103406828007789331e+00 9.967945879350655902e-01 6.904242456350202506e-01 1.594896372346988611e-01
5.542985515684668574e-01 1.086420232064768898e+00 9.946178786309041175e-01 6.950777199807062212e-01 1.556228937145876789e-01
5.607234882852032420e-01 1.064713997331315776e+00 9.913496754638533304e-01 6.997277426855796900e-01 1.512977756653679229e-01
5.672228971644543982e-01 1.087903799823042528e+00 9.871480391978633140e-01 7.043734050594447904e-01 1.465793372030862463e-01
5.737976414214134291e-01 9.705429299293752976e-01 9.822036055236464946e-01 7.090137768370081695e-01 1.415468499938944413e-01
5.804485942768977669e-01 9.154484960627824464e-01 9.769254159645009983e-01 7.136479058155351662e-01 1.363774127742603814e-01
5.871766390733255125e-01 8.885661903497843461e-01 9.717980294813661768e-01 7.182748174872534141e-01 1.312853736492529677e-01
5.939826693920355893e-01 9.593860821820873186e-01 9.672452778913105398e-01 7.228935146664270395e-01 1.264622896101155192e-01
6.008675891719686968e-01 9.250640871624626893e-01 9.636396411089711567e-01 7.275029771110211874e-01 1.220798823096738150e-01
6.078323128297229427e-01 9.176663282063942662e-01 9.611466793106722140e-01 7.321021611388748296e-01 1.182179809501799211e-01
6.148777653810023613e-01 9.879997138126019873e-01 9.598913158639511556e-01 7.366899992383040274e-01 1.149372883982017202e-01
6.220048825634711953e-01 9.276485750967075061e-01 9.597861347226092077e-01 7.412653996730464989e-01 1.122007428638638060e-01
6.292146109610343707e-01 9.419903704040341053e-01 9.606940848947218559e-01 7.458272460814682203e-01 1.099468720263339500e-01
6.365079081295571539e-01 1.010096483183622995e+00 9.623630152710560548e-01 7.503743970699432442e-01 1.080609168048995289e-01
6.438857427240419762e-01 9.512809760783148549e-01 9.646065254053228788e-01 7.549056858003196924e-01 1.064574991229703532e-01
6.513490946272803006e-01 9.384248144311743145e-01 9.669427731031272621e-01 7.594199195713841055e-01 1.049187873583450892e-01
6.588989550799949635e-01 9.093106858309331075e-01 9.691976453546066184e-01 7.639158793942352199e-01 1.033668126276414689e-01
6.665363268124913088e-01 1.014763605620750075e+00 9.712647525647104541e-01 7.683923195614722479e-01 1.017546131327948244e-01
6.742622241778342129e-01 1.096317753952763541e+00 9.729419115011045394e-01 7.728479672101096210e-01 9.999284297944124877e-02
6.820776732865685421e-01 1.010343751317160255e+00 9.741425144252772172e-01 7.772815218781203850e-01 9.804415418663625648e-02
6.899837121430018039e-01 9.225563244212137137e-01 9.748576945793760995e-01 7.816916550545150999e-01 9.590574826169594169e-02
6.979813907830659803e-01 9.521075033074167804e-01 9.751367857942457862e-01 7.860770097228573228e-01 9.360044523840393982e-02
7.060717714137773049e-01 9.721336825053940034e-01 9.750132520687172510e-01 7.904361998981193072e-01 9.114369695097893076e-02
7.142559285543126357e-01 1.003724569401257538e+00 9.745748548871842054e-01 7.947678101567766662e-01 8.857493299734572889e-02
7.225349491787214085e-01 9.778465222115197975e-01 9.741265584954204027e-01 7.990703951600406363e-01 8.603034332686473884e-02
7.309099328602910450e-01 9.770003281340153833e-01 9.736962114604628127e-01 8.033424791701263556e-01 8.352274801136891358e-02
7.393819919175865785e-01 9.437380145162966860e-01 9.735148416929846338e-01 8.075825555594507987e-01 8.115564767215413533e-02
7.479522515621821466e-01 9.608432180818287094e-01 9.735768809416601721e-01 8.117890863126565604e-01 7.892704399563289785e-02
7.566218500481054487e-01 9.601414127087707362e-01 9.738818636369048765e-01 8.159605015213527990e-01 7.683714192796801956e-02
7.653919388230148169e-01 1.046333742008779488e+00 9.743576428605030815e-01 8.200951988714638707e-01 7.485412672048137595e-02
7.742636826811269968e-01 8.865872447849568738e-01 9.750197477294578752e-01 8.241915431230767419e-01 7.298525784917708759e-02
7.832382599179196214e-01 9.380015683637260571e-01 9.757621136105837367e-01 8.282478655826741587e-01 7.118362617413978577e-02
7.923168624866253618e-01 1.009780744760564231e+00 9.764107762422524761e-01 8.322624635676381111e-01 6.937225623489684523e-02
8.015006961565405152e-01 1.014584934345727829e+00 9.768348969783045010e-01 8.362335998629114586e-01 6.749355266934838060e-02
8.107909806731686819e-01 1.050825644749068699e+00 9.770324580148428417e-01 8.401595021696982579e-01 6.554724805903207330e-02
8.201889499202202893e-01 9.815728377501202750e-01 9.770712787383014630e-01 8.440383625460839978e-01 6.356406099980943525e-02
8.296958520834906148e-01 1.000929080545216898e+00 9.768976033068708098e-01 8.478683368394570596e-01 6.152062703120245168e-02
8.393129498166364000e-01 9.380749976274204149e-01 9.766946889631228368e-01 8.516475441106072797e-01 5.949892774900499698e-02
8.490415204088747059e-01 9.019837590995242183e-01 9.764909243864704491e-01 8.553740660493793779e-01 5.751213244728922008e-02
8.588828559546249908e-01 9.805442855701801408e-01 9.763400087619413803e-01 8.590459463817537999e-01 5.558469347965864366e-02
8.688382635251183927e-01 9.268791024157908565e-01 9.765304150320212040e-01 8.626611902682305155e-01 5.384551410644224101e-02
8.789090653419954213e-01 1.099654365296656167e+00 9.770405955956210642e-01 8.662177636933831026e-01 5.228552318813785293e-02
8.890965989529158175e-01 9.804768131755730032e-01 9.780068358733716716e-01 8.697135928464546639e-01 5.096563257903955618e-02
8.994022174092044519e-01 9.607683482207762804e-01 9.793859627246326305e-01 8.731465634928623487e-01 4.986672604170660356e-02
9.098272894455557980e-01 9.307382124795132716e-01 9.812177020791955639e-01 8.765145203364755888e-01 4.900625967079685896e-02
9.203731996618220723e-01 9.452304138776249642e-01 9.833498944707368405e-01 8.798152663725307132e-01 4.831658201851068979e-02
9.310413487069075789e-01 1.015058068781081291e+00 9.860097659803266357e-01 8.830465622310460505e-01 4.789761232379263073e-02
9.418331534647951253e-01 9.712186725071570992e-01 9.888567651575832507e-01 8.862061255105947444e-01 4.759864148677604712e-02
9.527500472427290479e-01 9.940718746954821938e-01 9.917983477134311165e-01 8.892916301022946168e-01 4.737917563129854376e-02
9.637934799615786030e-01 1.020446492693255047e+00 9.948649734091129515e-01 8.923007055038705282e-01 4.725290439901834449e-02
9.749649183484085935e-01 1.017963410195995788e+00 9.977834939030171268e-01 8.952309361236430174e-01 4.710123371777143880e-02
9.862658461312820979e-01 9.276954442419050872e-01 1.000515646572789574e+00 8.980798605742965623e-01 4.690892729147205092e-02
9.976977642363201726e-01 1.097170642493033643e+00 1.002887889104214336e+00 9.008449709562742491e-01 4.660232839160628054e-02
1.009262190987048502e+00 1.039581162564862993e+00 1.004735108699806645e+00 9.035242322031336037e-01 4.611177350200201114e-02
1.020960662306047650e+00 9.225197911894769121e-01 1.005985106098187920e+00 9.061193723415390533e-01 4.540613542654070578e-02
1.032794731918952547e+00 1.046942985518623859e+00 1.006471546170928377e+00 9.086336831422061611e-01 4.441266939693302301e-02
1.044765971560805307e+00 1.008941976340134383e+00 1.006392650946294598e+00 9.110702969905828397e-01 4.321556887370037875e-02
1.056875971184805030e+00 1.065026809196990998e+00 1.005560558361442647e+00 9.134321895171737538e-01 4.173191829016470455e-02
1.069126339173477103e+00 1.032117601291680842e+00 1.004340758753422991e+00 9.157221895529081834e-01 4.011734981644743403e-02
1.081518702552289213e+00 1.029461102341703072e+00 1.002557945039966869e+00 9.179429883149607949e-01 3.829377418335948302e-02
1.094054707205743604e+00 9.189232282298162025e-01 1.000498138863441744e+00 9.200971478928405833e-01 3.638260061117026822e-02
1.106736018095974439e+00 1.035761670552845404e+00 9.980928406056728264e-01 9.221871090973181584e-01 3.435189328445670265e-02
1.119564319483879355e+00 9.653939450145353485e-01 9.954534597299630194e-01 9.242151987283597769e-01 3.224785412178866190e-02
1.132541315152812755e+00 9.336869228399842235e-01 9.926807448224109764e-01 9.261836363125772742e-01 3.011249421648998573e-02
1.145668728634872569e+00 1.058584742845485538e+00 9.898369064097162218e-01 9.280945403556652984e-01 2.797142471412248158e-02
1.158948303439811811e+00 9.887124501958816092e-01 9.869219853928099528e-01 9.299499341508543626e-01 2.582325573261166560e-02
1.172381803286599800e+00 1.017247800041646499e+00 9.841831929960037639e-01 9.317517511804154218e-01 2.377572660581901698e-02
1.185971012337670549e+00 1.059097992454053339e+00 9.816594008603970467e-01 9.335018401437336077e-01 2.184565158195048151e-02
1.199717735435885446e+00 9.482867786023513323e-01 9.793997108214084202e-01 9.352019696422917416e-01 2.005455862338255055e-02
1.213623798344241722e+00 9.346347384006001846e-01 9.776094407720375967e-01 9.368538325490942675e-01 1.849354912713935609e-02
1.227691047988360484e+00 8.721180318578949375e-01 9.763515641000919398e-01 9.384590500875233943e-01 1.719089951660581275e-02
1.241921352701784720e+00 9.751844764191308634e-01 9.755264640596488235e-01 9.400191756423557088e-01 1.610234246960692839e-02
1.256316602474121469e+00 9.345242222806114940e-01 9.752220952097623297e-01 9.415356983236344846e-01 1.526674141592338114e-02
1.270878709202059476e+00 1.061454970808720200e+00 9.751719423187643621e-01 9.430100463022479396e-01 1.456487776128030827e-02
1.285609606943296512e+00 9.203748850028623529e-01 9.753146911300472066e-01 9.444435899344365559e-01 1.396874269132106910e-02
1.300511252173409904e+00 1.074113692505054285e+00 9.754993398969971086e-01 9.458376446909431134e-01 1.341038474559449328e-02
1.315585624045705115e+00 9.879262628574125849e-01 9.755986237703698771e-01 9.471934739051917074e-01 1.283248187252208385e-02
1.330834724654076151e+00 9.974626441808244204e-01 9.754348118621337660e-01 9.485122913536634393e-01 1.215528778370729771e-02
1.346260579298911075e+00 9.513824570811606485e-01 9.751743104450566468e-01 9.497952636805349069e-01 1.145225233550287158e-02
1.361865236756082842e+00 9.790404141160102824e-01 9.748344065389156210e-01 9.510435126776601855e-01 1.073046162199784923e-02
1.377650769549054965e+00 9.017864865590592416e-01 9.744289613346510670e-01 9.522581174300572826e-01 9.995499845579194909e-03
1.393619274224143556e+00 1.023796586648439977e+00 9.742049356079761635e-01 9.534401163362604681e-01 9.356904432378031905e-03
1.409772871628967694e+00 9.508338159981920557e-01 9.741752412119070170e-01 9.545905090121378223e-01 8.819975634654666358e-03
1.426113707194129887e+00 9.975545712158434553e-01 9.743516104288052482e-01 9.557102580861016605e-01 8.389459782785560482e-03
1.442643951218158804e+00 9.571215740316011411e-01 9.748756684545214490e-01 9.568002908930195449e-01 8.127932455722693128e-03
1.459365799155757593e+00 9.288963592811216863e-01 9.756604583383591267e-01 9.578615010735695989e-01 7.995986024210770607e-03
1.476281471909391074e+00 9.695573994753446945e-01 9.766684672505818732e-01 9.588947500852718075e-01 7.976225412191277619e-03
1.493393216124253353e+00 1.041915979206024634e+00 9.776575066562636085e-01 9.599008686309455918e-01 7.960354549687537890e-03
1.510703304486655574e+00 9.681414404396213591e-01 9.787467370956407509e-01 9.608806580099278349e-01 8.000875869370475957e-03
1.528214036025870914e+00 9.805932872173503956e-01 9.797186107510531539e-01 9.618348913969811953e-01 8.000830558970779827e-03
1.545927736419478560e+00 1.021727994389025174e+00 9.807636666404540016e-01 9.627643150534590522e-01 8.044383866952862366e-03
1.563846758302247730e+00 9.622970051043092665e-01 9.816702385393419883e-01 9.636696494749754649e-01 8.037443408288838520e-03
1.581973481578601515e+00 9.483470553854805862e-01 9.825749191987974696e-01 9.645515904795007867e-01 8.040212830040509989e-03
1.600310313738701806e+00 9.812627237315841855e-01 9.834496347459085186e-01 9.654108102395551061e-01 8.039965822948153679e-03
1.618859690178199306e+00 9.889364954217726433e-01 9.841574004947213350e-01 9.662479582618752616e-01 7.975973319103938503e-03
1.637624074521689010e+00 9.818595722816797489e-01 9.846921048415537836e-01 9.670636623177326641e-01 7.845390943704679335e-03
1.656605958949915136e+00 9.973364579954219211e-01 9.849729865075536051e-01 9.678585293268349155e-01 7.612438201546511268e-03
1.675807864530768798e+00 9.981276102510610038e-01 9.847131344452857427e-01 9.686331461975468127e-01 7.150404398767309065e-03
1.695232341554121502e+00 9.490594460438872559e-01 9.840414161859939446e-01 9.693880806259975724e-01 6.515701902336333735e-03
1.714881969870540868e+00 9.993736173311146276e-01 9.829350534647223192e-01 9.701238818564419386e-01 5.697627282921286472e-03
1.734759359233932541e+00 1.055332832923929098e+00 9.813925134044337861e-01 9.708410814051036120e-01 4.694595284987882443e-03
1.754867149648152047e+00 1.061201111276057096e+00 9.795809366116869921e-01 9.715401937495860007e-01 3.579552258650337861e-03
1.775208011717636092e+00 9.486663806286129708e-01 9.776073769200570585e-01 9.722217169857734209e-01 2.399152157920624376e-03
1.795784647002096834e+00 9.721876050069334640e-01 9.757087928459124981e-01 9.728861334540543915e-01 1.258205324313933868e-03
1.816599788375328650e+00 8.938299808966345683e-01 9.741733078120137224e-01 9.735339103365554525e-01 2.851422459415837779e-04
1.837656200388172456e+00 9.287752636295026898e-01 9.730735540494762636e-01 9.741655002269788977e-01 4.870755319861627035e-04
1.858956679635688225e+00 9.404817807315349887e-01 9.726003569306491681e-01 9.747813416745321202e-01 9.727831334594355195e-04
1.880504055128583429e+00 9.489480054999374081e-01 9.727212022580272732e-01 9.753818597033441229e-01 1.186292027115966622e-03
1.902301188668945819e+00 1.045485063834471484e+00 9.732880331837877597e-01 9.759674663086861379e-01 1.193957132856220864e-03
1.924350975230332272e+00 9.466315619592443609e-01 9.742266737534518439e-01 9.765385609312107196e-01 1.029380979619418015e-03
1.946656343342263229e+00 1.033998492580344708e+00 9.753397066307272212e-01 9.770955309103805941e-01 7.811219412045016701e-04
1.969220255479173565e+00 1.010584203954053129e+00 9.764463937049681075e-01 9.776387519181539698e-01 5.300021422984259843e-04
1.992045708453871189e+00 9.047328422406700765e-01 9.775191153799382970e-01 9.781685883739623666e-01 2.884535677937407738e-04
2.015135733815558439e+00 9.355448781766412258e-01 9.783155782950471169e-01 9.786853938419211030e-01 1.641377347562751545e-04
2.038493398252464228e+00 1.059014534876931313e+00 9.787325251948858496e-01 9.791895114111905940e-01 2.027318677049911862e-04
2.062121803999144465e+00 9.849010205232431314e-01 9.787755659853830670e-01 9.796812740603264569e-01 4.016877361416555724e-04
2.086024089248504687e+00 1.013994172845052111e+00 9.784879584001289210e-01 9.801610050064217816e-01 7.419349759657916646e-04
2.110203428568596440e+00 9.731896520418569230e-01 9.778640751391211028e-01 9.806290180397954082e-01 1.226249146849815079e-03
2.134663033324245340e+00 9.706911633766209802e-01 9.771481983923306913e-01 9.810856178449325338e-01 1.746473614630939149e-03
2.159406152103567678e+00 9.630854771231832645e-01 9.762744915754979491e-01 9.815311003083542207e-01 2.332122925282406525e-03
2.184436071149428393e+00 9.301621465259466426e-01 9.754000197673030614e-01 9.819657528140406377e-01 2.913581474210596295e-03
2.209756114795903059e+00 1.046575212582056436e+00 9.744912392572178117e-01 9.823898545270104421e-01 3.505929579798696110e-03
2.235369645909796699e+00 9.818149784074444719e-01 9.736398952397800066e-01 9.828036766656151890e-01 4.068411548519473842e-03
2.261280066337279404e+00 9.050422292656205014e-01 9.728329320690601856e-01 9.832074827630878922e-01 4.606911323589684554e-03
2.287490817355704031e+00 9.703364758763631803e-01 9.720374043836313982e-01 9.836015289188404509e-01 5.136218067164053519e-03
2.314005380130653933e+00 9.525580746406228094e-01 9.712038520029793176e-01 9.839860640399948899e-01 5.678551425952800373e-03
2.340827276178294447e+00 9.386553748565565902e-01 9.702416003511474818e-01 9.843613300735940541e-01 6.274652798368470646e-03
2.367960067833078774e+00 1.118183336074984657e+00 9.691628542513183175e-01 9.847275622299183073e-01 6.919333570965572298e-03
2.395407358720879287e+00 1.022996594439537166e+00 9.681457522958806239e-01 9.850849891973145755e-01 7.532956960482099611e-03
2.423172794237600680e+00 9.005485251412514991e-01 9.670420411715202613e-01 9.854338333489187640e-01 8.182114019888005185e-03
2.451260062033339793e+00 9.435570729901072706e-01 9.660156276870319747e-01 9.857743109416341465e-01 8.793344091508791677e-03
2.479672892502160053e+00 9.793966055172595997e-01 9.652506873309061319e-01 9.861066323077087858e-01 9.283760221223076592e-03
2.508415059277541381e+00 8.891140551057392649e-01 9.649223885431233994e-01 9.864310020392426104e-01 9.574329816978692509e-03
2.537490379733571721e+00 9.813545887388194222e-01 9.650121451280565532e-01 9.867476191659261264e-01 9.673308022090723601e-03
2.566902715491951703e+00 9.607470596935229201e-01 9.655513470582430813e-01 9.870566773263100835e-01 9.566716731602049190e-03
2.596655972934872381e+00 9.610780233902199710e-01 9.665520027484876264e-01 9.873583649328849798e-01 9.249584830908340327e-03
2.626754103723838440e+00 9.400848123954949065e-01 9.679392248228568807e-01 9.876528653312317552e-01 8.756238438291786066e-03
2.657201105324506596e+00 9.750456689983271197e-01 9.693959337587136904e-01 9.879403569534979113e-01 8.229532850188623835e-03
2.688001021537607560e+00 9.857261790844448202e-01 9.709686334307631173e-01 9.882210134664375367e-01 7.648883953372451715e-03
2.719157943036019098e+00 1.045502845535668079e+00 9.724552603436775744e-01 9.884950039142452738e-01 7.104848716409566632e-03
2.750676007908067433e+00 9.345257852213251226e-01 9.735438517375000211e-01 9.887624928563967242e-01 6.736465379691004840e-03
2.782559402207125832e+00 9.666010706219523296e-01 9.740897978707625526e-01 9.890236405007033493e-01 6.607677818216368092e-03
2.814812360507581435e+00 9.337385184824237294e-01 9.741397037028209915e-01 9.892786028317797076e-01 6.697371242101824405e-03
2.847439166467247595e+00 1.071661771834473864e+00 9.735168950123350706e-01 9.895275317351057698e-01 7.084389198805984660e-03
2.880444153396297668e+00 9.710311132604795281e-01 9.723864052214774567e-01 9.897705751168683896e-01 7.695660116982086345e-03
2.913831704832788638e+00 1.003313153403143199e+00 9.709809055846192472e-01 9.900078770197417999e-01 8.427960527967376381e-03
2.947606255124858521e+00 9.345763085604826825e-01 9.692809157947103182e-01 9.902395777347805517e-01 9.290618171249398830e-03
2.981772290019673477e+00 1.054373247546790182e+00 9.675736008923740972e-01 9.904658139095718905e-01 1.015547975042334003e-02
3.016334347259197468e+00 9.280551991452677951e-01 9.661704061512200736e-01 9.906867186527923419e-01 1.088260989950354078e-02
3.051297017182871052e+00 8.997736885190227296e-01 9.653694921993674072e-01 9.909024216353150560e-01 1.133731973295387836e-02
3.086664943337274369e+00 9.406914183104969629e-01 9.654919108612455281e-01 9.911130491880015825e-01 1.137455468076510601e-02
3.122442823092857811e+00 9.771256869296707226e-01 9.665987941238284309e-01 9.913187243962988671e-01 1.096706037030802279e-02
3.158635408267818967e+00 8.864664846064664872e-01 9.689054862548295288e-01 9.915195671917707010e-01 1.001987420360734606e-02
3.195247505759213791e+00 9.723342104092816962e-01 9.723518784356052214e-01 9.917156944406773089e-01 8.563728707054123201e-03
3.232283978181380579e+00 1.021822638312063880e+00 9.768495947065320983e-01 9.919072200297147646e-01 6.643350824399887021e-03
3.269749744511767808e+00 9.757712331261702010e-01 9.820530301317729194e-01 9.920942549490223694e-01 4.417994715812651949e-03
3.307649780744242651e+00 8.755098283840216933e-01 9.877257904065617211e-01 9.922769073725552502e-01 1.996490679438658183e-03
3.345989120549974771e+00 1.010530406976192230e+00 9.932329191677643498e-01 9.924552827359292007e-01 3.401573602686647300e-04
3.384772855945982872e+00 1.028734302385895250e+00 9.981744668818568478e-01 9.926294838118172592e-01 2.419285712342224889e-03
3.424006137971425723e+00 9.930766090594910223e-01 1.001966627841990976e+00 9.927996107829994976e-01 3.991658645139324266e-03
3.463694177371734462e+00 1.156351223879460655e+00 1.004389103511469150e+00 9.929657613131468441e-01 4.967718718336900686e-03
3.503842245290675894e+00 1.091668155817846486e+00 1.004978535448555199e+00 9.931280306154213200e-01 5.151546258634899858e-03
3.544455673970435594e+00 1.050773410670124308e+00 1.003997693727585405e+00 9.932865115189628558e-01 4.658177251267128956e-03
3.585539857459817181e+00 9.598518780182559995e-01 1.001474106942539244e+00 9.934412945333612743e-01 3.497516692343816819e-03
3.627100252330648367e+00 1.060737329126372419e+00 9.978958004118221314e-01 9.935924679111514113e-01 1.876904320681150890e-03
3.669142378402494131e+00 1.062986832173816731e+00 9.938423142702489388e-01 9.937401177084310699e-01 4.466069149338624909e-05
3.711671819475766743e+00 8.975937796426458615e-01 9.897162291864789463e-01 9.938843278436526596e-01 1.825150637956032178e-03
3.754694224073336972e+00 9.252854715165985677e-01 9.861824622491842662e-01 9.940251801546498012e-01 3.440110870974984972e-03
3.798215306190736218e+00 9.223640793275988958e-01 9.837341000811090641e-01 9.941627544539730632e-01 4.579762598119208050e-03
3.842240846055060999e+00 9.578581527461602629e-01 9.823628501771963784e-01 9.942971285825794592e-01 5.244254744716365241e-03
3.886776690892667752e+00 9.202403511972364614e-01 9.821207254702065681e-01 9.944283784619378785e-01 5.408633515697692379e-03
3.931828755705770284e+00 9.811968261815255943e-01 9.829645223845129287e-01 9.945565781446044085e-01 5.091650869386270088e-03
3.977403024058036696e+00 9.553539842300470264e-01 9.846638420401233605e-01 9.946817998633208369e-01 4.396181102374618205e-03
4.023505548869293236e+00 1.031544915325667056e+00 9.865739358160422467e-01 9.948041140786778591e-01 3.607934953930449096e-03
4.070142453219438572e+00 1.063430816472870966e+00 9.885837579813958609e-01 9.949235895254067152e-01 2.776257154293505780e-03
4.117319931161679492e+00 1.086925537473930614e+00 9.902993831923667667e-01 9.950402932573252368e-01 2.074158914433812950e-03
4.165044248545185290e+00 9.075003418633437180e-01 9.916784411537209465e-01 9.951542906909964792e-01 1.519547961720273729e-03
4.213321743847289191e+00 1.058199254155742119e+00 9.927900631277642995e-01 9.952656456481401293e-01 1.081591807560574421e-03
4.262158829015325168e+00 1.031426617328677686e+00 9.936309663129768710e-01 9.953744203968322157e-01 7.613581009377714441e-04
4.311561990318228510e+00 9.169590494522167345e-01 9.944976865026844415e-01 9.954806756915379751e-01 4.290567408397033653e-04
4.361537789208005833e+00 1.005127626032572774e+00 9.952805711087923113e-01 9.955844708120129560e-01 1.325875560691118277e-04
4.412092863191189984e+00 8.938921383286716482e-01 9.963351295081743775e-01 9.956858636011096664e-01 2.831020473040874331e-04
4.463233926710397093e+00 9.865425918925299076e-01 9.976787607943662373e-01 9.957849105015210700e-01 8.251858220688058042e-04
4.514967772036102112e+00 1.086071528721680002e+00 9.993600850444617212e-01 9.958816665915064537e-01 1.514262087867025448e-03
4.567301270168746541e+00 1.000143275524366659e+00 1.001142604024989335e+00 9.959761856196112095e-01 2.246989033945157900e-03
4.620241371751313331e+00 9.463964352420310977e-01 1.002868842777944636e+00 9.960685200384356008e-01 2.954924040486959971e-03
4.673795107992464004e+00 1.015870354773531492e+00 1.004404646665237433e+00 9.961587210374636125e-01 3.580171802359048607e-03
4.727969591600390764e+00 1.127725667397177167e+00 1.005580947173541961e+00 9.962468385749945199e-01 4.050079897462280538e-03
4.782772017727485725e+00 9.800173386288009159e-01 1.006331498965137961e+00 9.963329214091949382e-01 4.336585895629537120e-03
4.838209664925956943e+00 1.049624145006333720e+00 1.006520762101972055e+00 9.964170171283019961e-01 4.381601819685927365e-03
4.894289896114531579e+00 8.951553288299989308e-01 1.006201200512481853e+00 9.964991721800091629e-01 4.207888896782752131e-03
4.951020159556350997e+00 1.057090718983903166e+00 1.005475187397035564e+00 9.965794319000516044e-01 3.859438111919199794e-03
5.008407989848212338e+00 1.071044244892488617e+00 1.004598659260855120e+00 9.966578405400190466e-01 3.446506583956320587e-03
5.066461008921268494e+00 9.821335753725386475e-01 1.003455824834553312e+00 9.967344412944183496e-01 2.918793096017403485e-03
5.125186927053333008e+00 1.073517513289004910e+00 1.002266850858791303e+00 9.968092763270117729e-01 2.371295780089633775e-03
5.184593543892913381e+00 9.008923866941500602e-01 1.001327093058882456e+00 9.968823867964480279e-01 1.932044269096985312e-03
5.244688749495119318e+00 9.812308667951452623e-01 1.000340349422180086e+00 9.969538128812112099e-01 1.472748050544295815e-03
5.305480525369573819e+00 9.017253455972943366e-01 9.995882906276574165e-01 9.970235938039031520e-01 1.115724392513776919e-03
5.366976945540476329e+00 1.134605074481465081e+00 9.990710899865017369e-01 9.970917678548842922e-01 8.612613525151094351e-04
5.429186177618943177e+00 1.036200802592615711e+00 9.986672632409018258e-01 9.971583724152879302e-01 6.566736818108573175e-04
5.492116483887789613e+00 9.945154697808119559e-01 9.985785246539831128e-01 9.972234439794300798e-01 5.897420276897067347e-04
5.555776222398877806e+00 9.611415426838362253e-01 9.986213985963414697e-01 9.972870181766240183e-01 5.807021349424527175e-04
5.620173848083187984e+00 1.004251511571762290e+00 9.988059657689644100e-01 9.973491297924321763e-01 6.339146085249251815e-04
5.685317913873753071e+00 1.005613145271164965e+00 9.988977836876763439e-01 9.974098127893553656e-01 6.474129249275969566e-04
5.751217071841614015e+00 9.721241227451324907e-01 9.992045731134826525e-01 9.974691003269851031e-01 7.549620696637410026e-04
5.817880074344935259e+00 9.525864103232448699e-01 9.994218087854075394e-01 9.975270247816310221e-01 8.241517963366939243e-04
5.885315775191449994e+00 9.817080703072346148e-01 9.995714927171288622e-01 9.975836177654391346e-01 8.645531864876114872e-04
5.953533130814370189e+00 1.064681893376423272e+00 9.994544290202124204e-01 9.976389101450220398e-01 7.896176217987158682e-04
6.022541201461927507e+00 1.055812843217693642e+00 9.991263610567842068e-01 9.976929320595968598e-01 6.235220310202146607e-04
6.092349152400711176e+00 9.869239913379416196e-01 9.986560718279079429e-01 9.977457129386633206e-01 3.960764537186808789e-04
6.162966255132942273e+00 1.138932768868772483e+00 9.981285607297579743e-01 9.977972815192341915e-01 1.441664127749420362e-04
6.234401888627863819e+00 8.968044858277235409e-01 9.978087056260760423e-01 9.978476658626080908e-01 1.695704329002094854e-05
6.306665540567405692e+00 8.990279211899242506e-01 9.976754597075829789e-01 9.978968933707312861e-01 9.638078845830008257e-05
6.379766808606282424e+00 1.052025885867447164e+00 9.980915053380922108e-01 9.979449908021285065e-01 6.375680477282091125e-05
6.453715401646701544e+00 9.522875368738481505e-01 9.989093141536438125e-01 9.979919842874431790e-01 3.990095327302560957e-04
6.528521141127847649e+00 1.040525988180513561e+00 1.000476599056368432e+00 9.980378993445646607e-01 1.059901596296341543e-03
6.604193962330305645e+00 9.503767049443931914e-01 1.002663080318951572e+00 9.980827608933926509e-01 1.988469385770327662e-03
6.680743915695614987e+00 1.044286649847956383e+00 1.005338648806815893e+00 9.981265932702145793e-01 3.126751975915530776e-03
6.758181168161110364e+00 8.723228422242365054e-01 1.008148781429728080e+00 9.981694202417221717e-01 4.320368758253943786e-03
6.836516004510238886e+00 1.072524350849400676e+00 1.010951903372237171e+00 9.982112650186885094e-01 5.508027608650883575e-03
6.915758828738525210e+00 1.086997409274857995e+00 1.013391156423152584e+00 9.982521502692771609e-01 6.536855654021155211e-03
6.995920165435374649e+00 1.043362063067836853e+00 1.015268898302459588e+00 9.982920981320484444e-01 7.323448714135976680e-03
7.077010661181889262e+00 1.081517956815039705e+00 1.016188603302732307e+00 9.983311302286113076e-01 7.699706317188665695e-03
7.159041085964887863e+00 1.022431063314077848e+00 1.016294394623356023e+00 9.983692676759805540e-01 7.728326367343190360e-03
7.242022334607315592e+00 9.727881772404625149e-01 1.015679713550089458e+00 9.984065310986169894e-01 7.449364960945572232e-03
7.325965428215230446e+00 1.060815011444543821e+00 1.014573133478167577e+00 9.984429406401653662e-01 6.960107042342676339e-03
7.410881515641570161e+00 1.045115490743370845e+00 1.013078595071822186e+00 9.984785159749134387e-01 6.304414723400297502e-03
7.496781874966877091e+00 9.833119396371601262e-01 1.011699062437331431e+00 9.985132763189528138e-01 5.697503862273993122e-03
7.583677914997190683e+00 1.029279804522612585e+00 1.010602858116649294e+00 9.985472404410755676e-01 5.211906341180416909e-03
7.671581176779302069e+00 9.203976351154836699e-01 1.009967802225734124e+00 9.985804266733901979e-01 4.924479564517162886e-03
7.760503335133570602e+00 9.656919775113507187e-01 1.010113233411602529e+00 9.986128529216895533e-01 4.972909340054989559e-03
7.850456200204509294e+00 9.807636686668699255e-01 1.010907151145028715e+00 9.986445366755503095e-01 5.300338312721166595e-03
7.941451719029339884e+00 1.038956206939921412e+00 1.012380949857426549e+00 9.986754950181948587e-01 5.919570856694036758e-03
8.033501977124734239e+00 9.809549748046082485e-01 1.014413678121448115e+00 9.987057446361091717e-01 6.777548523902924942e-03
8.126619200091946382e+00 1.091648399118305468e+00 1.016817453111288350e+00 9.987353018284172990e-01 7.792591084350918365e-03
8.220815755240540312e+00 1.047241816909996182e+00 1.019272373647174712e+00 9.987641825160371578e-01 8.827293880677881260e-03
8.316104153230961415e+00 1.100777288018710998e+00 1.021649442829471344e+00 9.987924022506042832e-01 9.826672448147964756e-03
8.412497049736117560e+00 8.786604746004857969e-01 1.023818442262707462e+00 9.988199762231901868e-01 1.073572874584537325e-02
8.510007247122246099e+00 1.013479176630085687e+00 1.025450106034709208e+00 9.988469192727909007e-01 1.141559986510534870e-02
8.608647696149244410e+00 1.050257769035412014e+00 1.026390725719133590e+00 9.988732458946258941e-01 1.180233816060565280e-02
8.708431497690723333e+00 1.098590477333178939e+00 1.026446877787486001e+00 9.988989702482249378e-01 1.181491261058153185e-02
8.809371904473991322e+00 1.059616533065133259e+00 1.025431602194048386e+00 9.989241061653251208e-01 1.137420387976516289e-02
8.911482322840202031e+00 1.003748242678220493e+00 1.023403353248967917e+00 9.989486671575711352e-01 1.050366386657884676e-02
9.014776314524917566e+00 1.054739942662310526e+00 1.020476427950095299e+00 9.989726664240354825e-01 9.249372012591986977e-03
9.119267598459298796e+00 1.080994211414072037e+00 1.016816122851603499e+00 9.989961168585523854e-01 7.678623758066389915e-03
9.224970052592174952e+00 1.085111912036047066e+00 1.012869805269164258e+00 9.990190310568802801e-01 5.979863040329833415e-03
9.331897715733239451e+00 1.002479716808259314e+00 1.008969781733868754e+00 9.990414213236766816e-01 4.294664562965744455e-03
9.440064789417602853e+00 9.178611689769775595e-01 1.005616445155678162e+00 9.990632996793353815e-01 2.839361313632983615e-03
9.549485639791965852e+00 1.014409207446371974e+00 1.003212113841837061e+00 9.990846778666240269e-01 1.790469040136961074e-03
9.660174799522645017e+00 8.735787540545943974e-01 1.002133665569749477e+00 9.991055673571884732e-01 1.314273002820608464e-03
9.772146969725724830e+00 9.510473548536118038e-01 1.002437543268972053e+00 9.991259793578870507e-01 1.437071798191441162e-03
9.885417021919574054e+00 9.392349096950082243e-01 1.004203912753569350e+00 9.991459248169805019e-01 2.192987841364220890e-03
1.000000000000000000e+01 1.041765533106510544e+00 1.007188713427421778e+00 9.991654144301738150e-01 3.473457658366732766e-03
