# tau=t/t_H SFF SFF_smoothed GOE_connected DeltaK_abs_log10_ratio
1.000000000000000048e-04 8.793437339925151264e+01 8.793340799640994021e+01 1.999800019997333795e-04 5.643167336857483285e+00
1.011591112223829728e-04 8.793391397972440870e+01 8.793313741554648288e+01 2.022977581832760541e-04 5.638161498823048845e+00
1.023316578330244966e-04 8.793344385027178589e+01 8.793282452786219494e+01 2.046423742725537011e-04 5.633155457667661459e+00
1.035177955630176228e-04 8.793296276127702527e+01 8.793247044368662557e+01 2.070141614763123497e-04 5.628149218940561305e+00
1.047176819485520245e-04 8.793247045730797140e+01 8.793207742908015234e+01 2.094134346075829226e-04 5.623142793899699399e+00
1.059314763518370031e-04 8.793196667698192925e+01 8.793164858427179809e+01 2.118405121253895179e-04 5.618136197923713659e+00
1.071593399822671198e-04 8.793145115282673885e+01 8.793118746726109691e+01 2.142957161769398083e-04 5.613129448653052300e+00
1.084014359178331018e-04 8.793092361113959043e+01 8.793069772483782742e+01 2.167793726403025999e-04 5.608122564167693724e+00
1.096579291267809898e-04 8.793038377184115006e+01 8.793018278257871145e+01 2.192918111675785128e-04 5.603115561456098348e+00
1.109289864895222780e-04 8.792983134832797987e+01 8.792964562557988017e+01 2.218333652285692595e-04 5.598108455332249989e+00
1.122147768207980290e-04 8.792926604732041085e+01 8.792908867920083082e+01 2.244043721549514021e-04 5.593101257846623042e+00
1.135154708920999033e-04 8.792868756870704772e+01 8.792851377986710304e+01 2.270051731849600921e-04 5.588093978141922769e+00
1.148312414543511137e-04 8.792809560538579206e+01 8.792792221370145000e+01 2.296361135085894041e-04 5.583086622643831376e+00
1.161622632608501891e-04 8.792748984310139804e+01 8.792731479635901337e+01 2.322975423133139818e-04 5.578079195455265094e+00
1.175087130904807617e-04 8.792686996027900648e+01 8.792669196957044164e+01 2.349898128303393684e-04 5.573071698833172327e+00
1.188707697711903309e-04 8.792623562785355773e+01 8.792605389594281462e+01 2.377132823813860615e-04 5.568064133656730696e+00
1.202486142037412301e-04 8.792558650909568030e+01 8.792540054084020085e+01 2.404683124260139629e-04 5.563056499831747104e+00
1.216424293857368039e-04 8.792492225943371409e+01 8.792473195610456571e+01 2.432552686094931291e-04 5.558048797692044296e+00
1.230524004359261579e-04 8.792424252627040460e+01 8.792404778683912525e+01 2.460745208112275753e-04 5.553041025563276278e+00
1.244787146187906256e-04 8.792354694879742283e+01 8.792334766988183503e+01 2.489264431937378481e-04 5.548033181731105046e+00
1.259215613694150942e-04 8.792283515780303560e+01 8.792263123361344412e+01 2.518114142522093635e-04 5.543025264440264444e+00
1.273811323186478520e-04 8.792210677547775788e+01 8.792189809776023424e+01 2.547298168646127152e-04 5.538017271893584059e+00
1.288576213185518003e-04 8.792136141521382342e+01 8.792114787319295033e+01 2.576820383424025126e-04 5.533009202251006897e+00
1.303512244681508938e-04 8.792059868140067636e+01 8.792038016172105586e+01 2.606684704818018248e-04 5.528001053628578632e+00
1.318621401394748458e-04 8.791981816921529003e+01 8.791959455588155947e+01 2.636895096156779473e-04 5.522992824097405773e+00
1.333905690039058638e-04 8.791901946440870574e+01 8.791879063872393374e+01 2.667455566660177873e-04 5.517984511682604065e+00
1.349367140588306430e-04 8.791820214308603454e+01 8.791796798358903686e+01 2.698370171970083421e-04 5.512976114362206914e+00
1.365007806546013845e-04 8.791736577148287779e+01 8.791712615388377117e+01 2.729643014687300768e-04 5.507967630066060494e+00
1.380829765218092263e-04 8.791650990573502611e+01 8.791626470284953143e+01 2.761278244914698696e-04 5.502959056674683325e+00
1.396835117988739626e-04 8.791563409164439236e+01 8.791538317332657471e+01 2.793280060806610596e-04 5.497950392018107202e+00
1.413025990599533599e-04 8.791473786443867766e+01 8.791448109751183893e+01 2.825652709124569940e-04 5.492941633874685259e+00
1.429404533431761061e-04 8.791382074852509731e+01 8.791355799671163140e+01 2.858400485799463138e-04 5.487932779969874275e+00
1.445972921792019463e-04 8.791288225723930339e+01 8.791261338108833456e+01 2.891527736500166482e-04 5.482923827974989450e+00
1.462733356201129868e-04 8.791192189258802614e+01 8.791164674940166890e+01 2.925038857208746290e-04 5.477914775505924538e+00
1.479688062686396383e-04 8.791093914498544848e+01 8.791065758874337632e+01 2.958938294802293295e-04 5.472905620121852444e+00
1.496839293077255632e-04 8.790993349298456394e+01 8.790964537426664549e+01 2.993230547641470953e-04 5.467896359323884070e+00
1.514189325304352018e-04 8.790890440300034925e+01 8.790860956890813327e+01 3.027920166165852479e-04 5.462886990553704081e+00
1.531740463702079740e-04 8.790785132902917098e+01 8.790754962310393239e+01 3.063011753496128480e-04 5.457877511192166686e+00
1.549495039314631646e-04 8.790677371235913995e+01 8.790646497450011054e+01 3.098509966043256183e-04 5.452867918557867455e+00
1.567455410205595065e-04 8.790567098127543488e+01 8.790535504765483665e+01 3.134419514124640264e-04 5.447858209905676041e+00
1.585623961771137158e-04 8.790454255075792389e+01 8.790421925373433965e+01 3.170745162587414656e-04 5.442848382425235165e+00
1.604003107056819902e-04 8.790338782217274627e+01 8.790305699020234442e+01 3.207491731438919663e-04 5.437838433239424951e+00
1.622595287078087002e-04 8.790220618295509780e+01 8.790186764050136503e+01 3.244664096484443775e-04 5.432828359402789964e+00
1.641402971144466361e-04 8.790099700628691437e+01 8.790065057372746082e+01 3.282267189972323958e-04 5.427818157899934270e+00
1.660428657187529582e-04 8.789975965076510533e+01 8.789940514429689244e+01 3.320306001246483034e-04 5.422807825643872981e+00
1.679674872092653225e-04 8.789849346006297992e+01 8.789813069160523185e+01 3.358785577406489791e-04 5.417797359474344709e+00
1.699144172034625999e-04 8.789719776258415607e+01 8.789682653967895476e+01 3.397711023975232372e-04 5.412786756156092949e+00
1.718839142817145534e-04 8.789587187110790012e+01 8.789549199681840719e+01 3.437087505574287316e-04 5.407776012377095931e+00
1.738762400216250527e-04 8.789451508242622424e+01 8.789412635523291328e+01 3.476920246607074268e-04 5.402765124746764513e+00
1.758916590327732731e-04 8.789312667697323889e+01 8.789272889066721461e+01 3.517214531949887954e-04 5.397754089794091215e+00
1.779304389918577296e-04 8.789170591844519720e+01 8.789129886201983766e+01 3.557975707650890365e-04 5.392742903965760171e+00
1.799928506782476454e-04 8.789025205341286551e+01 8.788983551095110158e+01 3.599209181637167787e-04 5.387731563624205577e+00
1.820791680099462359e-04 8.788876431092279518e+01 8.788833806148474537e+01 3.640920424429929100e-04 5.382720065045639934e+00
1.841896680799710861e-04 8.788724190209217113e+01 8.788680571959767462e+01 3.683114969867951061e-04 5.377708404418017452e+00
1.863246311931559835e-04 8.788568401969220645e+01 8.788523767280139509e+01 3.725798415839356222e-04 5.372696577838960152e+00
1.884843409033795474e-04 8.788408983772303884e+01 8.788363308971472065e+01 3.768976425021829200e-04 5.367684581313638681e+00
1.906690840512252085e-04 8.788245851097806849e+01 8.788199111962451582e+01 3.812654725631356933e-04 5.362672410752590935e+00
1.928791508020777693e-04 8.788078917459887407e+01 8.788031089203798274e+01 3.856839112179594859e-04 5.357660061969500731e+00
1.951148346846616412e-04 8.787908094361925748e+01 8.787859151622443221e+01 3.901535446239965256e-04 5.352647530678922294e+00
1.973764326300255292e-04 8.787733291249972467e+01 8.787683208074524543e+01 3.946749657222570142e-04 5.347634812493946121e+00
1.996642450109793374e-04 8.787554415465029933e+01 8.787503165297511032e+01 3.992487743158042342e-04 5.342621902923815114e+00
2.019785756819878484e-04 8.787371372194260744e+01 8.787318927861005591e+01 4.038755771490413322e-04 5.337608797371485636e+00
2.043197320195270594e-04 8.787184064421076357e+01 8.787130398116592289e+01 4.085559879879120844e-04 5.332595491131124632e+00
2.066880249629082160e-04 8.786992392874142865e+01 8.786937476146361803e+01 4.132906277010250777e-04 5.327581979385556998e+00
2.090837690555749911e-04 8.786796255975077941e+01 8.786740059710443518e+01 4.180801243417118758e-04 5.322568257203646347e+00
2.115072824868794756e-04 8.786595549785040760e+01 8.786538044193154917e+01 4.229251132310303941e-04 5.317554319537617147e+00
2.139588871343421563e-04 8.786390167950119690e+01 8.786331322548033995e+01 4.278262370417234553e-04 5.312540161220314694e+00
2.164389086064020347e-04 8.786180001645338677e+01 8.786119785241540114e+01 4.327841458831445626e-04 5.307525776962397579e+00
2.189476762856620634e-04 8.785964939517521088e+01 8.785903320195465938e+01 4.377994973871608101e-04 5.302511161349469759e+00
2.214855233726359179e-04 8.785744867626718246e+01 8.785681812728090279e+01 4.428729567950449105e-04 5.297496308839139800e+00
2.240527869300018224e-04 8.785519669386403052e+01 8.785455145493889972e+01 4.480051970453672368e-04 5.292481213758014391e+00
2.266498079273692845e-04 8.785289225502204147e+01 8.785223198421917346e+01 4.531968988628995334e-04 5.287465870298621695e+00
2.292769312865648647e-04 8.785053413909260200e+01 8.784985848652772233e+01 4.584487508485416253e-04 5.282450272516257428e+00
2.319345059274427543e-04 8.784812109708146011e+01 8.784742970474101753e+01 4.637614495702829451e-04 5.277434414325768763e+00
2.346228848142262321e-04 8.784565185099376095e+01 8.784494435254636358e+01 4.691356996552108020e-04 5.272418289498244981e+00
2.373424250023866149e-04 8.784312509316282558e+01 8.784240111376685434e+01 4.745722138825771044e-04 5.267401891657651269e+00
2.400934876860651764e-04 8.784053948556467617e+01 8.783979864167135077e+01 4.800717132779357848e-04 5.262385214277362167e+00
2.428764382460450548e-04 8.783789365911617608e+01 8.783713555826842878e+01 4.856349272083631814e-04 5.257368250676634602e+00
2.456916462982790305e-04 8.783518621295830542e+01 8.783441045358399890e+01 4.912625934787734090e-04 5.252350994016983243e+00
2.485394857429798422e-04 8.783241571372060719e+01 8.783162188492237021e+01 4.969554584293418929e-04 5.247333437298473235e+00
2.514203348142796828e-04 8.782958069477153629e+01 8.782876837611087240e+01 5.027142770340490468e-04 5.242315573355933012e+00
2.543345761304648361e-04 8.782667965545057598e+01 8.782584841672674258e+01 5.085398130003566160e-04 5.237297394855072952e+00
2.572825967447932359e-04 8.782371106028131180e+01 8.782286046130653290e+01 5.144328388700315953e-04 5.232278894288512561e+00
2.602647881969004482e-04 8.782067333816920041e+01 8.781980292853749859e+01 5.203941361211270435e-04 5.227260063971717052e+00
2.632815465648020189e-04 8.781756488157955687e+01 8.781667420043019945e+01 5.264244952711378493e-04 5.222240896038834457e+00
2.663332725174980963e-04 8.781438404569620104e+01 8.781347262147308186e+01 5.325247159813399026e-04 5.217221382438443911e+00
2.694203713681882413e-04 8.781112914756263876e+01 8.781019649776619929e+01 5.386956071623296956e-04 5.212201514929192925e+00
2.725432531281027707e-04 8.780779846520186993e+01 8.780684409613718344e+01 5.449379870807771449e-04 5.207181285075338728e+00
2.757023325609582747e-04 8.780439023671742405e+01 8.780341364323527387e+01 5.512526834674043221e-04 5.202160684242184807e+00
2.788980292380439777e-04 8.780090265937320737e+01 8.779990332460610603e+01 5.576405336262050530e-04 5.197139703591410864e+00
2.821307675939470740e-04 8.779733388865294330e+01 8.779631128374438731e+01 5.641023845449193727e-04 5.192118334076291752e+00
2.854009769829237591e-04 8.779368203729781328e+01 8.779263562112579677e+01 5.706390930067781241e-04 5.187096566436800060e+00
2.887090917359234400e-04 8.778994517432212774e+01 8.778887439321617592e+01 5.772515257035287567e-04 5.182074391194604779e+00
2.920555512182745244e-04 8.778612132400688495e+01 8.778502561145892003e+01 5.839405593497619526e-04 5.177051798647939407e+00
2.954407998880379709e-04 8.778220846487086249e+01 8.778108724123916318e+01 5.907070807985491607e-04 5.172028778866364362e+00
2.988652873550382482e-04 8.777820452861753608e+01 8.777705720082381902e+01 5.975519871584092542e-04 5.167005321685389063e+00
3.023294684405776131e-04 8.777410739905876369e+01 8.777293336027905468e+01 6.044761859116172141e-04 5.161981416700985648e+00
3.058338032378431388e-04 8.776991491101330212e+01 8.776871354036079254e+01 6.114805950338720762e-04 5.156957053263957924e+00
3.093787571730136510e-04 8.776562484918184737e+01 8.776439551138342665e+01 6.185661431153371536e-04 5.151932220474191304e+00
3.129648010670750265e-04 8.776123494699469063e+01 8.775997699205993285e+01 6.257337694830710732e-04 5.146906907174760626e+00
3.165924111983520412e-04 8.775674288543503110e+01 8.775545564831710976e+01 6.329844243248628540e-04 5.141881101945899424e+00
3.202620693657650080e-04 8.775214629183471970e+01 8.775082909208411763e+01 6.403190688144881583e-04 5.136854793098829752e+00
3.239742629528195514e-04 8.774744273864320121e+01 8.774609488005351920e+01 6.477386752384031937e-04 5.131827968669449902e+00
3.277294849923381931e-04 8.774262974216819089e+01 8.774125051241422568e+01 6.552442271238911225e-04 5.126800616411868461e+00
3.315282342319423150e-04 8.773770476128888163e+01 8.773629343155545257e+01 6.628367193686799481e-04 5.121772723791783832e+00
3.353710152002928996e-04 8.773266519613923720e+01 8.773122102074269435e+01 6.705171583720454355e-04 5.116744277979724309e+00
3.392583382740992125e-04 8.772750838676201113e+01 8.772603060276318843e+01 6.782865621674184688e-04 5.111715265844109624e+00
3.431907197459042598e-04 8.772223161173280914e+01 8.772071943854017206e+01 6.861459605565126780e-04 5.106685673944160619e+00
3.471686818926559680e-04 8.771683208675278820e+01 8.771528472571762336e+01 6.940963952449906568e-04 5.101655488522641058e+00
3.511927530450727588e-04 8.771130696321003484e+01 8.770972359721197620e+01 7.021389199796836253e-04 5.096624695498426227e+00
3.552634676578139260e-04 8.770565332670804537e+01 8.770403311973194604e+01 7.102746006873862216e-04 5.091593280458901027e+00
3.593813663804625697e-04 8.769986819556274327e+01 8.769821029226487497e+01 7.185045156152400836e-04 5.086561228652172417e+00
3.635469961293317630e-04 8.769394851926381307e+01 8.769225204452982325e+01 7.268297554727271449e-04 5.081528524979110450e+00
3.677609101601030626e-04 8.768789117690387513e+01 8.768615523539470757e+01 7.352514235752898855e-04 5.076495153985188580e+00
3.720236681413065759e-04 8.768169297557031427e+01 8.767991665126002943e+01 7.437706359895959914e-04 5.071461099852140997e+00
3.763358362286532656e-04 8.767535064870301653e+01 8.767353300440515795e+01 7.523885216804686738e-04 5.066426346389425461e+00
3.806979871402283821e-04 8.766886085441450405e+01 8.766700093129790616e+01 7.611062226594977193e-04 5.061390877025473856e+00
3.851107002325568655e-04 8.766222017377290854e+01 8.766031699086691731e+01 7.699248941353541457e-04 5.056354674798751780e+00
3.895745615775500948e-04 8.765542510904711548e+01 8.765347766273552566e+01 7.788457046658246209e-04 5.051317722348598771e+00
3.940901640403447737e-04 8.764847208191240213e+01 8.764647934541608265e+01 7.878698363115875427e-04 5.046280001905853574e+00
3.986581073580438726e-04 8.764135743161668302e+01 8.763931835446473428e+01 7.969984847917480205e-04 5.041241495283260932e+00
4.032789982193705223e-04 8.763407741310585664e+01 8.763199092059473116e+01 8.062328596411544182e-04 5.036202183865653659e+00
4.079534503452448896e-04 8.762662819510730117e+01 8.762449318774875451e+01 8.155741843695136963e-04 5.031162048599903791e+00
4.126820845702952015e-04 8.761900585817241449e+01 8.761682121112761479e+01 8.250236966223281057e-04 5.026121069984629486e+00
4.174655289253134888e-04 8.761120639267424792e+01 8.760897095517636046e+01 8.345826483436727481e-04 5.021079228059672772e+00
4.223044187206672164e-04 8.760322569676196736e+01 8.760093829152619094e+01 8.442523059408347120e-04 5.016036502395318841e+00
4.271993966306776428e-04 8.759505957427003864e+01 8.759271899688931740e+01 8.540339504508355755e-04 5.010992872081265759e+00
4.321511127789761839e-04 8.758670373258162556e+01 8.758430875091035261e+01 8.639288777088571184e-04 5.005948315715336605e+00
4.371602248248502198e-04 8.757815378044475096e+01 8.757570313396760753e+01 8.739383985185937695e-04 5.000902811391919833e+00
4.422273980505897289e-04 8.756940522574089414e+01 8.756689762492881357e+01 8.840638388245508714e-04 4.995856336690141397e+00
4.473533054498462949e-04 8.756045347320497285e+01 8.755788759885589911e+01 8.943065398863129416e-04 4.990808868661760656e+00
4.525386278170166862e-04 8.755129382209476319e+01 8.754866832466059634e+01 9.046678584548037199e-04 4.985760383818773178e+00
4.577840538376616304e-04 8.754192146381016926e+01 8.753923496270859061e+01 9.151491669505586049e-04 4.980710858120729334e+00
4.630902801799736631e-04 8.753233147946048121e+01 8.752958256237164392e+01 9.257518536440346307e-04 4.975660266961748235e+00
4.684580115873045137e-04 8.752251883737881144e+01 8.751970605952652704e+01 9.364773228379794524e-04 4.970608585157229697e+00
4.738879609717650920e-04 8.751247839058243017e+01 8.750960027399972319e+01 9.473269950518823247e-04 4.965555786930250903e+00
4.793808495089107069e-04 8.750220487417803383e+01 8.749925990695675182e+01 9.583023072085320110e-04 4.960501845897641537e+00
4.849374067335233355e-04 8.749169290271123600e+01 8.748867953823506127e+01 9.694047128227027644e-04 4.955446735055730301e+00
4.905583706365045484e-04 8.748093696745904424e+01 8.747785362361952366e+01 9.806356821919952685e-04 4.950390426765756580e+00
4.962444877628913436e-04 8.746993143366307777e+01 8.746677649205905425e+01 9.919967025898547650e-04 4.945332892738937502e+00
5.019965133110079530e-04 8.745867053770477639e+01 8.745544234282412788e+01 1.003489278460790004e-03 4.940274104021181500e+00
5.078152112327670659e-04 8.744714838421842273e+01 8.744384524260220815e+01 1.015114931617820552e-03 4.935214030977439492e+00
5.137013543351339135e-04 8.743535894314383938e+01 8.743197912253211257e+01 1.026875201442176535e-03 4.930152643275691027e+00
5.196557243827657369e-04 8.742329604671573406e+01 8.741983777517469889e+01 1.038771645085271840e-03 4.925089909870545846e+00
5.256791122018419265e-04 8.741095338638774592e+01 8.740741485141913358e+01 1.050805837672984288e-03 4.920025798986466192e+00
5.317723177850966487e-04 8.739832450969342403e+01 8.739470385732332147e+01 1.062979372512260975e-03 4.914960278100582336e+00
5.379361503980697925e-04 8.738540281703853907e+01 8.738169815088710379e+01 1.075293861300079820e-03 4.909893313925107527e+00
5.441714286865887004e-04 8.737218155842649026e+01 8.736839093875833839e+01 1.087750934334789834e-03 4.904824872389339063e+00
5.504789807854967333e-04 8.735865383011513075e+01 8.735477527286830934e+01 1.100352240729861797e-03 4.899754918621229471e+00
5.568596444286409188e-04 8.734481257120204134e+01 8.734084404699720494e+01 1.113099448630070366e-03 4.894683416928521602e+00
5.633142670601351629e-04 8.733065056013937522e+01 8.732658999326724825e+01 1.125994245430138188e-03 4.889610330779439629e+00
5.698437059469136636e-04 8.731616041117490568e+01 8.731200567856241435e+01 1.139038337995871945e-03 4.884535622782920861e+00
5.764488282925873171e-04 8.730133457071941905e+01 8.729708350087379642e+01 1.152233452887810273e-03 4.879459254668379486e+00
5.831305113526218760e-04 8.728616531363819320e+01 8.728181568556907166e+01 1.165581336587420865e-03 4.874381187264992477e+00
5.898896425508493501e-04 8.727064473946614953e+01 8.726619428158407743e+01 1.179083755725869294e-03 4.869301380480491659e+00
5.967271195973310833e-04 8.725476476854368002e+01 8.725021115753669676e+01 1.192742497315388414e-03 4.864219793279454862e+00
6.036438506075863814e-04 8.723851713807391661e+01 8.723385799775959981e+01 1.206559368983281706e-03 4.859136383661081027e+00
6.106407542232036075e-04 8.722189339809925457e+01 8.721712629825238139e+01 1.220536199208584888e-03 4.854051108636438627e+00
6.177187597338488134e-04 8.720488490739360543e+01 8.720000736255077811e+01 1.234674837561417415e-03 4.848963924205175857e+00
6.248788072006888211e-04 8.718748282927384707e+01 8.718249229751178575e+01 1.248977154945055124e-03 4.843874785331672150e+00
6.321218475812448011e-04 8.716967812732335119e+01 8.716457200901253088e+01 1.263445043840752402e-03 4.838783645920629262e+00
6.394488428556943443e-04 8.715146156103061514e+01 8.714623719756335163e+01 1.278080418555345996e-03 4.833690458792077038e+00
6.468607661546327617e-04 8.713282368134017020e+01 8.712747835383156314e+01 1.292885215471664510e-03 4.828595175655793881e+00
6.543586018883235361e-04 8.711375482611269661e+01 8.710828575407525420e+01 1.307861393301793700e-03 4.823497747085101039e+00
6.619433458774394430e-04 8.709424511549563874e+01 8.708864945548758385e+01 1.323010933343203837e-03 4.818398122490059166e+00
6.696160054853222054e-04 8.707428444720132177e+01 8.706855929144590789e+01 1.338335839737787511e-03 4.813296250089999617e+00
6.773775997517752102e-04 8.705386249169097823e+01 8.704800486666890436e+01 1.353838139733838652e-03 4.808192076885421606e+00
6.852291595284064167e-04 8.703296868726468460e+01 8.702697555227705095e+01 1.369519883950999018e-03 4.803085548629212553e+00
6.931717276155407569e-04 8.701159223505401030e+01 8.700546048075693761e+01 1.385383146648211166e-03 4.797976609797176550e+00
7.012063589007183975e-04 8.698972209391740762e+01 8.698344854082668576e+01 1.401430025994707639e-03 4.792865203557873599e+00
7.093341204987996815e-04 8.696734697523594093e+01 8.696092837220206206e+01 1.417662644344072111e-03 4.787751271741725212e+00
7.175560918936927952e-04 8.694445533760843148e+01 8.693788836026118361e+01 1.434083148511403538e-03 4.782634754809391708e+00
7.258733650817253023e-04 8.692103538144498032e+01 8.691431663060687640e+01 1.450693710053622531e-03 4.777515591819390117e+00
7.342870447166765678e-04 8.689707504345672362e+01 8.689020104352518103e+01 1.467496525552948808e-03 4.772393720394940253e+00
7.427982482564918871e-04 8.687256199103997290e+01 8.686552918833821479e+01 1.484493816903589836e-03 4.767269076690015872e+00
7.514081061116969704e-04 8.684748361655648807e+01 8.684028837765087872e+01 1.501687831601672104e-03 4.762141595354585810e+00
7.601177617955330547e-04 8.682182703150361647e+01 8.681446564148957634e+01 1.519080843038454710e-03 4.757011209499022897e+00
7.689283720758312941e-04 8.679557906057728189e+01 8.678804772133099732e+01 1.536675150796857139e-03 4.751877850657655777e+00
7.778411071286489781e-04 8.676872623562464071e+01 8.676102106402173320e+01 1.554473080951341776e-03 4.746741448751459203e+00
7.868571506936851423e-04 8.674125478948479895e+01 8.673337181558434850e+01 1.572476986371184769e-03 4.741601932049834822e+00
7.959777002314985571e-04 8.671315064971737741e+01 8.670508581491168343e+01 1.590689247027174706e-03 4.736459227131484262e+00
8.052039670825478267e-04 8.668439943221780197e+01 8.667614858734640393e+01 1.609112270301776620e-03 4.731313258844341618e+00
8.145371766280745229e-04 8.665498643471624973e+01 8.664654533814555748e+01 1.627748491302797749e-03 4.726163950264541391e+00
8.239785684528520143e-04 8.662489663016222607e+01 8.661626094582783253e+01 1.646600373180595383e-03 4.721011222654402317e+00
8.335293965098195066e-04 8.659411465999035329e+01 8.658527995540427469e+01 1.665670407448864750e-03 4.715854995419397788e+00
8.431909292866259040e-04 8.656262482726920382e+01 8.655358657148921964e+01 1.684961114309046614e-03 4.710695186064092432e+00
8.529644499741025759e-04 8.653041108973040707e+01 8.652116465129297751e+01 1.704475042978393197e-03 4.705531710147019098e+00
8.628512566366895297e-04 8.649745705267777396e+01 8.648799769749248867e+01 1.724214772021732955e-03 4.700364481234463376e+00
8.728526623848379762e-04 8.646374596177524552e+01 8.645406885098206828e+01 1.744182909686978243e-03 4.695193410853135241e+00
8.829699955494092365e-04 8.642926069571376502e+01 8.641936088350108491e+01 1.764382094244409038e-03 4.690018408441701148e+00
8.932045998580968784e-04 8.639398375875433089e+01 8.638385619013941152e+01 1.784814994329780857e-03 4.684839381301143746e+00
9.035578346138930074e-04 8.635789727315015796e+01 8.634753678171855995e+01 1.805484309291297646e-03 4.679656234543914550e+00
9.140310748756232161e-04 8.632098297144247567e+01 8.631038427704983462e+01 1.826392769540486488e-03 4.674468871041868034e+00
9.246257116405742597e-04 8.628322218863418414e+01 8.627237989506717497e+01 1.847543136907025532e-03 4.669277191372925628e+00
9.353431520292386373e-04 8.624459585423821295e+01 8.623350444683595128e+01 1.868938204997558535e-03 4.664081093766451858e+00
9.461848194722001460e-04 8.620508448420132197e+01 8.619373832743571029e+01 1.890580799558548054e-03 4.658880474047301767e+00
9.571521538991865398e-04 8.616466817270212175e+01 8.615306150771870364e+01 1.912473778843204811e-03 4.653675225578513874e+00
9.682466119303123836e-04 8.612332658382612749e+01 8.611145352594255087e+01 1.934620033982542000e-03 4.648465239202606014e+00
9.794696670695395360e-04 8.608103894311284421e+01 8.606889347927800316e+01 1.957022489360595117e-03 4.643250403181447439e+00
9.908228099003797609e-04 8.603778402898120703e+01 8.602536001519160891e+01 1.979684102993858018e-03 4.638030603134660090e+00
1.002307548283865382e-03 8.599354016402860168e+01 8.598083132270457440e+01 2.002607866914974267e-03 4.632805721976533064e+00
1.013925407558815411e-03 8.594828520620707479e+01 8.593528512352645521e+01 2.025796807560735577e-03 4.627575639851377431e+00
1.025677930744421868e-03 8.590199653987598083e+01 8.588869866306701795e+01 2.049253986164431378e-03 4.622340234067321418e+00
1.037566678745185890e-03 8.585465106673241564e+01 8.584104870132490817e+01 2.072982499152597417e-03 4.617099379028477557e+00
1.049593230558227598e-03 8.580622519662028935e+01 8.579231150365528435e+01 2.096985478546206996e-03 4.611852946165450717e+00
1.061759183483000071e-03 8.575669483822005645e+01 8.574246283141688707e+01 2.121266092366362512e-03 4.606600803864142613e+00
1.074066153333433447e-03 8.570603538961813683e+01 8.569147793250192535e+01 2.145827545044522860e-03 4.601342817392819917e+00
1.086515774652538433e-03 8.565422172876142781e+01 8.563933153174784252e+01 2.170673077837328296e-03 4.596078848827378494e+00
1.099109700929497193e-03 8.560122820379524455e+01 8.558599782123447142e+01 2.195805969246060908e-03 4.590808756974777083e+00
1.111849604819271095e-03 8.554702862328900892e+01 8.553145045046903761e+01 2.221229535440800984e-03 4.585532397294591611e+00
1.124737178364752007e-03 8.549159624635063892e+01 8.547566251646027524e+01 2.246947130689319182e-03 4.580249621818627048e+00
1.137774133221491381e-03 8.543490377263387359e+01 8.541860655368481048e+01 2.272962147790766503e-03 4.574960279068552182e+00
1.150962200885032299e-03 8.537692333224030961e+01 8.536025452394966351e+01 2.299278018514205012e-03 4.569664213971498690e+00
1.164303132920876775e-03 8.531762647551870771e+01 8.530057780615297247e+01 2.325898214042032217e-03 4.564361267773577424e+00
1.177798701197119331e-03 8.525698416276757996e+01 8.523954718594710300e+01 2.352826245418357214e-03 4.559051277951241765e+00
1.191450698119775895e-03 8.519496675384228013e+01 8.517713284530849194e+01 2.380065664002375871e-03 4.553734078120469597e+00
1.205260936870842505e-03 8.513154399767302039e+01 8.511330435201719524e+01 2.407620061926799698e-03 4.548409497943670665e+00
1.219231251649110712e-03 8.506668502169601709e+01 8.504803064905271981e+01 2.435493072561393472e-03 4.543077363034298877e+00
1.233363497913775872e-03 8.500035832120579471e+01 8.498128004391064394e+01 2.463688370981674969e-03 4.537737494859078069e+00
1.247659552630869806e-03 8.493253174863104960e+01 8.491302019784328081e+01 2.492209674442835352e-03 4.532389710637786173e+00
1.262121314522547276e-03 8.486317250274282742e+01 8.484321811503504307e+01 2.521060742858926597e-03 4.527033823240551591e+00
1.276750704319265777e-03 8.479224711779852441e+01 8.477184013171402910e+01 2.550245379287384949e-03 4.521669641082565860e+00
1.291549665014883998e-03 8.471972145263008258e+01 8.469885190520969331e+01 2.579767430418935040e-03 4.516296968016168201e+00
1.306520162124721234e-03 8.464556067968447906e+01 8.462421840296336484e+01 2.609630787072939745e-03 4.510915603220214898e+00
1.321664183946605082e-03 8.456972927402212292e+01 8.454790389149917473e+01 2.639839384698249112e-03 4.505525341086675795e+00
1.336983741824946661e-03 8.449219100228313550e+01 8.446987192536474254e+01 2.670397203879608643e-03 4.500125971104374401e+00
1.352480870417875451e-03 8.441290891163025378e+01 8.439008533604909701e+01 2.701308270849685049e-03 4.494717277739790795e+00
1.368157627967471913e-03 8.433184531867796352e+01 8.430850622088922819e+01 2.732576658006767144e-03 4.489299040314860711e+00
1.384016096573131502e-03 8.424896179841627486e+01 8.422509593197540312e+01 2.764206484438207819e-03 4.483871032881680208e+00
1.400058382468097589e-03 8.416421917314436030e+01 8.413981506506539176e+01 2.796201916449656943e-03 4.478433024094030657e+00
1.416286616299198848e-03 8.407757750141988140e+01 8.405262344851963974e+01 2.828567168100155470e-03 4.472984777075647678e+00
1.432702953409831009e-03 8.398899606704225107e+01 8.396348013227080287e+01 2.861306501743150592e-03 4.467526049285134526e+00
1.449309574126216591e-03 8.389843336807679464e+01 8.387234337683956653e+01 2.894424228573487436e-03 4.462056592377427577e+00
1.466108684046984459e-03 8.380584710593996078e+01 8.377917064241165690e+01 2.927924709180450627e-03 4.456576152061732188e+00
1.483102514336104337e-03 8.371119417455467726e+01 8.368391857799103661e+01 2.961812354106909892e-03 4.451084467955814361e+00
1.500293322019218348e-03 8.361443064959597393e+01 8.358654301064441938e+01 2.996091624414636521e-03 4.445581273436561176e+00
1.517683390283405343e-03 8.351551177783949242e+01 8.348699893485415657e+01 3.030767032255857023e-03 4.440066295486696291e+00
1.535275028780422714e-03 8.341439196663353073e+01 8.338524050199784199e+01 3.065843141451108592e-03 4.434539254537549269e+00
1.553070573933460147e-03 8.331102477351157631e+01 8.328122100997218524e+01 3.101324568073455818e-03 4.428999864307768597e+00
1.571072389247450424e-03 8.320536289596392976e+01 8.317489289298129052e+01 3.137215981039144508e-03 4.423447831637855820e+00
1.589282865622978049e-03 8.309735816139148312e+01 8.306620771151078486e+01 3.173522102704754225e-03 4.417882856320415996e+00
1.607704421673823627e-03 8.298696151726055348e+01 8.295511614250911236e+01 3.210247709470912848e-03 4.412304630925994786e+00
1.626339504048192157e-03 8.287412302148425169e+01 8.284156796979927151e+01 3.247397632392650790e-03 4.406712840624373406e+00
1.645190587753662514e-03 8.275879183305139009e+01 8.272551207474525370e+01 3.284976757796454708e-03 4.401107163001205969e+00
1.664260176485903671e-03 8.264091620293189067e+01 8.260689642719925985e+01 3.322990027904091856e-03 4.395487267869848225e+00
1.683550802961202323e-03 8.252044346528278140e+01 8.248566807675632617e+01 3.361442441463281805e-03 4.389852817078251590e+00
1.703065029252844422e-03 8.239732002898246321e+01 8.236177314434516461e+01 3.400339054385275415e-03 4.384203464310778564e+00
1.722805447131393972e-03 8.227149136952603214e+01 8.223515681418383849e+01 3.439684980389415628e-03 4.378538854884781450e+00
1.742774678408919205e-03 8.214290202130850105e+01 8.210576332613382533e+01 3.479485391654757714e-03 4.372858625541809374e+00
1.762975375287205784e-03 8.201149557033080839e+01 8.197353596848300583e+01 3.519745519478812302e-03 4.367162404233271289e+00
1.783410220710008025e-03 8.187721464736272026e+01 8.183841707119364628e+01 3.560470654943488373e-03 4.361449809900403096e+00
1.804081928719382779e-03 8.174000092159758424e+01 8.170034799965027617e+01 3.601666149588313420e-03 4.355720452248355912e+00
1.824993244816152391e-03 8.159979509483531501e+01 8.155926914894669721e+01 3.643337416090991054e-03 4.349973931514248271e+00
1.846146946324547485e-03 8.145653689623655680e+01 8.141511993875144526e+01 3.685489928955392337e-03 4.344209838228997533e+00
1.867545842761075955e-03 8.131016507768475776e+01 8.126783880879155220e+01 3.728129225207033309e-03 4.338427752972729756e+00
1.889192776207666326e-03 8.116061740980163108e+01 8.111736321500109170e+01 3.771260905096132827e-03 4.332627246123601061e+00
1.911090621689137941e-03 8.100783067866072429e+01 8.096362962637732608e+01 3.814890632808314464e-03 4.326807877599800456e+00
1.933242287555045260e-03 8.085174068324482732e+01 8.080657352259287052e+01 3.859024137183039195e-03 4.320969196594558248e+00
1.955650715865949168e-03 8.069228223369822217e+01 8.064612939241449396e+01 3.903667212439839579e-03 4.315110741303921138e+00
1.978318882784164089e-03 8.052938915042334145e+01 8.048223073297864971e+01 3.948825718912436951e-03 4.309232038647091478e+00
2.001249798969036847e-03 8.036299426407563828e+01 8.031481004997824868e+01 3.994505583790824467e-03 4.303332603979077575e+00
2.024446509976803900e-03 8.019302941651338301e+01 8.014379885881888299e+01 4.040712801871382785e-03 4.297411940795449858e+00
2.047912096665085481e-03 8.001942546275945745e+01 7.996912768679963790e+01 4.087453436315126830e-03 4.291469540428918705e+00
2.071649675602069141e-03 7.984211227403646660e+01 7.979072607638408954e+01 4.134733619414154328e-03 4.285504881737517202e+00
2.095662399480432980e-03 7.966101874193741139e+01 7.960852258962076178e+01 4.182559553366370711e-03 4.279517430784080645e+00
2.119953457536071038e-03 7.947607278379892648e+01 7.942244481378402554e+01 4.230937511058590131e-03 4.273506640506793630e+00
2.144526075971667656e-03 7.928720134934341957e+01 7.923241936829965937e+01 4.279873836858083709e-03 4.267471950380476109e+00
2.169383518385184159e-03 7.909433042866398011e+01 7.903837191303151144e+01 4.329374947412655689e-03 4.261412786068349057e+00
2.194529086203313769e-03 7.889738506162268550e+01 7.884022715799980574e+01 4.379447332459347232e-03 4.255328559063940475e+00
2.219966119119954652e-03 7.869628934874118897e+01 7.863790887461134105e+01 4.430097555641830318e-03 4.249218666322840399e+00
2.245697995539773940e-03 7.849096646366268715e+01 7.843133990848045300e+01 4.481332255336600151e-03 4.243082489883946984e+00
2.271728133026905232e-03 7.828133866726700774e+01 7.822044219392439857e+01 4.533158145488036354e-03 4.236919396479885691e+00
2.298059988758851136e-03 7.806732732352509174e+01 7.800513677022036063e+01 4.585582016452423131e-03 4.230728737136219664e+00
2.324697059985648094e-03 7.784885291718207156e+01 7.778534379971156909e+01 4.638610735851023820e-03 4.224509846759094245e+00
2.351642884494348565e-03 7.762583507335826027e+01 7.756098258785783628e+01 4.692251249432280100e-03 4.218262043710923948e+00
2.378901041078893431e-03 7.739819257916686013e+01 7.733197160532387215e+01 4.746510581943255529e-03 4.211984629373715983e+00
2.406475150015424062e-03 7.716584340744267934e+01 7.709822851220606310e+01 4.801395838010365062e-03 4.205676887699621780e+00
2.434368873543110365e-03 7.692870474268545422e+01 7.685967018449959198e+01 4.856914203029539731e-03 4.199338084748263533e+00
2.462585916350546866e-03 7.668669300932337762e+01 7.661621274291111661e+01 4.913072944065859440e-03 4.192967468210404114e+00
2.491130026067788373e-03 7.643972390240102754e+01 7.636777158412691335e+01 4.969879410762786595e-03 4.186564266917470079e+00
2.520004993764092018e-03 7.618771242080826767e+01 7.611426141464794171e+01 5.027341036261074279e-03 4.180127690336438384e+00
2.549214654451422910e-03 7.593057290316049546e+01 7.585559628730851500e+01 5.085465338127442662e-03 4.173656928049590320e+00
2.578762887593801043e-03 7.566821906645066065e+01 7.559168964059639961e+01 5.144259919293117309e-03 4.167151149218573991e+00
2.608653617622547997e-03 7.540056404759425845e+01 7.532245434089855962e+01 5.203732469002327402e-03 4.160609502032236229e+00
2.638890814457510187e-03 7.512752044799128726e+01 7.504780272779635197e+01 5.263890763770856691e-03 4.154031113137636844e+00
2.669478494034320699e-03 7.484900038123366528e+01 7.476764666254108249e+01 5.324742668354736502e-03 4.147415087053635929e+00
2.700420718837772543e-03 7.456491552409013934e+01 7.448189757984137316e+01 5.386296136729179680e-03 4.140760505566435157e+00
2.731721598441376204e-03 7.427517717090233873e+01 7.419046654309774169e+01 5.448559213077856962e-03 4.134066427106387387e+00
2.763385290053169997e-03 7.397969629152943583e+01 7.389326430322385875e+01 5.511540032792605973e-03 4.127331886105414682e+00
2.795415999067856535e-03 7.367838359298390571e+01 7.359020136119566757e+01 5.575246823483670858e-03 4.120555892334293979e+00
2.827817979625341181e-03 7.337114958489976857e+01 7.328118803447387108e+01 5.639687906000574041e-03 4.113737430219061686e+00
2.860595535175741895e-03 7.305790464898160508e+01 7.296613452744543338e+01 5.704871695463714643e-03 4.106875458135756496e+00
2.893753019050950264e-03 7.273855911258269202e+01 7.264495100603735978e+01 5.770806702306797639e-03 4.099968907682670860e+00
2.927294835042816134e-03 7.241302332656414364e+01 7.231754767665211148e+01 5.837501533330184851e-03 4.093016682929252248e+00
2.961225437988034351e-03 7.208120774758904759e+01 7.198383486958201161e+01 5.904964892765280499e-03 4.086017659640750033e+00
2.995549334359812969e-03 7.174302302500800010e+01 7.164372312705864942e+01 5.973205583350041543e-03 4.078970684477673636e+00
3.030271082866396216e-03 7.139838009249373840e+01 7.129712329609616006e+01 6.042232507415717761e-03 4.071874574169056515e+00
3.065395295056526793e-03 7.104719026458390374e+01 7.094394662628916137e+01 6.112054667984924763e-03 4.064728114658509917e+00
3.100926635931926852e-03 7.068936533829416646e+01 7.058410487272655587e+01 6.182681169881151448e-03 4.057530060221967716e+00
3.136869824566876613e-03 7.032481769996219612e+01 7.021751040418406831e+01 6.254121220849806831e-03 4.050279132555986372e+00
3.173229634734976452e-03 6.995346043748513409e+01 6.984407631675773587e+01 6.326384132690906006e-03 4.042974019835406274e+00
3.210010895543171858e-03 6.957520745811308416e+01 6.946371655310281312e+01 6.399479322403503652e-03 4.035613375739128372e+00
3.247218492073128838e-03 6.918997361196103668e+01 6.907634602743922869e+01 6.473416313341970492e-03 4.028195818442678267e+00
3.284857366030043482e-03 6.879767482139973822e+01 6.868188075648545521e+01 6.548204736384238486e-03 4.020719929576173968e+00
3.322932516398971556e-03 6.839822821648679962e+01 6.828023799648333636e+01 6.623854331112094540e-03 4.013184253146274472e+00
3.361449000108765288e-03 6.799155227659318257e+01 6.787133638646774614e+01 6.700374947003646768e-03 4.005587294420530853e+00
3.400411932703706255e-03 6.757756697838429716e+01 6.745509609794072503e+01 6.777776544638061326e-03 3.997927518772581568e+00
3.439826489022924580e-03 6.715619395030472560e+01 6.703143899109964821e+01 6.856069196912685168e-03 3.990203350486480449e+00
3.479697903887691603e-03 6.672735663371520332e+01 6.660028877776757383e+01 6.935263090272653606e-03 3.982413171518373485e+00
3.520031472796678832e-03 6.629098045082494650e+01 6.616157119116870433e+01 7.015368525953091967e-03 3.974555320213666310e+00
3.560832552629277729e-03 6.584699297955687314e+01 6.571521416268548421e+01 7.096395921234025829e-03 3.966628089977693783e+00
3.602106562357070083e-03 6.539532413547549083e+01 6.526114800572686647e+01 7.178355810708102192e-03 3.958629727897823969e+00
3.643858983763544404e-03 6.493590636089997759e+01 6.479930560682940666e+01 7.261258847561234339e-03 3.950558433314787177e+00
3.686095362172158059e-03 6.446867482131649751e+01 6.432962262410423193e+01 7.345115804866280546e-03 3.942412356340927015e+00
3.728821307182833642e-03 6.399356760919327769e+01 6.385203769313111621e+01 7.429937576889856371e-03 3.934189596322920313e+00
3.772042493416997554e-03 6.351052595529093736e+01 6.336649264039176188e+01 7.515735180412415860e-03 3.925888200246384407e+00
3.815764661271248397e-03 6.301949444754637852e+01 6.287293270431894854e+01 7.602519756061677098e-03 3.917506161079649996e+00
3.859993617679767074e-03 6.252042125759749780e+01 6.237130676402421869e+01 7.690302569659536978e-03 3.909041416053793405e+00
3.904735236885560103e-03 6.201325837499769023e+01 6.186156757575417942e+01 7.779095013582561918e-03 3.900491844875906278e+00
3.949995461220642823e-03 6.149796184915219754e+01 6.134367201710195161e+01 7.868908608136175944e-03 3.891855267872340818e+00
3.995780301895269192e-03 6.097449203899136450e+01 6.081758133898652119e+01 7.959755002942671062e-03 3.883129444058528001e+00
4.042095839796309639e-03 6.044281387037167974e+01 6.028326142538869448e+01 8.051645978343124899e-03 3.874312069131732983e+00
4.088948226294864159e-03 5.990289710117834687e+01 5.974068306080978630e+01 8.144593446813326240e-03 3.865400773382909438e+00
4.136343684063278035e-03 5.935471659407019018e+01 5.918982220539518835e+01 8.238609454393927903e-03 3.856393119523568114e+00
4.184288507901584922e-03 5.879825259679034133e+01 5.863066027763610322e+01 8.333706182134763621e-03 3.847286600423335479e+00
4.232789065573553354e-03 5.823349102993026349e+01 5.806318444453473404e+01 8.429895947553592631e-03 3.838078636753607498e+00
4.281851798652415615e-03 5.766042378200625507e+01 5.748738791908615298e+01 8.527191206109317051e-03 3.828766574532404654e+00
4.331483223376403000e-03 5.707904901167338352e+01 5.690327026489466533e+01 8.625604552689784821e-03 3.819347682565246149e+00
4.381689931514195016e-03 5.648937145686647199e+01 5.631083770770786145e+01 8.725148723114322172e-03 3.809819149776501490e+00
4.432478591240400501e-03 5.589140275061691199e+01 5.571010345361119676e+01 8.825836595651070232e-03 3.800178082425361037e+00
4.483855948021191196e-03 5.528516174325476129e+01 5.510108801358229869e+01 8.927681192549283620e-03 3.790421501200127441e+00
4.535828825510191016e-03 5.467067483065982003e+01 5.448381953406239830e+01 9.030695681586653478e-03 3.780546338184177291e+00
4.588404126454761513e-03 5.404797628817846800e+01 5.385833413315165075e+01 9.134893377631818009e-03 3.770549433686449792e+00
4.641588833612782412e-03 5.341710860977353548e+01 5.322467624198569069e+01 9.240287744222135113e-03 3.760427532928868111e+00
4.695390010680062544e-03 5.277812285191903641e+01 5.258289895079626319e+01 9.346892395156848957e-03 3.750177282582570992e+00
4.749814803228504315e-03 5.213107898169848653e+01 5.193306435910138674e+01 9.454721096105778849e-03 3.739795227144272260e+00
4.804870439655133628e-03 5.147604622850170841e+01 5.127524392941114684e+01 9.563787766233592877e-03 3.729277805143478730e+00
4.860564232142139222e-03 5.081310343865577295e+01 5.060951884376983401e+01 9.674106479839839762e-03 3.718621345170618930e+00
4.916903577628031589e-03 5.014233943225690382e+01 4.993598036238999782e+01 9.785691468014806604e-03 3.707822061715466688e+00
4.973895958790068052e-03 4.946385336140158273e+01 4.925473018356204591e+01 9.898557120311349961e-03 3.696876050804442038e+00
5.031548945038056761e-03 4.877775506894196411e+01 4.856588080395047768e+01 1.001271798643277311e-02 3.685779285424588103e+00
5.089870193519685330e-03 4.808416544681380600e+01 4.786955587831009495e+01 1.012818877793689870e-02 3.674527610721093129e+00
5.148867450137497269e-03 4.738321679290653776e+01 4.716589057757539649e+01 1.024498436995642872e-02 3.663116738954275586e+00
5.208548550577665401e-03 4.667505316536056625e+01 4.645503194419315207e+01 1.036311980293570280e-02 3.651542244200899567e+00
5.268921421350676766e-03 4.595983073309233902e+01 4.573713924348050597e+01 1.048261028438397281e-02 3.639799556783534396e+00
5.329994080844092930e-03 4.523771812125750813e+01 4.501238430970212079e+01 1.060347119064530656e-02 3.627883957410432458e+00
5.391774640387505396e-03 4.450889675027007542e+01 4.428095188546694061e+01 1.072571806868521417e-02 3.615790571007056364e+00
5.454271305329836186e-03 4.377356116690160803e+01 4.354303995294918650e+01 1.084936663789412385e-02 3.603514360218904145e+00
5.517492376129128420e-03 4.303191936588653732e+01 4.279886005534132210e+01 1.097443279190780767e-02 3.591050118563682059e+00
5.581446249454966556e-03 4.228419310035847900e+01 4.204863760684585827e+01 1.110093260044487176e-02 3.578392463209129293e+00
5.646141419303672866e-03 4.153061817934348454e+01 4.129261218941179123e+01 1.122888231116140473e-02 3.565535827350895914e+00
5.711586478126434545e-03 4.077144475042999261e+01 4.053103783431707541e+01 1.135829835152290385e-02 3.552474452162779794e+00
5.777790117970507157e-03 4.000693756563225634e+01 3.976418328659502777e+01 1.148919733069358497e-02 3.539202378289373563e+00
5.844761131633637551e-03 3.923737622835799499e+01 3.899233225019737148e+01 1.162159604144316280e-02 3.525713436848678217e+00
5.912508413831881436e-03 3.846305541928530403e+01 3.821578361168063509e+01 1.175551146207124906e-02 3.512001239909515959e+00
5.981040962380944001e-03 3.768428509884911648e+01 3.743485164010004240e+01 1.189096075834940314e-02 3.498059170405614982e+00
6.050367879391223974e-03 3.690139068393303745e+01 3.664986616069031555e+01 1.202796128548101404e-02 3.483880371444963764e+00
6.120498372476702517e-03 3.611471319625901089e+01 3.586117269981302513e+01 1.216653059007904818e-02 3.469457734969477514e+00
6.191441755977847815e-03 3.532460937987028160e+01 3.506913259855163290e+01 1.230668641216181754e-02 3.454783889716086520e+00
6.263207452198692356e-03 3.453145178500273005e+01 3.427412309224204989e+01 1.244844668716682361e-02 3.439851188426087614e+00
6.335804992658253774e-03 3.373562881555185555e+01 3.347653735313739531e+01 1.259182954798280206e-02 3.424651694244864597e+00
6.409244019356457114e-03 3.293754473725461906e+01 3.267678449332299095e+01 1.273685332700006181e-02 3.409177166248932522e+00
6.483534286054726779e-03 3.213761964362595336e+01 3.187528952492325374e+01 1.288353655817918442e-02 3.393419044031585674e+00
6.558685659571435525e-03 3.133628937661975300e+01 3.107249327457518007e+01 1.303189797913823639e-02 3.377368431272186999e+00
6.634708121092351002e-03 3.053400539892209054e+01 3.026885224908838623e+01 1.318195653325851709e-02 3.361016078207338165e+00
6.711611767496287149e-03 2.973123461473331730e+01 2.946483844916720329e+01 1.333373137180898435e-02 3.344352362914626564e+00
6.789406812696112230e-03 2.892845913585858497e+01 2.866093912804149113e+01 1.348724185608942555e-02 3.327367271311477026e+00
6.868103588995307790e-03 2.812617598990227208e+01 2.785765649183811732e+01 1.364250755959247469e-02 3.310050375762590313e+00
6.947712548460239883e-03 2.732489676735473338e+01 2.705550733852965095e+01 1.379954827018451367e-02 3.292390812179634363e+00
7.028244264308352446e-03 2.652514720436947115e+01 2.625502263231985012e+01 1.395838399230563825e-02 3.274377255486062843e+00
7.109709432312438099e-03 2.572746669806126363e+01 2.545674701037266985e+01 1.411903494918864861e-02 3.255997893308242297e+00
7.192118872221192789e-03 2.493240775120659691e+01 2.466123821886167278e+01 1.428152158509725204e-02 3.237240397741284248e+00
7.275483529196232965e-03 2.414053534330713902e+01 2.386906647541615101e+01 1.444586456758348812e-02 3.218091895024215887e+00
7.359814475265771296e-03 2.335242622507923826e+01 2.308081375516860234e+01 1.461208478976446304e-02 3.198538932944226865e+00
7.445122910795143496e-03 2.256866813356687729e+01 2.229707299777107821e+01 1.478020337261851287e-02 3.178567445773831768e+00
7.531420165974375344e-03 2.178985892523888523e+01 2.151844723294702533e+01 1.495024166730077667e-02 3.158162716527905367e+00
7.618717702322998914e-03 2.101660562463058213e+01 2.074554862238448649e+01 1.512222125747835107e-02 3.137309336309819674e+00
7.707027114212303652e-03 2.024952338632395765e+01 1.997899741606010693e+01 1.529616396168499877e-02 3.115991160497661561e+00
7.796360130405236531e-03 1.948923436833458211e+01 1.921942082141471886e+01 1.547209183569554086e-02 3.094191261503058676e+00
7.886728615614155974e-03 1.873636651528760666e+01 1.846745178418547084e+01 1.565002717491996431e-02 3.071891877817191308e+00
7.978144572076628638e-03 1.799155225012438208e+01 1.772372768014076527e+01 1.582999251681728795e-02 3.049074359042015736e+00
8.070620141149507584e-03 1.725542707348486005e+01 1.698888891746856444e+01 1.601201064332928928e-02 3.025719106590929464e+00
8.164167604921472240e-03 1.652862807036378712e+01 1.626357745014210110e+01 1.619610458333407832e-02 3.001805509734052357e+00
8.258799387844271284e-03 1.581179232414031688e+01 1.554843520323613859e+01 1.638229761511961549e-02 2.977311876661752787e+00
8.354528058382871408e-03 1.510555523863565952e+01 1.484410241190014013e+01 1.657061326887722744e-02 2.952215360249986986e+00
8.451366330684721012e-03 1.441054876946073549e+01 1.415121587652147284e+01 1.676107532921507909e-02 2.926491878238046240e+00
8.549327066268383804e-03 1.372739956657654226e+01 1.347040713754276631e+01 1.695370783769175813e-02 2.900116027581311151e+00
8.648423275731726215e-03 1.305672703070885809e+01 1.280230057444610914e+01 1.714853509536991977e-02 2.873060992829675975e+00
8.748668120479913615e-03 1.239914128703004970e+01 1.214751143459943883e+01 1.734558166539003007e-02 2.845298448522146639e+00
8.850074914473439122e-03 1.175524108034906234e+01 1.150664379899455270e+01 1.754487237556428755e-02 2.816798455801608370e+00
8.952657125996400095e-03 1.112561159693393797e+01 1.088028849341532478e+01 1.774643232099068837e-02 2.787529353772030927e+00
9.056428379445294677e-03 1.051082221902498048e+01 1.026902095528424930e+01 1.795028686668728723e-02 2.757457646587106570e+00
9.161402457138520528e-03 9.911424219084825182e+00 9.673399068372532383e+00 1.815646165024662265e-02 2.726547887936169090e+00
9.267593301146882789e-03 9.327948401863515926e+00 9.093960979752628404e+00 1.836498258451040727e-02 2.694762565567470514e+00
9.375015015145289968e-03 8.760902703435453631e+00 8.531222915842676002e+00 1.857587586026437573e-02 2.662061989883438340e+00
9.483681866285927423e-03 8.210769757480010256e+00 7.985677017140671907e+00 1.878916794895335585e-02 2.628404192630935832e+00
9.593608287093146128e-03 7.678004440225412175e+00 7.457789214226998808e+00 1.900488560541657018e-02 2.593744844535257332e+00
9.704808877380306092e-03 7.163031406648667776e+00 6.947997170684214296e+00 1.922305587064311247e-02 2.558037204729274983e+00
9.817298406188841586e-03 6.666242631712061772e+00 6.456708321411749552e+00 1.944370607454759536e-02 2.521232120476379013e+00
9.931091813749801447e-03 6.187994971611631811e+00 5.984298036715906655e+00 1.966686383876597999e-02 2.483278103608587806e+00
1.004620421346813161e-02 5.728607761200787074e+00 5.531107942211176187e+00 1.989255707947154561e-02 2.444121521121514373e+00
1.016265089392995140e-02 5.288360464922405413e+00 5.097444419555983153e+00 2.012081401021092661e-02 2.403706952494916838e+00
1.028044732093309765e-02 4.867490399717561367e+00 4.683577299135386340e+00 2.035166314476025140e-02 2.361977786646247246e+00
1.039960913954120388e-02 4.466190549464923443e+00 4.289738726034374672e+00 2.058513330000127928e-02 2.318877157895736563e+00
1.052015217616159015e-02 4.084607491521861533e+00 3.916122124496864476e+00 2.082125359881751778e-02 2.274349353027743881e+00
1.064209244064724669e-02 3.722839456867788055e+00 3.562881089800151724e+00 2.106005347301027550e-02 2.228341858574944379e+00
1.076544612842315896e-02 3.380934546170522470e+00 3.230127887225737293e+00 2.130156266623451158e-02 2.180808253142784370e+00
1.089022962263730583e-02 3.058889124784594848e+00 2.917931035797253436e+00 2.154581123695454778e-02 2.131712172623430934e+00
1.101645949633657008e-02 2.756646420222605087e+00 2.626311237036637714e+00 2.179282956141941410e-02 2.081032569554154055e+00
1.114415251466788215e-02 2.474095345990994232e+00 2.355234779678676116e+00 2.204264833665786974e-02 2.028770433846067256e+00
1.127332563710487130e-02 2.211069575823330968e+00 2.104603680708617919e+00 2.229529858349292917e-02 1.974957032703064996e+00
1.140399601970033122e-02 1.967346892250001256e+00 1.874242368048982810e+00 2.255081164957584150e-02 1.919663573429286396e+00
1.153618101736478448e-02 1.742648833084705640e+00 1.663881651107305126e+00 2.280921921243937028e-02 1.863012013374082620e+00
1.166989818617147553e-02 1.536640658757177036e+00 1.473141772467063237e+00 2.307055328257033230e-02 1.805186534577615687e+00
1.180516528568805595e-02 1.348931662449836422e+00 1.301517089372744573e+00 2.333484620650116970e-02 1.746444932004379336e+00
1.194200028133532432e-02 1.179075843676129498e+00 1.148365193341171597e+00 2.360213066992055547e-02 1.687128810222385589e+00
1.208042134677328981e-02 1.026572964244135244e+00 1.012903093584715419e+00 2.387243970080275487e-02 1.627671092514010986e+00
1.222044686631488727e-02 8.908700034560440573e-01 8.942125463934861296e-01 2.414580667255569052e-02 1.568599039954907681e+00
1.236209543736769070e-02 7.713630268808585599e-01 7.912556755434281275e-01 2.442226530718753785e-02 1.510530893340602754e+00
1.250538587290391315e-02 6.673994800859850418e-01 7.029006823283391325e-01 2.470184967849164276e-02 1.454164490382281683e+00
1.265033720395903824e-02 5.782809153091083010e-01 6.279558657953396850e-01 2.498459421524963642e-02 1.400256821293259346e+00
1.279696868215941634e-02 5.032661551863697458e-01 5.652087336253635019e-01 2.527053370445251149e-02 1.349594449804291107e+00
1.294529978227916024e-02 4.415748933239110330e-01 5.134660795039784897e-01 2.555970329453952777e-02 1.302955950521410555e+00
1.309535020482667685e-02 3.923917267120230479e-01 4.715907743876892599e-01 2.585213849865467678e-02 1.261068826592500525e+00
1.324713987866117486e-02 3.548706097477831722e-01 4.385316544889547030e-01 2.614787519792051082e-02 1.224564544031078617e+00
1.340068896363950761e-02 3.281397139757042392e-01 4.133440517324890040e-01 2.644694964472914245e-02 1.193936103928362913e+00
1.355601785329368925e-02 3.113066716098816800e-01 3.951998627905126682e-01 2.674939846605010538e-02 1.169502764974214015e+00
1.371314717753945554e-02 3.034641745102259480e-01 3.833872876882289948e-01 2.705525866675491387e-02 1.151386018053721649e+00
1.387209780541620932e-02 3.036958936071262327e-01 3.773013174916702295e-01 2.736456763295797359e-02 1.139499731137883387e+00
1.403289084785873213e-02 3.110826768743893411e-01 3.764266914049449464e-01 2.767736313537361506e-02 1.133555698644021170e+00
1.419554766050101606e-02 3.247089769248951985e-01 3.803154554197600290e-01 2.799368333268896503e-02 1.133083929300203074e+00
1.436008984651260603e-02 3.436694522473733859e-01 3.885615356338518178e-01 2.831356677495235064e-02 1.137465224192966806e+00
1.452653925946781159e-02 3.670756791315736844e-01 4.007749358005747164e-01 2.863705240697691709e-02 1.145972238928764986e+00
1.469491800624817164e-02 3.940629045735860037e-01 4.165582430828906335e-01 2.896417957175910843e-02 1.157814501597895562e+00
1.486524844997857107e-02 4.237967640589255236e-01 4.354879766565932231e-01 2.929498801391176507e-02 1.172182844465534668e+00
1.503755321299738400e-02 4.554798822481551102e-01 4.571028372824231245e-01 2.962951788311134899e-02 1.188289332094288664e+00
1.521185517986104775e-02 4.883582694111717748e-01 4.809000832581348805e-01 2.996780973755906741e-02 1.205399849512751365e+00
1.538817750038346324e-02 5.217274221559783376e-01 5.063401648116053755e-01 3.030990454745541296e-02 1.222857809948473040e+00
1.556654359271062056e-02 5.549380337687560560e-01 5.328586071429992632e-01 3.065584369848775928e-02 1.240098712113959722e+00
1.574697714643086624e-02 5.874012175230615140e-01 5.598832007770019326e-01 3.100566899533060972e-02 1.256656330380585995e+00
1.592950212572123020e-02 6.185931458277796890e-01 5.868540402090588470e-01 3.135942266515808624e-02 1.272162040222969637e+00
1.611414277253019750e-02 6.480590092642126709e-01 6.132439133548540644e-01 3.171714736116815203e-02 1.286339126410435352e+00
1.630092360979741237e-02 6.754162026028708299e-01 6.385768958525803729e-01 3.207888616611818261e-02 1.298993920991740270e+00
1.648986944471064753e-02 7.003566499665686562e-01 6.624435698717506815e-01 3.244468259587132697e-02 1.310005359050355533e+00
1.668100537200059227e-02 7.226481885741714573e-01 6.845119136670659854e-01 3.281458060295332907e-02 1.319314153273037471e+00
1.687435677727375585e-02 7.421349400862009560e-01 7.045335210114620494e-01 3.318862458011901523e-02 1.326912406712477566e+00
1.706994934038407949e-02 7.587366105707866737e-01 7.223453641214330201e-01 3.356685936392825309e-02 1.332834180915437816e+00
1.726780903884355886e-02 7.724466745619643637e-01 7.378677322625449841e-01 3.394933023833055646e-02 1.337147307781780592e+00
1.746796215127245644e-02 7.833294155845763607e-01 7.510991834980218496e-01 3.433608293825796826e-02 1.339946540550825071e+00
1.767043526088946798e-02 7.915158147998945237e-01 7.621093396897576921e-01 3.472716365322547905e-02 1.341347970274473500e+00
1.787525525904235316e-02 7.971983009413093901e-01 7.710302186844509853e-01 3.512261903093850945e-02 1.341484506512523378e+00
1.808244934877951612e-02 8.006243982373399959e-01 7.780466331093399690e-01 3.552249618090676936e-02 1.340502151466482328e+00
1.829204504846293836e-02 8.020893342500086121e-01 7.833860540912170878e-01 3.592684267806384169e-02 1.338556783707078868e+00
1.850407019542302245e-02 8.019276960873408244e-01 7.873082557616063459e-01 3.633570656639181773e-02 1.335811195814255337e+00
1.871855294965579092e-02 8.005042507788009409e-01 7.900950107762179098e-01 3.674913636255036642e-02 1.332432182126927600e+00
1.893552179756295348e-02 7.982040731328333694e-01 7.920400790951243053e-01 3.716718105950951589e-02 1.328587535139389653e+00
1.915500555573527997e-02 7.954221514293338124e-01 7.934397061962198405e-01 3.758989013018525921e-02 1.324442873795938391e+00
1.937703337477988952e-02 7.925526670475417923e-01 7.945838137639368304e-01 3.801731353107749151e-02 1.320158289448274624e+00
1.960163474319185847e-02 7.899781677187361906e-01 7.957480232578676427e-01 3.844950170590932109e-02 1.315884852603323552e+00
1.982883949127071249e-02 7.880588745808220219e-01 7.971866031569867506e-01 3.888650558926695644e-02 1.311761073280172774e+00
2.005867779508234069e-02 7.871223796056143751e-01 7.991263798024514919e-01 3.932837661023953074e-02 1.307909447263122749e+00
2.029118018046677935e-02 7.874540012506421327e-01 8.017616067198880536e-01 3.977516669605767746e-02 1.304433247287380304e+00
2.052637752709252084e-02 7.892880713413711335e-01 8.052497549286468104e-01 4.022692827573040586e-02 1.301413730164073357e+00
2.076430107255774690e-02 7.928004242436323956e-01 8.097081722267593928e-01 4.068371428367897891e-02 1.298907926889359521e+00
2.100498241653915230e-02 7.981023494489275505e-01 8.152115652735490992e-01 4.114557816336717605e-02 1.296947163048835394e+00
2.124845352498882720e-02 8.052362500061682749e-01 8.217902836962953650e-01 4.161257387092678200e-02 1.295536423018111893e+00
2.149474673437980557e-02 8.141732212118043543e-01 8.294294262633509218e-01 4.208475587877744811e-02 1.294654626773139583e+00
2.174389475600079988e-02 8.248127262707808383e-01 8.380688382310621520e-01 4.256217917923985072e-02 1.294255836969470552e+00
2.199593068030074663e-02 8.369844982077521145e-01 8.476041169190874358e-01 4.304489928814118210e-02 1.294271361427222100e+00
2.225088798128369363e-02 8.504527404304740301e-01 8.578887789651560292e-01 4.353297224841182200e-02 1.294612667395800942e+00
2.250880052095461867e-02 8.649226327092948141e-01 8.687377574234121935e-01 4.402645463367212825e-02 1.295174983439216110e+00
2.276970255381680075e-02 8.800490760611824337e-01 8.799323815282155126e-01 4.452540355180831244e-02 1.295841435699087940e+00
2.303362873142131284e-02 8.954475307093530123e-01 8.912269413243971705e-01 4.502987664853613792e-02 1.296487549232319347e+00
2.330061410696924670e-02 9.107067180178941568e-01 9.023568525244932692e-01 4.553993211095124644e-02 1.296985941876442672e+00
2.357069413996727703e-02 9.254028726556797757e-01 9.130483179354517143e-01 4.605562867106502423e-02 1.297211045819065989e+00
2.384390470093720321e-02 9.391151482776547432e-01 9.230292397556202344e-01 4.657702560932462654e-02 1.297043707632998144e+00
2.412028207618006903e-02 9.514417022011890657e-01 9.320409857246125807e-01 4.710418275811595334e-02 1.296375537180462834e+00
2.439986297259550199e-02 9.620159157234245972e-01 9.398504686857347412e-01 4.763716050524825080e-02 1.295112895619379367e+00
2.468268452255692469e-02 9.705221509316723782e-01 9.462618824323502098e-01 4.817601979741896467e-02 1.293180429442635671e+00
2.496878428884326609e-02 9.767104062532080411e-01 9.511273650315936745e-01 4.872082214365747177e-02 1.290524068781734091e+00
2.525820026962784584e-02 9.804092156360231236e-01 9.543558493353280214e-01 4.927162961874633623e-02 1.287113413233617720e+00
2.555097090352506997e-02 9.815361439110324993e-01 9.559194186317979680e-01 4.982850486661850875e-02 1.282943427886039434e+00
2.584713507469563881e-02 9.801052667824727838e-01 9.558566150237280956e-01 5.039151110372907388e-02 1.278035368187667498e+00
2.614673211801091940e-02 9.762310904485258511e-01 9.542723415024015887e-01 5.096071212240003284e-02 1.272436848299521639e+00
2.644980182427720053e-02 9.701284644162931903e-01 9.513342386953272944e-01 5.153617229413644946e-02 1.266220967968895827e+00
2.675638444552045150e-02 9.621081716454149557e-01 9.472656786508432125e-01 5.211795657291243972e-02 1.259484422552915817e+00
2.706652070033241375e-02 9.525680411346747478e-01 9.423357704500141541e-01 5.270613049842540199e-02 1.252344543977314650e+00
2.738025177927857698e-02 9.419796160411281205e-01 9.368469849498283208e-01 5.330076019931661441e-02 1.244935260266823551e+00
2.769761935036891068e-02 9.308706200032016431e-01 9.311211523035684001e-01 5.390191239635672149e-02 1.237402018761622369e+00
2.801866556459195468e-02 9.198036880900789525e-01 9.254846496849528092e-01 5.450965440559416009e-02 1.229895791250087189e+00
2.834343306151309444e-02 9.093520572638772448e-01 9.202535751443882139e-01 5.512405414146479693e-02 1.222566362736957402e+00
2.867196497493769772e-02 9.000731331049192097e-01 9.157196089831731722e-01 5.574518011986089039e-02 1.215555191096806320e+00
2.900430493863991738e-02 8.924810519511758855e-01 9.121371217318833269e-01 5.637310146115752374e-02 1.208988201880996760e+00
2.934049709215787172e-02 8.870195266018601199e-01 9.097119311598893532e-01 5.700788789319451849e-02 1.202968939696069661e+00
2.968058608665602449e-02 8.840363849588802614e-01 9.085919742145489586e-01 5.764960975421188488e-02 1.197572524496405943e+00
3.002461709085549324e-02 8.837612704299483424e-01 9.088600713948780108e-01 5.829833799573673481e-02 1.192840850341376546e+00
3.037263579703311511e-02 8.862879579270608321e-01 9.105289357850434584e-01 5.895414418541967266e-02 1.188779412572432914e+00
3.072468842709003348e-02 8.915626396032013679e-01 9.135386145625749021e-01 5.961710050981838122e-02 1.185356059157484765e+00
3.108082173869063797e-02 8.993793433647582214e-01 9.177566267154823043e-01 6.028727977712642488e-02 1.182501840533745074e+00
3.144108303147264555e-02 9.093833626492912048e-01 9.229811405145048608e-01 6.096475541984482799e-02 1.180113991251972916e+00
3.180552015332920035e-02 9.210832016789690657e-01 9.289475715204281725e-01 6.164960149739442258e-02 1.178060930058252742e+00
3.217418150676371741e-02 9.338710867037584018e-01 9.353389290801117362e-01 6.234189269866633604e-02 1.176189026871978571e+00
3.254711605531847990e-02 9.470515781199366767e-01 9.418000592553450456e-01 6.304170434450855065e-02 1.174330767556842403e+00
3.292437333007768724e-02 9.598772655929255215e-01 9.479556102203980927e-01 6.374911239014589837e-02 1.172313858914524554e+00
3.330600343624588733e-02 9.715899701748338391e-01 9.534311000612351039e-01 6.446419342753106907e-02 1.169970760950602706e+00
3.369205705980267418e-02 9.814653515712958853e-01 9.578759512622142536e-01 6.518702468762416213e-02 1.167148110744776091e+00
3.408258547423451829e-02 9.888583671077388892e-01 9.609868584730189012e-01 6.591768404259809588e-02 1.163715508299192791e+00
3.447764054734463873e-02 9.932466953313762170e-01 9.625294826699011264e-01 6.665625000796736310e-02 1.159573163819623609e+00
3.487727474814177747e-02 9.942690640556497428e-01 9.623563180754753921e-01 6.740280174463729457e-02 1.154657952585834479e+00
3.528154115380883332e-02 9.917554475607646136e-01 9.604187306547197212e-01 6.815741906087112445e-02 1.148947484835919797e+00
3.569049345675229939e-02 9.857463491494204977e-01 9.567716377863081378e-01 6.892018241417220692e-02 1.142461874512520126e+00
3.610418597173337130e-02 9.764988786653528985e-01 9.515700405817427709e-01 6.969117291307816431e-02 1.135262986343782421e+00
3.652267364308175307e-02 9.644780681114274445e-01 9.450575228316816512e-01 7.047047231886448271e-02 1.127451061215718475e+00
3.694601205199302130e-02 9.503328199253316955e-01 9.375477413329965648e-01 7.125816304715411331e-02 1.119158769336340731e+00
3.737425742391064371e-02 9.348570069979992292e-01 9.294006927871744095e-01 7.205432816943040109e-02 1.110542918676601820e+00
3.780746663599349189e-02 9.189374733187222200e-01 9.209960279455875476e-01 7.285905141445001010e-02 1.101774244520979495e+00
3.824569722466999305e-02 9.034919299211467969e-01 9.127058354107462357e-01 7.367241716955279240e-02 1.093025908054929163e+00
3.868900739327975347e-02 8.894008959147247095e-01 9.048691548285533459e-01 7.449451048186522817e-02 1.084461513575093017e+00
3.913745601980384015e-02 8.774387814469156721e-01 8.977700879790513344e-01 7.532541705939434229e-02 1.076223586486414030e+00
3.959110266468458816e-02 8.682098296724759523e-01 8.916208774684085681e-01 7.616522327200846154e-02 1.068423509492523404e+00
4.005000757873611317e-02 8.620948195496254129e-01 8.865508323967378201e-01 7.701401615230167585e-02 1.061133870193588624e+00
4.051423171114647281e-02 8.592140950844308067e-01 8.826015744301236587e-01 7.787188339633821510e-02 1.054384019231896730e+00
4.098383671757261509e-02 8.594115808180751159e-01 8.797287723935061088e-01 7.873891336427349397e-02 1.048159379212488362e+00
4.145888496832911274e-02 8.622629686112397440e-01 8.778102868217028121e-01 7.961519508084778651e-02 1.042404702326844124e+00
4.193943955667186335e-02 8.671092772536275195e-01 8.766603789081379716e-01 8.050081823574922746e-02 1.037031084151085025e+00
4.242556430717776828e-02 8.731146192117542615e-01 8.760492705876538055e-01 8.139587318384218506e-02 1.031926145883291790e+00
4.291732378422157684e-02 8.793444473033155129e-01 8.757268330643135368e-01 8.230045094525702265e-02 1.026966442258789636e+00
4.341478330055092288e-02 8.848580434888642099e-01 8.754485624864895010e-01 8.321464320533761283e-02 1.022030878510437946e+00
4.391800892596085804e-02 8.888068363287537910e-01 8.750013927987304596e-01 8.413854231444245491e-02 1.017013760648611598e+00
4.442706749606882555e-02 8.905285900421976431e-01 8.742264817776788099e-01 8.507224128759527382e-02 1.011836083109837636e+00
4.494202662119142072e-02 8.896268733595593670e-01 8.730360801364880352e-01 8.601583380398118706e-02 1.006453788673497662e+00
4.546295469532399269e-02 8.860257086841999419e-01 8.714220802669194743e-01 8.696941420628384600e-02 1.000862015141609218e+00
4.598992090522438514e-02 8.799910414251699287e-01 8.694548325283901757e-01 8.793307749985981858e-02 9.950947527281862603e-01
4.652299523960189143e-02 8.721136416445913753e-01 8.672721523099796714e-01 8.890691935174520333e-02 9.892198395404278033e-01
4.706224849841281199e-02 8.632520813153018446e-01 8.650598484347170603e-01 8.989103608949061686e-02 9.833297686402840965e-01
4.760775230226368254e-02 8.544391765143616313e-01 8.630262881705568212e-01 9.088552469981961424e-02 9.775293058967735593e-01
4.815957910192350533e-02 8.467602424951835571e-01 8.613742565726116851e-01 9.189048282710610138e-02 9.719213546172724705e-01
4.871780218794630885e-02 8.412160571984511614e-01 8.602735869639334121e-01 9.290600877166618754e-02 9.665927856828204767e-01
4.928249570040513228e-02 8.385868838406300707e-01 8.598377946464694777e-01 9.393220148785944024e-02 9.616020298447000014e-01
4.985373463873893352e-02 8.393156130222226841e-01 8.601073823765807980e-01 9.496916058199487976e-02 9.569700759117450994e-01
5.043159487171358646e-02 8.434275280307815814e-01 8.610417512340764468e-01 9.601698631003680040e-02 9.526761399360663685e-01
5.101615314749833457e-02 8.505010900843402721e-01 8.625208256313643407e-01 9.707577957510531153e-02 9.486587030754467520e-01
5.160748710385907462e-02 8.596985308288185301e-01 8.643565825564739624e-01 9.814564192476650517e-02 9.448219238585405799e-01
5.220567527846975420e-02 8.698573684062615996e-01 8.663136175008414597e-01 9.922667554810724044e-02 9.410466999200237659e-01
5.281079711934331261e-02 8.796350769016977322e-01 8.681366825927748776e-01 1.003189832725890074e-01 9.372049855024819909e-01
5.342293299538352497e-02 8.876902346730667359e-01 8.695819200886889533e-01 1.014226685606757911e-01 9.331754683311701548e-01
5.404216420705915125e-02 8.928759780185093753e-01 8.704475522688188693e-01 1.025378355062302876e-01 9.288584627863485377e-01
5.466857299720180585e-02 8.944169456405534069e-01 8.705994140603526832e-01 1.036645888306730878e-01 9.241879410610577272e-01
5.530224256192900478e-02 8.920403518700633638e-01 8.699871967968560993e-01 1.048030338788991100e-01 9.191390063977564751e-01
5.594325706169377826e-02 8.860361246844754568e-01 8.686486660992023268e-01 1.059532766149456628e-01 9.137297652332247999e-01
5.659170163246242391e-02 8.772302176956960906e-01 8.667011914229177938e-01 1.071154236174062940e-01 9.080173839024212601e-01
5.724766239702178822e-02 8.668684015745243832e-01 8.643222084119375204e-01 1.082895820745845700e-01 9.020889945352895678e-01
5.791122647641758214e-02 8.564233006360132405e-01 8.617221790887825694e-01 1.094758597793817345e-01 8.960489063510157504e-01
5.858248200152536139e-02 8.473526455738725760e-01 8.591147831982663963e-01 1.106743651239123633e-01 8.900041528555258097e-01
5.926151812475552449e-02 8.408487210909145748e-01 8.566892675639122823e-01 1.118852070938415044e-01 8.840506561129402030e-01
5.994842503189409116e-02 8.376249355384918216e-01 8.545891504340490386e-01 1.131084952624375750e-01 8.782621500716123464e-01
6.064329395408061402e-02 8.377831557707187127e-01 8.529000588153711204e-01 1.143443397843340731e-01 8.726834731096435593e-01
6.134621717992506246e-02 8.407940572930973078e-01 8.516476928450592565e-01 1.155928513889941667e-01 8.673289973984361634e-01
6.205728806776500406e-02 8.456031256793564710e-01 8.508050943889680084e-01 1.168541413738712342e-01 8.621859730434892066e-01
6.277660105806499857e-02 8.508499511227339829e-01 8.503068362198742403e-01 1.181283215972590700e-01 8.572216372713832300e-01
6.350425168595962011e-02 8.551626641212279889e-01 8.500666743226158450e-01 1.194155044708246627e-01 8.523922729464606940e-01
6.424033659394190465e-02 8.574684144650681628e-01 8.499947913676765276e-01 1.207158029518170111e-01 8.476521369598769562e-01
6.498495354469888130e-02 8.572503225212295686e-01 8.500110990249565290e-01 1.220293305349450103e-01 8.429603678587267446e-01
6.573820143409585259e-02 8.546855794935817041e-01 8.500521435155758976e-01 1.233562012439170796e-01 8.382845800201647046e-01
6.650018030431117944e-02 8.506198682401887590e-01 8.500708266601331164e-01 1.246965296226358738e-01 8.336007450267045593e-01
6.727099135712336087e-02 8.463678338919934374e-01 8.500301367675044961e-01 1.260504307260405799e-01 8.288899893215110337e-01
6.805073696735206012e-02 8.433717831478908522e-01 8.498939429617714536e-01 1.274180201105893917e-01 8.241338816157334213e-01
6.883952069645496441e-02 8.427916825830575887e-01 8.496190515500645635e-01 1.287994138243750142e-01 8.193103557867407183e-01
6.963744730628222690e-02 8.451278959719606965e-01 8.491526211155273618e-01 1.301947283968654390e-01 8.143923545549908161e-01
7.044462277299036457e-02 8.499840953550029665e-01 8.484375564610211473e-01 1.316040808282625540e-01 8.093505282545022661e-01
7.126115430111745752e-02 8.560556311326287249e-01 8.474260397276984769e-01 1.330275885784707457e-01 8.041600862835184271e-01
7.208715033782135684e-02 8.613792262002092359e-01 8.460986063517905720e-01 1.344653695556674577e-01 7.988105299192016506e-01
7.292272058728312134e-02 8.638119586303539821e-01 8.444838928819305979e-01 1.359175421044683807e-01 7.933158582752564136e-01
7.376797602527730702e-02 8.616370771218768709e-01 8.426730511733129259e-01 1.373842249936786108e-01 7.877222371758533237e-01
7.462302891391107973e-02 8.541412843135609556e-01 8.408232916767915954e-01 1.388655374036218970e-01 7.821102543970308574e-01
7.548799281653431614e-02 8.419916926995022477e-01 8.391471373603347494e-01 1.403615989130398145e-01 7.765898105862404366e-01
7.636298261282241373e-02 8.272725133781920759e-01 8.378872780374487794e-01 1.418725294855524288e-01 7.712872844481734047e-01
7.724811451403400253e-02 8.131209759292926664e-01 8.372805049627366492e-01 1.433984494556719003e-01 7.663265239171670462e-01
7.814350607844541829e-02 8.030131549266418256e-01 8.375170191517427032e-01 1.449394795143606751e-01 7.618069436706330633e-01
7.904927622696419909e-02 7.998640348371588438e-01 8.387026926290749307e-01 1.464957406941255758e-01 7.577830393757742922e-01
7.996554525892346499e-02 8.051862828899953861e-01 8.408314835571633061e-01 1.480673543536387138e-01 7.542496482264742230e-01
8.089243486805938743e-02 8.185667401474164828e-01 8.437735076578007920e-01 1.496544421618768717e-01 7.511362730768325058e-01
8.183006815867389927e-02 8.376523442221017746e-01 8.472816688581622513e-01 1.512571260817699159e-01 7.483119659943422430e-01
8.277856966198472721e-02 8.586968589531028817e-01 8.510165605029258451e-01 1.528755283533495268e-01 7.456000403821161360e-01
8.373806535266489770e-02 8.775425726141294902e-01 8.545860008260619534e-01 1.545097714763887242e-01 7.427998240645167227e-01
8.470868266557401993e-02 8.907533105611177282e-01 8.575929005213975831e-01 1.561599781925231689e-01 7.397114374353571664e-01
8.569055051268346934e-02 8.965364381496009338e-01 8.596840568619954492e-01 1.578262714668445810e-01 7.361595759311799769e-01
8.668379930019773361e-02 8.951332520245363078e-01 8.605930486354578246e-01 1.595087744689571152e-01 7.320132554915458334e-01
8.768856094587426653e-02 8.885220921627633439e-01 8.601720514542537943e-01 1.612076105534867299e-01 7.271997865942773087e-01
8.870496889654402861e-02 8.795218621634760536e-01 8.584095665566926492e-01 1.629229032400340282e-01 7.217124084977329934e-01
8.973315814583519845e-02 8.706212461092518451e-01 8.554334147931106358e-01 1.646547761925606645e-01 7.156118776421520611e-01
9.077326525210223374e-02 8.629939015553930171e-01 8.515003434201271482e-01 1.664033531981994329e-01 7.090227539327154105e-01
9.182542835656282154e-02 8.561211474347706352e-01 8.469747159570912842e-01 1.681687581454779368e-01 7.021251287722670709e-01
9.288978720164497993e-02 8.482217902506318241e-01 8.422990167143515894e-01 1.699511150019457628e-01 6.951422754901896983e-01
9.396648314954690606e-02 8.373529261294178072e-01 8.379587291257065695e-01 1.717505477911948630e-01 6.883244985267122917e-01
9.505565920101191613e-02 8.227282501163755146e-01 8.344438987205464731e-01 1.735671805692627079e-01 6.819295347083347281e-01
9.615746001432096124e-02 8.056488743903739147e-01 8.322094940848994149e-01 1.754011374004078028e-01 6.762002607905889251e-01
9.727203192450536995e-02 7.895514279037081362e-01 8.316366189760588945e-01 1.772525423322471039e-01 6.713411311359847033e-01
9.839952296278225985e-02 7.790364954716390011e-01 8.329967530296704670e-01 1.791215193702444253e-01 6.674955441352466989e-01
9.954008287621518569e-02 7.782107686749089037e-01 8.364213393244052108e-01 1.810081924515391238e-01 6.647268727577896330e-01
1.006938631476027024e-01 7.890426547155066084e-01 8.418790842884952275e-01 1.829126854181041817e-01 6.630058941580879717e-01
1.018610170155975214e-01 8.104937412853490120e-01 8.491637554732489601e-01 1.848351219892227504e-01 6.622069505982401960e-01
1.030416994950587445e-01 8.388724716454052377e-01 8.578963950258328142e-01 1.867756257332718051e-01 6.621146428260215044e-01
1.042360673976401170e-01 8.692764599732153430e-01 8.675464559443042400e-01 1.887343200388019726e-01 6.624418591576614057e-01
1.054442793526168404e-01 8.974243302171684977e-01 8.774746032283965436e-01 1.907113280849017378e-01 6.628580650007465103e-01
1.066664958279538722e-01 9.209428336855728370e-01 8.869957819832272605e-01 1.927067728108353972e-01 6.630245760949451395e-01
1.079028791516183639e-01 9.394480133327626215e-01 8.954559098191718913e-01 1.947207768849420484e-01 6.626319134434686120e-01
1.091535935331391094e-01 9.534465789322199569e-01 9.023106133661741302e-01 1.967534626727850400e-01 6.614336814905863449e-01
1.104188050854160164e-01 9.628231775100181133e-01 9.071918970895382905e-01 1.988049522045395312e-01 6.592719640959175953e-01
1.116986818467822634e-01 9.660124395431832767e-01 9.099505128637400686e-01 2.008753671416063924e-01 6.560910905714179009e-01
1.129933938033221702e-01 9.606012546258227980e-01 9.106674246991897093e-01 2.029648287424402342e-01 6.519390151434826253e-01
1.143031129114478600e-01 9.451865167809345714e-01 9.096342103393377787e-01 2.050734578275801023e-01 6.469573310248757370e-01
1.156280131207375328e-01 9.213527264618739387e-01 9.073075458559868300e-01 2.072013747438698761e-01 6.413618902652191700e-01
1.169682703970384707e-01 8.942936545911863711e-01 9.042466294858908515e-01 2.093486993278565189e-01 6.354166316477987131e-01
1.183240627458378019e-01 8.712471739148387462e-01 9.010444422356633787e-01 2.115155508683534968e-01 6.294039095056822575e-01
1.196955702359042834e-01 8.582831150378469331e-01 8.982641016953869517e-01 2.137020480681571521e-01 6.235953594893256513e-01
1.210829750232039481e-01 8.572429962425951455e-01 8.963896601027419031e-01 2.159083090049029041e-01 6.182274822608256892e-01
1.224864613750930725e-01 8.648451770602436639e-01 8.957960969228283554e-01 2.181344510910488976e-01 6.134849044988917033e-01
1.239062156947915577e-01 8.747851750555697414e-01 8.967376566894753598e-01 2.203805910329742490e-01 6.094920640092428288e-01
1.253424265461399456e-01 8.816979262788865457e-01 8.993496221555826731e-01 2.226468447891783720e-01 6.063120115703976021e-01
1.267952846786433996e-01 8.844342305297872020e-01 9.036571609107959535e-01 2.249333275275690325e-01 6.039498864638804809e-01
1.282649830528059809e-01 8.863870483726544736e-01 9.095862513557518847e-01 2.272401535818253659e-01 6.023588131235150245e-01
1.297517168657586761e-01 8.926092609822913193e-01 9.169750205941870069e-01 2.295674364068229223e-01 6.014472207143715110e-01
1.312556835771842845e-01 9.058523675262452057e-01 9.255862237157214123e-01 2.319152885331067782e-01 6.010875024766451080e-01
1.327770829355429116e-01 9.245641921604448310e-01 9.351211740389021587e-01 2.342838215203997543e-01 6.011255914718105497e-01
1.343161170046015263e-01 9.443997451333020487e-01 9.452340704408467298e-01 2.366731459101318602e-01 6.013903835939403697e-01
1.358729901902709092e-01 9.619120213240845985e-01 9.555465767633034568e-01 2.390833711769770054e-01 6.017024900345573357e-01
1.374479092677536596e-01 9.771533967742751514e-01 9.656656428293686201e-01 2.415146056793832097e-01 6.018833800371206078e-01
1.390410834090069769e-01 9.927674373398548413e-01 9.752086225174745326e-01 2.439669566090824637e-01 6.017665239597769222e-01
1.406527242105236331e-01 1.010315299667423838e+00 9.838358058850620314e-01 2.464405299395656668e-01 6.012104902786431504e-01
1.422830457214351862e-01 1.027336489164494715e+00 9.912835821442432804e-01 2.489354303735093477e-01 6.001112002739252826e-01
1.439322644719406574e-01 1.038267266863638350e+00 9.973874649121435843e-01 2.514517612891382647e-01 5.984092237623322985e-01
1.456005995020648591e-01 1.038812266482730617e+00 1.002088986162173123e+00 2.539896246855110062e-01 5.960903125506288314e-01
1.472882723907501801e-01 1.029854387427303397e+00 1.005428946863288875e+00 2.565491211267127980e-01 5.931808534443653302e-01
1.489955072852853779e-01 1.017104488683836072e+00 1.007530963219121833e+00 2.591303496849418075e-01 5.897401205587706752e-01
1.507225309310755434e-01 1.006726547647496695e+00 1.008575784873211534e+00 2.617334078824727350e-01 5.858493769649212313e-01
1.524695727017572888e-01 1.001225924228112740e+00 1.008766642603898811e+00 2.643583916324843130e-01 5.815976118268344486e-01
1.542368646296627399e-01 9.995220513037174070e-01 1.008292394747939857e+00 2.670053951787343949e-01 5.770664545286599001e-01
1.560246414366368017e-01 1.000367312526097896e+00 1.007301975985203546e+00 2.696745110340678098e-01 5.723197859349509198e-01
1.578331405652116382e-01 1.004339496810925381e+00 1.005897842049620294e+00 2.723658299177417752e-01 5.674012548954826540e-01
1.596626022101425013e-01 1.011500382730497138e+00 1.004140761131966597e+00 2.750794406915534340e-01 5.623364641344675841e-01
1.615132693503091299e-01 1.017882631831211748e+00 1.002052590475231986e+00 2.778154302947531962e-01 5.571341516453545140e-01
1.633853877809862132e-01 1.016753381566701142e+00 9.996170090890797999e-01 2.805738836777283418e-01 5.517863936397289226e-01
1.652792061464895546e-01 1.005378012337339477e+00 9.967893320405653013e-01 2.833548837344429527e-01 5.462726791003538196e-01
1.671949759731990170e-01 9.899983437873374204e-01 9.935157839736886709e-01 2.861585112336144654e-01 5.405681034428375664e-01
1.691329517029648843e-01 9.815553301505844930e-01 9.897473345598075678e-01 2.889848447486136340e-01 5.346492732291523442e-01
1.710933907269015231e-01 9.848853099052334858e-01 9.854408007823116655e-01 2.918339605860701957e-01 5.284947105090214148e-01
1.730765534195725930e-01 9.933106077550757362e-01 9.805616586348852026e-01 2.947059327131687501e-01 5.220860290034438078e-01
1.750827031735725237e-01 9.957804272445550664e-01 9.751001842361981531e-01 2.976008326836167561e-01 5.154150964677953750e-01
1.771121064345088647e-01 9.886042400399523977e-01 9.690896670561781612e-01 3.005187295622696042e-01 5.084924187195409839e-01
1.791650327363901452e-01 9.773873361073959209e-01 9.626093628062256657e-01 3.034596898483946648e-01 5.013490719057120959e-01
1.812417547374237659e-01 9.673188403136542268e-01 9.557785979137775056e-01 3.064237773975569956e-01 4.940348394604920923e-01
1.833425482562290598e-01 9.559940809858293864e-01 9.487582741342936998e-01 3.094110533421111642e-01 4.866197521137206050e-01
1.854676923084699336e-01 9.393301024115625619e-01 9.417493179108340495e-01 3.124215760102798112e-01 4.791942954622120387e-01
1.876174691439121411e-01 9.211333568709448860e-01 9.349711721397829800e-01 3.154554008438022472e-01 4.718602532586919640e-01
1.897921642839101308e-01 9.100531749296073558e-01 9.286363404062349947e-01 3.185125803141355960e-01 4.647190845759244238e-01
1.919920665593284892e-01 9.070546723437391545e-01 9.229437549659139650e-01 3.215931638371902213e-01 4.578684272306904335e-01
1.942174681489026444e-01 9.036883704725774402e-01 9.180788188041529851e-01 3.246971976865810072e-01 4.514014273604624039e-01
1.964686646180446583e-01 8.961355723594948142e-01 9.141997624131354971e-01 3.278247249053771739e-01 4.453993986440548669e-01
1.987459549580983809e-01 8.927504917294055709e-01 9.114255004366681456e-01 3.309757852163310310e-01 4.399249542083013553e-01
2.010496416260499075e-01 9.000615014858897034e-01 9.098453460202796661e-01 3.341504149305677962e-01 4.350255732053659452e-01
2.033800305846981960e-01 9.083984545853848180e-01 9.095296074804755104e-01 3.373486468547172712e-01 4.307378685209685143e-01
2.057374313432913659e-01 9.035138081990463643e-01 9.105130816635294000e-01 3.405705101964686676e-01 4.270791498916550188e-01
2.081221569986339281e-01 8.886710005526765599e-01 9.127748776889714755e-01 3.438160304685285995e-01 4.240375566222168713e-01
2.105345242766706038e-01 8.807556125541341485e-01 9.162323586533965836e-01 3.470852293909636455e-01 4.215694935586666858e-01
2.129748535745520921e-01 8.860192297235091052e-01 9.207146065492236575e-01 3.503781247919072750e-01 4.195880490384484851e-01
2.154434690031884481e-01 8.966788893975763397e-01 9.259217981114037377e-01 3.536947305066113767e-01 4.179457188462559203e-01
2.179406984302955930e-01 9.113566779028585696e-01 9.314354497697836521e-01 3.570350562748220158e-01 4.164419024821131021e-01
2.204668735239409816e-01 9.373759066468556611e-01 9.367736493286824562e-01 3.603991076364594370e-01 4.148509589132671760e-01
2.230223297965938656e-01 9.698829893993913265e-01 9.414209569293824353e-01 3.637868858255818849e-01 4.129368227851918371e-01
2.256074066496861485e-01 9.930126732010705615e-01 9.448540901630109179e-01 3.671983876626112586e-01 4.104639818370475757e-01
2.282224474186898555e-01 1.005228903357230363e+00 9.466188364213747874e-01 3.706336054448011175e-01 4.072303477236237090e-01
2.308677994187169624e-01 1.015634309638818289e+00 9.464111228235334572e-01 3.740925268349243327e-01 4.031008032755405979e-01
2.335438139906479416e-01 1.015199805085393869e+00 9.441189986628062414e-01 3.775751347481596243e-01 3.980233510434481037e-01
2.362508465477947683e-01 9.878923734292761605e-01 9.398417269957178855e-01 3.810814072371546679e-01 3.920369625883550202e-01
2.389892566231050230e-01 9.477274946509810505e-01 9.338885571746592396e-01 3.846113173752436776e-01 3.852729946591513799e-01
2.417594079169130827e-01 9.221035470470930751e-01 9.267510875172996210e-01 3.881648331377974825e-01 3.779469176049308765e-01
2.445616683452446483e-01 9.080154160440939703e-01 9.190362117915437112e-01 3.917419172816823392e-01 3.703325792220438228e-01
2.473964100886814066e-01 8.908508457646120426e-01 9.113514923376033749e-01 3.953425272228054954e-01 3.627123749083494553e-01
2.502640096417919069e-01 8.807964159977218488e-01 9.042209818382622721e-01 3.989666149117240268e-01 3.553380244040850733e-01
2.531648478631355337e-01 8.812823268039947644e-01 8.980947969736325920e-01 4.026141267072923524e-01 3.484331712424176830e-01
2.560993100258459609e-01 8.668892745097400709e-01 8.933744747733032288e-01 4.062850032483258378e-01 3.422027477943178631e-01
2.590677858688008595e-01 8.382434058892926920e-01 8.903413089263488844e-01 4.099791793232547832e-01 3.367947219306766660e-01
2.620706696483852682e-01 8.341520519656374644e-01 8.891055711929524152e-01 4.136965837377460375e-01 3.322713970185361965e-01
2.651083601908538756e-01 8.607758735097220670e-01 8.896462807178272536e-01 4.174371391802644271e-01 3.286262820498818682e-01
2.681812609453015361e-01 8.855145726819816376e-01 8.918694856397232362e-01 4.212007620855522383e-01 3.258121569673236295e-01
2.712897800372467416e-01 8.980868975673418353e-01 8.955967908999801219e-01 4.249873624959976115e-01 3.237365127668918041e-01
2.744343303228365394e-01 9.044644410539769419e-01 9.005278405605259273e-01 4.287968439208680871e-01 3.222455637820074159e-01
2.776153294436801144e-01 8.972559606085640516e-01 9.063063892724723125e-01 4.326291031933821585e-01 3.211593103798636162e-01
2.808331998823172526e-01 8.807971173998241365e-01 9.125818931184094263e-01 4.364840303255913545e-01 3.203034887544613518e-01
2.840883690183304000e-01 8.812002436497117230e-01 9.189749494897770932e-01 4.403615083610469272e-01 3.194943223992955383e-01
2.873812691851066470e-01 9.243216416170840777e-01 9.251170543244051636e-01 4.442614132252220571e-01 3.185580933587722763e-01
2.907123377272578524e-01 1.003405709723737216e+00 9.306745605265815957e-01 4.481836135736627647e-01 3.173418690006290510e-01
2.940820170587063465e-01 1.043954943347841002e+00 9.353451880148956343e-01 4.521279706378377172e-01 3.157105410653140432e-01
2.974907547214440395e-01 9.861676996024254516e-01 9.389263756541855743e-01 4.560943380686596216e-01 3.135768581583778802e-01
3.009390034449720974e-01 9.062781664015940875e-01 9.413071297267681103e-01 4.600825617776470589e-01 3.108955753859858340e-01
3.044272212064302874e-01 9.058363482823383883e-01 9.424528026133223158e-01 4.640924797756985631e-01 3.076550791511481475e-01
3.079558712914226559e-01 9.524543873131481320e-01 9.424148276791471934e-01 4.681239220094465248e-01 3.038812756028874129e-01
3.115254223555488089e-01 9.660754559087068039e-01 9.412941040904699852e-01 4.721767101951629408e-01 2.996207764584269406e-01
3.151363484866479547e-01 9.495904483650723371e-01 9.391979295559377272e-01 4.762506576501829292e-01 2.949215381132548885e-01
3.187891292677645927e-01 9.586786521491391655e-01 9.362498500736283757e-01 4.803455691218159185e-01 2.898379721922175190e-01
3.224842498408442282e-01 9.806864274687411287e-01 9.326770057862822094e-01 4.844612406137116523e-01 2.844722328125186550e-01
3.262222009711669979e-01 9.475078246640287194e-01 9.287147641178509216e-01 4.885974592096475333e-01 2.789311455032257303e-01
3.300034791125285305e-01 8.993964607600895000e-01 9.245417774043535042e-01 4.927540028947058337e-01 2.732963795030887710e-01
3.338285864731760921e-01 8.962367742805581461e-01 9.203756722456721828e-01 4.969306403738040778e-01 2.676693548491362873e-01
3.376980310825091203e-01 8.936475655644248173e-01 9.164942082367049103e-01 5.011271308875464570e-01 2.621818088283252024e-01
3.416123268585528616e-01 9.012975164156616925e-01 9.131041141368861913e-01 5.053432240253598051e-01 2.569338527989767362e-01
3.455719936762139399e-01 9.221261609712247953e-01 9.102994775593605814e-01 5.095786595358793303e-01 2.519730614368288490e-01
3.495775574363275129e-01 9.019613747727760478e-01 9.081651636970333730e-01 5.138331671345467422e-01 2.473427049137930933e-01
3.536295501355042892e-01 8.774529167144377029e-01 9.067472732951835646e-01 5.181064663083856381e-01 2.430672456746650334e-01
3.577285099367873422e-01 8.735997862197609765e-01 9.060446214899692263e-01 5.223982661179141784e-01 2.391478598169743119e-01
3.618749812411280464e-01 8.823339173306128380e-01 9.059873856051826602e-01 5.267082649961596363e-01 2.355520176081610517e-01
3.660695147596902399e-01 9.037814330978873878e-01 9.064415344770749838e-01 5.310361505447336317e-01 2.322157104234053859e-01
3.703126675869927165e-01 9.315660867177016913e-01 9.073372001268735776e-01 5.353815993269305240e-01 2.291052762573438095e-01
3.746050032748993175e-01 9.434524930695898925e-01 9.087201531992699088e-01 5.397442766578071094e-01 2.262421138955655886e-01
3.789470919074667821e-01 9.159701805896183213e-01 9.105997050539659243e-01 5.441238363912044296e-01 2.236297538751596259e-01
3.833395101766601254e-01 9.286743051808425964e-01 9.130520914156031731e-01 5.485199207036689506e-01 2.213031510409987912e-01
3.877828414589457595e-01 9.408000375098817258e-01 9.162434628648545853e-01 5.529321598752316991e-01 2.193390387997385393e-01
3.922776758927719598e-01 8.732555699857771359e-01 9.202872790409994952e-01 5.573601720670010584e-01 2.177874872956545305e-01
3.968246104569481680e-01 8.166315322751238615e-01 9.252265624399933497e-01 5.618035630955284798e-01 2.166636032137022605e-01
4.014242490499321803e-01 8.630254103543150146e-01 9.309442706355945951e-01 5.662619262038983692e-01 2.159063215563017668e-01
4.060772025700365440e-01 9.422667717869386284e-01 9.372084440146102313e-01 5.707348418295010717e-01 2.154018069574857031e-01
4.107840889965646558e-01 9.613171309482876348e-01 9.436895232581131721e-01 5.752218773684404374e-01 2.149937384067923951e-01
4.155455334718875515e-01 9.872406918144026600e-01 9.499573229914239914e-01 5.797225869365296713e-01 2.144838734460848828e-01
4.203621683844713797e-01 9.989231069331022672e-01 9.555946064419736929e-01 5.842365111268283950e-01 2.136849956702553677e-01
4.252346334528682159e-01 9.987004114909830976e-01 9.602024347644156910e-01 5.887631767636727353e-01 2.124221629295650338e-01
4.301635758106794882e-01 1.011274605366012880e+00 9.633922715505057743e-01 5.933020966531474816e-01 2.105272749485566364e-01
4.351496500925050026e-01 1.010479166450970023e+00 9.649754076577958806e-01 5.978527693299531265e-01 2.079220002227904207e-01
4.401935185208874501e-01 1.002156651907588847e+00 9.649361375370296701e-01 6.024146788006128350e-01 2.046030257369043648e-01
4.452958509942655518e-01 1.019228589355396952e+00 9.634010637155536738e-01 6.069872942829726004e-01 2.006275211612273124e-01
4.504573251759458330e-01 9.449158458708067920e-01 9.607096086829979287e-01 6.115700699419361897e-01 1.961459113685201650e-01
4.556786265841064054e-01 8.995619846601083935e-01 9.572128795937898671e-01 6.161624446213872508e-01 1.913133092033444393e-01
4.609604486828433600e-01 9.416128410218136402e-01 9.532569280683190760e-01 6.207638415722378511e-01 1.862835582378949140e-01
4.663034929742731483e-01 9.490516036104139630e-01 9.491556703434602671e-01 6.253736681765535987e-01 1.811978555970247817e-01
4.717084690917017209e-01 9.687238916860059224e-01 9.452385024420791870e-01 6.299913156676950621e-01 1.762068406441732460e-01
4.771760948938745805e-01 9.606118151349521961e-01 9.417362329906823204e-01 6.346161588464203085e-01 1.714181539957645994e-01
4.827070965603182939e-01 9.132573664294419968e-01 9.387338535964282471e-01 6.392475557928887220e-01 1.668734039808581759e-01
4.883022086877880086e-01 8.949721675080888339e-01 9.363495546507779599e-01 6.438848475745078126e-01 1.626298032246547842e-01
4.939621743878320759e-01 8.888980981188865371e-01 9.345947945007418989e-01 6.485273579495627327e-01 1.586950563640971701e-01
4.996877453854883799e-01 9.163537371871707249e-01 9.333942452848330573e-01 6.531743930665667719e-01 1.550359685796055820e-01
5.054796821191240852e-01 9.773642710354744079e-01 9.326496128795125351e-01 6.578252411592693250e-01 1.516079806867340063e-01
5.113387538414325695e-01 9.531318911731054833e-01 9.322434164190332995e-01 6.624791722372611602e-01 1.483570960334411326e-01
5.172657387216018643e-01 9.321233741555158270e-01 9.320268018563779844e-01 6.671354377721090412e-01 1.452143906484851255e-01
5.232614239486661489e-01 9.189529088450509864e-01 9.318581300783291832e-01 6.717932703789555315e-01 1.421141495785775977e-01
5.293266058360561743e-01 8.910128210966410389e-01 9.316476390809729224e-01 6.764518834935192571e-01 1.390147773876243276e-01
5.354620899273607737e-01 9.496436988624599174e-01 9.313217031514994249e-01 6.811104710444235710e-01 1.358821667437333514e-01
5.416686911033151697e-01 9.701412041071365566e-01 9.308855031730705054e-01 6.857682071207895635e-01 1.327189200877185449e-01
5.479472336900287344e-01 9.830051885926415212e-01 9.303267948842269819e-01 6.904242456350202506e-01 1.295194954070728044e-01
5.542985515684668574e-01 9.299076792096246935e-01 9.297074700424087235e-01 6.950777199807062212e-01 1.263129525971002642e-01
5.607234882852032420e-01 8.860473305425684565e-01 9.291904745210751715e-01 6.997277426855796900e-01 1.231756559492695052e-01
5.672228971644543982e-01 8.953234914715318959e-01 9.289874305970966528e-01 7.043734050594447904e-01 1.202068879330422252e-01
5.737976414214134291e-01 9.059605988997174730e-01 9.291419170745015554e-01 7.090137768370081695e-01 1.174273791351214957e-01
5.804485942768977669e-01 9.622135712209108904e-01 9.298211417264717893e-01 7.136479058155351662e-01 1.149154209894892031e-01
5.871766390733255125e-01 9.405193461732915816e-01 9.310943353692171520e-01 7.182748174872534141e-01 1.127030440193372979e-01
5.939826693920355893e-01 9.131500613645925357e-01 9.330781757532971010e-01 7.228935146664270395e-01 1.108437030543373142e-01
6.008675891719686968e-01 8.994903547217669715e-01 9.357584225359801833e-01 7.275029771110211874e-01 1.093289698885964306e-01
6.078323128297229427e-01 9.133057945007485579e-01 9.390242924065170804e-01 7.321021611388748296e-01 1.081051386626286082e-01
6.148777653810023613e-01 9.322873991103391988e-01 9.427426821989696171e-01 7.366899992383040274e-01 1.071083957575659634e-01
6.220048825634711953e-01 9.325411256279777517e-01 9.466364533364932665e-01 7.412653996730464989e-01 1.062094955190008155e-01
6.292146109610343707e-01 9.618076792968305311e-01 9.505877215327983576e-01 7.458272460814682203e-01 1.053539556566135543e-01
6.365079081295571539e-01 9.925095633517914129e-01 9.542638409813810618e-01 7.503743970699432442e-01 1.043904604220925875e-01
6.438857427240419762e-01 9.799396121541901206e-01 9.573661448311023836e-01 7.549056858003196924e-01 1.031853691349188529e-01
6.513490946272803006e-01 9.516138047598955430e-01 9.596090941973652866e-01 7.594199195713841055e-01 1.016123706259991488e-01
6.588989550799949635e-01 9.716983452762600892e-01 9.610149898976229066e-01 7.639158793942352199e-01 9.968462411053835570e-02
6.665363268124913088e-01 9.937929912221044049e-01 9.615217682163229584e-01 7.683923195614722479e-01 9.737610558931007743e-02
6.742622241778342129e-01 1.094146938536334490e+00 9.611672126306108899e-01 7.728479672101096210e-01 9.470487875974149816e-02
6.820776732865685421e-01 9.598787619382097569e-01 9.601326542907727690e-01 7.772815218781203850e-01 9.175289692701206479e-02
6.899837121430018039e-01 9.035689555275711049e-01 9.586006858640538919e-01 7.816916550545150999e-01 8.860225971368247688e-02
6.979813907830659803e-01 8.690272500468677608e-01 9.567483455624630206e-01 7.860770097228573228e-01 8.533262518685184872e-02
7.060717714137773049e-01 9.441860894431227669e-01 9.548690144499036858e-01 7.904361998981193072e-01 8.207697911081307529e-02
7.142559285543126357e-01 1.002896799897945668e+00 9.530752982601661261e-01 7.947678101567766662e-01 7.888694476537159994e-02
7.225349491787214085e-01 9.931952814317224210e-01 9.514312709854813033e-01 7.990703951600406363e-01 7.579238066498930615e-02
7.309099328602910450e-01 9.333964204605648129e-01 9.500748142051679279e-01 8.033424791701263556e-01 7.285707320364025186e-02
7.393819919175865785e-01 8.492119847167999280e-01 9.489813648923216549e-01 8.075825555594507987e-01 7.007075502970079584e-02
7.479522515621821466e-01 9.939807545474377282e-01 9.480281878066598722e-01 8.117890863126565604e-01 6.737804207835935977e-02
7.566218500481054487e-01 9.985181401638208998e-01 9.472978590349985240e-01 8.159605015213527990e-01 6.481741954645182935e-02
7.653919388230148169e-01 1.000497840590774512e+00 9.467552550272840817e-01 8.200951988714638707e-01 6.237345499007413557e-02
7.742636826811269968e-01 8.590866932988681093e-01 9.463322482052769491e-01 8.241915431230767419e-01 6.001548581917487413e-02
7.832382599179196214e-01 9.577256287126275636e-01 9.460649093736476223e-01 8.282478655826741587e-01 5.776060893753217490e-02
7.923168624866253618e-01 9.391930566666345515e-01 9.460131569191000400e-01 8.322624635676381111e-01 5.563686883955886592e-02
8.015006961565405152e-01 9.155344486285149630e-01 9.461512752802258008e-01 8.362335998629114586e-01 5.363296555752550265e-02
8.107909806731686819e-01 9.805448086233586880e-01 9.464801911841237425e-01 8.401595021696982579e-01 5.174978547186644823e-02
8.201889499202202893e-01 9.730611391430527002e-01 9.471375136067217149e-01 8.440383625460839978e-01 5.005085193166788210e-02
8.296958520834906148e-01 9.294199139859603553e-01 9.480329987987939910e-01 8.478683368394570596e-01 4.849503728315435191e-02
8.393129498166364000e-01 9.506803538988695124e-01 9.491459520203936462e-01 8.516475441106072797e-01 4.707310148564702867e-02
8.490415204088747059e-01 9.168333244687442152e-01 9.503576776997019193e-01 8.553740660493793779e-01 4.573100880671589902e-02
8.588828559546249908e-01 8.802710682666899933e-01 9.515824008935901412e-01 8.590459463817537999e-01 4.443000850103133448e-02
8.688382635251183927e-01 1.001065357701314662e+00 9.526778764722059201e-01 8.626611902682305155e-01 4.310581967566823325e-02
8.789090653419954213e-01 1.031222077282424543e+00 9.536044553552345260e-01 8.662177636933831026e-01 4.174118583203061811e-02
8.890965989529158175e-01 9.019818152857449478e-01 9.542986230889924926e-01 8.697135928464546639e-01 4.030803944266416611e-02
8.994022174092044519e-01 9.967274528673832901e-01 9.545269420539249650e-01 8.731465634928623487e-01 3.870104204683100929e-02
9.098272894455557980e-01 1.026943536454150818e+00 9.544261827778770524e-01 8.765145203364755888e-01 3.698322981795976183e-02
9.203731996618220723e-01 9.286703854069592312e-01 9.541463901824206451e-01 8.798152663725307132e-01 3.522351807678789776e-02
9.310413487069075789e-01 9.116088695227096972e-01 9.538634280490505546e-01 8.830465622310460505e-01 3.350259375063893014e-02
9.418331534647951253e-01 9.879589422245724784e-01 9.536286511541007815e-01 8.862061255105947444e-01 3.184454311229144297e-02
9.527500472427290479e-01 9.482608583019910276e-01 9.536652293892999843e-01 8.892916301022946168e-01 3.035174374555487525e-02
9.637934799615786030e-01 9.268155874736732081e-01 9.543099165791051330e-01 8.923007055038705282e-01 2.917820039719254063e-02
9.749649183484085935e-01 9.191390277063548053e-01 9.556122403876183835e-01 8.952309361236430174e-01 2.834662245531604716e-02
9.862658461312820979e-01 9.092028720150587828e-01 9.577231176286593595e-01 8.980798605742965623e-01 2.792501314376073449e-02
9.976977642363201726e-01 9.541297663901415760e-01 9.605377250712302528e-01 9.008449709562742491e-01 2.786436802402716267e-02
1.009262190987048502e+00 9.937087500804007156e-01 9.639659068946747622e-01 9.035242322031336037e-01 2.812186956694662926e-02
1.020960662306047650e+00 9.861467207110230504e-01 9.678667083275134253e-01 9.061193723415390533e-01 2.863013622040161063e-02
1.032794731918952547e+00 9.070316785323996323e-01 9.718756100312997415e-01 9.086336831422061611e-01 2.922185118972216861e-02
1.044765971560805307e+00 9.572984079308741734e-01 9.756371405747693570e-01 9.110702969905828397e-01 2.973643682854431453e-02
1.056875971184805030e+00 1.040485224059189751e+00 9.789387573759780192e-01 9.134321895171737538e-01 3.007921093712712449e-02
1.069126339173477103e+00 1.013497037442195658e+00 9.816652136527671546e-01 9.157221895529081834e-01 3.019966355158604232e-02
1.081518702552289213e+00 9.989339589188999113e-01 9.834572735742027616e-01 9.179429883149607949e-01 2.993978784804391530e-02
1.094054707205743604e+00 1.072431250319602958e+00 9.844077123640174731e-01 9.200971478928405833e-01 2.934132305091733187e-02
1.106736018095974439e+00 1.033772267939508049e+00 9.846110318034353437e-01 9.221871090973181584e-01 2.844565030852571827e-02
1.119564319483879355e+00 9.996914461581648537e-01 9.842980705645584250e-01 9.242151987283597769e-01 2.735352757757188516e-02
1.132541315152812755e+00 8.663645955338563631e-01 9.836862538685879898e-01 9.261836363125772742e-01 2.615949888692923123e-02
1.145668728634872569e+00 9.697635876716858006e-01 9.829869522822632932e-01 9.280945403556652984e-01 2.495553536260404145e-02
1.158948303439811811e+00 9.724075340849369642e-01 9.823587518825421805e-01 9.299499341508543626e-01 2.381055064421787326e-02
1.172381803286599800e+00 1.009321501763277951e+00 9.819224303166353973e-01 9.317517511804154218e-01 2.277696318474108778e-02
1.185971012337670549e+00 9.182931895680847001e-01 9.817495198130007372e-01 9.335018401437336077e-01 2.188551914437839030e-02
1.199717735435885446e+00 9.728496657568245221e-01 9.817202693719853102e-01 9.352019696422917416e-01 2.108234504541685317e-02
1.213623798344241722e+00 1.055104406819350249e+00 9.817766740824969141e-01 9.368538325490942675e-01 2.034087176211127335e-02
1.227691047988360484e+00 9.885592421129143492e-01 9.818702181770362358e-01 9.384590500875233943e-01 1.963876050965237402e-02
1.241921352701784720e+00 9.924166071374765918e-01 9.819147836353367964e-01 9.400191756423557088e-01 1.893708583050802280e-02
1.256316602474121469e+00 9.878201979289849000e-01 9.817456527206619432e-01 9.415356983236344846e-01 1.816219590322929942e-02
1.270878709202059476e+00 1.030051837178622032e+00 9.814287175798198648e-01 9.430100463022479396e-01 1.734244222627572343e-02
1.285609606943296512e+00 9.470555464820392677e-01 9.809749095829366494e-01 9.444435899344365559e-01 1.648187622651622886e-02
1.300511252173409904e+00 9.536136113434804384e-01 9.804132564355202417e-01 9.458376446909431134e-01 1.559257972838071910e-02
1.315585624045705115e+00 8.874815000066674786e-01 9.796869199667184169e-01 9.471934739051917074e-01 1.464861258712876410e-02
1.330834724654076151e+00 9.952570433201506361e-01 9.788684033544308161e-01 9.485122913536634393e-01 1.368134715971290258e-02
1.346260579298911075e+00 1.097431636025772983e+00 9.777203582314297758e-01 9.497952636805349069e-01 1.258465865366925965e-02
1.361865236756082842e+00 1.005145293342046386e+00 9.764134408261332387e-01 9.510435126776601855e-01 1.143336159269878367e-02
1.377650769549054965e+00 9.453285943279053916e-01 9.746062810988282976e-01 9.522581174300572826e-01 1.007452252680164466e-02
1.393619274224143556e+00 9.420289961463820250e-01 9.724644739285598360e-01 9.534401163362604681e-01 8.580323569661938224e-03
1.409772871628967694e+00 9.961737592139012776e-01 9.697857497735976606e-01 9.545905090121378223e-01 6.858686124462256596e-03
1.426113707194129887e+00 9.674622026731986013e-01 9.667093883162063417e-01 9.557102580861016605e-01 4.969688797249407868e-03
1.442643951218158804e+00 9.681995911355338880e-01 9.632015077383218049e-01 9.568002908930195449e-01 2.895855051461649309e-03
1.459365799155757593e+00 9.950056839995115032e-01 9.592692978082181243e-01 9.578615010735695989e-01 6.378265517943016317e-04
1.476281471909391074e+00 9.656455402532457821e-01 9.551109487996084502e-01 9.588947500852718075e-01 1.717117311273216613e-03
1.493393216124253353e+00 9.139705177553945070e-01 9.509956302045914356e-01 9.599008686309455918e-01 4.047863303130375470e-03
1.510703304486655574e+00 9.753442042409937729e-01 9.470340813344805264e-01 9.608806580099278349e-01 6.303842934347710786e-03
1.528214036025870914e+00 9.284900513919792653e-01 9.435121150791074829e-01 9.618348913969811953e-01 8.353046379042220609e-03
1.545927736419478560e+00 9.453374709762051298e-01 9.407740193914916338e-01 9.627643150534590522e-01 1.003466940492440777e-02
1.563846758302247730e+00 9.388690515875056652e-01 9.389191550274003095e-01 9.636696494749754649e-01 1.129998195206977953e-02
1.581973481578601515e+00 9.627755022397392892e-01 9.382989393806646650e-01 9.645515904795007867e-01 1.198423607364974310e-02
1.600310313738701806e+00 7.874295826107436946e-01 9.388546883054063041e-01 9.654108102395551061e-01 1.211377821964334037e-02
1.618859690178199306e+00 9.175459803312236984e-01 9.405709281936122101e-01 9.662479582618752616e-01 1.169703808976970891e-02
1.637624074521689010e+00 8.742853711981584119e-01 9.435597783538749450e-01 9.670636623177326641e-01 1.068564516561971468e-02
1.656605958949915136e+00 1.023397121542055643e+00 9.475097108204291185e-01 9.678585293268349155e-01 9.228212012649330762e-03
1.675807864530768798e+00 9.335579724470549623e-01 9.520723314628469769e-01 9.686331461975468127e-01 7.489382186999877546e-03
1.695232341554121502e+00 9.855316318181149837e-01 9.569679543952663847e-01 9.693880806259975724e-01 5.600280460006841661e-03
1.714881969870540868e+00 1.050096362076325063e+00 9.619859463953465140e-01 9.701238818564419386e-01 3.658468388477036787e-03
1.734759359233932541e+00 9.663009873330731248e-01 9.668833866573718350e-01 9.708410814051036120e-01 1.774047248075453576e-03
1.754867149648152047e+00 9.019121415464202984e-01 9.714735181429938748e-01 9.715401937495860007e-01 2.980611804708890107e-05
1.775208011717636092e+00 1.047045729262525038e+00 9.757344923062075681e-01 9.722217169857734209e-01 1.566339719807817443e-03
1.795784647002096834e+00 9.653436125115566480e-01 9.797834053256909703e-01 9.728861334540543915e-01 3.068066062725044278e-03
1.816599788375328650e+00 9.808417591224050103e-01 9.834555505503383976e-01 9.735339103365554525e-01 4.403652243227551034e-03
1.837656200388172456e+00 1.002543501428933892e+00 9.867863899764293123e-01 9.741655002269788977e-01 5.590405850640687777e-03
1.858956679635688225e+00 9.144451860905821183e-01 9.897444375873389877e-01 9.747813416745321202e-01 6.615861929033101975e-03
1.880504055128583429e+00 1.027066835820297452e+00 9.921861800767670658e-01 9.753818597033441229e-01 7.418499301267784431e-03
1.902301188668945819e+00 1.009088743014660894e+00 9.939114363900007909e-01 9.759674663086861379e-01 7.912347033747922989e-03
1.924350975230332272e+00 9.395099423683596074e-01 9.947753043091848157e-01 9.765385609312107196e-01 8.035598093560069113e-03
1.946656343342263229e+00 1.080112967115666622e+00 9.944592659275666158e-01 9.770955309103805941e-01 7.649971786237040952e-03
1.969220255479173565e+00 1.077013620001090244e+00 9.929647538327219802e-01 9.776387519181539698e-01 6.755425174236003028e-03
1.992045708453871189e+00 1.014447240647442738e+00 9.900995002055225092e-01 9.781685883739623666e-01 5.265128938720021849e-03
2.015135733815558439e+00 1.019764397919687315e+00 9.861999180784106755e-01 9.786853938419211030e-01 3.321855276963635046e-03
2.038493398252464228e+00 1.017753812080280262e+00 9.813190182904736325e-01 9.791895114111905940e-01 9.434628174812836757e-04
2.062121803999144465e+00 9.914017037593477744e-01 9.759649119370062964e-01 9.796812740603264569e-01 1.650602769878018903e-03
2.086024089248504687e+00 9.167160714342786898e-01 9.705655522082544673e-01 9.801610050064217816e-01 4.272547371174143307e-03
2.110203428568596440e+00 8.851212249636652984e-01 9.655898499264540247e-01 9.806290180397954082e-01 6.712048514722597850e-03
2.134663033324245340e+00 1.014798483488283720e+00 9.614126019364948039e-01 9.810856178449325338e-01 8.797098805976283700e-03
2.159406152103567678e+00 9.460382423198285817e-01 9.585006930712555162e-01 9.815311003083542207e-01 1.031163375071128714e-02
2.184436071149428393e+00 8.760049877762879911e-01 9.569989070094614414e-01 9.819657528140406377e-01 1.118489976264970369e-02
2.209756114795903059e+00 9.312442045969340221e-01 9.570081291468072182e-01 9.823898545270104421e-01 1.136824187899303923e-02
2.235369645909796699e+00 9.281756929595511574e-01 9.584642494273131197e-01 9.828036766656151890e-01 1.089085410826350075e-02
2.261280066337279404e+00 9.350402257730342503e-01 9.612215814829022653e-01 9.832074827630878922e-01 9.821662034292468271e-03
2.287490817355704031e+00 9.000810617466715735e-01 9.649017882757038311e-01 9.836015289188404509e-01 8.336083846931767113e-03
2.314005380130653933e+00 1.009137464994357414e+00 9.693994268808949766e-01 9.839860640399948899e-01 6.486189038337314069e-03
2.340827276178294447e+00 1.055059487925084527e+00 9.742912866531767691e-01 9.843613300735940541e-01 4.465725863905201966e-03
2.367960067833078774e+00 9.999853609946348643e-01 9.792813806940615651e-01 9.847275622299183073e-01 2.408596620219746048e-03
2.395407358720879287e+00 1.040800388746103700e+00 9.842971133694981001e-01 9.850849891973145755e-01 3.474898469468797957e-04
2.423172794237600680e+00 9.326113494257286529e-01 9.891872428923890181e-01 9.854338333489187640e-01 1.651037797488933995e-03
2.451260062033339793e+00 1.020663953314237649e+00 9.938417819747517035e-01 9.857743109416341465e-01 3.539754562897481222e-03
2.479672892502160053e+00 9.422831161566347369e-01 9.982065911504487410e-01 9.861066323077087858e-01 5.296553415023529283e-03
2.508415059277541381e+00 9.469251057303360586e-01 1.002164394739886166e+00 9.864310020392426104e-01 6.872255885684325216e-03
2.537490379733571721e+00 1.029193451168860962e+00 1.005542728064231728e+00 9.867476191659261264e-01 8.194442401398100220e-03
2.566902715491951703e+00 1.045694346781004480e+00 1.008238821759405823e+00 9.870566773263100835e-01 9.221324919084807753e-03
2.596655972934872381e+00 1.048198242377470946e+00 1.010073523073379498e+00 9.873583649328849798e-01 9.878177273356299540e-03
2.626754103723838440e+00 1.066809931257210575e+00 1.011089743724969070e+00 9.876528653312317552e-01 1.018537699506407573e-02
2.657201105324506596e+00 9.890274251277373363e-01 1.011002643470417794e+00 9.879403569534979113e-01 1.002156459979732309e-02
2.688001021537607560e+00 1.139131363885494963e+00 1.009967425968411270e+00 9.882210134664375367e-01 9.453282440357245811e-03
2.719157943036019098e+00 9.252055231090284826e-01 1.008032576050410967e+00 9.884950039142452738e-01 8.500088570127097704e-03
2.750676007908067433e+00 1.037592505502645146e+00 1.005336045856563665e+00 9.887624928563967242e-01 7.219270478937140668e-03
2.782559402207125832e+00 1.074828053196176914e+00 1.002072719483381169e+00 9.890236405007033493e-01 5.692566416093553308e-03
2.814812360507581435e+00 9.010655395390690936e-01 9.985306592279493687e-01 9.892786028317797076e-01 4.042788341493512572e-03
2.847439166467247595e+00 9.412945306793429889e-01 9.949935460868345460e-01 9.895275317351057698e-01 2.392381618371619816e-03
2.880444153396297668e+00 1.013226818492776848e+00 9.915075923176410733e-01 9.897705751168683896e-01 7.615055684204388589e-04
2.913831704832788638e+00 1.021350635912271709e+00 9.883405352192199400e-01 9.900078770197417999e-01 7.320424555970389590e-04
2.947606255124858521e+00 1.032147552930084533e+00 9.853939416719844635e-01 9.902395777347805517e-01 2.130392304677796497e-03
2.981772290019673477e+00 9.701271704285593378e-01 9.828500686114797213e-01 9.904658139095718905e-01 3.352218070373543923e-03
3.016334347259197468e+00 9.150698215984975903e-01 9.808394199370068511e-01 9.906867186527923419e-01 4.338428970974391244e-03
3.051297017182871052e+00 1.028409764874975263e+00 9.793285725088545224e-01 9.909024216353150560e-01 5.102464273504928038e-03
3.086664943337274369e+00 8.878716881599930666e-01 9.783333623502241672e-01 9.911130491880015825e-01 5.636330435977063638e-03
3.122442823092857811e+00 1.032728669438700120e+00 9.779020684436470212e-01 9.913187243962988671e-01 5.917944628771244775e-03
3.158635408267818967e+00 9.475634845817750840e-01 9.779215615589187394e-01 9.915195671917707010e-01 5.997267520094981541e-03
3.195247505759213791e+00 1.003093864745255859e+00 9.784667963394906298e-01 9.917156944406773089e-01 5.841093502692531157e-03
3.232283978181380579e+00 9.812711766801009983e-01 9.791507441468222384e-01 9.919072200297147646e-01 5.621493163985199527e-03
3.269749744511767808e+00 9.123449184722415284e-01 9.800497114008707156e-01 9.920942549490223694e-01 5.304829593752625680e-03
3.307649780744242651e+00 9.647516385818444284e-01 9.808909952113145092e-01 9.922769073725552502e-01 5.012136778386707021e-03
3.345989120549974771e+00 1.008262443891866145e+00 9.815300674916073165e-01 9.924552827359292007e-01 4.807339772172791736e-03
3.384772855945982872e+00 1.070408149327541913e+00 9.820353856780938973e-01 9.926294838118172592e-01 4.660033786713006429e-03
3.424006137971425723e+00 1.013329600167775624e+00 9.821140031216085697e-01 9.927996107829994976e-01 4.699694910506836514e-03
3.463694177371734462e+00 1.030104466259035956e+00 9.817705917494405909e-01 9.929657613131468441e-01 4.924254771379536939e-03
3.503842245290675894e+00 9.298052744462640407e-01 9.811440884838830145e-01 9.931280306154213200e-01 5.272448323523742410e-03
3.544455673970435594e+00 8.751299940623712414e-01 9.804112146849203180e-01 9.932865115189628558e-01 5.666267548470812175e-03
3.585539857459817181e+00 1.013617935004513582e+00 9.795520103470563011e-01 9.934412945333612743e-01 6.114708156183460211e-03
3.627100252330648367e+00 1.037126866666179703e+00 9.787065948085149625e-01 9.935924679111514113e-01 6.555775874502613350e-03
3.669142378402494131e+00 9.684487647264370391e-01 9.780603534660643472e-01 9.937401177084310699e-01 6.907168070305069046e-03
3.711671819475766743e+00 9.925828845540874967e-01 9.778305858488892666e-01 9.938843278436526596e-01 7.072224878773742361e-03
3.754694224073336972e+00 9.351035850408725425e-01 9.779637632840272321e-01 9.940251801546498012e-01 7.074622797334437219e-03
3.798215306190736218e+00 1.042451186854849832e+00 9.785512794420169191e-01 9.941627544539730632e-01 6.873899487488078705e-03
3.842240846055060999e+00 9.177400827282401474e-01 9.795693462196469747e-01 9.942971285825794592e-01 6.480998986983087240e-03
3.886776690892667752e+00 8.890668402144956683e-01 9.811298387412907829e-01 9.944283784619378785e-01 5.847025520208248492e-03
3.931828755705770284e+00 1.000584751093196667e+00 9.830437450484157402e-01 9.945565781446044085e-01 5.056650034076194331e-03
3.977403024058036696e+00 9.791711262430937701e-01 9.849939711240491835e-01 9.946817998633208369e-01 4.250599225310370925e-03
4.023505548869293236e+00 1.068428415139004217e+00 9.869903213516698637e-01 9.948041140786778591e-01 3.424678753891553795e-03
4.070142453219438572e+00 1.006620025165715360e+00 9.888967941022012154e-01 9.949235895254067152e-01 2.638759103155110392e-03
4.117319931161679492e+00 9.710980738098904386e-01 9.906675407849928616e-01 9.950402932573252368e-01 1.912733894304637951e-03
4.165044248545185290e+00 1.000943539838705654e+00 9.922606105750776395e-01 9.951542906909964792e-01 1.264668181754574324e-03
4.213321743847289191e+00 1.124054808836687291e+00 9.938269843665796799e-01 9.952656456481401293e-01 6.282289275340085730e-04
4.262158829015325168e+00 9.395721498063041022e-01 9.954232769304051098e-01 9.953744203968322157e-01 2.131620201127942932e-05
4.311561990318228510e+00 8.722983536854470588e-01 9.970084682591047187e-01 9.954806756915379751e-01 6.660131761699063756e-04
4.361537789208005833e+00 1.008941293602408029e+00 9.987544059889403858e-01 9.955844708120129560e-01 1.380594372101130469e-03
4.412092863191189984e+00 1.013029409081059207e+00 1.000737855819594957e+00 9.956858636011096664e-01 2.197987336067677797e-03
4.463233926710397093e+00 1.053492562397505106e+00 1.002839618393474463e+00 9.957849105015210700e-01 3.065941990731171993e-03
4.514967772036102112e+00 9.295575732128386059e-01 1.005039094092960772e+00 9.958816665915064537e-01 3.975217887154776364e-03
4.567301270168746541e+00 9.652230700130576269e-01 1.007172601706263659e+00 9.959761856196112095e-01 4.854948761582695768e-03
4.620241371751313331e+00 1.148459731982281573e+00 1.009162333351320884e+00 9.960685200384356008e-01 5.671817470688368494e-03
4.673795107992464004e+00 1.099656179059656846e+00 1.010789535134626327e+00 9.961587210374636125e-01 6.332195536515264171e-03
4.727969591600390764e+00 9.324636308533688078e-01 1.011818972137865202e+00 9.962468385749945199e-01 6.735862154378700374e-03
4.782772017727485725e+00 1.003201313945781603e+00 1.012397966509742009e+00 9.963329214091949382e-01 6.946783403638210307e-03
4.838209664925956943e+00 1.024167768647614496e+00 1.012233070755835795e+00 9.964170171283019961e-01 6.839386130058215316e-03
4.894289896114531579e+00 9.876073401069063173e-01 1.011433719013573151e+00 9.964991721800091629e-01 6.460485721025172046e-03
4.951020159556350997e+00 9.974083175159719206e-01 1.010107570438571134e+00 9.965794319000516044e-01 5.855706364769065232e-03
5.008407989848212338e+00 1.053695489893423431e+00 1.008184081593761050e+00 9.966578405400190466e-01 4.993748370025003804e-03
5.066461008921268494e+00 1.088601418120929587e+00 1.005699772523209745e+00 9.967344412944183496e-01 3.888886706835124104e-03
5.125186927053333008e+00 1.036997897641310784e+00 1.003130740255452791e+00 9.968092763270117729e-01 2.745468385876296234e-03
5.184593543892913381e+00 9.820984819457397874e-01 1.000386187490525547e+00 9.968823867964480279e-01 1.523763892086693605e-03
5.244688749495119318e+00 9.567061229938292888e-01 9.975561439429427857e-01 9.969538128812112099e-01 2.623091085068888161e-04
5.305480525369573819e+00 9.249007263602658790e-01 9.949528252773912618e-01 9.970235938039031520e-01 9.029460988664416831e-04
5.366976945540476329e+00 9.435636721135383098e-01 9.925216344611497155e-01 9.970917678548842922e-01 1.995148608126045588e-03
5.429186177618943177e+00 1.042209141162511399e+00 9.905815955311197962e-01 9.971583724152879302e-01 2.873885295262791281e-03
5.492116483887789613e+00 1.008011369702143112e+00 9.888869685618694172e-01 9.972234439794300798e-01 3.645826044424920354e-03
5.555776222398877806e+00 1.001430049753315066e+00 9.875740220674912306e-01 9.972870181766240183e-01 4.250508422907900603e-03
5.620173848083187984e+00 9.521951351177503353e-01 9.867871463904407392e-01 9.973491297924321763e-01 4.623729218628963925e-03
5.685317913873753071e+00 1.088620341231433697e+00 9.864666804667199251e-01 9.974098127893553656e-01 4.791215784644686608e-03
5.751217071841614015e+00 9.368804495063397519e-01 9.865255925434743833e-01 9.974691003269851031e-01 4.791094715646378177e-03
5.817880074344935259e+00 9.011582040278862671e-01 9.868918477228869612e-01 9.975270247816310221e-01 4.655108854926669204e-03
5.885315775191449994e+00 1.025335777037331031e+00 9.877441720965770555e-01 9.975836177654391346e-01 4.304832651431098056e-03
5.953533130814370189e+00 9.751889901634079871e-01 9.889720191572579644e-01 9.976389101450220398e-01 3.789374915457634913e-03
6.022541201461927507e+00 9.077361829820510541e-01 9.905142414953231889e-01 9.976929320595968598e-01 3.136171410040535477e-03
6.092349152400711176e+00 1.082638440151693304e+00 9.921548073492678643e-01 9.977457129386633206e-01 2.440429369001913696e-03
6.162966255132942273e+00 9.968447727096716449e-01 9.938009216212541075e-01 9.977972815192341915e-01 1.742921215846602017e-03
6.234401888627863819e+00 9.989260632366863124e-01 9.952047268254797796e-01 9.978476658626080908e-01 1.151815694203393381e-03
6.306665540567405692e+00 1.064802781348146210e+00 9.962068071503316080e-01 9.978968933707312861e-01 7.361656216957188819e-04
6.379766808606282424e+00 9.223663904332533026e-01 9.965751886452173247e-01 9.979449908021285065e-01 5.965320558877272670e-04
6.453715401646701544e+00 1.049049099495562132e+00 9.961089653571806313e-01 9.979919842874431790e-01 8.202041867028887680e-04
6.528521141127847649e+00 9.151368721562217479e-01 9.947811829357445790e-01 9.980378993445646607e-01 1.419471779623859885e-03
6.604193962330305645e+00 1.055451024759381129e+00 9.925365223437644380e-01 9.980827608933926509e-01 2.420057969418947224e-03
6.680743915695614987e+00 1.126676736493137376e+00 9.894334382560747709e-01 9.981265932702145793e-01 3.799043317158472873e-03
6.758181168161110364e+00 1.013820555440509974e+00 9.856188547845277093e-01 9.981694202417221717e-01 5.495257850448386112e-03
6.836516004510238886e+00 1.009416069894119028e+00 9.811939001288959572e-01 9.982112650186885094e-01 7.467627032482643430e-03
6.915758828738525210e+00 8.480575208774343565e-01 9.767043733849390952e-01 9.982521502692771609e-01 9.477121990900777906e-03
6.995920165435374649e+00 9.512066969432815267e-01 9.723513133326022739e-01 9.982920981320484444e-01 1.143442839020700381e-02
7.077010661181889262e+00 9.795101833041353068e-01 9.683634889691141723e-01 9.983311302286113076e-01 1.323620710630545559e-02
7.159041085964887863e+00 1.043466420937638306e+00 9.651197677201447389e-01 9.983692676759805540e-01 1.470999287064417294e-02
7.242022334607315592e+00 9.333557997764195813e-01 9.629505460532357120e-01 9.984065310986169894e-01 1.570342952185731569e-02
7.325965428215230446e+00 9.163340823696410897e-01 9.618683274357920920e-01 9.984429406401653662e-01 1.620762625835510048e-02
7.410881515641570161e+00 8.740445465869827180e-01 9.620012085369705757e-01 9.984785159749134387e-01 1.616310706507158648e-02
7.496781874966877091e+00 9.417713346807620178e-01 9.633133360557053493e-01 9.985132763189528138e-01 1.558627098594260983e-02
7.583677914997190683e+00 9.406119872484390854e-01 9.655436078089244534e-01 9.985472404410755676e-01 1.459672277100628433e-02
7.671581176779302069e+00 9.350037664873555032e-01 9.685969676990421329e-01 9.985804266733901979e-01 1.323994402513632186e-02
7.760503335133570602e+00 1.068099720546412001e+00 9.720206637545585338e-01 9.986128529216895533e-01 1.172165396431616539e-02
7.850456200204509294e+00 9.973406814087776295e-01 9.755776690454829314e-01 9.986445366755503095e-01 1.014907967348926271e-02
7.941451719029339884e+00 9.987112593099447544e-01 9.789697734521706218e-01 9.986754950181948587e-01 8.655110725873766189e-03
8.033501977124734239e+00 9.815176929179614262e-01 9.820015746805212942e-01 9.987057446361091717e-01 7.325363783612036037e-03
8.126619200091946382e+00 9.440418356840938330e-01 9.845764561188666830e-01 9.987353018284172990e-01 6.200954543677372928e-03
8.220815755240540312e+00 1.034520697180195681e+00 9.866364477524801613e-01 9.987641825160371578e-01 5.305804497789877797e-03
8.316104153230961415e+00 1.041771363556720953e+00 9.883514282755602176e-01 9.987924022506042832e-01 4.563835835214858673e-03
8.412497049736117560e+00 9.973897985491596563e-01 9.895242357703711855e-01 9.988199762231901868e-01 4.060784015558812493e-03
8.510007247122246099e+00 9.145553199781504272e-01 9.903857414333449016e-01 9.988469192727909007e-01 3.694555272136959643e-03
8.608647696149244410e+00 9.952797063679597045e-01 9.910214441845852651e-01 9.988732458946258941e-01 3.427328963981207677e-03
8.708431497690723333e+00 1.029194707999338876e+00 9.915936097018872575e-01 9.988989702482249378e-01 3.187846114883302780e-03
8.809371904473991322e+00 9.399233602220704586e-01 9.920550131958809637e-01 9.989241061653251208e-01 2.996737615184087884e-03
8.911482322840202031e+00 1.020119814188006568e+00 9.924150059008155500e-01 9.989486671575711352e-01 2.849849327732350592e-03
9.014776314524917566e+00 9.819988845091098817e-01 9.925739885241203764e-01 9.989726664240354825e-01 2.790715506116137317e-03
9.119267598459298796e+00 1.016293645309638505e+00 9.925399308856710512e-01 9.989961168585523854e-01 2.815812214634955644e-03
9.224970052592174952e+00 1.039620683663206702e+00 9.922568465958589989e-01 9.990190310568802801e-01 2.949657271721736317e-03
9.331897715733239451e+00 9.283355177021670457e-01 9.916131256528935012e-01 9.990414213236766816e-01 3.241228166710690903e-03
9.440064789417602853e+00 1.044817917643859673e+00 9.907134654225452364e-01 9.990632996793353815e-01 3.644939766163815369e-03
9.549485639791965852e+00 1.019402217684513445e+00 9.894997808791793359e-01 9.990846778666240269e-01 4.186596238461276660e-03
9.660174799522645017e+00 9.317796803514672987e-01 9.880111063876075850e-01 9.991055673571884732e-01 4.849552427859398981e-03
9.772146969725724830e+00 9.692942759867476665e-01 9.863057754093930152e-01 9.991259793578870507e-01 5.608675495304672742e-03
9.885417021919574054e+00 1.060823434788550790e+00 9.843837893038783760e-01 9.991459248169805019e-01 6.464468185616123290e-03
1.000000000000000000e+01 9.695312239246215436e-01 9.823887742976936677e-01 9.991654144301738150e-01 7.354001591536343113e-03
