# tau=t/t_H SFF SFF_smoothed GOE_connected DeltaK_abs_log10_ratio
1.000000000000000048e-04 8.798859892528298587e+01 8.798763678262876908e+01 1.999800019997333795e-04 5.643435084964489867e+00
1.011591112223829728e-04 8.798814105722601653e+01 8.798736711551691769e+01 2.022977581832760541e-04 5.638429252263857272e+00
1.023316578330244966e-04 8.798767251540314760e+01 8.798705528445074719e+01 2.046423742725537011e-04 5.633423217276262385e+00
1.035177955630176228e-04 8.798719305104016541e+01 8.798670239600886589e+01 2.070141614763123497e-04 5.628416985529072214e+00
1.047176819485520245e-04 8.798670240956710131e+01 8.798631070859757131e+01 2.094134346075829226e-04 5.623410568235577500e+00
1.059314763518370031e-04 8.798620033048312905e+01 8.798588331197481693e+01 2.118405121253895179e-04 5.618403980713312151e+00
1.071593399822671198e-04 8.798568654721879057e+01 8.798542375212333866e+01 2.142957161769398083e-04 5.613397240532598254e+00
1.084014359178331018e-04 8.798516078699472587e+01 8.798493566351638151e+01 2.167793726403025999e-04 5.608390365701537483e+00
1.096579291267809898e-04 8.798462277067690707e+01 8.798442246016151103e+01 2.192918111675785128e-04 5.603383373141072710e+00
1.109289864895222780e-04 8.798407221262890232e+01 8.798388711707320908e+01 2.218333652285692595e-04 5.598376277606353035e+00
1.122147768207980290e-04 8.798350882056054445e+01 8.798333205141939573e+01 2.244043721549514021e-04 5.593369091100047541e+00
1.135154708920999033e-04 8.798293229537310367e+01 8.798275909342339673e+01 2.270051731849600921e-04 5.588361822728669104e+00
1.148312414543511137e-04 8.798234233100082236e+01 8.798216952486379228e+01 2.296361135085894041e-04 5.583354478892553097e+00
1.161622632608501891e-04 8.798173861424869813e+01 8.798156415864038138e+01 2.322975423133139818e-04 5.578347063678545936e+00
1.175087130904807617e-04 8.798112082462654371e+01 8.798094343499123227e+01 2.349898128303393684e-04 5.573339579334894545e+00
1.188707697711903309e-04 8.798048863417987775e+01 8.798030751597332255e+01 2.377132823813860615e-04 5.568332026737578211e+00
1.202486142037412301e-04 8.797984170731540132e+01 8.797965636706670978e+01 2.404683124260139629e-04 5.563324405793095728e+00
1.216424293857368039e-04 8.797917970062347592e+01 8.797899003993683209e+01 2.432552686094931291e-04 5.558316716834253768e+00
1.230524004359261579e-04 8.797850226269673612e+01 8.797830818088465321e+01 2.460745208112275753e-04 5.553308958193713174e+00
1.244787146187906256e-04 8.797780903394367158e+01 8.797761042797307596e+01 2.489264431937378481e-04 5.548301128164305318e+00
1.259215613694150942e-04 8.797709964639848579e+01 8.797689641083641732e+01 2.518114142522093635e-04 5.543293224998096846e+00
1.273811323186478520e-04 8.797637372352571106e+01 8.797616575048358811e+01 2.547298168646127152e-04 5.538285246905425119e+00
1.288576213185518003e-04 8.797563088002192444e+01 8.797541805909798995e+01 2.576820383424025126e-04 5.533277192053915883e+00
1.303512244681508938e-04 8.797487072161065669e+01 8.797465293983222523e+01 2.606684704818018248e-04 5.528269058567474303e+00
1.318621401394748458e-04 8.797409284483474323e+01 8.797386998659764856e+01 2.636895096156779473e-04 5.523260844525252011e+00
1.333905690039058638e-04 8.797329683684210977e+01 8.797306878384992501e+01 2.667455566660177873e-04 5.518252547960596388e+00
1.349367140588306430e-04 8.797248227516767827e+01 8.797224890636894656e+01 2.698370171970083421e-04 5.513244166859965212e+00
1.365007806546013845e-04 8.797164872750971654e+01 8.797140991903384588e+01 2.729643014687300768e-04 5.508235699161824428e+00
1.380829765218092263e-04 8.797079575150115716e+01 8.797055137659305046e+01 2.761278244914698696e-04 5.503227142755514834e+00
1.396835117988739626e-04 8.796992289447554469e+01 8.796967282342832561e+01 2.793280060806610596e-04 5.498218495480096557e+00
1.413025990599533599e-04 8.796902969322778176e+01 8.796877379331395730e+01 2.825652709124569940e-04 5.493209755123158899e+00
1.429404533431761061e-04 8.796811567376882124e+01 8.796785380917060593e+01 2.858400485799463138e-04 5.488200919419613300e+00
1.445972921792019463e-04 8.796718035107554101e+01 8.796691238281232472e+01 2.891527736500166482e-04 5.483191986050448996e+00
1.462733356201129868e-04 8.796622322883351330e+01 8.796594901468886007e+01 2.925038857208746290e-04 5.478182952641460268e+00
1.479688062686396383e-04 8.796524379917519809e+01 8.796496319362130123e+01 2.958938294802293295e-04 5.473173816761949695e+00
1.496839293077255632e-04 8.796424154241159954e+01 8.796395439653247195e+01 2.993230547641470953e-04 5.468164575923396775e+00
1.514189325304352018e-04 8.796321592675677437e+01 8.796292208816915092e+01 3.027920166165852479e-04 5.463155227578092799e+00
1.531740463702079740e-04 8.796216640804765063e+01 8.796186572082079635e+01 3.063011753496128480e-04 5.458145769117750845e+00
1.549495039314631646e-04 8.796109242945568951e+01 8.796078473402887710e+01 3.098509966043256183e-04 5.453136197872076707e+00
1.567455410205595065e-04 8.795999342119327480e+01 8.795967855429117321e+01 3.134419514124640264e-04 5.448126511107307834e+00
1.585623961771137158e-04 8.795886880021245702e+01 8.795854659475895687e+01 3.170745162587414656e-04 5.443116706024721196e+00
1.604003107056819902e-04 8.795771796989679103e+01 8.795738825492676938e+01 3.207491731438919663e-04 5.438106779759103837e+00
1.622595287078087002e-04 8.795654031974640930e+01 8.795620292031499332e+01 3.244664096484443775e-04 5.433096729377183465e+00
1.641402971144466361e-04 8.795533522505566282e+01 8.795498996214614351e+01 3.282267189972323958e-04 5.428086551876032395e+00
1.660428657187529582e-04 8.795410204658281828e+01 8.795374873701206297e+01 3.320306001246483034e-04 5.423076244181424421e+00
1.679674872092653225e-04 8.795284013021311864e+01 8.795247858653441142e+01 3.358785577406489791e-04 5.418065803146154380e+00
1.699144172034625999e-04 8.795154880661337415e+01 8.795117883701769301e+01 3.397711023975232372e-04 5.413055225548328409e+00
1.718839142817145534e-04 8.795022739087808361e+01 8.794984879909272024e+01 3.437087505574287316e-04 5.408044508089597358e+00
1.738762400216250527e-04 8.794887518216900446e+01 8.794848776735354079e+01 3.476920246607074268e-04 5.403033647393364447e+00
1.758916590327732731e-04 8.794749146334429213e+01 8.794709501998519841e+01 3.517214531949887954e-04 5.398022640002940520e+00
1.779304389918577296e-04 8.794607550058107392e+01 8.794566981838256936e+01 3.557975707650890365e-04 5.393011482379661103e+00
1.799928506782476454e-04 8.794462654298754956e+01 8.794421140676088555e+01 3.599209181637167787e-04 5.388000170900959063e+00
1.820791680099462359e-04 8.794314382220791515e+01 8.794271901175771688e+01 3.640920424429929100e-04 5.382988701858389291e+00
1.841896680799710861e-04 8.794162655201610335e+01 8.794119184202423867e+01 3.683114969867951061e-04 5.377977071455608993e+00
1.863246311931559835e-04 8.794007392790263111e+01 8.793962908780885357e+01 3.725798415839356222e-04 5.372965275806311780e+00
1.884843409033795474e-04 8.793848512664884254e+01 8.793802992052974332e+01 3.768976425021829200e-04 5.367953310932108479e+00
1.906690840512252085e-04 8.793685930589482780e+01 8.793639349233897917e+01 3.812654725631356933e-04 5.362941172760369746e+00
1.928791508020777693e-04 8.793519560369428234e+01 8.793471893567496522e+01 3.856839112179594859e-04 5.357928857121998512e+00
1.951148346846616412e-04 8.793349313806118062e+01 8.793300536280607105e+01 3.901535446239965256e-04 5.352916359749173125e+00
1.973764326300255292e-04 8.793175100650452691e+01 8.793125186536263982e+01 3.946749657222570142e-04 5.347903676273017659e+00
1.996642450109793374e-04 8.792996828555378386e+01 8.792945751385880726e+01 3.992487743158042342e-04 5.342890802221231361e+00
2.019785756819878484e-04 8.792814403027259118e+01 8.792762135720320771e+01 4.038755771490413322e-04 5.337877733015655046e+00
2.043197320195270594e-04 8.792627727376066105e+01 8.792574242219856728e+01 4.085559879879120844e-04 5.332864463969785085e+00
2.066880249629082160e-04 8.792436702664582526e+01 8.792381971302886257e+01 4.132906277010250777e-04 5.327850990286223443e+00
2.090837690555749911e-04 8.792241227656307956e+01 8.792185221073637535e+01 4.180801243417118758e-04 5.322837307054074429e+00
2.115072824868794756e-04 8.792041198762181864e+01 8.791983887268473552e+01 4.229251132310303941e-04 5.317823409246274835e+00
2.139588871343421563e-04 8.791836509986177361e+01 8.791777863201140519e+01 4.278262370417234553e-04 5.312809291716866333e+00
2.164389086064020347e-04 8.791627052869459646e+01 8.791567039706630737e+01 4.327841458831445626e-04 5.307794949198198609e+00
2.189476762856620634e-04 8.791412716433498531e+01 8.791351305083806267e+01 4.377994973871608101e-04 5.302780376298072973e+00
2.214855233726359179e-04 8.791193387121643354e+01 8.791130545036750732e+01 4.428729567950449105e-04 5.297765567496814043e+00
2.240527869300018224e-04 8.790968948739549660e+01 8.790904642614636089e+01 4.480051970453672368e-04 5.292750517144273914e+00
2.266498079273692845e-04 8.790739282394045517e+01 8.790673478150371523e+01 4.531968988628995334e-04 5.287735219456769720e+00
2.292769312865648647e-04 8.790504266430822611e+01 8.790436929197737470e+01 4.584487508485416253e-04 5.282719668513943923e+00
2.319345059274427543e-04 8.790263776370454707e+01 8.790194870467108501e+01 4.637614495702829451e-04 5.277703858255553548e+00
2.346228848142262321e-04 8.790017684843152779e+01 8.789947173759695431e+01 4.691356996552108020e-04 5.272687782478184815e+00
2.373424250023866149e-04 8.789765861521884460e+01 8.789693707900332242e+01 4.745722138825771044e-04 5.267671434831892263e+00
2.400934876860651764e-04 8.789508173054065310e+01 8.789434338668615965e+01 4.800717132779357848e-04 5.262654808816749963e+00
2.428764382460450548e-04 8.789244482991570351e+01 8.789168928728581420e+01 4.856349272083631814e-04 5.257637897779339653e+00
2.456916462982790305e-04 8.788974651719291842e+01 8.788897337556676348e+01 4.912625934787734090e-04 5.252620694909133192e+00
2.485394857429798422e-04 8.788698536381899373e+01 8.788619421368147755e+01 4.969554584293418929e-04 5.247603193234812835e+00
2.514203348142796828e-04 8.788415990809033929e+01 8.788335033041721545e+01 5.027142770340490468e-04 5.242585385620490257e+00
2.543345761304648361e-04 8.788126865438786695e+01 8.788044022042596737e+01 5.085398130003566160e-04 5.237567264761842090e+00
2.572825967447932359e-04 8.787831007239351777e+01 8.787746234343551066e+01 5.144328388700315953e-04 5.232548823182153086e+00
2.602647881969004482e-04 8.787528259629004879e+01 8.787441512344445016e+01 5.203941361211270435e-04 5.227530053228273133e+00
2.632815465648020189e-04 8.787218462394096719e+01 8.787129694789720702e+01 5.264244952711378493e-04 5.222510947066467679e+00
2.663332725174980963e-04 8.786901451605366731e+01 8.786810616684088870e+01 5.325247159813399026e-04 5.217491496678179352e+00
2.694203713681882413e-04 8.786577059532196188e+01 8.786484109206317328e+01 5.386956071623296956e-04 5.212471693855692756e+00
2.725432531281027707e-04 8.786245114554955649e+01 8.786149999620931794e+01 5.449379870807771449e-04 5.207451530197683809e+00
2.757023325609582747e-04 8.785905441075385625e+01 8.785808111188104874e+01 5.512526834674043221e-04 5.202430997104682042e+00
2.788980292380439777e-04 8.785557859424885407e+01 8.785458263071303975e+01 5.576405336262050530e-04 5.197410085774415656e+00
2.821307675939470740e-04 8.785202185770755534e+01 8.785100270242966758e+01 5.641023845449193727e-04 5.192388787197048217e+00
2.854009769829237591e-04 8.784838232020278781e+01 8.784733943387887223e+01 5.706390930067781241e-04 5.187367092150305226e+00
2.887090917359234400e-04 8.784465805722625475e+01 8.784359088804629323e+01 5.772515257035287567e-04 5.182344991194491435e+00
2.920555512182745244e-04 8.784084709968537652e+01 8.783975508304445157e+01 5.839405593497619526e-04 5.177322474667376717e+00
2.954407998880379709e-04 8.783694743287794893e+01 8.783582999108109846e+01 5.907070807985491607e-04 5.172299532678984235e+00
2.988652873550382482e-04 8.783295699544170532e+01 8.783181353740260988e+01 5.975519871584092542e-04 5.167276155106230284e+00
3.023294684405776131e-04 8.782887367828243441e+01 8.782770359921470060e+01 6.044761859116172141e-04 5.162252331587462884e+00
3.058338032378431388e-04 8.782469532347590757e+01 8.782349800457750177e+01 6.114805950338720762e-04 5.157228051516852929e+00
3.093787571730136510e-04 8.782041972314591760e+01 8.781919453127663644e+01 6.185661431153371536e-04 5.152203304038666332e+00
3.129648010670750265e-04 8.781604461831686592e+01 8.781479090566789125e+01 6.257337694830710732e-04 5.147178078041394045e+00
3.165924111983520412e-04 8.781156769773997439e+01 8.781028480149647919e+01 6.329844243248628540e-04 5.142152362151749756e+00
3.202620693657650080e-04 8.780698659669346284e+01 8.780567383868931586e+01 6.403190688144881583e-04 5.137126144728524579e+00
3.239742629528195514e-04 8.780229889575494440e+01 8.780095558211966988e+01 6.477386752384031937e-04 5.132099413856294312e+00
3.277294849923381931e-04 8.779750211954693384e+01 8.779612754034478428e+01 6.552442271238911225e-04 5.127072157338982805e+00
3.315282342319423150e-04 8.779259373545374956e+01 8.779118716431409553e+01 6.628367193686799481e-04 5.122044362693276121e+00
3.353710152002928996e-04 8.778757115230925478e+01 8.778613184604922992e+01 6.705171583720454355e-04 5.117016017141874151e+00
3.392583382740992125e-04 8.778243171905548081e+01 8.778095891729360289e+01 6.782865621674184688e-04 5.111987107606593916e+00
3.431907197459042598e-04 8.777717272337024212e+01 8.777566564813206185e+01 6.861459605565126780e-04 5.106957620701299660e+00
3.471686818926559680e-04 8.777179139026569032e+01 8.777024924557929353e+01 6.940963952449906568e-04 5.101927542724680187e+00
3.511927530450727588e-04 8.776628488065325939e+01 8.776470685213685385e+01 7.021389199796836253e-04 5.096896859652842338e+00
3.552634676578139260e-04 8.776065028987788708e+01 8.775903554431724274e+01 7.102746006873862216e-04 5.091865557131741049e+00
3.593813663804625697e-04 8.775488464621892604e+01 8.775323233113577714e+01 7.185045156152400836e-04 5.086833620469426442e+00
3.635469961293317630e-04 8.774898490935733264e+01 8.774729415256783227e+01 7.268297554727271449e-04 5.081801034628112390e+00
3.677609101601030626e-04 8.774294796880883496e+01 8.774121787797234617e+01 7.352514235752898855e-04 5.076767784216051460e+00
3.720236681413065759e-04 8.773677064232215628e+01 8.773500030447952724e+01 7.437706359895959914e-04 5.071733853479230447e+00
3.763358362286532656e-04 8.773044967424112883e+01 8.772863815534277876e+01 7.523885216804686738e-04 5.066699226292858071e+00
3.806979871402283821e-04 8.772398173383065512e+01 8.772212807825412995e+01 7.611062226594977193e-04 5.061663886152661718e+00
3.851107002325568655e-04 8.771736341356520938e+01 8.771546664362209356e+01 7.699248941353541457e-04 5.056627816165976341e+00
3.895745615775500948e-04 8.771059122737942459e+01 8.770865034281051464e+01 7.788457046658246209e-04 5.051590999042621100e+00
3.940901640403447737e-04 8.770366160887969897e+01 8.770167558633944793e+01 7.878698363115875427e-04 5.046553417085567261e+00
3.986581073580438726e-04 8.769657090951582745e+01 8.769453870204564794e+01 7.969984847917480205e-04 5.041515052181383183e+00
4.032789982193705223e-04 8.768931539671264375e+01 8.768723593320160603e+01 8.062328596411544182e-04 5.036475885790451912e+00
4.079534503452448896e-04 8.768189125196028044e+01 8.767976343659415761e+01 8.155741843695136963e-04 5.031435898936964080e+00
4.126820845702952015e-04 8.767429456886178230e+01 8.767211728055973197e+01 8.250236966223281057e-04 5.026395072198671876e+00
4.174655289253134888e-04 8.766652135113774591e+01 8.766429344297687010e+01 8.345826483436727481e-04 5.021353385696404104e+00
4.223044187206672164e-04 8.765856751058707630e+01 8.765628780921370833e+01 8.442523059408347120e-04 5.016310819083328987e+00
4.271993966306776428e-04 8.765042886500332031e+01 8.764809617003112407e+01 8.540339504508355755e-04 5.011267351533971848e+00
4.321511127789761839e-04 8.764210113604380581e+01 8.763971421943936946e+01 8.639288777088571184e-04 5.006222961732971655e+00
4.371602248248502198e-04 8.763357994705395981e+01 8.763113755250766701e+01 8.739383985185937695e-04 5.001177627863564901e+00
4.422273980505897289e-04 8.762486082084176076e+01 8.762236166312574426e+01 8.840638388245508714e-04 4.996131327595813687e+00
4.473533054498462949e-04 8.761593917740576387e+01 8.761338194171676719e+01 8.943065398863129416e-04 4.991084038074539819e+00
4.525386278170166862e-04 8.760681033161131381e+01 8.760419367290008097e+01 9.046678584548037199e-04 4.986035735906988897e+00
4.577840538376616304e-04 8.759746949081775824e+01 8.759479203310255002e+01 9.151491669505586049e-04 4.980986397150191536e+00
4.630902801799736631e-04 8.758791175245283966e+01 8.758517208811888111e+01 9.257518536440346307e-04 4.975935997298038593e+00
4.684580115873045137e-04 8.757813210153523187e+01 8.757532879061788833e+01 9.364773228379794524e-04 4.970884511268037542e+00
4.738879609717650920e-04 8.756812540814254930e+01 8.756525697759531113e+01 9.473269950518823247e-04 4.965831913387769525e+00
4.793808495089107069e-04 8.755788642482508521e+01 8.755495136777156517e+01 9.583023072085320110e-04 4.960778177381024001e+00
4.849374067335233355e-04 8.754740978396331741e+01 8.754440655893247936e+01 9.694047128227027644e-04 4.955723276353597662e+00
4.905583706365045484e-04 8.753668999506858484e+01 8.753361702521367249e+01 9.806356821919952685e-04 4.950667182778768272e+00
4.962444877628913436e-04 8.752572144202514437e+01 8.752257711432528708e+01 9.919967025898547650e-04 4.945609868482421234e+00
5.019965133110079530e-04 8.751449838027376416e+01 8.751128104471860070e+01 1.003489278460790004e-03 4.940551304627824436e+00
5.078152112327670659e-04 8.750301493393440921e+01 8.749972290269045061e+01 1.015114931617820552e-03 4.935491461700049598e+00
5.137013543351339135e-04 8.749126509286715248e+01 8.748789663942662287e+01 1.026875201442176535e-03 4.930430309490012597e+00
5.196557243827657369e-04 8.747924270967095595e+01 8.747579606798170460e+01 1.038771645085271840e-03 4.925367817078154076e+00
5.256791122018419265e-04 8.746694149661740880e+01 8.746341486019490219e+01 1.050805837672984288e-03 4.920303952817717708e+00
5.317723177850966487e-04 8.745435502252114190e+01 8.745074654354012011e+01 1.062979372512260975e-03 4.915238684317646545e+00
5.379361503980697925e-04 8.744147670954154705e+01 8.743778449790900709e+01 1.075293861300079820e-03 4.910171978425063699e+00
5.441714286865887004e-04 8.742829982991898419e+01 8.742452195232685597e+01 1.087750934334789834e-03 4.905103801207347125e+00
5.504789807854967333e-04 8.741481750264075856e+01 8.741095198159858626e+01 1.100352240729861797e-03 4.900034117933778965e+00
5.568596444286409188e-04 8.740102269003718050e+01 8.739706750288382864e+01 1.113099448630070366e-03 4.894962893056754361e+00
5.633142670601351629e-04 8.738690819430655665e+01 8.738286127220148103e+01 1.125994245430138188e-03 4.889890090192554162e+00
5.698437059469136636e-04 8.737246665396783385e+01 8.736832588085941609e+01 1.139038337995871945e-03 4.884815672101655792e+00
5.764488282925873171e-04 8.735769054023748481e+01 8.735345375181145755e+01 1.152233452887810273e-03 4.879739600668579591e+00
5.831305113526218760e-04 8.734257215333323643e+01 8.733823713593722005e+01 1.165581336587420865e-03 4.874661836881261756e+00
5.898896425508493501e-04 8.732710361869914095e+01 8.732266810824532399e+01 1.179083755725869294e-03 4.869582340809926357e+00
5.967271195973310833e-04 8.731127688315480384e+01 8.730673856399900501e+01 1.192742497315388414e-03 4.864501071585476843e+00
6.036438506075863814e-04 8.729508371096210340e+01 8.729044021476018145e+01 1.206559368983281706e-03 4.859417987377352866e+00
6.106407542232036075e-04 8.727851567981467440e+01 8.727376458435362849e+01 1.220536199208584888e-03 4.854333045370874622e+00
6.177187597338488134e-04 8.726156417674276611e+01 8.725670300474834562e+01 1.234674837561417415e-03 4.849246201744048967e+00
6.248788072006888211e-04 8.724422039393506623e+01 8.723924661185453999e+01 1.248977154945055124e-03 4.844157411643819522e+00
6.321218475812448011e-04 8.722647532447631136e+01 8.722138634123558631e+01 1.263445043840752402e-03 4.839066629161756339e+00
6.394488428556943443e-04 8.720831975799831071e+01 8.720311292373324363e+01 1.278080418555345996e-03 4.833973807309164705e+00
6.468607661546327617e-04 8.718974427624233670e+01 8.718441688100446640e+01 1.292885215471664510e-03 4.828878897991610408e+00
6.543586018883235361e-04 8.717073924853389144e+01 8.716528852096888613e+01 1.307861393301793700e-03 4.823781851982828606e+00
6.619433458774394430e-04 8.715129482716531584e+01 8.714571793316488879e+01 1.323010933343203837e-03 4.818682618898013637e+00
6.696160054853222054e-04 8.713140094268813129e+01 8.712569498401367696e+01 1.338335839737787511e-03 4.813581147166483554e+00
6.773775997517752102e-04 8.711104729911026823e+01 8.710520931198948347e+01 1.353838139733838652e-03 4.808477384003682076e+00
6.852291595284064167e-04 8.709022336899970185e+01 8.708425032269370547e+01 1.369519883950999018e-03 4.803371275382515293e+00
6.931717276155407569e-04 8.706891838849145415e+01 8.706280718383351314e+01 1.385383146648211166e-03 4.798262766004011581e+00
7.012063589007183975e-04 8.704712135219662628e+01 8.704086882010176396e+01 1.401430025994707639e-03 4.793151799267274527e+00
7.093341204987996815e-04 8.702482100801310594e+01 8.701842390795688686e+01 1.417662644344072111e-03 4.788038317238724417e+00
7.175560918936927952e-04 8.700200585183469570e+01 8.699546087030299191e+01 1.434083148511403538e-03 4.782922260620603438e+00
7.258733650817253023e-04 8.697866412216006893e+01 8.697196787106642546e+01 1.450693710053622531e-03 4.777803568718725025e+00
7.342870447166765678e-04 8.695478379459642326e+01 8.694793280966969462e+01 1.467496525552948808e-03 4.772682179409462933e+00
7.427982482564918871e-04 8.693035257626068812e+01 8.692334331539936443e+01 1.484493816903589836e-03 4.767558029105935624e+00
7.514081061116969704e-04 8.690535790007237438e+01 8.689818674166829737e+01 1.501687831601672104e-03 4.762431052723399283e+00
7.601177617955330547e-04 8.687978691894154792e+01 8.687245016016959198e+01 1.519080843038454710e-03 4.757301183643797948e+00
7.689283720758312941e-04 8.685362649984651284e+01 8.684612035492177995e+01 1.536675150796857139e-03 4.752168353679473434e+00
7.778411071286489781e-04 8.682686321780228411e+01 8.681918381620326386e+01 1.554473080951341776e-03 4.747032493036003054e+00
7.868571506936851423e-04 8.679948334971724933e+01 8.679162673437555497e+01 1.572476986371184769e-03 4.741893530274143842e+00
7.959777002314985571e-04 8.677147286813881522e+01 8.676343499359322209e+01 1.590689247027174706e-03 4.736751392270872607e+00
8.052039670825478267e-04 8.674281743488315044e+01 8.673459416540002564e+01 1.609112270301776620e-03 4.731606004179474745e+00
8.145371766280745229e-04 8.671350239455277631e+01 8.670508950220984445e+01 1.627748491302797749e-03 4.726457289388696026e+00
8.239785684528520143e-04 8.668351276793596583e+01 8.667490593067080340e+01 1.646600373180595383e-03 4.721305169480890740e+00
8.335293965098195066e-04 8.665283324529049480e+01 8.664402804491246002e+01 1.665670407448864750e-03 4.716149564189179522e+00
8.431909292866259040e-04 8.662144817950851916e+01 8.661244009967423096e+01 1.684961114309046614e-03 4.710990391353568008e+00
8.529644499741025759e-04 8.658934157916297636e+01 8.658012600331429098e+01 1.704475042978393197e-03 4.705827566876012114e+00
8.628512566366895297e-04 8.655649710143401876e+01 8.654706931069840437e+01 1.724214772021732955e-03 4.700661004674395294e+00
8.728526623848379762e-04 8.652289804491384473e+01 8.651325321596689832e+01 1.744182909686978243e-03 4.695490616635404457e+00
8.829699955494092365e-04 8.648852734229063799e+01 8.647866054518026147e+01 1.764382094244409038e-03 4.690316312566260137e+00
8.932045998580968784e-04 8.645336755290979625e+01 8.644327374884191784e+01 1.784814994329780857e-03 4.685138000145284920e+00
9.035578346138930074e-04 8.641740085521206538e+01 8.640707489429659915e+01 1.805484309291297646e-03 4.679955584871277274e+00
9.140310748756232161e-04 8.638060903904822396e+01 8.637004565800620526e+01 1.826392769540486488e-03 4.674768970011656144e+00
9.246257116405742597e-04 8.634297349786933751e+01 8.633216731770006902e+01 1.847543136907025532e-03 4.669578056549358536e+00
9.353431520292386373e-04 8.630447522079310829e+01 8.629342074440103261e+01 1.868938204997558535e-03 4.664382743128438591e+00
9.461848194722001460e-04 8.626509478454451596e+01 8.625378639432615557e+01 1.890580799558548054e-03 4.659182925998358371e+00
9.571521538991865398e-04 8.622481234527207050e+01 8.621324430066253797e+01 1.912473778843204811e-03 4.653978498956923282e+00
9.682466119303123836e-04 8.618360763023905236e+01 8.617177406521724947e+01 1.934620033982542000e-03 4.648769353291820394e+00
9.794696670695395360e-04 8.614145992938964014e+01 8.612935484994262936e+01 1.957022489360595117e-03 4.643555377720756105e+00
9.908228099003797609e-04 8.609834808679033813e+01 8.608596536833645985e+01 1.979684102993858018e-03 4.638336458330114098e+00
1.002307548283865382e-03 8.605425049194640508e+01 8.604158387671728292e+01 2.002607866914974267e-03 4.633112478512134480e+00
1.013925407558815411e-03 8.600914507099545858e+01 8.599618816537619637e+01 2.025796807560735577e-03 4.627883318900556375e+00
1.025677930744421868e-03 8.596300927777639345e+01 8.594975554960470276e+01 2.049253986164431378e-03 4.622648857304686665e+00
1.037566678745185890e-03 8.591582008477698196e+01 8.590226286060034511e+01 2.072982499152597417e-03 4.617408968641856681e+00
1.049593230558227598e-03 8.586755397395947398e+01 8.585368643625062646e+01 2.096985478546206996e-03 4.612163524868236664e+00
1.061759183483000071e-03 8.581818692746550425e+01 8.580400211179697578e+01 2.121266092366362512e-03 4.606912394907941355e+00
1.074066153333433447e-03 8.576769441820310647e+01 8.575318521037958419e+01 2.145827545044522860e-03 4.601655444580408982e+00
1.086515774652538433e-03 8.571605140031536507e+01 8.570121053346532847e+01 2.170673077837328296e-03 4.596392536525993222e+00
1.099109700929497193e-03 8.566323229953425766e+01 8.564805235116006088e+01 2.195805969246060908e-03 4.591123530129724628e+00
1.111849604819271095e-03 8.560921100342110890e+01 8.559368439240832060e+01 2.221229535440800984e-03 4.585848281443202445e+00
1.124737178364752007e-03 8.555396085149540397e+01 8.553807983508153256e+01 2.246947130689319182e-03 4.580566643104558189e+00
1.137774133221491381e-03 8.549745462525602591e+01 8.548121129595926959e+01 2.272962147790766503e-03 4.575278464256448352e+00
1.150962200885032299e-03 8.543966453809657935e+01 8.542305082060408949e+01 2.299278018514205012e-03 4.569983590462017631e+00
1.164303132920876775e-03 8.538056222511750093e+01 8.536356987313544664e+01 2.325898214042032217e-03 4.564681863618790914e+00
1.177798701197119331e-03 8.532011873284112369e+01 8.530273932590472441e+01 2.352826245418357214e-03 4.559373121870430978e+00
1.191450698119775895e-03 8.525830450883063349e+01 8.524052944907663232e+01 2.380065664002375871e-03 4.554057199516306831e+00
1.205260936870842505e-03 8.519508939121728019e+01 8.517690990011961105e+01 2.407620061926799698e-03 4.548733926918820281e+00
1.219231251649110712e-03 8.513044259814346049e+01 8.511184971321154080e+01 2.435493072561393472e-03 4.543403130408429469e+00
1.233363497913775872e-03 8.506433271712293731e+01 8.504531728856440509e+01 2.463688370981674969e-03 4.538064632186305403e+00
1.247659552630869806e-03 8.499672769432555697e+01 8.497728038167493025e+01 2.492209674442835352e-03 4.532718250224565537e+00
1.262121314522547276e-03 8.492759482379196356e+01 8.490770609250490963e+01 2.521060742858926597e-03 4.527363798164014241e+00
1.276750704319265777e-03 8.485690073658398092e+01 8.483656085460015106e+01 2.550245379287384949e-03 4.522001085209331528e+00
1.291549665014883998e-03 8.478461138987849210e+01 8.476381042415232514e+01 2.579767430418935040e-03 4.516629916021626556e+00
1.306520162124721234e-03 8.471069205601071417e+01 8.468941986901337771e+01 2.609630787072939745e-03 4.511250090608310614e+00
1.321664183946605082e-03 8.463510731147525235e+01 8.461335355766870236e+01 2.639839384698249112e-03 4.505861404210192767e+00
1.336983741824946661e-03 8.455782102589408566e+01 8.453557514817785545e+01 2.670397203879608643e-03 4.500463647185738658e+00
1.352480870417875451e-03 8.447879635095847561e+01 8.445604757709287469e+01 2.701308270849685049e-03 4.495056604892416985e+00
1.368157627967471913e-03 8.439799570935542761e+01 8.437473304836214538e+01 2.732576658006767144e-03 4.489640057565037701e+00
1.384016096573131502e-03 8.431538078368964761e+01 8.429159302223123973e+01 2.764206484438207819e-03 4.484213780191027787e+00
1.400058382468097589e-03 8.423091250540966257e+01 8.420658820415177104e+01 2.796201916449656943e-03 4.478777542382538002e+00
1.416286616299198848e-03 8.414455104375106487e+01 8.411967853370902048e+01 2.828567168100155470e-03 4.473331108245303334e+00
1.432702953409831009e-03 8.405625579470950015e+01 8.403082317358098408e+01 2.861306501743150592e-03 4.467874236244176345e+00
1.449309574126216591e-03 8.396598537005395713e+01 8.393998049854278065e+01 2.894424228573487436e-03 4.462406679065220594e+00
1.466108684046984459e-03 8.387369758639741235e+01 8.384710808452929598e+01 2.927924709180450627e-03 4.456928183474299310e+00
1.483102514336104337e-03 8.377934945433673875e+01 8.375216269777124012e+01 2.961812354106909892e-03 4.451438490172032303e+00
1.500293322019218348e-03 8.368289716767878872e+01 8.365510028402114528e+01 2.996091624414636521e-03 4.445937333645048284e+00
1.517683390283405343e-03 8.358429609276768701e+01 8.355587595788372823e+01 3.030767032255857023e-03 4.440424442013402029e+00
1.535275028780422714e-03 8.348350075793329950e+01 8.345444399227068288e+01 3.065843141451108592e-03 4.434899536874077342e+00
1.553070573933460147e-03 8.338046484307479034e+01 8.335075780799688516e+01 3.101324568073455818e-03 4.429362333140445251e+00
1.571072389247450424e-03 8.327514116940385236e+01 8.324476996353749314e+01 3.137215981039144508e-03 4.423812538877573530e+00
1.589282865622978049e-03 8.316748168936302932e+01 8.313643214496768508e+01 3.173522102704754225e-03 4.418249855133267623e+00
1.607704421673823627e-03 8.305743747674442545e+01 8.302569515610613848e+01 3.210247709470912848e-03 4.412673975764725753e+00
1.626339504048192157e-03 8.294495871702881118e+01 8.291250890888453284e+01 3.247397632392650790e-03 4.407084587260680308e+00
1.645190587753662514e-03 8.282999469797171344e+01 8.279682241396926656e+01 3.284976757796454708e-03 4.401481368558894935e+00
1.664260176485903671e-03 8.271249380045793487e+01 8.267858377165816819e+01 3.322990027904091856e-03 4.395863990858891235e+00
1.683550802961202323e-03 8.259240348965523992e+01 8.255774016308156149e+01 3.361442441463281805e-03 4.390232117429762049e+00
1.703065029252844422e-03 8.246967030649123842e+01 8.243423784173438662e+01 3.400339054385275415e-03 4.384585403412932791e+00
1.722805447131393972e-03 8.234423985948566838e+01 8.230802212536845275e+01 3.439684980389415628e-03 4.378923495619719830e+00
1.742774678408919205e-03 8.221605681696668455e+01 8.217903738827828874e+01 3.479485391654757714e-03 4.373246032323541144e+00
1.762975375287205784e-03 8.208506489970422138e+01 8.204722705401053418e+01 3.519745519478812302e-03 4.367552643046622052e+00
1.783410220710008025e-03 8.195120687399484893e+01 8.191253358853242617e+01 3.560470654943488373e-03 4.361842948341022819e+00
1.804081928719382779e-03 8.181442454523278229e+01 8.177489849389554877e+01 3.601666149588313420e-03 4.356116559563839807e+00
1.824993244816152391e-03 8.167465875200353764e+01 8.163426230243172199e+01 3.643337416090991054e-03 4.350373078646391889e+00
1.846146946324547485e-03 8.153184936074219991e+01 8.149056457152082089e+01 3.685489928955392337e-03 4.344612097857222466e+00
1.867545842761075955e-03 8.138593526099249686e+01 8.134374387897143777e+01 3.728129225207033309e-03 4.338833199558723486e+00
1.889192776207666326e-03 8.123685436131397353e+01 8.119373781905856902e+01 3.771260905096132827e-03 4.333035955957202923e+00
1.911090621689137941e-03 8.108454358587806610e+01 8.104048299926192556e+01 3.814890632808314464e-03 4.327219928846182562e+00
1.933242287555045260e-03 8.092893887180299828e+01 8.088391503775282843e+01 3.859024137183039195e-03 4.321384669342729801e+00
1.955650715865949168e-03 8.076997516727361415e+01 8.072396856167972601e+01 3.903667212439839579e-03 4.315529717616612082e+00
1.978318882784164089e-03 8.060758643049841510e+01 8.056057720630231245e+01 3.948825718912436951e-03 4.309654602612049246e+00
2.001249798969036847e-03 8.044170562955670789e+01 8.039367361502903009e+01 3.994505583790824467e-03 4.303758841761837317e+00
2.024446509976803900e-03 8.027226474319131455e+01 8.022318944041374777e+01 4.040712801871382785e-03 4.297841940693609253e+00
2.047912096665085481e-03 8.009919476260431281e+01 8.004905534616933949e+01 4.087453436315126830e-03 4.291903392927985728e+00
2.071649675602069141e-03 7.992242569431641641e+01 7.987120101026033581e+01 4.134733619414154328e-03 4.285942679568363722e+00
2.095662399480432980e-03 7.974188656415235243e+01 7.968955512913693440e+01 4.182559553366370711e-03 4.279959268982079124e+00
2.119953457536071038e-03 7.955750542241797518e+01 7.950404542317643575e+01 4.230937511058590131e-03 4.273952616472668886e+00
2.144526075971667656e-03 7.936920935033619173e+01 7.931459864340162369e+01 4.279873836858083709e-03 4.267922163942955649e+00
2.169383518385184159e-03 7.917692446781381932e+01 7.912114057954565283e+01 4.329374947412655689e-03 4.261867339548649269e+00
2.194529086203313769e-03 7.898057594261092618e+01 7.892359606954047990e+01 4.379447332459347232e-03 4.255787557342176619e+00
2.219966119119954652e-03 7.878008800098970710e+01 7.872188901050181187e+01 4.430097555641830318e-03 4.249682216906401244e+00
2.245697995539773940e-03 7.857538393992355452e+01 7.851594237129503995e+01 4.481332255336600151e-03 4.243550702977935352e+00
2.271728133026905232e-03 7.836638614094457012e+01 7.830567820676044732e+01 4.533158145488036354e-03 4.237392385059661315e+00
2.298059988758851136e-03 7.815301608571924419e+01 7.809101767368798619e+01 4.585582016452423131e-03 4.231206617022152727e+00
2.324697059985648094e-03 7.793519437343670120e+01 7.787188104862714511e+01 4.638610735851023820e-03 4.224992736693585549e+00
2.351642884494348565e-03 7.771284074010284826e+01 7.764818774762596831e+01 4.692251249432280100e-03 4.218750065437786745e+00
2.378901041078893431e-03 7.748587407983421826e+01 7.741985634799398497e+01 4.746510581943255529e-03 4.212477907719997638e+00
2.406475150015424062e-03 7.725421246824963362e+01 7.718680461218814060e+01 4.801395838010365062e-03 4.206175550659962958e+00
2.434368873543110365e-03 7.701777318806001915e+01 7.694894951392242888e+01 4.856914203029539731e-03 4.199842263571882839e+00
2.462585916350546866e-03 7.677647275696087092e+01 7.670620726660823152e+01 4.913072944065859440e-03 4.193477297490808553e+00
2.491130026067788373e-03 7.653022695793517016e+01 7.645849335423213233e+01 4.969879410762786595e-03 4.187079884684993480e+00
2.520004993764092018e-03 7.627895087207767233e+01 7.620572256478388340e+01 5.027341036261074279e-03 4.180649238153717917e+00
2.549214654451422910e-03 7.602255891405370392e+01 7.594780902635005759e+01 5.085465338127442662e-03 4.174184551110086794e+00
2.578762887593801043e-03 7.576096487031266236e+01 7.568466624599152226e+01 5.144259919293117309e-03 4.167684996448261181e+00
2.608653617622547997e-03 7.549408194017382812e+01 7.541620715152694743e+01 5.203732469002327402e-03 4.161149726194581788e+00
2.638890814457510187e-03 7.522182277991161925e+01 7.514234413634721932e+01 5.263890763770856691e-03 4.154577870941998263e+00
2.669478494034320699e-03 7.494409954996638135e+01 7.486298910739041901e+01 5.324742668354736502e-03 4.147968539267214538e+00
2.700420718837772543e-03 7.466082396541223432e+01 7.457805353640820556e+01 5.386296136729179680e-03 4.141320817129922283e+00
2.731721598441376204e-03 7.437190734981558649e+01 7.428744851466002785e+01 5.448559213077856962e-03 4.134633767253466097e+00
2.763385290053169997e-03 7.407726069262263024e+01 7.399108481117116298e+01 5.511540032792605973e-03 4.127906428486252999e+00
2.795415999067856535e-03 7.377679471021455981e+01 7.368887293469963140e+01 5.575246823483670858e-03 4.121137815143216976e+00
2.827817979625341181e-03 7.347041991077550449e+01 7.338072319955244893e+01 5.639687906000574041e-03 4.114326916326558781e+00
2.860595535175741895e-03 7.315804666311804283e+01 7.306654579540081329e+01 5.704871695463714643e-03 4.107472695225014903e+00
2.893753019050950264e-03 7.283958526961575330e+01 7.274625086124396489e+01 5.770806702306797639e-03 4.100574088390825267e+00
2.927294835042816134e-03 7.251494604339426076e+01 7.241974856367257019e+01 5.837501533330184851e-03 4.093630004993547900e+00
2.961225437988034351e-03 7.218403938993468216e+01 7.208694917958789006e+01 5.904964892765280499e-03 4.086639326049841259e+00
2.995549334359812969e-03 7.184677589324422797e+01 7.174776318353340798e+01 5.973205583350041543e-03 4.079600903628272768e+00
3.030271082866396216e-03 7.150306640675330527e+01 7.140210133979634577e+01 6.042232507415717761e-03 4.072513560028172996e+00
3.065395295056526793e-03 7.115282214909811387e+01 7.104987479944118434e+01 6.112054667984924763e-03 4.065376086931531852e+00
3.100926635931926852e-03 7.079595480494815263e+01 7.069099520243510426e+01 6.182681169881151448e-03 4.058187244526842541e+00
3.136869824566876613e-03 7.043237663104282831e+01 7.032537478502946726e+01 6.254121220849806831e-03 4.050945760603783974e+00
3.173229634734976452e-03 7.006200056759711003e+01 6.995292649255823392e+01 6.326384132690906006e-03 4.043650329617557659e+00
3.210010895543171858e-03 6.968474035524081955e+01 6.957356409781979778e+01 6.399479322403503652e-03 4.036299611721648084e+00
3.247218492073128838e-03 6.930051065765202623e+01 6.918720232520090008e+01 6.473416313341970492e-03 4.028892231767696508e+00
3.284857366030043482e-03 6.890922719004818475e+01 6.879375698070896306e+01 6.548204736384238486e-03 4.021426778271140812e+00
3.322932516398971556e-03 6.851080685369333878e+01 6.839314508807056825e+01 6.623854331112094540e-03 4.013901802341182545e+00
3.361449000108765288e-03 6.810516787658146143e+01 6.798528503105607967e+01 6.700374947003646768e-03 4.006315816573565947e+00
3.400411932703706255e-03 6.769222996045080265e+01 6.757009670218639030e+01 6.777776544638061326e-03 3.998667293904614173e+00
3.439826489022924580e-03 6.727191443428272066e+01 6.714750165797416059e+01 6.856069196912685168e-03 3.990954666424820552e+00
3.479697903887691603e-03 6.684414441443337296e+01 6.671742328084914675e+01 6.935263090272653606e-03 3.983176324150283776e+00
3.520031472796678832e-03 6.640884497154210919e+01 6.627978694790994041e+01 7.015368525953091967e-03 3.975330613750106767e+00
3.560832552629277729e-03 6.596594330435608811e+01 6.583452020664138615e+01 7.096395921234025829e-03 3.967415837227844300e+00
3.602106562357070083e-03 6.551536892060042305e+01 6.538155295772855879e+01 7.178355810708102192e-03 3.959430250554935693e+00
3.643858983763544404e-03 6.505705382502171119e+01 6.492081764508982644e+01 7.261258847561234339e-03 3.951372062253973638e+00
3.686095362172158059e-03 6.459093271471598996e+01 6.445224945324414989e+01 7.345115804866280546e-03 3.943239431929523864e+00
3.728821307182833642e-03 6.411694318185094232e+01 6.397578651211745893e+01 7.429937576889856371e-03 3.935030468744106891e+00
3.772042493416997554e-03 6.363502592387351342e+01 6.349137010937955949e+01 7.515735180412415860e-03 3.926743229836789695e+00
3.815764661271248397e-03 6.314512496128686792e+01 6.299894491039334099e+01 7.602519756061677098e-03 3.918375718681720965e+00
3.859993617679767074e-03 6.264718786306443121e+01 6.249845918584195914e+01 7.690302569659536978e-03 3.909925883383773115e+00
3.904735236885560103e-03 6.214116597975315415e+01 6.198986504708405221e+01 7.779095013582561918e-03 3.901391614908293004e+00
3.949995461220642823e-03 6.162701468430272200e+01 6.147311868927072709e+01 7.868908608136175944e-03 3.892770745241802111e+00
3.995780301895269192e-03 6.110469362063779641e+01 6.094818064223867538e+01 7.959755002942671062e-03 3.884061045480287078e+00
4.042095839796309639e-03 6.057416695996958111e+01 6.041501602917246316e+01 8.051645978343124899e-03 3.875260223841530571e+00
4.088948226294864159e-03 6.003540366482205570e+01 5.987359483300731711e+01 8.144593446813326240e-03 3.866365923597725907e+00
4.136343684063278035e-03 5.948837776072166861e+01 5.932389217051782992e+01 8.238609454393927903e-03 3.857375720924369311e+00
4.184288507901584922e-03 5.893306861547677755e+01 5.876588857401319643e+01 8.333706182134763621e-03 3.848287122661224746e+00
4.232789065573553354e-03 5.836946122593913344e+01 5.819957028052756698e+01 8.429895947553592631e-03 3.839097563980844452e+00
4.281851798652415615e-03 5.779754651211480621e+01 5.762492952836654325e+01 8.527191206109317051e-03 3.829804405959893021e+00
4.331483223376403000e-03 5.721732161845314835e+01 5.704196486083329631e+01 8.625604552689784821e-03 3.820404933048198615e+00
4.381689931514195016e-03 5.662879022211134838e+01 5.645068143692451201e+01 8.725148723114322172e-03 3.810896350430143187e+00
4.432478591240400501e-03 5.603196284795038906e+01 5.585109134874640802e+01 8.825836595651070232e-03 3.801275781272674958e+00
4.483855948021191196e-03 5.542685718997882560e+01 5.524321394535829910e+01 8.927681192549283620e-03 3.791540263853814263e+00
4.535828825510191016e-03 5.481349843891702278e+01 5.462707616270905220e+01 9.030695681586653478e-03 3.781686748565186829e+00
4.588404126454761513e-03 5.419191961550627923e+01 5.400271285928312892e+01 9.134893377631818009e-03 3.771712094781642488e+00
4.641588833612782412e-03 5.356216190913980313e+01 5.337016715702171155e+01 9.240287744222135113e-03 3.761613067590576787e+00
4.695390010680062544e-03 5.292427502133747907e+01 5.272949078703341996e+01 9.346892395156848957e-03 3.751386334373087550e+00
4.749814803228504315e-03 5.227831751353171086e+01 5.208074443955023014e+01 9.454721096105778849e-03 3.741028461228549595e+00
4.804870439655133628e-03 5.162435715857246521e+01 5.142399811752561334e+01 9.563787766233592877e-03 3.730535909233625436e+00
4.860564232142139222e-03 5.096247129529619002e+01 5.075933149320876225e+01 9.674106479839839762e-03 3.719905030526109879e+00
4.916903577628031589e-03 5.029274718543911149e+01 5.008683426696202901e+01 9.785691468014806604e-03 3.709132064203331858e+00
4.973895958790068052e-03 4.961528237210470138e+01 4.940660652751960669e+01 9.898557120311349961e-03 3.698213132024126715e+00
5.031548945038056761e-03 4.893018503892434978e+01 4.871875911281145477e+01 1.001271798643277311e-02 3.687144233902594159e+00
5.089870193519685330e-03 4.823757436897232509e+01 4.802341397040148507e+01 1.012818877793689870e-02 3.675921243181033304e+00
5.148867450137497269e-03 4.753758090241986167e+01 4.732070451650810128e+01 1.024498436995642872e-02 3.664539901668511845e+00
5.208548550577665401e-03 4.683034689182793642e+01 4.661077599249274783e+01 1.036311980293570280e-02 3.652995814430553434e+00
5.268921421350676766e-03 4.611602665389478517e+01 4.589378581761658893e+01 1.048261028438397281e-02 3.641284444314351720e+00
5.329994080844092930e-03 4.539478691638448282e+01 4.516990393677504301e+01 1.060347119064530656e-02 3.629401106192747584e+00
5.391774640387505396e-03 4.466680715887157049e+01 4.443931316182922586e+01 1.072571806868521417e-02 3.617340960908966174e+00
5.454271305329836186e-03 4.393227994584222529e+01 4.370220950505776614e+01 1.084936663789412385e-02 3.605099008902723945e+00
5.517492376129128420e-03 4.319141125059504560e+01 4.295880250315542526e+01 1.097443279190780767e-02 3.592670083496843247e+00
5.581446249454966556e-03 4.244442076828600818e+01 4.220931553010584736e+01 1.110093260044487176e-02 3.580048843821899585e+00
5.646141419303672866e-03 4.169154221636029689e+01 4.145398609715342531e+01 1.122888231116140473e-02 3.567229767354663128e+00
5.711586478126434545e-03 4.093302362050886956e+01 4.069306613799818706e+01 1.135829835152290385e-02 3.554207142044212731e+00
5.777790117970507157e-03 4.016912758418731499e+01 3.992682227723118871e+01 1.148919733069358497e-02 3.540975057997505893e+00
5.844761131633637551e-03 3.940013153962402015e+01 3.915553607992549701e+01 1.162159604144316280e-02 3.527527398693947713e+00
5.912508413831881436e-03 3.862632797814368502e+01 3.837950428019182425e+01 1.175551146207124906e-02 3.513857831696046929e+00
5.981040962380944001e-03 3.784802465752361655e+01 3.759903898640416031e+01 1.189096075834940314e-02 3.499959798820580392e+00
6.050367879391223974e-03 3.706554478399800701e+01 3.681446786069798804e+01 1.202796128548101404e-02 3.485826505731767000e+00
6.120498372476702517e-03 3.627922716642049039e+01 3.602613427024255088e+01 1.216653059007904818e-02 3.471450910914810173e+00
6.191441755977847815e-03 3.548942633999752871e+01 3.523439740769121897e+01 1.230668641216181754e-02 3.456825713984705839e+00
6.263207452198692356e-03 3.469651265690567499e+01 3.443963237811939138e+01 1.244844668716682361e-02 3.441943343281478107e+00
6.335804992658253774e-03 3.390087234101452651e+01 3.364223024967114384e+01 1.259182954798280206e-02 3.426795942698922737e+00
6.409244019356457114e-03 3.310290750385028957e+01 3.284259806505176726e+01 1.273685332700006181e-02 3.411375357689512278e+00
6.483534286054726779e-03 3.230303611885315007e+01 3.204115881092934615e+01 1.288353655817918442e-02 3.395673120383305932e+00
6.558685659571435525e-03 3.150169195090952456e+01 3.123835134224028920e+01 1.303189797913823639e-02 3.379680433753486923e+00
6.634708121092351002e-03 3.069932443807723743e+01 3.043463025833830926e+01 1.318195653325851709e-02 3.363388154755504011e+00
6.711611767496287149e-03 2.989639852236796358e+01 2.963046572788161725e+01 1.333373137180898435e-02 3.346786776360680005e+00
6.789406812696112230e-03 2.909339442641165618e+01 2.882634325932231434e+01 1.348724185608942555e-02 3.329866408398573174e+00
6.868103588995307790e-03 2.829080737280052560e+01 2.802276341384678560e+01 1.364250755959247469e-02 3.312616757115296906e+00
6.947712548460239883e-03 2.748914724290013112e+01 2.722024145761904279e+01 1.379954827018451367e-02 3.295027103347444086e+00
7.028244264308352446e-03 2.668893817192164519e+01 2.641930695020060682e+01 1.395838399230563825e-02 3.277086279203197172e+00
7.109709432312438099e-03 2.589071807707587425e+01 2.562050326606667383e+01 1.411903494918864861e-02 3.258782643133710799e+00
7.192118872221192789e-03 2.509503811567901010e+01 2.482438704620652103e+01 1.428152158509725204e-02 3.240104053268936468e+00
7.275483529196232965e-03 2.430246207015080984e+01 2.403152757689471741e+01 1.444586456758348812e-02 3.221037838882849780e+00
7.359814475265771296e-03 2.351356565694621281e+01 2.324250609284675662e+01 1.461208478976446304e-02 3.201570769843682385e+00
7.445122910795143496e-03 2.272893575658717680e+01 2.245791500213426417e+01 1.478020337261851287e-02 3.181689023895445612e+00
7.531420165974375344e-03 2.194916956211999093e+01 2.167835703043354201e+01 1.495024166730077667e-02 3.161378151608135401e+00
7.618717702322998914e-03 2.117487364351484658e+01 2.090444428242001962e+01 1.512222125747835107e-02 3.140623038825928415e+00
7.707027114212303652e-03 2.040666292575115648e+01 2.013679721840495418e+01 1.529616396168499877e-02 3.119407866436096910e+00
7.796360130405236531e-03 1.964515957859756767e+01 1.937604354464243528e+01 1.547209183569554086e-02 3.097716067277139107e+00
7.886728615614155974e-03 1.889099181640203184e+01 1.862281701612095475e+01 1.565002717491996431e-02 3.075530280004019623e+00
7.978144572076628638e-03 1.814479260655546256e+01 1.787775615109714167e+01 1.582999251681728795e-02 3.052832299733052146e+00
8.070620141149507584e-03 1.740719828568805738e+01 1.714150285713722965e+01 1.601201064332928928e-02 3.029603025301207175e+00
8.164167604921472240e-03 1.667884708309823694e+01 1.641470096900946629e+01 1.619610458333407832e-02 3.005822402997581744e+00
8.258799387844271284e-03 1.596037755140604730e+01 1.569799469942560677e+01 1.638229761511961549e-02 2.981469366662769627e+00
8.354528058382871408e-03 1.525242690496521547e+01 1.499202700436848623e+01 1.657061326887722744e-02 2.956521774110716816e+00
8.451366330684721012e-03 1.455562926716405237e+01 1.429743786557575902e+01 1.676107532921507909e-02 2.930956339915375519e+00
8.549327066268383804e-03 1.387061382839415202e+01 1.361486249368505241e+01 1.695370783769175813e-02 2.904748564731938654e+00
8.648423275731726215e-03 1.319800291717069740e+01 1.294492945659586525e+01 1.714853509536991977e-02 2.877872661504575547e+00
8.748668120479913615e-03 1.253840998764774994e+01 1.228825873877816299e+01 1.734558166539003007e-02 2.850301479169700336e+00
8.850074914473439122e-03 1.189243752758644845e+01 1.164545973857124572e+01 1.754487237556428755e-02 2.822006424823811699e+00
8.952657125996400095e-03 1.126067489170318758e+01 1.101712921197854911e+01 1.774643232099068837e-02 2.792957385825996397e+00
9.056428379445294677e-03 1.064369606624759790e+01 1.040384917308418267e+01 1.795028686668728723e-02 2.763122653999564360e+00
9.161402457138520528e-03 1.004205737163254319e+01 9.806184762995659554e+00 1.815646165024662265e-02 2.732468855056707113e+00
9.267593301146882789e-03 9.456295110959969108e+00 9.224682101138679258e+00 1.836498258451040727e-02 2.700960887692372303e+00
9.375015015145289968e-03 8.886923173351814143e+00 8.659866134749105271e+00 1.857587586026437573e-02 2.668561878612331739e+00
9.483681866285927423e-03 8.334430602099143215e+00 8.112238504420592022e+00 1.878916794895335585e-02 2.635233162256243933e+00
9.593608287093146128e-03 7.799279138780569554e+00 7.582275445373024780e+00 1.900488560541657018e-02 2.600934297391722883e+00
9.704808877380306092e-03 7.281900755664814540e+00 7.070425745328600797e+00 1.922305587064311247e-02 2.565623137409131616e+00
9.817298406188841586e-03 6.782695189893126475e+00 6.577108779852619769e+00 1.944370607454759536e-02 2.529255977449167414e+00
9.931091813749801447e-03 6.302027494126166474e+00 6.102712643585687324e+00 1.966686383876597999e-02 2.491787809950392507e+00
1.004620421346813161e-02 5.840225619525405421e+00 5.647592389064939766e+00 1.989255707947154561e-02 2.453172731387281313e+00
1.016265089392995140e-02 5.397578048107623871e+00 5.212068370786854032e+00 2.012081401021092661e-02 2.413364557446995295e+00
1.028044732093309765e-02 4.974331492649465503e+00 4.796424666286521088e+00 2.035166314476025140e-02 2.372317722031084486e+00
1.039960913954120388e-02 4.570688683410139674e+00 4.400907502118373671e+00 2.058513330000127928e-02 2.329988557059151866e+00
1.052015217616159015e-02 4.186806261967710441e+00 4.025723543566793516e+00 2.082125359881751778e-02 2.286337073682751075e+00
1.064209244064724669e-02 3.822792803407868423e+00 3.671037807314886159e+00 2.106005347301027550e-02 2.241329387686461505e+00
1.076544612842315896e-02 3.478706988943679246e+00 3.336970829143699913e+00 2.130156266623451158e-02 2.194940946075548016e+00
1.089022962263730583e-02 3.154555951757424648e+00 3.023594586878982859e+00 2.154581123695454778e-02 2.147160708487108938e+00
1.101645949633657008e-02 2.850293819418254770e+00 2.730926598177550790e+00 2.179282956141941410e-02 2.097996405020323252e+00
1.114415251466788215e-02 2.565820476616409884e+00 2.458921674431596482e+00 2.204264833665786974e-02 2.047480923033782041e+00
1.127332563710487130e-02 2.300980572140186808e+00 2.207461111928514352e+00 2.229529858349292917e-02 1.995679768611947846e+00
1.140399601970033122e-02 2.055562793978693126e+00 1.976339669554374678e+00 2.255081164957584150e-02 1.942699410355386069e+00
1.153618101736478448e-02 1.829299436133773549e+00 1.765251415389361478e+00 2.280921921243937028e-02 1.888696149288829007e+00
1.166989818617147553e-02 1.621866280140518812e+00 1.573776203967041543e+00 2.307055328257033230e-02 1.833884964360833925e+00
1.180516528568805595e-02 1.432882813399736222e+00 1.401368961180775363e+00 2.333484620650116970e-02 1.778547551191041354e+00
1.194200028133532432e-02 1.261912805190200659e+00 1.247354012397511758e+00 2.360213066992055547e-02 1.723038517941859471e+00
1.208042134677328981e-02 1.108465259627765542e+00 1.110926397634137697e+00 2.387243970080275487e-02 1.667788481486165209e+00
1.222044686631488727e-02 9.719957628479416467e-01 9.911614930351880792e-01 2.414580667255569052e-02 1.613302702147106693e+00
1.236209543736769070e-02 8.519082392867840525e-01 8.870333154221811123e-01 2.442226530718753785e-02 1.560153986663312065e+00
1.250538587290391315e-02 7.475571291035235655e-01 7.974407109479195732e-01 2.470184967849164276e-02 1.508968928978627000e+00
1.265033720395903824e-02 6.582499955126606128e-01 7.212394217647055683e-01 2.498459421524963642e-02 1.460407156237560455e+00
1.279696868215941634e-02 5.832505670642409434e-01 6.572770601277397873e-01 2.527053370445251149e-02 1.415134060913098901e+00
1.294529978227916024e-02 5.217822157252060000e-01 6.044275357887853861e-01 2.555970329453952777e-02 1.373788433105573192e+00
1.309535020482667685e-02 4.730318669758200034e-01 5.616215848131528299e-01 2.585213849865467678e-02 1.336947316771287975e+00
1.324713987866117486e-02 4.361543330550001762e-01 5.278706736613836270e-01 2.614787519792051082e-02 1.305091131603569377e+00
1.340068896363950761e-02 4.102770549877203243e-01 5.022825111600821568e-01 2.644694964472914245e-02 1.278572468516126381e+00
1.355601785329368925e-02 3.945052331378325339e-01 4.840674590181318071e-01 2.674939846605010538e-02 1.257591868423433512e+00
1.371314717753945554e-02 3.879273197928364003e-01 4.725360963733298836e-01 2.705525866675491387e-02 1.242183298821813331e+00
1.387209780541620932e-02 3.896208407581140398e-01 4.670889632029504024e-01 2.736456763295797359e-02 1.232211014938560556e+00
1.403289084785873213e-02 3.986585061846435463e-01 4.672000690797581957e-01 2.767736313537361506e-02 1.227378186461249632e+00
1.419554766050101606e-02 4.141145639579167370e-01 4.723961475454900860e-01 2.799368333268896503e-02 1.227246301713456944e+00
1.436008984651260603e-02 4.350713420328046199e-01 4.822339030135656679e-01 2.831356677495235064e-02 1.231263157140763953e+00
1.452653925946781159e-02 4.606259192204593123e-01 4.962776394673165115e-01 2.863705240697691709e-02 1.238796393559477460e+00
1.469491800624817164e-02 4.898968572447459091e-01 5.140796343714236771e-01 2.896417957175910843e-02 1.249169167974141903e+00
1.486524844997857107e-02 5.220309205276204567e-01 5.351653608277914254e-01 2.929498801391176507e-02 1.261694670825558307e+00
1.503755321299738400e-02 5.562097042895924881e-01 5.590251234079460785e-01 2.962951788311134899e-02 1.275706741243100018e+00
1.521185517986104775e-02 5.916560863298311324e-01 5.851128838517899444e-01 2.996780973755906741e-02 1.290584658382274208e+00
1.538817750038346324e-02 6.276404134588348116e-01 6.128521236324084853e-01 3.030990454745541296e-02 1.305771126656337655e+00
1.556654359271062056e-02 6.634863301814538650e-01 6.416476960902921522e-01 3.065584369848775928e-02 1.320783366105286127e+00
1.574697714643086624e-02 6.985761550622483496e-01 6.709019419518268412e-01 3.100566899533060972e-02 1.335217942599845831e+00
1.592950212572123020e-02 7.323557094434121062e-01 7.000329987832963896e-01 3.135942266515808624e-02 1.348750454043971869e+00
1.611414277253019750e-02 7.643385040205590286e-01 7.284932464488947934e-01 3.171714736116815203e-02 1.361131409989708052e+00
1.630092360979741237e-02 7.941091913990421247e-01 7.557861228352453775e-01 3.207888616611818261e-02 1.372179633046714864e+00
1.648986944471064753e-02 8.213261973256117399e-01 7.814800010249249862e-01 3.244468259587132697e-02 1.381774338558332760e+00
1.668100537200059227e-02 8.457234499699100017e-01 8.052183391282581315e-01 3.281458060295332907e-02 1.389846799545937372e+00
1.687435677727375585e-02 8.671111355435000556e-01 8.267258263181270772e-01 3.318862458011901523e-02 1.396372250357393430e+00
1.706994934038407949e-02 8.853754197822026883e-01 8.458106918607418701e-01 3.356685936392825309e-02 1.401362461750244703e+00
1.726780903884355886e-02 9.004770884285711041e-01 8.623636567089263405e-01 3.394933023833055646e-02 1.404859234582958472e+00
1.746796215127245644e-02 9.124490758323743345e-01 8.763541553517798510e-01 3.433608293825796826e-02 1.406928900950244365e+00
1.767043526088946798e-02 9.213928690742680949e-01 8.878244582470019575e-01 3.472716365322547905e-02 1.407657791336624609e+00
1.787525525904235316e-02 9.274737954795656547e-01 8.968822421866565753e-01 3.512261903093850945e-02 1.407148532284625775e+00
1.808244934877951612e-02 9.309152238163621584e-01 9.036920507792375323e-01 3.552249618090676936e-02 1.405516985840456146e+00
1.829204504846293836e-02 9.319917335729844821e-01 9.084659999111387441e-01 3.592684267806384169e-02 1.402889625894970571e+00
1.850407019542302245e-02 9.310213321024006783e-01 9.114540263220846095e-01 3.633570656639181773e-02 1.399401158070238127e+00
1.871855294965579092e-02 9.283568256310484879e-01 9.129339463092775997e-01 3.674913636255036642e-02 1.395192218843458676e+00
1.893552179756295348e-02 9.243764765872513056e-01 9.132015743269884522e-01 3.716718105950951589e-02 1.390407028196340100e+00
1.915500555573527997e-02 9.194741057472759493e-01 9.125611364556849292e-01 3.758989013018525921e-02 1.385190913051392414e+00
1.937703337477988952e-02 9.140488225739861194e-01 9.113161934248571461e-01 3.801731353107749151e-02 1.379687662964178996e+00
1.960163474319185847e-02 9.084945900029699484e-01 9.097612583544457676e-01 3.844950170590932109e-02 1.374036722867064908e+00
1.982883949127071249e-02 9.031898499167358985e-01 9.081742557469395516e-01 3.888650558926695644e-02 1.368370268255927114e+00
2.005867779508234069e-02 8.984874516935213995e-01 9.068099236231557114e-01 3.932837661023953074e-02 1.362810244108545676e+00
2.029118018046677935e-02 8.947051375536340112e-01 9.058942150727208320e-01 3.977516669605767746e-02 1.357465477884035598e+00
2.052637752709252084e-02 8.921168439876225875e-01 9.056197146511132390e-01 4.022692827573040586e-02 1.352428997053438664e+00
2.076430107255774690e-02 8.909450774110609927e-01 9.061420543418226003e-01 4.068371428367897891e-02 1.347775690959537753e+00
2.100498241653915230e-02 8.913546135035788076e-01 9.075772971001950795e-01 4.114557816336717605e-02 1.343560454284069783e+00
2.124845352498882720e-02 8.934477527323596568e-01 9.100002549515677774e-01 4.161257387092678200e-02 1.339816934867913201e+00
2.149474673437980557e-02 8.972613387828021203e-01 9.134437222075412199e-01 4.208475587877744811e-02 1.336556983074896454e+00
2.174389475600079988e-02 9.027657116956293581e-01 9.178986288698022245e-01 4.256217917923985072e-02 1.333770865431792130e+00
2.199593068030074663e-02 9.098657233913166609e-01 9.233151486666627550e-01 4.304489928814118210e-02 1.331428264971825648e+00
2.225088798128369363e-02 9.184038902278515160e-01 9.296048227819041498e-01 4.353297224841182200e-02 1.329480048196237663e+00
2.250880052095461867e-02 9.281656959407887930e-01 9.366437759889331138e-01 4.402645463367212825e-02 1.327860737611280317e+00
2.276970255381680075e-02 9.388869898258862534e-01 9.442770990251698748e-01 4.452540355180831244e-02 1.326491592795167929e+00
2.303362873142131284e-02 9.502633508623263836e-01 9.523244439357549940e-01 4.502987664853613792e-02 1.325284174503476908e+00
2.330061410696924670e-02 9.619612106213222269e-01 9.605868250993881974e-01 4.553993211095124644e-02 1.324144246939137570e+00
2.357069413996727703e-02 9.736304487073101921e-01 9.688545389190681423e-01 4.605562867106502423e-02 1.322975863288789800e+00
2.384390470093720321e-02 9.849180970259124868e-01 9.769160152189658719e-01 4.657702560932462654e-02 1.321685478125092406e+00
2.412028207618006903e-02 9.954827166475587186e-01 9.845673028928326742e-01 4.710418275811595334e-02 1.320185935590106663e+00
2.439986297259550199e-02 1.005008947040612499e+00 9.916217843048935610e-01 4.763716050524825080e-02 1.318400192224463696e+00
2.468268452255692469e-02 1.013221675796904808e+00 9.979196222521543591e-01 4.817601979741896467e-02 1.316264645673894007e+00
2.496878428884326609e-02 1.019899241552338909e+00 1.003336384771943202e+00 4.872082214365747177e-02 1.313731953466559688e+00
2.525820026962784584e-02 1.024885067402792282e+00 1.007790279171726366e+00 4.927162961874633623e-02 1.310773238525569484e+00
2.555097090352506997e-02 1.028097130216544253e+00 1.011247465222824049e+00 4.982850486661850875e-02 1.307379589918835183e+00
2.584713507469563881e-02 1.029534705804866501e+00 1.013725009953824641e+00 5.039151110372907388e-02 1.303562779397422711e+00
2.614673211801091940e-02 1.029281893111094304e+00 1.015291187001474693e+00 5.096071212240003284e-02 1.299355128229759959e+00
2.644980182427720053e-02 1.027507513560419916e+00 1.016062998938999318e+00 5.153617229413644946e-02 1.294808476939110387e+00
2.675638444552045150e-02 1.024461104335178563e+00 1.016200992588372820e+00 5.211795657291243972e-02 1.289992235106715679e+00
2.706652070033241375e-02 1.020464874939249755e+00 1.015901623149791932e+00 5.270613049842540199e-02 1.284990521227366012e+00
2.738025177927857698e-02 1.015901671607197798e+00 1.015387581614129564e+00 5.330076019931661441e-02 1.279898444422653325e+00
2.769761935036891068e-02 1.011199188659041903e+00 1.014896614160002652e+00 5.390191239635672149e-02 1.274817629763808968e+00
2.801866556459195468e-02 1.006810872645065968e+00 1.014669422382165287e+00 5.450965440559416009e-02 1.269851144286138656e+00
2.834343306151309444e-02 1.003194175043022218e+00 1.014937239054814366e+00 5.512405414146479693e-02 1.265098036895784261e+00
2.867196497493769772e-02 1.000787011637952473e+00 1.015909635115375353e+00 5.574518011986089039e-02 1.260647756230902639e+00
2.900430493863991738e-02 9.999834694206042318e-01 1.017763046731238408e+00 5.637310146115752374e-02 1.256574749399368196e+00
2.934049709215787172e-02 1.001109951849692870e+00 1.020630437676643298e+00 5.700788789319451849e-02 1.252933564943158995e+00
2.968058608665602449e-02 1.004403057306153091e+00 1.024592451921802150e+00 5.764960975421188488e-02 1.249754780360717410e+00
3.002461709085549324e-02 1.009990530677830067e+00 1.029670378687957744e+00 5.829833799573673481e-02 1.247042045435488911e+00
3.037263579703311511e-02 1.017876602804003161e+00 1.035821251876189120e+00 5.895414418541967266e-02 1.244770477901308903e+00
3.072468842709003348e-02 1.027932927950654163e+00 1.042935430362791127e+00 5.961710050981838122e-02 1.242886571253808858e+00
3.108082173869063797e-02 1.039896140035542649e+00 1.050837035839950806e+00 6.028727977712642488e-02 1.241309682213778132e+00
3.144108303147264555e-02 1.053372772974707550e+00 1.059287631992323675e+00 6.096475541984482799e-02 1.239935065760452426e+00
3.180552015332920035e-02 1.067851933774954132e+00 1.067993479979505445e+00 6.164960149739442258e-02 1.238638327700987807e+00
3.217418150676371741e-02 1.082725689607884068e+00 1.076616570698913922e+00 6.234189269866633604e-02 1.237281076643348410e+00
3.254711605531847990e-02 1.097316649548917500e+00 1.084789396017292074e+00 6.304170434450855065e-02 1.235717485374154823e+00
3.292437333007768724e-02 1.110911712201297252e+00 1.092133080750782526e+00 6.374911239014589837e-02 1.233801419844602787e+00
3.330600343624588733e-02 1.122800442609409144e+00 1.098278081770938108e+00 6.446419342753106907e-02 1.231393763349694970e+00
3.369205705980267418e-02 1.132316071499473109e+00 1.102886223689212963e+00 6.518702468762416213e-02 1.228369552805013809e+00
3.408258547423451829e-02 1.138876716290436741e+00 1.105672456315549557e+00 6.591768404259809588e-02 1.224624550489734842e+00
3.447764054734463873e-02 1.142024146940670004e+00 1.106424469994299331e+00 6.665625000796736310e-02 1.220080895004761468e+00
3.487727474814177747e-02 1.141457299090900879e+00 1.105018264349812540e+00 6.740280174463729457e-02 1.214691507029579842e+00
3.528154115380883332e-02 1.137057805258265164e+00 1.101427979344404839e+00 6.815741906087112445e-02 1.208442968077425794e+00
3.569049345675229939e-02 1.128905095883495857e+00 1.095728767041358021e+00 6.892018241417220692e-02 1.201356645433747872e+00
3.610418597173337130e-02 1.117279126516375065e+00 1.088092160008340192e+00 6.969117291307816431e-02 1.193487907280988303e+00
3.652267364308175307e-02 1.102649509277600304e+00 1.078774184280675508e+00 7.047047231886448271e-02 1.184923362667942515e+00
3.694601205199302130e-02 1.085650740290504013e+00 1.068097249106646052e+00 7.125816304715411331e-02 1.175776173987658435e+00
3.737425742391064371e-02 1.067044273104643226e+00 1.056427497914521618e+00 7.205432816943040109e-02 1.166179623805126520e+00
3.780746663599349189e-02 1.047669323033881383e+00 1.044149727043424569e+00 7.285905141445001010e-02 1.156279266622515678e+00
3.824569722466999305e-02 1.028385411387154669e+00 1.031642121579889881e+00 7.367241716955279240e-02 1.146224146758486384e+00
3.868900739327975347e-02 1.010010669574335385e+00 1.019252929725309453e+00 7.449451048186522817e-02 1.136157697791436050e+00
3.913745601980384015e-02 9.932607109600866124e-01 1.007280857212660363e+00 7.532541705939434229e-02 1.126209035574989858e+00
3.959110266468458816e-02 9.786933345274007046e-01 9.959604987978443180e-01 7.616522327200846154e-02 1.116485394511141260e+00
4.005000757873611317e-02 9.666643531065653994e-01 9.854536230840208466e-01 7.701401615230167585e-02 1.107066418837444610e+00
4.051423171114647281e-02 9.572993696902970528e-01 9.758466544135233622e-01 7.787188339633821510e-02 1.098000898932236735e+00
4.098383671757261509e-02 9.504853258186096721e-01 9.671542781572819436e-01 7.873891336427349397e-02 1.089306340216970481e+00
4.145888496832911274e-02 9.458841332867092833e-01 9.593287235594971651e-01 7.961519508084778651e-02 1.080971484419033679e+00
4.193943955667186335e-02 9.429687495648092499e-01 9.522739196838119202e-01 8.050081823574922746e-02 1.072961595595372408e+00
4.242556430717776828e-02 9.410798050798963033e-01 9.458633460349272770e-01 8.139587318384218506e-02 1.065226009599211210e+00
4.291732378422157684e-02 9.394985327127782782e-01 9.399600101416166753e-01 8.230045094525702265e-02 1.057707162446487548e+00
4.341478330055092288e-02 9.375295310238123125e-01 9.344366262021764902e-01 8.321464320533761283e-02 1.050350097297859442e+00
4.391800892596085804e-02 9.345850872792282882e-01 9.291938328458914098e-01 8.413854231444245491e-02 1.043111335010984186e+00
4.442706749606882555e-02 9.302616717220094644e-01 9.241742842280641357e-01 8.507224128759527382e-02 1.035966005067354034e+00
4.494202662119142072e-02 9.243990373659416449e-01 9.193707630582246271e-01 8.601583380398118706e-02 1.028912285042119734e+00
4.546295469532399269e-02 9.171132979772396165e-01 9.148271151718818661e-01 8.696941420628384600e-02 1.021972483631730100e+00
4.598992090522438514e-02 9.087974826038818232e-01 9.106317205283577243e-01 8.793307749985981858e-02 1.015190501299442438e+00
4.652299523960189143e-02 9.000863109462723388e-01 9.069042427865836586e-01 8.890691935174520333e-02 1.008625871582321087e+00
4.706224849841281199e-02 8.917860728844485552e-01 9.037773500730024168e-01 8.989103608949061686e-02 1.002345066942470719e+00
4.760775230226368254e-02 8.847751364078594305e-01 9.013758061006956757e-01 9.088552469981961424e-02 9.964111781328571782e-01
4.815957910192350533e-02 8.798852143466215914e-01 8.997956956005291884e-01 9.189048282710610138e-02 9.908733777988781855e-01
4.871780218794630885e-02 8.777774537016486134e-01 8.990865587615129995e-01 9.290600877166618754e-02 9.857577018115531997e-01
4.928249570040513228e-02 8.788300028061311053e-01 8.992389180498434609e-01 9.393220148785944024e-02 9.810605933985342419e-01
4.985373463873893352e-02 8.830543525430896157e-01 9.001791563346178693e-01 9.496916058199487976e-02 9.767463532641789126e-01
5.043159487171358646e-02 8.900559958756094625e-01 9.017729854239787679e-01 9.601698631003680040e-02 9.727491503028864450e-01
5.101615314749833457e-02 8.990506336149927114e-01 9.038378188788451784e-01 9.707577957510531153e-02 9.689796224938391767e-01
5.160748710385907462e-02 9.089404611939675416e-01 9.061632120569400595e-01 9.814564192476650517e-02 9.653354070588872071e-01
5.220567527846975420e-02 9.184465988538706993e-01 9.085372043594817093e-01 9.922667554810724044e-02 9.617142750869321910e-01
5.281079711934331261e-02 9.262844796484629439e-01 9.107750789704442962e-01 1.003189832725890074e-01 9.580280167903364452e-01
5.342293299538352497e-02 9.313603216918495686e-01 9.127460641020425092e-01 1.014226685606757911e-01 9.542149356750389000e-01
5.404216420705915125e-02 9.329602015493811962e-01 9.143932000438946828e-01 1.025378355062302876e-01 9.502488421513630712e-01
5.466857299720180585e-02 9.309001969449139935e-01 9.157422451275506470e-01 1.036645888306730878e-01 9.461428201052317633e-01
5.530224256192900478e-02 9.256077581485575578e-01 9.168971027429879683e-01 1.048030338788991100e-01 9.419467454715791943e-01
5.594325706169377826e-02 9.181114952866796797e-01 9.180215330217053049e-01 1.059532766149456628e-01 9.377384762370720717e-01
5.659170163246242391e-02 9.099287063879070159e-01 9.193093546560269225e-01 1.071154236174062940e-01 9.336096697375328990e-01
5.724766239702178822e-02 9.028560206170510583e-01 9.209473919551920407e-01 1.082895820745845700e-01 9.296481447096416328e-01
5.791122647641758214e-02 8.986863269812975785e-01 9.230766923205528940e-01 1.094758597793817345e-01 9.259194205214199558e-01
5.858248200152536139e-02 8.988917587561944256e-01 9.257579247039707804e-01 1.106743651239123633e-01 9.224503990427467270e-01
5.926151812475552449e-02 9.043245842584146654e-01 9.289465018715856726e-01 1.118852070938415044e-01 9.192180335827331294e-01
5.994842503189409116e-02 9.149922807008707970e-01 9.324820296816033194e-01 1.131084952624375750e-01 9.161452462662579288e-01
6.064329395408061402e-02 9.299575686130666652e-01 9.360952161887033940e-01 1.143443397843340731e-01 9.131053545853667908e-01
6.134621717992506246e-02 9.473980141256648224e-01 9.394332596337061636e-01 1.155928513889941667e-01 9.099349550201687453e-01
6.205728806776500406e-02 9.648342463087316023e-01 9.421019147791308557e-01 1.168541413738712342e-01 9.064537778467827156e-01
6.277660105806499857e-02 9.795043791135408240e-01 9.437191576898701362e-01 1.181283215972590700e-01 9.024887379832565726e-01
6.350425168595962011e-02 9.888303168693963752e-01 9.439722981597812312e-01 1.194155044708246627e-01 8.978985320099757139e-01
6.424033659394190465e-02 9.908958918390420312e-01 9.426684954144793904e-01 1.207158029518170111e-01 8.925948654485710287e-01
6.498495354469888130e-02 9.848438290501927428e-01 9.397688364280445406e-01 1.220293305349450103e-01 8.865568106383763247e-01
6.573820143409585259e-02 9.711034021580248199e-01 9.353988432180823098e-01 1.233562012439170796e-01 8.798358416851579378e-01
6.650018030431117944e-02 9.513853109011510822e-01 9.298330432804082779e-01 1.246965296226358738e-01 8.725506085753047536e-01
6.727099135712336087e-02 9.284225458567247902e-01 9.234568172602067859e-01 1.260504307260405799e-01 8.648722577083911567e-01
6.805073696735206012e-02 9.054890021837148639e-01 9.167135226577213247e-01 1.274180201105893917e-01 8.570027852795402135e-01
6.883952069645496441e-02 8.857806711694226065e-01 9.100475373890160036e-01 1.287994138243750142e-01 8.491501922676909508e-01
6.963744730628222690e-02 8.717846653848189131e-01 9.038537882794224210e-01 1.301947283968654390e-01 8.415047826576359524e-01
7.044462277299036457e-02 8.647772199969578910e-01 8.984418664220038542e-01 1.316040808282625540e-01 8.342206251279341567e-01
7.126115430111745752e-02 8.645753538914541236e-01 8.940189907001256930e-01 1.330275885784707457e-01 8.274050255546182564e-01
7.208715033782135684e-02 8.696172935442458840e-01 8.906920040618532264e-01 1.344653695556674577e-01 8.211171037908153725e-01
7.292272058728312134e-02 8.773719715078287518e-01 8.884851057241700545e-01 1.359175421044683807e-01 8.153746395608865161e-01
7.376797602527730702e-02 8.849940796021774636e-01 8.873675626017554219e-01 1.373842249936786108e-01 8.101666810375017791e-01
7.462302891391107973e-02 8.900697860182554821e-01 8.872843948792195068e-01 1.388655374036218970e-01 8.054683642316021741e-01
7.548799281653431614e-02 8.912609742717807482e-01 8.881831122259203903e-01 1.403615989130398145e-01 8.012542045218716824e-01
7.636298261282241373e-02 8.886681515921351915e-01 8.900310177135126732e-01 1.418725294855524288e-01 7.975068301724541620e-01
7.724811451403400253e-02 8.837972858522663566e-01 8.928201701914152411e-01 1.433984494556719003e-01 7.942195376888713243e-01
7.814350607844541829e-02 8.791215214705484504e-01 8.965602192266067805e-01 1.449394795143606751e-01 7.913927677093566260e-01
7.904927622696419909e-02 8.773481155015911970e-01 9.012621957906312709e-01 1.464957406941255758e-01 7.890261566641612045e-01
7.996554525892346499e-02 8.805984261332219232e-01 9.069182378028028957e-01 1.480673543536387138e-01 7.871088189492452258e-01
8.089243486805938743e-02 8.897502257984871710e-01 9.134827589006205839e-01 1.496544421618768717e-01 7.856107424387139826e-01
8.183006815867389927e-02 9.041561832034784585e-01 9.208597256494760463e-01 1.512571260817699159e-01 7.844776348073626560e-01
8.277856966198472721e-02 9.218423297301807651e-01 9.288988246147897865e-01 1.528755283533495268e-01 7.836304423303112054e-01
8.373806535266489770e-02 9.401345418781338337e-01 9.374009538494363358e-01 1.545097714763887242e-01 7.829694409043712611e-01
8.470868266557401993e-02 9.565093447759824841e-01 9.461313348062614370e-01 1.561599781925231689e-01 7.823816863922147258e-01
8.569055051268346934e-02 9.693736607486457268e-01 9.548371508525524964e-01 1.578262714668445810e-01 7.817500114748303641e-01
8.668379930019773361e-02 9.784882794598189770e-01 9.632662110290995949e-01 1.595087744689571152e-01 7.809617482947446288e-01
8.768856094587426653e-02 9.848703029155971844e-01 9.711836396922332026e-01 1.612076105534867299e-01 7.799158169407628405e-01
8.870496889654402861e-02 9.902062136266570613e-01 9.783847049698064513e-01 1.629229032400340282e-01 7.785275142936709525e-01
8.973315814583519845e-02 9.960085273103915782e-01 9.847031454414881813e-01 1.646547761925606645e-01 7.767309922439886716e-01
9.077326525210223374e-02 1.002871019707029854e+00 9.900152466350677916e-01 1.664033531981994329e-01 7.744798094376368347e-01
9.182542835656282154e-02 1.010157169146616685e+00 9.942403065062883627e-01 1.681687581454779368e-01 7.717460483457594389e-01
9.288978720164497993e-02 1.016284085509107982e+00 9.973383531044641703e-01 1.699511150019457628e-01 7.685185021415976703e-01
9.396648314954690606e-02 1.019498373594345919e+00 9.993063814616891527e-01 1.717505477911948630e-01 7.648005298790463424e-01
9.505565920101191613e-02 1.018793618169592019e+00 1.000174689053423105e+00 1.735671805692627079e-01 7.606082510369336358e-01
9.615746001432096124e-02 1.014514190463995602e+00 1.000004582826296229e+00 1.754011374004078028e-01 7.559695850408414408e-01
9.727203192450536995e-02 1.008300885591526974e+00 9.988878402889006525e-01 1.772525423322471039e-01 7.509242534027521510e-01
9.839952296278225985e-02 1.002338063135618462e+00 9.969472813652678900e-01 1.791215193702444253e-01 7.455244289778701905e-01
9.954008287621518569e-02 9.982318589028063016e-01 9.943369643730901597e-01 1.810081924515391238e-01 7.398353530349038865e-01
1.006938631476027024e-01 9.960972689841665062e-01 9.912402216596487570e-01 1.829126854181041817e-01 7.339350902903950535e-01
1.018610170155975214e-01 9.944004291900315762e-01 9.878644758368745338e-01 1.848351219892227504e-01 7.279128697694912109e-01
1.030416994950587445e-01 9.907572737894674297e-01 9.844332008192471228e-01 1.867756257332718051e-01 7.218660521649651329e-01
1.042360673976401170e-01 9.833687840940958935e-01 9.811762391275006268e-01 1.887343200388019726e-01 7.158961416603011330e-01
1.054442793526168404e-01 9.723455429917277071e-01 9.783194444272932389e-01 1.907113280849017378e-01 7.101041948381148217e-01
1.066664958279538722e-01 9.601123108549397545e-01 9.760740376798846540e-01 1.927067728108353972e-01 7.045857827498095416e-01
1.079028791516183639e-01 9.504977349262249131e-01 9.746256173466729678e-01 1.947207768849420484e-01 6.994255287085480166e-01
1.091535935331391094e-01 9.468477899018471478e-01 9.741223538322778541e-01 1.967534626727850400e-01 6.946911252378572543e-01
1.104188050854160164e-01 9.501621688621840756e-01 9.746620617432587563e-01 1.988049522045395312e-01 6.904268632746967116e-01
1.116986818467822634e-01 9.584069705801880890e-01 9.762793295058331822e-01 2.008753671416063924e-01 6.866474106747134654e-01
1.129933938033221702e-01 9.676009263185084697e-01 9.789356607939627697e-01 2.029648287424402342e-01 6.833333626809887651e-01
1.143031129114478600e-01 9.742235100082129451e-01 9.825156622696805675e-01 2.050734578275801023e-01 6.804300278870659691e-01
1.156280131207375328e-01 9.775477101123200008e-01 9.868307035926733306e-01 2.072013747438698761e-01 6.778500208283491091e-01
1.169682703970384707e-01 9.803184354389963273e-01 9.916296155290765801e-01 2.093486993278565189e-01 6.754792217302905133e-01
1.183240627458378019e-01 9.870610007636169136e-01 9.966148530816072437e-01 2.115155508683534968e-01 6.731850526867448892e-01
1.196955702359042834e-01 1.000824278790407140e+00 1.001462810288848093e+00 2.137020480681571521e-01 6.708261418783622032e-01
1.210829750232039481e-01 1.020397855648660146e+00 1.005848209444750951e+00 2.159083090049029041e-01 6.682630911233455873e-01
1.224864613750930725e-01 1.040050437820583706e+00 1.009472355132920329e+00 2.181344510910488976e-01 6.653701687398911879e-01
1.239062156947915577e-01 1.052373795264000877e+00 1.012092412662345620e+00 2.203805910329742490e-01 6.620468256479907776e-01
1.253424265461399456e-01 1.052681047174322870e+00 1.013545946470836512e+00 2.226468447891783720e-01 6.582268961236519278e-01
1.267952846786433996e-01 1.042068120490929228e+00 1.013764697925850777e+00 2.249333275275690325e-01 6.538833558349023134e-01
1.282649830528059809e-01 1.026850925440983664e+00 1.012775041855639602e+00 2.272401535818253659e-01 6.490279162189083184e-01
1.297517168657586761e-01 1.014494050100029687e+00 1.010687507292996390e+00 2.295674364068229223e-01 6.437066131337744190e-01
1.312556835771842845e-01 1.008760166188208629e+00 1.007680032686801175e+00 2.319152885331067782e-01 6.379932735016777823e-01
1.327770829355429116e-01 1.007602553387581201e+00 1.003977784537465334e+00 2.342838215203997543e-01 6.319818036804961681e-01
1.343161170046015263e-01 1.005422130066528696e+00 9.998295193295303473e-01 2.366731459101318602e-01 6.257769713200962425e-01
1.358729901902709092e-01 9.979477917291413869e-01 9.954813208482097275e-01 2.390833711769770054e-01 6.194837444229899237e-01
1.374479092677536596e-01 9.858234840717214897e-01 9.911530336055204282e-01 2.415146056793832097e-01 6.131973145542873871e-01
1.390410834090069769e-01 9.739714027061389112e-01 9.870241968094486396e-01 2.439669566090824637e-01 6.069967909144180496e-01
1.406527242105236331e-01 9.673647663971027821e-01 9.832312664233906485e-01 2.464405299395656668e-01 6.009435464979671071e-01
1.422830457214351862e-01 9.669899139654682951e-01 9.798708958744783981e-01 2.489354303735093477e-01 5.950821453610073419e-01
1.439322644719406574e-01 9.695707049782151810e-01 9.770022687429087416e-01 2.514517612891382647e-01 5.894408902404419948e-01
1.456005995020648591e-01 9.710491170630387581e-01 9.746477445653722871e-01 2.539896246855110062e-01 5.840317057965767056e-01
1.472882723907501801e-01 9.701863919697240046e-01 9.727969016540006786e-01 2.565491211267127980e-01 5.788516474989527927e-01
1.489955072852853779e-01 9.686742401300829641e-01 9.714168381755720061e-01 2.591303496849418075e-01 5.738873459985207592e-01
1.507225309310755434e-01 9.680264192928365041e-01 9.704645208686815128e-01 2.617334078824727350e-01 5.691205027711543352e-01
1.524695727017572888e-01 9.672208766668186630e-01 9.698898675423920368e-01 2.643583916324843130e-01 5.645293213317019720e-01
1.542368646296627399e-01 9.642506375138748531e-01 9.696235424166274042e-01 2.670053951787343949e-01 5.600831146833080698e-01
1.560246414366368017e-01 9.598624464827323344e-01 9.695628571929765238e-01 2.696745110340678098e-01 5.557360698772391139e-01
1.578331405652116382e-01 9.583939954396756278e-01 9.695711575155158135e-01 2.723658299177417752e-01 5.514270662016735880e-01
1.596626022101425013e-01 9.635005097795207307e-01 9.694881107561101885e-01 2.750794406915534340e-01 5.470843548733361761e-01
1.615132693503091299e-01 9.732218681589633880e-01 9.691415074493058279e-01 2.778154302947531962e-01 5.426308309536866936e-01
1.633853877809862132e-01 9.810672004801432866e-01 9.683617308527225909e-01 2.805738836777283418e-01 5.379903743575709107e-01
1.652792061464895546e-01 9.832424607797410898e-01 9.670084622570219723e-01 2.833548837344429527e-01 5.330995723147142762e-01
1.671949759731990170e-01 9.834955821071832416e-01 9.650098292999967908e-01 2.861585112336144654e-01 5.279250692701660252e-01
1.691329517029648843e-01 9.879609844465990776e-01 9.623963270701668682e-01 2.889848447486136340e-01 5.224788892558053233e-01
1.710933907269015231e-01 9.944892339371621537e-01 9.593106828557215193e-01 2.918339605860701957e-01 5.168234516367794518e-01
1.730765534195725930e-01 9.903813107242244174e-01 9.559952660163975047e-01 2.947059327131687501e-01 5.110668630003170065e-01
1.750827031735725237e-01 9.649313822162849386e-01 9.527654350032374042e-01 2.976008326836167561e-01 5.053518511380464817e-01
1.771121064345088647e-01 9.244746313202678589e-01 9.499675891820477114e-01 3.005187295622696042e-01 4.998372441638600505e-01
1.791650327363901452e-01 8.910474942451768188e-01 9.479269901673190724e-01 3.034596898483946648e-01 4.946738794227102387e-01
1.812417547374237659e-01 8.832881272880138690e-01 9.469066067574245515e-01 3.064237773975569956e-01 4.899846847438233954e-01
1.833425482562290598e-01 9.003729382732373887e-01 9.470938911761311862e-01 3.094110533421111642e-01 4.858572110955644563e-01
1.854676923084699336e-01 9.269230796836053221e-01 9.485988421843351004e-01 3.124215760102798112e-01 4.823415713736387000e-01
1.876174691439121411e-01 9.503458108687613537e-01 9.514310250101509769e-01 3.154554008438022472e-01 4.794393418626618497e-01
1.897921642839101308e-01 9.675512862380630796e-01 9.554782353644601933e-01 3.185125803141355960e-01 4.770942084317471021e-01
1.919920665593284892e-01 9.764823925611294531e-01 9.605271333314194804e-01 3.215931638371902213e-01 4.752028291848648944e-01
1.942174681489026444e-01 9.717964506524526813e-01 9.663063762492396513e-01 3.246971976865810072e-01 4.736363048307976054e-01
1.964686646180446583e-01 9.553412535407700412e-01 9.725061435070541105e-01 3.278247249053771739e-01 4.722506480849799626e-01
1.987459549580983809e-01 9.436730533880708371e-01 9.787742445166901506e-01 3.309757852163310310e-01 4.708863116245458613e-01
2.010496416260499075e-01 9.550092360786478496e-01 9.847317209104454738e-01 3.341504149305677962e-01 4.693759232173020934e-01
2.033800305846981960e-01 9.904583451930351057e-01 9.900088182679382953e-01 3.373486468547172712e-01 4.675600905011937369e-01
2.057374313432913659e-01 1.035097246741073285e+00 9.942759193291014208e-01 3.405705101964686676e-01 4.652998812853914590e-01
2.081221569986339281e-01 1.072516185826686064e+00 9.972815344349328370e-01 3.438160304685285995e-01 4.624916559000101790e-01
2.105345242766706038e-01 1.088220027751402474e+00 9.989080721340329871e-01 3.470852293909636455e-01 4.590893904923823987e-01
2.129748535745520921e-01 1.067895338550463258e+00 9.992029491989715684e-01 3.503781247919072750e-01 4.551167232382198891e-01
2.154434690031884481e-01 1.014137708449485142e+00 9.983488909381510457e-01 3.536947305066113767e-01 4.506537502541840823e-01
2.179406984302955930e-01 9.620522845094707787e-01 9.966167882259722166e-01 3.570350562748220158e-01 4.458173383136135870e-01
2.204668735239409816e-01 9.502975552740211551e-01 9.943347117154550663e-01 3.603991076364594370e-01 4.407488937005436536e-01
2.230223297965938656e-01 9.722229952375779360e-01 9.918567379764665626e-01 3.637868858255818849e-01 4.356019088584081045e-01
2.256074066496861485e-01 9.848613775707202311e-01 9.895249499876349608e-01 3.671983876626112586e-01 4.305259834451907741e-01
2.282224474186898555e-01 9.712141139895754671e-01 9.876061648731703224e-01 3.706336054448011175e-01 4.256389978769685167e-01
2.308677994187169624e-01 9.578299631664496383e-01 9.862235229379727741e-01 3.740925268349243327e-01 4.209963244272328931e-01
2.335438139906479416e-01 9.643977091300848237e-01 9.853648886941026586e-01 3.775751347481596243e-01 4.165936970309134790e-01
2.362508465477947683e-01 9.795454127371884256e-01 9.849504496964068823e-01 3.810814072371546679e-01 4.123966225296198940e-01
2.389892566231050230e-01 9.945082208518156719e-01 9.848646286772627656e-01 3.846113173752436776e-01 4.083544806656070891e-01
2.417594079169130827e-01 1.012050711811663506e+00 9.849692566930321469e-01 3.881648331377974825e-01 4.044064885831220035e-01
2.445616683452446483e-01 1.017776674635415102e+00 9.851824635709136579e-01 3.917419172816823392e-01 4.005166281764459546e-01
2.473964100886814066e-01 9.959865504756572063e-01 9.855443629781717174e-01 3.953425272228054954e-01 3.967026440853139158e-01
2.502640096417919069e-01 9.706287052166517881e-01 9.861832400503242058e-01 3.989666149117240268e-01 3.930210616046125871e-01
2.531648478631355337e-01 9.759384566031819030e-01 9.872724646149564354e-01 4.026141267072923524e-01 3.895480154427567454e-01
2.560993100258459609e-01 9.990405977615124389e-01 9.890274685364195406e-01 4.062850032483258378e-01 3.863775615592589530e-01
2.590677858688008595e-01 9.985224389505020781e-01 9.916944414847055356e-01 4.099791793232547832e-01 3.836160772326596691e-01
2.620706696483852682e-01 9.617405296369461176e-01 9.954750800098015606e-01 4.136965837377460375e-01 3.813484581383891348e-01
2.651083601908538756e-01 9.208709011357896213e-01 1.000425904095751717e+00 4.174371391802644271e-01 3.795938430022427479e-01
2.681812609453015361e-01 9.264735957112180120e-01 1.006462818272638282e+00 4.212007620855522383e-01 3.783085871018951329e-01
2.712897800372467416e-01 9.875179196525766256e-01 1.013387814925703845e+00 4.249873624959976115e-01 3.773996620066139007e-01
2.744343303228365394e-01 1.043697020099498163e+00 1.020826520259023429e+00 4.287968439208680871e-01 3.767003639949871863e-01
2.776153294436801144e-01 1.054648874748200349e+00 1.028239985102195941e+00 4.326291031933821585e-01 3.759787569309036570e-01
2.808331998823172526e-01 1.061686869930133614e+00 1.035007310396543367e+00 4.364840303255913545e-01 3.749750585173784456e-01
2.840883690183304000e-01 1.086043723159186403e+00 1.040486031052698657e+00 4.403615083610469272e-01 3.734269033735195253e-01
2.873812691851066470e-01 1.088743112998242113e+00 1.044115146446772169e+00 4.442614132252220571e-01 3.711098021049278883e-01
2.907123377272578524e-01 1.082164666964142485e+00 1.045492120346750431e+00 4.481836135736627647e-01 3.678647901048049396e-01
2.940820170587063465e-01 1.112582709300227402e+00 1.044451116525305867e+00 4.521279706378377172e-01 3.636267432505756458e-01
2.974907547214440395e-01 1.143938338413402755e+00 1.041131510668322768e+00 4.560943380686596216e-01 3.584509099767126949e-01
3.009390034449720974e-01 1.111302898464066935e+00 1.035868058887096987e+00 4.600825617776470589e-01 3.524686689704761289e-01
3.044272212064302874e-01 1.032039355751348308e+00 1.029113979401728107e+00 4.640924797756985631e-01 3.458589465592586398e-01
3.079558712914226559e-01 9.795385528662610142e-01 1.021409843022980324e+00 4.681239220094465248e-01 3.388392037502907517e-01
3.115254223555488089e-01 9.744461434457741822e-01 1.013363336422689276e+00 4.721767101951629408e-01 3.316606254431166967e-01
3.151363484866479547e-01 9.629669835437792980e-01 1.005549897952423111e+00 4.762506576501829292e-01 3.245680378707596070e-01
3.187891292677645927e-01 9.408921838855951458e-01 9.983163112356344682e-01 4.803455691218159185e-01 3.177143780282993268e-01
3.224842498408442282e-01 9.522504388012400511e-01 9.918254509641978300e-01 4.844612406137116523e-01 3.111762114225466447e-01
3.262222009711669979e-01 9.746952135661701710e-01 9.861308178054505325e-01 4.885974592096475333e-01 3.049833270143618158e-01
3.300034791125285305e-01 9.979191380973392311e-01 9.812628394719044023e-01 4.927540028947058337e-01 2.991551914141360458e-01
3.338285864731760921e-01 1.028490211215339567e+00 9.772370260678922005e-01 4.969306403738040778e-01 2.937041375437786095e-01
3.376980310825091203e-01 1.021674089844819111e+00 9.740094489891745200e-01 5.011271308875464570e-01 2.886152540799321597e-01
3.416123268585528616e-01 9.844190549309860261e-01 9.715845097195789926e-01 5.053432240253598051e-01 2.838941353239171073e-01
3.455719936762139399e-01 9.328619002257603210e-01 9.699886025271764467e-01 5.095786595358793303e-01 2.795553992448708280e-01
3.495775574363275129e-01 8.903872173610044571e-01 9.692314021407753000e-01 5.138331671345467422e-01 2.756053425351637776e-01
3.536295501355042892e-01 9.165873865135413245e-01 9.692561960877601468e-01 5.181064663083856381e-01 2.720195733674408145e-01
3.577285099367873422e-01 9.647489969300856449e-01 9.699934023079862522e-01 5.223982661179141784e-01 2.687670534852552029e-01
3.618749812411280464e-01 9.772739721103831378e-01 9.713292869468167501e-01 5.267082649961596363e-01 2.657963502545389045e-01
3.660695147596902399e-01 9.484629296253257458e-01 9.731020218971490054e-01 5.310361505447336317e-01 2.630342880320823973e-01
3.703126675869927165e-01 9.556413270679603444e-01 9.751448623285395856e-01 5.353815993269305240e-01 2.604056962424725064e-01
3.746050032748993175e-01 1.043114796685919110e+00 9.772627026706695030e-01 5.397442766578071094e-01 2.578232783366160574e-01
3.789470919074667821e-01 1.069825168911603397e+00 9.792900243070421507e-01 5.441238363912044296e-01 2.552135790913615532e-01
3.833395101766601254e-01 1.027128141526585603e+00 9.812304383062433466e-01 5.485199207036689506e-01 2.525786072427412821e-01
3.877828414589457595e-01 9.602205205869948079e-01 9.830998416654905814e-01 5.529321598752316991e-01 2.499257758626036163e-01
3.922776758927719598e-01 9.215166829865227838e-01 9.848513359264937650e-01 5.573601720670010584e-01 2.472347467549925182e-01
3.968246104569481680e-01 9.297822615164010873e-01 9.865301716578617208e-01 5.618035630955284798e-01 2.445258828100136950e-01
4.014242490499321803e-01 9.403285442493621860e-01 9.882992565766521853e-01 5.662619262038983692e-01 2.418711067607588749e-01
4.060772025700365440e-01 9.955672081475903656e-01 9.902356011140057701e-01 5.707348418295010717e-01 2.393041502329843195e-01
4.107840889965646558e-01 1.044890681003424193e+00 9.923182027751190626e-01 5.752218773684404374e-01 2.368155628140210522e-01
4.155455334718875515e-01 1.067941767997353963e+00 9.945868086264231245e-01 5.797225869365296713e-01 2.344224732919889531e-01
4.203621683844713797e-01 1.038313494024342143e+00 9.970564885285571055e-01 5.842365111268283950e-01 2.321310699165678171e-01
4.252346334528682159e-01 9.952305442529874036e-01 9.996584085980871892e-01 5.887631767636727353e-01 2.299109834595107760e-01
4.301635758106794882e-01 9.412135188268220265e-01 1.002391730034009720e+00 5.933020966531474816e-01 2.277615918890268376e-01
4.351496500925050026e-01 9.172424899087445738e-01 1.005150598232191550e+00 5.978527693299531265e-01 2.256368901769062740e-01
4.401935185208874501e-01 9.785071401431312266e-01 1.007793377918123845e+00 6.024146788006128350e-01 2.234759547316901573e-01
4.452958509942655518e-01 1.034187529560365526e+00 1.010139714993709248e+00 6.069872942829726004e-01 2.212018459787318259e-01
4.504573251759458330e-01 1.011666707587005831e+00 1.011931193213859936e+00 6.115700699419361897e-01 2.187047604121689914e-01
4.556786265841064054e-01 1.084146446713221135e+00 1.013023114111619938e+00 6.161624446213872508e-01 2.159241304115222249e-01
4.609604486828433600e-01 1.164404154526131663e+00 1.013286583831287002e+00 6.207638415722378511e-01 2.128058804424620976e-01
4.663034929742731483e-01 1.049800559171641945e+00 1.012675947179353608e+00 6.253736681765535987e-01 2.093309038505092312e-01
4.717084690917017209e-01 9.421969935726480783e-01 1.011199885604854076e+00 6.299913156676950621e-01 2.055024489944364541e-01
4.771760948938745805e-01 9.982338467571681973e-01 1.008948794508201630e+00 6.346161588464203085e-01 2.013579996920268067e-01
4.827070965603182939e-01 1.030028199584883897e+00 1.006076559567466999e+00 6.392475557928887220e-01 1.969619544068228478e-01
4.883022086877880086e-01 9.631063569153878179e-01 1.002709067454553571e+00 6.438848475745078126e-01 1.923667372263008213e-01
4.939621743878320759e-01 9.603651115879817679e-01 9.990837351698296231e-01 6.485273579495627327e-01 1.876735874240939850e-01
4.996877453854883799e-01 9.968238255087513711e-01 9.953531950099399062e-01 6.531743930665667719e-01 1.829480644476995654e-01
5.054796821191240852e-01 1.005805091089331471e+00 9.917286130530045263e-01 6.578252411592693250e-01 1.782823099339299611e-01
5.113387538414325695e-01 1.059339983940835062e+00 9.883195729479251623e-01 6.624791722372611602e-01 1.737251673485867565e-01
5.172657387216018643e-01 1.014599856454221127e+00 9.852753554029064498e-01 6.671354377721090412e-01 1.693436092725246478e-01
5.232614239486661489e-01 9.559258185472685465e-01 9.826413044778109507e-01 6.717932703789555315e-01 1.651593663491647268e-01
5.293266058360561743e-01 9.594330367878521892e-01 9.805623163016595756e-01 6.764518834935192571e-01 1.612382886339468469e-01
5.354620899273607737e-01 9.421696404191258756e-01 9.791926677145070812e-01 6.811104710444235710e-01 1.576505958208826719e-01
5.416686911033151697e-01 9.343186879684776125e-01 9.785913699611570316e-01 6.857682071207895635e-01 1.544240345358604272e-01
5.479472336900287344e-01 9.222687282856343316e-01 9.786372649858446904e-01 6.904242456350202506e-01 1.515057148990459901e-01
5.542985515684668574e-01 9.539228189672579461e-01 9.791724866485184142e-01 6.950777199807062212e-01 1.488258340582534756e-01
5.607234882852032420e-01 9.959083038115945641e-01 9.801169375755621749e-01 6.997277426855796900e-01 1.463488012936729754e-01
5.672228971644543982e-01 1.036993776098316999e+00 9.812813283001567966e-01 7.043734050594447904e-01 1.439905852204082792e-01
5.737976414214134291e-01 1.035501548441959407e+00 9.822356803041011331e-01 7.090137768370081695e-01 1.415610320561871138e-01
5.804485942768977669e-01 9.790747558470938028e-01 9.828308422864759919e-01 7.136479058155351662e-01 1.389947809463099038e-01
5.871766390733255125e-01 9.967844172040798423e-01 9.829707029665386564e-01 7.182748174872534141e-01 1.362499336003839823e-01
5.939826693920355893e-01 9.739958933638166449e-01 9.827093923592840063e-01 7.228935146664270395e-01 1.333507783369296540e-01
6.008675891719686968e-01 1.015841822539361283e+00 9.821724845205910270e-01 7.275029771110211874e-01 1.303529883472918371e-01
6.078323128297229427e-01 1.004040277538382098e+00 9.816280035233746482e-01 7.321021611388748296e-01 1.273752504124503748e-01
6.148777653810023613e-01 1.001550840839335876e+00 9.813292312044125110e-01 7.366899992383040274e-01 1.245299612898353309e-01
6.220048825634711953e-01 9.042690806591682229e-01 9.815408971501944357e-01 7.412653996730464989e-01 1.219346708789625366e-01
6.292146109610343707e-01 9.191358186669250641e-01 9.825297559523862301e-01 7.458272460814682203e-01 1.197074671902386839e-01
6.365079081295571539e-01 9.739450474690504178e-01 9.843055828832680820e-01 7.503743970699432442e-01 1.178519409817518487e-01
6.438857427240419762e-01 9.832442031291251938e-01 9.867963818660138164e-01 7.549056858003196924e-01 1.163348520561270638e-01
6.513490946272803006e-01 9.695707891179904392e-01 9.898675039800015618e-01 7.594199195713841055e-01 1.150950826921786074e-01
6.588989550799949635e-01 9.313820874349434398e-01 9.931787605739744729e-01 7.639158793942352199e-01 1.139818857341733521e-01
6.665363268124913088e-01 9.771945722432493486e-01 9.964822747148630588e-01 7.683923195614722479e-01 1.128865627006045286e-01
6.742622241778342129e-01 1.140355001220927589e+00 9.993253194784467164e-01 7.728479672101096210e-01 1.116128221275594218e-01
6.820776732865685421e-01 1.097995557553627100e+00 1.001390927760322569e+00 7.772815218781203850e-01 1.100253090771404346e-01
6.899837121430018039e-01 1.053744468614046470e+00 1.002538162000066402e+00 7.816916550545150999e-01 1.080654375198487893e-01
6.979813907830659803e-01 9.447232557140702314e-01 1.002611051065803949e+00 7.860770097228573228e-01 1.056673925059558317e-01
7.060717714137773049e-01 9.787838627615162990e-01 1.001635736314058667e+00 7.904361998981193072e-01 1.028429893019004310e-01
7.142559285543126357e-01 9.977104781829754243e-01 9.996364210314570009e-01 7.947678101567766662e-01 9.960180203576561586e-02
7.225349491787214085e-01 1.022654372165632930e+00 9.968001971861212285e-01 7.990703951600406363e-01 9.602307448248308119e-02
7.309099328602910450e-01 1.029707724984281869e+00 9.934179984829784038e-01 8.033424791701263556e-01 9.223129195381953027e-02
7.393819919175865785e-01 9.641595250312258170e-01 9.897326319265810080e-01 8.075825555594507987e-01 8.833096012534286112e-02
7.479522515621821466e-01 1.024927066165927991e+00 9.860530804957776674e-01 8.117890863126565604e-01 8.445708582847054335e-02
7.566218500481054487e-01 1.005590026877840604e+00 9.826536737036305480e-01 8.159605015213527990e-01 8.073134590256110521e-02
7.653919388230148169e-01 9.335625529750491980e-01 9.797550499867905272e-01 8.200951988714638707e-01 7.725324126606805675e-02
7.742636826811269968e-01 9.505847566657326109e-01 9.775410894989470245e-01 8.241915431230767419e-01 7.410686738392556483e-02
7.832382599179196214e-01 8.969163193409991353e-01 9.763042240773927016e-01 8.282478655826741587e-01 7.142484296664748655e-02
7.923168624866253618e-01 1.018622779044365823e+00 9.761856666297170637e-01 8.322624635676381111e-01 6.927211893992475666e-02
8.015006961565405152e-01 9.621487755324789060e-01 9.770620702236363364e-01 8.362335998629114586e-01 6.759454068354191214e-02
8.107909806731686819e-01 9.213573560300023502e-01 9.788146063392788587e-01 8.401595021696982579e-01 6.633869787281805597e-02
8.201889499202202893e-01 9.814672983405134943e-01 9.814549306518054461e-01 8.440383625460839978e-01 6.550817490205063098e-02
8.296958520834906148e-01 9.561892632012346516e-01 9.847369058886774607e-01 8.478683368394570596e-01 6.499179758991292799e-02
8.393129498166364000e-01 1.048347665250596306e+00 9.883601421105286944e-01 8.516475441106072797e-01 6.465532477760996266e-02
8.490415204088747059e-01 9.738687219795926220e-01 9.919502121113180637e-01 8.553740660493793779e-01 6.433379581110981738e-02
8.588828559546249908e-01 9.930616102090764619e-01 9.952490104914990532e-01 8.590459463817537999e-01 6.391536161764857504e-02
8.688382635251183927e-01 1.031890357935108860e+00 9.980666907879730543e-01 8.626611902682305155e-01 6.331930153091458457e-02
8.789090653419954213e-01 1.032413609900789453e+00 1.000226068638070176e+00 8.662177636933831026e-01 6.247108362080350946e-02
8.890965989529158175e-01 1.003104038662059105e+00 1.001680542841056232e+00 8.697135928464546639e-01 6.135298013373686327e-02
8.994022174092044519e-01 1.071743295655074535e+00 1.002480761487055450e+00 8.731465634928623487e-01 5.998889780890035578e-02
9.098272894455557980e-01 1.041064366242524963e+00 1.002727573373613179e+00 8.765145203364755888e-01 5.842384248559029380e-02
9.203731996618220723e-01 9.105980349599616108e-01 1.002612506934612790e+00 8.798152663725307132e-01 5.674162435590426184e-02
9.310413487069075789e-01 9.756814141198596468e-01 1.002182891571113288e+00 8.830465622310460505e-01 5.496338042830478665e-02
9.418331534647951253e-01 1.059699568291762484e+00 1.001634271334909121e+00 8.862061255105947444e-01 5.317442811182841039e-02
9.527500472427290479e-01 9.851932483418437414e-01 1.000840677556462444e+00 8.892916301022946168e-01 5.132074343196312699e-02
9.637934799615786030e-01 9.390546021381264152e-01 9.999382434180591472e-01 8.923007055038705282e-01 4.946194226489589868e-02
9.749649183484085935e-01 9.890574239195474293e-01 9.988634911855758247e-01 8.952309361236430174e-01 4.757105828819577220e-02
9.862658461312820979e-01 1.042302248613466098e+00 9.973996899707781028e-01 8.980798605742965623e-01 4.555427143539413776e-02
9.976977642363201726e-01 1.026009734336948531e+00 9.955098003357706338e-01 9.008449709562742491e-01 4.339548141099249662e-02
1.009262190987048502e+00 1.032334343638629859e+00 9.930957552356766138e-01 9.035242322031336037e-01 4.105132092175411279e-02
1.020960662306047650e+00 1.018186035631188702e+00 9.902862599758821549e-01 9.061193723415390533e-01 3.857533785759494072e-02
1.032794731918952547e+00 1.035827810980747499e+00 9.872296274419890549e-01 9.086336831422061611e-01 3.602934824443797951e-02
1.044765971560805307e+00 9.734452406604295893e-01 9.840100928827896221e-01 9.110702969905828397e-01 3.344766510557167782e-02
1.056875971184805030e+00 9.048098732633544916e-01 9.809986786558068106e-01 9.134321895171737538e-01 3.099211025518037663e-02
1.069126339173477103e+00 9.768432146382717285e-01 9.783889156724543401e-01 9.157221895529081834e-01 2.874778583267881618e-02
1.081518702552289213e+00 9.442050753806497942e-01 9.763518325377753548e-01 9.179429883149607949e-01 2.679063689748792734e-02
1.094054707205743604e+00 9.641221410784921453e-01 9.751910305775033372e-01 9.200971478928405833e-01 2.525601367642081596e-02
1.106736018095974439e+00 9.419074609785692553e-01 9.749088553145855984e-01 9.221871090973181584e-01 2.414496811338489105e-02
1.119564319483879355e+00 9.857271876494332341e-01 9.753053733368847178e-01 9.242151987283597769e-01 2.336751070111424064e-02
1.132541315152812755e+00 9.339871991406162310e-01 9.762638500235926164e-01 9.261836363125772742e-01 2.287010449243258303e-02
1.145668728634872569e+00 9.592548172609912660e-01 9.776231562920202345e-01 9.280945403556652984e-01 2.257926197497053811e-02
1.158948303439811811e+00 1.038674107081288156e+00 9.791948543450474940e-01 9.299499341508543626e-01 2.240955458774598549e-02
1.172381803286599800e+00 1.016447541270556698e+00 9.807232081498588050e-01 9.317517511804154218e-01 2.224623504491296186e-02
1.185971012337670549e+00 9.896466009964879351e-01 9.819942874573199809e-01 9.335018401437336077e-01 2.199378299980919715e-02
1.199717735435885446e+00 9.802698463258755490e-01 9.830669191938501417e-01 9.352019696422917416e-01 2.167766924304441803e-02
1.213623798344241722e+00 9.593195152681820437e-01 9.837535410725056773e-01 9.368538325490942675e-01 2.121447086335078586e-02
1.227691047988360484e+00 1.054045671198159839e+00 9.840113104504430996e-01 9.384590500875233943e-01 2.058476352530980158e-02
1.241921352701784720e+00 9.462409311080532959e-01 9.838810182370574253e-01 9.400191756423557088e-01 1.980586896821750348e-02
1.256316602474121469e+00 9.972003414761255735e-01 9.835365799350226368e-01 9.415356983236344846e-01 1.895372600416324674e-02
1.270878709202059476e+00 9.393723070243674700e-01 9.829534395971104566e-01 9.430100463022479396e-01 1.801662722546792245e-02
1.285609606943296512e+00 9.307953655043446073e-01 9.820735872562131874e-01 9.444435899344365559e-01 1.696800756915349193e-02
1.300511252173409904e+00 1.068783372534160225e+00 9.811852292060433411e-01 9.458376446909431134e-01 1.593440659476535667e-02
1.315585624045705115e+00 1.044484915787993629e+00 9.801750971096968579e-01 9.471934739051917074e-01 1.486496725079828468e-02
1.330834724654076151e+00 9.986373140144325644e-01 9.793017475307713715e-01 9.485122913536634393e-01 1.387356639820636235e-02
1.346260579298911075e+00 9.690983316853476470e-01 9.785804183445294679e-01 9.497952636805349069e-01 1.296652159597468969e-02
1.361865236756082842e+00 8.899843417402900636e-01 9.782339050962499671e-01 9.510435126776601855e-01 1.224232369756266328e-02
1.377650769549054965e+00 9.351713737904945312e-01 9.781922998186324270e-01 9.522581174300572826e-01 1.166955634936830792e-02
1.393619274224143556e+00 9.781524496238688249e-01 9.784761005599248440e-01 9.534401163362604681e-01 1.125680133705630852e-02
1.409772871628967694e+00 9.340444977708175500e-01 9.790606780704292911e-01 9.545905090121378223e-01 1.099249629425406820e-02
1.426113707194129887e+00 1.079588037945860446e+00 9.798996957771936023e-01 9.557102580861016605e-01 1.085537531545104073e-02
1.442643951218158804e+00 1.012688140143285898e+00 9.806411621648719601e-01 9.568002908930195449e-01 1.068882001228632292e-02
1.459365799155757593e+00 9.271173710742556251e-01 9.812030557447980472e-01 9.578615010735695989e-01 1.045617385919517424e-02
1.476281471909391074e+00 9.376392307643383051e-01 9.813232858862664942e-01 9.588947500852718075e-01 1.004116348251207769e-02
1.493393216124253353e+00 1.065516473981037215e+00 9.810847398617952297e-01 9.599008686309455918e-01 9.480135920557082596e-03
1.510703304486655574e+00 1.040557018116865517e+00 9.803971092212557803e-01 9.608806580099278349e-01 8.732570663635464553e-03
1.528214036025870914e+00 9.632176065675724930e-01 9.793947130880977792e-01 9.618348913969811953e-01 7.857227871680723744e-03
1.545927736419478560e+00 1.070717974764591629e+00 9.782389876001135187e-01 9.627643150534590522e-01 6.924982848831963585e-03
1.563846758302247730e+00 8.982929536015623606e-01 9.770158349074813398e-01 9.636696494749754649e-01 5.973421362052655677e-03
1.581973481578601515e+00 9.467676496418295784e-01 9.760382447404508666e-01 9.645515904795007867e-01 5.141373754014124005e-03
1.600310313738701806e+00 9.101850107399034329e-01 9.754188239584949960e-01 9.654108102395551061e-01 4.478974950735565945e-03
1.618859690178199306e+00 9.792013687962891622e-01 9.752146853210610367e-01 9.662479582618752616e-01 4.011643267754536925e-03
1.637624074521689010e+00 9.384411374683284679e-01 9.754412574236954736e-01 9.670636623177326641e-01 3.746055772856132261e-03
1.656605958949915136e+00 9.735858634106481224e-01 9.759729034438804351e-01 9.678585293268349155e-01 3.625878575280404390e-03
1.675807864530768798e+00 9.821895515060389270e-01 9.765050923284021023e-01 9.686331461975468127e-01 3.515186080969295076e-03
1.695232341554121502e+00 1.115224113516826598e+00 9.771167744942379496e-01 9.693880806259975724e-01 3.448793594825992626e-03
1.714881969870540868e+00 9.628970241068109948e-01 9.775861425662619730e-01 9.701238818564419386e-01 3.327840864884019315e-03
1.734759359233932541e+00 9.901637455043703628e-01 9.779049664120432750e-01 9.708410814051036120e-01 3.148506414441004219e-03
1.754867149648152047e+00 9.333160788992835855e-01 9.781167776799292168e-01 9.715401937495860007e-01 2.929935866283711696e-03
1.775208011717636092e+00 9.586052021149351621e-01 9.782519806685323616e-01 9.722217169857734209e-01 2.685417998075956356e-03
1.795784647002096834e+00 9.896562645968139948e-01 9.782897327605986071e-01 9.728861334540543915e-01 2.405482152044101287e-03
1.816599788375328650e+00 9.691175101863799268e-01 9.785469302031339911e-01 9.735339103365554525e-01 2.230575298374190205e-03
1.837656200388172456e+00 1.002969817187398194e+00 9.790171582716227228e-01 9.741655002269788977e-01 2.157558220485861298e-03
1.858956679635688225e+00 9.634729672026112191e-01 9.796671546035583544e-01 9.747813416745321202e-01 2.171339913815930039e-03
1.880504055128583429e+00 9.620415460538835895e-01 9.806866503227608112e-01 9.753818597033441229e-01 2.355589213717106892e-03
1.902301188668945819e+00 9.462356520905915724e-01 9.819051778244400897e-01 9.759674663086861379e-01 2.634209390584075269e-03
1.924350975230332272e+00 9.696435433564718487e-01 9.834015594729554888e-01 9.765385609312107196e-01 3.041495550875192213e-03
1.946656343342263229e+00 1.014358433111760327e+00 9.849689151162221989e-01 9.770955309103805941e-01 3.485497813474898714e-03
1.969220255479173565e+00 1.098251711935545272e+00 9.865552201817283651e-01 9.776387519181539698e-01 3.942990987382487787e-03
1.992045708453871189e+00 8.940223815891584769e-01 9.881427347833403596e-01 9.781685883739623666e-01 4.405969542205278103e-03
2.015135733815558439e+00 9.922915985615706758e-01 9.897163175343482999e-01 9.786853938419211030e-01 4.867623730672468452e-03
2.038493398252464228e+00 1.041464220200126300e+00 9.911247290413726097e-01 9.791895114111905940e-01 5.261559248952643077e-03
2.062121803999144465e+00 9.545696769980331897e-01 9.924869368262577707e-01 9.796812740603264569e-01 5.639992376974137592e-03
2.086024089248504687e+00 9.732567789414223736e-01 9.936685674070344643e-01 9.801610050064217816e-01 5.944131624779340310e-03
2.110203428568596440e+00 1.029550703509080067e+00 9.947346888774486473e-01 9.806290180397954082e-01 6.202522719136849272e-03
2.134663033324245340e+00 9.662762238899827993e-01 9.956261669830657191e-01 9.810856178449325338e-01 6.389392935687693807e-03
2.159406152103567678e+00 1.068458264561209958e+00 9.961340866115691028e-01 9.815311003083542207e-01 6.413736437852920330e-03
2.184436071149428393e+00 9.848822596828489262e-01 9.963924860498433178e-01 9.819657528140406377e-01 6.334102263721786905e-03
2.209756114795903059e+00 9.637869472872203636e-01 9.962823010398696999e-01 9.823898545270104421e-01 6.098546428962439182e-03
2.235369645909796699e+00 9.761784838250801011e-01 9.958280897631888173e-01 9.828036766656151890e-01 5.717599943233980797e-03
2.261280066337279404e+00 1.000914627065887297e+00 9.949926687091652511e-01 9.832074827630878922e-01 5.174705678333213314e-03
2.287490817355704031e+00 1.096549229858307051e+00 9.938550841524227408e-01 9.836015289188404509e-01 4.503868593829354894e-03
2.314005380130653933e+00 1.028980446721933895e+00 9.925618244913944066e-01 9.839860640399948899e-01 3.768619859351338315e-03
2.340827276178294447e+00 9.170025171883018356e-01 9.910305670710438664e-01 9.843613300735940541e-01 2.932505530300923580e-03
2.367960067833078774e+00 9.755511698954811850e-01 9.896086484589957655e-01 9.847275622299183073e-01 2.147388192945964402e-03
2.395407358720879287e+00 1.022682249326267723e+00 9.885774582692310464e-01 9.850849891973145755e-01 1.537002065601790046e-03
2.423172794237600680e+00 9.693419426396436833e-01 9.877040431367807294e-01 9.854338333489187640e-01 9.993625183908592686e-04
2.451260062033339793e+00 9.300051849978984153e-01 9.873615170348271075e-01 9.857743109416341465e-01 6.986999950253451044e-04
2.479672892502160053e+00 9.443379448549341637e-01 9.875134005207367727e-01 9.861066323077087858e-01 6.191179310505977047e-04
2.508415059277541381e+00 1.011820602281553017e+00 9.881318310747115863e-01 9.864310020392426104e-01 7.481765938896547128e-04
2.537490379733571721e+00 1.090198922284119964e+00 9.891092955926530372e-01 9.867476191659261264e-01 1.038196157778449721e-03
2.566902715491951703e+00 9.104761984234973626e-01 9.905121634754533444e-01 9.870566773263100835e-01 1.517722228643962482e-03
2.596655972934872381e+00 9.971152856423682875e-01 9.921278742961370245e-01 9.873583649328849798e-01 2.092841632627013941e-03
2.626754103723838440e+00 9.965462184179058047e-01 9.939531687116343051e-01 9.876528653312317552e-01 2.761594550168361417e-03
2.657201105324506596e+00 9.983510789511855776e-01 9.957656204773512876e-01 9.879403569534979113e-01 3.426401326378804551e-03
2.688001021537607560e+00 9.798588788376036973e-01 9.974005224878428333e-01 9.882210134664375367e-01 4.015506926588481573e-03
2.719157943036019098e+00 9.967920363061318900e-01 9.987838149488228456e-01 9.884950039142452738e-01 4.497017469850615734e-03
2.750676007908067433e+00 1.100673512332940085e+00 9.997490997861830930e-01 9.887624928563967242e-01 4.799037967815585407e-03
2.782559402207125832e+00 8.935413705836112719e-01 1.000255599091115277e+00 9.890236405007033493e-01 4.904318486284166105e-03
2.814812360507581435e+00 1.038626550570239004e+00 1.000438496137789013e+00 9.892786028317797076e-01 4.871778915630083258e-03
2.847439166467247595e+00 1.104093783070914991e+00 1.000033675099640584e+00 9.895275317351057698e-01 4.586742529284836001e-03
2.880444153396297668e+00 9.301809000031577845e-01 9.993162787142325643e-01 9.897705751168683896e-01 4.168423532113946749e-03
2.913831704832788638e+00 1.101254531306204321e+00 9.983575777944876384e-01 9.900078770197417999e-01 3.647468606301511665e-03
2.947606255124858521e+00 9.817105427008498975e-01 9.974626546626658152e-01 9.902395777347805517e-01 3.156364377930983862e-03
2.981772290019673477e+00 9.717570683611295168e-01 9.966572988248555420e-01 9.904658139095718905e-01 2.706361189088397293e-03
3.016334347259197468e+00 9.048255919982101103e-01 9.961597774696726582e-01 9.906867186527923419e-01 2.392661194560904633e-03
3.051297017182871052e+00 9.686949806497829885e-01 9.960270537314667161e-01 9.909024216353150560e-01 2.240244964649589551e-03
3.086664943337274369e+00 1.004329568059974420e+00 9.964951844476962473e-01 9.911130491880015825e-01 2.352010137235210907e-03
3.122442823092857811e+00 1.035582083815931087e+00 9.973783163017254649e-01 9.913187243962988671e-01 2.646612749596817787e-03
3.158635408267818967e+00 1.006590416504876906e+00 9.985661531214020670e-01 9.915195671917707010e-01 3.075552117096594634e-03
3.195247505759213791e+00 9.766841765127106667e-01 1.000019335995058878e+00 9.917156944406773089e-01 3.621211200403090004e-03
3.232283978181380579e+00 1.027166315098615001e+00 1.001715377122291306e+00 9.919072200297147646e-01 4.273289113350397204e-03
3.269749744511767808e+00 1.012154302713845100e+00 1.003285577453190136e+00 9.920942549490223694e-01 4.871634456688896456e-03
3.307649780744242651e+00 9.374375199936020309e-01 1.004612179262557081e+00 9.922769073725552502e-01 5.365554543711855730e-03
3.345989120549974771e+00 1.103079306583359065e+00 1.005865805732147233e+00 9.924552827359292007e-01 5.829096839857540908e-03
3.384772855945982872e+00 9.569040737782814610e-01 1.006641535303972157e+00 9.926294838118172592e-01 6.087675183517006136e-03
3.424006137971425723e+00 1.060561420773420860e+00 1.007066345367213067e+00 9.927996107829994976e-01 6.196484516051289741e-03
3.463694177371734462e+00 9.516641299841801516e-01 1.007094043727107868e+00 9.929657613131468441e-01 6.135753677275182852e-03
3.503842245290675894e+00 1.080155746616201284e+00 1.006458199093397621e+00 9.931280306154213200e-01 5.790502345005900907e-03
3.544455673970435594e+00 9.903561978822149614e-01 1.005482737414209904e+00 9.932865115189628558e-01 5.300080885563301925e-03
3.585539857459817181e+00 1.033500507387417056e+00 1.004153852190700746e+00 9.934412945333612743e-01 4.658050241370985216e-03
3.627100252330648367e+00 9.724432310852375583e-01 1.002446844684409033e+00 9.935924679111514113e-01 3.853062584964003431e-03
3.669142378402494131e+00 1.012891018936769028e+00 1.000429632464004515e+00 9.937401177084310699e-01 2.913724112174895155e-03
3.711671819475766743e+00 1.052339274196660179e+00 9.983765133450538398e-01 9.938843278436526596e-01 1.958513304012309518e-03
3.754694224073336972e+00 9.323000389505206043e-01 9.963898469670517954e-01 9.940251801546498012e-01 1.031907634665979153e-03
3.798215306190736218e+00 9.688650415034993912e-01 9.947942964940801325e-01 9.941627544539730632e-01 2.757980442014637827e-04
3.842240846055060999e+00 1.121425312991331857e+00 9.935823333837923155e-01 9.942971285825794592e-01 3.123243937499411808e-04
3.886776690892667752e+00 9.265223754875270279e-01 9.930041486652019245e-01 9.944283784619378785e-01 6.224465375535226603e-04
3.931828755705770284e+00 8.843506652457477912e-01 9.931492704722943987e-01 9.945565781446044085e-01 6.149663029599968184e-04
3.977403024058036696e+00 1.003080675320041193e+00 9.939902906322908294e-01 9.946817998633208369e-01 3.020293358174652981e-04
4.023505548869293236e+00 9.786577153063108492e-01 9.954228283549937384e-01 9.948041140786778591e-01 2.700236832352641411e-04
4.070142453219438572e+00 1.091264729711486803e+00 9.977164517638434926e-01 9.949235895254067152e-01 1.217405480147966271e-03
4.117319931161679492e+00 9.890451889204089353e-01 1.000467276656019200e+00 9.950402932573252368e-01 2.362220810122976460e-03
4.165044248545185290e+00 9.009114223942611410e-01 1.003649428626586682e+00 9.951542906909964792e-01 3.691621851001283296e-03
4.213321743847289191e+00 1.011902964827018581e+00 1.006948394045524608e+00 9.952656456481401293e-01 5.068200146199116317e-03
4.262158829015325168e+00 1.119672688030861840e+00 1.010171571135680457e+00 9.953744203968322157e-01 6.408666322010532317e-03
4.311561990318228510e+00 9.880442439639852692e-01 1.013022194835219381e+00 9.954806756915379751e-01 7.586126746002614177e-03
4.361537789208005833e+00 9.583091628170982146e-01 1.015271025827559459e+00 9.955844708120129560e-01 8.503878470416829927e-03
4.412092863191189984e+00 1.055543064903486039e+00 1.016803296673111756e+00 9.956858636011096664e-01 9.114604403802717067e-03
4.463233926710397093e+00 1.017964656877621721e+00 1.017362092258021766e+00 9.957849105015210700e-01 9.310010466153822647e-03
4.514967772036102112e+00 1.150165550689092875e+00 1.017057707186181714e+00 9.958816665915064537e-01 9.137857785222263177e-03
4.567301270168746541e+00 9.941251629377959587e-01 1.015859344918719875e+00 9.959761856196112095e-01 8.584625730425838111e-03
4.620241371751313331e+00 1.099278315574135245e+00 1.013978529535913609e+00 9.960685200384356008e-01 7.739544356406810426e-03
4.673795107992464004e+00 1.060480326364378056e+00 1.011816757334387251e+00 9.961587210374636125e-01 6.773326341913936052e-03
4.727969591600390764e+00 9.039005869535257087e-01 1.009427655247568500e+00 9.962468385749945199e-01 5.708242664095464040e-03
4.782772017727485725e+00 8.733025643935581339e-01 1.007155191889635981e+00 9.963329214091949382e-01 4.691915099912326303e-03
4.838209664925956943e+00 1.045202767450727155e+00 1.005099532041108690e+00 9.964170171283019961e-01 3.767934839447534181e-03
4.894289896114531579e+00 1.001840875845766865e+00 1.003342382515674647e+00 9.964991721800091629e-01 2.972215553991184797e-03
4.951020159556350997e+00 1.003140200945165539e+00 1.001986067456190233e+00 9.965794319000516044e-01 2.349763084106644764e-03
5.008407989848212338e+00 1.064578544502601476e+00 1.000816524661088280e+00 9.966578405400190466e-01 1.808379828845373561e-03
5.066461008921268494e+00 9.866228012108523293e-01 9.997500210067339355e-01 9.967344412944183496e-01 1.311956741455310967e-03
5.125186927053333008e+00 1.006484450055987967e+00 9.986878690343072851e-01 9.968092763270117729e-01 8.177036879675683581e-04
5.184593543892913381e+00 9.571886796967041811e-01 9.976762022300273980e-01 9.968823867964480279e-01 3.456902018845025020e-04
5.244688749495119318e+00 1.107593510832098227e+00 9.966115941149998880e-01 9.969538128812112099e-01 1.491034331831896347e-04
5.305480525369573819e+00 9.797959550862410660e-01 9.955641736111305873e-01 9.970235938039031520e-01 6.361759920447100517e-04
5.366976945540476329e+00 9.576720111130251345e-01 9.946405435965863795e-01 9.970917678548842922e-01 1.068972673316699335e-03
5.429186177618943177e+00 9.383694353673843747e-01 9.938241140285424269e-01 9.971583724152879302e-01 1.454609854356709664e-03
5.492116483887789613e+00 1.004510361315399392e+00 9.932340704729567538e-01 9.972234439794300798e-01 1.740871339829308528e-03
5.555776222398877806e+00 9.909327754284704692e-01 9.926783989258828322e-01 9.972870181766240183e-01 2.011594242757793263e-03
5.620173848083187984e+00 9.024977220056924487e-01 9.921879352535024621e-01 9.973491297924321763e-01 2.253271251743879482e-03
5.685317913873753071e+00 1.102505705342245346e+00 9.917561995042688539e-01 9.974098127893553656e-01 2.468712665382894692e-03
5.751217071841614015e+00 9.951632875723330773e-01 9.911718915495412174e-01 9.974691003269851031e-01 2.750473489866853052e-03
5.817880074344935259e+00 1.043578890970825457e+00 9.904075824930312910e-01 9.975270247816310221e-01 3.110713710500722685e-03
5.885315775191449994e+00 1.051564007953426083e+00 9.897844803699575866e-01 9.975836177654391346e-01 3.408668706780394742e-03
5.953533130814370189e+00 9.223667434406689347e-01 9.894120986079320001e-01 9.976389101450220398e-01 3.596162608036772811e-03
6.022541201461927507e+00 1.007967048093208362e+00 9.894023079806870680e-01 9.976929320595968598e-01 3.623976454700039446e-03
6.092349152400711176e+00 9.769050101531837615e-01 9.899284204783136421e-01 9.977457129386633206e-01 3.416077541301641533e-03
6.162966255132942273e+00 9.179149603076693920e-01 9.911229083413297669e-01 9.977972815192341915e-01 2.914802048822221197e-03
6.234401888627863819e+00 8.793248703502293262e-01 9.930003650361338696e-01 9.978476658626080908e-01 2.114837625315193342e-03
6.306665540567405692e+00 9.846147560827063216e-01 9.952727660517538544e-01 9.978968933707312861e-01 1.143550091199063397e-03
6.379766808606282424e+00 1.014596400039940560e+00 9.978998067534116112e-01 9.979449908021285065e-01 1.966403705857410164e-05
6.453715401646701544e+00 1.081691932805972645e+00 1.000450904004420938e+00 9.979919842874431790e-01 1.068727867770404147e-03
6.528521141127847649e+00 1.061106125492418117e+00 1.002648550757501367e+00 9.980378993445646607e-01 2.001696978882442409e-03
6.604193962330305645e+00 1.052059015258766772e+00 1.004302176948226322e+00 9.980827608933926509e-01 2.697849657394079705e-03
6.680743915695614987e+00 1.038708240938598815e+00 1.005206785957859505e+00 9.981265932702145793e-01 3.069785038723495119e-03
6.758181168161110364e+00 1.041004582651612553e+00 1.005396854215752533e+00 9.981694202417221717e-01 3.133261273222648965e-03
6.836516004510238886e+00 9.367544239837343190e-01 1.004838928960432476e+00 9.982112650186885094e-01 2.873985275733479793e-03
6.915758828738525210e+00 9.354366167868944926e-01 1.003812820087535584e+00 9.982521502692771609e-01 2.412483574200051210e-03
6.995920165435374649e+00 1.023770370373996208e+00 1.002463942020450416e+00 9.982920981320484444e-01 1.811126763607940476e-03
7.077010661181889262e+00 1.065597190957565443e+00 1.000990029928375380e+00 9.983311302286113076e-01 1.155138225243526520e-03
7.159041085964887863e+00 1.020562817233745534e+00 9.995139158373126387e-01 9.983692676759805540e-01 4.976411420667275782e-04
7.242022334607315592e+00 9.156715583067178699e-01 9.981296390460829837e-01 9.984065310986169894e-01 1.204613200276972518e-04
7.325965428215230446e+00 9.994427080868308888e-01 9.969463950601414881e-01 9.984429406401653662e-01 6.514434026055339029e-04
7.410881515641570161e+00 1.037686302628685775e+00 9.961029391737923344e-01 9.984785159749134387e-01 1.034503134709791484e-03
7.496781874966877091e+00 9.940558978852573890e-01 9.955303330015752294e-01 9.985132763189528138e-01 1.299346496586720147e-03
7.583677914997190683e+00 1.004292913873084947e+00 9.952211252500603456e-01 9.985472404410755676e-01 1.449029725374221308e-03
7.671581176779302069e+00 9.513603390668670112e-01 9.951884632994122404e-01 9.985804266733901979e-01 1.477716303816335817e-03
7.760503335133570602e+00 9.510671508900548909e-01 9.954658751281959539e-01 9.986128529216895533e-01 1.370774589595369873e-03
7.850456200204509294e+00 1.064802505905077634e+00 9.959244531516675547e-01 9.986445366755503095e-01 1.184534606827045968e-03
7.941451719029339884e+00 9.681580076827528414e-01 9.964483936045123169e-01 9.986754950181948587e-01 9.695821516203091640e-04
8.033501977124734239e+00 9.580597055935786699e-01 9.968379643568637816e-01 9.987057446361091717e-01 8.129783395902080668e-04
8.126619200091946382e+00 1.027069686911756596e+00 9.969399896041404308e-01 9.987353018284172990e-01 7.813840317362514155e-04
8.220815755240540312e+00 9.854125594200729976e-01 9.966577795726895284e-01 9.987641825160371578e-01 9.168983123740243003e-04
8.316104153230961415e+00 1.059484392289758548e+00 9.957005114257782008e-01 9.987924022506042832e-01 1.346499844960097250e-03
8.412497049736117560e+00 1.073125156587828144e+00 9.939734110669752321e-01 9.988199762231901868e-01 2.112452466870868694e-03
8.510007247122246099e+00 9.479821649175648179e-01 9.914622953873872824e-01 9.988469192727909007e-01 3.222731520757690388e-03
8.608647696149244410e+00 1.011044673326389587e+00 9.881963711410478579e-01 9.988732458946258941e-01 4.667126279377872139e-03
8.708431497690723333e+00 9.596455796376014424e-01 9.842104521766416036e-01 9.988989702482249378e-01 6.433592551783635406e-03
8.809371904473991322e+00 1.018387292861979709e+00 9.794309284293697404e-01 9.989241061653251208e-01 8.558679673863667584e-03
8.911482322840202031e+00 9.453346895394310057e-01 9.739652717882097965e-01 9.989486671575711352e-01 1.099970004154016655e-02
9.014776314524917566e+00 9.723751262779259941e-01 9.679120579849239681e-01 9.989726664240354825e-01 1.371770514498208554e-02
9.119267598459298796e+00 9.347141076390149683e-01 9.612922536610140067e-01 9.989961168585523854e-01 1.670835743758378525e-02
9.224970052592174952e+00 1.032398153095577698e+00 9.542146290799371489e-01 9.990190310568802801e-01 1.992769105383940600e-02
9.331897715733239451e+00 9.675479568809808306e-01 9.467438514122268334e-01 9.990414213236766816e-01 2.335100161710965475e-02
9.440064789417602853e+00 9.595923308273895946e-01 9.389702777346898843e-01 9.990632996793353815e-01 2.694116029402377974e-02
9.549485639791965852e+00 9.055905906244906545e-01 9.311853433114646306e-01 9.990846778666240269e-01 3.056616696491258264e-02
9.660174799522645017e+00 9.121290362230649595e-01 9.235161033376123596e-01 9.991055673571884732e-01 3.416690638602404989e-02
9.772146969725724830e+00 9.376148996785577117e-01 9.161337980243053902e-01 9.991259793578870507e-01 3.766134624328439096e-02
9.885417021919574054e+00 8.683896363079141034e-01 9.092974170330782036e-01 9.991459248169805019e-01 4.092296394962946504e-02
1.000000000000000000e+01 8.795802605245366390e-01 9.031026495137657317e-01 9.991654144301738150e-01 4.390027634944636964e-02
