# tau=t/t_H SFF SFF_smoothed GOE_connected DeltaK_abs_log10_ratio
1.000000000000000048e-04 8.790053086068532195e+01 8.789956868768925347e+01 1.999800019997333795e-04 5.643000175662724160e+00
1.011591112223829728e-04 8.790007297817868448e+01 8.789929901207749197e+01 2.022977581832760541e-04 5.637994341586500369e+00
1.023316578330244966e-04 8.789960442157499187e+01 8.789898717118468596e+01 2.046423742725537011e-04 5.632988305008234775e+00
1.035177955630176228e-04 8.789912494209265503e+01 8.789863427162494247e+01 2.070141614763123497e-04 5.627982071460935209e+00
1.047176819485520245e-04 8.789863428515417354e+01 8.789824257187693490e+01 2.094134346075829226e-04 5.622975652169415639e+00
1.059314763518370031e-04 8.789813219025094782e+01 8.789781516179667165e+01 2.118405121253895179e-04 5.617969062466968921e+00
1.071593399822671198e-04 8.789761839080564698e+01 8.789735558748024857e+01 2.142957161769398083e-04 5.612962319942010225e+00
1.084014359178331018e-04 8.789709261403064033e+01 8.789686748351580547e+01 2.167793726403025999e-04 5.607955442621177511e+00
1.096579291267809898e-04 8.789655458078365768e+01 8.789635426401956408e+01 2.192918111675785128e-04 5.602948447442829050e+00
1.109289864895222780e-04 8.789600400542003911e+01 8.789581890410052267e+01 2.218333652285692595e-04 5.597941349177292025e+00
1.122147768207980290e-04 8.789544059564066458e+01 8.789526382100387991e+01 2.244043721549514021e-04 5.592934159839567876e+00
1.135154708920999033e-04 8.789486405233827782e+01 8.789469084501106977e+01 2.270051731849600921e-04 5.587926888545504234e+00
1.148312414543511137e-04 8.789427406943791254e+01 8.789410125794199757e+01 2.296361135085894041e-04 5.582919541701976129e+00
1.161622632608501891e-04 8.789367033373545723e+01 8.789349587272261033e+01 2.322975423133139818e-04 5.577912123399978661e+00
1.175087130904807617e-04 8.789305252473150176e+01 8.789287512960575555e+01 2.349898128303393684e-04 5.572904635890003178e+00
1.188707697711903309e-04 8.789242031446146086e+01 8.789223919065426571e+01 2.377132823813860615e-04 5.567897080048857639e+00
1.202486142037412301e-04 8.789177336732274171e+01 8.789158802134798520e+01 2.404683124260139629e-04 5.562889455782865866e+00
1.216424293857368039e-04 8.789111133989565872e+01 8.789092167335478223e+01 2.432552686094931291e-04 5.557881763425098320e+00
1.230524004359261579e-04 8.789043388076252938e+01 8.789023979296524658e+01 2.460745208112275753e-04 5.552874001306411067e+00
1.244787146187906256e-04 8.788974063032155470e+01 8.788954201823199242e+01 2.489264431937378481e-04 5.547866167717790731e+00
1.259215613694150942e-04 8.788903122059615214e+01 8.788882797877843700e+01 2.518114142522093635e-04 5.542858260909414803e+00
1.273811323186478520e-04 8.788830527504008217e+01 8.788809729560293249e+01 2.547298168646127152e-04 5.537850279089689742e+00
1.288576213185518003e-04 8.788756240833878053e+01 8.788734958087751181e+01 2.576820383424025126e-04 5.532842220424260660e+00
1.303512244681508938e-04 8.788680222620477878e+01 8.788658443774346551e+01 2.606684704818018248e-04 5.527834083035011226e+00
1.318621401394748458e-04 8.788602432516910312e+01 8.788580146010058058e+01 2.636895096156779473e-04 5.522825864999022727e+00
1.333905690039058638e-04 8.788522829236799794e+01 8.788500023239281234e+01 2.667455566660177873e-04 5.517817564347522463e+00
1.349367140588306430e-04 8.788441370532440544e+01 8.788418032938794511e+01 2.698370171970083421e-04 5.512809179064800169e+00
1.365007806546013845e-04 8.788358013172431527e+01 8.788334131595286181e+01 2.729643014687300768e-04 5.507800707087104009e+00
1.380829765218092263e-04 8.788272712918829654e+01 8.788248274682322858e+01 2.761278244914698696e-04 5.502792146301502818e+00
1.396835117988739626e-04 8.788185424503706145e+01 8.788160416636829098e+01 2.793280060806610596e-04 5.497783494544735028e+00
1.413025990599533599e-04 8.788096101605260912e+01 8.788070510834916149e+01 2.825652709124569940e-04 5.492774749602012285e+00
1.429404533431761061e-04 8.788004696823257689e+01 8.787978509567318497e+01 2.858400485799463138e-04 5.487765909205814197e+00
1.445972921792019463e-04 8.787911161654018599e+01 8.787884364014092853e+01 2.891527736500166482e-04 5.482756971034638660e+00
1.462733356201129868e-04 8.787815446464755098e+01 8.787788024218819771e+01 2.925038857208746290e-04 5.477747932711734435e+00
1.479688062686396383e-04 8.787717500467294940e+01 8.787689439062225460e+01 2.958938294802293295e-04 5.472738791803799074e+00
1.496839293077255632e-04 8.787617271691307508e+01 8.787588556235101578e+01 2.993230547641470953e-04 5.467729545819642212e+00
1.514189325304352018e-04 8.787514706956736177e+01 8.787485322210729066e+01 3.027920166165852479e-04 5.462720192208828429e+00
1.531740463702079740e-04 8.787409751845788719e+01 8.787379682216503340e+01 3.063011753496128480e-04 5.457710728360277486e+00
1.549495039314631646e-04 8.787302350674106322e+01 8.787271580205084831e+01 3.098509966043256183e-04 5.452701151600837903e+00
1.567455410205595065e-04 8.787192446461375539e+01 8.787160958824694035e+01 3.134419514124640264e-04 5.447691459193823249e+00
1.585623961771137158e-04 8.787079980901221177e+01 8.787047759388865131e+01 3.170745162587414656e-04 5.442681648337519107e+00
1.604003107056819902e-04 8.786964894330405684e+01 8.786931921845452109e+01 3.207491731438919663e-04 5.437671716163650082e+00
1.622595287078087002e-04 8.786847125697308059e+01 8.786813384744871769e+01 3.244664096484443775e-04 5.432661659735813053e+00
1.641402971144466361e-04 8.786726612529692204e+01 8.786692085207674552e+01 3.282267189972323958e-04 5.427651476047872237e+00
1.660428657187529582e-04 8.786603290901700802e+01 8.786567958891365038e+01 3.320306001246483034e-04 5.422641162022323158e+00
1.679674872092653225e-04 8.786477095400150006e+01 8.786440939956388263e+01 3.358785577406489791e-04 5.417630714508605116e+00
1.699144172034625999e-04 8.786347959089931692e+01 8.786310961031409761e+01 3.397711023975232372e-04 5.412620130281387887e+00
1.718839142817145534e-04 8.786215813478736436e+01 8.786177953177731581e+01 3.437087505574287316e-04 5.407609406038810462e+00
1.738762400216250527e-04 8.786080588480898257e+01 8.786041845852949450e+01 3.476920246607074268e-04 5.402598538400678052e+00
1.758916590327732731e-04 8.785942212380398075e+01 8.785902566873677699e+01 3.517214531949887954e-04 5.397587523906622664e+00
1.779304389918577296e-04 8.785800611793065684e+01 8.785760042377533807e+01 3.557975707650890365e-04 5.392576359014216614e+00
1.799928506782476454e-04 8.785655711627809694e+01 8.785614196784139551e+01 3.599209181637167787e-04 5.387565040097038960e+00
1.820791680099462359e-04 8.785507435047088620e+01 8.785464952755253876e+01 3.640920424429929100e-04 5.382553563442701972e+00
1.841896680799710861e-04 8.785355703426337470e+01 8.785312231154054530e+01 3.683114969867951061e-04 5.377541925250831412e+00
1.863246311931559835e-04 8.785200436312548788e+01 8.785155951003326891e+01 3.725798415839356222e-04 5.372530121630990863e+00
1.884843409033795474e-04 8.785041551381867464e+01 8.784996029442865506e+01 3.768976425021829200e-04 5.367518148600571415e+00
1.906690840512252085e-04 8.784878964396175149e+01 8.784832381685779978e+01 3.812654725631356933e-04 5.362506002082620071e+00
1.928791508020777693e-04 8.784712589158775131e+01 8.784664920973777669e+01 3.856839112179594859e-04 5.357493677903619300e+00
1.951148346846616412e-04 8.784542337468849382e+01 8.784493558531563906e+01 3.901535446239965256e-04 5.352481171791222181e+00
1.973764326300255292e-04 8.784368119075190862e+01 8.784318203519973167e+01 3.946749657222570142e-04 5.347468479371923600e+00
1.996642450109793374e-04 8.784189841628480622e+01 8.784138762988207816e+01 3.992487743158042342e-04 5.342455596168687038e+00
2.019785756819878484e-04 8.784007410632835899e+01 8.783955141824895918e+01 4.038755771490413322e-04 5.337442517598506520e+00
2.043197320195270594e-04 8.783820729395982596e+01 8.783767242707995138e+01 4.085559879879120844e-04 5.332429238969917051e+00
2.066880249629082160e-04 8.783629698978360523e+01 8.783574966053605237e+01 4.132906277010250777e-04 5.327415755480448212e+00
2.090837690555749911e-04 8.783434218141118777e+01 8.783378209963579764e+01 4.180801243417118758e-04 5.322402062214010243e+00
2.115072824868794756e-04 8.783234183292839248e+01 8.783176870171928385e+01 4.229251132310303941e-04 5.317388154138228629e+00
2.139588871343421563e-04 8.783029488435030885e+01 8.782970839989948786e+01 4.278262370417234553e-04 5.312374026101707614e+00
2.164389086064020347e-04 8.782820025106491357e+01 8.782760010250210314e+01 4.327841458831445626e-04 5.307359672831235997e+00
2.189476762856620634e-04 8.782605682326116892e+01 8.782544269249102342e+01 4.377994973871608101e-04 5.302345088928922756e+00
2.214855233726359179e-04 8.782386346534828192e+01 8.782323502688163330e+01 4.428729567950449105e-04 5.297330268869269609e+00
2.240527869300018224e-04 8.782161901535678794e+01 8.782097593614035702e+01 4.480051970453672368e-04 5.292315206996169863e+00
2.266498079273692845e-04 8.781932228432965815e+01 8.781866422357070689e+01 4.531968988628995334e-04 5.287299897519844194e+00
2.292769312865648647e-04 8.781697205569753351e+01 8.781629866468428247e+01 4.584487508485416253e-04 5.282284334513697388e+00
2.319345059274427543e-04 8.781456708463989003e+01 8.781387800655858200e+01 4.637614495702829451e-04 5.277268511911103133e+00
2.346228848142262321e-04 8.781210609743220630e+01 8.781140096717935251e+01 4.691356996552108020e-04 5.272252423502117757e+00
2.373424250023866149e-04 8.780958779077745646e+01 8.780886623476776265e+01 4.745722138825771044e-04 5.267236062930111373e+00
2.400934876860651764e-04 8.780701083112229810e+01 8.780627246709289579e+01 4.800717132779357848e-04 5.262219423688325293e+00
2.428764382460450548e-04 8.780437385395835292e+01 8.780361829076753111e+01 4.856349272083631814e-04 5.257202499116341521e+00
2.456916462982790305e-04 8.780167546310686078e+01 8.780090230052860534e+01 4.912625934787734090e-04 5.252185282396476751e+00
2.485394857429798422e-04 8.779891422998643691e+01 8.779812305850099108e+01 4.969554584293418929e-04 5.247167766550091095e+00
2.514203348142796828e-04 8.779608869286556683e+01 8.779527909344380987e+01 5.027142770340490468e-04 5.242149944433800002e+00
2.543345761304648361e-04 8.779319735609682596e+01 8.779236889998063020e+01 5.085398130003566160e-04 5.237131808735615124e+00
2.572825967447932359e-04 8.779023868933369101e+01 8.778939093781106351e+01 5.144328388700315953e-04 5.232113351970978599e+00
2.602647881969004482e-04 8.778721112673005678e+01 8.778634363090516501e+01 5.203941361211270435e-04 5.227094566478712068e+00
2.632815465648020189e-04 8.778411306612089504e+01 8.778322536667852205e+01 5.264244952711378493e-04 5.222075444416868883e+00
2.663332725174980963e-04 8.778094286818446790e+01 8.778003449514957879e+01 5.325247159813399026e-04 5.217055977758493945e+00
2.694203713681882413e-04 8.777769885558566898e+01 8.777676932807699473e+01 5.386956071623296956e-04 5.212036158287271626e+00
2.725432531281027707e-04 8.777437931209898636e+01 8.777342813807736377e+01 5.449379870807771449e-04 5.207015977593085765e+00
2.757023325609582747e-04 8.777098248171272132e+01 8.777000915772320866e+01 5.512526834674043221e-04 5.201995427067466871e+00
2.788980292380439777e-04 8.776750656771157821e+01 8.776651057862022753e+01 5.576405336262050530e-04 5.196974497898935397e+00
2.821307675939470740e-04 8.776394973173937331e+01 8.776293055046370739e+01 5.641023845449193727e-04 5.191953181068236667e+00
2.854009769829237591e-04 8.776031009283984474e+01 8.775926718007296756e+01 5.706390930067781241e-04 5.186931467343457669e+00
2.887090917359234400e-04 8.775658572647553513e+01 8.775551853040450112e+01 5.772515257035287567e-04 5.181909347275042599e+00
2.920555512182745244e-04 8.775277466352508782e+01 8.775168261954242155e+01 5.839405593497619526e-04 5.176886811190676951e+00
2.954407998880379709e-04 8.774887488925713797e+01 8.774775741966577414e+01 5.907070807985491607e-04 5.171863849190058815e+00
2.988652873550382482e-04 8.774488434228084088e+01 8.774374085599272632e+01 5.975519871584092542e-04 5.166840451139547596e+00
3.023294684405776131e-04 8.774080091347366306e+01 8.773963080570072748e+01 6.044761859116172141e-04 5.161816606666684848e+00
3.058338032378431388e-04 8.773662244488308204e+01 8.773542509682246759e+01 6.114805950338720762e-04 5.156792305154591638e+00
3.093787571730136510e-04 8.773234672860523631e+01 8.773112150711588697e+01 6.185661431153371536e-04 5.151767535736222925e+00
3.129648010670750265e-04 8.772797150563724244e+01 8.772671776291007006e+01 6.257337694830710732e-04 5.146742287288503803e+00
3.165924111983520412e-04 8.772349446470309431e+01 8.772221153792365556e+01 6.329844243248628540e-04 5.141716548426310318e+00
3.202620693657650080e-04 8.771891324105453691e+01 8.771760045205746792e+01 6.403190688144881583e-04 5.136690307496323271e+00
3.239742629528195514e-04 8.771422541524341909e+01 8.771288207015962257e+01 6.477386752384031937e-04 5.131663552570731035e+00
3.277294849923381931e-04 8.770942851186694611e+01 8.770805390076260721e+01 6.552442271238911225e-04 5.126636271440784043e+00
3.315282342319423150e-04 8.770451999828506473e+01 8.770311339479205515e+01 6.628367193686799481e-04 5.121608451610200952e+00
3.353710152002928996e-04 8.769949728330750816e+01 8.769805794424635792e+01 6.705171583720454355e-04 5.116580080288417598e+00
3.392583382740992125e-04 8.769435771585349926e+01 8.769288488084683308e+01 6.782865621674184688e-04 5.111551144383677858e+00
3.431907197459042598e-04 8.768909858357922360e+01 8.768759147465728176e+01 6.861459605565126780e-04 5.106521630495966413e+00
3.471686818926559680e-04 8.768371711147582914e+01 8.768217493267225393e+01 6.940963952449906568e-04 5.101491524909765651e+00
3.511927530450727588e-04 8.767821046043486888e+01 8.767663239737430558e+01 7.021389199796836253e-04 5.096460813586654481e+00
3.552634676578139260e-04 8.767257572578304803e+01 8.767096094525865624e+01 7.102746006873862216e-04 5.091429482157721509e+00
3.593813663804625697e-04 8.766680993578248149e+01 8.766515758532439406e+01 7.185045156152400836e-04 5.086397515915813017e+00
3.635469961293317630e-04 8.766091005009842263e+01 8.765921925753241339e+01 7.268297554727271449e-04 5.081364899807584656e+00
3.677609101601030626e-04 8.765487295823277236e+01 8.765314283122869199e+01 7.352514235752898855e-04 5.076331618425378167e+00
3.720236681413065759e-04 8.764869547792183369e+01 8.764692510353218324e+01 7.437706359895959914e-04 5.071297655998897369e+00
3.763358362286532656e-04 8.764237435349899386e+01 8.764056279768725233e+01 7.523885216804686738e-04 5.066262996386699413e+00
3.806979871402283821e-04 8.763590625422087044e+01 8.763405256137903621e+01 7.611062226594977193e-04 5.061227623067475534e+00
3.851107002325568655e-04 8.762928777255567070e+01 8.762739096501086067e+01 7.699248941353541457e-04 5.056191519131132850e+00
3.895745615775500948e-04 8.762251542243406277e+01 8.762057449994446756e+01 7.788457046658246209e-04 5.051154667269665666e+00
3.940901640403447737e-04 8.761558563746116590e+01 8.761359957669995424e+01 7.878698363115875427e-04 5.046117049767807394e+00
3.986581073580438726e-04 8.760849476908775557e+01 8.760646252311690318e+01 7.969984847917480205e-04 5.041078648493472869e+00
4.032789982193705223e-04 8.760123908474305665e+01 8.759915958247385959e+01 8.062328596411544182e-04 5.036039444887963512e+00
4.079534503452448896e-04 8.759381476592415083e+01 8.759168691156662589e+01 8.155741843695136963e-04 5.030999419955949570e+00
4.126820845702952015e-04 8.758621790624484049e+01 8.758404057874420801e+01 8.250236966223281057e-04 5.025958554255219646e+00
4.174655289253134888e-04 8.757844450943949255e+01 8.757621656190103465e+01 8.345826483436727481e-04 5.020916827886177103e+00
4.223044187206672164e-04 8.757049048732483243e+01 8.756821074642525105e+01 8.442523059408347120e-04 5.015874220481100210e+00
4.271993966306776428e-04 8.756235165771590800e+01 8.756001892310185042e+01 8.540339504508355755e-04 5.010830711193147380e+00
4.321511127789761839e-04 8.755402374229623774e+01 8.755163678596927923e+01 8.639288777088571184e-04 5.005786278685097734e+00
4.371602248248502198e-04 8.754550236444137568e+01 8.754305993012992815e+01 8.739383985185937695e-04 5.000740901117834980e+00
4.422273980505897289e-04 8.753678304699484158e+01 8.753428384951128294e+01 8.840638388245508714e-04 4.995694556138549736e+00
4.473533054498462949e-04 8.752786120999522268e+01 8.752530393458027902e+01 8.943065398863129416e-04 4.990647220868679845e+00
4.525386278170166862e-04 8.751873216835380731e+01 8.751611547000432267e+01 9.046678584548037199e-04 4.985598871891543382e+00
4.577840538376616304e-04 8.750939112948137222e+01 8.750671363226562960e+01 9.151491669505586049e-04 4.980549485239706975e+00
4.630902801799736631e-04 8.749983319086337019e+01 8.749709348721965796e+01 9.257518536440346307e-04 4.975499036382030837e+00
4.684580115873045137e-04 8.749005333758233860e+01 8.748724998760297922e+01 9.364773228379794524e-04 4.970447500210429581e+00
4.738879609717650920e-04 8.748004643978723038e+01 8.747717797048615296e+01 9.473269950518823247e-04 4.965394851026305290e+00
4.793808495089107069e-04 8.746980725010652691e+01 8.746687215467179044e+01 9.583023072085320110e-04 4.960341062526670619e+00
4.849374067335233355e-04 8.745933040100639744e+01 8.745632713803580316e+01 9.694047128227027644e-04 4.955286107789939720e+00
4.905583706365045484e-04 8.744861040209258363e+01 8.744553739481244747e+01 9.806356821919952685e-04 4.950229959261385204e+00
4.962444877628913436e-04 8.743764163735207262e+01 8.743449727281948469e+01 9.919967025898547650e-04 4.945172588738248720e+00
5.019965133110079530e-04 8.742641836233781305e+01 8.742320099062476402e+01 1.003489278460790004e-03 4.940113967354507807e+00
5.078152112327670659e-04 8.741493470129114485e+01 8.741164263465225304e+01 1.015114931617820552e-03 4.935054065565275927e+00
5.137013543351339135e-04 8.740318464420410294e+01 8.739981615622500044e+01 1.026875201442176535e-03 4.929992853130835684e+00
5.196557243827657369e-04 8.739116204381832631e+01 8.738771536854588362e+01 1.038771645085271840e-03 4.924930299100296338e+00
5.256791122018419265e-04 8.737886061255973402e+01 8.737533394361436478e+01 1.050805837672984288e-03 4.919866371794863191e+00
5.317723177850966487e-04 8.736627391940898235e+01 8.736266540907682554e+01 1.062979372512260975e-03 4.914801038790715282e+00
5.379361503980697925e-04 8.735339538670459092e+01 8.734970314501066468e+01 1.075293861300079820e-03 4.909734266901471855e+00
5.441714286865887004e-04 8.734021828687926359e+01 8.733644038064075232e+01 1.087750934334789834e-03 4.904666022160252048e+00
5.504789807854967333e-04 8.732673573912698828e+01 8.732287019098568237e+01 1.100352240729861797e-03 4.899596269801301140e+00
5.568596444286409188e-04 8.731294070599973622e+01 8.730898549343497450e+01 1.113099448630070366e-03 4.894524974241192261e+00
5.633142670601351629e-04 8.729882598993354748e+01 8.729477904425270651e+01 1.125994245430138188e-03 4.889452099059575119e+00
5.698437059469136636e-04 8.728438422970110366e+01 8.728024343500986504e+01 1.139038337995871945e-03 4.884377606979470876e+00
5.764488282925873171e-04 8.726960789679105801e+01 8.726537108894072503e+01 1.152233452887810273e-03 4.879301459847101619e+00
5.831305113526218760e-04 8.725448929171110990e+01 8.725015425722490647e+01 1.165581336587420865e-03 4.874223618611245534e+00
5.898896425508493501e-04 8.723902054021549191e+01 8.723458501519101560e+01 1.179083755725869294e-03 4.869144043302090274e+00
5.967271195973310833e-04 8.722319358945384238e+01 8.721865525844276590e+01 1.192742497315388414e-03 4.864062693009601368e+00
6.036438506075863814e-04 8.720700020404073882e+01 8.720235669890546149e+01 1.206559368983281706e-03 4.858979525861366611e+00
6.106407542232036075e-04 8.719043196204447099e+01 8.718568086079046964e+01 1.220536199208584888e-03 4.853894498999917317e+00
6.177187597338488134e-04 8.717348025089422947e+01 8.716861907647783880e+01 1.234674837561417415e-03 4.848807568559513115e+00
6.248788072006888211e-04 8.715613626320339336e+01 8.715116248231494467e+01 1.248977154945055124e-03 4.843718689642372510e+00
6.321218475812448011e-04 8.713839099250760967e+01 8.713330201432971478e+01 1.263445043840752402e-03 4.838627816294344797e+00
6.394488428556943443e-04 8.712023522891772132e+01 8.711502840385691115e+01 1.278080418555345996e-03 4.833534901479994872e+00
6.468607661546327617e-04 8.710165955468394827e+01 8.709633217307683140e+01 1.292885215471664510e-03 4.828439897057107189e+00
6.543586018883235361e-04 8.708265433967105196e+01 8.707720363046453826e+01 1.307861393301793700e-03 4.823342753750570644e+00
6.619433458774394430e-04 8.706320973674417019e+01 8.705763286614708818e+01 1.323010933343203837e-03 4.818243421125655068e+00
6.696160054853222054e-04 8.704331567706134365e+01 8.703760974716939813e+01 1.338335839737787511e-03 4.813141847560640230e+00
6.773775997517752102e-04 8.702296186527367183e+01 8.701712391266637781e+01 1.353838139733838652e-03 4.808037980218800911e+00
6.852291595284064167e-04 8.700213777462984410e+01 8.699616476893947947e+01 1.369519883950999018e-03 4.802931765019724963e+00
6.931717276155407569e-04 8.698083264198569964e+01 8.697472148443635831e+01 1.385383146648211166e-03 4.797823146609940359e+00
7.012063589007183975e-04 8.695903546271527773e+01 8.695278298463347255e+01 1.401430025994707639e-03 4.792712068332850350e+00
7.093341204987996815e-04 8.693673498552337264e+01 8.693033794681790027e+01 1.417662644344072111e-03 4.787598472197944766e+00
7.175560918936927952e-04 8.691391970715743298e+01 8.690737479477007810e+01 1.434083148511403538e-03 4.782482298849285662e+00
7.258733650817253023e-04 8.689057786701789610e+01 8.688388169334231748e+01 1.450693710053622531e-03 4.777363487533227371e+00
7.342870447166765678e-04 8.686669744166552221e+01 8.685984654293547180e+01 1.467496525552948808e-03 4.772241976065378921e+00
7.427982482564918871e-04 8.684226613922389504e+01 8.683525697386961895e+01 1.484493816903589836e-03 4.767117700796765334e+00
7.514081061116969704e-04 8.681727139367642110e+01 8.681010034064881609e+01 1.501687831601672104e-03 4.761990596579192214e+00
7.601177617955330547e-04 8.679170035905592329e+01 8.678436371611790889e+01 1.519080843038454710e-03 4.756860596729766577e+00
7.689283720758312941e-04 8.676553990352572043e+01 8.675803388551098294e+01 1.536675150796857139e-03 4.751727632994581896e+00
7.778411071286489781e-04 8.673877660335138273e+01 8.673109734038887098e+01 1.554473080951341776e-03 4.746591635511524743e+00
7.868571506936851423e-04 8.671139673676040616e+01 8.670354027246557393e+01 1.572476986371184769e-03 4.741452532772196804e+00
7.959777002314985571e-04 8.668338627769117011e+01 8.667534856732196147e+01 1.590689247027174706e-03 4.736310251582913189e+00
8.052039670825478267e-04 8.665473088942690083e+01 8.664650779800557245e+01 1.609112270301776620e-03 4.731164717024778810e+00
8.145371766280745229e-04 8.662541591811627484e+01 8.661700321851473916e+01 1.627748491302797749e-03 4.726015852412793983e+00
8.239785684528520143e-04 8.659542638617695332e+01 8.658681975716760348e+01 1.646600373180595383e-03 4.720863579253983922e+00
8.335293965098195066e-04 8.656474698558314174e+01 8.655594200985285624e+01 1.665670407448864750e-03 4.715707817204520147e+00
8.431909292866259040e-04 8.653336207103590993e+01 8.652435423316272534e+01 1.684961114309046614e-03 4.710548484025808058e+00
8.529644499741025759e-04 8.650125565301259201e+01 8.649204033740677744e+01 1.704475042978393197e-03 4.705385495539523788e+00
8.628512566366895297e-04 8.646841139069869087e+01 8.645898387950485642e+01 1.724214772021732955e-03 4.700218765581558600e+00
8.728526623848379762e-04 8.643481258479786788e+01 8.642516805576003946e+01 1.744182909686978243e-03 4.695048205954860165e+00
8.829699955494092365e-04 8.640044217022021655e+01 8.639057569450845619e+01 1.764382094244409038e-03 4.689873726381129870e+00
8.932045998580968784e-04 8.636528270864961598e+01 8.635518924864801704e+01 1.784814994329780857e-03 4.684695234451362822e+00
9.035578346138930074e-04 8.632931638098739313e+01 8.631899078804318037e+01 1.805484309291297646e-03 4.679512635575184376e+00
9.140310748756232161e-04 8.629252497967250690e+01 8.628196199180581516e+01 1.826392769540486488e-03 4.674325832928961866e+00
9.246257116405742597e-04 8.625488990087846730e+01 8.624408414045210236e+01 1.847543136907025532e-03 4.669134727402665774e+00
9.353431520292386373e-04 8.621639213658559697e+01 8.620533810793581608e+01 1.868938204997558535e-03 4.663939217545441274e+00
9.461848194722001460e-04 8.617701226652904722e+01 8.616570435355502866e+01 1.890580799558548054e-03 4.658739199509856377e+00
9.571521538991865398e-04 8.613673045002175854e+01 8.612516291373579236e+01 1.912473778843204811e-03 4.653534566994804500e+00
9.682466119303123836e-04 8.609552641765316139e+01 8.608369339368918816e+01 1.934620033982542000e-03 4.648325211187012584e+00
9.794696670695395360e-04 8.605337946286307726e+01 8.604127495894508115e+01 1.957022489360595117e-03 4.643111020701135239e+00
9.908228099003797609e-04 8.601026843339107586e+01 8.599788632675976885e+01 1.979684102993858018e-03 4.637891881518382498e+00
1.002307548283865382e-03 8.596617172260184248e+01 8.595350575740083343e+01 2.002607866914974267e-03 4.632667676923662547e+00
1.013925407558815411e-03 8.592106726068658418e+01 8.590811104530729381e+01 2.025796807560735577e-03 4.627438287441184350e+00
1.025677930744421868e-03 8.587493250574269155e+01 8.586167951012714639e+01 2.049253986164431378e-03 4.622203590768493520e+00
1.037566678745185890e-03 8.582774443472986547e+01 8.581418798763284883e+01 2.072982499152597417e-03 4.616963461708893490e+00
1.049593230558227598e-03 8.577947953430587802e+01 8.576561282051582680e+01 2.096985478546206996e-03 4.611717772102220003e+00
1.061759183483000071e-03 8.573011379154307576e+01 8.571592984906061474e+01 2.121266092366362512e-03 4.606466390753911178e+00
1.074066153333433447e-03 8.567962268452495778e+01 8.566511440170170033e+01 2.145827545044522860e-03 4.601209183362352739e+00
1.086515774652538433e-03 8.562798117282761723e+01 8.561314128546240454e+01 2.170673077837328296e-03 4.595946012444428241e+00
1.099109700929497193e-03 8.557516368788496663e+01 8.555998477628057231e+01 2.195805969246060908e-03 4.590676737259251183e+00
1.111849604819271095e-03 8.552114412324186787e+01 8.550561860922006474e+01 2.221229535440800984e-03 4.585401213730013303e+00
1.124737178364752007e-03 8.546589582469646018e+01 8.545001596857325410e+01 2.246947130689319182e-03 4.580119294363917071e+00
1.137774133221491381e-03 8.540939158033486933e+01 8.539314947785565835e+01 2.272962147790766503e-03 4.574830828170127539e+00
1.150962200885032299e-03 8.535160361046082755e+01 8.533499118969602648e+01 2.299278018514205012e-03 4.569535660575708036e+00
1.164303132920876775e-03 8.529250355742323109e+01 8.527551257562507203e+01 2.325898214042032217e-03 4.564233633339467744e+00
1.177798701197119331e-03 8.523206247534638180e+01 8.521468451576728853e+01 2.352826245418357214e-03 4.558924584463690977e+00
1.191450698119775895e-03 8.517025081976528611e+01 8.515247728843796438e+01 2.380065664002375871e-03 4.553608348103668213e+00
1.205260936870842505e-03 8.510703843717061545e+01 8.508886055965213302e+01 2.407620061926799698e-03 4.548284754474991587e+00
1.219231251649110712e-03 8.504239455446936802e+01 8.502380337254747644e+01 2.435493072561393472e-03 4.542953629758540224e+00
1.233363497913775872e-03 8.497628776836309328e+01 8.495727413672953787e+01 2.463688370981674969e-03 4.537614796003112794e+00
1.247659552630869806e-03 8.490868603465297326e+01 8.488924061754022432e+01 2.492209674442835352e-03 4.532268071025622014e+00
1.262121314522547276e-03 8.483955665747423325e+01 8.481966992526059812e+01 2.521060742858926597e-03 4.526913268308808469e+00
1.276750704319265777e-03 8.476886627846808153e+01 8.474852850425064332e+01 2.550245379287384949e-03 4.521550196896397367e+00
1.291549665014883998e-03 8.469658086589751633e+01 8.467578212203385135e+01 2.579767430418935040e-03 4.516178661285629836e+00
1.306520162124721234e-03 8.462266570371390628e+01 8.460139585833536557e+01 2.609630787072939745e-03 4.510798461317102159e+00
1.321664183946605082e-03 8.454708538058183365e+01 8.452533409407928389e+01 2.639839384698249112e-03 4.505409392061837437e+00
1.336983741824946661e-03 8.446980377887237523e+01 8.444756050035583428e+01 2.670397203879608643e-03 4.500011243705526631e+00
1.352480870417875451e-03 8.439078406363096008e+01 8.436803802736562830e+01 2.701308270849685049e-03 4.494603801429843060e+00
1.368157627967471913e-03 8.430998867153188314e+01 8.428672889335183527e+01 2.732576658006767144e-03 4.489186845290769057e+00
1.384016096573131502e-03 8.422737929982797311e+01 8.420359457353035282e+01 2.764206484438207819e-03 4.483760150093850427e+00
1.400058382468097589e-03 8.414291689530637086e+01 8.411859578902846124e+01 2.796201916449656943e-03 4.478323485266284543e+00
1.416286616299198848e-03 8.405656164326397572e+01 8.403169249584442468e+01 2.828567168100155470e-03 4.472876614725773692e+00
1.432702953409831009e-03 8.396827295651081613e+01 8.394284387383949309e+01 2.861306501743150592e-03 4.467419296746038881e+00
1.449309574126216591e-03 8.387800946441883809e+01 8.385200831577644465e+01 2.894424228573487436e-03 4.461951283818915037e+00
1.466108684046984459e-03 8.378572900202628659e+01 8.375914341641855287e+01 2.927924709180450627e-03 4.456472322512928130e+00
1.483102514336104337e-03 8.369138859921497442e+01 8.366420596170257795e+01 2.961812354106909892e-03 4.450982153328254753e+00
1.500293322019218348e-03 8.359494446997369721e+01 8.356715191800320497e+01 2.996091624414636521e-03 4.445480510547969111e+00
1.517683390283405343e-03 8.349635200176632566e+01 8.346793642150502990e+01 3.030767032255857023e-03 4.439967122085477946e+00
1.535275028780422714e-03 8.339556574501968100e+01 8.336651376769857791e+01 3.065843141451108592e-03 4.434441709328024395e+00
1.553070573933460147e-03 8.329253940275253854e+01 8.326283740102051922e+01 3.101324568073455818e-03 4.428903986976163054e+00
1.571072389247450424e-03 8.318722582036089364e+01 8.315685990465668453e+01 3.137215981039144508e-03 4.423353662879088155e+00
1.589282865622978049e-03 8.307957697558528309e+01 8.304853299052959414e+01 3.173522102704754225e-03 4.417790437865704689e+00
1.607704421673823627e-03 8.296954396867634784e+01 8.293780748949085080e+01 3.210247709470912848e-03 4.412214005571304831e+00
1.626339504048192157e-03 8.285707701278521142e+01 8.282463334174256886e+01 3.247397632392650790e-03 4.406624052259751956e+00
1.645190587753662514e-03 8.274212542460136888e+01 8.270895958751255250e+01 3.284976757796454708e-03 4.401020256641016815e+00
1.664260176485903671e-03 8.262463761526255723e+01 8.259073435800672769e+01 3.322990027904091856e-03 4.395402289683956631e+00
1.683550802961202323e-03 8.250456108156438972e+01 8.246990486666807385e+01 3.361442441463281805e-03 4.389769814424178129e+00
1.703065029252844422e-03 8.238184239749692495e+01 8.234641740076899907e+01 3.400339054385275415e-03 4.384122485766871691e+00
1.722805447131393972e-03 8.225642720613745951e+01 8.222021731336670314e+01 3.439684980389415628e-03 4.378459950284435465e+00
1.742774678408919205e-03 8.212826021193122017e+01 8.209124901565310495e+01 3.479485391654757714e-03 4.372781846008772177e+00
1.762975375287205784e-03 8.199728517339080724e+01 8.195945596973260194e+01 3.519745519478812302e-03 4.367087802218079240e+00
1.783410220710008025e-03 8.186344489624943321e+01 8.182478068186063069e+01 3.560470654943488373e-03 4.361377439217984708e+00
1.804081928719382779e-03 8.172668122710314265e+01 8.168716469618024689e+01 3.601666149588313420e-03 4.355650368116854132e+00
1.824993244816152391e-03 8.158693504757980008e+01 8.154654858899368719e+01 3.643337416090991054e-03 4.349906190595105748e+00
1.846146946324547485e-03 8.144414626907261834e+01 8.140287196360847588e+01 3.685489928955392337e-03 4.344144498668338628e+00
1.867545842761075955e-03 8.129825382808026291e+01 8.125607344580072322e+01 3.728129225207033309e-03 4.338364874444118335e+00
1.889192776207666326e-03 8.114919568219588086e+01 8.110609067993561894e+01 3.771260905096132827e-03 4.332566889872191851e+00
1.911090621689137941e-03 8.099690880679011684e+01 8.095286032579487312e+01 3.814890632808314464e-03 4.326750106487973646e+00
1.933242287555045260e-03 8.084132919243398874e+01 8.079631805615400708e+01 3.859024137183039195e-03 4.320914075149066669e+00
1.955650715865949168e-03 8.068239184311130430e+01 8.063639855516193222e+01 3.903667212439839579e-03 4.315058335764623720e+00
1.978318882784164089e-03 8.052003077527118080e+01 8.047303551757305229e+01 3.948825718912436951e-03 4.309182417017331623e+00
2.001249798969036847e-03 8.035417901777455540e+01 8.030616164888540709e+01 3.994505583790824467e-03 4.303285836077777482e+00
2.024446509976803900e-03 8.018476861278898582e+01 8.013570866644248269e+01 4.040712801871382785e-03 4.297368098310982099e+00
2.047912096665085481e-03 8.001173061768997741e+01 7.996160730155494889e+01 4.087453436315126830e-03 4.291428696974829649e+00
2.071649675602069141e-03 7.983499510803095234e+01 7.978378730270513586e+01 4.134733619414154328e-03 4.285467112910176901e+00
2.095662399480432980e-03 7.965449118164157483e+01 7.960217743989736050e+01 4.182559553366370711e-03 4.279482814222346221e+00
2.119953457536071038e-03 7.947014696392199085e+01 7.941670551021890390e+01 4.230937511058590131e-03 4.273475255953749219e+00
2.144526075971667656e-03 7.928188961440065441e+01 7.922729834468232468e+01 4.279873836858083709e-03 4.267443879747363944e+00
2.169383518385184159e-03 7.908964533462533097e+01 7.903388181641847154e+01 4.329374947412655689e-03 4.261388113500750308e+00
2.194529086203313769e-03 7.889333937746214076e+01 7.883638085029640763e+01 4.379447332459347232e-03 4.255307371010332851e+00
2.219966119119954652e-03 7.869289605787840003e+01 7.863471943404518072e+01 4.430097555641830318e-03 4.249201051605602686e+00
2.245697995539773940e-03 7.848823876528778953e+01 7.842882063095981948e+01 4.481332255336600151e-03 4.243068539772944625e+00
2.271728133026905232e-03 7.827928997754095519e+01 7.821860659427203188e+01 4.533158145488036354e-03 4.236909204768720905e+00
2.298059988758851136e-03 7.806597127664679192e+01 7.800399858327367042e+01 4.585582016452423131e-03 4.230722400221279322e+00
2.324697059985648094e-03 7.784820336631052839e+01 7.778491698128073040e+01 4.638610735851023820e-03 4.224507463721509204e+00
2.351642884494348565e-03 7.762590609138369757e+01 7.756128131553016658e+01 4.692251249432280100e-03 4.218263716401566832e+00
2.378901041078893431e-03 7.739899845931670086e+01 7.733301027910613357e+01 4.746510581943255529e-03 4.211990462501378651e+00
2.406475150015424062e-03 7.716739866371365508e+01 7.710002175499279531e+01 4.801395838010365062e-03 4.205686988922503922e+00
2.434368873543110365e-03 7.693102411009091668e+01 7.686223284235599351e+01 4.856914203029539731e-03 4.199352564768926932e+00
2.462585916350546866e-03 7.668979144394181446e+01 7.661955988515958893e+01 4.913072944065859440e-03 4.192986440874345355e+00
2.491130026067788373e-03 7.644361658121661662e+01 7.637191850322457753e+01 4.969879410762786595e-03 4.186587849315475118e+00
2.520004993764092018e-03 7.619241474132786607e+01 7.611922362584249413e+01 5.027341036261074279e-03 4.180156002910902835e+00
2.549214654451422910e-03 7.593610048279533942e+01 7.586138952805852398e+01 5.085465338127442662e-03 4.173690094704961773e+00
2.578762887593801043e-03 7.567458774164880708e+01 7.559832986974352309e+01 5.144259919293117309e-03 4.167189297436139306e+00
2.608653617622547997e-03 7.540778987270891776e+01 7.532995773757619418e+01 5.203732469002327402e-03 4.160652762989434095e+00
2.638890814457510187e-03 7.513561969386968542e+01 7.505618569005983431e+01 5.263890763770856691e-03 4.154079621832111435e+00
2.669478494034320699e-03 7.485798953351249452e+01 7.477692580570494840e+01 5.324742668354736502e-03 4.147468982432271467e+00
2.700420718837772543e-03 7.457481128117930780e+01 7.449208973450572557e+01 5.386296136729179680e-03 4.140819930659581871e+00
2.731721598441376204e-03 7.428599644164168581e+01 7.420158875284887756e+01 5.448559213077856962e-03 4.134131529167557773e+00
2.763385290053169997e-03 7.399145619250036532e+01 7.390533382199038215e+01 5.511540032792605973e-03 4.127402816756688964e+00
2.795415999067856535e-03 7.369110144545805952e+01 7.360323565024319237e+01 5.575246823483670858e-03 4.120632807717731438e+00
2.827817979625341181e-03 7.338484291140589733e+01 7.329520475901833265e+01 5.639687906000574041e-03 4.113820491154408288e+00
2.860595535175741895e-03 7.307259116947128064e+01 7.298115155286734534e+01 5.704871695463714643e-03 4.106964830284749013e+00
2.893753019050950264e-03 7.275425674017478173e+01 7.266098639367480416e+01 5.770806702306797639e-03 4.100064761720283002e+00
2.927294835042816134e-03 7.242975016284762546e+01 7.233461967915491186e+01 5.837501533330184851e-03 4.093119194722222964e+00
2.961225437988034351e-03 7.209898207746181242e+01 7.200196192580237664e+01 5.904964892765280499e-03 4.086127010433765250e+00
2.995549334359812969e-03 7.176186331103076554e+01 7.166292385645864726e+01 5.973205583350041543e-03 4.079087061087584232e+00
3.030271082866396216e-03 7.141830496873474488e+01 7.131741649264851901e+01 6.042232507415717761e-03 4.071998169187564187e+00
3.065395295056526793e-03 7.106821852993259370e+01 7.096535125184770720e+01 6.112054667984924763e-03 4.064859126663738387e+00
3.100926635931926852e-03 7.071151594921791173e+01 7.060664004984252529e+01 6.182681169881151448e-03 4.057668693999396226e+00
3.136869824566876613e-03 7.034810976268222760e+01 7.024119540834354325e+01 6.254121220849806831e-03 4.050425599329239290e+00
3.173229634734976452e-03 6.997791319954495748e+01 6.986893056801469015e+01 6.326384132690906006e-03 4.043128537507414855e+00
3.210010895543171858e-03 6.960084029931493887e+01 6.948975960708104083e+01 6.399479322403503652e-03 4.035776169144225989e+00
3.247218492073128838e-03 6.921680603464020010e+01 6.910359756567706313e+01 6.473416313341970492e-03 4.028367119610209990e+00
3.284857366030043482e-03 6.882572644001271556e+01 6.871036057609580894e+01 6.548204736384238486e-03 4.020899978006268860e+00
3.322932516398971556e-03 6.842751874648077148e+01 6.830996599909956046e+01 6.623854331112094540e-03 4.013373296098410314e+00
3.361449000108765288e-03 6.802210152253168474e+01 6.790233256644836501e+01 6.700374947003646768e-03 4.005785587215640930e+00
3.400411932703706255e-03 6.760939482129680300e+01 6.748738052980235125e+01 6.777776544638061326e-03 3.998135325109426486e+00
3.439826489022924580e-03 6.718932033423006089e+01 6.706503181614850462e+01 6.856069196912685168e-03 3.990420942773102553e+00
3.479697903887691603e-03 6.676180155140895067e+01 6.663521018989899858e+01 6.935263090272653606e-03 3.982640831219485644e+00
3.520031472796678832e-03 6.632676392859823977e+01 6.619784142180387221e+01 7.015368525953091967e-03 3.974793338214887672e+00
3.560832552629277729e-03 6.588413506121561625e+01 6.575285346481324211e+01 7.096395921234025829e-03 3.966876766967603274e+00
3.602106562357070083e-03 6.543384486532620770e+01 6.530017663701907793e+01 7.178355810708102192e-03 3.958889374768866265e+00
3.643858983763544404e-03 6.497582576579068814e+01 6.483974381179756108e+01 7.261258847561234339e-03 3.950829371584144933e+00
3.686095362172158059e-03 6.451001289167886910e+01 6.437149061526434934e+01 7.345115804866280546e-03 3.942694918592534403e+00
3.728821307182833642e-03 6.403634427905228677e+01 6.389535563114434780e+01 7.429937576889856371e-03 3.934484126671885740e+00
3.772042493416997554e-03 6.355476108120813450e+01 6.341128061314717712e+01 7.515735180412415860e-03 3.926195054827173347e+00
3.815764661271248397e-03 6.306520778646379455e+01 6.291921070492549006e+01 7.602519756061677098e-03 3.917825708559468101e+00
3.859993617679767074e-03 6.256763244354714715e+01 6.241909466767943115e+01 7.690302569659536978e-03 3.909374038172731769e+00
3.904735236885560103e-03 6.206198689464270757e+01 6.191088511545495265e+01 7.779095013582561918e-03 3.900837937015487977e+00
3.949995461220642823e-03 6.154822701612684455e+01 6.139453875816589346e+01 7.868908608136175944e-03 3.892215239654261083e+00
3.995780301895269192e-03 6.102631296700440799e+01 6.087001665235086989e+01 7.959755002942671062e-03 3.883503719975487822e+00
4.042095839796309639e-03 6.049620944504243170e+01 6.033728445965416398e+01 8.051645978343124899e-03 3.874701089212412963e+00
4.088948226294864159e-03 5.995788595056954051e+01 5.979631271299901130e+01 8.144593446813326240e-03 3.865804993893283026e+00
4.136343684063278035e-03 5.941131705788834694e+01 5.924707709039358150e+01 8.238609454393927903e-03 3.856813013706911875e+00
4.184288507901584922e-03 5.885648269422072332e+01 5.868955869628662469e+01 8.333706182134763621e-03 3.847722659281483715e+00
4.232789065573553354e-03 5.829336842607652613e+01 5.812374435035712139e+01 8.429895947553592631e-03 3.838531369872174803e+00
4.281851798652415615e-03 5.772196575290584519e+01 5.754962688359274381e+01 8.527191206109317051e-03 3.829236510952927386e+00
4.331483223376403000e-03 5.714227240786034656e+01 5.696720544147857623e+01 8.625604552689784821e-03 3.819835371707413607e+00
4.381689931514195016e-03 5.655429266545637290e+01 5.637648579407781568e+01 8.725148723114322172e-03 3.810325162413901623e+00
4.432478591240400501e-03 5.595803765588853196e+01 5.577748065275108047e+01 8.825836595651070232e-03 3.800703011718421731e+00
4.483855948021191196e-03 5.535352568570669973e+01 5.517020999321642449e+01 8.927681192549283620e-03 3.790965963790260851e+00
4.535828825510191016e-03 5.474078256452207825e+01 5.455470138460837148e+01 9.030695681586653478e-03 3.781110975353428216e+00
4.588404126454761513e-03 5.411984193736198279e+01 5.393099032414670546e+01 9.134893377631818009e-03 3.771134912587315924e+00
4.641588833612782412e-03 5.349074562224227236e+01 5.329912057697497829e+01 9.240287744222135113e-03 3.761034547889349433e+00
4.695390010680062544e-03 5.285354395247479431e+01 5.265914452067547558e+01 9.346892395156848957e-03 3.750806556491917299e+00
4.749814803228504315e-03 5.220829612316943980e+01 5.201112349391021183e+01 9.454721096105778849e-03 3.740447512925376472e+00
4.804870439655133628e-03 5.155507054133258293e+01 5.135512814857719377e+01 9.563787766233592877e-03 3.729953887318353534e+00
4.860564232142139222e-03 5.089394517889930825e+01 5.069123880480876210e+01 9.674106479839839762e-03 3.719322041525970235e+00
4.916903577628031589e-03 5.022500792797289648e+01 5.001954580807224460e+01 9.785691468014806604e-03 3.708548225075979587e+00
4.973895958790068052e-03 4.954835695747387092e+01 4.934014988756150188e+01 9.898557120311349961e-03 3.697628570922073532e+00
5.031548945038056761e-03 4.886410107032958194e+01 4.865316251499785238e+01 1.001271798643277311e-02 3.686559090992904242e+00
5.089870193519685330e-03 4.817236006026002570e+01 4.795870626287915428e+01 1.012818877793689870e-02 3.675335671524505798e+00
5.148867450137497269e-03 4.747326506713369554e+01 4.725691516113833046e+01 1.024498436995642872e-02 3.663954068162942779e+00
5.208548550577665401e-03 4.676695892978776925e+01 4.654793505108843732e+01 1.036311980293570280e-02 3.652409900823049949e+00
5.268921421350676766e-03 4.605359653512061868e+01 4.583192393544575083e+01 1.048261028438397281e-02 3.640698648288076988e+00
5.329994080844092930e-03 4.533334516217394849e+01 4.510905232313289304e+01 1.060347119064530656e-02 3.628815642533954833e+00
5.391774640387505396e-03 4.460638481983347958e+01 4.437950356747219871e+01 1.072571806868521417e-02 3.616756062760650980e+00
5.454271305329836186e-03 4.387290857668016031e+01 4.364347419628496993e+01 1.084936663789412385e-02 3.604514929111787502e+00
5.517492376129128420e-03 4.313312288142826390e+01 4.290117423231497185e+01 1.097443279190780767e-02 3.592087096062243745e+00
5.581446249454966556e-03 4.238724787228783697e+01 4.215282750229517461e+01 1.110093260044487176e-02 3.579467245451912305e+00
5.646141419303672866e-03 4.163551767348656085e+01 4.139867193287618363e+01 1.122888231116140473e-02 3.566649879142094193e+00
5.711586478126434545e-03 4.087818067708501957e+01 4.063895983153147284e+01 1.135829835152290385e-02 3.553629311269165036e+00
5.777790117970507157e-03 4.011549980811435745e+01 3.987395815045163516e+01 1.148919733069358497e-02 3.540399660068153764e+00
5.844761131633637551e-03 3.934775277096052548e+01 3.910394873133544991e+01 1.162159604144316280e-02 3.526954839236707606e+00
5.912508413831881436e-03 3.857523227481575390e+01 3.832922852888138721e+01 1.175551146207124906e-02 3.513288548807527611e+00
5.981040962380944001e-03 3.779824623591175481e+01 3.755010981067993470e+01 1.189096075834940314e-02 3.499394265494814249e+00
6.050367879391223974e-03 3.701711795414691863e+01 3.676692033110518310e+01 1.202796128548101404e-02 3.485265232477432029e+00
6.120498372476702517e-03 3.623218626161749967e+01 3.598000347670394916e+01 1.216653059007904818e-02 3.470894448578475622e+00
6.191441755977847815e-03 3.544380564046412729e+01 3.518971838048394574e+01 1.230668641216181754e-02 3.456274656797573286e+00
6.263207452198692356e-03 3.465234630734927634e+01 3.439644000241025878e+01 1.244844668716682361e-02 3.441398332148684958e+00
6.335804992658253774e-03 3.385819426179050140e+01 3.360055917333056641e+01 1.259182954798280206e-02 3.426257668752178187e+00
6.409244019356457114e-03 3.306175129548920211e+01 3.280248259946946376e+01 1.273685332700006181e-02 3.410844566125736499e+00
6.483534286054726779e-03 3.226343495971489972e+01 3.200263282455717473e+01 1.288353655817918442e-02 3.395150614613979378e+00
6.558685659571435525e-03 3.146367848773676101e+01 3.120144814659348853e+01 1.303189797913823639e-02 3.379167079891645997e+00
6.634708121092351002e-03 3.066293066923108412e+01 3.039938248619374406e+01 1.318195653325851709e-02 3.362884886469748036e+00
6.711611767496287149e-03 2.986165567354420602e+01 2.959690520341994358e+01 1.333373137180898435e-02 3.346294600128163488e+00
6.789406812696112230e-03 2.906033281865377660e+01 2.879450085997293840e+01 1.348724185608942555e-02 3.329386409191789742e+00
6.868103588995307790e-03 2.825945628264622655e+01 2.799266892360807901e+01 1.364250755959247469e-02 3.312150104560510400e+00
6.947712548460239883e-03 2.745953475452309789e+01 2.719192341164164617e+01 1.379954827018451367e-02 3.294575058395872169e+00
7.028244264308352446e-03 2.666109102115843044e+01 2.639279247044087384e+01 1.395838399230563825e-02 3.276650201359521120e+00
7.109709432312438099e-03 2.586466148726066194e+01 2.559581788783719958e+01 1.411903494918864861e-02 3.258363998290138230e+00
7.192118872221192789e-03 2.507079562524591765e+01 2.480155453547497757e+01 1.428152158509725204e-02 3.239704422196865607e+00
7.275483529196232965e-03 2.428005535200517429e+01 2.401056973820681151e+01 1.444586456758348812e-02 3.220658926438105585e+00
7.359814475265771296e-03 2.349301432965351211e+01 2.322344256777780203e+01 1.461208478976446304e-02 3.201214414945257491e+00
7.445122910795143496e-03 2.271025718748012068e+01 2.244076305820286166e+01 1.478020337261851287e-02 3.181357210341573705e+00
7.531420165974375344e-03 2.193237866248281875e+01 2.166313134044249367e+01 1.495024166730077667e-02 3.161073019797168815e+00
7.618717702322998914e-03 2.115998265606746642e+01 2.089115669422136179e+01 1.512222125747835107e-02 3.140346898452680779e+00
7.707027114212303652e-03 2.039368120472664003e+01 2.012545651511814171e+01 1.529616396168499877e-02 3.119163210236708839e+00
7.796360130405236531e-03 1.963409336278263595e+01 1.936665519538624380e+01 1.547209183569554086e-02 3.097505585896721314e+00
7.886728615614155974e-03 1.888184399559481363e+01 1.861538291734817463e+01 1.565002717491996431e-02 3.075356878060659938e+00
7.978144572076628638e-03 1.813756248198513177e+01 1.787227435864615543e+01 1.582999251681728795e-02 3.052699113148475085e+00
8.070620141149507584e-03 1.740188132503875806e+01 1.713796730913275468e+01 1.601201064332928928e-02 3.029513439961244448e+00
8.164167604921472240e-03 1.667543467088588471e+01 1.641310119975417692e+01 1.619610458333407832e-02 3.005780074793160672e+00
8.258799387844271284e-03 1.595885673556887063e+01 1.569831554442011701e+01 1.638229761511961549e-02 2.981478242942153134e+00
8.354528058382871408e-03 1.525278014064975451e+01 1.499424829657625402e+01 1.657061326887722744e-02 2.956586116543420850e+00
8.451366330684721012e-03 1.455783415881612974e+01 1.430153412300485982e+01 1.676107532921507909e-02 2.931080748723551732e+00
8.549327066268383804e-03 1.387464287139980357e+01 1.362080259828470652e+01 1.695370783769175813e-02 2.904938004180672273e+00
8.648423275731726215e-03 1.320382324043468003e+01 1.295267632435291993e+01 1.714853509536991977e-02 2.878132486451153937e+00
8.748668120479913615e-03 1.254598309864625882e+01 1.229776898073846425e+01 1.734558166539003007e-02 2.850637462343398543e+00
8.850074914473439122e-03 1.190171906158701809e+01 1.165668331229122678e+01 1.754487237556428755e-02 2.822424784328353198e+00
8.952657125996400095e-03 1.127161436700626851e+01 1.103000906262156988e+01 1.774643232099068837e-02 2.793464812107691042e+00
9.056428379445294677e-03 1.065623664747078259e+01 1.041832086300206761e+01 1.795028686668728723e-02 2.763726335179406135e+00
9.161402457138520528e-03 1.005613564323018139e+01 9.822176088168893315e+00 1.815646165024662265e-02 2.733176499049017494e+00
9.267593301146882789e-03 9.471840863344612060e+00 9.242112692285763487e+00 1.836498258451040727e-02 2.701780738877624266e+00
9.375015015145289968e-03 8.903859204160456287e+00 8.678647040268920421e+00 1.857587586026437573e-02 2.669502725931828913e+00
9.483681866285927423e-03 8.352672535323643288e+00 8.132271751643033397e+00 1.878916794895335585e-02 2.636304334362614910e+00
9.593608287093146128e-03 7.818735264657338035e+00 7.603453575958541322e+00 1.900488560541657018e-02 2.602145638803157635e+00
9.704808877380306092e-03 7.302471894390482277e+00 7.092631320271170381e+00 1.922305587064311247e-02 2.566984957321648331e+00
9.817298406188841586e-03 6.804274582399964189e+00 6.600213849763715501e+00 1.944370607454759536e-02 2.530778959762296498e+00
9.931091813749801447e-03 6.324500723309419037e+00 6.126578181408659951e+00 1.966686383876597999e-02 2.493482868918250439e+00
1.004620421346813161e-02 5.863470565462497675e+00 5.672067686169831369e+00 1.989255707947154561e-02 2.455050791853685244e+00
1.016265089392995140e-02 5.421464880943163145e+00 5.236990405265881776e+00 2.012081401021092661e-02 2.415436231615540663e+00
1.028044732093309765e-02 4.998722706936294280e+00 4.821617466846804589e+00 2.035166314476025140e-02 2.374592846040213256e+00
1.039960913954120388e-02 4.595439177792125740e+00 4.426181555894669550e+00 2.058513330000127928e-02 2.332475540483392784e+00
1.052015217616159015e-02 4.211763468159944956e+00 4.050875335734730243e+00 2.082125359881751778e-02 2.289042004315851919e+00
1.064209244064724669e-02 3.847796868470393594e+00 3.695849637957232758e+00 2.106005347301027550e-02 2.244254824503284063e+00
1.076544612842315896e-02 3.503591014850909069e+00 3.361211127233870499e+00 2.130156266623451158e-02 2.198084328482110106e+00
1.089022962263730583e-02 3.179146296231870839e+00 3.047019020522345301e+00 2.154581123695454778e-02 2.150512314575510064e+00
1.101645949633657008e-02 2.874410461919211457e+00 2.753280334870193968e+00 2.179282956141941410e-02 2.101536810543991773e+00
1.114415251466788215e-02 2.589277453245550031e+00 2.479943127967029870e+00 2.204264833665786974e-02 2.051177949281325574e+00
1.127332563710487130e-02 2.323586483041571338e+00 2.226887376402535867e+00 2.229529858349292917e-02 1.999484960495369279e+00
1.140399601970033122e-02 2.077121386564080741e+00 1.993913573922178495e+00 2.255081164957584150e-02 1.946544152275406114e+00
1.153618101736478448e-02 1.849610267149341514e+00 1.780729786445742757e+00 2.280921921243937028e-02 1.892487604150213665e+00
1.166989818617147553e-02 1.640725459202415637e+00 1.586938600015699530e+00 2.307055328257033230e-02 1.837502113880338017e+00
1.180516528568805595e-02 1.450083830156992271e+00 1.412025917928370511e+00 2.333484620650116970e-02 1.781837725407273032e+00
1.194200028133532432e-02 1.277247441718756704e+00 1.255353759241371270e+00 2.360213066992055547e-02 1.725814916994691695e+00
1.208042134677328981e-02 1.121724589013317175e+00 1.116159058850730856e+00 2.387243970080275487e-02 1.669829283348683191e+00
1.222044686631488727e-02 9.829712341727807612e-01 9.935599932961537428e-01 2.414580667255569052e-02 1.614352376816770018e+00
1.236209543736769070e-02 8.603928483925713522e-01 8.865705705256741176e-01 2.442226530718753785e-02 1.559927366095738677e+00
1.250538587290391315e-02 7.533466735541949344e-01 7.941231715254082335e-01 2.470184967849164276e-02 1.507158393859955092e+00
1.265033720395903824e-02 6.611444111269400015e-01 7.150975627251588973e-01 2.498459421524963642e-02 1.456692997546612300e+00
1.279696868215941634e-02 5.830553422240429828e-01 6.483538534379124085e-01 2.527053370445251149e-02 1.409197682224623049e+00
1.294529978227916024e-02 5.183098783946243904e-01 5.927662074365287470e-01 2.555970329453952777e-02 1.365327629226924522e+00
1.309535020482667685e-02 4.661035379872071616e-01 5.472539934319140542e-01 2.585213849865467678e-02 1.325692465473840898e+00
1.324713987866117486e-02 4.256013377376028362e-01 5.108074810111543629e-01 2.614787519792051082e-02 1.290820845640967329e+00
1.340068896363950761e-02 3.959425836364860452e-01 4.825060154942987234e-01 2.644694964472914245e-02 1.261127143821804131e+00
1.355601785329368925e-02 3.762460391539575455e-01 4.615276176485831883e-01 2.674939846605010538e-02 1.236883674008289802e+00
1.371314717753945554e-02 3.656154425849007517e-01 4.471499408965885491e-01 2.705525866675491387e-02 1.218201487243741221e+00
1.387209780541620932e-02 3.631453386878867318e-01 4.387433409216788815e-01 2.736456763295797359e-02 1.205021947397824755e+00
1.403289084785873213e-02 3.679271829930246263e-01 4.357574241653804914e-01 2.767736313537361506e-02 1.197120083228271126e+00
1.419554766050101606e-02 3.790556702358355290e-01 4.377028654178385936e-01 2.799368333268896503e-02 1.194119344215115897e+00
1.436008984651260603e-02 3.956352314351751498e-01 4.441305656888823172e-01 2.831356677495235064e-02 1.195516080307596596e+00
1.452653925946781159e-02 4.167866372885342119e-01 4.546103829247368222e-01 2.863705240697691709e-02 1.200711036138583765e+00
1.469491800624817164e-02 4.416536389378854510e-01 4.687116893222418312e-01 2.896417957175910843e-02 1.209044553287476287e+00
1.486524844997857107e-02 4.694095709085692736e-01 4.859878358434376322e-01 2.929498801391176507e-02 1.219832074462429583e+00
1.503755321299738400e-02 4.992638353011286667e-01 5.059661859373000281e-01 2.962951788311134899e-02 1.232396908703286220e+00
1.521185517986104775e-02 5.304681812930420737e-01 5.281447132571810421e-01 2.996780973755906741e-02 1.246097934097772031e+00
1.538817750038346324e-02 5.623226898661426443e-01 5.519953160810266990e-01 3.030990454745541296e-02 1.260350823887245619e+00
1.556654359271062056e-02 5.941813706067273770e-01 5.769731292164816949e-01 3.065584369848775928e-02 1.274642314555377132e+00
1.574697714643086624e-02 6.254572756250341703e-01 6.025303860746582529e-01 3.100566899533060972e-02 1.288537847246571832e+00
1.592950212572123020e-02 6.556270353062952916e-01 6.281329397902664091e-01 3.135942266515808624e-02 1.301683510133245347e+00
1.611414277253019750e-02 6.842347219314584006e-01 6.532774491377337789e-01 3.171714736116815203e-02 1.313803546810547562e+00
1.630092360979741237e-02 7.108949503781242241e-01 6.775074325447888457e-01 3.207888616611818261e-02 1.324694783542306409e+00
1.648986944471064753e-02 7.352951303029087171e-01 7.004267894040715481e-01 3.244468259587132697e-02 1.334219218460033218e+00
1.668100537200059227e-02 7.571967915660154924e-01 7.217098741769615300e-01 3.281458060295332907e-02 1.342295789209069889e+00
1.687435677727375585e-02 7.764359143088422899e-01 7.411077069509871551e-01 3.318862458011901523e-02 1.348892075090867948e+00
1.706994934038407949e-02 7.929222071213100076e-01 7.584503567773993593e-01 3.356685936392825309e-02 1.354016450968271501e+00
1.726780903884355886e-02 8.066372911765328224e-01 7.736458851773942991e-01 3.394933023833055646e-02 1.357711009158504734e+00
1.746796215127245644e-02 8.176317650522541003e-01 7.866764424479285589e-01 3.433608293825796826e-02 1.360045395806721791e+00
1.767043526088946798e-02 8.260211441233303864e-01 7.975921658792349822e-01 3.472716365322547905e-02 1.361111565904948417e+00
1.787525525904235316e-02 8.319806897482725505e-01 8.065034796485307522e-01 3.512261903093850945e-02 1.361019352481781297e+00
1.808244934877951612e-02 8.357391667563736082e-01 8.135723014328712921e-01 3.552249618090676936e-02 1.359892678108108210e+00
1.829204504846293836e-02 8.375715926544143874e-01 8.190025672118920186e-01 3.592684267806384169e-02 1.357866210859968170e+00
1.850407019542302245e-02 8.377910681049243191e-01 8.230304140334506746e-01 3.633570656639181773e-02 1.355082274614788806e+00
1.871855294965579092e-02 8.367398050769057072e-01 8.259143111798451509e-01 3.674913636255036642e-02 1.351687854261661048e+00
1.893552179756295348e-02 8.347794960326542224e-01 8.279253943326387866e-01 3.716718105950951589e-02 1.347831580254334138e+00
1.915500555573527997e-02 8.322811938929085551e-01 8.293382251244547643e-01 3.758989013018525921e-02 1.343660626625366117e+00
1.937703337477988952e-02 8.296148975288754057e-01 8.304221631858694774e-01 3.801731353107749151e-02 1.339317507095548976e+00
1.960163474319185847e-02 8.271390602945447590e-01 8.314334970449525075e-01 3.844950170590932109e-02 1.334936801663720862e+00
1.982883949127071249e-02 8.251902587007450274e-01 8.326084354545483235e-01 3.888650558926695644e-02 1.330641888141848250e+00
2.005867779508234069e-02 8.240732737610464431e-01 8.341570160318246829e-01 3.932837661023953074e-02 1.326541786917054599e+00
2.029118018046677935e-02 8.240518478045172346e-01 8.362579489219019724e-01 3.977516669605767746e-02 1.322728250482789525e+00
2.052637752709252084e-02 8.253403836560678775e-01 8.390543848957419115e-01 4.022692827573040586e-02 1.319273240205064646e+00
2.076430107255774690e-02 8.280968500817413869e-01 8.426505839339305526e-01 4.068371428367897891e-02 1.316226930416444008e+00
2.100498241653915230e-02 8.324171464213477867e-01 8.471094638050188363e-01 4.114557816336717605e-02 1.313616364395747915e+00
2.124845352498882720e-02 8.383311596568694402e-01 8.524510275535076564e-01 4.161257387092678200e-02 1.311444859475947133e+00
2.149474673437980557e-02 8.458007182498951115e-01 8.586517004481536430e-01 4.208475587877744811e-02 1.309692222016666463e+00
2.174389475600079988e-02 8.547196086228341372e-01 8.656446445375989285e-01 4.256217917923985072e-02 1.308315790844184479e+00
2.199593068030074663e-02 8.649157721488802686e-01 8.733211543852639203e-01 4.304489928814118210e-02 1.307252284125577146e+00
2.225088798128369363e-02 8.761557432945386026e-01 8.815332618020320643e-01 4.353297224841182200e-02 1.306420383668001062e+00
2.250880052095461867e-02 8.881513238637125385e-01 8.900976817749512993e-01 4.402645463367212825e-02 1.305723955972553973e+00
2.276970255381680075e-02 9.005684153012809556e-01 8.988012092075589043e-01 4.452540355180831244e-02 1.305055783687833149e+00
2.303362873142131284e-02 9.130378523760080967e-01 9.074076222536452407e-01 4.502987664853613792e-02 1.304301665742284122e+00
2.330061410696924670e-02 9.251679994157386844e-01 9.156660624589102460e-01 4.553993211095124644e-02 1.303344739277827902e+00
2.357069413996727703e-02 9.365587872373543066e-01 9.233207485898294875e-01 4.605562867106502423e-02 1.302069880096240695e+00
2.384390470093720321e-02 9.468167880882479848e-01 9.301217485059911638e-01 4.657702560932462654e-02 1.300368048145505107e+00
2.412028207618006903e-02 9.555708507948369457e-01 9.358363945274301710e-01 4.710418275811595334e-02 1.298140457496517852e+00
2.439986297259550199e-02 9.624877527268194122e-01 9.402607985170037264e-01 4.763716050524825080e-02 1.295302463106600577e+00
2.468268452255692469e-02 9.672872731790596035e-01 9.432308210781105151e-01 4.817601979741896467e-02 1.291787066719216837e+00
2.496878428884326609e-02 9.697560584586044641e-01 9.446317921815695628e-01 4.872082214365747177e-02 1.287547949716817408e+00
2.525820026962784584e-02 9.697596363383650386e-01 9.444062825880252809e-01 4.927162961874633623e-02 1.282561941079642054e+00
2.555097090352506997e-02 9.672519502657375146e-01 9.425592954868335926e-01 4.982850486661850875e-02 1.276830824672848586e+00
2.584713507469563881e-02 9.622818248829883014e-01 9.391603868154017043e-01 5.039151110372907388e-02 1.270382384170411827e+00
2.614673211801091940e-02 9.549958462768302070e-01 9.343424223470594425e-01 5.096071212240003284e-02 1.263270579573986030e+00
2.644980182427720053e-02 9.456372440645284261e-01 9.282969218481864626e-01 5.153617229413644946e-02 1.255574750975073872e+00
2.675638444552045150e-02 9.345404976965191457e-01 9.212661993203409283e-01 5.211795657291243972e-02 1.247397757791673056e+00
2.706652070033241375e-02 9.221215543298306727e-01 9.135327526469528836e-01 5.270613049842540199e-02 1.238862989623842559e+00
2.738025177927857698e-02 9.088637365754733688e-01 9.054065548918762696e-01 5.330076019931661441e-02 1.230110231168812795e+00
2.769761935036891068e-02 8.952996296246951147e-01 8.972110276288318698e-01 5.390191239635672149e-02 1.221290428983271559e+00
2.801866556459195468e-02 8.819894609328511326e-01 8.892685194498867185e-01 5.450965440559416009e-02 1.212559489762093046e+00
2.834343306151309444e-02 8.694967119927663468e-01 8.818860701695451221e-01 5.512405414146479693e-02 1.204071332159372787e+00
2.867196497493769772e-02 8.583619191351510302e-01 8.753421285430398324e-01 5.574518011986089039e-02 1.195970507674148031e+00
2.900430493863991738e-02 8.490758156230505671e-01 8.698747366775578804e-01 5.637310146115752374e-02 1.188384789116353035e+00
2.934049709215787172e-02 8.420531264270492144e-01 8.656715329516249113e-01 5.700788789319451849e-02 1.181418185297369527e+00
2.968058608665602449e-02 8.376084355105646306e-01 8.628617918534325915e-01 5.764960975421188488e-02 1.175144866756029804e+00
3.002461709085549324e-02 8.359355892564606094e-01 8.615106399783143409e-01 5.829833799573673481e-02 1.169604471710442128e+00
3.037263579703311511e-02 8.370920663548528928e-01 8.616155739276125658e-01 5.895414418541967266e-02 1.164799201084437241e+00
3.072468842709003348e-02 8.409896241676289019e-01 8.631054509298129451e-01 5.961710050981838122e-02 1.160693009192020897e+00
3.108082173869063797e-02 8.473923181654560155e-01 8.658422008013583193e-01 6.028727977712642488e-02 1.157213060829394013e+00
3.144108303147264555e-02 8.559226832893666037e-01 8.696255772870005174e-01 6.096475541984482799e-02 1.154253468839463892e+00
3.180552015332920035e-02 8.660764687866474576e-01 8.742012787863842060e-01 6.164960149739442258e-02 1.151681163778187411e+00
3.217418150676371741e-02 8.772458428088695248e-01 8.792726764348864910e-01 6.234189269866633604e-02 1.149343594271311719e+00
3.254711605531847990e-02 8.887504488152911941e-01 8.845161600811480840e-01 6.304170434450855065e-02 1.147077825989703870e+00
3.292437333007768724e-02 8.998751290611243236e-01 8.895997461439398846e-01 6.374911239014589837e-02 1.144720508052701424e+00
3.330600343624588733e-02 9.099125646765121589e-01 8.942041183834025242e-01 6.446419342753106907e-02 1.142118112576047340e+00
3.369205705980267418e-02 9.182085565234926472e-01 8.980447639572495255e-01 6.518702468762416213e-02 1.139136825942236086e+00
3.408258547423451829e-02 9.242072297692378591e-01 9.008934226026961145e-01 6.591768404259809588e-02 1.135671475739936875e+00
3.447764054734463873e-02 9.274931331511158117e-01 9.025967963011330975e-01 6.665625000796736310e-02 1.131652910510106747e+00
3.487727474814177747e-02 9.278270648013372535e-01 9.030904638496148884e-01 6.740280174463729457e-02 1.127053307076340216e+00
3.528154115380883332e-02 9.251725283227434371e-01 9.024062586846781642e-01 6.815741906087112445e-02 1.121888962221482267e+00
3.569049345675229939e-02 9.197100339064198105e-01 9.006719831514339303e-01 6.892018241417220692e-02 1.116220235282096240e+00
3.610418597173337130e-02 9.118370239137548738e-01 8.981031611151714111e-01 6.969117291307816431e-02 1.110148451184061136e+00
3.652267364308175307e-02 9.021520165889838072e-01 8.949874298557102259e-01 7.047047231886448271e-02 1.103809753363117929e+00
3.694601205199302130e-02 8.914225999409818302e-01 8.916629758646235082e-01 7.125816304715411331e-02 1.097366111443696113e+00
3.737425742391064371e-02 8.805381211166221078e-01 8.884929843008713135e-01 7.205432816943040109e-02 1.090993929693108377e+00
3.780746663599349189e-02 8.704492313758891431e-01 8.858383181352389446e-01 7.285905141445001010e-02 1.084870949687791297e+00
3.824569722466999305e-02 8.620977672162755123e-01 8.840305743981448083e-01 7.367241716955279240e-02 1.079162366287859109e+00
3.868900739327975347e-02 8.563416602896779528e-01 8.833473641668491139e-01 7.449451048186522817e-02 1.074007246815524397e+00
3.913745601980384015e-02 8.538805474600507095e-01 8.839912608713693665e-01 7.532541705939434229e-02 1.069506426663409560e+00
3.959110266468458816e-02 8.551883713658875452e-01 8.860734921481874249e-01 7.616522327200846154e-02 1.065713024839015199e+00
4.005000757873611317e-02 8.604594058060550665e-01 8.896032061309449013e-01 7.701401615230167585e-02 1.062626567725146076e+00
4.051423171114647281e-02 8.695737185440731709e-01 8.944830433254924440e-01 7.787188339633821510e-02 1.060191433483796519e+00
4.098383671757261509e-02 8.820870452373996695e-01 9.005117282867926010e-01 7.873891336427349397e-02 1.058299956436209222e+00
4.145888496832911274e-02 8.972483932359668346e-01 9.073943345104124036e-01 7.961519508084778651e-02 1.056800099746350252e+00
4.193943955667186335e-02 9.140464873852280903e-01 9.147606186763236336e-01 8.050081823574922746e-02 1.055507164845750134e+00
4.242556430717776828e-02 9.312835456153325531e-01 9.221912424107551187e-01 8.139587318384218506e-02 1.054218607150403164e+00
4.291732378422157684e-02 9.476720330058807651e-01 9.292507632191365774e-01 8.230045094525702265e-02 1.052730711636352012e+00
4.341478330055092288e-02 9.619472528155086355e-01 9.355250753584349876e-01 8.321464320533761283e-02 1.050855677187956694e+00
4.391800892596085804e-02 9.729861983137225723e-01 9.406597551785852440e-01 8.413854231444245491e-02 1.048437580065986419e+00
4.442706749606882555e-02 9.799213330042582104e-01 9.443948580715387786e-01 8.507224128759527382e-02 1.045365739071359323e+00
4.494202662119142072e-02 9.822371930634705706e-01 9.465914771923443771e-01 8.601583380398118706e-02 1.041584186322854988e+00
4.546295469532399269e-02 9.798381591772219457e-01 9.472460342298120173e-01 8.696941420628384600e-02 1.037096250881865300e+00
4.598992090522438514e-02 9.730775682423029593e-01 9.464898182334393617e-01 8.793307749985981858e-02 1.031963673495538636e+00
4.652299523960189143e-02 9.627415306492370650e-01 9.445734356244049890e-01 8.890691935174520333e-02 1.026300165598109659e+00
4.706224849841281199e-02 9.499852181960402042e-01 9.418381001662152752e-01 8.989103608949061686e-02 1.020259868811187021e+00
4.760775230226368254e-02 9.362246403626089952e-01 9.386775547460753932e-01 9.088552469981961424e-02 1.014021714501164961e+00
4.815957910192350533e-02 9.229925084237954325e-01 9.354954965971310488e-01 9.189048282710610138e-02 1.007771167702523174e+00
4.871780218794630885e-02 9.117720356753605815e-01 9.326635512930790961e-01 9.290600877166618754e-02 1.001681201515088881e+00
4.928249570040513228e-02 9.038267018479420045e-01 9.304842515712127282e-01 9.393220148785944024e-02 9.958945260925691212e-01
4.985373463873893352e-02 9.000463996223573293e-01 9.291624375943995373e-01 9.496916058199487976e-02 9.905090452968925430e-01
5.043159487171358646e-02 9.008303823470804605e-01 9.287873396973044260e-01 9.601698631003680040e-02 9.855682162772397836e-01
5.101615314749833457e-02 9.060246812754693124e-01 9.293265555143479517e-01 9.707577957510531153e-02 9.810574604258783804e-01
5.160748710385907462e-02 9.149261323079975750e-01 9.306322376337350377e-01 9.814564192476650517e-02 9.769070727868894854e-01
5.220567527846975420e-02 9.263572307519605253e-01 9.324589625065418108e-01 9.922667554810724044e-02 9.730012864469884670e-01
5.281079711934331261e-02 9.388065348498030316e-01 9.344918036160957397e-01 1.003189832725890074e-01 9.691923745968518134e-01
5.342293299538352497e-02 9.506194703065219409e-01 9.363820098220509980e-01 1.014226685606757911e-01 9.653180280426835180e-01
5.404216420705915125e-02 9.602156237814040152e-01 9.377864998853610023e-01 1.025378355062302876e-01 9.612198308815907977e-01
5.466857299720180585e-02 9.663025051276038502e-01 9.384064229119774003e-01 1.036645888306730878e-01 9.567605421740926763e-01
5.530224256192900478e-02 9.680536846906123705e-01 9.380196923362552619e-01 1.048030338788991100e-01 9.518381008902662144e-01
5.594325706169377826e-02 9.652221027874164916e-01 9.365029902882545665e-01 1.059532766149456628e-01 9.463947765798306211e-01
5.659170163246242391e-02 9.581674277592094890e-01 9.338403219354548535e-01 1.071154236174062940e-01 9.404206125647747161e-01
5.724766239702178822e-02 9.477889428793293547e-01 9.301175075768975953e-01 1.082895820745845700e-01 9.339511415347576673e-01
5.791122647641758214e-02 9.353709647651007320e-01 9.255044981872458942e-01 1.094758597793817345e-01 9.270601692239043290e-01
5.858248200152536139e-02 9.223638060669631100e-01 9.202294646978966819e-01 1.106743651239123633e-01 9.198490954085765114e-01
5.926151812475552449e-02 9.101368474041412471e-01 9.145497431149910428e-01 1.118852070938415044e-01 9.124346620245978867e-01
5.994842503189409116e-02 8.997484031185661868e-01 9.087246930173655812e-01 1.131084952624375750e-01 9.049371046189150780e-01
6.064329395408061402e-02 8.917773526991233934e-01 9.029944455371361478e-01 1.143443397843340731e-01 8.974704076579975709e-01
6.134621717992506246e-02 8.862527603939019949e-01 8.975667401111095955e-01 1.155928513889941667e-01 8.901357743277926726e-01
6.205728806776500406e-02 8.827004138424154878e-01 8.926120612775342300e-01 1.168541413738712342e-01 8.830186422468442320e-01
6.277660105806499857e-02 8.803018121361583237e-01 8.882655400788420641e-01 1.181283215972590700e-01 8.761887807271666606e-01
6.350425168595962011e-02 8.781358517522374063e-01 8.846328983676798874e-01 1.194155044708246627e-01 8.697023685352150979e-01
6.424033659394190465e-02 8.754517174333137364e-01 8.817972468298473920e-01 1.207158029518170111e-01 8.636046110516171215e-01
6.498495354469888130e-02 8.719088763168912903e-01 8.798238142840690834e-01 1.220293305349450103e-01 8.579314841991703133e-01
6.573820143409585259e-02 8.677210495591025641e-01 8.787605886527118937e-01 1.233562012439170796e-01 8.527095842964443895e-01
6.650018030431117944e-02 8.636575701462354537e-01 8.786342047379769316e-01 1.246965296226358738e-01 8.479537391223361809e-01
6.727099135712336087e-02 8.608860950677750257e-01 8.794419681080422047e-01 1.260504307260405799e-01 8.436628528329171983e-01
6.805073696735206012e-02 8.606798181839878659e-01 8.811423389359254177e-01 1.274180201105893917e-01 8.398152171183346226e-01
6.883952069645496441e-02 8.640514215178700663e-01 8.836471480468526263e-01 1.287994138243750142e-01 8.363649935952583991e-01
6.963744730628222690e-02 8.714046110224125119e-01 8.868189601977853886e-01 1.301947283968654390e-01 8.332415698192459086e-01
7.044462277299036457e-02 8.823025920542093559e-01 8.904762038576327088e-01 1.316040808282625540e-01 8.303529620773705267e-01
7.126115430111745752e-02 8.954352750920864246e-01 8.944070700194597379e-01 1.330275885784707457e-01 8.275935049256972764e-01
7.208715033782135684e-02 9.088235524537927601e-01 8.983910654260077733e-01 1.344653695556674577e-01 8.248549743948270230e-01
7.292272058728312134e-02 9.202373439118439746e-01 9.022249437286450346e-01 1.359175421044683807e-01 8.220393175568257993e-01
7.376797602527730702e-02 9.277388946538240866e-01 9.057480828424951946e-01 1.373842249936786108e-01 8.190705552988513105e-01
7.462302891391107973e-02 9.302127376210925780e-01 9.088618064687983278e-01 1.388655374036218970e-01 8.159033740461681949e-01
7.548799281653431614e-02 9.277267840263110354e-01 9.115380918109574626e-01 1.403615989130398145e-01 8.125265150985550022e-01
7.636298261282241373e-02 9.215966099269772283e-01 9.138155498522551046e-01 1.418725294855524288e-01 8.089602319482511739e-01
7.724811451403400253e-02 9.140968698608884502e-01 9.157838207956483512e-01 1.433984494556719003e-01 8.052485111534628537e-01
7.814350607844541829e-02 9.078652571026324392e-01 9.175604262612303552e-01 1.449394795143606751e-01 8.014479770704840966e-01
7.904927622696419909e-02 9.051481081265678741e-01 9.192656595289920851e-01 1.464957406941255758e-01 7.976160388011703795e-01
7.996554525892346499e-02 9.071086959894923973e-01 9.210009482614589515e-01 1.480673543536387138e-01 7.938007608027253248e-01
8.089243486805938743e-02 9.134292640770751426e-01 9.228345749510328266e-01 1.496544421618768717e-01 7.900342450045659826e-01
8.183006815867389927e-02 9.223708987889122080e-01 9.247962453370063285e-01 1.512571260817699159e-01 7.863302133999724441e-01
8.277856966198472721e-02 9.313205051709587678e-01 9.268793745010318608e-01 1.528755283533495268e-01 7.826852470612982726e-01
8.373806535266489770e-02 9.376868944518079729e-01 9.290477848760045898e-01 1.545097714763887242e-01 7.790821019840155071e-01
8.470868266557401993e-02 9.398631132614577721e-01 9.312425587216016654e-01 1.561599781925231689e-01 7.754930757798735863e-01
8.569055051268346934e-02 9.379075301885403393e-01 9.333857465257427988e-01 1.578262714668445810e-01 7.718818678690063662e-01
8.668379930019773361e-02 9.336512585223049054e-01 9.353803720151727674e-01 1.595087744689571152e-01 7.682036741560864801e-01
8.768856094587426653e-02 9.301154749261628663e-01 9.371092979924349198e-01 1.612076105534867299e-01 7.644047061277405852e-01
8.870496889654402861e-02 9.303729203448107832e-01 9.384373275050019725e-01 1.629229032400340282e-01 7.604231335633371280e-01
8.973315814583519845e-02 9.362276859875107160e-01 9.392207033657687942e-01 1.646547761925606645e-01 7.561933242731331273e-01
9.077326525210223374e-02 9.472175652528455059e-01 9.393261369156131746e-01 1.664033531981994329e-01 7.516543333033214314e-01
9.182542835656282154e-02 9.603904782975168919e-01 9.386581706844921991e-01 1.681687581454779368e-01 7.467621477680238540e-01
9.288978720164497993e-02 9.710597404810362709e-01 9.371899576025197742e-01 1.699511150019457628e-01 7.415036080822414721e-01
9.396648314954690606e-02 9.743719086108802996e-01 9.349897487819956998e-01 1.717505477911948630e-01 7.359087184004825533e-01
9.505565920101191613e-02 9.671625292459254952e-01 9.322347534746034947e-01 1.735671805692627079e-01 7.300576804569682832e-01
9.615746001432096124e-02 9.493863217142290978e-01 9.292060397361550095e-01 1.754011374004078028e-01 7.240796187525457839e-01
9.727203192450536995e-02 9.244987948583879289e-01 9.262622857361287876e-01 1.772525423322471039e-01 7.181415084274599403e-01
9.839952296278225985e-02 8.985379968914181115e-01 9.237952252493378813e-01 1.791215193702444253e-01 7.124279487896699736e-01
9.954008287621518569e-02 8.781804423043976238e-01 9.221739790563964201e-01 1.810081924515391238e-01 7.071146320554609899e-01
1.006938631476027024e-01 8.685039452586293951e-01 9.216878530947025805e-01 1.829126854181041817e-01 7.023400381211282184e-01
1.018610170155975214e-01 8.713600788818246512e-01 9.224972951247145669e-01 1.848351219892227504e-01 6.981806029596208107e-01
1.030416994950587445e-01 8.850271344897546744e-01 9.246011678361247821e-01 1.867756257332718051e-01 6.946342375954606130e-01
1.042360673976401170e-01 9.052526917226481062e-01 9.278260924761999595e-01 1.887343200388019726e-01 6.916157008419642205e-01
1.054442793526168404e-01 9.271528012826804055e-01 9.318405989828368874e-01 1.907113280849017378e-01 6.889651376016169282e-01
1.066664958279538722e-01 9.470340527666809560e-01 9.361932080916730570e-01 1.927067728108353972e-01 6.864685075776580936e-01
1.079028791516183639e-01 9.632740532388982535e-01 9.403697779212413232e-01 1.947207768849420484e-01 6.838863694910543023e-01
1.091535935331391094e-01 9.759285280448544153e-01 9.438623118682542001e-01 1.967534626727850400e-01 6.809862609249922594e-01
1.104188050854160164e-01 9.854582373002046536e-01 9.462396215447349546e-01 1.988049522045395312e-01 6.775739307338998207e-01
1.116986818467822634e-01 9.914750379851473561e-01 9.472098043626364650e-01 2.008753671416063924e-01 6.735195011539971688e-01
1.129933938033221702e-01 9.923750070615955376e-01 9.466652354185985940e-01 2.029648287424402342e-01 6.687756420751033160e-01
1.143031129114478600e-01 9.861443913349025037e-01 9.447027539552393938e-01 2.050734578275801023e-01 6.633857270955183516e-01
1.156280131207375328e-01 9.718328101193696167e-01 9.416149033585252681e-01 2.072013747438698761e-01 6.574806911134383203e-01
1.169682703970384707e-01 9.507025601137584214e-01 9.378521726625873578e-01 2.093486993278565189e-01 6.512641218644742436e-01
1.183240627458378019e-01 9.262391407775406593e-01 9.339611757872684494e-01 2.115155508683534968e-01 6.449865205226674725e-01
1.196955702359042834e-01 9.029678791248828551e-01 9.305090253753998120e-01 2.137020480681571521e-01 6.389119055252195922e-01
1.210829750232039481e-01 8.848488063363701972e-01 9.280071946903343250e-01 2.159083090049029041e-01 6.332819872234564107e-01
1.224864613750930725e-01 8.742926218395737914e-01 9.268466556135006584e-01 2.181344510910488976e-01 6.282836258394139950e-01
1.239062156947915577e-01 8.722983826352403991e-01 9.272515171453296068e-01 2.203805910329742490e-01 6.240242091292328430e-01
1.253424265461399456e-01 8.792399471404669375e-01 9.292537597775313296e-01 2.226468447891783720e-01 6.205177819716034548e-01
1.267952846786433996e-01 8.952325466442055957e-01 9.326886421957831796e-01 2.249333275275690325e-01 6.176828801916297573e-01
1.282649830528059809e-01 9.194029306570126181e-01 9.372102007887214148e-01 2.272401535818253659e-01 6.153519327749354950e-01
1.297517168657586761e-01 9.485782340586179640e-01 9.423280443698036635e-01 2.295674364068229223e-01 6.132918317724719293e-01
1.312556835771842845e-01 9.768961184761304484e-01 9.474653242848046775e-01 2.319152885331067782e-01 6.112339449053912910e-01
1.327770829355429116e-01 9.975469619472319138e-01 9.520315975819261256e-01 2.342838215203997543e-01 6.089090632914794243e-01
1.343161170046015263e-01 1.006169789121378333e+00 9.554987140083324171e-01 2.366731459101318602e-01 6.060811233272317411e-01
1.358729901902709092e-01 1.003579984837280392e+00 9.574674485000913560e-01 2.390833711769770054e-01 6.025746470235578967e-01
1.374479092677536596e-01 9.952983838337722267e-01 9.577163076457013702e-01 2.415146056793832097e-01 5.982934825009194046e-01
1.390410834090069769e-01 9.875012851813810277e-01 9.562280298202426865e-01 2.439669566090824637e-01 5.932304614028214296e-01
1.406527242105236331e-01 9.821278953279264368e-01 9.531909337980403185e-01 2.464405299395656668e-01 5.874677689172431716e-01
1.422830457214351862e-01 9.752242519026463885e-01 9.489706867471315865e-01 2.489354303735093477e-01 5.811660844009773896e-01
1.439322644719406574e-01 9.604458319102934238e-01 9.440500367892367128e-01 2.514517612891382647e-01 5.745403315237335162e-01
1.456005995020648591e-01 9.352865498771485431e-01 9.389485692791879057e-01 2.539896246855110062e-01 5.678258281947254904e-01
1.472882723907501801e-01 9.048179450119436806e-01 9.341464059859404534e-01 2.565491211267127980e-01 5.612444160366873991e-01
1.489955072852853779e-01 8.794612272239025197e-01 9.300274236250994919e-01 2.591303496849418075e-01 5.549774736388513041e-01
1.507225309310755434e-01 8.684803090930827141e-01 9.268438058167178806e-01 2.617334078824727350e-01 5.491473919417996230e-01
1.524695727017572888e-01 8.746994917329818930e-01 9.246996842208445866e-01 2.643583916324843130e-01 5.438076083793305093e-01
1.542368646296627399e-01 8.944472079406106113e-01 9.235568603134385324e-01 2.670053951787343949e-01 5.389436017434503512e-01
1.560246414366368017e-01 9.212706380744273282e-01 9.232686700442040983e-01 2.696745110340678098e-01 5.344881986207543623e-01
1.578331405652116382e-01 9.485217953728778406e-01 9.236379121232985989e-01 2.723658299177417752e-01 5.303491293257114325e-01
1.596626022101425013e-01 9.686598832966063499e-01 9.244785425406067958e-01 2.750794406915534340e-01 5.264387028538634050e-01
1.615132693503091299e-01 9.728942545024149569e-01 9.256566647068191767e-01 2.778154302947531962e-01 5.226935689390874717e-01
1.633853877809862132e-01 9.557730500116800032e-01 9.271043872230165794e-01 2.805738836777283418e-01 5.190813925787783889e-01
1.652792061464895546e-01 9.225956325617713505e-01 9.288178377919610318e-01 2.833548837344429527e-01 5.155998450831951185e-01
1.671949759731990170e-01 8.906518645149882341e-01 9.308451408932409965e-01 2.861585112336144654e-01 5.122707683409410961e-01
1.691329517029648843e-01 8.787560794651779750e-01 9.332576186985029887e-01 2.889848447486136340e-01 5.091264763796399251e-01
1.710933907269015231e-01 8.925221759226094065e-01 9.361040968435461185e-01 2.918339605860701957e-01 5.061883167785556914e-01
1.730765534195725930e-01 9.204681554677701660e-01 9.393724713151052619e-01 2.947059327131687501e-01 5.034489501582117832e-01
1.750827031735725237e-01 9.461971824259548525e-01 9.429813835938393174e-01 2.976008326836167561e-01 5.008689769227507860e-01
1.771121064345088647e-01 9.634005591040218919e-01 9.467971401050639946e-01 3.005187295622696042e-01 4.983853932301545719e-01
1.791650327363901452e-01 9.764226686942854005e-01 9.506615980225191498e-01 3.034596898483946648e-01 4.959249413224207648e-01
1.812417547374237659e-01 9.874968747394485824e-01 9.544310216569314997e-01 3.064237773975569956e-01 4.934220846890962076e-01
1.833425482562290598e-01 9.899596572523600146e-01 9.580274478610938393e-01 3.094110533421111642e-01 4.908421276689285406e-01
1.854676923084699336e-01 9.784148239466621266e-01 9.614812659443500165e-01 3.124215760102798112e-01 4.881998077498390654e-01
1.876174691439121411e-01 9.608622070291121808e-01 9.649314583648597177e-01 3.154554008438022472e-01 4.855584980852922228e-01
1.897921642839101308e-01 9.520362204970064246e-01 9.685836050376414041e-01 3.185125803141355960e-01 4.830105232128730219e-01
1.919920665593284892e-01 9.544348489239140587e-01 9.726590208574548146e-01 3.215931638371902213e-01 4.806538106799961296e-01
1.942174681489026444e-01 9.553655197724301162e-01 9.773427100393689004e-01 3.246971976865810072e-01 4.785683374816734892e-01
1.964686646180446583e-01 9.474474071132965580e-01 9.827218527022358874e-01 3.278247249053771739e-01 4.767889080862262041e-01
1.987459549580983809e-01 9.430367715209432289e-01 9.887390792385091220e-01 3.309757852163310310e-01 4.752854785162480278e-01
2.010496416260499075e-01 9.589891326820337847e-01 9.951967717795503487e-01 3.341504149305677962e-01 4.739669538397840443e-01
2.033800305846981960e-01 9.935868038149062720e-01 1.001797332704863930e+00 3.373486468547172712e-01 4.727008985534302266e-01
2.057374313432913659e-01 1.030646405721975967e+00 1.008165111839369965e+00 3.405705101964686676e-01 4.713246243936132229e-01
2.081221569986339281e-01 1.061267524124343886e+00 1.013868684968335820e+00 3.438160304685285995e-01 4.696555874881458426e-01
2.105345242766706038e-01 1.085082169564016485e+00 1.018484138062691002e+00 3.470852293909636455e-01 4.675181374926206113e-01
2.129748535745520921e-01 1.093017413762331635e+00 1.021674351820011095e+00 3.503781247919072750e-01 4.647755069883965362e-01
2.154434690031884481e-01 1.071968898589351404e+00 1.023243583883280516e+00 3.536947305066113767e-01 4.613504405779503270e-01
2.179406984302955930e-01 1.031621292058008565e+00 1.023143340669139034e+00 3.570350562748220158e-01 4.572256215366749532e-01
2.204668735239409816e-01 1.003566641780932356e+00 1.021444998082180922e+00 3.603991076364594370e-01 4.524312790945189122e-01
2.230223297965938656e-01 1.004603713940529053e+00 1.018313922288818008e+00 3.637868858255818849e-01 4.470346423372206779e-01
2.256074066496861485e-01 1.021632014807528188e+00 1.013993488519139952e+00 3.671983876626112586e-01 4.411344005494749476e-01
2.282224474186898555e-01 1.037358855113165612e+00 1.008768248722623717e+00 3.706336054448011175e-01 4.348466098724750317e-01
2.308677994187169624e-01 1.043083667465575237e+00 1.002911519334741541e+00 3.740925268349243327e-01 4.282835871225583180e-01
2.335438139906479416e-01 1.024332134204360312e+00 9.966846076606353799e-01 3.775751347481596243e-01 4.215543652111203299e-01
2.362508465477947683e-01 9.742834240746769403e-01 9.903564040677473868e-01 3.810814072371546679e-01 4.147737539712256227e-01
2.389892566231050230e-01 9.271442766484923048e-01 9.841432153349400913e-01 3.846113173752436776e-01 4.080362433881741802e-01
2.417594079169130827e-01 9.303955249631005175e-01 9.781665999880644335e-01 3.881648331377974825e-01 4.013966427956337513e-01
2.445616683452446483e-01 9.749224155366006395e-01 9.725030433159906895e-01 3.917419172816823392e-01 3.948909245276284175e-01
2.473964100886814066e-01 1.000865507337621141e+00 9.671991875276796380e-01 3.953425272228054954e-01 3.885423888714713558e-01
2.502640096417919069e-01 9.791395577242860693e-01 9.622544709679441421e-01 3.989666149117240268e-01 3.823533817323090944e-01
2.531648478631355337e-01 9.426142759688751482e-01 9.576707001615870629e-01 4.026141267072923524e-01 3.763271913169324856e-01
2.560993100258459609e-01 9.336311362894456067e-01 9.535025373221608369e-01 4.062850032483258378e-01 3.704910610773240465e-01
2.590677858688008595e-01 9.531714414579386396e-01 9.498351560947239092e-01 4.099791793232547832e-01 3.648864382575306431e-01
2.620706696483852682e-01 9.668070344700770979e-01 9.467534575983644896e-01 4.136965837377460375e-01 3.595549653114966659e-01
2.651083601908538756e-01 9.543020148365529698e-01 9.443290172805073324e-01 4.174371391802644271e-01 3.545322494454656304e-01
2.681812609453015361e-01 9.364211859308578800e-01 9.426531708672879484e-01 4.212007620855522383e-01 3.498627844417234733e-01
2.712897800372467416e-01 9.252558054297984613e-01 9.418283998205155827e-01 4.249873624959976115e-01 3.455957660062063952e-01
2.744343303228365394e-01 8.959525662000149548e-01 9.418242067226759717e-01 4.287968439208680871e-01 3.417182683140507216e-01
2.776153294436801144e-01 8.618305932060160712e-01 9.424538034799830877e-01 4.326291031933821585e-01 3.381443401561449180e-01
2.808331998823172526e-01 8.809478624342949038e-01 9.434254213260963029e-01 4.364840303255913545e-01 3.347392157003227231e-01
2.840883690183304000e-01 9.431179622952770014e-01 9.443123778798213630e-01 4.403615083610469272e-01 3.313063317452497047e-01
2.873812691851066470e-01 9.907475081443914977e-01 9.445900368487506471e-01 4.442614132252220571e-01 3.276047667113475281e-01
2.907123377272578524e-01 1.024822544191476670e+00 9.437516211982104331e-01 4.481836135736627647e-01 3.234017368034655671e-01
2.940820170587063465e-01 1.045465652494180331e+00 9.414895743994945443e-01 4.521279706378377172e-01 3.185541399674498564e-01
2.974907547214440395e-01 1.018651108493988877e+00 9.378051916680396616e-01 4.560943380686596216e-01 3.130579516884404723e-01
3.009390034449720974e-01 9.739460793324009602e-01 9.329049988861830567e-01 4.600825617776470589e-01 3.070016474254330663e-01
3.044272212064302874e-01 9.576564078524500978e-01 9.271973705091594020e-01 4.640924797756985631e-01 3.005676602143119158e-01
3.079558712914226559e-01 9.436279170758288259e-01 9.213112768752691473e-01 4.681239220094465248e-01 2.940455520154230395e-01
3.115254223555488089e-01 8.934484649534307765e-01 9.159751506796650622e-01 4.721767101951629408e-01 2.877791299509642187e-01
3.151363484866479547e-01 8.119659225389930235e-01 9.118632773994170826e-01 4.762506576501829292e-01 2.820941377355935531e-01
3.187891292677645927e-01 7.684293030404140135e-01 9.094220936096855112e-01 4.803455691218159185e-01 2.772117118300498340e-01
3.224842498408442282e-01 8.122902329383687725e-01 9.088576703961690484e-01 4.844612406137116523e-01 2.732368398512765029e-01
3.262222009711669979e-01 8.687878384777546481e-01 9.102091196534595197e-01 4.885974592096475333e-01 2.701899782788911852e-01
3.300034791125285305e-01 9.051734183480933948e-01 9.132864493520738147e-01 4.927540028947058337e-01 2.679768530016519157e-01
3.338285864731760921e-01 9.661475196319049275e-01 9.176537102103764498e-01 4.969306403738040778e-01 2.663830490181806621e-01
3.376980310825091203e-01 1.007385728205274722e+00 9.227518761111918044e-01 5.011271308875464570e-01 2.651370208980316501e-01
3.416123268585528616e-01 9.887765171730606983e-01 9.280025373931142241e-01 5.053432240253598051e-01 2.639627169216795521e-01
3.455719936762139399e-01 9.322626894299345102e-01 9.329245367083526252e-01 5.095786595358793303e-01 2.626352834966573235e-01
3.495775574363275129e-01 9.096769972787331904e-01 9.372285859232776239e-01 5.138331671345467422e-01 2.610233924470054534e-01
3.536295501355042892e-01 9.647148949466441969e-01 9.407291194576937743e-01 5.181064663083856381e-01 2.590455748429137395e-01
3.577285099367873422e-01 9.769010809984837174e-01 9.434366635324912265e-01 5.223982661179141784e-01 2.567110228393427174e-01
3.618749812411280464e-01 9.303376555756824873e-01 9.454832389950896809e-01 5.267082649961596363e-01 2.540837010471603263e-01
3.660695147596902399e-01 9.294327502822937737e-01 9.469641935231097873e-01 5.310361505447336317e-01 2.512094709355342514e-01
3.703126675869927165e-01 9.786429153713532836e-01 9.480777910193486369e-01 5.353815993269305240e-01 2.481805325043107968e-01
3.746050032748993175e-01 1.017330738414720326e+00 9.491320883934826202e-01 5.397442766578071094e-01 2.451386104777454333e-01
3.789470919074667821e-01 9.461398467918646915e-01 9.502257177408310884e-01 5.441238363912044296e-01 2.421290289406517193e-01
3.833395101766601254e-01 8.475274698226357151e-01 9.514335346374541702e-01 5.485199207036689506e-01 2.391860501310757170e-01
3.877828414589457595e-01 8.676070248812954855e-01 9.527650264442643069e-01 5.529321598752316991e-01 2.363139566393715196e-01
3.922776758927719598e-01 9.570650252265255897e-01 9.541333708210359976e-01 5.573601720670010584e-01 2.334731539660093447e-01
3.968246104569481680e-01 1.013016586680031361e+00 9.554167747244532993e-01 5.618035630955284798e-01 2.306083728610492101e-01
4.014242490499321803e-01 1.043288429491600278e+00 9.564914595712931122e-01 5.662619262038983692e-01 2.276637346859926303e-01
4.060772025700365440e-01 1.008080291448789856e+00 9.572671413198213797e-01 5.707348418295010717e-01 2.245987659204805587e-01
4.107840889965646558e-01 9.340341070048902017e-01 9.576848008436886772e-01 5.752218773684404374e-01 2.213871997276729564e-01
4.155455334718875515e-01 9.418051332488366345e-01 9.578045835697931443e-01 5.797225869365296713e-01 2.180566895049493858e-01
4.203621683844713797e-01 9.374271508355959126e-01 9.577020692193267681e-01 5.842365111268283950e-01 2.146417315877054977e-01
4.252346334528682159e-01 9.634192951452760223e-01 9.575114135110921465e-01 5.887631767636727353e-01 2.112033195143750985e-01
4.301635758106794882e-01 1.019414790163275075e+00 9.575130611811074610e-01 5.933020966531474816e-01 2.078688236957385305e-01
4.351496500925050026e-01 9.530961578792775946e-01 9.579920090620357431e-01 5.978527693299531265e-01 2.047676412029196258e-01
4.401935185208874501e-01 8.884666938214940135e-01 9.591607822824863572e-01 6.024146788006128350e-01 2.019958676203978121e-01
4.452958509942655518e-01 9.495740819173170699e-01 9.611185660323438018e-01 6.069872942829726004e-01 1.995973663129887721e-01
4.504573251759458330e-01 8.986665801238332696e-01 9.638338489667289677e-01 6.115700699419361897e-01 1.975559512425233699e-01
4.556786265841064054e-01 9.050846316229217425e-01 9.670835380094665590e-01 6.161624446213872508e-01 1.957687663163234504e-01
4.609604486828433600e-01 9.907064783960173315e-01 9.706019809991760505e-01 6.207638415722378511e-01 1.941147612963698976e-01
4.663034929742731483e-01 1.005674996290030210e+00 9.739290234428745752e-01 6.253736681765535987e-01 1.923877171620021476e-01
4.717084690917017209e-01 9.899013427583551739e-01 9.765163705731282340e-01 6.299913156676950621e-01 1.903449654970213734e-01
4.771760948938745805e-01 1.024507974441871250e+00 9.781247501704392056e-01 6.346161588464203085e-01 1.878831222182046901e-01
4.827070965603182939e-01 1.060335302428880633e+00 9.784989097930025803e-01 6.392475557928887220e-01 1.848912699729247655e-01
4.883022086877880086e-01 1.034721232632354271e+00 9.775026355975954262e-01 6.438848475745078126e-01 1.813097319996987977e-01
4.939621743878320759e-01 1.042071557507424417e+00 9.752392786399435298e-01 6.485273579495627327e-01 1.771828831631272472e-01
4.996877453854883799e-01 1.006277479592307955e+00 9.718501118136466665e-01 6.531743930665667719e-01 1.725701385733418580e-01
5.054796821191240852e-01 9.341778239141051987e-01 9.677438227137976634e-01 6.578252411592693250e-01 1.676498742057117020e-01
5.113387538414325695e-01 8.828704198134551540e-01 9.633058189840481012e-01 6.624791722372611602e-01 1.625919547240977647e-01
5.172657387216018643e-01 8.732211400012592772e-01 9.588974729931544205e-01 6.671354377721090412e-01 1.575581634347654747e-01
5.232614239486661489e-01 9.414490242313081625e-01 9.549366152414042741e-01 6.717932703789555315e-01 1.527388968353478871e-01
5.293266058360561743e-01 1.015621226559187074e+00 9.517442583893538366e-01 6.764518834935192571e-01 1.482833551604410549e-01
5.354620899273607737e-01 1.027131854816531797e+00 9.493464436117214911e-01 6.811104710444235710e-01 1.442071708482734471e-01
5.416686911033151697e-01 9.012101852301247495e-01 9.478547870854939772e-01 6.857682071207895635e-01 1.405644608720093836e-01
5.479472336900287344e-01 8.989867719406197111e-01 9.472563220677021611e-01 6.904242456350202506e-01 1.373514783757630309e-01
5.542985515684668574e-01 9.362664337426032102e-01 9.473744682258736782e-01 6.950777199807062212e-01 1.344883084399642603e-01
5.607234882852032420e-01 8.556558935327714943e-01 9.481555035584215974e-01 6.997277426855796900e-01 1.319504771617520389e-01
5.672228971644543982e-01 9.458762000090062960e-01 9.494550050134424879e-01 7.043734050594447904e-01 1.296714382005078325e-01
5.737976414214134291e-01 1.009698444919463700e+00 9.509022589709227313e-01 7.090137768370081695e-01 1.274812050777219541e-01
5.804485942768977669e-01 9.774472543573098360e-01 9.522577076512783734e-01 7.136479058155351662e-01 1.252705008595947078e-01
5.871766390733255125e-01 9.907039306691105551e-01 9.534097659500981869e-01 7.182748174872534141e-01 1.229889557133620887e-01
5.939826693920355893e-01 9.499477749507788671e-01 9.541217387303697617e-01 7.228935146664270395e-01 1.205294623816021288e-01
6.008675891719686968e-01 9.769132526231754099e-01 9.542405146890948764e-01 7.275029771110211874e-01 1.178230767871440571e-01
6.078323128297229427e-01 9.782784339711448895e-01 9.538060962880330340e-01 7.321021611388748296e-01 1.148884050396685730e-01
6.148777653810023613e-01 9.354970378981225521e-01 9.529909727560252897e-01 7.366899992383040274e-01 1.118040125540974566e-01
6.220048825634711953e-01 9.226743399129803125e-01 9.518666409638629755e-01 7.412653996730464989e-01 1.086023779736916134e-01
6.292146109610343707e-01 1.017984356962438497e+00 9.506867604204398692e-01 7.458272460814682203e-01 1.053992011409912721e-01
6.365079081295571539e-01 9.772324569951269524e-01 9.496574050208376194e-01 7.503743970699432442e-01 1.022889516263130599e-01
6.438857427240419762e-01 8.990244860671122717e-01 9.490245416208112905e-01 7.549056858003196924e-01 9.938474695346703747e-02
6.513490946272803006e-01 9.086316633447996116e-01 9.488759376595186090e-01 7.594199195713841055e-01 9.672744910487322823e-02
6.588989550799949635e-01 8.608703895316792698e-01 9.491977462410293720e-01 7.639158793942352199e-01 9.431116063534550342e-02
6.665363268124913088e-01 9.080340519674625632e-01 9.498031088435925362e-01 7.683923195614722479e-01 9.205057152121087771e-02
6.742622241778342129e-01 1.021897635159205064e+00 9.506355396316213957e-01 7.728479672101096210e-01 8.991997746084921805e-02
6.820776732865685421e-01 9.677723721997439910e-01 9.512993781756881040e-01 7.772815218781203850e-01 8.773886941422570640e-02
6.899837121430018039e-01 9.521050641462105446e-01 9.516959918603384860e-01 7.816916550545150999e-01 8.546276457802468030e-02
6.979813907830659803e-01 1.056508446226390729e+00 9.517626700256242023e-01 7.860770097228573228e-01 8.306357221100595101e-02
7.060717714137773049e-01 1.045816401051866906e+00 9.513734826622565199e-01 7.904361998981193072e-01 8.048422071774094522e-02
7.142559285543126357e-01 9.146615639961239719e-01 9.507209593648001666e-01 7.947678101567766662e-01 7.781279945394709019e-02
7.225349491787214085e-01 8.716177802071652936e-01 9.498990925522200479e-01 7.990703951600406363e-01 7.509243204411301942e-02
7.309099328602910450e-01 9.572521694777270662e-01 9.492439425625246452e-01 8.033424791701263556e-01 7.247710223636345817e-02
7.393819919175865785e-01 9.036214943608091854e-01 9.490756297745831516e-01 8.075825555594507987e-01 7.011389253121114162e-02
7.479522515621821466e-01 9.497220181151794227e-01 9.495699560871825318e-01 8.117890863126565604e-01 6.808375693805832074e-02
7.566218500481054487e-01 9.290853588455024736e-01 9.507510356512236527e-01 8.159605015213527990e-01 6.639767093861560776e-02
7.653919388230148169e-01 9.524675747557784788e-01 9.528791944807633030e-01 8.200951988714638707e-01 6.517357511446023044e-02
7.742636826811269968e-01 8.944678006760456990e-01 9.558668862924160070e-01 8.241915431230767419e-01 6.436926278436037874e-02
7.832382599179196214e-01 9.787118381935631106e-01 9.595361580771391008e-01 8.282478655826741587e-01 6.390101947600577981e-02
7.923168624866253618e-01 9.502787412537849754e-01 9.637102905984153978e-01 8.322624635676381111e-01 6.368618878472367961e-02
8.015006961565405152e-01 1.010029899571508460e+00 9.681596113878041532e-01 8.362335998629114586e-01 6.361934775012348386e-02
8.107909806731686819e-01 9.567838658688244680e-01 9.726408905033085972e-01 8.401595021696982579e-01 6.359078005465415573e-02
8.201889499202202893e-01 9.980223538162563690e-01 9.769953368634457513e-01 8.440383625460839978e-01 6.353030458951255954e-02
8.296958520834906148e-01 1.030815933582699406e+00 9.810795874239954806e-01 8.478683368394570596e-01 6.337582268506097849e-02
8.393129498166364000e-01 9.525745021388782874e-01 9.846467512505183706e-01 8.516475441106072797e-01 6.302055394198211036e-02
8.490415204088747059e-01 9.941335809253095679e-01 9.875483098450674735e-01 8.553740660493793779e-01 6.240227124152861182e-02
8.588828559546249908e-01 9.430181568199411668e-01 9.896675399983856369e-01 8.590459463817537999e-01 6.147293327034809157e-02
8.688382635251183927e-01 9.941221217000822952e-01 9.908059641975396348e-01 8.626611902682305155e-01 6.014835190428317879e-02
8.789090653419954213e-01 1.070802755486668145e+00 9.909002228811422119e-01 8.662177636933831026e-01 5.840284045088559028e-02
8.890965989529158175e-01 1.066043731932489580e+00 9.899486511764522545e-01 8.697135928464546639e-01 5.623641048249249097e-02
8.994022174092044519e-01 9.537814526122464498e-01 9.880957475075665686e-01 8.731465634928623487e-01 5.371188115538248764e-02
9.098272894455557980e-01 1.040899980328991115e+00 9.854772214782500095e-01 8.765145203364755888e-01 5.088747534985550020e-02
9.203731996618220723e-01 1.014699344569804706e+00 9.825488188349216223e-01 8.798152663725307132e-01 4.796264440705313298e-02
9.310413487069075789e-01 9.939358626602116109e-01 9.795796189306654744e-01 8.830465622310460505e-01 4.505613651521341023e-02
9.418331534647951253e-01 9.269796285803763025e-01 9.769334274032008825e-01 8.862061255105947444e-01 4.233022239012556448e-02
9.527500472427290479e-01 9.344710264359136209e-01 9.751220914157847641e-01 8.892916301022946168e-01 4.001479069075307426e-02
9.637934799615786030e-01 9.230786833299888805e-01 9.742842485125892127e-01 8.923007055038705282e-01 3.817444489925402029e-02
9.749649183484085935e-01 8.671577275515413019e-01 9.746574616359447996e-01 8.952309361236430174e-01 3.691693043186822232e-02
9.862658461312820979e-01 9.659602259729346274e-01 9.762132701625457765e-01 8.980798605742965623e-01 3.622974949402368167e-02
9.976977642363201726e-01 1.033737898600846306e+00 9.787174604025306035e-01 9.008449709562742491e-01 3.600727783561238210e-02
1.009262190987048502e+00 1.000373611660691164e+00 9.820519610671685218e-01 9.035242322031336037e-01 3.619466254567117736e-02
1.020960662306047650e+00 9.733835324472098760e-01 9.857713897134251502e-01 9.061193723415390533e-01 3.659079388061165644e-02
1.032794731918952547e+00 9.685385165946035491e-01 9.896820565679856907e-01 9.086336831422061611e-01 3.710686424239897918e-02
1.044765971560805307e+00 1.067050051779282693e+00 9.933967847928015793e-01 9.110702969905828397e-01 3.757086217394180194e-02
1.056875971184805030e+00 9.782396097251108147e-01 9.965453374161330480e-01 9.134321895171737538e-01 3.782074937548626087e-02
1.069126339173477103e+00 1.062051274771464771e+00 9.991281909034410713e-01 9.157221895529081834e-01 3.785747495067866980e-02
1.081518702552289213e+00 9.445936178173434117e-01 1.000982785187176427e+00 9.179429883149607949e-01 3.761089974731350594e-02
1.094054707205743604e+00 1.094921411947072487e+00 1.001900619711368901e+00 9.200971478928405833e-01 3.699096074944945717e-02
1.106736018095974439e+00 9.645653971482033295e-01 1.002014854409185141e+00 9.221871090973181584e-01 3.605511270630537557e-02
1.119564319483879355e+00 9.617647620329426994e-01 1.001281130173828915e+00 9.242151987283597769e-01 3.478292544803148617e-02
1.132541315152812755e+00 1.053160790216215448e+00 9.997932968414414701e-01 9.261836363125772742e-01 3.321311701029780461e-02
1.145668728634872569e+00 1.004327317427984534e+00 9.974880351293023972e-01 9.280945403556652984e-01 3.131547714484736455e-02
1.158948303439811811e+00 1.014972195572535707e+00 9.944745626860155285e-01 9.299499341508543626e-01 2.913411092874600497e-02
1.172381803286599800e+00 1.065924010856395876e+00 9.909134613302449379e-01 9.317517511804154218e-01 2.673551058005048733e-02
1.185971012337670549e+00 9.453019061824188274e-01 9.867882961407761222e-01 9.335018401437336077e-01 2.410881149480481947e-02
1.199717735435885446e+00 9.719619966557452306e-01 9.822728938494865725e-01 9.352019696422917416e-01 2.132674688140257999e-02
1.213623798344241722e+00 9.312939923291236877e-01 9.776346749794756485e-01 9.368538325490942675e-01 1.850475905940087568e-02
1.227691047988360484e+00 1.011397050059128944e+00 9.730119350264676559e-01 9.384590500875233943e-01 1.570284057029092822e-02
1.241921352701784720e+00 1.034439240432671214e+00 9.686730868219194379e-01 9.400191756423557088e-01 1.304052071003978727e-02
1.256316602474121469e+00 8.974008782688240871e-01 9.646918211187111014e-01 9.415356983236344846e-01 1.055180555136048769e-02
1.270878709202059476e+00 9.859474371616969712e-01 9.612770856874964798e-01 9.430100463022479396e-01 8.332270506714881120e-03
1.285609606943296512e+00 9.354641344605203468e-01 9.586448035065179285e-01 9.444435899344365559e-01 6.481699109330756742e-03
1.300511252173409904e+00 8.883951892186997545e-01 9.568865852759644852e-01 9.458376446909431134e-01 5.043871085247218257e-03
1.315585624045705115e+00 9.476700891079834488e-01 9.559316494344120008e-01 9.471934739051917074e-01 3.988143539331532976e-03
1.330834724654076151e+00 9.368229666731918703e-01 9.558234174574826714e-01 9.485122913536634393e-01 3.334703339319084608e-03
1.346260579298911075e+00 9.839202877337304143e-01 9.564949814995826749e-01 9.497952636805349069e-01 3.052696163665664496e-03
1.361865236756082842e+00 9.370338687727922666e-01 9.577433602037508376e-01 9.510435126776601855e-01 3.048762332678045268e-03
1.377650769549054965e+00 9.398807002966761415e-01 9.594403877136180592e-01 9.522581174300572826e-01 3.263312723716739732e-03
1.393619274224143556e+00 9.985552080914994466e-01 9.613925109026930649e-01 9.534401163362604681e-01 3.607313647522987499e-03
1.409772871628967694e+00 9.764014724599050510e-01 9.634185482243247112e-01 9.545905090121378223e-01 3.997891225682295713e-03
1.426113707194129887e+00 9.346065485153026708e-01 9.652932397796893937e-01 9.557102580861016605e-01 4.333017194252517489e-03
1.442643951218158804e+00 9.641220252148082759e-01 9.667319295932581547e-01 9.568002908930195449e-01 4.484764193071580883e-03
1.459365799155757593e+00 9.503121731012175166e-01 9.675950147633023413e-01 9.578615010735695989e-01 4.390903932885066759e-03
1.476281471909391074e+00 1.057034704965058580e+00 9.677570975787292973e-01 9.588947500852718075e-01 3.995424252642782587e-03
1.493393216124253353e+00 1.009728154511013942e+00 9.671220832115504651e-01 9.599008686309455918e-01 3.254915383252260375e-03
1.510703304486655574e+00 8.915726413164424269e-01 9.659202694626061181e-01 9.608806580099278349e-01 2.271828297949931696e-03
1.528214036025870914e+00 1.052616656366894832e+00 9.641063254723053477e-01 9.618348913969811953e-01 1.024404829867523034e-03
1.545927736419478560e+00 9.853031929079458795e-01 9.618819854829678828e-01 9.627643150534590522e-01 3.981935698231890957e-04
1.563846758302247730e+00 9.921415112349948329e-01 9.593259377993751391e-01 9.636696494749754649e-01 1.961994330712512388e-03
1.581973481578601515e+00 8.691561260578278825e-01 9.567417474025234903e-01 9.645515904795007867e-01 3.530736683752355113e-03
1.600310313738701806e+00 9.353218686596160847e-01 9.543055303147921498e-01 9.654108102395551061e-01 5.024716922925080362e-03
1.618859690178199306e+00 9.376585601455036389e-01 9.521075524517488287e-01 9.662479582618752616e-01 6.402579090773208650e-03
1.637624074521689010e+00 8.971147330419860788e-01 9.502248977318727974e-01 9.670636623177326641e-01 7.628659273483478359e-03
1.656605958949915136e+00 9.503327308953066765e-01 9.487997591893562177e-01 9.678585293268349155e-01 8.637315871166579423e-03
1.675807864530768798e+00 1.050073589879496394e+00 9.477940772976098938e-01 9.686331461975468127e-01 9.445335835333685051e-03
1.695232341554121502e+00 9.698757890933882297e-01 9.472325131760981343e-01 9.693880806259975724e-01 1.004107890711320762e-02
1.714881969870540868e+00 9.385092775910073293e-01 9.470696556704750746e-01 9.701238818564419386e-01 1.044527394649720498e-02
1.734759359233932541e+00 8.951545043476318853e-01 9.473722113072188256e-01 9.708410814051036120e-01 1.062750365524792705e-02
1.754867149648152047e+00 9.363384599311246337e-01 9.480746572072603628e-01 9.715401937495860007e-01 1.061823488307394453e-02
1.775208011717636092e+00 8.518881307323544760e-01 9.491257696434327595e-01 9.722217169857734209e-01 1.044155283804812720e-02
1.795784647002096834e+00 9.666509575098962692e-01 9.505555216295688004e-01 9.728861334540543915e-01 1.008452450002557226e-02
1.816599788375328650e+00 1.041909548533707985e+00 9.523031683704553663e-01 9.735339103365554525e-01 9.575854299010635659e-03
1.837656200388172456e+00 9.987860453243080361e-01 9.540624307589172792e-01 9.741655002269788977e-01 9.055950642107591167e-03
1.858956679635688225e+00 8.579523291972445120e-01 9.558429859761294889e-01 9.747813416745321202e-01 8.520650118646432361e-03
1.880504055128583429e+00 9.882298852309194803e-01 9.574557539016061991e-01 9.753818597033441229e-01 8.055960839057796363e-03
1.902301188668945819e+00 9.954659474551129650e-01 9.588855717664478417e-01 9.759674663086861379e-01 7.668556882259036644e-03
1.924350975230332272e+00 9.766978053607288102e-01 9.598331396699650853e-01 9.765385609312107196e-01 7.493656586036708325e-03
1.946656343342263229e+00 8.870833733062344351e-01 9.603755828512956505e-01 9.770955309103805941e-01 7.495917121459923227e-03
1.969220255479173565e+00 1.008609008677640695e+00 9.604219201290273844e-01 9.776387519181539698e-01 7.716344334971686654e-03
1.992045708453871189e+00 1.030926334673803568e+00 9.599709288218418735e-01 9.781685883739623666e-01 8.155631016835526020e-03
2.015135733815558439e+00 9.859962185587537453e-01 9.591286528835621938e-01 9.786853938419211030e-01 8.766241600681044105e-03
2.038493398252464228e+00 9.003324843868280025e-01 9.582350197634906808e-01 9.791895114111905940e-01 9.394714294354306744e-03
2.062121803999144465e+00 9.910835017536709923e-01 9.574375735968614354e-01 9.796812740603264569e-01 9.974339990036549738e-03
2.086024089248504687e+00 9.295627429601212022e-01 9.567768126558086061e-01 9.801610050064217816e-01 1.048677872032131170e-02
2.110203428568596440e+00 9.392729924211903336e-01 9.565889414109999267e-01 9.806290180397954082e-01 1.077938448780561310e-02
2.134663033324245340e+00 9.374007235065393573e-01 9.569199068038053424e-01 9.810856178449325338e-01 1.083131994688247939e-02
2.159406152103567678e+00 9.520772657862280886e-01 9.578346028041415661e-01 9.815311003083542207e-01 1.061354264914832028e-02
2.184436071149428393e+00 9.283893428285991956e-01 9.592667959777070319e-01 9.819657528140406377e-01 1.015692945269306910e-02
2.209756114795903059e+00 9.158230831959571772e-01 9.612188355552793162e-01 9.823898545270104421e-01 9.461596284978101082e-03
2.235369645909796699e+00 9.382718762308631666e-01 9.636286661175530455e-01 9.828036766656151890e-01 8.557061553258570388e-03
2.261280066337279404e+00 1.028822067298176712e+00 9.661408360691908781e-01 9.832074827630878922e-01 7.604736206986260558e-03
2.287490817355704031e+00 9.930745417779598405e-01 9.687082737304623103e-01 9.836015289188404509e-01 6.626186079615022963e-03
2.314005380130653933e+00 1.073380213510350289e+00 9.712731806700921622e-01 9.839860640399948899e-01 5.647550742731134721e-03
2.340827276178294447e+00 9.704867750233636681e-01 9.738100268799607662e-01 9.843613300735940541e-01 4.680302453602710848e-03
2.367960067833078774e+00 9.211010771536493058e-01 9.761279184987312618e-01 9.847275622299183073e-01 3.809359537899116750e-03
2.395407358720879287e+00 9.014686530014551780e-01 9.784546269475038471e-01 9.850849891973145755e-01 2.933010018234295802e-03
2.423172794237600680e+00 9.970495191245427602e-01 9.809491289629866939e-01 9.854338333489187640e-01 1.980983137157462000e-03
2.451260062033339793e+00 1.058729950856792668e+00 9.835135490780816392e-01 9.857743109416341465e-01 9.971491253270932300e-04
2.479672892502160053e+00 8.872092988544989511e-01 9.860537203793647842e-01 9.861066323077087858e-01 2.330374249826811046e-05
2.508415059277541381e+00 1.056781452318089620e+00 9.886283939860521786e-01 9.864310020392426104e-01 9.663664725761391067e-04
2.537490379733571721e+00 9.465567892596075117e-01 9.910357528520636894e-01 9.867476191659261264e-01 1.883235284591273971e-03
2.566902715491951703e+00 1.056784169783826943e+00 9.932039804818925122e-01 9.870566773263100835e-01 2.696360607206912865e-03
2.596655972934872381e+00 9.798271541435388254e-01 9.950875632301062756e-01 9.873583649328849798e-01 3.386488509872595531e-03
2.626754103723838440e+00 9.825893541960608601e-01 9.964496973149024051e-01 9.876528653312317552e-01 3.851051547441290950e-03
2.657201105324506596e+00 1.050178114316690836e+00 9.974405458357633592e-01 9.879403569534979113e-01 4.156291715309353742e-03
2.688001021537607560e+00 1.042456878007505194e+00 9.979966461544393930e-01 9.882210134664375367e-01 4.274997348551069082e-03
2.719157943036019098e+00 1.005293003418179065e+00 9.982881860131453955e-01 9.884950039142452738e-01 4.281452967267058811e-03
2.750676007908067433e+00 1.010584472521254273e+00 9.984965965751041450e-01 9.887624928563967242e-01 4.254605113172544098e-03
2.782559402207125832e+00 9.826032004178215651e-01 9.986780919247810751e-01 9.890236405007033493e-01 4.218850226073867643e-03
2.814812360507581435e+00 8.766685561492079115e-01 9.989412564215615076e-01 9.892786028317797076e-01 4.221334128881255691e-03
2.847439166467247595e+00 9.445194379756229885e-01 9.992863236732196786e-01 9.895275317351057698e-01 4.262061521888747644e-03
2.880444153396297668e+00 1.102693853000845658e+00 9.996391681222569492e-01 9.897705751168683896e-01 4.308725898143730623e-03
2.913831704832788638e+00 1.018054984728974377e+00 9.998076836578582149e-01 9.900078770197417999e-01 4.277819956459618517e-03
2.947606255124858521e+00 1.012158335200768811e+00 9.997149638841328345e-01 9.902395777347805517e-01 4.135912588385610468e-03
2.981772290019673477e+00 1.032637954601734354e+00 9.993708495028111871e-01 9.904658139095718905e-01 3.887187033454096545e-03
3.016334347259197468e+00 9.898233739318255120e-01 9.984813633327903615e-01 9.906867186527923419e-01 3.403622378787718016e-03
3.051297017182871052e+00 1.013733817170031415e+00 9.973396778057548318e-01 9.909024216353150560e-01 2.812207429613350265e-03
3.086664943337274369e+00 1.108211414045538801e+00 9.958453062315345550e-01 9.911130491880015825e-01 2.068686544186253921e-03
3.122442823092857811e+00 9.013676560827506012e-01 9.943025217824023043e-01 9.913187243962988671e-01 1.305231516621913881e-03
3.158635408267818967e+00 9.892663365744622794e-01 9.927822154766443585e-01 9.915195671917707010e-01 5.526994547962103778e-04
3.195247505759213791e+00 9.205569269475157856e-01 9.914469845021141037e-01 9.917156944406773089e-01 1.176900367315662272e-04
3.232283978181380579e+00 9.917164282410757536e-01 9.905208336935265034e-01 9.919072200297147646e-01 6.074369585506796294e-04
3.269749744511767808e+00 1.000990071415147176e+00 9.899875808115771170e-01 9.920942549490223694e-01 9.231882166237459844e-04
3.307649780744242651e+00 1.021084979669254267e+00 9.899194859533835267e-01 9.922769073725552502e-01 1.033011259650099510e-03
3.345989120549974771e+00 9.556116461603830770e-01 9.902642809179652561e-01 9.924552827359292007e-01 9.598335580523193042e-04
3.384772855945982872e+00 9.873636620957283450e-01 9.910930934841345463e-01 9.926294838118172592e-01 6.727210572832300652e-04
3.424006137971425723e+00 1.020176226920262774e+00 9.922548837912694708e-01 9.927996107829994976e-01 2.383530862623156360e-04
3.463694177371734462e+00 1.002586532221052318e+00 9.935890519167513979e-01 9.929657613131468441e-01 2.725237449753137981e-04
3.503842245290675894e+00 9.893438256186420920e-01 9.951707323489825674e-01 9.931280306154213200e-01 8.923552332269964757e-04
3.544455673970435594e+00 9.731880811145906529e-01 9.969607023009476876e-01 9.932865115189628558e-01 1.603501900400610422e-03
3.585539857459817181e+00 9.382789972124262468e-01 9.988223845167315540e-01 9.934412945333612743e-01 2.346058299446415838e-03
3.627100252330648367e+00 1.022022850673968808e+00 1.000409803747804416e+00 9.935924679111514113e-01 2.969648443552414061e-03
3.669142378402494131e+00 1.003512317877921056e+00 1.001642081079451296e+00 9.937401177084310699e-01 3.439739043697334197e-03
3.711671819475766743e+00 1.039320700395160779e+00 1.002289034630050812e+00 9.938843278436526596e-01 3.657136616895811845e-03
3.754694224073336972e+00 1.011474037563007800e+00 1.002308375649689554e+00 9.940251801546498012e-01 3.603973624167152324e-03
3.798215306190736218e+00 1.031526519529642805e+00 1.001436873842331154e+00 9.941627544539730632e-01 3.166089888641295067e-03
3.842240846055060999e+00 1.096688558631427668e+00 9.997987843520853568e-01 9.942971285825794592e-01 2.396419138166085237e-03
3.886776690892667752e+00 9.885109345928884128e-01 9.975227523458396472e-01 9.944283784619378785e-01 1.349300756366042606e-03
3.931828755705770284e+00 1.012253542331768452e+00 9.946773832695141593e-01 9.945565781446044085e-01 5.274894780214094744e-05
3.977403024058036696e+00 9.419778453124926232e-01 9.917161035681758552e-01 9.946817998633208369e-01 1.296806134114090450e-03
4.023505548869293236e+00 9.846353654013521028e-01 9.888622101002797482e-01 9.948041140786778591e-01 2.601792243350295117e-03
4.070142453219438572e+00 1.012000593676049887e+00 9.862745064283325869e-01 9.949235895254067152e-01 3.791920588970843289e-03
4.117319931161679492e+00 9.072856549708533391e-01 9.842938190882942751e-01 9.950402932573252368e-01 4.715909519309913547e-03
4.165044248545185290e+00 8.688681668637745492e-01 9.829424875792618366e-01 9.951542906909964792e-01 5.362312038166428506e-03
4.213321743847289191e+00 1.019661449498474814e+00 9.822055087407298712e-01 9.952656456481401293e-01 5.736647889348949619e-03
4.262158829015325168e+00 1.130322158777765207e+00 9.820286520057658342e-01 9.953744203968322157e-01 5.862316749171027526e-03
4.311561990318228510e+00 9.129435512390734475e-01 9.823269462945892760e-01 9.954806756915379751e-01 5.776776525078649790e-03
4.361537789208005833e+00 9.874116826132149916e-01 9.828584213242891332e-01 9.955844708120129560e-01 5.587150700889720323e-03
4.412092863191189984e+00 1.011908689638321812e+00 9.836392089981828013e-01 9.956858636011096664e-01 5.286509318416835433e-03
4.463233926710397093e+00 9.629294098711895789e-01 9.845416930248763743e-01 9.957849105015210700e-01 4.931428750435581584e-03
4.514967772036102112e+00 9.634700982253339152e-01 9.854957489936021497e-01 9.958816665915064537e-01 4.552982161036343671e-03
4.567301270168746541e+00 9.615930318981374958e-01 9.863061074377168502e-01 9.959761856196112095e-01 4.237231924825475039e-03
4.620241371751313331e+00 1.081133542632192635e+00 9.868983153633050787e-01 9.960685200384356008e-01 4.016807147600820298e-03
4.673795107992464004e+00 9.002146039294424140e-01 9.872982703321353526e-01 9.961587210374636125e-01 3.880165249164110007e-03
4.727969591600390764e+00 1.036651118736221955e+00 9.873081422502280047e-01 9.962468385749945199e-01 3.914237624259141006e-03
4.782772017727485725e+00 9.894627005975920042e-01 9.869757291636173102e-01 9.963329214091949382e-01 4.098007750632200359e-03
4.838209664925956943e+00 9.387983850363746940e-01 9.861640004761743628e-01 9.964170171283019961e-01 4.491991210284761692e-03
4.894289896114531579e+00 1.099578274177542392e+00 9.850250081298679294e-01 9.964991721800091629e-01 5.029685611219069166e-03
4.951020159556350997e+00 1.040872674160385758e+00 9.837471374877254648e-01 9.965794319000516044e-01 5.628437999006314328e-03
5.008407989848212338e+00 9.761846938292849662e-01 9.824436575069417366e-01 9.966578405400190466e-01 6.238434369047570448e-03
5.066461008921268494e+00 9.450513075604963786e-01 9.812155886726439125e-01 9.967344412944183496e-01 6.815025919382667816e-03
5.125186927053333008e+00 9.427791413057227121e-01 9.803620039733308422e-01 9.968092763270117729e-01 7.225599992495921470e-03
5.184593543892913381e+00 8.850765711780169687e-01 9.801564367930517552e-01 9.968823867964480279e-01 7.348526507845591291e-03
5.244688749495119318e+00 9.438156003243757253e-01 9.804847134289481625e-01 9.969538128812112099e-01 7.234211632393460455e-03
5.305480525369573819e+00 1.014416923134643378e+00 9.813652353209932899e-01 9.970235938039031520e-01 6.874766564367080883e-03
5.366976945540476329e+00 1.047753104632980881e+00 9.827597873410238716e-01 9.970917678548842922e-01 6.287752999203888651e-03
5.429186177618943177e+00 9.737295142285029570e-01 9.844885568032311074e-01 9.971583724152879302e-01 5.553467576491298574e-03
5.492116483887789613e+00 9.751367007695407318e-01 9.865042791559907043e-01 9.972234439794300798e-01 4.693506461244862683e-03
5.555776222398877806e+00 1.009127588728210068e+00 9.886672811293394370e-01 9.972870181766240183e-01 3.770003916178304732e-03
5.620173848083187984e+00 9.893620674648728741e-01 9.909655784336992568e-01 9.973491297924321763e-01 2.788643713150010771e-03
5.685317913873753071e+00 1.021531226588434649e+00 9.931701411163589288e-01 9.974098127893553656e-01 1.849982255934027459e-03
5.751217071841614015e+00 9.506390070673179649e-01 9.953510238680444155e-01 9.974691003269851031e-01 9.231834359542074675e-04
5.817880074344935259e+00 9.887084526987521826e-01 9.975311207853524431e-01 9.975270247816310221e-01 1.783278164650833569e-06
5.885315775191449994e+00 9.991247099397426723e-01 9.995813426972280924e-01 9.975836177654391346e-01 8.688327912564177465e-04
5.953533130814370189e+00 9.977264309594944258e-01 1.001532666684864070e+00 9.976389101450220398e-01 1.691739855683395280e-03
6.022541201461927507e+00 9.942954029907725699e-01 1.003447992972913427e+00 9.976929320595968598e-01 2.497973088298249909e-03
6.092349152400711176e+00 1.043448287083267312e+00 1.005295431348200097e+00 9.977457129386633206e-01 3.273838464318485839e-03
6.162966255132942273e+00 1.032290568757800564e+00 1.007038042435295155e+00 9.977972815192341915e-01 4.003560638777091743e-03
6.234401888627863819e+00 1.042320225704220338e+00 1.008605796421272238e+00 9.978476658626080908e-01 4.657213933668745941e-03
6.306665540567405692e+00 1.000123058096761053e+00 1.010054309058765920e+00 9.978968933707312861e-01 5.259055160799044545e-03
6.379766808606282424e+00 9.686897414376385296e-01 1.011247622391450607e+00 9.979449908021285065e-01 5.750910963776976331e-03
6.453715401646701544e+00 9.286438246038367650e-01 1.012268396478824606e+00 9.979919842874431790e-01 6.168625053822046275e-03
6.528521141127847649e+00 1.015666607010683009e+00 1.013043489429740651e+00 9.980378993445646607e-01 6.481056361190890361e-03
6.604193962330305645e+00 1.116312016711290100e+00 1.013480915805496041e+00 9.980827608933926509e-01 6.649020768695799131e-03
6.680743915695614987e+00 1.040007705187927733e+00 1.013349643211185702e+00 9.981265932702145793e-01 6.573692191298659109e-03
6.758181168161110364e+00 1.038491937359447892e+00 1.012901417284121752e+00 9.981694202417221717e-01 6.362918054669572214e-03
6.836516004510238886e+00 9.943371717069169335e-01 1.011927646672166725e+00 9.982112650186885094e-01 5.926994683352808033e-03
6.915758828738525210e+00 1.036823427395370700e+00 1.010598270368046059e+00 9.982521502692771609e-01 5.338296258292167355e-03
6.995920165435374649e+00 1.044315957576175569e+00 1.008958266152993000e+00 9.982920981320484444e-01 4.615569235989352981e-03
7.077010661181889262e+00 9.209153541676410315e-01 1.007019013826318199e+00 9.983311302286113076e-01 3.763057063599124872e-03
7.159041085964887863e+00 9.771213868155332882e-01 1.004871200163772071e+00 9.983692676759805540e-01 2.819195560663882109e-03
7.242022334607315592e+00 1.031833430216203551e+00 1.002606109083040486e+00 9.984065310986169894e-01 1.822933235057082844e-03
7.325965428215230446e+00 1.046244979175674938e+00 1.000259938289040695e+00 9.984429406401653662e-01 7.896243891394842543e-04
7.410881515641570161e+00 9.378420999725010088e-01 9.978467096073099230e-01 9.984785159749134387e-01 2.748951170145427932e-04
7.496781874966877091e+00 1.057892335962549391e+00 9.953972503532581007e-01 9.985132763189528138e-01 1.357406930698455607e-03
7.583677914997190683e+00 9.691806319640403622e-01 9.928987356754689353e-01 9.985472404410755676e-01 2.463658124451751068e-03
7.671581176779302069e+00 1.037750560151765145e+00 9.905531875131647901e-01 9.985804266733901979e-01 3.505249292889775579e-03
7.760503335133570602e+00 9.964838527294815895e-01 9.882413643139362769e-01 9.986128529216895533e-01 4.534123485664743811e-03
7.850456200204509294e+00 1.011756950331962335e+00 9.861357705807893836e-01 9.986445366755503095e-01 5.474217975168477190e-03
7.941451719029339884e+00 8.409682632816898318e-01 9.842735415386254516e-01 9.986754950181948587e-01 6.308582611610564356e-03
8.033501977124734239e+00 1.039776226380715096e+00 9.828657834546484784e-01 9.987057446361091717e-01 6.943331760469143021e-03
8.126619200091946382e+00 9.417550084068441185e-01 9.818269808709508828e-01 9.987353018284172990e-01 7.415438493405672980e-03
8.220815755240540312e+00 9.764055003836986657e-01 9.811894265233362944e-01 9.987641825160371578e-01 7.710099852767350430e-03
8.316104153230961415e+00 1.058324059210420609e+00 9.808236379918727765e-01 9.987924022506042832e-01 7.884306181316145037e-03
8.412497049736117560e+00 9.734678423005145298e-01 9.808249762844792885e-01 9.988199762231901868e-01 7.895703142541432226e-03
8.510007247122246099e+00 9.389658518555804578e-01 9.811844373296155775e-01 9.988469192727909007e-01 7.748283264771831103e-03
8.608647696149244410e+00 9.685917445364999878e-01 9.817854921614973529e-01 9.988732458946258941e-01 7.493770773409803507e-03
8.708431497690723333e+00 1.020944580621156117e+00 9.826874985017118869e-01 9.988989702482249378e-01 7.106134316511489822e-03
8.809371904473991322e+00 9.865901675315360553e-01 9.839836388016121038e-01 9.989241061653251208e-01 6.544616450522650931e-03
8.911482322840202031e+00 9.936065239288986994e-01 9.858102567636237712e-01 9.989486671575711352e-01 5.749839351076974428e-03
9.014776314524917566e+00 9.107711905462090307e-01 9.881141865247616840e-01 9.989726664240354825e-01 4.746470779813043162e-03
9.119267598459298796e+00 1.061195353284176468e+00 9.911006061675333711e-01 9.989961168585523854e-01 3.446058351250499713e-03
9.224970052592174952e+00 9.020195826537099615e-01 9.947093257783014009e-01 9.990190310568802801e-01 1.877571866743123208e-03
9.331897715733239451e+00 1.004249058427186370e+00 9.990122566281155470e-01 9.990414213236766816e-01 1.267840447857990159e-05
9.440064789417602853e+00 9.844213322688686318e-01 1.003922044744039788e+00 9.990632996793353815e-01 2.106985271077378014e-03
9.549485639791965852e+00 1.050524536937504916e+00 1.009446886048289027e+00 9.990846778666240269e-01 4.481174049490718042e-03
9.660174799522645017e+00 1.019153477628297111e+00 1.015218001818289473e+00 9.991055673571884732e-01 6.947931037766160930e-03
9.772146969725724830e+00 1.022054996080412170e+00 1.021290313618064660e+00 9.991259793578870507e-01 9.528961200867578502e-03
9.885417021919574054e+00 9.625471172490366323e-01 1.027381617221643229e+00 9.991459248169805019e-01 1.210286932090262960e-02
1.000000000000000000e+01 1.065265905092007914e+00 1.033296874182449532e+00 9.991654144301738150e-01 1.458772285278158581e-02
