# tau=t/t_H SFF SFF_smoothed GOE_connected DeltaK_abs_log10_ratio
1.000000000000000048e-04 8.794703335244128084e+01 8.794606847037699993e+01 1.999800019997333795e-04 5.643229861196332742e+00
1.011591112223829728e-04 8.794657418074501720e+01 8.794579803547443930e+01 2.022977581832760541e-04 5.638224024075064733e+00
1.023316578330244966e-04 8.794610430489872499e+01 8.794548531657213175e+01 2.046423742725537011e-04 5.633217983975624676e+00
1.035177955630176228e-04 8.794562347542034786e+01 8.794513142340015577e+01 2.070141614763123497e-04 5.628211746443509078e+00
1.047176819485520245e-04 8.794513143701546198e+01 8.794473862079640014e+01 2.094134346075829226e-04 5.623205322729020850e+00
1.059314763518370031e-04 8.794462792844217347e+01 8.794431000731705694e+01 2.118405121253895179e-04 5.618198728200337833e+00
1.071593399822671198e-04 8.794411268237261936e+01 8.794384913904205803e+01 2.142957161769398083e-04 5.613191980485900956e+00
1.084014359178331018e-04 8.794358542525100120e+01 8.794335966079353284e+01 2.167793726403025999e-04 5.608185097653382911e+00
1.096579291267809898e-04 8.794304587714934485e+01 8.794284499630037999e+01 2.192918111675785128e-04 5.603178096679684472e+00
1.109289864895222780e-04 8.794249375161869864e+01 8.794230812904804395e+01 2.218333652285692595e-04 5.598170992368717513e+00
1.122147768207980290e-04 8.794192875553696354e+01 8.794175148308733014e+01 2.244043721549514021e-04 5.593163796762770090e+00
1.135154708920999033e-04 8.794135058895467694e+01 8.794117689385328163e+01 2.270051731849600921e-04 5.588156518998353306e+00
1.148312414543511137e-04 8.794075894493542478e+01 8.794058564677433765e+01 2.296361135085894041e-04 5.583149165496806177e+00
1.161622632608501891e-04 8.794015350939305620e+01 8.793997855706550126e+01 2.322975423133139818e-04 5.578141740358295131e+00
1.175087130904807617e-04 8.793953396092592811e+01 8.793935606621904810e+01 2.349898128303393684e-04 5.573134245838279099e+00
1.188707697711903309e-04 8.793889997064628972e+01 8.793871833675410699e+01 2.377132823813860615e-04 5.568126682815386808e+00
1.202486142037412301e-04 8.793825120200629897e+01 8.793806533405297898e+01 2.404683124260139629e-04 5.563119051195544174e+00
1.216424293857368039e-04 8.793758731061946321e+01 8.793739710992963410e+01 2.432552686094931291e-04 5.558111351312399862e+00
1.230524004359261579e-04 8.793690794407895339e+01 8.793671330967829647e+01 2.460745208112275753e-04 5.553103581492804253e+00
1.244787146187906256e-04 8.793621274177048974e+01 8.793601357033267618e+01 2.489264431937378481e-04 5.548095740023650357e+00
1.259215613694150942e-04 8.793550133468140473e+01 8.793529752047348325e+01 2.518114142522093635e-04 5.543087825150924353e+00
1.273811323186478520e-04 8.793477334520544275e+01 8.793456478003197674e+01 2.547298168646127152e-04 5.538079835078741908e+00
1.288576213185518003e-04 8.793402838694323975e+01 8.793381496008835541e+01 2.576820383424025126e-04 5.533071767968361421e+00
1.303512244681508938e-04 8.793326606449711846e+01 8.793304766266645345e+01 2.606684704818018248e-04 5.528063621937171490e+00
1.318621401394748458e-04 8.793248597326213201e+01 8.793226248052289407e+01 2.636895096156779473e-04 5.523055395057657968e+00
1.333905690039058638e-04 8.793168769921253158e+01 8.793145899693156764e+01 2.667455566660177873e-04 5.518047085356343473e+00
1.349367140588306430e-04 8.793087081868148402e+01 8.793063678546296558e+01 2.698370171970083421e-04 5.513038690812704701e+00
1.365007806546013845e-04 8.793003489813800400e+01 8.792979540975910879e+01 2.729643014687300768e-04 5.508030209358061313e+00
1.380829765218092263e-04 8.792917949395719290e+01 8.792893442330196763e+01 2.761278244914698696e-04 5.503021638874443511e+00
1.396835117988739626e-04 8.792830415218534768e+01 8.792805336917787429e+01 2.793280060806610596e-04 5.498012977193426742e+00
1.413025990599533599e-04 8.792740840830022364e+01 8.792715177983563990e+01 2.825652709124569940e-04 5.493004222094945099e+00
1.429404533431761061e-04 8.792649178696521517e+01 8.792622917683917194e+01 2.858400485799463138e-04 5.487995371306074510e+00
1.445972921792019463e-04 8.792555380177790880e+01 8.792528507061457788e+01 2.891527736500166482e-04 5.482986422499783075e+00
1.462733356201129868e-04 8.792459395501305153e+01 8.792431896019128601e+01 2.925038857208746290e-04 5.477977373293660968e+00
1.479688062686396383e-04 8.792361173735902469e+01 8.792333033293729727e+01 2.958938294802293295e-04 5.472968221248614817e+00
1.496839293077255632e-04 8.792260662764954304e+01 8.792231866428791420e+01 2.993230547641470953e-04 5.467958963867528333e+00
1.514189325304352018e-04 8.792157809258681311e+01 8.792128341746884246e+01 3.027920166165852479e-04 5.462949598593900724e+00
1.531740463702079740e-04 8.792052558646086879e+01 8.792022404321227214e+01 3.063011753496128480e-04 5.457940122810446049e+00
1.549495039314631646e-04 8.791944855086040889e+01 8.791913997946659265e+01 3.098509966043256183e-04 5.452930533837661464e+00
1.567455410205595065e-04 8.791834641437813502e+01 8.791803065109951376e+01 3.134419514124640264e-04 5.447920828932359960e+00
1.585623961771137158e-04 8.791721859230901259e+01 8.791689546959410961e+01 3.170745162587414656e-04 5.442911005286175552e+00
1.604003107056819902e-04 8.791606448634082938e+01 8.791573383273825470e+01 3.207491731438919663e-04 5.437901060024025846e+00
1.622595287078087002e-04 8.791488348423864352e+01 8.791454512430610180e+01 3.244664096484443775e-04 5.432890990202540848e+00
1.641402971144466361e-04 8.791367495952124500e+01 8.791332871373312230e+01 3.282267189972323958e-04 5.427880792808457144e+00
1.660428657187529582e-04 8.791243827113065379e+01 8.791208395578256329e+01 3.320306001246483034e-04 5.422870464756971209e+00
1.679674872092653225e-04 8.791117276309317674e+01 8.791081019020555232e+01 3.358785577406489791e-04 5.417860002890058979e+00
1.699144172034625999e-04 8.790987776417352961e+01 8.790950674139193666e+01 3.397711023975232372e-04 5.412849403974748341e+00
1.718839142817145534e-04 8.790855258752051782e+01 8.790817291801398881e+01 3.437087505574287316e-04 5.407838664701356990e+00
1.738762400216250527e-04 8.790719653030427594e+01 8.790680801266159961e+01 3.476920246607074268e-04 5.402827781681690311e+00
1.758916590327732731e-04 8.790580887334569127e+01 8.790541130146876014e+01 3.517214531949887954e-04 5.397816751447188643e+00
1.779304389918577296e-04 8.790438888073705925e+01 8.790398204373234137e+01 3.557975707650890365e-04 5.392805570447043451e+00
1.799928506782476454e-04 8.790293579945372926e+01 8.790251948152076977e+01 3.599209181637167787e-04 5.387794235046257540e+00
1.820791680099462359e-04 8.790144885895712434e+01 8.790102283927430449e+01 3.640920424429929100e-04 5.382782741523664427e+00
1.841896680799710861e-04 8.789992727078805501e+01 8.789949132339673099e+01 3.683114969867951061e-04 5.377771086069907724e+00
1.863246311931559835e-04 8.789837022815173384e+01 8.789792412183646775e+01 3.725798415839356222e-04 5.372759264785357480e+00
1.884843409033795474e-04 8.789677690549190459e+01 8.789632040365850685e+01 3.768976425021829200e-04 5.367747273677995423e+00
1.906690840512252085e-04 8.789514645805617477e+01 8.789467931860713179e+01 3.812654725631356933e-04 5.362735108661241590e+00
1.928791508020777693e-04 8.789347802145067590e+01 8.789299999665703922e+01 3.856839112179594859e-04 5.357722765551723221e+00
1.951148346846616412e-04 8.789177071118494666e+01 8.789128154755593414e+01 3.901535446239965256e-04 5.352710240067009906e+00
1.973764326300255292e-04 8.789002362220543318e+01 8.788952306035504591e+01 3.946749657222570142e-04 5.347697527823277674e+00
1.996642450109793374e-04 8.788823582842000803e+01 8.788772360292952612e+01 3.992487743158042342e-04 5.342684624332926013e+00
2.019785756819878484e-04 8.788640638220924473e+01 8.788588222148814566e+01 4.038755771490413322e-04 5.337671525002139816e+00
2.043197320195270594e-04 8.788453431392841253e+01 8.788399794007061416e+01 4.085559879879120844e-04 5.332658225128394491e+00
2.066880249629082160e-04 8.788261863139696572e+01 8.788206976003466764e+01 4.132906277010250777e-04 5.327644719897896231e+00
2.090837690555749911e-04 8.788065831937642258e+01 8.788009665953028104e+01 4.180801243417118758e-04 5.322631004382970765e+00
2.115072824868794756e-04 8.787865233903622197e+01 8.787807759296197219e+01 4.229251132310303941e-04 5.317617073539383732e+00
2.139588871343421563e-04 8.787659962740802655e+01 8.787601149043990745e+01 4.278262370417234553e-04 5.312602922203608635e+00
2.164389086064020347e-04 8.787449909682609928e+01 8.787389725721601508e+01 4.327841458831445626e-04 5.307588545090010435e+00
2.189476762856620634e-04 8.787234963435592761e+01 8.787173377310980982e+01 4.377994973871608101e-04 5.302573936787990938e+00
2.214855233726359179e-04 8.787015010120954628e+01 8.786951989191912560e+01 4.428729567950449105e-04 5.297559091759043604e+00
2.240527869300018224e-04 8.786789933214684822e+01 8.786725444081814373e+01 4.480051970453672368e-04 5.292544004333749719e+00
2.266498079273692845e-04 8.786559613486384990e+01 8.786493621974153712e+01 4.531968988628995334e-04 5.287528668708704416e+00
2.292769312865648647e-04 8.786323928936653260e+01 8.786256400075377826e+01 4.584487508485416253e-04 5.282513078943368967e+00
2.319345059274427543e-04 8.786082754733065769e+01 8.786013652740555813e+01 4.637614495702829451e-04 5.277497228956847586e+00
2.346228848142262321e-04 8.785835963144614880e+01 8.785765251407345033e+01 4.691356996552108020e-04 5.272481112524591396e+00
2.373424250023866149e-04 8.785583423474699316e+01 8.785511064528621716e+01 4.745722138825771044e-04 5.267464723275023353e+00
2.400934876860651764e-04 8.785325001992661953e+01 8.785250957503427571e+01 4.800717132779357848e-04 5.262448054686085896e+00
2.428764382460450548e-04 8.785060561863565454e+01 8.784984792606455528e+01 4.856349272083631814e-04 5.257431100081706887e+00
2.456916462982790305e-04 8.784789963076499930e+01 8.784712428915830174e+01 4.912625934787734090e-04 5.252413852628179392e+00
2.485394857429798422e-04 8.784513062371227932e+01 8.784433722239243991e+01 4.969554584293418929e-04 5.247396305330462418e+00
2.514203348142796828e-04 8.784229713163153974e+01 8.784148525038501987e+01 5.027142770340490468e-04 5.242378451028389286e+00
2.543345761304648361e-04 8.783939765466544713e+01 8.783856686352190479e+01 5.085398130003566160e-04 5.237360282392795163e+00
2.572825967447932359e-04 8.783643065815991235e+01 8.783558051716690329e+01 5.144328388700315953e-04 5.232341791921538920e+00
2.602647881969004482e-04 8.783339457186131938e+01 8.783252463085368333e+01 5.203941361211270435e-04 5.227322971935451257e+00
2.632815465648020189e-04 8.783028778909509526e+01 8.782939758745872894e+01 5.264244952711378493e-04 5.222303814574170922e+00
2.663332725174980963e-04 8.782710866592532284e+01 8.782619773235600746e+01 5.325247159813399026e-04 5.217284311791893892e+00
2.694203713681882413e-04 8.782385552029552400e+01 8.782292337255168491e+01 5.386956071623296956e-04 5.212264455353014192e+00
2.725432531281027707e-04 8.782052663114976099e+01 8.781957277580042387e+01 5.449379870807771449e-04 5.207244236827675010e+00
2.757023325609582747e-04 8.781712023753392771e+01 8.781614416969971160e+01 5.512526834674043221e-04 5.202223647587199018e+00
2.788980292380439777e-04 8.781363453767545479e+01 8.781263574076493228e+01 5.576405336262050530e-04 5.197202678799425435e+00
2.821307675939470740e-04 8.781006768804411422e+01 8.780904563348310887e+01 5.641023845449193727e-04 5.192181321423931628e+00
2.854009769829237591e-04 8.780641780238933336e+01 8.780537194934488809e+01 5.706390930067781241e-04 5.187159566207144579e+00
2.887090917359234400e-04 8.780268295075731544e+01 8.780161274585424280e+01 5.772515257035287567e-04 5.182137403677331555e+00
2.920555512182745244e-04 8.779886115848420047e+01 8.779776603551694336e+01 5.839405593497619526e-04 5.177114824139485094e+00
2.954407998880379709e-04 8.779495040516840731e+01 8.779382978480435895e+01 5.907070807985491607e-04 5.172091817670075642e+00
2.988652873550382482e-04 8.779094862361739615e+01 8.778980191309450731e+01 5.975519871584092542e-04 5.167068374111686957e+00
3.023294684405776131e-04 8.778685369877247524e+01 8.778568029159039554e+01 6.044761859116172141e-04 5.162044483067531608e+00
3.058338032378431388e-04 8.778266346660791442e+01 8.778146274221086287e+01 6.114805950338720762e-04 5.157020133895821701e+00
3.093787571730136510e-04 8.777837571300601383e+01 8.777714703645938243e+01 6.185661431153371536e-04 5.151995315704023248e+00
3.129648010670750265e-04 8.777398817260592523e+01 8.777273089426545027e+01 6.257337694830710732e-04 5.146970017342968440e+00
3.165924111983520412e-04 8.776949852762724902e+01 8.776821198280035219e+01 6.329844243248628540e-04 5.141944227400830236e+00
3.202620693657650080e-04 8.776490440666655957e+01 8.776358791526591574e+01 6.403190688144881583e-04 5.136917934196953972e+00
3.239742629528195514e-04 8.776020338346673100e+01 8.775885624965663112e+01 6.477386752384031937e-04 5.131891125775552176e+00
3.277294849923381931e-04 8.775539297565860863e+01 8.775401448749262556e+01 6.552442271238911225e-04 5.126863789899237744e+00
3.315282342319423150e-04 8.775047064347469927e+01 8.774906007252532447e+01 6.628367193686799481e-04 5.121835914042420335e+00
3.353710152002928996e-04 8.774543378843280550e+01 8.774399038941309925e+01 6.705171583720454355e-04 5.116807485384533116e+00
3.392583382740992125e-04 8.774027975199153673e+01 8.773880276236761233e+01 6.782865621674184688e-04 5.111778490803112973e+00
3.431907197459042598e-04 8.773500581417427213e+01 8.773349445376939570e+01 6.861459605565126780e-04 5.106748916866710175e+00
3.471686818926559680e-04 8.772960919216313869e+01 8.772806266275277665e+01 6.940963952449906568e-04 5.101718749827636401e+00
3.511927530450727588e-04 8.772408703886050318e+01 8.772250452375817531e+01 7.021389199796836253e-04 5.096687975614536015e+00
3.552634676578139260e-04 8.771843644141895879e+01 8.771681710505315266e+01 7.102746006873862216e-04 5.091656579824790363e+00
3.593813663804625697e-04 8.771265441973861243e+01 8.771099740721942339e+01 7.185045156152400836e-04 5.086624547716739997e+00
3.635469961293317630e-04 8.770673792492925713e+01 8.770504236160631706e+01 7.268297554727271449e-04 5.081591864201723041e+00
3.677609101601030626e-04 8.770068383774038523e+01 8.769894882874916675e+01 7.352514235752898855e-04 5.076558513835924380e+00
3.720236681413065759e-04 8.769448896695384121e+01 8.769271359675381916e+01 7.437706359895959914e-04 5.071524480812045432e+00
3.763358362286532656e-04 8.768815004774225486e+01 8.768633337964350005e+01 7.523885216804686738e-04 5.066489748950761651e+00
3.806979871402283821e-04 8.768166373999032714e+01 8.767980481566925732e+01 7.611062226594977193e-04 5.061454301691986402e+00
3.851107002325568655e-04 8.767502662657847168e+01 8.767312446558345584e+01 7.699248941353541457e-04 5.056418122085934996e+00
3.895745615775500948e-04 8.766823521162882571e+01 8.766628881087440561e+01 7.788457046658246209e-04 5.051381192783968466e+00
3.940901640403447737e-04 8.766128591871161291e+01 8.765929425196159741e+01 7.878698363115875427e-04 5.046343496029230380e+00
3.986581073580438726e-04 8.765417508901280996e+01 8.765213710635106281e+01 7.969984847917480205e-04 5.041305013647055411e+00
4.032789982193705223e-04 8.764689897945945063e+01 8.764481360675048904e+01 8.062328596411544182e-04 5.036265727035162953e+00
4.079534503452448896e-04 8.763945376080575045e+01 8.763731989914140286e+01 8.155741843695136963e-04 5.031225617153608276e+00
4.126820845702952015e-04 8.763183551567475149e+01 8.762965204080971660e+01 8.250236966223281057e-04 5.026184664514502742e+00
4.174655289253134888e-04 8.762404023655811613e+01 8.762180599833246220e+01 8.345826483436727481e-04 5.021142849171495115e+00
4.223044187206672164e-04 8.761606382377122770e+01 8.761377764552048575e+01 8.442523059408347120e-04 5.016100150709001504e+00
4.271993966306776428e-04 8.760790208336332796e+01 8.760556276131504205e+01 8.540339504508355755e-04 5.011056548231179519e+00
4.321511127789761839e-04 8.759955072498235040e+01 8.759715702763935496e+01 8.639288777088571184e-04 5.006012020350648406e+00
4.371602248248502198e-04 8.759100535969160717e+01 8.758855602720198874e+01 8.739383985185937695e-04 5.000966545176939171e+00
4.422273980505897289e-04 8.758226149774014857e+01 8.757975524125255617e+01 8.840638388245508714e-04 4.995920100304672928e+00
4.473533054498462949e-04 8.757331454628267409e+01 8.757075004728869771e+01 8.943065398863129416e-04 4.990872662801465687e+00
4.525386278170166862e-04 8.756415980705178015e+01 8.756153571671171676e+01 9.046678584548037199e-04 4.985824209195540035e+00
4.577840538376616304e-04 8.755479247397695985e+01 8.755210741243303119e+01 9.151491669505586049e-04 4.980774715463052615e+00
4.630902801799736631e-04 8.754520763075356626e+01 8.754246018642668048e+01 9.257518536440346307e-04 4.975724157015116056e+00
4.684580115873045137e-04 8.753540024835854183e+01 8.753258897722993481e+01 9.364773228379794524e-04 4.970672508684519819e+00
4.738879609717650920e-04 8.752536518251196185e+01 8.752248860738856706e+01 9.473269950518823247e-04 4.965619744712136630e+00
4.793808495089107069e-04 8.751509717108307029e+01 8.751215378084812357e+01 9.583023072085320110e-04 4.960565838733005606e+00
4.849374067335233355e-04 8.750459083144203021e+01 8.750157908028792519e+01 9.694047128227027644e-04 4.955510763762093873e+00
4.905583706365045484e-04 8.749384065775237218e+01 8.749075896439758537e+01 9.806356821919952685e-04 4.950454492179710009e+00
4.962444877628913436e-04 8.748284101820679837e+01 8.747968776509524957e+01 9.919967025898547650e-04 4.945396995716587973e+00
5.019965133110079530e-04 8.747158615220273248e+01 8.746835968468624856e+01 1.003489278460790004e-03 4.940338245438606890e+00
5.078152112327670659e-04 8.746007016745740259e+01 8.745676879295982076e+01 1.015114931617820552e-03 4.935278211731155551e+00
5.137013543351339135e-04 8.744828703706180306e+01 8.744490902422552381e+01 1.026875201442176535e-03 4.930216864283129219e+00
5.196557243827657369e-04 8.743623059647050866e+01 8.743277417428433296e+01 1.038771645085271840e-03 4.925154172070540071e+00
5.256791122018419265e-04 8.742389454042896091e+01 8.742035789733711226e+01 1.050805837672984288e-03 4.920090103339751941e+00
5.317723177850966487e-04 8.741127241983409135e+01 8.740765370282586844e+01 1.062979372512260975e-03 4.915024625590308283e+00
5.379361503980697925e-04 8.739835763852937589e+01 8.739465495220956370e+01 1.075293861300079820e-03 4.909957705557360441e+00
5.441714286865887004e-04 8.738514345003102335e+01 8.738135485567019600e+01 1.087750934334789834e-03 4.904889309193677605e+00
5.504789807854967333e-04 8.737162295418673352e+01 8.736774646875103656e+01 1.100352240729861797e-03 4.899819401651233086e+00
5.568596444286409188e-04 8.735778909376246304e+01 8.735382268892300317e+01 1.113099448630070366e-03 4.894747947262350962e+00
5.633142670601351629e-04 8.734363465095823642e+01 8.733957625207925446e+01 1.125994245430138188e-03 4.889674909520408619e+00
5.698437059469136636e-04 8.732915224385219233e+01 8.732499972895725193e+01 1.139038337995871945e-03 4.884600251060086329e+00
5.764488282925873171e-04 8.731433432276804751e+01 8.731008552148509239e+01 1.152233452887810273e-03 4.879523933637142541e+00
5.831305113526218760e-04 8.729917316656948856e+01 8.729482585905306280e+01 1.165581336587420865e-03 4.874445918107712217e+00
5.898896425508493501e-04 8.728366087887592073e+01 8.727921279470649552e+01 1.179083755725869294e-03 4.869366164407114006e+00
5.967271195973310833e-04 8.726778938420102349e+01 8.726323820126152953e+01 1.192742497315388414e-03 4.864284631528156488e+00
6.036438506075863814e-04 8.725155042401132732e+01 8.724689376733979884e+01 1.206559368983281706e-03 4.859201277498931937e+00
6.106407542232036075e-04 8.723493555270376021e+01 8.723017099332253110e+01 1.220536199208584888e-03 4.854116059360073621e+00
6.177187597338488134e-04 8.721793613350146757e+01 8.721306118722088740e+01 1.234674837561417415e-03 4.849028933141486419e+00
6.248788072006888211e-04 8.720054333426506332e+01 8.719555546046306915e+01 1.248977154945055124e-03 4.843939853838511667e+00
6.321218475812448011e-04 8.718274812321939748e+01 8.717764472359567662e+01 1.263445043840752402e-03 4.838848775387535994e+00
6.394488428556943443e-04 8.716454126459397855e+01 8.715931968189789814e+01 1.278080418555345996e-03 4.833755650641017532e+00
6.468607661546327617e-04 8.714591331417432230e+01 8.714057083090737876e+01 1.292885215471664510e-03 4.828660431341913473e+00
6.543586018883235361e-04 8.712685461476618798e+01 8.712138845185680225e+01 1.307861393301793700e-03 4.823563068097509010e+00
6.619433458774394430e-04 8.710735529156622192e+01 8.710176260701831552e+01 1.323010933343203837e-03 4.818463510352611223e+00
6.696160054853222054e-04 8.708740524744308686e+01 8.708168313495644952e+01 1.338335839737787511e-03 4.813361706362116799e+00
6.773775997517752102e-04 8.706699415812336440e+01 8.706113964568596941e+01 1.353838139733838652e-03 4.808257603162918059e+00
6.852291595284064167e-04 8.704611146728302629e+01 8.704012151573543576e+01 1.369519883950999018e-03 4.803151146545145522e+00
6.931717276155407569e-04 8.702474638154269826e+01 8.701861788311227031e+01 1.385383146648211166e-03 4.798042281022718569e+00
7.012063589007183975e-04 8.700288786536462737e+01 8.699661764217167104e+01 1.401430025994707639e-03 4.792930949803201557e+00
7.093341204987996815e-04 8.698052463585072758e+01 8.697410943838359287e+01 1.417662644344072111e-03 4.787817094756929848e+00
7.175560918936927952e-04 8.695764515743978507e+01 8.695108166300032337e+01 1.434083148511403538e-03 4.782700656385413751e+00
7.258733650817253023e-04 8.693423763650335445e+01 8.692752244762050395e+01 1.450693710053622531e-03 4.777581573788972413e+00
7.342870447166765678e-04 8.691029001583672198e+01 8.690341965865000873e+01 1.467496525552948808e-03 4.772459784633604762e+00
7.427982482564918871e-04 8.688578996904692531e+01 8.687876089165692406e+01 1.484493816903589836e-03 4.767335225117063757e+00
7.514081061116969704e-04 8.686072489483294135e+01 8.685353346562069987e+01 1.501687831601672104e-03 4.762207829934120618e+00
7.601177617955330547e-04 8.683508191116010266e+01 8.682772441707213318e+01 1.519080843038454710e-03 4.757077532240996831e+00
7.689283720758312941e-04 8.680884784932403875e+01 8.680132049412588913e+01 1.536675150796857139e-03 4.751944263618943509e+00
7.778411071286489781e-04 8.678200924790570525e+01 8.677430815040055734e+01 1.554473080951341776e-03 4.746807954036951216e+00
7.868571506936851423e-04 8.675455234661475856e+01 8.674667353882830412e+01 1.572476986371184769e-03 4.741668531813561849e+00
7.959777002314985571e-04 8.672646308002025251e+01 8.671840250535088046e+01 1.590689247027174706e-03 4.736525923577765695e+00
8.052039670825478267e-04 8.669772707116771926e+01 8.668948058250171584e+01 1.609112270301776620e-03 4.731380054228961463e+00
8.145371766280745229e-04 8.666832962508084393e+01 8.665989298287190934e+01 1.627748491302797749e-03 4.726230846895949966e+00
8.239785684528520143e-04 8.663825572214815907e+01 8.662962459246109859e+01 1.646600373180595383e-03 4.721078222894949050e+00
8.335293965098195066e-04 8.660749001139099335e+01 8.659865996390901444e+01 1.665670407448864750e-03 4.715922101686591539e+00
8.431909292866259040e-04 8.657601680361467800e+01 8.656698330960983867e+01 1.684961114309046614e-03 4.710762400831891128e+00
8.529644499741025759e-04 8.654382006443994158e+01 8.653457849470608210e+01 1.704475042978393197e-03 4.705599035947147790e+00
8.628512566366895297e-04 8.651088340721403824e+01 8.650142902996273619e+01 1.724214772021732955e-03 4.700431920657767826e+00
8.728526623848379762e-04 8.647719008580138222e+01 8.646751806451908351e+01 1.744182909686978243e-03 4.695260966550963921e+00
8.829699955494092365e-04 8.644272298725235260e+01 8.643282837851960210e+01 1.764382094244409038e-03 4.690086083127321004e+00
8.932045998580968784e-04 8.640746462434863417e+01 8.639734237562025498e+01 1.784814994329780857e-03 4.684907177751183482e+00
9.035578346138930074e-04 8.637139712802721192e+01 8.636104207537385946e+01 1.805484309291297646e-03 4.679724155599854107e+00
9.140310748756232161e-04 8.633450223967955139e+01 8.632390910548866714e+01 1.826392769540486488e-03 4.674536919611553820e+00
9.246257116405742597e-04 8.629676130332600792e+01 8.628592469396423326e+01 1.847543136907025532e-03 4.669345370432120390e+00
9.353431520292386373e-04 8.625815525766722658e+01 8.624706966110213102e+01 1.868938204997558535e-03 4.664149406360426298e+00
9.461848194722001460e-04 8.621866462800966247e+01 8.620732441139070090e+01 1.890580799558548054e-03 4.658948923292460798e+00
9.571521538991865398e-04 8.617826951806625857e+01 8.616666892526599497e+01 1.912473778843204811e-03 4.653743814664061063e+00
9.682466119303123836e-04 8.613694960163228131e+01 8.612508275074611674e+01 1.934620033982542000e-03 4.648533971392246222e+00
9.794696670695395360e-04 8.609468411413614319e+01 8.608254499494110235e+01 1.957022489360595117e-03 4.643319281815132094e+00
9.908228099003797609e-04 8.605145184406539727e+01 8.603903431543778879e+01 1.979684102993858018e-03 4.638099631630374198e+00
1.002307548283865382e-03 8.600723112426834405e+01 8.599452891156001044e+01 2.002607866914974267e-03 4.632874903832116864e+00
1.013925407558815411e-03 8.596199982313197552e+01 8.594900651550491943e+01 2.025796807560735577e-03 4.627644978646402230e+00
1.025677930744421868e-03 8.591573533563617104e+01 8.590244438335570010e+01 2.049253986164431378e-03 4.622409733464997394e+00
1.037566678745185890e-03 8.586841457428619151e+01 8.585481928597245371e+01 2.072982499152597417e-03 4.617169042777616639e+00
1.049593230558227598e-03 8.582001395992345749e+01 8.580610749976153784e+01 2.096985478546206996e-03 4.611922778102469422e+00
1.061759183483000071e-03 8.577050941241606097e+01 8.575628479732398546e+01 2.121266092366362512e-03 4.606670807915116406e+00
1.074066153333433447e-03 8.571987634123070166e+01 8.570532643798684092e+01 2.145827545044522860e-03 4.601412997575581976e+00
1.086515774652538433e-03 8.566808963588785275e+01 8.565320715821607678e+01 2.170673077837328296e-03 4.596149209253668211e+00
1.099109700929497193e-03 8.561512365630132138e+01 8.559990116191541176e+01 2.195805969246060908e-03 4.590879301852444527e+00
1.111849604819271095e-03 8.556095222300460534e+01 8.554538211061219499e+01 2.221229535440800984e-03 4.585603130929844617e+00
1.124737178364752007e-03 8.550554860726727213e+01 8.548962311353213295e+01 2.246947130689319182e-03 4.580320548618339593e+00
1.137774133221491381e-03 8.544888552110197111e+01 8.543259671756739237e+01 2.272962147790766503e-03 4.575031403542625164e+00
1.150962200885032299e-03 8.539093510716793389e+01 8.537427489713907391e+01 2.299278018514205012e-03 4.569735540735273105e+00
1.164303132920876775e-03 8.533166892857109076e+01 8.531462904395873181e+01 2.325898214042032217e-03 4.564432801550307062e+00
1.177798701197119331e-03 8.527105795856627424e+01 8.525362995669196664e+01 2.352826245418357214e-03 4.559123023574624511e+00
1.191450698119775895e-03 8.520907257016543213e+01 8.519124783052799899e+01 2.380065664002375871e-03 4.553806040537235589e+00
1.205260936870842505e-03 8.514568252565494788e+01 8.512745224666032584e+01 2.407620061926799698e-03 4.548481682216238831e+00
1.219231251649110712e-03 8.508085696602752535e+01 8.506221216168118815e+01 2.435493072561393472e-03 4.543149774343484104e+00
1.233363497913775872e-03 8.501456440033325634e+01 8.499549589689809181e+01 2.463688370981674969e-03 4.537810138506872981e+00
1.247659552630869806e-03 8.494677269495585392e+01 8.492727112757476959e+01 2.492209674442835352e-03 4.532462592050206851e+00
1.262121314522547276e-03 8.487744906281906765e+01 8.485750487210422932e+01 2.521060742858926597e-03 4.527106947970545470e+00
1.276750704319265777e-03 8.480656005253023011e+01 8.478616348112031176e+01 2.550245379287384949e-03 4.521743014812992456e+00
1.291549665014883998e-03 8.473407153746737208e+01 8.471321262655335715e+01 2.579767430418935040e-03 4.516370596562846451e+00
1.306520162124721234e-03 8.465994870481728185e+01 8.463861729063948758e+01 2.609630787072939745e-03 4.510989492535051326e+00
1.321664183946605082e-03 8.458415604457279358e+01 8.456234175488961569e+01 2.639839384698249112e-03 4.505599497260859287e+00
1.336983741824946661e-03 8.450665733849653805e+01 8.448434958902677749e+01 2.670397203879608643e-03 4.500200400371642928e+00
1.352480870417875451e-03 8.442741564906130236e+01 8.440460363990258941e+01 2.701308270849685049e-03 4.494791986479786949e+00
1.368157627967471913e-03 8.434639330837572402e+01 8.432306602040051757e+01 2.732576658006767144e-03 4.489374035056558299e+00
1.384016096573131502e-03 8.426355190710626175e+01 8.423969809833747036e+01 2.764206484438207819e-03 4.483946320306892552e+00
1.400058382468097589e-03 8.417885228340531967e+01 8.415446048537417312e+01 2.796201916449656943e-03 4.478508611041007725e+00
1.416286616299198848e-03 8.409225451185795919e+01 8.406731302594667454e+01 2.828567168100155470e-03 4.473060670542753137e+00
1.432702953409831009e-03 8.400371789245934906e+01 8.397821478623049529e+01 2.861306501743150592e-03 4.467602256434609842e+00
1.449309574126216591e-03 8.391320093963520321e+01 8.388712404315184301e+01 2.894424228573487436e-03 4.462133120539249376e+00
1.466108684046984459e-03 8.382066137132036943e+01 8.379399827345856977e+01 2.927924709180450627e-03 4.456653008737557542e+00
1.483102514336104337e-03 8.372605609810862859e+01 8.369879414286786812e+01 2.961812354106909892e-03 4.451161660823024668e+00
1.500293322019218348e-03 8.362934121249205077e+01 8.360146749530279919e+01 2.996091624414636521e-03 4.445658810352395740e+00
1.517683390283405343e-03 8.353047197820180259e+01 8.350197334223950918e+01 3.030767032255857023e-03 4.440144184492490709e+00
1.535275028780422714e-03 8.342940281967297267e+01 8.340026585217756860e+01 3.065843141451108592e-03 4.434617503863069743e+00
1.553070573933460147e-03 8.332608731164810933e+01 8.329629834025560342e+01 3.101324568073455818e-03 4.429078482375649273e+00
1.571072389247450424e-03 8.322047816894075822e+01 8.319002325803107567e+01 3.137215981039144508e-03 4.423526827068148037e+00
1.589282865622978049e-03 8.311252723637831252e+01 8.308139218344378207e+01 3.173522102704754225e-03 4.417962237935241454e+00
1.607704421673823627e-03 8.300218547894765209e+01 8.297035581098657531e+01 3.210247709470912848e-03 4.412384407754307958e+00
1.626339504048192157e-03 8.288940297216433351e+01 8.285686394210577532e+01 3.247397632392650790e-03 4.406793021906842078e+00
1.645190587753662514e-03 8.277412889268985907e+01 8.274086547585520179e+01 3.284976757796454708e-03 4.401187758195206357e+00
1.664260176485903671e-03 8.265631150922479264e+01 8.262230839983085673e+01 3.322990027904091856e-03 4.395568286654578216e+00
1.683550802961202323e-03 8.253589817369972081e+01 8.250113978141091309e+01 3.361442441463281805e-03 4.389934269359970997e+00
1.703065029252844422e-03 8.241283531279638908e+01 8.237730575933179011e+01 3.400339054385275415e-03 4.384285360228166617e+00
1.722805447131393972e-03 8.228706841982639730e+01 8.225075153562846708e+01 3.439684980389415628e-03 4.378621204814431067e+00
1.742774678408919205e-03 8.215854204699806473e+01 8.212142136797102410e+01 3.479485391654757714e-03 4.372941440103851107e+00
1.762975375287205784e-03 8.202719979810518680e+01 8.198925856243000965e+01 3.519745519478812302e-03 4.367245694297128722e+00
1.783410220710008025e-03 8.189298432167126407e+01 8.185420546670526676e+01 3.560470654943488373e-03 4.361533586590687683e+00
1.804081928719382779e-03 8.175583730458302512e+01 8.171620346385395806e+01 3.601666149588313420e-03 4.355804726950907479e+00
1.824993244816152391e-03 8.161569946625479588e+01 8.157519296655577534e+01 3.643337416090991054e-03 4.350058715882317628e+00
1.846146946324547485e-03 8.147251055335834735e+01 8.143111341195574937e+01 3.685489928955392337e-03 4.344295144189577407e+00
1.867545842761075955e-03 8.132620933516221839e+01 8.128390325712454967e+01 3.728129225207033309e-03 4.338513592733041158e+00
1.889192776207666326e-03 8.117673359952246415e+01 8.113349997518142231e+01 3.771260905096132827e-03 4.332713632177732421e+00
1.911090621689137941e-03 8.102402014956932419e+01 8.097984005212329350e+01 3.814890632808314464e-03 4.326894822735511070e+00
1.933242287555045260e-03 8.086800480113764422e+01 8.082285898440964900e+01 3.859024137183039195e-03 4.321056713900242485e+00
1.955650715865949168e-03 8.070862238098956709e+01 8.066249127735085267e+01 3.903667212439839579e-03 4.315198844175748505e+00
1.978318882784164089e-03 8.054580672587965751e+01 8.049867044435261221e+01 3.948825718912436951e-03 4.309320740796308336e+00
2.001249798969036847e-03 8.037949068251880647e+01 8.033132900707026636e+01 3.994505583790824467e-03 4.303421919439495369e+00
2.024446509976803900e-03 8.020960610848871397e+01 8.016039849652932503e+01 4.040712801871382785e-03 4.297501883931111877e+00
2.047912096665085481e-03 8.003608387416852565e+01 7.998580945527153574e+01 4.087453436315126830e-03 4.291560125941956905e+00
2.071649675602069141e-03 7.985885386573167466e+01 7.980749144058557931e+01 4.134733619414154328e-03 4.285596124676190222e+00
2.095662399480432980e-03 7.967784498927731818e+01 7.962537302888991064e+01 4.182559553366370711e-03 4.279609346551023208e+00
2.119953457536071038e-03 7.949298517616213644e+01 7.943938182132863801e+01 4.230937511058590131e-03 4.273599244867454239e+00
2.144526075971667656e-03 7.930420138959890153e+01 7.924944445065585796e+01 4.279873836858083709e-03 4.267565259471768790e+00
2.169383518385184159e-03 7.911141963259551346e+01 7.905548658947382989e+01 4.329374947412655689e-03 4.261506816407514719e+00
2.194529086203313769e-03 7.891456495730592735e+01 7.885743295990407375e+01 4.379447332459347232e-03 4.255423327557624091e+00
2.219966119119954652e-03 7.871356147587060548e+01 7.865520734476672260e+01 4.430097555641830318e-03 4.249314190276395564e+00
2.245697995539773940e-03 7.850833237282596144e+01 7.844873260034816553e+01 4.481332255336600151e-03 4.243178787010966069e+00
2.271728133026905232e-03 7.829879991916546089e+01 7.823793067084177721e+01 4.533158145488036354e-03 4.237016484911967140e+00
2.298059988758851136e-03 7.808488548813645025e+01 7.802272260454603270e+01 4.585582016452423131e-03 4.230826635432975991e+00
2.324697059985648094e-03 7.786650957286339292e+01 7.780302857191151134e+01 4.638610735851023820e-03 4.224608573918407828e+00
2.351642884494348565e-03 7.764359180588800768e+01 7.757876788552766811e+01 4.692251249432280100e-03 4.218361619179457733e+00
2.378901041078893431e-03 7.741605098072061253e+01 7.734985902214575049e+01 4.746510581943255529e-03 4.212085073057687978e+00
2.406475150015424062e-03 7.718380507550200775e+01 7.711621964683746455e+01 4.801395838010365062e-03 4.205778219975842447e+00
2.434368873543110365e-03 7.694677127887698020e+01 7.687776663939041555e+01 4.856914203029539731e-03 4.199440326475454732e+00
2.462585916350546866e-03 7.670486601818336680e+01 7.663441612304738726e+01 4.913072944065859440e-03 4.193070640740799604e+00
2.491130026067788373e-03 7.645800499006563200e+01 7.638608349569686595e+01 4.969879410762786595e-03 4.186668392108704673e+00
2.520004993764092018e-03 7.620610319362256746e+01 7.613268346362869465e+01 5.027341036261074279e-03 4.180232790563745304e+00
2.549214654451422910e-03 7.594907496620723464e+01 7.587413007796916986e+01 5.085465338127442662e-03 4.173763026218295202e+00
2.578762887593801043e-03 7.568683402199283705e+01 7.561033677391515084e+01 5.144259919293117309e-03 4.167258268776912189e+00
2.608653617622547997e-03 7.541929349342915145e+01 7.534121641289036120e+01 5.203732469002327402e-03 4.160717666984496965e+00
2.638890814457510187e-03 7.514636597571298182e+01 7.506668132774801450e+01 5.263890763770856691e-03 4.154140348057635990e+00
2.669478494034320699e-03 7.486796357440097438e+01 7.478664337115033334e+01 5.324742668354736502e-03 4.147525417098542277e+00
2.700420718837772543e-03 7.458399795629588880e+01 7.450101396725636960e+01 5.386296136729179680e-03 4.140871956490941308e+00
2.731721598441376204e-03 7.429438040374067498e+01 7.420970416685456428e+01 5.448559213077856962e-03 4.134179025277256336e+00
2.763385290053169997e-03 7.399902187245884022e+01 7.391262470607746593e+01 5.511540032792605973e-03 4.127445658516395000e+00
2.795415999067856535e-03 7.369783305308112631e+01 7.360968606884139831e+01 5.575246823483670858e-03 4.120670866621424011e+00
2.827817979625341181e-03 7.339072443650205457e+01 7.330079855315595694e+01 5.639687906000574041e-03 4.113853634676375215e+00
2.860595535175741895e-03 7.307760638321363444e+01 7.298587234144966374e+01 5.704871695463714643e-03 4.106992921731399626e+00
2.893753019050950264e-03 7.275838919676441208e+01 7.266481757506278427e+01 5.770806702306797639e-03 4.100087660075439899e+00
2.927294835042816134e-03 7.243298320149655467e+01 7.233754443306044379e+01 5.837501533330184851e-03 4.093136754485569462e+00
2.961225437988034351e-03 7.210129882471413509e+01 7.200396321551990297e+01 5.904964892765280499e-03 4.086139081452095922e+00
2.995549334359812969e-03 7.176324668343951885e+01 7.166398443144977648e+01 5.973205583350041543e-03 4.079093488378479293e+00
3.030271082866396216e-03 7.141873767591530964e+01 7.131751889149987278e+01 6.042232507415717761e-03 4.071998792755079144e+00
3.065395295056526793e-03 7.106768307801178253e+01 7.096447780562242258e+01 6.112054667984924763e-03 4.064853781305705738e+00
3.100926635931926852e-03 7.070999464470041573e+01 7.060477288584593225e+01 6.182681169881151448e-03 4.057657209105878238e+00
3.136869824566876613e-03 7.034558471675586588e+01 7.023831645432453286e+01 6.254121220849806831e-03 4.050407798671652237e+00
3.173229634734976452e-03 6.997436633284834784e+01 6.986502155682559589e+01 6.326384132690906006e-03 4.043104239017838886e+00
3.210010895543171858e-03 6.959625334718894862e+01 6.948480208181962325e+01 6.399479322403503652e-03 4.035745184684341069e+00
3.247218492073128838e-03 6.921116055289031976e+01 6.909757288533401720e+01 6.473416313341970492e-03 4.028329254729307252e+00
3.284857366030043482e-03 6.881900381120469490e+01 6.870324992173345890e+01 6.548204736384238486e-03 4.020855031687721848e+00
3.322932516398971556e-03 6.841970018679786847e+01 6.830175038058713710e+01 6.623854331112094540e-03 4.013321060493965753e+00
3.361449000108765288e-03 6.801316808921968970e+01 6.789299282978124950e+01 6.700374947003646768e-03 4.005725847366842451e+00
3.400411932703706255e-03 6.759932742072346912e+01 6.747689736503191682e+01 6.777776544638061326e-03 3.998067858655445228e+00
3.439826489022924580e-03 6.717809973058972162e+01 6.705338576595198674e+01 6.856069196912685168e-03 3.990345519644195704e+00
3.479697903887691603e-03 6.674940837610031963e+01 6.662238165881849739e+01 6.935263090272653606e-03 3.982557213315258249e+00
3.520031472796678832e-03 6.631317869030711165e+01 6.618381068618414531e+01 7.015368525953091967e-03 3.974701279066471304e+00
3.560832552629277729e-03 6.586933815673245363e+01 6.573760068347033325e+01 7.096395921234025829e-03 3.966776011382819433e+00
3.602106562357070083e-03 6.541781659113271985e+01 6.528368186267127271e+01 7.178355810708102192e-03 3.958779658459364192e+00
3.643858983763544404e-03 6.495854633044699256e+01 6.482198700329176688e+01 7.261258847561234339e-03 3.950710420773446696e+00
3.686095362172158059e-03 6.449146242904642179e+01 6.435245165063119543e+01 7.345115804866280546e-03 3.942566449603843282e+00
3.728821307182833642e-03 6.401650286238705689e+01 6.387501432151733383e+01 7.429937576889856371e-03 3.934345845494432670e+00
3.772042493416997554e-03 6.353360873815986309e+01 6.338961671758051608e+01 7.515735180412415860e-03 3.926046656659798462e+00
3.815764661271248397e-03 6.304272451501819319e+01 6.289620394614738075e+01 7.602519756061677098e-03 3.917666877330037600e+00
3.859993617679767074e-03 6.254379822894775032e+01 6.239472474881719677e+01 7.690302569659536978e-03 3.909204446031889102e+00
3.904735236885560103e-03 6.203678172733199148e+01 6.188513173777004539e+01 7.779095013582561918e-03 3.900657243803144603e+00
3.949995461220642823e-03 6.152163091074348955e+01 6.136738163983704908e+01 7.868908608136175944e-03 3.892023092337099754e+00
3.995780301895269192e-03 6.099830598247842772e+01 6.084143554834378165e+01 7.959755002942671062e-03 3.883299752053641640e+00
4.042095839796309639e-03 6.046677170582606919e+01 6.030725918271807728e+01 8.051645978343124899e-03 3.874484920093338225e+00
4.088948226294864159e-03 5.992699766904679137e+01 5.976482315582936877e+01 8.144593446813326240e-03 3.865576228230708900e+00
4.136343684063278035e-03 5.937895855800238110e+01 5.921410324900132593e+01 8.238609454393927903e-03 3.856571240702580283e+00
4.184288507901584922e-03 5.882263443636220757e+01 5.865508069461508711e+01 8.333706182134763621e-03 3.847467451947231165e+00
4.232789065573553354e-03 5.825801103327341224e+01 5.808774246618665416e+01 8.429895947553592631e-03 3.838262284249714273e+00
4.281851798652415615e-03 5.768508003835741249e+01 5.751208157577526237e+01 8.527191206109317051e-03 3.828953085288498315e+00
4.331483223376403000e-03 5.710383940385777635e+01 5.692809737854110352e+01 8.625604552689784821e-03 3.819537125578229553e+00
4.381689931514195016e-03 5.651429365373029157e+01 5.633579588423773288e+01 8.725148723114322172e-03 3.810011595803107554e+00
4.432478591240400501e-03 5.591645419942714312e+01 5.573519007538207859e+01 8.825836595651070232e-03 3.800373604034999353e+00
4.483855948021191196e-03 5.531033966208496366e+01 5.512630023180598471e+01 8.927681192549283620e-03 3.790620172830043266e+00
4.535828825510191016e-03 5.469597620078265976e+01 5.450915426124513630e+01 9.030695681586653478e-03 3.780748236197068124e+00
4.588404126454761513e-03 5.407339784648798542e+01 5.388378803557686325e+01 9.134893377631818009e-03 3.770754636430730944e+00
4.641588833612782412e-03 5.344264684126150655e+01 5.325024573226469471e+01 9.240287744222135113e-03 3.760636120801783555e+00
4.695390010680062544e-03 5.280377398223262020e+01 5.260858018051484919e+01 9.346892395156848957e-03 3.750389338096362657e+00
4.749814803228504315e-03 5.215683896980743839e+01 5.195885321159325088e+01 9.454721096105778849e-03 3.740010834995657785e+00
4.804870439655133628e-03 5.150191075950687747e+01 5.130113601269021473e+01 9.563787766233592877e-03 3.729497052286695258e+00
4.860564232142139222e-03 5.083906791677249970e+01 5.063550948365730164e+01 9.674106479839839762e-03 3.718844320894339806e+00
4.916903577628031589e-03 5.016839897400845416e+01 4.996206459587330784e+01 9.785691468014806604e-03 3.708048857723909908e+00
4.973895958790068052e-03 4.949000278906185457e+01 4.928090275242679041e+01 9.898557120311349961e-03 3.697106761303046607e+00
5.031548945038056761e-03 4.880398890426821623e+01 4.859213614872793130e+01 1.001271798643277311e-02 3.686014007210654420e+00
5.089870193519685330e-03 4.811047790511342015e+01 4.789588813258684752e+01 1.012818877793689870e-02 3.674766443279847472e+00
5.148867450137497269e-03 4.740960177748367244e+01 4.719229356271380738e+01 1.024498436995642872e-02 3.663359784560867638e+00
5.208548550577665401e-03 4.670150426239312935e+01 4.648149916451479413e+01 1.036311980293570280e-02 3.651789608028893408e+00
5.268921421350676766e-03 4.598634120699039585e+01 4.576366388196784385e+01 1.048261028438397281e-02 3.640051347020531569e+00
5.329994080844092930e-03 4.526428091055887393e+01 4.503895922427649623e+01 1.060347119064530656e-02 3.628140285381538988e+00
5.391774640387505396e-03 4.453550446413125030e+01 4.430756960590468907e+01 1.072571806868521417e-02 3.616051551306992184e+00
5.454271305329836186e-03 4.380020608224510426e+01 4.356969267850038108e+01 1.084936663789412385e-02 3.603780110853652907e+00
5.517492376129128420e-03 4.305859342526825628e+01 4.282553965311958422e+01 1.097443279190780767e-02 3.591320761102699599e+00
5.581446249454966556e-03 4.231088791062312993e+01 4.207533561106052389e+01 1.110093260044487176e-02 3.578668122949248520e+00
5.646141419303672866e-03 4.155732501113728716e+01 4.131931980151719586e+01 1.122888231116140473e-02 3.565816633493223087e+00
5.711586478126434545e-03 4.079815453864407715e+01 4.055774592415722424e+01 1.135829835152290385e-02 3.552760538004040569e+00
5.777790117970507157e-03 4.003364091085251886e+01 3.979088239462492282e+01 1.148919733069358497e-02 3.539493881429372379e+00
5.844761131633637551e-03 3.926406339939994439e+01 3.901901259086563556e+01 1.162159604144316280e-02 3.526010499415741961e+00
5.912508413831881436e-03 3.848971635689490256e+01 3.824243507806136932e+01 1.175551146207124906e-02 3.512304008806069522e+00
5.981040962380944001e-03 3.771090942065342233e+01 3.746146380986461821e+01 1.189096075834940314e-02 3.498367797576315663e+00
6.050367879391223974e-03 3.692796769072643315e+01 3.667642830351297079e+01 1.202796128548101404e-02 3.484195014170176741e+00
6.120498372476702517e-03 3.614123187971298279e+01 3.588767378630672766e+01 1.216653059007904818e-02 3.469778556187258722e+00
6.191441755977847815e-03 3.535105843175558960e+01 3.509556131083335373e+01 1.230668641216181754e-02 3.455111058376307387e+00
6.263207452198692356e-03 3.455781960801613195e+01 3.430046783622898943e+01 1.244844668716682361e-02 3.440184879880856528e+00
6.335804992658253774e-03 3.376190353583815096e+01 3.350278627267740461e+01 1.259182954798280206e-02 3.424992090680022194e+00
6.409244019356457114e-03 3.296371421871731400e+01 3.270292548626493812e+01 1.273685332700006181e-02 3.409524457162113276e+00
6.483534286054726779e-03 3.216367150411856102e+01 3.190131026123368585e+01 1.288353655817918442e-02 3.393773426763170953e+00
6.558685659571435525e-03 3.136221100611046708e+01 3.109838121660948929e+01 1.303189797913823639e-02 3.377730111596459750e+00
6.634708121092351002e-03 3.055978397972238270e+01 3.029459467412463169e+01 1.318195653325851709e-02 3.361385270992269803e+00
6.711611767496287149e-03 2.975685714387985570e+01 2.949042247431169272e+01 1.333373137180898435e-02 3.344729292860098901e+00
6.789406812696112230e-03 2.895391244973522049e+01 2.868635173761430224e+01 1.348724185608942555e-02 3.327752173777279943e+00
6.868103588995307790e-03 2.815144679118548510e+01 2.788288456734657217e+01 1.364250755959247469e-02 3.310443497699417481e+00
6.947712548460239883e-03 2.734997165436131183e+01 2.708053769133588773e+01 1.379954827018451367e-02 3.292792413178468269e+00
7.028244264308352446e-03 2.655001270288057214e+01 2.627984203910726890e+01 1.395838399230563825e-02 3.274787608963938723e+00
7.109709432312438099e-03 2.575210929568931917e+01 2.548134225151316912e+01 1.411903494918864861e-02 3.256417287851432807e+00
7.192118872221192789e-03 2.495681393436585083e+01 2.468559611978306023e+01 1.428152158509725204e-02 3.237669138630616672e+00
7.275483529196232965e-03 2.416469163683749954e+01 2.389317395106512976e+01 1.444586456758348812e-02 3.218530305971549321e+00
7.359814475265771296e-03 2.337631923456488181e+01 2.310465785766074376e+01 1.461208478976446304e-02 3.198987358074323772e+00
7.445122910795143496e-03 2.259228459037768033e+01 2.232064096731507874e+01 1.478020337261851287e-02 3.179026251892073773e+00
7.531420165974375344e-03 2.181318573431071428e+01 2.154172655212502363e+01 1.495024166730077667e-02 3.158632295721751859e+00
7.618717702322998914e-03 2.103962991498471524e+01 2.076852707386539976e+01 1.512222125747835107e-02 3.137790108940914813e+00
7.707027114212303652e-03 2.027223256430943366e+01 2.000166314381756649e+01 1.529616396168499877e-02 3.116483578652344821e+00
7.796360130405236531e-03 1.951161617355862887e+01 1.924176239551608703e+01 1.547209183569554086e-02 3.094695812982188876e+00
7.886728615614155974e-03 1.875840907917899614e+01 1.848945826921347191e+01 1.565002717491996431e-02 3.072409090762187933e+00
7.978144572076628638e-03 1.801324415705182957e+01 1.774538870730523143e+01 1.582999251681728795e-02 3.049604807313499144e+00
8.070620141149507584e-03 1.727675742432798245e+01 1.701019476046279522e+01 1.601201064332928928e-02 3.026263416040182452e+00
8.164167604921472240e-03 1.654958654840701371e+01 1.628451910479686049e+01 1.619610458333407832e-02 3.002364365536764890e+00
8.258799387844271284e-03 1.583236926313220216e+01 1.556900447102497154e+01 1.638229761511961549e-02 2.977886031919517951e+00
8.354528058382871408e-03 1.512574169282338943e+01 1.486429198735322466e+01 1.657061326887722744e-02 2.952805646109482041e+00
8.451366330684721012e-03 1.443033658537716946e+01 1.417101943861200297e+01 1.676107532921507909e-02 2.927099215832971169e+00
8.549327066268383804e-03 1.374678145632107018e+01 1.348981944512074804e+01 1.695370783769175813e-02 2.900741442170705398e+00
8.648423275731726215e-03 1.307569664642503682e+01 1.282131756581011217e+01 1.714853509536991977e-02 2.873705630591834037e+00
8.748668120479913615e-03 1.241769329624323426e+01 1.216613033131693733e+01 1.734558166539003007e-02 2.845963596570472376e+00
8.850074914473439122e-03 1.177337124178470873e+01 1.152486321410616021e+01 1.754487237556428755e-02 2.817485566123351326e+00
8.952657125996400095e-03 1.114331683639284165e+01 1.089810854418560204e+01 1.774643232099068837e-02 2.788240071960388811e+00
9.056428379445294677e-03 1.052810070484584060e+01 1.028644338068763275e+01 1.795028686668728723e-02 2.758193846451268083e+00
9.161402457138520528e-03 9.928275436676429422e+00 9.690427351520494170e+00 1.815646165024662265e-02 2.727311713344783506e+00
9.267593301146882789e-03 9.344373226739621785e+00 9.110600475462950598e+00 1.836498258451040727e-02 2.695556481224143930e+00
9.375015015145289968e-03 8.776903472135344941e+00 8.547480983500300056e+00 1.857587586026437573e-02 2.662888843167455555e+00
9.483681866285927423e-03 8.226350335706046124e+00 8.001563158860616198e+00 1.878916794895335585e-02 2.629267289185752254e+00
9.593608287093146128e-03 7.693170287477895997e+00 7.473315218035718743e+00 1.900488560541657018e-02 2.594648040978764669e+00
9.704808877380306092e-03 7.177789636586210165e+00 6.963177257875436510e+00 1.922305587064311247e-02 2.558985022723009539e+00
9.817298406188841586e-03 6.680602067415411405e+00 6.471559296228289959e+00 1.944370607454759536e-02 2.522229887453577124e+00
9.931091813749801447e-03 6.201966194878608896e+00 5.998839434781569224e+00 1.966686383876597999e-02 2.484332126739666524e+00
1.004620421346813161e-02 5.742203154952638222e+00 5.545362171263112039e+00 1.989255707947154561e-02 2.445239302576254214e+00
1.016265089392995140e-02 5.301594247756367118e+00 5.111436881395254872e+00 2.012081401021092661e-02 2.404897455663913330e+00
1.028044732093309765e-02 4.880378651598861417e+00 4.697336474504412607e+00 2.035166314476025140e-02 2.363251764505439390e+00
1.039960913954120388e-02 4.478751227513940947e+00 4.303296193414369419e+00 2.058513330000127928e-02 2.320247555714988419e+00
1.052015217616159015e-02 4.096860434820262853e+00 3.929512468917097934e+00 2.082125359881751778e-02 2.275831797378114363e+00
1.064209244064724669e-02 3.734806379181776048e+00 3.576141639148359364e+00 2.106005347301027550e-02 2.229955241877067174e+00
1.076544612842315896e-02 3.392639015471331287e+00 3.243298194644594012e+00 2.130156266623451158e-02 2.182575416204994401e+00
1.089022962263730583e-02 3.070356528437036214e+00 2.931052016278163475e+00 2.154581123695454778e-02 2.133660675099183113e+00
1.101645949633657008e-02 2.767903914713488955e+00 2.639423879708791887e+00 2.179282956141941410e-02 2.083195519266031415e+00
1.114415251466788215e-02 2.485171790081220244e+00 2.368378412718445070e+00 2.204264833665786974e-02 2.031187321851441574e+00
1.127332563710487130e-02 2.221995446032803745e+00 2.117813870599891235e+00 2.229529858349292917e-02 1.977674495494668783e+00
1.140399601970033122e-02 1.978154179623585307e+00 1.887548667404719716e+00 2.255081164957584150e-02 1.922735980392911159e+00
1.153618101736478448e-02 1.753370920242594222e+00 1.677305517553991709e+00 2.280921921243937028e-02 1.866501756509174603e+00
1.166989818617147553e-02 1.547312176305143394e+00 1.486695016247851164e+00 2.307055328257033230e-02 1.809163875590594328e+00
1.180516528568805595e-02 1.359588323915628116e+00 1.315201162581654648e+00 2.333484620650116970e-02 1.750987241177778486e+00
1.194200028133532432e-02 1.189754258248936880e+00 1.162171538161881568e+00 2.360213066992055547e-02 1.692319024819470830e+00
1.208042134677328981e-02 1.037310426726144597e+00 1.026814642848501880e+00 2.387243970080275487e-02 1.633595248249119836e+00
1.222044686631488727e-02 9.017042609895244976e-01 9.082063175929964149e-01 2.414580667255569052e-02 1.575342799521710857e+00
1.236209543736769070e-02 7.823320221923449891e-01 8.053062248077647034e-01 2.442226530718753785e-02 1.518175111271836464e+00
1.250538587290391315e-02 6.785410711915641491e-01 7.169840209269182640e-01 2.470184967849164276e-02 1.462780002348218478e+00
1.265033720395903824e-02 5.896325718523894865e-01 6.420533379913754279e-01 2.498459421524963642e-02 1.409898807896603046e+00
1.279696868215941634e-02 5.148646318337050110e-01 5.793103482846692076e-01 2.527053370445251149e-02 1.360296872260807088e+00
1.294529978227916024e-02 4.534558809198573348e-01 5.275728827774711638e-01 2.555970329453952777e-02 1.314726656648965042e+00
1.309535020482667685e-02 4.045894822016380399e-01 4.857160165263406659e-01 2.585213849865467678e-02 1.273885950686707291e+00
1.324713987866117486e-02 3.674175662002259757e-01 4.527006907832800686e-01 2.614787519792051082e-02 1.238374753752727653e+00
1.340068896363950761e-02 3.410660723945449502e-01 4.275930786609646317e-01 2.644694964472914245e-02 1.208655078457015586e+00
1.355601785329368925e-02 3.246399765876765708e-01 4.095736981040095093e-01 2.674939846605010538e-02 1.185018039295802517e+00
1.371314717753945554e-02 3.172288761757914854e-01 3.979364543904996276e-01 2.705525866675491387e-02 1.167562035625950845e+00
1.387209780541620932e-02 3.179128987204767887e-01 3.920787019858434919e-01 2.736456763295797359e-02 1.156184661162573679e+00
1.403289084785873213e-02 3.257688923426261263e-01 3.914840370565282335e-01 2.767736313537361506e-02 1.150589346338274588e+00
1.419554766050101606e-02 3.398768494378989202e-01 3.956999402571288460e-01 2.799368333268896503e-02 1.150305939183957182e+00
1.436008984651260603e-02 3.593265081595548027e-01 4.043126703155686119e-01 2.831356677495235064e-02 1.154722768779513409e+00
1.452653925946781159e-02 3.832240691389960929e-01 4.169219969583247698e-01 2.863705240697691709e-02 1.163126494977800851e+00
1.469491800624817164e-02 4.106989581475017914e-01 4.331184142728461417e-01 2.896417957175910843e-02 1.174745417046000773e+00
1.486524844997857107e-02 4.409105589893127508e-01 4.524652956520195390e-01 2.929498801391176507e-02 1.188791949531162961e+00
1.503755321299738400e-02 4.730548350155929782e-01 4.744879482471542897e-01 2.962951788311134899e-02 1.204500601132060478e+00
1.521185517986104775e-02 5.063707524330300913e-01 4.986706840768190818e-01 2.996780973755906741e-02 1.221158834852584585e+00
1.538817750038346324e-02 5.401464142333621821e-01 5.244619509537213897e-01 3.030990454745541296e-02 1.238129417480053007e+00
1.556654359271062056e-02 5.737248102834133778e-01 5.512864686676545167e-01 3.065584369848775928e-02 1.254864059731799708e+00
1.574697714643086624e-02 6.065090870875328166e-01 5.785624391070780526e-01 3.100566899533060972e-02 1.270909129004297311e+00
1.592950212572123020e-02 6.379672401662108694e-01 6.057214275014969340e-01 3.135942266515808624e-02 1.285904878562756704e+00
1.611414277253019750e-02 6.676361330842012221e-01 6.322284963657492929e-01 3.171714736116815203e-02 1.299579946876824543e+00
1.630092360979741237e-02 6.951247500994580664e-01 6.576005229582337908e-01 3.207888616611818261e-02 1.311742869480241103e+00
1.648986944471064753e-02 7.201165943674261438e-01 6.814211803080381102e-01 3.244468259587132697e-02 1.322272098579583277e+00
1.668100537200059227e-02 7.423711507804493515e-01 7.033516710958223062e-01 3.281458060295332907e-02 1.331105665646135527e+00
1.687435677727375585e-02 7.617243419779446967e-01 7.231369003185849076e-01 3.318862458011901523e-02 1.338231268803035334e+00
1.706994934038407949e-02 7.780879179221702469e-01 7.406073057846987995e-01 3.356685936392825309e-02 1.343677282874619516e+00
1.726780903884355886e-02 7.914477337450458450e-01 7.556769582876984304e-01 3.394933023833055646e-02 1.347504969315423518e+00
1.746796215127245644e-02 8.018608873281946048e-01 7.683387293770110871e-01 3.433608293825796826e-02 1.349801975748819105e+00
1.767043526088946798e-02 8.094517072131257596e-01 7.786573129283528294e-01 3.472716365322547905e-02 1.350677053037768971e+00
1.787525525904235316e-02 8.144066028122439738e-01 7.867607585255126379e-01 3.512261903093850945e-02 1.350255797361718413e+00
1.808244934877951612e-02 8.169678122852900293e-01 7.928310225506370879e-01 3.552249618090676936e-02 1.348677159008103033e+00
1.829204504846293836e-02 8.174261085541725258e-01 7.970939228368548735e-01 3.592684267806384169e-02 1.346090445792279766e+00
1.850407019542302245e-02 8.161125503535322512e-01 7.998088084985864876e-01 3.633570656639181773e-02 1.342652573130203919e+00
1.871855294965579092e-02 8.133893924588867508e-01 8.012582170844515517e-01 3.674913636255036642e-02 1.338525359105123824e+00
1.893552179756295348e-02 8.096402967046812948e-01 8.017377684427988704e-01 3.716718105950951589e-02 1.333872719590531553e+00
1.915500555573527997e-02 8.052600124089637212e-01 8.015465234210269463e-01 3.758989013018525921e-02 1.328857678437645129e+00
1.937703337477988952e-02 8.006437205751388841e-01 8.009780066333463955e-01 3.801731353107749151e-02 1.323639166854607030e+00
1.960163474319185847e-02 7.961762598759949405e-01 8.003120530456726556e-01 3.844950170590932109e-02 1.318368641759170679e+00
1.982883949127071249e-02 7.922214730024264018e-01 7.998075899536231104e-01 3.888650558926695644e-02 1.313186602727721919e+00
2.005867779508234069e-02 7.891119284894410058e-01 7.996964143052223140e-01 3.932837661023953074e-02 1.308219128674283471e+00
2.029118018046677935e-02 7.871392845982490005e-01 8.001779771681902798e-01 3.977516669605767746e-02 1.303574585941294828e+00
2.052637752709252084e-02 7.865455672225181161e-01 8.014151494962687972e-01 4.022692827573040586e-02 1.299340676676598472e+00
2.076430107255774690e-02 7.875156321248556468e-01 8.035309219388269142e-01 4.068371428367897891e-02 1.295581998532346901e+00
2.100498241653915230e-02 7.901710722032286860e-01 8.066059895678009406e-01 4.114557816336717605e-02 1.292338273340942312e+00
2.124845352498882720e-02 7.945658121706717925e-01 8.106771902354962256e-01 4.161257387092678200e-02 1.289623374456463134e+00
2.149474673437980557e-02 8.006836054180817008e-01 8.157367996233871876e-01 4.208475587877744811e-02 1.287425242392225444e+00
2.174389475600079988e-02 8.084376105645484367e-01 8.217327305667745385e-01 4.256217917923985072e-02 1.285706730081062954e+00
2.199593068030074663e-02 8.176721782155311757e-01 8.285697301738961240e-01 4.304489928814118210e-02 1.284407367296014790e+00
2.225088798128369363e-02 8.281669220212246607e-01 8.361117054417999128e-01 4.353297224841182200e-02 1.283445983562928383e+00
2.250880052095461867e-02 8.396430829236655180e-01 8.441853262669438696e-01 4.402645463367212825e-02 1.282724084961744282e+00
2.276970255381680075e-02 8.517721226065787521e-01 8.525850450847581863e-01 4.452540355180831244e-02 1.282129846220233960e+00
2.303362873142131284e-02 8.641864031925837741e-01 8.610796287735869026e-01 4.502987664853613792e-02 1.281542557621460521e+00
2.330061410696924670e-02 8.764917272360130962e-01 8.694202188846884560e-01 4.553993211095124644e-02 1.280837356897595480e+00
2.357069413996727703e-02 8.882814275963584194e-01 8.773498235824415126e-01 4.605562867106502423e-02 1.279890078180309754e+00
2.384390470093720321e-02 8.991516138811318504e-01 8.846140070326824478e-01 4.657702560932462654e-02 1.278582060525546682e+00
2.412028207618006903e-02 9.087171042771859941e-01 8.909723924787307237e-01 4.710418275811595334e-02 1.276804773938426729e+00
2.439986297259550199e-02 9.166275025562904410e-01 8.962104510141072344e-01 4.763716050524825080e-02 1.274464137347955939e+00
2.468268452255692469e-02 9.225828238946643944e-01 9.001509285457982568e-01 4.817601979741896467e-02 1.271484417178738280e+00
2.496878428884326609e-02 9.263480340360308318e-01 9.026641881069648043e-01 4.872082214365747177e-02 1.267811604571737139e+00
2.525820026962784584e-02 9.277658483222837038e-01 9.036767302219479436e-01 4.927162961874633623e-02 1.263416172846295149e+00
2.555097090352506997e-02 9.267671439936896460e-01 9.031772114299121412e-01 4.982850486661850875e-02 1.258295115020771515e+00
2.584713507469563881e-02 9.233783741708894155e-01 9.012194129435929790e-01 5.039151110372907388e-02 1.252473156326254555e+00
2.614673211801091940e-02 9.177254375329184644e-01 8.979218102018782233e-01 5.096071212240003284e-02 1.246003032367993368e+00
2.644980182427720053e-02 9.100335552948388695e-01 8.934636416858331431e-01 5.153617229413644946e-02 1.238964724767204872e+00
2.675638444552045150e-02 9.006228367261306378e-01 8.880776446397939949e-01 5.211795657291243972e-02 1.231463558139753278e+00
2.706652070033241375e-02 8.898993746068011301e-01 8.820398833955127582e-01 5.270613049842540199e-02 1.223627090178477150e+00
2.738025177927857698e-02 8.783418993536942221e-01 8.756573093064377034e-01 5.330076019931661441e-02 1.215600774004432116e+00
2.769761935036891068e-02 8.664842297554689043e-01 8.692538317093642108e-01 5.390191239635672149e-02 1.207542439870957107e+00
2.801866556459195468e-02 8.548939819725825950e-01 8.631557299198369115e-01 5.450965440559416009e-02 1.199615729290447019e+00
2.834343306151309444e-02 8.441482273047917761e-01 8.576771955526830693e-01 5.512405414146479693e-02 1.191982712343255146e+00
2.867196497493769772e-02 8.348070119488824048e-01 8.531066776297903109e-01 5.574518011986089039e-02 1.184796018318174049e+00
2.900430493863991738e-02 8.273858557393487523e-01 8.496945394140839047e-01 5.637310146115752374e-02 1.178190898336172854e+00
2.934049709215787172e-02 8.223285177553076863e-01 8.476423635026085757e-01 5.700788789319451849e-02 1.172277702805834876e+00
2.968058608665602449e-02 8.199814402875568176e-01 8.470940986221550117e-01 5.764960975421188488e-02 1.167135284405625528e+00
3.002461709085549324e-02 8.205713449201273990e-01 8.481291580115071227e-01 5.829833799573673481e-02 1.162805820361730635e+00
3.037263579703311511e-02 8.241874426016827515e-01 8.507575705018602941e-01 5.895414418541967266e-02 1.159291483109505361e+00
3.072468842709003348e-02 8.307696231259424913e-01 8.549173474668058104e-01 5.961710050981838122e-02 1.156553279405094337e+00
3.108082173869063797e-02 8.401038014601913684e-01 8.604743377031442986e-01 6.028727977712642488e-02 1.154512234202944354e+00
3.144108303147264555e-02 8.518253165440735630e-01 8.672249567802186032e-01 6.096475541984482799e-02 1.153052931565012429e+00
3.180552015332920035e-02 8.654309059093978629e-01 8.749022453858690263e-01 6.164960149739442258e-02 1.152029257459602274e+00
3.217418150676371741e-02 8.802993267032497293e-01 8.831856795519669179e-01 6.234189269866633604e-02 1.151272035244585545e+00
3.254711605531847990e-02 8.957201775505894137e-01 8.917149824636811939e-01 6.304170434450855065e-02 1.150598117780608831e+00
3.292437333007768724e-02 9.109299206288088424e-01 9.001078553763333101e-01 6.374911239014589837e-02 1.149820409615698535e+00
3.330600343624588733e-02 9.251535408017210749e-01 9.079810720010160763e-01 6.446419342753106907e-02 1.148758242039626953e+00
3.369205705980267418e-02 9.376497461640770359e-01 9.149738251544421441e-01 6.518702468762416213e-02 1.147247511175997658e+00
3.408258547423451829e-02 9.477571537509105193e-01 9.207716711928274345e-01 6.591768404259809588e-02 1.145150008741482317e+00
3.447764054734463873e-02 9.549385593512097481e-01 9.251290020909423983e-01 6.665625000796736310e-02 1.142361418789976657e+00
3.487727474814177747e-02 9.588202041700839562e-01 9.278877982350458575e-01 6.740280174463729457e-02 1.138817514460038760e+00
3.528154115380883332e-02 9.592229616555226768e-01 9.289905555233024526e-01 6.815741906087112445e-02 1.134498162310906721e+00
3.569049345675229939e-02 9.561826045526944373e-01 9.284857586717867317e-01 6.892018241417220692e-02 1.129428828573777688e+00
3.610418597173337130e-02 9.499567916479837448e-01 9.265250375514815229e-01 6.969117291307816431e-02 1.123679385960096200e+00
3.652267364308175307e-02 9.410171352871087302e-01 9.233520763337831339e-01 7.047047231886448271e-02 1.117360147812545668e+00
3.694601205199302130e-02 9.300256539226122721e-01 9.192842839990136294e-01 7.125816304715411331e-02 1.110615212970024634e+00
3.737425742391064371e-02 9.177960355221549404e-01 9.146890124450244297e-01 7.205432816943040109e-02 1.103613389028571756e+00
3.780746663599349189e-02 9.052413714183688009e-01 9.099565963592698425e-01 7.285905141445001010e-02 1.096537164920690754e+00
3.824569722466999305e-02 8.933112782233614269e-01 9.054726299060257277e-01 7.367241716955279240e-02 1.089570408092146891e+00
3.868900739327975347e-02 8.829225021023668907e-01 9.015917150178173189e-01 7.449451048186522817e-02 1.082885641537032484e+00
3.913745601980384015e-02 8.748880780427997772e-01 8.986145100717124468e-01 7.532541705939434229e-02 1.076631881995793183e+00
3.959110266468458816e-02 8.698507775975101719e-01 8.967694068413433195e-01 7.616522327200846154e-02 1.070924064425502698e+00
4.005000757873611317e-02 8.682268118969712623e-01 8.961996916302028549e-01 7.701401615230167585e-02 1.065835018428931802e+00
4.051423171114647281e-02 8.701654745822583470e-01 8.969566830252824197e-01 7.787188339633821510e-02 1.061390791451350957e+00
4.098383671757261509e-02 8.755295593877944205e-01 8.989990984989122413e-01 7.873891336427349397e-02 1.057569839212147533e+00
4.145888496832911274e-02 8.838999653861419059e-01 9.021987357750338443e-01 7.961519508084778651e-02 1.054306250606149797e+00
4.193943955667186335e-02 8.946059639022526655e-01 9.063523703989524449e-01 8.050081823574922746e-02 1.051496780207685111e+00
4.242556430717776828e-02 9.067802637494946083e-01 9.111994700495834598e-01 8.139587318384218506e-02 1.049011072012000945e+00
4.291732378422157684e-02 9.194354589347705220e-01 9.164448472791383304e-01 8.230045094525702265e-02 1.046704118906174319e+00
4.341478330055092288e-02 9.315559150317839210e-01 9.217847283854923024e-01 8.321464320533761283e-02 1.044429753277875017e+00
4.391800892596085804e-02 9.421969269542059822e-01 9.269340124996953145e-01 8.413854231444245491e-02 1.042053834587372885e+00
4.442706749606882555e-02 9.505813571056570543e-01 9.316519159407654627e-01 8.507224128759527382e-02 1.039465806681118432e+00
4.494202662119142072e-02 9.561832168784517583e-01 9.357629551256124723e-01 8.601583380398118706e-02 1.036587444819558890e+00
4.546295469532399269e-02 9.587880093169632856e-01 9.391704829153381118e-01 8.696941420628384600e-02 1.033377889887087564e+00
4.598992090522438514e-02 9.585212353466842083e-01 9.418608057276185441e-01 8.793307749985981858e-02 1.029834451740563317e+00
4.652299523960189143e-02 9.558392791560044177e-01 9.438971649299484623e-01 8.890691935174520333e-02 1.025989119566105057e+00
4.706224849841281199e-02 9.514807723958427221e-01 9.454043252193499169e-01 8.989103608949061686e-02 1.021901198705463587e+00
4.760775230226368254e-02 9.463811664317992589e-01 9.465458741701766598e-01 9.088552469981961424e-02 1.017646947985362926e+00
4.815957910192350533e-02 9.415581336638473298e-01 9.474973361875671518e-01 9.189048282710610138e-02 1.013307464179339146e+00
4.871780218794630885e-02 9.379799664026735595e-01 9.484186888335568444e-01 9.290600877166618754e-02 1.008956300023868602e+00
4.928249570040513228e-02 9.364326758161239939e-01 9.494298267356815479e-01 9.393220148785944024e-02 1.004648370129383572e+00
4.985373463873893352e-02 9.374033662089633623e-01 9.505920426804395085e-01 9.496916058199487976e-02 1.000411575176568535e+00
5.043159487171358646e-02 9.409971450193536091e-01 9.518978226138737897e-01 9.601698631003680040e-02 9.962422627847608014e-01
5.101615314749833457e-02 9.469020261049851950e-01 9.532702916327242537e-01 9.707577957510531153e-02 9.921051717128468450e-01
5.160748710385907462e-02 9.544110120837664413e-01 9.545725573475749570e-01 9.814564192476650517e-02 9.879379249581664579e-01
5.220567527846975420e-02 9.625032022835087187e-01 9.556259993187684598e-01 9.922667554810724044e-02 9.836595157417304947e-01
5.281079711934331261e-02 9.699771658035559740e-01 9.562353031548672666e-01 1.003189832725890074e-01 9.791816513718811787e-01
5.342293299538352497e-02 9.756210939535024940e-01 9.562168793494891794e-01 1.014226685606757911e-01 9.744213724808085120e-01
5.404216420705915125e-02 9.783967836861103828e-01 9.554264827461301790e-01 1.025378355062302876e-01 9.693131294121887231e-01
5.466857299720180585e-02 9.776097283012230577e-01 9.537816376482287639e-01 1.036645888306730878e-01 9.638185276065769358e-01
5.530224256192900478e-02 9.730367334421063941e-01 9.512750756726183754e-01 1.048030338788991100e-01 9.579322630052979903e-01
5.594325706169377826e-02 9.649863105515698036e-01 9.479768130637569179e-01 1.059532766149456628e-01 9.516833230373230590e-01
5.659170163246242391e-02 9.542757111447729423e-01 9.440244891469452559e-01 1.071154236174062940e-01 9.451312509020601826e-01
5.724766239702178822e-02 9.421210863952600434e-01 9.396037214695918127e-01 1.082895820745845700e-01 9.383580505800048766e-01
5.791122647641758214e-02 9.299522343168323824e-01 9.349220178888213439e-01 1.094758597793817345e-01 9.314570231052579086e-01
5.858248200152536139e-02 9.191783238615197638e-01 9.301808442799920362e-01 1.106743651239123633e-01 9.245203522483242953e-01
5.926151812475552449e-02 9.109430151427408973e-01 9.255506110593554325e-01 1.118852070938415044e-01 9.176275018110171544e-01
5.994842503189409116e-02 9.059137221481510238e-01 9.211526526986345553e-01 1.131084952624375750e-01 9.108363823103468038e-01
6.064329395408061402e-02 9.041482089539454314e-01 9.170509142574576611e-01 1.143443397843340731e-01 9.041787769260888341e-01
6.134621717992506246e-02 9.050713085886420428e-01 9.132542838344070990e-01 1.155928513889941667e-01 8.976607412166390798e-01
6.205728806776500406e-02 9.075760218097410625e-01 9.097286068555480165e-01 1.168541413738712342e-01 8.912677428933413193e-01
6.277660105806499857e-02 9.102391889427933203e-01 9.064156808563985646e-01 1.181283215972590700e-01 8.849733767296055209e-01
6.350425168595962011e-02 9.116166314170641716e-01 9.032552414523007389e-01 1.194155044708246627e-01 8.787497727361488487e-01
6.424033659394190465e-02 9.105615153926682748e-01 9.002053638248805889e-01 1.207158029518170111e-01 8.725774688549581271e-01
6.498495354469888130e-02 9.064981457680130195e-01 8.972569939507726300e-01 1.220293305349450103e-01 8.664526235675282795e-01
6.573820143409585259e-02 8.995856847112734256e-01 8.944395157776483529e-01 1.233562012439170796e-01 8.603899910167510656e-01
6.650018030431117944e-02 8.907241294099146334e-01 8.918161730274895005e-01 1.246965296226358738e-01 8.544209770095498868e-01
6.727099135712336087e-02 8.813865347199757450e-01 8.894704074268264815e-01 1.260504307260405799e-01 8.485871696956432952e-01
6.805073696735206012e-02 8.733014123152873509e-01 8.874862244316209514e-01 1.274180201105893917e-01 8.429307681586868384e-01
6.883952069645496441e-02 8.680488082130086713e-01 8.859270333787274687e-01 1.287994138243750142e-01 8.374840675253061306e-01
6.963744730628222690e-02 8.666625404386993914e-01 8.848176901175849318e-01 1.301947283968654390e-01 8.322603969335315988e-01
7.044462277299036457e-02 8.693401309826842560e-01 8.841336581718837184e-01 1.316040808282625540e-01 8.272485678325065539e-01
7.126115430111745752e-02 8.753453918549947144e-01 8.837995502477301590e-01 1.330275885784707457e-01 8.224120576226564561e-01
7.208715033782135684e-02 8.831467501829322053e-01 8.836972227946702230e-01 1.344653695556674577e-01 8.176930403481568188e-01
7.292272058728312134e-02 8.907747809923880489e-01 8.836815076700887950e-01 1.359175421044683807e-01 8.130202545706313177e-01
7.376797602527730702e-02 8.963191960419757409e-01 8.835999954205618900e-01 1.373842249936786108e-01 8.083188367920893791e-01
7.462302891391107973e-02 8.984366146525937236e-01 8.833124374010650204e-01 1.388655374036218970e-01 8.035198663270880504e-01
7.548799281653431614e-02 8.967228171835399664e-01 8.827056397864797566e-01 1.403615989130398145e-01 7.985675946050028173e-01
7.636298261282241373e-02 8.918274341974782304e-01 8.817012480523094275e-01 1.418725294855524288e-01 7.934231435750467298e-01
7.724811451403400253e-02 8.852545345696490875e-01 8.802561416329951482e-01 1.433984494556719003e-01 7.880646084668563311e-01
7.814350607844541829e-02 8.788852793674145625e-01 8.783574189382088448e-01 1.449394795143606751e-01 7.824845764535950376e-01
7.904927622696419909e-02 8.743529450428482175e-01 8.760153188334864893e-01 1.464957406941255758e-01 7.766867027861529271e-01
7.996554525892346499e-02 8.724649464029604617e-01 8.732575093337793248e-01 1.480673543536387138e-01 7.706830123762800078e-01
8.089243486805938743e-02 8.728739528703848283e-01 8.701270648593888435e-01 1.496544421618768717e-01 7.644930649338788076e-01
8.183006815867389927e-02 8.741384717247772107e-01 8.666845465381077807e-01 1.512571260817699159e-01 7.581452084744976228e-01
8.277856966198472721e-02 8.741925206266797366e-01 8.630125269330425342e-01 1.528755283533495268e-01 7.516791286866981725e-01
8.373806535266489770e-02 8.710980688896290403e-01 8.592194545000290118e-01 1.545097714763887242e-01 7.451481515942751654e-01
8.470868266557401993e-02 8.638327684852548094e-01 8.554396003921100888e-01 1.561599781925231689e-01 7.386196112661777002e-01
8.569055051268346934e-02 8.528194950273345620e-01 8.518270740575634159e-01 1.578262714668445810e-01 7.321721426212867145e-01
8.668379930019773361e-02 8.399643375670610146e-01 8.485439521819532205e-01 1.595087744689571152e-01 7.258897641710643223e-01
8.768856094587426653e-02 8.281306361796658688e-01 8.457445905888784088e-01 1.612076105534867299e-01 7.198536878668363448e-01
8.870496889654402861e-02 8.201910135281658132e-01 8.435595156214820145e-01 1.629229032400340282e-01 7.141335882799819679e-01
8.973315814583519845e-02 8.179879591590164534e-01 8.420825069484099146e-01 1.646547761925606645e-01 7.087803126588444469e-01
9.077326525210223374e-02 8.216125018245287182e-01 8.413634885136975772e-01 1.664033531981994329e-01 7.038215880915908995e-01
9.182542835656282154e-02 8.293269125809572540e-01 8.414081447812483683e-01 1.681687581454779368e-01 6.992613945320432789e-01
9.288978720164497993e-02 8.382199607028798516e-01 8.421837638040419183e-01 1.699511150019457628e-01 6.950828463245992683e-01
9.396648314954690606e-02 8.453723201463941850e-01 8.436301172314640828e-01 1.717505477911948630e-01 6.912539445720654596e-01
9.505565920101191613e-02 8.490557865751275912e-01 8.456735900009415552e-01 1.735671805692627079e-01 6.877351591559291988e-01
9.615746001432096124e-02 8.494225924045197829e-01 8.482418593019734887e-01 1.754011374004078028e-01 6.844872951003413419e-01
9.727203192450536995e-02 8.483253147928013771e-01 8.512758668984630184e-01 1.772525423322471039e-01 6.814778486255980150e-01
9.839952296278225985e-02 8.482966770246820332e-01 8.547362505427119617e-01 1.791215193702444253e-01 6.786843589558814172e-01
9.954008287621518569e-02 8.511509552812728252e-01 8.586024589742951019e-01 1.810081924515391238e-01 6.760938964006033558e-01
1.006938631476027024e-01 8.569271268272190545e-01 8.628637117996853512e-01 1.829126854181041817e-01 6.736983790353467949e-01
1.018610170155975214e-01 8.638069623895174853e-01 8.675016586856403311e-01 1.848351219892227504e-01 6.714858153773800575e-01
1.030416994950587445e-01 8.691884763978575679e-01 8.724660583571979267e-01 1.867756257332718051e-01 6.694283405026272282e-01
1.042360673976401170e-01 8.714550863276383508e-01 8.776478372278533335e-01 1.887343200388019726e-01 6.674694061309253135e-01
1.054442793526168404e-01 8.714789731089560565e-01 8.828569751738241100e-01 1.907113280849017378e-01 6.655138620660204785e-01
1.066664958279538722e-01 8.728545102887325102e-01 8.878133341404613743e-01 1.927067728108353972e-01 6.634246849432068327e-01
1.079028791516183639e-01 8.804013032199975441e-01 8.921565820398671409e-01 1.947207768849420484e-01 6.610287903034254287e-01
1.091535935331391094e-01 8.974150653106225395e-01 8.954782334001661903e-01 1.967534626727850400e-01 6.581326495494091988e-01
1.104188050854160164e-01 9.230046382567884677e-01 8.973753188259346869e-01 1.988049522045395312e-01 6.545469222274473697e-01
1.116986818467822634e-01 9.510991589623892795e-01 8.975207159318676631e-01 2.008753671416063924e-01 6.501177979051397937e-01
1.129933938033221702e-01 9.720600855152515818e-01 8.957391579170606022e-01 2.029648287424402342e-01 6.447607734924492018e-01
1.143031129114478600e-01 9.765005430503209682e-01 8.920722650742317628e-01 2.050734578275801023e-01 6.384905828711674447e-01
1.156280131207375328e-01 9.595836255996150754e-01 8.868143289869981905e-01 2.072013747438698761e-01 6.314400692029873419e-01
1.169682703970384707e-01 9.235633716288301764e-01 8.805051773848985297e-01 2.093486993278565189e-01 6.238616469819772137e-01
1.183240627458378019e-01 8.770974687451410512e-01 8.738764044627738148e-01 2.115155508683534968e-01 6.161077104017756989e-01
1.196955702359042834e-01 8.316018479425287824e-01 8.677595158957939203e-01 2.137020480681571521e-01 6.085907005092437982e-01
1.210829750232039481e-01 7.966420593812323370e-01 8.629745486865667559e-01 2.159083090049029041e-01 6.017286314320411389e-01
1.224864613750930725e-01 7.769318149582176147e-01 8.602209451419073893e-01 2.181344510910488976e-01 5.958857514448958614e-01
1.239062156947915577e-01 7.724362634115203852e-01 8.599880342108807696e-01 2.203805910329742490e-01 5.913190651012287802e-01
1.253424265461399456e-01 7.809623656325939134e-01 8.624942595162129466e-01 2.226468447891783720e-01 5.881396682677946242e-01
1.267952846786433996e-01 8.009081591769775521e-01 8.676577323643561712e-01 2.249333275275690325e-01 5.862946334791494518e-01
1.282649830528059809e-01 8.318581931115128780e-01 8.750994554276899651e-01 2.272401535818253659e-01 5.855723394548142391e-01
1.297517168657586761e-01 8.725890650380284663e-01 8.841825493691597426e-01 2.295674364068229223e-01 5.856316547615618706e-01
1.312556835771842845e-01 9.184277896824299958e-01 8.940890729983727025e-01 2.319152885331067782e-01 5.860514076928877714e-01
1.327770829355429116e-01 9.608128030815952236e-01 9.039277999765734650e-01 2.342838215203997543e-01 5.863914437622050890e-01
1.343161170046015263e-01 9.903408483853793909e-01 9.128558139135222183e-01 2.366731459101318602e-01 5.862532023411936022e-01
1.358729901902709092e-01 1.001574012027374394e+00 9.201908960197174858e-01 2.390833711769770054e-01 5.853285612824734585e-01
1.374479092677536596e-01 9.959461459445738685e-01 9.254948589578654294e-01 2.415146056793832097e-01 5.834306106373041700e-01
1.390410834090069769e-01 9.802123477088905412e-01 9.286166677065122999e-01 2.439669566090824637e-01 5.805054659599399036e-01
1.406527242105236331e-01 9.614853719554258271e-01 9.296916561714840821e-01 2.464405299395656668e-01 5.766267992370539552e-01
1.422830457214351862e-01 9.429763464287339580e-01 9.290979075599562487e-01 2.489354303735093477e-01 5.719747689105787458e-01
1.439322644719406574e-01 9.240776646208551659e-01 9.273759761480545594e-01 2.514517612891382647e-01 5.668011592487899319e-01
1.456005995020648591e-01 9.043859680099954890e-01 9.251285499372817744e-01 2.539896246855110062e-01 5.613861073822601355e-01
1.472882723907501801e-01 8.872655773439566129e-01 9.229262987661438489e-01 2.565491211267127980e-01 5.559964901662868275e-01
1.489955072852853779e-01 8.787491877361575110e-01 9.212402091553342220e-01 2.591303496849418075e-01 5.508546041536693805e-01
1.507225309310755434e-01 8.823363216627764238e-01 9.204051661568978249e-01 2.617334078824727350e-01 5.461198877541212360e-01
1.524695727017572888e-01 8.950227551209288812e-01 9.206090913831993516e-01 2.643583916324843130e-01 5.418821584703121808e-01
1.542368646296627399e-01 9.092988665281129812e-01 9.218991960987308332e-01 2.670053951787343949e-01 5.381633993512963121e-01
1.560246414366368017e-01 9.196883802307251887e-01 9.242006657386956370e-01 2.696745110340678098e-01 5.349263770670990015e-01
1.578331405652116382e-01 9.269595473576772715e-01 9.273458554336324600e-01 2.723658299177417752e-01 5.320891137612044908e-01
1.596626022101425013e-01 9.350891185868810407e-01 9.311071072827983297e-01 2.750794406915534340e-01 5.295415090604769226e-01
1.615132693503091299e-01 9.443512903638082712e-01 9.352226089218443894e-01 2.778154302947531962e-01 5.271586338578715392e-01
1.633853877809862132e-01 9.493381430253403641e-01 9.394113398021091133e-01 2.805738836777283418e-01 5.248085546638449062e-01
1.652792061464895546e-01 9.457334096047743666e-01 9.433829067825103554e-01 2.833548837344429527e-01 5.223573006897911375e-01
1.671949759731990170e-01 9.385130882819403553e-01 9.468482117031145062e-01 2.861585112336144654e-01 5.196736955766878552e-01
1.691329517029648843e-01 9.402996817674891261e-01 9.495308308717590462e-01 2.889848447486136340e-01 5.166340030440352837e-01
1.710933907269015231e-01 9.588082983771895051e-01 9.511808648884382267e-01 2.918339605860701957e-01 5.131272757515403793e-01
1.730765534195725930e-01 9.863749073885478280e-01 9.515983745708697095e-01 2.947059327131687501e-01 5.090648128431436437e-01
1.750827031735725237e-01 1.004713479295576528e+00 9.506653856610042252e-01 2.976008326836167561e-01 5.043935392296547970e-01
1.771121064345088647e-01 1.001482450354963305e+00 9.483713076578780266e-01 3.005187295622696042e-01 4.991068620154858748e-01
1.791650327363901452e-01 9.808411620328185698e-01 9.448210663283946875e-01 3.034596898483946648e-01 4.932485584027611059e-01
1.812417547374237659e-01 9.567157464472336725e-01 9.402343126238187354e-01 3.064237773975569956e-01 4.869136341730996853e-01
1.833425482562290598e-01 9.380124224750014950e-01 9.349427944829771242e-01 3.094110533421111642e-01 4.802492145988268013e-01
1.854676923084699336e-01 9.233838665845707228e-01 9.293705845759115958e-01 3.124215760102798112e-01 4.734479036822432096e-01
1.876174691439121411e-01 9.087605522064677865e-01 9.239782553393345310e-01 3.154554008438022472e-01 4.667237835008263280e-01
1.897921642839101308e-01 8.944579451886807142e-01 9.191904294373028916e-01 3.185125803141355960e-01 4.602789034820233827e-01
1.919920665593284892e-01 8.831029743146018296e-01 9.153454257753639300e-01 3.215931638371902213e-01 4.542782072950815042e-01
1.942174681489026444e-01 8.755706507089472401e-01 9.126709439353962727e-01 3.246971976865810072e-01 4.488356839768810058e-01
1.964686646180446583e-01 8.729576702384304054e-01 9.112684099468663090e-01 3.278247249053771739e-01 4.440046098286187792e-01
1.987459549580983809e-01 8.786166204762713150e-01 9.111052539614560297e-01 3.309757852163310310e-01 4.397723298664301117e-01
2.010496416260499075e-01 8.928948176959252692e-01 9.120234834608884622e-01 3.341504149305677962e-01 4.360640162663299568e-01
2.033800305846981960e-01 9.091938956502181313e-01 9.137545710696558521e-01 3.373486468547172712e-01 4.327505900470718370e-01
2.057374313432913659e-01 9.218118357288979103e-01 9.159410150809896844e-01 3.405705101964686676e-01 4.296604668548500428e-01
2.081221569986339281e-01 9.339291257890713904e-01 9.181877632469312989e-01 3.438160304685285995e-01 4.266053787338179859e-01
2.105345242766706038e-01 9.485092690949767924e-01 9.201276811168723757e-01 3.470852293909636455e-01 4.234119640457436606e-01
2.129748535745520921e-01 9.556217055496040169e-01 9.214454240368719073e-01 3.503781247919072750e-01 4.199326336712112528e-01
2.154434690031884481e-01 9.439471201320388527e-01 9.218705694530644479e-01 3.536947305066113767e-01 4.160413608661279738e-01
2.179406984302955930e-01 9.239242243964618240e-01 9.212069472063723063e-01 3.570350562748220158e-01 4.116463441328409578e-01
2.204668735239409816e-01 9.201764501385272244e-01 9.193845866622686325e-01 3.603991076364594370e-01 4.067135116200405465e-01
2.230223297965938656e-01 9.370140355107380303e-01 9.164717043723551448e-01 3.637868858255818849e-01 4.012720217669784040e-01
2.256074066496861485e-01 9.512169007683902722e-01 9.126522637734389987e-01 3.671983876626112586e-01 3.954045697924897240e-01
2.282224474186898555e-01 9.440898016945111770e-01 9.082090647112424087e-01 3.706336054448011175e-01 3.892410378596810605e-01
2.308677994187169624e-01 9.200799415412251880e-01 9.035089112463108307e-01 3.740925268349243327e-01 3.829534078562906729e-01
2.335438139906479416e-01 8.912703260411638517e-01 8.989852756645887455e-01 3.775751347481596243e-01 3.767491924948529469e-01
2.362508465477947683e-01 8.672059976758322852e-01 8.951136252604078303e-01 3.810814072371546679e-01 3.708604076439610542e-01
2.389892566231050230e-01 8.578337894828595989e-01 8.923665494748914684e-01 3.846113173752436776e-01 3.655212228909284766e-01
2.417594079169130827e-01 8.601291267806032703e-01 8.911750724946935209e-01 3.881648331377974825e-01 3.609468434008055171e-01
2.445616683452446483e-01 8.534365774800702908e-01 8.918929579313216172e-01 3.917419172816823392e-01 3.573126903660607812e-01
2.473964100886814066e-01 8.358884206969890984e-01 8.947098736643614991e-01 3.953425272228054954e-01 3.547086959091050318e-01
2.502640096417919069e-01 8.373544137651368624e-01 8.995855717116423289e-01 3.989666149117240268e-01 3.531059253279691945e-01
2.531648478631355337e-01 8.663494782163456698e-01 9.062664766172865427e-01 4.026141267072923524e-01 3.523669063459942130e-01
2.560993100258459609e-01 8.907172194867426507e-01 9.143273102193636426e-01 4.062850032483258378e-01 3.522709000000563417e-01
2.590677858688008595e-01 8.999950563430458850e-01 9.232120817750433250e-01 4.099791793232547832e-01 3.525396775616690404e-01
2.620706696483852682e-01 9.266546432295401647e-01 9.322793208396888964e-01 4.136965837377460375e-01 3.528641165619240683e-01
2.651083601908538756e-01 9.847943184231064961e-01 9.408365523509423234e-01 4.174371391802644271e-01 3.529230963749547256e-01
2.681812609453015361e-01 1.045971344306957596e+00 9.482577175864138619e-01 4.212007620855522383e-01 3.524372376919224226e-01
2.712897800372467416e-01 1.075561361813615058e+00 9.541349876798633778e-01 4.249873624959976115e-01 3.512338055346229115e-01
2.744343303228365394e-01 1.056125537708378026e+00 9.582752570131505276e-01 4.287968439208680871e-01 3.492386945115886765e-01
2.776153294436801144e-01 9.989189083655800605e-01 9.606655227166480682e-01 4.326291031933821585e-01 3.464564732954013571e-01
2.808331998823172526e-01 9.369836947304553965e-01 9.614909183934298165e-01 4.364840303255913545e-01 3.429768277687366695e-01
2.840883690183304000e-01 8.924700966725989115e-01 9.610598487424105718e-01 4.403615083610469272e-01 3.389410829967421934e-01
2.873812691851066470e-01 8.866842673004931008e-01 9.597081736111249262e-01 4.442614132252220571e-01 3.345005998124734314e-01
2.907123377272578524e-01 9.406974301097568159e-01 9.577518444611106130e-01 4.481836135736627647e-01 3.297970231550303444e-01
2.940820170587063465e-01 1.008336899086041072e+00 9.554453097339852263e-01 4.521279706378377172e-01 3.249444575796291423e-01
2.974907547214440395e-01 1.013718815963122744e+00 9.529417102270556494e-01 4.560943380686596216e-01 3.200116554537211777e-01
3.009390034449720974e-01 9.647784586626801939e-01 9.502587598018238380e-01 4.600825617776470589e-01 3.150061089809197412e-01
3.044272212064302874e-01 9.170682115161997716e-01 9.473273345024761927e-01 4.640924797756985631e-01 3.098955376624860092e-01
3.079558712914226559e-01 9.081006177728573325e-01 9.440479301219479868e-01 4.681239220094465248e-01 3.046332094044268413e-01
3.115254223555488089e-01 9.433536420316313009e-01 9.403412652765079649e-01 4.721767101951629408e-01 2.991809328190533357e-01
3.151363484866479547e-01 9.625524421659938934e-01 9.361271636774866067e-01 4.762506576501829292e-01 2.934992589863237300e-01
3.187891292677645927e-01 9.448979599388993567e-01 9.313305157215149288e-01 4.803455691218159185e-01 2.875500441929647599e-01
3.224842498408442282e-01 9.546967762201949981e-01 9.260429817609430181e-01 4.844612406137116523e-01 2.813721076937795162e-01
3.262222009711669979e-01 9.682828019676490428e-01 9.204452348086323843e-01 4.885974592096475333e-01 2.750467494627709120e-01
3.300034791125285305e-01 9.370130400941499849e-01 9.147532991715500161e-01 4.927540028947058337e-01 2.686738235348354875e-01
3.338285864731760921e-01 9.058807089215895614e-01 9.093159928142894310e-01 4.969306403738040778e-01 2.624190535674029712e-01
3.376980310825091203e-01 8.849632543693709552e-01 9.045367690123691240e-01 5.011271308875464570e-01 2.564783094648307449e-01
3.416123268585528616e-01 8.601757852556575212e-01 9.007399515763766518e-01 5.053432240253598051e-01 2.510129791743889727e-01
3.455719936762139399e-01 8.438552824965853683e-01 8.981802430468679432e-01 5.095786595358793303e-01 2.461522657662480740e-01
3.495775574363275129e-01 8.445640258018894952e-01 8.971038124101232691e-01 5.138331671345467422e-01 2.420205684242955624e-01
3.536295501355042892e-01 8.645806379683426135e-01 8.976243297807920962e-01 5.181064663083856381e-01 2.386756028646842831e-01
3.577285099367873422e-01 8.800861436156895978e-01 8.997031024563516555e-01 5.223982661179141784e-01 2.360974912534222758e-01
3.618749812411280464e-01 8.843899190900664786e-01 9.031756983307041020e-01 5.267082649961596363e-01 2.342021102812733291e-01
3.660695147596902399e-01 8.797860120854070765e-01 9.077364259255148449e-01 5.310361505447336317e-01 2.328356764008295554e-01
3.703126675869927165e-01 9.110797072215610637e-01 9.129752468135732268e-01 5.353815993269305240e-01 2.317955620913220161e-01
3.746050032748993175e-01 9.564948125849813687e-01 9.184914281658408397e-01 5.397442766578071094e-01 2.308870617440018647e-01
3.789470919074667821e-01 9.398869630023496402e-01 9.238588171023298656e-01 5.441238363912044296e-01 2.299078565475867753e-01
3.833395101766601254e-01 9.659380166412839808e-01 9.287147952954133423e-01 5.485199207036689506e-01 2.286899597669467543e-01
3.877828414589457595e-01 9.879391390663535555e-01 9.328326472534005376e-01 5.529321598752316991e-01 2.271318868146758319e-01
3.922776758927719598e-01 9.305730356336552322e-01 9.361728356822502928e-01 5.573601720670010584e-01 2.252201037330125721e-01
3.968246104569481680e-01 9.218502234099564818e-01 9.386963388034902378e-01 5.618035630955284798e-01 2.229406347147106504e-01
4.014242490499321803e-01 9.751939322219128625e-01 9.404162891582470429e-01 5.662619262038983692e-01 2.203027811115578771e-01
4.060772025700365440e-01 9.647447953989760627e-01 9.413468475923070233e-01 5.707348418295010717e-01 2.173152866971345132e-01
4.107840889965646558e-01 9.030382744864432487e-01 9.416197882924384199e-01 5.752218773684404374e-01 2.140401815233674010e-01
4.155455334718875515e-01 9.313919706527085118e-01 9.414885431549929740e-01 5.797225869365296713e-01 2.105948179938056941e-01
4.203621683844713797e-01 9.605010329119646473e-01 9.410526054471725077e-01 5.842365111268283950e-01 2.070252072735905835e-01
4.252346334528682159e-01 9.398742131357851193e-01 9.404421260688867745e-01 5.887631767636727353e-01 2.033914346953999697e-01
4.301635758106794882e-01 9.384404474031072807e-01 9.398328895531397054e-01 5.933020966531474816e-01 1.997747560541200118e-01
4.351496500925050026e-01 9.538228496442486826e-01 9.393847629161617974e-01 5.978527693299531265e-01 1.962492662338898297e-01
4.401935185208874501e-01 9.556558920221746023e-01 9.391814336715336164e-01 6.024146788006128350e-01 1.928539529785756879e-01
4.452958509942655518e-01 9.837994397013899439e-01 9.393929317445052218e-01 6.069872942829726004e-01 1.896676877732109134e-01
4.504573251759458330e-01 9.183945621724909358e-01 9.401261938751949154e-01 6.115700699419361897e-01 1.867399301839225700e-01
4.556786265841064054e-01 8.268746068342730515e-01 9.414233248504564333e-01 6.161624446213872508e-01 1.840897299081520611e-01
4.609604486828433600e-01 8.355993192080456433e-01 9.431358923475617884e-01 6.207638415722378511e-01 1.816478607692817715e-01
4.663034929742731483e-01 9.810361390187184449e-01 9.451132652933490474e-01 6.253736681765535987e-01 1.793442678208932439e-01
4.717084690917017209e-01 1.045342911327326929e+00 9.471832373834063734e-01 6.299913156676950621e-01 1.770994407800923764e-01
4.771760948938745805e-01 1.041343508272954299e+00 9.490265535332623736e-01 6.346161588464203085e-01 1.747672379695634215e-01
4.827070965603182939e-01 9.305586098131538586e-01 9.504326707592277712e-01 6.392475557928887220e-01 1.722522804536264218e-01
4.883022086877880086e-01 8.776960315276816083e-01 9.511648757967169354e-01 6.438848475745078126e-01 1.694475994298013100e-01
4.939621743878320759e-01 9.987133227877855735e-01 9.512295135017386771e-01 6.485273579495627327e-01 1.663570151385518336e-01
4.996877453854883799e-01 1.014247293574151332e+00 9.505713629095067230e-01 6.531743930665667719e-01 1.629555761248330237e-01
5.054796821191240852e-01 9.910566864548173704e-01 9.493596682048591751e-01 6.578252411592693250e-01 1.593202439610526266e-01
5.113387538414325695e-01 9.793249587407351076e-01 9.479606052056873677e-01 6.624791722372611602e-01 1.556180605693388286e-01
5.172657387216018643e-01 9.511988262529426086e-01 9.465488750055767175e-01 6.671354377721090412e-01 1.519290329662246752e-01
5.232614239486661489e-01 8.480084514504853122e-01 9.454992382780736948e-01 6.717932703789555315e-01 1.484255342743729944e-01
5.293266058360561743e-01 8.737830285309577949e-01 9.451239044120881561e-01 6.764518834935192571e-01 1.452518372812509340e-01
5.354620899273607737e-01 9.304211495718112124e-01 9.454549039500380614e-01 6.811104710444235710e-01 1.424232618599766131e-01
5.416686911033151697e-01 9.622083990336456338e-01 9.465333304377452350e-01 6.857682071207895635e-01 1.399585645216586127e-01
5.479472336900287344e-01 9.293110301910014748e-01 9.481792341082231346e-01 6.904242456350202506e-01 1.377744055882973717e-01
5.542985515684668574e-01 9.245775432510813241e-01 9.501274954764520331e-01 6.950777199807062212e-01 1.357485183425271025e-01
5.607234882852032420e-01 9.565619493927223216e-01 9.519714210135427068e-01 6.997277426855796900e-01 1.336948176062002225e-01
5.672228971644543982e-01 9.649331841644611663e-01 9.534946116664363425e-01 7.043734050594447904e-01 1.315152931279930382e-01
5.737976414214134291e-01 1.060462154922896527e+00 9.545415325713092480e-01 7.090137768370081695e-01 1.291401554719906197e-01
5.804485942768977669e-01 9.782138976670124997e-01 9.550519654353315513e-01 7.136479058155351662e-01 1.265430069680205105e-01
5.871766390733255125e-01 1.013955135017294173e+00 9.549119319377910031e-01 7.182748174872534141e-01 1.236726795685434560e-01
5.939826693920355893e-01 9.688563377679022537e-01 9.542288579257065528e-01 7.228935146664270395e-01 1.205782178624567741e-01
6.008675891719686968e-01 9.194544623534489647e-01 9.535726328452380773e-01 7.275029771110211874e-01 1.175190036009680916e-01
6.078323128297229427e-01 9.686139598028530306e-01 9.533438920857786325e-01 7.321021611388748296e-01 1.146778995841927773e-01
6.148777653810023613e-01 8.446474385919581218e-01 9.537971902016492143e-01 7.366899992383040274e-01 1.121712644759577937e-01
6.220048825634711953e-01 8.756303641494783685e-01 9.552021371896729507e-01 7.412653996730464989e-01 1.101215566199801738e-01
6.292146109610343707e-01 9.828014658582922003e-01 9.575740515310620093e-01 7.458272460814682203e-01 1.085341243063074057e-01
6.365079081295571539e-01 9.479696236045707103e-01 9.607407878795106715e-01 7.503743970699432442e-01 1.073282214917369026e-01
6.438857427240419762e-01 9.423590018330061380e-01 9.644909947047254350e-01 7.549056858003196924e-01 1.064054806580697066e-01
6.513490946272803006e-01 9.221030528290289352e-01 9.684718682286782565e-01 7.594199195713841055e-01 1.056050255414421601e-01
6.588989550799949635e-01 1.011179890434154682e+00 9.722482313823904709e-01 7.639158793942352199e-01 1.047316240649882324e-01
6.665363268124913088e-01 1.025050097833465568e+00 9.752999732249506559e-01 7.683923195614722479e-01 1.035551970569786040e-01
6.742622241778342129e-01 1.042687971212621134e+00 9.773895382170391111e-01 7.728479672101096210e-01 1.019736171590692048e-01
6.820776732865685421e-01 1.100341604183403543e+00 9.784465522029035522e-01 7.772815218781203850e-01 9.995876378481591273e-02
6.899837121430018039e-01 1.103280326879479079e+00 9.783014640570756315e-01 7.816916550545150999e-01 9.743722778741979729e-02
6.979813907830659803e-01 9.158983127722908346e-01 9.772114706811053653e-01 7.860770097228573228e-01 9.452346144130029104e-02
7.060717714137773049e-01 8.053156488718573591e-01 9.753287997222362948e-01 7.904361998981193072e-01 9.128422676806487168e-02
7.142559285543126357e-01 9.322980655668166028e-01 9.730367697991182396e-01 7.947678101567766662e-01 8.788898309147628873e-02
7.225349491787214085e-01 1.044184589254826712e+00 9.706320304448381453e-01 7.990703951600406363e-01 8.446957800485958845e-02
7.309099328602910450e-01 1.015800918033745504e+00 9.680743323730521821e-01 8.033424791701263556e-01 8.100797313708929526e-02
7.393819919175865785e-01 1.034136942333800935e+00 9.658444246614962259e-01 8.075825555594507987e-01 7.772024793083422145e-02
7.479522515621821466e-01 9.186515612720754786e-01 9.638957450887113421e-01 8.117890863126565604e-01 7.458685480720757266e-02
7.566218500481054487e-01 8.887911406741595410e-01 9.622937568899389005e-01 8.159605015213527990e-01 7.163853199292954943e-02
7.653919388230148169e-01 9.479109368611040587e-01 9.609815392738602080e-01 8.200951988714638707e-01 6.885077543976041159e-02
7.742636826811269968e-01 9.940361920359143122e-01 9.599307049027833161e-01 8.241915431230767419e-01 6.621172949705984856e-02
7.832382599179196214e-01 9.781050899076183525e-01 9.589727092894918536e-01 8.282478655826741587e-01 6.364592270735573709e-02
7.923168624866253618e-01 8.772898656641499038e-01 9.580980115363734173e-01 8.322624635676381111e-01 6.114963115437462710e-02
8.015006961565405152e-01 9.451479398841802215e-01 9.571706513695302787e-01 8.362335998629114586e-01 5.866176035423698032e-02
8.107909806731686819e-01 1.085742157982461320e+00 9.561317807852646178e-01 8.401595021696982579e-01 5.615601030663880389e-02
8.201889499202202893e-01 9.865732040859577223e-01 9.550517579442872051e-01 8.440383625460839978e-01 5.366472204296239557e-02
8.296958520834906148e-01 9.446773989667177629e-01 9.539668261484900436e-01 8.478683368394570596e-01 5.120485544566710095e-02
8.393129498166364000e-01 9.166070271535057268e-01 9.531949056485512495e-01 8.516475441106072797e-01 4.892181420862377894e-02
8.490415204088747059e-01 9.619330582353067260e-01 9.527780937224736846e-01 8.553740660493793779e-01 4.683568447425132814e-02
8.588828559546249908e-01 1.013844278190580983e+00 9.526649917678446933e-01 8.590459463817537999e-01 4.492381334520543362e-02
8.688382635251183927e-01 7.884199222681583796e-01 9.531156327832538411e-01 8.626611902682305155e-01 4.330533253236198976e-02
8.789090653419954213e-01 9.091662502037755056e-01 9.542163028856736062e-01 8.662177636933831026e-01 4.201974660792950206e-02
8.890965989529158175e-01 9.622458010760630565e-01 9.559195361286910719e-01 8.697135928464546639e-01 4.104507961197290805e-02
8.994022174092044519e-01 1.061583765371931776e+00 9.579741262108779631e-01 8.731465634928623487e-01 4.026663037885967744e-02
9.098272894455557980e-01 9.442811980627410229e-01 9.600603115358683493e-01 8.765145203364755888e-01 3.953940151312503037e-02
9.203731996618220723e-01 9.738873422190374995e-01 9.619097469330353256e-01 8.798152663725307132e-01 3.874283192429066325e-02
9.310413487069075789e-01 9.070546601076941995e-01 9.633038273000091856e-01 8.830465622310460505e-01 3.777968165496262132e-02
9.418331534647951253e-01 1.065734769760784628e+00 9.641438103760263667e-01 8.862061255105947444e-01 3.660706993135546400e-02
9.527500472427290479e-01 1.001929559966533434e+00 9.642070861302017848e-01 8.892916301022946168e-01 3.512611405502799600e-02
9.637934799615786030e-01 9.460269896925396216e-01 9.632972538790373074e-01 8.923007055038705282e-01 3.324908585820258305e-02
9.749649183484085935e-01 9.972974907642816467e-01 9.614937947559374365e-01 8.952309361236430174e-01 3.101140424031337967e-02
9.862658461312820979e-01 9.225099184664066199e-01 9.590184099140316443e-01 8.980798605742965623e-01 2.851198678578629672e-02
9.976977642363201726e-01 1.003237068776724694e+00 9.559816740853643857e-01 9.008449709562742491e-01 2.579950864333588334e-02
1.009262190987048502e+00 9.749088558432585927e-01 9.525877831590076061e-01 9.035242322031336037e-01 2.296520275004129003e-02
1.020960662306047650e+00 8.770154481570816563e-01 9.491074043000349292e-01 9.061193723415390533e-01 2.012994599973318144e-02
1.032794731918952547e+00 9.374103143188122766e-01 9.457736219275745260e-01 9.086336831422061611e-01 1.739836505313770154e-02
1.044765971560805307e+00 9.565274837025120602e-01 9.429669895358605558e-01 9.110702969905828397e-01 1.494460178875076442e-02
1.056875971184805030e+00 1.053639930223043697e+00 9.407454753931709934e-01 9.134321895171737538e-01 1.279582605787753236e-02
1.069126339173477103e+00 9.097681471859221380e-01 9.394071857921063584e-01 9.157221895529081834e-01 1.109013987122575706e-02
1.081518702552289213e+00 8.267969508755284025e-01 9.390678418090701030e-01 9.179429883149607949e-01 9.881259635410781159e-03
1.094054707205743604e+00 8.490184318110834960e-01 9.400193861139082285e-01 9.200971478928405833e-01 9.303125707724351975e-03
1.106736018095974439e+00 9.005582143009792651e-01 9.420965612580128878e-01 9.221871090973181584e-01 9.276371492372014957e-03
1.119564319483879355e+00 1.045896225489124642e+00 9.453366248243910697e-01 9.242151987283597769e-01 9.813377710202641352e-03
1.132541315152812755e+00 9.813121610071724454e-01 9.494586486820379978e-01 9.261836363125772742e-01 1.077895119587305404e-02
1.145668728634872569e+00 9.126061680928888586e-01 9.543933621601913275e-01 9.280945403556652984e-01 1.213519225708378953e-02
1.158948303439811811e+00 9.446633729985427497e-01 9.597090729736038606e-01 9.299499341508543626e-01 1.368003258228227964e-02
1.172381803286599800e+00 9.431212282988973294e-01 9.651421306239444942e-01 9.317517511804154218e-01 1.529105630477231061e-02
1.185971012337670549e+00 9.520301963700943393e-01 9.703381131997619313e-01 9.335018401437336077e-01 1.680791167166836506e-02
1.199717735435885446e+00 9.697194219961895456e-01 9.748694889497078186e-01 9.352019696422917416e-01 1.804106541062033831e-02
1.213623798344241722e+00 1.064395515325486707e+00 9.785660837317683436e-01 9.368538325490942675e-01 1.891832163500372505e-02
1.227691047988360484e+00 1.049445816209261695e+00 9.810500490953583119e-01 9.384590500875233943e-01 1.927583702970496471e-02
1.241921352701784720e+00 9.914722381069163148e-01 9.821938705493520327e-01 9.400191756423557088e-01 1.906050660693576343e-02
1.256316602474121469e+00 1.017448788200236987e+00 9.819126687415835608e-01 9.415356983236344846e-01 1.823607243832483377e-02
1.270878709202059476e+00 1.011307731813283040e+00 9.804278818685433494e-01 9.430100463022479396e-01 1.689933393331703032e-02
1.285609606943296512e+00 9.492349626044686017e-01 9.780693014362108473e-01 9.444435899344365559e-01 1.519360462661433625e-02
1.300511252173409904e+00 1.018199684961512475e+00 9.749733772832555045e-01 9.458376446909431134e-01 1.317616186786836618e-02
1.315585624045705115e+00 9.481648930259739538e-01 9.715778130402857871e-01 9.471934739051917074e-01 1.103889156216355041e-02
1.330834724654076151e+00 9.654048446157688090e-01 9.681639621241120430e-01 9.485122913536634393e-01 8.905949810823611187e-03
1.346260579298911075e+00 9.594101229622189475e-01 9.650014683215789590e-01 9.497952636805349069e-01 6.897974589339046607e-03
1.361865236756082842e+00 9.690335223056957270e-01 9.624689153953275289e-01 9.510435126776601855e-01 5.186324635349682556e-03
1.377650769549054965e+00 8.444865788903681558e-01 9.606829181818773433e-01 9.522581174300572826e-01 3.825385169405547039e-03
1.393619274224143556e+00 9.502886952600051451e-01 9.596218484427875284e-01 9.534401163362604681e-01 2.806706249993730102e-03
1.409772871628967694e+00 9.382486178359593643e-01 9.590664214804383025e-01 9.545905090121378223e-01 2.031573789642103500e-03
1.426113707194129887e+00 9.694572526246917343e-01 9.589983651343407800e-01 9.557102580861016605e-01 1.491619281817003996e-03
1.442643951218158804e+00 1.076784547570114325e+00 9.592167916388978366e-01 9.568002908930195449e-01 1.095474049231737971e-03
1.459365799155757593e+00 9.259897183829793876e-01 9.593995944759454719e-01 9.578615010735695989e-01 6.968123665108255909e-04
1.476281471909391074e+00 9.862821569243909181e-01 9.594527070633523946e-01 9.588947500852718075e-01 2.526316519459069422e-04
1.493393216124253353e+00 8.862066692742057716e-01 9.593994200848391385e-01 9.599008686309455918e-01 2.269330576022500273e-04
1.510703304486655574e+00 1.004999886526562358e+00 9.590724626314286461e-01 9.608806580099278349e-01 8.180298766870282680e-04
1.528214036025870914e+00 1.029101274641536001e+00 9.585025016641455231e-01 9.618348913969811953e-01 1.507276721738207278e-03
1.545927736419478560e+00 9.002015004024627176e-01 9.580387605987323862e-01 9.627643150534590522e-01 2.136904496018646529e-03
1.563846758302247730e+00 1.004292865564311521e+00 9.576326386481448516e-01 9.636696494749754649e-01 2.729241654564560412e-03
1.581973481578601515e+00 9.525392523716029736e-01 9.575055230046222166e-01 9.645515904795007867e-01 3.184173779227096688e-03
1.600310313738701806e+00 8.998901808363289900e-01 9.577785234850696439e-01 9.654108102395551061e-01 3.447063027199694964e-03
1.618859690178199306e+00 9.050496764550031159e-01 9.584879580634916296e-01 9.662479582618752616e-01 3.501928236010876713e-03
1.637624074521689010e+00 9.475602920751563518e-01 9.596454172067199195e-01 9.670636623177326641e-01 3.344271194003379990e-03
1.656605958949915136e+00 1.024575065583086753e+00 9.612944954862122637e-01 9.678585293268349155e-01 2.955426179956695092e-03
1.675807864530768798e+00 8.760326749357250087e-01 9.630278790939468259e-01 9.686331461975468127e-01 2.520466451943840711e-03
1.695232341554121502e+00 9.909444754337036754e-01 9.648679408407034863e-01 9.693880806259975724e-01 2.029798866214850474e-03
1.714881969870540868e+00 1.067310635596957713e+00 9.665458110463739372e-01 9.701238818564419386e-01 1.604752924504299592e-03
1.734759359233932541e+00 9.777581556203920332e-01 9.679326780635685301e-01 9.708410814051036120e-01 1.302993156056386033e-03
1.754867149648152047e+00 9.269466391125142923e-01 9.690765716537079744e-01 9.715401937495860007e-01 1.102678360400961410e-03
1.775208011717636092e+00 1.037050585634322619e+00 9.698540423145664002e-01 9.722217169857734209e-01 1.058937633269900090e-03
1.795784647002096834e+00 9.628161284768289585e-01 9.702793674987196804e-01 9.728861334540543915e-01 1.165217011711640631e-03
1.816599788375328650e+00 8.614736902291981746e-01 9.702518034602928276e-01 9.735339103365554525e-01 1.466624895845448310e-03
1.837656200388172456e+00 1.059888004471350786e+00 9.700607544781977287e-01 9.741655002269788977e-01 1.833810311610294379e-03
1.858956679635688225e+00 9.993779676015952518e-01 9.697407315010915241e-01 9.747813416745321202e-01 2.251570313598651001e-03
1.880504055128583429e+00 9.365488595728157506e-01 9.692870598088130230e-01 9.753818597033441229e-01 2.722259406337065434e-03
1.902301188668945819e+00 9.766792197900739936e-01 9.689417845206365065e-01 9.759674663086861379e-01 3.137656014294837835e-03
1.924350975230332272e+00 9.431487099983627553e-01 9.687277112002894430e-01 9.765385609312107196e-01 3.487673863922812357e-03
1.946656343342263229e+00 9.646007459786095639e-01 9.687861492270618546e-01 9.770955309103805941e-01 3.709105836293098875e-03
1.969220255479173565e+00 1.043500010220189900e+00 9.690969702977934030e-01 9.776387519181539698e-01 3.811172094625467442e-03
1.992045708453871189e+00 9.247763081479188907e-01 9.698126540388776196e-01 9.781685883739623666e-01 3.725865887944767706e-03
2.015135733815558439e+00 9.698513971957825053e-01 9.711556707227408936e-01 9.786853938419211030e-01 3.354256422273317780e-03
2.038493398252464228e+00 9.100777002464371934e-01 9.728073670614114654e-01 9.791895114111905940e-01 2.839902031593487860e-03
2.062121803999144465e+00 9.341362855655728215e-01 9.749378172119790298e-01 9.796812740603264569e-01 2.107890164086359368e-03
2.086024089248504687e+00 9.661195252814938073e-01 9.775388080251635747e-01 9.801610050064217816e-01 1.163412646693703315e-03
2.110203428568596440e+00 1.069759002025640449e+00 9.803414477739724742e-01 9.806290180397954082e-01 1.273758913546807047e-04
2.134663033324245340e+00 9.929487630767268591e-01 9.831671255810123800e-01 9.810856178449325338e-01 9.204392512342248313e-04
2.159406152103567678e+00 9.329396250012150782e-01 9.860510237311678194e-01 9.815311003083542207e-01 1.995323326160454783e-03
2.184436071149428393e+00 1.064344338758811404e+00 9.889341615040760924e-01 9.819657528140406377e-01 3.071037783713932712e-03
2.209756114795903059e+00 9.706219028033965524e-01 9.915147934067071178e-01 9.823898545270104421e-01 4.015329552012184000e-03
2.235369645909796699e+00 9.808350433793130430e-01 9.938552819441704989e-01 9.828036766656151890e-01 4.856377657710819230e-03
2.261280066337279404e+00 1.028054579955178793e+00 9.960201577465218614e-01 9.832074827630878922e-01 5.622952774308216141e-03
2.287490817355704031e+00 9.706632435149096239e-01 9.979538337662332559e-01 9.836015289188404509e-01 6.291255763918856062e-03
2.314005380130653933e+00 1.037741328971256038e+00 9.997004757957522747e-01 9.839860640399948899e-01 6.880951139995064754e-03
2.340827276178294447e+00 9.412175398597928400e-01 1.001093933091395716e+00 9.843613300735940541e-01 7.320285016963488066e-03
2.367960067833078774e+00 9.896242076470607163e-01 1.002161441522930296e+00 9.847275622299183073e-01 7.621595248701854355e-03
2.395407358720879287e+00 1.086543329146801184e+00 1.002873119179513495e+00 9.850849891973145755e-01 7.772289414601016647e-03
2.423172794237600680e+00 9.410436654475443641e-01 1.003029838950522779e+00 9.854338333489187640e-01 7.686383934154977955e-03
2.451260062033339793e+00 1.053415577713280760e+00 1.002754657519351777e+00 9.857743109416341465e-01 7.417191487714067978e-03
2.479672892502160053e+00 1.096852071478082946e+00 1.001848032079854178e+00 9.861066323077087858e-01 6.877969673239676951e-03
2.508415059277541381e+00 9.670356805185660320e-01 1.000400120322301190e+00 9.864310020392426104e-01 6.107022269892265799e-03
2.537490379733571721e+00 9.470717529114230926e-01 9.984479861942846535e-01 9.867476191659261264e-01 5.119358174840177127e-03
2.566902715491951703e+00 9.913594144733285374e-01 9.962371935612885920e-01 9.870566773263100835e-01 4.020660858688862756e-03
2.596655972934872381e+00 1.079020121505944063e+00 9.938093439063147017e-01 9.873583649328849798e-01 2.828265835362565525e-03
2.626754103723838440e+00 1.032055261308993721e+00 9.913675839833570036e-01 9.876528653312317552e-01 1.630386090960354428e-03
2.657201105324506596e+00 8.950316282706151094e-01 9.891551960006824684e-01 9.879403569534979113e-01 5.337101286823533585e-04
2.688001021537607560e+00 9.472985055608955651e-01 9.873832772152032478e-01 9.882210134664375367e-01 3.683169293809047430e-04
2.719157943036019098e+00 1.005341995896988028e+00 9.861633163876860619e-01 9.884950039142452738e-01 1.025635155751219649e-03
2.750676007908067433e+00 1.038895372637820280e+00 9.857306444560524072e-01 9.887624928563967242e-01 1.333725643506564890e-03
2.782559402207125832e+00 9.299945523078988474e-01 9.861118134851457606e-01 9.890236405007033493e-01 1.280510983397576590e-03
2.814812360507581435e+00 9.884218535293598507e-01 9.873111997541977880e-01 9.892786028317797076e-01 8.645522518886523912e-04
2.847439166467247595e+00 9.360907450086113357e-01 9.891956415327043395e-01 9.895275317351057698e-01 1.456879737394945027e-04
2.880444153396297668e+00 9.101646259929492278e-01 9.913749617926290725e-01 9.897705751168683896e-01 7.034076189366303238e-04
2.913831704832788638e+00 1.042248082115782681e+00 9.937884768881829478e-01 9.900078770197417999e-01 1.655306650422022716e-03
2.947606255124858521e+00 9.853092809203675140e-01 9.958984220042380597e-01 9.902395777347805517e-01 2.474764080460973344e-03
2.981772290019673477e+00 1.042275746111748447e+00 9.975260342253158274e-01 9.904658139095718905e-01 3.084748680617363254e-03
3.016334347259197468e+00 1.067227932100960119e+00 9.984008696951610640e-01 9.906867186527923419e-01 3.368609855673953841e-03
3.051297017182871052e+00 1.099056363427409977e+00 9.984629124603248140e-01 9.909024216353150560e-01 3.301048025617420514e-03
3.086664943337274369e+00 9.887814771006737669e-01 9.976764486945263188e-01 9.911130491880015825e-01 2.866526135302431468e-03
3.122442823092857811e+00 1.057036145285974671e+00 9.961973784514858155e-01 9.913187243962988671e-01 2.132085156619515243e-03
3.158635408267818967e+00 9.391205536396409759e-01 9.943622909497683571e-01 9.915195671917707010e-01 1.243357030400144914e-03
3.195247505759213791e+00 9.665282014735269156e-01 9.924893995499564081e-01 9.917156944406773089e-01 3.386906702618240140e-04
3.232283978181380579e+00 9.098100496185930197e-01 9.907257265530000634e-01 9.919072200297147646e-01 5.176108456847556757e-04
3.269749744511767808e+00 9.347225377912645738e-01 9.891670387180696578e-01 9.920942549490223694e-01 1.283298457916521315e-03
3.307649780744242651e+00 1.010290289353027893e+00 9.879551349859223563e-01 9.922769073725552502e-01 1.895661558260243029e-03
3.345989120549974771e+00 9.835247671733191588e-01 9.871123861299341273e-01 9.924552827359292007e-01 2.344346378602963840e-03
3.384772855945982872e+00 1.092329425782881502e+00 9.863558854297383993e-01 9.926294838118172592e-01 2.753530499432419159e-03
3.424006137971425723e+00 9.441176931844168507e-01 9.855892901181736443e-01 9.927996107829994976e-01 3.165622634303115555e-03
3.463694177371734462e+00 9.999046777602574876e-01 9.846732466209219270e-01 9.929657613131468441e-01 3.642135359153174119e-03
3.503842245290675894e+00 9.839257265926442120e-01 9.834681377251077716e-01 9.931280306154213200e-01 4.244945574146048381e-03
3.544455673970435594e+00 1.045181369937229210e+00 9.819079996410273736e-01 9.932865115189628558e-01 5.003739690256274984e-03
3.585539857459817181e+00 9.197869989581090033e-01 9.800679875379576522e-01 9.934412945333612743e-01 5.886004578738021284e-03
3.627100252330648367e+00 1.006423720643123243e+00 9.780221806878606206e-01 9.935924679111514113e-01 6.859586286840416852e-03
3.669142378402494131e+00 9.919964951905387851e-01 9.760104923985180037e-01 9.937401177084310699e-01 7.818336341140775733e-03
3.711671819475766743e+00 9.629766077955422832e-01 9.741752689389699960e-01 9.938843278436526596e-01 8.698742355921362454e-03
3.754694224073336972e+00 9.476079094293646810e-01 9.725833868379227809e-01 9.940251801546498012e-01 9.470538966136502965e-03
3.798215306190736218e+00 9.550310683682331492e-01 9.716261648803576900e-01 9.941627544539730632e-01 9.958287209172599075e-03
3.842240846055060999e+00 9.971514386247332107e-01 9.712843080980425592e-01 9.942971285825794592e-01 1.016981281765450863e-02
3.886776690892667752e+00 9.129658506873554735e-01 9.715587873530514562e-01 9.944283784619378785e-01 1.010442532882206701e-02
3.931828755705770284e+00 9.473977474428900702e-01 9.723490107490412315e-01 9.945565781446044085e-01 9.807317532386269909e-03
3.977403024058036696e+00 9.817508914722827829e-01 9.736189781437841750e-01 9.946817998633208369e-01 9.295140800199309938e-03
4.023505548869293236e+00 9.579420330762862257e-01 9.751835361708451888e-01 9.948041140786778591e-01 8.651212090276715061e-03
4.070142453219438572e+00 9.467587296152777387e-01 9.767774752943914063e-01 9.949235895254067152e-01 7.994091935510823366e-03
4.117319931161679492e+00 1.006103209316686398e+00 9.784112443994148478e-01 9.950402932573252368e-01 7.319232274444421350e-03
4.165044248545185290e+00 1.105008948921272882e+00 9.796471881796836589e-01 9.951542906909964792e-01 6.820723552331413135e-03
4.213321743847289191e+00 9.510426947566424927e-01 9.806543125580088338e-01 9.952656456481401293e-01 6.423070908903726062e-03
4.262158829015325168e+00 1.005760102690252955e+00 9.811540646126120091e-01 9.953744203968322157e-01 6.249268509393057780e-03
4.311561990318228510e+00 9.573794933113669581e-01 9.814019827791921058e-01 9.954806756915379751e-01 6.185902830099077217e-03
4.361537789208005833e+00 1.029421530197232926e+00 9.812269228559168388e-01 9.955844708120129560e-01 6.308657988865047639e-03
4.412092863191189984e+00 9.293543349652478858e-01 9.808965869624449718e-01 9.956858636011096664e-01 6.499117805713595236e-03
4.463233926710397093e+00 8.789972744385002867e-01 9.803585163451853379e-01 9.957849105015210700e-01 6.780615070327834955e-03
4.514967772036102112e+00 1.021419109183834495e+00 9.796815215318103176e-01 9.958816665915064537e-01 7.122820830413103925e-03
4.567301270168746541e+00 1.079317577555773289e+00 9.790083000054666806e-01 9.959761856196112095e-01 7.462580554173649586e-03
4.620241371751313331e+00 9.840796203747687043e-01 9.782230589252319808e-01 9.960685200384356008e-01 7.851318873151149833e-03
4.673795107992464004e+00 9.299567236756370869e-01 9.773766481110925941e-01 9.961587210374636125e-01 8.266582942626377745e-03
4.727969591600390764e+00 1.015748218840670569e+00 9.764707015954441349e-01 9.962468385749945199e-01 8.707739164684924482e-03
4.782772017727485725e+00 9.608822290627889728e-01 9.754395477564057337e-01 9.963329214091949382e-01 9.204121323722161060e-03
4.838209664925956943e+00 9.440461329683345060e-01 9.743722054633704444e-01 9.964170171283019961e-01 9.716248986206524677e-03
4.894289896114531579e+00 1.016463488853100561e+00 9.734050635535552720e-01 9.964991721800091629e-01 1.018334118714373134e-02
4.951020159556350997e+00 8.896044948207507685e-01 9.725247246258736933e-01 9.965794319000516044e-01 1.061126839106461307e-02
5.008407989848212338e+00 1.084477967977082180e+00 9.717827979263714555e-01 9.966578405400190466e-01 1.097688052552802350e-02
5.066461008921268494e+00 9.296558491067073993e-01 9.714625362811110110e-01 9.967344412944183496e-01 1.115340816939677966e-02
5.125186927053333008e+00 9.991264604516857384e-01 9.714482302618324683e-01 9.968092763270117729e-01 1.119240945166168934e-02
5.184593543892913381e+00 9.174807021707537258e-01 9.718575083795104597e-01 9.968823867964480279e-01 1.104132853933955695e-02
5.244688749495119318e+00 1.003793942451737475e+00 9.726239962725232724e-01 9.969538128812112099e-01 1.073005853644891372e-02
5.305480525369573819e+00 9.023304477468208074e-01 9.738637945685346686e-01 9.970235938039031520e-01 1.020721535686934002e-02
5.366976945540476329e+00 8.990245489497886711e-01 9.754271244078943637e-01 9.970917678548842922e-01 9.540302503265816678e-03
5.429186177618943177e+00 1.071718449582422794e+00 9.771265230401838808e-01 9.971583724152879302e-01 8.813338163257734142e-03
5.492116483887789613e+00 1.025130445333881202e+00 9.789812867325069501e-01 9.972234439794300798e-01 8.018089565495370094e-03
5.555776222398877806e+00 9.720222535745042247e-01 9.810489605657719547e-01 9.972870181766240183e-01 7.129483835488884501e-03
5.620173848083187984e+00 1.041934087963357403e+00 9.830973162418980005e-01 9.973491297924321763e-01 6.250702553571747810e-03
5.685317913873753071e+00 9.482842155077857438e-01 9.851008554979175935e-01 9.974098127893553656e-01 5.392940383236506478e-03
5.751217071841614015e+00 9.196369994993707220e-01 9.871659944833000022e-01 9.974691003269851031e-01 4.509264423360768992e-03
5.817880074344935259e+00 1.022793631656539803e+00 9.893186170414950409e-01 9.975270247816310221e-01 3.588488601184216045e-03
5.885315775191449994e+00 1.009718366687373026e+00 9.915962193200921204e-01 9.975836177654391346e-01 2.614446326292459936e-03
5.953533130814370189e+00 9.572790569694499263e-01 9.940620729683987689e-01 9.976389101450220398e-01 1.559875033081294278e-03
6.022541201461927507e+00 1.017112190898599389e+00 9.965432995272617278e-01 9.976929320595968598e-01 5.007221435548717603e-04
6.092349152400711176e+00 9.930935871868827869e-01 9.990640480563296455e-01 9.977457129386633206e-01 5.734604880994519441e-04
6.162966255132942273e+00 9.847931720690504820e-01 1.001565602487633821e+00 9.977972815192341915e-01 1.637084446826775688e-03
6.234401888627863819e+00 9.772241603126234910e-01 1.003655776648666009e+00 9.978476658626080908e-01 2.520542799460616379e-03
6.306665540567405692e+00 1.035385226227845568e+00 1.005221348798069680e+00 9.978968933707312861e-01 3.176032931968851992e-03
6.379766808606282424e+00 1.023731404858249983e+00 1.006176666287295074e+00 9.979449908021285065e-01 3.567639051702354257e-03
6.453715401646701544e+00 1.019700019633214438e+00 1.006373695987692996e+00 9.979919842874431790e-01 3.632223794796446067e-03
6.528521141127847649e+00 1.047705948885210292e+00 1.005620180436183508e+00 9.980378993445646607e-01 3.286946600672703209e-03
6.604193962330305645e+00 1.136455756415781337e+00 1.004202939538257899e+00 9.980827608933926509e-01 2.654933899571005305e-03
6.680743915695614987e+00 9.793492096224244436e-01 1.002280286001152154e+00 9.981265932702145793e-01 1.803561509242073606e-03
6.758181168161110364e+00 9.641372657942234303e-01 9.998410056493831632e-01 9.981694202417221717e-01 7.266833831760835223e-04
6.836516004510238886e+00 9.401338396617163751e-01 9.973694864637977497e-01 9.982112650186885094e-01 3.663893859317820341e-04
6.915758828738525210e+00 9.549686787119405773e-01 9.950202795794659272e-01 9.982521502692771609e-01 1.408322129735407576e-03
6.995920165435374649e+00 1.020274888353173592e+00 9.929785204957471967e-01 9.982920981320484444e-01 2.317779313679178398e-03
7.077010661181889262e+00 9.719466298626217027e-01 9.913655181817508932e-01 9.983311302286113076e-01 3.040804472458711293e-03
7.159041085964887863e+00 1.011220170059601520e+00 9.902542428783320805e-01 9.983692676759805540e-01 3.544491990824594554e-03
7.242022334607315592e+00 9.061209212715609640e-01 9.895794439598054604e-01 9.984065310986169894e-01 3.856747962580234917e-03
7.325965428215230446e+00 1.151115322378607919e+00 9.893330801097806049e-01 9.984429406401653662e-01 3.980719977760150373e-03
7.410881515641570161e+00 8.884507854560156348e-01 9.894476128722672348e-01 9.984785159749134387e-01 3.945919627880118546e-03
7.496781874966877091e+00 9.760614321327100162e-01 9.896652936214692664e-01 9.985132763189528138e-01 3.865503318287616917e-03
7.583677914997190683e+00 9.907551550037452248e-01 9.901494955926256614e-01 9.985472404410755676e-01 3.667845237536736247e-03
7.671581176779302069e+00 1.055196351580554470e+00 9.908276317036791569e-01 9.985804266733901979e-01 3.384939661205628014e-03
7.760503335133570602e+00 9.793925867224643200e-01 9.917371807911133930e-01 9.986128529216895533e-01 3.000555975947713939e-03
7.850456200204509294e+00 1.016293999664496406e+00 9.930540613715314047e-01 9.986445366755503095e-01 2.438038520852410258e-03
7.941451719029339884e+00 1.054234670057192513e+00 9.948078591622748768e-01 9.986754950181948587e-01 1.685185897593159590e-03
8.033501977124734239e+00 8.769062093294504034e-01 9.970871604429005775e-01 9.987057446361091717e-01 7.044241273030265628e-04
8.126619200091946382e+00 9.450852236063591594e-01 1.000053587250654852e+00 9.987353018284172990e-01 5.728710726726435895e-04
8.220815755240540312e+00 9.671988518168948001e-01 1.003583617110048287e+00 9.987641825160371578e-01 2.090603732532515888e-03
8.316104153230961415e+00 1.062043846409731929e+00 1.007523072094042238e+00 9.987924022506042832e-01 3.779770149452648179e-03
8.412497049736117560e+00 1.003038749558087028e+00 1.011671131752990949e+00 9.988199762231901868e-01 5.552137907937503350e-03
8.510007247122246099e+00 1.000602183789299326e+00 1.015821760856971512e+00 9.988469192727909007e-01 7.318577552863143876e-03
8.608647696149244410e+00 1.041136195177244206e+00 1.019636608768842434e+00 9.988732458946258941e-01 8.935038856161465690e-03
8.708431497690723333e+00 1.071626078836285911e+00 1.022957580572355418e+00 9.988989702482249378e-01 1.033605958638313636e-02
8.809371904473991322e+00 1.130268646546774614e+00 1.025425090842577713e+00 9.989241061653251208e-01 1.137144616000539989e-02
8.911482322840202031e+00 9.258970353039567280e-01 1.027304153467426984e+00 9.989486671575711352e-01 1.215587223619501826e-02
9.014776314524917566e+00 1.118392567280226624e+00 1.028419773878640253e+00 9.989726664240354825e-01 1.261681306233108577e-02
9.119267598459298796e+00 1.050437610666217880e+00 1.029041522318845603e+00 9.989961168585523854e-01 1.286909899889662756e-02
9.224970052592174952e+00 9.944162663863295171e-01 1.029418638301947908e+00 9.990190310568802801e-01 1.301826566923366957e-02
9.331897715733239451e+00 1.080198785197043154e+00 1.029931183774572823e+00 9.990414213236766816e-01 1.322471279759211693e-02
9.440064789417602853e+00 1.032007024978343068e+00 1.030774933780508551e+00 9.990632996793353815e-01 1.357084332987025868e-02
9.549485639791965852e+00 8.576967428604281851e-01 1.032169371395033064e+00 9.990846778666240269e-01 1.414866905794806735e-02
9.660174799522645017e+00 1.047040606147361830e+00 1.034336181722138592e+00 9.991055673571884732e-01 1.505033782527230059e-02
9.772146969725724830e+00 1.045831613247921288e+00 1.037091517505195348e+00 9.991259793578870507e-01 1.619683045046175010e-02
9.885417021919574054e+00 1.037650417074791775e+00 1.040385071925651994e+00 9.991459248169805019e-01 1.756519067481257523e-02
1.000000000000000000e+01 1.066988796254421556e+00 1.044000521284706995e+00 9.991654144301738150e-01 1.906332275796840392e-02
