L,N,nmax,filling,U,W,r_mean,r_mean_stderr,r_mean_n,onsite_pair_density,onsite_pair_density_stderr,onsite_pair_density_n,onsite_pair_variance,onsite_pair_variance_stderr,onsite_pair_variance_n,charge_fluctuation,charge_fluctuation_stderr,charge_fluctuation_n,fock_entropy_normalized,fock_entropy_normalized_stderr,fock_entropy_normalized_n,ipr,ipr_stderr,ipr_n,pr,pr_stderr,pr_n,pr_normalized,pr_normalized_stderr,pr_normalized_n,entanglement_entropy,entanglement_entropy_stderr,entanglement_entropy_n,diag_std,diag_std_stderr,diag_std_n,disorder_diag_std,disorder_diag_std_stderr,disorder_diag_std_n,interaction_diag_std,interaction_diag_std_stderr,interaction_diag_std_n,connectivity_mean,connectivity_mean_stderr,connectivity_mean_n,Nres_mean_l1.0,Nres_mean_l1.0_stderr,Nres_mean_l1.0_n,Nres_mean_l2.0,Nres_mean_l2.0_stderr,Nres_mean_l2.0_n,fres_l1.0,fres_l1.0_stderr,fres_l1.0_n,fres_l2.0,fres_l2.0_stderr,fres_l2.0_n,Wstar,relative_offset,target_W,sampled_W_minus_Wstar
6,3,3,0.5,1.0,3.0,0.51153716822688,0.002929369518632453,500,0.249709332566966,0.0005373534280276615,500,2.22542994821936,0.012827403657945807,500,0.4259452330218739,0.0017816509678398942,500,0.7444985921173901,0.0020713818526316412,500,0.08341695709956261,0.001029776018420635,500,14.004492400801361,0.12447157615169473,500,0.250080221442872,0.0022227067169921302,500,nan,nan,0,3.52896736680708,0.026283501200520972,500,3.0317912078690203,0.0313263904392241,500,1.7654696590100007,2.982024500902759e-17,500,4.5,0.0,500,1.3902857142859903,0.01757178351700447,500,2.60685714285714,0.02536893614134968,500,0.30895238095221617,0.0039048407815521773,500,0.5793015873016141,0.005637541364747198,500,5.323385720809869,-2.0,3.3233857208098687,-2.3233857208098687
6,3,3,0.5,2.0,4.0,0.490811223143672,0.0028703684231800503,500,0.23954476795589,0.0004795916991492656,500,1.548267966249498,0.013681875605869292,500,0.3493362235393,0.002206546442050828,500,0.628079524081248,0.0030033200337604106,500,0.15329921030114496,0.0020645968143977204,500,8.67210609442108,0.10324381511647035,500,0.15485903740038798,0.0018436395556523663,500,nan,nan,0,5.456153159148201,0.03111676233121685,500,4.10857298210884,0.04258343396620145,500,3.5309393180200015,5.964049001805518e-17,500,4.5,0.0,500,0.8967857142857619,0.016157592607287257,500,1.7119285714286039,0.016727178026338902,500,0.1992857142857028,0.0035905761349481376,500,0.38042857142837405,0.0037171506725174096,500,5.706202416227108,-2.0,3.706202416227108,-1.706202416227108
6,3,3,0.5,3.0,3.0,0.49947029158289796,0.0027875174746299315,500,0.239907748741698,0.00034545308952026795,500,0.735314954540372,0.004416557025668667,500,0.344246420328108,0.0015356690202039673,500,0.607734250571442,0.0018234004314540864,500,0.1653669561964418,0.0015378444585183125,500,7.65599269167704,0.055087734248963315,500,0.1367141552085184,0.000983709540159868,500,nan,nan,0,6.162692301364899,0.015129475614945806,500,3.09204777285,0.03102428213540533,500,5.296408977029999,3.976032667870345e-17,500,4.5,0.0,500,0.8069285714288558,0.019039255816201316,500,1.5493571428566637,0.017096756351632467,500,0.17931746031746354,0.004230945736927649,500,0.34430158730145416,0.003799279189249859,500,5.393714216652421,-2.0,3.3937142166524206,-2.3937142166524206
6,3,3,0.5,4.0,3.0,0.477058987079776,0.0027655784517136937,500,0.250198668422894,0.00027632334043464275,500,0.44392176432998204,0.004488706474015097,500,0.305421914633602,0.0016821827687141127,500,0.536547479605366,0.0019273231198205024,500,0.21390183535928997,0.001960288227162752,500,5.77750070672676,0.04993710316148146,500,0.10316965547727,0.0008917339850262547,500,nan,nan,0,7.71630959027044,0.0127220652826915,500,3.032632163451146,0.03335632623819677,500,7.061878636040003,1.1928098003611036e-16,500,4.5,0.0,500,0.7885000000003135,0.019043736214385775,500,1.4000714285712792,0.020298299695117244,500,0.17522222222222666,0.004231941380967467,500,0.311126984126882,0.004510733265576319,500,4.593321350614106,-2.0,2.593321350614106,-1.5933213506141062
6,4,3,0.6666666666666666,1.0,4.0,0.4881867417622279,0.0022084057106047657,500,0.45683772901259195,0.0009114969459642089,500,3.2560890490868797,0.01443414858092436,500,0.5367148303528161,0.003593284304627565,500,0.7083083200207679,0.003140952406125641,500,0.0690548586731668,0.0013725673164390456,500,19.89841471203814,0.3075047652217195,500,0.1658201226003124,0.0025625397101819674,500,nan,nan,0,5.18346032877092,0.046050782831327707,500,4.752105134583547,0.051244256719445776,500,2.0083857810099994,1.9880163339351726e-17,500,5.4,0.0,500,1.409200000000048,0.018741513272690948,500,2.694699999999926,0.028724662830602467,500,0.2609629629630138,0.00347065060605538,500,0.49901851851852597,0.005319382005667025,500,5.725070179620735,-2.0,3.725070179620735,-1.7250701796207348
6,4,3,0.6666666666666666,2.0,4.0,0.493918601198124,0.0020761171541697184,500,0.46438943143175404,0.0007788818434957761,500,2.52705974118312,0.014503939254765048,500,0.51814292624751,0.0028253733333479455,500,0.663672637352182,0.002600653403601015,500,0.0909609431076592,0.0013044213086794247,500,15.179796813659339,0.18484780778902427,500,0.1264983067804972,0.0015403983982417312,500,nan,nan,0,6.14609998639508,0.038537414638323844,500,4.5778568759035,0.053427581315619865,500,4.016771562030001,3.976032667870345e-17,500,5.4,0.0,500,1.076099999999932,0.01590507153012779,500,2.09279999999988,0.01575943228921986,500,0.19927777777774322,0.0029453836166907503,500,0.38755555555551,0.0029184133868929174,500,6.334280176676517,-2.0,4.334280176676517,-2.3342801766765167
6,4,3,0.6666666666666666,3.0,3.0,0.49816146247827203,0.0018300932122301806,500,0.447206123413196,0.0004313221845136469,500,1.2643302566141181,0.011377577757400113,500,0.46989613225541,0.001201415348265765,500,0.617256184370704,0.0013229662105874557,500,0.1197660994676458,0.0007734497812729875,500,12.22098464903936,0.10043794673809804,500,0.10184153874201439,0.0008369828894843479,500,nan,nan,0,7.0210740981732,0.01769809683075432,500,3.533449001274936,0.036478141040424204,500,6.025157343040001,3.976032667870345e-17,500,5.4,0.0,500,0.8978999999999826,0.018945099402233097,500,1.753566666666788,0.014890758672140961,500,0.1662777777777651,0.003508351741155747,500,0.32473456790125,0.0027575479022499184,500,5.123420708257104,-2.0,3.123420708257104,-2.123420708257104
6,4,3,0.6666666666666666,4.0,2.0,0.48765742873342,0.001861959368681441,500,0.42788341347278197,0.0002782537812236923,500,0.509348140759038,0.0027486651032876254,500,0.417199099244162,0.0012861790656747538,500,0.5744101278117622,0.0011902238004232607,500,0.170767249781258,0.0007516810931465982,500,12.14091435380878,0.1019112191200804,500,0.1011742862817848,0.0008492601593358403,500,nan,nan,0,8.40017759607452,0.0074028914011005,500,2.3890143808239666,0.026298936844957845,500,8.033543124049999,7.95206533574069e-17,500,5.4,0.0,500,1.1506666666669876,0.0210421849410847,500,1.86903333333362,0.017766043019471118,500,0.21308641975309478,0.00389670091501575,500,0.346117283950598,0.00329000796656093,500,4.378050336833357,-2.0,2.3780503368333568,-2.3780503368333568
6,4,3,0.6666666666666666,5.0,2.0,0.48873689737488596,0.0018315025220153565,500,0.422183823772402,0.00022715694986352793,500,0.303635976195092,0.0011496810672222354,500,0.383871806490312,0.0017014638363067535,500,0.536264314237836,0.0015138773410034554,500,0.213182464434968,0.001148120331599732,500,11.180534105270398,0.10693882178491544,500,0.0931711175439128,0.0008911568482074979,500,nan,nan,0,10.3313834670974,0.005716282449827631,500,2.3609582532495477,0.026077178606214512,500,10.041928905100002,7.95206533574069e-17,500,5.4,0.0,500,1.1752000000000429,0.021438288914329647,500,1.8760000000003119,0.017661151632862283,500,0.2176296296296262,0.0039700535026546665,500,0.347407407407412,0.0032705836357073115,500,3.5776164590718116,-2.0,1.5776164590718116,-1.5776164590718116
6,4,3,0.6666666666666666,6.0,1.0,0.493049623982558,0.0020341499829478536,500,0.416675555083512,2.698331416339679e-06,500,0.1977427438425,6.884620083584353e-05,500,0.438695993345356,0.0012789464030554098,500,0.576894595376084,0.0008263169790567768,500,0.189422511856258,0.0009912003963077182,500,14.8047907620654,0.05602456905281506,500,0.1233732563505246,0.0004668714087749002,500,nan,nan,0,12.110750070451399,0.0012314340042766088,500,1.172302856334734,0.013177221706430368,500,12.050314686099998,7.95206533574069e-17,500,5.4,0.0,500,1.9113333333337919,0.01781197723630475,500,2.3999999999999995,1.9880163339351726e-17,500,0.3539506172839542,0.0032985143030107773,500,0.44444444444399994,2.4850204174189658e-18,500,3.275196019613783,-2.0,1.2751960196137828,-2.275196019613783
6,4,3,0.6666666666666666,7.0,1.0,0.493650756622836,0.0019697720664162786,500,0.416660603422366,1.8046788362468446e-06,500,0.14716473684951,4.1860822376224026e-05,500,0.42879383114407,0.0011800656394264344,500,0.56478599697778,0.0007646678533797172,500,0.2036952026126,0.0009842637875074798,500,14.5280923754554,0.05073256991556635,500,0.121067436462131,0.0004227714159629484,500,nan,nan,0,14.110476207584,0.0010149608816971505,500,1.176081353141534,0.012327094707417077,500,14.058700467100001,7.95206533574069e-17,500,5.4,0.0,500,1.9193333333336717,0.016978617015562844,500,2.3999999999999995,1.9880163339351726e-17,500,0.3554320987654362,0.003144188336205898,500,0.44444444444399994,2.4850204174189658e-18,500,3.1948845081516173,-2.0,1.1948845081516173,-2.1948845081516173
6,5,3,0.8333333333333334,1.0,4.0,0.49902063355688403,0.0017775402449596808,500,0.707015834014804,0.0007476651747563265,500,4.08048648149132,0.011255070188930653,500,0.7011321020028979,0.004322771825452894,500,0.744423802050736,0.0030206445208728,500,0.040817223987712196,0.001071627942579306,500,35.66455674081982,0.5583689410926878,500,0.1651136886149058,0.002585041393948054,500,nan,nan,0,5.695205904900781,0.049285514887280404,500,5.24044887741764,0.054312786219017674,500,2.1709855583500004,1.9880163339351726e-17,500,6.1111111111100005,3.976032667870345e-17,500,1.734537037037164,0.019965275552445604,500,3.2407037037039337,0.029655874176279108,500,0.28383333333333066,0.0032670450903998184,500,0.5302969696969633,0.004852779410663246,500,5.918068717727559,-2.0,3.918068717727559,-1.918068717727559
6,5,3,0.8333333333333334,2.0,5.0,0.47908689286467804,0.0018238572878801853,500,0.712473482844178,0.0007896537319053599,500,3.31382620314946,0.012241441370866756,500,0.598900249412958,0.004717454563321067,500,0.6354406158843019,0.003290368842861338,500,0.08410163014953821,0.0016669278207193526,500,19.0212945472279,0.30679543685428257,500,0.0880615488297604,0.0014203492446957869,500,nan,nan,0,7.90847783857804,0.05606893671462371,500,6.547297263624119,0.0692491391495199,500,4.341971116700001,3.976032667870345e-17,500,6.1111111111100005,3.976032667870345e-17,500,1.1347407407408159,0.01341307029185935,500,2.1895740740739638,0.015796936702706665,500,0.1856848484848314,0.0021948660477579644,500,0.35829393939395404,0.0025849532786241477,500,6.517996276710204,-2.0,4.517996276710204,-1.5179962767102042
6,5,3,0.8333333333333334,3.0,4.0,0.480102237436734,0.001516704070332052,500,0.73227623288762,0.00035254125628428757,500,2.1373044021230396,0.01676556808320288,500,0.5817953500837579,0.0025829456186319414,500,0.59519362411857,0.0016512804381918244,500,0.10459548076092781,0.0010283528605976185,500,14.43929764693846,0.11479760901884918,500,0.06684860021731279,0.0005314704121244721,500,nan,nan,0,8.32898140439976,0.03367954218159768,500,5.09080187579582,0.05667974784869042,500,6.512956675059998,7.95206533574069e-17,500,6.1111111111100005,3.976032667870345e-17,500,0.973648148148206,0.0160039526125948,500,1.80442592592636,0.011764036115313247,500,0.15932424242425577,0.002618828609333531,500,0.295269696969712,0.001925024091597853,500,5.8215143728923255,-2.0,3.8215143728923255,-1.8215143728923255
6,5,3,0.8333333333333334,4.0,2.0,0.472778254349826,0.0014103399573542085,500,0.7353385214329441,0.00011944131088181603,500,0.795690057067168,0.004498295134809099,500,0.5688592641222701,0.0027685974786736947,500,0.565448873455684,0.001425534493546357,500,0.1091565885882116,0.0010574499119469347,500,12.387525007825559,0.09695138311778004,500,0.0573496528140142,0.0004488489959152413,500,nan,nan,0,9.08009929450594,0.007920782637421936,500,2.5826326673450017,0.028265334939686595,500,8.683942233409999,7.95206533574069e-17,500,6.1111111111100005,3.976032667870345e-17,500,1.22644444444444,0.01967433308549169,500,1.9111481481486636,0.014569901760977794,500,0.20069090909091658,0.003219436323079182,500,0.312733333333166,0.0023841657427072127,500,3.510049748405661,-2.0,1.510049748405661,-1.510049748405661
6,6,3,1.0,1.0,5.0,0.48958958727235397,0.0017927885091555476,500,0.974717722506454,0.0006989549348093925,500,4.7670330057367405,0.0158174482871441,500,0.759828174619764,0.006052835613391099,500,0.7155033855520201,0.003844129995711087,500,0.041220098105518604,0.0012458652661322526,500,42.377999471223276,0.9375555957754983,500,0.1261249984262686,0.0027903440350467005,500,nan,nan,0,7.25329503531682,0.07080065035583685,500,6.823519363719341,0.07618984639116427,500,2.377936967570001,3.976032667870345e-17,500,6.642857142859999,3.976032667870345e-17,500,1.69626190476158,0.02180857332790179,500,3.2039880952382602,0.03365205160659953,500,0.25535125448031104,0.003283011038608961,500,0.482320788530476,0.005065900241855567,500,6.907283246666157,-2.0,4.907283246666157,-1.9072832466661573
6,6,3,1.0,2.0,5.0,0.48748426228296604,0.0015738962186953387,500,0.9888411649998079,0.0006001171193699225,500,3.8961695055253798,0.013544033058149623,500,0.727458520791762,0.005171513071710718,500,0.664362902613454,0.003113890914687942,500,0.0576308217505958,0.0012235499913862352,500,28.7954089528625,0.4813404559196123,500,0.0857006218835136,0.0014325608807128412,500,nan,nan,0,8.57790205463692,0.058733133005288166,500,7.072101754884079,0.0731318354928247,500,4.75587393515,0.0,500,6.642857142859999,3.976032667870345e-17,500,1.271154761904866,0.011404158422685145,500,2.4564523809524,0.014637502211507895,500,0.1913566308243602,0.0017167550313744017,500,0.369788530465958,0.002203494956570127,500,7.136391320001654,-2.0,5.136391320001654,-2.136391320001654
6,6,3,1.0,3.0,4.0,0.48493620829594203,0.0012971587806150265,500,1.012501488730964,0.0003511533746055408,500,2.4430220546665997,0.015018272304000503,500,0.7096494962867,0.0032562652687813153,500,0.6207869727989359,0.0017324789756148929,500,0.0753778058031616,0.0007898317402978283,500,20.324042504032402,0.17074341371681057,500,0.060488221738191,0.0005081649217765394,500,nan,nan,0,9.04862967376806,0.03539099132388294,500,5.460145620864701,0.060031043862922844,500,7.133810902719999,3.976032667870345e-17,500,6.642857142859999,3.976032667870345e-17,500,1.008547619047588,0.014950481484053051,500,1.9673809523811001,0.009766410412607385,500,0.1518243727598744,0.0022506101158793253,500,0.296164874552,0.0014702123201767885,500,6.331584954267645,-2.0,4.331584954267645,-2.331584954267645
6,6,3,1.0,4.0,2.0,0.47231963294648,0.0011098299853987182,500,1.02355835123152,5.940818395492385e-05,500,1.0267863618574762,0.006007605235325563,500,0.677654874188368,0.001974894470799543,500,0.5638511914790979,0.000845284546533556,500,0.1052545830763652,0.0005226301567822443,500,14.985999442783399,0.09625495052642494,500,0.0446011888178108,0.00028647306704330215,500,nan,nan,0,9.9286246329967,0.008228336001840588,500,2.7712498677106336,0.030302376504005097,500,9.511747870290002,7.95206533574069e-17,500,6.642857142859999,3.976032667870345e-17,500,1.337904761904998,0.017380103826893322,500,1.9608333333319599,0.01169907601545878,500,0.2014050179211689,0.002616359715878438,500,0.29517921146957193,0.0017611512281344487,500,4.044677138716219,-2.0,2.044677138716219,-2.044677138716219
6,7,3,1.1666666666666667,1.0,5.0,0.49993101891922004,0.0015811466071713755,500,1.26601656161386,0.0006665709078968267,500,5.1979097244754,0.01630246069041093,500,0.8659270625661041,0.006057126908421709,500,0.739567844963318,0.0035796664222209847,500,0.02929125063852198,0.0010123321597102508,500,59.25376150743242,1.241676306054736,500,0.12994245944611021,0.0027229743553825888,500,nan,nan,0,7.64596380874026,0.07371543825538988,500,7.21724969345152,0.07900749952574079,500,2.4431062347,0.0,500,7.02631578947,0.0,500,1.8661754385964777,0.024354976001375556,500,3.5079122807016456,0.035739258107271764,500,0.2655980024968904,0.0034662512661145306,500,0.499253433208494,0.00508648617256949,500,7.361827269381521,-2.0,5.361827269381521,-2.3618272693815214
6,7,3,1.1666666666666667,2.0,6.0,0.47867271241494397,0.0017080817064545055,500,1.2729593149123801,0.0006199160414317131,500,4.37580644687962,0.01472565903491216,500,0.760347041879536,0.0066779999287704716,500,0.646889093523784,0.003777597751814614,500,0.057491265021739,0.0014786130393612874,500,32.43450215436526,0.7099682300167337,500,0.07112829419816902,0.0015569478728435994,500,nan,nan,0,10.151321281537959,0.07875639036901022,500,8.82979301350642,0.09287318423382475,500,4.8862124694,0.0,500,7.02631578947,0.0,500,1.300956140351106,0.011491396606094963,500,2.53521929824566,0.017124133403015256,500,0.1851548064918876,0.0016354796667847164,500,0.36081772784021404,0.002437142581703752,500,7.715826061926048,-2.0,5.715826061926048,-1.7158260619260481
6,7,3,1.1666666666666667,3.0,5.0,0.484295700781572,0.0013066892495593337,500,1.29425089621692,0.0003262893181623985,500,3.04118667038586,0.0190459676975396,500,0.7615185542369041,0.004553156978956019,500,0.619796954166108,0.0024161108152119643,500,0.0675760588377896,0.0009873383916383655,500,24.5467055980282,0.3249803554319466,500,0.053830494732514604,0.0007126762180520373,500,nan,nan,0,10.3687513589895,0.05384936159489151,500,7.21429807960242,0.07999213908289798,500,7.329318704100002,7.95206533574069e-17,500,7.02631578947,0.0,500,1.077807017543886,0.013833798879642657,500,2.0674824561403002,0.008447214352257983,500,0.153395755305871,0.001968855271259811,500,0.29424843945066603,0.00120222526361586,500,7.289570182359405,-2.0,5.289570182359405,-2.2895701823594052
6,7,3,1.1666666666666667,4.0,3.0,0.485425714599606,0.001042957606443242,500,1.29540398082124,0.000223829057234263,500,1.3481344523759398,0.009497633351347474,500,0.75308155020827,0.003056384673376219,500,0.59278042812222,0.0016853597757924557,500,0.0780843651583362,0.000810422507121518,500,19.5096267377726,0.22110565120938855,500,0.042784269161778396,0.000484880814055791,500,nan,nan,0,10.746445174574099,0.019631434225735885,500,4.34891914332386,0.050349643269050066,500,9.7724249388,0.0,500,7.02631578947,0.0,500,1.0033947368423763,0.017529393760928057,500,1.766614035087182,0.010822100346145532,500,0.14280524344568982,0.0024948200858255247,500,0.25142821473168603,0.0015402240193052954,500,5.277173312233207,-2.0,3.2771733122332067,-2.2771733122332067
6,7,3,1.1666666666666667,5.0,1.0,0.49368377504965805,0.0009599586318307748,500,1.2793674261240198,8.46606651062041e-05,500,0.5521913856854299,0.0007799050928945477,500,0.860773692804476,0.0015385203231863401,500,0.6380781056695621,0.0007562466000361081,500,0.0538253487805582,0.00032271997837804374,500,29.294441063965802,0.15154821094403556,500,0.064242195315712,0.0003323425678596491,500,nan,nan,0,12.304289329232,0.001741906027331108,500,1.433537455929034,0.01568850677630761,500,12.2155311735,0.0,500,7.02631578947,0.0,500,1.94582456140088,0.009811866675861994,500,2.236842105259999,3.976032667870345e-17,500,0.27693383270918,0.001396445444501847,500,0.318352059925,0.0,500,3.291241397197491,-2.0,1.2912413971974912,-2.291241397197491
6,8,3,1.3333333333333333,1.0,6.0,0.488589734431196,0.0016564422651939841,500,1.56737679101394,0.0006508136623993606,500,5.337664742204059,0.020197917951585837,500,0.8488834166960221,0.007576852692928201,500,0.7045153702988138,0.004292290123764733,500,0.036621998032357043,0.001337031781987756,500,55.90863053675085,1.5011238203898907,500,0.1023967592248132,0.0027493110263551203,500,nan,nan,0,9.32452700547934,0.09213024878005861,500,8.96089359830696,0.09687772583003548,500,2.4902673743900006,1.9880163339351726e-17,500,7.25274725275,0.0,500,1.733296703296228,0.027902775774048084,500,3.3116336996340077,0.04096564149433309,500,0.2389848484848246,0.0038472009021779958,500,0.45660404040403446,0.00564829299391582,500,7.954630637126473,-2.0,5.954630637126473,-1.9546306371264732
6,8,3,1.3333333333333333,2.0,7.0,0.47915766294296197,0.0016910564718294568,500,1.5762855076199798,0.0005501116025879196,500,4.65820123238654,0.01597034583641348,500,0.7822321062147279,0.00757176689679599,500,0.640173397493772,0.0041724089205928076,500,0.0568007975075884,0.0016946512580625636,500,35.51171482319566,0.8726320694157654,500,0.06503977073845266,0.0015982272333618464,500,nan,nan,0,11.50498284618864,0.09752416509178316,500,10.307405320105198,0.11022176497966558,500,4.98053474877,0.0,500,7.25274725275,0.0,500,1.341487179486614,0.012603762963424768,500,2.5987765567764343,0.01942574875360971,500,0.18496262626261398,0.001737791560111299,500,0.35831616161613206,0.0026783986917882246,500,8.597805964078013,-2.0,6.597805964078013,-1.5978059640780131
6,8,3,1.3333333333333333,3.0,6.0,0.475574754137926,0.0015150993113927393,500,1.5948896845043001,0.00039933163534254886,500,3.61424889426656,0.017213935602120284,500,0.769230601543048,0.005812371072524909,500,0.610149416462358,0.0029838103941977295,500,0.066984126536011,0.0012140739801995016,500,26.636324949805417,0.44916398205654134,500,0.04878447793004661,0.000822644655781225,500,nan,nan,0,11.81347602349212,0.07638823163057286,500,9.01874347081732,0.10324730904550213,500,7.4708021231599995,3.976032667870345e-17,500,7.25274725275,0.0,500,1.090512820512788,0.01332867753565029,500,2.15253479853522,0.009429548585017714,500,0.150358585858592,0.0018377419026442696,500,0.29678888888885796,0.0013001347291455867,500,8.159241070492644,-2.0,6.159241070492644,-2.1592410704926444
6,8,3,1.3333333333333333,4.0,4.0,0.479986876951478,0.0010040655234734124,500,1.6023349774759799,0.0001730043071279531,500,1.94311371844534,0.014959292492657041,500,0.766871574895456,0.0027777242927872563,500,0.5855241090015141,0.0014490657914602426,500,0.0771948911765008,0.0006797645695910277,500,20.9213090474518,0.1943800852012295,500,0.038317415837822,0.00035600748205342136,500,nan,nan,0,11.6866048183986,0.03227585323879286,500,5.981501150297021,0.06479958707448141,500,9.96106949754,0.0,500,7.25274725275,0.0,500,0.951150183149832,0.015761193718345164,500,1.83458608058584,0.008086004048451393,500,0.1311434343433904,0.0021731342854095664,500,0.252950505050512,0.001114888436981213,500,6.335149457750293,-2.0,4.335149457750293,-2.335149457750293
6,8,3,1.3333333333333333,5.0,2.0,0.47371866094862797,0.0008737460813706962,500,1.59022899077928,0.00015825032203443278,500,0.8086888484333978,0.0036915527236362155,500,0.7540792942918899,0.0023319937544521467,500,0.5659834768615901,0.0011322836342117953,500,0.0808949067509236,0.0006301319589905847,500,19.700260846750805,0.15123186136832603,500,0.036081063821890996,0.0002769814310776427,500,nan,nan,0,12.826042750412,0.007559869912398489,500,2.9932732030524263,0.03290896333627582,500,12.451336871899999,7.95206533574069e-17,500,7.25274725275,0.0,500,1.446153846152516,0.01538409104074842,500,1.9686446886427202,0.008123555678634724,500,0.1993939393937416,0.0021211398253163445,500,0.27143434343407197,0.0011200660102359998,500,3.7119681239780027,-2.0,1.7119681239780027,-1.7119681239780027
6,9,3,1.5,1.0,6.0,0.49741162417740004,0.0014820305495823053,500,1.89597652337016,0.0006149437243749942,500,5.58001019136414,0.01888660804983388,500,0.9002593385412361,0.006956323590092802,500,0.72686184656522,0.003840629441010541,500,0.029306325698100457,0.0010295339798020255,500,65.1599672575466,1.5576110473412696,500,0.112344771133685,0.002685536288518704,500,nan,nan,0,9.36484666541428,0.08955706014670212,500,8.99089665913122,0.09396348884389527,500,2.5417718022999995,1.9880163339351726e-17,500,7.324137931029999,3.976032667870345e-17,500,1.865979310344932,0.02716240350416718,500,3.508013793103404,0.04007524603740136,500,0.254771186440693,0.0037086144144099294,500,0.47896610169491177,0.005471667302659054,500,8.73965131132699,-2.0,6.739651311326989,-2.7396513113269894
6,9,3,1.5,2.0,7.0,0.48506651173916004,0.0016438449361819095,500,1.9025812140928202,0.0005114316715645297,500,4.8505419657745605,0.01657284118203612,500,0.8199150349883721,0.007523211262979292,500,0.6577510243094801,0.004030955110049396,500,0.04944205712456483,0.0014884768509862794,500,40.93806252068426,0.9732471594630793,500,0.07058286641496579,0.001678012343901718,500,nan,nan,0,11.786641264831298,0.09641587770016695,500,10.57287368333718,0.10906372828728142,500,5.083543604589999,3.976032667870345e-17,500,7.324137931029999,3.976032667870345e-17,500,1.4132827586207322,0.013113270140635057,500,2.7213793103445796,0.021038022610593603,500,0.1929623352166156,0.0017904182395405963,500,0.37156308851222003,0.0028724230494689426,500,9.006501241752149,-2.0,7.006501241752149,-2.006501241752149
6,9,3,1.5,3.0,9.0,0.457356049326838,0.0015129516052498765,500,1.90594480359126,0.0005244042028178835,500,3.9795449619262397,0.01624328808632834,500,0.653439590136006,0.007313077939639989,500,0.5420540503087079,0.003964029193108074,500,0.1005567069275192,0.0022228133530663675,500,19.7928579055929,0.4653629941153242,500,0.034125617078611024,0.0008023499898536441,500,nan,nan,0,15.562161709481341,0.12752160843942575,500,13.447344547123398,0.15060988370228956,500,7.6253154068899995,3.976032667870345e-17,500,7.324137931029999,3.976032667870345e-17,500,1.046558620689424,0.01272268469971551,500,2.03246896551694,0.014431309135664825,500,0.14289171374766102,0.001737089718888417,500,0.27750282485875205,0.0019703764827414426,500,8.893418111811283,-2.0,6.8934181118112825,0.1065818881887175
6,9,3,1.5,4.0,5.0,0.47857842889507196,0.0009382730737206443,500,1.93131049478884,0.00018612471537408852,500,2.51057486755732,0.0159448962053202,500,0.7746247534248639,0.0028326141494966622,500,0.5888057739344481,0.0013481485691188028,500,0.0738164433736194,0.0005850482627794096,500,22.574158876784605,0.1795456392490217,500,0.0389209635806604,0.00030956144698111285,500,nan,nan,0,12.751500321737002,0.04585697134268052,500,7.55696435365818,0.07973799709577145,500,10.167087209199998,7.95206533574069e-17,500,7.324137931029999,3.976032667870345e-17,500,1.041503448275826,0.014872984310875512,500,1.92752413793098,0.00639606406981041,500,0.1422015065913258,0.0020306805320881175,500,0.26317419962333805,0.000873285583919795,500,7.49714285169658,-2.0,5.49714285169658,-2.49714285169658
6,9,3,1.5,5.0,2.0,0.467980037840124,0.0008431314746191032,500,1.93026748910898,6.493783699775709e-05,500,0.932426532210828,0.004670731202782888,500,0.7340362663749119,0.0018353305282621923,500,0.549155838850638,0.0007642205989133986,500,0.0962433404129672,0.00047417818520230706,500,21.107881388823,0.1321663655265694,500,0.036392898946246206,0.0002278730440115478,500,nan,nan,0,13.0641520466322,0.00724326764909679,500,2.936123792790316,0.033569489306333355,500,12.708859011500001,7.95206533574069e-17,500,7.324137931029999,3.976032667870345e-17,500,1.582193103448898,0.013803987399548459,500,2.03532413793178,0.0053745730236191905,500,0.21602448210922262,0.0018847252099168372,500,0.277892655367092,0.0007338164674420642,500,4.179201487233337,-2.0,2.179201487233337,-2.179201487233337
6,3,3,0.5,1.0,5.0,0.46356676096828403,0.00299759997795055,500,0.234803263142194,0.0009644474806409309,500,1.9781125074480101,0.017514756301502843,500,0.33040915292522405,0.0031891102768163734,500,0.617220684272046,0.004150819504059878,500,0.1583521433945014,0.002977694365743146,500,8.60506217881014,0.14554301755377047,500,0.1536618246216054,0.0025989824563165762,500,nan,nan,0,5.375322621481179,0.0502811876653166,500,5.05830529822464,0.05394884381544429,500,1.7654696590100007,2.982024500902759e-17,500,4.5,0.0,500,0.9674285714286707,0.016698012049243732,500,1.8720000000000538,0.02652677802050755,500,0.2149841269841372,0.003710669344272117,500,0.41599999999996856,0.00589483956011402,500,5.323385720809869,0.0,5.323385720809869,-0.3233857208098687
6,3,3,0.5,2.0,6.0,0.45479780783202794,0.003127420969071072,500,0.23459237033827599,0.0008948277923207128,500,1.6293025746972642,0.015172072154403296,500,0.284631958485618,0.0029997708575784034,500,0.534793665823998,0.004102601172423527,500,0.22325823469630343,0.0034066084839522964,500,6.211719548038079,0.10396871928007442,500,0.1109235633578214,0.0018565842728584382,500,nan,nan,0,7.0492325277381,0.05827481426035872,500,6.04237656363942,0.06947286865837526,500,3.5309393180200015,5.964049001805518e-17,500,4.5,0.0,500,0.7120000000000325,0.015005818674308039,500,1.40878571428591,0.017807337070088542,500,0.1582222222222536,0.003334626372065863,500,0.31306349206331996,0.003957186015570954,500,5.706202416227108,0.0,5.706202416227108,0.2937975837728919
6,3,3,0.5,3.0,5.0,0.46354925543590003,0.003052244352861736,500,0.236989623990418,0.00046249816934510553,500,1.007801625625484,0.009517349538829675,500,0.28425350013685197,0.0021939681316782123,500,0.523400451903194,0.002897206059652031,500,0.23700939487328201,0.002591084406174455,500,5.765331385143419,0.06521206768315146,500,0.10295234616328461,0.001164501208629003,500,nan,nan,0,7.3521664831336,0.034826849723559594,500,5.023564011464459,0.05242516161973064,500,5.296408977029999,3.976032667870345e-17,500,4.5,0.0,500,0.6986428571430342,0.01673821605099478,500,1.30957142857106,0.016086552987721114,500,0.1552539682539863,0.003719603566883829,500,0.29101587301581455,0.003574789552826193,500,5.393714216652421,0.0,5.393714216652421,-0.39371421665242057
6,3,3,0.5,4.0,5.0,0.455498742891908,0.0027183348305335592,500,0.23856958315902602,0.0004544650026122126,500,0.64005522195093,0.00722031252559562,500,0.247821193927982,0.0019924185237531447,500,0.46089682302052803,0.002488524074048107,500,0.29497368195346396,0.0027833025119503173,500,4.50746290680936,0.04401282611367877,500,0.080490409050161,0.0007859433234581598,500,nan,nan,0,8.76300016050816,0.031930087723381365,500,5.08492423160864,0.05613348716444523,500,7.061878636040003,1.1928098003611036e-16,500,4.5,0.0,500,0.578357142857333,0.015600494689052686,500,1.1030714285713161,0.017117445558738502,500,0.1285238095238592,0.0034667765975619747,500,0.2451269841269442,0.0038038767908259133,500,4.593321350614106,0.0,4.593321350614106,0.4066786493858938
6,3,3,0.5,5.0,3.0,0.458321620175686,0.002786674049374097,500,0.25641833444030204,0.00012405302964574376,500,0.255837756704742,0.0032271124242610714,500,0.27085840692548196,0.001979167196707302,500,0.48248160094766795,0.0023153900441467033,500,0.253774460096974,0.0024988750518966383,500,4.86931990383396,0.05346701931049413,500,0.086952141139888,0.0009547682019731283,500,nan,nan,0,9.368236927766981,0.010699561834689553,500,3.0534128108224823,0.0339627654924843,500,8.82734829505,0.0,500,4.5,0.0,500,0.7879285714289642,0.019354100159890444,500,1.3902857142856901,0.021242320651453584,500,0.17509523809524125,0.004300911146634467,500,0.3089523809522842,0.004720515700319653,500,2.989798752456199,0.0,2.989798752456199,0.010201247543800918
6,3,3,0.5,6.0,2.0,0.46242368873710993,0.0027977239381470316,500,0.259266882185394,1.2679956062475643e-05,500,0.126772832192738,0.00033336227787860383,500,0.30415709198135,0.0020568736401447713,500,0.521213576225324,0.002226414592528507,500,0.206196217057544,0.0020359174143771692,500,5.920197760000679,0.05833719031625617,500,0.10571781714287459,0.0010417355413621246,500,nan,nan,0,10.7994108527932,0.004180024743401338,500,2.0458757836597097,0.022049028457706437,500,10.592817954099997,7.95206533574069e-17,500,4.5,0.0,500,1.0782142857143513,0.02071393402270219,500,1.789285714285314,0.0197494375780758,500,0.23960317460315805,0.004603096449484207,500,0.39761904761885997,0.0043887639062502775,500,2.3656660009701134,0.0,2.3656660009701134,-0.36566600097011337
6,3,3,0.5,7.0,2.0,0.45225598526456806,0.002626689261589997,500,0.259983611588316,7.604063715594005e-06,500,0.09218695026077181,0.00019740090569637524,500,0.2992421747964599,0.0021879136972624926,500,0.5106850593607539,0.0023454276627203146,500,0.211344556725914,0.0021065190991440786,500,5.814483581567741,0.059425863760313946,500,0.1038300639565546,0.0010611761385762824,500,nan,nan,0,12.5387031082584,0.003609671594359491,500,2.056750229693214,0.02317845888666652,500,12.358287613100002,7.95206533574069e-17,500,4.5,0.0,500,1.1220714285715376,0.021558632635650558,500,1.8135714285712639,0.01935472379327965,500,0.24934920634916802,0.0047908072523631376,500,0.40301587301569197,0.004301049731854228,500,1.6250090519849647,0.0,1.6250090519849647,0.3749909480150353
6,3,3,0.5,8.0,1.0,0.46476857135504407,0.0028277079893051457,500,0.26052547076207805,2.5209485004853063e-06,500,0.0647512587627746,5.6314922001183805e-05,500,0.374691866179018,0.0011568175557410754,500,0.5916284808484361,0.0011490789134817568,500,0.145671163130938,0.0006772310979141524,500,8.157293855367781,0.04119110915256074,500,0.14566596170302662,0.0007355555205822607,500,nan,nan,0,14.162037026437801,0.0007916184688141048,500,1.010211208219794,0.011196842855449123,500,14.123757272099995,2.3856196007222073e-16,500,4.5,0.0,500,1.8449999999998221,0.01846339893740846,500,2.3571428571399995,1.9880163339351726e-17,500,0.40999999999982195,0.004102977541662335,500,0.5238095238099999,4.9700408348379315e-18,500,1.277533293141597,0.0,1.277533293141597,-0.277533293141597
6,3,3,0.5,9.0,1.0,0.46092113495443404,0.002830190198661864,500,0.26080541752710995,1.9344776212443867e-06,500,0.051251314718515004,4.3341433317912236e-05,500,0.37078590265299,0.0011272618250219213,500,0.584962110514392,0.0011284831991722087,500,0.148415544508318,0.0006705381088994135,500,8.00774333764088,0.04082904968765433,500,0.142995416743595,0.0007290901729938863,500,nan,nan,0,15.922774625787,0.0007020834824790762,500,1.000851348254104,0.011479864963910952,500,15.889226931100003,1.590413067148138e-16,500,4.5,0.0,500,1.835714285713908,0.018647688567311384,500,2.3571428571399995,1.9880163339351726e-17,500,0.40793650793633796,0.00414393079275044,500,0.5238095238099999,4.9700408348379315e-18,500,1.0786503279954398,0.0,1.0786503279954398,-0.0786503279954398
6,3,3,0.5,10.0,1.0,0.461694763112326,0.0027479097542612097,500,0.26101306750531,1.7499003694027571e-06,500,0.0416615424673142,3.6821015821734987e-05,500,0.36783759735641397,0.001173663233116099,500,0.5801527774198441,0.0011637729213374247,500,0.15075792703725802,0.0006914354551147224,500,7.9384661550220805,0.042758444530880874,500,0.14175832419683598,0.0007635436523369901,500,nan,nan,0,17.6864884788168,0.0006219276130983811,500,1.032183632434652,0.01081387275658854,500,17.6546965901,0.0,500,4.5,0.0,500,1.80214285714274,0.018883907950110954,500,2.3571428571399995,1.9880163339351726e-17,500,0.400476190475986,0.004196423988926063,500,0.5238095238099999,4.9700408348379315e-18,500,1.0988237854294376,0.0,1.0988237854294376,-0.0988237854294376
6,4,3,0.6666666666666666,1.0,6.0,0.45525520949510806,0.0023917883903369452,500,0.44349212464220406,0.0010192105544198497,500,2.9031817538561,0.021666796343440178,500,0.418743945442786,0.00514955988418584,500,0.58679451563797,0.00503234863579532,500,0.1381854501370882,0.0034487969341368383,500,11.974541770428361,0.2983852960805416,500,0.09978784808689659,0.002486544134003794,500,nan,nan,0,7.337372659262461,0.07557642807491524,500,7.03550737168638,0.07951817027146822,500,2.0083857810099994,1.9880163339351726e-17,500,5.4,0.0,500,1.0480333333335443,0.019645886409551835,500,2.0261666666665183,0.03242521412796563,500,0.19408024691358103,0.003638127112879995,500,0.3752160493827086,0.006004669282958147,500,5.725070179620735,0.0,5.725070179620735,0.27492982037926517
6,4,3,0.6666666666666666,2.0,6.0,0.46281384182947205,0.0022615431109494905,500,0.455832209733054,0.0011341271068180758,500,2.5926986160701797,0.01594029681177839,500,0.412087153782662,0.003952644423083398,500,0.5580727527714759,0.0037407181049212666,500,0.1550974011742802,0.0026385019271806206,500,9.70077099700444,0.16808139938210523,500,0.0808397583083674,0.0014006783281837686,500,nan,nan,0,8.11905558470338,0.06394586458778216,500,6.997907578780099,0.07563156992376284,500,4.016771562030001,3.976032667870345e-17,500,5.4,0.0,500,0.899566666666508,0.013515648253692758,500,1.710066666666606,0.01699508069287947,500,0.16658641975306318,0.002502897824758475,500,0.316679012345726,0.003147237165346156,500,6.334280176676517,0.0,6.334280176676517,-0.33428017667651666
6,4,3,0.6666666666666666,3.0,5.0,0.45964373129098396,0.0020936038767664033,500,0.46257660846716,0.0007951055599484074,500,1.74441129282074,0.014921560248641951,500,0.40378814402851204,0.002661575721251038,500,0.53429431658068,0.002701069758804142,500,0.1732704353531354,0.0019943317902674216,500,8.35945425097818,0.1103484127582994,500,0.06966211875815,0.0009195701063196529,500,nan,nan,0,8.45727748844534,0.04252386314602474,500,5.841785342473741,0.06329142935863144,500,6.025157343040001,3.976032667870345e-17,500,5.4,0.0,500,0.8027333333333565,0.01652136232422585,500,1.494399999999728,0.013944156206752076,500,0.14865432098760656,0.003059511541522275,500,0.27674074074077,0.002582251149395218,500,5.123420708257104,0.0,5.123420708257104,-0.12342070825710394
6,4,3,0.6666666666666666,4.0,4.0,0.46352428177988,0.0018995207944223456,500,0.44602502514506,0.0004416315840378847,500,0.838444811827836,0.00993785162731783,500,0.367764941914558,0.00169448575690961,500,0.5029469068697201,0.0019341143257550037,500,0.203006888241582,0.00149089153530575,500,7.45405662761644,0.09305262958055081,500,0.0621171385634628,0.0007754385798369935,500,nan,nan,0,9.33384594369774,0.02400416514100863,500,4.65327013596874,0.04939444502444811,500,8.033543124049999,7.95206533574069e-17,500,5.4,0.0,500,0.6703666666668046,0.017314926445132068,500,1.32463333333329,0.01818436342734337,500,0.12414197530859326,0.0032064678602072823,500,0.2453024691357812,0.0033674747087657415,500,4.378050336833357,0.0,4.378050336833357,-0.37805033683335676
6,4,3,0.6666666666666666,5.0,4.0,0.452308517260616,0.002007502084196679,500,0.439356464214786,0.00036421826716104586,500,0.465925482229692,0.005656910182793367,500,0.308876606932222,0.001891168350405686,500,0.44263204246617793,0.002208229415889938,500,0.265862525369442,0.0019349544209853898,500,6.097165621801561,0.09192189010259365,500,0.050809713515008195,0.0007660157508546054,500,nan,nan,0,11.1625554093996,0.021251600399456224,500,4.76328649041932,0.051017160319353244,500,10.041928905100002,7.95206533574069e-17,500,5.4,0.0,500,0.6468000000002201,0.017490130435738424,500,1.1973000000001321,0.020180930600938483,500,0.11977777777772716,0.0032389130436527537,500,0.22172222222226942,0.00373720937054471,500,3.5776164590718116,0.0,3.5776164590718116,0.4223835409281884
6,4,3,0.6666666666666666,6.0,3.0,0.46346807975635196,0.0020352947898157757,500,0.426561355134836,0.00029194581949008245,500,0.23136118061181798,0.001402016780068524,500,0.312602851582232,0.0021322426459177823,500,0.45380088140668,0.002209016508532311,500,0.27693713743578,0.0018216812304256342,500,7.3878906940503795,0.10774295999514984,500,0.06156575578374719,0.0008978579999591397,500,nan,nan,0,12.5854573213516,0.010141996030384922,500,3.541320683016966,0.037293908115119026,500,12.050314686099998,7.95206533574069e-17,500,5.4,0.0,500,0.8338666666670171,0.020164970034149136,500,1.451066666666552,0.019892215463031115,500,0.15441975308639702,0.0037342537100257867,500,0.2687160493827474,0.0036837436042653766,500,3.275196019613783,0.0,3.275196019613783,-0.2751960196137828
6,4,3,0.6666666666666666,7.0,3.0,0.46216873899704003,0.0020125974613379527,500,0.42255572077382997,0.0002533173851455392,500,0.160276034407474,0.0007293175337919,500,0.299233108016198,0.0022910245227573396,500,0.43793153582992206,0.0023977177202340076,500,0.29897100896220596,0.002024045960448185,500,7.2522018354595605,0.11143218256996919,500,0.0604350152954884,0.0009286015214155657,500,nan,nan,0,14.507586268431798,0.008994783408991501,500,3.48129081414026,0.038612896647629756,500,14.058700467100001,7.95206533574069e-17,500,5.4,0.0,500,0.8446666666669844,0.020111712058510246,500,1.492133333333262,0.02027731938855503,500,0.15641975308640038,0.0037243911219457006,500,0.2763209876543464,0.0037550591460278277,500,3.1948845081516173,0.0,3.1948845081516173,-0.1948845081516173
6,4,3,0.6666666666666666,8.0,3.0,0.456189537388254,0.0020921292578170965,500,0.420232807857508,0.00018886557479563584,500,0.120001951153954,0.00035717359010003244,500,0.283064991787508,0.002399216732818543,500,0.41709634348338004,0.0024756455366335725,500,0.32108269962494396,0.0021834876011728264,500,6.6981768229087795,0.10680393769652018,500,0.0558181401909094,0.000890032814137499,500,nan,nan,0,16.4885653600628,0.007796754171865626,500,3.6173035575901604,0.036559885798509724,500,16.067086248099997,1.590413067148138e-16,500,5.4,0.0,500,0.8154666666669368,0.019146373561978635,500,1.4349333333335001,0.020870698409599205,500,0.1510123456789768,0.0035456247336997492,500,0.2657283950617612,0.0038649441499262293,500,2.8950765271771735,0.0,2.8950765271771735,0.10492347282282655
6,4,3,0.6666666666666666,9.0,3.0,0.45550789207778997,0.0020013198933150787,500,0.418074660069828,0.00013058155823089538,500,0.0932443580880426,0.00013764444505173835,500,0.287323182896456,0.0025028232460902345,500,0.418967348390466,0.0026183755464680115,500,0.322760595663866,0.002307123857606615,500,7.023163847701761,0.11335685517219493,500,0.0585263653975122,0.0009446404597683018,500,nan,nan,0,18.4294642347398,0.007486347365382343,500,3.48480073804328,0.040204720933113995,500,18.075472029100005,3.180826134296276e-16,500,5.4,0.0,500,0.8749333333335636,0.0203598497666583,500,1.519200000000132,0.020878726712257864,500,0.1620246913580098,0.003770342549381489,500,0.28133333333334737,0.0038664308726393997,500,2.8321195752226354,0.0,2.8321195752226354,0.16788042477736465
6,4,3,0.6666666666666666,10.0,3.0,0.449995819991004,0.0019427338384972184,500,0.416982510341338,5.6477998827953494e-05,500,0.0752865753060772,5.8328420318714934e-05,500,0.280250288660366,0.0023907119814830227,500,0.41080282658873396,0.0025194916006558493,500,0.33259031671582395,0.00223362047486083,500,6.8244025606052,0.10656274416255286,500,0.056870021338373,0.0008880228680208654,500,nan,nan,0,20.396962235663203,0.00623577277047539,500,3.4621055881922604,0.03766619412075442,500,20.083857810099996,1.590413067148138e-16,500,5.4,0.0,500,0.8441333333336166,0.020168021893672415,500,1.478666666666514,0.01905250629161109,500,0.156320987654298,0.0037348188691976978,500,0.2738271604938424,0.003528241905854444,500,2.601147787782658,0.0,2.601147787782658,0.39885221221734213
6,5,3,0.8333333333333334,1.0,6.0,0.45654833217581997,0.0019346387754439972,500,0.6880511304799659,0.0007406292329490326,500,3.72064014816256,0.019828203885454965,500,0.539636637220516,0.006033595731917026,500,0.615727109189126,0.004694269467581419,500,0.09502030154833761,0.0026143808385217997,500,19.04525328974398,0.5048436348859845,500,0.08817246893400621,0.0023372390503988206,500,nan,nan,0,8.19493101067506,0.0775556164573367,500,7.8836644623599605,0.08123511201299731,500,2.1709855583500004,1.9880163339351726e-17,500,6.1111111111100005,3.976032667870345e-17,500,1.2546481481480032,0.02128858219517479,500,2.414333333333374,0.033844549687877874,500,0.20530606060605622,0.0034835861773918264,500,0.3950727272727272,0.00553819903983513,500,5.918068717727559,0.0,5.918068717727559,0.08193128227244095
6,5,3,0.8333333333333334,2.0,7.0,0.450130986211768,0.0019860049193498332,500,0.697756066805406,0.0009257964824957604,500,3.1715755313579996,0.017191520529143738,500,0.480723588521718,0.00549225776377075,500,0.540768799230696,0.004183827460689463,500,0.1399077903960008,0.0029277461646362284,500,12.270496142738018,0.27254673554153824,500,0.0568078525126734,0.0012617904423214631,500,nan,nan,0,10.13083235216946,0.0833333458529356,500,9.09841775384832,0.09459463314102422,500,4.341971116700001,3.976032667870345e-17,500,6.1111111111100005,3.976032667870345e-17,500,0.965796296296272,0.013116518254581254,500,1.854462962962982,0.019106411266031718,500,0.158039393939398,0.0021463393507493303,500,0.303457575757591,0.0031265036617128253,500,6.517996276710204,0.0,6.517996276710204,0.4820037232897958
6,5,3,0.8333333333333334,3.0,6.0,0.45612866916128997,0.0017484481297297453,500,0.7202386094527641,0.0008095332965382527,500,2.4610933135063795,0.013977059765125073,500,0.479813320285582,0.0038925164887458033,500,0.520665170561436,0.002634190341825347,500,0.15163346923130216,0.0018190129907049604,500,10.28902929006018,0.13264574803394838,500,0.04763439486138819,0.000614100685342107,500,nan,nan,0,10.194739204765959,0.06367478270476419,500,7.7373649729084,0.08576510046431128,500,6.512956675059998,7.95206533574069e-17,500,6.1111111111100005,3.976032667870345e-17,500,0.8412962962962302,0.014719575764831036,500,1.6455555555554402,0.010868267058525853,500,0.13766666666665942,0.0024086578524267275,500,0.269272727272728,0.0017784437004857007,500,5.8215143728923255,0.0,5.8215143728923255,0.17848562710767446
6,5,3,0.8333333333333334,4.0,4.0,0.45539132257223597,0.0013623836131896776,500,0.734626346307346,0.00020812702486733663,500,1.251088842686174,0.012503962368131607,500,0.45973622180456597,0.0023536233825158827,500,0.491672247036802,0.001562590135452058,500,0.17271219734372698,0.0015096952415955686,500,8.576447374738303,0.06880532717443337,500,0.0397057748830454,0.0003185431813632312,500,nan,nan,0,10.15762887674034,0.028209982314157986,500,5.155281742548101,0.056390202025692164,500,8.683942233409999,7.95206533574069e-17,500,6.1111111111100005,3.976032667870345e-17,500,0.7268703703705783,0.015569093043598416,500,1.4480370370370221,0.014932968957436314,500,0.11894242424241976,0.002547669770768234,500,0.2369515151514906,0.0024435767384878714,500,3.510049748405661,0.0,3.510049748405661,0.489950251594339
6,5,3,0.8333333333333334,5.0,2.0,0.463943016327058,0.0015441818607692082,500,0.7386294564981061,7.591419104355656e-05,500,0.472688659115184,0.002723283095080361,500,0.5025901079706019,0.0034538329472086717,500,0.50687222154721,0.0018767653782336793,500,0.1406175809187584,0.0015532525180600358,500,9.57737106993126,0.1054670535633899,500,0.044339680879314204,0.0004882733961271411,500,nan,nan,0,11.1738730496262,0.0066206534837060975,500,2.5703880020395538,0.029726872152121508,500,10.854927791800002,7.95206533574069e-17,500,6.1111111111100005,3.976032667870345e-17,500,1.2220925925928727,0.02017206517231577,500,1.8878518518525256,0.015817447583010482,500,0.19997878787879517,0.0033008833918283026,500,0.308921212121046,0.002588309604494431,500,2.3007940475594144,0.0,2.3007940475594144,-0.3007940475594144
6,5,3,0.8333333333333334,6.0,2.0,0.46171637916095404,0.0016388865458623184,500,0.739778962746532,3.3704066532013535e-05,500,0.30604276715846196,0.0009879056837798126,500,0.46868875960964196,0.0037178000363970354,500,0.47542346275812,0.0020342686136382935,500,0.15746483670804082,0.0017750563860734726,500,8.49043540277826,0.09690438298648772,500,0.0393075713091596,0.0004486314027151809,500,nan,nan,0,13.292188258636799,0.005232569092658427,500,2.576766715390632,0.027660477388639866,500,13.025913350100003,1.590413067148138e-16,500,6.1111111111100005,3.976032667870345e-17,500,1.2320000000002238,0.018906283440795507,500,1.9027777777785018,0.01497399040502781,500,0.2016000000000105,0.0030937554721280546,500,0.3113636363634679,0.002450289339008064,500,2.1478597623158038,0.0,2.1478597623158038,-0.14785976231580378
6,5,3,0.8333333333333334,7.0,2.0,0.45911529408213403,0.0015506215046806715,500,0.74004080654553,1.4986859338033146e-05,500,0.22197258099512196,0.000339352136270831,500,0.43719907699025395,0.0036376311388574894,500,0.450728447133582,0.0020153507524165687,500,0.172597793443716,0.0018410137342346866,500,7.72236501163988,0.08680142461958985,500,0.0357516898687062,0.00040185844731322547,500,nan,nan,0,15.4334971839482,0.00430742587606288,500,2.628992703316078,0.026284807580579585,500,15.196898908500001,7.95206533574069e-17,500,6.1111111111100005,3.976032667870345e-17,500,1.202759259259524,0.018655212469615216,500,1.88555555555636,0.013901280995317174,500,0.196815151515143,0.003052671131387375,500,0.30854545454532,0.00227475507196234,500,2.031373702185185,0.0,2.031373702185185,-0.03137370218518498
6,5,3,0.8333333333333334,8.0,2.0,0.4551657779431901,0.0014982741811603675,500,0.74020879052805,7.075132656607117e-06,500,0.17016626953824998,0.00017989767109568457,500,0.42254412626705196,0.003687910392524486,500,0.43763400020382803,0.0020626956773551557,500,0.1807965704902542,0.0019516373050203553,500,7.42649675392042,0.08492455966803795,500,0.0343819294163008,0.0003931692577224742,500,nan,nan,0,17.569658616176,0.003968605626613273,500,2.582390149635074,0.02790670532592136,500,17.367884466800003,1.590413067148138e-16,500,6.1111111111100005,3.976032667870345e-17,500,1.2081296296297659,0.01910329534526382,500,1.8930185185194077,0.014923425702208594,500,0.1976939393939496,0.0031259937837682197,500,0.3097666666665,0.0024420151149096695,500,1.800247807330962,0.0,1.800247807330962,0.199752192669038
6,5,3,0.8333333333333334,9.0,1.0,0.46511698050784606,0.0014752359134349473,500,0.740506773322128,2.3455887895229915e-06,500,0.13137245962312802,3.625425166521748e-05,500,0.568385277904358,0.002373884578741128,500,0.515252482560556,0.0011297011098454417,500,0.1163100797485022,0.0007123288873431394,500,11.2003749219823,0.0634862683386047,500,0.051853587601778,0.00029391790897528413,500,nan,nan,0,19.585307208584805,0.0009269649741587272,500,1.3123562872824701,0.013795409056942137,500,19.538870025200005,1.590413067148138e-16,500,6.1111111111100005,3.976032667870345e-17,500,1.8878518518527558,0.014442428496234888,500,2.3333333333300006,1.9880163339351726e-17,500,0.308921212121058,0.0023633064812046247,500,0.3818181818179999,2.4850204174189658e-18,500,1.4323989682498213,0.0,1.4323989682498213,-0.43239896824982127
6,5,3,0.8333333333333334,10.0,1.0,0.46228484478476,0.0014180167530720629,500,0.740547133345354,1.8284766252950245e-06,500,0.10716841437800599,2.7385626093384476e-05,500,0.5560542212621961,0.0025169394485422365,500,0.506289036017354,0.0011791313545413751,500,0.120211534366191,0.0007501244256795937,500,10.8751172578987,0.06437752433362293,500,0.050347765082859805,0.00029804409413713187,500,nan,nan,0,21.750533870538,0.0008105831926371757,500,1.291360566720336,0.014199406421552777,500,21.70985558350001,3.180826134296276e-16,500,6.1111111111100005,3.976032667870345e-17,500,1.8993333333338698,0.015192137519553594,500,2.3333333333300006,1.9880163339351726e-17,500,0.31079999999984204,0.0024859861395649507,500,0.3818181818179999,2.4850204174189658e-18,500,1.1666778867615897,0.0,1.1666778867615897,-0.16667788676158968
6,6,3,1.0,1.0,7.0,0.45709688422791794,0.0019704220723316852,500,0.9598539751837661,0.0007454255715837829,500,4.3637201993477,0.028499657544603506,500,0.613878618697044,0.007772398385401488,500,0.6105903555875261,0.005305837177957861,500,0.0858924541788944,0.0028087753704427033,500,25.30255245593264,0.8195039167389904,500,0.07530521564264907,0.0024389997521993404,500,nan,nan,0,9.77663687348922,0.10161820942691106,500,9.460375459835959,0.1057670188538332,500,2.377936967570001,3.976032667870345e-17,500,6.642857142859999,3.976032667870345e-17,500,1.3232023809521378,0.023886537455401185,500,2.553440476190404,0.03949945534584914,500,0.19919175627238261,0.0035958228427492482,500,0.38438888888886935,0.005946154568192407,500,6.907283246666157,0.0,6.907283246666157,0.09271675333384266
6,6,3,1.0,2.0,7.0,0.460475054353134,0.0018506504842192735,500,0.974932410618778,0.0007243052312065569,500,3.8696915745487606,0.017002618490112104,500,0.597482516734628,0.006529316364603961,500,0.575981312189326,0.004186179824697441,500,0.10010384755110499,0.002303400381480397,500,18.6061739636774,0.4452482975741087,500,0.055375517749037,0.001325143742780071,500,nan,nan,0,10.87989160973558,0.090592604217177,500,9.72529777469058,0.10274382696509113,500,4.75587393515,0.0,500,6.642857142859999,3.976032667870345e-17,500,1.10454761904765,0.01293706884265828,500,2.14996428571438,0.017731634922541546,500,0.16627598566306842,0.0019475157397554367,500,0.32365053763443397,0.002669278375435977,500,7.136391320001654,0.0,7.136391320001654,-0.13639132000165421
6,6,3,1.0,3.0,6.0,0.46277476052793604,0.0014870857938096198,500,0.9991232400467019,0.0006162007473497601,500,2.9015197612679797,0.016744412853729088,500,0.602609653654538,0.004758771039568695,500,0.555691153296088,0.0027590302414537255,500,0.1102835589610954,0.0016163234598769352,500,15.08660261965048,0.20563890582878622,500,0.044900603034670195,0.0006120205530615732,500,nan,nan,0,10.93304467009952,0.06817802149817803,500,8.155987533445678,0.09432332767787725,500,7.133810902719999,3.976032667870345e-17,500,6.642857142859999,3.976032667870345e-17,500,0.9164523809522479,0.013871754598498685,500,1.8204880952379399,0.00994960038237518,500,0.13796057347672297,0.0020882211223561035,500,0.274051971326164,0.0014977893048743211,500,6.331584954267645,0.0,6.331584954267645,-0.3315849542676448
6,6,3,1.0,4.0,4.0,0.458809167620046,0.001111930554530794,500,1.0209487694172998,0.00023534530058960204,500,1.512171923619846,0.012331116004754464,500,0.57345638934052,0.002749437721114856,500,0.512136560357446,0.0013815103761244348,500,0.1376027279988562,0.0010056319123528592,500,11.078713898478817,0.08439990591213495,500,0.0329723627930946,0.0002511901961669518,500,nan,nan,0,11.05538301067444,0.029894852135992116,500,5.50388401220674,0.061728024166869726,500,9.511747870290002,7.95206533574069e-17,500,6.642857142859999,3.976032667870345e-17,500,0.7966071428570115,0.0161138717671895,500,1.563726190475904,0.01243198532126175,500,0.1199193548387008,0.0024257441369979703,500,0.23539964157707,0.0018714816612660724,500,4.044677138716219,0.0,4.044677138716219,-0.044677138716219034
6,6,3,1.0,5.0,2.0,0.45131457667276603,0.0011286900269230579,500,1.02477072082492,2.3964904724083268e-05,500,0.596414791096304,0.0034005550185766805,500,0.5550662408227339,0.002892889624779858,500,0.48288457966052,0.001332268640437934,500,0.1584700833778316,0.0010864437143606295,500,10.77240289483404,0.09875706429779536,500,0.032060722901290396,0.0002939198342195405,500,nan,nan,0,12.2287060219266,0.00660207348773079,500,2.786895477470698,0.0294100007662353,500,11.889684837900004,1.590413067148138e-16,500,6.642857142859999,3.976032667870345e-17,500,1.277952380952674,0.01674899994151429,500,1.9090476190459398,0.012426655572078017,500,0.1923799283154648,0.0025213548299080723,500,0.28738351254492595,0.0018706793334314414,500,1.6649966664060907,0.0,1.6649966664060907,0.3350033335939093
6,6,3,1.0,6.0,1.0,0.466594702250212,0.0011547907761518845,500,1.0258836903932,4.233166484869622e-06,500,0.35261777377808,0.00012879615309481618,500,0.65779601945871,0.002563653640277801,500,0.516888630333068,0.0010030955497401155,500,0.13273696642227342,0.0007346729782500393,500,14.449562931566602,0.08520183999523802,500,0.043004651582045396,0.0002535769047477748,500,nan,nan,0,14.3378814285152,0.0014608557727866167,500,1.3738766718887239,0.015721759126756097,500,14.267621805400001,7.95206533574069e-17,500,6.642857142859999,3.976032667870345e-17,500,1.9323809523792201,0.01274469885986452,500,2.28571428571,0.0,500,0.290896057347776,0.001918556817613976,500,0.344086021505,0.0,500,1.3558660932749693,0.0,1.3558660932749693,-0.3558660932749693
6,7,3,1.1666666666666667,1.0,7.0,0.463784091416528,0.0018282662329636972,500,1.2497819351177,0.0006462931153045433,500,4.796833443923941,0.027723370429352377,500,0.69072745068352,0.008208078743033457,500,0.6266984418425541,0.005117532002187693,500,0.06850269680581227,0.002290254996012033,500,32.68867955637494,1.0565700297962939,500,0.07168570078152649,0.0023170395390275543,500,nan,nan,0,10.558466629644759,0.10511626635829807,500,10.25128349652358,0.10907978608331577,500,2.4431062347,0.0,500,7.02631578947,0.0,500,1.4480087719298198,0.02527901545130968,500,2.770657894736572,0.039754949364164294,500,0.20608364544319663,0.0035977624986876086,500,0.3943258426966148,0.005658007774675386,500,7.361827269381521,0.0,7.361827269381521,-0.36182726938152143
6,7,3,1.1666666666666667,2.0,8.0,0.455558719410528,0.001804231687256629,500,1.2598483602423998,0.0007499929391564759,500,4.1684287822853205,0.023385770366632353,500,0.6227929619573019,0.008035390080867687,500,0.559613134704128,0.004856001319652327,500,0.1007979138537464,0.002780723996559965,500,20.98018339730762,0.6325937815641163,500,0.04600917411690211,0.0013872670648335094,500,nan,nan,0,12.6929891652857,0.11279230127872487,500,11.65055149310752,0.12542417865537442,500,4.8862124694,0.0,500,7.02631578947,0.0,500,1.129131578947458,0.013539877569926669,500,2.1836140350873636,0.022150095726842553,500,0.1607003745318438,0.0019270237739978937,500,0.310776529338298,0.003152448080973964,500,7.715826061926048,0.0,7.715826061926048,0.28417393807395186
6,7,3,1.1666666666666667,3.0,7.0,0.46212124788022607,0.0015499951022793386,500,1.28391827354402,0.0005698641578229,500,3.4315056546443596,0.01564038465739101,500,0.6445175430312641,0.005892172038842243,500,0.5517825011929619,0.0031916765187229813,500,0.1012090706814828,0.0017572044922255765,500,17.47832052162246,0.29869168735660506,500,0.0383296502667134,0.0006550256301680034,500,nan,nan,0,12.513894135813262,0.08364460544074993,500,10.03461713735966,0.10665534806560117,500,7.329318704100002,7.95206533574069e-17,500,7.02631578947,0.0,500,0.999789473684192,0.013362687033016917,500,1.9167192982455,0.009818731633060422,500,0.14229213483147163,0.0019018056451484296,500,0.272791510611734,0.0013974224796121492,500,7.289570182359405,0.0,7.289570182359405,-0.28957018235940524
6,7,3,1.1666666666666667,4.0,5.0,0.46115051113851596,0.0011745187123545732,500,1.29938253935962,0.00026956091092639146,500,1.97394398988779,0.018352376231644655,500,0.637167633463634,0.0038831936774407464,500,0.525000003686098,0.0020558543833418944,500,0.115828284384672,0.0012076462968445905,500,13.836660949920118,0.17605869312293462,500,0.0303435547147376,0.0003860936252694927,500,nan,nan,0,12.309232871697178,0.04692137928474846,500,7.33132220016042,0.08214613553120458,500,9.7724249388,0.0,500,7.02631578947,0.0,500,0.914263157894734,0.014976249646844209,500,1.6819210526315,0.009601617460709042,500,0.1301198501872632,0.002131451260599622,500,0.239374531835224,0.001366522335235079,500,5.277173312233207,0.0,5.277173312233207,-0.27717331223320674
6,7,3,1.1666666666666667,5.0,3.0,0.462075525378316,0.001037742073823325,500,1.2929956901509,0.00022268665706122898,500,0.798407828236396,0.005891116512198381,500,0.64089725188867,0.0035275037556628556,500,0.515217132781926,0.001954718320882789,500,0.1185015241309256,0.0012540894390949437,500,13.25538882697762,0.19062475582584393,500,0.0290688351468792,0.0004180367452318554,500,nan,nan,0,12.9900081619396,0.015466640592842513,500,4.300475306021898,0.04793097089359892,500,12.2155311735,0.0,500,7.02631578947,0.0,500,1.0110438596492572,0.017836048267780527,500,1.651078947367014,0.014220924358124052,500,0.14389388264671646,0.002538463798412488,500,0.2349850187266156,0.0020239517813126218,500,3.291241397197491,0.0,3.291241397197491,-0.2912413971974912
6,7,3,1.1666666666666667,6.0,2.0,0.46364006398866003,0.0011161469391931876,500,1.28315659656774,0.00017647695366976133,500,0.41531099277109795,0.0015972209734990016,500,0.66780311030196,0.00364750987975693,500,0.527215294819666,0.0018856531688412326,500,0.10472261484349801,0.0011725991106530753,500,15.616901025609678,0.19116896975571465,500,0.0342475899684404,0.00041923019683271244,500,nan,nan,0,14.9543514348432,0.005957978173841868,500,2.876541508016342,0.031660725838449325,500,14.658637408200004,1.590413067148138e-16,500,7.02631578947,0.0,500,1.3688859649116671,0.016750698525798757,500,1.9554736842078801,0.010164186532002165,500,0.19482272159800038,0.002383994546749076,500,0.27830711610492803,0.001446588345375972,500,2.3319129630957045,0.0,2.3319129630957045,-0.3319129630957045
6,7,3,1.1666666666666667,7.0,2.0,0.45597713712094595,0.0011256688490346388,500,1.2802521797955602,0.0001192995330026903,500,0.29062901811988,0.000551013988484277,500,0.62041029216857,0.0037268226428631406,500,0.497629797100468,0.0018389518154888612,500,0.11736753419569959,0.0012611468235881663,500,13.52961788595182,0.15559782819016213,500,0.0296702146621716,0.00034122330743456,500,nan,nan,0,17.356829132545602,0.004775688841592809,500,2.892968838154364,0.029423110797795117,500,17.1017436429,0.0,500,7.02631578947,0.0,500,1.3456754385958638,0.015847961356634063,500,1.9485263157868398,0.009917890989866878,500,0.1915193508114694,0.002255515099452262,500,0.277318352059988,0.0014115350472444351,500,1.896754792987328,0.0,1.896754792987328,0.10324520701267192
6,7,3,1.1666666666666667,8.0,2.0,0.451194989646574,0.0010428795982380334,500,1.2789433050129801,7.828720625216376e-05,500,0.22051993275563597,0.00022360760421498603,500,0.5882117035316519,0.004229223048667382,500,0.475880352823174,0.002028119133220348,500,0.1274652805289124,0.0014787524579975484,500,12.23231179416854,0.1535894879011135,500,0.026825245162647,0.0003368190524147765,500,nan,nan,0,19.774307897088597,0.004634804062301847,500,2.916124249681992,0.0325605541694299,500,19.5448498776,0.0,500,7.02631578947,0.0,500,1.3558421052626504,0.017220276629367526,500,1.92729824561144,0.010577792075246267,500,0.19296629213482197,0.0024508258873316303,500,0.27429712858933397,0.0015054535537782521,500,1.6774794369812054,0.0,1.6774794369812054,0.3225205630187946
6,7,3,1.1666666666666667,9.0,1.0,0.463985940983404,0.0009673161208703432,500,1.2783088665609998,2.1942694771403627e-06,500,0.172587626104074,1.69655359513358e-05,500,0.7317280970946041,0.002217460754217223,500,0.5395133439050919,0.0009785077124258028,500,0.0841425341372752,0.0005106679435998415,500,17.7915972658668,0.10626264867459372,500,0.0390166606707598,0.00023303212428647362,500,nan,nan,0,22.038834214849,0.001032045648836959,500,1.4540723632913017,0.01590330307734845,500,21.987956112300004,1.590413067148138e-16,500,7.02631578947,0.0,500,1.93926315789212,0.009926435891510819,500,2.236842105259999,3.976032667870345e-17,500,0.27600000000007,0.0014127511755679383,500,0.318352059925,0.0,500,1.309112473436776,0.0,1.309112473436776,-0.30911247343677606
6,7,3,1.1666666666666667,10.0,1.0,0.45852196709214,0.0009746346153270936,500,1.2787384797198602,1.771199919242664e-06,500,0.14077531909710597,1.239611451679332e-05,500,0.707213220482298,0.002247378985244587,500,0.523551696278328,0.0009838790470083944,500,0.09014209164297221,0.0005345658861478619,500,16.444307857796996,0.0976014498746179,500,0.0360620786355206,0.00021403826726893146,500,nan,nan,0,24.4768002472398,0.0009253105198026641,500,1.4515728230876759,0.01615968182447814,500,24.431062347,0.0,500,7.02631578947,0.0,500,1.94080701754124,0.010398683739335005,500,2.236842105259999,3.976032667870345e-17,500,0.27621972534339,0.0014799624797525164,500,0.318352059925,0.0,500,1.0016249857563801,0.0,1.0016249857563801,-0.0016249857563801484
6,8,3,1.3333333333333333,1.0,8.0,0.457742218383374,0.0017907232413490758,500,1.55573110006298,0.0006357911202177955,500,4.894225772970359,0.03421708411630983,500,0.6914830598739641,0.00921363510167767,500,0.606475563352064,0.005527806292400126,500,0.07492579110259884,0.002785175106192488,500,33.27181647179712,1.2372904166913,500,0.06093739280548206,0.00226609966426969,500,nan,nan,0,12.09304398459922,0.12577686336957486,500,11.81316581787164,0.12961701282785795,500,2.4902673743900006,1.9880163339351726e-17,500,7.25274725275,0.0,500,1.399948717948522,0.027932495563941333,500,2.6674945054945,0.043272314200801715,500,0.19302323232320343,0.0038512986307856,500,0.3677909090908864,0.005966334230716797,500,7.954630637126473,0.0,7.954630637126473,0.045369362873526775
6,8,3,1.3333333333333333,2.0,9.0,0.454425649796748,0.001748587840841241,500,1.56491907448526,0.0006668587424878311,500,4.4017965930086405,0.025576511027858587,500,0.644473006000344,0.008603959667638775,500,0.55589772728064,0.005033938258939209,500,0.09818536447495739,0.0028639153504832465,500,22.94016514467312,0.7585742152584635,500,0.04201495447742026,0.0013893300645755329,500,nan,nan,0,14.28840566084658,0.13837069648719255,500,13.32720101693536,0.15043425033304103,500,4.98053474877,0.0,500,7.25274725275,0.0,500,1.1399780219778841,0.014061549810103883,500,2.2321391941390356,0.0241149923903136,500,0.1571787878787754,0.0019387894435158582,500,0.30776464646461843,0.0033249459204820592,500,8.597805964078013,0.0,8.597805964078013,0.4021940359219869
6,8,3,1.3333333333333333,3.0,8.0,0.460230298291224,0.0014801977724806608,500,1.5840896304363399,0.0005967854629052561,500,3.80109763336906,0.014826910581759075,500,0.6664469123814699,0.0067436985551991655,500,0.5502699872152119,0.0035920479368456992,500,0.09656059086617279,0.0019067717819908111,500,19.4256397100657,0.40026403724226867,500,0.03557809470707726,0.0007330843172934351,500,nan,nan,0,14.150062054654398,0.10841312657374053,500,11.8973286157046,0.13226781901756324,500,7.4708021231599995,3.976032667870345e-17,500,7.25274725275,0.0,500,1.022805860805888,0.013226046800913027,500,2.00901831501828,0.01138602795444659,500,0.14102323232322023,0.0018235913013387962,500,0.27700101010101,0.0015698917331089036,500,8.159241070492644,0.0,8.159241070492644,-0.15924107049264435
6,8,3,1.3333333333333333,4.0,6.0,0.46151696590774,0.0011764953478432415,500,1.60182085381984,0.0002799362546484585,500,2.5071788505549404,0.01813808017183084,500,0.6749979641210041,0.003818864146628061,500,0.535264199447388,0.0019203244561931362,500,0.10327001319749761,0.0010463939134946806,500,16.07742054873536,0.17431645698742398,500,0.0294458251808324,0.00031926091023339406,500,nan,nan,0,13.4273689621532,0.06289725940417144,500,8.85131138805846,0.09704754715204834,500,9.96106949754,0.0,500,7.25274725275,0.0,500,0.9274578754581021,0.014864905670637344,500,1.76771428571358,0.0075446439579996225,500,0.127876767676739,0.0020495551757990266,500,0.24373030303032403,0.001040246363905848,500,6.335149457750293,0.0,6.335149457750293,-0.33514945775029314
6,8,3,1.3333333333333333,5.0,4.0,0.45649783980736597,0.0009488089463244196,500,1.60142990181906,0.00023053951747087123,500,1.1709221902392701,0.009788869590899175,500,0.6323973961585919,0.0029516751917903657,500,0.498360475839086,0.0015545606432741384,500,0.1238888575261972,0.001064899950759391,500,12.8475081534536,0.14456865262807594,500,0.0235302347132846,0.0002647777520659928,500,nan,nan,0,13.823700000974,0.026429593946111354,500,5.854962397795596,0.06528602605498889,500,12.451336871899999,7.95206533574069e-17,500,7.25274725275,0.0,500,0.8727399267395285,0.016822483676743837,500,1.560989010987282,0.012006675207841459,500,0.12033232323223941,0.0023194636584605195,500,0.21522727272720443,0.0016554658241092906,500,3.7119681239780027,0.0,3.7119681239780027,0.2880318760219973
6,8,3,1.3333333333333333,6.0,2.0,0.459008898157928,0.0009198913018167337,500,1.58735714837254,0.00012336119205296316,500,0.507099712144548,0.0022177971917145037,500,0.6732634211446,0.002691364760340643,500,0.5139835288051741,0.0012460016560836649,500,0.10347749480329961,0.0008249950392179454,500,15.221701762430081,0.12334175411954079,500,0.0278785746564658,0.00022590064857071101,500,nan,nan,0,15.2507581036804,0.006036763096938056,500,2.97709428955186,0.03131006248977732,500,14.941604246299997,1.590413067148138e-16,500,7.25274725275,0.0,500,1.462564102562718,0.014462390298438137,500,1.9800732600712805,0.007367888100037694,500,0.2016565656563646,0.0019940568441794157,500,0.273010101009828,0.0010158754804597424,500,2.0376659836283313,0.0,2.0376659836283313,-0.03766598362833129
6,8,3,1.3333333333333333,7.0,2.0,0.453024044483674,0.0009841558090602641,500,1.5853764329645201,8.25807879661489e-05,500,0.341701579867084,0.0009903595964783722,500,0.6141379084450219,0.002913796881588324,500,0.47720853808290803,0.0013242896403466923,500,0.1221541320867442,0.0009287189487151227,500,12.822997273897201,0.10941173632275855,500,0.0234853429924834,0.0002003877954628051,500,nan,nan,0,17.6986570397456,0.005001881204238214,500,2.986357762634234,0.030574476653502314,500,17.431871620700004,1.590413067148138e-16,500,7.25274725275,0.0,500,1.449816849815486,0.014333602597862462,500,1.97626373626176,0.007426200862113363,500,0.199898989898791,0.0019762997521303644,500,0.272484848484576,0.0010239155734126,500,1.7399746629595976,0.0,1.7399746629595976,0.2600253370404024
6,8,3,1.3333333333333333,8.0,1.0,0.46792209375885396,0.000915709864177439,500,1.5840029798289599,4.150321634466027e-06,500,0.24248893347413197,7.680262293751762e-05,500,0.714653958868282,0.0018061530225776281,500,0.513293873871428,0.0006896987937972959,500,0.0958980327679734,0.00043855486646801617,500,16.5071735961754,0.07811763871255016,500,0.030232918674315802,0.00014307259837450316,500,nan,nan,0,19.9789702043638,0.0011660919325185513,500,1.4600872945010437,0.016536345188959238,500,19.9221389951,0.0,500,7.25274725275,0.0,500,1.9806593406573603,0.007563450805499894,500,2.1978021978000006,1.9880163339351726e-17,500,0.273090909090636,0.001042839429243167,500,0.3030303030299999,4.9700408348379315e-18,500,1.4600413693039376,0.0,1.4600413693039376,-0.4600413693039376
6,8,3,1.3333333333333333,9.0,1.0,0.46029779955856204,0.0008911091442076961,500,1.58417913759926,3.508377904111529e-06,500,0.193485597710232,5.3439229853058246e-05,500,0.680364788416742,0.0017144762909250993,500,0.491456068056214,0.0006684010299455,500,0.106871552382405,0.000454596654488169,500,14.852972296915,0.06532846103005978,500,0.0272032459650498,0.00011964919602564426,500,nan,nan,0,22.465755682783403,0.0010733604673188834,500,1.504338505727898,0.016249537558376926,500,22.412406369499998,1.590413067148138e-16,500,7.25274725275,0.0,500,1.9783150183130405,0.007887340996760844,500,2.1978021978000006,1.9880163339351726e-17,500,0.272767676767404,0.0010874970162200552,500,0.3030303030299999,4.9700408348379315e-18,500,1.1149032200785727,0.0,1.1149032200785727,-0.11490322007857268
6,9,3,1.5,1.0,9.0,0.45545819397410403,0.0017576903415140533,500,1.8786816958495802,0.0007130538909023769,500,4.928163421050099,0.0369353312602417,500,0.6824759368777179,0.00920036683953437,500,0.59439953925651,0.005449284475048797,500,0.07799182270099021,0.0027019460278264753,500,31.64900741989186,1.1595698387918125,500,0.05456725417222592,0.001999258342744913,500,nan,nan,0,13.468702874681599,0.13638722662818767,500,13.21036489069694,0.13952215189822606,500,2.5417718022999995,1.9880163339351726e-17,500,7.324137931029999,3.976032667870345e-17,500,1.3661862068967459,0.027637936245928345,500,2.6379586206896324,0.042974348836827804,500,0.18653201506593922,0.003773541201183274,500,0.36017325800374816,0.005867495839301662,500,8.73965131132699,0.0,8.73965131132699,0.26034868867301064
6,9,3,1.5,2.0,9.0,0.45854516633856,0.0017944356759566858,500,1.89186402212738,0.000557122474618796,500,4.5672914407173995,0.027799119443230644,500,0.67761897262048,0.008926264601896656,500,0.5737431951108981,0.005075952870175959,500,0.08818559025573786,0.0027629336986067492,500,26.49642962661534,0.8437313656851896,500,0.0456834993562342,0.0014547092511812646,500,nan,nan,0,14.46428563615186,0.13699775849342236,500,13.4805152697255,0.1485688303430399,500,5.083543604589999,3.976032667870345e-17,500,7.324137931029999,3.976032667870345e-17,500,1.200193103448104,0.015498242243627482,500,2.3321793103448782,0.02627955558301521,500,0.1638681732580374,0.0021160500238489506,500,0.3184237288135468,0.003588074914818012,500,9.006501241752149,0.0,9.006501241752149,-0.006501241752149056
6,9,3,1.5,3.0,9.0,0.457356049326838,0.0015129516052498765,500,1.90594480359126,0.0005244042028178835,500,3.9795449619262397,0.01624328808632834,500,0.653439590136006,0.007313077939639989,500,0.5420540503087079,0.003964029193108074,500,0.1005567069275192,0.0022228133530663675,500,19.7928579055929,0.4653629941153242,500,0.034125617078611024,0.0008023499898536441,500,nan,nan,0,15.562161709481341,0.12752160843942575,500,13.447344547123398,0.15060988370228956,500,7.6253154068899995,3.976032667870345e-17,500,7.324137931029999,3.976032667870345e-17,500,1.046558620689424,0.01272268469971551,500,2.03246896551694,0.014431309135664825,500,0.14289171374766102,0.001737089718888417,500,0.27750282485875205,0.0019703764827414426,500,8.893418111811283,0.0,8.893418111811283,0.1065818881887175
6,9,3,1.5,4.0,7.0,0.463833241293122,0.0011401886990516173,500,1.9250746441237803,0.0003316837699492472,500,2.9245907349652396,0.015256333780546612,500,0.6821084829088201,0.0044729150221389435,500,0.540302037993716,0.0022126265417131427,500,0.0987723160038538,0.0011860054560600044,500,17.56483897246684,0.21383069935715363,500,0.03028420512494,0.00036867361958125086,500,nan,nan,0,14.7323771144584,0.07737472890797505,500,10.5131319534572,0.11087886420267805,500,10.167087209199998,7.95206533574069e-17,500,7.324137931029999,3.976032667870345e-17,500,0.9611310344826081,0.014714276355983696,500,1.83603448275856,0.007499545053342349,500,0.131227871939733,0.0020090113668721384,500,0.25068267419963397,0.0010239491833665966,500,7.49714285169658,0.0,7.49714285169658,-0.4971428516965801
6,9,3,1.5,5.0,4.0,0.45936217356243797,0.000854228388253077,500,1.9349435623846998,0.00011362743006538988,500,1.37849233045906,0.011248467496283358,500,0.6657288888834239,0.0020574954784603828,500,0.5138828465838979,0.0009548983136867503,500,0.11513303164786359,0.0005967534385770232,500,15.15151866289104,0.12032466103018959,500,0.0261233080394668,0.00020745631212096258,500,nan,nan,0,14.092628938686401,0.027616695982358466,500,5.93684384072138,0.06672343702836542,500,12.708859011500001,7.95206533574069e-17,500,7.324137931029999,3.976032667870345e-17,500,0.980613793103468,0.01693969431163015,500,1.7067241379312441,0.010222564884565372,500,0.133887947269267,0.0023128584512117365,500,0.233027306967946,0.0013957362601311207,500,4.179201487233337,0.0,4.179201487233337,-0.17920148723333718
6,9,3,1.5,6.0,1.0,0.464190267570978,0.0009134455355744382,500,1.92939044308946,2.952784013187523e-06,500,0.508624340731026,0.0005138953326255704,500,0.7411647837644639,0.002091537562976764,500,0.536935466333194,0.0007815671130623981,500,0.09915062978901559,0.0004405373558273059,500,22.6201656641282,0.10483598989632177,500,0.0390002856278064,0.00018075170671790326,500,nan,nan,0,15.327956750143999,0.001558844599522073,500,1.4936943363568163,0.01642421803671147,500,15.2506308138,0.0,500,7.324137931029999,3.976032667870345e-17,500,2.0314758620694597,0.005880052283600582,500,2.1931034482799996,1.9880163339351726e-17,500,0.27736723163828797,0.00080283199728726,500,0.29943502824900003,2.4850204174189658e-18,500,1.3947881939471762,0.0,1.3947881939471762,-0.39478819394717624
6,9,3,1.5,7.0,1.0,0.460327241876146,0.0008720573685047807,500,1.9296674275047798,2.3100875461919746e-06,500,0.370027799233374,0.00022511857394254026,500,0.691912910093904,0.002177245237510358,500,0.5055069057872761,0.0008309322798661268,500,0.11576752892207741,0.0005362198007343962,500,19.7720106785024,0.09183698210760004,500,0.034089673583630596,0.00015833962432361566,500,nan,nan,0,17.858593389631597,0.0013546449960220924,500,1.4929038796181362,0.016259463506412043,500,17.79240261609999,3.180826134296276e-16,500,7.324137931029999,3.976032667870345e-17,500,2.03575172413868,0.005632123544019807,500,2.1931034482799996,1.9880163339351726e-17,500,0.277951035781412,0.0007689810865170388,500,0.29943502824900003,2.4850204174189658e-18,500,1.112834107200281,0.0,1.112834107200281,-0.11283410720028098
6,3,3,0.5,1.0,7.0,0.44249428603476804,0.003243673874062263,500,0.225679591309744,0.0011039058519375319,500,1.6281356588909721,0.01975932094487799,500,0.2542129660614396,0.003528090850248097,500,0.50000106803574,0.005051385462678195,500,0.2532490568209,0.004878723825173976,500,5.61354506511824,0.12003345983411268,500,0.1002418761628214,0.0021434546398949525,500,nan,nan,0,7.343894796717939,0.07130289873874117,500,7.11485253214978,0.0739895011651401,500,1.7654696590100007,2.982024500902759e-17,500,4.5,0.0,500,0.7315714285713207,0.016521147199046172,500,1.3972857142855437,0.027184366379764152,500,0.16257142857144485,0.003671366044232112,500,0.3105079365079018,0.0060409703066132935,500,5.323385720809869,2.0,7.323385720809869,1.6766142791901313
6,3,3,0.5,2.0,8.0,0.439508151329566,0.003081931932970356,500,0.228599067312738,0.0011546024222909193,500,1.462676579853922,0.016489146736966494,500,0.23175270874801818,0.0030979663783135274,500,0.45025466957489996,0.004515943465933513,500,0.2987827697524096,0.004596983151579592,500,4.56326509329574,0.08280316741212136,500,0.0814868766659922,0.0014786279895018855,500,nan,nan,0,9.0120537994607,0.08190257607495363,500,8.24496372960024,0.09083736779179237,500,3.5309393180200015,5.964049001805518e-17,500,4.5,0.0,500,0.6171428571429098,0.013776495510656721,500,1.1690714285714692,0.018639684682907935,500,0.13714285714289923,0.0030614434468110943,500,0.25979365079360456,0.004142152151749813,500,5.706202416227108,2.0,7.706202416227108,2.293797583772892
6,3,3,0.5,3.0,7.0,0.44242442121700004,0.002920009654195716,500,0.23642829163124,0.0007313634368074687,500,1.2173497101092559,0.013326308174922469,500,0.23542398212207602,0.0023811924560838715,500,0.451349039913012,0.003317672273438591,500,0.30044478774052197,0.0032947775601755223,500,4.4508193325682,0.05714812594339001,500,0.0794789166530132,0.0010205022489898018,500,nan,nan,0,8.934033073009001,0.05895369955130403,500,7.11503599379796,0.07591202997658314,500,5.296408977029999,3.976032667870345e-17,500,4.5,0.0,500,0.5930714285715739,0.014867102783128321,500,1.111357142856596,0.01523506696903959,500,0.13179365079369515,0.0033038006184697368,500,0.2469682539682214,0.0033855704375628207,500,5.393714216652421,2.0,7.393714216652421,1.6062857833475794
6,3,3,0.5,4.0,7.0,0.431585302205246,0.002761375640869295,500,0.23646022349774198,0.0005812470043002059,500,0.810171665207482,0.009754576392629825,500,0.20785174676369603,0.0021858122354898022,500,0.40402665464048404,0.0029523711104148215,500,0.354875251516368,0.0034011195278224457,500,3.75572772250274,0.04487988565817398,500,0.0670665664732668,0.0008014265296102008,500,nan,nan,0,10.104455712815179,0.05138074632526234,500,7.12513039024536,0.07463690155152301,500,7.061878636040003,1.1928098003611036e-16,500,4.5,0.0,500,0.49457142857145686,0.014263948491771433,500,0.9510000000000359,0.01610527942498315,500,0.1099047619048126,0.00316976633150287,500,0.2113333333333236,0.0035789509833252455,500,4.593321350614106,2.0,6.593321350614106,2.406678649385894
6,3,3,0.5,5.0,5.0,0.44355479848210805,0.002829405931476621,500,0.24307527137203,0.0004914114501130853,500,0.401033784914276,0.004856123452768689,500,0.218106554500118,0.0019896859625357748,500,0.40972669171608395,0.0024911656857577445,500,0.345387308539782,0.00328132562489461,500,3.7191981257048603,0.041617052753533765,500,0.06641425224473041,0.0007431616563126179,500,nan,nan,0,10.24633987087932,0.02707453312900987,500,5.082852109243012,0.056550816078872315,500,8.82734829505,0.0,500,4.5,0.0,500,0.4877857142857692,0.016862284015649126,500,0.9688571428571986,0.019245593453240985,500,0.10839682539685459,0.003747174225696933,500,0.21530158730158222,0.0042767985451610995,500,2.989798752456199,2.0,4.989798752456199,2.010201247543801
6,3,3,0.5,6.0,4.0,0.446039695590064,0.0028942056624437313,500,0.256826482156834,0.00017116449348798105,500,0.200968199873738,0.0033338954187044786,500,0.22060238419864403,0.0022920067767917655,500,0.40770228911199596,0.00287856281980236,500,0.333753352045064,0.003725458608818095,500,3.7515814152104205,0.049777741787379294,500,0.06699252527162039,0.0008888882462035713,500,nan,nan,0,11.344440003383399,0.015364354486083913,500,3.94865739041728,0.04508791738269846,500,10.592817954099997,7.95206533574069e-17,500,4.5,0.0,500,0.6252857142859191,0.017733031048546104,500,1.1217142857143445,0.021798360974255172,500,0.13895238095241338,0.0039406735663378096,500,0.24926984126981624,0.004844080216497569,500,2.3656660009701134,2.0,4.365666000970114,1.6343339990298866
6,3,3,0.5,7.0,4.0,0.438166164720346,0.0029258933690007568,500,0.25889680548722,9.063816689631711e-05,500,0.12752350732558382,0.001966135420740047,500,0.20058879111179959,0.0023121918885726208,500,0.378490277734488,0.0029489740489037877,500,0.36044431250084,0.003976394676290807,500,3.4323555955097,0.04545144598583437,500,0.0612920642055344,0.0008116329640331556,500,nan,nan,0,13.0435427205948,0.013626555956318703,500,4.062479570579501,0.044668665428682995,500,12.358287613100002,7.95206533574069e-17,500,4.5,0.0,500,0.5830714285715355,0.017755344248907692,500,1.096714285714577,0.021498759942674663,500,0.1295714285714565,0.00394563205530871,500,0.24371428571424628,0.004777502209478117,500,1.6250090519849647,2.0,3.6250090519849647,2.3749909480150353
6,3,3,0.5,8.0,3.0,0.435621346058224,0.0027269049952993235,500,0.260274363240678,9.479307604885127e-06,500,0.07609144124308119,0.00020569651140625608,500,0.23009666419170902,0.0023508869714689005,500,0.419205746830974,0.0027879683833162638,500,0.3027580499232259,0.0033608502987119136,500,4.09029669549808,0.049550726792294525,500,0.0730410124196024,0.0008848344070048635,500,nan,nan,0,14.4764946078674,0.006669959152004868,500,3.09995029665012,0.031682432832610845,500,14.123757272099995,2.3856196007222073e-16,500,4.5,0.0,500,0.7523571428574803,0.01874323484352085,500,1.3264285714283828,0.02131809003503878,500,0.16719047619048627,0.0041651632985529345,500,0.2947619047618092,0.004737353341116198,500,1.277533293141597,2.0,3.2775332931415972,1.722466706858403
6,3,3,0.5,9.0,3.0,0.432589500523944,0.0028922836262042133,500,0.26065121030089994,6.4055543755470015e-06,500,0.05900039468392,0.00012761674325150672,500,0.2263479737496946,0.002323758004621582,500,0.41199236072398393,0.002773972006085099,500,0.307388360052864,0.003378479806556324,500,4.00918219553402,0.04675184639069132,500,0.071592539205963,0.000834854399833715,500,nan,nan,0,16.200834023747,0.005835521848670155,500,3.0874404620374998,0.031150117979360598,500,15.889226931100003,1.590413067148138e-16,500,4.5,0.0,500,0.7447857142860664,0.018533890082564886,500,1.330928571428491,0.020109158523256836,500,0.16550793650795265,0.004118642240562054,500,0.29576190476179604,0.004468701894049048,500,1.0786503279954398,2.0,3.07865032799544,1.9213496720045602
6,3,3,0.5,10.0,3.0,0.42439416742806996,0.002770430929585004,500,0.260921208418678,4.556415960951441e-06,500,0.047081554413099,8.682139211445163e-05,500,0.22913570858711763,0.0024146819613877937,500,0.41499357703063006,0.0028676893421979263,500,0.301132123532258,0.0033501558347685274,500,4.121219449726881,0.05069318759334428,500,0.07359320445940301,0.0009052354927381306,500,nan,nan,0,17.925332788056,0.005501666280484754,500,3.017236784082818,0.03291544887611484,500,17.6546965901,0.0,500,4.5,0.0,500,0.78521428571467,0.020101693070301404,500,1.422714285714091,0.020028525524613455,500,0.17449206349207258,0.004467042904504775,500,0.316158730158618,0.004450783449908064,500,1.0988237854294376,2.0,3.0988237854294374,1.9011762145705624
6,4,3,0.6666666666666666,1.0,8.0,0.42682236076447794,0.0021400612962796436,500,0.4336371296047701,0.0010022026028664755,500,2.4585618898935735,0.02481093113788023,500,0.3246018852359182,0.004970008244700335,500,0.47986720581391,0.005199938277468263,500,0.2185850942646982,0.0046873745274845,500,7.45240267841432,0.21661676844637234,500,0.062103355653457,0.0018051397370526996,500,nan,nan,0,9.684645376430261,0.09684224161248249,500,9.458954016463638,0.0997668926007446,500,2.0083857810099994,1.9880163339351726e-17,500,5.4,0.0,500,0.8093000000000682,0.017921416017770052,500,1.5809999999999365,0.030459448459308,500,0.1498703703703488,0.003318780744031717,500,0.2927777777777708,0.005640638603575656,500,5.725070179620735,2.0,7.725070179620735,2.274929820379265
6,4,3,0.6666666666666666,2.0,8.0,0.43673667559012397,0.0021987111879929284,500,0.44416589580661603,0.0011827078577209577,500,2.3562062519294136,0.019575337714916936,500,0.33188853932066004,0.004588348286527667,500,0.47400878993904,0.004611688347747455,500,0.2255936150893228,0.004218896654781487,500,6.9826574690582,0.15568564535879634,500,0.058188812242162,0.0012973803779905712,500,nan,nan,0,10.182695821297381,0.09642504132825877,500,9.298259311130401,0.10720357555696237,500,4.016771562030001,3.976032667870345e-17,500,5.4,0.0,500,0.7334666666666073,0.014547504627694968,500,1.4366000000000658,0.02059271986246571,500,0.1358271604938042,0.0026939823384616256,500,0.2660370370370524,0.003813466641195918,500,6.334280176676517,2.0,8.334280176676517,1.6657198233234833
6,4,3,0.6666666666666666,3.0,7.0,0.43816898910450597,0.002039649964667865,500,0.461355870152676,0.0011539265317214928,500,1.93932164027937,0.015679084740083355,500,0.33530302134630197,0.0032523141903676106,500,0.46376632663313194,0.0031416533538704094,500,0.2312150853982628,0.0028479747919933915,500,6.231456438010721,0.08753969598611229,500,0.0519288036500874,0.0007294974665511428,500,nan,nan,0,10.233193393909962,0.06796004316285016,500,8.18700031192164,0.08603276962564506,500,6.025157343040001,3.976032667870345e-17,500,5.4,0.0,500,0.6612000000000892,0.014622702675424367,500,1.325500000000104,0.013754801190067448,500,0.12244444444441965,0.0027079079028545887,500,0.2454629629629464,0.0025471854055680787,500,5.123420708257104,2.0,7.123420708257104,1.876579291742896
6,4,3,0.6666666666666666,4.0,6.0,0.44074474266200003,0.001939756505824022,500,0.460354410843806,0.0008289633788743815,500,1.2013313528013838,0.013063796823334391,500,0.3145996071890839,0.002345563886350782,500,0.434904671050198,0.00246837784501315,500,0.259226444111192,0.002417089869372038,500,5.41996769079688,0.06981719235893334,500,0.04516639742331,0.0005818099363248993,500,nan,nan,0,10.770959742860379,0.04696267238916997,500,7.062113393696159,0.07359715236422136,500,8.033543124049999,7.95206533574069e-17,500,5.4,0.0,500,0.6114000000000566,0.015281958894280337,500,1.205133333333332,0.015718045911245117,500,0.11322222222217088,0.002829992387828559,500,0.22317283950616756,0.002910749242822475,500,4.378050336833357,2.0,6.378050336833357,1.6219496631666432
6,4,3,0.6666666666666666,5.0,6.0,0.440078139598132,0.0019052272816593358,500,0.452313385922724,0.0006032992997880152,500,0.732390788974812,0.011581171464828765,500,0.269369742153086,0.0020988298522457457,500,0.38618893822812,0.0023278303898559972,500,0.31460773653098795,0.0026312688137976807,500,4.4692537373639,0.06493607176144849,500,0.037243781144699804,0.0005411339313451768,500,nan,nan,0,12.3145235712706,0.04141473668898982,500,6.9903331138672,0.07488498378081182,500,10.041928905100002,7.95206533574069e-17,500,5.4,0.0,500,0.5205333333334019,0.01580459502110295,500,1.0003000000000066,0.018006432644106125,500,0.09639506172833669,0.002926776855756821,500,0.18524074074074282,0.0033345245637221997,500,3.5776164590718116,2.0,5.577616459071812,2.4223835409281884
6,4,3,0.6666666666666666,6.0,5.0,0.43924913668770604,0.0018797165207161232,500,0.440285831006458,0.00039438624263951226,500,0.33905893684107,0.004424709317727705,500,0.25203565234978603,0.0020929273436428378,500,0.373738727820598,0.0024173586504251036,500,0.337464030087156,0.0026272381318497738,500,4.531641504372381,0.07661171263957801,500,0.0377636792031016,0.0006384309386635433,500,nan,nan,0,13.470933030447398,0.026756422519877657,500,5.88392603365192,0.0631917315720381,500,12.050314686099998,7.95206533574069e-17,500,5.4,0.0,500,0.5603000000001203,0.0177601237982259,500,1.0077333333334026,0.019703670677449173,500,0.10375925925921115,0.0032889118144835013,500,0.18661728395060628,0.003648827903231472,500,3.275196019613783,2.0,5.275196019613783,1.7248039803862172
6,4,3,0.6666666666666666,7.0,5.0,0.429852006953572,0.001963058663083982,500,0.43642832036727797,0.0003531407738156773,500,0.21887101073238202,0.0023752846385421073,500,0.22497200439044399,0.002243558007301968,500,0.34374660586079,0.002585725972156356,500,0.378453818319952,0.0030282394439951196,500,4.12313905542722,0.07445570343759529,500,0.034359492128564,0.0006204641953136167,500,nan,nan,0,15.2887932676396,0.022290314018690905,500,5.8797595786113,0.05966674730641947,500,14.058700467100001,7.95206533574069e-17,500,5.4,0.0,500,0.5276000000001592,0.01713753135879587,500,0.9574666666669175,0.019943240769038556,500,0.09770370370365779,0.0031736169182921383,500,0.1773086419753012,0.00369319273500771,500,3.1948845081516173,2.0,5.194884508151617,1.8051154918483827
6,4,3,0.6666666666666666,8.0,5.0,0.42855562101995803,0.001887454785974851,500,0.43298027542903195,0.00038424421853949233,500,0.15303920705238802,0.0016615127128938342,500,0.21160761665617178,0.002443661169091212,500,0.327211729794126,0.0028789336756186424,500,0.403785538205282,0.0033921003086374935,500,4.0145515123232,0.07895634231365674,500,0.033454595936023394,0.0006579695192797568,500,nan,nan,0,17.166476311119,0.021859263723843062,500,5.88069156247936,0.06628642320622104,500,16.067086248099997,1.590413067148138e-16,500,5.4,0.0,500,0.5053333333334759,0.016476429322658998,500,0.9657333333336081,0.020853702320403608,500,0.0935802469135404,0.0030511906153047517,500,0.1788395061728356,0.0038617967260012966,500,2.8950765271771735,2.0,4.8950765271771735,2.1049234728228265
6,4,3,0.6666666666666666,9.0,5.0,0.42614522438766406,0.0021145798988592476,500,0.42887975665865996,0.00036250535846266726,500,0.1087247239419912,0.0009711753318255195,500,0.20327032966416597,0.002412260729126468,500,0.31883598105391603,0.002784158880979191,500,0.41675589788892803,0.003451219294346158,500,3.9414224675915603,0.06987957742842395,500,0.0328451872299292,0.000582329811903425,500,nan,nan,0,19.0271046160736,0.018977776009920327,500,5.78905323197052,0.06290562177053043,500,18.075472029100005,3.180826134296276e-16,500,5.4,0.0,500,0.5176000000000704,0.01664656208928092,500,0.987200000000115,0.019468588223353112,500,0.0958518518517938,0.003082696683197494,500,0.1828148148148178,0.003605294115437644,500,2.8321195752226354,2.0,4.832119575222635,2.1678804247773646
6,4,3,0.6666666666666666,10.0,5.0,0.42135886899841396,0.0019410415756740686,500,0.427050970696138,0.0003398317805126244,500,0.08466779130572841,0.0006211888619599262,500,0.19247639985986278,0.0025567241660662235,500,0.304164304983218,0.002919717289816671,500,0.436204259222576,0.003736122045234036,500,3.76517552112694,0.0729804304034083,500,0.0313764626760608,0.0006081702533623903,500,nan,nan,0,20.98502563569,0.01702548867142704,500,5.935025155805399,0.062192353976427174,500,20.083857810099996,1.590413067148138e-16,500,5.4,0.0,500,0.5032000000000931,0.01686645675939006,500,0.9508000000001137,0.02079201240872469,500,0.09318518518514421,0.003123417918403056,500,0.1760740740740668,0.0038503726682833656,500,2.601147787782658,2.0,4.601147787782658,2.398852212217342
6,5,3,0.8333333333333334,1.0,8.0,0.434497700292326,0.0018852516070957965,500,0.68024280097388,0.0007925522348743158,500,3.33015887872002,0.027348342477927667,500,0.44013276175935195,0.0063424151147392985,500,0.52295608867509,0.005324976515850524,500,0.15304993465930197,0.004029224183825784,500,12.2364888385501,0.38962503190896147,500,0.05665041128957422,0.0018038195921711928,500,nan,nan,0,10.60213505002766,0.10774817616990398,500,10.36159467790762,0.11076949038108837,500,2.1709855583500004,1.9880163339351726e-17,500,6.1111111111100005,3.976032667870345e-17,500,1.010777777777607,0.02015911174707894,500,1.9813148148148694,0.03349390039690109,500,0.1653999999999998,0.0032987637404324026,500,0.3242151515151648,0.005480820064947266,500,5.918068717727559,2.0,7.918068717727559,2.081931282272441
6,5,3,0.8333333333333334,2.0,9.0,0.433978562732314,0.0018130735532934537,500,0.6881426920265101,0.0008898718801178201,500,2.9077354200766403,0.022457482859602237,500,0.385313319765492,0.005807504167475662,500,0.459817216636362,0.004745181454131316,500,0.20464953357234722,0.004129956832678975,500,8.5290424554686,0.2282596367867652,500,0.039486307664208,0.001056757577716417,500,nan,nan,0,12.398308757414881,0.11408245736195861,500,11.56463944283382,0.12356470686801753,500,4.341971116700001,3.976032667870345e-17,500,6.1111111111100005,3.976032667870345e-17,500,0.8050740740740693,0.013455721333480308,500,1.55892592592566,0.020550606390603132,500,0.1317393939394076,0.00220184530911617,500,0.2550969696969624,0.003362826500281469,500,6.517996276710204,2.0,8.517996276710203,2.482003723289796
6,5,3,0.8333333333333334,3.0,8.0,0.43743713685117996,0.001702037353926697,500,0.7059496140239839,0.0010527831690953068,500,2.50287660128236,0.013765339149177363,500,0.394078904180532,0.004324805156404647,500,0.453967173655922,0.003148616880051143,500,0.2050583516123608,0.0027212177522494114,500,7.60969173611252,0.1206232255847927,500,0.03523005433386019,0.0005584408591890127,500,nan,nan,0,12.350202487954899,0.08889069379080844,500,10.406369791873239,0.10743167435697497,500,6.512956675059998,7.95206533574069e-17,500,6.1111111111100005,3.976032667870345e-17,500,0.7540740740740856,0.01450796486049493,500,1.451203703703748,0.012225929271668939,500,0.12339393939393502,0.0023740306135352092,500,0.237469696969678,0.0020006066080928793,500,5.8215143728923255,2.0,7.8215143728923255,2.1784856271076745
6,5,3,0.8333333333333334,4.0,6.0,0.441894550216142,0.0014634360438105908,500,0.7313687560582839,0.0005415621705653158,500,1.690348104659886,0.015782148984836618,500,0.408765239031736,0.0027974509146210884,500,0.44884086009421204,0.0018345353577005378,500,0.20944800637667202,0.0017161658007880918,500,7.103108501888521,0.06572620460179929,500,0.03288476158281659,0.00030428798426732854,500,nan,nan,0,11.741491172258721,0.05125523304056522,500,7.783986329215139,0.07973203392586527,500,8.683942233409999,7.95206533574069e-17,500,6.1111111111100005,3.976032667870345e-17,500,0.7203703703704241,0.01596091878523537,500,1.3578703703703519,0.013185336834885965,500,0.11787878787877633,0.00261178671031034,500,0.2221969696969706,0.0021576005729822016,500,3.510049748405661,2.0,5.510049748405661,2.489950251594339
6,5,3,0.8333333333333334,5.0,4.0,0.43661918620509205,0.0014132630513964354,500,0.7355907994284401,0.00014888214994108402,500,0.7276487643928521,0.007347165151667991,500,0.377632731015442,0.002836081530882911,500,0.41988967709867797,0.0019377986192455861,500,0.2305693119476486,0.002364244319995044,500,6.1245076975231205,0.06503773991636425,500,0.028354202303349,0.00030110064776120844,500,nan,nan,0,12.0712646788542,0.023954999868322682,500,5.1487955434915795,0.05771579184082181,500,10.854927791800002,7.95206533574069e-17,500,6.1111111111100005,3.976032667870345e-17,500,0.6833518518520867,0.017640190759367087,500,1.265037037037328,0.017801869391972626,500,0.11182121212124138,0.002886576669712419,500,0.207006060606052,0.002913033173228761,500,2.3007940475594144,2.0,4.300794047559414,1.6992059524405856
6,5,3,0.8333333333333334,6.0,4.0,0.43215137637688406,0.0014748055081503229,500,0.7365415462516318,0.00015335374205183698,500,0.45942226650939405,0.004462980047786551,500,0.319196358581764,0.0028408599599010864,500,0.370182009794578,0.0019959986221281846,500,0.27646884286780005,0.0028093371750982123,500,4.882449960872901,0.056808368051222496,500,0.0226039350040422,0.00026300170394088894,500,nan,nan,0,14.0780419132212,0.019196508167305636,500,5.226109095797539,0.05275028481763259,500,13.025913350100003,1.590413067148138e-16,500,6.1111111111100005,3.976032667870345e-17,500,0.6528333333335609,0.016599100428354524,500,1.1969259259260365,0.01876066439719068,500,0.10682727272727774,0.0027162164337275314,500,0.19586060606060351,0.0030699269013578184,500,2.1478597623158038,2.0,4.147859762315804,1.8521402376841962
6,5,3,0.8333333333333334,7.0,4.0,0.42491048088336797,0.0014934105359321653,500,0.73809908893328,0.00013716070114735515,500,0.3000161563596,0.002881878043777421,500,0.28482031144472203,0.0032303872939406586,500,0.33957893397167804,0.0023249678238603695,500,0.30651451652559597,0.0034360953323768996,500,4.342414267262741,0.06193308328330752,500,0.0201037697558458,0.00028672723742270614,500,nan,nan,0,16.1165576417,0.01739448479355354,500,5.23546450617138,0.055527831062683074,500,15.196898908500001,7.95206533574069e-17,500,6.1111111111100005,3.976032667870345e-17,500,0.6781111111114294,0.017960035449489594,500,1.202796296296416,0.018835319939887945,500,0.11096363636364523,0.002938914891730829,500,0.19682121212122802,0.0030821432628884214,500,2.031373702185185,2.0,4.031373702185185,1.968626297814815
6,5,3,0.8333333333333334,8.0,4.0,0.424707238668092,0.0014947075616247518,500,0.7396096112640539,9.863769379411515e-05,500,0.20540604169699397,0.0016475491569650207,500,0.270459963375946,0.0034784967162110837,500,0.325993298314534,0.0025189424317804297,500,0.31620341148826797,0.0038273032734313225,500,4.18280759494788,0.06231072269658113,500,0.019364849976610324,0.00028847556803974757,500,nan,nan,0,18.1499826648064,0.015154791452612722,500,5.131664316435659,0.0558965084314733,500,17.367884466800003,1.590413067148138e-16,500,6.1111111111100005,3.976032667870345e-17,500,0.7189814814818563,0.018203395334109865,500,1.2585000000001456,0.01968824475856024,500,0.117651515151519,0.002978737418303974,500,0.20593636363635948,0.003221712778670217,500,1.800247807330962,2.0,3.800247807330962,2.199752192669038
6,5,3,0.8333333333333334,9.0,3.0,0.4331903750146361,0.001528574968991947,500,0.740281611493532,2.4725490654808508e-05,500,0.13972194521142997,0.00024395639669024576,500,0.309171449571696,0.0036368963236036974,500,0.3570930482013,0.002379469593866922,500,0.2656299677301742,0.0030400277074220487,500,4.9946892960127185,0.07007127982265608,500,0.023123561555616397,0.0003244040732530448,500,nan,nan,0,19.942372492649795,0.007588359696841758,500,3.89212791253162,0.04031074452290981,500,19.538870025200005,1.590413067148138e-16,500,6.1111111111100005,3.976032667870345e-17,500,0.8682777777781859,0.018673546352918367,500,1.5029629629635979,0.0179301507443385,500,0.14208181818182822,0.0030556712213825176,500,0.245939393939352,0.002934024667250913,500,1.4323989682498213,2.0,3.4323989682498213,1.5676010317501787
6,5,3,0.8333333333333334,10.0,3.0,0.43059945649122594,0.0015651951034138557,500,0.74033793578837,1.2124831460913965e-05,500,0.11262307958192601,0.0001543208941148228,500,0.30315870388231203,0.003582621673473695,500,0.35040970039909597,0.0023622422045018613,500,0.270035415892706,0.003104999984482586,500,4.915256120353259,0.06647334427174127,500,0.022755815372004603,0.0003077469642210917,500,nan,nan,0,22.0768152079172,0.007076131764528785,500,3.90624587791528,0.04088620400182372,500,21.70985558350001,3.180826134296276e-16,500,6.1111111111100005,3.976032667870345e-17,500,0.8716111111111481,0.0177380244960773,500,1.4978333333338,0.017565740874802227,500,0.14262727272730763,0.0029025858266301776,500,0.2450999999999608,0.002874393961327572,500,1.1666778867615897,2.0,3.1666778867615895,1.8333221132384103
6,6,3,1.0,1.0,9.0,0.433800767956802,0.0017436789757428307,500,0.950758262694872,0.0006476875621438025,500,3.86218286589644,0.03480308911716894,500,0.483820422720634,0.007681255725170223,500,0.510490534971376,0.005654876142469583,500,0.14546115168435358,0.004214755924061526,500,14.733203531680479,0.5451815838042763,500,0.04384882003476624,0.0016225642375135355,500,nan,nan,0,12.5904442452929,0.13154035139698328,500,12.347411864735259,0.13459842651278306,500,2.377936967570001,3.976032667870345e-17,500,6.642857142859999,3.976032667870345e-17,500,1.05122619047591,0.02174692537206639,500,2.036250000000176,0.03668602184260151,500,0.1582491039426338,0.0032737307011726845,500,0.30653225806454043,0.005522626944046653,500,6.907283246666157,2.0,8.907283246666157,2.0927167533338427
6,6,3,1.0,2.0,9.0,0.43788601391356596,0.0017621670167113734,500,0.96408046086276,0.0008206075899308127,500,3.5385465127318803,0.026416512055091695,500,0.48218386424702403,0.00724904201422288,500,0.49154265738867203,0.0050208598270070045,500,0.15853149772702102,0.003864293757700813,500,12.402188334632639,0.3607465596788657,500,0.0369112748054509,0.0010736504752347576,500,nan,nan,0,13.35965501376594,0.12646754858039497,500,12.42656707577854,0.1374218837464251,500,4.75587393515,0.0,500,6.642857142859999,3.976032667870345e-17,500,0.907273809523896,0.013772408618220905,500,1.811035714285486,0.021901098546387922,500,0.1365788530465838,0.002073265813495846,500,0.2726290322580658,0.003296939566124021,500,7.136391320001654,2.0,9.136391320001653,1.8636086799983458
6,6,3,1.0,3.0,8.0,0.443358646382948,0.0015194577371225148,500,0.98402749112275,0.0007536491285485659,500,3.05520606606072,0.013350902987921378,500,0.49287211202890396,0.005226557989673011,500,0.48349978441851205,0.0032517369120732705,500,0.1583153721152864,0.002404227657071277,500,10.566096572535658,0.17823861188914775,500,0.0314467159896954,0.0005304720591942462,500,nan,nan,0,13.36767448216326,0.09494628461947886,500,11.20670990294094,0.11597370219888635,500,7.133810902719999,3.976032667870345e-17,500,6.642857142859999,3.976032667870345e-17,500,0.8301547619047671,0.012710519320399133,500,1.6668095238093998,0.011026595934111936,500,0.12496953405017859,0.0019134115105972314,500,0.250917562724012,0.0016599176675016407,500,6.331584954267645,2.0,8.331584954267644,1.6684150457323552
6,6,3,1.0,4.0,6.0,0.44701953470337596,0.0012237470140997542,500,1.010364228315534,0.000519958862978753,500,1.973802322033204,0.01596737827994687,500,0.498920354420364,0.003448212302181898,500,0.469099116443998,0.0018481233392802579,500,0.16804699527154623,0.001435444595045446,500,9.19058573059776,0.08677532455049539,500,0.0273529337220184,0.0002582598944956993,500,nan,nan,0,12.746442417044019,0.057999559163757895,500,8.340536215019519,0.09078275585688714,500,9.511747870290002,7.95206533574069e-17,500,6.642857142859999,3.976032667870345e-17,500,0.7608214285714089,0.015609557874465566,500,1.47558333333306,0.01153864818057931,500,0.11453225806451911,0.0023498259165864077,500,0.22213082437277,0.0017370008013796554,500,4.044677138716219,2.0,6.044677138716219,1.955322861283781
6,6,3,1.0,5.0,4.0,0.434862926780854,0.001089550154534397,500,1.02419450969934,0.00019236935756741224,500,0.92615794453716,0.008093245250620688,500,0.45216058186463604,0.0023670761438898008,500,0.422861846627318,0.0012857384223863605,500,0.209716674854544,0.0013210707197401732,500,7.09592369418414,0.0640386692383962,500,0.021118820518403802,0.00019059127749516716,500,nan,nan,0,13.189827656342601,0.023823610857561225,500,5.588937702139421,0.0575717392435405,500,11.889684837900004,1.590413067148138e-16,500,6.642857142859999,3.976032667870345e-17,500,0.7225000000000256,0.015957770175551514,500,1.352440476190442,0.015019046007504989,500,0.1087634408602414,0.0024022449726655913,500,0.2035931899642172,0.002260931657046413,500,1.6649966664060907,2.0,3.6649966664060907,2.3350033335939093
6,6,3,1.0,6.0,3.0,0.43218096571793396,0.0012226795363037893,500,1.02547853466568,5.566730360575908e-05,500,0.469673133494344,0.004005816359635114,500,0.41515014847899195,0.0032416351059076976,500,0.394045866088988,0.0017715306675778876,500,0.23704429709068,0.0019396933091132475,500,6.894822132106461,0.08918312505277792,500,0.020520303964603998,0.000265425967418937,500,nan,nan,0,14.891125934076001,0.012451480795592369,500,4.1457920705938,0.046314520215731604,500,14.267621805400001,7.95206533574069e-17,500,6.642857142859999,3.976032667870345e-17,500,0.9638571428571472,0.01782830562738226,500,1.5733333333330037,0.01640156981423409,500,0.1450967741935722,0.002683830954661067,500,0.2368458781362894,0.0024690535204304194,500,1.3558660932749693,2.0,3.3558660932749693,1.6441339067250307
6,7,3,1.1666666666666667,1.0,9.0,0.43608646033604404,0.0016343983114563737,500,1.24075268528876,0.0006170594612376948,500,4.25394406179676,0.036166715614226914,500,0.541845206448262,0.008389522787271541,500,0.5245675566673481,0.005535795240616387,500,0.12289667737147708,0.003704842776492179,500,18.5211755056098,0.7584592906474542,500,0.04061661295090173,0.0016632879180865185,500,nan,nan,0,13.44340849896382,0.1314520475006711,500,13.204386500720979,0.13447129373714092,500,2.4431062347,0.0,500,7.02631578947,0.0,500,1.127921052631734,0.02397230254869654,500,2.198078947368462,0.03911268306876971,500,0.1605280898876364,0.0034117883777161563,500,0.312835205992522,0.005566599088438209,500,7.361827269381521,2.0,9.361827269381521,1.6381727306184786
6,7,3,1.1666666666666667,2.0,10.0,0.437304124461672,0.001711340245330844,500,1.2505475572734,0.0007938750728570629,500,3.83627940747456,0.031934664349739586,500,0.513647655811048,0.00809234717083888,500,0.485634849427778,0.005232877303652857,500,0.15086144962988776,0.003994987878790518,500,14.25074952960538,0.5001270064304378,500,0.031251643705275924,0.0010967697509442346,500,nan,nan,0,15.41565632946554,0.15005189559528945,500,14.56311349829254,0.16089917131997883,500,4.8862124694,0.0,500,7.02631578947,0.0,500,0.953719298245598,0.013845490915487075,500,1.8651929824560483,0.023880243799798157,500,0.13573533083643757,0.0019705193063235746,500,0.265458177278387,0.003398686383491518,500,7.715826061926048,2.0,9.715826061926048,2.284173938073952
6,7,3,1.1666666666666667,3.0,9.0,0.44272236686176597,0.0015596119677416158,500,1.27221126497748,0.0007270480248880799,500,3.4557296013102796,0.016508003854326766,500,0.533938292738246,0.006656566343096949,500,0.484548397209638,0.003868834754612757,500,0.145556689598864,0.002758003615052628,500,12.57106311159146,0.27781054189177895,500,0.02756812085875586,0.0006092336444994383,500,nan,nan,0,14.971276717437478,0.12284338227709636,500,12.94046125531414,0.14502321126908752,500,7.329318704100002,7.95206533574069e-17,500,7.02631578947,0.0,500,0.8942631578946121,0.012906361163150535,500,1.743719298245464,0.012005901706251492,500,0.1272734082397204,0.00183686039026328,500,0.24816978776528598,0.0017087051117502204,500,7.289570182359405,2.0,9.289570182359405,1.7104298176405948
6,7,3,1.1666666666666667,4.0,7.0,0.444484425549002,0.0011948445949250006,500,1.29439807608366,0.00042883496645286257,500,2.3965695523373203,0.01834651681117581,500,0.549402370241772,0.004404377620826589,500,0.476064098386664,0.0023083681063942054,500,0.1490012048115924,0.0016212166012500573,500,10.87806624761,0.13850582883791862,500,0.0238554084377396,0.0003037408527147523,500,nan,nan,0,14.1163591208326,0.07626228530483346,500,10.02882884289884,0.11052842494311951,500,9.7724249388,0.0,500,7.02631578947,0.0,500,0.83006140350876,0.014649782115871523,500,1.5875789473682898,0.00927185076852979,500,0.11813607990012306,0.002084987716865058,500,0.225947565543086,0.0013195892479573497,500,5.277173312233207,2.0,7.277173312233207,1.7228266877667933
6,7,3,1.1666666666666667,5.0,5.0,0.441661379665378,0.0010600112422726772,500,1.30149637421858,0.00026068218157601706,500,1.191491782691682,0.01227833222888575,500,0.522409499947844,0.003392451713154869,500,0.444888611862,0.0018537654475006687,500,0.17221154899301844,0.0015921985513038166,500,8.757740028775482,0.10862010526430581,500,0.019205570238544,0.00023820198522887104,500,nan,nan,0,14.2771085432734,0.03850668980398958,500,7.2328928823155,0.07807538201620669,500,12.2155311735,0.0,500,7.02631578947,0.0,500,0.690991228070278,0.0160690488594787,500,1.3657280701755,0.013489020196911398,500,0.09834332084893412,0.0022869807365545314,500,0.1943732833957624,0.0019197856460030048,500,3.291241397197491,2.0,5.291241397197491,1.7087586028025088
6,7,3,1.1666666666666667,6.0,4.0,0.43733565896891796,0.0010860795761911046,500,1.29624503832188,0.00026772761402127284,500,0.6052912453947621,0.005359408456261457,500,0.480775488798578,0.0037795091426694586,500,0.415424892209624,0.002145438676181515,500,0.19348913349845379,0.0020289910314156834,500,7.8417867353811594,0.1300897904329651,500,0.017196900735484678,0.00028528462814241684,500,nan,nan,0,15.806699551064598,0.02139613951720378,500,5.7755582462526185,0.06084683907661605,500,14.658637408200004,1.590413067148138e-16,500,7.02631578947,0.0,500,0.7644736842107452,0.016972036267975936,500,1.363026315788738,0.016051277913457788,500,0.10880149812734996,0.0024154957984378117,500,0.1939887640449582,0.002284451538250713,500,2.3319129630957045,2.0,4.3319129630957045,1.6680870369042955
6,7,3,1.1666666666666667,7.0,4.0,0.42739501077291997,0.001133681090748687,500,1.2934294762149199,0.0002803158783907511,500,0.396298864617422,0.00339326700801222,500,0.426888825494562,0.004071422261172501,500,0.37991912857367005,0.002389117022826351,500,0.223125380828223,0.0025367109976917,500,6.80280029457976,0.1254380584025621,500,0.01491842169863692,0.00027508346140879775,500,nan,nan,0,18.1205133727716,0.019585610744365642,500,5.836733546383161,0.06342472621320518,500,17.1017436429,0.0,500,7.02631578947,0.0,500,0.795008771929808,0.016843362935407682,500,1.369552631578406,0.016364203876710788,500,0.11314731585521028,0.002397182739872544,500,0.1949176029962414,0.0023289878176652587,500,1.896754792987328,2.0,3.896754792987328,2.103245207012672
6,7,3,1.1666666666666667,8.0,4.0,0.423216792665902,0.0011302951414337028,500,1.29047324102528,0.000267609805111505,500,0.270902207219758,0.002114639116476688,500,0.39173705392107,0.004318166553830458,500,0.35882757734674203,0.0025298052018820037,500,0.2403488681718118,0.002972107863564462,500,6.274180425482981,0.11234957328876614,500,0.01375916759974496,0.0002463806431773521,500,nan,nan,0,20.441749598408002,0.018004156907741424,500,5.824187962908479,0.06494263172191866,500,19.5448498776,0.0,500,7.02631578947,0.0,500,0.8046052631578684,0.016744981657352217,500,1.378622807016894,0.01617031978993567,500,0.11451310861424491,0.0023831809100371497,500,0.19620848938823637,0.0023013938277870118,500,1.6774794369812054,2.0,3.6774794369812054,2.3225205630187946
6,7,3,1.1666666666666667,9.0,3.0,0.431804141271938,0.001079735702805558,500,1.2821883510587,0.00015792396519683858,500,0.181626044352562,0.0004581291970628441,500,0.43996477867947,0.004314376768405343,500,0.39058311750264,0.0022940283777095837,500,0.1971724748549988,0.002377903581143987,500,7.647116461604661,0.11367777958621894,500,0.01676999224036116,0.0002492933762854242,500,nan,nan,0,22.446054535311198,0.008562621621893175,500,4.40223278869452,0.04503578193908152,500,21.987956112300004,1.590413067148138e-16,500,7.02631578947,0.0,500,0.9848859649127215,0.017098686759628102,500,1.6088771929807457,0.013849507748716374,500,0.14017103620474405,0.0024335209620446096,500,0.2289787765293308,0.0019710909904602386,500,1.309112473436776,2.0,3.309112473436776,1.690887526563224
6,7,3,1.1666666666666667,10.0,3.0,0.429706076246698,0.0010769903254509538,500,1.2805675153245801,0.00011027194908684502,500,0.14471435290078,0.0001932901326473644,500,0.427194614352484,0.00422129213614235,500,0.381461780936082,0.002251522563499434,500,0.20164327213673539,0.002420534083340359,500,7.361438274346241,0.10344324849863788,500,0.01614350498759956,0.00022684922916353341,500,nan,nan,0,24.839804042252197,0.007973897487305768,500,4.37281382872892,0.04585602219989647,500,24.431062347,0.0,500,7.02631578947,0.0,500,0.9950701754388376,0.016715830005011163,500,1.6261403508754257,0.013604536068673172,500,0.1416204744069978,0.0023790319857320734,500,0.23143570536830577,0.001936226107157534,500,1.0016249857563801,2.0,3.00162498575638,1.9983750142436199
6,8,3,1.3333333333333333,1.0,10.0,0.4406337872266,0.0017528781223506917,500,1.5471095922661202,0.0006839105608717917,500,4.4717824911438,0.04045624688010268,500,0.581968507903624,0.009390341387056736,500,0.532731392107318,0.005886064440246102,500,0.11313682284995233,0.0036899943812672142,500,22.422944097772618,0.9748330268947972,500,0.041067663182736525,0.001785408474167041,500,nan,nan,0,14.89231403963354,0.15816047811589187,500,14.666180492387138,0.16118977293125344,500,2.4902673743900006,1.9880163339351726e-17,500,7.25274725275,0.0,500,1.2061978021977298,0.02599455665804922,500,2.340190476190254,0.04172622911248734,500,0.16630909090908183,0.0035840979634567537,500,0.32266262626258085,0.005753161892782337,500,7.954630637126473,2.0,9.954630637126474,2.0453693628735268
6,8,3,1.3333333333333333,2.0,11.0,0.43475454822158804,0.0016032934574960803,500,1.5557317613456998,0.0006313598983584538,500,3.9617376132141797,0.034425673690013425,500,0.5202147373841239,0.008693279769608249,500,0.47632925984546204,0.005348490772158052,500,0.15081483891997657,0.004042622820557508,500,14.85758412744314,0.5808161145053143,500,0.02721169254110542,0.0010637657774822768,500,nan,nan,0,17.150631086895483,0.16421572224545883,500,16.36280939777456,0.1736864462276774,500,4.98053474877,0.0,500,7.25274725275,0.0,500,0.964285714285588,0.01484420291046502,500,1.9018974358971241,0.02579385346009842,500,0.13295454545450436,0.0020467007043224487,500,0.2622313131312786,0.0035564252498005906,500,8.597805964078013,2.0,10.597805964078013,2.402194035921987
6,8,3,1.3333333333333333,3.0,10.0,0.440564179200276,0.0014414919744350206,500,1.5745796483627401,0.000634605766871807,500,3.72930912190324,0.017956574540259375,500,0.5526908765421,0.0070765894668129836,500,0.483064850988222,0.003973711947926919,500,0.13956003475000317,0.002798897947084805,500,13.578606226248779,0.3368439219554882,500,0.02486924217261358,0.0006169302599918321,500,nan,nan,0,16.80964782663278,0.1387825299530555,500,14.95720255357896,0.15918443307337232,500,7.4708021231599995,3.976032667870345e-17,500,7.25274725275,0.0,500,0.923084249084406,0.012698623266672864,500,1.8056117216115841,0.014240625298853898,500,0.1272737373737072,0.0017508707837381955,500,0.24895555555554422,0.0019634801548407002,500,8.159241070492644,2.0,10.159241070492644,1.8407589295073556
6,8,3,1.3333333333333333,4.0,8.0,0.44590322756518197,0.0012524314020895381,500,1.5959530268359798,0.0004778627989267926,500,2.8335333478315197,0.01725452417377184,500,0.583961665840958,0.005231997272020587,500,0.48616034748582,0.002666445743845962,500,0.13445941783469442,0.001752742505633164,500,12.64297962137964,0.189699220174464,500,0.02315564033219794,0.00034743446918402505,500,nan,nan,0,15.4590448433432,0.09983780436807323,500,11.64039623521988,0.1360343247980641,500,9.96106949754,0.0,500,7.25274725275,0.0,500,0.8678534798535964,0.014849816071205125,500,1.667868131867618,0.008938905199654219,500,0.1196585858585694,0.0020474746401202087,500,0.229963636363672,0.0012324854138943903,500,6.335149457750293,2.0,8.335149457750294,1.6648505422497069
6,8,3,1.3333333333333333,5.0,6.0,0.44308719846278805,0.0010269156678379464,500,1.60493390988988,0.00021583566674889857,500,1.6293822534223321,0.016985155203598154,500,0.559348104448796,0.003120631511732985,500,0.456949267197416,0.0015914119254849042,500,0.154891908984755,0.0012512615072251218,500,10.21992697438824,0.1027600600030811,500,0.0187178149714052,0.00018820523810081968,500,nan,nan,0,15.333331957310401,0.05432328572139546,500,8.766518343742998,0.0970093255251269,500,12.451336871899999,7.95206533574069e-17,500,7.25274725275,0.0,500,0.7892454212454486,0.01583045078730711,500,1.472351648350934,0.011405170313285655,500,0.10882020202019299,0.0021826833661286794,500,0.203006060606083,0.0015725310583491778,500,3.7119681239780027,2.0,5.711968123978003,2.2880318760219973
6,8,3,1.3333333333333333,6.0,4.0,0.438205412107372,0.0009363665910731949,500,1.6003882000170002,0.00025634938389062183,500,0.759249462654558,0.006942499489109639,500,0.5234255173849479,0.003269471819704384,500,0.429991428863162,0.0017544248418202785,500,0.17143962386615058,0.0016262406822771702,500,9.02315072242358,0.11576361561166847,500,0.016525917074034002,0.0002120212740140271,500,nan,nan,0,16.1840965579482,0.024230397106075104,500,6.063109006474359,0.06647617861065241,500,14.941604246299997,1.590413067148138e-16,500,7.25274725275,0.0,500,0.829450549450208,0.016779844377727948,500,1.4350402930388482,0.015150145647998587,500,0.1143636363635542,0.0023135846035956327,500,0.1978616161614514,0.002088883718133015,500,2.0376659836283313,2.0,4.037665983628331,1.9623340163716687
6,8,3,1.3333333333333333,7.0,4.0,0.428222533938692,0.001037426211714557,500,1.5975152649061801,0.00027954906661907953,500,0.486315917274262,0.004586837030116005,500,0.459440586565316,0.00370948121885222,500,0.390653908952906,0.002007616963954841,500,0.2020680830228898,0.00214959045923391,500,7.586481668509819,0.10787008088224775,500,0.01389465507053122,0.00019756425070002276,500,nan,nan,0,18.4585767858226,0.019906492279883205,500,5.91496765690876,0.06424845817357958,500,17.431871620700004,1.590413067148138e-16,500,7.25274725275,0.0,500,0.8630036630032619,0.01706625373580651,500,1.447912087910754,0.015976698044580236,500,0.11898989898980819,0.0023530743787249244,500,0.19963636363616558,0.0022028477606931486,500,1.7399746629595976,2.0,3.7399746629595976,2.2600253370404024
6,8,3,1.3333333333333333,8.0,3.0,0.43179006692443794,0.0009663475550100443,500,1.58883439570938,0.0001705981881009897,500,0.28183626751328406,0.001476095444262619,500,0.472454877987942,0.003985363565616674,500,0.398690238085986,0.0019789527570824965,500,0.184442828961974,0.0019523963917163437,500,8.379087507697001,0.11134136635151912,500,0.01534631411666236,0.0002039219163947293,500,nan,nan,0,20.4566828686004,0.010347481395904553,500,4.5215507867172615,0.04890091502200627,500,19.9221389951,0.0,500,7.25274725275,0.0,500,1.05245421245352,0.01748969386591325,500,1.68351648351481,0.012762379091355483,500,0.1451111111109794,0.0024114577906040923,500,0.23212121212097997,0.0017596613595658667,500,1.4600413693039376,2.0,3.4600413693039376,1.5399586306960624
6,8,3,1.3333333333333333,9.0,3.0,0.430302458495242,0.0010419786976010319,500,1.5864682468270401,0.00011495039944158048,500,0.209196149674272,0.0006855939131717218,500,0.456318316778992,0.00383691659352093,500,0.386485818929478,0.0018891704773861845,500,0.190249549760246,0.0019200967111201743,500,7.9902997442055606,0.09656778333901536,500,0.0146342486157642,0.00017686407204964077,500,nan,nan,0,22.8612733322696,0.008882572953602128,500,4.386905960657298,0.04729742895153709,500,22.412406369499998,1.590413067148138e-16,500,7.25274725275,0.0,500,1.0953846153838704,0.016631564522554106,500,1.7145787545770421,0.01176483475255789,500,0.15103030303016582,0.0022931399568987647,500,0.236404040403804,0.00162212115527696,500,1.1149032200785727,2.0,3.1149032200785727,1.8850967799214273
6,9,3,1.5,1.0,11.0,0.4352409509506,0.0016433732013453627,500,1.8731793029358201,0.0006822279753284684,500,4.462762728678779,0.04449581432436023,500,0.564700890708708,0.009454036583524042,500,0.515647745891112,0.005854295887771139,500,0.12211810660756278,0.00391416759433765,500,20.57858753116594,0.907150407801902,500,0.035480323329600764,0.0015640524272447188,500,nan,nan,0,16.579799734803938,0.17381909084805242,500,16.36963221161638,0.17647529704432702,500,2.5417718022999995,1.9880163339351726e-17,500,7.324137931029999,3.976032667870345e-17,500,1.166737931034876,0.02680774533896845,500,2.24610344827564,0.04333059329012323,500,0.1593003766478636,0.003660191218594894,500,0.3066713747645936,0.005916135618707049,500,8.73965131132699,2.0,10.73965131132699,2.2603486886730106
6,9,3,1.5,2.0,11.0,0.43764510408855595,0.0016147667174908058,500,1.8828112372064199,0.0005569989335952861,500,4.182732582908921,0.03567808657763814,500,0.557602969555874,0.008932125962979725,500,0.497449466756738,0.005404940765543296,500,0.1341831065222938,0.003747021927570383,500,17.2737274910208,0.6214134073224139,500,0.0297822887776256,0.0010714024264181098,500,nan,nan,0,17.46486159912946,0.16723039049045976,500,16.65981714383038,0.17672427705141672,500,5.083543604589999,3.976032667870345e-17,500,7.324137931029999,3.976032667870345e-17,500,1.017248275862186,0.015436999506854406,500,2.007696551724092,0.027257153212668035,500,0.13888983050847123,0.002107688256585469,500,0.27412052730696584,0.0037215510506920244,500,9.006501241752149,2.0,11.006501241752149,1.993498758247851
6,9,3,1.5,3.0,11.0,0.43895538690378805,0.0015168172259063305,500,1.89616928145386,0.0005901526407519139,500,3.8177836095417,0.023109153097797326,500,0.555358932826232,0.007850346322859436,500,0.48214223160695596,0.004450811417836517,500,0.1411199637166032,0.0032966711589662175,500,14.42762683106838,0.4003880390510943,500,0.02487521867425654,0.0006903242052604445,500,nan,nan,0,18.21121772598132,0.1588258352871505,500,16.43724758659942,0.17854626226534495,500,7.6253154068899995,3.976032667870345e-17,500,7.324137931029999,3.976032667870345e-17,500,0.9555793103445339,0.013687446961461035,500,1.823951724138054,0.017874961551710613,500,0.1304698681732494,0.0018688133798620231,500,0.24903295668549938,0.0024405550141215074,500,8.893418111811283,2.0,10.893418111811283,2.1065818881887175
6,9,3,1.5,4.0,9.0,0.44676548213975004,0.0012447019691272845,500,1.9172584030951,0.0004392109420779949,500,3.1833807210306393,0.013032482537465822,500,0.592542915416664,0.005337252939150194,500,0.49086683939910597,0.0027251602677191475,500,0.1288757521735584,0.0017464511655131236,500,13.57217989629812,0.2143415712900863,500,0.0234003101660371,0.00036955443325869787,500,nan,nan,0,17.0322259187508,0.1092660480280487,500,13.523183162606001,0.1401986147366148,500,10.167087209199998,7.95206533574069e-17,500,7.324137931029999,3.976032667870345e-17,500,0.90115172413771,0.014920996979916595,500,1.72717931034484,0.008652834927585083,500,0.12303860640301979,0.0020372359341707144,500,0.23582015065915998,0.0011814134317321549,500,7.49714285169658,2.0,9.49714285169658,1.5028571483034199
6,9,3,1.5,5.0,6.0,0.449464814384952,0.0009651144632230787,500,1.9330561518382,0.00020889768817072208,500,1.8647613453506402,0.016221154966994725,500,0.601277740168512,0.0026163586329269713,500,0.48141353914390006,0.0012276858064369438,500,0.1345610859413968,0.0008173651306418144,500,12.16403509024764,0.09585587582026135,500,0.0209724742935266,0.00016526875141422483,500,nan,nan,0,15.646130660306,0.05286094660099575,500,8.960757899111119,0.09374709825726922,500,12.708859011500001,7.95206533574069e-17,500,7.324137931029999,3.976032667870345e-17,500,0.824275862068894,0.014786849366740384,500,1.583317241379482,0.00954324663269183,500,0.1125423728813534,0.0020189201112787193,500,0.216177966101708,0.0013029856513545534,500,4.179201487233337,2.0,6.179201487233337,1.8207985127666628
6,9,3,1.5,6.0,3.0,0.443542774975086,0.000851439668527376,500,1.9324625416828598,0.00011695703491482143,500,0.7126377347867819,0.005148750486660125,500,0.5657872520665039,0.002104812424356982,500,0.455084188233232,0.0010094075455243281,500,0.1587858035462924,0.0009016452911583962,500,12.745482704522521,0.11722837589244939,500,0.0219749701802142,0.00020211788946973493,500,nan,nan,0,15.9240753528216,0.01259059061327489,500,4.47499319008366,0.045827386691102076,500,15.2506308138,0.0,500,7.324137931029999,3.976032667870345e-17,500,1.177317241379386,0.016684529798824607,500,1.812496551724904,0.010364745554392053,500,0.160744821092284,0.002278019605303461,500,0.24746892655360178,0.0014151488751232857,500,1.3947881939471762,2.0,3.3947881939471762,1.6052118060528238
6,9,3,1.5,7.0,3.0,0.43266873476369994,0.0009700798595176487,500,1.93125015194184,9.776297442670084e-05,500,0.470234642442382,0.003330564864135477,500,0.48582926308006,0.0027771385789852948,500,0.408431162248988,0.0013730047259542285,500,0.1977118581761276,0.0014227742575177648,500,10.659581545576838,0.12011420146397088,500,0.018378588871685562,0.00020709345079993378,500,nan,nan,0,18.378508422916,0.011748790893792849,500,4.477953903800086,0.04938071077962975,500,17.79240261609999,3.180826134296276e-16,500,7.324137931029999,3.976032667870345e-17,500,1.1788689655171738,0.01727806174186363,500,1.808282758621314,0.010501996806783568,500,0.160956685499071,0.002359057394136492,500,0.246893596986742,0.0014338884528983303,500,1.112834107200281,2.0,3.112834107200281,1.887165892799719
