L,N,nmax,filling,U,W,r_mean,r_mean_stderr,r_mean_n,onsite_pair_density,onsite_pair_density_stderr,onsite_pair_density_n,onsite_pair_variance,onsite_pair_variance_stderr,onsite_pair_variance_n,charge_fluctuation,charge_fluctuation_stderr,charge_fluctuation_n,fock_entropy_normalized,fock_entropy_normalized_stderr,fock_entropy_normalized_n,ipr,ipr_stderr,ipr_n,pr,pr_stderr,pr_n,pr_normalized,pr_normalized_stderr,pr_normalized_n,entanglement_entropy,entanglement_entropy_stderr,entanglement_entropy_n,diag_std,diag_std_stderr,diag_std_n,disorder_diag_std,disorder_diag_std_stderr,disorder_diag_std_n,interaction_diag_std,interaction_diag_std_stderr,interaction_diag_std_n,connectivity_mean,connectivity_mean_stderr,connectivity_mean_n,Nres_mean_l1.0,Nres_mean_l1.0_stderr,Nres_mean_l1.0_n,Nres_mean_l2.0,Nres_mean_l2.0_stderr,Nres_mean_l2.0_n,fres_l1.0,fres_l1.0_stderr,fres_l1.0_n,fres_l2.0,fres_l2.0_stderr,fres_l2.0_n
8,4,4,0.5,1.0,0.1,0.345491485534966,0.0016119475334616293,500,0.283906710243984,1.5879602583499054e-05,500,2.59987562766706,0.0007261546172216478,500,0.528798737845884,3.776144927638332e-05,500,0.848956542779456,4.899619905087992e-05,500,0.011314394030592598,4.424689215208376e-06,500,94.2670507124112,0.027783583354917558,500,0.285657729431556,8.419267683253908e-05,500,nan,nan,0,2.4324222740167802,5.3822496566228966e-05,500,0.12407020830468442,0.0010752528896237482,500,2.429137546509999,3.976032667870345e-17,500,5.818181818179999,3.976032667870345e-17,500,3.103030303030001,3.976032667870345e-17,500,5.13939393939,0.0,500,0.533333333333,0.0,500,0.8833333333330001,4.9700408348379315e-18,500
8,4,4,0.5,2.0,0.1,0.38606141676305,0.002030759813468367,500,0.257696054350346,7.548846351309862e-06,500,1.1369716715672,0.00036361152847742346,500,0.495048287765124,8.688064938626709e-05,500,0.810906992228098,6.832649607904003e-05,500,0.0161215527061944,1.8420627535369883e-05,500,74.27345824248602,0.06908000489748005,500,0.225071085583294,0.00020933334817348505,500,nan,nan,0,4.85988377243954,2.772584497072283e-05,500,0.12247601415042039,0.0011266597543309403,500,4.858275093019998,7.95206533574069e-17,500,5.818181818179999,3.976032667870345e-17,500,3.0060606060600006,1.9880163339351726e-17,500,3.103030303030001,3.976032667870345e-17,500,0.5166666666669999,4.9700408348379315e-18,500,0.533333333333,0.0,500
8,4,4,0.5,3.0,0.1,0.40002277127217994,0.0014735348162915973,500,0.26051349463934603,1.6759434109179924e-07,500,0.574838573234526,0.0003281198972776672,500,0.483839570079748,0.0001738550923973432,500,0.777818645316732,0.00010666862436245978,500,0.0243437949082376,8.45843663855615e-05,500,63.6693761802778,0.06819466434938264,500,0.192937503576604,0.00020665049802906648,500,nan,nan,0,7.28845830091458,1.711719857912821e-05,500,0.12115093190484759,0.0010631591213770826,500,7.287412639530003,1.1928098003611036e-16,500,5.818181818179999,3.976032667870345e-17,500,3.0060606060600006,1.9880163339351726e-17,500,3.0060606060600006,1.9880163339351726e-17,500,0.5166666666669999,4.9700408348379315e-18,500,0.5166666666669999,4.9700408348379315e-18,500
8,4,4,0.5,4.0,0.1,0.40700986132435796,0.0014100598353660929,500,0.26230589356018397,1.7098512700904001e-07,500,0.337659980933444,4.228979141954393e-06,500,0.47603330089402196,0.00023063455849582358,500,0.7554014197893301,0.00014952282397225452,500,0.033731796205477,0.00015696948010123692,500,58.9025351236282,0.06622119980839847,500,0.17849253067765397,0.00020067030245003186,500,nan,nan,0,9.71737366003718,1.3413507596678243e-05,500,0.12417644744501681,0.0010814807773689623,500,9.716550186029998,7.95206533574069e-17,500,5.818181818179999,3.976032667870345e-17,500,3.0060606060600006,1.9880163339351726e-17,500,3.0060606060600006,1.9880163339351726e-17,500,0.5166666666669999,4.9700408348379315e-18,500,0.5166666666669999,4.9700408348379315e-18,500
8,4,4,0.5,5.0,0.1,0.39600544320719994,0.0015702602873825357,500,0.262741593337124,1.6322132371345372e-07,500,0.224029290548392,2.4497737290184866e-06,500,0.472353575379338,0.00023156140818547847,500,0.74263034431509,0.00015908908374256798,500,0.0399403338845094,0.00018808693381893897,500,56.0063563094334,0.0611613851531725,500,0.169716231240726,0.00018533753076774284,500,nan,nan,0,12.1463375711884,1.0871452804719536e-05,500,0.12335967680338279,0.0010672252754590356,500,12.145687732499999,7.95206533574069e-17,500,5.818181818179999,3.976032667870345e-17,500,3.0060606060600006,1.9880163339351726e-17,500,3.0060606060600006,1.9880163339351726e-17,500,0.5166666666669999,4.9700408348379315e-18,500,0.5166666666669999,4.9700408348379315e-18,500
8,4,4,0.5,6.0,0.1,0.411246256864864,0.0016979524352141234,500,0.26300096780185006,1.3949769600665676e-07,500,0.15893526391076596,1.8088826486233359e-06,500,0.47020465855792,0.00025573006732021095,500,0.734561085002512,0.00018997958180099118,500,0.044413361782364,0.0002140711928776228,500,54.7382150530932,0.06996644584494967,500,0.165873378948778,0.0002120195328637716,500,nan,nan,0,14.5753567103032,8.525864562361044e-06,500,0.12228312965629899,0.0010385266030056215,500,14.574825279099997,1.590413067148138e-16,500,5.818181818179999,3.976032667870345e-17,500,3.0060606060600006,1.9880163339351726e-17,500,3.0060606060600006,1.9880163339351726e-17,500,0.5166666666669999,4.9700408348379315e-18,500,0.5166666666669999,4.9700408348379315e-18,500
8,4,4,0.5,7.0,0.1,0.416030588463932,0.0015361645704154731,500,0.263163457392724,1.27512286727851e-07,500,0.11839222011351001,1.632489805066134e-06,500,0.467773374929026,0.00022459618033850054,500,0.728477007060034,0.00018590920719524715,500,0.047899134030188396,0.00020123354958234696,500,53.91117662863459,0.06670847625128026,500,0.163367201904952,0.0002021468977318226,500,nan,nan,0,17.004425261173,7.277878130945715e-06,500,0.1232709691083286,0.0010315507878244814,500,17.003962825600002,1.590413067148138e-16,500,5.818181818179999,3.976032667870345e-17,500,3.0060606060600006,1.9880163339351726e-17,500,3.0060606060600006,1.9880163339351726e-17,500,0.5166666666669999,4.9700408348379315e-18,500,0.5166666666669999,4.9700408348379315e-18,500
8,4,4,0.5,8.0,0.1,0.40483327069112,0.0014471191721374486,500,0.263271025405014,1.1625784406849745e-07,500,0.09149776391883362,1.4539102289953908e-06,500,0.46648898937702404,0.00024046598410419276,500,0.724711704296842,0.00021518513136762062,500,0.050385335746486994,0.00022140664791756576,500,53.7273683439526,0.07239867818474112,500,0.16281020710286997,0.0002193899338923811,500,nan,nan,0,19.433494046122995,6.696107808555954e-06,500,0.12130130313805759,0.0010844002422069133,500,19.4331003721,0.0,500,5.818181818179999,3.976032667870345e-17,500,3.0060606060600006,1.9880163339351726e-17,500,3.0060606060600006,1.9880163339351726e-17,500,0.5166666666669999,4.9700408348379315e-18,500,0.5166666666669999,4.9700408348379315e-18,500
8,4,4,0.5,9.0,0.1,0.40176339807628403,0.0013490632594491626,500,0.26334521940764,1.1407168902725405e-07,500,0.0727772087469478,1.473424863770667e-06,500,0.46483864300464595,0.00021257957750621287,500,0.72119753086957,0.00020650584281527035,500,0.0529062745713414,0.000195844713449356,500,53.4780717833788,0.07486806745443308,500,0.162054762979942,0.000226872931678832,500,nan,nan,0,21.862605538661597,5.909093152976292e-06,500,0.12449147245153179,0.0010744074557127025,500,21.862237918599995,3.180826134296276e-16,500,5.818181818179999,3.976032667870345e-17,500,3.0060606060600006,1.9880163339351726e-17,500,3.0060606060600006,1.9880163339351726e-17,500,0.5166666666669999,4.9700408348379315e-18,500,0.5166666666669999,4.9700408348379315e-18,500
8,4,4,0.5,10.0,0.1,0.404272459569088,0.0012512551046213068,500,0.263399097198544,1.0187117603894574e-07,500,0.0592308113055848,1.282488668425591e-06,500,0.46341541887574206,0.0001958978010551954,500,0.7180578129805619,0.00019481208526953047,500,0.054918536149759806,0.0001940360274481801,500,53.12281269128479,0.06855142263308486,500,0.160978220276618,0.00020773158373639956,500,nan,nan,0,24.2917021111674,5.210879353830488e-06,500,0.123793982216646,0.0010446307388673574,500,24.291375465099996,1.590413067148138e-16,500,5.818181818179999,3.976032667870345e-17,500,3.0060606060600006,1.9880163339351726e-17,500,3.0060606060600006,1.9880163339351726e-17,500,0.5166666666669999,4.9700408348379315e-18,500,0.5166666666669999,4.9700408348379315e-18,500
8,5,4,0.625,1.0,0.1,0.449783383041804,0.0015610217292085658,500,0.48629720295517403,1.4569147677080571e-06,500,4.56973093818704,0.0006711859244742409,500,0.715161586300292,2.0931667642045446e-05,500,0.86911465894685,3.713040497110917e-05,500,0.00480034659558686,1.4129753118967224e-06,500,213.621888854388,0.052336087758283585,500,0.27247689904896,6.675521397667901e-05,500,nan,nan,0,3.01551237624812,5.497402270753222e-05,500,0.1407779389559778,0.0011852774144720938,500,3.0121083869699996,1.9880163339351726e-17,500,6.693877551019999,3.976032667870345e-17,500,3.2653061224499997,1.9880163339351726e-17,500,5.59183673469,0.0,500,0.4878048780490001,2.4850204174189658e-18,500,0.8353658536590002,9.940081669675863e-18,500
8,5,4,0.625,2.0,0.1,0.45664732291404,0.0011863595978439448,500,0.466025381055012,6.830081015815942e-07,500,2.13837531565682,0.001042587001353546,500,0.684028187014286,5.5349778438048174e-05,500,0.815458278598812,5.93346502435942e-05,500,0.008183057907797579,4.6430109508707935e-06,500,135.66096157023603,0.05321145281480487,500,0.17303694077839,6.787175103824364e-05,500,nan,nan,0,6.0259389972001,2.6938891358843413e-05,500,0.14168293331790183,0.0011668148963080156,500,6.024216773939999,3.976032667870345e-17,500,6.693877551019999,3.976032667870345e-17,500,3.0204081632699995,1.9880163339351726e-17,500,3.2653061224499997,1.9880163339351726e-17,500,0.4512195121950001,4.9700408348379315e-18,500,0.4878048780490001,2.4850204174189658e-18,500
8,5,4,0.625,3.0,0.1,0.44010766911312,0.0011820078311237353,500,0.463755284420572,1.6747404248910024e-06,500,1.0062304080122622,0.0004824670795462789,500,0.661872403132634,0.00016195536626401687,500,0.747428013720678,8.324161715251915e-05,500,0.014907204670199,2.418868333567299e-05,500,89.124772811842,0.07595266059862893,500,0.113679557157984,9.687839361994712e-05,500,nan,nan,0,9.03743038561076,1.8929139549188114e-05,500,0.13848869570592398,0.0012635009814534125,500,9.036325160920002,7.95206533574069e-17,500,6.693877551019999,3.976032667870345e-17,500,3.0204081632699995,1.9880163339351726e-17,500,3.0204081632699995,1.9880163339351726e-17,500,0.4512195121950001,4.9700408348379315e-18,500,0.4512195121950001,4.9700408348379315e-18,500
8,5,4,0.625,4.0,0.1,0.43505860647347006,0.0012305574849382633,500,0.463727090659818,8.963802880002143e-07,500,0.549906498825702,8.219098040987789e-05,500,0.6490913844612599,0.0001859895708739941,500,0.706113570008372,9.99216085643864e-05,500,0.0204618222827568,3.9489961428375945e-05,500,71.65617044618801,0.06988433684844518,500,0.0913981765895268,8.913818475572999e-05,500,nan,nan,0,12.049303588131599,1.4057721926415825e-05,500,0.1422589820177734,0.0012082563782230267,500,12.048433547900002,7.95206533574069e-17,500,6.693877551019999,3.976032667870345e-17,500,3.0204081632699995,1.9880163339351726e-17,500,3.0204081632699995,1.9880163339351726e-17,500,0.4512195121950001,4.9700408348379315e-18,500,0.4512195121950001,4.9700408348379315e-18,500
8,5,4,0.625,5.0,0.1,0.43901111853971,0.001309836181179263,500,0.463792166242304,5.65802759387134e-07,500,0.364621745684864,1.5366447879651347e-05,500,0.641205488683976,0.00022799788381826713,500,0.6859887671636379,0.00012040164468725799,500,0.0236062919374228,5.015651637420012e-05,500,65.0194052094638,0.07021909788633643,500,0.082932914807993,8.956517587552642e-05,500,nan,nan,0,15.0612506521584,1.1641678852294611e-05,500,0.14339098526610058,0.0012557909767919925,500,15.060541934899994,2.3856196007222073e-16,500,6.693877551019999,3.976032667870345e-17,500,3.0204081632699995,1.9880163339351726e-17,500,3.0204081632699995,1.9880163339351726e-17,500,0.4512195121950001,4.9700408348379315e-18,500,0.4512195121950001,4.9700408348379315e-18,500
8,5,4,0.625,6.0,0.1,0.445955617201754,0.001316683605289761,500,0.463872292475366,3.5290980631554025e-07,500,0.259239828355544,1.0749767518721864e-05,500,0.634952288702898,0.000267999889530359,500,0.672214842483892,0.00013801606470709862,500,0.025397365752439796,5.3888753963140825e-05,500,60.8322436760654,0.07221602592210942,500,0.0775921475460024,9.211227796196759e-05,500,nan,nan,0,18.0732375277134,9.123680513020164e-06,500,0.14331104451332705,0.0011734060723936773,500,18.072650321800005,1.590413067148138e-16,500,6.693877551019999,3.976032667870345e-17,500,3.0204081632699995,1.9880163339351726e-17,500,3.0204081632699995,1.9880163339351726e-17,500,0.4512195121950001,4.9700408348379315e-18,500,0.4512195121950001,4.9700408348379315e-18,500
8,5,4,0.625,7.0,0.1,0.444453367111224,0.0010303658165672432,500,0.46394050495114403,2.2065615862203898e-07,500,0.19345846613616,7.680663834576823e-06,500,0.6269210206664539,0.00027482596232637627,500,0.660857371619126,0.00012556843819308043,500,0.027073549758207,4.6794638735901904e-05,500,57.564935333284,0.06671263907509853,500,0.073424662414904,8.50926518814432e-05,500,nan,nan,0,21.085248609876597,7.762657751617383e-06,500,0.1414109842617496,0.0011518874503459759,500,21.0847587088,0.0,500,6.693877551019999,3.976032667870345e-17,500,3.0204081632699995,1.9880163339351726e-17,500,3.0204081632699995,1.9880163339351726e-17,500,0.4512195121950001,4.9700408348379315e-18,500,0.4512195121950001,4.9700408348379315e-18,500
8,5,4,0.625,8.0,0.1,0.44485787235427,0.0012125171459611511,500,0.463995126592238,1.418969532301581e-07,500,0.14973842451651398,5.6587022531649674e-06,500,0.6163280458424599,0.0003511830937081532,500,0.650500456460108,0.00016127903848833972,500,0.0292771373969724,6.125955964042802e-05,500,54.957981890621596,0.07095273738053691,500,0.0700994666972204,9.050094053639297e-05,500,nan,nan,0,24.0972969988028,6.97945846351551e-06,500,0.14135859718892518,0.0012149605911817717,500,24.096867095800004,1.590413067148138e-16,500,6.693877551019999,3.976032667870345e-17,500,3.0204081632699995,1.9880163339351726e-17,500,3.0204081632699995,1.9880163339351726e-17,500,0.4512195121950001,4.9700408348379315e-18,500,0.4512195121950001,4.9700408348379315e-18,500
8,5,4,0.625,9.0,0.1,0.441876297440218,0.0012731954779475617,500,0.46403895554942604,1.0421146604812294e-07,500,0.11922597621026199,4.7050982110703855e-06,500,0.606705812029046,0.000394940809946015,500,0.64125436056201,0.0001711078612561003,500,0.0315061193602228,6.78803092558626e-05,500,52.9612747770368,0.0736696512503199,500,0.067552646399284,9.396639190094129e-05,500,nan,nan,0,27.1093506062104,6.31954756863215e-06,500,0.1397923111973716,0.001263560418059547,500,27.108975482699993,3.180826134296276e-16,500,6.693877551019999,3.976032667870345e-17,500,3.0204081632699995,1.9880163339351726e-17,500,3.0204081632699995,1.9880163339351726e-17,500,0.4512195121950001,4.9700408348379315e-18,500,0.4512195121950001,4.9700408348379315e-18,500
8,5,4,0.625,10.0,0.1,0.444628317215788,0.0011473345260431245,500,0.464073974644824,7.137880120941569e-08,500,0.09713249243131279,3.627778804017818e-06,500,0.598290424452034,0.00041555163010220257,500,0.6330193407308279,0.00017344442669948768,500,0.03365410492431199,6.808033679979652e-05,500,51.14622100693481,0.06608739770701788,500,0.0652375267945594,8.429515013666575e-05,500,nan,nan,0,30.1214285136998,5.439348188975431e-06,500,0.14172159083318558,0.0011649739402024015,500,30.121083869699994,3.180826134296276e-16,500,6.693877551019999,3.976032667870345e-17,500,3.0204081632699995,1.9880163339351726e-17,500,3.0204081632699995,1.9880163339351726e-17,500,0.4512195121950001,4.9700408348379315e-18,500,0.4512195121950001,4.9700408348379315e-18,500
8,6,4,0.75,1.0,0.1,0.5000426056630081,0.001136008861081969,500,0.71363588057656,8.362271331269976e-06,500,6.60318074547374,0.0005667235929058286,500,0.895741604430644,1.919811683109315e-05,500,0.882890157112536,3.284510573865579e-05,500,0.002323507536663,1.002884783093518e-06,500,441.47486775877803,0.132450375851595,500,0.26723660275953204,8.01757723073525e-05,500,nan,nan,0,3.40821652497288,6.27609082168561e-05,500,0.1585254597147798,0.0013558805521112652,500,3.4043933611799995,1.9880163339351726e-17,500,7.4576271186400005,3.976032667870345e-17,500,3.409200968519999,3.976032667870345e-17,500,5.966101694919999,3.976032667870345e-17,500,0.4571428571430001,4.9700408348379315e-18,500,0.8,0.0,500
8,6,4,0.75,2.0,0.1,0.500321448259128,0.0009837679822168992,500,0.6960118640035621,1.8422018312741315e-06,500,3.05364718895824,0.0008405656816266987,500,0.8671293672623201,5.093677870512774e-05,500,0.828164352669422,5.007701242895543e-05,500,0.004431317764840679,2.3672195768560355e-06,500,256.25692170453004,0.07685434893946072,500,0.15511920200032803,4.652200298993798e-05,500,nan,nan,0,6.81064992977992,2.920749880894265e-05,500,0.1567519428949982,0.0012701992017122542,500,6.808786722349999,3.976032667870345e-17,500,7.4576271186400005,3.976032667870345e-17,500,2.9830508474599995,1.9880163339351726e-17,500,3.409200968519999,3.976032667870345e-17,500,0.4,0.0,500,0.4571428571430001,4.9700408348379315e-18,500
8,6,4,0.75,3.0,0.1,0.483737517764506,0.0008571638307071754,500,0.700421374818072,1.7784975425095983e-06,500,1.4600003306006002,0.0006896269156689027,500,0.842150524786444,0.00014022478881994566,500,0.743928450578754,5.2709130970689446e-05,500,0.0118639521974198,1.8063631348655325e-05,500,137.146659785614,0.05608138380858072,500,0.08301855919225881,3.3947568890992235e-05,500,nan,nan,0,10.2144164915454,2.0943050155778198e-05,500,0.1557484733958574,0.0014152589965756286,500,10.213180083499996,1.590413067148138e-16,500,7.4576271186400005,3.976032667870345e-17,500,2.9830508474599995,1.9880163339351726e-17,500,3.00242130751,0.0,500,0.4,0.0,500,0.40259740259700005,2.4850204174189658e-18,500
8,6,4,0.75,4.0,0.1,0.479404588032648,0.0008093079678800039,500,0.7042397719020901,3.2801276553370716e-07,500,0.771726050380642,0.00013858511015426444,500,0.8214640973459221,0.00022048175631551149,500,0.689913765928574,7.476348792799787e-05,500,0.0190396757083426,3.368348029048908e-05,500,99.1638843812662,0.05813706976216285,500,0.0600265643954368,3.5191930848600954e-05,500,nan,nan,0,13.6184899708102,1.5644430401997416e-05,500,0.1549243425805698,0.0013878468198364469,500,13.617573444699998,7.95206533574069e-17,500,7.4576271186400005,3.976032667870345e-17,500,2.9830508474599995,1.9880163339351726e-17,500,2.9830508474599995,1.9880163339351726e-17,500,0.4,0.0,500,0.4,0.0,500
8,6,4,0.75,5.0,0.1,0.48230794423115003,0.0008305819641925804,500,0.705426260342786,2.8360784588456413e-07,500,0.50548528274408,1.0181332905110494e-05,500,0.803116124466816,0.00027997463182252637,500,0.661169489527088,9.723849530175014e-05,500,0.0243670493958586,4.832029459326105e-05,500,85.1793126048178,0.06213186138922446,500,0.0515613272426248,3.761008558672163e-05,500,nan,nan,0,17.0227180444672,1.2402287208481377e-05,500,0.156976844238275,0.0013681372576531687,500,17.021966805900004,1.590413067148138e-16,500,7.4576271186400005,3.976032667870345e-17,500,2.9830508474599995,1.9880163339351726e-17,500,2.9830508474599995,1.9880163339351726e-17,500,0.4,0.0,500,0.4,0.0,500
8,6,4,0.75,6.0,0.1,0.48189993274060394,0.0006847846209805539,500,0.706092694970054,4.758157775838332e-07,500,0.36001478038852,6.106856605912856e-06,500,0.7853736783830321,0.00034764015922319536,500,0.63888515837148,0.00011757141162524453,500,0.0290778012168686,6.471803273618158e-05,500,75.42523242821359,0.06103198857019554,500,0.04565692035606119,3.6944303008517566e-05,500,nan,nan,0,20.426983528523998,9.87850489795908e-06,500,0.1569227637851356,0.0012987545922033892,500,20.426360167100007,3.180826134296276e-16,500,7.4576271186400005,3.976032667870345e-17,500,2.9830508474599995,1.9880163339351726e-17,500,2.9830508474599995,1.9880163339351726e-17,500,0.4,0.0,500,0.4,0.0,500
8,6,4,0.75,7.0,0.1,0.47999635862168194,0.0006860887899950374,500,0.70649689867752,2.2320814967829915e-07,500,0.269061329962464,3.700270475044558e-06,500,0.7686431497064,0.00044516389590791675,500,0.6214381472855139,0.0001512521768777454,500,0.03315211169994559,9.07803166982405e-05,500,68.71534820570422,0.06581052200845335,500,0.041595247097881795,3.983687772911498e-05,500,nan,nan,0,23.8312744530544,8.758934838700564e-06,500,0.1546428297830826,0.0013533649220427992,500,23.830753528199995,1.590413067148138e-16,500,7.4576271186400005,3.976032667870345e-17,500,2.9830508474599995,1.9880163339351726e-17,500,2.9830508474599995,1.9880163339351726e-17,500,0.4,0.0,500,0.4,0.0,500
8,6,4,0.75,8.0,0.1,0.47527825093994197,0.000873610709871489,500,0.70675454917002,2.19145464299414e-07,500,0.208480304851184,3.0060344568873565e-06,500,0.750959434499328,0.0005455639668064278,500,0.606005436642362,0.00018298644983883271,500,0.0371465240668834,0.00011125206010800306,500,63.3069978173132,0.0779921086441809,500,0.0383214272501898,4.721071951820384e-05,500,nan,nan,0,27.2356137733344,7.901024508668198e-06,500,0.156337692198367,0.0014085905742514601,500,27.235146889399996,1.590413067148138e-16,500,7.4576271186400005,3.976032667870345e-17,500,2.9830508474599995,1.9880163339351726e-17,500,2.9830508474599995,1.9880163339351726e-17,500,0.4,0.0,500,0.4,0.0,500
8,6,4,0.75,9.0,0.1,0.47452879094197997,0.0007609311846237962,500,0.70693422860591,2.083185979388495e-07,500,0.166206497396588,1.8584973423720573e-06,500,0.734184825490364,0.0006222340039103762,500,0.5931592514279359,0.00021221883282432686,500,0.040942592985033596,0.00013210824386079807,500,59.633968969421794,0.08324165415270629,500,0.0360980441703524,5.038841050405598e-05,500,nan,nan,0,30.639939173520602,6.690754502983193e-06,500,0.1534939205645904,0.0013320679607220236,500,30.639540250600003,1.590413067148138e-16,500,7.4576271186400005,3.976032667870345e-17,500,2.9830508474599995,1.9880163339351726e-17,500,2.9830508474599995,1.9880163339351726e-17,500,0.4,0.0,500,0.4,0.0,500
8,6,4,0.75,10.0,0.1,0.471443514776634,0.0006951772290430635,500,0.707065391139486,2.1270336444514524e-07,500,0.135560132688118,1.7129412145795716e-06,500,0.716046918677726,0.0006482345590341897,500,0.58108878302278,0.00022323192797010422,500,0.044980661180663004,0.0001476071566580967,500,56.19237929779881,0.08196237323768861,500,0.0340147574441886,4.9614027383515685e-05,500,nan,nan,0,34.044309795522196,5.942756747297129e-06,500,0.15736405860995684,0.0013053471884047372,500,34.04393361180001,3.180826134296276e-16,500,7.4576271186400005,3.976032667870345e-17,500,2.9830508474599995,1.9880163339351726e-17,500,2.9830508474599995,1.9880163339351726e-17,500,0.4,0.0,500,0.4,0.0,500
8,7,4,0.875,1.0,0.1,0.5175060778147059,0.0007265962564788566,500,0.975438884816074,1.378920801481566e-06,500,8.7076039932771,0.000468214627974383,500,1.0803651640955199,7.976054039813924e-06,500,0.8941636734611099,1.834663708784342e-05,500,0.0011869285032306198,3.4974969304823245e-07,500,852.92569939535,0.1835228495703917,500,0.271286800062134,5.837240762384767e-05,500,nan,nan,0,3.7145149455563002,6.632600244283044e-05,500,0.16921902188601978,0.0014858076836036154,500,3.7105103144900005,1.9880163339351726e-17,500,8.122137404580002,7.95206533574069e-17,500,3.5521628498700006,1.9880163339351726e-17,500,6.26972010178,0.0,500,0.43734335839600014,4.9700408348379315e-18,500,0.7719298245609998,9.940081669675863e-18,500
8,7,4,0.875,2.0,0.1,0.515762575945072,0.0005648878016669464,500,0.950877996863142,3.1387778938773873e-06,500,3.9793612800841003,0.0007146096532736563,500,1.02981553501782,8.029307265276957e-05,500,0.835617509231042,3.2407420256527796e-05,500,0.0031181994168192,2.8346548286398434e-06,500,472.39049651251,0.10833831692954927,500,0.150251430188436,3.445875220371689e-05,500,nan,nan,0,7.423042500278879,3.095238228306841e-05,500,0.1705228481598714,0.0013690110738804847,500,7.421020628980001,3.976032667870345e-17,500,8.122137404580002,7.95206533574069e-17,500,2.921119592879999,3.976032667870345e-17,500,3.5521628498700006,1.9880163339351726e-17,500,0.35964912280700007,2.4850204174189658e-18,500,0.43734335839600014,4.9700408348379315e-18,500
8,7,4,0.875,3.0,0.1,0.50822687154445,0.0005179233731293052,500,0.951087381518372,5.247200617653144e-06,500,1.9808901171700999,0.0004989040632593233,500,0.9859218912008859,0.00020051084770357047,500,0.7544769845899759,4.210946382669561e-05,500,0.00966409857534336,2.485965936046284e-05,500,237.783650325728,0.07776699156945137,500,0.0756309320374444,2.473504820890499e-05,500,nan,nan,0,11.132892050110401,2.218334362475303e-05,500,0.1710540364068126,0.0014471421800765888,500,11.131530943499998,7.95206533574069e-17,500,8.122137404580002,7.95206533574069e-17,500,2.921119592879999,3.976032667870345e-17,500,2.9821882951699994,1.9880163339351726e-17,500,0.35964912280700007,2.4850204174189658e-18,500,0.36716791979899993,2.4850204174189658e-18,500
8,7,4,0.875,4.0,0.1,0.48903142883013007,0.0005200785615766247,500,0.956164408553406,6.31882196744852e-07,500,1.05516179053054,0.0001956278311760797,500,0.9395121329112139,0.0003398775670937338,500,0.68598391734527,7.39381594658859e-05,500,0.021158189613778803,6.380456124001128e-05,500,158.498450276494,0.09169848668290305,500,0.0504129930904918,2.91661853314546e-05,500,nan,nan,0,14.8430474335766,1.6568231647607266e-05,500,0.1696124837119686,0.0014848294553130358,500,14.842041257999998,7.95206533574069e-17,500,8.122137404580002,7.95206533574069e-17,500,2.921119592879999,3.976032667870345e-17,500,2.921119592879999,3.976032667870345e-17,500,0.35964912280700007,2.4850204174189658e-18,500,0.35964912280700007,2.4850204174189658e-18,500
8,7,4,0.875,5.0,0.1,0.481969460662348,0.0004969096892689319,500,0.959745485094856,9.326400961843903e-07,500,0.6696941757970041,7.374900421157639e-05,500,0.9182172321323341,0.00037134492439949197,500,0.6513611670635541,8.968021534724224e-05,500,0.0275087117332114,8.044502408065811e-05,500,128.087134846066,0.10801440316366841,500,0.04074018283908779,3.435572619709908e-05,500,nan,nan,0,18.553344946407,1.3085535735400689e-05,500,0.16843097690526782,0.0014643000121141044,500,18.5525515725,0.0,500,8.122137404580002,7.95206533574069e-17,500,2.921119592879999,3.976032667870345e-17,500,2.921119592879999,3.976032667870345e-17,500,0.35964912280700007,2.4850204174189658e-18,500,0.35964912280700007,2.4850204174189658e-18,500
8,7,4,0.875,6.0,0.1,0.47852085552870005,0.0004999155161592577,500,0.9607260570857641,5.058669555347252e-07,500,0.47041003820659,1.3335726476156618e-05,500,0.9023757598412641,0.0005272508668039783,500,0.627926616249854,0.00014705219777943676,500,0.03232115373857,0.00011098075897598606,500,108.54282157939599,0.1315405426420381,500,0.034523798212276406,4.1838594987713166e-05,500,nan,nan,0,22.263737599394002,1.114092397524223e-05,500,0.1701708002152716,0.0015043512193072938,500,22.263061886999996,1.590413067148138e-16,500,8.122137404580002,7.95206533574069e-17,500,2.921119592879999,3.976032667870345e-17,500,2.921119592879999,3.976032667870345e-17,500,0.35964912280700007,2.4850204174189658e-18,500,0.35964912280700007,2.4850204174189658e-18,500
8,7,4,0.875,7.0,0.1,0.47501315479641,0.0004182600759690809,500,0.9612545506890899,2.5087763519467986e-07,500,0.350544443271016,7.072154687436109e-06,500,0.8829522644373881,0.0006017833102440704,500,0.607649808783804,0.0001823048576821796,500,0.036770198472645406,0.00012299235065154783,500,93.5704657768214,0.14473600661791403,500,0.0297615985295226,4.603562551446404e-05,500,nan,nan,0,25.9741377762934,9.106754051416262e-06,500,0.168381219896357,0.0014353987288852083,500,25.973572201399993,3.180826134296276e-16,500,8.122137404580002,7.95206533574069e-17,500,2.921119592879999,3.976032667870345e-17,500,2.921119592879999,3.976032667870345e-17,500,0.35964912280700007,2.4850204174189658e-18,500,0.35964912280700007,2.4850204174189658e-18,500
8,7,4,0.875,8.0,0.1,0.469519872259868,0.00040421236201837994,500,0.961606775070364,2.450700988317165e-07,500,0.27102696943001603,3.4477807979398436e-06,500,0.8599938851673901,0.0006011111819533838,500,0.58875361455811,0.0001997685473192136,500,0.0417137190667134,0.00012609067329888147,500,82.00072229093401,0.15878953176947358,500,0.0260816546726888,5.050557626241465e-05,500,nan,nan,0,29.684593014477,8.287872442728418e-06,500,0.17103427554052061,0.001453992684896461,500,29.6840825159,0.0,500,8.122137404580002,7.95206533574069e-17,500,2.921119592879999,3.976032667870345e-17,500,2.921119592879999,3.976032667870345e-17,500,0.35964912280700007,2.4850204174189658e-18,500,0.35964912280700007,2.4850204174189658e-18,500
8,7,4,0.875,9.0,0.1,0.46720371067976996,0.00039743005173075655,500,0.961850281000712,3.0859589571864285e-07,500,0.215638477495672,2.8542448791604128e-06,500,0.8393249750715259,0.0006658136194646535,500,0.5726078235440479,0.0002318801885033335,500,0.046021250356690205,0.00012870028485191678,500,73.11963383246021,0.17377049004953188,500,0.0232568809899672,5.527051210230792e-05,500,nan,nan,0,33.395034029126194,7.451290783197006e-06,500,0.168354401997928,0.0015010480970081158,500,33.394592830400015,6.361652268592552e-16,500,8.122137404580002,7.95206533574069e-17,500,2.921119592879999,3.976032667870345e-17,500,2.921119592879999,3.976032667870345e-17,500,0.35964912280700007,2.4850204174189658e-18,500,0.35964912280700007,2.4850204174189658e-18,500
8,7,4,0.875,10.0,0.1,0.463753618410174,0.00042453758182363783,500,0.962023589906144,2.942687428929462e-07,500,0.175544522083942,2.652860138437612e-06,500,0.820572436261778,0.0007068314450524603,500,0.558795048222256,0.000252229124463383,500,0.0498287937461214,0.0001394553685686581,500,66.2175239230354,0.17008993306553552,500,0.021061553410632598,5.4099851484016045e-05,500,nan,nan,0,37.1054964445778,6.337286818630235e-06,500,0.1678773757144052,0.001418606924392845,500,37.1051031449,0.0,500,8.122137404580002,7.95206533574069e-17,500,2.921119592879999,3.976032667870345e-17,500,2.921119592879999,3.976032667870345e-17,500,0.35964912280700007,2.4850204174189658e-18,500,0.35964912280700007,2.4850204174189658e-18,500
8,8,4,1.0,1.0,0.1,0.5263928313387852,0.0006900480895148066,284,1.2622226169272885,1.3481034634065585e-06,284,10.248995523401057,0.0003788016800097202,284,1.2591327495419717,5.11298357666682e-06,284,0.9022769713058311,1.6089316695321285e-05,284,0.0006639728478575283,1.6961422138046603e-07,284,1513.6477167311618,0.3465588478089955,284,0.27646533638927817,6.329841969133053e-05,284,nan,nan,0,3.9883713298064083,8.819097216962835e-05,284,0.17860939235027462,0.0020117962571163427,284,3.9842265695799997,2.6398363418678808e-17,284,8.696986301370002,1.0559345367471523e-16,284,3.7055707762600005,2.6398363418678808e-17,284,6.522739726029998,1.0559345367471523e-16,284,0.42607526881699986,6.599590854669702e-18,284,0.75,0.0,284
8,8,4,1.0,2.0,0.1,0.5271803885154548,0.00046949108795626455,266,1.2434313225522555,9.087865886127156e-07,266,4.896190266714512,0.0006799102533301762,266,1.22414165760109,4.0314873567606226e-05,266,0.8490299316010111,4.4279791021541353e-05,266,0.001524649793123985,1.5527258643356916e-06,266,778.8299846035112,0.30095863094211456,266,0.14225205198236462,5.496961295780466e-05,266,nan,nan,0,7.970635284612745,4.88885840982555e-05,266,0.18317937554148309,0.0021521022599056273,266,7.96845313915,0.0,266,8.696986301370002,1.0912073321981652e-16,266,2.84639269406,0.0,266,3.705570776260001,5.456036660990826e-17,266,0.32728494623700005,3.4100229131192663e-18,266,0.4260752688169998,1.0230068739357798e-17,266
8,8,4,1.0,3.0,0.1,0.5143803345135453,0.0005426122719142336,277,1.2447997633851264,1.3421146048025104e-06,277,2.459696629052563,0.0007726823524158301,277,1.1656513169940073,0.00027232343469010746,277,0.7566018158780146,7.476306949630033e-05,277,0.005539703403922996,1.0164885138955105e-05,277,333.9650692412094,0.19038303546493723,277,0.06099818616277328,3.477315716267557e-05,277,nan,nan,0,11.954098694170037,3.2922022504757024e-05,277,0.18040507995455055,0.002234184997504338,277,11.952679708700002,1.0692411674796993e-16,277,8.696986301370002,1.0692411674796993e-16,277,2.84639269406,0.0,277,2.96913242009,0.0,277,0.32728494623700005,3.3413786483740604e-18,277,0.34139784946199997,3.3413786483740604e-18,277
8,8,4,1.0,4.0,0.1,0.49553338370433586,0.0004705984522042081,265,1.247343413115434,1.867404199787944e-06,265,1.3196025922808678,0.00037461523490770474,265,1.0773802530115473,0.0005848200016986295,265,0.6763775657392793,0.00011000312495561149,265,0.014212108710782264,4.428348463149356e-05,265,199.58898634740376,0.15102509813769494,265,0.03645460937852491,2.7584492810265258e-05,265,nan,nan,0,15.937995864217736,2.4019633465932638e-05,265,0.18297219074619173,0.002177514220579433,265,15.936906278300002,1.0932720593655597e-16,265,8.696986301370004,2.1865441187311194e-16,265,2.84639269406,0.0,265,2.84639269406,0.0,265,0.32728494623700005,3.416475185517374e-18,265,0.32728494623700005,3.416475185517374e-18,265
8,8,4,1.0,5.0,0.1,0.48586195528616194,0.0004992925705345064,278,1.2494000817612232,1.1008598269142356e-06,278,0.8170715825780611,0.00014519009725282622,278,1.0133164099106078,0.0006910487345809502,278,0.626873600021518,0.00013239503189923054,278,0.021956772546458274,5.830772268866853e-05,278,150.27128101196402,0.13271859467541594,278,0.027446809317256116,2.424083921041955e-05,278,nan,nan,0,19.922004857660433,1.825888074263361e-05,278,0.18329547491205034,0.0020344212441082803,278,19.9211328479,0.0,278,8.69698630137,0.0,278,2.84639269406,0.0,278,2.84639269406,0.0,278,0.32728494623700005,3.3353418256504827e-18,278,0.32728494623700005,3.3353418256504827e-18,278
8,8,4,1.0,6.0,0.1,0.47800211642854107,0.00042341893507913874,268,1.2499789364336193,4.23495949187174e-07,268,0.5622711888990409,4.684142959029636e-05,268,0.9689908382789516,0.0007372038292506097,268,0.5938114723937835,0.0001518019722579068,268,0.02775640986640149,7.024777206437392e-05,268,122.9779532598097,0.12227268331997164,268,0.022461726622788804,2.2332910195918387e-05,268,nan,nan,0,23.906076636628733,1.5590301367975922e-05,268,0.18194252322895785,0.00210960133171007,268,23.905359417499998,2.174225462291107e-16,268,8.69698630137,0.0,268,2.84639269406,0.0,268,2.84639269406,0.0,268,0.32728494623700005,3.3972272848298546e-18,268,0.32728494623700005,3.3972272848298546e-18,268
8,8,4,1.0,7.0,0.1,0.4745461314179671,0.0003840065561108658,273,1.2503508830179488,1.062626307239594e-07,273,0.41796362978963736,1.1928594264558735e-05,273,0.9326796885081062,0.0007984111857182923,273,0.5693036929812747,0.0001824635721745402,273,0.0329111366345337,8.204004860960242e-05,273,105.30139726657143,0.1450826953840437,273,0.019233131920841758,2.6499122444424854e-05,273,nan,nan,0,27.890209519243587,1.385902836363425e-05,273,0.18325196027059742,0.0020997814719012804,273,27.889585987,0.0,273,8.696986301370002,1.0770745408287618e-16,273,2.84639269406,0.0,273,2.84639269406,0.0,273,0.327284946237,0.0,273,0.327284946237,0.0,273
8,8,4,1.0,8.0,0.1,0.46981475394588484,0.00039472705017580355,278,1.250597758424784,7.064669667668686e-08,278,0.3232970637414784,2.693571407664878e-06,278,0.9045171706135108,0.0009978813434095876,278,0.5503033780693992,0.00026448498245216834,278,0.03734874792858309,0.0001133247847839799,278,93.03073329676403,0.21302506941185967,278,0.016991914757401437,3.8908688477133825e-05,278,nan,nan,0,31.87434759177698,1.3257908040143584e-05,278,0.18039123189746079,0.0023781190544639396,278,31.8738125566,0.0,278,8.69698630137,0.0,278,2.84639269406,0.0,278,2.84639269406,0.0,278,0.32728494623700005,3.3353418256504827e-18,278,0.32728494623700005,3.3353418256504827e-18,278
8,8,4,1.0,9.0,0.1,0.46561046694297825,0.00037156559223097213,277,1.2507659529077257,5.9288725321004984e-08,277,0.25740378814735737,1.820373072361961e-06,277,0.8765742505413827,0.0009582093584629893,277,0.5336584903341878,0.0002625719580975301,277,0.04178491770794188,0.00011665961532344428,277,83.0435717439509,0.1984323693991167,277,0.015167775660998556,3.6243355141591115e-05,277,nan,nan,0,35.85850702814405,1.0604862107872414e-05,277,0.179780084496574,0.0021157318226050943,277,35.8580391262,0.0,277,8.696986301370002,1.0692411674796993e-16,277,2.84639269406,0.0,277,2.84639269406,0.0,277,0.32728494623700005,3.3413786483740604e-18,277,0.32728494623700005,3.3413786483740604e-18,277
8,8,4,1.0,10.0,0.1,0.4625699471654702,0.0003978289123282765,268,1.2508848360150373,5.4824788020975654e-08,268,0.2096883319412873,1.5052370422192152e-06,268,0.8508249672438133,0.0010953244277138023,268,0.5188794681954328,0.0003113232277793327,268,0.04570763236363171,0.0001426874153794266,268,74.98957898320522,0.21923260295627026,268,0.013696726754925373,4.004248455820098e-05,268,nan,nan,0,39.84268924576754,9.836315982044023e-06,268,0.18014643811398284,0.0022047357297667073,268,39.8422656958,0.0,268,8.69698630137,0.0,268,2.84639269406,0.0,268,2.84639269406,0.0,268,0.32728494623700005,3.3972272848298546e-18,268,0.32728494623700005,3.3972272848298546e-18,268
8,4,4,0.5,1.0,0.25,0.47590151966272404,0.0017874332870682383,500,0.28374835051353603,1.3242824901326967e-05,500,2.6872389149115596,0.0013498971855646696,500,0.5261923026249381,4.610542685194287e-05,500,0.8526453832230241,7.05416526922961e-05,500,0.0111571953284006,6.192718228736148e-06,500,93.7941292824112,0.03486945799171112,500,0.28422463418912797,0.00010566502421641502,500,nan,nan,0,2.4494151972989204,0.00032645010352645,500,0.30881664665604397,0.002690086422324743,500,2.429137546509999,3.976032667870345e-17,500,5.818181818179999,3.976032667870345e-17,500,3.102496969696721,8.417433384113133e-05,500,5.13939393939,0.0,500,0.5332416666663841,1.4467463623339098e-05,500,0.8833333333330001,4.9700408348379315e-18,500
8,4,4,0.5,2.0,0.25,0.49099024849899603,0.0014200543405181857,500,0.25759710936497004,2.269029500086067e-05,500,1.1714661239893598,0.0006295544816417928,500,0.487650895006508,0.00011851298012591078,500,0.807624607026028,9.565600013070767e-05,500,0.017874649302178,3.8595989936070846e-05,500,69.60032531857199,0.05580280553806722,500,0.210910076722944,0.00016909941072164384,500,nan,nan,0,4.86836813502014,0.00016031938760086877,500,0.3080358382396372,0.0025709049027630645,500,4.858275093019998,7.95206533574069e-17,500,5.818181818179999,3.976032667870345e-17,500,3.0060606060600006,1.9880163339351726e-17,500,3.103030303030001,3.976032667870345e-17,500,0.5166666666669999,4.9700408348379315e-18,500,0.533333333333,0.0,500
8,4,4,0.5,3.0,0.25,0.489746652461558,0.0013488815141238458,500,0.26046800487791993,6.129454727098638e-06,500,0.5759001926803361,0.00031298357273416036,500,0.469224680373598,0.00021228174094827215,500,0.76656151909951,0.00016100253562694255,500,0.0317914489262416,0.00012503058481181935,500,58.018273063590605,0.07302911535157128,500,0.17581294867755598,0.00022130034954995703,500,nan,nan,0,7.294031821204641,0.0001072948510296458,500,0.30503450261021,0.002639657027983646,500,7.287412639530003,1.1928098003611036e-16,500,5.818181818179999,3.976032667870345e-17,500,3.0060606060600006,1.9880163339351726e-17,500,3.0060606060600006,1.9880163339351726e-17,500,0.5166666666669999,4.9700408348379315e-18,500,0.5166666666669999,4.9700408348379315e-18,500
8,4,4,0.5,4.0,0.25,0.491153479374832,0.0013461208156995905,500,0.262281123603596,8.150035949869244e-07,500,0.33830810114888005,1.8728274386201915e-05,500,0.46337251382625,0.00018540088547468647,500,0.746118141140942,0.00014381152398089124,500,0.0418916281063832,0.00014560031229443333,500,53.9716843258398,0.0711233481113848,500,0.163550558563162,0.00021552529730727114,500,nan,nan,0,9.721524014573639,8.207049818192745e-05,500,0.305215650494706,0.0026591302763198303,500,9.716550186029998,7.95206533574069e-17,500,5.818181818179999,3.976032667870345e-17,500,3.0060606060600006,1.9880163339351726e-17,500,3.0060606060600006,1.9880163339351726e-17,500,0.5166666666669999,4.9700408348379315e-18,500,0.5166666666669999,4.9700408348379315e-18,500
8,4,4,0.5,5.0,0.25,0.48935052728072004,0.0012850148537368337,500,0.262706764193668,1.746660514814264e-06,500,0.22412339886695198,2.0197029737791727e-05,500,0.46117121583910803,0.00015142636038913582,500,0.734108120337464,0.00011920898052738653,500,0.047576596266040196,0.00014926584801949663,500,51.531147209265995,0.05924811605263108,500,0.156154991543236,0.00017953974561505686,500,nan,nan,0,12.1498243471232,6.647398021756751e-05,500,0.311461224763322,0.002646614630622535,500,12.145687732499999,7.95206533574069e-17,500,5.818181818179999,3.976032667870345e-17,500,3.0060606060600006,1.9880163339351726e-17,500,3.0060606060600006,1.9880163339351726e-17,500,0.5166666666669999,4.9700408348379315e-18,500,0.5166666666669999,4.9700408348379315e-18,500
8,4,4,0.5,6.0,0.25,0.48569816214310596,0.0012664083417838925,500,0.26295056935167,2.392638997365955e-06,500,0.158746104424868,2.2661742560357338e-05,500,0.459603724079094,0.00013579703156289173,500,0.725471696740036,0.00011767638819272116,500,0.0511910292407304,0.00013821314253154618,500,50.1103205370936,0.061207036997073964,500,0.151849456173022,0.0001854758696881909,500,nan,nan,0,14.5781937744794,5.6312989554032885e-05,500,0.30758376154997596,0.0026843357014630083,500,14.574825279099997,1.590413067148138e-16,500,5.818181818179999,3.976032667870345e-17,500,3.0060606060600006,1.9880163339351726e-17,500,3.0060606060600006,1.9880163339351726e-17,500,0.5166666666669999,4.9700408348379315e-18,500,0.5166666666669999,4.9700408348379315e-18,500
8,4,4,0.5,7.0,0.25,0.48460252099189993,0.0014455960291361448,500,0.26310072200257,2.3466414916135796e-06,500,0.118004359712376,2.1047767112125985e-05,500,0.4588167266385,0.00014862370422800338,500,0.719627939292754,0.00013018605700539706,500,0.0531439273135012,0.00014679549175866728,500,49.215131045381995,0.06478588543467392,500,0.149136760743608,0.0001963208649529458,500,nan,nan,0,17.0068491376464,4.7688514169974956e-05,500,0.30730569328994206,0.0027340953265367804,500,17.003962825600002,1.590413067148138e-16,500,5.818181818179999,3.976032667870345e-17,500,3.0060606060600006,1.9880163339351726e-17,500,3.0060606060600006,1.9880163339351726e-17,500,0.5166666666669999,4.9700408348379315e-18,500,0.5166666666669999,4.9700408348379315e-18,500
8,4,4,0.5,8.0,0.25,0.48265310532809796,0.0014618995335610539,500,0.26319796668203194,2.29840425940606e-06,500,0.0909801464190338,1.881893762142471e-05,500,0.45828653484302,0.00015396218145979348,500,0.71522063820682,0.00013936783559888115,500,0.054338316432034205,0.0001591195791520013,500,48.664695166482794,0.07028421857125355,500,0.147468773231772,0.00021298248051870248,500,nan,nan,0,19.435587164430203,4.294824274560239e-05,500,0.30450435369528395,0.002808651892870455,500,19.4331003721,0.0,500,5.818181818179999,3.976032667870345e-17,500,3.0060606060600006,1.9880163339351726e-17,500,3.0060606060600006,1.9880163339351726e-17,500,0.5166666666669999,4.9700408348379315e-18,500,0.5166666666669999,4.9700408348379315e-18,500
8,4,4,0.5,9.0,0.25,0.48352382190875803,0.0014322820623897772,500,0.26326795495734,1.9545766158211386e-06,500,0.07217730997778159,1.57348603293425e-05,500,0.457587829902344,0.0001450847871438693,500,0.7114500360606659,0.00012815469787954393,500,0.055259474123479806,0.0001562930307963683,500,48.084695912359,0.06313304050571189,500,0.145711199734418,0.00019131224395701807,500,nan,nan,0,21.864465309860403,3.57549532303896e-05,500,0.306759769235076,0.0025698885962810746,500,21.862237918599995,3.180826134296276e-16,500,5.818181818179999,3.976032667870345e-17,500,3.0060606060600006,1.9880163339351726e-17,500,3.0060606060600006,1.9880163339351726e-17,500,0.5166666666669999,4.9700408348379315e-18,500,0.5166666666669999,4.9700408348379315e-18,500
8,4,4,0.5,10.0,0.25,0.484314909895098,0.0014260935033390538,500,0.26332208262686596,1.6940196513908712e-06,500,0.0586510637965972,1.3224275155459802e-05,500,0.456707982299916,0.0001590328347798985,500,0.708476333089362,0.00013337590559003997,500,0.056146460766293205,0.00016941092511113052,500,47.707762786273,0.06448438124705788,500,0.144568978140208,0.00019540721590031996,500,nan,nan,0,24.293372762181,3.376006345981374e-05,500,0.30561050315876204,0.002701207910025545,500,24.291375465099996,1.590413067148138e-16,500,5.818181818179999,3.976032667870345e-17,500,3.0060606060600006,1.9880163339351726e-17,500,3.0060606060600006,1.9880163339351726e-17,500,0.5166666666669999,4.9700408348379315e-18,500,0.5166666666669999,4.9700408348379315e-18,500
8,5,4,0.625,1.0,0.25,0.5168886756222559,0.0009119508977432159,500,0.48608317554626795,4.311767072900804e-06,500,4.64749333486272,0.0009284309027095283,500,0.714529131993282,1.6136286240588838e-05,500,0.871851012150348,3.335672988649583e-05,500,0.00468765254775114,1.563622505148212e-06,500,216.478188067046,0.05474960874050752,500,0.27612013784062,6.98336846169695e-05,500,nan,nan,0,3.03320136796138,0.0003631687396367699,500,0.35010577441190005,0.003167142284210012,500,3.0121083869699996,1.9880163339351726e-17,500,6.693877551019999,3.976032667870345e-17,500,3.264081632654,0.00020510153723309624,500,5.59183673469,0.0,500,0.48762195121972,3.064016867193556e-05,500,0.8353658536590002,9.940081669675863e-18,500
8,5,4,0.625,2.0,0.25,0.5165723690207901,0.0008835808626317511,500,0.46619847607649795,1.0457354721135938e-05,500,2.2325851965473604,0.0010667705796070163,500,0.681426767622554,4.6255987605476366e-05,500,0.818824977079422,5.8759453141917704e-05,500,0.00811067584369674,5.651934256257399e-06,500,135.67923261721398,0.05195570341111062,500,0.173060245685184,6.627002986055922e-05,500,nan,nan,0,6.03482320763248,0.0001696862203193081,500,0.35125448891977806,0.003015677089034056,500,6.024216773939999,3.976032667870345e-17,500,6.693877551019999,3.976032667870345e-17,500,3.0204081632699995,1.9880163339351726e-17,500,3.2653061224499997,1.9880163339351726e-17,500,0.4512195121950001,4.9700408348379315e-18,500,0.4878048780490001,2.4850204174189658e-18,500
8,5,4,0.625,3.0,0.25,0.49931861089080803,0.0008516851014327612,500,0.463603510120692,2.4674904987853793e-06,500,1.036990165272302,0.0006070466379361464,500,0.65409155827294,0.00010961214417068355,500,0.743419611754086,7.233833688746321e-05,500,0.0162067943241754,1.9378284546547328e-05,500,83.74109156706379,0.06409744281780663,500,0.106812616794728,8.175694236842974e-05,500,nan,nan,0,9.043298186152901,0.00011497929607303021,500,0.348582195493514,0.0030251847914537777,500,9.036325160920002,7.95206533574069e-17,500,6.693877551019999,3.976032667870345e-17,500,3.0204081632699995,1.9880163339351726e-17,500,3.0204081632699995,1.9880163339351726e-17,500,0.4512195121950001,4.9700408348379315e-18,500,0.4512195121950001,4.9700408348379315e-18,500
8,5,4,0.625,4.0,0.25,0.502734747382684,0.000937514012554983,500,0.46367943621970403,7.931643779850075e-07,500,0.5544461084691559,0.0001357816796770557,500,0.637995591165736,0.00017319573567106436,500,0.700302333813686,0.00010020913895267249,500,0.0226582544474156,3.2500320439090475e-05,500,66.9594919983002,0.06170074542353339,500,0.08540751530395439,7.869993038722471e-05,500,nan,nan,0,12.0538040792838,8.844169261660342e-05,500,0.3531947684932822,0.0030687455884589663,500,12.048433547900002,7.95206533574069e-17,500,6.693877551019999,3.976032667870345e-17,500,3.0204081632699995,1.9880163339351726e-17,500,3.0204081632699995,1.9880163339351726e-17,500,0.4512195121950001,4.9700408348379315e-18,500,0.4512195121950001,4.9700408348379315e-18,500
8,5,4,0.625,5.0,0.25,0.498364182906182,0.0009321201009196515,500,0.463787238527912,4.874248504151093e-07,500,0.36535422662416206,2.0908976279331835e-05,500,0.628151728081276,0.0002169755282954263,500,0.67864912283301,0.0001306713478485377,500,0.0263299714611432,4.245275389170419e-05,500,60.26112215866961,0.06283848628170208,500,0.076863676222793,8.015113046140844e-05,500,nan,nan,0,15.064888348238,7.312024732388327e-05,500,0.354834338486958,0.0031758209043493127,500,15.060541934899994,2.3856196007222073e-16,500,6.693877551019999,3.976032667870345e-17,500,3.0204081632699995,1.9880163339351726e-17,500,3.0204081632699995,1.9880163339351726e-17,500,0.4512195121950001,4.9700408348379315e-18,500,0.4512195121950001,4.9700408348379315e-18,500
8,5,4,0.625,6.0,0.25,0.494895726733326,0.0008429882706767794,500,0.463878614699406,3.621840672102014e-07,500,0.25948028431403397,1.229416878276839e-05,500,0.618875130877088,0.00026083796294712214,500,0.662971882084134,0.00015603910139137022,500,0.028983215031715404,5.345714086526035e-05,500,55.9621494975412,0.05890602038520535,500,0.0713802927264536,7.513523008313999e-05,500,nan,nan,0,18.076174030188202,5.895140624202716e-05,500,0.350352144927444,0.003047066714427406,500,18.072650321800005,1.590413067148138e-16,500,6.693877551019999,3.976032667870345e-17,500,3.0204081632699995,1.9880163339351726e-17,500,3.0204081632699995,1.9880163339351726e-17,500,0.4512195121950001,4.9700408348379315e-18,500,0.4512195121950001,4.9700408348379315e-18,500
8,5,4,0.625,7.0,0.25,0.493823341852152,0.0008403675572024586,500,0.463948271967148,3.1660603835353684e-07,500,0.193522390807028,9.681761306082736e-06,500,0.6087094896703501,0.00030173777276077085,500,0.649804972616512,0.0001755272634702366,500,0.0315766269162044,6.665885498850753e-05,500,52.73981476429739,0.05571244395977484,500,0.0672701718932392,7.106179076498369e-05,500,nan,nan,0,21.087766266944,4.799746894233527e-05,500,0.34990554847823396,0.002970657292012386,500,21.0847587088,0.0,500,6.693877551019999,3.976032667870345e-17,500,3.0204081632699995,1.9880163339351726e-17,500,3.0204081632699995,1.9880163339351726e-17,500,0.4512195121950001,4.9700408348379315e-18,500,0.4512195121950001,4.9700408348379315e-18,500
8,5,4,0.625,8.0,0.25,0.489080123899034,0.0008452109278368707,500,0.464002647069306,2.651212414042399e-07,500,0.14972961184855602,7.761853662068622e-06,500,0.598630352311092,0.0003251974537677086,500,0.63865114053703,0.0001970464495772803,500,0.034084391740781,7.709554277189327e-05,500,50.3747195409724,0.058446913517795164,500,0.0642534688022608,7.454963458912203e-05,500,nan,nan,0,24.0995151387432,4.4482716466054425e-05,500,0.350376160033132,0.003121977446021968,500,24.096867095800004,1.590413067148138e-16,500,6.693877551019999,3.976032667870345e-17,500,3.0204081632699995,1.9880163339351726e-17,500,3.0204081632699995,1.9880163339351726e-17,500,0.4512195121950001,4.9700408348379315e-18,500,0.4512195121950001,4.9700408348379315e-18,500
8,5,4,0.625,9.0,0.25,0.48728641389726,0.0008025367077459778,500,0.46404543784563,2.2069149605185636e-07,500,0.11920917313627401,6.496415970917593e-06,500,0.588673496777986,0.00036186636849281425,500,0.628970882529178,0.000207782979232909,500,0.036513988883646,8.3423173272831e-05,500,48.512779727994,0.05599330221431702,500,0.0618785455714202,7.142002833462396e-05,500,nan,nan,0,27.1113266222036,3.8798300630063294e-05,500,0.350545151422714,0.003035639887753506,500,27.108975482699993,3.180826134296276e-16,500,6.693877551019999,3.976032667870345e-17,500,3.0204081632699995,1.9880163339351726e-17,500,3.0204081632699995,1.9880163339351726e-17,500,0.4512195121950001,4.9700408348379315e-18,500,0.4512195121950001,4.9700408348379315e-18,500
8,5,4,0.625,10.0,0.25,0.4845272773853741,0.0008161695509228135,500,0.46407927166283797,1.8331393442843254e-07,500,0.09711138913992481,5.061934290007752e-06,500,0.579294462057498,0.0003923730238715923,500,0.620333555393118,0.00021848382284782585,500,0.0387478246574056,8.9388372052246e-05,500,46.9366015276764,0.054335177300958035,500,0.0598681141934698,6.930507308794325e-05,500,nan,nan,0,30.123202198527,3.430490139831392e-05,500,0.350947003597054,0.002987614636055501,500,30.121083869699994,3.180826134296276e-16,500,6.693877551019999,3.976032667870345e-17,500,3.0204081632699995,1.9880163339351726e-17,500,3.0204081632699995,1.9880163339351726e-17,500,0.4512195121950001,4.9700408348379315e-18,500,0.4512195121950001,4.9700408348379315e-18,500
8,6,4,0.75,1.0,0.25,0.5264352839200199,0.0006098900998214623,500,0.7137306060845879,1.5207916412414978e-05,500,6.6576909432148605,0.0008706817651537397,500,0.8955903515832719,1.7148142649264657e-05,500,0.8846992808234779,1.9949949430503958e-05,500,0.0022744971521075,8.523029139366201e-07,500,449.32192370788204,0.09612096923283944,500,0.27198663662704803,5.8184606072511104e-05,500,nan,nan,0,3.42730897906274,0.00036514056393979635,500,0.38896752461845996,0.003266234500883691,500,3.4043933611799995,1.9880163339351726e-17,500,7.4576271186400005,3.976032667870345e-17,500,3.4068111380118595,0.00036908170890228003,500,5.966101694919999,3.976032667870345e-17,500,0.45682240259755413,4.9490501881141994e-05,500,0.8,0.0,500
8,6,4,0.75,2.0,0.25,0.528356109163008,0.0005851110319403251,500,0.69612108652932,3.924206092251032e-06,500,3.11407110755704,0.0006572751826407822,500,0.865639604503536,3.5725405102244685e-05,500,0.830735883493664,3.316695651356381e-05,500,0.00438577279001622,2.8569139484090787e-06,500,258.064302072888,0.06990540182026322,500,0.15621325791337,4.231561853664228e-05,500,nan,nan,0,6.8203508346087,0.0001886802015205502,500,0.3898258558961268,0.0033686171690830904,500,6.808786722349999,3.976032667870345e-17,500,7.4576271186400005,3.976032667870345e-17,500,2.9830508474599995,1.9880163339351726e-17,500,3.409200968519999,3.976032667870345e-17,500,0.4,0.0,500,0.4571428571430001,4.9700408348379315e-18,500
8,6,4,0.75,3.0,0.25,0.512411855833624,0.0005280043666723853,500,0.7004851367103799,1.7091006710912636e-06,500,1.5044932417006798,0.000548634757023175,500,0.8323758211486278,0.0001563717155565694,500,0.741642085401858,7.790215203680234e-05,500,0.013188770940753398,2.3718787515978843e-05,500,132.10924547935596,0.10899899572516968,500,0.0799692769245538,6.598002162513091e-05,500,nan,nan,0,10.2208708484002,0.00012713939152965672,500,0.389494919522546,0.003306414116337698,500,10.213180083499996,1.590413067148138e-16,500,7.4576271186400005,3.976032667870345e-17,500,2.9830508474599995,1.9880163339351726e-17,500,3.00242130751,0.0,500,0.4,0.0,500,0.40259740259700005,2.4850204174189658e-18,500
8,6,4,0.75,4.0,0.25,0.496979939445662,0.0005033896479055597,500,0.7042475275123339,1.0861924713845775e-06,500,0.777028912045532,0.00017383759330481382,500,0.8011287582858619,0.00029818870716552125,500,0.6810901424223019,0.0001376481181213366,500,0.0233710886728798,6.738337775196888e-05,500,93.3030581355094,0.07947845522292492,500,0.056478848750306794,4.811044505020287e-05,500,nan,nan,0,13.623453618890998,8.891024196517515e-05,500,0.39389856465112993,0.003174879305823286,500,13.617573444699998,7.95206533574069e-17,500,7.4576271186400005,3.976032667870345e-17,500,2.9830508474599995,1.9880163339351726e-17,500,2.9830508474599995,1.9880163339351726e-17,500,0.4,0.0,500,0.4,0.0,500
8,6,4,0.75,5.0,0.25,0.501634849786836,0.0005569552081173671,500,0.705412402560734,7.308330762917397e-07,500,0.506573857230244,2.3920738070460446e-05,500,0.7794703610137881,0.00035427446290262884,500,0.650911282091192,0.00016094793856512397,500,0.030764264802950202,0.00010207880638151902,500,80.2179071080976,0.07196628318223801,500,0.0485580551501786,4.356312541305739e-05,500,nan,nan,0,17.026490657161002,7.382886621257266e-05,500,0.38540469669996197,0.0033187683390224305,500,17.021966805900004,1.590413067148138e-16,500,7.4576271186400005,3.976032667870345e-17,500,2.9830508474599995,1.9880163339351726e-17,500,2.9830508474599995,1.9880163339351726e-17,500,0.4,0.0,500,0.4,0.0,500
8,6,4,0.75,6.0,0.25,0.497525226526762,0.0005279567602882448,500,0.706070560626282,6.713699683441493e-07,500,0.360583932872532,1.0269010671105609e-05,500,0.758705321106518,0.0003964059373675881,500,0.6282688836161481,0.00016662766226833886,500,0.037526524687162,0.0001354071724970312,500,71.6113652494774,0.058211395862852094,500,0.0433482840493206,3.523692243515633e-05,500,nan,nan,0,20.4301688877866,6.349918954132468e-05,500,0.386896480834308,0.003445607742475365,500,20.426360167100007,3.180826134296276e-16,500,7.4576271186400005,3.976032667870345e-17,500,2.9830508474599995,1.9880163339351726e-17,500,2.9830508474599995,1.9880163339351726e-17,500,0.4,0.0,500,0.4,0.0,500
8,6,4,0.75,7.0,0.25,0.492733764714904,0.0004969632537184811,500,0.7064669684843279,5.736450065641701e-07,500,0.269409721732652,6.217462775970798e-06,500,0.737796409634784,0.00038795577384966235,500,0.609578625016318,0.000160269908064995,500,0.0438916303695146,0.0001458001071169053,500,65.2138373223678,0.05261363151759678,500,0.0394756884517986,3.1848445228407226e-05,500,nan,nan,0,23.834134141664,5.243972317435669e-05,500,0.39489846524074596,0.0032260008424075063,500,23.830753528199995,1.590413067148138e-16,500,7.4576271186400005,3.976032667870345e-17,500,2.9830508474599995,1.9880163339351726e-17,500,2.9830508474599995,1.9880163339351726e-17,500,0.4,0.0,500,0.4,0.0,500
8,6,4,0.75,8.0,0.25,0.48883594811249004,0.0005112872260250224,500,0.70672849453237,5.185691669117481e-07,500,0.20871303208988598,4.530582704306136e-06,500,0.719085096562602,0.0004307888122564226,500,0.5940782153939119,0.00017166062357570644,500,0.0489947530539074,0.00016860723277539413,500,60.134959369956405,0.052141246475046324,500,0.0364013071246718,3.156249786624311e-05,500,nan,nan,0,27.238088371966402,4.767322458936735e-05,500,0.392977868600964,0.0034097584823795488,500,27.235146889399996,1.590413067148138e-16,500,7.4576271186400005,3.976032667870345e-17,500,2.9830508474599995,1.9880163339351726e-17,500,2.9830508474599995,1.9880163339351726e-17,500,0.4,0.0,500,0.4,0.0,500
8,6,4,0.75,9.0,0.25,0.484389100592212,0.000533208606471045,500,0.7069100430315479,4.661837804202163e-07,500,0.166338288822852,3.7991478201843017e-06,500,0.7019041833992541,0.0004774764941472762,500,0.580905354845742,0.00018659529937487898,500,0.0532885964128962,0.00018159695299234515,500,56.0502559118582,0.05678722959325452,500,0.033928726338898596,3.4374836315556344e-05,500,nan,nan,0,30.6420912762214,4.344274487116283e-05,500,0.38760713334868396,0.0034942450809448667,500,30.639540250600003,1.590413067148138e-16,500,7.4576271186400005,3.976032667870345e-17,500,2.9830508474599995,1.9880163339351726e-17,500,2.9830508474599995,1.9880163339351726e-17,500,0.4,0.0,500,0.4,0.0,500
8,6,4,0.75,10.0,0.25,0.48113435942268407,0.0005311663580030464,500,0.707042592629148,4.143633791372755e-07,500,0.13562169776340602,3.058981649829689e-06,500,0.6847993311443019,0.00046051994265560635,500,0.5693353778525581,0.0001800999941667008,500,0.0575354493414586,0.0001778774393734074,500,52.7572020779802,0.05691964900789448,500,0.031935352347446606,3.4454993346200094e-05,500,nan,nan,0,34.0462774531872,3.8558190525952477e-05,500,0.392057649271136,0.0034339453835007536,500,34.04393361180001,3.180826134296276e-16,500,7.4576271186400005,3.976032667870345e-17,500,2.9830508474599995,1.9880163339351726e-17,500,2.9830508474599995,1.9880163339351726e-17,500,0.4,0.0,500,0.4,0.0,500
8,7,4,0.875,1.0,0.25,0.530218460372526,0.0003768099652466894,500,0.9756241636487138,6.350852756028889e-06,500,8.7498488223792,0.0006222421887223699,500,1.08069621221628,8.487437043661286e-06,500,0.894764968283336,7.738980126505086e-06,500,0.0011738080690512401,1.64194791352345e-07,500,859.375169287146,0.0938956269545384,500,0.273338158170216,2.9865021296588743e-05,500,nan,nan,0,3.73499685634348,0.0004025677076059505,500,0.419094497359406,0.0036793834839787248,500,3.7105103144900005,1.9880163339351726e-17,500,8.122137404580002,7.95206533574069e-17,500,3.5497404580124403,0.0004014649407113429,500,6.26972010178,0.0,500,0.43704511278198416,4.942848423745829e-05,500,0.7719298245609998,9.940081669675863e-18,500
8,7,4,0.875,2.0,0.25,0.523055861928302,0.0003903739319316448,500,0.95082238659997,5.754465888414709e-06,500,4.0342325713850995,0.0007101001560180978,500,1.02599711549554,8.545385031619415e-05,500,0.836303514454372,2.319868314134409e-05,500,0.0032003394626026996,3.152151297224388e-06,500,472.862389958986,0.10062969465938122,500,0.150401523523842,3.2006900337408026e-05,500,nan,nan,0,7.43379968967666,0.0002038793212871263,500,0.42801414645804603,0.003652018601257586,500,7.421020628980001,3.976032667870345e-17,500,8.122137404580002,7.95206533574069e-17,500,2.921119592879999,3.976032667870345e-17,500,3.5521628498700006,1.9880163339351726e-17,500,0.35964912280700007,2.4850204174189658e-18,500,0.43734335839600014,4.9700408348379315e-18,500
8,7,4,0.875,3.0,0.25,0.516738983000374,0.0003820396518115244,500,0.951257439790988,6.661022952791845e-06,500,2.01242318099096,0.0004414624670353938,500,0.971205704795156,0.00019881146098127598,500,0.752123664457686,5.293265375044468e-05,500,0.0118609386468457,3.074815742986198e-05,500,232.197787119636,0.1020369570448749,500,0.07385425798970499,3.245450287730235e-05,500,nan,nan,0,11.139604131396602,0.00013078810085935067,500,0.41671894741468407,0.003511479358289777,500,11.131530943499998,7.95206533574069e-17,500,8.122137404580002,7.95206533574069e-17,500,2.921119592879999,3.976032667870345e-17,500,2.9821882951699994,1.9880163339351726e-17,500,0.35964912280700007,2.4850204174189658e-18,500,0.36716791979899993,2.4850204174189658e-18,500
8,7,4,0.875,4.0,0.25,0.492320397486454,0.0003707763156329743,500,0.956107838289014,3.0419963572794697e-06,500,1.06817201723772,0.0002384796709500946,500,0.9141803558667241,0.0003485878827977796,500,0.6790955832728219,0.00011322482541440623,500,0.026872941119394197,8.046144856750199e-05,500,149.61630767719598,0.13558815139746117,500,0.0475878841212474,4.3126002352882293e-05,500,nan,nan,0,14.848424449102,0.00010581097717052006,500,0.427343916267822,0.0037192780544676087,500,14.842041257999998,7.95206533574069e-17,500,8.122137404580002,7.95206533574069e-17,500,2.921119592879999,3.976032667870345e-17,500,2.921119592879999,3.976032667870345e-17,500,0.35964912280700007,2.4850204174189658e-18,500,0.35964912280700007,2.4850204174189658e-18,500
8,7,4,0.875,5.0,0.25,0.48391363347836797,0.0003651466698757195,500,0.9597422254351781,1.7375814399285093e-06,500,0.670933371310714,7.812225946657703e-05,500,0.88645124686054,0.00043444360116214314,500,0.640309296417636,0.00016088653740801485,500,0.0359368831018732,0.0001195547360290825,500,117.349612019708,0.13945928904867258,500,0.037324940209834394,4.435728023186361e-05,500,nan,nan,0,18.5576020023168,7.968478872938708e-05,500,0.42551313065658997,0.003571197330748777,500,18.5525515725,0.0,500,8.122137404580002,7.95206533574069e-17,500,2.921119592879999,3.976032667870345e-17,500,2.921119592879999,3.976032667870345e-17,500,0.35964912280700007,2.4850204174189658e-18,500,0.35964912280700007,2.4850204174189658e-18,500
8,7,4,0.875,6.0,0.25,0.47868324305355003,0.0003566511561760891,500,0.9607290145611561,6.359313727620907e-07,500,0.471200119371316,1.5514643332990037e-05,500,0.86305440376227,0.0005010516129587567,500,0.613214116558088,0.000191557320117882,500,0.0428711578723206,0.00014737531385123167,500,96.95560107547038,0.1351277823571528,500,0.030838295507464402,4.297957454098789e-05,500,nan,nan,0,22.2674331765672,7.060373201631893e-05,500,0.433355388773588,0.0037081087608458077,500,22.263061886999996,1.590413067148138e-16,500,8.122137404580002,7.95206533574069e-17,500,2.921119592879999,3.976032667870345e-17,500,2.921119592879999,3.976032667870345e-17,500,0.35964912280700007,2.4850204174189658e-18,500,0.35964912280700007,2.4850204174189658e-18,500
8,7,4,0.875,7.0,0.25,0.473683606045768,0.0003831585496482232,500,0.961244616549184,5.266468974105785e-07,500,0.350904487628658,6.080062535975782e-06,500,0.842050024896612,0.0005159413494990329,500,0.591391784760564,0.00020809538517441116,500,0.048384872267394005,0.00016863925747258876,500,82.4038360934704,0.12751169101810697,500,0.026209871531002397,4.0557153631619645e-05,500,nan,nan,0,25.977131827591,5.930561840718785e-05,500,0.421823264381816,0.0037432566682111743,500,25.973572201399993,3.180826134296276e-16,500,8.122137404580002,7.95206533574069e-17,500,2.921119592879999,3.976032667870345e-17,500,2.921119592879999,3.976032667870345e-17,500,0.35964912280700007,2.4850204174189658e-18,500,0.35964912280700007,2.4850204174189658e-18,500
8,7,4,0.875,8.0,0.25,0.469469891135522,0.00037306639092882216,500,0.9615879606485521,4.976130014550039e-07,500,0.271197065396806,5.112410327948257e-06,500,0.8208110900533279,0.0005537014347455075,500,0.5724308171676099,0.00022725766779554501,500,0.0532422409263962,0.00018008156624811723,500,71.4139089547426,0.12833774101706313,500,0.0227143476319166,4.081989218096698e-05,500,nan,nan,0,29.6871263126526,5.0067373343763355e-05,500,0.41711253192799,0.003673082837879782,500,29.6840825159,0.0,500,8.122137404580002,7.95206533574069e-17,500,2.921119592879999,3.976032667870345e-17,500,2.921119592879999,3.976032667870345e-17,500,0.35964912280700007,2.4850204174189658e-18,500,0.35964912280700007,2.4850204174189658e-18,500
8,7,4,0.875,9.0,0.25,0.46489828447999193,0.00036964822051688273,500,0.961826119136464,4.2930014713052763e-07,500,0.215689893110224,4.101448486786274e-06,500,0.79716856997412,0.0005531862570741452,500,0.554333207371246,0.00023239585291417883,500,0.058537472671612606,0.00018283838965854594,500,62.22227214494521,0.11495146936714876,500,0.019790799028290403,3.6562172190542044e-05,500,nan,nan,0,33.3974777915498,4.5423096384213424e-05,500,0.431475431442756,0.0036154059116822995,500,33.394592830400015,6.361652268592552e-16,500,8.122137404580002,7.95206533574069e-17,500,2.921119592879999,3.976032667870345e-17,500,2.921119592879999,3.976032667870345e-17,500,0.35964912280700007,2.4850204174189658e-18,500,0.35964912280700007,2.4850204174189658e-18,500
8,7,4,0.875,10.0,0.25,0.46176553217934996,0.0003797539913157317,500,0.962000343502992,4.0037566855626824e-07,500,0.175533673082304,3.630797149793053e-06,500,0.777885287780212,0.0005652657967330514,500,0.5397837000321821,0.00024436331700939935,500,0.0621740652904844,0.00017834545582920462,500,55.720219244869604,0.11328909785740748,500,0.0177227160448062,3.603342807167097e-05,500,nan,nan,0,37.1076267711732,4.302076344006881e-05,500,0.424479655475132,0.003772896541607703,500,37.1051031449,0.0,500,8.122137404580002,7.95206533574069e-17,500,2.921119592879999,3.976032667870345e-17,500,2.921119592879999,3.976032667870345e-17,500,0.35964912280700007,2.4850204174189658e-18,500,0.35964912280700007,2.4850204174189658e-18,500
8,8,4,1.0,1.0,0.25,0.5310830842973943,0.0003635511226453468,279,1.2622652045008245,3.370288279141006e-06,279,10.287272601177062,0.0008051425160302591,279,1.259101408208817,5.270375427851139e-06,279,0.9026032801607635,4.522700679578483e-06,279,0.000660132121095319,5.0011780399497624e-08,279,1521.570487176846,0.10820378662543591,279,0.2779124177491864,1.9763248697852514e-05,279,nan,nan,0,4.01099856552828,0.0005667199830818219,279,0.4546523544050502,0.00516931221284955,279,3.9842265695800005,2.66347008405917e-17,279,8.69698630137,0.0,279,3.702601266759355,0.0006781820991718323,279,6.522739726029998,1.065388033623668e-16,279,0.4257338276099677,7.79789774973243e-05,279,0.75,0.0,279
8,8,4,1.0,2.0,0.25,0.5292858901678387,0.00036687531176011546,279,1.2435584665047312,5.6716102533886245e-06,279,4.939884988954302,0.0007730466596313173,279,1.222861454463405,5.85984450094537e-05,279,0.8494535510030071,2.6151388353890608e-05,279,0.001522875964791792,1.393849282789585e-06,279,779.1636324601972,0.2187546599132966,279,0.14231299223016844,3.9955189025785624e-05,279,nan,nan,0,7.982280901056238,0.00029177165177334766,279,0.46165486106584225,0.005180694684101096,279,7.968453139150001,5.32694016811834e-17,279,8.69698630137,0.0,279,2.84639269406,0.0,279,3.7055707762600005,2.66347008405917e-17,279,0.32728494623700005,3.3293376050739625e-18,279,0.4260752688169999,3.3293376050739625e-18,279
8,8,4,1.0,3.0,0.25,0.5177657745230329,0.00034188500568883205,274,1.2447801052305476,4.999551630618188e-06,274,2.5013691773871902,0.0007032959211476306,274,1.1545051913520072,0.000272930581332035,274,0.7541913247249781,8.892321942429804e-05,274,0.006150371975925366,1.5940039959357956e-05,274,322.86851301050007,0.26007241785334895,274,0.05897141790146242,4.750181147975206e-05,274,nan,nan,0,11.961684131067154,0.00020346091005596665,274,0.45523477749675184,0.005449612846246544,274,11.952679708700002,1.0751000670495658e-16,274,8.696986301370002,1.0751000670495658e-16,274,2.84639269406,0.0,274,2.9691324200899993,2.6877501676239144e-17,274,0.32728494623700005,3.359687709529893e-18,274,0.341397849462,0.0,274
8,8,4,1.0,4.0,0.25,0.4984560854588814,0.0003543919735475931,270,1.2472876988917037,4.735428151311845e-06,270,1.3413118403316295,0.00047949771337752703,270,1.055151710901,0.00053314998881974,270,0.6696489544710111,0.0001596641710473419,270,0.0165012090992,5.131260659395198e-05,270,187.95942612722592,0.23643915429524068,270,0.03433048879036556,4.31852336612266e-05,270,nan,nan,0,15.943428718258888,0.00014838367142497446,270,0.4470314803779741,0.005489547007991109,270,15.936906278300002,1.0830638800912814e-16,270,8.696986301370002,1.0830638800912814e-16,270,2.84639269406,0.0,270,2.84639269406,0.0,270,0.32728494623700005,3.3845746252852544e-18,270,0.32728494623700005,3.3845746252852544e-18,270
8,8,4,1.0,5.0,0.25,0.48768018151143006,0.00038122498610319177,279,1.2493929922183153,2.1375253709160367e-06,279,0.821907660289699,0.0001751567054167421,279,0.9879546413550967,0.0005297557242544496,279,0.6191852682484479,0.00016298701193364278,279,0.024906658194707883,6.148133225850409e-05,279,141.16646260177419,0.16973486933619408,279,0.025783828785712545,3.100180261869945e-05,279,nan,nan,0,19.92644232502939,0.0001134130688736745,279,0.45207003319288525,0.0050912715045335274,279,19.9211328479,0.0,279,8.69698630137,0.0,279,2.84639269406,0.0,279,2.84639269406,0.0,279,0.32728494623700005,3.3293376050739625e-18,279,0.32728494623700005,3.3293376050739625e-18,279
8,8,4,1.0,6.0,0.25,0.47984037685210645,0.0003682635707357217,263,1.2500094419005323,8.758670386323248e-07,263,0.5637185252880266,6.162066323428716e-05,263,0.9395454581807224,0.0005173644269339579,263,0.5850977364788593,0.00016171499578685703,263,0.03177728139547072,6.899634762262166e-05,263,115.3162591140038,0.13640511410842668,263,0.021062330431776046,2.4914176092731514e-05,263,nan,nan,0,23.909750848439923,9.758457274102723e-05,263,0.45037335932780226,0.0052214650899202195,263,23.9053594175,0.0,263,8.696986301370002,1.0974369203879337e-16,263,2.84639269406,0.0,263,2.84639269406,0.0,263,0.32728494623700005,3.4294903762122928e-18,263,0.32728494623700005,3.4294903762122928e-18,263
8,8,4,1.0,7.0,0.25,0.47391258368437256,0.000381172011134154,263,1.2503683634942584,6.526958713141977e-07,263,0.41854939989464635,1.701213817296438e-05,263,0.8998601357060797,0.0005948013636472992,263,0.5595446127592661,0.00017604869593225339,263,0.037768361919125096,8.78519147497259e-05,263,98.1876304914118,0.13232443154598705,263,0.017933813788386693,2.416884594466856e-05,263,nan,nan,0,27.893408208158554,8.640614121444388e-05,263,0.45339529417982893,0.005403420638434319,263,27.88958598699999,6.584621522327603e-16,263,8.696986301370002,1.0974369203879337e-16,263,2.84639269406,0.0,263,2.84639269406,0.0,263,0.32728494623700005,3.4294903762122928e-18,263,0.32728494623700005,3.4294903762122928e-18,263
8,8,4,1.0,8.0,0.25,0.46872312024727636,0.0003743825244000083,275,1.2506029921558546,3.4875952934500027e-07,275,0.32359010863269455,8.311168553113768e-06,275,0.8661286735617963,0.0006101289017480733,275,0.5387399445541782,0.00017742553547323104,275,0.042972740989191995,9.741964414329123e-05,275,85.35490587793309,0.11990858274826323,275,0.015589937146651639,2.190111100423289e-05,275,nan,nan,0,31.877020771977822,7.134677081797815e-05,275,0.4435006364347018,0.005347413414815712,275,31.873812556599997,2.1462728246397124e-16,275,8.696986301370002,1.0731364123198562e-16,275,2.84639269406,0.0,275,2.84639269406,0.0,275,0.32728494623700005,3.3535512884995506e-18,275,0.32728494623700005,3.3535512884995506e-18,275
8,8,4,1.0,9.0,0.25,0.4634429205758358,0.00039057176128928165,274,1.2507672983975546,2.331466239054513e-07,274,0.25758021364060224,5.720568371605517e-06,274,0.8342600536560328,0.0007313632504059329,274,0.5204461373615219,0.00021830830204568717,274,0.047996343602191245,0.00011138275428174893,274,75.04241330350766,0.13636556154933935,274,0.0137063768590927,2.4906951881101283e-05,274,nan,nan,0,35.86106132316277,6.989573408877301e-05,274,0.4557746994065,0.005748070390308269,274,35.85803912619999,4.300400268198263e-16,274,8.696986301370002,1.0751000670495658e-16,274,2.84639269406,0.0,274,2.84639269406,0.0,274,0.32728494623700005,3.359687709529893e-18,274,0.32728494623700005,3.359687709529893e-18,274
8,8,4,1.0,10.0,0.25,0.458678095332032,0.0003702688575637066,281,1.2508837489609965,1.6580992445423393e-07,281,0.20979677999791815,3.3890077922384787e-06,281,0.805401636221331,0.0007150041370639948,281,0.504708406439541,0.0002098966379794634,281,0.05241796722740285,0.00010740679089769102,281,66.87864037141067,0.1244512787772384,281,0.01221527678016726,2.273082717410156e-05,281,nan,nan,0,39.845007279359436,5.989700695661917e-05,281,0.45916677992425275,0.005222271289949037,281,39.842265695799995,4.246305029676e-16,281,8.696986301370002,1.061576257419e-16,281,2.84639269406,0.0,281,2.84639269406,0.0,281,0.32728494623700005,3.317425804434375e-18,281,0.32728494623700005,3.317425804434375e-18,281
8,4,4,0.5,1.0,0.5,0.5222399305228841,0.0012668713789067583,500,0.28432929791627,3.222254004230517e-05,500,2.80860471315092,0.0019336106420950038,500,0.526267733798742,3.9645328799552645e-05,500,0.8559199233740239,6.17280357266e-05,500,0.010868917493308601,7.1490683578521975e-06,500,94.7448972265402,0.04369908781475847,500,0.28710574917133397,0.0001324214782262381,500,nan,nan,0,2.50674781718152,0.0012066547306759966,500,0.6091945219853999,0.005041706870154527,500,2.429137546509999,3.976032667870345e-17,500,5.818181818179999,3.976032667870345e-17,500,3.2544969696958397,0.005978677030806429,500,5.1733212121203795,0.0024997118368400417,500,0.559366666666682,0.0010275851146695778,500,0.889164583333,0.00042963797195883115,500
8,4,4,0.5,2.0,0.5,0.518161852445318,0.0011665944312209248,500,0.25793303293067205,1.3688849474757085e-05,500,1.22314147138396,0.001127575758559591,500,0.48476502812631,9.641698594368748e-05,500,0.8078482699327401,8.628155021070725e-05,500,0.0184759910316834,3.716890660114395e-05,500,67.716183397479,0.04503818849376348,500,0.20520055574993,0.00013647935907219478,500,nan,nan,0,4.898091215427539,0.000650364009142391,500,0.611767525826972,0.00537421910412216,500,4.858275093019998,7.95206533574069e-17,500,5.818181818179999,3.976032667870345e-17,500,3.0060606060600006,1.9880163339351726e-17,500,3.1025696969694407,7.58814800119643e-05,500,0.5166666666669999,4.9700408348379315e-18,500,0.5332541666663801,1.3042129371245467e-05,500
8,4,4,0.5,3.0,0.5,0.5139357908329261,0.0011552495750279653,500,0.25934178858144,3.0383721375928532e-05,500,0.5898109335721919,0.0005061058874664541,500,0.461962815107294,0.0001598259248447028,500,0.76073628533533,0.00014352515614713006,500,0.0343370298285154,9.389694046106032e-05,500,54.381015663190006,0.07246434027061045,500,0.16479095655510798,0.00021958890991211164,500,nan,nan,0,7.313644471975,0.00042968257894566465,500,0.6073621177886,0.005337482412757417,500,7.287412639530003,1.1928098003611036e-16,500,5.818181818179999,3.976032667870345e-17,500,3.0060606060600006,1.9880163339351726e-17,500,3.0060606060600006,1.9880163339351726e-17,500,0.5166666666669999,4.9700408348379315e-18,500,0.5166666666669999,4.9700408348379315e-18,500
8,4,4,0.5,4.0,0.5,0.5199766971976839,0.0012197863949226892,500,0.2619856346311,8.268065292349768e-06,500,0.338713802260846,7.182850318302693e-05,500,0.45612360343471403,0.00020149724768375187,500,0.73808264205981,0.000207673548474568,500,0.043640652635773,0.00012160202665480872,500,49.4406595194552,0.08915799903828904,500,0.14982018036199202,0.0002701757546616178,500,nan,nan,0,9.73643581597636,0.00032868191940288254,500,0.610168467929802,0.005406006737709411,500,9.716550186029998,7.95206533574069e-17,500,5.818181818179999,3.976032667870345e-17,500,3.0060606060600006,1.9880163339351726e-17,500,3.0060606060600006,1.9880163339351726e-17,500,0.5166666666669999,4.9700408348379315e-18,500,0.5166666666669999,4.9700408348379315e-18,500
8,4,4,0.5,5.0,0.5,0.517791933443702,0.0011606205485614927,500,0.26241596883640794,6.263384886718655e-06,500,0.223267760279526,4.4692626057143754e-05,500,0.45396039203085004,0.00022497312539466346,500,0.725598665778836,0.00023201887303624571,500,0.047966569060411204,0.00013294324065600834,500,46.920316128071605,0.0923290665301114,500,0.142182776145674,0.0002797850500905132,500,nan,nan,0,12.1619253608484,0.00026755927071068033,500,0.616887292479046,0.005331454134631081,500,12.145687732499999,7.95206533574069e-17,500,5.818181818179999,3.976032667870345e-17,500,3.0060606060600006,1.9880163339351726e-17,500,3.0060606060600006,1.9880163339351726e-17,500,0.5166666666669999,4.9700408348379315e-18,500,0.5166666666669999,4.9700408348379315e-18,500
8,4,4,0.5,6.0,0.5,0.5139928661982619,0.0011612646685464332,500,0.262700145953732,5.02271204650528e-06,500,0.15764546295867798,3.520691944049808e-05,500,0.452666363130224,0.00024013516003771265,500,0.717375913032274,0.00025074840790065164,500,0.050912574780469996,0.00014331679914987455,500,45.621814498783394,0.09653936541179461,500,0.138247922723616,0.00029254353155050585,500,nan,nan,0,14.588432337343798,0.00022161314364074712,500,0.618161977819458,0.00543248276260534,500,14.574825279099997,1.590413067148138e-16,500,5.818181818179999,3.976032667870345e-17,500,3.0060606060600006,1.9880163339351726e-17,500,3.0060606060600006,1.9880163339351726e-17,500,0.5166666666669999,4.9700408348379315e-18,500,0.5166666666669999,4.9700408348379315e-18,500
8,4,4,0.5,7.0,0.5,0.5171555565405399,0.0011116762291354082,500,0.262887421214438,3.819816254877887e-06,500,0.11699353436551399,2.6588395626473636e-05,500,0.45072338930176403,0.00027391438165162496,500,0.7107477309514081,0.00026959922675982726,500,0.053678484326045404,0.00017601682880031912,500,44.62611966755059,0.09658610229180441,500,0.135230665659236,0.0002926851584610923,500,nan,nan,0,17.0155178409304,0.00018640779285616563,500,0.615898598713724,0.005255377503147286,500,17.003962825600002,1.590413067148138e-16,500,5.818181818179999,3.976032667870345e-17,500,3.0060606060600006,1.9880163339351726e-17,500,3.0060606060600006,1.9880163339351726e-17,500,0.5166666666669999,4.9700408348379315e-18,500,0.5166666666669999,4.9700408348379315e-18,500
8,4,4,0.5,8.0,0.5,0.5153024150315818,0.0011631226834877392,500,0.26302974754541797,2.9626663353951934e-06,500,0.0901412915119568,1.9547993359901017e-05,500,0.449622835611558,0.0002760392426432127,500,0.706113930240314,0.0002710147589777297,500,0.055604998561854205,0.00018223160625782547,500,44.0415222249234,0.0980868354522691,500,0.13345915825734403,0.00029723283470361046,500,nan,nan,0,19.4429533180876,0.0001606156008975448,500,0.607703352101948,0.0052499006948214695,500,19.4331003721,0.0,500,5.818181818179999,3.976032667870345e-17,500,3.0060606060600006,1.9880163339351726e-17,500,3.0060606060600006,1.9880163339351726e-17,500,0.5166666666669999,4.9700408348379315e-18,500,0.5166666666669999,4.9700408348379315e-18,500
8,4,4,0.5,9.0,0.5,0.5141544568453401,0.0011024726849055597,500,0.263130172034784,2.4597260010270793e-06,500,0.0715297602105582,1.6685227881310363e-05,500,0.44806753872850197,0.00029209061960578145,500,0.7023053271038421,0.0002849134239815719,500,0.057639022876625604,0.0002035628347930713,500,43.633608810401,0.09834098097763384,500,0.132223057001236,0.00029800297265959746,500,nan,nan,0,21.8712004798738,0.00015115472714261554,500,0.613853267773134,0.005511727148080759,500,21.862237918599995,3.180826134296276e-16,500,5.818181818179999,3.976032667870345e-17,500,3.0060606060600006,1.9880163339351726e-17,500,3.0060606060600006,1.9880163339351726e-17,500,0.5166666666669999,4.9700408348379315e-18,500,0.5166666666669999,4.9700408348379315e-18,500
8,4,4,0.5,10.0,0.5,0.515911155878764,0.0011310681695745008,500,0.26321164027421,1.9459691314384277e-06,500,0.05810387182895241,1.3076411176182998e-05,500,0.44750028405179,0.00029577520922896376,500,0.6996885235442319,0.0002737417764654747,500,0.058902871205904005,0.0002178225551825543,500,43.423968907037995,0.09178143163204534,500,0.131587784566808,0.00027812555040045487,500,nan,nan,0,24.299303555573402,0.0001297141874079188,500,0.609567926779944,0.00523335970601386,500,24.291375465099996,1.590413067148138e-16,500,5.818181818179999,3.976032667870345e-17,500,3.0060606060600006,1.9880163339351726e-17,500,3.0060606060600006,1.9880163339351726e-17,500,0.5166666666669999,4.9700408348379315e-18,500,0.5166666666669999,4.9700408348379315e-18,500
8,5,4,0.625,1.0,0.5,0.5304522115026921,0.0007156917953281482,500,0.48562370089223394,1.2338766907914282e-05,500,4.732787360915579,0.001524967192455722,500,0.7137994750298621,2.0286466476487437e-05,500,0.872943546702326,1.966706963928567e-05,500,0.004639638346581959,1.1106696323788585e-06,500,217.9974766226,0.046081634531255716,500,0.27805800589614604,5.8777595065560564e-05,500,nan,nan,0,3.09393995788072,0.0013120770275790643,500,0.6951552046910681,0.005885654073518724,500,3.0121083869699996,1.9880163339351726e-17,500,6.693877551019999,3.976032667870345e-17,500,3.41796938775598,0.006583241496351722,500,5.6530867346955,0.0032976493643044878,500,0.5106112804878661,0.0009834720528069188,500,0.8445160060976961,0.0004926366428298426,500
8,5,4,0.625,2.0,0.5,0.527406521889196,0.0007289344541044335,500,0.46696707793671394,2.133955290435627e-05,500,2.31827005399028,0.001493983308071661,500,0.6812479277869061,5.702619541141266e-05,500,0.819901840791748,5.526358315417121e-05,500,0.00803549128961356,6.299515712870928e-06,500,134.814315011966,0.07240938896450926,500,0.171957034454076,9.235891449659869e-05,500,nan,nan,0,6.066092965023859,0.0007239228996880718,500,0.697224216016582,0.006399527407226402,500,6.024216773939999,3.976032667870345e-17,500,6.693877551019999,3.976032667870345e-17,500,3.0204081632699995,1.9880163339351726e-17,500,3.2639897959192994,0.00021075100790390793,500,0.4512195121950001,4.9700408348379315e-18,500,0.4876082317075241,3.148414447336554e-05,500
8,5,4,0.625,3.0,0.5,0.514176326269526,0.0006914251330058655,500,0.46339854627780397,3.8821548149595965e-06,500,1.0855692394115999,0.0012101826658841518,500,0.645079011344214,0.0002329411982549108,500,0.7386246122925979,0.00013881798743619405,500,0.0172111051324122,2.854249404249713e-05,500,78.30230628762641,0.11226899270736831,500,0.09987539067298659,0.00014320024579995102,500,nan,nan,0,9.06475491109558,0.00045333167120110643,500,0.7050342979322579,0.005945371293800679,500,9.036325160920002,7.95206533574069e-17,500,6.693877551019999,3.976032667870345e-17,500,3.0204081632699995,1.9880163339351726e-17,500,3.0204081632699995,1.9880163339351726e-17,500,0.4512195121950001,4.9700408348379315e-18,500,0.4512195121950001,4.9700408348379315e-18,500
8,5,4,0.625,4.0,0.5,0.51204537486728,0.0007025765412646643,500,0.463593486538088,1.9701423762696012e-06,500,0.566415017506092,0.00034289931988456786,500,0.620444638972862,0.0004390694132656977,500,0.6891155642037741,0.0002736156806384307,500,0.025173121038142,6.987032251968773e-05,500,61.29353444872179,0.11773590440578822,500,0.0781805286335762,0.00015017334745644854,500,nan,nan,0,12.069951251020601,0.0003629379454187499,500,0.706875504098508,0.0062295752238256796,500,12.048433547900002,7.95206533574069e-17,500,6.693877551019999,3.976032667870345e-17,500,3.0204081632699995,1.9880163339351726e-17,500,3.0204081632699995,1.9880163339351726e-17,500,0.4512195121950001,4.9700408348379315e-18,500,0.4512195121950001,4.9700408348379315e-18,500
8,5,4,0.625,5.0,0.5,0.5139725509747041,0.0007283189624847868,500,0.463755305233002,9.767235664702103e-07,500,0.367151102756604,5.8789071926284734e-05,500,0.606488617387314,0.0005253154225769917,500,0.6645887274656461,0.0003367961330221411,500,0.0300457324911322,9.693896358857978e-05,500,55.03296483142179,0.10818322509568555,500,0.0701951082033456,0.000137988807519834,500,nan,nan,0,15.077461214161799,0.0002725744886036498,500,0.7012739847217899,0.00603350121568935,500,15.060541934899994,2.3856196007222073e-16,500,6.693877551019999,3.976032667870345e-17,500,3.0204081632699995,1.9880163339351726e-17,500,3.0204081632699995,1.9880163339351726e-17,500,0.4512195121950001,4.9700408348379315e-18,500,0.4512195121950001,4.9700408348379315e-18,500
8,5,4,0.625,6.0,0.5,0.509644792937276,0.0007675010896119009,500,0.463864519486148,6.104749447501947e-07,500,0.260248193391988,2.627030999928211e-05,500,0.5936609325840521,0.0005754207889214947,500,0.64637910512444,0.000366129026033545,500,0.0340703895728434,0.00011727496102045072,500,50.9124273511076,0.0991786031273366,500,0.06493932060090139,0.00012650332031542713,500,nan,nan,0,18.0873810547272,0.0002368589377163754,500,0.7174855635795441,0.005990343719488232,500,18.072650321800005,1.590413067148138e-16,500,6.693877551019999,3.976032667870345e-17,500,3.0204081632699995,1.9880163339351726e-17,500,3.0204081632699995,1.9880163339351726e-17,500,0.4512195121950001,4.9700408348379315e-18,500,0.4512195121950001,4.9700408348379315e-18,500
8,5,4,0.625,7.0,0.5,0.5036021446250041,0.0007277468144654655,500,0.46394299629985,4.2567815759999406e-07,500,0.193861924749434,1.623192563086016e-05,500,0.582051645337216,0.0006133968274226804,500,0.632440311924598,0.0003860035093957061,500,0.037463033696801804,0.00013444347485523335,500,48.2642049838572,0.09247661133568917,500,0.0615614859487994,0.00011795486139750492,500,nan,nan,0,21.0969949587382,0.0002015007199317176,500,0.70528798960464,0.006127501826286237,500,21.0847587088,0.0,500,6.693877551019999,3.976032667870345e-17,500,3.0204081632699995,1.9880163339351726e-17,500,3.0204081632699995,1.9880163339351726e-17,500,0.4512195121950001,4.9700408348379315e-18,500,0.4512195121950001,4.9700408348379315e-18,500
8,5,4,0.625,8.0,0.5,0.50110406910519,0.0007304485257785039,500,0.464001018940824,3.245119573778589e-07,500,0.149878918550604,1.1916939068553398e-05,500,0.57148907077067,0.0006316632103184652,500,0.620704078828092,0.00039368731192570975,500,0.0405833940791552,0.0001455329185042292,500,46.2234287124562,0.08566638888732316,500,0.0589584549903788,0.00010926835317254241,500,nan,nan,0,24.107500599145002,0.0001824657946165606,500,0.7015928876609501,0.006388450862314096,500,24.096867095800004,1.590413067148138e-16,500,6.693877551019999,3.976032667870345e-17,500,3.0204081632699995,1.9880163339351726e-17,500,3.0204081632699995,1.9880163339351726e-17,500,0.4512195121950001,4.9700408348379315e-18,500,0.4512195121950001,4.9700408348379315e-18,500
8,5,4,0.625,9.0,0.5,0.49712955129692,0.0007229826733342816,500,0.46404602681434,2.291277837399225e-07,500,0.11928177332354001,8.497279985178205e-06,500,0.5612872006948639,0.0006208091689004736,500,0.610867276529376,0.00038635139056541654,500,0.0433730343866426,0.0001503770188059269,500,44.6661299438788,0.07907724609859323,500,0.056972104520252996,0.00010086383430937561,500,nan,nan,0,27.118334452985604,0.00015299965446158263,500,0.699381446106168,0.006070569249268184,500,27.108975482699993,3.180826134296276e-16,500,6.693877551019999,3.976032667870345e-17,500,3.0204081632699995,1.9880163339351726e-17,500,3.0204081632699995,1.9880163339351726e-17,500,0.4512195121950001,4.9700408348379315e-18,500,0.4512195121950001,4.9700408348379315e-18,500
8,5,4,0.625,10.0,0.5,0.4931485092657861,0.0007548669196708374,500,0.46408056746147,1.7982257269760756e-07,500,0.09712720779818361,6.577796962829396e-06,500,0.5507046001128441,0.000663342016283159,500,0.601611231335012,0.00040467468261463853,500,0.046235698351587404,0.0001684562428779408,500,43.3075351739132,0.07690816852117138,500,0.055239203027951,9.809715372593056e-05,500,nan,nan,0,30.129766546702403,0.0001391893114196408,500,0.710263363457742,0.006117469690779081,500,30.121083869699994,3.180826134296276e-16,500,6.693877551019999,3.976032667870345e-17,500,3.0204081632699995,1.9880163339351726e-17,500,3.0204081632699995,1.9880163339351726e-17,500,0.4512195121950001,4.9700408348379315e-18,500,0.4512195121950001,4.9700408348379315e-18,500
8,6,4,0.75,1.0,0.5,0.531080989002938,0.0005021959363372705,500,0.714331182518,2.4120046515362152e-05,500,6.76928503846048,0.002699414728496162,500,0.8959891153670619,1.8721384390319202e-05,500,0.884884367844742,1.3469583311553564e-05,500,0.0022586791564099206,6.130041699359269e-07,500,450.466203737056,0.07426087528231032,500,0.272679300082956,4.49521036819952e-05,500,nan,nan,0,3.49662964857528,0.001597956912722646,500,0.782396991509774,0.007170115701700408,500,3.4043933611799995,1.9880163339351726e-17,500,7.4576271186400005,3.976032667870345e-17,500,3.55894673123552,0.00715279828217294,500,6.0434576271166405,0.0039517533101964,500,0.47722240259743204,0.000959125224199222,500,0.8103727272727979,0.000529894193882543,500
8,6,4,0.75,2.0,0.5,0.5301132852871299,0.00052228891052362,500,0.6961826954874959,6.695363969626468e-06,500,3.18066687145062,0.0012741925068908719,500,0.86355652242729,5.694078039895004e-05,500,0.8305722392096601,3.519805825857933e-05,500,0.00442157713431812,3.3974624937259723e-06,500,254.61610662443803,0.1126517741271927,500,0.154125972532948,6.819114656771287e-05,500,nan,nan,0,6.8546327288338595,0.0007488837188193826,500,0.777509662011776,0.006665767355508588,500,6.808786722349999,3.976032667870345e-17,500,7.4576271186400005,3.976032667870345e-17,500,2.9850992736074393,6.883434298749114e-05,500,3.4070145278423394,0.00034258051684481005,500,0.40027467532465394,9.230059630933171e-06,500,0.4568496753248261,4.593693294576035e-05,500
8,6,4,0.75,3.0,0.5,0.516019503546834,0.00046565658380708487,500,0.700382914094808,4.416727514746079e-06,500,1.5597761631520801,0.001233113132019669,500,0.8205321295544921,0.0002581575116157708,500,0.7364995039107999,0.00011826889124657204,500,0.0148983680220296,3.745492589362311e-05,500,124.29992477697401,0.1524290585633415,500,0.0752420852160816,9.22694059097644e-05,500,nan,nan,0,10.2451162937798,0.0005101179611291258,500,0.794091410258498,0.0067756987295042636,500,10.213180083499996,1.590413067148138e-16,500,7.4576271186400005,3.976032667870345e-17,500,2.9830508474599995,1.9880163339351726e-17,500,3.00236561743706,1.1859459413210634e-05,500,0.4,0.0,500,0.402589935064548,1.5902456826485049e-06,500
8,6,4,0.75,4.0,0.5,0.495720608406224,0.0004403096778046071,500,0.70416260961248,4.332780528663425e-06,500,0.792135881533866,0.0004215628108365908,500,0.775396545954706,0.0005429346275083355,500,0.6688341117218041,0.00024317820529145493,500,0.0289671529306578,0.00010935299868358478,500,86.6358855768068,0.13479502342445754,500,0.0524430300101724,8.159505049908145e-05,500,nan,nan,0,13.640979834715399,0.00038246653308364687,500,0.78407754478058,0.006836148022203725,500,13.617573444699998,7.95206533574069e-17,500,7.4576271186400005,3.976032667870345e-17,500,2.9830508474599995,1.9880163339351726e-17,500,2.9830508474599995,1.9880163339351726e-17,500,0.4,0.0,500,0.4,0.0,500
8,6,4,0.75,5.0,0.5,0.498611166870534,0.00048663292195449124,500,0.7053734036795961,1.291623547676058e-06,500,0.5098301867628099,8.715778899556316e-05,500,0.7488243987458459,0.0006813695963854805,500,0.636248369858738,0.0003084344581758262,500,0.0382683778537882,0.00015030710575369727,500,73.9644717526514,0.13448108409105022,500,0.044772682658988205,8.140501458299269e-05,500,nan,nan,0,17.040587180318802,0.0003114414260259442,500,0.781184287666258,0.006943375178448252,500,17.021966805900004,1.590413067148138e-16,500,7.4576271186400005,3.976032667870345e-17,500,2.9830508474599995,1.9880163339351726e-17,500,2.9830508474599995,1.9880163339351726e-17,500,0.4,0.0,500,0.4,0.0,500
8,6,4,0.75,6.0,0.5,0.49609974452259,0.0005203534942627238,500,0.706033508019362,9.683687896791496e-07,500,0.36206228948468194,3.6052172897872255e-05,500,0.7268229479823519,0.0006671297692964612,500,0.6133181968281121,0.0003061480080891737,500,0.0460298205319,0.00017668787629719748,500,66.0673398057764,0.11489875492847419,500,0.0399923364441734,6.955130443601876e-05,500,nan,nan,0,20.441913906556803,0.0002469453678911728,500,0.783287192831832,0.0066619026103216065,500,20.426360167100007,3.180826134296276e-16,500,7.4576271186400005,3.976032667870345e-17,500,2.9830508474599995,1.9880163339351726e-17,500,2.9830508474599995,1.9880163339351726e-17,500,0.4,0.0,500,0.4,0.0,500
8,6,4,0.75,7.0,0.5,0.49056531741395404,0.0005007370103167789,500,0.7064387058538039,7.268909877436586e-07,500,0.270259560759168,2.128748874908654e-05,500,0.704682958385862,0.000753756355287338,500,0.594219252624262,0.000342337843963166,500,0.053324574300950396,0.00021796579874698154,500,60.0793417115432,0.11271719861356543,500,0.0363676402612238,6.823074976613465e-05,500,nan,nan,0,23.8439975038658,0.00021661046384370815,500,0.780191262832554,0.006748895446685205,500,23.830753528199995,1.590413067148138e-16,500,7.4576271186400005,3.976032667870345e-17,500,2.9830508474599995,1.9880163339351726e-17,500,2.9830508474599995,1.9880163339351726e-17,500,0.4,0.0,500,0.4,0.0,500
8,6,4,0.75,8.0,0.5,0.485994623680556,0.000519413667539225,500,0.706706916000084,5.684661107635706e-07,500,0.209257797127524,1.3696791293345461e-05,500,0.68463048892111,0.000781171195854179,500,0.578343394016992,0.00035736169588880784,500,0.059922531622865795,0.00025040666480600224,500,55.3291593759834,0.10780031746742438,500,0.0334922272251724,6.525442945978881e-05,500,nan,nan,0,27.247032372114397,0.000188835002977164,500,0.79112037782083,0.006593453455474725,500,27.235146889399996,1.590413067148138e-16,500,7.4576271186400005,3.976032667870345e-17,500,2.9830508474599995,1.9880163339351726e-17,500,2.9830508474599995,1.9880163339351726e-17,500,0.4,0.0,500,0.4,0.0,500
8,6,4,0.75,9.0,0.5,0.481320012729562,0.0004975077257828138,500,0.7068940215574819,4.4049138509773256e-07,500,0.166694979280128,9.202912799868996e-06,500,0.664653974095542,0.0008257919832188262,500,0.564231995139202,0.00037089623767049413,500,0.0662196404494902,0.00028260095368514343,500,51.422789876653,0.10306469745098099,500,0.031127596777632202,6.23878313868241e-05,500,nan,nan,0,30.650070603852605,0.00016897365619120028,500,0.7894563825274259,0.006666117061696729,500,30.639540250600003,1.590413067148138e-16,500,7.4576271186400005,3.976032667870345e-17,500,2.9830508474599995,1.9880163339351726e-17,500,2.9830508474599995,1.9880163339351726e-17,500,0.4,0.0,500,0.4,0.0,500
8,6,4,0.75,10.0,0.5,0.477677840355602,0.0005005825998616633,500,0.7070287385594739,3.861903785482388e-07,500,0.13583497486064602,6.758847481289113e-06,500,0.6481592139507479,0.0007959379751227208,500,0.5527095780554041,0.00036214553834750446,500,0.0712272901895524,0.00030200419206617143,500,48.2826026938718,0.09672472532962469,500,0.0292267570786152,5.8550075865420994e-05,500,nan,nan,0,34.053169076373,0.0001505028268448533,500,0.7788670471443061,0.006682883859593477,500,34.04393361180001,3.180826134296276e-16,500,7.4576271186400005,3.976032667870345e-17,500,2.9830508474599995,1.9880163339351726e-17,500,2.9830508474599995,1.9880163339351726e-17,500,0.4,0.0,500,0.4,0.0,500
8,7,4,0.875,1.0,0.5,0.530610570118038,0.0003707712741523197,500,0.9765843039301421,2.293482593125326e-05,500,8.8476380854303,0.0023132173627293173,500,1.08132562069552,1.6212497496228512e-05,500,0.894503904070358,1.010346391890183e-05,500,0.0011761840703848,1.56308181150846e-07,500,857.2234887281901,0.10502056067676624,500,0.27265378140211,3.3403486219245915e-05,500,nan,nan,0,3.80725930713268,0.001609754226243915,500,0.837495844916058,0.007387148371903622,500,3.7105103144900005,1.9880163339351726e-17,500,8.122137404580002,7.95206533574069e-17,500,3.67086513994702,0.006617770865041623,500,6.361155216285081,0.004205476824170296,500,0.451958020050218,0.0008147819392100716,500,0.7831873433583061,0.0005177795714036429,500
8,7,4,0.875,2.0,0.5,0.52591627661698,0.0003619207023251454,500,0.9511869972660959,1.2956463816757797e-05,500,4.12156761921048,0.0017338007870178252,500,1.02294977870634,9.660085783510258e-05,500,0.8355207902798879,3.3859963372719125e-05,500,0.0032494934371576595,3.4647944450528798e-06,500,465.001708798742,0.17804018821334078,500,0.147901306869836,5.662855859153927e-05,500,nan,nan,0,7.47306839140462,0.0008084237116880326,500,0.8660920273307882,0.007136618138406445,500,7.421020628980001,3.976032667870345e-17,500,8.122137404580002,7.95206533574069e-17,500,2.9278676844786595,0.00022028602148466264,500,3.5480305343483205,0.0005849481611500836,500,0.360479949874616,2.712168122522675e-05,500,0.43683458646620016,7.201899352291452e-05,500
8,7,4,0.875,3.0,0.5,0.5167806443412499,0.0003431209333129374,500,0.951548393691292,1.0595546207234086e-05,500,2.05381932477388,0.000933765995361255,500,0.959919310715838,0.00025476305663630163,500,0.7490909800111719,8.074303818046215e-05,500,0.013382752099107598,3.523858147232743e-05,500,224.49421720036,0.18378018591172707,500,0.071404013104433,5.845425760546445e-05,500,nan,nan,0,11.1644807779696,0.0005741207757587164,500,0.839448127984446,0.00777195181268421,500,11.131530943499998,7.95206533574069e-17,500,8.122137404580002,7.95206533574069e-17,500,2.921119592879999,3.976032667870345e-17,500,2.9820585241774396,3.4531271506981555e-05,500,0.35964912280700007,2.4850204174189658e-18,500,0.36715194235539195,4.251500527504139e-06,500
8,7,4,0.875,4.0,0.5,0.491424849225574,0.00033072178826362735,500,0.955806059227456,7.433020362055147e-06,500,1.09336080459032,0.0006134381788974622,500,0.8924759779495259,0.00040832789479270813,500,0.6698759877384121,0.00017010003236768719,500,0.0312984921563094,8.60343057067047e-05,500,136.02478892244602,0.25684087861730975,500,0.043264881972788,8.169239141789296e-05,500,nan,nan,0,14.8676787373006,0.00040979200858590854,500,0.85820571247863,0.007113323213392486,500,14.842041257999998,7.95206533574069e-17,500,8.122137404580002,7.95206533574069e-17,500,2.921119592879999,3.976032667870345e-17,500,2.921119592879999,3.976032667870345e-17,500,0.35964912280700007,2.4850204174189658e-18,500,0.35964912280700007,2.4850204174189658e-18,500
8,7,4,0.875,5.0,0.5,0.480597088168202,0.00035500709132346665,500,0.959506696998736,6.498308140980306e-06,500,0.6744973786752321,0.00013892592711861165,500,0.854044729873126,0.000610223935915573,500,0.625444816439016,0.0002855295131377269,500,0.0435576075934704,0.00014832158358994233,500,103.5592519181202,0.2629591609765544,500,0.032938693358185,8.363840997977378e-05,500,nan,nan,0,18.5728343973298,0.0003231410092452176,500,0.852913781373296,0.007162288371209507,500,18.5525515725,0.0,500,8.122137404580002,7.95206533574069e-17,500,2.921119592879999,3.976032667870345e-17,500,2.921119592879999,3.976032667870345e-17,500,0.35964912280700007,2.4850204174189658e-18,500,0.35964912280700007,2.4850204174189658e-18,500
8,7,4,0.875,6.0,0.5,0.47496719987768404,0.0003577888890464639,500,0.9606838537820841,1.0965567753942348e-06,500,0.472107886260794,3.4040643739600355e-05,500,0.8276010575314819,0.0007361394193011451,500,0.5966656798128879,0.0003490011877766765,500,0.052028996250167193,0.0001957861128885271,500,84.82645243009539,0.24509055541211713,500,0.026980423800922398,7.795501126341816e-05,500,nan,nan,0,22.2793492817438,0.00028477664491688285,500,0.83424878770207,0.007695255772277716,500,22.263061886999996,1.590413067148138e-16,500,8.122137404580002,7.95206533574069e-17,500,2.921119592879999,3.976032667870345e-17,500,2.921119592879999,3.976032667870345e-17,500,0.35964912280700007,2.4850204174189658e-18,500,0.35964912280700007,2.4850204174189658e-18,500
8,7,4,0.875,7.0,0.5,0.469503088439438,0.0003705958351832249,500,0.96120317060609,8.197778020774713e-07,500,0.351135675774206,1.1740542727871334e-05,500,0.8005471783477099,0.0007828323705585865,500,0.571833180690842,0.00037664671096454983,500,0.0597287794986102,0.00021746837216243028,500,70.6291549455208,0.2131883180561215,500,0.022464743939414,6.780798920351063e-05,500,nan,nan,0,25.9881322611348,0.00023662241411664167,500,0.854284250467208,0.007327423592008654,500,25.973572201399993,3.180826134296276e-16,500,8.122137404580002,7.95206533574069e-17,500,2.921119592879999,3.976032667870345e-17,500,2.921119592879999,3.976032667870345e-17,500,0.35964912280700007,2.4850204174189658e-18,500,0.35964912280700007,2.4850204174189658e-18,500
8,7,4,0.875,8.0,0.5,0.46403987649196,0.00037872589083314,500,0.961554375386768,6.362683713665894e-07,500,0.27123421074272197,7.649270588303894e-06,500,0.777871884851412,0.0008570703036560479,500,0.5520440252178801,0.00040154286649992586,500,0.06537344551890958,0.0002526468115831506,500,60.841501225351806,0.1899015623217296,500,0.019351622527147602,6.0401260280432346e-05,500,nan,nan,0,29.6965771707222,0.00020056774796519455,500,0.846407075614228,0.0071564228562955275,500,29.6840825159,0.0,500,8.122137404580002,7.95206533574069e-17,500,2.921119592879999,3.976032667870345e-17,500,2.921119592879999,3.976032667870345e-17,500,0.35964912280700007,2.4850204174189658e-18,500,0.35964912280700007,2.4850204174189658e-18,500
8,7,4,0.875,9.0,0.5,0.46001286356858395,0.00037419478960444607,500,0.961800750327844,5.18674029226224e-07,500,0.21566178481439,5.499175191081065e-06,500,0.753742389826346,0.0009326900221637624,500,0.533646033596122,0.00043742117996273564,500,0.07141555095047059,0.00027791641292025296,500,53.0349528102958,0.17857078656668143,500,0.016868623667397598,5.679732397152462e-05,500,nan,nan,0,33.4058687022276,0.00018931098803448085,500,0.851317392063638,0.0075587242840141474,500,33.394592830400015,6.361652268592552e-16,500,8.122137404580002,7.95206533574069e-17,500,2.921119592879999,3.976032667870345e-17,500,2.921119592879999,3.976032667870345e-17,500,0.35964912280700007,2.4850204174189658e-18,500,0.35964912280700007,2.4850204174189658e-18,500
8,7,4,0.875,10.0,0.5,0.45503534936801204,0.000386841608573715,500,0.9619797813534919,4.1155447222614686e-07,500,0.175479335069394,4.590044552598344e-06,500,0.7303695672036661,0.0008975230418408077,500,0.5173171169639059,0.00041654916544052554,500,0.0767834836260242,0.00027741538554071815,500,46.9332283928292,0.14782160272020767,500,0.014927871626216,4.701704921125316e-05,500,nan,nan,0,37.1154117182992,0.00015699735526149763,500,0.8608714140173019,0.006938078824753443,500,37.1051031449,0.0,500,8.122137404580002,7.95206533574069e-17,500,2.921119592879999,3.976032667870345e-17,500,2.921119592879999,3.976032667870345e-17,500,0.35964912280700007,2.4850204174189658e-18,500,0.35964912280700007,2.4850204174189658e-18,500
8,8,4,1.0,1.0,0.5,0.5305165724352305,0.00034239994914489865,282,1.262132958611915,1.0476703598017344e-05,282,10.391262032712767,0.003066343215294173,282,1.2585034585294679,1.8378269912131266e-05,282,0.9023146734017303,1.0683162709650992e-05,282,0.0006623391289810319,9.194725952604417e-08,282,1516.3122364703192,0.21027703571406725,282,0.27695200666119146,3.840676451223216e-05,282,nan,nan,0,4.088191429221666,0.002183223041732207,282,0.9013994261382375,0.009993993722522283,282,3.98422656958,0.0,282,8.696986301370002,1.0596856481582039e-16,282,3.8008277470134404,0.008630051046470947,282,6.643715146216561,0.006999830156142984,282,0.437028140013727,0.0009923036265039843,282,0.7639100391786133,0.0008048569830656515,282
8,8,4,1.0,2.0,0.5,0.5295359667884459,0.0003381827205409594,278,1.2439537577919064,1.3206422948834074e-05,278,5.026304459989604,0.002447311883908783,278,1.220393615021367,8.451485640181307e-05,278,0.8482636500833165,4.672960097978627e-05,278,0.0015716973227479136,2.0872228636731148e-06,278,764.5039445776115,0.47829542075259956,278,0.13963542366713308,8.735989420173683e-05,278,nan,nan,0,8.021729115994713,0.0011238939030398807,278,0.9076181884301368,0.010138337834776313,278,7.96845313915,0.0,278,8.69698630137,0.0,278,2.8596931769645324,0.0006020470529727889,278,3.702756151247698,0.0006626381733692158,278,0.32881426713470147,6.922479029194163e-05,278,0.42575163659378773,7.619170024264228e-05,278
8,8,4,1.0,3.0,0.5,0.5170660364103269,0.00038058408509138934,257,1.244970255627432,1.0003960227405609e-05,257,2.555438762324592,0.001510677766640843,257,1.13784276982393,0.00046697166172688054,257,0.7486096948447782,0.00015859708240075968,257,0.006929020499488327,2.1960311094044995e-05,257,306.6942943173113,0.4033245948062449,257,0.05601722270634709,7.366659265802919e-05,257,nan,nan,0,11.98827735418327,0.0007984012295983444,257,0.9079159358647276,0.01047570487596329,257,11.9526797087,0.0,257,8.69698630137,0.0,257,2.84639269406,0.0,257,2.968714531917626,0.00012416921172826538,257,0.32728494623700005,3.469446951953614e-18,257,0.3413497996942335,1.4277268855480736e-05,257
8,8,4,1.0,4.0,0.5,0.49647080987884906,0.0003653753040565074,265,1.247145618619849,7.389748445025598e-06,265,1.378069518936151,0.001086061304840527,265,1.0226651385771923,0.000871735097475279,265,0.6586678757700075,0.000276886134138355,265,0.018832463160049436,6.237704715097764e-05,265,171.77519481986417,0.36497405974625846,265,0.03137446480728,6.666192872068944e-05,265,nan,nan,0,15.964441893959624,0.0005880683439526068,265,0.9223533769551925,0.010257814425485028,265,15.936906278300002,1.0932720593655597e-16,265,8.696986301370004,2.1865441187311194e-16,265,2.84639269406,0.0,265,2.84639269406,0.0,265,0.32728494623700005,3.416475185517374e-18,265,0.32728494623700005,3.416475185517374e-18,265
8,8,4,1.0,5.0,0.5,0.4847226644335217,0.0003463814580091265,278,1.249338709156187,3.5083149335202652e-06,278,0.8300668313995863,0.0003463342745345427,278,0.9527043109529497,0.001124309521797559,278,0.6061956702583093,0.00038545211975073504,278,0.028113556916518345,0.00010700298299056646,278,128.3098834403885,0.35022921709635313,278,0.023435595148926257,6.396880677593091e-05,278,nan,nan,0,19.941769243058275,0.0004904144852818707,278,0.8878785718038633,0.011138261753491422,278,19.9211328479,0.0,278,8.69698630137,0.0,278,2.84639269406,0.0,278,2.84639269406,0.0,278,0.32728494623700005,3.3353418256504827e-18,278,0.32728494623700005,3.3353418256504827e-18,278
8,8,4,1.0,6.0,0.5,0.47610287793587314,0.0003670898963610447,268,1.2500181336605596,1.134741713750149e-06,268,0.5660344878123433,8.269583282310899e-05,268,0.8993226200838544,0.0011390305321093864,268,0.5701265155266529,0.0003959095499242209,268,0.03619702154748843,0.00013912236720865014,268,103.87587531603397,0.27609682995203416,268,0.018972762614795895,5.0428644739863636e-05,268,nan,nan,0,23.92339346020261,0.000376423266109304,268,0.9143532228997537,0.009970328637695048,268,23.905359417499998,2.174225462291107e-16,268,8.69698630137,0.0,268,2.84639269406,0.0,268,2.84639269406,0.0,268,0.32728494623700005,3.3972272848298546e-18,268,0.32728494623700005,3.3972272848298546e-18,268
8,8,4,1.0,7.0,0.5,0.4699553046488351,0.0003572671802345159,279,1.25038277170276,7.553166666979888e-07,279,0.4194821248411362,2.457311979112072e-05,279,0.8579103961394373,0.0011501845671438734,279,0.5439352416554051,0.00040529421822953134,279,0.04315972593168208,0.00016082508558166176,279,88.01607786289928,0.24487765440103187,279,0.016075995956694268,4.472651221942612e-05,279,nan,nan,0,27.904987767669894,0.0003132817453304018,279,0.9130871216756916,0.009602715880955513,279,27.889585986999997,2.130776067247336e-16,279,8.69698630137,0.0,279,2.84639269406,0.0,279,2.84639269406,0.0,279,0.32728494623700005,3.3293376050739625e-18,279,0.32728494623700005,3.3293376050739625e-18,279
8,8,4,1.0,8.0,0.5,0.46422620736093156,0.0003821685030292671,263,1.2506195930853996,5.738128655361422e-07,263,0.32419455948327375,1.5295013261286592e-05,263,0.822195014585308,0.0013866476289799967,263,0.5225393016657528,0.0004832618792684102,263,0.04936615487489315,0.00022171100608656832,263,76.26249888070342,0.26582765868386193,263,0.013929223539854752,4.85529970200291e-05,263,nan,nan,0,31.88709237348441,0.00030753703355988814,263,0.9028791754134943,0.010976573894096408,263,31.873812556600004,2.1948738407758674e-16,263,8.696986301370002,1.0974369203879337e-16,263,2.84639269406,0.0,263,2.84639269406,0.0,263,0.32728494623700005,3.4294903762122928e-18,263,0.32728494623700005,3.4294903762122928e-18,263
8,8,4,1.0,9.0,0.5,0.4575970861152573,0.0003879233487381548,276,1.2507795567444928,4.188848755825087e-07,276,0.2579762949214782,1.0220041582936983e-05,276,0.7892393153692102,0.0014063120767980825,276,0.5038258782364239,0.0004856324913949004,276,0.05542522994529891,0.0002470017033694282,276,66.72282581819059,0.22435190893915624,276,0.012186817501039492,4.097751761449969e-05,276,nan,nan,0,35.86990476385544,0.0002610187081946195,276,0.9052800760597609,0.010716938611283566,276,35.85803912619999,4.284733912779808e-16,276,8.696986301370002,1.071183478194952e-16,276,2.84639269406,0.0,276,2.84639269406,0.0,276,0.32728494623700005,3.347448369359225e-18,276,0.32728494623700005,3.347448369359225e-18,276
8,8,4,1.0,10.0,0.5,0.4537111176123957,0.00037920417208404234,278,1.2508933983189567,3.8028797822869153e-07,278,0.21008906326542084,7.631990869374155e-06,278,0.7562376951669605,0.0014964777741120088,278,0.48688833130153236,0.0005130321330095009,278,0.06128876763867841,0.00028934550192372826,278,58.87894755615935,0.2185718598434178,278,0.01075414567235464,3.9921800884585646e-05,278,nan,nan,0,39.8533228354133,0.00024703302382281646,278,0.9217220851517627,0.010689337087764816,278,39.8422656958,0.0,278,8.69698630137,0.0,278,2.84639269406,0.0,278,2.84639269406,0.0,278,0.32728494623700005,3.3353418256504827e-18,278,0.32728494623700005,3.3353418256504827e-18,278
8,4,4,0.5,1.0,0.75,0.5260209717337321,0.0010886649844773835,500,0.285962600577858,6.195549166892485e-05,500,2.9150104094134606,0.0028680087584560315,500,0.527859621894434,6.307382352569104e-05,500,0.856578493508608,5.6587410423419865e-05,500,0.0107554556926286,6.711498424006246e-06,500,95.08317539606,0.04656663105070224,500,0.288130834533522,0.0001411110031837716,500,nan,nan,0,2.6011896185653796,0.0027944917084641602,500,0.9140125717081221,0.008249128623854587,500,2.429137546509999,3.976032667870345e-17,500,5.818181818179999,3.976032667870345e-17,500,3.1508606060601,0.012055253637471543,500,5.06706666666652,0.005801072265048844,500,0.541554166666682,0.0020719967189428176,500,0.870902083333,0.0009970592955550362,500
8,4,4,0.5,2.0,0.75,0.5247168252553179,0.0011100908055453804,500,0.258533682320568,3.8633847565140767e-05,500,1.27685406178572,0.0015742699150174634,500,0.48441866383681803,8.498017419565403e-05,500,0.807734542696676,9.489226746869872e-05,500,0.0182584001606076,3.196431474162212e-05,500,66.4949888599326,0.061996851710641274,500,0.201499966242204,0.0001878692476081683,500,nan,nan,0,4.94755348594686,0.0014722856724335087,500,0.9185750711130319,0.00810132482889208,500,4.858275093019998,7.95206533574069e-17,500,5.818181818179999,3.976032667870345e-17,500,2.701284848485214,0.014758657543088574,500,3.1512121212115,0.003742696461394805,500,0.464283333333376,0.0025366442652217016,500,0.5416145833333239,0.0006432759543102539,500
8,4,4,0.5,3.0,0.75,0.5189537338357579,0.0011111875132423978,500,0.25802194088070596,3.648962206781052e-05,500,0.6194374067110321,0.0010646195700673331,500,0.45868634635725,0.0001799293372552853,500,0.756895287703356,0.00019627553632767236,500,0.033750925483346406,9.358831054706369e-05,500,51.49901858464039,0.10505752199079775,500,0.15605763207466197,0.00031835612724538746,500,nan,nan,0,7.34677381396692,0.0009842550307249296,500,0.914763490211492,0.008057118495681491,500,7.287412639530003,1.1928098003611036e-16,500,5.818181818179999,3.976032667870345e-17,500,2.720969696970108,0.015422569463457348,500,3.0095151515142007,0.0002232503712842672,500,0.467666666666732,0.002650754126536319,500,0.51726041666678,3.837115756045505e-05,500
8,4,4,0.5,4.0,0.75,0.5215800279361381,0.0010835094428842513,500,0.26153373056918394,2.0168274438944796e-05,500,0.34149448707628605,0.00015797233171701417,500,0.448279525761986,0.0002982741719352357,500,0.728707425395816,0.0003316077142132817,500,0.045252252779972,0.00013804333544167806,500,45.9418027196974,0.11705671620129666,500,0.139217583999106,0.00035471732182371953,500,nan,nan,0,9.76156182058666,0.0007223507266068727,500,0.919955057538254,0.007841711221793163,500,9.716550186029998,7.95206533574069e-17,500,5.818181818179999,3.976032667870345e-17,500,2.698569696970074,0.015353293703010794,500,3.0060606060600006,1.9880163339351726e-17,500,0.463816666666714,0.0026388473552080996,500,0.5166666666669999,4.9700408348379315e-18,500
8,4,4,0.5,5.0,0.75,0.5176140791909141,0.0011087728397870564,500,0.26216480061304404,7.660359424727592e-06,500,0.224095458149634,7.147715645964305e-05,500,0.443862703732516,0.0003906670674929293,500,0.713600747488794,0.00043720921561965075,500,0.050833220905820396,0.00018721203894207333,500,43.0817696491354,0.13545396138901145,500,0.13055081711859798,0.0004104665496634407,500,nan,nan,0,12.1818449483572,0.0006110857927965291,500,0.920027222582642,0.008175443287304487,500,12.145687732499999,7.95206533574069e-17,500,5.818181818179999,3.976032667870345e-17,500,2.6816000000004143,0.01649066815424998,500,3.0060606060600006,1.9880163339351726e-17,500,0.46090000000004,0.00283433358901423,500,0.5166666666669999,4.9700408348379315e-18,500
8,4,4,0.5,6.0,0.75,0.517070307228912,0.0011221218546270538,500,0.26252530699715204,5.096824123241499e-06,500,0.15794191230306398,3.97424450201853e-05,500,0.44121354256779,0.0004057079737419256,500,0.704297774430408,0.0004481385172170398,500,0.0548857900172738,0.00021812997298909125,500,41.707655657309395,0.12842400664950107,500,0.1263868353251538,0.0003891636565130853,500,nan,nan,0,14.604201452924,0.000468003115439232,500,0.9103850120313541,0.00755429073576753,500,14.574825279099997,1.590413067148138e-16,500,5.818181818179999,3.976032667870345e-17,500,2.7338666666671796,0.01351095482644695,500,3.0060606060600006,1.9880163339351726e-17,500,0.46988333333337395,0.0023221953608013536,500,0.5166666666669999,4.9700408348379315e-18,500
8,4,4,0.5,7.0,0.75,0.5141120792232661,0.0011598145503511448,500,0.262763306394192,4.032682941090812e-06,500,0.11708588845741198,2.7461014499386816e-05,500,0.438533397569824,0.0004586975428354986,500,0.697000859166428,0.0005010523556596394,500,0.058307842338800805,0.0002519843795593798,500,40.6678476915632,0.137069859542857,500,0.12323590209567101,0.0004153632107359269,500,nan,nan,0,17.029381566532,0.0004231191143848303,500,0.9129054841307559,0.007980145507006887,500,17.003962825600002,1.590413067148138e-16,500,5.818181818179999,3.976032667870345e-17,500,2.701284848485274,0.015401570654669633,500,3.0060606060600006,1.9880163339351726e-17,500,0.46428333333338595,0.002647144956274881,500,0.5166666666669999,4.9700408348379315e-18,500
8,4,4,0.5,8.0,0.75,0.513349114428786,0.0010613230239486962,500,0.262938585087168,3.263289534958899e-06,500,0.09019134089490241,2.0681289589223655e-05,500,0.43692525197111004,0.0004791684108719363,500,0.692099478587912,0.0005217301844520932,500,0.0609301237489684,0.0002764920436711506,500,40.139701310013194,0.14027870847564305,500,0.1216354585151968,0.0004250869953813022,500,nan,nan,0,19.4550765726102,0.00038013252622933917,500,0.9057615679410681,0.008288686917778303,500,19.4331003721,0.0,500,5.818181818179999,3.976032667870345e-17,500,2.71961212121254,0.015068748992887984,500,3.0060606060600006,1.9880163339351726e-17,500,0.467433333333398,0.0025899412331574236,500,0.5166666666669999,4.9700408348379315e-18,500
8,4,4,0.5,9.0,0.75,0.5121486372925519,0.0010645006789508518,500,0.263059980899942,2.356694482402397e-06,500,0.07157447767032579,1.723550036666195e-05,500,0.43456095235142195,0.00047148110696902413,500,0.68709116345212,0.0005199515163904698,500,0.0631713808712452,0.00026871698741634916,500,39.321020715458,0.1356757648382656,500,0.11915460822867299,0.0004111386813276917,500,nan,nan,0,21.8826171344692,0.00034022943219124823,500,0.9266741437928181,0.008109797487600571,500,21.862237918599995,3.180826134296276e-16,500,5.818181818179999,3.976032667870345e-17,500,2.69313939393968,0.016221471009757696,500,3.0060606060600006,1.9880163339351726e-17,500,0.4628833333334,0.0027880653298051274,500,0.5166666666669999,4.9700408348379315e-18,500
8,4,4,0.5,10.0,0.75,0.513783579486932,0.0010777412889074447,500,0.26315781319784204,1.949383325499506e-06,500,0.0581231425306666,1.390512642034113e-05,500,0.43326346890765605,0.0005011183340106745,500,0.68383147053698,0.0005542862472389013,500,0.0649596130516792,0.00029209367330954863,500,39.0081374580604,0.14523967949284405,500,0.118206477145673,0.00044012024088685236,500,nan,nan,0,24.3096423847998,0.00031721302407365827,500,0.9226747435561381,0.008554015577268877,500,24.291375465099996,1.590413067148138e-16,500,5.818181818179999,3.976032667870345e-17,500,2.678206060606394,0.0157955705635735,500,3.0060606060600006,1.9880163339351726e-17,500,0.460316666666722,0.002714863690616634,500,0.5166666666669999,4.9700408348379315e-18,500
8,5,4,0.625,1.0,0.75,0.5301001494910199,0.000659945635831514,500,0.48526541481521995,1.7039447237258808e-05,500,4.8353607664197,0.003025161458790805,500,0.71268617433134,3.8061155268536696e-05,500,0.8723212141798599,3.2092529126490456e-05,500,0.004674723593139299,1.9069441303877388e-06,500,216.55057877684402,0.07640962703413043,500,0.276212472929664,9.746125897084728e-05,500,nan,nan,0,3.1955841714889,0.0028841748648785483,500,1.0502184618790338,0.008970376362846299,500,3.0121083869699996,1.9880163339351726e-17,500,6.693877551019999,3.976032667870345e-17,500,3.3666020408164,0.01110878305931672,500,5.54422959183714,0.006159312202258036,500,0.502937499999964,0.0016595438106920036,500,0.82825381097564,0.0009201411521631686,500
8,5,4,0.625,2.0,0.75,0.530192654407014,0.0007254011712290649,500,0.467434940192198,2.903240460814299e-05,500,2.3946696685862596,0.002164396478636979,500,0.677518012544956,0.00014851051276860636,500,0.816881608858864,0.00012271299178916943,500,0.00841349132732514,1.5889078226734735e-05,500,130.742982180984,0.14300124358930794,500,0.16676400788389198,0.00018239954539361894,500,nan,nan,0,6.11760771172284,0.0015031312809152093,500,1.0462782348012079,0.008994060929573134,500,6.024216773939999,3.976032667870345e-17,500,6.693877551019999,3.976032667870345e-17,500,2.73562244898302,0.014222710697063615,500,3.29823469387818,0.0037276733346691534,500,0.408675304877862,0.0021247342199819568,500,0.492724085365974,0.0005568780286503291,500
8,5,4,0.625,3.0,0.75,0.5146079872759679,0.0006744085722091217,500,0.46324281452188,7.325433763366744e-06,500,1.1499042413983998,0.001959167239671229,500,0.632112031176308,0.00043120338544734566,500,0.7312362106396659,0.0002542696170905204,500,0.018648763625501195,5.6502872819557015e-05,500,72.97757900620181,0.14933726683301735,500,0.0930836466915774,0.00019048120769479392,500,nan,nan,0,9.10014007696386,0.0010116595984423792,500,1.057784060889756,0.008838405809747017,500,9.036325160920002,7.95206533574069e-17,500,6.693877551019999,3.976032667870345e-17,500,2.7407653061259,0.014047642298360568,500,3.028612244899139,0.0005257307791875245,500,0.4094435975607901,0.0020985807092001756,500,0.4524451219511761,7.85390493573847e-05,500
8,5,4,0.625,4.0,0.75,0.505548400706308,0.0007673392394979418,500,0.46347497928583403,3.680344037928043e-06,500,0.58564083876937,0.0007219125154769205,500,0.596508919955976,0.0008363918426986179,500,0.67371085808367,0.0005062725016936722,500,0.0289785045841584,0.0001450064644250162,500,55.517314903156205,0.17377794981468303,500,0.07081290166218761,0.0002216555482328575,500,nan,nan,0,12.096876542327998,0.0008047159762922628,500,1.0616006283460981,0.009282729535134595,500,12.048433547900002,7.95206533574069e-17,500,6.693877551019999,3.976032667870345e-17,500,2.74012244898304,0.014124926822092697,500,3.0204081632699995,1.9880163339351726e-17,500,0.409347560975426,0.002110126263049901,500,0.4512195121950001,4.9700408348379315e-18,500
8,5,4,0.625,5.0,0.75,0.508519010805512,0.0007379050566307555,500,0.46368716415184796,2.0033229042406527e-06,500,0.37103379701000605,0.0001481128000999931,500,0.5753626409472961,0.001021516836783024,500,0.644052547145432,0.0006326778867213552,500,0.0357874148402596,0.00019909437836009434,500,48.999335777149795,0.1717363069427777,500,0.0624991527769784,0.00021905141191674092,500,nan,nan,0,15.099657244101799,0.0006110197353856189,500,1.06812426205591,0.008843141851676915,500,15.060541934899994,2.3856196007222073e-16,500,6.693877551019999,3.976032667870345e-17,500,2.7060510204114596,0.01459992939460755,500,3.0204081632699995,1.9880163339351726e-17,500,0.404257621951026,0.002181087013212441,500,0.4512195121950001,4.9700408348379315e-18,500
8,5,4,0.625,6.0,0.75,0.50516756703847,0.000773346641262539,500,0.463824115974842,1.3037738192759247e-06,500,0.261644262805764,5.0825921480083016e-05,500,0.563222596921272,0.0010462778061233748,500,0.6264407280739521,0.0006545925025025015,500,0.040229551014529796,0.00022355701196836772,500,45.8847989931686,0.15490201767015405,500,0.0585265293280186,0.00019757910417120015,500,nan,nan,0,18.1044891371588,0.0005152189685741237,500,1.0538853077667982,0.009097058497060063,500,18.072650321800005,1.590413067148138e-16,500,6.693877551019999,3.976032667870345e-17,500,2.74012244898304,0.0140661716098242,500,3.0204081632699995,1.9880163339351726e-17,500,0.409347560975424,0.0021013488075590633,500,0.4512195121950001,4.9700408348379315e-18,500
8,5,4,0.625,7.0,0.75,0.49924305141005404,0.0008057277832479395,500,0.46391725163868197,8.85012298248096e-07,500,0.194665005036294,3.1545798283241326e-05,500,0.54912274026572,0.0011269233025140884,500,0.610881059185472,0.0006954022667126897,500,0.044700513752690595,0.00025761305749857335,500,43.3833524616554,0.1478000967081103,500,0.0553359087521076,0.0001885205315153904,500,nan,nan,0,21.112080156494997,0.0004440987706806974,500,1.0544492451381162,0.00907703945071894,500,21.0847587088,0.0,500,6.693877551019999,3.976032667870345e-17,500,2.7407653061258994,0.013290281392320918,500,3.0204081632699995,1.9880163339351726e-17,500,0.4094435975607901,0.001985438378725071,500,0.4512195121950001,4.9700408348379315e-18,500
8,5,4,0.625,8.0,0.75,0.494813011330596,0.0007801478743903666,500,0.46398353914249996,6.135406574179667e-07,500,0.15042629605067798,2.204309221443368e-05,500,0.5374666683430439,0.0011360662241458991,500,0.598947340147956,0.0007051066754616171,500,0.048407206354084,0.0002732627950389514,500,41.73772382821439,0.13921908601584,500,0.0532368926380268,0.00017757536481608505,500,nan,nan,0,24.120594225746,0.0004027676866344912,500,1.048787069568674,0.009410330225189601,500,24.096867095800004,1.590413067148138e-16,500,6.693877551019999,3.976032667870345e-17,500,2.7491224489830794,0.013948274949109666,500,3.0204081632699995,1.9880163339351726e-17,500,0.41069207317054807,0.0020837361966596878,500,0.4512195121950001,4.9700408348379315e-18,500
8,5,4,0.625,9.0,0.75,0.490413097417056,0.0007783235266495517,500,0.46403344389609597,4.789770188559626e-07,500,0.11961087811425801,1.6789029189902514e-05,500,0.5270525987849041,0.001210329300243849,500,0.588918751828072,0.0007440726185545942,500,0.051667370836958396,0.00030185972996573323,500,40.450517947532,0.13934871142979546,500,0.0515950484024602,0.00017774070335411897,500,nan,nan,0,27.1300634766184,0.0003736616347851553,500,1.0473162787277361,0.009704120290935078,500,27.108975482699993,3.180826134296276e-16,500,6.693877551019999,3.976032667870345e-17,500,2.7336938775544395,0.015446275270742613,500,3.0204081632699995,1.9880163339351726e-17,500,0.408387195121766,0.0023075228300732864,500,0.4512195121950001,4.9700408348379315e-18,500
8,5,4,0.625,10.0,0.75,0.488194322168898,0.000786442080670835,500,0.464072019497176,3.221688815217835e-07,500,0.0973547656528154,1.139048723942578e-05,500,0.516905286340402,0.0011566947404120032,500,0.579941122180158,0.0007144514928437952,500,0.0547945334044248,0.00030078029973652873,500,39.340172269339604,0.12776390191035822,500,0.05017879115987461,0.00016296416059990355,500,nan,nan,0,30.1399725773918,0.00031380635078965023,500,1.0474035325275979,0.009091877740087413,500,30.121083869699994,3.180826134296276e-16,500,6.693877551019999,3.976032667870345e-17,500,2.7439795918401995,0.01447805671398859,500,3.0204081632699995,1.9880163339351726e-17,500,0.40992378048762,0.0021628804237297837,500,0.4512195121950001,4.9700408348379315e-18,500
8,6,4,0.75,1.0,0.75,0.530092926701446,0.00048626505387679446,500,0.715232681256352,4.011443477594127e-05,500,6.93536327401012,0.005644159811361471,500,0.89635007085406,2.3271146342147877e-05,500,0.8842095300830161,2.9098274621705478e-05,500,0.0022708464065303,8.529919492689451e-07,500,447.349352732092,0.14626283202382165,500,0.27079258639954606,8.853682325850016e-05,500,nan,nan,0,3.60441442735608,0.003420023889227189,500,1.161375940325946,0.010869209409285912,500,3.4043933611799995,1.9880163339351726e-17,500,7.4576271186400005,3.976032667870345e-17,500,3.4749055690076203,0.011252246495945655,500,5.94688135593088,0.006519411537644374,500,0.46595324675331,0.0015088239619573405,500,0.797422727272738,0.0008741938198316801,500
8,6,4,0.75,2.0,0.75,0.530296295739264,0.0004824314605196627,500,0.6959937126700659,1.321055349798238e-05,500,3.2703833868147405,0.0024565464337858818,500,0.8605472451461681,0.00010643217373257955,500,0.8289149039162881,6.790854635074222e-05,500,0.004508294823905039,4.8725244137888645e-06,500,248.906976386594,0.19577068395418587,500,0.150670082558474,0.0001185052566307643,500,nan,nan,0,6.915295947611579,0.0016900780052960906,500,1.18828189861065,0.01012475957424551,500,6.808786722349999,3.976032667870345e-17,500,7.4576271186400005,3.976032667870345e-17,500,2.7179128329299003,0.013601222060570364,500,3.4393026634380806,0.00405052377062661,500,0.364447402597416,0.001823800230850524,500,0.461179220779326,0.0005431384146907805,500
8,6,4,0.75,3.0,0.75,0.5165728175953099,0.0004896110210368748,500,0.7000396458196401,1.2491546207992799e-05,500,1.63115669605534,0.002387181595363499,500,0.810155283074164,0.0003507563065824599,500,0.732405320690694,0.0001584970966000823,500,0.0157754607865252,3.899182654925877e-05,500,118.17634135951401,0.20514008141746948,500,0.07153531559293819,0.00012417680473209253,500,nan,nan,0,10.282352224546202,0.0011497280750472764,500,1.16865245316152,0.010269993475114089,500,10.213180083499996,1.590413067148138e-16,500,7.4576271186400005,3.976032667870345e-17,500,2.7227554479417795,0.013531612100989205,500,3.0152058111388595,0.0008861359421114036,500,0.36509675324680996,0.0018144661680756945,500,0.404311688311552,0.00011882277406232462,500
8,6,4,0.75,4.0,0.75,0.492271681755494,0.0005030021442780038,500,0.7038658890542401,9.332346319245411e-06,500,0.820418326246504,0.0010034490255262094,500,0.748960497626452,0.00091790689916031,500,0.6566810689803121,0.00043533308782888223,500,0.0328681992106696,0.00015784795354376646,500,79.67215169693459,0.24336153773617364,500,0.0482276947317998,0.0001473132795012294,500,nan,nan,0,13.669706911228399,0.0008852544381620785,500,1.169283062061248,0.010569807236870059,500,13.617573444699998,7.95206533574069e-17,500,7.4576271186400005,3.976032667870345e-17,500,2.71262953995162,0.013329197631341756,500,2.98384987893528,4.650788276832079e-05,500,0.36373896103902004,0.001787324227828391,500,0.400107142857084,6.236284291357339e-06,500
8,6,4,0.75,5.0,0.75,0.49165198926589,0.0005130536759614015,500,0.7053006355958918,2.1550632534087933e-06,500,0.514699818480982,0.00018076727753181684,500,0.7130661749137079,0.0011934394610552015,500,0.6190376777174499,0.000573502437578734,500,0.0451707220154872,0.00024846216371098365,500,66.64242658102741,0.2359690292956395,500,0.040340451925561197,0.0001428383954574997,500,nan,nan,0,17.0633678780572,0.0006572305098512184,500,1.1679224024512842,0.009740336880292223,500,17.021966805900004,1.590413067148138e-16,500,7.4576271186400005,3.976032667870345e-17,500,2.7150121065373995,0.01274611653549433,500,2.9830508474599995,1.9880163339351726e-17,500,0.36405844155850003,0.00170913835361405,500,0.4,0.0,500
8,6,4,0.75,6.0,0.75,0.488553884735514,0.0005187173224662922,500,0.705986624653998,1.5716636862839245e-06,500,0.364187686308548,6.937124993008167e-05,500,0.6862801754571379,0.0013110363277142433,500,0.5938053096882601,0.0006238738269951664,500,0.055201852903909,0.0003162780194276147,500,58.853227189373,0.2230276338169486,500,0.0356254401872728,0.00013500462095470444,500,nan,nan,0,20.4609792353238,0.0005587372774060692,500,1.16890473671391,0.009939606396930641,500,20.426360167100007,3.180826134296276e-16,500,7.4576271186400005,3.976032667870345e-17,500,2.7197772397095794,0.01291612102685746,500,2.9830508474599995,1.9880163339351726e-17,500,0.36469740259746003,0.0017319344104093106,500,0.4,0.0,500
8,6,4,0.75,7.0,0.75,0.48338438070598,0.000526633129555838,500,0.7064090444692799,1.0995479480794776e-06,500,0.27160860932077796,4.366776053959607e-05,500,0.658779546957556,0.0014750783970633285,500,0.57214245642722,0.0006954413326437526,500,0.064693542796073,0.0003733762978601284,500,52.6468734462594,0.22318783465876138,500,0.0318685674614136,0.0001351015948297398,500,nan,nan,0,23.8614647813856,0.0005131320192626749,500,1.187530424814574,0.010459452080375258,500,23.830753528199995,1.590413067148138e-16,500,7.4576271186400005,3.976032667870345e-17,500,2.67986924939464,0.014468306463099526,500,2.9830508474599995,1.9880163339351726e-17,500,0.35934610389617,0.0019400683666320354,500,0.4,0.0,500
8,6,4,0.75,8.0,0.75,0.479129157803314,0.0005597260132146774,500,0.706687386591206,8.346425443456155e-07,500,0.21000714126411,2.5930658236973202e-05,500,0.641838545574628,0.0014391468360318838,500,0.5578645565516119,0.0006751907453890369,500,0.07117020007492281,0.0003967076291740601,500,48.9711915617512,0.20082711028618766,500,0.0296435784272132,0.0001215660473886705,500,nan,nan,0,27.261001295080202,0.0004267041138256256,500,1.16437361078804,0.010334144133695426,500,27.235146889399996,1.590413067148138e-16,500,7.4576271186400005,3.976032667870345e-17,500,2.72811622276022,0.012271966578550087,500,2.9830508474599995,1.9880163339351726e-17,500,0.36581558441564,0.0016455591548412112,500,0.4,0.0,500
8,6,4,0.75,9.0,0.75,0.47462309001025405,0.0005334637016256386,500,0.706880320684128,6.642330332429273e-07,500,0.16721122939276997,1.8795770410559412e-05,500,0.620707536600964,0.0015226042401198677,500,0.5432610024838759,0.0007008910596840799,500,0.07821793922537838,0.000430710933493959,500,45.337864488567604,0.19137347027277513,500,0.027444227898647998,0.00011584350500764635,500,nan,nan,0,30.662506345234796,0.000370715828013446,500,1.1660231612338703,0.009841139895943091,500,30.639540250600003,1.590413067148138e-16,500,7.4576271186400005,3.976032667870345e-17,500,2.7304987893463917,0.013364888679579313,500,2.9830508474599995,1.9880163339351726e-17,500,0.36613506493512,0.0017921100729331371,500,0.4,0.0,500
8,6,4,0.75,10.0,0.75,0.470332795807822,0.0005737199710747591,500,0.707018830566574,5.22351490559056e-07,500,0.136239747275264,1.4193070004424523e-05,500,0.5997744412572861,0.001636541367585225,500,0.5298789196890661,0.0007549797930378364,500,0.0846588204307594,0.00047480808148472604,500,42.13461566671221,0.19427012795925927,500,0.0255052152946186,0.00011759692975732152,500,nan,nan,0,34.0652309462702,0.0003622136032477911,500,1.180965436756978,0.010586958891180847,500,34.04393361180001,3.180826134296276e-16,500,7.4576271186400005,3.976032667870345e-17,500,2.6989297820823204,0.014506390447663286,500,2.9830508474599995,1.9880163339351726e-17,500,0.36190194805201004,0.0019451750827440743,500,0.4,0.0,500
8,7,4,0.875,1.0,0.75,0.531141994868674,0.00035070834628555614,500,0.977903071788122,3.9443922772430694e-05,500,9.01798256117296,0.004999876721767876,500,1.08200511614824,2.5447033422940385e-05,500,0.8937474630524,2.38905784475321e-05,500,0.0011867154385154998,3.630133532557983e-07,500,850.0569143869079,0.2309837692328426,500,0.270374336637056,7.346811998574433e-05,500,nan,nan,0,3.93100142724956,0.0036228089585604566,500,1.275084317331418,0.011465261500386964,500,3.7105103144900005,1.9880163339351726e-17,500,8.122137404580002,7.95206533574069e-17,500,3.6432798982182004,0.009980777189540869,500,6.27815521628472,0.006571215677022328,500,0.448561716792022,0.0012288362893165302,500,0.7729683583959019,0.0008090500504600224,500
8,7,4,0.875,2.0,0.75,0.525956433177928,0.00034784370809064327,500,0.951840029589066,2.588584304492592e-05,500,4.232250176348559,0.0033596164391545363,500,1.0197125989724,0.0001258705542022236,500,0.833485994842768,6.654104742138257e-05,500,0.0033385132877913,4.805820480358367e-06,500,454.030686559796,0.3292805965572376,500,0.144411795979582,0.00010473301417285685,500,nan,nan,0,7.53399545507228,0.0017567810416380827,500,1.278800591759584,0.010569878299096041,500,7.421020628980001,3.976032667870345e-17,500,8.122137404580002,7.95206533574069e-17,500,2.69474554707352,0.011579765753691657,500,3.5636692111932198,0.003785614643522975,500,0.331777882205516,0.001425704242227072,500,0.4387600250627121,0.00046608601344379555,500
8,7,4,0.875,3.0,0.75,0.517918913956492,0.0003528238474654973,500,0.9518916694359121,1.4642029590412831e-05,500,2.1101454776065403,0.00167917530475474,500,0.946919023788998,0.00037705629993409613,500,0.7443494060175679,0.00014383652441051804,500,0.0143057111938414,3.450745073100684e-05,500,213.4901988457,0.32777153645935125,500,0.06790400726643879,0.00010425303322495315,500,nan,nan,0,11.2058946432016,0.001161026652800925,500,1.267772379210214,0.010452626883985789,500,11.131530943499998,7.95206533574069e-17,500,8.122137404580002,7.95206533574069e-17,500,2.6918600508916195,0.011850743703919222,500,2.99579389313102,0.0010607230704162088,500,0.331422619047706,0.0014590671289450546,500,0.36884304511255994,0.00013059654345892965,500
8,7,4,0.875,4.0,0.75,0.491121126731788,0.000334069362437906,500,0.955692525354312,1.0781906422632912e-05,500,1.1257076456241601,0.00122240343402938,500,0.870926375620302,0.0007256742581173014,500,0.659415746668176,0.00035090503080741574,500,0.0341196247356918,0.00011361077613840469,500,120.9716980515842,0.485037165103546,500,0.0384770031970682,0.00015427390747615143,500,nan,nan,0,14.898127126569602,0.0009600554184849131,500,1.265188161035118,0.011653138684510317,500,14.842041257999998,7.95206533574069e-17,500,8.122137404580002,7.95206533574069e-17,500,2.6848142493650005,0.011859011518406865,500,2.9235852417329995,0.00015019289733168433,500,0.3305551378447041,0.001460085064751188,500,0.35995269423555204,1.8491794702991036e-05,500
8,7,4,0.875,5.0,0.75,0.477131596895028,0.0003474780452807454,500,0.9591140547589039,1.1179602929364823e-05,500,0.682071391274238,0.00030405829060251607,500,0.820205644067206,0.0010300424490566364,500,0.608046125928022,0.0005362924513038043,500,0.0494459806273588,0.0001898132433365755,500,88.18584985169142,0.45291475648245205,500,0.028048934431199,0.00014405685638755513,500,nan,nan,0,18.5979792476726,0.0007496470860982146,500,1.275081857436762,0.011156468543334574,500,18.5525515725,0.0,500,8.122137404580002,7.95206533574069e-17,500,2.684272264632,0.011824885081906402,500,2.921119592879999,3.976032667870345e-17,500,0.330488408521386,0.0014558834076273828,500,0.35964912280700007,2.4850204174189658e-18,500
8,7,4,0.875,6.0,0.75,0.470714527259074,0.0003792050645764228,500,0.9606465566443421,1.6839997378613898e-06,500,0.47379212562088,6.280451052006259e-05,500,0.787784424585476,0.0012144396554000338,500,0.57570556346134,0.0006263468043796463,500,0.0597478872563482,0.00025446036153236207,500,70.6030629132222,0.3905733732219582,500,0.022456444946952,0.00012422817214428192,500,nan,nan,0,22.301122019467797,0.0005940636969894408,500,1.280817754662118,0.010574738994705835,500,22.263061886999996,1.590413067148138e-16,500,8.122137404580002,7.95206533574069e-17,500,2.6853562340974197,0.011309454548780705,500,2.921119592879999,3.976032667870345e-17,500,0.330621867168004,0.0013924234453720399,500,0.35964912280700007,2.4850204174189658e-18,500
8,7,4,0.875,7.0,0.75,0.465272901697664,0.000408407546981954,500,0.96118649965033,8.461352203946067e-07,500,0.351719772438836,2.319925305214236e-05,500,0.75912408442585,0.0013613732372547323,500,0.5502763803833159,0.0006956374955422354,500,0.068016669679094,0.0002940315282788949,500,58.80057371406521,0.3558381250043098,500,0.018702472555365404,0.00011318006520505985,500,nan,nan,0,26.0058190281948,0.0005365660323241978,500,1.269502500089618,0.011384823563489964,500,25.973572201399993,3.180826134296276e-16,500,8.122137404580002,7.95206533574069e-17,500,2.69240203562428,0.011089772355147501,500,2.921119592879999,3.976032667870345e-17,500,0.33148934837101207,0.0013653761076211294,500,0.35964912280700007,2.4850204174189658e-18,500
8,7,4,0.875,8.0,0.75,0.459142251158274,0.00041367305723515084,500,0.961542103100778,6.66439196684305e-07,500,0.271559121311846,1.3909444048163696e-05,500,0.729745834433734,0.00147969044379113,500,0.527370307772024,0.000742147746162823,500,0.0757901960714446,0.0003255300338624843,500,49.676479928476795,0.3092821453518371,500,0.01580040710193354,9.837218363601706e-05,500,nan,nan,0,29.7127241965932,0.0004633340553978858,500,1.281225205783426,0.010946533079269743,500,29.6840825159,0.0,500,8.122137404580002,7.95206533574069e-17,500,2.67722646310522,0.011898557689814198,500,2.921119592879999,3.976032667870345e-17,500,0.32962092731838805,0.001464954001269404,500,0.35964912280700007,2.4850204174189658e-18,500
8,7,4,0.875,9.0,0.75,0.45330528574174195,0.000435199785406857,500,0.961792527478976,5.361380927574556e-07,500,0.21586306932069402,9.327707495051972e-06,500,0.7034126211777741,0.001635343211704707,500,0.508265145073198,0.0008066917517261935,500,0.082299944400377,0.00035706817219213934,500,43.2414617419602,0.288476253585091,500,0.01375364559222606,9.175453358296772e-05,500,nan,nan,0,33.41999958486141,0.00040971978748858374,500,1.279880203287486,0.010922607578515783,500,33.394592830400015,6.361652268592552e-16,500,8.122137404580002,7.95206533574069e-17,500,2.6647608142505796,0.013239694984502823,500,2.921119592879999,3.976032667870345e-17,500,0.328086152882296,0.0016300752283418133,500,0.35964912280700007,2.4850204174189658e-18,500
8,7,4,0.875,10.0,0.75,0.448657711865892,0.00040269391084036746,500,0.961974942077956,4.415506175016892e-07,500,0.175616887003334,6.311194944221192e-06,500,0.678819585096546,0.0015579305600686693,500,0.491580913277724,0.0007521283354696318,500,0.08851691055290681,0.000352331958128737,500,38.2929678912028,0.23370742404513972,500,0.01217969716641412,7.433442240622001e-05,500,nan,nan,0,37.1280591548488,0.0003551759698082862,500,1.2842743384815318,0.010479446768157928,500,37.1051031449,0.0,500,8.122137404580002,7.95206533574069e-17,500,2.6842722646321597,0.012095590184169518,500,2.921119592879999,3.976032667870345e-17,500,0.33048840852138606,0.0014892127012324197,500,0.35964912280700007,2.4850204174189658e-18,500
8,8,4,1.0,1.0,0.75,0.5312786569734477,0.0003634569209934698,277,1.26182191982361,2.6118430183615837e-05,277,10.550406758264259,0.006669901514760986,277,1.2574681389592057,4.761734406982935e-05,277,0.9016826688947943,2.7577111969772796e-05,277,0.0006676814796245667,2.4079463915149954e-07,277,1504.2459895483753,0.5329009639923696,277,0.27474812594490977,9.733350940598666e-05,277,nan,nan,0,4.212324973127148,0.0049734605096891475,277,1.3444157529481406,0.01581064928959695,277,3.98422656958,0.0,277,8.696986301370002,1.0692411674796993e-16,277,3.789470352603466,0.012741232686341149,277,6.576671776865271,0.009554698514211944,277,0.4357222400139495,0.0014650169892007727,277,0.756201234424083,0.0010986217734722022,277
8,8,4,1.0,2.0,0.75,0.5300477320241925,0.00035440595837046265,270,1.2445012416764076,2.5911745056970746e-05,270,5.162315419886555,0.005556876070157773,270,1.2177619096157037,0.00011492896164268144,270,0.8465897344662814,7.43919715217857e-05,270,0.0016296908684797777,2.8390978894722254e-06,270,747.2672159680853,0.7350152831621022,270,0.13648716273390374,0.00013424936678648684,270,nan,nan,0,8.087481110414185,0.002717643328025627,270,1.356135533037637,0.016584627954150482,270,7.968453139150001,5.415319400456407e-17,270,8.696986301370002,1.0830638800912814e-16,270,2.6525580923384076,0.014310855321768833,270,3.7070238457660003,0.005409053740149417,270,0.3049973864993741,0.0016454959023638352,270,0.42624234617687035,0.000621945758305555,270
8,8,4,1.0,3.0,0.75,0.5156742228169786,0.00038663707903450014,280,1.2453373469275715,1.859777385162834e-05,280,2.6270591862317496,0.0031707939483076935,280,1.1214499209635,0.0007522367631796337,280,0.742979716733275,0.00025778929170850297,280,0.0076153988674352874,3.564974594257529e-05,280,293.93777310747856,0.5418344372245801,280,0.053687264494518924,9.896519401393926e-05,280,nan,nan,0,12.031513423584286,0.0017870906772141937,280,1.3466866339435641,0.016729900767713662,280,11.952679708700002,1.0634770221593643e-16,280,8.696986301370002,1.0634770221593643e-16,280,2.6361226353538574,0.014690671606697413,280,2.984776255706071,0.0018972865515628492,280,0.3031075988864857,0.0016891680747654154,280,0.3431966145831929,0.0002181544831468226,280
8,8,4,1.0,4.0,0.75,0.49336221693980364,0.0003856155361269025,275,1.2471406482021092,9.921785761223593e-06,275,1.4210549795167635,0.0021112144222122744,275,0.9928526425175311,0.001406516593460805,275,0.6483506222521855,0.00048104136270648207,275,0.020707087129623637,0.00011192279613575663,275,157.67008532717455,0.5997877312172604,275,0.02879818910085346,0.00010955027054232656,275,nan,nan,0,15.996660295702908,0.001328249857722681,275,1.3567827167034,0.015728415430769915,275,15.936906278299999,1.0731364123198562e-16,275,8.696986301370002,1.0731364123198562e-16,275,2.642915732667345,0.014661060240396944,275,2.8511349107490185,0.00042281954931776907,275,0.3038886852396509,0.0016857632900163504,275,0.3278302174977782,4.861678913509952e-05,275
8,8,4,1.0,5.0,0.75,0.479507260341752,0.00040441915099210347,254,1.2491730087015356,8.840749676376948e-06,254,0.8439808004862794,0.0007448893782378485,254,0.9065949537859529,0.002038074935031548,254,0.5893360593470669,0.0007204292416334628,254,0.032532970238787005,0.0002167231071283986,254,113.00286412636457,0.6217548972693125,254,0.0206397925344937,0.00011356253831393422,254,nan,nan,0,19.969874433890944,0.0011692676780641436,254,1.367210402391252,0.017267092274738983,254,19.9211328479,0.0,254,8.696986301370002,1.1167859765171987e-16,254,2.6308819616710237,0.015165008807806149,254,2.84639269406,0.0,254,0.30250501386434253,0.001743708485050002,254,0.32728494623700005,3.489956176616246e-18,254
8,8,4,1.0,6.0,0.75,0.47135282298421,0.0004308136659860103,281,1.249989784987509,1.9189897108854716e-06,281,0.5695542449874911,0.0001786452939270834,281,0.8496529486802775,0.0022465313687449317,281,0.5522699119422064,0.0007831081048284361,281,0.042031378131692526,0.00029289228131881487,281,90.83416273651638,0.5354369513968341,281,0.016590714655069394,9.779670345134346e-05,281,nan,nan,0,23.94532871815445,0.0008549543516279767,281,1.3581683533006121,0.015600129570096839,281,23.905359417499994,4.246305029676e-16,281,8.696986301370002,1.061576257419e-16,281,2.6308103804076155,0.01513138801897234,281,2.84639269406,0.0,281,0.3024967832818399,0.0017398426874428022,281,0.32728494623700005,3.317425804434375e-18,281
8,8,4,1.0,7.0,0.75,0.4648910751214022,0.0004158384923054319,266,1.2503680022404136,1.3182243836352073e-06,266,0.42046393996083464,5.133798555991967e-05,266,0.8028512671911842,0.002311474887816861,266,0.5237967869822069,0.0008189179693056795,266,0.05088365618644737,0.00034830979031702367,266,75.54617330653346,0.489877673020658,266,0.013798387818541128,8.947537406774806e-05,266,nan,nan,0,27.924212126460905,0.0007399954173813423,266,1.3672189212521804,0.015476566465070936,266,27.889585986999993,4.364829328792661e-16,266,8.696986301370002,1.0912073321981652e-16,266,2.620482713631955,0.015102731132394999,266,2.84639269406,0.0,266,0.301309283794297,0.0017365476510268045,266,0.32728494623700005,3.4100229131192663e-18,266
8,8,4,1.0,8.0,0.75,0.4589288519005812,0.00045190850051476705,277,1.250610204222491,9.770848706346844e-07,277,0.3247018306069856,2.36073132745548e-05,277,0.7683591551757293,0.0022813601865393023,277,0.5026147651632563,0.0008101044531171521,277,0.05781335791286823,0.00038434934586708094,277,65.19535227133429,0.417861381113658,277,0.011907826898873718,7.632171344539143e-05,277,nan,nan,0,31.904019087665343,0.0006494532809886114,277,1.3648676367596355,0.015199137121157238,277,31.873812556600008,4.2769646699187973e-16,277,8.696986301370002,1.0692411674796993e-16,277,2.6241840990374365,0.015033428299212948,277,2.84639269406,0.0,277,0.3017348778193321,0.0017285790477897195,277,0.32728494623700005,3.3413786483740604e-18,277
8,8,4,1.0,9.0,0.75,0.4529691402728661,0.0004391860441500905,254,1.2507735484567717,8.29333840189215e-07,254,0.25834553366100393,1.627615893709524e-05,254,0.7314592542217796,0.0024991019609882487,254,0.48286216300790546,0.0008725275671661957,254,0.0652195858115803,0.00045658746177702444,254,56.44709032548858,0.3929476494557057,254,0.010309970835706141,7.177126017457279e-05,254,nan,nan,0,35.885410410667326,0.0006300518495577043,254,1.3762204519534764,0.016613255684508176,254,35.85803912619999,4.467143906068795e-16,254,8.696986301370002,1.1167859765171987e-16,254,2.6193880559437006,0.015291215403568715,254,2.84639269406,0.0,254,0.30118341747113386,0.0017582200171384192,254,0.32728494623700005,3.489956176616246e-18,254
8,8,4,1.0,10.0,0.75,0.44856279021454776,0.0004222017350562003,272,1.2508912482361765,5.509661635702162e-07,272,0.2103444358113934,1.1273232398382118e-05,272,0.7014645738170073,0.002418028277557547,272,0.46707121587186023,0.0008466951553638122,272,0.07148432321228565,0.00047141762039534183,272,50.19821763372096,0.35340032400243077,272,0.009168624225337244,6.454800438401459e-05,272,nan,nan,0,39.86607760392573,0.0005495843738168256,272,1.3511495660867832,0.016354519575788876,272,39.842265695799995,4.316239733489532e-16,272,8.696986301370002,1.079059933372383e-16,272,2.624571582055956,0.014883770490621,272,2.84639269406,0.0,272,0.30177943153081616,0.0017113710399335109,272,0.327284946237,0.0,272
8,4,4,0.5,1.0,1.0,0.53002972733948,0.001980423836084714,150,0.2872417860928733,0.00013734830481306343,150,3.0136582545390667,0.007354625940051677,150,0.5285666442948267,0.00013844622384589914,150,0.8556195327070532,0.00014497079737684496,150,0.010835258937138666,1.5536635156776537e-05,150,94.232775811524,0.11677994618998393,150,0.28555386609552,0.0003538786248210702,150,nan,nan,0,2.7276081578569333,0.009781839873512782,150,1.2181558195223867,0.0215958013289273,150,2.429137546509999,7.276241125344999e-17,150,5.81818181818,0.0,150,2.8899797979799335,0.032162525208994326,150,4.946545454545399,0.012534224537126824,150,0.49671527777781327,0.005527934020301758,150,0.8501874999996666,0.0021543198423249615,150
8,4,4,0.5,2.0,1.0,0.5288736575075066,0.0019712633137392243,150,0.25986256317545325,0.00013876324611694025,150,1.3334730670442,0.004327819777417197,150,0.48265743623398,0.0002457309807016123,150,0.8044889279352934,0.0003295598202947064,150,0.018628935891573998,7.019028141996683e-05,150,64.60169046626001,0.1873254639754791,150,0.19576269838265334,0.0005676529211382929,150,nan,nan,0,5.012885397563266,0.004547306724010235,150,1.2142423308154533,0.019191670714456283,150,4.858275093019998,1.4552482250689998e-16,150,5.81818181818,0.0,150,2.354262626262827,0.04050636842126081,150,3.2622626262618666,0.012705967772616102,150,0.4046388888888867,0.0069620320724017425,150,0.5607013888889,0.0021838382109135627,150
8,4,4,0.5,3.0,1.0,0.5187843801431,0.0020026499530556097,150,0.25755920764980667,6.578897203566523e-05,150,0.6513517321555466,0.0028638689825046357,150,0.4547606747191933,0.00045781715952412694,150,0.7506326253641135,0.0005996763848579383,150,0.034082549725986,0.00019813815394966743,150,48.366274683507335,0.2616727358651918,150,0.1465644687378667,0.0007929476844392889,150,nan,nan,0,7.391593715362999,0.003133875795537727,150,1.213844136870447,0.01961379481401513,150,7.287412639530001,7.276241125344999e-17,150,5.81818181818,0.0,150,2.3634747474748465,0.034451330748875526,150,3.0150707070692,0.0005839268351023687,150,0.40622222222218,0.005921322472441527,150,0.5182152777777866,0.00010036242479280033,150
8,4,4,0.5,4.0,1.0,0.5159278453247267,0.0021747089396342506,150,0.26070251577624665,6.56087498823596e-05,150,0.34815505315232664,0.000708147039138421,150,0.4373970201728334,0.0008282729660040308,150,0.7155251137834268,0.0010093274728874193,150,0.048824985257096,0.00033862232190016143,150,41.941671081829334,0.30729543379160257,150,0.12709597297523265,0.0009311982842177087,150,nan,nan,0,9.795631834567333,0.002305439708807438,150,1.2225523203952666,0.01817389663881101,150,9.716550186029998,1.4552482250689998e-16,150,5.81818181818,0.0,150,2.2910707070706,0.035483064996853574,150,3.00606060606,0.0,150,0.3937777777777533,0.006098651796312876,150,0.516666666667,0.0,150
8,4,4,0.5,5.0,1.0,0.5183374733131999,0.002136492317036017,150,0.26197336014500666,1.4665431583245142e-05,150,0.22584121954837996,0.00019263212117425613,150,0.4307898671660534,0.0010736672349776926,150,0.6975161870222735,0.001290098378098544,150,0.05550990656583534,0.0005006891094405338,150,38.72374605120333,0.34262040118335674,150,0.11734468500365199,0.001038243639949001,150,nan,nan,0,12.209311791531333,0.0019236389796133736,150,1.2214599520895868,0.019755361080705466,150,12.145687732500003,1.4552482250689998e-16,150,5.81818181818,0.0,150,2.2978585858580205,0.041729413158948916,150,3.00606060606,0.0,150,0.39494444444444665,0.007172242886681728,150,0.516666666667,0.0,150
8,4,4,0.5,6.0,1.0,0.5091773460185733,0.0019664646046266723,150,0.2624071988533733,1.0812865342748003e-05,150,0.15876763035810001,9.81432986548837e-05,150,0.4267986257789666,0.0010947787168718976,150,0.6864303571489935,0.001285732731371594,150,0.06108658203108399,0.0005641114613538543,150,37.24554490548133,0.3166929136549221,150,0.11286528759237266,0.0009596754959239178,150,nan,nan,0,14.627487457953332,0.0015552343676764077,150,1.218810093374053,0.01881020859845125,150,14.574825279099999,1.4552482250689998e-16,150,5.81818181818,0.0,150,2.3046464646462,0.035847220779320024,150,3.00606060606,0.0,150,0.3961111111111,0.006161241071429606,150,0.516666666667,0.0,150
8,4,4,0.5,7.0,1.0,0.51280653506806,0.00189777480889346,150,0.2626737013109333,7.83865241604193e-06,150,0.11759204592694665,5.534620097878627e-05,150,0.42177490954080665,0.0011818971295274316,150,0.6762004565482733,0.0014112756940689796,150,0.06534802742116867,0.000608245426354986,150,35.61606754656733,0.3352649641046989,150,0.10792747741384066,0.0010159544366800419,150,nan,nan,0,17.051543511272666,0.0013199199037503154,150,1.25253846521586,0.018643840077184868,150,17.0039628256,0.0,150,5.81818181818,0.0,150,2.2752323232323404,0.03740493520958192,150,3.00606060606,0.0,150,0.3910555555555333,0.006428973239124102,150,0.516666666667,0.0,150
8,4,4,0.5,8.0,1.0,0.5077442649020134,0.002105327913676602,150,0.26287937827585334,5.238619761660357e-06,150,0.09051169174152267,4.3179657255245896e-05,150,0.42095732617998666,0.0011521987077423557,150,0.67221300551272,0.0013707431728244663,150,0.06769051843195067,0.0005829335266457272,150,35.412491864813994,0.31721462726174404,150,0.10731058140850468,0.000961256446246737,150,nan,nan,0,19.473217819248003,0.0010829783578276686,150,1.23237963233752,0.01683663315172798,150,19.433100372099997,2.9104964501379997e-16,150,5.81818181818,0.0,150,2.3634747474745796,0.0335417374653639,150,3.00606060606,0.0,150,0.40622222222217336,0.005764986126838218,150,0.516666666667,0.0,150
8,4,4,0.5,9.0,1.0,0.5091899574269132,0.0021417198396345696,150,0.26302233778218,4.427678543268888e-06,150,0.07175648817613466,3.419292050257905e-05,150,0.4200994473823199,0.0012082407589086316,150,0.6694644041439799,0.0014263201061270108,150,0.06975581932908466,0.0006147717756947471,150,35.28466559356267,0.3302406431157484,150,0.10692322907138067,0.001000729221559149,150,nan,nan,0,21.896844850129998,0.0010396900039808259,150,1.2080063238311534,0.019256196781446345,150,21.862237918599998,2.9104964501379997e-16,150,5.81818181818,0.0,150,2.408727272726847,0.036560894934164735,150,3.00606060606,0.0,150,0.41400000000000664,0.00628390381679783,150,0.516666666667,0.0,150
8,4,4,0.5,10.0,1.0,0.5060831366575267,0.0021676203854970634,150,0.2631302162807667,3.958966179960385e-06,150,0.058237077728225325,2.5680341648251747e-05,150,0.41853895904998,0.0013284756869976473,150,0.6656286620897267,0.0015986267119459448,150,0.07143217133049266,0.000664725373268643,150,34.82503578334067,0.36422921060769303,150,0.10553041146467335,0.0011037248806289213,150,nan,nan,0,24.321904757665333,0.0009821881897564772,150,1.1927154122079333,0.020349750562105355,150,24.291375465099996,2.9104964501379997e-16,150,5.81818181818,0.0,150,2.354424242423714,0.03667911508925701,150,3.00606060606,0.0,150,0.4046666666666866,0.006304222905954229,150,0.516666666667,0.0,150
8,5,4,0.625,1.0,1.0,0.5291987955957134,0.0011848069857929883,150,0.48526253859316,4.594443124026924e-05,150,4.991446177360601,0.011387446841272821,150,0.71131995799082,0.0001269170790491955,150,0.8706528663683731,0.00014618727982695072,150,0.004768866303280401,9.058036445761635e-06,150,213.01640781401332,0.3180273848903501,150,0.2717046018035733,0.00040564717460225396,150,nan,nan,0,3.3436550807413337,0.009812025792364046,150,1.428446427657493,0.023332764802314842,150,3.0121083869699996,3.6381205626724996e-17,150,6.693877551020002,1.4552482250689998e-16,150,3.0746938775508,0.02994390111503413,150,5.4133843537412,0.013031595208867647,150,0.4593292682926533,0.004473326690968439,150,0.80870680894312,0.0019467931866872894,150
8,5,4,0.625,2.0,1.0,0.5298704803161067,0.0013154279505505195,150,0.4675239403230667,7.451566768776704e-05,150,2.4827989836518003,0.005732450015770308,150,0.6716153072512867,0.0004303180756419825,150,0.8118087013381934,0.0003892233600252216,150,0.009077984442647733,5.5200715166132796e-05,150,125.52110407306003,0.39175936030877734,150,0.16010344907281332,0.0004996930616204977,150,nan,nan,0,6.192030323949534,0.00446854614694814,150,1.4118789739323998,0.02000415628084073,150,6.024216773939999,7.276241125344999e-17,150,6.693877551020002,1.4552482250689998e-16,150,2.3687755102062797,0.03548747515253921,150,3.4278571428580666,0.012798700086107536,150,0.3538719512193066,0.005301482568503053,150,0.51208841463416,0.0019120009274917955,150
8,5,4,0.625,3.0,1.0,0.5126953718662399,0.0013355889507604586,150,0.46328807578063336,3.2246814865813886e-05,150,1.2235345231384,0.005909306568714378,150,0.6159225804581734,0.0013458372742640428,150,0.7214187643666267,0.0008126084305896753,150,0.021112056027938003,0.000219036352638924,150,68.289486125024,0.3635262612035388,150,0.08710393638395333,0.0004636814556159331,150,nan,nan,0,9.151559055021,0.0037872586570103957,150,1.4158240564370201,0.02504226237958457,150,9.03632516092,0.0,150,6.693877551020002,1.4552482250689998e-16,150,2.3668367346956667,0.036413340677214724,150,3.0455102040800663,0.001639913318766383,150,0.35358231707290666,0.005439797845054259,150,0.4549695121952199,0.00024498705069622283,150
8,5,4,0.625,4.0,1.0,0.49512549027828007,0.001456690843550421,150,0.46334549180636675,1.000809636080747e-05,150,0.6166226914402866,0.0026164540099518074,150,0.5668042059224466,0.0021055062542771935,150,0.6545516131044601,0.0012725111332223505,150,0.03466329649222734,0.00042319395212088255,150,49.427520022206,0.3881841710870929,150,0.063045306150772,0.0004951328712842803,150,nan,nan,0,12.134253916297332,0.0024464633418594924,150,1.4166696302986599,0.02156714164213791,150,12.048433547900002,1.4552482250689998e-16,150,6.693877551020002,1.4552482250689998e-16,150,2.343265306124133,0.03290983311220618,150,3.0204081632699995,3.6381205626724996e-17,150,0.35006097560947996,0.004916407995406688,150,0.4512195121950002,1.8190602813362498e-17,150
8,5,4,0.625,5.0,1.0,0.49882414497242006,0.0014165307606371946,150,0.46360435105537345,5.881461501795026e-06,150,0.3768346629196867,0.0005617513883084953,150,0.54133484872172,0.002735425777911071,150,0.6218490011801799,0.0016817731472041028,150,0.04314453454604067,0.0006327252992986319,150,43.62382814157801,0.3861048051213672,150,0.055642637935684,0.0004924806187767335,150,nan,nan,0,15.130496928376667,0.0020139592230026563,150,1.42997364763,0.021330515654355012,150,15.060541934899996,2.9104964501379997e-16,150,6.693877551020002,1.4552482250689998e-16,150,2.3261224489811996,0.03810843890825777,150,3.0204081632699995,3.6381205626724996e-17,150,0.3474999999997332,0.0056930289832263,150,0.4512195121950002,1.8190602813362498e-17,150
8,5,4,0.625,6.0,1.0,0.49483314840697334,0.0015012645736837027,150,0.46377462749683995,3.7843681436213117e-06,150,0.26337079621736664,0.00015306480318141809,150,0.5286935800836066,0.0027757134200903128,150,0.6036177682851733,0.0017566429356087438,150,0.048498033485857336,0.0006943224020282537,150,41.06055338155133,0.36755808047887056,150,0.052373154823408666,0.000468824082243434,150,nan,nan,0,18.128478395575996,0.0017251422406818968,150,1.3951261688162133,0.022451393873249827,150,18.0726503218,0.0,150,6.693877551020002,1.4552482250689998e-16,150,2.446122448981733,0.030646371882857182,150,3.0204081632699995,3.6381205626724996e-17,150,0.36542682926803993,0.004578268970291514,150,0.4512195121950002,1.8190602813362498e-17,150
8,5,4,0.625,7.0,1.0,0.4910212084787266,0.001580420209870585,150,0.4638815928275334,2.4967073714364993e-06,150,0.19583704636151333,8.741392996249533e-05,150,0.5099488853402867,0.002912907038909742,150,0.5852389178284533,0.0018242909041689859,150,0.05488599215381867,0.000772852085289441,150,38.38129136265133,0.3502625653014914,150,0.048955728778895334,0.00044676347614966254,150,nan,nan,0,21.134545474389334,0.0014496380071276596,150,1.4244989484545332,0.022146319777280786,150,21.084758708800003,2.9104964501379997e-16,150,6.693877551020002,1.4552482250689998e-16,150,2.3711224489814,0.03032541627894654,150,3.0204081632699995,3.6381205626724996e-17,150,0.35422256097534,0.004530321334341589,150,0.4512195121950002,1.8190602813362498e-17,150
8,5,4,0.625,8.0,1.0,0.48201478711723333,0.001497081348248723,150,0.46396052095393997,1.6416788636694925e-06,150,0.15110258104045335,5.52047885104371e-05,150,0.4974298250471933,0.0028869647197653746,150,0.5729875066082533,0.0017934192927859598,150,0.059073530533099994,0.0007869304872074845,150,36.893919366253336,0.33209278837405276,150,0.04705857062022066,0.0004235877402728294,150,nan,nan,0,24.13960272859,0.0011827640221510221,150,1.4119919367034202,0.021347755658645252,150,24.096867095800004,2.9104964501379997e-16,150,6.693877551020002,1.4552482250689998e-16,150,2.3775510204100003,0.037363640590073285,150,3.0204081632699995,3.6381205626724996e-17,150,0.35518292682901326,0.005581763380814738,150,0.4512195121950002,1.8190602813362498e-17,150
8,5,4,0.625,9.0,1.0,0.4811445527658801,0.001512250567001746,150,0.46401701202999995,1.4240079779599205e-06,150,0.12007062049560668,4.093759350119306e-05,150,0.48763614617487994,0.0029676789835425565,150,0.5631895851168266,0.0018635287865496942,150,0.06269915029771465,0.0008699969032013025,150,35.78696211419467,0.3220230780449811,150,0.04564663534973667,0.00041074372199623155,150,nan,nan,0,27.147473610712005,0.001265786389710375,150,1.4135297588381464,0.024705523558282625,150,27.1089754827,0.0,150,6.693877551020002,1.4552482250689998e-16,150,2.34326530612418,0.038718161297468176,150,3.0204081632699995,3.6381205626724996e-17,150,0.35006097560950467,0.005784115559662272,150,0.4512195121950002,1.8190602813362498e-17,150
8,5,4,0.625,10.0,1.0,0.47815274522096,0.0015021573262080398,150,0.46405922461260674,9.363976266582666e-07,150,0.09768675754433401,2.551862589545703e-05,150,0.47791281430511995,0.0026422161589837014,150,0.5547005740034867,0.001639049479450054,150,0.06615616710274666,0.0007808600922137244,150,34.98057249925467,0.2717265787306488,150,0.044618077167422,0.0003465900238910618,150,nan,nan,0,30.15557007824933,0.0009738017627952443,150,1.4190229868717532,0.02092304781827096,150,30.1210838697,0.0,150,6.693877551020002,1.4552482250689998e-16,150,2.388265306124333,0.03077131319813539,150,3.0204081632699995,3.6381205626724996e-17,150,0.3567835365850999,0.004596933983854363,150,0.4512195121950002,1.8190602813362498e-17,150
8,6,4,0.75,1.0,1.0,0.5307010907658067,0.0008921429485397365,150,0.7165765139461133,0.00013015759127447672,150,7.172572704633334,0.018325285239390473,150,0.8966635927103065,6.77385690022433e-05,150,0.8827756284688998,0.00011420954185461472,150,0.0023087617020476664,3.07996894171737e-06,150,440.54229859464,0.5596968549417298,150,0.2666720935803134,0.00033879954899579466,150,nan,nan,0,3.761354563462066,0.011116043856371032,150,1.5708358521678933,0.027019768827449123,150,3.4043933611799995,3.6381205626724996e-17,150,7.457627118639997,2.1828723376035e-16,150,3.322389023405867,0.02945213677770492,150,5.8275060532686,0.015081798364159226,150,0.4455021645022,0.003949263795191515,150,0.7814155844155467,0.002022332053392363,150
8,6,4,0.75,2.0,1.0,0.5296638109754267,0.0008261267787956076,150,0.6956660393903934,3.7161784210872535e-05,150,3.3794362906620665,0.007287859884640906,150,0.8561133787127867,0.0003875230704997719,150,0.8258918770821266,0.0002687406844170964,150,0.004716146582916266,2.237234890510236e-05,150,241.65947582572,0.6243808676003691,150,0.14628297568146667,0.0003779545203397491,150,nan,nan,0,6.9969225330735325,0.005272295863536377,150,1.586441463148447,0.02384141619420317,150,6.808786722349999,7.276241125344999e-17,150,7.457627118639997,2.1828723376035e-16,150,2.398918482647467,0.032520048806693284,150,3.5708958837783333,0.01362233679601738,150,0.32167316017323333,0.004360642908170096,150,0.4788246753247067,0.0018266315249163923,150
8,6,4,0.75,3.0,1.0,0.5147644329729734,0.0008351916062147236,150,0.6995598179460133,3.3350954459589195e-05,150,1.7185007481497332,0.00584384114414908,150,0.7978982705206668,0.0010003082585674993,150,0.7267483012857799,0.0005176076057525765,150,0.016596065921330668,0.00010263869679218392,150,111.19725582827266,0.5476593062231208,150,0.06731068754737533,0.0003315128972295478,150,nan,nan,0,10.337592735916,0.0037133037324621914,150,1.5692268664947802,0.025430217909164724,150,10.213180083499998,1.4552482250689998e-16,150,7.457627118639997,2.1828723376035e-16,150,2.3735108958828666,0.03025624246015594,150,3.0408313155774,0.00233664984644105,150,0.3182662337663667,0.004057087057148211,150,0.40774783549779337,0.0003133235021418249,150
8,6,4,0.75,4.0,1.0,0.48820732482103335,0.0009008918136388057,150,0.7035111143919534,2.468955115082854e-05,150,0.8636894200942667,0.003492289292953697,150,0.7170556126550733,0.0024729956808988243,150,0.6403954329673266,0.0012514429583076621,150,0.03818944404501667,0.00043184745907752774,150,70.96859530420666,0.6613526287814258,150,0.042959198126036,0.0004003345210538932,150,nan,nan,0,13.710954845088667,0.002830038902971575,150,1.5676317717577133,0.025343311078778012,150,13.617573444699998,1.4552482250689998e-16,150,7.457627118639997,2.1828723376035e-16,150,2.3814527845026,0.03327144740319386,150,2.9851331719126666,0.0001244680557996316,150,0.3193311688313001,0.004461398629052949,150,0.4002792207791533,1.6690034760117847e-05,150
8,6,4,0.75,5.0,1.0,0.4830351565187067,0.0011414853078498014,150,0.7052160177195332,5.738054351693212e-06,150,0.5231376707502532,0.0007567106454684273,150,0.6647125437049334,0.0036959752090213356,150,0.5943667943651534,0.0018193707691114116,150,0.05503285818148001,0.0007966061761573801,150,57.26462822947532,0.6588403727445079,150,0.034663818540842,0.0003988137849546564,150,nan,nan,0,17.099475543554,0.0023449649568520288,150,1.5967095728893201,0.02538929041877875,150,17.021966805900007,5.820992900275999e-16,150,7.457627118639997,2.1828723376035e-16,150,2.3556416464883334,0.03452145893296896,150,2.9830508474599995,3.6381205626724996e-17,150,0.3158701298702667,0.004629013811455178,150,0.3999999999999999,9.095301406681249e-18,150
8,6,4,0.75,6.0,1.0,0.4803571099080267,0.001123953458022208,150,0.70594575486674,3.2753935440254083e-06,150,0.36675519682742,0.0002312242101370975,150,0.6386246541006532,0.003955463234868803,150,0.5699446069069133,0.0019247395395696912,150,0.065614075612352,0.0009195883898813204,150,50.786827232469335,0.6301316763398013,150,0.030742631496654665,0.000381435639430763,150,nan,nan,0,20.487491752336663,0.0018996289794041043,150,1.5509097207284268,0.025428587419718006,150,20.4263601671,0.0,150,7.457627118639997,2.1828723376035e-16,150,2.4132203389823337,0.03223754298280114,150,2.9830508474599995,3.6381205626724996e-17,150,0.32359090909103333,0.004322761445403429,150,0.3999999999999999,9.095301406681249e-18,150
8,6,4,0.75,7.0,1.0,0.4734455389724267,0.001027736702238961,150,0.70637842556718,2.509331720604558e-06,150,0.2731789960382934,0.00012366440508407498,150,0.6045003146278333,0.003968520982083504,150,0.5451631392082666,0.0019167494089592518,150,0.07745572691955199,0.000984509168501761,150,44.459636299467334,0.5582393703149366,150,0.02691261277207533,0.0003379172943798828,150,nan,nan,0,23.886801695327335,0.0015961393953346174,150,1.60727377329246,0.024785269416135368,150,23.8307535282,0.0,150,7.457627118639997,2.1828723376035e-16,150,2.325859564163667,0.031661190299436745,150,2.9830508474599995,3.6381205626724996e-17,150,0.31187662337676664,0.0042454777901378,150,0.3999999999999999,9.095301406681249e-18,150
8,6,4,0.75,8.0,1.0,0.47075081705570665,0.0010600263062118076,150,0.7066683402199067,1.6559702968982284e-06,150,0.21084027452128665,7.280603462745237e-05,150,0.5967411046840798,0.003720818599758117,150,0.53525665266316,0.0017996064034058947,150,0.08176608682231133,0.0009438834952687379,150,42.468503092313334,0.4881179958216264,150,0.025707326327066665,0.00029547094178024015,150,nan,nan,0,27.28042099559866,0.001334521421241545,150,1.5438666591817267,0.023868306030656622,150,27.235146889399996,2.9104964501379997e-16,150,7.457627118639997,2.1828723376035e-16,150,2.4390314769962,0.03159217559433568,150,2.9830508474599995,3.6381205626724996e-17,150,0.32705194805206667,0.0042362235455870945,150,0.3999999999999999,9.095301406681249e-18,150
8,6,4,0.75,9.0,1.0,0.4664335426459466,0.0011143411162694728,150,0.70686675413294,1.4833986325374123e-06,150,0.16778202538232667,4.811991250565776e-05,150,0.5738499043923466,0.0034957503466444095,150,0.52005045753024,0.0017009744898883626,150,0.08935213063880733,0.0009405643137678969,150,38.99434807000867,0.43287863646953306,150,0.02360432691888867,0.00026203307292335995,150,nan,nan,0,30.680151599457336,0.0011963805223203052,150,1.5508160280010133,0.023948814677203112,150,30.639540250599996,2.9104964501379997e-16,150,7.457627118639997,2.1828723376035e-16,150,2.4072639225174663,0.02882275502688757,150,2.9830508474599995,3.6381205626724996e-17,150,0.32279220779233336,0.0038648694240508027,150,0.3999999999999999,9.095301406681249e-18,150
8,6,4,0.75,10.0,1.0,0.4628236901821333,0.0010943149319730485,150,0.7070107633578201,1.1411439766254163e-06,150,0.13661019643863334,3.513803606571623e-05,150,0.5551479156031133,0.003709712069378114,150,0.5079205072574267,0.0017622087423935675,150,0.095960230161204,0.0010653209600641458,150,36.55013709707333,0.41160385324145127,150,0.022124780325110668,0.0002491548748430399,150,nan,nan,0,34.08095636621867,0.0011161956417534203,150,1.5587144155390664,0.02495177661468736,150,34.043933611800014,1.1641985800551999e-15,150,7.457627118639997,2.1828723376035e-16,150,2.3834382566576,0.030210299867795238,150,2.9830508474599995,3.6381205626724996e-17,150,0.31959740259753333,0.0040509265731716124,150,0.3999999999999999,9.095301406681249e-18,150
8,7,4,0.875,1.0,1.0,0.5310667509985666,0.0006382213285833179,150,0.9792546130578199,9.050602072779698e-05,150,9.2446970193668,0.014075686878822958,150,1.0823205350092666,6.870052498698608e-05,150,0.8925200974357733,7.954592884931806e-05,150,0.0012065060132747333,1.3815284246949126e-06,150,838.2612033771067,0.7768101587038271,150,0.26662252015812005,0.000247077022489366,150,nan,nan,0,4.0995306488656,0.01006175219693951,150,1.7215994497417333,0.024501016472866288,150,3.7105103144900013,1.09143616880175e-16,150,8.122137404580002,1.4552482250689998e-16,150,3.4902459711620666,0.022493362090712024,150,6.179885496182534,0.014421681310493846,150,0.42972013366748,0.002769389505539348,150,0.7608693609022333,0.0017756017402953187,150
8,7,4,0.875,2.0,1.0,0.5268925198507,0.0006586480389364366,150,0.9528926066527068,8.749507853411304e-05,150,4.392389341470199,0.011272573007282186,150,1.0185454530650664,0.0002260710231824117,150,0.8311930417939601,0.00017264580736644507,150,0.0034043548356971994,1.0056992112476394e-05,150,440.5117072955133,0.9731113932238816,150,0.14011186618816,0.00030951380191445956,150,nan,nan,0,7.622436458372067,0.005915166472712182,150,1.7122856514173002,0.026328031865820584,150,7.421020628980003,2.1828723376035e-16,150,8.122137404580002,1.4552482250689998e-16,150,2.404189991517867,0.030248875038810335,150,3.683138252754467,0.012088030111362587,150,0.29600459482040664,0.00372425059217591,150,0.45346908939022,0.0014882819028067414,150
8,7,4,0.875,3.0,1.0,0.5163483545389399,0.0006897591573730862,150,0.9521091875166201,2.839199592693087e-05,150,2.1887433460146,0.005677177341081818,150,0.9331282753037866,0.0010490016854531662,150,0.7377817227428067,0.0005126536711588571,150,0.014887720690277334,7.313369379610015e-05,150,198.00639707449332,1.1551737468772911,150,0.062979133929548,0.0003674216752148498,150,nan,nan,0,11.262773867128,0.0040673079513346335,150,1.6807318668727935,0.02798601452027581,150,11.131530943499998,1.4552482250689998e-16,150,8.122137404580002,1.4552482250689998e-16,150,2.3628753180659996,0.030786554926719743,150,3.0351314673454,0.0035731359462022006,150,0.2909179197996133,0.0037904499016949184,150,0.37368629908102,0.0004399255723375214,150
8,7,4,0.875,4.0,1.0,0.48864859605026,0.0006454885416246106,150,0.9557139256291333,1.9963253887182804e-05,150,1.1738817088181333,0.0036320139785849183,150,0.8431141535917532,0.0020641418180791875,150,0.6446536391469734,0.001087839544719571,150,0.03748473020628867,0.000282894861093679,150,102.80436360894534,1.265552890448641,150,0.03269858893414533,0.00040252954530806405,150,nan,nan,0,14.944059216628672,0.003029133813725893,150,1.7113377877671732,0.027344105442442236,150,14.842041258000002,1.4552482250689998e-16,150,8.122137404580002,1.4552482250689998e-16,150,2.3556488549618666,0.031389703774724935,150,2.9280916030535997,0.0004447690132028558,150,0.29002819548881337,0.0038647097692645405,150,0.36050751879692,5.476009468835735e-05,150
8,7,4,0.875,5.0,1.0,0.4709985205318266,0.0007440096838162293,150,0.9587932080811601,2.57612965187338e-05,150,0.6944380620854134,0.0011624154507750518,150,0.78134968809274,0.00318657290669732,150,0.5866963748748,0.0017192729083333866,150,0.055217604971731345,0.0005509960360591825,150,72.53950368471934,1.179902065071075,150,0.023072361222873334,0.0003752869163712841,150,nan,nan,0,18.632442687755336,0.002493024636001884,150,1.6902646762313667,0.027743074441400176,150,18.5525515725,0.0,150,8.122137404580002,1.4552482250689998e-16,150,2.379134860051133,0.032324502812142136,150,2.9211195928799993,3.6381205626724996e-17,150,0.29291979949884667,0.003979802507891803,150,0.359649122807,0.0,150
8,7,4,0.875,6.0,1.0,0.4661106334796467,0.0007927165715606169,150,0.9605550980546532,1.0766039803960514e-05,150,0.47592251824086,0.00021514942048033044,150,0.7445820406234267,0.003638984502393644,150,0.5525658072343734,0.0019258843633701088,150,0.067234094911862,0.0007002323875569586,150,58.08024100125401,0.990625227033726,150,0.018473359097093335,0.0003150843597432655,150,nan,nan,0,22.327688009588666,0.0020846594614882395,150,1.66131319997386,0.02866296256230622,150,22.263061886999996,2.9104964501379997e-16,150,8.122137404580002,1.4552482250689998e-16,150,2.40262086514,0.028995513682684746,150,2.9211195928799993,3.6381205626724996e-17,150,0.29581140350889334,0.0035699363650743706,150,0.359649122807,0.0,150
8,7,4,0.875,7.0,1.0,0.45814658042876666,0.000914505134943026,150,0.9611799863371334,1.6191478633477892e-06,150,0.3525137503360267,8.087896045056037e-05,150,0.7109462402600734,0.004103692815395742,150,0.5250838813774134,0.0021076329424494513,150,0.077251368511334,0.0008025378737970593,150,47.953093761009335,0.8742803450341264,150,0.015252256285311398,0.00027807899015079194,150,nan,nan,0,26.028981146985334,0.0017964954861420094,150,1.6603094156466467,0.02899434947455918,150,25.9735722014,0.0,150,8.122137404580002,1.4552482250689998e-16,150,2.4351399491093337,0.029261726327623794,150,2.9211195928799993,3.6381205626724996e-17,150,0.29981516290738663,0.0036027125459774283,150,0.359649122807,0.0,150
8,7,4,0.875,8.0,1.0,0.45207417701177993,0.0009399640700366797,150,0.9615403180528934,1.3587686838871753e-06,150,0.2720778014325466,4.3817112526541576e-05,150,0.6778762540604333,0.004379842484599265,150,0.50065189683468,0.0021861681075766764,150,0.08553753177186199,0.0008855056359688964,150,40.08502384169599,0.7488891365184549,150,0.012749689517079933,0.00023819629024122803,150,nan,nan,0,29.73410412633067,0.0016048606556567139,150,1.6864285677432536,0.029371015888812725,150,29.684082515900002,2.9104964501379997e-16,150,8.122137404580002,1.4552482250689998e-16,150,2.3827480916034665,0.0314994223909959,150,2.9211195928799993,3.6381205626724996e-17,150,0.29336466165422,0.0038782183582944064,150,0.359649122807,0.0,150
8,7,4,0.875,9.0,1.0,0.44547967582704,0.0009155181072335779,150,0.9617908586868934,1.038509598517512e-06,150,0.2162054212285333,2.9454450162937576e-05,150,0.6453093254871867,0.004641651012344534,150,0.4793609295324266,0.0022025835548739503,150,0.09385708962331601,0.0009662132637275081,150,34.32565420645601,0.6050321742358183,150,0.010917828946071533,0.0001924402589806196,150,nan,nan,0,33.439701550858665,0.0013191694797684917,150,1.706886752780833,0.026113639712793308,150,33.39459283040001,5.820992900275999e-16,150,8.122137404580002,1.4552482250689998e-16,150,2.3628753180656,0.032651179584527575,150,2.9211195928799993,3.6381205626724996e-17,150,0.29091791979959997,0.004020023050356434,150,0.359649122807,0.0,150
8,7,4,0.875,10.0,1.0,0.4405822537631467,0.0009133994184578371,150,0.9619735497177064,9.136058936908204e-07,150,0.17583976106101334,1.9453274705222543e-05,150,0.6248199475930133,0.004363173802386827,150,0.4648547088906933,0.0020645677399092435,150,0.09948299084645733,0.0009474889659858954,150,30.977738193936673,0.5129335147164963,150,0.009852970163465802,0.00016314679221259945,150,nan,nan,0,37.145261607159334,0.0011595051463916272,150,1.6976347092934,0.02590861415190001,150,37.105103144900006,5.820992900275999e-16,150,8.122137404580002,1.4552482250689998e-16,150,2.391781170483267,0.03069106378512574,150,2.9211195928799993,3.6381205626724996e-17,150,0.29447681704271333,0.0037786930036263007,150,0.359649122807,0.0,150
8,8,4,1.0,1.0,1.0,0.5307030109933933,0.0004715602634064315,150,1.2613323068565998,5.996036706880521e-05,150,10.767731233629334,0.015194981541423505,150,1.255887852267,0.00011214412037733725,150,0.9006607398015202,7.145157367259913e-05,150,0.0006769539682968266,6.729196779591719e-07,150,1484.673398266,1.388508491079816,150,0.27117322342745337,0.0002536088568191254,150,nan,nan,0,4.385669512061133,0.011158882123027647,150,1.8070686911986669,0.027550080509427345,150,3.9842265695800005,3.6381205626724996e-17,150,8.696986301370002,1.4552482250689998e-16,150,3.6501990867575995,0.02192051420955094,150,6.458871232876801,0.01543596839664505,150,0.4197085013441067,0.0025204724314747077,150,0.7426562499999266,0.0017748640577070322,150
8,8,4,1.0,2.0,1.0,0.5293804462789332,0.0005331083914992497,150,1.2453229332690001,5.852095995382215e-05,150,5.358894477302666,0.013776462195922393,150,1.2155415468476667,0.0001953077152193373,150,0.8446407106355668,0.00015707367029804892,150,0.0016893489920240666,5.452799988668143e-06,150,728.2439009798667,1.4830126337898488,150,0.13301258465385335,0.0002708698874486531,150,nan,nan,0,8.183094578218334,0.00657010963926304,150,1.82859801552082,0.029475564625671972,150,7.968453139150001,7.276241125344999e-17,150,8.696986301370002,1.4552482250689998e-16,150,2.3888146118722,0.02671063321436799,150,3.8122520547954006,0.01300484437356518,150,0.27467153897846003,0.0030712516139263517,150,0.43834173387097325,0.0014953276828315674,150
8,8,4,1.0,3.0,1.0,0.5141238970620666,0.0004504900269409023,150,1.2459540223586667,4.5158297244139164e-05,150,2.7343085345534,0.006935908415044883,150,1.1032373341988666,0.001210649535513832,150,0.7357895164202666,0.0004826501731054181,150,0.008558725119325998,6.905489411528177e-05,150,277.65982868053334,1.0037045941587828,150,0.050714123959908,0.0001833250400284891,150,nan,nan,0,12.097940888663334,0.00411560946430948,150,1.8386272248492332,0.02785331329624274,150,11.952679708700002,1.4552482250689998e-16,150,8.696986301370002,1.4552482250689998e-16,150,2.2981844748864666,0.027151582842533273,150,3.0328036529680005,0.004061018276648699,150,0.26425067204298,0.003121953042329549,150,0.34871891801074667,0.00046694546086612935,150
8,8,4,1.0,4.0,1.0,0.49005503766037994,0.0005419160656833027,150,1.2473800016000667,2.8676304817928454e-05,150,1.4730178272050667,0.004092015654406026,150,0.9622217034743267,0.002490693607428412,150,0.6363040588502067,0.0009410927629321692,150,0.023309590626023335,0.00023946600400103128,150,142.22606416994,1.1501333447440507,150,0.025977363318705336,0.0002100700173048122,150,nan,nan,0,16.039974225147997,0.003226561176179971,150,1.7813744495765997,0.02885367902781625,150,15.936906278300002,1.4552482250689998e-16,150,8.696986301370002,1.4552482250689998e-16,150,2.3890118721461997,0.026433316543029203,150,2.8586666666656666,0.0007576256157304653,150,0.2746942204300933,0.0030393650889244703,150,0.32869623655916,8.711358042197729e-05,150
8,8,4,1.0,5.0,1.0,0.4731480432928934,0.0006291726273895535,150,1.2489928590901334,1.484676303267936e-05,150,0.8659429424558202,0.0019668386915007176,150,0.8547283280446466,0.003752093012674159,150,0.5696334362883068,0.0014032512710647374,150,0.03865164702666267,0.0004909521222497065,150,96.67391224601467,1.128329904350311,150,0.017657335570052668,0.00020608765376303474,150,nan,nan,0,20.006984785547335,0.002554134267847712,150,1.8180629714755803,0.028792862946288522,150,19.9211328479,0.0,150,8.696986301370002,1.4552482250689998e-16,150,2.3435981735163334,0.027100816360881134,150,2.84639269406,0.0,150,0.26947244623654,0.0031161157925217575,150,0.327284946237,0.0,150
8,8,4,1.0,6.0,1.0,0.4639011641279333,0.0006165494441079868,150,1.2499303766812666,5.951663432738032e-06,150,0.5749329338953533,0.0004503782208305451,150,0.7921984936656933,0.003941882234254418,150,0.5303792675595734,0.0014580492308988006,150,0.04991214191215333,0.000607868043489332,150,76.22299709193267,0.9092898939057202,150,0.013922008601265136,0.00016608034591870862,150,nan,nan,0,23.977277660838666,0.0019776982080619825,150,1.82859229814076,0.025966955866030858,150,23.905359417499998,2.9104964501379997e-16,150,8.696986301370002,1.4552482250689998e-16,150,2.3614392694069335,0.024946470464622016,150,2.84639269406,0.0,150,0.27152385752682673,0.002868404019542023,150,0.327284946237,0.0,150
8,8,4,1.0,7.0,1.0,0.46002684902955326,0.0006959117239195449,150,1.2503378986292666,2.6553996213088585e-06,150,0.42166077987910666,0.00012980372279822457,150,0.7478068667392934,0.004912815400603186,150,0.5031638827415866,0.00180655097853099,150,0.059500269245431996,0.0008430760345491689,150,63.93943766617266,0.9550172006056902,150,0.011678436103412935,0.00017443236540756166,150,nan,nan,0,27.950248835020666,0.0019858216523278424,150,1.8017704894544597,0.0308290473806478,150,27.889585986999997,2.9104964501379997e-16,150,8.696986301370002,1.4552482250689998e-16,150,2.330622831050207,0.031126259351188013,150,2.84639269406,0.0,150,0.2679805107526867,0.0035789707230495424,150,0.327284946237,0.0,150
8,8,4,1.0,8.0,1.0,0.4540665502489867,0.0007034562083393125,150,1.2505891986586002,2.089273120865764e-06,150,0.3252505245326733,5.347690771239457e-05,150,0.7128233731610267,0.0042009421745012035,150,0.4818657889801001,0.001520116656019147,150,0.06735708338251267,0.0007926292841634049,150,54.888557252960005,0.6923663891036491,150,0.010025307260812267,0.00012645961444805224,150,nan,nan,0,31.92663093865866,0.001430811578472936,150,1.8091146884006601,0.02554707193477502,150,31.873812556600004,2.9104964501379997e-16,150,8.696986301370002,1.4552482250689998e-16,150,2.395499543379467,0.026579851194857677,150,2.84639269406,0.0,150,0.2754401881720401,0.003056213988846868,150,0.327284946237,0.0,150
8,8,4,1.0,9.0,1.0,0.44783403734015337,0.000673981139748178,150,1.2507610857244,1.4577509517073992e-06,150,0.25874664695573335,3.104455592410208e-05,150,0.6714880076228267,0.004222479925389803,150,0.4604445154237999,0.0015370839625182397,150,0.07632885370746735,0.0008277695511614843,150,46.64865484375466,0.6241819260582391,150,0.008520302254566799,0.00011400583124359574,150,nan,nan,0,35.90643157052933,0.0013913743064209799,150,1.8332866335944467,0.027442034773323493,150,35.85803912619999,5.820992900275999e-16,150,8.696986301370002,1.4552482250689998e-16,150,2.359817351598933,0.024787077807003875,150,2.84639269406,0.0,150,0.27133736559135335,0.0028500766757892522,150,0.327284946237,0.0,150
8,8,4,1.0,10.0,1.0,0.4429333762514734,0.0007824543799869852,150,1.2508818259742,1.2199497247914971e-06,150,0.21059263530912,2.2422475420883596e-05,150,0.6486529024398866,0.004657896669603868,150,0.4472662812111933,0.0016594514290071284,150,0.08157700508485669,0.0009539619552941508,150,42.34377887467001,0.6159378951321784,150,0.007734023538753533,0.00011250007217037854,150,nan,nan,0,39.883148263532,0.0012158339515263262,150,1.771679337371613,0.028467834723010108,150,39.8422656958,0.0,150,8.696986301370002,1.4552482250689998e-16,150,2.3727926940643997,0.027210041857443544,150,2.84639269406,0.0,150,0.27282930107528,0.0031286747977710603,150,0.327284946237,0.0,150
8,4,4,0.5,1.0,2.0,0.5295308137502466,0.0019945716992932102,150,0.29148885009107334,0.0003252726668006614,150,3.4998454183158674,0.01838604938750016,150,0.5202735665627334,0.0008626916429846504,150,0.8351421867755999,0.00123838434531695,150,0.013403816708096,0.00017645898709794724,150,80.35145660229334,0.7468066961235512,150,0.24348926243118665,0.0022630505943145767,150,nan,nan,0,3.5011166770549336,0.028655238570134633,150,2.4954008045187335,0.04116025916379653,150,2.429137546509999,7.276241125344999e-17,150,5.81818181818,0.0,150,2.232121212121266,0.03488870356931205,150,4.032888888888533,0.04537709159620066,150,0.38364583333336666,0.005996495925969411,150,0.6931527777777867,0.007799187618096621,150
8,4,4,0.5,2.0,2.0,0.5220568192419467,0.0018875603160172698,150,0.2695571033888067,0.0003612680099058751,150,1.7573048185179334,0.015099383345319862,150,0.47562475839258667,0.0005543625828756861,150,0.7766456413973266,0.0012678545223805881,150,0.024038535890044663,0.0002977889499201828,150,52.835143641766,0.48364890499716334,150,0.1601064958841,0.001465602742416834,150,nan,nan,0,5.459307577300667,0.01612351575988183,150,2.45443486335808,0.03804686636448043,150,4.858275093019998,1.4552482250689998e-16,150,5.81818181818,0.0,150,1.5751111111111866,0.040146824684928896,150,2.9126060606063335,0.028619968950477703,150,0.27072222222224,0.006900235492721982,150,0.50060416666668,0.004919057163370485,150
8,4,4,0.5,3.0,2.0,0.5050268802959067,0.0019236575775954461,150,0.25865870248528,0.00020341194807569195,150,0.8360983048970402,0.007229697750162786,150,0.4231133661830334,0.001383809887594314,150,0.7002954465513066,0.0021588573534900525,150,0.04627956757282066,0.0007203765272730872,150,33.62360373405,0.4830212585064807,150,0.10188970828501334,0.0014637007833545443,150,nan,nan,0,7.7097805953708,0.012106042237388004,150,2.4781137160160664,0.037997098359277975,150,7.287412639530001,7.276241125344999e-17,150,5.81818181818,0.0,150,1.3609292929293753,0.042022269756156416,150,2.3851717171717994,0.03592781274772964,150,0.23390972222224274,0.007222577614331231,150,0.40995138888885335,0.006175092816024428,150
8,4,4,0.5,4.0,2.0,0.4956427419732535,0.0021991030563499846,150,0.2585692858095867,0.00011880189397853047,150,0.42464530109180004,0.004019454319115098,150,0.3925539495189734,0.0018653988901310512,150,0.6494068225396334,0.0027362881842789115,150,0.06753003116487667,0.0009803959489377307,150,26.60501809560933,0.5369983453089708,150,0.08062126695639399,0.0016272677130574292,150,nan,nan,0,10.012909464900535,0.009382664938243017,150,2.3694627037783866,0.040613752407244526,150,9.716550186029998,1.4552482250689998e-16,150,5.81818181818,0.0,150,1.4572929292930468,0.04201574002583199,150,2.3427474747476005,0.03532619662132913,150,0.25047222222221666,0.007221455316931856,150,0.40265972222221336,0.006071690044287066,150
8,4,4,0.5,5.0,2.0,0.48155800019185996,0.0023688543742774147,150,0.2607807686981066,8.824980610084215e-05,150,0.24802157623309995,0.00144619339546928,150,0.36670891982738674,0.0025003893516779324,150,0.6086423307926533,0.0033833851771698934,150,0.08694617519817933,0.0014425914532557463,150,22.27678908486133,0.5206647856682263,150,0.06750542146926598,0.0015777720777802658,150,nan,nan,0,12.406040209554,0.007714110930802219,150,2.484735120202267,0.03903716914467177,150,12.145687732500003,1.4552482250689998e-16,150,5.81818181818,0.0,150,1.4046868686869867,0.043934314730508635,150,2.2933333333325603,0.037817848071499,150,0.24143055555559537,0.007551210344295388,150,0.39416666666665995,0.006499942637274983,150
8,4,4,0.5,6.0,2.0,0.4827044674106867,0.0024682357654383265,150,0.26209529901751333,2.4489722707178708e-05,150,0.16577467151995331,0.0005209026507571445,150,0.35914538637889337,0.0026753120882930556,150,0.5943945189381733,0.003623025522653658,150,0.09470268603003333,0.0016222475271886862,150,21.281553533587065,0.4829201900562517,150,0.064489556162394,0.0014633945153227908,150,nan,nan,0,14.787307488595337,0.006538661149362033,150,2.4534502833540666,0.03893575106031301,150,14.574825279099999,1.4552482250689998e-16,150,5.81818181818,0.0,150,1.4747474747478868,0.038038256056609404,150,2.3770505050504736,0.03666037543899991,150,0.25347222222223,0.006537825259722905,150,0.40855555555552664,0.0063010020285591516,150
8,4,4,0.5,7.0,2.0,0.4817281263223267,0.0025259075155565306,150,0.2625114179126133,7.436693855379961e-06,150,0.12068169599313999,0.0001661492502853301,150,0.35561916636592666,0.002908962529408861,150,0.5866830765824667,0.003761525739450467,150,0.09937383552798,0.0017125889094666191,150,20.946465748476,0.5129360440924418,150,0.06347413863173866,0.0015543516487634978,150,nan,nan,0,17.17578219286,0.0050877138030736135,150,2.3809637696967334,0.03732772786861138,150,17.0039628256,0.0,150,5.81818181818,0.0,150,1.4534141414141735,0.04231200030098042,150,2.3679999999999133,0.036594711092091156,150,0.24980555555556067,0.00727237505172871,150,0.40700000000002007,0.006289715968939279,150
8,4,4,0.5,8.0,2.0,0.47255094066473996,0.002486731760599211,150,0.26278049734172,5.8809634067959905e-06,150,0.09227693213407867,9.484917046416665e-05,150,0.3534603185853267,0.002862790888065884,150,0.5802942031255202,0.0037821811390686085,150,0.10219195071469266,0.001796609223852154,150,20.554029835876662,0.485666695217999,150,0.06228493889658599,0.0014717172582374481,150,nan,nan,0,19.585202685366667,0.004578046361450452,150,2.3941428491422667,0.037180585223239346,150,19.433100372099997,2.9104964501379997e-16,150,5.81818181818,0.0,150,1.4467070707070266,0.041105771718541996,150,2.41098989898956,0.037156094608807186,150,0.24865277777779596,0.007065054514119483,150,0.41438888888891995,0.006386203760878737,150
8,4,4,0.5,9.0,2.0,0.46613320773108674,0.0024488240612260937,150,0.2629315038427267,4.338493614836095e-06,150,0.07305795739010466,6.525479512352289e-05,150,0.33889528935222674,0.003066188778200437,150,0.5596203169182333,0.0039661563811237,150,0.111836662391626,0.001903677810819522,150,18.428476087196735,0.48116529292299826,150,0.05584386693090399,0.001458076645221581,150,nan,nan,0,22.009525524383335,0.0041948059127791025,150,2.4992830246179336,0.03824797452035738,150,21.862237918599998,2.9104964501379997e-16,150,5.81818181818,0.0,150,1.3760808080806468,0.039891046939226876,150,2.343111111110647,0.03776147677073523,150,0.236513888888922,0.006856273692679978,150,0.4027222222222333,0.0064902538199575095,150
8,4,4,0.5,10.0,2.0,0.4638025695926666,0.0023900124122475767,150,0.26306821075925996,3.9335207233980195e-06,150,0.059235940831218664,4.686203414077652e-05,150,0.33672361714576,0.0029816788033873052,150,0.5559666475856201,0.003825975148322238,150,0.11419448532667398,0.0019193418959949486,150,18.091794251922934,0.45270017579377286,150,0.05482361894522867,0.001371818714524823,150,nan,nan,0,24.419391758112663,0.0035108175700046813,150,2.4597702692514667,0.0354395811577014,150,24.291375465099996,2.9104964501379997e-16,150,5.81818181818,0.0,150,1.3218585858586134,0.04230678595637724,150,2.322747474747047,0.03852489429602583,150,0.22719444444448267,0.007271478836244489,150,0.39922222222223336,0.0066214662071163765,150
8,5,4,0.625,1.0,2.0,0.5303399307598801,0.0011182504234108208,150,0.48830899579854664,0.00026162698883076455,150,5.908437209961133,0.034467945066554394,150,0.70319997952864,0.0006945363331600267,150,0.8547240103040333,0.0008822425668375122,150,0.0058983400944396,7.686379633363093e-05,150,183.96168782004668,1.3991970624711327,150,0.23464500997458004,0.0017846901306999266,150,nan,nan,0,4.193087696703934,0.029978322602618224,150,2.8903788237117327,0.04402592486028259,150,3.0121083869699996,3.6381205626724996e-17,150,6.693877551020002,1.4552482250689998e-16,150,2.5383843537419337,0.03152987399177709,150,4.582959183673466,0.040461577871781326,150,0.3792098577236133,0.0047102555658474305,150,0.6846493902439332,0.006044564986943384,150
8,5,4,0.625,2.0,2.0,0.5239395413958401,0.0013605734493661536,150,0.46842508610513334,0.00014330650514160967,150,2.9631871383926005,0.019435503782969422,150,0.6482694803576,0.0010799146685243081,150,0.7854166576270001,0.0011308773991743717,150,0.013560910589858267,0.00023186019670354234,150,103.731301635026,0.8269049330713345,150,0.13231033371818662,0.001054725679939753,150,nan,nan,0,6.648656569941401,0.01901800919580957,150,2.7659545183948664,0.04611286592154664,150,6.024216773939999,7.276241125344999e-17,150,6.693877551020002,1.4552482250689998e-16,150,1.68098639455754,0.03864342233224796,150,3.095952380952,0.02766979495367791,150,0.2511229674796813,0.005772950287438479,150,0.46250508130080664,0.004133597416859431,150
8,5,4,0.625,3.0,2.0,0.5002124980848667,0.0014682081615939326,150,0.46473734333787337,0.00010841425679508907,150,1.5258136537414002,0.010420672949662372,150,0.5600223784851134,0.0019456789356668595,150,0.6772750094454867,0.001618872519414597,150,0.03541384224911267,0.00060851171702499,150,51.81659169940934,0.5401202817119287,150,0.06609259145333402,0.0006889289307548458,150,nan,nan,0,9.477984810385466,0.012449269895290722,150,2.814093759563667,0.043426450071071154,150,9.03632516092,0.0,150,6.693877551020002,1.4552482250689998e-16,150,1.4503741496604468,0.040238315508699996,150,2.4642857142842667,0.029485416818377585,150,0.2166717479674847,0.006011211768048564,150,0.3681402439025,0.004404833610073721,150
8,5,4,0.625,4.0,2.0,0.4737571955252599,0.0015821965309576447,150,0.4634453752081,5.7874090131179465e-05,150,0.8054106426755266,0.0076842351260188275,150,0.47816911495954667,0.002998333733312209,150,0.5873812855380334,0.0023605875480389783,150,0.06394742085460932,0.0012590011275657367,150,31.958256797656006,0.5450711419742593,150,0.040763082650063336,0.0006952438035386006,150,nan,nan,0,12.378156988460665,0.010326896196267758,150,2.7849538960402,0.04590194853181858,150,12.048433547900002,1.4552482250689998e-16,150,6.693877551020002,1.4552482250689998e-16,150,1.4695918367351133,0.040652739970692874,150,2.381530612247133,0.0358255735725708,150,0.21954268292683263,0.00607312273950614,150,0.35577743902417996,0.005351991173935483,150
8,5,4,0.625,5.0,2.0,0.4610525485383533,0.001560780522699964,150,0.46342281996356,2.743513185582352e-05,150,0.4489017183870601,0.004058903104636853,150,0.42442509738014667,0.0038254960289434087,150,0.5324224710132001,0.0029948453628113585,150,0.08623156196259467,0.001838912491518528,150,25.203084522090002,0.5446092041364319,150,0.03214679148225733,0.0006946545971122991,150,nan,nan,0,15.334261153789333,0.007863377264419774,150,2.8377674579626,0.04303351965048603,150,15.060541934899996,2.9104964501379997e-16,150,6.693877551020002,1.4552482250689998e-16,150,1.4829251700685067,0.04044282887252066,150,2.3796938775528664,0.03406252257936832,150,0.22153455284552667,0.0060417640693519285,150,0.35550304878022665,0.005088608556047616,150
8,5,4,0.625,6.0,2.0,0.46165618369115996,0.001933288595616394,150,0.4635869285989067,1.023157338705341e-05,150,0.2836829480505667,0.0014486679495254407,150,0.3962379789351333,0.004699546737017418,150,0.5047708969464734,0.003562347979453762,150,0.10041939713907799,0.002408706298630849,150,23.129648157524,0.5575658300784222,150,0.02950210224173667,0.0007111809057120999,150,nan,nan,0,18.299892768893333,0.006810732188816585,150,2.8217379746987996,0.045619672611244534,150,18.0726503218,0.0,150,6.693877551020002,1.4552482250689998e-16,150,1.4595748299324867,0.0424871995456829,150,2.4054081632672664,0.0376024828919583,150,0.21804623983740265,0.006347173102845675,150,0.35934451219486657,0.005617444090548972,150
8,5,4,0.625,7.0,2.0,0.45831991209184,0.0016479991787546782,150,0.4637498776304333,5.1416222522983825e-06,150,0.2030866828811,0.00042443330389192144,150,0.37830300595412,0.004665305220210419,150,0.4855238153939333,0.0035396475280898643,150,0.11027110024930001,0.0024677240135646617,150,21.347009127605396,0.5279598331285001,150,0.027228327968889333,0.0006734181545010253,150,nan,nan,0,21.279241657746,0.005601290336425442,150,2.818474487983467,0.04486759601167366,150,21.084758708800003,2.9104964501379997e-16,150,6.693877551020002,1.4552482250689998e-16,150,1.4218707482997666,0.04334505408390626,150,2.334693877552667,0.03657168324472163,150,0.21241361788618335,0.0064753282015422905,150,0.3487804878046066,0.00546345267983423,150
8,5,4,0.625,8.0,2.0,0.45678554654072,0.0016840535129005595,150,0.46387521853178004,3.6258198107664557e-06,150,0.15480495624018004,0.00018769216136052967,150,0.3649434868761466,0.004552016295053576,150,0.47328393696764676,0.0035477422360054808,150,0.11734387734845735,0.002592483664119916,150,20.510788731071333,0.5105586409024152,150,0.02616172032023733,0.0006512227562532958,150,nan,nan,0,24.264792889758667,0.00534553658210137,150,2.792561801790067,0.04684877672602629,150,24.096867095800004,2.9104964501379997e-16,150,6.693877551020002,1.4552482250689998e-16,150,1.38855442176886,0.04152320805105155,150,2.379693877552867,0.03680226800850047,150,0.20743648373984067,0.006203162178341388,150,0.3555030487802333,0.005497899793933625,150
8,5,4,0.625,9.0,2.0,0.45560919559552665,0.001684340196191216,150,0.46395715546363336,2.4184236530619945e-06,150,0.1222192239396267,0.00010520336012258938,150,0.3653336868449333,0.0042161862452066365,150,0.47013602196879994,0.003227872954478519,150,0.116724872952568,0.0023505696123053313,150,20.443078609886932,0.4592745185626545,150,0.026075355369750797,0.0005858093349012412,150,nan,nan,0,27.25684406290133,0.0042899511881038105,150,2.7902212251450003,0.04148293157721244,150,27.1089754827,0.0,150,6.693877551020002,1.4552482250689998e-16,150,1.54841836734762,0.037233908210925336,150,2.4118367346958665,0.03191143922545783,150,0.2313185975609367,0.0055623826290532655,150,0.36030487804852657,0.004767257689153232,150
8,5,4,0.625,10.0,2.0,0.4512448041326866,0.0016331779186373322,150,0.4640103766016934,1.692181249869804e-06,150,0.09935529154960333,7.606131086609807e-05,150,0.3431361283851801,0.004302142202476712,150,0.45109466304806667,0.0033687918576682206,150,0.1301497493350733,0.002600935673339008,150,18.556539786370067,0.46728761229303106,150,0.023669055849960666,0.0005960301177203639,150,nan,nan,0,30.267768982892,0.0041050082459149085,150,2.9295330703797333,0.04323282664696717,150,30.1210838697,0.0,150,6.693877551020002,1.4552482250689998e-16,150,1.4270578231297266,0.03918197781050155,150,2.3154081632668664,0.03541973453967678,150,0.21318851626013802,0.005853405221672217,150,0.34589939024363997,0.005291362781821868,150
8,6,4,0.75,1.0,2.0,0.5299652792495867,0.0009086422882234783,150,0.72093521607482,0.00036217681036052876,150,8.2860204314568,0.04000021010520978,150,0.8908837474161866,0.0008083120321352127,150,0.8700468752268534,0.0007569992948880858,150,0.0027515017161075335,3.389377708782269e-05,150,384.91177848652006,2.933943120317332,150,0.23299744460441332,0.001775994624884179,150,nan,nan,0,4.6730077888782,0.034015671208758314,150,3.1687221603464,0.050415077449651714,150,3.4043933611799995,3.6381205626724996e-17,150,7.457627118639997,2.1828723376035e-16,150,2.741057304277533,0.029529978850442562,150,5.0154398708637995,0.04165503847529744,150,0.36755086580084,0.003959701709497587,150,0.6725248917749199,0.005585561977367835,150
8,6,4,0.75,2.0,2.0,0.52839496748778,0.0009140770805976477,150,0.6981566365937133,0.00017875523140097228,150,4.028889094011934,0.02937815489558221,150,0.8313037378110066,0.0012729209734271651,150,0.8028181215862666,0.0012176754925503316,150,0.0071146776795023995,0.0001486884255315964,150,201.42293018974667,1.886169598585363,150,0.12192671318990335,0.0011417491516851855,150,nan,nan,0,7.475672170732801,0.020974079130828313,150,3.0283265821548,0.053148062962260864,150,6.808786722349999,7.276241125344999e-17,150,7.457627118639997,2.1828723376035e-16,150,1.8034624697329797,0.03594069169911155,150,3.331727199354533,0.023027901760036783,150,0.24182792207795065,0.004819320023285128,150,0.4467543290044,0.003087832281464527,150
8,6,4,0.75,3.0,2.0,0.5024290226014799,0.0011220016398787,150,0.69742382799916,9.872346532447394e-05,150,2.1142855719168665,0.01518240650976794,150,0.7293669988496467,0.002920632172310547,150,0.6838257285274201,0.0019109728226033064,150,0.025565021139346,0.0005099093553847616,150,80.55851093481466,1.0837216352478858,150,0.04876423180074267,0.0006560058324748801,150,nan,nan,0,10.702160560025334,0.015714511821592357,150,3.1365955964538665,0.05345488184826187,150,10.213180083499998,1.4552482250689998e-16,150,7.457627118639997,2.1828723376035e-16,150,1.5180145278445134,0.0407594683547345,150,2.5128894269572664,0.030280418017104557,150,0.20355194805194535,0.005465474165752598,150,0.33695562770565335,0.00406032877956697,150
8,6,4,0.75,4.0,2.0,0.4687384143318932,0.001098944434277441,150,0.7016596582126534,7.69832040561569e-05,150,1.1030317821616067,0.009322790160099527,150,0.6095088926328399,0.003558277752438131,150,0.57587026240316,0.0022083543497095157,150,0.05989755287158,0.0009073538757286251,150,42.65136393543733,0.8104769215052334,150,0.025818016910072666,0.0004906034633810777,150,nan,nan,0,13.984572016960664,0.011111449367065963,150,3.1270408795212665,0.049829204603360794,150,13.617573444699998,1.4552482250689998e-16,150,7.457627118639997,2.1828723376035e-16,150,1.5651977401128268,0.039240454968096423,150,2.4464245359164662,0.02922151292880052,150,0.20987878787890665,0.0052617882798152585,150,0.3280432900433067,0.003918339233636234,150
8,6,4,0.75,5.0,2.0,0.45319292552007995,0.001341487125166959,150,0.7044708320876201,4.3489235964477616e-05,150,0.6037188292163532,0.004628299154781108,150,0.5274838514241401,0.005558143345146425,150,0.5137474707033933,0.0032673892759281296,150,0.09055726747783867,0.0017499164818151022,150,32.06864441318933,0.8967529407698714,150,0.019412012356651798,0.0005428286566408329,150,nan,nan,0,17.303448465106666,0.008878580259850982,150,3.0423064693435866,0.05297154735679657,150,17.021966805900007,5.820992900275999e-16,150,7.457627118639997,2.1828723376035e-16,150,1.5687812752216799,0.04392180935212232,150,2.443405972558133,0.031139158239749734,150,0.21035930735942468,0.005889515344951512,150,0.3276385281385467,0.004175478036690269,150
8,6,4,0.75,6.0,2.0,0.4463119408944399,0.0014047944093047771,150,0.7057269897883534,1.6170025963498766e-05,150,0.39331998000588,0.0015684694743023258,150,0.4632146227959733,0.005583919644946568,150,0.4684554322525533,0.003341576887493284,150,0.11702308654235731,0.0020951345982732515,150,24.79809080191133,0.6927700949924058,150,0.0150109508486162,0.00041935235774370343,150,nan,nan,0,20.679706653011333,0.007260760891779615,150,3.174065944862667,0.048274803152979974,150,20.4263601671,0.0,150,7.457627118639997,2.1828723376035e-16,150,1.44647296206636,0.038419917325731925,150,2.3556416464882,0.03113666569138934,150,0.19395887445899135,0.005151761641409231,150,0.31587012987026664,0.004175143808602599,150
8,6,4,0.75,7.0,2.0,0.4429207486960399,0.0013443752620711472,150,0.7063038455628667,4.25141788568499e-06,150,0.28262072701036667,0.0006408805002423248,150,0.4364983435876,0.006054898782379701,150,0.4474807984759,0.0036441020037936193,150,0.13107964990160065,0.002459352455811614,150,22.3393805814118,0.6585097788700031,150,0.013522627470590869,0.00039861366759682307,150,nan,nan,0,24.043489426896,0.006576888000107959,150,3.130747261776333,0.05112405910841368,150,23.8307535282,0.0,150,7.457627118639997,2.1828723376035e-16,150,1.4652461662631264,0.04179270250086196,150,2.377481840193067,0.03420618083261829,150,0.196476190476308,0.005604021471710689,150,0.3187987012988333,0.004586737884361837,150
8,6,4,0.75,8.0,2.0,0.4418941165358934,0.0013866386546161865,150,0.7066202872650067,3.099305144092457e-06,150,0.2159498973844267,0.0002441945931681161,150,0.4171973387820734,0.00583440365711881,150,0.4323092389609932,0.0034079231527533,150,0.14087227365063668,0.0024867418765518083,150,20.347458736064134,0.5744342247211177,150,0.012316863641685133,0.000347720475012685,150,nan,nan,0,27.423436148950664,0.004968662975032698,150,3.1614448404438003,0.044913720612580046,150,27.235146889399996,2.9104964501379997e-16,150,7.457627118639997,2.1828723376035e-16,150,1.4752865213880533,0.04317274882293936,150,2.367554479418267,0.029903981589559578,150,0.19782251082261934,0.005789073137626911,150,0.3174675324676666,0.004009852076769342,150
8,6,4,0.75,9.0,2.0,0.43860347432659336,0.0013665872968915485,150,0.7068323102410534,2.4091391344683815e-06,150,0.17112702533652668,0.0001471728176347989,150,0.39749592312991333,0.005381634904020595,150,0.41712386993574,0.0032615804509321614,150,0.15039562089864936,0.0023901563683699817,150,18.5347176517922,0.5318934273307596,150,0.011219562743212065,0.0003219693870041749,150,nan,nan,0,30.814135067322,0.004892968562450601,150,3.221108638025867,0.048984283985725276,150,30.639540250599996,2.9104964501379997e-16,150,7.457627118639997,2.1828723376035e-16,150,1.4575464083941132,0.03693402065871045,150,2.335786924938334,0.031592175594338995,150,0.19544372294383,0.004952516406516055,150,0.31320779220793327,0.0042362235455870945,150
8,6,4,0.75,10.0,2.0,0.43542397260608673,0.001273184173733319,150,0.7069826150051866,2.031396646737538e-06,150,0.13866085031707998,0.00010456616712668948,150,0.3984248287686533,0.005693908769739594,150,0.41564358994252,0.0034426890537824864,150,0.15130749594675866,0.00261452400067745,150,18.790610728662333,0.5290318886858943,150,0.0113744617001564,0.00032023722075399973,150,nan,nan,0,34.192835217304676,0.004218744729966759,150,3.1341423366971335,0.04779487224598038,150,34.043933611800014,1.1641985800551999e-15,150,7.457627118639997,2.1828723376035e-16,150,1.5264245359161934,0.04078489874262652,150,2.4092493946726,0.03286661958502783,150,0.20467965367977334,0.005468884149584801,150,0.32305844155856667,0.004407114898887809,150
8,7,4,0.875,1.0,2.0,0.5303043339249134,0.0006791912472971107,150,0.9798625425858601,0.00035908610500926636,150,10.3302221426288,0.038705323417950445,150,1.0737107181002,0.0007841255190356251,150,0.8824395341064332,0.0005524239150689795,150,0.0014042210894474668,1.4077039872692046e-05,150,745.8213855184401,4.71044123524925,150,0.23722054246768665,0.0014982319450556156,150,nan,nan,0,5.091012977053199,0.03756050553096532,150,3.4477105604760663,0.0564037562735134,150,3.7105103144900013,1.09143616880175e-16,150,8.122137404580002,1.4552482250689998e-16,150,2.9733460559797336,0.02800054219142134,150,5.389317217980866,0.03865888994074211,150,0.36607926065164664,0.003447435175820343,150,0.6635343567251599,0.0047596941562388796,150
8,7,4,0.875,2.0,2.0,0.5271898836206332,0.0006004259583182695,150,0.9607044634714135,0.0003214583360208923,150,5.427083589827333,0.038723240771488775,150,1.01365500791312,0.0005327223249014108,150,0.8152902412022534,0.0007508122264936745,150,0.004166379836749201,4.7211284951794744e-05,150,362.9026357625867,3.0458002197311145,150,0.11542704699825336,0.0009687659731950981,150,nan,nan,0,8.194580852921133,0.021409229828910976,150,3.427873822141134,0.05165607430648587,150,7.421020628980003,2.1828723376035e-16,150,8.122137404580002,1.4552482250689998e-16,150,1.7526166242577863,0.02931905621832063,150,3.4974088210346665,0.025940868763825203,150,0.21578268588141464,0.003609771019355972,150,0.4306020258980599,0.0031938475639733182,150
8,7,4,0.875,3.0,2.0,0.5063002404797601,0.0007202852690402111,150,0.9542335384179467,0.0001712096332510972,150,2.6641988244730004,0.02123196791838014,150,0.8747929308206334,0.0025165442655596523,150,0.6976369633808732,0.0017652041182967856,150,0.019523842448574667,0.0002938186521037938,150,135.99499571726466,2.1455551833075868,150,0.043255405762492,0.0006824284934191387,150,nan,nan,0,11.657334609659333,0.016498182867918664,150,3.393902113443667,0.05818587526399704,150,11.131530943499998,1.4552482250689998e-16,150,8.122137404580002,1.4552482250689998e-16,150,1.5589016115354202,0.03777900483972333,150,2.6347073791354,0.026226200736518997,150,0.1919324352548033,0.0046513624379716035,150,0.32438596491225336,0.0032289777222623372,150
8,7,4,0.875,4.0,2.0,0.47503443886524677,0.0009843845286458667,150,0.9554085680148067,3.689026172005374e-05,150,1.4052485281844,0.00932709658593767,150,0.7336175290956,0.004328071136732224,150,0.5812376814187333,0.0024980108720246736,150,0.05079662390212133,0.0006829387172839461,150,55.14118507149667,1.3881482809953143,150,0.017538544870065998,0.0004415229901380715,150,nan,nan,0,15.224395880298667,0.011827590865467924,150,3.3240018054654668,0.056037925078179826,150,14.842041258000002,1.4552482250689998e-16,150,8.122137404580002,1.4552482250689998e-16,150,1.5451145038170067,0.040052888067827315,150,2.430008481764133,0.030216283906703577,150,0.1902349624060147,0.004931323624892492,150,0.29918337510445336,0.0037202379621899487,150
8,7,4,0.875,5.0,2.0,0.4473445722642334,0.0011328746844137879,150,0.9581689934165002,3.571011442222251e-05,150,0.7974478882936,0.005128773374912203,150,0.6202926152192934,0.005844001068900748,150,0.49697193633595343,0.003155753624296583,150,0.084118247280428,0.0013074010645796855,150,32.188780246271996,1.0210169292277254,150,0.010238161655937732,0.00032475093168823763,150,nan,nan,0,18.858162904039997,0.009192736192610492,150,3.3214017599567334,0.05271297923301415,150,18.5525515725,0.0,150,8.122137404580002,1.4552482250689998e-16,150,1.5735241730282798,0.03566891025675992,150,2.3712468193380665,0.028737217194164746,150,0.19373276942355602,0.004391566958299342,150,0.2919486215540667,0.0035381348237124104,150
8,7,4,0.875,6.0,2.0,0.43068525617248005,0.0012169233610584429,150,0.9601136559279333,2.480003052891339e-05,150,0.5162004382693467,0.002240382131890004,150,0.5288810714297334,0.006960832358339136,150,0.43727893287276004,0.0035730166543755065,150,0.11478177491962802,0.0019247607900313086,150,21.986050155642467,0.7733820070033232,150,0.0069930184973426,0.00024598664344883817,150,nan,nan,0,22.542760794259333,0.007760800217408122,150,3.4838023505772004,0.05208634417268062,150,22.263061886999996,2.9104964501379997e-16,150,8.122137404580002,1.4552482250689998e-16,150,1.4814758269726265,0.03907054134936969,150,2.339389312976867,0.030373596738393602,150,0.18239974937341802,0.00481037680146849,150,0.28802631578958665,0.0037396063653584513,150
8,7,4,0.875,7.0,2.0,0.4276810077783266,0.0012170800466571278,150,0.96115881036148,1.7211075573845506e-05,150,0.36318031894314,0.0007017644059323377,150,0.49846525336858005,0.007299398475388412,150,0.4131844083131867,0.003690601754219399,150,0.12811885986223268,0.0022766148400295916,150,19.233289877833002,0.6571530985410357,150,0.006117458612543067,0.00020901816111351047,150,nan,nan,0,26.211840642006,0.00664959382074518,150,3.468776376740134,0.05234858216267004,150,25.9735722014,0.0,150,8.122137404580002,1.4552482250689998e-16,150,1.5596183206112666,0.03818313198421525,150,2.353842239185666,0.029041937634541926,150,0.19202067669175002,0.004701118693541395,150,0.28980576441114003,0.0035756520959945096,150
8,7,4,0.875,8.0,2.0,0.4216954995530066,0.0010022940393700696,150,0.9616352138752401,1.6490877160754438e-05,150,0.2767549248507733,0.00028377032185336056,150,0.4613433867222067,0.006883330569440575,150,0.38958454297275336,0.0033886846791712083,150,0.14265270627347937,0.002384622425671881,150,16.337563048164533,0.5117101753130053,150,0.0051964259059043335,0.0001627576893487655,150,nan,nan,0,29.889524536082664,0.005516146304544327,150,3.4441848418654666,0.0505703515553347,150,29.684082515900002,2.9104964501379997e-16,150,8.122137404580002,1.4552482250689998e-16,150,1.4748091603055067,0.03669461894401948,150,2.3303562340966666,0.030121941027065377,150,0.1815789473683867,0.004517852520362772,150,0.28691416040112006,0.0037086224384911557,150
8,7,4,0.875,9.0,2.0,0.42076906331312,0.001113723324188922,150,0.9618275987027467,1.1103843685543552e-05,150,0.21859995411962,0.00014064396549331277,150,0.45460160302759334,0.0068389817938801075,150,0.38182673413238,0.0033483400547993114,150,0.14647123949716198,0.0024067264772396416,150,15.783184682962402,0.4583214150007519,150,0.005020096909339,0.0001457765314888545,150,nan,nan,0,33.573910299374,0.005207275272062207,150,3.4070254631341332,0.05212531464642617,150,33.39459283040001,5.820992900275999e-16,150,8.122137404580002,1.4552482250689998e-16,150,1.6054707379139934,0.03913916630000995,150,2.4044274809158668,0.0297130161642047,150,0.19766604010024735,0.004818825926033955,150,0.29603383458657995,0.003658275486385294,150
8,7,4,0.875,10.0,2.0,0.41660493322847997,0.0010340282037720953,150,0.9619686890185201,3.2389721711926384e-06,150,0.17747934819386,8.084867980433051e-05,150,0.4258753552565533,0.006508881620357101,150,0.3658435503271267,0.0031403690960350003,150,0.15624782135697865,0.002413014739898945,150,14.091432493224335,0.40722264561059474,150,0.004482007790464,0.00012952374224233418,150,nan,nan,0,37.26465268826533,0.004288986528792167,150,3.393558188719333,0.04861603549405172,150,37.105103144900006,5.820992900275999e-16,150,8.122137404580002,1.4552482250689998e-16,150,1.4997582697203267,0.038309930635776805,150,2.3881679389312667,0.029387220739018154,150,0.18465068922305133,0.004716730181654621,150,0.2940319548873467,0.00361816345565699,150
8,8,4,1.0,1.0,2.0,0.5311023080547868,0.0004525589571267344,150,1.2562774969333335,0.00033521101525586534,150,11.873650887645999,0.03846919152425822,150,1.2421381470972002,0.0007022199881222001,150,0.8922878916163465,0.0003995055026998484,150,0.0007684726332406133,5.229746699454951e-06,150,1333.6615516876,6.999455971510658,150,0.24359115099316,0.0012784394468599773,150,nan,nan,0,5.4281881541818,0.03625356654925562,150,3.6520804723038003,0.0549134367823355,150,3.9842265695800005,3.6381205626724996e-17,150,8.696986301370002,1.4552482250689998e-16,150,3.188685540334667,0.024948565621713943,150,5.7727951293755995,0.036741898259914786,150,0.36664258512544,0.0028686449256290912,150,0.6637696012544666,0.004224670131321283,150
8,8,4,1.0,2.0,2.0,0.5300469274273932,0.000470315728187161,150,1.2486096071664001,0.00015450807350041447,150,6.563024236735067,0.04708915296215092,150,1.2054233076018663,0.0006173931570134791,150,0.8329018406546667,0.0005899706443582642,150,0.002132195428504133,2.6220304710021175e-05,150,634.8754400627801,4.235629658774658,150,0.11595898448631599,0.0007736309879034671,150,nan,nan,0,8.801482808685067,0.024343413389804596,150,3.6764080103588004,0.0603221778874509,150,7.968453139150001,7.276241125344999e-17,150,8.696986301370002,1.4552482250689998e-16,150,1.8943293759507334,0.02801957281717176,150,3.6197796042616672,0.02112110934111717,150,0.21781446012546668,0.0032217565770789745,150,0.4162107974910067,0.0024285549740096133,150
8,8,4,1.0,3.0,2.0,0.5066900004522933,0.0005605250697815139,150,1.2480453691336668,9.262687942444957e-05,150,3.2892473772494,0.023372160413726518,150,1.0513362158572332,0.002227528058204908,150,0.7073884079385734,0.0012493869710249134,150,0.012955029382255599,0.00021353135524015607,150,213.57115665408003,2.523689514195732,150,0.039008430439099996,0.00046094785647433277,150,nan,nan,0,12.490917033604,0.01604999743636071,150,3.562012989259533,0.05832691629433693,150,11.952679708700002,1.4552482250689998e-16,150,8.696986301370002,1.4552482250689998e-16,150,1.6050678843232133,0.033198765810297994,150,2.7110136986301994,0.022435830264838173,150,0.184554491487438,0.0038172724044678026,150,0.31171875000000004,0.0025797246870820955,150
8,8,4,1.0,4.0,2.0,0.4748678945536068,0.0007431621801204368,150,1.2495925256403333,6.719667286819963e-05,150,1.7610148149346665,0.00980558179657569,150,0.8393648684573001,0.004068769426772613,150,0.57844446189256,0.001940800475405234,150,0.040217851465838665,0.0007001943137274571,150,81.76718406189335,1.5368939213343942,150,0.014934645490756333,0.00028071121850876176,150,nan,nan,0,16.366069539538003,0.0116511152257103,150,3.671973676536,0.05181836455341453,150,15.936906278300002,1.4552482250689998e-16,150,8.696986301370002,1.4552482250689998e-16,150,1.5544060882801733,0.03313938790800098,150,2.4126319634700666,0.023795658163931734,150,0.17872927867377467,0.003810444993199121,150,0.2774101142472867,0.002736080906582548,150
8,8,4,1.0,5.0,2.0,0.4482851236451067,0.0009798534898321823,150,1.2504753371831998,7.666842545389274e-05,150,1.0118367178775733,0.006336273821398442,150,0.67944723532802,0.006413850499574759,150,0.48923781787521325,0.0029932812122653186,150,0.07249158679920799,0.0015381810472755468,150,46.189599872666,1.4784868218919858,150,0.008436456597747466,0.0002700432551402371,150,nan,nan,0,20.25795333552867,0.009948480182902099,150,3.6137361802738677,0.057275800866793736,150,19.9211328479,0.0,150,8.696986301370002,1.4552482250689998e-16,150,1.4864121765602734,0.03704132474108812,150,2.3163616438353998,0.028424636898767085,150,0.17091117831539002,0.004259098894426476,150,0.26634072580642665,0.003268331800694962,150
8,8,4,1.0,6.0,2.0,0.4387378226824934,0.0011044102064793912,150,1.2507374753787333,7.503809589896367e-05,150,0.6263364697677999,0.0031669908254308367,150,0.6120442394442666,0.007468807326315555,150,0.44970206267665325,0.0033343027599282817,150,0.08888052857946001,0.001950744743033736,150,37.54190596252266,1.306684510743002,150,0.006856969125575,0.00023866383757873417,150,nan,nan,0,24.179445441505333,0.0083667357479769,150,3.559904872503533,0.05889819548310686,150,23.905359417499998,2.9104964501379997e-16,150,8.696986301370002,1.4552482250689998e-16,150,1.61695951293814,0.03799621406935366,150,2.379280365297,0.026988532301024503,150,0.18592181899634,0.004368894321856326,150,0.2735752688172066,0.0031032051064609377,150
8,8,4,1.0,7.0,2.0,0.4300754490604201,0.0010457500645063603,150,1.2508014665322,5.718694298102044e-05,150,0.4395670446459667,0.0011978953890511394,150,0.5362454536609401,0.0073409004582394195,150,0.4104546583205333,0.003245099991853129,150,0.11013646916860599,0.0022067938406923715,150,28.02261432791666,0.9517996325785846,150,0.005118285721994666,0.00017384468174962167,150,nan,nan,0,28.141312844650667,0.007411167848959958,150,3.6919602710270003,0.056881799932561775,150,27.889585986999997,2.9104964501379997e-16,150,8.696986301370002,1.4552482250689998e-16,150,1.5401400304417932,0.03540292231532786,150,2.3144036529686667,0.027461926280319814,150,0.17708893369175063,0.004070711518735441,150,0.2661155913978133,0.0031576370628677393,150
8,8,4,1.0,8.0,2.0,0.4283828120490934,0.0011633163982051836,150,1.2506827567280001,2.4881012824097342e-05,150,0.33102231306618,0.00041421539004798036,150,0.5092139583153067,0.0077585233838980815,150,0.39383999525558666,0.0034241392940459925,150,0.11967064122816398,0.0024577167275704067,150,25.4666799046336,0.921462822841181,150,0.004651448384408467,0.00016830371193464008,150,nan,nan,0,32.083951668142,0.006644528719414799,150,3.5885377296472667,0.06179653925141008,150,31.873812556600004,2.9104964501379997e-16,150,8.696986301370002,1.4552482250689998e-16,150,1.5857388127855068,0.0366541352312258,150,2.364683105023066,0.0264883620339999,150,0.18233198924729666,0.00421457893125767,150,0.27189684139782,0.003045694349317009,150
8,8,4,1.0,9.0,2.0,0.4240990548246667,0.0010195555596071665,150,1.2507476785654668,1.0614970505474095e-05,150,0.26150935435832,0.0001564313930292431,150,0.4769104670455134,0.006730029623999427,150,0.3760239071120867,0.0029745145558145694,150,0.12955106372038866,0.0023885600468670763,150,21.745459744019136,0.6481296223677271,150,0.003971773469227333,0.00011837983970185796,150,nan,nan,0,36.05137586687267,0.0059234002807155295,150,3.6616468110370004,0.05794596328178976,150,35.85803912619999,5.820992900275999e-16,150,8.696986301370002,1.4552482250689998e-16,150,1.5300237442920865,0.03459128997382125,150,2.3598173515981995,0.027617068774814284,150,0.17592573924732666,0.0039773881175721604,150,0.27133736559136,0.0031754757128475905,150
8,8,4,1.0,10.0,2.0,0.4214069933663867,0.0008537973557059304,150,1.2508430536854667,2.9569094117378936e-06,150,0.21230764535834667,8.843102415380541e-05,150,0.4540843672596466,0.006456723719707482,150,0.3632838691617933,0.0028451079163456495,150,0.137382717169446,0.0023690117035704587,150,19.780692946056465,0.5920037295832027,150,0.0036129119536177337,0.00010812853508368913,150,nan,nan,0,40.012355047931344,0.004953755168494436,150,3.6203658577751328,0.056700566365245175,150,39.8422656958,0.0,150,8.696986301370002,1.4552482250689998e-16,150,1.5373978691025867,0.034774297168332455,150,2.3581954337906,0.02451816078802523,150,0.17677363351248668,0.003998430716487782,150,0.27115087365584667,0.002819155962603277,150
8,4,4,0.5,1.0,3.0,0.5136684997786733,0.0024927623406733623,150,0.29155231541978,0.000641050583752046,150,3.9130810705839334,0.028266701283149058,150,0.48830451983296674,0.0023634989064460817,150,0.7848418939771401,0.003317374018077999,150,0.022200798286362667,0.0006732641173031479,150,58.086981266184665,1.2392906452200385,150,0.17602115535206933,0.0037554261976352967,150,nan,nan,0,4.3968892842824,0.046533543490207385,150,3.6420144939088006,0.057363600362268605,150,2.429137546509999,7.276241125344999e-17,150,5.81818181818,0.0,150,1.85511111111092,0.0343613114692708,150,3.4118787878788,0.04518533270412494,150,0.31884722222221334,0.005905850408778269,150,0.5864166666666933,0.007766229058527994,150
8,4,4,0.5,2.0,3.0,0.5076712531516333,0.002267029554870102,150,0.27777168265958,0.0005014442702197724,150,2.195650456333067,0.02165349067998156,150,0.4516583906033,0.0018620785258526655,150,0.72502348364464,0.0030876637349910086,150,0.037846089000252,0.0008943106552220865,150,38.661844647852,0.7604978615079836,150,0.117157104993506,0.002304538974267248,150,nan,nan,0,6.133271908584399,0.034681997063235964,150,3.6991501388544,0.05848759247376314,150,4.858275093019998,1.4552482250689998e-16,150,5.81818181818,0.0,150,1.36327272727264,0.033925165771286785,150,2.4840808080812002,0.035609346193967134,150,0.23431250000001333,0.005830887866943646,150,0.4269513888889334,0.006120356377085873,150
8,4,4,0.5,3.0,3.0,0.4894718425433,0.0022113898595014,150,0.26579636461484,0.000466109373501174,150,1.10101610330218,0.01602139165071329,150,0.39424456839569333,0.002146724371674406,150,0.6441836150662533,0.003665287129838325,150,0.06764194453697334,0.0016217097841790369,150,24.213412514026665,0.5266173495601011,150,0.07337397731523533,0.0015958101501834985,150,nan,nan,0,8.155700010187733,0.026076519477692434,150,3.6050803190382656,0.058720891179506816,150,7.287412639530001,7.276241125344999e-17,150,5.81818181818,0.0,150,1.0975757575756662,0.037639548197959984,150,2.055474747474667,0.03156828365177654,150,0.18864583333333135,0.006469297346526007,150,0.35328472222222,0.005425798752652014,150
8,4,4,0.5,4.0,3.0,0.47042394839104,0.0021592205559717833,150,0.25979839296738666,0.00024243181529451144,150,0.5958874804028134,0.009611817856651224,150,0.34067443875494,0.002682093165557044,150,0.5642459784365066,0.0040980671548715595,150,0.10610382704784335,0.002267890195513846,150,15.7788435727526,0.43660879342573644,150,0.04781467749319533,0.0013230569497758979,150,nan,nan,0,10.439381339872734,0.02080293562434593,150,3.758379755812066,0.058412925507575285,150,9.716550186029998,1.4552482250689998e-16,150,5.81818181818,0.0,150,0.990505050505008,0.040456629730245997,150,1.7578585858588667,0.039768977097800286,150,0.17024305555561134,0.006953483234878437,150,0.30213194444442865,0.00683529293868342,150
8,4,4,0.5,5.0,3.0,0.4572073778037133,0.002458595800074345,150,0.25893321582836665,0.00013433534451943435,150,0.31067999980582,0.004452382200229997,150,0.31190380452586663,0.0030198764419811027,150,0.5247484781845467,0.004423366809717826,150,0.13015050287273336,0.002776351575670728,150,13.3472209788914,0.3976130239756791,150,0.040446124178464,0.001204887951442025,150,nan,nan,0,12.701342131595332,0.016373818318744158,150,3.655329653228,0.05704547583514801,150,12.145687732500003,1.4552482250689998e-16,150,5.81818181818,0.0,150,1.051555555555608,0.036170219649031686,150,1.7973333333331,0.03969908278512139,150,0.18073611111117135,0.0062167565021674824,150,0.30891666666663536,0.0068232798536850825,150
8,4,4,0.5,6.0,3.0,0.45073501015518674,0.002354710292783686,150,0.26087476675356663,0.00013730827237862586,150,0.1919530471331467,0.00231799281331501,150,0.29101032442928,0.0038553965343289063,150,0.49524269210531335,0.005264306316429403,150,0.151076905600316,0.0038323532915068037,150,11.965346144423265,0.407596545869624,150,0.03625862468007333,0.0012351410480907726,150,nan,nan,0,15.047724608435335,0.013965063224325036,150,3.679592759698333,0.057820569757118245,150,14.574825279099999,1.4552482250689998e-16,150,5.81818181818,0.0,150,0.9752727272727032,0.04187963168956027,150,1.7551515151516037,0.04513679187439513,150,0.1676250000000553,0.007198061696639474,150,0.30166666666666203,0.007757886103404856,150
8,4,4,0.5,7.0,3.0,0.4447573988842199,0.0025845260586696587,150,0.26191337880742,9.574270453150797e-05,150,0.13144859213373336,0.0010209886092717496,150,0.2763776499762934,0.003976417659164762,150,0.4745417954143599,0.005457570351162015,150,0.16496205789230065,0.0041064004641279675,150,11.000427565935599,0.3933026948143554,150,0.03333462898768467,0.001191826347922743,150,nan,nan,0,17.421801576646,0.013155870211080199,150,3.7212381232906666,0.06144751095800522,150,17.0039628256,0.0,150,5.81818181818,0.0,150,0.9664646464647033,0.04100273673357776,150,1.6964848484843933,0.042523780688487174,150,0.16611111111117532,0.007047345376077429,150,0.29158333333330605,0.007308774805826034,150
8,4,4,0.5,8.0,3.0,0.44424147355562005,0.0022155801324864003,150,0.2626420519374267,3.949598962039965e-05,150,0.09715168296120534,0.0004624123234806574,150,0.27032411467645334,0.0038768599019673,150,0.46510121979265323,0.005075246536162078,150,0.16983765965388864,0.004027735403684198,150,10.4236636629394,0.3218057942528948,150,0.031586859584676004,0.0009751690734941653,150,nan,nan,0,19.801576826145332,0.010058512787876861,150,3.7494349867580663,0.052703226933456616,150,19.433100372099997,2.9104964501379997e-16,150,5.81818181818,0.0,150,0.9752727272727973,0.03960740732055402,150,1.7553939393938336,0.040906332635271284,150,0.167625000000062,0.006807523133215107,150,0.301708333333342,0.00703077592167971,150
8,4,4,0.5,9.0,3.0,0.4406755708342733,0.0022482467635692813,150,0.26288779154498004,1.0525271181550916e-05,150,0.07508479624756534,0.0001694460981045422,150,0.2721706946095867,0.003601531385864498,150,0.46632846887606677,0.004769699626051032,150,0.16753527206103067,0.0035023042765421645,150,10.628808451475601,0.34249543296705925,150,0.03220851045902133,0.001037864948384805,150,nan,nan,0,22.16888129590667,0.00831775662733091,150,3.621090775374067,0.0518037906569794,150,21.862237918599998,2.9104964501379997e-16,150,5.81818181818,0.0,150,0.9601616161614948,0.03719822088500387,150,1.7692121212121266,0.03876158012941897,150,0.16502777777783403,0.0063934442146062,150,0.3040833333333554,0.006662146584742081,150
8,4,4,0.5,10.0,3.0,0.4373673516200399,0.00230187372663785,150,0.2630237185187733,4.390300677179347e-06,150,0.06053411262914133,0.00011101948340106705,150,0.2662160853154733,0.004038144296075321,150,0.4571828234726799,0.005372025643922117,150,0.17481542456999,0.0039909350441934425,150,10.413333154253332,0.37873617784343044,150,0.03155555501288399,0.0011476853874045035,150,nan,nan,0,24.573086125247336,0.008850945928852666,150,3.638765521087533,0.06001665109250436,150,24.291375465099996,2.9104964501379997e-16,150,5.81818181818,0.0,150,1.0076767676768308,0.03932173905084248,150,1.7660606060604997,0.04232029645510192,150,0.17319444444447935,0.006758423899355323,150,0.3035416666666374,0.007273800953214091,150
8,5,4,0.625,1.0,3.0,0.52126473411794,0.001680955256677584,150,0.48636197831535327,0.0007325694906068955,150,6.5063646856854005,0.043787314528289364,150,0.66940753912386,0.0029003664583592305,150,0.8156582074462934,0.0027206153575269785,150,0.009896308371157467,0.00036845974519955784,150,135.96001285923333,2.7070243662240547,150,0.17341838374906668,0.0034528372018152874,150,nan,nan,0,5.200428715849933,0.04980271035714769,150,4.214398831745667,0.06239463949536842,150,3.0121083869699996,3.6381205626724996e-17,150,6.693877551020002,1.4552482250689998e-16,150,2.1262755102041333,0.03419837855883618,150,3.9477040816325992,0.04666212542355433,150,0.31764481707316666,0.005108904113968661,150,0.5897484756097601,0.006970866298029879,150
8,5,4,0.625,2.0,3.0,0.5144195247558266,0.0016199273229305698,150,0.47044692468571997,0.00023360580482471293,150,3.5507224485586666,0.024679365398181413,150,0.6106876454894133,0.002779952407534917,150,0.7415591759746201,0.0028049490587521873,150,0.023068047234138002,0.0007178269412048749,150,77.79267483212466,1.3610861732944455,150,0.09922535055115866,0.0017360793026696582,150,nan,nan,0,7.425756534954331,0.03792235554887746,150,4.292586127251667,0.0654696184257845,150,6.024216773939999,7.276241125344999e-17,150,6.693877551020002,1.4552482250689998e-16,150,1.5010204081633531,0.03462224813971054,150,2.7330782312926,0.027313979164375394,150,0.22423780487804332,0.005172226094041674,150,0.40829522357724,0.004080442009316943,150
8,5,4,0.625,3.0,3.0,0.4899106993180067,0.0012907623682835486,150,0.46703341419936,0.00020915678025166097,150,1.904375242521,0.02112251549512109,150,0.5192166403344199,0.002386089572389958,150,0.63200014944826,0.002543146358346401,150,0.05404261690366267,0.0011510594964116428,150,38.455637989964,0.6897638415322273,150,0.049050558660662665,0.0008798008182809373,150,nan,nan,0,9.981717405243733,0.02668251164066569,150,4.180155356837001,0.06408324309278976,150,9.03632516092,0.0,150,6.693877551020002,1.4552482250689998e-16,150,1.11664965986436,0.03535034708132397,150,2.154659863945,0.03221619918142474,150,0.16681656504060002,0.005280996972506616,150,0.32188516260160666,0.004812785853323099,150
8,5,4,0.625,4.0,3.0,0.4613958588291134,0.0015535007437828656,150,0.4655632862798666,0.00017314741911543644,150,1.0155622365349533,0.012323000980058672,150,0.42399004493176673,0.003400979665274848,150,0.5323883567382267,0.003267208197726171,150,0.097075379900604,0.0021919158304739023,150,21.885630173030666,0.5584765041941196,150,0.027915344608460006,0.0007123424798399885,150,nan,nan,0,12.796542358378668,0.021285943176409385,150,4.239948721557867,0.06741093182003194,150,12.048433547900002,1.4552482250689998e-16,150,6.693877551020002,1.4552482250689998e-16,150,1.0219387755100067,0.042129439318296116,150,1.9081292517019939,0.038668499226776586,150,0.15266768292686933,0.006293727215230149,150,0.2850558943089133,0.005776696530819798,150
8,5,4,0.625,5.0,3.0,0.44336782917598666,0.0017541046804342827,150,0.4644199490856666,0.00012140736743013298,150,0.56931041604718,0.007327137670288375,150,0.35734822090915336,0.003577463743029126,150,0.4659705474745333,0.0035500477066722075,150,0.13505764716552535,0.0030770468199968785,150,15.572754748230734,0.4512054301722778,150,0.019863207587027063,0.0005755171303217074,150,nan,nan,0,15.659917394966003,0.017549736283435646,150,4.217328201447933,0.06721313789752621,150,15.060541934899996,2.9104964501379997e-16,150,6.693877551020002,1.4552482250689998e-16,150,1.0100170068024987,0.03916296396706478,150,1.8210714285724199,0.04294683224911096,150,0.1508866869919183,0.005850564738977671,150,0.2720503048779074,0.006415837744514037,150
8,5,4,0.625,6.0,3.0,0.43439148617834,0.001662690996013287,150,0.46402249126263334,5.995994820361164e-05,150,0.34570184668521997,0.004068192386210939,150,0.31410590678916667,0.004200237784690416,150,0.4226125764629733,0.004021677011325121,150,0.1633237628428827,0.0038287424819924963,150,12.712495009430267,0.4244262891265947,150,0.016214917103875733,0.0005413600626615256,150,nan,nan,0,18.60787531801333,0.013538575559448885,150,4.374039946073666,0.05949560960853386,150,18.0726503218,0.0,150,6.693877551020002,1.4552482250689998e-16,150,1.0386734693873534,0.03679928513572236,150,1.8471938775521266,0.0417576792154945,150,0.15516768292685665,0.005497454181857512,150,0.2759527439023547,0.0062381898827828216,150
8,5,4,0.625,7.0,3.0,0.43309876051287993,0.001759281379030391,150,0.46382720654536663,3.0849834449215965e-05,150,0.22859068980373332,0.002126105057624846,150,0.29191805297678,0.0042390921953531745,150,0.40326058223937994,0.0040746319904565185,150,0.1772074473029673,0.003979071661971801,150,11.771282548264198,0.4060132757375174,150,0.01501439100543747,0.0005178740761953664,150,nan,nan,0,21.510498704513335,0.011700659913924525,150,4.193021992004334,0.06203864319181661,150,21.084758708800003,2.9104964501379997e-16,150,6.693877551020002,1.4552482250689998e-16,150,1.0091326530610252,0.037977384501954474,150,1.8096938775519804,0.037301728964048,150,0.15075457317081944,0.005673450733519768,150,0.27035060975602465,0.005572514387902299,150
8,5,4,0.625,8.0,3.0,0.43355837796908003,0.0017754221776666173,150,0.4638720650744201,1.8541011304381883e-05,150,0.1637214029946667,0.0010116673453928683,150,0.28843759838908,0.00493806437462983,150,0.39889447291578667,0.004530377235861034,150,0.17912786623667334,0.004478615815454048,150,12.146333837299265,0.4525888893912016,150,0.015492772751657332,0.000577281746672409,150,nan,nan,0,24.47646664567533,0.01155806981225809,150,4.211610032527466,0.06954605047104653,150,24.096867095800004,2.9104964501379997e-16,150,6.693877551020002,1.4552482250689998e-16,150,1.0729251700679638,0.04204477408842046,150,1.8900510204092533,0.04205184812143827,150,0.16028455284557305,0.006281079055883849,150,0.28235518292670597,0.0062821358473913996,150
8,5,4,0.625,9.0,3.0,0.43137930058668,0.0018288837379575758,150,0.4639126441886733,5.359414848986032e-06,150,0.12606577420686668,0.00038548900162418357,150,0.27842755183802004,0.00469595805577674,150,0.3886328601936734,0.0044717034993103175,150,0.18638784581328466,0.004445683220620186,150,11.601031234682067,0.42894498140609216,150,0.0147972337177064,0.0005471237007732797,150,nan,nan,0,27.435866951617335,0.010623826336841495,150,4.132779736777133,0.07175612581359267,150,27.1089754827,0.0,150,6.693877551020002,1.4552482250689998e-16,150,1.0645748299318067,0.035764204329836916,150,1.8543367346947066,0.0392620101939339,150,0.1590370934960087,0.005342823207808009,150,0.27701981707303996,0.00586536127894945,150
8,5,4,0.625,10.0,3.0,0.42945476581498665,0.0017844090815873795,150,0.46397483266830003,3.109618154802757e-06,150,0.101781307551752,0.00025373583297116817,150,0.2645027646095066,0.005168581269903627,150,0.37363031424680004,0.0049531999103022036,150,0.20208833906751603,0.00535234330112692,150,10.880169790938934,0.43260129302093236,150,0.013877767590480665,0.000551787363547203,150,nan,nan,0,30.43535408406934,0.010228015763196194,150,4.271577146407,0.0732880980381776,150,30.1210838697,0.0,150,6.693877551020002,1.4552482250689998e-16,150,1.0132482993195757,0.03952984964603982,150,1.8371938775519334,0.04392233506553194,150,0.15136941056915962,0.005905373880046944,150,0.27445884146329863,0.006561568348182253,150
8,6,4,0.75,1.0,3.0,0.5250990277746533,0.0012112208108468272,150,0.71761720442274,0.0008222489004978565,150,9.013031308755801,0.05062618615156575,150,0.8562216722832269,0.0030851584250166553,150,0.8378921880214599,0.002440339848615957,150,0.004671976152301533,0.00018875485251800017,150,290.6270199147733,5.899155199749184,150,0.17592434619542133,0.003570917191132897,150,nan,nan,0,5.807935434996533,0.05970855429116225,150,4.6707992858554,0.07584227264134111,150,3.4043933611799995,3.6381205626724996e-17,150,7.457627118639997,2.1828723376035e-16,150,2.3633898305087335,0.03384011179523232,150,4.350855528652333,0.04879862373939843,150,0.31690909090911334,0.00453765135436057,150,0.5834101731601733,0.0065434518195996005,150
8,6,4,0.75,2.0,3.0,0.51897746802236,0.001028113587456879,150,0.7047566746990868,0.00044695391878908793,150,4.993734633746867,0.04857361090701051,150,0.7929185751352066,0.0026442590804985296,150,0.7630330951480867,0.002486887970100587,150,0.012567103387810533,0.00038682183050145805,150,151.26719962512934,2.7425667471593846,150,0.09156610146798268,0.0016601493626865133,150,nan,nan,0,8.280788399544798,0.0420572918477372,150,4.646043507104601,0.07727372993887928,150,6.808786722349999,7.276241125344999e-17,150,7.457627118639997,2.1828723376035e-16,150,1.6122437449554736,0.031626633670608334,150,3.0073204196935333,0.030439007494371947,150,0.216187229437202,0.004240844060376567,150,0.4032543290043334,0.004081594186751472,150
8,6,4,0.75,3.0,3.0,0.4870052568462134,0.0011560785373117132,150,0.6987402343159801,0.0001593593314642703,150,2.5932544165502,0.02783902043815982,150,0.6623233038320067,0.004139480328430256,150,0.6353283277099466,0.0030117172915192984,150,0.04068700578255266,0.001087321737590659,150,59.18966896343867,1.2200855217354825,150,0.035829097435496005,0.0007385505579512487,150,nan,nan,0,11.270064305595334,0.031599668590288774,150,4.6809853886296,0.07953135147536539,150,10.213180083499998,1.4552482250689998e-16,150,7.457627118639997,2.1828723376035e-16,150,1.1286521388212734,0.036881515487375796,150,2.2649717514125336,0.03245115046063057,150,0.15134199134201268,0.00494547594035643,150,0.30371212121212,0.004351404266313551,150
8,6,4,0.75,4.0,3.0,0.45473735941924665,0.0010748209468043916,150,0.6995948751162999,0.00012716227710857754,150,1.3923238819187,0.014710830616697337,150,0.5305684017296867,0.004126050754961631,150,0.5195278463436932,0.0028611917665214807,150,0.08516024626142801,0.0015948805111971186,150,27.176618729818667,0.6479627751744289,150,0.016450737729912932,0.00039222928279327113,150,nan,nan,0,14.45191144496,0.024549814340484775,150,4.761059079681733,0.07515333966434297,150,13.617573444699998,1.4552482250689998e-16,150,7.457627118639997,2.1828723376035e-16,150,1.1270540758674132,0.033608392313385096,150,1.9400161420502535,0.036287869997560604,150,0.15112770562769867,0.004506579878386014,150,0.26013852813854665,0.004865873476943892,150
8,6,4,0.75,5.0,3.0,0.4350435111436266,0.001078631325581808,150,0.70278670887588,9.971987729944426e-05,150,0.7670983237164066,0.008403922626667466,150,0.4273350825649265,0.004645410407960399,150,0.44023477664825333,0.0032912301917545667,150,0.13424016105772266,0.0024834610137488976,150,16.98528112302533,0.5108961120407893,150,0.010281647168900798,0.0003092591477247579,150,nan,nan,0,17.669747383476,0.017358255940655425,150,4.676763360493267,0.06581437051069128,150,17.021966805900007,5.820992900275999e-16,150,7.457627118639997,2.1828723376035e-16,150,1.015028248587734,0.04060203622038386,150,1.8510169491527602,0.037313310321589174,150,0.13610606060611602,0.005444363947733449,150,0.24820454545454865,0.005003375702215585,150
8,6,4,0.75,6.0,3.0,0.42727673116077997,0.0013617138739820094,150,0.7047055557690466,6.890455728590592e-05,150,0.4709208718991934,0.00521124533766099,150,0.36725945181002667,0.005183324620730375,150,0.3947821089053,0.0038595015525327804,150,0.16982164077041334,0.003374618934869231,150,13.502990549367265,0.48614582384157107,150,0.008173723092836331,0.0002942771330758085,150,nan,nan,0,20.99529568784067,0.016169706758407513,150,4.776947739367134,0.07262938437805132,150,20.4263601671,0.0,150,7.457627118639997,2.1828723376035e-16,150,1.0570944309928352,0.03796390416736237,150,1.8561985472141402,0.03864794751721886,150,0.1417467532468195,0.005090614422441653,150,0.2488993506494227,0.005182338417087265,150
8,6,4,0.75,7.0,3.0,0.42338548700668666,0.001264726049051642,150,0.7059307918190398,3.163290936798064e-05,150,0.3134746791212267,0.0024357252211480163,150,0.33534041548812665,0.005230713476097117,150,0.37061373324917335,0.0037481532576406945,150,0.18848275970328734,0.0035876481614901894,150,11.811920551414135,0.40729893689494695,150,0.007150072973011399,0.00024654899327792397,150,nan,nan,0,24.331092519518,0.013215808652660588,150,4.841887051066199,0.06752594513199912,150,23.8307535282,0.0,150,7.457627118639997,2.1828723376035e-16,150,1.1009039548019053,0.0335697668246186,150,1.8457142857137598,0.03844712389792033,150,0.14762121212128088,0.004501400551489068,150,0.24749350649364393,0.0051554097954032525,150
8,6,4,0.75,8.0,3.0,0.42083166900718666,0.001398779005726335,150,0.7065256058418,1.1110652685986052e-05,150,0.2294337488684867,0.001159919970457663,150,0.3130586609012933,0.005755621073732784,150,0.35443649175041997,0.004194899995998448,150,0.20505189585065334,0.0042065303688579156,150,11.095553435982001,0.4303827211865169,150,0.006716436704591066,0.0002605222283211961,150,nan,nan,0,27.661391552056667,0.01244343047158392,150,4.752394483686732,0.07495744586514988,150,27.235146889399996,2.9104964501379997e-16,150,7.457627118639997,2.1828723376035e-16,150,1.0700564971749387,0.03762580127774386,150,1.8429217110564604,0.039151244860797185,150,0.1434848484849082,0.005045277898611519,150,0.24711904761919135,0.0052498260154290825,150
8,6,4,0.75,9.0,3.0,0.42153395676132,0.0012497643931590763,150,0.70680449748486,3.3520103103035366e-06,150,0.17629290606636663,0.0005155290085963432,150,0.30793417072767326,0.005627983687792484,150,0.3497077881946467,0.0040897802790119085,150,0.20804442789352,0.004187008271858622,150,10.954051329054467,0.38970473672952294,150,0.0066307816761817994,0.0002358987510467682,150,nan,nan,0,30.993464440999343,0.010513897036933116,150,4.591871287945,0.07069169880518193,150,30.639540250599996,2.9104964501379997e-16,150,7.457627118639997,2.1828723376035e-16,150,1.104164648910292,0.038177542796797644,150,1.8882485875702335,0.03786525555586136,150,0.14805844155850753,0.005119261420482274,150,0.253196969697122,0.005077386540448154,150
8,6,4,0.75,10.0,3.0,0.4190391961238467,0.0014124193074158443,150,0.7069644396368934,2.811645785419968e-06,150,0.14194017540867332,0.0002513243759265647,150,0.2880855964257067,0.0056958446667263974,150,0.33426156799589335,0.004179273649857805,150,0.22328745160958002,0.004467990843906423,150,9.950972939138001,0.38562862795262115,150,0.006023591367515333,0.0002334313728525273,150,nan,nan,0,34.382230066542,0.010490805080763633,150,4.717325685149933,0.07821693539826813,150,34.043933611800014,1.1641985800551999e-15,150,7.457627118639997,2.1828723376035e-16,150,1.0388054882970668,0.03966646165624184,150,1.8871509281669137,0.04055977853794946,150,0.13929437229444067,0.0053189119039081445,150,0.2530497835499267,0.005438697576681767,150
8,7,4,0.875,1.0,3.0,0.5294073186510667,0.0008143422325413539,150,0.9732383880381331,0.0007680769195910615,150,11.1187615556572,0.04871099451559158,150,1.0406506270967,0.0028594552184459067,150,0.8574523705379132,0.001979879793734551,150,0.0022362716234402666,8.958361180603177e-05,150,580.3243603497733,10.751006797884843,150,0.184581539551426,0.003419531424264076,150,nan,nan,0,6.348622809279533,0.06942971101084125,150,5.108663525044999,0.08811729520072145,150,3.7105103144900013,1.09143616880175e-16,150,8.122137404580002,1.4552482250689998e-16,150,2.5942663273963333,0.030452158453860224,150,4.751573367260133,0.0467331682967569,150,0.3194068504594867,0.0037492789073876923,150,0.5850151420217332,0.005753801735786197,150
8,7,4,0.875,2.0,3.0,0.52323929837774,0.0007705835410953094,150,0.9676969341335132,0.00047071336356926236,150,6.673171466674933,0.062198911849958675,150,0.9882726122165199,0.002091464497654838,150,0.7866505707004466,0.0018294683421561024,150,0.006505832378599133,0.00016998324583906242,150,279.07545727780666,4.589188888983778,150,0.08876445842170533,0.0014596656771585024,150,nan,nan,0,9.053632679692534,0.04485239607998898,150,5.1217002128276,0.08046231059875955,150,7.421020628980003,2.1828723376035e-16,150,8.122137404580002,1.4552482250689998e-16,150,1.69245122985586,0.02773120810103302,150,3.1731467345209996,0.026726246588603186,150,0.2083751044277,0.0034142746816188036,150,0.39067878028402664,0.0032905435179661304,150
8,7,4,0.875,3.0,3.0,0.49280813646055993,0.0010097382777035757,150,0.9602538447390132,0.00035856361130087543,150,3.2859015220116006,0.03788055485948533,150,0.8217781432887733,0.003353946300665743,150,0.6556283413801668,0.002510340989109099,150,0.027845454811558666,0.0005976264421555629,150,98.33504684386132,1.973946744430594,150,0.031277050522858674,0.0006278456566259247,150,nan,nan,0,12.219607754582,0.03192928611726201,150,4.9603008076794,0.08006502580312298,150,11.131530943499998,1.4552482250689998e-16,150,8.122137404580002,1.4552482250689998e-16,150,1.2474385072092935,0.0330528342383426,150,2.384563189143466,0.024470683659443618,150,0.15358500417711865,0.004069474892125788,150,0.29358813700916003,0.0030128379317604917,150
8,7,4,0.875,4.0,3.0,0.4556723108394733,0.0010506082166769192,150,0.9576733086607265,0.00023788973457089307,150,1.7608538359601333,0.01928951623898805,150,0.6342195106167933,0.0050725931522608925,150,0.5199543654547134,0.003055446039007291,150,0.07162694314406533,0.0013217198486602999,150,34.08523117035067,0.9434311660873728,150,0.010841358514739531,0.00030007352610916484,150,nan,nan,0,15.760420818241334,0.027484212442184994,150,5.2088457270897335,0.08533997404699534,150,14.842041258000002,1.4552482250689998e-16,150,8.122137404580002,1.4552482250689998e-16,150,1.0890500424088407,0.03497206119953709,150,1.9851399491089732,0.030172170098389902,150,0.1340841687552292,0.004305770692798819,150,0.24441102756892671,0.0037148066568491243,150
8,7,4,0.875,5.0,3.0,0.42927932040769995,0.0010262148546679273,150,0.9573219837694933,7.919493337222347e-05,150,0.9788175477361799,0.010201918939026748,150,0.5014718217994334,0.0062903907905699765,150,0.4286858834986133,0.0035391947092425027,150,0.11937341369243533,0.002305879726152381,150,18.068664230239467,0.6924292338992274,150,0.005747030607582867,0.0002202383059476593,150,nan,nan,0,19.260718176777996,0.022112331591741433,150,5.076453902651733,0.0851593428152944,150,18.5525515725,0.0,150,8.122137404580002,1.4552482250689998e-16,150,1.0857463952500999,0.037378264229474,150,1.8588634435961604,0.03618744355165677,150,0.13367742272349734,0.004602023133517156,150,0.2288638262323313,0.004455408933528891,150
8,7,4,0.875,6.0,3.0,0.41707920166045337,0.0009970863699121889,150,0.9590828784777666,6.304746368932951e-05,150,0.5971347866736401,0.005707605017499308,150,0.42789529673660004,0.007088249843107105,150,0.37827919386075337,0.0038847443526419407,150,0.15366663757179203,0.003011717870453869,150,13.474029200880532,0.5791818625549707,150,0.0042856326974815995,0.00018421814966768178,150,nan,nan,0,22.856328432568002,0.01685579239297654,150,5.086238839217801,0.07944154274692346,150,22.263061886999996,2.9104964501379997e-16,150,8.122137404580002,1.4552482250689998e-16,150,1.1407167090754866,0.03784029222693053,150,1.876819338422787,0.03751211580735659,150,0.14044538429405998,0.0046589081595144795,150,0.23107456140350602,0.004618502980044535,150
8,7,4,0.875,7.0,3.0,0.41143467494221997,0.0009578931560507723,150,0.9607032455257198,5.43944973533833e-05,150,0.3974542900109466,0.002746352658429515,150,0.3708967196106333,0.0066917626198683315,150,0.34230416722647333,0.0036719166395564017,150,0.18246268195392398,0.0036706403999296707,150,10.580351391448934,0.3761927016742965,150,0.0033652517148382664,0.00011965416719916175,150,nan,nan,0,26.485072893285334,0.014959580772836033,150,5.092914773242067,0.07892724290794371,150,25.9735722014,0.0,150,8.122137404580002,1.4552482250689998e-16,150,1.10639949109428,0.03706012141261253,150,1.8890585241734266,0.03566149016491364,150,0.13622023809521466,0.004562853294218798,150,0.23258145363411606,0.004390653394369543,150
8,7,4,0.875,8.0,3.0,0.4090740659798534,0.0009971454845045596,150,0.9617467882241669,3.140669495971639e-05,150,0.28881739421526664,0.0009936003588855366,150,0.3517198300916533,0.00723032532216196,150,0.32769480331342,0.003877613208145222,150,0.19429119230860734,0.003643784803762446,150,10.0391169003162,0.42751988773318367,150,0.0031931033397965334,0.0001359796080578445,150,nan,nan,0,30.113180302627335,0.012699074050961778,150,4.970704160017866,0.08089275298280482,150,29.684082515900002,2.9104964501379997e-16,150,8.122137404580002,1.4552482250689998e-16,150,1.16685326547922,0.03545996280101995,150,1.9238422391859336,0.0335282214344486,150,0.14366332497909065,0.004365841284710937,150,0.23686403508777326,0.004128004706687108,150
8,7,4,0.875,9.0,3.0,0.40710205500272006,0.0010719560742284383,150,0.9622190497754798,2.7967910517958568e-05,150,0.22347411283250665,0.00044556451119807835,150,0.3388751462479933,0.007011546671020667,150,0.3168814661683,0.0038034282981274964,150,0.203039733099214,0.003970855988648679,150,9.4505261782872,0.3359403523452454,150,0.003005892550345733,0.00010685125710731867,150,nan,nan,0,33.78120277320134,0.011927310045476593,150,4.998727521474134,0.08211754990314454,150,33.39459283040001,5.820992900275999e-16,150,8.122137404580002,1.4552482250689998e-16,150,1.19050466497062,0.03621009907571243,150,1.9842493638685994,0.036129157812584495,150,0.14657529239760667,0.004458198288449996,150,0.244301378446188,0.0044482327758028515,150
8,7,4,0.875,10.0,3.0,0.4048876594786867,0.0009030356973258458,150,0.9623486610320936,2.84709515069749e-05,150,0.18086516353905333,0.000304292476462637,150,0.30614560956529335,0.0064392212721011135,150,0.2979578959783133,0.0034688435662432633,150,0.22232754301234,0.004084234432854837,150,8.221906863391467,0.26812365335766053,150,0.0026151103255065335,8.52810602283019e-05,150,nan,nan,0,37.46159581575134,0.0099548554767355,150,5.0736869132696,0.07574899148090074,150,37.105103144900006,5.820992900275999e-16,150,8.122137404580002,1.4552482250689998e-16,150,1.0722646310431665,0.03616715451521661,150,1.9003053435118136,0.03555494752184722,150,0.13201754385962866,0.0044529109412511795,150,0.23396616541355267,0.004377535832109643,150
8,8,4,1.0,1.0,3.0,0.5298404901275601,0.000604512005887319,150,1.2473844308285331,0.0008134738792365742,150,12.805293060045999,0.042277933697616905,150,1.2113257525096666,0.002693523545270526,150,0.8730416597488668,0.0015578721664115448,150,0.0011192488970310133,4.211621686330733e-05,150,1073.4786925464798,17.51132296752944,150,0.19606916758841134,0.003198415153888702,150,nan,nan,0,6.723613071623,0.06295056275350552,150,5.383648212718066,0.07941465936476619,150,3.9842265695800005,3.6381205626724996e-17,150,8.696986301370002,1.4552482250689998e-16,150,2.810695890410933,0.027622417917098255,150,5.186652054794333,0.04414141554987534,150,0.32318044354838,0.003176090769825252,150,0.5963734879032067,0.005075484083824313,150
8,8,4,1.0,2.0,3.0,0.5278318266365534,0.0005087802252059065,150,1.2505714601376,0.0003725113338936458,150,7.862153225719133,0.07010136371083975,150,1.1824399421472669,0.002278134328939758,150,0.8128672801869133,0.0015313851403482208,150,0.0032085442992148667,0.00010157059123312056,150,521.7435586092334,7.3174749602657405,150,0.09529562714325533,0.0013365251068981235,150,nan,nan,0,9.641931235174134,0.04840381300292726,150,5.355325227774867,0.08747696362536325,150,7.968453139150001,7.276241125344999e-17,150,8.696986301370002,1.4552482250689998e-16,150,1.8123421613397332,0.024247496606606897,150,3.3976060882801336,0.0249432455380973,150,0.2083873767920733,0.0027880343565464686,150,0.3906647625448133,0.00286803320986651,150
8,8,4,1.0,3.0,3.0,0.49884153090353334,0.0006218321069483075,150,1.2504736478224667,0.00016369149386021812,150,4.178214097070533,0.045138011053227185,150,0.9939044456522534,0.00296898234120343,150,0.67178909890308,0.0018070761751228272,150,0.019508516301479335,0.00035524820733259305,150,152.6640582013293,2.5989481906648977,150,0.027883846246825997,0.0004746937334550149,150,nan,nan,0,13.140359788598666,0.032676259645551604,150,5.385633711621333,0.08012346313125993,150,11.952679708700002,1.4552482250689998e-16,150,8.696986301370002,1.4552482250689998e-16,150,1.2416828006091,0.02889672176925234,150,2.4856547945208,0.020746113308537036,150,0.1427716173835287,0.0033226132326695454,150,0.28580645161288004,0.002385437045618881,150
8,8,4,1.0,4.0,3.0,0.4585931232254067,0.0008199474304234856,150,1.2511285478396668,0.00010364963789619939,150,2.1367696314865334,0.019517484927209765,150,0.7443055331863134,0.0046655158413952775,150,0.5263814831177933,0.002525421390681988,150,0.060074629154548,0.001048286823325662,150,49.91654886065867,1.3453203255857198,150,0.0091171778740938,0.0002457206074127971,150,nan,nan,0,16.887176382348667,0.02589556143562466,150,5.503126679216533,0.08221993882357281,150,15.936906278300002,1.4552482250689998e-16,150,8.696986301370002,1.4552482250689998e-16,150,1.079744292237633,0.03011208982320175,150,2.0309406392695335,0.025675542439273738,150,0.124151545698918,0.003462359118407458,150,0.23352234543008005,0.0029522344349582025,150
8,8,4,1.0,5.0,3.0,0.43003040167486667,0.0009496925887556282,150,1.2520042225801333,7.734018411420625e-05,150,1.2139917290081002,0.009698574863683257,150,0.5641057941056867,0.005692822792269885,150,0.42576685392338004,0.0029467095941562056,150,0.10818246306916202,0.002019023076055054,150,23.659830054366665,0.8029507398487908,150,0.004321430146916466,0.00014665766937893435,150,nan,nan,0,20.722167966038,0.021300961527528056,150,5.6309968965685995,0.0784151374737086,150,19.9211328479,0.0,150,8.696986301370002,1.4552482250689998e-16,150,1.0836797564688199,0.033292409731040556,150,1.8704730593608,0.028970112689831344,150,0.124604054659442,0.003828039803371061,150,0.21507140456988666,0.0033310518938343033,150
8,8,4,1.0,6.0,3.0,0.41873662451039334,0.0010270332259748813,150,1.2524599335972,8.8054273752383e-05,150,0.7252821686438201,0.006771671986492852,150,0.47678854603366005,0.007424398123145993,150,0.37844429175102,0.0038020227796970248,150,0.13849840632620133,0.003187397004395008,150,18.5632218288298,0.8658163235188795,150,0.003390542799786333,0.00015813996776610205,150,nan,nan,0,24.54925372836867,0.019720551944858226,150,5.4794514068908,0.09097562718891351,150,23.905359417499998,2.9104964501379997e-16,150,8.696986301370002,1.4552482250689998e-16,150,1.12917625570794,0.038297697070965,150,1.9042484018268269,0.03478688152047138,150,0.12983534946235067,0.004403559548540911,150,0.21895497311820664,0.0039998776949864475,150
8,8,4,1.0,7.0,3.0,0.41156999270935324,0.0008053604348474519,150,1.252764340412,0.00010061281287404228,150,0.49138957224324675,0.0034470365029612565,150,0.40122292438764,0.006527475375203897,150,0.3380995880852333,0.0034847293174991773,150,0.16951297531466797,0.0034117088491685487,150,13.6793028773574,0.5442960390055526,150,0.0024985028086501994,9.941480164485063e-05,150,nan,nan,0,28.454654782177332,0.01693133676368369,150,5.541152061357733,0.0888675937024336,150,27.889585986999997,2.9104964501379997e-16,150,8.696986301370002,1.4552482250689998e-16,150,1.0693747336376997,0.030734577894638165,150,1.8553424657537199,0.03222414550010541,150,0.12295922939065534,0.0035339342652265494,150,0.213331653225726,0.0037052082621972303,150
8,8,4,1.0,8.0,3.0,0.41051302290900665,0.0010359062315246348,150,1.2524706316014,0.00010982086165067306,150,0.35131071343316006,0.0018733578111441041,150,0.37739519725965337,0.007705995426538616,150,0.32396884422124006,0.003925637926025415,150,0.1812494618528947,0.00404931200390642,150,13.108110932951,0.6232924780840229,150,0.002394175512867827,0.0001138433749923953,150,nan,nan,0,32.36090923540933,0.015308629559838634,150,5.481260666439134,0.09265726417881638,150,31.873812556600004,2.9104964501379997e-16,150,8.696986301370002,1.4552482250689998e-16,150,1.1101954337897,0.0360377511623408,150,1.8966940639274799,0.03517828267715624,150,0.127652889784912,0.004143705637054241,150,0.2180863575268334,0.004044881923246991,150
8,8,4,1.0,9.0,3.0,0.40576111256175335,0.0008738890609504919,150,1.2521375478738666,9.537631205789205e-05,150,0.2705386735439733,0.0006956649430230747,150,0.3361702468206466,0.006739560263794836,150,0.30130868219536,0.0034151274673288137,150,0.20111345283177934,0.0039110744656462824,150,10.690903076326867,0.4408694099033683,150,0.0019526763609729267,8.052409313304112e-05,150,nan,nan,0,36.31013818683066,0.012314970170311424,150,5.625027711636799,0.08228390573628806,150,35.85803912619999,5.820992900275999e-16,150,8.696986301370002,1.4552482250689998e-16,150,1.0751707762558464,0.034250194394532966,150,1.8439890410959334,0.03210261687227176,150,0.12362567204297269,0.003938168143269259,150,0.21202620967736,0.0036912346139028086,150
8,8,4,1.0,10.0,3.0,0.40538871972416674,0.0008629595181501338,150,1.2516898127217333,7.455318449012534e-05,150,0.21662522773557338,0.00032070105704199575,150,0.32826055485415334,0.0060859188021290716,150,0.2956225094198467,0.0032128959679922006,150,0.20416812604357198,0.0038593498868375324,150,10.312574318920866,0.3615952349666605,150,0.0018835752180677734,6.604479177472228e-05,150,nan,nan,0,40.23596197868133,0.011363230221093456,150,5.521731595063668,0.08419456920392761,150,39.8422656958,0.0,150,8.696986301370002,1.4552482250689998e-16,150,1.1166587519025533,0.031241768629280717,150,1.8916237442926604,0.031117912807991328,150,0.12839605734763,0.003592252252295515,150,0.217503360214988,0.003578011017798977,150
8,4,4,0.5,1.0,4.0,0.4814014933129334,0.0029967409722351035,150,0.29035764817708004,0.0009511518004630543,150,4.042845133641533,0.0331726538995023,150,0.43245809346585995,0.004327499743724017,150,0.7006529149157467,0.005921214411387605,150,0.04507829283919,0.002002045204686381,150,36.39765681481007,1.2636671942291302,150,0.110295929741808,0.003829294527964055,150,nan,nan,0,5.594515435141,0.07096801535758404,150,5.0195806109196655,0.07993859413544102,150,2.429137546509999,7.276241125344999e-17,150,5.81818181818,0.0,150,1.4770909090909268,0.03369748861891738,150,2.7990303030305865,0.05131301644024326,150,0.2538750000000047,0.005791755856376319,150,0.4810833333333333,0.008819424700667475,150
8,4,4,0.5,2.0,4.0,0.48004473093600664,0.002876099166897918,150,0.28114186155222,0.0006027891262998696,150,2.5044486576681333,0.022535151920332196,150,0.4045356284410933,0.003513103657266556,150,0.6527515226601133,0.004976195623791562,150,0.063667866663666,0.002009904042978301,150,26.329511858442935,0.770784485579942,150,0.07978639957103867,0.0023357105623633637,150,nan,nan,0,6.9538027043643345,0.05104154197987246,150,4.932888450036266,0.07360913111932099,150,4.858275093019998,1.4552482250689998e-16,150,5.81818181818,0.0,150,1.1930505050501934,0.032525907869513045,150,2.2184242424244,0.032625520935418505,150,0.20505555555556465,0.005590390415074507,150,0.38129166666668673,0.005607511410776362,150
8,4,4,0.5,3.0,4.0,0.46960718005332003,0.002652054033828972,150,0.2724879810209733,0.0006296925097750028,150,1.38884506668418,0.021688029667277023,150,0.35540655253082,0.0032099772238671897,150,0.5790998205408867,0.005013045404217207,150,0.09915014190274868,0.0027495388560995486,150,17.2245709371068,0.4862976706501964,150,0.05219566950638133,0.0014736293050008355,150,nan,nan,0,8.795909057482733,0.04494022813050051,150,4.850835057382134,0.08322188367413509,150,7.287412639530001,7.276241125344999e-17,150,5.81818181818,0.0,150,0.9602020202020901,0.033810218194151705,150,1.8172525252524068,0.03350976592839778,150,0.16503472222226667,0.0058111312521227304,150,0.31234027777778,0.005759491018946937,150
8,4,4,0.5,4.0,4.0,0.45165064993077997,0.002343524673797822,150,0.26518807665885996,0.0004624616208377153,150,0.74152004853728,0.01281494524356033,150,0.30781752246989336,0.0029028491298028793,150,0.51146646765774,0.0044184351964698535,150,0.14069806186645398,0.0031306485504422176,150,11.800985876082201,0.33052834390317276,150,0.03576056326085534,0.0010016010421305319,150,nan,nan,0,10.892630927868,0.03218356793122591,150,4.856736533439666,0.07348025267475203,150,9.716550186029998,1.4552482250689998e-16,150,5.81818181818,0.0,150,0.8081212121211366,0.033606687813874686,150,1.5592323232327,0.03920672845984485,150,0.1388958333333234,0.005776149468009398,150,0.2679930555555333,0.006738656454029474,150
8,4,4,0.5,5.0,4.0,0.4398841782901066,0.002292794788711018,150,0.26105686875620665,0.00029286121362634947,150,0.41949808730768673,0.008496056963023335,150,0.26789018043920665,0.003518554486638282,150,0.4549019499048266,0.005221767010677754,150,0.18324764286802533,0.004299909459274832,150,9.053343752890733,0.3423447605376932,150,0.02743437500875867,0.001037408365266498,150,nan,nan,0,13.138535764719332,0.029629723426373038,150,4.924275509860533,0.08133584379629978,150,12.145687732500003,1.4552482250689998e-16,150,5.81818181818,0.0,150,0.7437979797980014,0.035517412719455785,150,1.4274747474743932,0.04251280901829663,150,0.12784027777785734,0.006104555311155965,150,0.24534722222216468,0.0073068890500177916,150
8,4,4,0.5,6.0,4.0,0.4327918895422267,0.0022831019921710502,150,0.2594286756334933,0.00015581007342249477,150,0.25692975299703336,0.0051647267401682675,150,0.23577937269332003,0.0035282591017830878,150,0.41087717512738,0.004999486649485753,150,0.21996728999145002,0.004870204821717913,150,7.273381420504935,0.28133038604742006,150,0.022040549759103332,0.0008525163213569827,150,nan,nan,0,15.451607605208668,0.02415149645922365,150,5.056364383623933,0.07538428675910622,150,14.574825279099999,1.4552482250689998e-16,150,5.81818181818,0.0,150,0.6784646464647593,0.034916251020147476,150,1.3068686868687265,0.04036093219281256,150,0.116611111111178,0.006001230644085572,150,0.224618055555592,0.00693703522063345,150
8,4,4,0.5,7.0,4.0,0.42931964033152004,0.0023247351502789174,150,0.26070237809229996,0.00015196683501680328,150,0.15215903962098,0.0024300187380080665,150,0.2334476566390533,0.003758329885177944,150,0.40997256801913995,0.005201861473732632,150,0.21770959519900668,0.005102261253569351,150,7.490932086470866,0.24934399640331614,150,0.022699794201423464,0.000755587867888602,150,nan,nan,0,17.691952271831333,0.020036935505284938,150,4.807844748644867,0.0739523076606808,150,17.0039628256,0.0,150,5.81818181818,0.0,150,0.7553131313131121,0.03589440534774527,150,1.404767676767753,0.04122888981083573,150,0.12981944444451135,0.006169350919141379,150,0.24144444444445734,0.007086215436228141,150
8,4,4,0.5,8.0,4.0,0.4243072527459933,0.0022653865704381267,150,0.26178955224528666,0.00013114995688531838,150,0.10725814927869669,0.001231740886897009,150,0.22010829733304665,0.0038874662518305894,150,0.39119776825490665,0.005470148578002924,150,0.2344977366802433,0.005303611382856733,150,6.984071362387867,0.27795707986655116,150,0.0211638526132958,0.0008422941814137667,150,nan,nan,0,20.06424058732266,0.018286032449501798,150,4.907756646562268,0.07737763414500222,150,19.433100372099997,2.9104964501379997e-16,150,5.81818181818,0.0,150,0.7890101010101374,0.0365562605089036,150,1.3920808080809532,0.039756850982730546,150,0.1356111111111573,0.006283107274964744,150,0.23926388888888936,0.006833208762646349,150
8,4,4,0.5,9.0,4.0,0.42642033699181336,0.0024318933899029186,150,0.26259909990524666,6.317652238891607e-05,150,0.07996310411005335,0.0005868169574805609,150,0.22180368702916003,0.004388739151437333,150,0.3920869104015334,0.006027290369960028,150,0.23424333588390672,0.0060318760630368035,150,7.230999439458933,0.29468671353318565,150,0.02191211951351133,0.0008929900410091022,150,nan,nan,0,22.40936431040333,0.017043331023163674,150,4.8297644227991325,0.07937754499694459,150,21.862237918599998,2.9104964501379997e-16,150,5.81818181818,0.0,150,0.7669494949495794,0.03732336158652341,150,1.4412929292930265,0.04527949069230757,150,0.13181944444451868,0.006414952772679931,150,0.24772222222221804,0.007782412462733283,150
8,4,4,0.5,10.0,4.0,0.42137952422369335,0.0022300292130767617,150,0.262897996543,4.207660734233579e-05,150,0.06392328904502134,0.00031618702577054564,150,0.1962715812416,0.0034108009114637095,150,0.3580460034745867,0.004699986575069462,150,0.2655884618580067,0.005382796957792543,150,5.7455997878425995,0.17017223891370803,150,0.017410908448008532,0.0005156734512529868,150,nan,nan,0,24.84057370023,0.014476864791809754,150,5.1213706328924005,0.07262896300412437,150,24.291375465099996,2.9104964501379997e-16,150,5.81818181818,0.0,150,0.6648080808080741,0.03044889018734115,150,1.2560000000001998,0.03823356029570152,150,0.11426388888898134,0.005233403000951951,150,0.21587500000002,0.0065713931758133925,150
8,5,4,0.625,1.0,4.0,0.4989377227857067,0.002615619640473928,150,0.48398738762288673,0.001184891920773179,150,6.6820837875793995,0.0566108036484332,150,0.6101325587786333,0.005624347316543558,150,0.7484482684306666,0.0055942577221910475,150,0.020899898861412268,0.0011006581981109322,150,89.87144022246801,3.478749913652548,150,0.11463193905924934,0.004437181012309904,150,nan,nan,0,6.336007821958534,0.076279710565431,150,5.547448753232933,0.08842321423965237,150,3.0121083869699996,3.6381205626724996e-17,150,6.693877551020002,1.4552482250689998e-16,150,1.767670068027067,0.03733993550273885,150,3.3746768707483334,0.05786454523680579,150,0.26407266260162,0.005578222072056388,150,0.5041438008129667,0.008644398526238035,150
8,5,4,0.625,2.0,4.0,0.48907221480238,0.002425784798023049,150,0.4740919500043533,0.00040898717519692064,150,4.0799917197964,0.036525261449438816,150,0.55396004856246,0.0046399671806228214,150,0.6772579912014267,0.004828117216244915,150,0.039723209705868,0.0014581081700154538,150,52.234935114288675,1.6199464833248933,150,0.06662619274779268,0.0020662582695438973,150,nan,nan,0,8.290185500881535,0.0583742793628625,150,5.638591795410401,0.087852697852211,150,6.024216773939999,7.276241125344999e-17,150,6.693877551020002,1.4552482250689998e-16,150,1.3281802721086866,0.028805648495465064,150,2.4647789115649332,0.030974780868133038,150,0.19841717479672666,0.0043032828545052125,150,0.3682139227642333,0.004627330068713133,150
8,5,4,0.625,3.0,4.0,0.4715338780576932,0.0018094682953569653,150,0.4677385932287934,0.00028520652258709863,150,2.280166385805133,0.025848201887974674,150,0.47486505259445333,0.003543388115447444,150,0.5819010851385199,0.0037657920695490245,150,0.07511924742107533,0.0017537479531228317,150,27.767136770586003,0.7448961202441847,150,0.03541726628900866,0.0009501226023524701,150,nan,nan,0,10.712798218299534,0.04574378222774251,150,5.6804707520283335,0.08796379806918371,150,9.03632516092,0.0,150,6.693877551020002,1.4552482250689998e-16,150,1.0123809523811134,0.03573165017261089,150,1.9294557823126532,0.029186462041042256,150,0.15123983739835004,0.005337959934320627,150,0.2882418699186733,0.00436017268295662,150
8,5,4,0.625,4.0,4.0,0.4527245663037733,0.001719757626670641,150,0.4673032347362999,0.00022266705864577074,150,1.2227731559365203,0.016918180368977614,150,0.3875476099026267,0.003199692216221992,150,0.49130095486773995,0.0035159548644742257,150,0.12480875824457399,0.002602588695181843,150,16.409746442453063,0.43956912895938866,150,0.020930799033745263,0.0005606749093870551,150,nan,nan,0,13.276183092160666,0.033579471005711986,150,5.500960733449333,0.08191201278659584,150,12.048433547900002,1.4552482250689998e-16,150,6.693877551020002,1.4552482250689998e-16,150,0.79736394557817,0.03510883989825989,150,1.67741496598696,0.03701908936369734,150,0.11911839430898688,0.00524491815553349,150,0.250589430894296,0.005530290789086413,150
8,5,4,0.625,5.0,4.0,0.4344345010352066,0.00160197239329353,150,0.46640531760406,0.00020403279876305414,150,0.7108609453803266,0.010307109233353292,150,0.3174700930654067,0.003798519877809485,150,0.41782277879824004,0.0040195853320643534,150,0.17798714823767198,0.003909230913869254,150,10.913992729554932,0.3778681503270565,150,0.013920909093823066,0.000481974681539702,150,nan,nan,0,16.113080744806666,0.0298320038511563,150,5.638875271830733,0.0877433607187227,150,15.060541934899996,2.9104964501379997e-16,150,6.693877551020002,1.4552482250689998e-16,150,0.7972448979589004,0.03990616442364393,150,1.4920408163271268,0.03997986472217432,150,0.11910060975613168,0.005961591636460798,150,0.22289634146337667,0.005972601742024449,150
8,5,4,0.625,6.0,4.0,0.4216666254978,0.0015003047191189723,150,0.46572217946320665,0.00016804639479493636,150,0.4355726570157534,0.006781237148242596,150,0.2662883287883,0.0039131075498698474,150,0.3667581214530001,0.004086002184549692,150,0.22076595650122002,0.0047133647789821915,150,8.283811558645132,0.31440880602296545,150,0.010566086171742668,0.000401031640335678,150,nan,nan,0,19.022688782265334,0.02707735770859707,150,5.84306993631,0.09010720247390601,150,18.0726503218,0.0,150,6.693877551020002,1.4552482250689998e-16,150,0.7687755102038593,0.03686394583517635,150,1.4156802721092132,0.040535739923481875,150,0.11484756097566953,0.005507113859528178,150,0.21148882113817932,0.006055644073917989,150
8,5,4,0.625,7.0,4.0,0.4179434565076467,0.0016367566853029614,150,0.4645792337531799,0.00010069347638751325,150,0.27075119302032663,0.004220331615196533,150,0.24232898391600666,0.003802087966569661,150,0.3450053610335333,0.0040247032569709525,150,0.2385177032761633,0.004888058422447875,150,7.526564491251,0.26778675378753886,150,0.009600209810271002,0.0003415647369739817,150,nan,nan,0,21.871582995524665,0.022988486963909836,150,5.717010945063267,0.08950351067350924,150,21.084758708800003,2.9104964501379997e-16,150,6.693877551020002,1.4552482250689998e-16,150,0.8163945578226613,0.035159695909142995,150,1.4361734693881067,0.03765434326283144,150,0.12196138211383252,0.005252515547407391,150,0.21455030487807336,0.005625191524002958,150
8,5,4,0.625,8.0,4.0,0.4177389845889067,0.001670229068620898,150,0.46424720502888,5.839463179048581e-05,150,0.18830344152879996,0.002420148296940934,150,0.22647435990713333,0.004487925683379539,150,0.33025196458927336,0.004698752618103173,150,0.2553760312201094,0.00604819967502475,150,7.304095402066067,0.3134629459086324,150,0.009316448216918,0.0003998251861078042,150,nan,nan,0,24.77926016023,0.02051153575936623,150,5.671770171026801,0.0914624331790429,150,24.096867095800004,2.9104964501379997e-16,150,6.693877551020002,1.4552482250689998e-16,150,0.7831122448975469,0.037569721233972356,150,1.4508673469394202,0.04397894797608168,150,0.11698932926834894,0.005612549818495545,150,0.21674542682928863,0.006570025764700621,150
8,5,4,0.625,9.0,4.0,0.41957301539910674,0.0019467006987056315,150,0.4640761171763601,3.4980730059992854e-05,150,0.13685617998315333,0.0013038486874159625,150,0.22167197019788668,0.004737109587434156,150,0.32564920423382,0.004912766966853228,150,0.25886121601792006,0.0064017437758330485,150,7.363521024696999,0.3157443744555359,150,0.009392246204970534,0.00040273517149929544,150,nan,nan,0,27.69483061105733,0.019649890841906683,150,5.545742653777067,0.09725635130845352,150,27.1089754827,0.0,150,6.693877551020002,1.4552482250689998e-16,150,0.7701870748297025,0.035882668141055465,150,1.4849149659868333,0.04402688573081825,150,0.11505843495941337,0.005360520545467306,150,0.22183180894309865,0.006577187197572054,150
8,5,4,0.625,10.0,4.0,0.41427862957170003,0.0015699011306072362,150,0.46402761892187316,2.0472322095867508e-05,150,0.10710640054468466,0.0008055926134526265,150,0.20773462981351998,0.0036805172881109486,150,0.31096213939664663,0.0039452446497950265,150,0.27114212509168,0.005600954257343219,150,6.502526865415066,0.2037805577251163,150,0.008294039369152,0.0002599241807718696,150,nan,nan,0,30.661567021192,0.014771072995258351,150,5.651442628698799,0.07966812149888977,150,30.1210838697,0.0,150,6.693877551020002,1.4552482250689998e-16,150,0.7724659863940831,0.0334258591774949,150,1.477244897959778,0.03839520116158033,150,0.11539888211389339,0.004993497255188072,150,0.22068597560975936,0.0057358684661939635,150
8,6,4,0.75,1.0,4.0,0.5055311977046866,0.0022215376924419866,150,0.7097521687658866,0.0013032254325914864,150,9.182092242775399,0.06011810182730514,150,0.7805842177367733,0.006602469076720724,150,0.77307280472996,0.005128464137467801,150,0.011575589369412734,0.0007136220580989497,150,182.29374267184602,6.963024487275679,150,0.11034730185946065,0.004214905863967338,150,nan,nan,0,7.227951306527067,0.08590891549094629,150,6.3466690169927995,0.09942280547450866,150,3.4043933611799995,3.6381205626724996e-17,150,7.457627118639997,2.1828723376035e-16,150,1.972114608555227,0.034350644967603226,150,3.752768361582201,0.05492771444631794,150,0.2644426406926333,0.004606109211562572,150,0.5032121212121399,0.007365307164390799,150
8,6,4,0.75,2.0,4.0,0.50050570679284,0.0019781351802944233,150,0.7099751781413134,0.0005841009059701174,150,5.881962702975668,0.0542542756645995,150,0.7329483387493868,0.005386911009478038,150,0.7075417368368133,0.004502190440549437,150,0.023099618191942,0.0010054855750206968,150,104.01458521518599,3.0430527924923743,150,0.062962823980154,0.001842041641945372,150,nan,nan,0,9.277379737483066,0.06642885035774476,150,6.2384768736814005,0.09861832368890666,150,6.808786722349999,7.276241125344999e-17,150,7.457627118639997,2.1828723376035e-16,150,1.3854237288134001,0.028017189883820827,150,2.741016949153,0.031040300767757795,150,0.18577272727275465,0.003756850461702171,150,0.36754545454546,0.004162222148399267,150
8,6,4,0.75,3.0,4.0,0.47749494307807994,0.0013542518240717081,150,0.7024403909220533,0.0003640727654703694,150,3.023776176358333,0.03351372850623863,150,0.6186262725652933,0.0041514324301338106,150,0.5996240770246867,0.0032546253345314344,150,0.052707079106940675,0.0012360616556835078,150,46.650720490459335,1.036331377365953,150,0.02823893492158467,0.0006273192356937377,150,nan,nan,0,11.926323961693333,0.050102196726697606,150,6.0681564276285345,0.09965233786744118,150,10.213180083499998,1.4552482250689998e-16,150,7.457627118639997,2.1828723376035e-16,150,1.14887812752196,0.030938478199084796,150,2.171468926553534,0.02528206259046925,150,0.15405411255412133,0.004148568667607116,150,0.29117424242422,0.003390094756450586,150
8,6,4,0.75,4.0,4.0,0.44301845290945335,0.0011206143696737504,150,0.7001405699616466,0.0001353514985675502,150,1.6892371927990668,0.021684492213074426,150,0.4752896216095466,0.003946760662432401,150,0.47783935660245996,0.002928116560763586,150,0.109578078558242,0.001929208439689717,150,19.911947275941337,0.4509419352010212,150,0.0120532368498416,0.00027296727312377836,150,nan,nan,0,15.017559743283334,0.04009702361154328,150,6.236235277430067,0.09823002759299004,150,13.617573444699998,1.4552482250689998e-16,150,7.457627118639997,2.1828723376035e-16,150,0.9053753026634198,0.028642193263102116,150,1.7411380145279403,0.028323639876121305,150,0.12140259740259467,0.0038406577330051504,150,0.23347077922072004,0.003797942619752619,150
8,6,4,0.75,5.0,4.0,0.42573659802437996,0.0011017446898705003,150,0.7009592578937534,0.0001555327943623331,150,0.9204838355969268,0.013881746288486933,150,0.3812258194478267,0.0050205227506064706,150,0.40255378367839334,0.0037742625784996887,150,0.16361736371319266,0.003156863130241088,150,12.800553223496934,0.49718653155848547,150,0.007748518900422467,0.0003009603701924981,150,nan,nan,0,18.129610498138668,0.035936856893862765,150,6.113951737426801,0.10829503018419945,150,17.021966805900007,5.820992900275999e-16,150,7.457627118639997,2.1828723376035e-16,150,0.8512752219530626,0.03701523801060718,150,1.59538337368858,0.04050977768903782,150,0.11414826839828886,0.004963406915061169,150,0.21392640692640066,0.0054319929173945155,150
8,6,4,0.75,6.0,4.0,0.4164430234030733,0.001141343786151442,150,0.70323738222102,0.0001534568255067497,150,0.5653098725459,0.0076304822055832085,150,0.31261293741409335,0.004327996626789883,150,0.34863331238479334,0.003470796267610281,150,0.21111327877046,0.0037086491961017105,150,8.9824959354074,0.3115342958126144,150,0.0054373462078752665,0.00018858008221123596,150,nan,nan,0,21.372652627094666,0.02711946329197684,150,6.1880009784185335,0.09596975415071521,150,20.4263601671,0.0,150,7.457627118639997,2.1828723376035e-16,150,0.8334624697335958,0.031635683612400475,150,1.4886682808712868,0.03534869699052389,150,0.1117597402597707,0.004242057575299985,150,0.19961688311691,0.004739938914640727,150
8,6,4,0.75,7.0,4.0,0.4142918946146733,0.0013368817300256517,150,0.7051458843548201,7.792647666557021e-05,150,0.35400385680741997,0.0044949558383005845,150,0.28848689029204666,0.005272993966950971,150,0.3304943120970334,0.004169185036270963,150,0.23022908226386196,0.004617711904792221,150,8.663526615623734,0.35913667498098956,150,0.005244265505825201,0.00021739508170751535,150,nan,nan,0,24.599145310830668,0.02472588634437932,150,5.975274139806601,0.10363621528923724,150,23.8307535282,0.0,150,7.457627118639997,2.1828723376035e-16,150,0.8938014527842426,0.03236241615389505,150,1.5901694915251399,0.03801290056343949,150,0.11985064935069886,0.004339505802458257,150,0.21322727272738734,0.005097184393740635,150
8,6,4,0.75,8.0,4.0,0.40877588711192,0.00123907033220726,150,0.7060114787442466,5.438931311257499e-05,150,0.2551464525077867,0.002533317681921659,150,0.2471854419168333,0.005254357853729551,150,0.29744547748546,0.004226216061217143,150,0.26876054328418003,0.005713952341148959,150,6.907880555284999,0.2633139544648256,150,0.004181525759857934,0.0001593910135985869,150,nan,nan,0,27.987789432542,0.02292197083408528,150,6.331514920314467,0.10210328832339728,150,27.235146889399996,2.9104964501379997e-16,150,7.457627118639997,2.1828723376035e-16,150,0.811025020177404,0.035310873622010956,150,1.5107183212266133,0.038168950624544735,150,0.10875108225112487,0.004734867144773033,150,0.202573593073708,0.0051181092882974285,150
8,6,4,0.75,9.0,4.0,0.4083197204673267,0.0012479040937557544,150,0.7066140954780333,2.706690480588194e-05,150,0.19018877287272665,0.0013061802785586682,150,0.23852635181655998,0.005464046680998463,150,0.29034633496393336,0.0044647308728570385,150,0.27677285390486667,0.005656161405092318,150,6.944625186637935,0.31918986943065636,150,0.0042037682727832,0.0001932142066771599,150,nan,nan,0,31.28945937796334,0.02030623855493636,150,6.213696911569599,0.10682266695764167,150,30.639540250599996,2.9104964501379997e-16,150,7.457627118639997,2.1828723376035e-16,150,0.8070540758672448,0.0342601054418295,150,1.5519612590801133,0.04223236966486199,150,0.10821861471866398,0.004593968684253933,150,0.20810389610400667,0.005662976841426094,150
8,6,4,0.75,10.0,4.0,0.40497316229975333,0.0011441464847564097,150,0.7069037131282465,1.0899706495856682e-05,150,0.14869643238777333,0.0007480020303613519,150,0.22310701547937337,0.004478433191771028,150,0.27819919693409334,0.0037527340456098256,150,0.2892072703052267,0.005239170040882293,150,6.2260202531362,0.21837505365967416,150,0.003768777392939667,0.00013218828914019355,150,nan,nan,0,34.645076325380664,0.01733895120172336,150,6.319403434749733,0.09699627416617063,150,34.043933611800014,1.1641985800551999e-15,150,7.457627118639997,2.1828723376035e-16,150,0.7675544794185893,0.028986226920170416,150,1.4887812752223266,0.03675837101575956,150,0.10292207792211533,0.003886789518848227,150,0.19963203463216,0.004928963386207223,150
8,7,4,0.875,1.0,4.0,0.5130843985040933,0.001953534296675394,150,0.9625939712623535,0.0012594123148372029,150,11.413712823383067,0.05390344101241532,150,0.9595658114987399,0.007774498537270857,150,0.7989589601952933,0.005129766097492363,150,0.0064143133863711335,0.0005242586919636396,150,370.65969464012267,14.508296531176567,150,0.11789430491101134,0.0046145981333275705,150,nan,nan,0,7.972852959902399,0.09987164486877208,150,7.021546127728666,0.11535079192081138,150,3.7105103144900013,1.09143616880175e-16,150,8.122137404580002,1.4552482250689998e-16,150,2.1875614927901332,0.03725295008331819,150,4.1088379983035335,0.05865524774712834,150,0.2693332289055734,0.004586594418145743,150,0.5058813700918533,0.007221651743304518,150
8,7,4,0.875,2.0,4.0,0.5062644444587533,0.0016123389490787768,150,0.9699765883918068,0.0007777482936926055,150,7.778065637830736,0.06346533662977888,150,0.9156273570528868,0.00568540244761359,150,0.7322346056381532,0.003821828367967617,150,0.013289529147694334,0.000572294995340249,150,185.42231921951864,5.365363459924248,150,0.05897656463726534,0.0017065405406905395,150,nan,nan,0,10.211555447628331,0.06861459715426188,150,6.954500638246066,0.1016879301429631,150,7.421020628980003,2.1828723376035e-16,150,8.122137404580002,1.4552482250689998e-16,150,1.5494147582700135,0.023392535537907162,150,2.9650424088209326,0.026342965901914334,150,0.19076441102758665,0.0028800960107736133,150,0.3650569131160333,0.003243353884538013,150
8,7,4,0.875,3.0,4.0,0.48069300801686665,0.001366838371788426,150,0.96585194646112,0.0005494041081099363,150,3.980994740566133,0.05379071248124905,150,0.7694506690351733,0.005096466426127548,150,0.6163232114032934,0.0035806450947630008,150,0.03805225364176333,0.0010313473581303665,150,74.43288506412665,1.9924637519558763,150,0.023674581763400003,0.0006337352900622632,150,nan,nan,0,12.977549195646667,0.058111811000762174,150,6.553296016688,0.11767557784836287,150,11.131530943499998,1.4552482250689998e-16,150,8.122137404580002,1.4552482250689998e-16,150,1.17242154368108,0.0314105039195645,150,2.2648218829512,0.02588926908932982,150,0.14434889306600332,0.0038672706893458915,150,0.2788455513784267,0.0031874945965239517,150
8,7,4,0.875,4.0,4.0,0.4450527899771934,0.0010470876266563975,150,0.9617749987193668,0.0003784721895088744,150,2.073549617493467,0.028661747844888875,150,0.5787118134453734,0.004871091575411434,150,0.48435433569093345,0.003097200180747032,150,0.08975435366794866,0.001700273490341772,150,26.52780512952467,0.6406517843542269,150,0.008437597051377,0.0002037696515121079,150,nan,nan,0,16.29484274574733,0.04303813321793408,150,6.616510217906468,0.10786188650363286,150,14.842041258000002,1.4552482250689998e-16,150,8.122137404580002,1.4552482250689998e-16,150,0.9324766751483602,0.032258777148266436,150,1.832353689567207,0.028715013100945996,150,0.11480680868836399,0.003971710344380422,150,0.2255999373433666,0.003535401049083612,150
8,7,4,0.875,5.0,4.0,0.41999509430150667,0.0009261010691818161,150,0.9594375541106266,0.00025670070888677584,150,1.18650270096258,0.016606178102873265,150,0.43565562186275997,0.00566489448223538,150,0.38752175208488,0.0034164102842901283,150,0.151141238917262,0.0029041575356072787,150,13.137340728212667,0.49681189219459204,150,0.004178543488617666,0.000158019049679953,150,nan,nan,0,19.806137928528,0.03811610649776025,150,6.810952099606599,0.11331887924055485,150,18.5525515725,0.0,150,8.122137404580002,1.4552482250689998e-16,150,0.8186683630195426,0.03519894602203587,150,1.5672349448683467,0.03498405938616943,150,0.10079469507098847,0.0043337048203778965,150,0.19295843776106797,0.004307247913149319,150
8,7,4,0.875,6.0,4.0,0.4087326131877333,0.0007763183762378618,150,0.9588632261108,0.0001245186234613441,150,0.7162524020221266,0.009315649142319572,150,0.34504481894450667,0.0051024067363045975,150,0.32728458551064665,0.0031693343708995296,150,0.20262496868018665,0.003891028730009647,150,8.536362145361267,0.23747089795109932,150,0.0027151279088306664,7.553145609142039e-05,150,nan,nan,0,23.350989231014,0.03143848144727109,150,6.935008311250334,0.10611193111124978,150,22.263061886999996,2.9104964501379997e-16,150,8.122137404580002,1.4552482250689998e-16,150,0.8036895674302832,0.032712112082442436,150,1.48810856658182,0.03813069964616307,150,0.09895050125314267,0.004027525077816088,150,0.18321637426900003,0.004694663208314784,150
8,7,4,0.875,7.0,4.0,0.40439258637659997,0.0008660753732088491,150,0.959539310629,9.240452836748059e-05,150,0.46498683481348657,0.00586533513774756,150,0.2989249033069466,0.0063453634804750015,150,0.2966173929893134,0.0038341144804493613,150,0.23607070358128,0.00487252924062853,150,7.3597935507222,0.28856845087194305,150,0.002340901256591153,9.178385841987522e-05,150,nan,nan,0,26.887125203597332,0.0289603529521333,150,6.802572225262333,0.1198720384506239,150,25.9735722014,0.0,150,8.122137404580002,1.4552482250689998e-16,150,0.8334478371501199,0.037889781856753374,150,1.4935623409672334,0.039006649370331097,150,0.10261434837089135,0.004665001337623979,150,0.18388784461153734,0.004802510401798219,150
8,7,4,0.875,8.0,4.0,0.40022202990873995,0.0007806111251537656,150,0.9609190257968802,7.931398845202167e-05,150,0.3166183233172867,0.0024326477143027437,150,0.26475215239171995,0.005138339035821106,150,0.27455224834163333,0.0031577247830281356,150,0.25803637711536004,0.004526684633550122,150,6.280395227267268,0.18543274811037416,150,0.001997581179156067,5.897988171446679e-05,150,nan,nan,0,30.434937610806,0.02163459291593302,150,6.6138034396724,0.09925957118631822,150,29.684082515900002,2.9104964501379997e-16,150,8.122137404580002,1.4552482250689998e-16,150,0.8238592027144668,0.032207264897133464,150,1.5115394402034998,0.03325771440037464,150,0.10143379281538,0.0039653681405273904,150,0.1861011904761887,0.004094699799290754,150
8,7,4,0.875,9.0,4.0,0.39871191019117336,0.0008617453966281608,150,0.9618453015128265,5.2877058183268433e-05,150,0.24026467692381337,0.0013651587181018592,150,0.24563132391873996,0.005630671944431975,150,0.2600959827406534,0.003461978413980956,150,0.27596809595794,0.005162379307660447,150,5.888709020820801,0.18840433180893218,150,0.0018729990524234466,5.992504192392478e-05,150,nan,nan,0,34.08952023934133,0.020646623766670712,150,6.723885666860334,0.10835677942284147,150,33.39459283040001,5.820992900275999e-16,150,8.122137404580002,1.4552482250689998e-16,150,0.8439864291773794,0.0343399122888565,150,1.5453053435114867,0.03509612735428341,150,0.10391186299078031,0.004227940328791349,150,0.19025845864652402,0.004321045755075479,150
8,7,4,0.875,10.0,4.0,0.39839015713715337,0.0008739924872917143,150,0.9624761768701399,4.033271463862401e-05,150,0.18848275057124,0.0007999699129937365,150,0.23332024333076,0.0054508081953541015,150,0.2500696286161733,0.003375076425275683,150,0.28807753154590665,0.0052698995173603505,150,5.5802004483304,0.18189744270805985,150,0.0017748729161354533,5.78554207086344e-05,150,nan,nan,0,37.74932047497733,0.018811084477243237,150,6.822291678761066,0.10780226290867362,150,37.105103144900006,5.820992900275999e-16,150,8.122137404580002,1.4552482250689998e-16,150,0.8520737913487269,0.032291657507813244,150,1.53069974554748,0.035166835152713405,150,0.10490758145360665,0.003975758584133748,150,0.18846021303258467,0.00432975132049287,150
8,8,4,1.0,1.0,4.0,0.5229496494102334,0.001074681395874378,150,1.2356161802188668,0.0011762027241643616,150,13.354201626969335,0.04593210403451808,150,1.1512027701980065,0.005924522665994949,150,0.8336285241580801,0.0035676159060971315,150,0.00259790755330374,0.0001997726921773781,150,743.6063527373067,23.97978149636611,150,0.13581851191547803,0.004379868766457689,150,nan,nan,0,8.338322724255068,0.10035745922557096,150,7.288228773414133,0.11689372119670613,150,3.9842265695800005,3.6381205626724996e-17,150,8.696986301370002,1.4552482250689998e-16,150,2.4146118721459335,0.034993560449138664,150,4.536114459665333,0.05428007834568194,150,0.2776377688171734,0.004023642125737982,150,0.5215731406809999,0.0062412514478960065,150
8,8,4,1.0,2.0,4.0,0.5208611002134867,0.0009740161019336234,150,1.2496367757772666,0.000709315417338077,150,9.036587923157935,0.08514665724657942,150,1.1294991323027466,0.004901575560948793,150,0.7770355003537334,0.00299785578288998,150,0.005922931404458867,0.0002670985281434407,150,386.4286088968267,9.859115053329926,150,0.07058056783503133,0.001800751607913073,150,nan,nan,0,10.697754067655199,0.08118371171862206,150,7.042574112321401,0.1250469709271915,150,7.968453139150001,7.276241125344999e-17,150,8.696986301370002,1.4552482250689998e-16,150,1.7170678843226532,0.02180217337027296,150,3.2231792998481335,0.023922763310043307,150,0.19743251568096734,0.0025068653226320006,150,0.3706087589605666,0.0027506957561007675,150
8,8,4,1.0,3.0,4.0,0.4841037831547667,0.0011791743180427758,150,1.2526905586588,0.0003575102216064919,150,5.342457366703934,0.05880376593856434,150,0.9244104139983267,0.00518367371890689,150,0.6292698010414,0.0028571693658882547,150,0.02826577415914,0.000650909765074216,150,106.90783113582667,2.503510969999788,150,0.019526544499697665,0.00045726227762560626,150,nan,nan,0,14.181077637708,0.056455983862336453,150,7.5524595491952,0.1059210147626913,150,11.952679708700002,1.4552482250689998e-16,150,8.696986301370002,1.4552482250689998e-16,150,1.2465315068495932,0.030320135795949946,150,2.3569972602736002,0.019714492195557792,150,0.14332913306456532,0.0034862807351100093,150,0.27101310483868,0.002266818816590025,150
8,8,4,1.0,4.0,4.0,0.44742996414347336,0.0010467707784403261,150,1.2526375216236667,0.00017886234470789153,150,2.639250574484,0.03738565653261401,150,0.6891076370234199,0.005591220619942132,150,0.49296265057308003,0.003094711758630703,150,0.07447593621535399,0.0014562030624608554,150,37.26577736798066,1.1793918273891597,150,0.006806534679084066,0.00021541403239995263,150,nan,nan,0,17.524959103729334,0.04762084961703027,150,7.162400727947999,0.12087821061825602,150,15.936906278300002,1.4552482250689998e-16,150,8.696986301370002,1.4552482250689998e-16,150,0.9669138508374734,0.03193269900601555,150,1.9043141552511331,0.026961595754415774,150,0.11117803539427998,0.0036716970568294025,150,0.21896253360215334,0.0031001078787684273,150
8,8,4,1.0,5.0,4.0,0.42352147089626657,0.0009278083490224742,150,1.2524096981321333,0.00011104768453639959,150,1.3677098992197132,0.016043405971851655,150,0.5178151738946133,0.0059804030330584505,150,0.39889199053501334,0.003254296833043994,150,0.12738005155089932,0.0025090522312537947,150,18.462182940719405,0.6763986533138736,150,0.003372088208351666,0.0001235431330255669,150,nan,nan,0,21.155587628779998,0.037363828331211865,150,6.9928159139594,0.11631627399938263,150,19.9211328479,0.0,150,8.696986301370002,1.4552482250689998e-16,150,0.9012164383563787,0.031929669233090575,150,1.7003372907153933,0.03181675406516981,150,0.10362399193545734,0.0036713486863869656,150,0.19550879256274,0.00365836543403153,150
8,8,4,1.0,6.0,4.0,0.40985147156582,0.000785776046594105,150,1.2531367076737998,7.56370910249244e-05,150,0.8368948778270535,0.009385374067570128,150,0.40155006363619333,0.005739031254891542,150,0.33409911018432664,0.003236558004067349,150,0.1782402825077,0.0033749799296780843,150,11.599890096425733,0.4301293556555195,150,0.0021187013874752,7.85624393891876e-05,150,nan,nan,0,25.021968225919338,0.0343692827896482,150,7.253794997830734,0.12126705354238615,150,23.905359417499998,2.9104964501379997e-16,150,8.696986301370002,1.4552482250689998e-16,150,0.9064133942162013,0.03117702730756152,150,1.619606697108047,0.033550263887894546,150,0.10422155017918465,0.0035848081424064006,150,0.18622619847665264,0.003857688482571131,150
8,8,4,1.0,7.0,4.0,0.40395973128772,0.0007562297149320965,150,1.2536005133353334,8.214342436781026e-05,150,0.5472820918633867,0.005230884428500603,150,0.33606943624113333,0.005589681306812607,150,0.29777355199912003,0.003201458521567216,150,0.212755909453208,0.003997624471811544,150,9.086337000990133,0.369104717653336,150,0.0016596049316871865,6.741638678595558e-05,150,nan,nan,0,28.856544781338,0.029371633918349693,150,7.274283788031133,0.1182792395918984,150,27.889585986999997,2.9104964501379997e-16,150,8.696986301370002,1.4552482250689998e-16,150,0.896842617960282,0.031947020916879336,150,1.5625375951298932,0.03439081203943472,150,0.1031210797490682,0.00367334382392347,150,0.17966425851252069,0.003954336691780163,150
8,8,4,1.0,8.0,4.0,0.39960616721124,0.0007704366768361722,150,1.2537410538255336,9.751487398295289e-05,150,0.3920128503393867,0.003471661241141174,150,0.29174451171358,0.006280723399186897,150,0.2716038944079133,0.0035603143132929473,150,0.24425455192750736,0.005220837772265324,150,7.699854086830201,0.3385684470822602,150,0.0014063660432561934,6.183898576835872e-05,150,nan,nan,0,32.75963351417067,0.025649889815610612,150,7.4422261925432,0.11483749819937243,150,31.873812556600004,2.9104964501379997e-16,150,8.696986301370002,1.4552482250689998e-16,150,0.8772919330288793,0.03524833316124782,150,1.5141016742772866,0.03835191809549232,150,0.10087309587810059,0.004052936493149218,150,0.17409498207885402,0.0044097940098420645,150
8,8,4,1.0,9.0,4.0,0.39943180518192,0.000683602829199687,150,1.2539121764957335,0.00010923129679105878,150,0.2875520808908733,0.0017244653777299067,150,0.27427030061106006,0.006137194134876713,150,0.26151726150382665,0.003473747948032001,150,0.2536020436591667,0.005289780515383737,150,7.339130110577,0.29394057984271554,150,0.0013404803854931665,5.3687777140173004e-05,150,nan,nan,0,36.625553678396,0.021795976220387304,150,7.339894278104399,0.1107918079787307,150,35.85803912619999,5.820992900275999e-16,150,8.696986301370002,1.4552482250689998e-16,150,0.9216681887367323,0.03527337591931263,150,1.5719646879758533,0.03700793503705253,150,0.10597558243726908,0.0040558159685459465,150,0.18074820788526266,0.004255259667500811,150
8,8,4,1.0,10.0,4.0,0.39818835734709335,0.0006895018126300298,150,1.2532848583986667,0.00012086064330138489,150,0.22663680834088676,0.0010093819433738594,150,0.25478094654082006,0.0056096904812833505,150,0.25026134484654666,0.0033438421638240985,150,0.26878604693069336,0.005576136899132608,150,6.726950800378534,0.23393624365844579,150,0.0012286668128546267,4.2728081033518615e-05,150,nan,nan,0,40.516082569342,0.019064242004772712,150,7.243817718804733,0.10769298905242593,150,39.8422656958,0.0,150,8.696986301370002,1.4552482250689998e-16,150,0.8486039573820293,0.03190059096981933,150,1.5414453576865401,0.03274063538436661,150,0.0975744847669966,0.0036680051990857347,150,0.17723902329749264,0.003764595487425415,150
8,4,4,0.5,1.0,5.0,0.4501862411519467,0.003222813809347177,150,0.28397117586368664,0.001129304193796857,150,3.6877933262216667,0.039508049821853346,150,0.37010341306704664,0.005502648562694058,150,0.6169722641584268,0.007485583916375376,150,0.07746808436172466,0.00318914077640035,150,23.788819180687,1.1735434686653095,150,0.07208733085054467,0.003556192329285944,150,nan,nan,0,6.616980238845333,0.08508871907375253,150,6.1393595371092005,0.09235022928304563,150,2.429137546509999,7.276241125344999e-17,150,5.81818181818,0.0,150,1.2738181818179934,0.036567214025922695,150,2.406585858585373,0.05629125469092492,150,0.21893750000000664,0.006284989910705827,150,0.41363194444442664,0.0096750594000033,150
8,4,4,0.5,2.0,5.0,0.46353149156508,0.0029849311219044355,150,0.28220708199493333,0.0008255591569533413,150,2.6554940923809336,0.02148298808631849,150,0.36399318418039994,0.004651659701989612,150,0.5928861663012533,0.006317440820544412,150,0.09165197418985535,0.0031088398099634483,150,19.515731046335667,0.708329709486461,150,0.059138578928278666,0.002146453665110324,150,nan,nan,0,7.851637900057733,0.07385833230689379,150,6.122603861535199,0.09595530710640506,150,4.858275093019998,1.4552482250689998e-16,150,5.81818181818,0.0,150,1.0342222222217334,0.02699413362884474,150,2.0120808080806003,0.03648165138448717,150,0.17775694444442666,0.004639616717462343,150,0.34582638888886663,0.006270283831707187,150
8,4,4,0.5,3.0,5.0,0.45693338450406673,0.002637711324265651,150,0.2758088626713734,0.0007273685109343927,150,1.5649232249110534,0.020744764673795966,150,0.3243879356749733,0.003893039746614864,150,0.5316695314678868,0.005511937305757708,150,0.12858352694277003,0.0035821618810722264,150,13.532969223577064,0.4112937777810685,150,0.041008997647208,0.0012463447811550477,150,nan,nan,0,9.461095761619,0.0608874148944141,150,5.9606181635202,0.09794415122504248,150,7.287412639530001,7.276241125344999e-17,150,5.81818181818,0.0,150,0.8646868686868879,0.030739638025314302,150,1.7065050505051464,0.028752314346867702,150,0.14861805555556332,0.005283375285603009,150,0.29330555555553994,0.004941804028372546,150
8,4,4,0.5,4.0,5.0,0.4377101269628266,0.002440839329311213,150,0.2711225136845933,0.0006180250891216848,150,0.93774511504954,0.018831934351798144,150,0.27608919204936666,0.0032154715837003777,150,0.46043476381026,0.004862335829782184,150,0.17936861161447198,0.004050392085346424,150,9.048165811458865,0.27293375803028036,150,0.027418684277148664,0.0008270719940312912,150,nan,nan,0,11.528394259406667,0.0534039866973383,150,6.110039735732067,0.10313498660648208,150,9.716550186029998,1.4552482250689998e-16,150,5.81818181818,0.0,150,0.7397575757578341,0.03486106442214937,150,1.3673939393937333,0.03663598416172447,150,0.12714583333332863,0.00599174544755027,150,0.23502083333336463,0.0062968097777984094,150
8,4,4,0.5,5.0,5.0,0.4302156524132933,0.002167523971786734,150,0.2654005622615,0.0004484467322484754,150,0.5228158872121266,0.010874870087058097,150,0.24151132213565332,0.0034972654085030134,150,0.41358450160184,0.0050242091287266265,150,0.219067824760658,0.004996161162448519,150,7.179250499255665,0.2362490720838296,150,0.0217553045432,0.000715906279042832,150,nan,nan,0,13.609736073839334,0.04308851041703029,150,6.040184928318399,0.10033460377829154,150,12.145687732500003,1.4552482250689998e-16,150,5.81818181818,0.0,150,0.7065050505049716,0.03624545669343106,150,1.3124040404037998,0.039769896562731784,150,0.12143055555556252,0.006229687869182762,150,0.22556944444446866,0.0068354509717176186,150
8,4,4,0.5,6.0,5.0,0.4193938825262734,0.0021410541303825293,150,0.2622285049968933,0.00030472305630954927,150,0.3124983448508733,0.007132232556406301,150,0.20995898982976666,0.003258237377713196,150,0.3679508745703333,0.004906704904579699,150,0.26529483118866004,0.005588968890294359,150,5.7199606268066,0.18914326769520992,150,0.017333214020622996,0.0005731614172576159,150,nan,nan,0,15.877200797506,0.03776998425059339,150,6.1955119019410665,0.09993839401582931,150,14.574825279099999,1.4552482250689998e-16,150,5.81818181818,0.0,150,0.6063030303030114,0.033415427224379665,150,1.1223030303030066,0.038620498031208664,150,0.10420833333341067,0.005743276554195248,150,0.19289583333329888,0.006637898099109643,150
8,4,4,0.5,7.0,5.0,0.4217677018805467,0.002061952518600253,150,0.26009497963289335,0.00018370678959109875,150,0.18567812935503336,0.0040312523973993555,150,0.19965349543200664,0.003523512595521383,150,0.35854642628596,0.004974751209495257,150,0.27248234870098664,0.005883928840140733,150,5.614490285303267,0.1906732541435352,150,0.01701360692515913,0.0005777977398290301,150,nan,nan,0,18.054397194652665,0.031104749560898624,150,5.9684520886228665,0.09512423054527223,150,17.0039628256,0.0,150,5.81818181818,0.0,150,0.64048484848495,0.03382513282255351,150,1.2305050505051667,0.0400296702570906,150,0.11008333333340464,0.005813694703876975,150,0.21149305555559064,0.00688009957543119,150
8,4,4,0.5,8.0,5.0,0.41264695424596,0.0022623164678564414,150,0.26059019243626663,0.00019615676883724762,150,0.131736207584906,0.0027942469934073948,150,0.184219871766106,0.003541480890424126,150,0.33305825871888006,0.005096303322560071,150,0.30019856727216004,0.006749449857047151,150,4.9519543571308,0.15730187377690732,150,0.015005922294338865,0.00047667234477852017,150,nan,nan,0,20.426863302938,0.03075461831120707,150,6.1811281032415994,0.10185991277965162,150,19.433100372099997,2.9104964501379997e-16,150,5.81818181818,0.0,150,0.619555555555634,0.032795052135895196,150,1.1060202020199972,0.03642359401398176,150,0.10648611111120201,0.005636649585857597,150,0.190097222222254,0.00626030522114722,150
8,4,4,0.5,9.0,5.0,0.4133132034562067,0.0024374745297555123,150,0.26128033749011326,0.00016761521103350962,150,0.09359896620819401,0.0020225522908584254,150,0.17559314748444335,0.0038419138779104854,150,0.32293324656564,0.00532754786342639,150,0.31101219449915796,0.006774481359200311,150,4.8540265597348,0.20922632911286063,150,0.0147091713931358,0.0006340191791299095,150,nan,nan,0,22.763714001687337,0.026359367821741066,150,6.239997523322,0.09676605967370709,150,21.862237918599998,2.9104964501379997e-16,150,5.81818181818,0.0,150,0.5930505050506768,0.03187069081715275,150,1.1319595959594373,0.03981782641585183,150,0.10193055555560931,0.005477774984196782,150,0.19455555555560067,0.006843688915213913,150
8,4,4,0.5,10.0,5.0,0.4127840353786666,0.002056462010012846,150,0.26231798078422003,0.0001275015286528328,150,0.067626620210302,0.0006802163824186234,150,0.180013013992012,0.004008966762790061,150,0.32868089856530663,0.005626873433857683,150,0.30278704614414004,0.007175803225363803,150,5.086110143434268,0.18891893921646474,150,0.015412454980103933,0.0005724816339891877,150,nan,nan,0,25.070507831826664,0.024240986711925646,150,6.085437106336667,0.10081721033364668,150,24.291375465099996,2.9104964501379997e-16,150,5.81818181818,0.0,150,0.6690101010102167,0.03278465915657685,150,1.195474747474804,0.03881626421647106,150,0.11498611111117135,0.005634863292534678,150,0.20547222222225264,0.006671545412196059,150
8,5,4,0.625,1.0,5.0,0.47258156707546,0.0030056083473100734,150,0.47574119370923335,0.0014253629748002556,150,6.326030064452733,0.06341839846986283,150,0.5376664648176134,0.007409149606053163,150,0.6745845479136068,0.00739163979321783,150,0.03885229425362334,0.0020872776335614045,150,57.66416158657933,2.8294925785475016,150,0.07355122651349266,0.003609046656308888,150,nan,nan,0,7.592112175485332,0.1018732161982837,150,6.944604254445533,0.11251209551798144,150,3.0121083869699996,3.6381205626724996e-17,150,6.693877551020002,1.4552482250689998e-16,150,1.5359183673467733,0.03524319424382275,150,2.9275680272107336,0.0556977310071534,150,0.2294512195121827,0.005264989383982636,150,0.43735010162601334,0.008320697619975406,150
8,5,4,0.625,2.0,5.0,0.4627820241592399,0.0028067563271368585,150,0.47521707032745997,0.0007843200828830148,150,4.490619771108066,0.03930801028680439,150,0.4853462141235733,0.006062998402090126,150,0.6040610845576533,0.006319816095513039,150,0.06530145417892534,0.002627144838544349,150,33.9290181717546,1.3243246184952242,150,0.043276808892543005,0.001689189564407418,150,nan,nan,0,9.4641285655446,0.08635278209531352,150,7.243843823411601,0.11340762350029039,150,6.024216773939999,7.276241125344999e-17,150,6.693877551020002,1.4552482250689998e-16,150,1.1590136054418598,0.027858952587165045,150,2.2606802721089534,0.036104673218215415,150,0.17314532520323467,0.004161855721868566,150,0.33772357723584,0.005393685938087862,150
8,5,4,0.625,3.0,5.0,0.45305951717085996,0.002118466927038408,150,0.46919152932903996,0.0003252279098829688,150,2.483757168201,0.023622325186397324,150,0.42837418716340664,0.004569626618858621,150,0.5352503975591867,0.00448492717114891,150,0.09845380441014467,0.0023607557511862213,150,21.084293081202134,0.6361361259141977,150,0.02689323097091934,0.0008113981197881485,150,nan,nan,0,11.442593193735,0.06288359672543657,150,6.936096032155534,0.10860729331498238,150,9.03632516092,0.0,150,6.693877551020002,1.4552482250689998e-16,150,1.0006802721090933,0.03314804319720065,150,1.859438775509953,0.02716117841334878,150,0.14949186991872135,0.004951994258116909,150,0.27778201219515336,0.0040576150678464035,150
8,5,4,0.625,4.0,5.0,0.4354310247521933,0.0015850340437133352,150,0.46808215159671995,0.00025705766741237503,150,1.4789112070925265,0.02247878126228428,150,0.3514425103016467,0.0034576350037082123,150,0.44939124231434674,0.0036469442630111646,150,0.15442731097051932,0.0028400792445216153,150,12.294505489906733,0.3582971674308318,150,0.015681767206507533,0.0004570116931514511,150,nan,nan,0,13.974244656783334,0.053142078187176874,150,6.984586731970533,0.10840821881454082,150,12.048433547900002,1.4552482250689998e-16,150,6.693877551020002,1.4552482250689998e-16,150,0.741054421768834,0.03390043676344626,150,1.47715986394582,0.03333743573040903,150,0.11070630081305209,0.005064394516490182,150,0.22067327235772533,0.004980287654841614,150
8,5,4,0.625,5.0,5.0,0.4243032616316867,0.0014799210223312136,150,0.46788104568584665,0.00027467645101523884,150,0.8309618288263001,0.013961979112652297,150,0.2896926777320334,0.0033565512386377473,150,0.38716093204979996,0.003613422151690463,150,0.20723730438524735,0.003841167080218754,150,8.679915862099733,0.25471876291051737,150,0.011071321252673067,0.0003248963812628055,150,nan,nan,0,16.602841911333336,0.04486218487225686,150,6.878513595175534,0.11053155919358962,150,15.060541934899996,2.9104964501379997e-16,150,6.693877551020002,1.4552482250689998e-16,150,0.6594217687072287,0.031496938467960985,150,1.3368707482997468,0.037282566769131026,150,0.09851117886179399,0.00470533531991356,150,0.19971544715445733,0.005569651742942083,150
8,5,4,0.625,6.0,5.0,0.41501797693798004,0.0014875155667715913,150,0.46717765280820006,0.00022282330131178258,150,0.5103418584099333,0.009413073056416192,150,0.2424999180503733,0.0036514713278540715,150,0.33928580728652663,0.004120169624220951,150,0.25530295322247665,0.005086093511344126,150,6.784383670646068,0.2616179840547607,150,0.008653550600313734,0.0003336964082329739,150,nan,nan,0,19.454444273175998,0.04502969326641107,150,7.048159874565801,0.12902000322580595,150,18.0726503218,0.0,150,6.693877551020002,1.4552482250689998e-16,150,0.6289795918365906,0.031366401682154266,150,1.2356802721093358,0.03868935763120979,150,0.09396341463417558,0.00468583439764262,150,0.18459857723571887,0.005779812572940873,150
8,5,4,0.625,7.0,5.0,0.4109881713229466,0.0014884652060408773,150,0.4659476592111933,0.00017844695425429396,150,0.32700930499111325,0.00593091424204043,150,0.21242520735063336,0.0034867300607373613,150,0.3079010731250667,0.003965807399339894,150,0.28894666207912667,0.005878536335615906,150,5.695069661130733,0.18458625453901598,150,0.007264119465728601,0.00023544165119779818,150,nan,nan,0,22.285509903802666,0.0355112884363273,150,7.0956096658395325,0.11343099558998473,150,21.084758708800003,2.9104964501379997e-16,150,6.693877551020002,1.4552482250689998e-16,150,0.6449659863943066,0.029950392368391775,150,1.2203911564627499,0.0379735939540006,150,0.09635162601632104,0.004474296420899107,150,0.1823145325203305,0.005672884462629752,150
8,5,4,0.625,8.0,5.0,0.40693302072132664,0.0016584453477031394,150,0.46517744471454003,0.0001166916870807885,150,0.2238363529046267,0.0037439568543504217,150,0.19481308693162666,0.003839491226978746,150,0.2895234847985466,0.004121364651455421,150,0.309788603682838,0.006151009053994183,150,5.293026456318601,0.22484860646962396,150,0.006751309255508134,0.00028679669192557665,150,nan,nan,0,25.132337501767335,0.028408805040013207,150,7.032289745969331,0.10499400335800199,150,24.096867095800004,2.9104964501379997e-16,150,6.693877551020002,1.4552482250689998e-16,150,0.6718707482989373,0.03304083570930595,150,1.2132653061225627,0.04095266686926611,150,0.10037093495936983,0.0049359785053588985,150,0.18125000000004066,0.00611792889204213,150
8,5,4,0.625,9.0,5.0,0.4083949457622733,0.0016165112193677758,150,0.46467700281131336,9.269109962461543e-05,150,0.15441482649553334,0.0023086055182614373,150,0.18964796869160797,0.0037661859338828014,150,0.2855926300935934,0.004213320240054025,150,0.3112304827272466,0.006898969376602155,150,5.301227009161599,0.17352126716128244,150,0.0067617691443377335,0.00022132814688927051,150,nan,nan,0,27.99700021097,0.02575631761112517,150,6.886737131586666,0.10385733522925454,150,27.1089754827,0.0,150,6.693877551020002,1.4552482250689998e-16,150,0.7142006802716208,0.03390859254382271,150,1.2643197278913798,0.041289297185152674,150,0.106694613821174,0.005065612910520459,150,0.18887703252036833,0.0061682181770377174,150
8,5,4,0.625,10.0,5.0,0.40531634269228667,0.0016340374777501828,150,0.46453293771489995,6.846450090183966e-05,150,0.118337424585006,0.0013632668814579894,150,0.17277780615936,0.004057628386689786,150,0.26717309322590005,0.004471213853611965,150,0.33654517786823335,0.007128364273602741,150,4.855976501947466,0.21283376518869232,150,0.006193847579015866,0.0002714716392714685,150,nan,nan,0,31.003010692556007,0.025682659095805166,150,7.215621623212934,0.11410766594321314,150,30.1210838697,0.0,150,6.693877551020002,1.4552482250689998e-16,150,0.6637244897955243,0.034039776747111644,150,1.2389285714285887,0.03904719313454457,150,0.09915396341466907,0.005085210550644933,150,0.18508384146345766,0.005833269706063919,150
8,6,4,0.75,1.0,5.0,0.4844176275149,0.0028477941007688844,150,0.7007466259064934,0.0013486444058339122,150,8.871917523563734,0.07124244592904247,150,0.7106917781990066,0.009198898742913865,150,0.7150097133668534,0.007348357367156245,150,0.0216485062340824,0.001546560714090895,150,129.000099376848,6.7171868144273175,150,0.07808722722570699,0.004066093713336493,150,nan,nan,0,8.532814745249867,0.11366688358727509,150,7.795081098909335,0.12640745570453293,150,3.4043933611799995,3.6381205626724996e-17,150,7.457627118639997,2.1828723376035e-16,150,1.7766343825667135,0.03907066200577959,150,3.4181920903956,0.06269074407677606,150,0.23823051948055796,0.005239020587136521,150,0.4583484848485066,0.008406258864836442,150
8,6,4,0.75,2.0,5.0,0.47905717772514,0.0023842142593059707,150,0.71045728378822,0.0009281591981018469,150,6.420146481282933,0.05375483622181958,150,0.6612986267666466,0.006922808532400154,150,0.64826879771048,0.0055932891778709476,150,0.0372670711724578,0.0015171437510541432,150,70.07119980527001,2.806293866220855,150,0.04241598051165333,0.001698725100616322,150,nan,nan,0,10.337551624078666,0.09286484151550724,150,7.7087552862335995,0.12599794465631275,150,6.808786722349999,7.276241125344999e-17,150,7.457627118639997,2.1828723376035e-16,150,1.2947861178371733,0.025239319080230794,150,2.542082324455133,0.031236123751306702,150,0.1736190476190247,0.0033843632403025565,150,0.34087012987011334,0.004188480230279419,150
8,6,4,0.75,3.0,5.0,0.45644715069853325,0.0018285574237057553,150,0.7061364854582199,0.0005353911223505175,150,3.4790216670663994,0.03875435472998571,150,0.54840163682222,0.006014724461074558,150,0.5447405212407266,0.004665649488155527,150,0.07587833549710733,0.0021183751126124532,150,33.24068659577733,1.0777853944676667,150,0.0201214809901802,0.0006524124663846293,150,nan,nan,0,12.848801580559332,0.07709091241107761,150,7.688222388314001,0.13106173179301664,150,10.213180083499998,1.4552482250689998e-16,150,7.457627118639997,2.1828723376035e-16,150,1.01521388216288,0.03252659726939814,150,1.9858918482646,0.027606744542824323,150,0.13613095238099,0.00436152099748829,150,0.2662900432900533,0.0037018134727889824,150
8,6,4,0.75,4.0,5.0,0.4351932745358933,0.0012627692934835807,150,0.7025750309116667,0.0002848396053930054,150,2.021261330650667,0.02851497633166583,150,0.4283988958586333,0.0045255983549068075,150,0.4420156718727333,0.0033829363578521867,150,0.13368655493084866,0.002516728336985156,150,15.886683520337135,0.40611384432678604,150,0.009616636513522332,0.00024583162489515045,150,nan,nan,0,15.766435839173331,0.06170621806961833,150,7.829199904794332,0.12726240777704184,150,13.617573444699998,1.4552482250689998e-16,150,7.457627118639997,2.1828723376035e-16,150,0.8533817594832601,0.03134265593667644,150,1.6062146892654532,0.03222664243092021,150,0.11443073593073265,0.004202765227876867,150,0.215378787878788,0.004321299780509686,150
8,6,4,0.75,5.0,5.0,0.41882440876150007,0.0010597802980294503,150,0.7014694571607534,0.00016201147296496536,150,1.1401004401211334,0.017159086310456345,150,0.3392147304967267,0.003924391098558734,150,0.36681984294122,0.002994413146772566,150,0.19409852036393332,0.003230037467767856,150,9.385875662880867,0.2319708875872985,150,0.0056815227983546,0.00014041821282518858,150,nan,nan,0,18.827393284466,0.04946998120040598,150,7.934131692747666,0.11977559572700688,150,17.021966805900007,5.820992900275999e-16,150,7.457627118639997,2.1828723376035e-16,150,0.7215092816786582,0.03237330672888115,150,1.4011138014529065,0.03336814066838528,150,0.09674783549781951,0.004340966129556342,150,0.18787662337664335,0.004474364316897018,150
8,6,4,0.75,6.0,5.0,0.40863585497597993,0.0009676302675768449,150,0.7021555397210333,0.00015470599859317263,150,0.6653796847823467,0.011027379620546408,150,0.2770935934980267,0.0045372023659238404,150,0.3169522260276,0.0036876637620073664,150,0.24807697329554534,0.00464995879573611,150,7.090847048329199,0.26603194132811225,150,0.0042922802955996,0.00016103628409721625,150,nan,nan,0,21.90908889510267,0.04517049008254722,150,7.788546579733801,0.127298842952856,150,20.4263601671,0.0,150,7.457627118639997,2.1828723376035e-16,150,0.6872477804678159,0.034834913948686125,150,1.2888297013718264,0.04043399026844975,150,0.09215367965368532,0.004671045279489504,150,0.1728203463203707,0.0054218305132772366,150
8,6,4,0.75,7.0,5.0,0.40347657049715335,0.0009825959106613926,150,0.7036965806944666,0.00015327087437903717,150,0.43382429181582,0.0067458273322832316,150,0.23011536580294,0.004125378731877281,150,0.27926170430117336,0.0033907440463897594,150,0.29527352661954004,0.005128063286153731,150,5.483294826634066,0.18217130182696675,150,0.0033191857304081997,0.00011027318512541374,150,nan,nan,0,25.093091761790664,0.03438920573545266,150,7.7482537251157995,0.11289998711729086,150,23.8307535282,0.0,150,7.457627118639997,2.1828723376035e-16,150,0.5784342211459458,0.030923833571914767,150,1.1820096852304338,0.038044535794572884,150,0.07756277056279023,0.004146604956238689,150,0.15849675324677268,0.005101426390634402,150
8,6,4,0.75,8.0,5.0,0.4016781326899467,0.0010751153532966068,150,0.7051337127620133,0.00010792674312988805,150,0.3004481319944667,0.0042886180851988065,150,0.20750286467692,0.00421023451482089,150,0.25921608182474,0.0035326444008262074,150,0.3222191797371467,0.0059951507339962,150,4.950771147380733,0.15501728436641724,150,0.0029968348349756666,9.383612855101105e-05,150,nan,nan,0,28.356166332993332,0.03005620489709147,150,7.785749130383533,0.11099478304307275,150,27.235146889399996,2.9104964501379997e-16,150,7.457627118639997,2.1828723376035e-16,150,0.6626311541564608,0.03280393302151111,150,1.2143987086366308,0.037971183170223986,150,0.08885281385284055,0.004398709200615573,150,0.16283982683989132,0.005091590470551569,150
8,6,4,0.75,9.0,5.0,0.40232499494093993,0.0011629848159737768,150,0.7061503349156932,7.027441105965613e-05,150,0.2096460807287,0.002725248101909881,150,0.20387933941869335,0.004841878710957061,150,0.2578175235834467,0.004098474788384505,150,0.32240502311779334,0.0065424352387116755,150,5.272996426175666,0.2280333846843982,150,0.0031918864565226666,0.00013803473649174415,150,nan,nan,0,31.624056406090663,0.0308391194741064,150,7.676302830395601,0.12993540744954793,150,30.639540250599996,2.9104964501379997e-16,150,7.457627118639997,2.1828723376035e-16,150,0.7141404358349763,0.03266894383054794,150,1.3353995157387533,0.037804687670600017,150,0.09575974025977116,0.0043806083772853326,150,0.179064935065018,0.005069264937651498,150
8,6,4,0.75,10.0,5.0,0.40031653232415343,0.001018908490571962,150,0.7066553929386331,4.9076691690981105e-05,150,0.15836498397371337,0.001344523382519428,150,0.19221364844758337,0.004364763147927497,150,0.24826465771511333,0.0038630172140152815,150,0.3346327237442867,0.0066114796922087295,150,4.9446709869418,0.1701827785320594,150,0.0029931422439116004,0.00010301620976517296,150,nan,nan,0,34.921949649876,0.028217944480488533,150,7.631266852756402,0.12785161843205856,150,34.043933611800014,1.1641985800551999e-15,150,7.457627118639997,2.1828723376035e-16,150,0.7101856335752597,0.0326467083953151,150,1.3081517352705334,0.04000595374728591,150,0.09522943722947237,0.004377626807559293,150,0.17541125541134397,0.005364434707023422,150
8,7,4,0.875,1.0,5.0,0.48875286555337333,0.0027701311005881185,150,0.9515899192250932,0.0013045470094556009,150,11.032569717704266,0.07504037120264773,150,0.8583704682032334,0.011741117347868953,150,0.7310613734124134,0.007704773529507857,150,0.015189387198486868,0.0013821361327968733,150,235.98671348307,13.836836599549208,150,0.07505938724018367,0.004401029452785624,150,nan,nan,0,9.3258229747828,0.12660551084498897,150,8.524649937041001,0.1400322389796314,150,3.7105103144900013,1.09143616880175e-16,150,8.122137404580002,1.4552482250689998e-16,150,1.9072943172179468,0.042151050431127164,150,3.640780322307133,0.06758972862617066,150,0.23482664995823332,0.005189650006089943,150,0.4482539682539533,0.008321667716195906,150
8,7,4,0.875,2.0,5.0,0.48918191727408666,0.002279704111269104,150,0.96845029441066,0.0010062565923741119,150,8.3884267392834,0.05750452145548052,150,0.8314186351935999,0.008742822476978012,150,0.6750413588148398,0.0056268082913536605,150,0.024115033249883802,0.001218844288166236,150,126.69636213691265,5.146394387077424,150,0.040297825107162594,0.0016368938890208755,150,nan,nan,0,11.372660546506602,0.09759214438341313,150,8.5505675022666,0.1314035203690971,150,7.421020628980003,2.1828723376035e-16,150,8.122137404580002,1.4552482250689998e-16,150,1.437680237489367,0.022143151432303824,150,2.7412086513997336,0.028304919056468654,150,0.1770076232247453,0.0027262714639405645,150,0.33749843358395337,0.0034849101469893204,150
8,7,4,0.875,3.0,5.0,0.4633740766358333,0.0016821765230042814,150,0.96987628374264,0.0005996805801038589,150,4.666730451080733,0.05487771972912482,150,0.6897520265303599,0.0066425693602037445,150,0.56364925462064,0.004321643282336851,150,0.05534014299891734,0.0015148755223529172,150,51.504363597976,1.7039558652003552,150,0.016381795037524134,0.0005419706950385802,150,nan,nan,0,13.980422000172663,0.07840852087971578,150,8.355360877284733,0.13324044203410912,150,11.131530943499998,1.4552482250689998e-16,150,8.122137404580002,1.4552482250689998e-16,150,1.0740585241725535,0.03200586829476818,150,2.1170016963534,0.02308356818945656,150,0.132238408521292,0.003940572130277523,150,0.26064588554718665,0.0028420558579145437,150
8,7,4,0.875,4.0,5.0,0.4354696906466067,0.0010274656576909932,150,0.9668200844235667,0.00044611688106590007,150,2.5766385631441335,0.03525928965009562,150,0.5257650683701866,0.004638916951030508,150,0.4482293453916534,0.0029188558717876045,150,0.10914922602735132,0.0018384305048572247,150,20.683441039366002,0.4838412528562374,150,0.006578702620664867,0.00015389352826239506,150,nan,nan,0,17.192888972217332,0.06019115390791241,150,8.578146828805332,0.1232791008043447,150,14.842041258000002,1.4552482250689998e-16,150,8.122137404580002,1.4552482250689998e-16,150,0.9242154368109531,0.03223089666811812,150,1.7376802374895,0.026488948891736287,150,0.11378968253968931,0.003968277691278777,150,0.2139437134503,0.0032613273541535967,150
8,7,4,0.875,5.0,5.0,0.41640021836726665,0.000843859933935814,150,0.9627152787489933,0.00037496051189658727,150,1.3887942907697735,0.020345182746104105,150,0.39704764849096663,0.004843605820341723,150,0.36254721172036,0.00297304421510496,150,0.17318234769288335,0.002985288694532948,150,10.824422332424533,0.3066134145121976,150,0.003442882421254533,9.752335067206393e-05,150,nan,nan,0,20.373868906918666,0.04930894664809961,150,8.305736215642465,0.12354888618605409,150,18.5525515725,0.0,150,8.122137404580002,1.4552482250689998e-16,150,0.7146098388465947,0.031175335855938745,150,1.42970313825296,0.03169112454824475,150,0.0879829782790104,0.0038383167266206487,150,0.17602548036760132,0.00390182078554996,150
8,7,4,0.875,6.0,5.0,0.40559235231869334,0.00084807948520422,150,0.9606103989434203,0.00027878002681024045,150,0.8269238466552333,0.012912395334770227,150,0.31560354479654,0.004937554650929515,150,0.30783174227544,0.0031208490550501977,150,0.22557946400448267,0.004017867459346354,150,7.466241346089401,0.23520031548867928,150,0.002374758697865133,7.480926065154516e-05,150,nan,nan,0,23.901151606705334,0.04871012968813215,150,8.549787775170602,0.13892640554184194,150,22.263061886999996,2.9104964501379997e-16,150,8.122137404580002,1.4552482250689998e-16,150,0.72373197625101,0.029934004523828047,150,1.37250212044106,0.03546522197893187,150,0.08910609857978727,0.0036854836396788895,150,0.16898287385130467,0.004366488796281263,150
8,7,4,0.875,7.0,5.0,0.3995087777305533,0.0007551593902386432,150,0.9594168434640066,0.00014672109341671883,150,0.5342485654652332,0.007413964142615453,150,0.26087055520346003,0.004489403362786987,150,0.2702316033733867,0.00289136424122566,150,0.2697059449749867,0.0047433403715005824,150,5.762053496009867,0.15365265754393131,150,0.0018327142162876135,4.887171041469804e-05,150,nan,nan,0,27.368915609669337,0.03718878622111176,150,8.509871939529933,0.12204180672049977,150,25.9735722014,0.0,150,8.122137404580002,1.4552482250689998e-16,150,0.6851484308735957,0.029767795530242103,150,1.2992239185751802,0.03616512380238325,150,0.0843556808688538,0.0036650199384039303,150,0.15996083959901403,0.004452660919272598,150
8,7,4,0.875,8.0,5.0,0.3966154298956933,0.000664988029241678,150,0.9597905335113533,9.600610166019175e-05,150,0.37235457269190003,0.0047400012829118664,150,0.21989274419222668,0.004517719730391411,150,0.24063004087769332,0.003093283090830075,150,0.31311734694284665,0.005621051490873392,150,4.806329917053334,0.14275320578056483,150,0.0015287308896481332,4.5404963670738525e-05,150,nan,nan,0,30.983786352048003,0.03447144565752146,150,8.754445644563402,0.12657059354096095,150,29.684082515900002,2.9104964501379997e-16,150,8.122137404580002,1.4552482250689998e-16,150,0.641191687870927,0.029634475927972255,150,1.2217175572521266,0.036909084293354266,150,0.07894371345029166,0.0036486055888769343,150,0.15041823308265068,0.004544257558668712,150
8,7,4,0.875,9.0,5.0,0.39507212907704004,0.0007259303553882356,150,0.9607608815222933,0.00010844328937536074,150,0.26866228315154,0.0035452936466103765,150,0.20186755928340133,0.004662395014160239,150,0.22771256109395996,0.0032226675160315073,150,0.33173771781138667,0.006078779014447699,150,4.511630023579867,0.14571179895254982,150,0.0014349968268379534,4.634599203320408e-05,150,nan,nan,0,34.481672014178,0.0333950920690406,150,8.429022666493267,0.13962127742030836,150,33.39459283040001,5.820992900275999e-16,150,8.122137404580002,1.4552482250689998e-16,150,0.649703138252864,0.031123393131676665,150,1.2351738761665536,0.035716105096563984,150,0.07999164578113571,0.0038319215227906687,150,0.15207497911439866,0.004397377601171291,150
8,7,4,0.875,10.0,5.0,0.3944519924262133,0.000680163264252088,150,0.9614868080884601,8.92004379287105e-05,150,0.20232427554497998,0.0016890280786884975,150,0.18710029990466,0.004738575254775467,150,0.21581864550917998,0.003352465067111463,150,0.35041693936238,0.006726425226941732,150,4.243973495419733,0.13002233791316595,150,0.0013498643433269935,4.135570544313692e-05,150,nan,nan,0,38.146379512375994,0.03073571150765434,150,8.694847858968599,0.13946131086720348,150,37.105103144900006,5.820992900275999e-16,150,8.122137404580002,1.4552482250689998e-16,150,0.6608057675996858,0.03394515504551286,150,1.2383121289233066,0.03676797340343806,150,0.08135860484546063,0.004179337698271884,150,0.15246136173765867,0.004526883943460895,150
8,8,4,1.0,1.0,5.0,0.5041784789145534,0.002330736432598491,150,1.2239637571056667,0.0012614338386367893,150,13.312945877715334,0.0603181286911439,150,1.05353671852506,0.010751579603165074,150,0.7723615651357,0.006349272518819813,150,0.00719604399142782,0.0006475446164653501,150,473.42651509993806,24.04200822630319,150,0.08647059636527674,0.0043912343792302565,150,nan,nan,0,10.110503795980732,0.13126939029584037,150,9.262822591011735,0.1446091601278105,150,3.9842265695800005,3.6381205626724996e-17,150,8.696986301370002,1.4552482250689998e-16,150,2.154267275494533,0.03845292260989336,150,4.059699238964334,0.057213783832418035,150,0.24770273297486928,0.004421407747162515,150,0.46679379480286665,0.006578575824982483,150
8,8,4,1.0,2.0,5.0,0.5037307634701667,0.002145935037579776,150,1.2447102137397332,0.001116587829137799,150,9.747000539530534,0.0810195928046016,150,1.0494942459363468,0.009586425215986027,150,0.73011307309284,0.005299932545939975,150,0.0115659175722184,0.0007222493431338827,150,280.905883203792,11.186321767276716,150,0.05130701063083674,0.0020431637931119235,150,nan,nan,0,11.903315073814936,0.11526956698073602,150,8.7359375559264,0.16086663829787057,150,7.968453139150001,7.276241125344999e-17,150,8.696986301370002,1.4552482250689998e-16,150,1.5446380517501,0.02394356664699832,150,3.0746057838659997,0.02924543394725596,150,0.17760612679209997,0.0027530877728595363,150,0.35352542562724004,0.003362708981457172,150
8,8,4,1.0,3.0,5.0,0.47402572013336,0.0015801507153628152,150,1.2525191075544,0.0006242808904723191,150,5.839641173273066,0.06711358280147989,150,0.8714280723172932,0.007365803533153217,150,0.60059840358126,0.0038848354508961755,150,0.03603394798347534,0.0010434834441211426,150,88.43572876556067,2.789840195155807,150,0.016152644523388868,0.000509559852996617,150,nan,nan,0,14.982794431758666,0.0859770185075273,150,8.91308814568,0.1482753556107506,150,11.952679708700002,1.4552482250689998e-16,150,8.696986301370002,1.4552482250689998e-16,150,1.18827640791484,0.030358466984125865,150,2.282834703196,0.020947937959077522,150,0.136630824372742,0.003490688145536608,150,0.26248571908600665,0.002408643320014049,150
8,8,4,1.0,4.0,5.0,0.43814606909309345,0.0010670255783650686,150,1.2543194966300668,0.0002993664965890149,150,3.1741754245751332,0.052680463646417555,150,0.6420745359885067,0.005508845109664073,150,0.4654668325306733,0.003003084011929085,150,0.087168945189716,0.0016003649837112246,150,29.181470109690665,0.8054747740676952,150,0.005329948878482867,0.00014711868019526368,150,nan,nan,0,18.40099711363,0.07044647327800084,150,9.067153928840801,0.1451191553189155,150,15.936906278300002,1.4552482250689998e-16,150,8.696986301370002,1.4552482250689998e-16,150,0.9620359208523932,0.03222495968234819,150,1.8274557077627334,0.026720204973990518,150,0.11061715949819269,0.0037053018787947625,150,0.21012516801073336,0.003072352197424643,150
8,8,4,1.0,5.0,5.0,0.4168578342275533,0.0007498606327220976,150,1.2540925838170665,0.0001753024640512266,150,1.6723817311786664,0.025511819253149395,150,0.45882731980048663,0.004989455616372478,150,0.36435872234570665,0.0027535598385380494,150,0.154697810914288,0.002606690263584375,150,13.142404082480935,0.36335478739444177,150,0.0024004391018227333,6.636617121362318e-05,150,nan,nan,0,21.889800192987998,0.053373358654721696,150,8.952053207389332,0.13202146751346808,150,19.9211328479,0.0,150,8.696986301370002,1.4552482250689998e-16,150,0.7383963470320439,0.028615699472905456,150,1.50541491628636,0.03094735620365298,150,0.08490255376342973,0.003290300626135211,150,0.17309615815410867,0.0035584000171099213,150
8,8,4,1.0,6.0,5.0,0.4041591308125,0.0006386083349773977,150,1.2541068925511998,0.0001318874180758221,150,0.9841166845013066,0.015046436163175858,150,0.35671873215637334,0.005052172373370239,150,0.3057730229222733,0.0028580250563767645,150,0.20873223889272133,0.0037229608985855185,150,8.673626506552534,0.2587550881844,150,0.0015842240194619335,4.7261203321366213e-05,150,nan,nan,0,25.675917654756663,0.0526126434146863,150,9.215244305309534,0.14832976992423857,150,23.905359417499998,2.9104964501379997e-16,150,8.696986301370002,1.4552482250689998e-16,150,0.786608219178128,0.034107824607267904,150,1.4007038051750533,0.03362570348577349,150,0.09044606854838466,0.003921798129301712,150,0.161056227598544,0.003866362705488704,150
8,8,4,1.0,7.0,5.0,0.40014546858910666,0.0007060071193249425,150,1.253844371439467,9.22442302284219e-05,150,0.6296650401487,0.008874008545427052,150,0.29480742035158664,0.0054702842748668955,150,0.26988961953128665,0.0032271879552823388,150,0.2522661259033247,0.004846720546888508,150,6.975833602512799,0.291361844187698,150,0.0012741248589063269,5.321677519415386e-05,150,nan,nan,0,29.354346150062003,0.04318459702816248,150,9.0049926884246,0.14275829186966604,150,27.889585986999997,2.9104964501379997e-16,150,8.696986301370002,1.4552482250689998e-16,150,0.753782648401834,0.0313735942791023,150,1.3452395738203466,0.035364568797288,150,0.08667170698923887,0.00360740987647006,150,0.15467881944440734,0.004066301540766171,150
8,8,4,1.0,8.0,5.0,0.3977406966081467,0.0007346314200897929,150,1.2540607828558665,7.94235946259317e-05,150,0.4422623964887599,0.006473583312346783,150,0.2552664799098134,0.005584354180660375,150,0.24588230960514001,0.0035085743205789124,150,0.28512258761785997,0.005905533411479969,150,6.043970441179534,0.24657755659567362,150,0.0011039215417682597,4.503699663853442e-05,150,nan,nan,0,33.222066107774005,0.040877206589793345,150,9.196545476355068,0.1519067144320774,150,31.873812556600004,2.9104964501379997e-16,150,8.696986301370002,1.4552482250689998e-16,150,0.7015111111111793,0.03141418993778466,150,1.3133686453582667,0.03872837701409375,150,0.08066140232973154,0.0036120776610656723,150,0.15101422491034266,0.004453080144320027,150
8,8,4,1.0,9.0,5.0,0.3973049281991867,0.0007004102437088331,150,1.2543714017510001,9.285532660218215e-05,150,0.31349849764268006,0.0032754077301357003,150,0.23592348609811334,0.005819834459935034,150,0.23425881213142663,0.003573539524440803,150,0.29866935518004534,0.006145614196945605,150,5.75277600417,0.2620185335608547,150,0.0010507353432274598,4.7857266403851107e-05,150,nan,nan,0,37.000794210786,0.03462595519963027,150,8.956878689870734,0.14684080198963256,150,35.85803912619999,5.820992900275999e-16,150,8.696986301370002,1.4552482250689998e-16,150,0.7704109589041347,0.03312762369695341,150,1.3626057838661267,0.03631303239426711,150,0.08858366935483081,0.0038090923164652755,150,0.1566756272401087,0.004175358122447534,150
8,8,4,1.0,10.0,5.0,0.3948485082278867,0.0006002572415276534,150,1.2544770473294666,0.0001032410213808734,150,0.24176591934487335,0.0019265401443971078,150,0.21070393194297335,0.004909346438374507,150,0.21898326906633334,0.0032282162083232912,150,0.32248122733528667,0.006364133586765646,150,5.031695576695267,0.1641590954291942,150,0.0009190311555607799,2.9983396425418734e-05,150,nan,nan,0,40.91569164622266,0.0330040887875284,150,9.146186639676799,0.14648586712984224,150,39.8422656958,0.0,150,8.696986301370002,1.4552482250689998e-16,150,0.7083445966515599,0.0310802496352706,150,1.2899263318114467,0.035092595673663574,150,0.08144713261646554,0.003573680417358692,150,0.14831877240138336,0.004035029429461541,150
8,4,4,0.5,1.0,6.0,0.43465545643362663,0.0028440886456936976,150,0.2763878076324866,0.0013824807817671802,150,3.2461770272417336,0.05409398504524233,150,0.3173231475358867,0.006012451132133733,150,0.5406466303679532,0.008351576659465607,150,0.11765875928110134,0.005035628870300575,150,15.905315616177198,0.8432401245705187,150,0.048197926109614334,0.0025552731047570484,150,nan,nan,0,7.810453545652866,0.11481620192979841,150,7.4072425357608,0.12149694555184917,150,2.429137546509999,7.276241125344999e-17,150,5.81818181818,0.0,150,1.052202020201828,0.029797521060825522,150,2.0724444444447685,0.05121534300982233,150,0.18084722222220223,0.005121448932328753,150,0.3562013888888693,0.008802637079813738,150
8,4,4,0.5,2.0,6.0,0.4450947546510332,0.002630855805028608,150,0.2803810738373133,0.0010571486492066623,150,2.692999474796067,0.026043368843563855,150,0.31552334211718003,0.004934700367269461,150,0.5275970678059401,0.006837552401786694,150,0.12968481155814,0.004503494209951174,150,13.883239372248934,0.522083093460104,150,0.04207042234015,0.0015820699801816637,150,nan,nan,0,8.8222106989718,0.08383818142855745,150,7.330195627755469,0.10179905379069808,150,4.858275093019998,1.4552482250689998e-16,150,5.81818181818,0.0,150,0.9503434343435068,0.03100941694361508,150,1.8160404040406533,0.03497124683078837,150,0.16334027777775867,0.005329743537178385,150,0.31213194444446,0.0060106830490412955,150
8,4,4,0.5,3.0,6.0,0.43428738313397997,0.0023797858078594037,150,0.27932134525327995,0.0007536671786251061,150,1.7510348846264667,0.018944162542647146,150,0.28288715943198667,0.0041154955015114646,150,0.47287455467252004,0.0056049683143947005,150,0.16813775368854333,0.00426576355657456,150,10.042623385582667,0.3218229782615263,150,0.030432192077525996,0.0009752211462467088,150,nan,nan,0,10.402149929329534,0.0821864083628892,150,7.353324880104535,0.11681999097372178,150,7.287412639530001,7.276241125344999e-17,150,5.81818181818,0.0,150,0.8244444444445734,0.028777228714347895,150,1.5661414141412002,0.030153529211116074,150,0.14170138888887002,0.004946086185274169,150,0.26918055555554665,0.005182637833160743,150
8,4,4,0.5,4.0,6.0,0.4273917885668333,0.0022426847307816244,150,0.27566731238660663,0.0006844952161314069,150,1.1016553554809665,0.018045819510488694,150,0.24954440388503335,0.0035510409975224072,150,0.42010495217661337,0.005070794509465491,150,0.2134779358690587,0.004917186602761232,150,7.570306496500801,0.24390973346934755,150,0.02294032271666633,0.0007391204044517673,150,nan,nan,0,12.293137487420003,0.07152518695943491,150,7.438403774139868,0.11990748846528246,150,9.716550186029998,1.4552482250689998e-16,150,5.81818181818,0.0,150,0.726383838383944,0.030972704038546104,150,1.3541010101007933,0.034414216657819005,150,0.12484722222224581,0.0053234335066240515,150,0.2327361111111513,0.005914943488063452,150
8,4,4,0.5,5.0,6.0,0.4230611330014067,0.002165514939738372,150,0.2711874729195866,0.0005833321418714832,150,0.6818708650293799,0.015717397352297408,150,0.21406605973768664,0.002901796632657682,150,0.3689257283486467,0.004066370471573146,150,0.26365333913949335,0.004686154994123092,150,5.596714039088867,0.14831369111169335,150,0.016959739512388935,0.0004494354276110114,150,nan,nan,0,14.283705944026002,0.0567780645994036,150,7.428935543411933,0.10984370333287868,150,12.145687732500003,1.4552482250689998e-16,150,5.81818181818,0.0,150,0.579838383838526,0.029696844996320006,150,1.1701414141412931,0.03458317610389682,150,0.09965972222223467,0.005104145233739457,150,0.20111805555555132,0.005943983392856499,150
8,4,4,0.5,6.0,6.0,0.41759695863436,0.0022320573749396856,150,0.26522301819393995,0.00043355201490758355,150,0.39666693784415336,0.009464713200118898,150,0.18336774100382133,0.003250610473727278,150,0.32970821706251335,0.004619903907414976,150,0.3139207403908067,0.006337400861220189,150,4.564039619287933,0.1441011875421904,150,0.013830423088750331,0.000436670265279174,150,nan,nan,0,16.36489055268333,0.047883256374242775,150,7.3467831184101335,0.10839019827900556,150,14.574825279099999,1.4552482250689998e-16,150,5.81818181818,0.0,150,0.45725252525261073,0.02928524880669247,150,0.9961212121211099,0.038054826460521496,150,0.07859027777781473,0.005033402138650441,150,0.1712083333333273,0.006540673297904269,150
8,4,4,0.5,7.0,6.0,0.41295275349663335,0.002089508139892194,150,0.2619719366797067,0.0003251740007212317,150,0.24218456208309339,0.005777715632088375,150,0.1741834365697033,0.0034571249141512293,150,0.31464233437372,0.005036915333855389,150,0.32966076265765326,0.00718346228803568,150,4.442210295771933,0.15110435175218861,150,0.013461243320516732,0.00045789197500638345,150,nan,nan,0,18.590889302647334,0.04404045627619922,150,7.406847510713267,0.11333912851600171,150,17.0039628256,0.0,150,5.81818181818,0.0,150,0.54585858585863,0.03329124695539881,150,0.9930101010102521,0.03956453050473405,150,0.09381944444451847,0.005721933070462612,150,0.17067361111112533,0.006800153680498245,150
8,4,4,0.5,8.0,6.0,0.40746404722500007,0.002095451871014974,150,0.26014649557707337,0.0002251924845037884,150,0.14976577288688867,0.0036090474548037092,150,0.16657939840709465,0.0035802325383286313,150,0.30637799821550665,0.0050875567946337755,150,0.33525985855024004,0.007333517163444823,150,4.344479837293133,0.15432762663786123,150,0.013165090416038533,0.00046765947465973577,150,nan,nan,0,20.767490662604,0.041182026444828296,150,7.201573993128801,0.11681765484762195,150,19.433100372099997,2.9104964501379997e-16,150,5.81818181818,0.0,150,0.5603232323232008,0.031319122854159935,150,1.0677575757576205,0.04096465798830686,150,0.096305555555622,0.0053829742405648705,150,0.18352083333338734,0.007040800591732803,150
8,4,4,0.5,9.0,6.0,0.40639947651452,0.0021029315865189885,150,0.25989408622116,0.0001948425613575691,150,0.11429777942575935,0.0026102837035004013,150,0.14456089700650934,0.0032628256502596205,150,0.2730451810607867,0.004765716904941784,150,0.3840249752674,0.008186672919639803,150,3.5994328542443994,0.10561686744759874,150,0.010907372285587398,0.00032005111347749857,150,nan,nan,0,23.184577245085336,0.0338833681617111,150,7.6272429352728,0.10243363358631198,150,21.862237918599998,2.9104964501379997e-16,150,5.81818181818,0.0,150,0.4792727272726834,0.030574260101503152,150,0.8846868686870425,0.03634229580415143,150,0.08237500000008202,0.005254950954953372,150,0.15205555555564867,0.006246332091334768,150
8,4,4,0.5,10.0,6.0,0.40868309022121996,0.0021482859063943834,150,0.2611516855799933,0.00018880739347523166,150,0.07790816378370934,0.0016741948471620145,150,0.15441701195208335,0.0037865131034044847,150,0.28835649972064,0.005490430345930568,150,0.35713342567124,0.008006150120840749,150,4.074780239090999,0.15424522476246655,150,0.012347818906337134,0.00046740977200747635,150,nan,nan,0,25.416810809679333,0.03346887896957042,150,7.351996291596066,0.11753637137042434,150,24.291375465099996,2.9104964501379997e-16,150,5.81818181818,0.0,150,0.5362424242424687,0.02942114327234031,150,1.0566464646464366,0.038047946567293066,150,0.09216666666674067,0.005056758999937054,150,0.18161111111117667,0.006539490816248575,150
8,5,4,0.625,1.0,6.0,0.4436711196261467,0.003057943899682253,150,0.46960252280783993,0.001473003811281699,150,5.6866332868560665,0.07797997022177099,150,0.44071396568947335,0.009218486493318646,150,0.5717609450213333,0.009233654048158626,150,0.0781391777890552,0.004085035773578588,150,32.88295239534521,2.338528229133321,150,0.0419425413206028,0.002982816618795303,150,nan,nan,0,9.111308037514933,0.12424723922812339,150,8.579130425487733,0.13315549405576824,150,3.0121083869699996,3.6381205626724996e-17,150,6.693877551020002,1.4552482250689998e-16,150,1.2687074829934932,0.03744164957687297,150,2.4516836734692,0.06121205316433371,150,0.18953252032516732,0.005593417162396015,150,0.36625762195125994,0.009144483551988465,150
8,5,4,0.625,2.0,6.0,0.44345114084730664,0.002580855652349096,150,0.47528046835921334,0.00117286794778339,150,4.560111346680533,0.038942476738342946,150,0.42545862256836003,0.0068388996645109695,150,0.5397566010044267,0.006963951334130083,150,0.09450157489923335,0.0035380841980404577,150,23.368930263291997,1.1106510620038104,150,0.029807309009294798,0.0014166467627596982,150,nan,nan,0,10.520241261180534,0.09951531836028978,150,8.578130678549867,0.12358063979975524,150,6.024216773939999,7.276241125344999e-17,150,6.693877551020002,1.4552482250689998e-16,150,1.03957482993218,0.026262752133997095,150,2.0199829931969466,0.032406322351133346,150,0.15530233739839133,0.003923398946845987,150,0.3017657520325133,0.004841188400016598,150
8,5,4,0.625,3.0,6.0,0.4430686141844933,0.0021348932627618575,150,0.4714334320992733,0.0006304115092436495,150,2.6567169834084,0.025297493614616043,150,0.39126649928898,0.004867579309367584,150,0.4964438429255199,0.004907174831244477,150,0.12106907839598333,0.0029580242480399424,150,16.718896030590265,0.5512094115310222,150,0.021325122488,0.0007030732289939422,150,nan,nan,0,12.323157085719068,0.07948917615187139,150,8.305079509342734,0.1207399815512145,150,9.03632516092,0.0,150,6.693877551020002,1.4552482250689998e-16,150,0.8603911564626533,0.02796289105590196,150,1.7220748299317332,0.027563781925362095,150,0.12853404471549265,0.004177383115062629,150,0.2572611788617867,0.004117760104703402,150
8,5,4,0.625,4.0,6.0,0.4269020386782801,0.0017878581835995848,150,0.4687977192819466,0.0003231660152569756,150,1.65478336852488,0.024310752402105104,150,0.3221231431292933,0.004073335835735444,150,0.4182111218379333,0.004193381326770322,150,0.17788964859784065,0.0035023584633211207,150,10.281137153781067,0.33097272464405014,150,0.013113695349204268,0.0004221590875558389,150,nan,nan,0,14.733607233516,0.0723576267624188,150,8.371951743336934,0.13222320607303348,150,12.048433547900002,1.4552482250689998e-16,150,6.693877551020002,1.4552482250689998e-16,150,0.77428571428569,0.03297367056688245,150,1.4481632653060532,0.032115744977892914,150,0.11567073170736893,0.004925944688348412,150,0.21634146341465532,0.004797778975353345,150
8,5,4,0.625,5.0,6.0,0.41742637441620006,0.001415358261592866,150,0.46860078053996007,0.00030578269703209117,150,1.0407529850748933,0.017880671036415864,150,0.2605359362320133,0.0030610866116853497,150,0.35240190255163334,0.003247259608021287,150,0.24139925991528666,0.00387213138307991,150,6.847057980017999,0.17823533900158087,150,0.008733492321452067,0.00022734099362452237,150,nan,nan,0,17.372540333662002,0.06120685783884617,150,8.549920586552002,0.12802809764245374,150,15.060541934899996,2.9104964501379997e-16,150,6.693877551020002,1.4552482250689998e-16,150,0.6289795918365712,0.03142819306086537,150,1.2384013605442799,0.0337492574300941,150,0.09396341463417897,0.004695065426780739,150,0.18500508130078666,0.005041809799006098,150
8,5,4,0.625,6.0,6.0,0.4099194515257534,0.0015232541343889626,150,0.4679763147777667,0.00026810253927772495,150,0.6125380913227599,0.012553427298297497,150,0.22376738181241337,0.003545008200783393,150,0.31466089336493996,0.003977023178592663,150,0.28543668860574,0.005566689404566141,150,5.6830515833267325,0.18570296290668808,150,0.0072487902848538,0.00023686602411521085,150,nan,nan,0,19.997063432934002,0.05995963887591137,150,8.401577554150332,0.14680099923143028,150,18.0726503218,0.0,150,6.693877551020002,1.4552482250689998e-16,150,0.5641496598637762,0.02968276653667614,150,1.1646258503406306,0.03939988564441219,150,0.0842784552845896,0.004434315732618951,150,0.1739837398373707,0.005885958526139628,150
8,5,4,0.625,7.0,6.0,0.4062802661661001,0.0014619501489758593,150,0.46737831937636676,0.00024226425556462655,150,0.38722070643640666,0.0072189379500871365,150,0.19447255339039332,0.003577536060328359,150,0.2831937260252067,0.004117192580843933,150,0.32589827872233335,0.006679931474495809,150,4.847960585330267,0.168316134909964,150,0.006183623195574867,0.00021468894758916695,150,nan,nan,0,22.74238325882533,0.04711493386393034,150,8.391729936185667,0.1310404387840196,150,21.084758708800003,2.9104964501379997e-16,150,6.693877551020002,1.4552482250689998e-16,150,0.5794727891153527,0.032785779645602656,150,1.0995068027209263,0.03880003868375932,150,0.08656758130083546,0.004897875617795409,150,0.16425558943092666,0.005796347242382432,150
8,5,4,0.625,8.0,6.0,0.40346253142476,0.0013901316772203622,150,0.46672721277758666,0.0001948995001690314,150,0.26014079990963995,0.005114540974398215,150,0.170151145974924,0.003466305607099221,150,0.25845428579830665,0.004078987913952772,150,0.3615918986792,0.007229844566403344,150,4.1953157424036,0.14433846795491118,150,0.005351168038782001,0.00018410518871861238,150,nan,nan,0,25.546743496222668,0.043066521168473516,150,8.334197899344133,0.1369514406278036,150,24.096867095800004,2.9104964501379997e-16,150,6.693877551020002,1.4552482250689998e-16,150,0.5024659863943531,0.029770050769768363,150,1.0050850340134738,0.0381388167702108,150,0.07506351626019503,0.004447355145491626,150,0.1501498983740073,0.005697567139444888,150
8,5,4,0.625,9.0,6.0,0.4023165320458266,0.0012677342002746076,150,0.46566601080895337,0.00014723353548305355,150,0.18297567431772666,0.003811020961708848,150,0.156393504658782,0.0036038465208355548,150,0.24453153505907332,0.004313962476876681,150,0.3831697152626067,0.008100056799556724,150,3.9680716571756665,0.1445506956007767,150,0.005061315889253466,0.0001843758872456545,150,nan,nan,0,28.362953529257332,0.03918825392369668,150,8.189389940677799,0.13519301999775044,150,27.1089754827,0.0,150,6.693877551020002,1.4552482250689998e-16,150,0.48573129251687136,0.029088691398354186,150,0.9633333333333675,0.04009706270349836,150,0.07256351626019103,0.004345566702809108,150,0.14391260162608124,0.005990109977044696,150
8,5,4,0.625,10.0,6.0,0.40319417763742665,0.0015693591473584425,150,0.46518972047400664,0.00011126526829514279,150,0.1376006311216453,0.0024100872118625644,150,0.15455369413559733,0.0041481642197623535,150,0.24133597669408668,0.004614914683758859,150,0.38261688647954334,0.008252409865641703,150,4.097856325201134,0.19331206912380197,150,0.005226857557654533,0.0002465715167394977,150,nan,nan,0,31.326228425306667,0.034824681110733016,150,8.456841228216133,0.13499767117527767,150,30.1210838697,0.0,150,6.693877551020002,1.4552482250689998e-16,150,0.576411564625489,0.03506493127235816,150,1.0855782312924074,0.04332821690670533,150,0.08611026422766248,0.005238358635208306,150,0.16217479674801727,0.0064728128915440795,150
8,6,4,0.75,1.0,6.0,0.4599290625424666,0.0031751865136346374,150,0.6947130178777733,0.0016082954377303557,150,8.2885534358152,0.09492702172215411,150,0.6154672808366202,0.011235960399936108,150,0.6357792160179534,0.008803374090631541,150,0.040975855748403935,0.0026065840552617304,150,77.83562962317966,5.272677057130728,150,0.047115998561239596,0.0031916931338558867,150,nan,nan,0,10.011186811704869,0.14235402922975182,150,9.389168122892,0.15319691581735423,150,3.4043933611799995,3.6381205626724996e-17,150,7.457627118639997,2.1828723376035e-16,150,1.5284907183214,0.03893737104142722,150,2.9545117029863337,0.06390696795929936,150,0.204956709956732,0.005221147480559729,150,0.39617316017314663,0.008569343430903088,150
8,6,4,0.75,2.0,6.0,0.4591662391031533,0.0026591595433314743,150,0.7077219571973601,0.0012216070808056957,150,6.6221802248524,0.04770228923682277,150,0.5873870775591666,0.008642464268784683,150,0.5874380436285733,0.006654721069776459,150,0.057552743145865864,0.0025210899437330485,150,47.38242947612606,2.305444840948932,150,0.028681858036390662,0.0013955477245442575,150,nan,nan,0,11.624290049829867,0.11178593409341357,150,9.3648954289152,0.14011486902224513,150,6.808786722349999,7.276241125344999e-17,150,7.457627118639997,2.1828723376035e-16,150,1.1832364810331333,0.02864006171315934,150,2.332389023406334,0.03243369149224148,150,0.15866125541121798,0.003840371911536744,150,0.31275216450218,0.004349063177368713,150
8,6,4,0.75,3.0,6.0,0.44077406923878,0.00206294830676046,150,0.7094359399670667,0.0008429907806316536,150,3.8809393692749334,0.0404960487337407,150,0.4841134922960267,0.0068768963485538945,150,0.4936658837229265,0.00536781630999022,150,0.10150184667401867,0.0029357048851745915,150,24.03903899408353,0.9795854667132698,150,0.014551476388668399,0.0005929694108433233,150,nan,nan,0,14.054608746986002,0.09948272707069701,150,9.556874126716465,0.15025172777389528,150,10.213180083499998,1.4552482250689998e-16,150,7.457627118639997,2.1828723376035e-16,150,0.9799031476997466,0.029188949118015634,150,1.8542372881353337,0.02838390158805453,150,0.13139610389610865,0.003913972722642308,150,0.24863636363636668,0.0038060231674867887,150
8,6,4,0.75,4.0,6.0,0.42366043097764,0.0014393266954063606,150,0.7059626036408334,0.00047317392154569665,150,2.2593142101498667,0.03200662085689685,150,0.38994079456879327,0.005364997310558608,150,0.41202180343723327,0.003950393391203248,150,0.15677823084453735,0.003212329189002136,150,13.2872736206626,0.42615792181259987,150,0.008043143838175266,0.0002579648437123359,150,nan,nan,0,16.688855411877334,0.08466112523609783,150,9.515462072177867,0.15551448285497968,150,13.617573444699998,1.4552482250689998e-16,150,7.457627118639997,2.1828723376035e-16,150,0.796198547215526,0.034061021669969986,150,1.5526876513318533,0.03359549579772855,150,0.1067629870129948,0.00456727336029073,150,0.20820129870131399,0.004504850572879012,150
8,6,4,0.75,5.0,6.0,0.4143435835086933,0.0009924627479232825,150,0.7030188880957201,0.00024324224168010766,150,1.3980910890165532,0.02556508277438671,150,0.30755652268255335,0.003632348133587777,150,0.34147062210566,0.002886517089118703,150,0.2189391037558067,0.0034148151067809698,150,7.9793232952940665,0.19522245489982673,150,0.004830098847030733,0.00011817339884978613,150,nan,nan,0,19.579038921942672,0.06394179387440012,150,9.568996024902933,0.13298131874949565,150,17.021966805900007,5.820992900275999e-16,150,7.457627118639997,2.1828723376035e-16,150,0.6919693301049463,0.029806429051629623,150,1.3378288942696535,0.03245908668925305,150,0.09278679653678183,0.003996771168285496,150,0.179390692640672,0.0043524684424244,150
8,6,4,0.75,6.0,6.0,0.40451156226047336,0.001160765497904186,150,0.7019670377595133,0.00013911005215133668,150,0.8120716676082868,0.014389113606407261,150,0.25247066994662,0.003765364530900603,150,0.29440634117558007,0.0031181125005972908,150,0.27606852014798666,0.004393364040881351,150,5.889157993705667,0.20986799012060897,150,0.0035648656136229324,0.00012703873493977736,150,nan,nan,0,22.55905581493,0.061735787616737196,150,9.426245985503265,0.15080502147767158,150,20.4263601671,0.0,150,7.457627118639997,2.1828723376035e-16,150,0.5954479418884858,0.030971902089405014,150,1.1591283292974868,0.0368226454142738,150,0.07984415584413154,0.004153050507445382,150,0.15542857142855135,0.004937581998733809,150
8,6,4,0.75,7.0,6.0,0.4001195141969533,0.001052153721847668,150,0.7024998963451666,0.00016123828003540574,150,0.5078215773941933,0.008819534196144114,150,0.21078879746175333,0.0035386089482592697,150,0.25923619131318,0.003141443572695209,150,0.32498208526524,0.005425512298739648,150,4.6764407741688,0.1290551503955388,150,0.0028307752870266665,7.812055108687883e-05,150,nan,nan,0,25.663866732856,0.05247783514900865,150,9.379896620955266,0.1455633788588487,150,23.8307535282,0.0,150,7.457627118639997,2.1828723376035e-16,150,0.5675221953187808,0.029644647954727835,150,1.0605649717516668,0.03707078272604905,150,0.07609956709957376,0.003975077793929808,150,0.14221212121209933,0.0049708549564439035,150
8,6,4,0.75,8.0,6.0,0.39907364425812664,0.0010095624743819307,150,0.7041944571753066,0.00016382107307895974,150,0.34402179054875326,0.00629338516890922,150,0.18940255653217333,0.004079604442695086,150,0.24081580908328,0.0035667373262952998,150,0.3524502038654467,0.0062209127753929255,150,4.348095747898001,0.16571849780833225,150,0.0026320192178556,0.00010031386065870652,150,nan,nan,0,28.83346272656534,0.05049164704482124,150,9.287951234961467,0.15820236233780996,150,27.235146889399996,2.9104964501379997e-16,150,7.457627118639997,2.1828723376035e-16,150,0.559370460048405,0.03181078140038428,150,1.0823244552057345,0.03712199747087654,150,0.07500649350651169,0.0042655365968709575,150,0.145129870129914,0.004977722388145075,150
8,6,4,0.75,9.0,6.0,0.3971637670111933,0.0010942468173150888,150,0.7051661568657267,0.00013521097806284458,150,0.24776885640578664,0.0042370957711872145,150,0.17058266299899733,0.004008444511496647,150,0.22410296826252665,0.003529532162227047,150,0.37760961161521334,0.007139117323187637,150,3.951215322284067,0.12830679251374405,150,0.0023917768294697333,7.766754994779925e-05,150,nan,nan,0,32.12108181577333,0.0435317744991119,150,9.486460338274867,0.14818584811109875,150,30.639540250599996,2.9104964501379997e-16,150,7.457627118639997,2.1828723376035e-16,150,0.5955125100884804,0.03206413398529688,150,1.083276836157968,0.039496450243424415,150,0.07985281385283625,0.004299508875308403,150,0.14525757575763265,0.005296114919005472,150
8,6,4,0.75,10.0,6.0,0.39601172544409335,0.0010427652796925143,150,0.7058692782163,0.00010283485452861386,150,0.18375787253898665,0.002848879721637712,150,0.15440820211258333,0.0039658724853928636,150,0.21012492836298002,0.0035854207274870326,150,0.40354676397366,0.007373516044438174,150,3.6545367818628005,0.13095623513908713,150,0.0022121893352678667,7.927132877668645e-05,150,nan,nan,0,35.399315258745325,0.038525862380148435,150,9.545404920862598,0.14719985936915972,150,34.043933611800014,1.1641985800551999e-15,150,7.457627118639997,2.1828723376035e-16,150,0.5326553672315443,0.03153797319107267,150,1.0186117836962987,0.039147920432461555,150,0.07142424242426136,0.004228955496078948,150,0.13658658008663932,0.005249380239810137,150
8,7,4,0.875,1.0,6.0,0.46729081478707335,0.003292316534030374,150,0.9442551658146666,0.0013590545241292835,150,10.593008600672201,0.10028680741811995,150,0.7639041118818133,0.014045090304229187,150,0.6611684717613734,0.009256963007535934,150,0.028117646540376604,0.002090175092912565,150,151.50349225953732,11.151095020231326,150,0.0481881336703346,0.00354678594791006,150,nan,nan,0,11.133196095567866,0.14736883523333807,150,10.473570930896466,0.15801620276210104,150,3.7105103144900013,1.09143616880175e-16,150,8.122137404580002,1.4552482250689998e-16,150,1.70076759966086,0.039611830043340054,150,3.2842917726889334,0.06576820657214082,150,0.20939901837930264,0.0048770204282696066,150,0.40436299081036003,0.00809740137307588,150
8,7,4,0.875,2.0,6.0,0.47146773157190003,0.002568132984765795,150,0.9634566367335867,0.0013236284287167686,150,8.574716399305467,0.05889267836620826,150,0.7608978093308734,0.010651916440508726,150,0.6286355282813001,0.006638623723428517,150,0.035487850374544,0.0018118335456488424,150,92.791684320856,4.473253847511978,150,0.02951389450408667,0.0014227906639660763,150,nan,nan,0,12.676647869322535,0.12730388248193186,150,10.2102579910586,0.15951312833902592,150,7.421020628980003,2.1828723376035e-16,150,8.122137404580002,1.4552482250689998e-16,150,1.31875742154384,0.026600195391198272,150,2.6329134860048,0.02909410077020737,150,0.16236581035919934,0.003275024056623377,150,0.3241651002506534,0.0035820744369384873,150
8,7,4,0.875,3.0,6.0,0.4518970639300533,0.0019840530464942416,150,0.9698815659460399,0.0007845246416124146,150,5.0671920221406,0.056190642248866954,150,0.6397619024678933,0.007934377882836465,150,0.5314931812683067,0.0050323816628333766,150,0.06857828429092533,0.0021011164065022282,150,41.86237728434867,1.6984776528732501,150,0.013315005497562598,0.0005402282610912902,150,nan,nan,0,15.053486984965335,0.11202448447144188,150,10.002293711083269,0.17418040214582212,150,11.131530943499998,1.4552482250689998e-16,150,8.122137404580002,1.4552482250689998e-16,150,1.0545674300253867,0.030701476142724542,150,2.0869211195926667,0.025261015271159735,150,0.12983865914784465,0.003779974976217114,150,0.2569423558896934,0.0031101437974799997,150
8,7,4,0.875,4.0,6.0,0.42874791209619334,0.0012984688959704314,150,0.9703993744308999,0.0006032083191089922,150,2.8492680840692666,0.0434394428197193,150,0.5026291368383801,0.0055798101956515255,150,0.4323448391667866,0.0035150019226748755,150,0.11962192837256334,0.002343308828162465,150,18.96174908442027,0.5235779473293813,150,0.006031090675706266,0.0001665324259955515,150,nan,nan,0,17.945632156522,0.08869792578149224,150,9.941153823872934,0.16598731308573889,150,14.842041258000002,1.4552482250689998e-16,150,8.122137404580002,1.4552482250689998e-16,150,0.924770992366468,0.03131569005490844,150,1.7460093299407466,0.029125166278664585,150,0.11385808270675066,0.0038555971778105724,150,0.21496919381788668,0.003585899231671732,150
8,7,4,0.875,5.0,6.0,0.41056325105181335,0.0008357886459229193,150,0.9676340733477199,0.0004747567415429957,150,1.7205689092964134,0.03130135810739174,150,0.36094113120406,0.005108135310381616,150,0.3371901938843667,0.003191646219809398,150,0.19915663855695398,0.003508204915288552,150,9.213814321365465,0.27090295211638293,150,0.0029306025195186,8.616506110571107e-05,150,nan,nan,0,21.315547046718663,0.07464221390272723,150,10.356446957818001,0.15820999587564452,150,18.5525515725,0.0,150,8.122137404580002,1.4552482250689998e-16,150,0.7129813401188314,0.032470052423423705,150,1.36510178117068,0.0333026011953915,150,0.08778247702586374,0.003997722619795624,150,0.16807174185465398,0.004100226274997912,150
8,7,4,0.875,6.0,6.0,0.4015831540530133,0.0007181060524489665,150,0.9641422873919934,0.0003643287593231109,150,0.9813234203378,0.01803654832753546,150,0.28062843073575333,0.003964261514750395,150,0.28306811439733326,0.0026590730054593154,150,0.25937364387506,0.003968586972150412,150,6.1193161273206,0.16350577437170702,150,0.001946347368740533,5.200565342620595e-05,150,nan,nan,0,24.614751248070668,0.06134285352979422,150,10.367303302544,0.14931062081184648,150,22.263061886999996,2.9104964501379997e-16,150,8.122137404580002,1.4552482250689998e-16,150,0.604279050042566,0.02986651203420535,150,1.2090161153518402,0.032817979446206166,150,0.0743990183792992,0.003677173944061068,150,0.14885442773600266,0.004040559499485968,150
8,7,4,0.875,7.0,6.0,0.39855378405010006,0.0006980495450799388,150,0.9609622005282068,0.00025567658462783045,150,0.5943209599764333,0.009360792324798233,150,0.23944021399954665,0.004057516233970886,150,0.25331532300195336,0.002818490866803989,150,0.2985163559050067,0.005222901072622531,150,5.041843277882867,0.12784165710033582,150,0.0016036397194281668,4.0662104675692015e-05,150,nan,nan,0,27.820390409560666,0.0519115218432373,150,9.822897724493734,0.1479133620865382,150,25.9735722014,0.0,150,8.122137404580002,1.4552482250689998e-16,150,0.5903053435114822,0.02992402534424175,150,1.1403774385071335,0.033745413662953236,150,0.07267857142857247,0.0036842550000894016,150,0.14040361319967734,0.004154745479174774,150
8,7,4,0.875,8.0,6.0,0.39531978102674,0.0007136350142220128,150,0.9601782042192069,0.00015053462039944963,150,0.41418665981736,0.006155584173298781,150,0.20197925201123332,0.0037235386460679437,150,0.22639497923013996,0.002769983229173861,150,0.33843947150969994,0.005788959999214725,150,4.259342258861733,0.10622996541371223,150,0.0013547526268645666,3.378815693820161e-05,150,nan,nan,0,31.417922242099326,0.04885131578287431,150,10.139926552368733,0.1527939771178035,150,29.684082515900002,2.9104964501379997e-16,150,8.122137404580002,1.4552482250689998e-16,150,0.5916878710771977,0.02759580170179667,150,1.1117811704836598,0.034442427319039175,150,0.07284878863827533,0.003397603405014563,150,0.136882832080154,0.004240562010142852,150
8,7,4,0.875,9.0,6.0,0.39479719556902665,0.000729480049346861,150,0.9601938697818401,0.00012588822258903477,150,0.2949111907593134,0.0047502309040639455,150,0.18353714059293802,0.004271868426200686,150,0.21175912653186668,0.0031781989327320905,150,0.36355008345954,0.007015797206468041,150,3.987974597673066,0.11504958564530321,150,0.0012684397575296869,3.659337965818369e-05,150,nan,nan,0,34.956940398128005,0.04557757948181582,150,10.161591890279533,0.160544835585085,150,33.39459283040001,5.820992900275999e-16,150,8.122137404580002,1.4552482250689998e-16,150,0.5934266327395815,0.032310731240842876,150,1.1052459711620133,0.040481577754223744,150,0.07306286549707261,0.0039781069478833355,150,0.13607821637421733,0.004984104028006413,150
8,7,4,0.875,10.0,6.0,0.39271985907001333,0.0006945202763251995,150,0.9607545528002466,0.00010359713441355271,150,0.22349366386658,0.0029088343637051345,150,0.1750899267666587,0.0044168657966496185,150,0.20426616011824666,0.0032625148818458526,150,0.37188882610022667,0.00704358674094112,150,3.9156752506075336,0.12292248497252904,150,0.0012454437819998468,3.9097482497620995e-05,150,nan,nan,0,38.503773161952665,0.04185596891764309,150,10.098662579489533,0.16445800378249112,150,37.105103144900006,5.820992900275999e-16,150,8.122137404580002,1.4552482250689998e-16,150,0.6516030534352434,0.030374800603812313,150,1.1791687871077734,0.03720069379698019,150,0.08022556390978505,0.0037397545856192697,150,0.14517961570590535,0.00458016060845895,150
8,8,4,1.0,1.0,6.0,0.4804309953246532,0.003251508170823681,150,1.2155608400699334,0.0011800672263878639,150,12.716245717496601,0.1003658230102529,150,0.9383756893380333,0.015187729320348054,150,0.7029759894882933,0.00893364354697046,150,0.016681355787820654,0.0017356379041110937,150,302.33972674373325,21.354781472940445,150,0.05522186789841033,0.0039004167073874415,150,nan,nan,0,11.504507791665201,0.17272410766624954,150,10.759589806489867,0.18602291759612505,150,3.9842265695800005,3.6381205626724996e-17,150,8.696986301370002,1.4552482250689998e-16,150,1.90402435312008,0.0404041190157572,150,3.6226362252657798,0.06561295700792344,150,0.2189292114695573,0.004645760912529597,150,0.41653925851252005,0.007544332569270379,150
8,8,4,1.0,2.0,6.0,0.48177171169039334,0.002646696051027559,150,1.2360682223784003,0.0012500614233051607,150,10.251755087895466,0.06119681497388448,150,0.9273493832361868,0.01249795334467662,150,0.6606892120124066,0.00670039704757212,150,0.0231301813965448,0.0014260123842203835,150,168.1571805926793,8.426140803463745,150,0.030713640290897928,0.001539021151317936,150,nan,nan,0,13.475717639343536,0.1287381549433422,150,10.799908690207733,0.1624094195828391,150,7.968453139150001,7.276241125344999e-17,150,8.696986301370002,1.4552482250689998e-16,150,1.4601424657533932,0.021533287681870607,150,2.816720852358867,0.030460700780035568,150,0.16789062500002003,0.002475948211909659,150,0.32387320788533996,0.003502443228556084,150
8,8,4,1.0,3.0,6.0,0.4588260708455067,0.0019671206535145725,150,1.2504192239903333,0.0009130672071177302,150,6.460386595179733,0.0631865993412419,150,0.7841282799454533,0.009913280789855636,150,0.5539919120972866,0.005119591861029889,150,0.05100931545819,0.0017434685121309986,150,63.894260453012,2.5477119524520577,150,0.011670184557626534,0.00046533551642921297,150,nan,nan,0,16.219654027875336,0.11874303102643131,150,10.834990655478533,0.18161261718905528,150,11.952679708700002,1.4552482250689998e-16,150,8.696986301370002,1.4552482250689998e-16,150,1.1162739726025734,0.02468347045068759,150,2.1740566210048002,0.020067336461424605,150,0.128351814516154,0.0028381636575445976,150,0.24997815860209996,0.002307389682592769,150
8,8,4,1.0,4.0,6.0,0.42968986231772666,0.0011989305062735255,150,1.2546192003813332,0.0004667344305031278,150,3.7464237977807335,0.05701455301033936,150,0.5905051884939867,0.006740796637394159,150,0.4372917259890933,0.0035647231735106352,150,0.10213460012497932,0.002042900137350456,150,24.15434126838467,0.8475195601855937,150,0.004411751829841533,0.00015479809318450193,150,nan,nan,0,19.464395544921334,0.09286602867472245,150,11.033473339546134,0.17233432982921196,150,15.936906278300002,1.4552482250689998e-16,150,8.696986301370002,1.4552482250689998e-16,150,0.9800231354641267,0.031166426377029786,150,1.7998149162862667,0.023257448768285362,150,0.11268537186381465,0.0035835892224118575,150,0.20694696460574666,0.0026741963207047447,150
8,8,4,1.0,5.0,6.0,0.41131220799178664,0.0007449870374021701,150,1.2555167298257333,0.00029605394622758934,150,2.0867776214274665,0.0429698644010169,150,0.4326022643187933,0.005193488751798343,150,0.3474650317124,0.0028224032549491996,150,0.16793543898753935,0.002674094305985587,150,11.624312368275268,0.34106274036126805,150,0.0021231620763976665,6.229456444957506e-05,150,nan,nan,0,22.802004298358,0.08460842342929671,150,10.919862836563867,0.18140190319685867,150,19.9211328479,0.0,150,8.696986301370002,1.4552482250689998e-16,150,0.7785059360731074,0.02858000163729874,150,1.4850824961947402,0.02730633757305213,150,0.08951444892473406,0.0032861960047929272,150,0.17075828853050334,0.003139747106275219,150
8,8,4,1.0,6.0,6.0,0.40160567818483334,0.000643891015757308,150,1.2551846276422,0.00019347964251400932,150,1.17790495207132,0.020890766086973597,150,0.32346217599529997,0.004685693901564605,150,0.2847930695313467,0.0027086493118893247,150,0.23634575366361996,0.003873259523841168,150,7.181421689758733,0.2148288310134958,150,0.00131167519447662,3.923814265084826e-05,150,nan,nan,0,26.362314178806,0.06489286879540916,150,10.969750453562199,0.1596436163019625,150,23.905359417499998,2.9104964501379997e-16,150,8.696986301370002,1.4552482250689998e-16,150,0.6504377473364357,0.030649108502533457,150,1.2820407914768732,0.03328430808137003,150,0.07478886648745371,0.0035241067929119205,150,0.147412074372746,0.003827108256580362,150
8,8,4,1.0,7.0,6.0,0.39789478753804675,0.0006288402997677987,150,1.2547502639088668,0.00014816143522107595,150,0.7330982014652401,0.012470701702714283,150,0.26230844775738665,0.0051023915750430925,150,0.24809286671418002,0.0031900443119328224,150,0.2869547370711266,0.005386042204324539,150,5.748211106109334,0.24573740795027174,150,0.0010499015718920732,4.488354483106537e-05,150,nan,nan,0,30.076265291654007,0.06654280160477351,150,11.048558154592934,0.18934457408713157,150,27.889585986999997,2.9104964501379997e-16,150,8.696986301370002,1.4552482250689998e-16,150,0.6160170471843174,0.03136044531283689,150,1.1949686453578068,0.03668763043283854,150,0.07083109318995807,0.0036058979773120063,150,0.13740031362004462,0.004218430288554626,150
8,8,4,1.0,8.0,6.0,0.3943957524022267,0.000604691314289472,150,1.2542990162090666,8.99900138573476e-05,150,0.4925275314755599,0.007630331663628915,150,0.22438189929956007,0.00451991937383322,150,0.22454980432530003,0.002873488522357822,150,0.3199024434058933,0.0053729853525100926,150,4.856373235099467,0.1888127250280268,150,0.0008870088100639265,3.4486342470912416e-05,150,nan,nan,0,33.80967139181133,0.055168877788611945,150,11.1001630887872,0.17172299543361938,150,31.873812556600004,2.9104964501379997e-16,150,8.696986301370002,1.4552482250689998e-16,150,0.6353242009133253,0.02946671329680957,150,1.1496596651447797,0.03467203594617295,150,0.07305107526882353,0.0033881522030413517,150,0.13219058019712535,0.0039866724799470935,150
8,8,4,1.0,9.0,6.0,0.39379990762965333,0.0005363357125468881,150,1.2545285825477333,7.74686180225009e-05,150,0.35328636765823335,0.0052040955170536045,150,0.2027419662341,0.004412326661440361,150,0.21009262754659333,0.002993591957812808,150,0.3440227288148866,0.006357858910036871,150,4.4314638079355335,0.13991917490838018,150,0.0008093997822713533,2.5556013681914384e-05,150,nan,nan,0,37.49312225828133,0.048959219714707895,150,10.763540670706933,0.17259551782946145,150,35.85803912619999,5.820992900275999e-16,150,8.696986301370002,1.4552482250689998e-16,150,0.6204493150683252,0.03036534475246461,150,1.1089509893453602,0.034222802019425014,150,0.07134072580643554,0.0034914789675695615,150,0.12750980062723888,0.003935018503369057,150
8,8,4,1.0,10.0,6.0,0.39303743889483994,0.000571762976676054,150,1.2548024556054,7.716596146725608e-05,150,0.2663001103441933,0.0033878469079314188,150,0.1858227844983567,0.0047850649223327305,150,0.19833509194627336,0.003259398745913544,150,0.36488670651223337,0.007091036600492104,150,4.2073602084126,0.15382656931495636,150,0.0007684676179749133,2.809617704386406e-05,150,nan,nan,0,41.34656571280733,0.046187022091548215,150,10.855033381738066,0.17605794622024235,150,39.8422656958,0.0,150,8.696986301370002,1.4552482250689998e-16,150,0.6270490106545717,0.03160901975443079,150,1.1422782343988067,0.03683938252686114,150,0.07209957437274457,0.003634479652960248,150,0.13134184587809136,0.004235879102287547,150
8,4,4,0.5,1.0,7.0,0.42399061002367994,0.0028143555612158617,150,0.27659786983504,0.001248716301194258,150,3.075005459155467,0.05037435205768204,150,0.2823076561166267,0.006090769428765047,150,0.48774035468450666,0.008241074906647236,150,0.15267827733452732,0.005864401056228741,150,12.072469700278132,0.7125673277928796,150,0.036583241515989136,0.0021592949327038113,150,nan,nan,0,8.9309358576364,0.12309289958143817,150,8.581738134012467,0.12881244103100065,150,2.429137546509999,7.276241125344999e-17,150,5.81818181818,0.0,150,0.95393939393944,0.031673387580321115,150,1.85648484848468,0.054866755910480416,150,0.16395833333331467,0.0054438634903656935,150,0.319083333333336,0.00943022367211244,150
8,4,4,0.5,2.0,7.0,0.42885097241748005,0.0027818508238685725,150,0.2817177646743467,0.0011457434677494065,150,2.6914010470186,0.02661090353353071,150,0.2840333685369067,0.005447760656051499,150,0.47969646838956675,0.007457557562060761,150,0.16241472038945465,0.005397158647012265,150,11.048112823496467,0.5331998271130464,150,0.033479129768165666,0.0016157570518553108,150,nan,nan,0,9.790607527406268,0.11224471860282859,150,8.455846608512868,0.13283308547422634,150,4.858275093019998,1.4552482250689998e-16,150,5.81818181818,0.0,150,0.8624646464645868,0.02980205214218278,150,1.6471515151513336,0.03459095797506453,150,0.14823611111111065,0.005122227711937977,150,0.2831041666666667,0.005945320901966842,150
8,4,4,0.5,3.0,7.0,0.4256671495585267,0.002613865242790217,150,0.27930793785195335,0.0008296074596133466,150,1.8470971203109328,0.020517943948390124,150,0.25161022939564665,0.0040922097827031725,150,0.42885741119433335,0.005561326984866588,150,0.20398244074126,0.004887154996953473,150,8.015078593159332,0.25409826644041544,150,0.0242881169489652,0.0007699947467887982,150,nan,nan,0,11.452080790368464,0.09918300286342505,150,8.769788276695666,0.13210576332301,150,7.287412639530001,7.276241125344999e-17,150,5.81818181818,0.0,150,0.744686868686854,0.02968188818561118,150,1.4565656565659402,0.028893396943127744,150,0.12799305555555798,0.0051015745319033185,150,0.25034722222225997,0.004966052599603454,150
8,4,4,0.5,4.0,7.0,0.4191299462373134,0.0024397018662032314,150,0.27662442911956664,0.0007327179962693433,150,1.15022797053278,0.017212901746934753,150,0.22734965813635333,0.0035129186811631943,150,0.39159627073804,0.004677552638617258,150,0.23923573345640867,0.0048179203605351415,150,6.461177817925133,0.179669824543719,150,0.019579326720985602,0.0005444540137679721,150,nan,nan,0,13.056008220440667,0.08530819087689039,150,8.638104729563468,0.1299327508735232,150,9.716550186029998,1.4552482250689998e-16,150,5.81818181818,0.0,150,0.69696969696972,0.029799738891365845,150,1.3238787878788936,0.030561623503672326,150,0.11979166666667931,0.0051218301219552705,150,0.22754166666671136,0.005252779039693075,150
8,4,4,0.5,5.0,7.0,0.41218901647850664,0.0021299184565724116,150,0.27336978899118,0.0006734655384490744,150,0.7473402208389401,0.015198610876877162,150,0.20324471885666,0.0031696420897228466,150,0.3532906771694733,0.0043840219419347525,150,0.28156667308088,0.005537904758699059,150,5.267608429904866,0.13369594701890403,150,0.0159624497875906,0.0004051392333905242,150,nan,nan,0,14.826465029355331,0.07079992387556323,150,8.406248890901333,0.12660237675940264,150,12.145687732500003,1.4552482250689998e-16,150,5.81818181818,0.0,150,0.6231515151517393,0.030611034256410912,150,1.178787878787876,0.033667024022045224,150,0.1071041666666604,0.005261271512815944,150,0.20260416666665312,0.00578651975378615,150
8,4,4,0.5,6.0,7.0,0.40740022328975334,0.0022220163226304083,150,0.27044531450391335,0.0006407105266231376,150,0.5135568247022868,0.0161733508106337,150,0.17896201920597535,0.0031263325165614,150,0.31657311651171993,0.004624999858419168,150,0.32498576173411337,0.006348577090437663,150,4.405320428012666,0.13296113381083471,150,0.013349455842462532,0.0004029125266993631,150,nan,nan,0,17.079379243498,0.07768306091265396,150,8.747682703107666,0.15666136670807307,150,14.574825279099999,1.4552482250689998e-16,150,5.81818181818,0.0,150,0.5507878787879634,0.029350407469576425,150,1.0525252525251945,0.03617548624730112,150,0.09466666666668472,0.005044601283833139,150,0.18090277777781313,0.006217661698754952,150
8,4,4,0.5,7.0,7.0,0.40672943670384,0.0021304758730088715,150,0.26517915164106,0.00048217941237156073,150,0.29239727090717327,0.007752117817695752,150,0.15900450460249532,0.0030399556038835985,150,0.29043390056072005,0.004448480421194755,150,0.36254583163254,0.006970471738716228,150,3.8365276216965327,0.11561236818628427,150,0.011625841277869467,0.0003503405096554488,150,nan,nan,0,19.066627046437333,0.05727320217534818,150,8.504880281752868,0.13100743565831924,150,17.0039628256,0.0,150,5.81818181818,0.0,150,0.4545050505051514,0.029441791471101843,150,0.9256969696968508,0.03651289864106707,150,0.07811805555557359,0.0050603079090939295,150,0.15910416666666913,0.006275654453932732,150
8,4,4,0.5,8.0,7.0,0.40410433992016676,0.0023122750787949575,150,0.2625343512699667,0.00031620162208767077,150,0.197466538982884,0.004927154673892815,150,0.14430466589670066,0.0033582767703886915,150,0.26985112239392,0.004890902945797379,150,0.3919729460629134,0.008004147091345778,150,3.574532585713467,0.126852482128976,150,0.010831916926403602,0.0003844014609969398,150,nan,nan,0,21.384489896454003,0.052650040172057946,150,8.797416545206534,0.1338513693738457,150,19.433100372099997,2.9104964501379997e-16,150,5.81818181818,0.0,150,0.447151515151668,0.032126896937890115,150,0.8803232323234287,0.03940017312389569,150,0.07685416666670669,0.0055218104111988105,150,0.15130555555561406,0.006771904755665526,150
8,4,4,0.5,9.0,7.0,0.40220048262268665,0.0021507349605811837,150,0.2610534685767933,0.00020780366890884946,150,0.13866068882423999,0.003993208729099837,150,0.133470759303074,0.0030024393888959827,150,0.2529022975890866,0.004596997240434039,150,0.4167224591588867,0.008080547301395607,150,3.2430662046817997,0.0914964322279391,150,0.009827473347521001,0.0002772619158421793,150,nan,nan,0,23.601049973440663,0.04877328763832206,150,8.7499197830516,0.1381921392424181,150,21.862237918599998,2.9104964501379997e-16,150,5.81818181818,0.0,150,0.397494949494964,0.029357084911673187,150,0.831232323232454,0.034186359304065946,150,0.068319444444486,0.005045748969197719,150,0.14286805555561063,0.005875780505381816,150
8,4,4,0.5,10.0,7.0,0.40264479003257997,0.0023429507972719046,150,0.26061975130331333,0.000213181204002272,150,0.09068640878881,0.0020622327551889905,150,0.13275023562358002,0.0035935115691269723,150,0.25629483497038,0.005414025962225011,150,0.40799912529615,0.008258044154328539,150,3.492634015880733,0.2071612502979914,150,0.010583739442062,0.0006277613645400101,150,nan,nan,0,25.811855361012,0.04723541609795887,150,8.551039586817932,0.15090607043517987,150,24.291375465099996,2.9104964501379997e-16,150,5.81818181818,0.0,150,0.455757575757562,0.029806135554875046,150,0.919111111111326,0.03962999260995869,150,0.07833333333338534,0.005122929548498889,150,0.15797222222229398,0.006811404979831374,150
8,5,4,0.625,1.0,7.0,0.4288958115904799,0.002438903687011463,150,0.46299743029586,0.001597401955430063,150,5.118757748359933,0.08482894223782109,150,0.3881374132614134,0.009094226258220756,150,0.5176588420264867,0.009235205977995568,150,0.10613718714484145,0.00570724420398093,150,23.080513174682068,1.7138639459766203,150,0.029439430069738995,0.0021860509514966147,150,nan,nan,0,10.511194415728601,0.14656413298454313,150,10.052135800233733,0.1547384170864747,150,3.0121083869699996,3.6381205626724996e-17,150,6.693877551020002,1.4552482250689998e-16,150,1.1440816326531134,0.03566313671511654,150,2.2255442176869735,0.061066708123074694,150,0.170914634146316,0.005327724692196719,150,0.33247459349595604,0.009122770420829703,150
8,5,4,0.625,2.0,7.0,0.43817706410596674,0.0024329199565291605,150,0.4766636982483133,0.00136346149933637,150,4.500447920233134,0.03733853900042657,150,0.4000648620867933,0.007623689411624482,150,0.5125701732375266,0.007688681524924581,150,0.11081871660034266,0.004425937966258491,150,20.493917018389535,1.157174355312991,150,0.02614020027855093,0.0014759876981018626,150,nan,nan,0,11.493894660351067,0.14278595088468995,150,9.715997309764935,0.17292604886643656,150,6.024216773939999,7.276241125344999e-17,150,6.693877551020002,1.4552482250689998e-16,150,1.0117346938772869,0.02755579694837117,150,1.9534863945577265,0.03647696307208344,150,0.15114329268291266,0.004116567227045585,150,0.29183180894308675,0.00544930241015875,150
8,5,4,0.625,3.0,7.0,0.42946672714302,0.0019510086689248569,150,0.47373617018362674,0.0008755195469259205,150,2.8788698585847334,0.031211062964048825,150,0.3532507266434866,0.005095527679025292,150,0.45535674714878005,0.00513310656926898,150,0.147240000462042,0.0035343973518188014,150,13.125116085944601,0.4565903360592867,150,0.016741219497367663,0.000582385632728221,150,nan,nan,0,13.400608914172665,0.10136594074695235,150,9.8262222856472,0.13944967309060757,150,9.03632516092,0.0,150,6.693877551020002,1.4552482250689998e-16,150,0.862840136054546,0.03254490796795366,150,1.6615136054423936,0.031442796904289964,150,0.12889989837397467,0.00486189173911351,150,0.2482139227642266,0.004697247098504954,150
8,5,4,0.625,4.0,7.0,0.4218781029520666,0.0016866489015092117,150,0.47023574937933327,0.00048084458122075037,150,1.7002273684319134,0.024330333894742068,150,0.30247358735051333,0.004480474761472167,150,0.3992236434752267,0.0045080498712443354,150,0.19465339962761932,0.0038718990917990257,150,9.348348219119467,0.3332733984467156,150,0.011923913544795,0.00042509362046760327,150,nan,nan,0,15.445667635474669,0.10434138465657396,150,9.5051854423118,0.17718016866686617,150,12.048433547900002,1.4552482250689998e-16,150,6.693877551020002,1.4552482250689998e-16,150,0.7182142857142912,0.02846579305075538,150,1.4052210884356133,0.030746641630705094,150,0.10729420731710865,0.004252511766730745,150,0.20992632113822865,0.004593248292394569,150
8,5,4,0.625,5.0,7.0,0.4152669603821867,0.0013902458586136364,150,0.46882731183071336,0.0003360174744778457,150,1.1350552024446532,0.02157292692579495,150,0.24626562225547996,0.0034431433401837107,150,0.33733940229324666,0.003616532467166931,150,0.25827279492595334,0.004410620960924235,150,6.352973421472267,0.18457128131194792,150,0.008103282425345798,0.0002354225526935576,150,nan,nan,0,17.917368737298002,0.07906261939926718,150,9.584417732517531,0.14842573438474058,150,15.060541934899996,2.9104964501379997e-16,150,6.693877551020002,1.4552482250689998e-16,150,0.6324489795915886,0.029315037860832588,150,1.2366156462585998,0.0334096548899007,150,0.0944817073170856,0.004379380656044672,150,0.1847383130081167,0.004991076492698531,150
8,5,4,0.625,6.0,7.0,0.40647970430088,0.0014492844822195723,150,0.4689776856191467,0.0002747935935854283,150,0.7804963348390934,0.021626376068232315,150,0.2007577201558,0.0030902253371326467,150,0.28637597396270004,0.0033905104305399503,150,0.32255473244421995,0.005302614943274259,150,4.653048944153267,0.12750141033043455,150,0.005935011408358067,0.00016262934991110721,150,nan,nan,0,20.690452750827333,0.07871726157172693,150,9.930138214454734,0.15948249160209468,150,18.0726503218,0.0,150,6.693877551020002,1.4552482250689998e-16,150,0.542772108843363,0.030329964183248626,150,1.0256462585037358,0.03595198767071151,150,0.08108485772360018,0.004531000746892002,150,0.15322154471547889,0.0053708762069020165,150
8,5,4,0.625,7.0,7.0,0.4043828660368866,0.001338007390964354,150,0.4682969610217534,0.00026725550120750593,150,0.45357829292982,0.011105400244495254,150,0.18138955318959604,0.0037329546134268754,150,0.26749618630477995,0.0042663232978953506,150,0.3523328259833933,0.007176842079100103,150,4.4094933873468,0.16462294797200905,150,0.0056243538103912675,0.00020997824996430123,150,nan,nan,0,23.222480649243334,0.06707005237289398,150,9.551510891774667,0.1669999352416541,150,21.084758708800003,2.9104964501379997e-16,150,6.693877551020002,1.4552482250689998e-16,150,0.5170918367343486,0.03348938083636547,150,1.0125000000000546,0.040730372717678646,150,0.07724847560978022,0.005002986771294582,150,0.1512576219512118,0.006084720314525836,150
8,5,4,0.625,8.0,7.0,0.40064720251178,0.0014485843897509491,150,0.46796163810763325,0.00023189610715457467,150,0.30913228507278667,0.006213713532527511,150,0.15865528219282535,0.002831581892214693,150,0.24155354436751328,0.0032738203647647793,150,0.3849603650531267,0.0063352939017010295,150,3.676694286607333,0.09176906243740013,150,0.0046896610798564,0.00011705237555791156,150,nan,nan,0,26.14204044475333,0.05888700357161723,150,9.9833706099316,0.1553577868376522,150,24.096867095800004,2.9104964501379997e-16,150,6.693877551020002,1.4552482250689998e-16,150,0.48753401360518805,0.02840687428517121,150,0.9427040816322979,0.033256505966953676,150,0.0728328252032798,0.004243709877976175,150,0.14083079268295032,0.0049681975377471686,150
8,5,4,0.625,9.0,7.0,0.3968992513364133,0.0014531687920038827,150,0.4674563632226,0.00022094642442625236,150,0.21548621063564666,0.004375087469743885,150,0.138164956738882,0.003174835111753346,150,0.21916268520912,0.0038170126741523167,150,0.42723491827915333,0.007735490117658226,150,3.3082262094287334,0.11682980604433173,150,0.004219676287537667,0.0001490176097505794,150,nan,nan,0,28.88622662338467,0.04851595324619216,150,9.831744279029268,0.14666441412862344,150,27.1089754827,0.0,150,6.693877551020002,1.4552482250689998e-16,150,0.42056122448954975,0.02859846309944474,150,0.84151360544179,0.037199592130047865,150,0.06282774390245124,0.004272331377668812,150,0.12571392276430846,0.005557256141382206,150
8,5,4,0.625,10.0,7.0,0.39744815533444,0.001358967963214445,150,0.46644479871395333,0.00018658893001206767,150,0.155112941044412,0.003314914835618137,150,0.13568763721385935,0.003555955309923214,150,0.21662482196866667,0.004247160848278173,150,0.42805215234019994,0.00880403532675624,150,3.4021941916299334,0.13605909721929074,150,0.0043395334076914,0.00017354476686139985,150,nan,nan,0,31.780711204125335,0.047792281802636984,150,9.965124012010001,0.15907758030072142,150,30.1210838697,0.0,150,6.693877551020002,1.4552482250689998e-16,150,0.4711904761901376,0.029835627997864725,150,0.9203231292513853,0.041087027053280954,150,0.07039126016262019,0.004457151743593613,150,0.13748729674802387,0.006138000992715736,150
8,6,4,0.75,1.0,7.0,0.43585233836278,0.002954791112148274,150,0.69238426462476,0.0017770696561445478,150,7.547968743813732,0.12166816654494342,150,0.5127907002763067,0.013030155098611995,150,0.5458869160243001,0.010319706465489412,150,0.07626681055612002,0.004706945659873004,150,46.915109925630404,4.3652954320493,150,0.028398976952561935,0.002642430648939651,150,nan,nan,0,11.660054084001134,0.17686323584981292,150,11.128030436252732,0.18671867578345822,150,3.4043933611799995,3.6381205626724996e-17,150,7.457627118639997,2.1828723376035e-16,150,1.2853672316386,0.03998358796762091,150,2.5065133171912732,0.06733131225308633,150,0.17235606060610265,0.005361435659293918,150,0.33610064935062467,0.009028516870299838,150
8,6,4,0.75,2.0,7.0,0.43899796579484,0.0026068080817734547,150,0.6998361545382801,0.001650946241469167,150,6.316055783216866,0.06647985265702827,150,0.5044731098079934,0.010221736388012877,150,0.5228234085702468,0.007920085665355141,150,0.087053428390788,0.00395393187430476,150,32.624952277155536,1.9193861115446682,150,0.019748760458321198,0.0011618559997229228,150,nan,nan,0,13.1212566708848,0.14705317107523075,150,11.158985852462399,0.17391862192134808,150,6.808786722349999,7.276241125344999e-17,150,7.457627118639997,2.1828723376035e-16,150,1.058079096044933,0.024575425822708843,150,2.148458434220733,0.03636673621036148,150,0.14187878787873998,0.003295341189863275,150,0.28808874458873995,0.004876448719112591,150
8,6,4,0.75,3.0,7.0,0.4332363744895267,0.001837937367222812,150,0.7103216657789,0.0009580061641728845,150,4.132419390511133,0.04187701072647489,150,0.44562053400512,0.007308458645798353,150,0.46260985268349997,0.005649522810316645,150,0.11979381756722866,0.0032508869456594025,150,19.829640435051136,0.9175207937001971,150,0.012003414306931933,0.0005553999961861907,150,nan,nan,0,14.949108828310667,0.1224817559701039,150,10.810425344528934,0.1744940243152566,150,10.213180083499998,1.4552482250689998e-16,150,7.457627118639997,2.1828723376035e-16,150,0.9218482647295101,0.02998494957107699,150,1.7850847457627,0.02635782456142245,150,0.12361147186148676,0.004020709147034065,150,0.23936363636361335,0.0035343446571063767,150
8,6,4,0.75,4.0,7.0,0.4215753828375933,0.0014388827510960238,150,0.7076706213163934,0.0006496391099416589,150,2.3571313890470003,0.03288166244665271,150,0.37217596887135995,0.005569381675381561,150,0.39550010033149335,0.0042074146642980415,150,0.1689342615442533,0.0037053970466806364,150,11.805204845080734,0.37834583667074356,150,0.007146007775473733,0.00022902290355379865,150,nan,nan,0,17.361859755500003,0.10880622586563363,150,10.6159309040956,0.18431551425539489,150,13.617573444699998,1.4552482250689998e-16,150,7.457627118639997,2.1828723376035e-16,150,0.7927925746568935,0.029741522845083065,150,1.5184261501210066,0.029057037175847428,150,0.10630627705624333,0.003988067836043276,150,0.20360714285712003,0.003896284530396644,150
8,6,4,0.75,5.0,7.0,0.4099867601329933,0.0010286530429674632,150,0.7054426232255402,0.0003917641629723224,150,1.5502222670525398,0.0257912415338192,150,0.28902460436702665,0.0037574441961932634,150,0.32662302609209337,0.00299968412016587,150,0.23529133386788667,0.0036034325495880185,150,7.312283565377532,0.1736734773599788,150,0.0044263217708096,0.0001051292235835471,150,nan,nan,0,20.440350887432,0.0915035722696542,150,11.178738325084733,0.17074575032509817,150,17.021966805900007,5.820992900275999e-16,150,7.457627118639997,2.1828723376035e-16,150,0.683268765133056,0.02740517250517033,150,1.3217191283295466,0.029738181478670647,150,0.09162012987010006,0.00367478449501077,150,0.17723051948053667,0.003987619789183667,150
8,6,4,0.75,6.0,7.0,0.4048294011925466,0.0010640063545836141,150,0.7033422336834534,0.000225704322643124,150,0.9620883107138332,0.02194379067881901,150,0.2368883968426,0.0036664096355664482,150,0.2805169190668867,0.00304090360658589,150,0.2930646558954133,0.004763196710301841,150,5.341737080831733,0.132290860310868,150,0.0032334970222955336,8.007921326324152e-05,150,nan,nan,0,23.223336194978664,0.07909474844312434,150,10.8866590501898,0.17378436806252567,150,20.4263601671,0.0,150,7.457627118639997,2.1828723376035e-16,150,0.6007102502015668,0.028372103042318027,150,1.15397094430994,0.0328314620014703,150,0.08054978354977368,0.003804441089767499,150,0.154737012987004,0.0044024005865600825,150
8,6,4,0.75,7.0,7.0,0.39959472382708666,0.0010826652774151289,150,0.7026472586208268,0.00014174190914108452,150,0.5961948266995134,0.011711005814222615,150,0.20082527671636,0.00388877744478004,150,0.24875565543326666,0.003312117792607586,150,0.3409797486324333,0.0057094762842358785,150,4.4539293573544,0.14932930660974703,150,0.0026960831460976667,9.039304274192363e-05,150,nan,nan,0,26.251055244124668,0.06824273488177206,150,10.841934236296133,0.17104992169646138,150,23.8307535282,0.0,150,7.457627118639997,2.1828723376035e-16,150,0.5143987086359125,0.03384122619659545,150,1.0489426957224868,0.036799617646487766,150,0.06897619047618751,0.00453780078545135,150,0.14065367965366798,0.004934494184413156,150
8,6,4,0.75,8.0,7.0,0.39765573505523333,0.001065892725100403,150,0.7034684115526934,0.00016424121705627305,150,0.3836541200401867,0.00790708766405424,150,0.17525773335893333,0.0038595552132660426,150,0.22642710244546,0.003620547603256027,150,0.3797852299618733,0.006891906497183898,150,3.917096678046667,0.1354659929056167,150,0.0023711238971221332,8.200120635919601e-05,150,nan,nan,0,29.30299444626467,0.06724337850820523,150,10.591177192954065,0.19060046793671795,150,27.235146889399996,2.9104964501379997e-16,150,7.457627118639997,2.1828723376035e-16,150,0.508071025020108,0.02788210178216368,150,0.9925665859562408,0.04001775336123754,150,0.0681277056277216,0.0037387363753382846,150,0.13309415584416134,0.0053660169279857025,150
8,6,4,0.75,9.0,7.0,0.39746148729549996,0.0009997912946491452,150,0.7042618052177,0.00017255951474497776,150,0.26452711633303333,0.005259469961967368,150,0.15923099892768933,0.003946751028226527,150,0.2127326673332667,0.003719567728047295,150,0.40287074504340664,0.007528197831597026,150,3.6615368789712672,0.1383175942832958,150,0.0022164266821855334,8.3727357314315e-05,150,nan,nan,0,32.43376053445,0.05951534778490684,150,10.4075341498424,0.18999113322376532,150,30.639540250599996,2.9104964501379997e-16,150,7.457627118639997,2.1828723376035e-16,150,0.5028571428570388,0.030092695178342475,150,0.9581759483452053,0.03765358691368113,150,0.06742857142858305,0.004035156853463363,150,0.12848268398272666,0.005049003699795331,150
8,6,4,0.75,10.0,7.0,0.39470175823830667,0.000993790327431029,150,0.7049684217543334,0.0001732829066065628,150,0.21098065995994664,0.004318775386198438,150,0.14208908205352533,0.003575872819753999,150,0.19499944296619998,0.003298526337222475,150,0.43268040792785334,0.007641237037098761,150,3.2507815624448,0.10001352168199298,150,0.0019677854494219334,6.054087268886011e-05,150,nan,nan,0,35.85022334294534,0.052687831124032136,150,11.060399092084932,0.17047692723338675,150,34.043933611800014,1.1641985800551999e-15,150,7.457627118639997,2.1828723376035e-16,150,0.4929943502824155,0.03323095591615868,150,0.9320661824048325,0.038756599454806855,150,0.06610606060607616,0.004455969088760946,150,0.12498160173164334,0.005196907654172385,150
8,7,4,0.875,1.0,7.0,0.44197683905327995,0.0027296787897105397,150,0.9382312387947532,0.0013111822276664507,150,9.746089025153333,0.11871218861491198,150,0.6426056845426933,0.01360284726560128,150,0.5772227317637133,0.008903010832620486,150,0.048493640627180194,0.0029836613073149923,150,74.8181308464122,5.648811594097652,150,0.023797115409162867,0.0017966957996495352,150,nan,nan,0,12.687468236601266,0.1455867300289697,150,12.120020636298534,0.15254424233878364,150,3.7105103144900013,1.09143616880175e-16,150,8.122137404580002,1.4552482250689998e-16,150,1.4470483460563135,0.03606124305695217,150,2.847353689567267,0.06245131484058596,150,0.17816102756891666,0.004439871090656359,150,0.35056704260652793,0.007689024665527693,150
8,7,4,0.875,2.0,7.0,0.45055157156805326,0.002648836646332339,150,0.9553000528159534,0.0015103871159320111,150,8.325116952254866,0.06780108893158304,150,0.6626668936617267,0.011485369570101774,150,0.5668313345832735,0.007383366123544528,150,0.05485663837180714,0.0024918394112417373,150,62.43105301158665,3.9470304949263495,150,0.01985720515635633,0.0012554168240862251,150,nan,nan,0,14.089253571875403,0.14828871401144328,150,11.914691782398135,0.17858655770021511,150,7.421020628980003,2.1828723376035e-16,150,8.122137404580002,1.4552482250689998e-16,150,1.2414418999149333,0.02519298835302829,150,2.420797285835333,0.03264631177841198,150,0.15284670008355064,0.003101768302865538,150,0.2980492898913667,0.004019423724597853,150
8,7,4,0.875,3.0,7.0,0.4380973285632733,0.0019855650792887816,150,0.9682594635186468,0.0011368145401995642,150,5.432420052157132,0.05421418216037973,150,0.57256830080984,0.009090544141111722,150,0.4887630434731067,0.005655015102204583,150,0.08908319857216132,0.002757140358620617,150,31.204079697994004,1.382386255456787,150,0.009924961736005267,0.00043969028481431933,150,nan,nan,0,16.209552161334003,0.13376048654072756,150,11.6713794215468,0.18830559946945802,150,11.131530943499998,1.4552482250689998e-16,150,8.122137404580002,1.4552482250689998e-16,150,0.9904961832062734,0.02714601155860647,150,1.9520568278196,0.024048410742714327,150,0.12195018796994134,0.0033422251073112106,150,0.2403378237259733,0.00296084756324239,150
8,7,4,0.875,4.0,7.0,0.4204988461744,0.001143127000003653,150,0.9730583127088134,0.0007102342436774839,150,3.175006275734733,0.03893999066795331,150,0.44176890487177994,0.005878699960557548,150,0.39516149663498,0.003634072825334122,150,0.1464686494811613,0.0027351567360186842,150,14.5413006044338,0.428532352166986,150,0.004625095612097067,0.0001363016387300366,150,nan,nan,0,19.193244209208668,0.10589880216928575,150,12.0485901039566,0.1756460742550871,150,14.842041258000002,1.4552482250689998e-16,150,8.122137404580002,1.4552482250689998e-16,150,0.8254410517387866,0.02772925874524007,150,1.6122094995761067,0.02480542846929929,150,0.10162855054303334,0.0034140346763385006,150,0.19849571846282735,0.0030540518134147335,150
8,7,4,0.875,5.0,7.0,0.40865559782143335,0.0009353855754240455,150,0.9695656551622066,0.0005527418693459696,150,1.927547827097667,0.03756970261794001,150,0.34358513150436665,0.005184745835078693,150,0.3264954785575666,0.0032735991175151524,150,0.20909179524777732,0.00359780988459289,150,8.785103729493933,0.3561318957275555,150,0.002794244188770333,0.00011327350373020222,150,nan,nan,0,22.10813527935733,0.10184646053684906,150,11.8431829342088,0.19826472364383022,150,18.5525515725,0.0,150,8.122137404580002,1.4552482250689998e-16,150,0.7333884648007933,0.03161927485277075,150,1.3901696352843735,0.03139502059624684,150,0.09029500835423726,0.0038929746294277903,150,0.17115810359230535,0.003865364377923256,150
8,7,4,0.875,6.0,7.0,0.4021056250124667,0.0007382007361345705,150,0.9672100758021668,0.00048314023118604086,150,1.1661978436966267,0.023945189648013707,150,0.27979702416935337,0.0039994898214827,150,0.2809653818300533,0.002729992223326641,150,0.26020455809772,0.004230505040908462,150,6.2168887259698,0.15960855027272738,150,0.001977381910295,5.076607833092855e-05,150,nan,nan,0,25.316088039158,0.08225241522820652,150,11.896682250833601,0.17831037638747904,150,22.263061886999996,2.9104964501379997e-16,150,8.122137404580002,1.4552482250689998e-16,150,0.6612510602205384,0.028365262325342245,150,1.2723324851568933,0.035403124760231226,150,0.08141342940687643,0.0034923396284019174,150,0.156649958228888,0.004358843368036017,150
8,7,4,0.875,7.0,7.0,0.3974468348165533,0.0006573464761133596,150,0.9641596830423532,0.0003709320518452939,150,0.6982198909695201,0.013214545207680195,150,0.22569065220156007,0.0036303350936273634,150,0.24242932761334668,0.00269988977494934,150,0.3160857696364933,0.00508890711668294,150,4.693845483832933,0.11536379249886426,150,0.00149295339816552,3.669331822487809e-05,150,nan,nan,0,28.544122910220008,0.07331300727107645,150,11.651637041405532,0.18646659423064715,150,25.9735722014,0.0,150,8.122137404580002,1.4552482250689998e-16,150,0.5723833757421625,0.028908262659053326,150,1.1026887192536934,0.03585120630491445,150,0.07047201336677084,0.0035591939927968634,150,0.135763366750226,0.0044140113025787535,150
8,7,4,0.875,8.0,7.0,0.39412016865774663,0.000659591923741662,150,0.9620397694889933,0.00030322820288672343,150,0.4870897910384133,0.008376264874451384,150,0.18005026013168668,0.0031149131775498485,150,0.20787667882932667,0.002427253499419382,150,0.37704668327849994,0.0055216971575740405,150,3.645186693829799,0.08048340670200685,150,0.0011594105260270202,2.5599047933181973e-05,150,nan,nan,0,32.062218810791336,0.06658273784325382,150,11.941261471683665,0.18149177896637228,150,29.684082515900002,2.9104964501379997e-16,150,8.122137404580002,1.4552482250689998e-16,150,0.45445716709078615,0.024476530685336555,150,0.9149787955895401,0.03019362304017765,150,0.05595290309108471,0.003013557819343726,150,0.11265246449455,0.0037174479494926343,150
8,7,4,0.875,9.0,7.0,0.3930965958089466,0.0007358219260593848,150,0.9610653744032267,0.00020520585513292188,150,0.33707686266158005,0.0061224799709119725,150,0.16066847300669332,0.00357010840908667,150,0.19256944379326663,0.0028393319421285866,150,0.4060635908782733,0.006938733891916364,150,3.3836192487024666,0.09014476865010708,150,0.0010762147737603867,2.8672000206804096e-05,150,nan,nan,0,35.51020295816733,0.060442963143125465,150,11.890328610363733,0.18208558307976422,150,33.39459283040001,5.820992900275999e-16,150,8.122137404580002,1.4552482250689998e-16,150,0.4572434266327385,0.02940568938166972,150,0.9154495335029645,0.03648506195533901,150,0.0562959482038671,0.0036204373204901624,150,0.11271042188803591,0.004492051800888301,150
8,7,4,0.875,10.0,7.0,0.3917099908046733,0.0007001330754895333,150,0.96031002855852,0.00014162363888942805,150,0.25040291682826665,0.004451819113727264,150,0.14834628023846666,0.003752954291073762,150,0.18233494146230664,0.0029589362331965264,150,0.4235994322024866,0.007533405523483941,150,3.2465800871626667,0.09109999922645312,150,0.001032627254186813,2.8975826725979412e-05,150,nan,nan,0,39.014211842788,0.05246488315307813,150,11.890233851019333,0.17091379587296904,150,37.105103144900006,5.820992900275999e-16,150,8.122137404580002,1.4552482250689998e-16,150,0.5019847328243444,0.030202310765280353,150,0.9528753180662259,0.03612743727593035,150,0.06180451127822669,0.003718517584827154,150,0.11731829573932491,0.004448020942803498,150
8,8,4,1.0,1.0,7.0,0.4669326700346066,0.003402349677057882,150,1.2102608080658668,0.0012840820737713484,150,12.286686503108067,0.1292999222410521,150,0.8608710992188001,0.017574534695829293,150,0.6547800417816733,0.010308868678328791,150,0.02628234813626138,0.0023240913724175065,150,227.23208821435264,19.36144887165962,150,0.041503577756059,0.003536337693458385,150,nan,nan,0,12.991184686641933,0.19471762750074678,150,12.336568074795066,0.206525012785225,150,3.9842265695800005,3.6381205626724996e-17,150,8.696986301370002,1.4552482250689998e-16,150,1.7865936073061068,0.04414208296547875,150,3.4025108066968666,0.0709219531790527,150,0.20542674731184402,0.005075560824853922,150,0.39122871863791997,0.008154773472270829,150
8,8,4,1.0,2.0,7.0,0.4646638502708733,0.002877369028402332,150,1.2290430032031334,0.0014220547871849473,150,10.232086102148868,0.062021024465305066,150,0.8348385753660333,0.014363795968547036,150,0.60866089285014,0.007684870108184772,150,0.035501770247836004,0.0019659808965102775,150,119.08849962930266,7.51561349338102,150,0.021751324133203867,0.0013727147933115034,150,nan,nan,0,15.036389062296596,0.16818861822676465,150,12.677281037126667,0.20230418308218082,150,7.968453139150001,7.276241125344999e-17,150,8.696986301370002,1.4552482250689998e-16,150,1.3727171993914533,0.020990140012331994,150,2.6816462709284665,0.031468140826323064,150,0.157838261648728,0.0024134958116506637,150,0.30834201388886,0.003618281061488879,150
8,8,4,1.0,3.0,7.0,0.4447750053724267,0.0020323963523700074,150,1.245718079607,0.0011117177832686213,150,6.946229937173533,0.0510880082982977,150,0.7010868837778467,0.010877022129231214,150,0.5103231671529134,0.0055960449146707815,150,0.06775130122256467,0.0022872469113414486,150,46.68518645119401,2.0261681005863763,150,0.008526974694282001,0.00037007636540419524,150,nan,nan,0,17.66708826869533,0.13440491357583592,150,12.914157604457401,0.1863752885620745,150,11.952679708700002,1.4552482250689998e-16,150,8.696986301370002,1.4552482250689998e-16,150,1.1113108066970798,0.028396420059015052,150,2.0770435312028,0.021349197529058436,150,0.12778113799285465,0.003265087361877264,150,0.23882336469530666,0.0024547810918919243,150
8,8,4,1.0,4.0,7.0,0.4233570161890933,0.001088290756726848,150,1.2536684119053334,0.0006822568553184605,150,3.9851681130373997,0.05200348484381769,150,0.5412273853824933,0.0066972799819951965,150,0.41193335064212666,0.003452428767143458,150,0.11822279301180263,0.0022766978680649553,150,19.553927634381264,0.569208729063277,150,0.0035714936318504,0.00010396506466907596,150,nan,nan,0,20.36390590210533,0.12381774828641698,150,12.519752771994533,0.20470582557040135,150,15.936906278300002,1.4552482250689998e-16,150,8.696986301370002,1.4552482250689998e-16,150,0.8907080669711532,0.025868703163426487,150,1.6976194824960664,0.02100124922418787,150,0.10241571460575401,0.002974444510665205,150,0.19519629256272,0.002414773175035194,150
8,8,4,1.0,5.0,7.0,0.40751943976169336,0.0007699436809704767,150,1.2554663615326669,0.00040483728237811824,150,2.3749215134292005,0.04611517980226937,150,0.40830262932382,0.005425838923145611,150,0.3339486789127866,0.002964155775330531,150,0.18030656597941933,0.002950656701127345,150,10.527907358060133,0.3289798190456572,150,0.0019229054535273335,6.008763818189644e-05,150,nan,nan,0,23.64243026707267,0.10321314619195035,150,12.555726773356067,0.20157084890356688,150,19.9211328479,0.0,150,8.696986301370002,1.4552482250689998e-16,150,0.765886149162898,0.03030861241293802,150,1.4695403348559466,0.029213626938488703,150,0.0880633960573434,0.003484955749344358,150,0.16897121415771799,0.0033590517365609225,150
8,8,4,1.0,6.0,7.0,0.4000361971171666,0.0005309597124607,150,1.256112883271,0.0002588389207431952,150,1.4216975997279067,0.03164216497606486,150,0.30509684464824666,0.004023530230922158,150,0.27334741274943997,0.002333411248967889,150,0.25037035597563334,0.003687219200150098,150,6.485617874280867,0.15836177929958975,150,0.0011845877395947999,2.8924525899510412e-05,150,nan,nan,0,27.144230184033997,0.08876906433726058,150,12.6929899774432,0.19046289266963057,150,23.905359417499998,2.9104964501379997e-16,150,8.696986301370002,1.4552482250689998e-16,150,0.6451190258752418,0.02947062238696897,150,1.2111269406393268,0.032559431363663974,150,0.07417730734767401,0.0033886016794487735,150,0.13925823252688868,0.003743760221688294,150
8,8,4,1.0,7.0,7.0,0.39569393513620005,0.0005477151322927775,150,1.255401595511067,0.00018692021223239234,150,0.8824311139609866,0.0190972129644359,150,0.24465115607351332,0.003734733664169646,150,0.23592802753884,0.0022861991248256663,150,0.30363542608370003,0.00436971531778289,150,4.9418374657616,0.11142416061826135,150,0.0009026187152074401,2.0351444861797036e-05,150,nan,nan,0,30.72464838554866,0.08592174229914126,150,12.686458516334532,0.20609474469562503,150,27.889585986999997,2.9104964501379997e-16,150,8.696986301370002,1.4552482250689998e-16,150,0.5698143074581022,0.027135045199501086,150,1.1314435312026199,0.030687792903330957,150,0.06551859318994877,0.003120051505106528,150,0.13009604614698134,0.0035285548165710423,150
8,8,4,1.0,8.0,7.0,0.39410138000384004,0.0005288806943874911,150,1.2549080352992001,0.00013117923245505676,150,0.5447539366481533,0.010284680500433277,150,0.20611145597551997,0.00385720125558485,150,0.21170875701281996,0.0026520510187708476,150,0.3468931310139,0.0056135925342989754,150,4.242839586001533,0.11859825123872239,150,0.0007749478695891667,2.1661781048142925e-05,150,nan,nan,0,34.217980063194005,0.07487794035668396,150,12.207171671676669,0.21285202466376454,150,31.873812556600004,2.9104964501379997e-16,150,8.696986301370002,1.4552482250689998e-16,150,0.5018374429224154,0.026666464906908712,150,1.0373479452055667,0.031412760784150236,150,0.05770245295697682,0.003066173037742827,150,0.11927671370967,0.0036119133336105134,150
8,8,4,1.0,9.0,7.0,0.39220223872803994,0.0005288064233171576,150,1.2545957112225332,0.00010269844601821647,150,0.40267312326776,0.006374700686544717,150,0.17749116014299998,0.004037542962688476,150,0.19034006347725999,0.0028358602093535557,150,0.38758041118469333,0.006770447733643303,150,3.720246115307667,0.11510325773800911,150,0.0006794970073620401,2.102342607085237e-05,150,nan,nan,0,38.17300100425934,0.06013129178027099,150,12.917125377494134,0.18438466035832907,150,35.85803912619999,5.820992900275999e-16,150,8.696986301370002,1.4552482250689998e-16,150,0.5068907153730599,0.03145168216271296,150,0.9567001522068601,0.03500331393166857,150,0.058283490143375756,0.0036163886055273226,150,0.11000364023293599,0.0040247636041631125,150
8,8,4,1.0,10.0,7.0,0.3919068037343334,0.000523380576868185,150,1.2547884222778667,8.846286629379272e-05,150,0.29711670582694,0.0050053316741202145,150,0.16709467624249202,0.003961855256704541,150,0.18357895419525333,0.002866040262519964,150,0.39606779447114,0.006831058016920848,150,3.6321754051514668,0.11213443327029861,150,0.0006634110329042934,2.0481175026497462e-05,150,nan,nan,0,41.885438505012004,0.06269495679073435,150,12.682056252865332,0.2126051286381397,150,39.8422656958,0.0,150,8.696986301370002,1.4552482250689998e-16,150,0.5263732115678175,0.02726826047770463,150,1.0153619482494913,0.03346951637406618,150,0.06052363351254222,0.0031353689120338715,150,0.1167487119175402,0.0038484039429614847,150
8,4,4,0.5,1.0,8.0,0.4167603678616467,0.002637825085646387,150,0.27691280845056665,0.001485990177048411,150,2.792815685636733,0.06063874184926326,150,0.25163273049115326,0.0068979842647912265,150,0.43943132082476666,0.009383906994830033,150,0.19657252826084198,0.008070138091806936,150,9.750862446672599,0.6091452235939263,150,0.02954806802021853,0.0018458946169519436,150,nan,nan,0,10.136395700143934,0.15388978805220097,150,9.828535807636733,0.1591571847917824,150,2.429137546509999,7.276241125344999e-17,150,5.81818181818,0.0,150,0.84929292929294,0.033414728174691814,150,1.6711919191920266,0.056624910228382244,150,0.14597222222222803,0.005743156405026341,150,0.28723611111109126,0.009732406445499673,150
8,4,4,0.5,2.0,8.0,0.41452309643538,0.0023151231838433187,150,0.2776045231359066,0.0012865992339232038,150,2.5395016776884,0.030206710505298166,150,0.24275174485508,0.0053763926883398745,150,0.4244436344826067,0.007502092233944316,150,0.20838216331856133,0.006890715012725279,150,8.197102799041334,0.3568646320482139,150,0.0248397054516414,0.0010814079759042122,150,nan,nan,0,11.0197838326346,0.13418899770755344,150,9.854783888576067,0.1510373465239613,150,4.858275093019998,1.4552482250689998e-16,150,5.81818181818,0.0,150,0.7250101010100733,0.02861958287435492,150,1.5073131313134467,0.03807935982164352,150,0.12461111111110533,0.0049189908065296,150,0.25906944444442,0.0065448899693494895,150
8,4,4,0.5,3.0,8.0,0.4192714852840801,0.002453256122650282,150,0.27971621852390666,0.0008878154639392902,150,1.897573616897867,0.021117650705314874,150,0.22792164706138668,0.004518880629145205,150,0.3953341538103067,0.00612406036071094,150,0.2382055635835753,0.006194130959405639,150,6.7895244524828,0.24097318895529207,150,0.020574316522676602,0.0007302217847137752,150,nan,nan,0,12.181833760447665,0.1237472939817576,150,9.688227217609068,0.15780881498294178,150,7.287412639530001,7.276241125344999e-17,150,5.81818181818,0.0,150,0.6441616161615147,0.02706406891271208,150,1.2849696969697135,0.030120279796095845,150,0.11071527777775934,0.004651636844374276,150,0.220854166666698,0.005176923089947649,150
8,4,4,0.5,4.0,8.0,0.41446878776156004,0.0020707143024941686,150,0.2784714621534467,0.0008740219127540308,150,1.2644174923884666,0.020908417236157044,150,0.20852865582301333,0.00381392839150242,150,0.36264799556442,0.005247162673031078,150,0.2716075382561933,0.005926884550903713,150,5.650655281809067,0.164662254110184,150,0.01712319782366767,0.00049897652760738,150,nan,nan,0,13.852871843424667,0.11389940738047978,150,9.764768580952936,0.16533459116641055,150,9.716550186029998,1.4552482250689998e-16,150,5.81818181818,0.0,150,0.6134545454545,0.025616272178911492,150,1.1748282828283731,0.031461693194945684,150,0.10543749999997934,0.0044027967807506955,150,0.20192361111111734,0.0054074785178761875,150
8,4,4,0.5,5.0,8.0,0.40875714041159333,0.0024371748293534803,150,0.27677223292476666,0.000766860062967531,150,0.8370860911913334,0.01582064041390271,150,0.18269281970470666,0.002822411195137121,150,0.3251106542018667,0.0040230745421875325,150,0.3153113717193333,0.005304056766972795,150,4.6116566732720665,0.11622532362193043,150,0.013974717191736865,0.00035219795036963054,150,nan,nan,0,15.634600447910664,0.09129190489390476,150,9.7409332234122,0.1483470034004653,150,12.145687732500003,1.4552482250689998e-16,150,5.81818181818,0.0,150,0.5457777777777473,0.027406119251119798,150,1.0897777777777933,0.031755180004365766,150,0.0938055555555184,0.004710426746287485,150,0.18730555555554865,0.005457921563250803,150
8,4,4,0.5,6.0,8.0,0.4037413531914067,0.0020844492108818146,150,0.27305906397342,0.0006530082691658131,150,0.6025529223135334,0.014666861051751584,150,0.15967164624748334,0.0028155608666163806,150,0.29038370887358667,0.003938453866881741,150,0.3606320572876133,0.006127911667735574,150,3.8397594844773995,0.09644972448259985,150,0.011635634801444666,0.0002922718923712441,150,nan,nan,0,17.725510968836666,0.081906770765932,150,9.973146833631667,0.14891438402867915,150,14.574825279099999,1.4552482250689998e-16,150,5.81818181818,0.0,150,0.46917171717175665,0.025727745896280577,150,0.9936969696970666,0.03188329585785954,150,0.08063888888888646,0.004421956325922875,150,0.170791666666682,0.005479941475572334,150
8,4,4,0.5,7.0,8.0,0.40795285054456665,0.002297761393455397,150,0.26971240565289994,0.0005587383859544977,150,0.3700006370894933,0.011545132100217194,150,0.1477538088971173,0.0030586440990066953,150,0.2727836129180334,0.004481326631609231,150,0.3874887695616267,0.007443087799985768,150,3.5336270294101997,0.10526440796571714,150,0.010707960695178468,0.0003189830544414591,150,nan,nan,0,19.693315206605998,0.07607370874203397,150,9.792453662154466,0.15677234153305908,150,17.0039628256,0.0,150,5.81818181818,0.0,150,0.49062626262623477,0.028289374490578004,150,0.8950303030302653,0.0358066542884458,150,0.08432638888892342,0.0048622362405721055,150,0.1538333333333722,0.00615426870582676,150
8,4,4,0.5,8.0,8.0,0.40380070673317336,0.0022178878435984532,150,0.2668294846368267,0.000494969559266355,150,0.23693143589405996,0.007703645016377491,150,0.13480068874892132,0.003676367259090688,150,0.25303100196725997,0.005407972334863688,150,0.4233712728090133,0.00909973879680988,150,3.3129576784028667,0.12948347047164105,150,0.010039265692127932,0.0003923741529440062,150,nan,nan,0,21.866031698755336,0.07695268297385856,150,9.837137942501066,0.175533795243938,150,19.433100372099997,2.9104964501379997e-16,150,5.81818181818,0.0,150,0.4431515151514076,0.03312646415932563,150,0.8352323232325155,0.04241453298025458,150,0.0761666666667066,0.005693611027390203,150,0.1435555555555527,0.007289997855974508,150
8,4,4,0.5,9.0,8.0,0.4008020895154266,0.00204800995556781,150,0.2632707046587,0.00034708787959294567,150,0.15415876287601799,0.004564201672117754,150,0.12565661277209864,0.0031326555004074666,150,0.24117168486732665,0.004739902495960161,150,0.43823985497687334,0.00859148793177131,150,3.074555677452133,0.09750964189493361,150,0.0093168353862148,0.00029548376331780743,150,nan,nan,0,23.979707941792665,0.06458612879255465,150,9.6768493718578,0.16484823682365501,150,21.862237918599998,2.9104964501379997e-16,150,5.81818181818,0.0,150,0.3976565656564867,0.029377544483164347,150,0.7840404040403587,0.036098252753753966,150,0.06834722222227334,0.005049265458053297,150,0.13475694444449046,0.006204387192051667,150
8,4,4,0.5,10.0,8.0,0.4015880743559933,0.0022717615729803946,150,0.26164414051859336,0.0002938381731808766,150,0.12112497704945334,0.0036023563631476336,150,0.11777701886655934,0.0028247829168527787,150,0.22825674215471334,0.004305173160903784,150,0.45515025942018006,0.008303817637034801,150,2.874146605692733,0.07806075017630246,150,0.008709535168764668,0.00023654772780698093,150,nan,nan,0,26.312724342185334,0.05896018802107831,150,9.956041948259665,0.15723573351717726,150,24.291375465099996,2.9104964501379997e-16,150,5.81818181818,0.0,150,0.3953131313131353,0.02609069444155362,150,0.7318383838383015,0.03202011643534067,150,0.06794444444447532,0.004484338107147661,150,0.12578472222230583,0.00550345751232354,150
8,5,4,0.625,1.0,8.0,0.41803293116436,0.002224850092522789,150,0.46546624330934,0.0016254394094735135,150,4.841390435831735,0.08436198153089955,150,0.34466655286670667,0.008583089420269934,150,0.46629803650606666,0.008579232417955588,150,0.13627335529030135,0.006001540770488607,150,16.2167503667084,1.1080251887283592,150,0.0206846305697814,0.0014132974346020544,150,nan,nan,0,11.684355030588934,0.14825175161625942,150,11.2782154437304,0.15387654441975623,150,3.0121083869699996,3.6381205626724996e-17,150,6.693877551020002,1.4552482250689998e-16,150,1.00447278911574,0.034539630288221115,150,1.9910034013608,0.05726287678789202,150,0.15005843495934731,0.005159883793059981,150,0.29743648373984866,0.008554515129901465,150
8,5,4,0.625,2.0,8.0,0.43078152408472004,0.0026587144370696313,150,0.4729805682738867,0.001647456283095901,150,4.300503870237334,0.04694085871836027,150,0.36008529737752665,0.00838457132661432,150,0.4711900408239133,0.008584158127450666,150,0.13983004416131264,0.005676816212043941,150,16.707656357236665,1.0756447074890965,150,0.021310786169939935,0.0013719958003681645,150,nan,nan,0,12.615357726475267,0.17231556572916157,150,11.011862401793,0.20099007866113497,150,6.024216773939999,7.276241125344999e-17,150,6.693877551020002,1.4552482250689998e-16,150,0.9138265306117869,0.02931294549875178,150,1.796836734693947,0.037877421051044746,150,0.13651676829269466,0.00437906807756305,150,0.2684298780488199,0.005658517169213281,150
8,5,4,0.625,3.0,8.0,0.4238216369138533,0.002238800926196697,150,0.47268203225963334,0.0011091502460936252,150,2.9575206779880667,0.031828287427218646,150,0.31514715172602,0.0055872717498184525,150,0.41753180025364667,0.005693674876211722,150,0.17739202247692465,0.004527382175784161,150,10.627021661053135,0.43833469671799663,150,0.013554874567663869,0.0005591003784663996,150,nan,nan,0,14.311769847915333,0.14135704791954043,150,10.996518024586067,0.18727049551908004,150,9.03632516092,0.0,150,6.693877551020002,1.4552482250689998e-16,150,0.7472959183675534,0.026835731179604923,150,1.5334693877553198,0.02469614844765178,150,0.11163871951222598,0.0040089964262176835,150,0.22908536585366004,0.003689363640043895,150
8,5,4,0.625,4.0,8.0,0.41729929365072,0.0014753272988398574,150,0.47187805731625987,0.0005791425842540359,150,1.8505885554613997,0.02250658787433613,150,0.26967756803433335,0.004483877809996123,150,0.3656225124725466,0.004506123471887915,150,0.22728930683487333,0.00462748243054166,150,7.549938610150535,0.23331314470817904,150,0.009630023737432799,0.0002975932968210017,150,nan,nan,0,16.421685761772,0.11765260419687193,150,11.038641916844869,0.17794266266012793,150,12.048433547900002,1.4552482250689998e-16,150,6.693877551020002,1.4552482250689998e-16,150,0.6685714285716193,0.027363739395511445,150,1.2850000000000865,0.02988273344508235,150,0.0998780487805112,0.0040878757023746345,150,0.19196646341465198,0.004464188837829372,150
8,5,4,0.625,5.0,8.0,0.4073923472208667,0.0015892882532342388,150,0.4702561568506601,0.00038197074534352543,150,1.26887190687056,0.020509950500404127,150,0.22343819601578663,0.0033083886720442486,150,0.31153046143290664,0.00351448826578593,150,0.2861244655414,0.004315427985813279,150,5.414525708098799,0.16342316283029917,150,0.006906282790941667,0.00020844791177308537,150,nan,nan,0,19.127806658592668,0.10515667964797171,150,11.666702271055067,0.17549074966660264,150,15.060541934899996,2.9104964501379997e-16,150,6.693877551020002,1.4552482250689998e-16,150,0.5902721088436105,0.02958962063766264,150,1.1795238095236,0.03454969950055748,150,0.0881808943089721,0.004420400644040561,150,0.176209349593516,0.00516138803514418,150
8,5,4,0.625,6.0,8.0,0.40540055347646003,0.0014480712353060184,150,0.4696620319407133,0.0003451056894504535,150,0.8720948206772267,0.017970908725152186,150,0.19263099303624667,0.0028823121427541333,150,0.2780759141662733,0.0031757714394325186,150,0.33179371500936006,0.005007484786633476,150,4.444972880007467,0.1080573994391675,150,0.005669608265315666,0.00013782831561102621,150,nan,nan,0,21.464343742533334,0.08962330565743956,150,11.437223428561866,0.17347806252081585,150,18.0726503218,0.0,150,6.693877551020002,1.4552482250689998e-16,150,0.5368027210883285,0.02905026084524992,150,1.0382823129251533,0.03307264191090543,150,0.08019308943090526,0.004339825553105779,150,0.15510924796751197,0.004940730041570093,150
8,5,4,0.625,7.0,8.0,0.4002224104989267,0.0014359134388668385,150,0.4689823529086867,0.00029406208365558695,150,0.55966107971066,0.015438213504514542,150,0.17000188332971333,0.0031448207275813237,150,0.2517627589904467,0.003541471495558129,150,0.37230193577442,0.006407886586598266,150,3.878744642140933,0.1059242172041919,150,0.0049473783700771995,0.00013510741990336024,150,nan,nan,0,23.938437876401334,0.08078276650632578,150,11.176328350922267,0.17462894882875266,150,21.084758708800003,2.9104964501379997e-16,150,6.693877551020002,1.4552482250689998e-16,150,0.5150510204080194,0.02723512198539549,150,0.9763605442176773,0.03547128465050721,150,0.07694359756100128,0.004068661516115544,150,0.1458587398374474,0.005299063865471986,150
8,5,4,0.625,8.0,8.0,0.3965181338671933,0.001574265336247892,150,0.46850092814472666,0.0002706747671781652,150,0.368666008016,0.009775191724392942,150,0.14437255975229069,0.0034431069824876156,150,0.22380783137396,0.004111994066709382,150,0.42651074113334003,0.008091616259327883,150,3.3616306088518,0.11764608470196597,150,0.004287794143943266,0.00015005878150743898,150,nan,nan,0,26.617954219452663,0.07900109888153847,150,11.105899214022,0.19117124891943968,150,24.096867095800004,2.9104964501379997e-16,150,6.693877551020002,1.4552482250689998e-16,150,0.38525510204070335,0.03015350928190019,150,0.8084523809523273,0.0358036100358909,150,0.05755335365856342,0.004504640106144968,150,0.12077489837401373,0.005348710035849865,150
8,5,4,0.625,9.0,8.0,0.39637790897616,0.0013347074344519719,150,0.46799268470526667,0.00026089456160952165,150,0.24803125446257335,0.005193935557656343,150,0.12956853521803866,0.0028161016188044874,150,0.20668278176521998,0.0034355417036094254,150,0.45160732232014006,0.007683223715128962,150,3.0076669692430666,0.08281585344672163,150,0.003836309909749267,0.00010563246613091268,150,nan,nan,0,29.382057601205997,0.059359214890519874,150,11.1908854054886,0.1575365077527447,150,27.1089754827,0.0,150,6.693877551020002,1.4552482250689998e-16,150,0.4186564625847353,0.029002764736358214,150,0.7916156462581799,0.036320642459895476,150,0.06254319105692817,0.004332730097818239,150,0.11825965447157599,0.005425949635781925,150
8,5,4,0.625,10.0,8.0,0.3945056524884133,0.0013593645212268677,150,0.46767255627565324,0.0002380378647188991,150,0.1843701366339467,0.004441592619965449,150,0.121131319571526,0.0031430923082794568,150,0.19522068342185336,0.0038169095742517116,150,0.47261063107351997,0.008195471504392265,150,2.910262629912467,0.11619837512431136,150,0.003712069681009934,0.00014821221316838154,150,nan,nan,0,32.30949497414066,0.06723583276539971,150,11.473155142436735,0.19497136253543934,150,30.1210838697,0.0,150,6.693877551020002,1.4552482250689998e-16,150,0.39200680272093,0.026411261782947323,150,0.7824829931970142,0.03512675948736846,150,0.0585619918699261,0.003945584839529636,150,0.11689532520332861,0.005247595167325193,150
8,6,4,0.75,1.0,8.0,0.42711489082257326,0.00265032240035719,150,0.68951538368442,0.0016028040029662503,150,7.203651885807,0.10957997276829305,150,0.47548092293621325,0.012022944578493346,150,0.5152975100677534,0.00948172314344521,150,0.08723036140122721,0.0045630877394578825,150,36.262428477186795,3.479015126407543,150,0.021950622564879268,0.0021059413598095485,150,nan,nan,0,12.726478287566934,0.1852536310379676,150,12.241981158438065,0.19422484076909827,150,3.4043933611799995,3.6381205626724996e-17,150,7.457627118639997,2.1828723376035e-16,150,1.2278692493944265,0.03922572640016217,150,2.4088861985475933,0.0622135360164257,150,0.16464610389612466,0.005259813312753237,150,0.32300974025974666,0.00834226960220144,150
8,6,4,0.75,2.0,8.0,0.42851885019659336,0.0023983964095393006,150,0.69946371723896,0.0015618161509666948,150,6.253148465160668,0.06735308020764649,150,0.4518999859924999,0.010156092832013297,150,0.4779875927136601,0.008141235384512632,150,0.11060389018037933,0.004624444021343217,150,24.482017286370265,1.6879300429484778,150,0.014819623054702732,0.0010217494206715067,150,nan,nan,0,14.258225645315866,0.18166120156145396,150,12.458858821071068,0.2109641788633062,150,6.808786722349999,7.276241125344999e-17,150,7.457627118639997,2.1828723376035e-16,150,1.0088619854717933,0.026275413622239976,150,1.9957304277643535,0.03404932881516528,150,0.13527922077921667,0.0035232940993506576,150,0.26760930735933336,0.004565705454753422,150
8,6,4,0.75,3.0,8.0,0.42396513753618,0.0018047089127308355,150,0.7080679941173734,0.0012413187222993889,150,4.311786541258132,0.04370164914098551,150,0.39814791338443994,0.007549976723082434,150,0.4254743097883733,0.0059144775734619615,150,0.14604105471629733,0.004196103660816953,150,15.401240503286335,0.7249532036674732,150,0.009322784808285132,0.0004388336583942763,150,nan,nan,0,16.27209062284867,0.15471203369861408,150,12.556305421792134,0.20688673694493018,150,10.213180083499998,1.4552482250689998e-16,150,7.457627118639997,2.1828723376035e-16,150,0.8799031476998933,0.030439157578639284,150,1.6866747376919935,0.02821016881749306,150,0.11798701298704801,0.004081614311682497,150,0.22616774891774,0.0037827271823473218,150
8,6,4,0.75,4.0,8.0,0.4141522899818266,0.0013958864194654789,150,0.7101599152148333,0.0007371238553690279,150,2.5881933605331997,0.03593433061907986,150,0.33519553736109997,0.0056876806847046615,150,0.36600619875719337,0.0044233077989432835,150,0.19629540690690667,0.0041896060792543715,150,9.793022698556467,0.3458351481474205,150,0.005927979841742066,0.00020934331001665958,150,nan,nan,0,18.514948449322002,0.13097457367792747,150,12.407573351625734,0.2002201738886185,150,13.617573444699998,1.4552482250689998e-16,150,7.457627118639997,2.1828723376035e-16,150,0.7339386602096694,0.027970994360510426,150,1.4439548022599535,0.030540710148452197,150,0.09841450216450058,0.003750656061980481,150,0.19362121212120803,0.004095231588091892,150
8,6,4,0.75,5.0,8.0,0.4070782515365267,0.0009628195720194013,150,0.7058986197371733,0.00047444029359479595,150,1.6182737566717935,0.02627582701802936,150,0.2760612047851666,0.004122965370295698,150,0.31524203616707996,0.0032511357002230233,150,0.24810631291221333,0.004088110148219716,150,6.828361650040066,0.19285918253707465,150,0.004133390829322001,0.00011674284657200323,150,nan,nan,0,21.013183957713334,0.10565959510644374,150,12.1705978774546,0.18942728875544296,150,17.021966805900007,5.820992900275999e-16,150,7.457627118639997,2.1828723376035e-16,150,0.686037126714972,0.032568438320188256,150,1.2492090395478335,0.03255584722496226,150,0.09199134199132686,0.00436713150202532,150,0.167507575757584,0.0043654431506231365,150
8,6,4,0.75,6.0,8.0,0.4028578086017467,0.0009639992472663582,150,0.7050179165791466,0.00036744527116685865,150,1.1000969584005398,0.0255089162180429,150,0.2279483820507067,0.003229744583641875,150,0.27260878197120003,0.0025913147733530317,150,0.30295853137181333,0.004299575261685303,150,5.078924023259599,0.11263147283015368,150,0.003074409215048,6.817885764536171e-05,150,nan,nan,0,24.00164357933467,0.09777210263737715,150,12.439302906438535,0.1926640547486193,150,20.4263601671,0.0,150,7.457627118639997,2.1828723376035e-16,150,0.5557949959645428,0.027599650397856196,150,1.1463599677156533,0.03235163000247061,150,0.07452705627705657,0.003700862212437429,150,0.153716450216478,0.004338059477605103,150
8,6,4,0.75,7.0,8.0,0.39832715643341327,0.0009496710381758351,150,0.7035790628777799,0.00020861551454820073,150,0.7554665172504,0.021371801993078175,150,0.18751060725432667,0.0032574601160972466,150,0.23599061377064667,0.002893233904691931,150,0.36248640704201335,0.005821162088590999,150,4.015633916514733,0.10134146106990723,150,0.0024307711359044665,6.134471009074438e-05,150,nan,nan,0,27.001585949385333,0.09432779241443405,150,12.4967369271152,0.20624736506398741,150,23.8307535282,0.0,150,7.457627118639997,2.1828723376035e-16,150,0.4723970944310067,0.03019953951509126,150,0.9307263922519601,0.03518091515986797,150,0.06334415584414443,0.00404948370770518,150,0.12480194805191526,0.00471744089643414,150
8,6,4,0.75,8.0,8.0,0.39711812291337995,0.0009867423941998148,150,0.7031816681491935,0.00015130329580573913,150,0.46126197470172675,0.011098507674314745,150,0.16204429246149402,0.0033217765199483077,150,0.2129038717429534,0.0029628846870670246,150,0.40206649245257997,0.006276952544354963,150,3.474023571340533,0.09877909199733455,150,0.002102919837373,5.9793639223689526e-05,150,nan,nan,0,30.031764021973334,0.08951199524348334,150,12.415630598800067,0.2198167054346598,150,27.235146889399996,2.9104964501379997e-16,150,7.457627118639997,2.1828723376035e-16,150,0.4546166263114521,0.027997829369493365,150,0.9058595641648666,0.031183294740664433,150,0.060959956709954743,0.0037542543927282478,150,0.12146753246750933,0.004181396340222466,150
8,6,4,0.75,9.0,8.0,0.39420830026632,0.0009234259889175687,150,0.7031023599761801,0.00015753174917228544,150,0.3308799301356333,0.006878701277160327,150,0.14617565857261933,0.0032528424589573926,150,0.19652523550057996,0.003040565118566508,150,0.4300608620767933,0.007129540387941699,150,3.1872646087122667,0.08226171675922778,150,0.0019293369302131331,4.979522806250593e-05,150,nan,nan,0,33.246800528122,0.07572943748167346,150,12.6998796846304,0.20292958068323727,150,30.639540250599996,2.9104964501379997e-16,150,7.457627118639997,2.1828723376035e-16,150,0.483962873284737,0.029953114130225215,150,0.8726069410814091,0.03383088821775374,150,0.06489502164502547,0.004016440303828944,150,0.11700865800863483,0.004536414556471075,150
8,6,4,0.75,10.0,8.0,0.39318509803676,0.0009574671308231617,150,0.7041221725304734,0.00017200763003793904,150,0.2278314609187266,0.004780760145614535,150,0.13011379362467865,0.0030016505987393136,150,0.18251706325114067,0.0028882175587692785,150,0.4583512046943599,0.007089323938784143,150,2.9160597894282,0.0730512654142042,150,0.0017651693640601137,4.421989431850166e-05,150,nan,nan,0,36.288947962378,0.06390770708545773,150,12.375685867641801,0.18947601392286667,150,34.043933611800014,1.1641985800551999e-15,150,7.457627118639997,2.1828723376035e-16,150,0.44187247780461614,0.025958413595522662,150,0.8352461662627862,0.03248152216821482,150,0.05925108225109121,0.0034807872775828937,150,0.11199891774894825,0.004355476836199325,150
8,7,4,0.875,1.0,8.0,0.43186788802666,0.002870962109721291,150,0.9332296479287868,0.0012645967928413503,150,9.118633610420401,0.13751405175311135,150,0.5809058445794268,0.015555296044012549,150,0.53241467656432,0.010488978375604778,150,0.0704101569575324,0.0045882220437612215,150,61.7114955513112,5.694233116752142,150,0.019628338279684666,0.0018111428488410304,150,nan,nan,0,14.222171290519666,0.19409236726215592,150,13.711711852317734,0.20240720318459976,150,3.7105103144900013,1.09143616880175e-16,150,8.122137404580002,1.4552482250689998e-16,150,1.3464800678537818,0.041872662025074954,150,2.6159923664122666,0.06907337229994086,150,0.165779030910594,0.0051553747418061615,150,0.3220817669173167,0.008504334371514297,150
8,7,4,0.875,2.0,8.0,0.4349099925867667,0.0025908336694316727,150,0.9527024830879333,0.001506955300112491,150,8.128284877057935,0.07764484741012966,150,0.57649271844436,0.013322877830472002,150,0.5052729415081999,0.008598331789718368,150,0.08213948410105407,0.004162746218034459,150,42.56213734776366,3.363821247415778,150,0.01353757549229187,0.0010699176995610756,150,nan,nan,0,15.743665870195533,0.192458025719728,150,13.816276224570935,0.22317045582920084,150,7.421020628980003,2.1828723376035e-16,150,8.122137404580002,1.4552482250689998e-16,150,1.1244741306193002,0.02393616790358288,150,2.2034732824425336,0.03604557278746772,150,0.138445593149544,0.0029470281911362726,150,0.2712922932331,0.004437941762369448,150
8,7,4,0.875,3.0,8.0,0.42848076812002667,0.0016778570615074665,150,0.9650136281598534,0.001307213835917577,150,5.675175406183,0.04868050248736338,150,0.5137785296462001,0.00900411412519217,150,0.4509131663948,0.005624426702743819,150,0.10988691532385933,0.003463473659795797,150,23.537108529982063,1.0433813883096899,150,0.0074863576749304,0.0003318643092587386,150,nan,nan,0,17.686960039405335,0.16039740908168085,150,13.636664976521267,0.21350879153394584,150,11.131530943499998,1.4552482250689998e-16,150,8.122137404580002,1.4552482250689998e-16,150,0.97920695504698,0.026838928838658755,150,1.8744317217982802,0.024026470188810028,150,0.12056025480369466,0.0033044169904713912,150,0.23078059732667336,0.002958146235652639,150
8,7,4,0.875,4.0,8.0,0.41561618456464666,0.0012530481940730529,150,0.97102998011956,0.0010226999184581407,150,3.4064130635152,0.045479968671659564,150,0.4062265417218333,0.0065979841016075525,150,0.37271494334540667,0.004113424335803872,150,0.16502498273445998,0.00352074670397429,150,12.577892090764932,0.4222058273584154,150,0.004000601810040267,0.00013428938529224497,150,nan,nan,0,20.170542722980002,0.15061578572001846,150,13.492792331244333,0.2301041821763591,150,14.842041258000002,1.4552482250689998e-16,150,8.122137404580002,1.4552482250689998e-16,150,0.8230619168787693,0.03137674652557567,150,1.5916497031380732,0.02574436802294432,150,0.10133563074352414,0.003863114468842491,150,0.19596439014201333,0.0031696543336521936,150
8,7,4,0.875,5.0,8.0,0.40502154792038,0.00082140387746087,150,0.9709375931779802,0.000641262989600126,150,2.02529081746658,0.03403981915238942,150,0.3246057866454533,0.004562143830152157,150,0.3143659120674933,0.002895128421539056,150,0.22191542020543334,0.003539767013170465,150,7.835717113925466,0.1866515073122514,150,0.002492276435726133,5.936752777104865e-05,150,nan,nan,0,22.91979122729933,0.12791391461295962,150,13.259164559350735,0.2280961281126347,150,18.5525515725,0.0,150,8.122137404580002,1.4552482250689998e-16,150,0.6682485156913212,0.028941397944593817,150,1.32567430025462,0.031074806048787207,150,0.08227495822892907,0.0035632736191199875,150,0.163217418546408,0.0038259394665344985,150
8,7,4,0.875,6.0,8.0,0.40054661194288665,0.0007885449768606478,150,0.9685166469932868,0.0004970037554289032,150,1.3397533245972466,0.0321123622452859,150,0.2654155317215133,0.0043748191171238,150,0.26978829675118665,0.0029385184938749294,150,0.27787754651437335,0.004629071425472176,150,5.788638823570267,0.15941290045589565,150,0.0018411701092777332,5.070384874552351e-05,150,nan,nan,0,26.00432461679933,0.10782113276962124,150,13.246690069911331,0.21423126952555116,150,22.263061886999996,2.9104964501379997e-16,150,8.122137404580002,1.4552482250689998e-16,150,0.619189991518171,0.028057481933055087,150,1.188570822731,0.031352464337422836,150,0.0762348579783018,0.0034544456139409285,150,0.14633719715957466,0.003860124838535639,150
8,7,4,0.875,7.0,8.0,0.3961619966907267,0.0007350212836262506,150,0.9672075260823533,0.0004446443742922119,150,0.8791041357707666,0.025549873101366766,150,0.21061236130261332,0.0037380718069473435,150,0.2303087082199867,0.002578840573662189,150,0.3374008295760733,0.004953469129481569,150,4.326602080978668,0.11855856857203399,150,0.0013761457000568066,3.7709468375296644e-05,150,nan,nan,0,29.434463529542665,0.0982121006067452,150,13.643235135624334,0.21768338395165018,150,25.9735722014,0.0,150,8.122137404580002,1.4552482250689998e-16,150,0.5457803223069814,0.028932350756067433,150,1.0621628498727467,0.03151166078407074,150,0.06719663742690826,0.003562159726546488,150,0.13077380952381734,0.003879725152926639,150
8,7,4,0.875,8.0,8.0,0.39362780525807334,0.0006456924093971734,150,0.9642169964907001,0.000382062882843853,150,0.5657823505857866,0.012411803399240015,150,0.17626900446378002,0.003373304786450827,150,0.20310698215910666,0.0026388518091425167,150,0.38742013181570667,0.0060096228762075345,150,3.576302694297467,0.09027471823551293,150,0.0011375008569647401,2.8713332772128332e-05,150,nan,nan,0,32.709232052252666,0.0874409155512006,150,13.520503556781865,0.2180501042984894,150,29.684082515900002,2.9104964501379997e-16,150,8.122137404580002,1.4552482250689998e-16,150,0.45441475826975564,0.02695777918941905,150,0.9088804071248141,0.03411593891665149,150,0.0559476817042639,0.0033190498814007984,150,0.11190162907268521,0.00420036465984745,150
8,7,4,0.875,9.0,8.0,0.3928410307336933,0.0007053006620700243,150,0.9629077987279534,0.0003493978903161574,150,0.3879141923773467,0.006995714697052178,150,0.15255516786916667,0.0029800867725445265,150,0.18429377679113335,0.002414756578240074,150,0.42122261833610003,0.006298916468414267,150,3.1642359102010005,0.07039324048586651,150,0.0010064363582063666,2.2389707533703147e-05,150,nan,nan,0,36.22196128321267,0.08045285648361776,150,13.816323699243664,0.2152768622540897,150,33.39459283040001,5.820992900275999e-16,150,8.122137404580002,1.4552482250689998e-16,150,0.4813316369805646,0.02698754651097236,150,0.8868702290074966,0.03173236723196609,150,0.05926169590645647,0.003322714842986461,150,0.10919172932332465,0.003906898597173273,150
8,7,4,0.875,10.0,8.0,0.39255292798064667,0.0006354940656818527,150,0.9615895780259666,0.00025751595929017734,150,0.2780947100634533,0.005048720346627207,150,0.138223737172386,0.0029390738116898745,150,0.17343617753607332,0.0025535662048563317,150,0.4432096876304067,0.007020893743930247,150,2.9858868313491334,0.06651299384667092,150,0.0009497095519558202,2.115553239398342e-05,150,nan,nan,0,39.585112561606664,0.07242670800353047,150,13.575221396470868,0.21185375058229708,150,37.105103144900006,5.820992900275999e-16,150,8.122137404580002,1.4552482250689998e-16,150,0.43173027989822593,0.025143422825169653,150,0.8726335877861879,0.03219288416974334,150,0.05315476190479506,0.0030956657801703034,150,0.10743890977443454,0.003963597581047206,150
8,8,4,1.0,1.0,8.0,0.44064518197816,0.00335250658222536,150,1.2039234829314667,0.001281894864604719,150,11.102335992222134,0.17057403375321145,150,0.7143662051305466,0.019596026406648488,150,0.5646750897042467,0.011356903385385957,150,0.05108148430239293,0.004045150726785689,150,119.00187382964835,11.497251891266457,150,0.021735502069346286,0.002099954683336929,150,nan,nan,0,15.321226805004935,0.22462610219604445,150,14.772787343333736,0.23385820782550715,150,3.9842265695800005,3.6381205626724996e-17,150,8.696986301370002,1.4552482250689998e-16,150,1.5194837138511332,0.041816140023316635,150,2.94786484018276,0.07165984221318052,150,0.17471382168464403,0.004808118418755837,150,0.3389524529569953,0.008239617693994845,150
8,8,4,1.0,2.0,8.0,0.4469553501857399,0.002614019326131516,150,1.2236720967746002,0.001358228957180533,150,9.988192399280866,0.07958789066238556,150,0.7376553658580066,0.01433694499956077,150,0.5526370618354599,0.00786125262066474,150,0.051446988580735466,0.002646532815758065,150,80.489898048904,6.68732115435743,150,0.014701351241806266,0.001221428521343104,150,nan,nan,0,16.731589737259,0.2084025928363319,150,14.634391376393468,0.24241172491599328,150,7.968453139150001,7.276241125344999e-17,150,8.696986301370002,1.4552482250689998e-16,150,1.2965625570776398,0.021663651898538763,150,2.4900042617959337,0.03488347653725052,150,0.14908182123656932,0.0024909377970543187,150,0.2863065636200467,0.004010984417877467,150
8,8,4,1.0,3.0,8.0,0.4299823838026534,0.0018195658115604484,150,1.2395760291624667,0.0013341285686737894,150,7.072056292814135,0.05197264600679924,150,0.6159169361285933,0.010804339202529068,150,0.46707647274587333,0.005502365433887128,150,0.08741742835905868,0.0027475264585694837,150,33.83483678908407,1.648848159384665,150,0.006179878865584934,0.0003011594811657893,150,nan,nan,0,18.922308546362668,0.16173872977679024,150,14.5711654203848,0.21309637807195744,150,11.952679708700002,1.4552482250689998e-16,150,8.696986301370002,1.4552482250689998e-16,150,1.0125175038049867,0.02661303237613602,150,1.9841972602740665,0.021258373061992696,150,0.11642165098565069,0.003060029239316684,150,0.22814768145167336,0.002444337880426969,150
8,8,4,1.0,4.0,8.0,0.4159527564574,0.0011148006748455774,150,1.2511294577858667,0.0009883002157943701,150,4.318080923525599,0.05310098392605837,150,0.48942519456998,0.007931922753979343,150,0.38561093205994,0.004091415141094655,150,0.137802554781016,0.002961489679478819,150,16.576795983234668,0.6445553716875653,150,0.003027725293740333,0.0001177270085274713,150,nan,nan,0,21.757873024279338,0.15102485750901037,150,14.66282444857027,0.22909368614509118,150,15.936906278300002,1.4552482250689998e-16,150,8.696986301370002,1.4552482250689998e-16,150,0.84310258751906,0.0256498140035314,150,1.6270076103502666,0.021490981937391858,150,0.096941924283158,0.002949276118725995,150,0.18707717293902001,0.0024710837976174784,150
8,8,4,1.0,5.0,8.0,0.40599169144934666,0.0007206107837526742,150,1.2544223051174,0.000585008298763146,150,2.5551405445331996,0.04326781460684773,150,0.3843030918094067,0.004639920414086044,150,0.32141164174818,0.0024911067832819813,150,0.19202090289680265,0.0026069573920539904,150,9.515932758354401,0.25482591878834804,150,0.0017380699102014666,4.654354681066523e-05,150,nan,nan,0,24.582676673821332,0.12880154138131164,150,14.229114689599198,0.22376640773514828,150,19.9211328479,0.0,150,8.696986301370002,1.4552482250689998e-16,150,0.7527159817351986,0.02762392753580321,150,1.424092541856787,0.025858039401951444,150,0.08654905913979254,0.0031762643493486124,150,0.16374551971327264,0.002973218366212393,150
8,8,4,1.0,6.0,8.0,0.39853163412627335,0.0006217319983185273,150,1.2562373819281998,0.0003636664994360971,150,1.6101634106733331,0.03793498862595674,150,0.30080345830546,0.0043044342432592055,150,0.27031493213116664,0.0025548646162271925,150,0.2527819090722,0.0036206682218367973,150,6.511335621835199,0.20724097037158906,150,0.0011892850450841734,3.785223203136535e-05,150,nan,nan,0,28.00054563111,0.12727069102509453,150,14.310949135808066,0.2613151827367513,150,23.905359417499998,2.9104964501379997e-16,150,8.696986301370002,1.4552482250689998e-16,150,0.660507762557044,0.02717454991402337,150,1.2857692541857135,0.028319038991550936,150,0.07594674059137681,0.0031245938503700194,150,0.14784078181003069,0.00325618990420752,150
8,8,4,1.0,7.0,8.0,0.39425432495914,0.0005230864444138973,150,1.2567023645792001,0.00026470487795415875,150,1.07532031674976,0.028230615004338263,150,0.23474508388124,0.004075513023781791,150,0.22817419162566002,0.002580409421679362,150,0.31785889069166673,0.004926376243702034,150,4.730295416578066,0.1274948173448122,150,0.0008639808980052734,2.3286724629211534e-05,150,nan,nan,0,31.638442038113997,0.10842900232627245,150,14.7090558914204,0.239650938654434,150,27.889585986999997,2.9104964501379997e-16,150,8.696986301370002,1.4552482250689998e-16,150,0.556678234398748,0.028190710843211293,150,1.08652176560124,0.032057821802921535,150,0.0640081765233078,0.003241434431005855,150,0.12493083557350533,0.003686083971166001,150
8,8,4,1.0,8.0,8.0,0.39267251112898,0.0005171112284038823,150,1.2557337197635332,0.00017798231453408815,150,0.63921918192796,0.013405841392084502,150,0.19622212504244002,0.003930997875731973,150,0.20216269274530668,0.0025942046588629565,150,0.36526816190758665,0.005765412289665537,150,3.937680718528001,0.12374808008816666,150,0.0007192110901420066,2.2602389057179117e-05,150,nan,nan,0,34.949472722192,0.08439158071457782,150,14.13795532159753,0.21213369352281167,150,31.873812556600004,2.9104964501379997e-16,150,8.696986301370002,1.4552482250689998e-16,150,0.5028870624048828,0.027366663730558283,150,0.9713656012175998,0.03234143103323506,150,0.05782314068100076,0.0031466835501676067,150,0.11168990815411267,0.0037186940294632147,150
8,8,4,1.0,9.0,8.0,0.39150949786784667,0.0005366570716862697,150,1.2549710417181335,0.0001466362866840894,150,0.44189315247550665,0.007777930724615993,150,0.16609409375641065,0.003256934112159248,150,0.18180854167448,0.0023244798583323817,150,0.40557374288751996,0.0058999039514701585,150,3.373440194264267,0.08125225383088025,150,0.0006161534601396,1.484059430701728e-05,150,nan,nan,0,38.57432093355733,0.07545284603702819,150,14.01889168946173,0.2088353446232154,150,35.85803912619999,5.820992900275999e-16,150,8.696986301370002,1.4552482250689998e-16,150,0.44175342465769063,0.025061543241152083,150,0.8860103500762976,0.030676999098096087,150,0.05079385080645546,0.002881635358811365,150,0.1018755600358104,0.00352731371937871,150
8,8,4,1.0,10.0,8.0,0.39057110350206664,0.000599646609346015,150,1.2550856105116,0.00010807332132814967,150,0.3264040116332933,0.00553970060147046,150,0.14854497598368666,0.003452211041052667,150,0.16814531728255336,0.002603205185570768,150,0.4343314844479867,0.006810880072575095,150,3.141988815076733,0.09027217201866074,150,0.0005738792356304467,1.648806794859743e-05,150,nan,nan,0,42.413203630076,0.0738398102512138,150,14.306044420784735,0.2261910273057046,150,39.8422656958,0.0,150,8.696986301370002,1.4552482250689998e-16,150,0.4489351598172623,0.02588812264987778,150,0.8698057838659834,0.033666259973535936,150,0.05161962365590425,0.0029766774090233383,150,0.1000123207885346,0.0038710259861209914,150
8,4,4,0.5,1.0,9.0,0.4094263444542133,0.0024086610869901936,150,0.2700946642784467,0.0013203304251583868,150,2.445441399091253,0.05735778548583667,150,0.22115551127322267,0.006411818299799213,150,0.39834980691515337,0.00917453910403752,150,0.23733970140947,0.010077480296699906,150,7.716848595834467,0.44359866093453737,150,0.023384389684341537,0.001344238366466379,150,nan,nan,0,11.359147070966067,0.18421997266238724,150,11.083720349456001,0.1892633002398426,150,2.429137546509999,7.276241125344999e-17,150,5.81818181818,0.0,150,0.7648080808079181,0.03376470420136227,150,1.505414141413866,0.05738878035920338,150,0.1314513888889024,0.0058033085346123735,150,0.25874305555556065,0.009863696624240028,150
8,4,4,0.5,2.0,9.0,0.4098891940131533,0.002435728560725995,150,0.27754429573651335,0.0014059350346805506,150,2.3883090363447534,0.03373810892101723,150,0.2164343586006887,0.005406754186852327,150,0.3823421367610534,0.007563634914788939,150,0.24940373847897865,0.007402104044781824,150,6.771168759466,0.39837000786402055,150,0.020518693210499934,0.0012071818420113982,150,nan,nan,0,12.300680076170067,0.16811000600009526,150,11.255641078526933,0.1872679326567536,150,4.858275093019998,1.4552482250689998e-16,150,5.81818181818,0.0,150,0.6639999999999867,0.025237556461087145,150,1.31474747474758,0.03411869826540842,150,0.11412500000002798,0.004337705016751961,150,0.2259722222222193,0.005864151264370995,150
8,4,4,0.5,3.0,9.0,0.41435725355226,0.0023541004959271358,150,0.2794691669106666,0.0011595860629898954,150,1.888042966197,0.02303726691144709,150,0.20880383934689334,0.0042015886142363155,150,0.36843465892936667,0.005916533690215408,150,0.2647964010880587,0.006316650617978984,150,5.980140704828867,0.22121328457201272,150,0.018121638499483134,0.0006703432865821999,150,nan,nan,0,13.240261674671332,0.13810122874199546,150,10.987482903315867,0.1701772889615523,150,7.287412639530001,7.276241125344999e-17,150,5.81818181818,0.0,150,0.6421010101009533,0.02741960834242192,150,1.2326464646460866,0.02900201016070851,150,0.11036111111111002,0.004712745183853362,150,0.2118611111111,0.00498472049637074,150
8,4,4,0.5,4.0,9.0,0.4084007903456,0.0023303315245849876,150,0.2777357231267,0.0009439957609717772,150,1.3216897436863133,0.021141656710329332,150,0.18768905266935665,0.0035720023161483743,150,0.33493641726328,0.00493013642651409,150,0.303757720030408,0.005958511911161056,150,4.8950375703612,0.14833791726237933,150,0.014833447182913868,0.00044950884018925264,150,nan,nan,0,14.865493000411334,0.14092529980027332,150,11.134987140611866,0.192871746591721,150,9.716550186029998,1.4552482250689998e-16,150,5.81818181818,0.0,150,0.5626262626263607,0.027579391534587133,150,1.0757979797976933,0.028011036868952226,150,0.09670138888889507,0.004740207920007385,150,0.18490277777778202,0.004814396961854121,150
8,4,4,0.5,5.0,9.0,0.40453520847474,0.0022691824521154113,150,0.2789417973994,0.000755140759990275,150,0.90774340565276,0.017417526458680634,150,0.16711600979186667,0.0032589237522462873,150,0.30127485298472667,0.004576805374072028,150,0.3487418807169067,0.0061032020276439,150,4.127852362149733,0.1289354111267904,150,0.012508643521666066,0.00039071336705015535,150,nan,nan,0,16.508712926804666,0.12396532311955684,150,11.039583367772932,0.19102714007158986,150,12.145687732500003,1.4552482250689998e-16,150,5.81818181818,0.0,150,0.512606060606256,0.026990488611627665,150,0.9913939393938865,0.02921826404172835,150,0.0881041666666678,0.0046389902301194235,150,0.17039583333335329,0.005021889132172055,150
8,4,4,0.5,6.0,9.0,0.3999742676979734,0.002103545197632953,150,0.2754179318250533,0.0007026593192139046,150,0.6372418253269133,0.013739681046303772,150,0.14615383272934332,0.002836883608763597,150,0.27000360470856666,0.003993894171477921,150,0.3938392970866733,0.006845334410396686,150,3.4450704372438667,0.08493684434769816,150,0.010439607385586799,0.00025738437681125775,150,nan,nan,0,18.487726858000666,0.09595850290595345,150,11.268712556479533,0.15882595447494643,150,14.574825279099999,1.4552482250689998e-16,150,5.81818181818,0.0,150,0.44739393939393285,0.025138484764709618,150,0.8806060606060934,0.03220067351995475,150,0.07689583333334907,0.004320677068937257,150,0.15135416666669532,0.005534490761242666,150
8,4,4,0.5,7.0,9.0,0.4024699328858334,0.002105307747070993,150,0.27253465697952667,0.0006494107357643639,150,0.45734747015672667,0.01276505496863399,150,0.13283176053816065,0.003035490708747753,150,0.24875866196557997,0.0043837936043253705,150,0.42788039322015997,0.0077799187596076435,150,3.1552384586125997,0.09921296405878707,150,0.009561328662462069,0.00030064534563286986,150,nan,nan,0,20.387487422065334,0.0883873564281772,150,11.115425784966401,0.16641174822879382,150,17.0039628256,0.0,150,5.81818181818,0.0,150,0.40472727272730785,0.02811434968011986,150,0.8057777777777707,0.03478929160460181,150,0.0695625000000308,0.004832153851272518,150,0.13849305555558936,0.005979409494543104,150
8,4,4,0.5,8.0,9.0,0.4006199056818467,0.0021215300064322228,150,0.26936679082271997,0.0005627979359813401,150,0.306558106758466,0.010087051217572375,150,0.12009160760544935,0.003040455537812457,150,0.2307971290574334,0.004572900468926755,150,0.46033856015187335,0.008670646778451387,150,2.884495949888466,0.09226438676943904,150,0.008740896817840467,0.0002795890508162818,150,nan,nan,0,22.443706206393333,0.08063769036263126,150,11.083049702470467,0.168080969412155,150,19.433100372099997,2.9104964501379997e-16,150,5.81818181818,0.0,150,0.35632323232321694,0.027310276077135077,150,0.7369292929291866,0.03656092265373158,150,0.061243055555578726,0.004693953700761783,150,0.12665972222221872,0.006283908581112221,150
8,4,4,0.5,9.0,9.0,0.4011836455661067,0.002069055009335736,150,0.26562578626811334,0.0004305375420072856,150,0.18613354235148932,0.0054014409823653535,150,0.11022203211708534,0.0028263428894849158,150,0.2160606351521333,0.004203240711831898,150,0.48237493652698676,0.008350487645888324,150,2.6767944113938666,0.08092823134917636,150,0.008111498216343467,0.0002452370646942987,150,nan,nan,0,24.57233013848467,0.07220315235401302,150,11.06458763046133,0.16776547989138765,150,21.862237918599998,2.9104964501379997e-16,150,5.81818181818,0.0,150,0.3475959595959043,0.02644748403464574,150,0.6766868686867146,0.03153647201859696,150,0.059743055555598515,0.004545661318463162,150,0.11630555555559799,0.005420331128200149,150
8,4,4,0.5,10.0,9.0,0.4004182873941533,0.002144062099499367,150,0.26335802022808,0.0004094480567137931,150,0.12453672708933866,0.00407540957191525,150,0.10631950885943134,0.002773357911720336,150,0.21114282228133333,0.004268168328859253,150,0.4897748374653666,0.008934370885990146,150,2.622874303896334,0.06821691981714804,150,0.007948103951202533,0.00020671793883992722,150,nan,nan,0,26.684039760164,0.07267645541742401,150,10.864841098871599,0.1777805381345314,150,24.291375465099996,2.9104964501379997e-16,150,5.81818181818,0.0,150,0.35567676767678064,0.026114367167021143,150,0.713696969697128,0.031903948634655996,150,0.061131944444487135,0.00448840685683752,150,0.12266666666672874,0.005483491171578238,150
8,5,4,0.625,1.0,9.0,0.4045528288674667,0.0018001365452329967,150,0.4588158968646333,0.0016378635054978042,150,4.234959917370734,0.07873790485960064,150,0.2849062423051533,0.006911041670984163,150,0.4016170633543067,0.007239657749046131,150,0.18227968920895202,0.006492481650890192,150,10.239561981638799,0.6356258648703064,150,0.013060665792905667,0.0008107472766203535,150,nan,nan,0,13.3401528174002,0.1783228914889992,150,12.985181741622867,0.18336881792067153,150,3.0121083869699996,3.6381205626724996e-17,150,6.693877551020002,1.4552482250689998e-16,150,0.84965986394542,0.028893723127341286,150,1.7174319727893204,0.0496439761598644,150,0.12693089430892668,0.004316440345243501,150,0.2565675813008333,0.007416325706812016,150
8,5,4,0.625,2.0,9.0,0.4145231858450133,0.00222990350988453,150,0.4688494152436067,0.00171500715808021,150,4.030086865267133,0.051190193606172045,150,0.3051436770915933,0.007844809462254415,150,0.41241360677218664,0.007984272803369538,150,0.18270261002283733,0.006539218807486623,150,11.4362373246844,0.7088864385686545,150,0.014587037403931668,0.0009041918859290655,150,nan,nan,0,14.131789892418668,0.17967613810583577,150,12.732614348242866,0.2024526352608173,150,6.024216773939999,7.276241125344999e-17,150,6.693877551020002,1.4552482250689998e-16,150,0.82933673469386,0.027499691673074096,150,1.6394727891158334,0.03707233890823194,150,0.12389481707318202,0.004108185646282739,150,0.244921239837392,0.0055382457515393765,150
8,5,4,0.625,3.0,9.0,0.41296372166586,0.0018821228410751286,150,0.4705324842940333,0.0013656556211209907,150,3.007839694693067,0.03500353219124437,150,0.27697384175656,0.005977195097445182,150,0.37811485739573336,0.006053858749392823,150,0.21537998474758202,0.005720971457795078,150,8.586138982324734,0.3701176138108179,150,0.010951707885620266,0.000472088793126228,150,nan,nan,0,15.589612127398,0.1528473256977349,150,12.624225851306933,0.19196509339322385,150,9.03632516092,0.0,150,6.693877551020002,1.4552482250689998e-16,150,0.7118537414965573,0.02741584910265437,150,1.4203231292517666,0.02856235116160864,150,0.1063440040650904,0.004095660384242068,150,0.2121824186991867,0.00426693660646736,150
8,5,4,0.625,4.0,9.0,0.4086556521534333,0.0015494312523539522,150,0.4728621061667667,0.0009044857676836719,150,2.006124977725334,0.029741213585296713,150,0.2374556034162533,0.004115252534258609,150,0.33157295370618667,0.004319765908957004,150,0.2638478483243467,0.005082351448696717,150,6.1356108913741325,0.18980695040075615,150,0.007826034300220535,0.00024210070204179962,150,nan,nan,0,17.659341473233336,0.13752703729590368,150,12.797935813598466,0.1959072584606335,150,12.048433547900002,1.4552482250689998e-16,150,6.693877551020002,1.4552482250689998e-16,150,0.5884693877552066,0.028050538156893255,150,1.2022789115646666,0.02762046870506689,150,0.08791158536585093,0.0041904767368509226,150,0.17960873983741668,0.004126228556545473,150
8,5,4,0.625,5.0,9.0,0.40456755491232665,0.001539843106825764,150,0.4708186702311,0.0004987625412283827,150,1.3195659485332198,0.017683310915848193,150,0.21062557228842665,0.003273397708631383,150,0.2993794886242,0.0032547634521960475,150,0.30091443139750673,0.004553911783041111,150,5.014413092947933,0.12013184800306453,150,0.006395935067535667,0.0001532293979628947,150,nan,nan,0,19.83570012206267,0.12119093977118023,150,12.784390634798202,0.19006942207809743,150,15.060541934899996,2.9104964501379997e-16,150,6.693877551020002,1.4552482250689998e-16,150,0.6022278911562866,0.027684957872765734,150,1.1281462585028668,0.029370536938683103,150,0.0899669715447466,0.004135862609046866,150,0.16853404471547265,0.004387671676818369,150
8,5,4,0.625,6.0,9.0,0.40132399447032,0.0014728621876170622,150,0.47003232289784,0.00034862416447508705,150,0.9484636976194133,0.021738436018478295,150,0.18278533500710664,0.003098826854369883,150,0.26643647928232667,0.0033798345879716384,150,0.34824770097364666,0.005473929077342347,150,4.197332424976467,0.11515291795926251,150,0.005353740337980466,0.00014687872188669492,150,nan,nan,0,22.18313271282,0.11811548785603052,150,12.6804259220542,0.212940813795833,150,18.0726503218,0.0,150,6.693877551020002,1.4552482250689998e-16,150,0.5289795918366593,0.027232390601798655,150,1.0231632653062934,0.033572238987618894,150,0.0790243902438924,0.004068253474049725,150,0.15285060975611334,0.005015364970707744,150
8,5,4,0.625,7.0,9.0,0.39902289726188667,0.0014660623814828368,150,0.4692022127518535,0.0003087224964898531,150,0.6434128339356999,0.018312892277902983,150,0.16024086693945402,0.002893782201090379,150,0.24041176979970666,0.0032445947666966597,150,0.39078461084037336,0.006268995139101735,150,3.6134867650646,0.08997100648180206,150,0.004609039241153467,0.00011475893683901335,150,nan,nan,0,24.752701132528,0.10421025856541997,150,12.783084424683933,0.20627770198157744,150,21.084758708800003,2.9104964501379997e-16,150,6.693877551020002,1.4552482250689998e-16,150,0.49328231292496466,0.029961333937132278,150,0.9029081632655593,0.0361017282279382,150,0.07369156504068293,0.004475930984517285,150,0.1348856707317464,0.005393245985272315,150
8,5,4,0.625,8.0,9.0,0.39816894117298,0.0014391100366915304,150,0.46948680296387335,0.000335068036584145,150,0.4420630775496867,0.013236509370549956,150,0.13797763510596867,0.0028365475096578936,150,0.21331802164558,0.0034570770686827594,150,0.44065824429089334,0.007128085445661822,150,3.0993739194965335,0.089776206459397,150,0.003953283060581934,0.00011451046742265816,150,nan,nan,0,27.340109090028005,0.08183563584390839,150,12.759139132298467,0.183639445556374,150,24.096867095800004,2.9104964501379997e-16,150,6.693877551020002,1.4552482250689998e-16,150,0.412261904761668,0.026725000890091194,150,0.8122108843537252,0.03556322684403611,150,0.06158790650407829,0.003992454401269772,150,0.12133638211383493,0.005312799132188707,150
8,5,4,0.625,9.0,9.0,0.3974761200643466,0.0015008852112023022,150,0.46871211615172664,0.0002781940534000124,150,0.28831777361421335,0.00836653114435295,150,0.12482184524914265,0.0027321894919550855,150,0.19999018349045997,0.0033444209833804178,150,0.46406414265402,0.00736479088141406,150,2.8735867371795334,0.07674999140488543,150,0.003665289205586,9.789539720010776e-05,150,nan,nan,0,29.883466953888668,0.08588653023933651,150,12.3565505440452,0.2095024791668934,150,27.1089754827,0.0,150,6.693877551020002,1.4552482250689998e-16,150,0.3783673469386874,0.024184740193733546,150,0.7491156462583161,0.031140733889114144,150,0.05652439024393298,0.0036129642362636195,150,0.11191056910574988,0.0046521218310016516,150
8,5,4,0.625,10.0,9.0,0.3967131888765533,0.0014149274294077507,150,0.46823923373978005,0.00024924965861397,150,0.20256168657767934,0.005262385997493255,150,0.11648176969813334,0.0029963008675613044,150,0.18896120820994666,0.0036356848673232607,150,0.4845413946405,0.008405581249084713,150,2.7705083311318663,0.08444072916847835,150,0.0035338116468515333,0.00010770501169447362,150,nan,nan,0,32.739248608452,0.08034331138319475,150,12.607419739923401,0.21036043797235482,150,30.1210838697,0.0,150,6.693877551020002,1.4552482250689998e-16,150,0.3719217687072798,0.024975416410109273,150,0.7437414965981609,0.03406811695892016,150,0.05556148373985164,0.0037310835490780314,150,0.11110772357729402,0.0050894443018011165,150
8,6,4,0.75,1.0,9.0,0.41451449499907334,0.0021965132152695923,150,0.6827425796414733,0.0016011271928720425,150,6.446669513083399,0.1142238419600774,150,0.4011926463966,0.012165690737761388,150,0.45013575864952665,0.009912642889949579,150,0.1288832732240694,0.007051693466533697,150,23.889525182662336,2.402138177707525,150,0.014460971660206334,0.0014540788000644846,150,nan,nan,0,14.541675104313667,0.20265567919131933,150,14.123337507142466,0.20920250719145253,150,3.4043933611799995,3.6381205626724996e-17,150,7.457627118639997,2.1828723376035e-16,150,1.1020419693303332,0.042216260614194395,150,2.16273607748184,0.0707315622187493,150,0.14777380952378066,0.005660816764176174,150,0.29000324675323536,0.00948445947933079,150
8,6,4,0.75,2.0,9.0,0.41892815231971997,0.00217437889977791,150,0.6925419946685467,0.0017595152932944255,150,5.805779414014133,0.07441009402650381,150,0.40756957452315334,0.00988167369511673,150,0.44378346283615333,0.007900695858042227,150,0.13316951746667532,0.005100426759866098,150,19.61325600723833,1.3719647650986664,150,0.011872430997115602,0.00083048714594396,150,nan,nan,0,15.485439954883269,0.20054590433404032,150,13.842234387191468,0.22915663055880423,150,6.808786722349999,7.276241125344999e-17,150,7.457627118639997,2.1828723376035e-16,150,0.9513882163033534,0.023708538169254046,150,1.8628894269570466,0.033972231800755696,150,0.12757251082248933,0.0031790994363317376,150,0.24979653679648664,0.004555367446013097,150
8,6,4,0.75,3.0,9.0,0.4146948669590666,0.0014647541776336703,150,0.7070955633909,0.0014094667747451641,150,4.387511945174733,0.04273981962889939,150,0.36059449248922,0.0070229999044876985,150,0.3936393319289467,0.005658550550872187,150,0.170159737485838,0.004667749162993686,150,12.228400042766266,0.5259762683998402,150,0.007402179202641465,0.00031838757167023204,150,nan,nan,0,17.368167752688,0.16279969409665632,150,13.964602277645335,0.2053503180159192,150,10.213180083499998,1.4552482250689998e-16,150,7.457627118639997,2.1828723376035e-16,150,0.8207748184016868,0.027504364664475735,150,1.6196852300240934,0.026690267196216446,150,0.11005844155846001,0.0036880852618321807,150,0.2171850649350713,0.003578922192220786,150
8,6,4,0.75,4.0,9.0,0.41198502569188666,0.0013802558048128064,150,0.7100106384003466,0.0010509027248425031,150,2.697501602455667,0.03939915495395613,150,0.31594946687906,0.005721794171067806,150,0.35220988996366664,0.004485308841922354,150,0.20967916941244402,0.0044759600621501645,150,8.967100353571402,0.3119686350316704,150,0.005428026848407334,0.00018884299941369136,150,nan,nan,0,19.37513984433267,0.1489258608734383,150,13.6428071827792,0.2188470020008543,150,13.617573444699998,1.4552482250689998e-16,150,7.457627118639997,2.1828723376035e-16,150,0.7277643260693494,0.028627471103241563,150,1.3946731234864536,0.028330730688999013,150,0.09758658008657373,0.0038386836252069104,150,0.18701298701294064,0.0037988934332926073,150
8,6,4,0.75,5.0,9.0,0.40417535617654665,0.0010867555590955396,150,0.7080513333174934,0.0007758288058329541,150,1.7700601360185464,0.024983435062610738,150,0.2562951853345334,0.004215759140335087,150,0.29882566456467335,0.0032678544823884965,150,0.26829402760436,0.0044881323843732265,150,6.171206033697133,0.15994236595540348,150,0.003735596872698667,9.681741280603265e-05,150,nan,nan,0,22.191512093354,0.12660103558505925,150,14.100464420288802,0.2053137015485757,150,17.021966805900007,5.820992900275999e-16,150,7.457627118639997,2.1828723376035e-16,150,0.6358999192896988,0.030180946061402404,150,1.2195883777237266,0.030689788939937495,150,0.08526839826836875,0.004046990494595683,150,0.163535714285734,0.004115221698764361,150
8,6,4,0.75,6.0,9.0,0.39914785169118,0.000983804364057985,150,0.7062845440587533,0.00048274130744530496,150,1.1885249404409732,0.027158537766033615,150,0.20915991158098668,0.0030830386434086005,150,0.25750677393218,0.0026245636782400066,150,0.3257183739258734,0.004592100327383663,150,4.584422266006933,0.09269248818156954,150,0.0027750740109003997,5.6109254347239065e-05,150,nan,nan,0,24.824463802679333,0.12073773097405462,150,13.929856264721135,0.21904276516701726,150,20.4263601671,0.0,150,7.457627118639997,2.1828723376035e-16,150,0.5382485875705405,0.025618239819492728,150,1.0555690072635202,0.02836360598667612,150,0.07217424242421974,0.0034351730667042035,150,0.14154220779226,0.003803301711855325,150
8,6,4,0.75,7.0,9.0,0.39709049809928,0.0009946478899091995,150,0.7049722516761799,0.00030831840696117935,150,0.8529073861144666,0.022146356072999557,150,0.17555489639692667,0.0031232595190931467,150,0.22522283869166665,0.002683117984331076,150,0.37946672674692006,0.005560548096617056,150,3.748280369359933,0.08915588790250278,150,0.0022689348482804665,5.3968455146784156e-05,150,nan,nan,0,27.87324227806867,0.10396495282458515,150,14.289538813770601,0.20777504386291346,150,23.8307535282,0.0,150,7.457627118639997,2.1828723376035e-16,150,0.4683454398707365,0.02724543773176983,150,0.9384100080707466,0.033993744854210486,150,0.0628008658008571,0.0036533655140348633,150,0.125832251082248,0.004558252150909214,150
8,6,4,0.75,8.0,9.0,0.39349845453741333,0.0009196012519726855,150,0.70366239594986,0.00021219079247583025,150,0.5705388886736266,0.016999719323056373,150,0.15308455511199132,0.003068174238580486,150,0.20347356560875335,0.0028560666567398955,150,0.41860087712384664,0.006275464913216587,150,3.294956066150733,0.09127140931436435,150,0.0019945254637716,5.524903711521427e-05,150,nan,nan,0,30.71847176623133,0.1027079614510738,150,13.988150811539999,0.2284277794758589,150,27.235146889399996,2.9104964501379997e-16,150,7.457627118639997,2.1828723376035e-16,150,0.4546408393864787,0.027607843597404032,150,0.8856658595641934,0.033133208562095826,150,0.06096320346319336,0.0037019608460175705,150,0.11875974025975268,0.004442862057186012,150
8,6,4,0.75,9.0,9.0,0.3948838611260267,0.0008743007220228995,150,0.7034132529913867,0.00015167070011460257,150,0.37130423947864,0.009142981333392223,150,0.13496275811516067,0.0026899164270695703,150,0.18537042517567998,0.0027454746219056953,150,0.4551558958650799,0.006701617689159724,150,2.9166604370677995,0.06892209348446929,150,0.0017655329522199333,4.172039557168527e-05,150,nan,nan,0,33.71523732313,0.09062103976959147,150,13.843177206999401,0.2247423514770044,150,30.639540250599996,2.9104964501379997e-16,150,7.457627118639997,2.1828723376035e-16,150,0.4065617433414047,0.025143659912257615,150,0.7866343825665947,0.031089247421479872,150,0.05451623376622935,0.0033715362155065857,150,0.10548051948049353,0.004168785449699967,150
8,6,4,0.75,10.0,9.0,0.3910436284481533,0.0009738854161434416,150,0.7037201208167,0.00017233472081741588,150,0.26286802848614,0.005897368348033993,150,0.12574489590665933,0.0032424354446498253,150,0.17631630160481332,0.0032683247886890134,150,0.4746662495557534,0.008440026320176987,150,2.8423927726414666,0.08184325212068592,150,0.0017205767388875333,4.954192016990142e-05,150,nan,nan,0,36.865894775844666,0.08901459921417702,150,13.882128110238733,0.23985338396677455,150,34.043933611800014,1.1641985800551999e-15,150,7.457627118639997,2.1828723376035e-16,150,0.408950766747334,0.02985646881404277,150,0.7979661016949438,0.039110312629517655,150,0.05483658008658639,0.004003481045520381,150,0.10699999999998071,0.005244337375320326,150
8,7,4,0.875,1.0,9.0,0.42263722149074,0.0028810367345302674,150,0.9317226281751001,0.00139488034046656,150,8.502902084054801,0.15522507151327467,150,0.5240507784833667,0.016600290750351847,150,0.49141256849043996,0.011333721082814137,150,0.09142413970774513,0.005831714681675782,150,53.21726971956479,6.341446600504055,150,0.016926612506230666,0.0020169995548704523,150,nan,nan,0,15.610049444565735,0.24472947115944593,150,15.1401788177188,0.2538922091896248,150,3.7105103144900013,1.09143616880175e-16,150,8.122137404580002,1.4552482250689998e-16,150,1.2616454622563293,0.04141393639349217,150,2.4697497879555668,0.07369154788601073,150,0.15533416875521505,0.005098896304081324,150,0.3040763366750513,0.009072925538593297,150
8,7,4,0.875,2.0,9.0,0.4224883662359333,0.002137161108137367,150,0.9461202584963466,0.0016974795779301636,150,7.602079063344801,0.08871065319210587,150,0.4991879303490333,0.0124107095157151,150,0.4569986923935799,0.008130532420799468,150,0.10610755988786426,0.0043982595400226445,150,29.43853749018827,2.4460344705018504,150,0.009363402509600998,0.0007780007857829387,150,nan,nan,0,17.204424965757802,0.2298490689109624,150,15.450736955009134,0.2599325848466405,150,7.421020628980003,2.1828723376035e-16,150,8.122137404580002,1.4552482250689998e-16,150,1.0439143341811201,0.02551923370600631,150,2.0306318914333996,0.03509622220930264,150,0.128527046783626,0.0031419357288459517,150,0.2500120091896733,0.004321057433663344,150
8,7,4,0.875,3.0,9.0,0.41643123223143336,0.0016169921220369678,150,0.9599148193860003,0.001608449499185735,150,5.719582475143266,0.045888670545632705,150,0.43723990410446,0.00904164102575551,150,0.40268967408479334,0.0057864957463460084,150,0.14212243623627469,0.004128964983963654,150,16.880911810846,0.868322559086418,150,0.005369246759175333,0.00027618402006555096,150,nan,nan,0,19.501104917562,0.19170552232456678,150,15.917629336957134,0.23866362048400597,150,11.131530943499998,1.4552482250689998e-16,150,8.122137404580002,1.4552482250689998e-16,150,0.8802332485157536,0.02530994372988749,150,1.7200508905850667,0.02664853072313832,150,0.10837458228906134,0.003116167884034882,150,0.2117731829574,0.0032809751172311404,150
8,7,4,0.875,4.0,9.0,0.40958128094724666,0.0010602935158502277,150,0.97045224745554,0.0011478955135704675,150,3.5847699957792005,0.045807514088570644,150,0.38086166796677334,0.005949028168327498,150,0.35600680250172667,0.0037684313802463,150,0.17944229792146535,0.003411827718459713,150,11.0192387872058,0.3264081651579419,150,0.003504846942496133,0.00010381939095356209,150,nan,nan,0,21.154319256725334,0.16156479092991316,150,14.939006441246532,0.23076317982230846,150,14.842041258000002,1.4552482250689998e-16,150,8.122137404580002,1.4552482250689998e-16,150,0.7458100084814987,0.0260055821774834,150,1.50937659033062,0.023964576486525023,150,0.09182435254803027,0.0032018150989232617,150,0.18583489974939266,0.0029505258644082055,150
8,7,4,0.875,5.0,9.0,0.40308718706406665,0.0008339432039136576,150,0.9741987615477066,0.000729288451271685,150,2.2737474610404003,0.03498600779758635,150,0.29526910568753334,0.004760247681787334,150,0.29377283631008666,0.003071442017225465,150,0.2475404551414893,0.003962703328856596,150,6.906263317338468,0.20968446722812675,150,0.0021966486378301336,6.669353283337374e-05,150,nan,nan,0,24.40364512269533,0.15382171072643194,150,15.687380842124469,0.2426408734233822,150,18.5525515725,0.0,150,8.122137404580002,1.4552482250689998e-16,150,0.653532654792064,0.029585907853256672,150,1.2630491942321933,0.02865935497385221,150,0.08046313700921073,0.0036426258729140002,150,0.15550699665835066,0.0035285484037365232,150
8,7,4,0.875,6.0,9.0,0.39992668801812004,0.0006708886344144153,150,0.9718440601085865,0.0005765580406976211,150,1.5038092616584666,0.030540732376822498,150,0.24476190267064665,0.0036635148403123684,150,0.25557926165934003,0.00257071053964818,150,0.29710884395925996,0.004428964153894542,150,5.184876020602067,0.11399021033355464,150,0.0016491335943390334,3.625642822317066e-05,150,nan,nan,0,27.171629578667336,0.1316655494859421,150,15.374991047193665,0.24366078850125947,150,22.263061886999996,2.9104964501379997e-16,150,8.122137404580002,1.4552482250689998e-16,150,0.6172603901610986,0.029281699538013593,150,1.1438083121288734,0.029606772782359,150,0.07599728487886859,0.00360517165364666,150,0.14082602339179465,0.0036451947692579542,150
8,7,4,0.875,7.0,9.0,0.39519803729659997,0.0008237906431682706,150,0.9698732106730998,0.000491755611939952,150,1.0340114324465268,0.029604929903703205,150,0.20562212272703334,0.004104350168426275,150,0.22551442814086664,0.0028874908567893963,150,0.3460813428099133,0.005419974698057379,150,4.2864063632989335,0.1425882547957982,150,0.0013633608025760467,4.5352498344691606e-05,150,nan,nan,0,30.436949688018007,0.13499748229805045,150,15.596841997854202,0.2746003418679908,150,25.9735722014,0.0,150,8.122137404580002,1.4552482250689998e-16,150,0.5405385920272924,0.029461948632726324,150,1.05181933842232,0.033955879183791275,150,0.0665512740183868,0.0036273639763950124,150,0.12950031328320466,0.004180658057404745,150
8,7,4,0.875,8.0,9.0,0.3931411786711267,0.0006677591139493851,150,0.9679009886611932,0.00043311673253947053,150,0.7085916044719867,0.02040663309473873,150,0.16792190335968799,0.0033998817019177396,150,0.1953311177396267,0.002625711261386701,150,0.4045033050815267,0.006204421771785567,150,3.4135590861728,0.08928019959783268,150,0.0010857376228286333,2.8397010050206004e-05,150,nan,nan,0,33.73106150443534,0.10323438408215775,150,15.825311652070267,0.2286113593277005,150,29.684082515900002,2.9104964501379997e-16,150,8.122137404580002,1.4552482250689998e-16,150,0.44882527565731056,0.02731635368173255,150,0.8818447837148794,0.03333899838600783,150,0.05525950292398003,0.0033631976807384197,150,0.10857299498749799,0.004104707508054817,150
8,7,4,0.875,9.0,9.0,0.39192507918794,0.000708676634228322,150,0.9648383817625199,0.00039339793740949657,150,0.46685003457998675,0.009441350274905308,150,0.14107028017077064,0.003034734037064321,150,0.17396144532464,0.0025762567248387887,150,0.44923126438902,0.006521922529103584,150,2.9487799472668,0.08146999412516788,150,0.0009379071079094799,2.5912848004199364e-05,150,nan,nan,0,36.95219433041933,0.09243267402675377,150,15.62231582978713,0.22408815562888101,150,33.39459283040001,5.820992900275999e-16,150,8.122137404580002,1.4552482250689998e-16,150,0.4002162849872654,0.024928050009962677,150,0.8097837150127913,0.03345630612812774,150,0.049274749373428864,0.003069149014383003,150,0.09970081453635868,0.004119150472541328,150
8,7,4,0.875,10.0,9.0,0.39178239718091334,0.0006246275953347949,150,0.9629460365128598,0.00032926013670388124,150,0.31653486291601335,0.0060691878339436175,150,0.13376142020378132,0.0032344356173361994,150,0.16676143069222665,0.0027897526411880557,150,0.46291615957901333,0.007862153510113436,150,2.8631559336977332,0.0740262350989982,150,0.0009106730069014866,2.354524017145776e-05,150,nan,nan,0,40.171579847479336,0.08943619745538936,150,15.156955571145797,0.23779851660854417,150,37.105103144900006,5.820992900275999e-16,150,8.122137404580002,1.4552482250689998e-16,150,0.41852417302797645,0.029351984885951088,150,0.7976759966071534,0.035015602322018155,150,0.05152882205513986,0.0036138252068231833,150,0.098210108604855,0.004311131488896549,150
8,8,4,1.0,1.0,9.0,0.4286243219283934,0.0029624183647683666,150,1.201077334908,0.0011594383018660676,150,10.522813735072999,0.15914947041989,150,0.6430294493348132,0.018504410515141793,150,0.5223019697247466,0.010767387874303114,150,0.06346026578492832,0.003886431291312279,150,90.91217765995188,11.312649612463776,150,0.01660496395615347,0.002066237372138569,150,nan,nan,0,16.642652575847933,0.2545236870287941,150,16.1365770522132,0.2637782806765275,150,3.9842265695800005,3.6381205626724996e-17,150,8.696986301370002,1.4552482250689998e-16,150,1.4120669710807665,0.04116395376238364,150,2.7431013698629596,0.06872547060703324,150,0.162362791218596,0.0047331285040560335,150,0.31540826612904,0.007902216724911934,150
8,8,4,1.0,2.0,9.0,0.43272117701238,0.002813984325759611,150,1.2167825563256,0.0014360367711138012,150,9.361880195370668,0.10401692684334471,150,0.6313107317043599,0.017346135603557845,150,0.4934816396233133,0.009409929857408598,150,0.07902244440996439,0.004163192058413464,150,55.942967339176676,4.957448481041856,150,0.010217893577932067,0.000905470042199618,150,nan,nan,0,18.526117920656,0.23011999910509504,150,16.660757435183264,0.25945591431407317,150,7.968453139150001,7.276241125344999e-17,150,8.696986301370002,1.4552482250689998e-16,150,1.1425217656010198,0.025215195136991064,150,2.3182124809741333,0.03798248421332385,150,0.13136984767023469,0.002899302616239039,150,0.26655353942651333,0.004367315630625095,150
8,8,4,1.0,3.0,9.0,0.42641879283254,0.0017744098379581853,150,1.2356086799680002,0.001495728620096774,150,7.081904903540867,0.05703448951208354,150,0.5805712290413734,0.01086130842532599,150,0.4466285747192133,0.00566276029311064,150,0.09836489517992066,0.002959335809520391,150,29.059684183066867,1.4311542935887005,150,0.0053077048736182,0.00026139804449089993,150,nan,nan,0,20.20534741969867,0.20197183941980884,150,16.1790214523124,0.25523877412658436,150,11.952679708700002,1.4552482250689998e-16,150,8.696986301370002,1.4552482250689998e-16,150,0.9845698630135066,0.02453232611116881,150,1.918407305936067,0.020851731052724573,150,0.11320816532258068,0.0028207847248538447,150,0.2205829973118,0.0023975812229866927,150
8,8,4,1.0,4.0,9.0,0.41160873739953335,0.0011103176129662272,150,1.2463576742497333,0.001272775566473731,150,4.488541599100733,0.05251902730117542,150,0.45386644946414,0.007604123451018498,150,0.36647904381920665,0.004003246649733979,150,0.15254237346192534,0.003223763791645135,150,14.177919181861265,0.4812985726010549,150,0.0025895742797921997,8.790841508699052e-05,150,nan,nan,0,22.854851621625333,0.18863475116808354,150,16.206902862026404,0.27167684461144287,150,15.936906278300002,1.4552482250689998e-16,150,8.696986301370002,1.4552482250689998e-16,150,0.8362934550990266,0.025983905574107503,150,1.5806076103496334,0.020565004412796562,150,0.09615899417562866,0.0029876907555907196,150,0.1817419914874,0.002364612717575962,150
8,8,4,1.0,5.0,9.0,0.40156934588998006,0.0006705756889217168,150,1.2537274747990668,0.0008691988671739131,150,2.8505603459234,0.03900615229868092,150,0.34464040021378667,0.00442551665883355,150,0.2990369095532733,0.002432949540193628,150,0.21657437338702668,0.003101748817533197,150,7.995349756838398,0.15684740453675675,150,0.0014603378551306667,2.8647927769268422e-05,150,nan,nan,0,26.20714934789533,0.15431133629263627,150,16.87147838261253,0.2439103487072822,150,19.9211328479,0.0,150,8.696986301370002,1.4552482250689998e-16,150,0.702996651445942,0.02711700457240938,150,1.3671768645362263,0.024958792103363183,150,0.08083221326164547,0.0031179771512496422,150,0.15720122087812002,0.0028698207906112804,150
8,8,4,1.0,6.0,9.0,0.3977322547539467,0.0006644085920446581,150,1.2557772255566666,0.0005608537409831951,150,1.84033819944826,0.03941569605578842,150,0.2798879032444734,0.004535509024057988,150,0.2572103222389333,0.002595592854596279,150,0.27125203291828864,0.0040366719071524585,150,5.9640605000286,0.23366090065678705,150,0.0010893261187270267,4.267779007432645e-05,150,nan,nan,0,29.233926256104667,0.1395836875162743,150,16.622929789396466,0.2556410281202415,150,23.905359417499998,2.9104964501379997e-16,150,8.696986301370002,1.4552482250689998e-16,150,0.6049363774733588,0.028365137053329555,150,1.2150794520548265,0.031806286421189434,150,0.06955701164871854,0.0032614903680864373,150,0.139712701612914,0.003657161839635081,150
8,8,4,1.0,7.0,9.0,0.39462503407725325,0.0005394633523118668,150,1.2568597543581335,0.0003535161855804694,150,1.1803195142001932,0.03352220238545478,150,0.23202578880776004,0.0038774383099491917,150,0.22583352905210002,0.0024549388276141103,150,0.32041285580631995,0.004611615574330375,150,4.665795613247466,0.12674072924104865,150,0.0008522001120086333,2.3148991642208136e-05,150,nan,nan,0,32.27263651830933,0.13094969515655175,150,15.969569801614737,0.27443568998229423,150,27.889585986999997,2.9104964501379997e-16,150,8.696986301370002,1.4552482250689998e-16,150,0.5605625570776713,0.025192827300075375,150,1.0941442922374467,0.02739096824591186,150,0.06445480510750647,0.0028967307095877247,150,0.12580729166665,0.003149478140675437,150
8,8,4,1.0,8.0,9.0,0.39326893421160664,0.0005598138559663812,150,1.2566990188065998,0.00022639502831142916,150,0.78584250245538,0.02428635878226455,150,0.1942562443491333,0.004580896343946358,150,0.20019596136900664,0.0029614771862129176,150,0.3697606328724067,0.006073677224468686,150,4.0170204285846,0.1773066583812369,150,0.0007337023613852266,3.238477778645759e-05,150,nan,nan,0,35.811036990068,0.11949993862769659,150,16.041071850410194,0.27541563910249894,150,31.873812556600004,2.9104964501379997e-16,150,8.696986301370002,1.4552482250689998e-16,150,0.5097692541858067,0.028754404615698195,150,1.0180480974124133,0.03521682038699363,150,0.058614471326147104,0.0033062492706387426,150,0.11705757168459399,0.004049313080033666,150
8,8,4,1.0,9.0,9.0,0.3905574243900467,0.0005605413914921514,150,1.2559080693401332,0.00018454410262462546,150,0.5133253659742132,0.014060941129005704,150,0.158484139983052,0.00340189794547637,150,0.17430963878613334,0.0025139585888301614,150,0.4243994450547866,0.006616979662009417,150,3.2044525439530003,0.08467812026218652,150,0.0005852881358819734,1.546632333557986e-05,150,nan,nan,0,39.356675552734,0.11282277209274556,150,15.917314015430135,0.2800368243951761,150,35.85803912619999,5.820992900275999e-16,150,8.696986301370002,1.4552482250689998e-16,150,0.42851019786907596,0.02531991534811838,150,0.8485455098933993,0.032958199588762435,150,0.04927111335126111,0.0029113435931416073,150,0.09756776433689038,0.003789611532856288,150
8,8,4,1.0,10.0,9.0,0.38932853834866,0.0005399132454131886,150,1.2554897282115334,0.00016180250458683998,150,0.3637207003570333,0.006969477810401596,150,0.14435089514086002,0.0030537382353084367,150,0.16439187988158668,0.002378812851859139,150,0.44221236607178005,0.006590949933711311,150,3.0237330300281995,0.07509578498497511,150,0.0005522800054845667,1.3716125111407502e-05,150,nan,nan,0,43.05047704361933,0.09870512386672076,150,16.030029855960866,0.2645401638936268,150,39.8422656958,0.0,150,8.696986301370002,1.4552482250689998e-16,150,0.4432998477929494,0.023749596694108744,150,0.8497972602737959,0.030825495219479672,150,0.050971662186373924,0.0027307846501227824,150,0.09771169354836855,0.0035443881537025566,150
8,4,4,0.5,1.0,10.0,0.40251945588450005,0.0021033719790138168,150,0.27120143244522005,0.0014211007302267833,150,2.231783933159734,0.05695567674090925,150,0.19347689359915266,0.005840007656827847,150,0.35506291207423335,0.008314607235766078,150,0.279573151779326,0.010038270627961777,150,5.956147766692467,0.34614779128154866,150,0.018048932626343467,0.001048932700852858,150,nan,nan,0,12.675771346052732,0.18810955786831943,150,12.430694664345335,0.19255777164675753,150,2.429137546509999,7.276241125344999e-17,150,5.81818181818,0.0,150,0.66618181818153,0.02977240084286746,150,1.2970101010101052,0.04952787981437604,150,0.11450000000002532,0.005117131394875552,150,0.2229236111111382,0.0085126043430944,150
8,4,4,0.5,2.0,10.0,0.41046456297070005,0.0024457285313969407,150,0.2762047566314133,0.0014634543186065167,150,2.2687418936348,0.037270529603567616,150,0.204911812692358,0.005420292376058215,150,0.36459153481306666,0.007523115967143799,150,0.2678322589903587,0.008161769427772348,150,6.0826974741664666,0.29610788196795707,150,0.018432416588386402,0.0008972966120242284,150,nan,nan,0,13.059606976863467,0.18695031118287359,150,12.0814138239642,0.20394679417951062,150,4.858275093019998,1.4552482250689998e-16,150,5.81818181818,0.0,150,0.6292525252525,0.022484404756462024,150,1.31599999999986,0.039095705423242255,150,0.108152777777798,0.003864507067514507,150,0.22618749999999802,0.006719574369620198,150
8,4,4,0.5,3.0,10.0,0.41058356083152675,0.0023779706186825636,150,0.27829550240179995,0.0011849141508053279,150,1.868955508082487,0.022476906223514316,150,0.2012902993241733,0.004628729781776803,150,0.35578182736378666,0.0063846457424959445,150,0.27907147497626,0.007112948816081272,150,5.667512201180666,0.23955144723082253,150,0.017174279397517332,0.0007259134764576756,150,nan,nan,0,13.952162586281865,0.17114546597039318,150,11.815726422535732,0.2057787919432897,150,7.287412639530001,7.276241125344999e-17,150,5.81818181818,0.0,150,0.571272727272648,0.027443311680618403,150,1.2032727272727868,0.03075236678593511,150,0.0981874999999876,0.0047168191951087604,150,0.20681249999998733,0.005285563041328365,150
8,4,4,0.5,4.0,10.0,0.4057521157006867,0.0022201229533633897,150,0.27620180558049334,0.0012477058480435726,150,1.34437401363436,0.021896971791362997,150,0.16706128989376665,0.0033865142165020305,150,0.3084153690450133,0.0047945278877151365,150,0.3380025561227867,0.006404636254685853,150,4.2904032856066,0.12366503985791776,150,0.013001222077594467,0.00037474254502386676,150,nan,nan,0,15.945988105814001,0.15047584438833267,150,12.5510310741882,0.19573664182059694,150,9.716550186029998,1.4552482250689998e-16,150,5.81818181818,0.0,150,0.5122828282828821,0.02427810381399794,150,1.0137373737372866,0.028715498913022396,150,0.08804861111109759,0.004172799093030141,150,0.17423611111112933,0.004935476375674026,150
8,4,4,0.5,5.0,10.0,0.40241994245745333,0.0021398035172882244,150,0.27766433386184,0.0008399163920611089,150,0.9398880748999401,0.016957806032056134,150,0.15263766071582532,0.0029974214718088425,150,0.2843450175014667,0.004177075237154925,150,0.37235403179501997,0.0065363083224587925,150,3.723069500979667,0.08671163228518129,150,0.0112820287908484,0.00026276252207648777,150,nan,nan,0,17.396014472007334,0.12273845835884481,150,12.3641950848048,0.17330025082882292,150,12.145687732500003,1.4552482250689998e-16,150,5.81818181818,0.0,150,0.46193939393943073,0.02462126002404984,150,0.9457777777775332,0.030893137679495922,150,0.0793958333333222,0.004231779066631299,150,0.16255555555556736,0.00530975803866622,150
8,4,4,0.5,6.0,10.0,0.4031747357788733,0.0021450112055792733,150,0.2766115787513333,0.0008028879545973614,150,0.6580024623255133,0.013648649713058696,150,0.13977233560251734,0.002814212391517128,150,0.2614261393858934,0.003869110216796625,150,0.4072557741002867,0.0063005467318739215,150,3.3400662069707336,0.10157473619412656,150,0.010121412748394332,0.0003078022308910133,150,nan,nan,0,19.17080999476133,0.1311516926929586,150,12.298469803559135,0.2073316999869889,150,14.574825279099999,1.4552482250689998e-16,150,5.81818181818,0.0,150,0.44210101010104474,0.02517289561526763,150,0.8457373737373853,0.03268680282212567,150,0.07598611111109953,0.004326591433872721,150,0.14536111111109798,0.005618044235053559,150
8,4,4,0.5,7.0,10.0,0.4044255532680533,0.0019180330237818582,150,0.27451872364238,0.0006811669672721496,150,0.50470473681998,0.014565890853712942,150,0.13284697988994335,0.003022339127058798,150,0.24830489852432663,0.004237002167683953,150,0.42379360548201334,0.00777529218941434,150,3.1883288447495337,0.08825013642996139,150,0.009661602559847535,0.00026742465584859683,150,nan,nan,0,20.954230424198666,0.10419624063449588,150,12.098132330243134,0.18677565491238476,150,17.0039628256,0.0,150,5.81818181818,0.0,150,0.47753535353551485,0.02821386538873964,150,0.893858585858688,0.037248128805976624,150,0.08207638888892187,0.004849258113689161,150,0.15363194444443104,0.006402022138528497,150
8,4,4,0.5,8.0,10.0,0.3965951977443867,0.0022559567475568185,150,0.27174564002158663,0.0006463808886274885,150,0.3419028538631733,0.012550419092139557,150,0.11815950846990399,0.002528926044759537,150,0.22710701299376002,0.0037009644850792226,150,0.46011666430405335,0.0073865905959515435,150,2.8020350315670663,0.0662488912269896,150,0.0084910152471718,0.00020075421583949012,150,nan,nan,0,23.02841777833333,0.10688229559280267,150,12.168091515709067,0.20566366805390465,150,19.433100372099997,2.9104964501379997e-16,150,5.81818181818,0.0,150,0.40501010101011425,0.027515337668802077,150,0.73773737373739,0.03197861662966781,150,0.06961111111110518,0.004729198661825573,150,0.1267986111110843,0.005496324733221886,150
8,4,4,0.5,9.0,10.0,0.39582838696924666,0.0020673951313808156,150,0.26893416896985334,0.0005541565777440895,150,0.22528136088269665,0.007599049882377526,150,0.101378837382412,0.0023447876260478734,150,0.20132575814196,0.0035035290337256503,150,0.5098390837728467,0.007891826321234903,150,2.4372047686728666,0.060330369159524444,150,0.0073854689959784,0.00018281930048329395,150,nan,nan,0,25.07478020991333,0.08501347715822498,150,12.131013324624334,0.17765319295323784,150,21.862237918599998,2.9104964501379997e-16,150,5.81818181818,0.0,150,0.30424242424241216,0.026693338729842614,150,0.6275151515153048,0.03388296489488587,150,0.05229166666666547,0.0045879175941936495,150,0.10785416666670201,0.00582363459130603,150
8,4,4,0.5,10.0,10.0,0.39936834586264,0.0020648053541736434,150,0.2660033997449133,0.00045487449816721513,150,0.1544991137198987,0.005025226718622961,150,0.10094692857737067,0.002365150783895117,150,0.20035236192749334,0.003711086809587891,150,0.50638639636762,0.008473775373739986,150,2.4792713505432,0.05696377591588235,150,0.007512943486494601,0.0001726175027754552,150,nan,nan,0,27.289968059811333,0.07496615928811193,150,12.2972311720044,0.16962075844822871,150,24.291375465099996,2.9104964501379997e-16,150,5.81818181818,0.0,150,0.36573737373733534,0.0253650956588162,150,0.7120404040404007,0.03234844467864762,150,0.06286111111115,0.004359625816365808,150,0.12238194444448006,0.0055598889291426975,150
8,5,4,0.625,1.0,10.0,0.40441474409263994,0.001850633566519161,150,0.46002662506950665,0.0016448880735560497,150,4.042082829425933,0.08993750227023045,150,0.2714283536945167,0.008242753528796078,150,0.38420027250703337,0.008822581001686107,150,0.20676878041988667,0.008945980807489972,150,10.140257106454733,0.8224829311734605,150,0.0129340014112978,0.001049085371397052,150,nan,nan,0,14.316904542471999,0.22471714700821357,150,13.982705175299731,0.23039339498982367,150,3.0121083869699996,3.6381205626724996e-17,150,6.693877551020002,1.4552482250689998e-16,150,0.8343197278913226,0.03349312826303765,150,1.5857482993197494,0.05267829146331148,150,0.12463922764228326,0.005003546600271518,150,0.2368953252032592,0.007869622810070406,150
8,5,4,0.625,2.0,10.0,0.4084722178779867,0.001640922014016785,150,0.4668428901565267,0.0016753785268794807,150,3.8532999728263335,0.04878346670597786,150,0.27132910514988395,0.006570884178020888,150,0.37797201653274004,0.007161059953083057,150,0.21372326243073264,0.007111899538650235,150,8.875544221962134,0.45754829248493645,150,0.011320847221891134,0.0005836075159249049,150,nan,nan,0,15.201174799151067,0.20343047950288132,150,13.910845351956802,0.22344344760784274,150,6.024216773939999,7.276241125344999e-17,150,6.693877551020002,1.4552482250689998e-16,150,0.7420578231293801,0.02324055791208048,150,1.4772278911565266,0.03642316759337134,150,0.11085619918696334,0.003471912614908084,150,0.220683434959368,0.005441265890472611,150
8,5,4,0.625,3.0,10.0,0.40585581027173334,0.0016013186823467947,150,0.47140203500893335,0.0014107757252259756,150,3.0328778877213334,0.029802588160966148,150,0.24188871960746666,0.0049441776278017074,150,0.33982817472374666,0.005240384771489844,150,0.25120875017729866,0.005816874078082124,150,6.613414655039666,0.24743789713495934,150,0.008435477876326602,0.0003156095626722575,150,nan,nan,0,17.08192129459666,0.17613515064434723,150,14.42328693211387,0.21249827283041664,150,9.03632516092,0.0,150,6.693877551020002,1.4552482250689998e-16,150,0.6531462585034,0.024758692848246944,150,1.2758163265305333,0.02882911803111373,150,0.09757367886179268,0.0036987071633051475,150,0.190594512195112,0.004306788974159511,150
8,5,4,0.625,4.0,10.0,0.40660995485932,0.0015146264407716484,150,0.4721426843302267,0.0012720649504934694,150,2.07144162370646,0.02999132492695295,150,0.22247480827802002,0.004360828685427866,150,0.31510138020626,0.0045952528986822625,150,0.28333935464695337,0.005644838132218665,150,5.645221317447334,0.17769812470005755,150,0.0072005373947015994,0.00022665577130079085,150,nan,nan,0,18.71034339818933,0.16332411037529496,150,14.208506982342932,0.21682684834891564,150,12.048433547900002,1.4552482250689998e-16,150,6.693877551020002,1.4552482250689998e-16,150,0.618826530612285,0.02582757281082677,150,1.1822108843538666,0.028392221206487194,150,0.09244664634147905,0.0038583874016181667,150,0.176610772357744,0.004241520850969328,150
8,5,4,0.625,5.0,10.0,0.4029571829537733,0.0014456478281792487,150,0.4717864422011333,0.0005317562939474751,150,1.360715753871767,0.020857299073588152,150,0.192636280575834,0.003351923938068759,150,0.28082944903685336,0.0035487108303325246,150,0.3298231785675667,0.005198872391255497,150,4.465788503442867,0.10940808815888901,150,0.0056961588054111325,0.0001395511328555673,150,nan,nan,0,20.576592867520663,0.13821111688429089,150,13.887096146935468,0.21000249090284645,150,15.060541934899996,2.9104964501379997e-16,150,6.693877551020002,1.4552482250689998e-16,150,0.5050170068026597,0.02480658198305418,150,1.0199659863945265,0.029774396319322643,150,0.07544461382114771,0.003705861332835819,150,0.15237296747968268,0.00444800432819224,150
8,5,4,0.625,6.0,10.0,0.40019809915127996,0.0014015612470198878,150,0.47031461679894004,0.00042952914327156497,150,0.9900214767935999,0.017828839395797182,150,0.164018817476398,0.0027565517382156556,150,0.24689100859301333,0.002933828926851257,150,0.37956325915244,0.005121103356746296,150,3.659186837257733,0.08049861282516806,150,0.004667330149563466,0.0001026768020729231,150,nan,nan,0,23.362377022399333,0.1389400777755839,150,14.6532645328076,0.22192199563328147,150,18.0726503218,0.0,150,6.693877551020002,1.4552482250689998e-16,150,0.4607142857141906,0.02398759241766451,150,0.9151190476193934,0.02870512683983451,150,0.068826219512218,0.0035835122819115627,150,0.13670985772359467,0.004288265899851696,150
8,5,4,0.625,7.0,10.0,0.3983079753032867,0.0014341958674126303,150,0.4698631163510866,0.0003038988632532621,150,0.7089833655449334,0.01912091264838457,150,0.152638423703376,0.0029975578341790822,150,0.22939143333219333,0.0032451448524832903,150,0.4102896642300533,0.006359844149865308,150,3.3695116744512665,0.08485617397455705,150,0.004297846523535,0.00010823491578387361,150,nan,nan,0,25.414136484049333,0.1249767189237326,150,13.9788435289608,0.23502784177165528,150,21.084758708800003,2.9104964501379997e-16,150,6.693877551020002,1.4552482250689998e-16,150,0.44267006802708675,0.026477865684516856,150,0.8555612244897153,0.032953018055673335,150,0.06613058943088296,0.003955534812627308,150,0.12781250000003574,0.004922859404660392,150
8,5,4,0.625,8.0,10.0,0.39612974483162,0.0012492685783970483,150,0.46970408987792667,0.0003223073013297528,150,0.5065376308208334,0.01694442633818883,150,0.1372598912838333,0.0028951554375563175,150,0.21218555373682665,0.003375703298785044,150,0.4386421231195067,0.007021225475499229,150,3.1059442344332666,0.08928879048950497,150,0.0039616635643284,0.00011388876337958309,150,nan,nan,0,27.894544977254004,0.11218680699609376,150,13.823477836914865,0.2350694916374875,150,24.096867095800004,2.9104964501379997e-16,150,6.693877551020002,1.4552482250689998e-16,150,0.41215986394549475,0.02675959800500125,150,0.8403231292516326,0.03308586819974948,150,0.06157266260164326,0.003997622872702784,150,0.12553607723580204,0.004942705920086366,150
8,5,4,0.625,9.0,10.0,0.39593359481755336,0.0013960713216782897,150,0.4694911879865733,0.00026731969699820993,150,0.3567232811997267,0.011432825937982758,150,0.11822940035879533,0.002556135267665746,150,0.1909263097060667,0.0031526771548336017,150,0.48042162624704,0.0072954573214903526,150,2.7275532533777995,0.06551427501558173,150,0.003479022006859934,8.356412629542032e-05,150,nan,nan,0,30.590909651401997,0.09694430297142183,150,13.981239065671131,0.21413925169866357,150,27.1089754827,0.0,150,6.693877551020002,1.4552482250689998e-16,150,0.37370748299305473,0.024806292412017875,150,0.7409523809522627,0.03081017547960023,150,0.05582825203253358,0.0037058180737504554,150,0.11069105691057833,0.004602739629574847,150
8,5,4,0.625,10.0,10.0,0.3933854617271666,0.0014546655883828264,150,0.46862167281425343,0.00026609868180628123,150,0.23757621335573334,0.008062558295468376,150,0.11250744918418801,0.0028917211634277807,150,0.18211812121850135,0.0035347633913120303,150,0.49916335464204004,0.008500760932481175,150,2.650072827323,0.0763148119565586,150,0.0033801949328095336,9.734032137314056e-05,150,nan,nan,0,33.202768159352665,0.09481722524828652,150,13.736534304582534,0.2286714016590312,150,30.1210838697,0.0,150,6.693877551020002,1.4552482250689998e-16,150,0.3622959183672205,0.02666604300427945,150,0.7365986394554669,0.0361495397787112,150,0.054123475609759525,0.003983646668325813,150,0.11004065040653982,0.005400388564506379,150
8,6,4,0.75,1.0,10.0,0.40399064810248664,0.0018267647091574225,150,0.6800976206623467,0.001517260355313729,150,5.855710383783666,0.1102197993907031,150,0.34608251465424267,0.010690964104428246,150,0.40078074170172007,0.008902659492502981,150,0.16300714328678836,0.007314579281359628,150,16.11826146175673,1.7505867750764683,150,0.009756816865470065,0.0010596772246230293,150,nan,nan,0,16.21359187839053,0.22912717917131342,150,15.837574108423667,0.2357951586932384,150,3.4043933611799995,3.6381205626724996e-17,150,7.457627118639997,2.1828723376035e-16,150,0.9489346246973512,0.03364690034067797,150,1.8327683615818333,0.056660260780171515,150,0.12724350649350616,0.004511743454774638,150,0.24575757575754797,0.007597625877341351,150
8,6,4,0.75,2.0,10.0,0.4101537235831867,0.0018461253776866013,150,0.69251934709492,0.0019371982634050528,150,5.463915205083134,0.07683918331199802,150,0.35027451488995337,0.009455874894756218,150,0.3942468490304067,0.007646147480905222,150,0.17064559728899134,0.006210295391331674,150,13.5804726673556,0.8623898496477349,150,0.008220625101305466,0.0005220277540240079,150,nan,nan,0,17.352032389195998,0.2081121319923229,150,15.919270450479598,0.22826406456728998,150,6.808786722349999,7.276241125344999e-17,150,7.457627118639997,2.1828723376035e-16,150,0.87069410815182,0.026143333382972343,150,1.7243099273608269,0.03582294360197153,150,0.11675216450217131,0.0035055833399904807,150,0.23121428571426794,0.004803531073898997,150
8,6,4,0.75,3.0,10.0,0.40792547673258667,0.0016248008297849528,150,0.7038922067848267,0.001659115382336202,150,4.310782648959733,0.041119757700936406,150,0.3297734245520067,0.006917406030464233,150,0.3691269103300933,0.005623393338658057,150,0.19138762735701004,0.00489342120137888,150,10.4486082054438,0.4937718144832971,150,0.006324823368911733,0.00029889335017127023,150,nan,nan,0,18.525042763965995,0.20410880255376093,150,15.351437529198465,0.25129100038081525,150,10.213180083499998,1.4552482250689998e-16,150,7.457627118639997,2.1828723376035e-16,150,0.7722760290556668,0.020747371178497787,150,1.5072800645682332,0.02477692810379153,150,0.10355519480525532,0.0027820338625763144,150,0.20211255411255336,0.003322360813912973,150
8,6,4,0.75,4.0,10.0,0.40565670618087335,0.001169915399372277,150,0.7070697721934134,0.0012646243291137649,150,2.8848586155968667,0.03623807757900396,150,0.27298905360337333,0.004704289300022668,150,0.31765270130563333,0.003882196072493201,150,0.24518781967809333,0.004601637962452556,150,6.969057010631999,0.2047247985684716,150,0.004218557512489466,0.0001239254228622693,150,nan,nan,0,20.796920325538,0.16556748222866713,150,15.611450517278866,0.22346684717259313,150,13.617573444699998,1.4552482250689998e-16,150,7.457627118639997,2.1828723376035e-16,150,0.6703228410007867,0.02719627879473379,150,1.2775141242940666,0.025610510619762484,150,0.08988419913421199,0.003646773747477838,150,0.17130303030301064,0.00343413665128487,150
8,6,4,0.75,5.0,10.0,0.40184613290376,0.0010228612506377986,150,0.7099329481457733,0.0007474232313461112,150,1.8689156280852732,0.029215864178546252,150,0.23688221685834668,0.0039729866708457144,150,0.28243975170857333,0.0033004017292404112,150,0.29069959007472,0.004605620733583373,150,5.4822636346344,0.14602309577404549,150,0.003318561522176333,8.839170446384422e-05,150,nan,nan,0,23.118346201018,0.16232131660999946,150,15.470187247465267,0.24996331169460337,150,17.021966805900007,5.820992900275999e-16,150,7.457627118639997,2.1828723376035e-16,150,0.5988700564972611,0.024776837266738076,150,1.1294108151735536,0.02979805130651613,150,0.0803030303030119,0.0033223486334910566,150,0.151443722943758,0.00399564778882827,150
8,6,4,0.75,6.0,10.0,0.3981223351323667,0.0009696292698587371,150,0.7076512750301533,0.0006423251851485696,150,1.2801179803157268,0.024252855500286316,150,0.19503821053640666,0.0032062432994379515,150,0.24499516419515335,0.0027916260427884713,150,0.34578580460034,0.004982763863311489,150,4.261171507433733,0.10167523829090244,150,0.0025794016388821996,6.154675441338862e-05,150,nan,nan,0,25.912881424106,0.14035029775387822,150,15.777290601817734,0.23535448056390962,150,20.4263601671,0.0,150,7.457627118639997,2.1828723376035e-16,150,0.5223486682807306,0.024646679075153728,150,0.9939709443101333,0.030792998718197854,150,0.07004220779219429,0.0033048956032602013,150,0.13328246753247736,0.004129061191759539,150
8,6,4,0.75,7.0,10.0,0.3965377344316,0.000938505588255826,150,0.7055908855111667,0.0004177853750264659,150,0.8684361599990734,0.021978190342669467,150,0.17404909527298665,0.002827687018998828,150,0.22378452781882666,0.0025428319719833143,150,0.3805571629341667,0.005272270733833313,150,3.704804562204333,0.08274731160292637,150,0.0022426177737312,5.0089171672493076e-05,150,nan,nan,0,28.307434240944005,0.13959757477355053,150,15.036211906457465,0.26192352533051844,150,23.8307535282,0.0,150,7.457627118639997,2.1828723376035e-16,150,0.4676351896691121,0.026360600906136688,150,0.9429055690074665,0.03033933721555701,150,0.06270562770563078,0.0035347169396845123,150,0.126435064935074,0.004068229308447908,150
8,6,4,0.75,8.0,10.0,0.39341270279575336,0.0009531592935861435,150,0.7049133497310932,0.0002826282243995447,150,0.6399785575829467,0.018478835783416393,150,0.149707323142798,0.002912529842564101,150,0.20084633521146,0.0027283466618434195,150,0.42258658408871336,0.005926931488088872,150,3.2372201565238665,0.08418940335621038,150,0.001959576365934533,5.096210856914269e-05,150,nan,nan,0,31.49470788479134,0.12270058298868576,150,15.577292517872065,0.2558656316779107,150,27.235146889399996,2.9104964501379997e-16,150,7.457627118639997,2.1828723376035e-16,150,0.4218482647295423,0.02406612251331895,150,0.8757142857141927,0.030033526836566328,150,0.05656601731602028,0.0032270482461072398,150,0.11742532467529868,0.004027222916720359,150
8,6,4,0.75,9.0,10.0,0.39334430572282664,0.0010104235198338369,150,0.7036747568811867,0.0001610685013429765,150,0.44679021156272003,0.014000874528490914,150,0.13254898341503468,0.0030865780804401302,150,0.18236691872097335,0.0029429896447372584,150,0.4617559394819267,0.007197306027332512,150,2.9020947587566,0.08040425821557062,150,0.0017567159556638398,4.8670858483986935e-05,150,nan,nan,0,34.443182951244005,0.10717817523062807,150,15.504075735535398,0.24421697440622633,150,30.639540250599996,2.9104964501379997e-16,150,7.457627118639997,2.1828723376035e-16,150,0.41794188861978115,0.026953387432994393,150,0.8089669087971447,0.03516987351307318,150,0.056042207792204125,0.003614204223971351,150,0.10847510822508265,0.004715960311979561,150
8,6,4,0.75,10.0,10.0,0.3923389702704933,0.000957722028895193,150,0.7033778449482267,0.00015598950979476902,150,0.30938797715486005,0.007716531192913889,150,0.11530030297467268,0.002593255702514543,150,0.16390970766046,0.002650645783145861,150,0.5021734916654933,0.007256867543789222,150,2.5544469852556,0.060318273542798326,150,0.0015462754148036068,3.651227212032103e-05,150,nan,nan,0,37.58767930725867,0.08826077520224895,150,15.749232667182866,0.21623059774852058,150,34.043933611800014,1.1641985800551999e-15,150,7.457627118639997,2.1828723376035e-16,150,0.3329055690072235,0.023995256865784884,150,0.6818482647294793,0.032382965612364686,150,0.04463961038961065,0.0032175458070033977,150,0.09142965367966334,0.004342261298023898,150
8,7,4,0.875,1.0,10.0,0.41414815821200673,0.0020612219902972763,150,0.9289532912661065,0.0014128113511764307,150,7.946279324179335,0.14207085196592087,150,0.4730565928782933,0.01392519735038028,150,0.4533512730148267,0.009703245944949512,150,0.106454692298257,0.005852639218683632,150,32.7462163515704,3.1984470784750947,150,0.010415463216148066,0.001017317773051954,150,nan,nan,0,17.294943035655738,0.26251542339403544,150,16.873873946143533,0.2703190216033169,150,3.7105103144900013,1.09143616880175e-16,150,8.122137404580002,1.4552482250689998e-16,150,1.1777777777776293,0.03517234481059083,150,2.3124809160305473,0.06311811631857248,150,0.14500835421887998,0.0043304296712301715,150,0.28471334586463665,0.0077711214640328406,150
8,7,4,0.875,2.0,10.0,0.4163378361248533,0.0019346012980272303,150,0.9393332537444532,0.0016856306180290219,150,7.1726487946988,0.09541113890863058,150,0.45230005031336,0.011660416329212196,150,0.42488757891387335,0.007827555029037125,150,0.1281629396070933,0.005485690219462059,150,22.511563332383602,1.5075781081429316,150,0.0071601664543211995,0.00047950957638133993,150,nan,nan,0,18.53293582226867,0.2533423530407759,150,16.92148973205147,0.2793150550097027,150,7.421020628980003,2.1828723376035e-16,150,8.122137404580002,1.4552482250689998e-16,150,0.9733460559796266,0.022269682731001307,150,1.9105428329090401,0.03637604700560033,150,0.11983865914790134,0.0027418500354906023,150,0.2352266081871573,0.004478629847493931,150
8,7,4,0.875,3.0,10.0,0.4156229888444333,0.0015993797233977128,150,0.9588654914246199,0.0017183408881514023,150,5.6479177808382,0.047522992337529116,150,0.43766492887292,0.009572097648508698,150,0.4013467426654133,0.006113685262751457,150,0.14405576336091533,0.004709367309469785,150,16.783696204435735,0.8230599852022401,150,0.005338325764768667,0.00026178752709972143,150,nan,nan,0,19.923966580512,0.21352269553188222,150,16.413376312269932,0.26480004450711,150,11.131530943499998,1.4552482250689998e-16,150,8.122137404580002,1.4552482250689998e-16,150,0.8830449533501932,0.026921688608585605,150,1.7306743002548068,0.02653541925851707,150,0.10872076023389066,0.0033146063982376563,150,0.21308114035088,0.0032670487996896646,150
8,7,4,0.875,4.0,10.0,0.4068997305897867,0.0010940882459411873,150,0.96720035952738,0.001141076112521949,150,3.8294520978607336,0.04544045646709339,150,0.34515751335764666,0.006060433217859889,150,0.3330684535532733,0.003978519573956472,150,0.20286237033231,0.004069069819206774,150,9.3857066267926,0.31182841258966726,150,0.002985275644654467,9.918206507315384e-05,150,nan,nan,0,22.444680317034667,0.19120534920385993,150,16.692083254174868,0.26291098623062453,150,14.842041258000002,1.4552482250689998e-16,150,8.122137404580002,1.4552482250689998e-16,150,0.72270992366431,0.02511323713339393,150,1.40776929601346,0.026209106644889322,150,0.08898026315791066,0.0030919493087148637,150,0.17332497911446865,0.003226873092555427,150
8,7,4,0.875,5.0,10.0,0.4015097492481333,0.0008274044343640976,150,0.9720460341335532,0.0009800002762826738,150,2.3422737104217335,0.03637685468252542,150,0.28508342783977336,0.004647221287380882,150,0.2873300519129733,0.0030799898071494896,150,0.25584759160017334,0.0042041533132376645,150,6.542827376922333,0.16638166365180299,150,0.0020810519646696003,5.292037647953708e-05,150,nan,nan,0,25.003651199369333,0.180929649429584,150,16.56189536019033,0.2786186045979927,150,18.5525515725,0.0,150,8.122137404580002,1.4552482250689998e-16,150,0.6004919423241316,0.025514322480359786,150,1.2130916030533467,0.026921579713682496,150,0.07393274853800226,0.0031413310572584122,150,0.149356203007562,0.003314592991067312,150
8,7,4,0.875,6.0,10.0,0.39609808166259997,0.0006691950642584124,150,0.97345893996804,0.0007068327076544635,150,1.5685386337434266,0.02866529787030813,150,0.22836168325585995,0.0031156908762240386,150,0.24516708843980667,0.00219358095839553,150,0.31279125269060665,0.0038513312400042157,150,4.790760221099333,0.090181007692424,150,0.0015237786962784136,2.8683526619690556e-05,150,nan,nan,0,28.20342197224867,0.16420067842659675,150,17.100346445015933,0.2764170977754651,150,22.263061886999996,2.9104964501379997e-16,150,8.122137404580002,1.4552482250689998e-16,150,0.567430025445254,0.023858104811232152,150,1.1099745547075266,0.025776832447744178,150,0.06986215538847013,0.002937417039727295,150,0.136660401002494,0.003173651363394668,150
8,7,4,0.875,7.0,10.0,0.3940844185674,0.0007064458375995007,150,0.9720232099061468,0.0005710431689508277,150,1.1568101859551267,0.029583207774468736,150,0.18906364849988666,0.0032028366236492188,150,0.21290617087010666,0.002388687599134153,150,0.36937134870116,0.005022017239738123,150,3.831327763811333,0.08417248856491845,150,0.0012186157009577599,2.6772420027027835e-05,150,nan,nan,0,31.40453417048067,0.1432756398908639,150,17.435246278015867,0.26784197516067726,150,25.9735722014,0.0,150,8.122137404580002,1.4552482250689998e-16,150,0.48887616624252594,0.02416980160071346,150,0.943337574215493,0.027660987911756987,150,0.06019058061820134,0.0029757932421915273,150,0.116144005847964,0.0034056291507903306,150
8,7,4,0.875,8.0,10.0,0.39198185686846665,0.0007156682615571964,150,0.9692744254302268,0.0005164895986984625,150,0.8115244655206332,0.02445839412945402,150,0.16370160413949533,0.0031128345593178157,150,0.19119629659862,0.002352487586475855,150,0.4096059240871333,0.005900879980000411,150,3.321486358053134,0.07445678551007687,150,0.0010564524039606467,2.36821836864004e-05,150,nan,nan,0,34.432144235504666,0.13899746873353214,150,17.1861875775594,0.28309747108013633,150,29.684082515900002,2.9104964501379997e-16,150,8.122137404580002,1.4552482250689998e-16,150,0.48866412213735827,0.027992454566792124,150,0.9053901611535399,0.03215143952139637,150,0.06016447368424672,0.003446439425051412,150,0.11147190893904467,0.003958494903480292,150
8,7,4,0.875,9.0,10.0,0.3911411172088,0.000649183342462681,150,0.9672003807253399,0.0004431649711150432,150,0.54094347861678,0.016912643539205057,150,0.1390527862292993,0.0028494617120281705,150,0.17164468184317333,0.0024058822691669325,150,0.45360142561946,0.006436658514857317,150,2.8908188936346666,0.06561968516342195,150,0.0009194716582808201,2.0871401133415252e-05,150,nan,nan,0,37.610173059183325,0.11682642437595923,150,17.058069218741334,0.2639678565164443,150,33.39459283040001,5.820992900275999e-16,150,8.122137404580002,1.4552482250689998e-16,150,0.38493214588640295,0.023006507701633986,150,0.8079686174725192,0.030443353998875673,150,0.0473929615705908,0.0028325681474731727,150,0.099477339181336,0.003748194900238549,150
8,7,4,0.875,10.0,10.0,0.3916305398681134,0.0006491500147364329,150,0.96523509841322,0.0003434536900119752,150,0.3808139327966934,0.009812853454036267,150,0.11815425066017933,0.0027771305267262065,150,0.15207990876574803,0.002534392028408524,150,0.5026043894081866,0.007561557668841333,150,2.5307935207890666,0.060140457796115585,150,0.00080495977124332,1.9128644337221264e-05,150,nan,nan,0,41.180896997779335,0.1065257814943306,150,17.625703064700065,0.2603946823430882,150,37.105103144900006,5.820992900275999e-16,150,8.122137404580002,1.4552482250689998e-16,150,0.3374173027990217,0.02341106464968746,150,0.701212892281548,0.032302420684028735,150,0.04154291979950606,0.0028823773205908414,150,0.08633354218879594,0.0039770837496304135,150
8,8,4,1.0,1.0,10.0,0.4146046348508666,0.00237563430982727,150,1.1977290285535336,0.0010946908821939474,150,9.4520654624358,0.1794835659413108,150,0.5327032981343334,0.017636724023011453,150,0.4541129510853667,0.010395088073843022,150,0.0966104306223676,0.005575348451795363,150,49.80707134126233,7.070360246482143,150,0.009097181980132915,0.001291389999355185,150,nan,nan,0,18.7808602051038,0.26293187348911884,150,18.33636355007993,0.27078388308821427,150,3.9842265695800005,3.6381205626724996e-17,150,8.696986301370002,1.4552482250689998e-16,150,1.1919391171995521,0.0411783505456879,150,2.3441071537288796,0.06987151503946157,150,0.13705197132616542,0.004734783880155758,150,0.269530969982072,0.008033991617122309,150
8,8,4,1.0,2.0,10.0,0.4203525607221533,0.0025343986315842573,150,1.2123289667822668,0.00164295115977961,150,8.804857209432866,0.12484209725777227,150,0.5469527526616,0.016621653230087744,150,0.44521190910953995,0.0091238722710669,150,0.10372244795617067,0.004936092613596674,150,37.9388967217964,3.49179991559178,150,0.006929478853296439,0.0006377716740810567,150,nan,nan,0,20.479667322161998,0.26588379716446875,150,18.807176813210866,0.29245619597248795,150,7.968453139150001,7.276241125344999e-17,150,8.696986301370002,1.4552482250689998e-16,150,1.0916821917805533,0.025040612178630607,150,2.1167001522069997,0.03725079505848429,150,0.12552419354837865,0.002879228655871337,150,0.24338317652328,0.0042831842856465305,150
8,8,4,1.0,3.0,10.0,0.41781402655613337,0.001754575880692303,150,1.2299642292873334,0.0015609336455091572,150,6.985926728602934,0.05555159900769768,150,0.5152000414181934,0.012308689565302263,150,0.41090986866889334,0.006553425798629177,150,0.12348814801157665,0.0043827172677250335,150,23.02499485967813,1.259072502471105,150,0.004205478513183253,0.0002299675803602083,150,nan,nan,0,21.889985536723337,0.242342531289624,150,18.2228461109488,0.29519132305054485,150,11.952679708700002,1.4552482250689998e-16,150,8.696986301370002,1.4552482250689998e-16,150,0.9565248097414069,0.025297089424037442,150,1.8316809741245668,0.02552681813256454,150,0.10998347894264536,0.0029087190145444305,150,0.2106109991039533,0.002935133763352324,150
8,8,4,1.0,4.0,10.0,0.40818768042907333,0.0010355494875738253,150,1.2473894936574668,0.0011725331407183527,150,4.7092396104009335,0.0479193218156491,150,0.4197683068662733,0.006996234686409831,150,0.3482238573373466,0.0037546842439315073,150,0.16854930349317798,0.0033530897978514902,150,12.258754184391467,0.3686151739230264,150,0.0022390418601626666,6.732697240600932e-05,150,nan,nan,0,23.956911804173334,0.19293255786655567,150,17.748883476470066,0.265107292688824,150,15.936906278300002,1.4552482250689998e-16,150,8.696986301370002,1.4552482250689998e-16,150,0.7696608828007533,0.02567806722510191,150,1.5575403348555001,0.022190826903059742,150,0.08849742383512602,0.002952524740787647,150,0.17908966173833998,0.0025515536226139108,150
8,8,4,1.0,5.0,10.0,0.4002580742176667,0.0006965594066841406,150,1.2519351325434669,0.0010265961659114205,150,3.0133590075712666,0.04790376072870175,150,0.32941744457319333,0.005080406504789858,150,0.29059503061400005,0.0028590923709419206,150,0.22752368808280665,0.003637620007824959,150,7.675896457052333,0.1872951193511087,150,0.00140199022046638,3.4209154219389345e-05,150,nan,nan,0,27.246393772582664,0.20183235671894195,150,18.3877997291506,0.3007035321281242,150,19.9211328479,0.0,150,8.696986301370002,1.4552482250689998e-16,150,0.7150782343987013,0.025514030691743014,150,1.3481741248098065,0.026317127601320177,150,0.0822213821684418,0.002933663433242865,150,0.15501624103943465,0.0030260054103032033,150
8,8,4,1.0,6.0,10.0,0.3968426194496133,0.0005568714702486602,150,1.2556136869467331,0.000628291777037051,150,1.8608062034795663,0.037024521010845204,150,0.27090463109618007,0.004188309963559717,150,0.2522605109313267,0.0024374657046736486,150,0.2794756966394533,0.004045749616388198,150,5.6254512682083995,0.13781746504536402,150,0.0010274796836911733,2.517213973432171e-05,150,nan,nan,0,29.752937168506662,0.16467408254373828,150,17.492099268193535,0.2818686439336204,150,23.905359417499998,2.9104964501379997e-16,150,8.696986301370002,1.4552482250689998e-16,150,0.58740943683403,0.02837358954223039,150,1.1693028919330732,0.031570450299292896,150,0.06754172267023639,0.0032624622552020846,150,0.13444920474911531,0.003630044846029471,150
8,8,4,1.0,7.0,10.0,0.39279367239230667,0.0004924705492465514,150,1.2571104197633334,0.00047250858659911527,150,1.3729109430320534,0.035693080137530725,150,0.2174651277339667,0.0037738311653865288,150,0.21646360068024667,0.0022689031448656465,150,0.33650418602640664,0.004640956567494529,150,4.345449200363066,0.11124339991669117,150,0.0007936893516644267,2.0318429208505327e-05,150,nan,nan,0,33.39835957023733,0.14697516779491263,150,18.153404542094602,0.2753152223622518,150,27.889585986999997,2.9104964501379997e-16,150,8.696986301370002,1.4552482250689998e-16,150,0.5605966514459866,0.02851104727257807,150,1.06716834094362,0.03160146825641069,150,0.06445872535842319,0.003278267469282402,150,0.12270553315412534,0.0036336113639093867,150
8,8,4,1.0,8.0,10.0,0.39137792987566,0.0004866916022003198,150,1.257190978377867,0.0002592740723341178,150,0.9124730290733,0.027009566261465112,150,0.17887345057026666,0.003199955304911215,150,0.18968415465746669,0.002264974115762569,150,0.3904619126432533,0.0053185941857768135,150,3.5681391952796004,0.11222202716741209,150,0.0006517149215121933,2.049717391181267e-05,150,nan,nan,0,36.68386356995467,0.1350803243084565,150,17.8844187741966,0.2911703074443932,150,31.873812556600004,2.9104964501379997e-16,150,8.696986301370002,1.4552482250689998e-16,150,0.4573223744293301,0.024971583636832044,150,0.9071196347034726,0.031670590958546796,150,0.05258400537635327,0.0028712915913057763,150,0.10430275537632894,0.0036415592552472126,150
8,8,4,1.0,9.0,10.0,0.3921485670852733,0.0004671419352961997,150,1.2567102154129333,0.00024992070293729956,150,0.61173855250878,0.01919261869480207,150,0.15137531778740132,0.002749794702455324,150,0.169663633107,0.0020489452887561214,150,0.4326916995784733,0.005574647591100857,150,3.0524444684868,0.06302239082548013,150,0.0005575241038332068,1.1510938963547819e-05,150,nan,nan,0,40.161529667488004,0.12414269739638548,150,17.8221667762632,0.28160811750160053,150,35.85803912619999,5.820992900275999e-16,150,8.696986301370002,1.4552482250689998e-16,150,0.409431963470332,0.0220198285735091,150,0.8306118721461008,0.027409906159085194,150,0.04707745295698242,0.0025318918313149376,150,0.09550571236559147,0.003151655666604144,150
8,8,4,1.0,10.0,10.0,0.38979661595356,0.0005816950722410789,150,1.2562765697275333,0.00020057589078042702,150,0.43165601732945336,0.012353083638704191,150,0.13392577288188134,0.003062450808567832,150,0.15473571203612002,0.002367756066572143,150,0.4698603830649334,0.006702423746340526,150,2.7885266052546,0.07286083740446686,150,0.00050931992790036,1.3307915507657933e-05,150,nan,nan,0,43.88785576326866,0.12666447164207556,150,18.059543042207068,0.31708818031563973,150,39.8422656958,0.0,150,8.696986301370002,1.4552482250689998e-16,150,0.37856925418577425,0.023276122504455366,150,0.7552438356165413,0.030373350216802958,150,0.04352878584228858,0.002676343470929092,150,0.08683971774190243,0.00349239945473744,150
